REGION,MAKE,MODEL,MAKE_CODE,MODEL_CODE
US,Chevrolet,C/K,00,00
US,Chevrolet,Silverado 1500,00,01
US,Chevrolet,Malibu,00,02
US,Chevrolet,Bel Air,00,03
US,Chevrolet,Cavalier,00,04
US,Chevrolet,Impala,00,05
US,Chevrolet,Camaro,00,06
US,Chevrolet,Chevelle,00,07
US,Chevrolet,Blazer,00,08
US,Chevrolet,Nova,00,09
US,Chevrolet,Equinox,00,10
US,Chevrolet,Monte Carlo,00,11
US,Chevrolet,S10,00,12
US,Chevrolet,Suburban,00,13
US,Chevrolet,Tahoe,00,14
US,Chevrolet,S-10 Blazer,00,15
US,Chevrolet,Silverado 2500HD/3500HD,00,16
US,Chevrolet,Chevy Van,00,17
US,Chevrolet,Caprice,00,18
US,Chevrolet,Lumina,00,19
US,Chevrolet,Traverse,00,20
US,Chevrolet,Trailblazer,00,21
US,Chevrolet,Astro,00,22
US,Chevrolet,Corvette,00,23
US,Chevrolet,Colorado,00,24
US,Chevrolet,Cruze,00,25
US,Chevrolet,Corsica,00,26
US,Chevrolet,Trax,00,27
US,Chevrolet,Cobalt,00,28
US,Chevrolet,El Camino,00,29
US,Chevrolet,K5 Blazer,00,30
US,Chevrolet,Beretta,00,31
US,Chevrolet,Venture,00,32
US,Chevrolet,Avalanche,00,33
US,Chevrolet,HHR,00,34
US,Chevrolet,Sonic,00,35
US,Chevrolet,Lumina APV,00,36
US,Chevrolet,Aveo,00,37
US,Chevrolet,Express,00,38
US,Chevrolet,Silverado 1500HD,00,39
US,Chevrolet,Spark,00,40
US,Chevrolet,Tracker,00,41
US,Chevrolet,Prizm,00,42
US,Chevrolet,Uplander,00,43
US,Chevrolet,Bolt,00,44
US,Chevrolet,Volt,00,45
US,Chevrolet,Captiva,00,46
US,Chevrolet,Equinox EV,00,47
US,Chevrolet,Metro,00,48
US,Chevrolet,Blazer EV,00,49
US,Chevrolet,Bolt EUV,00,50
US,Chevrolet,City Express,00,51
US,Chevrolet,SSR,00,52
US,Chevrolet,Silverado EV,00,53
US,Chevrolet,SS,00,54
US,Ford,F-150,01,00
US,Ford,F-250/F-350 Super Duty,01,01
US,Ford,F-350 Super Duty,01,02
US,Ford,Mustang,01,03
US,Ford,Explorer,01,04
US,Ford,F-100,01,05
US,Ford,Taurus,01,06
US,Ford,Escape,01,07
US,Ford,Ranger,01,08
US,Ford,Escort,01,09
US,Ford,Thunderbird,01,10
US,Ford,Focus,01,11
US,Ford,Fusion,01,12
US,Ford,Expedition,01,13
US,Ford,Edge,01,14
US,Ford,Crown Victoria,01,15
US,Ford,Bronco,01,16
US,Ford,Bronco Sport,01,17
US,Ford,Maverick,01,18
US,Ford,Fiesta,01,19
US,Ford,Flex,01,20
US,Ford,EcoSport,01,21
US,Ford,Mustang Mach-E,01,22
US,Ford,Five Hundred,01,23
US,Ford,Excursion,01,24
US,Ford,Freestyle,01,25
US,Ford,C-MAX,01,26
US,Ford,GT,01,27
US,Toyota,Camry,02,00
US,Toyota,Corolla,02,01
US,Toyota,RAV4,02,02
US,Toyota,Tacoma,02,03
US,Toyota,Highlander,02,04
US,Toyota,4Runner,02,05
US,Toyota,Tundra,02,06
US,Toyota,Sienna,02,07
US,Toyota,Prius,02,08
US,Toyota,Avalon,02,09
US,Toyota,Tercel,02,10
US,Toyota,Celica,02,11
US,Toyota,Sequoia,02,12
US,Toyota,Yaris,02,13
US,Toyota,Solara,02,14
US,Toyota,Matrix,02,15
US,Toyota,Venza,02,16
US,Toyota,Corolla Cross,02,17
US,Toyota,Grand Highlander,02,18
US,Toyota,Land Cruiser,02,19
US,Toyota,Supra,02,20
US,Toyota,Prius C,02,21
US,Toyota,C-HR,02,22
US,Toyota,Prius Prime,02,23
US,Toyota,Echo,02,24
US,Toyota,FJ Cruiser,02,25
US,Toyota,Prius V,02,26
US,Toyota,MR2,02,27
US,Toyota,86,02,28
US,Toyota,Crown,02,29
US,Toyota,Yaris iA,02,30
US,Toyota,bZ4X,02,31
US,Toyota,Prius Plug-in Hybrid,02,32
US,Toyota,Crown Signia,02,33
US,Toyota,Corolla iM,02,34
US,Toyota,bZ,02,35
US,Toyota,Corolla GR,02,36
US,Toyota,MIRAI,02,37
US,Honda,Accord,03,00
US,Honda,Civic,03,01
US,Honda,CR-V,03,02
US,Honda,Odyssey,03,03
US,Honda,Pilot,03,04
US,Honda,HR-V,03,05
US,Honda,Prelude,03,06
US,Honda,Fit,03,07
US,Honda,Ridgeline,03,08
US,Honda,Passport,03,09
US,Honda,Element,03,10
US,Honda,Insight,03,11
US,Honda,Crosstour,03,12
US,Honda,Prologue,03,13
US,Honda,S2000,03,14
US,Honda,Clarity,03,15
US,Honda,Clarity Plug In,03,16
US,Honda,CR-Z,03,17
US,Nissan,Altima,04,00
US,Nissan,Sentra,04,01
US,Nissan,Rogue,04,02
US,Nissan,Maxima,04,03
US,Nissan,Pathfinder,04,04
US,Nissan,Frontier,04,05
US,Nissan,Versa,04,06
US,Nissan,Murano,04,07
US,Nissan,Xterra,04,08
US,Nissan,Kicks,04,09
US,Nissan,Armada,04,10
US,Nissan,Rogue Sport,04,11
US,Nissan,300ZX,04,12
US,Nissan,Versa Note,04,13
US,Nissan,240SX,04,14
US,Nissan,Juke,04,15
US,Nissan,Leaf,04,16
US,Nissan,350Z,04,17
US,Nissan,370Z,04,18
US,Nissan,Cube,04,19
US,Nissan,Ariya,04,20
US,Nissan,Z,04,21
US,Nissan,GT-R,04,22
US,Buick,LeSabre,05,00
US,Buick,Century,05,01
US,Buick,Regal,05,02
US,Buick,Skylark,05,03
US,Buick,Riviera,05,04
US,Buick,Roadmaster,05,05
US,Buick,Enclave,05,06
US,Buick,Park Avenue,05,07
US,Buick,LaCrosse,05,08
US,Buick,Encore,05,09
US,Buick,Envision,05,10
US,Buick,Encore GX,05,11
US,Buick,Rendezvous,05,12
US,Buick,Lucerne,05,13
US,Buick,Verano,05,14
US,Buick,Envista,05,15
US,Buick,Rainier,05,16
US,Buick,Reatta,05,17
US,Buick,Cascada,05,18
US,Dodge,Caravan,06,00
US,Dodge,Charger,06,01
US,Dodge,Dakota,06,02
US,Dodge,Durango,06,03
US,Dodge,Neon,06,04
US,Dodge,Intrepid,06,05
US,Dodge,Stratus,06,06
US,Dodge,Challenger,06,07
US,Dodge,Journey,06,08
US,Dodge,Avenger,06,09
US,Dodge,Daytona,06,10
US,Dodge,Ramcharger,06,11
US,Dodge,Caliber,06,12
US,Dodge,Dart,06,13
US,Dodge,Nitro,06,14
US,Dodge,Magnum,06,15
US,Dodge,Stealth,06,16
US,Dodge,Hornet,06,17
US,Dodge,Viper,06,18
US,Jeep,Grand Cherokee,07,00
US,Jeep,Wrangler,07,01
US,Jeep,Cherokee,07,02
US,Jeep,Compass,07,03
US,Jeep,Liberty,07,04
US,Jeep,Wagoneer,07,05
US,Jeep,Patriot,07,06
US,Jeep,Renegade,07,07
US,Jeep,Gladiator,07,08
US,Jeep,Grand Wagoneer,07,09
US,Jeep,Commander,07,10
US,Jeep,Wagoneer S,07,11
US,Oldsmobile,Cutlass,08,00
US,Oldsmobile,88,08,01
US,Oldsmobile,Alero,08,02
US,Oldsmobile,Achieva,08,03
US,Oldsmobile,Intrigue,08,04
US,Oldsmobile,Bravada,08,05
US,Oldsmobile,Aurora,08,06
US,Oldsmobile,Custom Cruiser,08,07
US,Pontiac,Grand Prix,09,00
US,Pontiac,Bonneville,09,01
US,Pontiac,Grand Am,09,02
US,Pontiac,Firebird,09,03
US,Pontiac,LeMans,09,04
US,Pontiac,Sunfire,09,05
US,Pontiac,G6,09,06
US,Pontiac,GTO,09,07
US,Pontiac,Vibe,09,08
US,Pontiac,Astre,09,09
US,Pontiac,Aztec,09,10
US,Pontiac,Torrent,09,11
US,Pontiac,G5,09,12
US,Pontiac,Solstice,09,13
US,Pontiac,G8,09,14
US,Pontiac,Grand Safari,09,15
US,Pontiac,G3,09,16
US,Ram,1500,10,00
US,Ram,2500/3500,10,01
US,Ram,1500 Classic,10,02
US,Hyundai,Elantra,11,00
US,Hyundai,Sonata,11,01
US,Hyundai,Santa Fe,11,02
US,Hyundai,Tucson,11,03
US,Hyundai,Accent,11,04
US,Hyundai,Palisade,11,05
US,Hyundai,Kona,11,06
US,Hyundai,Genesis,11,07
US,Hyundai,Veloster,11,08
US,Hyundai,Tiburon,11,09
US,Hyundai,Venue,11,10
US,Hyundai,IONIQ 5,11,11
US,Hyundai,Elantra GT,11,12
US,Hyundai,Santa Cruz,11,13
US,Hyundai,Azera,11,14
US,Hyundai,Ioniq,11,15
US,Hyundai,XG,11,16
US,Hyundai,Elantra Tour,11,17
US,Hyundai,Veracruz,11,18
US,Hyundai,IONIQ 6,11,19
US,Hyundai,Equus,11,20
US,Hyundai,Ioniq 9,11,21
US,Hyundai,Nexo,11,22
US,Volkswagen,Passat,12,00
US,Volkswagen,Jetta,12,01
US,Volkswagen,Rabbit,12,02
US,Volkswagen,Tiguan,12,03
US,Volkswagen,Golf,12,04
US,Volkswagen,Atlas,12,05
US,Volkswagen,Beetle,12,06
US,Volkswagen,Taos,12,07
US,Volkswagen,Atlas Cross,12,08
US,Volkswagen,Passat CC,12,09
US,Volkswagen,Touareg,12,10
US,Volkswagen,ID.4,12,11
US,Volkswagen,Eos,12,12
US,Volkswagen,Dasher,12,13
US,Volkswagen,Arteon,12,14
US,Volkswagen,Phaeton,12,15
US,GMC,Sierra 1500,13,00
US,GMC,Yukon,13,01
US,GMC,Sierra 2500HD/3500HD,13,02
US,GMC,Acadia,13,03
US,GMC,Terrain,13,04
US,GMC,Jimmy,13,05
US,GMC,Yukon XL,13,06
US,GMC,Envoy,13,07
US,GMC,Canyon,13,08
US,GMC,Hummer SUV,13,09
US,GMC,Sierra EV,13,10
US,Cadillac,DeVille,14,00
US,Cadillac,Eldorado,14,01
US,Cadillac,Escalade,14,02
US,Cadillac,Seville,14,03
US,Cadillac,CTS,14,04
US,Cadillac,SRX,14,05
US,Cadillac,XT5,14,06
US,Cadillac,DTS,14,07
US,Cadillac,XT4,14,08
US,Cadillac,ATS,14,09
US,Cadillac,DTS-L,14,10
US,Cadillac,XT6,14,11
US,Cadillac,STS,14,12
US,Cadillac,CT5,14,13
US,Cadillac,Catera,14,14
US,Cadillac,XTS,14,15
US,Cadillac,Escalade EXT,14,16
US,Cadillac,Lyriq,14,17
US,Cadillac,CT4,14,18
US,Cadillac,CT6,14,19
US,Cadillac,Optiq,14,20
US,Cadillac,XLR,14,21
US,Cadillac,Vistiq,14,22
US,Cadillac,ELR,14,23
US,Subaru,Outback,15,00
US,Subaru,Forester,15,01
US,Subaru,Legacy,15,02
US,Subaru,Crosstrek,15,03
US,Subaru,Impreza,15,04
US,Subaru,WRX,15,05
US,Subaru,Ascent,15,06
US,Subaru,Outback Sport,15,07
US,Subaru,Tribeca,15,08
US,Subaru,BRZ,15,09
US,Subaru,Solterra,15,10
US,Kia,Sportage,16,00
US,Kia,Sorento,16,01
US,Kia,Optima,16,02
US,Kia,Soul,16,03
US,Kia,Forte,16,04
US,Kia,Carnival,16,05
US,Kia,Telluride,16,06
US,Kia,Rio,16,07
US,Kia,Spectra,16,08
US,Kia,K5,16,09
US,Kia,Sephia,16,10
US,Kia,NIRO,16,11
US,Kia,SELTOS,16,12
US,Kia,EV6,16,13
US,Kia,Rondo,16,14
US,Kia,Stinger,16,15
US,Kia,Amanti,16,16
US,Kia,EV9,16,17
US,Kia,Cadenza,16,18
US,Kia,Borrego,16,19
US,Kia,K900,16,20
US,Mercury,Cougar,17,00
US,Mercury,Grand Marquis,17,01
US,Mercury,Monterey,17,02
US,Mercury,Sable,17,03
US,Mercury,Marquis,17,04
US,Mercury,Tracer,17,05
US,Mercury,Mountaineer,17,06
US,Mercury,Mariner,17,07
US,Mercury,Milan,17,08
US,Mercury,Marauder,17,09
US,Chrysler,Town & Country,18,00
US,Chrysler,Pacifica,18,01
US,Chrysler,300 series,18,02
US,Chrysler,Sebring,18,03
US,Chrysler,300,18,04
US,Chrysler,PT Cruiser,18,05
US,Chrysler,200 Series,18,06
US,Chrysler,200,18,07
US,Chrysler,Concorde,18,08
US,Chrysler,Voyager,18,09
US,Chrysler,Cirrus,18,10
US,Chrysler,300M,18,11
US,Chrysler,LHS,18,12
US,Chrysler,Aspen,18,13
US,Chrysler,Crossfire,18,14
US,BMW,3 Series,19,00
US,BMW,5 Series,19,01
US,BMW,X5,19,02
US,BMW,X3,19,03
US,BMW,7 Series,19,04
US,BMW,4 Series,19,05
US,BMW,X1,19,06
US,BMW,2 Series,19,07
US,BMW,X7,19,08
US,BMW,6 Series,19,09
US,BMW,Z3,19,10
US,BMW,X6,19,11
US,BMW,Z4,19,12
US,BMW,i4,19,13
US,BMW,X4,19,14
US,BMW,X2,19,15
US,BMW,1 Series,19,16
US,BMW,8 Series,19,17
US,BMW,i3,19,18
US,BMW,iX,19,19
US,BMW,i5,19,20
US,BMW,i7,19,21
US,BMW,XM,19,22
US,BMW,i8,19,23
US,Plymouth,Valiant,20,00
US,Plymouth,Fury,20,01
US,Plymouth,Neon,20,02
US,Plymouth,Acclaim,20,03
US,Plymouth,Barracuda,20,04
US,Plymouth,Breeze,20,05
US,Plymouth,Road Runner,20,06
US,Plymouth,Sundance,20,07
US,Plymouth,Laser,20,08
US,Mazda,CX-5,21,00
US,Mazda,3,21,01
US,Mazda,Protege,21,02
US,Mazda,6,21,03
US,Mazda,RX-7,21,04
US,Mazda,Miata,21,05
US,Mazda,MX-5,21,06
US,Mazda,CX-9,21,07
US,Mazda,CX-30,21,08
US,Mazda,CX-50,21,09
US,Mazda,Tribute,21,10
US,Mazda,MX-6,21,11
US,Mazda,CX-7,21,12
US,Mazda,5,21,13
US,Mazda,CX-90,21,14
US,Mazda,Millenia,21,15
US,Mazda,Speed3,21,16
US,Mazda,2,21,17
US,Mazda,CX-3,21,18
US,Mazda,CX-70,21,19
US,Mazda,RX-8,21,20
US,Mazda,MX-30,21,21
US,Lexus,RX,22,00
US,Lexus,ES,22,01
US,Lexus,IS,22,02
US,Lexus,NX,22,03
US,Lexus,LS,22,04
US,Lexus,GX,22,05
US,Lexus,GS,22,06
US,Lexus,LX,22,07
US,Lexus,SC,22,08
US,Lexus,TX,22,09
US,Lexus,UX,22,10
US,Lexus,CT,22,11
US,Lexus,RC,22,12
US,Lexus,RZ,22,13
US,Lexus,HS,22,14
US,Lexus,LC,22,15
US,Lexus,LFA,22,16
US,Mercedes-Benz,C-Class,23,00
US,Mercedes-Benz,E-Class,23,01
US,Mercedes-Benz,M-Class,23,02
US,Mercedes-Benz,ML-Class,23,03
US,Mercedes-Benz,S-Class,23,04
US,Mercedes-Benz,GLE-Class,23,05
US,Mercedes-Benz,GLC-Class,23,06
US,Mercedes-Benz,SL-Class,23,07
US,Mercedes-Benz,GL-Class,23,08
US,Mercedes-Benz,GLA-Class,23,09
US,Mercedes-Benz,GLS-Class,23,10
US,Mercedes-Benz,CLK-Class,23,11
US,Mercedes-Benz,CLA-Class,23,12
US,Mercedes-Benz,190,23,13
US,Mercedes-Benz,GLK-Class,23,14
US,Mercedes-Benz,SLK-Class,23,15
US,Mercedes-Benz,GLB-Class,23,16
US,Mercedes-Benz,G-Class,23,17
US,Mercedes-Benz,CLS-Class,23,18
US,Mercedes-Benz,A-Class,23,19
US,Mercedes-Benz,CL-Class,23,20
US,Mercedes-Benz,EQB,23,21
US,Mercedes-Benz,SLC-Class,23,22
US,Mercedes-Benz,B-Class,23,23
US,Lincoln,Town Car,24,00
US,Lincoln,Continental,24,01
US,Lincoln,Navigator,24,02
US,Lincoln,MKZ,24,03
US,Lincoln,MKX,24,04
US,Lincoln,Aviator,24,05
US,Lincoln,LS,24,06
US,Lincoln,Nautilus,24,07
US,Lincoln,Mark VII,24,08
US,Lincoln,Corsair,24,09
US,Lincoln,MKC,24,10
US,Lincoln,Mark VIII,24,11
US,Lincoln,MKS,24,12
US,Lincoln,MKT,24,13
US,Lincoln,Zephyr,24,14
US,Acura,MDX,25,00
US,Acura,TL,25,01
US,Acura,Integra,25,02
US,Acura,RDX,25,03
US,Acura,Legend,25,04
US,Acura,TSX,25,05
US,Acura,TLX,25,06
US,Acura,ILX,25,07
US,Acura,CL,25,08
US,Acura,RSX,25,09
US,Acura,RL,25,10
US,Acura,ADX,25,11
US,Acura,ZDX,25,12
US,Acura,RLX,25,13
US,Acura,NSX,25,14
US,Acura,SLX,25,15
US,Audi,A4/S4,26,00
US,Audi,Q5/SQ5,26,01
US,Audi,A6/S6,26,02
US,Audi,A4,26,03
US,Audi,A5/S5,26,04
US,Audi,Q3,26,05
US,Audi,A5/S5/RS5,26,06
US,Audi,Q7,26,07
US,Audi,A6,26,08
US,Audi,A4 allroad quattro,26,09
US,Audi,A8/S8,26,10
US,Audi,Q7/SQ7,26,11
US,Audi,Q5,26,12
US,Audi,A3/S3/RS3,26,13
US,Audi,A6 allroad quattro,26,14
US,Audi,A4/S4/RS4,26,15
US,Audi,TT/TTS/TT RS,26,16
US,Audi,Q8/SQ8/RS Q8,26,17
US,Audi,A6/S6/RS6,26,18
US,Audi,A3/S3,26,19
US,Audi,A7/S7/RS7,26,20
US,Audi,A3,26,21
US,Audi,e-tron/S e-tron,26,22
US,Audi,Q4 e-tron,26,23
US,Audi,Q6/SQ6 e-tron,26,24
US,Audi,Q8,26,25
US,Audi,R8/R8 GT,26,26
US,Audi,A3 e-tron,26,27
US,Audi,Q8 e-tron/SQ8 e-tron,26,28
US,Audi,e-tron GT/RS e-tron GT,26,29
US,Audi,RS6,26,30
US,Audi,e-tron GT/S e-tron GT/RS e-tron GT,26,31
US,Audi,Cabriolet,26,32
US,Audi,A6 e-tron/S6 e-tron,26,33
US,Audi,90,26,34
US,Audi,RS7,26,35
US,Mitsubishi,Galant,27,00
US,Mitsubishi,Eclipse,27,01
US,Mitsubishi,Outlander,27,02
US,Mitsubishi,Lancer,27,03
US,Mitsubishi,Outlander Sport,27,04
US,Mitsubishi,Montero Sport,27,05
US,Mitsubishi,Montero,27,06
US,Mitsubishi,Diamante,27,07
US,Mitsubishi,Mirage,27,08
US,Mitsubishi,Eclipse Cross,27,09
US,Mitsubishi,Endeavor,27,10
US,Mitsubishi,3000GT,27,11
US,Mitsubishi,i-MiEV,27,12
US,Saturn,S-Series,28,00
US,Saturn,Vue,28,01
US,Saturn,Ion,28,02
US,Saturn,L-Series,28,03
US,Saturn,Aura,28,04
US,Saturn,Outlook,28,05
US,Saturn,Sky,28,06
US,Saturn,Astra,28,07
US,Tesla,Model Y,29,00
US,Tesla,Model 3,29,01
US,Tesla,Model S,29,02
US,Tesla,Model X,29,03
US,Tesla,Model Y L,29,04
US,Infiniti,G,30,00
US,Infiniti,QX60,30,01
US,Infiniti,Q50,30,02
US,Infiniti,I,30,03
US,Infiniti,FX,30,04
US,Infiniti,QX80,30,05
US,Infiniti,QX50,30,06
US,Infiniti,M,30,07
US,Infiniti,Q45,30,08
US,Infiniti,QX4,30,09
US,Infiniti,QX56,30,10
US,Infiniti,Q60,30,11
US,Infiniti,EX,30,12
US,Infiniti,Q70,30,13
US,Infiniti,JX,30,14
US,Infiniti,QX30,30,15
US,Infiniti,QX70,30,16
US,Infiniti,QX55,30,17
US,Infiniti,Q40,30,18
US,Infiniti,Q70L,30,19
US,Volvo,XC90,31,00
US,Volvo,XC60,31,01
US,Volvo,S60,31,02
US,Volvo,S40,31,03
US,Volvo,S80,31,04
US,Volvo,V70,31,05
US,Volvo,XC70,31,06
US,Volvo,XC40,31,07
US,Volvo,S70,31,08
US,Volvo,C70,31,09
US,Volvo,V60,31,10
US,Volvo,S90,31,11
US,Volvo,C30,31,12
US,Volvo,V50,31,13
US,Volvo,V40,31,14
US,Volvo,V90,31,15
US,Volvo,EX40,31,16
US,Volvo,EX90,31,17
US,Volvo,EX30,31,18
US,Volvo,C40,31,19
US,Volvo,C40 Recharge,31,20
US,Volvo,EC40,31,21
US,MINI,Cooper,32,00
US,MINI,Hatchback,32,01
US,MINI,Hardtop,32,02
US,MINI,Countryman,32,03
US,MINI,Convertible,32,04
US,MINI,Clubman,32,05
US,MINI,Paceman,32,06
US,MINI,Cooper SE,32,07
US,MINI,Roadster,32,08
US,MINI,Coupe,32,09
US,Land Rover,Range Rover,33,00
US,Land Rover,Range Rover Sport,33,01
US,Land Rover,Discovery,33,02
US,Land Rover,Range Rover Evoque,33,03
US,Land Rover,Evoque,33,04
US,Land Rover,Defender,33,05
US,Land Rover,Discovery Sport,33,06
US,Land Rover,Range Rover Velar,33,07
US,Land Rover,LR3,33,08
US,Land Rover,LR4,33,09
US,Land Rover,Freelander,33,10
US,Land Rover,LR2,33,11
US,Porsche,911,34,00
US,Porsche,Cayenne,34,01
US,Porsche,Macan,34,02
US,Porsche,Boxster,34,03
US,Porsche,Panamera,34,04
US,Porsche,Cayman,34,05
US,Porsche,Taycan,34,06
US,Porsche,912,34,07
US,Scion,tC,35,00
US,Scion,xB,35,01
US,Scion,xD,35,02
US,Scion,XA,35,03
US,Scion,FR-S,35,04
US,Scion,iQ,35,05
US,Scion,iA,35,06
US,Scion,iM,35,07
US,Suzuki,Sidekick,36,00
US,Suzuki,Grand Vitara,36,01
US,Suzuki,Forenza,36,02
US,Suzuki,XL7,36,03
US,Suzuki,SX4,36,04
US,Suzuki,Aerio,36,05
US,Jaguar,XJ,37,00
US,Jaguar,S-Type,37,01
US,Jaguar,X-Type,37,02
US,Jaguar,F-Pace,37,03
US,Jaguar,XF,37,04
US,Jaguar,XK,37,05
US,Jaguar,XJS,37,06
US,Jaguar,F-Type,37,07
US,Jaguar,E-Pace,37,08
US,Jaguar,XE,37,09
US,Jaguar,I-Pace,37,10
US,Saab,900,38,00
US,Saab,9-3,38,01
US,Saab,9-5,38,02
US,Genesis,GV70,39,00
US,Genesis,GV80,39,01
US,Genesis,G70,39,02
US,Genesis,G80,39,03
US,Genesis,G90,39,04
US,Genesis,EQ900,39,05
US,Genesis,GV60,39,06
US,Rivian,R1S,40,00
US,Rivian,R1T,40,01
US,FIAT,500,41,00
US,FIAT,500X,41,01
US,FIAT,500L,41,02
US,FIAT,124 Spider,41,03
US,Alfa Romeo,Stelvio,42,00
US,Alfa Romeo,GIULIA,42,01
US,Alfa Romeo,Tonale,42,02
US,Alfa Romeo,4C,42,03
US,Maserati,Ghibli,43,00
US,Maserati,Quattroporte,43,01
US,Maserati,Levante,43,02
US,Maserati,Grecale,43,03
US,Maserati,GranTurismo,43,04
US,Maserati,MC20,43,05
US,Lucid Motors,Air,44,00
US,Lucid Motors,Gravity,44,01
US,Polestar,2,45,00
US,Polestar,3,45,01
US,Polestar,4,45,02
US,Polestar,1,45,03
US,Ineos Automotive,Grenadier,46,00
US,VinFast,VF8,47,00
US,Karma Automotive,Revero,48,00
US,Karma Automotive,GS-6,48,01
US,MG,1100,49,00
US,MG,MGA,49,01
US,MG,MGB,49,02
US,MG,MGB GT,49,03
US,MG,MGC,49,04
US,MG,MGC GT,49,05
US,MG,Magnette,49,06
US,MG,Midget,49,07
US,MG,TD Midget,49,08
US,MG,TF Midget,49,09
US,MG,TC Midget,49,10
EU,Abarth,124,000,000
EU,Abarth,500,000,001
EU,Abarth,500c / 595c 695c,000,002
EU,Abarth,500e,000,003
EU,Abarth,600e,000,004
EU,Abarth,Grande punto,000,005
EU,Abarth,Punto,000,006
EU,Abarth,Ritmo,000,007
EU,AC,428,001,000
EU,AC,Ace,001,001
EU,AC,Aceca,001,002
EU,AC,Cobra iv,001,003
EU,Addax,Mt,002,000
EU,Addax,Mtn,002,001
EU,Addax,Mtx,002,002
EU,Aeolus,Yixuan,003,000
EU,Aion,Hyptec ht,004,000
EU,Aion,V,004,001
EU,Aiways,U5,005,000
EU,Aiways,U6,005,001
EU,Aixam,500,006,000
EU,Aixam,A.721,006,001
EU,Aixam,A.741,006,002
EU,Aixam,A.751,006,003
EU,Aixam,City,006,004
EU,Aixam,Coupe,006,005
EU,Aixam,Crossline,006,006
EU,Aixam,Crossover,006,007
EU,Aixam,D-Truck,006,008
EU,Aixam,Mega,006,009
EU,Aixam,Minauto,006,010
EU,Aixam,Roadline,006,011
EU,Aixam,Scouty,006,012
EU,Alfa Romeo,145,007,000
EU,Alfa Romeo,146,007,001
EU,Alfa Romeo,147,007,002
EU,Alfa Romeo,155,007,003
EU,Alfa Romeo,156,007,004
EU,Alfa Romeo,159,007,005
EU,Alfa Romeo,164,007,006
EU,Alfa Romeo,166,007,007
EU,Alfa Romeo,1750-2000,007,008
EU,Alfa Romeo,1900,007,009
EU,Alfa Romeo,2600 berlina,007,010
EU,Alfa Romeo,2600 spider,007,011
EU,Alfa Romeo,2600 sprint,007,012
EU,Alfa Romeo,33,007,013
EU,Alfa Romeo,4c,007,014
EU,Alfa Romeo,6,007,015
EU,Alfa Romeo,75,007,016
EU,Alfa Romeo,8c,007,017
EU,Alfa Romeo,90,007,018
EU,Alfa Romeo,Alfasud,007,019
EU,Alfa Romeo,Alfetta,007,020
EU,Alfa Romeo,Arna,007,021
EU,Alfa Romeo,Berlina,007,022
EU,Alfa Romeo,Brera,007,023
EU,Alfa Romeo,Giulia,007,024
EU,Alfa Romeo,Giulietta,007,025
EU,Alfa Romeo,Gt,007,026
EU,Alfa Romeo,Gta,007,027
EU,Alfa Romeo,Gtv,007,028
EU,Alfa Romeo,Junior,007,029
EU,Alfa Romeo,Matta,007,030
EU,Alfa Romeo,Mito,007,031
EU,Alfa Romeo,Montreal,007,032
EU,Alfa Romeo,Rz,007,033
EU,Alfa Romeo,Spider,007,034
EU,Alfa Romeo,Stelvio,007,035
EU,Alfa Romeo,Sz,007,036
EU,Alfa Romeo,Tonale,007,037
EU,Alpina,B10,008,000
EU,Alpina,B11,008,001
EU,Alpina,B12,008,002
EU,Alpina,B3,008,003
EU,Alpina,B4,008,004
EU,Alpina,B4 gran,008,005
EU,Alpina,B5,008,006
EU,Alpina,B6,008,007
EU,Alpina,B7,008,008
EU,Alpina,B8,008,009
EU,Alpina,B9,008,010
EU,Alpina,C1,008,011
EU,Alpina,C2,008,012
EU,Alpina,D10,008,013
EU,Alpina,D3,008,014
EU,Alpina,D4,008,015
EU,Alpina,D4 gran,008,016
EU,Alpina,D5,008,017
EU,Alpina,Rle roadster,008,018
EU,Alpina,Roadster,008,019
EU,Alpina,Xb7,008,020
EU,Alpina,Xd3,008,021
EU,Alpina,Xd4,008,022
EU,Alpine,1300,009,000
EU,Alpine,1600,009,001
EU,Alpine,A110 i,009,002
EU,Alpine,A110 ii,009,003
EU,Alpine,A290,009,004
EU,Alpine,A310,009,005
EU,Alpine,A390,009,006
EU,Alpine,A610,009,007
EU,Alpine,Berlinette,009,008
EU,Alpine,V6,009,009
EU,AMC,Eagle,010,000
EU,AMC,Hornet,010,001
EU,AMC,Matador,010,002
EU,Apollo,Apollo n,011,000
EU,Apollo,Arrow,011,001
EU,Apollo,Ie,011,002
EU,ARO,10,012,000
EU,ARO,240-244,012,001
EU,ARO,Spartana pick up,012,002
EU,Artega,Gt,013,000
EU,Asia Motors,Hi-Topic,014,000
EU,Asia Motors,Rocsta,014,001
EU,Aston Martin,Cygnet,015,000
EU,Aston Martin,Db11 vantage,015,001
EU,Aston Martin,Db11 volante,015,002
EU,Aston Martin,Db12,015,003
EU,Aston Martin,Db12 volante,015,004
EU,Aston Martin,Db6 vantage,015,005
EU,Aston Martin,Db6 volante,015,006
EU,Aston Martin,Db7 vantage,015,007
EU,Aston Martin,Db7 volante,015,008
EU,Aston Martin,Db9 vantage,015,009
EU,Aston Martin,Db9 volante,015,010
EU,Aston Martin,Dbs,015,011
EU,Aston Martin,Dbs vantage,015,012
EU,Aston Martin,Dbs volante,015,013
EU,Aston Martin,Dbx,015,014
EU,Aston Martin,Lagonda i,015,015
EU,Aston Martin,Lagonda i shooting brake,015,016
EU,Aston Martin,One-77,015,017
EU,Aston Martin,Rapide,015,018
EU,Aston Martin,Tickford capri,015,019
EU,Aston Martin,V12 speedster,015,020
EU,Aston Martin,V8,015,021
EU,Aston Martin,Valhalla,015,022
EU,Aston Martin,Valiant,015,023
EU,Aston Martin,Valkyrie,015,024
EU,Aston Martin,Valour,015,025
EU,Aston Martin,Vanquish,015,026
EU,Aston Martin,Vantage,015,027
EU,Aston Martin,Virage limited edition vantage,015,028
EU,Aston Martin,Virage saloon,015,029
EU,Aston Martin,Virage shooting brake,015,030
EU,Aston Martin,Virage vantage,015,031
EU,Aston Martin,Virage volante,015,032
EU,Aston Martin,Zagato vantage,015,033
EU,Aston Martin,Zagato volante,015,034
EU,Audi,100,016,000
EU,Audi,200 c2,016,001
EU,Audi,200 c3,016,002
EU,Audi,200 c3 avant,016,003
EU,Audi,50,016,004
EU,Audi,60,016,005
EU,Audi,72,016,006
EU,Audi,75,016,007
EU,Audi,80,016,008
EU,Audi,90,016,009
EU,Audi,A1,016,010
EU,Audi,A2,016,011
EU,Audi,A3,016,012
EU,Audi,A4 allroad b8,016,013
EU,Audi,A4 allroad b9,016,014
EU,Audi,A4 b5,016,015
EU,Audi,A4 b5 avant,016,016
EU,Audi,A4 b6,016,017
EU,Audi,A4 b6 avant,016,018
EU,Audi,A4 b7,016,019
EU,Audi,A4 b7 avant,016,020
EU,Audi,A4 b8,016,021
EU,Audi,A4 b8 avant,016,022
EU,Audi,A4 b9,016,023
EU,Audi,A4 b9 avant,016,024
EU,Audi,A5,016,025
EU,Audi,A6 allroad c6,016,026
EU,Audi,A6 allroad c7,016,027
EU,Audi,A6 allroad c8,016,028
EU,Audi,A6 c4,016,029
EU,Audi,A6 c4 avant,016,030
EU,Audi,A6 c5,016,031
EU,Audi,A6 c5 avant,016,032
EU,Audi,A6 c6,016,033
EU,Audi,A6 c6 avant,016,034
EU,Audi,A6 c7,016,035
EU,Audi,A6 c7 avant,016,036
EU,Audi,A6 c8,016,037
EU,Audi,A6 c8 avant,016,038
EU,Audi,A6 c9,016,039
EU,Audi,A6 c9 avant,016,040
EU,Audi,A6 e-Tron avant,016,041
EU,Audi,A6 e-Tron sportback,016,042
EU,Audi,A7 sportback,016,043
EU,Audi,A8 d2,016,044
EU,Audi,A8 d3,016,045
EU,Audi,A8 d4,016,046
EU,Audi,A8 d5,016,047
EU,Audi,Allroad c5,016,048
EU,Audi,b2,016,049
EU,Audi,b3,016,050
EU,Audi,E-Tron,016,051
EU,Audi,Q2,016,052
EU,Audi,Q3,016,053
EU,Audi,Q4 e-Tron,016,054
EU,Audi,Q4 e-Tron sportback,016,055
EU,Audi,Q5,016,056
EU,Audi,Q6 e-Tron,016,057
EU,Audi,Q6 e-Tron sportback,016,058
EU,Audi,Q7,016,059
EU,Audi,Q8,016,060
EU,Audi,Quattro,016,061
EU,Audi,R8,016,062
EU,Audi,Super 90,016,063
EU,Audi,Tt,016,064
EU,Audi,V8,016,065
EU,Austin,1000-Series mk ii,017,000
EU,Austin,Allegro i,017,001
EU,Austin,Ambassador i fastback,017,002
EU,Austin,Apache,017,003
EU,Austin,Maestro,017,004
EU,Austin,Maxi i fastback,017,005
EU,Austin,Maxi ii fastback,017,006
EU,Austin,Metro,017,007
EU,Austin,Mini,017,008
EU,Austin,Montego,017,009
EU,Austin,Princess,017,010
EU,Austin-healey,100,018,000
EU,Austin-healey,3000 mk.i,018,001
EU,Austin-healey,3000 mk.iii,018,002
EU,Austin-healey,Sprite mk.iii,018,003
EU,Austin-healey,Sprite mk.iv,018,004
EU,Auto Union,Au 1000,019,000
EU,Auto Union,Dkw f10,019,001
EU,Auto Union,Dkw f102,019,002
EU,Auto Union,Dkw f11,019,003
EU,Auto Union,Dkw f12,019,004
EU,Auto Union,Dkw meisterklasse f,019,005
EU,Auto Union,Dkw meisterklasse universal,019,006
EU,Auto Union,Dkw sonderklasse,019,007
EU,Auto Union,Dkw sonderklasse f,019,008
EU,Auto Union,Dkw sonderklasse f universal,019,009
EU,Auto Union,Dkw sonderklasse universal,019,010
EU,Auto Union,Munga,019,011
EU,Autobianchi,A 111,020,000
EU,Autobianchi,A 112,020,001
EU,Autobianchi,Bianchina,020,002
EU,Autobianchi,Bianchina berlina,020,003
EU,Autobianchi,Primula,020,004
EU,Autobianchi,Primula berlina,020,005
EU,Autobianchi,Y10,020,006
EU,B-on,Giga,021,000
EU,B-on,Max,021,001
EU,BAC,Mono,022,000
EU,Baic,Beijing x55,023,000
EU,Baic,Bj30,023,001
EU,Baic,Bj60,023,002
EU,Baic,Senova x25,023,003
EU,Baic,Senova x35,023,004
EU,Baic,Senova x55,023,005
EU,Baic,Senova x65,023,006
EU,Baic,X35,023,007
EU,Baic,X75,023,008
EU,Barkas,B 1000,024,000
EU,BAW,Bj 212,025,000
EU,BAW,Pony,025,001
EU,Bedford,Blitz,026,000
EU,Beijing,X3,027,000
EU,Beijing,X7,027,001
EU,Bentley,Arnage,028,000
EU,Bentley,Azure,028,001
EU,Bentley,Bentayga,028,002
EU,Bentley,Brooklands,028,003
EU,Bentley,Continental,028,004
EU,Bentley,Flying spur,028,005
EU,Bentley,Mulsanne,028,006
EU,Bentley,T1 series,028,007
EU,Bentley,Turbo r,028,008
EU,Bertone,Freeclimber,029,000
EU,Bestune,B70,030,000
EU,Bestune,Joyee 07,030,001
EU,Bestune,T77,030,002
EU,Bestune,T90,030,003
EU,Bitter,Type 3,031,000
EU,Bizzarrini,Gt,032,000
EU,BMC,Megastar,033,000
EU,BMW,1,034,000
EU,BMW,1500-2000,034,001
EU,BMW,1502-2002,034,002
EU,BMW,1600,034,003
EU,BMW,2,034,004
EU,BMW,2.5-3.2,034,005
EU,BMW,2000,034,006
EU,BMW,2500-3.3,034,007
EU,BMW,3,034,008
EU,BMW,315,034,009
EU,BMW,315 roadster,034,010
EU,BMW,319,034,011
EU,BMW,319 roadster,034,012
EU,BMW,320,034,013
EU,BMW,321,034,014
EU,BMW,326,034,015
EU,BMW,340,034,016
EU,BMW,4,034,017
EU,BMW,5,034,018
EU,BMW,501,034,019
EU,BMW,502,034,020
EU,BMW,503,034,021
EU,BMW,507,034,022
EU,BMW,6,034,023
EU,BMW,600,034,024
EU,BMW,7,034,025
EU,BMW,700,034,026
EU,BMW,8,034,027
EU,BMW,Glas,034,028
EU,BMW,I3,034,029
EU,BMW,I8,034,030
EU,BMW,Isetta,034,031
EU,BMW,Ix,034,032
EU,BMW,Ix3,034,033
EU,BMW,M1,034,034
EU,BMW,V8,034,035
EU,BMW,X1,034,036
EU,BMW,X2,034,037
EU,BMW,X3,034,038
EU,BMW,X4,034,039
EU,BMW,X5,034,040
EU,BMW,X6,034,041
EU,BMW,X7,034,042
EU,BMW,Xm,034,043
EU,BMW,Z1 roadster,034,044
EU,BMW,Z3,034,045
EU,BMW,Z3 roadster,034,046
EU,BMW,Z4,034,047
EU,BMW,Z4 roadster,034,048
EU,BMW,Z8 roadster,034,049
EU,Borgward,Bx7,035,000
EU,Borgward,Isabella,035,001
EU,Brilliance,Bs4,036,000
EU,Brilliance,Bs6,036,001
EU,Bristol,411,037,000
EU,Bugatti,Chiron,038,000
EU,Bugatti,Divo,038,001
EU,Bugatti,Eb 110,038,002
EU,Bugatti,Mistral,038,003
EU,Bugatti,Veyron eb 16.4,038,004
EU,Bugatti,Veyron grand sport eb 16.4,038,005
EU,Buick,Century,039,000
EU,Buick,Electra,039,001
EU,Buick,Enclave,039,002
EU,Buick,Lesabre,039,003
EU,Buick,Park avenue,039,004
EU,Buick,Regal,039,005
EU,Buick,Roadmaster,039,006
EU,Buick,Skylark,039,007
EU,BYD,Atto 2,040,000
EU,BYD,Atto 3,040,001
EU,BYD,Atto 3/atto 3 evo,040,002
EU,BYD,Dolphin,040,003
EU,BYD,Etp3,040,004
EU,BYD,Han,040,005
EU,BYD,Seal,040,006
EU,BYD,Sealion 7,040,007
EU,BYD,Song pro,040,008
EU,BYD,Tang,040,009
EU,Cadillac,Allante,041,000
EU,Cadillac,Ats,041,001
EU,Cadillac,Bls,041,002
EU,Cadillac,Ct6,041,003
EU,Cadillac,Cts,041,004
EU,Cadillac,Deville,041,005
EU,Cadillac,Eldorado,041,006
EU,Cadillac,Escalade,041,007
EU,Cadillac,Fleetwood,041,008
EU,Cadillac,Lyriq,041,009
EU,Cadillac,Optiq,041,010
EU,Cadillac,Seville,041,011
EU,Cadillac,Srx,041,012
EU,Cadillac,Sts,041,013
EU,Cadillac,Vistiq,041,014
EU,Cadillac,Xlr,041,015
EU,Cadillac,Xt4,041,016
EU,Cadillac,Xt5,041,017
EU,Callaway,C12,042,000
EU,Casalini,M12,043,000
EU,Casalini,M20,043,001
EU,Caterham,Aeroseven,044,000
EU,Caterham,Seven,044,001
EU,Cenntro,Logistar 100,045,000
EU,Cenntro,Logistar 200,045,001
EU,Cenntro,Logistar 260,045,002
EU,Cenntro,Logistar 400,045,003
EU,Cenntro,Metro,045,004
EU,Cenntro,Neibor 200,045,005
EU,Cenntro,Orv,045,006
EU,Changan,X5,046,000
EU,Chatenet,Ch40,047,000
EU,Chatenet,Ch46,047,001
EU,Chery,Omoda 5,048,000
EU,Chery,Tiggo 4,048,001
EU,Chery,Tiggo 7,048,002
EU,Chery,Tiggo 8,048,003
EU,Chery,Tiggo 8 plus,048,004
EU,Chery,Tiggo 9,048,005
EU,Chevrolet,Alero,049,000
EU,Chevrolet,Astro,049,001
EU,Chevrolet,Astro extended cargo van,049,002
EU,Chevrolet,Astro standard cargo van,049,003
EU,Chevrolet,Avalanche,049,004
EU,Chevrolet,Aveo,049,005
EU,Chevrolet,Aveo / kalos,049,006
EU,Chevrolet,Bel air,049,007
EU,Chevrolet,Beretta,049,008
EU,Chevrolet,Blazer s10,049,009
EU,Chevrolet,C1500,049,010
EU,Chevrolet,C1500 extended cab pickup,049,011
EU,Chevrolet,C1500 standard cab pickup,049,012
EU,Chevrolet,C2500,049,013
EU,Chevrolet,Camaro,049,014
EU,Chevrolet,Caprice,049,015
EU,Chevrolet,Captiva,049,016
EU,Chevrolet,Cavalier,049,017
EU,Chevrolet,Cavalier convertible,049,018
EU,Chevrolet,Celebrity,049,019
EU,Chevrolet,Chevelle,049,020
EU,Chevrolet,Cheyenne crew cab pickup,049,021
EU,Chevrolet,Cheyenne standard cab pickup,049,022
EU,Chevrolet,Colorado,049,023
EU,Chevrolet,Corsa,049,024
EU,Chevrolet,Corsica,049,025
EU,Chevrolet,Corvette,049,026
EU,Chevrolet,Cruze,049,027
EU,Chevrolet,Epica,049,028
EU,Chevrolet,Evanda,049,029
EU,Chevrolet,Express,049,030
EU,Chevrolet,Express 1500 standard cargo van,049,031
EU,Chevrolet,Express 2500 extended cargo van,049,032
EU,Chevrolet,Express 2500 standard cargo van,049,033
EU,Chevrolet,Express 3500 extended cargo van,049,034
EU,Chevrolet,Express 3500 standard cargo van,049,035
EU,Chevrolet,Express standard cargo van,049,036
EU,Chevrolet,G20,049,037
EU,Chevrolet,Hhr,049,038
EU,Chevrolet,Impala,049,039
EU,Chevrolet,K2500 crew cab pickup,049,040
EU,Chevrolet,K2500 extended cab pickup,049,041
EU,Chevrolet,K2500 standard cab pickup,049,042
EU,Chevrolet,Lacetti,049,043
EU,Chevrolet,Lanos,049,044
EU,Chevrolet,Lumina,049,045
EU,Chevrolet,Lumina apv,049,046
EU,Chevrolet,Lumina apv mini cargo van,049,047
EU,Chevrolet,Malibu,049,048
EU,Chevrolet,Matiz,049,049
EU,Chevrolet,Monte carlo,049,050
EU,Chevrolet,Monza,049,051
EU,Chevrolet,Nova,049,052
EU,Chevrolet,Nubira,049,053
EU,Chevrolet,Orlando,049,054
EU,Chevrolet,Rezzo,049,055
EU,Chevrolet,S10,049,056
EU,Chevrolet,S10 crew cab pickup,049,057
EU,Chevrolet,S10 extended cab pickup,049,058
EU,Chevrolet,S10 pick up,049,059
EU,Chevrolet,S10 standard cab pickup,049,060
EU,Chevrolet,Silverado 1500,049,061
EU,Chevrolet,Silverado 1500 crew cab pickup,049,062
EU,Chevrolet,Silverado 1500 extended cab pickup,049,063
EU,Chevrolet,Silverado 1500 standard cab pickup,049,064
EU,Chevrolet,Silverado 2500,049,065
EU,Chevrolet,Silverado 2500 crew cab pickup,049,066
EU,Chevrolet,Silverado 2500 extended cab pickup,049,067
EU,Chevrolet,Silverado 2500 hd,049,068
EU,Chevrolet,Silverado 2500 hd crew cab pickup,049,069
EU,Chevrolet,Silverado 2500 hd extended cab pickup,049,070
EU,Chevrolet,Silverado 2500 hd standard cab pickup,049,071
EU,Chevrolet,Silverado 2500 standard cab pickup,049,072
EU,Chevrolet,Silverado 3500,049,073
EU,Chevrolet,Silverado 3500 crew cab pickup,049,074
EU,Chevrolet,Silverado 3500 extended cab pickup,049,075
EU,Chevrolet,Silverado 3500 hd crew cab pickup,049,076
EU,Chevrolet,Silverado 3500 hd extended cab pickup,049,077
EU,Chevrolet,Silverado 3500 hd standard cab pickup,049,078
EU,Chevrolet,Silverado 3500 standard cab pickup,049,079
EU,Chevrolet,Spark,049,080
EU,Chevrolet,Suburban,049,081
EU,Chevrolet,Tahoe,049,082
EU,Chevrolet,Trailblazer,049,083
EU,Chevrolet,Trans sport,049,084
EU,Chevrolet,Trax,049,085
EU,Chevrolet,Volt,049,086
EU,Chevrolet,Zafira,049,087
EU,Chrysler,300c,050,000
EU,Chrysler,300m,050,001
EU,Chrysler,Cirrus,050,002
EU,Chrysler,Concorde,050,003
EU,Chrysler,Crossfire,050,004
EU,Chrysler,Daytona,050,005
EU,Chrysler,Es,050,006
EU,Chrysler,Grand voyager iii van,050,007
EU,Chrysler,Grand voyager v,050,008
EU,Chrysler,Le baron,050,009
EU,Chrysler,Neon,050,010
EU,Chrysler,New yorker,050,011
EU,Chrysler,Pacifica,050,012
EU,Chrysler,Pt cruiser,050,013
EU,Chrysler,Saratoga,050,014
EU,Chrysler,Sebring,050,015
EU,Chrysler,Stratus,050,016
EU,Chrysler,Viper,050,017
EU,Chrysler,Vision,050,018
EU,Chrysler,Voyager / grand ii,050,019
EU,Chrysler,Voyager / grand iii,050,020
EU,Chrysler,Voyager i,050,021
EU,Chrysler,Voyager ii,050,022
EU,Chrysler,Voyager iii van,050,023
EU,Chrysler,Voyager iv,050,024
EU,Chrysler,Voyager iv van,050,025
EU,Citroën,2,051,000
EU,Citroën,Acadiane,051,001
EU,Citroën,Ami,051,002
EU,Citroën,Ax,051,003
EU,Citroën,Berlingo,051,004
EU,Citroën,Bx,051,005
EU,Citroën,C-Crosser,051,006
EU,Citroën,C-Elysee,051,007
EU,Citroën,C-Zero,051,008
EU,Citroën,C1,051,009
EU,Citroën,C15,051,010
EU,Citroën,C2,051,011
EU,Citroën,C25,051,012
EU,Citroën,C3 aircross i,051,013
EU,Citroën,C3 aircross ii,051,014
EU,Citroën,C3 aircross ii van,051,015
EU,Citroën,C3 i,051,016
EU,Citroën,C3 ii,051,017
EU,Citroën,C3 iii,051,018
EU,Citroën,C3 iii van,051,019
EU,Citroën,C3 iv,051,020
EU,Citroën,C3 iv van,051,021
EU,Citroën,C3 origin iii,051,022
EU,Citroën,C3 picasso,051,023
EU,Citroën,C3 pluriel,051,024
EU,Citroën,C35,051,025
EU,Citroën,C4,051,026
EU,Citroën,C4 aircross,051,027
EU,Citroën,C4 cactus,051,028
EU,Citroën,C4 cactus van,051,029
EU,Citroën,C4 grand picasso i,051,030
EU,Citroën,C4 grand picasso ii,051,031
EU,Citroën,C4 i,051,032
EU,Citroën,C4 ii,051,033
EU,Citroën,C4 iii,051,034
EU,Citroën,C4 picasso i,051,035
EU,Citroën,C4 picasso ii,051,036
EU,Citroën,C4 picasso ii van,051,037
EU,Citroën,C4 spacetourer,051,038
EU,Citroën,C4 spacetourer van,051,039
EU,Citroën,C4 x,051,040
EU,Citroën,C5,051,041
EU,Citroën,C6,051,042
EU,Citroën,C8,051,043
EU,Citroën,Cx i,051,044
EU,Citroën,Cx i break,051,045
EU,Citroën,Cx ii,051,046
EU,Citroën,Cx ii break,051,047
EU,Citroën,Ds,051,048
EU,Citroën,Ds3,051,049
EU,Citroën,Ds4,051,050
EU,Citroën,Ds5,051,051
EU,Citroën,Dyane,051,052
EU,Citroën,E-Mehari,051,053
EU,Citroën,Evasion,051,054
EU,Citroën,Evasion van,051,055
EU,Citroën,Grand c4 spacetourer,051,056
EU,Citroën,Grand c4 spacetourer van,051,057
EU,Citroën,Gs,051,058
EU,Citroën,Id,051,059
EU,Citroën,Jumper i,051,060
EU,Citroën,Jumper ii,051,061
EU,Citroën,Jumper iii,051,062
EU,Citroën,Jumpy i,051,063
EU,Citroën,Jumpy ii,051,064
EU,Citroën,Jumpy iii,051,065
EU,Citroën,Lna,051,066
EU,Citroën,Mehari,051,067
EU,Citroën,Nemo,051,068
EU,Citroën,Saxo,051,069
EU,Citroën,Sm,051,070
EU,Citroën,Spacetourer,051,071
EU,Citroën,Traction avant,051,072
EU,Citroën,Visa,051,073
EU,Citroën,Xantia,051,074
EU,Citroën,Xm,051,075
EU,Citroën,Xsara,051,076
EU,Citroën,Zx,051,077
EU,CMC,Veryca,052,000
EU,Cupra,Ateca,053,000
EU,Cupra,Born,053,001
EU,Cupra,Formentor,053,002
EU,Cupra,Leon,053,003
EU,Cupra,Raval,053,004
EU,Cupra,Tavascan,053,005
EU,Cupra,Terramar,053,006
EU,Dacia,1100,054,000
EU,Dacia,1300,054,001
EU,Dacia,1310,054,002
EU,Dacia,Bigster,054,003
EU,Dacia,Dokker,054,004
EU,Dacia,Duster,054,005
EU,Dacia,Jogger,054,006
EU,Dacia,Lodgy,054,007
EU,Dacia,Logan,054,008
EU,Dacia,Sandero,054,009
EU,Dacia,Solenza,054,010
EU,Dacia,Spring,054,011
EU,Daewoo,Espero,055,000
EU,Daewoo,Evanda,055,001
EU,Daewoo,Kalos,055,002
EU,Daewoo,Korando,055,003
EU,Daewoo,Lacetti,055,004
EU,Daewoo,Lanos,055,005
EU,Daewoo,Leganza,055,006
EU,Daewoo,Matiz,055,007
EU,Daewoo,Musso,055,008
EU,Daewoo,Nexia,055,009
EU,Daewoo,Nubira,055,010
EU,Daewoo,Racer,055,011
EU,Daewoo,Rexton,055,012
EU,Daewoo,Rezzo,055,013
EU,Daewoo,Tico,055,014
EU,DAF,33,056,000
EU,DAF,400-Serie,056,001
EU,DAF,44,056,002
EU,DAF,46,056,003
EU,DAF,55,056,004
EU,DAF,66,056,005
EU,Daihatsu,Applause i,057,000
EU,Daihatsu,Applause ii,057,001
EU,Daihatsu,Charade i,057,002
EU,Daihatsu,Charade ii,057,003
EU,Daihatsu,Charade iii,057,004
EU,Daihatsu,Charade iv,057,005
EU,Daihatsu,Charade viii,057,006
EU,Daihatsu,Charmant,057,007
EU,Daihatsu,Copen,057,008
EU,Daihatsu,Cuore i,057,009
EU,Daihatsu,Cuore ii,057,010
EU,Daihatsu,Cuore iii,057,011
EU,Daihatsu,Cuore iv,057,012
EU,Daihatsu,Cuore v,057,013
EU,Daihatsu,Cuore vi,057,014
EU,Daihatsu,Cuore vii,057,015
EU,Daihatsu,Extol,057,016
EU,Daihatsu,Feroza hard top,057,017
EU,Daihatsu,Feroza soft top,057,018
EU,Daihatsu,Gran move,057,019
EU,Daihatsu,Hijet,057,020
EU,Daihatsu,Materia,057,021
EU,Daihatsu,Move,057,022
EU,Daihatsu,Rocky hard top,057,023
EU,Daihatsu,Rocky soft top,057,024
EU,Daihatsu,Rugger,057,025
EU,Daihatsu,Sirion,057,026
EU,Daihatsu,Sparcar,057,027
EU,Daihatsu,Terios,057,028
EU,Daihatsu,Trevis,057,029
EU,Daihatsu,Wildcat/rocky,057,030
EU,Daihatsu,Yrv,057,031
EU,Daimler,2.8 - 5.3,058,000
EU,Daimler,Coupe,058,001
EU,Daimler,Daimler xj,058,002
EU,Daimler,Landaulette,058,003
EU,Daimler,Limousine,058,004
EU,Daimler,Super eight,058,005
EU,Daimler,Xj,058,006
EU,DE Lorean,Dmc-12,059,000
EU,DE Tomaso,Deauville,060,000
EU,Deepal,S05,061,000
EU,Deepal,S07,061,001
EU,Dfsk,580,062,000
EU,Dfsk,C31,062,001
EU,Dfsk,C32,062,002
EU,Dfsk,C35,062,003
EU,Dfsk,E5,062,004
EU,Dfsk,Ec75,062,005
EU,Dfsk,Fengon 5,062,006
EU,Dfsk,Fengon 500,062,007
EU,Dfsk,Fengon 6,062,008
EU,Dfsk,Fengon 7,062,009
EU,Dfsk,Forthing 9,062,010
EU,Dfsk,Glory 600,062,011
EU,Dfsk,K series,062,012
EU,Dfsk,V,062,013
EU,Dodge,Aspen,063,000
EU,Dodge,Avenger,063,001
EU,Dodge,Caliber,063,002
EU,Dodge,Caravan,063,003
EU,Dodge,Challenger,063,004
EU,Dodge,Charger,063,005
EU,Dodge,Durango,063,006
EU,Dodge,Grand caravan,063,007
EU,Dodge,Journey,063,008
EU,Dodge,Neon,063,009
EU,Dodge,Nitro,063,010
EU,Dodge,Ram,063,011
EU,Dodge,Ram 1500,063,012
EU,Dodge,Ram 1500 crew cab pickup,063,013
EU,Dodge,Ram 1500 extended cab pickup,063,014
EU,Dodge,Ram 1500 standard cab pickup,063,015
EU,Dodge,Ram 2500,063,016
EU,Dodge,Ram 4000,063,017
EU,Dodge,Ram van,063,018
EU,Dodge,Ramcharger,063,019
EU,Dodge,Stratus,063,020
EU,Dodge,Viper,063,021
EU,Dongfeng,Box,064,000
EU,Dongfeng,Huge,064,001
EU,Dongfeng,Mage,064,002
EU,Dongfeng,Shine,064,003
EU,Dongfeng Xiaokang,K02,065,000
EU,Donkervoort,D8,066,000
EU,Donkervoort,F22,066,001
EU,DR,Dr 1.0,067,000
EU,DR,Dr 3,067,001
EU,DR,Dr 3.0,067,002
EU,DR,Dr 4,067,003
EU,DR,Dr 4.0,067,004
EU,DR,Dr 5,067,005
EU,DR,Dr 5.0/dr 5,067,006
EU,DR,Dr 6,067,007
EU,DR,Dr 6.0/dr 6,067,008
EU,DR,Dr 7.0/dr 7,067,009
EU,DR,Dr f35,067,010
EU,DR,Dr pk8,067,011
EU,DS,Ds,068,000
EU,DS,N°4,068,001
EU,DS,N°7,068,002
EU,DS,N°8,068,003
EU,DSK,Q51,069,000
EU,E.go,E.wave x,070,000
EU,E.go,Life,070,001
EU,Ebro,S400,071,000
EU,Ebro,S700,071,001
EU,Elaris,Beo,072,000
EU,Elaris,Caro,072,001
EU,Elaris,Dyo,072,002
EU,Elaris,Finn,072,003
EU,Elaris,Leo,072,004
EU,Elaris,Pio,072,005
EU,EMC,212,073,000
EU,EMC,4,073,001
EU,EMC,6,073,002
EU,EMC,7,073,003
EU,EMC,Wave 3,073,004
EU,EMC,Yudo,073,005
EU,EMW,340,074,000
EU,EON Motors,Weez,075,000
EU,EVO,Cross 4,076,000
EU,EVO,Cuatro,076,001
EU,EVO,Evo 3,076,002
EU,EVO,Evo 4,076,003
EU,EVO,Evo 5,076,004
EU,EVO,Evo 6,076,005
EU,EVO,Evo 7,076,006
EU,EVO,Spazio,076,007
EU,Evum Motors,Acar,077,000
EU,Exlantix,Es,078,000
EU,Exlantix,Et,078,001
EU,Faam,Ecomile,079,000
EU,Faam,Jolly 2000,079,001
EU,Faam,Smile,079,002
EU,Farizon Auto,Supervan,080,000
EU,Farizon Auto,V6e,080,001
EU,Feidi,3mx,081,000
EU,Feidi,Enter,081,001
EU,Fengon,Glory 600,082,000
EU,Ferrari,12,083,000
EU,Ferrari,208/308,083,001
EU,Ferrari,275 gtb,083,002
EU,Ferrari,275 gts,083,003
EU,Ferrari,296 gtb,083,004
EU,Ferrari,296 gts,083,005
EU,Ferrari,328 gtb,083,006
EU,Ferrari,328 gts,083,007
EU,Ferrari,348 spider,083,008
EU,Ferrari,348 tb/gtb,083,009
EU,Ferrari,348 ts/gts,083,010
EU,Ferrari,360,083,011
EU,Ferrari,365 gt 2+2,083,012
EU,Ferrari,365 gtb/4 daytona,083,013
EU,Ferrari,365 gts/4 daytona,083,014
EU,Ferrari,400,083,015
EU,Ferrari,412,083,016
EU,Ferrari,456 gt/gta,083,017
EU,Ferrari,458,083,018
EU,Ferrari,488 gtb,083,019
EU,Ferrari,488 spider,083,020
EU,Ferrari,512 bb,083,021
EU,Ferrari,512 m,083,022
EU,Ferrari,512 tr,083,023
EU,Ferrari,550 barchetta,083,024
EU,Ferrari,599 gtb/gto,083,025
EU,Ferrari,599 sa,083,026
EU,Ferrari,5__ maranello,083,027
EU,Ferrari,612 scaglietti,083,028
EU,Ferrari,812 gts spider,083,029
EU,Ferrari,812 superfast,083,030
EU,Ferrari,849 testarossa,083,031
EU,Ferrari,849 testarossa spider,083,032
EU,Ferrari,Amalfi,083,033
EU,Ferrari,California,083,034
EU,Ferrari,Daytona sp3,083,035
EU,Ferrari,Dino gt,083,036
EU,Ferrari,Dino gt4,083,037
EU,Ferrari,Dino gts,083,038
EU,Ferrari,Enzo ferrari,083,039
EU,Ferrari,F12 berlinetta,083,040
EU,Ferrari,F355 berlinetta,083,041
EU,Ferrari,F355 gts,083,042
EU,Ferrari,F355 spider,083,043
EU,Ferrari,F40,083,044
EU,Ferrari,F430,083,045
EU,Ferrari,F50,083,046
EU,Ferrari,F8,083,047
EU,Ferrari,F80,083,048
EU,Ferrari,Ff,083,049
EU,Ferrari,Gtc4 lusso / t,083,050
EU,Ferrari,Laferrari,083,051
EU,Ferrari,Mondial,083,052
EU,Ferrari,Monza sp1,083,053
EU,Ferrari,Monza sp2,083,054
EU,Ferrari,Portofino,083,055
EU,Ferrari,Purosangue fuv,083,056
EU,Ferrari,Roma,083,057
EU,Ferrari,Sf90,083,058
EU,Ferrari,Superamerica,083,059
EU,Ferrari,Testarossa,083,060
EU,Fest,E-Box m,084,000
EU,Fiat,1100-1900,085,000
EU,Fiat,124,085,001
EU,Fiat,125,085,002
EU,Fiat,126,085,003
EU,Fiat,127,085,004
EU,Fiat,128,085,005
EU,Fiat,130,085,006
EU,Fiat,131,085,007
EU,Fiat,132,085,008
EU,Fiat,1500,085,009
EU,Fiat,1500-2300,085,010
EU,Fiat,1900,085,011
EU,Fiat,238,085,012
EU,Fiat,242,085,013
EU,Fiat,500,085,014
EU,Fiat,500e,085,015
EU,Fiat,500l,085,016
EU,Fiat,500x,085,017
EU,Fiat,600,085,018
EU,Fiat,600e,085,019
EU,Fiat,850,085,020
EU,Fiat,900 t/e panorama,085,021
EU,Fiat,900 t/e pulmino,085,022
EU,Fiat,Argenta,085,023
EU,Fiat,Balilla 508 saloon,085,024
EU,Fiat,Barchetta,085,025
EU,Fiat,Brava,085,026
EU,Fiat,Bravo i,085,027
EU,Fiat,Bravo ii,085,028
EU,Fiat,Bravo van,085,029
EU,Fiat,Cinquecento,085,030
EU,Fiat,Coupe,085,031
EU,Fiat,Croma,085,032
EU,Fiat,Dino,085,033
EU,Fiat,Dino spider,085,034
EU,Fiat,Doblo,085,035
EU,Fiat,Doblo cargo,085,036
EU,Fiat,Doblo kombi,085,037
EU,Fiat,Ducato,085,038
EU,Fiat,Ducato panorama,085,039
EU,Fiat,Duna,085,040
EU,Fiat,Fiorino,085,041
EU,Fiat,Freemont,085,042
EU,Fiat,Fullback,085,043
EU,Fiat,Grande panda,085,044
EU,Fiat,Grande punto,085,045
EU,Fiat,Grande punto van,085,046
EU,Fiat,Idea,085,047
EU,Fiat,Jagst,085,048
EU,Fiat,Linea,085,049
EU,Fiat,Marea,085,050
EU,Fiat,Multipla,085,051
EU,Fiat,Palio,085,052
EU,Fiat,Panda,085,053
EU,Fiat,Pandina,085,054
EU,Fiat,Punto,085,055
EU,Fiat,Qubo,085,056
EU,Fiat,Regata,085,057
EU,Fiat,Ritmo,085,058
EU,Fiat,Scudo,085,059
EU,Fiat,Sedici,085,060
EU,Fiat,Seicento / 600,085,061
EU,Fiat,Siena,085,062
EU,Fiat,Stilo,085,063
EU,Fiat,Strada,085,064
EU,Fiat,Talento,085,065
EU,Fiat,Tempra,085,066
EU,Fiat,Tipo,085,067
EU,Fiat,Topolino,085,068
EU,Fiat,Ulysse,085,069
EU,Fiat,Uno,085,070
EU,Fiat,X,085,071
EU,Firefly,Firefly,086,000
EU,Fisker,Karma,087,000
EU,Fisker,Ocean,087,001
EU,Ford,A-Series,088,000
EU,Ford,B-Max,088,001
EU,Ford,C-Max,088,002
EU,Ford,Capri,088,003
EU,Ford,Consul,088,004
EU,Ford,Cougar,088,005
EU,Ford,Courier,088,006
EU,Ford,Econovan,088,007
EU,Ford,Ecosport,088,008
EU,Ford,Escort classic,088,009
EU,Ford,Escort classic turnier,088,010
EU,Ford,Escort i,088,011
EU,Ford,Escort i turnier,088,012
EU,Ford,Escort ii,088,013
EU,Ford,Escort ii turnier,088,014
EU,Ford,Escort iii,088,015
EU,Ford,Escort iii express,088,016
EU,Ford,Escort iii turnier,088,017
EU,Ford,Escort iv,088,018
EU,Ford,Escort iv express,088,019
EU,Ford,Escort iv turnier,088,020
EU,Ford,Escort v,088,021
EU,Ford,Escort v express,088,022
EU,Ford,Escort v turnier,088,023
EU,Ford,Escort vi,088,024
EU,Ford,Escort vi express,088,025
EU,Ford,Escort vi turnier,088,026
EU,Ford,Fiesta,088,027
EU,Ford,Fiesta i,088,028
EU,Ford,Fiesta ii,088,029
EU,Ford,Fiesta iii,088,030
EU,Ford,Fiesta iv,088,031
EU,Ford,Fiesta v,088,032
EU,Ford,Fiesta v van,088,033
EU,Ford,Fiesta vi,088,034
EU,Ford,Fiesta vi van,088,035
EU,Ford,Fiesta vii,088,036
EU,Ford,Fiesta vii van,088,037
EU,Ford,Focus c-Max,088,038
EU,Ford,Focus i,088,039
EU,Ford,Focus i turnier,088,040
EU,Ford,Focus ii,088,041
EU,Ford,Focus ii turnier,088,042
EU,Ford,Focus iii,088,043
EU,Ford,Focus iii turnier,088,044
EU,Ford,Focus iv,088,045
EU,Ford,Focus iv turnier,088,046
EU,Ford,Fusion,088,047
EU,Ford,Galaxy i,088,048
EU,Ford,Galaxy ii,088,049
EU,Ford,Galaxy iii,088,050
EU,Ford,Galaxy mk i van,088,051
EU,Ford,Galaxy mk ii van,088,052
EU,Ford,Galaxy mk iii van,088,053
EU,Ford,Granada,088,054
EU,Ford,Grand c-Max,088,055
EU,Ford,Grand c-Max van,088,056
EU,Ford,Gt,088,057
EU,Ford,Ka,088,058
EU,Ford,Ka+ iii,088,059
EU,Ford,Kuga i,088,060
EU,Ford,Kuga i van,088,061
EU,Ford,Kuga ii,088,062
EU,Ford,Kuga ii van,088,063
EU,Ford,Kuga iii,088,064
EU,Ford,Maverick,088,065
EU,Ford,Mondeo i,088,066
EU,Ford,Mondeo i turnier,088,067
EU,Ford,Mondeo ii,088,068
EU,Ford,Mondeo ii turnier,088,069
EU,Ford,Mondeo iii,088,070
EU,Ford,Mondeo iii turnier,088,071
EU,Ford,Mondeo iv,088,072
EU,Ford,Mondeo iv turnier,088,073
EU,Ford,Mondeo iv van,088,074
EU,Ford,Mondeo v,088,075
EU,Ford,Mondeo v turnier,088,076
EU,Ford,Orion i,088,077
EU,Ford,Orion ii,088,078
EU,Ford,Orion iii,088,079
EU,Ford,Puma,088,080
EU,Ford,Ranger,088,081
EU,Ford,S-Max,088,082
EU,Ford,Scorpio i,088,083
EU,Ford,Scorpio i turnier,088,084
EU,Ford,Scorpio ii,088,085
EU,Ford,Scorpio ii turnier,088,086
EU,Ford,Sierra,088,087
EU,Ford,Street ka,088,088
EU,Ford,Taunus,088,089
EU,Ford,Tourneo connect,088,090
EU,Ford,Tourneo connect / grand v408 großraumlimousi,088,091
EU,Ford,Tourneo connect / grand v761 großraumlimousi,088,092
EU,Ford,Tourneo connect / grand v761 kasten/großraum,088,093
EU,Ford,Tourneo courier b460,088,094
EU,Ford,Tourneo courier v769,088,095
EU,Ford,Tourneo custom v362,088,096
EU,Ford,Tourneo custom v710,088,097
EU,Ford,Transit,088,098
EU,Ford,Transit city,088,099
EU,Ford,Transit connect,088,100
EU,Ford,Transit connect v408,088,101
EU,Ford,Transit connect v761,088,102
EU,Ford,Transit courier b460,088,103
EU,Ford,Transit courier v769,088,104
EU,Ford,Transit custom v362,088,105
EU,Ford,Transit custom v710,088,106
EU,Ford,Transit tourneo,088,107
EU,Ford,Transit v363,088,108
EU,Ford Australia,Mustang,089,000
EU,Ford USA,Aerostar,090,000
EU,Ford USA,Bronco,090,001
EU,Ford USA,Contour,090,002
EU,Ford USA,Crown,090,003
EU,Ford USA,E-350 cutaway van,090,004
EU,Ford USA,Edge,090,005
EU,Ford USA,Escape,090,006
EU,Ford USA,Expedition,090,007
EU,Ford USA,Explorer,090,008
EU,Ford USA,F-150,090,009
EU,Ford USA,Flex,090,010
EU,Ford USA,Mustang,090,011
EU,Ford USA,Mustang convertible,090,012
EU,Ford USA,Mustang mach-E,090,013
EU,Ford USA,Probe i,090,014
EU,Ford USA,Probe ii,090,015
EU,Ford USA,Ranger,090,016
EU,Ford USA,Taurus,090,017
EU,Ford USA,Thunderbird,090,018
EU,Ford USA,Windstar,090,019
EU,Forthing,T5 evo,091,000
EU,Forthing,U-Tour,091,001
EU,Foton,Toano,092,000
EU,Foton,Tunland,092,001
EU,FSO,125p,093,000
EU,FSO,126p,093,001
EU,FSO,127p,093,002
EU,FSO,132p,093,003
EU,FSO,Polonez i,093,004
EU,FSO,Polonez ii,093,005
EU,FSO,Polonez iii,093,006
EU,GAC,Aion v,094,000
EU,Galloper,Galloper,095,000
EU,GAZ,69,096,000
EU,GAZ,Gazelle,096,001
EU,GAZ,Valdaj,096,002
EU,GAZ,Volga,096,003
EU,Geely,Bl,097,000
EU,Geely,Boyue,097,001
EU,Geely,Ck,097,002
EU,Geely,Ex5,097,003
EU,Geely,Hq srv,097,004
EU,Geely,Mr,097,005
EU,Geely,Mr sedan,097,006
EU,Geely,Pu,097,007
EU,Geely,Starray,097,008
EU,Genesis,G70,098,000
EU,Genesis,G80,098,001
EU,Genesis,G90,098,002
EU,Genesis,G90/g90l,098,003
EU,Genesis,Gv60,098,004
EU,Genesis,Gv70,098,005
EU,Genesis,Gv80,098,006
EU,Geometry,Ex3,099,000
EU,German E Cars,Cetos,100,000
EU,German E Cars,Plantos,100,001
EU,German E Cars,Stromos,100,002
EU,Giotti Victoria,Gladiator,101,000
EU,Giotti Victoria,Gladiator evo,101,001
EU,Giotti Victoria,Gladiator top,101,002
EU,Glas,1700,102,000
EU,Glas,4,102,001
EU,Glas,Goggomobil,102,002
EU,Glas,Gt,102,003
EU,Glas,Isar,102,004
EU,Glas,V,102,005
EU,GMC,S15 jimmy,103,000
EU,GMC,Sierra,103,001
EU,GMC,Yukon,103,002
EU,Goupil,G2,104,000
EU,Goupil,G3,104,001
EU,Goupil,G3l,104,002
EU,Goupil,G4,104,003
EU,Goupil,G4l,104,004
EU,Goupil,G5,104,005
EU,Goupil,G6,104,006
EU,Great Wall,Hover h6,105,000
EU,Great Wall,Ora 03,105,001
EU,Great Wall,Ora 07,105,002
EU,Great Wall,Wey 03,105,003
EU,Great Wall,Wey 05,105,004
EU,Great Wall,Wingle 6,105,005
EU,Gumpert,Apollo,106,000
EU,Haval,H2,107,000
EU,Honda,Accord,108,000
EU,Honda,Accord i,108,001
EU,Honda,Accord i hatchback,108,002
EU,Honda,Accord ii,108,003
EU,Honda,Accord ii hatchback,108,004
EU,Honda,Accord iii,108,005
EU,Honda,Accord iii aerodeck,108,006
EU,Honda,Accord iv,108,007
EU,Honda,Accord iv aerodeck,108,008
EU,Honda,Accord ix,108,009
EU,Honda,Accord v,108,010
EU,Honda,Accord v aerodeck,108,011
EU,Honda,Accord vi,108,012
EU,Honda,Accord vi hatchback,108,013
EU,Honda,Accord vii,108,014
EU,Honda,Accord vii tourer,108,015
EU,Honda,Accord viii,108,016
EU,Honda,Accord viii tourer,108,017
EU,Honda,Acty,108,018
EU,Honda,Beat,108,019
EU,Honda,City,108,020
EU,Honda,Civic i,108,021
EU,Honda,Civic i hatchback,108,022
EU,Honda,Civic ii,108,023
EU,Honda,Civic iii,108,024
EU,Honda,Civic iii hatchback,108,025
EU,Honda,Civic iii shuttle,108,026
EU,Honda,Civic iv,108,027
EU,Honda,Civic iv hatchback,108,028
EU,Honda,Civic iv shuttle,108,029
EU,Honda,Civic ix,108,030
EU,Honda,Civic ix tourer,108,031
EU,Honda,Civic v,108,032
EU,Honda,Civic v hatchback,108,033
EU,Honda,Civic vi,108,034
EU,Honda,Civic vi aerodeck,108,035
EU,Honda,Civic vi fastback,108,036
EU,Honda,Civic vi hatchback,108,037
EU,Honda,Civic vii,108,038
EU,Honda,Civic vii hatchback,108,039
EU,Honda,Civic viii,108,040
EU,Honda,Civic viii hatchback,108,041
EU,Honda,Civic x,108,042
EU,Honda,Civic xi,108,043
EU,Honda,Concerto,108,044
EU,Honda,Cr-V i,108,045
EU,Honda,Cr-V ii,108,046
EU,Honda,Cr-V iii,108,047
EU,Honda,Cr-V iv,108,048
EU,Honda,Cr-V v,108,049
EU,Honda,Cr-V vi,108,050
EU,Honda,Cr-Z,108,051
EU,Honda,Crossroad,108,052
EU,Honda,Crosstour i,108,053
EU,Honda,Crx i,108,054
EU,Honda,Crx ii,108,055
EU,Honda,Crx iii,108,056
EU,Honda,E,108,057
EU,Honda,E:ny1,108,058
EU,Honda,Element,108,059
EU,Honda,Fr-V,108,060
EU,Honda,Hr-V,108,061
EU,Honda,Insight,108,062
EU,Honda,Integra,108,063
EU,Honda,Jazz i,108,064
EU,Honda,Jazz ii,108,065
EU,Honda,Jazz iii,108,066
EU,Honda,Jazz iv,108,067
EU,Honda,Jazz v,108,068
EU,Honda,Legend i,108,069
EU,Honda,Legend ii,108,070
EU,Honda,Legend iii,108,071
EU,Honda,Legend iv,108,072
EU,Honda,Logo,108,073
EU,Honda,N600 iii,108,074
EU,Honda,Nsx i,108,075
EU,Honda,Nsx ii,108,076
EU,Honda,Odyssey,108,077
EU,Honda,Pilot,108,078
EU,Honda,Prelude,108,079
EU,Honda,Quintet,108,080
EU,Honda,S2000,108,081
EU,Honda,Shuttle,108,082
EU,Honda,Stream,108,083
EU,Honda,Zr-V,108,084
EU,Hongqi,E-Hs9,109,000
EU,Hongqi,Eh7,109,001
EU,Hongqi,Ehs7,109,002
EU,Hongqi,H6,109,003
EU,Hongqi,Hs3,109,004
EU,Hongqi,Hs5,109,005
EU,Hummer,H1,110,000
EU,Hummer,H2,110,001
EU,Hummer,Hummer h1,110,002
EU,Hummer,Hummer h2,110,003
EU,Hummer,Hummer h2 sut,110,004
EU,Hummer,Hummer h3,110,005
EU,Hummer,Hummer h3t,110,006
EU,Hyundai,Accent,111,000
EU,Hyundai,Accent i,111,001
EU,Hyundai,Accent ii,111,002
EU,Hyundai,Accent iii,111,003
EU,Hyundai,Accent iv,111,004
EU,Hyundai,Accent v,111,005
EU,Hyundai,Atos,111,006
EU,Hyundai,Bayon,111,007
EU,Hyundai,Creta,111,008
EU,Hyundai,Elantra iii,111,009
EU,Hyundai,Elantra iv,111,010
EU,Hyundai,Elantra v,111,011
EU,Hyundai,Elantra vi,111,012
EU,Hyundai,Elantra vii,111,013
EU,Hyundai,Equus / centennial,111,014
EU,Hyundai,Galloper,111,015
EU,Hyundai,Genesis,111,016
EU,Hyundai,Getz,111,017
EU,Hyundai,Grace,111,018
EU,Hyundai,Grand santa fé,111,019
EU,Hyundai,Grandeur,111,020
EU,Hyundai,H-1,111,021
EU,Hyundai,H-1 / starex,111,022
EU,Hyundai,H-1 cargo,111,023
EU,Hyundai,H-1 travel,111,024
EU,Hyundai,H100,111,025
EU,Hyundai,H350,111,026
EU,Hyundai,Highway van,111,027
EU,Hyundai,i,111,028
EU,Hyundai,I10 i,111,029
EU,Hyundai,I10 ii,111,030
EU,Hyundai,I10 iii,111,031
EU,Hyundai,I20 active,111,032
EU,Hyundai,I20 i,111,033
EU,Hyundai,I20 ii,111,034
EU,Hyundai,I20 ii hatchback van,111,035
EU,Hyundai,I20 iii,111,036
EU,Hyundai,I30,111,037
EU,Hyundai,I40 i,111,038
EU,Hyundai,I40 i cw,111,039
EU,Hyundai,ii,111,040
EU,Hyundai,Inster,111,041
EU,Hyundai,Ioniq,111,042
EU,Hyundai,Ix20,111,043
EU,Hyundai,Ix35,111,044
EU,Hyundai,Ix55,111,045
EU,Hyundai,Kona,111,046
EU,Hyundai,Lantra i,111,047
EU,Hyundai,Lantra ii,111,048
EU,Hyundai,Matrix,111,049
EU,Hyundai,Nexo,111,050
EU,Hyundai,Pony,111,051
EU,Hyundai,Porter,111,052
EU,Hyundai,S,111,053
EU,Hyundai,Santa fe iv,111,054
EU,Hyundai,Santa fe v,111,055
EU,Hyundai,Santa fé i,111,056
EU,Hyundai,Santa fé ii,111,057
EU,Hyundai,Santa fé iii,111,058
EU,Hyundai,Santamo,111,059
EU,Hyundai,Solaris,111,060
EU,Hyundai,Sonata ii,111,061
EU,Hyundai,Sonata iii,111,062
EU,Hyundai,Sonata iv,111,063
EU,Hyundai,Sonata v,111,064
EU,Hyundai,Sonata vi,111,065
EU,Hyundai,Sonata vii,111,066
EU,Hyundai,Sonata viii,111,067
EU,Hyundai,Staria,111,068
EU,Hyundai,Terracan,111,069
EU,Hyundai,Tiburon,111,070
EU,Hyundai,Trajet,111,071
EU,Hyundai,Tucson,111,072
EU,Hyundai,Veloster,111,073
EU,Hyundai,Venue,111,074
EU,Hyundai,Xg,111,075
EU,Ich-x,K3,112,000
EU,Ickx,K2,113,000
EU,Ineos,Grenadier,114,000
EU,Ineos,Grenadier quartermaster,114,001
EU,Infiniti,Ex,115,000
EU,Infiniti,Fx,115,001
EU,Infiniti,G,115,002
EU,Infiniti,G20,115,003
EU,Infiniti,I30,115,004
EU,Infiniti,J30,115,005
EU,Infiniti,M,115,006
EU,Infiniti,M30,115,007
EU,Infiniti,M30 convertible,115,008
EU,Infiniti,Q30,115,009
EU,Infiniti,Q45 i,115,010
EU,Infiniti,Q45 ii,115,011
EU,Infiniti,Q50,115,012
EU,Infiniti,Q60,115,013
EU,Infiniti,Q70,115,014
EU,Infiniti,Qx30,115,015
EU,Infiniti,Qx4,115,016
EU,Infiniti,Qx50 i,115,017
EU,Infiniti,Qx50 ii,115,018
EU,Infiniti,Qx70,115,019
EU,Innocenti,Mini,116,000
EU,Innocenti,Regent,116,001
EU,Irmscher,Coupe,117,000
EU,Irmscher,Gt,117,001
EU,Irmscher,Omega caravan,117,002
EU,Irmscher,Senator,117,003
EU,Isdera,Commendatore,118,000
EU,Isdera,Imperator,118,001
EU,ISO,Autocarro,119,000
EU,ISO,Isetta,119,001
EU,Isorivolta,Fidia,120,000
EU,Isorivolta,Grifo,120,001
EU,Isorivolta,Gt,120,002
EU,Isorivolta,Lele,120,003
EU,Isuzu,Ascender,121,000
EU,Isuzu,Campo,121,001
EU,Isuzu,D-Max i,121,002
EU,Isuzu,D-Max ii,121,003
EU,Isuzu,D-Max iii,121,004
EU,Isuzu,Elf,121,005
EU,Isuzu,Gemini,121,006
EU,Isuzu,Impulse,121,007
EU,Isuzu,Midi,121,008
EU,Isuzu,Piazza,121,009
EU,Isuzu,Trooper i,121,010
EU,Isuzu,Trooper ii,121,011
EU,Isuzu,Trooper iii,121,012
EU,Iveco,Daily i,122,000
EU,Iveco,Daily ii,122,001
EU,Iveco,Daily iii,122,002
EU,Iveco,Daily iv,122,003
EU,Iveco,Daily v,122,004
EU,Iveco,Daily vi,122,005
EU,Iveco,Ejolly,122,006
EU,Iveco,Emoovy,122,007
EU,Iveco,Esuperjolly,122,008
EU,Iveco,Massif,122,009
EU,Iveco,Massif single cab,122,010
EU,Iveco,Massif station wagon,122,011
EU,Iveco,Power daily,122,012
EU,JAC,E-Js4,123,000
EU,JAC,E-S2,123,001
EU,JAC,E30x,123,002
EU,JAC,Iev6e,123,003
EU,JAC,M3,123,004
EU,JAC,T8 pro,123,005
EU,Jaecoo,5,124,000
EU,Jaecoo,8,124,001
EU,Jaecoo,J7,124,002
EU,Jaguar,E-Pace,125,000
EU,Jaguar,E-Type,125,001
EU,Jaguar,F-Pace,125,002
EU,Jaguar,F-Type,125,003
EU,Jaguar,I-Pace,125,004
EU,Jaguar,Mk i,125,005
EU,Jaguar,Mk ii,125,006
EU,Jaguar,Mk ix,125,007
EU,Jaguar,Mk vii,125,008
EU,Jaguar,Mk viii,125,009
EU,Jaguar,Mk x i,125,010
EU,Jaguar,S-Type i,125,011
EU,Jaguar,S-Type ii,125,012
EU,Jaguar,Vanden plas,125,013
EU,Jaguar,X-Type i,125,014
EU,Jaguar,Xe,125,015
EU,Jaguar,Xf i,125,016
EU,Jaguar,Xf ii,125,017
EU,Jaguar,Xf sportbrake,125,018
EU,Jaguar,Xj,125,019
EU,Jaguar,Xj220,125,020
EU,Jaguar,Xjsc convertible,125,021
EU,Jaguar,Xk,125,022
EU,Jaguar,Xk 8,125,023
EU,Jaguar,Xk 8 convertible,125,024
EU,Jaguar,Xk ii,125,025
EU,Jeep,Avenger,126,000
EU,Jeep,Cherokee,126,001
EU,Jeep,Cj5 - cj8,126,002
EU,Jeep,Comanche,126,003
EU,Jeep,Commander,126,004
EU,Jeep,Compass,126,005
EU,Jeep,Gladiator,126,006
EU,Jeep,Grand cherokee i,126,007
EU,Jeep,Grand cherokee ii,126,008
EU,Jeep,Grand cherokee iii,126,009
EU,Jeep,Grand cherokee iv,126,010
EU,Jeep,Grand cherokee l v,126,011
EU,Jeep,Grand cherokee van,126,012
EU,Jeep,Grand wagoneer,126,013
EU,Jeep,J10 standard cab pickup,126,014
EU,Jeep,J20 standard cab pickup,126,015
EU,Jeep,Patriot,126,016
EU,Jeep,Renegade,126,017
EU,Jeep,Renegade van,126,018
EU,Jeep,Wrangler i,126,019
EU,Jeep,Wrangler ii,126,020
EU,Jeep,Wrangler iii,126,021
EU,Jeep,Wrangler iv,126,022
EU,Karma,Gs-6,127,000
EU,Karma,Revero,127,001
EU,KG Mobility,Actyon,128,000
EU,KG Mobility,Korando,128,001
EU,KG Mobility,Musso,128,002
EU,KG Mobility,Rexton,128,003
EU,KG Mobility,Tivoli,128,004
EU,KG Mobility,Torres,128,005
EU,KIA,Besta,129,000
EU,KIA,Bongo,129,001
EU,KIA,Cadenza i,129,002
EU,KIA,Cadenza ii,129,003
EU,KIA,Carens i,129,004
EU,KIA,Carens ii,129,005
EU,KIA,Carens iii,129,006
EU,KIA,Carens iv,129,007
EU,KIA,Carens iv van,129,008
EU,KIA,Carnival / grand iii,129,009
EU,KIA,Carnival i,129,010
EU,KIA,Carnival ii,129,011
EU,KIA,Carnival iv,129,012
EU,KIA,Cee'd,129,013
EU,KIA,Ceed,129,014
EU,KIA,Cerato i,129,015
EU,KIA,Cerato ii,129,016
EU,KIA,Cerato iii,129,017
EU,KIA,Cerato iv,129,018
EU,KIA,Cerato koup ii,129,019
EU,KIA,Cerato koup iii,129,020
EU,KIA,Clarus,129,021
EU,KIA,Ev2,129,022
EU,KIA,Ev3,129,023
EU,KIA,Ev4,129,024
EU,KIA,Ev5,129,025
EU,KIA,Ev6,129,026
EU,KIA,Ev9,129,027
EU,KIA,Joice,129,028
EU,KIA,K2500,129,029
EU,KIA,K2700,129,030
EU,KIA,K2900,129,031
EU,KIA,K4,129,032
EU,KIA,K4 sportswagon,129,033
EU,KIA,K8,129,034
EU,KIA,K9 ii,129,035
EU,KIA,Magentis i,129,036
EU,KIA,Magentis ii,129,037
EU,KIA,Niro i,129,038
EU,KIA,Niro ii,129,039
EU,KIA,Niro van,129,040
EU,KIA,Opirus,129,041
EU,KIA,Optima,129,042
EU,KIA,Picanto i,129,043
EU,KIA,Picanto ii,129,044
EU,KIA,Picanto iii,129,045
EU,KIA,Pregio,129,046
EU,KIA,Pride,129,047
EU,KIA,Pro cee'd,129,048
EU,KIA,Pro cee'd hatchback van,129,049
EU,KIA,Proceed,129,050
EU,KIA,Pv5,129,051
EU,KIA,Quoris i,129,052
EU,KIA,Retona,129,053
EU,KIA,Rio i,129,054
EU,KIA,Rio ii,129,055
EU,KIA,Rio iii,129,056
EU,KIA,Rio iii hatchback van,129,057
EU,KIA,Rio iv,129,058
EU,KIA,Rio iv hatchback van,129,059
EU,KIA,Roadster,129,060
EU,KIA,Seltos,129,061
EU,KIA,Sephia,129,062
EU,KIA,Shuma,129,063
EU,KIA,Shuma i,129,064
EU,KIA,Shuma ii,129,065
EU,KIA,Sorento i,129,066
EU,KIA,Sorento i van,129,067
EU,KIA,Sorento ii,129,068
EU,KIA,Sorento iii,129,069
EU,KIA,Sorento iv,129,070
EU,KIA,Soul i,129,071
EU,KIA,Soul ii,129,072
EU,KIA,Soul iii,129,073
EU,KIA,Soul iii cargo,129,074
EU,KIA,Sportage,129,075
EU,KIA,Sportage ii,129,076
EU,KIA,Sportage ii van,129,077
EU,KIA,Sportage iii,129,078
EU,KIA,Sportage iv,129,079
EU,KIA,Sportage iv van,129,080
EU,KIA,Sportage v,129,081
EU,KIA,Sportage van,129,082
EU,KIA,Stinger,129,083
EU,KIA,Stonic,129,084
EU,KIA,Venga,129,085
EU,KIA,Xceed,129,086
EU,Koenigsegg,Agera,130,000
EU,Koenigsegg,One:1,130,001
EU,Koenigsegg,Regera,130,002
EU,KTM,X-Bow,131,000
EU,Lada,110,132,000
EU,Lada,111,132,001
EU,Lada,112,132,002
EU,Lada,1200-1500,132,003
EU,Lada,1200-1600,132,004
EU,Lada,Granta,132,005
EU,Lada,Kalina,132,006
EU,Lada,Kalina ii,132,007
EU,Lada,Kalinka,132,008
EU,Lada,Largus,132,009
EU,Lada,Nadeschda,132,010
EU,Lada,Niva,132,011
EU,Lada,Niva ii,132,012
EU,Lada,Nova,132,013
EU,Lada,Priora,132,014
EU,Lada,Samara,132,015
EU,Lada,Toscana,132,016
EU,Lada,Vesta,132,017
EU,Lada,Xray,132,018
EU,Lamborghini,Aventador,133,000
EU,Lamborghini,Centenario,133,001
EU,Lamborghini,Centenario roadster,133,002
EU,Lamborghini,Countach,133,003
EU,Lamborghini,Diablo,133,004
EU,Lamborghini,Espada,133,005
EU,Lamborghini,Gallardo,133,006
EU,Lamborghini,Huracán,133,007
EU,Lamborghini,Jalpa,133,008
EU,Lamborghini,Jarama,133,009
EU,Lamborghini,Lm-001,133,010
EU,Lamborghini,Lm-002,133,011
EU,Lamborghini,Miura,133,012
EU,Lamborghini,Murciélago,133,013
EU,Lamborghini,Reventon,133,014
EU,Lamborghini,Revuelto,133,015
EU,Lamborghini,Sian fkp 37,133,016
EU,Lamborghini,Sian fkp 37 roadster,133,017
EU,Lamborghini,Temerario,133,018
EU,Lamborghini,Urraco,133,019
EU,Lamborghini,Urus,133,020
EU,Lamborghini,Veneno,133,021
EU,Lancia,A 112,134,000
EU,Lancia,Appia,134,001
EU,Lancia,Appia berlina,134,002
EU,Lancia,Aurelia,134,003
EU,Lancia,Aurelia berlina,134,004
EU,Lancia,Aurelia spider,134,005
EU,Lancia,Beta,134,006
EU,Lancia,Dedra,134,007
EU,Lancia,Delta i,134,008
EU,Lancia,Delta ii,134,009
EU,Lancia,Delta iii,134,010
EU,Lancia,Flaminia,134,011
EU,Lancia,Flaminia berlina,134,012
EU,Lancia,Flaminia gt,134,013
EU,Lancia,Flavia,134,014
EU,Lancia,Flavia berlina,134,015
EU,Lancia,Fulvia,134,016
EU,Lancia,Fulvia berlina,134,017
EU,Lancia,Gamma,134,018
EU,Lancia,Kappa,134,019
EU,Lancia,Lybra,134,020
EU,Lancia,Musa,134,021
EU,Lancia,Phedra,134,022
EU,Lancia,Prisma,134,023
EU,Lancia,Thema,134,024
EU,Lancia,Thesis,134,025
EU,Lancia,Trevi,134,026
EU,Lancia,Voyager,134,027
EU,Lancia,Y,134,028
EU,Lancia,Y10,134,029
EU,Lancia,Ypsilon,134,030
EU,Lancia,Zeta,134,031
EU,Land Rover,110/127,135,000
EU,Land Rover,88/109 mk i,135,001
EU,Land Rover,88/109 mk ii,135,002
EU,Land Rover,88/109 mk iia,135,003
EU,Land Rover,88/109 mk iii,135,004
EU,Land Rover,90,135,005
EU,Land Rover,Defender,135,006
EU,Land Rover,Defender cabrio,135,007
EU,Land Rover,Defender pick up,135,008
EU,Land Rover,Defender station wagon,135,009
EU,Land Rover,Defender van,135,010
EU,Land Rover,Discovery i,135,011
EU,Land Rover,Discovery ii,135,012
EU,Land Rover,Discovery iii,135,013
EU,Land Rover,Discovery iii van,135,014
EU,Land Rover,Discovery iv,135,015
EU,Land Rover,Discovery iv van,135,016
EU,Land Rover,Discovery sport,135,017
EU,Land Rover,Discovery sport van,135,018
EU,Land Rover,Discovery v,135,019
EU,Land Rover,Discovery v van,135,020
EU,Land Rover,Freelander 2,135,021
EU,Land Rover,Freelander 2 van,135,022
EU,Land Rover,Freelander i,135,023
EU,Land Rover,Freelander i soft top,135,024
EU,Land Rover,Range rover evoque,135,025
EU,Land Rover,Range rover evoque van,135,026
EU,Land Rover,Range rover i,135,027
EU,Land Rover,Range rover ii,135,028
EU,Land Rover,Range rover iii,135,029
EU,Land Rover,Range rover iv,135,030
EU,Land Rover,Range rover sport i,135,031
EU,Land Rover,Range rover sport ii,135,032
EU,Land Rover,Range rover sport iii,135,033
EU,Land Rover,Range rover v,135,034
EU,Land Rover,Range rover velar,135,035
EU,Landwind (jmc),Cv9,136,000
EU,LDV,400,137,000
EU,LDV,Convoy,137,001
EU,LDV,Cub,137,002
EU,LDV,Maxus,137,003
EU,Leapmotor,B10,138,000
EU,Leapmotor,C10,138,001
EU,Leapmotor,T03,138,002
EU,Levc,Tx,139,000
EU,Levc,Vn5,139,001
EU,Lexus,Ct,140,000
EU,Lexus,Es,140,001
EU,Lexus,Gs,140,002
EU,Lexus,Hs,140,003
EU,Lexus,Is c,140,004
EU,Lexus,Is i,140,005
EU,Lexus,Is ii,140,006
EU,Lexus,Is iii,140,007
EU,Lexus,Is sportcross,140,008
EU,Lexus,Lbx,140,009
EU,Lexus,Lc,140,010
EU,Lexus,Lfa,140,011
EU,Lexus,Lm,140,012
EU,Lexus,Ls,140,013
EU,Lexus,Lx,140,014
EU,Lexus,Nx,140,015
EU,Lexus,Rc,140,016
EU,Lexus,Rx,140,017
EU,Lexus,Rz,140,018
EU,Lexus,Sc,140,019
EU,Lexus,Ux,140,020
EU,Lifan,Myway,141,000
EU,Lifan,X70,141,001
EU,Ligier,Ambra,142,000
EU,Ligier,Be up,142,001
EU,Ligier,Ixo,142,002
EU,Ligier,Js50,142,003
EU,Ligier,Js60,142,004
EU,Ligier,Myli,142,005
EU,Ligier,Nova,142,006
EU,Ligier,Pulse 3 threewheeler,142,007
EU,Ligier,Pulse 4,142,008
EU,Ligier,Xtoo,142,009
EU,Lincoln,Continental,143,000
EU,Lincoln,Ls,143,001
EU,Lincoln,Mark viii,143,002
EU,Lincoln,Navigator,143,003
EU,Lincoln,Town car,143,004
EU,Lincoln,Town car ii,143,005
EU,Lincoln,Town car iii,143,006
EU,Livan Auto,X3,144,000
EU,Lloyd,Alexander,145,000
EU,Lloyd,Lc,145,001
EU,Lloyd,Lk,145,002
EU,Lloyd,Lp,145,003
EU,Lloyd,Ls,145,004
EU,Lotus,2,146,000
EU,Lotus,3,146,001
EU,Lotus,Eclat,146,002
EU,Lotus,Elan,146,003
EU,Lotus,Eletre,146,004
EU,Lotus,Elise,146,005
EU,Lotus,Elite,146,006
EU,Lotus,Emeya,146,007
EU,Lotus,Emira,146,008
EU,Lotus,Esprit s2,146,009
EU,Lotus,Esprit s3,146,010
EU,Lotus,Esprit s4,146,011
EU,Lotus,Europa,146,012
EU,Lotus,Evora,146,013
EU,Lotus,Excel,146,014
EU,Lotus,Exige,146,015
EU,LTI,Tx,147,000
EU,Lucid,Air,148,000
EU,Lucid,Gravity,148,001
EU,Lynk & CO,1,149,000
EU,Lynk & CO,2,149,001
EU,Lynk & CO,8,149,002
EU,M-hero,1,150,000
EU,M-hero,2,150,001
EU,Mahindra,Cj 3,151,000
EU,Mahindra,Cj 3 wagon,151,001
EU,Mahindra,Goa,151,002
EU,Mahindra,Kuv100,151,003
EU,MAN,Tge,152,000
EU,Marcos,Lm,153,000
EU,Marcos,Ts 500,153,001
EU,Marcos,Tso convertible,153,002
EU,Marcos,Tso gt2,153,003
EU,Maserati,228,154,000
EU,Maserati,3200 gt,154,001
EU,Maserati,4200 gt /,154,002
EU,Maserati,4200 gt spyder,154,003
EU,Maserati,Biturbo,154,004
EU,Maserati,Bora,154,005
EU,Maserati,Ghibli,154,006
EU,Maserati,Gran turismo i,154,007
EU,Maserati,Gran turismo ii,154,008
EU,Maserati,Grancabrio,154,009
EU,Maserati,Gransport,154,010
EU,Maserati,Grecale,154,011
EU,Maserati,Indy,154,012
EU,Maserati,Karif,154,013
EU,Maserati,Khamsin,154,014
EU,Maserati,Kyalami,154,015
EU,Maserati,Levante,154,016
EU,Maserati,Mc 12,154,017
EU,Maserati,Mc 20,154,018
EU,Maserati,Mcpura,154,019
EU,Maserati,Merak,154,020
EU,Maserati,Mexico,154,021
EU,Maserati,Mistral,154,022
EU,Maserati,Quattroporte i,154,023
EU,Maserati,Quattroporte ii,154,024
EU,Maserati,Quattroporte iii,154,025
EU,Maserati,Quattroporte iv,154,026
EU,Maserati,Quattroporte v,154,027
EU,Maserati,Quattroporte vi,154,028
EU,Maserati,Shamal,154,029
EU,Maserati,Spyder,154,030
EU,Maxus,Deliver 7,155,000
EU,Maxus,Deliver 9,155,001
EU,Maxus,Edeliver 3,155,002
EU,Maxus,Edeliver 5,155,003
EU,Maxus,Edeliver 7,155,004
EU,Maxus,Edeliver 9,155,005
EU,Maxus,Eterron 9,155,006
EU,Maxus,Euniq 5,155,007
EU,Maxus,Euniq 5 van,155,008
EU,Maxus,Euniq 6,155,009
EU,Maxus,Mifa 7,155,010
EU,Maxus,Mifa 9,155,011
EU,Maxus,T60 max,155,012
EU,Maxus,T90,155,013
EU,Maxus,V80,155,014
EU,Maybach,57,156,000
EU,Maybach,62,156,001
EU,Mazda,1000,157,000
EU,Mazda,121 i,157,001
EU,Mazda,121 ii,157,002
EU,Mazda,121 iii,157,003
EU,Mazda,1300,157,004
EU,Mazda,1800,157,005
EU,Mazda,2,157,006
EU,Mazda,3,157,007
EU,Mazda,323 c iv,157,008
EU,Mazda,323 c v,157,009
EU,Mazda,323 f iv,157,010
EU,Mazda,323 f v,157,011
EU,Mazda,323 f vi,157,012
EU,Mazda,323 i,157,013
EU,Mazda,323 i station wagon,157,014
EU,Mazda,323 ii,157,015
EU,Mazda,323 ii hatchback,157,016
EU,Mazda,323 iii,157,017
EU,Mazda,323 iii hatchback,157,018
EU,Mazda,323 iii station wagon,157,019
EU,Mazda,323 p v,157,020
EU,Mazda,323 s iv,157,021
EU,Mazda,323 s v,157,022
EU,Mazda,323 s vi,157,023
EU,Mazda,5,157,024
EU,Mazda,6,157,025
EU,Mazda,616,157,026
EU,Mazda,626 i,157,027
EU,Mazda,626 ii,157,028
EU,Mazda,626 ii hatchback,157,029
EU,Mazda,626 iii,157,030
EU,Mazda,626 iii hatchback,157,031
EU,Mazda,626 iii station wagon,157,032
EU,Mazda,626 iv,157,033
EU,Mazda,626 iv hatchback,157,034
EU,Mazda,626 v,157,035
EU,Mazda,626 v hatchback,157,036
EU,Mazda,626 v station wagon,157,037
EU,Mazda,6e,157,038
EU,Mazda,818,157,039
EU,Mazda,929 i,157,040
EU,Mazda,929 ii,157,041
EU,Mazda,929 iii,157,042
EU,Mazda,929 iv,157,043
EU,Mazda,Az1,157,044
EU,Mazda,B-Serie,157,045
EU,Mazda,Bt-50,157,046
EU,Mazda,Cx-3,157,047
EU,Mazda,Cx-30,157,048
EU,Mazda,Cx-5,157,049
EU,Mazda,Cx-60,157,050
EU,Mazda,Cx-6e,157,051
EU,Mazda,Cx-7,157,052
EU,Mazda,Cx-80,157,053
EU,Mazda,Cx-9,157,054
EU,Mazda,Demio,157,055
EU,Mazda,E,157,056
EU,Mazda,Mpv i,157,057
EU,Mazda,Mpv ii,157,058
EU,Mazda,Mx-3,157,059
EU,Mazda,Mx-30,157,060
EU,Mazda,Mx-5 i,157,061
EU,Mazda,Mx-5 ii,157,062
EU,Mazda,Mx-5 iii,157,063
EU,Mazda,Mx-5 iv,157,064
EU,Mazda,Mx-5 rf,157,065
EU,Mazda,Mx-6,157,066
EU,Mazda,Premacy,157,067
EU,Mazda,Rx-4,157,068
EU,Mazda,Rx-5,157,069
EU,Mazda,Rx-7 i,157,070
EU,Mazda,Rx-7 ii,157,071
EU,Mazda,Rx-7 iii,157,072
EU,Mazda,Rx-8,157,073
EU,Mazda,Tribute,157,074
EU,Mazda,Xedos 6,157,075
EU,Mazda,Xedos 9,157,076
EU,Mclaren,540c,158,000
EU,Mclaren,570gt,158,001
EU,Mclaren,570s,158,002
EU,Mclaren,600lt,158,003
EU,Mclaren,650s,158,004
EU,Mclaren,650s spider,158,005
EU,Mclaren,675lt,158,006
EU,Mclaren,675lt spider,158,007
EU,Mclaren,720s,158,008
EU,Mclaren,750s,158,009
EU,Mclaren,765lt,158,010
EU,Mclaren,Artura,158,011
EU,Mclaren,F1,158,012
EU,Mclaren,Gt,158,013
EU,Mclaren,Gts,158,014
EU,Mclaren,Lm,158,015
EU,Mclaren,Mp4,158,016
EU,Mclaren,Mp4 spider,158,017
EU,Mclaren,P1,158,018
EU,Mclaren,Senna,158,019
EU,Mclaren,Speedtail,158,020
EU,Mclaren,W1,158,021
EU,Mega,D-Truck,159,000
EU,Mega,E-Worker,159,001
EU,Mercedes-benz,/8,160,000
EU,Mercedes-benz,123,160,001
EU,Mercedes-benz,123 t-Model,160,002
EU,Mercedes-benz,124,160,003
EU,Mercedes-benz,170,160,004
EU,Mercedes-benz,190,160,005
EU,Mercedes-benz,300,160,006
EU,Mercedes-benz,300 a,160,007
EU,Mercedes-benz,300 d,160,008
EU,Mercedes-benz,300 roadster,160,009
EU,Mercedes-benz,A-Klasse,160,010
EU,Mercedes-benz,Amg gt,160,011
EU,Mercedes-benz,Amg gt roadster,160,012
EU,Mercedes-benz,B-Klasse sports tourer,160,013
EU,Mercedes-benz,C-Klasse,160,014
EU,Mercedes-benz,Cabriolet,160,015
EU,Mercedes-benz,Citan,160,016
EU,Mercedes-benz,Citan mixto,160,017
EU,Mercedes-benz,Citan tourer,160,018
EU,Mercedes-benz,Cla,160,019
EU,Mercedes-benz,Clc-Klasse,160,020
EU,Mercedes-benz,Cle,160,021
EU,Mercedes-benz,Clk,160,022
EU,Mercedes-benz,Cls,160,023
EU,Mercedes-benz,Coupe,160,024
EU,Mercedes-benz,E-Klasse,160,025
EU,Mercedes-benz,Eqa,160,026
EU,Mercedes-benz,Eqb,160,027
EU,Mercedes-benz,Eqc,160,028
EU,Mercedes-benz,Eqe,160,029
EU,Mercedes-benz,Eqs,160,030
EU,Mercedes-benz,Eqt,160,031
EU,Mercedes-benz,Eqv,160,032
EU,Mercedes-benz,G-Class,160,033
EU,Mercedes-benz,G-Klasse,160,034
EU,Mercedes-benz,Gl-Klasse,160,035
EU,Mercedes-benz,Gla,160,036
EU,Mercedes-benz,Gla-Klasse,160,037
EU,Mercedes-benz,Glb,160,038
EU,Mercedes-benz,Glc,160,039
EU,Mercedes-benz,Gle,160,040
EU,Mercedes-benz,Glk-Klasse,160,041
EU,Mercedes-benz,Gls,160,042
EU,Mercedes-benz,Gullwing,160,043
EU,Mercedes-benz,Heckflosse,160,044
EU,Mercedes-benz,Henschel 2-T,160,045
EU,Mercedes-benz,M-Klasse,160,046
EU,Mercedes-benz,Marco polo camper,160,047
EU,Mercedes-benz,Mb,160,048
EU,Mercedes-benz,Pagode,160,049
EU,Mercedes-benz,Ponton,160,050
EU,Mercedes-benz,Pullmann,160,051
EU,Mercedes-benz,R-Klasse,160,052
EU,Mercedes-benz,S-Klasse,160,053
EU,Mercedes-benz,Sl,160,054
EU,Mercedes-benz,Slc,160,055
EU,Mercedes-benz,Slk,160,056
EU,Mercedes-benz,Slr,160,057
EU,Mercedes-benz,Sls amg,160,058
EU,Mercedes-benz,Sls amg roadster,160,059
EU,Mercedes-benz,Sprinter 2-T,160,060
EU,Mercedes-benz,Sprinter 3,160,061
EU,Mercedes-benz,Sprinter 3-T,160,062
EU,Mercedes-benz,Sprinter 3-T tourer,160,063
EU,Mercedes-benz,Sprinter 4,160,064
EU,Mercedes-benz,Sprinter 4-T,160,065
EU,Mercedes-benz,Sprinter 4-T tourer,160,066
EU,Mercedes-benz,Sprinter 5-T,160,067
EU,Mercedes-benz,Sprinter classic 3,160,068
EU,Mercedes-benz,Sprinter classic 4,160,069
EU,Mercedes-benz,T-Klasse,160,070
EU,Mercedes-benz,T1,160,071
EU,Mercedes-benz,T1/tn,160,072
EU,Mercedes-benz,T2/l,160,073
EU,Mercedes-benz,T2/ln1,160,074
EU,Mercedes-benz,V-Klasse,160,075
EU,Mercedes-benz,Vaneo,160,076
EU,Mercedes-benz,Vario,160,077
EU,Mercedes-benz,Viano,160,078
EU,Mercedes-benz,Vito,160,079
EU,Mercedes-benz,Vito / mixto,160,080
EU,Mercedes-benz,Vito mixto,160,081
EU,Mercedes-benz,Vito tourer,160,082
EU,Mercedes-benz,Vle,160,083
EU,Mercedes-benz,X-Klasse,160,084
EU,Mercury,Cougar,161,000
EU,Mercury,Villager mini passenger van,161,001
EU,Metrocab,Taxi,162,000
EU,MG,1300,163,000
EU,MG,Cyberster,163,001
EU,MG,Hs,163,002
EU,MG,Maestro,163,003
EU,MG,Magnette,163,004
EU,MG,Marvel r,163,005
EU,MG,Metro,163,006
EU,MG,Mg 3,163,007
EU,MG,Mg 4,163,008
EU,MG,Mg 5,163,009
EU,MG,Mg 6,163,010
EU,MG,Mg x-Power,163,011
EU,MG,Mg4 urban,163,012
EU,MG,Mgb,163,013
EU,MG,Mgb gt,163,014
EU,MG,Mgc,163,015
EU,MG,Mgf,163,016
EU,MG,Mgr v8,163,017
EU,MG,Mgs5,163,018
EU,MG,Mgs6,163,019
EU,MG,Midget,163,020
EU,MG,Montego,163,021
EU,MG,S9,163,022
EU,MG,Tf,163,023
EU,MG,Zr,163,024
EU,MG,Zs,163,025
EU,MG,Zt,163,026
EU,MG,Zt- t,163,027
EU,MIA Electric,Mia,164,000
EU,Micro,Microlino,165,000
EU,Microcar,Due,166,000
EU,Microcar,F8,166,001
EU,Microcar,M.go,166,002
EU,Minelli,Tf,167,000
EU,Mini,Mini,168,000
EU,Mitsubishi,3000 gt,169,000
EU,Mitsubishi,Asx,169,001
EU,Mitsubishi,Attrage vi,169,002
EU,Mitsubishi,Carisma,169,003
EU,Mitsubishi,Colt czc vi,169,004
EU,Mitsubishi,Colt i,169,005
EU,Mitsubishi,Colt ii,169,006
EU,Mitsubishi,Colt iii,169,007
EU,Mitsubishi,Colt iv,169,008
EU,Mitsubishi,Colt v,169,009
EU,Mitsubishi,Colt vi,169,010
EU,Mitsubishi,Colt vii,169,011
EU,Mitsubishi,Cordia,169,012
EU,Mitsubishi,Delica / space gear,169,013
EU,Mitsubishi,Diamante i,169,014
EU,Mitsubishi,Eclipse,169,015
EU,Mitsubishi,Eclipse cross,169,016
EU,Mitsubishi,Eclipse cross mk ii,169,017
EU,Mitsubishi,Eclipse i,169,018
EU,Mitsubishi,Eclipse ii,169,019
EU,Mitsubishi,Eclipse iv,169,020
EU,Mitsubishi,Fto,169,021
EU,Mitsubishi,Galant iii,169,022
EU,Mitsubishi,Galant iii station wagon,169,023
EU,Mitsubishi,Galant iv,169,024
EU,Mitsubishi,Galant iv station wagon,169,025
EU,Mitsubishi,Galant ix,169,026
EU,Mitsubishi,Galant v,169,027
EU,Mitsubishi,Galant vi,169,028
EU,Mitsubishi,Galant vii,169,029
EU,Mitsubishi,Galant viii,169,030
EU,Mitsubishi,Galloper,169,031
EU,Mitsubishi,Grandis,169,032
EU,Mitsubishi,Gto,169,033
EU,Mitsubishi,I,169,034
EU,Mitsubishi,L 300 / delica ii,169,035
EU,Mitsubishi,L 300 iii,169,036
EU,Mitsubishi,L200,169,037
EU,Mitsubishi,L400,169,038
EU,Mitsubishi,Lancer cargo,169,039
EU,Mitsubishi,Lancer celeste,169,040
EU,Mitsubishi,Lancer f,169,041
EU,Mitsubishi,Lancer i,169,042
EU,Mitsubishi,Lancer i station wagon,169,043
EU,Mitsubishi,Lancer ii,169,044
EU,Mitsubishi,Lancer iii,169,045
EU,Mitsubishi,Lancer iii station wagon,169,046
EU,Mitsubishi,Lancer iv,169,047
EU,Mitsubishi,Lancer v,169,048
EU,Mitsubishi,Lancer v station wagon,169,049
EU,Mitsubishi,Lancer vi,169,050
EU,Mitsubishi,Lancer vii,169,051
EU,Mitsubishi,Lancer viii,169,052
EU,Mitsubishi,Lancer viii sportback,169,053
EU,Mitsubishi,Outlander i,169,054
EU,Mitsubishi,Outlander ii,169,055
EU,Mitsubishi,Outlander ii van,169,056
EU,Mitsubishi,Outlander iii,169,057
EU,Mitsubishi,Outlander iii van,169,058
EU,Mitsubishi,Outlander iv,169,059
EU,Mitsubishi,Pajero classic,169,060
EU,Mitsubishi,Pajero i,169,061
EU,Mitsubishi,Pajero i canvas top,169,062
EU,Mitsubishi,Pajero ii,169,063
EU,Mitsubishi,Pajero ii canvas top,169,064
EU,Mitsubishi,Pajero iii,169,065
EU,Mitsubishi,Pajero iii canvas top,169,066
EU,Mitsubishi,Pajero iv,169,067
EU,Mitsubishi,Pajero iv van,169,068
EU,Mitsubishi,Pajero pinin i,169,069
EU,Mitsubishi,Pajero sport i,169,070
EU,Mitsubishi,Pajero sport ii,169,071
EU,Mitsubishi,Pajero sport iii,169,072
EU,Mitsubishi,Proudia/dignity,169,073
EU,Mitsubishi,Santamo,169,074
EU,Mitsubishi,Sapporo i,169,075
EU,Mitsubishi,Sapporo ii,169,076
EU,Mitsubishi,Sapporo iii,169,077
EU,Mitsubishi,Sigma,169,078
EU,Mitsubishi,Space runner,169,079
EU,Mitsubishi,Space star,169,080
EU,Mitsubishi,Space star vi,169,081
EU,Mitsubishi,Space wagon,169,082
EU,Mitsubishi,Space wagon van,169,083
EU,Mitsubishi,Starion,169,084
EU,Mitsubishi,Tredia,169,085
EU,Mitsuoka,Himiko,170,000
EU,Mitsuoka,Orochi,170,001
EU,Mobilize,Bento pro,171,000
EU,Mobilize,Duo,171,001
EU,Morgan,3-Wheeler,172,000
EU,Morgan,Aero,172,001
EU,Morgan,Aero 8,172,002
EU,Morgan,Aero supersports,172,003
EU,Morgan,Aeromax,172,004
EU,Morgan,Four,172,005
EU,Morgan,Plus eight,172,006
EU,Morgan,Plus four,172,007
EU,Morgan,Plus six,172,008
EU,Morgan,Roadster,172,009
EU,Morgan,Supersport,172,010
EU,Morris,Marina,173,000
EU,Morris,Mini,173,001
EU,Moskvich,2140,174,000
EU,Moskvich,2141,174,001
EU,Moskvich,403,174,002
EU,Moskvich,407,174,003
EU,Moskvich,412,174,004
EU,Moskvich,423,174,005
EU,Moskvich,427,174,006
EU,Moskvich,Aslk 2137,174,007
EU,Moskvich,Aslk 2140,174,008
EU,Mosler,Mt900,175,000
EU,MPM Motors,Erelis,176,000
EU,Navor,E5,177,000
EU,Nextem,Humpback,178,000
EU,Nextem,Minke,178,001
EU,Nextem,Orca,178,002
EU,NIO,Ec6,179,000
EU,NIO,El6,179,001
EU,NIO,El7,179,002
EU,NIO,El8,179,003
EU,NIO,Es6,179,004
EU,NIO,Es8,179,005
EU,NIO,Et5,179,006
EU,NIO,Et7,179,007
EU,Nissan,100nx,180,000
EU,Nissan,200sx,180,001
EU,Nissan,240sx,180,002
EU,Nissan,240z,180,003
EU,Nissan,260z,180,004
EU,Nissan,280zx,180,005
EU,Nissan,300zx,180,006
EU,Nissan,350z,180,007
EU,Nissan,350z roadster,180,008
EU,Nissan,370z,180,009
EU,Nissan,370z roadster,180,010
EU,Nissan,Almera i,180,011
EU,Nissan,Almera i hatchback,180,012
EU,Nissan,Almera ii,180,013
EU,Nissan,Almera ii hatchback,180,014
EU,Nissan,Almera tino,180,015
EU,Nissan,Ariya,180,016
EU,Nissan,Bluebird,180,017
EU,Nissan,Cabstar,180,018
EU,Nissan,Cedric,180,019
EU,Nissan,Cefiro ii,180,020
EU,Nissan,Cefiro iii,180,021
EU,Nissan,Cherry,180,022
EU,Nissan,Cima,180,023
EU,Nissan,Cube,180,024
EU,Nissan,Datsun 100a,180,025
EU,Nissan,Datsun 120,180,026
EU,Nissan,Datsun 120y,180,027
EU,Nissan,Datsun 140j,180,028
EU,Nissan,Datsun 140y,180,029
EU,Nissan,Datsun 160j,180,030
EU,Nissan,Datsun 180b,180,031
EU,Nissan,Datsun 240,180,032
EU,Nissan,Elgrand,180,033
EU,Nissan,Figaro,180,034
EU,Nissan,Gt-R,180,035
EU,Nissan,Interstar,180,036
EU,Nissan,Juke,180,037
EU,Nissan,Kubistar,180,038
EU,Nissan,Laurel,180,039
EU,Nissan,Leaf,180,040
EU,Nissan,Maxima / qx iv,180,041
EU,Nissan,Maxima / qx v,180,042
EU,Nissan,Maxima iii,180,043
EU,Nissan,Maxima vi,180,044
EU,Nissan,Micra c+c iii,180,045
EU,Nissan,Micra i,180,046
EU,Nissan,Micra ii,180,047
EU,Nissan,Micra iii,180,048
EU,Nissan,Micra iv,180,049
EU,Nissan,Micra mk vi,180,050
EU,Nissan,Micra v,180,051
EU,Nissan,Murano i,180,052
EU,Nissan,Murano ii,180,053
EU,Nissan,Murano ii van,180,054
EU,Nissan,Navara,180,055
EU,Nissan,Note,180,056
EU,Nissan,Np300 pickup,180,057
EU,Nissan,Nt400 cabstar,180,058
EU,Nissan,Nv200,180,059
EU,Nissan,Nv200 / evalia,180,060
EU,Nissan,Nv250,180,061
EU,Nissan,Nv300,180,062
EU,Nissan,Nv300 kombi,180,063
EU,Nissan,Nv400,180,064
EU,Nissan,Pathfinder i,180,065
EU,Nissan,Pathfinder ii,180,066
EU,Nissan,Pathfinder iii,180,067
EU,Nissan,Pathfinder iii van,180,068
EU,Nissan,Pathfinder iv,180,069
EU,Nissan,Patrol gr iv,180,070
EU,Nissan,Patrol gr v wagon,180,071
EU,Nissan,Patrol iii/1 hardtop,180,072
EU,Nissan,Patrol iii/1 station wagon,180,073
EU,Nissan,Patrol iii/2 hardtop,180,074
EU,Nissan,Patrol iii/2 station wagon,180,075
EU,Nissan,Patrol vi,180,076
EU,Nissan,Pick up,180,077
EU,Nissan,Pixo,180,078
EU,Nissan,Prairie,180,079
EU,Nissan,Primastar,180,080
EU,Nissan,Primera,180,081
EU,Nissan,Pulsar,180,082
EU,Nissan,Qashqai +2,180,083
EU,Nissan,Qashqai +2 van,180,084
EU,Nissan,Qashqai i,180,085
EU,Nissan,Qashqai i van,180,086
EU,Nissan,Qashqai ii,180,087
EU,Nissan,Qashqai iii,180,088
EU,Nissan,Quest,180,089
EU,Nissan,Rogue,180,090
EU,Nissan,Sentra vi,180,091
EU,Nissan,Sentra vii,180,092
EU,Nissan,Serena,180,093
EU,Nissan,Silvia,180,094
EU,Nissan,Skyline,180,095
EU,Nissan,Stanza,180,096
EU,Nissan,Sunny,180,097
EU,Nissan,Teana i,180,098
EU,Nissan,Teana ii,180,099
EU,Nissan,Teana iii,180,100
EU,Nissan,Terrano,180,101
EU,Nissan,Tiida,180,102
EU,Nissan,Townstar,180,103
EU,Nissan,Townstar evalia,180,104
EU,Nissan,Trade,180,105
EU,Nissan,Urvan,180,106
EU,Nissan,Vanette,180,107
EU,Nissan,Vanette cargo,180,108
EU,Nissan,X-Trail i,180,109
EU,Nissan,X-Trail ii,180,110
EU,Nissan,X-Trail iii,180,111
EU,Nissan,X-Trail iv,180,112
EU,Nissan,X-Trail van,180,113
EU,NSU,1000,181,000
EU,NSU,1200,181,001
EU,NSU,Prinz,181,002
EU,NSU,Ro 80,181,003
EU,NSU,Spider,181,004
EU,NSU,Sportprinz,181,005
EU,NSU,Tt,181,006
EU,NSU,Tts,181,007
EU,OHM,Ecovan,182,000
EU,Oldsmobile,Cutlass supreme,183,000
EU,Omoda,5,184,000
EU,Omoda,9,184,001
EU,Omoda,C5,184,002
EU,Opel,Adam,185,000
EU,Opel,Admiral a,185,001
EU,Opel,Admiral b,185,002
EU,Opel,Agila a,185,003
EU,Opel,Agila b,185,004
EU,Opel,Ampera,185,005
EU,Opel,Ampera-E,185,006
EU,Opel,Antara a,185,007
EU,Opel,Arena,185,008
EU,Opel,Arena combi,185,009
EU,Opel,Ascona a,185,010
EU,Opel,Ascona a caravan,185,011
EU,Opel,Ascona b,185,012
EU,Opel,Ascona c,185,013
EU,Opel,Ascona c cc,185,014
EU,Opel,Astra f,185,015
EU,Opel,Astra f caravan,185,016
EU,Opel,Astra f cc,185,017
EU,Opel,Astra f classic,185,018
EU,Opel,Astra f classic caravan,185,019
EU,Opel,Astra f classic cc,185,020
EU,Opel,Astra g,185,021
EU,Opel,Astra g caravan,185,022
EU,Opel,Astra g cc,185,023
EU,Opel,Astra g classic,185,024
EU,Opel,Astra g classic caravan,185,025
EU,Opel,Astra h,185,026
EU,Opel,Astra h caravan,185,027
EU,Opel,Astra h family,185,028
EU,Opel,Astra h family caravan,185,029
EU,Opel,Astra h gtc,185,030
EU,Opel,Astra h twintop,185,031
EU,Opel,Astra j,185,032
EU,Opel,Astra j caravan,185,033
EU,Opel,Astra j gtc,185,034
EU,Opel,Astra k,185,035
EU,Opel,Astra k sports tourer,185,036
EU,Opel,Astra l,185,037
EU,Opel,Astra l sports tourer,185,038
EU,Opel,Calibra a,185,039
EU,Opel,Campo,185,040
EU,Opel,Cascada,185,041
EU,Opel,Combo,185,042
EU,Opel,Combo e tour / life,185,043
EU,Opel,Combo tour,185,044
EU,Opel,Commodore a,185,045
EU,Opel,Commodore b,185,046
EU,Opel,Commodore c,185,047
EU,Opel,Commodore c caravan,185,048
EU,Opel,Corsa a,185,049
EU,Opel,Corsa a cc,185,050
EU,Opel,Corsa a tr,185,051
EU,Opel,Corsa b,185,052
EU,Opel,Corsa b caravan,185,053
EU,Opel,Corsa c,185,054
EU,Opel,Corsa d,185,055
EU,Opel,Corsa e,185,056
EU,Opel,Corsa f,185,057
EU,Opel,Corsa utility c,185,058
EU,Opel,Crossland x /,185,059
EU,Opel,Crossland x van,185,060
EU,Opel,Diplomat a,185,061
EU,Opel,Diplomat b,185,062
EU,Opel,Frontera,185,063
EU,Opel,Grandland,185,064
EU,Opel,Gt,185,065
EU,Opel,Insignia a,185,066
EU,Opel,Insignia a country tourer,185,067
EU,Opel,Insignia a sports tourer,185,068
EU,Opel,Insignia b country tourer,185,069
EU,Opel,Insignia b grand sport,185,070
EU,Opel,Insignia b sports tourer,185,071
EU,Opel,Kadett a,185,072
EU,Opel,Kadett a caravan,185,073
EU,Opel,Kadett b,185,074
EU,Opel,Kadett b caravan,185,075
EU,Opel,Kadett c,185,076
EU,Opel,Kadett c caravan,185,077
EU,Opel,Kadett c cc,185,078
EU,Opel,Kadett d,185,079
EU,Opel,Kadett d caravan,185,080
EU,Opel,Kadett e,185,081
EU,Opel,Kadett e caravan,185,082
EU,Opel,Kadett e cc,185,083
EU,Opel,Kadett e combo,185,084
EU,Opel,Kapitän,185,085
EU,Opel,Karl,185,086
EU,Opel,Manta a,185,087
EU,Opel,Manta b,185,088
EU,Opel,Manta b cc,185,089
EU,Opel,Meriva a,185,090
EU,Opel,Meriva b,185,091
EU,Opel,Meriva b van,185,092
EU,Opel,Mokka,185,093
EU,Opel,Monterey a,185,094
EU,Opel,Monterey b,185,095
EU,Opel,Monza a,185,096
EU,Opel,Movano a,185,097
EU,Opel,Movano b,185,098
EU,Opel,Movano c,185,099
EU,Opel,Olympia a,185,100
EU,Opel,Olympia rekord,185,101
EU,Opel,Olympia rekord caravan,185,102
EU,Opel,Omega a,185,103
EU,Opel,Omega a caravan,185,104
EU,Opel,Omega b,185,105
EU,Opel,Omega b caravan,185,106
EU,Opel,Rekord a,185,107
EU,Opel,Rekord b,185,108
EU,Opel,Rekord b caravan,185,109
EU,Opel,Rekord c,185,110
EU,Opel,Rekord c caravan,185,111
EU,Opel,Rekord d,185,112
EU,Opel,Rekord d caravan,185,113
EU,Opel,Rekord e,185,114
EU,Opel,Rekord e caravan,185,115
EU,Opel,Rekord p1,185,116
EU,Opel,Rekord p1 caravan,185,117
EU,Opel,Rekord p2,185,118
EU,Opel,Rekord p2 caravan,185,119
EU,Opel,Rocks-E,185,120
EU,Opel,Senator,185,121
EU,Opel,Signum cc,185,122
EU,Opel,Sintra,185,123
EU,Opel,Speedster,185,124
EU,Opel,Tigra,185,125
EU,Opel,Vectra a,185,126
EU,Opel,Vectra a cc,185,127
EU,Opel,Vectra b,185,128
EU,Opel,Vectra b caravan,185,129
EU,Opel,Vectra b cc,185,130
EU,Opel,Vectra c,185,131
EU,Opel,Vectra c caravan,185,132
EU,Opel,Vectra c cc,185,133
EU,Opel,Vivaro a,185,134
EU,Opel,Vivaro b,185,135
EU,Opel,Vivaro c,185,136
EU,Opel,Vivaro c platform cabin,185,137
EU,Opel,Zafira,185,138
EU,ORA,7,186,000
EU,ORA,Funky cat,186,001
EU,Pagani,Huayra,187,000
EU,Pagani,Zonda,187,001
EU,Pagani,Zonda roadster,187,002
EU,Peugeot,1007,188,000
EU,Peugeot,104,188,001
EU,Peugeot,106 i,188,002
EU,Peugeot,106 ii,188,003
EU,Peugeot,106 van ii,188,004
EU,Peugeot,107,188,005
EU,Peugeot,108,188,006
EU,Peugeot,2008 i,188,007
EU,Peugeot,2008 i van,188,008
EU,Peugeot,2008 ii,188,009
EU,Peugeot,204,188,010
EU,Peugeot,205,188,011
EU,Peugeot,205 i,188,012
EU,Peugeot,205 ii,188,013
EU,Peugeot,206,188,014
EU,Peugeot,206 cc,188,015
EU,Peugeot,206 sw,188,016
EU,Peugeot,206 van,188,017
EU,Peugeot,206+,188,018
EU,Peugeot,207,188,019
EU,Peugeot,207 cc,188,020
EU,Peugeot,207 sw,188,021
EU,Peugeot,207/207+,188,022
EU,Peugeot,208,188,023
EU,Peugeot,208 i,188,024
EU,Peugeot,208 ii,188,025
EU,Peugeot,3008 i,188,026
EU,Peugeot,3008 ii,188,027
EU,Peugeot,3008 iii,188,028
EU,Peugeot,3008 van,188,029
EU,Peugeot,301,188,030
EU,Peugeot,304,188,031
EU,Peugeot,305 i,188,032
EU,Peugeot,305 i break,188,033
EU,Peugeot,305 ii,188,034
EU,Peugeot,305 ii break,188,035
EU,Peugeot,306,188,036
EU,Peugeot,307,188,037
EU,Peugeot,308,188,038
EU,Peugeot,308 cc,188,039
EU,Peugeot,308 i,188,040
EU,Peugeot,308 ii,188,041
EU,Peugeot,308 iii,188,042
EU,Peugeot,308 sw i,188,043
EU,Peugeot,308 sw ii,188,044
EU,Peugeot,308 sw iii,188,045
EU,Peugeot,309 i,188,046
EU,Peugeot,309 ii,188,047
EU,Peugeot,4007,188,048
EU,Peugeot,4008,188,049
EU,Peugeot,404,188,050
EU,Peugeot,405 i,188,051
EU,Peugeot,405 i break,188,052
EU,Peugeot,405 ii,188,053
EU,Peugeot,405 ii break,188,054
EU,Peugeot,406,188,055
EU,Peugeot,407,188,056
EU,Peugeot,408 ii,188,057
EU,Peugeot,5008,188,058
EU,Peugeot,504,188,059
EU,Peugeot,505,188,060
EU,Peugeot,508 i,188,061
EU,Peugeot,508 ii,188,062
EU,Peugeot,508 sw,188,063
EU,Peugeot,508 sw i,188,064
EU,Peugeot,508 sw ii,188,065
EU,Peugeot,604,188,066
EU,Peugeot,605,188,067
EU,Peugeot,607,188,068
EU,Peugeot,806,188,069
EU,Peugeot,807,188,070
EU,Peugeot,Bipper,188,071
EU,Peugeot,Boxer,188,072
EU,Peugeot,Expert,188,073
EU,Peugeot,Ion,188,074
EU,Peugeot,J5,188,075
EU,Peugeot,J7,188,076
EU,Peugeot,J9,188,077
EU,Peugeot,Partner,188,078
EU,Peugeot,Partner origin,188,079
EU,Peugeot,Partner tepee,188,080
EU,Peugeot,Rcz,188,081
EU,Peugeot,Rifter,188,082
EU,Peugeot,Traveller,188,083
EU,Piaggio,Ape,189,000
EU,Piaggio,M500,189,001
EU,Piaggio,Porter,189,002
EU,Piaggio,Porter np6,189,003
EU,Piaggio,Porter npe,189,004
EU,Piaggio,Quargo,189,005
EU,Pininfarina,Spidereuropa,190,000
EU,Plymouth,Breeze,191,000
EU,Plymouth,Neon,191,001
EU,Plymouth,Sundance,191,002
EU,Plymouth,Voyager / grand,191,003
EU,Polaris,Slingshot,192,000
EU,Polestar,Polestar 1,193,000
EU,Polestar,Polestar 2,193,001
EU,Polestar,Polestar 3,193,002
EU,Polestar,Polestar 4,193,003
EU,Polestar,Polestar 5,193,004
EU,Pontiac,Firebird,194,000
EU,Pontiac,Phoenix,194,001
EU,Pontiac,Sunbird,194,002
EU,Pontiac,Trans sport,194,003
EU,Pontiac,Trans sport mini cargo van,194,004
EU,Pontiac,Trans sport van,194,005
EU,Porsche,356,195,000
EU,Porsche,356 /speedster,195,001
EU,Porsche,718 boxster,195,002
EU,Porsche,718 boxster spyder,195,003
EU,Porsche,718 cayman,195,004
EU,Porsche,911,195,005
EU,Porsche,912,195,006
EU,Porsche,914,195,007
EU,Porsche,918 spyder,195,008
EU,Porsche,924,195,009
EU,Porsche,928,195,010
EU,Porsche,944,195,011
EU,Porsche,959,195,012
EU,Porsche,968,195,013
EU,Porsche,Boxster,195,014
EU,Porsche,Carrera gt,195,015
EU,Porsche,Cayenne,195,016
EU,Porsche,Cayman,195,017
EU,Porsche,Macan,195,018
EU,Porsche,Panamera,195,019
EU,Porsche,Taycan,195,020
EU,Proton,Gen 2,196,000
EU,Proton,Impian,196,001
EU,Proton,Jumbuck,196,002
EU,Proton,Persona,196,003
EU,Proton,Persona 300,196,004
EU,Proton,Persona 400,196,005
EU,Proton,Satria,196,006
EU,Proton,Wira,196,007
EU,Puch,G-Modell,197,000
EU,RAM,1500 crew cab pickup,198,000
EU,RAM,1500 extended cab pickup,198,001
EU,RAM,1500 standard cab pickup,198,002
EU,RAM,2500,198,003
EU,RAM,Rampage,198,004
EU,Renault,10,199,000
EU,Renault,11,199,001
EU,Renault,12,199,002
EU,Renault,14,199,003
EU,Renault,15,199,004
EU,Renault,16,199,005
EU,Renault,17,199,006
EU,Renault,18,199,007
EU,Renault,19 i,199,008
EU,Renault,19 i chamade,199,009
EU,Renault,19 ii,199,010
EU,Renault,19 ii chamade,199,011
EU,Renault,20,199,012
EU,Renault,21,199,013
EU,Renault,25,199,014
EU,Renault,30,199,015
EU,Renault,4,199,016
EU,Renault,5,199,017
EU,Renault,6,199,018
EU,Renault,7,199,019
EU,Renault,8,199,020
EU,Renault,9,199,021
EU,Renault,Alaskan,199,022
EU,Renault,Arkana i,199,023
EU,Renault,Austral,199,024
EU,Renault,Avantime,199,025
EU,Renault,Captur i,199,026
EU,Renault,Captur ii,199,027
EU,Renault,Clio i,199,028
EU,Renault,Clio ii,199,029
EU,Renault,Clio iii,199,030
EU,Renault,Clio iii grandtour,199,031
EU,Renault,Clio iv,199,032
EU,Renault,Clio iv grandtour,199,033
EU,Renault,Clio v,199,034
EU,Renault,Clio vi,199,035
EU,Renault,Dauphine,199,036
EU,Renault,Dokker,199,037
EU,Renault,Duster,199,038
EU,Renault,Espace i,199,039
EU,Renault,Espace ii,199,040
EU,Renault,Espace ii van,199,041
EU,Renault,Espace iii,199,042
EU,Renault,Espace iv,199,043
EU,Renault,Espace v,199,044
EU,Renault,Espace vi,199,045
EU,Renault,Estafette,199,046
EU,Renault,Express,199,047
EU,Renault,Fluence,199,048
EU,Renault,Fuego,199,049
EU,Renault,Grand kangoo iii,199,050
EU,Renault,Grand scénic ii,199,051
EU,Renault,Grand scénic iii,199,052
EU,Renault,Grand scénic iv,199,053
EU,Renault,Kadjar,199,054
EU,Renault,Kangoo,199,055
EU,Renault,Koleos i,199,056
EU,Renault,Koleos ii,199,057
EU,Renault,Laguna,199,058
EU,Renault,Laguna i,199,059
EU,Renault,Laguna i grandtour,199,060
EU,Renault,Laguna ii,199,061
EU,Renault,Laguna ii grandtour,199,062
EU,Renault,Laguna iii,199,063
EU,Renault,Laguna iii grandtour,199,064
EU,Renault,Latitude,199,065
EU,Renault,Logan,199,066
EU,Renault,Logan/stepway ii,199,067
EU,Renault,Mascott,199,068
EU,Renault,Master i,199,069
EU,Renault,Master ii,199,070
EU,Renault,Master iii,199,071
EU,Renault,Master iv,199,072
EU,Renault,Master pro,199,073
EU,Renault,Megane cc,199,074
EU,Renault,Megane e-Tech,199,075
EU,Renault,Megane i,199,076
EU,Renault,Megane i classic,199,077
EU,Renault,Megane i coach,199,078
EU,Renault,Megane i grandtour,199,079
EU,Renault,Megane i hatchback van,199,080
EU,Renault,Megane i kombi van,199,081
EU,Renault,Megane ii,199,082
EU,Renault,Megane ii coupé-,199,083
EU,Renault,Megane ii grandtour,199,084
EU,Renault,Megane ii hatchback van,199,085
EU,Renault,Megane iii,199,086
EU,Renault,Megane iii combi van,199,087
EU,Renault,Megane iii grandtour,199,088
EU,Renault,Megane iii hatchback van,199,089
EU,Renault,Megane iv,199,090
EU,Renault,Megane iv grandtour,199,091
EU,Renault,Megane scénic,199,092
EU,Renault,Megane scénic van,199,093
EU,Renault,Modus / grand,199,094
EU,Renault,Rafale,199,095
EU,Renault,Rapid,199,096
EU,Renault,Rodeo 4,199,097
EU,Renault,Rodeo 5,199,098
EU,Renault,Rodeo 6,199,099
EU,Renault,Safrane i,199,100
EU,Renault,Safrane ii,199,101
EU,Renault,Sandero/stepway i,199,102
EU,Renault,Sandero/stepway ii,199,103
EU,Renault,Scenic e-Tech phase i,199,104
EU,Renault,Scénic i,199,105
EU,Renault,Scénic i van,199,106
EU,Renault,Scénic ii,199,107
EU,Renault,Scénic iii,199,108
EU,Renault,Scénic iii van,199,109
EU,Renault,Scénic iv,199,110
EU,Renault,Sport spider,199,111
EU,Renault,Super 5,199,112
EU,Renault,Symbioz,199,113
EU,Renault,Symbol/logan iii,199,114
EU,Renault,Talisman,199,115
EU,Renault,Thalia i,199,116
EU,Renault,Thalia ii,199,117
EU,Renault,Trafic,199,118
EU,Renault,Trafic ii,199,119
EU,Renault,Trafic iii,199,120
EU,Renault,Twingo,199,121
EU,Renault,Twizy,199,122
EU,Renault,Vel satis,199,123
EU,Renault,Wind,199,124
EU,Renault,Zoe,199,125
EU,Renault Trucks,B,200,000
EU,Renault Trucks,Mascott,200,001
EU,Renault Trucks,Messenger,200,002
EU,Reva,I,201,000
EU,Riley,4/72,202,000
EU,Riley,Elf,202,001
EU,Riley,Kestrel,202,002
EU,Rimac,Nevera,203,000
EU,Rivian,Edv series,204,000
EU,Rolls-royce,Camargue,205,000
EU,Rolls-royce,Corniche,205,001
EU,Rolls-royce,Corniche ii,205,002
EU,Rolls-royce,Corniche iv,205,003
EU,Rolls-royce,Corniche v,205,004
EU,Rolls-royce,Cullinan,205,005
EU,Rolls-royce,Dawn,205,006
EU,Rolls-royce,Ghost i,205,007
EU,Rolls-royce,Ghost ii,205,008
EU,Rolls-royce,Ghost ii extended wheelbase,205,009
EU,Rolls-royce,Park ward,205,010
EU,Rolls-royce,Phantom vii,205,011
EU,Rolls-royce,Phantom vii drophead coupe,205,012
EU,Rolls-royce,Phantom viii,205,013
EU,Rolls-royce,Silver dawn,205,014
EU,Rolls-royce,Silver seraph,205,015
EU,Rolls-royce,Silver shadow,205,016
EU,Rolls-royce,Silver spirit,205,017
EU,Rolls-royce,Silver spirit mk i,205,018
EU,Rolls-royce,Silver spirit mk ii,205,019
EU,Rolls-royce,Silver spur,205,020
EU,Rolls-royce,Silver wraith ii,205,021
EU,Rolls-royce,Spectre,205,022
EU,Rolls-royce,Wraith,205,023
EU,Rover,100,206,000
EU,Rover,200,206,001
EU,Rover,200 i,206,002
EU,Rover,200 ii,206,003
EU,Rover,2000-3500,206,004
EU,Rover,25,206,005
EU,Rover,400,206,006
EU,Rover,45 i,206,007
EU,Rover,600,206,008
EU,Rover,75,206,009
EU,Rover,800,206,010
EU,Rover,A60 cambridge,206,011
EU,Rover,Cityrover,206,012
EU,Rover,Coupe,206,013
EU,Rover,Maestro,206,014
EU,Rover,Mini,206,015
EU,Rover,Mini-Moke,206,016
EU,Rover,Montego,206,017
EU,Rover,Streetwise,206,018
EU,RUF,3800,207,000
EU,RUF,3800 roadster,207,001
EU,RUF,Ctr,207,002
EU,RUF,Rct,207,003
EU,RUF,Rgt mk i,207,004
EU,RUF,Rgt mk ii,207,005
EU,RUF,Rgt mk iii,207,006
EU,RUF,Rt 12,207,007
EU,RUF,Rt 35,207,008
EU,RUF,Rt 35 roadster,207,009
EU,RUF,Rtr,207,010
EU,RUF,Scr,207,011
EU,RUF,Turbo florio,207,012
EU,RUF,Turbo r,207,013
EU,RUF,Ultimate,207,014
EU,Saab,600,208,000
EU,Saab,9-3,208,001
EU,Saab,9-3x,208,002
EU,Saab,9-5,208,003
EU,Saab,9-7x,208,004
EU,Saab,90,208,005
EU,Saab,900 i,208,006
EU,Saab,900 i combi coupe,208,007
EU,Saab,900 ii,208,008
EU,Saab,9000,208,009
EU,Saab,95 station wagon,208,010
EU,Saab,96,208,011
EU,Saab,99,208,012
EU,Santana,300,209,000
EU,Santana,300/350,209,001
EU,Santana,Ps10/anibal,209,002
EU,Seat,124,210,000
EU,Seat,127,210,001
EU,Seat,128,210,002
EU,Seat,132,210,003
EU,Seat,133,210,004
EU,Seat,600,210,005
EU,Seat,850,210,006
EU,Seat,Alhambra,210,007
EU,Seat,Altea,210,008
EU,Seat,Arona,210,009
EU,Seat,Arosa,210,010
EU,Seat,Ateca,210,011
EU,Seat,Cordoba,210,012
EU,Seat,Exeo,210,013
EU,Seat,Fura,210,014
EU,Seat,Ibiza i,210,015
EU,Seat,Ibiza ii,210,016
EU,Seat,Ibiza iii,210,017
EU,Seat,Ibiza iv,210,018
EU,Seat,Ibiza iv sc,210,019
EU,Seat,Ibiza iv st,210,020
EU,Seat,Ibiza v,210,021
EU,Seat,Inca,210,022
EU,Seat,Leon,210,023
EU,Seat,Malaga,210,024
EU,Seat,Marbella,210,025
EU,Seat,Mii,210,026
EU,Seat,Panda,210,027
EU,Seat,Ritmo,210,028
EU,Seat,Ronda,210,029
EU,Seat,Tarraco,210,030
EU,Seat,Terra,210,031
EU,Seat,Toledo,210,032
EU,Seres,3,211,000
EU,Seres,5,211,001
EU,Sevic,S70,212,000
EU,Sevic,V500,212,001
EU,Shineray,X30,213,000
EU,Shuanghuan,Ceo,214,000
EU,Silence,S04,215,000
EU,Skoda,100,216,000
EU,Skoda,1000mb,216,001
EU,Skoda,105120,216,002
EU,Skoda,110,216,003
EU,Skoda,1100mb,216,004
EU,Skoda,130,216,005
EU,Skoda,Citigo,216,006
EU,Skoda,E-Citigo,216,007
EU,Skoda,Elroq,216,008
EU,Skoda,Enyaq iv,216,009
EU,Skoda,Enyaq iv coupe,216,010
EU,Skoda,Fabia i,216,011
EU,Skoda,Fabia i combi,216,012
EU,Skoda,Fabia i praktik,216,013
EU,Skoda,Fabia ii,216,014
EU,Skoda,Fabia ii combi,216,015
EU,Skoda,Fabia ii praktik,216,016
EU,Skoda,Fabia iii,216,017
EU,Skoda,Fabia iii praktik,216,018
EU,Skoda,Fabia iv,216,019
EU,Skoda,Favorit,216,020
EU,Skoda,Felicia cube van,216,021
EU,Skoda,Felicia i,216,022
EU,Skoda,Felicia ii,216,023
EU,Skoda,Kamiq,216,024
EU,Skoda,Karoq,216,025
EU,Skoda,Kodiaq i,216,026
EU,Skoda,Kodiaq ii,216,027
EU,Skoda,Octavia,216,028
EU,Skoda,Rapid,216,029
EU,Skoda,Roomster,216,030
EU,Skoda,Scala,216,031
EU,Skoda,Superb i,216,032
EU,Skoda,Superb ii,216,033
EU,Skoda,Superb iii,216,034
EU,Skoda,Superb iv,216,035
EU,Skoda,Yeti,216,036
EU,Skywell,Et5/be11,217,000
EU,Smart,#1,218,000
EU,Smart,#3,218,001
EU,Smart,#5,218,002
EU,Smart,Cabrio,218,003
EU,Smart,City-,218,004
EU,Smart,Crossblade,218,005
EU,Smart,Forfour,218,006
EU,Smart,Fortwo,218,007
EU,Smart,Fortwo cabrio,218,008
EU,Smart,Roadster,218,009
EU,Spijkstaal,Iona,219,000
EU,Sportequipe,Sportequipe 5,220,000
EU,Sportequipe,Sportequipe 6,220,001
EU,Sportequipe,Sportequipe 6 gt,220,002
EU,Sportequipe,Sportequipe 7,220,003
EU,Sportequipe,Sportequipe 7 gtw,220,004
EU,Sportequipe,Sportequipe 8,220,005
EU,Spyker,C12,221,000
EU,Spyker,C8,221,001
EU,Ssangyong,Actyon,222,000
EU,Ssangyong,Chairman,222,001
EU,Ssangyong,Korando,222,002
EU,Ssangyong,Kyron,222,003
EU,Ssangyong,Musso,222,004
EU,Ssangyong,Rexton,222,005
EU,Ssangyong,Rodius i,222,006
EU,Ssangyong,Rodius ii,222,007
EU,Ssangyong,Rodius ii van,222,008
EU,Ssangyong,Stavic,222,009
EU,Ssangyong,Tivoli,222,010
EU,Ssangyong,Torres,222,011
EU,Ssangyong,Xlv,222,012
EU,Ssangyong,Xlv van,222,013
EU,Steyr,500/650,223,000
EU,Steyr,Haflinger,223,001
EU,Streetscooter,Compact,224,000
EU,Streetscooter,Work,224,001
EU,Streetscooter,Work l,224,002
EU,Streetscooter,Work xl,224,003
EU,Subaru,Brz,225,000
EU,Subaru,Crosstrek,225,001
EU,Subaru,E-Outback,225,002
EU,Subaru,Forester,225,003
EU,Subaru,Impreza,225,004
EU,Subaru,Impreza station wagon,225,005
EU,Subaru,Justy i,225,006
EU,Subaru,Justy ii,225,007
EU,Subaru,Justy iii,225,008
EU,Subaru,Justy iv,225,009
EU,Subaru,Legacy i,225,010
EU,Subaru,Legacy i station wagon,225,011
EU,Subaru,Legacy ii,225,012
EU,Subaru,Legacy ii station wagon,225,013
EU,Subaru,Legacy iii,225,014
EU,Subaru,Legacy iii station wagon,225,015
EU,Subaru,Legacy iv,225,016
EU,Subaru,Legacy iv station wagon,225,017
EU,Subaru,Legacy v,225,018
EU,Subaru,Legacy v station wagon,225,019
EU,Subaru,Legacy vi,225,020
EU,Subaru,Leone,225,021
EU,Subaru,Leone / loyale,225,022
EU,Subaru,Leone ii,225,023
EU,Subaru,Leone ii hatchback,225,024
EU,Subaru,Leone ii station wagon,225,025
EU,Subaru,Leone iii,225,026
EU,Subaru,Leone iii station wagon,225,027
EU,Subaru,Levorg,225,028
EU,Subaru,Libero,225,029
EU,Subaru,Mv,225,030
EU,Subaru,Outback,225,031
EU,Subaru,Rex iii,225,032
EU,Subaru,Solterra,225,033
EU,Subaru,Svx,225,034
EU,Subaru,Trezia,225,035
EU,Subaru,Tribeca,225,036
EU,Subaru,Uncharted,225,037
EU,Subaru,Wrx,225,038
EU,Subaru,Xt,225,039
EU,Subaru,Xv,225,040
EU,Suzuki,Across,226,000
EU,Suzuki,Alto i,226,001
EU,Suzuki,Alto ii,226,002
EU,Suzuki,Alto iii,226,003
EU,Suzuki,Alto iv,226,004
EU,Suzuki,Alto k10,226,005
EU,Suzuki,Alto v,226,006
EU,Suzuki,Alto vi,226,007
EU,Suzuki,Alto vii,226,008
EU,Suzuki,Baleno,226,009
EU,Suzuki,Cappuccino,226,010
EU,Suzuki,Carry,226,011
EU,Suzuki,Celerio,226,012
EU,Suzuki,Evitara,226,013
EU,Suzuki,Grand vitara i,226,014
EU,Suzuki,Grand vitara ii,226,015
EU,Suzuki,Ignis i,226,016
EU,Suzuki,Ignis ii,226,017
EU,Suzuki,Ignis iii,226,018
EU,Suzuki,Jimny,226,019
EU,Suzuki,Kizashi,226,020
EU,Suzuki,Liana,226,021
EU,Suzuki,Lj80,226,022
EU,Suzuki,Maruti,226,023
EU,Suzuki,S-Cross,226,024
EU,Suzuki,Samurai,226,025
EU,Suzuki,Sc100,226,026
EU,Suzuki,Sj410,226,027
EU,Suzuki,Sj413,226,028
EU,Suzuki,Splash,226,029
EU,Suzuki,Super carry,226,030
EU,Suzuki,Swace,226,031
EU,Suzuki,Swift,226,032
EU,Suzuki,Swift i,226,033
EU,Suzuki,Swift ii,226,034
EU,Suzuki,Swift iii,226,035
EU,Suzuki,Swift iv,226,036
EU,Suzuki,Swift v,226,037
EU,Suzuki,Swift vi,226,038
EU,Suzuki,Sx4,226,039
EU,Suzuki,Sx4 / classic,226,040
EU,Suzuki,Sx4 s-Cross,226,041
EU,Suzuki,Vitara,226,042
EU,Suzuki,Wagon r,226,043
EU,Suzuki,Wagon r+,226,044
EU,Suzuki,X-90,226,045
EU,Suzuki,Xl7,226,046
EU,SWM Motors,G01,227,000
EU,SWM Motors,G03f,227,001
EU,SWM Motors,G05,227,002
EU,Talbot,1307-1510,228,000
EU,Talbot,160,228,001
EU,Talbot,180,228,002
EU,Talbot,Avenger,228,003
EU,Talbot,Horizon,228,004
EU,Talbot,Matra bagheera,228,005
EU,Talbot,Murena,228,006
EU,Talbot,Rancho,228,007
EU,Talbot,Samba,228,008
EU,Talbot,Simca 1000,228,009
EU,Talbot,Simca 1100,228,010
EU,Talbot,Simca 1100 break/tourisme,228,011
EU,Talbot,Simca 1200 s,228,012
EU,Talbot,Simca 1300,228,013
EU,Talbot,Simca 1301,228,014
EU,Talbot,Simca 1301 tourisme,228,015
EU,Talbot,Simca 1500,228,016
EU,Talbot,Simca 1500 break,228,017
EU,Talbot,Simca 1501,228,018
EU,Talbot,Simca 1501 break/tourisme,228,019
EU,Talbot,Simca 1609/1610,228,020
EU,Talbot,Simca sim'4,228,021
EU,Talbot,Simca sunbeam,228,022
EU,Talbot,Solara,228,023
EU,Talbot,Tagora,228,024
EU,Tata,Aria,229,000
EU,Tata,Indica,229,001
EU,Tata,Indigo,229,002
EU,Tata,Loadbeta,229,003
EU,Tata,Safari,229,004
EU,Tata,Sierra,229,005
EU,Tata,Telcoline,229,006
EU,Tata,Xenon,229,007
EU,Tazzari,Zero,230,000
EU,Tesla,Model 3,231,000
EU,Tesla,Model s,231,001
EU,Tesla,Model x,231,002
EU,Tesla,Model y,231,003
EU,Tesla,Roadster,231,004
EU,Think,City,232,000
EU,Tiger,Eight,233,000
EU,Tiger,Tiger six,233,001
EU,Togg,T10f,234,000
EU,Togg,T10x,234,001
EU,Toyota,1000,235,000
EU,Toyota,4,235,001
EU,Toyota,Allion i,235,002
EU,Toyota,Allion ii,235,003
EU,Toyota,Alphard / vellfire,235,004
EU,Toyota,Aurion,235,005
EU,Toyota,Auris,235,006
EU,Toyota,Avalon,235,007
EU,Toyota,Avensis,235,008
EU,Toyota,Aygo,235,009
EU,Toyota,Bz4x,235,010
EU,Toyota,C-Hr,235,011
EU,Toyota,C-Hr+,235,012
EU,Toyota,Camry,235,013
EU,Toyota,Carina e vi,235,014
EU,Toyota,Carina e vi sportswagon,235,015
EU,Toyota,Carina i,235,016
EU,Toyota,Carina ii,235,017
EU,Toyota,Carina iii,235,018
EU,Toyota,Carina iv,235,019
EU,Toyota,Carina v,235,020
EU,Toyota,Celica,235,021
EU,Toyota,Corolla,235,022
EU,Toyota,Corona,235,023
EU,Toyota,Cressida,235,024
EU,Toyota,Cressida station wagon,235,025
EU,Toyota,Crown,235,026
EU,Toyota,Dyna,235,027
EU,Toyota,Dyna 100,235,028
EU,Toyota,Dyna 150,235,029
EU,Toyota,Fj cruiser,235,030
EU,Toyota,Fortuner,235,031
EU,Toyota,Gr 86,235,032
EU,Toyota,Gt,235,033
EU,Toyota,Hiace / commuter v,235,034
EU,Toyota,Hiace ii,235,035
EU,Toyota,Hiace iii,235,036
EU,Toyota,Hiace iv,235,037
EU,Toyota,Hiace v,235,038
EU,Toyota,Hiace vi,235,039
EU,Toyota,Highlander,235,040
EU,Toyota,Hilux iv,235,041
EU,Toyota,Hilux v,235,042
EU,Toyota,Hilux vi,235,043
EU,Toyota,Hilux vii,235,044
EU,Toyota,Hilux viii,235,045
EU,Toyota,Iq,235,046
EU,Toyota,Isis,235,047
EU,Toyota,Land cruiser,235,048
EU,Toyota,Land cruiser 100,235,049
EU,Toyota,Land cruiser 200,235,050
EU,Toyota,Land cruiser 80,235,051
EU,Toyota,Land cruiser 90,235,052
EU,Toyota,Land cruiser hardtop,235,053
EU,Toyota,Land cruiser pick-Up,235,054
EU,Toyota,Land cruiser prado,235,055
EU,Toyota,Land cruiser softtop,235,056
EU,Toyota,Land cruiser van,235,057
EU,Toyota,Liteace,235,058
EU,Toyota,Liteace wagon,235,059
EU,Toyota,Mirai,235,060
EU,Toyota,Model f,235,061
EU,Toyota,Mr2 i,235,062
EU,Toyota,Mr2 ii,235,063
EU,Toyota,Mr2 iii,235,064
EU,Toyota,Paseo,235,065
EU,Toyota,Picnic,235,066
EU,Toyota,Premio,235,067
EU,Toyota,Previa i,235,068
EU,Toyota,Previa ii,235,069
EU,Toyota,Previa iii,235,070
EU,Toyota,Prius,235,071
EU,Toyota,Proace,235,072
EU,Toyota,Proace city,235,073
EU,Toyota,Proace city verso,235,074
EU,Toyota,Proace max,235,075
EU,Toyota,Proace verso,235,076
EU,Toyota,Ractis,235,077
EU,Toyota,Rav 4 i,235,078
EU,Toyota,Rav 4 i cabrio,235,079
EU,Toyota,Rav 4 ii,235,080
EU,Toyota,Rav 4 iii,235,081
EU,Toyota,Rav 4 iv,235,082
EU,Toyota,Rav 4 iv van,235,083
EU,Toyota,Rav 4 mk vi,235,084
EU,Toyota,Rav 4 v,235,085
EU,Toyota,Rav 4 v van,235,086
EU,Toyota,Scepter,235,087
EU,Toyota,Sienna,235,088
EU,Toyota,Sprinter,235,089
EU,Toyota,Starlet,235,090
EU,Toyota,Supra,235,091
EU,Toyota,Tercel,235,092
EU,Toyota,Tundra,235,093
EU,Toyota,Urban cruiser,235,094
EU,Toyota,Venza,235,095
EU,Toyota,Verso,235,096
EU,Toyota,Wish,235,097
EU,Toyota,Yaris,235,098
EU,Trabant,1.1,236,000
EU,Trabant,P 601,236,001
EU,Trabant,P 601 tramp,236,002
EU,Trabant,P 601 universal,236,003
EU,Triumph,1300,237,000
EU,Triumph,1500 i,237,001
EU,Triumph,2.5 pi mk i,237,002
EU,Triumph,2.5 pi mk i estate,237,003
EU,Triumph,2000 mk i,237,004
EU,Triumph,2000 mk i estate,237,005
EU,Triumph,2000 mkii,237,006
EU,Triumph,2000 mkii estate,237,007
EU,Triumph,2500,237,008
EU,Triumph,Acclaim,237,009
EU,Triumph,Dolomite,237,010
EU,Triumph,Gt6 i,237,011
EU,Triumph,Herald,237,012
EU,Triumph,Spitfire 1500,237,013
EU,Triumph,Spitfire mk i,237,014
EU,Triumph,Spitfire mk ii,237,015
EU,Triumph,Spitfire mk iii,237,016
EU,Triumph,Spitfire mk iv,237,017
EU,Triumph,Stag,237,018
EU,Triumph,Toledo,237,019
EU,Triumph,Tr 2 i,237,020
EU,Triumph,Tr 3 i,237,021
EU,Triumph,Tr 3a i,237,022
EU,Triumph,Tr 4 i,237,023
EU,Triumph,Tr 4a,237,024
EU,Triumph,Tr 5,237,025
EU,Triumph,Tr 6 i,237,026
EU,Triumph,Tr 7 i,237,027
EU,Triumph,Tr 7 ii,237,028
EU,Triumph,Tr 8,237,029
EU,Triumph,Vitesse,237,030
EU,Triumph,Vitesse i,237,031
EU,Tropos,Able xt,238,000
EU,TVR,1300,239,000
EU,TVR,1600,239,001
EU,TVR,2500,239,002
EU,TVR,280,239,003
EU,TVR,3000,239,004
EU,TVR,350,239,005
EU,TVR,390,239,006
EU,TVR,400,239,007
EU,TVR,420,239,008
EU,TVR,420 sports saloon,239,009
EU,TVR,450,239,010
EU,TVR,Cerbera,239,011
EU,TVR,Chimaera,239,012
EU,TVR,Griffith,239,013
EU,TVR,S,239,014
EU,TVR,Speed eight,239,015
EU,TVR,T350 c,239,016
EU,TVR,Taimar,239,017
EU,TVR,Tasmin,239,018
EU,TVR,Tuscan i,239,019
EU,TVR,Tuscan ii roadster,239,020
EU,TVR,Vixen,239,021
EU,Tyn-e,Tx1-E,240,000
EU,Tyn-e,Tx2-E,240,001
EU,Tyn-e,Tx7-E,240,002
EU,UAZ,452,241,000
EU,UAZ,469 / b,241,001
EU,UAZ,Cargo,241,002
EU,UAZ,Hunter,241,003
EU,UAZ,Patriot,241,004
EU,UAZ,Pickup,241,005
EU,Vauxhall,Chevette,242,000
EU,Vauxhall,Chevette cc,242,001
EU,Vauxhall,Grandland,242,002
EU,Vauxhall,Zafira,242,003
EU,Vector,M12,243,000
EU,Victory,Victory,244,000
EU,Vinfast,Vf 6,245,000
EU,Vinfast,Vf 8,245,001
EU,Vinfast,Vf 9,245,002
EU,Volvo,140,246,000
EU,Volvo,164,246,001
EU,Volvo,240,246,002
EU,Volvo,260,246,003
EU,Volvo,340-360,246,004
EU,Volvo,440,246,005
EU,Volvo,460,246,006
EU,Volvo,480,246,007
EU,Volvo,66,246,008
EU,Volvo,740,246,009
EU,Volvo,760,246,010
EU,Volvo,780,246,011
EU,Volvo,850,246,012
EU,Volvo,940,246,013
EU,Volvo,960,246,014
EU,Volvo,C30,246,015
EU,Volvo,C40,246,016
EU,Volvo,C70 i,246,017
EU,Volvo,C70 ii,246,018
EU,Volvo,Ec40,246,019
EU,Volvo,Es90,246,020
EU,Volvo,Ex30,246,021
EU,Volvo,Ex40,246,022
EU,Volvo,Ex60,246,023
EU,Volvo,Ex90,246,024
EU,Volvo,P 121,246,025
EU,Volvo,P 122 s amazon,246,026
EU,Volvo,P 1800,246,027
EU,Volvo,P 210 duett,246,028
EU,Volvo,P 2200,246,029
EU,Volvo,Pv 444,246,030
EU,Volvo,Pv 445 duett,246,031
EU,Volvo,Pv 544,246,032
EU,Volvo,S40 i,246,033
EU,Volvo,S40 ii,246,034
EU,Volvo,S60 i,246,035
EU,Volvo,S60 ii,246,036
EU,Volvo,S60 ii cross country,246,037
EU,Volvo,S60 iii,246,038
EU,Volvo,S70,246,039
EU,Volvo,S80 i,246,040
EU,Volvo,S80 ii,246,041
EU,Volvo,S90 i,246,042
EU,Volvo,S90 ii,246,043
EU,Volvo,V40,246,044
EU,Volvo,V40 cross country,246,045
EU,Volvo,V50,246,046
EU,Volvo,V60 i,246,047
EU,Volvo,V60 i cross country,246,048
EU,Volvo,V60 ii,246,049
EU,Volvo,V60 ii cross country,246,050
EU,Volvo,V70 i,246,051
EU,Volvo,V70 ii,246,052
EU,Volvo,V70 iii,246,053
EU,Volvo,V90 i,246,054
EU,Volvo,V90 ii,246,055
EU,Volvo,V90 ii cross country,246,056
EU,Volvo,Xc40,246,057
EU,Volvo,Xc60 i,246,058
EU,Volvo,Xc60 i van,246,059
EU,Volvo,Xc60 ii,246,060
EU,Volvo,Xc70 i cross country,246,061
EU,Volvo,Xc70 ii,246,062
EU,Volvo,Xc70 ii van,246,063
EU,Volvo,Xc90 i,246,064
EU,Volvo,Xc90 i van,246,065
EU,Volvo,Xc90 ii,246,066
EU,Voyah,Courage,247,000
EU,Voyah,Dream,247,001
EU,Voyah,Free,247,002
EU,VW,15001600,248,000
EU,VW,166,248,001
EU,VW,181,248,002
EU,VW,411412,248,003
EU,VW,412,248,004
EU,VW,Amarok,248,005
EU,VW,Arteon,248,006
EU,VW,Atlas,248,007
EU,VW,Beetle,248,008
EU,VW,Bora,248,009
EU,VW,Caddy alltrack iv,248,010
EU,VW,Caddy california v camper,248,011
EU,VW,Caddy i,248,012
EU,VW,Caddy ii,248,013
EU,VW,Caddy iii,248,014
EU,VW,Caddy iv,248,015
EU,VW,Caddy v,248,016
EU,VW,California,248,017
EU,VW,Cc b7,248,018
EU,VW,Corrado,248,019
EU,VW,Crafter,248,020
EU,VW,Crafter 30-35,248,021
EU,VW,Crafter 30-50,248,022
EU,VW,Derby,248,023
EU,VW,Eos,248,024
EU,VW,Fox,248,025
EU,VW,Fridolin,248,026
EU,VW,Golf alltrack vii variant,248,027
EU,VW,Golf alltrack viii variant,248,028
EU,VW,Golf i,248,029
EU,VW,Golf ii,248,030
EU,VW,Golf ii van,248,031
EU,VW,Golf iii,248,032
EU,VW,Golf iii van,248,033
EU,VW,Golf iii variant,248,034
EU,VW,Golf iv,248,035
EU,VW,Golf iv van,248,036
EU,VW,Golf iv variant,248,037
EU,VW,Golf plus v,248,038
EU,VW,Golf plus van,248,039
EU,VW,Golf sportsvan vii,248,040
EU,VW,Golf v,248,041
EU,VW,Golf v variant,248,042
EU,VW,Golf van iii variant,248,043
EU,VW,Golf van iv variant,248,044
EU,VW,Golf van vi variant,248,045
EU,VW,Golf van vii variant,248,046
EU,VW,Golf vi,248,047
EU,VW,Golf vi van,248,048
EU,VW,Golf vi variant,248,049
EU,VW,Golf vii,248,050
EU,VW,Golf vii van,248,051
EU,VW,Golf vii variant,248,052
EU,VW,Golf viii,248,053
EU,VW,Golf viii variant,248,054
EU,VW,Grand california camper,248,055
EU,VW,Id. buzz,248,056
EU,VW,Id. buzz cargo,248,057
EU,VW,Id. polo,248,058
EU,VW,Id.3,248,059
EU,VW,Id.4,248,060
EU,VW,Id.5,248,061
EU,VW,Id.7,248,062
EU,VW,Iltis,248,063
EU,VW,Jetta i,248,064
EU,VW,Jetta ii,248,065
EU,VW,Jetta iii,248,066
EU,VW,Jetta iv,248,067
EU,VW,Jetta vii,248,068
EU,VW,K 70,248,069
EU,VW,Kaefer,248,070
EU,VW,Karmann ghia,248,071
EU,VW,Load up!,248,072
EU,VW,Lt 28-35 i,248,073
EU,VW,Lt 28-35 ii,248,074
EU,VW,Lt 28-46 ii,248,075
EU,VW,Lt 40-55 i,248,076
EU,VW,Lupo i,248,077
EU,VW,Multivan t5,248,078
EU,VW,Multivan t6,248,079
EU,VW,Multivan t7,248,080
EU,VW,New beetle,248,081
EU,VW,Passat alltrack b7 variant,248,082
EU,VW,Passat alltrack b8 variant,248,083
EU,VW,Passat b1,248,084
EU,VW,Passat b1 variant,248,085
EU,VW,Passat b2,248,086
EU,VW,Passat b2 variant,248,087
EU,VW,Passat b3/b4,248,088
EU,VW,Passat b3/b4 variant,248,089
EU,VW,Passat b5,248,090
EU,VW,Passat b5 variant,248,091
EU,VW,Passat b5.5,248,092
EU,VW,Passat b5.5 variant,248,093
EU,VW,Passat b6,248,094
EU,VW,Passat b6 variant,248,095
EU,VW,Passat b7,248,096
EU,VW,Passat b7 variant,248,097
EU,VW,Passat b8,248,098
EU,VW,Passat b8 variant,248,099
EU,VW,Passat b9 variant,248,100
EU,VW,Passat cc b6,248,101
EU,VW,Phaeton,248,102
EU,VW,Polo,248,103
EU,VW,Routan,248,104
EU,VW,Santana,248,105
EU,VW,Scirocco,248,106
EU,VW,Sharan,248,107
EU,VW,T-Cross,248,108
EU,VW,T-Roc,248,109
EU,VW,Taigo,248,110
EU,VW,Taro,248,111
EU,VW,Tayron,248,112
EU,VW,Tiguan,248,113
EU,VW,Touareg,248,114
EU,VW,Touran,248,115
EU,VW,Transporter / multivan t4,248,116
EU,VW,Transporter t1,248,117
EU,VW,Transporter t2,248,118
EU,VW,Transporter t3,248,119
EU,VW,Transporter t4,248,120
EU,VW,Transporter t5,248,121
EU,VW,Transporter t6,248,122
EU,VW,Transporter t6 / caravelle,248,123
EU,VW,Transporter t7,248,124
EU,VW,Transporter t7 / caravelle,248,125
EU,VW,Up!,248,126
EU,VW,Vento,248,127
EU,VW,Xl1,248,128
EU,Wartburg,353,249,000
EU,WEY,5,250,000
EU,WEY,Coffee 01,250,001
EU,WEY,Coffee 02,250,002
EU,Wiesmann,Gt,251,000
EU,Wiesmann,Mf3 roadster,251,001
EU,Wiesmann,Mf4 roadster,251,002
EU,Wiesmann,Mf5 roadster,251,003
EU,Xbus,X,252,000
EU,Xbus,Xbus,252,001
EU,XEV,Yoyo,253,000
EU,Xpeng,G3,254,000
EU,Xpeng,G3i,254,001
EU,Xpeng,G6,254,002
EU,Xpeng,G9,254,003
EU,Xpeng,P7,254,004
EU,Xpeng,P7+,254,005
EU,Yudo,1,255,000
EU,Yudo,2,255,001
EU,Yudo,3,255,002
EU,Yudo,4,255,003
EU,Yudo,6,255,004
EU,Yudo,Yuntu,255,005
EU,Yugo,Florida,256,000
EU,Zastava,10,257,000
EU,Zastava,101,257,001
EU,Zastava,Koral,257,002
EU,Zastava,Yugo,257,003
EU,ZAZ,Tavria,258,000
EU,ZD,D2s,259,000
EU,Zeekr,1,260,000
EU,Zeekr,7gt,260,001
EU,Zeekr,7x,260,002
EU,Zeekr,X,260,003
EU,Zenvo,St1,261,000
EU,Zuendapp,Janus,262,000
RU,212,Explorer 01,000,000
RU,212,T01,000,001
RU,212,T10,000,002
RU,Abarth,124 Spider,001,000
RU,Abarth,500,001,001
RU,Abarth,595,001,002
RU,Abarth,600e,001,003
RU,Abarth,695,001,004
RU,Abarth,Fastback,001,005
RU,Abarth,Pulse,001,006
RU,AC,378 GT Zagato,002,000
RU,AC,Ace,002,001
RU,AC,Aceca,002,002
RU,AC,Cobra,002,003
RU,AC,Cobra GT,002,004
RU,Acura,ADX,003,000
RU,Acura,CDX,003,001
RU,Acura,CL,003,002
RU,Acura,CSX,003,003
RU,Acura,EL,003,004
RU,Acura,ILX,003,005
RU,Acura,Integra,003,006
RU,Acura,Legend,003,007
RU,Acura,MDX,003,008
RU,Acura,NSX,003,009
RU,Acura,RDX,003,010
RU,Acura,RL,003,011
RU,Acura,RLX,003,012
RU,Acura,RSX,003,013
RU,Acura,SLX,003,014
RU,Acura,TL,003,015
RU,Acura,TLX,003,016
RU,Acura,TSX,003,017
RU,Acura,ZDX,003,018
RU,Adam,Revo,004,000
RU,Adler,Diplomat,005,000
RU,Adler,Trumpf Junior,005,001
RU,Aion,Hyptec A800,006,000
RU,Aion,Hyptec GT (Hyper GT),006,001
RU,Aion,Hyptec HL,006,002
RU,Aion,Hyptec HT (Hyper HT),006,003
RU,Aion,Hyptec S600,006,004
RU,Aion,Hyptec SSR (Hyper SSR),006,005
RU,Aion,I60,006,006
RU,Aion,LX,006,007
RU,Aion,LX Plus,006,008
RU,Aion,N60,006,009
RU,Aion,RT,006,010
RU,Aion,S,006,011
RU,Aion,S Plus,006,012
RU,Aion,UT,006,013
RU,Aion,V,006,014
RU,Aion,V Plus,006,015
RU,Aion,Y,006,016
RU,Aion,Y Plus,006,017
RU,Aistaland,GT7,007,000
RU,Aito,M5,008,000
RU,Aito,M6,008,001
RU,Aito,M7,008,002
RU,Aito,M8,008,003
RU,Aito,M9,008,004
RU,Aiways,U5,009,000
RU,Aiways,U6,009,001
RU,Aixam,500,010,000
RU,Alfa Romeo,105/115,011,000
RU,Alfa Romeo,145,011,001
RU,Alfa Romeo,146,011,002
RU,Alfa Romeo,147,011,003
RU,Alfa Romeo,155,011,004
RU,Alfa Romeo,156,011,005
RU,Alfa Romeo,159,011,006
RU,Alfa Romeo,164,011,007
RU,Alfa Romeo,166,011,008
RU,Alfa Romeo,1900,011,009
RU,Alfa Romeo,2600,011,010
RU,Alfa Romeo,33,011,011
RU,Alfa Romeo,33 Stradale,011,012
RU,Alfa Romeo,4C,011,013
RU,Alfa Romeo,6,011,014
RU,Alfa Romeo,6C,011,015
RU,Alfa Romeo,75,011,016
RU,Alfa Romeo,8C Competizione,011,017
RU,Alfa Romeo,90,011,018
RU,Alfa Romeo,Alfasud,011,019
RU,Alfa Romeo,Alfetta,011,020
RU,Alfa Romeo,Arna,011,021
RU,Alfa Romeo,Brera,011,022
RU,Alfa Romeo,Disco Volante,011,023
RU,Alfa Romeo,Giulia,011,024
RU,Alfa Romeo,Giulietta,011,025
RU,Alfa Romeo,GT,011,026
RU,Alfa Romeo,GTA Coupe,011,027
RU,Alfa Romeo,GTV,011,028
RU,Alfa Romeo,Junior,011,029
RU,Alfa Romeo,MiTo,011,030
RU,Alfa Romeo,Montreal,011,031
RU,Alfa Romeo,RZ,011,032
RU,Alfa Romeo,Spider,011,033
RU,Alfa Romeo,Sprint,011,034
RU,Alfa Romeo,Stelvio,011,035
RU,Alfa Romeo,SZ,011,036
RU,Alfa Romeo,Tonale,011,037
RU,Alpina,B10,012,000
RU,Alpina,B11,012,001
RU,Alpina,B12,012,002
RU,Alpina,B3,012,003
RU,Alpina,B4,012,004
RU,Alpina,B5,012,005
RU,Alpina,B6,012,006
RU,Alpina,B7,012,007
RU,Alpina,B8,012,008
RU,Alpina,B9,012,009
RU,Alpina,C1,012,010
RU,Alpina,C2,012,011
RU,Alpina,D10,012,012
RU,Alpina,D3,012,013
RU,Alpina,D4,012,014
RU,Alpina,D5,012,015
RU,Alpina,Roadster,012,016
RU,Alpina,XB7,012,017
RU,Alpina,XD3,012,018
RU,Alpina,XD4,012,019
RU,Alpine,A110,013,000
RU,Alpine,A290,013,001
RU,Alpine,A310,013,002
RU,Alpine,A390,013,003
RU,Alpine,A610,013,004
RU,Alpine,GTA,013,005
RU,AM General,HMMWV (Humvee),014,000
RU,Ambertruck,Work,015,000
RU,AMC,Eagle,016,000
RU,AMC,Gremlin,016,001
RU,AMC,Hornet,016,002
RU,AMC,Matador,016,003
RU,AMC,Rambler Ambassador,016,004
RU,AMC,Rambler Classic,016,005
RU,Apal,21541 Stalker,017,000
RU,Arcfox,Alpha S,018,000
RU,Arcfox,Alpha S5,018,001
RU,Arcfox,Alpha S6,018,002
RU,Arcfox,Alpha T,018,003
RU,Arcfox,Alpha T5,018,004
RU,Arcfox,Alpha T6,018,005
RU,Arcfox,Beta T1,018,006
RU,Arcfox,Kaola,018,007
RU,Arcfox,Lite,018,008
RU,Arcfox,S3,018,009
RU,Arcfox,T1,018,010
RU,Arcfox,Wendao V9,018,011
RU,Ariel,Atom,019,000
RU,Ariel,Nomad,019,001
RU,Aro,10,020,000
RU,Aro,24,020,001
RU,Asia,Retona,021,000
RU,Asia,Rocsta,021,001
RU,Asia,Topic,021,002
RU,Asia,Towner,021,003
RU,Aston Martin,Bulldog,022,000
RU,Aston Martin,Cygnet,022,001
RU,Aston Martin,DB AR1,022,002
RU,Aston Martin,DB11,022,003
RU,Aston Martin,DB12,022,004
RU,Aston Martin,DB5,022,005
RU,Aston Martin,DB6,022,006
RU,Aston Martin,DB7,022,007
RU,Aston Martin,DB9,022,008
RU,Aston Martin,DBS,022,009
RU,Aston Martin,DBX,022,010
RU,Aston Martin,Lagonda,022,011
RU,Aston Martin,Lagonda Taraf,022,012
RU,Aston Martin,One-77,022,013
RU,Aston Martin,Rapide,022,014
RU,Aston Martin,Tickford Capri,022,015
RU,Aston Martin,V12 Speedster,022,016
RU,Aston Martin,V12 Vantage,022,017
RU,Aston Martin,V12 Zagato,022,018
RU,Aston Martin,V8 Vantage,022,019
RU,Aston Martin,V8 Zagato,022,020
RU,Aston Martin,Valhalla,022,021
RU,Aston Martin,Valiant,022,022
RU,Aston Martin,Valkyrie,022,023
RU,Aston Martin,Valour,022,024
RU,Aston Martin,Vanquish,022,025
RU,Aston Martin,Vanquish Zagato,022,026
RU,Aston Martin,Virage,022,027
RU,Aston Martin,Vulcan,022,028
RU,Auburn,Speedster,023,000
RU,Audi,100,024,000
RU,Audi,200,024,001
RU,Audi,50,024,002
RU,Audi,60,024,003
RU,Audi,80,024,004
RU,Audi,90,024,005
RU,Audi,920,024,006
RU,Audi,A1,024,007
RU,Audi,A2,024,008
RU,Audi,A3,024,009
RU,Audi,A4,024,010
RU,Audi,A4 allroad,024,011
RU,Audi,A5,024,012
RU,Audi,A6,024,013
RU,Audi,A6 allroad,024,014
RU,Audi,A6 e-tron,024,015
RU,Audi,A7,024,016
RU,Audi,A8,024,017
RU,Audi,Cabriolet,024,018
RU,Audi,Coupe,024,019
RU,Audi,e-tron,024,020
RU,Audi,e-tron GT,024,021
RU,Audi,e-tron S,024,022
RU,Audi,e-tron S Sportback,024,023
RU,Audi,e-tron Sportback,024,024
RU,Audi,E5,024,025
RU,Audi,E7X,024,026
RU,Audi,Front,024,027
RU,Audi,NSU RO 80,024,028
RU,Audi,Nuvolari,024,029
RU,Audi,Q2,024,030
RU,Audi,Q3,024,031
RU,Audi,Q3 Sportback,024,032
RU,Audi,Q4 e-tron,024,033
RU,Audi,Q4 Sportback e-tron,024,034
RU,Audi,Q5,024,035
RU,Audi,Q5 e-tron,024,036
RU,Audi,Q5 Sportback,024,037
RU,Audi,Q6,024,038
RU,Audi,Q6 e-tron,024,039
RU,Audi,Q6 Sportback e-tron,024,040
RU,Audi,Q7,024,041
RU,Audi,Q8,024,042
RU,Audi,Q8 e-tron,024,043
RU,Audi,Q8 Sportback e-tron,024,044
RU,Audi,Quattro,024,045
RU,Audi,R8,024,046
RU,Audi,R8 LMP,024,047
RU,Audi,RS 2,024,048
RU,Audi,RS 3,024,049
RU,Audi,RS 4,024,050
RU,Audi,RS 5,024,051
RU,Audi,RS 6,024,052
RU,Audi,RS 7,024,053
RU,Audi,RS e-tron GT,024,054
RU,Audi,RS Q3,024,055
RU,Audi,RS Q3 Sportback,024,056
RU,Audi,RS Q8,024,057
RU,Audi,S e-tron GT,024,058
RU,Audi,S1,024,059
RU,Audi,S2,024,060
RU,Audi,S3,024,061
RU,Audi,S4,024,062
RU,Audi,S5,024,063
RU,Audi,S6,024,064
RU,Audi,S6 e-tron,024,065
RU,Audi,S7,024,066
RU,Audi,S8,024,067
RU,Audi,SQ2,024,068
RU,Audi,SQ5,024,069
RU,Audi,SQ5 Sportback,024,070
RU,Audi,SQ6 e-tron,024,071
RU,Audi,SQ6 Sportback e-tron,024,072
RU,Audi,SQ7,024,073
RU,Audi,SQ8,024,074
RU,Audi,SQ8 e-tron,024,075
RU,Audi,SQ8 Sportback e-tron,024,076
RU,Audi,TT,024,077
RU,Audi,TT RS,024,078
RU,Audi,TTS,024,079
RU,Audi,Typ R,024,080
RU,Audi,V8,024,081
RU,Aurus,Lafet,025,000
RU,Aurus,Senat,025,001
RU,Austin,Allegro,026,000
RU,Austin,Ambassador,026,001
RU,Austin,FL2,026,002
RU,Austin,FX4,026,003
RU,Austin,Maestro,026,004
RU,Austin,Maxi,026,005
RU,Austin,Metro,026,006
RU,Austin,Mini,026,007
RU,Austin,Montego,026,008
RU,Austin,Princess,026,009
RU,Austin,Sprite,026,010
RU,Austin Healey,100,027,000
RU,Austin Healey,3000,027,001
RU,Auto Union,1000 Sp,028,000
RU,Autobianchi,A 112,029,000
RU,Avatr,06,030,000
RU,Avatr,07,030,001
RU,Avatr,11,030,002
RU,Avatr,12,030,003
RU,BAIC,A1,031,000
RU,BAIC,BJ2020,031,001
RU,BAIC,BJ2021,031,002
RU,BAIC,BJ2025F,031,003
RU,BAIC,BJ2026,031,004
RU,BAIC,BJ2030,031,005
RU,BAIC,BJ212,031,006
RU,BAIC,BJ30,031,007
RU,BAIC,BJ40,031,008
RU,BAIC,BJ41,031,009
RU,BAIC,BJ60,031,010
RU,BAIC,BJ80,031,011
RU,BAIC,BJ90,031,012
RU,BAIC,EC3,031,013
RU,BAIC,EU,031,014
RU,BAIC,EU5,031,015
RU,BAIC,EU5 Plus,031,016
RU,BAIC,EU7,031,017
RU,BAIC,EU8,031,018
RU,BAIC,EX3,031,019
RU,BAIC,EX5,031,020
RU,BAIC,Jeep 2500,031,021
RU,BAIC,Kenbo 600,031,022
RU,BAIC,Luba (XB624),031,023
RU,BAIC,Ruixiang X3,031,024
RU,BAIC,Ruixiang X5,031,025
RU,BAIC,U5,031,026
RU,BAIC,U5 Plus,031,027
RU,BAIC,U7,031,028
RU,BAIC,X3,031,029
RU,BAIC,X35,031,030
RU,BAIC,X5,031,031
RU,BAIC,X55,031,032
RU,BAIC,X7,031,033
RU,BAIC,X75,031,034
RU,Bajaj,Qute,032,000
RU,Baltijas Dzips,BD-1322,033,000
RU,Baojun,310,034,000
RU,Baojun,360,034,001
RU,Baojun,510,034,002
RU,Baojun,530,034,003
RU,Baojun,730,034,004
RU,Baojun,E100,034,005
RU,Baojun,E200,034,006
RU,Baojun,E300,034,007
RU,Baojun,Kiwi EV,034,008
RU,Baojun,RC-5,034,009
RU,Baojun,RC-6,034,010
RU,Baojun,RM-5,034,011
RU,Baojun,RS-3,034,012
RU,Baojun,RS-5,034,013
RU,Baojun,RS-7,034,014
RU,Baojun,Valli,034,015
RU,Baojun,Xiangjing,034,016
RU,Baojun,Yep,034,017
RU,Baojun,Yep Plus,034,018
RU,Baojun,Yunduo,034,019
RU,Baojun,Yunhai,034,020
RU,Batmobile,1989,035,000
RU,Batmobile,2018,035,001
RU,BAW,212,036,000
RU,BAW,Ace M7,036,001
RU,BAW,Calorie F7,036,002
RU,BAW,Jiabao,036,003
RU,BAW,M8,036,004
RU,BAW,MPV,036,005
RU,BAW,Pony (Yuanbao),036,006
RU,Belgee,S50,037,000
RU,Belgee,X50,037,001
RU,Belgee,X50+,037,002
RU,Belgee,X70,037,003
RU,Belgee,X80,037,004
RU,Bentley,Arnage,038,000
RU,Bentley,Azure,038,001
RU,Bentley,Bentayga,038,002
RU,Bentley,Brooklands,038,003
RU,Bentley,Continental,038,004
RU,Bentley,Continental Flying Spur,038,005
RU,Bentley,Continental GT,038,006
RU,Bentley,Eight,038,007
RU,Bentley,Flying Spur,038,008
RU,Bentley,Mark VI,038,009
RU,Bentley,Mulliner Bacalar,038,010
RU,Bentley,Mulliner Batur,038,011
RU,Bentley,Mulsanne,038,012
RU,Bentley,R Type,038,013
RU,Bentley,S,038,014
RU,Bentley,T-Series,038,015
RU,Bentley,Turbo R,038,016
RU,Bertone,Freeclimber,039,000
RU,Bestune,B70,040,000
RU,Bestune,T55,040,001
RU,Bestune,T77,040,002
RU,Bestune,T90,040,003
RU,Bilenkin,Vintage,041,000
RU,Bio Auto,evA-4,042,000
RU,Bitter,CD,043,000
RU,Bitter,Type 3,043,001
RU,Bizzarrini,5300 GT,044,000
RU,BMW,02 (E10),045,000
RU,BMW,1 серии,045,001
RU,BMW,1M,045,002
RU,BMW,2 серии,045,003
RU,BMW,2 серии Active Tourer,045,004
RU,BMW,2 серии Gran Tourer,045,005
RU,BMW,3 серии,045,006
RU,BMW,3-15,045,007
RU,BMW,315,045,008
RU,BMW,320,045,009
RU,BMW,3200,045,010
RU,BMW,321,045,011
RU,BMW,326,045,012
RU,BMW,327,045,013
RU,BMW,340,045,014
RU,BMW,4 серии,045,015
RU,BMW,5 серии,045,016
RU,BMW,501,045,017
RU,BMW,502,045,018
RU,BMW,503,045,019
RU,BMW,507,045,020
RU,BMW,6 серии,045,021
RU,BMW,600,045,022
RU,BMW,7 серии,045,023
RU,BMW,700,045,024
RU,BMW,8 серии,045,025
RU,BMW,E3,045,026
RU,BMW,E9,045,027
RU,BMW,i3,045,028
RU,BMW,i4,045,029
RU,BMW,i5,045,030
RU,BMW,i7,045,031
RU,BMW,i8,045,032
RU,BMW,Isetta,045,033
RU,BMW,iX,045,034
RU,BMW,iX1,045,035
RU,BMW,iX2,045,036
RU,BMW,iX3,045,037
RU,BMW,iX5,045,038
RU,BMW,M1,045,039
RU,BMW,M2,045,040
RU,BMW,M3,045,041
RU,BMW,M4,045,042
RU,BMW,M5,045,043
RU,BMW,M6,045,044
RU,BMW,M8,045,045
RU,BMW,Nazca,045,046
RU,BMW,New Class,045,047
RU,BMW,X1,045,048
RU,BMW,X2,045,049
RU,BMW,X3,045,050
RU,BMW,X3 M,045,051
RU,BMW,X4,045,052
RU,BMW,X4 M,045,053
RU,BMW,X5,045,054
RU,BMW,X5 M,045,055
RU,BMW,X6,045,056
RU,BMW,X6 M,045,057
RU,BMW,X7,045,058
RU,BMW,XM,045,059
RU,BMW,Z1,045,060
RU,BMW,Z3,045,061
RU,BMW,Z3 M,045,062
RU,BMW,Z4,045,063
RU,BMW,Z4 M,045,064
RU,Borgward,2000,046,000
RU,Borgward,BX5,046,001
RU,Borgward,Hansa 1100,046,002
RU,Brabus,7.3S,047,000
RU,Brabus,Bodo,047,001
RU,Brabus,Crawler,047,002
RU,Brabus,E V12,047,003
RU,Brabus,G V12,047,004
RU,Brabus,M V12,047,005
RU,Brabus,ML 63 Biturbo,047,006
RU,Brabus,Rocket GTS,047,007
RU,Brabus,SV12,047,008
RU,Brilliance,FRV (BS2),048,000
RU,Brilliance,H230,048,001
RU,Brilliance,H530,048,002
RU,Brilliance,M1 (BS6),048,003
RU,Brilliance,M2 (BS4),048,004
RU,Brilliance,M3 (BC3),048,005
RU,Brilliance,V3,048,006
RU,Brilliance,V5,048,007
RU,Bristol,Blenheim,049,000
RU,Bristol,Blenheim Speedster,049,001
RU,Bristol,Fighter,049,002
RU,Bugatti,Bolide,050,000
RU,Bugatti,Centodieci,050,001
RU,Bugatti,Chiron,050,002
RU,Bugatti,Divo,050,003
RU,Bugatti,EB 110,050,004
RU,Bugatti,EB 112,050,005
RU,Bugatti,EB Veyron 16.4,050,006
RU,Bugatti,F.K.P. Hommage,050,007
RU,Bugatti,Tourbillon,050,008
RU,Bugatti,Type 55,050,009
RU,Bugatti,W16 Mistral,050,010
RU,Buick,Electra,051,000
RU,Buick,Electra E4,051,001
RU,Buick,Electra E5,051,002
RU,Buick,Electra E7,051,003
RU,Buick,Electra L7,051,004
RU,Buick,Enclave,051,005
RU,Buick,Encore,051,006
RU,Buick,Encore GX,051,007
RU,Buick,Encore Plus,051,008
RU,Buick,Envision,051,009
RU,Buick,Envista,051,010
RU,Buick,Estate Wagon,051,011
RU,Buick,Excelle,051,012
RU,Buick,GL6,051,013
RU,Buick,GS,051,014
RU,Buick,LaCrosse,051,015
RU,Buick,LeSabre,051,016
RU,Buick,Limited,051,017
RU,Buick,Lucerne,051,018
RU,Buick,Park Avenue,051,019
RU,Buick,Rainier,051,020
RU,Buick,Reatta,051,021
RU,Buick,Regal,051,022
RU,Buick,Rendezvous,051,023
RU,Buick,Riviera,051,024
RU,Buick,Roadmaster,051,025
RU,Buick,Skyhawk,051,026
RU,Buick,Skylark,051,027
RU,Buick,Special,051,028
RU,Buick,Super,051,029
RU,Buick,Terraza,051,030
RU,Buick,Velite 5,051,031
RU,Buick,Velite 6,051,032
RU,Buick,Velite 7,051,033
RU,Buick,Verano,051,034
RU,Buick,Wildcat,051,035
RU,BYD,Atto 2,052,000
RU,BYD,Chazor,052,001
RU,BYD,D1,052,002
RU,BYD,Datang,052,003
RU,BYD,Destroyer 05,052,004
RU,BYD,Dolphin,052,005
RU,BYD,Dolphin G,052,006
RU,BYD,E1,052,007
RU,BYD,E2,052,008
RU,BYD,E3,052,009
RU,BYD,E5,052,010
RU,BYD,E6,052,011
RU,BYD,E7,052,012
RU,BYD,E9,052,013
RU,BYD,F0,052,014
RU,BYD,F3,052,015
RU,BYD,F5,052,016
RU,BYD,F6,052,017
RU,BYD,F8 (S8),052,018
RU,BYD,FangChengBao Leopard 5,052,019
RU,BYD,FangChengBao Leopard 8,052,020
RU,BYD,FangChengBao Titanium 3,052,021
RU,BYD,FangChengBao Titanium 7,052,022
RU,BYD,Flyer,052,023
RU,BYD,Frigate 07,052,024
RU,BYD,G3,052,025
RU,BYD,G6,052,026
RU,BYD,Han,052,027
RU,BYD,Han L,052,028
RU,BYD,L3,052,029
RU,BYD,M6,052,030
RU,BYD,Qin Max,052,031
RU,BYD,Racco,052,032
RU,BYD,S6,052,033
RU,BYD,Sea Lion 05,052,034
RU,BYD,Sea Lion 06,052,035
RU,BYD,Sea Lion 07,052,036
RU,BYD,Sea Lion 08,052,037
RU,BYD,Seagull,052,038
RU,BYD,Seal,052,039
RU,BYD,Seal 05,052,040
RU,BYD,Seal 06,052,041
RU,BYD,Seal 06 GT,052,042
RU,BYD,Seal 07,052,043
RU,BYD,Seal 08,052,044
RU,BYD,Shark (Shark 6),052,045
RU,BYD,Song,052,046
RU,BYD,Song EV,052,047
RU,BYD,Song L,052,048
RU,BYD,Song Max,052,049
RU,BYD,Song Plus,052,050
RU,BYD,Song Pro,052,051
RU,BYD,Song Ultra,052,052
RU,BYD,Tang,052,053
RU,BYD,Tang L,052,054
RU,BYD,Xia (M9),052,055
RU,BYD,Yangwang U7,052,056
RU,BYD,Yangwang U8,052,057
RU,BYD,Yangwang U9,052,058
RU,BYD,Yuan,052,059
RU,BYD,Yuan Plus,052,060
RU,BYD,Yuan Up,052,061
RU,Byvin,BD132J (CoCo),053,000
RU,Byvin,BD326J (Moca),053,001
RU,Cadillac,Allante,054,000
RU,Cadillac,ATS,054,001
RU,Cadillac,ATS-V,054,002
RU,Cadillac,BLS,054,003
RU,Cadillac,Brougham,054,004
RU,Cadillac,Catera,054,005
RU,Cadillac,Celestiq,054,006
RU,Cadillac,CT4,054,007
RU,Cadillac,CT4-V,054,008
RU,Cadillac,CT5,054,009
RU,Cadillac,CT5-V,054,010
RU,Cadillac,CT6,054,011
RU,Cadillac,CTS,054,012
RU,Cadillac,CTS-V,054,013
RU,Cadillac,DeVille,054,014
RU,Cadillac,DTS,054,015
RU,Cadillac,Eldorado,054,016
RU,Cadillac,ELR,054,017
RU,Cadillac,Escalade,054,018
RU,Cadillac,Escalade iQ,054,019
RU,Cadillac,Escalade-V,054,020
RU,Cadillac,Fleetwood,054,021
RU,Cadillac,GT4,054,022
RU,Cadillac,LSE,054,023
RU,Cadillac,Lyriq,054,024
RU,Cadillac,Lyriq-V,054,025
RU,Cadillac,Model 30,054,026
RU,Cadillac,Optiq,054,027
RU,Cadillac,Optiq-V,054,028
RU,Cadillac,Series 314,054,029
RU,Cadillac,Series 341,054,030
RU,Cadillac,Series 62,054,031
RU,Cadillac,Seville,054,032
RU,Cadillac,Sixty Special,054,033
RU,Cadillac,SRX,054,034
RU,Cadillac,STS,054,035
RU,Cadillac,STS-V,054,036
RU,Cadillac,V12,054,037
RU,Cadillac,Vistiq,054,038
RU,Cadillac,XLR,054,039
RU,Cadillac,XT4,054,040
RU,Cadillac,XT5,054,041
RU,Cadillac,XT6,054,042
RU,Cadillac,XTS,054,043
RU,Callaway,C12,055,000
RU,Carbodies,FX4,056,000
RU,Caterham,21,057,000
RU,Caterham,CSR,057,001
RU,Caterham,Seven,057,002
RU,Chana,Benni,058,000
RU,Chana,SC6390,058,001
RU,Chana,Taurustar,058,002
RU,Changan,Alsvin,059,000
RU,Changan,Alsvin V7,059,001
RU,Changan,Auchan A600,059,002
RU,Changan,Auchan A600 EV,059,003
RU,Changan,Auchan Changxing,059,004
RU,Changan,Benben E-Star,059,005
RU,Changan,Benni,059,006
RU,Changan,Benni EC/EV,059,007
RU,Changan,CM-8,059,008
RU,Changan,CS15,059,009
RU,Changan,CS35,059,010
RU,Changan,CS35 Max,059,011
RU,Changan,CS35 Plus,059,012
RU,Changan,CS55,059,013
RU,Changan,CS55 Plus,059,014
RU,Changan,CS75,059,015
RU,Changan,CS75 Plus,059,016
RU,Changan,CS75 Pro,059,017
RU,Changan,CS85,059,018
RU,Changan,CS95,059,019
RU,Changan,CS95 Plus,059,020
RU,Changan,CX20,059,021
RU,Changan,Deepal G318,059,022
RU,Changan,Deepal L06,059,023
RU,Changan,Deepal L07,059,024
RU,Changan,Deepal S05,059,025
RU,Changan,Deepal S07,059,026
RU,Changan,Deepal S09,059,027
RU,Changan,Deepal SL03,059,028
RU,Changan,Eado,059,029
RU,Changan,Eado DT,059,030
RU,Changan,Eado Plus,059,031
RU,Changan,Hunter,059,032
RU,Changan,Hunter Plus,059,033
RU,Changan,Kaicene F70,059,034
RU,Changan,Lamore,059,035
RU,Changan,Lantuozhe (Explorer),059,036
RU,Changan,Linmax,059,037
RU,Changan,Lumin,059,038
RU,Changan,Oshan CX70,059,039
RU,Changan,Oushan Changxing,059,040
RU,Changan,Qiyuan A05,059,041
RU,Changan,Qiyuan A06,059,042
RU,Changan,Qiyuan A07,059,043
RU,Changan,Qiyuan E07,059,044
RU,Changan,Qiyuan Q06,059,045
RU,Changan,Qiyuan Q07,059,046
RU,Changan,Raeton,059,047
RU,Changan,Raeton CC,059,048
RU,Changan,Raeton Plus,059,049
RU,Changan,UNI-K,059,050
RU,Changan,UNI-L,059,051
RU,Changan,UNI-S,059,052
RU,Changan,UNI-T,059,053
RU,Changan,UNI-V,059,054
RU,Changan,UNI-Z,059,055
RU,Changan,X5 Plus,059,056
RU,Changan,X7 Plus,059,057
RU,Changan,Yida,059,058
RU,Changan,Z-Shine,059,059
RU,Changfeng,Flying,060,000
RU,Changfeng,Liebao Leopard,060,001
RU,Changfeng,SUV (CS6),060,002
RU,Changhe,Freedom,061,000
RU,Changhe,Ideal,061,001
RU,Chery,Amulet (A15),062,000
RU,Chery,Arrizo 3,062,001
RU,Chery,Arrizo 5,062,002
RU,Chery,Arrizo 5 GT,062,003
RU,Chery,Arrizo 5 Plus,062,004
RU,Chery,Arrizo 6,062,005
RU,Chery,Arrizo 7,062,006
RU,Chery,Arrizo 8,062,007
RU,Chery,Arrizo 8 Pro,062,008
RU,Chery,B13,062,009
RU,Chery,Bonus (A13),062,010
RU,Chery,Bonus 3 (E3/A19),062,011
RU,Chery,CrossEastar (B14),062,012
RU,Chery,Domi,062,013
RU,Chery,E5,062,014
RU,Chery,eQ1,062,015
RU,Chery,eQ5,062,016
RU,Chery,eQ7,062,017
RU,Chery,Explore 06,062,018
RU,Chery,Face,062,019
RU,Chery,Fora (A21),062,020
RU,Chery,Fulwin A8,062,021
RU,Chery,Fulwin A9L,062,022
RU,Chery,Fulwin T10,062,023
RU,Chery,Fulwin T11,062,024
RU,Chery,Fulwin T6,062,025
RU,Chery,Fulwin T8,062,026
RU,Chery,Fulwin T9,062,027
RU,Chery,Fulwin T9L,062,028
RU,Chery,Fulwin X3,062,029
RU,Chery,IndiS (S18D),062,030
RU,Chery,Karry,062,031
RU,Chery,Kimo (A1),062,032
RU,Chery,M11 (A3),062,033
RU,Chery,Omoda 5,062,034
RU,Chery,Oriental Son (B11),062,035
RU,Chery,Q22,062,036
RU,Chery,QQ Ice Cream,062,037
RU,Chery,QQ3,062,038
RU,Chery,QQ6 (S21),062,039
RU,Chery,QQme,062,040
RU,Chery,Rely R08,062,041
RU,Chery,Sweet (QQ),062,042
RU,Chery,Tiggo (T11),062,043
RU,Chery,Tiggo 2,062,044
RU,Chery,Tiggo 2 Pro,062,045
RU,Chery,Tiggo 3,062,046
RU,Chery,Tiggo 3x,062,047
RU,Chery,Tiggo 3xe,062,048
RU,Chery,Tiggo 4,062,049
RU,Chery,Tiggo 4 Pro,062,050
RU,Chery,Tiggo 5,062,051
RU,Chery,Tiggo 5x,062,052
RU,Chery,Tiggo 7,062,053
RU,Chery,Tiggo 7 Plus,062,054
RU,Chery,Tiggo 7 Pro,062,055
RU,Chery,Tiggo 7 Pro Max,062,056
RU,Chery,Tiggo 7 Pro Plug-in Hybrid,062,057
RU,Chery,Tiggo 7L,062,058
RU,Chery,Tiggo 8,062,059
RU,Chery,Tiggo 8 Plus,062,060
RU,Chery,Tiggo 8 Pro,062,061
RU,Chery,Tiggo 8 Pro e+,062,062
RU,Chery,Tiggo 8 Pro Max,062,063
RU,Chery,Tiggo 8 Pro Plug-in Hybrid,062,064
RU,Chery,Tiggo 8L,062,065
RU,Chery,Tiggo 9,062,066
RU,Chery,Tiggo E,062,067
RU,Chery,Very (A13),062,068
RU,Chery,Windcloud (A11),062,069
RU,Chevrolet,3000-Series,063,000
RU,Chevrolet,Alero,063,001
RU,Chevrolet,Apache,063,002
RU,Chevrolet,Astra,063,003
RU,Chevrolet,Astro,063,004
RU,Chevrolet,Avalanche,063,005
RU,Chevrolet,Aveo,063,006
RU,Chevrolet,Bel Air,063,007
RU,Chevrolet,Beretta,063,008
RU,Chevrolet,Blazer,063,009
RU,Chevrolet,Blazer EV,063,010
RU,Chevrolet,Blazer K5,063,011
RU,Chevrolet,Bolt,063,012
RU,Chevrolet,Bolt EUV,063,013
RU,Chevrolet,C-10,063,014
RU,Chevrolet,C/K,063,015
RU,Chevrolet,Caprice,063,016
RU,Chevrolet,Captiva,063,017
RU,Chevrolet,Captiva Sport,063,018
RU,Chevrolet,Cavalier,063,019
RU,Chevrolet,Celebrity,063,020
RU,Chevrolet,Celta,063,021
RU,Chevrolet,Chevelle,063,022
RU,Chevrolet,Chevette,063,023
RU,Chevrolet,Citation,063,024
RU,Chevrolet,Classic,063,025
RU,Chevrolet,Cobalt,063,026
RU,Chevrolet,Colorado,063,027
RU,Chevrolet,Corsa,063,028
RU,Chevrolet,Corsica,063,029
RU,Chevrolet,Corvair,063,030
RU,Chevrolet,Corvette,063,031
RU,Chevrolet,Cruze,063,032
RU,Chevrolet,Cruze (HR),063,033
RU,Chevrolet,CSV CR8,063,034
RU,Chevrolet,Damas,063,035
RU,Chevrolet,Deluxe,063,036
RU,Chevrolet,El Camino,063,037
RU,Chevrolet,Epica,063,038
RU,Chevrolet,Equinox,063,039
RU,Chevrolet,Equinox EV,063,040
RU,Chevrolet,Evanda,063,041
RU,Chevrolet,Express,063,042
RU,Chevrolet,Fleetmaster,063,043
RU,Chevrolet,Groove,063,044
RU,Chevrolet,HHR,063,045
RU,Chevrolet,Impala,063,046
RU,Chevrolet,Kalos,063,047
RU,Chevrolet,Lacetti,063,048
RU,Chevrolet,Lanos,063,049
RU,Chevrolet,Lumina,063,050
RU,Chevrolet,Lumina APV,063,051
RU,Chevrolet,LUV D-MAX,063,052
RU,Chevrolet,Malibu,063,053
RU,Chevrolet,Master,063,054
RU,Chevrolet,Matiz,063,055
RU,Chevrolet,Menlo,063,056
RU,Chevrolet,Metro,063,057
RU,Chevrolet,Monte Carlo,063,058
RU,Chevrolet,Monza,063,059
RU,Chevrolet,MW,063,060
RU,Chevrolet,Nexia,063,061
RU,Chevrolet,Niva,063,062
RU,Chevrolet,Nova,063,063
RU,Chevrolet,Nubira,063,064
RU,Chevrolet,Omega,063,065
RU,Chevrolet,Onix,063,066
RU,Chevrolet,Orlando,063,067
RU,Chevrolet,Prizm,063,068
RU,Chevrolet,Rezzo,063,069
RU,Chevrolet,S-10 Pickup,063,070
RU,Chevrolet,Sail,063,071
RU,Chevrolet,Seeker,063,072
RU,Chevrolet,Silverado,063,073
RU,Chevrolet,Sonic,063,074
RU,Chevrolet,Spark,063,075
RU,Chevrolet,Spark EUV,063,076
RU,Chevrolet,Special DeLuxe,063,077
RU,Chevrolet,Spin,063,078
RU,Chevrolet,SS,063,079
RU,Chevrolet,SSR,063,080
RU,Chevrolet,Standard,063,081
RU,Chevrolet,Starcraft,063,082
RU,Chevrolet,Suburban,063,083
RU,Chevrolet,Tacuma,063,084
RU,Chevrolet,Tahoe,063,085
RU,Chevrolet,Tavera,063,086
RU,Chevrolet,Tracker,063,087
RU,Chevrolet,TrailBlazer,063,088
RU,Chevrolet,Trans Sport,063,089
RU,Chevrolet,Traverse,063,090
RU,Chevrolet,Trax,063,091
RU,Chevrolet,Uplander,063,092
RU,Chevrolet,Van,063,093
RU,Chevrolet,Vectra,063,094
RU,Chevrolet,Venture,063,095
RU,Chevrolet,Viva,063,096
RU,Chevrolet,Volt,063,097
RU,Chevrolet,Zafira,063,098
RU,Chrysler,180,064,000
RU,Chrysler,200,064,001
RU,Chrysler,300,064,002
RU,Chrysler,300 Letter Series,064,003
RU,Chrysler,300C,064,004
RU,Chrysler,300M,064,005
RU,Chrysler,Aspen,064,006
RU,Chrysler,Cirrus,064,007
RU,Chrysler,Concorde,064,008
RU,Chrysler,Cordoba,064,009
RU,Chrysler,Crossfire,064,010
RU,Chrysler,Daytona,064,011
RU,Chrysler,Imperial,064,012
RU,Chrysler,Imperial Crown,064,013
RU,Chrysler,Intrepid,064,014
RU,Chrysler,LeBaron,064,015
RU,Chrysler,LHS,064,016
RU,Chrysler,Nassau,064,017
RU,Chrysler,Neon,064,018
RU,Chrysler,New Yorker,064,019
RU,Chrysler,Newport,064,020
RU,Chrysler,Pacifica,064,021
RU,Chrysler,Prowler,064,022
RU,Chrysler,PT Cruiser,064,023
RU,Chrysler,Saratoga,064,024
RU,Chrysler,Sebring,064,025
RU,Chrysler,Six,064,026
RU,Chrysler,Stratus,064,027
RU,Chrysler,TC by Maserati,064,028
RU,Chrysler,Town & Country,064,029
RU,Chrysler,Viper,064,030
RU,Chrysler,Vision,064,031
RU,Chrysler,Voyager,064,032
RU,Chrysler,Windsor,064,033
RU,Ciimo (Dongfeng-Honda),M-NV,065,000
RU,Ciimo (Dongfeng-Honda),X-NV,065,001
RU,Citroen,2 CV,066,000
RU,Citroen,Ami,066,001
RU,Citroen,Ami EV,066,002
RU,Citroen,AX,066,003
RU,Citroen,Basalt,066,004
RU,Citroen,Berlingo,066,005
RU,Citroen,BX,066,006
RU,Citroen,C-Crosser,066,007
RU,Citroen,C-Elysee,066,008
RU,Citroen,C-Quatre,066,009
RU,Citroen,C-Triomphe,066,010
RU,Citroen,C-ZERO,066,011
RU,Citroen,C1,066,012
RU,Citroen,C2,066,013
RU,Citroen,C3,066,014
RU,Citroen,C3 Aircross,066,015
RU,Citroen,C3 Picasso,066,016
RU,Citroen,C3-XR,066,017
RU,Citroen,C3L,066,018
RU,Citroen,C4,066,019
RU,Citroen,C4 Aircross,066,020
RU,Citroen,C4 Cactus,066,021
RU,Citroen,C4 Picasso,066,022
RU,Citroen,C4 SpaceTourer,066,023
RU,Citroen,C5,066,024
RU,Citroen,C5 Aircross,066,025
RU,Citroen,C5 X,066,026
RU,Citroen,C6,066,027
RU,Citroen,C8,066,028
RU,Citroen,CX,066,029
RU,Citroen,DS,066,030
RU,Citroen,DS3,066,031
RU,Citroen,DS4,066,032
RU,Citroen,SM,066,033
RU,Citroen,SpaceTourer,066,034
RU,Citroen,Traction Avant,066,035
RU,Citroen,Visa,066,036
RU,Citroen,Xantia,066,037
RU,Citroen,XM,066,038
RU,Citroen,Xsara,066,039
RU,Citroen,Xsara Picasso,066,040
RU,Citroen,ZX,066,041
RU,Cizeta,V16t,067,000
RU,Coda,EV,068,000
RU,Coggiola,T Rex,069,000
RU,Cord,L-29,070,000
RU,Cowin,Showjet,071,000
RU,Cupra,Ateca,072,000
RU,Cupra,Born,072,001
RU,Cupra,Formentor,072,002
RU,Cupra,Leon,072,003
RU,Cupra,Raval,072,004
RU,Cupra,Tavascan,072,005
RU,Cupra,Terramar,072,006
RU,Czinger,21C,073,000
RU,Dacia,1300,074,000
RU,Dacia,1310,074,001
RU,Dacia,1410,074,002
RU,Dacia,Bigster,074,003
RU,Dacia,Dokker,074,004
RU,Dacia,Duster,074,005
RU,Dacia,Jogger,074,006
RU,Dacia,Lodgy,074,007
RU,Dacia,Logan,074,008
RU,Dacia,Nova,074,009
RU,Dacia,Pick-Up,074,010
RU,Dacia,Sandero,074,011
RU,Dacia,Solenza,074,012
RU,Dacia,Spring,074,013
RU,Dacia,SuperNova,074,014
RU,Dadi,City Leading,075,000
RU,Dadi,Shuttle,075,001
RU,Dadi,Smoothing,075,002
RU,Daewoo,Alpheon,076,000
RU,Daewoo,Arcadia,076,001
RU,Daewoo,Chairman,076,002
RU,Daewoo,Damas,076,003
RU,Daewoo,Espero,076,004
RU,Daewoo,Evanda,076,005
RU,Daewoo,G2X,076,006
RU,Daewoo,Gentra,076,007
RU,Daewoo,Kalos,076,008
RU,Daewoo,Korando,076,009
RU,Daewoo,Lacetti,076,010
RU,Daewoo,Lacetti Premiere,076,011
RU,Daewoo,Lanos,076,012
RU,Daewoo,Leganza,076,013
RU,Daewoo,LeMans,076,014
RU,Daewoo,Magnus,076,015
RU,Daewoo,Matiz,076,016
RU,Daewoo,Matiz Creative,076,017
RU,Daewoo,Musso,076,018
RU,Daewoo,Nexia,076,019
RU,Daewoo,Nubira,076,020
RU,Daewoo,Prince,076,021
RU,Daewoo,Racer,076,022
RU,Daewoo,Rezzo,076,023
RU,Daewoo,Royale,076,024
RU,Daewoo,Sens,076,025
RU,Daewoo,Tacuma,076,026
RU,Daewoo,Tico,076,027
RU,Daewoo,Tosca,076,028
RU,Daewoo,Winstorm,076,029
RU,Daihatsu,Altis,077,000
RU,Daihatsu,Applause,077,001
RU,Daihatsu,Atrai,077,002
RU,Daihatsu,Be-go,077,003
RU,Daihatsu,Bee,077,004
RU,Daihatsu,Boon,077,005
RU,Daihatsu,Boon Luminas,077,006
RU,Daihatsu,Cast,077,007
RU,Daihatsu,Ceria,077,008
RU,Daihatsu,Charade,077,009
RU,Daihatsu,Charmant,077,010
RU,Daihatsu,Coo,077,011
RU,Daihatsu,Copen,077,012
RU,Daihatsu,Cuore,077,013
RU,Daihatsu,Delta Wagon,077,014
RU,Daihatsu,Esse,077,015
RU,Daihatsu,Extol,077,016
RU,Daihatsu,Fellow,077,017
RU,Daihatsu,Feroza,077,018
RU,Daihatsu,Gran Move,077,019
RU,Daihatsu,Hijet,077,020
RU,Daihatsu,Hijet Caddie,077,021
RU,Daihatsu,Leeza,077,022
RU,Daihatsu,Materia,077,023
RU,Daihatsu,MAX,077,024
RU,Daihatsu,Mebius,077,025
RU,Daihatsu,Midget,077,026
RU,Daihatsu,Mira,077,027
RU,Daihatsu,Mira Cocoa,077,028
RU,Daihatsu,Mira e:S,077,029
RU,Daihatsu,Mira Gino,077,030
RU,Daihatsu,Mira Tocot,077,031
RU,Daihatsu,Move,077,032
RU,Daihatsu,Move Canbus,077,033
RU,Daihatsu,Move Conte,077,034
RU,Daihatsu,Move Latte,077,035
RU,Daihatsu,Naked,077,036
RU,Daihatsu,Opti,077,037
RU,Daihatsu,Pyzar,077,038
RU,Daihatsu,Rocky,077,039
RU,Daihatsu,Rugger,077,040
RU,Daihatsu,Sirion,077,041
RU,Daihatsu,Sonica,077,042
RU,Daihatsu,Storia,077,043
RU,Daihatsu,Taft,077,044
RU,Daihatsu,Tanto,077,045
RU,Daihatsu,Tanto Exe,077,046
RU,Daihatsu,Terios,077,047
RU,Daihatsu,Thor,077,048
RU,Daihatsu,Trevis,077,049
RU,Daihatsu,Wake,077,050
RU,Daihatsu,Wildcat,077,051
RU,Daihatsu,Xenia,077,052
RU,Daihatsu,YRV,077,053
RU,Daimler,DS420,078,000
RU,Daimler,Regency,078,001
RU,Daimler,Sovereign (XJ6),078,002
RU,Daimler,SP250,078,003
RU,Daimler,X300,078,004
RU,Daimler,X308,078,005
RU,Daimler,X350,078,006
RU,Daimler,XJ40,078,007
RU,Daimler,XJS,078,008
RU,Dallara,Stradale,079,000
RU,Datsun,200/220/260/280C,080,000
RU,Datsun,240Z,080,001
RU,Datsun,280Z,080,002
RU,Datsun,280ZX,080,003
RU,Datsun,620,080,004
RU,Datsun,720,080,005
RU,Datsun,Bluebird,080,006
RU,Datsun,Cherry,080,007
RU,Datsun,GO,080,008
RU,Datsun,GO+,080,009
RU,Datsun,Laurel,080,010
RU,Datsun,mi-DO,080,011
RU,Datsun,on-DO,080,012
RU,Datsun,Stanza,080,013
RU,Datsun,Urvan,080,014
RU,Datsun,Violet,080,015
RU,Dayun,Pickup,081,000
RU,Dayun,Yuanzhi M1,081,001
RU,Dayun,Yuehu,081,002
RU,De Tomaso,Bigua,082,000
RU,De Tomaso,Guara,082,001
RU,De Tomaso,Longchamp,082,002
RU,De Tomaso,Mangusta,082,003
RU,De Tomaso,Pantera,082,004
RU,De Tomaso,Vallelunga,082,005
RU,Deco Rides,Zephyr,083,000
RU,Delage,D12,084,000
RU,Delage,D6,084,001
RU,Delage,DI,084,002
RU,DeLorean,DMC-12,085,000
RU,Denza,500,086,000
RU,Denza,D9,086,001
RU,Denza,N7,086,002
RU,Denza,N8,086,003
RU,Denza,N8L,086,004
RU,Denza,N9,086,005
RU,Denza,X,086,006
RU,Denza,Z9,086,007
RU,Derways,Antelope,087,000
RU,Derways,Aurora,087,001
RU,Derways,Cowboy,087,002
RU,Derways,Land Crown,087,003
RU,Derways,Plutus,087,004
RU,Derways,Saladin,087,005
RU,Derways,Shuttle,087,006
RU,DeSoto,Custom,088,000
RU,DeSoto,Deluxe,088,001
RU,DeSoto,Firedome,088,002
RU,DeSoto,Fireflite,088,003
RU,DKW,3=6,089,000
RU,Dodge,600,090,000
RU,Dodge,Aries,090,001
RU,Dodge,Avenger,090,002
RU,Dodge,Caliber,090,003
RU,Dodge,Caravan,090,004
RU,Dodge,Challenger,090,005
RU,Dodge,Charger,090,006
RU,Dodge,Charger Daytona,090,007
RU,Dodge,Colt,090,008
RU,Dodge,Coronet,090,009
RU,Dodge,Custom Royal,090,010
RU,Dodge,D/W Series,090,011
RU,Dodge,D8,090,012
RU,Dodge,Dakota,090,013
RU,Dodge,Dart,090,014
RU,Dodge,Daytona,090,015
RU,Dodge,Diplomat,090,016
RU,Dodge,Durango,090,017
RU,Dodge,Dynasty,090,018
RU,Dodge,Hornet,090,019
RU,Dodge,Intrepid,090,020
RU,Dodge,Journey,090,021
RU,Dodge,Magnum,090,022
RU,Dodge,Mayfair,090,023
RU,Dodge,Mirada,090,024
RU,Dodge,Monaco,090,025
RU,Dodge,Neon,090,026
RU,Dodge,Nitro,090,027
RU,Dodge,Omni,090,028
RU,Dodge,Polara,090,029
RU,Dodge,Raider,090,030
RU,Dodge,RAM,090,031
RU,Dodge,RAM Van,090,032
RU,Dodge,Ramcharger,090,033
RU,Dodge,Shadow,090,034
RU,Dodge,Spirit,090,035
RU,Dodge,Stealth,090,036
RU,Dodge,Stratus,090,037
RU,Dodge,Super Bee,090,038
RU,Dodge,Viper,090,039
RU,Dodge,WC series,090,040
RU,Dongfeng,370,091,000
RU,Dongfeng,580,091,001
RU,Dongfeng,A30,091,002
RU,Dongfeng,A9,091,003
RU,Dongfeng,Aeolus AX7 Plus,091,004
RU,Dongfeng,Aeolus E70,091,005
RU,Dongfeng,Aeolus Haohan,091,006
RU,Dongfeng,Aeolus Haoji,091,007
RU,Dongfeng,Aeolus L7,091,008
RU,Dongfeng,Aeolus L8,091,009
RU,Dongfeng,Aeolus Yixuan,091,010
RU,Dongfeng,Aeolus Yixuan GS,091,011
RU,Dongfeng,Aeolus Yixuan Max,091,012
RU,Dongfeng,AX4,091,013
RU,Dongfeng,AX7,091,014
RU,Dongfeng,Box,091,015
RU,Dongfeng,C36,091,016
RU,Dongfeng,DF6,091,017
RU,Dongfeng,DFSK 500,091,018
RU,Dongfeng,DFSK ix5,091,019
RU,Dongfeng,DFSK ix7,091,020
RU,Dongfeng,E11K,091,021
RU,Dongfeng,EC36,091,022
RU,Dongfeng,Fengon 500,091,023
RU,Dongfeng,Fengon 560,091,024
RU,Dongfeng,Fengon E5,091,025
RU,Dongfeng,Fengon ix5,091,026
RU,Dongfeng,Fengon ix7,091,027
RU,Dongfeng,Fengon Mini EV,091,028
RU,Dongfeng,Fukang ES600,091,029
RU,Dongfeng,H30 Cross,091,030
RU,Dongfeng,Huge,091,031
RU,Dongfeng,Mage,091,032
RU,Dongfeng,Mengshi M-Hero 800,091,033
RU,Dongfeng,Mengshi M-Hero 817,091,034
RU,Dongfeng,Mengshi M-Hero 917,091,035
RU,Dongfeng,MPV,091,036
RU,Dongfeng,Nammi 06,091,037
RU,Dongfeng,Nano EX1,091,038
RU,Dongfeng,Oting,091,039
RU,Dongfeng,Paladin,091,040
RU,Dongfeng,Rich,091,041
RU,Dongfeng,Rich 7,091,042
RU,Dongfeng,S30,091,043
RU,Dongfeng,Shine,091,044
RU,Dongfeng,Shine GS,091,045
RU,Dongfeng,Shine Max,091,046
RU,Dongfeng,Sky EV01,091,047
RU,Dongfeng,Z9,091,048
RU,Doninvest,Assol,092,000
RU,Doninvest,Kondor,092,001
RU,Doninvest,Orion,092,002
RU,Doninvest,Orion M,092,003
RU,Donkervoort,D8,093,000
RU,Donkervoort,D8 Cosworth,093,001
RU,Donkervoort,D8 GT,093,002
RU,Donkervoort,D8 GTO,093,003
RU,Donkervoort,D8 Zetec,093,004
RU,Donkervoort,F22,093,005
RU,Donkervoort,P24 RS,093,006
RU,DR,1,094,000
RU,DR,3,094,001
RU,DR,5,094,002
RU,DR,6,094,003
RU,DR,7,094,004
RU,DR,PK8,094,005
RU,DS,3,095,000
RU,DS,3 Crossback,095,001
RU,DS,4,095,002
RU,DS,5,095,003
RU,DS,7 Crossback,095,004
RU,DS,9,095,005
RU,DS,No4,095,006
RU,DS,No7,095,007
RU,DS,No8,095,008
RU,DW Hower,H3,096,000
RU,DW Hower,H5,096,001
RU,E-Car,GD04B,097,000
RU,Eagle,Premier,098,000
RU,Eagle,Summit,098,001
RU,Eagle,Talon,098,002
RU,Eagle,Vision,098,003
RU,Eagle,Vista,098,004
RU,Eagle Cars,SS,099,000
RU,Edsel,Ranger,100,000
RU,Enovate (Enoreve),ME5,101,000
RU,Enovate (Enoreve),ME7,101,001
RU,Eonyx,City (M2),102,000
RU,Esteo,Exlantix ES,103,000
RU,Esteo,Exlantix ET,103,001
RU,Esteo,Exlantix ET8,103,002
RU,Esteo,MX,103,003
RU,Esteo,V27,103,004
RU,Everus,VE-1,104,000
RU,Evolute,i-Jet,105,000
RU,Evolute,i-Joy,105,001
RU,Evolute,i-Pro,105,002
RU,Evolute,i-Sky,105,003
RU,Evolute,i-Space,105,004
RU,Evolute,i-Van,105,005
RU,Excalibur,Series IV,106,000
RU,Excalibur,Series V,106,001
RU,Exeed,ET5,107,000
RU,Exeed,EX7,107,001
RU,Exeed,Exlantix ES,107,002
RU,Exeed,Exlantix ET,107,003
RU,Exeed,LX,107,004
RU,Exeed,RX,107,005
RU,Exeed,Sterra ES,107,006
RU,Exeed,Sterra ET,107,007
RU,Exeed,TX,107,008
RU,Exeed,TXL,107,009
RU,Exeed,VX,107,010
RU,Exeed,Yaoguang,107,011
RU,Facel Vega,FV,108,000
RU,FAW,Bestune B70,109,000
RU,FAW,Bestune B70S,109,001
RU,FAW,Bestune E01,109,002
RU,FAW,Bestune Joyee 03,109,003
RU,FAW,Bestune Joyee 07,109,004
RU,FAW,Bestune Joyee 08,109,005
RU,FAW,Bestune M9,109,006
RU,FAW,Bestune NAT,109,007
RU,FAW,Bestune Pony,109,008
RU,FAW,Bestune T33,109,009
RU,FAW,Bestune T55,109,010
RU,FAW,Bestune T77,109,011
RU,FAW,Bestune T90,109,012
RU,FAW,Besturn B30,109,013
RU,FAW,Besturn B50,109,014
RU,FAW,Besturn B70,109,015
RU,FAW,Besturn X40,109,016
RU,FAW,Besturn X80,109,017
RU,FAW,CA6420,109,018
RU,FAW,D60,109,019
RU,FAW,Jinn,109,020
RU,FAW,Oley,109,021
RU,FAW,V5,109,022
RU,FAW,Vita,109,023
RU,Ferrari,12Cilindri,110,000
RU,Ferrari,208/308,110,001
RU,Ferrari,250 GT Berlinetta,110,002
RU,Ferrari,250 GT/E 2+2,110,003
RU,Ferrari,250 GTO,110,004
RU,Ferrari,288 GTO,110,005
RU,Ferrari,296,110,006
RU,Ferrari,328,110,007
RU,Ferrari,330 GT 2+2,110,008
RU,Ferrari,348,110,009
RU,Ferrari,360,110,010
RU,Ferrari,365 GTB/4 Daytona,110,011
RU,Ferrari,365 GTC,110,012
RU,Ferrari,400,110,013
RU,Ferrari,412,110,014
RU,Ferrari,456,110,015
RU,Ferrari,458,110,016
RU,Ferrari,488,110,017
RU,Ferrari,512 BB,110,018
RU,Ferrari,512 M,110,019
RU,Ferrari,512 TR,110,020
RU,Ferrari,550,110,021
RU,Ferrari,575M,110,022
RU,Ferrari,599,110,023
RU,Ferrari,612,110,024
RU,Ferrari,812,110,025
RU,Ferrari,849 Testarossa,110,026
RU,Ferrari,Amalfi,110,027
RU,Ferrari,California,110,028
RU,Ferrari,Daytona SP3,110,029
RU,Ferrari,Dino 206 GT,110,030
RU,Ferrari,Dino 208/308 GT4,110,031
RU,Ferrari,Dino 246 GT,110,032
RU,Ferrari,Enzo,110,033
RU,Ferrari,F12,110,034
RU,Ferrari,F355,110,035
RU,Ferrari,F40,110,036
RU,Ferrari,F430,110,037
RU,Ferrari,F50,110,038
RU,Ferrari,F8,110,039
RU,Ferrari,F80,110,040
RU,Ferrari,FF,110,041
RU,Ferrari,FXX K,110,042
RU,Ferrari,GTC4Lusso,110,043
RU,Ferrari,LaFerrari,110,044
RU,Ferrari,Luce,110,045
RU,Ferrari,Mondial,110,046
RU,Ferrari,Monza SP,110,047
RU,Ferrari,Portofino,110,048
RU,Ferrari,Purosangue,110,049
RU,Ferrari,Roma,110,050
RU,Ferrari,SC40,110,051
RU,Ferrari,SF90,110,052
RU,Ferrari,Testarossa,110,053
RU,Fiat,1100,111,000
RU,Fiat,124,111,001
RU,Fiat,124 Spider,111,002
RU,Fiat,124 Sport Spider,111,003
RU,Fiat,125,111,004
RU,Fiat,126,111,005
RU,Fiat,127,111,006
RU,Fiat,128,111,007
RU,Fiat,130,111,008
RU,Fiat,131,111,009
RU,Fiat,132,111,010
RU,Fiat,1500,111,011
RU,Fiat,2300,111,012
RU,Fiat,238,111,013
RU,Fiat,500,111,014
RU,Fiat,500L,111,015
RU,Fiat,500X,111,016
RU,Fiat,508,111,017
RU,Fiat,600,111,018
RU,Fiat,600e,111,019
RU,Fiat,850,111,020
RU,Fiat,900T,111,021
RU,Fiat,Albea,111,022
RU,Fiat,Argenta,111,023
RU,Fiat,Barchetta,111,024
RU,Fiat,Brava,111,025
RU,Fiat,Bravo,111,026
RU,Fiat,Cinquecento,111,027
RU,Fiat,Coupe,111,028
RU,Fiat,Croma,111,029
RU,Fiat,Doblo,111,030
RU,Fiat,Duna,111,031
RU,Fiat,Egea,111,032
RU,Fiat,Fastback,111,033
RU,Fiat,Fiorino,111,034
RU,Fiat,Freemont,111,035
RU,Fiat,Fullback,111,036
RU,Fiat,Grande Panda,111,037
RU,Fiat,Idea,111,038
RU,Fiat,Linea,111,039
RU,Fiat,Marea,111,040
RU,Fiat,Multipla,111,041
RU,Fiat,Palio,111,042
RU,Fiat,Panda,111,043
RU,Fiat,Pulse,111,044
RU,Fiat,Punto,111,045
RU,Fiat,Qubo,111,046
RU,Fiat,Regata,111,047
RU,Fiat,Ritmo,111,048
RU,Fiat,Scudo,111,049
RU,Fiat,Sedici,111,050
RU,Fiat,Seicento,111,051
RU,Fiat,Siena,111,052
RU,Fiat,Stilo,111,053
RU,Fiat,Strada,111,054
RU,Fiat,Tempra,111,055
RU,Fiat,Tipo,111,056
RU,Fiat,Topolino,111,057
RU,Fiat,Uno,111,058
RU,Fiat,X 1/9,111,059
RU,Fisker,Karma,112,000
RU,Fisker,Ocean,112,001
RU,Flanker,F,113,000
RU,Ford,300,114,000
RU,Ford,Aerostar,114,001
RU,Ford,Anglia,114,002
RU,Ford,Aspire,114,003
RU,Ford,B-MAX,114,004
RU,Ford,Bronco,114,005
RU,Ford,Bronco Basecamp,114,006
RU,Ford,Bronco Sport,114,007
RU,Ford,Bronco-II,114,008
RU,Ford,C-MAX,114,009
RU,Ford,Capri,114,010
RU,Ford,Consul,114,011
RU,Ford,Contour,114,012
RU,Ford,Cortina,114,013
RU,Ford,Cougar,114,014
RU,Ford,Country Squire,114,015
RU,Ford,Crestline,114,016
RU,Ford,Crown Victoria,114,017
RU,Ford,Custom,114,018
RU,Ford,Econoline,114,019
RU,Ford,Econovan,114,020
RU,Ford,EcoSport,114,021
RU,Ford,Edge,114,022
RU,Ford,Equator,114,023
RU,Ford,Equator Sport,114,024
RU,Ford,Escape,114,025
RU,Ford,Escort,114,026
RU,Ford,Escort (North America),114,027
RU,Ford,Everest,114,028
RU,Ford,Evos,114,029
RU,Ford,Excursion,114,030
RU,Ford,Expedition,114,031
RU,Ford,Explorer,114,032
RU,Ford,Explorer EV,114,033
RU,Ford,Explorer Sport Trac,114,034
RU,Ford,F-100,114,035
RU,Ford,F-150,114,036
RU,Ford,F-2,114,037
RU,Ford,Fairmont,114,038
RU,Ford,Falcon,114,039
RU,Ford,Festiva,114,040
RU,Ford,Fiesta,114,041
RU,Ford,Fiesta ST,114,042
RU,Ford,Figo,114,043
RU,Ford,Five Hundred,114,044
RU,Ford,Flex,114,045
RU,Ford,Focus,114,046
RU,Ford,Focus RS,114,047
RU,Ford,Focus ST,114,048
RU,Ford,Freda,114,049
RU,Ford,Freestar,114,050
RU,Ford,Freestyle,114,051
RU,Ford,Fusion,114,052
RU,Ford,Fusion (North America),114,053
RU,Ford,Galaxie,114,054
RU,Ford,Galaxy,114,055
RU,Ford,GPA,114,056
RU,Ford,Granada,114,057
RU,Ford,Granada (North America),114,058
RU,Ford,GT,114,059
RU,Ford,GT40,114,060
RU,Ford,Ikon,114,061
RU,Ford,Ixion,114,062
RU,Ford,KA,114,063
RU,Ford,Kuga,114,064
RU,Ford,Laser,114,065
RU,Ford,LTD,114,066
RU,Ford,LTD Country Squire,114,067
RU,Ford,LTD Crown Victoria,114,068
RU,Ford,M151,114,069
RU,Ford,Mainline,114,070
RU,Ford,Maverick,114,071
RU,Ford,Model A,114,072
RU,Ford,Model T,114,073
RU,Ford,Mondeo,114,074
RU,Ford,Mondeo ST,114,075
RU,Ford,Mustang,114,076
RU,Ford,Mustang Mach-E,114,077
RU,Ford,Orion,114,078
RU,Ford,Probe,114,079
RU,Ford,Puma,114,080
RU,Ford,Puma ST,114,081
RU,Ford,Ranchero,114,082
RU,Ford,Ranger,114,083
RU,Ford,Ranger (North America),114,084
RU,Ford,S-MAX,114,085
RU,Ford,Scorpio,114,086
RU,Ford,Sierra,114,087
RU,Ford,Spectron,114,088
RU,Ford,Taunus,114,089
RU,Ford,Taurus,114,090
RU,Ford,Taurus X,114,091
RU,Ford,Telstar,114,092
RU,Ford,Tempo,114,093
RU,Ford,Territory,114,094
RU,Ford,Thunderbird,114,095
RU,Ford,Torino,114,096
RU,Ford,Tourneo Connect,114,097
RU,Ford,Tourneo Courier,114,098
RU,Ford,Tourneo Custom,114,099
RU,Ford,Transit,114,100
RU,Ford,Transit Connect,114,101
RU,Ford,Transit Custom,114,102
RU,Ford,V8,114,103
RU,Ford,Windstar,114,104
RU,Ford,Zephyr,114,105
RU,Forthing,CM7,115,000
RU,Forthing,Friday,115,001
RU,Forthing,Lingzhi M5,115,002
RU,Forthing,Lingzhi Plus,115,003
RU,Forthing,M7,115,004
RU,Forthing,T5,115,005
RU,Forthing,T5 EVO,115,006
RU,Forthing,T5L,115,007
RU,Forthing,Thunder,115,008
RU,Forthing,U-Tour M4,115,009
RU,Forthing,V9,115,010
RU,Forthing,Xinghai S7,115,011
RU,Forthing,Yacht,115,012
RU,Foton,Conqueror 5,116,000
RU,Foton,Mars 7,116,001
RU,Foton,Mars 9,116,002
RU,Foton,Midi,116,003
RU,Foton,Sauvana,116,004
RU,Foton,Tunland,116,005
RU,Foton,Tunland F9,116,006
RU,Foton,Tunland G7,116,007
RU,Foton,Tunland G9,116,008
RU,Foton,Tunland V7,116,009
RU,Foton,Tunland V9,116,010
RU,Franklin,Series 15,117,000
RU,FSO,125p,118,000
RU,FSO,126p,118,001
RU,FSO,127p,118,002
RU,FSO,132p,118,003
RU,FSO,Lanos,118,004
RU,FSO,Polonez,118,005
RU,FSO,Warszawa,118,006
RU,FSR,Tarpan,119,000
RU,Fuqi,6500 (Land King),120,000
RU,GAC,Aion V,121,000
RU,GAC,Empow,121,001
RU,GAC,GN8,121,002
RU,GAC,GS3,121,003
RU,GAC,GS4,121,004
RU,GAC,GS5,121,005
RU,GAC,GS8,121,006
RU,GAC,Hyptec HT,121,007
RU,GAC,iA5,121,008
RU,GAC,M8,121,009
RU,GAC,S7,121,010
RU,GAC,S9,121,011
RU,GAC Trumpchi,E8,122,000
RU,GAC Trumpchi,E9,122,001
RU,GAC Trumpchi,Emkoo,122,002
RU,GAC Trumpchi,Empow,122,003
RU,GAC Trumpchi,ES9,122,004
RU,GAC Trumpchi,GA4,122,005
RU,GAC Trumpchi,GA4 Plus,122,006
RU,GAC Trumpchi,GA6,122,007
RU,GAC Trumpchi,GA8,122,008
RU,GAC Trumpchi,GE3,122,009
RU,GAC Trumpchi,GM6,122,010
RU,GAC Trumpchi,GM8,122,011
RU,GAC Trumpchi,GS3,122,012
RU,GAC Trumpchi,GS3 Power,122,013
RU,GAC Trumpchi,GS4,122,014
RU,GAC Trumpchi,GS4 Max,122,015
RU,GAC Trumpchi,GS4 Plus,122,016
RU,GAC Trumpchi,GS5,122,017
RU,GAC Trumpchi,GS8,122,018
RU,GAC Trumpchi,M6,122,019
RU,GAC Trumpchi,M6 Max,122,020
RU,GAC Trumpchi,M6 Pro,122,021
RU,GAC Trumpchi,M8,122,022
RU,GAC Trumpchi,S7,122,023
RU,GAC Trumpchi,S9,122,024
RU,Geely,Atlas,123,000
RU,Geely,Atlas Pro,123,001
RU,Geely,Azkarra,123,002
RU,Geely,Beauty Leopard,123,003
RU,Geely,Binrui,123,004
RU,Geely,Binrui Cool,123,005
RU,Geely,Binyue,123,006
RU,Geely,Binyue Cool,123,007
RU,Geely,Binyue L,123,008
RU,Geely,Boyue,123,009
RU,Geely,Boyue Cool,123,010
RU,Geely,Boyue L,123,011
RU,Geely,Boyue Pro,123,012
RU,Geely,Boyue REV,123,013
RU,Geely,Cityray,123,014
RU,Geely,CK (Otaka),123,015
RU,Geely,Coolray,123,016
RU,Geely,Cowboy,123,017
RU,Geely,Emgrand,123,018
RU,Geely,Emgrand 7,123,019
RU,Geely,Emgrand EC7,123,020
RU,Geely,Emgrand EC8,123,021
RU,Geely,Emgrand GL,123,022
RU,Geely,Emgrand GT,123,023
RU,Geely,Emgrand L,123,024
RU,Geely,Emgrand S,123,025
RU,Geely,Emgrand X7,123,026
RU,Geely,EX2,123,027
RU,Geely,EX5,123,028
RU,Geely,EX5 EM-i,123,029
RU,Geely,Farizon FX,123,030
RU,Geely,Farizon Happiness,123,031
RU,Geely,FC (Vision),123,032
RU,Geely,Galaxy A7,123,033
RU,Geely,Galaxy E5,123,034
RU,Geely,Galaxy E8,123,035
RU,Geely,Galaxy L6,123,036
RU,Geely,Galaxy L7,123,037
RU,Geely,Galaxy LEVC L380,123,038
RU,Geely,Galaxy M7,123,039
RU,Geely,Galaxy M9,123,040
RU,Geely,Galaxy Starshine 6,123,041
RU,Geely,Galaxy Starshine 7,123,042
RU,Geely,Galaxy Starshine 8,123,043
RU,Geely,Galaxy Starship 7,123,044
RU,Geely,Galaxy TT,123,045
RU,Geely,Galaxy V900,123,046
RU,Geely,GC5,123,047
RU,Geely,GC6,123,048
RU,Geely,GC7,123,049
RU,Geely,GC9,123,050
RU,Geely,Geome Xingyuan,123,051
RU,Geely,Geometry A,123,052
RU,Geely,Geometry C,123,053
RU,Geely,Geometry E,123,054
RU,Geely,Geometry G6,123,055
RU,Geely,Geometry M6,123,056
RU,Geely,GS,123,057
RU,Geely,GX3 Pro,123,058
RU,Geely,Haoqing,123,059
RU,Geely,Haoyue,123,060
RU,Geely,Haoyue L,123,061
RU,Geely,Haoyue Pro,123,062
RU,Geely,Icon,123,063
RU,Geely,Kandi EX3,123,064
RU,Geely,LC (Panda),123,065
RU,Geely,LC (Panda) Cross,123,066
RU,Geely,MK,123,067
RU,Geely,MK Cross,123,068
RU,Geely,Monjaro,123,069
RU,Geely,MR,123,070
RU,Geely,Okavango,123,071
RU,Geely,Panda,123,072
RU,Geely,Preface,123,073
RU,Geely,Radar King Kong,123,074
RU,Geely,SC7,123,075
RU,Geely,Tugella,123,076
RU,Geely,TX4,123,077
RU,Geely,Vision S1,123,078
RU,Geely,Vision X3,123,079
RU,Geely,Vision X3 Pro,123,080
RU,Geely,Vision X6,123,081
RU,Geely,Vision X6 Pro,123,082
RU,Geely,Xingyue,123,083
RU,Geely,Xingyue L,123,084
RU,Genesis,G70,124,000
RU,Genesis,G80,124,001
RU,Genesis,G90,124,002
RU,Genesis,GV60,124,003
RU,Genesis,GV70,124,004
RU,Genesis,GV80,124,005
RU,Genesis,GV80 Coupe,124,006
RU,Geo,Metro,125,000
RU,Geo,Prizm,125,001
RU,Geo,Spectrum,125,002
RU,Geo,Storm,125,003
RU,Geo,Tracker,125,004
RU,GMA,T.33,126,000
RU,GMA,T.50,126,001
RU,GMC,100,127,000
RU,GMC,Acadia,127,001
RU,GMC,C/K,127,002
RU,GMC,Canyon,127,003
RU,GMC,Envoy,127,004
RU,GMC,Hummer EV,127,005
RU,GMC,Jimmy,127,006
RU,GMC,Safari,127,007
RU,GMC,Savana,127,008
RU,GMC,Sierra,127,009
RU,GMC,Sonoma,127,010
RU,GMC,Suburban,127,011
RU,GMC,Syclone,127,012
RU,GMC,Terrain,127,013
RU,GMC,Typhoon,127,014
RU,GMC,Vandura,127,015
RU,GMC,Yukon,127,016
RU,Goggomobil,T,128,000
RU,Goggomobil,TS,128,001
RU,Gonow,Aoosed G5,129,000
RU,Gonow,GX6,129,001
RU,Gonow,Troy,129,002
RU,Gordon,Roadster,130,000
RU,GP,Madison,131,000
RU,Great Wall,Coolbear,132,000
RU,Great Wall,Cowry (V80),132,001
RU,Great Wall,Deer,132,002
RU,Great Wall,Florid,132,003
RU,Great Wall,Hover,132,004
RU,Great Wall,Hover H3,132,005
RU,Great Wall,Hover H5,132,006
RU,Great Wall,Hover H6,132,007
RU,Great Wall,Hover M1 (Peri 4x4),132,008
RU,Great Wall,Hover M2,132,009
RU,Great Wall,Hover M4,132,010
RU,Great Wall,Hover Pi,132,011
RU,Great Wall,Pegasus,132,012
RU,Great Wall,Peri,132,013
RU,Great Wall,Poer,132,014
RU,Great Wall,Poer King Kong,132,015
RU,Great Wall,Safe,132,016
RU,Great Wall,Sailor,132,017
RU,Great Wall,Shanhai Poer,132,018
RU,Great Wall,Sing RUV,132,019
RU,Great Wall,Socool,132,020
RU,Great Wall,Voleex C10 (Phenom),132,021
RU,Great Wall,Voleex C30,132,022
RU,Great Wall,Voleex C50,132,023
RU,Great Wall,Wingle,132,024
RU,Great Wall,Wingle 7,132,025
RU,Gumpert,Apollo,133,000
RU,Hafei,Brio,134,000
RU,Hafei,Minyi,134,001
RU,Hafei,Princip,134,002
RU,Hafei,Saibao,134,003
RU,Hafei,Sigma,134,004
RU,Hafei,Simbo,134,005
RU,Haima,2,135,000
RU,Haima,7X,135,001
RU,Haima,8S,135,002
RU,Haima,Aishang EV,135,003
RU,Haima,E3,135,004
RU,Haima,Family,135,005
RU,Haima,Family F7,135,006
RU,Haima,Freema,135,007
RU,Haima,M3,135,008
RU,Haima,S5,135,009
RU,Haima,S5 Young,135,010
RU,Hanomag,Rekord,136,000
RU,Hanomag,Typ 13,136,001
RU,Hanteng,X7,137,000
RU,Haval,Chitu,138,000
RU,Haval,DaGou (Big Dog),138,001
RU,Haval,Dargo,138,002
RU,Haval,F5,138,003
RU,Haval,F7,138,004
RU,Haval,F7x,138,005
RU,Haval,H1,138,006
RU,Haval,H10,138,007
RU,Haval,H2,138,008
RU,Haval,H2s,138,009
RU,Haval,H3,138,010
RU,Haval,H4,138,011
RU,Haval,H5,138,012
RU,Haval,H6,138,013
RU,Haval,H6 Coupe,138,014
RU,Haval,H6L,138,015
RU,Haval,H6S,138,016
RU,Haval,H7,138,017
RU,Haval,H8,138,018
RU,Haval,H9,138,019
RU,Haval,Jolion,138,020
RU,Haval,KuGou,138,021
RU,Haval,M6,138,022
RU,Haval,Menglong (Raptor),138,023
RU,Haval,Shenshou,138,024
RU,Haval,Xiaolong,138,025
RU,Haval,Xiaolong Max,138,026
RU,Hawtai,B21,139,000
RU,Hawtai,Boliger,139,001
RU,Hawtai,Laville,139,002
RU,Hedmos,06,140,000
RU,Heinkel,Typ 154,141,000
RU,Hengtian,L4600,142,000
RU,Hennessey,Venom F5,143,000
RU,Hennessey,Venom GT,143,001
RU,Hindustan,Ambassador,144,000
RU,Hindustan,Contessa,144,001
RU,HiPhi,X,145,000
RU,HiPhi,Y,145,001
RU,HiPhi,Z,145,002
RU,Hispano-Suiza,K6,146,000
RU,Holden,Apollo,147,000
RU,Holden,Astra,147,001
RU,Holden,Barina,147,002
RU,Holden,Calais,147,003
RU,Holden,Caprice,147,004
RU,Holden,Commodore,147,005
RU,Holden,Cruze,147,006
RU,Holden,Frontera,147,007
RU,Holden,Jackaroo,147,008
RU,Holden,Monaro,147,009
RU,Holden,Rodeo,147,010
RU,Holden,Statesman,147,011
RU,Holden,UTE,147,012
RU,Holden,Vectra,147,013
RU,Holden,Zafira,147,014
RU,Honda,145,148,000
RU,Honda,Accord,148,001
RU,Honda,Acty,148,002
RU,Honda,Airwave,148,003
RU,Honda,Ascot,148,004
RU,Honda,Ascot Innova,148,005
RU,Honda,Avancier,148,006
RU,Honda,Ballade,148,007
RU,Honda,Beat,148,008
RU,Honda,Breeze,148,009
RU,Honda,Brio,148,010
RU,Honda,Capa,148,011
RU,Honda,City,148,012
RU,Honda,Civic,148,013
RU,Honda,Civic Ferio,148,014
RU,Honda,Civic Type R,148,015
RU,Honda,Clarity,148,016
RU,Honda,Concerto,148,017
RU,Honda,CR-V,148,018
RU,Honda,CR-X,148,019
RU,Honda,CR-Z,148,020
RU,Honda,Crider,148,021
RU,Honda,Crossroad,148,022
RU,Honda,Crosstour,148,023
RU,Honda,Domani,148,024
RU,Honda,e,148,025
RU,Honda,e:NP1,148,026
RU,Honda,e:NP2,148,027
RU,Honda,e:NS1,148,028
RU,Honda,e:NS2,148,029
RU,Honda,e:Ny1,148,030
RU,Honda,Edix,148,031
RU,Honda,Element,148,032
RU,Honda,Elevate,148,033
RU,Honda,Elysion,148,034
RU,Honda,Envix,148,035
RU,Honda,Fit,148,036
RU,Honda,Fit Aria,148,037
RU,Honda,Fit Shuttle,148,038
RU,Honda,FR-V,148,039
RU,Honda,Freed,148,040
RU,Honda,Grace,148,041
RU,Honda,Horizon,148,042
RU,Honda,HR-V,148,043
RU,Honda,Insight,148,044
RU,Honda,Inspire,148,045
RU,Honda,Integra,148,046
RU,Honda,Integra SJ,148,047
RU,Honda,Jade,148,048
RU,Honda,Jazz,148,049
RU,Honda,Lagreat,148,050
RU,Honda,Legend,148,051
RU,Honda,Life,148,052
RU,Honda,Logo,148,053
RU,Honda,MDX,148,054
RU,Honda,Mobilio,148,055
RU,Honda,Mobilio Spike,148,056
RU,Honda,N-BOX,148,057
RU,Honda,N-BOX Slash,148,058
RU,Honda,N-BOX+,148,059
RU,Honda,N-One,148,060
RU,Honda,N-VAN,148,061
RU,Honda,N-WGN,148,062
RU,Honda,N360,148,063
RU,Honda,NSX,148,064
RU,Honda,Odyssey,148,065
RU,Honda,Odyssey (North America),148,066
RU,Honda,Orthia,148,067
RU,Honda,Partner,148,068
RU,Honda,Passport,148,069
RU,Honda,Pilot,148,070
RU,Honda,Prelude,148,071
RU,Honda,Prologue,148,072
RU,Honda,Quint,148,073
RU,Honda,Rafaga,148,074
RU,Honda,Ridgeline,148,075
RU,Honda,S-MX,148,076
RU,Honda,S2000,148,077
RU,Honda,S500,148,078
RU,Honda,S600,148,079
RU,Honda,S660,148,080
RU,Honda,Saber,148,081
RU,Honda,Shuttle,148,082
RU,Honda,Stepwgn,148,083
RU,Honda,Stream,148,084
RU,Honda,Street,148,085
RU,Honda,Super-One,148,086
RU,Honda,That'S,148,087
RU,Honda,Today,148,088
RU,Honda,Torneo,148,089
RU,Honda,UR-V,148,090
RU,Honda,Vamos,148,091
RU,Honda,Vezel,148,092
RU,Honda,Vigor,148,093
RU,Honda,WR-V,148,094
RU,Honda,XR-V,148,095
RU,Honda,Ye P7,148,096
RU,Honda,Ye S7,148,097
RU,Honda,Z,148,098
RU,Honda,Zest,148,099
RU,Honda,ZR-V,148,100
RU,Hongqi,E-HS3,149,000
RU,Hongqi,E-HS7,149,001
RU,Hongqi,E-HS9,149,002
RU,Hongqi,E-QM5,149,003
RU,Hongqi,EH7,149,004
RU,Hongqi,Guoya,149,005
RU,Hongqi,H5,149,006
RU,Hongqi,H6,149,007
RU,Hongqi,H7,149,008
RU,Hongqi,H9,149,009
RU,Hongqi,HQ9,149,010
RU,Hongqi,HS3,149,011
RU,Hongqi,HS5,149,012
RU,Hongqi,HS6,149,013
RU,Hongqi,HS7,149,014
RU,Hongqi,L5,149,015
RU,Hongqi,LS7,149,016
RU,Hongqi,Tiangong 05,149,017
RU,Hongqi,Tiangong 06,149,018
RU,Hongqi,Tiangong 08,149,019
RU,Horch,830,150,000
RU,Horch,853,150,001
RU,Horch,901,150,002
RU,Hozon,Neta Aya,151,000
RU,Hozon,Neta GT,151,001
RU,Hozon,Neta L,151,002
RU,Hozon,Neta S,151,003
RU,Hozon,Neta U,151,004
RU,Hozon,Neta U-II,151,005
RU,Hozon,Neta V,151,006
RU,Hozon,Neta X,151,007
RU,HSV,Maloo,152,000
RU,Huaihai (Hoann),EK01,153,000
RU,HuangHai,Antelope,154,000
RU,HuangHai,Landscape,154,001
RU,HuangHai,N1,154,002
RU,HuangHai,N2,154,003
RU,HuangHai,N7,154,004
RU,HuangHai,Plutus,154,005
RU,Huazi,Omega,155,000
RU,Hudson,Custom Eight,156,000
RU,Hudson,Deluxe Eight,156,001
RU,Hudson,Hornet,156,002
RU,Hudson,Super Six,156,003
RU,Humber,Hawk,157,000
RU,Hummer,H1,158,000
RU,Hummer,H2,158,001
RU,Hummer,H3,158,002
RU,Hycan,007,159,000
RU,Hycan,A06,159,001
RU,Hycan,V09,159,002
RU,Hycan,Z03,159,003
RU,Hyperion,XP-1,160,000
RU,Hyundai,Accent,161,000
RU,Hyundai,Alcazar,161,001
RU,Hyundai,Aslan,161,002
RU,Hyundai,Atos,161,003
RU,Hyundai,Avante,161,004
RU,Hyundai,Avante N,161,005
RU,Hyundai,Azera,161,006
RU,Hyundai,Bayon,161,007
RU,Hyundai,Casper,161,008
RU,Hyundai,Celesta,161,009
RU,Hyundai,Centennial,161,010
RU,Hyundai,Click,161,011
RU,Hyundai,Coupe,161,012
RU,Hyundai,Creta,161,013
RU,Hyundai,Custin,161,014
RU,Hyundai,Custo,161,015
RU,Hyundai,Dynasty,161,016
RU,Hyundai,Elantra,161,017
RU,Hyundai,Elantra N,161,018
RU,Hyundai,Elexio,161,019
RU,Hyundai,Encino,161,020
RU,Hyundai,Entourage,161,021
RU,Hyundai,EON,161,022
RU,Hyundai,Equus,161,023
RU,Hyundai,Excel,161,024
RU,Hyundai,Exter,161,025
RU,Hyundai,Galloper,161,026
RU,Hyundai,Genesis,161,027
RU,Hyundai,Genesis Coupe,161,028
RU,Hyundai,Getz,161,029
RU,Hyundai,Grace,161,030
RU,Hyundai,Grand Starex,161,031
RU,Hyundai,Grandeur,161,032
RU,Hyundai,H-1,161,033
RU,Hyundai,H200,161,034
RU,Hyundai,HB20,161,035
RU,Hyundai,i10,161,036
RU,Hyundai,i20,161,037
RU,Hyundai,i20 N,161,038
RU,Hyundai,i30,161,039
RU,Hyundai,i30 N,161,040
RU,Hyundai,i40,161,041
RU,Hyundai,Inster,161,042
RU,Hyundai,IONIQ,161,043
RU,Hyundai,IONIQ 3,161,044
RU,Hyundai,IONIQ 5,161,045
RU,Hyundai,IONIQ 5 N,161,046
RU,Hyundai,IONIQ 6,161,047
RU,Hyundai,IONIQ 9,161,048
RU,Hyundai,ix20,161,049
RU,Hyundai,ix25,161,050
RU,Hyundai,ix35,161,051
RU,Hyundai,ix55,161,052
RU,Hyundai,Kona,161,053
RU,Hyundai,Kona N,161,054
RU,Hyundai,Lafesta,161,055
RU,Hyundai,Lantra,161,056
RU,Hyundai,Lavita,161,057
RU,Hyundai,Marcia,161,058
RU,Hyundai,Matrix,161,059
RU,Hyundai,Maxcruz,161,060
RU,Hyundai,Mistra,161,061
RU,Hyundai,Mufasa,161,062
RU,Hyundai,Nexo,161,063
RU,Hyundai,Palisade,161,064
RU,Hyundai,Pony,161,065
RU,Hyundai,Reina,161,066
RU,Hyundai,Santa Cruz,161,067
RU,Hyundai,Santa Fe,161,068
RU,Hyundai,Santamo,161,069
RU,Hyundai,Santro,161,070
RU,Hyundai,Scoupe,161,071
RU,Hyundai,Solaris,161,072
RU,Hyundai,Sonata,161,073
RU,Hyundai,Starex,161,074
RU,Hyundai,Stargazer,161,075
RU,Hyundai,Staria,161,076
RU,Hyundai,Stellar,161,077
RU,Hyundai,Terracan,161,078
RU,Hyundai,Tiburon,161,079
RU,Hyundai,Trajet,161,080
RU,Hyundai,Tucson,161,081
RU,Hyundai,Tuscani,161,082
RU,Hyundai,Veloster,161,083
RU,Hyundai,Venue,161,084
RU,Hyundai,Veracruz,161,085
RU,Hyundai,Verna,161,086
RU,Hyundai,XG,161,087
RU,iCar,03,162,000
RU,iCar,V23,162,001
RU,iCar,V27,162,002
RU,iCaur,V27,163,000
RU,IM Motors (Zhiji),L6,164,000
RU,IM Motors (Zhiji),L7,164,001
RU,IM Motors (Zhiji),LS6,164,002
RU,IM Motors (Zhiji),LS7,164,003
RU,IM Motors (Zhiji),LS8,164,004
RU,IM Motors (Zhiji),LS9,164,005
RU,Ineos,Grenadier,165,000
RU,Infiniti,ESQ,166,000
RU,Infiniti,EX,166,001
RU,Infiniti,FX,166,002
RU,Infiniti,G,166,003
RU,Infiniti,I,166,004
RU,Infiniti,J,166,005
RU,Infiniti,JX,166,006
RU,Infiniti,M,166,007
RU,Infiniti,Q,166,008
RU,Infiniti,Q30,166,009
RU,Infiniti,Q40,166,010
RU,Infiniti,Q50,166,011
RU,Infiniti,Q60,166,012
RU,Infiniti,Q70,166,013
RU,Infiniti,QX30,166,014
RU,Infiniti,QX4,166,015
RU,Infiniti,QX50,166,016
RU,Infiniti,QX55,166,017
RU,Infiniti,QX56,166,018
RU,Infiniti,QX60,166,019
RU,Infiniti,QX65,166,020
RU,Infiniti,QX70,166,021
RU,Infiniti,QX80,166,022
RU,Innocenti,Elba,167,000
RU,Innocenti,Mille,167,001
RU,Innocenti,Mini,167,002
RU,International Harvester,Scout,168,000
RU,International Harvester,Travelall,168,001
RU,Invicta,S1,169,000
RU,Iran Khodro,Arisun,170,000
RU,Iran Khodro,Dena,170,001
RU,Iran Khodro,Paykan,170,002
RU,Iran Khodro,Runna,170,003
RU,Iran Khodro,Sahra,170,004
RU,Iran Khodro,Samand,170,005
RU,Iran Khodro,Sarir,170,006
RU,Iran Khodro,Soren,170,007
RU,Iran Khodro,Tara,170,008
RU,Isdera,Commendatore 112i,171,000
RU,Isdera,Imperator 108i,171,001
RU,Isdera,Spyder,171,002
RU,Isuzu,117,172,000
RU,Isuzu,Amigo,172,001
RU,Isuzu,Ascender,172,002
RU,Isuzu,Aska,172,003
RU,Isuzu,Axiom,172,004
RU,Isuzu,Bellett,172,005
RU,Isuzu,Bighorn,172,006
RU,Isuzu,D-Max,172,007
RU,Isuzu,Fargo,172,008
RU,Isuzu,Fargo Filly,172,009
RU,Isuzu,Florian,172,010
RU,Isuzu,Gemini,172,011
RU,Isuzu,Hombre,172,012
RU,Isuzu,Impulse,172,013
RU,Isuzu,KB,172,014
RU,Isuzu,Lingtuo,172,015
RU,Isuzu,Midi,172,016
RU,Isuzu,MU,172,017
RU,Isuzu,MU-7,172,018
RU,Isuzu,MU-X,172,019
RU,Isuzu,Oasis,172,020
RU,Isuzu,Pa Nero,172,021
RU,Isuzu,Piazza,172,022
RU,Isuzu,Rodeo,172,023
RU,Isuzu,Ruimai,172,024
RU,Isuzu,Stylus,172,025
RU,Isuzu,T17,172,026
RU,Isuzu,T30 Explorer,172,027
RU,Isuzu,TF (Pickup),172,028
RU,Isuzu,Trooper,172,029
RU,Isuzu,VehiCross,172,030
RU,Isuzu,Wizard,172,031
RU,Iveco,Massif,173,000
RU,JAC,A5,174,000
RU,JAC,E30X,174,001
RU,JAC,Hunter,174,002
RU,JAC,iEV7L,174,003
RU,JAC,iEV7S,174,004
RU,JAC,iEVA50,174,005
RU,JAC,iEVS4,174,006
RU,JAC,J2 (Yueyue),174,007
RU,JAC,"J3 (Tongyue,Tojoy)",174,008
RU,JAC,J4 (Heyue A30),174,009
RU,JAC,J5 (Heyue),174,010
RU,JAC,J6 (Heyue RS),174,011
RU,JAC,J7,174,012
RU,JAC,J7 (Binyue),174,013
RU,JAC,Jiayue X7,174,014
RU,JAC,JS2,174,015
RU,JAC,JS2 Pro,174,016
RU,JAC,JS3,174,017
RU,JAC,JS4,174,018
RU,JAC,JS5,174,019
RU,JAC,JS6,174,020
RU,JAC,JS9,174,021
RU,JAC,M1 (Refine),174,022
RU,JAC,M4,174,023
RU,JAC,M5,174,024
RU,JAC,Refine L6 Max,174,025
RU,JAC,Refine M3,174,026
RU,JAC,Refine RF8,174,027
RU,JAC,RF8,174,028
RU,JAC,S1 (Rein),174,029
RU,JAC,S2,174,030
RU,JAC,S3,174,031
RU,JAC,S3 Pro,174,032
RU,JAC,S4,174,033
RU,JAC,S5 (Eagle),174,034
RU,JAC,S6,174,035
RU,JAC,S7,174,036
RU,JAC,Sehol A5 Plus,174,037
RU,JAC,Sehol Aipao,174,038
RU,JAC,Sehol E20X,174,039
RU,JAC,Sehol X6,174,040
RU,JAC,Sehol X8,174,041
RU,JAC,Sehol X8 Plus,174,042
RU,JAC,T6,174,043
RU,JAC,T8,174,044
RU,JAC,T8 Pro,174,045
RU,JAC,T9,174,046
RU,JAC,Yttrium 3,174,047
RU,Jaecoo,EJ6,175,000
RU,Jaecoo,J6,175,001
RU,Jaecoo,J7,175,002
RU,Jaecoo,J8,175,003
RU,Jaguar,E-Pace,176,000
RU,Jaguar,E-type,176,001
RU,Jaguar,F-Pace,176,002
RU,Jaguar,F-Type,176,003
RU,Jaguar,I-Pace,176,004
RU,Jaguar,Mark 2,176,005
RU,Jaguar,Mark IX,176,006
RU,Jaguar,S-Type,176,007
RU,Jaguar,X-Type,176,008
RU,Jaguar,XE,176,009
RU,Jaguar,XF,176,010
RU,Jaguar,XFR,176,011
RU,Jaguar,XJ,176,012
RU,Jaguar,XJ220,176,013
RU,Jaguar,XJR,176,014
RU,Jaguar,XJS,176,015
RU,Jaguar,XK,176,016
RU,Jaguar,XKR,176,017
RU,Jeep,Avenger,177,000
RU,Jeep,Cherokee,177,001
RU,Jeep,CJ,177,002
RU,Jeep,Comanche,177,003
RU,Jeep,Commander,177,004
RU,Jeep,Compass,177,005
RU,Jeep,Gladiator,177,006
RU,Jeep,Grand Cherokee,177,007
RU,Jeep,Grand Commander,177,008
RU,Jeep,Liberty (North America),177,009
RU,Jeep,Liberty (Patriot),177,010
RU,Jeep,Recon,177,011
RU,Jeep,Renegade,177,012
RU,Jeep,Wagoneer,177,013
RU,Jeep,Wagoneer S,177,014
RU,Jeep,Wrangler,177,015
RU,Jeland,C5,178,000
RU,Jeland,J6,178,001
RU,Jeland,J7,178,002
RU,Jeland,J8,178,003
RU,Jensen,Interceptor,179,000
RU,Jensen,S-V8,179,001
RU,Jetour,Dashing,180,000
RU,Jetour,Freedom,180,001
RU,Jetour,G700,180,002
RU,Jetour,Reaolo,180,003
RU,Jetour,Shanhai L6,180,004
RU,Jetour,Shanhai L7,180,005
RU,Jetour,Shanhai L7 Plus,180,006
RU,Jetour,Shanhai L9,180,007
RU,Jetour,Shanhai T1,180,008
RU,Jetour,Shanhai T2,180,009
RU,Jetour,T1,180,010
RU,Jetour,T2,180,011
RU,Jetour,Traveller,180,012
RU,Jetour,X50,180,013
RU,Jetour,X70,180,014
RU,Jetour,X70 Pro,180,015
RU,Jetour,X70+,180,016
RU,Jetour,X70L,180,017
RU,Jetour,X90,180,018
RU,Jetour,X90 Pro,180,019
RU,Jetour,X90+,180,020
RU,Jetour,X95,180,021
RU,Jetta,VA3,181,000
RU,Jetta,VA7,181,001
RU,Jetta,VS5,181,002
RU,Jetta,VS7,181,003
RU,Jetta,VS8,181,004
RU,Jiangnan,Chuanqi,182,000
RU,Jidu,01,183,000
RU,Jidu,07,183,001
RU,Jinbei,Haise,184,000
RU,Jinbei,Haise S,184,001
RU,JMC,Baodian,185,000
RU,JMC,Dadao,185,001
RU,JMC,Vigus,185,002
RU,JMC,Vigus Work,185,003
RU,JMC,Yuhu 7,185,004
RU,JMEV,01,186,000
RU,JMEV,EV3,186,001
RU,JMEV,GSE (Yi),186,002
RU,Jonway,UFO A380,187,000
RU,Kaiyi,E5,188,000
RU,Kaiyi,Shiyue,188,001
RU,Kaiyi,X3,188,002
RU,Kaiyi,X3 Pro,188,003
RU,Kaiyi,X7 Kunlun,188,004
RU,Karma,Revero,189,000
RU,Karma,Revero GT,189,001
RU,Kawei,K1,190,000
RU,Kawei,K150,190,001
RU,Kawei,K150GT,190,002
RU,KGM,Actyon,191,000
RU,KGM,Korando,191,001
RU,KGM,Musso,191,002
RU,KGM,Musso Sports,191,003
RU,KGM,Rexton,191,004
RU,KGM,Rexton Sports,191,005
RU,KGM,Tivoli,191,006
RU,KGM,Torres,191,007
RU,Kia,Avella,192,000
RU,Kia,Borrego,192,001
RU,Kia,Cachet,192,002
RU,Kia,Cadenza,192,003
RU,Kia,Capital,192,004
RU,Kia,Carens,192,005
RU,Kia,Carnival,192,006
RU,Kia,Carstar,192,007
RU,Kia,Ceed,192,008
RU,Kia,Ceed GT,192,009
RU,Kia,Cerato,192,010
RU,Kia,Clarus,192,011
RU,Kia,Concord,192,012
RU,Kia,Elan,192,013
RU,Kia,Enterprise,192,014
RU,Kia,EV2,192,015
RU,Kia,EV3,192,016
RU,Kia,EV4,192,017
RU,Kia,EV5,192,018
RU,Kia,EV6,192,019
RU,Kia,EV9,192,020
RU,Kia,Forte,192,021
RU,Kia,Joice,192,022
RU,Kia,K2,192,023
RU,Kia,K3,192,024
RU,Kia,K4,192,025
RU,Kia,K5,192,026
RU,Kia,K7,192,027
RU,Kia,K8,192,028
RU,Kia,K9,192,029
RU,Kia,K900,192,030
RU,Kia,KX Cross,192,031
RU,Kia,KX1,192,032
RU,Kia,KX3,192,033
RU,Kia,KX5,192,034
RU,Kia,KX7,192,035
RU,Kia,Lotze,192,036
RU,Kia,Magentis,192,037
RU,Kia,Mentor,192,038
RU,Kia,Mohave,192,039
RU,Kia,Morning,192,040
RU,Kia,Niro,192,041
RU,Kia,Opirus,192,042
RU,Kia,Optima,192,043
RU,Kia,Pegas,192,044
RU,Kia,Picanto,192,045
RU,Kia,Potentia,192,046
RU,Kia,Pregio,192,047
RU,Kia,Pride,192,048
RU,Kia,Proceed,192,049
RU,Kia,PV5,192,050
RU,Kia,Quanlima,192,051
RU,Kia,Quoris,192,052
RU,Kia,Ray,192,053
RU,Kia,Retona,192,054
RU,Kia,Rio,192,055
RU,Kia,Sedona,192,056
RU,Kia,Seltos,192,057
RU,Kia,Sephia,192,058
RU,Kia,Shuma,192,059
RU,Kia,Soluto,192,060
RU,Kia,Sonet,192,061
RU,Kia,Sorento,192,062
RU,Kia,Soul,192,063
RU,Kia,Soul EV,192,064
RU,Kia,Spectra,192,065
RU,Kia,Sportage,192,066
RU,Kia,Sportage (China),192,067
RU,Kia,Stinger,192,068
RU,Kia,Stonic,192,069
RU,Kia,Syros,192,070
RU,Kia,Tasman,192,071
RU,Kia,Telluride,192,072
RU,Kia,Towner,192,073
RU,Kia,Venga,192,074
RU,Kia,Visto,192,075
RU,Kia,X-Trek,192,076
RU,Kia,XCeed,192,077
RU,Knewstar,001,193,000
RU,Koenigsegg,Agera,194,000
RU,Koenigsegg,CC850,194,001
RU,Koenigsegg,CC8S,194,002
RU,Koenigsegg,CCR,194,003
RU,Koenigsegg,CCX,194,004
RU,Koenigsegg,Gemera,194,005
RU,Koenigsegg,Jesko,194,006
RU,Koenigsegg,One:1,194,007
RU,Koenigsegg,Regera,194,008
RU,KTM AG,X-Bow,195,000
RU,KYC,F3,196,000
RU,Lada (ВАЗ),1111 Ока,197,000
RU,Lada (ВАЗ),2101,197,001
RU,Lada (ВАЗ),2102,197,002
RU,Lada (ВАЗ),2103,197,003
RU,Lada (ВАЗ),2104,197,004
RU,Lada (ВАЗ),2105,197,005
RU,Lada (ВАЗ),2106,197,006
RU,Lada (ВАЗ),2107,197,007
RU,Lada (ВАЗ),2108,197,008
RU,Lada (ВАЗ),2109,197,009
RU,Lada (ВАЗ),21099,197,010
RU,Lada (ВАЗ),2110,197,011
RU,Lada (ВАЗ),2111,197,012
RU,Lada (ВАЗ),2112,197,013
RU,Lada (ВАЗ),2113,197,014
RU,Lada (ВАЗ),2114,197,015
RU,Lada (ВАЗ),2115,197,016
RU,Lada (ВАЗ),2120 Надежда,197,017
RU,Lada (ВАЗ),2121 (4x4),197,018
RU,Lada (ВАЗ),2123,197,019
RU,Lada (ВАЗ),2129,197,020
RU,Lada (ВАЗ),2131 (4x4),197,021
RU,Lada (ВАЗ),2328,197,022
RU,Lada (ВАЗ),2329,197,023
RU,Lada (ВАЗ),Aura,197,024
RU,Lada (ВАЗ),Azimut,197,025
RU,Lada (ВАЗ),e-Largus,197,026
RU,Lada (ВАЗ),EL Lada,197,027
RU,Lada (ВАЗ),Granta,197,028
RU,Lada (ВАЗ),Iskra,197,029
RU,Lada (ВАЗ),Kalina,197,030
RU,Lada (ВАЗ),Largus,197,031
RU,Lada (ВАЗ),Niva,197,032
RU,Lada (ВАЗ),Niva Legend,197,033
RU,Lada (ВАЗ),Niva Travel,197,034
RU,Lada (ВАЗ),Priora,197,035
RU,Lada (ВАЗ),Revolution,197,036
RU,Lada (ВАЗ),Vesta,197,037
RU,Lada (ВАЗ),X-cross 5,197,038
RU,Lada (ВАЗ),XRAY,197,039
RU,Lamborghini,350/400 GT,198,000
RU,Lamborghini,Aventador,198,001
RU,Lamborghini,Centenario,198,002
RU,Lamborghini,Countach,198,003
RU,Lamborghini,Countach LPI 800-4,198,004
RU,Lamborghini,Diablo,198,005
RU,Lamborghini,Egoista,198,006
RU,Lamborghini,Espada,198,007
RU,Lamborghini,Fenomeno,198,008
RU,Lamborghini,Gallardo,198,009
RU,Lamborghini,Huracán,198,010
RU,Lamborghini,Islero,198,011
RU,Lamborghini,Jalpa,198,012
RU,Lamborghini,Jarama,198,013
RU,Lamborghini,LM001,198,014
RU,Lamborghini,LM002,198,015
RU,Lamborghini,Miura,198,016
RU,Lamborghini,Murcielago,198,017
RU,Lamborghini,Reventon,198,018
RU,Lamborghini,Revuelto,198,019
RU,Lamborghini,Sesto Elemento,198,020
RU,Lamborghini,Silhouette,198,021
RU,Lamborghini,Sián,198,022
RU,Lamborghini,Temerario,198,023
RU,Lamborghini,Urraco,198,024
RU,Lamborghini,Urus,198,025
RU,Lamborghini,Veneno,198,026
RU,Lancia,A 112,199,000
RU,Lancia,Appia,199,001
RU,Lancia,Aurelia,199,002
RU,Lancia,Beta,199,003
RU,Lancia,Dedra,199,004
RU,Lancia,Delta,199,005
RU,Lancia,Flaminia,199,006
RU,Lancia,Flavia,199,007
RU,Lancia,Fulvia,199,008
RU,Lancia,Gamma,199,009
RU,Lancia,Hyena,199,010
RU,Lancia,Kappa,199,011
RU,Lancia,Lambda,199,012
RU,Lancia,Lybra,199,013
RU,Lancia,Monte Carlo,199,014
RU,Lancia,Musa,199,015
RU,Lancia,Phedra,199,016
RU,Lancia,Prisma,199,017
RU,Lancia,Rally 037,199,018
RU,Lancia,Stratos,199,019
RU,Lancia,Thema,199,020
RU,Lancia,Thesis,199,021
RU,Lancia,Trevi,199,022
RU,Lancia,Voyager,199,023
RU,Lancia,Y10,199,024
RU,Lancia,Ypsilon,199,025
RU,Lancia,Zeta,199,026
RU,Land Rover,Defender,200,000
RU,Land Rover,Discovery,200,001
RU,Land Rover,Discovery Sport,200,002
RU,Land Rover,Freelander,200,003
RU,Land Rover,Range Rover,200,004
RU,Land Rover,Range Rover Evoque,200,005
RU,Land Rover,Range Rover Sport,200,006
RU,Land Rover,Range Rover Velar,200,007
RU,Land Rover,Series I,200,008
RU,Land Rover,Series II,200,009
RU,Land Rover,Series III,200,010
RU,Landwind,Fashion (CV9),201,000
RU,Landwind,Forward,201,001
RU,Landwind,X5,201,002
RU,Landwind,X6,201,003
RU,Landwind,X7,201,004
RU,Landwind,Х9,201,005
RU,Leapmotor,A05,202,000
RU,Leapmotor,A10,202,001
RU,Leapmotor,B01,202,002
RU,Leapmotor,B05 (Lafa 5),202,003
RU,Leapmotor,B10,202,004
RU,Leapmotor,C01,202,005
RU,Leapmotor,C10,202,006
RU,Leapmotor,C11,202,007
RU,Leapmotor,C16,202,008
RU,Leapmotor,D19,202,009
RU,Leapmotor,D99,202,010
RU,Leapmotor,S01,202,011
RU,Leapmotor,T03,202,012
RU,Letin,Mengo,203,000
RU,Letin,Mengo Pro,203,001
RU,LEVC,L380,204,000
RU,LEVC,TX,204,001
RU,Lexus,CT,205,000
RU,Lexus,ES,205,001
RU,Lexus,GS,205,002
RU,Lexus,GS F,205,003
RU,Lexus,GX,205,004
RU,Lexus,HS,205,005
RU,Lexus,IS,205,006
RU,Lexus,IS F,205,007
RU,Lexus,LBX,205,008
RU,Lexus,LC,205,009
RU,Lexus,LFA,205,010
RU,Lexus,LM,205,011
RU,Lexus,LS,205,012
RU,Lexus,LX,205,013
RU,Lexus,NX,205,014
RU,Lexus,RC,205,015
RU,Lexus,RC F,205,016
RU,Lexus,RX,205,017
RU,Lexus,RZ,205,018
RU,Lexus,SC,205,019
RU,Lexus,TX,205,020
RU,Lexus,TZ,205,021
RU,Lexus,UX,205,022
RU,Li Auto (Lixiang),i6,206,000
RU,Li Auto (Lixiang),i8,206,001
RU,Li Auto (Lixiang),L6,206,002
RU,Li Auto (Lixiang),L7,206,003
RU,Li Auto (Lixiang),L8,206,004
RU,Li Auto (Lixiang),L9,206,005
RU,Li Auto (Lixiang),Mega,206,006
RU,Li Auto (Lixiang),One,206,007
RU,Liebao Motor,Leopard,207,000
RU,Lifan,650 EV,208,000
RU,Lifan,Breez (520),208,001
RU,Lifan,Cebrium (720),208,002
RU,Lifan,Celliya (530),208,003
RU,Lifan,Murman (820),208,004
RU,Lifan,Myway,208,005
RU,Lifan,Smily,208,006
RU,Lifan,Solano,208,007
RU,Lifan,X50,208,008
RU,Lifan,X60,208,009
RU,Lifan,X70,208,010
RU,Ligier,JS 51,209,000
RU,Lincoln,Aviator,210,000
RU,Lincoln,Blackwood,210,001
RU,Lincoln,Capri,210,002
RU,Lincoln,Continental,210,003
RU,Lincoln,Continental Mark,210,004
RU,Lincoln,Corsair,210,005
RU,Lincoln,LS,210,006
RU,Lincoln,Mark LT,210,007
RU,Lincoln,Mark VII,210,008
RU,Lincoln,Mark VIII,210,009
RU,Lincoln,MKC,210,010
RU,Lincoln,MKS,210,011
RU,Lincoln,MKT,210,012
RU,Lincoln,MKX,210,013
RU,Lincoln,MKZ,210,014
RU,Lincoln,Nautilus,210,015
RU,Lincoln,Navigator,210,016
RU,Lincoln,Premiere,210,017
RU,Lincoln,Town Car,210,018
RU,Lincoln,Versailles,210,019
RU,Lincoln,Z,210,020
RU,Lincoln,Zephyr,210,021
RU,Lingxi,L,211,000
RU,Livan,7,212,000
RU,Livan,8,212,001
RU,Livan,9,212,002
RU,Livan,Blue Baloon,212,003
RU,Livan,S6 Pro,212,004
RU,Livan,X3 Pro,212,005
RU,Livan,X6 Pro,212,006
RU,Logem,EC30,213,000
RU,Lotus,2-Eleven,214,000
RU,Lotus,3-Eleven,214,001
RU,Lotus,340R,214,002
RU,Lotus,Eclat,214,003
RU,Lotus,Elan,214,004
RU,Lotus,Eletre,214,005
RU,Lotus,Elise,214,006
RU,Lotus,Elite,214,007
RU,Lotus,Emeya,214,008
RU,Lotus,Emira,214,009
RU,Lotus,Esprit,214,010
RU,Lotus,Europa,214,011
RU,Lotus,Europa S,214,012
RU,Lotus,Evija,214,013
RU,Lotus,Evora,214,014
RU,Lotus,Excel,214,015
RU,Lotus,Exige,214,016
RU,Lotus,For Me,214,017
RU,LTI,FX4,215,000
RU,LTI,TX,215,001
RU,Lucid,Air,216,000
RU,Lucid,Gravity,216,001
RU,Luxeed,R7,217,000
RU,Luxeed,RX,217,001
RU,Luxeed,S7,217,002
RU,Luxeed,V9,217,003
RU,Luxgen,Luxgen5,218,000
RU,Luxgen,Luxgen7 MPV,218,001
RU,Luxgen,Luxgen7 SUV,218,002
RU,Luxgen,U6 Turbo,218,003
RU,Luxgen,U7 Turbo,218,004
RU,Lynk & Co,01,219,000
RU,Lynk & Co,02,219,001
RU,Lynk & Co,03,219,002
RU,Lynk & Co,05,219,003
RU,Lynk & Co,06,219,004
RU,Lynk & Co,07,219,005
RU,Lynk & Co,08,219,006
RU,Lynk & Co,09,219,007
RU,Lynk & Co,10,219,008
RU,Lynk & Co,900,219,009
RU,Lynk & Co,Z10,219,010
RU,Lynk & Co,Z20,219,011
RU,M-Hero,I,220,000
RU,Maextro,S800,221,000
RU,Maextro,V680,221,001
RU,Maextro,V800,221,002
RU,Mahindra,Armada,222,000
RU,Mahindra,Bolero,222,001
RU,Mahindra,CJ-3,222,002
RU,Mahindra,CL,222,003
RU,Mahindra,Commander,222,004
RU,Mahindra,Marshal,222,005
RU,Mahindra,MM,222,006
RU,Mahindra,NC 640 DP,222,007
RU,Mahindra,Scorpio,222,008
RU,Mahindra,Thar,222,009
RU,Mahindra,Verito,222,010
RU,Mahindra,Voyager,222,011
RU,Mahindra,Xylo,222,012
RU,Maple,30X,223,000
RU,Maple,X3 Pro,223,001
RU,Marcos,GTS,224,000
RU,Marcos,LM 400,224,001
RU,Marcos,LM 500,224,002
RU,Marcos,Mantis,224,003
RU,Marcos,Marcasite,224,004
RU,Marlin,5EXi,225,000
RU,Marlin,Sportster,225,001
RU,Marussia,B1,226,000
RU,Marussia,B2,226,001
RU,Maruti,1000,227,000
RU,Maruti,800,227,001
RU,Maruti,Alto,227,002
RU,Maruti,Baleno,227,003
RU,Maruti,Esteem,227,004
RU,Maruti,Gypsy,227,005
RU,Maruti,Omni,227,006
RU,Maruti,Versa,227,007
RU,Maruti,Wagon R,227,008
RU,Maruti,Zen,227,009
RU,Maserati,228,228,000
RU,Maserati,3200 GT,228,001
RU,Maserati,3500 GT,228,002
RU,Maserati,420,228,003
RU,Maserati,4200 GT,228,004
RU,Maserati,Barchetta Stradale,228,005
RU,Maserati,Biturbo,228,006
RU,Maserati,Bora,228,007
RU,Maserati,Chubasco,228,008
RU,Maserati,Ghibli,228,009
RU,Maserati,GranCabrio,228,010
RU,Maserati,GranTurismo,228,011
RU,Maserati,Grecale,228,012
RU,Maserati,GT2 Stradale,228,013
RU,Maserati,Indy,228,014
RU,Maserati,Karif,228,015
RU,Maserati,Khamsin,228,016
RU,Maserati,Kyalami,228,017
RU,Maserati,Levante,228,018
RU,Maserati,MC12,228,019
RU,Maserati,MC20,228,020
RU,Maserati,MCPura,228,021
RU,Maserati,Merak,228,022
RU,Maserati,Mexico,228,023
RU,Maserati,Mostro Zagato,228,024
RU,Maserati,Quattroporte,228,025
RU,Maserati,Royale,228,026
RU,Maserati,Shamal,228,027
RU,Matra,Murena,229,000
RU,Maxus,D60,230,000
RU,Maxus,D90,230,001
RU,Maxus,EUNIQ 5,230,002
RU,Maxus,EUNIQ 6,230,003
RU,Maxus,G10,230,004
RU,Maxus,G20,230,005
RU,Maxus,G50,230,006
RU,Maxus,G50 Plus,230,007
RU,Maxus,G70,230,008
RU,Maxus,G90,230,009
RU,Maxus,Interstellar,230,010
RU,Maxus,MIFA 5,230,011
RU,Maxus,MIFA 7,230,012
RU,Maxus,MIFA 9,230,013
RU,Maxus,T70,230,014
RU,Maxus,T90,230,015
RU,Maxus,Territory,230,016
RU,Maxus,V70,230,017
RU,Maybach,57,231,000
RU,Maybach,62,231,001
RU,Maybach,Exelero,231,002
RU,Maybach,SW38,231,003
RU,Mazda,1000,232,000
RU,Mazda,121,232,001
RU,Mazda,1300,232,002
RU,Mazda,2,232,003
RU,Mazda,3,232,004
RU,Mazda,3 MPS,232,005
RU,Mazda,323,232,006
RU,Mazda,5,232,007
RU,Mazda,6,232,008
RU,Mazda,6 MPS,232,009
RU,Mazda,616,232,010
RU,Mazda,626,232,011
RU,Mazda,6e,232,012
RU,Mazda,818,232,013
RU,Mazda,929,232,014
RU,Mazda,Atenza,232,015
RU,Mazda,Autozam AZ-1,232,016
RU,Mazda,Autozam AZ-3,232,017
RU,Mazda,Autozam Clef,232,018
RU,Mazda,Axela,232,019
RU,Mazda,AZ-Offroad,232,020
RU,Mazda,AZ-Wagon,232,021
RU,Mazda,B-series,232,022
RU,Mazda,Biante,232,023
RU,Mazda,Bongo,232,024
RU,Mazda,Bongo Friendee,232,025
RU,Mazda,BT-50,232,026
RU,Mazda,Capella,232,027
RU,Mazda,Carol,232,028
RU,Mazda,Chantez,232,029
RU,Mazda,Cosmo,232,030
RU,Mazda,Cronos,232,031
RU,Mazda,CX-3,232,032
RU,Mazda,CX-30,232,033
RU,Mazda,CX-4,232,034
RU,Mazda,CX-5,232,035
RU,Mazda,CX-50,232,036
RU,Mazda,CX-60,232,037
RU,Mazda,CX-6e,232,038
RU,Mazda,CX-7,232,039
RU,Mazda,CX-70,232,040
RU,Mazda,CX-8,232,041
RU,Mazda,CX-80,232,042
RU,Mazda,CX-9,232,043
RU,Mazda,CX-90,232,044
RU,Mazda,Demio,232,045
RU,Mazda,E-Series,232,046
RU,Mazda,Efini MS-6,232,047
RU,Mazda,Efini MS-8,232,048
RU,Mazda,Efini MS-9,232,049
RU,Mazda,Etude,232,050
RU,Mazda,Eunos 100,232,051
RU,Mazda,Eunos 300,232,052
RU,Mazda,Eunos 500,232,053
RU,Mazda,Eunos 800,232,054
RU,Mazda,Eunos Cosmo,232,055
RU,Mazda,Eunos Presso,232,056
RU,Mazda,EZ-6,232,057
RU,Mazda,EZ-60,232,058
RU,Mazda,Familia,232,059
RU,Mazda,Flair,232,060
RU,Mazda,Flair Crossover,232,061
RU,Mazda,Flair Wagon,232,062
RU,Mazda,Lantis,232,063
RU,Mazda,Laputa,232,064
RU,Mazda,Luce,232,065
RU,Mazda,Millenia,232,066
RU,Mazda,MPV,232,067
RU,Mazda,MX-3,232,068
RU,Mazda,MX-30,232,069
RU,Mazda,MX-5,232,070
RU,Mazda,MX-6,232,071
RU,Mazda,Navajo,232,072
RU,Mazda,Persona,232,073
RU,Mazda,Premacy,232,074
RU,Mazda,Proceed,232,075
RU,Mazda,Proceed Levante,232,076
RU,Mazda,Proceed Marvie,232,077
RU,Mazda,Protege,232,078
RU,Mazda,R360,232,079
RU,Mazda,Revue,232,080
RU,Mazda,Roadster,232,081
RU,Mazda,RX-4,232,082
RU,Mazda,RX-5,232,083
RU,Mazda,RX-7,232,084
RU,Mazda,RX-8,232,085
RU,Mazda,Savanna RX-7,232,086
RU,Mazda,Scrum,232,087
RU,Mazda,Sentia,232,088
RU,Mazda,Spiano,232,089
RU,Mazda,Tribute,232,090
RU,Mazda,Verisa,232,091
RU,Mazda,Xedos 6,232,092
RU,Mazda,Xedos 9,232,093
RU,McLaren,540C,233,000
RU,McLaren,570GT,233,001
RU,McLaren,570S,233,002
RU,McLaren,600LT,233,003
RU,McLaren,650S,233,004
RU,McLaren,675LT,233,005
RU,McLaren,720S,233,006
RU,McLaren,750S,233,007
RU,McLaren,765LT,233,008
RU,McLaren,Artura,233,009
RU,McLaren,Elva,233,010
RU,McLaren,F1,233,011
RU,McLaren,GT,233,012
RU,McLaren,GTS,233,013
RU,McLaren,MP4-12C,233,014
RU,McLaren,P1,233,015
RU,McLaren,Senna,233,016
RU,McLaren,W1,233,017
RU,Mega,Club,234,000
RU,Mega,Monte Carlo,234,001
RU,Mega,Track,234,002
RU,Mercedes-Benz,190 (W201),235,000
RU,Mercedes-Benz,190 SL,235,001
RU,Mercedes-Benz,220 (W187),235,002
RU,Mercedes-Benz,300 SLR,235,003
RU,Mercedes-Benz,A-Класс,235,004
RU,Mercedes-Benz,A-Класс AMG,235,005
RU,Mercedes-Benz,AMG GT,235,006
RU,Mercedes-Benz,AMG GT 4-Door Coupe,235,007
RU,Mercedes-Benz,AMG ONE,235,008
RU,Mercedes-Benz,AMG PureSpeed,235,009
RU,Mercedes-Benz,B-Класс,235,010
RU,Mercedes-Benz,C-Класс,235,011
RU,Mercedes-Benz,C-Класс AMG,235,012
RU,Mercedes-Benz,Citan,235,013
RU,Mercedes-Benz,CL-Класс,235,014
RU,Mercedes-Benz,CL-Класс AMG,235,015
RU,Mercedes-Benz,CLA,235,016
RU,Mercedes-Benz,CLA AMG,235,017
RU,Mercedes-Benz,CLC-Класс,235,018
RU,Mercedes-Benz,CLE,235,019
RU,Mercedes-Benz,CLE AMG,235,020
RU,Mercedes-Benz,CLK AMG GTR,235,021
RU,Mercedes-Benz,CLK-Класс,235,022
RU,Mercedes-Benz,CLK-Класс AMG,235,023
RU,Mercedes-Benz,CLS,235,024
RU,Mercedes-Benz,CLS AMG,235,025
RU,Mercedes-Benz,E-Класс,235,026
RU,Mercedes-Benz,E-Класс AMG,235,027
RU,Mercedes-Benz,EQA,235,028
RU,Mercedes-Benz,EQB,235,029
RU,Mercedes-Benz,EQC,235,030
RU,Mercedes-Benz,EQE,235,031
RU,Mercedes-Benz,EQE AMG,235,032
RU,Mercedes-Benz,EQE SUV,235,033
RU,Mercedes-Benz,EQE SUV AMG,235,034
RU,Mercedes-Benz,EQS,235,035
RU,Mercedes-Benz,EQS AMG,235,036
RU,Mercedes-Benz,EQS SUV,235,037
RU,Mercedes-Benz,EQT,235,038
RU,Mercedes-Benz,EQV,235,039
RU,Mercedes-Benz,G-Класс,235,040
RU,Mercedes-Benz,G-Класс AMG,235,041
RU,Mercedes-Benz,G-Класс AMG 6x6,235,042
RU,Mercedes-Benz,GL-Класс,235,043
RU,Mercedes-Benz,GL-Класс AMG,235,044
RU,Mercedes-Benz,GLA,235,045
RU,Mercedes-Benz,GLA AMG,235,046
RU,Mercedes-Benz,GLB,235,047
RU,Mercedes-Benz,GLB AMG,235,048
RU,Mercedes-Benz,GLC,235,049
RU,Mercedes-Benz,GLC AMG,235,050
RU,Mercedes-Benz,GLC Coupe,235,051
RU,Mercedes-Benz,GLC Coupe AMG,235,052
RU,Mercedes-Benz,GLE,235,053
RU,Mercedes-Benz,GLE AMG,235,054
RU,Mercedes-Benz,GLE Coupe,235,055
RU,Mercedes-Benz,GLE Coupe AMG,235,056
RU,Mercedes-Benz,GLK-Класс,235,057
RU,Mercedes-Benz,GLS,235,058
RU,Mercedes-Benz,GLS AMG,235,059
RU,Mercedes-Benz,M-Класс,235,060
RU,Mercedes-Benz,M-Класс AMG,235,061
RU,Mercedes-Benz,Marco Polo,235,062
RU,Mercedes-Benz,Maybach EQS SUV,235,063
RU,Mercedes-Benz,Maybach G 650 Landaulet,235,064
RU,Mercedes-Benz,Maybach GLS,235,065
RU,Mercedes-Benz,Maybach S-Класс,235,066
RU,Mercedes-Benz,Maybach SL,235,067
RU,Mercedes-Benz,Metris,235,068
RU,Mercedes-Benz,R-Класс,235,069
RU,Mercedes-Benz,R-Класс AMG,235,070
RU,Mercedes-Benz,S-Класс,235,071
RU,Mercedes-Benz,S-Класс AMG,235,072
RU,Mercedes-Benz,Simplex,235,073
RU,Mercedes-Benz,SL-Класс,235,074
RU,Mercedes-Benz,SL-Класс AMG,235,075
RU,Mercedes-Benz,SLC,235,076
RU,Mercedes-Benz,SLC AMG,235,077
RU,Mercedes-Benz,SLK-Класс,235,078
RU,Mercedes-Benz,SLK-Класс AMG,235,079
RU,Mercedes-Benz,SLR McLaren,235,080
RU,Mercedes-Benz,SLS AMG,235,081
RU,Mercedes-Benz,T-Класс,235,082
RU,Mercedes-Benz,Typ 630,235,083
RU,Mercedes-Benz,V-Класс,235,084
RU,Mercedes-Benz,Vaneo,235,085
RU,Mercedes-Benz,Viano,235,086
RU,Mercedes-Benz,Vito,235,087
RU,Mercedes-Benz,VLE,235,088
RU,Mercedes-Benz,W100,235,089
RU,Mercedes-Benz,W105,235,090
RU,Mercedes-Benz,W108,235,091
RU,Mercedes-Benz,W110,235,092
RU,Mercedes-Benz,W111,235,093
RU,Mercedes-Benz,W114,235,094
RU,Mercedes-Benz,W115,235,095
RU,Mercedes-Benz,W120,235,096
RU,Mercedes-Benz,W121,235,097
RU,Mercedes-Benz,W123,235,098
RU,Mercedes-Benz,W124,235,099
RU,Mercedes-Benz,W128,235,100
RU,Mercedes-Benz,W136,235,101
RU,Mercedes-Benz,W138,235,102
RU,Mercedes-Benz,W142,235,103
RU,Mercedes-Benz,W180,235,104
RU,Mercedes-Benz,W186,235,105
RU,Mercedes-Benz,W188,235,106
RU,Mercedes-Benz,W189,235,107
RU,Mercedes-Benz,W191,235,108
RU,Mercedes-Benz,W21,235,109
RU,Mercedes-Benz,W29,235,110
RU,Mercedes-Benz,X-Класс,235,111
RU,Mercury,Capri,236,000
RU,Mercury,Colony Park,236,001
RU,Mercury,Cougar,236,002
RU,Mercury,Eight,236,003
RU,Mercury,Grand Marquis,236,004
RU,Mercury,Marauder,236,005
RU,Mercury,Mariner,236,006
RU,Mercury,Marquis,236,007
RU,Mercury,Milan,236,008
RU,Mercury,Montego,236,009
RU,Mercury,Monterey,236,010
RU,Mercury,Mountaineer,236,011
RU,Mercury,Mystique,236,012
RU,Mercury,Sable,236,013
RU,Mercury,Topaz,236,014
RU,Mercury,Tracer,236,015
RU,Mercury,Villager,236,016
RU,Merkur,XR4Ti,237,000
RU,Messerschmitt,KR200,238,000
RU,Metrocab,Metrocab I,239,000
RU,Metrocab,Metrocab II (TTT),239,001
RU,MG,07,240,000
RU,MG,3,240,001
RU,MG,350,240,002
RU,MG,4 EV,240,003
RU,MG,4X,240,004
RU,MG,5,240,005
RU,MG,5 EV,240,006
RU,MG,5 Scorpio,240,007
RU,MG,550,240,008
RU,MG,6,240,009
RU,MG,6 Pro,240,010
RU,MG,7,240,011
RU,MG,750,240,012
RU,MG,8,240,013
RU,MG,Cyberster,240,014
RU,MG,ES5,240,015
RU,MG,F,240,016
RU,MG,GS,240,017
RU,MG,HS,240,018
RU,MG,Maestro,240,019
RU,MG,Metro,240,020
RU,MG,MGA,240,021
RU,MG,MGB,240,022
RU,MG,Midget,240,023
RU,MG,Montego,240,024
RU,MG,Mulan,240,025
RU,MG,One,240,026
RU,MG,Pilot,240,027
RU,MG,RV8,240,028
RU,MG,RX5,240,029
RU,MG,RX8,240,030
RU,MG,RX9,240,031
RU,MG,T60,240,032
RU,MG,TD Midget,240,033
RU,MG,TF,240,034
RU,MG,U9,240,035
RU,MG,Xpower SV,240,036
RU,MG,ZR,240,037
RU,MG,ZS,240,038
RU,MG,ZT,240,039
RU,Mia,Electric,241,000
RU,Micro,Microlino,242,000
RU,Microcar,F8C,243,000
RU,Microcar,M.Go,243,001
RU,Microcar,M8,243,002
RU,Microcar,MC,243,003
RU,Microcar,Virgo,243,004
RU,Minelli,TF 1800,244,000
RU,Mini,Aceman,245,000
RU,Mini,Cabrio,245,001
RU,Mini,Clubman,245,002
RU,Mini,Countryman,245,003
RU,Mini,Coupe,245,004
RU,Mini,Hatch,245,005
RU,Mini,Paceman,245,006
RU,Mini,Roadster,245,007
RU,Mitsubishi,3000 GT,246,000
RU,Mitsubishi,500,246,001
RU,Mitsubishi,Airtrek,246,002
RU,Mitsubishi,Aspire,246,003
RU,Mitsubishi,ASX,246,004
RU,Mitsubishi,Attrage,246,005
RU,Mitsubishi,Bravo,246,006
RU,Mitsubishi,Carisma,246,007
RU,Mitsubishi,Celeste,246,008
RU,Mitsubishi,Challenger,246,009
RU,Mitsubishi,Chariot,246,010
RU,Mitsubishi,Colt,246,011
RU,Mitsubishi,Cordia,246,012
RU,Mitsubishi,Debonair,246,013
RU,Mitsubishi,Delica,246,014
RU,Mitsubishi,Delica D:2,246,015
RU,Mitsubishi,Delica D:3,246,016
RU,Mitsubishi,Delica D:5,246,017
RU,Mitsubishi,Delica Mini,246,018
RU,Mitsubishi,Destinator,246,019
RU,Mitsubishi,Diamante,246,020
RU,Mitsubishi,Dignity,246,021
RU,Mitsubishi,Dingo,246,022
RU,Mitsubishi,Dion,246,023
RU,Mitsubishi,Eclipse,246,024
RU,Mitsubishi,Eclipse Cross,246,025
RU,Mitsubishi,eK Active,246,026
RU,Mitsubishi,eK Classic,246,027
RU,Mitsubishi,eK Custom,246,028
RU,Mitsubishi,eK Space,246,029
RU,Mitsubishi,eK Sport,246,030
RU,Mitsubishi,eK Wagon,246,031
RU,Mitsubishi,eK X,246,032
RU,Mitsubishi,Emeraude,246,033
RU,Mitsubishi,Endeavor,246,034
RU,Mitsubishi,Eterna,246,035
RU,Mitsubishi,Freeca,246,036
RU,Mitsubishi,FTO,246,037
RU,Mitsubishi,Galant,246,038
RU,Mitsubishi,Galant Fortis,246,039
RU,Mitsubishi,Grandis,246,040
RU,Mitsubishi,GTO,246,041
RU,Mitsubishi,i,246,042
RU,Mitsubishi,i-MiEV,246,043
RU,Mitsubishi,Jeep J,246,044
RU,Mitsubishi,L200,246,045
RU,Mitsubishi,L300,246,046
RU,Mitsubishi,L400,246,047
RU,Mitsubishi,Lancer,246,048
RU,Mitsubishi,Lancer Cargo,246,049
RU,Mitsubishi,Lancer Evolution,246,050
RU,Mitsubishi,Lancer Ralliart,246,051
RU,Mitsubishi,Legnum,246,052
RU,Mitsubishi,Libero,246,053
RU,Mitsubishi,Minica,246,054
RU,Mitsubishi,Minicab,246,055
RU,Mitsubishi,Mirage,246,056
RU,Mitsubishi,Montero,246,057
RU,Mitsubishi,Montero Sport,246,058
RU,Mitsubishi,Outlander,246,059
RU,Mitsubishi,Outlander Sport,246,060
RU,Mitsubishi,Pajero,246,061
RU,Mitsubishi,Pajero iO,246,062
RU,Mitsubishi,Pajero Junior,246,063
RU,Mitsubishi,Pajero Mini,246,064
RU,Mitsubishi,Pajero Pinin,246,065
RU,Mitsubishi,Pajero Sport,246,066
RU,Mitsubishi,Pistachio,246,067
RU,Mitsubishi,Proudia,246,068
RU,Mitsubishi,Raider,246,069
RU,Mitsubishi,RVR,246,070
RU,Mitsubishi,Sapporo,246,071
RU,Mitsubishi,Savrin,246,072
RU,Mitsubishi,Sigma,246,073
RU,Mitsubishi,Space Gear,246,074
RU,Mitsubishi,Space Runner,246,075
RU,Mitsubishi,Space Star,246,076
RU,Mitsubishi,Space Wagon,246,077
RU,Mitsubishi,Starion,246,078
RU,Mitsubishi,Strada,246,079
RU,Mitsubishi,Toppo,246,080
RU,Mitsubishi,Town Box,246,081
RU,Mitsubishi,Tredia,246,082
RU,Mitsubishi,Triton,246,083
RU,Mitsubishi,Xforce,246,084
RU,Mitsubishi,Xpander,246,085
RU,Mitsuoka,Bubu Classic SSK,247,000
RU,Mitsuoka,Buddy,247,001
RU,Mitsuoka,Galue,247,002
RU,Mitsuoka,Galue 204,247,003
RU,Mitsuoka,Himiko,247,004
RU,Mitsuoka,Le-Seyde,247,005
RU,Mitsuoka,Like,247,006
RU,Mitsuoka,M55,247,007
RU,Mitsuoka,MC-1,247,008
RU,Mitsuoka,Nouera,247,009
RU,Mitsuoka,Orochi,247,010
RU,Mitsuoka,Ray,247,011
RU,Mitsuoka,Rock Star,247,012
RU,Mitsuoka,Ryoga,247,013
RU,Mitsuoka,Ryugi,247,014
RU,Mitsuoka,Viewt,247,015
RU,Mitsuoka,Yuga,247,016
RU,Mobilize,Limo,248,000
RU,Morgan,3 Wheeler,249,000
RU,Morgan,4 Seater,249,001
RU,Morgan,4-4,249,002
RU,Morgan,Aero 8,249,003
RU,Morgan,Aero Coupe,249,004
RU,Morgan,Aero SuperSports,249,005
RU,Morgan,AeroMax,249,006
RU,Morgan,Plus 4,249,007
RU,Morgan,Plus 8,249,008
RU,Morgan,Plus Six,249,009
RU,Morgan,Roadster,249,010
RU,Morgan,Supersport,249,011
RU,Morris,Eight,250,000
RU,Morris,Marina,250,001
RU,Nash,Ambassador,251,000
RU,Nio,EC6,252,000
RU,Nio,EC7,252,001
RU,Nio,EL6,252,002
RU,Nio,ES6,252,003
RU,Nio,ES7,252,004
RU,Nio,ES8,252,005
RU,Nio,ES9,252,006
RU,Nio,ET5,252,007
RU,Nio,ET7,252,008
RU,Nio,ET9,252,009
RU,Nio,Firefly,252,010
RU,Nio,Onvo L60,252,011
RU,Nio,Onvo L80,252,012
RU,Nio,Onvo L90,252,013
RU,Nissan,100NX,253,000
RU,Nissan,180SX,253,001
RU,Nissan,200SX,253,002
RU,Nissan,240SX,253,003
RU,Nissan,280ZX,253,004
RU,Nissan,300ZX,253,005
RU,Nissan,350Z,253,006
RU,Nissan,370Z,253,007
RU,Nissan,AD,253,008
RU,Nissan,Almera,253,009
RU,Nissan,Almera Classic,253,010
RU,Nissan,Almera Tino,253,011
RU,Nissan,Altima,253,012
RU,Nissan,Ariya,253,013
RU,Nissan,Armada,253,014
RU,Nissan,Auster,253,015
RU,Nissan,Autech Zagato Stelvio AZ1,253,016
RU,Nissan,Avenir,253,017
RU,Nissan,Bassara,253,018
RU,Nissan,BE-1,253,019
RU,Nissan,Bluebird,253,020
RU,Nissan,Bluebird Maxima,253,021
RU,Nissan,Bluebird Sylphy,253,022
RU,Nissan,Caravan,253,023
RU,Nissan,Cedric,253,024
RU,Nissan,Cefiro,253,025
RU,Nissan,Cherry,253,026
RU,Nissan,Cima,253,027
RU,Nissan,Clipper Rio,253,028
RU,Nissan,Crew,253,029
RU,Nissan,Cube,253,030
RU,Nissan,Datsun,253,031
RU,Nissan,Dayz Roox,253,032
RU,Nissan,Dualis,253,033
RU,Nissan,Elgrand,253,034
RU,Nissan,Exa,253,035
RU,Nissan,Expert,253,036
RU,Nissan,Fairlady Z,253,037
RU,Nissan,Figaro,253,038
RU,Nissan,Frontier,253,039
RU,Nissan,Frontier Pro,253,040
RU,Nissan,Fuga,253,041
RU,Nissan,Gloria,253,042
RU,Nissan,Gravite,253,043
RU,Nissan,GT-R,253,044
RU,Nissan,Homy,253,045
RU,Nissan,Hypermini,253,046
RU,Nissan,Juke,253,047
RU,Nissan,Kait,253,048
RU,Nissan,Kicks,253,049
RU,Nissan,Kix,253,050
RU,Nissan,Kubistar,253,051
RU,Nissan,Lafesta,253,052
RU,Nissan,Langley,253,053
RU,Nissan,Lannia,253,054
RU,Nissan,Largo,253,055
RU,Nissan,Latio,253,056
RU,Nissan,Laurel,253,057
RU,Nissan,Laurel Spirit,253,058
RU,Nissan,Leaf,253,059
RU,Nissan,Leopard,253,060
RU,Nissan,Liberta Villa,253,061
RU,Nissan,Liberty,253,062
RU,Nissan,Livina,253,063
RU,Nissan,Lucino,253,064
RU,Nissan,Magnite,253,065
RU,Nissan,March,253,066
RU,Nissan,Maxima,253,067
RU,Nissan,Micra,253,068
RU,Nissan,Mistral,253,069
RU,Nissan,Moco,253,070
RU,Nissan,Murano,253,071
RU,Nissan,N6,253,072
RU,Nissan,N7,253,073
RU,Nissan,Navara (Frontier),253,074
RU,Nissan,Note,253,075
RU,Nissan,NP200,253,076
RU,Nissan,NP300,253,077
RU,Nissan,NV100 Clipper,253,078
RU,Nissan,NV200,253,079
RU,Nissan,NV300,253,080
RU,Nissan,NV350 Caravan,253,081
RU,Nissan,NX Coupe,253,082
RU,Nissan,NX8,253,083
RU,Nissan,Otti,253,084
RU,Nissan,Pao,253,085
RU,Nissan,Pathfinder,253,086
RU,Nissan,Patrol,253,087
RU,Nissan,Pino,253,088
RU,Nissan,Pixo,253,089
RU,Nissan,Prairie,253,090
RU,Nissan,Presage,253,091
RU,Nissan,Presea,253,092
RU,Nissan,President,253,093
RU,Nissan,Primastar,253,094
RU,Nissan,Primera,253,095
RU,Nissan,Pulsar,253,096
RU,Nissan,Qashqai,253,097
RU,Nissan,Qashqai+2,253,098
RU,Nissan,Quest,253,099
RU,Nissan,R'nessa,253,100
RU,Nissan,Rasheen,253,101
RU,Nissan,Rogue,253,102
RU,Nissan,Rogue Sport,253,103
RU,Nissan,Roox,253,104
RU,Nissan,S-Cargo,253,105
RU,Nissan,Safari,253,106
RU,Nissan,Sakura,253,107
RU,Nissan,Sentra,253,108
RU,Nissan,Serena,253,109
RU,Nissan,Silvia,253,110
RU,Nissan,Skyline,253,111
RU,Nissan,Skyline Crossover,253,112
RU,Nissan,Stagea,253,113
RU,Nissan,Sunny,253,114
RU,Nissan,Sylphy,253,115
RU,Nissan,Teana,253,116
RU,Nissan,Terra,253,117
RU,Nissan,Terrano,253,118
RU,Nissan,Terrano Regulus,253,119
RU,Nissan,Tiida,253,120
RU,Nissan,Tino,253,121
RU,Nissan,Titan,253,122
RU,Nissan,Urvan,253,123
RU,Nissan,Vanette,253,124
RU,Nissan,Versa,253,125
RU,Nissan,Versa Note,253,126
RU,Nissan,Wingroad,253,127
RU,Nissan,X-Terra,253,128
RU,Nissan,X-Trail,253,129
RU,Nissan,Xterra,253,130
RU,Nissan,Z,253,131
RU,Noble,M12 GTO,254,000
RU,Noble,M15,254,001
RU,Noble,M600,254,002
RU,Nordcross,001,255,000
RU,Oldsmobile,442,256,000
RU,Oldsmobile,Achieva,256,001
RU,Oldsmobile,Alero,256,002
RU,Oldsmobile,Aurora,256,003
RU,Oldsmobile,Bravada,256,004
RU,Oldsmobile,Custom Cruiser,256,005
RU,Oldsmobile,Cutlass,256,006
RU,Oldsmobile,Cutlass Calais,256,007
RU,Oldsmobile,Cutlass Ciera,256,008
RU,Oldsmobile,Cutlass Supreme,256,009
RU,Oldsmobile,Delta 88,256,010
RU,Oldsmobile,Eighty-Eight,256,011
RU,Oldsmobile,Firenza,256,012
RU,Oldsmobile,Intrigue,256,013
RU,Oldsmobile,Ninety-Eight,256,014
RU,Oldsmobile,Omega,256,015
RU,Oldsmobile,Series 60,256,016
RU,Oldsmobile,Series 70,256,017
RU,Oldsmobile,Silhouette,256,018
RU,Oldsmobile,Starfire,256,019
RU,Oldsmobile,Toronado,256,020
RU,Oldsmobile,Vista Cruiser,256,021
RU,Oltcit,Club,257,000
RU,Omoda,C5,258,000
RU,Omoda,C9,258,001
RU,Omoda,E5,258,002
RU,Omoda,S5,258,003
RU,Omoda,S5 GT,258,004
RU,Opel,4/8 PS,259,000
RU,Opel,Adam,259,001
RU,Opel,Admiral,259,002
RU,Opel,Agila,259,003
RU,Opel,Ampera,259,004
RU,Opel,Antara,259,005
RU,Opel,Ascona,259,006
RU,Opel,Astra,259,007
RU,Opel,Astra OPC,259,008
RU,Opel,Calibra,259,009
RU,Opel,Cascada,259,010
RU,Opel,Combo,259,011
RU,Opel,Commodore,259,012
RU,Opel,Corsa,259,013
RU,Opel,Corsa OPC,259,014
RU,Opel,Crossland X,259,015
RU,Opel,Diplomat,259,016
RU,Opel,Frontera,259,017
RU,Opel,Grandland,259,018
RU,Opel,GT,259,019
RU,Opel,Insignia,259,020
RU,Opel,Insignia OPC,259,021
RU,Opel,Kadett,259,022
RU,Opel,Kapitan,259,023
RU,Opel,Karl,259,024
RU,Opel,Lotus Omega,259,025
RU,Opel,Manta,259,026
RU,Opel,Meriva,259,027
RU,Opel,Meriva OPC,259,028
RU,Opel,Mokka,259,029
RU,Opel,Monterey,259,030
RU,Opel,Monza,259,031
RU,Opel,Olympia,259,032
RU,Opel,Omega,259,033
RU,Opel,P4,259,034
RU,Opel,Rekord,259,035
RU,Opel,Rocks Electric,259,036
RU,Opel,Senator,259,037
RU,Opel,Signum,259,038
RU,Opel,Sintra,259,039
RU,Opel,Speedster,259,040
RU,Opel,Super Six,259,041
RU,Opel,Tigra,259,042
RU,Opel,Vectra,259,043
RU,Opel,Vectra OPC,259,044
RU,Opel,Vita,259,045
RU,Opel,Vivaro,259,046
RU,Opel,Zafira,259,047
RU,Opel,Zafira Life,259,048
RU,Opel,Zafira OPC,259,049
RU,Ora,03,260,000
RU,Ora,5,260,001
RU,Ora,7,260,002
RU,Ora,Ballet Cat,260,003
RU,Ora,Black Cat,260,004
RU,Ora,Good Cat,260,005
RU,Ora,iQ,260,006
RU,Ora,Lightning Cat,260,007
RU,Ora,SAR (Saloon) Mecha Dragon,260,008
RU,Ora,White Cat,260,009
RU,Orange,01,261,000
RU,Osca,2500 GT,262,000
RU,Oshan,COS1,263,000
RU,Oshan,Cosmos,263,001
RU,Oshan,X5,263,002
RU,Oshan,X7,263,003
RU,Oshan,X7 Plus,263,004
RU,Oshan,Z6,263,005
RU,Oting,Paladin,264,000
RU,Oting,Palasso,264,001
RU,Oting,Z9,264,002
RU,Packard,200/250,265,000
RU,Packard,Caribbean,265,001
RU,Packard,Clipper,265,002
RU,Packard,Custom Eight,265,003
RU,Packard,One-Ten,265,004
RU,Packard,One-Twenty,265,005
RU,Packard,Six,265,006
RU,Packard,Super Eight,265,007
RU,Packard,Twelve,265,008
RU,Pagani,Huayra,266,000
RU,Pagani,Utopia,266,001
RU,Pagani,Zonda,266,002
RU,Panoz,Esperante,267,000
RU,Panoz,Roadster,267,001
RU,Perodua,Alza,268,000
RU,Perodua,Kancil,268,001
RU,Perodua,Kelisa,268,002
RU,Perodua,Kembara,268,003
RU,Perodua,Kenari,268,004
RU,Perodua,MyVi,268,005
RU,Perodua,Nautica,268,006
RU,Perodua,Traz,268,007
RU,Perodua,Viva,268,008
RU,Peugeot,1007,269,000
RU,Peugeot,104,269,001
RU,Peugeot,106,269,002
RU,Peugeot,107,269,003
RU,Peugeot,108,269,004
RU,Peugeot,2008,269,005
RU,Peugeot,201,269,006
RU,Peugeot,202,269,007
RU,Peugeot,203,269,008
RU,Peugeot,204,269,009
RU,Peugeot,205,269,010
RU,Peugeot,205 GTi,269,011
RU,Peugeot,206,269,012
RU,Peugeot,207,269,013
RU,Peugeot,207i (Iran Khodro),269,014
RU,Peugeot,208,269,015
RU,Peugeot,208 GTi,269,016
RU,Peugeot,3008,269,017
RU,Peugeot,301,269,018
RU,Peugeot,304,269,019
RU,Peugeot,305,269,020
RU,Peugeot,306,269,021
RU,Peugeot,307,269,022
RU,Peugeot,308,269,023
RU,Peugeot,308 GTi,269,024
RU,Peugeot,309,269,025
RU,Peugeot,4007,269,026
RU,Peugeot,4008,269,027
RU,Peugeot,402,269,028
RU,Peugeot,403,269,029
RU,Peugeot,404,269,030
RU,Peugeot,405,269,031
RU,Peugeot,406,269,032
RU,Peugeot,407,269,033
RU,Peugeot,408,269,034
RU,Peugeot,5008,269,035
RU,Peugeot,504,269,036
RU,Peugeot,505,269,037
RU,Peugeot,508,269,038
RU,Peugeot,604,269,039
RU,Peugeot,605,269,040
RU,Peugeot,607,269,041
RU,Peugeot,806,269,042
RU,Peugeot,807,269,043
RU,Peugeot,Bipper,269,044
RU,Peugeot,Expert,269,045
RU,Peugeot,iOn,269,046
RU,Peugeot,Landtrek,269,047
RU,Peugeot,Partner,269,048
RU,Peugeot,Pick Up,269,049
RU,Peugeot,RCZ,269,050
RU,Peugeot,Rifter,269,051
RU,Peugeot,Traveller,269,052
RU,PGO,Cevennes,270,000
RU,PGO,Hemera,270,001
RU,PGO,Speedster II,270,002
RU,Piaggio,Porter,271,000
RU,Pierce-Arrow,Twelve,272,000
RU,Plymouth,Acclaim,273,000
RU,Plymouth,Barracuda,273,001
RU,Plymouth,Breeze,273,002
RU,Plymouth,Colt Vista,273,003
RU,Plymouth,Cranbrook,273,004
RU,Plymouth,Fury,273,005
RU,Plymouth,Gran Fury,273,006
RU,Plymouth,Prowler,273,007
RU,Plymouth,Reliant,273,008
RU,Plymouth,Road Runner,273,009
RU,Plymouth,Satellite,273,010
RU,Plymouth,Sundance,273,011
RU,Plymouth,Turismo,273,012
RU,Plymouth,Valiant,273,013
RU,Plymouth,Volare,273,014
RU,Plymouth,Voyager,273,015
RU,Polar Stone (Jishi),01,274,000
RU,Polestar,1,275,000
RU,Polestar,2,275,001
RU,Polestar,3,275,002
RU,Polestar,4,275,003
RU,Polestar,5,275,004
RU,Pontiac,6000,276,000
RU,Pontiac,Aztek,276,001
RU,Pontiac,Bonneville,276,002
RU,Pontiac,Catalina,276,003
RU,Pontiac,Fiero,276,004
RU,Pontiac,Firebird,276,005
RU,Pontiac,Firefly,276,006
RU,Pontiac,G4,276,007
RU,Pontiac,G5,276,008
RU,Pontiac,G6,276,009
RU,Pontiac,G8,276,010
RU,Pontiac,Grand AM,276,011
RU,Pontiac,Grand Prix,276,012
RU,Pontiac,GTO,276,013
RU,Pontiac,Laurentian,276,014
RU,Pontiac,LeMans,276,015
RU,Pontiac,Montana,276,016
RU,Pontiac,Parisienne,276,017
RU,Pontiac,Phoenix,276,018
RU,Pontiac,Solstice,276,019
RU,Pontiac,Sunbird,276,020
RU,Pontiac,Sunfire,276,021
RU,Pontiac,Sunrunner,276,022
RU,Pontiac,Tempest,276,023
RU,Pontiac,Torpedo,276,024
RU,Pontiac,Torrent,276,025
RU,Pontiac,Trans Sport,276,026
RU,Pontiac,Ventura,276,027
RU,Pontiac,Vibe,276,028
RU,Pontiac,Wave,276,029
RU,Porsche,356,277,000
RU,Porsche,718 Spyder,277,001
RU,Porsche,911,277,002
RU,Porsche,911 GT1,277,003
RU,Porsche,911 GT2,277,004
RU,Porsche,911 GT3,277,005
RU,Porsche,911 R,277,006
RU,Porsche,911 S/T,277,007
RU,Porsche,912,277,008
RU,Porsche,914,277,009
RU,Porsche,918 Spyder,277,010
RU,Porsche,924,277,011
RU,Porsche,928,277,012
RU,Porsche,944,277,013
RU,Porsche,959,277,014
RU,Porsche,968,277,015
RU,Porsche,Boxster,277,016
RU,Porsche,Carrera GT,277,017
RU,Porsche,Cayenne,277,018
RU,Porsche,Cayman,277,019
RU,Porsche,Cayman GT4,277,020
RU,Porsche,Macan,277,021
RU,Porsche,Panamera,277,022
RU,Porsche,Taycan,277,023
RU,Premier,118NE,278,000
RU,Premier,Padmini,278,001
RU,Proton,Arena,279,000
RU,Proton,Exora,279,001
RU,Proton,Gen-2,279,002
RU,Proton,Inspira,279,003
RU,Proton,Iriz,279,004
RU,Proton,Juara,279,005
RU,Proton,Perdana,279,006
RU,Proton,Persona,279,007
RU,Proton,Preve,279,008
RU,Proton,Putra,279,009
RU,Proton,Saga,279,010
RU,Proton,Satria,279,011
RU,Proton,Savvy,279,012
RU,Proton,Tiara,279,013
RU,Proton,Waja,279,014
RU,Proton,Wira (400 Series),279,015
RU,Proton,X50,279,016
RU,Proton,X70,279,017
RU,Puch,G-modell,280,000
RU,Puch,Pinzgauer,280,001
RU,Puma,GTB,281,000
RU,Puma,GTE,281,001
RU,Punk,Duoduo,282,000
RU,Qiantu,K50,283,000
RU,Qingling,Taga H,284,000
RU,Qoros,3,285,000
RU,Qoros,5,285,001
RU,Qvale,Mangusta,286,000
RU,Radar,RD6,287,000
RU,Ram,1500,288,000
RU,Ram,Dakota,288,001
RU,Ram,ProMaster City,288,002
RU,Ram,Rampage,288,003
RU,Renaissance,Tropica Roadster,289,000
RU,Renault,10,290,000
RU,Renault,11,290,001
RU,Renault,12,290,002
RU,Renault,14,290,003
RU,Renault,15,290,004
RU,Renault,16,290,005
RU,Renault,17,290,006
RU,Renault,18,290,007
RU,Renault,19,290,008
RU,Renault,20,290,009
RU,Renault,21,290,010
RU,Renault,25,290,011
RU,Renault,30,290,012
RU,Renault,4,290,013
RU,Renault,4CV,290,014
RU,Renault,5,290,015
RU,Renault,6,290,016
RU,Renault,8,290,017
RU,Renault,9,290,018
RU,Renault,Alaskan,290,019
RU,Renault,Austral,290,020
RU,Renault,Avantime,290,021
RU,Renault,Boreal,290,022
RU,Renault,Captur,290,023
RU,Renault,Caravelle,290,024
RU,Renault,Celtaquatre,290,025
RU,Renault,City K-ZE,290,026
RU,Renault,Clio RS,290,027
RU,Renault,Clio V6,290,028
RU,Renault,Dauphine,290,029
RU,Renault,Dokker,290,030
RU,Renault,Duster,290,031
RU,Renault,Espace,290,032
RU,Renault,Express,290,033
RU,Renault,Filante,290,034
RU,Renault,Floride,290,035
RU,Renault,Fluence,290,036
RU,Renault,Fregate,290,037
RU,Renault,Fuego,290,038
RU,Renault,Grand Koleos,290,039
RU,Renault,Kadjar,290,040
RU,Renault,Kangoo,290,041
RU,Renault,Kaptur,290,042
RU,Renault,Kardian,290,043
RU,Renault,Kiger,290,044
RU,Renault,Koleos,290,045
RU,Renault,KWID,290,046
RU,Renault,Laguna,290,047
RU,Renault,Latitude,290,048
RU,Renault,Lodgy,290,049
RU,Renault,Logan,290,050
RU,Renault,Lutecia,290,051
RU,Renault,Megane,290,052
RU,Renault,Megane E-Tech,290,053
RU,Renault,Megane RS,290,054
RU,Renault,Modus,290,055
RU,Renault,Rafale,290,056
RU,Renault,Rapid,290,057
RU,Renault,Sandero RS,290,058
RU,Renault,Scenic,290,059
RU,Renault,Sport Spider,290,060
RU,Renault,Symbioz,290,061
RU,Renault,Symbol,290,062
RU,Renault,Taliant,290,063
RU,Renault,Talisman,290,064
RU,Renault,Trafic,290,065
RU,Renault,Triber,290,066
RU,Renault,Twingo,290,067
RU,Renault,Twizy,290,068
RU,Renault,Type NN,290,069
RU,Renault,Vel Satis,290,070
RU,Renault,Vivastella,290,071
RU,Renault,Wind,290,072
RU,Renault,ZOE,290,073
RU,Renault Samsung,QM3,291,000
RU,Renault Samsung,QM5,291,001
RU,Renault Samsung,QM6,291,002
RU,Renault Samsung,SM3,291,003
RU,Renault Samsung,SM5,291,004
RU,Renault Samsung,SM6,291,005
RU,Renault Samsung,SM7,291,006
RU,Renault Samsung,XM3,291,007
RU,Rezvani,Arsenal,292,000
RU,Rezvani,Beast,292,001
RU,Rezvani,Fortress,292,002
RU,Rezvani,Tank,292,003
RU,Rimac,C Two,293,000
RU,Rimac,Concept_One,293,001
RU,Rimac,Nevera,293,002
RU,Rinspeed,Chopster,294,000
RU,Rising Auto,F7,295,000
RU,Rising Auto,Marvel R,295,001
RU,Rising Auto,R7,295,002
RU,Rivian,R1S,296,000
RU,Rivian,R1T,296,001
RU,Rivian,R2,296,002
RU,Roewe,750,297,000
RU,Roewe,Clever,297,001
RU,Roewe,D6,297,002
RU,Roewe,D7,297,003
RU,Roewe,E50,297,004
RU,Roewe,i5,297,005
RU,Roewe,i6,297,006
RU,Roewe,i6 Max,297,007
RU,Roewe,iMAX8,297,008
RU,Roewe,M7,297,009
RU,Roewe,Marvel X,297,010
RU,Roewe,RX3,297,011
RU,Roewe,RX3 Pro,297,012
RU,Roewe,RX5,297,013
RU,Roewe,RX5 Max,297,014
RU,Roewe,RX8,297,015
RU,Roewe,RX9,297,016
RU,Roewe,Whale,297,017
RU,Rolls-Royce,20,298,000
RU,Rolls-Royce,20/25,298,001
RU,Rolls-Royce,Boat Tail,298,002
RU,Rolls-Royce,Camargue,298,003
RU,Rolls-Royce,Corniche,298,004
RU,Rolls-Royce,Cullinan,298,005
RU,Rolls-Royce,Dawn,298,006
RU,Rolls-Royce,Ghost,298,007
RU,Rolls-Royce,Park Ward,298,008
RU,Rolls-Royce,Phantom,298,009
RU,Rolls-Royce,Silver Cloud,298,010
RU,Rolls-Royce,Silver Ghost,298,011
RU,Rolls-Royce,Silver Seraph,298,012
RU,Rolls-Royce,Silver Shadow,298,013
RU,Rolls-Royce,Silver Spirit,298,014
RU,Rolls-Royce,Silver Spur,298,015
RU,Rolls-Royce,Silver Wraith,298,016
RU,Rolls-Royce,Spectre,298,017
RU,Rolls-Royce,Wraith,298,018
RU,Ronart,Lightning,299,000
RU,Rossa,Concept,300,000
RU,Rover,100,301,000
RU,Rover,14,301,001
RU,Rover,200,301,002
RU,Rover,25,301,003
RU,Rover,400,301,004
RU,Rover,45,301,005
RU,Rover,600,301,006
RU,Rover,75,301,007
RU,Rover,800,301,008
RU,Rover,Maestro,301,009
RU,Rover,Metro,301,010
RU,Rover,Mini,301,011
RU,Rover,Montego,301,012
RU,Rover,P6,301,013
RU,Rover,SD1,301,014
RU,Rover,Streetwise,301,015
RU,Rox,01,302,000
RU,Rox,Adamas,302,001
RU,Saab,600,303,000
RU,Saab,9-2X,303,001
RU,Saab,9-3,303,002
RU,Saab,9-4X,303,003
RU,Saab,9-5,303,004
RU,Saab,9-7X,303,005
RU,Saab,90,303,006
RU,Saab,900,303,007
RU,Saab,9000,303,008
RU,Saab,93,303,009
RU,Saab,95,303,010
RU,Saab,96,303,011
RU,Saab,99,303,012
RU,Saab,Sonett,303,013
RU,SAIC,H5,304,000
RU,SAIC,Z7,304,001
RU,Saipa,Quick,305,000
RU,Saipa,Saina,305,001
RU,Saipa,Shahin,305,002
RU,Saipa,Tiba,305,003
RU,Santana,PS-10,306,000
RU,Saturn,Astra,307,000
RU,Saturn,Aura,307,001
RU,Saturn,ION,307,002
RU,Saturn,LS,307,003
RU,Saturn,LW,307,004
RU,Saturn,Outlook,307,005
RU,Saturn,Relay,307,006
RU,Saturn,SC,307,007
RU,Saturn,Sky,307,008
RU,Saturn,SL,307,009
RU,Saturn,SW,307,010
RU,Saturn,VUE,307,011
RU,Scion,FR-S,308,000
RU,Scion,iA,308,001
RU,Scion,iM,308,002
RU,Scion,iQ,308,003
RU,Scion,tC,308,004
RU,Scion,xA,308,005
RU,Scion,xB,308,006
RU,Scion,xD,308,007
RU,Scout,Terra,309,000
RU,Scout,Traveler,309,001
RU,Sears,Model J,310,000
RU,SEAT,132,311,000
RU,SEAT,133,311,001
RU,SEAT,Alhambra,311,002
RU,SEAT,Altea,311,003
RU,SEAT,Arona,311,004
RU,SEAT,Arosa,311,005
RU,SEAT,Ateca,311,006
RU,SEAT,Cordoba,311,007
RU,SEAT,Exeo,311,008
RU,SEAT,Fura,311,009
RU,SEAT,Ibiza,311,010
RU,SEAT,Ibiza Cupra,311,011
RU,SEAT,Inca,311,012
RU,SEAT,Leon,311,013
RU,SEAT,Leon Cupra,311,014
RU,SEAT,Malaga,311,015
RU,SEAT,Marbella,311,016
RU,SEAT,Mii,311,017
RU,SEAT,Ronda,311,018
RU,SEAT,Tarraco,311,019
RU,SEAT,Toledo,311,020
RU,Senat,1000,312,000
RU,Senat,900,312,001
RU,Seres,M5,313,000
RU,Seres,M7,313,001
RU,Seres,M9,313,002
RU,Seres,SF5,313,003
RU,Shanghai Maple,C31,314,000
RU,Shanghai Maple,C32,314,001
RU,Shanghai Maple,C51,314,002
RU,Shanghai Maple,C52,314,003
RU,Shanghai Maple,C81,314,004
RU,ShuangHuan,Noble,315,000
RU,ShuangHuan,Sceo,315,001
RU,Simca,1300/1500,316,000
RU,Simca,1307,316,001
RU,SKM,M7,317,000
RU,Skoda,105/120/125/130,318,000
RU,Skoda,1200,318,001
RU,Skoda,440,318,002
RU,Skoda,445,318,003
RU,Skoda,Citigo,318,004
RU,Skoda,Elroq,318,005
RU,Skoda,Elroq RS,318,006
RU,Skoda,Enyaq,318,007
RU,Skoda,Epiq,318,008
RU,Skoda,Fabia,318,009
RU,Skoda,Fabia RS,318,010
RU,Skoda,Favorit,318,011
RU,Skoda,Felicia,318,012
RU,Skoda,Forman,318,013
RU,Skoda,Kamiq,318,014
RU,Skoda,Karoq,318,015
RU,Skoda,Kodiaq,318,016
RU,Skoda,Kodiaq GT,318,017
RU,Skoda,Kodiaq RS,318,018
RU,Skoda,Kushaq,318,019
RU,Skoda,Kylaq,318,020
RU,Skoda,Octavia,318,021
RU,Skoda,Octavia RS,318,022
RU,Skoda,Peaq,318,023
RU,Skoda,Popular,318,024
RU,Skoda,Rapid,318,025
RU,Skoda,Roomster,318,026
RU,Skoda,Scala,318,027
RU,Skoda,Slavia,318,028
RU,Skoda,Superb,318,029
RU,Skoda,Yeti,318,030
RU,Skywell,ET5,319,000
RU,Skywell,HT-i,319,001
RU,Skyworth,EV6,320,000
RU,Smart,#1,321,000
RU,Smart,#3,321,001
RU,Smart,#5,321,002
RU,Smart,#6,321,003
RU,Smart,Forfour,321,004
RU,Smart,Fortwo,321,005
RU,Smart,Roadster,321,006
RU,Solaris,HC,322,000
RU,Solaris,KRS,322,001
RU,Solaris,KRX,322,002
RU,Sollers,SF1,323,000
RU,Sollers,SP7,323,001
RU,Sollers,ST6,323,002
RU,Sollers,ST8,323,003
RU,Sollers,ST9,323,004
RU,Soueast,A5,324,000
RU,Soueast,DX3,324,001
RU,Soueast,DX5,324,002
RU,Soueast,DX7,324,003
RU,Soueast,DX8,324,004
RU,Soueast,DX8S,324,005
RU,Soueast,Lioncel,324,006
RU,Soueast,S06,324,007
RU,Soueast,S07,324,008
RU,Soueast,S09,324,009
RU,Soueast,Soveran,324,010
RU,Soueast,V3,324,011
RU,Soueast,V5,324,012
RU,Soueast,V6 Cross,324,013
RU,Spectre,R42,325,000
RU,Spyker,C12,326,000
RU,Spyker,C8,326,001
RU,SsangYong,Actyon,327,000
RU,SsangYong,Actyon Sports,327,001
RU,SsangYong,Chairman,327,002
RU,SsangYong,Istana,327,003
RU,SsangYong,Kallista,327,004
RU,SsangYong,Korando,327,005
RU,SsangYong,Korando Family,327,006
RU,SsangYong,Korando Sports,327,007
RU,SsangYong,Korando Turismo,327,008
RU,SsangYong,Kyron,327,009
RU,SsangYong,Musso,327,010
RU,SsangYong,Nomad,327,011
RU,SsangYong,Rexton,327,012
RU,SsangYong,Rexton Sports,327,013
RU,SsangYong,Rodius,327,014
RU,SsangYong,Stavic,327,015
RU,SsangYong,Tivoli,327,016
RU,SsangYong,Torres,327,017
RU,SsangYong,XLV,327,018
RU,Stelato,G9,328,000
RU,Stelato,S9,328,001
RU,Steyr,1500,329,000
RU,Steyr,Haflinger,329,001
RU,Studebaker,Golden Hawk,330,000
RU,Subaru,1000,331,000
RU,Subaru,360,331,001
RU,Subaru,Alcyone,331,002
RU,Subaru,Ascent,331,003
RU,Subaru,Baja,331,004
RU,Subaru,Bighorn,331,005
RU,Subaru,Bistro,331,006
RU,Subaru,Brat,331,007
RU,Subaru,BRZ,331,008
RU,Subaru,Chiffon,331,009
RU,Subaru,Crosstrek,331,010
RU,Subaru,Dex,331,011
RU,Subaru,Dias Wagon,331,012
RU,Subaru,Domingo,331,013
RU,Subaru,E-Outback,331,014
RU,Subaru,Exiga,331,015
RU,Subaru,Forester,331,016
RU,Subaru,Getaway,331,017
RU,Subaru,Impreza,331,018
RU,Subaru,Impreza WRX,331,019
RU,Subaru,Impreza WRX STi,331,020
RU,Subaru,Justy,331,021
RU,Subaru,Legacy,331,022
RU,Subaru,Legacy Lancaster,331,023
RU,Subaru,Leone,331,024
RU,Subaru,Levorg,331,025
RU,Subaru,Libero,331,026
RU,Subaru,Lucra,331,027
RU,Subaru,Outback,331,028
RU,Subaru,Pleo,331,029
RU,Subaru,Pleo Plus,331,030
RU,Subaru,R1,331,031
RU,Subaru,R2,331,032
RU,Subaru,Rex,331,033
RU,Subaru,Sambar,331,034
RU,Subaru,Solterra,331,035
RU,Subaru,Stella,331,036
RU,Subaru,SVX,331,037
RU,Subaru,Trailseeker,331,038
RU,Subaru,Traviq,331,039
RU,Subaru,Trezia,331,040
RU,Subaru,Tribeca,331,041
RU,Subaru,Uncharted,331,042
RU,Subaru,Vivio,331,043
RU,Subaru,WRX,331,044
RU,Subaru,WRX STi,331,045
RU,Subaru,XT,331,046
RU,Subaru,XV,331,047
RU,Suzuki,Across,332,000
RU,Suzuki,Aerio,332,001
RU,Suzuki,Alto,332,002
RU,Suzuki,Alto Lapin,332,003
RU,Suzuki,APV,332,004
RU,Suzuki,Baleno,332,005
RU,Suzuki,Beidouxing,332,006
RU,Suzuki,Cappuccino,332,007
RU,Suzuki,Cara,332,008
RU,Suzuki,Carry,332,009
RU,Suzuki,Celerio,332,010
RU,Suzuki,Cervo,332,011
RU,Suzuki,Ciaz,332,012
RU,Suzuki,Cultus,332,013
RU,Suzuki,DZire,332,014
RU,Suzuki,e Vitara,332,015
RU,Suzuki,Eeco,332,016
RU,Suzuki,Equator,332,017
RU,Suzuki,Ertiga,332,018
RU,Suzuki,Escudo,332,019
RU,Suzuki,Esteem,332,020
RU,Suzuki,Every,332,021
RU,Suzuki,Forenza,332,022
RU,Suzuki,Fronte,332,023
RU,Suzuki,Fronx,332,024
RU,Suzuki,Grand Vitara,332,025
RU,Suzuki,Hustler,332,026
RU,Suzuki,Ignis,332,027
RU,Suzuki,Invicto,332,028
RU,Suzuki,Jimny,332,029
RU,Suzuki,Kei,332,030
RU,Suzuki,Kizashi,332,031
RU,Suzuki,Landy,332,032
RU,Suzuki,Liana,332,033
RU,Suzuki,Mighty Boy,332,034
RU,Suzuki,MR Wagon,332,035
RU,Suzuki,Palette,332,036
RU,Suzuki,Reno,332,037
RU,Suzuki,S-Presso,332,038
RU,Suzuki,Samurai,332,039
RU,Talbot,1510,333,000
RU,Talbot,Avenger,333,001
RU,Talbot,Horizon,333,002
RU,Talbot,Rancho,333,003
RU,Talbot,Samba,333,004
RU,Talbot,Solara,333,005
RU,Talbot,Tagora,333,006
RU,Tank,300,334,000
RU,Tank,400,334,001
RU,Tank,500,334,002
RU,Tank,700,334,003
RU,Tata,Aria,335,000
RU,Tata,Curvv,335,001
RU,Tata,Estate,335,002
RU,Tata,Indica,335,003
RU,Tata,Indigo,335,004
RU,Tata,Nano,335,005
RU,Tata,Safari,335,006
RU,Tata,Sierra,335,007
RU,Tata,Sumo,335,008
RU,Tata,Sumo Grande,335,009
RU,Tata,Telcoline,335,010
RU,Tata,Xenon,335,011
RU,Tatra,57,336,000
RU,Tatra,77,336,001
RU,Tatra,80,336,002
RU,Tatra,87,336,003
RU,Tatra,T600,336,004
RU,Tatra,T603,336,005
RU,Tatra,T613,336,006
RU,Tatra,T700,336,007
RU,Tazzari,Zero,337,000
RU,Tenet,A8,338,000
RU,Tenet,T4,338,001
RU,Tenet,T4L,338,002
RU,Tenet,T7,338,003
RU,Tenet,T8,338,004
RU,Tenet Plus,L4,339,000
RU,Tenet Plus,L6,339,001
RU,Tesla,Cybertruck,340,000
RU,Tesla,Model 3,340,001
RU,Tesla,Model S,340,002
RU,Tesla,Model X,340,003
RU,Tesla,Model Y,340,004
RU,Tesla,Roadster,340,005
RU,Thairung,Transformer,341,000
RU,Think,City,342,000
RU,Tianma,Century,343,000
RU,Tianma,Dragon,343,001
RU,Tianye,Admiral,344,000
RU,Tofas,Kartal,345,000
RU,Tofas,Murat 124,345,001
RU,Tofas,Murat 131,345,002
RU,Tofas,Sahin,345,003
RU,Tofas,Serce,345,004
RU,Toyota,2000GT,346,000
RU,Toyota,4Runner,346,001
RU,Toyota,Agya,346,002
RU,Toyota,Allex,346,003
RU,Toyota,Allion,346,004
RU,Toyota,Alphard,346,005
RU,Toyota,Altezza,346,006
RU,Toyota,Aqua,346,007
RU,Toyota,Aristo,346,008
RU,Toyota,Aurion,346,009
RU,Toyota,Auris,346,010
RU,Toyota,Avalon,346,011
RU,Toyota,Avanza,346,012
RU,Toyota,Avensis,346,013
RU,Toyota,Avensis Verso,346,014
RU,Toyota,Aygo,346,015
RU,Toyota,Aygo X,346,016
RU,Toyota,bB,346,017
RU,Toyota,Belta,346,018
RU,Toyota,Blade,346,019
RU,Toyota,Blizzard,346,020
RU,Toyota,Brevis,346,021
RU,Toyota,bZ,346,022
RU,Toyota,bZ3,346,023
RU,Toyota,bZ3X,346,024
RU,Toyota,bZ4X,346,025
RU,Toyota,bZ5,346,026
RU,Toyota,bZ7,346,027
RU,Toyota,C-HR,346,028
RU,Toyota,C-HR+,346,029
RU,Toyota,Caldina,346,030
RU,Toyota,Cami,346,031
RU,Toyota,Camry,346,032
RU,Toyota,Camry Solara,346,033
RU,Toyota,Carina,346,034
RU,Toyota,Carina E,346,035
RU,Toyota,Carina ED,346,036
RU,Toyota,Cavalier,346,037
RU,Toyota,Celica,346,038
RU,Toyota,Celsior,346,039
RU,Toyota,Century,346,040
RU,Toyota,Chaser,346,041
RU,Toyota,Classic,346,042
RU,Toyota,Comfort,346,043
RU,Toyota,COMS,346,044
RU,Toyota,Copen,346,045
RU,Toyota,Corolla,346,046
RU,Toyota,Corolla Cross,346,047
RU,Toyota,Corolla II,346,048
RU,Toyota,Corolla Levin,346,049
RU,Toyota,Corolla Rumion,346,050
RU,Toyota,Corolla Spacio,346,051
RU,Toyota,Corolla Verso,346,052
RU,Toyota,Corona,346,053
RU,Toyota,Corona EXiV,346,054
RU,Toyota,Corsa,346,055
RU,Toyota,Cressida,346,056
RU,Toyota,Cresta,346,057
RU,Toyota,Crown,346,058
RU,Toyota,Crown Kluger,346,059
RU,Toyota,Crown Majesta,346,060
RU,Toyota,Curren,346,061
RU,Toyota,Cynos,346,062
RU,Toyota,Duet,346,063
RU,Toyota,Echo,346,064
RU,Toyota,Esquire,346,065
RU,Toyota,Estima,346,066
RU,Toyota,Etios,346,067
RU,Toyota,FJ Cruiser,346,068
RU,Toyota,Fortuner,346,069
RU,Toyota,Frontlander,346,070
RU,Toyota,FunCargo,346,071
RU,Toyota,Gaia,346,072
RU,Toyota,GR GT,346,073
RU,Toyota,GR86,346,074
RU,Toyota,Grand HiAce,346,075
RU,Toyota,Grand Highlander,346,076
RU,Toyota,Granvia,346,077
RU,Toyota,GT86,346,078
RU,Toyota,Harrier,346,079
RU,Toyota,HiAce,346,080
RU,Toyota,Highlander,346,081
RU,Toyota,Hilux,346,082
RU,Toyota,Hilux Champ,346,083
RU,Toyota,Hilux Surf,346,084
RU,Toyota,Innova,346,085
RU,Toyota,Ipsum,346,086
RU,Toyota,iQ,346,087
RU,Toyota,ISis,346,088
RU,Toyota,Ist,346,089
RU,Toyota,Izoa,346,090
RU,Toyota,JPN Taxi,346,091
RU,Toyota,Kluger,346,092
RU,Toyota,Land Cruiser,346,093
RU,Toyota,Land Cruiser FJ,346,094
RU,Toyota,Land Cruiser Prado,346,095
RU,Toyota,Levin,346,096
RU,Toyota,Lite Ace,346,097
RU,Toyota,Mark II,346,098
RU,Toyota,Mark X,346,099
RU,Toyota,Mark X ZiO,346,100
RU,Toyota,MasterAce Surf,346,101
RU,Toyota,Matrix,346,102
RU,Toyota,Mega Cruiser,346,103
RU,Toyota,Mirai,346,104
RU,Toyota,Model F,346,105
RU,Toyota,MR-S,346,106
RU,Toyota,MR2,346,107
RU,Toyota,Nadia,346,108
RU,Toyota,Noah,346,109
RU,Toyota,Opa,346,110
RU,Toyota,Origin,346,111
RU,Toyota,Paseo,346,112
RU,Toyota,Passo,346,113
RU,Toyota,Passo Sette,346,114
RU,Toyota,Picnic,346,115
RU,Toyota,Pixis Epoch,346,116
RU,Toyota,Pixis Joy,346,117
RU,Toyota,Pixis Mega,346,118
RU,Toyota,Pixis Space,346,119
RU,Toyota,Platz,346,120
RU,Toyota,Porte,346,121
RU,Toyota,Premio,346,122
RU,Toyota,Previa,346,123
RU,Toyota,Prius,346,124
RU,Toyota,Prius Alpha,346,125
RU,Toyota,Prius c,346,126
RU,Toyota,ProAce City,346,127
RU,Toyota,Probox,346,128
RU,Toyota,Progres,346,129
RU,Toyota,Pronard,346,130
RU,Toyota,Publica,346,131
RU,Toyota,Ractis,346,132
RU,Toyota,Raize,346,133
RU,Toyota,Raum,346,134
RU,Toyota,RAV4,346,135
RU,Toyota,Regius,346,136
RU,Toyota,Regius Ace,346,137
RU,Toyota,Reiz,346,138
RU,Toyota,Roomy,346,139
RU,Toyota,Rumion,346,140
RU,Toyota,Rush,346,141
RU,Toyota,Sai,346,142
RU,Toyota,Scepter,346,143
RU,Toyota,Sequoia,346,144
RU,Toyota,Sera,346,145
RU,Toyota,Sienna,346,146
RU,Toyota,Sienta,346,147
RU,Toyota,Soarer,346,148
RU,Toyota,Soluna,346,149
RU,Toyota,Spade,346,150
RU,Toyota,Sparky,346,151
RU,Toyota,Sports 800,346,152
RU,Toyota,Sprinter,346,153
RU,Toyota,Sprinter Carib,346,154
RU,Toyota,Sprinter Marino,346,155
RU,Toyota,Sprinter Trueno,346,156
RU,Toyota,Starlet,346,157
RU,Toyota,Starlet Cross,346,158
RU,Toyota,Succeed,346,159
RU,Toyota,Supra,346,160
RU,Toyota,Tacoma,346,161
RU,Toyota,Tank,346,162
RU,Toyota,Tercel,346,163
RU,Toyota,Touring HiAce,346,164
RU,Toyota,Town Ace,346,165
RU,Toyota,Tundra,346,166
RU,Toyota,Urban Cruiser,346,167
RU,Toyota,Urban Cruiser Taisor,346,168
RU,Toyota,Vanguard,346,169
RU,Toyota,Vellfire,346,170
RU,Toyota,Veloz,346,171
RU,Toyota,Venza,346,172
RU,Toyota,Verossa,346,173
RU,Toyota,Verso,346,174
RU,Toyota,Verso-S,346,175
RU,Toyota,Vios,346,176
RU,Toyota,Vista,346,177
RU,Toyota,Vitz,346,178
RU,Toyota,Voltz,346,179
RU,Toyota,Voxy,346,180
RU,Toyota,Wigo,346,181
RU,Toyota,Wildlander,346,182
RU,Toyota,WiLL,346,183
RU,Toyota,WiLL Cypha,346,184
RU,Toyota,Windom,346,185
RU,Toyota,Wish,346,186
RU,Toyota,xA,346,187
RU,Toyota,Yaris,346,188
RU,Toyota,Yaris Cross,346,189
RU,Toyota,Yaris Verso,346,190
RU,Toyota,Zelas,346,191
RU,Trabant,1.1,347,000
RU,Trabant,600,347,001
RU,Trabant,P 601,347,002
RU,Trabant,P50,347,003
RU,Tramontana,Tramontana,348,000
RU,Triumph,Acclaim,349,000
RU,Triumph,GT6,349,001
RU,Triumph,Spitfire,349,002
RU,Triumph,Stag,349,003
RU,Triumph,TR3,349,004
RU,Triumph,TR4,349,005
RU,Triumph,TR6,349,006
RU,Triumph,TR7,349,007
RU,Triumph,TR8,349,008
RU,TVR,280,350,000
RU,TVR,350,350,001
RU,TVR,390,350,002
RU,TVR,400,350,003
RU,TVR,420,350,004
RU,TVR,450,350,005
RU,TVR,Cerbera,350,006
RU,TVR,Chimaera,350,007
RU,TVR,Griffith,350,008
RU,TVR,S-Series,350,009
RU,TVR,Sagaris,350,010
RU,TVR,Taimar,350,011
RU,TVR,Tamora,350,012
RU,TVR,Tasmin,350,013
RU,TVR,Tuscan,350,014
RU,Ultima,Can-Am,351,000
RU,Ultima,GTR,351,001
RU,Ultima,RS,351,002
RU,UMO,5,352,000
RU,UMO,8,352,001
RU,Vauxhall,Adam,353,000
RU,Vauxhall,Ampera,353,001
RU,Vauxhall,Astra,353,002
RU,Vauxhall,Carlton,353,003
RU,Vauxhall,Cavalier,353,004
RU,Vauxhall,Chevette,353,005
RU,Vauxhall,Combo,353,006
RU,Vauxhall,Corsa,353,007
RU,Vauxhall,Firenza,353,008
RU,Vauxhall,Frontera,353,009
RU,Vauxhall,Insignia,353,010
RU,Vauxhall,Lotus Carlton,353,011
RU,Vauxhall,Meriva,353,012
RU,Vauxhall,Mokka,353,013
RU,Vauxhall,Monaro,353,014
RU,Vauxhall,Omega,353,015
RU,Vauxhall,Royale,353,016
RU,Vauxhall,Tigra,353,017
RU,Vauxhall,Vectra,353,018
RU,Vauxhall,Velox,353,019
RU,Vauxhall,Ventora,353,020
RU,Vauxhall,Viceroy,353,021
RU,Vauxhall,Victor,353,022
RU,Vauxhall,Viva,353,023
RU,Vauxhall,Vivaro,353,024
RU,Vauxhall,VXR8,353,025
RU,Vauxhall,Zafira,353,026
RU,Vector,M12,354,000
RU,Vector,W8 Twin Turbo,354,001
RU,Venturi,210,355,000
RU,Venturi,260 LM,355,001
RU,Venturi,300 Atlantique,355,002
RU,Venturi,400 GT,355,003
RU,Venucia,D60,356,000
RU,Venucia,D60 Plus,356,001
RU,Venucia,V-Online,356,002
RU,Venucia,VX6,356,003
RU,Venucia,Т60,356,004
RU,VGV,Bolden,357,000
RU,VGV,U70,357,001
RU,VGV,U70 Pro,357,002
RU,VGV,U75 Plus,357,003
RU,VGV,VX7,357,004
RU,VinFast,LUX A2.0,358,000
RU,VinFast,LUX SA2.0,358,001
RU,VinFast,VF6,358,002
RU,VinFast,VF7,358,003
RU,VinFast,VF8,358,004
RU,VinFast,VF9,358,005
RU,Volga,C50,359,000
RU,Volga,K40,359,001
RU,Volga,K50,359,002
RU,Volkswagen,181,360,000
RU,Volkswagen,Amarok,360,001
RU,Volkswagen,Arteon,360,002
RU,Volkswagen,Arteon R,360,003
RU,Volkswagen,Atlas,360,004
RU,Volkswagen,Atlas Cross Sport,360,005
RU,Volkswagen,Bora,360,006
RU,Volkswagen,C-Trek,360,007
RU,Volkswagen,Caddy,360,008
RU,Volkswagen,California,360,009
RU,Volkswagen,Caravelle,360,010
RU,Volkswagen,Corrado,360,011
RU,Volkswagen,Derby,360,012
RU,Volkswagen,Eos,360,013
RU,Volkswagen,EuroVan,360,014
RU,Volkswagen,Fox,360,015
RU,Volkswagen,Gol,360,016
RU,Volkswagen,Golf,360,017
RU,Volkswagen,Golf Country,360,018
RU,Volkswagen,Golf GTI,360,019
RU,Volkswagen,Golf Plus,360,020
RU,Volkswagen,Golf R,360,021
RU,Volkswagen,Golf R32,360,022
RU,Volkswagen,Golf Sportsvan,360,023
RU,Volkswagen,ID. Polo,360,024
RU,Volkswagen,ID.3,360,025
RU,Volkswagen,ID.4,360,026
RU,Volkswagen,ID.5,360,027
RU,Volkswagen,ID.6,360,028
RU,Volkswagen,ID.7,360,029
RU,Volkswagen,ID.Buzz,360,030
RU,Volkswagen,ID.Era 8X,360,031
RU,Volkswagen,ID.Era 9X,360,032
RU,Volkswagen,ID.Unyx,360,033
RU,Volkswagen,ID.Unyx 06,360,034
RU,Volkswagen,ID.Unyx 07,360,035
RU,Volkswagen,ID.Unyx 08,360,036
RU,Volkswagen,Iltis,360,037
RU,Volkswagen,Jetta,360,038
RU,Volkswagen,K70,360,039
RU,Volkswagen,Karmann-Ghia,360,040
RU,Volkswagen,Lamando,360,041
RU,Volkswagen,Lavida,360,042
RU,Volkswagen,Lavida XR,360,043
RU,Volkswagen,Lupo,360,044
RU,Volkswagen,Lupo GTI,360,045
RU,Volkswagen,Magotan,360,046
RU,Volkswagen,Parati,360,047
RU,Volkswagen,Passat,360,048
RU,Volkswagen,Passat CC,360,049
RU,Volkswagen,Phaeton,360,050
RU,Volkswagen,Phideon,360,051
RU,Volkswagen,Pointer,360,052
RU,Volkswagen,Polo,360,053
RU,Volkswagen,Polo GTI,360,054
RU,Volkswagen,Polo R WRC,360,055
RU,Volkswagen,Quantum,360,056
RU,Volkswagen,Rabbit,360,057
RU,Volkswagen,Routan,360,058
RU,Volkswagen,Sagitar,360,059
RU,Volkswagen,Santana,360,060
RU,Volkswagen,Scirocco,360,061
RU,Volkswagen,Scirocco R,360,062
RU,Volkswagen,Sharan,360,063
RU,Volkswagen,SP-2,360,064
RU,Volkswagen,SpaceFox,360,065
RU,Volkswagen,T-Cross,360,066
RU,Volkswagen,T-Roc,360,067
RU,Volkswagen,T-Roc R,360,068
RU,Volkswagen,Tacqua,360,069
RU,Volkswagen,Taigo,360,070
RU,Volkswagen,Taigun,360,071
RU,Volkswagen,Talagon,360,072
RU,Volkswagen,Taos,360,073
RU,Volkswagen,Taro,360,074
RU,Volkswagen,Tavendor,360,075
RU,Volkswagen,Tayron,360,076
RU,Volkswagen,Teramont,360,077
RU,Volkswagen,Tharu,360,078
RU,Volkswagen,Tharu XR,360,079
RU,Volkswagen,Tiguan,360,080
RU,Volkswagen,Tiguan R,360,081
RU,Volkswagen,Touareg,360,082
RU,Volkswagen,Touareg R,360,083
RU,Volkswagen,Touran,360,084
RU,Volkswagen,Transporter,360,085
RU,Volkswagen,Type 1,360,086
RU,Volkswagen,Type 166,360,087
RU,Volkswagen,Type 2,360,088
RU,Volkswagen,Type 3,360,089
RU,Volkswagen,Type 4,360,090
RU,Volkswagen,Type 82,360,091
RU,Volkswagen,up!,360,092
RU,Volkswagen,Vento,360,093
RU,Volkswagen,Viloran,360,094
RU,Volkswagen,Voyage,360,095
RU,Volkswagen,XL1,360,096
RU,Volvo,120 Series,361,000
RU,Volvo,140 Series,361,001
RU,Volvo,164,361,002
RU,Volvo,240 Series,361,003
RU,Volvo,260 Series,361,004
RU,Volvo,300 Series,361,005
RU,Volvo,440,361,006
RU,Volvo,460,361,007
RU,Volvo,480,361,008
RU,Volvo,66,361,009
RU,Volvo,740,361,010
RU,Volvo,760,361,011
RU,Volvo,780,361,012
RU,Volvo,850,361,013
RU,Volvo,940,361,014
RU,Volvo,960,361,015
RU,Volvo,C30,361,016
RU,Volvo,C40,361,017
RU,Volvo,C70,361,018
RU,Volvo,EC40,361,019
RU,Volvo,EM90,361,020
RU,Volvo,ES90,361,021
RU,Volvo,EX30,361,022
RU,Volvo,EX30 Cross Country,361,023
RU,Volvo,EX40,361,024
RU,Volvo,EX60,361,025
RU,Volvo,EX90,361,026
RU,Volvo,Laplander,361,027
RU,Volvo,P1800,361,028
RU,Volvo,P1900,361,029
RU,Volvo,PV444,361,030
RU,Volvo,PV544,361,031
RU,Volvo,S40,361,032
RU,Volvo,S60,361,033
RU,Volvo,S60 Cross Country,361,034
RU,Volvo,S70,361,035
RU,Volvo,S80,361,036
RU,Volvo,S90,361,037
RU,Volvo,V40,361,038
RU,Volvo,V40 Cross Country,361,039
RU,Volvo,V50,361,040
RU,Volvo,V60,361,041
RU,Volvo,V60 Cross Country,361,042
RU,Volvo,V70,361,043
RU,Volvo,V90,361,044
RU,Volvo,V90 Cross Country,361,045
RU,Volvo,XC40,361,046
RU,Volvo,XC60,361,047
RU,Volvo,XC70,361,048
RU,Volvo,XC90,361,049
RU,Vortex,Corda,362,000
RU,Vortex,Estina,362,001
RU,Vortex,Tingo,362,002
RU,Voyah,Courage,363,000
RU,Voyah,Dream,363,001
RU,Voyah,Free,363,002
RU,Voyah,Passion,363,003
RU,Voyah,Passion S,363,004
RU,Voyah,Taishan,363,005
RU,Voyah,Taishan X8,363,006
RU,VUHL,05,364,000
RU,W Motors,Fenyr Supersport,365,000
RU,Wanderer,W22,366,000
RU,Wanderer,W23,366,001
RU,Wanderer,W26,366,002
RU,Wanderer,W50,366,003
RU,Wartburg,1.3,367,000
RU,Wartburg,353,367,001
RU,Weltmeister,E5,368,000
RU,Weltmeister,EX5,368,001
RU,Weltmeister,EX6 Plus,368,002
RU,Weltmeister,W6,368,003
RU,Westfield,SEi & Sport,369,000
RU,Westfield,SEiGHT,369,001
RU,Wey,05,370,000
RU,Wey,07,370,001
RU,Wey,80,370,002
RU,Wey,Coffee 01,370,003
RU,Wey,Gaoshan (High Mountain),370,004
RU,Wey,Lanshan (Blue Mountain),370,005
RU,Wey,Latte,370,006
RU,Wey,Macchiato,370,007
RU,Wey,Mocca,370,008
RU,Wey,V9X,370,009
RU,Wey,VV5,370,010
RU,Wey,VV6,370,011
RU,Wey,VV7,370,012
RU,Wiesmann,GT,371,000
RU,Wiesmann,Roadster,371,001
RU,Willys,CJ,372,000
RU,Willys,Jeepster,372,001
RU,Willys,Knight Model 20,372,002
RU,Willys,MB,372,003
RU,Wuling,Aishang A100C,373,000
RU,Wuling,Binguo,373,001
RU,Wuling,Binguo Pro,373,002
RU,Wuling,Binguo S,373,003
RU,Wuling,Hongguang,373,004
RU,Wuling,Hongguang Plus,373,005
RU,Wuling,Hongguang S,373,006
RU,Wuling,Hongguang V,373,007
RU,Wuling,Huajing S,373,008
RU,Wuling,Jiachen,373,009
RU,Wuling,Mini EV,373,010
RU,Wuling,Nano EV,373,011
RU,Wuling,Nebula,373,012
RU,Wuling,Star Asta,373,013
RU,Wuling,Starlight,373,014
RU,Wuling,Starlight 560,373,015
RU,Wuling,Starlight 730,373,016
RU,Wuling,Starlight L,373,017
RU,Wuling,Starlight S,373,018
RU,Wuling,Sunshine,373,019
RU,Wuling,Victory,373,020
RU,Wuling,Xingchi,373,021
RU,Wuling,Zhiguan EV,373,022
RU,Xcite,X-Cross 7,374,000
RU,Xcite,X-Cross 8,374,001
RU,XEV,Yoyo,375,000
RU,Xiaomi,SU7,376,000
RU,Xiaomi,YU7,376,001
RU,Xin Kai,Pickup X3,377,000
RU,Xin Kai,SR-V X3,377,001
RU,Xin Kai,SUV X3,377,002
RU,Xpeng,G3,378,000
RU,Xpeng,G6,378,001
RU,Xpeng,G7,378,002
RU,Xpeng,G9,378,003
RU,Xpeng,GX,378,004
RU,Xpeng,Mona L03,378,005
RU,Xpeng,Mona M03,378,006
RU,Xpeng,P5,378,007
RU,Xpeng,P7,378,008
RU,Xpeng,P7+,378,009
RU,Xpeng,P7i,378,010
RU,Xpeng,X9,378,011
RU,Yema,EC30,379,000
RU,Yema,Spica,379,001
RU,Yema,T70,379,002
RU,Yipai,007,380,000
RU,Yipai,008,380,001
RU,Yipai,M8,380,002
RU,Yipai,Nammi 01,380,003
RU,Yipai,Nammi 06,380,004
RU,Yudo,Yuntu,381,000
RU,Yulon,Feeling,382,000
RU,Zastava,10,383,000
RU,Zastava,Florida,383,001
RU,Zastava,Skala,383,002
RU,Zastava,Yugo,383,003
RU,Zeekr,001,384,000
RU,Zeekr,007,384,001
RU,Zeekr,009,384,002
RU,Zeekr,7X,384,003
RU,Zeekr,8X,384,004
RU,Zeekr,9X,384,005
RU,Zeekr,Mix,384,006
RU,Zeekr,X,384,007
RU,Zenos,E10,385,000
RU,Zenvo,Aurora,386,000
RU,Zenvo,ST1,386,001
RU,Zenvo,TSR-S,386,002
RU,Zhido,Rainbow,387,000
RU,Zibar,MK2,388,000
RU,Zotye,Coupa,389,000
RU,Zotye,Domy X5,389,001
RU,Zotye,Domy X7,389,002
RU,Zotye,E200,389,003
RU,Zotye,Nomad (RX6400),389,004
RU,Zotye,SR9,389,005
RU,Zotye,T300,389,006
RU,Zotye,T500,389,007
RU,Zotye,T600,389,008
RU,Zotye,T700,389,009
RU,Zotye,T800,389,010
RU,Zotye,Z100,389,011
RU,Zotye,Z300,389,012
RU,Zubr,Legenda,390,000
RU,Zubr,Relikt,390,001
RU,Zubr,Talisman,390,002
RU,Zubr,Volat,390,003
RU,Zubr,Zorka,390,004
RU,ZX,Admiral,391,000
RU,ZX,Grand Tiger,391,001
RU,ZX,Grandlion,391,002
RU,ZX,Landmark,391,003
RU,ZX,Terralord,391,004
RU,Автокам,2160,392,000
RU,Автокам,2163,392,001
RU,Автокам,3101,392,002
RU,Амберавто,А5,393,000
RU,Атом,01,394,000
RU,ГАЗ,12 ЗИМ,395,000
RU,ГАЗ,13 'Чайка',395,001
RU,ГАЗ,14 'Чайка',395,002
RU,ГАЗ,18,395,003
RU,ГАЗ,21 'Волга',395,004
RU,ГАЗ,22 'Волга',395,005
RU,ГАЗ,2308 'Атаман',395,006
RU,ГАЗ,2330 'Тигр',395,007
RU,ГАЗ,24 'Волга',395,008
RU,ГАЗ,25,395,009
RU,ГАЗ,3102 'Волга',395,010
RU,ГАЗ,31022 'Волга',395,011
RU,ГАЗ,310221 'Волга',395,012
RU,ГАЗ,31029 'Волга',395,013
RU,ГАЗ,3103 'Волга',395,014
RU,ГАЗ,3105 'Волга',395,015
RU,ГАЗ,3110 'Волга',395,016
RU,ГАЗ,31105 'Волга',395,017
RU,ГАЗ,3111 'Волга',395,018
RU,ГАЗ,46,395,019
RU,ГАЗ,61,395,020
RU,ГАЗ,64,395,021
RU,ГАЗ,69,395,022
RU,ГАЗ,Volga Siber,395,023
RU,ГАЗ,А,395,024
RU,ГАЗ,ГАЗ 67,395,025
RU,ГАЗ,М-20 'Победа',395,026
RU,ГАЗ,М-72,395,027
RU,ГАЗ,М1,395,028
RU,ЗАЗ,1102 'Таврия',396,000
RU,ЗАЗ,1103 'Славута',396,001
RU,ЗАЗ,1105 'Дана',396,002
RU,ЗАЗ,965,396,003
RU,ЗАЗ,966,396,004
RU,ЗАЗ,968,396,005
RU,ЗАЗ,Chance,396,006
RU,ЗАЗ,Forza,396,007
RU,ЗАЗ,Lanos,396,008
RU,ЗАЗ,Sens,396,009
RU,ЗАЗ,Vida,396,010
RU,ЗИЛ,111,397,000
RU,ЗИЛ,114,397,001
RU,ЗИЛ,117,397,002
RU,ЗИЛ,4104,397,003
RU,ЗиС,101,398,000
RU,ЗиС,102,398,001
RU,ЗиС,110,398,002
RU,Иж,2125 'Комби',399,000
RU,Иж,2126 'Ода',399,001
RU,Иж,21261 'Фабула',399,002
RU,Иж,2715,399,003
RU,Иж,2717,399,004
RU,Иж,27175,399,005
RU,Иж,Москвич-412,399,006
RU,Канонир,2317,400,000
RU,Комбат,Т98,401,000
RU,ЛуАЗ,1302 Волынь,402,000
RU,ЛуАЗ,967,402,001
RU,ЛуАЗ,969,402,002
RU,Москвич,2136,403,000
RU,Москвич,2137,403,001
RU,Москвич,2138,403,002
RU,Москвич,2140,403,003
RU,Москвич,2141,403,004
RU,Москвич,2142,403,005
RU,Москвич,3,403,006
RU,Москвич,3е,403,007
RU,Москвич,400,403,008
RU,Москвич,401,403,009
RU,Москвич,402,403,010
RU,Москвич,403,403,011
RU,Москвич,407,403,012
RU,Москвич,408,403,013
RU,Москвич,410,403,014
RU,Москвич,411,403,015
RU,Москвич,412,403,016
RU,Москвич,423,403,017
RU,Москвич,424,403,018
RU,Москвич,426,403,019
RU,Москвич,427,403,020
RU,Москвич,430,403,021
RU,Москвич,434П,403,022
RU,Москвич,5,403,023
RU,Москвич,6,403,024
RU,Москвич,8,403,025
RU,Москвич,Дуэт,403,026
RU,Москвич,Иван Калита,403,027
RU,Москвич,Князь Владимир,403,028
RU,Москвич,М70,403,029
RU,Москвич,М90,403,030
RU,Москвич,Святогор,403,031
RU,Москвич,Юрий Долгорукий,403,032
RU,Руссо-Балт,С24,404,000
RU,СМЗ,С-1Л,405,000
RU,СМЗ,С-3А,405,001
RU,СМЗ,С-3Д,405,002
RU,СМЗ,С-3Л,405,003
RU,Спортивные авто и реплики,GT & Touring,406,000
RU,Спортивные авто и реплики,Offroad,406,001
RU,Спортивные авто и реплики,Rally/cross,406,002
RU,Спортивные авто и реплики,Shortcut,406,003
RU,Спортивные авто и реплики,Багги Type 1,406,004
RU,Спортивные авто и реплики,Драгстер,406,005
RU,Спортивные авто и реплики,Дрифт-кар,406,006
RU,Спортивные авто и реплики,Самоделки,406,007
RU,Спортивные авто и реплики,Спортпрототип,406,008
RU,Спортивные авто и реплики,Формула,406,009
RU,Спортивные авто и реплики,Хот-род и Кастом,406,010
RU,Старт,1963-1968,407,000
RU,ТагАЗ,Aquila,408,000
RU,ТагАЗ,C-30,408,001
RU,ТагАЗ,C10,408,002
RU,ТагАЗ,C190,408,003
RU,ТагАЗ,Road Partner,408,004
RU,ТагАЗ,Tager,408,005
RU,ТагАЗ,Vega,408,006
RU,УАЗ,3151,409,000
RU,УАЗ,3153,409,001
RU,УАЗ,3159,409,002
RU,УАЗ,3160,409,003
RU,УАЗ,3162 Симбир,409,004
RU,УАЗ,469,409,005
RU,УАЗ,Астеро,409,006
RU,УАЗ,Патриот,409,007
RU,УАЗ,Пикап,409,008
RU,УАЗ,Хантер,409,009
RU,Яндекс Ровер,R3,410,000
RU,Ё-мобиль,Ё-Кроссовер,411,000
