原子行号,压缩命中数,检查结果,压缩行号,命中尺码,压缩类型,MAKE,MODEL,YEAR,VERSION,CONST,CAB,BED_FT,BACKSIZE,命中压缩行
155,2,MULTI,47/48,PK-L/PK-M,皮卡,Chevrolet,Avalanche,2001,,,,,PK-L,47: Chevrolet Avalanche 2000-2013     PK-M || 48: Chevrolet Avalanche 2001-2003     PK-L
156,2,MULTI,47/48,PK-L/PK-M,皮卡,Chevrolet,Avalanche,2001,,,,,PK-M,47: Chevrolet Avalanche 2000-2013     PK-M || 48: Chevrolet Avalanche 2001-2003     PK-L
157,2,MULTI,47/48,PK-L/PK-M,皮卡,Chevrolet,Avalanche,2002,,,,,PK-L,47: Chevrolet Avalanche 2000-2013     PK-M || 48: Chevrolet Avalanche 2001-2003     PK-L
158,2,MULTI,47/48,PK-L/PK-M,皮卡,Chevrolet,Avalanche,2002,,,,,PK-M,47: Chevrolet Avalanche 2000-2013     PK-M || 48: Chevrolet Avalanche 2001-2003     PK-L
159,2,MULTI,47/48,PK-L/PK-M,皮卡,Chevrolet,Avalanche,2003,,,,,PK-L,47: Chevrolet Avalanche 2000-2013     PK-M || 48: Chevrolet Avalanche 2001-2003     PK-L
160,2,MULTI,47/48,PK-L/PK-M,皮卡,Chevrolet,Avalanche,2003,,,,,PK-M,47: Chevrolet Avalanche 2000-2013     PK-M || 48: Chevrolet Avalanche 2001-2003     PK-L
1156,2,MULTI,68/69,PK-L/PK-XL,皮卡,Chevrolet,Silverado 1500 crew cab pickup,2018,,,,,PK-L,68: Chevrolet Silverado 1500 crew cab pickup 2013-2026     PK-L || 69: Chevrolet Silverado 1500 crew cab pickup 2018-2026     PK-XL
1158,2,MULTI,68/69,PK-L/PK-XL,皮卡,Chevrolet,Silverado 1500 crew cab pickup,2018,,,,,PK-XL,68: Chevrolet Silverado 1500 crew cab pickup 2013-2026     PK-L || 69: Chevrolet Silverado 1500 crew cab pickup 2018-2026     PK-XL
1159,2,MULTI,68/69,PK-L/PK-XL,皮卡,Chevrolet,Silverado 1500 crew cab pickup,2019,,,,,PK-L,68: Chevrolet Silverado 1500 crew cab pickup 2013-2026     PK-L || 69: Chevrolet Silverado 1500 crew cab pickup 2018-2026     PK-XL
1161,2,MULTI,68/69,PK-L/PK-XL,皮卡,Chevrolet,Silverado 1500 crew cab pickup,2019,,,,,PK-XL,68: Chevrolet Silverado 1500 crew cab pickup 2013-2026     PK-L || 69: Chevrolet Silverado 1500 crew cab pickup 2018-2026     PK-XL
1162,2,MULTI,68/69,PK-L/PK-XL,皮卡,Chevrolet,Silverado 1500 crew cab pickup,2020,,,,,PK-L,68: Chevrolet Silverado 1500 crew cab pickup 2013-2026     PK-L || 69: Chevrolet Silverado 1500 crew cab pickup 2018-2026     PK-XL
1164,2,MULTI,68/69,PK-L/PK-XL,皮卡,Chevrolet,Silverado 1500 crew cab pickup,2020,,,,,PK-XL,68: Chevrolet Silverado 1500 crew cab pickup 2013-2026     PK-L || 69: Chevrolet Silverado 1500 crew cab pickup 2018-2026     PK-XL
1165,2,MULTI,68/69,PK-L/PK-XL,皮卡,Chevrolet,Silverado 1500 crew cab pickup,2021,,,,,PK-L,68: Chevrolet Silverado 1500 crew cab pickup 2013-2026     PK-L || 69: Chevrolet Silverado 1500 crew cab pickup 2018-2026     PK-XL
1167,2,MULTI,68/69,PK-L/PK-XL,皮卡,Chevrolet,Silverado 1500 crew cab pickup,2021,,,,,PK-XL,68: Chevrolet Silverado 1500 crew cab pickup 2013-2026     PK-L || 69: Chevrolet Silverado 1500 crew cab pickup 2018-2026     PK-XL
1168,2,MULTI,68/69,PK-L/PK-XL,皮卡,Chevrolet,Silverado 1500 crew cab pickup,2022,,,,,PK-L,68: Chevrolet Silverado 1500 crew cab pickup 2013-2026     PK-L || 69: Chevrolet Silverado 1500 crew cab pickup 2018-2026     PK-XL
1170,2,MULTI,68/69,PK-L/PK-XL,皮卡,Chevrolet,Silverado 1500 crew cab pickup,2022,,,,,PK-XL,68: Chevrolet Silverado 1500 crew cab pickup 2013-2026     PK-L || 69: Chevrolet Silverado 1500 crew cab pickup 2018-2026     PK-XL
1171,2,MULTI,68/69,PK-L/PK-XL,皮卡,Chevrolet,Silverado 1500 crew cab pickup,2023,,,,,PK-L,68: Chevrolet Silverado 1500 crew cab pickup 2013-2026     PK-L || 69: Chevrolet Silverado 1500 crew cab pickup 2018-2026     PK-XL
1173,2,MULTI,68/69,PK-L/PK-XL,皮卡,Chevrolet,Silverado 1500 crew cab pickup,2023,,,,,PK-XL,68: Chevrolet Silverado 1500 crew cab pickup 2013-2026     PK-L || 69: Chevrolet Silverado 1500 crew cab pickup 2018-2026     PK-XL
1174,2,MULTI,68/69,PK-L/PK-XL,皮卡,Chevrolet,Silverado 1500 crew cab pickup,2024,,,,,PK-L,68: Chevrolet Silverado 1500 crew cab pickup 2013-2026     PK-L || 69: Chevrolet Silverado 1500 crew cab pickup 2018-2026     PK-XL
1176,2,MULTI,68/69,PK-L/PK-XL,皮卡,Chevrolet,Silverado 1500 crew cab pickup,2024,,,,,PK-XL,68: Chevrolet Silverado 1500 crew cab pickup 2013-2026     PK-L || 69: Chevrolet Silverado 1500 crew cab pickup 2018-2026     PK-XL
1177,2,MULTI,68/69,PK-L/PK-XL,皮卡,Chevrolet,Silverado 1500 crew cab pickup,2025,,,,,PK-L,68: Chevrolet Silverado 1500 crew cab pickup 2013-2026     PK-L || 69: Chevrolet Silverado 1500 crew cab pickup 2018-2026     PK-XL
1179,2,MULTI,68/69,PK-L/PK-XL,皮卡,Chevrolet,Silverado 1500 crew cab pickup,2025,,,,,PK-XL,68: Chevrolet Silverado 1500 crew cab pickup 2013-2026     PK-L || 69: Chevrolet Silverado 1500 crew cab pickup 2018-2026     PK-XL
1180,2,MULTI,68/69,PK-L/PK-XL,皮卡,Chevrolet,Silverado 1500 crew cab pickup,2026,,,,,PK-L,68: Chevrolet Silverado 1500 crew cab pickup 2013-2026     PK-L || 69: Chevrolet Silverado 1500 crew cab pickup 2018-2026     PK-XL
1182,2,MULTI,68/69,PK-L/PK-XL,皮卡,Chevrolet,Silverado 1500 crew cab pickup,2026,,,,,PK-XL,68: Chevrolet Silverado 1500 crew cab pickup 2013-2026     PK-L || 69: Chevrolet Silverado 1500 crew cab pickup 2018-2026     PK-XL
1605,2,MULTI,94/95,PK-S/无可用尺码,皮卡,Citroën,C25,1987,swb,,,,PK-S,94: Citroën C25 1983-1994 swb    PK-S || 95: Citroën C25 1987-1994 swb    无可用尺码
1606,2,MULTI,94/95,PK-S/无可用尺码,皮卡,Citroën,C25,1987,swb,,,,无可用尺码,94: Citroën C25 1983-1994 swb    PK-S || 95: Citroën C25 1987-1994 swb    无可用尺码
1611,2,MULTI,94/95,PK-S/无可用尺码,皮卡,Citroën,C25,1988,swb,,,,PK-S,94: Citroën C25 1983-1994 swb    PK-S || 95: Citroën C25 1987-1994 swb    无可用尺码
1612,2,MULTI,94/95,PK-S/无可用尺码,皮卡,Citroën,C25,1988,swb,,,,无可用尺码,94: Citroën C25 1983-1994 swb    PK-S || 95: Citroën C25 1987-1994 swb    无可用尺码
1617,2,MULTI,94/95,PK-S/无可用尺码,皮卡,Citroën,C25,1989,swb,,,,PK-S,94: Citroën C25 1983-1994 swb    PK-S || 95: Citroën C25 1987-1994 swb    无可用尺码
1618,2,MULTI,94/95,PK-S/无可用尺码,皮卡,Citroën,C25,1989,swb,,,,无可用尺码,94: Citroën C25 1983-1994 swb    PK-S || 95: Citroën C25 1987-1994 swb    无可用尺码
1623,2,MULTI,94/95,PK-S/无可用尺码,皮卡,Citroën,C25,1990,swb,,,,PK-S,94: Citroën C25 1983-1994 swb    PK-S || 95: Citroën C25 1987-1994 swb    无可用尺码
1624,2,MULTI,94/95,PK-S/无可用尺码,皮卡,Citroën,C25,1990,swb,,,,无可用尺码,94: Citroën C25 1983-1994 swb    PK-S || 95: Citroën C25 1987-1994 swb    无可用尺码
1629,2,MULTI,94/95,PK-S/无可用尺码,皮卡,Citroën,C25,1991,swb,,,,PK-S,94: Citroën C25 1983-1994 swb    PK-S || 95: Citroën C25 1987-1994 swb    无可用尺码
1631,2,MULTI,94/95,PK-S/无可用尺码,皮卡,Citroën,C25,1991,swb,,,,无可用尺码,94: Citroën C25 1983-1994 swb    PK-S || 95: Citroën C25 1987-1994 swb    无可用尺码
1636,2,MULTI,94/95,PK-S/无可用尺码,皮卡,Citroën,C25,1992,swb,,,,PK-S,94: Citroën C25 1983-1994 swb    PK-S || 95: Citroën C25 1987-1994 swb    无可用尺码
1638,2,MULTI,94/95,PK-S/无可用尺码,皮卡,Citroën,C25,1992,swb,,,,无可用尺码,94: Citroën C25 1983-1994 swb    PK-S || 95: Citroën C25 1987-1994 swb    无可用尺码
1643,2,MULTI,94/95,PK-S/无可用尺码,皮卡,Citroën,C25,1993,swb,,,,PK-S,94: Citroën C25 1983-1994 swb    PK-S || 95: Citroën C25 1987-1994 swb    无可用尺码
1645,2,MULTI,94/95,PK-S/无可用尺码,皮卡,Citroën,C25,1993,swb,,,,无可用尺码,94: Citroën C25 1983-1994 swb    PK-S || 95: Citroën C25 1987-1994 swb    无可用尺码
1650,2,MULTI,94/95,PK-S/无可用尺码,皮卡,Citroën,C25,1994,swb,,,,PK-S,94: Citroën C25 1983-1994 swb    PK-S || 95: Citroën C25 1987-1994 swb    无可用尺码
1652,2,MULTI,94/95,PK-S/无可用尺码,皮卡,Citroën,C25,1994,swb,,,,无可用尺码,94: Citroën C25 1983-1994 swb    PK-S || 95: Citroën C25 1987-1994 swb    无可用尺码
3034,2,MULTI,146/160,PK-L/PK-M,皮卡,Fiat,Ducato,2002,lwb,,,,PK-L,146: Fiat Ducato 1989-2002 lwb    PK-M || 160: Fiat Ducato 2002-2006 lwb    PK-L
3040,2,MULTI,146/160,PK-L/PK-M,皮卡,Fiat,Ducato,2002,lwb,,,,PK-M,146: Fiat Ducato 1989-2002 lwb    PK-M || 160: Fiat Ducato 2002-2006 lwb    PK-L
3107,2,MULTI,148/167,PK-L/PK-XL,皮卡,Fiat,Ducato,2006,,,,,PK-L,148: Fiat Ducato 2001-2006     PK-XL || 167: Fiat Ducato 2006-2026     PK-L
3108,3,MULTI,160/171/172,PK-L/PK-XL/PK-XXL-645,皮卡,Fiat,Ducato,2006,lwb,,,,PK-L,160: Fiat Ducato 2002-2006 lwb    PK-L || 171: Fiat Ducato 2006-2026 lwb    PK-XL || 172: Fiat Ducato 2006-2026 lwb    PK-XXL-645
3114,3,MULTI,147/173/174,PK-L/PK-M/PK-S,皮卡,Fiat,Ducato,2006,mwb,,,,PK-L,147: Fiat Ducato 1994-2006 mwb    PK-S || 173: Fiat Ducato 2006-2026 mwb    PK-L || 174: Fiat Ducato 2006-2026 mwb    PK-M
3117,3,MULTI,147/173/174,PK-L/PK-M/PK-S,皮卡,Fiat,Ducato,2006,mwb,,,,PK-M,147: Fiat Ducato 1994-2006 mwb    PK-S || 173: Fiat Ducato 2006-2026 mwb    PK-L || 174: Fiat Ducato 2006-2026 mwb    PK-M
3119,3,MULTI,147/173/174,PK-L/PK-M/PK-S,皮卡,Fiat,Ducato,2006,mwb,,,,PK-S,147: Fiat Ducato 1994-2006 mwb    PK-S || 173: Fiat Ducato 2006-2026 mwb    PK-L || 174: Fiat Ducato 2006-2026 mwb    PK-M
3129,2,MULTI,148/167,PK-L/PK-XL,皮卡,Fiat,Ducato,2006,,,,,PK-XL,148: Fiat Ducato 2001-2006     PK-XL || 167: Fiat Ducato 2006-2026     PK-L
3132,3,MULTI,160/171/172,PK-L/PK-XL/PK-XXL-645,皮卡,Fiat,Ducato,2006,lwb,,,,PK-XL,160: Fiat Ducato 2002-2006 lwb    PK-L || 171: Fiat Ducato 2006-2026 lwb    PK-XL || 172: Fiat Ducato 2006-2026 lwb    PK-XXL-645
3135,2,MULTI,163/180,PK-XL/PK-XXL-645,皮卡,Fiat,Ducato,2006,xlwb,,,,PK-XL,163: Fiat Ducato 2004-2006 xlwb    PK-XL || 180: Fiat Ducato 2006-2026 xlwb    PK-XXL-645
3138,3,MULTI,160/171/172,PK-L/PK-XL/PK-XXL-645,皮卡,Fiat,Ducato,2006,lwb,,,,PK-XXL-645,160: Fiat Ducato 2002-2006 lwb    PK-L || 171: Fiat Ducato 2006-2026 lwb    PK-XL || 172: Fiat Ducato 2006-2026 lwb    PK-XXL-645
3140,2,MULTI,163/180,PK-XL/PK-XXL-645,皮卡,Fiat,Ducato,2006,xlwb,,,,PK-XXL-645,163: Fiat Ducato 2004-2006 xlwb    PK-XL || 180: Fiat Ducato 2006-2026 xlwb    PK-XXL-645
3143,2,MULTI,173/174,PK-L/PK-M,皮卡,Fiat,Ducato,2007,mwb,,,,PK-L,173: Fiat Ducato 2006-2026 mwb    PK-L || 174: Fiat Ducato 2006-2026 mwb    PK-M
3146,2,MULTI,173/174,PK-L/PK-M,皮卡,Fiat,Ducato,2007,mwb,,,,PK-M,173: Fiat Ducato 2006-2026 mwb    PK-L || 174: Fiat Ducato 2006-2026 mwb    PK-M
3152,2,MULTI,171/172,PK-XL/PK-XXL-645,皮卡,Fiat,Ducato,2007,lwb,,,,PK-XL,171: Fiat Ducato 2006-2026 lwb    PK-XL || 172: Fiat Ducato 2006-2026 lwb    PK-XXL-645
3155,2,MULTI,171/172,PK-XL/PK-XXL-645,皮卡,Fiat,Ducato,2007,lwb,,,,PK-XXL-645,171: Fiat Ducato 2006-2026 lwb    PK-XL || 172: Fiat Ducato 2006-2026 lwb    PK-XXL-645
3160,2,MULTI,173/174,PK-L/PK-M,皮卡,Fiat,Ducato,2008,mwb,,,,PK-L,173: Fiat Ducato 2006-2026 mwb    PK-L || 174: Fiat Ducato 2006-2026 mwb    PK-M
3163,2,MULTI,173/174,PK-L/PK-M,皮卡,Fiat,Ducato,2008,mwb,,,,PK-M,173: Fiat Ducato 2006-2026 mwb    PK-L || 174: Fiat Ducato 2006-2026 mwb    PK-M
3169,2,MULTI,171/172,PK-XL/PK-XXL-645,皮卡,Fiat,Ducato,2008,lwb,,,,PK-XL,171: Fiat Ducato 2006-2026 lwb    PK-XL || 172: Fiat Ducato 2006-2026 lwb    PK-XXL-645
3172,2,MULTI,171/172,PK-XL/PK-XXL-645,皮卡,Fiat,Ducato,2008,lwb,,,,PK-XXL-645,171: Fiat Ducato 2006-2026 lwb    PK-XL || 172: Fiat Ducato 2006-2026 lwb    PK-XXL-645
3177,2,MULTI,173/174,PK-L/PK-M,皮卡,Fiat,Ducato,2009,mwb,,,,PK-L,173: Fiat Ducato 2006-2026 mwb    PK-L || 174: Fiat Ducato 2006-2026 mwb    PK-M
3180,2,MULTI,173/174,PK-L/PK-M,皮卡,Fiat,Ducato,2009,mwb,,,,PK-M,173: Fiat Ducato 2006-2026 mwb    PK-L || 174: Fiat Ducato 2006-2026 mwb    PK-M
3186,2,MULTI,171/172,PK-XL/PK-XXL-645,皮卡,Fiat,Ducato,2009,lwb,,,,PK-XL,171: Fiat Ducato 2006-2026 lwb    PK-XL || 172: Fiat Ducato 2006-2026 lwb    PK-XXL-645
3189,2,MULTI,171/172,PK-XL/PK-XXL-645,皮卡,Fiat,Ducato,2009,lwb,,,,PK-XXL-645,171: Fiat Ducato 2006-2026 lwb    PK-XL || 172: Fiat Ducato 2006-2026 lwb    PK-XXL-645
3195,2,MULTI,173/174,PK-L/PK-M,皮卡,Fiat,Ducato,2010,mwb,,,,PK-L,173: Fiat Ducato 2006-2026 mwb    PK-L || 174: Fiat Ducato 2006-2026 mwb    PK-M
3199,2,MULTI,173/174,PK-L/PK-M,皮卡,Fiat,Ducato,2010,mwb,,,,PK-M,173: Fiat Ducato 2006-2026 mwb    PK-L || 174: Fiat Ducato 2006-2026 mwb    PK-M
3208,2,MULTI,171/172,PK-XL/PK-XXL-645,皮卡,Fiat,Ducato,2010,lwb,,,,PK-XL,171: Fiat Ducato 2006-2026 lwb    PK-XL || 172: Fiat Ducato 2006-2026 lwb    PK-XXL-645
3213,2,MULTI,171/172,PK-XL/PK-XXL-645,皮卡,Fiat,Ducato,2010,lwb,,,,PK-XXL-645,171: Fiat Ducato 2006-2026 lwb    PK-XL || 172: Fiat Ducato 2006-2026 lwb    PK-XXL-645
3220,2,MULTI,173/174,PK-L/PK-M,皮卡,Fiat,Ducato,2011,mwb,,,,PK-L,173: Fiat Ducato 2006-2026 mwb    PK-L || 174: Fiat Ducato 2006-2026 mwb    PK-M
3224,2,MULTI,173/174,PK-L/PK-M,皮卡,Fiat,Ducato,2011,mwb,,,,PK-M,173: Fiat Ducato 2006-2026 mwb    PK-L || 174: Fiat Ducato 2006-2026 mwb    PK-M
3233,2,MULTI,171/172,PK-XL/PK-XXL-645,皮卡,Fiat,Ducato,2011,lwb,,,,PK-XL,171: Fiat Ducato 2006-2026 lwb    PK-XL || 172: Fiat Ducato 2006-2026 lwb    PK-XXL-645
3238,2,MULTI,171/172,PK-XL/PK-XXL-645,皮卡,Fiat,Ducato,2011,lwb,,,,PK-XXL-645,171: Fiat Ducato 2006-2026 lwb    PK-XL || 172: Fiat Ducato 2006-2026 lwb    PK-XXL-645
3245,2,MULTI,173/174,PK-L/PK-M,皮卡,Fiat,Ducato,2012,mwb,,,,PK-L,173: Fiat Ducato 2006-2026 mwb    PK-L || 174: Fiat Ducato 2006-2026 mwb    PK-M
3249,2,MULTI,173/174,PK-L/PK-M,皮卡,Fiat,Ducato,2012,mwb,,,,PK-M,173: Fiat Ducato 2006-2026 mwb    PK-L || 174: Fiat Ducato 2006-2026 mwb    PK-M
3257,2,MULTI,171/172,PK-XL/PK-XXL-645,皮卡,Fiat,Ducato,2012,lwb,,,,PK-XL,171: Fiat Ducato 2006-2026 lwb    PK-XL || 172: Fiat Ducato 2006-2026 lwb    PK-XXL-645
3262,2,MULTI,171/172,PK-XL/PK-XXL-645,皮卡,Fiat,Ducato,2012,lwb,,,,PK-XXL-645,171: Fiat Ducato 2006-2026 lwb    PK-XL || 172: Fiat Ducato 2006-2026 lwb    PK-XXL-645
3268,2,MULTI,173/174,PK-L/PK-M,皮卡,Fiat,Ducato,2013,mwb,,,,PK-L,173: Fiat Ducato 2006-2026 mwb    PK-L || 174: Fiat Ducato 2006-2026 mwb    PK-M
3272,2,MULTI,173/174,PK-L/PK-M,皮卡,Fiat,Ducato,2013,mwb,,,,PK-M,173: Fiat Ducato 2006-2026 mwb    PK-L || 174: Fiat Ducato 2006-2026 mwb    PK-M
3280,2,MULTI,171/172,PK-XL/PK-XXL-645,皮卡,Fiat,Ducato,2013,lwb,,,,PK-XL,171: Fiat Ducato 2006-2026 lwb    PK-XL || 172: Fiat Ducato 2006-2026 lwb    PK-XXL-645
3285,2,MULTI,171/172,PK-XL/PK-XXL-645,皮卡,Fiat,Ducato,2013,lwb,,,,PK-XXL-645,171: Fiat Ducato 2006-2026 lwb    PK-XL || 172: Fiat Ducato 2006-2026 lwb    PK-XXL-645
3291,2,MULTI,173/174,PK-L/PK-M,皮卡,Fiat,Ducato,2014,mwb,,,,PK-L,173: Fiat Ducato 2006-2026 mwb    PK-L || 174: Fiat Ducato 2006-2026 mwb    PK-M
3295,2,MULTI,173/174,PK-L/PK-M,皮卡,Fiat,Ducato,2014,mwb,,,,PK-M,173: Fiat Ducato 2006-2026 mwb    PK-L || 174: Fiat Ducato 2006-2026 mwb    PK-M
3303,2,MULTI,171/172,PK-XL/PK-XXL-645,皮卡,Fiat,Ducato,2014,lwb,,,,PK-XL,171: Fiat Ducato 2006-2026 lwb    PK-XL || 172: Fiat Ducato 2006-2026 lwb    PK-XXL-645
3308,2,MULTI,171/172,PK-XL/PK-XXL-645,皮卡,Fiat,Ducato,2014,lwb,,,,PK-XXL-645,171: Fiat Ducato 2006-2026 lwb    PK-XL || 172: Fiat Ducato 2006-2026 lwb    PK-XXL-645
3314,2,MULTI,173/174,PK-L/PK-M,皮卡,Fiat,Ducato,2015,mwb,,,,PK-L,173: Fiat Ducato 2006-2026 mwb    PK-L || 174: Fiat Ducato 2006-2026 mwb    PK-M
3318,2,MULTI,173/174,PK-L/PK-M,皮卡,Fiat,Ducato,2015,mwb,,,,PK-M,173: Fiat Ducato 2006-2026 mwb    PK-L || 174: Fiat Ducato 2006-2026 mwb    PK-M
3325,2,MULTI,171/172,PK-XL/PK-XXL-645,皮卡,Fiat,Ducato,2015,lwb,,,,PK-XL,171: Fiat Ducato 2006-2026 lwb    PK-XL || 172: Fiat Ducato 2006-2026 lwb    PK-XXL-645
3329,2,MULTI,171/172,PK-XL/PK-XXL-645,皮卡,Fiat,Ducato,2015,lwb,,,,PK-XXL-645,171: Fiat Ducato 2006-2026 lwb    PK-XL || 172: Fiat Ducato 2006-2026 lwb    PK-XXL-645
3334,2,MULTI,173/174,PK-L/PK-M,皮卡,Fiat,Ducato,2016,mwb,,,,PK-L,173: Fiat Ducato 2006-2026 mwb    PK-L || 174: Fiat Ducato 2006-2026 mwb    PK-M
3338,2,MULTI,173/174,PK-L/PK-M,皮卡,Fiat,Ducato,2016,mwb,,,,PK-M,173: Fiat Ducato 2006-2026 mwb    PK-L || 174: Fiat Ducato 2006-2026 mwb    PK-M
3345,2,MULTI,171/172,PK-XL/PK-XXL-645,皮卡,Fiat,Ducato,2016,lwb,,,,PK-XL,171: Fiat Ducato 2006-2026 lwb    PK-XL || 172: Fiat Ducato 2006-2026 lwb    PK-XXL-645
3349,2,MULTI,171/172,PK-XL/PK-XXL-645,皮卡,Fiat,Ducato,2016,lwb,,,,PK-XXL-645,171: Fiat Ducato 2006-2026 lwb    PK-XL || 172: Fiat Ducato 2006-2026 lwb    PK-XXL-645
3354,2,MULTI,173/174,PK-L/PK-M,皮卡,Fiat,Ducato,2017,mwb,,,,PK-L,173: Fiat Ducato 2006-2026 mwb    PK-L || 174: Fiat Ducato 2006-2026 mwb    PK-M
3358,2,MULTI,173/174,PK-L/PK-M,皮卡,Fiat,Ducato,2017,mwb,,,,PK-M,173: Fiat Ducato 2006-2026 mwb    PK-L || 174: Fiat Ducato 2006-2026 mwb    PK-M
3365,2,MULTI,171/172,PK-XL/PK-XXL-645,皮卡,Fiat,Ducato,2017,lwb,,,,PK-XL,171: Fiat Ducato 2006-2026 lwb    PK-XL || 172: Fiat Ducato 2006-2026 lwb    PK-XXL-645
3369,2,MULTI,171/172,PK-XL/PK-XXL-645,皮卡,Fiat,Ducato,2017,lwb,,,,PK-XXL-645,171: Fiat Ducato 2006-2026 lwb    PK-XL || 172: Fiat Ducato 2006-2026 lwb    PK-XXL-645
3374,2,MULTI,173/174,PK-L/PK-M,皮卡,Fiat,Ducato,2018,mwb,,,,PK-L,173: Fiat Ducato 2006-2026 mwb    PK-L || 174: Fiat Ducato 2006-2026 mwb    PK-M
3378,2,MULTI,173/174,PK-L/PK-M,皮卡,Fiat,Ducato,2018,mwb,,,,PK-M,173: Fiat Ducato 2006-2026 mwb    PK-L || 174: Fiat Ducato 2006-2026 mwb    PK-M
3385,2,MULTI,171/172,PK-XL/PK-XXL-645,皮卡,Fiat,Ducato,2018,lwb,,,,PK-XL,171: Fiat Ducato 2006-2026 lwb    PK-XL || 172: Fiat Ducato 2006-2026 lwb    PK-XXL-645
3389,2,MULTI,171/172,PK-XL/PK-XXL-645,皮卡,Fiat,Ducato,2018,lwb,,,,PK-XXL-645,171: Fiat Ducato 2006-2026 lwb    PK-XL || 172: Fiat Ducato 2006-2026 lwb    PK-XXL-645
3394,2,MULTI,173/174,PK-L/PK-M,皮卡,Fiat,Ducato,2019,mwb,,,,PK-L,173: Fiat Ducato 2006-2026 mwb    PK-L || 174: Fiat Ducato 2006-2026 mwb    PK-M
3399,2,MULTI,173/174,PK-L/PK-M,皮卡,Fiat,Ducato,2019,mwb,,,,PK-M,173: Fiat Ducato 2006-2026 mwb    PK-L || 174: Fiat Ducato 2006-2026 mwb    PK-M
3408,2,MULTI,171/172,PK-XL/PK-XXL-645,皮卡,Fiat,Ducato,2019,lwb,,,,PK-XL,171: Fiat Ducato 2006-2026 lwb    PK-XL || 172: Fiat Ducato 2006-2026 lwb    PK-XXL-645
3413,2,MULTI,171/172,PK-XL/PK-XXL-645,皮卡,Fiat,Ducato,2019,lwb,,,,PK-XXL-645,171: Fiat Ducato 2006-2026 lwb    PK-XL || 172: Fiat Ducato 2006-2026 lwb    PK-XXL-645
3419,2,MULTI,173/174,PK-L/PK-M,皮卡,Fiat,Ducato,2020,mwb,,,,PK-L,173: Fiat Ducato 2006-2026 mwb    PK-L || 174: Fiat Ducato 2006-2026 mwb    PK-M
3424,2,MULTI,173/174,PK-L/PK-M,皮卡,Fiat,Ducato,2020,mwb,,,,PK-M,173: Fiat Ducato 2006-2026 mwb    PK-L || 174: Fiat Ducato 2006-2026 mwb    PK-M
3433,2,MULTI,171/172,PK-XL/PK-XXL-645,皮卡,Fiat,Ducato,2020,lwb,,,,PK-XL,171: Fiat Ducato 2006-2026 lwb    PK-XL || 172: Fiat Ducato 2006-2026 lwb    PK-XXL-645
3438,2,MULTI,171/172,PK-XL/PK-XXL-645,皮卡,Fiat,Ducato,2020,lwb,,,,PK-XXL-645,171: Fiat Ducato 2006-2026 lwb    PK-XL || 172: Fiat Ducato 2006-2026 lwb    PK-XXL-645
3442,2,MULTI,167/199,PK-L/PK-XXL-680,皮卡,Fiat,Ducato,2021,,,,,PK-L,167: Fiat Ducato 2006-2026     PK-L || 199: Fiat Ducato 2021-2023     PK-XXL-680
3446,2,MULTI,173/174,PK-L/PK-M,皮卡,Fiat,Ducato,2021,mwb,,,,PK-L,173: Fiat Ducato 2006-2026 mwb    PK-L || 174: Fiat Ducato 2006-2026 mwb    PK-M
3451,2,MULTI,173/174,PK-L/PK-M,皮卡,Fiat,Ducato,2021,mwb,,,,PK-M,173: Fiat Ducato 2006-2026 mwb    PK-L || 174: Fiat Ducato 2006-2026 mwb    PK-M
3461,2,MULTI,171/172,PK-XL/PK-XXL-645,皮卡,Fiat,Ducato,2021,lwb,,,,PK-XL,171: Fiat Ducato 2006-2026 lwb    PK-XL || 172: Fiat Ducato 2006-2026 lwb    PK-XXL-645
3468,2,MULTI,171/172,PK-XL/PK-XXL-645,皮卡,Fiat,Ducato,2021,lwb,,,,PK-XXL-645,171: Fiat Ducato 2006-2026 lwb    PK-XL || 172: Fiat Ducato 2006-2026 lwb    PK-XXL-645
3473,2,MULTI,167/199,PK-L/PK-XXL-680,皮卡,Fiat,Ducato,2021,,,,,PK-XXL-680,167: Fiat Ducato 2006-2026     PK-L || 199: Fiat Ducato 2021-2023     PK-XXL-680
3474,2,MULTI,167/199,PK-L/PK-XXL-680,皮卡,Fiat,Ducato,2022,,,,,PK-L,167: Fiat Ducato 2006-2026     PK-L || 199: Fiat Ducato 2021-2023     PK-XXL-680
3478,2,MULTI,173/174,PK-L/PK-M,皮卡,Fiat,Ducato,2022,mwb,,,,PK-L,173: Fiat Ducato 2006-2026 mwb    PK-L || 174: Fiat Ducato 2006-2026 mwb    PK-M
3483,2,MULTI,173/174,PK-L/PK-M,皮卡,Fiat,Ducato,2022,mwb,,,,PK-M,173: Fiat Ducato 2006-2026 mwb    PK-L || 174: Fiat Ducato 2006-2026 mwb    PK-M
3493,2,MULTI,171/172,PK-XL/PK-XXL-645,皮卡,Fiat,Ducato,2022,lwb,,,,PK-XL,171: Fiat Ducato 2006-2026 lwb    PK-XL || 172: Fiat Ducato 2006-2026 lwb    PK-XXL-645
3500,2,MULTI,171/172,PK-XL/PK-XXL-645,皮卡,Fiat,Ducato,2022,lwb,,,,PK-XXL-645,171: Fiat Ducato 2006-2026 lwb    PK-XL || 172: Fiat Ducato 2006-2026 lwb    PK-XXL-645
3505,2,MULTI,167/199,PK-L/PK-XXL-680,皮卡,Fiat,Ducato,2022,,,,,PK-XXL-680,167: Fiat Ducato 2006-2026     PK-L || 199: Fiat Ducato 2021-2023     PK-XXL-680
3506,3,MULTI,167/199/206,PK-L/PK-XL/PK-XXL-680,皮卡,Fiat,Ducato,2023,,,,,PK-L,167: Fiat Ducato 2006-2026     PK-L || 199: Fiat Ducato 2021-2023     PK-XXL-680 || 206: Fiat Ducato 2023-2026     PK-XL
3510,2,MULTI,173/174,PK-L/PK-M,皮卡,Fiat,Ducato,2023,mwb,,,,PK-L,173: Fiat Ducato 2006-2026 mwb    PK-L || 174: Fiat Ducato 2006-2026 mwb    PK-M
3515,2,MULTI,173/174,PK-L/PK-M,皮卡,Fiat,Ducato,2023,mwb,,,,PK-M,173: Fiat Ducato 2006-2026 mwb    PK-L || 174: Fiat Ducato 2006-2026 mwb    PK-M
3523,3,MULTI,167/199/206,PK-L/PK-XL/PK-XXL-680,皮卡,Fiat,Ducato,2023,,,,,PK-XL,167: Fiat Ducato 2006-2026     PK-L || 199: Fiat Ducato 2021-2023     PK-XXL-680 || 206: Fiat Ducato 2023-2026     PK-XL
3526,2,MULTI,171/172,PK-XL/PK-XXL-645,皮卡,Fiat,Ducato,2023,lwb,,,,PK-XL,171: Fiat Ducato 2006-2026 lwb    PK-XL || 172: Fiat Ducato 2006-2026 lwb    PK-XXL-645
3533,2,MULTI,171/172,PK-XL/PK-XXL-645,皮卡,Fiat,Ducato,2023,lwb,,,,PK-XXL-645,171: Fiat Ducato 2006-2026 lwb    PK-XL || 172: Fiat Ducato 2006-2026 lwb    PK-XXL-645
3538,3,MULTI,167/199/206,PK-L/PK-XL/PK-XXL-680,皮卡,Fiat,Ducato,2023,,,,,PK-XXL-680,167: Fiat Ducato 2006-2026     PK-L || 199: Fiat Ducato 2021-2023     PK-XXL-680 || 206: Fiat Ducato 2023-2026     PK-XL
3539,2,MULTI,167/206,PK-L/PK-XL,皮卡,Fiat,Ducato,2024,,,,,PK-L,167: Fiat Ducato 2006-2026     PK-L || 206: Fiat Ducato 2023-2026     PK-XL
3542,2,MULTI,173/174,PK-L/PK-M,皮卡,Fiat,Ducato,2024,mwb,,,,PK-L,173: Fiat Ducato 2006-2026 mwb    PK-L || 174: Fiat Ducato 2006-2026 mwb    PK-M
3547,2,MULTI,173/174,PK-L/PK-M,皮卡,Fiat,Ducato,2024,mwb,,,,PK-M,173: Fiat Ducato 2006-2026 mwb    PK-L || 174: Fiat Ducato 2006-2026 mwb    PK-M
3555,2,MULTI,167/206,PK-L/PK-XL,皮卡,Fiat,Ducato,2024,,,,,PK-XL,167: Fiat Ducato 2006-2026     PK-L || 206: Fiat Ducato 2023-2026     PK-XL
3558,2,MULTI,171/172,PK-XL/PK-XXL-645,皮卡,Fiat,Ducato,2024,lwb,,,,PK-XL,171: Fiat Ducato 2006-2026 lwb    PK-XL || 172: Fiat Ducato 2006-2026 lwb    PK-XXL-645
3565,2,MULTI,171/172,PK-XL/PK-XXL-645,皮卡,Fiat,Ducato,2024,lwb,,,,PK-XXL-645,171: Fiat Ducato 2006-2026 lwb    PK-XL || 172: Fiat Ducato 2006-2026 lwb    PK-XXL-645
3569,2,MULTI,167/206,PK-L/PK-XL,皮卡,Fiat,Ducato,2025,,,,,PK-L,167: Fiat Ducato 2006-2026     PK-L || 206: Fiat Ducato 2023-2026     PK-XL
3572,2,MULTI,173/174,PK-L/PK-M,皮卡,Fiat,Ducato,2025,mwb,,,,PK-L,173: Fiat Ducato 2006-2026 mwb    PK-L || 174: Fiat Ducato 2006-2026 mwb    PK-M
3577,2,MULTI,173/174,PK-L/PK-M,皮卡,Fiat,Ducato,2025,mwb,,,,PK-M,173: Fiat Ducato 2006-2026 mwb    PK-L || 174: Fiat Ducato 2006-2026 mwb    PK-M
3585,2,MULTI,167/206,PK-L/PK-XL,皮卡,Fiat,Ducato,2025,,,,,PK-XL,167: Fiat Ducato 2006-2026     PK-L || 206: Fiat Ducato 2023-2026     PK-XL
3588,2,MULTI,171/172,PK-XL/PK-XXL-645,皮卡,Fiat,Ducato,2025,lwb,,,,PK-XL,171: Fiat Ducato 2006-2026 lwb    PK-XL || 172: Fiat Ducato 2006-2026 lwb    PK-XXL-645
3595,2,MULTI,171/172,PK-XL/PK-XXL-645,皮卡,Fiat,Ducato,2025,lwb,,,,PK-XXL-645,171: Fiat Ducato 2006-2026 lwb    PK-XL || 172: Fiat Ducato 2006-2026 lwb    PK-XXL-645
3599,2,MULTI,167/206,PK-L/PK-XL,皮卡,Fiat,Ducato,2026,,,,,PK-L,167: Fiat Ducato 2006-2026     PK-L || 206: Fiat Ducato 2023-2026     PK-XL
3602,2,MULTI,173/174,PK-L/PK-M,皮卡,Fiat,Ducato,2026,mwb,,,,PK-L,173: Fiat Ducato 2006-2026 mwb    PK-L || 174: Fiat Ducato 2006-2026 mwb    PK-M
3607,2,MULTI,173/174,PK-L/PK-M,皮卡,Fiat,Ducato,2026,mwb,,,,PK-M,173: Fiat Ducato 2006-2026 mwb    PK-L || 174: Fiat Ducato 2006-2026 mwb    PK-M
3615,2,MULTI,167/206,PK-L/PK-XL,皮卡,Fiat,Ducato,2026,,,,,PK-XL,167: Fiat Ducato 2006-2026     PK-L || 206: Fiat Ducato 2023-2026     PK-XL
3618,2,MULTI,171/172,PK-XL/PK-XXL-645,皮卡,Fiat,Ducato,2026,lwb,,,,PK-XL,171: Fiat Ducato 2006-2026 lwb    PK-XL || 172: Fiat Ducato 2006-2026 lwb    PK-XXL-645
3625,2,MULTI,171/172,PK-XL/PK-XXL-645,皮卡,Fiat,Ducato,2026,lwb,,,,PK-XXL-645,171: Fiat Ducato 2006-2026 lwb    PK-XL || 172: Fiat Ducato 2006-2026 lwb    PK-XXL-645
4461,2,MULTI,239/240,PK-S/无可用尺码,皮卡,Ford,Transit,1977,,,,,PK-S,239: Ford Transit 1971-1978     无可用尺码 || 240: Ford Transit 1977-1982     PK-S
4463,2,MULTI,239/240,PK-S/无可用尺码,皮卡,Ford,Transit,1977,,,,,无可用尺码,239: Ford Transit 1971-1978     无可用尺码 || 240: Ford Transit 1977-1982     PK-S
4466,2,MULTI,239/240,PK-S/无可用尺码,皮卡,Ford,Transit,1978,,,,,PK-S,239: Ford Transit 1971-1978     无可用尺码 || 240: Ford Transit 1977-1982     PK-S
4468,2,MULTI,239/240,PK-S/无可用尺码,皮卡,Ford,Transit,1978,,,,,无可用尺码,239: Ford Transit 1971-1978     无可用尺码 || 240: Ford Transit 1977-1982     PK-S
4504,2,MULTI,243/246,PK-M/PK-S,皮卡,Ford,Transit,1986,lwb,,,,PK-M,243: Ford Transit 1978-1986 lwb    PK-M || 246: Ford Transit 1986-1992 lwb    PK-S
4505,2,MULTI,245/247,PK-S/PK-XL,皮卡,Ford,Transit,1986,,,,,PK-S,245: Ford Transit 1985-1992     PK-S || 247: Ford Transit 1986-2000     PK-XL
4507,2,MULTI,243/246,PK-M/PK-S,皮卡,Ford,Transit,1986,lwb,,,,PK-S,243: Ford Transit 1978-1986 lwb    PK-M || 246: Ford Transit 1986-1992 lwb    PK-S
4508,2,MULTI,245/247,PK-S/PK-XL,皮卡,Ford,Transit,1986,,,,,PK-XL,245: Ford Transit 1985-1992     PK-S || 247: Ford Transit 1986-2000     PK-XL
4511,2,MULTI,245/247,PK-S/PK-XL,皮卡,Ford,Transit,1987,,,,,PK-S,245: Ford Transit 1985-1992     PK-S || 247: Ford Transit 1986-2000     PK-XL
4513,2,MULTI,245/247,PK-S/PK-XL,皮卡,Ford,Transit,1987,,,,,PK-XL,245: Ford Transit 1985-1992     PK-S || 247: Ford Transit 1986-2000     PK-XL
4516,2,MULTI,245/247,PK-S/PK-XL,皮卡,Ford,Transit,1988,,,,,PK-S,245: Ford Transit 1985-1992     PK-S || 247: Ford Transit 1986-2000     PK-XL
4519,2,MULTI,245/247,PK-S/PK-XL,皮卡,Ford,Transit,1988,,,,,PK-XL,245: Ford Transit 1985-1992     PK-S || 247: Ford Transit 1986-2000     PK-XL
4526,2,MULTI,245/247,PK-S/PK-XL,皮卡,Ford,Transit,1989,,,,,PK-S,245: Ford Transit 1985-1992     PK-S || 247: Ford Transit 1986-2000     PK-XL
4529,2,MULTI,245/247,PK-S/PK-XL,皮卡,Ford,Transit,1989,,,,,PK-XL,245: Ford Transit 1985-1992     PK-S || 247: Ford Transit 1986-2000     PK-XL
4536,2,MULTI,245/247,PK-S/PK-XL,皮卡,Ford,Transit,1990,,,,,PK-S,245: Ford Transit 1985-1992     PK-S || 247: Ford Transit 1986-2000     PK-XL
4539,2,MULTI,245/247,PK-S/PK-XL,皮卡,Ford,Transit,1990,,,,,PK-XL,245: Ford Transit 1985-1992     PK-S || 247: Ford Transit 1986-2000     PK-XL
4545,2,MULTI,246/255,PK-M/PK-S,皮卡,Ford,Transit,1991,lwb,,,,PK-M,246: Ford Transit 1986-1992 lwb    PK-S || 255: Ford Transit 1991-2000 lwb    PK-M
4549,2,MULTI,245/247,PK-S/PK-XL,皮卡,Ford,Transit,1991,,,,,PK-S,245: Ford Transit 1985-1992     PK-S || 247: Ford Transit 1986-2000     PK-XL
4550,2,MULTI,246/255,PK-M/PK-S,皮卡,Ford,Transit,1991,lwb,,,,PK-S,246: Ford Transit 1986-1992 lwb    PK-S || 255: Ford Transit 1991-2000 lwb    PK-M
4552,2,MULTI,245/247,PK-S/PK-XL,皮卡,Ford,Transit,1991,,,,,PK-XL,245: Ford Transit 1985-1992     PK-S || 247: Ford Transit 1986-2000     PK-XL
4562,2,MULTI,246/255,PK-M/PK-S,皮卡,Ford,Transit,1992,lwb,,,,PK-M,246: Ford Transit 1986-1992 lwb    PK-S || 255: Ford Transit 1991-2000 lwb    PK-M
4566,2,MULTI,245/247,PK-S/PK-XL,皮卡,Ford,Transit,1992,,,,,PK-S,245: Ford Transit 1985-1992     PK-S || 247: Ford Transit 1986-2000     PK-XL
4567,2,MULTI,246/255,PK-M/PK-S,皮卡,Ford,Transit,1992,lwb,,,,PK-S,246: Ford Transit 1986-1992 lwb    PK-S || 255: Ford Transit 1991-2000 lwb    PK-M
4569,2,MULTI,245/247,PK-S/PK-XL,皮卡,Ford,Transit,1992,,,,,PK-XL,245: Ford Transit 1985-1992     PK-S || 247: Ford Transit 1986-2000     PK-XL
4654,2,MULTI,263/264,PK-S/无可用尺码,皮卡,Ford,Transit,2000,swb,,,,PK-S,263: Ford Transit 1999-2000 swb    无可用尺码 || 264: Ford Transit 2000-2006 swb    PK-S
4658,2,MULTI,263/264,PK-S/无可用尺码,皮卡,Ford,Transit,2000,swb,,,,无可用尺码,263: Ford Transit 1999-2000 swb    无可用尺码 || 264: Ford Transit 2000-2006 swb    PK-S
4689,2,MULTI,266/280,PK-M/PK-XXL-645,皮卡,Ford,Transit,2007,,,,,PK-M,266: Ford Transit 2006-2014     PK-M || 280: Ford Transit 2007-2014     PK-XXL-645
4704,2,MULTI,266/280,PK-M/PK-XXL-645,皮卡,Ford,Transit,2007,,,,,PK-XXL-645,266: Ford Transit 2006-2014     PK-M || 280: Ford Transit 2007-2014     PK-XXL-645
4709,2,MULTI,266/280,PK-M/PK-XXL-645,皮卡,Ford,Transit,2008,,,,,PK-M,266: Ford Transit 2006-2014     PK-M || 280: Ford Transit 2007-2014     PK-XXL-645
4732,2,MULTI,266/280,PK-M/PK-XXL-645,皮卡,Ford,Transit,2008,,,,,PK-XXL-645,266: Ford Transit 2006-2014     PK-M || 280: Ford Transit 2007-2014     PK-XXL-645
4741,2,MULTI,266/280,PK-M/PK-XXL-645,皮卡,Ford,Transit,2009,,,,,PK-M,266: Ford Transit 2006-2014     PK-M || 280: Ford Transit 2007-2014     PK-XXL-645
4764,2,MULTI,266/280,PK-M/PK-XXL-645,皮卡,Ford,Transit,2009,,,,,PK-XXL-645,266: Ford Transit 2006-2014     PK-M || 280: Ford Transit 2007-2014     PK-XXL-645
4773,2,MULTI,266/280,PK-M/PK-XXL-645,皮卡,Ford,Transit,2010,,,,,PK-M,266: Ford Transit 2006-2014     PK-M || 280: Ford Transit 2007-2014     PK-XXL-645
4796,2,MULTI,266/280,PK-M/PK-XXL-645,皮卡,Ford,Transit,2010,,,,,PK-XXL-645,266: Ford Transit 2006-2014     PK-M || 280: Ford Transit 2007-2014     PK-XXL-645
4805,2,MULTI,266/280,PK-M/PK-XXL-645,皮卡,Ford,Transit,2011,,,,,PK-M,266: Ford Transit 2006-2014     PK-M || 280: Ford Transit 2007-2014     PK-XXL-645
4831,2,MULTI,266/280,PK-M/PK-XXL-645,皮卡,Ford,Transit,2011,,,,,PK-XXL-645,266: Ford Transit 2006-2014     PK-M || 280: Ford Transit 2007-2014     PK-XXL-645
4841,2,MULTI,266/280,PK-M/PK-XXL-645,皮卡,Ford,Transit,2012,,,,,PK-M,266: Ford Transit 2006-2014     PK-M || 280: Ford Transit 2007-2014     PK-XXL-645
4867,2,MULTI,266/280,PK-M/PK-XXL-645,皮卡,Ford,Transit,2012,,,,,PK-XXL-645,266: Ford Transit 2006-2014     PK-M || 280: Ford Transit 2007-2014     PK-XXL-645
4877,2,MULTI,266/280,PK-M/PK-XXL-645,皮卡,Ford,Transit,2013,,,,,PK-M,266: Ford Transit 2006-2014     PK-M || 280: Ford Transit 2007-2014     PK-XXL-645
4903,2,MULTI,266/280,PK-M/PK-XXL-645,皮卡,Ford,Transit,2013,,,,,PK-XXL-645,266: Ford Transit 2006-2014     PK-M || 280: Ford Transit 2007-2014     PK-XXL-645
4913,2,MULTI,266/280,PK-M/PK-XXL-645,皮卡,Ford,Transit,2014,,,,,PK-M,266: Ford Transit 2006-2014     PK-M || 280: Ford Transit 2007-2014     PK-XXL-645
4939,2,MULTI,266/280,PK-M/PK-XXL-645,皮卡,Ford,Transit,2014,,,,,PK-XXL-645,266: Ford Transit 2006-2014     PK-M || 280: Ford Transit 2007-2014     PK-XXL-645
5009,2,MULTI,312/322,PK-L/PK-M,皮卡,Ford,Transit v363,2016,l2,,,,PK-L,312: Ford Transit v363 2013-2018 l2    PK-L || 322: Ford Transit v363 2016-2026 l2    PK-M
5010,2,MULTI,313/323,PK-L/PK-M,皮卡,Ford,Transit v363,2016,l2 drw,,,,PK-L,313: Ford Transit v363 2013-2018 l2 drw    PK-L || 323: Ford Transit v363 2016-2026 l2 drw    PK-M
5011,2,MULTI,314/324,PK-L/PK-M,皮卡,Ford,Transit v363,2016,l2 srw,,,,PK-L,314: Ford Transit v363 2013-2018 l2 srw    PK-L || 324: Ford Transit v363 2016-2026 l2 srw    PK-M
5015,2,MULTI,311/321,PK-M/PK-S,皮卡,Ford,Transit v363,2016,l1 srw,,,,PK-M,311: Ford Transit v363 2013-2018 l1 srw    PK-M || 321: Ford Transit v363 2016-2026 l1 srw    PK-S
5016,2,MULTI,312/322,PK-L/PK-M,皮卡,Ford,Transit v363,2016,l2,,,,PK-M,312: Ford Transit v363 2013-2018 l2    PK-L || 322: Ford Transit v363 2016-2026 l2    PK-M
5017,2,MULTI,313/323,PK-L/PK-M,皮卡,Ford,Transit v363,2016,l2 drw,,,,PK-M,313: Ford Transit v363 2013-2018 l2 drw    PK-L || 323: Ford Transit v363 2016-2026 l2 drw    PK-M
5018,2,MULTI,314/324,PK-L/PK-M,皮卡,Ford,Transit v363,2016,l2 srw,,,,PK-M,314: Ford Transit v363 2013-2018 l2 srw    PK-L || 324: Ford Transit v363 2016-2026 l2 srw    PK-M
5020,2,MULTI,311/321,PK-M/PK-S,皮卡,Ford,Transit v363,2016,l1 srw,,,,PK-S,311: Ford Transit v363 2013-2018 l1 srw    PK-M || 321: Ford Transit v363 2016-2026 l1 srw    PK-S
5024,2,MULTI,315/325,PK-XL/PK-XXL-645,皮卡,Ford,Transit v363,2016,l3,,,,PK-XL,315: Ford Transit v363 2013-2018 l3    PK-XXL-645 || 325: Ford Transit v363 2016-2026 l3    PK-XL
5025,2,MULTI,316/326,PK-XL/PK-XXL-645,皮卡,Ford,Transit v363,2016,l3 drw,,,,PK-XL,316: Ford Transit v363 2013-2018 l3 drw    PK-XXL-645 || 326: Ford Transit v363 2016-2026 l3 drw    PK-XL
5026,2,MULTI,317/327,PK-XL/PK-XXL-645,皮卡,Ford,Transit v363,2016,l3 srw,,,,PK-XL,317: Ford Transit v363 2013-2018 l3 srw    PK-XXL-645 || 327: Ford Transit v363 2016-2026 l3 srw    PK-XL
5027,2,MULTI,315/325,PK-XL/PK-XXL-645,皮卡,Ford,Transit v363,2016,l3,,,,PK-XXL-645,315: Ford Transit v363 2013-2018 l3    PK-XXL-645 || 325: Ford Transit v363 2016-2026 l3    PK-XL
5028,2,MULTI,316/326,PK-XL/PK-XXL-645,皮卡,Ford,Transit v363,2016,l3 drw,,,,PK-XXL-645,316: Ford Transit v363 2013-2018 l3 drw    PK-XXL-645 || 326: Ford Transit v363 2016-2026 l3 drw    PK-XL
5029,2,MULTI,317/327,PK-XL/PK-XXL-645,皮卡,Ford,Transit v363,2016,l3 srw,,,,PK-XXL-645,317: Ford Transit v363 2013-2018 l3 srw    PK-XXL-645 || 327: Ford Transit v363 2016-2026 l3 srw    PK-XL
5037,2,MULTI,312/322,PK-L/PK-M,皮卡,Ford,Transit v363,2017,l2,,,,PK-L,312: Ford Transit v363 2013-2018 l2    PK-L || 322: Ford Transit v363 2016-2026 l2    PK-M
5038,2,MULTI,313/323,PK-L/PK-M,皮卡,Ford,Transit v363,2017,l2 drw,,,,PK-L,313: Ford Transit v363 2013-2018 l2 drw    PK-L || 323: Ford Transit v363 2016-2026 l2 drw    PK-M
5039,2,MULTI,314/324,PK-L/PK-M,皮卡,Ford,Transit v363,2017,l2 srw,,,,PK-L,314: Ford Transit v363 2013-2018 l2 srw    PK-L || 324: Ford Transit v363 2016-2026 l2 srw    PK-M
5043,2,MULTI,311/321,PK-M/PK-S,皮卡,Ford,Transit v363,2017,l1 srw,,,,PK-M,311: Ford Transit v363 2013-2018 l1 srw    PK-M || 321: Ford Transit v363 2016-2026 l1 srw    PK-S
5044,2,MULTI,312/322,PK-L/PK-M,皮卡,Ford,Transit v363,2017,l2,,,,PK-M,312: Ford Transit v363 2013-2018 l2    PK-L || 322: Ford Transit v363 2016-2026 l2    PK-M
5045,2,MULTI,313/323,PK-L/PK-M,皮卡,Ford,Transit v363,2017,l2 drw,,,,PK-M,313: Ford Transit v363 2013-2018 l2 drw    PK-L || 323: Ford Transit v363 2016-2026 l2 drw    PK-M
5046,2,MULTI,314/324,PK-L/PK-M,皮卡,Ford,Transit v363,2017,l2 srw,,,,PK-M,314: Ford Transit v363 2013-2018 l2 srw    PK-L || 324: Ford Transit v363 2016-2026 l2 srw    PK-M
5049,2,MULTI,311/321,PK-M/PK-S,皮卡,Ford,Transit v363,2017,l1 srw,,,,PK-S,311: Ford Transit v363 2013-2018 l1 srw    PK-M || 321: Ford Transit v363 2016-2026 l1 srw    PK-S
5053,2,MULTI,315/325,PK-XL/PK-XXL-645,皮卡,Ford,Transit v363,2017,l3,,,,PK-XL,315: Ford Transit v363 2013-2018 l3    PK-XXL-645 || 325: Ford Transit v363 2016-2026 l3    PK-XL
5054,2,MULTI,316/326,PK-XL/PK-XXL-645,皮卡,Ford,Transit v363,2017,l3 drw,,,,PK-XL,316: Ford Transit v363 2013-2018 l3 drw    PK-XXL-645 || 326: Ford Transit v363 2016-2026 l3 drw    PK-XL
5055,2,MULTI,317/327,PK-XL/PK-XXL-645,皮卡,Ford,Transit v363,2017,l3 srw,,,,PK-XL,317: Ford Transit v363 2013-2018 l3 srw    PK-XXL-645 || 327: Ford Transit v363 2016-2026 l3 srw    PK-XL
5057,2,MULTI,315/325,PK-XL/PK-XXL-645,皮卡,Ford,Transit v363,2017,l3,,,,PK-XXL-645,315: Ford Transit v363 2013-2018 l3    PK-XXL-645 || 325: Ford Transit v363 2016-2026 l3    PK-XL
5058,2,MULTI,316/326,PK-XL/PK-XXL-645,皮卡,Ford,Transit v363,2017,l3 drw,,,,PK-XXL-645,316: Ford Transit v363 2013-2018 l3 drw    PK-XXL-645 || 326: Ford Transit v363 2016-2026 l3 drw    PK-XL
5059,2,MULTI,317/327,PK-XL/PK-XXL-645,皮卡,Ford,Transit v363,2017,l3 srw,,,,PK-XXL-645,317: Ford Transit v363 2013-2018 l3 srw    PK-XXL-645 || 327: Ford Transit v363 2016-2026 l3 srw    PK-XL
5067,2,MULTI,312/322,PK-L/PK-M,皮卡,Ford,Transit v363,2018,l2,,,,PK-L,312: Ford Transit v363 2013-2018 l2    PK-L || 322: Ford Transit v363 2016-2026 l2    PK-M
5068,2,MULTI,313/323,PK-L/PK-M,皮卡,Ford,Transit v363,2018,l2 drw,,,,PK-L,313: Ford Transit v363 2013-2018 l2 drw    PK-L || 323: Ford Transit v363 2016-2026 l2 drw    PK-M
5069,2,MULTI,314/324,PK-L/PK-M,皮卡,Ford,Transit v363,2018,l2 srw,,,,PK-L,314: Ford Transit v363 2013-2018 l2 srw    PK-L || 324: Ford Transit v363 2016-2026 l2 srw    PK-M
5073,2,MULTI,311/321,PK-M/PK-S,皮卡,Ford,Transit v363,2018,l1 srw,,,,PK-M,311: Ford Transit v363 2013-2018 l1 srw    PK-M || 321: Ford Transit v363 2016-2026 l1 srw    PK-S
5074,2,MULTI,312/322,PK-L/PK-M,皮卡,Ford,Transit v363,2018,l2,,,,PK-M,312: Ford Transit v363 2013-2018 l2    PK-L || 322: Ford Transit v363 2016-2026 l2    PK-M
5075,2,MULTI,313/323,PK-L/PK-M,皮卡,Ford,Transit v363,2018,l2 drw,,,,PK-M,313: Ford Transit v363 2013-2018 l2 drw    PK-L || 323: Ford Transit v363 2016-2026 l2 drw    PK-M
5076,2,MULTI,314/324,PK-L/PK-M,皮卡,Ford,Transit v363,2018,l2 srw,,,,PK-M,314: Ford Transit v363 2013-2018 l2 srw    PK-L || 324: Ford Transit v363 2016-2026 l2 srw    PK-M
5079,2,MULTI,311/321,PK-M/PK-S,皮卡,Ford,Transit v363,2018,l1 srw,,,,PK-S,311: Ford Transit v363 2013-2018 l1 srw    PK-M || 321: Ford Transit v363 2016-2026 l1 srw    PK-S
5083,2,MULTI,315/325,PK-XL/PK-XXL-645,皮卡,Ford,Transit v363,2018,l3,,,,PK-XL,315: Ford Transit v363 2013-2018 l3    PK-XXL-645 || 325: Ford Transit v363 2016-2026 l3    PK-XL
5084,2,MULTI,316/326,PK-XL/PK-XXL-645,皮卡,Ford,Transit v363,2018,l3 drw,,,,PK-XL,316: Ford Transit v363 2013-2018 l3 drw    PK-XXL-645 || 326: Ford Transit v363 2016-2026 l3 drw    PK-XL
5085,2,MULTI,317/327,PK-XL/PK-XXL-645,皮卡,Ford,Transit v363,2018,l3 srw,,,,PK-XL,317: Ford Transit v363 2013-2018 l3 srw    PK-XXL-645 || 327: Ford Transit v363 2016-2026 l3 srw    PK-XL
5087,2,MULTI,315/325,PK-XL/PK-XXL-645,皮卡,Ford,Transit v363,2018,l3,,,,PK-XXL-645,315: Ford Transit v363 2013-2018 l3    PK-XXL-645 || 325: Ford Transit v363 2016-2026 l3    PK-XL
5088,2,MULTI,316/326,PK-XL/PK-XXL-645,皮卡,Ford,Transit v363,2018,l3 drw,,,,PK-XXL-645,316: Ford Transit v363 2013-2018 l3 drw    PK-XXL-645 || 326: Ford Transit v363 2016-2026 l3 drw    PK-XL
5089,2,MULTI,317/327,PK-XL/PK-XXL-645,皮卡,Ford,Transit v363,2018,l3 srw,,,,PK-XXL-645,317: Ford Transit v363 2013-2018 l3 srw    PK-XXL-645 || 327: Ford Transit v363 2016-2026 l3 srw    PK-XL
5188,2,MULTI,325/368,PK-XL/PK-XXL-645,皮卡,Ford,Transit v363,2022,l3,,,,PK-XL,325: Ford Transit v363 2016-2026 l3    PK-XL || 368: Ford Transit v363 2022-2026 l3    PK-XXL-645
5194,2,MULTI,325/368,PK-XL/PK-XXL-645,皮卡,Ford,Transit v363,2022,l3,,,,PK-XXL-645,325: Ford Transit v363 2016-2026 l3    PK-XL || 368: Ford Transit v363 2022-2026 l3    PK-XXL-645
5258,2,MULTI,325/368,PK-XL/PK-XXL-645,皮卡,Ford,Transit v363,2023,l3,,,,PK-XL,325: Ford Transit v363 2016-2026 l3    PK-XL || 368: Ford Transit v363 2022-2026 l3    PK-XXL-645
5265,2,MULTI,325/368,PK-XL/PK-XXL-645,皮卡,Ford,Transit v363,2023,l3,,,,PK-XXL-645,325: Ford Transit v363 2016-2026 l3    PK-XL || 368: Ford Transit v363 2022-2026 l3    PK-XXL-645
5334,2,MULTI,325/368,PK-XL/PK-XXL-645,皮卡,Ford,Transit v363,2024,l3,,,,PK-XL,325: Ford Transit v363 2016-2026 l3    PK-XL || 368: Ford Transit v363 2022-2026 l3    PK-XXL-645
5341,2,MULTI,325/368,PK-XL/PK-XXL-645,皮卡,Ford,Transit v363,2024,l3,,,,PK-XXL-645,325: Ford Transit v363 2016-2026 l3    PK-XL || 368: Ford Transit v363 2022-2026 l3    PK-XXL-645
5410,2,MULTI,325/368,PK-XL/PK-XXL-645,皮卡,Ford,Transit v363,2025,l3,,,,PK-XL,325: Ford Transit v363 2016-2026 l3    PK-XL || 368: Ford Transit v363 2022-2026 l3    PK-XXL-645
5417,2,MULTI,325/368,PK-XL/PK-XXL-645,皮卡,Ford,Transit v363,2025,l3,,,,PK-XXL-645,325: Ford Transit v363 2016-2026 l3    PK-XL || 368: Ford Transit v363 2022-2026 l3    PK-XXL-645
5486,2,MULTI,325/368,PK-XL/PK-XXL-645,皮卡,Ford,Transit v363,2026,l3,,,,PK-XL,325: Ford Transit v363 2016-2026 l3    PK-XL || 368: Ford Transit v363 2022-2026 l3    PK-XXL-645
5493,2,MULTI,325/368,PK-XL/PK-XXL-645,皮卡,Ford,Transit v363,2026,l3,,,,PK-XXL-645,325: Ford Transit v363 2016-2026 l3    PK-XL || 368: Ford Transit v363 2022-2026 l3    PK-XXL-645
5691,2,MULTI,217/232,PK-M/PK-XL,皮卡,Ford USA,F-150,2023,,,,,PK-M,217: Ford USA F-150 2009-2026     PK-M || 232: Ford USA F-150 2023-2026     PK-XL
5696,2,MULTI,217/232,PK-M/PK-XL,皮卡,Ford USA,F-150,2023,,,,,PK-XL,217: Ford USA F-150 2009-2026     PK-M || 232: Ford USA F-150 2023-2026     PK-XL
5707,2,MULTI,217/232,PK-M/PK-XL,皮卡,Ford USA,F-150,2024,,,,,PK-M,217: Ford USA F-150 2009-2026     PK-M || 232: Ford USA F-150 2023-2026     PK-XL
5712,2,MULTI,217/232,PK-M/PK-XL,皮卡,Ford USA,F-150,2024,,,,,PK-XL,217: Ford USA F-150 2009-2026     PK-M || 232: Ford USA F-150 2023-2026     PK-XL
5723,2,MULTI,217/232,PK-M/PK-XL,皮卡,Ford USA,F-150,2025,,,,,PK-M,217: Ford USA F-150 2009-2026     PK-M || 232: Ford USA F-150 2023-2026     PK-XL
5728,2,MULTI,217/232,PK-M/PK-XL,皮卡,Ford USA,F-150,2025,,,,,PK-XL,217: Ford USA F-150 2009-2026     PK-M || 232: Ford USA F-150 2023-2026     PK-XL
5739,2,MULTI,217/232,PK-M/PK-XL,皮卡,Ford USA,F-150,2026,,,,,PK-M,217: Ford USA F-150 2009-2026     PK-M || 232: Ford USA F-150 2023-2026     PK-XL
5744,2,MULTI,217/232,PK-M/PK-XL,皮卡,Ford USA,F-150,2026,,,,,PK-XL,217: Ford USA F-150 2009-2026     PK-M || 232: Ford USA F-150 2023-2026     PK-XL
6045,2,MULTI,419/420,PK-M/无可用尺码,皮卡,Hyundai,H-1,2002,,,,,PK-M,419: Hyundai H-1 2000-2006     PK-M || 420: Hyundai H-1 2002-2005     无可用尺码
6046,2,MULTI,419/420,PK-M/无可用尺码,皮卡,Hyundai,H-1,2002,,,,,无可用尺码,419: Hyundai H-1 2000-2006     PK-M || 420: Hyundai H-1 2002-2005     无可用尺码
6047,2,MULTI,419/420,PK-M/无可用尺码,皮卡,Hyundai,H-1,2003,,,,,PK-M,419: Hyundai H-1 2000-2006     PK-M || 420: Hyundai H-1 2002-2005     无可用尺码
6048,2,MULTI,419/420,PK-M/无可用尺码,皮卡,Hyundai,H-1,2003,,,,,无可用尺码,419: Hyundai H-1 2000-2006     PK-M || 420: Hyundai H-1 2002-2005     无可用尺码
6049,2,MULTI,419/420,PK-M/无可用尺码,皮卡,Hyundai,H-1,2004,,,,,PK-M,419: Hyundai H-1 2000-2006     PK-M || 420: Hyundai H-1 2002-2005     无可用尺码
6050,2,MULTI,419/420,PK-M/无可用尺码,皮卡,Hyundai,H-1,2004,,,,,无可用尺码,419: Hyundai H-1 2000-2006     PK-M || 420: Hyundai H-1 2002-2005     无可用尺码
6051,2,MULTI,419/420,PK-M/无可用尺码,皮卡,Hyundai,H-1,2005,,,,,PK-M,419: Hyundai H-1 2000-2006     PK-M || 420: Hyundai H-1 2002-2005     无可用尺码
6052,2,MULTI,419/420,PK-M/无可用尺码,皮卡,Hyundai,H-1,2005,,,,,无可用尺码,419: Hyundai H-1 2000-2006     PK-M || 420: Hyundai H-1 2002-2005     无可用尺码
6528,2,MULTI,433/441,PK-M/PK-S,皮卡,Isuzu,D-Max iii,2025,,,,,PK-M,433: Isuzu D-Max iii 2019-2026     PK-M || 441: Isuzu D-Max iii 2025-2026     PK-S
6531,2,MULTI,433/441,PK-M/PK-S,皮卡,Isuzu,D-Max iii,2025,,,,,PK-S,433: Isuzu D-Max iii 2019-2026     PK-M || 441: Isuzu D-Max iii 2025-2026     PK-S
6537,2,MULTI,433/441,PK-M/PK-S,皮卡,Isuzu,D-Max iii,2026,,,,,PK-M,433: Isuzu D-Max iii 2019-2026     PK-M || 441: Isuzu D-Max iii 2025-2026     PK-S
6540,2,MULTI,433/441,PK-M/PK-S,皮卡,Isuzu,D-Max iii,2026,,,,,PK-S,433: Isuzu D-Max iii 2019-2026     PK-M || 441: Isuzu D-Max iii 2025-2026     PK-S
6642,2,MULTI,453/465,PK-S/无可用尺码,皮卡,Iveco,Daily ii,1990,wb2800 chassis facelift,,,,PK-S,453: Iveco Daily ii 1989-1998 wb2800 chassis facelift    PK-S || 465: Iveco Daily ii 1990-1997 wb2800 chassis facelift    无可用尺码
6643,2,MULTI,454/466,PK-S/无可用尺码,皮卡,Iveco,Daily ii,1990,wb2800 chassis prefl,,,,PK-S,454: Iveco Daily ii 1989-1998 wb2800 chassis prefl    PK-S || 466: Iveco Daily ii 1990-1997 wb2800 chassis prefl    无可用尺码
6650,2,MULTI,453/465,PK-S/无可用尺码,皮卡,Iveco,Daily ii,1990,wb2800 chassis facelift,,,,无可用尺码,453: Iveco Daily ii 1989-1998 wb2800 chassis facelift    PK-S || 465: Iveco Daily ii 1990-1997 wb2800 chassis facelift    无可用尺码
6651,2,MULTI,454/466,PK-S/无可用尺码,皮卡,Iveco,Daily ii,1990,wb2800 chassis prefl,,,,无可用尺码,454: Iveco Daily ii 1989-1998 wb2800 chassis prefl    PK-S || 466: Iveco Daily ii 1990-1997 wb2800 chassis prefl    无可用尺码
6661,2,MULTI,453/465,PK-S/无可用尺码,皮卡,Iveco,Daily ii,1991,wb2800 chassis facelift,,,,PK-S,453: Iveco Daily ii 1989-1998 wb2800 chassis facelift    PK-S || 465: Iveco Daily ii 1990-1997 wb2800 chassis facelift    无可用尺码
6662,2,MULTI,454/466,PK-S/无可用尺码,皮卡,Iveco,Daily ii,1991,wb2800 chassis prefl,,,,PK-S,454: Iveco Daily ii 1989-1998 wb2800 chassis prefl    PK-S || 466: Iveco Daily ii 1990-1997 wb2800 chassis prefl    无可用尺码
6670,2,MULTI,453/465,PK-S/无可用尺码,皮卡,Iveco,Daily ii,1991,wb2800 chassis facelift,,,,无可用尺码,453: Iveco Daily ii 1989-1998 wb2800 chassis facelift    PK-S || 465: Iveco Daily ii 1990-1997 wb2800 chassis facelift    无可用尺码
6671,2,MULTI,454/466,PK-S/无可用尺码,皮卡,Iveco,Daily ii,1991,wb2800 chassis prefl,,,,无可用尺码,454: Iveco Daily ii 1989-1998 wb2800 chassis prefl    PK-S || 466: Iveco Daily ii 1990-1997 wb2800 chassis prefl    无可用尺码
6681,2,MULTI,453/465,PK-S/无可用尺码,皮卡,Iveco,Daily ii,1992,wb2800 chassis facelift,,,,PK-S,453: Iveco Daily ii 1989-1998 wb2800 chassis facelift    PK-S || 465: Iveco Daily ii 1990-1997 wb2800 chassis facelift    无可用尺码
6682,2,MULTI,454/466,PK-S/无可用尺码,皮卡,Iveco,Daily ii,1992,wb2800 chassis prefl,,,,PK-S,454: Iveco Daily ii 1989-1998 wb2800 chassis prefl    PK-S || 466: Iveco Daily ii 1990-1997 wb2800 chassis prefl    无可用尺码
6690,2,MULTI,453/465,PK-S/无可用尺码,皮卡,Iveco,Daily ii,1992,wb2800 chassis facelift,,,,无可用尺码,453: Iveco Daily ii 1989-1998 wb2800 chassis facelift    PK-S || 465: Iveco Daily ii 1990-1997 wb2800 chassis facelift    无可用尺码
6691,2,MULTI,454/466,PK-S/无可用尺码,皮卡,Iveco,Daily ii,1992,wb2800 chassis prefl,,,,无可用尺码,454: Iveco Daily ii 1989-1998 wb2800 chassis prefl    PK-S || 466: Iveco Daily ii 1990-1997 wb2800 chassis prefl    无可用尺码
6701,2,MULTI,453/465,PK-S/无可用尺码,皮卡,Iveco,Daily ii,1993,wb2800 chassis facelift,,,,PK-S,453: Iveco Daily ii 1989-1998 wb2800 chassis facelift    PK-S || 465: Iveco Daily ii 1990-1997 wb2800 chassis facelift    无可用尺码
6702,2,MULTI,454/466,PK-S/无可用尺码,皮卡,Iveco,Daily ii,1993,wb2800 chassis prefl,,,,PK-S,454: Iveco Daily ii 1989-1998 wb2800 chassis prefl    PK-S || 466: Iveco Daily ii 1990-1997 wb2800 chassis prefl    无可用尺码
6710,2,MULTI,453/465,PK-S/无可用尺码,皮卡,Iveco,Daily ii,1993,wb2800 chassis facelift,,,,无可用尺码,453: Iveco Daily ii 1989-1998 wb2800 chassis facelift    PK-S || 465: Iveco Daily ii 1990-1997 wb2800 chassis facelift    无可用尺码
6711,2,MULTI,454/466,PK-S/无可用尺码,皮卡,Iveco,Daily ii,1993,wb2800 chassis prefl,,,,无可用尺码,454: Iveco Daily ii 1989-1998 wb2800 chassis prefl    PK-S || 466: Iveco Daily ii 1990-1997 wb2800 chassis prefl    无可用尺码
6721,2,MULTI,453/465,PK-S/无可用尺码,皮卡,Iveco,Daily ii,1994,wb2800 chassis facelift,,,,PK-S,453: Iveco Daily ii 1989-1998 wb2800 chassis facelift    PK-S || 465: Iveco Daily ii 1990-1997 wb2800 chassis facelift    无可用尺码
6722,2,MULTI,454/466,PK-S/无可用尺码,皮卡,Iveco,Daily ii,1994,wb2800 chassis prefl,,,,PK-S,454: Iveco Daily ii 1989-1998 wb2800 chassis prefl    PK-S || 466: Iveco Daily ii 1990-1997 wb2800 chassis prefl    无可用尺码
6730,2,MULTI,453/465,PK-S/无可用尺码,皮卡,Iveco,Daily ii,1994,wb2800 chassis facelift,,,,无可用尺码,453: Iveco Daily ii 1989-1998 wb2800 chassis facelift    PK-S || 465: Iveco Daily ii 1990-1997 wb2800 chassis facelift    无可用尺码
6731,2,MULTI,454/466,PK-S/无可用尺码,皮卡,Iveco,Daily ii,1994,wb2800 chassis prefl,,,,无可用尺码,454: Iveco Daily ii 1989-1998 wb2800 chassis prefl    PK-S || 466: Iveco Daily ii 1990-1997 wb2800 chassis prefl    无可用尺码
6741,2,MULTI,453/465,PK-S/无可用尺码,皮卡,Iveco,Daily ii,1995,wb2800 chassis facelift,,,,PK-S,453: Iveco Daily ii 1989-1998 wb2800 chassis facelift    PK-S || 465: Iveco Daily ii 1990-1997 wb2800 chassis facelift    无可用尺码
6742,2,MULTI,454/466,PK-S/无可用尺码,皮卡,Iveco,Daily ii,1995,wb2800 chassis prefl,,,,PK-S,454: Iveco Daily ii 1989-1998 wb2800 chassis prefl    PK-S || 466: Iveco Daily ii 1990-1997 wb2800 chassis prefl    无可用尺码
6750,2,MULTI,453/465,PK-S/无可用尺码,皮卡,Iveco,Daily ii,1995,wb2800 chassis facelift,,,,无可用尺码,453: Iveco Daily ii 1989-1998 wb2800 chassis facelift    PK-S || 465: Iveco Daily ii 1990-1997 wb2800 chassis facelift    无可用尺码
6751,2,MULTI,454/466,PK-S/无可用尺码,皮卡,Iveco,Daily ii,1995,wb2800 chassis prefl,,,,无可用尺码,454: Iveco Daily ii 1989-1998 wb2800 chassis prefl    PK-S || 466: Iveco Daily ii 1990-1997 wb2800 chassis prefl    无可用尺码
6754,3,MULTI,469/470/471,PK-L/PK-M/PK-XXL-645,皮卡,Iveco,Daily ii,1996,,,,,PK-L,469: Iveco Daily ii 1991-1996     PK-XXL-645 || 470: Iveco Daily ii 1996-1998     PK-L || 471: Iveco Daily ii 1996-1999     PK-M
6759,3,MULTI,469/470/471,PK-L/PK-M/PK-XXL-645,皮卡,Iveco,Daily ii,1996,,,,,PK-M,469: Iveco Daily ii 1991-1996     PK-XXL-645 || 470: Iveco Daily ii 1996-1998     PK-L || 471: Iveco Daily ii 1996-1999     PK-M
6763,2,MULTI,453/465,PK-S/无可用尺码,皮卡,Iveco,Daily ii,1996,wb2800 chassis facelift,,,,PK-S,453: Iveco Daily ii 1989-1998 wb2800 chassis facelift    PK-S || 465: Iveco Daily ii 1990-1997 wb2800 chassis facelift    无可用尺码
6764,2,MULTI,454/466,PK-S/无可用尺码,皮卡,Iveco,Daily ii,1996,wb2800 chassis prefl,,,,PK-S,454: Iveco Daily ii 1989-1998 wb2800 chassis prefl    PK-S || 466: Iveco Daily ii 1990-1997 wb2800 chassis prefl    无可用尺码
6766,3,MULTI,469/470/471,PK-L/PK-M/PK-XXL-645,皮卡,Iveco,Daily ii,1996,,,,,PK-XXL-645,469: Iveco Daily ii 1991-1996     PK-XXL-645 || 470: Iveco Daily ii 1996-1998     PK-L || 471: Iveco Daily ii 1996-1999     PK-M
6767,2,MULTI,451/472,PK-XXL-645/无可用尺码,皮卡,Iveco,Daily ii,1996,wb3600 chassis,,,,PK-XXL-645,451: Iveco Daily ii 1989-1996 wb3600 chassis    PK-XXL-645 || 472: Iveco Daily ii 1996-1999 wb3600 chassis    无可用尺码
6772,2,MULTI,453/465,PK-S/无可用尺码,皮卡,Iveco,Daily ii,1996,wb2800 chassis facelift,,,,无可用尺码,453: Iveco Daily ii 1989-1998 wb2800 chassis facelift    PK-S || 465: Iveco Daily ii 1990-1997 wb2800 chassis facelift    无可用尺码
6773,2,MULTI,454/466,PK-S/无可用尺码,皮卡,Iveco,Daily ii,1996,wb2800 chassis prefl,,,,无可用尺码,454: Iveco Daily ii 1989-1998 wb2800 chassis prefl    PK-S || 466: Iveco Daily ii 1990-1997 wb2800 chassis prefl    无可用尺码
6774,2,MULTI,451/472,PK-XXL-645/无可用尺码,皮卡,Iveco,Daily ii,1996,wb3600 chassis,,,,无可用尺码,451: Iveco Daily ii 1989-1996 wb3600 chassis    PK-XXL-645 || 472: Iveco Daily ii 1996-1999 wb3600 chassis    无可用尺码
6777,2,MULTI,470/471,PK-L/PK-M,皮卡,Iveco,Daily ii,1997,,,,,PK-L,470: Iveco Daily ii 1996-1998     PK-L || 471: Iveco Daily ii 1996-1999     PK-M
6779,2,MULTI,470/471,PK-L/PK-M,皮卡,Iveco,Daily ii,1997,,,,,PK-M,470: Iveco Daily ii 1996-1998     PK-L || 471: Iveco Daily ii 1996-1999     PK-M
6783,2,MULTI,458/473,PK-S/无可用尺码,皮卡,Iveco,Daily ii,1997,wb2800 chassis,,,,PK-S,458: Iveco Daily ii 1989-1999 wb2800 chassis    PK-S || 473: Iveco Daily ii 1997-1999 wb2800 chassis    无可用尺码
6784,2,MULTI,453/465,PK-S/无可用尺码,皮卡,Iveco,Daily ii,1997,wb2800 chassis facelift,,,,PK-S,453: Iveco Daily ii 1989-1998 wb2800 chassis facelift    PK-S || 465: Iveco Daily ii 1990-1997 wb2800 chassis facelift    无可用尺码
6785,2,MULTI,454/466,PK-S/无可用尺码,皮卡,Iveco,Daily ii,1997,wb2800 chassis prefl,,,,PK-S,454: Iveco Daily ii 1989-1998 wb2800 chassis prefl    PK-S || 466: Iveco Daily ii 1990-1997 wb2800 chassis prefl    无可用尺码
6788,2,MULTI,458/473,PK-S/无可用尺码,皮卡,Iveco,Daily ii,1997,wb2800 chassis,,,,无可用尺码,458: Iveco Daily ii 1989-1999 wb2800 chassis    PK-S || 473: Iveco Daily ii 1997-1999 wb2800 chassis    无可用尺码
6789,2,MULTI,453/465,PK-S/无可用尺码,皮卡,Iveco,Daily ii,1997,wb2800 chassis facelift,,,,无可用尺码,453: Iveco Daily ii 1989-1998 wb2800 chassis facelift    PK-S || 465: Iveco Daily ii 1990-1997 wb2800 chassis facelift    无可用尺码
6790,2,MULTI,454/466,PK-S/无可用尺码,皮卡,Iveco,Daily ii,1997,wb2800 chassis prefl,,,,无可用尺码,454: Iveco Daily ii 1989-1998 wb2800 chassis prefl    PK-S || 466: Iveco Daily ii 1990-1997 wb2800 chassis prefl    无可用尺码
6794,2,MULTI,470/471,PK-L/PK-M,皮卡,Iveco,Daily ii,1998,,,,,PK-L,470: Iveco Daily ii 1996-1998     PK-L || 471: Iveco Daily ii 1996-1999     PK-M
6796,2,MULTI,470/471,PK-L/PK-M,皮卡,Iveco,Daily ii,1998,,,,,PK-M,470: Iveco Daily ii 1996-1998     PK-L || 471: Iveco Daily ii 1996-1999     PK-M
6798,2,MULTI,458/473,PK-S/无可用尺码,皮卡,Iveco,Daily ii,1998,wb2800 chassis,,,,PK-S,458: Iveco Daily ii 1989-1999 wb2800 chassis    PK-S || 473: Iveco Daily ii 1997-1999 wb2800 chassis    无可用尺码
6803,2,MULTI,458/473,PK-S/无可用尺码,皮卡,Iveco,Daily ii,1998,wb2800 chassis,,,,无可用尺码,458: Iveco Daily ii 1989-1999 wb2800 chassis    PK-S || 473: Iveco Daily ii 1997-1999 wb2800 chassis    无可用尺码
6809,2,MULTI,458/473,PK-S/无可用尺码,皮卡,Iveco,Daily ii,1999,wb2800 chassis,,,,PK-S,458: Iveco Daily ii 1989-1999 wb2800 chassis    PK-S || 473: Iveco Daily ii 1997-1999 wb2800 chassis    无可用尺码
6811,2,MULTI,458/473,PK-S/无可用尺码,皮卡,Iveco,Daily ii,1999,wb2800 chassis,,,,无可用尺码,458: Iveco Daily ii 1989-1999 wb2800 chassis    PK-S || 473: Iveco Daily ii 1997-1999 wb2800 chassis    无可用尺码
6869,2,MULTI,480/498,PK-L/PK-XL,皮卡,Iveco,Daily iii,2002,wb3450,,,,PK-L,480: Iveco Daily iii 1999-2006 wb3450    PK-XL || 498: Iveco Daily iii 2002-2006 wb3450    PK-L
6879,2,MULTI,480/498,PK-L/PK-XL,皮卡,Iveco,Daily iii,2002,wb3450,,,,PK-XL,480: Iveco Daily iii 1999-2006 wb3450    PK-XL || 498: Iveco Daily iii 2002-2006 wb3450    PK-L
6893,2,MULTI,480/498,PK-L/PK-XL,皮卡,Iveco,Daily iii,2003,wb3450,,,,PK-L,480: Iveco Daily iii 1999-2006 wb3450    PK-XL || 498: Iveco Daily iii 2002-2006 wb3450    PK-L
6903,2,MULTI,480/498,PK-L/PK-XL,皮卡,Iveco,Daily iii,2003,wb3450,,,,PK-XL,480: Iveco Daily iii 1999-2006 wb3450    PK-XL || 498: Iveco Daily iii 2002-2006 wb3450    PK-L
6917,2,MULTI,480/498,PK-L/PK-XL,皮卡,Iveco,Daily iii,2004,wb3450,,,,PK-L,480: Iveco Daily iii 1999-2006 wb3450    PK-XL || 498: Iveco Daily iii 2002-2006 wb3450    PK-L
6928,2,MULTI,480/498,PK-L/PK-XL,皮卡,Iveco,Daily iii,2004,wb3450,,,,PK-XL,480: Iveco Daily iii 1999-2006 wb3450    PK-XL || 498: Iveco Daily iii 2002-2006 wb3450    PK-L
6942,2,MULTI,480/498,PK-L/PK-XL,皮卡,Iveco,Daily iii,2005,wb3450,,,,PK-L,480: Iveco Daily iii 1999-2006 wb3450    PK-XL || 498: Iveco Daily iii 2002-2006 wb3450    PK-L
6954,2,MULTI,480/498,PK-L/PK-XL,皮卡,Iveco,Daily iii,2005,wb3450,,,,PK-XL,480: Iveco Daily iii 1999-2006 wb3450    PK-XL || 498: Iveco Daily iii 2002-2006 wb3450    PK-L
6970,2,MULTI,480/498,PK-L/PK-XL,皮卡,Iveco,Daily iii,2006,wb3450,,,,PK-L,480: Iveco Daily iii 1999-2006 wb3450    PK-XL || 498: Iveco Daily iii 2002-2006 wb3450    PK-L
6982,2,MULTI,480/498,PK-L/PK-XL,皮卡,Iveco,Daily iii,2006,wb3450,,,,PK-XL,480: Iveco Daily iii 1999-2006 wb3450    PK-XL || 498: Iveco Daily iii 2002-2006 wb3450    PK-L
7120,2,MULTI,504/544,PK-S/PK-XL,皮卡,Iveco,Daily iv,2009,double wb3450,,,,PK-S,504: Iveco Daily iv 2006-2011 double wb3450    PK-XL || 544: Iveco Daily iv 2009-2011 double wb3450    PK-S
7127,2,MULTI,504/544,PK-S/PK-XL,皮卡,Iveco,Daily iv,2009,double wb3450,,,,PK-XL,504: Iveco Daily iv 2006-2011 double wb3450    PK-XL || 544: Iveco Daily iv 2009-2011 double wb3450    PK-S
7162,2,MULTI,504/544,PK-S/PK-XL,皮卡,Iveco,Daily iv,2010,double wb3450,,,,PK-S,504: Iveco Daily iv 2006-2011 double wb3450    PK-XL || 544: Iveco Daily iv 2009-2011 double wb3450    PK-S
7169,2,MULTI,504/544,PK-S/PK-XL,皮卡,Iveco,Daily iv,2010,double wb3450,,,,PK-XL,504: Iveco Daily iv 2006-2011 double wb3450    PK-XL || 544: Iveco Daily iv 2009-2011 double wb3450    PK-S
7204,2,MULTI,504/544,PK-S/PK-XL,皮卡,Iveco,Daily iv,2011,double wb3450,,,,PK-S,504: Iveco Daily iv 2006-2011 double wb3450    PK-XL || 544: Iveco Daily iv 2009-2011 double wb3450    PK-S
7211,2,MULTI,504/544,PK-S/PK-XL,皮卡,Iveco,Daily iv,2011,double wb3450,,,,PK-XL,504: Iveco Daily iv 2006-2011 double wb3450    PK-XL || 544: Iveco Daily iv 2009-2011 double wb3450    PK-S
7614,0,MISS,,,皮卡,Land Rover,110/127,1984,127,,,,PK-S,
7615,0,MISS,,,皮卡,Land Rover,110/127,1984,,,,,无可用尺码,
7616,0,MISS,,,皮卡,Land Rover,110/127,1985,127,,,,PK-S,
7617,0,MISS,,,皮卡,Land Rover,110/127,1985,,,,,无可用尺码,
7618,0,MISS,,,皮卡,Land Rover,110/127,1986,127,,,,PK-S,
7619,0,MISS,,,皮卡,Land Rover,110/127,1986,,,,,无可用尺码,
7620,0,MISS,,,皮卡,Land Rover,110/127,1987,127,,,,PK-S,
7621,0,MISS,,,皮卡,Land Rover,110/127,1987,,,,,无可用尺码,
7622,0,MISS,,,皮卡,Land Rover,110/127,1988,,,,,无可用尺码,
7623,0,MISS,,,皮卡,Land Rover,110/127,1989,,,,,无可用尺码,
7624,0,MISS,,,皮卡,Land Rover,110/127,1990,,,,,无可用尺码,
7945,2,MULTI,598/599,PK-L/PK-M,皮卡,Mercedes-benz,E-Klasse,1999,,,,,PK-L,598: Mercedes-benz E-Klasse 1996-1999     PK-M || 599: Mercedes-benz E-Klasse 1999-2002     PK-L
7946,2,MULTI,598/599,PK-L/PK-M,皮卡,Mercedes-benz,E-Klasse,1999,,,,,PK-M,598: Mercedes-benz E-Klasse 1996-1999     PK-M || 599: Mercedes-benz E-Klasse 1999-2002     PK-L
7955,2,MULTI,600/603,PK-L/PK-M,皮卡,Mercedes-benz,E-Klasse,2006,,,,,PK-L,600: Mercedes-benz E-Klasse 2003-2009     PK-M || 603: Mercedes-benz E-Klasse 2006-2009     PK-L
7957,2,MULTI,600/603,PK-L/PK-M,皮卡,Mercedes-benz,E-Klasse,2006,,,,,PK-M,600: Mercedes-benz E-Klasse 2003-2009     PK-M || 603: Mercedes-benz E-Klasse 2006-2009     PK-L
7959,2,MULTI,600/603,PK-L/PK-M,皮卡,Mercedes-benz,E-Klasse,2007,,,,,PK-L,600: Mercedes-benz E-Klasse 2003-2009     PK-M || 603: Mercedes-benz E-Klasse 2006-2009     PK-L
7961,2,MULTI,600/603,PK-L/PK-M,皮卡,Mercedes-benz,E-Klasse,2007,,,,,PK-M,600: Mercedes-benz E-Klasse 2003-2009     PK-M || 603: Mercedes-benz E-Klasse 2006-2009     PK-L
7963,2,MULTI,600/603,PK-L/PK-M,皮卡,Mercedes-benz,E-Klasse,2008,,,,,PK-L,600: Mercedes-benz E-Klasse 2003-2009     PK-M || 603: Mercedes-benz E-Klasse 2006-2009     PK-L
7965,2,MULTI,600/603,PK-L/PK-M,皮卡,Mercedes-benz,E-Klasse,2008,,,,,PK-M,600: Mercedes-benz E-Klasse 2003-2009     PK-M || 603: Mercedes-benz E-Klasse 2006-2009     PK-L
7967,2,MULTI,600/603,PK-L/PK-M,皮卡,Mercedes-benz,E-Klasse,2009,,,,,PK-L,600: Mercedes-benz E-Klasse 2003-2009     PK-M || 603: Mercedes-benz E-Klasse 2006-2009     PK-L
7969,2,MULTI,600/603,PK-L/PK-M,皮卡,Mercedes-benz,E-Klasse,2009,,,,,PK-M,600: Mercedes-benz E-Klasse 2003-2009     PK-M || 603: Mercedes-benz E-Klasse 2006-2009     PK-L
7990,2,MULTI,606/607,PK-S/无可用尺码,皮卡,Mercedes-benz,G-Klasse,2010,,,,,PK-S,606: Mercedes-benz G-Klasse 2007-2012     无可用尺码 || 607: Mercedes-benz G-Klasse 2010-2023     PK-S
7991,2,MULTI,606/607,PK-S/无可用尺码,皮卡,Mercedes-benz,G-Klasse,2010,,,,,无可用尺码,606: Mercedes-benz G-Klasse 2007-2012     无可用尺码 || 607: Mercedes-benz G-Klasse 2010-2023     PK-S
7992,2,MULTI,606/607,PK-S/无可用尺码,皮卡,Mercedes-benz,G-Klasse,2011,,,,,PK-S,606: Mercedes-benz G-Klasse 2007-2012     无可用尺码 || 607: Mercedes-benz G-Klasse 2010-2023     PK-S
7993,2,MULTI,606/607,PK-S/无可用尺码,皮卡,Mercedes-benz,G-Klasse,2011,,,,,无可用尺码,606: Mercedes-benz G-Klasse 2007-2012     无可用尺码 || 607: Mercedes-benz G-Klasse 2010-2023     PK-S
7994,2,MULTI,606/607,PK-S/无可用尺码,皮卡,Mercedes-benz,G-Klasse,2012,,,,,PK-S,606: Mercedes-benz G-Klasse 2007-2012     无可用尺码 || 607: Mercedes-benz G-Klasse 2010-2023     PK-S
7995,2,MULTI,606/607,PK-S/无可用尺码,皮卡,Mercedes-benz,G-Klasse,2012,,,,,无可用尺码,606: Mercedes-benz G-Klasse 2007-2012     无可用尺码 || 607: Mercedes-benz G-Klasse 2010-2023     PK-S
7997,2,MULTI,607/608,PK-L/PK-S,皮卡,Mercedes-benz,G-Klasse,2014,,,,,PK-L,607: Mercedes-benz G-Klasse 2010-2023     PK-S || 608: Mercedes-benz G-Klasse 2014-2018     PK-L
7998,2,MULTI,607/608,PK-L/PK-S,皮卡,Mercedes-benz,G-Klasse,2014,,,,,PK-S,607: Mercedes-benz G-Klasse 2010-2023     PK-S || 608: Mercedes-benz G-Klasse 2014-2018     PK-L
7999,2,MULTI,607/608,PK-L/PK-S,皮卡,Mercedes-benz,G-Klasse,2015,,,,,PK-L,607: Mercedes-benz G-Klasse 2010-2023     PK-S || 608: Mercedes-benz G-Klasse 2014-2018     PK-L
8000,2,MULTI,607/608,PK-L/PK-S,皮卡,Mercedes-benz,G-Klasse,2015,,,,,PK-S,607: Mercedes-benz G-Klasse 2010-2023     PK-S || 608: Mercedes-benz G-Klasse 2014-2018     PK-L
8001,2,MULTI,607/608,PK-L/PK-S,皮卡,Mercedes-benz,G-Klasse,2016,,,,,PK-L,607: Mercedes-benz G-Klasse 2010-2023     PK-S || 608: Mercedes-benz G-Klasse 2014-2018     PK-L
8002,2,MULTI,607/608,PK-L/PK-S,皮卡,Mercedes-benz,G-Klasse,2016,,,,,PK-S,607: Mercedes-benz G-Klasse 2010-2023     PK-S || 608: Mercedes-benz G-Klasse 2014-2018     PK-L
8003,2,MULTI,607/608,PK-L/PK-S,皮卡,Mercedes-benz,G-Klasse,2017,,,,,PK-L,607: Mercedes-benz G-Klasse 2010-2023     PK-S || 608: Mercedes-benz G-Klasse 2014-2018     PK-L
8004,2,MULTI,607/608,PK-L/PK-S,皮卡,Mercedes-benz,G-Klasse,2017,,,,,PK-S,607: Mercedes-benz G-Klasse 2010-2023     PK-S || 608: Mercedes-benz G-Klasse 2014-2018     PK-L
8005,2,MULTI,607/608,PK-L/PK-S,皮卡,Mercedes-benz,G-Klasse,2018,,,,,PK-L,607: Mercedes-benz G-Klasse 2010-2023     PK-S || 608: Mercedes-benz G-Klasse 2014-2018     PK-L
8006,2,MULTI,607/608,PK-L/PK-S,皮卡,Mercedes-benz,G-Klasse,2018,,,,,PK-S,607: Mercedes-benz G-Klasse 2010-2023     PK-S || 608: Mercedes-benz G-Klasse 2014-2018     PK-L
8938,2,MULTI,702/716,PK-L/PK-XL,皮卡,Mercedes-benz,Sprinter 3,2024,l2,,,,PK-L,702: Mercedes-benz Sprinter 3 2018-2026 l2    PK-XL || 716: Mercedes-benz Sprinter 3 2024-2026 l2    PK-L
8946,2,MULTI,702/716,PK-L/PK-XL,皮卡,Mercedes-benz,Sprinter 3,2024,l2,,,,PK-XL,702: Mercedes-benz Sprinter 3 2018-2026 l2    PK-XL || 716: Mercedes-benz Sprinter 3 2024-2026 l2    PK-L
8955,2,MULTI,702/716,PK-L/PK-XL,皮卡,Mercedes-benz,Sprinter 3,2025,l2,,,,PK-L,702: Mercedes-benz Sprinter 3 2018-2026 l2    PK-XL || 716: Mercedes-benz Sprinter 3 2024-2026 l2    PK-L
8963,2,MULTI,702/716,PK-L/PK-XL,皮卡,Mercedes-benz,Sprinter 3,2025,l2,,,,PK-XL,702: Mercedes-benz Sprinter 3 2018-2026 l2    PK-XL || 716: Mercedes-benz Sprinter 3 2024-2026 l2    PK-L
8972,2,MULTI,702/716,PK-L/PK-XL,皮卡,Mercedes-benz,Sprinter 3,2026,l2,,,,PK-L,702: Mercedes-benz Sprinter 3 2018-2026 l2    PK-XL || 716: Mercedes-benz Sprinter 3 2024-2026 l2    PK-L
8980,2,MULTI,702/716,PK-L/PK-XL,皮卡,Mercedes-benz,Sprinter 3,2026,l2,,,,PK-XL,702: Mercedes-benz Sprinter 3 2018-2026 l2    PK-XL || 716: Mercedes-benz Sprinter 3 2024-2026 l2    PK-L
8987,3,MULTI,723/727/728,PK-L/PK-XL/PK-XXL-645,皮卡,Mercedes-benz,Sprinter 3-T,1995,doublecab mwb,,,,PK-L,723: Mercedes-benz Sprinter 3-T 1995-2001 doublecab mwb    PK-XXL-645 || 727: Mercedes-benz Sprinter 3-T 1995-2006 doublecab mwb    PK-L || 728: Mercedes-benz Sprinter 3-T 1995-2006 doublecab mwb    PK-XL
8990,2,MULTI,725/733,PK-L/PK-XXL-645,皮卡,Mercedes-benz,Sprinter 3-T,1995,singlecab mwb,,,,PK-L,725: Mercedes-benz Sprinter 3-T 1995-2001 singlecab mwb    PK-XXL-645 || 733: Mercedes-benz Sprinter 3-T 1995-2006 singlecab mwb    PK-L
8999,3,MULTI,723/727/728,PK-L/PK-XL/PK-XXL-645,皮卡,Mercedes-benz,Sprinter 3-T,1995,doublecab mwb,,,,PK-XL,723: Mercedes-benz Sprinter 3-T 1995-2001 doublecab mwb    PK-XXL-645 || 727: Mercedes-benz Sprinter 3-T 1995-2006 doublecab mwb    PK-L || 728: Mercedes-benz Sprinter 3-T 1995-2006 doublecab mwb    PK-XL
9000,3,MULTI,723/727/728,PK-L/PK-XL/PK-XXL-645,皮卡,Mercedes-benz,Sprinter 3-T,1995,doublecab mwb,,,,PK-XXL-645,723: Mercedes-benz Sprinter 3-T 1995-2001 doublecab mwb    PK-XXL-645 || 727: Mercedes-benz Sprinter 3-T 1995-2006 doublecab mwb    PK-L || 728: Mercedes-benz Sprinter 3-T 1995-2006 doublecab mwb    PK-XL
9001,2,MULTI,725/733,PK-L/PK-XXL-645,皮卡,Mercedes-benz,Sprinter 3-T,1995,singlecab mwb,,,,PK-XXL-645,725: Mercedes-benz Sprinter 3-T 1995-2001 singlecab mwb    PK-XXL-645 || 733: Mercedes-benz Sprinter 3-T 1995-2006 singlecab mwb    PK-L
9004,3,MULTI,723/727/728,PK-L/PK-XL/PK-XXL-645,皮卡,Mercedes-benz,Sprinter 3-T,1996,doublecab mwb,,,,PK-L,723: Mercedes-benz Sprinter 3-T 1995-2001 doublecab mwb    PK-XXL-645 || 727: Mercedes-benz Sprinter 3-T 1995-2006 doublecab mwb    PK-L || 728: Mercedes-benz Sprinter 3-T 1995-2006 doublecab mwb    PK-XL
9007,2,MULTI,725/733,PK-L/PK-XXL-645,皮卡,Mercedes-benz,Sprinter 3-T,1996,singlecab mwb,,,,PK-L,725: Mercedes-benz Sprinter 3-T 1995-2001 singlecab mwb    PK-XXL-645 || 733: Mercedes-benz Sprinter 3-T 1995-2006 singlecab mwb    PK-L
9018,3,MULTI,723/727/728,PK-L/PK-XL/PK-XXL-645,皮卡,Mercedes-benz,Sprinter 3-T,1996,doublecab mwb,,,,PK-XL,723: Mercedes-benz Sprinter 3-T 1995-2001 doublecab mwb    PK-XXL-645 || 727: Mercedes-benz Sprinter 3-T 1995-2006 doublecab mwb    PK-L || 728: Mercedes-benz Sprinter 3-T 1995-2006 doublecab mwb    PK-XL
9019,3,MULTI,723/727/728,PK-L/PK-XL/PK-XXL-645,皮卡,Mercedes-benz,Sprinter 3-T,1996,doublecab mwb,,,,PK-XXL-645,723: Mercedes-benz Sprinter 3-T 1995-2001 doublecab mwb    PK-XXL-645 || 727: Mercedes-benz Sprinter 3-T 1995-2006 doublecab mwb    PK-L || 728: Mercedes-benz Sprinter 3-T 1995-2006 doublecab mwb    PK-XL
9020,2,MULTI,725/733,PK-L/PK-XXL-645,皮卡,Mercedes-benz,Sprinter 3-T,1996,singlecab mwb,,,,PK-XXL-645,725: Mercedes-benz Sprinter 3-T 1995-2001 singlecab mwb    PK-XXL-645 || 733: Mercedes-benz Sprinter 3-T 1995-2006 singlecab mwb    PK-L
9023,3,MULTI,723/727/728,PK-L/PK-XL/PK-XXL-645,皮卡,Mercedes-benz,Sprinter 3-T,1997,doublecab mwb,,,,PK-L,723: Mercedes-benz Sprinter 3-T 1995-2001 doublecab mwb    PK-XXL-645 || 727: Mercedes-benz Sprinter 3-T 1995-2006 doublecab mwb    PK-L || 728: Mercedes-benz Sprinter 3-T 1995-2006 doublecab mwb    PK-XL
9024,2,MULTI,730/738,PK-L/PK-M,皮卡,Mercedes-benz,Sprinter 3-T,1997,mwb,,,,PK-L,730: Mercedes-benz Sprinter 3-T 1995-2006 mwb    PK-L || 738: Mercedes-benz Sprinter 3-T 1997-2000 mwb    PK-M
9026,2,MULTI,725/733,PK-L/PK-XXL-645,皮卡,Mercedes-benz,Sprinter 3-T,1997,singlecab mwb,,,,PK-L,725: Mercedes-benz Sprinter 3-T 1995-2001 singlecab mwb    PK-XXL-645 || 733: Mercedes-benz Sprinter 3-T 1995-2006 singlecab mwb    PK-L
9030,2,MULTI,730/738,PK-L/PK-M,皮卡,Mercedes-benz,Sprinter 3-T,1997,mwb,,,,PK-M,730: Mercedes-benz Sprinter 3-T 1995-2006 mwb    PK-L || 738: Mercedes-benz Sprinter 3-T 1997-2000 mwb    PK-M
9038,3,MULTI,723/727/728,PK-L/PK-XL/PK-XXL-645,皮卡,Mercedes-benz,Sprinter 3-T,1997,doublecab mwb,,,,PK-XL,723: Mercedes-benz Sprinter 3-T 1995-2001 doublecab mwb    PK-XXL-645 || 727: Mercedes-benz Sprinter 3-T 1995-2006 doublecab mwb    PK-L || 728: Mercedes-benz Sprinter 3-T 1995-2006 doublecab mwb    PK-XL
9039,2,MULTI,729/737,PK-XL/PK-XXL-680,皮卡,Mercedes-benz,Sprinter 3-T,1997,lwb,,,,PK-XL,729: Mercedes-benz Sprinter 3-T 1995-2006 lwb    PK-XXL-680 || 737: Mercedes-benz Sprinter 3-T 1997-2000 lwb    PK-XL
9040,2,MULTI,732/739,PK-XL/PK-XXL-680,皮卡,Mercedes-benz,Sprinter 3-T,1997,singlecab lwb,,,,PK-XL,732: Mercedes-benz Sprinter 3-T 1995-2006 singlecab lwb    PK-XXL-680 || 739: Mercedes-benz Sprinter 3-T 1997-2001 singlecab lwb    PK-XL
9041,3,MULTI,723/727/728,PK-L/PK-XL/PK-XXL-645,皮卡,Mercedes-benz,Sprinter 3-T,1997,doublecab mwb,,,,PK-XXL-645,723: Mercedes-benz Sprinter 3-T 1995-2001 doublecab mwb    PK-XXL-645 || 727: Mercedes-benz Sprinter 3-T 1995-2006 doublecab mwb    PK-L || 728: Mercedes-benz Sprinter 3-T 1995-2006 doublecab mwb    PK-XL
9042,2,MULTI,725/733,PK-L/PK-XXL-645,皮卡,Mercedes-benz,Sprinter 3-T,1997,singlecab mwb,,,,PK-XXL-645,725: Mercedes-benz Sprinter 3-T 1995-2001 singlecab mwb    PK-XXL-645 || 733: Mercedes-benz Sprinter 3-T 1995-2006 singlecab mwb    PK-L
9043,2,MULTI,729/737,PK-XL/PK-XXL-680,皮卡,Mercedes-benz,Sprinter 3-T,1997,lwb,,,,PK-XXL-680,729: Mercedes-benz Sprinter 3-T 1995-2006 lwb    PK-XXL-680 || 737: Mercedes-benz Sprinter 3-T 1997-2000 lwb    PK-XL
9044,2,MULTI,732/739,PK-XL/PK-XXL-680,皮卡,Mercedes-benz,Sprinter 3-T,1997,singlecab lwb,,,,PK-XXL-680,732: Mercedes-benz Sprinter 3-T 1995-2006 singlecab lwb    PK-XXL-680 || 739: Mercedes-benz Sprinter 3-T 1997-2001 singlecab lwb    PK-XL
9045,3,MULTI,723/727/728,PK-L/PK-XL/PK-XXL-645,皮卡,Mercedes-benz,Sprinter 3-T,1998,doublecab mwb,,,,PK-L,723: Mercedes-benz Sprinter 3-T 1995-2001 doublecab mwb    PK-XXL-645 || 727: Mercedes-benz Sprinter 3-T 1995-2006 doublecab mwb    PK-L || 728: Mercedes-benz Sprinter 3-T 1995-2006 doublecab mwb    PK-XL
9046,2,MULTI,730/738,PK-L/PK-M,皮卡,Mercedes-benz,Sprinter 3-T,1998,mwb,,,,PK-L,730: Mercedes-benz Sprinter 3-T 1995-2006 mwb    PK-L || 738: Mercedes-benz Sprinter 3-T 1997-2000 mwb    PK-M
9048,2,MULTI,725/733,PK-L/PK-XXL-645,皮卡,Mercedes-benz,Sprinter 3-T,1998,singlecab mwb,,,,PK-L,725: Mercedes-benz Sprinter 3-T 1995-2001 singlecab mwb    PK-XXL-645 || 733: Mercedes-benz Sprinter 3-T 1995-2006 singlecab mwb    PK-L
9052,2,MULTI,730/738,PK-L/PK-M,皮卡,Mercedes-benz,Sprinter 3-T,1998,mwb,,,,PK-M,730: Mercedes-benz Sprinter 3-T 1995-2006 mwb    PK-L || 738: Mercedes-benz Sprinter 3-T 1997-2000 mwb    PK-M
9060,3,MULTI,723/727/728,PK-L/PK-XL/PK-XXL-645,皮卡,Mercedes-benz,Sprinter 3-T,1998,doublecab mwb,,,,PK-XL,723: Mercedes-benz Sprinter 3-T 1995-2001 doublecab mwb    PK-XXL-645 || 727: Mercedes-benz Sprinter 3-T 1995-2006 doublecab mwb    PK-L || 728: Mercedes-benz Sprinter 3-T 1995-2006 doublecab mwb    PK-XL
9061,2,MULTI,729/737,PK-XL/PK-XXL-680,皮卡,Mercedes-benz,Sprinter 3-T,1998,lwb,,,,PK-XL,729: Mercedes-benz Sprinter 3-T 1995-2006 lwb    PK-XXL-680 || 737: Mercedes-benz Sprinter 3-T 1997-2000 lwb    PK-XL
9062,2,MULTI,732/739,PK-XL/PK-XXL-680,皮卡,Mercedes-benz,Sprinter 3-T,1998,singlecab lwb,,,,PK-XL,732: Mercedes-benz Sprinter 3-T 1995-2006 singlecab lwb    PK-XXL-680 || 739: Mercedes-benz Sprinter 3-T 1997-2001 singlecab lwb    PK-XL
9063,3,MULTI,723/727/728,PK-L/PK-XL/PK-XXL-645,皮卡,Mercedes-benz,Sprinter 3-T,1998,doublecab mwb,,,,PK-XXL-645,723: Mercedes-benz Sprinter 3-T 1995-2001 doublecab mwb    PK-XXL-645 || 727: Mercedes-benz Sprinter 3-T 1995-2006 doublecab mwb    PK-L || 728: Mercedes-benz Sprinter 3-T 1995-2006 doublecab mwb    PK-XL
9064,2,MULTI,725/733,PK-L/PK-XXL-645,皮卡,Mercedes-benz,Sprinter 3-T,1998,singlecab mwb,,,,PK-XXL-645,725: Mercedes-benz Sprinter 3-T 1995-2001 singlecab mwb    PK-XXL-645 || 733: Mercedes-benz Sprinter 3-T 1995-2006 singlecab mwb    PK-L
9065,2,MULTI,729/737,PK-XL/PK-XXL-680,皮卡,Mercedes-benz,Sprinter 3-T,1998,lwb,,,,PK-XXL-680,729: Mercedes-benz Sprinter 3-T 1995-2006 lwb    PK-XXL-680 || 737: Mercedes-benz Sprinter 3-T 1997-2000 lwb    PK-XL
9066,2,MULTI,732/739,PK-XL/PK-XXL-680,皮卡,Mercedes-benz,Sprinter 3-T,1998,singlecab lwb,,,,PK-XXL-680,732: Mercedes-benz Sprinter 3-T 1995-2006 singlecab lwb    PK-XXL-680 || 739: Mercedes-benz Sprinter 3-T 1997-2001 singlecab lwb    PK-XL
9067,3,MULTI,723/727/728,PK-L/PK-XL/PK-XXL-645,皮卡,Mercedes-benz,Sprinter 3-T,1999,doublecab mwb,,,,PK-L,723: Mercedes-benz Sprinter 3-T 1995-2001 doublecab mwb    PK-XXL-645 || 727: Mercedes-benz Sprinter 3-T 1995-2006 doublecab mwb    PK-L || 728: Mercedes-benz Sprinter 3-T 1995-2006 doublecab mwb    PK-XL
9068,2,MULTI,730/738,PK-L/PK-M,皮卡,Mercedes-benz,Sprinter 3-T,1999,mwb,,,,PK-L,730: Mercedes-benz Sprinter 3-T 1995-2006 mwb    PK-L || 738: Mercedes-benz Sprinter 3-T 1997-2000 mwb    PK-M
9070,2,MULTI,725/733,PK-L/PK-XXL-645,皮卡,Mercedes-benz,Sprinter 3-T,1999,singlecab mwb,,,,PK-L,725: Mercedes-benz Sprinter 3-T 1995-2001 singlecab mwb    PK-XXL-645 || 733: Mercedes-benz Sprinter 3-T 1995-2006 singlecab mwb    PK-L
9074,2,MULTI,730/738,PK-L/PK-M,皮卡,Mercedes-benz,Sprinter 3-T,1999,mwb,,,,PK-M,730: Mercedes-benz Sprinter 3-T 1995-2006 mwb    PK-L || 738: Mercedes-benz Sprinter 3-T 1997-2000 mwb    PK-M
9082,3,MULTI,723/727/728,PK-L/PK-XL/PK-XXL-645,皮卡,Mercedes-benz,Sprinter 3-T,1999,doublecab mwb,,,,PK-XL,723: Mercedes-benz Sprinter 3-T 1995-2001 doublecab mwb    PK-XXL-645 || 727: Mercedes-benz Sprinter 3-T 1995-2006 doublecab mwb    PK-L || 728: Mercedes-benz Sprinter 3-T 1995-2006 doublecab mwb    PK-XL
9083,2,MULTI,729/737,PK-XL/PK-XXL-680,皮卡,Mercedes-benz,Sprinter 3-T,1999,lwb,,,,PK-XL,729: Mercedes-benz Sprinter 3-T 1995-2006 lwb    PK-XXL-680 || 737: Mercedes-benz Sprinter 3-T 1997-2000 lwb    PK-XL
9084,2,MULTI,732/739,PK-XL/PK-XXL-680,皮卡,Mercedes-benz,Sprinter 3-T,1999,singlecab lwb,,,,PK-XL,732: Mercedes-benz Sprinter 3-T 1995-2006 singlecab lwb    PK-XXL-680 || 739: Mercedes-benz Sprinter 3-T 1997-2001 singlecab lwb    PK-XL
9085,3,MULTI,723/727/728,PK-L/PK-XL/PK-XXL-645,皮卡,Mercedes-benz,Sprinter 3-T,1999,doublecab mwb,,,,PK-XXL-645,723: Mercedes-benz Sprinter 3-T 1995-2001 doublecab mwb    PK-XXL-645 || 727: Mercedes-benz Sprinter 3-T 1995-2006 doublecab mwb    PK-L || 728: Mercedes-benz Sprinter 3-T 1995-2006 doublecab mwb    PK-XL
9086,2,MULTI,725/733,PK-L/PK-XXL-645,皮卡,Mercedes-benz,Sprinter 3-T,1999,singlecab mwb,,,,PK-XXL-645,725: Mercedes-benz Sprinter 3-T 1995-2001 singlecab mwb    PK-XXL-645 || 733: Mercedes-benz Sprinter 3-T 1995-2006 singlecab mwb    PK-L
9087,2,MULTI,729/737,PK-XL/PK-XXL-680,皮卡,Mercedes-benz,Sprinter 3-T,1999,lwb,,,,PK-XXL-680,729: Mercedes-benz Sprinter 3-T 1995-2006 lwb    PK-XXL-680 || 737: Mercedes-benz Sprinter 3-T 1997-2000 lwb    PK-XL
9088,2,MULTI,732/739,PK-XL/PK-XXL-680,皮卡,Mercedes-benz,Sprinter 3-T,1999,singlecab lwb,,,,PK-XXL-680,732: Mercedes-benz Sprinter 3-T 1995-2006 singlecab lwb    PK-XXL-680 || 739: Mercedes-benz Sprinter 3-T 1997-2001 singlecab lwb    PK-XL
9089,3,MULTI,723/727/728,PK-L/PK-XL/PK-XXL-645,皮卡,Mercedes-benz,Sprinter 3-T,2000,doublecab mwb,,,,PK-L,723: Mercedes-benz Sprinter 3-T 1995-2001 doublecab mwb    PK-XXL-645 || 727: Mercedes-benz Sprinter 3-T 1995-2006 doublecab mwb    PK-L || 728: Mercedes-benz Sprinter 3-T 1995-2006 doublecab mwb    PK-XL
9090,2,MULTI,730/738,PK-L/PK-M,皮卡,Mercedes-benz,Sprinter 3-T,2000,mwb,,,,PK-L,730: Mercedes-benz Sprinter 3-T 1995-2006 mwb    PK-L || 738: Mercedes-benz Sprinter 3-T 1997-2000 mwb    PK-M
9092,2,MULTI,725/733,PK-L/PK-XXL-645,皮卡,Mercedes-benz,Sprinter 3-T,2000,singlecab mwb,,,,PK-L,725: Mercedes-benz Sprinter 3-T 1995-2001 singlecab mwb    PK-XXL-645 || 733: Mercedes-benz Sprinter 3-T 1995-2006 singlecab mwb    PK-L
9096,2,MULTI,730/738,PK-L/PK-M,皮卡,Mercedes-benz,Sprinter 3-T,2000,mwb,,,,PK-M,730: Mercedes-benz Sprinter 3-T 1995-2006 mwb    PK-L || 738: Mercedes-benz Sprinter 3-T 1997-2000 mwb    PK-M
9103,2,MULTI,722/740,PK-XL/PK-XXL-680,皮卡,Mercedes-benz,Sprinter 3-T,2000,doublecab lwb,,,,PK-XL,722: Mercedes-benz Sprinter 3-T 1995-2001 doublecab lwb    PK-XL || 740: Mercedes-benz Sprinter 3-T 2000-2006 doublecab lwb    PK-XXL-680
9104,3,MULTI,723/727/728,PK-L/PK-XL/PK-XXL-645,皮卡,Mercedes-benz,Sprinter 3-T,2000,doublecab mwb,,,,PK-XL,723: Mercedes-benz Sprinter 3-T 1995-2001 doublecab mwb    PK-XXL-645 || 727: Mercedes-benz Sprinter 3-T 1995-2006 doublecab mwb    PK-L || 728: Mercedes-benz Sprinter 3-T 1995-2006 doublecab mwb    PK-XL
9105,2,MULTI,729/737,PK-XL/PK-XXL-680,皮卡,Mercedes-benz,Sprinter 3-T,2000,lwb,,,,PK-XL,729: Mercedes-benz Sprinter 3-T 1995-2006 lwb    PK-XXL-680 || 737: Mercedes-benz Sprinter 3-T 1997-2000 lwb    PK-XL
9106,2,MULTI,732/739,PK-XL/PK-XXL-680,皮卡,Mercedes-benz,Sprinter 3-T,2000,singlecab lwb,,,,PK-XL,732: Mercedes-benz Sprinter 3-T 1995-2006 singlecab lwb    PK-XXL-680 || 739: Mercedes-benz Sprinter 3-T 1997-2001 singlecab lwb    PK-XL
9107,3,MULTI,723/727/728,PK-L/PK-XL/PK-XXL-645,皮卡,Mercedes-benz,Sprinter 3-T,2000,doublecab mwb,,,,PK-XXL-645,723: Mercedes-benz Sprinter 3-T 1995-2001 doublecab mwb    PK-XXL-645 || 727: Mercedes-benz Sprinter 3-T 1995-2006 doublecab mwb    PK-L || 728: Mercedes-benz Sprinter 3-T 1995-2006 doublecab mwb    PK-XL
9109,2,MULTI,725/733,PK-L/PK-XXL-645,皮卡,Mercedes-benz,Sprinter 3-T,2000,singlecab mwb,,,,PK-XXL-645,725: Mercedes-benz Sprinter 3-T 1995-2001 singlecab mwb    PK-XXL-645 || 733: Mercedes-benz Sprinter 3-T 1995-2006 singlecab mwb    PK-L
9110,2,MULTI,722/740,PK-XL/PK-XXL-680,皮卡,Mercedes-benz,Sprinter 3-T,2000,doublecab lwb,,,,PK-XXL-680,722: Mercedes-benz Sprinter 3-T 1995-2001 doublecab lwb    PK-XL || 740: Mercedes-benz Sprinter 3-T 2000-2006 doublecab lwb    PK-XXL-680
9111,2,MULTI,729/737,PK-XL/PK-XXL-680,皮卡,Mercedes-benz,Sprinter 3-T,2000,lwb,,,,PK-XXL-680,729: Mercedes-benz Sprinter 3-T 1995-2006 lwb    PK-XXL-680 || 737: Mercedes-benz Sprinter 3-T 1997-2000 lwb    PK-XL
9112,2,MULTI,732/739,PK-XL/PK-XXL-680,皮卡,Mercedes-benz,Sprinter 3-T,2000,singlecab lwb,,,,PK-XXL-680,732: Mercedes-benz Sprinter 3-T 1995-2006 singlecab lwb    PK-XXL-680 || 739: Mercedes-benz Sprinter 3-T 1997-2001 singlecab lwb    PK-XL
9113,3,MULTI,723/727/728,PK-L/PK-XL/PK-XXL-645,皮卡,Mercedes-benz,Sprinter 3-T,2001,doublecab mwb,,,,PK-L,723: Mercedes-benz Sprinter 3-T 1995-2001 doublecab mwb    PK-XXL-645 || 727: Mercedes-benz Sprinter 3-T 1995-2006 doublecab mwb    PK-L || 728: Mercedes-benz Sprinter 3-T 1995-2006 doublecab mwb    PK-XL
9115,2,MULTI,725/733,PK-L/PK-XXL-645,皮卡,Mercedes-benz,Sprinter 3-T,2001,singlecab mwb,,,,PK-L,725: Mercedes-benz Sprinter 3-T 1995-2001 singlecab mwb    PK-XXL-645 || 733: Mercedes-benz Sprinter 3-T 1995-2006 singlecab mwb    PK-L
9122,2,MULTI,722/740,PK-XL/PK-XXL-680,皮卡,Mercedes-benz,Sprinter 3-T,2001,doublecab lwb,,,,PK-XL,722: Mercedes-benz Sprinter 3-T 1995-2001 doublecab lwb    PK-XL || 740: Mercedes-benz Sprinter 3-T 2000-2006 doublecab lwb    PK-XXL-680
9123,3,MULTI,723/727/728,PK-L/PK-XL/PK-XXL-645,皮卡,Mercedes-benz,Sprinter 3-T,2001,doublecab mwb,,,,PK-XL,723: Mercedes-benz Sprinter 3-T 1995-2001 doublecab mwb    PK-XXL-645 || 727: Mercedes-benz Sprinter 3-T 1995-2006 doublecab mwb    PK-L || 728: Mercedes-benz Sprinter 3-T 1995-2006 doublecab mwb    PK-XL
9124,2,MULTI,732/739,PK-XL/PK-XXL-680,皮卡,Mercedes-benz,Sprinter 3-T,2001,singlecab lwb,,,,PK-XL,732: Mercedes-benz Sprinter 3-T 1995-2006 singlecab lwb    PK-XXL-680 || 739: Mercedes-benz Sprinter 3-T 1997-2001 singlecab lwb    PK-XL
9125,3,MULTI,723/727/728,PK-L/PK-XL/PK-XXL-645,皮卡,Mercedes-benz,Sprinter 3-T,2001,doublecab mwb,,,,PK-XXL-645,723: Mercedes-benz Sprinter 3-T 1995-2001 doublecab mwb    PK-XXL-645 || 727: Mercedes-benz Sprinter 3-T 1995-2006 doublecab mwb    PK-L || 728: Mercedes-benz Sprinter 3-T 1995-2006 doublecab mwb    PK-XL
9127,2,MULTI,725/733,PK-L/PK-XXL-645,皮卡,Mercedes-benz,Sprinter 3-T,2001,singlecab mwb,,,,PK-XXL-645,725: Mercedes-benz Sprinter 3-T 1995-2001 singlecab mwb    PK-XXL-645 || 733: Mercedes-benz Sprinter 3-T 1995-2006 singlecab mwb    PK-L
9128,2,MULTI,722/740,PK-XL/PK-XXL-680,皮卡,Mercedes-benz,Sprinter 3-T,2001,doublecab lwb,,,,PK-XXL-680,722: Mercedes-benz Sprinter 3-T 1995-2001 doublecab lwb    PK-XL || 740: Mercedes-benz Sprinter 3-T 2000-2006 doublecab lwb    PK-XXL-680
9130,2,MULTI,732/739,PK-XL/PK-XXL-680,皮卡,Mercedes-benz,Sprinter 3-T,2001,singlecab lwb,,,,PK-XXL-680,732: Mercedes-benz Sprinter 3-T 1995-2006 singlecab lwb    PK-XXL-680 || 739: Mercedes-benz Sprinter 3-T 1997-2001 singlecab lwb    PK-XL
9131,2,MULTI,727/728,PK-L/PK-XL,皮卡,Mercedes-benz,Sprinter 3-T,2002,doublecab mwb,,,,PK-L,727: Mercedes-benz Sprinter 3-T 1995-2006 doublecab mwb    PK-L || 728: Mercedes-benz Sprinter 3-T 1995-2006 doublecab mwb    PK-XL
9138,2,MULTI,727/728,PK-L/PK-XL,皮卡,Mercedes-benz,Sprinter 3-T,2002,doublecab mwb,,,,PK-XL,727: Mercedes-benz Sprinter 3-T 1995-2006 doublecab mwb    PK-L || 728: Mercedes-benz Sprinter 3-T 1995-2006 doublecab mwb    PK-XL
9143,2,MULTI,727/728,PK-L/PK-XL,皮卡,Mercedes-benz,Sprinter 3-T,2003,doublecab mwb,,,,PK-L,727: Mercedes-benz Sprinter 3-T 1995-2006 doublecab mwb    PK-L || 728: Mercedes-benz Sprinter 3-T 1995-2006 doublecab mwb    PK-XL
9150,2,MULTI,727/728,PK-L/PK-XL,皮卡,Mercedes-benz,Sprinter 3-T,2003,doublecab mwb,,,,PK-XL,727: Mercedes-benz Sprinter 3-T 1995-2006 doublecab mwb    PK-L || 728: Mercedes-benz Sprinter 3-T 1995-2006 doublecab mwb    PK-XL
9155,2,MULTI,727/728,PK-L/PK-XL,皮卡,Mercedes-benz,Sprinter 3-T,2004,doublecab mwb,,,,PK-L,727: Mercedes-benz Sprinter 3-T 1995-2006 doublecab mwb    PK-L || 728: Mercedes-benz Sprinter 3-T 1995-2006 doublecab mwb    PK-XL
9162,2,MULTI,727/728,PK-L/PK-XL,皮卡,Mercedes-benz,Sprinter 3-T,2004,doublecab mwb,,,,PK-XL,727: Mercedes-benz Sprinter 3-T 1995-2006 doublecab mwb    PK-L || 728: Mercedes-benz Sprinter 3-T 1995-2006 doublecab mwb    PK-XL
9167,2,MULTI,727/728,PK-L/PK-XL,皮卡,Mercedes-benz,Sprinter 3-T,2005,doublecab mwb,,,,PK-L,727: Mercedes-benz Sprinter 3-T 1995-2006 doublecab mwb    PK-L || 728: Mercedes-benz Sprinter 3-T 1995-2006 doublecab mwb    PK-XL
9174,2,MULTI,727/728,PK-L/PK-XL,皮卡,Mercedes-benz,Sprinter 3-T,2005,doublecab mwb,,,,PK-XL,727: Mercedes-benz Sprinter 3-T 1995-2006 doublecab mwb    PK-L || 728: Mercedes-benz Sprinter 3-T 1995-2006 doublecab mwb    PK-XL
9179,2,MULTI,727/728,PK-L/PK-XL,皮卡,Mercedes-benz,Sprinter 3-T,2006,doublecab mwb,,,,PK-L,727: Mercedes-benz Sprinter 3-T 1995-2006 doublecab mwb    PK-L || 728: Mercedes-benz Sprinter 3-T 1995-2006 doublecab mwb    PK-XL
9190,2,MULTI,727/728,PK-L/PK-XL,皮卡,Mercedes-benz,Sprinter 3-T,2006,doublecab mwb,,,,PK-XL,727: Mercedes-benz Sprinter 3-T 1995-2006 doublecab mwb    PK-L || 728: Mercedes-benz Sprinter 3-T 1995-2006 doublecab mwb    PK-XL
9797,2,MULTI,797/803,PK-XL/无可用尺码,皮卡,Mercedes-benz,Sprinter 4-T,2020,,,,,PK-XL,797: Mercedes-benz Sprinter 4-T 2018-2026     PK-XL || 803: Mercedes-benz Sprinter 4-T 2020-2026     无可用尺码
9805,2,MULTI,797/803,PK-XL/无可用尺码,皮卡,Mercedes-benz,Sprinter 4-T,2020,,,,,无可用尺码,797: Mercedes-benz Sprinter 4-T 2018-2026     PK-XL || 803: Mercedes-benz Sprinter 4-T 2020-2026     无可用尺码
9807,2,MULTI,799/808,PK-L/PK-XL,皮卡,Mercedes-benz,Sprinter 4-T,2021,dcab l2,,,,PK-L,799: Mercedes-benz Sprinter 4-T 2019-2021 dcab l2    PK-L || 808: Mercedes-benz Sprinter 4-T 2021-2026 dcab l2    PK-XL
9815,2,MULTI,789/812,PK-M/PK-S,皮卡,Mercedes-benz,Sprinter 4-T,2021,l1,,,,PK-M,789: Mercedes-benz Sprinter 4-T 2018-2021 l1    PK-M || 812: Mercedes-benz Sprinter 4-T 2021-2026 l1    PK-S
9821,2,MULTI,789/812,PK-M/PK-S,皮卡,Mercedes-benz,Sprinter 4-T,2021,l1,,,,PK-S,789: Mercedes-benz Sprinter 4-T 2018-2021 l1    PK-M || 812: Mercedes-benz Sprinter 4-T 2021-2026 l1    PK-S
9822,2,MULTI,797/803,PK-XL/无可用尺码,皮卡,Mercedes-benz,Sprinter 4-T,2021,,,,,PK-XL,797: Mercedes-benz Sprinter 4-T 2018-2026     PK-XL || 803: Mercedes-benz Sprinter 4-T 2020-2026     无可用尺码
9824,2,MULTI,799/808,PK-L/PK-XL,皮卡,Mercedes-benz,Sprinter 4-T,2021,dcab l2,,,,PK-XL,799: Mercedes-benz Sprinter 4-T 2019-2021 dcab l2    PK-L || 808: Mercedes-benz Sprinter 4-T 2021-2026 dcab l2    PK-XL
9840,2,MULTI,797/803,PK-XL/无可用尺码,皮卡,Mercedes-benz,Sprinter 4-T,2021,,,,,无可用尺码,797: Mercedes-benz Sprinter 4-T 2018-2026     PK-XL || 803: Mercedes-benz Sprinter 4-T 2020-2026     无可用尺码
9852,2,MULTI,797/803,PK-XL/无可用尺码,皮卡,Mercedes-benz,Sprinter 4-T,2022,,,,,PK-XL,797: Mercedes-benz Sprinter 4-T 2018-2026     PK-XL || 803: Mercedes-benz Sprinter 4-T 2020-2026     无可用尺码
9865,2,MULTI,797/803,PK-XL/无可用尺码,皮卡,Mercedes-benz,Sprinter 4-T,2022,,,,,无可用尺码,797: Mercedes-benz Sprinter 4-T 2018-2026     PK-XL || 803: Mercedes-benz Sprinter 4-T 2020-2026     无可用尺码
9877,2,MULTI,797/803,PK-XL/无可用尺码,皮卡,Mercedes-benz,Sprinter 4-T,2023,,,,,PK-XL,797: Mercedes-benz Sprinter 4-T 2018-2026     PK-XL || 803: Mercedes-benz Sprinter 4-T 2020-2026     无可用尺码
9890,2,MULTI,797/803,PK-XL/无可用尺码,皮卡,Mercedes-benz,Sprinter 4-T,2023,,,,,无可用尺码,797: Mercedes-benz Sprinter 4-T 2018-2026     PK-XL || 803: Mercedes-benz Sprinter 4-T 2020-2026     无可用尺码
9895,2,MULTI,798/825,PK-L/PK-XL,皮卡,Mercedes-benz,Sprinter 4-T,2024,l2,,,,PK-L,798: Mercedes-benz Sprinter 4-T 2018-2026 l2    PK-XL || 825: Mercedes-benz Sprinter 4-T 2024-2026 l2    PK-L
9903,2,MULTI,797/803,PK-XL/无可用尺码,皮卡,Mercedes-benz,Sprinter 4-T,2024,,,,,PK-XL,797: Mercedes-benz Sprinter 4-T 2018-2026     PK-XL || 803: Mercedes-benz Sprinter 4-T 2020-2026     无可用尺码
9907,2,MULTI,798/825,PK-L/PK-XL,皮卡,Mercedes-benz,Sprinter 4-T,2024,l2,,,,PK-XL,798: Mercedes-benz Sprinter 4-T 2018-2026 l2    PK-XL || 825: Mercedes-benz Sprinter 4-T 2024-2026 l2    PK-L
9917,2,MULTI,797/803,PK-XL/无可用尺码,皮卡,Mercedes-benz,Sprinter 4-T,2024,,,,,无可用尺码,797: Mercedes-benz Sprinter 4-T 2018-2026     PK-XL || 803: Mercedes-benz Sprinter 4-T 2020-2026     无可用尺码
9922,2,MULTI,798/825,PK-L/PK-XL,皮卡,Mercedes-benz,Sprinter 4-T,2025,l2,,,,PK-L,798: Mercedes-benz Sprinter 4-T 2018-2026 l2    PK-XL || 825: Mercedes-benz Sprinter 4-T 2024-2026 l2    PK-L
9930,2,MULTI,797/803,PK-XL/无可用尺码,皮卡,Mercedes-benz,Sprinter 4-T,2025,,,,,PK-XL,797: Mercedes-benz Sprinter 4-T 2018-2026     PK-XL || 803: Mercedes-benz Sprinter 4-T 2020-2026     无可用尺码
9934,2,MULTI,798/825,PK-L/PK-XL,皮卡,Mercedes-benz,Sprinter 4-T,2025,l2,,,,PK-XL,798: Mercedes-benz Sprinter 4-T 2018-2026 l2    PK-XL || 825: Mercedes-benz Sprinter 4-T 2024-2026 l2    PK-L
9944,2,MULTI,797/803,PK-XL/无可用尺码,皮卡,Mercedes-benz,Sprinter 4-T,2025,,,,,无可用尺码,797: Mercedes-benz Sprinter 4-T 2018-2026     PK-XL || 803: Mercedes-benz Sprinter 4-T 2020-2026     无可用尺码
9949,2,MULTI,798/825,PK-L/PK-XL,皮卡,Mercedes-benz,Sprinter 4-T,2026,l2,,,,PK-L,798: Mercedes-benz Sprinter 4-T 2018-2026 l2    PK-XL || 825: Mercedes-benz Sprinter 4-T 2024-2026 l2    PK-L
9957,2,MULTI,797/803,PK-XL/无可用尺码,皮卡,Mercedes-benz,Sprinter 4-T,2026,,,,,PK-XL,797: Mercedes-benz Sprinter 4-T 2018-2026     PK-XL || 803: Mercedes-benz Sprinter 4-T 2020-2026     无可用尺码
9961,2,MULTI,798/825,PK-L/PK-XL,皮卡,Mercedes-benz,Sprinter 4-T,2026,l2,,,,PK-XL,798: Mercedes-benz Sprinter 4-T 2018-2026 l2    PK-XL || 825: Mercedes-benz Sprinter 4-T 2024-2026 l2    PK-L
9971,2,MULTI,797/803,PK-XL/无可用尺码,皮卡,Mercedes-benz,Sprinter 4-T,2026,,,,,无可用尺码,797: Mercedes-benz Sprinter 4-T 2018-2026     PK-XL || 803: Mercedes-benz Sprinter 4-T 2020-2026     无可用尺码
10479,0,MISS,,,皮卡,Mercedes-benz,T1/tn,1981,wb3700,,,,PK-L,
10480,0,MISS,,,皮卡,Mercedes-benz,T1/tn,1981,wb3350,,,,PK-S,
10481,0,MISS,,,皮卡,Mercedes-benz,T1/tn,1982,wb3700,,,,PK-L,
10482,0,MISS,,,皮卡,Mercedes-benz,T1/tn,1982,wb3350,,,,PK-S,
10483,0,MISS,,,皮卡,Mercedes-benz,T1/tn,1983,wb3700,,,,PK-L,
10484,0,MISS,,,皮卡,Mercedes-benz,T1/tn,1983,wb3350,,,,PK-S,
10485,0,MISS,,,皮卡,Mercedes-benz,T1/tn,1984,wb3700,,,,PK-L,
10486,0,MISS,,,皮卡,Mercedes-benz,T1/tn,1984,wb3350,,,,PK-S,
10487,0,MISS,,,皮卡,Mercedes-benz,T1/tn,1985,wb3700,,,,PK-L,
10488,0,MISS,,,皮卡,Mercedes-benz,T1/tn,1985,wb3350,,,,PK-S,
10489,0,MISS,,,皮卡,Mercedes-benz,T1/tn,1986,wb3700,,,,PK-L,
10490,0,MISS,,,皮卡,Mercedes-benz,T1/tn,1986,wb3350,,,,PK-S,
10491,0,MISS,,,皮卡,Mercedes-benz,T1/tn,1987,wb3700,,,,PK-L,
10492,0,MISS,,,皮卡,Mercedes-benz,T1/tn,1987,wb3350,,,,PK-S,
10493,0,MISS,,,皮卡,Mercedes-benz,T1/tn,1988,wb3700,,,,PK-L,
10494,0,MISS,,,皮卡,Mercedes-benz,T1/tn,1988,wb3350,,,,PK-S,
10495,0,MISS,,,皮卡,Mercedes-benz,T1/tn,1989,wb3700,,,,PK-L,
10496,0,MISS,,,皮卡,Mercedes-benz,T1/tn,1989,wb3350,,,,PK-S,
10497,0,MISS,,,皮卡,Mercedes-benz,T1/tn,1990,wb3700,,,,PK-L,
10498,0,MISS,,,皮卡,Mercedes-benz,T1/tn,1990,wb3350,,,,PK-S,
10499,0,MISS,,,皮卡,Mercedes-benz,T1/tn,1991,wb3700,,,,PK-L,
10500,0,MISS,,,皮卡,Mercedes-benz,T1/tn,1991,wb3350,,,,PK-S,
10501,0,MISS,,,皮卡,Mercedes-benz,T1/tn,1992,wb3700,,,,PK-L,
10502,0,MISS,,,皮卡,Mercedes-benz,T1/tn,1992,wb3350,,,,PK-S,
10503,0,MISS,,,皮卡,Mercedes-benz,T1/tn,1993,wb3700,,,,PK-L,
10504,0,MISS,,,皮卡,Mercedes-benz,T1/tn,1993,wb3350,,,,PK-S,
10505,0,MISS,,,皮卡,Mercedes-benz,T1/tn,1994,wb3700,,,,PK-L,
10506,0,MISS,,,皮卡,Mercedes-benz,T1/tn,1994,wb3350,,,,PK-S,
10507,0,MISS,,,皮卡,Mercedes-benz,T1/tn,1995,wb3700,,,,PK-L,
10508,0,MISS,,,皮卡,Mercedes-benz,T1/tn,1995,wb3350,,,,PK-S,
10509,0,MISS,,,皮卡,Mercedes-benz,T2/l,1968,l1,,,,PK-S,
10510,0,MISS,,,皮卡,Mercedes-benz,T2/l,1968,l2,,,,PK-XL,
10511,0,MISS,,,皮卡,Mercedes-benz,T2/l,1968,,,,,数据不全,
10512,0,MISS,,,皮卡,Mercedes-benz,T2/l,1969,l1,,,,PK-S,
10513,0,MISS,,,皮卡,Mercedes-benz,T2/l,1969,l2,,,,PK-XL,
10514,0,MISS,,,皮卡,Mercedes-benz,T2/l,1969,,,,,数据不全,
10515,0,MISS,,,皮卡,Mercedes-benz,T2/l,1970,l1,,,,PK-S,
10516,0,MISS,,,皮卡,Mercedes-benz,T2/l,1970,l2,,,,PK-XL,
10517,0,MISS,,,皮卡,Mercedes-benz,T2/l,1970,,,,,数据不全,
10518,0,MISS,,,皮卡,Mercedes-benz,T2/l,1970,l3,,,,无可用尺码,
10519,0,MISS,,,皮卡,Mercedes-benz,T2/l,1971,l1,,,,PK-S,
10520,0,MISS,,,皮卡,Mercedes-benz,T2/l,1971,l2,,,,PK-XL,
10521,0,MISS,,,皮卡,Mercedes-benz,T2/l,1971,,,,,数据不全,
10522,0,MISS,,,皮卡,Mercedes-benz,T2/l,1971,l3,,,,无可用尺码,
10523,0,MISS,,,皮卡,Mercedes-benz,T2/l,1972,l1,,,,PK-S,
10524,0,MISS,,,皮卡,Mercedes-benz,T2/l,1972,l2,,,,PK-XL,
10525,0,MISS,,,皮卡,Mercedes-benz,T2/l,1972,,,,,数据不全,
10526,0,MISS,,,皮卡,Mercedes-benz,T2/l,1972,l3,,,,无可用尺码,
10527,0,MISS,,,皮卡,Mercedes-benz,T2/l,1973,l1,,,,PK-S,
10528,0,MISS,,,皮卡,Mercedes-benz,T2/l,1973,l2,,,,PK-XL,
10529,0,MISS,,,皮卡,Mercedes-benz,T2/l,1973,,,,,数据不全,
10530,0,MISS,,,皮卡,Mercedes-benz,T2/l,1973,l3,,,,无可用尺码,
10531,0,MISS,,,皮卡,Mercedes-benz,T2/l,1974,l1,,,,PK-S,
10532,0,MISS,,,皮卡,Mercedes-benz,T2/l,1974,l2,,,,PK-XL,
10533,0,MISS,,,皮卡,Mercedes-benz,T2/l,1974,,,,,数据不全,
10534,0,MISS,,,皮卡,Mercedes-benz,T2/l,1974,l3,,,,无可用尺码,
10535,0,MISS,,,皮卡,Mercedes-benz,T2/l,1975,l1,,,,PK-S,
10536,0,MISS,,,皮卡,Mercedes-benz,T2/l,1975,l2,,,,PK-XL,
10537,0,MISS,,,皮卡,Mercedes-benz,T2/l,1975,,,,,数据不全,
10538,0,MISS,,,皮卡,Mercedes-benz,T2/l,1975,l3,,,,无可用尺码,
10539,0,MISS,,,皮卡,Mercedes-benz,T2/l,1976,l1,,,,PK-S,
10540,0,MISS,,,皮卡,Mercedes-benz,T2/l,1976,l2,,,,PK-XL,
10541,0,MISS,,,皮卡,Mercedes-benz,T2/l,1976,,,,,数据不全,
10542,0,MISS,,,皮卡,Mercedes-benz,T2/l,1976,l3,,,,无可用尺码,
10543,0,MISS,,,皮卡,Mercedes-benz,T2/l,1977,l1,,,,PK-S,
10544,0,MISS,,,皮卡,Mercedes-benz,T2/l,1977,l2,,,,PK-XL,
10545,0,MISS,,,皮卡,Mercedes-benz,T2/l,1977,,,,,数据不全,
10546,0,MISS,,,皮卡,Mercedes-benz,T2/l,1977,l3,,,,无可用尺码,
10547,0,MISS,,,皮卡,Mercedes-benz,T2/l,1978,l1,,,,PK-S,
10548,0,MISS,,,皮卡,Mercedes-benz,T2/l,1978,l2,,,,PK-XL,
10549,0,MISS,,,皮卡,Mercedes-benz,T2/l,1978,,,,,数据不全,
10550,0,MISS,,,皮卡,Mercedes-benz,T2/l,1978,l3,,,,无可用尺码,
10551,0,MISS,,,皮卡,Mercedes-benz,T2/l,1979,l1,,,,PK-S,
10552,0,MISS,,,皮卡,Mercedes-benz,T2/l,1979,l2,,,,PK-XL,
10553,0,MISS,,,皮卡,Mercedes-benz,T2/l,1979,,,,,数据不全,
10554,0,MISS,,,皮卡,Mercedes-benz,T2/l,1979,l3,,,,无可用尺码,
10555,0,MISS,,,皮卡,Mercedes-benz,T2/l,1980,l1,,,,PK-S,
10556,0,MISS,,,皮卡,Mercedes-benz,T2/l,1980,l2,,,,PK-XL,
10557,0,MISS,,,皮卡,Mercedes-benz,T2/l,1980,,,,,数据不全,
10558,0,MISS,,,皮卡,Mercedes-benz,T2/l,1980,l3,,,,无可用尺码,
10559,0,MISS,,,皮卡,Mercedes-benz,T2/l,1981,l1,,,,PK-S,
10560,0,MISS,,,皮卡,Mercedes-benz,T2/l,1981,l2,,,,PK-XL,
10561,0,MISS,,,皮卡,Mercedes-benz,T2/l,1981,,,,,数据不全,
10562,0,MISS,,,皮卡,Mercedes-benz,T2/l,1981,l3,,,,无可用尺码,
10563,0,MISS,,,皮卡,Mercedes-benz,T2/l,1982,l1,,,,PK-S,
10564,0,MISS,,,皮卡,Mercedes-benz,T2/l,1982,l2,,,,PK-XL,
10565,0,MISS,,,皮卡,Mercedes-benz,T2/l,1982,,,,,数据不全,
10566,0,MISS,,,皮卡,Mercedes-benz,T2/l,1982,l3,,,,无可用尺码,
10567,0,MISS,,,皮卡,Mercedes-benz,T2/l,1983,l1,,,,PK-S,
10568,0,MISS,,,皮卡,Mercedes-benz,T2/l,1983,l2,,,,PK-XL,
10569,0,MISS,,,皮卡,Mercedes-benz,T2/l,1983,,,,,数据不全,
10570,0,MISS,,,皮卡,Mercedes-benz,T2/l,1983,l3,,,,无可用尺码,
10571,0,MISS,,,皮卡,Mercedes-benz,T2/l,1984,l1,,,,PK-S,
10572,0,MISS,,,皮卡,Mercedes-benz,T2/l,1984,l2,,,,PK-XL,
10573,0,MISS,,,皮卡,Mercedes-benz,T2/l,1984,,,,,数据不全,
10574,0,MISS,,,皮卡,Mercedes-benz,T2/l,1984,l3,,,,无可用尺码,
10575,0,MISS,,,皮卡,Mercedes-benz,T2/l,1985,l1,,,,PK-S,
10576,0,MISS,,,皮卡,Mercedes-benz,T2/l,1985,l2,,,,PK-XL,
10577,0,MISS,,,皮卡,Mercedes-benz,T2/l,1985,,,,,数据不全,
10578,0,MISS,,,皮卡,Mercedes-benz,T2/l,1985,l3,,,,无可用尺码,
10579,0,MISS,,,皮卡,Mercedes-benz,T2/l,1986,l1,,,,PK-S,
10580,0,MISS,,,皮卡,Mercedes-benz,T2/l,1986,l2,,,,PK-XL,
10581,0,MISS,,,皮卡,Mercedes-benz,T2/l,1986,,,,,数据不全,
10582,0,MISS,,,皮卡,Mercedes-benz,T2/l,1986,l3,,,,无可用尺码,
10583,0,MISS,,,皮卡,Mercedes-benz,T2/l,1987,l1,,,,PK-S,
10584,0,MISS,,,皮卡,Mercedes-benz,T2/l,1987,l2,,,,PK-XL,
10585,0,MISS,,,皮卡,Mercedes-benz,T2/l,1987,,,,,数据不全,
10586,0,MISS,,,皮卡,Mercedes-benz,T2/l,1987,l3,,,,无可用尺码,
10587,0,MISS,,,皮卡,Mercedes-benz,T2/l,1988,l1,,,,PK-S,
10588,0,MISS,,,皮卡,Mercedes-benz,T2/l,1988,l2,,,,PK-XL,
10589,0,MISS,,,皮卡,Mercedes-benz,T2/l,1988,,,,,数据不全,
10590,0,MISS,,,皮卡,Mercedes-benz,T2/l,1988,l3,,,,无可用尺码,
10591,0,MISS,,,皮卡,Mercedes-benz,T2/ln1,1986,l1,,,,PK-M,
10592,0,MISS,,,皮卡,Mercedes-benz,T2/ln1,1986,l2,,,,PK-XXL-645,
10593,0,MISS,,,皮卡,Mercedes-benz,T2/ln1,1986,,,,,数据不全,
10594,0,MISS,,,皮卡,Mercedes-benz,T2/ln1,1986,l3,,,,无可用尺码,
10595,0,MISS,,,皮卡,Mercedes-benz,T2/ln1,1987,l1,,,,PK-M,
10596,0,MISS,,,皮卡,Mercedes-benz,T2/ln1,1987,l2,,,,PK-XXL-645,
10597,0,MISS,,,皮卡,Mercedes-benz,T2/ln1,1987,,,,,数据不全,
10598,0,MISS,,,皮卡,Mercedes-benz,T2/ln1,1987,l3,,,,无可用尺码,
10599,0,MISS,,,皮卡,Mercedes-benz,T2/ln1,1988,l1,,,,PK-M,
10600,0,MISS,,,皮卡,Mercedes-benz,T2/ln1,1988,l2,,,,PK-XXL-645,
10601,0,MISS,,,皮卡,Mercedes-benz,T2/ln1,1988,,,,,数据不全,
10602,0,MISS,,,皮卡,Mercedes-benz,T2/ln1,1988,l3,,,,无可用尺码,
10603,0,MISS,,,皮卡,Mercedes-benz,T2/ln1,1989,l1,,,,PK-M,
10604,0,MISS,,,皮卡,Mercedes-benz,T2/ln1,1989,l2,,,,PK-XXL-645,
10605,0,MISS,,,皮卡,Mercedes-benz,T2/ln1,1989,,,,,数据不全,
10606,0,MISS,,,皮卡,Mercedes-benz,T2/ln1,1989,l3,,,,无可用尺码,
10607,0,MISS,,,皮卡,Mercedes-benz,T2/ln1,1990,l1,,,,PK-M,
10608,0,MISS,,,皮卡,Mercedes-benz,T2/ln1,1990,l2,,,,PK-XXL-645,
10609,0,MISS,,,皮卡,Mercedes-benz,T2/ln1,1990,l3,,,,无可用尺码,
10610,0,MISS,,,皮卡,Mercedes-benz,T2/ln1,1991,l1,,,,PK-M,
10611,0,MISS,,,皮卡,Mercedes-benz,T2/ln1,1991,l2,,,,PK-XXL-645,
10612,0,MISS,,,皮卡,Mercedes-benz,T2/ln1,1991,l3,,,,无可用尺码,
10613,0,MISS,,,皮卡,Mercedes-benz,T2/ln1,1992,l1,,,,PK-M,
10614,0,MISS,,,皮卡,Mercedes-benz,T2/ln1,1992,l2,,,,PK-XXL-645,
10615,0,MISS,,,皮卡,Mercedes-benz,T2/ln1,1992,l3,,,,无可用尺码,
10616,0,MISS,,,皮卡,Mercedes-benz,T2/ln1,1993,l1,,,,PK-M,
10617,0,MISS,,,皮卡,Mercedes-benz,T2/ln1,1993,l2,,,,PK-XXL-645,
10618,0,MISS,,,皮卡,Mercedes-benz,T2/ln1,1993,l3,,,,无可用尺码,
10619,0,MISS,,,皮卡,Mercedes-benz,T2/ln1,1994,l1,,,,PK-M,
10620,0,MISS,,,皮卡,Mercedes-benz,T2/ln1,1994,l2,,,,PK-XXL-645,
10621,0,MISS,,,皮卡,Mercedes-benz,T2/ln1,1994,l3,,,,无可用尺码,
10622,2,MULTI,848/849,PK-M/PK-S,皮卡,Mercedes-benz,Vario,1996,l1,,,,PK-M,848: Mercedes-benz Vario 1996-2026 l1    PK-M || 849: Mercedes-benz Vario 1996-2026 l1    PK-S
10625,2,MULTI,848/849,PK-M/PK-S,皮卡,Mercedes-benz,Vario,1996,l1,,,,PK-S,848: Mercedes-benz Vario 1996-2026 l1    PK-M || 849: Mercedes-benz Vario 1996-2026 l1    PK-S
10630,2,MULTI,854/855,PK-XL/PK-XXL-645,皮卡,Mercedes-benz,Vario,1996,l2,,,,PK-XL,854: Mercedes-benz Vario 1996-2026 l2    PK-XL || 855: Mercedes-benz Vario 1996-2026 l2    PK-XXL-645
10637,2,MULTI,854/855,PK-XL/PK-XXL-645,皮卡,Mercedes-benz,Vario,1996,l2,,,,PK-XXL-645,854: Mercedes-benz Vario 1996-2026 l2    PK-XL || 855: Mercedes-benz Vario 1996-2026 l2    PK-XXL-645
10656,2,MULTI,848/849,PK-M/PK-S,皮卡,Mercedes-benz,Vario,1997,l1,,,,PK-M,848: Mercedes-benz Vario 1996-2026 l1    PK-M || 849: Mercedes-benz Vario 1996-2026 l1    PK-S
10659,2,MULTI,848/849,PK-M/PK-S,皮卡,Mercedes-benz,Vario,1997,l1,,,,PK-S,848: Mercedes-benz Vario 1996-2026 l1    PK-M || 849: Mercedes-benz Vario 1996-2026 l1    PK-S
10664,2,MULTI,854/855,PK-XL/PK-XXL-645,皮卡,Mercedes-benz,Vario,1997,l2,,,,PK-XL,854: Mercedes-benz Vario 1996-2026 l2    PK-XL || 855: Mercedes-benz Vario 1996-2026 l2    PK-XXL-645
10671,2,MULTI,854/855,PK-XL/PK-XXL-645,皮卡,Mercedes-benz,Vario,1997,l2,,,,PK-XXL-645,854: Mercedes-benz Vario 1996-2026 l2    PK-XL || 855: Mercedes-benz Vario 1996-2026 l2    PK-XXL-645
10690,2,MULTI,848/849,PK-M/PK-S,皮卡,Mercedes-benz,Vario,1998,l1,,,,PK-M,848: Mercedes-benz Vario 1996-2026 l1    PK-M || 849: Mercedes-benz Vario 1996-2026 l1    PK-S
10693,2,MULTI,848/849,PK-M/PK-S,皮卡,Mercedes-benz,Vario,1998,l1,,,,PK-S,848: Mercedes-benz Vario 1996-2026 l1    PK-M || 849: Mercedes-benz Vario 1996-2026 l1    PK-S
10698,2,MULTI,854/855,PK-XL/PK-XXL-645,皮卡,Mercedes-benz,Vario,1998,l2,,,,PK-XL,854: Mercedes-benz Vario 1996-2026 l2    PK-XL || 855: Mercedes-benz Vario 1996-2026 l2    PK-XXL-645
10705,2,MULTI,854/855,PK-XL/PK-XXL-645,皮卡,Mercedes-benz,Vario,1998,l2,,,,PK-XXL-645,854: Mercedes-benz Vario 1996-2026 l2    PK-XL || 855: Mercedes-benz Vario 1996-2026 l2    PK-XXL-645
10724,2,MULTI,848/849,PK-M/PK-S,皮卡,Mercedes-benz,Vario,1999,l1,,,,PK-M,848: Mercedes-benz Vario 1996-2026 l1    PK-M || 849: Mercedes-benz Vario 1996-2026 l1    PK-S
10727,2,MULTI,848/849,PK-M/PK-S,皮卡,Mercedes-benz,Vario,1999,l1,,,,PK-S,848: Mercedes-benz Vario 1996-2026 l1    PK-M || 849: Mercedes-benz Vario 1996-2026 l1    PK-S
10732,2,MULTI,854/855,PK-XL/PK-XXL-645,皮卡,Mercedes-benz,Vario,1999,l2,,,,PK-XL,854: Mercedes-benz Vario 1996-2026 l2    PK-XL || 855: Mercedes-benz Vario 1996-2026 l2    PK-XXL-645
10739,2,MULTI,854/855,PK-XL/PK-XXL-645,皮卡,Mercedes-benz,Vario,1999,l2,,,,PK-XXL-645,854: Mercedes-benz Vario 1996-2026 l2    PK-XL || 855: Mercedes-benz Vario 1996-2026 l2    PK-XXL-645
10758,2,MULTI,848/849,PK-M/PK-S,皮卡,Mercedes-benz,Vario,2000,l1,,,,PK-M,848: Mercedes-benz Vario 1996-2026 l1    PK-M || 849: Mercedes-benz Vario 1996-2026 l1    PK-S
10761,2,MULTI,848/849,PK-M/PK-S,皮卡,Mercedes-benz,Vario,2000,l1,,,,PK-S,848: Mercedes-benz Vario 1996-2026 l1    PK-M || 849: Mercedes-benz Vario 1996-2026 l1    PK-S
10766,2,MULTI,854/855,PK-XL/PK-XXL-645,皮卡,Mercedes-benz,Vario,2000,l2,,,,PK-XL,854: Mercedes-benz Vario 1996-2026 l2    PK-XL || 855: Mercedes-benz Vario 1996-2026 l2    PK-XXL-645
10773,2,MULTI,854/855,PK-XL/PK-XXL-645,皮卡,Mercedes-benz,Vario,2000,l2,,,,PK-XXL-645,854: Mercedes-benz Vario 1996-2026 l2    PK-XL || 855: Mercedes-benz Vario 1996-2026 l2    PK-XXL-645
10792,2,MULTI,848/849,PK-M/PK-S,皮卡,Mercedes-benz,Vario,2001,l1,,,,PK-M,848: Mercedes-benz Vario 1996-2026 l1    PK-M || 849: Mercedes-benz Vario 1996-2026 l1    PK-S
10795,2,MULTI,848/849,PK-M/PK-S,皮卡,Mercedes-benz,Vario,2001,l1,,,,PK-S,848: Mercedes-benz Vario 1996-2026 l1    PK-M || 849: Mercedes-benz Vario 1996-2026 l1    PK-S
10800,2,MULTI,854/855,PK-XL/PK-XXL-645,皮卡,Mercedes-benz,Vario,2001,l2,,,,PK-XL,854: Mercedes-benz Vario 1996-2026 l2    PK-XL || 855: Mercedes-benz Vario 1996-2026 l2    PK-XXL-645
10807,2,MULTI,854/855,PK-XL/PK-XXL-645,皮卡,Mercedes-benz,Vario,2001,l2,,,,PK-XXL-645,854: Mercedes-benz Vario 1996-2026 l2    PK-XL || 855: Mercedes-benz Vario 1996-2026 l2    PK-XXL-645
10826,2,MULTI,848/849,PK-M/PK-S,皮卡,Mercedes-benz,Vario,2002,l1,,,,PK-M,848: Mercedes-benz Vario 1996-2026 l1    PK-M || 849: Mercedes-benz Vario 1996-2026 l1    PK-S
10829,2,MULTI,848/849,PK-M/PK-S,皮卡,Mercedes-benz,Vario,2002,l1,,,,PK-S,848: Mercedes-benz Vario 1996-2026 l1    PK-M || 849: Mercedes-benz Vario 1996-2026 l1    PK-S
10834,2,MULTI,854/855,PK-XL/PK-XXL-645,皮卡,Mercedes-benz,Vario,2002,l2,,,,PK-XL,854: Mercedes-benz Vario 1996-2026 l2    PK-XL || 855: Mercedes-benz Vario 1996-2026 l2    PK-XXL-645
10841,2,MULTI,854/855,PK-XL/PK-XXL-645,皮卡,Mercedes-benz,Vario,2002,l2,,,,PK-XXL-645,854: Mercedes-benz Vario 1996-2026 l2    PK-XL || 855: Mercedes-benz Vario 1996-2026 l2    PK-XXL-645
10860,2,MULTI,848/849,PK-M/PK-S,皮卡,Mercedes-benz,Vario,2003,l1,,,,PK-M,848: Mercedes-benz Vario 1996-2026 l1    PK-M || 849: Mercedes-benz Vario 1996-2026 l1    PK-S
10863,2,MULTI,848/849,PK-M/PK-S,皮卡,Mercedes-benz,Vario,2003,l1,,,,PK-S,848: Mercedes-benz Vario 1996-2026 l1    PK-M || 849: Mercedes-benz Vario 1996-2026 l1    PK-S
10868,2,MULTI,854/855,PK-XL/PK-XXL-645,皮卡,Mercedes-benz,Vario,2003,l2,,,,PK-XL,854: Mercedes-benz Vario 1996-2026 l2    PK-XL || 855: Mercedes-benz Vario 1996-2026 l2    PK-XXL-645
10875,2,MULTI,854/855,PK-XL/PK-XXL-645,皮卡,Mercedes-benz,Vario,2003,l2,,,,PK-XXL-645,854: Mercedes-benz Vario 1996-2026 l2    PK-XL || 855: Mercedes-benz Vario 1996-2026 l2    PK-XXL-645
10894,2,MULTI,848/849,PK-M/PK-S,皮卡,Mercedes-benz,Vario,2004,l1,,,,PK-M,848: Mercedes-benz Vario 1996-2026 l1    PK-M || 849: Mercedes-benz Vario 1996-2026 l1    PK-S
10897,2,MULTI,848/849,PK-M/PK-S,皮卡,Mercedes-benz,Vario,2004,l1,,,,PK-S,848: Mercedes-benz Vario 1996-2026 l1    PK-M || 849: Mercedes-benz Vario 1996-2026 l1    PK-S
10902,2,MULTI,854/855,PK-XL/PK-XXL-645,皮卡,Mercedes-benz,Vario,2004,l2,,,,PK-XL,854: Mercedes-benz Vario 1996-2026 l2    PK-XL || 855: Mercedes-benz Vario 1996-2026 l2    PK-XXL-645
10909,2,MULTI,854/855,PK-XL/PK-XXL-645,皮卡,Mercedes-benz,Vario,2004,l2,,,,PK-XXL-645,854: Mercedes-benz Vario 1996-2026 l2    PK-XL || 855: Mercedes-benz Vario 1996-2026 l2    PK-XXL-645
10928,2,MULTI,848/849,PK-M/PK-S,皮卡,Mercedes-benz,Vario,2005,l1,,,,PK-M,848: Mercedes-benz Vario 1996-2026 l1    PK-M || 849: Mercedes-benz Vario 1996-2026 l1    PK-S
10931,2,MULTI,848/849,PK-M/PK-S,皮卡,Mercedes-benz,Vario,2005,l1,,,,PK-S,848: Mercedes-benz Vario 1996-2026 l1    PK-M || 849: Mercedes-benz Vario 1996-2026 l1    PK-S
10936,2,MULTI,854/855,PK-XL/PK-XXL-645,皮卡,Mercedes-benz,Vario,2005,l2,,,,PK-XL,854: Mercedes-benz Vario 1996-2026 l2    PK-XL || 855: Mercedes-benz Vario 1996-2026 l2    PK-XXL-645
10943,2,MULTI,854/855,PK-XL/PK-XXL-645,皮卡,Mercedes-benz,Vario,2005,l2,,,,PK-XXL-645,854: Mercedes-benz Vario 1996-2026 l2    PK-XL || 855: Mercedes-benz Vario 1996-2026 l2    PK-XXL-645
10962,2,MULTI,848/849,PK-M/PK-S,皮卡,Mercedes-benz,Vario,2006,l1,,,,PK-M,848: Mercedes-benz Vario 1996-2026 l1    PK-M || 849: Mercedes-benz Vario 1996-2026 l1    PK-S
10966,2,MULTI,848/849,PK-M/PK-S,皮卡,Mercedes-benz,Vario,2006,l1,,,,PK-S,848: Mercedes-benz Vario 1996-2026 l1    PK-M || 849: Mercedes-benz Vario 1996-2026 l1    PK-S
10971,2,MULTI,854/855,PK-XL/PK-XXL-645,皮卡,Mercedes-benz,Vario,2006,l2,,,,PK-XL,854: Mercedes-benz Vario 1996-2026 l2    PK-XL || 855: Mercedes-benz Vario 1996-2026 l2    PK-XXL-645
10972,2,MULTI,857/872,PK-XL/PK-XXL-645,皮卡,Mercedes-benz,Vario,2006,l2 crew 670.322,,,,PK-XL,857: Mercedes-benz Vario 1996-2026 l2 crew 670.322    PK-XL || 872: Mercedes-benz Vario 2006-2026 l2 crew 670.322    PK-XXL-645
10974,2,MULTI,860/873,PK-XL/PK-XXL-645,皮卡,Mercedes-benz,Vario,2006,l2 std 670.322,,,,PK-XL,860: Mercedes-benz Vario 1996-2026 l2 std 670.322    PK-XL || 873: Mercedes-benz Vario 2006-2026 l2 std 670.322    PK-XXL-645
10978,2,MULTI,854/855,PK-XL/PK-XXL-645,皮卡,Mercedes-benz,Vario,2006,l2,,,,PK-XXL-645,854: Mercedes-benz Vario 1996-2026 l2    PK-XL || 855: Mercedes-benz Vario 1996-2026 l2    PK-XXL-645
10980,2,MULTI,857/872,PK-XL/PK-XXL-645,皮卡,Mercedes-benz,Vario,2006,l2 crew 670.322,,,,PK-XXL-645,857: Mercedes-benz Vario 1996-2026 l2 crew 670.322    PK-XL || 872: Mercedes-benz Vario 2006-2026 l2 crew 670.322    PK-XXL-645
10983,2,MULTI,860/873,PK-XL/PK-XXL-645,皮卡,Mercedes-benz,Vario,2006,l2 std 670.322,,,,PK-XXL-645,860: Mercedes-benz Vario 1996-2026 l2 std 670.322    PK-XL || 873: Mercedes-benz Vario 2006-2026 l2 std 670.322    PK-XXL-645
10999,2,MULTI,848/849,PK-M/PK-S,皮卡,Mercedes-benz,Vario,2007,l1,,,,PK-M,848: Mercedes-benz Vario 1996-2026 l1    PK-M || 849: Mercedes-benz Vario 1996-2026 l1    PK-S
11003,2,MULTI,848/849,PK-M/PK-S,皮卡,Mercedes-benz,Vario,2007,l1,,,,PK-S,848: Mercedes-benz Vario 1996-2026 l1    PK-M || 849: Mercedes-benz Vario 1996-2026 l1    PK-S
11008,2,MULTI,854/855,PK-XL/PK-XXL-645,皮卡,Mercedes-benz,Vario,2007,l2,,,,PK-XL,854: Mercedes-benz Vario 1996-2026 l2    PK-XL || 855: Mercedes-benz Vario 1996-2026 l2    PK-XXL-645
11009,2,MULTI,857/872,PK-XL/PK-XXL-645,皮卡,Mercedes-benz,Vario,2007,l2 crew 670.322,,,,PK-XL,857: Mercedes-benz Vario 1996-2026 l2 crew 670.322    PK-XL || 872: Mercedes-benz Vario 2006-2026 l2 crew 670.322    PK-XXL-645
11011,2,MULTI,860/873,PK-XL/PK-XXL-645,皮卡,Mercedes-benz,Vario,2007,l2 std 670.322,,,,PK-XL,860: Mercedes-benz Vario 1996-2026 l2 std 670.322    PK-XL || 873: Mercedes-benz Vario 2006-2026 l2 std 670.322    PK-XXL-645
11015,2,MULTI,854/855,PK-XL/PK-XXL-645,皮卡,Mercedes-benz,Vario,2007,l2,,,,PK-XXL-645,854: Mercedes-benz Vario 1996-2026 l2    PK-XL || 855: Mercedes-benz Vario 1996-2026 l2    PK-XXL-645
11017,2,MULTI,857/872,PK-XL/PK-XXL-645,皮卡,Mercedes-benz,Vario,2007,l2 crew 670.322,,,,PK-XXL-645,857: Mercedes-benz Vario 1996-2026 l2 crew 670.322    PK-XL || 872: Mercedes-benz Vario 2006-2026 l2 crew 670.322    PK-XXL-645
11020,2,MULTI,860/873,PK-XL/PK-XXL-645,皮卡,Mercedes-benz,Vario,2007,l2 std 670.322,,,,PK-XXL-645,860: Mercedes-benz Vario 1996-2026 l2 std 670.322    PK-XL || 873: Mercedes-benz Vario 2006-2026 l2 std 670.322    PK-XXL-645
11035,2,MULTI,848/849,PK-M/PK-S,皮卡,Mercedes-benz,Vario,2008,l1,,,,PK-M,848: Mercedes-benz Vario 1996-2026 l1    PK-M || 849: Mercedes-benz Vario 1996-2026 l1    PK-S
11039,2,MULTI,848/849,PK-M/PK-S,皮卡,Mercedes-benz,Vario,2008,l1,,,,PK-S,848: Mercedes-benz Vario 1996-2026 l1    PK-M || 849: Mercedes-benz Vario 1996-2026 l1    PK-S
11044,2,MULTI,854/855,PK-XL/PK-XXL-645,皮卡,Mercedes-benz,Vario,2008,l2,,,,PK-XL,854: Mercedes-benz Vario 1996-2026 l2    PK-XL || 855: Mercedes-benz Vario 1996-2026 l2    PK-XXL-645
11045,2,MULTI,857/872,PK-XL/PK-XXL-645,皮卡,Mercedes-benz,Vario,2008,l2 crew 670.322,,,,PK-XL,857: Mercedes-benz Vario 1996-2026 l2 crew 670.322    PK-XL || 872: Mercedes-benz Vario 2006-2026 l2 crew 670.322    PK-XXL-645
11047,2,MULTI,860/873,PK-XL/PK-XXL-645,皮卡,Mercedes-benz,Vario,2008,l2 std 670.322,,,,PK-XL,860: Mercedes-benz Vario 1996-2026 l2 std 670.322    PK-XL || 873: Mercedes-benz Vario 2006-2026 l2 std 670.322    PK-XXL-645
11051,2,MULTI,854/855,PK-XL/PK-XXL-645,皮卡,Mercedes-benz,Vario,2008,l2,,,,PK-XXL-645,854: Mercedes-benz Vario 1996-2026 l2    PK-XL || 855: Mercedes-benz Vario 1996-2026 l2    PK-XXL-645
11053,2,MULTI,857/872,PK-XL/PK-XXL-645,皮卡,Mercedes-benz,Vario,2008,l2 crew 670.322,,,,PK-XXL-645,857: Mercedes-benz Vario 1996-2026 l2 crew 670.322    PK-XL || 872: Mercedes-benz Vario 2006-2026 l2 crew 670.322    PK-XXL-645
11056,2,MULTI,860/873,PK-XL/PK-XXL-645,皮卡,Mercedes-benz,Vario,2008,l2 std 670.322,,,,PK-XXL-645,860: Mercedes-benz Vario 1996-2026 l2 std 670.322    PK-XL || 873: Mercedes-benz Vario 2006-2026 l2 std 670.322    PK-XXL-645
11071,2,MULTI,848/849,PK-M/PK-S,皮卡,Mercedes-benz,Vario,2009,l1,,,,PK-M,848: Mercedes-benz Vario 1996-2026 l1    PK-M || 849: Mercedes-benz Vario 1996-2026 l1    PK-S
11075,2,MULTI,848/849,PK-M/PK-S,皮卡,Mercedes-benz,Vario,2009,l1,,,,PK-S,848: Mercedes-benz Vario 1996-2026 l1    PK-M || 849: Mercedes-benz Vario 1996-2026 l1    PK-S
11080,2,MULTI,854/855,PK-XL/PK-XXL-645,皮卡,Mercedes-benz,Vario,2009,l2,,,,PK-XL,854: Mercedes-benz Vario 1996-2026 l2    PK-XL || 855: Mercedes-benz Vario 1996-2026 l2    PK-XXL-645
11081,2,MULTI,857/872,PK-XL/PK-XXL-645,皮卡,Mercedes-benz,Vario,2009,l2 crew 670.322,,,,PK-XL,857: Mercedes-benz Vario 1996-2026 l2 crew 670.322    PK-XL || 872: Mercedes-benz Vario 2006-2026 l2 crew 670.322    PK-XXL-645
11083,2,MULTI,860/873,PK-XL/PK-XXL-645,皮卡,Mercedes-benz,Vario,2009,l2 std 670.322,,,,PK-XL,860: Mercedes-benz Vario 1996-2026 l2 std 670.322    PK-XL || 873: Mercedes-benz Vario 2006-2026 l2 std 670.322    PK-XXL-645
11087,2,MULTI,854/855,PK-XL/PK-XXL-645,皮卡,Mercedes-benz,Vario,2009,l2,,,,PK-XXL-645,854: Mercedes-benz Vario 1996-2026 l2    PK-XL || 855: Mercedes-benz Vario 1996-2026 l2    PK-XXL-645
11089,2,MULTI,857/872,PK-XL/PK-XXL-645,皮卡,Mercedes-benz,Vario,2009,l2 crew 670.322,,,,PK-XXL-645,857: Mercedes-benz Vario 1996-2026 l2 crew 670.322    PK-XL || 872: Mercedes-benz Vario 2006-2026 l2 crew 670.322    PK-XXL-645
11092,2,MULTI,860/873,PK-XL/PK-XXL-645,皮卡,Mercedes-benz,Vario,2009,l2 std 670.322,,,,PK-XXL-645,860: Mercedes-benz Vario 1996-2026 l2 std 670.322    PK-XL || 873: Mercedes-benz Vario 2006-2026 l2 std 670.322    PK-XXL-645
11107,2,MULTI,848/849,PK-M/PK-S,皮卡,Mercedes-benz,Vario,2010,l1,,,,PK-M,848: Mercedes-benz Vario 1996-2026 l1    PK-M || 849: Mercedes-benz Vario 1996-2026 l1    PK-S
11111,2,MULTI,848/849,PK-M/PK-S,皮卡,Mercedes-benz,Vario,2010,l1,,,,PK-S,848: Mercedes-benz Vario 1996-2026 l1    PK-M || 849: Mercedes-benz Vario 1996-2026 l1    PK-S
11116,2,MULTI,854/855,PK-XL/PK-XXL-645,皮卡,Mercedes-benz,Vario,2010,l2,,,,PK-XL,854: Mercedes-benz Vario 1996-2026 l2    PK-XL || 855: Mercedes-benz Vario 1996-2026 l2    PK-XXL-645
11117,2,MULTI,857/872,PK-XL/PK-XXL-645,皮卡,Mercedes-benz,Vario,2010,l2 crew 670.322,,,,PK-XL,857: Mercedes-benz Vario 1996-2026 l2 crew 670.322    PK-XL || 872: Mercedes-benz Vario 2006-2026 l2 crew 670.322    PK-XXL-645
11119,2,MULTI,860/873,PK-XL/PK-XXL-645,皮卡,Mercedes-benz,Vario,2010,l2 std 670.322,,,,PK-XL,860: Mercedes-benz Vario 1996-2026 l2 std 670.322    PK-XL || 873: Mercedes-benz Vario 2006-2026 l2 std 670.322    PK-XXL-645
11123,2,MULTI,854/855,PK-XL/PK-XXL-645,皮卡,Mercedes-benz,Vario,2010,l2,,,,PK-XXL-645,854: Mercedes-benz Vario 1996-2026 l2    PK-XL || 855: Mercedes-benz Vario 1996-2026 l2    PK-XXL-645
11125,2,MULTI,857/872,PK-XL/PK-XXL-645,皮卡,Mercedes-benz,Vario,2010,l2 crew 670.322,,,,PK-XXL-645,857: Mercedes-benz Vario 1996-2026 l2 crew 670.322    PK-XL || 872: Mercedes-benz Vario 2006-2026 l2 crew 670.322    PK-XXL-645
11128,2,MULTI,860/873,PK-XL/PK-XXL-645,皮卡,Mercedes-benz,Vario,2010,l2 std 670.322,,,,PK-XXL-645,860: Mercedes-benz Vario 1996-2026 l2 std 670.322    PK-XL || 873: Mercedes-benz Vario 2006-2026 l2 std 670.322    PK-XXL-645
11143,2,MULTI,848/849,PK-M/PK-S,皮卡,Mercedes-benz,Vario,2011,l1,,,,PK-M,848: Mercedes-benz Vario 1996-2026 l1    PK-M || 849: Mercedes-benz Vario 1996-2026 l1    PK-S
11147,2,MULTI,848/849,PK-M/PK-S,皮卡,Mercedes-benz,Vario,2011,l1,,,,PK-S,848: Mercedes-benz Vario 1996-2026 l1    PK-M || 849: Mercedes-benz Vario 1996-2026 l1    PK-S
11152,2,MULTI,854/855,PK-XL/PK-XXL-645,皮卡,Mercedes-benz,Vario,2011,l2,,,,PK-XL,854: Mercedes-benz Vario 1996-2026 l2    PK-XL || 855: Mercedes-benz Vario 1996-2026 l2    PK-XXL-645
11153,2,MULTI,857/872,PK-XL/PK-XXL-645,皮卡,Mercedes-benz,Vario,2011,l2 crew 670.322,,,,PK-XL,857: Mercedes-benz Vario 1996-2026 l2 crew 670.322    PK-XL || 872: Mercedes-benz Vario 2006-2026 l2 crew 670.322    PK-XXL-645
11155,2,MULTI,860/873,PK-XL/PK-XXL-645,皮卡,Mercedes-benz,Vario,2011,l2 std 670.322,,,,PK-XL,860: Mercedes-benz Vario 1996-2026 l2 std 670.322    PK-XL || 873: Mercedes-benz Vario 2006-2026 l2 std 670.322    PK-XXL-645
11159,2,MULTI,854/855,PK-XL/PK-XXL-645,皮卡,Mercedes-benz,Vario,2011,l2,,,,PK-XXL-645,854: Mercedes-benz Vario 1996-2026 l2    PK-XL || 855: Mercedes-benz Vario 1996-2026 l2    PK-XXL-645
11161,2,MULTI,857/872,PK-XL/PK-XXL-645,皮卡,Mercedes-benz,Vario,2011,l2 crew 670.322,,,,PK-XXL-645,857: Mercedes-benz Vario 1996-2026 l2 crew 670.322    PK-XL || 872: Mercedes-benz Vario 2006-2026 l2 crew 670.322    PK-XXL-645
11164,2,MULTI,860/873,PK-XL/PK-XXL-645,皮卡,Mercedes-benz,Vario,2011,l2 std 670.322,,,,PK-XXL-645,860: Mercedes-benz Vario 1996-2026 l2 std 670.322    PK-XL || 873: Mercedes-benz Vario 2006-2026 l2 std 670.322    PK-XXL-645
11178,2,MULTI,848/849,PK-M/PK-S,皮卡,Mercedes-benz,Vario,2012,l1,,,,PK-M,848: Mercedes-benz Vario 1996-2026 l1    PK-M || 849: Mercedes-benz Vario 1996-2026 l1    PK-S
11182,2,MULTI,848/849,PK-M/PK-S,皮卡,Mercedes-benz,Vario,2012,l1,,,,PK-S,848: Mercedes-benz Vario 1996-2026 l1    PK-M || 849: Mercedes-benz Vario 1996-2026 l1    PK-S
11187,2,MULTI,854/855,PK-XL/PK-XXL-645,皮卡,Mercedes-benz,Vario,2012,l2,,,,PK-XL,854: Mercedes-benz Vario 1996-2026 l2    PK-XL || 855: Mercedes-benz Vario 1996-2026 l2    PK-XXL-645
11188,2,MULTI,857/872,PK-XL/PK-XXL-645,皮卡,Mercedes-benz,Vario,2012,l2 crew 670.322,,,,PK-XL,857: Mercedes-benz Vario 1996-2026 l2 crew 670.322    PK-XL || 872: Mercedes-benz Vario 2006-2026 l2 crew 670.322    PK-XXL-645
11190,2,MULTI,860/873,PK-XL/PK-XXL-645,皮卡,Mercedes-benz,Vario,2012,l2 std 670.322,,,,PK-XL,860: Mercedes-benz Vario 1996-2026 l2 std 670.322    PK-XL || 873: Mercedes-benz Vario 2006-2026 l2 std 670.322    PK-XXL-645
11194,2,MULTI,854/855,PK-XL/PK-XXL-645,皮卡,Mercedes-benz,Vario,2012,l2,,,,PK-XXL-645,854: Mercedes-benz Vario 1996-2026 l2    PK-XL || 855: Mercedes-benz Vario 1996-2026 l2    PK-XXL-645
11196,2,MULTI,857/872,PK-XL/PK-XXL-645,皮卡,Mercedes-benz,Vario,2012,l2 crew 670.322,,,,PK-XXL-645,857: Mercedes-benz Vario 1996-2026 l2 crew 670.322    PK-XL || 872: Mercedes-benz Vario 2006-2026 l2 crew 670.322    PK-XXL-645
11199,2,MULTI,860/873,PK-XL/PK-XXL-645,皮卡,Mercedes-benz,Vario,2012,l2 std 670.322,,,,PK-XXL-645,860: Mercedes-benz Vario 1996-2026 l2 std 670.322    PK-XL || 873: Mercedes-benz Vario 2006-2026 l2 std 670.322    PK-XXL-645
11213,2,MULTI,848/849,PK-M/PK-S,皮卡,Mercedes-benz,Vario,2013,l1,,,,PK-M,848: Mercedes-benz Vario 1996-2026 l1    PK-M || 849: Mercedes-benz Vario 1996-2026 l1    PK-S
11217,2,MULTI,848/849,PK-M/PK-S,皮卡,Mercedes-benz,Vario,2013,l1,,,,PK-S,848: Mercedes-benz Vario 1996-2026 l1    PK-M || 849: Mercedes-benz Vario 1996-2026 l1    PK-S
11222,2,MULTI,854/855,PK-XL/PK-XXL-645,皮卡,Mercedes-benz,Vario,2013,l2,,,,PK-XL,854: Mercedes-benz Vario 1996-2026 l2    PK-XL || 855: Mercedes-benz Vario 1996-2026 l2    PK-XXL-645
11223,2,MULTI,857/872,PK-XL/PK-XXL-645,皮卡,Mercedes-benz,Vario,2013,l2 crew 670.322,,,,PK-XL,857: Mercedes-benz Vario 1996-2026 l2 crew 670.322    PK-XL || 872: Mercedes-benz Vario 2006-2026 l2 crew 670.322    PK-XXL-645
11225,2,MULTI,860/873,PK-XL/PK-XXL-645,皮卡,Mercedes-benz,Vario,2013,l2 std 670.322,,,,PK-XL,860: Mercedes-benz Vario 1996-2026 l2 std 670.322    PK-XL || 873: Mercedes-benz Vario 2006-2026 l2 std 670.322    PK-XXL-645
11229,2,MULTI,854/855,PK-XL/PK-XXL-645,皮卡,Mercedes-benz,Vario,2013,l2,,,,PK-XXL-645,854: Mercedes-benz Vario 1996-2026 l2    PK-XL || 855: Mercedes-benz Vario 1996-2026 l2    PK-XXL-645
11231,2,MULTI,857/872,PK-XL/PK-XXL-645,皮卡,Mercedes-benz,Vario,2013,l2 crew 670.322,,,,PK-XXL-645,857: Mercedes-benz Vario 1996-2026 l2 crew 670.322    PK-XL || 872: Mercedes-benz Vario 2006-2026 l2 crew 670.322    PK-XXL-645
11234,2,MULTI,860/873,PK-XL/PK-XXL-645,皮卡,Mercedes-benz,Vario,2013,l2 std 670.322,,,,PK-XXL-645,860: Mercedes-benz Vario 1996-2026 l2 std 670.322    PK-XL || 873: Mercedes-benz Vario 2006-2026 l2 std 670.322    PK-XXL-645
11248,2,MULTI,848/849,PK-M/PK-S,皮卡,Mercedes-benz,Vario,2014,l1,,,,PK-M,848: Mercedes-benz Vario 1996-2026 l1    PK-M || 849: Mercedes-benz Vario 1996-2026 l1    PK-S
11251,2,MULTI,848/849,PK-M/PK-S,皮卡,Mercedes-benz,Vario,2014,l1,,,,PK-S,848: Mercedes-benz Vario 1996-2026 l1    PK-M || 849: Mercedes-benz Vario 1996-2026 l1    PK-S
11255,2,MULTI,854/855,PK-XL/PK-XXL-645,皮卡,Mercedes-benz,Vario,2014,l2,,,,PK-XL,854: Mercedes-benz Vario 1996-2026 l2    PK-XL || 855: Mercedes-benz Vario 1996-2026 l2    PK-XXL-645
11256,2,MULTI,857/872,PK-XL/PK-XXL-645,皮卡,Mercedes-benz,Vario,2014,l2 crew 670.322,,,,PK-XL,857: Mercedes-benz Vario 1996-2026 l2 crew 670.322    PK-XL || 872: Mercedes-benz Vario 2006-2026 l2 crew 670.322    PK-XXL-645
11258,2,MULTI,860/873,PK-XL/PK-XXL-645,皮卡,Mercedes-benz,Vario,2014,l2 std 670.322,,,,PK-XL,860: Mercedes-benz Vario 1996-2026 l2 std 670.322    PK-XL || 873: Mercedes-benz Vario 2006-2026 l2 std 670.322    PK-XXL-645
11261,2,MULTI,854/855,PK-XL/PK-XXL-645,皮卡,Mercedes-benz,Vario,2014,l2,,,,PK-XXL-645,854: Mercedes-benz Vario 1996-2026 l2    PK-XL || 855: Mercedes-benz Vario 1996-2026 l2    PK-XXL-645
11263,2,MULTI,857/872,PK-XL/PK-XXL-645,皮卡,Mercedes-benz,Vario,2014,l2 crew 670.322,,,,PK-XXL-645,857: Mercedes-benz Vario 1996-2026 l2 crew 670.322    PK-XL || 872: Mercedes-benz Vario 2006-2026 l2 crew 670.322    PK-XXL-645
11265,2,MULTI,860/873,PK-XL/PK-XXL-645,皮卡,Mercedes-benz,Vario,2014,l2 std 670.322,,,,PK-XXL-645,860: Mercedes-benz Vario 1996-2026 l2 std 670.322    PK-XL || 873: Mercedes-benz Vario 2006-2026 l2 std 670.322    PK-XXL-645
11274,2,MULTI,848/849,PK-M/PK-S,皮卡,Mercedes-benz,Vario,2015,l1,,,,PK-M,848: Mercedes-benz Vario 1996-2026 l1    PK-M || 849: Mercedes-benz Vario 1996-2026 l1    PK-S
11277,2,MULTI,848/849,PK-M/PK-S,皮卡,Mercedes-benz,Vario,2015,l1,,,,PK-S,848: Mercedes-benz Vario 1996-2026 l1    PK-M || 849: Mercedes-benz Vario 1996-2026 l1    PK-S
11281,2,MULTI,854/855,PK-XL/PK-XXL-645,皮卡,Mercedes-benz,Vario,2015,l2,,,,PK-XL,854: Mercedes-benz Vario 1996-2026 l2    PK-XL || 855: Mercedes-benz Vario 1996-2026 l2    PK-XXL-645
11282,2,MULTI,857/872,PK-XL/PK-XXL-645,皮卡,Mercedes-benz,Vario,2015,l2 crew 670.322,,,,PK-XL,857: Mercedes-benz Vario 1996-2026 l2 crew 670.322    PK-XL || 872: Mercedes-benz Vario 2006-2026 l2 crew 670.322    PK-XXL-645
11284,2,MULTI,860/873,PK-XL/PK-XXL-645,皮卡,Mercedes-benz,Vario,2015,l2 std 670.322,,,,PK-XL,860: Mercedes-benz Vario 1996-2026 l2 std 670.322    PK-XL || 873: Mercedes-benz Vario 2006-2026 l2 std 670.322    PK-XXL-645
11287,2,MULTI,854/855,PK-XL/PK-XXL-645,皮卡,Mercedes-benz,Vario,2015,l2,,,,PK-XXL-645,854: Mercedes-benz Vario 1996-2026 l2    PK-XL || 855: Mercedes-benz Vario 1996-2026 l2    PK-XXL-645
11289,2,MULTI,857/872,PK-XL/PK-XXL-645,皮卡,Mercedes-benz,Vario,2015,l2 crew 670.322,,,,PK-XXL-645,857: Mercedes-benz Vario 1996-2026 l2 crew 670.322    PK-XL || 872: Mercedes-benz Vario 2006-2026 l2 crew 670.322    PK-XXL-645
11291,2,MULTI,860/873,PK-XL/PK-XXL-645,皮卡,Mercedes-benz,Vario,2015,l2 std 670.322,,,,PK-XXL-645,860: Mercedes-benz Vario 1996-2026 l2 std 670.322    PK-XL || 873: Mercedes-benz Vario 2006-2026 l2 std 670.322    PK-XXL-645
11300,2,MULTI,848/849,PK-M/PK-S,皮卡,Mercedes-benz,Vario,2016,l1,,,,PK-M,848: Mercedes-benz Vario 1996-2026 l1    PK-M || 849: Mercedes-benz Vario 1996-2026 l1    PK-S
11303,2,MULTI,848/849,PK-M/PK-S,皮卡,Mercedes-benz,Vario,2016,l1,,,,PK-S,848: Mercedes-benz Vario 1996-2026 l1    PK-M || 849: Mercedes-benz Vario 1996-2026 l1    PK-S
11307,2,MULTI,854/855,PK-XL/PK-XXL-645,皮卡,Mercedes-benz,Vario,2016,l2,,,,PK-XL,854: Mercedes-benz Vario 1996-2026 l2    PK-XL || 855: Mercedes-benz Vario 1996-2026 l2    PK-XXL-645
11308,2,MULTI,857/872,PK-XL/PK-XXL-645,皮卡,Mercedes-benz,Vario,2016,l2 crew 670.322,,,,PK-XL,857: Mercedes-benz Vario 1996-2026 l2 crew 670.322    PK-XL || 872: Mercedes-benz Vario 2006-2026 l2 crew 670.322    PK-XXL-645
11310,2,MULTI,860/873,PK-XL/PK-XXL-645,皮卡,Mercedes-benz,Vario,2016,l2 std 670.322,,,,PK-XL,860: Mercedes-benz Vario 1996-2026 l2 std 670.322    PK-XL || 873: Mercedes-benz Vario 2006-2026 l2 std 670.322    PK-XXL-645
11313,2,MULTI,854/855,PK-XL/PK-XXL-645,皮卡,Mercedes-benz,Vario,2016,l2,,,,PK-XXL-645,854: Mercedes-benz Vario 1996-2026 l2    PK-XL || 855: Mercedes-benz Vario 1996-2026 l2    PK-XXL-645
11315,2,MULTI,857/872,PK-XL/PK-XXL-645,皮卡,Mercedes-benz,Vario,2016,l2 crew 670.322,,,,PK-XXL-645,857: Mercedes-benz Vario 1996-2026 l2 crew 670.322    PK-XL || 872: Mercedes-benz Vario 2006-2026 l2 crew 670.322    PK-XXL-645
11317,2,MULTI,860/873,PK-XL/PK-XXL-645,皮卡,Mercedes-benz,Vario,2016,l2 std 670.322,,,,PK-XXL-645,860: Mercedes-benz Vario 1996-2026 l2 std 670.322    PK-XL || 873: Mercedes-benz Vario 2006-2026 l2 std 670.322    PK-XXL-645
11326,2,MULTI,848/849,PK-M/PK-S,皮卡,Mercedes-benz,Vario,2017,l1,,,,PK-M,848: Mercedes-benz Vario 1996-2026 l1    PK-M || 849: Mercedes-benz Vario 1996-2026 l1    PK-S
11329,2,MULTI,848/849,PK-M/PK-S,皮卡,Mercedes-benz,Vario,2017,l1,,,,PK-S,848: Mercedes-benz Vario 1996-2026 l1    PK-M || 849: Mercedes-benz Vario 1996-2026 l1    PK-S
11333,2,MULTI,854/855,PK-XL/PK-XXL-645,皮卡,Mercedes-benz,Vario,2017,l2,,,,PK-XL,854: Mercedes-benz Vario 1996-2026 l2    PK-XL || 855: Mercedes-benz Vario 1996-2026 l2    PK-XXL-645
11334,2,MULTI,857/872,PK-XL/PK-XXL-645,皮卡,Mercedes-benz,Vario,2017,l2 crew 670.322,,,,PK-XL,857: Mercedes-benz Vario 1996-2026 l2 crew 670.322    PK-XL || 872: Mercedes-benz Vario 2006-2026 l2 crew 670.322    PK-XXL-645
11336,2,MULTI,860/873,PK-XL/PK-XXL-645,皮卡,Mercedes-benz,Vario,2017,l2 std 670.322,,,,PK-XL,860: Mercedes-benz Vario 1996-2026 l2 std 670.322    PK-XL || 873: Mercedes-benz Vario 2006-2026 l2 std 670.322    PK-XXL-645
11339,2,MULTI,854/855,PK-XL/PK-XXL-645,皮卡,Mercedes-benz,Vario,2017,l2,,,,PK-XXL-645,854: Mercedes-benz Vario 1996-2026 l2    PK-XL || 855: Mercedes-benz Vario 1996-2026 l2    PK-XXL-645
11341,2,MULTI,857/872,PK-XL/PK-XXL-645,皮卡,Mercedes-benz,Vario,2017,l2 crew 670.322,,,,PK-XXL-645,857: Mercedes-benz Vario 1996-2026 l2 crew 670.322    PK-XL || 872: Mercedes-benz Vario 2006-2026 l2 crew 670.322    PK-XXL-645
11343,2,MULTI,860/873,PK-XL/PK-XXL-645,皮卡,Mercedes-benz,Vario,2017,l2 std 670.322,,,,PK-XXL-645,860: Mercedes-benz Vario 1996-2026 l2 std 670.322    PK-XL || 873: Mercedes-benz Vario 2006-2026 l2 std 670.322    PK-XXL-645
11352,2,MULTI,848/849,PK-M/PK-S,皮卡,Mercedes-benz,Vario,2018,l1,,,,PK-M,848: Mercedes-benz Vario 1996-2026 l1    PK-M || 849: Mercedes-benz Vario 1996-2026 l1    PK-S
11355,2,MULTI,848/849,PK-M/PK-S,皮卡,Mercedes-benz,Vario,2018,l1,,,,PK-S,848: Mercedes-benz Vario 1996-2026 l1    PK-M || 849: Mercedes-benz Vario 1996-2026 l1    PK-S
11359,2,MULTI,854/855,PK-XL/PK-XXL-645,皮卡,Mercedes-benz,Vario,2018,l2,,,,PK-XL,854: Mercedes-benz Vario 1996-2026 l2    PK-XL || 855: Mercedes-benz Vario 1996-2026 l2    PK-XXL-645
11360,2,MULTI,857/872,PK-XL/PK-XXL-645,皮卡,Mercedes-benz,Vario,2018,l2 crew 670.322,,,,PK-XL,857: Mercedes-benz Vario 1996-2026 l2 crew 670.322    PK-XL || 872: Mercedes-benz Vario 2006-2026 l2 crew 670.322    PK-XXL-645
11362,2,MULTI,860/873,PK-XL/PK-XXL-645,皮卡,Mercedes-benz,Vario,2018,l2 std 670.322,,,,PK-XL,860: Mercedes-benz Vario 1996-2026 l2 std 670.322    PK-XL || 873: Mercedes-benz Vario 2006-2026 l2 std 670.322    PK-XXL-645
11365,2,MULTI,854/855,PK-XL/PK-XXL-645,皮卡,Mercedes-benz,Vario,2018,l2,,,,PK-XXL-645,854: Mercedes-benz Vario 1996-2026 l2    PK-XL || 855: Mercedes-benz Vario 1996-2026 l2    PK-XXL-645
11367,2,MULTI,857/872,PK-XL/PK-XXL-645,皮卡,Mercedes-benz,Vario,2018,l2 crew 670.322,,,,PK-XXL-645,857: Mercedes-benz Vario 1996-2026 l2 crew 670.322    PK-XL || 872: Mercedes-benz Vario 2006-2026 l2 crew 670.322    PK-XXL-645
11369,2,MULTI,860/873,PK-XL/PK-XXL-645,皮卡,Mercedes-benz,Vario,2018,l2 std 670.322,,,,PK-XXL-645,860: Mercedes-benz Vario 1996-2026 l2 std 670.322    PK-XL || 873: Mercedes-benz Vario 2006-2026 l2 std 670.322    PK-XXL-645
11378,2,MULTI,848/849,PK-M/PK-S,皮卡,Mercedes-benz,Vario,2019,l1,,,,PK-M,848: Mercedes-benz Vario 1996-2026 l1    PK-M || 849: Mercedes-benz Vario 1996-2026 l1    PK-S
11381,2,MULTI,848/849,PK-M/PK-S,皮卡,Mercedes-benz,Vario,2019,l1,,,,PK-S,848: Mercedes-benz Vario 1996-2026 l1    PK-M || 849: Mercedes-benz Vario 1996-2026 l1    PK-S
11385,2,MULTI,854/855,PK-XL/PK-XXL-645,皮卡,Mercedes-benz,Vario,2019,l2,,,,PK-XL,854: Mercedes-benz Vario 1996-2026 l2    PK-XL || 855: Mercedes-benz Vario 1996-2026 l2    PK-XXL-645
11386,2,MULTI,857/872,PK-XL/PK-XXL-645,皮卡,Mercedes-benz,Vario,2019,l2 crew 670.322,,,,PK-XL,857: Mercedes-benz Vario 1996-2026 l2 crew 670.322    PK-XL || 872: Mercedes-benz Vario 2006-2026 l2 crew 670.322    PK-XXL-645
11388,2,MULTI,860/873,PK-XL/PK-XXL-645,皮卡,Mercedes-benz,Vario,2019,l2 std 670.322,,,,PK-XL,860: Mercedes-benz Vario 1996-2026 l2 std 670.322    PK-XL || 873: Mercedes-benz Vario 2006-2026 l2 std 670.322    PK-XXL-645
11391,2,MULTI,854/855,PK-XL/PK-XXL-645,皮卡,Mercedes-benz,Vario,2019,l2,,,,PK-XXL-645,854: Mercedes-benz Vario 1996-2026 l2    PK-XL || 855: Mercedes-benz Vario 1996-2026 l2    PK-XXL-645
11393,2,MULTI,857/872,PK-XL/PK-XXL-645,皮卡,Mercedes-benz,Vario,2019,l2 crew 670.322,,,,PK-XXL-645,857: Mercedes-benz Vario 1996-2026 l2 crew 670.322    PK-XL || 872: Mercedes-benz Vario 2006-2026 l2 crew 670.322    PK-XXL-645
11395,2,MULTI,860/873,PK-XL/PK-XXL-645,皮卡,Mercedes-benz,Vario,2019,l2 std 670.322,,,,PK-XXL-645,860: Mercedes-benz Vario 1996-2026 l2 std 670.322    PK-XL || 873: Mercedes-benz Vario 2006-2026 l2 std 670.322    PK-XXL-645
11404,2,MULTI,848/849,PK-M/PK-S,皮卡,Mercedes-benz,Vario,2020,l1,,,,PK-M,848: Mercedes-benz Vario 1996-2026 l1    PK-M || 849: Mercedes-benz Vario 1996-2026 l1    PK-S
11407,2,MULTI,848/849,PK-M/PK-S,皮卡,Mercedes-benz,Vario,2020,l1,,,,PK-S,848: Mercedes-benz Vario 1996-2026 l1    PK-M || 849: Mercedes-benz Vario 1996-2026 l1    PK-S
11411,2,MULTI,854/855,PK-XL/PK-XXL-645,皮卡,Mercedes-benz,Vario,2020,l2,,,,PK-XL,854: Mercedes-benz Vario 1996-2026 l2    PK-XL || 855: Mercedes-benz Vario 1996-2026 l2    PK-XXL-645
11412,2,MULTI,857/872,PK-XL/PK-XXL-645,皮卡,Mercedes-benz,Vario,2020,l2 crew 670.322,,,,PK-XL,857: Mercedes-benz Vario 1996-2026 l2 crew 670.322    PK-XL || 872: Mercedes-benz Vario 2006-2026 l2 crew 670.322    PK-XXL-645
11414,2,MULTI,860/873,PK-XL/PK-XXL-645,皮卡,Mercedes-benz,Vario,2020,l2 std 670.322,,,,PK-XL,860: Mercedes-benz Vario 1996-2026 l2 std 670.322    PK-XL || 873: Mercedes-benz Vario 2006-2026 l2 std 670.322    PK-XXL-645
11417,2,MULTI,854/855,PK-XL/PK-XXL-645,皮卡,Mercedes-benz,Vario,2020,l2,,,,PK-XXL-645,854: Mercedes-benz Vario 1996-2026 l2    PK-XL || 855: Mercedes-benz Vario 1996-2026 l2    PK-XXL-645
11419,2,MULTI,857/872,PK-XL/PK-XXL-645,皮卡,Mercedes-benz,Vario,2020,l2 crew 670.322,,,,PK-XXL-645,857: Mercedes-benz Vario 1996-2026 l2 crew 670.322    PK-XL || 872: Mercedes-benz Vario 2006-2026 l2 crew 670.322    PK-XXL-645
11421,2,MULTI,860/873,PK-XL/PK-XXL-645,皮卡,Mercedes-benz,Vario,2020,l2 std 670.322,,,,PK-XXL-645,860: Mercedes-benz Vario 1996-2026 l2 std 670.322    PK-XL || 873: Mercedes-benz Vario 2006-2026 l2 std 670.322    PK-XXL-645
11430,2,MULTI,848/849,PK-M/PK-S,皮卡,Mercedes-benz,Vario,2021,l1,,,,PK-M,848: Mercedes-benz Vario 1996-2026 l1    PK-M || 849: Mercedes-benz Vario 1996-2026 l1    PK-S
11433,2,MULTI,848/849,PK-M/PK-S,皮卡,Mercedes-benz,Vario,2021,l1,,,,PK-S,848: Mercedes-benz Vario 1996-2026 l1    PK-M || 849: Mercedes-benz Vario 1996-2026 l1    PK-S
11437,2,MULTI,854/855,PK-XL/PK-XXL-645,皮卡,Mercedes-benz,Vario,2021,l2,,,,PK-XL,854: Mercedes-benz Vario 1996-2026 l2    PK-XL || 855: Mercedes-benz Vario 1996-2026 l2    PK-XXL-645
11438,2,MULTI,857/872,PK-XL/PK-XXL-645,皮卡,Mercedes-benz,Vario,2021,l2 crew 670.322,,,,PK-XL,857: Mercedes-benz Vario 1996-2026 l2 crew 670.322    PK-XL || 872: Mercedes-benz Vario 2006-2026 l2 crew 670.322    PK-XXL-645
11440,2,MULTI,860/873,PK-XL/PK-XXL-645,皮卡,Mercedes-benz,Vario,2021,l2 std 670.322,,,,PK-XL,860: Mercedes-benz Vario 1996-2026 l2 std 670.322    PK-XL || 873: Mercedes-benz Vario 2006-2026 l2 std 670.322    PK-XXL-645
11443,2,MULTI,854/855,PK-XL/PK-XXL-645,皮卡,Mercedes-benz,Vario,2021,l2,,,,PK-XXL-645,854: Mercedes-benz Vario 1996-2026 l2    PK-XL || 855: Mercedes-benz Vario 1996-2026 l2    PK-XXL-645
11445,2,MULTI,857/872,PK-XL/PK-XXL-645,皮卡,Mercedes-benz,Vario,2021,l2 crew 670.322,,,,PK-XXL-645,857: Mercedes-benz Vario 1996-2026 l2 crew 670.322    PK-XL || 872: Mercedes-benz Vario 2006-2026 l2 crew 670.322    PK-XXL-645
11447,2,MULTI,860/873,PK-XL/PK-XXL-645,皮卡,Mercedes-benz,Vario,2021,l2 std 670.322,,,,PK-XXL-645,860: Mercedes-benz Vario 1996-2026 l2 std 670.322    PK-XL || 873: Mercedes-benz Vario 2006-2026 l2 std 670.322    PK-XXL-645
11456,2,MULTI,848/849,PK-M/PK-S,皮卡,Mercedes-benz,Vario,2022,l1,,,,PK-M,848: Mercedes-benz Vario 1996-2026 l1    PK-M || 849: Mercedes-benz Vario 1996-2026 l1    PK-S
11459,2,MULTI,848/849,PK-M/PK-S,皮卡,Mercedes-benz,Vario,2022,l1,,,,PK-S,848: Mercedes-benz Vario 1996-2026 l1    PK-M || 849: Mercedes-benz Vario 1996-2026 l1    PK-S
11463,2,MULTI,854/855,PK-XL/PK-XXL-645,皮卡,Mercedes-benz,Vario,2022,l2,,,,PK-XL,854: Mercedes-benz Vario 1996-2026 l2    PK-XL || 855: Mercedes-benz Vario 1996-2026 l2    PK-XXL-645
11464,2,MULTI,857/872,PK-XL/PK-XXL-645,皮卡,Mercedes-benz,Vario,2022,l2 crew 670.322,,,,PK-XL,857: Mercedes-benz Vario 1996-2026 l2 crew 670.322    PK-XL || 872: Mercedes-benz Vario 2006-2026 l2 crew 670.322    PK-XXL-645
11466,2,MULTI,860/873,PK-XL/PK-XXL-645,皮卡,Mercedes-benz,Vario,2022,l2 std 670.322,,,,PK-XL,860: Mercedes-benz Vario 1996-2026 l2 std 670.322    PK-XL || 873: Mercedes-benz Vario 2006-2026 l2 std 670.322    PK-XXL-645
11469,2,MULTI,854/855,PK-XL/PK-XXL-645,皮卡,Mercedes-benz,Vario,2022,l2,,,,PK-XXL-645,854: Mercedes-benz Vario 1996-2026 l2    PK-XL || 855: Mercedes-benz Vario 1996-2026 l2    PK-XXL-645
11471,2,MULTI,857/872,PK-XL/PK-XXL-645,皮卡,Mercedes-benz,Vario,2022,l2 crew 670.322,,,,PK-XXL-645,857: Mercedes-benz Vario 1996-2026 l2 crew 670.322    PK-XL || 872: Mercedes-benz Vario 2006-2026 l2 crew 670.322    PK-XXL-645
11473,2,MULTI,860/873,PK-XL/PK-XXL-645,皮卡,Mercedes-benz,Vario,2022,l2 std 670.322,,,,PK-XXL-645,860: Mercedes-benz Vario 1996-2026 l2 std 670.322    PK-XL || 873: Mercedes-benz Vario 2006-2026 l2 std 670.322    PK-XXL-645
11482,2,MULTI,848/849,PK-M/PK-S,皮卡,Mercedes-benz,Vario,2023,l1,,,,PK-M,848: Mercedes-benz Vario 1996-2026 l1    PK-M || 849: Mercedes-benz Vario 1996-2026 l1    PK-S
11485,2,MULTI,848/849,PK-M/PK-S,皮卡,Mercedes-benz,Vario,2023,l1,,,,PK-S,848: Mercedes-benz Vario 1996-2026 l1    PK-M || 849: Mercedes-benz Vario 1996-2026 l1    PK-S
11489,2,MULTI,854/855,PK-XL/PK-XXL-645,皮卡,Mercedes-benz,Vario,2023,l2,,,,PK-XL,854: Mercedes-benz Vario 1996-2026 l2    PK-XL || 855: Mercedes-benz Vario 1996-2026 l2    PK-XXL-645
11490,2,MULTI,857/872,PK-XL/PK-XXL-645,皮卡,Mercedes-benz,Vario,2023,l2 crew 670.322,,,,PK-XL,857: Mercedes-benz Vario 1996-2026 l2 crew 670.322    PK-XL || 872: Mercedes-benz Vario 2006-2026 l2 crew 670.322    PK-XXL-645
11492,2,MULTI,860/873,PK-XL/PK-XXL-645,皮卡,Mercedes-benz,Vario,2023,l2 std 670.322,,,,PK-XL,860: Mercedes-benz Vario 1996-2026 l2 std 670.322    PK-XL || 873: Mercedes-benz Vario 2006-2026 l2 std 670.322    PK-XXL-645
11495,2,MULTI,854/855,PK-XL/PK-XXL-645,皮卡,Mercedes-benz,Vario,2023,l2,,,,PK-XXL-645,854: Mercedes-benz Vario 1996-2026 l2    PK-XL || 855: Mercedes-benz Vario 1996-2026 l2    PK-XXL-645
11497,2,MULTI,857/872,PK-XL/PK-XXL-645,皮卡,Mercedes-benz,Vario,2023,l2 crew 670.322,,,,PK-XXL-645,857: Mercedes-benz Vario 1996-2026 l2 crew 670.322    PK-XL || 872: Mercedes-benz Vario 2006-2026 l2 crew 670.322    PK-XXL-645
11499,2,MULTI,860/873,PK-XL/PK-XXL-645,皮卡,Mercedes-benz,Vario,2023,l2 std 670.322,,,,PK-XXL-645,860: Mercedes-benz Vario 1996-2026 l2 std 670.322    PK-XL || 873: Mercedes-benz Vario 2006-2026 l2 std 670.322    PK-XXL-645
11508,2,MULTI,848/849,PK-M/PK-S,皮卡,Mercedes-benz,Vario,2024,l1,,,,PK-M,848: Mercedes-benz Vario 1996-2026 l1    PK-M || 849: Mercedes-benz Vario 1996-2026 l1    PK-S
11511,2,MULTI,848/849,PK-M/PK-S,皮卡,Mercedes-benz,Vario,2024,l1,,,,PK-S,848: Mercedes-benz Vario 1996-2026 l1    PK-M || 849: Mercedes-benz Vario 1996-2026 l1    PK-S
11515,2,MULTI,854/855,PK-XL/PK-XXL-645,皮卡,Mercedes-benz,Vario,2024,l2,,,,PK-XL,854: Mercedes-benz Vario 1996-2026 l2    PK-XL || 855: Mercedes-benz Vario 1996-2026 l2    PK-XXL-645
11516,2,MULTI,857/872,PK-XL/PK-XXL-645,皮卡,Mercedes-benz,Vario,2024,l2 crew 670.322,,,,PK-XL,857: Mercedes-benz Vario 1996-2026 l2 crew 670.322    PK-XL || 872: Mercedes-benz Vario 2006-2026 l2 crew 670.322    PK-XXL-645
11518,2,MULTI,860/873,PK-XL/PK-XXL-645,皮卡,Mercedes-benz,Vario,2024,l2 std 670.322,,,,PK-XL,860: Mercedes-benz Vario 1996-2026 l2 std 670.322    PK-XL || 873: Mercedes-benz Vario 2006-2026 l2 std 670.322    PK-XXL-645
11521,2,MULTI,854/855,PK-XL/PK-XXL-645,皮卡,Mercedes-benz,Vario,2024,l2,,,,PK-XXL-645,854: Mercedes-benz Vario 1996-2026 l2    PK-XL || 855: Mercedes-benz Vario 1996-2026 l2    PK-XXL-645
11523,2,MULTI,857/872,PK-XL/PK-XXL-645,皮卡,Mercedes-benz,Vario,2024,l2 crew 670.322,,,,PK-XXL-645,857: Mercedes-benz Vario 1996-2026 l2 crew 670.322    PK-XL || 872: Mercedes-benz Vario 2006-2026 l2 crew 670.322    PK-XXL-645
11525,2,MULTI,860/873,PK-XL/PK-XXL-645,皮卡,Mercedes-benz,Vario,2024,l2 std 670.322,,,,PK-XXL-645,860: Mercedes-benz Vario 1996-2026 l2 std 670.322    PK-XL || 873: Mercedes-benz Vario 2006-2026 l2 std 670.322    PK-XXL-645
11534,2,MULTI,848/849,PK-M/PK-S,皮卡,Mercedes-benz,Vario,2025,l1,,,,PK-M,848: Mercedes-benz Vario 1996-2026 l1    PK-M || 849: Mercedes-benz Vario 1996-2026 l1    PK-S
11537,2,MULTI,848/849,PK-M/PK-S,皮卡,Mercedes-benz,Vario,2025,l1,,,,PK-S,848: Mercedes-benz Vario 1996-2026 l1    PK-M || 849: Mercedes-benz Vario 1996-2026 l1    PK-S
11541,2,MULTI,854/855,PK-XL/PK-XXL-645,皮卡,Mercedes-benz,Vario,2025,l2,,,,PK-XL,854: Mercedes-benz Vario 1996-2026 l2    PK-XL || 855: Mercedes-benz Vario 1996-2026 l2    PK-XXL-645
11542,2,MULTI,857/872,PK-XL/PK-XXL-645,皮卡,Mercedes-benz,Vario,2025,l2 crew 670.322,,,,PK-XL,857: Mercedes-benz Vario 1996-2026 l2 crew 670.322    PK-XL || 872: Mercedes-benz Vario 2006-2026 l2 crew 670.322    PK-XXL-645
11544,2,MULTI,860/873,PK-XL/PK-XXL-645,皮卡,Mercedes-benz,Vario,2025,l2 std 670.322,,,,PK-XL,860: Mercedes-benz Vario 1996-2026 l2 std 670.322    PK-XL || 873: Mercedes-benz Vario 2006-2026 l2 std 670.322    PK-XXL-645
11547,2,MULTI,854/855,PK-XL/PK-XXL-645,皮卡,Mercedes-benz,Vario,2025,l2,,,,PK-XXL-645,854: Mercedes-benz Vario 1996-2026 l2    PK-XL || 855: Mercedes-benz Vario 1996-2026 l2    PK-XXL-645
11549,2,MULTI,857/872,PK-XL/PK-XXL-645,皮卡,Mercedes-benz,Vario,2025,l2 crew 670.322,,,,PK-XXL-645,857: Mercedes-benz Vario 1996-2026 l2 crew 670.322    PK-XL || 872: Mercedes-benz Vario 2006-2026 l2 crew 670.322    PK-XXL-645
11551,2,MULTI,860/873,PK-XL/PK-XXL-645,皮卡,Mercedes-benz,Vario,2025,l2 std 670.322,,,,PK-XXL-645,860: Mercedes-benz Vario 1996-2026 l2 std 670.322    PK-XL || 873: Mercedes-benz Vario 2006-2026 l2 std 670.322    PK-XXL-645
11560,2,MULTI,848/849,PK-M/PK-S,皮卡,Mercedes-benz,Vario,2026,l1,,,,PK-M,848: Mercedes-benz Vario 1996-2026 l1    PK-M || 849: Mercedes-benz Vario 1996-2026 l1    PK-S
11563,2,MULTI,848/849,PK-M/PK-S,皮卡,Mercedes-benz,Vario,2026,l1,,,,PK-S,848: Mercedes-benz Vario 1996-2026 l1    PK-M || 849: Mercedes-benz Vario 1996-2026 l1    PK-S
11567,2,MULTI,854/855,PK-XL/PK-XXL-645,皮卡,Mercedes-benz,Vario,2026,l2,,,,PK-XL,854: Mercedes-benz Vario 1996-2026 l2    PK-XL || 855: Mercedes-benz Vario 1996-2026 l2    PK-XXL-645
11568,2,MULTI,857/872,PK-XL/PK-XXL-645,皮卡,Mercedes-benz,Vario,2026,l2 crew 670.322,,,,PK-XL,857: Mercedes-benz Vario 1996-2026 l2 crew 670.322    PK-XL || 872: Mercedes-benz Vario 2006-2026 l2 crew 670.322    PK-XXL-645
11570,2,MULTI,860/873,PK-XL/PK-XXL-645,皮卡,Mercedes-benz,Vario,2026,l2 std 670.322,,,,PK-XL,860: Mercedes-benz Vario 1996-2026 l2 std 670.322    PK-XL || 873: Mercedes-benz Vario 2006-2026 l2 std 670.322    PK-XXL-645
11573,2,MULTI,854/855,PK-XL/PK-XXL-645,皮卡,Mercedes-benz,Vario,2026,l2,,,,PK-XXL-645,854: Mercedes-benz Vario 1996-2026 l2    PK-XL || 855: Mercedes-benz Vario 1996-2026 l2    PK-XXL-645
11575,2,MULTI,857/872,PK-XL/PK-XXL-645,皮卡,Mercedes-benz,Vario,2026,l2 crew 670.322,,,,PK-XXL-645,857: Mercedes-benz Vario 1996-2026 l2 crew 670.322    PK-XL || 872: Mercedes-benz Vario 2006-2026 l2 crew 670.322    PK-XXL-645
11577,2,MULTI,860/873,PK-XL/PK-XXL-645,皮卡,Mercedes-benz,Vario,2026,l2 std 670.322,,,,PK-XXL-645,860: Mercedes-benz Vario 1996-2026 l2 std 670.322    PK-XL || 873: Mercedes-benz Vario 2006-2026 l2 std 670.322    PK-XXL-645
11596,0,MISS,,,皮卡,Mitsubishi,L 300 / delica ii,1983,,,,,无可用尺码,
11597,0,MISS,,,皮卡,Mitsubishi,L 300 / delica ii,1984,,,,,无可用尺码,
11598,0,MISS,,,皮卡,Mitsubishi,L 300 / delica ii,1985,,,,,无可用尺码,
11599,0,MISS,,,皮卡,Mitsubishi,L 300 / delica ii,1986,,,,,无可用尺码,
11600,0,MISS,,,皮卡,Mitsubishi,L 300 / delica ii,1987,,,,,无可用尺码,
11601,0,MISS,,,皮卡,Mitsubishi,L 300 / delica ii,1988,,,,,无可用尺码,
11602,0,MISS,,,皮卡,Mitsubishi,L 300 / delica ii,1989,,,,,无可用尺码,
11603,0,MISS,,,皮卡,Mitsubishi,L 300 / delica ii,1990,,,,,无可用尺码,
11604,0,MISS,,,皮卡,Mitsubishi,L 300 / delica ii,1991,,,,,无可用尺码,
11605,0,MISS,,,皮卡,Mitsubishi,L 300 / delica ii,1992,,,,,无可用尺码,
11606,0,MISS,,,皮卡,Mitsubishi,L 300 / delica ii,1993,,,,,无可用尺码,
11607,0,MISS,,,皮卡,Mitsubishi,L 300 / delica ii,1994,,,,,无可用尺码,
12138,2,MULTI,898/904,PK-XL/PK-XXL-645,皮卡,Nissan,Interstar,2024,l3 dc,,,,PK-XL,898: Nissan Interstar 2021-2024 l3 dc    PK-XL || 904: Nissan Interstar 2024-2026 l3 dc    PK-XXL-645
12140,2,MULTI,900/905,PK-XL/PK-XXL-645,皮卡,Nissan,Interstar,2024,l3 sc,,,,PK-XL,900: Nissan Interstar 2021-2024 l3 sc    PK-XL || 905: Nissan Interstar 2024-2026 l3 sc    PK-XXL-645
12142,2,MULTI,898/904,PK-XL/PK-XXL-645,皮卡,Nissan,Interstar,2024,l3 dc,,,,PK-XXL-645,898: Nissan Interstar 2021-2024 l3 dc    PK-XL || 904: Nissan Interstar 2024-2026 l3 dc    PK-XXL-645
12143,2,MULTI,900/905,PK-XL/PK-XXL-645,皮卡,Nissan,Interstar,2024,l3 sc,,,,PK-XXL-645,900: Nissan Interstar 2021-2024 l3 sc    PK-XL || 905: Nissan Interstar 2024-2026 l3 sc    PK-XXL-645
12197,2,MULTI,910/913,PK-M/PK-S,皮卡,Nissan,Navara,2015,,,,,PK-M,910: Nissan Navara 2001-2026     PK-S || 913: Nissan Navara 2015-2026     PK-M
12198,2,MULTI,910/913,PK-M/PK-S,皮卡,Nissan,Navara,2015,,,,,PK-S,910: Nissan Navara 2001-2026     PK-S || 913: Nissan Navara 2015-2026     PK-M
12201,2,MULTI,910/913,PK-M/PK-S,皮卡,Nissan,Navara,2016,,,,,PK-M,910: Nissan Navara 2001-2026     PK-S || 913: Nissan Navara 2015-2026     PK-M
12202,2,MULTI,910/913,PK-M/PK-S,皮卡,Nissan,Navara,2016,,,,,PK-S,910: Nissan Navara 2001-2026     PK-S || 913: Nissan Navara 2015-2026     PK-M
12205,2,MULTI,910/913,PK-M/PK-S,皮卡,Nissan,Navara,2017,,,,,PK-M,910: Nissan Navara 2001-2026     PK-S || 913: Nissan Navara 2015-2026     PK-M
12206,2,MULTI,910/913,PK-M/PK-S,皮卡,Nissan,Navara,2017,,,,,PK-S,910: Nissan Navara 2001-2026     PK-S || 913: Nissan Navara 2015-2026     PK-M
12209,2,MULTI,910/913,PK-M/PK-S,皮卡,Nissan,Navara,2018,,,,,PK-M,910: Nissan Navara 2001-2026     PK-S || 913: Nissan Navara 2015-2026     PK-M
12210,2,MULTI,910/913,PK-M/PK-S,皮卡,Nissan,Navara,2018,,,,,PK-S,910: Nissan Navara 2001-2026     PK-S || 913: Nissan Navara 2015-2026     PK-M
12213,2,MULTI,910/913,PK-M/PK-S,皮卡,Nissan,Navara,2019,,,,,PK-M,910: Nissan Navara 2001-2026     PK-S || 913: Nissan Navara 2015-2026     PK-M
12214,2,MULTI,910/913,PK-M/PK-S,皮卡,Nissan,Navara,2019,,,,,PK-S,910: Nissan Navara 2001-2026     PK-S || 913: Nissan Navara 2015-2026     PK-M
12217,2,MULTI,910/913,PK-M/PK-S,皮卡,Nissan,Navara,2020,,,,,PK-M,910: Nissan Navara 2001-2026     PK-S || 913: Nissan Navara 2015-2026     PK-M
12218,2,MULTI,910/913,PK-M/PK-S,皮卡,Nissan,Navara,2020,,,,,PK-S,910: Nissan Navara 2001-2026     PK-S || 913: Nissan Navara 2015-2026     PK-M
12221,2,MULTI,910/913,PK-M/PK-S,皮卡,Nissan,Navara,2021,,,,,PK-M,910: Nissan Navara 2001-2026     PK-S || 913: Nissan Navara 2015-2026     PK-M
12222,2,MULTI,910/913,PK-M/PK-S,皮卡,Nissan,Navara,2021,,,,,PK-S,910: Nissan Navara 2001-2026     PK-S || 913: Nissan Navara 2015-2026     PK-M
12225,2,MULTI,910/913,PK-M/PK-S,皮卡,Nissan,Navara,2022,,,,,PK-M,910: Nissan Navara 2001-2026     PK-S || 913: Nissan Navara 2015-2026     PK-M
12226,2,MULTI,910/913,PK-M/PK-S,皮卡,Nissan,Navara,2022,,,,,PK-S,910: Nissan Navara 2001-2026     PK-S || 913: Nissan Navara 2015-2026     PK-M
12229,2,MULTI,910/913,PK-M/PK-S,皮卡,Nissan,Navara,2023,,,,,PK-M,910: Nissan Navara 2001-2026     PK-S || 913: Nissan Navara 2015-2026     PK-M
12230,2,MULTI,910/913,PK-M/PK-S,皮卡,Nissan,Navara,2023,,,,,PK-S,910: Nissan Navara 2001-2026     PK-S || 913: Nissan Navara 2015-2026     PK-M
12233,2,MULTI,910/913,PK-M/PK-S,皮卡,Nissan,Navara,2024,,,,,PK-M,910: Nissan Navara 2001-2026     PK-S || 913: Nissan Navara 2015-2026     PK-M
12234,2,MULTI,910/913,PK-M/PK-S,皮卡,Nissan,Navara,2024,,,,,PK-S,910: Nissan Navara 2001-2026     PK-S || 913: Nissan Navara 2015-2026     PK-M
12237,2,MULTI,910/913,PK-M/PK-S,皮卡,Nissan,Navara,2025,,,,,PK-M,910: Nissan Navara 2001-2026     PK-S || 913: Nissan Navara 2015-2026     PK-M
12238,2,MULTI,910/913,PK-M/PK-S,皮卡,Nissan,Navara,2025,,,,,PK-S,910: Nissan Navara 2001-2026     PK-S || 913: Nissan Navara 2015-2026     PK-M
12241,2,MULTI,910/913,PK-M/PK-S,皮卡,Nissan,Navara,2026,,,,,PK-M,910: Nissan Navara 2001-2026     PK-S || 913: Nissan Navara 2015-2026     PK-M
12242,2,MULTI,910/913,PK-M/PK-S,皮卡,Nissan,Navara,2026,,,,,PK-S,910: Nissan Navara 2001-2026     PK-S || 913: Nissan Navara 2015-2026     PK-M
12556,2,MULTI,919/923,PK-S/无可用尺码,皮卡,Nissan,Pick up,1998,,,,,PK-S,919: Nissan Pick up 1983-1998     无可用尺码 || 923: Nissan Pick up 1998-2012     PK-S
12558,2,MULTI,919/923,PK-S/无可用尺码,皮卡,Nissan,Pick up,1998,,,,,无可用尺码,919: Nissan Pick up 1983-1998     无可用尺码 || 923: Nissan Pick up 1998-2012     PK-S
12630,2,MULTI,927/928,PK-S/无可用尺码,皮卡,Nissan,Trade,1994,,,,,PK-S,927: Nissan Trade 1993-2001     无可用尺码 || 928: Nissan Trade 1994-1998     PK-S
12631,2,MULTI,927/928,PK-S/无可用尺码,皮卡,Nissan,Trade,1994,,,,,无可用尺码,927: Nissan Trade 1993-2001     无可用尺码 || 928: Nissan Trade 1994-1998     PK-S
12632,2,MULTI,927/928,PK-S/无可用尺码,皮卡,Nissan,Trade,1995,,,,,PK-S,927: Nissan Trade 1993-2001     无可用尺码 || 928: Nissan Trade 1994-1998     PK-S
12633,2,MULTI,927/928,PK-S/无可用尺码,皮卡,Nissan,Trade,1995,,,,,无可用尺码,927: Nissan Trade 1993-2001     无可用尺码 || 928: Nissan Trade 1994-1998     PK-S
12634,2,MULTI,927/928,PK-S/无可用尺码,皮卡,Nissan,Trade,1996,,,,,PK-S,927: Nissan Trade 1993-2001     无可用尺码 || 928: Nissan Trade 1994-1998     PK-S
12635,2,MULTI,927/928,PK-S/无可用尺码,皮卡,Nissan,Trade,1996,,,,,无可用尺码,927: Nissan Trade 1993-2001     无可用尺码 || 928: Nissan Trade 1994-1998     PK-S
12636,2,MULTI,927/928,PK-S/无可用尺码,皮卡,Nissan,Trade,1997,,,,,PK-S,927: Nissan Trade 1993-2001     无可用尺码 || 928: Nissan Trade 1994-1998     PK-S
12637,2,MULTI,927/928,PK-S/无可用尺码,皮卡,Nissan,Trade,1997,,,,,无可用尺码,927: Nissan Trade 1993-2001     无可用尺码 || 928: Nissan Trade 1994-1998     PK-S
12638,2,MULTI,927/928,PK-S/无可用尺码,皮卡,Nissan,Trade,1998,,,,,PK-S,927: Nissan Trade 1993-2001     无可用尺码 || 928: Nissan Trade 1994-1998     PK-S
12639,2,MULTI,927/928,PK-S/无可用尺码,皮卡,Nissan,Trade,1998,,,,,无可用尺码,927: Nissan Trade 1993-2001     无可用尺码 || 928: Nissan Trade 1994-1998     PK-S
13884,2,MULTI,1008/1020,PK-XL/无可用尺码,皮卡,Renault,Master iii,2010,double l3 drw,,,,PK-XL,1008: Renault Master iii 2010-2019 double l3 drw    PK-XL || 1020: Renault Master iii 2010-2024 double l3 drw    无可用尺码
13897,2,MULTI,1008/1020,PK-XL/无可用尺码,皮卡,Renault,Master iii,2010,double l3 drw,,,,无可用尺码,1008: Renault Master iii 2010-2019 double l3 drw    PK-XL || 1020: Renault Master iii 2010-2024 double l3 drw    无可用尺码
13913,2,MULTI,1008/1020,PK-XL/无可用尺码,皮卡,Renault,Master iii,2011,double l3 drw,,,,PK-XL,1008: Renault Master iii 2010-2019 double l3 drw    PK-XL || 1020: Renault Master iii 2010-2024 double l3 drw    无可用尺码
13926,2,MULTI,1008/1020,PK-XL/无可用尺码,皮卡,Renault,Master iii,2011,double l3 drw,,,,无可用尺码,1008: Renault Master iii 2010-2019 double l3 drw    PK-XL || 1020: Renault Master iii 2010-2024 double l3 drw    无可用尺码
13942,2,MULTI,1008/1020,PK-XL/无可用尺码,皮卡,Renault,Master iii,2012,double l3 drw,,,,PK-XL,1008: Renault Master iii 2010-2019 double l3 drw    PK-XL || 1020: Renault Master iii 2010-2024 double l3 drw    无可用尺码
13955,2,MULTI,1008/1020,PK-XL/无可用尺码,皮卡,Renault,Master iii,2012,double l3 drw,,,,无可用尺码,1008: Renault Master iii 2010-2019 double l3 drw    PK-XL || 1020: Renault Master iii 2010-2024 double l3 drw    无可用尺码
13977,2,MULTI,1008/1020,PK-XL/无可用尺码,皮卡,Renault,Master iii,2013,double l3 drw,,,,PK-XL,1008: Renault Master iii 2010-2019 double l3 drw    PK-XL || 1020: Renault Master iii 2010-2024 double l3 drw    无可用尺码
13994,2,MULTI,1008/1020,PK-XL/无可用尺码,皮卡,Renault,Master iii,2013,double l3 drw,,,,无可用尺码,1008: Renault Master iii 2010-2019 double l3 drw    PK-XL || 1020: Renault Master iii 2010-2024 double l3 drw    无可用尺码
14028,2,MULTI,1008/1020,PK-XL/无可用尺码,皮卡,Renault,Master iii,2014,double l3 drw,,,,PK-XL,1008: Renault Master iii 2010-2019 double l3 drw    PK-XL || 1020: Renault Master iii 2010-2024 double l3 drw    无可用尺码
14061,2,MULTI,1008/1020,PK-XL/无可用尺码,皮卡,Renault,Master iii,2014,double l3 drw,,,,无可用尺码,1008: Renault Master iii 2010-2019 double l3 drw    PK-XL || 1020: Renault Master iii 2010-2024 double l3 drw    无可用尺码
14102,2,MULTI,1008/1020,PK-XL/无可用尺码,皮卡,Renault,Master iii,2015,double l3 drw,,,,PK-XL,1008: Renault Master iii 2010-2019 double l3 drw    PK-XL || 1020: Renault Master iii 2010-2024 double l3 drw    无可用尺码
14139,2,MULTI,1008/1020,PK-XL/无可用尺码,皮卡,Renault,Master iii,2015,double l3 drw,,,,无可用尺码,1008: Renault Master iii 2010-2019 double l3 drw    PK-XL || 1020: Renault Master iii 2010-2024 double l3 drw    无可用尺码
14180,2,MULTI,1008/1020,PK-XL/无可用尺码,皮卡,Renault,Master iii,2016,double l3 drw,,,,PK-XL,1008: Renault Master iii 2010-2019 double l3 drw    PK-XL || 1020: Renault Master iii 2010-2024 double l3 drw    无可用尺码
14217,2,MULTI,1008/1020,PK-XL/无可用尺码,皮卡,Renault,Master iii,2016,double l3 drw,,,,无可用尺码,1008: Renault Master iii 2010-2019 double l3 drw    PK-XL || 1020: Renault Master iii 2010-2024 double l3 drw    无可用尺码
14258,2,MULTI,1008/1020,PK-XL/无可用尺码,皮卡,Renault,Master iii,2017,double l3 drw,,,,PK-XL,1008: Renault Master iii 2010-2019 double l3 drw    PK-XL || 1020: Renault Master iii 2010-2024 double l3 drw    无可用尺码
14295,2,MULTI,1008/1020,PK-XL/无可用尺码,皮卡,Renault,Master iii,2017,double l3 drw,,,,无可用尺码,1008: Renault Master iii 2010-2019 double l3 drw    PK-XL || 1020: Renault Master iii 2010-2024 double l3 drw    无可用尺码
14339,2,MULTI,1008/1020,PK-XL/无可用尺码,皮卡,Renault,Master iii,2018,double l3 drw,,,,PK-XL,1008: Renault Master iii 2010-2019 double l3 drw    PK-XL || 1020: Renault Master iii 2010-2024 double l3 drw    无可用尺码
14379,2,MULTI,1008/1020,PK-XL/无可用尺码,皮卡,Renault,Master iii,2018,double l3 drw,,,,无可用尺码,1008: Renault Master iii 2010-2019 double l3 drw    PK-XL || 1020: Renault Master iii 2010-2024 double l3 drw    无可用尺码
14423,2,MULTI,1008/1020,PK-XL/无可用尺码,皮卡,Renault,Master iii,2019,double l3 drw,,,,PK-XL,1008: Renault Master iii 2010-2019 double l3 drw    PK-XL || 1020: Renault Master iii 2010-2024 double l3 drw    无可用尺码
14463,2,MULTI,1008/1020,PK-XL/无可用尺码,皮卡,Renault,Master iii,2019,double l3 drw,,,,无可用尺码,1008: Renault Master iii 2010-2019 double l3 drw    PK-XL || 1020: Renault Master iii 2010-2024 double l3 drw    无可用尺码
15028,2,MULTI,1092/1093,PK-M/PK-S,皮卡,Renault,Trafic iii,2019,,,,,PK-M,1092: Renault Trafic iii 2014-2026     PK-M || 1093: Renault Trafic iii 2019-2026     PK-S
15029,2,MULTI,1092/1093,PK-M/PK-S,皮卡,Renault,Trafic iii,2019,,,,,PK-S,1092: Renault Trafic iii 2014-2026     PK-M || 1093: Renault Trafic iii 2019-2026     PK-S
15030,2,MULTI,1092/1093,PK-M/PK-S,皮卡,Renault,Trafic iii,2020,,,,,PK-M,1092: Renault Trafic iii 2014-2026     PK-M || 1093: Renault Trafic iii 2019-2026     PK-S
15031,2,MULTI,1092/1093,PK-M/PK-S,皮卡,Renault,Trafic iii,2020,,,,,PK-S,1092: Renault Trafic iii 2014-2026     PK-M || 1093: Renault Trafic iii 2019-2026     PK-S
15032,2,MULTI,1092/1093,PK-M/PK-S,皮卡,Renault,Trafic iii,2021,,,,,PK-M,1092: Renault Trafic iii 2014-2026     PK-M || 1093: Renault Trafic iii 2019-2026     PK-S
15033,2,MULTI,1092/1093,PK-M/PK-S,皮卡,Renault,Trafic iii,2021,,,,,PK-S,1092: Renault Trafic iii 2014-2026     PK-M || 1093: Renault Trafic iii 2019-2026     PK-S
15034,2,MULTI,1092/1093,PK-M/PK-S,皮卡,Renault,Trafic iii,2022,,,,,PK-M,1092: Renault Trafic iii 2014-2026     PK-M || 1093: Renault Trafic iii 2019-2026     PK-S
15035,2,MULTI,1092/1093,PK-M/PK-S,皮卡,Renault,Trafic iii,2022,,,,,PK-S,1092: Renault Trafic iii 2014-2026     PK-M || 1093: Renault Trafic iii 2019-2026     PK-S
15036,2,MULTI,1092/1093,PK-M/PK-S,皮卡,Renault,Trafic iii,2023,,,,,PK-M,1092: Renault Trafic iii 2014-2026     PK-M || 1093: Renault Trafic iii 2019-2026     PK-S
15037,2,MULTI,1092/1093,PK-M/PK-S,皮卡,Renault,Trafic iii,2023,,,,,PK-S,1092: Renault Trafic iii 2014-2026     PK-M || 1093: Renault Trafic iii 2019-2026     PK-S
15038,2,MULTI,1092/1093,PK-M/PK-S,皮卡,Renault,Trafic iii,2024,,,,,PK-M,1092: Renault Trafic iii 2014-2026     PK-M || 1093: Renault Trafic iii 2019-2026     PK-S
15039,2,MULTI,1092/1093,PK-M/PK-S,皮卡,Renault,Trafic iii,2024,,,,,PK-S,1092: Renault Trafic iii 2014-2026     PK-M || 1093: Renault Trafic iii 2019-2026     PK-S
15040,2,MULTI,1092/1093,PK-M/PK-S,皮卡,Renault,Trafic iii,2025,,,,,PK-M,1092: Renault Trafic iii 2014-2026     PK-M || 1093: Renault Trafic iii 2019-2026     PK-S
15041,2,MULTI,1092/1093,PK-M/PK-S,皮卡,Renault,Trafic iii,2025,,,,,PK-S,1092: Renault Trafic iii 2014-2026     PK-M || 1093: Renault Trafic iii 2019-2026     PK-S
15042,2,MULTI,1092/1093,PK-M/PK-S,皮卡,Renault,Trafic iii,2026,,,,,PK-M,1092: Renault Trafic iii 2014-2026     PK-M || 1093: Renault Trafic iii 2019-2026     PK-S
15043,2,MULTI,1092/1093,PK-M/PK-S,皮卡,Renault,Trafic iii,2026,,,,,PK-S,1092: Renault Trafic iii 2014-2026     PK-M || 1093: Renault Trafic iii 2019-2026     PK-S
15051,2,MULTI,981/982,PK-S/数据不全,皮卡,Renault Trucks,B,1990,,,,,PK-S,981: Renault Trucks B 1983-1992     数据不全 || 982: Renault Trucks B 1990-1992     PK-S
15052,2,MULTI,981/982,PK-S/数据不全,皮卡,Renault Trucks,B,1990,,,,,数据不全,981: Renault Trucks B 1983-1992     数据不全 || 982: Renault Trucks B 1990-1992     PK-S
15053,2,MULTI,981/982,PK-S/数据不全,皮卡,Renault Trucks,B,1991,,,,,PK-S,981: Renault Trucks B 1983-1992     数据不全 || 982: Renault Trucks B 1990-1992     PK-S
15054,2,MULTI,981/982,PK-S/数据不全,皮卡,Renault Trucks,B,1991,,,,,数据不全,981: Renault Trucks B 1983-1992     数据不全 || 982: Renault Trucks B 1990-1992     PK-S
15055,2,MULTI,981/982,PK-S/数据不全,皮卡,Renault Trucks,B,1992,,,,,PK-S,981: Renault Trucks B 1983-1992     数据不全 || 982: Renault Trucks B 1990-1992     PK-S
15056,2,MULTI,981/982,PK-S/数据不全,皮卡,Renault Trucks,B,1992,,,,,数据不全,981: Renault Trucks B 1983-1992     数据不全 || 982: Renault Trucks B 1990-1992     PK-S
15067,2,MULTI,983/988,PK-XL/无可用尺码,皮卡,Renault Trucks,Mascott,2001,,,,,PK-XL,983: Renault Trucks Mascott 1999-2001     PK-XL || 988: Renault Trucks Mascott 2001-2004     无可用尺码
15072,2,MULTI,983/988,PK-XL/无可用尺码,皮卡,Renault Trucks,Mascott,2001,,,,,无可用尺码,983: Renault Trucks Mascott 1999-2001     PK-XL || 988: Renault Trucks Mascott 2001-2004     无可用尺码
15085,2,MULTI,985/991,PK-L/PK-XL,皮卡,Renault Trucks,Mascott,2004,wb3630,,,,PK-L,985: Renault Trucks Mascott 1999-2004 wb3630    PK-XL || 991: Renault Trucks Mascott 2004-2010 wb3630    PK-L
15087,2,MULTI,984/990,PK-S/PK-XL,皮卡,Renault Trucks,Mascott,2004,wb3130,,,,PK-S,984: Renault Trucks Mascott 1999-2004 wb3130    PK-XL || 990: Renault Trucks Mascott 2004-2010 wb3130    PK-S
15088,2,MULTI,988/989,PK-XL/无可用尺码,皮卡,Renault Trucks,Mascott,2004,,,,,PK-XL,988: Renault Trucks Mascott 2001-2004     无可用尺码 || 989: Renault Trucks Mascott 2004-2010     PK-XL
15089,2,MULTI,984/990,PK-S/PK-XL,皮卡,Renault Trucks,Mascott,2004,wb3130,,,,PK-XL,984: Renault Trucks Mascott 1999-2004 wb3130    PK-XL || 990: Renault Trucks Mascott 2004-2010 wb3130    PK-S
15090,2,MULTI,985/991,PK-L/PK-XL,皮卡,Renault Trucks,Mascott,2004,wb3630,,,,PK-XL,985: Renault Trucks Mascott 1999-2004 wb3630    PK-XL || 991: Renault Trucks Mascott 2004-2010 wb3630    PK-L
15091,2,MULTI,986/992,PK-XL/PK-XXL-680,皮卡,Renault Trucks,Mascott,2004,wb4130,,,,PK-XL,986: Renault Trucks Mascott 1999-2004 wb4130    PK-XL || 992: Renault Trucks Mascott 2004-2010 wb4130    PK-XXL-680
15092,2,MULTI,987/993,PK-XL/无可用尺码,皮卡,Renault Trucks,Mascott,2004,wb4630,,,,PK-XL,987: Renault Trucks Mascott 1999-2004 wb4630    PK-XL || 993: Renault Trucks Mascott 2004-2010 wb4630    无可用尺码
15095,2,MULTI,986/992,PK-XL/PK-XXL-680,皮卡,Renault Trucks,Mascott,2004,wb4130,,,,PK-XXL-680,986: Renault Trucks Mascott 1999-2004 wb4130    PK-XL || 992: Renault Trucks Mascott 2004-2010 wb4130    PK-XXL-680
15096,2,MULTI,988/989,PK-XL/无可用尺码,皮卡,Renault Trucks,Mascott,2004,,,,,无可用尺码,988: Renault Trucks Mascott 2001-2004     无可用尺码 || 989: Renault Trucks Mascott 2004-2010     PK-XL
15099,2,MULTI,987/993,PK-XL/无可用尺码,皮卡,Renault Trucks,Mascott,2004,wb4630,,,,无可用尺码,987: Renault Trucks Mascott 1999-2004 wb4630    PK-XL || 993: Renault Trucks Mascott 2004-2010 wb4630    无可用尺码
16113,2,MULTI,1120/1121,PK-M/PK-S,皮卡,Toyota,Hilux viii,2015,,,,,PK-M,1120: Toyota Hilux viii 2015-2026     PK-M || 1121: Toyota Hilux viii 2015-2026     PK-S
16114,2,MULTI,1120/1121,PK-M/PK-S,皮卡,Toyota,Hilux viii,2015,,,,,PK-S,1120: Toyota Hilux viii 2015-2026     PK-M || 1121: Toyota Hilux viii 2015-2026     PK-S
16115,2,MULTI,1120/1121,PK-M/PK-S,皮卡,Toyota,Hilux viii,2016,,,,,PK-M,1120: Toyota Hilux viii 2015-2026     PK-M || 1121: Toyota Hilux viii 2015-2026     PK-S
16116,2,MULTI,1120/1121,PK-M/PK-S,皮卡,Toyota,Hilux viii,2016,,,,,PK-S,1120: Toyota Hilux viii 2015-2026     PK-M || 1121: Toyota Hilux viii 2015-2026     PK-S
16117,2,MULTI,1120/1121,PK-M/PK-S,皮卡,Toyota,Hilux viii,2017,,,,,PK-M,1120: Toyota Hilux viii 2015-2026     PK-M || 1121: Toyota Hilux viii 2015-2026     PK-S
16118,2,MULTI,1120/1121,PK-M/PK-S,皮卡,Toyota,Hilux viii,2017,,,,,PK-S,1120: Toyota Hilux viii 2015-2026     PK-M || 1121: Toyota Hilux viii 2015-2026     PK-S
16119,2,MULTI,1120/1121,PK-M/PK-S,皮卡,Toyota,Hilux viii,2018,,,,,PK-M,1120: Toyota Hilux viii 2015-2026     PK-M || 1121: Toyota Hilux viii 2015-2026     PK-S
16122,2,MULTI,1120/1121,PK-M/PK-S,皮卡,Toyota,Hilux viii,2018,,,,,PK-S,1120: Toyota Hilux viii 2015-2026     PK-M || 1121: Toyota Hilux viii 2015-2026     PK-S
16123,2,MULTI,1120/1121,PK-M/PK-S,皮卡,Toyota,Hilux viii,2019,,,,,PK-M,1120: Toyota Hilux viii 2015-2026     PK-M || 1121: Toyota Hilux viii 2015-2026     PK-S
16126,2,MULTI,1120/1121,PK-M/PK-S,皮卡,Toyota,Hilux viii,2019,,,,,PK-S,1120: Toyota Hilux viii 2015-2026     PK-M || 1121: Toyota Hilux viii 2015-2026     PK-S
16127,2,MULTI,1120/1121,PK-M/PK-S,皮卡,Toyota,Hilux viii,2020,,,,,PK-M,1120: Toyota Hilux viii 2015-2026     PK-M || 1121: Toyota Hilux viii 2015-2026     PK-S
16130,2,MULTI,1120/1121,PK-M/PK-S,皮卡,Toyota,Hilux viii,2020,,,,,PK-S,1120: Toyota Hilux viii 2015-2026     PK-M || 1121: Toyota Hilux viii 2015-2026     PK-S
16131,2,MULTI,1120/1121,PK-M/PK-S,皮卡,Toyota,Hilux viii,2021,,,,,PK-M,1120: Toyota Hilux viii 2015-2026     PK-M || 1121: Toyota Hilux viii 2015-2026     PK-S
16134,2,MULTI,1120/1121,PK-M/PK-S,皮卡,Toyota,Hilux viii,2021,,,,,PK-S,1120: Toyota Hilux viii 2015-2026     PK-M || 1121: Toyota Hilux viii 2015-2026     PK-S
16135,2,MULTI,1120/1121,PK-M/PK-S,皮卡,Toyota,Hilux viii,2022,,,,,PK-M,1120: Toyota Hilux viii 2015-2026     PK-M || 1121: Toyota Hilux viii 2015-2026     PK-S
16138,2,MULTI,1120/1121,PK-M/PK-S,皮卡,Toyota,Hilux viii,2022,,,,,PK-S,1120: Toyota Hilux viii 2015-2026     PK-M || 1121: Toyota Hilux viii 2015-2026     PK-S
16139,2,MULTI,1120/1121,PK-M/PK-S,皮卡,Toyota,Hilux viii,2023,,,,,PK-M,1120: Toyota Hilux viii 2015-2026     PK-M || 1121: Toyota Hilux viii 2015-2026     PK-S
16142,2,MULTI,1120/1121,PK-M/PK-S,皮卡,Toyota,Hilux viii,2023,,,,,PK-S,1120: Toyota Hilux viii 2015-2026     PK-M || 1121: Toyota Hilux viii 2015-2026     PK-S
16143,2,MULTI,1120/1121,PK-M/PK-S,皮卡,Toyota,Hilux viii,2024,,,,,PK-M,1120: Toyota Hilux viii 2015-2026     PK-M || 1121: Toyota Hilux viii 2015-2026     PK-S
16146,2,MULTI,1120/1121,PK-M/PK-S,皮卡,Toyota,Hilux viii,2024,,,,,PK-S,1120: Toyota Hilux viii 2015-2026     PK-M || 1121: Toyota Hilux viii 2015-2026     PK-S
16147,2,MULTI,1120/1121,PK-M/PK-S,皮卡,Toyota,Hilux viii,2025,,,,,PK-M,1120: Toyota Hilux viii 2015-2026     PK-M || 1121: Toyota Hilux viii 2015-2026     PK-S
16150,2,MULTI,1120/1121,PK-M/PK-S,皮卡,Toyota,Hilux viii,2025,,,,,PK-S,1120: Toyota Hilux viii 2015-2026     PK-M || 1121: Toyota Hilux viii 2015-2026     PK-S
16151,2,MULTI,1120/1121,PK-M/PK-S,皮卡,Toyota,Hilux viii,2026,,,,,PK-M,1120: Toyota Hilux viii 2015-2026     PK-M || 1121: Toyota Hilux viii 2015-2026     PK-S
16154,2,MULTI,1120/1121,PK-M/PK-S,皮卡,Toyota,Hilux viii,2026,,,,,PK-S,1120: Toyota Hilux viii 2015-2026     PK-M || 1121: Toyota Hilux viii 2015-2026     PK-S
16203,2,MULTI,1125/1126,PK-M/PK-S,皮卡,Toyota,Proace,2016,,,,,PK-M,1125: Toyota Proace 2016-2022     PK-S || 1126: Toyota Proace 2016-2026     PK-M
16204,2,MULTI,1125/1126,PK-M/PK-S,皮卡,Toyota,Proace,2016,,,,,PK-S,1125: Toyota Proace 2016-2022     PK-S || 1126: Toyota Proace 2016-2026     PK-M
16205,2,MULTI,1125/1126,PK-M/PK-S,皮卡,Toyota,Proace,2017,,,,,PK-M,1125: Toyota Proace 2016-2022     PK-S || 1126: Toyota Proace 2016-2026     PK-M
16206,2,MULTI,1125/1126,PK-M/PK-S,皮卡,Toyota,Proace,2017,,,,,PK-S,1125: Toyota Proace 2016-2022     PK-S || 1126: Toyota Proace 2016-2026     PK-M
16207,2,MULTI,1125/1126,PK-M/PK-S,皮卡,Toyota,Proace,2018,,,,,PK-M,1125: Toyota Proace 2016-2022     PK-S || 1126: Toyota Proace 2016-2026     PK-M
16208,2,MULTI,1125/1126,PK-M/PK-S,皮卡,Toyota,Proace,2018,,,,,PK-S,1125: Toyota Proace 2016-2022     PK-S || 1126: Toyota Proace 2016-2026     PK-M
16209,2,MULTI,1125/1126,PK-M/PK-S,皮卡,Toyota,Proace,2019,,,,,PK-M,1125: Toyota Proace 2016-2022     PK-S || 1126: Toyota Proace 2016-2026     PK-M
16210,2,MULTI,1125/1126,PK-M/PK-S,皮卡,Toyota,Proace,2019,,,,,PK-S,1125: Toyota Proace 2016-2022     PK-S || 1126: Toyota Proace 2016-2026     PK-M
16211,2,MULTI,1125/1126,PK-M/PK-S,皮卡,Toyota,Proace,2020,,,,,PK-M,1125: Toyota Proace 2016-2022     PK-S || 1126: Toyota Proace 2016-2026     PK-M
16212,2,MULTI,1125/1126,PK-M/PK-S,皮卡,Toyota,Proace,2020,,,,,PK-S,1125: Toyota Proace 2016-2022     PK-S || 1126: Toyota Proace 2016-2026     PK-M
16213,2,MULTI,1125/1126,PK-M/PK-S,皮卡,Toyota,Proace,2021,,,,,PK-M,1125: Toyota Proace 2016-2022     PK-S || 1126: Toyota Proace 2016-2026     PK-M
16214,2,MULTI,1125/1126,PK-M/PK-S,皮卡,Toyota,Proace,2021,,,,,PK-S,1125: Toyota Proace 2016-2022     PK-S || 1126: Toyota Proace 2016-2026     PK-M
16215,2,MULTI,1125/1126,PK-M/PK-S,皮卡,Toyota,Proace,2022,,,,,PK-M,1125: Toyota Proace 2016-2022     PK-S || 1126: Toyota Proace 2016-2026     PK-M
16216,2,MULTI,1125/1126,PK-M/PK-S,皮卡,Toyota,Proace,2022,,,,,PK-S,1125: Toyota Proace 2016-2022     PK-S || 1126: Toyota Proace 2016-2026     PK-M
