原子行号,压缩命中数,检查结果,压缩行号,命中尺码,压缩类型,MAKE,MODEL,YEAR,VERSION,CONST,CAB,BED_FT,BACKSIZE,命中压缩行
4316,2,MULTI,8/9,3M-0/3S-0,非皮卡,AC,Cobra,1999,,Roadster,,,3M-0,8: AC Cobra 1990-2001  Roadster   3S-0 || 9: AC Cobra 1999-2007  Roadster   3M-0
4317,2,MULTI,8/9,3M-0/3S-0,非皮卡,AC,Cobra,1999,,Roadster,,,3S-0,8: AC Cobra 1990-2001  Roadster   3S-0 || 9: AC Cobra 1999-2007  Roadster   3M-0
4318,2,MULTI,8/9,3M-0/3S-0,非皮卡,AC,Cobra,2000,,Roadster,,,3M-0,8: AC Cobra 1990-2001  Roadster   3S-0 || 9: AC Cobra 1999-2007  Roadster   3M-0
4319,2,MULTI,8/9,3M-0/3S-0,非皮卡,AC,Cobra,2000,,Roadster,,,3S-0,8: AC Cobra 1990-2001  Roadster   3S-0 || 9: AC Cobra 1999-2007  Roadster   3M-0
4320,2,MULTI,8/9,3M-0/3S-0,非皮卡,AC,Cobra,2001,,Roadster,,,3M-0,8: AC Cobra 1990-2001  Roadster   3S-0 || 9: AC Cobra 1999-2007  Roadster   3M-0
4321,2,MULTI,8/9,3M-0/3S-0,非皮卡,AC,Cobra,2001,,Roadster,,,3S-0,8: AC Cobra 1990-2001  Roadster   3S-0 || 9: AC Cobra 1999-2007  Roadster   3M-0
4458,2,MULTI,26/28,2M/2S,非皮卡,Abarth,595,2016,,Hatchback,,,2M,26: Abarth 595 2012-2016  Hatchback   2M || 28: Abarth 595 2016-2024  Hatchback   2S
4459,2,MULTI,26/28,2M/2S,非皮卡,Abarth,595,2016,,Hatchback,,,2S,26: Abarth 595 2012-2016  Hatchback   2M || 28: Abarth 595 2016-2024  Hatchback   2S
4592,2,MULTI,41/42,3L/3M,非皮卡,Acura,Integra,1993,,Sedan,,,3L,41: Acura Integra 1989-1993  Sedan   3M || 42: Acura Integra 1993-2001  Sedan   3L
4593,2,MULTI,41/42,3L/3M,非皮卡,Acura,Integra,1993,,Sedan,,,3M,41: Acura Integra 1989-1993  Sedan   3M || 42: Acura Integra 1993-2001  Sedan   3L
4624,2,MULTI,45/47,3XL/3XXL,非皮卡,Acura,Legend,1990,,Sedan,,,3XL,45: Acura Legend 1986-1990  Sedan   3XL || 47: Acura Legend 1990-1996  Sedan   3XXL
4627,2,MULTI,45/47,3XL/3XXL,非皮卡,Acura,Legend,1990,,Sedan,,,3XXL,45: Acura Legend 1986-1990  Sedan   3XL || 47: Acura Legend 1990-1996  Sedan   3XXL
4646,2,MULTI,48/49,YL/YXL,非皮卡,Acura,MDX,2006,,SUV,,,YL,48: Acura MDX 2000-2006  SUV   YL || 49: Acura MDX 2006-2026  SUV   YXL
4647,2,MULTI,48/49,YL/YXL,非皮卡,Acura,MDX,2006,,SUV,,,YXL,48: Acura MDX 2000-2006  SUV   YL || 49: Acura MDX 2006-2026  SUV   YXL
4704,2,MULTI,52/53,YL/YM+,非皮卡,Acura,RDX,2009,,SUV,,,YL,52: Acura RDX 2006-2009  SUV   YM+ || 53: Acura RDX 2009-2026  SUV   YL
4705,2,MULTI,52/53,YL/YM+,非皮卡,Acura,RDX,2009,,SUV,,,YM+,52: Acura RDX 2006-2009  SUV   YM+ || 53: Acura RDX 2009-2026  SUV   YL
4771,2,MULTI,58/59,3XL/3XXL,非皮卡,Acura,TL,1998,,Sedan,,,3XL,58: Acura TL 1995-1998  Sedan   3XL || 59: Acura TL 1998-2003  Sedan   3XXL
4772,2,MULTI,58/59,3XL/3XXL,非皮卡,Acura,TL,1998,,Sedan,,,3XXL,58: Acura TL 1995-1998  Sedan   3XL || 59: Acura TL 1998-2003  Sedan   3XXL
4778,2,MULTI,59/60,3XL/3XXL,非皮卡,Acura,TL,2003,,Sedan,,,3XL,59: Acura TL 1998-2003  Sedan   3XXL || 60: Acura TL 2003-2008  Sedan   3XL
4779,2,MULTI,59/60,3XL/3XXL,非皮卡,Acura,TL,2003,,Sedan,,,3XXL,59: Acura TL 1998-2003  Sedan   3XXL || 60: Acura TL 2003-2008  Sedan   3XL
4785,2,MULTI,60/61,3XL/3XXL,非皮卡,Acura,TL,2008,,Sedan,,,3XL,60: Acura TL 2003-2008  Sedan   3XL || 61: Acura TL 2008-2014  Sedan   3XXL
4786,2,MULTI,60/61,3XL/3XXL,非皮卡,Acura,TL,2008,,Sedan,,,3XXL,60: Acura TL 2003-2008  Sedan   3XL || 61: Acura TL 2008-2014  Sedan   3XXL
4801,2,MULTI,62/63,3XL/3XXL,非皮卡,Acura,TLX,2020,,Sedan,,,3XL,62: Acura TLX 2014-2020  Sedan   3XL || 63: Acura TLX 2020-2025  Sedan   3XXL
4802,2,MULTI,62/63,3XL/3XXL,非皮卡,Acura,TLX,2020,,Sedan,,,3XXL,62: Acura TLX 2014-2020  Sedan   3XL || 63: Acura TLX 2020-2025  Sedan   3XXL
4908,2,MULTI,85/86,YL/YM+,非皮卡,Aion,V,2024,,SUV,,,YL,85: Aion V 2020-2024  SUV   YM+ || 86: Aion V 2024-2026  SUV   YL
4909,2,MULTI,85/86,YL/YM+,非皮卡,Aion,V,2024,,SUV,,,YM+,85: Aion V 2020-2024  SUV   YM+ || 86: Aion V 2024-2026  SUV   YL
4948,2,MULTI,96/97,YXXL/YXXL-545,非皮卡,Aito,M9,2026,,SUV,,,YXXL,96: Aito M9 2023-2026  SUV   YXXL || 97: Aito M9 2026  SUV   YXXL-545
4949,2,MULTI,96/97,YXXL/YXXL-545,非皮卡,Aito,M9,2026,,SUV,,,YXXL-545,96: Aito M9 2023-2026  SUV   YXXL || 97: Aito M9 2026  SUV   YXXL-545
4963,0,MISS,,,非皮卡,Alfa Romeo,105/115,1965,Berlina,Sedan,,,3M,
4964,0,MISS,,,非皮卡,Alfa Romeo,105/115,1965,,Coupe,,,3S-0,
4965,0,MISS,,,非皮卡,Alfa Romeo,105/115,1965,Junior Z,Coupe,,,3S-0,
4966,0,MISS,,,非皮卡,Alfa Romeo,105/115,1966,Berlina,Sedan,,,3M,
4967,0,MISS,,,非皮卡,Alfa Romeo,105/115,1966,,Coupe,,,3S-0,
4968,0,MISS,,,非皮卡,Alfa Romeo,105/115,1966,Junior Z,Coupe,,,3S-0,
4969,0,MISS,,,非皮卡,Alfa Romeo,105/115,1967,Berlina,Sedan,,,3M,
4970,0,MISS,,,非皮卡,Alfa Romeo,105/115,1967,,Coupe,,,3S-0,
4971,0,MISS,,,非皮卡,Alfa Romeo,105/115,1967,Junior Z,Coupe,,,3S-0,
4972,0,MISS,,,非皮卡,Alfa Romeo,105/115,1968,Berlina,Sedan,,,3M,
4973,0,MISS,,,非皮卡,Alfa Romeo,105/115,1968,,Coupe,,,3S-0,
4974,0,MISS,,,非皮卡,Alfa Romeo,105/115,1968,Junior Z,Coupe,,,3S-0,
4975,0,MISS,,,非皮卡,Alfa Romeo,105/115,1969,Berlina,Sedan,,,3M,
4976,0,MISS,,,非皮卡,Alfa Romeo,105/115,1969,,Coupe,,,3S-0,
4977,0,MISS,,,非皮卡,Alfa Romeo,105/115,1969,Junior Z,Coupe,,,3S-0,
4978,0,MISS,,,非皮卡,Alfa Romeo,105/115,1970,Berlina,Sedan,,,3M,
4979,0,MISS,,,非皮卡,Alfa Romeo,105/115,1970,,Coupe,,,3S-0,
4980,0,MISS,,,非皮卡,Alfa Romeo,105/115,1970,Junior Z,Coupe,,,3S-0,
4981,0,MISS,,,非皮卡,Alfa Romeo,105/115,1971,Berlina,Sedan,,,3M,
4982,0,MISS,,,非皮卡,Alfa Romeo,105/115,1971,,Coupe,,,3S-0,
4983,0,MISS,,,非皮卡,Alfa Romeo,105/115,1971,Junior Z,Coupe,,,3S-0,
4984,0,MISS,,,非皮卡,Alfa Romeo,105/115,1972,Berlina,Sedan,,,3M,
4985,0,MISS,,,非皮卡,Alfa Romeo,105/115,1972,,Coupe,,,3S-0,
4986,0,MISS,,,非皮卡,Alfa Romeo,105/115,1972,Junior Z,Coupe,,,3S-0,
4987,0,MISS,,,非皮卡,Alfa Romeo,105/115,1973,Berlina,Sedan,,,3M,
4988,0,MISS,,,非皮卡,Alfa Romeo,105/115,1973,,Coupe,,,3S-0,
4989,0,MISS,,,非皮卡,Alfa Romeo,105/115,1973,Junior Z,Coupe,,,3S-0,
4990,0,MISS,,,非皮卡,Alfa Romeo,105/115,1974,Berlina,Sedan,,,3M,
4991,0,MISS,,,非皮卡,Alfa Romeo,105/115,1974,,Coupe,,,3S-0,
4992,0,MISS,,,非皮卡,Alfa Romeo,105/115,1974,Junior Z,Coupe,,,3S-0,
4993,0,MISS,,,非皮卡,Alfa Romeo,105/115,1975,Berlina,Sedan,,,3M,
4994,0,MISS,,,非皮卡,Alfa Romeo,105/115,1975,,Coupe,,,3S-0,
4995,0,MISS,,,非皮卡,Alfa Romeo,105/115,1975,Junior Z,Coupe,,,3S-0,
4996,0,MISS,,,非皮卡,Alfa Romeo,105/115,1976,Berlina,Sedan,,,3M,
4997,0,MISS,,,非皮卡,Alfa Romeo,105/115,1976,,Coupe,,,3S-0,
4998,0,MISS,,,非皮卡,Alfa Romeo,105/115,1976,Junior Z,Coupe,,,3S-0,
4999,0,MISS,,,非皮卡,Alfa Romeo,105/115,1977,Berlina,Sedan,,,3M,
5000,0,MISS,,,非皮卡,Alfa Romeo,105/115,1977,,Coupe,,,3S-0,
5001,0,MISS,,,非皮卡,Alfa Romeo,105/115,1977,Junior Z,Coupe,,,3S-0,
5716,2,MULTI,163/165,3L/3XL,非皮卡,Alpina,B3,2019,,Sedan,,,3L,163: Alpina B3 2007-2019  Sedan   3L || 165: Alpina B3 2019-2026  Sedan   3XL
5717,2,MULTI,163/165,3L/3XL,非皮卡,Alpina,B3,2019,,Sedan,,,3XL,163: Alpina B3 2007-2019  Sedan   3L || 165: Alpina B3 2019-2026  Sedan   3XL
5771,2,MULTI,169/170,3XL/3XXL,非皮卡,Alpina,B5,2010,,Sedan,,,3XL,169: Alpina B5 2005-2010  Sedan   3XL || 170: Alpina B5 2010-2024  Sedan   3XXL
5772,2,MULTI,169/170,3XL/3XXL,非皮卡,Alpina,B5,2010,,Sedan,,,3XXL,169: Alpina B5 2005-2010  Sedan   3XL || 170: Alpina B5 2010-2024  Sedan   3XXL
6094,2,MULTI,199/200,3M-0/3S-0,非皮卡,Alpina,Roadster,2003,,Roadster,,,3M-0,199: Alpina Roadster 2002-2003  Roadster   3M-0 || 200: Alpina Roadster 2003-2005  Roadster   3S-0
6095,2,MULTI,199/200,3M-0/3S-0,非皮卡,Alpina,Roadster,2003,,Roadster,,,3S-0,199: Alpina Roadster 2002-2003  Roadster   3M-0 || 200: Alpina Roadster 2003-2005  Roadster   3S-0
6198,2,MULTI,213/214,3XL/3XXL,非皮卡,Arcfox,Alpha S5,2026,,Sedan,,,3XL,213: Arcfox Alpha S5 2024-2026  Sedan   3XL || 214: Arcfox Alpha S5 2026  Sedan   3XXL
6199,2,MULTI,213/214,3XL/3XXL,非皮卡,Arcfox,Alpha S5,2026,,Sedan,,,3XXL,213: Arcfox Alpha S5 2024-2026  Sedan   3XL || 214: Arcfox Alpha S5 2026  Sedan   3XXL
6494,2,MULTI,242/244,3L-0/3XL-0,非皮卡,Aston Martin,DB9,2008,Volante,Convertible,,,3L-0,242: Aston Martin DB9 2003-2008 Volante Convertible   3L-0 || 244: Aston Martin DB9 2008-2016 Volante Convertible   3XL-0
6495,2,MULTI,243/245,3L-0/3XL-0,非皮卡,Aston Martin,DB9,2008,,Coupe,,,3L-0,243: Aston Martin DB9 2003-2008  Coupe   3L-0 || 245: Aston Martin DB9 2008-2016  Coupe   3XL-0
6496,2,MULTI,242/244,3L-0/3XL-0,非皮卡,Aston Martin,DB9,2008,Volante,Convertible,,,3XL-0,242: Aston Martin DB9 2003-2008 Volante Convertible   3L-0 || 244: Aston Martin DB9 2008-2016 Volante Convertible   3XL-0
6497,2,MULTI,243/245,3L-0/3XL-0,非皮卡,Aston Martin,DB9,2008,,Coupe,,,3XL-0,243: Aston Martin DB9 2003-2008  Coupe   3L-0 || 245: Aston Martin DB9 2008-2016  Coupe   3XL-0
6919,2,MULTI,281/284,3L/3M,非皮卡,Audi,100,1976,,Sedan,,,3L,281: Audi 100 1968-1976  Sedan   3M || 284: Audi 100 1976-1983  Sedan   3L
6920,2,MULTI,281/284,3L/3M,非皮卡,Audi,100,1976,,Sedan,,,3M,281: Audi 100 1968-1976  Sedan   3M || 284: Audi 100 1976-1983  Sedan   3L
6934,2,MULTI,284/285,3L/3XL,非皮卡,Audi,100,1982,,Sedan,,,3L,284: Audi 100 1976-1983  Sedan   3L || 285: Audi 100 1982-1994  Sedan   3XL
6935,2,MULTI,284/285,3L/3XL,非皮卡,Audi,100,1982,,Sedan,,,3XL,284: Audi 100 1976-1983  Sedan   3L || 285: Audi 100 1982-1994  Sedan   3XL
6938,2,MULTI,284/285,3L/3XL,非皮卡,Audi,100,1983,,Sedan,,,3L,284: Audi 100 1976-1983  Sedan   3L || 285: Audi 100 1982-1994  Sedan   3XL
6939,2,MULTI,284/285,3L/3XL,非皮卡,Audi,100,1983,,Sedan,,,3XL,284: Audi 100 1976-1983  Sedan   3L || 285: Audi 100 1982-1994  Sedan   3XL
7238,2,MULTI,303/305,2L+/2XL,非皮卡,Audi,A4,2000,,Wagon,,,2L+,303: Audi A4 1994-2001  Wagon   2L+ || 305: Audi A4 2000-2025  Wagon   2XL
7239,2,MULTI,303/305,2L+/2XL,非皮卡,Audi,A4,2000,,Wagon,,,2XL,303: Audi A4 1994-2001  Wagon   2L+ || 305: Audi A4 2000-2025  Wagon   2XL
7240,2,MULTI,304/306,3L/3M,非皮卡,Audi,A4,2000,,Sedan,,,3L,304: Audi A4 1994-2001  Sedan   3M || 306: Audi A4 2000-2009  Sedan   3L
7242,2,MULTI,304/306,3L/3M,非皮卡,Audi,A4,2000,,Sedan,,,3M,304: Audi A4 1994-2001  Sedan   3M || 306: Audi A4 2000-2009  Sedan   3L
7243,2,MULTI,303/305,2L+/2XL,非皮卡,Audi,A4,2001,,Wagon,,,2L+,303: Audi A4 1994-2001  Wagon   2L+ || 305: Audi A4 2000-2025  Wagon   2XL
7244,2,MULTI,303/305,2L+/2XL,非皮卡,Audi,A4,2001,,Wagon,,,2XL,303: Audi A4 1994-2001  Wagon   2L+ || 305: Audi A4 2000-2025  Wagon   2XL
7245,2,MULTI,304/306,3L/3M,非皮卡,Audi,A4,2001,,Sedan,,,3L,304: Audi A4 1994-2001  Sedan   3M || 306: Audi A4 2000-2009  Sedan   3L
7247,2,MULTI,304/306,3L/3M,非皮卡,Audi,A4,2001,,Sedan,,,3M,304: Audi A4 1994-2001  Sedan   3M || 306: Audi A4 2000-2009  Sedan   3L
7274,2,MULTI,306/307,3L/3XL,非皮卡,Audi,A4,2007,,Sedan,,,3L,306: Audi A4 2000-2009  Sedan   3L || 307: Audi A4 2007-2025  Sedan   3XL
7276,2,MULTI,306/307,3L/3XL,非皮卡,Audi,A4,2007,,Sedan,,,3XL,306: Audi A4 2000-2009  Sedan   3L || 307: Audi A4 2007-2025  Sedan   3XL
7279,2,MULTI,306/307,3L/3XL,非皮卡,Audi,A4,2008,,Sedan,,,3L,306: Audi A4 2000-2009  Sedan   3L || 307: Audi A4 2007-2025  Sedan   3XL
7281,2,MULTI,306/307,3L/3XL,非皮卡,Audi,A4,2008,,Sedan,,,3XL,306: Audi A4 2000-2009  Sedan   3L || 307: Audi A4 2007-2025  Sedan   3XL
7284,2,MULTI,306/307,3L/3XL,非皮卡,Audi,A4,2009,,Sedan,,,3L,306: Audi A4 2000-2009  Sedan   3L || 307: Audi A4 2007-2025  Sedan   3XL
7286,2,MULTI,306/307,3L/3XL,非皮卡,Audi,A4,2009,,Sedan,,,3XL,306: Audi A4 2000-2009  Sedan   3L || 307: Audi A4 2007-2025  Sedan   3XL
7473,2,MULTI,316/318,2XL/2XL+,非皮卡,Audi,A6,2004,,Wagon,,,2XL,316: Audi A6 1994-2005  Wagon   2XL || 318: Audi A6 2004-2026  Wagon   2XL+
7474,2,MULTI,316/318,2XL/2XL+,非皮卡,Audi,A6,2004,,Wagon,,,2XL+,316: Audi A6 1994-2005  Wagon   2XL || 318: Audi A6 2004-2026  Wagon   2XL+
7475,2,MULTI,317/319,3XL/3XXL,非皮卡,Audi,A6,2004,,Sedan,,,3XL,317: Audi A6 1994-2005  Sedan   3XL || 319: Audi A6 2004-2026  Sedan   3XXL
7476,2,MULTI,317/319,3XL/3XXL,非皮卡,Audi,A6,2004,,Sedan,,,3XXL,317: Audi A6 1994-2005  Sedan   3XL || 319: Audi A6 2004-2026  Sedan   3XXL
7477,2,MULTI,316/318,2XL/2XL+,非皮卡,Audi,A6,2005,,Wagon,,,2XL,316: Audi A6 1994-2005  Wagon   2XL || 318: Audi A6 2004-2026  Wagon   2XL+
7478,2,MULTI,316/318,2XL/2XL+,非皮卡,Audi,A6,2005,,Wagon,,,2XL+,316: Audi A6 1994-2005  Wagon   2XL || 318: Audi A6 2004-2026  Wagon   2XL+
7479,2,MULTI,317/319,3XL/3XXL,非皮卡,Audi,A6,2005,,Sedan,,,3XL,317: Audi A6 1994-2005  Sedan   3XL || 319: Audi A6 2004-2026  Sedan   3XXL
7480,2,MULTI,317/319,3XL/3XXL,非皮卡,Audi,A6,2005,,Sedan,,,3XXL,317: Audi A6 1994-2005  Sedan   3XL || 319: Audi A6 2004-2026  Sedan   3XXL
7555,2,MULTI,320/321,2XL/2XL+,非皮卡,Audi,A6 allroad,2006,,Wagon,,,2XL,320: Audi A6 allroad 2000-2006  Wagon   2XL || 321: Audi A6 allroad 2006-2026  Wagon   2XL+
7556,2,MULTI,320/321,2XL/2XL+,非皮卡,Audi,A6 allroad,2006,,Wagon,,,2XL+,320: Audi A6 allroad 2000-2006  Wagon   2XL || 321: Audi A6 allroad 2006-2026  Wagon   2XL+
7675,2,MULTI,326/327,3XXL/3XXXL,非皮卡,Audi,A8,2017,Long,Sedan,,,3XXL,326: Audi A8 1999-2017 Long Sedan   3XXL || 327: Audi A8 2017-2026 Long Sedan   3XXXL
7676,2,MULTI,326/327,3XXL/3XXXL,非皮卡,Audi,A8,2017,Long,Sedan,,,3XXXL,326: Audi A8 1999-2017 Long Sedan   3XXL || 327: Audi A8 2017-2026 Long Sedan   3XXXL
7814,2,MULTI,340/341,YL/YM+,非皮卡,Audi,Q4 Sportback e-tron,2026,,SUV,,,YL,340: Audi Q4 Sportback e-tron 2021-2026  SUV   YM+ || 341: Audi Q4 Sportback e-tron 2026  SUV   YL
7815,2,MULTI,340/341,YL/YM+,非皮卡,Audi,Q4 Sportback e-tron,2026,,SUV,,,YM+,340: Audi Q4 Sportback e-tron 2021-2026  SUV   YM+ || 341: Audi Q4 Sportback e-tron 2026  SUV   YL
7851,2,MULTI,344/345,YL/YXL,非皮卡,Audi,Q5,2024,L,SUV,,,YL,344: Audi Q5 2017-2026 L SUV   YL || 345: Audi Q5 2024-2026 L SUV   YXL
7852,2,MULTI,344/345,YL/YXL,非皮卡,Audi,Q5,2024,L,SUV,,,YXL,344: Audi Q5 2017-2026 L SUV   YL || 345: Audi Q5 2024-2026 L SUV   YXL
7855,2,MULTI,344/345,YL/YXL,非皮卡,Audi,Q5,2025,L,SUV,,,YL,344: Audi Q5 2017-2026 L SUV   YL || 345: Audi Q5 2024-2026 L SUV   YXL
7856,2,MULTI,344/345,YL/YXL,非皮卡,Audi,Q5,2025,L,SUV,,,YXL,344: Audi Q5 2017-2026 L SUV   YL || 345: Audi Q5 2024-2026 L SUV   YXL
7859,2,MULTI,344/345,YL/YXL,非皮卡,Audi,Q5,2026,L,SUV,,,YL,344: Audi Q5 2017-2026 L SUV   YL || 345: Audi Q5 2024-2026 L SUV   YXL
7860,2,MULTI,344/345,YL/YXL,非皮卡,Audi,Q5,2026,L,SUV,,,YXL,344: Audi Q5 2017-2026 L SUV   YL || 345: Audi Q5 2024-2026 L SUV   YXL
7976,2,MULTI,360/362,3L-0/3M-0,非皮卡,Audi,R8,2012,,Coupe,,,3L-0,360: Audi R8 2007-2012  Coupe   3M-0 || 362: Audi R8 2012-2015  Coupe   3L-0
7980,2,MULTI,360/362,3L-0/3M-0,非皮卡,Audi,R8,2012,,Coupe,,,3M-0,360: Audi R8 2007-2012  Coupe   3M-0 || 362: Audi R8 2012-2015  Coupe   3L-0
7986,2,MULTI,362/364,3L-0/3M-0,非皮卡,Audi,R8,2015,,Coupe,,,3L-0,362: Audi R8 2012-2015  Coupe   3L-0 || 364: Audi R8 2015-2023  Coupe   3M-0
7987,2,MULTI,363/365,3L-0/3M-0,非皮卡,Audi,R8,2015,,Roadster,,,3L-0,363: Audi R8 2012-2015  Roadster   3L-0 || 365: Audi R8 2015-2023  Roadster   3M-0
7988,2,MULTI,362/364,3L-0/3M-0,非皮卡,Audi,R8,2015,,Coupe,,,3M-0,362: Audi R8 2012-2015  Coupe   3L-0 || 364: Audi R8 2015-2023  Coupe   3M-0
7989,2,MULTI,363/365,3L-0/3M-0,非皮卡,Audi,R8,2015,,Roadster,,,3M-0,363: Audi R8 2012-2015  Roadster   3L-0 || 365: Audi R8 2015-2023  Roadster   3M-0
8029,2,MULTI,369/370,3L/3M,非皮卡,Audi,RS 3,2021,,Sedan,,,3L,369: Audi RS 3 2017-2021  Sedan   3M || 370: Audi RS 3 2021-2026  Sedan   3L
8030,2,MULTI,369/370,3L/3M,非皮卡,Audi,RS 3,2021,,Sedan,,,3M,369: Audi RS 3 2017-2021  Sedan   3M || 370: Audi RS 3 2021-2026  Sedan   3L
8329,2,MULTI,392/393,3L/3XL,非皮卡,Audi,S4,2008,,Sedan,,,3L,392: Audi S4 2002-2008  Sedan   3L || 393: Audi S4 2008-2026  Sedan   3XL
8331,2,MULTI,392/393,3L/3XL,非皮卡,Audi,S4,2008,,Sedan,,,3XL,392: Audi S4 2002-2008  Sedan   3L || 393: Audi S4 2008-2026  Sedan   3XL
8414,2,MULTI,394/396,3L-0/3XL-0,非皮卡,Audi,S5,2019,,Convertible,,,3L-0,394: Audi S5 2007-2019  Convertible   3L-0 || 396: Audi S5 2019-2024  Convertible   3XL-0
8415,2,MULTI,395/397,3L-0/3XL-0,非皮卡,Audi,S5,2019,,Coupe,,,3L-0,395: Audi S5 2007-2019  Coupe   3L-0 || 397: Audi S5 2019-2024  Coupe   3XL-0
8418,2,MULTI,394/396,3L-0/3XL-0,非皮卡,Audi,S5,2019,,Convertible,,,3XL-0,394: Audi S5 2007-2019  Convertible   3L-0 || 396: Audi S5 2019-2024  Convertible   3XL-0
8419,2,MULTI,395/397,3L-0/3XL-0,非皮卡,Audi,S5,2019,,Coupe,,,3XL-0,395: Audi S5 2007-2019  Coupe   3L-0 || 397: Audi S5 2019-2024  Coupe   3XL-0
9244,2,MULTI,454/455,YL/YM+,非皮卡,BAIC,BJ30,2024,,SUV,,,YL,454: BAIC BJ30 2020-2024  SUV   YM+ || 455: BAIC BJ30 2024-2026  SUV   YL
9245,2,MULTI,454/455,YL/YM+,非皮卡,BAIC,BJ30,2024,,SUV,,,YM+,454: BAIC BJ30 2020-2024  SUV   YM+ || 455: BAIC BJ30 2024-2026  SUV   YL
9596,2,MULTI,498/500,3L-0/3M-0,非皮卡,BMW,2 серии,2021,,Coupe,,,3L-0,498: BMW 2 серии 2013-2021  Coupe   3M-0 || 500: BMW 2 серии 2021-2026  Coupe   3L-0
9598,2,MULTI,498/500,3L-0/3M-0,非皮卡,BMW,2 серии,2021,,Coupe,,,3M-0,498: BMW 2 серии 2013-2021  Coupe   3M-0 || 500: BMW 2 серии 2021-2026  Coupe   3L-0
9795,2,MULTI,504/508,2L+/2XL,非皮卡,BMW,3 серии,2004,,Wagon,,,2L+,504: BMW 3 серии 1982-2007  Wagon   2L+ || 508: BMW 3 серии 2004-2026  Wagon   2XL
9796,2,MULTI,504/508,2L+/2XL,非皮卡,BMW,3 серии,2004,,Wagon,,,2XL,504: BMW 3 серии 1982-2007  Wagon   2L+ || 508: BMW 3 серии 2004-2026  Wagon   2XL
9797,2,MULTI,503/509,3L/3M,非皮卡,BMW,3 серии,2004,,Sedan,,,3L,503: BMW 3 серии 1975-2007  Sedan   3M || 509: BMW 3 серии 2004-2020  Sedan   3L
9798,2,MULTI,505/510,3L-0/3M-0,非皮卡,BMW,3 серии,2004,,Convertible,,,3L-0,505: BMW 3 серии 1982-2007  Convertible   3M-0 || 510: BMW 3 серии 2004-2013  Convertible   3L-0
9799,2,MULTI,506/511,3L-0/3M-0,非皮卡,BMW,3 серии,2004,,Coupe,,,3L-0,506: BMW 3 серии 1982-2007  Coupe   3M-0 || 511: BMW 3 серии 2004-2013  Coupe   3L-0
9800,2,MULTI,503/509,3L/3M,非皮卡,BMW,3 серии,2004,,Sedan,,,3M,503: BMW 3 серии 1975-2007  Sedan   3M || 509: BMW 3 серии 2004-2020  Sedan   3L
9801,2,MULTI,505/510,3L-0/3M-0,非皮卡,BMW,3 серии,2004,,Convertible,,,3M-0,505: BMW 3 серии 1982-2007  Convertible   3M-0 || 510: BMW 3 серии 2004-2013  Convertible   3L-0
9802,2,MULTI,506/511,3L-0/3M-0,非皮卡,BMW,3 серии,2004,,Coupe,,,3M-0,506: BMW 3 серии 1982-2007  Coupe   3M-0 || 511: BMW 3 серии 2004-2013  Coupe   3L-0
9804,2,MULTI,504/508,2L+/2XL,非皮卡,BMW,3 серии,2005,,Wagon,,,2L+,504: BMW 3 серии 1982-2007  Wagon   2L+ || 508: BMW 3 серии 2004-2026  Wagon   2XL
9805,2,MULTI,504/508,2L+/2XL,非皮卡,BMW,3 серии,2005,,Wagon,,,2XL,504: BMW 3 серии 1982-2007  Wagon   2L+ || 508: BMW 3 серии 2004-2026  Wagon   2XL
9806,2,MULTI,503/509,3L/3M,非皮卡,BMW,3 серии,2005,,Sedan,,,3L,503: BMW 3 серии 1975-2007  Sedan   3M || 509: BMW 3 серии 2004-2020  Sedan   3L
9807,2,MULTI,505/510,3L-0/3M-0,非皮卡,BMW,3 серии,2005,,Convertible,,,3L-0,505: BMW 3 серии 1982-2007  Convertible   3M-0 || 510: BMW 3 серии 2004-2013  Convertible   3L-0
9808,2,MULTI,506/511,3L-0/3M-0,非皮卡,BMW,3 серии,2005,,Coupe,,,3L-0,506: BMW 3 серии 1982-2007  Coupe   3M-0 || 511: BMW 3 серии 2004-2013  Coupe   3L-0
9809,2,MULTI,503/509,3L/3M,非皮卡,BMW,3 серии,2005,,Sedan,,,3M,503: BMW 3 серии 1975-2007  Sedan   3M || 509: BMW 3 серии 2004-2020  Sedan   3L
9810,2,MULTI,505/510,3L-0/3M-0,非皮卡,BMW,3 серии,2005,,Convertible,,,3M-0,505: BMW 3 серии 1982-2007  Convertible   3M-0 || 510: BMW 3 серии 2004-2013  Convertible   3L-0
9811,2,MULTI,506/511,3L-0/3M-0,非皮卡,BMW,3 серии,2005,,Coupe,,,3M-0,506: BMW 3 серии 1982-2007  Coupe   3M-0 || 511: BMW 3 серии 2004-2013  Coupe   3L-0
9813,2,MULTI,504/508,2L+/2XL,非皮卡,BMW,3 серии,2006,,Wagon,,,2L+,504: BMW 3 серии 1982-2007  Wagon   2L+ || 508: BMW 3 серии 2004-2026  Wagon   2XL
9814,2,MULTI,504/508,2L+/2XL,非皮卡,BMW,3 серии,2006,,Wagon,,,2XL,504: BMW 3 серии 1982-2007  Wagon   2L+ || 508: BMW 3 серии 2004-2026  Wagon   2XL
9815,2,MULTI,503/509,3L/3M,非皮卡,BMW,3 серии,2006,,Sedan,,,3L,503: BMW 3 серии 1975-2007  Sedan   3M || 509: BMW 3 серии 2004-2020  Sedan   3L
9816,2,MULTI,505/510,3L-0/3M-0,非皮卡,BMW,3 серии,2006,,Convertible,,,3L-0,505: BMW 3 серии 1982-2007  Convertible   3M-0 || 510: BMW 3 серии 2004-2013  Convertible   3L-0
9817,2,MULTI,506/511,3L-0/3M-0,非皮卡,BMW,3 серии,2006,,Coupe,,,3L-0,506: BMW 3 серии 1982-2007  Coupe   3M-0 || 511: BMW 3 серии 2004-2013  Coupe   3L-0
9818,2,MULTI,503/509,3L/3M,非皮卡,BMW,3 серии,2006,,Sedan,,,3M,503: BMW 3 серии 1975-2007  Sedan   3M || 509: BMW 3 серии 2004-2020  Sedan   3L
9819,2,MULTI,505/510,3L-0/3M-0,非皮卡,BMW,3 серии,2006,,Convertible,,,3M-0,505: BMW 3 серии 1982-2007  Convertible   3M-0 || 510: BMW 3 серии 2004-2013  Convertible   3L-0
9820,2,MULTI,506/511,3L-0/3M-0,非皮卡,BMW,3 серии,2006,,Coupe,,,3M-0,506: BMW 3 серии 1982-2007  Coupe   3M-0 || 511: BMW 3 серии 2004-2013  Coupe   3L-0
9822,2,MULTI,504/508,2L+/2XL,非皮卡,BMW,3 серии,2007,,Wagon,,,2L+,504: BMW 3 серии 1982-2007  Wagon   2L+ || 508: BMW 3 серии 2004-2026  Wagon   2XL
9823,2,MULTI,504/508,2L+/2XL,非皮卡,BMW,3 серии,2007,,Wagon,,,2XL,504: BMW 3 серии 1982-2007  Wagon   2L+ || 508: BMW 3 серии 2004-2026  Wagon   2XL
9824,2,MULTI,503/509,3L/3M,非皮卡,BMW,3 серии,2007,,Sedan,,,3L,503: BMW 3 серии 1975-2007  Sedan   3M || 509: BMW 3 серии 2004-2020  Sedan   3L
9825,2,MULTI,505/510,3L-0/3M-0,非皮卡,BMW,3 серии,2007,,Convertible,,,3L-0,505: BMW 3 серии 1982-2007  Convertible   3M-0 || 510: BMW 3 серии 2004-2013  Convertible   3L-0
9826,2,MULTI,506/511,3L-0/3M-0,非皮卡,BMW,3 серии,2007,,Coupe,,,3L-0,506: BMW 3 серии 1982-2007  Coupe   3M-0 || 511: BMW 3 серии 2004-2013  Coupe   3L-0
9827,2,MULTI,503/509,3L/3M,非皮卡,BMW,3 серии,2007,,Sedan,,,3M,503: BMW 3 серии 1975-2007  Sedan   3M || 509: BMW 3 серии 2004-2020  Sedan   3L
9828,2,MULTI,505/510,3L-0/3M-0,非皮卡,BMW,3 серии,2007,,Convertible,,,3M-0,505: BMW 3 серии 1982-2007  Convertible   3M-0 || 510: BMW 3 серии 2004-2013  Convertible   3L-0
9829,2,MULTI,506/511,3L-0/3M-0,非皮卡,BMW,3 серии,2007,,Coupe,,,3M-0,506: BMW 3 серии 1982-2007  Coupe   3M-0 || 511: BMW 3 серии 2004-2013  Coupe   3L-0
9895,2,MULTI,509/513,3L/3XL,非皮卡,BMW,3 серии,2018,,Sedan,,,3L,509: BMW 3 серии 2004-2020  Sedan   3L || 513: BMW 3 серии 2018-2026  Sedan   3XL
9897,2,MULTI,509/513,3L/3XL,非皮卡,BMW,3 серии,2018,,Sedan,,,3XL,509: BMW 3 серии 2004-2020  Sedan   3L || 513: BMW 3 серии 2018-2026  Sedan   3XL
9901,2,MULTI,509/513,3L/3XL,非皮卡,BMW,3 серии,2019,,Sedan,,,3L,509: BMW 3 серии 2004-2020  Sedan   3L || 513: BMW 3 серии 2018-2026  Sedan   3XL
9903,2,MULTI,509/513,3L/3XL,非皮卡,BMW,3 серии,2019,,Sedan,,,3XL,509: BMW 3 серии 2004-2020  Sedan   3L || 513: BMW 3 серии 2018-2026  Sedan   3XL
9907,2,MULTI,509/513,3L/3XL,非皮卡,BMW,3 серии,2020,,Sedan,,,3L,509: BMW 3 серии 2004-2020  Sedan   3L || 513: BMW 3 серии 2018-2026  Sedan   3XL
9909,2,MULTI,509/513,3L/3XL,非皮卡,BMW,3 серии,2020,,Sedan,,,3XL,509: BMW 3 серии 2004-2020  Sedan   3L || 513: BMW 3 серии 2018-2026  Sedan   3XL
10037,2,MULTI,525/528,3L/3XL,非皮卡,BMW,4 серии,2020,Gran Coupe,Liftback,,,3L,525: BMW 4 серии 2013-2021 Gran Coupe Liftback   3L || 528: BMW 4 серии 2020-2026 Gran Coupe Liftback   3XL
10038,2,MULTI,526/529,3L-0/3XL-0,非皮卡,BMW,4 серии,2020,,Convertible,,,3L-0,526: BMW 4 серии 2013-2021  Convertible   3L-0 || 529: BMW 4 серии 2020-2026  Convertible   3XL-0
10039,2,MULTI,527/530,3L-0/3XL-0,非皮卡,BMW,4 серии,2020,,Coupe,,,3L-0,527: BMW 4 серии 2013-2021  Coupe   3L-0 || 530: BMW 4 серии 2020-2026  Coupe   3XL-0
10040,2,MULTI,525/528,3L/3XL,非皮卡,BMW,4 серии,2020,Gran Coupe,Liftback,,,3XL,525: BMW 4 серии 2013-2021 Gran Coupe Liftback   3L || 528: BMW 4 серии 2020-2026 Gran Coupe Liftback   3XL
10041,2,MULTI,526/529,3L-0/3XL-0,非皮卡,BMW,4 серии,2020,,Convertible,,,3XL-0,526: BMW 4 серии 2013-2021  Convertible   3L-0 || 529: BMW 4 серии 2020-2026  Convertible   3XL-0
10042,2,MULTI,527/530,3L-0/3XL-0,非皮卡,BMW,4 серии,2020,,Coupe,,,3XL-0,527: BMW 4 серии 2013-2021  Coupe   3L-0 || 530: BMW 4 серии 2020-2026  Coupe   3XL-0
10043,2,MULTI,525/528,3L/3XL,非皮卡,BMW,4 серии,2021,Gran Coupe,Liftback,,,3L,525: BMW 4 серии 2013-2021 Gran Coupe Liftback   3L || 528: BMW 4 серии 2020-2026 Gran Coupe Liftback   3XL
10044,2,MULTI,526/529,3L-0/3XL-0,非皮卡,BMW,4 серии,2021,,Convertible,,,3L-0,526: BMW 4 серии 2013-2021  Convertible   3L-0 || 529: BMW 4 серии 2020-2026  Convertible   3XL-0
10045,2,MULTI,527/530,3L-0/3XL-0,非皮卡,BMW,4 серии,2021,,Coupe,,,3L-0,527: BMW 4 серии 2013-2021  Coupe   3L-0 || 530: BMW 4 серии 2020-2026  Coupe   3XL-0
10046,2,MULTI,525/528,3L/3XL,非皮卡,BMW,4 серии,2021,Gran Coupe,Liftback,,,3XL,525: BMW 4 серии 2013-2021 Gran Coupe Liftback   3L || 528: BMW 4 серии 2020-2026 Gran Coupe Liftback   3XL
10047,2,MULTI,526/529,3L-0/3XL-0,非皮卡,BMW,4 серии,2021,,Convertible,,,3XL-0,526: BMW 4 серии 2013-2021  Convertible   3L-0 || 529: BMW 4 серии 2020-2026  Convertible   3XL-0
10048,2,MULTI,527/530,3L-0/3XL-0,非皮卡,BMW,4 серии,2021,,Coupe,,,3XL-0,527: BMW 4 серии 2013-2021  Coupe   3L-0 || 530: BMW 4 серии 2020-2026  Coupe   3XL-0
10085,2,MULTI,531/533,3L/3XL,非皮卡,BMW,5 серии,1987,,Sedan,,,3L,531: BMW 5 серии 1972-1988  Sedan   3L || 533: BMW 5 серии 1987-2010  Sedan   3XL
10086,2,MULTI,531/533,3L/3XL,非皮卡,BMW,5 серии,1987,,Sedan,,,3XL,531: BMW 5 серии 1972-1988  Sedan   3L || 533: BMW 5 серии 1987-2010  Sedan   3XL
10088,2,MULTI,531/533,3L/3XL,非皮卡,BMW,5 серии,1988,,Sedan,,,3L,531: BMW 5 серии 1972-1988  Sedan   3L || 533: BMW 5 серии 1987-2010  Sedan   3XL
10089,2,MULTI,531/533,3L/3XL,非皮卡,BMW,5 серии,1988,,Sedan,,,3XL,531: BMW 5 серии 1972-1988  Sedan   3L || 533: BMW 5 серии 1987-2010  Sedan   3XL
10124,2,MULTI,532/534,2XL/2XL+,非皮卡,BMW,5 серии,2003,,Wagon,,,2XL,532: BMW 5 серии 1987-2004  Wagon   2XL || 534: BMW 5 серии 2003-2026  Wagon   2XL+
10125,2,MULTI,532/534,2XL/2XL+,非皮卡,BMW,5 серии,2003,,Wagon,,,2XL+,532: BMW 5 серии 1987-2004  Wagon   2XL || 534: BMW 5 серии 2003-2026  Wagon   2XL+
10128,2,MULTI,532/534,2XL/2XL+,非皮卡,BMW,5 серии,2004,,Wagon,,,2XL,532: BMW 5 серии 1987-2004  Wagon   2XL || 534: BMW 5 серии 2003-2026  Wagon   2XL+
10129,2,MULTI,532/534,2XL/2XL+,非皮卡,BMW,5 серии,2004,,Wagon,,,2XL+,532: BMW 5 серии 1987-2004  Wagon   2XL || 534: BMW 5 серии 2003-2026  Wagon   2XL+
10144,2,MULTI,533/536,3XL/3XXL,非皮卡,BMW,5 серии,2009,,Sedan,,,3XL,533: BMW 5 серии 1987-2010  Sedan   3XL || 536: BMW 5 серии 2009-2026  Sedan   3XXL
10146,2,MULTI,533/536,3XL/3XXL,非皮卡,BMW,5 серии,2009,,Sedan,,,3XXL,533: BMW 5 серии 1987-2010  Sedan   3XL || 536: BMW 5 серии 2009-2026  Sedan   3XXL
10150,2,MULTI,533/536,3XL/3XXL,非皮卡,BMW,5 серии,2010,,Sedan,,,3XL,533: BMW 5 серии 1987-2010  Sedan   3XL || 536: BMW 5 серии 2009-2026  Sedan   3XXL
10152,2,MULTI,533/536,3XL/3XXL,非皮卡,BMW,5 серии,2010,,Sedan,,,3XXL,533: BMW 5 серии 1987-2010  Sedan   3XL || 536: BMW 5 серии 2009-2026  Sedan   3XXL
10329,2,MULTI,545/546,3XL/3XXL,非皮卡,BMW,7 серии,1986,,Sedan,,,3XL,545: BMW 7 серии 1977-1986  Sedan   3XL || 546: BMW 7 серии 1986-2022  Sedan   3XXL
10330,2,MULTI,545/546,3XL/3XXL,非皮卡,BMW,7 серии,1986,,Sedan,,,3XXL,545: BMW 7 серии 1977-1986  Sedan   3XL || 546: BMW 7 серии 1986-2022  Sedan   3XXL
10409,2,MULTI,546/548,3XXL/3XXXL,非皮卡,BMW,7 серии,2022,,Sedan,,,3XXL,546: BMW 7 серии 1986-2022  Sedan   3XXL || 548: BMW 7 серии 2022-2026  Sedan   3XXXL
10411,2,MULTI,546/548,3XXL/3XXXL,非皮卡,BMW,7 серии,2022,,Sedan,,,3XXXL,546: BMW 7 серии 1986-2022  Sedan   3XXL || 548: BMW 7 серии 2022-2026  Sedan   3XXXL
10617,2,MULTI,565/567,3L-0/3XL-0,非皮卡,BMW,M4,2020,,Convertible,,,3L-0,565: BMW M4 2014-2020  Convertible   3L-0 || 567: BMW M4 2020-2026  Convertible   3XL-0
10618,2,MULTI,566/568,3L-0/3XL-0,非皮卡,BMW,M4,2020,,Coupe,,,3L-0,566: BMW M4 2014-2020  Coupe   3L-0 || 568: BMW M4 2020-2026  Coupe   3XL-0
10619,2,MULTI,565/567,3L-0/3XL-0,非皮卡,BMW,M4,2020,,Convertible,,,3XL-0,565: BMW M4 2014-2020  Convertible   3L-0 || 567: BMW M4 2020-2026  Convertible   3XL-0
10620,2,MULTI,566/568,3L-0/3XL-0,非皮卡,BMW,M4,2020,,Coupe,,,3XL-0,566: BMW M4 2014-2020  Coupe   3L-0 || 568: BMW M4 2020-2026  Coupe   3XL-0
10639,2,MULTI,569/571,3L/3XL,非皮卡,BMW,M5,1988,,Sedan,,,3L,569: BMW M5 1985-1988  Sedan   3L || 571: BMW M5 1988-1995  Sedan   3XL
10640,2,MULTI,569/571,3L/3XL,非皮卡,BMW,M5,1988,,Sedan,,,3XL,569: BMW M5 1985-1988  Sedan   3L || 571: BMW M5 1988-1995  Sedan   3XL
10764,2,MULTI,581/582,3M-0/3XL-0,非皮卡,BMW,Nazca,1992,,Coupe,,,3M-0,581: BMW Nazca 1991-1992  Coupe   3M-0 || 582: BMW Nazca 1992-1993  Coupe   3XL-0
10765,2,MULTI,581/582,3M-0/3XL-0,非皮卡,BMW,Nazca,1992,,Coupe,,,3XL-0,581: BMW Nazca 1991-1992  Coupe   3M-0 || 582: BMW Nazca 1992-1993  Coupe   3XL-0
10814,2,MULTI,587/588,YL/YM+,非皮卡,BMW,X1,2022,Long,SUV,,,YL,587: BMW X1 2019-2022 Long SUV   YM+ || 588: BMW X1 2022-2026 Long SUV   YL
10817,2,MULTI,587/588,YL/YM+,非皮卡,BMW,X1,2022,Long,SUV,,,YM+,587: BMW X1 2019-2022 Long SUV   YM+ || 588: BMW X1 2022-2026 Long SUV   YL
10845,2,MULTI,590/591,YL/YM+,非皮卡,BMW,X3,2010,,SUV,,,YL,590: BMW X3 2003-2010  SUV   YM+ || 591: BMW X3 2010-2026  SUV   YL
10846,2,MULTI,590/591,YL/YM+,非皮卡,BMW,X3,2010,,SUV,,,YM+,590: BMW X3 2003-2010  SUV   YM+ || 591: BMW X3 2010-2026  SUV   YL
10911,2,MULTI,596/597,YL/YXL,非皮卡,BMW,X5,2006,,SUV,,,YL,596: BMW X5 1999-2006  SUV   YL || 597: BMW X5 2006-2026  SUV   YXL
10912,2,MULTI,596/597,YL/YXL,非皮卡,BMW,X5,2006,,SUV,,,YXL,596: BMW X5 1999-2006  SUV   YL || 597: BMW X5 2006-2026  SUV   YXL
11074,2,MULTI,607/609,3M-0/3S-0,非皮卡,BMW,Z4,2009,,Roadster,,,3M-0,607: BMW Z4 2002-2009  Roadster   3S-0 || 609: BMW Z4 2009-2026  Roadster   3M-0
11076,2,MULTI,607/609,3M-0/3S-0,非皮卡,BMW,Z4,2009,,Roadster,,,3S-0,607: BMW Z4 2002-2009  Roadster   3S-0 || 609: BMW Z4 2009-2026  Roadster   3M-0
11216,2,MULTI,630/631,2L+/2M,非皮卡,BYD,Dolphin,2025,,Hatchback,,,2L+,630: BYD Dolphin 2021-2026  Hatchback   2M || 631: BYD Dolphin 2025-2026  Hatchback   2L+
11217,2,MULTI,630/631,2L+/2M,非皮卡,BYD,Dolphin,2025,,Hatchback,,,2M,630: BYD Dolphin 2021-2026  Hatchback   2M || 631: BYD Dolphin 2025-2026  Hatchback   2L+
11218,2,MULTI,630/631,2L+/2M,非皮卡,BYD,Dolphin,2026,,Hatchback,,,2L+,630: BYD Dolphin 2021-2026  Hatchback   2M || 631: BYD Dolphin 2025-2026  Hatchback   2L+
11219,2,MULTI,630/631,2L+/2M,非皮卡,BYD,Dolphin,2026,,Hatchback,,,2M,630: BYD Dolphin 2021-2026  Hatchback   2M || 631: BYD Dolphin 2025-2026  Hatchback   2L+
11514,2,MULTI,683/684,YL/YXL,非皮卡,BYD,Tang,2018,,SUV,,,YL,683: BYD Tang 2015-2018  SUV   YL || 684: BYD Tang 2018-2022  SUV   YXL
11515,2,MULTI,683/684,YL/YXL,非皮卡,BYD,Tang,2018,,SUV,,,YXL,683: BYD Tang 2015-2018  SUV   YL || 684: BYD Tang 2018-2022  SUV   YXL
11583,2,MULTI,692/693,YL/YM+,非皮卡,BYD,Yuan Plus,2026,,SUV,,,YL,692: BYD Yuan Plus 2021-2026  SUV   YM+ || 693: BYD Yuan Plus 2026  SUV   YL
11584,2,MULTI,692/693,YL/YM+,非皮卡,BYD,Yuan Plus,2026,,SUV,,,YM+,692: BYD Yuan Plus 2021-2026  SUV   YM+ || 693: BYD Yuan Plus 2026  SUV   YL
11585,2,MULTI,692/693,YL/YM+,非皮卡,BYD,Yuan Plus,2026,,SUV,,,YM+,692: BYD Yuan Plus 2021-2026  SUV   YM+ || 693: BYD Yuan Plus 2026  SUV   YL
11723,2,MULTI,726/727,3XXXL/无可用尺码,非皮卡,Bentley,Arnage,2002,,Sedan,,,3XXXL,726: Bentley Arnage 1998-2002  Sedan   3XXXL || 727: Bentley Arnage 2002-2009  Sedan   无可用尺码
11724,2,MULTI,726/727,3XXXL/无可用尺码,非皮卡,Bentley,Arnage,2002,,Sedan,,,无可用尺码,726: Bentley Arnage 1998-2002  Sedan   3XXXL || 727: Bentley Arnage 2002-2009  Sedan   无可用尺码
12415,2,MULTI,809/810,YXL/YXXL,非皮卡,Buick,Enclave,2019,,SUV,,,YXL,809: Buick Enclave 2007-2024  SUV   YXXL || 810: Buick Enclave 2019-2025  SUV   YXL
12416,2,MULTI,809/810,YXL/YXXL,非皮卡,Buick,Enclave,2019,,SUV,,,YXXL,809: Buick Enclave 2007-2024  SUV   YXXL || 810: Buick Enclave 2019-2025  SUV   YXL
12417,2,MULTI,809/810,YXL/YXXL,非皮卡,Buick,Enclave,2020,,SUV,,,YXL,809: Buick Enclave 2007-2024  SUV   YXXL || 810: Buick Enclave 2019-2025  SUV   YXL
12418,2,MULTI,809/810,YXL/YXXL,非皮卡,Buick,Enclave,2020,,SUV,,,YXXL,809: Buick Enclave 2007-2024  SUV   YXXL || 810: Buick Enclave 2019-2025  SUV   YXL
12419,2,MULTI,809/810,YXL/YXXL,非皮卡,Buick,Enclave,2021,,SUV,,,YXL,809: Buick Enclave 2007-2024  SUV   YXXL || 810: Buick Enclave 2019-2025  SUV   YXL
12420,2,MULTI,809/810,YXL/YXXL,非皮卡,Buick,Enclave,2021,,SUV,,,YXXL,809: Buick Enclave 2007-2024  SUV   YXXL || 810: Buick Enclave 2019-2025  SUV   YXL
12421,2,MULTI,809/810,YXL/YXXL,非皮卡,Buick,Enclave,2021,,SUV,,,YXXL,809: Buick Enclave 2007-2024  SUV   YXXL || 810: Buick Enclave 2019-2025  SUV   YXL
12422,2,MULTI,809/810,YXL/YXXL,非皮卡,Buick,Enclave,2022,,SUV,,,YXL,809: Buick Enclave 2007-2024  SUV   YXXL || 810: Buick Enclave 2019-2025  SUV   YXL
12423,2,MULTI,809/810,YXL/YXXL,非皮卡,Buick,Enclave,2022,,SUV,,,YXXL,809: Buick Enclave 2007-2024  SUV   YXXL || 810: Buick Enclave 2019-2025  SUV   YXL
12424,2,MULTI,809/810,YXL/YXXL,非皮卡,Buick,Enclave,2023,,SUV,,,YXL,809: Buick Enclave 2007-2024  SUV   YXXL || 810: Buick Enclave 2019-2025  SUV   YXL
12425,2,MULTI,809/810,YXL/YXXL,非皮卡,Buick,Enclave,2023,,SUV,,,YXXL,809: Buick Enclave 2007-2024  SUV   YXXL || 810: Buick Enclave 2019-2025  SUV   YXL
12426,3,MULTI,809/810/811,YXL/YXXL/YXXL-545,非皮卡,Buick,Enclave,2024,,SUV,,,YXL,809: Buick Enclave 2007-2024  SUV   YXXL || 810: Buick Enclave 2019-2025  SUV   YXL || 811: Buick Enclave 2024-2026  SUV   YXXL-545
12427,3,MULTI,809/810/811,YXL/YXXL/YXXL-545,非皮卡,Buick,Enclave,2024,,SUV,,,YXXL,809: Buick Enclave 2007-2024  SUV   YXXL || 810: Buick Enclave 2019-2025  SUV   YXL || 811: Buick Enclave 2024-2026  SUV   YXXL-545
12428,3,MULTI,809/810/811,YXL/YXXL/YXXL-545,非皮卡,Buick,Enclave,2024,,SUV,,,YXXL-545,809: Buick Enclave 2007-2024  SUV   YXXL || 810: Buick Enclave 2019-2025  SUV   YXL || 811: Buick Enclave 2024-2026  SUV   YXXL-545
12429,2,MULTI,810/811,YXL/YXXL-545,非皮卡,Buick,Enclave,2025,,SUV,,,YXL,810: Buick Enclave 2019-2025  SUV   YXL || 811: Buick Enclave 2024-2026  SUV   YXXL-545
12430,2,MULTI,810/811,YXL/YXXL-545,非皮卡,Buick,Enclave,2025,,SUV,,,YXXL-545,810: Buick Enclave 2019-2025  SUV   YXL || 811: Buick Enclave 2024-2026  SUV   YXXL-545
12474,2,MULTI,816/817,YL/YXL,非皮卡,Buick,Envision,2024,Plus,SUV,,,YL,816: Buick Envision 2020-2024 Plus SUV   YXL || 817: Buick Envision 2024-2026 Plus SUV   YL
12476,2,MULTI,816/817,YL/YXL,非皮卡,Buick,Envision,2024,Plus,SUV,,,YXL,816: Buick Envision 2020-2024 Plus SUV   YXL || 817: Buick Envision 2024-2026 Plus SUV   YL
12619,2,MULTI,830/832,3XXL/无可用尺码,非皮卡,Buick,LeSabre,1986,,Sedan,,,3XXL,830: Buick LeSabre 1977-1986  Sedan   无可用尺码 || 832: Buick LeSabre 1986-2005  Sedan   3XXL
12620,2,MULTI,830/832,3XXL/无可用尺码,非皮卡,Buick,LeSabre,1986,,Sedan,,,无可用尺码,830: Buick LeSabre 1977-1986  Sedan   无可用尺码 || 832: Buick LeSabre 1986-2005  Sedan   3XXL
12710,2,MULTI,842/843,3XL/3XXL,非皮卡,Buick,Regal,1982,,Sedan,,,3XL,842: Buick Regal 1978-2008  Sedan   3XXL || 843: Buick Regal 1982-1996  Sedan   3XL
12712,2,MULTI,842/843,3XL/3XXL,非皮卡,Buick,Regal,1982,,Sedan,,,3XXL,842: Buick Regal 1978-2008  Sedan   3XXL || 843: Buick Regal 1982-1996  Sedan   3XL
12714,2,MULTI,842/843,3XL/3XXL,非皮卡,Buick,Regal,1983,,Sedan,,,3XL,842: Buick Regal 1978-2008  Sedan   3XXL || 843: Buick Regal 1982-1996  Sedan   3XL
12716,2,MULTI,842/843,3XL/3XXL,非皮卡,Buick,Regal,1983,,Sedan,,,3XXL,842: Buick Regal 1978-2008  Sedan   3XXL || 843: Buick Regal 1982-1996  Sedan   3XL
12718,2,MULTI,842/843,3XL/3XXL,非皮卡,Buick,Regal,1984,,Sedan,,,3XL,842: Buick Regal 1978-2008  Sedan   3XXL || 843: Buick Regal 1982-1996  Sedan   3XL
12720,2,MULTI,842/843,3XL/3XXL,非皮卡,Buick,Regal,1984,,Sedan,,,3XXL,842: Buick Regal 1978-2008  Sedan   3XXL || 843: Buick Regal 1982-1996  Sedan   3XL
12722,2,MULTI,842/843,3XL/3XXL,非皮卡,Buick,Regal,1985,,Sedan,,,3XL,842: Buick Regal 1978-2008  Sedan   3XXL || 843: Buick Regal 1982-1996  Sedan   3XL
12724,2,MULTI,842/843,3XL/3XXL,非皮卡,Buick,Regal,1985,,Sedan,,,3XXL,842: Buick Regal 1978-2008  Sedan   3XXL || 843: Buick Regal 1982-1996  Sedan   3XL
12726,2,MULTI,842/843,3XL/3XXL,非皮卡,Buick,Regal,1986,,Sedan,,,3XL,842: Buick Regal 1978-2008  Sedan   3XXL || 843: Buick Regal 1982-1996  Sedan   3XL
12728,2,MULTI,842/843,3XL/3XXL,非皮卡,Buick,Regal,1986,,Sedan,,,3XXL,842: Buick Regal 1978-2008  Sedan   3XXL || 843: Buick Regal 1982-1996  Sedan   3XL
12730,2,MULTI,842/843,3XL/3XXL,非皮卡,Buick,Regal,1987,,Sedan,,,3XL,842: Buick Regal 1978-2008  Sedan   3XXL || 843: Buick Regal 1982-1996  Sedan   3XL
12732,2,MULTI,842/843,3XL/3XXL,非皮卡,Buick,Regal,1987,,Sedan,,,3XXL,842: Buick Regal 1978-2008  Sedan   3XXL || 843: Buick Regal 1982-1996  Sedan   3XL
12733,2,MULTI,842/843,3XL/3XXL,非皮卡,Buick,Regal,1988,,Sedan,,,3XL,842: Buick Regal 1978-2008  Sedan   3XXL || 843: Buick Regal 1982-1996  Sedan   3XL
12735,2,MULTI,842/843,3XL/3XXL,非皮卡,Buick,Regal,1988,,Sedan,,,3XXL,842: Buick Regal 1978-2008  Sedan   3XXL || 843: Buick Regal 1982-1996  Sedan   3XL
12736,2,MULTI,842/843,3XL/3XXL,非皮卡,Buick,Regal,1989,,Sedan,,,3XL,842: Buick Regal 1978-2008  Sedan   3XXL || 843: Buick Regal 1982-1996  Sedan   3XL
12738,2,MULTI,842/843,3XL/3XXL,非皮卡,Buick,Regal,1989,,Sedan,,,3XXL,842: Buick Regal 1978-2008  Sedan   3XXL || 843: Buick Regal 1982-1996  Sedan   3XL
12739,2,MULTI,842/843,3XL/3XXL,非皮卡,Buick,Regal,1990,,Sedan,,,3XL,842: Buick Regal 1978-2008  Sedan   3XXL || 843: Buick Regal 1982-1996  Sedan   3XL
12741,2,MULTI,842/843,3XL/3XXL,非皮卡,Buick,Regal,1990,,Sedan,,,3XXL,842: Buick Regal 1978-2008  Sedan   3XXL || 843: Buick Regal 1982-1996  Sedan   3XL
12742,2,MULTI,842/843,3XL/3XXL,非皮卡,Buick,Regal,1991,,Sedan,,,3XL,842: Buick Regal 1978-2008  Sedan   3XXL || 843: Buick Regal 1982-1996  Sedan   3XL
12744,2,MULTI,842/843,3XL/3XXL,非皮卡,Buick,Regal,1991,,Sedan,,,3XXL,842: Buick Regal 1978-2008  Sedan   3XXL || 843: Buick Regal 1982-1996  Sedan   3XL
12745,2,MULTI,842/843,3XL/3XXL,非皮卡,Buick,Regal,1992,,Sedan,,,3XL,842: Buick Regal 1978-2008  Sedan   3XXL || 843: Buick Regal 1982-1996  Sedan   3XL
12747,2,MULTI,842/843,3XL/3XXL,非皮卡,Buick,Regal,1992,,Sedan,,,3XXL,842: Buick Regal 1978-2008  Sedan   3XXL || 843: Buick Regal 1982-1996  Sedan   3XL
12748,2,MULTI,842/843,3XL/3XXL,非皮卡,Buick,Regal,1993,,Sedan,,,3XL,842: Buick Regal 1978-2008  Sedan   3XXL || 843: Buick Regal 1982-1996  Sedan   3XL
12750,2,MULTI,842/843,3XL/3XXL,非皮卡,Buick,Regal,1993,,Sedan,,,3XXL,842: Buick Regal 1978-2008  Sedan   3XXL || 843: Buick Regal 1982-1996  Sedan   3XL
12751,2,MULTI,842/843,3XL/3XXL,非皮卡,Buick,Regal,1994,,Sedan,,,3XL,842: Buick Regal 1978-2008  Sedan   3XXL || 843: Buick Regal 1982-1996  Sedan   3XL
12753,2,MULTI,842/843,3XL/3XXL,非皮卡,Buick,Regal,1994,,Sedan,,,3XXL,842: Buick Regal 1978-2008  Sedan   3XXL || 843: Buick Regal 1982-1996  Sedan   3XL
12754,2,MULTI,842/843,3XL/3XXL,非皮卡,Buick,Regal,1995,,Sedan,,,3XL,842: Buick Regal 1978-2008  Sedan   3XXL || 843: Buick Regal 1982-1996  Sedan   3XL
12756,2,MULTI,842/843,3XL/3XXL,非皮卡,Buick,Regal,1995,,Sedan,,,3XXL,842: Buick Regal 1978-2008  Sedan   3XXL || 843: Buick Regal 1982-1996  Sedan   3XL
12757,2,MULTI,842/843,3XL/3XXL,非皮卡,Buick,Regal,1996,,Sedan,,,3XL,842: Buick Regal 1978-2008  Sedan   3XXL || 843: Buick Regal 1982-1996  Sedan   3XL
12759,2,MULTI,842/843,3XL/3XXL,非皮卡,Buick,Regal,1996,,Sedan,,,3XXL,842: Buick Regal 1978-2008  Sedan   3XXL || 843: Buick Regal 1982-1996  Sedan   3XL
12822,2,MULTI,851/852,3XL-0/3XXL-0,非皮卡,Buick,Riviera,1985,,Coupe,,,3XL-0,851: Buick Riviera 1979-1985  Coupe   3XXL-0 || 852: Buick Riviera 1985-1993  Coupe   3XL-0
12823,2,MULTI,851/852,3XL-0/3XXL-0,非皮卡,Buick,Riviera,1985,,Coupe,,,3XXL-0,851: Buick Riviera 1979-1985  Coupe   3XXL-0 || 852: Buick Riviera 1985-1993  Coupe   3XL-0
13036,2,MULTI,885/886,3L/3XL,非皮卡,Buick,Verano,2015,,Sedan,,,3L,885: Buick Verano 2011-2017  Sedan   3L || 886: Buick Verano 2015-2021  Sedan   3XL
13037,2,MULTI,885/886,3L/3XL,非皮卡,Buick,Verano,2015,,Sedan,,,3XL,885: Buick Verano 2011-2017  Sedan   3L || 886: Buick Verano 2015-2021  Sedan   3XL
13038,2,MULTI,885/886,3L/3XL,非皮卡,Buick,Verano,2016,,Sedan,,,3L,885: Buick Verano 2011-2017  Sedan   3L || 886: Buick Verano 2015-2021  Sedan   3XL
13039,2,MULTI,885/886,3L/3XL,非皮卡,Buick,Verano,2016,,Sedan,,,3XL,885: Buick Verano 2011-2017  Sedan   3L || 886: Buick Verano 2015-2021  Sedan   3XL
13040,2,MULTI,885/886,3L/3XL,非皮卡,Buick,Verano,2017,,Sedan,,,3L,885: Buick Verano 2011-2017  Sedan   3L || 886: Buick Verano 2015-2021  Sedan   3XL
13041,2,MULTI,885/886,3L/3XL,非皮卡,Buick,Verano,2017,,Sedan,,,3XL,885: Buick Verano 2011-2017  Sedan   3L || 886: Buick Verano 2015-2021  Sedan   3XL
13042,2,MULTI,885/886,3L/3XL,非皮卡,Buick,Verano,2017,,Sedan,,,3XL,885: Buick Verano 2011-2017  Sedan   3L || 886: Buick Verano 2015-2021  Sedan   3XL
13047,2,MULTI,886/887,3L/3XL,非皮卡,Buick,Verano,2021,,Sedan,,,3L,886: Buick Verano 2015-2021  Sedan   3XL || 887: Buick Verano 2021-2026  Sedan   3L
13049,2,MULTI,886/887,3L/3XL,非皮卡,Buick,Verano,2021,,Sedan,,,3XL,886: Buick Verano 2015-2021  Sedan   3XL || 887: Buick Verano 2021-2026  Sedan   3L
13173,2,MULTI,904/905,3M/3XXL,非皮卡,Cadillac,CT5-V,2024,,Sedan,,,3M,904: Cadillac CT5-V 2019-2024  Sedan   3XXL || 905: Cadillac CT5-V 2024-2026  Sedan   3M
13174,2,MULTI,904/905,3M/3XXL,非皮卡,Cadillac,CT5-V,2024,,Sedan,,,3XXL,904: Cadillac CT5-V 2019-2024  Sedan   3XXL || 905: Cadillac CT5-V 2024-2026  Sedan   3M
13216,2,MULTI,907/910,3XL/3XXL,非皮卡,Cadillac,CTS,2013,,Sedan,,,3XL,907: Cadillac CTS 2002-2014  Sedan   3XL || 910: Cadillac CTS 2013-2019  Sedan   3XXL
13218,2,MULTI,907/910,3XL/3XXL,非皮卡,Cadillac,CTS,2013,,Sedan,,,3XXL,907: Cadillac CTS 2002-2014  Sedan   3XL || 910: Cadillac CTS 2013-2019  Sedan   3XXL
13220,2,MULTI,907/910,3XL/3XXL,非皮卡,Cadillac,CTS,2014,,Sedan,,,3XL,907: Cadillac CTS 2002-2014  Sedan   3XL || 910: Cadillac CTS 2013-2019  Sedan   3XXL
13222,2,MULTI,907/910,3XL/3XXL,非皮卡,Cadillac,CTS,2014,,Sedan,,,3XXL,907: Cadillac CTS 2002-2014  Sedan   3XL || 910: Cadillac CTS 2013-2019  Sedan   3XXL
13340,2,MULTI,921/922,3XXL/3XXXL,非皮卡,Cadillac,DeVille,1999,,Sedan,,,3XXL,921: Cadillac DeVille 1994-1999  Sedan   3XXXL || 922: Cadillac DeVille 1999-2005  Sedan   3XXL
13341,2,MULTI,921/922,3XXL/3XXXL,非皮卡,Cadillac,DeVille,1999,,Sedan,,,3XXXL,921: Cadillac DeVille 1994-1999  Sedan   3XXXL || 922: Cadillac DeVille 1999-2005  Sedan   3XXL
13422,2,MULTI,930/931,YXL/YXXL,非皮卡,Cadillac,Escalade,2006,,SUV,,,YXL,930: Cadillac Escalade 2001-2006  SUV   YXL || 931: Cadillac Escalade 2006-2020  SUV   YXXL
13423,2,MULTI,930/931,YXL/YXXL,非皮卡,Cadillac,Escalade,2006,,SUV,,,YXXL,930: Cadillac Escalade 2001-2006  SUV   YXL || 931: Cadillac Escalade 2006-2020  SUV   YXXL
13453,2,MULTI,931/933,YXXL/YXXL-545,非皮卡,Cadillac,Escalade,2020,,SUV,,,YXXL,931: Cadillac Escalade 2006-2020  SUV   YXXL || 933: Cadillac Escalade 2020-2026  SUV   YXXL-545
13454,2,MULTI,931/933,YXXL/YXXL-545,非皮卡,Cadillac,Escalade,2020,,SUV,,,YXXL-545,931: Cadillac Escalade 2006-2020  SUV   YXXL || 933: Cadillac Escalade 2020-2026  SUV   YXXL-545
13521,2,MULTI,937/938,3XXL/无可用尺码,非皮卡,Cadillac,Fleetwood,1984,,Sedan,,,3XXL,937: Cadillac Fleetwood 1956-1986  Sedan   无可用尺码 || 938: Cadillac Fleetwood 1984-1992  Sedan   3XXL
13522,2,MULTI,937/938,3XXL/无可用尺码,非皮卡,Cadillac,Fleetwood,1984,,Sedan,,,无可用尺码,937: Cadillac Fleetwood 1956-1986  Sedan   无可用尺码 || 938: Cadillac Fleetwood 1984-1992  Sedan   3XXL
13523,2,MULTI,937/938,3XXL/无可用尺码,非皮卡,Cadillac,Fleetwood,1984,,Sedan,,,无可用尺码,937: Cadillac Fleetwood 1956-1986  Sedan   无可用尺码 || 938: Cadillac Fleetwood 1984-1992  Sedan   3XXL
13524,2,MULTI,937/938,3XXL/无可用尺码,非皮卡,Cadillac,Fleetwood,1985,,Sedan,,,3XXL,937: Cadillac Fleetwood 1956-1986  Sedan   无可用尺码 || 938: Cadillac Fleetwood 1984-1992  Sedan   3XXL
13525,2,MULTI,937/938,3XXL/无可用尺码,非皮卡,Cadillac,Fleetwood,1985,,Sedan,,,无可用尺码,937: Cadillac Fleetwood 1956-1986  Sedan   无可用尺码 || 938: Cadillac Fleetwood 1984-1992  Sedan   3XXL
13526,2,MULTI,937/938,3XXL/无可用尺码,非皮卡,Cadillac,Fleetwood,1986,,Sedan,,,3XXL,937: Cadillac Fleetwood 1956-1986  Sedan   无可用尺码 || 938: Cadillac Fleetwood 1984-1992  Sedan   3XXL
13527,2,MULTI,937/938,3XXL/无可用尺码,非皮卡,Cadillac,Fleetwood,1986,,Sedan,,,无可用尺码,937: Cadillac Fleetwood 1956-1986  Sedan   无可用尺码 || 938: Cadillac Fleetwood 1984-1992  Sedan   3XXL
13675,2,MULTI,962/963,YL/YXL,非皮卡,Cadillac,XT5,2024,,SUV,,,YL,962: Cadillac XT5 2016-2026  SUV   YL || 963: Cadillac XT5 2024-2026  SUV   YXL
13676,2,MULTI,962/963,YL/YXL,非皮卡,Cadillac,XT5,2024,,SUV,,,YXL,962: Cadillac XT5 2016-2026  SUV   YL || 963: Cadillac XT5 2024-2026  SUV   YXL
13677,2,MULTI,962/963,YL/YXL,非皮卡,Cadillac,XT5,2025,,SUV,,,YL,962: Cadillac XT5 2016-2026  SUV   YL || 963: Cadillac XT5 2024-2026  SUV   YXL
13678,2,MULTI,962/963,YL/YXL,非皮卡,Cadillac,XT5,2025,,SUV,,,YXL,962: Cadillac XT5 2016-2026  SUV   YL || 963: Cadillac XT5 2024-2026  SUV   YXL
13679,2,MULTI,962/963,YL/YXL,非皮卡,Cadillac,XT5,2026,,SUV,,,YL,962: Cadillac XT5 2016-2026  SUV   YL || 963: Cadillac XT5 2024-2026  SUV   YXL
13680,2,MULTI,962/963,YL/YXL,非皮卡,Cadillac,XT5,2026,,SUV,,,YXL,962: Cadillac XT5 2016-2026  SUV   YL || 963: Cadillac XT5 2024-2026  SUV   YXL
13854,0,MISS,,,非皮卡,Changan,Benni EC/EV,2018,,Hatchback,,,2M,
13855,0,MISS,,,非皮卡,Changan,Benni EC/EV,2019,,Hatchback,,,2M,
13856,0,MISS,,,非皮卡,Changan,Benni EC/EV,2020,,Hatchback,,,2M,
14023,2,MULTI,1003/1005,3L/3XL,非皮卡,Changan,Eado,2018,,Sedan,,,3L,1003: Changan Eado 2013-2018  Sedan   3L || 1005: Changan Eado 2018-2026  Sedan   3XL
14024,2,MULTI,1003/1005,3L/3XL,非皮卡,Changan,Eado,2018,,Sedan,,,3XL,1003: Changan Eado 2013-2018  Sedan   3L || 1005: Changan Eado 2018-2026  Sedan   3XL
14145,2,MULTI,1027/1028,3L/3XL,非皮卡,Changan,UNI-V,2024,,Liftback,,,3L,1027: Changan UNI-V 2022-2026  Liftback   3L || 1028: Changan UNI-V 2024-2026  Liftback   3XL
14146,2,MULTI,1027/1028,3L/3XL,非皮卡,Changan,UNI-V,2024,,Liftback,,,3XL,1027: Changan UNI-V 2022-2026  Liftback   3L || 1028: Changan UNI-V 2024-2026  Liftback   3XL
14147,2,MULTI,1027/1028,3L/3XL,非皮卡,Changan,UNI-V,2025,,Liftback,,,3L,1027: Changan UNI-V 2022-2026  Liftback   3L || 1028: Changan UNI-V 2024-2026  Liftback   3XL
14148,2,MULTI,1027/1028,3L/3XL,非皮卡,Changan,UNI-V,2025,,Liftback,,,3XL,1027: Changan UNI-V 2022-2026  Liftback   3L || 1028: Changan UNI-V 2024-2026  Liftback   3XL
14149,2,MULTI,1027/1028,3L/3XL,非皮卡,Changan,UNI-V,2025,,Liftback,,,3XL,1027: Changan UNI-V 2022-2026  Liftback   3L || 1028: Changan UNI-V 2024-2026  Liftback   3XL
14150,2,MULTI,1027/1028,3L/3XL,非皮卡,Changan,UNI-V,2026,,Liftback,,,3L,1027: Changan UNI-V 2022-2026  Liftback   3L || 1028: Changan UNI-V 2024-2026  Liftback   3XL
14151,2,MULTI,1027/1028,3L/3XL,非皮卡,Changan,UNI-V,2026,,Liftback,,,3XL,1027: Changan UNI-V 2022-2026  Liftback   3L || 1028: Changan UNI-V 2024-2026  Liftback   3XL
14152,2,MULTI,1027/1028,3L/3XL,非皮卡,Changan,UNI-V,2026,,Liftback,,,3XL,1027: Changan UNI-V 2022-2026  Liftback   3L || 1028: Changan UNI-V 2024-2026  Liftback   3XL
14278,0,MISS,,,非皮卡,Chery,Bonus 3 (E3/A19),2014,,Sedan,,,3M,
14279,0,MISS,,,非皮卡,Chery,Bonus 3 (E3/A19),2015,,Sedan,,,3M,
14280,0,MISS,,,非皮卡,Chery,Bonus 3 (E3/A19),2016,,Sedan,,,3M,
14281,0,MISS,,,非皮卡,Chery,Bonus 3 (E3/A19),2017,,Sedan,,,3M,
14591,2,MULTI,1094/1095,YL/YM+,非皮卡,Chery,Tiggo 7L,2026,,SUV,,,YL,1094: Chery Tiggo 7L 2024-2026  SUV   YM+ || 1095: Chery Tiggo 7L 2026  SUV   YL
14592,2,MULTI,1094/1095,YL/YM+,非皮卡,Chery,Tiggo 7L,2026,,SUV,,,YM+,1094: Chery Tiggo 7L 2024-2026  SUV   YM+ || 1095: Chery Tiggo 7L 2026  SUV   YL
14965,2,MULTI,1133/1134,3XXXL/无可用尺码,非皮卡,Chevrolet,Caprice,1970,,Sedan,,,3XXXL,1133: Chevrolet Caprice 1965-1970  Sedan   3XXXL || 1134: Chevrolet Caprice 1970-1976  Sedan   无可用尺码
14966,2,MULTI,1133/1134,3XXXL/无可用尺码,非皮卡,Chevrolet,Caprice,1970,,Sedan,,,无可用尺码,1133: Chevrolet Caprice 1965-1970  Sedan   3XXXL || 1134: Chevrolet Caprice 1970-1976  Sedan   无可用尺码
14972,2,MULTI,1134/1135,3XXXL/无可用尺码,非皮卡,Chevrolet,Caprice,1976,,Sedan,,,3XXXL,1134: Chevrolet Caprice 1970-1976  Sedan   无可用尺码 || 1135: Chevrolet Caprice 1976-1996  Sedan   3XXXL
14973,2,MULTI,1134/1135,3XXXL/无可用尺码,非皮卡,Chevrolet,Caprice,1976,,Sedan,,,无可用尺码,1134: Chevrolet Caprice 1970-1976  Sedan   无可用尺码 || 1135: Chevrolet Caprice 1976-1996  Sedan   3XXXL
15438,2,MULTI,1164/1167,3L-0/3M-0,非皮卡,Chevrolet,Corvette,2019,,Convertible,,,3L-0,1164: Chevrolet Corvette 2004-2019  Convertible   3M-0 || 1167: Chevrolet Corvette 2019-2026  Convertible   3L-0
15440,2,MULTI,1164/1167,3L-0/3M-0,非皮卡,Chevrolet,Corvette,2019,,Convertible,,,3M-0,1164: Chevrolet Corvette 2004-2019  Convertible   3M-0 || 1167: Chevrolet Corvette 2019-2026  Convertible   3L-0
15708,2,MULTI,1189/1190,3XXXL-0/3XXXXL-0,非皮卡,Chevrolet,Impala,1970,,Coupe,,,3XXXL-0,1189: Chevrolet Impala 1964-1970  Coupe   3XXXL-0 || 1190: Chevrolet Impala 1970-1976  Coupe   3XXXXL-0
15709,2,MULTI,1189/1190,3XXXL-0/3XXXXL-0,非皮卡,Chevrolet,Impala,1970,,Coupe,,,3XXXXL-0,1189: Chevrolet Impala 1964-1970  Coupe   3XXXL-0 || 1190: Chevrolet Impala 1970-1976  Coupe   3XXXXL-0
15898,2,MULTI,1204/1206,3XL/3XXL,非皮卡,Chevrolet,Malibu,2015,,Sedan,,,3XL,1204: Chevrolet Malibu 1996-2016  Sedan   3XL || 1206: Chevrolet Malibu 2015-2026  Sedan   3XXL
15899,2,MULTI,1204/1206,3XL/3XXL,非皮卡,Chevrolet,Malibu,2015,,Sedan,,,3XXL,1204: Chevrolet Malibu 1996-2016  Sedan   3XL || 1206: Chevrolet Malibu 2015-2026  Sedan   3XXL
15900,2,MULTI,1204/1206,3XL/3XXL,非皮卡,Chevrolet,Malibu,2016,,Sedan,,,3XL,1204: Chevrolet Malibu 1996-2016  Sedan   3XL || 1206: Chevrolet Malibu 2015-2026  Sedan   3XXL
15901,2,MULTI,1204/1206,3XL/3XXL,非皮卡,Chevrolet,Malibu,2016,,Sedan,,,3XXL,1204: Chevrolet Malibu 1996-2016  Sedan   3XL || 1206: Chevrolet Malibu 2015-2026  Sedan   3XXL
16145,2,MULTI,1232/1233,2L+/2M,非皮卡,Chevrolet,Onix,2019,,Hatchback,,,2L+,1232: Chevrolet Onix 2012-2019  Hatchback   2M || 1233: Chevrolet Onix 2019-2026  Hatchback   2L+
16146,2,MULTI,1232/1233,2L+/2M,非皮卡,Chevrolet,Onix,2019,,Hatchback,,,2M,1232: Chevrolet Onix 2012-2019  Hatchback   2M || 1233: Chevrolet Onix 2019-2026  Hatchback   2L+
16147,2,MULTI,1232/1233,2L+/2M,非皮卡,Chevrolet,Onix,2019,,Hatchback,,,2M,1232: Chevrolet Onix 2012-2019  Hatchback   2M || 1233: Chevrolet Onix 2019-2026  Hatchback   2L+
16235,2,MULTI,1243/1244,2M/2S,非皮卡,Chevrolet,Spark,2009,,Hatchback,,,2M,1243: Chevrolet Spark 2005-2009  Hatchback   2S || 1244: Chevrolet Spark 2009-2023  Hatchback   2M
16236,2,MULTI,1243/1244,2M/2S,非皮卡,Chevrolet,Spark,2009,,Hatchback,,,2S,1243: Chevrolet Spark 2005-2009  Hatchback   2S || 1244: Chevrolet Spark 2009-2023  Hatchback   2M
16398,2,MULTI,1257/1258,YXL/YXXL,非皮卡,Chevrolet,Tahoe,2006,,SUV,,,YXL,1257: Chevrolet Tahoe 1999-2006  SUV   YXL || 1258: Chevrolet Tahoe 2006-2021  SUV   YXXL
16399,2,MULTI,1257/1258,YXL/YXXL,非皮卡,Chevrolet,Tahoe,2006,,SUV,,,YXXL,1257: Chevrolet Tahoe 1999-2006  SUV   YXL || 1258: Chevrolet Tahoe 2006-2021  SUV   YXXL
16414,2,MULTI,1258/1259,YXXL/YXXL-545,非皮卡,Chevrolet,Tahoe,2020,,SUV,,,YXXL,1258: Chevrolet Tahoe 2006-2021  SUV   YXXL || 1259: Chevrolet Tahoe 2020-2026  SUV   YXXL-545
16415,2,MULTI,1258/1259,YXXL/YXXL-545,非皮卡,Chevrolet,Tahoe,2020,,SUV,,,YXXL-545,1258: Chevrolet Tahoe 2006-2021  SUV   YXXL || 1259: Chevrolet Tahoe 2020-2026  SUV   YXXL-545
16416,2,MULTI,1258/1259,YXXL/YXXL-545,非皮卡,Chevrolet,Tahoe,2021,,SUV,,,YXXL,1258: Chevrolet Tahoe 2006-2021  SUV   YXXL || 1259: Chevrolet Tahoe 2020-2026  SUV   YXXL-545
16417,2,MULTI,1258/1259,YXXL/YXXL-545,非皮卡,Chevrolet,Tahoe,2021,,SUV,,,YXXL-545,1258: Chevrolet Tahoe 2006-2021  SUV   YXXL || 1259: Chevrolet Tahoe 2020-2026  SUV   YXXL-545
16523,2,MULTI,1266/1267,YM+/YXL,非皮卡,Chevrolet,TrailBlazer,2019,,SUV,,,YM+,1266: Chevrolet TrailBlazer 2012-2022  SUV   YXL || 1267: Chevrolet TrailBlazer 2019-2026  SUV   YM+
16524,2,MULTI,1266/1267,YM+/YXL,非皮卡,Chevrolet,TrailBlazer,2019,,SUV,,,YXL,1266: Chevrolet TrailBlazer 2012-2022  SUV   YXL || 1267: Chevrolet TrailBlazer 2019-2026  SUV   YM+
16525,2,MULTI,1266/1267,YM+/YXL,非皮卡,Chevrolet,TrailBlazer,2020,,SUV,,,YM+,1266: Chevrolet TrailBlazer 2012-2022  SUV   YXL || 1267: Chevrolet TrailBlazer 2019-2026  SUV   YM+
16526,2,MULTI,1266/1267,YM+/YXL,非皮卡,Chevrolet,TrailBlazer,2020,,SUV,,,YXL,1266: Chevrolet TrailBlazer 2012-2022  SUV   YXL || 1267: Chevrolet TrailBlazer 2019-2026  SUV   YM+
16527,2,MULTI,1266/1267,YM+/YXL,非皮卡,Chevrolet,TrailBlazer,2021,,SUV,,,YM+,1266: Chevrolet TrailBlazer 2012-2022  SUV   YXL || 1267: Chevrolet TrailBlazer 2019-2026  SUV   YM+
16528,2,MULTI,1266/1267,YM+/YXL,非皮卡,Chevrolet,TrailBlazer,2021,,SUV,,,YXL,1266: Chevrolet TrailBlazer 2012-2022  SUV   YXL || 1267: Chevrolet TrailBlazer 2019-2026  SUV   YM+
16529,2,MULTI,1266/1267,YM+/YXL,非皮卡,Chevrolet,TrailBlazer,2022,,SUV,,,YM+,1266: Chevrolet TrailBlazer 2012-2022  SUV   YXL || 1267: Chevrolet TrailBlazer 2019-2026  SUV   YM+
16530,2,MULTI,1266/1267,YM+/YXL,非皮卡,Chevrolet,TrailBlazer,2022,,SUV,,,YXL,1266: Chevrolet TrailBlazer 2012-2022  SUV   YXL || 1267: Chevrolet TrailBlazer 2019-2026  SUV   YM+
16685,2,MULTI,1279/1281,3XL/3XXL,非皮卡,Chrysler,200,2014,,Sedan,,,3XL,1279: Chrysler 200 2010-2014  Sedan   3XL || 1281: Chrysler 200 2014-2017  Sedan   3XXL
16687,2,MULTI,1279/1281,3XL/3XXL,非皮卡,Chrysler,200,2014,,Sedan,,,3XXL,1279: Chrysler 200 2010-2014  Sedan   3XL || 1281: Chrysler 200 2014-2017  Sedan   3XXL
16714,2,MULTI,1284/1285,3XXXL-0/3XXXXL-0,非皮卡,Chrysler,300 Letter Series,1961,,Convertible,,,3XXXL-0,1284: Chrysler 300 Letter Series 1956-1961  Convertible   3XXXXL-0 || 1285: Chrysler 300 Letter Series 1961-1962  Convertible   3XXXL-0
16715,2,MULTI,1283/1286,3XXXL-0/3XXXXL-0,非皮卡,Chrysler,300 Letter Series,1961,,Coupe,,,3XXXL-0,1283: Chrysler 300 Letter Series 1955-1961  Coupe   3XXXXL-0 || 1286: Chrysler 300 Letter Series 1961-1964  Coupe   3XXXL-0
16716,2,MULTI,1284/1285,3XXXL-0/3XXXXL-0,非皮卡,Chrysler,300 Letter Series,1961,,Convertible,,,3XXXXL-0,1284: Chrysler 300 Letter Series 1956-1961  Convertible   3XXXXL-0 || 1285: Chrysler 300 Letter Series 1961-1962  Convertible   3XXXL-0
16717,2,MULTI,1283/1286,3XXXL-0/3XXXXL-0,非皮卡,Chrysler,300 Letter Series,1961,,Coupe,,,3XXXXL-0,1283: Chrysler 300 Letter Series 1955-1961  Coupe   3XXXXL-0 || 1286: Chrysler 300 Letter Series 1961-1964  Coupe   3XXXL-0
16798,2,MULTI,1294/1295,3XXL/3XXXL,非皮卡,Chrysler,Concorde,1997,,Sedan,,,3XXL,1294: Chrysler Concorde 1992-1997  Sedan   3XXL || 1295: Chrysler Concorde 1997-2004  Sedan   3XXXL
16799,2,MULTI,1294/1295,3XXL/3XXXL,非皮卡,Chrysler,Concorde,1997,,Sedan,,,3XXXL,1294: Chrysler Concorde 1992-1997  Sedan   3XXL || 1295: Chrysler Concorde 1997-2004  Sedan   3XXXL
16977,2,MULTI,1314/1315,3L/3XXL,非皮卡,Chrysler,LeBaron,1981,,Sedan,,,3L,1314: Chrysler LeBaron 1977-1981  Sedan   3XXL || 1315: Chrysler LeBaron 1981-1995  Sedan   3L
16979,2,MULTI,1313/1317,3L-0/3XL+0,非皮卡,Chrysler,LeBaron,1981,,Coupe,,,3L-0,1313: Chrysler LeBaron 1977-1981  Coupe   3XL+0 || 1317: Chrysler LeBaron 1981-1995  Coupe   3L-0
16980,2,MULTI,1313/1317,3L-0/3XL+0,非皮卡,Chrysler,LeBaron,1981,,Coupe,,,3XL+0,1313: Chrysler LeBaron 1977-1981  Coupe   3XL+0 || 1317: Chrysler LeBaron 1981-1995  Coupe   3L-0
16981,2,MULTI,1314/1315,3L/3XXL,非皮卡,Chrysler,LeBaron,1981,,Sedan,,,3XXL,1314: Chrysler LeBaron 1977-1981  Sedan   3XXL || 1315: Chrysler LeBaron 1981-1995  Sedan   3L
17087,2,MULTI,1325/1326,3XL/3XXL,非皮卡,Chrysler,New Yorker,1988,,Sedan,,,3XL,1325: Chrysler New Yorker 1983-1988  Sedan   3XL || 1326: Chrysler New Yorker 1988-1996  Sedan   3XXL
17088,2,MULTI,1325/1326,3XL/3XXL,非皮卡,Chrysler,New Yorker,1988,,Sedan,,,3XXL,1325: Chrysler New Yorker 1983-1988  Sedan   3XL || 1326: Chrysler New Yorker 1988-1996  Sedan   3XXL
17190,2,MULTI,1335/1338,3XL+0/无可用尺码,非皮卡,Chrysler,Sebring,2000,,Convertible,,,3XL+0,1335: Chrysler Sebring 1994-2000  Convertible   3XL+0 || 1338: Chrysler Sebring 2000-2003  Convertible   无可用尺码
17193,2,MULTI,1335/1338,3XL+0/无可用尺码,非皮卡,Chrysler,Sebring,2000,,Convertible,,,无可用尺码,1335: Chrysler Sebring 1994-2000  Convertible   3XL+0 || 1338: Chrysler Sebring 2000-2003  Convertible   无可用尺码
17202,2,MULTI,1338/1339,3XL+0/无可用尺码,非皮卡,Chrysler,Sebring,2003,,Convertible,,,3XL+0,1338: Chrysler Sebring 2000-2003  Convertible   无可用尺码 || 1339: Chrysler Sebring 2003-2010  Convertible   3XL+0
17205,2,MULTI,1338/1339,3XL+0/无可用尺码,非皮卡,Chrysler,Sebring,2003,,Convertible,,,无可用尺码,1338: Chrysler Sebring 2000-2003  Convertible   无可用尺码 || 1339: Chrysler Sebring 2003-2010  Convertible   3XL+0
17338,2,MULTI,1346/1348,2XL+/2XXL-525,非皮卡,Chrysler,Town & Country,2000,,MPV,,,2XL+,1346: Chrysler Town & Country 1990-2000  MPV   2XL+ || 1348: Chrysler Town & Country 2000-2016  MPV   2XXL-525
17339,2,MULTI,1346/1348,2XL+/2XXL-525,非皮卡,Chrysler,Town & Country,2000,,MPV,,,2XXL-525,1346: Chrysler Town & Country 1990-2000  MPV   2XL+ || 1348: Chrysler Town & Country 2000-2016  MPV   2XXL-525
17408,2,MULTI,1352/1355,2XL/2XL+,非皮卡,Chrysler,Voyager,1995,,MPV,,,2XL,1352: Chrysler Voyager 1991-1995  MPV   2XL || 1355: Chrysler Voyager 1995-2001  MPV   2XL+
17409,2,MULTI,1353/1354,2XL/2XL+,非皮卡,Chrysler,Voyager,1995,Grand,MPV,,,2XL,1353: Chrysler Voyager 1991-1995 Grand MPV   2XL+ || 1354: Chrysler Voyager 1995-2001 Grand MPV   2XL
17410,2,MULTI,1352/1355,2XL/2XL+,非皮卡,Chrysler,Voyager,1995,,MPV,,,2XL+,1352: Chrysler Voyager 1991-1995  MPV   2XL || 1355: Chrysler Voyager 1995-2001  MPV   2XL+
17411,2,MULTI,1353/1354,2XL/2XL+,非皮卡,Chrysler,Voyager,1995,Grand,MPV,,,2XL+,1353: Chrysler Voyager 1991-1995 Grand MPV   2XL+ || 1354: Chrysler Voyager 1995-2001 Grand MPV   2XL
17420,2,MULTI,1355/1356,2XL/2XL+,非皮卡,Chrysler,Voyager,2000,,MPV,,,2XL,1355: Chrysler Voyager 1995-2001  MPV   2XL+ || 1356: Chrysler Voyager 2000-2008  MPV   2XL
17421,2,MULTI,1354/1357,2XL/2XXL-525,非皮卡,Chrysler,Voyager,2000,Grand,MPV,,,2XL,1354: Chrysler Voyager 1995-2001 Grand MPV   2XL || 1357: Chrysler Voyager 2000-2016 Grand MPV   2XXL-525
17422,2,MULTI,1355/1356,2XL/2XL+,非皮卡,Chrysler,Voyager,2000,,MPV,,,2XL+,1355: Chrysler Voyager 1995-2001  MPV   2XL+ || 1356: Chrysler Voyager 2000-2008  MPV   2XL
17423,2,MULTI,1354/1357,2XL/2XXL-525,非皮卡,Chrysler,Voyager,2000,Grand,MPV,,,2XXL-525,1354: Chrysler Voyager 1995-2001 Grand MPV   2XL || 1357: Chrysler Voyager 2000-2016 Grand MPV   2XXL-525
17424,2,MULTI,1355/1356,2XL/2XL+,非皮卡,Chrysler,Voyager,2001,,MPV,,,2XL,1355: Chrysler Voyager 1995-2001  MPV   2XL+ || 1356: Chrysler Voyager 2000-2008  MPV   2XL
17425,2,MULTI,1354/1357,2XL/2XXL-525,非皮卡,Chrysler,Voyager,2001,Grand,MPV,,,2XL,1354: Chrysler Voyager 1995-2001 Grand MPV   2XL || 1357: Chrysler Voyager 2000-2016 Grand MPV   2XXL-525
17426,2,MULTI,1355/1356,2XL/2XL+,非皮卡,Chrysler,Voyager,2001,,MPV,,,2XL+,1355: Chrysler Voyager 1995-2001  MPV   2XL+ || 1356: Chrysler Voyager 2000-2008  MPV   2XL
17427,2,MULTI,1354/1357,2XL/2XXL-525,非皮卡,Chrysler,Voyager,2001,Grand,MPV,,,2XXL-525,1354: Chrysler Voyager 1995-2001 Grand MPV   2XL || 1357: Chrysler Voyager 2000-2016 Grand MPV   2XXL-525
17626,2,MULTI,1369/1371,2L-200/2XL,非皮卡,Citroen,Berlingo,2008,,MPV,,,2L-200,1369: Citroen Berlingo 1996-2012  MPV   2L-200 || 1371: Citroen Berlingo 2008-2026  MPV   2XL
17627,2,MULTI,1370/1372,2L-200/2XL,非皮卡,Citroen,Berlingo,2008,,Van,,,2L-200,1370: Citroen Berlingo 1996-2012  Van   2L-200 || 1372: Citroen Berlingo 2008-2026  Van   2XL
17628,2,MULTI,1369/1371,2L-200/2XL,非皮卡,Citroen,Berlingo,2008,,MPV,,,2XL,1369: Citroen Berlingo 1996-2012  MPV   2L-200 || 1371: Citroen Berlingo 2008-2026  MPV   2XL
17629,2,MULTI,1370/1372,2L-200/2XL,非皮卡,Citroen,Berlingo,2008,,Van,,,2XL,1370: Citroen Berlingo 1996-2012  Van   2L-200 || 1372: Citroen Berlingo 2008-2026  Van   2XL
17630,2,MULTI,1369/1371,2L-200/2XL,非皮卡,Citroen,Berlingo,2009,,MPV,,,2L-200,1369: Citroen Berlingo 1996-2012  MPV   2L-200 || 1371: Citroen Berlingo 2008-2026  MPV   2XL
17631,2,MULTI,1370/1372,2L-200/2XL,非皮卡,Citroen,Berlingo,2009,,Van,,,2L-200,1370: Citroen Berlingo 1996-2012  Van   2L-200 || 1372: Citroen Berlingo 2008-2026  Van   2XL
17632,2,MULTI,1369/1371,2L-200/2XL,非皮卡,Citroen,Berlingo,2009,,MPV,,,2XL,1369: Citroen Berlingo 1996-2012  MPV   2L-200 || 1371: Citroen Berlingo 2008-2026  MPV   2XL
17633,2,MULTI,1370/1372,2L-200/2XL,非皮卡,Citroen,Berlingo,2009,,Van,,,2XL,1370: Citroen Berlingo 1996-2012  Van   2L-200 || 1372: Citroen Berlingo 2008-2026  Van   2XL
17634,2,MULTI,1369/1371,2L-200/2XL,非皮卡,Citroen,Berlingo,2010,,MPV,,,2L-200,1369: Citroen Berlingo 1996-2012  MPV   2L-200 || 1371: Citroen Berlingo 2008-2026  MPV   2XL
17635,2,MULTI,1370/1372,2L-200/2XL,非皮卡,Citroen,Berlingo,2010,,Van,,,2L-200,1370: Citroen Berlingo 1996-2012  Van   2L-200 || 1372: Citroen Berlingo 2008-2026  Van   2XL
17636,2,MULTI,1369/1371,2L-200/2XL,非皮卡,Citroen,Berlingo,2010,,MPV,,,2XL,1369: Citroen Berlingo 1996-2012  MPV   2L-200 || 1371: Citroen Berlingo 2008-2026  MPV   2XL
17637,2,MULTI,1370/1372,2L-200/2XL,非皮卡,Citroen,Berlingo,2010,,Van,,,2XL,1370: Citroen Berlingo 1996-2012  Van   2L-200 || 1372: Citroen Berlingo 2008-2026  Van   2XL
17638,2,MULTI,1369/1371,2L-200/2XL,非皮卡,Citroen,Berlingo,2011,,MPV,,,2L-200,1369: Citroen Berlingo 1996-2012  MPV   2L-200 || 1371: Citroen Berlingo 2008-2026  MPV   2XL
17639,2,MULTI,1370/1372,2L-200/2XL,非皮卡,Citroen,Berlingo,2011,,Van,,,2L-200,1370: Citroen Berlingo 1996-2012  Van   2L-200 || 1372: Citroen Berlingo 2008-2026  Van   2XL
17640,2,MULTI,1369/1371,2L-200/2XL,非皮卡,Citroen,Berlingo,2011,,MPV,,,2XL,1369: Citroen Berlingo 1996-2012  MPV   2L-200 || 1371: Citroen Berlingo 2008-2026  MPV   2XL
17641,2,MULTI,1370/1372,2L-200/2XL,非皮卡,Citroen,Berlingo,2011,,Van,,,2XL,1370: Citroen Berlingo 1996-2012  Van   2L-200 || 1372: Citroen Berlingo 2008-2026  Van   2XL
17642,2,MULTI,1369/1371,2L-200/2XL,非皮卡,Citroen,Berlingo,2012,,MPV,,,2L-200,1369: Citroen Berlingo 1996-2012  MPV   2L-200 || 1371: Citroen Berlingo 2008-2026  MPV   2XL
17643,2,MULTI,1370/1372,2L-200/2XL,非皮卡,Citroen,Berlingo,2012,,Van,,,2L-200,1370: Citroen Berlingo 1996-2012  Van   2L-200 || 1372: Citroen Berlingo 2008-2026  Van   2XL
17644,2,MULTI,1369/1371,2L-200/2XL,非皮卡,Citroen,Berlingo,2012,,MPV,,,2XL,1369: Citroen Berlingo 1996-2012  MPV   2L-200 || 1371: Citroen Berlingo 2008-2026  MPV   2XL
17645,2,MULTI,1369/1371,2L-200/2XL,非皮卡,Citroen,Berlingo,2012,,MPV,,,2XL,1369: Citroen Berlingo 1996-2012  MPV   2L-200 || 1371: Citroen Berlingo 2008-2026  MPV   2XL
17646,2,MULTI,1370/1372,2L-200/2XL,非皮卡,Citroen,Berlingo,2012,,Van,,,2XL,1370: Citroen Berlingo 1996-2012  Van   2L-200 || 1372: Citroen Berlingo 2008-2026  Van   2XL
17647,2,MULTI,1370/1372,2L-200/2XL,非皮卡,Citroen,Berlingo,2012,,Van,,,2XL,1370: Citroen Berlingo 1996-2012  Van   2L-200 || 1372: Citroen Berlingo 2008-2026  Van   2XL
17897,2,MULTI,1389/1390,3L/3XL,非皮卡,Citroen,C4,2010,,Sedan,,,3L,1389: Citroen C4 2004-2014  Sedan   3XL || 1390: Citroen C4 2010-2022  Sedan   3L
17898,2,MULTI,1389/1390,3L/3XL,非皮卡,Citroen,C4,2010,,Sedan,,,3XL,1389: Citroen C4 2004-2014  Sedan   3XL || 1390: Citroen C4 2010-2022  Sedan   3L
17904,2,MULTI,1389/1390,3L/3XL,非皮卡,Citroen,C4,2011,,Sedan,,,3L,1389: Citroen C4 2004-2014  Sedan   3XL || 1390: Citroen C4 2010-2022  Sedan   3L
17905,2,MULTI,1389/1390,3L/3XL,非皮卡,Citroen,C4,2011,,Sedan,,,3XL,1389: Citroen C4 2004-2014  Sedan   3XL || 1390: Citroen C4 2010-2022  Sedan   3L
17909,2,MULTI,1389/1390,3L/3XL,非皮卡,Citroen,C4,2012,,Sedan,,,3L,1389: Citroen C4 2004-2014  Sedan   3XL || 1390: Citroen C4 2010-2022  Sedan   3L
17910,2,MULTI,1389/1390,3L/3XL,非皮卡,Citroen,C4,2012,,Sedan,,,3XL,1389: Citroen C4 2004-2014  Sedan   3XL || 1390: Citroen C4 2010-2022  Sedan   3L
17914,2,MULTI,1389/1390,3L/3XL,非皮卡,Citroen,C4,2013,,Sedan,,,3L,1389: Citroen C4 2004-2014  Sedan   3XL || 1390: Citroen C4 2010-2022  Sedan   3L
17915,2,MULTI,1389/1390,3L/3XL,非皮卡,Citroen,C4,2013,,Sedan,,,3XL,1389: Citroen C4 2004-2014  Sedan   3XL || 1390: Citroen C4 2010-2022  Sedan   3L
17919,2,MULTI,1389/1390,3L/3XL,非皮卡,Citroen,C4,2014,,Sedan,,,3L,1389: Citroen C4 2004-2014  Sedan   3XL || 1390: Citroen C4 2010-2022  Sedan   3L
17920,2,MULTI,1389/1390,3L/3XL,非皮卡,Citroen,C4,2014,,Sedan,,,3XL,1389: Citroen C4 2004-2014  Sedan   3XL || 1390: Citroen C4 2010-2022  Sedan   3L
18030,2,MULTI,1398/1400,2XL/2XL+,非皮卡,Citroen,C5,2007,,Wagon,,,2XL,1398: Citroen C5 2000-2008  Wagon   2XL+ || 1400: Citroen C5 2007-2017  Wagon   2XL
18032,2,MULTI,1398/1400,2XL/2XL+,非皮卡,Citroen,C5,2007,,Wagon,,,2XL+,1398: Citroen C5 2000-2008  Wagon   2XL+ || 1400: Citroen C5 2007-2017  Wagon   2XL
18035,2,MULTI,1398/1400,2XL/2XL+,非皮卡,Citroen,C5,2008,,Wagon,,,2XL,1398: Citroen C5 2000-2008  Wagon   2XL+ || 1400: Citroen C5 2007-2017  Wagon   2XL
18037,2,MULTI,1398/1400,2XL/2XL+,非皮卡,Citroen,C5,2008,,Wagon,,,2XL+,1398: Citroen C5 2000-2008  Wagon   2XL+ || 1400: Citroen C5 2007-2017  Wagon   2XL
18075,2,MULTI,1402/1403,YL/YM+,非皮卡,Citroen,C5 Aircross,2025,,SUV,,,YL,1402: Citroen C5 Aircross 2018-2026  SUV   YM+ || 1403: Citroen C5 Aircross 2025-2026  SUV   YL
18076,2,MULTI,1402/1403,YL/YM+,非皮卡,Citroen,C5 Aircross,2025,,SUV,,,YM+,1402: Citroen C5 Aircross 2018-2026  SUV   YM+ || 1403: Citroen C5 Aircross 2025-2026  SUV   YL
18077,2,MULTI,1402/1403,YL/YM+,非皮卡,Citroen,C5 Aircross,2026,,SUV,,,YL,1402: Citroen C5 Aircross 2018-2026  SUV   YM+ || 1403: Citroen C5 Aircross 2025-2026  SUV   YL
18078,2,MULTI,1402/1403,YL/YM+,非皮卡,Citroen,C5 Aircross,2026,,SUV,,,YM+,1402: Citroen C5 Aircross 2018-2026  SUV   YM+ || 1403: Citroen C5 Aircross 2025-2026  SUV   YL
18411,2,MULTI,1425/1426,3L/3M,非皮卡,Citroen,Xantia,1998,,Liftback,,,3L,1425: Citroen Xantia 1992-1998  Liftback   3M || 1426: Citroen Xantia 1998-2002  Liftback   3L
18412,2,MULTI,1425/1426,3L/3M,非皮卡,Citroen,Xantia,1998,,Liftback,,,3M,1425: Citroen Xantia 1992-1998  Liftback   3M || 1426: Citroen Xantia 1998-2002  Liftback   3L
18856,2,MULTI,1474/1475,2L+/2XL,非皮卡,Dacia,Lodgy,2017,Stepway,MPV,,,2L+,1474: Dacia Lodgy 2012-2017 Stepway MPV   2L+ || 1475: Dacia Lodgy 2017-2022 Stepway MPV   2XL
18857,2,MULTI,1474/1475,2L+/2XL,非皮卡,Dacia,Lodgy,2017,Stepway,MPV,,,2XL,1474: Dacia Lodgy 2012-2017 Stepway MPV   2L+ || 1475: Dacia Lodgy 2017-2022 Stepway MPV   2XL
19330,2,MULTI,1512/1514,2L+/2XL,非皮卡,Daewoo,Nubira,1999,,Wagon,,,2L+,1512: Daewoo Nubira 1997-2000  Wagon   2L+ || 1514: Daewoo Nubira 1999-2005  Wagon   2XL
19331,2,MULTI,1512/1514,2L+/2XL,非皮卡,Daewoo,Nubira,1999,,Wagon,,,2XL,1512: Daewoo Nubira 1997-2000  Wagon   2L+ || 1514: Daewoo Nubira 1999-2005  Wagon   2XL
19336,2,MULTI,1512/1514,2L+/2XL,非皮卡,Daewoo,Nubira,2000,,Wagon,,,2L+,1512: Daewoo Nubira 1997-2000  Wagon   2L+ || 1514: Daewoo Nubira 1999-2005  Wagon   2XL
19337,2,MULTI,1512/1514,2L+/2XL,非皮卡,Daewoo,Nubira,2000,,Wagon,,,2XL,1512: Daewoo Nubira 1997-2000  Wagon   2L+ || 1514: Daewoo Nubira 1999-2005  Wagon   2XL
19472,2,MULTI,1526/1527,3XL/3XXL,非皮卡,Daihatsu,Altis,2017,,Sedan,,,3XL,1526: Daihatsu Altis 2012-2017  Sedan   3XL || 1527: Daihatsu Altis 2017-2021  Sedan   3XXL
19473,2,MULTI,1526/1527,3XL/3XXL,非皮卡,Daihatsu,Altis,2017,,Sedan,,,3XXL,1526: Daihatsu Altis 2012-2017  Sedan   3XL || 1527: Daihatsu Altis 2017-2021  Sedan   3XXL
19555,2,MULTI,1534/1535,2M/2S,非皮卡,Daihatsu,Boon,2010,,Hatchback,,,2M,1534: Daihatsu Boon 2004-2010  Hatchback   2S || 1535: Daihatsu Boon 2010-2023  Hatchback   2M
19556,2,MULTI,1534/1535,2M/2S,非皮卡,Daihatsu,Boon,2010,,Hatchback,,,2S,1534: Daihatsu Boon 2004-2010  Hatchback   2S || 1535: Daihatsu Boon 2010-2023  Hatchback   2M
19604,2,MULTI,1539/1540,2M/2S,非皮卡,Daihatsu,Charade,1987,,Hatchback,,,2M,1539: Daihatsu Charade 1977-1987  Hatchback   2S || 1540: Daihatsu Charade 1987-1993  Hatchback   2M
19605,2,MULTI,1539/1540,2M/2S,非皮卡,Daihatsu,Charade,1987,,Hatchback,,,2S,1539: Daihatsu Charade 1977-1987  Hatchback   2S || 1540: Daihatsu Charade 1987-1993  Hatchback   2M
19703,2,MULTI,1546/1547,2S/无可用尺码,非皮卡,Daihatsu,Cuore,1985,,Hatchback,,,2S,1546: Daihatsu Cuore 1980-1985  Hatchback   无可用尺码 || 1547: Daihatsu Cuore 1985-2013  Hatchback   2S
19704,2,MULTI,1546/1547,2S/无可用尺码,非皮卡,Daihatsu,Cuore,1985,,Hatchback,,,无可用尺码,1546: Daihatsu Cuore 1980-1985  Hatchback   无可用尺码 || 1547: Daihatsu Cuore 1985-2013  Hatchback   2S
19828,2,MULTI,1554/1555,2S/无可用尺码,非皮卡,Daihatsu,Hijet,1986,,MPV,,,2S,1554: Daihatsu Hijet 1981-1986  MPV   2S || 1555: Daihatsu Hijet 1986-2026  MPV   无可用尺码
19829,2,MULTI,1554/1555,2S/无可用尺码,非皮卡,Daihatsu,Hijet,1986,,MPV,,,无可用尺码,1554: Daihatsu Hijet 1981-1986  MPV   2S || 1555: Daihatsu Hijet 1986-2026  MPV   无可用尺码
19865,2,MULTI,1556/1557,2S/无可用尺码,非皮卡,Daihatsu,Hijet,2004,,Van,,,2S,1556: Daihatsu Hijet 1990-2004  Van   无可用尺码 || 1557: Daihatsu Hijet 2004-2021  Van   2S
19868,2,MULTI,1556/1557,2S/无可用尺码,非皮卡,Daihatsu,Hijet,2004,,Van,,,无可用尺码,1556: Daihatsu Hijet 1990-2004  Van   无可用尺码 || 1557: Daihatsu Hijet 2004-2021  Van   2S
20212,2,MULTI,1583/1584,2M/2S,非皮卡,Daihatsu,Sirion,2004,,Hatchback,,,2M,1583: Daihatsu Sirion 1998-2004  Hatchback   2M || 1584: Daihatsu Sirion 2004-2007  Hatchback   2S
20213,2,MULTI,1583/1584,2M/2S,非皮卡,Daihatsu,Sirion,2004,,Hatchback,,,2S,1583: Daihatsu Sirion 1998-2004  Hatchback   2M || 1584: Daihatsu Sirion 2004-2007  Hatchback   2S
20216,2,MULTI,1584/1585,2M/2S,非皮卡,Daihatsu,Sirion,2007,,Hatchback,,,2M,1584: Daihatsu Sirion 2004-2007  Hatchback   2S || 1585: Daihatsu Sirion 2007-2015  Hatchback   2M
20217,2,MULTI,1584/1585,2M/2S,非皮卡,Daihatsu,Sirion,2007,,Hatchback,,,2S,1584: Daihatsu Sirion 2004-2007  Hatchback   2S || 1585: Daihatsu Sirion 2007-2015  Hatchback   2M
20310,2,MULTI,1593/1594,YM+/YS-410,非皮卡,Daihatsu,Terios,2006,,SUV,,,YM+,1593: Daihatsu Terios 1997-2012  SUV   YS-410 || 1594: Daihatsu Terios 2006-2023  SUV   YM+
20312,2,MULTI,1593/1594,YM+/YS-410,非皮卡,Daihatsu,Terios,2006,,SUV,,,YS-410,1593: Daihatsu Terios 1997-2012  SUV   YS-410 || 1594: Daihatsu Terios 2006-2023  SUV   YM+
20313,2,MULTI,1593/1594,YM+/YS-410,非皮卡,Daihatsu,Terios,2007,,SUV,,,YM+,1593: Daihatsu Terios 1997-2012  SUV   YS-410 || 1594: Daihatsu Terios 2006-2023  SUV   YM+
20315,2,MULTI,1593/1594,YM+/YS-410,非皮卡,Daihatsu,Terios,2007,,SUV,,,YS-410,1593: Daihatsu Terios 1997-2012  SUV   YS-410 || 1594: Daihatsu Terios 2006-2023  SUV   YM+
20316,2,MULTI,1593/1594,YM+/YS-410,非皮卡,Daihatsu,Terios,2008,,SUV,,,YM+,1593: Daihatsu Terios 1997-2012  SUV   YS-410 || 1594: Daihatsu Terios 2006-2023  SUV   YM+
20318,2,MULTI,1593/1594,YM+/YS-410,非皮卡,Daihatsu,Terios,2008,,SUV,,,YS-410,1593: Daihatsu Terios 1997-2012  SUV   YS-410 || 1594: Daihatsu Terios 2006-2023  SUV   YM+
20319,2,MULTI,1593/1594,YM+/YS-410,非皮卡,Daihatsu,Terios,2009,,SUV,,,YM+,1593: Daihatsu Terios 1997-2012  SUV   YS-410 || 1594: Daihatsu Terios 2006-2023  SUV   YM+
20320,2,MULTI,1593/1594,YM+/YS-410,非皮卡,Daihatsu,Terios,2009,,SUV,,,YM+,1593: Daihatsu Terios 1997-2012  SUV   YS-410 || 1594: Daihatsu Terios 2006-2023  SUV   YM+
20322,2,MULTI,1593/1594,YM+/YS-410,非皮卡,Daihatsu,Terios,2009,,SUV,,,YS-410,1593: Daihatsu Terios 1997-2012  SUV   YS-410 || 1594: Daihatsu Terios 2006-2023  SUV   YM+
20323,2,MULTI,1593/1594,YM+/YS-410,非皮卡,Daihatsu,Terios,2010,,SUV,,,YM+,1593: Daihatsu Terios 1997-2012  SUV   YS-410 || 1594: Daihatsu Terios 2006-2023  SUV   YM+
20325,2,MULTI,1593/1594,YM+/YS-410,非皮卡,Daihatsu,Terios,2010,,SUV,,,YS-410,1593: Daihatsu Terios 1997-2012  SUV   YS-410 || 1594: Daihatsu Terios 2006-2023  SUV   YM+
20326,2,MULTI,1593/1594,YM+/YS-410,非皮卡,Daihatsu,Terios,2011,,SUV,,,YM+,1593: Daihatsu Terios 1997-2012  SUV   YS-410 || 1594: Daihatsu Terios 2006-2023  SUV   YM+
20328,2,MULTI,1593/1594,YM+/YS-410,非皮卡,Daihatsu,Terios,2011,,SUV,,,YS-410,1593: Daihatsu Terios 1997-2012  SUV   YS-410 || 1594: Daihatsu Terios 2006-2023  SUV   YM+
20329,2,MULTI,1593/1594,YM+/YS-410,非皮卡,Daihatsu,Terios,2012,,SUV,,,YM+,1593: Daihatsu Terios 1997-2012  SUV   YS-410 || 1594: Daihatsu Terios 2006-2023  SUV   YM+
20331,2,MULTI,1593/1594,YM+/YS-410,非皮卡,Daihatsu,Terios,2012,,SUV,,,YS-410,1593: Daihatsu Terios 1997-2012  SUV   YS-410 || 1594: Daihatsu Terios 2006-2023  SUV   YM+
20496,0,MISS,,,非皮卡,Datsun,200/220/260/280C,1975,,Sedan,,,3XL,
20497,0,MISS,,,非皮卡,Datsun,200/220/260/280C,1976,,Sedan,,,3XL,
20498,0,MISS,,,非皮卡,Datsun,200/220/260/280C,1977,,Sedan,,,3XL,
20499,0,MISS,,,非皮卡,Datsun,200/220/260/280C,1978,,Sedan,,,3XL,
20500,0,MISS,,,非皮卡,Datsun,200/220/260/280C,1979,,Sedan,,,3XL,
21004,2,MULTI,1676/1678,2L+/2XL,非皮卡,Dodge,Caravan,1990,,MPV,,,2L+,1676: Dodge Caravan 1984-1990  MPV   2L+ || 1678: Dodge Caravan 1990-2007  MPV   2XL
21005,2,MULTI,1676/1678,2L+/2XL,非皮卡,Dodge,Caravan,1990,,MPV,,,2XL,1676: Dodge Caravan 1984-1990  MPV   2L+ || 1678: Dodge Caravan 1990-2007  MPV   2XL
21030,2,MULTI,1677/1679,2XL+/2XXL-525,非皮卡,Dodge,Caravan,2000,Grand,MPV,,,2XL+,1677: Dodge Caravan 1984-2000 Grand MPV   2XL+ || 1679: Dodge Caravan 2000-2020 Grand MPV   2XXL-525
21031,2,MULTI,1677/1679,2XL+/2XXL-525,非皮卡,Dodge,Caravan,2000,Grand,MPV,,,2XXL-525,1677: Dodge Caravan 1984-2000 Grand MPV   2XL+ || 1679: Dodge Caravan 2000-2020 Grand MPV   2XXL-525
21283,2,MULTI,1705/1706,YXL/YXXL,非皮卡,Dodge,Durango,2013,,SUV,,,YXL,1705: Dodge Durango 1997-2013  SUV   YXL || 1706: Dodge Durango 2013-2020  SUV   YXXL
21284,2,MULTI,1705/1706,YXL/YXXL,非皮卡,Dodge,Durango,2013,,SUV,,,YXXL,1705: Dodge Durango 1997-2013  SUV   YXL || 1706: Dodge Durango 2013-2020  SUV   YXXL
21298,2,MULTI,1706/1708,YXL/YXXL,非皮卡,Dodge,Durango,2020,,SUV,,,YXL,1706: Dodge Durango 2013-2020  SUV   YXXL || 1708: Dodge Durango 2020-2026  SUV   YXL
21299,2,MULTI,1707/1709,YXL/YXXL,非皮卡,Dodge,Durango,2020,SRT,SUV,,,YXL,1707: Dodge Durango 2013-2020 SRT SUV   YXXL || 1709: Dodge Durango 2020-2026 SRT SUV   YXL
21300,2,MULTI,1706/1708,YXL/YXXL,非皮卡,Dodge,Durango,2020,,SUV,,,YXXL,1706: Dodge Durango 2013-2020  SUV   YXXL || 1708: Dodge Durango 2020-2026  SUV   YXL
21301,2,MULTI,1707/1709,YXL/YXXL,非皮卡,Dodge,Durango,2020,SRT,SUV,,,YXXL,1707: Dodge Durango 2013-2020 SRT SUV   YXXL || 1709: Dodge Durango 2020-2026 SRT SUV   YXL
21480,2,MULTI,1727/1729,2XXL-525/无可用尺码,非皮卡,Dodge,RAM Van,1993,,MPV,,,2XXL-525,1727: Dodge RAM Van 1979-1993  MPV   无可用尺码 || 1729: Dodge RAM Van 1993-2003  MPV   2XXL-525
21481,2,MULTI,1727/1729,2XXL-525/无可用尺码,非皮卡,Dodge,RAM Van,1993,,MPV,,,无可用尺码,1727: Dodge RAM Van 1979-1993  MPV   无可用尺码 || 1729: Dodge RAM Van 1993-2003  MPV   2XXL-525
21602,2,MULTI,1739/1741,3M-0/无可用尺码,非皮卡,Dodge,Viper,2002,,Roadster,,,3M-0,1739: Dodge Viper 1992-2002  Roadster   3M-0 || 1741: Dodge Viper 2002-2007  Roadster   无可用尺码
21603,2,MULTI,1739/1741,3M-0/无可用尺码,非皮卡,Dodge,Viper,2002,,Roadster,,,无可用尺码,1739: Dodge Viper 1992-2002  Roadster   3M-0 || 1741: Dodge Viper 2002-2007  Roadster   无可用尺码
21614,2,MULTI,1741/1742,3M-0/无可用尺码,非皮卡,Dodge,Viper,2007,,Roadster,,,3M-0,1741: Dodge Viper 2002-2007  Roadster   无可用尺码 || 1742: Dodge Viper 2007-2010  Roadster   3M-0
21615,2,MULTI,1741/1742,3M-0/无可用尺码,非皮卡,Dodge,Viper,2007,,Roadster,,,无可用尺码,1741: Dodge Viper 2002-2007  Roadster   无可用尺码 || 1742: Dodge Viper 2007-2010  Roadster   3M-0
22118,2,MULTI,1829/1830,YL/YM+,非皮卡,Evolute,i-Sky,2026,,SUV,,,YL,1829: Evolute i-Sky 2023-2026  SUV   YM+ || 1830: Evolute i-Sky 2026  SUV   YL
22119,2,MULTI,1829/1830,YL/YM+,非皮卡,Evolute,i-Sky,2026,,SUV,,,YM+,1829: Evolute i-Sky 2023-2026  SUV   YM+ || 1830: Evolute i-Sky 2026  SUV   YL
22350,2,MULTI,1866/1867,YL/YM+,非皮卡,FAW,Besturn X80,2018,,SUV,,,YL,1866: FAW Besturn X80 2013-2018  SUV   YM+ || 1867: FAW Besturn X80 2018-2022  SUV   YL
22351,2,MULTI,1866/1867,YL/YM+,非皮卡,FAW,Besturn X80,2018,,SUV,,,YM+,1866: FAW Besturn X80 2013-2018  SUV   YM+ || 1867: FAW Besturn X80 2018-2022  SUV   YL
22540,0,MISS,,,非皮卡,Ferrari,208/308,1974,,Coupe,,,3M-0,
22541,0,MISS,,,非皮卡,Ferrari,208/308,1974,,Targa,,,3M-0,
22542,0,MISS,,,非皮卡,Ferrari,208/308,1975,,Coupe,,,3M-0,
22543,0,MISS,,,非皮卡,Ferrari,208/308,1975,,Targa,,,3M-0,
22544,0,MISS,,,非皮卡,Ferrari,208/308,1976,,Coupe,,,3M-0,
22545,0,MISS,,,非皮卡,Ferrari,208/308,1976,,Targa,,,3M-0,
22546,0,MISS,,,非皮卡,Ferrari,208/308,1977,,Coupe,,,3M-0,
22547,0,MISS,,,非皮卡,Ferrari,208/308,1977,,Targa,,,3M-0,
22548,0,MISS,,,非皮卡,Ferrari,208/308,1978,,Coupe,,,3M-0,
22549,0,MISS,,,非皮卡,Ferrari,208/308,1978,,Targa,,,3M-0,
22550,0,MISS,,,非皮卡,Ferrari,208/308,1979,,Coupe,,,3M-0,
22551,0,MISS,,,非皮卡,Ferrari,208/308,1979,,Targa,,,3M-0,
22552,0,MISS,,,非皮卡,Ferrari,208/308,1980,,Coupe,,,3M-0,
22553,0,MISS,,,非皮卡,Ferrari,208/308,1980,,Targa,,,3M-0,
22554,0,MISS,,,非皮卡,Ferrari,208/308,1981,,Coupe,,,3M-0,
22555,0,MISS,,,非皮卡,Ferrari,208/308,1981,,Targa,,,3M-0,
22556,0,MISS,,,非皮卡,Ferrari,208/308,1982,,Coupe,,,3M-0,
22557,0,MISS,,,非皮卡,Ferrari,208/308,1982,,Targa,,,3M-0,
22558,0,MISS,,,非皮卡,Ferrari,208/308,1983,,Coupe,,,3M-0,
22559,0,MISS,,,非皮卡,Ferrari,208/308,1983,,Targa,,,3M-0,
22560,0,MISS,,,非皮卡,Ferrari,208/308,1984,,Coupe,,,3M-0,
22561,0,MISS,,,非皮卡,Ferrari,208/308,1984,,Targa,,,3M-0,
22562,0,MISS,,,非皮卡,Ferrari,208/308,1985,,Coupe,,,3M-0,
22563,0,MISS,,,非皮卡,Ferrari,208/308,1985,,Targa,,,3M-0,
22564,0,MISS,,,非皮卡,Ferrari,208/308,1986,,Coupe,,,3M-0,
22565,0,MISS,,,非皮卡,Ferrari,208/308,1986,,Targa,,,3M-0,
22566,0,MISS,,,非皮卡,Ferrari,208/308,1987,,Coupe,,,3M-0,
22567,0,MISS,,,非皮卡,Ferrari,208/308,1987,,Targa,,,3M-0,
22568,0,MISS,,,非皮卡,Ferrari,208/308,1988,,Coupe,,,3M-0,
22569,0,MISS,,,非皮卡,Ferrari,208/308,1988,,Targa,,,3M-0,
22570,0,MISS,,,非皮卡,Ferrari,208/308,1989,,Coupe,,,3M-0,
22571,0,MISS,,,非皮卡,Ferrari,208/308,1989,,Targa,,,3M-0,
22582,0,MISS,,,非皮卡,Ferrari,250 GT/E 2+2,1960,,Coupe,,,3L-0,
22583,0,MISS,,,非皮卡,Ferrari,250 GT/E 2+2,1961,,Coupe,,,3L-0,
22584,0,MISS,,,非皮卡,Ferrari,250 GT/E 2+2,1962,,Coupe,,,3L-0,
22585,0,MISS,,,非皮卡,Ferrari,250 GT/E 2+2,1963,,Coupe,,,3L-0,
22672,0,MISS,,,非皮卡,Ferrari,365 GTB/4 Daytona,1968,,Coupe,,,3M-0,
22673,0,MISS,,,非皮卡,Ferrari,365 GTB/4 Daytona,1969,,Coupe,,,3M-0,
22674,0,MISS,,,非皮卡,Ferrari,365 GTB/4 Daytona,1970,,Coupe,,,3M-0,
22675,0,MISS,,,非皮卡,Ferrari,365 GTB/4 Daytona,1971,,Coupe,,,3M-0,
22676,0,MISS,,,非皮卡,Ferrari,365 GTB/4 Daytona,1971,,Coupe,,,3M-0,
22677,0,MISS,,,非皮卡,Ferrari,365 GTB/4 Daytona,1972,,Coupe,,,3M-0,
22678,0,MISS,,,非皮卡,Ferrari,365 GTB/4 Daytona,1973,,Coupe,,,3M-0,
22679,0,MISS,,,非皮卡,Ferrari,365 GTB/4 Daytona,1974,,Coupe,,,3M-0,
22876,0,MISS,,,非皮卡,Ferrari,Dino 208/308 GT4,1973,,Coupe,,,3M-0,
22877,0,MISS,,,非皮卡,Ferrari,Dino 208/308 GT4,1974,,Coupe,,,3M-0,
22878,0,MISS,,,非皮卡,Ferrari,Dino 208/308 GT4,1975,,Coupe,,,3M-0,
22879,0,MISS,,,非皮卡,Ferrari,Dino 208/308 GT4,1976,,Coupe,,,3M-0,
22880,0,MISS,,,非皮卡,Ferrari,Dino 208/308 GT4,1977,,Coupe,,,3M-0,
22881,0,MISS,,,非皮卡,Ferrari,Dino 208/308 GT4,1978,,Coupe,,,3M-0,
23442,2,MULTI,1963/1964,3S-0/无可用尺码,非皮卡,Fiat,500,2015,,Convertible,,,3S-0,1963: Fiat 500 2007-2015  Convertible   无可用尺码 || 1964: Fiat 500 2015-2026  Convertible   3S-0
23443,2,MULTI,1963/1964,3S-0/无可用尺码,非皮卡,Fiat,500,2015,,Convertible,,,无可用尺码,1963: Fiat 500 2007-2015  Convertible   无可用尺码 || 1964: Fiat 500 2015-2026  Convertible   3S-0
23452,2,MULTI,1962/1965,2M/2S,非皮卡,Fiat,500,2020,,Hatchback,,,2M,1962: Fiat 500 2007-2024  Hatchback   2S || 1965: Fiat 500 2020-2026  Hatchback   2M
23453,2,MULTI,1962/1965,2M/2S,非皮卡,Fiat,500,2020,,Hatchback,,,2S,1962: Fiat 500 2007-2024  Hatchback   2S || 1965: Fiat 500 2020-2026  Hatchback   2M
23456,2,MULTI,1962/1965,2M/2S,非皮卡,Fiat,500,2021,,Hatchback,,,2M,1962: Fiat 500 2007-2024  Hatchback   2S || 1965: Fiat 500 2020-2026  Hatchback   2M
23457,2,MULTI,1962/1965,2M/2S,非皮卡,Fiat,500,2021,,Hatchback,,,2S,1962: Fiat 500 2007-2024  Hatchback   2S || 1965: Fiat 500 2020-2026  Hatchback   2M
23460,2,MULTI,1962/1965,2M/2S,非皮卡,Fiat,500,2022,,Hatchback,,,2M,1962: Fiat 500 2007-2024  Hatchback   2S || 1965: Fiat 500 2020-2026  Hatchback   2M
23461,2,MULTI,1962/1965,2M/2S,非皮卡,Fiat,500,2022,,Hatchback,,,2S,1962: Fiat 500 2007-2024  Hatchback   2S || 1965: Fiat 500 2020-2026  Hatchback   2M
23464,2,MULTI,1962/1965,2M/2S,非皮卡,Fiat,500,2023,,Hatchback,,,2M,1962: Fiat 500 2007-2024  Hatchback   2S || 1965: Fiat 500 2020-2026  Hatchback   2M
23465,2,MULTI,1962/1965,2M/2S,非皮卡,Fiat,500,2023,,Hatchback,,,2S,1962: Fiat 500 2007-2024  Hatchback   2S || 1965: Fiat 500 2020-2026  Hatchback   2M
23468,2,MULTI,1962/1965,2M/2S,非皮卡,Fiat,500,2024,,Hatchback,,,2M,1962: Fiat 500 2007-2024  Hatchback   2S || 1965: Fiat 500 2020-2026  Hatchback   2M
23469,2,MULTI,1962/1965,2M/2S,非皮卡,Fiat,500,2024,,Hatchback,,,2S,1962: Fiat 500 2007-2024  Hatchback   2S || 1965: Fiat 500 2020-2026  Hatchback   2M
23491,2,MULTI,1967/1968,2L+/2M,非皮卡,Fiat,500L,2017,,MPV,,,2L+,1967: Fiat 500L 2012-2017  MPV   2M || 1968: Fiat 500L 2017-2022  MPV   2L+
23496,2,MULTI,1967/1968,2L+/2M,非皮卡,Fiat,500L,2017,,MPV,,,2M,1967: Fiat 500L 2012-2017  MPV   2M || 1968: Fiat 500L 2017-2022  MPV   2L+
23674,2,MULTI,1986/1988,2L-200/2XL,非皮卡,Fiat,Doblo,2005,,MPV,,,2L-200,1986: Fiat Doblo 2000-2005  MPV   2L-200 || 1988: Fiat Doblo 2005-2015  MPV   2XL
23675,2,MULTI,1987/1989,2L-200/2XL,非皮卡,Fiat,Doblo,2005,,Van,,,2L-200,1987: Fiat Doblo 2000-2005  Van   2L-200 || 1989: Fiat Doblo 2005-2026  Van   2XL
23676,2,MULTI,1986/1988,2L-200/2XL,非皮卡,Fiat,Doblo,2005,,MPV,,,2XL,1986: Fiat Doblo 2000-2005  MPV   2L-200 || 1988: Fiat Doblo 2005-2015  MPV   2XL
23677,2,MULTI,1987/1989,2L-200/2XL,非皮卡,Fiat,Doblo,2005,,Van,,,2XL,1987: Fiat Doblo 2000-2005  Van   2L-200 || 1989: Fiat Doblo 2005-2026  Van   2XL
23714,2,MULTI,1988/1991,2XL/2XL-200,非皮卡,Fiat,Doblo,2015,,MPV,,,2XL,1988: Fiat Doblo 2005-2015  MPV   2XL || 1991: Fiat Doblo 2015-2022  MPV   2XL-200
23715,2,MULTI,1988/1991,2XL/2XL-200,非皮卡,Fiat,Doblo,2015,,MPV,,,2XL,1988: Fiat Doblo 2005-2015  MPV   2XL || 1991: Fiat Doblo 2015-2022  MPV   2XL-200
23719,2,MULTI,1988/1991,2XL/2XL-200,非皮卡,Fiat,Doblo,2015,,MPV,,,2XL-200,1988: Fiat Doblo 2005-2015  MPV   2XL || 1991: Fiat Doblo 2015-2022  MPV   2XL-200
23740,2,MULTI,1991/1992,2XL/2XL-200,非皮卡,Fiat,Doblo,2022,,MPV,,,2XL,1991: Fiat Doblo 2015-2022  MPV   2XL-200 || 1992: Fiat Doblo 2022-2026  MPV   2XL
23744,2,MULTI,1991/1992,2XL/2XL-200,非皮卡,Fiat,Doblo,2022,,MPV,,,2XL-200,1991: Fiat Doblo 2015-2022  MPV   2XL-200 || 1992: Fiat Doblo 2022-2026  MPV   2XL
23891,2,MULTI,2001/2002,2L-200/2M,非皮卡,Fiat,Fiorino,2007,,Van,,,2L-200,2001: Fiat Fiorino 1977-2013  Van   2L-200 || 2002: Fiat Fiorino 2007-2024  Van   2M
23892,2,MULTI,2001/2002,2L-200/2M,非皮卡,Fiat,Fiorino,2007,,Van,,,2M,2001: Fiat Fiorino 1977-2013  Van   2L-200 || 2002: Fiat Fiorino 2007-2024  Van   2M
23895,2,MULTI,2001/2002,2L-200/2M,非皮卡,Fiat,Fiorino,2008,,Van,,,2L-200,2001: Fiat Fiorino 1977-2013  Van   2L-200 || 2002: Fiat Fiorino 2007-2024  Van   2M
23896,2,MULTI,2001/2002,2L-200/2M,非皮卡,Fiat,Fiorino,2008,,Van,,,2M,2001: Fiat Fiorino 1977-2013  Van   2L-200 || 2002: Fiat Fiorino 2007-2024  Van   2M
23899,2,MULTI,2001/2002,2L-200/2M,非皮卡,Fiat,Fiorino,2009,,Van,,,2L-200,2001: Fiat Fiorino 1977-2013  Van   2L-200 || 2002: Fiat Fiorino 2007-2024  Van   2M
23900,2,MULTI,2001/2002,2L-200/2M,非皮卡,Fiat,Fiorino,2009,,Van,,,2M,2001: Fiat Fiorino 1977-2013  Van   2L-200 || 2002: Fiat Fiorino 2007-2024  Van   2M
23903,2,MULTI,2001/2002,2L-200/2M,非皮卡,Fiat,Fiorino,2010,,Van,,,2L-200,2001: Fiat Fiorino 1977-2013  Van   2L-200 || 2002: Fiat Fiorino 2007-2024  Van   2M
23904,2,MULTI,2001/2002,2L-200/2M,非皮卡,Fiat,Fiorino,2010,,Van,,,2M,2001: Fiat Fiorino 1977-2013  Van   2L-200 || 2002: Fiat Fiorino 2007-2024  Van   2M
23907,2,MULTI,2001/2002,2L-200/2M,非皮卡,Fiat,Fiorino,2011,,Van,,,2L-200,2001: Fiat Fiorino 1977-2013  Van   2L-200 || 2002: Fiat Fiorino 2007-2024  Van   2M
23908,2,MULTI,2001/2002,2L-200/2M,非皮卡,Fiat,Fiorino,2011,,Van,,,2M,2001: Fiat Fiorino 1977-2013  Van   2L-200 || 2002: Fiat Fiorino 2007-2024  Van   2M
23911,2,MULTI,2001/2002,2L-200/2M,非皮卡,Fiat,Fiorino,2012,,Van,,,2L-200,2001: Fiat Fiorino 1977-2013  Van   2L-200 || 2002: Fiat Fiorino 2007-2024  Van   2M
23912,2,MULTI,2001/2002,2L-200/2M,非皮卡,Fiat,Fiorino,2012,,Van,,,2M,2001: Fiat Fiorino 1977-2013  Van   2L-200 || 2002: Fiat Fiorino 2007-2024  Van   2M
23915,2,MULTI,2001/2002,2L-200/2M,非皮卡,Fiat,Fiorino,2013,,Van,,,2L-200,2001: Fiat Fiorino 1977-2013  Van   2L-200 || 2002: Fiat Fiorino 2007-2024  Van   2M
23916,2,MULTI,2001/2002,2L-200/2M,非皮卡,Fiat,Fiorino,2013,,Van,,,2M,2001: Fiat Fiorino 1977-2013  Van   2L-200 || 2002: Fiat Fiorino 2007-2024  Van   2M
23921,2,MULTI,2000/2003,2L-200/2M,非皮卡,Fiat,Fiorino,2016,,MPV,,,2L-200,2000: Fiat Fiorino 1977-2024  MPV   2L-200 || 2003: Fiat Fiorino 2016-2024  MPV   2M
23922,2,MULTI,2000/2003,2L-200/2M,非皮卡,Fiat,Fiorino,2016,,MPV,,,2M,2000: Fiat Fiorino 1977-2024  MPV   2L-200 || 2003: Fiat Fiorino 2016-2024  MPV   2M
23925,2,MULTI,2000/2003,2L-200/2M,非皮卡,Fiat,Fiorino,2017,,MPV,,,2L-200,2000: Fiat Fiorino 1977-2024  MPV   2L-200 || 2003: Fiat Fiorino 2016-2024  MPV   2M
23926,2,MULTI,2000/2003,2L-200/2M,非皮卡,Fiat,Fiorino,2017,,MPV,,,2M,2000: Fiat Fiorino 1977-2024  MPV   2L-200 || 2003: Fiat Fiorino 2016-2024  MPV   2M
23929,2,MULTI,2000/2003,2L-200/2M,非皮卡,Fiat,Fiorino,2018,,MPV,,,2L-200,2000: Fiat Fiorino 1977-2024  MPV   2L-200 || 2003: Fiat Fiorino 2016-2024  MPV   2M
23930,2,MULTI,2000/2003,2L-200/2M,非皮卡,Fiat,Fiorino,2018,,MPV,,,2M,2000: Fiat Fiorino 1977-2024  MPV   2L-200 || 2003: Fiat Fiorino 2016-2024  MPV   2M
23933,2,MULTI,2000/2003,2L-200/2M,非皮卡,Fiat,Fiorino,2019,,MPV,,,2L-200,2000: Fiat Fiorino 1977-2024  MPV   2L-200 || 2003: Fiat Fiorino 2016-2024  MPV   2M
23934,2,MULTI,2000/2003,2L-200/2M,非皮卡,Fiat,Fiorino,2019,,MPV,,,2M,2000: Fiat Fiorino 1977-2024  MPV   2L-200 || 2003: Fiat Fiorino 2016-2024  MPV   2M
23937,2,MULTI,2000/2003,2L-200/2M,非皮卡,Fiat,Fiorino,2020,,MPV,,,2L-200,2000: Fiat Fiorino 1977-2024  MPV   2L-200 || 2003: Fiat Fiorino 2016-2024  MPV   2M
23938,2,MULTI,2000/2003,2L-200/2M,非皮卡,Fiat,Fiorino,2020,,MPV,,,2M,2000: Fiat Fiorino 1977-2024  MPV   2L-200 || 2003: Fiat Fiorino 2016-2024  MPV   2M
23941,2,MULTI,2000/2003,2L-200/2M,非皮卡,Fiat,Fiorino,2021,,MPV,,,2L-200,2000: Fiat Fiorino 1977-2024  MPV   2L-200 || 2003: Fiat Fiorino 2016-2024  MPV   2M
23942,2,MULTI,2000/2003,2L-200/2M,非皮卡,Fiat,Fiorino,2021,,MPV,,,2M,2000: Fiat Fiorino 1977-2024  MPV   2L-200 || 2003: Fiat Fiorino 2016-2024  MPV   2M
23945,2,MULTI,2000/2003,2L-200/2M,非皮卡,Fiat,Fiorino,2022,,MPV,,,2L-200,2000: Fiat Fiorino 1977-2024  MPV   2L-200 || 2003: Fiat Fiorino 2016-2024  MPV   2M
23946,2,MULTI,2000/2003,2L-200/2M,非皮卡,Fiat,Fiorino,2022,,MPV,,,2M,2000: Fiat Fiorino 1977-2024  MPV   2L-200 || 2003: Fiat Fiorino 2016-2024  MPV   2M
23949,2,MULTI,2000/2003,2L-200/2M,非皮卡,Fiat,Fiorino,2023,,MPV,,,2L-200,2000: Fiat Fiorino 1977-2024  MPV   2L-200 || 2003: Fiat Fiorino 2016-2024  MPV   2M
23950,2,MULTI,2000/2003,2L-200/2M,非皮卡,Fiat,Fiorino,2023,,MPV,,,2M,2000: Fiat Fiorino 1977-2024  MPV   2L-200 || 2003: Fiat Fiorino 2016-2024  MPV   2M
23953,2,MULTI,2000/2003,2L-200/2M,非皮卡,Fiat,Fiorino,2024,,MPV,,,2L-200,2000: Fiat Fiorino 1977-2024  MPV   2L-200 || 2003: Fiat Fiorino 2016-2024  MPV   2M
23954,2,MULTI,2000/2003,2L-200/2M,非皮卡,Fiat,Fiorino,2024,,MPV,,,2M,2000: Fiat Fiorino 1977-2024  MPV   2L-200 || 2003: Fiat Fiorino 2016-2024  MPV   2M
24114,2,MULTI,2013/2016,2M/2S,非皮卡,Fiat,Panda,2011,,Hatchback,,,2M,2013: Fiat Panda 1981-2012  Hatchback   2S || 2016: Fiat Panda 2011-2026  Hatchback   2M
24116,2,MULTI,2015/2018,2M/2S,非皮卡,Fiat,Panda,2011,Cross,Hatchback,,,2M,2015: Fiat Panda 2003-2012 Cross Hatchback   2S || 2018: Fiat Panda 2011-2026 Cross Hatchback   2M
24117,2,MULTI,2013/2016,2M/2S,非皮卡,Fiat,Panda,2011,,Hatchback,,,2S,2013: Fiat Panda 1981-2012  Hatchback   2S || 2016: Fiat Panda 2011-2026  Hatchback   2M
24118,2,MULTI,2015/2018,2M/2S,非皮卡,Fiat,Panda,2011,Cross,Hatchback,,,2S,2015: Fiat Panda 2003-2012 Cross Hatchback   2S || 2018: Fiat Panda 2011-2026 Cross Hatchback   2M
24119,2,MULTI,2013/2016,2M/2S,非皮卡,Fiat,Panda,2012,,Hatchback,,,2M,2013: Fiat Panda 1981-2012  Hatchback   2S || 2016: Fiat Panda 2011-2026  Hatchback   2M
24121,2,MULTI,2015/2018,2M/2S,非皮卡,Fiat,Panda,2012,Cross,Hatchback,,,2M,2015: Fiat Panda 2003-2012 Cross Hatchback   2S || 2018: Fiat Panda 2011-2026 Cross Hatchback   2M
24122,2,MULTI,2013/2016,2M/2S,非皮卡,Fiat,Panda,2012,,Hatchback,,,2S,2013: Fiat Panda 1981-2012  Hatchback   2S || 2016: Fiat Panda 2011-2026  Hatchback   2M
24123,2,MULTI,2015/2018,2M/2S,非皮卡,Fiat,Panda,2012,Cross,Hatchback,,,2S,2015: Fiat Panda 2003-2012 Cross Hatchback   2S || 2018: Fiat Panda 2011-2026 Cross Hatchback   2M
24317,2,MULTI,2027/2029,2XL-200/2XXL-525,非皮卡,Fiat,Scudo,2007,,MPV,,,2XL-200,2027: Fiat Scudo 1995-2007  MPV   2XL-200 || 2029: Fiat Scudo 2007-2016  MPV   2XXL-525
24318,2,MULTI,2028/2031,2XL-200/2XXL-525,非皮卡,Fiat,Scudo,2007,,Van,,,2XL-200,2028: Fiat Scudo 1995-2007  Van   2XL-200 || 2031: Fiat Scudo 2007-2016  Van   2XXL-525
24319,2,MULTI,2027/2029,2XL-200/2XXL-525,非皮卡,Fiat,Scudo,2007,,MPV,,,2XXL-525,2027: Fiat Scudo 1995-2007  MPV   2XL-200 || 2029: Fiat Scudo 2007-2016  MPV   2XXL-525
24321,2,MULTI,2028/2031,2XL-200/2XXL-525,非皮卡,Fiat,Scudo,2007,,Van,,,2XXL-525,2028: Fiat Scudo 1995-2007  Van   2XL-200 || 2031: Fiat Scudo 2007-2016  Van   2XXL-525
24539,0,MISS,,,非皮卡,Fiat,X 1/9,1972,,Targa,,,3S-0,
24540,0,MISS,,,非皮卡,Fiat,X 1/9,1973,,Targa,,,3S-0,
24541,0,MISS,,,非皮卡,Fiat,X 1/9,1974,,Targa,,,3S-0,
24542,0,MISS,,,非皮卡,Fiat,X 1/9,1975,,Targa,,,3S-0,
24543,0,MISS,,,非皮卡,Fiat,X 1/9,1976,,Targa,,,3S-0,
24544,0,MISS,,,非皮卡,Fiat,X 1/9,1977,,Targa,,,3S-0,
24545,0,MISS,,,非皮卡,Fiat,X 1/9,1978,,Targa,,,3S-0,
24546,0,MISS,,,非皮卡,Fiat,X 1/9,1979,,Targa,,,3S-0,
24547,0,MISS,,,非皮卡,Fiat,X 1/9,1980,,Targa,,,3S-0,
24548,0,MISS,,,非皮卡,Fiat,X 1/9,1981,,Targa,,,3S-0,
24549,0,MISS,,,非皮卡,Fiat,X 1/9,1982,,Targa,,,3S-0,
24550,0,MISS,,,非皮卡,Fiat,X 1/9,1983,,Targa,,,3S-0,
24551,0,MISS,,,非皮卡,Fiat,X 1/9,1984,,Targa,,,3S-0,
24552,0,MISS,,,非皮卡,Fiat,X 1/9,1985,,Targa,,,3S-0,
24553,0,MISS,,,非皮卡,Fiat,X 1/9,1986,,Targa,,,3S-0,
24554,0,MISS,,,非皮卡,Fiat,X 1/9,1987,,Targa,,,3S-0,
24555,0,MISS,,,非皮卡,Fiat,X 1/9,1988,,Targa,,,3S-0,
24556,0,MISS,,,非皮卡,Fiat,X 1/9,1989,,Targa,,,3S-0,
24733,2,MULTI,2071/2072,2L+/2XL,非皮卡,Ford,C-MAX,2015,Grand,MPV,,,2L+,2071: Ford C-MAX 2010-2015 Grand MPV   2XL || 2072: Ford C-MAX 2015-2019 Grand MPV   2L+
24734,2,MULTI,2071/2072,2L+/2XL,非皮卡,Ford,C-MAX,2015,Grand,MPV,,,2XL,2071: Ford C-MAX 2010-2015 Grand MPV   2XL || 2072: Ford C-MAX 2015-2019 Grand MPV   2L+
25003,2,MULTI,2092/2093,YL/YXL,非皮卡,Ford,Edge,2018,,SUV,,,YL,2092: Ford Edge 2006-2018  SUV   YL || 2093: Ford Edge 2018-2026  SUV   YXL
25004,2,MULTI,2092/2093,YL/YXL,非皮卡,Ford,Edge,2018,,SUV,,,YXL,2092: Ford Edge 2006-2018  SUV   YL || 2093: Ford Edge 2018-2026  SUV   YXL
25143,2,MULTI,2097/2103,2L+/2M,非皮卡,Ford,Escort,1986,,Wagon,,,2L+,2097: Ford Escort 1968-1986  Wagon   2L+ || 2103: Ford Escort 1986-1990  Wagon   2M
25147,2,MULTI,2097/2103,2L+/2M,非皮卡,Ford,Escort,1986,,Wagon,,,2M,2097: Ford Escort 1968-1986  Wagon   2L+ || 2103: Ford Escort 1986-1990  Wagon   2M
25168,2,MULTI,2103/2105,2L+/2M,非皮卡,Ford,Escort,1990,,Wagon,,,2L+,2103: Ford Escort 1986-1990  Wagon   2M || 2105: Ford Escort 1990-2002  Wagon   2L+
25171,2,MULTI,2103/2105,2L+/2M,非皮卡,Ford,Escort,1990,,Wagon,,,2M,2103: Ford Escort 1986-1990  Wagon   2M || 2105: Ford Escort 1990-2002  Wagon   2L+
25172,2,MULTI,2101/2106,3M-0/3S-0,非皮卡,Ford,Escort,1990,,Convertible,,,3M-0,2101: Ford Escort 1980-2002  Convertible   3S-0 || 2106: Ford Escort 1990-1992  Convertible   3M-0
25173,2,MULTI,2101/2106,3M-0/3S-0,非皮卡,Ford,Escort,1990,,Convertible,,,3S-0,2101: Ford Escort 1980-2002  Convertible   3S-0 || 2106: Ford Escort 1990-1992  Convertible   3M-0
25174,2,MULTI,2104/2107,2L+/2M,非皮卡,Ford,Escort,1991,,Hatchback,,,2L+,2104: Ford Escort 1990-1992  Hatchback   2L+ || 2107: Ford Escort 1991-2002  Hatchback   2M
25179,2,MULTI,2104/2107,2L+/2M,非皮卡,Ford,Escort,1991,,Hatchback,,,2M,2104: Ford Escort 1990-1992  Hatchback   2L+ || 2107: Ford Escort 1991-2002  Hatchback   2M
25181,2,MULTI,2101/2106,3M-0/3S-0,非皮卡,Ford,Escort,1991,,Convertible,,,3M-0,2101: Ford Escort 1980-2002  Convertible   3S-0 || 2106: Ford Escort 1990-1992  Convertible   3M-0
25182,2,MULTI,2101/2106,3M-0/3S-0,非皮卡,Ford,Escort,1991,,Convertible,,,3S-0,2101: Ford Escort 1980-2002  Convertible   3S-0 || 2106: Ford Escort 1990-1992  Convertible   3M-0
25183,2,MULTI,2104/2107,2L+/2M,非皮卡,Ford,Escort,1992,,Hatchback,,,2L+,2104: Ford Escort 1990-1992  Hatchback   2L+ || 2107: Ford Escort 1991-2002  Hatchback   2M
25188,2,MULTI,2104/2107,2L+/2M,非皮卡,Ford,Escort,1992,,Hatchback,,,2M,2104: Ford Escort 1990-1992  Hatchback   2L+ || 2107: Ford Escort 1991-2002  Hatchback   2M
25190,2,MULTI,2101/2106,3M-0/3S-0,非皮卡,Ford,Escort,1992,,Convertible,,,3M-0,2101: Ford Escort 1980-2002  Convertible   3S-0 || 2106: Ford Escort 1990-1992  Convertible   3M-0
25191,2,MULTI,2101/2106,3M-0/3S-0,非皮卡,Ford,Escort,1992,,Convertible,,,3S-0,2101: Ford Escort 1980-2002  Convertible   3S-0 || 2106: Ford Escort 1990-1992  Convertible   3M-0
25372,2,MULTI,2116/2117,YXXL/YXXL-545,非皮卡,Ford,Expedition,2017,,SUV,,,YXXL,2116: Ford Expedition 1996-2017  SUV   YXXL || 2117: Ford Expedition 2017-2026  SUV   YXXL-545
25373,2,MULTI,2116/2117,YXXL/YXXL-545,非皮卡,Ford,Expedition,2017,,SUV,,,YXXL-545,2116: Ford Expedition 1996-2017  SUV   YXXL || 2117: Ford Expedition 2017-2026  SUV   YXXL-545
25432,2,MULTI,2121/2122,YL/YXL,非皮卡,Ford,Explorer,2005,,SUV,,,YL,2121: Ford Explorer 2001-2006  SUV   YL || 2122: Ford Explorer 2005-2026  SUV   YXL
25433,2,MULTI,2121/2122,YL/YXL,非皮卡,Ford,Explorer,2005,,SUV,,,YXL,2121: Ford Explorer 2001-2006  SUV   YL || 2122: Ford Explorer 2005-2026  SUV   YXL
25434,2,MULTI,2121/2122,YL/YXL,非皮卡,Ford,Explorer,2006,,SUV,,,YL,2121: Ford Explorer 2001-2006  SUV   YL || 2122: Ford Explorer 2005-2026  SUV   YXL
25435,2,MULTI,2121/2122,YL/YXL,非皮卡,Ford,Explorer,2006,,SUV,,,YXL,2121: Ford Explorer 2001-2006  SUV   YL || 2122: Ford Explorer 2005-2026  SUV   YXL
25709,2,MULTI,2141/2143,2L+/2XL,非皮卡,Ford,Focus,1999,,Wagon,,,2L+,2141: Ford Focus 1998-2011  Wagon   2L+ || 2143: Ford Focus 1999-2007  Wagon   2XL
25710,2,MULTI,2141/2143,2L+/2XL,非皮卡,Ford,Focus,1999,,Wagon,,,2XL,2141: Ford Focus 1998-2011  Wagon   2L+ || 2143: Ford Focus 1999-2007  Wagon   2XL
25716,2,MULTI,2141/2143,2L+/2XL,非皮卡,Ford,Focus,2000,,Wagon,,,2L+,2141: Ford Focus 1998-2011  Wagon   2L+ || 2143: Ford Focus 1999-2007  Wagon   2XL
25717,2,MULTI,2141/2143,2L+/2XL,非皮卡,Ford,Focus,2000,,Wagon,,,2XL,2141: Ford Focus 1998-2011  Wagon   2L+ || 2143: Ford Focus 1999-2007  Wagon   2XL
25725,2,MULTI,2141/2143,2L+/2XL,非皮卡,Ford,Focus,2001,,Wagon,,,2L+,2141: Ford Focus 1998-2011  Wagon   2L+ || 2143: Ford Focus 1999-2007  Wagon   2XL
25726,2,MULTI,2141/2143,2L+/2XL,非皮卡,Ford,Focus,2001,,Wagon,,,2L+,2141: Ford Focus 1998-2011  Wagon   2L+ || 2143: Ford Focus 1999-2007  Wagon   2XL
25727,2,MULTI,2141/2143,2L+/2XL,非皮卡,Ford,Focus,2001,,Wagon,,,2XL,2141: Ford Focus 1998-2011  Wagon   2L+ || 2143: Ford Focus 1999-2007  Wagon   2XL
25734,2,MULTI,2141/2143,2L+/2XL,非皮卡,Ford,Focus,2002,,Wagon,,,2L+,2141: Ford Focus 1998-2011  Wagon   2L+ || 2143: Ford Focus 1999-2007  Wagon   2XL
25735,2,MULTI,2141/2143,2L+/2XL,非皮卡,Ford,Focus,2002,,Wagon,,,2XL,2141: Ford Focus 1998-2011  Wagon   2L+ || 2143: Ford Focus 1999-2007  Wagon   2XL
25741,2,MULTI,2141/2143,2L+/2XL,非皮卡,Ford,Focus,2003,,Wagon,,,2L+,2141: Ford Focus 1998-2011  Wagon   2L+ || 2143: Ford Focus 1999-2007  Wagon   2XL
25742,2,MULTI,2141/2143,2L+/2XL,非皮卡,Ford,Focus,2003,,Wagon,,,2XL,2141: Ford Focus 1998-2011  Wagon   2L+ || 2143: Ford Focus 1999-2007  Wagon   2XL
25749,2,MULTI,2141/2143,2L+/2XL,非皮卡,Ford,Focus,2004,,Wagon,,,2L+,2141: Ford Focus 1998-2011  Wagon   2L+ || 2143: Ford Focus 1999-2007  Wagon   2XL
25750,2,MULTI,2141/2143,2L+/2XL,非皮卡,Ford,Focus,2004,,Wagon,,,2L+,2141: Ford Focus 1998-2011  Wagon   2L+ || 2143: Ford Focus 1999-2007  Wagon   2XL
25751,2,MULTI,2141/2143,2L+/2XL,非皮卡,Ford,Focus,2004,,Wagon,,,2XL,2141: Ford Focus 1998-2011  Wagon   2L+ || 2143: Ford Focus 1999-2007  Wagon   2XL
25752,2,MULTI,2141/2143,2L+/2XL,非皮卡,Ford,Focus,2004,,Wagon,,,2XL,2141: Ford Focus 1998-2011  Wagon   2L+ || 2143: Ford Focus 1999-2007  Wagon   2XL
25760,2,MULTI,2141/2143,2L+/2XL,非皮卡,Ford,Focus,2005,,Wagon,,,2L+,2141: Ford Focus 1998-2011  Wagon   2L+ || 2143: Ford Focus 1999-2007  Wagon   2XL
25761,2,MULTI,2141/2143,2L+/2XL,非皮卡,Ford,Focus,2005,,Wagon,,,2L+,2141: Ford Focus 1998-2011  Wagon   2L+ || 2143: Ford Focus 1999-2007  Wagon   2XL
25762,2,MULTI,2141/2143,2L+/2XL,非皮卡,Ford,Focus,2005,,Wagon,,,2XL,2141: Ford Focus 1998-2011  Wagon   2L+ || 2143: Ford Focus 1999-2007  Wagon   2XL
25767,2,MULTI,2141/2143,2L+/2XL,非皮卡,Ford,Focus,2006,,Wagon,,,2L+,2141: Ford Focus 1998-2011  Wagon   2L+ || 2143: Ford Focus 1999-2007  Wagon   2XL
25768,2,MULTI,2141/2143,2L+/2XL,非皮卡,Ford,Focus,2006,,Wagon,,,2XL,2141: Ford Focus 1998-2011  Wagon   2L+ || 2143: Ford Focus 1999-2007  Wagon   2XL
25773,2,MULTI,2141/2143,2L+/2XL,非皮卡,Ford,Focus,2007,,Wagon,,,2L+,2141: Ford Focus 1998-2011  Wagon   2L+ || 2143: Ford Focus 1999-2007  Wagon   2XL
25774,2,MULTI,2141/2143,2L+/2XL,非皮卡,Ford,Focus,2007,,Wagon,,,2L+,2141: Ford Focus 1998-2011  Wagon   2L+ || 2143: Ford Focus 1999-2007  Wagon   2XL
25775,2,MULTI,2141/2143,2L+/2XL,非皮卡,Ford,Focus,2007,,Wagon,,,2XL,2141: Ford Focus 1998-2011  Wagon   2L+ || 2143: Ford Focus 1999-2007  Wagon   2XL
25802,2,MULTI,2141/2145,2L+/2XL,非皮卡,Ford,Focus,2011,,Wagon,,,2L+,2141: Ford Focus 1998-2011  Wagon   2L+ || 2145: Ford Focus 2011-2022  Wagon   2XL
25803,2,MULTI,2141/2145,2L+/2XL,非皮卡,Ford,Focus,2011,,Wagon,,,2XL,2141: Ford Focus 1998-2011  Wagon   2L+ || 2145: Ford Focus 2011-2022  Wagon   2XL
25804,2,MULTI,2142/2146,3L/3M,非皮卡,Ford,Focus,2011,,Sedan,,,3L,2142: Ford Focus 1998-2011  Sedan   3M || 2146: Ford Focus 2011-2025  Sedan   3L
25805,2,MULTI,2142/2146,3L/3M,非皮卡,Ford,Focus,2011,,Sedan,,,3M,2142: Ford Focus 1998-2011  Sedan   3M || 2146: Ford Focus 2011-2025  Sedan   3L
26078,2,MULTI,2164/2165,2XL/2XL+,非皮卡,Ford,Galaxy,2015,,MPV,,,2XL,2164: Ford Galaxy 1995-2015  MPV   2XL || 2165: Ford Galaxy 2015-2023  MPV   2XL+
26079,2,MULTI,2164/2165,2XL/2XL+,非皮卡,Ford,Galaxy,2015,,MPV,,,2XL+,2164: Ford Galaxy 1995-2015  MPV   2XL || 2165: Ford Galaxy 2015-2023  MPV   2XL+
26108,2,MULTI,2168/2169,3L-0/3XL-0,非皮卡,Ford,Granada,1977,,Coupe,,,3L-0,2168: Ford Granada 1972-1977  Coupe   3XL-0 || 2169: Ford Granada 1977-1985  Coupe   3L-0
26109,2,MULTI,2168/2169,3L-0/3XL-0,非皮卡,Ford,Granada,1977,,Coupe,,,3XL-0,2168: Ford Granada 1972-1977  Coupe   3XL-0 || 2169: Ford Granada 1977-1985  Coupe   3L-0
26250,2,MULTI,2175/2176,YL/YM+,非皮卡,Ford,Kuga,2019,,SUV,,,YL,2175: Ford Kuga 2008-2020  SUV   YM+ || 2176: Ford Kuga 2019-2026  SUV   YL
26251,2,MULTI,2175/2176,YL/YM+,非皮卡,Ford,Kuga,2019,,SUV,,,YM+,2175: Ford Kuga 2008-2020  SUV   YM+ || 2176: Ford Kuga 2019-2026  SUV   YL
26252,2,MULTI,2175/2176,YL/YM+,非皮卡,Ford,Kuga,2020,,SUV,,,YL,2175: Ford Kuga 2008-2020  SUV   YM+ || 2176: Ford Kuga 2019-2026  SUV   YL
26253,2,MULTI,2175/2176,YL/YM+,非皮卡,Ford,Kuga,2020,,SUV,,,YM+,2175: Ford Kuga 2008-2020  SUV   YM+ || 2176: Ford Kuga 2019-2026  SUV   YL
26320,2,MULTI,2182/2185,3M/3S,非皮卡,Ford,Laser,1989,,Sedan,,,3M,2182: Ford Laser 1981-1994  Sedan   3S || 2185: Ford Laser 1989-2003  Sedan   3M
26322,2,MULTI,2182/2185,3M/3S,非皮卡,Ford,Laser,1989,,Sedan,,,3S,2182: Ford Laser 1981-1994  Sedan   3S || 2185: Ford Laser 1989-2003  Sedan   3M
26325,2,MULTI,2182/2185,3M/3S,非皮卡,Ford,Laser,1990,,Sedan,,,3M,2182: Ford Laser 1981-1994  Sedan   3S || 2185: Ford Laser 1989-2003  Sedan   3M
26327,2,MULTI,2182/2185,3M/3S,非皮卡,Ford,Laser,1990,,Sedan,,,3S,2182: Ford Laser 1981-1994  Sedan   3S || 2185: Ford Laser 1989-2003  Sedan   3M
26330,2,MULTI,2182/2185,3M/3S,非皮卡,Ford,Laser,1991,,Sedan,,,3M,2182: Ford Laser 1981-1994  Sedan   3S || 2185: Ford Laser 1989-2003  Sedan   3M
26332,2,MULTI,2182/2185,3M/3S,非皮卡,Ford,Laser,1991,,Sedan,,,3S,2182: Ford Laser 1981-1994  Sedan   3S || 2185: Ford Laser 1989-2003  Sedan   3M
26335,2,MULTI,2182/2185,3M/3S,非皮卡,Ford,Laser,1992,,Sedan,,,3M,2182: Ford Laser 1981-1994  Sedan   3S || 2185: Ford Laser 1989-2003  Sedan   3M
26337,2,MULTI,2182/2185,3M/3S,非皮卡,Ford,Laser,1992,,Sedan,,,3S,2182: Ford Laser 1981-1994  Sedan   3S || 2185: Ford Laser 1989-2003  Sedan   3M
26340,2,MULTI,2182/2185,3M/3S,非皮卡,Ford,Laser,1993,,Sedan,,,3M,2182: Ford Laser 1981-1994  Sedan   3S || 2185: Ford Laser 1989-2003  Sedan   3M
26342,2,MULTI,2182/2185,3M/3S,非皮卡,Ford,Laser,1993,,Sedan,,,3S,2182: Ford Laser 1981-1994  Sedan   3S || 2185: Ford Laser 1989-2003  Sedan   3M
26346,2,MULTI,2182/2185,3M/3S,非皮卡,Ford,Laser,1994,,Sedan,,,3M,2182: Ford Laser 1981-1994  Sedan   3S || 2185: Ford Laser 1989-2003  Sedan   3M
26347,2,MULTI,2182/2185,3M/3S,非皮卡,Ford,Laser,1994,,Sedan,,,3M,2182: Ford Laser 1981-1994  Sedan   3S || 2185: Ford Laser 1989-2003  Sedan   3M
26349,2,MULTI,2182/2185,3M/3S,非皮卡,Ford,Laser,1994,,Sedan,,,3S,2182: Ford Laser 1981-1994  Sedan   3S || 2185: Ford Laser 1989-2003  Sedan   3M
26472,2,MULTI,2197/2199,3L/3M,非皮卡,Ford,Mondeo,1996,,Liftback,,,3L,2197: Ford Mondeo 1993-1996  Liftback   3M || 2199: Ford Mondeo 1996-2000  Liftback   3L
26473,2,MULTI,2198/2200,3L/3M,非皮卡,Ford,Mondeo,1996,,Sedan,,,3L,2198: Ford Mondeo 1993-1996  Sedan   3M || 2200: Ford Mondeo 1996-2000  Sedan   3L
26474,2,MULTI,2197/2199,3L/3M,非皮卡,Ford,Mondeo,1996,,Liftback,,,3M,2197: Ford Mondeo 1993-1996  Liftback   3M || 2199: Ford Mondeo 1996-2000  Liftback   3L
26475,2,MULTI,2198/2200,3L/3M,非皮卡,Ford,Mondeo,1996,,Sedan,,,3M,2198: Ford Mondeo 1993-1996  Sedan   3M || 2200: Ford Mondeo 1996-2000  Sedan   3L
26487,2,MULTI,2199/2201,3L/3XL,非皮卡,Ford,Mondeo,2000,,Liftback,,,3L,2199: Ford Mondeo 1996-2000  Liftback   3L || 2201: Ford Mondeo 2000-2022  Liftback   3XL
26488,2,MULTI,2200/2202,3L/3XL,非皮卡,Ford,Mondeo,2000,,Sedan,,,3L,2200: Ford Mondeo 1996-2000  Sedan   3L || 2202: Ford Mondeo 2000-2022  Sedan   3XL
26489,2,MULTI,2199/2201,3L/3XL,非皮卡,Ford,Mondeo,2000,,Liftback,,,3XL,2199: Ford Mondeo 1996-2000  Liftback   3L || 2201: Ford Mondeo 2000-2022  Liftback   3XL
26490,2,MULTI,2200/2202,3L/3XL,非皮卡,Ford,Mondeo,2000,,Sedan,,,3XL,2200: Ford Mondeo 1996-2000  Sedan   3L || 2202: Ford Mondeo 2000-2022  Sedan   3XL
26509,2,MULTI,2196/2203,2XL/2XL+,非皮卡,Ford,Mondeo,2006,,Wagon,,,2XL,2196: Ford Mondeo 1993-2007  Wagon   2XL || 2203: Ford Mondeo 2006-2022  Wagon   2XL+
26510,2,MULTI,2196/2203,2XL/2XL+,非皮卡,Ford,Mondeo,2006,,Wagon,,,2XL+,2196: Ford Mondeo 1993-2007  Wagon   2XL || 2203: Ford Mondeo 2006-2022  Wagon   2XL+
26515,2,MULTI,2196/2203,2XL/2XL+,非皮卡,Ford,Mondeo,2007,,Wagon,,,2XL,2196: Ford Mondeo 1993-2007  Wagon   2XL || 2203: Ford Mondeo 2006-2022  Wagon   2XL+
26516,2,MULTI,2196/2203,2XL/2XL+,非皮卡,Ford,Mondeo,2007,,Wagon,,,2XL+,2196: Ford Mondeo 1993-2007  Wagon   2XL || 2203: Ford Mondeo 2006-2022  Wagon   2XL+
26574,2,MULTI,2202/2204,3XL/3XXL,非皮卡,Ford,Mondeo,2022,,Sedan,,,3XL,2202: Ford Mondeo 2000-2022  Sedan   3XL || 2204: Ford Mondeo 2022-2026  Sedan   3XXL
26575,2,MULTI,2202/2204,3XL/3XXL,非皮卡,Ford,Mondeo,2022,,Sedan,,,3XXL,2202: Ford Mondeo 2000-2022  Sedan   3XL || 2204: Ford Mondeo 2022-2026  Sedan   3XXL
26650,2,MULTI,2211/2213,2L+/2XL,非皮卡,Ford,Mustang,1978,,Hatchback,,,2L+,2211: Ford Mustang 1974-1978  Hatchback   2L+ || 2213: Ford Mustang 1978-1986  Hatchback   2XL
26651,2,MULTI,2211/2213,2L+/2XL,非皮卡,Ford,Mustang,1978,,Hatchback,,,2XL,2211: Ford Mustang 1974-1978  Hatchback   2L+ || 2213: Ford Mustang 1978-1986  Hatchback   2XL
26653,2,MULTI,2212/2215,3L-0/3M-0,非皮卡,Ford,Mustang,1978,,Coupe,,,3L-0,2212: Ford Mustang 1974-1978  Coupe   3M-0 || 2215: Ford Mustang 1978-2004  Coupe   3L-0
26654,2,MULTI,2212/2215,3L-0/3M-0,非皮卡,Ford,Mustang,1978,,Coupe,,,3M-0,2212: Ford Mustang 1974-1978  Coupe   3M-0 || 2215: Ford Mustang 1978-2004  Coupe   3L-0
26719,2,MULTI,2214/2216,3L-0/3XL-0,非皮卡,Ford,Mustang,2004,,Convertible,,,3L-0,2214: Ford Mustang 1978-2004  Convertible   3L-0 || 2216: Ford Mustang 2004-2026  Convertible   3XL-0
26720,2,MULTI,2215/2217,3L-0/3XL-0,非皮卡,Ford,Mustang,2004,,Coupe,,,3L-0,2215: Ford Mustang 1978-2004  Coupe   3L-0 || 2217: Ford Mustang 2004-2026  Coupe   3XL-0
26721,2,MULTI,2214/2216,3L-0/3XL-0,非皮卡,Ford,Mustang,2004,,Convertible,,,3XL-0,2214: Ford Mustang 1978-2004  Convertible   3L-0 || 2216: Ford Mustang 2004-2026  Convertible   3XL-0
26722,2,MULTI,2215/2217,3L-0/3XL-0,非皮卡,Ford,Mustang,2004,,Coupe,,,3XL-0,2215: Ford Mustang 1978-2004  Coupe   3L-0 || 2217: Ford Mustang 2004-2026  Coupe   3XL-0
26784,2,MULTI,2219/2220,3M/3S,非皮卡,Ford,Orion,1985,,Sedan,,,3M,2219: Ford Orion 1983-1986  Sedan   3S || 2220: Ford Orion 1985-1993  Sedan   3M
26785,2,MULTI,2219/2220,3M/3S,非皮卡,Ford,Orion,1985,,Sedan,,,3S,2219: Ford Orion 1983-1986  Sedan   3S || 2220: Ford Orion 1985-1993  Sedan   3M
26786,2,MULTI,2219/2220,3M/3S,非皮卡,Ford,Orion,1986,,Sedan,,,3M,2219: Ford Orion 1983-1986  Sedan   3S || 2220: Ford Orion 1985-1993  Sedan   3M
26787,2,MULTI,2219/2220,3M/3S,非皮卡,Ford,Orion,1986,,Sedan,,,3S,2219: Ford Orion 1983-1986  Sedan   3S || 2220: Ford Orion 1985-1993  Sedan   3M
26976,2,MULTI,2237/2238,3M/3XL,非皮卡,Ford,Taunus,1975,,Sedan,,,3M,2237: Ford Taunus 1970-1976  Sedan   3M || 2238: Ford Taunus 1975-1979  Sedan   3XL
26977,2,MULTI,2237/2238,3M/3XL,非皮卡,Ford,Taunus,1975,,Sedan,,,3XL,2237: Ford Taunus 1970-1976  Sedan   3M || 2238: Ford Taunus 1975-1979  Sedan   3XL
26981,2,MULTI,2237/2238,3M/3XL,非皮卡,Ford,Taunus,1976,,Sedan,,,3M,2237: Ford Taunus 1970-1976  Sedan   3M || 2238: Ford Taunus 1975-1979  Sedan   3XL
26982,2,MULTI,2237/2238,3M/3XL,非皮卡,Ford,Taunus,1976,,Sedan,,,3XL,2237: Ford Taunus 1970-1976  Sedan   3M || 2238: Ford Taunus 1975-1979  Sedan   3XL
26987,2,MULTI,2236/2239,2L+/2XL,非皮卡,Ford,Taunus,1979,,Wagon,,,2L+,2236: Ford Taunus 1970-1979  Wagon   2XL || 2239: Ford Taunus 1979-1982  Wagon   2L+
26988,2,MULTI,2236/2239,2L+/2XL,非皮卡,Ford,Taunus,1979,,Wagon,,,2XL,2236: Ford Taunus 1970-1979  Wagon   2XL || 2239: Ford Taunus 1979-1982  Wagon   2L+
26989,2,MULTI,2238/2240,3M/3XL,非皮卡,Ford,Taunus,1979,,Sedan,,,3M,2238: Ford Taunus 1975-1979  Sedan   3XL || 2240: Ford Taunus 1979-1982  Sedan   3M
26990,2,MULTI,2238/2240,3M/3XL,非皮卡,Ford,Taunus,1979,,Sedan,,,3XL,2238: Ford Taunus 1975-1979  Sedan   3XL || 2240: Ford Taunus 1979-1982  Sedan   3M
27021,2,MULTI,2242/2243,3XL/3XXL,非皮卡,Ford,Taurus,1995,,Sedan,,,3XL,2242: Ford Taurus 1985-1995  Sedan   3XL || 2243: Ford Taurus 1995-2019  Sedan   3XXL
27022,2,MULTI,2242/2243,3XL/3XXL,非皮卡,Ford,Taurus,1995,,Sedan,,,3XXL,2242: Ford Taurus 1985-1995  Sedan   3XL || 2243: Ford Taurus 1995-2019  Sedan   3XXL
27146,2,MULTI,2251/2252,YL/YM+,非皮卡,Ford,Territory,2022,,SUV,,,YL,2251: Ford Territory 2018-2023  SUV   YM+ || 2252: Ford Territory 2022-2025  SUV   YL
27147,2,MULTI,2251/2252,YL/YM+,非皮卡,Ford,Territory,2022,,SUV,,,YM+,2251: Ford Territory 2018-2023  SUV   YM+ || 2252: Ford Territory 2022-2025  SUV   YL
27148,2,MULTI,2251/2252,YL/YM+,非皮卡,Ford,Territory,2023,,SUV,,,YL,2251: Ford Territory 2018-2023  SUV   YM+ || 2252: Ford Territory 2022-2025  SUV   YL
27149,2,MULTI,2251/2252,YL/YM+,非皮卡,Ford,Territory,2023,,SUV,,,YM+,2251: Ford Territory 2018-2023  SUV   YM+ || 2252: Ford Territory 2022-2025  SUV   YL
27259,2,MULTI,2266/2268,2L+/2XL,非皮卡,Ford,Tourneo Connect,2009,SWB,MPV,,,2L+,2266: Ford Tourneo Connect 2002-2009 SWB MPV   2L+ || 2268: Ford Tourneo Connect 2009-2013 SWB MPV   2XL
27260,2,MULTI,2266/2268,2L+/2XL,非皮卡,Ford,Tourneo Connect,2009,SWB,MPV,,,2XL,2266: Ford Tourneo Connect 2002-2009 SWB MPV   2L+ || 2268: Ford Tourneo Connect 2009-2013 SWB MPV   2XL
27293,2,MULTI,2270/2271,2XL/2XL+,非皮卡,Ford,Tourneo Connect,2021,Grand,MPV,,,2XL,2270: Ford Tourneo Connect 2012-2022 Grand MPV   2XL || 2271: Ford Tourneo Connect 2021-2026 Grand MPV   2XL+
27294,2,MULTI,2270/2271,2XL/2XL+,非皮卡,Ford,Tourneo Connect,2021,Grand,MPV,,,2XL+,2270: Ford Tourneo Connect 2012-2022 Grand MPV   2XL || 2271: Ford Tourneo Connect 2021-2026 Grand MPV   2XL+
27297,2,MULTI,2270/2271,2XL/2XL+,非皮卡,Ford,Tourneo Connect,2022,Grand,MPV,,,2XL,2270: Ford Tourneo Connect 2012-2022 Grand MPV   2XL || 2271: Ford Tourneo Connect 2021-2026 Grand MPV   2XL+
27298,2,MULTI,2270/2271,2XL/2XL+,非皮卡,Ford,Tourneo Connect,2022,Grand,MPV,,,2XL+,2270: Ford Tourneo Connect 2012-2022 Grand MPV   2XL || 2271: Ford Tourneo Connect 2021-2026 Grand MPV   2XL+
27317,2,MULTI,2272/2273,2L+/2XL,非皮卡,Ford,Tourneo Courier,2023,,MPV,,,2L+,2272: Ford Tourneo Courier 2014-2023  MPV   2L+ || 2273: Ford Tourneo Courier 2023-2026  MPV   2XL
27318,2,MULTI,2272/2273,2L+/2XL,非皮卡,Ford,Tourneo Courier,2023,,MPV,,,2XL,2272: Ford Tourneo Courier 2014-2023  MPV   2L+ || 2273: Ford Tourneo Courier 2023-2026  MPV   2XL
27357,2,MULTI,2275/2276,2XXL-545/无可用尺码,非皮卡,Ford,Tourneo Custom,2023,LWB,MPV,,,2XXL-545,2275: Ford Tourneo Custom 2012-2023 LWB MPV   2XXL-545 || 2276: Ford Tourneo Custom 2023-2026 LWB MPV   无可用尺码
27358,2,MULTI,2275/2276,2XXL-545/无可用尺码,非皮卡,Ford,Tourneo Custom,2023,LWB,MPV,,,无可用尺码,2275: Ford Tourneo Custom 2012-2023 LWB MPV   2XXL-545 || 2276: Ford Tourneo Custom 2023-2026 LWB MPV   无可用尺码
27413,2,MULTI,2280/2281,2XL/2XL-200,非皮卡,Ford,Transit Connect,2012,LWB,Van,,,2XL,2280: Ford Transit Connect 2002-2013 LWB Van   2XL-200 || 2281: Ford Transit Connect 2012-2024 LWB Van   2XL
27416,2,MULTI,2280/2281,2XL/2XL-200,非皮卡,Ford,Transit Connect,2012,LWB,Van,,,2XL-200,2280: Ford Transit Connect 2002-2013 LWB Van   2XL-200 || 2281: Ford Transit Connect 2012-2024 LWB Van   2XL
27417,2,MULTI,2280/2281,2XL/2XL-200,非皮卡,Ford,Transit Connect,2013,LWB,Van,,,2XL,2280: Ford Transit Connect 2002-2013 LWB Van   2XL-200 || 2281: Ford Transit Connect 2012-2024 LWB Van   2XL
27420,2,MULTI,2280/2281,2XL/2XL-200,非皮卡,Ford,Transit Connect,2013,LWB,Van,,,2XL-200,2280: Ford Transit Connect 2002-2013 LWB Van   2XL-200 || 2281: Ford Transit Connect 2012-2024 LWB Van   2XL
27491,2,MULTI,2284/2286,2XXL-545/无可用尺码,非皮卡,Ford,Transit Custom,2023,LWB Van,Van,,,2XXL-545,2284: Ford Transit Custom 2012-2023 LWB Van Van   2XXL-545 || 2286: Ford Transit Custom 2023-2026 LWB Van Van   无可用尺码
27492,2,MULTI,2284/2286,2XXL-545/无可用尺码,非皮卡,Ford,Transit Custom,2023,LWB Van,Van,,,无可用尺码,2284: Ford Transit Custom 2012-2023 LWB Van Van   2XXL-545 || 2286: Ford Transit Custom 2023-2026 LWB Van Van   无可用尺码
27530,2,MULTI,2290/2291,3L/3M,非皮卡,Ford,Zephyr,1956,,Sedan,,,3L,2290: Ford Zephyr 1951-1956  Sedan   3M || 2291: Ford Zephyr 1956-1962  Sedan   3L
27531,2,MULTI,2290/2291,3L/3M,非皮卡,Ford,Zephyr,1956,,Sedan,,,3M,2290: Ford Zephyr 1951-1956  Sedan   3M || 2291: Ford Zephyr 1956-1962  Sedan   3L
27809,2,MULTI,2343/2345,YL/YXL,非皮卡,GAC Trumpchi,GS8,2019,,SUV,,,YL,2343: GAC Trumpchi GS8 2016-2019  SUV   YL || 2345: GAC Trumpchi GS8 2019-2026  SUV   YXL
27811,2,MULTI,2343/2345,YL/YXL,非皮卡,GAC Trumpchi,GS8,2019,,SUV,,,YXL,2343: GAC Trumpchi GS8 2016-2019  SUV   YL || 2345: GAC Trumpchi GS8 2019-2026  SUV   YXL
27883,2,MULTI,2355/2356,YXL/YXXL,非皮卡,GMC,Acadia,2013,,SUV,,,YXL,2355: GMC Acadia 2006-2013  SUV   YXXL || 2356: GMC Acadia 2013-2023  SUV   YXL
27884,2,MULTI,2355/2356,YXL/YXXL,非皮卡,GMC,Acadia,2013,,SUV,,,YXXL,2355: GMC Acadia 2006-2013  SUV   YXXL || 2356: GMC Acadia 2013-2023  SUV   YXL
28065,2,MULTI,2368/2369,YL/YM+,非皮卡,GMC,Terrain,2024,,SUV,,,YL,2368: GMC Terrain 2009-2024  SUV   YL || 2369: GMC Terrain 2024-2026  SUV   YM+
28066,2,MULTI,2368/2369,YL/YM+,非皮卡,GMC,Terrain,2024,,SUV,,,YM+,2368: GMC Terrain 2009-2024  SUV   YL || 2369: GMC Terrain 2024-2026  SUV   YM+
28131,2,MULTI,2374/2376,YXL/YXXL,非皮卡,GMC,Yukon,2006,,SUV,,,YXL,2374: GMC Yukon 1999-2006  SUV   YXL || 2376: GMC Yukon 2006-2020  SUV   YXXL
28132,2,MULTI,2374/2376,YXL/YXXL,非皮卡,GMC,Yukon,2006,,SUV,,,YXXL,2374: GMC Yukon 1999-2006  SUV   YXL || 2376: GMC Yukon 2006-2020  SUV   YXXL
28163,2,MULTI,2376/2377,YXXL/YXXL-545,非皮卡,GMC,Yukon,2020,,SUV,,,YXXL,2376: GMC Yukon 2006-2020  SUV   YXXL || 2377: GMC Yukon 2020-2026  SUV   YXXL-545
28164,2,MULTI,2376/2377,YXXL/YXXL-545,非皮卡,GMC,Yukon,2020,,SUV,,,YXXL-545,2376: GMC Yukon 2006-2020  SUV   YXXL || 2377: GMC Yukon 2020-2026  SUV   YXXL-545
28352,2,MULTI,2401/2402,3L/3XL,非皮卡,Geely,Emgrand,2025,,Sedan,,,3L,2401: Geely Emgrand 2018-2026  Sedan   3L || 2402: Geely Emgrand 2025-2026  Sedan   3XL
28353,2,MULTI,2401/2402,3L/3XL,非皮卡,Geely,Emgrand,2025,,Sedan,,,3XL,2401: Geely Emgrand 2018-2026  Sedan   3L || 2402: Geely Emgrand 2025-2026  Sedan   3XL
28354,2,MULTI,2401/2402,3L/3XL,非皮卡,Geely,Emgrand,2026,,Sedan,,,3L,2401: Geely Emgrand 2018-2026  Sedan   3L || 2402: Geely Emgrand 2025-2026  Sedan   3XL
28355,2,MULTI,2401/2402,3L/3XL,非皮卡,Geely,Emgrand,2026,,Sedan,,,3XL,2401: Geely Emgrand 2018-2026  Sedan   3L || 2402: Geely Emgrand 2025-2026  Sedan   3XL
29308,2,MULTI,2547/2548,YL/YM+,非皮卡,Haval,H6,2020,,SUV,,,YL,2547: Haval H6 2020-2026  SUV   YL || 2548: Haval H6 2020-2023  SUV   YM+
29311,2,MULTI,2547/2548,YL/YM+,非皮卡,Haval,H6,2020,,SUV,,,YM+,2547: Haval H6 2020-2026  SUV   YL || 2548: Haval H6 2020-2023  SUV   YM+
29314,2,MULTI,2547/2548,YL/YM+,非皮卡,Haval,H6,2021,,SUV,,,YL,2547: Haval H6 2020-2026  SUV   YL || 2548: Haval H6 2020-2023  SUV   YM+
29317,2,MULTI,2547/2548,YL/YM+,非皮卡,Haval,H6,2021,,SUV,,,YM+,2547: Haval H6 2020-2026  SUV   YL || 2548: Haval H6 2020-2023  SUV   YM+
29318,2,MULTI,2547/2548,YL/YM+,非皮卡,Haval,H6,2022,,SUV,,,YL,2547: Haval H6 2020-2026  SUV   YL || 2548: Haval H6 2020-2023  SUV   YM+
29321,2,MULTI,2547/2548,YL/YM+,非皮卡,Haval,H6,2022,,SUV,,,YM+,2547: Haval H6 2020-2026  SUV   YL || 2548: Haval H6 2020-2023  SUV   YM+
29322,2,MULTI,2547/2548,YL/YM+,非皮卡,Haval,H6,2023,,SUV,,,YL,2547: Haval H6 2020-2026  SUV   YL || 2548: Haval H6 2020-2023  SUV   YM+
29323,2,MULTI,2547/2548,YL/YM+,非皮卡,Haval,H6,2023,,SUV,,,YM+,2547: Haval H6 2020-2026  SUV   YL || 2548: Haval H6 2020-2023  SUV   YM+
29333,2,MULTI,2549/2550,YL/YM+,非皮卡,Haval,H6 Coupe,2018,,SUV,,,YL,2549: Haval H6 Coupe 2015-2019  SUV   YL || 2550: Haval H6 Coupe 2018-2021  SUV   YM+
29334,2,MULTI,2549/2550,YL/YM+,非皮卡,Haval,H6 Coupe,2018,,SUV,,,YM+,2549: Haval H6 Coupe 2015-2019  SUV   YL || 2550: Haval H6 Coupe 2018-2021  SUV   YM+
29335,2,MULTI,2549/2550,YL/YM+,非皮卡,Haval,H6 Coupe,2019,,SUV,,,YL,2549: Haval H6 Coupe 2015-2019  SUV   YL || 2550: Haval H6 Coupe 2018-2021  SUV   YM+
29336,2,MULTI,2549/2550,YL/YM+,非皮卡,Haval,H6 Coupe,2019,,SUV,,,YM+,2549: Haval H6 Coupe 2015-2019  SUV   YL || 2550: Haval H6 Coupe 2018-2021  SUV   YM+
29599,2,MULTI,2585/2586,3XL/3XXL,非皮卡,Holden,Calais,1997,,Sedan,,,3XL,2585: Holden Calais 1988-1997  Sedan   3XL || 2586: Holden Calais 1997-2006  Sedan   3XXL
29600,2,MULTI,2585/2586,3XL/3XXL,非皮卡,Holden,Calais,1997,,Sedan,,,3XXL,2585: Holden Calais 1988-1997  Sedan   3XL || 2586: Holden Calais 1997-2006  Sedan   3XXL
29645,2,MULTI,2589/2590,3XL/3XXL,非皮卡,Holden,Commodore,1997,,Sedan,,,3XL,2589: Holden Commodore 1990-1997  Sedan   3XL || 2590: Holden Commodore 1997-2002  Sedan   3XXL
29646,2,MULTI,2589/2590,3XL/3XXL,非皮卡,Holden,Commodore,1997,,Sedan,,,3XXL,2589: Holden Commodore 1990-1997  Sedan   3XL || 2590: Holden Commodore 1997-2002  Sedan   3XXL
29725,2,MULTI,2601/2603,2L+/2M,非皮卡,Honda,Accord,1981,,Hatchback,,,2L+,2601: Honda Accord 1976-1981  Hatchback   2M || 2603: Honda Accord 1981-1989  Hatchback   2L+
29726,2,MULTI,2601/2603,2L+/2M,非皮卡,Honda,Accord,1981,,Hatchback,,,2M,2601: Honda Accord 1976-1981  Hatchback   2M || 2603: Honda Accord 1981-1989  Hatchback   2L+
29738,2,MULTI,2602/2605,3L/3M,非皮卡,Honda,Accord,1985,,Sedan,,,3L,2602: Honda Accord 1976-1985  Sedan   3M || 2605: Honda Accord 1985-2008  Sedan   3L
29740,2,MULTI,2602/2605,3L/3M,非皮卡,Honda,Accord,1985,,Sedan,,,3M,2602: Honda Accord 1976-1985  Sedan   3M || 2605: Honda Accord 1985-2008  Sedan   3L
29792,2,MULTI,2606/2609,3L-0/3XL-0,非皮卡,Honda,Accord,1997,,Coupe,,,3L-0,2606: Honda Accord 1985-1998  Coupe   3L-0 || 2609: Honda Accord 1997-2019  Coupe   3XL-0
29793,2,MULTI,2606/2609,3L-0/3XL-0,非皮卡,Honda,Accord,1997,,Coupe,,,3XL-0,2606: Honda Accord 1985-1998  Coupe   3L-0 || 2609: Honda Accord 1997-2019  Coupe   3XL-0
29799,2,MULTI,2606/2609,3L-0/3XL-0,非皮卡,Honda,Accord,1998,,Coupe,,,3L-0,2606: Honda Accord 1985-1998  Coupe   3L-0 || 2609: Honda Accord 1997-2019  Coupe   3XL-0
29800,2,MULTI,2606/2609,3L-0/3XL-0,非皮卡,Honda,Accord,1998,,Coupe,,,3XL-0,2606: Honda Accord 1985-1998  Coupe   3L-0 || 2609: Honda Accord 1997-2019  Coupe   3XL-0
29854,2,MULTI,2605/2612,3L/3XL,非皮卡,Honda,Accord,2007,,Sedan,,,3L,2605: Honda Accord 1985-2008  Sedan   3L || 2612: Honda Accord 2007-2015  Sedan   3XL
29855,2,MULTI,2610/2613,3L/3XL,非皮卡,Honda,Accord,2007,Type-S,Sedan,,,3L,2610: Honda Accord 2002-2008 Type-S Sedan   3L || 2613: Honda Accord 2007-2015 Type-S Sedan   3XL
29856,2,MULTI,2605/2612,3L/3XL,非皮卡,Honda,Accord,2007,,Sedan,,,3XL,2605: Honda Accord 1985-2008  Sedan   3L || 2612: Honda Accord 2007-2015  Sedan   3XL
29857,2,MULTI,2610/2613,3L/3XL,非皮卡,Honda,Accord,2007,Type-S,Sedan,,,3XL,2610: Honda Accord 2002-2008 Type-S Sedan   3L || 2613: Honda Accord 2007-2015 Type-S Sedan   3XL
29858,2,MULTI,2611/2614,3XL/3XXL,非皮卡,Honda,Accord,2007,US Market,Sedan,,,3XL,2611: Honda Accord 2002-2008 US Market Sedan   3XL || 2614: Honda Accord 2007-2015 US Market Sedan   3XXL
29861,2,MULTI,2611/2614,3XL/3XXL,非皮卡,Honda,Accord,2007,US Market,Sedan,,,3XXL,2611: Honda Accord 2002-2008 US Market Sedan   3XL || 2614: Honda Accord 2007-2015 US Market Sedan   3XXL
29864,2,MULTI,2605/2612,3L/3XL,非皮卡,Honda,Accord,2008,,Sedan,,,3L,2605: Honda Accord 1985-2008  Sedan   3L || 2612: Honda Accord 2007-2015  Sedan   3XL
29865,2,MULTI,2610/2613,3L/3XL,非皮卡,Honda,Accord,2008,Type-S,Sedan,,,3L,2610: Honda Accord 2002-2008 Type-S Sedan   3L || 2613: Honda Accord 2007-2015 Type-S Sedan   3XL
29866,2,MULTI,2605/2612,3L/3XL,非皮卡,Honda,Accord,2008,,Sedan,,,3XL,2605: Honda Accord 1985-2008  Sedan   3L || 2612: Honda Accord 2007-2015  Sedan   3XL
29867,2,MULTI,2610/2613,3L/3XL,非皮卡,Honda,Accord,2008,Type-S,Sedan,,,3XL,2610: Honda Accord 2002-2008 Type-S Sedan   3L || 2613: Honda Accord 2007-2015 Type-S Sedan   3XL
29868,2,MULTI,2611/2614,3XL/3XXL,非皮卡,Honda,Accord,2008,US Market,Sedan,,,3XL,2611: Honda Accord 2002-2008 US Market Sedan   3XL || 2614: Honda Accord 2007-2015 US Market Sedan   3XXL
29871,2,MULTI,2611/2614,3XL/3XXL,非皮卡,Honda,Accord,2008,US Market,Sedan,,,3XXL,2611: Honda Accord 2002-2008 US Market Sedan   3XL || 2614: Honda Accord 2007-2015 US Market Sedan   3XXL
29893,2,MULTI,2612/2615,3XL/3XXL,非皮卡,Honda,Accord,2012,,Sedan,,,3XL,2612: Honda Accord 2007-2015  Sedan   3XL || 2615: Honda Accord 2012-2026  Sedan   3XXL
29897,2,MULTI,2612/2615,3XL/3XXL,非皮卡,Honda,Accord,2012,,Sedan,,,3XXL,2612: Honda Accord 2007-2015  Sedan   3XL || 2615: Honda Accord 2012-2026  Sedan   3XXL
29900,2,MULTI,2612/2615,3XL/3XXL,非皮卡,Honda,Accord,2013,,Sedan,,,3XL,2612: Honda Accord 2007-2015  Sedan   3XL || 2615: Honda Accord 2012-2026  Sedan   3XXL
29904,2,MULTI,2612/2615,3XL/3XXL,非皮卡,Honda,Accord,2013,,Sedan,,,3XXL,2612: Honda Accord 2007-2015  Sedan   3XL || 2615: Honda Accord 2012-2026  Sedan   3XXL
29907,2,MULTI,2612/2615,3XL/3XXL,非皮卡,Honda,Accord,2014,,Sedan,,,3XL,2612: Honda Accord 2007-2015  Sedan   3XL || 2615: Honda Accord 2012-2026  Sedan   3XXL
29911,2,MULTI,2612/2615,3XL/3XXL,非皮卡,Honda,Accord,2014,,Sedan,,,3XXL,2612: Honda Accord 2007-2015  Sedan   3XL || 2615: Honda Accord 2012-2026  Sedan   3XXL
29912,2,MULTI,2612/2615,3XL/3XXL,非皮卡,Honda,Accord,2014,,Sedan,,,3XXL,2612: Honda Accord 2007-2015  Sedan   3XL || 2615: Honda Accord 2012-2026  Sedan   3XXL
29915,2,MULTI,2612/2615,3XL/3XXL,非皮卡,Honda,Accord,2015,,Sedan,,,3XL,2612: Honda Accord 2007-2015  Sedan   3XL || 2615: Honda Accord 2012-2026  Sedan   3XXL
29920,2,MULTI,2612/2615,3XL/3XXL,非皮卡,Honda,Accord,2015,,Sedan,,,3XXL,2612: Honda Accord 2007-2015  Sedan   3XL || 2615: Honda Accord 2012-2026  Sedan   3XXL
29921,2,MULTI,2612/2615,3XL/3XXL,非皮卡,Honda,Accord,2015,,Sedan,,,3XXL,2612: Honda Accord 2007-2015  Sedan   3XL || 2615: Honda Accord 2012-2026  Sedan   3XXL
29922,2,MULTI,2612/2615,3XL/3XXL,非皮卡,Honda,Accord,2015,,Sedan,,,3XXL,2612: Honda Accord 2007-2015  Sedan   3XL || 2615: Honda Accord 2012-2026  Sedan   3XXL
29958,2,MULTI,2616/2617,2S/无可用尺码,非皮卡,Honda,Acty,1985,,MPV,,,2S,2616: Honda Acty 1977-1985  MPV   无可用尺码 || 2617: Honda Acty 1985-1988  MPV   2S
29959,2,MULTI,2616/2617,2S/无可用尺码,非皮卡,Honda,Acty,1985,,MPV,,,无可用尺码,2616: Honda Acty 1977-1985  MPV   无可用尺码 || 2617: Honda Acty 1985-1988  MPV   2S
29962,2,MULTI,2617/2618,2S/无可用尺码,非皮卡,Honda,Acty,1988,,MPV,,,2S,2617: Honda Acty 1985-1988  MPV   2S || 2618: Honda Acty 1988-1999  MPV   无可用尺码
29963,2,MULTI,2617/2618,2S/无可用尺码,非皮卡,Honda,Acty,1988,,MPV,,,无可用尺码,2617: Honda Acty 1985-1988  MPV   2S || 2618: Honda Acty 1988-1999  MPV   无可用尺码
29975,2,MULTI,2618/2619,2S/无可用尺码,非皮卡,Honda,Acty,1999,,MPV,,,2S,2618: Honda Acty 1988-1999  MPV   无可用尺码 || 2619: Honda Acty 1999-2018  MPV   2S
29976,2,MULTI,2618/2619,2S/无可用尺码,非皮卡,Honda,Acty,1999,,MPV,,,无可用尺码,2618: Honda Acty 1988-1999  MPV   无可用尺码 || 2619: Honda Acty 1999-2018  MPV   2S
30048,2,MULTI,2625/2626,YL/YXL,非皮卡,Honda,Avancier,2020,,SUV,,,YL,2625: Honda Avancier 2016-2020  SUV   YL || 2626: Honda Avancier 2020-2026  SUV   YXL
30049,2,MULTI,2625/2626,YL/YXL,非皮卡,Honda,Avancier,2020,,SUV,,,YXL,2625: Honda Avancier 2016-2020  SUV   YL || 2626: Honda Avancier 2020-2026  SUV   YXL
30113,2,MULTI,2633/2634,YL/YM+,非皮卡,Honda,CR-V,2004,,SUV,,,YL,2633: Honda CR-V 1995-2004  SUV   YM+ || 2634: Honda CR-V 2004-2006  SUV   YL
30114,2,MULTI,2633/2634,YL/YM+,非皮卡,Honda,CR-V,2004,,SUV,,,YM+,2633: Honda CR-V 1995-2004  SUV   YM+ || 2634: Honda CR-V 2004-2006  SUV   YL
30116,2,MULTI,2634/2635,YL/YM+,非皮卡,Honda,CR-V,2006,,SUV,,,YL,2634: Honda CR-V 2004-2006  SUV   YL || 2635: Honda CR-V 2006-2023  SUV   YM+
30117,2,MULTI,2634/2635,YL/YM+,非皮卡,Honda,CR-V,2006,,SUV,,,YM+,2634: Honda CR-V 2004-2006  SUV   YL || 2635: Honda CR-V 2006-2023  SUV   YM+
30128,2,MULTI,2635/2636,YL/YM+,非皮卡,Honda,CR-V,2014,,SUV,,,YL,2635: Honda CR-V 2006-2023  SUV   YM+ || 2636: Honda CR-V 2014-2026  SUV   YL
30129,2,MULTI,2635/2636,YL/YM+,非皮卡,Honda,CR-V,2014,,SUV,,,YM+,2635: Honda CR-V 2006-2023  SUV   YM+ || 2636: Honda CR-V 2014-2026  SUV   YL
30130,2,MULTI,2635/2636,YL/YM+,非皮卡,Honda,CR-V,2015,,SUV,,,YL,2635: Honda CR-V 2006-2023  SUV   YM+ || 2636: Honda CR-V 2014-2026  SUV   YL
30131,2,MULTI,2635/2636,YL/YM+,非皮卡,Honda,CR-V,2015,,SUV,,,YM+,2635: Honda CR-V 2006-2023  SUV   YM+ || 2636: Honda CR-V 2014-2026  SUV   YL
30132,2,MULTI,2635/2636,YL/YM+,非皮卡,Honda,CR-V,2016,,SUV,,,YL,2635: Honda CR-V 2006-2023  SUV   YM+ || 2636: Honda CR-V 2014-2026  SUV   YL
30133,2,MULTI,2635/2636,YL/YM+,非皮卡,Honda,CR-V,2016,,SUV,,,YM+,2635: Honda CR-V 2006-2023  SUV   YM+ || 2636: Honda CR-V 2014-2026  SUV   YL
30134,2,MULTI,2635/2636,YL/YM+,非皮卡,Honda,CR-V,2017,,SUV,,,YL,2635: Honda CR-V 2006-2023  SUV   YM+ || 2636: Honda CR-V 2014-2026  SUV   YL
30135,2,MULTI,2635/2636,YL/YM+,非皮卡,Honda,CR-V,2017,,SUV,,,YM+,2635: Honda CR-V 2006-2023  SUV   YM+ || 2636: Honda CR-V 2014-2026  SUV   YL
30136,2,MULTI,2635/2636,YL/YM+,非皮卡,Honda,CR-V,2018,,SUV,,,YL,2635: Honda CR-V 2006-2023  SUV   YM+ || 2636: Honda CR-V 2014-2026  SUV   YL
30137,2,MULTI,2635/2636,YL/YM+,非皮卡,Honda,CR-V,2018,,SUV,,,YM+,2635: Honda CR-V 2006-2023  SUV   YM+ || 2636: Honda CR-V 2014-2026  SUV   YL
30138,2,MULTI,2635/2636,YL/YM+,非皮卡,Honda,CR-V,2019,,SUV,,,YL,2635: Honda CR-V 2006-2023  SUV   YM+ || 2636: Honda CR-V 2014-2026  SUV   YL
30139,2,MULTI,2635/2636,YL/YM+,非皮卡,Honda,CR-V,2019,,SUV,,,YM+,2635: Honda CR-V 2006-2023  SUV   YM+ || 2636: Honda CR-V 2014-2026  SUV   YL
30140,2,MULTI,2635/2636,YL/YM+,非皮卡,Honda,CR-V,2020,,SUV,,,YL,2635: Honda CR-V 2006-2023  SUV   YM+ || 2636: Honda CR-V 2014-2026  SUV   YL
30141,2,MULTI,2635/2636,YL/YM+,非皮卡,Honda,CR-V,2020,,SUV,,,YM+,2635: Honda CR-V 2006-2023  SUV   YM+ || 2636: Honda CR-V 2014-2026  SUV   YL
30142,2,MULTI,2635/2636,YL/YM+,非皮卡,Honda,CR-V,2021,,SUV,,,YL,2635: Honda CR-V 2006-2023  SUV   YM+ || 2636: Honda CR-V 2014-2026  SUV   YL
30143,2,MULTI,2635/2636,YL/YM+,非皮卡,Honda,CR-V,2021,,SUV,,,YM+,2635: Honda CR-V 2006-2023  SUV   YM+ || 2636: Honda CR-V 2014-2026  SUV   YL
30144,2,MULTI,2635/2636,YL/YM+,非皮卡,Honda,CR-V,2022,,SUV,,,YL,2635: Honda CR-V 2006-2023  SUV   YM+ || 2636: Honda CR-V 2014-2026  SUV   YL
30145,2,MULTI,2635/2636,YL/YM+,非皮卡,Honda,CR-V,2022,,SUV,,,YL,2635: Honda CR-V 2006-2023  SUV   YM+ || 2636: Honda CR-V 2014-2026  SUV   YL
30147,2,MULTI,2635/2636,YL/YM+,非皮卡,Honda,CR-V,2022,,SUV,,,YM+,2635: Honda CR-V 2006-2023  SUV   YM+ || 2636: Honda CR-V 2014-2026  SUV   YL
30148,2,MULTI,2635/2636,YL/YM+,非皮卡,Honda,CR-V,2023,,SUV,,,YL,2635: Honda CR-V 2006-2023  SUV   YM+ || 2636: Honda CR-V 2014-2026  SUV   YL
30149,2,MULTI,2635/2636,YL/YM+,非皮卡,Honda,CR-V,2023,,SUV,,,YL,2635: Honda CR-V 2006-2023  SUV   YM+ || 2636: Honda CR-V 2014-2026  SUV   YL
30151,2,MULTI,2635/2636,YL/YM+,非皮卡,Honda,CR-V,2023,,SUV,,,YM+,2635: Honda CR-V 2006-2023  SUV   YM+ || 2636: Honda CR-V 2014-2026  SUV   YL
30196,2,MULTI,2641/2642,2M/2S,非皮卡,Honda,City,1986,,Hatchback,,,2M,2641: Honda City 1981-1986  Hatchback   2S || 2642: Honda City 1986-1994  Hatchback   2M
30197,2,MULTI,2641/2642,2M/2S,非皮卡,Honda,City,1986,,Hatchback,,,2S,2641: Honda City 1981-1986  Hatchback   2S || 2642: Honda City 1986-1994  Hatchback   2M
30235,2,MULTI,2643/2645,3L/3M,非皮卡,Honda,City,2019,,Sedan,,,3L,2643: Honda City 1996-2023  Sedan   3M || 2645: Honda City 2019-2026  Sedan   3L
30236,2,MULTI,2643/2645,3L/3M,非皮卡,Honda,City,2019,,Sedan,,,3M,2643: Honda City 1996-2023  Sedan   3M || 2645: Honda City 2019-2026  Sedan   3L
30238,2,MULTI,2643/2645,3L/3M,非皮卡,Honda,City,2020,,Sedan,,,3L,2643: Honda City 1996-2023  Sedan   3M || 2645: Honda City 2019-2026  Sedan   3L
30239,2,MULTI,2643/2645,3L/3M,非皮卡,Honda,City,2020,,Sedan,,,3M,2643: Honda City 1996-2023  Sedan   3M || 2645: Honda City 2019-2026  Sedan   3L
30241,2,MULTI,2643/2645,3L/3M,非皮卡,Honda,City,2021,,Sedan,,,3L,2643: Honda City 1996-2023  Sedan   3M || 2645: Honda City 2019-2026  Sedan   3L
30242,2,MULTI,2643/2645,3L/3M,非皮卡,Honda,City,2021,,Sedan,,,3M,2643: Honda City 1996-2023  Sedan   3M || 2645: Honda City 2019-2026  Sedan   3L
30244,2,MULTI,2643/2645,3L/3M,非皮卡,Honda,City,2022,,Sedan,,,3L,2643: Honda City 1996-2023  Sedan   3M || 2645: Honda City 2019-2026  Sedan   3L
30245,2,MULTI,2643/2645,3L/3M,非皮卡,Honda,City,2022,,Sedan,,,3M,2643: Honda City 1996-2023  Sedan   3M || 2645: Honda City 2019-2026  Sedan   3L
30247,2,MULTI,2643/2645,3L/3M,非皮卡,Honda,City,2023,,Sedan,,,3L,2643: Honda City 1996-2023  Sedan   3M || 2645: Honda City 2019-2026  Sedan   3L
30248,2,MULTI,2643/2645,3L/3M,非皮卡,Honda,City,2023,,Sedan,,,3M,2643: Honda City 1996-2023  Sedan   3M || 2645: Honda City 2019-2026  Sedan   3L
30319,2,MULTI,2648/2649,3M/3S,非皮卡,Honda,Civic,1987,,Sedan,,,3M,2648: Honda Civic 1979-1987  Sedan   3S || 2649: Honda Civic 1987-2006  Sedan   3M
30320,2,MULTI,2648/2649,3M/3S,非皮卡,Honda,Civic,1987,,Sedan,,,3S,2648: Honda Civic 1979-1987  Sedan   3S || 2649: Honda Civic 1987-2006  Sedan   3M
30448,2,MULTI,2649/2656,3L/3M,非皮卡,Honda,Civic,2005,,Sedan,,,3L,2649: Honda Civic 1987-2006  Sedan   3M || 2656: Honda Civic 2005-2026  Sedan   3L
30449,2,MULTI,2649/2656,3L/3M,非皮卡,Honda,Civic,2005,,Sedan,,,3M,2649: Honda Civic 1987-2006  Sedan   3M || 2656: Honda Civic 2005-2026  Sedan   3L
30455,2,MULTI,2649/2656,3L/3M,非皮卡,Honda,Civic,2006,,Sedan,,,3L,2649: Honda Civic 1987-2006  Sedan   3M || 2656: Honda Civic 2005-2026  Sedan   3L
30456,2,MULTI,2649/2656,3L/3M,非皮卡,Honda,Civic,2006,,Sedan,,,3M,2649: Honda Civic 1987-2006  Sedan   3M || 2656: Honda Civic 2005-2026  Sedan   3L
30547,2,MULTI,2655/2658,2L+/2XL,非皮卡,Honda,Civic,2021,,Hatchback,,,2L+,2655: Honda Civic 2005-2022  Hatchback   2L+ || 2658: Honda Civic 2021-2026  Hatchback   2XL
30548,2,MULTI,2655/2658,2L+/2XL,非皮卡,Honda,Civic,2021,,Hatchback,,,2XL,2655: Honda Civic 2005-2022  Hatchback   2L+ || 2658: Honda Civic 2021-2026  Hatchback   2XL
30552,2,MULTI,2655/2658,2L+/2XL,非皮卡,Honda,Civic,2022,,Hatchback,,,2L+,2655: Honda Civic 2005-2022  Hatchback   2L+ || 2658: Honda Civic 2021-2026  Hatchback   2XL
30553,2,MULTI,2655/2658,2L+/2XL,非皮卡,Honda,Civic,2022,,Hatchback,,,2XL,2655: Honda Civic 2005-2022  Hatchback   2L+ || 2658: Honda Civic 2021-2026  Hatchback   2XL
30658,2,MULTI,2669/2670,3L/3XL,非皮卡,Honda,Crider,2018,,Sedan,,,3L,2669: Honda Crider 2013-2018  Sedan   3L || 2670: Honda Crider 2018-2026  Sedan   3XL
30659,2,MULTI,2669/2670,3L/3XL,非皮卡,Honda,Crider,2018,,Sedan,,,3XL,2669: Honda Crider 2013-2018  Sedan   3L || 2670: Honda Crider 2018-2026  Sedan   3XL
30953,2,MULTI,2694/2695,3L/3XL,非皮卡,Honda,Inspire,1992,,Sedan,,,3L,2694: Honda Inspire 1989-1992  Sedan   3L || 2695: Honda Inspire 1992-2010  Sedan   3XL
30954,2,MULTI,2694/2695,3L/3XL,非皮卡,Honda,Inspire,1992,,Sedan,,,3XL,2694: Honda Inspire 1989-1992  Sedan   3L || 2695: Honda Inspire 1992-2010  Sedan   3XL
30978,2,MULTI,2695/2696,3XL/3XXL,非皮卡,Honda,Inspire,2010,,Sedan,,,3XL,2695: Honda Inspire 1992-2010  Sedan   3XL || 2696: Honda Inspire 2010-2012  Sedan   3XXL
30979,2,MULTI,2695/2696,3XL/3XXL,非皮卡,Honda,Inspire,2010,,Sedan,,,3XXL,2695: Honda Inspire 1992-2010  Sedan   3XL || 2696: Honda Inspire 2010-2012  Sedan   3XXL
31016,2,MULTI,2699/2701,3L/3M,非皮卡,Honda,Integra,1993,,Sedan,,,3L,2699: Honda Integra 1985-1993  Sedan   3M || 2701: Honda Integra 1993-2001  Sedan   3L
31017,2,MULTI,2699/2701,3L/3M,非皮卡,Honda,Integra,1993,,Sedan,,,3M,2699: Honda Integra 1985-1993  Sedan   3M || 2701: Honda Integra 1993-2001  Sedan   3L
31134,2,MULTI,2709/2711,3XL/3XXL,非皮卡,Honda,Legend,1990,,Sedan,,,3XL,2709: Honda Legend 1985-1990  Sedan   3XL || 2711: Honda Legend 1990-2012  Sedan   3XXL
31137,2,MULTI,2709/2711,3XL/3XXL,非皮卡,Honda,Legend,1990,,Sedan,,,3XXL,2709: Honda Legend 1985-1990  Sedan   3XL || 2711: Honda Legend 1990-2012  Sedan   3XXL
31256,2,MULTI,2720/2721,2S/无可用尺码,非皮卡,Honda,N-BOX,2015,,MPV,,,2S,2720: Honda N-BOX 2011-2015  MPV   2S || 2721: Honda N-BOX 2015-2026  MPV   无可用尺码
31257,2,MULTI,2720/2721,2S/无可用尺码,非皮卡,Honda,N-BOX,2015,,MPV,,,无可用尺码,2720: Honda N-BOX 2011-2015  MPV   2S || 2721: Honda N-BOX 2015-2026  MPV   无可用尺码
31366,2,MULTI,2730/2731,2XL/2XXL-525,非皮卡,Honda,Odyssey,1999,,MPV,,,2XL,2730: Honda Odyssey 1994-1999  MPV   2XL || 2731: Honda Odyssey 1999-2001  MPV   2XXL-525
31367,2,MULTI,2730/2731,2XL/2XXL-525,非皮卡,Honda,Odyssey,1999,,MPV,,,2XXL-525,2730: Honda Odyssey 1994-1999  MPV   2XL || 2731: Honda Odyssey 1999-2001  MPV   2XXL-525
31369,2,MULTI,2731/2732,2XL/2XXL-525,非皮卡,Honda,Odyssey,2001,,MPV,,,2XL,2731: Honda Odyssey 1999-2001  MPV   2XXL-525 || 2732: Honda Odyssey 2001-2003  MPV   2XL
31370,2,MULTI,2731/2732,2XL/2XXL-525,非皮卡,Honda,Odyssey,2001,,MPV,,,2XXL-525,2731: Honda Odyssey 1999-2001  MPV   2XXL-525 || 2732: Honda Odyssey 2001-2003  MPV   2XL
31372,2,MULTI,2732/2733,2XL/2XXL-525,非皮卡,Honda,Odyssey,2003,,MPV,,,2XL,2732: Honda Odyssey 2001-2003  MPV   2XL || 2733: Honda Odyssey 2003-2008  MPV   2XXL-525
31373,2,MULTI,2732/2733,2XL/2XXL-525,非皮卡,Honda,Odyssey,2003,,MPV,,,2XXL-525,2732: Honda Odyssey 2001-2003  MPV   2XL || 2733: Honda Odyssey 2003-2008  MPV   2XXL-525
31378,2,MULTI,2733/2734,2XL/2XXL-525,非皮卡,Honda,Odyssey,2008,,MPV,,,2XL,2733: Honda Odyssey 2003-2008  MPV   2XXL-525 || 2734: Honda Odyssey 2008-2013  MPV   2XL
31379,2,MULTI,2733/2734,2XL/2XXL-525,非皮卡,Honda,Odyssey,2008,,MPV,,,2XXL-525,2733: Honda Odyssey 2003-2008  MPV   2XXL-525 || 2734: Honda Odyssey 2008-2013  MPV   2XL
31384,2,MULTI,2734/2735,2XL/2XL+,非皮卡,Honda,Odyssey,2013,,MPV,,,2XL,2734: Honda Odyssey 2008-2013  MPV   2XL || 2735: Honda Odyssey 2013-2026  MPV   2XL+
31385,2,MULTI,2734/2735,2XL/2XL+,非皮卡,Honda,Odyssey,2013,,MPV,,,2XL+,2734: Honda Odyssey 2008-2013  MPV   2XL || 2735: Honda Odyssey 2013-2026  MPV   2XL+
31405,2,MULTI,2736/2737,2XL/2XXL-525,非皮卡,Honda,Odyssey (North America),1998,,MPV,,,2XL,2736: Honda Odyssey (North America) 1994-1998  MPV   2XL || 2737: Honda Odyssey (North America) 1998-2026  MPV   2XXL-525
31406,2,MULTI,2736/2737,2XL/2XXL-525,非皮卡,Honda,Odyssey (North America),1998,,MPV,,,2XXL-525,2736: Honda Odyssey (North America) 1994-1998  MPV   2XL || 2737: Honda Odyssey (North America) 1998-2026  MPV   2XXL-525
31458,2,MULTI,2739/2740,2L+/2XL,非皮卡,Honda,Partner,2006,,Wagon,,,2L+,2739: Honda Partner 1996-2006  Wagon   2XL || 2740: Honda Partner 2006-2010  Wagon   2L+
31459,2,MULTI,2739/2740,2L+/2XL,非皮卡,Honda,Partner,2006,,Wagon,,,2XL,2739: Honda Partner 1996-2006  Wagon   2XL || 2740: Honda Partner 2006-2010  Wagon   2L+
31468,2,MULTI,2741/2742,YL/YM+,非皮卡,Honda,Passport,1997,,SUV,,,YL,2741: Honda Passport 1993-1997  SUV   YM+ || 2742: Honda Passport 1997-2002  SUV   YL
31469,2,MULTI,2741/2742,YL/YM+,非皮卡,Honda,Passport,1997,,SUV,,,YM+,2741: Honda Passport 1993-1997  SUV   YM+ || 2742: Honda Passport 1997-2002  SUV   YL
31477,2,MULTI,2743/2744,YL/YXL,非皮卡,Honda,Passport,2021,,SUV,,,YL,2743: Honda Passport 2019-2021  SUV   YXL || 2744: Honda Passport 2021-2026  SUV   YL
31478,2,MULTI,2743/2744,YL/YXL,非皮卡,Honda,Passport,2021,,SUV,,,YXL,2743: Honda Passport 2019-2021  SUV   YXL || 2744: Honda Passport 2021-2026  SUV   YL
31482,2,MULTI,2744/2745,YL/YXL,非皮卡,Honda,Passport,2025,,SUV,,,YL,2744: Honda Passport 2021-2026  SUV   YL || 2745: Honda Passport 2025-2026  SUV   YXL
31483,2,MULTI,2744/2745,YL/YXL,非皮卡,Honda,Passport,2025,,SUV,,,YXL,2744: Honda Passport 2021-2026  SUV   YL || 2745: Honda Passport 2025-2026  SUV   YXL
31484,2,MULTI,2744/2745,YL/YXL,非皮卡,Honda,Passport,2026,,SUV,,,YL,2744: Honda Passport 2021-2026  SUV   YL || 2745: Honda Passport 2025-2026  SUV   YXL
31485,2,MULTI,2744/2745,YL/YXL,非皮卡,Honda,Passport,2026,,SUV,,,YXL,2744: Honda Passport 2021-2026  SUV   YL || 2745: Honda Passport 2025-2026  SUV   YXL
31493,2,MULTI,2746/2747,YL/YXL,非皮卡,Honda,Pilot,2008,,SUV,,,YL,2746: Honda Pilot 2002-2008  SUV   YL || 2747: Honda Pilot 2008-2025  SUV   YXL
31494,2,MULTI,2746/2747,YL/YXL,非皮卡,Honda,Pilot,2008,,SUV,,,YXL,2746: Honda Pilot 2002-2008  SUV   YL || 2747: Honda Pilot 2008-2025  SUV   YXL
31531,2,MULTI,2750/2751,3L-0/3M-0,非皮卡,Honda,Prelude,1989,,Coupe,,,3L-0,2750: Honda Prelude 1983-1989  Coupe   3M-0 || 2751: Honda Prelude 1989-1991  Coupe   3L-0
31532,2,MULTI,2750/2751,3L-0/3M-0,非皮卡,Honda,Prelude,1989,,Coupe,,,3M-0,2750: Honda Prelude 1983-1989  Coupe   3M-0 || 2751: Honda Prelude 1989-1991  Coupe   3L-0
31534,2,MULTI,2751/2752,3L-0/3M-0,非皮卡,Honda,Prelude,1991,,Coupe,,,3L-0,2751: Honda Prelude 1989-1991  Coupe   3L-0 || 2752: Honda Prelude 1991-1996  Coupe   3M-0
31535,2,MULTI,2751/2752,3L-0/3M-0,非皮卡,Honda,Prelude,1991,,Coupe,,,3M-0,2751: Honda Prelude 1989-1991  Coupe   3L-0 || 2752: Honda Prelude 1991-1996  Coupe   3M-0
31540,2,MULTI,2752/2753,3L-0/3M-0,非皮卡,Honda,Prelude,1996,,Coupe,,,3L-0,2752: Honda Prelude 1991-1996  Coupe   3M-0 || 2753: Honda Prelude 1996-2001  Coupe   3L-0
31541,2,MULTI,2752/2753,3L-0/3M-0,非皮卡,Honda,Prelude,1996,,Coupe,,,3M-0,2752: Honda Prelude 1991-1996  Coupe   3M-0 || 2753: Honda Prelude 1996-2001  Coupe   3L-0
31696,2,MULTI,2769/2770,2XL/2XL+,非皮卡,Honda,Stepwgn,2022,Spada,MPV,,,2XL,2769: Honda Stepwgn 2003-2022 Spada MPV   2XL || 2770: Honda Stepwgn 2022-2026 Spada MPV   2XL+
31697,2,MULTI,2769/2770,2XL/2XL+,非皮卡,Honda,Stepwgn,2022,Spada,MPV,,,2XL+,2769: Honda Stepwgn 2003-2022 Spada MPV   2XL || 2770: Honda Stepwgn 2022-2026 Spada MPV   2XL+
31778,2,MULTI,2778/2779,YL/YXL,非皮卡,Honda,UR-V,2020,,SUV,,,YL,2778: Honda UR-V 2017-2020  SUV   YL || 2779: Honda UR-V 2020-2026  SUV   YXL
31779,2,MULTI,2778/2779,YL/YXL,非皮卡,Honda,UR-V,2020,,SUV,,,YXL,2778: Honda UR-V 2017-2020  SUV   YL || 2779: Honda UR-V 2020-2026  SUV   YXL
32227,2,MULTI,2849/2851,2L+/2M,非皮卡,Hyundai,Accent,1999,,Hatchback,,,2L+,2849: Hyundai Accent 1994-2000  Hatchback   2M || 2851: Hyundai Accent 1999-2012  Hatchback   2L+
32228,2,MULTI,2849/2851,2L+/2M,非皮卡,Hyundai,Accent,1999,,Hatchback,,,2M,2849: Hyundai Accent 1994-2000  Hatchback   2M || 2851: Hyundai Accent 1999-2012  Hatchback   2L+
32229,2,MULTI,2850/2852,3M/3S,非皮卡,Hyundai,Accent,1999,,Sedan,,,3M,2850: Hyundai Accent 1994-2000  Sedan   3S || 2852: Hyundai Accent 1999-2022  Sedan   3M
32230,2,MULTI,2850/2852,3M/3S,非皮卡,Hyundai,Accent,1999,,Sedan,,,3S,2850: Hyundai Accent 1994-2000  Sedan   3S || 2852: Hyundai Accent 1999-2022  Sedan   3M
32231,2,MULTI,2849/2851,2L+/2M,非皮卡,Hyundai,Accent,2000,,Hatchback,,,2L+,2849: Hyundai Accent 1994-2000  Hatchback   2M || 2851: Hyundai Accent 1999-2012  Hatchback   2L+
32232,2,MULTI,2849/2851,2L+/2M,非皮卡,Hyundai,Accent,2000,,Hatchback,,,2M,2849: Hyundai Accent 1994-2000  Hatchback   2M || 2851: Hyundai Accent 1999-2012  Hatchback   2L+
32233,2,MULTI,2850/2852,3M/3S,非皮卡,Hyundai,Accent,2000,,Sedan,,,3M,2850: Hyundai Accent 1994-2000  Sedan   3S || 2852: Hyundai Accent 1999-2022  Sedan   3M
32234,2,MULTI,2850/2852,3M/3S,非皮卡,Hyundai,Accent,2000,,Sedan,,,3S,2850: Hyundai Accent 1994-2000  Sedan   3S || 2852: Hyundai Accent 1999-2022  Sedan   3M
32253,2,MULTI,2851/2853,2L+/2M,非皮卡,Hyundai,Accent,2006,,Hatchback,,,2L+,2851: Hyundai Accent 1999-2012  Hatchback   2L+ || 2853: Hyundai Accent 2006-2019  Hatchback   2M
32254,2,MULTI,2851/2853,2L+/2M,非皮卡,Hyundai,Accent,2006,,Hatchback,,,2M,2851: Hyundai Accent 1999-2012  Hatchback   2L+ || 2853: Hyundai Accent 2006-2019  Hatchback   2M
32257,2,MULTI,2851/2853,2L+/2M,非皮卡,Hyundai,Accent,2007,,Hatchback,,,2L+,2851: Hyundai Accent 1999-2012  Hatchback   2L+ || 2853: Hyundai Accent 2006-2019  Hatchback   2M
32258,2,MULTI,2851/2853,2L+/2M,非皮卡,Hyundai,Accent,2007,,Hatchback,,,2M,2851: Hyundai Accent 1999-2012  Hatchback   2L+ || 2853: Hyundai Accent 2006-2019  Hatchback   2M
32261,2,MULTI,2851/2853,2L+/2M,非皮卡,Hyundai,Accent,2008,,Hatchback,,,2L+,2851: Hyundai Accent 1999-2012  Hatchback   2L+ || 2853: Hyundai Accent 2006-2019  Hatchback   2M
32262,2,MULTI,2851/2853,2L+/2M,非皮卡,Hyundai,Accent,2008,,Hatchback,,,2M,2851: Hyundai Accent 1999-2012  Hatchback   2L+ || 2853: Hyundai Accent 2006-2019  Hatchback   2M
32265,2,MULTI,2851/2853,2L+/2M,非皮卡,Hyundai,Accent,2009,,Hatchback,,,2L+,2851: Hyundai Accent 1999-2012  Hatchback   2L+ || 2853: Hyundai Accent 2006-2019  Hatchback   2M
32266,2,MULTI,2851/2853,2L+/2M,非皮卡,Hyundai,Accent,2009,,Hatchback,,,2M,2851: Hyundai Accent 1999-2012  Hatchback   2L+ || 2853: Hyundai Accent 2006-2019  Hatchback   2M
32269,2,MULTI,2851/2853,2L+/2M,非皮卡,Hyundai,Accent,2010,,Hatchback,,,2L+,2851: Hyundai Accent 1999-2012  Hatchback   2L+ || 2853: Hyundai Accent 2006-2019  Hatchback   2M
32270,2,MULTI,2851/2853,2L+/2M,非皮卡,Hyundai,Accent,2010,,Hatchback,,,2M,2851: Hyundai Accent 1999-2012  Hatchback   2L+ || 2853: Hyundai Accent 2006-2019  Hatchback   2M
32271,2,MULTI,2851/2853,2L+/2M,非皮卡,Hyundai,Accent,2010,,Hatchback,,,2M,2851: Hyundai Accent 1999-2012  Hatchback   2L+ || 2853: Hyundai Accent 2006-2019  Hatchback   2M
32275,2,MULTI,2851/2853,2L+/2M,非皮卡,Hyundai,Accent,2011,,Hatchback,,,2L+,2851: Hyundai Accent 1999-2012  Hatchback   2L+ || 2853: Hyundai Accent 2006-2019  Hatchback   2M
32276,2,MULTI,2851/2853,2L+/2M,非皮卡,Hyundai,Accent,2011,,Hatchback,,,2M,2851: Hyundai Accent 1999-2012  Hatchback   2L+ || 2853: Hyundai Accent 2006-2019  Hatchback   2M
32277,2,MULTI,2851/2853,2L+/2M,非皮卡,Hyundai,Accent,2011,,Hatchback,,,2M,2851: Hyundai Accent 1999-2012  Hatchback   2L+ || 2853: Hyundai Accent 2006-2019  Hatchback   2M
32281,2,MULTI,2851/2853,2L+/2M,非皮卡,Hyundai,Accent,2012,,Hatchback,,,2L+,2851: Hyundai Accent 1999-2012  Hatchback   2L+ || 2853: Hyundai Accent 2006-2019  Hatchback   2M
32282,2,MULTI,2851/2853,2L+/2M,非皮卡,Hyundai,Accent,2012,,Hatchback,,,2M,2851: Hyundai Accent 1999-2012  Hatchback   2L+ || 2853: Hyundai Accent 2006-2019  Hatchback   2M
32351,2,MULTI,2859/2861,3L/3M,非皮卡,Hyundai,Avante,2003,,Sedan,,,3L,2859: Hyundai Avante 1995-2003  Sedan   3M || 2861: Hyundai Avante 2003-2006  Sedan   3L
32353,2,MULTI,2859/2861,3L/3M,非皮卡,Hyundai,Avante,2003,,Sedan,,,3M,2859: Hyundai Avante 1995-2003  Sedan   3M || 2861: Hyundai Avante 2003-2006  Sedan   3L
32356,2,MULTI,2861/2862,3L/3M,非皮卡,Hyundai,Avante,2006,,Sedan,,,3L,2861: Hyundai Avante 2003-2006  Sedan   3L || 2862: Hyundai Avante 2006-2010  Sedan   3M
32357,2,MULTI,2861/2862,3L/3M,非皮卡,Hyundai,Avante,2006,,Sedan,,,3M,2861: Hyundai Avante 2003-2006  Sedan   3L || 2862: Hyundai Avante 2006-2010  Sedan   3M
32361,2,MULTI,2862/2863,3L/3M,非皮卡,Hyundai,Avante,2010,,Sedan,,,3L,2862: Hyundai Avante 2006-2010  Sedan   3M || 2863: Hyundai Avante 2010-2023  Sedan   3L
32363,2,MULTI,2862/2863,3L/3M,非皮卡,Hyundai,Avante,2010,,Sedan,,,3M,2862: Hyundai Avante 2006-2010  Sedan   3M || 2863: Hyundai Avante 2010-2023  Sedan   3L
32384,2,MULTI,2863/2865,3L/3XL,非皮卡,Hyundai,Avante,2023,,Sedan,,,3L,2863: Hyundai Avante 2010-2023  Sedan   3L || 2865: Hyundai Avante 2023-2026  Sedan   3XL
32385,2,MULTI,2863/2865,3L/3XL,非皮卡,Hyundai,Avante,2023,,Sedan,,,3XL,2863: Hyundai Avante 2010-2023  Sedan   3L || 2865: Hyundai Avante 2023-2026  Sedan   3XL
32393,2,MULTI,2866/2867,3L/3XL,非皮卡,Hyundai,Avante N,2023,,Sedan,,,3L,2866: Hyundai Avante N 2020-2023  Sedan   3L || 2867: Hyundai Avante N 2023-2026  Sedan   3XL
32394,2,MULTI,2866/2867,3L/3XL,非皮卡,Hyundai,Avante N,2023,,Sedan,,,3XL,2866: Hyundai Avante N 2020-2023  Sedan   3L || 2867: Hyundai Avante N 2023-2026  Sedan   3XL
32563,2,MULTI,2883/2884,3L/3M,非皮卡,Hyundai,Elantra,2003,,Liftback,,,3L,2883: Hyundai Elantra 2000-2003  Liftback   3M || 2884: Hyundai Elantra 2003-2010  Liftback   3L
32564,2,MULTI,2883/2884,3L/3M,非皮卡,Hyundai,Elantra,2003,,Liftback,,,3M,2883: Hyundai Elantra 2000-2003  Liftback   3M || 2884: Hyundai Elantra 2003-2010  Liftback   3L
32590,2,MULTI,2881/2886,3L/3M,非皮卡,Hyundai,Elantra,2010,,Sedan,,,3L,2881: Hyundai Elantra 1990-2011  Sedan   3M || 2886: Hyundai Elantra 2010-2023  Sedan   3L
32592,2,MULTI,2881/2886,3L/3M,非皮卡,Hyundai,Elantra,2010,,Sedan,,,3M,2881: Hyundai Elantra 1990-2011  Sedan   3M || 2886: Hyundai Elantra 2010-2023  Sedan   3L
32593,2,MULTI,2881/2886,3L/3M,非皮卡,Hyundai,Elantra,2010,,Sedan,,,3M,2881: Hyundai Elantra 1990-2011  Sedan   3M || 2886: Hyundai Elantra 2010-2023  Sedan   3L
32596,2,MULTI,2881/2886,3L/3M,非皮卡,Hyundai,Elantra,2011,,Sedan,,,3L,2881: Hyundai Elantra 1990-2011  Sedan   3M || 2886: Hyundai Elantra 2010-2023  Sedan   3L
32598,2,MULTI,2881/2886,3L/3M,非皮卡,Hyundai,Elantra,2011,,Sedan,,,3M,2881: Hyundai Elantra 1990-2011  Sedan   3M || 2886: Hyundai Elantra 2010-2023  Sedan   3L
32639,2,MULTI,2886/2888,3L/3XL,非皮卡,Hyundai,Elantra,2023,,Sedan,,,3L,2886: Hyundai Elantra 2010-2023  Sedan   3L || 2888: Hyundai Elantra 2023-2026  Sedan   3XL
32640,2,MULTI,2886/2888,3L/3XL,非皮卡,Hyundai,Elantra,2023,,Sedan,,,3XL,2886: Hyundai Elantra 2010-2023  Sedan   3L || 2888: Hyundai Elantra 2023-2026  Sedan   3XL
32646,2,MULTI,2889/2890,3L/3XL,非皮卡,Hyundai,Elantra N,2023,,Sedan,,,3L,2889: Hyundai Elantra N 2021-2023  Sedan   3L || 2890: Hyundai Elantra N 2023-2026  Sedan   3XL
32647,2,MULTI,2889/2890,3L/3XL,非皮卡,Hyundai,Elantra N,2023,,Sedan,,,3XL,2889: Hyundai Elantra N 2021-2023  Sedan   3L || 2890: Hyundai Elantra N 2023-2026  Sedan   3XL
32835,2,MULTI,2905/2906,3XL/3XXL,非皮卡,Hyundai,Grandeur,1992,,Sedan,,,3XL,2905: Hyundai Grandeur 1986-1992  Sedan   3XL || 2906: Hyundai Grandeur 1992-1998  Sedan   3XXL
32836,2,MULTI,2905/2906,3XL/3XXL,非皮卡,Hyundai,Grandeur,1992,,Sedan,,,3XXL,2905: Hyundai Grandeur 1986-1992  Sedan   3XL || 2906: Hyundai Grandeur 1992-1998  Sedan   3XXL
32842,2,MULTI,2906/2907,3XL/3XXL,非皮卡,Hyundai,Grandeur,1998,,Sedan,,,3XL,2906: Hyundai Grandeur 1992-1998  Sedan   3XXL || 2907: Hyundai Grandeur 1998-2005  Sedan   3XL
32843,2,MULTI,2906/2907,3XL/3XXL,非皮卡,Hyundai,Grandeur,1998,,Sedan,,,3XXL,2906: Hyundai Grandeur 1992-1998  Sedan   3XXL || 2907: Hyundai Grandeur 1998-2005  Sedan   3XL
32851,2,MULTI,2907/2908,3XL/3XXL,非皮卡,Hyundai,Grandeur,2005,,Sedan,,,3XL,2907: Hyundai Grandeur 1998-2005  Sedan   3XL || 2908: Hyundai Grandeur 2005-2026  Sedan   3XXL
32852,2,MULTI,2907/2908,3XL/3XXL,非皮卡,Hyundai,Grandeur,2005,,Sedan,,,3XXL,2907: Hyundai Grandeur 1998-2005  Sedan   3XL || 2908: Hyundai Grandeur 2005-2026  Sedan   3XXL
32897,2,MULTI,2910/2911,2XL/2XL-200,非皮卡,Hyundai,H-1,2004,,Van,,,2XL,2910: Hyundai H-1 1997-2004  Van   2XL || 2911: Hyundai H-1 2004-2007  Van   2XL-200
32898,2,MULTI,2910/2911,2XL/2XL-200,非皮卡,Hyundai,H-1,2004,,Van,,,2XL-200,2910: Hyundai H-1 1997-2004  Van   2XL || 2911: Hyundai H-1 2004-2007  Van   2XL-200
32903,2,MULTI,2909/2912,2XL/2XXL-525,非皮卡,Hyundai,H-1,2007,,MPV,,,2XL,2909: Hyundai H-1 1997-2007  MPV   2XL || 2912: Hyundai H-1 2007-2021  MPV   2XXL-525
32904,2,MULTI,2911/2913,2XL-200/2XXL-525,非皮卡,Hyundai,H-1,2007,,Van,,,2XL-200,2911: Hyundai H-1 2004-2007  Van   2XL-200 || 2913: Hyundai H-1 2007-2021  Van   2XXL-525
32905,2,MULTI,2909/2912,2XL/2XXL-525,非皮卡,Hyundai,H-1,2007,,MPV,,,2XXL-525,2909: Hyundai H-1 1997-2007  MPV   2XL || 2912: Hyundai H-1 2007-2021  MPV   2XXL-525
32906,2,MULTI,2911/2913,2XL-200/2XXL-525,非皮卡,Hyundai,H-1,2007,,Van,,,2XXL-525,2911: Hyundai H-1 2004-2007  Van   2XL-200 || 2913: Hyundai H-1 2007-2021  Van   2XXL-525
33026,2,MULTI,2921/2922,3XL/3XXL,非皮卡,Hyundai,IONIQ 6,2025,,Fastback,,,3XL,2921: Hyundai IONIQ 6 2022-2025  Fastback   3XL || 2922: Hyundai IONIQ 6 2025-2026  Fastback   3XXL
33027,2,MULTI,2921/2922,3XL/3XXL,非皮卡,Hyundai,IONIQ 6,2025,,Fastback,,,3XXL,2921: Hyundai IONIQ 6 2022-2025  Fastback   3XL || 2922: Hyundai IONIQ 6 2025-2026  Fastback   3XXL
33182,2,MULTI,2941/2942,3M/3S,非皮卡,Hyundai,Pony,1989,,Sedan,,,3M,2941: Hyundai Pony 1985-1989  Sedan   3S || 2942: Hyundai Pony 1989-1994  Sedan   3M
33183,2,MULTI,2941/2942,3M/3S,非皮卡,Hyundai,Pony,1989,,Sedan,,,3S,2941: Hyundai Pony 1985-1989  Sedan   3S || 2942: Hyundai Pony 1989-1994  Sedan   3M
33205,2,MULTI,2944/2945,YL/YM+,非皮卡,Hyundai,Santa Fe,2005,,SUV,,,YL,2944: Hyundai Santa Fe 2000-2006  SUV   YM+ || 2945: Hyundai Santa Fe 2005-2024  SUV   YL
33206,2,MULTI,2944/2945,YL/YM+,非皮卡,Hyundai,Santa Fe,2005,,SUV,,,YM+,2944: Hyundai Santa Fe 2000-2006  SUV   YM+ || 2945: Hyundai Santa Fe 2005-2024  SUV   YL
33207,2,MULTI,2944/2945,YL/YM+,非皮卡,Hyundai,Santa Fe,2006,,SUV,,,YL,2944: Hyundai Santa Fe 2000-2006  SUV   YM+ || 2945: Hyundai Santa Fe 2005-2024  SUV   YL
33208,2,MULTI,2944/2945,YL/YM+,非皮卡,Hyundai,Santa Fe,2006,,SUV,,,YM+,2944: Hyundai Santa Fe 2000-2006  SUV   YM+ || 2945: Hyundai Santa Fe 2005-2024  SUV   YL
33243,2,MULTI,2945/2948,YL/YXL,非皮卡,Hyundai,Santa Fe,2019,,SUV,,,YL,2945: Hyundai Santa Fe 2005-2024  SUV   YL || 2948: Hyundai Santa Fe 2019-2026  SUV   YXL
33244,2,MULTI,2945/2948,YL/YXL,非皮卡,Hyundai,Santa Fe,2019,,SUV,,,YXL,2945: Hyundai Santa Fe 2005-2024  SUV   YL || 2948: Hyundai Santa Fe 2019-2026  SUV   YXL
33245,2,MULTI,2945/2948,YL/YXL,非皮卡,Hyundai,Santa Fe,2020,,SUV,,,YL,2945: Hyundai Santa Fe 2005-2024  SUV   YL || 2948: Hyundai Santa Fe 2019-2026  SUV   YXL
33246,2,MULTI,2945/2948,YL/YXL,非皮卡,Hyundai,Santa Fe,2020,,SUV,,,YL,2945: Hyundai Santa Fe 2005-2024  SUV   YL || 2948: Hyundai Santa Fe 2019-2026  SUV   YXL
33247,2,MULTI,2945/2948,YL/YXL,非皮卡,Hyundai,Santa Fe,2020,,SUV,,,YXL,2945: Hyundai Santa Fe 2005-2024  SUV   YL || 2948: Hyundai Santa Fe 2019-2026  SUV   YXL
33248,2,MULTI,2945/2948,YL/YXL,非皮卡,Hyundai,Santa Fe,2021,,SUV,,,YL,2945: Hyundai Santa Fe 2005-2024  SUV   YL || 2948: Hyundai Santa Fe 2019-2026  SUV   YXL
33249,2,MULTI,2945/2948,YL/YXL,非皮卡,Hyundai,Santa Fe,2021,,SUV,,,YL,2945: Hyundai Santa Fe 2005-2024  SUV   YL || 2948: Hyundai Santa Fe 2019-2026  SUV   YXL
33250,2,MULTI,2945/2948,YL/YXL,非皮卡,Hyundai,Santa Fe,2021,,SUV,,,YXL,2945: Hyundai Santa Fe 2005-2024  SUV   YL || 2948: Hyundai Santa Fe 2019-2026  SUV   YXL
33251,2,MULTI,2945/2948,YL/YXL,非皮卡,Hyundai,Santa Fe,2022,,SUV,,,YL,2945: Hyundai Santa Fe 2005-2024  SUV   YL || 2948: Hyundai Santa Fe 2019-2026  SUV   YXL
33252,2,MULTI,2945/2948,YL/YXL,非皮卡,Hyundai,Santa Fe,2022,,SUV,,,YXL,2945: Hyundai Santa Fe 2005-2024  SUV   YL || 2948: Hyundai Santa Fe 2019-2026  SUV   YXL
33253,2,MULTI,2945/2948,YL/YXL,非皮卡,Hyundai,Santa Fe,2022,,SUV,,,YXL,2945: Hyundai Santa Fe 2005-2024  SUV   YL || 2948: Hyundai Santa Fe 2019-2026  SUV   YXL
33254,2,MULTI,2945/2948,YL/YXL,非皮卡,Hyundai,Santa Fe,2023,,SUV,,,YL,2945: Hyundai Santa Fe 2005-2024  SUV   YL || 2948: Hyundai Santa Fe 2019-2026  SUV   YXL
33255,2,MULTI,2945/2948,YL/YXL,非皮卡,Hyundai,Santa Fe,2023,,SUV,,,YXL,2945: Hyundai Santa Fe 2005-2024  SUV   YL || 2948: Hyundai Santa Fe 2019-2026  SUV   YXL
33256,2,MULTI,2945/2948,YL/YXL,非皮卡,Hyundai,Santa Fe,2023,,SUV,,,YXL,2945: Hyundai Santa Fe 2005-2024  SUV   YL || 2948: Hyundai Santa Fe 2019-2026  SUV   YXL
33257,2,MULTI,2945/2948,YL/YXL,非皮卡,Hyundai,Santa Fe,2024,,SUV,,,YL,2945: Hyundai Santa Fe 2005-2024  SUV   YL || 2948: Hyundai Santa Fe 2019-2026  SUV   YXL
33258,2,MULTI,2945/2948,YL/YXL,非皮卡,Hyundai,Santa Fe,2024,,SUV,,,YXL,2945: Hyundai Santa Fe 2005-2024  SUV   YL || 2948: Hyundai Santa Fe 2019-2026  SUV   YXL
33259,2,MULTI,2945/2948,YL/YXL,非皮卡,Hyundai,Santa Fe,2024,,SUV,,,YXL,2945: Hyundai Santa Fe 2005-2024  SUV   YL || 2948: Hyundai Santa Fe 2019-2026  SUV   YXL
33339,2,MULTI,2955/2956,3L/3XL,非皮卡,Hyundai,Sonata,1998,,Sedan,,,3L,2955: Hyundai Sonata 1988-1998  Sedan   3L || 2956: Hyundai Sonata 1998-2020  Sedan   3XL
33340,2,MULTI,2955/2956,3L/3XL,非皮卡,Hyundai,Sonata,1998,,Sedan,,,3XL,2955: Hyundai Sonata 1988-1998  Sedan   3L || 2956: Hyundai Sonata 1998-2020  Sedan   3XL
33376,2,MULTI,2956/2957,3XL/3XXL,非皮卡,Hyundai,Sonata,2019,,Sedan,,,3XL,2956: Hyundai Sonata 1998-2020  Sedan   3XL || 2957: Hyundai Sonata 2019-2026  Sedan   3XXL
33377,2,MULTI,2956/2957,3XL/3XXL,非皮卡,Hyundai,Sonata,2019,,Sedan,,,3XXL,2956: Hyundai Sonata 1998-2020  Sedan   3XL || 2957: Hyundai Sonata 2019-2026  Sedan   3XXL
33378,2,MULTI,2956/2957,3XL/3XXL,非皮卡,Hyundai,Sonata,2020,,Sedan,,,3XL,2956: Hyundai Sonata 1998-2020  Sedan   3XL || 2957: Hyundai Sonata 2019-2026  Sedan   3XXL
33379,2,MULTI,2956/2957,3XL/3XXL,非皮卡,Hyundai,Sonata,2020,,Sedan,,,3XXL,2956: Hyundai Sonata 1998-2020  Sedan   3XL || 2957: Hyundai Sonata 2019-2026  Sedan   3XXL
33403,2,MULTI,2959/2960,2XL/2XL-200,非皮卡,Hyundai,Starex,2003,,Van,,,2XL,2959: Hyundai Starex 1997-2004  Van   2XL || 2960: Hyundai Starex 2003-2007  Van   2XL-200
33404,2,MULTI,2959/2960,2XL/2XL-200,非皮卡,Hyundai,Starex,2003,,Van,,,2XL-200,2959: Hyundai Starex 1997-2004  Van   2XL || 2960: Hyundai Starex 2003-2007  Van   2XL-200
33407,2,MULTI,2959/2960,2XL/2XL-200,非皮卡,Hyundai,Starex,2004,,Van,,,2XL,2959: Hyundai Starex 1997-2004  Van   2XL || 2960: Hyundai Starex 2003-2007  Van   2XL-200
33408,2,MULTI,2959/2960,2XL/2XL-200,非皮卡,Hyundai,Starex,2004,,Van,,,2XL-200,2959: Hyundai Starex 1997-2004  Van   2XL || 2960: Hyundai Starex 2003-2007  Van   2XL-200
33508,2,MULTI,2968/2969,YL/YM+,非皮卡,Hyundai,Tucson,2020,,SUV,,,YL,2968: Hyundai Tucson 2004-2021  SUV   YM+ || 2969: Hyundai Tucson 2020-2026  SUV   YL
33509,2,MULTI,2968/2969,YL/YM+,非皮卡,Hyundai,Tucson,2020,,SUV,,,YM+,2968: Hyundai Tucson 2004-2021  SUV   YM+ || 2969: Hyundai Tucson 2020-2026  SUV   YL
33511,2,MULTI,2968/2969,YL/YM+,非皮卡,Hyundai,Tucson,2021,,SUV,,,YL,2968: Hyundai Tucson 2004-2021  SUV   YM+ || 2969: Hyundai Tucson 2020-2026  SUV   YL
33512,2,MULTI,2968/2969,YL/YM+,非皮卡,Hyundai,Tucson,2021,,SUV,,,YM+,2968: Hyundai Tucson 2004-2021  SUV   YM+ || 2969: Hyundai Tucson 2020-2026  SUV   YL
33593,2,MULTI,2975/2978,2L+/2M,非皮卡,Hyundai,Verna,2005,,Hatchback,,,2L+,2975: Hyundai Verna 1999-2005  Hatchback   2L+ || 2978: Hyundai Verna 2005-2017  Hatchback   2M
33594,2,MULTI,2975/2978,2L+/2M,非皮卡,Hyundai,Verna,2005,,Hatchback,,,2M,2975: Hyundai Verna 1999-2005  Hatchback   2L+ || 2978: Hyundai Verna 2005-2017  Hatchback   2M
33625,2,MULTI,2978/2979,2L+/2M,非皮卡,Hyundai,Verna,2017,,Hatchback,,,2L+,2978: Hyundai Verna 2005-2017  Hatchback   2M || 2979: Hyundai Verna 2017-2020  Hatchback   2L+
33626,2,MULTI,2978/2979,2L+/2M,非皮卡,Hyundai,Verna,2017,,Hatchback,,,2M,2978: Hyundai Verna 2005-2017  Hatchback   2M || 2979: Hyundai Verna 2017-2020  Hatchback   2L+
33638,2,MULTI,2977/2980,3L/3M,非皮卡,Hyundai,Verna,2023,,Sedan,,,3L,2977: Hyundai Verna 1999-2023  Sedan   3M || 2980: Hyundai Verna 2023-2026  Sedan   3L
33639,2,MULTI,2977/2980,3L/3M,非皮卡,Hyundai,Verna,2023,,Sedan,,,3M,2977: Hyundai Verna 1999-2023  Sedan   3M || 2980: Hyundai Verna 2023-2026  Sedan   3L
33658,2,MULTI,2982/2983,2M/2S,非皮卡,Hyundai,i10,2013,,Hatchback,,,2M,2982: Hyundai i10 2007-2013  Hatchback   2S || 2983: Hyundai i10 2013-2026  Hatchback   2M
33659,2,MULTI,2982/2983,2M/2S,非皮卡,Hyundai,i10,2013,,Hatchback,,,2S,2982: Hyundai i10 2007-2013  Hatchback   2S || 2983: Hyundai i10 2013-2026  Hatchback   2M
33751,2,MULTI,2987/2988,2L+/2XL,非皮卡,Hyundai,i30,2017,,Wagon,,,2L+,2987: Hyundai i30 2007-2017  Wagon   2L+ || 2988: Hyundai i30 2017-2026  Wagon   2XL
33752,2,MULTI,2987/2988,2L+/2XL,非皮卡,Hyundai,i30,2017,,Wagon,,,2XL,2987: Hyundai i30 2007-2017  Wagon   2L+ || 2988: Hyundai i30 2017-2026  Wagon   2XL
33915,2,MULTI,3007/3008,YL/YXL,非皮卡,Infiniti,FX,2008,,SUV,,,YL,3007: Infiniti FX 2002-2009  SUV   YL || 3008: Infiniti FX 2008-2013  SUV   YXL
33916,2,MULTI,3007/3008,YL/YXL,非皮卡,Infiniti,FX,2008,,SUV,,,YXL,3007: Infiniti FX 2002-2009  SUV   YL || 3008: Infiniti FX 2008-2013  SUV   YXL
33917,2,MULTI,3007/3008,YL/YXL,非皮卡,Infiniti,FX,2009,,SUV,,,YL,3007: Infiniti FX 2002-2009  SUV   YL || 3008: Infiniti FX 2008-2013  SUV   YXL
33918,2,MULTI,3007/3008,YL/YXL,非皮卡,Infiniti,FX,2009,,SUV,,,YXL,3007: Infiniti FX 2002-2009  SUV   YL || 3008: Infiniti FX 2008-2013  SUV   YXL
33935,2,MULTI,3010/3012,3M/3XL,非皮卡,Infiniti,G,2002,,Sedan,,,3M,3010: Infiniti G 1999-2002  Sedan   3M || 3012: Infiniti G 2002-2013  Sedan   3XL
33936,2,MULTI,3010/3012,3M/3XL,非皮卡,Infiniti,G,2002,,Sedan,,,3XL,3010: Infiniti G 1999-2002  Sedan   3M || 3012: Infiniti G 2002-2013  Sedan   3XL
34123,2,MULTI,3029/3030,YXXL/YXXL-545,非皮卡,Infiniti,QX56,2010,,SUV,,,YXXL,3029: Infiniti QX56 2004-2010  SUV   YXXL || 3030: Infiniti QX56 2010-2013  SUV   YXXL-545
34124,2,MULTI,3029/3030,YXXL/YXXL-545,非皮卡,Infiniti,QX56,2010,,SUV,,,YXXL-545,3029: Infiniti QX56 2004-2010  SUV   YXXL || 3030: Infiniti QX56 2010-2013  SUV   YXXL-545
34436,2,MULTI,3059/3060,3L/3XL,非皮卡,Isuzu,Aska,1997,,Sedan,,,3L,3059: Isuzu Aska 1994-1997  Sedan   3XL || 3060: Isuzu Aska 1997-2002  Sedan   3L
34437,2,MULTI,3059/3060,3L/3XL,非皮卡,Isuzu,Aska,1997,,Sedan,,,3XL,3059: Isuzu Aska 1994-1997  Sedan   3XL || 3060: Isuzu Aska 1997-2002  Sedan   3L
34647,2,MULTI,3073/3074,2L+/2M,非皮卡,Isuzu,Gemini,1990,,Hatchback,,,2L+,3073: Isuzu Gemini 1985-1990  Hatchback   2M || 3074: Isuzu Gemini 1990-1993  Hatchback   2L+
34648,2,MULTI,3073/3074,2L+/2M,非皮卡,Isuzu,Gemini,1990,,Hatchback,,,2M,3073: Isuzu Gemini 1985-1990  Hatchback   2M || 3074: Isuzu Gemini 1990-1993  Hatchback   2L+
34659,2,MULTI,3071/3075,3M/3S,非皮卡,Isuzu,Gemini,1993,,Sedan,,,3M,3071: Isuzu Gemini 1974-1993  Sedan   3S || 3075: Isuzu Gemini 1993-2000  Sedan   3M
34660,2,MULTI,3071/3075,3M/3S,非皮卡,Isuzu,Gemini,1993,,Sedan,,,3S,3071: Isuzu Gemini 1974-1993  Sedan   3S || 3075: Isuzu Gemini 1993-2000  Sedan   3M
34712,2,MULTI,3079/3080,YL/YXL,非皮卡,Isuzu,MU-X,2017,,SUV,,,YL,3079: Isuzu MU-X 2013-2020  SUV   YL || 3080: Isuzu MU-X 2017-2026  SUV   YXL
34713,2,MULTI,3079/3080,YL/YXL,非皮卡,Isuzu,MU-X,2017,,SUV,,,YL,3079: Isuzu MU-X 2013-2020  SUV   YL || 3080: Isuzu MU-X 2017-2026  SUV   YXL
34714,2,MULTI,3079/3080,YL/YXL,非皮卡,Isuzu,MU-X,2017,,SUV,,,YXL,3079: Isuzu MU-X 2013-2020  SUV   YL || 3080: Isuzu MU-X 2017-2026  SUV   YXL
34715,2,MULTI,3079/3080,YL/YXL,非皮卡,Isuzu,MU-X,2018,,SUV,,,YL,3079: Isuzu MU-X 2013-2020  SUV   YL || 3080: Isuzu MU-X 2017-2026  SUV   YXL
34716,2,MULTI,3079/3080,YL/YXL,非皮卡,Isuzu,MU-X,2018,,SUV,,,YXL,3079: Isuzu MU-X 2013-2020  SUV   YL || 3080: Isuzu MU-X 2017-2026  SUV   YXL
34717,2,MULTI,3079/3080,YL/YXL,非皮卡,Isuzu,MU-X,2019,,SUV,,,YL,3079: Isuzu MU-X 2013-2020  SUV   YL || 3080: Isuzu MU-X 2017-2026  SUV   YXL
34718,2,MULTI,3079/3080,YL/YXL,非皮卡,Isuzu,MU-X,2019,,SUV,,,YXL,3079: Isuzu MU-X 2013-2020  SUV   YL || 3080: Isuzu MU-X 2017-2026  SUV   YXL
34719,2,MULTI,3079/3080,YL/YXL,非皮卡,Isuzu,MU-X,2020,,SUV,,,YL,3079: Isuzu MU-X 2013-2020  SUV   YL || 3080: Isuzu MU-X 2017-2026  SUV   YXL
34720,2,MULTI,3079/3080,YL/YXL,非皮卡,Isuzu,MU-X,2020,,SUV,,,YXL,3079: Isuzu MU-X 2013-2020  SUV   YL || 3080: Isuzu MU-X 2017-2026  SUV   YXL
34721,2,MULTI,3079/3080,YL/YXL,非皮卡,Isuzu,MU-X,2020,,SUV,,,YXL,3079: Isuzu MU-X 2013-2020  SUV   YL || 3080: Isuzu MU-X 2017-2026  SUV   YXL
35264,2,MULTI,3148/3150,3L-0/3M-0,非皮卡,Jaguar,E-type,1971,,Convertible,,,3L-0,3148: Jaguar E-type 1961-1971  Convertible   3M-0 || 3150: Jaguar E-type 1971-1975  Convertible   3L-0
35265,2,MULTI,3149/3151,3L-0/3M-0,非皮卡,Jaguar,E-type,1971,,Coupe,,,3L-0,3149: Jaguar E-type 1961-1971  Coupe   3M-0 || 3151: Jaguar E-type 1971-1975  Coupe   3L-0
35266,2,MULTI,3148/3150,3L-0/3M-0,非皮卡,Jaguar,E-type,1971,,Convertible,,,3M-0,3148: Jaguar E-type 1961-1971  Convertible   3M-0 || 3150: Jaguar E-type 1971-1975  Convertible   3L-0
35267,2,MULTI,3149/3151,3L-0/3M-0,非皮卡,Jaguar,E-type,1971,,Coupe,,,3M-0,3149: Jaguar E-type 1961-1971  Coupe   3M-0 || 3151: Jaguar E-type 1971-1975  Coupe   3L-0
35349,2,MULTI,3158/3159,3XL/3XXL,非皮卡,Jaguar,S-Type,2004,,Sedan,,,3XL,3158: Jaguar S-Type 1998-2004  Sedan   3XL || 3159: Jaguar S-Type 2004-2008  Sedan   3XXL
35350,2,MULTI,3158/3159,3XL/3XXL,非皮卡,Jaguar,S-Type,2004,,Sedan,,,3XXL,3158: Jaguar S-Type 1998-2004  Sedan   3XL || 3159: Jaguar S-Type 2004-2008  Sedan   3XXL
35452,2,MULTI,3168/3169,3XL/3XXL,非皮卡,Jaguar,XJ,1973,,Sedan,,,3XL,3168: Jaguar XJ 1968-1973  Sedan   3XL || 3169: Jaguar XJ 1973-1979  Sedan   3XXL
35453,2,MULTI,3168/3169,3XL/3XXL,非皮卡,Jaguar,XJ,1973,,Sedan,,,3XXL,3168: Jaguar XJ 1968-1973  Sedan   3XL || 3169: Jaguar XJ 1973-1979  Sedan   3XXL
35459,2,MULTI,3169/3170,3XL/3XXL,非皮卡,Jaguar,XJ,1979,,Sedan,,,3XL,3169: Jaguar XJ 1973-1979  Sedan   3XXL || 3170: Jaguar XJ 1979-1993  Sedan   3XL
35460,2,MULTI,3169/3170,3XL/3XXL,非皮卡,Jaguar,XJ,1979,,Sedan,,,3XXL,3169: Jaguar XJ 1973-1979  Sedan   3XXL || 3170: Jaguar XJ 1979-1993  Sedan   3XL
35467,2,MULTI,3170/3171,3XL/3XXL,非皮卡,Jaguar,XJ,1986,,Sedan,,,3XL,3170: Jaguar XJ 1979-1993  Sedan   3XL || 3171: Jaguar XJ 1986-2019  Sedan   3XXL
35468,2,MULTI,3170/3171,3XL/3XXL,非皮卡,Jaguar,XJ,1986,,Sedan,,,3XXL,3170: Jaguar XJ 1979-1993  Sedan   3XL || 3171: Jaguar XJ 1986-2019  Sedan   3XXL
35469,2,MULTI,3170/3171,3XL/3XXL,非皮卡,Jaguar,XJ,1987,,Sedan,,,3XL,3170: Jaguar XJ 1979-1993  Sedan   3XL || 3171: Jaguar XJ 1986-2019  Sedan   3XXL
35470,2,MULTI,3170/3171,3XL/3XXL,非皮卡,Jaguar,XJ,1987,,Sedan,,,3XXL,3170: Jaguar XJ 1979-1993  Sedan   3XL || 3171: Jaguar XJ 1986-2019  Sedan   3XXL
35471,2,MULTI,3170/3171,3XL/3XXL,非皮卡,Jaguar,XJ,1988,,Sedan,,,3XL,3170: Jaguar XJ 1979-1993  Sedan   3XL || 3171: Jaguar XJ 1986-2019  Sedan   3XXL
35472,2,MULTI,3170/3171,3XL/3XXL,非皮卡,Jaguar,XJ,1988,,Sedan,,,3XXL,3170: Jaguar XJ 1979-1993  Sedan   3XL || 3171: Jaguar XJ 1986-2019  Sedan   3XXL
35473,2,MULTI,3170/3171,3XL/3XXL,非皮卡,Jaguar,XJ,1989,,Sedan,,,3XL,3170: Jaguar XJ 1979-1993  Sedan   3XL || 3171: Jaguar XJ 1986-2019  Sedan   3XXL
35474,2,MULTI,3170/3171,3XL/3XXL,非皮卡,Jaguar,XJ,1989,,Sedan,,,3XXL,3170: Jaguar XJ 1979-1993  Sedan   3XL || 3171: Jaguar XJ 1986-2019  Sedan   3XXL
35475,2,MULTI,3170/3171,3XL/3XXL,非皮卡,Jaguar,XJ,1990,,Sedan,,,3XL,3170: Jaguar XJ 1979-1993  Sedan   3XL || 3171: Jaguar XJ 1986-2019  Sedan   3XXL
35476,2,MULTI,3170/3171,3XL/3XXL,非皮卡,Jaguar,XJ,1990,,Sedan,,,3XXL,3170: Jaguar XJ 1979-1993  Sedan   3XL || 3171: Jaguar XJ 1986-2019  Sedan   3XXL
35477,2,MULTI,3170/3171,3XL/3XXL,非皮卡,Jaguar,XJ,1991,,Sedan,,,3XL,3170: Jaguar XJ 1979-1993  Sedan   3XL || 3171: Jaguar XJ 1986-2019  Sedan   3XXL
35478,2,MULTI,3170/3171,3XL/3XXL,非皮卡,Jaguar,XJ,1991,,Sedan,,,3XXL,3170: Jaguar XJ 1979-1993  Sedan   3XL || 3171: Jaguar XJ 1986-2019  Sedan   3XXL
35479,2,MULTI,3170/3171,3XL/3XXL,非皮卡,Jaguar,XJ,1992,,Sedan,,,3XL,3170: Jaguar XJ 1979-1993  Sedan   3XL || 3171: Jaguar XJ 1986-2019  Sedan   3XXL
35480,2,MULTI,3170/3171,3XL/3XXL,非皮卡,Jaguar,XJ,1992,,Sedan,,,3XXL,3170: Jaguar XJ 1979-1993  Sedan   3XL || 3171: Jaguar XJ 1986-2019  Sedan   3XXL
35481,2,MULTI,3170/3171,3XL/3XXL,非皮卡,Jaguar,XJ,1993,,Sedan,,,3XL,3170: Jaguar XJ 1979-1993  Sedan   3XL || 3171: Jaguar XJ 1986-2019  Sedan   3XXL
35482,2,MULTI,3170/3171,3XL/3XXL,非皮卡,Jaguar,XJ,1993,,Sedan,,,3XXL,3170: Jaguar XJ 1979-1993  Sedan   3XL || 3171: Jaguar XJ 1986-2019  Sedan   3XXL
35879,2,MULTI,3185/3186,YL/YM+,非皮卡,Jeep,Grand Cherokee,1998,,SUV,,,YL,3185: Jeep Grand Cherokee 1992-1998  SUV   YM+ || 3186: Jeep Grand Cherokee 1998-2022  SUV   YL
35880,2,MULTI,3185/3186,YL/YM+,非皮卡,Jeep,Grand Cherokee,1998,,SUV,,,YM+,3185: Jeep Grand Cherokee 1992-1998  SUV   YM+ || 3186: Jeep Grand Cherokee 1998-2022  SUV   YL
35901,2,MULTI,3187/3188,YL/YXL,非皮卡,Jeep,Grand Cherokee,2010,SRT8,SUV,,,YL,3187: Jeep Grand Cherokee 2004-2010 SRT8 SUV   YL || 3188: Jeep Grand Cherokee 2010-2013 SRT8 SUV   YXL
35902,2,MULTI,3187/3188,YL/YXL,非皮卡,Jeep,Grand Cherokee,2010,SRT8,SUV,,,YXL,3187: Jeep Grand Cherokee 2004-2010 SRT8 SUV   YL || 3188: Jeep Grand Cherokee 2010-2013 SRT8 SUV   YXL
35941,2,MULTI,3186/3191,YL/YXL,非皮卡,Jeep,Grand Cherokee,2021,,SUV,,,YL,3186: Jeep Grand Cherokee 1998-2022  SUV   YL || 3191: Jeep Grand Cherokee 2021-2026  SUV   YXL
35944,2,MULTI,3186/3191,YL/YXL,非皮卡,Jeep,Grand Cherokee,2021,,SUV,,,YXL,3186: Jeep Grand Cherokee 1998-2022  SUV   YL || 3191: Jeep Grand Cherokee 2021-2026  SUV   YXL
35947,2,MULTI,3186/3191,YL/YXL,非皮卡,Jeep,Grand Cherokee,2022,,SUV,,,YL,3186: Jeep Grand Cherokee 1998-2022  SUV   YL || 3191: Jeep Grand Cherokee 2021-2026  SUV   YXL
35950,2,MULTI,3186/3191,YL/YXL,非皮卡,Jeep,Grand Cherokee,2022,,SUV,,,YXL,3186: Jeep Grand Cherokee 1998-2022  SUV   YL || 3191: Jeep Grand Cherokee 2021-2026  SUV   YXL
36308,2,MULTI,3244/3246,2XXL-525/2XXL-545,非皮卡,Jinbei,Haise,2008,,MPV,,,2XXL-525,3244: Jinbei Haise 2002-2026  MPV   2XXL-525 || 3246: Jinbei Haise 2008-2014  MPV   2XXL-545
36309,2,MULTI,3244/3246,2XXL-525/2XXL-545,非皮卡,Jinbei,Haise,2008,,MPV,,,2XXL-525,3244: Jinbei Haise 2002-2026  MPV   2XXL-525 || 3246: Jinbei Haise 2008-2014  MPV   2XXL-545
36311,2,MULTI,3244/3246,2XXL-525/2XXL-545,非皮卡,Jinbei,Haise,2008,,MPV,,,2XXL-545,3244: Jinbei Haise 2002-2026  MPV   2XXL-525 || 3246: Jinbei Haise 2008-2014  MPV   2XXL-545
36312,2,MULTI,3244/3246,2XXL-525/2XXL-545,非皮卡,Jinbei,Haise,2009,,MPV,,,2XXL-525,3244: Jinbei Haise 2002-2026  MPV   2XXL-525 || 3246: Jinbei Haise 2008-2014  MPV   2XXL-545
36313,2,MULTI,3244/3246,2XXL-525/2XXL-545,非皮卡,Jinbei,Haise,2009,,MPV,,,2XXL-525,3244: Jinbei Haise 2002-2026  MPV   2XXL-525 || 3246: Jinbei Haise 2008-2014  MPV   2XXL-545
36315,2,MULTI,3244/3246,2XXL-525/2XXL-545,非皮卡,Jinbei,Haise,2009,,MPV,,,2XXL-545,3244: Jinbei Haise 2002-2026  MPV   2XXL-525 || 3246: Jinbei Haise 2008-2014  MPV   2XXL-545
36316,2,MULTI,3244/3246,2XXL-525/2XXL-545,非皮卡,Jinbei,Haise,2010,,MPV,,,2XXL-525,3244: Jinbei Haise 2002-2026  MPV   2XXL-525 || 3246: Jinbei Haise 2008-2014  MPV   2XXL-545
36317,2,MULTI,3244/3246,2XXL-525/2XXL-545,非皮卡,Jinbei,Haise,2010,,MPV,,,2XXL-525,3244: Jinbei Haise 2002-2026  MPV   2XXL-525 || 3246: Jinbei Haise 2008-2014  MPV   2XXL-545
36319,2,MULTI,3244/3246,2XXL-525/2XXL-545,非皮卡,Jinbei,Haise,2010,,MPV,,,2XXL-545,3244: Jinbei Haise 2002-2026  MPV   2XXL-525 || 3246: Jinbei Haise 2008-2014  MPV   2XXL-545
36320,2,MULTI,3244/3246,2XXL-525/2XXL-545,非皮卡,Jinbei,Haise,2011,,MPV,,,2XXL-525,3244: Jinbei Haise 2002-2026  MPV   2XXL-525 || 3246: Jinbei Haise 2008-2014  MPV   2XXL-545
36321,2,MULTI,3244/3246,2XXL-525/2XXL-545,非皮卡,Jinbei,Haise,2011,,MPV,,,2XXL-525,3244: Jinbei Haise 2002-2026  MPV   2XXL-525 || 3246: Jinbei Haise 2008-2014  MPV   2XXL-545
36323,2,MULTI,3244/3246,2XXL-525/2XXL-545,非皮卡,Jinbei,Haise,2011,,MPV,,,2XXL-545,3244: Jinbei Haise 2002-2026  MPV   2XXL-525 || 3246: Jinbei Haise 2008-2014  MPV   2XXL-545
36324,2,MULTI,3244/3246,2XXL-525/2XXL-545,非皮卡,Jinbei,Haise,2012,,MPV,,,2XXL-525,3244: Jinbei Haise 2002-2026  MPV   2XXL-525 || 3246: Jinbei Haise 2008-2014  MPV   2XXL-545
36326,2,MULTI,3244/3246,2XXL-525/2XXL-545,非皮卡,Jinbei,Haise,2012,,MPV,,,2XXL-545,3244: Jinbei Haise 2002-2026  MPV   2XXL-525 || 3246: Jinbei Haise 2008-2014  MPV   2XXL-545
36327,2,MULTI,3244/3246,2XXL-525/2XXL-545,非皮卡,Jinbei,Haise,2013,,MPV,,,2XXL-525,3244: Jinbei Haise 2002-2026  MPV   2XXL-525 || 3246: Jinbei Haise 2008-2014  MPV   2XXL-545
36329,2,MULTI,3244/3246,2XXL-525/2XXL-545,非皮卡,Jinbei,Haise,2013,,MPV,,,2XXL-545,3244: Jinbei Haise 2002-2026  MPV   2XXL-525 || 3246: Jinbei Haise 2008-2014  MPV   2XXL-545
36330,2,MULTI,3244/3246,2XXL-525/2XXL-545,非皮卡,Jinbei,Haise,2014,,MPV,,,2XXL-525,3244: Jinbei Haise 2002-2026  MPV   2XXL-525 || 3246: Jinbei Haise 2008-2014  MPV   2XXL-545
36332,2,MULTI,3244/3246,2XXL-525/2XXL-545,非皮卡,Jinbei,Haise,2014,,MPV,,,2XXL-545,3244: Jinbei Haise 2002-2026  MPV   2XXL-525 || 3246: Jinbei Haise 2008-2014  MPV   2XXL-545
36474,2,MULTI,3258/3259,2M/2S,非皮卡,Kaiyi,Shiyue,2026,,Hatchback,,,2M,3258: Kaiyi Shiyue 2023-2026  Hatchback   2S || 3259: Kaiyi Shiyue 2026  Hatchback   2M
36475,2,MULTI,3258/3259,2M/2S,非皮卡,Kaiyi,Shiyue,2026,,Hatchback,,,2S,3258: Kaiyi Shiyue 2023-2026  Hatchback   2S || 3259: Kaiyi Shiyue 2026  Hatchback   2M
36561,2,MULTI,3271/3272,2L+/2XL,非皮卡,Kia,Carens,2006,,MPV,,,2L+,3271: Kia Carens 1999-2006  MPV   2L+ || 3272: Kia Carens 2006-2019  MPV   2XL
36562,2,MULTI,3271/3272,2L+/2XL,非皮卡,Kia,Carens,2006,,MPV,,,2XL,3271: Kia Carens 1999-2006  MPV   2L+ || 3272: Kia Carens 2006-2019  MPV   2XL
36595,2,MULTI,3275/3276,2XL/2XL+,非皮卡,Kia,Carnival,2006,,MPV,,,2XL,3275: Kia Carnival 1998-2006  MPV   2XL+ || 3276: Kia Carnival 2006-2014  MPV   2XL
36596,2,MULTI,3275/3276,2XL/2XL+,非皮卡,Kia,Carnival,2006,,MPV,,,2XL+,3275: Kia Carnival 1998-2006  MPV   2XL+ || 3276: Kia Carnival 2006-2014  MPV   2XL
36612,2,MULTI,3276/3278,2XL/2XXL-525,非皮卡,Kia,Carnival,2014,,MPV,,,2XL,3276: Kia Carnival 2006-2014  MPV   2XL || 3278: Kia Carnival 2014-2026  MPV   2XXL-525
36613,2,MULTI,3276/3278,2XL/2XXL-525,非皮卡,Kia,Carnival,2014,,MPV,,,2XXL-525,3276: Kia Carnival 2006-2014  MPV   2XL || 3278: Kia Carnival 2014-2026  MPV   2XXL-525
36686,2,MULTI,3281/3282,2L+/2XL,非皮卡,Kia,Ceed,2018,,Wagon,,,2L+,3281: Kia Ceed 2006-2018  Wagon   2L+ || 3282: Kia Ceed 2018-2026  Wagon   2XL
36687,2,MULTI,3281/3282,2L+/2XL,非皮卡,Kia,Ceed,2018,,Wagon,,,2XL,3281: Kia Ceed 2006-2018  Wagon   2L+ || 3282: Kia Ceed 2018-2026  Wagon   2XL
36739,2,MULTI,3285/3286,3L/3M,非皮卡,Kia,Cerato,2008,,Sedan,,,3L,3285: Kia Cerato 2003-2009  Sedan   3M || 3286: Kia Cerato 2008-2026  Sedan   3L
36740,2,MULTI,3285/3286,3L/3M,非皮卡,Kia,Cerato,2008,,Sedan,,,3M,3285: Kia Cerato 2003-2009  Sedan   3M || 3286: Kia Cerato 2008-2026  Sedan   3L
36743,2,MULTI,3285/3286,3L/3M,非皮卡,Kia,Cerato,2009,,Sedan,,,3L,3285: Kia Cerato 2003-2009  Sedan   3M || 3286: Kia Cerato 2008-2026  Sedan   3L
36744,2,MULTI,3285/3286,3L/3M,非皮卡,Kia,Cerato,2009,,Sedan,,,3M,3285: Kia Cerato 2003-2009  Sedan   3M || 3286: Kia Cerato 2008-2026  Sedan   3L
36759,2,MULTI,3287/3288,3L-0/3M-0,非皮卡,Kia,Cerato,2013,Koup,Coupe,,,3L-0,3287: Kia Cerato 2008-2013 Koup Coupe   3M-0 || 3288: Kia Cerato 2013-2016 Koup Coupe   3L-0
36760,2,MULTI,3287/3288,3L-0/3M-0,非皮卡,Kia,Cerato,2013,Koup,Coupe,,,3M-0,3287: Kia Cerato 2008-2013 Koup Coupe   3M-0 || 3288: Kia Cerato 2013-2016 Koup Coupe   3L-0
36793,2,MULTI,3289/3291,3L/3XL,非皮卡,Kia,Clarus,1998,,Sedan,,,3L,3289: Kia Clarus 1996-1998  Sedan   3L || 3291: Kia Clarus 1998-2001  Sedan   3XL
36794,2,MULTI,3289/3291,3L/3XL,非皮卡,Kia,Clarus,1998,,Sedan,,,3XL,3289: Kia Clarus 1996-1998  Sedan   3L || 3291: Kia Clarus 1998-2001  Sedan   3XL
36862,2,MULTI,3304/3305,3L-0/3M-0,非皮卡,Kia,Forte,2013,,Coupe,,,3L-0,3304: Kia Forte 2008-2013  Coupe   3M-0 || 3305: Kia Forte 2013-2016  Coupe   3L-0
36863,2,MULTI,3304/3305,3L-0/3M-0,非皮卡,Kia,Forte,2013,,Coupe,,,3M-0,3304: Kia Forte 2008-2013  Coupe   3M-0 || 3305: Kia Forte 2013-2016  Coupe   3L-0
36876,2,MULTI,3303/3306,3L/3M,非皮卡,Kia,Forte,2017,,Sedan,,,3L,3303: Kia Forte 2008-2024  Sedan   3L || 3306: Kia Forte 2017-2022  Sedan   3M
36877,2,MULTI,3303/3306,3L/3M,非皮卡,Kia,Forte,2017,,Sedan,,,3M,3303: Kia Forte 2008-2024  Sedan   3L || 3306: Kia Forte 2017-2022  Sedan   3M
36879,2,MULTI,3303/3306,3L/3M,非皮卡,Kia,Forte,2018,,Sedan,,,3L,3303: Kia Forte 2008-2024  Sedan   3L || 3306: Kia Forte 2017-2022  Sedan   3M
36880,2,MULTI,3303/3306,3L/3M,非皮卡,Kia,Forte,2018,,Sedan,,,3L,3303: Kia Forte 2008-2024  Sedan   3L || 3306: Kia Forte 2017-2022  Sedan   3M
36881,2,MULTI,3303/3306,3L/3M,非皮卡,Kia,Forte,2018,,Sedan,,,3M,3303: Kia Forte 2008-2024  Sedan   3L || 3306: Kia Forte 2017-2022  Sedan   3M
36882,2,MULTI,3303/3306,3L/3M,非皮卡,Kia,Forte,2019,,Sedan,,,3L,3303: Kia Forte 2008-2024  Sedan   3L || 3306: Kia Forte 2017-2022  Sedan   3M
36883,2,MULTI,3303/3306,3L/3M,非皮卡,Kia,Forte,2019,,Sedan,,,3M,3303: Kia Forte 2008-2024  Sedan   3L || 3306: Kia Forte 2017-2022  Sedan   3M
36884,2,MULTI,3303/3306,3L/3M,非皮卡,Kia,Forte,2020,,Sedan,,,3L,3303: Kia Forte 2008-2024  Sedan   3L || 3306: Kia Forte 2017-2022  Sedan   3M
36885,2,MULTI,3303/3306,3L/3M,非皮卡,Kia,Forte,2020,,Sedan,,,3M,3303: Kia Forte 2008-2024  Sedan   3L || 3306: Kia Forte 2017-2022  Sedan   3M
36886,2,MULTI,3303/3306,3L/3M,非皮卡,Kia,Forte,2021,,Sedan,,,3L,3303: Kia Forte 2008-2024  Sedan   3L || 3306: Kia Forte 2017-2022  Sedan   3M
36887,2,MULTI,3303/3306,3L/3M,非皮卡,Kia,Forte,2021,,Sedan,,,3L,3303: Kia Forte 2008-2024  Sedan   3L || 3306: Kia Forte 2017-2022  Sedan   3M
36888,2,MULTI,3303/3306,3L/3M,非皮卡,Kia,Forte,2021,,Sedan,,,3M,3303: Kia Forte 2008-2024  Sedan   3L || 3306: Kia Forte 2017-2022  Sedan   3M
36889,2,MULTI,3303/3306,3L/3M,非皮卡,Kia,Forte,2022,,Sedan,,,3L,3303: Kia Forte 2008-2024  Sedan   3L || 3306: Kia Forte 2017-2022  Sedan   3M
36890,2,MULTI,3303/3306,3L/3M,非皮卡,Kia,Forte,2022,,Sedan,,,3M,3303: Kia Forte 2008-2024  Sedan   3L || 3306: Kia Forte 2017-2022  Sedan   3M
36969,2,MULTI,3314/3315,3XL/3XXL,非皮卡,Kia,K5,2019,,Sedan,,,3XL,3314: Kia K5 2010-2020  Sedan   3XL || 3315: Kia K5 2019-2026  Sedan   3XXL
36970,2,MULTI,3314/3315,3XL/3XXL,非皮卡,Kia,K5,2019,,Sedan,,,3XXL,3314: Kia K5 2010-2020  Sedan   3XL || 3315: Kia K5 2019-2026  Sedan   3XXL
36971,2,MULTI,3314/3315,3XL/3XXL,非皮卡,Kia,K5,2020,,Sedan,,,3XL,3314: Kia K5 2010-2020  Sedan   3XL || 3315: Kia K5 2019-2026  Sedan   3XXL
36972,2,MULTI,3314/3315,3XL/3XXL,非皮卡,Kia,K5,2020,,Sedan,,,3XXL,3314: Kia K5 2010-2020  Sedan   3XL || 3315: Kia K5 2019-2026  Sedan   3XXL
37263,2,MULTI,3337/3339,2M/2S,非皮卡,Kia,Picanto,2023,,Hatchback,,,2M,3337: Kia Picanto 2004-2023  Hatchback   2S || 3339: Kia Picanto 2023-2026  Hatchback   2M
37264,2,MULTI,3337/3339,2M/2S,非皮卡,Kia,Picanto,2023,,Hatchback,,,2S,3337: Kia Picanto 2004-2023  Hatchback   2S || 3339: Kia Picanto 2023-2026  Hatchback   2M
37302,2,MULTI,3341/3344,2XL-200/2XXL-525,非皮卡,Kia,Pregio,2003,,MPV,,,2XL-200,3341: Kia Pregio 1995-2003  MPV   2XL-200 || 3344: Kia Pregio 2003-2007  MPV   2XXL-525
37303,2,MULTI,3342/3345,2XL-200/2XXL-525,非皮卡,Kia,Pregio,2003,,Van,,,2XL-200,3342: Kia Pregio 1995-2003  Van   2XL-200 || 3345: Kia Pregio 2003-2007  Van   2XXL-525
37304,2,MULTI,3341/3344,2XL-200/2XXL-525,非皮卡,Kia,Pregio,2003,,MPV,,,2XXL-525,3341: Kia Pregio 1995-2003  MPV   2XL-200 || 3344: Kia Pregio 2003-2007  MPV   2XXL-525
37305,2,MULTI,3342/3345,2XL-200/2XXL-525,非皮卡,Kia,Pregio,2003,,Van,,,2XXL-525,3342: Kia Pregio 1995-2003  Van   2XL-200 || 3345: Kia Pregio 2003-2007  Van   2XXL-525
37586,2,MULTI,3367/3368,2L+/2XL,非皮卡,Kia,Shuma,2001,,Liftback,,,2L+,3367: Kia Shuma 1996-2001  Liftback   2L+ || 3368: Kia Shuma 2001-2004  Liftback   2XL
37587,2,MULTI,3367/3368,2L+/2XL,非皮卡,Kia,Shuma,2001,,Liftback,,,2XL,3367: Kia Shuma 1996-2001  Liftback   2L+ || 3368: Kia Shuma 2001-2004  Liftback   2XL
37613,2,MULTI,3372/3373,YL/YM+,非皮卡,Kia,Sorento,2009,,SUV,,,YL,3372: Kia Sorento 2002-2011  SUV   YM+ || 3373: Kia Sorento 2009-2026  SUV   YL
37614,2,MULTI,3372/3373,YL/YM+,非皮卡,Kia,Sorento,2009,,SUV,,,YM+,3372: Kia Sorento 2002-2011  SUV   YM+ || 3373: Kia Sorento 2009-2026  SUV   YL
37615,2,MULTI,3372/3373,YL/YM+,非皮卡,Kia,Sorento,2010,,SUV,,,YL,3372: Kia Sorento 2002-2011  SUV   YM+ || 3373: Kia Sorento 2009-2026  SUV   YL
37616,2,MULTI,3372/3373,YL/YM+,非皮卡,Kia,Sorento,2010,,SUV,,,YM+,3372: Kia Sorento 2002-2011  SUV   YM+ || 3373: Kia Sorento 2009-2026  SUV   YL
37617,2,MULTI,3372/3373,YL/YM+,非皮卡,Kia,Sorento,2011,,SUV,,,YL,3372: Kia Sorento 2002-2011  SUV   YM+ || 3373: Kia Sorento 2009-2026  SUV   YL
37618,2,MULTI,3372/3373,YL/YM+,非皮卡,Kia,Sorento,2011,,SUV,,,YM+,3372: Kia Sorento 2002-2011  SUV   YM+ || 3373: Kia Sorento 2009-2026  SUV   YL
37662,2,MULTI,3375/3376,2L+/2M,非皮卡,Kia,Soul,2019,,Hatchback,,,2L+,3375: Kia Soul 2008-2019  Hatchback   2M || 3376: Kia Soul 2019-2025  Hatchback   2L+
37663,2,MULTI,3375/3376,2L+/2M,非皮卡,Kia,Soul,2019,,Hatchback,,,2M,3375: Kia Soul 2008-2019  Hatchback   2M || 3376: Kia Soul 2019-2025  Hatchback   2L+
37676,2,MULTI,3377/3378,2L+/2M,非皮卡,Kia,Soul EV,2019,,Hatchback,,,2L+,3377: Kia Soul EV 2014-2019  Hatchback   2M || 3378: Kia Soul EV 2019-2023  Hatchback   2L+
37677,2,MULTI,3377/3378,2L+/2M,非皮卡,Kia,Soul EV,2019,,Hatchback,,,2M,3377: Kia Soul EV 2014-2019  Hatchback   2M || 3378: Kia Soul EV 2019-2023  Hatchback   2L+
37684,2,MULTI,3379/3381,2L+/2XL,非皮卡,Kia,Spectra,2001,,Liftback,,,2L+,3379: Kia Spectra 2000-2001  Liftback   2L+ || 3381: Kia Spectra 2001-2004  Liftback   2XL
37685,2,MULTI,3379/3381,2L+/2XL,非皮卡,Kia,Spectra,2001,,Liftback,,,2XL,3379: Kia Spectra 2000-2001  Liftback   2L+ || 3381: Kia Spectra 2001-2004  Liftback   2XL
37779,2,MULTI,3384/3385,YL/YM+,非皮卡,Kia,Sportage,2021,,SUV,,,YL,3384: Kia Sportage 2004-2022  SUV   YM+ || 3385: Kia Sportage 2021-2026  SUV   YL
37780,2,MULTI,3384/3385,YL/YM+,非皮卡,Kia,Sportage,2021,,SUV,,,YM+,3384: Kia Sportage 2004-2022  SUV   YM+ || 3385: Kia Sportage 2021-2026  SUV   YL
37782,2,MULTI,3384/3385,YL/YM+,非皮卡,Kia,Sportage,2022,,SUV,,,YL,3384: Kia Sportage 2004-2022  SUV   YM+ || 3385: Kia Sportage 2021-2026  SUV   YL
37783,2,MULTI,3384/3385,YL/YM+,非皮卡,Kia,Sportage,2022,,SUV,,,YM+,3384: Kia Sportage 2004-2022  SUV   YM+ || 3385: Kia Sportage 2021-2026  SUV   YL
39250,0,MISS,,,非皮卡,Lamborghini,350/400 GT,1964,350 GT,Coupe,,,3M-0,
39251,0,MISS,,,非皮卡,Lamborghini,350/400 GT,1964,400 GT,Coupe,,,3M-0,
39252,0,MISS,,,非皮卡,Lamborghini,350/400 GT,1965,350 GT,Coupe,,,3M-0,
39253,0,MISS,,,非皮卡,Lamborghini,350/400 GT,1965,400 GT,Coupe,,,3M-0,
39254,0,MISS,,,非皮卡,Lamborghini,350/400 GT,1966,350 GT,Coupe,,,3M-0,
39255,0,MISS,,,非皮卡,Lamborghini,350/400 GT,1966,400 GT,Coupe,,,3M-0,
39256,0,MISS,,,非皮卡,Lamborghini,350/400 GT,1967,350 GT,Coupe,,,3M-0,
39257,0,MISS,,,非皮卡,Lamborghini,350/400 GT,1967,400 GT,Coupe,,,3M-0,
39258,0,MISS,,,非皮卡,Lamborghini,350/400 GT,1968,350 GT,Coupe,,,3M-0,
39259,0,MISS,,,非皮卡,Lamborghini,350/400 GT,1968,400 GT,Coupe,,,3M-0,
39387,2,MULTI,3471/3473,3L-0/3M-0,非皮卡,Lamborghini,Huracán,2019,,Coupe,,,3L-0,3471: Lamborghini Huracán 2014-2019  Coupe   3M-0 || 3473: Lamborghini Huracán 2019-2024  Coupe   3L-0
39389,2,MULTI,3472/3475,3L-0/3M-0,非皮卡,Lamborghini,Huracán,2019,Spyder,Roadster,,,3L-0,3472: Lamborghini Huracán 2014-2019 Spyder Roadster   3M-0 || 3475: Lamborghini Huracán 2019-2024 Spyder Roadster   3L-0
39390,2,MULTI,3471/3473,3L-0/3M-0,非皮卡,Lamborghini,Huracán,2019,,Coupe,,,3M-0,3471: Lamborghini Huracán 2014-2019  Coupe   3M-0 || 3473: Lamborghini Huracán 2019-2024  Coupe   3L-0
39391,2,MULTI,3472/3475,3L-0/3M-0,非皮卡,Lamborghini,Huracán,2019,Spyder,Roadster,,,3M-0,3472: Lamborghini Huracán 2014-2019 Spyder Roadster   3M-0 || 3475: Lamborghini Huracán 2019-2024 Spyder Roadster   3L-0
39442,2,MULTI,3480/3482,3L-0/3XL-0,非皮卡,Lamborghini,Murcielago,2005,,Coupe,,,3L-0,3480: Lamborghini Murcielago 2001-2006  Coupe   3L-0 || 3482: Lamborghini Murcielago 2005-2010  Coupe   3XL-0
39443,2,MULTI,3481/3483,3L-0/3XL-0,非皮卡,Lamborghini,Murcielago,2005,,Roadster,,,3L-0,3481: Lamborghini Murcielago 2001-2006  Roadster   3L-0 || 3483: Lamborghini Murcielago 2005-2010  Roadster   3XL-0
39444,2,MULTI,3480/3482,3L-0/3XL-0,非皮卡,Lamborghini,Murcielago,2005,,Coupe,,,3XL-0,3480: Lamborghini Murcielago 2001-2006  Coupe   3L-0 || 3482: Lamborghini Murcielago 2005-2010  Coupe   3XL-0
39445,2,MULTI,3481/3483,3L-0/3XL-0,非皮卡,Lamborghini,Murcielago,2005,,Roadster,,,3XL-0,3481: Lamborghini Murcielago 2001-2006  Roadster   3L-0 || 3483: Lamborghini Murcielago 2005-2010  Roadster   3XL-0
39446,2,MULTI,3480/3482,3L-0/3XL-0,非皮卡,Lamborghini,Murcielago,2006,,Coupe,,,3L-0,3480: Lamborghini Murcielago 2001-2006  Coupe   3L-0 || 3482: Lamborghini Murcielago 2005-2010  Coupe   3XL-0
39447,2,MULTI,3481/3483,3L-0/3XL-0,非皮卡,Lamborghini,Murcielago,2006,,Roadster,,,3L-0,3481: Lamborghini Murcielago 2001-2006  Roadster   3L-0 || 3483: Lamborghini Murcielago 2005-2010  Roadster   3XL-0
39448,2,MULTI,3480/3482,3L-0/3XL-0,非皮卡,Lamborghini,Murcielago,2006,,Coupe,,,3XL-0,3480: Lamborghini Murcielago 2001-2006  Coupe   3L-0 || 3482: Lamborghini Murcielago 2005-2010  Coupe   3XL-0
39449,2,MULTI,3481/3483,3L-0/3XL-0,非皮卡,Lamborghini,Murcielago,2006,,Roadster,,,3XL-0,3481: Lamborghini Murcielago 2001-2006  Roadster   3L-0 || 3483: Lamborghini Murcielago 2005-2010  Roadster   3XL-0
40072,2,MULTI,3540/3541,YL/YM+,非皮卡,Land Rover,Discovery,1998,,SUV,,,YL,3540: Land Rover Discovery 1989-1998  SUV   YM+ || 3541: Land Rover Discovery 1998-2004  SUV   YL
40073,2,MULTI,3540/3541,YL/YM+,非皮卡,Land Rover,Discovery,1998,,SUV,,,YM+,3540: Land Rover Discovery 1989-1998  SUV   YM+ || 3541: Land Rover Discovery 1998-2004  SUV   YL
40079,2,MULTI,3541/3542,YL/YXL,非皮卡,Land Rover,Discovery,2004,,SUV,,,YL,3541: Land Rover Discovery 1998-2004  SUV   YL || 3542: Land Rover Discovery 2004-2009  SUV   YXL
40080,2,MULTI,3541/3542,YL/YXL,非皮卡,Land Rover,Discovery,2004,,SUV,,,YXL,3541: Land Rover Discovery 1998-2004  SUV   YL || 3542: Land Rover Discovery 2004-2009  SUV   YXL
40085,2,MULTI,3542/3543,YL/YXL,非皮卡,Land Rover,Discovery,2009,,SUV,,,YL,3542: Land Rover Discovery 2004-2009  SUV   YXL || 3543: Land Rover Discovery 2009-2016  SUV   YL
40086,2,MULTI,3542/3543,YL/YXL,非皮卡,Land Rover,Discovery,2009,,SUV,,,YXL,3542: Land Rover Discovery 2004-2009  SUV   YXL || 3543: Land Rover Discovery 2009-2016  SUV   YL
40094,2,MULTI,3543/3544,YL/YXL,非皮卡,Land Rover,Discovery,2016,,SUV,,,YL,3543: Land Rover Discovery 2009-2016  SUV   YL || 3544: Land Rover Discovery 2016-2026  SUV   YXL
40095,2,MULTI,3543/3544,YL/YXL,非皮卡,Land Rover,Discovery,2016,,SUV,,,YXL,3543: Land Rover Discovery 2009-2016  SUV   YL || 3544: Land Rover Discovery 2016-2026  SUV   YXL
40209,2,MULTI,3548/3549,YL/YXL,非皮卡,Land Rover,Range Rover,2001,,SUV,,,YL,3548: Land Rover Range Rover 1994-2002  SUV   YL || 3549: Land Rover Range Rover 2001-2026  SUV   YXL
40210,2,MULTI,3548/3549,YL/YXL,非皮卡,Land Rover,Range Rover,2001,,SUV,,,YXL,3548: Land Rover Range Rover 1994-2002  SUV   YL || 3549: Land Rover Range Rover 2001-2026  SUV   YXL
40211,2,MULTI,3548/3549,YL/YXL,非皮卡,Land Rover,Range Rover,2002,,SUV,,,YL,3548: Land Rover Range Rover 1994-2002  SUV   YL || 3549: Land Rover Range Rover 2001-2026  SUV   YXL
40212,2,MULTI,3548/3549,YL/YXL,非皮卡,Land Rover,Range Rover,2002,,SUV,,,YXL,3548: Land Rover Range Rover 1994-2002  SUV   YL || 3549: Land Rover Range Rover 2001-2026  SUV   YXL
40320,2,MULTI,3554/3555,YL/YXL,非皮卡,Land Rover,Range Rover Sport,2013,,SUV,,,YL,3554: Land Rover Range Rover Sport 2005-2013  SUV   YL || 3555: Land Rover Range Rover Sport 2013-2026  SUV   YXL
40321,2,MULTI,3554/3555,YL/YXL,非皮卡,Land Rover,Range Rover Sport,2013,,SUV,,,YXL,3554: Land Rover Range Rover Sport 2005-2013  SUV   YL || 3555: Land Rover Range Rover Sport 2013-2026  SUV   YXL
40491,2,MULTI,3581/3582,3L/3XL,非皮卡,Lexus,ES,1991,,Sedan,,,3L,3581: Lexus ES 1989-1991  Sedan   3L || 3582: Lexus ES 1991-2012  Sedan   3XL
40492,2,MULTI,3581/3582,3L/3XL,非皮卡,Lexus,ES,1991,,Sedan,,,3XL,3581: Lexus ES 1989-1991  Sedan   3L || 3582: Lexus ES 1991-2012  Sedan   3XL
40519,2,MULTI,3582/3583,3XL/3XXL,非皮卡,Lexus,ES,2012,,Sedan,,,3XL,3582: Lexus ES 1991-2012  Sedan   3XL || 3583: Lexus ES 2012-2026  Sedan   3XXL
40520,2,MULTI,3582/3583,3XL/3XXL,非皮卡,Lexus,ES,2012,,Sedan,,,3XXL,3582: Lexus ES 1991-2012  Sedan   3XL || 3583: Lexus ES 2012-2026  Sedan   3XXL
40545,2,MULTI,3584/3585,3XL/3XXL,非皮卡,Lexus,GS,1997,,Sedan,,,3XL,3584: Lexus GS 1993-1997  Sedan   3XXL || 3585: Lexus GS 1997-2020  Sedan   3XL
40546,2,MULTI,3584/3585,3XL/3XXL,非皮卡,Lexus,GS,1997,,Sedan,,,3XXL,3584: Lexus GS 1993-1997  Sedan   3XXL || 3585: Lexus GS 1997-2020  Sedan   3XL
40588,2,MULTI,3587/3588,YL/YXL,非皮卡,Lexus,GX,2009,,SUV,,,YL,3587: Lexus GX 2002-2009  SUV   YXL || 3588: Lexus GX 2009-2013  SUV   YL
40589,2,MULTI,3587/3588,YL/YXL,非皮卡,Lexus,GX,2009,,SUV,,,YXL,3587: Lexus GX 2002-2009  SUV   YXL || 3588: Lexus GX 2009-2013  SUV   YL
40593,2,MULTI,3588/3589,YL/YXL,非皮卡,Lexus,GX,2013,,SUV,,,YL,3588: Lexus GX 2009-2013  SUV   YL || 3589: Lexus GX 2013-2026  SUV   YXL
40594,2,MULTI,3588/3589,YL/YXL,非皮卡,Lexus,GX,2013,,SUV,,,YXL,3588: Lexus GX 2009-2013  SUV   YL || 3589: Lexus GX 2013-2026  SUV   YXL
40633,2,MULTI,3592/3593,3L/3M,非皮卡,Lexus,IS,2005,,Sedan,,,3L,3592: Lexus IS 1999-2005  Sedan   3M || 3593: Lexus IS 2005-2020  Sedan   3L
40634,2,MULTI,3592/3593,3L/3M,非皮卡,Lexus,IS,2005,,Sedan,,,3M,3592: Lexus IS 1999-2005  Sedan   3M || 3593: Lexus IS 2005-2020  Sedan   3L
40666,2,MULTI,3593/3595,3L/3XL,非皮卡,Lexus,IS,2020,,Sedan,,,3L,3593: Lexus IS 2005-2020  Sedan   3L || 3595: Lexus IS 2020-2026  Sedan   3XL
40667,2,MULTI,3593/3595,3L/3XL,非皮卡,Lexus,IS,2020,,Sedan,,,3XL,3593: Lexus IS 2005-2020  Sedan   3L || 3595: Lexus IS 2020-2026  Sedan   3XL
40853,2,MULTI,3605/3606,3L-0/3XL+0,非皮卡,Lexus,RC,2018,,Coupe,,,3L-0,3605: Lexus RC 2014-2018  Coupe   3L-0 || 3606: Lexus RC 2018-2025  Coupe   3XL+0
40854,2,MULTI,3605/3606,3L-0/3XL+0,非皮卡,Lexus,RC,2018,,Coupe,,,3XL+0,3605: Lexus RC 2014-2018  Coupe   3L-0 || 3606: Lexus RC 2018-2025  Coupe   3XL+0
40881,2,MULTI,3608/3609,YL/YM+,非皮卡,Lexus,RX,2003,,SUV,,,YL,3608: Lexus RX 1997-2003  SUV   YM+ || 3609: Lexus RX 2003-2015  SUV   YL
40882,2,MULTI,3608/3609,YL/YM+,非皮卡,Lexus,RX,2003,,SUV,,,YM+,3608: Lexus RX 1997-2003  SUV   YM+ || 3609: Lexus RX 2003-2015  SUV   YL
40898,2,MULTI,3609/3610,YL/YXL,非皮卡,Lexus,RX,2015,,SUV,,,YL,3609: Lexus RX 2003-2015  SUV   YL || 3610: Lexus RX 2015-2026  SUV   YXL
40899,2,MULTI,3609/3610,YL/YXL,非皮卡,Lexus,RX,2015,,SUV,,,YXL,3609: Lexus RX 2003-2015  SUV   YL || 3610: Lexus RX 2015-2026  SUV   YXL
40942,2,MULTI,3614/3615,3L-0/3M-0,非皮卡,Lexus,SC,2005,,Convertible,,,3L-0,3614: Lexus SC 2001-2005  Convertible   3M-0 || 3615: Lexus SC 2005-2010  Convertible   3L-0
40943,2,MULTI,3614/3615,3L-0/3M-0,非皮卡,Lexus,SC,2005,,Convertible,,,3M-0,3614: Lexus SC 2001-2005  Convertible   3M-0 || 3615: Lexus SC 2005-2010  Convertible   3L-0
40976,2,MULTI,3621/3622,YXL/YXXL,非皮卡,Li Auto (Lixiang),L8,2026,,SUV,,,YXL,3621: Li Auto (Lixiang) L8 2022-2026  SUV   YXL || 3622: Li Auto (Lixiang) L8 2026  SUV   YXXL
40977,2,MULTI,3621/3622,YXL/YXXL,非皮卡,Li Auto (Lixiang),L8,2026,,SUV,,,YXXL,3621: Li Auto (Lixiang) L8 2022-2026  SUV   YXL || 3622: Li Auto (Lixiang) L8 2026  SUV   YXXL
41178,2,MULTI,3651/3652,3XXL/无可用尺码,非皮卡,Lincoln,Continental,1982,,Sedan,,,3XXL,3651: Lincoln Continental 1980-1983  Sedan   无可用尺码 || 3652: Lincoln Continental 1982-2002  Sedan   3XXL
41180,2,MULTI,3651/3652,3XXL/无可用尺码,非皮卡,Lincoln,Continental,1982,,Sedan,,,无可用尺码,3651: Lincoln Continental 1980-1983  Sedan   无可用尺码 || 3652: Lincoln Continental 1982-2002  Sedan   3XXL
41181,2,MULTI,3651/3652,3XXL/无可用尺码,非皮卡,Lincoln,Continental,1983,,Sedan,,,3XXL,3651: Lincoln Continental 1980-1983  Sedan   无可用尺码 || 3652: Lincoln Continental 1982-2002  Sedan   3XXL
41183,2,MULTI,3651/3652,3XXL/无可用尺码,非皮卡,Lincoln,Continental,1983,,Sedan,,,无可用尺码,3651: Lincoln Continental 1980-1983  Sedan   无可用尺码 || 3652: Lincoln Continental 1982-2002  Sedan   3XXL
41300,2,MULTI,3665/3666,3XL/3XXL,非皮卡,Lincoln,MKZ,2012,,Sedan,,,3XL,3665: Lincoln MKZ 2006-2012  Sedan   3XL || 3666: Lincoln MKZ 2012-2020  Sedan   3XXL
41301,2,MULTI,3665/3666,3XL/3XXL,非皮卡,Lincoln,MKZ,2012,,Sedan,,,3XXL,3665: Lincoln MKZ 2006-2012  Sedan   3XL || 3666: Lincoln MKZ 2012-2020  Sedan   3XXL
41334,2,MULTI,3669/3670,YL/YXL,非皮卡,Lincoln,Nautilus,2023,,SUV,,,YL,3669: Lincoln Nautilus 2018-2023  SUV   YL || 3670: Lincoln Nautilus 2023-2026  SUV   YXL
41335,2,MULTI,3669/3670,YL/YXL,非皮卡,Lincoln,Nautilus,2023,,SUV,,,YXL,3669: Lincoln Nautilus 2018-2023  SUV   YL || 3670: Lincoln Nautilus 2023-2026  SUV   YXL
41349,2,MULTI,3671/3672,YXXL/YXXL-545,非皮卡,Lincoln,Navigator,2006,,SUV,,,YXXL,3671: Lincoln Navigator 1997-2006  SUV   YXXL || 3672: Lincoln Navigator 2006-2026  SUV   YXXL-545
41350,2,MULTI,3671/3672,YXXL/YXXL-545,非皮卡,Lincoln,Navigator,2006,,SUV,,,YXXL-545,3671: Lincoln Navigator 1997-2006  SUV   YXXL || 3672: Lincoln Navigator 2006-2026  SUV   YXXL-545
41442,2,MULTI,3677/3678,3XXXL/无可用尺码,非皮卡,Lincoln,Town Car,1997,,Sedan,,,3XXXL,3677: Lincoln Town Car 1980-1997  Sedan   无可用尺码 || 3678: Lincoln Town Car 1997-2011  Sedan   3XXXL
41443,2,MULTI,3677/3678,3XXXL/无可用尺码,非皮卡,Lincoln,Town Car,1997,,Sedan,,,无可用尺码,3677: Lincoln Town Car 1980-1997  Sedan   无可用尺码 || 3678: Lincoln Town Car 1997-2011  Sedan   3XXXL
41605,2,MULTI,3702/3703,3M-0/3S-0,非皮卡,Lotus,Esprit,1978,,Coupe,,,3M-0,3702: Lotus Esprit 1976-1979  Coupe   3S-0 || 3703: Lotus Esprit 1978-2004  Coupe   3M-0
41606,2,MULTI,3702/3703,3M-0/3S-0,非皮卡,Lotus,Esprit,1978,,Coupe,,,3S-0,3702: Lotus Esprit 1976-1979  Coupe   3S-0 || 3703: Lotus Esprit 1978-2004  Coupe   3M-0
41607,2,MULTI,3702/3703,3M-0/3S-0,非皮卡,Lotus,Esprit,1979,,Coupe,,,3M-0,3702: Lotus Esprit 1976-1979  Coupe   3S-0 || 3703: Lotus Esprit 1978-2004  Coupe   3M-0
41608,2,MULTI,3702/3703,3M-0/3S-0,非皮卡,Lotus,Esprit,1979,,Coupe,,,3S-0,3702: Lotus Esprit 1976-1979  Coupe   3S-0 || 3703: Lotus Esprit 1978-2004  Coupe   3M-0
41913,2,MULTI,3743/3744,3L/3XL,非皮卡,MG,5,2024,,Sedan,,,3L,3743: MG 5 2017-2026  Sedan   3L || 3744: MG 5 2024-2026  Sedan   3XL
41914,2,MULTI,3743/3744,3L/3XL,非皮卡,MG,5,2024,,Sedan,,,3L,3743: MG 5 2017-2026  Sedan   3L || 3744: MG 5 2024-2026  Sedan   3XL
41915,2,MULTI,3743/3744,3L/3XL,非皮卡,MG,5,2024,,Sedan,,,3XL,3743: MG 5 2017-2026  Sedan   3L || 3744: MG 5 2024-2026  Sedan   3XL
41916,2,MULTI,3743/3744,3L/3XL,非皮卡,MG,5,2025,,Sedan,,,3L,3743: MG 5 2017-2026  Sedan   3L || 3744: MG 5 2024-2026  Sedan   3XL
41917,2,MULTI,3743/3744,3L/3XL,非皮卡,MG,5,2025,,Sedan,,,3L,3743: MG 5 2017-2026  Sedan   3L || 3744: MG 5 2024-2026  Sedan   3XL
41918,2,MULTI,3743/3744,3L/3XL,非皮卡,MG,5,2025,,Sedan,,,3XL,3743: MG 5 2017-2026  Sedan   3L || 3744: MG 5 2024-2026  Sedan   3XL
41919,2,MULTI,3743/3744,3L/3XL,非皮卡,MG,5,2026,,Sedan,,,3L,3743: MG 5 2017-2026  Sedan   3L || 3744: MG 5 2024-2026  Sedan   3XL
41920,2,MULTI,3743/3744,3L/3XL,非皮卡,MG,5,2026,,Sedan,,,3L,3743: MG 5 2017-2026  Sedan   3L || 3744: MG 5 2024-2026  Sedan   3XL
41921,2,MULTI,3743/3744,3L/3XL,非皮卡,MG,5,2026,,Sedan,,,3XL,3743: MG 5 2017-2026  Sedan   3L || 3744: MG 5 2024-2026  Sedan   3XL
41961,2,MULTI,3748/3750,3L/3XL,非皮卡,MG,6,2020,,Liftback,,,3L,3748: MG 6 2010-2026  Liftback   3L || 3750: MG 6 2020-2026  Liftback   3XL
41962,2,MULTI,3748/3750,3L/3XL,非皮卡,MG,6,2020,,Liftback,,,3XL,3748: MG 6 2010-2026  Liftback   3L || 3750: MG 6 2020-2026  Liftback   3XL
41963,2,MULTI,3748/3750,3L/3XL,非皮卡,MG,6,2021,,Liftback,,,3L,3748: MG 6 2010-2026  Liftback   3L || 3750: MG 6 2020-2026  Liftback   3XL
41964,2,MULTI,3748/3750,3L/3XL,非皮卡,MG,6,2021,,Liftback,,,3XL,3748: MG 6 2010-2026  Liftback   3L || 3750: MG 6 2020-2026  Liftback   3XL
41965,2,MULTI,3748/3750,3L/3XL,非皮卡,MG,6,2022,,Liftback,,,3L,3748: MG 6 2010-2026  Liftback   3L || 3750: MG 6 2020-2026  Liftback   3XL
41966,2,MULTI,3748/3750,3L/3XL,非皮卡,MG,6,2022,,Liftback,,,3XL,3748: MG 6 2010-2026  Liftback   3L || 3750: MG 6 2020-2026  Liftback   3XL
41967,2,MULTI,3748/3750,3L/3XL,非皮卡,MG,6,2023,,Liftback,,,3L,3748: MG 6 2010-2026  Liftback   3L || 3750: MG 6 2020-2026  Liftback   3XL
41968,2,MULTI,3748/3750,3L/3XL,非皮卡,MG,6,2023,,Liftback,,,3XL,3748: MG 6 2010-2026  Liftback   3L || 3750: MG 6 2020-2026  Liftback   3XL
41969,2,MULTI,3748/3750,3L/3XL,非皮卡,MG,6,2024,,Liftback,,,3L,3748: MG 6 2010-2026  Liftback   3L || 3750: MG 6 2020-2026  Liftback   3XL
41970,2,MULTI,3748/3750,3L/3XL,非皮卡,MG,6,2024,,Liftback,,,3XL,3748: MG 6 2010-2026  Liftback   3L || 3750: MG 6 2020-2026  Liftback   3XL
41971,2,MULTI,3748/3750,3L/3XL,非皮卡,MG,6,2025,,Liftback,,,3L,3748: MG 6 2010-2026  Liftback   3L || 3750: MG 6 2020-2026  Liftback   3XL
41972,2,MULTI,3748/3750,3L/3XL,非皮卡,MG,6,2025,,Liftback,,,3XL,3748: MG 6 2010-2026  Liftback   3L || 3750: MG 6 2020-2026  Liftback   3XL
41973,2,MULTI,3748/3750,3L/3XL,非皮卡,MG,6,2026,,Liftback,,,3L,3748: MG 6 2010-2026  Liftback   3L || 3750: MG 6 2020-2026  Liftback   3XL
41974,2,MULTI,3748/3750,3L/3XL,非皮卡,MG,6,2026,,Liftback,,,3XL,3748: MG 6 2010-2026  Liftback   3L || 3750: MG 6 2020-2026  Liftback   3XL
42024,2,MULTI,3759/3760,YL/YM+,非皮卡,MG,HS,2024,,SUV,,,YL,3759: MG HS 2018-2026  SUV   YM+ || 3760: MG HS 2024-2026  SUV   YL
42025,2,MULTI,3759/3760,YL/YM+,非皮卡,MG,HS,2024,,SUV,,,YM+,3759: MG HS 2018-2026  SUV   YM+ || 3760: MG HS 2024-2026  SUV   YL
42026,2,MULTI,3759/3760,YL/YM+,非皮卡,MG,HS,2025,,SUV,,,YL,3759: MG HS 2018-2026  SUV   YM+ || 3760: MG HS 2024-2026  SUV   YL
42027,2,MULTI,3759/3760,YL/YM+,非皮卡,MG,HS,2025,,SUV,,,YM+,3759: MG HS 2018-2026  SUV   YM+ || 3760: MG HS 2024-2026  SUV   YL
42028,2,MULTI,3759/3760,YL/YM+,非皮卡,MG,HS,2026,,SUV,,,YL,3759: MG HS 2018-2026  SUV   YM+ || 3760: MG HS 2024-2026  SUV   YL
42029,2,MULTI,3759/3760,YL/YM+,非皮卡,MG,HS,2026,,SUV,,,YM+,3759: MG HS 2018-2026  SUV   YM+ || 3760: MG HS 2024-2026  SUV   YL
42362,2,MULTI,3796/3797,YM+/YS-410,非皮卡,Mahindra,Thar,2020,,SUV,,,YM+,3796: Mahindra Thar 2010-2020  SUV   YS-410 || 3797: Mahindra Thar 2020-2026  SUV   YM+
42363,2,MULTI,3796/3797,YM+/YS-410,非皮卡,Mahindra,Thar,2020,,SUV,,,YS-410,3796: Mahindra Thar 2010-2020  SUV   YS-410 || 3797: Mahindra Thar 2020-2026  SUV   YM+
43291,2,MULTI,3891/3892,3L/3M,非皮卡,Mazda,3,2008,,Sedan,,,3L,3891: Mazda 3 2003-2009  Sedan   3M || 3892: Mazda 3 2008-2026  Sedan   3L
43292,2,MULTI,3891/3892,3L/3M,非皮卡,Mazda,3,2008,,Sedan,,,3M,3891: Mazda 3 2003-2009  Sedan   3M || 3892: Mazda 3 2008-2026  Sedan   3L
43295,2,MULTI,3891/3892,3L/3M,非皮卡,Mazda,3,2009,,Sedan,,,3L,3891: Mazda 3 2003-2009  Sedan   3M || 3892: Mazda 3 2008-2026  Sedan   3L
43296,2,MULTI,3891/3892,3L/3M,非皮卡,Mazda,3,2009,,Sedan,,,3M,3891: Mazda 3 2003-2009  Sedan   3M || 3892: Mazda 3 2008-2026  Sedan   3L
43393,2,MULTI,3896/3897,3M/3S,非皮卡,Mazda,323,1985,,Sedan,,,3M,3896: Mazda 323 1980-1985  Sedan   3S || 3897: Mazda 323 1985-2003  Sedan   3M
43394,2,MULTI,3896/3897,3M/3S,非皮卡,Mazda,323,1985,,Sedan,,,3S,3896: Mazda 323 1980-1985  Sedan   3S || 3897: Mazda 323 1985-2003  Sedan   3M
43497,2,MULTI,3901/3902,2L+/2XL,非皮卡,Mazda,5,2010,,MPV,,,2L+,3901: Mazda 5 2005-2010  MPV   2L+ || 3902: Mazda 5 2010-2018  MPV   2XL
43498,2,MULTI,3901/3902,2L+/2XL,非皮卡,Mazda,5,2010,,MPV,,,2XL,3901: Mazda 5 2005-2010  MPV   2L+ || 3902: Mazda 5 2010-2018  MPV   2XL
43527,2,MULTI,3904/3906,3L/3XL,非皮卡,Mazda,6,2007,,Liftback,,,3L,3904: Mazda 6 2002-2008  Liftback   3L || 3906: Mazda 6 2007-2013  Liftback   3XL
43528,2,MULTI,3905/3907,3L/3XL,非皮卡,Mazda,6,2007,,Sedan,,,3L,3905: Mazda 6 2002-2008  Sedan   3L || 3907: Mazda 6 2007-2024  Sedan   3XL
43529,2,MULTI,3904/3906,3L/3XL,非皮卡,Mazda,6,2007,,Liftback,,,3XL,3904: Mazda 6 2002-2008  Liftback   3L || 3906: Mazda 6 2007-2013  Liftback   3XL
43530,2,MULTI,3905/3907,3L/3XL,非皮卡,Mazda,6,2007,,Sedan,,,3XL,3905: Mazda 6 2002-2008  Sedan   3L || 3907: Mazda 6 2007-2024  Sedan   3XL
43533,2,MULTI,3904/3906,3L/3XL,非皮卡,Mazda,6,2008,,Liftback,,,3L,3904: Mazda 6 2002-2008  Liftback   3L || 3906: Mazda 6 2007-2013  Liftback   3XL
43534,2,MULTI,3905/3907,3L/3XL,非皮卡,Mazda,6,2008,,Sedan,,,3L,3905: Mazda 6 2002-2008  Sedan   3L || 3907: Mazda 6 2007-2024  Sedan   3XL
43535,2,MULTI,3904/3906,3L/3XL,非皮卡,Mazda,6,2008,,Liftback,,,3XL,3904: Mazda 6 2002-2008  Liftback   3L || 3906: Mazda 6 2007-2013  Liftback   3XL
43536,2,MULTI,3905/3907,3L/3XL,非皮卡,Mazda,6,2008,,Sedan,,,3XL,3905: Mazda 6 2002-2008  Sedan   3L || 3907: Mazda 6 2007-2024  Sedan   3XL
43605,2,MULTI,3910/3913,3L/3M,非皮卡,Mazda,626,1982,,Sedan,,,3L,3910: Mazda 626 1979-1982  Sedan   3M || 3913: Mazda 626 1982-2002  Sedan   3L
43606,2,MULTI,3910/3913,3L/3M,非皮卡,Mazda,626,1982,,Sedan,,,3M,3910: Mazda 626 1979-1982  Sedan   3M || 3913: Mazda 626 1982-2002  Sedan   3L
43626,2,MULTI,3911/3915,3L-0/3M-0,非皮卡,Mazda,626,1987,,Coupe,,,3L-0,3911: Mazda 626 1979-1987  Coupe   3M-0 || 3915: Mazda 626 1987-1996  Coupe   3L-0
43627,2,MULTI,3911/3915,3L-0/3M-0,非皮卡,Mazda,626,1987,,Coupe,,,3M-0,3911: Mazda 626 1979-1987  Coupe   3M-0 || 3915: Mazda 626 1987-1996  Coupe   3L-0
43726,2,MULTI,3920/3922,3L/3M,非皮卡,Mazda,929,1978,,Sedan,,,3L,3920: Mazda 929 1972-1978  Sedan   3M || 3922: Mazda 929 1978-1992  Sedan   3L
43727,2,MULTI,3920/3922,3L/3M,非皮卡,Mazda,929,1978,,Sedan,,,3M,3920: Mazda 929 1972-1978  Sedan   3M || 3922: Mazda 929 1978-1992  Sedan   3L
43764,2,MULTI,3922/3925,3L/3XXL,非皮卡,Mazda,929,1991,,Sedan,,,3L,3922: Mazda 929 1978-1992  Sedan   3L || 3925: Mazda 929 1991-1995  Sedan   3XXL
43765,2,MULTI,3922/3925,3L/3XXL,非皮卡,Mazda,929,1991,,Sedan,,,3XXL,3922: Mazda 929 1978-1992  Sedan   3L || 3925: Mazda 929 1991-1995  Sedan   3XXL
43766,2,MULTI,3922/3925,3L/3XXL,非皮卡,Mazda,929,1992,,Sedan,,,3L,3922: Mazda 929 1978-1992  Sedan   3L || 3925: Mazda 929 1991-1995  Sedan   3XXL
43767,2,MULTI,3922/3925,3L/3XXL,非皮卡,Mazda,929,1992,,Sedan,,,3XXL,3922: Mazda 929 1978-1992  Sedan   3L || 3925: Mazda 929 1991-1995  Sedan   3XXL
43832,2,MULTI,3929/3931,3L/3XL,非皮卡,Mazda,Atenza,2008,,Liftback,,,3L,3929: Mazda Atenza 2002-2008  Liftback   3L || 3931: Mazda Atenza 2008-2012  Liftback   3XL
43833,2,MULTI,3930/3932,3L/3XL,非皮卡,Mazda,Atenza,2008,,Sedan,,,3L,3930: Mazda Atenza 2002-2008  Sedan   3L || 3932: Mazda Atenza 2008-2022  Sedan   3XL
43834,2,MULTI,3929/3931,3L/3XL,非皮卡,Mazda,Atenza,2008,,Liftback,,,3XL,3929: Mazda Atenza 2002-2008  Liftback   3L || 3931: Mazda Atenza 2008-2012  Liftback   3XL
43835,2,MULTI,3930/3932,3L/3XL,非皮卡,Mazda,Atenza,2008,,Sedan,,,3XL,3930: Mazda Atenza 2002-2008  Sedan   3L || 3932: Mazda Atenza 2008-2022  Sedan   3XL
43906,2,MULTI,3937/3938,3L/3M,非皮卡,Mazda,Axela,2009,,Sedan,,,3L,3937: Mazda Axela 2003-2009  Sedan   3M || 3938: Mazda Axela 2009-2019  Sedan   3L
43907,2,MULTI,3937/3938,3L/3M,非皮卡,Mazda,Axela,2009,,Sedan,,,3M,3937: Mazda Axela 2003-2009  Sedan   3M || 3938: Mazda Axela 2009-2019  Sedan   3L
43979,2,MULTI,3942/3944,2L-200/2XL-200,非皮卡,Mazda,Bongo,1983,,Van,,,2L-200,3942: Mazda Bongo 1977-1983  Van   2L-200 || 3944: Mazda Bongo 1983-1999  Van   2XL-200
43981,2,MULTI,3942/3944,2L-200/2XL-200,非皮卡,Mazda,Bongo,1983,,Van,,,2XL-200,3942: Mazda Bongo 1977-1983  Van   2L-200 || 3944: Mazda Bongo 1983-1999  Van   2XL-200
44027,2,MULTI,3941/3945,2L-200/2XL,非皮卡,Mazda,Bongo,1999,,MPV,,,2L-200,3941: Mazda Bongo 1977-1999  MPV   2L-200 || 3945: Mazda Bongo 1999-2020  MPV   2XL
44028,2,MULTI,3941/3945,2L-200/2XL,非皮卡,Mazda,Bongo,1999,,MPV,,,2XL,3941: Mazda Bongo 1977-1999  MPV   2L-200 || 3945: Mazda Bongo 1999-2020  MPV   2XL
44029,2,MULTI,3944/3946,2XL/2XL-200,非皮卡,Mazda,Bongo,1999,,Van,,,2XL,3944: Mazda Bongo 1983-1999  Van   2XL-200 || 3946: Mazda Bongo 1999-2020  Van   2XL
44032,2,MULTI,3944/3946,2XL/2XL-200,非皮卡,Mazda,Bongo,1999,,Van,,,2XL-200,3944: Mazda Bongo 1983-1999  Van   2XL-200 || 3946: Mazda Bongo 1999-2020  Van   2XL
44157,2,MULTI,3951/3952,YL/YM+,非皮卡,Mazda,CX-5,2025,,SUV,,,YL,3951: Mazda CX-5 2011-2026  SUV   YM+ || 3952: Mazda CX-5 2025-2026  SUV   YL
44158,2,MULTI,3951/3952,YL/YM+,非皮卡,Mazda,CX-5,2025,,SUV,,,YM+,3951: Mazda CX-5 2011-2026  SUV   YM+ || 3952: Mazda CX-5 2025-2026  SUV   YL
44159,2,MULTI,3951/3952,YL/YM+,非皮卡,Mazda,CX-5,2026,,SUV,,,YL,3951: Mazda CX-5 2011-2026  SUV   YM+ || 3952: Mazda CX-5 2025-2026  SUV   YL
44160,2,MULTI,3951/3952,YL/YM+,非皮卡,Mazda,CX-5,2026,,SUV,,,YM+,3951: Mazda CX-5 2011-2026  SUV   YM+ || 3952: Mazda CX-5 2025-2026  SUV   YL
44269,2,MULTI,3963/3966,3L/3M,非皮卡,Mazda,Capella,1994,,Sedan,,,3L,3963: Mazda Capella 1982-1999  Sedan   3M || 3966: Mazda Capella 1994-2002  Sedan   3L
44270,2,MULTI,3963/3966,3L/3M,非皮卡,Mazda,Capella,1994,,Sedan,,,3M,3963: Mazda Capella 1982-1999  Sedan   3M || 3966: Mazda Capella 1994-2002  Sedan   3L
44274,2,MULTI,3963/3966,3L/3M,非皮卡,Mazda,Capella,1995,,Sedan,,,3L,3963: Mazda Capella 1982-1999  Sedan   3M || 3966: Mazda Capella 1994-2002  Sedan   3L
44275,2,MULTI,3963/3966,3L/3M,非皮卡,Mazda,Capella,1995,,Sedan,,,3M,3963: Mazda Capella 1982-1999  Sedan   3M || 3966: Mazda Capella 1994-2002  Sedan   3L
44279,2,MULTI,3963/3966,3L/3M,非皮卡,Mazda,Capella,1996,,Sedan,,,3L,3963: Mazda Capella 1982-1999  Sedan   3M || 3966: Mazda Capella 1994-2002  Sedan   3L
44280,2,MULTI,3963/3966,3L/3M,非皮卡,Mazda,Capella,1996,,Sedan,,,3M,3963: Mazda Capella 1982-1999  Sedan   3M || 3966: Mazda Capella 1994-2002  Sedan   3L
44285,2,MULTI,3963/3966,3L/3M,非皮卡,Mazda,Capella,1997,,Sedan,,,3L,3963: Mazda Capella 1982-1999  Sedan   3M || 3966: Mazda Capella 1994-2002  Sedan   3L
44286,2,MULTI,3963/3966,3L/3M,非皮卡,Mazda,Capella,1997,,Sedan,,,3L,3963: Mazda Capella 1982-1999  Sedan   3M || 3966: Mazda Capella 1994-2002  Sedan   3L
44287,2,MULTI,3963/3966,3L/3M,非皮卡,Mazda,Capella,1997,,Sedan,,,3M,3963: Mazda Capella 1982-1999  Sedan   3M || 3966: Mazda Capella 1994-2002  Sedan   3L
44292,2,MULTI,3963/3966,3L/3M,非皮卡,Mazda,Capella,1998,,Sedan,,,3L,3963: Mazda Capella 1982-1999  Sedan   3M || 3966: Mazda Capella 1994-2002  Sedan   3L
44293,2,MULTI,3963/3966,3L/3M,非皮卡,Mazda,Capella,1998,,Sedan,,,3M,3963: Mazda Capella 1982-1999  Sedan   3M || 3966: Mazda Capella 1994-2002  Sedan   3L
44298,2,MULTI,3963/3966,3L/3M,非皮卡,Mazda,Capella,1999,,Sedan,,,3L,3963: Mazda Capella 1982-1999  Sedan   3M || 3966: Mazda Capella 1994-2002  Sedan   3L
44299,2,MULTI,3963/3966,3L/3M,非皮卡,Mazda,Capella,1999,,Sedan,,,3M,3963: Mazda Capella 1982-1999  Sedan   3M || 3966: Mazda Capella 1994-2002  Sedan   3L
44525,2,MULTI,3990/3992,3M/3S,非皮卡,Mazda,Familia,1989,,Sedan,,,3M,3990: Mazda Familia 1985-1994  Sedan   3S || 3992: Mazda Familia 1989-2004  Sedan   3M
44526,2,MULTI,3990/3992,3M/3S,非皮卡,Mazda,Familia,1989,,Sedan,,,3S,3990: Mazda Familia 1985-1994  Sedan   3S || 3992: Mazda Familia 1989-2004  Sedan   3M
44533,2,MULTI,3990/3992,3M/3S,非皮卡,Mazda,Familia,1990,,Sedan,,,3M,3990: Mazda Familia 1985-1994  Sedan   3S || 3992: Mazda Familia 1989-2004  Sedan   3M
44534,2,MULTI,3990/3992,3M/3S,非皮卡,Mazda,Familia,1990,,Sedan,,,3S,3990: Mazda Familia 1985-1994  Sedan   3S || 3992: Mazda Familia 1989-2004  Sedan   3M
44541,2,MULTI,3990/3992,3M/3S,非皮卡,Mazda,Familia,1991,,Sedan,,,3M,3990: Mazda Familia 1985-1994  Sedan   3S || 3992: Mazda Familia 1989-2004  Sedan   3M
44542,2,MULTI,3990/3992,3M/3S,非皮卡,Mazda,Familia,1991,,Sedan,,,3S,3990: Mazda Familia 1985-1994  Sedan   3S || 3992: Mazda Familia 1989-2004  Sedan   3M
44549,2,MULTI,3990/3992,3M/3S,非皮卡,Mazda,Familia,1992,,Sedan,,,3M,3990: Mazda Familia 1985-1994  Sedan   3S || 3992: Mazda Familia 1989-2004  Sedan   3M
44550,2,MULTI,3990/3992,3M/3S,非皮卡,Mazda,Familia,1992,,Sedan,,,3S,3990: Mazda Familia 1985-1994  Sedan   3S || 3992: Mazda Familia 1989-2004  Sedan   3M
44557,2,MULTI,3990/3992,3M/3S,非皮卡,Mazda,Familia,1993,,Sedan,,,3M,3990: Mazda Familia 1985-1994  Sedan   3S || 3992: Mazda Familia 1989-2004  Sedan   3M
44558,2,MULTI,3990/3992,3M/3S,非皮卡,Mazda,Familia,1993,,Sedan,,,3S,3990: Mazda Familia 1985-1994  Sedan   3S || 3992: Mazda Familia 1989-2004  Sedan   3M
44568,2,MULTI,3990/3992,3M/3S,非皮卡,Mazda,Familia,1994,,Sedan,,,3M,3990: Mazda Familia 1985-1994  Sedan   3S || 3992: Mazda Familia 1989-2004  Sedan   3M
44569,2,MULTI,3990/3992,3M/3S,非皮卡,Mazda,Familia,1994,,Sedan,,,3M,3990: Mazda Familia 1985-1994  Sedan   3S || 3992: Mazda Familia 1989-2004  Sedan   3M
44570,2,MULTI,3990/3992,3M/3S,非皮卡,Mazda,Familia,1994,,Sedan,,,3S,3990: Mazda Familia 1985-1994  Sedan   3S || 3992: Mazda Familia 1989-2004  Sedan   3M
44687,2,MULTI,3995/3996,2S/无可用尺码,非皮卡,Mazda,Flair Wagon,2017,,MPV,,,2S,3995: Mazda Flair Wagon 2012-2018  MPV   2S || 3996: Mazda Flair Wagon 2017-2026  MPV   无可用尺码
44688,2,MULTI,3995/3996,2S/无可用尺码,非皮卡,Mazda,Flair Wagon,2017,,MPV,,,无可用尺码,3995: Mazda Flair Wagon 2012-2018  MPV   2S || 3996: Mazda Flair Wagon 2017-2026  MPV   无可用尺码
44689,2,MULTI,3995/3996,2S/无可用尺码,非皮卡,Mazda,Flair Wagon,2018,,MPV,,,2S,3995: Mazda Flair Wagon 2012-2018  MPV   2S || 3996: Mazda Flair Wagon 2017-2026  MPV   无可用尺码
44690,2,MULTI,3995/3996,2S/无可用尺码,非皮卡,Mazda,Flair Wagon,2018,,MPV,,,无可用尺码,3995: Mazda Flair Wagon 2012-2018  MPV   2S || 3996: Mazda Flair Wagon 2017-2026  MPV   无可用尺码
44743,2,MULTI,4001/4002,3L/3XL,非皮卡,Mazda,Luce,1986,,Sedan,,,3L,4001: Mazda Luce 1977-1988  Sedan   3L || 4002: Mazda Luce 1986-1991  Sedan   3XL
44744,2,MULTI,4001/4002,3L/3XL,非皮卡,Mazda,Luce,1986,,Sedan,,,3L,4001: Mazda Luce 1977-1988  Sedan   3L || 4002: Mazda Luce 1986-1991  Sedan   3XL
44745,2,MULTI,4001/4002,3L/3XL,非皮卡,Mazda,Luce,1986,,Sedan,,,3XL,4001: Mazda Luce 1977-1988  Sedan   3L || 4002: Mazda Luce 1986-1991  Sedan   3XL
44747,2,MULTI,4001/4002,3L/3XL,非皮卡,Mazda,Luce,1987,,Sedan,,,3L,4001: Mazda Luce 1977-1988  Sedan   3L || 4002: Mazda Luce 1986-1991  Sedan   3XL
44748,2,MULTI,4001/4002,3L/3XL,非皮卡,Mazda,Luce,1987,,Sedan,,,3XL,4001: Mazda Luce 1977-1988  Sedan   3L || 4002: Mazda Luce 1986-1991  Sedan   3XL
44750,2,MULTI,4001/4002,3L/3XL,非皮卡,Mazda,Luce,1988,,Sedan,,,3L,4001: Mazda Luce 1977-1988  Sedan   3L || 4002: Mazda Luce 1986-1991  Sedan   3XL
44751,2,MULTI,4001/4002,3L/3XL,非皮卡,Mazda,Luce,1988,,Sedan,,,3XL,4001: Mazda Luce 1977-1988  Sedan   3L || 4002: Mazda Luce 1986-1991  Sedan   3XL
44775,2,MULTI,4003/4004,2XL/2XL+,非皮卡,Mazda,MPV,2006,,MPV,,,2XL,4003: Mazda MPV 1988-2006  MPV   2XL || 4004: Mazda MPV 2006-2016  MPV   2XL+
44776,2,MULTI,4003/4004,2XL/2XL+,非皮卡,Mazda,MPV,2006,,MPV,,,2XL+,4003: Mazda MPV 1988-2006  MPV   2XL || 4004: Mazda MPV 2006-2016  MPV   2XL+
44900,2,MULTI,4012/4013,2L+/2XL,非皮卡,Mazda,Premacy,2010,,MPV,,,2L+,4012: Mazda Premacy 1999-2010  MPV   2L+ || 4013: Mazda Premacy 2010-2017  MPV   2XL
44901,2,MULTI,4012/4013,2L+/2XL,非皮卡,Mazda,Premacy,2010,,MPV,,,2XL,4012: Mazda Premacy 1999-2010  MPV   2L+ || 4013: Mazda Premacy 2010-2017  MPV   2XL
45408,2,MULTI,4064/4065,2M/2S,非皮卡,Mercedes-Benz,A-Класс,2001,,Hatchback,,,2M,4064: Mercedes-Benz A-Класс 1997-2001  Hatchback   2S || 4065: Mercedes-Benz A-Класс 2001-2012  Hatchback   2M
45410,2,MULTI,4064/4065,2M/2S,非皮卡,Mercedes-Benz,A-Класс,2001,,Hatchback,,,2S,4064: Mercedes-Benz A-Класс 1997-2001  Hatchback   2S || 4065: Mercedes-Benz A-Класс 2001-2012  Hatchback   2M
45426,2,MULTI,4065/4067,2L+/2M,非皮卡,Mercedes-Benz,A-Класс,2012,,Hatchback,,,2L+,4065: Mercedes-Benz A-Класс 2001-2012  Hatchback   2M || 4067: Mercedes-Benz A-Класс 2012-2026  Hatchback   2L+
45427,2,MULTI,4065/4067,2L+/2M,非皮卡,Mercedes-Benz,A-Класс,2012,,Hatchback,,,2M,4065: Mercedes-Benz A-Класс 2001-2012  Hatchback   2M || 4067: Mercedes-Benz A-Класс 2012-2026  Hatchback   2L+
45506,2,MULTI,4071/4073,3L-0/3XL-0,非皮卡,Mercedes-Benz,AMG GT,2023,,Coupe,,,3L-0,4071: Mercedes-Benz AMG GT 2014-2023  Coupe   3L-0 || 4073: Mercedes-Benz AMG GT 2023-2026  Coupe   3XL-0
45508,2,MULTI,4071/4073,3L-0/3XL-0,非皮卡,Mercedes-Benz,AMG GT,2023,,Coupe,,,3XL-0,4071: Mercedes-Benz AMG GT 2014-2023  Coupe   3L-0 || 4073: Mercedes-Benz AMG GT 2023-2026  Coupe   3XL-0
45570,2,MULTI,4079/4081,2L+/2XL,非皮卡,Mercedes-Benz,C-Класс,1997,,Wagon,,,2L+,4079: Mercedes-Benz C-Класс 1993-1997  Wagon   2L+ || 4081: Mercedes-Benz C-Класс 1997-2026  Wagon   2XL
45571,2,MULTI,4079/4081,2L+/2XL,非皮卡,Mercedes-Benz,C-Класс,1997,,Wagon,,,2XL,4079: Mercedes-Benz C-Класс 1993-1997  Wagon   2L+ || 4081: Mercedes-Benz C-Класс 1997-2026  Wagon   2XL
45581,2,MULTI,4080/4083,3L/3M,非皮卡,Mercedes-Benz,C-Класс,2000,,Sedan,,,3L,4080: Mercedes-Benz C-Класс 1993-2001  Sedan   3M || 4083: Mercedes-Benz C-Класс 2000-2023  Sedan   3L
45582,2,MULTI,4080/4083,3L/3M,非皮卡,Mercedes-Benz,C-Класс,2000,,Sedan,,,3M,4080: Mercedes-Benz C-Класс 1993-2001  Sedan   3M || 4083: Mercedes-Benz C-Класс 2000-2023  Sedan   3L
45586,2,MULTI,4080/4083,3L/3M,非皮卡,Mercedes-Benz,C-Класс,2001,,Sedan,,,3L,4080: Mercedes-Benz C-Класс 1993-2001  Sedan   3M || 4083: Mercedes-Benz C-Класс 2000-2023  Sedan   3L
45587,2,MULTI,4080/4083,3L/3M,非皮卡,Mercedes-Benz,C-Класс,2001,,Sedan,,,3M,4080: Mercedes-Benz C-Класс 1993-2001  Sedan   3M || 4083: Mercedes-Benz C-Класс 2000-2023  Sedan   3L
45677,2,MULTI,4083/4087,3L/3XL,非皮卡,Mercedes-Benz,C-Класс,2021,,Sedan,,,3L,4083: Mercedes-Benz C-Класс 2000-2023  Sedan   3L || 4087: Mercedes-Benz C-Класс 2021-2026  Sedan   3XL
45680,2,MULTI,4083/4087,3L/3XL,非皮卡,Mercedes-Benz,C-Класс,2021,,Sedan,,,3XL,4083: Mercedes-Benz C-Класс 2000-2023  Sedan   3L || 4087: Mercedes-Benz C-Класс 2021-2026  Sedan   3XL
45681,2,MULTI,4085/4088,3XL/3XXL,非皮卡,Mercedes-Benz,C-Класс,2021,Long,Sedan,,,3XL,4085: Mercedes-Benz C-Класс 2018-2023 Long Sedan   3XL || 4088: Mercedes-Benz C-Класс 2021-2026 Long Sedan   3XXL
45682,2,MULTI,4085/4088,3XL/3XXL,非皮卡,Mercedes-Benz,C-Класс,2021,Long,Sedan,,,3XXL,4085: Mercedes-Benz C-Класс 2018-2023 Long Sedan   3XL || 4088: Mercedes-Benz C-Класс 2021-2026 Long Sedan   3XXL
45686,2,MULTI,4083/4087,3L/3XL,非皮卡,Mercedes-Benz,C-Класс,2022,,Sedan,,,3L,4083: Mercedes-Benz C-Класс 2000-2023  Sedan   3L || 4087: Mercedes-Benz C-Класс 2021-2026  Sedan   3XL
45689,2,MULTI,4083/4087,3L/3XL,非皮卡,Mercedes-Benz,C-Класс,2022,,Sedan,,,3XL,4083: Mercedes-Benz C-Класс 2000-2023  Sedan   3L || 4087: Mercedes-Benz C-Класс 2021-2026  Sedan   3XL
45690,2,MULTI,4085/4088,3XL/3XXL,非皮卡,Mercedes-Benz,C-Класс,2022,Long,Sedan,,,3XL,4085: Mercedes-Benz C-Класс 2018-2023 Long Sedan   3XL || 4088: Mercedes-Benz C-Класс 2021-2026 Long Sedan   3XXL
45691,2,MULTI,4085/4088,3XL/3XXL,非皮卡,Mercedes-Benz,C-Класс,2022,Long,Sedan,,,3XXL,4085: Mercedes-Benz C-Класс 2018-2023 Long Sedan   3XL || 4088: Mercedes-Benz C-Класс 2021-2026 Long Sedan   3XXL
45695,2,MULTI,4083/4087,3L/3XL,非皮卡,Mercedes-Benz,C-Класс,2023,,Sedan,,,3L,4083: Mercedes-Benz C-Класс 2000-2023  Sedan   3L || 4087: Mercedes-Benz C-Класс 2021-2026  Sedan   3XL
45698,2,MULTI,4083/4087,3L/3XL,非皮卡,Mercedes-Benz,C-Класс,2023,,Sedan,,,3XL,4083: Mercedes-Benz C-Класс 2000-2023  Sedan   3L || 4087: Mercedes-Benz C-Класс 2021-2026  Sedan   3XL
45699,2,MULTI,4085/4088,3XL/3XXL,非皮卡,Mercedes-Benz,C-Класс,2023,Long,Sedan,,,3XL,4085: Mercedes-Benz C-Класс 2018-2023 Long Sedan   3XL || 4088: Mercedes-Benz C-Класс 2021-2026 Long Sedan   3XXL
45700,2,MULTI,4085/4088,3XL/3XXL,非皮卡,Mercedes-Benz,C-Класс,2023,Long,Sedan,,,3XXL,4085: Mercedes-Benz C-Класс 2018-2023 Long Sedan   3XL || 4088: Mercedes-Benz C-Класс 2021-2026 Long Sedan   3XXL
45711,2,MULTI,4087/4089,3XL/3XXL,非皮卡,Mercedes-Benz,C-Класс,2026,,Sedan,,,3XL,4087: Mercedes-Benz C-Класс 2021-2026  Sedan   3XL || 4089: Mercedes-Benz C-Класс 2026  Sedan   3XXL
45712,2,MULTI,4087/4089,3XL/3XXL,非皮卡,Mercedes-Benz,C-Класс,2026,,Sedan,,,3XXL,4087: Mercedes-Benz C-Класс 2021-2026  Sedan   3XL || 4089: Mercedes-Benz C-Класс 2026  Sedan   3XXL
45749,2,MULTI,4094/4095,3L/3XL,非皮卡,Mercedes-Benz,C-Класс AMG,2007,,Sedan,,,3L,4094: Mercedes-Benz C-Класс AMG 2001-2007  Sedan   3L || 4095: Mercedes-Benz C-Класс AMG 2007-2026  Sedan   3XL
45750,2,MULTI,4094/4095,3L/3XL,非皮卡,Mercedes-Benz,C-Класс AMG,2007,,Sedan,,,3XL,4094: Mercedes-Benz C-Класс AMG 2001-2007  Sedan   3L || 4095: Mercedes-Benz C-Класс AMG 2007-2026  Sedan   3XL
45903,2,MULTI,4100/4101,3L/3XL,非皮卡,Mercedes-Benz,CLA,2025,,Sedan,,,3L,4100: Mercedes-Benz CLA 2013-2025  Sedan   3L || 4101: Mercedes-Benz CLA 2025-2026  Sedan   3XL
45904,2,MULTI,4100/4101,3L/3XL,非皮卡,Mercedes-Benz,CLA,2025,,Sedan,,,3XL,4100: Mercedes-Benz CLA 2013-2025  Sedan   3L || 4101: Mercedes-Benz CLA 2025-2026  Sedan   3XL
46121,2,MULTI,4116/4117,2XL/无可用尺码,非皮卡,Mercedes-Benz,Citan,2021,,MPV,,,2XL,4116: Mercedes-Benz Citan 2012-2021  MPV   无可用尺码 || 4117: Mercedes-Benz Citan 2021-2026  MPV   2XL
46124,2,MULTI,4116/4117,2XL/无可用尺码,非皮卡,Mercedes-Benz,Citan,2021,,MPV,,,无可用尺码,4116: Mercedes-Benz Citan 2012-2021  MPV   无可用尺码 || 4117: Mercedes-Benz Citan 2021-2026  MPV   2XL
46150,2,MULTI,4118/4122,2XL/2XL+,非皮卡,Mercedes-Benz,E-Класс,1995,,Wagon,,,2XL,4118: Mercedes-Benz E-Класс 1992-1997  Wagon   2XL || 4122: Mercedes-Benz E-Класс 1995-2026  Wagon   2XL+
46151,2,MULTI,4118/4122,2XL/2XL+,非皮卡,Mercedes-Benz,E-Класс,1995,,Wagon,,,2XL+,4118: Mercedes-Benz E-Класс 1992-1997  Wagon   2XL || 4122: Mercedes-Benz E-Класс 1995-2026  Wagon   2XL+
46157,2,MULTI,4118/4122,2XL/2XL+,非皮卡,Mercedes-Benz,E-Класс,1996,,Wagon,,,2XL,4118: Mercedes-Benz E-Класс 1992-1997  Wagon   2XL || 4122: Mercedes-Benz E-Класс 1995-2026  Wagon   2XL+
46158,2,MULTI,4118/4122,2XL/2XL+,非皮卡,Mercedes-Benz,E-Класс,1996,,Wagon,,,2XL+,4118: Mercedes-Benz E-Класс 1992-1997  Wagon   2XL || 4122: Mercedes-Benz E-Класс 1995-2026  Wagon   2XL+
46164,2,MULTI,4118/4122,2XL/2XL+,非皮卡,Mercedes-Benz,E-Класс,1997,,Wagon,,,2XL,4118: Mercedes-Benz E-Класс 1992-1997  Wagon   2XL || 4122: Mercedes-Benz E-Класс 1995-2026  Wagon   2XL+
46165,2,MULTI,4118/4122,2XL/2XL+,非皮卡,Mercedes-Benz,E-Класс,1997,,Wagon,,,2XL+,4118: Mercedes-Benz E-Класс 1992-1997  Wagon   2XL || 4122: Mercedes-Benz E-Класс 1995-2026  Wagon   2XL+
46221,2,MULTI,4124/4126,3L-0/3XL-0,非皮卡,Mercedes-Benz,E-Класс,2013,,Convertible,,,3L-0,4124: Mercedes-Benz E-Класс 2009-2013  Convertible   3L-0 || 4126: Mercedes-Benz E-Класс 2013-2023  Convertible   3XL-0
46222,2,MULTI,4125/4127,3L-0/3XL-0,非皮卡,Mercedes-Benz,E-Класс,2013,,Coupe,,,3L-0,4125: Mercedes-Benz E-Класс 2009-2013  Coupe   3L-0 || 4127: Mercedes-Benz E-Класс 2013-2023  Coupe   3XL-0
46225,2,MULTI,4124/4126,3L-0/3XL-0,非皮卡,Mercedes-Benz,E-Класс,2013,,Convertible,,,3XL-0,4124: Mercedes-Benz E-Класс 2009-2013  Convertible   3L-0 || 4126: Mercedes-Benz E-Класс 2013-2023  Convertible   3XL-0
46226,2,MULTI,4125/4127,3L-0/3XL-0,非皮卡,Mercedes-Benz,E-Класс,2013,,Coupe,,,3XL-0,4125: Mercedes-Benz E-Класс 2009-2013  Coupe   3L-0 || 4127: Mercedes-Benz E-Класс 2013-2023  Coupe   3XL-0
46238,2,MULTI,4123/4129,3XL/3XXL,非皮卡,Mercedes-Benz,E-Класс,2016,,Sedan,,,3XL,4123: Mercedes-Benz E-Класс 1995-2016  Sedan   3XL || 4129: Mercedes-Benz E-Класс 2016-2026  Sedan   3XXL
46243,2,MULTI,4123/4129,3XL/3XXL,非皮卡,Mercedes-Benz,E-Класс,2016,,Sedan,,,3XXL,4123: Mercedes-Benz E-Класс 1995-2016  Sedan   3XL || 4129: Mercedes-Benz E-Класс 2016-2026  Sedan   3XXL
46317,2,MULTI,4131/4134,2XL/2XL+,非皮卡,Mercedes-Benz,E-Класс AMG,1996,,Wagon,,,2XL,4131: Mercedes-Benz E-Класс AMG 1994-1996  Wagon   2XL || 4134: Mercedes-Benz E-Класс AMG 1996-2026  Wagon   2XL+
46318,2,MULTI,4131/4134,2XL/2XL+,非皮卡,Mercedes-Benz,E-Класс AMG,1996,,Wagon,,,2XL+,4131: Mercedes-Benz E-Класс AMG 1994-1996  Wagon   2XL || 4134: Mercedes-Benz E-Класс AMG 1996-2026  Wagon   2XL+
46355,2,MULTI,4133/4135,3XL/3XXL,非皮卡,Mercedes-Benz,E-Класс AMG,2009,,Sedan,,,3XL,4133: Mercedes-Benz E-Класс AMG 1994-2009  Sedan   3XL || 4135: Mercedes-Benz E-Класс AMG 2009-2026  Sedan   3XXL
46356,2,MULTI,4133/4135,3XL/3XXL,非皮卡,Mercedes-Benz,E-Класс AMG,2009,,Sedan,,,3XXL,4133: Mercedes-Benz E-Класс AMG 1994-2009  Sedan   3XL || 4135: Mercedes-Benz E-Класс AMG 2009-2026  Sedan   3XXL
46675,2,MULTI,4155/4156,YL/YXL,非皮卡,Mercedes-Benz,G-Класс AMG,2018,,SUV,,,YL,4155: Mercedes-Benz G-Класс AMG 1993-2018  SUV   YL || 4156: Mercedes-Benz G-Класс AMG 2018-2026  SUV   YXL
46676,2,MULTI,4155/4156,YL/YXL,非皮卡,Mercedes-Benz,G-Класс AMG,2018,,SUV,,,YXL,4155: Mercedes-Benz G-Класс AMG 1993-2018  SUV   YL || 4156: Mercedes-Benz G-Класс AMG 2018-2026  SUV   YXL
46700,2,MULTI,4158/4159,YXL/YXXL,非皮卡,Mercedes-Benz,GL-Класс,2012,,SUV,,,YXL,4158: Mercedes-Benz GL-Класс 2006-2012  SUV   YXL || 4159: Mercedes-Benz GL-Класс 2012-2016  SUV   YXXL
46701,2,MULTI,4158/4159,YXL/YXXL,非皮卡,Mercedes-Benz,GL-Класс,2012,,SUV,,,YXXL,4158: Mercedes-Benz GL-Класс 2006-2012  SUV   YXL || 4159: Mercedes-Benz GL-Класс 2012-2016  SUV   YXXL
46784,2,MULTI,4165/4167,YL/YXL,非皮卡,Mercedes-Benz,GLC,2026,,SUV,,,YL,4165: Mercedes-Benz GLC 2015-2026  SUV   YL || 4167: Mercedes-Benz GLC 2026  SUV   YXL
46785,2,MULTI,4166/4168,YL/YXL,非皮卡,Mercedes-Benz,GLC,2026,L,SUV,,,YL,4166: Mercedes-Benz GLC 2019-2026 L SUV   YL || 4168: Mercedes-Benz GLC 2026 L SUV   YXL
46786,2,MULTI,4165/4167,YL/YXL,非皮卡,Mercedes-Benz,GLC,2026,,SUV,,,YXL,4165: Mercedes-Benz GLC 2015-2026  SUV   YL || 4167: Mercedes-Benz GLC 2026  SUV   YXL
46787,2,MULTI,4166/4168,YL/YXL,非皮卡,Mercedes-Benz,GLC,2026,L,SUV,,,YXL,4166: Mercedes-Benz GLC 2019-2026 L SUV   YL || 4168: Mercedes-Benz GLC 2026 L SUV   YXL
46829,2,MULTI,4172/4173,YL/YXL,非皮卡,Mercedes-Benz,GLE,2018,,SUV,,,YL,4172: Mercedes-Benz GLE 2015-2018  SUV   YL || 4173: Mercedes-Benz GLE 2018-2026  SUV   YXL
46830,2,MULTI,4172/4173,YL/YXL,非皮卡,Mercedes-Benz,GLE,2018,,SUV,,,YXL,4172: Mercedes-Benz GLE 2015-2018  SUV   YL || 4173: Mercedes-Benz GLE 2018-2026  SUV   YXL
46931,2,MULTI,4180/4181,YL/YM+,非皮卡,Mercedes-Benz,M-Класс,2001,,SUV,,,YL,4180: Mercedes-Benz M-Класс 1997-2001  SUV   YM+ || 4181: Mercedes-Benz M-Класс 2001-2015  SUV   YL
46932,2,MULTI,4180/4181,YL/YM+,非皮卡,Mercedes-Benz,M-Класс,2001,,SUV,,,YM+,4180: Mercedes-Benz M-Класс 1997-2001  SUV   YM+ || 4181: Mercedes-Benz M-Класс 2001-2015  SUV   YL
46994,2,MULTI,4184/4185,2XXL-525/2XXL-545,非皮卡,Mercedes-Benz,Marco Polo,2019,,MPV,,,2XXL-525,4184: Mercedes-Benz Marco Polo 2004-2019  MPV   2XXL-525 || 4185: Mercedes-Benz Marco Polo 2019-2026  MPV   2XXL-545
46995,2,MULTI,4184/4185,2XXL-525/2XXL-545,非皮卡,Mercedes-Benz,Marco Polo,2019,,MPV,,,2XXL-545,4184: Mercedes-Benz Marco Polo 2004-2019  MPV   2XXL-525 || 4185: Mercedes-Benz Marco Polo 2019-2026  MPV   2XXL-545
47070,2,MULTI,4194/4196,2XL+/2XXL-525,非皮卡,Mercedes-Benz,R-Класс,2007,,MPV,,,2XL+,4194: Mercedes-Benz R-Класс 2005-2007  MPV   2XL+ || 4196: Mercedes-Benz R-Класс 2007-2010  MPV   2XXL-525
47071,2,MULTI,4194/4196,2XL+/2XXL-525,非皮卡,Mercedes-Benz,R-Класс,2007,,MPV,,,2XXL-525,4194: Mercedes-Benz R-Класс 2005-2007  MPV   2XL+ || 4196: Mercedes-Benz R-Класс 2007-2010  MPV   2XXL-525
47078,2,MULTI,4196/4197,2XL+/2XXL-525,非皮卡,Mercedes-Benz,R-Класс,2010,,MPV,,,2XL+,4196: Mercedes-Benz R-Класс 2007-2010  MPV   2XXL-525 || 4197: Mercedes-Benz R-Класс 2010-2017  MPV   2XL+
47079,2,MULTI,4196/4197,2XL+/2XXL-525,非皮卡,Mercedes-Benz,R-Класс,2010,,MPV,,,2XXL-525,4196: Mercedes-Benz R-Класс 2007-2010  MPV   2XXL-525 || 4197: Mercedes-Benz R-Класс 2010-2017  MPV   2XL+
47080,2,MULTI,4195/4198,2XXL-525/2XXL-545,非皮卡,Mercedes-Benz,R-Класс,2010,Long,MPV,,,2XXL-525,4195: Mercedes-Benz R-Класс 2005-2010 Long MPV   2XXL-525 || 4198: Mercedes-Benz R-Класс 2010-2017 Long MPV   2XXL-545
47081,2,MULTI,4195/4198,2XXL-525/2XXL-545,非皮卡,Mercedes-Benz,R-Класс,2010,Long,MPV,,,2XXL-545,4195: Mercedes-Benz R-Класс 2005-2010 Long MPV   2XXL-525 || 4198: Mercedes-Benz R-Класс 2010-2017 Long MPV   2XXL-545
47108,2,MULTI,4201/4203,3XXL/3XXXL,非皮卡,Mercedes-Benz,S-Класс,1979,,Sedan,,,3XXL,4201: Mercedes-Benz S-Класс 1972-1980  Sedan   3XXL || 4203: Mercedes-Benz S-Класс 1979-1991  Sedan   3XXXL
47109,2,MULTI,4201/4203,3XXL/3XXXL,非皮卡,Mercedes-Benz,S-Класс,1979,,Sedan,,,3XXXL,4201: Mercedes-Benz S-Класс 1972-1980  Sedan   3XXL || 4203: Mercedes-Benz S-Класс 1979-1991  Sedan   3XXXL
47111,2,MULTI,4201/4203,3XXL/3XXXL,非皮卡,Mercedes-Benz,S-Класс,1980,,Sedan,,,3XXL,4201: Mercedes-Benz S-Класс 1972-1980  Sedan   3XXL || 4203: Mercedes-Benz S-Класс 1979-1991  Sedan   3XXXL
47112,2,MULTI,4201/4203,3XXL/3XXXL,非皮卡,Mercedes-Benz,S-Класс,1980,,Sedan,,,3XXXL,4201: Mercedes-Benz S-Класс 1972-1980  Sedan   3XXL || 4203: Mercedes-Benz S-Класс 1979-1991  Sedan   3XXXL
47137,2,MULTI,4203/4204,3XXL/3XXXL,非皮卡,Mercedes-Benz,S-Класс,1991,,Sedan,,,3XXL,4203: Mercedes-Benz S-Класс 1979-1991  Sedan   3XXXL || 4204: Mercedes-Benz S-Класс 1991-2026  Sedan   3XXL
47139,2,MULTI,4203/4204,3XXL/3XXXL,非皮卡,Mercedes-Benz,S-Класс,1991,,Sedan,,,3XXXL,4203: Mercedes-Benz S-Класс 1979-1991  Sedan   3XXXL || 4204: Mercedes-Benz S-Класс 1991-2026  Sedan   3XXL
47279,2,MULTI,4205/4208,3XXL/3XXXL,非皮卡,Mercedes-Benz,S-Класс,2020,Long,Sedan,,,3XXL,4205: Mercedes-Benz S-Класс 1991-2020 Long Sedan   3XXL || 4208: Mercedes-Benz S-Класс 2020-2026 Long Sedan   3XXXL
47280,2,MULTI,4205/4208,3XXL/3XXXL,非皮卡,Mercedes-Benz,S-Класс,2020,Long,Sedan,,,3XXXL,4205: Mercedes-Benz S-Класс 1991-2020 Long Sedan   3XXL || 4208: Mercedes-Benz S-Класс 2020-2026 Long Sedan   3XXXL
47331,2,MULTI,4210/4212,3XXL/3XXXL,非皮卡,Mercedes-Benz,S-Класс AMG,2013,Long,Sedan,,,3XXL,4210: Mercedes-Benz S-Класс AMG 1999-2013 Long Sedan   3XXL || 4212: Mercedes-Benz S-Класс AMG 2013-2017 Long Sedan   3XXXL
47332,2,MULTI,4210/4212,3XXL/3XXXL,非皮卡,Mercedes-Benz,S-Класс AMG,2013,Long,Sedan,,,3XXXL,4210: Mercedes-Benz S-Класс AMG 1999-2013 Long Sedan   3XXL || 4212: Mercedes-Benz S-Класс AMG 2013-2017 Long Sedan   3XXXL
47349,2,MULTI,4209/4213,3XXL/3XXXL,非皮卡,Mercedes-Benz,S-Класс AMG,2017,,Sedan,,,3XXL,4209: Mercedes-Benz S-Класс AMG 1999-2017  Sedan   3XXL || 4213: Mercedes-Benz S-Класс AMG 2017-2026  Sedan   3XXXL
47350,2,MULTI,4209/4213,3XXL/3XXXL,非皮卡,Mercedes-Benz,S-Класс AMG,2017,,Sedan,,,3XXXL,4209: Mercedes-Benz S-Класс AMG 1999-2017  Sedan   3XXL || 4213: Mercedes-Benz S-Класс AMG 2017-2026  Sedan   3XXXL
47372,2,MULTI,4215/4216,3L-0/3M-0,非皮卡,Mercedes-Benz,SL-Класс,1955,,Roadster,,,3L-0,4215: Mercedes-Benz SL-Класс 1954-1963  Roadster   3L-0 || 4216: Mercedes-Benz SL-Класс 1955-2001  Roadster   3M-0
47373,2,MULTI,4215/4216,3L-0/3M-0,非皮卡,Mercedes-Benz,SL-Класс,1955,,Roadster,,,3M-0,4215: Mercedes-Benz SL-Класс 1954-1963  Roadster   3L-0 || 4216: Mercedes-Benz SL-Класс 1955-2001  Roadster   3M-0
47375,2,MULTI,4215/4216,3L-0/3M-0,非皮卡,Mercedes-Benz,SL-Класс,1956,,Roadster,,,3L-0,4215: Mercedes-Benz SL-Класс 1954-1963  Roadster   3L-0 || 4216: Mercedes-Benz SL-Класс 1955-2001  Roadster   3M-0
47376,2,MULTI,4215/4216,3L-0/3M-0,非皮卡,Mercedes-Benz,SL-Класс,1956,,Roadster,,,3M-0,4215: Mercedes-Benz SL-Класс 1954-1963  Roadster   3L-0 || 4216: Mercedes-Benz SL-Класс 1955-2001  Roadster   3M-0
47378,2,MULTI,4215/4216,3L-0/3M-0,非皮卡,Mercedes-Benz,SL-Класс,1957,,Roadster,,,3L-0,4215: Mercedes-Benz SL-Класс 1954-1963  Roadster   3L-0 || 4216: Mercedes-Benz SL-Класс 1955-2001  Roadster   3M-0
47379,2,MULTI,4215/4216,3L-0/3M-0,非皮卡,Mercedes-Benz,SL-Класс,1957,,Roadster,,,3M-0,4215: Mercedes-Benz SL-Класс 1954-1963  Roadster   3L-0 || 4216: Mercedes-Benz SL-Класс 1955-2001  Roadster   3M-0
47381,2,MULTI,4215/4216,3L-0/3M-0,非皮卡,Mercedes-Benz,SL-Класс,1958,,Roadster,,,3L-0,4215: Mercedes-Benz SL-Класс 1954-1963  Roadster   3L-0 || 4216: Mercedes-Benz SL-Класс 1955-2001  Roadster   3M-0
47382,2,MULTI,4215/4216,3L-0/3M-0,非皮卡,Mercedes-Benz,SL-Класс,1958,,Roadster,,,3M-0,4215: Mercedes-Benz SL-Класс 1954-1963  Roadster   3L-0 || 4216: Mercedes-Benz SL-Класс 1955-2001  Roadster   3M-0
47384,2,MULTI,4215/4216,3L-0/3M-0,非皮卡,Mercedes-Benz,SL-Класс,1959,,Roadster,,,3L-0,4215: Mercedes-Benz SL-Класс 1954-1963  Roadster   3L-0 || 4216: Mercedes-Benz SL-Класс 1955-2001  Roadster   3M-0
47385,2,MULTI,4215/4216,3L-0/3M-0,非皮卡,Mercedes-Benz,SL-Класс,1959,,Roadster,,,3M-0,4215: Mercedes-Benz SL-Класс 1954-1963  Roadster   3L-0 || 4216: Mercedes-Benz SL-Класс 1955-2001  Roadster   3M-0
47387,2,MULTI,4215/4216,3L-0/3M-0,非皮卡,Mercedes-Benz,SL-Класс,1960,,Roadster,,,3L-0,4215: Mercedes-Benz SL-Класс 1954-1963  Roadster   3L-0 || 4216: Mercedes-Benz SL-Класс 1955-2001  Roadster   3M-0
47388,2,MULTI,4215/4216,3L-0/3M-0,非皮卡,Mercedes-Benz,SL-Класс,1960,,Roadster,,,3M-0,4215: Mercedes-Benz SL-Класс 1954-1963  Roadster   3L-0 || 4216: Mercedes-Benz SL-Класс 1955-2001  Roadster   3M-0
47390,2,MULTI,4215/4216,3L-0/3M-0,非皮卡,Mercedes-Benz,SL-Класс,1961,,Roadster,,,3L-0,4215: Mercedes-Benz SL-Класс 1954-1963  Roadster   3L-0 || 4216: Mercedes-Benz SL-Класс 1955-2001  Roadster   3M-0
47391,2,MULTI,4215/4216,3L-0/3M-0,非皮卡,Mercedes-Benz,SL-Класс,1961,,Roadster,,,3M-0,4215: Mercedes-Benz SL-Класс 1954-1963  Roadster   3L-0 || 4216: Mercedes-Benz SL-Класс 1955-2001  Roadster   3M-0
47393,2,MULTI,4215/4216,3L-0/3M-0,非皮卡,Mercedes-Benz,SL-Класс,1962,,Roadster,,,3L-0,4215: Mercedes-Benz SL-Класс 1954-1963  Roadster   3L-0 || 4216: Mercedes-Benz SL-Класс 1955-2001  Roadster   3M-0
47394,2,MULTI,4215/4216,3L-0/3M-0,非皮卡,Mercedes-Benz,SL-Класс,1962,,Roadster,,,3M-0,4215: Mercedes-Benz SL-Класс 1954-1963  Roadster   3L-0 || 4216: Mercedes-Benz SL-Класс 1955-2001  Roadster   3M-0
47396,2,MULTI,4215/4216,3L-0/3M-0,非皮卡,Mercedes-Benz,SL-Класс,1963,,Roadster,,,3L-0,4215: Mercedes-Benz SL-Класс 1954-1963  Roadster   3L-0 || 4216: Mercedes-Benz SL-Класс 1955-2001  Roadster   3M-0
47397,2,MULTI,4215/4216,3L-0/3M-0,非皮卡,Mercedes-Benz,SL-Класс,1963,,Roadster,,,3M-0,4215: Mercedes-Benz SL-Класс 1954-1963  Roadster   3L-0 || 4216: Mercedes-Benz SL-Класс 1955-2001  Roadster   3M-0
47398,2,MULTI,4215/4216,3L-0/3M-0,非皮卡,Mercedes-Benz,SL-Класс,1963,,Roadster,,,3M-0,4215: Mercedes-Benz SL-Класс 1954-1963  Roadster   3L-0 || 4216: Mercedes-Benz SL-Класс 1955-2001  Roadster   3M-0
47440,2,MULTI,4216/4217,3L-0/3M-0,非皮卡,Mercedes-Benz,SL-Класс,2001,,Roadster,,,3L-0,4216: Mercedes-Benz SL-Класс 1955-2001  Roadster   3M-0 || 4217: Mercedes-Benz SL-Класс 2001-2011  Roadster   3L-0
47441,2,MULTI,4216/4217,3L-0/3M-0,非皮卡,Mercedes-Benz,SL-Класс,2001,,Roadster,,,3M-0,4216: Mercedes-Benz SL-Класс 1955-2001  Roadster   3M-0 || 4217: Mercedes-Benz SL-Класс 2001-2011  Roadster   3L-0
47458,2,MULTI,4218/4219,3L-0/3XL-0,非皮卡,Mercedes-Benz,SL-Класс,2016,,Roadster,,,3L-0,4218: Mercedes-Benz SL-Класс 2012-2016  Roadster   3XL-0 || 4219: Mercedes-Benz SL-Класс 2016-2020  Roadster   3L-0
47459,2,MULTI,4218/4219,3L-0/3XL-0,非皮卡,Mercedes-Benz,SL-Класс,2016,,Roadster,,,3XL-0,4218: Mercedes-Benz SL-Класс 2012-2016  Roadster   3XL-0 || 4219: Mercedes-Benz SL-Класс 2016-2020  Roadster   3L-0
47490,2,MULTI,4222/4223,3L-0/3XL-0,非皮卡,Mercedes-Benz,SL-Класс AMG,2016,,Roadster,,,3L-0,4222: Mercedes-Benz SL-Класс AMG 2012-2016  Roadster   3XL-0 || 4223: Mercedes-Benz SL-Класс AMG 2016-2019  Roadster   3L-0
47491,2,MULTI,4222/4223,3L-0/3XL-0,非皮卡,Mercedes-Benz,SL-Класс AMG,2016,,Roadster,,,3XL-0,4222: Mercedes-Benz SL-Класс AMG 2012-2016  Roadster   3XL-0 || 4223: Mercedes-Benz SL-Класс AMG 2016-2019  Roadster   3L-0
47649,2,MULTI,4238/4240,2XL/2XL+,非皮卡,Mercedes-Benz,V-Класс,2014,Compact,MPV,,,2XL,4238: Mercedes-Benz V-Класс 2006-2015 Compact MPV   2XL || 4240: Mercedes-Benz V-Класс 2014-2026 Compact MPV   2XL+
47650,2,MULTI,4238/4240,2XL/2XL+,非皮卡,Mercedes-Benz,V-Класс,2014,Compact,MPV,,,2XL+,4238: Mercedes-Benz V-Класс 2006-2015 Compact MPV   2XL || 4240: Mercedes-Benz V-Класс 2014-2026 Compact MPV   2XL+
47651,2,MULTI,4239/4241,2XL+/2XXL-525,非皮卡,Mercedes-Benz,V-Класс,2014,Long,MPV,,,2XL+,4239: Mercedes-Benz V-Класс 2006-2015 Long MPV   2XL+ || 4241: Mercedes-Benz V-Класс 2014-2026 Long MPV   2XXL-525
47652,2,MULTI,4239/4241,2XL+/2XXL-525,非皮卡,Mercedes-Benz,V-Класс,2014,Long,MPV,,,2XXL-525,4239: Mercedes-Benz V-Класс 2006-2015 Long MPV   2XL+ || 4241: Mercedes-Benz V-Класс 2014-2026 Long MPV   2XXL-525
47654,2,MULTI,4238/4240,2XL/2XL+,非皮卡,Mercedes-Benz,V-Класс,2015,Compact,MPV,,,2XL,4238: Mercedes-Benz V-Класс 2006-2015 Compact MPV   2XL || 4240: Mercedes-Benz V-Класс 2014-2026 Compact MPV   2XL+
47655,2,MULTI,4238/4240,2XL/2XL+,非皮卡,Mercedes-Benz,V-Класс,2015,Compact,MPV,,,2XL+,4238: Mercedes-Benz V-Класс 2006-2015 Compact MPV   2XL || 4240: Mercedes-Benz V-Класс 2014-2026 Compact MPV   2XL+
47656,2,MULTI,4239/4241,2XL+/2XXL-525,非皮卡,Mercedes-Benz,V-Класс,2015,Long,MPV,,,2XL+,4239: Mercedes-Benz V-Класс 2006-2015 Long MPV   2XL+ || 4241: Mercedes-Benz V-Класс 2014-2026 Long MPV   2XXL-525
47657,2,MULTI,4239/4241,2XL+/2XXL-525,非皮卡,Mercedes-Benz,V-Класс,2015,Long,MPV,,,2XXL-525,4239: Mercedes-Benz V-Класс 2006-2015 Long MPV   2XL+ || 4241: Mercedes-Benz V-Класс 2014-2026 Long MPV   2XXL-525
47687,2,MULTI,4240/4243,2XL+/2XXL-525,非皮卡,Mercedes-Benz,V-Класс,2023,Compact,MPV,,,2XL+,4240: Mercedes-Benz V-Класс 2014-2026 Compact MPV   2XL+ || 4243: Mercedes-Benz V-Класс 2023-2026 Compact MPV   2XXL-525
47688,2,MULTI,4240/4243,2XL+/2XXL-525,非皮卡,Mercedes-Benz,V-Класс,2023,Compact,MPV,,,2XXL-525,4240: Mercedes-Benz V-Класс 2014-2026 Compact MPV   2XL+ || 4243: Mercedes-Benz V-Класс 2023-2026 Compact MPV   2XXL-525
47694,2,MULTI,4240/4243,2XL+/2XXL-525,非皮卡,Mercedes-Benz,V-Класс,2024,Compact,MPV,,,2XL+,4240: Mercedes-Benz V-Класс 2014-2026 Compact MPV   2XL+ || 4243: Mercedes-Benz V-Класс 2023-2026 Compact MPV   2XXL-525
47695,2,MULTI,4240/4243,2XL+/2XXL-525,非皮卡,Mercedes-Benz,V-Класс,2024,Compact,MPV,,,2XXL-525,4240: Mercedes-Benz V-Класс 2014-2026 Compact MPV   2XL+ || 4243: Mercedes-Benz V-Класс 2023-2026 Compact MPV   2XXL-525
47701,2,MULTI,4240/4243,2XL+/2XXL-525,非皮卡,Mercedes-Benz,V-Класс,2025,Compact,MPV,,,2XL+,4240: Mercedes-Benz V-Класс 2014-2026 Compact MPV   2XL+ || 4243: Mercedes-Benz V-Класс 2023-2026 Compact MPV   2XXL-525
47702,2,MULTI,4240/4243,2XL+/2XXL-525,非皮卡,Mercedes-Benz,V-Класс,2025,Compact,MPV,,,2XXL-525,4240: Mercedes-Benz V-Класс 2014-2026 Compact MPV   2XL+ || 4243: Mercedes-Benz V-Класс 2023-2026 Compact MPV   2XXL-525
47708,2,MULTI,4240/4243,2XL+/2XXL-525,非皮卡,Mercedes-Benz,V-Класс,2026,Compact,MPV,,,2XL+,4240: Mercedes-Benz V-Класс 2014-2026 Compact MPV   2XL+ || 4243: Mercedes-Benz V-Класс 2023-2026 Compact MPV   2XXL-525
47709,2,MULTI,4240/4243,2XL+/2XXL-525,非皮卡,Mercedes-Benz,V-Класс,2026,Compact,MPV,,,2XXL-525,4240: Mercedes-Benz V-Класс 2014-2026 Compact MPV   2XL+ || 4243: Mercedes-Benz V-Класс 2023-2026 Compact MPV   2XXL-525
47778,2,MULTI,4251/4255,2XL-200/2XXL-525,非皮卡,Mercedes-Benz,Vito,2003,,Van,,,2XL-200,4251: Mercedes-Benz Vito 1996-2003  Van   2XL-200 || 4255: Mercedes-Benz Vito 2003-2026  Van   2XXL-525
47780,2,MULTI,4251/4255,2XL-200/2XXL-525,非皮卡,Mercedes-Benz,Vito,2003,,Van,,,2XXL-525,4251: Mercedes-Benz Vito 1996-2003  Van   2XL-200 || 4255: Mercedes-Benz Vito 2003-2026  Van   2XXL-525
47825,2,MULTI,4252/4256,2XL/2XXL-525,非皮卡,Mercedes-Benz,Vito,2014,L1,MPV,,,2XL,4252: Mercedes-Benz Vito 2003-2014 L1 MPV   2XL || 4256: Mercedes-Benz Vito 2014-2026 L1 MPV   2XXL-525
47826,2,MULTI,4253/4257,2XL+/2XXL-525,非皮卡,Mercedes-Benz,Vito,2014,L2,MPV,,,2XL+,4253: Mercedes-Benz Vito 2003-2014 L2 MPV   2XL+ || 4257: Mercedes-Benz Vito 2014-2026 L2 MPV   2XXL-525
47827,2,MULTI,4252/4256,2XL/2XXL-525,非皮卡,Mercedes-Benz,Vito,2014,L1,MPV,,,2XXL-525,4252: Mercedes-Benz Vito 2003-2014 L1 MPV   2XL || 4256: Mercedes-Benz Vito 2014-2026 L1 MPV   2XXL-525
47828,2,MULTI,4253/4257,2XL+/2XXL-525,非皮卡,Mercedes-Benz,Vito,2014,L2,MPV,,,2XXL-525,4253: Mercedes-Benz Vito 2003-2014 L2 MPV   2XL+ || 4257: Mercedes-Benz Vito 2014-2026 L2 MPV   2XXL-525
47829,2,MULTI,4254/4258,2XXL-525/2XXL-545,非皮卡,Mercedes-Benz,Vito,2014,L3,MPV,,,2XXL-525,4254: Mercedes-Benz Vito 2003-2014 L3 MPV   2XXL-525 || 4258: Mercedes-Benz Vito 2014-2026 L3 MPV   2XXL-545
47832,2,MULTI,4254/4258,2XXL-525/2XXL-545,非皮卡,Mercedes-Benz,Vito,2014,L3,MPV,,,2XXL-545,4254: Mercedes-Benz Vito 2003-2014 L3 MPV   2XXL-525 || 4258: Mercedes-Benz Vito 2014-2026 L3 MPV   2XXL-545
48349,2,MULTI,4305/4307,3XXL/3XXXL,非皮卡,Mercury,Grand Marquis,1991,,Sedan,,,3XXL,4305: Mercury Grand Marquis 1983-1991  Sedan   3XXL || 4307: Mercury Grand Marquis 1991-2011  Sedan   3XXXL
48350,2,MULTI,4305/4307,3XXL/3XXXL,非皮卡,Mercury,Grand Marquis,1991,,Sedan,,,3XXXL,4305: Mercury Grand Marquis 1983-1991  Sedan   3XXL || 4307: Mercury Grand Marquis 1991-2011  Sedan   3XXXL
48415,2,MULTI,4315/4319,2XXL-525/2XXL-545,非皮卡,Mercury,Montego,1969,,Wagon,,,2XXL-525,4315: Mercury Montego 1967-1969  Wagon   2XXL-525 || 4319: Mercury Montego 1969-1971  Wagon   2XXL-545
48416,2,MULTI,4315/4319,2XXL-525/2XXL-545,非皮卡,Mercury,Montego,1969,,Wagon,,,2XXL-545,4315: Mercury Montego 1967-1969  Wagon   2XXL-525 || 4319: Mercury Montego 1969-1971  Wagon   2XXL-545
48417,2,MULTI,4316/4320,3XXL/3XXXL,非皮卡,Mercury,Montego,1969,,Sedan,,,3XXL,4316: Mercury Montego 1967-1969  Sedan   3XXL || 4320: Mercury Montego 1969-1976  Sedan   3XXXL
48419,2,MULTI,4318/4321,3XXL-0/3XXXL-0,非皮卡,Mercury,Montego,1969,,Coupe,,,3XXL-0,4318: Mercury Montego 1967-1969  Coupe   3XXL-0 || 4321: Mercury Montego 1969-1976  Coupe   3XXXL-0
48420,2,MULTI,4316/4320,3XXL/3XXXL,非皮卡,Mercury,Montego,1969,,Sedan,,,3XXXL,4316: Mercury Montego 1967-1969  Sedan   3XXL || 4320: Mercury Montego 1969-1976  Sedan   3XXXL
48421,2,MULTI,4318/4321,3XXL-0/3XXXL-0,非皮卡,Mercury,Montego,1969,,Coupe,,,3XXXL-0,4318: Mercury Montego 1967-1969  Coupe   3XXL-0 || 4321: Mercury Montego 1969-1976  Coupe   3XXXL-0
48425,2,MULTI,4319/4322,2XXL-545/无可用尺码,非皮卡,Mercury,Montego,1971,,Wagon,,,2XXL-545,4319: Mercury Montego 1969-1971  Wagon   2XXL-545 || 4322: Mercury Montego 1971-1976  Wagon   无可用尺码
48430,2,MULTI,4319/4322,2XXL-545/无可用尺码,非皮卡,Mercury,Montego,1971,,Wagon,,,无可用尺码,4319: Mercury Montego 1969-1971  Wagon   2XXL-545 || 4322: Mercury Montego 1971-1976  Wagon   无可用尺码
48467,2,MULTI,4327/4328,YL/YXL,非皮卡,Mercury,Mountaineer,1997,,SUV,,,YL,4327: Mercury Mountaineer 1996-1997  SUV   YXL || 4328: Mercury Mountaineer 1997-2001  SUV   YL
48468,2,MULTI,4327/4328,YL/YXL,非皮卡,Mercury,Mountaineer,1997,,SUV,,,YXL,4327: Mercury Mountaineer 1996-1997  SUV   YXL || 4328: Mercury Mountaineer 1997-2001  SUV   YL
48472,2,MULTI,4328/4329,YL/YXL,非皮卡,Mercury,Mountaineer,2001,,SUV,,,YL,4328: Mercury Mountaineer 1997-2001  SUV   YL || 4329: Mercury Mountaineer 2001-2010  SUV   YXL
48473,2,MULTI,4328/4329,YL/YXL,非皮卡,Mercury,Mountaineer,2001,,SUV,,,YXL,4328: Mercury Mountaineer 1997-2001  SUV   YL || 4329: Mercury Mountaineer 2001-2010  SUV   YXL
49192,2,MULTI,4372/4373,YL/YM+,非皮卡,Mitsubishi,Challenger,1999,,SUV,,,YL,4372: Mitsubishi Challenger 1996-2000  SUV   YM+ || 4373: Mitsubishi Challenger 1999-2015  SUV   YL
49193,2,MULTI,4372/4373,YL/YM+,非皮卡,Mitsubishi,Challenger,1999,,SUV,,,YM+,4372: Mitsubishi Challenger 1996-2000  SUV   YM+ || 4373: Mitsubishi Challenger 1999-2015  SUV   YL
49194,2,MULTI,4372/4373,YL/YM+,非皮卡,Mitsubishi,Challenger,2000,,SUV,,,YL,4372: Mitsubishi Challenger 1996-2000  SUV   YM+ || 4373: Mitsubishi Challenger 1999-2015  SUV   YL
49195,2,MULTI,4372/4373,YL/YM+,非皮卡,Mitsubishi,Challenger,2000,,SUV,,,YM+,4372: Mitsubishi Challenger 1996-2000  SUV   YM+ || 4373: Mitsubishi Challenger 1999-2015  SUV   YL
49228,2,MULTI,4374/4375,2L+/2XL,非皮卡,Mitsubishi,Chariot,1997,,MPV,,,2L+,4374: Mitsubishi Chariot 1983-1997  MPV   2L+ || 4375: Mitsubishi Chariot 1997-2003  MPV   2XL
49229,2,MULTI,4374/4375,2L+/2XL,非皮卡,Mitsubishi,Chariot,1997,,MPV,,,2XL,4374: Mitsubishi Chariot 1983-1997  MPV   2L+ || 4375: Mitsubishi Chariot 1997-2003  MPV   2XL
49329,2,MULTI,4381/4382,3L/3XXL,非皮卡,Mitsubishi,Debonair,1992,,Sedan,,,3L,4381: Mitsubishi Debonair 1986-1992  Sedan   3L || 4382: Mitsubishi Debonair 1992-1999  Sedan   3XXL
49330,2,MULTI,4381/4382,3L/3XXL,非皮卡,Mitsubishi,Debonair,1992,,Sedan,,,3XXL,4381: Mitsubishi Debonair 1986-1992  Sedan   3L || 4382: Mitsubishi Debonair 1992-1999  Sedan   3XXL
49352,2,MULTI,4383/4385,2L-200/2XL-200,非皮卡,Mitsubishi,Delica,1986,,MPV,,,2L-200,4383: Mitsubishi Delica 1979-1986  MPV   2XL-200 || 4385: Mitsubishi Delica 1986-1999  MPV   2L-200
49353,2,MULTI,4384/4386,2XL/2XL-200,非皮卡,Mitsubishi,Delica,1986,,Van,,,2XL,4384: Mitsubishi Delica 1979-1986  Van   2XL-200 || 4386: Mitsubishi Delica 1986-1999  Van   2XL
49354,2,MULTI,4383/4385,2L-200/2XL-200,非皮卡,Mitsubishi,Delica,1986,,MPV,,,2XL-200,4383: Mitsubishi Delica 1979-1986  MPV   2XL-200 || 4385: Mitsubishi Delica 1986-1999  MPV   2L-200
49355,2,MULTI,4384/4386,2XL/2XL-200,非皮卡,Mitsubishi,Delica,1986,,Van,,,2XL-200,4384: Mitsubishi Delica 1979-1986  Van   2XL-200 || 4386: Mitsubishi Delica 1986-1999  Van   2XL
49370,2,MULTI,4385/4388,2L-200/2XL-200,非皮卡,Mitsubishi,Delica,1994,,MPV,,,2L-200,4385: Mitsubishi Delica 1986-1999  MPV   2L-200 || 4388: Mitsubishi Delica 1994-2007  MPV   2XL-200
49372,2,MULTI,4386/4390,2XL/2XL-200,非皮卡,Mitsubishi,Delica,1994,,Van,,,2XL,4386: Mitsubishi Delica 1986-1999  Van   2XL || 4390: Mitsubishi Delica 1994-2007  Van   2XL-200
49373,2,MULTI,4385/4388,2L-200/2XL-200,非皮卡,Mitsubishi,Delica,1994,,MPV,,,2XL-200,4385: Mitsubishi Delica 1986-1999  MPV   2L-200 || 4388: Mitsubishi Delica 1994-2007  MPV   2XL-200
49375,2,MULTI,4386/4390,2XL/2XL-200,非皮卡,Mitsubishi,Delica,1994,,Van,,,2XL-200,4386: Mitsubishi Delica 1986-1999  Van   2XL || 4390: Mitsubishi Delica 1994-2007  Van   2XL-200
49376,2,MULTI,4385/4388,2L-200/2XL-200,非皮卡,Mitsubishi,Delica,1995,,MPV,,,2L-200,4385: Mitsubishi Delica 1986-1999  MPV   2L-200 || 4388: Mitsubishi Delica 1994-2007  MPV   2XL-200
49378,2,MULTI,4386/4390,2XL/2XL-200,非皮卡,Mitsubishi,Delica,1995,,Van,,,2XL,4386: Mitsubishi Delica 1986-1999  Van   2XL || 4390: Mitsubishi Delica 1994-2007  Van   2XL-200
49379,2,MULTI,4385/4388,2L-200/2XL-200,非皮卡,Mitsubishi,Delica,1995,,MPV,,,2XL-200,4385: Mitsubishi Delica 1986-1999  MPV   2L-200 || 4388: Mitsubishi Delica 1994-2007  MPV   2XL-200
49381,2,MULTI,4386/4390,2XL/2XL-200,非皮卡,Mitsubishi,Delica,1995,,Van,,,2XL-200,4386: Mitsubishi Delica 1986-1999  Van   2XL || 4390: Mitsubishi Delica 1994-2007  Van   2XL-200
49382,2,MULTI,4385/4388,2L-200/2XL-200,非皮卡,Mitsubishi,Delica,1996,,MPV,,,2L-200,4385: Mitsubishi Delica 1986-1999  MPV   2L-200 || 4388: Mitsubishi Delica 1994-2007  MPV   2XL-200
49384,2,MULTI,4386/4390,2XL/2XL-200,非皮卡,Mitsubishi,Delica,1996,,Van,,,2XL,4386: Mitsubishi Delica 1986-1999  Van   2XL || 4390: Mitsubishi Delica 1994-2007  Van   2XL-200
49385,2,MULTI,4385/4388,2L-200/2XL-200,非皮卡,Mitsubishi,Delica,1996,,MPV,,,2XL-200,4385: Mitsubishi Delica 1986-1999  MPV   2L-200 || 4388: Mitsubishi Delica 1994-2007  MPV   2XL-200
49387,2,MULTI,4386/4390,2XL/2XL-200,非皮卡,Mitsubishi,Delica,1996,,Van,,,2XL-200,4386: Mitsubishi Delica 1986-1999  Van   2XL || 4390: Mitsubishi Delica 1994-2007  Van   2XL-200
49388,2,MULTI,4385/4388,2L-200/2XL-200,非皮卡,Mitsubishi,Delica,1997,,MPV,,,2L-200,4385: Mitsubishi Delica 1986-1999  MPV   2L-200 || 4388: Mitsubishi Delica 1994-2007  MPV   2XL-200
49390,2,MULTI,4386/4390,2XL/2XL-200,非皮卡,Mitsubishi,Delica,1997,,Van,,,2XL,4386: Mitsubishi Delica 1986-1999  Van   2XL || 4390: Mitsubishi Delica 1994-2007  Van   2XL-200
49391,2,MULTI,4385/4388,2L-200/2XL-200,非皮卡,Mitsubishi,Delica,1997,,MPV,,,2XL-200,4385: Mitsubishi Delica 1986-1999  MPV   2L-200 || 4388: Mitsubishi Delica 1994-2007  MPV   2XL-200
49393,2,MULTI,4386/4390,2XL/2XL-200,非皮卡,Mitsubishi,Delica,1997,,Van,,,2XL-200,4386: Mitsubishi Delica 1986-1999  Van   2XL || 4390: Mitsubishi Delica 1994-2007  Van   2XL-200
49394,2,MULTI,4385/4388,2L-200/2XL-200,非皮卡,Mitsubishi,Delica,1998,,MPV,,,2L-200,4385: Mitsubishi Delica 1986-1999  MPV   2L-200 || 4388: Mitsubishi Delica 1994-2007  MPV   2XL-200
49396,2,MULTI,4386/4390,2XL/2XL-200,非皮卡,Mitsubishi,Delica,1998,,Van,,,2XL,4386: Mitsubishi Delica 1986-1999  Van   2XL || 4390: Mitsubishi Delica 1994-2007  Van   2XL-200
49397,2,MULTI,4385/4388,2L-200/2XL-200,非皮卡,Mitsubishi,Delica,1998,,MPV,,,2XL-200,4385: Mitsubishi Delica 1986-1999  MPV   2L-200 || 4388: Mitsubishi Delica 1994-2007  MPV   2XL-200
49399,2,MULTI,4386/4390,2XL/2XL-200,非皮卡,Mitsubishi,Delica,1998,,Van,,,2XL-200,4386: Mitsubishi Delica 1986-1999  Van   2XL || 4390: Mitsubishi Delica 1994-2007  Van   2XL-200
49400,2,MULTI,4385/4388,2L-200/2XL-200,非皮卡,Mitsubishi,Delica,1999,,MPV,,,2L-200,4385: Mitsubishi Delica 1986-1999  MPV   2L-200 || 4388: Mitsubishi Delica 1994-2007  MPV   2XL-200
49402,2,MULTI,4386/4390,2XL/2XL-200,非皮卡,Mitsubishi,Delica,1999,,Van,,,2XL,4386: Mitsubishi Delica 1986-1999  Van   2XL || 4390: Mitsubishi Delica 1994-2007  Van   2XL-200
49403,2,MULTI,4385/4388,2L-200/2XL-200,非皮卡,Mitsubishi,Delica,1999,,MPV,,,2XL-200,4385: Mitsubishi Delica 1986-1999  MPV   2L-200 || 4388: Mitsubishi Delica 1994-2007  MPV   2XL-200
49405,2,MULTI,4386/4390,2XL/2XL-200,非皮卡,Mitsubishi,Delica,1999,,Van,,,2XL-200,4386: Mitsubishi Delica 1986-1999  Van   2XL || 4390: Mitsubishi Delica 1994-2007  Van   2XL-200
49604,2,MULTI,4404/4405,3L-0/3M-0,非皮卡,Mitsubishi,Eclipse,2005,,Convertible,,,3L-0,4404: Mitsubishi Eclipse 1994-2005  Convertible   3M-0 || 4405: Mitsubishi Eclipse 2005-2011  Convertible   3L-0
49605,2,MULTI,4403/4406,3L-0/3M-0,非皮卡,Mitsubishi,Eclipse,2005,,Coupe,,,3L-0,4403: Mitsubishi Eclipse 1989-2005  Coupe   3M-0 || 4406: Mitsubishi Eclipse 2005-2011  Coupe   3L-0
49606,2,MULTI,4404/4405,3L-0/3M-0,非皮卡,Mitsubishi,Eclipse,2005,,Convertible,,,3M-0,4404: Mitsubishi Eclipse 1994-2005  Convertible   3M-0 || 4405: Mitsubishi Eclipse 2005-2011  Convertible   3L-0
49607,2,MULTI,4403/4406,3L-0/3M-0,非皮卡,Mitsubishi,Eclipse,2005,,Coupe,,,3M-0,4403: Mitsubishi Eclipse 1989-2005  Coupe   3M-0 || 4406: Mitsubishi Eclipse 2005-2011  Coupe   3L-0
49729,2,MULTI,4415/4417,2L+/2XL,非皮卡,Mitsubishi,Galant,1980,,Wagon,,,2L+,4415: Mitsubishi Galant 1976-1980  Wagon   2L+ || 4417: Mitsubishi Galant 1980-1987  Wagon   2XL
49730,2,MULTI,4415/4417,2L+/2XL,非皮卡,Mitsubishi,Galant,1980,,Wagon,,,2XL,4415: Mitsubishi Galant 1976-1980  Wagon   2L+ || 4417: Mitsubishi Galant 1980-1987  Wagon   2XL
49731,2,MULTI,4416/4418,3L/3M,非皮卡,Mitsubishi,Galant,1980,,Sedan,,,3L,4416: Mitsubishi Galant 1976-1980  Sedan   3M || 4418: Mitsubishi Galant 1980-2006  Sedan   3L
49732,2,MULTI,4416/4418,3L/3M,非皮卡,Mitsubishi,Galant,1980,,Sedan,,,3M,4416: Mitsubishi Galant 1976-1980  Sedan   3M || 4418: Mitsubishi Galant 1980-2006  Sedan   3L
49806,2,MULTI,4418/4421,3L/3XL,非皮卡,Mitsubishi,Galant,2003,,Sedan,,,3L,4418: Mitsubishi Galant 1980-2006  Sedan   3L || 4421: Mitsubishi Galant 2003-2012  Sedan   3XL
49807,2,MULTI,4418/4421,3L/3XL,非皮卡,Mitsubishi,Galant,2003,,Sedan,,,3XL,4418: Mitsubishi Galant 1980-2006  Sedan   3L || 4421: Mitsubishi Galant 2003-2012  Sedan   3XL
49809,2,MULTI,4418/4421,3L/3XL,非皮卡,Mitsubishi,Galant,2004,,Sedan,,,3L,4418: Mitsubishi Galant 1980-2006  Sedan   3L || 4421: Mitsubishi Galant 2003-2012  Sedan   3XL
49810,2,MULTI,4418/4421,3L/3XL,非皮卡,Mitsubishi,Galant,2004,,Sedan,,,3XL,4418: Mitsubishi Galant 1980-2006  Sedan   3L || 4421: Mitsubishi Galant 2003-2012  Sedan   3XL
49812,2,MULTI,4418/4421,3L/3XL,非皮卡,Mitsubishi,Galant,2005,,Sedan,,,3L,4418: Mitsubishi Galant 1980-2006  Sedan   3L || 4421: Mitsubishi Galant 2003-2012  Sedan   3XL
49813,2,MULTI,4418/4421,3L/3XL,非皮卡,Mitsubishi,Galant,2005,,Sedan,,,3XL,4418: Mitsubishi Galant 1980-2006  Sedan   3L || 4421: Mitsubishi Galant 2003-2012  Sedan   3XL
49815,2,MULTI,4418/4421,3L/3XL,非皮卡,Mitsubishi,Galant,2006,,Sedan,,,3L,4418: Mitsubishi Galant 1980-2006  Sedan   3L || 4421: Mitsubishi Galant 2003-2012  Sedan   3XL
49816,2,MULTI,4418/4421,3L/3XL,非皮卡,Mitsubishi,Galant,2006,,Sedan,,,3XL,4418: Mitsubishi Galant 1980-2006  Sedan   3L || 4421: Mitsubishi Galant 2003-2012  Sedan   3XL
49817,2,MULTI,4418/4421,3L/3XL,非皮卡,Mitsubishi,Galant,2006,,Sedan,,,3XL,4418: Mitsubishi Galant 1980-2006  Sedan   3L || 4421: Mitsubishi Galant 2003-2012  Sedan   3XL
49914,2,MULTI,4427/4429,2L-200/2XL,非皮卡,Mitsubishi,L300,1986,,MPV,,,2L-200,4427: Mitsubishi L300 1979-1986  MPV   2L-200 || 4429: Mitsubishi L300 1986-1999  MPV   2XL
49915,2,MULTI,4428/4430,2L-200/2XL,非皮卡,Mitsubishi,L300,1986,,Van,,,2L-200,4428: Mitsubishi L300 1979-1986  Van   2L-200 || 4430: Mitsubishi L300 1986-1999  Van   2XL
49916,2,MULTI,4427/4429,2L-200/2XL,非皮卡,Mitsubishi,L300,1986,,MPV,,,2XL,4427: Mitsubishi L300 1979-1986  MPV   2L-200 || 4429: Mitsubishi L300 1986-1999  MPV   2XL
49917,2,MULTI,4428/4430,2L-200/2XL,非皮卡,Mitsubishi,L300,1986,,Van,,,2XL,4428: Mitsubishi L300 1979-1986  Van   2L-200 || 4430: Mitsubishi L300 1986-1999  Van   2XL
49994,2,MULTI,4434/4436,3M/3S,非皮卡,Mitsubishi,Lancer,1979,,Sedan,,,3M,4434: Mitsubishi Lancer 1973-1985  Sedan   3S || 4436: Mitsubishi Lancer 1979-2007  Sedan   3M
49995,2,MULTI,4434/4436,3M/3S,非皮卡,Mitsubishi,Lancer,1979,,Sedan,,,3S,4434: Mitsubishi Lancer 1973-1985  Sedan   3S || 4436: Mitsubishi Lancer 1979-2007  Sedan   3M
49999,2,MULTI,4434/4436,3M/3S,非皮卡,Mitsubishi,Lancer,1980,,Sedan,,,3M,4434: Mitsubishi Lancer 1973-1985  Sedan   3S || 4436: Mitsubishi Lancer 1979-2007  Sedan   3M
50000,2,MULTI,4434/4436,3M/3S,非皮卡,Mitsubishi,Lancer,1980,,Sedan,,,3S,4434: Mitsubishi Lancer 1973-1985  Sedan   3S || 4436: Mitsubishi Lancer 1979-2007  Sedan   3M
50004,2,MULTI,4434/4436,3M/3S,非皮卡,Mitsubishi,Lancer,1981,,Sedan,,,3M,4434: Mitsubishi Lancer 1973-1985  Sedan   3S || 4436: Mitsubishi Lancer 1979-2007  Sedan   3M
50005,2,MULTI,4434/4436,3M/3S,非皮卡,Mitsubishi,Lancer,1981,,Sedan,,,3S,4434: Mitsubishi Lancer 1973-1985  Sedan   3S || 4436: Mitsubishi Lancer 1979-2007  Sedan   3M
50009,2,MULTI,4434/4436,3M/3S,非皮卡,Mitsubishi,Lancer,1982,,Sedan,,,3M,4434: Mitsubishi Lancer 1973-1985  Sedan   3S || 4436: Mitsubishi Lancer 1979-2007  Sedan   3M
50010,2,MULTI,4434/4436,3M/3S,非皮卡,Mitsubishi,Lancer,1982,,Sedan,,,3S,4434: Mitsubishi Lancer 1973-1985  Sedan   3S || 4436: Mitsubishi Lancer 1979-2007  Sedan   3M
50011,2,MULTI,4434/4436,3M/3S,非皮卡,Mitsubishi,Lancer,1982,,Sedan,,,3S,4434: Mitsubishi Lancer 1973-1985  Sedan   3S || 4436: Mitsubishi Lancer 1979-2007  Sedan   3M
50016,2,MULTI,4434/4436,3M/3S,非皮卡,Mitsubishi,Lancer,1983,,Sedan,,,3M,4434: Mitsubishi Lancer 1973-1985  Sedan   3S || 4436: Mitsubishi Lancer 1979-2007  Sedan   3M
50017,2,MULTI,4434/4436,3M/3S,非皮卡,Mitsubishi,Lancer,1983,,Sedan,,,3M,4434: Mitsubishi Lancer 1973-1985  Sedan   3S || 4436: Mitsubishi Lancer 1979-2007  Sedan   3M
50018,2,MULTI,4434/4436,3M/3S,非皮卡,Mitsubishi,Lancer,1983,,Sedan,,,3S,4434: Mitsubishi Lancer 1973-1985  Sedan   3S || 4436: Mitsubishi Lancer 1979-2007  Sedan   3M
50019,2,MULTI,4434/4436,3M/3S,非皮卡,Mitsubishi,Lancer,1983,,Sedan,,,3S,4434: Mitsubishi Lancer 1973-1985  Sedan   3S || 4436: Mitsubishi Lancer 1979-2007  Sedan   3M
50024,2,MULTI,4434/4436,3M/3S,非皮卡,Mitsubishi,Lancer,1984,,Sedan,,,3M,4434: Mitsubishi Lancer 1973-1985  Sedan   3S || 4436: Mitsubishi Lancer 1979-2007  Sedan   3M
50025,2,MULTI,4434/4436,3M/3S,非皮卡,Mitsubishi,Lancer,1984,,Sedan,,,3M,4434: Mitsubishi Lancer 1973-1985  Sedan   3S || 4436: Mitsubishi Lancer 1979-2007  Sedan   3M
50026,2,MULTI,4434/4436,3M/3S,非皮卡,Mitsubishi,Lancer,1984,,Sedan,,,3S,4434: Mitsubishi Lancer 1973-1985  Sedan   3S || 4436: Mitsubishi Lancer 1979-2007  Sedan   3M
50027,2,MULTI,4434/4436,3M/3S,非皮卡,Mitsubishi,Lancer,1984,,Sedan,,,3S,4434: Mitsubishi Lancer 1973-1985  Sedan   3S || 4436: Mitsubishi Lancer 1979-2007  Sedan   3M
50032,2,MULTI,4434/4436,3M/3S,非皮卡,Mitsubishi,Lancer,1985,,Sedan,,,3M,4434: Mitsubishi Lancer 1973-1985  Sedan   3S || 4436: Mitsubishi Lancer 1979-2007  Sedan   3M
50033,2,MULTI,4434/4436,3M/3S,非皮卡,Mitsubishi,Lancer,1985,,Sedan,,,3M,4434: Mitsubishi Lancer 1973-1985  Sedan   3S || 4436: Mitsubishi Lancer 1979-2007  Sedan   3M
50034,2,MULTI,4434/4436,3M/3S,非皮卡,Mitsubishi,Lancer,1985,,Sedan,,,3S,4434: Mitsubishi Lancer 1973-1985  Sedan   3S || 4436: Mitsubishi Lancer 1979-2007  Sedan   3M
50055,2,MULTI,4437/4438,2L+/2M,非皮卡,Mitsubishi,Lancer,1991,,Wagon,,,2L+,4437: Mitsubishi Lancer 1983-1992  Wagon   2M || 4438: Mitsubishi Lancer 1991-2010  Wagon   2L+
50056,2,MULTI,4437/4438,2L+/2M,非皮卡,Mitsubishi,Lancer,1991,,Wagon,,,2M,4437: Mitsubishi Lancer 1983-1992  Wagon   2M || 4438: Mitsubishi Lancer 1991-2010  Wagon   2L+
50061,2,MULTI,4437/4438,2L+/2M,非皮卡,Mitsubishi,Lancer,1992,,Wagon,,,2L+,4437: Mitsubishi Lancer 1983-1992  Wagon   2M || 4438: Mitsubishi Lancer 1991-2010  Wagon   2L+
50062,2,MULTI,4437/4438,2L+/2M,非皮卡,Mitsubishi,Lancer,1992,,Wagon,,,2M,4437: Mitsubishi Lancer 1983-1992  Wagon   2M || 4438: Mitsubishi Lancer 1991-2010  Wagon   2L+
50117,2,MULTI,4436/4441,3L/3M,非皮卡,Mitsubishi,Lancer,2005,,Sedan,,,3L,4436: Mitsubishi Lancer 1979-2007  Sedan   3M || 4441: Mitsubishi Lancer 2005-2017  Sedan   3L
50118,2,MULTI,4436/4441,3L/3M,非皮卡,Mitsubishi,Lancer,2005,,Sedan,,,3M,4436: Mitsubishi Lancer 1979-2007  Sedan   3M || 4441: Mitsubishi Lancer 2005-2017  Sedan   3L
50123,2,MULTI,4436/4441,3L/3M,非皮卡,Mitsubishi,Lancer,2006,,Sedan,,,3L,4436: Mitsubishi Lancer 1979-2007  Sedan   3M || 4441: Mitsubishi Lancer 2005-2017  Sedan   3L
50124,2,MULTI,4436/4441,3L/3M,非皮卡,Mitsubishi,Lancer,2006,,Sedan,,,3M,4436: Mitsubishi Lancer 1979-2007  Sedan   3M || 4441: Mitsubishi Lancer 2005-2017  Sedan   3L
50130,2,MULTI,4436/4441,3L/3M,非皮卡,Mitsubishi,Lancer,2007,,Sedan,,,3L,4436: Mitsubishi Lancer 1979-2007  Sedan   3M || 4441: Mitsubishi Lancer 2005-2017  Sedan   3L
50131,2,MULTI,4436/4441,3L/3M,非皮卡,Mitsubishi,Lancer,2007,,Sedan,,,3L,4436: Mitsubishi Lancer 1979-2007  Sedan   3M || 4441: Mitsubishi Lancer 2005-2017  Sedan   3L
50132,2,MULTI,4436/4441,3L/3M,非皮卡,Mitsubishi,Lancer,2007,,Sedan,,,3M,4436: Mitsubishi Lancer 1979-2007  Sedan   3M || 4441: Mitsubishi Lancer 2005-2017  Sedan   3L
50401,2,MULTI,4453/4454,3M/3S,非皮卡,Mitsubishi,Mirage,1987,,Sedan,,,3M,4453: Mitsubishi Mirage 1978-1988  Sedan   3S || 4454: Mitsubishi Mirage 1987-2003  Sedan   3M
50402,2,MULTI,4453/4454,3M/3S,非皮卡,Mitsubishi,Mirage,1987,,Sedan,,,3S,4453: Mitsubishi Mirage 1978-1988  Sedan   3S || 4454: Mitsubishi Mirage 1987-2003  Sedan   3M
50407,2,MULTI,4453/4454,3M/3S,非皮卡,Mitsubishi,Mirage,1988,,Sedan,,,3M,4453: Mitsubishi Mirage 1978-1988  Sedan   3S || 4454: Mitsubishi Mirage 1987-2003  Sedan   3M
50408,2,MULTI,4453/4454,3M/3S,非皮卡,Mitsubishi,Mirage,1988,,Sedan,,,3S,4453: Mitsubishi Mirage 1978-1988  Sedan   3S || 4454: Mitsubishi Mirage 1987-2003  Sedan   3M
50607,2,MULTI,4463/4464,YL/YM+,非皮卡,Mitsubishi,Outlander,2005,,SUV,,,YL,4463: Mitsubishi Outlander 2002-2009  SUV   YM+ || 4464: Mitsubishi Outlander 2005-2026  SUV   YL
50608,2,MULTI,4463/4464,YL/YM+,非皮卡,Mitsubishi,Outlander,2005,,SUV,,,YM+,4463: Mitsubishi Outlander 2002-2009  SUV   YM+ || 4464: Mitsubishi Outlander 2005-2026  SUV   YL
50609,2,MULTI,4463/4464,YL/YM+,非皮卡,Mitsubishi,Outlander,2006,,SUV,,,YL,4463: Mitsubishi Outlander 2002-2009  SUV   YM+ || 4464: Mitsubishi Outlander 2005-2026  SUV   YL
50610,2,MULTI,4463/4464,YL/YM+,非皮卡,Mitsubishi,Outlander,2006,,SUV,,,YM+,4463: Mitsubishi Outlander 2002-2009  SUV   YM+ || 4464: Mitsubishi Outlander 2005-2026  SUV   YL
50611,2,MULTI,4463/4464,YL/YM+,非皮卡,Mitsubishi,Outlander,2007,,SUV,,,YL,4463: Mitsubishi Outlander 2002-2009  SUV   YM+ || 4464: Mitsubishi Outlander 2005-2026  SUV   YL
50612,2,MULTI,4463/4464,YL/YM+,非皮卡,Mitsubishi,Outlander,2007,,SUV,,,YM+,4463: Mitsubishi Outlander 2002-2009  SUV   YM+ || 4464: Mitsubishi Outlander 2005-2026  SUV   YL
50613,2,MULTI,4463/4464,YL/YM+,非皮卡,Mitsubishi,Outlander,2008,,SUV,,,YL,4463: Mitsubishi Outlander 2002-2009  SUV   YM+ || 4464: Mitsubishi Outlander 2005-2026  SUV   YL
50614,2,MULTI,4463/4464,YL/YM+,非皮卡,Mitsubishi,Outlander,2008,,SUV,,,YM+,4463: Mitsubishi Outlander 2002-2009  SUV   YM+ || 4464: Mitsubishi Outlander 2005-2026  SUV   YL
50615,2,MULTI,4463/4464,YL/YM+,非皮卡,Mitsubishi,Outlander,2009,,SUV,,,YL,4463: Mitsubishi Outlander 2002-2009  SUV   YM+ || 4464: Mitsubishi Outlander 2005-2026  SUV   YL
50616,2,MULTI,4463/4464,YL/YM+,非皮卡,Mitsubishi,Outlander,2009,,SUV,,,YL,4463: Mitsubishi Outlander 2002-2009  SUV   YM+ || 4464: Mitsubishi Outlander 2005-2026  SUV   YL
50617,2,MULTI,4463/4464,YL/YM+,非皮卡,Mitsubishi,Outlander,2009,,SUV,,,YM+,4463: Mitsubishi Outlander 2002-2009  SUV   YM+ || 4464: Mitsubishi Outlander 2005-2026  SUV   YL
50864,2,MULTI,4473/4475,YL/YXL,非皮卡,Mitsubishi,Pajero Sport,2024,,SUV,,,YL,4473: Mitsubishi Pajero Sport 1998-2026  SUV   YL || 4475: Mitsubishi Pajero Sport 2024-2026  SUV   YXL
50866,2,MULTI,4473/4475,YL/YXL,非皮卡,Mitsubishi,Pajero Sport,2024,,SUV,,,YXL,4473: Mitsubishi Pajero Sport 1998-2026  SUV   YL || 4475: Mitsubishi Pajero Sport 2024-2026  SUV   YXL
50867,2,MULTI,4473/4475,YL/YXL,非皮卡,Mitsubishi,Pajero Sport,2025,,SUV,,,YL,4473: Mitsubishi Pajero Sport 1998-2026  SUV   YL || 4475: Mitsubishi Pajero Sport 2024-2026  SUV   YXL
50869,2,MULTI,4473/4475,YL/YXL,非皮卡,Mitsubishi,Pajero Sport,2025,,SUV,,,YXL,4473: Mitsubishi Pajero Sport 1998-2026  SUV   YL || 4475: Mitsubishi Pajero Sport 2024-2026  SUV   YXL
50870,2,MULTI,4473/4475,YL/YXL,非皮卡,Mitsubishi,Pajero Sport,2026,,SUV,,,YL,4473: Mitsubishi Pajero Sport 1998-2026  SUV   YL || 4475: Mitsubishi Pajero Sport 2024-2026  SUV   YXL
50872,2,MULTI,4473/4475,YL/YXL,非皮卡,Mitsubishi,Pajero Sport,2026,,SUV,,,YXL,4473: Mitsubishi Pajero Sport 1998-2026  SUV   YL || 4475: Mitsubishi Pajero Sport 2024-2026  SUV   YXL
51049,2,MULTI,4492/4493,2L+/2XL,非皮卡,Mitsubishi,Space Wagon,1998,,MPV,,,2L+,4492: Mitsubishi Space Wagon 1984-1998  MPV   2L+ || 4493: Mitsubishi Space Wagon 1998-2004  MPV   2XL
51050,2,MULTI,4492/4493,2L+/2XL,非皮卡,Mitsubishi,Space Wagon,1998,,MPV,,,2XL,4492: Mitsubishi Space Wagon 1984-1998  MPV   2L+ || 4493: Mitsubishi Space Wagon 1998-2004  MPV   2XL
51194,2,MULTI,4503/4504,2S/无可用尺码,非皮卡,Mitsubishi,eK Space,2020,,Hatchback,,,2S,4503: Mitsubishi eK Space 2014-2020  Hatchback   2S || 4504: Mitsubishi eK Space 2020-2024  Hatchback   无可用尺码
51195,2,MULTI,4503/4504,2S/无可用尺码,非皮卡,Mitsubishi,eK Space,2020,,Hatchback,,,无可用尺码,4503: Mitsubishi eK Space 2014-2020  Hatchback   2S || 4504: Mitsubishi eK Space 2020-2024  Hatchback   无可用尺码
51285,2,MULTI,4514/4515,3XL/3XXL,非皮卡,Mitsuoka,Galue,1999,,Sedan,,,3XL,4514: Mitsuoka Galue 1998-2002  Sedan   3XL || 4515: Mitsuoka Galue 1999-2020  Sedan   3XXL
51286,2,MULTI,4514/4515,3XL/3XXL,非皮卡,Mitsuoka,Galue,1999,,Sedan,,,3XXL,4514: Mitsuoka Galue 1998-2002  Sedan   3XL || 4515: Mitsuoka Galue 1999-2020  Sedan   3XXL
51287,2,MULTI,4514/4515,3XL/3XXL,非皮卡,Mitsuoka,Galue,2000,,Sedan,,,3XL,4514: Mitsuoka Galue 1998-2002  Sedan   3XL || 4515: Mitsuoka Galue 1999-2020  Sedan   3XXL
51288,2,MULTI,4514/4515,3XL/3XXL,非皮卡,Mitsuoka,Galue,2000,,Sedan,,,3XXL,4514: Mitsuoka Galue 1998-2002  Sedan   3XL || 4515: Mitsuoka Galue 1999-2020  Sedan   3XXL
51289,2,MULTI,4514/4515,3XL/3XXL,非皮卡,Mitsuoka,Galue,2001,,Sedan,,,3XL,4514: Mitsuoka Galue 1998-2002  Sedan   3XL || 4515: Mitsuoka Galue 1999-2020  Sedan   3XXL
51290,2,MULTI,4514/4515,3XL/3XXL,非皮卡,Mitsuoka,Galue,2001,,Sedan,,,3XXL,4514: Mitsuoka Galue 1998-2002  Sedan   3XL || 4515: Mitsuoka Galue 1999-2020  Sedan   3XXL
51291,2,MULTI,4514/4515,3XL/3XXL,非皮卡,Mitsuoka,Galue,2002,,Sedan,,,3XL,4514: Mitsuoka Galue 1998-2002  Sedan   3XL || 4515: Mitsuoka Galue 1999-2020  Sedan   3XXL
51292,2,MULTI,4514/4515,3XL/3XXL,非皮卡,Mitsuoka,Galue,2002,,Sedan,,,3XXL,4514: Mitsuoka Galue 1998-2002  Sedan   3XL || 4515: Mitsuoka Galue 1999-2020  Sedan   3XXL
51393,2,MULTI,4524/4526,3L/3XL,非皮卡,Mitsuoka,Nouera,2008,,Sedan,,,3L,4524: Mitsuoka Nouera 2003-2008  Sedan   3XL || 4526: Mitsuoka Nouera 2008-2012  Sedan   3L
51394,2,MULTI,4524/4526,3L/3XL,非皮卡,Mitsuoka,Nouera,2008,,Sedan,,,3XL,4524: Mitsuoka Nouera 2003-2008  Sedan   3XL || 4526: Mitsuoka Nouera 2008-2012  Sedan   3L
51911,2,MULTI,4575/4576,3L-0/3M-0,非皮卡,Nissan,200SX,1988,,Coupe,,,3L-0,4575: Nissan 200SX 1983-1988  Coupe   3M-0 || 4576: Nissan 200SX 1988-2000  Coupe   3L-0
51912,2,MULTI,4575/4576,3L-0/3M-0,非皮卡,Nissan,200SX,1988,,Coupe,,,3M-0,4575: Nissan 200SX 1983-1988  Coupe   3M-0 || 4576: Nissan 200SX 1988-2000  Coupe   3L-0
52119,2,MULTI,4589/4590,3L/3M,非皮卡,Nissan,Almera,2012,,Sedan,,,3L,4589: Nissan Almera 2011-2026  Sedan   3M || 4590: Nissan Almera 2012-2018  Sedan   3L
52120,2,MULTI,4589/4590,3L/3M,非皮卡,Nissan,Almera,2012,,Sedan,,,3M,4589: Nissan Almera 2011-2026  Sedan   3M || 4590: Nissan Almera 2012-2018  Sedan   3L
52121,2,MULTI,4589/4590,3L/3M,非皮卡,Nissan,Almera,2013,,Sedan,,,3L,4589: Nissan Almera 2011-2026  Sedan   3M || 4590: Nissan Almera 2012-2018  Sedan   3L
52122,2,MULTI,4589/4590,3L/3M,非皮卡,Nissan,Almera,2013,,Sedan,,,3M,4589: Nissan Almera 2011-2026  Sedan   3M || 4590: Nissan Almera 2012-2018  Sedan   3L
52123,2,MULTI,4589/4590,3L/3M,非皮卡,Nissan,Almera,2014,,Sedan,,,3L,4589: Nissan Almera 2011-2026  Sedan   3M || 4590: Nissan Almera 2012-2018  Sedan   3L
52124,2,MULTI,4589/4590,3L/3M,非皮卡,Nissan,Almera,2014,,Sedan,,,3M,4589: Nissan Almera 2011-2026  Sedan   3M || 4590: Nissan Almera 2012-2018  Sedan   3L
52125,2,MULTI,4589/4590,3L/3M,非皮卡,Nissan,Almera,2014,,Sedan,,,3M,4589: Nissan Almera 2011-2026  Sedan   3M || 4590: Nissan Almera 2012-2018  Sedan   3L
52126,2,MULTI,4589/4590,3L/3M,非皮卡,Nissan,Almera,2015,,Sedan,,,3L,4589: Nissan Almera 2011-2026  Sedan   3M || 4590: Nissan Almera 2012-2018  Sedan   3L
52127,2,MULTI,4589/4590,3L/3M,非皮卡,Nissan,Almera,2015,,Sedan,,,3M,4589: Nissan Almera 2011-2026  Sedan   3M || 4590: Nissan Almera 2012-2018  Sedan   3L
52128,2,MULTI,4589/4590,3L/3M,非皮卡,Nissan,Almera,2016,,Sedan,,,3L,4589: Nissan Almera 2011-2026  Sedan   3M || 4590: Nissan Almera 2012-2018  Sedan   3L
52129,2,MULTI,4589/4590,3L/3M,非皮卡,Nissan,Almera,2016,,Sedan,,,3M,4589: Nissan Almera 2011-2026  Sedan   3M || 4590: Nissan Almera 2012-2018  Sedan   3L
52130,2,MULTI,4589/4590,3L/3M,非皮卡,Nissan,Almera,2017,,Sedan,,,3L,4589: Nissan Almera 2011-2026  Sedan   3M || 4590: Nissan Almera 2012-2018  Sedan   3L
52131,2,MULTI,4589/4590,3L/3M,非皮卡,Nissan,Almera,2017,,Sedan,,,3M,4589: Nissan Almera 2011-2026  Sedan   3M || 4590: Nissan Almera 2012-2018  Sedan   3L
52132,2,MULTI,4589/4590,3L/3M,非皮卡,Nissan,Almera,2018,,Sedan,,,3L,4589: Nissan Almera 2011-2026  Sedan   3M || 4590: Nissan Almera 2012-2018  Sedan   3L
52133,2,MULTI,4589/4590,3L/3M,非皮卡,Nissan,Almera,2018,,Sedan,,,3M,4589: Nissan Almera 2011-2026  Sedan   3M || 4590: Nissan Almera 2012-2018  Sedan   3L
52168,2,MULTI,4593/4594,3L/3XL,非皮卡,Nissan,Altima,1999,,Sedan,,,3L,4593: Nissan Altima 1992-1999  Sedan   3L || 4594: Nissan Altima 1999-2004  Sedan   3XL
52169,2,MULTI,4593/4594,3L/3XL,非皮卡,Nissan,Altima,1999,,Sedan,,,3XL,4593: Nissan Altima 1992-1999  Sedan   3L || 4594: Nissan Altima 1999-2004  Sedan   3XL
52175,2,MULTI,4594/4595,3XL/3XXL,非皮卡,Nissan,Altima,2004,,Sedan,,,3XL,4594: Nissan Altima 1999-2004  Sedan   3XL || 4595: Nissan Altima 2004-2006  Sedan   3XXL
52176,2,MULTI,4594/4595,3XL/3XXL,非皮卡,Nissan,Altima,2004,,Sedan,,,3XXL,4594: Nissan Altima 1999-2004  Sedan   3XL || 4595: Nissan Altima 2004-2006  Sedan   3XXL
52179,2,MULTI,4595/4597,3XL/3XXL,非皮卡,Nissan,Altima,2006,,Sedan,,,3XL,4595: Nissan Altima 2004-2006  Sedan   3XXL || 4597: Nissan Altima 2006-2018  Sedan   3XL
52180,2,MULTI,4595/4597,3XL/3XXL,非皮卡,Nissan,Altima,2006,,Sedan,,,3XXL,4595: Nissan Altima 2004-2006  Sedan   3XXL || 4597: Nissan Altima 2006-2018  Sedan   3XL
52204,2,MULTI,4597/4598,3XL/3XXL,非皮卡,Nissan,Altima,2018,,Sedan,,,3XL,4597: Nissan Altima 2006-2018  Sedan   3XL || 4598: Nissan Altima 2018-2026  Sedan   3XXL
52205,2,MULTI,4597/4598,3XL/3XXL,非皮卡,Nissan,Altima,2018,,Sedan,,,3XXL,4597: Nissan Altima 2006-2018  Sedan   3XL || 4598: Nissan Altima 2018-2026  Sedan   3XXL
52227,2,MULTI,4599/4601,YL/YM+,非皮卡,Nissan,Ariya,2026,,SUV,,,YL,4599: Nissan Ariya 2020-2026  SUV   YL || 4601: Nissan Ariya 2026  SUV   YM+
52229,2,MULTI,4599/4601,YL/YM+,非皮卡,Nissan,Ariya,2026,,SUV,,,YM+,4599: Nissan Ariya 2020-2026  SUV   YL || 4601: Nissan Ariya 2026  SUV   YM+
52244,2,MULTI,4602/4603,YXXL/YXXL-545,非皮卡,Nissan,Armada,2016,,SUV,,,YXXL,4602: Nissan Armada 2003-2016  SUV   YXXL || 4603: Nissan Armada 2016-2026  SUV   YXXL-545
52245,2,MULTI,4602/4603,YXXL/YXXL-545,非皮卡,Nissan,Armada,2016,,SUV,,,YXXL-545,4602: Nissan Armada 2003-2016  SUV   YXXL || 4603: Nissan Armada 2016-2026  SUV   YXXL-545
52283,2,MULTI,4608/4609,2L+/2XL,非皮卡,Nissan,Avenir,1998,,Wagon,,,2L+,4608: Nissan Avenir 1990-1998  Wagon   2L+ || 4609: Nissan Avenir 1998-2005  Wagon   2XL
52284,2,MULTI,4608/4609,2L+/2XL,非皮卡,Nissan,Avenir,1998,,Wagon,,,2XL,4608: Nissan Avenir 1990-1998  Wagon   2L+ || 4609: Nissan Avenir 1998-2005  Wagon   2XL
52337,2,MULTI,4615/4616,2L+/2XL,非皮卡,Nissan,Bluebird,1987,,Hatchback,,,2L+,4615: Nissan Bluebird 1985-1990  Hatchback   2L+ || 4616: Nissan Bluebird 1987-1991  Hatchback   2XL
52339,2,MULTI,4615/4616,2L+/2XL,非皮卡,Nissan,Bluebird,1987,,Hatchback,,,2XL,4615: Nissan Bluebird 1985-1990  Hatchback   2L+ || 4616: Nissan Bluebird 1987-1991  Hatchback   2XL
52340,2,MULTI,4612/4617,3L/3M,非皮卡,Nissan,Bluebird,1987,,Sedan,,,3L,4612: Nissan Bluebird 1971-1990  Sedan   3M || 4617: Nissan Bluebird 1987-2001  Sedan   3L
52341,2,MULTI,4612/4617,3L/3M,非皮卡,Nissan,Bluebird,1987,,Sedan,,,3M,4612: Nissan Bluebird 1971-1990  Sedan   3M || 4617: Nissan Bluebird 1987-2001  Sedan   3L
52342,2,MULTI,4612/4617,3L/3M,非皮卡,Nissan,Bluebird,1987,,Sedan,,,3M,4612: Nissan Bluebird 1971-1990  Sedan   3M || 4617: Nissan Bluebird 1987-2001  Sedan   3L
52343,2,MULTI,4615/4616,2L+/2XL,非皮卡,Nissan,Bluebird,1988,,Hatchback,,,2L+,4615: Nissan Bluebird 1985-1990  Hatchback   2L+ || 4616: Nissan Bluebird 1987-1991  Hatchback   2XL
52345,2,MULTI,4615/4616,2L+/2XL,非皮卡,Nissan,Bluebird,1988,,Hatchback,,,2XL,4615: Nissan Bluebird 1985-1990  Hatchback   2L+ || 4616: Nissan Bluebird 1987-1991  Hatchback   2XL
52346,2,MULTI,4612/4617,3L/3M,非皮卡,Nissan,Bluebird,1988,,Sedan,,,3L,4612: Nissan Bluebird 1971-1990  Sedan   3M || 4617: Nissan Bluebird 1987-2001  Sedan   3L
52347,2,MULTI,4612/4617,3L/3M,非皮卡,Nissan,Bluebird,1988,,Sedan,,,3M,4612: Nissan Bluebird 1971-1990  Sedan   3M || 4617: Nissan Bluebird 1987-2001  Sedan   3L
52348,2,MULTI,4612/4617,3L/3M,非皮卡,Nissan,Bluebird,1988,,Sedan,,,3M,4612: Nissan Bluebird 1971-1990  Sedan   3M || 4617: Nissan Bluebird 1987-2001  Sedan   3L
52349,2,MULTI,4615/4616,2L+/2XL,非皮卡,Nissan,Bluebird,1989,,Hatchback,,,2L+,4615: Nissan Bluebird 1985-1990  Hatchback   2L+ || 4616: Nissan Bluebird 1987-1991  Hatchback   2XL
52351,2,MULTI,4615/4616,2L+/2XL,非皮卡,Nissan,Bluebird,1989,,Hatchback,,,2XL,4615: Nissan Bluebird 1985-1990  Hatchback   2L+ || 4616: Nissan Bluebird 1987-1991  Hatchback   2XL
52352,2,MULTI,4612/4617,3L/3M,非皮卡,Nissan,Bluebird,1989,,Sedan,,,3L,4612: Nissan Bluebird 1971-1990  Sedan   3M || 4617: Nissan Bluebird 1987-2001  Sedan   3L
52353,2,MULTI,4612/4617,3L/3M,非皮卡,Nissan,Bluebird,1989,,Sedan,,,3M,4612: Nissan Bluebird 1971-1990  Sedan   3M || 4617: Nissan Bluebird 1987-2001  Sedan   3L
52354,2,MULTI,4612/4617,3L/3M,非皮卡,Nissan,Bluebird,1989,,Sedan,,,3M,4612: Nissan Bluebird 1971-1990  Sedan   3M || 4617: Nissan Bluebird 1987-2001  Sedan   3L
52355,2,MULTI,4615/4616,2L+/2XL,非皮卡,Nissan,Bluebird,1990,,Hatchback,,,2L+,4615: Nissan Bluebird 1985-1990  Hatchback   2L+ || 4616: Nissan Bluebird 1987-1991  Hatchback   2XL
52357,2,MULTI,4615/4616,2L+/2XL,非皮卡,Nissan,Bluebird,1990,,Hatchback,,,2XL,4615: Nissan Bluebird 1985-1990  Hatchback   2L+ || 4616: Nissan Bluebird 1987-1991  Hatchback   2XL
52358,2,MULTI,4612/4617,3L/3M,非皮卡,Nissan,Bluebird,1990,,Sedan,,,3L,4612: Nissan Bluebird 1971-1990  Sedan   3M || 4617: Nissan Bluebird 1987-2001  Sedan   3L
52359,2,MULTI,4612/4617,3L/3M,非皮卡,Nissan,Bluebird,1990,,Sedan,,,3M,4612: Nissan Bluebird 1971-1990  Sedan   3M || 4617: Nissan Bluebird 1987-2001  Sedan   3L
52360,2,MULTI,4612/4617,3L/3M,非皮卡,Nissan,Bluebird,1990,,Sedan,,,3M,4612: Nissan Bluebird 1971-1990  Sedan   3M || 4617: Nissan Bluebird 1987-2001  Sedan   3L
52387,2,MULTI,4619/4620,3L/3M,非皮卡,Nissan,Bluebird Sylphy,2005,,Sedan,,,3L,4619: Nissan Bluebird Sylphy 2000-2005  Sedan   3M || 4620: Nissan Bluebird Sylphy 2005-2012  Sedan   3L
52388,2,MULTI,4619/4620,3L/3M,非皮卡,Nissan,Bluebird Sylphy,2005,,Sedan,,,3M,4619: Nissan Bluebird Sylphy 2000-2005  Sedan   3M || 4620: Nissan Bluebird Sylphy 2005-2012  Sedan   3L
52402,2,MULTI,4621/4622,2L+/2L-200,非皮卡,Nissan,Caravan,1986,,MPV,,,2L+,4621: Nissan Caravan 1980-1986  MPV   2L-200 || 4622: Nissan Caravan 1986-2001  MPV   2L+
52403,2,MULTI,4621/4622,2L+/2L-200,非皮卡,Nissan,Caravan,1986,,MPV,,,2L-200,4621: Nissan Caravan 1980-1986  MPV   2L-200 || 4622: Nissan Caravan 1986-2001  MPV   2L+
52418,2,MULTI,4622/4623,2L+/2XL+,非皮卡,Nissan,Caravan,2001,,MPV,,,2L+,4622: Nissan Caravan 1986-2001  MPV   2L+ || 4623: Nissan Caravan 2001-2012  MPV   2XL+
52419,2,MULTI,4622/4623,2L+/2XL+,非皮卡,Nissan,Caravan,2001,,MPV,,,2XL+,4622: Nissan Caravan 1986-2001  MPV   2L+ || 4623: Nissan Caravan 2001-2012  MPV   2XL+
52435,2,MULTI,4624/4625,3L/3XL,非皮卡,Nissan,Cedric,1975,,Sedan,,,3L,4624: Nissan Cedric 1971-1975  Sedan   3L || 4625: Nissan Cedric 1975-1979  Sedan   3XL
52436,2,MULTI,4624/4625,3L/3XL,非皮卡,Nissan,Cedric,1975,,Sedan,,,3XL,4624: Nissan Cedric 1971-1975  Sedan   3L || 4625: Nissan Cedric 1975-1979  Sedan   3XL
52440,2,MULTI,4625/4626,3L/3XL,非皮卡,Nissan,Cedric,1979,,Sedan,,,3L,4625: Nissan Cedric 1975-1979  Sedan   3XL || 4626: Nissan Cedric 1979-1983  Sedan   3L
52441,2,MULTI,4625/4626,3L/3XL,非皮卡,Nissan,Cedric,1979,,Sedan,,,3XL,4625: Nissan Cedric 1975-1979  Sedan   3XL || 4626: Nissan Cedric 1979-1983  Sedan   3L
52450,2,MULTI,4626/4629,3L/3XL,非皮卡,Nissan,Cedric,1983,,Sedan,,,3L,4626: Nissan Cedric 1979-1983  Sedan   3L || 4629: Nissan Cedric 1983-2014  Sedan   3XL
52451,2,MULTI,4626/4629,3L/3XL,非皮卡,Nissan,Cedric,1983,,Sedan,,,3XL,4626: Nissan Cedric 1979-1983  Sedan   3L || 4629: Nissan Cedric 1983-2014  Sedan   3XL
52536,2,MULTI,4630/4632,3L/3XL,非皮卡,Nissan,Cefiro,1994,,Sedan,,,3L,4630: Nissan Cefiro 1988-1994  Sedan   3L || 4632: Nissan Cefiro 1994-2008  Sedan   3XL
52537,2,MULTI,4630/4632,3L/3XL,非皮卡,Nissan,Cefiro,1994,,Sedan,,,3XL,4630: Nissan Cefiro 1988-1994  Sedan   3L || 4632: Nissan Cefiro 1994-2008  Sedan   3XL
52744,2,MULTI,4643/4644,2XL+/2XL-200,非皮卡,Nissan,Elgrand,2010,,MPV,,,2XL+,4643: Nissan Elgrand 2002-2010  MPV   2XL-200 || 4644: Nissan Elgrand 2010-2026  MPV   2XL+
52745,2,MULTI,4643/4644,2XL+/2XL-200,非皮卡,Nissan,Elgrand,2010,,MPV,,,2XL-200,4643: Nissan Elgrand 2002-2010  MPV   2XL-200 || 4644: Nissan Elgrand 2010-2026  MPV   2XL+
52787,2,MULTI,4647/4648,3M-0/3S-0,非皮卡,Nissan,Fairlady Z,1978,,Coupe,,,3M-0,4647: Nissan Fairlady Z 1969-1978  Coupe   3S-0 || 4648: Nissan Fairlady Z 1978-1983  Coupe   3M-0
52789,2,MULTI,4647/4648,3M-0/3S-0,非皮卡,Nissan,Fairlady Z,1978,,Coupe,,,3S-0,4647: Nissan Fairlady Z 1969-1978  Coupe   3S-0 || 4648: Nissan Fairlady Z 1978-1983  Coupe   3M-0
52798,2,MULTI,4648/4650,3L-0/3M-0,非皮卡,Nissan,Fairlady Z,1983,,Coupe,,,3L-0,4648: Nissan Fairlady Z 1978-1983  Coupe   3M-0 || 4650: Nissan Fairlady Z 1983-2000  Coupe   3L-0
52799,2,MULTI,4648/4650,3L-0/3M-0,非皮卡,Nissan,Fairlady Z,1983,,Coupe,,,3M-0,4648: Nissan Fairlady Z 1978-1983  Coupe   3M-0 || 4650: Nissan Fairlady Z 1983-2000  Coupe   3L-0
52887,2,MULTI,4654/4655,3XL/3XXL,非皮卡,Nissan,Fuga,2007,,Sedan,,,3XL,4654: Nissan Fuga 2004-2007  Sedan   3XL || 4655: Nissan Fuga 2007-2022  Sedan   3XXL
52888,2,MULTI,4654/4655,3XL/3XXL,非皮卡,Nissan,Fuga,2007,,Sedan,,,3XXL,4654: Nissan Fuga 2004-2007  Sedan   3XL || 4655: Nissan Fuga 2007-2022  Sedan   3XXL
52922,2,MULTI,4656/4658,3L-0/3XL-0,非皮卡,Nissan,GT-R,2016,,Coupe,,,3L-0,4656: Nissan GT-R 2007-2016  Coupe   3L-0 || 4658: Nissan GT-R 2016-2025  Coupe   3XL-0
52925,2,MULTI,4656/4658,3L-0/3XL-0,非皮卡,Nissan,GT-R,2016,,Coupe,,,3XL-0,4656: Nissan GT-R 2007-2016  Coupe   3L-0 || 4658: Nissan GT-R 2016-2025  Coupe   3XL-0
52949,2,MULTI,4659/4660,3L/3M,非皮卡,Nissan,Gloria,1962,,Sedan,,,3L,4659: Nissan Gloria 1959-1962  Sedan   3M || 4660: Nissan Gloria 1962-1975  Sedan   3L
52950,2,MULTI,4659/4660,3L/3M,非皮卡,Nissan,Gloria,1962,,Sedan,,,3M,4659: Nissan Gloria 1959-1962  Sedan   3M || 4660: Nissan Gloria 1962-1975  Sedan   3L
52965,2,MULTI,4660/4661,3L/3XL,非皮卡,Nissan,Gloria,1975,,Sedan,,,3L,4660: Nissan Gloria 1962-1975  Sedan   3L || 4661: Nissan Gloria 1975-1979  Sedan   3XL
52966,2,MULTI,4660/4661,3L/3XL,非皮卡,Nissan,Gloria,1975,,Sedan,,,3XL,4660: Nissan Gloria 1962-1975  Sedan   3L || 4661: Nissan Gloria 1975-1979  Sedan   3XL
52970,2,MULTI,4661/4662,3L/3XL,非皮卡,Nissan,Gloria,1979,,Sedan,,,3L,4661: Nissan Gloria 1975-1979  Sedan   3XL || 4662: Nissan Gloria 1979-1999  Sedan   3L
52971,2,MULTI,4661/4662,3L/3XL,非皮卡,Nissan,Gloria,1979,,Sedan,,,3XL,4661: Nissan Gloria 1975-1979  Sedan   3XL || 4662: Nissan Gloria 1979-1999  Sedan   3L
52990,2,MULTI,4662/4665,3L/3XXL,非皮卡,Nissan,Gloria,1987,,Sedan,,,3L,4662: Nissan Gloria 1979-1999  Sedan   3L || 4665: Nissan Gloria 1987-1999  Sedan   3XXL
52991,2,MULTI,4662/4665,3L/3XXL,非皮卡,Nissan,Gloria,1987,,Sedan,,,3XXL,4662: Nissan Gloria 1979-1999  Sedan   3L || 4665: Nissan Gloria 1987-1999  Sedan   3XXL
52993,2,MULTI,4662/4665,3L/3XXL,非皮卡,Nissan,Gloria,1988,,Sedan,,,3L,4662: Nissan Gloria 1979-1999  Sedan   3L || 4665: Nissan Gloria 1987-1999  Sedan   3XXL
52994,2,MULTI,4662/4665,3L/3XXL,非皮卡,Nissan,Gloria,1988,,Sedan,,,3XXL,4662: Nissan Gloria 1979-1999  Sedan   3L || 4665: Nissan Gloria 1987-1999  Sedan   3XXL
52996,2,MULTI,4662/4665,3L/3XXL,非皮卡,Nissan,Gloria,1989,,Sedan,,,3L,4662: Nissan Gloria 1979-1999  Sedan   3L || 4665: Nissan Gloria 1987-1999  Sedan   3XXL
52997,2,MULTI,4662/4665,3L/3XXL,非皮卡,Nissan,Gloria,1989,,Sedan,,,3XXL,4662: Nissan Gloria 1979-1999  Sedan   3L || 4665: Nissan Gloria 1987-1999  Sedan   3XXL
52999,2,MULTI,4662/4665,3L/3XXL,非皮卡,Nissan,Gloria,1990,,Sedan,,,3L,4662: Nissan Gloria 1979-1999  Sedan   3L || 4665: Nissan Gloria 1987-1999  Sedan   3XXL
53000,2,MULTI,4662/4665,3L/3XXL,非皮卡,Nissan,Gloria,1990,,Sedan,,,3XXL,4662: Nissan Gloria 1979-1999  Sedan   3L || 4665: Nissan Gloria 1987-1999  Sedan   3XXL
53002,3,MULTI,4662/4665/4666,3L/3XL/3XXL,非皮卡,Nissan,Gloria,1991,,Sedan,,,3L,4662: Nissan Gloria 1979-1999  Sedan   3L || 4665: Nissan Gloria 1987-1999  Sedan   3XXL || 4666: Nissan Gloria 1991-2004  Sedan   3XL
53003,3,MULTI,4662/4665/4666,3L/3XL/3XXL,非皮卡,Nissan,Gloria,1991,,Sedan,,,3XL,4662: Nissan Gloria 1979-1999  Sedan   3L || 4665: Nissan Gloria 1987-1999  Sedan   3XXL || 4666: Nissan Gloria 1991-2004  Sedan   3XL
53004,3,MULTI,4662/4665/4666,3L/3XL/3XXL,非皮卡,Nissan,Gloria,1991,,Sedan,,,3XXL,4662: Nissan Gloria 1979-1999  Sedan   3L || 4665: Nissan Gloria 1987-1999  Sedan   3XXL || 4666: Nissan Gloria 1991-2004  Sedan   3XL
53006,3,MULTI,4662/4665/4666,3L/3XL/3XXL,非皮卡,Nissan,Gloria,1992,,Sedan,,,3L,4662: Nissan Gloria 1979-1999  Sedan   3L || 4665: Nissan Gloria 1987-1999  Sedan   3XXL || 4666: Nissan Gloria 1991-2004  Sedan   3XL
53007,3,MULTI,4662/4665/4666,3L/3XL/3XXL,非皮卡,Nissan,Gloria,1992,,Sedan,,,3XL,4662: Nissan Gloria 1979-1999  Sedan   3L || 4665: Nissan Gloria 1987-1999  Sedan   3XXL || 4666: Nissan Gloria 1991-2004  Sedan   3XL
53008,3,MULTI,4662/4665/4666,3L/3XL/3XXL,非皮卡,Nissan,Gloria,1992,,Sedan,,,3XXL,4662: Nissan Gloria 1979-1999  Sedan   3L || 4665: Nissan Gloria 1987-1999  Sedan   3XXL || 4666: Nissan Gloria 1991-2004  Sedan   3XL
53010,3,MULTI,4662/4665/4666,3L/3XL/3XXL,非皮卡,Nissan,Gloria,1993,,Sedan,,,3L,4662: Nissan Gloria 1979-1999  Sedan   3L || 4665: Nissan Gloria 1987-1999  Sedan   3XXL || 4666: Nissan Gloria 1991-2004  Sedan   3XL
53011,3,MULTI,4662/4665/4666,3L/3XL/3XXL,非皮卡,Nissan,Gloria,1993,,Sedan,,,3XL,4662: Nissan Gloria 1979-1999  Sedan   3L || 4665: Nissan Gloria 1987-1999  Sedan   3XXL || 4666: Nissan Gloria 1991-2004  Sedan   3XL
53012,3,MULTI,4662/4665/4666,3L/3XL/3XXL,非皮卡,Nissan,Gloria,1993,,Sedan,,,3XXL,4662: Nissan Gloria 1979-1999  Sedan   3L || 4665: Nissan Gloria 1987-1999  Sedan   3XXL || 4666: Nissan Gloria 1991-2004  Sedan   3XL
53014,3,MULTI,4662/4665/4666,3L/3XL/3XXL,非皮卡,Nissan,Gloria,1994,,Sedan,,,3L,4662: Nissan Gloria 1979-1999  Sedan   3L || 4665: Nissan Gloria 1987-1999  Sedan   3XXL || 4666: Nissan Gloria 1991-2004  Sedan   3XL
53015,3,MULTI,4662/4665/4666,3L/3XL/3XXL,非皮卡,Nissan,Gloria,1994,,Sedan,,,3XL,4662: Nissan Gloria 1979-1999  Sedan   3L || 4665: Nissan Gloria 1987-1999  Sedan   3XXL || 4666: Nissan Gloria 1991-2004  Sedan   3XL
53016,3,MULTI,4662/4665/4666,3L/3XL/3XXL,非皮卡,Nissan,Gloria,1994,,Sedan,,,3XXL,4662: Nissan Gloria 1979-1999  Sedan   3L || 4665: Nissan Gloria 1987-1999  Sedan   3XXL || 4666: Nissan Gloria 1991-2004  Sedan   3XL
53018,3,MULTI,4662/4665/4666,3L/3XL/3XXL,非皮卡,Nissan,Gloria,1995,,Sedan,,,3L,4662: Nissan Gloria 1979-1999  Sedan   3L || 4665: Nissan Gloria 1987-1999  Sedan   3XXL || 4666: Nissan Gloria 1991-2004  Sedan   3XL
53019,3,MULTI,4662/4665/4666,3L/3XL/3XXL,非皮卡,Nissan,Gloria,1995,,Sedan,,,3XL,4662: Nissan Gloria 1979-1999  Sedan   3L || 4665: Nissan Gloria 1987-1999  Sedan   3XXL || 4666: Nissan Gloria 1991-2004  Sedan   3XL
53020,3,MULTI,4662/4665/4666,3L/3XL/3XXL,非皮卡,Nissan,Gloria,1995,,Sedan,,,3XL,4662: Nissan Gloria 1979-1999  Sedan   3L || 4665: Nissan Gloria 1987-1999  Sedan   3XXL || 4666: Nissan Gloria 1991-2004  Sedan   3XL
53021,3,MULTI,4662/4665/4666,3L/3XL/3XXL,非皮卡,Nissan,Gloria,1995,,Sedan,,,3XXL,4662: Nissan Gloria 1979-1999  Sedan   3L || 4665: Nissan Gloria 1987-1999  Sedan   3XXL || 4666: Nissan Gloria 1991-2004  Sedan   3XL
53023,3,MULTI,4662/4665/4666,3L/3XL/3XXL,非皮卡,Nissan,Gloria,1996,,Sedan,,,3L,4662: Nissan Gloria 1979-1999  Sedan   3L || 4665: Nissan Gloria 1987-1999  Sedan   3XXL || 4666: Nissan Gloria 1991-2004  Sedan   3XL
53024,3,MULTI,4662/4665/4666,3L/3XL/3XXL,非皮卡,Nissan,Gloria,1996,,Sedan,,,3XL,4662: Nissan Gloria 1979-1999  Sedan   3L || 4665: Nissan Gloria 1987-1999  Sedan   3XXL || 4666: Nissan Gloria 1991-2004  Sedan   3XL
53025,3,MULTI,4662/4665/4666,3L/3XL/3XXL,非皮卡,Nissan,Gloria,1996,,Sedan,,,3XXL,4662: Nissan Gloria 1979-1999  Sedan   3L || 4665: Nissan Gloria 1987-1999  Sedan   3XXL || 4666: Nissan Gloria 1991-2004  Sedan   3XL
53027,3,MULTI,4662/4665/4666,3L/3XL/3XXL,非皮卡,Nissan,Gloria,1997,,Sedan,,,3L,4662: Nissan Gloria 1979-1999  Sedan   3L || 4665: Nissan Gloria 1987-1999  Sedan   3XXL || 4666: Nissan Gloria 1991-2004  Sedan   3XL
53028,3,MULTI,4662/4665/4666,3L/3XL/3XXL,非皮卡,Nissan,Gloria,1997,,Sedan,,,3XL,4662: Nissan Gloria 1979-1999  Sedan   3L || 4665: Nissan Gloria 1987-1999  Sedan   3XXL || 4666: Nissan Gloria 1991-2004  Sedan   3XL
53029,3,MULTI,4662/4665/4666,3L/3XL/3XXL,非皮卡,Nissan,Gloria,1997,,Sedan,,,3XXL,4662: Nissan Gloria 1979-1999  Sedan   3L || 4665: Nissan Gloria 1987-1999  Sedan   3XXL || 4666: Nissan Gloria 1991-2004  Sedan   3XL
53031,3,MULTI,4662/4665/4666,3L/3XL/3XXL,非皮卡,Nissan,Gloria,1998,,Sedan,,,3L,4662: Nissan Gloria 1979-1999  Sedan   3L || 4665: Nissan Gloria 1987-1999  Sedan   3XXL || 4666: Nissan Gloria 1991-2004  Sedan   3XL
53032,3,MULTI,4662/4665/4666,3L/3XL/3XXL,非皮卡,Nissan,Gloria,1998,,Sedan,,,3XL,4662: Nissan Gloria 1979-1999  Sedan   3L || 4665: Nissan Gloria 1987-1999  Sedan   3XXL || 4666: Nissan Gloria 1991-2004  Sedan   3XL
53033,3,MULTI,4662/4665/4666,3L/3XL/3XXL,非皮卡,Nissan,Gloria,1998,,Sedan,,,3XXL,4662: Nissan Gloria 1979-1999  Sedan   3L || 4665: Nissan Gloria 1987-1999  Sedan   3XXL || 4666: Nissan Gloria 1991-2004  Sedan   3XL
53035,3,MULTI,4662/4665/4666,3L/3XL/3XXL,非皮卡,Nissan,Gloria,1999,,Sedan,,,3L,4662: Nissan Gloria 1979-1999  Sedan   3L || 4665: Nissan Gloria 1987-1999  Sedan   3XXL || 4666: Nissan Gloria 1991-2004  Sedan   3XL
53036,3,MULTI,4662/4665/4666,3L/3XL/3XXL,非皮卡,Nissan,Gloria,1999,,Sedan,,,3XL,4662: Nissan Gloria 1979-1999  Sedan   3L || 4665: Nissan Gloria 1987-1999  Sedan   3XXL || 4666: Nissan Gloria 1991-2004  Sedan   3XL
53037,3,MULTI,4662/4665/4666,3L/3XL/3XXL,非皮卡,Nissan,Gloria,1999,,Sedan,,,3XL,4662: Nissan Gloria 1979-1999  Sedan   3L || 4665: Nissan Gloria 1987-1999  Sedan   3XXL || 4666: Nissan Gloria 1991-2004  Sedan   3XL
53038,3,MULTI,4662/4665/4666,3L/3XL/3XXL,非皮卡,Nissan,Gloria,1999,,Sedan,,,3XXL,4662: Nissan Gloria 1979-1999  Sedan   3L || 4665: Nissan Gloria 1987-1999  Sedan   3XXL || 4666: Nissan Gloria 1991-2004  Sedan   3XL
53049,2,MULTI,4668/4669,2L+/2XL,非皮卡,Nissan,Homy,1990,,MPV,,,2L+,4668: Nissan Homy 1986-1990  MPV   2L+ || 4669: Nissan Homy 1990-1997  MPV   2XL
53050,2,MULTI,4668/4669,2L+/2XL,非皮卡,Nissan,Homy,1990,,MPV,,,2XL,4668: Nissan Homy 1986-1990  MPV   2L+ || 4669: Nissan Homy 1990-1997  MPV   2XL
53118,2,MULTI,4676/4677,2L+/2XL,非皮卡,Nissan,Lafesta,2011,,MPV,,,2L+,4676: Nissan Lafesta 2004-2012  MPV   2L+ || 4677: Nissan Lafesta 2011-2018  MPV   2XL
53119,2,MULTI,4676/4677,2L+/2XL,非皮卡,Nissan,Lafesta,2011,,MPV,,,2XL,4676: Nissan Lafesta 2004-2012  MPV   2L+ || 4677: Nissan Lafesta 2011-2018  MPV   2XL
53120,2,MULTI,4676/4677,2L+/2XL,非皮卡,Nissan,Lafesta,2012,,MPV,,,2L+,4676: Nissan Lafesta 2004-2012  MPV   2L+ || 4677: Nissan Lafesta 2011-2018  MPV   2XL
53121,2,MULTI,4676/4677,2L+/2XL,非皮卡,Nissan,Lafesta,2012,,MPV,,,2XL,4676: Nissan Lafesta 2004-2012  MPV   2L+ || 4677: Nissan Lafesta 2011-2018  MPV   2XL
53158,2,MULTI,4681/4682,2XL/2XL-200,非皮卡,Nissan,Largo,1993,,MPV,,,2XL,4681: Nissan Largo 1986-1993  MPV   2XL-200 || 4682: Nissan Largo 1993-1999  MPV   2XL
53159,2,MULTI,4681/4682,2XL/2XL-200,非皮卡,Nissan,Largo,1993,,MPV,,,2XL-200,4681: Nissan Largo 1986-1993  MPV   2XL-200 || 4682: Nissan Largo 1993-1999  MPV   2XL
53191,2,MULTI,4684/4685,3L/3XL,非皮卡,Nissan,Laurel,1993,,Sedan,,,3L,4684: Nissan Laurel 1977-1993  Sedan   3L || 4685: Nissan Laurel 1993-2002  Sedan   3XL
53192,2,MULTI,4684/4685,3L/3XL,非皮卡,Nissan,Laurel,1993,,Sedan,,,3XL,4684: Nissan Laurel 1977-1993  Sedan   3L || 4685: Nissan Laurel 1993-2002  Sedan   3XL
53207,2,MULTI,4686/4687,3M/3S,非皮卡,Nissan,Laurel Spirit,1986,,Sedan,,,3M,4686: Nissan Laurel Spirit 1982-1986  Sedan   3S || 4687: Nissan Laurel Spirit 1986-1990  Sedan   3M
53208,2,MULTI,4686/4687,3M/3S,非皮卡,Nissan,Laurel Spirit,1986,,Sedan,,,3S,4686: Nissan Laurel Spirit 1982-1986  Sedan   3S || 4687: Nissan Laurel Spirit 1986-1990  Sedan   3M
53244,2,MULTI,4691/4692,3L-0/3XL-0,非皮卡,Nissan,Leopard,1986,,Coupe,,,3L-0,4691: Nissan Leopard 1980-1986  Coupe   3L-0 || 4692: Nissan Leopard 1986-1992  Coupe   3XL-0
53245,2,MULTI,4691/4692,3L-0/3XL-0,非皮卡,Nissan,Leopard,1986,,Coupe,,,3XL-0,4691: Nissan Leopard 1980-1986  Coupe   3L-0 || 4692: Nissan Leopard 1986-1992  Coupe   3XL-0
53256,2,MULTI,4693/4694,3XL/3XXL,非皮卡,Nissan,Leopard,1996,,Sedan,,,3XL,4693: Nissan Leopard 1992-1996  Sedan   3XL || 4694: Nissan Leopard 1996-2000  Sedan   3XXL
53257,2,MULTI,4693/4694,3XL/3XXL,非皮卡,Nissan,Leopard,1996,,Sedan,,,3XXL,4693: Nissan Leopard 1992-1996  Sedan   3XL || 4694: Nissan Leopard 1996-2000  Sedan   3XXL
53267,2,MULTI,4695/4697,3M/3S,非皮卡,Nissan,Liberta Villa,1986,,Sedan,,,3M,4695: Nissan Liberta Villa 1982-1986  Sedan   3S || 4697: Nissan Liberta Villa 1986-1990  Sedan   3M
53268,2,MULTI,4695/4697,3M/3S,非皮卡,Nissan,Liberta Villa,1986,,Sedan,,,3S,4695: Nissan Liberta Villa 1982-1986  Sedan   3S || 4697: Nissan Liberta Villa 1986-1990  Sedan   3M
53443,2,MULTI,4706/4707,3L/3XL,非皮卡,Nissan,Maxima,1988,,Sedan,,,3L,4706: Nissan Maxima 1981-1988  Sedan   3L || 4707: Nissan Maxima 1988-2000  Sedan   3XL
53444,2,MULTI,4706/4707,3L/3XL,非皮卡,Nissan,Maxima,1988,,Sedan,,,3XL,4706: Nissan Maxima 1981-1988  Sedan   3L || 4707: Nissan Maxima 1988-2000  Sedan   3XL
53456,2,MULTI,4707/4708,3XL/3XXL,非皮卡,Nissan,Maxima,1999,,Sedan,,,3XL,4707: Nissan Maxima 1988-2000  Sedan   3XL || 4708: Nissan Maxima 1999-2008  Sedan   3XXL
53457,2,MULTI,4707/4708,3XL/3XXL,非皮卡,Nissan,Maxima,1999,,Sedan,,,3XXL,4707: Nissan Maxima 1988-2000  Sedan   3XL || 4708: Nissan Maxima 1999-2008  Sedan   3XXL
53458,2,MULTI,4707/4708,3XL/3XXL,非皮卡,Nissan,Maxima,2000,,Sedan,,,3XL,4707: Nissan Maxima 1988-2000  Sedan   3XL || 4708: Nissan Maxima 1999-2008  Sedan   3XXL
53459,2,MULTI,4707/4708,3XL/3XXL,非皮卡,Nissan,Maxima,2000,,Sedan,,,3XXL,4707: Nissan Maxima 1988-2000  Sedan   3XL || 4708: Nissan Maxima 1999-2008  Sedan   3XXL
53471,2,MULTI,4708/4709,3XL/3XXL,非皮卡,Nissan,Maxima,2008,,Sedan,,,3XL,4708: Nissan Maxima 1999-2008  Sedan   3XXL || 4709: Nissan Maxima 2008-2014  Sedan   3XL
53472,2,MULTI,4708/4709,3XL/3XXL,非皮卡,Nissan,Maxima,2008,,Sedan,,,3XXL,4708: Nissan Maxima 1999-2008  Sedan   3XXL || 4709: Nissan Maxima 2008-2014  Sedan   3XL
53602,2,MULTI,4716/4717,YL/YXL,非皮卡,Nissan,Murano,2007,,SUV,,,YL,4716: Nissan Murano 2002-2008  SUV   YL || 4717: Nissan Murano 2007-2026  SUV   YXL
53603,2,MULTI,4716/4717,YL/YXL,非皮卡,Nissan,Murano,2007,,SUV,,,YXL,4716: Nissan Murano 2002-2008  SUV   YL || 4717: Nissan Murano 2007-2026  SUV   YXL
53604,2,MULTI,4716/4717,YL/YXL,非皮卡,Nissan,Murano,2008,,SUV,,,YL,4716: Nissan Murano 2002-2008  SUV   YL || 4717: Nissan Murano 2007-2026  SUV   YXL
53605,2,MULTI,4716/4717,YL/YXL,非皮卡,Nissan,Murano,2008,,SUV,,,YXL,4716: Nissan Murano 2002-2008  SUV   YL || 4717: Nissan Murano 2007-2026  SUV   YXL
53850,2,MULTI,4733/4734,YM+/YXL,非皮卡,Nissan,Pathfinder,2004,,SUV,,,YM+,4733: Nissan Pathfinder 1985-2004  SUV   YM+ || 4734: Nissan Pathfinder 2004-2010  SUV   YXL
53851,2,MULTI,4733/4734,YM+/YXL,非皮卡,Nissan,Pathfinder,2004,,SUV,,,YXL,4733: Nissan Pathfinder 1985-2004  SUV   YM+ || 4734: Nissan Pathfinder 2004-2010  SUV   YXL
53857,2,MULTI,4734/4735,YL/YXL,非皮卡,Nissan,Pathfinder,2010,,SUV,,,YL,4734: Nissan Pathfinder 2004-2010  SUV   YXL || 4735: Nissan Pathfinder 2010-2014  SUV   YL
53858,2,MULTI,4734/4735,YL/YXL,非皮卡,Nissan,Pathfinder,2010,,SUV,,,YXL,4734: Nissan Pathfinder 2004-2010  SUV   YXL || 4735: Nissan Pathfinder 2010-2014  SUV   YL
53860,2,MULTI,4735/4736,YL/YXL,非皮卡,Nissan,Pathfinder,2012,,SUV,,,YL,4735: Nissan Pathfinder 2010-2014  SUV   YL || 4736: Nissan Pathfinder 2012-2026  SUV   YXL
53861,2,MULTI,4735/4736,YL/YXL,非皮卡,Nissan,Pathfinder,2012,,SUV,,,YXL,4735: Nissan Pathfinder 2010-2014  SUV   YL || 4736: Nissan Pathfinder 2012-2026  SUV   YXL
53862,2,MULTI,4735/4736,YL/YXL,非皮卡,Nissan,Pathfinder,2013,,SUV,,,YL,4735: Nissan Pathfinder 2010-2014  SUV   YL || 4736: Nissan Pathfinder 2012-2026  SUV   YXL
53863,2,MULTI,4735/4736,YL/YXL,非皮卡,Nissan,Pathfinder,2013,,SUV,,,YXL,4735: Nissan Pathfinder 2010-2014  SUV   YL || 4736: Nissan Pathfinder 2012-2026  SUV   YXL
53864,2,MULTI,4735/4736,YL/YXL,非皮卡,Nissan,Pathfinder,2014,,SUV,,,YL,4735: Nissan Pathfinder 2010-2014  SUV   YL || 4736: Nissan Pathfinder 2012-2026  SUV   YXL
53865,2,MULTI,4735/4736,YL/YXL,非皮卡,Nissan,Pathfinder,2014,,SUV,,,YXL,4735: Nissan Pathfinder 2010-2014  SUV   YL || 4736: Nissan Pathfinder 2012-2026  SUV   YXL
53876,2,MULTI,4736/4737,YXL/YXXL,非皮卡,Nissan,Pathfinder,2023,,SUV,,,YXL,4736: Nissan Pathfinder 2012-2026  SUV   YXL || 4737: Nissan Pathfinder 2023-2026  SUV   YXXL
53877,2,MULTI,4736/4737,YXL/YXXL,非皮卡,Nissan,Pathfinder,2023,,SUV,,,YXXL,4736: Nissan Pathfinder 2012-2026  SUV   YXL || 4737: Nissan Pathfinder 2023-2026  SUV   YXXL
53878,2,MULTI,4736/4737,YXL/YXXL,非皮卡,Nissan,Pathfinder,2024,,SUV,,,YXL,4736: Nissan Pathfinder 2012-2026  SUV   YXL || 4737: Nissan Pathfinder 2023-2026  SUV   YXXL
53879,2,MULTI,4736/4737,YXL/YXXL,非皮卡,Nissan,Pathfinder,2024,,SUV,,,YXXL,4736: Nissan Pathfinder 2012-2026  SUV   YXL || 4737: Nissan Pathfinder 2023-2026  SUV   YXXL
53880,2,MULTI,4736/4737,YXL/YXXL,非皮卡,Nissan,Pathfinder,2025,,SUV,,,YXL,4736: Nissan Pathfinder 2012-2026  SUV   YXL || 4737: Nissan Pathfinder 2023-2026  SUV   YXXL
53881,2,MULTI,4736/4737,YXL/YXXL,非皮卡,Nissan,Pathfinder,2025,,SUV,,,YXL,4736: Nissan Pathfinder 2012-2026  SUV   YXL || 4737: Nissan Pathfinder 2023-2026  SUV   YXXL
53882,2,MULTI,4736/4737,YXL/YXXL,非皮卡,Nissan,Pathfinder,2025,,SUV,,,YXXL,4736: Nissan Pathfinder 2012-2026  SUV   YXL || 4737: Nissan Pathfinder 2023-2026  SUV   YXXL
53883,2,MULTI,4736/4737,YXL/YXXL,非皮卡,Nissan,Pathfinder,2026,,SUV,,,YXL,4736: Nissan Pathfinder 2012-2026  SUV   YXL || 4737: Nissan Pathfinder 2023-2026  SUV   YXXL
53884,2,MULTI,4736/4737,YXL/YXXL,非皮卡,Nissan,Pathfinder,2026,,SUV,,,YXXL,4736: Nissan Pathfinder 2012-2026  SUV   YXL || 4737: Nissan Pathfinder 2023-2026  SUV   YXXL
53995,2,MULTI,4741/4742,YXXL/YXXL-545,非皮卡,Nissan,Patrol,2019,,SUV,,,YXXL,4741: Nissan Patrol 2010-2019  SUV   YXXL || 4742: Nissan Patrol 2019-2026  SUV   YXXL-545
53996,2,MULTI,4741/4742,YXXL/YXXL-545,非皮卡,Nissan,Patrol,2019,,SUV,,,YXXL-545,4741: Nissan Patrol 2010-2019  SUV   YXXL || 4742: Nissan Patrol 2019-2026  SUV   YXXL-545
54055,2,MULTI,4746/4748,2L+/2XL,非皮卡,Nissan,Prairie,1998,,MPV,,,2L+,4746: Nissan Prairie 1982-1998  MPV   2L+ || 4748: Nissan Prairie 1998-2004  MPV   2XL
54056,2,MULTI,4746/4748,2L+/2XL,非皮卡,Nissan,Prairie,1998,,MPV,,,2XL,4746: Nissan Prairie 1982-1998  MPV   2L+ || 4748: Nissan Prairie 1998-2004  MPV   2XL
54069,2,MULTI,4749/4750,2XL/2XL+,非皮卡,Nissan,Presage,2003,,MPV,,,2XL,4749: Nissan Presage 1998-2003  MPV   2XL || 4750: Nissan Presage 2003-2009  MPV   2XL+
54070,2,MULTI,4749/4750,2XL/2XL+,非皮卡,Nissan,Presage,2003,,MPV,,,2XL+,4749: Nissan Presage 1998-2003  MPV   2XL || 4750: Nissan Presage 2003-2009  MPV   2XL+
54105,2,MULTI,4752/4753,3XXL/3XXXL,非皮卡,Nissan,President,1990,,Sedan,,,3XXL,4752: Nissan President 1973-1990  Sedan   3XXXL || 4753: Nissan President 1990-2010  Sedan   3XXL
54106,2,MULTI,4752/4753,3XXL/3XXXL,非皮卡,Nissan,President,1990,,Sedan,,,3XXXL,4752: Nissan President 1973-1990  Sedan   3XXXL || 4753: Nissan President 1990-2010  Sedan   3XXL
54203,2,MULTI,4756/4759,2L+/2XL,非皮卡,Nissan,Primera,1999,,Wagon,,,2L+,4756: Nissan Primera 1990-2000  Wagon   2L+ || 4759: Nissan Primera 1999-2008  Wagon   2XL
54204,2,MULTI,4756/4759,2L+/2XL,非皮卡,Nissan,Primera,1999,,Wagon,,,2XL,4756: Nissan Primera 1990-2000  Wagon   2L+ || 4759: Nissan Primera 1999-2008  Wagon   2XL
54205,2,MULTI,4757/4760,3L/3M,非皮卡,Nissan,Primera,1999,,Liftback,,,3L,4757: Nissan Primera 1990-2000  Liftback   3M || 4760: Nissan Primera 1999-2008  Liftback   3L
54206,2,MULTI,4758/4761,3L/3M,非皮卡,Nissan,Primera,1999,,Sedan,,,3L,4758: Nissan Primera 1990-2000  Sedan   3M || 4761: Nissan Primera 1999-2008  Sedan   3L
54207,2,MULTI,4757/4760,3L/3M,非皮卡,Nissan,Primera,1999,,Liftback,,,3M,4757: Nissan Primera 1990-2000  Liftback   3M || 4760: Nissan Primera 1999-2008  Liftback   3L
54208,2,MULTI,4758/4761,3L/3M,非皮卡,Nissan,Primera,1999,,Sedan,,,3M,4758: Nissan Primera 1990-2000  Sedan   3M || 4761: Nissan Primera 1999-2008  Sedan   3L
54209,2,MULTI,4756/4759,2L+/2XL,非皮卡,Nissan,Primera,2000,,Wagon,,,2L+,4756: Nissan Primera 1990-2000  Wagon   2L+ || 4759: Nissan Primera 1999-2008  Wagon   2XL
54210,2,MULTI,4756/4759,2L+/2XL,非皮卡,Nissan,Primera,2000,,Wagon,,,2XL,4756: Nissan Primera 1990-2000  Wagon   2L+ || 4759: Nissan Primera 1999-2008  Wagon   2XL
54211,2,MULTI,4757/4760,3L/3M,非皮卡,Nissan,Primera,2000,,Liftback,,,3L,4757: Nissan Primera 1990-2000  Liftback   3M || 4760: Nissan Primera 1999-2008  Liftback   3L
54212,2,MULTI,4758/4761,3L/3M,非皮卡,Nissan,Primera,2000,,Sedan,,,3L,4758: Nissan Primera 1990-2000  Sedan   3M || 4761: Nissan Primera 1999-2008  Sedan   3L
54213,2,MULTI,4757/4760,3L/3M,非皮卡,Nissan,Primera,2000,,Liftback,,,3M,4757: Nissan Primera 1990-2000  Liftback   3M || 4760: Nissan Primera 1999-2008  Liftback   3L
54214,2,MULTI,4758/4761,3L/3M,非皮卡,Nissan,Primera,2000,,Sedan,,,3M,4758: Nissan Primera 1990-2000  Sedan   3M || 4761: Nissan Primera 1999-2008  Sedan   3L
54570,2,MULTI,4787/4788,3L/3M,非皮卡,Nissan,Sentra,2006,,Sedan,,,3L,4787: Nissan Sentra 1994-2006  Sedan   3M || 4788: Nissan Sentra 2006-2026  Sedan   3L
54571,2,MULTI,4787/4788,3L/3M,非皮卡,Nissan,Sentra,2006,,Sedan,,,3M,4787: Nissan Sentra 1994-2006  Sedan   3M || 4788: Nissan Sentra 2006-2026  Sedan   3L
54645,2,MULTI,4789/4790,2XL/2XL-200,非皮卡,Nissan,Serena,2025,,MPV,,,2XL,4789: Nissan Serena 1991-2025  MPV   2XL || 4790: Nissan Serena 2025-2026  MPV   2XL-200
54646,2,MULTI,4789/4790,2XL/2XL-200,非皮卡,Nissan,Serena,2025,,MPV,,,2XL-200,4789: Nissan Serena 1991-2025  MPV   2XL || 4790: Nissan Serena 2025-2026  MPV   2XL-200
54656,2,MULTI,4792/4793,3M-0/3S-0,非皮卡,Nissan,Silvia,1979,,Coupe,,,3M-0,4792: Nissan Silvia 1975-1979  Coupe   3S-0 || 4793: Nissan Silvia 1979-1993  Coupe   3M-0
54657,2,MULTI,4792/4793,3M-0/3S-0,非皮卡,Nissan,Silvia,1979,,Coupe,,,3S-0,4792: Nissan Silvia 1975-1979  Coupe   3S-0 || 4793: Nissan Silvia 1979-1993  Coupe   3M-0
54678,2,MULTI,4793/4795,3L-0/3M-0,非皮卡,Nissan,Silvia,1993,,Coupe,,,3L-0,4793: Nissan Silvia 1979-1993  Coupe   3M-0 || 4795: Nissan Silvia 1993-1999  Coupe   3L-0
54680,2,MULTI,4793/4795,3L-0/3M-0,非皮卡,Nissan,Silvia,1993,,Coupe,,,3M-0,4793: Nissan Silvia 1979-1993  Coupe   3M-0 || 4795: Nissan Silvia 1993-1999  Coupe   3L-0
54686,2,MULTI,4795/4797,3L-0/3M-0,非皮卡,Nissan,Silvia,1999,,Coupe,,,3L-0,4795: Nissan Silvia 1993-1999  Coupe   3L-0 || 4797: Nissan Silvia 1999-2002  Coupe   3M-0
54688,2,MULTI,4795/4797,3L-0/3M-0,非皮卡,Nissan,Silvia,1999,,Coupe,,,3M-0,4795: Nissan Silvia 1993-1999  Coupe   3L-0 || 4797: Nissan Silvia 1999-2002  Coupe   3M-0
54711,2,MULTI,4800/4801,3M-0/3S-0,非皮卡,Nissan,Skyline,1972,,Coupe,,,3M-0,4800: Nissan Skyline 1968-1972  Coupe   3S-0 || 4801: Nissan Skyline 1972-1981  Coupe   3M-0
54712,2,MULTI,4800/4801,3M-0/3S-0,非皮卡,Nissan,Skyline,1972,,Coupe,,,3S-0,4800: Nissan Skyline 1968-1972  Coupe   3S-0 || 4801: Nissan Skyline 1972-1981  Coupe   3M-0
54740,2,MULTI,4798/4802,2L+/2XL,非皮卡,Nissan,Skyline,1981,,Wagon,,,2L+,4798: Nissan Skyline 1968-1981  Wagon   2L+ || 4802: Nissan Skyline 1981-1989  Wagon   2XL
54741,2,MULTI,4798/4802,2L+/2XL,非皮卡,Nissan,Skyline,1981,,Wagon,,,2XL,4798: Nissan Skyline 1968-1981  Wagon   2L+ || 4802: Nissan Skyline 1981-1989  Wagon   2XL
54743,2,MULTI,4799/4804,3L/3M,非皮卡,Nissan,Skyline,1981,,Sedan,,,3L,4799: Nissan Skyline 1968-1981  Sedan   3M || 4804: Nissan Skyline 1981-1994  Sedan   3L
54744,2,MULTI,4801/4805,3L-0/3M-0,非皮卡,Nissan,Skyline,1981,,Coupe,,,3L-0,4801: Nissan Skyline 1972-1981  Coupe   3M-0 || 4805: Nissan Skyline 1981-2014  Coupe   3L-0
54745,2,MULTI,4799/4804,3L/3M,非皮卡,Nissan,Skyline,1981,,Sedan,,,3M,4799: Nissan Skyline 1968-1981  Sedan   3M || 4804: Nissan Skyline 1981-1994  Sedan   3L
54746,2,MULTI,4801/4805,3L-0/3M-0,非皮卡,Nissan,Skyline,1981,,Coupe,,,3M-0,4801: Nissan Skyline 1972-1981  Coupe   3M-0 || 4805: Nissan Skyline 1981-2014  Coupe   3L-0
54790,2,MULTI,4804/4807,3L/3XL,非皮卡,Nissan,Skyline,1993,,Sedan,,,3L,4804: Nissan Skyline 1981-1994  Sedan   3L || 4807: Nissan Skyline 1993-2002  Sedan   3XL
54795,2,MULTI,4804/4807,3L/3XL,非皮卡,Nissan,Skyline,1993,,Sedan,,,3XL,4804: Nissan Skyline 1981-1994  Sedan   3L || 4807: Nissan Skyline 1993-2002  Sedan   3XL
54796,2,MULTI,4804/4807,3L/3XL,非皮卡,Nissan,Skyline,1994,,Sedan,,,3L,4804: Nissan Skyline 1981-1994  Sedan   3L || 4807: Nissan Skyline 1993-2002  Sedan   3XL
54801,2,MULTI,4804/4807,3L/3XL,非皮卡,Nissan,Skyline,1994,,Sedan,,,3XL,4804: Nissan Skyline 1981-1994  Sedan   3L || 4807: Nissan Skyline 1993-2002  Sedan   3XL
54823,2,MULTI,4807/4808,3L/3XL,非皮卡,Nissan,Skyline,2001,,Sedan,,,3L,4807: Nissan Skyline 1993-2002  Sedan   3XL || 4808: Nissan Skyline 2001-2007  Sedan   3L
54827,2,MULTI,4807/4808,3L/3XL,非皮卡,Nissan,Skyline,2001,,Sedan,,,3XL,4807: Nissan Skyline 1993-2002  Sedan   3XL || 4808: Nissan Skyline 2001-2007  Sedan   3L
54828,2,MULTI,4807/4808,3L/3XL,非皮卡,Nissan,Skyline,2002,,Sedan,,,3L,4807: Nissan Skyline 1993-2002  Sedan   3XL || 4808: Nissan Skyline 2001-2007  Sedan   3L
54832,2,MULTI,4807/4808,3L/3XL,非皮卡,Nissan,Skyline,2002,,Sedan,,,3XL,4807: Nissan Skyline 1993-2002  Sedan   3XL || 4808: Nissan Skyline 2001-2007  Sedan   3L
54839,2,MULTI,4808/4809,3L/3XL,非皮卡,Nissan,Skyline,2006,,Sedan,,,3L,4808: Nissan Skyline 2001-2007  Sedan   3L || 4809: Nissan Skyline 2006-2026  Sedan   3XL
54842,2,MULTI,4808/4809,3L/3XL,非皮卡,Nissan,Skyline,2006,,Sedan,,,3XL,4808: Nissan Skyline 2001-2007  Sedan   3L || 4809: Nissan Skyline 2006-2026  Sedan   3XL
54843,2,MULTI,4808/4809,3L/3XL,非皮卡,Nissan,Skyline,2007,,Sedan,,,3L,4808: Nissan Skyline 2001-2007  Sedan   3L || 4809: Nissan Skyline 2006-2026  Sedan   3XL
54846,2,MULTI,4808/4809,3L/3XL,非皮卡,Nissan,Skyline,2007,,Sedan,,,3XL,4808: Nissan Skyline 2001-2007  Sedan   3L || 4809: Nissan Skyline 2006-2026  Sedan   3XL
54933,2,MULTI,4815/4816,2L+/2M,非皮卡,Nissan,Sunny,1990,,Hatchback,,,2L+,4815: Nissan Sunny 1986-1991  Hatchback   2L+ || 4816: Nissan Sunny 1990-1995  Hatchback   2M
54935,2,MULTI,4815/4816,2L+/2M,非皮卡,Nissan,Sunny,1990,,Hatchback,,,2M,4815: Nissan Sunny 1986-1991  Hatchback   2L+ || 4816: Nissan Sunny 1990-1995  Hatchback   2M
54940,2,MULTI,4815/4816,2L+/2M,非皮卡,Nissan,Sunny,1991,,Hatchback,,,2L+,4815: Nissan Sunny 1986-1991  Hatchback   2L+ || 4816: Nissan Sunny 1990-1995  Hatchback   2M
54942,2,MULTI,4815/4816,2L+/2M,非皮卡,Nissan,Sunny,1991,,Hatchback,,,2M,4815: Nissan Sunny 1986-1991  Hatchback   2L+ || 4816: Nissan Sunny 1990-1995  Hatchback   2M
54955,2,MULTI,4813/4819,3M/3S,非皮卡,Nissan,Sunny,1993,,Sedan,,,3M,4813: Nissan Sunny 1982-1995  Sedan   3M || 4819: Nissan Sunny 1993-1999  Sedan   3S
54957,2,MULTI,4813/4819,3M/3S,非皮卡,Nissan,Sunny,1993,,Sedan,,,3S,4813: Nissan Sunny 1982-1995  Sedan   3M || 4819: Nissan Sunny 1993-1999  Sedan   3S
54961,2,MULTI,4813/4819,3M/3S,非皮卡,Nissan,Sunny,1994,,Sedan,,,3M,4813: Nissan Sunny 1982-1995  Sedan   3M || 4819: Nissan Sunny 1993-1999  Sedan   3S
54963,2,MULTI,4813/4819,3M/3S,非皮卡,Nissan,Sunny,1994,,Sedan,,,3S,4813: Nissan Sunny 1982-1995  Sedan   3M || 4819: Nissan Sunny 1993-1999  Sedan   3S
54967,2,MULTI,4813/4819,3M/3S,非皮卡,Nissan,Sunny,1995,,Sedan,,,3M,4813: Nissan Sunny 1982-1995  Sedan   3M || 4819: Nissan Sunny 1993-1999  Sedan   3S
54969,2,MULTI,4813/4819,3M/3S,非皮卡,Nissan,Sunny,1995,,Sedan,,,3S,4813: Nissan Sunny 1982-1995  Sedan   3M || 4819: Nissan Sunny 1993-1999  Sedan   3S
54978,2,MULTI,4819/4820,3M/3S,非皮卡,Nissan,Sunny,1998,,Sedan,,,3M,4819: Nissan Sunny 1993-1999  Sedan   3S || 4820: Nissan Sunny 1998-2026  Sedan   3M
54979,2,MULTI,4819/4820,3M/3S,非皮卡,Nissan,Sunny,1998,,Sedan,,,3S,4819: Nissan Sunny 1993-1999  Sedan   3S || 4820: Nissan Sunny 1998-2026  Sedan   3M
54982,2,MULTI,4819/4820,3M/3S,非皮卡,Nissan,Sunny,1999,,Sedan,,,3M,4819: Nissan Sunny 1993-1999  Sedan   3S || 4820: Nissan Sunny 1998-2026  Sedan   3M
54983,2,MULTI,4819/4820,3M/3S,非皮卡,Nissan,Sunny,1999,,Sedan,,,3S,4819: Nissan Sunny 1993-1999  Sedan   3S || 4820: Nissan Sunny 1998-2026  Sedan   3M
55266,2,MULTI,4833/4835,2XL-200/2XXL-525,非皮卡,Nissan,Urvan,2001,,MPV,,,2XL-200,4833: Nissan Urvan 1986-2001  MPV   2XL-200 || 4835: Nissan Urvan 2001-2012  MPV   2XXL-525
55267,2,MULTI,4834/4836,2XL-200/2XXL-525,非皮卡,Nissan,Urvan,2001,,Van,,,2XL-200,4834: Nissan Urvan 1986-2001  Van   2XL-200 || 4836: Nissan Urvan 2001-2012  Van   2XXL-525
55268,2,MULTI,4833/4835,2XL-200/2XXL-525,非皮卡,Nissan,Urvan,2001,,MPV,,,2XXL-525,4833: Nissan Urvan 1986-2001  MPV   2XL-200 || 4835: Nissan Urvan 2001-2012  MPV   2XXL-525
55269,2,MULTI,4834/4836,2XL-200/2XXL-525,非皮卡,Nissan,Urvan,2001,,Van,,,2XXL-525,4834: Nissan Urvan 1986-2001  Van   2XL-200 || 4836: Nissan Urvan 2001-2012  Van   2XXL-525
55299,2,MULTI,4837/4838,2M/2XL-200,非皮卡,Nissan,Vanette,1985,,MPV,,,2M,4837: Nissan Vanette 1978-1988  MPV   2M || 4838: Nissan Vanette 1985-1994  MPV   2XL-200
55300,2,MULTI,4837/4838,2M/2XL-200,非皮卡,Nissan,Vanette,1985,,MPV,,,2XL-200,4837: Nissan Vanette 1978-1988  MPV   2M || 4838: Nissan Vanette 1985-1994  MPV   2XL-200
55302,2,MULTI,4837/4838,2M/2XL-200,非皮卡,Nissan,Vanette,1986,,MPV,,,2M,4837: Nissan Vanette 1978-1988  MPV   2M || 4838: Nissan Vanette 1985-1994  MPV   2XL-200
55303,2,MULTI,4837/4838,2M/2XL-200,非皮卡,Nissan,Vanette,1986,,MPV,,,2XL-200,4837: Nissan Vanette 1978-1988  MPV   2M || 4838: Nissan Vanette 1985-1994  MPV   2XL-200
55305,2,MULTI,4837/4838,2M/2XL-200,非皮卡,Nissan,Vanette,1987,,MPV,,,2M,4837: Nissan Vanette 1978-1988  MPV   2M || 4838: Nissan Vanette 1985-1994  MPV   2XL-200
55306,2,MULTI,4837/4838,2M/2XL-200,非皮卡,Nissan,Vanette,1987,,MPV,,,2XL-200,4837: Nissan Vanette 1978-1988  MPV   2M || 4838: Nissan Vanette 1985-1994  MPV   2XL-200
55308,2,MULTI,4837/4838,2M/2XL-200,非皮卡,Nissan,Vanette,1988,,MPV,,,2M,4837: Nissan Vanette 1978-1988  MPV   2M || 4838: Nissan Vanette 1985-1994  MPV   2XL-200
55309,2,MULTI,4837/4838,2M/2XL-200,非皮卡,Nissan,Vanette,1988,,MPV,,,2XL-200,4837: Nissan Vanette 1978-1988  MPV   2M || 4838: Nissan Vanette 1985-1994  MPV   2XL-200
55321,2,MULTI,4838/4840,2L-200/2XL-200,非皮卡,Nissan,Vanette,1994,,MPV,,,2L-200,4838: Nissan Vanette 1985-1994  MPV   2XL-200 || 4840: Nissan Vanette 1994-2002  MPV   2L-200
55322,2,MULTI,4838/4840,2L-200/2XL-200,非皮卡,Nissan,Vanette,1994,,MPV,,,2XL-200,4838: Nissan Vanette 1985-1994  MPV   2XL-200 || 4840: Nissan Vanette 1994-2002  MPV   2L-200
55333,2,MULTI,4840/4842,2L-200/2XL-200,非皮卡,Nissan,Vanette,1999,,MPV,,,2L-200,4840: Nissan Vanette 1994-2002  MPV   2L-200 || 4842: Nissan Vanette 1999-2017  MPV   2XL-200
55334,2,MULTI,4840/4842,2L-200/2XL-200,非皮卡,Nissan,Vanette,1999,,MPV,,,2XL-200,4840: Nissan Vanette 1994-2002  MPV   2L-200 || 4842: Nissan Vanette 1999-2017  MPV   2XL-200
55336,2,MULTI,4840/4842,2L-200/2XL-200,非皮卡,Nissan,Vanette,2000,,MPV,,,2L-200,4840: Nissan Vanette 1994-2002  MPV   2L-200 || 4842: Nissan Vanette 1999-2017  MPV   2XL-200
55337,2,MULTI,4840/4842,2L-200/2XL-200,非皮卡,Nissan,Vanette,2000,,MPV,,,2XL-200,4840: Nissan Vanette 1994-2002  MPV   2L-200 || 4842: Nissan Vanette 1999-2017  MPV   2XL-200
55339,2,MULTI,4840/4842,2L-200/2XL-200,非皮卡,Nissan,Vanette,2001,,MPV,,,2L-200,4840: Nissan Vanette 1994-2002  MPV   2L-200 || 4842: Nissan Vanette 1999-2017  MPV   2XL-200
55340,2,MULTI,4840/4842,2L-200/2XL-200,非皮卡,Nissan,Vanette,2001,,MPV,,,2XL-200,4840: Nissan Vanette 1994-2002  MPV   2L-200 || 4842: Nissan Vanette 1999-2017  MPV   2XL-200
55342,2,MULTI,4840/4842,2L-200/2XL-200,非皮卡,Nissan,Vanette,2002,,MPV,,,2L-200,4840: Nissan Vanette 1994-2002  MPV   2L-200 || 4842: Nissan Vanette 1999-2017  MPV   2XL-200
55343,2,MULTI,4840/4842,2L-200/2XL-200,非皮卡,Nissan,Vanette,2002,,MPV,,,2XL-200,4840: Nissan Vanette 1994-2002  MPV   2L-200 || 4842: Nissan Vanette 1999-2017  MPV   2XL-200
55441,2,MULTI,4848/4849,YL/YM+,非皮卡,Nissan,X-Trail,2007,,SUV,,,YL,4848: Nissan X-Trail 2000-2007  SUV   YM+ || 4849: Nissan X-Trail 2007-2026  SUV   YL
55442,2,MULTI,4848/4849,YL/YM+,非皮卡,Nissan,X-Trail,2007,,SUV,,,YM+,4848: Nissan X-Trail 2000-2007  SUV   YM+ || 4849: Nissan X-Trail 2007-2026  SUV   YL
55601,2,MULTI,4864/4865,YL/YXL,非皮卡,Oldsmobile,Bravada,2001,,SUV,,,YL,4864: Oldsmobile Bravada 1995-2001  SUV   YL || 4865: Oldsmobile Bravada 2001-2004  SUV   YXL
55602,2,MULTI,4864/4865,YL/YXL,非皮卡,Oldsmobile,Bravada,2001,,SUV,,,YXL,4864: Oldsmobile Bravada 1995-2001  SUV   YL || 4865: Oldsmobile Bravada 2001-2004  SUV   YXL
55963,2,MULTI,4905/4906,3XXXL-0/3XXXXL-0,非皮卡,Oldsmobile,Toronado,1970,,Coupe,,,3XXXL-0,4905: Oldsmobile Toronado 1966-1970  Coupe   3XXXL-0 || 4906: Oldsmobile Toronado 1970-1978  Coupe   3XXXXL-0
55964,2,MULTI,4905/4906,3XXXL-0/3XXXXL-0,非皮卡,Oldsmobile,Toronado,1970,,Coupe,,,3XXXXL-0,4905: Oldsmobile Toronado 1966-1970  Coupe   3XXXL-0 || 4906: Oldsmobile Toronado 1970-1978  Coupe   3XXXXL-0
55972,2,MULTI,4906/4907,3XXL-0/3XXXXL-0,非皮卡,Oldsmobile,Toronado,1978,,Coupe,,,3XXL-0,4906: Oldsmobile Toronado 1970-1978  Coupe   3XXXXL-0 || 4907: Oldsmobile Toronado 1978-1985  Coupe   3XXL-0
55973,2,MULTI,4906/4907,3XXL-0/3XXXXL-0,非皮卡,Oldsmobile,Toronado,1978,,Coupe,,,3XXXXL-0,4906: Oldsmobile Toronado 1970-1978  Coupe   3XXXXL-0 || 4907: Oldsmobile Toronado 1978-1985  Coupe   3XXL-0
55980,2,MULTI,4907/4908,3XL-0/3XXL-0,非皮卡,Oldsmobile,Toronado,1985,,Coupe,,,3XL-0,4907: Oldsmobile Toronado 1978-1985  Coupe   3XXL-0 || 4908: Oldsmobile Toronado 1985-1992  Coupe   3XL-0
55981,2,MULTI,4907/4908,3XL-0/3XXL-0,非皮卡,Oldsmobile,Toronado,1985,,Coupe,,,3XXL-0,4907: Oldsmobile Toronado 1978-1985  Coupe   3XXL-0 || 4908: Oldsmobile Toronado 1985-1992  Coupe   3XL-0
56036,0,MISS,,,非皮卡,Opel,4/8 PS,1909,,Convertible,,,无可用尺码,
56037,0,MISS,,,非皮卡,Opel,4/8 PS,1910,,Convertible,,,无可用尺码,
56245,2,MULTI,4933/4936,2L+/2M,非皮卡,Opel,Astra,2004,,Hatchback,,,2L+,4933: Opel Astra 1991-2009  Hatchback   2M || 4936: Opel Astra 2004-2026  Hatchback   2L+
56249,2,MULTI,4933/4936,2L+/2M,非皮卡,Opel,Astra,2004,,Hatchback,,,2M,4933: Opel Astra 1991-2009  Hatchback   2M || 4936: Opel Astra 2004-2026  Hatchback   2L+
56254,2,MULTI,4933/4936,2L+/2M,非皮卡,Opel,Astra,2005,,Hatchback,,,2L+,4933: Opel Astra 1991-2009  Hatchback   2M || 4936: Opel Astra 2004-2026  Hatchback   2L+
56258,2,MULTI,4933/4936,2L+/2M,非皮卡,Opel,Astra,2005,,Hatchback,,,2M,4933: Opel Astra 1991-2009  Hatchback   2M || 4936: Opel Astra 2004-2026  Hatchback   2L+
56263,2,MULTI,4933/4936,2L+/2M,非皮卡,Opel,Astra,2006,,Hatchback,,,2L+,4933: Opel Astra 1991-2009  Hatchback   2M || 4936: Opel Astra 2004-2026  Hatchback   2L+
56264,2,MULTI,4933/4936,2L+/2M,非皮卡,Opel,Astra,2006,,Hatchback,,,2L+,4933: Opel Astra 1991-2009  Hatchback   2M || 4936: Opel Astra 2004-2026  Hatchback   2L+
56270,2,MULTI,4933/4936,2L+/2M,非皮卡,Opel,Astra,2006,,Hatchback,,,2M,4933: Opel Astra 1991-2009  Hatchback   2M || 4936: Opel Astra 2004-2026  Hatchback   2L+
56271,2,MULTI,4934/4938,3L/3M,非皮卡,Opel,Astra,2006,,Sedan,,,3L,4934: Opel Astra 1991-2009  Sedan   3M || 4938: Opel Astra 2006-2018  Sedan   3L
56272,2,MULTI,4934/4938,3L/3M,非皮卡,Opel,Astra,2006,,Sedan,,,3M,4934: Opel Astra 1991-2009  Sedan   3M || 4938: Opel Astra 2006-2018  Sedan   3L
56277,2,MULTI,4933/4936,2L+/2M,非皮卡,Opel,Astra,2007,,Hatchback,,,2L+,4933: Opel Astra 1991-2009  Hatchback   2M || 4936: Opel Astra 2004-2026  Hatchback   2L+
56278,2,MULTI,4933/4936,2L+/2M,非皮卡,Opel,Astra,2007,,Hatchback,,,2L+,4933: Opel Astra 1991-2009  Hatchback   2M || 4936: Opel Astra 2004-2026  Hatchback   2L+
56284,2,MULTI,4933/4936,2L+/2M,非皮卡,Opel,Astra,2007,,Hatchback,,,2M,4933: Opel Astra 1991-2009  Hatchback   2M || 4936: Opel Astra 2004-2026  Hatchback   2L+
56285,2,MULTI,4934/4938,3L/3M,非皮卡,Opel,Astra,2007,,Sedan,,,3L,4934: Opel Astra 1991-2009  Sedan   3M || 4938: Opel Astra 2006-2018  Sedan   3L
56286,2,MULTI,4934/4938,3L/3M,非皮卡,Opel,Astra,2007,,Sedan,,,3M,4934: Opel Astra 1991-2009  Sedan   3M || 4938: Opel Astra 2006-2018  Sedan   3L
56291,2,MULTI,4933/4936,2L+/2M,非皮卡,Opel,Astra,2008,,Hatchback,,,2L+,4933: Opel Astra 1991-2009  Hatchback   2M || 4936: Opel Astra 2004-2026  Hatchback   2L+
56295,2,MULTI,4933/4936,2L+/2M,非皮卡,Opel,Astra,2008,,Hatchback,,,2M,4933: Opel Astra 1991-2009  Hatchback   2M || 4936: Opel Astra 2004-2026  Hatchback   2L+
56296,2,MULTI,4934/4938,3L/3M,非皮卡,Opel,Astra,2008,,Sedan,,,3L,4934: Opel Astra 1991-2009  Sedan   3M || 4938: Opel Astra 2006-2018  Sedan   3L
56297,2,MULTI,4934/4938,3L/3M,非皮卡,Opel,Astra,2008,,Sedan,,,3M,4934: Opel Astra 1991-2009  Sedan   3M || 4938: Opel Astra 2006-2018  Sedan   3L
56301,2,MULTI,4933/4936,2L+/2M,非皮卡,Opel,Astra,2009,,Hatchback,,,2L+,4933: Opel Astra 1991-2009  Hatchback   2M || 4936: Opel Astra 2004-2026  Hatchback   2L+
56302,2,MULTI,4933/4936,2L+/2M,非皮卡,Opel,Astra,2009,,Hatchback,,,2L+,4933: Opel Astra 1991-2009  Hatchback   2M || 4936: Opel Astra 2004-2026  Hatchback   2L+
56304,2,MULTI,4932/4939,2L+/2XL,非皮卡,Opel,Astra,2009,,Wagon,,,2L+,4932: Opel Astra 1991-2014  Wagon   2L+ || 4939: Opel Astra 2009-2026  Wagon   2XL
56305,2,MULTI,4932/4939,2L+/2XL,非皮卡,Opel,Astra,2009,,Wagon,,,2L+,4932: Opel Astra 1991-2014  Wagon   2L+ || 4939: Opel Astra 2009-2026  Wagon   2XL
56306,2,MULTI,4933/4936,2L+/2M,非皮卡,Opel,Astra,2009,,Hatchback,,,2M,4933: Opel Astra 1991-2009  Hatchback   2M || 4936: Opel Astra 2004-2026  Hatchback   2L+
56307,2,MULTI,4932/4939,2L+/2XL,非皮卡,Opel,Astra,2009,,Wagon,,,2XL,4932: Opel Astra 1991-2014  Wagon   2L+ || 4939: Opel Astra 2009-2026  Wagon   2XL
56308,2,MULTI,4934/4938,3L/3M,非皮卡,Opel,Astra,2009,,Sedan,,,3L,4934: Opel Astra 1991-2009  Sedan   3M || 4938: Opel Astra 2006-2018  Sedan   3L
56309,2,MULTI,4934/4938,3L/3M,非皮卡,Opel,Astra,2009,,Sedan,,,3M,4934: Opel Astra 1991-2009  Sedan   3M || 4938: Opel Astra 2006-2018  Sedan   3L
56316,2,MULTI,4932/4939,2L+/2XL,非皮卡,Opel,Astra,2010,,Wagon,,,2L+,4932: Opel Astra 1991-2014  Wagon   2L+ || 4939: Opel Astra 2009-2026  Wagon   2XL
56317,2,MULTI,4932/4939,2L+/2XL,非皮卡,Opel,Astra,2010,,Wagon,,,2XL,4932: Opel Astra 1991-2014  Wagon   2L+ || 4939: Opel Astra 2009-2026  Wagon   2XL
56325,2,MULTI,4932/4939,2L+/2XL,非皮卡,Opel,Astra,2011,,Wagon,,,2L+,4932: Opel Astra 1991-2014  Wagon   2L+ || 4939: Opel Astra 2009-2026  Wagon   2XL
56326,2,MULTI,4932/4939,2L+/2XL,非皮卡,Opel,Astra,2011,,Wagon,,,2XL,4932: Opel Astra 1991-2014  Wagon   2L+ || 4939: Opel Astra 2009-2026  Wagon   2XL
56327,2,MULTI,4932/4939,2L+/2XL,非皮卡,Opel,Astra,2011,,Wagon,,,2XL,4932: Opel Astra 1991-2014  Wagon   2L+ || 4939: Opel Astra 2009-2026  Wagon   2XL
56336,2,MULTI,4932/4939,2L+/2XL,非皮卡,Opel,Astra,2012,,Wagon,,,2L+,4932: Opel Astra 1991-2014  Wagon   2L+ || 4939: Opel Astra 2009-2026  Wagon   2XL
56337,2,MULTI,4932/4939,2L+/2XL,非皮卡,Opel,Astra,2012,,Wagon,,,2XL,4932: Opel Astra 1991-2014  Wagon   2L+ || 4939: Opel Astra 2009-2026  Wagon   2XL
56338,2,MULTI,4932/4939,2L+/2XL,非皮卡,Opel,Astra,2012,,Wagon,,,2XL,4932: Opel Astra 1991-2014  Wagon   2L+ || 4939: Opel Astra 2009-2026  Wagon   2XL
56346,2,MULTI,4932/4939,2L+/2XL,非皮卡,Opel,Astra,2013,,Wagon,,,2L+,4932: Opel Astra 1991-2014  Wagon   2L+ || 4939: Opel Astra 2009-2026  Wagon   2XL
56347,2,MULTI,4932/4939,2L+/2XL,非皮卡,Opel,Astra,2013,,Wagon,,,2XL,4932: Opel Astra 1991-2014  Wagon   2L+ || 4939: Opel Astra 2009-2026  Wagon   2XL
56355,2,MULTI,4932/4939,2L+/2XL,非皮卡,Opel,Astra,2014,,Wagon,,,2L+,4932: Opel Astra 1991-2014  Wagon   2L+ || 4939: Opel Astra 2009-2026  Wagon   2XL
56356,2,MULTI,4932/4939,2L+/2XL,非皮卡,Opel,Astra,2014,,Wagon,,,2XL,4932: Opel Astra 1991-2014  Wagon   2L+ || 4939: Opel Astra 2009-2026  Wagon   2XL
56463,2,MULTI,4946/4948,2L-200/2XL,非皮卡,Opel,Combo,2001,,MPV,,,2L-200,4946: Opel Combo 1993-2001  MPV   2L-200 || 4948: Opel Combo 2001-2011  MPV   2XL
56464,2,MULTI,4947/4949,2L-200/2XL,非皮卡,Opel,Combo,2001,,Van,,,2L-200,4947: Opel Combo 1993-2001  Van   2L-200 || 4949: Opel Combo 2001-2011  Van   2XL
56465,2,MULTI,4946/4948,2L-200/2XL,非皮卡,Opel,Combo,2001,,MPV,,,2XL,4946: Opel Combo 1993-2001  MPV   2L-200 || 4948: Opel Combo 2001-2011  MPV   2XL
56466,2,MULTI,4947/4949,2L-200/2XL,非皮卡,Opel,Combo,2001,,Van,,,2XL,4947: Opel Combo 1993-2001  Van   2L-200 || 4949: Opel Combo 2001-2011  Van   2XL
56589,2,MULTI,4951/4954,3L/3XL,非皮卡,Opel,Commodore,1978,,Sedan,,,3L,4951: Opel Commodore 1967-1978  Sedan   3L || 4954: Opel Commodore 1978-1982  Sedan   3XL
56591,2,MULTI,4951/4954,3L/3XL,非皮卡,Opel,Commodore,1978,,Sedan,,,3XL,4951: Opel Commodore 1967-1978  Sedan   3L || 4954: Opel Commodore 1978-1982  Sedan   3XL
56786,2,MULTI,4965/4966,YL/YM+,非皮卡,Opel,Grandland,2024,,SUV,,,YL,4965: Opel Grandland 2017-2024  SUV   YM+ || 4966: Opel Grandland 2024-2026  SUV   YL
56787,2,MULTI,4965/4966,YL/YM+,非皮卡,Opel,Grandland,2024,,SUV,,,YM+,4965: Opel Grandland 2017-2024  SUV   YM+ || 4966: Opel Grandland 2024-2026  SUV   YL
56828,2,MULTI,4968/4970,3XL/3XXL,非皮卡,Opel,Insignia,2017,,Liftback,,,3XL,4968: Opel Insignia 2008-2017  Liftback   3XL || 4970: Opel Insignia 2017-2022  Liftback   3XXL
56830,2,MULTI,4968/4970,3XL/3XXL,非皮卡,Opel,Insignia,2017,,Liftback,,,3XXL,4968: Opel Insignia 2008-2017  Liftback   3XL || 4970: Opel Insignia 2017-2022  Liftback   3XXL
56944,2,MULTI,4974/4979,2L+/2M,非皮卡,Opel,Kadett,1979,,Wagon,,,2L+,4974: Opel Kadett 1962-1979  Wagon   2M || 4979: Opel Kadett 1979-1993  Wagon   2L+
56947,2,MULTI,4974/4979,2L+/2M,非皮卡,Opel,Kadett,1979,,Wagon,,,2M,4974: Opel Kadett 1962-1979  Wagon   2M || 4979: Opel Kadett 1979-1993  Wagon   2L+
57122,2,MULTI,4991/4992,2L+/2M,非皮卡,Opel,Meriva,2010,,MPV,,,2L+,4991: Opel Meriva 2003-2010  MPV   2M || 4992: Opel Meriva 2010-2018  MPV   2L+
57123,2,MULTI,4991/4992,2L+/2M,非皮卡,Opel,Meriva,2010,,MPV,,,2M,4991: Opel Meriva 2003-2010  MPV   2M || 4992: Opel Meriva 2010-2018  MPV   2L+
57244,2,MULTI,5002/5004,2XL/2XL+,非皮卡,Opel,Omega,1999,,Wagon,,,2XL,5002: Opel Omega 1984-1999  Wagon   2XL || 5004: Opel Omega 1999-2004  Wagon   2XL+
57245,2,MULTI,5002/5004,2XL/2XL+,非皮卡,Opel,Omega,1999,,Wagon,,,2XL+,5002: Opel Omega 1984-1999  Wagon   2XL || 5004: Opel Omega 1999-2004  Wagon   2XL+
57246,2,MULTI,5003/5005,3XL/3XXL,非皮卡,Opel,Omega,1999,,Sedan,,,3XL,5003: Opel Omega 1984-1999  Sedan   3XL || 5005: Opel Omega 1999-2004  Sedan   3XXL
57247,2,MULTI,5003/5005,3XL/3XXL,非皮卡,Opel,Omega,1999,,Sedan,,,3XXL,5003: Opel Omega 1984-1999  Sedan   3XL || 5005: Opel Omega 1999-2004  Sedan   3XXL
57270,2,MULTI,5009/5010,3L/3M,非皮卡,Opel,Rekord,1965,,Sedan,,,3L,5009: Opel Rekord 1963-1965  Sedan   3M || 5010: Opel Rekord 1965-1977  Sedan   3L
57274,2,MULTI,5009/5010,3L/3M,非皮卡,Opel,Rekord,1965,,Sedan,,,3M,5009: Opel Rekord 1963-1965  Sedan   3M || 5010: Opel Rekord 1965-1977  Sedan   3L
57448,2,MULTI,5023/5024,2L+/2XL,非皮卡,Opel,Vectra,2002,,Wagon,,,2L+,5023: Opel Vectra 1995-2002  Wagon   2L+ || 5024: Opel Vectra 2002-2005  Wagon   2XL
57449,2,MULTI,5023/5024,2L+/2XL,非皮卡,Opel,Vectra,2002,,Wagon,,,2XL,5023: Opel Vectra 1995-2002  Wagon   2L+ || 5024: Opel Vectra 2002-2005  Wagon   2XL
57450,2,MULTI,5021/5025,3L/3M,非皮卡,Opel,Vectra,2002,,Liftback,,,3L,5021: Opel Vectra 1988-2002  Liftback   3M || 5025: Opel Vectra 2002-2008  Liftback   3L
57451,2,MULTI,5022/5026,3L/3M,非皮卡,Opel,Vectra,2002,,Sedan,,,3L,5022: Opel Vectra 1988-2002  Sedan   3M || 5026: Opel Vectra 2002-2008  Sedan   3L
57452,2,MULTI,5021/5025,3L/3M,非皮卡,Opel,Vectra,2002,,Liftback,,,3M,5021: Opel Vectra 1988-2002  Liftback   3M || 5025: Opel Vectra 2002-2008  Liftback   3L
57453,2,MULTI,5022/5026,3L/3M,非皮卡,Opel,Vectra,2002,,Sedan,,,3M,5022: Opel Vectra 1988-2002  Sedan   3M || 5026: Opel Vectra 2002-2008  Sedan   3L
57460,2,MULTI,5024/5027,2XL/2XL+,非皮卡,Opel,Vectra,2005,,Wagon,,,2XL,5024: Opel Vectra 2002-2005  Wagon   2XL || 5027: Opel Vectra 2005-2008  Wagon   2XL+
57461,2,MULTI,5024/5027,2XL/2XL+,非皮卡,Opel,Vectra,2005,,Wagon,,,2XL+,5024: Opel Vectra 2002-2005  Wagon   2XL || 5027: Opel Vectra 2005-2008  Wagon   2XL+
57528,2,MULTI,5031/5033,2XL-200/2XXL-525,非皮卡,Opel,Vivaro,2014,,MPV,,,2XL-200,5031: Opel Vivaro 2001-2014  MPV   2XL-200 || 5033: Opel Vivaro 2014-2026  MPV   2XXL-525
57529,2,MULTI,5032/5034,2XL-200/2XXL-525,非皮卡,Opel,Vivaro,2014,,Van,,,2XL-200,5032: Opel Vivaro 2001-2014  Van   2XL-200 || 5034: Opel Vivaro 2014-2026  Van   2XXL-525
57530,2,MULTI,5031/5033,2XL-200/2XXL-525,非皮卡,Opel,Vivaro,2014,,MPV,,,2XXL-525,5031: Opel Vivaro 2001-2014  MPV   2XL-200 || 5033: Opel Vivaro 2014-2026  MPV   2XXL-525
57531,2,MULTI,5032/5034,2XL-200/2XXL-525,非皮卡,Opel,Vivaro,2014,,Van,,,2XXL-525,5032: Opel Vivaro 2001-2014  Van   2XL-200 || 5034: Opel Vivaro 2014-2026  Van   2XXL-525
57582,2,MULTI,5036/5037,2L+/2XL,非皮卡,Opel,Zafira,2011,,MPV,,,2L+,5036: Opel Zafira 1999-2014  MPV   2L+ || 5037: Opel Zafira 2011-2019  MPV   2XL
57583,2,MULTI,5036/5037,2L+/2XL,非皮卡,Opel,Zafira,2011,,MPV,,,2XL,5036: Opel Zafira 1999-2014  MPV   2L+ || 5037: Opel Zafira 2011-2019  MPV   2XL
57584,2,MULTI,5036/5037,2L+/2XL,非皮卡,Opel,Zafira,2012,,MPV,,,2L+,5036: Opel Zafira 1999-2014  MPV   2L+ || 5037: Opel Zafira 2011-2019  MPV   2XL
57585,2,MULTI,5036/5037,2L+/2XL,非皮卡,Opel,Zafira,2012,,MPV,,,2XL,5036: Opel Zafira 1999-2014  MPV   2L+ || 5037: Opel Zafira 2011-2019  MPV   2XL
57586,2,MULTI,5036/5037,2L+/2XL,非皮卡,Opel,Zafira,2013,,MPV,,,2L+,5036: Opel Zafira 1999-2014  MPV   2L+ || 5037: Opel Zafira 2011-2019  MPV   2XL
57587,2,MULTI,5036/5037,2L+/2XL,非皮卡,Opel,Zafira,2013,,MPV,,,2XL,5036: Opel Zafira 1999-2014  MPV   2L+ || 5037: Opel Zafira 2011-2019  MPV   2XL
57588,2,MULTI,5036/5037,2L+/2XL,非皮卡,Opel,Zafira,2014,,MPV,,,2L+,5036: Opel Zafira 1999-2014  MPV   2L+ || 5037: Opel Zafira 2011-2019  MPV   2XL
57589,2,MULTI,5036/5037,2L+/2XL,非皮卡,Opel,Zafira,2014,,MPV,,,2XL,5036: Opel Zafira 1999-2014  MPV   2L+ || 5037: Opel Zafira 2011-2019  MPV   2XL
57784,0,MISS,,,非皮卡,Packard,200/250,1951,,Sedan,,,3XXXL,
57785,0,MISS,,,非皮卡,Packard,200/250,1952,,Sedan,,,3XXXL,
58105,2,MULTI,5098/5099,2M/2S,非皮卡,Peugeot,106,1996,,Hatchback,,,2M,5098: Peugeot 106 1991-1996  Hatchback   2S || 5099: Peugeot 106 1996-2004  Hatchback   2M
58106,2,MULTI,5098/5099,2M/2S,非皮卡,Peugeot,106,1996,,Hatchback,,,2S,5098: Peugeot 106 1991-1996  Hatchback   2S || 5099: Peugeot 106 1996-2004  Hatchback   2M
58666,2,MULTI,5137/5139,2L+/2XL,非皮卡,Peugeot,308,2013,,Wagon,,,2L+,5137: Peugeot 308 2007-2015  Wagon   2L+ || 5139: Peugeot 308 2013-2026  Wagon   2XL
58667,2,MULTI,5137/5139,2L+/2XL,非皮卡,Peugeot,308,2013,,Wagon,,,2XL,5137: Peugeot 308 2007-2015  Wagon   2L+ || 5139: Peugeot 308 2013-2026  Wagon   2XL
58671,2,MULTI,5137/5139,2L+/2XL,非皮卡,Peugeot,308,2014,,Wagon,,,2L+,5137: Peugeot 308 2007-2015  Wagon   2L+ || 5139: Peugeot 308 2013-2026  Wagon   2XL
58672,2,MULTI,5137/5139,2L+/2XL,非皮卡,Peugeot,308,2014,,Wagon,,,2XL,5137: Peugeot 308 2007-2015  Wagon   2L+ || 5139: Peugeot 308 2013-2026  Wagon   2XL
58676,2,MULTI,5137/5139,2L+/2XL,非皮卡,Peugeot,308,2015,,Wagon,,,2L+,5137: Peugeot 308 2007-2015  Wagon   2L+ || 5139: Peugeot 308 2013-2026  Wagon   2XL
58677,2,MULTI,5137/5139,2L+/2XL,非皮卡,Peugeot,308,2015,,Wagon,,,2XL,5137: Peugeot 308 2007-2015  Wagon   2L+ || 5139: Peugeot 308 2013-2026  Wagon   2XL
58996,2,MULTI,5159/5160,3L/3XL,非皮卡,Peugeot,408,2017,,Sedan,,,3L,5159: Peugeot 408 2012-2026  Sedan   3XL || 5160: Peugeot 408 2017-2022  Sedan   3L
58997,2,MULTI,5159/5160,3L/3XL,非皮卡,Peugeot,408,2017,,Sedan,,,3XL,5159: Peugeot 408 2012-2026  Sedan   3XL || 5160: Peugeot 408 2017-2022  Sedan   3L
58998,2,MULTI,5159/5160,3L/3XL,非皮卡,Peugeot,408,2017,,Sedan,,,3XL,5159: Peugeot 408 2012-2026  Sedan   3XL || 5160: Peugeot 408 2017-2022  Sedan   3L
58999,2,MULTI,5159/5160,3L/3XL,非皮卡,Peugeot,408,2018,,Sedan,,,3L,5159: Peugeot 408 2012-2026  Sedan   3XL || 5160: Peugeot 408 2017-2022  Sedan   3L
59000,2,MULTI,5159/5160,3L/3XL,非皮卡,Peugeot,408,2018,,Sedan,,,3XL,5159: Peugeot 408 2012-2026  Sedan   3XL || 5160: Peugeot 408 2017-2022  Sedan   3L
59001,2,MULTI,5159/5160,3L/3XL,非皮卡,Peugeot,408,2018,,Sedan,,,3XL,5159: Peugeot 408 2012-2026  Sedan   3XL || 5160: Peugeot 408 2017-2022  Sedan   3L
59002,2,MULTI,5159/5160,3L/3XL,非皮卡,Peugeot,408,2019,,Sedan,,,3L,5159: Peugeot 408 2012-2026  Sedan   3XL || 5160: Peugeot 408 2017-2022  Sedan   3L
59003,2,MULTI,5159/5160,3L/3XL,非皮卡,Peugeot,408,2019,,Sedan,,,3XL,5159: Peugeot 408 2012-2026  Sedan   3XL || 5160: Peugeot 408 2017-2022  Sedan   3L
59004,2,MULTI,5159/5160,3L/3XL,非皮卡,Peugeot,408,2020,,Sedan,,,3L,5159: Peugeot 408 2012-2026  Sedan   3XL || 5160: Peugeot 408 2017-2022  Sedan   3L
59005,2,MULTI,5159/5160,3L/3XL,非皮卡,Peugeot,408,2020,,Sedan,,,3XL,5159: Peugeot 408 2012-2026  Sedan   3XL || 5160: Peugeot 408 2017-2022  Sedan   3L
59006,2,MULTI,5159/5160,3L/3XL,非皮卡,Peugeot,408,2021,,Sedan,,,3L,5159: Peugeot 408 2012-2026  Sedan   3XL || 5160: Peugeot 408 2017-2022  Sedan   3L
59007,2,MULTI,5159/5160,3L/3XL,非皮卡,Peugeot,408,2021,,Sedan,,,3XL,5159: Peugeot 408 2012-2026  Sedan   3XL || 5160: Peugeot 408 2017-2022  Sedan   3L
59008,2,MULTI,5159/5160,3L/3XL,非皮卡,Peugeot,408,2022,,Sedan,,,3L,5159: Peugeot 408 2012-2026  Sedan   3XL || 5160: Peugeot 408 2017-2022  Sedan   3L
59009,2,MULTI,5159/5160,3L/3XL,非皮卡,Peugeot,408,2022,,Sedan,,,3XL,5159: Peugeot 408 2012-2026  Sedan   3XL || 5160: Peugeot 408 2017-2022  Sedan   3L
59010,2,MULTI,5159/5160,3L/3XL,非皮卡,Peugeot,408,2022,,Sedan,,,3XL,5159: Peugeot 408 2012-2026  Sedan   3XL || 5160: Peugeot 408 2017-2022  Sedan   3L
59271,2,MULTI,5173/5174,3XL/3XXL,非皮卡,Peugeot,607,2004,,Sedan,,,3XL,5173: Peugeot 607 2000-2004  Sedan   3XL || 5174: Peugeot 607 2004-2010  Sedan   3XXL
59272,2,MULTI,5173/5174,3XL/3XXL,非皮卡,Peugeot,607,2004,,Sedan,,,3XXL,5173: Peugeot 607 2000-2004  Sedan   3XL || 5174: Peugeot 607 2004-2010  Sedan   3XXL
59379,2,MULTI,5179/5182,2XL-200/2XXL-525,非皮卡,Peugeot,Expert,2016,,MPV,,,2XL-200,5179: Peugeot Expert 1995-2016  MPV   2XL-200 || 5182: Peugeot Expert 2016-2023  MPV   2XXL-525
59380,2,MULTI,5180/5183,2XL-200/2XXL-525,非皮卡,Peugeot,Expert,2016,,Van,,,2XL-200,5180: Peugeot Expert 2007-2016  Van   2XL-200 || 5183: Peugeot Expert 2016-2026  Van   2XXL-525
59381,2,MULTI,5179/5182,2XL-200/2XXL-525,非皮卡,Peugeot,Expert,2016,,MPV,,,2XXL-525,5179: Peugeot Expert 1995-2016  MPV   2XL-200 || 5182: Peugeot Expert 2016-2023  MPV   2XXL-525
59383,2,MULTI,5180/5183,2XL-200/2XXL-525,非皮卡,Peugeot,Expert,2016,,Van,,,2XXL-525,5180: Peugeot Expert 2007-2016  Van   2XL-200 || 5183: Peugeot Expert 2016-2026  Van   2XXL-525
59425,2,MULTI,5184/5186,2L-200/2XL,非皮卡,Peugeot,Partner,2008,,MPV,,,2L-200,5184: Peugeot Partner 1997-2012  MPV   2L-200 || 5186: Peugeot Partner 2008-2026  MPV   2XL
59428,2,MULTI,5184/5186,2L-200/2XL,非皮卡,Peugeot,Partner,2008,,MPV,,,2XL,5184: Peugeot Partner 1997-2012  MPV   2L-200 || 5186: Peugeot Partner 2008-2026  MPV   2XL
59429,2,MULTI,5184/5186,2L-200/2XL,非皮卡,Peugeot,Partner,2009,,MPV,,,2L-200,5184: Peugeot Partner 1997-2012  MPV   2L-200 || 5186: Peugeot Partner 2008-2026  MPV   2XL
59432,2,MULTI,5184/5186,2L-200/2XL,非皮卡,Peugeot,Partner,2009,,MPV,,,2XL,5184: Peugeot Partner 1997-2012  MPV   2L-200 || 5186: Peugeot Partner 2008-2026  MPV   2XL
59433,2,MULTI,5184/5186,2L-200/2XL,非皮卡,Peugeot,Partner,2010,,MPV,,,2L-200,5184: Peugeot Partner 1997-2012  MPV   2L-200 || 5186: Peugeot Partner 2008-2026  MPV   2XL
59436,2,MULTI,5184/5186,2L-200/2XL,非皮卡,Peugeot,Partner,2010,,MPV,,,2XL,5184: Peugeot Partner 1997-2012  MPV   2L-200 || 5186: Peugeot Partner 2008-2026  MPV   2XL
59437,2,MULTI,5184/5186,2L-200/2XL,非皮卡,Peugeot,Partner,2011,,MPV,,,2L-200,5184: Peugeot Partner 1997-2012  MPV   2L-200 || 5186: Peugeot Partner 2008-2026  MPV   2XL
59440,2,MULTI,5184/5186,2L-200/2XL,非皮卡,Peugeot,Partner,2011,,MPV,,,2XL,5184: Peugeot Partner 1997-2012  MPV   2L-200 || 5186: Peugeot Partner 2008-2026  MPV   2XL
59441,2,MULTI,5184/5186,2L-200/2XL,非皮卡,Peugeot,Partner,2012,,MPV,,,2L-200,5184: Peugeot Partner 1997-2012  MPV   2L-200 || 5186: Peugeot Partner 2008-2026  MPV   2XL
59442,2,MULTI,5185/5187,2L-200/2XL,非皮卡,Peugeot,Partner,2012,,Van,,,2L-200,5185: Peugeot Partner 1997-2012  Van   2L-200 || 5187: Peugeot Partner 2012-2026  Van   2XL
59443,2,MULTI,5185/5187,2L-200/2XL,非皮卡,Peugeot,Partner,2012,,Van,,,2L-200,5185: Peugeot Partner 1997-2012  Van   2L-200 || 5187: Peugeot Partner 2012-2026  Van   2XL
59444,2,MULTI,5184/5186,2L-200/2XL,非皮卡,Peugeot,Partner,2012,,MPV,,,2XL,5184: Peugeot Partner 1997-2012  MPV   2L-200 || 5186: Peugeot Partner 2008-2026  MPV   2XL
59445,2,MULTI,5184/5186,2L-200/2XL,非皮卡,Peugeot,Partner,2012,,MPV,,,2XL,5184: Peugeot Partner 1997-2012  MPV   2L-200 || 5186: Peugeot Partner 2008-2026  MPV   2XL
59446,2,MULTI,5185/5187,2L-200/2XL,非皮卡,Peugeot,Partner,2012,,Van,,,2XL,5185: Peugeot Partner 1997-2012  Van   2L-200 || 5187: Peugeot Partner 2012-2026  Van   2XL
60369,2,MULTI,5279/5282,2XL/2XXL-525,非皮卡,Pontiac,Montana,2005,LWB,MPV,,,2XL,5279: Pontiac Montana 1997-2005 LWB MPV   2XL || 5282: Pontiac Montana 2005-2009 LWB MPV   2XXL-525
60370,2,MULTI,5280/5281,2XL/2XL+,非皮卡,Pontiac,Montana,2005,SWB,MPV,,,2XL,5280: Pontiac Montana 1997-2005 SWB MPV   2XL || 5281: Pontiac Montana 2005-2009 SWB MPV   2XL+
60371,2,MULTI,5280/5281,2XL/2XL+,非皮卡,Pontiac,Montana,2005,SWB,MPV,,,2XL+,5280: Pontiac Montana 1997-2005 SWB MPV   2XL || 5281: Pontiac Montana 2005-2009 SWB MPV   2XL+
60372,2,MULTI,5279/5282,2XL/2XXL-525,非皮卡,Pontiac,Montana,2005,LWB,MPV,,,2XXL-525,5279: Pontiac Montana 1997-2005 LWB MPV   2XL || 5282: Pontiac Montana 2005-2009 LWB MPV   2XXL-525
60418,2,MULTI,5286/5288,3M-0/3XXL-0,非皮卡,Pontiac,Phoenix,1979,,Coupe,,,3M-0,5286: Pontiac Phoenix 1977-1979  Coupe   3XXL-0 || 5288: Pontiac Phoenix 1979-1984  Coupe   3M-0
60420,2,MULTI,5286/5288,3M-0/3XXL-0,非皮卡,Pontiac,Phoenix,1979,,Coupe,,,3XXL-0,5286: Pontiac Phoenix 1977-1979  Coupe   3XXL-0 || 5288: Pontiac Phoenix 1979-1984  Coupe   3M-0
60461,2,MULTI,5292/5294,3L-0/3M-0,非皮卡,Pontiac,Sunbird,1988,,Coupe,,,3L-0,5292: Pontiac Sunbird 1981-1988  Coupe   3M-0 || 5294: Pontiac Sunbird 1988-1994  Coupe   3L-0
60462,2,MULTI,5292/5294,3L-0/3M-0,非皮卡,Pontiac,Sunbird,1988,,Coupe,,,3M-0,5292: Pontiac Sunbird 1981-1988  Coupe   3M-0 || 5294: Pontiac Sunbird 1988-1994  Coupe   3L-0
60716,2,MULTI,5318/5320,3M-0/3S-0,非皮卡,Porsche,911,1973,,Coupe,,,3M-0,5318: Porsche 911 1963-1973  Coupe   3S-0 || 5320: Porsche 911 1973-2025  Coupe   3M-0
60718,2,MULTI,5319/5322,3M-0/3S-0,非皮卡,Porsche,911,1973,,Targa,,,3M-0,5319: Porsche 911 1963-1973  Targa   3S-0 || 5322: Porsche 911 1973-1998  Targa   3M-0
60719,2,MULTI,5318/5320,3M-0/3S-0,非皮卡,Porsche,911,1973,,Coupe,,,3S-0,5318: Porsche 911 1963-1973  Coupe   3S-0 || 5320: Porsche 911 1973-2025  Coupe   3M-0
60720,2,MULTI,5319/5322,3M-0/3S-0,非皮卡,Porsche,911,1973,,Targa,,,3S-0,5319: Porsche 911 1963-1973  Targa   3S-0 || 5322: Porsche 911 1973-1998  Targa   3M-0
60923,2,MULTI,5323/5326,3L-0/3M-0,非皮卡,Porsche,911,2024,,Convertible,,,3L-0,5323: Porsche 911 1988-2025  Convertible   3M-0 || 5326: Porsche 911 2024-2026  Convertible   3L-0
60924,2,MULTI,5320/5327,3L-0/3M-0,非皮卡,Porsche,911,2024,,Coupe,,,3L-0,5320: Porsche 911 1973-2025  Coupe   3M-0 || 5327: Porsche 911 2024-2026  Coupe   3L-0
60926,2,MULTI,5324/5328,3L-0/3M-0,非皮卡,Porsche,911,2024,,Targa,,,3L-0,5324: Porsche 911 2000-2025  Targa   3M-0 || 5328: Porsche 911 2024-2026  Targa   3L-0
60927,2,MULTI,5323/5326,3L-0/3M-0,非皮卡,Porsche,911,2024,,Convertible,,,3M-0,5323: Porsche 911 1988-2025  Convertible   3M-0 || 5326: Porsche 911 2024-2026  Convertible   3L-0
60928,2,MULTI,5320/5327,3L-0/3M-0,非皮卡,Porsche,911,2024,,Coupe,,,3M-0,5320: Porsche 911 1973-2025  Coupe   3M-0 || 5327: Porsche 911 2024-2026  Coupe   3L-0
60929,2,MULTI,5324/5328,3L-0/3M-0,非皮卡,Porsche,911,2024,,Targa,,,3M-0,5324: Porsche 911 2000-2025  Targa   3M-0 || 5328: Porsche 911 2024-2026  Targa   3L-0
60930,2,MULTI,5323/5326,3L-0/3M-0,非皮卡,Porsche,911,2025,,Convertible,,,3L-0,5323: Porsche 911 1988-2025  Convertible   3M-0 || 5326: Porsche 911 2024-2026  Convertible   3L-0
60931,2,MULTI,5320/5327,3L-0/3M-0,非皮卡,Porsche,911,2025,,Coupe,,,3L-0,5320: Porsche 911 1973-2025  Coupe   3M-0 || 5327: Porsche 911 2024-2026  Coupe   3L-0
60933,2,MULTI,5324/5328,3L-0/3M-0,非皮卡,Porsche,911,2025,,Targa,,,3L-0,5324: Porsche 911 2000-2025  Targa   3M-0 || 5328: Porsche 911 2024-2026  Targa   3L-0
60934,2,MULTI,5323/5326,3L-0/3M-0,非皮卡,Porsche,911,2025,,Convertible,,,3M-0,5323: Porsche 911 1988-2025  Convertible   3M-0 || 5326: Porsche 911 2024-2026  Convertible   3L-0
60935,2,MULTI,5320/5327,3L-0/3M-0,非皮卡,Porsche,911,2025,,Coupe,,,3M-0,5320: Porsche 911 1973-2025  Coupe   3M-0 || 5327: Porsche 911 2024-2026  Coupe   3L-0
60936,2,MULTI,5324/5328,3L-0/3M-0,非皮卡,Porsche,911,2025,,Targa,,,3M-0,5324: Porsche 911 2000-2025  Targa   3M-0 || 5328: Porsche 911 2024-2026  Targa   3L-0
61011,0,MISS,,,非皮卡,Porsche,911 S/T,2023,,Coupe,,,3L-0,
61012,0,MISS,,,非皮卡,Porsche,911 S/T,2024,,Coupe,,,3L-0,
61013,0,MISS,,,非皮卡,Porsche,911 S/T,2025,,Coupe,,,3L-0,
61014,0,MISS,,,非皮卡,Porsche,911 S/T,2026,,Coupe,,,3L-0,
61158,2,MULTI,5349/5350,YL/YXL,非皮卡,Porsche,Cayenne,2010,,SUV,,,YL,5349: Porsche Cayenne 2002-2010  SUV   YL || 5350: Porsche Cayenne 2010-2026  SUV   YXL
61159,2,MULTI,5349/5350,YL/YXL,非皮卡,Porsche,Cayenne,2010,,SUV,,,YXL,5349: Porsche Cayenne 2002-2010  SUV   YL || 5350: Porsche Cayenne 2010-2026  SUV   YXL
62544,2,MULTI,5440/5441,2L+/2XL,非皮卡,Renault,Espace,1991,,MPV,,,2L+,5440: Renault Espace 1984-1991  MPV   2XL || 5441: Renault Espace 1991-2002  MPV   2L+
62545,2,MULTI,5440/5441,2L+/2XL,非皮卡,Renault,Espace,1991,,MPV,,,2XL,5440: Renault Espace 1984-1991  MPV   2XL || 5441: Renault Espace 1991-2002  MPV   2L+
62563,2,MULTI,5441/5443,2L+/2XL,非皮卡,Renault,Espace,2002,,MPV,,,2L+,5441: Renault Espace 1991-2002  MPV   2L+ || 5443: Renault Espace 2002-2014  MPV   2XL
62564,2,MULTI,5441/5443,2L+/2XL,非皮卡,Renault,Espace,2002,,MPV,,,2XL,5441: Renault Espace 1991-2002  MPV   2L+ || 5443: Renault Espace 2002-2014  MPV   2XL
62565,2,MULTI,5442/5444,2XL/2XL+,非皮卡,Renault,Espace,2002,Grand,MPV,,,2XL,5442: Renault Espace 1996-2002 Grand MPV   2XL || 5444: Renault Espace 2002-2014 Grand MPV   2XL+
62566,2,MULTI,5442/5444,2XL/2XL+,非皮卡,Renault,Espace,2002,Grand,MPV,,,2XL+,5442: Renault Espace 1996-2002 Grand MPV   2XL || 5444: Renault Espace 2002-2014 Grand MPV   2XL+
62714,2,MULTI,5457/5460,2L-200/无可用尺码,非皮卡,Renault,Kangoo,2007,,MPV,,,2L-200,5457: Renault Kangoo 1997-2009  MPV   2L-200 || 5460: Renault Kangoo 2007-2013  MPV   无可用尺码
62718,2,MULTI,5457/5460,2L-200/无可用尺码,非皮卡,Renault,Kangoo,2007,,MPV,,,无可用尺码,5457: Renault Kangoo 1997-2009  MPV   2L-200 || 5460: Renault Kangoo 2007-2013  MPV   无可用尺码
62719,2,MULTI,5457/5460,2L-200/无可用尺码,非皮卡,Renault,Kangoo,2008,,MPV,,,2L-200,5457: Renault Kangoo 1997-2009  MPV   2L-200 || 5460: Renault Kangoo 2007-2013  MPV   无可用尺码
62723,2,MULTI,5457/5460,2L-200/无可用尺码,非皮卡,Renault,Kangoo,2008,,MPV,,,无可用尺码,5457: Renault Kangoo 1997-2009  MPV   2L-200 || 5460: Renault Kangoo 2007-2013  MPV   无可用尺码
62724,2,MULTI,5457/5460,2L-200/无可用尺码,非皮卡,Renault,Kangoo,2009,,MPV,,,2L-200,5457: Renault Kangoo 1997-2009  MPV   2L-200 || 5460: Renault Kangoo 2007-2013  MPV   无可用尺码
62728,2,MULTI,5457/5460,2L-200/无可用尺码,非皮卡,Renault,Kangoo,2009,,MPV,,,无可用尺码,5457: Renault Kangoo 1997-2009  MPV   2L-200 || 5460: Renault Kangoo 2007-2013  MPV   无可用尺码
62738,2,MULTI,5460/5461,2L-200/无可用尺码,非皮卡,Renault,Kangoo,2013,,MPV,,,2L-200,5460: Renault Kangoo 2007-2013  MPV   无可用尺码 || 5461: Renault Kangoo 2013-2021  MPV   2L-200
62743,2,MULTI,5460/5461,2L-200/无可用尺码,非皮卡,Renault,Kangoo,2013,,MPV,,,无可用尺码,5460: Renault Kangoo 2007-2013  MPV   无可用尺码 || 5461: Renault Kangoo 2013-2021  MPV   2L-200
62765,2,MULTI,5461/5462,2L-200/2XL,非皮卡,Renault,Kangoo,2021,,MPV,,,2L-200,5461: Renault Kangoo 2013-2021  MPV   2L-200 || 5462: Renault Kangoo 2021-2026  MPV   2XL
62766,2,MULTI,5458/5463,2L-200/2XL,非皮卡,Renault,Kangoo,2021,,Van,,,2L-200,5458: Renault Kangoo 1997-2021  Van   2L-200 || 5463: Renault Kangoo 2021-2026  Van   2XL
62767,2,MULTI,5461/5462,2L-200/2XL,非皮卡,Renault,Kangoo,2021,,MPV,,,2XL,5461: Renault Kangoo 2013-2021  MPV   2L-200 || 5462: Renault Kangoo 2021-2026  MPV   2XL
62768,2,MULTI,5459/5464,2XL/2XL+,非皮卡,Renault,Kangoo,2021,Grand,MPV,,,2XL,5459: Renault Kangoo 2007-2021 Grand MPV   2XL || 5464: Renault Kangoo 2021-2026 Grand MPV   2XL+
62769,2,MULTI,5458/5463,2L-200/2XL,非皮卡,Renault,Kangoo,2021,,Van,,,2XL,5458: Renault Kangoo 1997-2021  Van   2L-200 || 5463: Renault Kangoo 2021-2026  Van   2XL
62770,2,MULTI,5459/5464,2XL/2XL+,非皮卡,Renault,Kangoo,2021,Grand,MPV,,,2XL+,5459: Renault Kangoo 2007-2021 Grand MPV   2XL || 5464: Renault Kangoo 2021-2026 Grand MPV   2XL+
62815,2,MULTI,5468/5469,YL/YM+,非皮卡,Renault,Koleos,2016,,SUV,,,YL,5468: Renault Koleos 2008-2016  SUV   YM+ || 5469: Renault Koleos 2016-2023  SUV   YL
62816,2,MULTI,5468/5469,YL/YM+,非皮卡,Renault,Koleos,2016,,SUV,,,YM+,5468: Renault Koleos 2008-2016  SUV   YM+ || 5469: Renault Koleos 2016-2023  SUV   YL
62843,2,MULTI,5471/5472,3L/3M,非皮卡,Renault,Laguna,2001,,Liftback,,,3L,5471: Renault Laguna 1993-2001  Liftback   3M || 5472: Renault Laguna 2001-2015  Liftback   3L
62844,2,MULTI,5471/5472,3L/3M,非皮卡,Renault,Laguna,2001,,Liftback,,,3M,5471: Renault Laguna 1993-2001  Liftback   3M || 5472: Renault Laguna 2001-2015  Liftback   3L
63032,2,MULTI,5482/5485,3M-0/3S-0,非皮卡,Renault,Megane,2002,,Convertible,,,3M-0,5482: Renault Megane 1995-2003  Convertible   3S-0 || 5485: Renault Megane 2002-2016  Convertible   3M-0
63033,2,MULTI,5482/5485,3M-0/3S-0,非皮卡,Renault,Megane,2002,,Convertible,,,3S-0,5482: Renault Megane 1995-2003  Convertible   3S-0 || 5485: Renault Megane 2002-2016  Convertible   3M-0
63041,2,MULTI,5482/5485,3M-0/3S-0,非皮卡,Renault,Megane,2003,,Convertible,,,3M-0,5482: Renault Megane 1995-2003  Convertible   3S-0 || 5485: Renault Megane 2002-2016  Convertible   3M-0
63042,2,MULTI,5482/5485,3M-0/3S-0,非皮卡,Renault,Megane,2003,,Convertible,,,3S-0,5482: Renault Megane 1995-2003  Convertible   3S-0 || 5485: Renault Megane 2002-2016  Convertible   3M-0
63067,2,MULTI,5484/5486,2L+/2XL,非皮卡,Renault,Megane,2008,,Wagon,,,2L+,5484: Renault Megane 1999-2009  Wagon   2L+ || 5486: Renault Megane 2008-2024  Wagon   2XL
63068,2,MULTI,5484/5486,2L+/2XL,非皮卡,Renault,Megane,2008,,Wagon,,,2XL,5484: Renault Megane 1999-2009  Wagon   2L+ || 5486: Renault Megane 2008-2024  Wagon   2XL
63075,2,MULTI,5484/5486,2L+/2XL,非皮卡,Renault,Megane,2009,,Wagon,,,2L+,5484: Renault Megane 1999-2009  Wagon   2L+ || 5486: Renault Megane 2008-2024  Wagon   2XL
63076,2,MULTI,5484/5486,2L+/2XL,非皮卡,Renault,Megane,2009,,Wagon,,,2XL,5484: Renault Megane 1999-2009  Wagon   2L+ || 5486: Renault Megane 2008-2024  Wagon   2XL
63271,2,MULTI,5495/5496,2L+/2XL,非皮卡,Renault,Scenic,2009,Grand,MPV,,,2L+,5495: Renault Scenic 2003-2009 Grand MPV   2L+ || 5496: Renault Scenic 2009-2022 Grand MPV   2XL
63272,2,MULTI,5495/5496,2L+/2XL,非皮卡,Renault,Scenic,2009,Grand,MPV,,,2XL,5495: Renault Scenic 2003-2009 Grand MPV   2L+ || 5496: Renault Scenic 2009-2022 Grand MPV   2XL
63328,2,MULTI,5500/5501,3M/3S,非皮卡,Renault,Symbol,2008,,Sedan,,,3M,5500: Renault Symbol 1999-2008  Sedan   3S || 5501: Renault Symbol 2008-2021  Sedan   3M
63329,2,MULTI,5500/5501,3M/3S,非皮卡,Renault,Symbol,2008,,Sedan,,,3S,5500: Renault Symbol 1999-2008  Sedan   3S || 5501: Renault Symbol 2008-2021  Sedan   3M
63393,2,MULTI,5505/5507,2XL-200/无可用尺码,非皮卡,Renault,Trafic,2001,,Van,,,2XL-200,5505: Renault Trafic 1980-2001  Van   无可用尺码 || 5507: Renault Trafic 2001-2014  Van   2XL-200
63394,2,MULTI,5505/5507,2XL-200/无可用尺码,非皮卡,Renault,Trafic,2001,,Van,,,无可用尺码,5505: Renault Trafic 1980-2001  Van   无可用尺码 || 5507: Renault Trafic 2001-2014  Van   2XL-200
63421,2,MULTI,5506/5509,2XL-200/2XXL-545,非皮卡,Renault,Trafic,2014,,MPV,,,2XL-200,5506: Renault Trafic 2001-2014  MPV   2XL-200 || 5509: Renault Trafic 2014-2021  MPV   2XXL-545
63422,2,MULTI,5507/5508,2XL-200/2XXL-525,非皮卡,Renault,Trafic,2014,,Van,,,2XL-200,5507: Renault Trafic 2001-2014  Van   2XL-200 || 5508: Renault Trafic 2014-2021  Van   2XXL-525
63423,2,MULTI,5507/5508,2XL-200/2XXL-525,非皮卡,Renault,Trafic,2014,,Van,,,2XXL-525,5507: Renault Trafic 2001-2014  Van   2XL-200 || 5508: Renault Trafic 2014-2021  Van   2XXL-525
63424,2,MULTI,5506/5509,2XL-200/2XXL-545,非皮卡,Renault,Trafic,2014,,MPV,,,2XXL-545,5506: Renault Trafic 2001-2014  MPV   2XL-200 || 5509: Renault Trafic 2014-2021  MPV   2XXL-545
63476,2,MULTI,5513/5514,2M/2S,非皮卡,Renault,Twingo,2007,,Hatchback,,,2M,5513: Renault Twingo 1993-2007  Hatchback   2S || 5514: Renault Twingo 2007-2014  Hatchback   2M
63477,2,MULTI,5513/5514,2M/2S,非皮卡,Renault,Twingo,2007,,Hatchback,,,2S,5513: Renault Twingo 1993-2007  Hatchback   2S || 5514: Renault Twingo 2007-2014  Hatchback   2M
63485,2,MULTI,5514/5515,2M/2S,非皮卡,Renault,Twingo,2014,,Hatchback,,,2M,5514: Renault Twingo 2007-2014  Hatchback   2M || 5515: Renault Twingo 2014-2019  Hatchback   2S
63486,2,MULTI,5514/5515,2M/2S,非皮卡,Renault,Twingo,2014,,Hatchback,,,2S,5514: Renault Twingo 2007-2014  Hatchback   2M || 5515: Renault Twingo 2014-2019  Hatchback   2S
63491,2,MULTI,5515/5516,2M/2S,非皮卡,Renault,Twingo,2019,,Hatchback,,,2M,5515: Renault Twingo 2014-2019  Hatchback   2S || 5516: Renault Twingo 2019-2026  Hatchback   2M
63492,2,MULTI,5515/5516,2M/2S,非皮卡,Renault,Twingo,2019,,Hatchback,,,2S,5515: Renault Twingo 2014-2019  Hatchback   2S || 5516: Renault Twingo 2019-2026  Hatchback   2M
63607,2,MULTI,5526/5527,3L/3M,非皮卡,Renault Samsung,SM3,2009,,Sedan,,,3L,5526: Renault Samsung SM3 2002-2009  Sedan   3M || 5527: Renault Samsung SM3 2009-2020  Sedan   3L
63608,2,MULTI,5526/5527,3L/3M,非皮卡,Renault Samsung,SM3,2009,,Sedan,,,3M,5526: Renault Samsung SM3 2002-2009  Sedan   3M || 5527: Renault Samsung SM3 2009-2020  Sedan   3L
63610,2,MULTI,5527/5528,3L/3XL,非皮卡,Renault Samsung,SM3,2011,,Sedan,,,3L,5527: Renault Samsung SM3 2009-2020  Sedan   3L || 5528: Renault Samsung SM3 2011-2020  Sedan   3XL
63611,2,MULTI,5527/5528,3L/3XL,非皮卡,Renault Samsung,SM3,2011,,Sedan,,,3XL,5527: Renault Samsung SM3 2009-2020  Sedan   3L || 5528: Renault Samsung SM3 2011-2020  Sedan   3XL
63612,2,MULTI,5527/5528,3L/3XL,非皮卡,Renault Samsung,SM3,2012,,Sedan,,,3L,5527: Renault Samsung SM3 2009-2020  Sedan   3L || 5528: Renault Samsung SM3 2011-2020  Sedan   3XL
63613,2,MULTI,5527/5528,3L/3XL,非皮卡,Renault Samsung,SM3,2012,,Sedan,,,3XL,5527: Renault Samsung SM3 2009-2020  Sedan   3L || 5528: Renault Samsung SM3 2011-2020  Sedan   3XL
63614,2,MULTI,5527/5528,3L/3XL,非皮卡,Renault Samsung,SM3,2013,,Sedan,,,3L,5527: Renault Samsung SM3 2009-2020  Sedan   3L || 5528: Renault Samsung SM3 2011-2020  Sedan   3XL
63615,2,MULTI,5527/5528,3L/3XL,非皮卡,Renault Samsung,SM3,2013,,Sedan,,,3XL,5527: Renault Samsung SM3 2009-2020  Sedan   3L || 5528: Renault Samsung SM3 2011-2020  Sedan   3XL
63616,2,MULTI,5527/5528,3L/3XL,非皮卡,Renault Samsung,SM3,2014,,Sedan,,,3L,5527: Renault Samsung SM3 2009-2020  Sedan   3L || 5528: Renault Samsung SM3 2011-2020  Sedan   3XL
63617,2,MULTI,5527/5528,3L/3XL,非皮卡,Renault Samsung,SM3,2014,,Sedan,,,3XL,5527: Renault Samsung SM3 2009-2020  Sedan   3L || 5528: Renault Samsung SM3 2011-2020  Sedan   3XL
63618,2,MULTI,5527/5528,3L/3XL,非皮卡,Renault Samsung,SM3,2015,,Sedan,,,3L,5527: Renault Samsung SM3 2009-2020  Sedan   3L || 5528: Renault Samsung SM3 2011-2020  Sedan   3XL
63619,2,MULTI,5527/5528,3L/3XL,非皮卡,Renault Samsung,SM3,2015,,Sedan,,,3XL,5527: Renault Samsung SM3 2009-2020  Sedan   3L || 5528: Renault Samsung SM3 2011-2020  Sedan   3XL
63620,2,MULTI,5527/5528,3L/3XL,非皮卡,Renault Samsung,SM3,2016,,Sedan,,,3L,5527: Renault Samsung SM3 2009-2020  Sedan   3L || 5528: Renault Samsung SM3 2011-2020  Sedan   3XL
63621,2,MULTI,5527/5528,3L/3XL,非皮卡,Renault Samsung,SM3,2016,,Sedan,,,3XL,5527: Renault Samsung SM3 2009-2020  Sedan   3L || 5528: Renault Samsung SM3 2011-2020  Sedan   3XL
63622,2,MULTI,5527/5528,3L/3XL,非皮卡,Renault Samsung,SM3,2017,,Sedan,,,3L,5527: Renault Samsung SM3 2009-2020  Sedan   3L || 5528: Renault Samsung SM3 2011-2020  Sedan   3XL
63623,2,MULTI,5527/5528,3L/3XL,非皮卡,Renault Samsung,SM3,2017,,Sedan,,,3XL,5527: Renault Samsung SM3 2009-2020  Sedan   3L || 5528: Renault Samsung SM3 2011-2020  Sedan   3XL
63624,2,MULTI,5527/5528,3L/3XL,非皮卡,Renault Samsung,SM3,2017,,Sedan,,,3XL,5527: Renault Samsung SM3 2009-2020  Sedan   3L || 5528: Renault Samsung SM3 2011-2020  Sedan   3XL
63625,2,MULTI,5527/5528,3L/3XL,非皮卡,Renault Samsung,SM3,2018,,Sedan,,,3L,5527: Renault Samsung SM3 2009-2020  Sedan   3L || 5528: Renault Samsung SM3 2011-2020  Sedan   3XL
63626,2,MULTI,5527/5528,3L/3XL,非皮卡,Renault Samsung,SM3,2018,,Sedan,,,3XL,5527: Renault Samsung SM3 2009-2020  Sedan   3L || 5528: Renault Samsung SM3 2011-2020  Sedan   3XL
63627,2,MULTI,5527/5528,3L/3XL,非皮卡,Renault Samsung,SM3,2019,,Sedan,,,3L,5527: Renault Samsung SM3 2009-2020  Sedan   3L || 5528: Renault Samsung SM3 2011-2020  Sedan   3XL
63628,2,MULTI,5527/5528,3L/3XL,非皮卡,Renault Samsung,SM3,2019,,Sedan,,,3XL,5527: Renault Samsung SM3 2009-2020  Sedan   3L || 5528: Renault Samsung SM3 2011-2020  Sedan   3XL
63629,2,MULTI,5527/5528,3L/3XL,非皮卡,Renault Samsung,SM3,2020,,Sedan,,,3L,5527: Renault Samsung SM3 2009-2020  Sedan   3L || 5528: Renault Samsung SM3 2011-2020  Sedan   3XL
63630,2,MULTI,5527/5528,3L/3XL,非皮卡,Renault Samsung,SM3,2020,,Sedan,,,3XL,5527: Renault Samsung SM3 2009-2020  Sedan   3L || 5528: Renault Samsung SM3 2011-2020  Sedan   3XL
63644,2,MULTI,5529/5530,3XL/3XXL,非皮卡,Renault Samsung,SM5,2010,,Sedan,,,3XL,5529: Renault Samsung SM5 1998-2010  Sedan   3XL || 5530: Renault Samsung SM5 2010-2019  Sedan   3XXL
63645,2,MULTI,5529/5530,3XL/3XXL,非皮卡,Renault Samsung,SM5,2010,,Sedan,,,3XXL,5529: Renault Samsung SM5 1998-2010  Sedan   3XL || 5530: Renault Samsung SM5 2010-2019  Sedan   3XXL
63871,0,MISS,,,非皮卡,Rolls-Royce,20/25,1929,,Convertible,,,3XL-0,
63872,0,MISS,,,非皮卡,Rolls-Royce,20/25,1930,,Convertible,,,3XL-0,
63873,0,MISS,,,非皮卡,Rolls-Royce,20/25,1931,,Convertible,,,3XL-0,
63874,0,MISS,,,非皮卡,Rolls-Royce,20/25,1932,,Convertible,,,3XL-0,
63875,0,MISS,,,非皮卡,Rolls-Royce,20/25,1933,,Convertible,,,3XL-0,
63876,0,MISS,,,非皮卡,Rolls-Royce,20/25,1934,,Convertible,,,3XL-0,
63877,0,MISS,,,非皮卡,Rolls-Royce,20/25,1935,,Convertible,,,3XL-0,
63878,0,MISS,,,非皮卡,Rolls-Royce,20/25,1936,,Convertible,,,3XL-0,
63987,2,MULTI,5577/5579,3XXXL/无可用尺码,非皮卡,Rolls-Royce,Ghost,2020,,Sedan,,,3XXXL,5577: Rolls-Royce Ghost 2010-2020  Sedan   3XXXL || 5579: Rolls-Royce Ghost 2020-2026  Sedan   无可用尺码
63988,2,MULTI,5577/5579,3XXXL/无可用尺码,非皮卡,Rolls-Royce,Ghost,2020,,Sedan,,,无可用尺码,5577: Rolls-Royce Ghost 2010-2020  Sedan   3XXXL || 5579: Rolls-Royce Ghost 2020-2026  Sedan   无可用尺码
64326,2,MULTI,5599/5601,2L+/2M,非皮卡,Rover,200,1995,,Hatchback,,,2L+,5599: Rover 200 1989-1999  Hatchback   2L+ || 5601: Rover 200 1995-1999  Hatchback   2M
64327,2,MULTI,5599/5601,2L+/2M,非皮卡,Rover,200,1995,,Hatchback,,,2M,5599: Rover 200 1989-1999  Hatchback   2L+ || 5601: Rover 200 1995-1999  Hatchback   2M
64330,2,MULTI,5599/5601,2L+/2M,非皮卡,Rover,200,1996,,Hatchback,,,2L+,5599: Rover 200 1989-1999  Hatchback   2L+ || 5601: Rover 200 1995-1999  Hatchback   2M
64331,2,MULTI,5599/5601,2L+/2M,非皮卡,Rover,200,1996,,Hatchback,,,2M,5599: Rover 200 1989-1999  Hatchback   2L+ || 5601: Rover 200 1995-1999  Hatchback   2M
64334,2,MULTI,5599/5601,2L+/2M,非皮卡,Rover,200,1997,,Hatchback,,,2L+,5599: Rover 200 1989-1999  Hatchback   2L+ || 5601: Rover 200 1995-1999  Hatchback   2M
64335,2,MULTI,5599/5601,2L+/2M,非皮卡,Rover,200,1997,,Hatchback,,,2M,5599: Rover 200 1989-1999  Hatchback   2L+ || 5601: Rover 200 1995-1999  Hatchback   2M
64338,2,MULTI,5599/5601,2L+/2M,非皮卡,Rover,200,1998,,Hatchback,,,2L+,5599: Rover 200 1989-1999  Hatchback   2L+ || 5601: Rover 200 1995-1999  Hatchback   2M
64339,2,MULTI,5599/5601,2L+/2M,非皮卡,Rover,200,1998,,Hatchback,,,2M,5599: Rover 200 1989-1999  Hatchback   2L+ || 5601: Rover 200 1995-1999  Hatchback   2M
64342,2,MULTI,5599/5601,2L+/2M,非皮卡,Rover,200,1999,,Hatchback,,,2L+,5599: Rover 200 1989-1999  Hatchback   2L+ || 5601: Rover 200 1995-1999  Hatchback   2M
64343,2,MULTI,5599/5601,2L+/2M,非皮卡,Rover,200,1999,,Hatchback,,,2M,5599: Rover 200 1989-1999  Hatchback   2L+ || 5601: Rover 200 1995-1999  Hatchback   2M
64593,2,MULTI,5629/5630,2XL/2XL+,非皮卡,SEAT,Alhambra,2010,,MPV,,,2XL,5629: SEAT Alhambra 1996-2010  MPV   2XL || 5630: SEAT Alhambra 2010-2020  MPV   2XL+
64594,2,MULTI,5629/5630,2XL/2XL+,非皮卡,SEAT,Alhambra,2010,,MPV,,,2XL+,5629: SEAT Alhambra 1996-2010  MPV   2XL || 5630: SEAT Alhambra 2010-2020  MPV   2XL+
64711,2,MULTI,5636/5638,3M/3S,非皮卡,SEAT,Cordoba,2003,,Sedan,,,3M,5636: SEAT Cordoba 1993-2003  Sedan   3S || 5638: SEAT Cordoba 2003-2009  Sedan   3M
64712,2,MULTI,5636/5638,3M/3S,非皮卡,SEAT,Cordoba,2003,,Sedan,,,3S,5636: SEAT Cordoba 1993-2003  Sedan   3S || 5638: SEAT Cordoba 2003-2009  Sedan   3M
65135,2,MULTI,5665/5667,2XL/2XL+,非皮卡,Saab,9-5,2005,,Wagon,,,2XL,5665: Saab 9-5 1997-2005  Wagon   2XL || 5667: Saab 9-5 2005-2010  Wagon   2XL+
65136,2,MULTI,5665/5667,2XL/2XL+,非皮卡,Saab,9-5,2005,,Wagon,,,2XL+,5665: Saab 9-5 1997-2005  Wagon   2XL || 5667: Saab 9-5 2005-2010  Wagon   2XL+
65149,2,MULTI,5666/5669,3XL/3XXL,非皮卡,Saab,9-5,2010,,Sedan,,,3XL,5666: Saab 9-5 1997-2010  Sedan   3XL || 5669: Saab 9-5 2010-2012  Sedan   3XXL
65150,2,MULTI,5666/5669,3XL/3XXL,非皮卡,Saab,9-5,2010,,Sedan,,,3XXL,5666: Saab 9-5 1997-2010  Sedan   3XL || 5669: Saab 9-5 2010-2012  Sedan   3XXL
65264,2,MULTI,5675/5677,3L/3XL,非皮卡,Saab,9000,1991,,Liftback,,,3L,5675: Saab 9000 1984-1994  Liftback   3L || 5677: Saab 9000 1991-1998  Liftback   3XL
65265,2,MULTI,5675/5677,3L/3XL,非皮卡,Saab,9000,1991,,Liftback,,,3XL,5675: Saab 9000 1984-1994  Liftback   3L || 5677: Saab 9000 1991-1998  Liftback   3XL
65268,2,MULTI,5675/5677,3L/3XL,非皮卡,Saab,9000,1992,,Liftback,,,3L,5675: Saab 9000 1984-1994  Liftback   3L || 5677: Saab 9000 1991-1998  Liftback   3XL
65269,2,MULTI,5675/5677,3L/3XL,非皮卡,Saab,9000,1992,,Liftback,,,3XL,5675: Saab 9000 1984-1994  Liftback   3L || 5677: Saab 9000 1991-1998  Liftback   3XL
65272,2,MULTI,5675/5677,3L/3XL,非皮卡,Saab,9000,1993,,Liftback,,,3L,5675: Saab 9000 1984-1994  Liftback   3L || 5677: Saab 9000 1991-1998  Liftback   3XL
65273,2,MULTI,5675/5677,3L/3XL,非皮卡,Saab,9000,1993,,Liftback,,,3XL,5675: Saab 9000 1984-1994  Liftback   3L || 5677: Saab 9000 1991-1998  Liftback   3XL
65276,2,MULTI,5675/5677,3L/3XL,非皮卡,Saab,9000,1994,,Liftback,,,3L,5675: Saab 9000 1984-1994  Liftback   3L || 5677: Saab 9000 1991-1998  Liftback   3XL
65277,2,MULTI,5675/5677,3L/3XL,非皮卡,Saab,9000,1994,,Liftback,,,3XL,5675: Saab 9000 1984-1994  Liftback   3L || 5677: Saab 9000 1991-1998  Liftback   3XL
65557,2,MULTI,5705/5706,YL/YM+,非皮卡,Saturn,VUE,2007,,SUV,,,YL,5705: Saturn VUE 2001-2007  SUV   YL || 5706: Saturn VUE 2007-2009  SUV   YM+
65558,2,MULTI,5705/5706,YL/YM+,非皮卡,Saturn,VUE,2007,,SUV,,,YM+,5705: Saturn VUE 2001-2007  SUV   YL || 5706: Saturn VUE 2007-2009  SUV   YM+
65600,2,MULTI,5713/5714,2L+/2M,非皮卡,Scion,xB,2007,,MPV,,,2L+,5713: Scion xB 2003-2007  MPV   2M || 5714: Scion xB 2007-2015  MPV   2L+
65601,2,MULTI,5713/5714,2L+/2M,非皮卡,Scion,xB,2007,,MPV,,,2M,5713: Scion xB 2003-2007  MPV   2M || 5714: Scion xB 2007-2015  MPV   2L+
65687,0,MISS,,,非皮卡,Simca,1300/1500,1963,,Wagon,,,2L+,
65688,0,MISS,,,非皮卡,Simca,1300/1500,1963,,Sedan,,,3M,
65689,0,MISS,,,非皮卡,Simca,1300/1500,1964,,Wagon,,,2L+,
65690,0,MISS,,,非皮卡,Simca,1300/1500,1964,,Sedan,,,3M,
65691,0,MISS,,,非皮卡,Simca,1300/1500,1965,,Wagon,,,2L+,
65692,0,MISS,,,非皮卡,Simca,1300/1500,1965,,Sedan,,,3M,
65693,0,MISS,,,非皮卡,Simca,1300/1500,1966,,Wagon,,,2L+,
65694,0,MISS,,,非皮卡,Simca,1300/1500,1966,,Wagon,,,2L+,
65695,0,MISS,,,非皮卡,Simca,1300/1500,1966,,Sedan,,,3M,
65696,0,MISS,,,非皮卡,Simca,1300/1500,1966,,Sedan,,,3M,
65697,0,MISS,,,非皮卡,Simca,1300/1500,1967,,Wagon,,,2L+,
65698,0,MISS,,,非皮卡,Simca,1300/1500,1967,,Sedan,,,3M,
65699,0,MISS,,,非皮卡,Simca,1300/1500,1968,,Wagon,,,2L+,
65700,0,MISS,,,非皮卡,Simca,1300/1500,1968,,Sedan,,,3M,
65701,0,MISS,,,非皮卡,Simca,1300/1500,1969,,Wagon,,,2L+,
65702,0,MISS,,,非皮卡,Simca,1300/1500,1969,,Sedan,,,3M,
65703,0,MISS,,,非皮卡,Simca,1300/1500,1970,,Wagon,,,2L+,
65704,0,MISS,,,非皮卡,Simca,1300/1500,1970,,Sedan,,,3M,
65705,0,MISS,,,非皮卡,Simca,1300/1500,1971,,Wagon,,,2L+,
65706,0,MISS,,,非皮卡,Simca,1300/1500,1971,,Sedan,,,3M,
65707,0,MISS,,,非皮卡,Simca,1300/1500,1972,,Wagon,,,2L+,
65708,0,MISS,,,非皮卡,Simca,1300/1500,1972,,Sedan,,,3M,
65709,0,MISS,,,非皮卡,Simca,1300/1500,1973,,Wagon,,,2L+,
65710,0,MISS,,,非皮卡,Simca,1300/1500,1973,,Sedan,,,3M,
65711,0,MISS,,,非皮卡,Simca,1300/1500,1974,,Wagon,,,2L+,
65712,0,MISS,,,非皮卡,Simca,1300/1500,1974,,Sedan,,,3M,
65713,0,MISS,,,非皮卡,Simca,1300/1500,1975,,Wagon,,,2L+,
65714,0,MISS,,,非皮卡,Simca,1300/1500,1975,,Sedan,,,3M,
65715,0,MISS,,,非皮卡,Simca,1300/1500,1976,,Wagon,,,2L+,
65716,0,MISS,,,非皮卡,Simca,1300/1500,1976,,Sedan,,,3M,
65722,0,MISS,,,非皮卡,Skoda,105/120/125/130,1976,"105, 120",Sedan,,,3S,
65723,0,MISS,,,非皮卡,Skoda,105/120/125/130,1977,"105, 120",Sedan,,,3S,
65724,0,MISS,,,非皮卡,Skoda,105/120/125/130,1978,"105, 120",Sedan,,,3S,
65725,0,MISS,,,非皮卡,Skoda,105/120/125/130,1979,"105, 120",Sedan,,,3S,
65726,0,MISS,,,非皮卡,Skoda,105/120/125/130,1980,"105, 120",Sedan,,,3S,
65727,0,MISS,,,非皮卡,Skoda,105/120/125/130,1981,"105, 120",Sedan,,,3S,
65728,0,MISS,,,非皮卡,Skoda,105/120/125/130,1982,"105, 120",Sedan,,,3S,
65729,0,MISS,,,非皮卡,Skoda,105/120/125/130,1983,"105, 120",Sedan,,,3S,
65730,0,MISS,,,非皮卡,Skoda,105/120/125/130,1983,105/120,Sedan,,,3S,
65731,0,MISS,,,非皮卡,Skoda,105/120/125/130,1984,105/120,Sedan,,,3S,
65732,0,MISS,,,非皮卡,Skoda,105/120/125/130,1985,105/120,Sedan,,,3S,
65733,0,MISS,,,非皮卡,Skoda,105/120/125/130,1986,105/120,Sedan,,,3S,
65734,0,MISS,,,非皮卡,Skoda,105/120/125/130,1987,105/120,Sedan,,,3S,
65735,0,MISS,,,非皮卡,Skoda,105/120/125/130,1988,105/120,Sedan,,,3S,
65736,0,MISS,,,非皮卡,Skoda,105/120/125/130,1989,105/120,Sedan,,,3S,
65737,0,MISS,,,非皮卡,Skoda,105/120/125/130,1990,105/120,Sedan,,,3S,
65866,2,MULTI,5742/5743,YL/YM+,非皮卡,Skoda,Enyaq,2025,,SUV,,,YL,5742: Skoda Enyaq 2020-2025  SUV   YL || 5743: Skoda Enyaq 2025-2026  SUV   YM+
65867,2,MULTI,5742/5743,YL/YM+,非皮卡,Skoda,Enyaq,2025,,SUV,,,YM+,5742: Skoda Enyaq 2020-2025  SUV   YL || 5743: Skoda Enyaq 2025-2026  SUV   YM+
66142,2,MULTI,5764/5766,2L+/2XL,非皮卡,Skoda,Octavia,2004,,Wagon,,,2L+,5764: Skoda Octavia 1996-2011  Wagon   2L+ || 5766: Skoda Octavia 2004-2026  Wagon   2XL
66143,2,MULTI,5764/5766,2L+/2XL,非皮卡,Skoda,Octavia,2004,,Wagon,,,2XL,5764: Skoda Octavia 1996-2011  Wagon   2L+ || 5766: Skoda Octavia 2004-2026  Wagon   2XL
66145,2,MULTI,5765/5768,3L/3M,非皮卡,Skoda,Octavia,2004,,Liftback,,,3L,5765: Skoda Octavia 1996-2011  Liftback   3M || 5768: Skoda Octavia 2004-2026  Liftback   3L
66146,2,MULTI,5765/5768,3L/3M,非皮卡,Skoda,Octavia,2004,,Liftback,,,3M,5765: Skoda Octavia 1996-2011  Liftback   3M || 5768: Skoda Octavia 2004-2026  Liftback   3L
66147,2,MULTI,5764/5766,2L+/2XL,非皮卡,Skoda,Octavia,2005,,Wagon,,,2L+,5764: Skoda Octavia 1996-2011  Wagon   2L+ || 5766: Skoda Octavia 2004-2026  Wagon   2XL
66148,2,MULTI,5764/5766,2L+/2XL,非皮卡,Skoda,Octavia,2005,,Wagon,,,2XL,5764: Skoda Octavia 1996-2011  Wagon   2L+ || 5766: Skoda Octavia 2004-2026  Wagon   2XL
66150,2,MULTI,5765/5768,3L/3M,非皮卡,Skoda,Octavia,2005,,Liftback,,,3L,5765: Skoda Octavia 1996-2011  Liftback   3M || 5768: Skoda Octavia 2004-2026  Liftback   3L
66151,2,MULTI,5765/5768,3L/3M,非皮卡,Skoda,Octavia,2005,,Liftback,,,3M,5765: Skoda Octavia 1996-2011  Liftback   3M || 5768: Skoda Octavia 2004-2026  Liftback   3L
66152,2,MULTI,5764/5766,2L+/2XL,非皮卡,Skoda,Octavia,2006,,Wagon,,,2L+,5764: Skoda Octavia 1996-2011  Wagon   2L+ || 5766: Skoda Octavia 2004-2026  Wagon   2XL
66153,2,MULTI,5764/5766,2L+/2XL,非皮卡,Skoda,Octavia,2006,,Wagon,,,2XL,5764: Skoda Octavia 1996-2011  Wagon   2L+ || 5766: Skoda Octavia 2004-2026  Wagon   2XL
66155,2,MULTI,5765/5768,3L/3M,非皮卡,Skoda,Octavia,2006,,Liftback,,,3L,5765: Skoda Octavia 1996-2011  Liftback   3M || 5768: Skoda Octavia 2004-2026  Liftback   3L
66156,2,MULTI,5765/5768,3L/3M,非皮卡,Skoda,Octavia,2006,,Liftback,,,3M,5765: Skoda Octavia 1996-2011  Liftback   3M || 5768: Skoda Octavia 2004-2026  Liftback   3L
66157,2,MULTI,5764/5766,2L+/2XL,非皮卡,Skoda,Octavia,2007,,Wagon,,,2L+,5764: Skoda Octavia 1996-2011  Wagon   2L+ || 5766: Skoda Octavia 2004-2026  Wagon   2XL
66158,2,MULTI,5764/5766,2L+/2XL,非皮卡,Skoda,Octavia,2007,,Wagon,,,2XL,5764: Skoda Octavia 1996-2011  Wagon   2L+ || 5766: Skoda Octavia 2004-2026  Wagon   2XL
66160,2,MULTI,5765/5768,3L/3M,非皮卡,Skoda,Octavia,2007,,Liftback,,,3L,5765: Skoda Octavia 1996-2011  Liftback   3M || 5768: Skoda Octavia 2004-2026  Liftback   3L
66161,2,MULTI,5765/5768,3L/3M,非皮卡,Skoda,Octavia,2007,,Liftback,,,3M,5765: Skoda Octavia 1996-2011  Liftback   3M || 5768: Skoda Octavia 2004-2026  Liftback   3L
66162,2,MULTI,5764/5766,2L+/2XL,非皮卡,Skoda,Octavia,2008,,Wagon,,,2L+,5764: Skoda Octavia 1996-2011  Wagon   2L+ || 5766: Skoda Octavia 2004-2026  Wagon   2XL
66163,2,MULTI,5764/5766,2L+/2XL,非皮卡,Skoda,Octavia,2008,,Wagon,,,2XL,5764: Skoda Octavia 1996-2011  Wagon   2L+ || 5766: Skoda Octavia 2004-2026  Wagon   2XL
66164,2,MULTI,5764/5766,2L+/2XL,非皮卡,Skoda,Octavia,2008,,Wagon,,,2XL,5764: Skoda Octavia 1996-2011  Wagon   2L+ || 5766: Skoda Octavia 2004-2026  Wagon   2XL
66167,2,MULTI,5765/5768,3L/3M,非皮卡,Skoda,Octavia,2008,,Liftback,,,3L,5765: Skoda Octavia 1996-2011  Liftback   3M || 5768: Skoda Octavia 2004-2026  Liftback   3L
66168,2,MULTI,5765/5768,3L/3M,非皮卡,Skoda,Octavia,2008,,Liftback,,,3L,5765: Skoda Octavia 1996-2011  Liftback   3M || 5768: Skoda Octavia 2004-2026  Liftback   3L
66169,2,MULTI,5765/5768,3L/3M,非皮卡,Skoda,Octavia,2008,,Liftback,,,3M,5765: Skoda Octavia 1996-2011  Liftback   3M || 5768: Skoda Octavia 2004-2026  Liftback   3L
66170,2,MULTI,5764/5766,2L+/2XL,非皮卡,Skoda,Octavia,2009,,Wagon,,,2L+,5764: Skoda Octavia 1996-2011  Wagon   2L+ || 5766: Skoda Octavia 2004-2026  Wagon   2XL
66171,2,MULTI,5764/5766,2L+/2XL,非皮卡,Skoda,Octavia,2009,,Wagon,,,2XL,5764: Skoda Octavia 1996-2011  Wagon   2L+ || 5766: Skoda Octavia 2004-2026  Wagon   2XL
66172,2,MULTI,5764/5766,2L+/2XL,非皮卡,Skoda,Octavia,2009,,Wagon,,,2XL,5764: Skoda Octavia 1996-2011  Wagon   2L+ || 5766: Skoda Octavia 2004-2026  Wagon   2XL
66175,2,MULTI,5765/5768,3L/3M,非皮卡,Skoda,Octavia,2009,,Liftback,,,3L,5765: Skoda Octavia 1996-2011  Liftback   3M || 5768: Skoda Octavia 2004-2026  Liftback   3L
66176,2,MULTI,5765/5768,3L/3M,非皮卡,Skoda,Octavia,2009,,Liftback,,,3L,5765: Skoda Octavia 1996-2011  Liftback   3M || 5768: Skoda Octavia 2004-2026  Liftback   3L
66177,2,MULTI,5765/5768,3L/3M,非皮卡,Skoda,Octavia,2009,,Liftback,,,3M,5765: Skoda Octavia 1996-2011  Liftback   3M || 5768: Skoda Octavia 2004-2026  Liftback   3L
66178,2,MULTI,5764/5766,2L+/2XL,非皮卡,Skoda,Octavia,2010,,Wagon,,,2L+,5764: Skoda Octavia 1996-2011  Wagon   2L+ || 5766: Skoda Octavia 2004-2026  Wagon   2XL
66179,2,MULTI,5764/5766,2L+/2XL,非皮卡,Skoda,Octavia,2010,,Wagon,,,2XL,5764: Skoda Octavia 1996-2011  Wagon   2L+ || 5766: Skoda Octavia 2004-2026  Wagon   2XL
66181,2,MULTI,5765/5768,3L/3M,非皮卡,Skoda,Octavia,2010,,Liftback,,,3L,5765: Skoda Octavia 1996-2011  Liftback   3M || 5768: Skoda Octavia 2004-2026  Liftback   3L
66182,2,MULTI,5765/5768,3L/3M,非皮卡,Skoda,Octavia,2010,,Liftback,,,3M,5765: Skoda Octavia 1996-2011  Liftback   3M || 5768: Skoda Octavia 2004-2026  Liftback   3L
66183,2,MULTI,5764/5766,2L+/2XL,非皮卡,Skoda,Octavia,2011,,Wagon,,,2L+,5764: Skoda Octavia 1996-2011  Wagon   2L+ || 5766: Skoda Octavia 2004-2026  Wagon   2XL
66184,2,MULTI,5764/5766,2L+/2XL,非皮卡,Skoda,Octavia,2011,,Wagon,,,2XL,5764: Skoda Octavia 1996-2011  Wagon   2L+ || 5766: Skoda Octavia 2004-2026  Wagon   2XL
66186,2,MULTI,5765/5768,3L/3M,非皮卡,Skoda,Octavia,2011,,Liftback,,,3L,5765: Skoda Octavia 1996-2011  Liftback   3M || 5768: Skoda Octavia 2004-2026  Liftback   3L
66187,2,MULTI,5765/5768,3L/3M,非皮卡,Skoda,Octavia,2011,,Liftback,,,3M,5765: Skoda Octavia 1996-2011  Liftback   3M || 5768: Skoda Octavia 2004-2026  Liftback   3L
66268,2,MULTI,5769/5771,2L+/2XL,非皮卡,Skoda,Octavia RS,2005,,Wagon,,,2L+,5769: Skoda Octavia RS 2001-2006  Wagon   2L+ || 5771: Skoda Octavia RS 2005-2026  Wagon   2XL
66269,2,MULTI,5769/5771,2L+/2XL,非皮卡,Skoda,Octavia RS,2005,,Wagon,,,2XL,5769: Skoda Octavia RS 2001-2006  Wagon   2L+ || 5771: Skoda Octavia RS 2005-2026  Wagon   2XL
66270,2,MULTI,5770/5772,3L/3M,非皮卡,Skoda,Octavia RS,2005,,Liftback,,,3L,5770: Skoda Octavia RS 2001-2006  Liftback   3M || 5772: Skoda Octavia RS 2005-2020  Liftback   3L
66271,2,MULTI,5770/5772,3L/3M,非皮卡,Skoda,Octavia RS,2005,,Liftback,,,3M,5770: Skoda Octavia RS 2001-2006  Liftback   3M || 5772: Skoda Octavia RS 2005-2020  Liftback   3L
66272,2,MULTI,5769/5771,2L+/2XL,非皮卡,Skoda,Octavia RS,2006,,Wagon,,,2L+,5769: Skoda Octavia RS 2001-2006  Wagon   2L+ || 5771: Skoda Octavia RS 2005-2026  Wagon   2XL
66273,2,MULTI,5769/5771,2L+/2XL,非皮卡,Skoda,Octavia RS,2006,,Wagon,,,2XL,5769: Skoda Octavia RS 2001-2006  Wagon   2L+ || 5771: Skoda Octavia RS 2005-2026  Wagon   2XL
66274,2,MULTI,5770/5772,3L/3M,非皮卡,Skoda,Octavia RS,2006,,Liftback,,,3L,5770: Skoda Octavia RS 2001-2006  Liftback   3M || 5772: Skoda Octavia RS 2005-2020  Liftback   3L
66275,2,MULTI,5770/5772,3L/3M,非皮卡,Skoda,Octavia RS,2006,,Liftback,,,3M,5770: Skoda Octavia RS 2001-2006  Liftback   3M || 5772: Skoda Octavia RS 2005-2020  Liftback   3L
66310,2,MULTI,5772/5773,3L/3XL,非皮卡,Skoda,Octavia RS,2020,,Liftback,,,3L,5772: Skoda Octavia RS 2005-2020  Liftback   3L || 5773: Skoda Octavia RS 2020-2026  Liftback   3XL
66311,2,MULTI,5772/5773,3L/3XL,非皮卡,Skoda,Octavia RS,2020,,Liftback,,,3XL,5772: Skoda Octavia RS 2005-2020  Liftback   3L || 5773: Skoda Octavia RS 2020-2026  Liftback   3XL
66471,2,MULTI,5783/5784,3XL/3XXL,非皮卡,Skoda,Superb,2023,,Liftback,,,3XL,5783: Skoda Superb 2008-2026  Liftback   3XL || 5784: Skoda Superb 2023-2026  Liftback   3XXL
66472,2,MULTI,5783/5784,3XL/3XXL,非皮卡,Skoda,Superb,2023,,Liftback,,,3XXL,5783: Skoda Superb 2008-2026  Liftback   3XL || 5784: Skoda Superb 2023-2026  Liftback   3XXL
66476,2,MULTI,5783/5784,3XL/3XXL,非皮卡,Skoda,Superb,2024,,Liftback,,,3XL,5783: Skoda Superb 2008-2026  Liftback   3XL || 5784: Skoda Superb 2023-2026  Liftback   3XXL
66477,2,MULTI,5783/5784,3XL/3XXL,非皮卡,Skoda,Superb,2024,,Liftback,,,3XXL,5783: Skoda Superb 2008-2026  Liftback   3XL || 5784: Skoda Superb 2023-2026  Liftback   3XXL
66481,2,MULTI,5783/5784,3XL/3XXL,非皮卡,Skoda,Superb,2025,,Liftback,,,3XL,5783: Skoda Superb 2008-2026  Liftback   3XL || 5784: Skoda Superb 2023-2026  Liftback   3XXL
66482,2,MULTI,5783/5784,3XL/3XXL,非皮卡,Skoda,Superb,2025,,Liftback,,,3XXL,5783: Skoda Superb 2008-2026  Liftback   3XL || 5784: Skoda Superb 2023-2026  Liftback   3XXL
66486,2,MULTI,5783/5784,3XL/3XXL,非皮卡,Skoda,Superb,2026,,Liftback,,,3XL,5783: Skoda Superb 2008-2026  Liftback   3XL || 5784: Skoda Superb 2023-2026  Liftback   3XXL
66487,2,MULTI,5783/5784,3XL/3XXL,非皮卡,Skoda,Superb,2026,,Liftback,,,3XXL,5783: Skoda Superb 2008-2026  Liftback   3XL || 5784: Skoda Superb 2023-2026  Liftback   3XXL
66852,2,MULTI,5825/5826,YM+/YS-410,非皮卡,SsangYong,Korando,1996,,SUV,,,YM+,5825: SsangYong Korando 1988-1996  SUV   YS-410 || 5826: SsangYong Korando 1996-2006  SUV   YM+
66853,2,MULTI,5825/5826,YM+/YS-410,非皮卡,SsangYong,Korando,1996,,SUV,,,YS-410,5825: SsangYong Korando 1988-1996  SUV   YS-410 || 5826: SsangYong Korando 1996-2006  SUV   YM+
66955,2,MULTI,5833/5834,YL/YXL,非皮卡,SsangYong,Rexton,2017,,SUV,,,YL,5833: SsangYong Rexton 2001-2017  SUV   YL || 5834: SsangYong Rexton 2017-2023  SUV   YXL
66956,2,MULTI,5833/5834,YL/YXL,非皮卡,SsangYong,Rexton,2017,,SUV,,,YXL,5833: SsangYong Rexton 2001-2017  SUV   YL || 5834: SsangYong Rexton 2017-2023  SUV   YXL
67245,2,MULTI,5862/5864,YL/YM+,非皮卡,Subaru,Forester,2016,,SUV,,,YL,5862: Subaru Forester 1997-2016  SUV   YM+ || 5864: Subaru Forester 2016-2026  SUV   YL
67246,2,MULTI,5862/5864,YL/YM+,非皮卡,Subaru,Forester,2016,,SUV,,,YM+,5862: Subaru Forester 1997-2016  SUV   YM+ || 5864: Subaru Forester 2016-2026  SUV   YL
67326,2,MULTI,5867/5869,3L/3M,非皮卡,Subaru,Impreza,2011,,Sedan,,,3L,5867: Subaru Impreza 1992-2011  Sedan   3M || 5869: Subaru Impreza 2011-2023  Sedan   3L
67327,2,MULTI,5867/5869,3L/3M,非皮卡,Subaru,Impreza,2011,,Sedan,,,3M,5867: Subaru Impreza 1992-2011  Sedan   3M || 5869: Subaru Impreza 2011-2023  Sedan   3L
67411,2,MULTI,5871/5873,3L/3M,非皮卡,Subaru,Impreza WRX,2007,,Sedan,,,3L,5871: Subaru Impreza WRX 1992-2007  Sedan   3M || 5873: Subaru Impreza WRX 2007-2014  Sedan   3L
67412,2,MULTI,5871/5873,3L/3M,非皮卡,Subaru,Impreza WRX,2007,,Sedan,,,3M,5871: Subaru Impreza WRX 1992-2007  Sedan   3M || 5873: Subaru Impreza WRX 2007-2014  Sedan   3L
67463,2,MULTI,5875/5878,3L/3M,非皮卡,Subaru,Impreza WRX STi,2007,,Sedan,,,3L,5875: Subaru Impreza WRX STi 1994-2007  Sedan   3M || 5878: Subaru Impreza WRX STi 2007-2014  Sedan   3L
67464,2,MULTI,5875/5878,3L/3M,非皮卡,Subaru,Impreza WRX STi,2007,,Sedan,,,3M,5875: Subaru Impreza WRX STi 1994-2007  Sedan   3M || 5878: Subaru Impreza WRX STi 2007-2014  Sedan   3L
67546,2,MULTI,5882/5883,3L/3M,非皮卡,Subaru,Legacy,1993,,Sedan,,,3L,5882: Subaru Legacy 1989-1994  Sedan   3M || 5883: Subaru Legacy 1993-2009  Sedan   3L
67547,2,MULTI,5882/5883,3L/3M,非皮卡,Subaru,Legacy,1993,,Sedan,,,3M,5882: Subaru Legacy 1989-1994  Sedan   3M || 5883: Subaru Legacy 1993-2009  Sedan   3L
67550,2,MULTI,5882/5883,3L/3M,非皮卡,Subaru,Legacy,1994,,Sedan,,,3L,5882: Subaru Legacy 1989-1994  Sedan   3M || 5883: Subaru Legacy 1993-2009  Sedan   3L
67551,2,MULTI,5882/5883,3L/3M,非皮卡,Subaru,Legacy,1994,,Sedan,,,3M,5882: Subaru Legacy 1989-1994  Sedan   3M || 5883: Subaru Legacy 1993-2009  Sedan   3L
67592,2,MULTI,5883/5884,3L/3XL,非皮卡,Subaru,Legacy,2009,,Sedan,,,3L,5883: Subaru Legacy 1993-2009  Sedan   3L || 5884: Subaru Legacy 2009-2025  Sedan   3XL
67593,2,MULTI,5883/5884,3L/3XL,非皮卡,Subaru,Legacy,2009,,Sedan,,,3XL,5883: Subaru Legacy 1993-2009  Sedan   3L || 5884: Subaru Legacy 2009-2025  Sedan   3XL
67784,2,MULTI,5893/5895,2XL/2XL+,非皮卡,Subaru,Outback,2019,,Wagon,,,2XL,5893: Subaru Outback 1994-2021  Wagon   2XL || 5895: Subaru Outback 2019-2026  Wagon   2XL+
67785,2,MULTI,5893/5895,2XL/2XL+,非皮卡,Subaru,Outback,2019,,Wagon,,,2XL+,5893: Subaru Outback 1994-2021  Wagon   2XL || 5895: Subaru Outback 2019-2026  Wagon   2XL+
67786,2,MULTI,5893/5895,2XL/2XL+,非皮卡,Subaru,Outback,2020,,Wagon,,,2XL,5893: Subaru Outback 1994-2021  Wagon   2XL || 5895: Subaru Outback 2019-2026  Wagon   2XL+
67787,2,MULTI,5893/5895,2XL/2XL+,非皮卡,Subaru,Outback,2020,,Wagon,,,2XL+,5893: Subaru Outback 1994-2021  Wagon   2XL || 5895: Subaru Outback 2019-2026  Wagon   2XL+
67788,2,MULTI,5893/5895,2XL/2XL+,非皮卡,Subaru,Outback,2021,,Wagon,,,2XL,5893: Subaru Outback 1994-2021  Wagon   2XL || 5895: Subaru Outback 2019-2026  Wagon   2XL+
67789,2,MULTI,5893/5895,2XL/2XL+,非皮卡,Subaru,Outback,2021,,Wagon,,,2XL+,5893: Subaru Outback 1994-2021  Wagon   2XL || 5895: Subaru Outback 2019-2026  Wagon   2XL+
67986,2,MULTI,5909/5910,YL/YXL,非皮卡,Subaru,Tribeca,2007,,SUV,,,YL,5909: Subaru Tribeca 2004-2007  SUV   YL || 5910: Subaru Tribeca 2007-2014  SUV   YXL
67987,2,MULTI,5909/5910,YL/YXL,非皮卡,Subaru,Tribeca,2007,,SUV,,,YXL,5909: Subaru Tribeca 2004-2007  SUV   YL || 5910: Subaru Tribeca 2007-2014  SUV   YXL
68087,2,MULTI,5919/5920,YL/YM+,非皮卡,Suzuki,Across,2025,,SUV,,,YL,5919: Suzuki Across 2020-2026  SUV   YL || 5920: Suzuki Across 2025-2026  SUV   YM+
68088,2,MULTI,5919/5920,YL/YM+,非皮卡,Suzuki,Across,2025,,SUV,,,YM+,5919: Suzuki Across 2020-2026  SUV   YL || 5920: Suzuki Across 2025-2026  SUV   YM+
68089,2,MULTI,5919/5920,YL/YM+,非皮卡,Suzuki,Across,2026,,SUV,,,YL,5919: Suzuki Across 2020-2026  SUV   YL || 5920: Suzuki Across 2025-2026  SUV   YM+
68090,2,MULTI,5919/5920,YL/YM+,非皮卡,Suzuki,Across,2026,,SUV,,,YM+,5919: Suzuki Across 2020-2026  SUV   YL || 5920: Suzuki Across 2025-2026  SUV   YM+
68091,2,MULTI,5919/5920,YL/YM+,非皮卡,Suzuki,Across,2026,,SUV,,,YM+,5919: Suzuki Across 2020-2026  SUV   YL || 5920: Suzuki Across 2025-2026  SUV   YM+
68348,2,MULTI,5930/5931,2M/2S,非皮卡,Suzuki,Beidouxing,2019,,Hatchback,,,2M,5930: Suzuki Beidouxing 2004-2019  Hatchback   2S || 5931: Suzuki Beidouxing 2019-2022  Hatchback   2M
68350,2,MULTI,5930/5931,2M/2S,非皮卡,Suzuki,Beidouxing,2019,,Hatchback,,,2S,5930: Suzuki Beidouxing 2004-2019  Hatchback   2S || 5931: Suzuki Beidouxing 2019-2022  Hatchback   2M
68378,2,MULTI,5934/5935,2S/无可用尺码,非皮卡,Suzuki,Carry,1991,,MPV,,,2S,5934: Suzuki Carry 1979-1991  MPV   无可用尺码 || 5935: Suzuki Carry 1991-1998  MPV   2S
68379,2,MULTI,5934/5935,2S/无可用尺码,非皮卡,Suzuki,Carry,1991,,MPV,,,无可用尺码,5934: Suzuki Carry 1979-1991  MPV   无可用尺码 || 5935: Suzuki Carry 1991-1998  MPV   2S
68401,2,MULTI,5937/5938,2M/2S,非皮卡,Suzuki,Celerio,2021,,Hatchback,,,2M,5937: Suzuki Celerio 2014-2021  Hatchback   2S || 5938: Suzuki Celerio 2021-2026  Hatchback   2M
68402,2,MULTI,5937/5938,2M/2S,非皮卡,Suzuki,Celerio,2021,,Hatchback,,,2S,5937: Suzuki Celerio 2014-2021  Hatchback   2S || 5938: Suzuki Celerio 2021-2026  Hatchback   2M
68513,2,MULTI,5945/5949,3M/3S,非皮卡,Suzuki,Cultus,1998,,Sedan,,,3M,5945: Suzuki Cultus 1988-1998  Sedan   3S || 5949: Suzuki Cultus 1998-2002  Sedan   3M
68514,2,MULTI,5945/5949,3M/3S,非皮卡,Suzuki,Cultus,1998,,Sedan,,,3S,5945: Suzuki Cultus 1988-1998  Sedan   3S || 5949: Suzuki Cultus 1998-2002  Sedan   3M
68692,2,MULTI,5960/5961,2S/无可用尺码,非皮卡,Suzuki,Every,1995,,MPV,,,2S,5960: Suzuki Every 1991-1995  MPV   2S || 5961: Suzuki Every 1995-2026  MPV   无可用尺码
68693,2,MULTI,5960/5961,2S/无可用尺码,非皮卡,Suzuki,Every,1995,,MPV,,,无可用尺码,5960: Suzuki Every 1991-1995  MPV   2S || 5961: Suzuki Every 1995-2026  MPV   无可用尺码
69440,2,MULTI,6020/6021,3M/3S,非皮卡,Tata,Indigo,2009,,Sedan,,,3M,6020: Tata Indigo 2002-2012  Sedan   3S || 6021: Tata Indigo 2009-2016  Sedan   3M
69441,2,MULTI,6020/6021,3M/3S,非皮卡,Tata,Indigo,2009,,Sedan,,,3S,6020: Tata Indigo 2002-2012  Sedan   3S || 6021: Tata Indigo 2009-2016  Sedan   3M
69443,2,MULTI,6020/6021,3M/3S,非皮卡,Tata,Indigo,2010,,Sedan,,,3M,6020: Tata Indigo 2002-2012  Sedan   3S || 6021: Tata Indigo 2009-2016  Sedan   3M
69444,2,MULTI,6020/6021,3M/3S,非皮卡,Tata,Indigo,2010,,Sedan,,,3S,6020: Tata Indigo 2002-2012  Sedan   3S || 6021: Tata Indigo 2009-2016  Sedan   3M
69446,2,MULTI,6020/6021,3M/3S,非皮卡,Tata,Indigo,2011,,Sedan,,,3M,6020: Tata Indigo 2002-2012  Sedan   3S || 6021: Tata Indigo 2009-2016  Sedan   3M
69447,2,MULTI,6020/6021,3M/3S,非皮卡,Tata,Indigo,2011,,Sedan,,,3S,6020: Tata Indigo 2002-2012  Sedan   3S || 6021: Tata Indigo 2009-2016  Sedan   3M
69449,2,MULTI,6020/6021,3M/3S,非皮卡,Tata,Indigo,2012,,Sedan,,,3M,6020: Tata Indigo 2002-2012  Sedan   3S || 6021: Tata Indigo 2009-2016  Sedan   3M
69450,2,MULTI,6020/6021,3M/3S,非皮卡,Tata,Indigo,2012,,Sedan,,,3S,6020: Tata Indigo 2002-2012  Sedan   3S || 6021: Tata Indigo 2009-2016  Sedan   3M
69686,2,MULTI,6045/6046,3L/3XL,非皮卡,Tesla,Model 3,2023,,Sedan,,,3L,6045: Tesla Model 3 2017-2023  Sedan   3L || 6046: Tesla Model 3 2023-2026  Sedan   3XL
69687,2,MULTI,6045/6046,3L/3XL,非皮卡,Tesla,Model 3,2023,,Sedan,,,3XL,6045: Tesla Model 3 2017-2023  Sedan   3L || 6046: Tesla Model 3 2023-2026  Sedan   3XL
69880,2,MULTI,6065/6066,YL/YXL,非皮卡,Toyota,4Runner,2013,,SUV,,,YL,6065: Toyota 4Runner 1995-2013  SUV   YL || 6066: Toyota 4Runner 2013-2026  SUV   YXL
69881,2,MULTI,6065/6066,YL/YXL,非皮卡,Toyota,4Runner,2013,,SUV,,,YXL,6065: Toyota 4Runner 1995-2013  SUV   YL || 6066: Toyota 4Runner 2013-2026  SUV   YXL
69943,2,MULTI,6069/6070,3L/3XL,非皮卡,Toyota,Allion,2021,,Sedan,,,3L,6069: Toyota Allion 2001-2021  Sedan   3L || 6070: Toyota Allion 2021-2026  Sedan   3XL
69944,2,MULTI,6069/6070,3L/3XL,非皮卡,Toyota,Allion,2021,,Sedan,,,3XL,6069: Toyota Allion 2001-2021  Sedan   3L || 6070: Toyota Allion 2021-2026  Sedan   3XL
70083,2,MULTI,6079/6080,3XL/3XXL,非皮卡,Toyota,Avalon,2005,,Sedan,,,3XL,6079: Toyota Avalon 1994-2005  Sedan   3XL || 6080: Toyota Avalon 2005-2026  Sedan   3XXL
70084,2,MULTI,6079/6080,3XL/3XXL,非皮卡,Toyota,Avalon,2005,,Sedan,,,3XXL,6079: Toyota Avalon 1994-2005  Sedan   3XL || 6080: Toyota Avalon 2005-2026  Sedan   3XXL
70121,2,MULTI,6081/6082,2L+/2M,非皮卡,Toyota,Avanza,2015,,MPV,,,2L+,6081: Toyota Avanza 2006-2015  MPV   2M || 6082: Toyota Avanza 2015-2019  MPV   2L+
70122,2,MULTI,6081/6082,2L+/2M,非皮卡,Toyota,Avanza,2015,,MPV,,,2M,6081: Toyota Avanza 2006-2015  MPV   2M || 6082: Toyota Avanza 2015-2019  MPV   2L+
70144,2,MULTI,6085/6087,3L/3M,非皮卡,Toyota,Avensis,2000,,Liftback,,,3L,6085: Toyota Avensis 1997-2000  Liftback   3M || 6087: Toyota Avensis 2000-2009  Liftback   3L
70145,2,MULTI,6086/6088,3L/3M,非皮卡,Toyota,Avensis,2000,,Sedan,,,3L,6086: Toyota Avensis 1997-2000  Sedan   3M || 6088: Toyota Avensis 2000-2015  Sedan   3L
70146,2,MULTI,6085/6087,3L/3M,非皮卡,Toyota,Avensis,2000,,Liftback,,,3M,6085: Toyota Avensis 1997-2000  Liftback   3M || 6087: Toyota Avensis 2000-2009  Liftback   3L
70147,2,MULTI,6086/6088,3L/3M,非皮卡,Toyota,Avensis,2000,,Sedan,,,3M,6086: Toyota Avensis 1997-2000  Sedan   3M || 6088: Toyota Avensis 2000-2015  Sedan   3L
70199,2,MULTI,6088/6089,3L/3XL,非皮卡,Toyota,Avensis,2015,,Sedan,,,3L,6088: Toyota Avensis 2000-2015  Sedan   3L || 6089: Toyota Avensis 2015-2018  Sedan   3XL
70200,2,MULTI,6088/6089,3L/3XL,非皮卡,Toyota,Avensis,2015,,Sedan,,,3XL,6088: Toyota Avensis 2000-2015  Sedan   3L || 6089: Toyota Avensis 2015-2018  Sedan   3XL
70361,2,MULTI,6103/6104,2L+/2XL,非皮卡,Toyota,Caldina,2002,,Wagon,,,2L+,6103: Toyota Caldina 1992-2002  Wagon   2XL || 6104: Toyota Caldina 2002-2007  Wagon   2L+
70362,2,MULTI,6103/6104,2L+/2XL,非皮卡,Toyota,Caldina,2002,,Wagon,,,2XL,6103: Toyota Caldina 1992-2002  Wagon   2XL || 6104: Toyota Caldina 2002-2007  Wagon   2L+
70363,2,MULTI,6103/6104,2L+/2XL,非皮卡,Toyota,Caldina,2002,,Wagon,,,2XL,6103: Toyota Caldina 1992-2002  Wagon   2XL || 6104: Toyota Caldina 2002-2007  Wagon   2L+
70364,2,MULTI,6103/6104,2L+/2XL,非皮卡,Toyota,Caldina,2002,,Wagon,,,2XL,6103: Toyota Caldina 1992-2002  Wagon   2XL || 6104: Toyota Caldina 2002-2007  Wagon   2L+
70404,2,MULTI,6107/6109,3L/3M,非皮卡,Toyota,Camry,1990,,Sedan,,,3L,6107: Toyota Camry 1982-1991  Sedan   3M || 6109: Toyota Camry 1990-1998  Sedan   3L
70405,2,MULTI,6107/6109,3L/3M,非皮卡,Toyota,Camry,1990,,Sedan,,,3M,6107: Toyota Camry 1982-1991  Sedan   3M || 6109: Toyota Camry 1990-1998  Sedan   3L
70408,2,MULTI,6107/6109,3L/3M,非皮卡,Toyota,Camry,1991,,Sedan,,,3L,6107: Toyota Camry 1982-1991  Sedan   3M || 6109: Toyota Camry 1990-1998  Sedan   3L
70409,2,MULTI,6107/6109,3L/3M,非皮卡,Toyota,Camry,1991,,Sedan,,,3L,6107: Toyota Camry 1982-1991  Sedan   3M || 6109: Toyota Camry 1990-1998  Sedan   3L
70410,2,MULTI,6107/6109,3L/3M,非皮卡,Toyota,Camry,1991,,Sedan,,,3M,6107: Toyota Camry 1982-1991  Sedan   3M || 6109: Toyota Camry 1990-1998  Sedan   3L
70426,2,MULTI,6109/6110,3L/3XL,非皮卡,Toyota,Camry,1996,,Sedan,,,3L,6109: Toyota Camry 1990-1998  Sedan   3L || 6110: Toyota Camry 1996-2021  Sedan   3XL
70427,2,MULTI,6109/6110,3L/3XL,非皮卡,Toyota,Camry,1996,,Sedan,,,3L,6109: Toyota Camry 1990-1998  Sedan   3L || 6110: Toyota Camry 1996-2021  Sedan   3XL
70428,2,MULTI,6109/6110,3L/3XL,非皮卡,Toyota,Camry,1996,,Sedan,,,3XL,6109: Toyota Camry 1990-1998  Sedan   3L || 6110: Toyota Camry 1996-2021  Sedan   3XL
70432,2,MULTI,6109/6110,3L/3XL,非皮卡,Toyota,Camry,1997,,Sedan,,,3L,6109: Toyota Camry 1990-1998  Sedan   3L || 6110: Toyota Camry 1996-2021  Sedan   3XL
70433,2,MULTI,6109/6110,3L/3XL,非皮卡,Toyota,Camry,1997,,Sedan,,,3L,6109: Toyota Camry 1990-1998  Sedan   3L || 6110: Toyota Camry 1996-2021  Sedan   3XL
70434,2,MULTI,6109/6110,3L/3XL,非皮卡,Toyota,Camry,1997,,Sedan,,,3XL,6109: Toyota Camry 1990-1998  Sedan   3L || 6110: Toyota Camry 1996-2021  Sedan   3XL
70437,2,MULTI,6109/6110,3L/3XL,非皮卡,Toyota,Camry,1998,,Sedan,,,3L,6109: Toyota Camry 1990-1998  Sedan   3L || 6110: Toyota Camry 1996-2021  Sedan   3XL
70438,2,MULTI,6109/6110,3L/3XL,非皮卡,Toyota,Camry,1998,,Sedan,,,3XL,6109: Toyota Camry 1990-1998  Sedan   3L || 6110: Toyota Camry 1996-2021  Sedan   3XL
70491,2,MULTI,6110/6112,3XL/3XXL,非皮卡,Toyota,Camry,2020,,Sedan,,,3XL,6110: Toyota Camry 1996-2021  Sedan   3XL || 6112: Toyota Camry 2020-2026  Sedan   3XXL
70492,2,MULTI,6110/6112,3XL/3XXL,非皮卡,Toyota,Camry,2020,,Sedan,,,3XXL,6110: Toyota Camry 1996-2021  Sedan   3XL || 6112: Toyota Camry 2020-2026  Sedan   3XXL
70493,2,MULTI,6110/6112,3XL/3XXL,非皮卡,Toyota,Camry,2021,,Sedan,,,3XL,6110: Toyota Camry 1996-2021  Sedan   3XL || 6112: Toyota Camry 2020-2026  Sedan   3XXL
70494,2,MULTI,6110/6112,3XL/3XXL,非皮卡,Toyota,Camry,2021,,Sedan,,,3XXL,6110: Toyota Camry 1996-2021  Sedan   3XL || 6112: Toyota Camry 2020-2026  Sedan   3XXL
70543,2,MULTI,6114/6117,3M/3S,非皮卡,Toyota,Carina,1978,,Sedan,,,3M,6114: Toyota Carina 1973-1978  Sedan   3S || 6117: Toyota Carina 1978-1993  Sedan   3M
70544,2,MULTI,6115/6118,3M-0/3S-0,非皮卡,Toyota,Carina,1978,,Coupe,,,3M-0,6115: Toyota Carina 1973-1978  Coupe   3S-0 || 6118: Toyota Carina 1978-1988  Coupe   3M-0
70545,2,MULTI,6114/6117,3M/3S,非皮卡,Toyota,Carina,1978,,Sedan,,,3S,6114: Toyota Carina 1973-1978  Sedan   3S || 6117: Toyota Carina 1978-1993  Sedan   3M
70546,2,MULTI,6115/6118,3M-0/3S-0,非皮卡,Toyota,Carina,1978,,Coupe,,,3S-0,6115: Toyota Carina 1973-1978  Coupe   3S-0 || 6118: Toyota Carina 1978-1988  Coupe   3M-0
70610,2,MULTI,6117/6119,3L/3M,非皮卡,Toyota,Carina,1992,,Sedan,,,3L,6117: Toyota Carina 1978-1993  Sedan   3M || 6119: Toyota Carina 1992-1996  Sedan   3L
70611,2,MULTI,6117/6119,3L/3M,非皮卡,Toyota,Carina,1992,,Sedan,,,3M,6117: Toyota Carina 1978-1993  Sedan   3M || 6119: Toyota Carina 1992-1996  Sedan   3L
70614,2,MULTI,6117/6119,3L/3M,非皮卡,Toyota,Carina,1993,,Sedan,,,3L,6117: Toyota Carina 1978-1993  Sedan   3M || 6119: Toyota Carina 1992-1996  Sedan   3L
70615,2,MULTI,6117/6119,3L/3M,非皮卡,Toyota,Carina,1993,,Sedan,,,3M,6117: Toyota Carina 1978-1993  Sedan   3M || 6119: Toyota Carina 1992-1996  Sedan   3L
70618,2,MULTI,6119/6120,3L/3M,非皮卡,Toyota,Carina,1996,,Sedan,,,3L,6119: Toyota Carina 1992-1996  Sedan   3L || 6120: Toyota Carina 1996-2001  Sedan   3M
70619,2,MULTI,6119/6120,3L/3M,非皮卡,Toyota,Carina,1996,,Sedan,,,3M,6119: Toyota Carina 1992-1996  Sedan   3L || 6120: Toyota Carina 1996-2001  Sedan   3M
70681,2,MULTI,6126/6127,3M-0/3S-0,非皮卡,Toyota,Celica,1977,,Liftback,,,3M-0,6126: Toyota Celica 1970-1977  Liftback   3S-0 || 6127: Toyota Celica 1977-1990  Liftback   3M-0
70682,2,MULTI,6126/6127,3M-0/3S-0,非皮卡,Toyota,Celica,1977,,Liftback,,,3S-0,6126: Toyota Celica 1970-1977  Liftback   3S-0 || 6127: Toyota Celica 1977-1990  Liftback   3M-0
70835,2,MULTI,6133/6134,3L/3XL,非皮卡,Toyota,Chaser,1992,,Sedan,,,3L,6133: Toyota Chaser 1977-1992  Sedan   3L || 6134: Toyota Chaser 1992-2001  Sedan   3XL
70836,2,MULTI,6133/6134,3L/3XL,非皮卡,Toyota,Chaser,1992,,Sedan,,,3XL,6133: Toyota Chaser 1977-1992  Sedan   3L || 6134: Toyota Chaser 1992-2001  Sedan   3XL
70984,2,MULTI,6142/6146,2L+/2M,非皮卡,Toyota,Corolla,1987,,Wagon,,,2L+,6142: Toyota Corolla 1979-1987  Wagon   2M || 6146: Toyota Corolla 1987-2007  Wagon   2L+
70989,2,MULTI,6142/6146,2L+/2M,非皮卡,Toyota,Corolla,1987,,Wagon,,,2M,6142: Toyota Corolla 1979-1987  Wagon   2M || 6146: Toyota Corolla 1987-2007  Wagon   2L+
70991,2,MULTI,6145/6148,3M-0/3S-0,非皮卡,Toyota,Corolla,1987,,Coupe,,,3M-0,6145: Toyota Corolla 1983-1988  Coupe   3S-0 || 6148: Toyota Corolla 1987-1993  Coupe   3M-0
70995,2,MULTI,6145/6148,3M-0/3S-0,非皮卡,Toyota,Corolla,1987,,Coupe,,,3S-0,6145: Toyota Corolla 1983-1988  Coupe   3S-0 || 6148: Toyota Corolla 1987-1993  Coupe   3M-0
71002,2,MULTI,6145/6148,3M-0/3S-0,非皮卡,Toyota,Corolla,1988,,Coupe,,,3M-0,6145: Toyota Corolla 1983-1988  Coupe   3S-0 || 6148: Toyota Corolla 1987-1993  Coupe   3M-0
71005,2,MULTI,6145/6148,3M-0/3S-0,非皮卡,Toyota,Corolla,1988,,Coupe,,,3S-0,6145: Toyota Corolla 1983-1988  Coupe   3S-0 || 6148: Toyota Corolla 1987-1993  Coupe   3M-0
71022,2,MULTI,6139/6149,3M/3S,非皮卡,Toyota,Corolla,1991,,Sedan,,,3M,6139: Toyota Corolla 1966-1993  Sedan   3S || 6149: Toyota Corolla 1991-2007  Sedan   3M
71025,2,MULTI,6139/6149,3M/3S,非皮卡,Toyota,Corolla,1991,,Sedan,,,3S,6139: Toyota Corolla 1966-1993  Sedan   3S || 6149: Toyota Corolla 1991-2007  Sedan   3M
71032,2,MULTI,6139/6149,3M/3S,非皮卡,Toyota,Corolla,1992,,Sedan,,,3M,6139: Toyota Corolla 1966-1993  Sedan   3S || 6149: Toyota Corolla 1991-2007  Sedan   3M
71035,2,MULTI,6139/6149,3M/3S,非皮卡,Toyota,Corolla,1992,,Sedan,,,3S,6139: Toyota Corolla 1966-1993  Sedan   3S || 6149: Toyota Corolla 1991-2007  Sedan   3M
71042,2,MULTI,6139/6149,3M/3S,非皮卡,Toyota,Corolla,1993,,Sedan,,,3M,6139: Toyota Corolla 1966-1993  Sedan   3S || 6149: Toyota Corolla 1991-2007  Sedan   3M
71045,2,MULTI,6139/6149,3M/3S,非皮卡,Toyota,Corolla,1993,,Sedan,,,3S,6139: Toyota Corolla 1966-1993  Sedan   3S || 6149: Toyota Corolla 1991-2007  Sedan   3M
71051,2,MULTI,6141/6151,2L+/2M,非皮卡,Toyota,Corolla,1995,,Hatchback,,,2L+,6141: Toyota Corolla 1979-2002  Hatchback   2M || 6151: Toyota Corolla 1995-2007  Hatchback   2L+
71054,2,MULTI,6141/6151,2L+/2M,非皮卡,Toyota,Corolla,1995,,Hatchback,,,2M,6141: Toyota Corolla 1979-2002  Hatchback   2M || 6151: Toyota Corolla 1995-2007  Hatchback   2L+
71060,2,MULTI,6141/6151,2L+/2M,非皮卡,Toyota,Corolla,1996,,Hatchback,,,2L+,6141: Toyota Corolla 1979-2002  Hatchback   2M || 6151: Toyota Corolla 1995-2007  Hatchback   2L+
71063,2,MULTI,6141/6151,2L+/2M,非皮卡,Toyota,Corolla,1996,,Hatchback,,,2M,6141: Toyota Corolla 1979-2002  Hatchback   2M || 6151: Toyota Corolla 1995-2007  Hatchback   2L+
71069,2,MULTI,6141/6151,2L+/2M,非皮卡,Toyota,Corolla,1997,,Hatchback,,,2L+,6141: Toyota Corolla 1979-2002  Hatchback   2M || 6151: Toyota Corolla 1995-2007  Hatchback   2L+
71073,2,MULTI,6141/6151,2L+/2M,非皮卡,Toyota,Corolla,1997,,Hatchback,,,2M,6141: Toyota Corolla 1979-2002  Hatchback   2M || 6151: Toyota Corolla 1995-2007  Hatchback   2L+
71074,2,MULTI,6141/6151,2L+/2M,非皮卡,Toyota,Corolla,1997,,Hatchback,,,2M,6141: Toyota Corolla 1979-2002  Hatchback   2M || 6151: Toyota Corolla 1995-2007  Hatchback   2L+
71082,2,MULTI,6141/6151,2L+/2M,非皮卡,Toyota,Corolla,1998,,Hatchback,,,2L+,6141: Toyota Corolla 1979-2002  Hatchback   2M || 6151: Toyota Corolla 1995-2007  Hatchback   2L+
71086,2,MULTI,6141/6151,2L+/2M,非皮卡,Toyota,Corolla,1998,,Hatchback,,,2M,6141: Toyota Corolla 1979-2002  Hatchback   2M || 6151: Toyota Corolla 1995-2007  Hatchback   2L+
71087,2,MULTI,6141/6151,2L+/2M,非皮卡,Toyota,Corolla,1998,,Hatchback,,,2M,6141: Toyota Corolla 1979-2002  Hatchback   2M || 6151: Toyota Corolla 1995-2007  Hatchback   2L+
71095,2,MULTI,6141/6151,2L+/2M,非皮卡,Toyota,Corolla,1999,,Hatchback,,,2L+,6141: Toyota Corolla 1979-2002  Hatchback   2M || 6151: Toyota Corolla 1995-2007  Hatchback   2L+
71099,2,MULTI,6141/6151,2L+/2M,非皮卡,Toyota,Corolla,1999,,Hatchback,,,2M,6141: Toyota Corolla 1979-2002  Hatchback   2M || 6151: Toyota Corolla 1995-2007  Hatchback   2L+
71100,2,MULTI,6141/6151,2L+/2M,非皮卡,Toyota,Corolla,1999,,Hatchback,,,2M,6141: Toyota Corolla 1979-2002  Hatchback   2M || 6151: Toyota Corolla 1995-2007  Hatchback   2L+
71108,2,MULTI,6141/6151,2L+/2M,非皮卡,Toyota,Corolla,2000,,Hatchback,,,2L+,6141: Toyota Corolla 1979-2002  Hatchback   2M || 6151: Toyota Corolla 1995-2007  Hatchback   2L+
71109,2,MULTI,6141/6151,2L+/2M,非皮卡,Toyota,Corolla,2000,,Hatchback,,,2L+,6141: Toyota Corolla 1979-2002  Hatchback   2M || 6151: Toyota Corolla 1995-2007  Hatchback   2L+
71116,2,MULTI,6141/6151,2L+/2M,非皮卡,Toyota,Corolla,2000,,Hatchback,,,2M,6141: Toyota Corolla 1979-2002  Hatchback   2M || 6151: Toyota Corolla 1995-2007  Hatchback   2L+
71117,2,MULTI,6141/6151,2L+/2M,非皮卡,Toyota,Corolla,2000,,Hatchback,,,2M,6141: Toyota Corolla 1979-2002  Hatchback   2M || 6151: Toyota Corolla 1995-2007  Hatchback   2L+
71118,2,MULTI,6149/6152,3L/3M,非皮卡,Toyota,Corolla,2000,,Sedan,,,3L,6149: Toyota Corolla 1991-2007  Sedan   3M || 6152: Toyota Corolla 2000-2004  Sedan   3L
71122,2,MULTI,6149/6152,3L/3M,非皮卡,Toyota,Corolla,2000,,Sedan,,,3M,6149: Toyota Corolla 1991-2007  Sedan   3M || 6152: Toyota Corolla 2000-2004  Sedan   3L
71123,2,MULTI,6149/6152,3L/3M,非皮卡,Toyota,Corolla,2000,,Sedan,,,3M,6149: Toyota Corolla 1991-2007  Sedan   3M || 6152: Toyota Corolla 2000-2004  Sedan   3L
71124,2,MULTI,6149/6152,3L/3M,非皮卡,Toyota,Corolla,2000,,Sedan,,,3M,6149: Toyota Corolla 1991-2007  Sedan   3M || 6152: Toyota Corolla 2000-2004  Sedan   3L
71126,2,MULTI,6141/6151,2L+/2M,非皮卡,Toyota,Corolla,2001,,Hatchback,,,2L+,6141: Toyota Corolla 1979-2002  Hatchback   2M || 6151: Toyota Corolla 1995-2007  Hatchback   2L+
71132,2,MULTI,6141/6151,2L+/2M,非皮卡,Toyota,Corolla,2001,,Hatchback,,,2M,6141: Toyota Corolla 1979-2002  Hatchback   2M || 6151: Toyota Corolla 1995-2007  Hatchback   2L+
71133,2,MULTI,6141/6151,2L+/2M,非皮卡,Toyota,Corolla,2001,,Hatchback,,,2M,6141: Toyota Corolla 1979-2002  Hatchback   2M || 6151: Toyota Corolla 1995-2007  Hatchback   2L+
71134,2,MULTI,6149/6152,3L/3M,非皮卡,Toyota,Corolla,2001,,Sedan,,,3L,6149: Toyota Corolla 1991-2007  Sedan   3M || 6152: Toyota Corolla 2000-2004  Sedan   3L
71137,2,MULTI,6149/6152,3L/3M,非皮卡,Toyota,Corolla,2001,,Sedan,,,3M,6149: Toyota Corolla 1991-2007  Sedan   3M || 6152: Toyota Corolla 2000-2004  Sedan   3L
71138,2,MULTI,6149/6152,3L/3M,非皮卡,Toyota,Corolla,2001,,Sedan,,,3M,6149: Toyota Corolla 1991-2007  Sedan   3M || 6152: Toyota Corolla 2000-2004  Sedan   3L
71140,2,MULTI,6141/6151,2L+/2M,非皮卡,Toyota,Corolla,2002,,Hatchback,,,2L+,6141: Toyota Corolla 1979-2002  Hatchback   2M || 6151: Toyota Corolla 1995-2007  Hatchback   2L+
71146,2,MULTI,6141/6151,2L+/2M,非皮卡,Toyota,Corolla,2002,,Hatchback,,,2M,6141: Toyota Corolla 1979-2002  Hatchback   2M || 6151: Toyota Corolla 1995-2007  Hatchback   2L+
71147,2,MULTI,6141/6151,2L+/2M,非皮卡,Toyota,Corolla,2002,,Hatchback,,,2M,6141: Toyota Corolla 1979-2002  Hatchback   2M || 6151: Toyota Corolla 1995-2007  Hatchback   2L+
71148,2,MULTI,6149/6152,3L/3M,非皮卡,Toyota,Corolla,2002,,Sedan,,,3L,6149: Toyota Corolla 1991-2007  Sedan   3M || 6152: Toyota Corolla 2000-2004  Sedan   3L
71151,2,MULTI,6149/6152,3L/3M,非皮卡,Toyota,Corolla,2002,,Sedan,,,3M,6149: Toyota Corolla 1991-2007  Sedan   3M || 6152: Toyota Corolla 2000-2004  Sedan   3L
71152,2,MULTI,6149/6152,3L/3M,非皮卡,Toyota,Corolla,2002,,Sedan,,,3M,6149: Toyota Corolla 1991-2007  Sedan   3M || 6152: Toyota Corolla 2000-2004  Sedan   3L
71162,2,MULTI,6149/6152,3L/3M,非皮卡,Toyota,Corolla,2003,,Sedan,,,3L,6149: Toyota Corolla 1991-2007  Sedan   3M || 6152: Toyota Corolla 2000-2004  Sedan   3L
71163,2,MULTI,6149/6152,3L/3M,非皮卡,Toyota,Corolla,2003,,Sedan,,,3M,6149: Toyota Corolla 1991-2007  Sedan   3M || 6152: Toyota Corolla 2000-2004  Sedan   3L
71172,2,MULTI,6149/6152,3L/3M,非皮卡,Toyota,Corolla,2004,,Sedan,,,3L,6149: Toyota Corolla 1991-2007  Sedan   3M || 6152: Toyota Corolla 2000-2004  Sedan   3L
71173,2,MULTI,6149/6152,3L/3M,非皮卡,Toyota,Corolla,2004,,Sedan,,,3M,6149: Toyota Corolla 1991-2007  Sedan   3M || 6152: Toyota Corolla 2000-2004  Sedan   3L
71184,2,MULTI,6149/6153,3L/3M,非皮卡,Toyota,Corolla,2006,,Sedan,,,3L,6149: Toyota Corolla 1991-2007  Sedan   3M || 6153: Toyota Corolla 2006-2026  Sedan   3L
71185,2,MULTI,6149/6153,3L/3M,非皮卡,Toyota,Corolla,2006,,Sedan,,,3M,6149: Toyota Corolla 1991-2007  Sedan   3M || 6153: Toyota Corolla 2006-2026  Sedan   3L
71192,2,MULTI,6149/6153,3L/3M,非皮卡,Toyota,Corolla,2007,,Sedan,,,3L,6149: Toyota Corolla 1991-2007  Sedan   3M || 6153: Toyota Corolla 2006-2026  Sedan   3L
71193,2,MULTI,6149/6153,3L/3M,非皮卡,Toyota,Corolla,2007,,Sedan,,,3M,6149: Toyota Corolla 1991-2007  Sedan   3M || 6153: Toyota Corolla 2006-2026  Sedan   3L
71289,2,MULTI,6157/6158,2L+/无可用尺码,非皮卡,Toyota,Corolla,2022,GR,Hatchback,,,2L+,6157: Toyota Corolla 2018-2026 GR Hatchback   无可用尺码 || 6158: Toyota Corolla 2022-2026 GR Hatchback   2L+
71297,2,MULTI,6157/6158,2L+/无可用尺码,非皮卡,Toyota,Corolla,2022,GR,Hatchback,,,无可用尺码,6157: Toyota Corolla 2018-2026 GR Hatchback   无可用尺码 || 6158: Toyota Corolla 2022-2026 GR Hatchback   2L+
71300,2,MULTI,6157/6158,2L+/无可用尺码,非皮卡,Toyota,Corolla,2023,GR,Hatchback,,,2L+,6157: Toyota Corolla 2018-2026 GR Hatchback   无可用尺码 || 6158: Toyota Corolla 2022-2026 GR Hatchback   2L+
71308,2,MULTI,6157/6158,2L+/无可用尺码,非皮卡,Toyota,Corolla,2023,GR,Hatchback,,,无可用尺码,6157: Toyota Corolla 2018-2026 GR Hatchback   无可用尺码 || 6158: Toyota Corolla 2022-2026 GR Hatchback   2L+
71311,2,MULTI,6157/6158,2L+/无可用尺码,非皮卡,Toyota,Corolla,2024,GR,Hatchback,,,2L+,6157: Toyota Corolla 2018-2026 GR Hatchback   无可用尺码 || 6158: Toyota Corolla 2022-2026 GR Hatchback   2L+
71319,2,MULTI,6157/6158,2L+/无可用尺码,非皮卡,Toyota,Corolla,2024,GR,Hatchback,,,无可用尺码,6157: Toyota Corolla 2018-2026 GR Hatchback   无可用尺码 || 6158: Toyota Corolla 2022-2026 GR Hatchback   2L+
71322,2,MULTI,6157/6158,2L+/无可用尺码,非皮卡,Toyota,Corolla,2025,GR,Hatchback,,,2L+,6157: Toyota Corolla 2018-2026 GR Hatchback   无可用尺码 || 6158: Toyota Corolla 2022-2026 GR Hatchback   2L+
71326,2,MULTI,6153/6159,3L/3XL,非皮卡,Toyota,Corolla,2025,,Sedan,,,3L,6153: Toyota Corolla 2006-2026  Sedan   3L || 6159: Toyota Corolla 2025-2026  Sedan   3XL
71330,2,MULTI,6153/6159,3L/3XL,非皮卡,Toyota,Corolla,2025,,Sedan,,,3XL,6153: Toyota Corolla 2006-2026  Sedan   3L || 6159: Toyota Corolla 2025-2026  Sedan   3XL
71331,2,MULTI,6157/6158,2L+/无可用尺码,非皮卡,Toyota,Corolla,2025,GR,Hatchback,,,无可用尺码,6157: Toyota Corolla 2018-2026 GR Hatchback   无可用尺码 || 6158: Toyota Corolla 2022-2026 GR Hatchback   2L+
71334,2,MULTI,6157/6158,2L+/无可用尺码,非皮卡,Toyota,Corolla,2026,GR,Hatchback,,,2L+,6157: Toyota Corolla 2018-2026 GR Hatchback   无可用尺码 || 6158: Toyota Corolla 2022-2026 GR Hatchback   2L+
71337,2,MULTI,6153/6159,3L/3XL,非皮卡,Toyota,Corolla,2026,,Sedan,,,3L,6153: Toyota Corolla 2006-2026  Sedan   3L || 6159: Toyota Corolla 2025-2026  Sedan   3XL
71340,2,MULTI,6153/6159,3L/3XL,非皮卡,Toyota,Corolla,2026,,Sedan,,,3XL,6153: Toyota Corolla 2006-2026  Sedan   3L || 6159: Toyota Corolla 2025-2026  Sedan   3XL
71341,2,MULTI,6157/6158,2L+/无可用尺码,非皮卡,Toyota,Corolla,2026,GR,Hatchback,,,无可用尺码,6157: Toyota Corolla 2018-2026 GR Hatchback   无可用尺码 || 6158: Toyota Corolla 2022-2026 GR Hatchback   2L+
71432,2,MULTI,6166/6167,2L+/2M,非皮卡,Toyota,Corolla Spacio,2001,,MPV,,,2L+,6166: Toyota Corolla Spacio 1997-2001  MPV   2M || 6167: Toyota Corolla Spacio 2001-2007  MPV   2L+
71433,2,MULTI,6166/6167,2L+/2M,非皮卡,Toyota,Corolla Spacio,2001,,MPV,,,2M,6166: Toyota Corolla Spacio 1997-2001  MPV   2M || 6167: Toyota Corolla Spacio 2001-2007  MPV   2L+
71539,2,MULTI,6172/6174,3L/3M,非皮卡,Toyota,Corona,1992,,Liftback,,,3L,6172: Toyota Corona 1983-1993  Liftback   3M || 6174: Toyota Corona 1992-1998  Liftback   3L
71540,2,MULTI,6173/6175,3L/3M,非皮卡,Toyota,Corona,1992,,Sedan,,,3L,6173: Toyota Corona 1983-1993  Sedan   3M || 6175: Toyota Corona 1992-1998  Sedan   3L
71541,2,MULTI,6172/6174,3L/3M,非皮卡,Toyota,Corona,1992,,Liftback,,,3M,6172: Toyota Corona 1983-1993  Liftback   3M || 6174: Toyota Corona 1992-1998  Liftback   3L
71542,2,MULTI,6173/6175,3L/3M,非皮卡,Toyota,Corona,1992,,Sedan,,,3M,6173: Toyota Corona 1983-1993  Sedan   3M || 6175: Toyota Corona 1992-1998  Sedan   3L
71544,2,MULTI,6172/6174,3L/3M,非皮卡,Toyota,Corona,1993,,Liftback,,,3L,6172: Toyota Corona 1983-1993  Liftback   3M || 6174: Toyota Corona 1992-1998  Liftback   3L
71545,2,MULTI,6173/6175,3L/3M,非皮卡,Toyota,Corona,1993,,Sedan,,,3L,6173: Toyota Corona 1983-1993  Sedan   3M || 6175: Toyota Corona 1992-1998  Sedan   3L
71546,2,MULTI,6172/6174,3L/3M,非皮卡,Toyota,Corona,1993,,Liftback,,,3M,6172: Toyota Corona 1983-1993  Liftback   3M || 6174: Toyota Corona 1992-1998  Liftback   3L
71547,2,MULTI,6173/6175,3L/3M,非皮卡,Toyota,Corona,1993,,Sedan,,,3M,6173: Toyota Corona 1983-1993  Sedan   3M || 6175: Toyota Corona 1992-1998  Sedan   3L
71633,2,MULTI,6181/6182,3L/3M,非皮卡,Toyota,Cressida,1980,,Sedan,,,3L,6181: Toyota Cressida 1977-1981  Sedan   3L || 6182: Toyota Cressida 1980-1985  Sedan   3M
71634,2,MULTI,6181/6182,3L/3M,非皮卡,Toyota,Cressida,1980,,Sedan,,,3M,6181: Toyota Cressida 1977-1981  Sedan   3L || 6182: Toyota Cressida 1980-1985  Sedan   3M
71637,2,MULTI,6181/6182,3L/3M,非皮卡,Toyota,Cressida,1981,,Sedan,,,3L,6181: Toyota Cressida 1977-1981  Sedan   3L || 6182: Toyota Cressida 1980-1985  Sedan   3M
71638,2,MULTI,6181/6182,3L/3M,非皮卡,Toyota,Cressida,1981,,Sedan,,,3M,6181: Toyota Cressida 1977-1981  Sedan   3L || 6182: Toyota Cressida 1980-1985  Sedan   3M
71671,2,MULTI,6184/6185,3L/3XL,非皮卡,Toyota,Cresta,1992,,Sedan,,,3L,6184: Toyota Cresta 1980-1992  Sedan   3L || 6185: Toyota Cresta 1992-2001  Sedan   3XL
71672,2,MULTI,6184/6185,3L/3XL,非皮卡,Toyota,Cresta,1992,,Sedan,,,3XL,6184: Toyota Cresta 1980-1992  Sedan   3L || 6185: Toyota Cresta 1992-2001  Sedan   3XL
71701,2,MULTI,6187/6189,3L/3XL,非皮卡,Toyota,Crown,1974,,Sedan,,,3L,6187: Toyota Crown 1965-1974  Sedan   3L || 6189: Toyota Crown 1974-1987  Sedan   3XL
71703,2,MULTI,6187/6189,3L/3XL,非皮卡,Toyota,Crown,1974,,Sedan,,,3XL,6187: Toyota Crown 1965-1974  Sedan   3L || 6189: Toyota Crown 1974-1987  Sedan   3XL
71729,2,MULTI,6189/6191,3L/3XL,非皮卡,Toyota,Crown,1987,,Sedan,,,3L,6189: Toyota Crown 1974-1987  Sedan   3XL || 6191: Toyota Crown 1987-1999  Sedan   3L
71730,2,MULTI,6189/6191,3L/3XL,非皮卡,Toyota,Crown,1987,,Sedan,,,3XL,6189: Toyota Crown 1974-1987  Sedan   3XL || 6191: Toyota Crown 1987-1999  Sedan   3L
71737,2,MULTI,6190/6192,2XL/2XL+,非皮卡,Toyota,Crown,1991,,Wagon,,,2XL,6190: Toyota Crown 1979-2001  Wagon   2XL || 6192: Toyota Crown 1991-1995  Wagon   2XL+
71738,2,MULTI,6190/6192,2XL/2XL+,非皮卡,Toyota,Crown,1991,,Wagon,,,2XL+,6190: Toyota Crown 1979-2001  Wagon   2XL || 6192: Toyota Crown 1991-1995  Wagon   2XL+
71739,2,MULTI,6191/6193,3L/3XL,非皮卡,Toyota,Crown,1991,,Sedan,,,3L,6191: Toyota Crown 1987-1999  Sedan   3L || 6193: Toyota Crown 1991-2012  Sedan   3XL
71740,2,MULTI,6191/6193,3L/3XL,非皮卡,Toyota,Crown,1991,,Sedan,,,3XL,6191: Toyota Crown 1987-1999  Sedan   3L || 6193: Toyota Crown 1991-2012  Sedan   3XL
71741,2,MULTI,6190/6192,2XL/2XL+,非皮卡,Toyota,Crown,1992,,Wagon,,,2XL,6190: Toyota Crown 1979-2001  Wagon   2XL || 6192: Toyota Crown 1991-1995  Wagon   2XL+
71742,2,MULTI,6190/6192,2XL/2XL+,非皮卡,Toyota,Crown,1992,,Wagon,,,2XL+,6190: Toyota Crown 1979-2001  Wagon   2XL || 6192: Toyota Crown 1991-1995  Wagon   2XL+
71743,2,MULTI,6191/6193,3L/3XL,非皮卡,Toyota,Crown,1992,,Sedan,,,3L,6191: Toyota Crown 1987-1999  Sedan   3L || 6193: Toyota Crown 1991-2012  Sedan   3XL
71744,2,MULTI,6191/6193,3L/3XL,非皮卡,Toyota,Crown,1992,,Sedan,,,3XL,6191: Toyota Crown 1987-1999  Sedan   3L || 6193: Toyota Crown 1991-2012  Sedan   3XL
71745,2,MULTI,6190/6192,2XL/2XL+,非皮卡,Toyota,Crown,1993,,Wagon,,,2XL,6190: Toyota Crown 1979-2001  Wagon   2XL || 6192: Toyota Crown 1991-1995  Wagon   2XL+
71746,2,MULTI,6190/6192,2XL/2XL+,非皮卡,Toyota,Crown,1993,,Wagon,,,2XL+,6190: Toyota Crown 1979-2001  Wagon   2XL || 6192: Toyota Crown 1991-1995  Wagon   2XL+
71747,2,MULTI,6191/6193,3L/3XL,非皮卡,Toyota,Crown,1993,,Sedan,,,3L,6191: Toyota Crown 1987-1999  Sedan   3L || 6193: Toyota Crown 1991-2012  Sedan   3XL
71748,2,MULTI,6191/6193,3L/3XL,非皮卡,Toyota,Crown,1993,,Sedan,,,3XL,6191: Toyota Crown 1987-1999  Sedan   3L || 6193: Toyota Crown 1991-2012  Sedan   3XL
71749,2,MULTI,6190/6192,2XL/2XL+,非皮卡,Toyota,Crown,1994,,Wagon,,,2XL,6190: Toyota Crown 1979-2001  Wagon   2XL || 6192: Toyota Crown 1991-1995  Wagon   2XL+
71750,2,MULTI,6190/6192,2XL/2XL+,非皮卡,Toyota,Crown,1994,,Wagon,,,2XL+,6190: Toyota Crown 1979-2001  Wagon   2XL || 6192: Toyota Crown 1991-1995  Wagon   2XL+
71751,2,MULTI,6191/6193,3L/3XL,非皮卡,Toyota,Crown,1994,,Sedan,,,3L,6191: Toyota Crown 1987-1999  Sedan   3L || 6193: Toyota Crown 1991-2012  Sedan   3XL
71752,2,MULTI,6191/6193,3L/3XL,非皮卡,Toyota,Crown,1994,,Sedan,,,3XL,6191: Toyota Crown 1987-1999  Sedan   3L || 6193: Toyota Crown 1991-2012  Sedan   3XL
71753,2,MULTI,6190/6192,2XL/2XL+,非皮卡,Toyota,Crown,1995,,Wagon,,,2XL,6190: Toyota Crown 1979-2001  Wagon   2XL || 6192: Toyota Crown 1991-1995  Wagon   2XL+
71754,2,MULTI,6190/6192,2XL/2XL+,非皮卡,Toyota,Crown,1995,,Wagon,,,2XL,6190: Toyota Crown 1979-2001  Wagon   2XL || 6192: Toyota Crown 1991-1995  Wagon   2XL+
71755,2,MULTI,6190/6192,2XL/2XL+,非皮卡,Toyota,Crown,1995,,Wagon,,,2XL+,6190: Toyota Crown 1979-2001  Wagon   2XL || 6192: Toyota Crown 1991-1995  Wagon   2XL+
71756,2,MULTI,6191/6193,3L/3XL,非皮卡,Toyota,Crown,1995,,Sedan,,,3L,6191: Toyota Crown 1987-1999  Sedan   3L || 6193: Toyota Crown 1991-2012  Sedan   3XL
71757,2,MULTI,6191/6193,3L/3XL,非皮卡,Toyota,Crown,1995,,Sedan,,,3XL,6191: Toyota Crown 1987-1999  Sedan   3L || 6193: Toyota Crown 1991-2012  Sedan   3XL
71758,2,MULTI,6191/6193,3L/3XL,非皮卡,Toyota,Crown,1995,,Sedan,,,3XL,6191: Toyota Crown 1987-1999  Sedan   3L || 6193: Toyota Crown 1991-2012  Sedan   3XL
71761,2,MULTI,6191/6193,3L/3XL,非皮卡,Toyota,Crown,1996,,Sedan,,,3L,6191: Toyota Crown 1987-1999  Sedan   3L || 6193: Toyota Crown 1991-2012  Sedan   3XL
71762,2,MULTI,6191/6193,3L/3XL,非皮卡,Toyota,Crown,1996,,Sedan,,,3XL,6191: Toyota Crown 1987-1999  Sedan   3L || 6193: Toyota Crown 1991-2012  Sedan   3XL
71765,2,MULTI,6191/6193,3L/3XL,非皮卡,Toyota,Crown,1997,,Sedan,,,3L,6191: Toyota Crown 1987-1999  Sedan   3L || 6193: Toyota Crown 1991-2012  Sedan   3XL
71766,2,MULTI,6191/6193,3L/3XL,非皮卡,Toyota,Crown,1997,,Sedan,,,3XL,6191: Toyota Crown 1987-1999  Sedan   3L || 6193: Toyota Crown 1991-2012  Sedan   3XL
71769,2,MULTI,6191/6193,3L/3XL,非皮卡,Toyota,Crown,1998,,Sedan,,,3L,6191: Toyota Crown 1987-1999  Sedan   3L || 6193: Toyota Crown 1991-2012  Sedan   3XL
71770,2,MULTI,6191/6193,3L/3XL,非皮卡,Toyota,Crown,1998,,Sedan,,,3XL,6191: Toyota Crown 1987-1999  Sedan   3L || 6193: Toyota Crown 1991-2012  Sedan   3XL
71771,2,MULTI,6190/6194,2XL/2XL+,非皮卡,Toyota,Crown,1999,,Wagon,,,2XL,6190: Toyota Crown 1979-2001  Wagon   2XL || 6194: Toyota Crown 1999-2008  Wagon   2XL+
71772,2,MULTI,6190/6194,2XL/2XL+,非皮卡,Toyota,Crown,1999,,Wagon,,,2XL,6190: Toyota Crown 1979-2001  Wagon   2XL || 6194: Toyota Crown 1999-2008  Wagon   2XL+
71773,2,MULTI,6190/6194,2XL/2XL+,非皮卡,Toyota,Crown,1999,,Wagon,,,2XL+,6190: Toyota Crown 1979-2001  Wagon   2XL || 6194: Toyota Crown 1999-2008  Wagon   2XL+
71774,2,MULTI,6191/6193,3L/3XL,非皮卡,Toyota,Crown,1999,,Sedan,,,3L,6191: Toyota Crown 1987-1999  Sedan   3L || 6193: Toyota Crown 1991-2012  Sedan   3XL
71775,2,MULTI,6191/6193,3L/3XL,非皮卡,Toyota,Crown,1999,,Sedan,,,3XL,6191: Toyota Crown 1987-1999  Sedan   3L || 6193: Toyota Crown 1991-2012  Sedan   3XL
71776,2,MULTI,6191/6193,3L/3XL,非皮卡,Toyota,Crown,1999,,Sedan,,,3XL,6191: Toyota Crown 1987-1999  Sedan   3L || 6193: Toyota Crown 1991-2012  Sedan   3XL
71777,2,MULTI,6190/6194,2XL/2XL+,非皮卡,Toyota,Crown,2000,,Wagon,,,2XL,6190: Toyota Crown 1979-2001  Wagon   2XL || 6194: Toyota Crown 1999-2008  Wagon   2XL+
71778,2,MULTI,6190/6194,2XL/2XL+,非皮卡,Toyota,Crown,2000,,Wagon,,,2XL+,6190: Toyota Crown 1979-2001  Wagon   2XL || 6194: Toyota Crown 1999-2008  Wagon   2XL+
71781,2,MULTI,6190/6194,2XL/2XL+,非皮卡,Toyota,Crown,2001,,Wagon,,,2XL,6190: Toyota Crown 1979-2001  Wagon   2XL || 6194: Toyota Crown 1999-2008  Wagon   2XL+
71782,2,MULTI,6190/6194,2XL/2XL+,非皮卡,Toyota,Crown,2001,,Wagon,,,2XL+,6190: Toyota Crown 1979-2001  Wagon   2XL || 6194: Toyota Crown 1999-2008  Wagon   2XL+
71783,2,MULTI,6193/6195,3L/3XL,非皮卡,Toyota,Crown,2001,,Sedan,,,3L,6193: Toyota Crown 1991-2012  Sedan   3XL || 6195: Toyota Crown 2001-2017  Sedan   3L
71784,2,MULTI,6193/6195,3L/3XL,非皮卡,Toyota,Crown,2001,,Sedan,,,3XL,6193: Toyota Crown 1991-2012  Sedan   3XL || 6195: Toyota Crown 2001-2017  Sedan   3L
71785,2,MULTI,6193/6195,3L/3XL,非皮卡,Toyota,Crown,2001,,Sedan,,,3XL,6193: Toyota Crown 1991-2012  Sedan   3XL || 6195: Toyota Crown 2001-2017  Sedan   3L
71787,2,MULTI,6193/6195,3L/3XL,非皮卡,Toyota,Crown,2002,,Sedan,,,3L,6193: Toyota Crown 1991-2012  Sedan   3XL || 6195: Toyota Crown 2001-2017  Sedan   3L
71788,2,MULTI,6193/6195,3L/3XL,非皮卡,Toyota,Crown,2002,,Sedan,,,3XL,6193: Toyota Crown 1991-2012  Sedan   3XL || 6195: Toyota Crown 2001-2017  Sedan   3L
71791,2,MULTI,6193/6195,3L/3XL,非皮卡,Toyota,Crown,2003,,Sedan,,,3L,6193: Toyota Crown 1991-2012  Sedan   3XL || 6195: Toyota Crown 2001-2017  Sedan   3L
71792,2,MULTI,6193/6195,3L/3XL,非皮卡,Toyota,Crown,2003,,Sedan,,,3XL,6193: Toyota Crown 1991-2012  Sedan   3XL || 6195: Toyota Crown 2001-2017  Sedan   3L
71793,2,MULTI,6193/6195,3L/3XL,非皮卡,Toyota,Crown,2003,,Sedan,,,3XL,6193: Toyota Crown 1991-2012  Sedan   3XL || 6195: Toyota Crown 2001-2017  Sedan   3L
71796,2,MULTI,6193/6195,3L/3XL,非皮卡,Toyota,Crown,2004,,Sedan,,,3L,6193: Toyota Crown 1991-2012  Sedan   3XL || 6195: Toyota Crown 2001-2017  Sedan   3L
71797,2,MULTI,6193/6195,3L/3XL,非皮卡,Toyota,Crown,2004,,Sedan,,,3XL,6193: Toyota Crown 1991-2012  Sedan   3XL || 6195: Toyota Crown 2001-2017  Sedan   3L
71798,2,MULTI,6193/6195,3L/3XL,非皮卡,Toyota,Crown,2004,,Sedan,,,3XL,6193: Toyota Crown 1991-2012  Sedan   3XL || 6195: Toyota Crown 2001-2017  Sedan   3L
71801,2,MULTI,6193/6195,3L/3XL,非皮卡,Toyota,Crown,2005,,Sedan,,,3L,6193: Toyota Crown 1991-2012  Sedan   3XL || 6195: Toyota Crown 2001-2017  Sedan   3L
71802,2,MULTI,6193/6195,3L/3XL,非皮卡,Toyota,Crown,2005,,Sedan,,,3XL,6193: Toyota Crown 1991-2012  Sedan   3XL || 6195: Toyota Crown 2001-2017  Sedan   3L
71803,2,MULTI,6193/6195,3L/3XL,非皮卡,Toyota,Crown,2005,,Sedan,,,3XL,6193: Toyota Crown 1991-2012  Sedan   3XL || 6195: Toyota Crown 2001-2017  Sedan   3L
71806,2,MULTI,6193/6195,3L/3XL,非皮卡,Toyota,Crown,2006,,Sedan,,,3L,6193: Toyota Crown 1991-2012  Sedan   3XL || 6195: Toyota Crown 2001-2017  Sedan   3L
71807,2,MULTI,6193/6195,3L/3XL,非皮卡,Toyota,Crown,2006,,Sedan,,,3XL,6193: Toyota Crown 1991-2012  Sedan   3XL || 6195: Toyota Crown 2001-2017  Sedan   3L
71808,2,MULTI,6193/6195,3L/3XL,非皮卡,Toyota,Crown,2006,,Sedan,,,3XL,6193: Toyota Crown 1991-2012  Sedan   3XL || 6195: Toyota Crown 2001-2017  Sedan   3L
71811,2,MULTI,6193/6195,3L/3XL,非皮卡,Toyota,Crown,2007,,Sedan,,,3L,6193: Toyota Crown 1991-2012  Sedan   3XL || 6195: Toyota Crown 2001-2017  Sedan   3L
71812,2,MULTI,6193/6195,3L/3XL,非皮卡,Toyota,Crown,2007,,Sedan,,,3XL,6193: Toyota Crown 1991-2012  Sedan   3XL || 6195: Toyota Crown 2001-2017  Sedan   3L
71813,2,MULTI,6193/6195,3L/3XL,非皮卡,Toyota,Crown,2007,,Sedan,,,3XL,6193: Toyota Crown 1991-2012  Sedan   3XL || 6195: Toyota Crown 2001-2017  Sedan   3L
71815,2,MULTI,6193/6195,3L/3XL,非皮卡,Toyota,Crown,2008,,Sedan,,,3L,6193: Toyota Crown 1991-2012  Sedan   3XL || 6195: Toyota Crown 2001-2017  Sedan   3L
71816,2,MULTI,6193/6195,3L/3XL,非皮卡,Toyota,Crown,2008,,Sedan,,,3XL,6193: Toyota Crown 1991-2012  Sedan   3XL || 6195: Toyota Crown 2001-2017  Sedan   3L
71817,2,MULTI,6193/6195,3L/3XL,非皮卡,Toyota,Crown,2008,,Sedan,,,3XL,6193: Toyota Crown 1991-2012  Sedan   3XL || 6195: Toyota Crown 2001-2017  Sedan   3L
71818,2,MULTI,6193/6195,3L/3XL,非皮卡,Toyota,Crown,2009,,Sedan,,,3L,6193: Toyota Crown 1991-2012  Sedan   3XL || 6195: Toyota Crown 2001-2017  Sedan   3L
71819,2,MULTI,6193/6195,3L/3XL,非皮卡,Toyota,Crown,2009,,Sedan,,,3XL,6193: Toyota Crown 1991-2012  Sedan   3XL || 6195: Toyota Crown 2001-2017  Sedan   3L
71820,2,MULTI,6193/6195,3L/3XL,非皮卡,Toyota,Crown,2010,,Sedan,,,3L,6193: Toyota Crown 1991-2012  Sedan   3XL || 6195: Toyota Crown 2001-2017  Sedan   3L
71821,2,MULTI,6193/6195,3L/3XL,非皮卡,Toyota,Crown,2010,,Sedan,,,3XL,6193: Toyota Crown 1991-2012  Sedan   3XL || 6195: Toyota Crown 2001-2017  Sedan   3L
71822,2,MULTI,6193/6195,3L/3XL,非皮卡,Toyota,Crown,2011,,Sedan,,,3L,6193: Toyota Crown 1991-2012  Sedan   3XL || 6195: Toyota Crown 2001-2017  Sedan   3L
71823,2,MULTI,6193/6195,3L/3XL,非皮卡,Toyota,Crown,2011,,Sedan,,,3XL,6193: Toyota Crown 1991-2012  Sedan   3XL || 6195: Toyota Crown 2001-2017  Sedan   3L
71824,3,MULTI,6193/6195/6196,3L/3XL/3XXL,非皮卡,Toyota,Crown,2012,,Sedan,,,3L,6193: Toyota Crown 1991-2012  Sedan   3XL || 6195: Toyota Crown 2001-2017  Sedan   3L || 6196: Toyota Crown 2012-2026  Sedan   3XXL
71825,3,MULTI,6193/6195/6196,3L/3XL/3XXL,非皮卡,Toyota,Crown,2012,,Sedan,,,3XL,6193: Toyota Crown 1991-2012  Sedan   3XL || 6195: Toyota Crown 2001-2017  Sedan   3L || 6196: Toyota Crown 2012-2026  Sedan   3XXL
71826,3,MULTI,6193/6195/6196,3L/3XL/3XXL,非皮卡,Toyota,Crown,2012,,Sedan,,,3XXL,6193: Toyota Crown 1991-2012  Sedan   3XL || 6195: Toyota Crown 2001-2017  Sedan   3L || 6196: Toyota Crown 2012-2026  Sedan   3XXL
71827,2,MULTI,6195/6196,3L/3XXL,非皮卡,Toyota,Crown,2013,,Sedan,,,3L,6195: Toyota Crown 2001-2017  Sedan   3L || 6196: Toyota Crown 2012-2026  Sedan   3XXL
71828,2,MULTI,6195/6196,3L/3XXL,非皮卡,Toyota,Crown,2013,,Sedan,,,3XXL,6195: Toyota Crown 2001-2017  Sedan   3L || 6196: Toyota Crown 2012-2026  Sedan   3XXL
71829,2,MULTI,6195/6196,3L/3XXL,非皮卡,Toyota,Crown,2014,,Sedan,,,3L,6195: Toyota Crown 2001-2017  Sedan   3L || 6196: Toyota Crown 2012-2026  Sedan   3XXL
71830,2,MULTI,6195/6196,3L/3XXL,非皮卡,Toyota,Crown,2014,,Sedan,,,3XXL,6195: Toyota Crown 2001-2017  Sedan   3L || 6196: Toyota Crown 2012-2026  Sedan   3XXL
71831,2,MULTI,6195/6196,3L/3XXL,非皮卡,Toyota,Crown,2015,,Sedan,,,3L,6195: Toyota Crown 2001-2017  Sedan   3L || 6196: Toyota Crown 2012-2026  Sedan   3XXL
71832,2,MULTI,6195/6196,3L/3XXL,非皮卡,Toyota,Crown,2015,,Sedan,,,3XXL,6195: Toyota Crown 2001-2017  Sedan   3L || 6196: Toyota Crown 2012-2026  Sedan   3XXL
71833,2,MULTI,6195/6196,3L/3XXL,非皮卡,Toyota,Crown,2015,,Sedan,,,3XXL,6195: Toyota Crown 2001-2017  Sedan   3L || 6196: Toyota Crown 2012-2026  Sedan   3XXL
71834,2,MULTI,6195/6196,3L/3XXL,非皮卡,Toyota,Crown,2016,,Sedan,,,3L,6195: Toyota Crown 2001-2017  Sedan   3L || 6196: Toyota Crown 2012-2026  Sedan   3XXL
71835,2,MULTI,6195/6196,3L/3XXL,非皮卡,Toyota,Crown,2016,,Sedan,,,3XXL,6195: Toyota Crown 2001-2017  Sedan   3L || 6196: Toyota Crown 2012-2026  Sedan   3XXL
71836,2,MULTI,6195/6196,3L/3XXL,非皮卡,Toyota,Crown,2017,,Sedan,,,3L,6195: Toyota Crown 2001-2017  Sedan   3L || 6196: Toyota Crown 2012-2026  Sedan   3XXL
71837,2,MULTI,6195/6196,3L/3XXL,非皮卡,Toyota,Crown,2017,,Sedan,,,3XXL,6195: Toyota Crown 2001-2017  Sedan   3L || 6196: Toyota Crown 2012-2026  Sedan   3XXL
72150,2,MULTI,6223/6224,2XXL-525/2XXL-545,非皮卡,Toyota,Granvia,2021,,MPV,,,2XXL-525,6223: Toyota Granvia 2019-2026  MPV   2XXL-545 || 6224: Toyota Granvia 2021-2026  MPV   2XXL-525
72151,2,MULTI,6223/6224,2XXL-525/2XXL-545,非皮卡,Toyota,Granvia,2021,,MPV,,,2XXL-545,6223: Toyota Granvia 2019-2026  MPV   2XXL-545 || 6224: Toyota Granvia 2021-2026  MPV   2XXL-525
72152,2,MULTI,6223/6224,2XXL-525/2XXL-545,非皮卡,Toyota,Granvia,2022,,MPV,,,2XXL-525,6223: Toyota Granvia 2019-2026  MPV   2XXL-545 || 6224: Toyota Granvia 2021-2026  MPV   2XXL-525
72153,2,MULTI,6223/6224,2XXL-525/2XXL-545,非皮卡,Toyota,Granvia,2022,,MPV,,,2XXL-545,6223: Toyota Granvia 2019-2026  MPV   2XXL-545 || 6224: Toyota Granvia 2021-2026  MPV   2XXL-525
72154,2,MULTI,6223/6224,2XXL-525/2XXL-545,非皮卡,Toyota,Granvia,2023,,MPV,,,2XXL-525,6223: Toyota Granvia 2019-2026  MPV   2XXL-545 || 6224: Toyota Granvia 2021-2026  MPV   2XXL-525
72155,2,MULTI,6223/6224,2XXL-525/2XXL-545,非皮卡,Toyota,Granvia,2023,,MPV,,,2XXL-545,6223: Toyota Granvia 2019-2026  MPV   2XXL-545 || 6224: Toyota Granvia 2021-2026  MPV   2XXL-525
72156,2,MULTI,6223/6224,2XXL-525/2XXL-545,非皮卡,Toyota,Granvia,2024,,MPV,,,2XXL-525,6223: Toyota Granvia 2019-2026  MPV   2XXL-545 || 6224: Toyota Granvia 2021-2026  MPV   2XXL-525
72157,2,MULTI,6223/6224,2XXL-525/2XXL-545,非皮卡,Toyota,Granvia,2024,,MPV,,,2XXL-545,6223: Toyota Granvia 2019-2026  MPV   2XXL-545 || 6224: Toyota Granvia 2021-2026  MPV   2XXL-525
72158,2,MULTI,6223/6224,2XXL-525/2XXL-545,非皮卡,Toyota,Granvia,2025,,MPV,,,2XXL-525,6223: Toyota Granvia 2019-2026  MPV   2XXL-545 || 6224: Toyota Granvia 2021-2026  MPV   2XXL-525
72159,2,MULTI,6223/6224,2XXL-525/2XXL-545,非皮卡,Toyota,Granvia,2025,,MPV,,,2XXL-545,6223: Toyota Granvia 2019-2026  MPV   2XXL-545 || 6224: Toyota Granvia 2021-2026  MPV   2XXL-525
72160,2,MULTI,6223/6224,2XXL-525/2XXL-545,非皮卡,Toyota,Granvia,2026,,MPV,,,2XXL-525,6223: Toyota Granvia 2019-2026  MPV   2XXL-545 || 6224: Toyota Granvia 2021-2026  MPV   2XXL-525
72161,2,MULTI,6223/6224,2XXL-525/2XXL-545,非皮卡,Toyota,Granvia,2026,,MPV,,,2XXL-545,6223: Toyota Granvia 2019-2026  MPV   2XXL-545 || 6224: Toyota Granvia 2021-2026  MPV   2XXL-525
72169,2,MULTI,6225/6226,YL/YM+,非皮卡,Toyota,Harrier,2003,,SUV,,,YL,6225: Toyota Harrier 1997-2003  SUV   YM+ || 6226: Toyota Harrier 2003-2026  SUV   YL
72170,2,MULTI,6225/6226,YL/YM+,非皮卡,Toyota,Harrier,2003,,SUV,,,YM+,6225: Toyota Harrier 1997-2003  SUV   YM+ || 6226: Toyota Harrier 2003-2026  SUV   YL
72211,2,MULTI,6227/6229,2XL-200/2XXL-545,非皮卡,Toyota,HiAce,1989,,MPV,,,2XL-200,6227: Toyota HiAce 1982-1989  MPV   2XL-200 || 6229: Toyota HiAce 1989-2026  MPV   2XXL-545
72214,2,MULTI,6227/6229,2XL-200/2XXL-545,非皮卡,Toyota,HiAce,1989,,MPV,,,2XXL-545,6227: Toyota HiAce 1982-1989  MPV   2XL-200 || 6229: Toyota HiAce 1989-2026  MPV   2XXL-545
72225,2,MULTI,6229/6230,2XL-200/2XXL-545,非皮卡,Toyota,HiAce,1995,,MPV,,,2XL-200,6229: Toyota HiAce 1989-2026  MPV   2XXL-545 || 6230: Toyota HiAce 1995-2012  MPV   2XL-200
72229,2,MULTI,6229/6230,2XL-200/2XXL-545,非皮卡,Toyota,HiAce,1995,,MPV,,,2XXL-545,6229: Toyota HiAce 1989-2026  MPV   2XXL-545 || 6230: Toyota HiAce 1995-2012  MPV   2XL-200
72230,2,MULTI,6229/6230,2XL-200/2XXL-545,非皮卡,Toyota,HiAce,1996,,MPV,,,2XL-200,6229: Toyota HiAce 1989-2026  MPV   2XXL-545 || 6230: Toyota HiAce 1995-2012  MPV   2XL-200
72234,2,MULTI,6229/6230,2XL-200/2XXL-545,非皮卡,Toyota,HiAce,1996,,MPV,,,2XXL-545,6229: Toyota HiAce 1989-2026  MPV   2XXL-545 || 6230: Toyota HiAce 1995-2012  MPV   2XL-200
72235,2,MULTI,6229/6230,2XL-200/2XXL-545,非皮卡,Toyota,HiAce,1997,,MPV,,,2XL-200,6229: Toyota HiAce 1989-2026  MPV   2XXL-545 || 6230: Toyota HiAce 1995-2012  MPV   2XL-200
72239,2,MULTI,6229/6230,2XL-200/2XXL-545,非皮卡,Toyota,HiAce,1997,,MPV,,,2XXL-545,6229: Toyota HiAce 1989-2026  MPV   2XXL-545 || 6230: Toyota HiAce 1995-2012  MPV   2XL-200
72240,2,MULTI,6229/6230,2XL-200/2XXL-545,非皮卡,Toyota,HiAce,1998,,MPV,,,2XL-200,6229: Toyota HiAce 1989-2026  MPV   2XXL-545 || 6230: Toyota HiAce 1995-2012  MPV   2XL-200
72244,2,MULTI,6229/6230,2XL-200/2XXL-545,非皮卡,Toyota,HiAce,1998,,MPV,,,2XXL-545,6229: Toyota HiAce 1989-2026  MPV   2XXL-545 || 6230: Toyota HiAce 1995-2012  MPV   2XL-200
72245,2,MULTI,6229/6230,2XL-200/2XXL-545,非皮卡,Toyota,HiAce,1999,,MPV,,,2XL-200,6229: Toyota HiAce 1989-2026  MPV   2XXL-545 || 6230: Toyota HiAce 1995-2012  MPV   2XL-200
72249,2,MULTI,6229/6230,2XL-200/2XXL-545,非皮卡,Toyota,HiAce,1999,,MPV,,,2XXL-545,6229: Toyota HiAce 1989-2026  MPV   2XXL-545 || 6230: Toyota HiAce 1995-2012  MPV   2XL-200
72250,2,MULTI,6229/6230,2XL-200/2XXL-545,非皮卡,Toyota,HiAce,2000,,MPV,,,2XL-200,6229: Toyota HiAce 1989-2026  MPV   2XXL-545 || 6230: Toyota HiAce 1995-2012  MPV   2XL-200
72254,2,MULTI,6229/6230,2XL-200/2XXL-545,非皮卡,Toyota,HiAce,2000,,MPV,,,2XXL-545,6229: Toyota HiAce 1989-2026  MPV   2XXL-545 || 6230: Toyota HiAce 1995-2012  MPV   2XL-200
72255,2,MULTI,6229/6230,2XL-200/2XXL-545,非皮卡,Toyota,HiAce,2001,,MPV,,,2XL-200,6229: Toyota HiAce 1989-2026  MPV   2XXL-545 || 6230: Toyota HiAce 1995-2012  MPV   2XL-200
72259,2,MULTI,6229/6230,2XL-200/2XXL-545,非皮卡,Toyota,HiAce,2001,,MPV,,,2XXL-545,6229: Toyota HiAce 1989-2026  MPV   2XXL-545 || 6230: Toyota HiAce 1995-2012  MPV   2XL-200
72260,2,MULTI,6229/6230,2XL-200/2XXL-545,非皮卡,Toyota,HiAce,2002,,MPV,,,2XL-200,6229: Toyota HiAce 1989-2026  MPV   2XXL-545 || 6230: Toyota HiAce 1995-2012  MPV   2XL-200
72264,2,MULTI,6229/6230,2XL-200/2XXL-545,非皮卡,Toyota,HiAce,2002,,MPV,,,2XXL-545,6229: Toyota HiAce 1989-2026  MPV   2XXL-545 || 6230: Toyota HiAce 1995-2012  MPV   2XL-200
72265,2,MULTI,6229/6230,2XL-200/2XXL-545,非皮卡,Toyota,HiAce,2003,,MPV,,,2XL-200,6229: Toyota HiAce 1989-2026  MPV   2XXL-545 || 6230: Toyota HiAce 1995-2012  MPV   2XL-200
72269,2,MULTI,6229/6230,2XL-200/2XXL-545,非皮卡,Toyota,HiAce,2003,,MPV,,,2XXL-545,6229: Toyota HiAce 1989-2026  MPV   2XXL-545 || 6230: Toyota HiAce 1995-2012  MPV   2XL-200
72270,2,MULTI,6229/6230,2XL-200/2XXL-545,非皮卡,Toyota,HiAce,2004,,MPV,,,2XL-200,6229: Toyota HiAce 1989-2026  MPV   2XXL-545 || 6230: Toyota HiAce 1995-2012  MPV   2XL-200
72275,2,MULTI,6229/6230,2XL-200/2XXL-545,非皮卡,Toyota,HiAce,2004,,MPV,,,2XXL-545,6229: Toyota HiAce 1989-2026  MPV   2XXL-545 || 6230: Toyota HiAce 1995-2012  MPV   2XL-200
72276,2,MULTI,6229/6230,2XL-200/2XXL-545,非皮卡,Toyota,HiAce,2004,,MPV,,,2XXL-545,6229: Toyota HiAce 1989-2026  MPV   2XXL-545 || 6230: Toyota HiAce 1995-2012  MPV   2XL-200
72277,2,MULTI,6229/6230,2XL-200/2XXL-545,非皮卡,Toyota,HiAce,2005,,MPV,,,2XL-200,6229: Toyota HiAce 1989-2026  MPV   2XXL-545 || 6230: Toyota HiAce 1995-2012  MPV   2XL-200
72281,2,MULTI,6229/6230,2XL-200/2XXL-545,非皮卡,Toyota,HiAce,2005,,MPV,,,2XXL-545,6229: Toyota HiAce 1989-2026  MPV   2XXL-545 || 6230: Toyota HiAce 1995-2012  MPV   2XL-200
72282,2,MULTI,6229/6230,2XL-200/2XXL-545,非皮卡,Toyota,HiAce,2006,,MPV,,,2XL-200,6229: Toyota HiAce 1989-2026  MPV   2XXL-545 || 6230: Toyota HiAce 1995-2012  MPV   2XL-200
72283,2,MULTI,6229/6230,2XL-200/2XXL-545,非皮卡,Toyota,HiAce,2006,,MPV,,,2XL-200,6229: Toyota HiAce 1989-2026  MPV   2XXL-545 || 6230: Toyota HiAce 1995-2012  MPV   2XL-200
72289,2,MULTI,6229/6230,2XL-200/2XXL-545,非皮卡,Toyota,HiAce,2006,,MPV,,,2XXL-545,6229: Toyota HiAce 1989-2026  MPV   2XXL-545 || 6230: Toyota HiAce 1995-2012  MPV   2XL-200
72290,2,MULTI,6229/6230,2XL-200/2XXL-545,非皮卡,Toyota,HiAce,2007,,MPV,,,2XL-200,6229: Toyota HiAce 1989-2026  MPV   2XXL-545 || 6230: Toyota HiAce 1995-2012  MPV   2XL-200
72294,2,MULTI,6229/6230,2XL-200/2XXL-545,非皮卡,Toyota,HiAce,2007,,MPV,,,2XXL-545,6229: Toyota HiAce 1989-2026  MPV   2XXL-545 || 6230: Toyota HiAce 1995-2012  MPV   2XL-200
72295,2,MULTI,6229/6230,2XL-200/2XXL-545,非皮卡,Toyota,HiAce,2008,,MPV,,,2XL-200,6229: Toyota HiAce 1989-2026  MPV   2XXL-545 || 6230: Toyota HiAce 1995-2012  MPV   2XL-200
72299,2,MULTI,6229/6230,2XL-200/2XXL-545,非皮卡,Toyota,HiAce,2008,,MPV,,,2XXL-545,6229: Toyota HiAce 1989-2026  MPV   2XXL-545 || 6230: Toyota HiAce 1995-2012  MPV   2XL-200
72300,2,MULTI,6229/6230,2XL-200/2XXL-545,非皮卡,Toyota,HiAce,2009,,MPV,,,2XL-200,6229: Toyota HiAce 1989-2026  MPV   2XXL-545 || 6230: Toyota HiAce 1995-2012  MPV   2XL-200
72304,2,MULTI,6229/6230,2XL-200/2XXL-545,非皮卡,Toyota,HiAce,2009,,MPV,,,2XXL-545,6229: Toyota HiAce 1989-2026  MPV   2XXL-545 || 6230: Toyota HiAce 1995-2012  MPV   2XL-200
72305,2,MULTI,6229/6230,2XL-200/2XXL-545,非皮卡,Toyota,HiAce,2010,,MPV,,,2XL-200,6229: Toyota HiAce 1989-2026  MPV   2XXL-545 || 6230: Toyota HiAce 1995-2012  MPV   2XL-200
72310,2,MULTI,6229/6230,2XL-200/2XXL-545,非皮卡,Toyota,HiAce,2010,,MPV,,,2XXL-545,6229: Toyota HiAce 1989-2026  MPV   2XXL-545 || 6230: Toyota HiAce 1995-2012  MPV   2XL-200
72311,2,MULTI,6229/6230,2XL-200/2XXL-545,非皮卡,Toyota,HiAce,2010,,MPV,,,2XXL-545,6229: Toyota HiAce 1989-2026  MPV   2XXL-545 || 6230: Toyota HiAce 1995-2012  MPV   2XL-200
72312,2,MULTI,6229/6230,2XL-200/2XXL-545,非皮卡,Toyota,HiAce,2011,,MPV,,,2XL-200,6229: Toyota HiAce 1989-2026  MPV   2XXL-545 || 6230: Toyota HiAce 1995-2012  MPV   2XL-200
72316,2,MULTI,6229/6230,2XL-200/2XXL-545,非皮卡,Toyota,HiAce,2011,,MPV,,,2XXL-545,6229: Toyota HiAce 1989-2026  MPV   2XXL-545 || 6230: Toyota HiAce 1995-2012  MPV   2XL-200
72317,2,MULTI,6229/6230,2XL-200/2XXL-545,非皮卡,Toyota,HiAce,2012,,MPV,,,2XL-200,6229: Toyota HiAce 1989-2026  MPV   2XXL-545 || 6230: Toyota HiAce 1995-2012  MPV   2XL-200
72321,2,MULTI,6229/6230,2XL-200/2XXL-545,非皮卡,Toyota,HiAce,2012,,MPV,,,2XXL-545,6229: Toyota HiAce 1989-2026  MPV   2XXL-545 || 6230: Toyota HiAce 1995-2012  MPV   2XL-200
72334,2,MULTI,6228/6232,2XL-200/2XXL-545,非皮卡,Toyota,HiAce,2019,,Van,,,2XL-200,6228: Toyota HiAce 1982-2026  Van   2XL-200 || 6232: Toyota HiAce 2019-2026  Van   2XXL-545
72337,2,MULTI,6228/6232,2XL-200/2XXL-545,非皮卡,Toyota,HiAce,2019,,Van,,,2XXL-545,6228: Toyota HiAce 1982-2026  Van   2XL-200 || 6232: Toyota HiAce 2019-2026  Van   2XXL-545
72338,2,MULTI,6228/6232,2XL-200/2XXL-545,非皮卡,Toyota,HiAce,2020,,Van,,,2XL-200,6228: Toyota HiAce 1982-2026  Van   2XL-200 || 6232: Toyota HiAce 2019-2026  Van   2XXL-545
72341,2,MULTI,6228/6232,2XL-200/2XXL-545,非皮卡,Toyota,HiAce,2020,,Van,,,2XXL-545,6228: Toyota HiAce 1982-2026  Van   2XL-200 || 6232: Toyota HiAce 2019-2026  Van   2XXL-545
72342,2,MULTI,6228/6232,2XL-200/2XXL-545,非皮卡,Toyota,HiAce,2021,,Van,,,2XL-200,6228: Toyota HiAce 1982-2026  Van   2XL-200 || 6232: Toyota HiAce 2019-2026  Van   2XXL-545
72345,2,MULTI,6228/6232,2XL-200/2XXL-545,非皮卡,Toyota,HiAce,2021,,Van,,,2XXL-545,6228: Toyota HiAce 1982-2026  Van   2XL-200 || 6232: Toyota HiAce 2019-2026  Van   2XXL-545
72346,2,MULTI,6228/6232,2XL-200/2XXL-545,非皮卡,Toyota,HiAce,2022,,Van,,,2XL-200,6228: Toyota HiAce 1982-2026  Van   2XL-200 || 6232: Toyota HiAce 2019-2026  Van   2XXL-545
72349,2,MULTI,6228/6232,2XL-200/2XXL-545,非皮卡,Toyota,HiAce,2022,,Van,,,2XXL-545,6228: Toyota HiAce 1982-2026  Van   2XL-200 || 6232: Toyota HiAce 2019-2026  Van   2XXL-545
72350,2,MULTI,6228/6232,2XL-200/2XXL-545,非皮卡,Toyota,HiAce,2023,,Van,,,2XL-200,6228: Toyota HiAce 1982-2026  Van   2XL-200 || 6232: Toyota HiAce 2019-2026  Van   2XXL-545
72353,2,MULTI,6228/6232,2XL-200/2XXL-545,非皮卡,Toyota,HiAce,2023,,Van,,,2XXL-545,6228: Toyota HiAce 1982-2026  Van   2XL-200 || 6232: Toyota HiAce 2019-2026  Van   2XXL-545
72354,2,MULTI,6228/6232,2XL-200/2XXL-545,非皮卡,Toyota,HiAce,2024,,Van,,,2XL-200,6228: Toyota HiAce 1982-2026  Van   2XL-200 || 6232: Toyota HiAce 2019-2026  Van   2XXL-545
72357,2,MULTI,6228/6232,2XL-200/2XXL-545,非皮卡,Toyota,HiAce,2024,,Van,,,2XXL-545,6228: Toyota HiAce 1982-2026  Van   2XL-200 || 6232: Toyota HiAce 2019-2026  Van   2XXL-545
72358,2,MULTI,6228/6232,2XL-200/2XXL-545,非皮卡,Toyota,HiAce,2025,,Van,,,2XL-200,6228: Toyota HiAce 1982-2026  Van   2XL-200 || 6232: Toyota HiAce 2019-2026  Van   2XXL-545
72361,2,MULTI,6228/6232,2XL-200/2XXL-545,非皮卡,Toyota,HiAce,2025,,Van,,,2XXL-545,6228: Toyota HiAce 1982-2026  Van   2XL-200 || 6232: Toyota HiAce 2019-2026  Van   2XXL-545
72362,2,MULTI,6228/6232,2XL-200/2XXL-545,非皮卡,Toyota,HiAce,2026,,Van,,,2XL-200,6228: Toyota HiAce 1982-2026  Van   2XL-200 || 6232: Toyota HiAce 2019-2026  Van   2XXL-545
72365,2,MULTI,6228/6232,2XL-200/2XXL-545,非皮卡,Toyota,HiAce,2026,,Van,,,2XXL-545,6228: Toyota HiAce 1982-2026  Van   2XL-200 || 6232: Toyota HiAce 2019-2026  Van   2XXL-545
72381,2,MULTI,6233/6234,YL/YXL,非皮卡,Toyota,Highlander,2013,,SUV,,,YL,6233: Toyota Highlander 2001-2013  SUV   YL || 6234: Toyota Highlander 2013-2026  SUV   YXL
72382,2,MULTI,6233/6234,YL/YXL,非皮卡,Toyota,Highlander,2013,,SUV,,,YXL,6233: Toyota Highlander 2001-2013  SUV   YL || 6234: Toyota Highlander 2013-2026  SUV   YXL
72409,2,MULTI,6235/6236,YL/YM+,非皮卡,Toyota,Hilux Surf,1991,,SUV,,,YL,6235: Toyota Hilux Surf 1984-1991  SUV   YM+ || 6236: Toyota Hilux Surf 1991-1995  SUV   YL
72410,2,MULTI,6235/6236,YL/YM+,非皮卡,Toyota,Hilux Surf,1991,,SUV,,,YM+,6235: Toyota Hilux Surf 1984-1991  SUV   YM+ || 6236: Toyota Hilux Surf 1991-1995  SUV   YL
72414,2,MULTI,6236/6237,YL/YM+,非皮卡,Toyota,Hilux Surf,1995,,SUV,,,YL,6236: Toyota Hilux Surf 1991-1995  SUV   YL || 6237: Toyota Hilux Surf 1995-2002  SUV   YM+
72415,2,MULTI,6236/6237,YL/YM+,非皮卡,Toyota,Hilux Surf,1995,,SUV,,,YM+,6236: Toyota Hilux Surf 1991-1995  SUV   YL || 6237: Toyota Hilux Surf 1995-2002  SUV   YM+
72423,2,MULTI,6237/6238,YL/YM+,非皮卡,Toyota,Hilux Surf,2002,,SUV,,,YL,6237: Toyota Hilux Surf 1995-2002  SUV   YM+ || 6238: Toyota Hilux Surf 2002-2009  SUV   YL
72424,2,MULTI,6237/6238,YL/YM+,非皮卡,Toyota,Hilux Surf,2002,,SUV,,,YM+,6237: Toyota Hilux Surf 1995-2002  SUV   YM+ || 6238: Toyota Hilux Surf 2002-2009  SUV   YL
72568,2,MULTI,6246/6247,YL/YS-410,非皮卡,Toyota,Land Cruiser,1980,,SUV,,,YL,6246: Toyota Land Cruiser 1960-1984  SUV   YS-410 || 6247: Toyota Land Cruiser 1980-1994  SUV   YL
72569,2,MULTI,6246/6247,YL/YS-410,非皮卡,Toyota,Land Cruiser,1980,,SUV,,,YS-410,6246: Toyota Land Cruiser 1960-1984  SUV   YS-410 || 6247: Toyota Land Cruiser 1980-1994  SUV   YL
72570,2,MULTI,6246/6247,YL/YS-410,非皮卡,Toyota,Land Cruiser,1981,,SUV,,,YL,6246: Toyota Land Cruiser 1960-1984  SUV   YS-410 || 6247: Toyota Land Cruiser 1980-1994  SUV   YL
72571,2,MULTI,6246/6247,YL/YS-410,非皮卡,Toyota,Land Cruiser,1981,,SUV,,,YS-410,6246: Toyota Land Cruiser 1960-1984  SUV   YS-410 || 6247: Toyota Land Cruiser 1980-1994  SUV   YL
72572,2,MULTI,6246/6247,YL/YS-410,非皮卡,Toyota,Land Cruiser,1982,,SUV,,,YL,6246: Toyota Land Cruiser 1960-1984  SUV   YS-410 || 6247: Toyota Land Cruiser 1980-1994  SUV   YL
72573,2,MULTI,6246/6247,YL/YS-410,非皮卡,Toyota,Land Cruiser,1982,,SUV,,,YS-410,6246: Toyota Land Cruiser 1960-1984  SUV   YS-410 || 6247: Toyota Land Cruiser 1980-1994  SUV   YL
72574,2,MULTI,6246/6247,YL/YS-410,非皮卡,Toyota,Land Cruiser,1983,,SUV,,,YL,6246: Toyota Land Cruiser 1960-1984  SUV   YS-410 || 6247: Toyota Land Cruiser 1980-1994  SUV   YL
72575,2,MULTI,6246/6247,YL/YS-410,非皮卡,Toyota,Land Cruiser,1983,,SUV,,,YS-410,6246: Toyota Land Cruiser 1960-1984  SUV   YS-410 || 6247: Toyota Land Cruiser 1980-1994  SUV   YL
72576,2,MULTI,6246/6247,YL/YS-410,非皮卡,Toyota,Land Cruiser,1984,,SUV,,,YL,6246: Toyota Land Cruiser 1960-1984  SUV   YS-410 || 6247: Toyota Land Cruiser 1980-1994  SUV   YL
72578,2,MULTI,6246/6247,YL/YS-410,非皮卡,Toyota,Land Cruiser,1984,,SUV,,,YS-410,6246: Toyota Land Cruiser 1960-1984  SUV   YS-410 || 6247: Toyota Land Cruiser 1980-1994  SUV   YL
72858,2,MULTI,6257/6258,YL/YXL,非皮卡,Toyota,Land Cruiser Prado,2017,Arctic Trucks,SUV,,,YL,6257: Toyota Land Cruiser Prado 2013-2017 Arctic Trucks SUV   YL || 6258: Toyota Land Cruiser Prado 2017-2020 Arctic Trucks SUV   YXL
72862,2,MULTI,6257/6258,YL/YXL,非皮卡,Toyota,Land Cruiser Prado,2017,Arctic Trucks,SUV,,,YXL,6257: Toyota Land Cruiser Prado 2013-2017 Arctic Trucks SUV   YL || 6258: Toyota Land Cruiser Prado 2017-2020 Arctic Trucks SUV   YXL
72922,2,MULTI,6260/6262,2L-200/2M,非皮卡,Toyota,Lite Ace,1985,,MPV,,,2L-200,6260: Toyota Lite Ace 1979-1985  MPV   2M || 6262: Toyota Lite Ace 1985-1992  MPV   2L-200
72923,2,MULTI,6261/6263,2L-200/2M,非皮卡,Toyota,Lite Ace,1985,,Van,,,2L-200,6261: Toyota Lite Ace 1979-1985  Van   2M || 6263: Toyota Lite Ace 1985-1992  Van   2L-200
72924,2,MULTI,6260/6262,2L-200/2M,非皮卡,Toyota,Lite Ace,1985,,MPV,,,2M,6260: Toyota Lite Ace 1979-1985  MPV   2M || 6262: Toyota Lite Ace 1985-1992  MPV   2L-200
72925,2,MULTI,6261/6263,2L-200/2M,非皮卡,Toyota,Lite Ace,1985,,Van,,,2M,6261: Toyota Lite Ace 1979-1985  Van   2M || 6263: Toyota Lite Ace 1985-1992  Van   2L-200
72938,2,MULTI,6263/6264,2L+/2L-200,非皮卡,Toyota,Lite Ace,1992,,Van,,,2L+,6263: Toyota Lite Ace 1985-1992  Van   2L-200 || 6264: Toyota Lite Ace 1992-1996  Van   2L+
72939,2,MULTI,6262/6265,2L-200/2XL-200,非皮卡,Toyota,Lite Ace,1992,,MPV,,,2L-200,6262: Toyota Lite Ace 1985-1992  MPV   2L-200 || 6265: Toyota Lite Ace 1992-2007  MPV   2XL-200
72940,2,MULTI,6263/6264,2L+/2L-200,非皮卡,Toyota,Lite Ace,1992,,Van,,,2L-200,6263: Toyota Lite Ace 1985-1992  Van   2L-200 || 6264: Toyota Lite Ace 1992-1996  Van   2L+
72941,2,MULTI,6262/6265,2L-200/2XL-200,非皮卡,Toyota,Lite Ace,1992,,MPV,,,2XL-200,6262: Toyota Lite Ace 1985-1992  MPV   2L-200 || 6265: Toyota Lite Ace 1992-2007  MPV   2XL-200
73062,2,MULTI,6271/6274,3L/3M,非皮卡,Toyota,Mark II,1980,,Sedan,,,3L,6271: Toyota Mark II 1972-1980  Sedan   3M || 6274: Toyota Mark II 1980-1997  Sedan   3L
73064,2,MULTI,6271/6274,3L/3M,非皮卡,Toyota,Mark II,1980,,Sedan,,,3M,6271: Toyota Mark II 1972-1980  Sedan   3M || 6274: Toyota Mark II 1980-1997  Sedan   3L
73094,2,MULTI,6274/6275,3L/3XL,非皮卡,Toyota,Mark II,1992,,Sedan,,,3L,6274: Toyota Mark II 1980-1997  Sedan   3L || 6275: Toyota Mark II 1992-2007  Sedan   3XL
73095,2,MULTI,6274/6275,3L/3XL,非皮卡,Toyota,Mark II,1992,,Sedan,,,3L,6274: Toyota Mark II 1980-1997  Sedan   3L || 6275: Toyota Mark II 1992-2007  Sedan   3XL
73096,2,MULTI,6274/6275,3L/3XL,非皮卡,Toyota,Mark II,1992,,Sedan,,,3XL,6274: Toyota Mark II 1980-1997  Sedan   3L || 6275: Toyota Mark II 1992-2007  Sedan   3XL
73098,2,MULTI,6274/6275,3L/3XL,非皮卡,Toyota,Mark II,1993,,Sedan,,,3L,6274: Toyota Mark II 1980-1997  Sedan   3L || 6275: Toyota Mark II 1992-2007  Sedan   3XL
73099,2,MULTI,6274/6275,3L/3XL,非皮卡,Toyota,Mark II,1993,,Sedan,,,3L,6274: Toyota Mark II 1980-1997  Sedan   3L || 6275: Toyota Mark II 1992-2007  Sedan   3XL
73100,2,MULTI,6274/6275,3L/3XL,非皮卡,Toyota,Mark II,1993,,Sedan,,,3XL,6274: Toyota Mark II 1980-1997  Sedan   3L || 6275: Toyota Mark II 1992-2007  Sedan   3XL
73102,2,MULTI,6274/6275,3L/3XL,非皮卡,Toyota,Mark II,1994,,Sedan,,,3L,6274: Toyota Mark II 1980-1997  Sedan   3L || 6275: Toyota Mark II 1992-2007  Sedan   3XL
73103,2,MULTI,6274/6275,3L/3XL,非皮卡,Toyota,Mark II,1994,,Sedan,,,3L,6274: Toyota Mark II 1980-1997  Sedan   3L || 6275: Toyota Mark II 1992-2007  Sedan   3XL
73104,2,MULTI,6274/6275,3L/3XL,非皮卡,Toyota,Mark II,1994,,Sedan,,,3XL,6274: Toyota Mark II 1980-1997  Sedan   3L || 6275: Toyota Mark II 1992-2007  Sedan   3XL
73106,2,MULTI,6274/6275,3L/3XL,非皮卡,Toyota,Mark II,1995,,Sedan,,,3L,6274: Toyota Mark II 1980-1997  Sedan   3L || 6275: Toyota Mark II 1992-2007  Sedan   3XL
73107,2,MULTI,6274/6275,3L/3XL,非皮卡,Toyota,Mark II,1995,,Sedan,,,3L,6274: Toyota Mark II 1980-1997  Sedan   3L || 6275: Toyota Mark II 1992-2007  Sedan   3XL
73108,2,MULTI,6274/6275,3L/3XL,非皮卡,Toyota,Mark II,1995,,Sedan,,,3XL,6274: Toyota Mark II 1980-1997  Sedan   3L || 6275: Toyota Mark II 1992-2007  Sedan   3XL
73111,2,MULTI,6274/6275,3L/3XL,非皮卡,Toyota,Mark II,1996,,Sedan,,,3L,6274: Toyota Mark II 1980-1997  Sedan   3L || 6275: Toyota Mark II 1992-2007  Sedan   3XL
73112,2,MULTI,6274/6275,3L/3XL,非皮卡,Toyota,Mark II,1996,,Sedan,,,3L,6274: Toyota Mark II 1980-1997  Sedan   3L || 6275: Toyota Mark II 1992-2007  Sedan   3XL
73113,2,MULTI,6274/6275,3L/3XL,非皮卡,Toyota,Mark II,1996,,Sedan,,,3XL,6274: Toyota Mark II 1980-1997  Sedan   3L || 6275: Toyota Mark II 1992-2007  Sedan   3XL
73114,2,MULTI,6274/6275,3L/3XL,非皮卡,Toyota,Mark II,1996,,Sedan,,,3XL,6274: Toyota Mark II 1980-1997  Sedan   3L || 6275: Toyota Mark II 1992-2007  Sedan   3XL
73117,2,MULTI,6274/6275,3L/3XL,非皮卡,Toyota,Mark II,1997,,Sedan,,,3L,6274: Toyota Mark II 1980-1997  Sedan   3L || 6275: Toyota Mark II 1992-2007  Sedan   3XL
73118,2,MULTI,6274/6275,3L/3XL,非皮卡,Toyota,Mark II,1997,,Sedan,,,3XL,6274: Toyota Mark II 1980-1997  Sedan   3L || 6275: Toyota Mark II 1992-2007  Sedan   3XL
73479,2,MULTI,6301/6303,3L/3M,非皮卡,Toyota,Prius,2015,,Liftback,,,3L,6301: Toyota Prius 2003-2016  Liftback   3M || 6303: Toyota Prius 2015-2026  Liftback   3L
73481,2,MULTI,6301/6303,3L/3M,非皮卡,Toyota,Prius,2015,,Liftback,,,3M,6301: Toyota Prius 2003-2016  Liftback   3M || 6303: Toyota Prius 2015-2026  Liftback   3L
73483,2,MULTI,6301/6303,3L/3M,非皮卡,Toyota,Prius,2016,,Liftback,,,3L,6301: Toyota Prius 2003-2016  Liftback   3M || 6303: Toyota Prius 2015-2026  Liftback   3L
73485,2,MULTI,6301/6303,3L/3M,非皮卡,Toyota,Prius,2016,,Liftback,,,3M,6301: Toyota Prius 2003-2016  Liftback   3M || 6303: Toyota Prius 2015-2026  Liftback   3L
73682,2,MULTI,6317/6318,YL/YM+,非皮卡,Toyota,RAV4,2015,,SUV,,,YL,6317: Toyota RAV4 2005-2016  SUV   YM+ || 6318: Toyota RAV4 2015-2019  SUV   YL
73684,2,MULTI,6317/6318,YL/YM+,非皮卡,Toyota,RAV4,2015,,SUV,,,YM+,6317: Toyota RAV4 2005-2016  SUV   YM+ || 6318: Toyota RAV4 2015-2019  SUV   YL
73685,2,MULTI,6317/6318,YL/YM+,非皮卡,Toyota,RAV4,2015,,SUV,,,YM+,6317: Toyota RAV4 2005-2016  SUV   YM+ || 6318: Toyota RAV4 2015-2019  SUV   YL
73686,2,MULTI,6317/6318,YL/YM+,非皮卡,Toyota,RAV4,2016,,SUV,,,YL,6317: Toyota RAV4 2005-2016  SUV   YM+ || 6318: Toyota RAV4 2015-2019  SUV   YL
73688,2,MULTI,6317/6318,YL/YM+,非皮卡,Toyota,RAV4,2016,,SUV,,,YM+,6317: Toyota RAV4 2005-2016  SUV   YM+ || 6318: Toyota RAV4 2015-2019  SUV   YL
73690,2,MULTI,6318/6319,YL/YM+,非皮卡,Toyota,RAV4,2018,,SUV,,,YL,6318: Toyota RAV4 2015-2019  SUV   YL || 6319: Toyota RAV4 2018-2026  SUV   YM+
73691,2,MULTI,6318/6319,YL/YM+,非皮卡,Toyota,RAV4,2018,,SUV,,,YM+,6318: Toyota RAV4 2015-2019  SUV   YL || 6319: Toyota RAV4 2018-2026  SUV   YM+
73692,2,MULTI,6318/6319,YL/YM+,非皮卡,Toyota,RAV4,2019,,SUV,,,YL,6318: Toyota RAV4 2015-2019  SUV   YL || 6319: Toyota RAV4 2018-2026  SUV   YM+
73693,2,MULTI,6318/6319,YL/YM+,非皮卡,Toyota,RAV4,2019,,SUV,,,YM+,6318: Toyota RAV4 2015-2019  SUV   YL || 6319: Toyota RAV4 2018-2026  SUV   YM+
73699,2,MULTI,6319/6320,YL/YM+,非皮卡,Toyota,RAV4,2025,,SUV,,,YL,6319: Toyota RAV4 2018-2026  SUV   YM+ || 6320: Toyota RAV4 2025-2026  SUV   YL
73700,2,MULTI,6319/6320,YL/YM+,非皮卡,Toyota,RAV4,2025,,SUV,,,YM+,6319: Toyota RAV4 2018-2026  SUV   YM+ || 6320: Toyota RAV4 2025-2026  SUV   YL
73701,2,MULTI,6319/6320,YL/YM+,非皮卡,Toyota,RAV4,2026,,SUV,,,YL,6319: Toyota RAV4 2018-2026  SUV   YM+ || 6320: Toyota RAV4 2025-2026  SUV   YL
73702,2,MULTI,6319/6320,YL/YM+,非皮卡,Toyota,RAV4,2026,,SUV,,,YM+,6319: Toyota RAV4 2018-2026  SUV   YM+ || 6320: Toyota RAV4 2025-2026  SUV   YL
73742,2,MULTI,6324/6325,2XL-200/2XXL-525,非皮卡,Toyota,Regius,1999,,MPV,,,2XL-200,6324: Toyota Regius 1997-1999  MPV   2XXL-525 || 6325: Toyota Regius 1999-2002  MPV   2XL-200
73743,2,MULTI,6324/6325,2XL-200/2XXL-525,非皮卡,Toyota,Regius,1999,,MPV,,,2XXL-525,6324: Toyota Regius 1997-1999  MPV   2XXL-525 || 6325: Toyota Regius 1999-2002  MPV   2XL-200
73752,2,MULTI,6326/6327,2XL-200/无可用尺码,非皮卡,Toyota,Regius Ace,2004,,MPV,,,2XL-200,6326: Toyota Regius Ace 1999-2004  MPV   2XL-200 || 6327: Toyota Regius Ace 2004-2020  MPV   无可用尺码
73753,2,MULTI,6326/6327,2XL-200/无可用尺码,非皮卡,Toyota,Regius Ace,2004,,MPV,,,无可用尺码,6326: Toyota Regius Ace 1999-2004  MPV   2XL-200 || 6327: Toyota Regius Ace 2004-2020  MPV   无可用尺码
73877,2,MULTI,6336/6337,YXXL/YXXL-545,非皮卡,Toyota,Sequoia,2022,,SUV,,,YXXL,6336: Toyota Sequoia 2000-2022  SUV   YXXL || 6337: Toyota Sequoia 2022-2026  SUV   YXXL-545
73878,2,MULTI,6336/6337,YXXL/YXXL-545,非皮卡,Toyota,Sequoia,2022,,SUV,,,YXXL-545,6336: Toyota Sequoia 2000-2022  SUV   YXXL || 6337: Toyota Sequoia 2022-2026  SUV   YXXL-545
73903,2,MULTI,6340/6341,2XL+/2XXL-525,非皮卡,Toyota,Sienna,2005,,MPV,,,2XL+,6340: Toyota Sienna 1997-2005  MPV   2XL+ || 6341: Toyota Sienna 2005-2026  MPV   2XXL-525
73904,2,MULTI,6340/6341,2XL+/2XXL-525,非皮卡,Toyota,Sienna,2005,,MPV,,,2XXL-525,6340: Toyota Sienna 1997-2005  MPV   2XL+ || 6341: Toyota Sienna 2005-2026  MPV   2XXL-525
73943,2,MULTI,6342/6343,2L+/2M,非皮卡,Toyota,Sienta,2015,,MPV,,,2L+,6342: Toyota Sienta 2003-2015  MPV   2M || 6343: Toyota Sienta 2015-2026  MPV   2L+
73944,2,MULTI,6342/6343,2L+/2M,非皮卡,Toyota,Sienta,2015,,MPV,,,2M,6342: Toyota Sienta 2003-2015  MPV   2M || 6343: Toyota Sienta 2015-2026  MPV   2L+
73968,2,MULTI,6344/6345,3L-0/3XL-0,非皮卡,Toyota,Soarer,1991,,Coupe,,,3L-0,6344: Toyota Soarer 1981-1991  Coupe   3L-0 || 6345: Toyota Soarer 1991-2001  Coupe   3XL-0
73969,2,MULTI,6344/6345,3L-0/3XL-0,非皮卡,Toyota,Soarer,1991,,Coupe,,,3XL-0,6344: Toyota Soarer 1981-1991  Coupe   3L-0 || 6345: Toyota Soarer 1991-2001  Coupe   3XL-0
74034,2,MULTI,6351/6353,3M/3S,非皮卡,Toyota,Sprinter,1987,,Sedan,,,3M,6351: Toyota Sprinter 1974-1987  Sedan   3S || 6353: Toyota Sprinter 1987-2002  Sedan   3M
74035,2,MULTI,6351/6353,3M/3S,非皮卡,Toyota,Sprinter,1987,,Sedan,,,3S,6351: Toyota Sprinter 1974-1987  Sedan   3S || 6353: Toyota Sprinter 1987-2002  Sedan   3M
74242,2,MULTI,6367/6368,3M/3S,非皮卡,Toyota,Tercel,1986,,Sedan,,,3M,6367: Toyota Tercel 1982-1988  Sedan   3S || 6368: Toyota Tercel 1986-1990  Sedan   3M
74243,2,MULTI,6367/6368,3M/3S,非皮卡,Toyota,Tercel,1986,,Sedan,,,3S,6367: Toyota Tercel 1982-1988  Sedan   3S || 6368: Toyota Tercel 1986-1990  Sedan   3M
74248,2,MULTI,6367/6368,3M/3S,非皮卡,Toyota,Tercel,1987,,Sedan,,,3M,6367: Toyota Tercel 1982-1988  Sedan   3S || 6368: Toyota Tercel 1986-1990  Sedan   3M
74249,2,MULTI,6367/6368,3M/3S,非皮卡,Toyota,Tercel,1987,,Sedan,,,3S,6367: Toyota Tercel 1982-1988  Sedan   3S || 6368: Toyota Tercel 1986-1990  Sedan   3M
74254,2,MULTI,6367/6368,3M/3S,非皮卡,Toyota,Tercel,1988,,Sedan,,,3M,6367: Toyota Tercel 1982-1988  Sedan   3S || 6368: Toyota Tercel 1986-1990  Sedan   3M
74255,2,MULTI,6367/6368,3M/3S,非皮卡,Toyota,Tercel,1988,,Sedan,,,3S,6367: Toyota Tercel 1982-1988  Sedan   3S || 6368: Toyota Tercel 1986-1990  Sedan   3M
74309,2,MULTI,6372/6373,2M/2XL,非皮卡,Toyota,Town Ace,1982,,MPV,,,2M,6372: Toyota Town Ace 1976-1982  MPV   2M || 6373: Toyota Town Ace 1982-1985  MPV   2XL
74310,2,MULTI,6372/6373,2M/2XL,非皮卡,Toyota,Town Ace,1982,,MPV,,,2XL,6372: Toyota Town Ace 1976-1982  MPV   2M || 6373: Toyota Town Ace 1982-1985  MPV   2XL
74313,2,MULTI,6373/6374,2L+/2XL,非皮卡,Toyota,Town Ace,1985,,MPV,,,2L+,6373: Toyota Town Ace 1982-1985  MPV   2XL || 6374: Toyota Town Ace 1985-1988  MPV   2L+
74314,2,MULTI,6373/6374,2L+/2XL,非皮卡,Toyota,Town Ace,1985,,MPV,,,2XL,6373: Toyota Town Ace 1982-1985  MPV   2XL || 6374: Toyota Town Ace 1985-1988  MPV   2L+
74317,2,MULTI,6374/6375,2L+/2XL-200,非皮卡,Toyota,Town Ace,1988,,MPV,,,2L+,6374: Toyota Town Ace 1985-1988  MPV   2L+ || 6375: Toyota Town Ace 1988-1991  MPV   2XL-200
74318,2,MULTI,6374/6375,2L+/2XL-200,非皮卡,Toyota,Town Ace,1988,,MPV,,,2XL-200,6374: Toyota Town Ace 1985-1988  MPV   2L+ || 6375: Toyota Town Ace 1988-1991  MPV   2XL-200
74330,2,MULTI,6376/6378,2L+/2XL,非皮卡,Toyota,Town Ace,1996,,Van,,,2L+,6376: Toyota Town Ace 1992-1996  Van   2L+ || 6378: Toyota Town Ace 1996-2007  Van   2XL
74333,2,MULTI,6376/6378,2L+/2XL,非皮卡,Toyota,Town Ace,1996,,Van,,,2XL,6376: Toyota Town Ace 1992-1996  Van   2L+ || 6378: Toyota Town Ace 1996-2007  Van   2XL
74365,2,MULTI,6377/6380,2L-200/2XL,非皮卡,Toyota,Town Ace,2007,,MPV,,,2L-200,6377: Toyota Town Ace 1992-2007  MPV   2XL || 6380: Toyota Town Ace 2007-2020  MPV   2L-200
74366,2,MULTI,6377/6380,2L-200/2XL,非皮卡,Toyota,Town Ace,2007,,MPV,,,2XL,6377: Toyota Town Ace 1992-2007  MPV   2XL || 6380: Toyota Town Ace 2007-2020  MPV   2L-200
74440,2,MULTI,6387/6388,YL/YXL,非皮卡,Toyota,Venza,2012,,SUV,,,YL,6387: Toyota Venza 2008-2012  SUV   YL || 6388: Toyota Venza 2012-2017  SUV   YXL
74441,2,MULTI,6387/6388,YL/YXL,非皮卡,Toyota,Venza,2012,,SUV,,,YXL,6387: Toyota Venza 2008-2012  SUV   YL || 6388: Toyota Venza 2012-2017  SUV   YXL
74513,2,MULTI,6395/6396,3L/3M,非皮卡,Toyota,Vista,1986,,Sedan,,,3L,6395: Toyota Vista 1982-1986  Sedan   3M || 6396: Toyota Vista 1986-2003  Sedan   3L
74514,2,MULTI,6395/6396,3L/3M,非皮卡,Toyota,Vista,1986,,Sedan,,,3M,6395: Toyota Vista 1982-1986  Sedan   3M || 6396: Toyota Vista 1986-2003  Sedan   3L
74626,2,MULTI,6405/6406,2M/2S,非皮卡,Toyota,Wigo,2017,,Hatchback,,,2M,6405: Toyota Wigo 2014-2017  Hatchback   2S || 6406: Toyota Wigo 2017-2026  Hatchback   2M
74627,2,MULTI,6405/6406,2M/2S,非皮卡,Toyota,Wigo,2017,,Hatchback,,,2S,6405: Toyota Wigo 2014-2017  Hatchback   2S || 6406: Toyota Wigo 2017-2026  Hatchback   2M
74643,2,MULTI,6407/6408,YL/YM+,非皮卡,Toyota,Wildlander,2025,,SUV,,,YL,6407: Toyota Wildlander 2020-2025  SUV   YL || 6408: Toyota Wildlander 2025-2026  SUV   YM+
74644,2,MULTI,6407/6408,YL/YM+,非皮卡,Toyota,Wildlander,2025,,SUV,,,YM+,6407: Toyota Wildlander 2020-2025  SUV   YL || 6408: Toyota Wildlander 2025-2026  SUV   YM+
74728,2,MULTI,6411/6414,2L+/2M,非皮卡,Toyota,Yaris,2016,,Hatchback,,,2L+,6411: Toyota Yaris 1999-2020  Hatchback   2M || 6414: Toyota Yaris 2016-2021  Hatchback   2L+
74731,2,MULTI,6411/6414,2L+/2M,非皮卡,Toyota,Yaris,2016,,Hatchback,,,2M,6411: Toyota Yaris 1999-2020  Hatchback   2M || 6414: Toyota Yaris 2016-2021  Hatchback   2L+
74732,2,MULTI,6411/6414,2L+/2M,非皮卡,Toyota,Yaris,2016,,Hatchback,,,2M,6411: Toyota Yaris 1999-2020  Hatchback   2M || 6414: Toyota Yaris 2016-2021  Hatchback   2L+
74733,2,MULTI,6411/6414,2L+/2M,非皮卡,Toyota,Yaris,2016,,Hatchback,,,2M,6411: Toyota Yaris 1999-2020  Hatchback   2M || 6414: Toyota Yaris 2016-2021  Hatchback   2L+
74737,2,MULTI,6411/6414,2L+/2M,非皮卡,Toyota,Yaris,2017,,Hatchback,,,2L+,6411: Toyota Yaris 1999-2020  Hatchback   2M || 6414: Toyota Yaris 2016-2021  Hatchback   2L+
74740,2,MULTI,6411/6414,2L+/2M,非皮卡,Toyota,Yaris,2017,,Hatchback,,,2M,6411: Toyota Yaris 1999-2020  Hatchback   2M || 6414: Toyota Yaris 2016-2021  Hatchback   2L+
74741,2,MULTI,6411/6414,2L+/2M,非皮卡,Toyota,Yaris,2017,,Hatchback,,,2M,6411: Toyota Yaris 1999-2020  Hatchback   2M || 6414: Toyota Yaris 2016-2021  Hatchback   2L+
74742,2,MULTI,6411/6414,2L+/2M,非皮卡,Toyota,Yaris,2017,,Hatchback,,,2M,6411: Toyota Yaris 1999-2020  Hatchback   2M || 6414: Toyota Yaris 2016-2021  Hatchback   2L+
74743,2,MULTI,6411/6414,2L+/2M,非皮卡,Toyota,Yaris,2017,,Hatchback,,,2M,6411: Toyota Yaris 1999-2020  Hatchback   2M || 6414: Toyota Yaris 2016-2021  Hatchback   2L+
74747,2,MULTI,6411/6414,2L+/2M,非皮卡,Toyota,Yaris,2018,,Hatchback,,,2L+,6411: Toyota Yaris 1999-2020  Hatchback   2M || 6414: Toyota Yaris 2016-2021  Hatchback   2L+
74750,2,MULTI,6411/6414,2L+/2M,非皮卡,Toyota,Yaris,2018,,Hatchback,,,2M,6411: Toyota Yaris 1999-2020  Hatchback   2M || 6414: Toyota Yaris 2016-2021  Hatchback   2L+
74751,2,MULTI,6411/6414,2L+/2M,非皮卡,Toyota,Yaris,2018,,Hatchback,,,2M,6411: Toyota Yaris 1999-2020  Hatchback   2M || 6414: Toyota Yaris 2016-2021  Hatchback   2L+
74754,2,MULTI,6411/6414,2L+/2M,非皮卡,Toyota,Yaris,2019,,Hatchback,,,2L+,6411: Toyota Yaris 1999-2020  Hatchback   2M || 6414: Toyota Yaris 2016-2021  Hatchback   2L+
74757,2,MULTI,6411/6414,2L+/2M,非皮卡,Toyota,Yaris,2019,,Hatchback,,,2M,6411: Toyota Yaris 1999-2020  Hatchback   2M || 6414: Toyota Yaris 2016-2021  Hatchback   2L+
74758,2,MULTI,6411/6414,2L+/2M,非皮卡,Toyota,Yaris,2019,,Hatchback,,,2M,6411: Toyota Yaris 1999-2020  Hatchback   2M || 6414: Toyota Yaris 2016-2021  Hatchback   2L+
74761,3,MULTI,6411/6414/6417,2L+/2M/2S,非皮卡,Toyota,Yaris,2020,,Hatchback,,,2L+,6411: Toyota Yaris 1999-2020  Hatchback   2M || 6414: Toyota Yaris 2016-2021  Hatchback   2L+ || 6417: Toyota Yaris 2020-2026  Hatchback   2S
74764,3,MULTI,6411/6414/6417,2L+/2M/2S,非皮卡,Toyota,Yaris,2020,,Hatchback,,,2M,6411: Toyota Yaris 1999-2020  Hatchback   2M || 6414: Toyota Yaris 2016-2021  Hatchback   2L+ || 6417: Toyota Yaris 2020-2026  Hatchback   2S
74765,3,MULTI,6411/6414/6417,2L+/2M/2S,非皮卡,Toyota,Yaris,2020,,Hatchback,,,2M,6411: Toyota Yaris 1999-2020  Hatchback   2M || 6414: Toyota Yaris 2016-2021  Hatchback   2L+ || 6417: Toyota Yaris 2020-2026  Hatchback   2S
74767,3,MULTI,6411/6414/6417,2L+/2M/2S,非皮卡,Toyota,Yaris,2020,,Hatchback,,,2S,6411: Toyota Yaris 1999-2020  Hatchback   2M || 6414: Toyota Yaris 2016-2021  Hatchback   2L+ || 6417: Toyota Yaris 2020-2026  Hatchback   2S
74771,2,MULTI,6414/6417,2L+/2S,非皮卡,Toyota,Yaris,2021,,Hatchback,,,2L+,6414: Toyota Yaris 2016-2021  Hatchback   2L+ || 6417: Toyota Yaris 2020-2026  Hatchback   2S
74775,2,MULTI,6414/6417,2L+/2S,非皮卡,Toyota,Yaris,2021,,Hatchback,,,2S,6414: Toyota Yaris 2016-2021  Hatchback   2L+ || 6417: Toyota Yaris 2020-2026  Hatchback   2S
74786,2,MULTI,6417/6419,2M/2S,非皮卡,Toyota,Yaris,2024,,Hatchback,,,2M,6417: Toyota Yaris 2020-2026  Hatchback   2S || 6419: Toyota Yaris 2024-2026  Hatchback   2M
74789,2,MULTI,6417/6419,2M/2S,非皮卡,Toyota,Yaris,2024,,Hatchback,,,2S,6417: Toyota Yaris 2020-2026  Hatchback   2S || 6419: Toyota Yaris 2024-2026  Hatchback   2M
74792,2,MULTI,6417/6419,2M/2S,非皮卡,Toyota,Yaris,2025,,Hatchback,,,2M,6417: Toyota Yaris 2020-2026  Hatchback   2S || 6419: Toyota Yaris 2024-2026  Hatchback   2M
74795,2,MULTI,6417/6419,2M/2S,非皮卡,Toyota,Yaris,2025,,Hatchback,,,2S,6417: Toyota Yaris 2020-2026  Hatchback   2S || 6419: Toyota Yaris 2024-2026  Hatchback   2M
74798,2,MULTI,6417/6419,2M/2S,非皮卡,Toyota,Yaris,2026,,Hatchback,,,2M,6417: Toyota Yaris 2020-2026  Hatchback   2S || 6419: Toyota Yaris 2024-2026  Hatchback   2M
74801,2,MULTI,6417/6419,2M/2S,非皮卡,Toyota,Yaris,2026,,Hatchback,,,2S,6417: Toyota Yaris 2020-2026  Hatchback   2S || 6419: Toyota Yaris 2024-2026  Hatchback   2M
75235,2,MULTI,6466/6467,3M-0/3S-0,非皮卡,Vauxhall,Astra,1991,,Convertible,,,3M-0,6466: Vauxhall Astra 1984-1993  Convertible   3S-0 || 6467: Vauxhall Astra 1991-2001  Convertible   3M-0
75236,2,MULTI,6466/6467,3M-0/3S-0,非皮卡,Vauxhall,Astra,1991,,Convertible,,,3S-0,6466: Vauxhall Astra 1984-1993  Convertible   3S-0 || 6467: Vauxhall Astra 1991-2001  Convertible   3M-0
75241,2,MULTI,6466/6467,3M-0/3S-0,非皮卡,Vauxhall,Astra,1992,,Convertible,,,3M-0,6466: Vauxhall Astra 1984-1993  Convertible   3S-0 || 6467: Vauxhall Astra 1991-2001  Convertible   3M-0
75242,2,MULTI,6466/6467,3M-0/3S-0,非皮卡,Vauxhall,Astra,1992,,Convertible,,,3S-0,6466: Vauxhall Astra 1984-1993  Convertible   3S-0 || 6467: Vauxhall Astra 1991-2001  Convertible   3M-0
75247,2,MULTI,6466/6467,3M-0/3S-0,非皮卡,Vauxhall,Astra,1993,,Convertible,,,3M-0,6466: Vauxhall Astra 1984-1993  Convertible   3S-0 || 6467: Vauxhall Astra 1991-2001  Convertible   3M-0
75248,2,MULTI,6466/6467,3M-0/3S-0,非皮卡,Vauxhall,Astra,1993,,Convertible,,,3S-0,6466: Vauxhall Astra 1984-1993  Convertible   3S-0 || 6467: Vauxhall Astra 1991-2001  Convertible   3M-0
75313,2,MULTI,6468/6471,2L+/2XL,非皮卡,Vauxhall,Astra,2009,,Wagon,,,2L+,6468: Vauxhall Astra 1998-2010  Wagon   2L+ || 6471: Vauxhall Astra 2009-2015  Wagon   2XL
75314,2,MULTI,6468/6471,2L+/2XL,非皮卡,Vauxhall,Astra,2009,,Wagon,,,2XL,6468: Vauxhall Astra 1998-2010  Wagon   2L+ || 6471: Vauxhall Astra 2009-2015  Wagon   2XL
75320,2,MULTI,6468/6471,2L+/2XL,非皮卡,Vauxhall,Astra,2010,,Wagon,,,2L+,6468: Vauxhall Astra 1998-2010  Wagon   2L+ || 6471: Vauxhall Astra 2009-2015  Wagon   2XL
75321,2,MULTI,6468/6471,2L+/2XL,非皮卡,Vauxhall,Astra,2010,,Wagon,,,2XL,6468: Vauxhall Astra 1998-2010  Wagon   2L+ || 6471: Vauxhall Astra 2009-2015  Wagon   2XL
75548,2,MULTI,6485/6487,3XL/3XXL,非皮卡,Vauxhall,Insignia,2017,,Liftback,,,3XL,6485: Vauxhall Insignia 2008-2017  Liftback   3XL || 6487: Vauxhall Insignia 2017-2022  Liftback   3XXL
75549,2,MULTI,6485/6487,3XL/3XXL,非皮卡,Vauxhall,Insignia,2017,,Liftback,,,3XXL,6485: Vauxhall Insignia 2008-2017  Liftback   3XL || 6487: Vauxhall Insignia 2017-2022  Liftback   3XXL
75576,2,MULTI,6489/6490,2L+/2M,非皮卡,Vauxhall,Meriva,2010,,MPV,,,2L+,6489: Vauxhall Meriva 2003-2010  MPV   2M || 6490: Vauxhall Meriva 2010-2018  MPV   2L+
75577,2,MULTI,6489/6490,2L+/2M,非皮卡,Vauxhall,Meriva,2010,,MPV,,,2M,6489: Vauxhall Meriva 2003-2010  MPV   2M || 6490: Vauxhall Meriva 2010-2018  MPV   2L+
75616,2,MULTI,6493/6495,3XL/3XXL,非皮卡,Vauxhall,Omega,1999,,Sedan,,,3XL,6493: Vauxhall Omega 1994-1999  Sedan   3XL || 6495: Vauxhall Omega 1999-2003  Sedan   3XXL
75617,2,MULTI,6493/6495,3XL/3XXL,非皮卡,Vauxhall,Omega,1999,,Sedan,,,3XXL,6493: Vauxhall Omega 1994-1999  Sedan   3XL || 6495: Vauxhall Omega 1999-2003  Sedan   3XXL
75705,2,MULTI,6505/6506,3M/3S,非皮卡,Vauxhall,Velox,1951,,Sedan,,,3M,6505: Vauxhall Velox 1948-1951  Sedan   3S || 6506: Vauxhall Velox 1951-1962  Sedan   3M
75706,2,MULTI,6505/6506,3M/3S,非皮卡,Vauxhall,Velox,1951,,Sedan,,,3S,6505: Vauxhall Velox 1948-1951  Sedan   3S || 6506: Vauxhall Velox 1951-1962  Sedan   3M
75724,2,MULTI,6506/6508,3L/3M,非皮卡,Vauxhall,Velox,1962,,Sedan,,,3L,6506: Vauxhall Velox 1951-1962  Sedan   3M || 6508: Vauxhall Velox 1962-1965  Sedan   3L
75725,2,MULTI,6506/6508,3L/3M,非皮卡,Vauxhall,Velox,1962,,Sedan,,,3M,6506: Vauxhall Velox 1951-1962  Sedan   3M || 6508: Vauxhall Velox 1962-1965  Sedan   3L
75762,2,MULTI,6511/6513,2L+/2XL,非皮卡,Vauxhall,Victor,1972,,Wagon,,,2L+,6511: Vauxhall Victor 1963-1972  Wagon   2L+ || 6513: Vauxhall Victor 1972-1978  Wagon   2XL
75763,2,MULTI,6511/6513,2L+/2XL,非皮卡,Vauxhall,Victor,1972,,Wagon,,,2XL,6511: Vauxhall Victor 1963-1972  Wagon   2L+ || 6513: Vauxhall Victor 1972-1978  Wagon   2XL
75764,2,MULTI,6512/6514,3L/3M,非皮卡,Vauxhall,Victor,1972,,Sedan,,,3L,6512: Vauxhall Victor 1963-1972  Sedan   3M || 6514: Vauxhall Victor 1972-1978  Sedan   3L
75765,2,MULTI,6512/6514,3L/3M,非皮卡,Vauxhall,Victor,1972,,Sedan,,,3M,6512: Vauxhall Victor 1963-1972  Sedan   3M || 6514: Vauxhall Victor 1972-1978  Sedan   3L
75849,2,MULTI,6518/6519,2L+/2XL,非皮卡,Vauxhall,Zafira,2011,,MPV,,,2L+,6518: Vauxhall Zafira 1999-2014  MPV   2L+ || 6519: Vauxhall Zafira 2011-2018  MPV   2XL
75850,2,MULTI,6518/6519,2L+/2XL,非皮卡,Vauxhall,Zafira,2011,,MPV,,,2XL,6518: Vauxhall Zafira 1999-2014  MPV   2L+ || 6519: Vauxhall Zafira 2011-2018  MPV   2XL
75851,2,MULTI,6518/6519,2L+/2XL,非皮卡,Vauxhall,Zafira,2012,,MPV,,,2L+,6518: Vauxhall Zafira 1999-2014  MPV   2L+ || 6519: Vauxhall Zafira 2011-2018  MPV   2XL
75852,2,MULTI,6518/6519,2L+/2XL,非皮卡,Vauxhall,Zafira,2012,,MPV,,,2XL,6518: Vauxhall Zafira 1999-2014  MPV   2L+ || 6519: Vauxhall Zafira 2011-2018  MPV   2XL
75853,2,MULTI,6518/6519,2L+/2XL,非皮卡,Vauxhall,Zafira,2013,,MPV,,,2L+,6518: Vauxhall Zafira 1999-2014  MPV   2L+ || 6519: Vauxhall Zafira 2011-2018  MPV   2XL
75854,2,MULTI,6518/6519,2L+/2XL,非皮卡,Vauxhall,Zafira,2013,,MPV,,,2XL,6518: Vauxhall Zafira 1999-2014  MPV   2L+ || 6519: Vauxhall Zafira 2011-2018  MPV   2XL
75855,2,MULTI,6518/6519,2L+/2XL,非皮卡,Vauxhall,Zafira,2014,,MPV,,,2L+,6518: Vauxhall Zafira 1999-2014  MPV   2L+ || 6519: Vauxhall Zafira 2011-2018  MPV   2XL
75856,2,MULTI,6518/6519,2L+/2XL,非皮卡,Vauxhall,Zafira,2014,,MPV,,,2XL,6518: Vauxhall Zafira 1999-2014  MPV   2L+ || 6519: Vauxhall Zafira 2011-2018  MPV   2XL
76051,2,MULTI,6546/6547,YXL/YXXL,非皮卡,Volkswagen,Atlas,2026,,SUV,,,YXL,6546: Volkswagen Atlas 2017-2026  SUV   YXL || 6547: Volkswagen Atlas 2026  SUV   YXXL
76052,2,MULTI,6546/6547,YXL/YXXL,非皮卡,Volkswagen,Atlas,2026,,SUV,,,YXXL,6546: Volkswagen Atlas 2017-2026  SUV   YXL || 6547: Volkswagen Atlas 2026  SUV   YXXL
76259,2,MULTI,6557/6558,2XL-200/2XXL-525,非皮卡,Volkswagen,California,2003,,MPV,,,2XL-200,6557: Volkswagen California 1991-2003  MPV   2XL-200 || 6558: Volkswagen California 2003-2026  MPV   2XXL-525
76260,2,MULTI,6557/6558,2XL-200/2XXL-525,非皮卡,Volkswagen,California,2003,,MPV,,,2XXL-525,6557: Volkswagen California 1991-2003  MPV   2XL-200 || 6558: Volkswagen California 2003-2026  MPV   2XXL-525
76371,2,MULTI,6563/6564,2XXL-545/无可用尺码,非皮卡,Volkswagen,Caravelle,2024,Long,MPV,,,2XXL-545,6563: Volkswagen Caravelle 2015-2024 Long MPV   2XXL-545 || 6564: Volkswagen Caravelle 2024-2026 Long MPV   无可用尺码
76372,2,MULTI,6563/6564,2XXL-545/无可用尺码,非皮卡,Volkswagen,Caravelle,2024,Long,MPV,,,无可用尺码,6563: Volkswagen Caravelle 2015-2024 Long MPV   2XXL-545 || 6564: Volkswagen Caravelle 2024-2026 Long MPV   无可用尺码
76575,2,MULTI,6573/6578,2L+/2M,非皮卡,Volkswagen,Golf,1997,,Hatchback,,,2L+,6573: Volkswagen Golf 1974-2000  Hatchback   2M || 6578: Volkswagen Golf 1997-2012  Hatchback   2L+
76578,2,MULTI,6573/6578,2L+/2M,非皮卡,Volkswagen,Golf,1997,,Hatchback,,,2M,6573: Volkswagen Golf 1974-2000  Hatchback   2M || 6578: Volkswagen Golf 1997-2012  Hatchback   2L+
76581,2,MULTI,6573/6578,2L+/2M,非皮卡,Volkswagen,Golf,1998,,Hatchback,,,2L+,6573: Volkswagen Golf 1974-2000  Hatchback   2M || 6578: Volkswagen Golf 1997-2012  Hatchback   2L+
76584,2,MULTI,6573/6578,2L+/2M,非皮卡,Volkswagen,Golf,1998,,Hatchback,,,2M,6573: Volkswagen Golf 1974-2000  Hatchback   2M || 6578: Volkswagen Golf 1997-2012  Hatchback   2L+
76587,2,MULTI,6573/6578,2L+/2M,非皮卡,Volkswagen,Golf,1999,,Hatchback,,,2L+,6573: Volkswagen Golf 1974-2000  Hatchback   2M || 6578: Volkswagen Golf 1997-2012  Hatchback   2L+
76590,2,MULTI,6573/6578,2L+/2M,非皮卡,Volkswagen,Golf,1999,,Hatchback,,,2M,6573: Volkswagen Golf 1974-2000  Hatchback   2M || 6578: Volkswagen Golf 1997-2012  Hatchback   2L+
76593,2,MULTI,6573/6578,2L+/2M,非皮卡,Volkswagen,Golf,2000,,Hatchback,,,2L+,6573: Volkswagen Golf 1974-2000  Hatchback   2M || 6578: Volkswagen Golf 1997-2012  Hatchback   2L+
76596,2,MULTI,6573/6578,2L+/2M,非皮卡,Volkswagen,Golf,2000,,Hatchback,,,2M,6573: Volkswagen Golf 1974-2000  Hatchback   2M || 6578: Volkswagen Golf 1997-2012  Hatchback   2L+
76607,2,MULTI,6577/6579,2L+/2XL,非皮卡,Volkswagen,Golf,2003,,Wagon,,,2L+,6577: Volkswagen Golf 1991-2006  Wagon   2L+ || 6579: Volkswagen Golf 2003-2026  Wagon   2XL
76608,2,MULTI,6577/6579,2L+/2XL,非皮卡,Volkswagen,Golf,2003,,Wagon,,,2XL,6577: Volkswagen Golf 1991-2006  Wagon   2L+ || 6579: Volkswagen Golf 2003-2026  Wagon   2XL
76612,2,MULTI,6577/6579,2L+/2XL,非皮卡,Volkswagen,Golf,2004,,Wagon,,,2L+,6577: Volkswagen Golf 1991-2006  Wagon   2L+ || 6579: Volkswagen Golf 2003-2026  Wagon   2XL
76613,2,MULTI,6577/6579,2L+/2XL,非皮卡,Volkswagen,Golf,2004,,Wagon,,,2XL,6577: Volkswagen Golf 1991-2006  Wagon   2L+ || 6579: Volkswagen Golf 2003-2026  Wagon   2XL
76617,2,MULTI,6577/6579,2L+/2XL,非皮卡,Volkswagen,Golf,2005,,Wagon,,,2L+,6577: Volkswagen Golf 1991-2006  Wagon   2L+ || 6579: Volkswagen Golf 2003-2026  Wagon   2XL
76618,2,MULTI,6577/6579,2L+/2XL,非皮卡,Volkswagen,Golf,2005,,Wagon,,,2XL,6577: Volkswagen Golf 1991-2006  Wagon   2L+ || 6579: Volkswagen Golf 2003-2026  Wagon   2XL
76622,2,MULTI,6577/6579,2L+/2XL,非皮卡,Volkswagen,Golf,2006,,Wagon,,,2L+,6577: Volkswagen Golf 1991-2006  Wagon   2L+ || 6579: Volkswagen Golf 2003-2026  Wagon   2XL
76623,2,MULTI,6577/6579,2L+/2XL,非皮卡,Volkswagen,Golf,2006,,Wagon,,,2XL,6577: Volkswagen Golf 1991-2006  Wagon   2L+ || 6579: Volkswagen Golf 2003-2026  Wagon   2XL
77049,2,MULTI,6613/6614,2L+/2XL,非皮卡,Volkswagen,Jetta,2005,,Wagon,,,2L+,6613: Volkswagen Jetta 1998-2005  Wagon   2L+ || 6614: Volkswagen Jetta 2005-2015  Wagon   2XL
77050,2,MULTI,6613/6614,2L+/2XL,非皮卡,Volkswagen,Jetta,2005,,Wagon,,,2XL,6613: Volkswagen Jetta 1998-2005  Wagon   2L+ || 6614: Volkswagen Jetta 2005-2015  Wagon   2XL
77051,2,MULTI,6612/6615,3L/3M,非皮卡,Volkswagen,Jetta,2005,,Sedan,,,3L,6612: Volkswagen Jetta 1992-2005  Sedan   3M || 6615: Volkswagen Jetta 2005-2018  Sedan   3L
77052,2,MULTI,6612/6615,3L/3M,非皮卡,Volkswagen,Jetta,2005,,Sedan,,,3M,6612: Volkswagen Jetta 1992-2005  Sedan   3M || 6615: Volkswagen Jetta 2005-2018  Sedan   3L
77072,2,MULTI,6615/6616,3L/3M,非皮卡,Volkswagen,Jetta,2013,,Sedan,,,3L,6615: Volkswagen Jetta 2005-2018  Sedan   3L || 6616: Volkswagen Jetta 2013-2019  Sedan   3M
77073,2,MULTI,6615/6616,3L/3M,非皮卡,Volkswagen,Jetta,2013,,Sedan,,,3M,6615: Volkswagen Jetta 2005-2018  Sedan   3L || 6616: Volkswagen Jetta 2013-2019  Sedan   3M
77075,2,MULTI,6615/6616,3L/3M,非皮卡,Volkswagen,Jetta,2014,,Sedan,,,3L,6615: Volkswagen Jetta 2005-2018  Sedan   3L || 6616: Volkswagen Jetta 2013-2019  Sedan   3M
77076,2,MULTI,6615/6616,3L/3M,非皮卡,Volkswagen,Jetta,2014,,Sedan,,,3L,6615: Volkswagen Jetta 2005-2018  Sedan   3L || 6616: Volkswagen Jetta 2013-2019  Sedan   3M
77077,2,MULTI,6615/6616,3L/3M,非皮卡,Volkswagen,Jetta,2014,,Sedan,,,3M,6615: Volkswagen Jetta 2005-2018  Sedan   3L || 6616: Volkswagen Jetta 2013-2019  Sedan   3M
77079,2,MULTI,6615/6616,3L/3M,非皮卡,Volkswagen,Jetta,2015,,Sedan,,,3L,6615: Volkswagen Jetta 2005-2018  Sedan   3L || 6616: Volkswagen Jetta 2013-2019  Sedan   3M
77080,2,MULTI,6615/6616,3L/3M,非皮卡,Volkswagen,Jetta,2015,,Sedan,,,3L,6615: Volkswagen Jetta 2005-2018  Sedan   3L || 6616: Volkswagen Jetta 2013-2019  Sedan   3M
77081,2,MULTI,6615/6616,3L/3M,非皮卡,Volkswagen,Jetta,2015,,Sedan,,,3M,6615: Volkswagen Jetta 2005-2018  Sedan   3L || 6616: Volkswagen Jetta 2013-2019  Sedan   3M
77082,2,MULTI,6615/6616,3L/3M,非皮卡,Volkswagen,Jetta,2016,,Sedan,,,3L,6615: Volkswagen Jetta 2005-2018  Sedan   3L || 6616: Volkswagen Jetta 2013-2019  Sedan   3M
77083,2,MULTI,6615/6616,3L/3M,非皮卡,Volkswagen,Jetta,2016,,Sedan,,,3M,6615: Volkswagen Jetta 2005-2018  Sedan   3L || 6616: Volkswagen Jetta 2013-2019  Sedan   3M
77084,2,MULTI,6615/6616,3L/3M,非皮卡,Volkswagen,Jetta,2016,,Sedan,,,3M,6615: Volkswagen Jetta 2005-2018  Sedan   3L || 6616: Volkswagen Jetta 2013-2019  Sedan   3M
77085,2,MULTI,6615/6616,3L/3M,非皮卡,Volkswagen,Jetta,2017,,Sedan,,,3L,6615: Volkswagen Jetta 2005-2018  Sedan   3L || 6616: Volkswagen Jetta 2013-2019  Sedan   3M
77086,2,MULTI,6615/6616,3L/3M,非皮卡,Volkswagen,Jetta,2017,,Sedan,,,3M,6615: Volkswagen Jetta 2005-2018  Sedan   3L || 6616: Volkswagen Jetta 2013-2019  Sedan   3M
77087,3,MULTI,6615/6616/6617,3L/3M/3XL,非皮卡,Volkswagen,Jetta,2018,,Sedan,,,3L,6615: Volkswagen Jetta 2005-2018  Sedan   3L || 6616: Volkswagen Jetta 2013-2019  Sedan   3M || 6617: Volkswagen Jetta 2018-2026  Sedan   3XL
77088,3,MULTI,6615/6616/6617,3L/3M/3XL,非皮卡,Volkswagen,Jetta,2018,,Sedan,,,3M,6615: Volkswagen Jetta 2005-2018  Sedan   3L || 6616: Volkswagen Jetta 2013-2019  Sedan   3M || 6617: Volkswagen Jetta 2018-2026  Sedan   3XL
77089,3,MULTI,6615/6616/6617,3L/3M/3XL,非皮卡,Volkswagen,Jetta,2018,,Sedan,,,3XL,6615: Volkswagen Jetta 2005-2018  Sedan   3L || 6616: Volkswagen Jetta 2013-2019  Sedan   3M || 6617: Volkswagen Jetta 2018-2026  Sedan   3XL
77090,2,MULTI,6616/6617,3M/3XL,非皮卡,Volkswagen,Jetta,2019,,Sedan,,,3M,6616: Volkswagen Jetta 2013-2019  Sedan   3M || 6617: Volkswagen Jetta 2018-2026  Sedan   3XL
77091,2,MULTI,6616/6617,3M/3XL,非皮卡,Volkswagen,Jetta,2019,,Sedan,,,3XL,6616: Volkswagen Jetta 2013-2019  Sedan   3M || 6617: Volkswagen Jetta 2018-2026  Sedan   3XL
77199,2,MULTI,6622/6624,2L+/2XL,非皮卡,Volkswagen,Lavida,2018,,Wagon,,,2L+,6622: Volkswagen Lavida 2008-2018  Wagon   2L+ || 6624: Volkswagen Lavida 2018-2022  Wagon   2XL
77200,2,MULTI,6622/6624,2L+/2XL,非皮卡,Volkswagen,Lavida,2018,,Wagon,,,2XL,6622: Volkswagen Lavida 2008-2018  Wagon   2L+ || 6624: Volkswagen Lavida 2018-2022  Wagon   2XL
77245,2,MULTI,6629/6630,3XL/3XXL,非皮卡,Volkswagen,Magotan,2024,,Sedan,,,3XL,6629: Volkswagen Magotan 2016-2026  Sedan   3XL || 6630: Volkswagen Magotan 2024-2026  Sedan   3XXL
77246,2,MULTI,6629/6630,3XL/3XXL,非皮卡,Volkswagen,Magotan,2024,,Sedan,,,3XXL,6629: Volkswagen Magotan 2016-2026  Sedan   3XL || 6630: Volkswagen Magotan 2024-2026  Sedan   3XXL
77247,2,MULTI,6629/6630,3XL/3XXL,非皮卡,Volkswagen,Magotan,2025,,Sedan,,,3XL,6629: Volkswagen Magotan 2016-2026  Sedan   3XL || 6630: Volkswagen Magotan 2024-2026  Sedan   3XXL
77248,2,MULTI,6629/6630,3XL/3XXL,非皮卡,Volkswagen,Magotan,2025,,Sedan,,,3XXL,6629: Volkswagen Magotan 2016-2026  Sedan   3XL || 6630: Volkswagen Magotan 2024-2026  Sedan   3XXL
77249,2,MULTI,6629/6630,3XL/3XXL,非皮卡,Volkswagen,Magotan,2026,,Sedan,,,3XL,6629: Volkswagen Magotan 2016-2026  Sedan   3XL || 6630: Volkswagen Magotan 2024-2026  Sedan   3XXL
77250,2,MULTI,6629/6630,3XL/3XXL,非皮卡,Volkswagen,Magotan,2026,,Sedan,,,3XXL,6629: Volkswagen Magotan 2016-2026  Sedan   3XL || 6630: Volkswagen Magotan 2024-2026  Sedan   3XXL
77276,2,MULTI,6633/6634,2L+/2XL,非皮卡,Volkswagen,Passat,1980,,Wagon,,,2L+,6633: Volkswagen Passat 1973-1981  Wagon   2L+ || 6634: Volkswagen Passat 1980-2023  Wagon   2XL
77277,2,MULTI,6633/6634,2L+/2XL,非皮卡,Volkswagen,Passat,1980,,Wagon,,,2XL,6633: Volkswagen Passat 1973-1981  Wagon   2L+ || 6634: Volkswagen Passat 1980-2023  Wagon   2XL
77282,2,MULTI,6633/6634,2L+/2XL,非皮卡,Volkswagen,Passat,1981,,Wagon,,,2L+,6633: Volkswagen Passat 1973-1981  Wagon   2L+ || 6634: Volkswagen Passat 1980-2023  Wagon   2XL
77283,2,MULTI,6633/6634,2L+/2XL,非皮卡,Volkswagen,Passat,1981,,Wagon,,,2XL,6633: Volkswagen Passat 1973-1981  Wagon   2L+ || 6634: Volkswagen Passat 1980-2023  Wagon   2XL
77313,2,MULTI,6635/6636,3L/3M,非皮卡,Volkswagen,Passat,1988,,Sedan,,,3L,6635: Volkswagen Passat 1980-1988  Sedan   3M || 6636: Volkswagen Passat 1988-2001  Sedan   3L
77314,2,MULTI,6635/6636,3L/3M,非皮卡,Volkswagen,Passat,1988,,Sedan,,,3M,6635: Volkswagen Passat 1980-1988  Sedan   3M || 6636: Volkswagen Passat 1988-2001  Sedan   3L
77345,2,MULTI,6636/6637,3L/3XL,非皮卡,Volkswagen,Passat,2000,,Sedan,,,3L,6636: Volkswagen Passat 1988-2001  Sedan   3L || 6637: Volkswagen Passat 2000-2023  Sedan   3XL
77346,2,MULTI,6636/6637,3L/3XL,非皮卡,Volkswagen,Passat,2000,,Sedan,,,3XL,6636: Volkswagen Passat 1988-2001  Sedan   3L || 6637: Volkswagen Passat 2000-2023  Sedan   3XL
77349,2,MULTI,6636/6637,3L/3XL,非皮卡,Volkswagen,Passat,2001,,Sedan,,,3L,6636: Volkswagen Passat 1988-2001  Sedan   3L || 6637: Volkswagen Passat 2000-2023  Sedan   3XL
77350,2,MULTI,6636/6637,3L/3XL,非皮卡,Volkswagen,Passat,2001,,Sedan,,,3XL,6636: Volkswagen Passat 1988-2001  Sedan   3L || 6637: Volkswagen Passat 2000-2023  Sedan   3XL
77419,2,MULTI,6634/6639,2XL/2XL+,非皮卡,Volkswagen,Passat,2023,,Wagon,,,2XL,6634: Volkswagen Passat 1980-2023  Wagon   2XL || 6639: Volkswagen Passat 2023-2026  Wagon   2XL+
77421,2,MULTI,6634/6639,2XL/2XL+,非皮卡,Volkswagen,Passat,2023,,Wagon,,,2XL+,6634: Volkswagen Passat 1980-2023  Wagon   2XL || 6639: Volkswagen Passat 2023-2026  Wagon   2XL+
77512,2,MULTI,6645/6647,2M/2S,非皮卡,Volkswagen,Polo,1981,,Hatchback,,,2M,6645: Volkswagen Polo 1975-1988  Hatchback   2S || 6647: Volkswagen Polo 1981-1994  Hatchback   2M
77513,2,MULTI,6645/6647,2M/2S,非皮卡,Volkswagen,Polo,1981,,Hatchback,,,2S,6645: Volkswagen Polo 1975-1988  Hatchback   2S || 6647: Volkswagen Polo 1981-1994  Hatchback   2M
77516,2,MULTI,6645/6647,2M/2S,非皮卡,Volkswagen,Polo,1982,,Hatchback,,,2M,6645: Volkswagen Polo 1975-1988  Hatchback   2S || 6647: Volkswagen Polo 1981-1994  Hatchback   2M
77517,2,MULTI,6645/6647,2M/2S,非皮卡,Volkswagen,Polo,1982,,Hatchback,,,2S,6645: Volkswagen Polo 1975-1988  Hatchback   2S || 6647: Volkswagen Polo 1981-1994  Hatchback   2M
77520,2,MULTI,6645/6647,2M/2S,非皮卡,Volkswagen,Polo,1983,,Hatchback,,,2M,6645: Volkswagen Polo 1975-1988  Hatchback   2S || 6647: Volkswagen Polo 1981-1994  Hatchback   2M
77521,2,MULTI,6645/6647,2M/2S,非皮卡,Volkswagen,Polo,1983,,Hatchback,,,2S,6645: Volkswagen Polo 1975-1988  Hatchback   2S || 6647: Volkswagen Polo 1981-1994  Hatchback   2M
77524,2,MULTI,6645/6647,2M/2S,非皮卡,Volkswagen,Polo,1984,,Hatchback,,,2M,6645: Volkswagen Polo 1975-1988  Hatchback   2S || 6647: Volkswagen Polo 1981-1994  Hatchback   2M
77525,2,MULTI,6645/6647,2M/2S,非皮卡,Volkswagen,Polo,1984,,Hatchback,,,2S,6645: Volkswagen Polo 1975-1988  Hatchback   2S || 6647: Volkswagen Polo 1981-1994  Hatchback   2M
77528,2,MULTI,6645/6647,2M/2S,非皮卡,Volkswagen,Polo,1985,,Hatchback,,,2M,6645: Volkswagen Polo 1975-1988  Hatchback   2S || 6647: Volkswagen Polo 1981-1994  Hatchback   2M
77529,2,MULTI,6645/6647,2M/2S,非皮卡,Volkswagen,Polo,1985,,Hatchback,,,2S,6645: Volkswagen Polo 1975-1988  Hatchback   2S || 6647: Volkswagen Polo 1981-1994  Hatchback   2M
77532,2,MULTI,6645/6647,2M/2S,非皮卡,Volkswagen,Polo,1986,,Hatchback,,,2M,6645: Volkswagen Polo 1975-1988  Hatchback   2S || 6647: Volkswagen Polo 1981-1994  Hatchback   2M
77533,2,MULTI,6645/6647,2M/2S,非皮卡,Volkswagen,Polo,1986,,Hatchback,,,2S,6645: Volkswagen Polo 1975-1988  Hatchback   2S || 6647: Volkswagen Polo 1981-1994  Hatchback   2M
77536,2,MULTI,6645/6647,2M/2S,非皮卡,Volkswagen,Polo,1987,,Hatchback,,,2M,6645: Volkswagen Polo 1975-1988  Hatchback   2S || 6647: Volkswagen Polo 1981-1994  Hatchback   2M
77537,2,MULTI,6645/6647,2M/2S,非皮卡,Volkswagen,Polo,1987,,Hatchback,,,2S,6645: Volkswagen Polo 1975-1988  Hatchback   2S || 6647: Volkswagen Polo 1981-1994  Hatchback   2M
77540,2,MULTI,6645/6647,2M/2S,非皮卡,Volkswagen,Polo,1988,,Hatchback,,,2M,6645: Volkswagen Polo 1975-1988  Hatchback   2S || 6647: Volkswagen Polo 1981-1994  Hatchback   2M
77541,2,MULTI,6645/6647,2M/2S,非皮卡,Volkswagen,Polo,1988,,Hatchback,,,2S,6645: Volkswagen Polo 1975-1988  Hatchback   2S || 6647: Volkswagen Polo 1981-1994  Hatchback   2M
77806,2,MULTI,6661/6662,3L/3M,非皮卡,Volkswagen,Santana,2012,,Sedan,,,3L,6661: Volkswagen Santana 1995-2013  Sedan   3L || 6662: Volkswagen Santana 2012-2022  Sedan   3M
77807,2,MULTI,6661/6662,3L/3M,非皮卡,Volkswagen,Santana,2012,,Sedan,,,3M,6661: Volkswagen Santana 1995-2013  Sedan   3L || 6662: Volkswagen Santana 2012-2022  Sedan   3M
77808,2,MULTI,6661/6662,3L/3M,非皮卡,Volkswagen,Santana,2013,,Sedan,,,3L,6661: Volkswagen Santana 1995-2013  Sedan   3L || 6662: Volkswagen Santana 2012-2022  Sedan   3M
77809,2,MULTI,6661/6662,3L/3M,非皮卡,Volkswagen,Santana,2013,,Sedan,,,3M,6661: Volkswagen Santana 1995-2013  Sedan   3L || 6662: Volkswagen Santana 2012-2022  Sedan   3M
77878,2,MULTI,6666/6667,2XL/2XL+,非皮卡,Volkswagen,Sharan,2010,,MPV,,,2XL,6666: Volkswagen Sharan 1995-2010  MPV   2XL || 6667: Volkswagen Sharan 2010-2022  MPV   2XL+
77879,2,MULTI,6666/6667,2XL/2XL+,非皮卡,Volkswagen,Sharan,2010,,MPV,,,2XL+,6666: Volkswagen Sharan 1995-2010  MPV   2XL || 6667: Volkswagen Sharan 2010-2022  MPV   2XL+
78019,2,MULTI,6680/6682,YL/YM+,非皮卡,Volkswagen,Tayron,2024,,SUV,,,YL,6680: Volkswagen Tayron 2018-2026  SUV   YM+ || 6682: Volkswagen Tayron 2024-2026  SUV   YL
78022,2,MULTI,6680/6682,YL/YM+,非皮卡,Volkswagen,Tayron,2024,,SUV,,,YM+,6680: Volkswagen Tayron 2018-2026  SUV   YM+ || 6682: Volkswagen Tayron 2024-2026  SUV   YL
78023,2,MULTI,6680/6682,YL/YM+,非皮卡,Volkswagen,Tayron,2025,,SUV,,,YL,6680: Volkswagen Tayron 2018-2026  SUV   YM+ || 6682: Volkswagen Tayron 2024-2026  SUV   YL
78026,2,MULTI,6680/6682,YL/YM+,非皮卡,Volkswagen,Tayron,2025,,SUV,,,YM+,6680: Volkswagen Tayron 2018-2026  SUV   YM+ || 6682: Volkswagen Tayron 2024-2026  SUV   YL
78027,2,MULTI,6680/6682,YL/YM+,非皮卡,Volkswagen,Tayron,2026,,SUV,,,YL,6680: Volkswagen Tayron 2018-2026  SUV   YM+ || 6682: Volkswagen Tayron 2024-2026  SUV   YL
78030,2,MULTI,6680/6682,YL/YM+,非皮卡,Volkswagen,Tayron,2026,,SUV,,,YM+,6680: Volkswagen Tayron 2018-2026  SUV   YM+ || 6682: Volkswagen Tayron 2024-2026  SUV   YL
78126,2,MULTI,6687/6690,YL/YM+,非皮卡,Volkswagen,Tiguan,2025,,SUV,,,YL,6687: Volkswagen Tiguan 2007-2026  SUV   YM+ || 6690: Volkswagen Tiguan 2025-2026  SUV   YL
78131,2,MULTI,6687/6690,YL/YM+,非皮卡,Volkswagen,Tiguan,2025,,SUV,,,YM+,6687: Volkswagen Tiguan 2007-2026  SUV   YM+ || 6690: Volkswagen Tiguan 2025-2026  SUV   YL
78132,2,MULTI,6687/6690,YL/YM+,非皮卡,Volkswagen,Tiguan,2025,,SUV,,,YM+,6687: Volkswagen Tiguan 2007-2026  SUV   YM+ || 6690: Volkswagen Tiguan 2025-2026  SUV   YL
78133,2,MULTI,6687/6690,YL/YM+,非皮卡,Volkswagen,Tiguan,2026,,SUV,,,YL,6687: Volkswagen Tiguan 2007-2026  SUV   YM+ || 6690: Volkswagen Tiguan 2025-2026  SUV   YL
78137,2,MULTI,6687/6690,YL/YM+,非皮卡,Volkswagen,Tiguan,2026,,SUV,,,YM+,6687: Volkswagen Tiguan 2007-2026  SUV   YM+ || 6690: Volkswagen Tiguan 2025-2026  SUV   YL
78163,2,MULTI,6692/6693,YL/YXL,非皮卡,Volkswagen,Touareg,2018,,SUV,,,YL,6692: Volkswagen Touareg 2002-2018  SUV   YL || 6693: Volkswagen Touareg 2018-2026  SUV   YXL
78164,2,MULTI,6692/6693,YL/YXL,非皮卡,Volkswagen,Touareg,2018,,SUV,,,YXL,6692: Volkswagen Touareg 2002-2018  SUV   YL || 6693: Volkswagen Touareg 2018-2026  SUV   YXL
78206,2,MULTI,6695/6697,2L+/2XL,非皮卡,Volkswagen,Touran,2015,,MPV,,,2L+,6695: Volkswagen Touran 2003-2015  MPV   2L+ || 6697: Volkswagen Touran 2015-2026  MPV   2XL
78208,2,MULTI,6695/6697,2L+/2XL,非皮卡,Volkswagen,Touran,2015,,MPV,,,2XL,6695: Volkswagen Touran 2003-2015  MPV   2L+ || 6697: Volkswagen Touran 2015-2026  MPV   2XL
78299,2,MULTI,6699/6703,2XL-200/2XXL-545,非皮卡,Volkswagen,Transporter,2003,,MPV,,,2XL-200,6699: Volkswagen Transporter 1979-2003  MPV   2XL-200 || 6703: Volkswagen Transporter 2003-2009  MPV   2XXL-545
78300,2,MULTI,6700/6702,2XL-200/2XXL-525,非皮卡,Volkswagen,Transporter,2003,,Van,,,2XL-200,6700: Volkswagen Transporter 1979-2003  Van   2XL-200 || 6702: Volkswagen Transporter 2003-2009  Van   2XXL-525
78301,2,MULTI,6701/6704,2XXL-525/2XXL-545,非皮卡,Volkswagen,Transporter,2003,Long,MPV,,,2XXL-525,6701: Volkswagen Transporter 1990-2003 Long MPV   2XXL-525 || 6704: Volkswagen Transporter 2003-2024 Long MPV   2XXL-545
78302,2,MULTI,6700/6702,2XL-200/2XXL-525,非皮卡,Volkswagen,Transporter,2003,,Van,,,2XXL-525,6700: Volkswagen Transporter 1979-2003  Van   2XL-200 || 6702: Volkswagen Transporter 2003-2009  Van   2XXL-525
78303,2,MULTI,6699/6703,2XL-200/2XXL-545,非皮卡,Volkswagen,Transporter,2003,,MPV,,,2XXL-545,6699: Volkswagen Transporter 1979-2003  MPV   2XL-200 || 6703: Volkswagen Transporter 2003-2009  MPV   2XXL-545
78304,2,MULTI,6701/6704,2XXL-525/2XXL-545,非皮卡,Volkswagen,Transporter,2003,Long,MPV,,,2XXL-545,6701: Volkswagen Transporter 1990-2003 Long MPV   2XXL-525 || 6704: Volkswagen Transporter 2003-2024 Long MPV   2XXL-545
78320,2,MULTI,6703/6705,2XXL-525/2XXL-545,非皮卡,Volkswagen,Transporter,2009,,MPV,,,2XXL-525,6703: Volkswagen Transporter 2003-2009  MPV   2XXL-545 || 6705: Volkswagen Transporter 2009-2026  MPV   2XXL-525
78323,2,MULTI,6703/6705,2XXL-525/2XXL-545,非皮卡,Volkswagen,Transporter,2009,,MPV,,,2XXL-545,6703: Volkswagen Transporter 2003-2009  MPV   2XXL-545 || 6705: Volkswagen Transporter 2009-2026  MPV   2XXL-525
78389,2,MULTI,6707/6708,2XXL-545/无可用尺码,非皮卡,Volkswagen,Transporter,2024,Long,Van,,,2XXL-545,6707: Volkswagen Transporter 2015-2024 Long Van   2XXL-545 || 6708: Volkswagen Transporter 2024-2026 Long Van   无可用尺码
78390,2,MULTI,6707/6708,2XXL-545/无可用尺码,非皮卡,Volkswagen,Transporter,2024,Long,Van,,,无可用尺码,6707: Volkswagen Transporter 2015-2024 Long Van   2XXL-545 || 6708: Volkswagen Transporter 2024-2026 Long Van   无可用尺码
78566,2,MULTI,6711/6713,2L-200/2XL-200,非皮卡,Volkswagen,Type 2,1967,,MPV,,,2L-200,6711: Volkswagen Type 2 1950-1967  MPV   2L-200 || 6713: Volkswagen Type 2 1967-1979  MPV   2XL-200
78567,2,MULTI,6712/6714,2L-200/2XL-200,非皮卡,Volkswagen,Type 2,1967,,Van,,,2L-200,6712: Volkswagen Type 2 1950-1967  Van   2L-200 || 6714: Volkswagen Type 2 1967-1979  Van   2XL-200
78568,2,MULTI,6711/6713,2L-200/2XL-200,非皮卡,Volkswagen,Type 2,1967,,MPV,,,2XL-200,6711: Volkswagen Type 2 1950-1967  MPV   2L-200 || 6713: Volkswagen Type 2 1967-1979  MPV   2XL-200
78569,2,MULTI,6712/6714,2L-200/2XL-200,非皮卡,Volkswagen,Type 2,1967,,Van,,,2XL-200,6712: Volkswagen Type 2 1950-1967  Van   2L-200 || 6714: Volkswagen Type 2 1967-1979  Van   2XL-200
79091,2,MULTI,6757/6759,3L-0/3XL-0,非皮卡,Volvo,C70,2005,,Convertible,,,3L-0,6757: Volvo C70 1997-2005  Convertible   3XL-0 || 6759: Volvo C70 2005-2013  Convertible   3L-0
79092,2,MULTI,6757/6759,3L-0/3XL-0,非皮卡,Volvo,C70,2005,,Convertible,,,3XL-0,6757: Volvo C70 1997-2005  Convertible   3XL-0 || 6759: Volvo C70 2005-2013  Convertible   3L-0
79217,2,MULTI,6774/6775,3L/3XL,非皮卡,Volvo,S60,2018,,Sedan,,,3L,6774: Volvo S60 2000-2018  Sedan   3L || 6775: Volvo S60 2018-2026  Sedan   3XL
79218,2,MULTI,6774/6775,3L/3XL,非皮卡,Volvo,S60,2018,,Sedan,,,3XL,6774: Volvo S60 2000-2018  Sedan   3L || 6775: Volvo S60 2018-2026  Sedan   3XL
79320,2,MULTI,6784/6785,2L+/2XL,非皮卡,Volvo,V50,2007,,Wagon,,,2L+,6784: Volvo V50 2004-2007  Wagon   2L+ || 6785: Volvo V50 2007-2012  Wagon   2XL
79321,2,MULTI,6784/6785,2L+/2XL,非皮卡,Volvo,V50,2007,,Wagon,,,2XL,6784: Volvo V50 2004-2007  Wagon   2L+ || 6785: Volvo V50 2007-2012  Wagon   2XL
79461,2,MULTI,6794/6795,2XL/2XL+,非皮卡,Volvo,XC70,2007,,Wagon,,,2XL,6794: Volvo XC70 2000-2007  Wagon   2XL || 6795: Volvo XC70 2007-2016  Wagon   2XL+
79462,2,MULTI,6794/6795,2XL/2XL+,非皮卡,Volvo,XC70,2007,,Wagon,,,2XL+,6794: Volvo XC70 2000-2007  Wagon   2XL || 6795: Volvo XC70 2007-2016  Wagon   2XL+
79488,2,MULTI,6797/6798,YL/YXL,非皮卡,Volvo,XC90,2014,,SUV,,,YL,6797: Volvo XC90 2002-2014  SUV   YL || 6798: Volvo XC90 2014-2026  SUV   YXL
79489,2,MULTI,6797/6798,YL/YXL,非皮卡,Volvo,XC90,2014,,SUV,,,YXL,6797: Volvo XC90 2002-2014  SUV   YL || 6798: Volvo XC90 2014-2026  SUV   YXL
79955,2,MULTI,6858/6861,2S/无可用尺码,非皮卡,Wuling,Mini EV,2025,,Hatchback,,,2S,6858: Wuling Mini EV 2020-2026  Hatchback   无可用尺码 || 6861: Wuling Mini EV 2025-2026  Hatchback   2S
79959,2,MULTI,6858/6861,2S/无可用尺码,非皮卡,Wuling,Mini EV,2025,,Hatchback,,,无可用尺码,6858: Wuling Mini EV 2020-2026  Hatchback   无可用尺码 || 6861: Wuling Mini EV 2025-2026  Hatchback   2S
79960,2,MULTI,6858/6861,2S/无可用尺码,非皮卡,Wuling,Mini EV,2026,,Hatchback,,,2S,6858: Wuling Mini EV 2020-2026  Hatchback   无可用尺码 || 6861: Wuling Mini EV 2025-2026  Hatchback   2S
79961,2,MULTI,6858/6861,2S/无可用尺码,非皮卡,Wuling,Mini EV,2026,,Hatchback,,,2S,6858: Wuling Mini EV 2020-2026  Hatchback   无可用尺码 || 6861: Wuling Mini EV 2025-2026  Hatchback   2S
79965,2,MULTI,6858/6861,2S/无可用尺码,非皮卡,Wuling,Mini EV,2026,,Hatchback,,,无可用尺码,6858: Wuling Mini EV 2020-2026  Hatchback   无可用尺码 || 6861: Wuling Mini EV 2025-2026  Hatchback   2S
81193,2,MULTI,7012/7013,2L-200/2M,非皮卡,Иж,2715,1982,,Van,,,2L-200,7012: Иж 2715 1972-1982  Van   2M || 7013: Иж 2715 1982-2001  Van   2L-200
81194,2,MULTI,7012/7013,2L-200/2M,非皮卡,Иж,2715,1982,,Van,,,2M,7012: Иж 2715 1972-1982  Van   2M || 7013: Иж 2715 1982-2001  Van   2L-200
81878,0,MISS,,,非皮卡,Спортивные авто и реплики,Rally/cross,1950,,Sedan,,,3M,
81879,0,MISS,,,非皮卡,Спортивные авто и реплики,Rally/cross,1951,,Sedan,,,3M,
81880,0,MISS,,,非皮卡,Спортивные авто и реплики,Rally/cross,1952,,Sedan,,,3M,
81881,0,MISS,,,非皮卡,Спортивные авто и реплики,Rally/cross,1953,,Sedan,,,3M,
81882,0,MISS,,,非皮卡,Спортивные авто и реплики,Rally/cross,1954,,Sedan,,,3M,
81883,0,MISS,,,非皮卡,Спортивные авто и реплики,Rally/cross,1955,,Sedan,,,3M,
81884,0,MISS,,,非皮卡,Спортивные авто и реплики,Rally/cross,1956,,Sedan,,,3M,
81885,0,MISS,,,非皮卡,Спортивные авто и реплики,Rally/cross,1957,,Sedan,,,3M,
81886,0,MISS,,,非皮卡,Спортивные авто и реплики,Rally/cross,1958,,Sedan,,,3M,
81887,0,MISS,,,非皮卡,Спортивные авто и реплики,Rally/cross,1959,,Sedan,,,3M,
81888,0,MISS,,,非皮卡,Спортивные авто и реплики,Rally/cross,1960,,Sedan,,,3M,
81889,0,MISS,,,非皮卡,Спортивные авто и реплики,Rally/cross,1961,,Sedan,,,3M,
81890,0,MISS,,,非皮卡,Спортивные авто и реплики,Rally/cross,1962,,Sedan,,,3M,
81891,0,MISS,,,非皮卡,Спортивные авто и реплики,Rally/cross,1963,,Sedan,,,3M,
81892,0,MISS,,,非皮卡,Спортивные авто и реплики,Rally/cross,1964,,Sedan,,,3M,
81893,0,MISS,,,非皮卡,Спортивные авто и реплики,Rally/cross,1965,,Sedan,,,3M,
81894,0,MISS,,,非皮卡,Спортивные авто и реплики,Rally/cross,1966,,Sedan,,,3M,
81895,0,MISS,,,非皮卡,Спортивные авто и реплики,Rally/cross,1967,,Sedan,,,3M,
81896,0,MISS,,,非皮卡,Спортивные авто и реплики,Rally/cross,1968,,Sedan,,,3M,
81897,0,MISS,,,非皮卡,Спортивные авто и реплики,Rally/cross,1969,,Sedan,,,3M,
81898,0,MISS,,,非皮卡,Спортивные авто и реплики,Rally/cross,1970,,Sedan,,,3M,
81899,0,MISS,,,非皮卡,Спортивные авто и реплики,Rally/cross,1971,,Sedan,,,3M,
81900,0,MISS,,,非皮卡,Спортивные авто и реплики,Rally/cross,1972,,Sedan,,,3M,
81901,0,MISS,,,非皮卡,Спортивные авто и реплики,Rally/cross,1973,,Sedan,,,3M,
81902,0,MISS,,,非皮卡,Спортивные авто и реплики,Rally/cross,1974,,Sedan,,,3M,
81903,0,MISS,,,非皮卡,Спортивные авто и реплики,Rally/cross,1975,,Sedan,,,3M,
81904,0,MISS,,,非皮卡,Спортивные авто и реплики,Rally/cross,1976,,Sedan,,,3M,
81905,0,MISS,,,非皮卡,Спортивные авто и реплики,Rally/cross,1977,,Sedan,,,3M,
81906,0,MISS,,,非皮卡,Спортивные авто и реплики,Rally/cross,1978,,Sedan,,,3M,
81907,0,MISS,,,非皮卡,Спортивные авто и реплики,Rally/cross,1979,,Sedan,,,3M,
81908,0,MISS,,,非皮卡,Спортивные авто и реплики,Rally/cross,1980,,Sedan,,,3M,
81909,0,MISS,,,非皮卡,Спортивные авто и реплики,Rally/cross,1981,,Sedan,,,3M,
81910,0,MISS,,,非皮卡,Спортивные авто и реплики,Rally/cross,1982,,Sedan,,,3M,
81911,0,MISS,,,非皮卡,Спортивные авто и реплики,Rally/cross,1983,,Sedan,,,3M,
81912,0,MISS,,,非皮卡,Спортивные авто и реплики,Rally/cross,1984,,Sedan,,,3M,
81913,0,MISS,,,非皮卡,Спортивные авто и реплики,Rally/cross,1985,,Sedan,,,3M,
81914,0,MISS,,,非皮卡,Спортивные авто и реплики,Rally/cross,1986,,Sedan,,,3M,
81915,0,MISS,,,非皮卡,Спортивные авто и реплики,Rally/cross,1987,,Sedan,,,3M,
81916,0,MISS,,,非皮卡,Спортивные авто и реплики,Rally/cross,1988,,Sedan,,,3M,
81917,0,MISS,,,非皮卡,Спортивные авто и реплики,Rally/cross,1989,,Sedan,,,3M,
81918,0,MISS,,,非皮卡,Спортивные авто и реплики,Rally/cross,1990,,Sedan,,,3M,
81919,0,MISS,,,非皮卡,Спортивные авто и реплики,Rally/cross,1991,,Sedan,,,3M,
81920,0,MISS,,,非皮卡,Спортивные авто и реплики,Rally/cross,1992,,Sedan,,,3M,
81921,0,MISS,,,非皮卡,Спортивные авто и реплики,Rally/cross,1993,,Sedan,,,3M,
81922,0,MISS,,,非皮卡,Спортивные авто и реплики,Rally/cross,1994,,Sedan,,,3M,
81923,0,MISS,,,非皮卡,Спортивные авто и реплики,Rally/cross,1995,,Sedan,,,3M,
81924,0,MISS,,,非皮卡,Спортивные авто и реплики,Rally/cross,1996,,Sedan,,,3M,
81925,0,MISS,,,非皮卡,Спортивные авто и реплики,Rally/cross,1997,,Sedan,,,3M,
81926,0,MISS,,,非皮卡,Спортивные авто и реплики,Rally/cross,1998,,Sedan,,,3M,
81927,0,MISS,,,非皮卡,Спортивные авто и реплики,Rally/cross,1999,,Sedan,,,3M,
81928,0,MISS,,,非皮卡,Спортивные авто и реплики,Rally/cross,2000,,Sedan,,,3M,
81929,0,MISS,,,非皮卡,Спортивные авто и реплики,Rally/cross,2001,,Sedan,,,3M,
81930,0,MISS,,,非皮卡,Спортивные авто и реплики,Rally/cross,2002,,Sedan,,,3M,
81931,0,MISS,,,非皮卡,Спортивные авто и реплики,Rally/cross,2003,,Sedan,,,3M,
81932,0,MISS,,,非皮卡,Спортивные авто и реплики,Rally/cross,2004,,Sedan,,,3M,
81933,0,MISS,,,非皮卡,Спортивные авто и реплики,Rally/cross,2005,,Sedan,,,3M,
81934,0,MISS,,,非皮卡,Спортивные авто и реплики,Rally/cross,2006,,Sedan,,,3M,
81935,0,MISS,,,非皮卡,Спортивные авто и реплики,Rally/cross,2007,,Sedan,,,3M,
81936,0,MISS,,,非皮卡,Спортивные авто и реплики,Rally/cross,2008,,Sedan,,,3M,
81937,0,MISS,,,非皮卡,Спортивные авто и реплики,Rally/cross,2009,,Sedan,,,3M,
81938,0,MISS,,,非皮卡,Спортивные авто и реплики,Rally/cross,2010,,Sedan,,,3M,
81939,0,MISS,,,非皮卡,Спортивные авто и реплики,Rally/cross,2011,,Sedan,,,3M,
81940,0,MISS,,,非皮卡,Спортивные авто и реплики,Rally/cross,2012,,Sedan,,,3M,
81941,0,MISS,,,非皮卡,Спортивные авто и реплики,Rally/cross,2013,,Sedan,,,3M,
81942,0,MISS,,,非皮卡,Спортивные авто и реплики,Rally/cross,2014,,Sedan,,,3M,
81943,0,MISS,,,非皮卡,Спортивные авто и реплики,Rally/cross,2015,,Sedan,,,3M,
81944,0,MISS,,,非皮卡,Спортивные авто и реплики,Rally/cross,2016,,Sedan,,,3M,
81945,0,MISS,,,非皮卡,Спортивные авто и реплики,Rally/cross,2017,,Sedan,,,3M,
81946,0,MISS,,,非皮卡,Спортивные авто и реплики,Rally/cross,2018,,Sedan,,,3M,
81947,0,MISS,,,非皮卡,Спортивные авто и реплики,Rally/cross,2019,,Sedan,,,3M,
81948,0,MISS,,,非皮卡,Спортивные авто и реплики,Rally/cross,2020,,Sedan,,,3M,
81949,0,MISS,,,非皮卡,Спортивные авто и реплики,Rally/cross,2021,,Sedan,,,3M,
81950,0,MISS,,,非皮卡,Спортивные авто и реплики,Rally/cross,2022,,Sedan,,,3M,
81951,0,MISS,,,非皮卡,Спортивные авто и реплики,Rally/cross,2023,,Sedan,,,3M,
81952,0,MISS,,,非皮卡,Спортивные авто и реплики,Rally/cross,2024,,Sedan,,,3M,
81953,0,MISS,,,非皮卡,Спортивные авто и реплики,Rally/cross,2025,,Sedan,,,3M,
81954,0,MISS,,,非皮卡,Спортивные авто и реплики,Rally/cross,2026,,Sedan,,,3M,
