DIMENSION-ID,原车形,车形,审计状态,审计类型,审计说明
Acura ADX SUV 2025-2026,SU1,SU1,APPLIED,SUV_TAPER_REVIEW,详见 suv_audit.csv
Acura CL Coupe 1997-1999,SD0,SD0,APPLIED,OUT_OF_SCOPE_UNCHANGED,本轮未重新核定，保持 public 基线
Acura CL Coupe 2001-2003,SD0,SD0,APPLIED,OUT_OF_SCOPE_UNCHANGED,本轮未重新核定，保持 public 基线
Acura ILX Sedan 2013-2015,SD1,SD1,APPLIED,OUT_OF_SCOPE_UNCHANGED,本轮未重新核定，保持 public 基线
Acura ILX Sedan 2016-2018,SD1,SD1,APPLIED,OUT_OF_SCOPE_UNCHANGED,本轮未重新核定，保持 public 基线
Acura ILX Sedan 2019-2022,SD1,SD1,APPLIED,OUT_OF_SCOPE_UNCHANGED,本轮未重新核定，保持 public 基线
Acura Integra Hatchback 1986-1989,H0,H0,APPLIED,OUT_OF_SCOPE_UNCHANGED,本轮未重新核定，保持 public 基线
Acura Integra Hatchback 1990,H0,H0,APPLIED,OUT_OF_SCOPE_UNCHANGED,本轮未重新核定，保持 public 基线
Acura Integra Sedan 1990,SD0,SD0,APPLIED,OUT_OF_SCOPE_UNCHANGED,本轮未重新核定，保持 public 基线
Acura Integra Hatchback 1991-1993,H0,H0,APPLIED,OUT_OF_SCOPE_UNCHANGED,本轮未重新核定，保持 public 基线
Acura Integra Sedan 1991-1993,SD0,SD0,APPLIED,OUT_OF_SCOPE_UNCHANGED,本轮未重新核定，保持 public 基线
Acura Integra Coupe 1994,SD0,SD0,APPLIED,OUT_OF_SCOPE_UNCHANGED,本轮未重新核定，保持 public 基线
Acura Integra Sedan 1994,SD0,SD0,APPLIED,OUT_OF_SCOPE_UNCHANGED,本轮未重新核定，保持 public 基线
Acura Integra Coupe 1995-2001,SD0,SD0,APPLIED,OUT_OF_SCOPE_UNCHANGED,本轮未重新核定，保持 public 基线
Acura Integra Sedan 1995-2001,SD0,SD0,APPLIED,OUT_OF_SCOPE_UNCHANGED,本轮未重新核定，保持 public 基线
Acura Integra Hatchback 2023-2026,H0,H0,APPLIED,OUT_OF_SCOPE_UNCHANGED,本轮未重新核定，保持 public 基线
Acura Integra Type S Hatchback 2024-2026,H0,H0,APPLIED,OUT_OF_SCOPE_UNCHANGED,本轮未重新核定，保持 public 基线
Acura Legend Sedan 1986-1988,SD2,SD2,APPLIED,OUT_OF_SCOPE_UNCHANGED,本轮未重新核定，保持 public 基线
Acura Legend Coupe 1987-1990,SD2,SD2,APPLIED,OUT_OF_SCOPE_UNCHANGED,本轮未重新核定，保持 public 基线
Acura Legend Sedan 1989-1990,SD2,SD2,APPLIED,OUT_OF_SCOPE_UNCHANGED,本轮未重新核定，保持 public 基线
Acura Legend Coupe 1991-1995,SD1,SD1,APPLIED,OUT_OF_SCOPE_UNCHANGED,本轮未重新核定，保持 public 基线
Acura Legend Sedan 1991-1995,SD1,SD1,APPLIED,OUT_OF_SCOPE_UNCHANGED,本轮未重新核定，保持 public 基线
Acura MDX SUV 2001-2002,SU1,SU1,APPLIED,SUV_TAPER_REVIEW,详见 suv_audit.csv
Acura MDX SUV 2003,SU1,SU1,APPLIED,SUV_TAPER_REVIEW,详见 suv_audit.csv
Acura MDX SUV 2004,SU1,SU1,APPLIED,SUV_TAPER_REVIEW,详见 suv_audit.csv
Acura MDX SUV 2005-2006,SU1,SU1,APPLIED,SUV_TAPER_REVIEW,详见 suv_audit.csv
Acura MDX SUV 2007,SU1,SU1,APPLIED,SUV_TAPER_REVIEW,详见 suv_audit.csv
Acura MDX SUV 2008-2009,SU1,SU1,APPLIED,SUV_TAPER_REVIEW,详见 suv_audit.csv
Acura MDX SUV 2010-2013,SU1,SU1,APPLIED,SUV_TAPER_REVIEW,详见 suv_audit.csv
Acura MDX SUV 2014-2016,SU1,SU1,APPLIED,SUV_TAPER_REVIEW,详见 suv_audit.csv
Acura MDX SUV 2017-2020,SU1,SU1,APPLIED,SUV_TAPER_REVIEW,详见 suv_audit.csv
Acura MDX SUV 2022-2024,SU1,SU1,APPLIED,SUV_TAPER_REVIEW,详见 suv_audit.csv
Acura MDX Type S SUV 2025-2026,SU1,SU1,APPLIED,SUV_TAPER_REVIEW,详见 suv_audit.csv
Acura NSX Coupe 1991-1994,SD0,SD0,APPLIED,OUT_OF_SCOPE_UNCHANGED,本轮未重新核定，保持 public 基线
Acura NSX Coupe 1995,SD0,SD0,APPLIED,OUT_OF_SCOPE_UNCHANGED,本轮未重新核定，保持 public 基线
Acura NSX Coupe 1996-2005,SD0,SD0,APPLIED,OUT_OF_SCOPE_UNCHANGED,本轮未重新核定，保持 public 基线
Acura NSX Coupe 2017-2021,SD0,SD0,APPLIED,OUT_OF_SCOPE_UNCHANGED,本轮未重新核定，保持 public 基线
Acura NSX Type S Coupe 2022,SD0,SD0,APPLIED,OUT_OF_SCOPE_UNCHANGED,本轮未重新核定，保持 public 基线
Acura RDX SUV 2007-2009,SU1,SU1,APPLIED,SUV_TAPER_REVIEW,详见 suv_audit.csv
Acura RDX SUV 2010-2012,SU1,SU1,APPLIED,SUV_TAPER_REVIEW,详见 suv_audit.csv
Acura RDX SUV 2013-2015,SU1,SU1,APPLIED,SUV_TAPER_REVIEW,详见 suv_audit.csv
Acura RDX SUV 2016-2018,SU1,SU1,APPLIED,SUV_TAPER_REVIEW,详见 suv_audit.csv
Acura RDX SUV 2020-2021,SU1,SU1,APPLIED,SUV_TAPER_REVIEW,详见 suv_audit.csv
Acura RDX SUV 2022-2026,SU1,SU1,APPLIED,SUV_TAPER_REVIEW,详见 suv_audit.csv
Acura RL Sedan 1996-1998,SD1,SD1,APPLIED,OUT_OF_SCOPE_UNCHANGED,本轮未重新核定，保持 public 基线
Acura RL Sedan 1999,SD1,SD1,APPLIED,OUT_OF_SCOPE_UNCHANGED,本轮未重新核定，保持 public 基线
Acura RL Sedan 2000-2003,SD1,SD1,APPLIED,OUT_OF_SCOPE_UNCHANGED,本轮未重新核定，保持 public 基线
Acura RL Sedan 2004,SD1,SD1,APPLIED,OUT_OF_SCOPE_UNCHANGED,本轮未重新核定，保持 public 基线
Acura RLX Sedan 2014-2017,SD1,SD1,APPLIED,OUT_OF_SCOPE_UNCHANGED,本轮未重新核定，保持 public 基线
Acura RLX Sedan 2018,SD1,SD1,APPLIED,OUT_OF_SCOPE_UNCHANGED,本轮未重新核定，保持 public 基线
Acura RLX Sedan 2019-2020,SD1,SD1,APPLIED,OUT_OF_SCOPE_UNCHANGED,本轮未重新核定，保持 public 基线
Acura RSX Hatchback 2002,SD0,SD0,APPLIED,OUT_OF_SCOPE_UNCHANGED,本轮未重新核定，保持 public 基线
Acura RSX Hatchback 2003-2004,SD0,SD0,APPLIED,OUT_OF_SCOPE_UNCHANGED,本轮未重新核定，保持 public 基线
Acura RSX Hatchback 2005-2006,SD0,SD0,APPLIED,OUT_OF_SCOPE_UNCHANGED,本轮未重新核定，保持 public 基线
Acura SLX SUV 1996,SU2,SU2,APPLIED,SUV_TAPER_REVIEW,详见 suv_audit.csv
Acura SLX SUV 1997,SU2,SU2,APPLIED,SUV_TAPER_REVIEW,详见 suv_audit.csv
Acura SLX SUV 1998-1999,SU2,SU2,APPLIED,SUV_TAPER_REVIEW,详见 suv_audit.csv
Acura TL Sedan 1996-1998,SD1,SD1,APPLIED,OUT_OF_SCOPE_UNCHANGED,本轮未重新核定，保持 public 基线
Acura TL SH-AWD Sedan 2009-2014,SD1,SD1,APPLIED,OUT_OF_SCOPE_UNCHANGED,本轮未重新核定，保持 public 基线
Acura TL Type-S Sedan 1999,SD1,SD1,APPLIED,OUT_OF_SCOPE_UNCHANGED,本轮未重新核定，保持 public 基线
Acura TL Type-S Sedan 2000-2003,SD1,SD1,APPLIED,OUT_OF_SCOPE_UNCHANGED,本轮未重新核定，保持 public 基线
Acura TL Type-S Sedan 2004-2008,SD1,SD1,APPLIED,OUT_OF_SCOPE_UNCHANGED,本轮未重新核定，保持 public 基线
Acura TLX Sedan 2015-2017,SD1,SD1,APPLIED,OUT_OF_SCOPE_UNCHANGED,本轮未重新核定，保持 public 基线
Acura TLX Sedan 2018-2020,SD1,SD1,APPLIED,OUT_OF_SCOPE_UNCHANGED,本轮未重新核定，保持 public 基线
Acura TLX Type S Sedan 2021-2025,SD1,SD1,APPLIED,OUT_OF_SCOPE_UNCHANGED,本轮未重新核定，保持 public 基线
Acura TSX Sedan 2004-2008,SD1,SD1,APPLIED,OUT_OF_SCOPE_UNCHANGED,本轮未重新核定，保持 public 基线
Acura TSX Sedan 2009,SD1,SD1,APPLIED,OUT_OF_SCOPE_UNCHANGED,本轮未重新核定，保持 public 基线
Acura TSX Sedan 2010-2014,SD1,SD1,APPLIED,OUT_OF_SCOPE_UNCHANGED,本轮未重新核定，保持 public 基线
Acura TSX Wagon 2011,H2,H2,APPLIED,OUT_OF_SCOPE_UNCHANGED,本轮未重新核定，保持 public 基线
Acura TSX Wagon 2012-2014,H2,H2,APPLIED,OUT_OF_SCOPE_UNCHANGED,本轮未重新核定，保持 public 基线
Acura ZDX SUV 2010-2013,SU0,SU0,APPLIED,SUV_TAPER_REVIEW,详见 suv_audit.csv
Acura ZDX SUV 2024-2025,SU0,SU1,APPLIED,SUV_TAPER_REVIEW,详见 suv_audit.csv
Alfa Romeo 4C Coupe 2015,SD0,SD0,APPLIED,OUT_OF_SCOPE_UNCHANGED,本轮未重新核定，保持 public 基线
Alfa Romeo 4C Convertible 2016-2020,SD0,SD0,APPLIED,OUT_OF_SCOPE_UNCHANGED,本轮未重新核定，保持 public 基线
Alfa Romeo GIULIA Sedan 2017-2019,SD1,SD1,APPLIED,OUT_OF_SCOPE_UNCHANGED,本轮未重新核定，保持 public 基线
Alfa Romeo GIULIA Sedan 2020,SD1,SD1,APPLIED,OUT_OF_SCOPE_UNCHANGED,本轮未重新核定，保持 public 基线
Alfa Romeo GIULIA Sedan 2021-2024,SD1,SD1,APPLIED,OUT_OF_SCOPE_UNCHANGED,本轮未重新核定，保持 public 基线
Alfa Romeo GIULIA Sedan 2025-2026,SD1,SD1,APPLIED,OUT_OF_SCOPE_UNCHANGED,本轮未重新核定，保持 public 基线
Alfa Romeo GIULIA Quadrifoglio Sedan 2020,SD1,SD1,APPLIED,OUT_OF_SCOPE_UNCHANGED,本轮未重新核定，保持 public 基线
Alfa Romeo Stelvio SUV 2018-2024,SU1,SU1,APPLIED,SUV_TAPER_REVIEW,详见 suv_audit.csv
Alfa Romeo Stelvio SUV 2025-2026,SU1,SU1,APPLIED,SUV_TAPER_REVIEW,详见 suv_audit.csv
Alfa Romeo Tonale SUV 2024-2026,SU1,SU1,APPLIED,SUV_TAPER_REVIEW,详见 suv_audit.csv
Audi 90 Sedan 1995,SD1,SD1,APPLIED,OUT_OF_SCOPE_UNCHANGED,本轮未重新核定，保持 public 基线
Audi A3 Hatchback 2006-2008,H0,H0,APPLIED,OUT_OF_SCOPE_UNCHANGED,本轮未重新核定，保持 public 基线
Audi A3 Hatchback 2009-2013,H0,H0,APPLIED,OUT_OF_SCOPE_UNCHANGED,本轮未重新核定，保持 public 基线
Audi A3 e-tron Hatchback 2016-2018,H0,H0,APPLIED,OUT_OF_SCOPE_UNCHANGED,本轮未重新核定，保持 public 基线
Audi A3/S3 Sedan 2015-2016,SD1,SD1,APPLIED,OUT_OF_SCOPE_UNCHANGED,本轮未重新核定，保持 public 基线
Audi A3/S3/RS3 Sedan 2017-2020,SD1,SD1,APPLIED,OUT_OF_SCOPE_UNCHANGED,本轮未重新核定，保持 public 基线
Audi A3/S3/RS3 Sedan 2022-2024,SD1,SD1,APPLIED,OUT_OF_SCOPE_UNCHANGED,本轮未重新核定，保持 public 基线
Audi A3/S3/RS3 Sedan 2025-2026,SD1,SD1,APPLIED,OUT_OF_SCOPE_UNCHANGED,本轮未重新核定，保持 public 基线
Audi A4 Sedan 1996-1999,SD1,SD1,APPLIED,OUT_OF_SCOPE_UNCHANGED,本轮未重新核定，保持 public 基线
Audi A4 Wagon 1999,H2,H2,APPLIED,OUT_OF_SCOPE_UNCHANGED,本轮未重新核定，保持 public 基线
Audi A4 Sedan 2002-2003,SD1,SD1,APPLIED,OUT_OF_SCOPE_UNCHANGED,本轮未重新核定，保持 public 基线
Audi A4 Wagon 2002-2003,H2,H2,APPLIED,OUT_OF_SCOPE_UNCHANGED,本轮未重新核定，保持 public 基线
Audi A4 Convertible 2003,SD1,SD1,APPLIED,OUT_OF_SCOPE_UNCHANGED,本轮未重新核定，保持 public 基线
Audi A4 Sedan 2009,SD1,SD1,APPLIED,OUT_OF_SCOPE_UNCHANGED,本轮未重新核定，保持 public 基线
Audi A4 Wagon 2009-2012,H2,H2,APPLIED,OUT_OF_SCOPE_UNCHANGED,本轮未重新核定，保持 public 基线
Audi A4 allroad quattro Wagon 2013-2016,H2,H2,APPLIED,OUT_OF_SCOPE_UNCHANGED,本轮未重新核定，保持 public 基线
Audi A4 allroad quattro Wagon 2017-2019,H2,H2,APPLIED,OUT_OF_SCOPE_UNCHANGED,本轮未重新核定，保持 public 基线
Audi A4 allroad quattro Wagon 2020-2025,H2,H2,APPLIED,OUT_OF_SCOPE_UNCHANGED,本轮未重新核定，保持 public 基线
Audi A4/S4 Sedan 2000-2001,SD1,SD1,APPLIED,OUT_OF_SCOPE_UNCHANGED,本轮未重新核定，保持 public 基线
Audi A4/S4 Wagon 2000-2001,H2,H2,APPLIED,OUT_OF_SCOPE_UNCHANGED,本轮未重新核定，保持 public 基线
Audi A4/S4 Convertible 2004-2005,SD1,SD1,APPLIED,OUT_OF_SCOPE_UNCHANGED,本轮未重新核定，保持 public 基线
Audi A4/S4 Sedan 2004-2005,SD1,SD1,APPLIED,OUT_OF_SCOPE_UNCHANGED,本轮未重新核定，保持 public 基线
Audi A4/S4 Wagon 2004-2005,H2,H2,APPLIED,OUT_OF_SCOPE_UNCHANGED,本轮未重新核定，保持 public 基线
Audi A4/S4 Sedan 2006,SD1,SD1,APPLIED,OUT_OF_SCOPE_UNCHANGED,本轮未重新核定，保持 public 基线
Audi A4/S4 Wagon 2006-2008,H2,H2,APPLIED,OUT_OF_SCOPE_UNCHANGED,本轮未重新核定，保持 public 基线
Audi A4/S4 Convertible 2006-2009,SD1,SD1,APPLIED,OUT_OF_SCOPE_UNCHANGED,本轮未重新核定，保持 public 基线
Audi A4/S4 Sedan 2010-2012,SD1,SD1,APPLIED,OUT_OF_SCOPE_UNCHANGED,本轮未重新核定，保持 public 基线
Audi A4/S4 Sedan 2013-2016,SD1,SD1,APPLIED,OUT_OF_SCOPE_UNCHANGED,本轮未重新核定，保持 public 基线
Audi A4/S4 Sedan 2017-2019,SD1,SD1,APPLIED,OUT_OF_SCOPE_UNCHANGED,本轮未重新核定，保持 public 基线
Audi A4/S4 Sedan 2020-2025,SD1,SD1,APPLIED,OUT_OF_SCOPE_UNCHANGED,本轮未重新核定，保持 public 基线
Audi A4/S4/RS4 Sedan 2007-2008,SD1,SD1,APPLIED,OUT_OF_SCOPE_UNCHANGED,本轮未重新核定，保持 public 基线
Audi A4/S4/RS4 Convertible 2008,SD1,SD1,APPLIED,OUT_OF_SCOPE_UNCHANGED,本轮未重新核定，保持 public 基线
Audi A5/S5 Coupe 2008-2012,SD0,SD0,APPLIED,OUT_OF_SCOPE_UNCHANGED,本轮未重新核定，保持 public 基线
Audi A5/S5 Convertible 2010-2013,SD0,SD0,APPLIED,OUT_OF_SCOPE_UNCHANGED,本轮未重新核定，保持 public 基线
Audi A5/S5 Convertible 2019-2024,SD0,SD0,APPLIED,OUT_OF_SCOPE_UNCHANGED,本轮未重新核定，保持 public 基线
Audi A5/S5 Liftback 2026,SD0,SD0,APPLIED,OUT_OF_SCOPE_UNCHANGED,本轮未重新核定，保持 public 基线
Audi A5/S5/RS5 Coupe 2013-2017,SD0,SD0,APPLIED,OUT_OF_SCOPE_UNCHANGED,本轮未重新核定，保持 public 基线
Audi A5/S5/RS5 Convertible 2014-2017,SD0,SD0,APPLIED,OUT_OF_SCOPE_UNCHANGED,本轮未重新核定，保持 public 基线
Audi A5/S5/RS5 Liftback 2018-2019,SD0,SD0,APPLIED,OUT_OF_SCOPE_UNCHANGED,本轮未重新核定，保持 public 基线
Audi A5/S5/RS5 Coupe 2018-2024,SD0,SD0,APPLIED,OUT_OF_SCOPE_UNCHANGED,本轮未重新核定，保持 public 基线
Audi A5/S5/RS5 Liftback 2020-2024,SD0,SD0,APPLIED,OUT_OF_SCOPE_UNCHANGED,本轮未重新核定，保持 public 基线
Audi A5/S5/RS5 Liftback 2025,SD0,SD0,APPLIED,OUT_OF_SCOPE_UNCHANGED,本轮未重新核定，保持 public 基线
Audi A6 Sedan 1998-2000,SD1,SD1,APPLIED,OUT_OF_SCOPE_UNCHANGED,本轮未重新核定，保持 public 基线
Audi A6 Wagon 1998-2000,H2,H2,APPLIED,OUT_OF_SCOPE_UNCHANGED,本轮未重新核定，保持 public 基线
Audi A6 Wagon 2006-2011,H2,H2,APPLIED,OUT_OF_SCOPE_UNCHANGED,本轮未重新核定，保持 public 基线
Audi A6 Sedan 2026,SD1,SD1,APPLIED,OUT_OF_SCOPE_UNCHANGED,本轮未重新核定，保持 public 基线
Audi A6 allroad quattro Wagon 2001-2005,H2,H2,APPLIED,OUT_OF_SCOPE_UNCHANGED,本轮未重新核定，保持 public 基线
Audi A6 allroad quattro Wagon 2020-2025,H2,H2,APPLIED,OUT_OF_SCOPE_UNCHANGED,本轮未重新核定，保持 public 基线
Audi A6 e-tron/S6 e-tron Liftback 2025,SD1,SD1,APPLIED,OUT_OF_SCOPE_UNCHANGED,本轮未重新核定，保持 public 基线
Audi A6/S6 Sedan 1995-1997,SD1,SD1,APPLIED,OUT_OF_SCOPE_UNCHANGED,本轮未重新核定，保持 public 基线
Audi A6/S6 Wagon 2001-2004,H2,H2,APPLIED,OUT_OF_SCOPE_UNCHANGED,本轮未重新核定，保持 public 基线
Audi A6/S6 Sedan 2005-2011,SD1,SD1,APPLIED,OUT_OF_SCOPE_UNCHANGED,本轮未重新核定，保持 public 基线
Audi A6/S6 Sedan 2012-2018,SD1,SD1,APPLIED,OUT_OF_SCOPE_UNCHANGED,本轮未重新核定，保持 public 基线
Audi A6/S6 Sedan 2019-2025,SD1,SD1,APPLIED,OUT_OF_SCOPE_UNCHANGED,本轮未重新核定，保持 public 基线
Audi A6/S6/RS6 Sedan 2001-2004,SD1,SD1,APPLIED,OUT_OF_SCOPE_UNCHANGED,本轮未重新核定，保持 public 基线
Audi A7/S7/RS7 Liftback 2012-2018,SD1,SD1,APPLIED,OUT_OF_SCOPE_UNCHANGED,本轮未重新核定，保持 public 基线
Audi A7/S7/RS7 Liftback 2019-2025,SD1,SD1,APPLIED,OUT_OF_SCOPE_UNCHANGED,本轮未重新核定，保持 public 基线
Audi A8/S8 Sedan 1997-2003,SD1,SD1,APPLIED,OUT_OF_SCOPE_UNCHANGED,本轮未重新核定，保持 public 基线
Audi A8/S8 Sedan 2004-2010,SD1,SD1,APPLIED,OUT_OF_SCOPE_UNCHANGED,本轮未重新核定，保持 public 基线
Audi A8/S8 Sedan 2011-2018,SD1,SD1,APPLIED,OUT_OF_SCOPE_UNCHANGED,本轮未重新核定，保持 public 基线
Audi A8/S8 Sedan 2019-2026,SD1,SD1,APPLIED,OUT_OF_SCOPE_UNCHANGED,本轮未重新核定，保持 public 基线
Audi A8/S8 LWB Sedan 2000-2003,SD1,SD1,APPLIED,OUT_OF_SCOPE_UNCHANGED,本轮未重新核定，保持 public 基线
Audi A8/S8 LWB Sedan 2004-2010,SD1,SD1,APPLIED,OUT_OF_SCOPE_UNCHANGED,本轮未重新核定，保持 public 基线
Audi A8/S8 LWB Sedan 2011-2018,SD1,SD1,APPLIED,OUT_OF_SCOPE_UNCHANGED,本轮未重新核定，保持 public 基线
Audi Cabriolet Convertible 1995-1998,SD0,SD0,APPLIED,OUT_OF_SCOPE_UNCHANGED,本轮未重新核定，保持 public 基线
Audi Q3 SUV 2015-2018,SU1,SU1,APPLIED,SUV_TAPER_REVIEW,详见 suv_audit.csv
Audi Q3 SUV 2019-2020,SU1,SU1,APPLIED,SUV_TAPER_REVIEW,详见 suv_audit.csv
Audi Q3 SUV 2021-2025,SU1,SU1,APPLIED,SUV_TAPER_REVIEW,详见 suv_audit.csv
Audi Q3 SUV 2026,SU1,SU1,APPLIED,SUV_TAPER_REVIEW,详见 suv_audit.csv
Audi Q4 e-tron SUV 2022-2026,SU1,SU1,APPLIED,SUV_TAPER_REVIEW,详见 suv_audit.csv
Audi Q4 e-tron Sportback SUV 2022-2026,SU0,SU1,APPLIED,SUV_TAPER_REVIEW,详见 suv_audit.csv
Audi Q5 SUV 2009-2013,SU1,SU1,APPLIED,SUV_TAPER_REVIEW,详见 suv_audit.csv
Audi Q5/SQ5 SUV 2014-2017,SU1,SU1,APPLIED,SUV_TAPER_REVIEW,详见 suv_audit.csv
Audi Q5/SQ5 SUV 2018-2024,SU1,SU1,APPLIED,SUV_TAPER_REVIEW,详见 suv_audit.csv
Audi Q5/SQ5 SUV 2025-2026,SU1,SU1,APPLIED,SUV_TAPER_REVIEW,详见 suv_audit.csv
Audi Q5/SQ5 Sportback SUV 2021-2024,SU0,SU1,APPLIED,SUV_TAPER_REVIEW,详见 suv_audit.csv
Audi Q5/SQ5 Sportback SUV 2026,SU0,SU1,APPLIED,SUV_TAPER_REVIEW,详见 suv_audit.csv
Audi Q6/SQ6 e-tron SUV 2025,SU1,SU1,APPLIED,SUV_TAPER_REVIEW,详见 suv_audit.csv
Audi Q6/SQ6 e-tron Sportback SUV 2025,SU0,SU1,APPLIED,SUV_TAPER_REVIEW,详见 suv_audit.csv
Audi Q7 SUV 2007-2015,SU1,SU1,APPLIED,SUV_TAPER_REVIEW,详见 suv_audit.csv
Audi Q7 SUV 2017-2019,SU1,SU1,APPLIED,SUV_TAPER_REVIEW,详见 suv_audit.csv
Audi Q7/SQ7 SUV 2020-2026,SU1,SU1,APPLIED,SUV_TAPER_REVIEW,详见 suv_audit.csv
Audi Q8 SUV 2019,SU0,SU1,APPLIED,SUV_TAPER_REVIEW,详见 suv_audit.csv
Audi Q8 e-tron/SQ8 e-tron SUV 2024-2025,SU1,SU1,APPLIED,SUV_TAPER_REVIEW,详见 suv_audit.csv
Audi Q8 e-tron/SQ8 e-tron Sportback SUV 2024-2025,SU0,SU1,APPLIED,SUV_TAPER_REVIEW,详见 suv_audit.csv
Audi Q8/SQ8/RS Q8 SUV 2020-2024,SU0,SU1,APPLIED,SUV_TAPER_REVIEW,详见 suv_audit.csv
Audi Q8/SQ8/RS Q8 SUV 2025-2026,SU0,SU1,APPLIED,SUV_TAPER_REVIEW,详见 suv_audit.csv
Audi R8/R8 GT Coupe 2008-2015,SD0,SD0,APPLIED,OUT_OF_SCOPE_UNCHANGED,本轮未重新核定，保持 public 基线
Audi R8/R8 GT Coupe 2017-2023,SD0,SD0,APPLIED,OUT_OF_SCOPE_UNCHANGED,本轮未重新核定，保持 public 基线
Audi R8/R8 GT Spyder Convertible 2011-2015,SD0,SD0,APPLIED,OUT_OF_SCOPE_UNCHANGED,本轮未重新核定，保持 public 基线
Audi R8/R8 GT Spyder Convertible 2017-2023,SD0,SD0,APPLIED,OUT_OF_SCOPE_UNCHANGED,本轮未重新核定，保持 public 基线
Audi RS6 Avant Wagon 2021-2026,H2,H2,APPLIED,OUT_OF_SCOPE_UNCHANGED,本轮未重新核定，保持 public 基线
Audi RS7 Liftback 2026,SD1,SD1,APPLIED,OUT_OF_SCOPE_UNCHANGED,本轮未重新核定，保持 public 基线
Audi TT/TTS/TT RS Coupe 2000-2006,SD0,SD0,APPLIED,OUT_OF_SCOPE_UNCHANGED,本轮未重新核定，保持 public 基线
Audi TT/TTS/TT RS Convertible 2001-2006,SD0,SD0,APPLIED,OUT_OF_SCOPE_UNCHANGED,本轮未重新核定，保持 public 基线
Audi TT/TTS/TT RS Convertible 2008-2015,SD0,SD0,APPLIED,OUT_OF_SCOPE_UNCHANGED,本轮未重新核定，保持 public 基线
Audi TT/TTS/TT RS Coupe 2008-2015,SD0,SD0,APPLIED,OUT_OF_SCOPE_UNCHANGED,本轮未重新核定，保持 public 基线
Audi TT/TTS/TT RS Convertible 2016-2023,SD0,SD0,APPLIED,OUT_OF_SCOPE_UNCHANGED,本轮未重新核定，保持 public 基线
Audi TT/TTS/TT RS Coupe 2016-2023,SD0,SD0,APPLIED,OUT_OF_SCOPE_UNCHANGED,本轮未重新核定，保持 public 基线
Audi e-tron GT/RS e-tron GT Sedan 2022-2024,SD0,SD0,APPLIED,OUT_OF_SCOPE_UNCHANGED,本轮未重新核定，保持 public 基线
Audi e-tron GT/S e-tron GT/RS e-tron GT Sedan 2025-2026,SD0,SD0,APPLIED,OUT_OF_SCOPE_UNCHANGED,本轮未重新核定，保持 public 基线
Audi e-tron/S e-tron SUV SUV 2019-2023,SU1,SU1,APPLIED,SUV_TAPER_REVIEW,详见 suv_audit.csv
Audi e-tron/S e-tron Sportback SUV 2020-2023,SU0,SU1,APPLIED,SUV_TAPER_REVIEW,详见 suv_audit.csv
BMW 1 Series Convertible 2008-2011,SD0,SD0,APPLIED,OUT_OF_SCOPE_UNCHANGED,本轮未重新核定，保持 public 基线
BMW 1 Series Coupe 2008-2011,SD0,SD0,APPLIED,OUT_OF_SCOPE_UNCHANGED,本轮未重新核定，保持 public 基线
BMW 1 Series Convertible 2012-2013,SD0,SD0,APPLIED,OUT_OF_SCOPE_UNCHANGED,本轮未重新核定，保持 public 基线
BMW 1 Series Coupe 2012-2013,SD0,SD0,APPLIED,OUT_OF_SCOPE_UNCHANGED,本轮未重新核定，保持 public 基线
BMW 2 Series Coupe 2014,SD0,SD0,APPLIED,OUT_OF_SCOPE_UNCHANGED,本轮未重新核定，保持 public 基线
BMW 2 Series Coupe 2015-2020,SD0,SD0,APPLIED,OUT_OF_SCOPE_UNCHANGED,本轮未重新核定，保持 public 基线
BMW 2 Series Convertible 2015-2021,SD0,SD0,APPLIED,OUT_OF_SCOPE_UNCHANGED,本轮未重新核定，保持 public 基线
BMW 2 Series Gran Coupe Sedan 2020-2024,SD0,SD0,APPLIED,OUT_OF_SCOPE_UNCHANGED,本轮未重新核定，保持 public 基线
BMW 2 Series Gran Coupe Sedan 2025-2026,SD0,SD0,APPLIED,OUT_OF_SCOPE_UNCHANGED,本轮未重新核定，保持 public 基线
BMW 2 Series M2 Coupe 2022-2026,SD0,SD0,APPLIED,OUT_OF_SCOPE_UNCHANGED,本轮未重新核定，保持 public 基线
BMW 3 Series Coupe 1977-1983,SD2,SD2,APPLIED,OUT_OF_SCOPE_UNCHANGED,本轮未重新核定，保持 public 基线
BMW 3 Series Sedan 1984-1991,SD2,SD2,APPLIED,OUT_OF_SCOPE_UNCHANGED,本轮未重新核定，保持 public 基线
BMW 3 Series Convertible 1987-1991,SD2,SD2,APPLIED,OUT_OF_SCOPE_UNCHANGED,本轮未重新核定，保持 public 基线
BMW 3 Series Sedan 1992-1998,SD1,SD1,APPLIED,OUT_OF_SCOPE_UNCHANGED,本轮未重新核定，保持 public 基线
BMW 3 Series Coupe 1992-1999,SD1,SD1,APPLIED,OUT_OF_SCOPE_UNCHANGED,本轮未重新核定，保持 public 基线
BMW 3 Series Convertible 1994-1999,SD1,SD1,APPLIED,OUT_OF_SCOPE_UNCHANGED,本轮未重新核定，保持 public 基线
BMW 3 Series Sedan 1999-2005,SD1,SD1,APPLIED,OUT_OF_SCOPE_UNCHANGED,本轮未重新核定，保持 public 基线
BMW 3 Series Wagon 2000-2005,H2,H2,APPLIED,OUT_OF_SCOPE_UNCHANGED,本轮未重新核定，保持 public 基线
BMW 3 Series Convertible 2000-2006,SD1,SD1,APPLIED,OUT_OF_SCOPE_UNCHANGED,本轮未重新核定，保持 public 基线
BMW 3 Series Coupe 2000-2006,SD1,SD1,APPLIED,OUT_OF_SCOPE_UNCHANGED,本轮未重新核定，保持 public 基线
BMW 3 Series Sedan 2006-2011,SD1,SD1,APPLIED,OUT_OF_SCOPE_UNCHANGED,本轮未重新核定，保持 public 基线
BMW 3 Series Wagon 2007-2011,H2,H2,APPLIED,OUT_OF_SCOPE_UNCHANGED,本轮未重新核定，保持 public 基线
BMW 3 Series Convertible 2007-2013,SD1,SD1,APPLIED,OUT_OF_SCOPE_UNCHANGED,本轮未重新核定，保持 public 基线
BMW 3 Series Coupe 2007-2013,SD1,SD1,APPLIED,OUT_OF_SCOPE_UNCHANGED,本轮未重新核定，保持 public 基线
BMW 3 Series Wagon 2012,H2,H2,APPLIED,OUT_OF_SCOPE_UNCHANGED,本轮未重新核定，保持 public 基线
BMW 3 Series Sedan 2012-2018,SD1,SD1,APPLIED,OUT_OF_SCOPE_UNCHANGED,本轮未重新核定，保持 public 基线
BMW 3 Series Wagon 2014-2019,H2,H2,APPLIED,OUT_OF_SCOPE_UNCHANGED,本轮未重新核定，保持 public 基线
BMW 3 Series Sedan 2019-2026,SD1,SD1,APPLIED,OUT_OF_SCOPE_UNCHANGED,本轮未重新核定，保持 public 基线
BMW 3 Series GT Hatchback 2014-2019,H0,H0,APPLIED,OUT_OF_SCOPE_UNCHANGED,本轮未重新核定，保持 public 基线
BMW 4 Series Convertible 2014-2020,SD0,SD0,APPLIED,OUT_OF_SCOPE_UNCHANGED,本轮未重新核定，保持 public 基线
BMW 4 Series Coupe 2014-2020,SD0,SD0,APPLIED,OUT_OF_SCOPE_UNCHANGED,本轮未重新核定，保持 public 基线
BMW 4 Series Gran Coupe Sedan 2015-2020,SD0,SD0,APPLIED,OUT_OF_SCOPE_UNCHANGED,本轮未重新核定，保持 public 基线
BMW 4 Series Gran Coupe Sedan 2022-2026,SD0,SD0,APPLIED,OUT_OF_SCOPE_UNCHANGED,本轮未重新核定，保持 public 基线
BMW 4 Series M4 Convertible 2021-2026,SD0,SD0,APPLIED,OUT_OF_SCOPE_UNCHANGED,本轮未重新核定，保持 public 基线
BMW 4 Series M4 Coupe 2021-2026,SD0,SD0,APPLIED,OUT_OF_SCOPE_UNCHANGED,本轮未重新核定，保持 public 基线
BMW 5 Series Sedan 1975-1981,SD2,SD2,APPLIED,OUT_OF_SCOPE_UNCHANGED,本轮未重新核定，保持 public 基线
BMW 5 Series Sedan 1982-1988,SD2,SD2,APPLIED,OUT_OF_SCOPE_UNCHANGED,本轮未重新核定，保持 public 基线
BMW 5 Series Sedan 1989-1995,SD2,SD2,APPLIED,OUT_OF_SCOPE_UNCHANGED,本轮未重新核定，保持 public 基线
BMW 5 Series Wagon 1992-1995,H2,H2,APPLIED,OUT_OF_SCOPE_UNCHANGED,本轮未重新核定，保持 public 基线
BMW 5 Series Sedan 1997-2003,SD1,SD1,APPLIED,OUT_OF_SCOPE_UNCHANGED,本轮未重新核定，保持 public 基线
BMW 5 Series Wagon 1999-2003,H2,H2,APPLIED,OUT_OF_SCOPE_UNCHANGED,本轮未重新核定，保持 public 基线
BMW 5 Series Sedan 2004-2010,SD1,SD1,APPLIED,OUT_OF_SCOPE_UNCHANGED,本轮未重新核定，保持 public 基线
BMW 5 Series Wagon 2006-2010,H2,H2,APPLIED,OUT_OF_SCOPE_UNCHANGED,本轮未重新核定，保持 public 基线
BMW 5 Series Sedan 2011-2016,SD1,SD1,APPLIED,OUT_OF_SCOPE_UNCHANGED,本轮未重新核定，保持 public 基线
BMW 5 Series Sedan 2017-2023,SD1,SD1,APPLIED,OUT_OF_SCOPE_UNCHANGED,本轮未重新核定，保持 public 基线
BMW 5 Series Sedan 2024-2026,SD1,SD1,APPLIED,OUT_OF_SCOPE_UNCHANGED,本轮未重新核定，保持 public 基线
BMW 5 Series GT Sedan 2010-2016,SD1,SD1,APPLIED,OUT_OF_SCOPE_UNCHANGED,本轮未重新核定，保持 public 基线
BMW 5 Series M5 Sedan 2026,SD1,SD1,APPLIED,OUT_OF_SCOPE_UNCHANGED,本轮未重新核定，保持 public 基线
BMW 6 Series Coupe 1977-1989,SD0,SD0,APPLIED,OUT_OF_SCOPE_UNCHANGED,本轮未重新核定，保持 public 基线
BMW 6 Series Convertible 2004-2010,SD0,SD0,APPLIED,OUT_OF_SCOPE_UNCHANGED,本轮未重新核定，保持 public 基线
BMW 6 Series Coupe 2004-2010,SD0,SD0,APPLIED,OUT_OF_SCOPE_UNCHANGED,本轮未重新核定，保持 public 基线
BMW 6 Series Convertible 2012-2019,SD0,SD0,APPLIED,OUT_OF_SCOPE_UNCHANGED,本轮未重新核定，保持 public 基线
BMW 6 Series Coupe 2012-2019,SD0,SD0,APPLIED,OUT_OF_SCOPE_UNCHANGED,本轮未重新核定，保持 public 基线
BMW 6 Series Hatchback 2018-2019,H0,H0,APPLIED,OUT_OF_SCOPE_UNCHANGED,本轮未重新核定，保持 public 基线
BMW 6 Series GT Hatchback 2018-2019,H0,H0,APPLIED,OUT_OF_SCOPE_UNCHANGED,本轮未重新核定，保持 public 基线
BMW 6 Series Gran Coupe Sedan 2013-2019,SD0,SD0,APPLIED,OUT_OF_SCOPE_UNCHANGED,本轮未重新核定，保持 public 基线
BMW 7 Series Sedan 1978-1986,SD2,SD2,APPLIED,OUT_OF_SCOPE_UNCHANGED,本轮未重新核定，保持 public 基线
BMW 7 Series Sedan 1987-1994,SD2,SD2,APPLIED,OUT_OF_SCOPE_UNCHANGED,本轮未重新核定，保持 public 基线
BMW 7 Series Sedan 1995-2001,SD1,SD1,APPLIED,OUT_OF_SCOPE_UNCHANGED,本轮未重新核定，保持 public 基线
BMW 7 Series Sedan 2002-2008,SD1,SD1,APPLIED,OUT_OF_SCOPE_UNCHANGED,本轮未重新核定，保持 public 基线
BMW 7 Series Sedan 2009-2015,SD1,SD1,APPLIED,OUT_OF_SCOPE_UNCHANGED,本轮未重新核定，保持 public 基线
BMW 7 Series Sedan 2016-2022,SD1,SD1,APPLIED,OUT_OF_SCOPE_UNCHANGED,本轮未重新核定，保持 public 基线
BMW 7 Series Sedan 2023-2026,SD1,SD1,APPLIED,OUT_OF_SCOPE_UNCHANGED,本轮未重新核定，保持 public 基线
BMW 8 Series Coupe 1991-1997,SD0,SD0,APPLIED,OUT_OF_SCOPE_UNCHANGED,本轮未重新核定，保持 public 基线
BMW 8 Series Convertible 2019-2026,SD0,SD0,APPLIED,OUT_OF_SCOPE_UNCHANGED,本轮未重新核定，保持 public 基线
BMW 8 Series Coupe 2019-2026,SD0,SD0,APPLIED,OUT_OF_SCOPE_UNCHANGED,本轮未重新核定，保持 public 基线
BMW 8 Series Gran Coupe Sedan 2020-2026,SD0,SD0,APPLIED,OUT_OF_SCOPE_UNCHANGED,本轮未重新核定，保持 public 基线
BMW X1 SUV 2013-2015,SU1,SU1,APPLIED,SUV_TAPER_REVIEW,详见 suv_audit.csv
BMW X1 SUV 2016-2022,SU1,SU1,APPLIED,SUV_TAPER_REVIEW,详见 suv_audit.csv
BMW X1 SUV 2023-2026,SU1,SU1,APPLIED,SUV_TAPER_REVIEW,详见 suv_audit.csv
BMW X1 M35i SUV 2024-2026,SU1,SU1,APPLIED,SUV_TAPER_REVIEW,详见 suv_audit.csv
BMW X2 SUV 2018-2023,SU0,SU1,APPLIED,SUV_TAPER_REVIEW,详见 suv_audit.csv
BMW X2 SUV 2024-2026,SU0,SU1,APPLIED,SUV_TAPER_REVIEW,详见 suv_audit.csv
BMW X2 M35i Crossover 2024-2025,SU0,SU1,APPLIED,SUV_TAPER_REVIEW,详见 suv_audit.csv
BMW X2 M35i Crossover 2026,SU0,SU1,APPLIED,SUV_TAPER_REVIEW,详见 suv_audit.csv
BMW X3 SUV 2004-2010,SU1,SU1,APPLIED,SUV_TAPER_REVIEW,详见 suv_audit.csv
BMW X3 SUV 2011-2017,SU1,SU1,APPLIED,SUV_TAPER_REVIEW,详见 suv_audit.csv
BMW X3 SUV 2018-2024,SU1,SU1,APPLIED,SUV_TAPER_REVIEW,详见 suv_audit.csv
BMW X3 SUV 2025-2026,SU1,SU1,APPLIED,SUV_TAPER_REVIEW,详见 suv_audit.csv
BMW X4 SUV 2015-2018,SU0,SU1,APPLIED,SUV_TAPER_REVIEW,详见 suv_audit.csv
BMW X4 SUV 2019-2025,SU0,SU1,APPLIED,SUV_TAPER_REVIEW,详见 suv_audit.csv
BMW X5 SUV 2000-2006,SU1,SU1,APPLIED,SUV_TAPER_REVIEW,详见 suv_audit.csv
BMW X5 SUV 2007-2013,SU1,SU1,APPLIED,SUV_TAPER_REVIEW,详见 suv_audit.csv
BMW X5 SUV 2014-2018,SU1,SU1,APPLIED,SUV_TAPER_REVIEW,详见 suv_audit.csv
BMW X5 SUV 2019-2023,SU1,SU1,APPLIED,SUV_TAPER_REVIEW,详见 suv_audit.csv
BMW X5 SUV 2024-2026,SU1,SU1,APPLIED,SUV_TAPER_REVIEW,详见 suv_audit.csv
BMW X6 SUV 2008-2014,SU0,SU1,APPLIED,SUV_TAPER_REVIEW,详见 suv_audit.csv
BMW X6 SUV 2015-2019,SU0,SU1,APPLIED,SUV_TAPER_REVIEW,详见 suv_audit.csv
BMW X6 SUV 2020-2026,SU0,SU1,APPLIED,SUV_TAPER_REVIEW,详见 suv_audit.csv
BMW X7 SUV 2019-2022,SU1,SU1,APPLIED,SUV_TAPER_REVIEW,详见 suv_audit.csv
BMW X7 M60i SUV 2023-2026,SU1,SU1,APPLIED,SUV_TAPER_REVIEW,详见 suv_audit.csv
BMW XM SUV 2023-2026,SU0,SU1,APPLIED,SUV_TAPER_REVIEW,详见 suv_audit.csv
BMW Z3 Convertible 1996,SD0,SD0,APPLIED,OUT_OF_SCOPE_UNCHANGED,本轮未重新核定，保持 public 基线
BMW Z3 Convertible 1997-2002,SD0,SD0,APPLIED,OUT_OF_SCOPE_UNCHANGED,本轮未重新核定，保持 public 基线
BMW Z3 Coupe 1999-2002,SD0,SD0,APPLIED,OUT_OF_SCOPE_UNCHANGED,本轮未重新核定，保持 public 基线
BMW Z4 Convertible 2003-2008,SD0,SD0,APPLIED,OUT_OF_SCOPE_UNCHANGED,本轮未重新核定，保持 public 基线
BMW Z4 Convertible 2009-2016,SD0,SD0,APPLIED,OUT_OF_SCOPE_UNCHANGED,本轮未重新核定，保持 public 基线
BMW Z4 Convertible 2019-2026,SD0,SD0,APPLIED,OUT_OF_SCOPE_UNCHANGED,本轮未重新核定，保持 public 基线
BMW i3 Hatchback 2014-2017,H1,H1,APPLIED,OUT_OF_SCOPE_UNCHANGED,本轮未重新核定，保持 public 基线
BMW i3 Hatchback 2018-2021,H1,H1,APPLIED,OUT_OF_SCOPE_UNCHANGED,本轮未重新核定，保持 public 基线
BMW i4 Fastback 2022-2026,SD1,SD1,APPLIED,OUT_OF_SCOPE_UNCHANGED,本轮未重新核定，保持 public 基线
BMW i5 Sedan 2024-2026,SD1,SD1,APPLIED,OUT_OF_SCOPE_UNCHANGED,本轮未重新核定，保持 public 基线
BMW i7 Sedan 2023-2026,SD1,SD1,APPLIED,OUT_OF_SCOPE_UNCHANGED,本轮未重新核定，保持 public 基线
BMW i8 Coupe 2014-2020,SD0,SD0,APPLIED,OUT_OF_SCOPE_UNCHANGED,本轮未重新核定，保持 public 基线
BMW i8 Convertible 2019-2020,SD0,SD0,APPLIED,OUT_OF_SCOPE_UNCHANGED,本轮未重新核定，保持 public 基线
BMW iX SUV 2022-2025,SU1,SU1,APPLIED,SUV_TAPER_REVIEW,详见 suv_audit.csv
BMW iX SUV 2026,SU1,SU1,APPLIED,SUV_TAPER_REVIEW,详见 suv_audit.csv
Buick Cascada Convertible 2016-2019,SD0,SD0,APPLIED,OUT_OF_SCOPE_UNCHANGED,本轮未重新核定，保持 public 基线
Buick Century Wagon 1954,H3,H3,APPLIED,OUT_OF_SCOPE_UNCHANGED,本轮未重新核定，保持 public 基线
Buick Century Wagon 1955,H3,H3,APPLIED,OUT_OF_SCOPE_UNCHANGED,本轮未重新核定，保持 public 基线
Buick Century Wagon 1956,H3,H3,APPLIED,OUT_OF_SCOPE_UNCHANGED,本轮未重新核定，保持 public 基线
Buick Century Convertible 1957,SD1,SD1,APPLIED,OUT_OF_SCOPE_UNCHANGED,本轮未重新核定，保持 public 基线
Buick Century Wagon 1958,H3,H3,APPLIED,OUT_OF_SCOPE_UNCHANGED,本轮未重新核定，保持 public 基线
Buick Century Wagon 1973-1977,H3,H3,APPLIED,OUT_OF_SCOPE_UNCHANGED,本轮未重新核定，保持 public 基线
Buick Century Wagon 1978-1981,H3,H3,APPLIED,OUT_OF_SCOPE_UNCHANGED,本轮未重新核定，保持 public 基线
Buick Century Wagon 1982-1996,H3,H3,APPLIED,OUT_OF_SCOPE_UNCHANGED,本轮未重新核定，保持 public 基线
Buick Century Sedan 1998-2005,SD1,SD1,APPLIED,OUT_OF_SCOPE_UNCHANGED,本轮未重新核定，保持 public 基线
Buick Enclave SUV 2008-2012,SU1,SU1,APPLIED,SUV_TAPER_REVIEW,详见 suv_audit.csv
Buick Enclave SUV 2013-2017,SU1,SU1,APPLIED,SUV_TAPER_REVIEW,详见 suv_audit.csv
Buick Enclave SUV 2018-2021,SU1,SU1,APPLIED,SUV_TAPER_REVIEW,详见 suv_audit.csv
Buick Enclave SUV 2022-2024,SU1,SU1,APPLIED,SUV_TAPER_REVIEW,详见 suv_audit.csv
Buick Enclave SUV 2025-2026,SU1,SU1,APPLIED,SUV_TAPER_REVIEW,详见 suv_audit.csv
Buick Encore SUV 2013-2022,SU1,SU1,APPLIED,SUV_TAPER_REVIEW,详见 suv_audit.csv
Buick Encore GX SUV 2020-2023,SU1,SU1,APPLIED,SUV_TAPER_REVIEW,详见 suv_audit.csv
Buick Encore GX SUV 2024-2026,SU1,SU1,APPLIED,SUV_TAPER_REVIEW,详见 suv_audit.csv
Buick Envision SUV 2016-2020,SU1,SU1,APPLIED,SUV_TAPER_REVIEW,详见 suv_audit.csv
Buick Envision SUV 2021-2026,SU1,SU1,APPLIED,SUV_TAPER_REVIEW,详见 suv_audit.csv
Buick Envista SUV 2024-2026,SU0,SU0,APPLIED,SUV_TAPER_REVIEW,详见 suv_audit.csv
Buick LaCrosse Sedan 2005-2009,SD1,SD1,APPLIED,OUT_OF_SCOPE_UNCHANGED,本轮未重新核定，保持 public 基线
Buick LaCrosse Sedan 2010-2016,SD1,SD1,APPLIED,OUT_OF_SCOPE_UNCHANGED,本轮未重新核定，保持 public 基线
Buick LaCrosse Sedan 2017-2019,SD1,SD1,APPLIED,OUT_OF_SCOPE_UNCHANGED,本轮未重新核定，保持 public 基线
Buick LeSabre Wagon 1959,H3,H3,APPLIED,OUT_OF_SCOPE_UNCHANGED,本轮未重新核定，保持 public 基线
Buick LeSabre Convertible 1959-1960,SD2,SD2,APPLIED,OUT_OF_SCOPE_UNCHANGED,本轮未重新核定，保持 public 基线
Buick LeSabre Sedan 1959-1960,SD2,SD2,APPLIED,OUT_OF_SCOPE_UNCHANGED,本轮未重新核定，保持 public 基线
Buick LeSabre Wagon 1960,H3,H3,APPLIED,OUT_OF_SCOPE_UNCHANGED,本轮未重新核定，保持 public 基线
Buick LeSabre Convertible 1961-1962,SD2,SD2,APPLIED,OUT_OF_SCOPE_UNCHANGED,本轮未重新核定，保持 public 基线
Buick LeSabre Convertible 1963,SD2,SD2,APPLIED,OUT_OF_SCOPE_UNCHANGED,本轮未重新核定，保持 public 基线
Buick LeSabre Coupe 1963,SD2,SD2,APPLIED,OUT_OF_SCOPE_UNCHANGED,本轮未重新核定，保持 public 基线
Buick LeSabre Sedan 1963,SD2,SD2,APPLIED,OUT_OF_SCOPE_UNCHANGED,本轮未重新核定，保持 public 基线
Buick LeSabre Wagon 1963,H3,H3,APPLIED,OUT_OF_SCOPE_UNCHANGED,本轮未重新核定，保持 public 基线
Buick LeSabre Convertible 1964,SD2,SD2,APPLIED,OUT_OF_SCOPE_UNCHANGED,本轮未重新核定，保持 public 基线
Buick LeSabre Coupe 1964,SD2,SD2,APPLIED,OUT_OF_SCOPE_UNCHANGED,本轮未重新核定，保持 public 基线
Buick LeSabre Sedan 1964,SD2,SD2,APPLIED,OUT_OF_SCOPE_UNCHANGED,本轮未重新核定，保持 public 基线
Buick LeSabre Wagon 1964,H3,H3,APPLIED,OUT_OF_SCOPE_UNCHANGED,本轮未重新核定，保持 public 基线
Buick LeSabre Convertible 1965,SD2,SD2,APPLIED,OUT_OF_SCOPE_UNCHANGED,本轮未重新核定，保持 public 基线
Buick LeSabre Coupe 1965,SD2,SD2,APPLIED,OUT_OF_SCOPE_UNCHANGED,本轮未重新核定，保持 public 基线
Buick LeSabre Sedan 1965,SD2,SD2,APPLIED,OUT_OF_SCOPE_UNCHANGED,本轮未重新核定，保持 public 基线
Buick LeSabre Convertible 1966,SD2,SD2,APPLIED,OUT_OF_SCOPE_UNCHANGED,本轮未重新核定，保持 public 基线
Buick LeSabre Coupe 1966,SD2,SD2,APPLIED,OUT_OF_SCOPE_UNCHANGED,本轮未重新核定，保持 public 基线
Buick LeSabre Sedan 1966,SD2,SD2,APPLIED,OUT_OF_SCOPE_UNCHANGED,本轮未重新核定，保持 public 基线
Buick LeSabre Convertible 1967,SD2,SD2,APPLIED,OUT_OF_SCOPE_UNCHANGED,本轮未重新核定，保持 public 基线
Buick LeSabre Coupe 1967,SD2,SD2,APPLIED,OUT_OF_SCOPE_UNCHANGED,本轮未重新核定，保持 public 基线
Buick LeSabre Sedan 1967,SD2,SD2,APPLIED,OUT_OF_SCOPE_UNCHANGED,本轮未重新核定，保持 public 基线
Buick LeSabre Convertible 1968,SD2,SD2,APPLIED,OUT_OF_SCOPE_UNCHANGED,本轮未重新核定，保持 public 基线
Buick LeSabre Coupe 1968,SD2,SD2,APPLIED,OUT_OF_SCOPE_UNCHANGED,本轮未重新核定，保持 public 基线
Buick LeSabre Sedan 1968,SD2,SD2,APPLIED,OUT_OF_SCOPE_UNCHANGED,本轮未重新核定，保持 public 基线
Buick LeSabre Convertible 1969,SD2,SD2,APPLIED,OUT_OF_SCOPE_UNCHANGED,本轮未重新核定，保持 public 基线
Buick LeSabre Coupe 1969,SD2,SD2,APPLIED,OUT_OF_SCOPE_UNCHANGED,本轮未重新核定，保持 public 基线
Buick LeSabre Sedan 1969,SD2,SD2,APPLIED,OUT_OF_SCOPE_UNCHANGED,本轮未重新核定，保持 public 基线
Buick LeSabre Convertible 1970,SD2,SD2,APPLIED,OUT_OF_SCOPE_UNCHANGED,本轮未重新核定，保持 public 基线
Buick LeSabre Sedan 1970,SD2,SD2,APPLIED,OUT_OF_SCOPE_UNCHANGED,本轮未重新核定，保持 public 基线
Buick LeSabre Wagon 1970,H3,H3,APPLIED,OUT_OF_SCOPE_UNCHANGED,本轮未重新核定，保持 public 基线
Buick LeSabre Coupe 1970-1971,SD2,SD2,APPLIED,OUT_OF_SCOPE_UNCHANGED,本轮未重新核定，保持 public 基线
Buick LeSabre Convertible 1971,SD2,SD2,APPLIED,OUT_OF_SCOPE_UNCHANGED,本轮未重新核定，保持 public 基线
Buick LeSabre Wagon 1971,H3,H3,APPLIED,OUT_OF_SCOPE_UNCHANGED,本轮未重新核定，保持 public 基线
Buick LeSabre Sedan 1971-1972,SD2,SD2,APPLIED,OUT_OF_SCOPE_UNCHANGED,本轮未重新核定，保持 public 基线
Buick LeSabre Convertible 1972,SD2,SD2,APPLIED,OUT_OF_SCOPE_UNCHANGED,本轮未重新核定，保持 public 基线
Buick LeSabre Coupe 1972,SD2,SD2,APPLIED,OUT_OF_SCOPE_UNCHANGED,本轮未重新核定，保持 public 基线
Buick LeSabre Wagon 1972,H3,H3,APPLIED,OUT_OF_SCOPE_UNCHANGED,本轮未重新核定，保持 public 基线
Buick LeSabre Coupe 1973,SD2,SD2,APPLIED,OUT_OF_SCOPE_UNCHANGED,本轮未重新核定，保持 public 基线
Buick LeSabre Sedan 1973,SD2,SD2,APPLIED,OUT_OF_SCOPE_UNCHANGED,本轮未重新核定，保持 public 基线
Buick LeSabre Wagon 1973,H3,H3,APPLIED,OUT_OF_SCOPE_UNCHANGED,本轮未重新核定，保持 public 基线
Buick LeSabre Coupe 1974,SD2,SD2,APPLIED,OUT_OF_SCOPE_UNCHANGED,本轮未重新核定，保持 public 基线
Buick LeSabre Sedan 1974,SD2,SD2,APPLIED,OUT_OF_SCOPE_UNCHANGED,本轮未重新核定，保持 public 基线
Buick LeSabre Wagon 1974,H3,H3,APPLIED,OUT_OF_SCOPE_UNCHANGED,本轮未重新核定，保持 public 基线
Buick LeSabre Convertible 1975,SD2,SD2,APPLIED,OUT_OF_SCOPE_UNCHANGED,本轮未重新核定，保持 public 基线
Buick LeSabre Wagon 1975,H3,H3,APPLIED,OUT_OF_SCOPE_UNCHANGED,本轮未重新核定，保持 public 基线
Buick LeSabre Coupe 1975-1976,SD2,SD2,APPLIED,OUT_OF_SCOPE_UNCHANGED,本轮未重新核定，保持 public 基线
Buick LeSabre Sedan 1975-1976,SD2,SD2,APPLIED,OUT_OF_SCOPE_UNCHANGED,本轮未重新核定，保持 public 基线
Buick LeSabre Wagon 1976,H3,H3,APPLIED,OUT_OF_SCOPE_UNCHANGED,本轮未重新核定，保持 public 基线
Buick LeSabre Coupe 1977,SD2,SD2,APPLIED,OUT_OF_SCOPE_UNCHANGED,本轮未重新核定，保持 public 基线
Buick LeSabre Sedan 1977-1979,SD2,SD2,APPLIED,OUT_OF_SCOPE_UNCHANGED,本轮未重新核定，保持 public 基线
Buick LeSabre Wagon 1977-1979,H3,H3,APPLIED,OUT_OF_SCOPE_UNCHANGED,本轮未重新核定，保持 public 基线
Buick LeSabre Coupe 1978-1979,SD2,SD2,APPLIED,OUT_OF_SCOPE_UNCHANGED,本轮未重新核定，保持 public 基线
Buick LeSabre Coupe 1980,SD2,SD2,APPLIED,OUT_OF_SCOPE_UNCHANGED,本轮未重新核定，保持 public 基线
Buick LeSabre Sedan 1980,SD2,SD2,APPLIED,OUT_OF_SCOPE_UNCHANGED,本轮未重新核定，保持 public 基线
Buick LeSabre Wagon 1980,H3,H3,APPLIED,OUT_OF_SCOPE_UNCHANGED,本轮未重新核定，保持 public 基线
Buick LeSabre Coupe 1981,SD2,SD2,APPLIED,OUT_OF_SCOPE_UNCHANGED,本轮未重新核定，保持 public 基线
Buick LeSabre Sedan 1981,SD2,SD2,APPLIED,OUT_OF_SCOPE_UNCHANGED,本轮未重新核定，保持 public 基线
Buick LeSabre Wagon 1981,H3,H3,APPLIED,OUT_OF_SCOPE_UNCHANGED,本轮未重新核定，保持 public 基线
Buick LeSabre Wagon 1982,H3,H3,APPLIED,OUT_OF_SCOPE_UNCHANGED,本轮未重新核定，保持 public 基线
Buick LeSabre Coupe 1982-1985,SD2,SD2,APPLIED,OUT_OF_SCOPE_UNCHANGED,本轮未重新核定，保持 public 基线
Buick LeSabre Sedan 1982-1985,SD2,SD2,APPLIED,OUT_OF_SCOPE_UNCHANGED,本轮未重新核定，保持 public 基线
Buick LeSabre Wagon 1983-1985,H3,H3,APPLIED,OUT_OF_SCOPE_UNCHANGED,本轮未重新核定，保持 public 基线
Buick LeSabre Coupe 1986,SD2,SD2,APPLIED,OUT_OF_SCOPE_UNCHANGED,本轮未重新核定，保持 public 基线
Buick LeSabre Sedan 1986,SD2,SD2,APPLIED,OUT_OF_SCOPE_UNCHANGED,本轮未重新核定，保持 public 基线
Buick LeSabre Sedan 1987,SD2,SD2,APPLIED,OUT_OF_SCOPE_UNCHANGED,本轮未重新核定，保持 public 基线
Buick LeSabre Coupe 1987-1989,SD2,SD2,APPLIED,OUT_OF_SCOPE_UNCHANGED,本轮未重新核定，保持 public 基线
Buick LeSabre Sedan 1988,SD2,SD2,APPLIED,OUT_OF_SCOPE_UNCHANGED,本轮未重新核定，保持 public 基线
Buick LeSabre Sedan 1989,SD2,SD2,APPLIED,OUT_OF_SCOPE_UNCHANGED,本轮未重新核定，保持 public 基线
Buick LeSabre Sedan 1990,SD2,SD2,APPLIED,OUT_OF_SCOPE_UNCHANGED,本轮未重新核定，保持 public 基线
Buick LeSabre Coupe 1990-1991,SD2,SD2,APPLIED,OUT_OF_SCOPE_UNCHANGED,本轮未重新核定，保持 public 基线
Buick LeSabre Sedan 1991,SD2,SD2,APPLIED,OUT_OF_SCOPE_UNCHANGED,本轮未重新核定，保持 public 基线
Buick LeSabre Sedan 1992-1996,SD2,SD2,APPLIED,OUT_OF_SCOPE_UNCHANGED,本轮未重新核定，保持 public 基线
Buick LeSabre Sedan 1997-1999,SD2,SD2,APPLIED,OUT_OF_SCOPE_UNCHANGED,本轮未重新核定，保持 public 基线
Buick LeSabre Sedan 2000-2005,SD2,SD2,APPLIED,OUT_OF_SCOPE_UNCHANGED,本轮未重新核定，保持 public 基线
Buick LeSabre 2dr Sedan 1961,SD2,SD2,APPLIED,OUT_OF_SCOPE_UNCHANGED,本轮未重新核定，保持 public 基线
Buick LeSabre 4dr Sedan 1962,SD2,SD2,APPLIED,OUT_OF_SCOPE_UNCHANGED,本轮未重新核定，保持 public 基线
Buick LeSabre 4dr Hardtop Sedan 1961,SD2,SD2,APPLIED,OUT_OF_SCOPE_UNCHANGED,本轮未重新核定，保持 public 基线
Buick Lucerne Sedan 2006-2011,SD1,SD1,APPLIED,OUT_OF_SCOPE_UNCHANGED,本轮未重新核定，保持 public 基线
Buick Park Avenue Sedan 1991,SD2,SD2,APPLIED,OUT_OF_SCOPE_UNCHANGED,本轮未重新核定，保持 public 基线
Buick Park Avenue Sedan 1992,SD2,SD2,APPLIED,OUT_OF_SCOPE_UNCHANGED,本轮未重新核定，保持 public 基线
Buick Park Avenue Sedan 1993,SD2,SD2,APPLIED,OUT_OF_SCOPE_UNCHANGED,本轮未重新核定，保持 public 基线
Buick Park Avenue Sedan 1994,SD2,SD2,APPLIED,OUT_OF_SCOPE_UNCHANGED,本轮未重新核定，保持 public 基线
Buick Park Avenue Sedan 1995-1996,SD2,SD2,APPLIED,OUT_OF_SCOPE_UNCHANGED,本轮未重新核定，保持 public 基线
Buick Park Avenue Sedan 1997-1998,SD2,SD2,APPLIED,OUT_OF_SCOPE_UNCHANGED,本轮未重新核定，保持 public 基线
Buick Park Avenue Sedan 1999,SD2,SD2,APPLIED,OUT_OF_SCOPE_UNCHANGED,本轮未重新核定，保持 public 基线
Buick Park Avenue Sedan 2000-2005,SD2,SD2,APPLIED,OUT_OF_SCOPE_UNCHANGED,本轮未重新核定，保持 public 基线
Buick Rainier SUV 2004-2007,SU2,SU2,APPLIED,SUV_TAPER_REVIEW,详见 suv_audit.csv
Buick Reatta Coupe 1988-1991,SD0,SD0,APPLIED,OUT_OF_SCOPE_UNCHANGED,本轮未重新核定，保持 public 基线
Buick Reatta Convertible 1990-1991,SD0,SD0,APPLIED,OUT_OF_SCOPE_UNCHANGED,本轮未重新核定，保持 public 基线
Buick Regal Coupe 1973-1975,SD2,SD2,APPLIED,OUT_OF_SCOPE_UNCHANGED,本轮未重新核定，保持 public 基线
Buick Regal Coupe 1976-1977,SD2,SD2,APPLIED,OUT_OF_SCOPE_UNCHANGED,本轮未重新核定，保持 public 基线
Buick Regal Coupe 1978-1980,SD2,SD2,APPLIED,OUT_OF_SCOPE_UNCHANGED,本轮未重新核定，保持 public 基线
Buick Regal Coupe 1981-1987,SD2,SD2,APPLIED,OUT_OF_SCOPE_UNCHANGED,本轮未重新核定，保持 public 基线
Buick Regal Coupe 1988-1996,SD2,SD2,APPLIED,OUT_OF_SCOPE_UNCHANGED,本轮未重新核定，保持 public 基线
Buick Regal Sedan 1991-1996,SD2,SD2,APPLIED,OUT_OF_SCOPE_UNCHANGED,本轮未重新核定，保持 public 基线
Buick Regal Sedan 1997,SD2,SD2,APPLIED,OUT_OF_SCOPE_UNCHANGED,本轮未重新核定，保持 public 基线
Buick Regal Sedan 1998-2004,SD2,SD2,APPLIED,OUT_OF_SCOPE_UNCHANGED,本轮未重新核定，保持 public 基线
Buick Regal Sedan 2011-2017,SD1,SD1,APPLIED,OUT_OF_SCOPE_UNCHANGED,本轮未重新核定，保持 public 基线
Buick Regal Liftback 2018-2020,SD1,SD1,APPLIED,OUT_OF_SCOPE_UNCHANGED,本轮未重新核定，保持 public 基线
Buick Regal Wagon 2018-2020,H2,H2,APPLIED,OUT_OF_SCOPE_UNCHANGED,本轮未重新核定，保持 public 基线
Buick Rendezvous Crossover 2002-2007,SU1,SU1,APPLIED,SUV_TAPER_REVIEW,详见 suv_audit.csv
Buick Riviera Coupe 1963,SD2,SD2,APPLIED,OUT_OF_SCOPE_UNCHANGED,本轮未重新核定，保持 public 基线
Buick Riviera Coupe 1964-1965,SD2,SD2,APPLIED,OUT_OF_SCOPE_UNCHANGED,本轮未重新核定，保持 public 基线
Buick Riviera Coupe 1966-1968,SD2,SD2,APPLIED,OUT_OF_SCOPE_UNCHANGED,本轮未重新核定，保持 public 基线
Buick Riviera Coupe 1969,SD2,SD2,APPLIED,OUT_OF_SCOPE_UNCHANGED,本轮未重新核定，保持 public 基线
Buick Riviera Coupe 1970,SD2,SD2,APPLIED,OUT_OF_SCOPE_UNCHANGED,本轮未重新核定，保持 public 基线
Buick Riviera Coupe 1971,SD0,SD0,APPLIED,OUT_OF_SCOPE_UNCHANGED,本轮未重新核定，保持 public 基线
Buick Riviera Coupe 1972,SD0,SD0,APPLIED,OUT_OF_SCOPE_UNCHANGED,本轮未重新核定，保持 public 基线
Buick Riviera Coupe 1973,SD0,SD0,APPLIED,OUT_OF_SCOPE_UNCHANGED,本轮未重新核定，保持 public 基线
Buick Riviera Coupe 1974,SD2,SD2,APPLIED,OUT_OF_SCOPE_UNCHANGED,本轮未重新核定，保持 public 基线
Buick Riviera Coupe 1975,SD2,SD2,APPLIED,OUT_OF_SCOPE_UNCHANGED,本轮未重新核定，保持 public 基线
Buick Riviera Coupe 1976,SD2,SD2,APPLIED,OUT_OF_SCOPE_UNCHANGED,本轮未重新核定，保持 public 基线
Buick Riviera Coupe 1977,SD2,SD2,APPLIED,OUT_OF_SCOPE_UNCHANGED,本轮未重新核定，保持 public 基线
Buick Riviera Coupe 1978,SD2,SD2,APPLIED,OUT_OF_SCOPE_UNCHANGED,本轮未重新核定，保持 public 基线
Buick Riviera Coupe 1979-1980,SD2,SD2,APPLIED,OUT_OF_SCOPE_UNCHANGED,本轮未重新核定，保持 public 基线
Buick Riviera Coupe 1981,SD2,SD2,APPLIED,OUT_OF_SCOPE_UNCHANGED,本轮未重新核定，保持 public 基线
Buick Riviera Coupe 1982-1985,SD2,SD2,APPLIED,OUT_OF_SCOPE_UNCHANGED,本轮未重新核定，保持 public 基线
Buick Riviera Coupe 1986-1988,SD2,SD2,APPLIED,OUT_OF_SCOPE_UNCHANGED,本轮未重新核定，保持 public 基线
Buick Riviera Coupe 1989-1991,SD2,SD2,APPLIED,OUT_OF_SCOPE_UNCHANGED,本轮未重新核定，保持 public 基线
Buick Riviera Coupe 1992-1993,SD2,SD2,APPLIED,OUT_OF_SCOPE_UNCHANGED,本轮未重新核定，保持 public 基线
Buick Riviera Coupe 1996-1999,SD2,SD2,APPLIED,OUT_OF_SCOPE_UNCHANGED,本轮未重新核定，保持 public 基线
Buick Roadmaster Sedan 1936,SD2,SD2,APPLIED,OUT_OF_SCOPE_UNCHANGED,本轮未重新核定，保持 public 基线
Buick Roadmaster Coupe 1936-1937,SD2,SD2,APPLIED,OUT_OF_SCOPE_UNCHANGED,本轮未重新核定，保持 public 基线
Buick Roadmaster Sedan 1937,SD2,SD2,APPLIED,OUT_OF_SCOPE_UNCHANGED,本轮未重新核定，保持 public 基线
Buick Roadmaster Coupe 1938-1939,SD2,SD2,APPLIED,OUT_OF_SCOPE_UNCHANGED,本轮未重新核定，保持 public 基线
Buick Roadmaster Sedan 1938-1939,SD2,SD2,APPLIED,OUT_OF_SCOPE_UNCHANGED,本轮未重新核定，保持 public 基线
Buick Roadmaster Convertible 1940,SD2,SD2,APPLIED,OUT_OF_SCOPE_UNCHANGED,本轮未重新核定，保持 public 基线
Buick Roadmaster Coupe 1940,SD2,SD2,APPLIED,OUT_OF_SCOPE_UNCHANGED,本轮未重新核定，保持 public 基线
Buick Roadmaster Sedan 1940,SD2,SD2,APPLIED,OUT_OF_SCOPE_UNCHANGED,本轮未重新核定，保持 public 基线
Buick Roadmaster Convertible 1941,SD2,SD2,APPLIED,OUT_OF_SCOPE_UNCHANGED,本轮未重新核定，保持 public 基线
Buick Roadmaster Coupe 1941,SD2,SD2,APPLIED,OUT_OF_SCOPE_UNCHANGED,本轮未重新核定，保持 public 基线
Buick Roadmaster Sedan 1941,SD2,SD2,APPLIED,OUT_OF_SCOPE_UNCHANGED,本轮未重新核定，保持 public 基线
Buick Roadmaster Convertible 1942,SD2,SD2,APPLIED,OUT_OF_SCOPE_UNCHANGED,本轮未重新核定，保持 public 基线
Buick Roadmaster Coupe 1942,SD2,SD2,APPLIED,OUT_OF_SCOPE_UNCHANGED,本轮未重新核定，保持 public 基线
Buick Roadmaster Sedan 1942,SD2,SD2,APPLIED,OUT_OF_SCOPE_UNCHANGED,本轮未重新核定，保持 public 基线
Buick Roadmaster Convertible 1946-1947,SD2,SD2,APPLIED,OUT_OF_SCOPE_UNCHANGED,本轮未重新核定，保持 public 基线
Buick Roadmaster Coupe 1946-1947,SD2,SD2,APPLIED,OUT_OF_SCOPE_UNCHANGED,本轮未重新核定，保持 public 基线
Buick Roadmaster Sedan 1946-1947,SD2,SD2,APPLIED,OUT_OF_SCOPE_UNCHANGED,本轮未重新核定，保持 public 基线
Buick Roadmaster Convertible 1948,SD2,SD2,APPLIED,OUT_OF_SCOPE_UNCHANGED,本轮未重新核定，保持 public 基线
Buick Roadmaster Coupe 1948,SD2,SD2,APPLIED,OUT_OF_SCOPE_UNCHANGED,本轮未重新核定，保持 public 基线
Buick Roadmaster Sedan 1948,SD2,SD2,APPLIED,OUT_OF_SCOPE_UNCHANGED,本轮未重新核定，保持 public 基线
Buick Roadmaster Coupe 1949,SD2,SD2,APPLIED,OUT_OF_SCOPE_UNCHANGED,本轮未重新核定，保持 public 基线
Buick Roadmaster Sedan 1949,SD2,SD2,APPLIED,OUT_OF_SCOPE_UNCHANGED,本轮未重新核定，保持 public 基线
Buick Roadmaster Coupe 1950,SD2,SD2,APPLIED,OUT_OF_SCOPE_UNCHANGED,本轮未重新核定，保持 public 基线
Buick Roadmaster Sedan 1950,SD2,SD2,APPLIED,OUT_OF_SCOPE_UNCHANGED,本轮未重新核定，保持 public 基线
Buick Roadmaster Convertible 1951-1952,SD2,SD2,APPLIED,OUT_OF_SCOPE_UNCHANGED,本轮未重新核定，保持 public 基线
Buick Roadmaster Coupe 1951-1952,SD2,SD2,APPLIED,OUT_OF_SCOPE_UNCHANGED,本轮未重新核定，保持 public 基线
Buick Roadmaster Sedan 1951-1952,SD2,SD2,APPLIED,OUT_OF_SCOPE_UNCHANGED,本轮未重新核定，保持 public 基线
Buick Roadmaster Convertible 1953,SD2,SD2,APPLIED,OUT_OF_SCOPE_UNCHANGED,本轮未重新核定，保持 public 基线
Buick Roadmaster Coupe 1953,SD2,SD2,APPLIED,OUT_OF_SCOPE_UNCHANGED,本轮未重新核定，保持 public 基线
Buick Roadmaster Sedan 1953,SD2,SD2,APPLIED,OUT_OF_SCOPE_UNCHANGED,本轮未重新核定，保持 public 基线
Buick Roadmaster Convertible 1954,SD2,SD2,APPLIED,OUT_OF_SCOPE_UNCHANGED,本轮未重新核定，保持 public 基线
Buick Roadmaster Coupe 1954,SD2,SD2,APPLIED,OUT_OF_SCOPE_UNCHANGED,本轮未重新核定，保持 public 基线
Buick Roadmaster Sedan 1954,SD2,SD2,APPLIED,OUT_OF_SCOPE_UNCHANGED,本轮未重新核定，保持 public 基线
Buick Roadmaster Convertible 1955,SD2,SD2,APPLIED,OUT_OF_SCOPE_UNCHANGED,本轮未重新核定，保持 public 基线
Buick Roadmaster Coupe 1955,SD2,SD2,APPLIED,OUT_OF_SCOPE_UNCHANGED,本轮未重新核定，保持 public 基线
Buick Roadmaster Sedan 1955,SD2,SD2,APPLIED,OUT_OF_SCOPE_UNCHANGED,本轮未重新核定，保持 public 基线
Buick Roadmaster Convertible 1956,SD2,SD2,APPLIED,OUT_OF_SCOPE_UNCHANGED,本轮未重新核定，保持 public 基线
Buick Roadmaster Coupe 1956,SD2,SD2,APPLIED,OUT_OF_SCOPE_UNCHANGED,本轮未重新核定，保持 public 基线
Buick Roadmaster Sedan 1956,SD2,SD2,APPLIED,OUT_OF_SCOPE_UNCHANGED,本轮未重新核定，保持 public 基线
Buick Roadmaster Convertible 1957,SD2,SD2,APPLIED,OUT_OF_SCOPE_UNCHANGED,本轮未重新核定，保持 public 基线
Buick Roadmaster Coupe 1957,SD2,SD2,APPLIED,OUT_OF_SCOPE_UNCHANGED,本轮未重新核定，保持 public 基线
Buick Roadmaster Sedan 1957,SD2,SD2,APPLIED,OUT_OF_SCOPE_UNCHANGED,本轮未重新核定，保持 public 基线
Buick Roadmaster Convertible 1958,SD2,SD2,APPLIED,OUT_OF_SCOPE_UNCHANGED,本轮未重新核定，保持 public 基线
Buick Roadmaster Coupe 1958,SD2,SD2,APPLIED,OUT_OF_SCOPE_UNCHANGED,本轮未重新核定，保持 public 基线
Buick Roadmaster Sedan 1958,SD2,SD2,APPLIED,OUT_OF_SCOPE_UNCHANGED,本轮未重新核定，保持 public 基线
Buick Roadmaster Wagon 1991,H3,H3,APPLIED,OUT_OF_SCOPE_UNCHANGED,本轮未重新核定，保持 public 基线
Buick Roadmaster Sedan 1992-1996,SD2,SD2,APPLIED,OUT_OF_SCOPE_UNCHANGED,本轮未重新核定，保持 public 基线
Buick Roadmaster Wagon 1992-1996,H3,H3,APPLIED,OUT_OF_SCOPE_UNCHANGED,本轮未重新核定，保持 public 基线
Buick Skylark Convertible 1953,SD1,SD1,APPLIED,OUT_OF_SCOPE_UNCHANGED,本轮未重新核定，保持 public 基线
Buick Skylark Convertible 1954,SD1,SD1,APPLIED,OUT_OF_SCOPE_UNCHANGED,本轮未重新核定，保持 public 基线
Buick Skylark Convertible 1965,SD2,SD2,APPLIED,OUT_OF_SCOPE_UNCHANGED,本轮未重新核定，保持 public 基线
Buick Skylark Coupe 1965,SD2,SD2,APPLIED,OUT_OF_SCOPE_UNCHANGED,本轮未重新核定，保持 public 基线
Buick Skylark Sedan 1965,SD2,SD2,APPLIED,OUT_OF_SCOPE_UNCHANGED,本轮未重新核定，保持 public 基线
Buick Skylark Convertible 1966,SD2,SD2,APPLIED,OUT_OF_SCOPE_UNCHANGED,本轮未重新核定，保持 public 基线
Buick Skylark Coupe 1966,SD2,SD2,APPLIED,OUT_OF_SCOPE_UNCHANGED,本轮未重新核定，保持 public 基线
Buick Skylark Sedan 1966,SD2,SD2,APPLIED,OUT_OF_SCOPE_UNCHANGED,本轮未重新核定，保持 public 基线
Buick Skylark Convertible 1967,SD2,SD2,APPLIED,OUT_OF_SCOPE_UNCHANGED,本轮未重新核定，保持 public 基线
Buick Skylark Coupe 1967,SD2,SD2,APPLIED,OUT_OF_SCOPE_UNCHANGED,本轮未重新核定，保持 public 基线
Buick Skylark Sedan 1967,SD2,SD2,APPLIED,OUT_OF_SCOPE_UNCHANGED,本轮未重新核定，保持 public 基线
Buick Skylark Sedan 1968-1969,SD2,SD2,APPLIED,OUT_OF_SCOPE_UNCHANGED,本轮未重新核定，保持 public 基线
Buick Skylark Hatchback 1969-1972,H0,H0,APPLIED,OUT_OF_SCOPE_UNCHANGED,本轮未重新核定，保持 public 基线
Buick Skylark Coupe 1970,SD2,SD2,APPLIED,OUT_OF_SCOPE_UNCHANGED,本轮未重新核定，保持 public 基线
Buick Skylark Sedan 1970,SD2,SD2,APPLIED,OUT_OF_SCOPE_UNCHANGED,本轮未重新核定，保持 public 基线
Buick Skylark Convertible 1970-1972,SD2,SD2,APPLIED,OUT_OF_SCOPE_UNCHANGED,本轮未重新核定，保持 public 基线
Buick Skylark Coupe 1971,SD2,SD2,APPLIED,OUT_OF_SCOPE_UNCHANGED,本轮未重新核定，保持 public 基线
Buick Skylark Sedan 1971,SD2,SD2,APPLIED,OUT_OF_SCOPE_UNCHANGED,本轮未重新核定，保持 public 基线
Buick Skylark Coupe 1972,SD2,SD2,APPLIED,OUT_OF_SCOPE_UNCHANGED,本轮未重新核定，保持 public 基线
Buick Skylark Sedan 1972,SD2,SD2,APPLIED,OUT_OF_SCOPE_UNCHANGED,本轮未重新核定，保持 public 基线
Buick Skylark Coupe 1975,SD2,SD2,APPLIED,OUT_OF_SCOPE_UNCHANGED,本轮未重新核定，保持 public 基线
Buick Skylark Hatchback 1975,H0,H0,APPLIED,OUT_OF_SCOPE_UNCHANGED,本轮未重新核定，保持 public 基线
Buick Skylark Sedan 1975-1979,SD2,SD2,APPLIED,OUT_OF_SCOPE_UNCHANGED,本轮未重新核定，保持 public 基线
Buick Skylark Coupe 1976-1979,SD2,SD2,APPLIED,OUT_OF_SCOPE_UNCHANGED,本轮未重新核定，保持 public 基线
Buick Skylark Hatchback 1976-1979,H0,H0,APPLIED,OUT_OF_SCOPE_UNCHANGED,本轮未重新核定，保持 public 基线
Buick Skylark Coupe 1980-1984,SD2,SD2,APPLIED,OUT_OF_SCOPE_UNCHANGED,本轮未重新核定，保持 public 基线
Buick Skylark Sedan 1980-1984,SD2,SD2,APPLIED,OUT_OF_SCOPE_UNCHANGED,本轮未重新核定，保持 public 基线
Buick Skylark Coupe 1985,SD2,SD2,APPLIED,OUT_OF_SCOPE_UNCHANGED,本轮未重新核定，保持 public 基线
Buick Skylark Sedan 1985,SD2,SD2,APPLIED,OUT_OF_SCOPE_UNCHANGED,本轮未重新核定，保持 public 基线
Buick Skylark Coupe 1986,SD2,SD2,APPLIED,OUT_OF_SCOPE_UNCHANGED,本轮未重新核定，保持 public 基线
Buick Skylark Sedan 1986,SD2,SD2,APPLIED,OUT_OF_SCOPE_UNCHANGED,本轮未重新核定，保持 public 基线
Buick Skylark Coupe 1987-1991,SD2,SD2,APPLIED,OUT_OF_SCOPE_UNCHANGED,本轮未重新核定，保持 public 基线
Buick Skylark Sedan 1987-1991,SD2,SD2,APPLIED,OUT_OF_SCOPE_UNCHANGED,本轮未重新核定，保持 public 基线
Buick Skylark Coupe 1992,SD1,SD1,APPLIED,OUT_OF_SCOPE_UNCHANGED,本轮未重新核定，保持 public 基线
Buick Skylark Sedan 1992,SD1,SD1,APPLIED,OUT_OF_SCOPE_UNCHANGED,本轮未重新核定，保持 public 基线
Buick Skylark Coupe 1993,SD1,SD1,APPLIED,OUT_OF_SCOPE_UNCHANGED,本轮未重新核定，保持 public 基线
Buick Skylark Sedan 1993,SD1,SD1,APPLIED,OUT_OF_SCOPE_UNCHANGED,本轮未重新核定，保持 public 基线
Buick Skylark Coupe 1994,SD1,SD1,APPLIED,OUT_OF_SCOPE_UNCHANGED,本轮未重新核定，保持 public 基线
Buick Skylark Sedan 1994,SD1,SD1,APPLIED,OUT_OF_SCOPE_UNCHANGED,本轮未重新核定，保持 public 基线
Buick Skylark Coupe 1995,SD1,SD1,APPLIED,OUT_OF_SCOPE_UNCHANGED,本轮未重新核定，保持 public 基线
Buick Skylark Sedan 1995,SD1,SD1,APPLIED,OUT_OF_SCOPE_UNCHANGED,本轮未重新核定，保持 public 基线
Buick Skylark Coupe 1996,SD1,SD1,APPLIED,OUT_OF_SCOPE_UNCHANGED,本轮未重新核定，保持 public 基线
Buick Skylark Sedan 1996,SD1,SD1,APPLIED,OUT_OF_SCOPE_UNCHANGED,本轮未重新核定，保持 public 基线
Buick Skylark Coupe 1997,SD1,SD1,APPLIED,OUT_OF_SCOPE_UNCHANGED,本轮未重新核定，保持 public 基线
Buick Skylark Sedan 1997-1998,SD1,SD1,APPLIED,OUT_OF_SCOPE_UNCHANGED,本轮未重新核定，保持 public 基线
Buick Verano Sedan 2012-2017,SD1,SD1,APPLIED,OUT_OF_SCOPE_UNCHANGED,本轮未重新核定，保持 public 基线
Cadillac ATS Sedan 2013-2015,SD0,SD0,APPLIED,OUT_OF_SCOPE_UNCHANGED,本轮未重新核定，保持 public 基线
Cadillac ATS Coupe 2015-2019,SD0,SD0,APPLIED,OUT_OF_SCOPE_UNCHANGED,本轮未重新核定，保持 public 基线
Cadillac ATS Sedan 2016-2019,SD0,SD0,APPLIED,OUT_OF_SCOPE_UNCHANGED,本轮未重新核定，保持 public 基线
Cadillac CT4 Sedan 2020-2026,SD1,SD1,APPLIED,OUT_OF_SCOPE_UNCHANGED,本轮未重新核定，保持 public 基线
Cadillac CT5 Sedan 2020-2026,SD1,SD1,APPLIED,OUT_OF_SCOPE_UNCHANGED,本轮未重新核定，保持 public 基线
Cadillac CT5 Blackwing Sedan 2025-2026,SD1,SD1,APPLIED,OUT_OF_SCOPE_UNCHANGED,本轮未重新核定，保持 public 基线
Cadillac CT6 Sedan 2016-2018,SD1,SD1,APPLIED,OUT_OF_SCOPE_UNCHANGED,本轮未重新核定，保持 public 基线
Cadillac CT6 Sedan 2019-2020,SD1,SD1,APPLIED,OUT_OF_SCOPE_UNCHANGED,本轮未重新核定，保持 public 基线
Cadillac CT6 Blackwing Sedan 2019-2020,SD1,SD1,APPLIED,OUT_OF_SCOPE_UNCHANGED,本轮未重新核定，保持 public 基线
Cadillac CT6 PHEV Sedan 2017-2018,SD1,SD1,APPLIED,OUT_OF_SCOPE_UNCHANGED,本轮未重新核定，保持 public 基线
Cadillac CTS Sedan 2003,SD0,SD0,APPLIED,OUT_OF_SCOPE_UNCHANGED,本轮未重新核定，保持 public 基线
Cadillac CTS Sedan 2004-2007,SD0,SD0,APPLIED,OUT_OF_SCOPE_UNCHANGED,本轮未重新核定，保持 public 基线
Cadillac CTS Sedan 2008-2009,SD0,SD0,APPLIED,OUT_OF_SCOPE_UNCHANGED,本轮未重新核定，保持 public 基线
Cadillac CTS Sedan 2010,SD0,SD0,APPLIED,OUT_OF_SCOPE_UNCHANGED,本轮未重新核定，保持 public 基线
Cadillac CTS Wagon 2010,H2,H2,APPLIED,OUT_OF_SCOPE_UNCHANGED,本轮未重新核定，保持 public 基线
Cadillac CTS Coupe 2011,SD0,SD0,APPLIED,OUT_OF_SCOPE_UNCHANGED,本轮未重新核定，保持 public 基线
Cadillac CTS Sedan 2011-2013,SD0,SD0,APPLIED,OUT_OF_SCOPE_UNCHANGED,本轮未重新核定，保持 public 基线
Cadillac CTS Wagon 2011-2014,H2,H2,APPLIED,OUT_OF_SCOPE_UNCHANGED,本轮未重新核定，保持 public 基线
Cadillac CTS Coupe 2012-2015,SD0,SD0,APPLIED,OUT_OF_SCOPE_UNCHANGED,本轮未重新核定，保持 public 基线
Cadillac CTS Sedan 2014-2019,SD0,SD0,APPLIED,OUT_OF_SCOPE_UNCHANGED,本轮未重新核定，保持 public 基线
Cadillac CTS CTS-V Sedan 2011-2013,SD0,SD0,APPLIED,OUT_OF_SCOPE_UNCHANGED,本轮未重新核定，保持 public 基线
Cadillac Catera Sedan 1997-1999,SD1,SD1,APPLIED,OUT_OF_SCOPE_UNCHANGED,本轮未重新核定，保持 public 基线
Cadillac Catera Sedan 2000-2001,SD1,SD1,APPLIED,OUT_OF_SCOPE_UNCHANGED,本轮未重新核定，保持 public 基线
Cadillac DTS Sedan 2006-2011,SD1,SD1,APPLIED,OUT_OF_SCOPE_UNCHANGED,本轮未重新核定，保持 public 基线
Cadillac DTS-L Sedan 2007-2011,SD1,SD1,APPLIED,OUT_OF_SCOPE_UNCHANGED,本轮未重新核定，保持 public 基线
Cadillac DeVille Coupe 1949,SD2,SD2,APPLIED,OUT_OF_SCOPE_UNCHANGED,本轮未重新核定，保持 public 基线
Cadillac DeVille Coupe 1950,SD2,SD2,APPLIED,OUT_OF_SCOPE_UNCHANGED,本轮未重新核定，保持 public 基线
Cadillac DeVille Coupe 1951,SD2,SD2,APPLIED,OUT_OF_SCOPE_UNCHANGED,本轮未重新核定，保持 public 基线
Cadillac DeVille Coupe 1952-1953,SD2,SD2,APPLIED,OUT_OF_SCOPE_UNCHANGED,本轮未重新核定，保持 public 基线
Cadillac DeVille Coupe 1954,SD2,SD2,APPLIED,OUT_OF_SCOPE_UNCHANGED,本轮未重新核定，保持 public 基线
Cadillac DeVille Coupe 1955,SD2,SD2,APPLIED,OUT_OF_SCOPE_UNCHANGED,本轮未重新核定，保持 public 基线
Cadillac DeVille Coupe 1956,SD2,SD2,APPLIED,OUT_OF_SCOPE_UNCHANGED,本轮未重新核定，保持 public 基线
Cadillac DeVille Sedan 1956,SD2,SD2,APPLIED,OUT_OF_SCOPE_UNCHANGED,本轮未重新核定，保持 public 基线
Cadillac DeVille Coupe 1957,SD2,SD2,APPLIED,OUT_OF_SCOPE_UNCHANGED,本轮未重新核定，保持 public 基线
Cadillac DeVille Coupe 1958,SD2,SD2,APPLIED,OUT_OF_SCOPE_UNCHANGED,本轮未重新核定，保持 public 基线
Cadillac DeVille Sedan 1958,SD2,SD2,APPLIED,OUT_OF_SCOPE_UNCHANGED,本轮未重新核定，保持 public 基线
Cadillac DeVille Coupe 1959,SD2,SD2,APPLIED,OUT_OF_SCOPE_UNCHANGED,本轮未重新核定，保持 public 基线
Cadillac DeVille Sedan 1959-1960,SD2,SD2,APPLIED,OUT_OF_SCOPE_UNCHANGED,本轮未重新核定，保持 public 基线
Cadillac DeVille Coupe 1960,SD2,SD2,APPLIED,OUT_OF_SCOPE_UNCHANGED,本轮未重新核定，保持 public 基线
Cadillac DeVille Coupe 1961,SD2,SD2,APPLIED,OUT_OF_SCOPE_UNCHANGED,本轮未重新核定，保持 public 基线
Cadillac DeVille Coupe 1962,SD2,SD2,APPLIED,OUT_OF_SCOPE_UNCHANGED,本轮未重新核定，保持 public 基线
Cadillac DeVille Sedan 1962,SD2,SD2,APPLIED,OUT_OF_SCOPE_UNCHANGED,本轮未重新核定，保持 public 基线
Cadillac DeVille Coupe 1963,SD2,SD2,APPLIED,OUT_OF_SCOPE_UNCHANGED,本轮未重新核定，保持 public 基线
Cadillac DeVille Sedan 1963,SD2,SD2,APPLIED,OUT_OF_SCOPE_UNCHANGED,本轮未重新核定，保持 public 基线
Cadillac DeVille Coupe 1964,SD2,SD2,APPLIED,OUT_OF_SCOPE_UNCHANGED,本轮未重新核定，保持 public 基线
Cadillac DeVille Sedan 1964,SD2,SD2,APPLIED,OUT_OF_SCOPE_UNCHANGED,本轮未重新核定，保持 public 基线
Cadillac DeVille Coupe 1965,SD2,SD2,APPLIED,OUT_OF_SCOPE_UNCHANGED,本轮未重新核定，保持 public 基线
Cadillac DeVille Sedan 1965,SD2,SD2,APPLIED,OUT_OF_SCOPE_UNCHANGED,本轮未重新核定，保持 public 基线
Cadillac DeVille Coupe 1966,SD2,SD2,APPLIED,OUT_OF_SCOPE_UNCHANGED,本轮未重新核定，保持 public 基线
Cadillac DeVille Sedan 1966,SD2,SD2,APPLIED,OUT_OF_SCOPE_UNCHANGED,本轮未重新核定，保持 public 基线
Cadillac DeVille Convertible 1967,SD2,SD2,APPLIED,OUT_OF_SCOPE_UNCHANGED,本轮未重新核定，保持 public 基线
Cadillac DeVille Coupe 1967,SD2,SD2,APPLIED,OUT_OF_SCOPE_UNCHANGED,本轮未重新核定，保持 public 基线
Cadillac DeVille Sedan 1967,SD2,SD2,APPLIED,OUT_OF_SCOPE_UNCHANGED,本轮未重新核定，保持 public 基线
Cadillac DeVille Coupe 1968-1970,SD2,SD2,APPLIED,OUT_OF_SCOPE_UNCHANGED,本轮未重新核定，保持 public 基线
Cadillac DeVille Sedan 1968-1970,SD2,SD2,APPLIED,OUT_OF_SCOPE_UNCHANGED,本轮未重新核定，保持 public 基线
Cadillac DeVille Coupe 1971,SD2,SD2,APPLIED,OUT_OF_SCOPE_UNCHANGED,本轮未重新核定，保持 public 基线
Cadillac DeVille Sedan 1971,SD2,SD2,APPLIED,OUT_OF_SCOPE_UNCHANGED,本轮未重新核定，保持 public 基线
Cadillac DeVille Coupe 1972,SD2,SD2,APPLIED,OUT_OF_SCOPE_UNCHANGED,本轮未重新核定，保持 public 基线
Cadillac DeVille Sedan 1972,SD2,SD2,APPLIED,OUT_OF_SCOPE_UNCHANGED,本轮未重新核定，保持 public 基线
Cadillac DeVille Coupe 1973,SD2,SD2,APPLIED,OUT_OF_SCOPE_UNCHANGED,本轮未重新核定，保持 public 基线
Cadillac DeVille Sedan 1973,SD2,SD2,APPLIED,OUT_OF_SCOPE_UNCHANGED,本轮未重新核定，保持 public 基线
Cadillac DeVille Coupe 1974,SD2,SD2,APPLIED,OUT_OF_SCOPE_UNCHANGED,本轮未重新核定，保持 public 基线
Cadillac DeVille Sedan 1974,SD2,SD2,APPLIED,OUT_OF_SCOPE_UNCHANGED,本轮未重新核定，保持 public 基线
Cadillac DeVille Coupe 1975-1976,SD2,SD2,APPLIED,OUT_OF_SCOPE_UNCHANGED,本轮未重新核定，保持 public 基线
Cadillac DeVille Sedan 1975-1976,SD2,SD2,APPLIED,OUT_OF_SCOPE_UNCHANGED,本轮未重新核定，保持 public 基线
Cadillac DeVille Coupe 1977,SD2,SD2,APPLIED,OUT_OF_SCOPE_UNCHANGED,本轮未重新核定，保持 public 基线
Cadillac DeVille Sedan 1977,SD2,SD2,APPLIED,OUT_OF_SCOPE_UNCHANGED,本轮未重新核定，保持 public 基线
Cadillac DeVille Coupe 1978,SD2,SD2,APPLIED,OUT_OF_SCOPE_UNCHANGED,本轮未重新核定，保持 public 基线
Cadillac DeVille Sedan 1978,SD2,SD2,APPLIED,OUT_OF_SCOPE_UNCHANGED,本轮未重新核定，保持 public 基线
Cadillac DeVille Coupe 1979-1980,SD2,SD2,APPLIED,OUT_OF_SCOPE_UNCHANGED,本轮未重新核定，保持 public 基线
Cadillac DeVille Sedan 1979-1980,SD2,SD2,APPLIED,OUT_OF_SCOPE_UNCHANGED,本轮未重新核定，保持 public 基线
Cadillac DeVille Coupe 1981,SD2,SD2,APPLIED,OUT_OF_SCOPE_UNCHANGED,本轮未重新核定，保持 public 基线
Cadillac DeVille Sedan 1981,SD2,SD2,APPLIED,OUT_OF_SCOPE_UNCHANGED,本轮未重新核定，保持 public 基线
Cadillac DeVille Coupe 1982,SD2,SD2,APPLIED,OUT_OF_SCOPE_UNCHANGED,本轮未重新核定，保持 public 基线
Cadillac DeVille Sedan 1982,SD2,SD2,APPLIED,OUT_OF_SCOPE_UNCHANGED,本轮未重新核定，保持 public 基线
Cadillac DeVille Coupe 1983,SD2,SD2,APPLIED,OUT_OF_SCOPE_UNCHANGED,本轮未重新核定，保持 public 基线
Cadillac DeVille Sedan 1983,SD2,SD2,APPLIED,OUT_OF_SCOPE_UNCHANGED,本轮未重新核定，保持 public 基线
Cadillac DeVille Coupe 1984,SD2,SD2,APPLIED,OUT_OF_SCOPE_UNCHANGED,本轮未重新核定，保持 public 基线
Cadillac DeVille Sedan 1984,SD2,SD2,APPLIED,OUT_OF_SCOPE_UNCHANGED,本轮未重新核定，保持 public 基线
Cadillac DeVille Coupe 1985,SD2,SD2,APPLIED,OUT_OF_SCOPE_UNCHANGED,本轮未重新核定，保持 public 基线
Cadillac DeVille Sedan 1985,SD2,SD2,APPLIED,OUT_OF_SCOPE_UNCHANGED,本轮未重新核定，保持 public 基线
Cadillac DeVille Coupe 1986,SD2,SD2,APPLIED,OUT_OF_SCOPE_UNCHANGED,本轮未重新核定，保持 public 基线
Cadillac DeVille Sedan 1986,SD2,SD2,APPLIED,OUT_OF_SCOPE_UNCHANGED,本轮未重新核定，保持 public 基线
Cadillac DeVille Coupe 1987-1988,SD2,SD2,APPLIED,OUT_OF_SCOPE_UNCHANGED,本轮未重新核定，保持 public 基线
Cadillac DeVille Sedan 1987-1988,SD2,SD2,APPLIED,OUT_OF_SCOPE_UNCHANGED,本轮未重新核定，保持 public 基线
Cadillac DeVille Coupe 1989,SD2,SD2,APPLIED,OUT_OF_SCOPE_UNCHANGED,本轮未重新核定，保持 public 基线
Cadillac DeVille Sedan 1989,SD2,SD2,APPLIED,OUT_OF_SCOPE_UNCHANGED,本轮未重新核定，保持 public 基线
Cadillac DeVille Sedan 1990,SD2,SD2,APPLIED,OUT_OF_SCOPE_UNCHANGED,本轮未重新核定，保持 public 基线
Cadillac DeVille Sedan 1991,SD2,SD2,APPLIED,OUT_OF_SCOPE_UNCHANGED,本轮未重新核定，保持 public 基线
Cadillac DeVille Sedan 1992-1993,SD2,SD2,APPLIED,OUT_OF_SCOPE_UNCHANGED,本轮未重新核定，保持 public 基线
Cadillac DeVille Sedan 1994-1997,SD2,SD2,APPLIED,OUT_OF_SCOPE_UNCHANGED,本轮未重新核定，保持 public 基线
Cadillac DeVille Sedan 1998-1999,SD2,SD2,APPLIED,OUT_OF_SCOPE_UNCHANGED,本轮未重新核定，保持 public 基线
Cadillac DeVille Sedan 2000-2005,SD2,SD2,APPLIED,OUT_OF_SCOPE_UNCHANGED,本轮未重新核定，保持 public 基线
Cadillac ELR Coupe 2014-2016,SD0,SD0,APPLIED,OUT_OF_SCOPE_UNCHANGED,本轮未重新核定，保持 public 基线
Cadillac Eldorado Convertible 1953,SD2,SD2,APPLIED,OUT_OF_SCOPE_UNCHANGED,本轮未重新核定，保持 public 基线
Cadillac Eldorado Convertible 1954,SD2,SD2,APPLIED,OUT_OF_SCOPE_UNCHANGED,本轮未重新核定，保持 public 基线
Cadillac Eldorado Convertible 1955,SD2,SD2,APPLIED,OUT_OF_SCOPE_UNCHANGED,本轮未重新核定，保持 public 基线
Cadillac Eldorado Convertible 1956,SD2,SD2,APPLIED,OUT_OF_SCOPE_UNCHANGED,本轮未重新核定，保持 public 基线
Cadillac Eldorado Convertible 1957,SD2,SD2,APPLIED,OUT_OF_SCOPE_UNCHANGED,本轮未重新核定，保持 public 基线
Cadillac Eldorado Coupe 1957,SD2,SD2,APPLIED,OUT_OF_SCOPE_UNCHANGED,本轮未重新核定，保持 public 基线
Cadillac Eldorado Convertible 1958,SD2,SD2,APPLIED,OUT_OF_SCOPE_UNCHANGED,本轮未重新核定，保持 public 基线
Cadillac Eldorado Coupe 1958,SD2,SD2,APPLIED,OUT_OF_SCOPE_UNCHANGED,本轮未重新核定，保持 public 基线
Cadillac Eldorado Coupe 1959-1960,SD2,SD2,APPLIED,OUT_OF_SCOPE_UNCHANGED,本轮未重新核定，保持 public 基线
Cadillac Eldorado Coupe 1961,SD2,SD2,APPLIED,OUT_OF_SCOPE_UNCHANGED,本轮未重新核定，保持 public 基线
Cadillac Eldorado Coupe 1962,SD2,SD2,APPLIED,OUT_OF_SCOPE_UNCHANGED,本轮未重新核定，保持 public 基线
Cadillac Eldorado Coupe 1963,SD2,SD2,APPLIED,OUT_OF_SCOPE_UNCHANGED,本轮未重新核定，保持 public 基线
Cadillac Eldorado Coupe 1964,SD2,SD2,APPLIED,OUT_OF_SCOPE_UNCHANGED,本轮未重新核定，保持 public 基线
Cadillac Eldorado Convertible 1965,SD2,SD2,APPLIED,OUT_OF_SCOPE_UNCHANGED,本轮未重新核定，保持 public 基线
Cadillac Eldorado Convertible 1966,SD2,SD2,APPLIED,OUT_OF_SCOPE_UNCHANGED,本轮未重新核定，保持 public 基线
Cadillac Eldorado Coupe 1967-1968,SD2,SD2,APPLIED,OUT_OF_SCOPE_UNCHANGED,本轮未重新核定，保持 public 基线
Cadillac Eldorado Coupe 1969-1970,SD2,SD2,APPLIED,OUT_OF_SCOPE_UNCHANGED,本轮未重新核定，保持 public 基线
Cadillac Eldorado Convertible 1971,SD2,SD2,APPLIED,OUT_OF_SCOPE_UNCHANGED,本轮未重新核定，保持 public 基线
Cadillac Eldorado Coupe 1971,SD2,SD2,APPLIED,OUT_OF_SCOPE_UNCHANGED,本轮未重新核定，保持 public 基线
Cadillac Eldorado Convertible 1972,SD2,SD2,APPLIED,OUT_OF_SCOPE_UNCHANGED,本轮未重新核定，保持 public 基线
Cadillac Eldorado Coupe 1972,SD2,SD2,APPLIED,OUT_OF_SCOPE_UNCHANGED,本轮未重新核定，保持 public 基线
Cadillac Eldorado Convertible 1973,SD2,SD2,APPLIED,OUT_OF_SCOPE_UNCHANGED,本轮未重新核定，保持 public 基线
Cadillac Eldorado Coupe 1973,SD2,SD2,APPLIED,OUT_OF_SCOPE_UNCHANGED,本轮未重新核定，保持 public 基线
Cadillac Eldorado Convertible 1974-1978,SD2,SD2,APPLIED,OUT_OF_SCOPE_UNCHANGED,本轮未重新核定，保持 public 基线
Cadillac Eldorado Coupe 1974-1978,SD2,SD2,APPLIED,OUT_OF_SCOPE_UNCHANGED,本轮未重新核定，保持 public 基线
Cadillac Eldorado Coupe 1979,SD2,SD2,APPLIED,OUT_OF_SCOPE_UNCHANGED,本轮未重新核定，保持 public 基线
Cadillac Eldorado Coupe 1980,SD2,SD2,APPLIED,OUT_OF_SCOPE_UNCHANGED,本轮未重新核定，保持 public 基线
Cadillac Eldorado Coupe 1981-1982,SD2,SD2,APPLIED,OUT_OF_SCOPE_UNCHANGED,本轮未重新核定，保持 public 基线
Cadillac Eldorado Coupe 1983,SD2,SD2,APPLIED,OUT_OF_SCOPE_UNCHANGED,本轮未重新核定，保持 public 基线
Cadillac Eldorado Convertible 1984-1985,SD2,SD2,APPLIED,OUT_OF_SCOPE_UNCHANGED,本轮未重新核定，保持 public 基线
Cadillac Eldorado Coupe 1984-1985,SD2,SD2,APPLIED,OUT_OF_SCOPE_UNCHANGED,本轮未重新核定，保持 public 基线
Cadillac Eldorado Coupe 1986,SD2,SD2,APPLIED,OUT_OF_SCOPE_UNCHANGED,本轮未重新核定，保持 public 基线
Cadillac Eldorado Coupe 1987-1988,SD2,SD2,APPLIED,OUT_OF_SCOPE_UNCHANGED,本轮未重新核定，保持 public 基线
Cadillac Eldorado Coupe 1989,SD2,SD2,APPLIED,OUT_OF_SCOPE_UNCHANGED,本轮未重新核定，保持 public 基线
Cadillac Eldorado Coupe 1990,SD2,SD2,APPLIED,OUT_OF_SCOPE_UNCHANGED,本轮未重新核定，保持 public 基线
Cadillac Eldorado Coupe 1991,SD2,SD2,APPLIED,OUT_OF_SCOPE_UNCHANGED,本轮未重新核定，保持 public 基线
Cadillac Eldorado Coupe 1992,SD2,SD2,APPLIED,OUT_OF_SCOPE_UNCHANGED,本轮未重新核定，保持 public 基线
Cadillac Eldorado Coupe 1995,SD2,SD2,APPLIED,OUT_OF_SCOPE_UNCHANGED,本轮未重新核定，保持 public 基线
Cadillac Eldorado Coupe 1998-2002,SD2,SD2,APPLIED,OUT_OF_SCOPE_UNCHANGED,本轮未重新核定，保持 public 基线
Cadillac Escalade SUV 1999-2000,SU2,SU2,APPLIED,SUV_TAPER_REVIEW,详见 suv_audit.csv
Cadillac Escalade SUV 2002-2006,SU2,SU2,APPLIED,SUV_TAPER_REVIEW,详见 suv_audit.csv
Cadillac Escalade SUV 2007-2008,SU2,SU2,APPLIED,SUV_TAPER_REVIEW,详见 suv_audit.csv
Cadillac Escalade SUV 2009-2014,SU2,SU2,APPLIED,SUV_TAPER_REVIEW,详见 suv_audit.csv
Cadillac Escalade SUV 2015-2020,SU2,SU2,APPLIED,SUV_TAPER_REVIEW,详见 suv_audit.csv
Cadillac Escalade SUV 2021-2026,SU2,SU2,APPLIED,SUV_TAPER_REVIEW,详见 suv_audit.csv
Cadillac Escalade ESV SUV 2003-2006,SU2,SU2,APPLIED,SUV_TAPER_REVIEW,详见 suv_audit.csv
Cadillac Escalade ESV SUV 2007-2010,SU2,SU2,APPLIED,SUV_TAPER_REVIEW,详见 suv_audit.csv
Cadillac Escalade ESV SUV 2011-2012,SU2,SU2,APPLIED,SUV_TAPER_REVIEW,详见 suv_audit.csv
Cadillac Escalade ESV SUV 2013-2014,SU2,SU2,APPLIED,SUV_TAPER_REVIEW,详见 suv_audit.csv
Cadillac Escalade ESV SUV 2015-2020,SU2,SU2,APPLIED,SUV_TAPER_REVIEW,详见 suv_audit.csv
Cadillac Escalade ESV SUV 2021-2026,SU2,SU2,APPLIED,SUV_TAPER_REVIEW,详见 suv_audit.csv
Cadillac Escalade EXT Pickup 2002-2006 Crew 5.3,P0,P0,APPLIED,OUT_OF_SCOPE_UNCHANGED,本轮未重新核定，保持 public 基线
Cadillac Escalade EXT Pickup 2007-2013 Crew 5.3,P0,P0,APPLIED,OUT_OF_SCOPE_UNCHANGED,本轮未重新核定，保持 public 基线
Cadillac Lyriq SUV 2023-2025,SU0,SU1,APPLIED,SUV_TAPER_REVIEW,详见 suv_audit.csv
Cadillac Lyriq SUV 2026,SU0,SU1,APPLIED,SUV_TAPER_REVIEW,详见 suv_audit.csv
Cadillac Lyriq Lyriq-V SUV 2026,SU0,SU1,APPLIED,SUV_TAPER_REVIEW,详见 suv_audit.csv
Cadillac Optiq SUV 2025-2026,SU1,SU1,APPLIED,SUV_TAPER_REVIEW,详见 suv_audit.csv
Cadillac SRX Wagon 2004-2009,H2,H2,APPLIED,OUT_OF_SCOPE_UNCHANGED,本轮未重新核定，保持 public 基线
Cadillac SRX SUV 2010-2016,SU1,SU1,APPLIED,SUV_TAPER_REVIEW,详见 suv_audit.csv
Cadillac STS Sedan 2005-2007,SD1,SD1,APPLIED,OUT_OF_SCOPE_UNCHANGED,本轮未重新核定，保持 public 基线
Cadillac STS Sedan 2008-2011,SD1,SD1,APPLIED,OUT_OF_SCOPE_UNCHANGED,本轮未重新核定，保持 public 基线
Cadillac STS STS-V Sedan 2006-2009,SD1,SD1,APPLIED,OUT_OF_SCOPE_UNCHANGED,本轮未重新核定，保持 public 基线
Cadillac Seville Sedan 1976-1979,SD2,SD2,APPLIED,OUT_OF_SCOPE_UNCHANGED,本轮未重新核定，保持 public 基线
Cadillac Seville Sedan 1980,SD2,SD2,APPLIED,OUT_OF_SCOPE_UNCHANGED,本轮未重新核定，保持 public 基线
Cadillac Seville Sedan 1981,SD2,SD2,APPLIED,OUT_OF_SCOPE_UNCHANGED,本轮未重新核定，保持 public 基线
Cadillac Seville Sedan 1982,SD2,SD2,APPLIED,OUT_OF_SCOPE_UNCHANGED,本轮未重新核定，保持 public 基线
Cadillac Seville Sedan 1983-1984,SD2,SD2,APPLIED,OUT_OF_SCOPE_UNCHANGED,本轮未重新核定，保持 public 基线
Cadillac Seville Sedan 1985,SD2,SD2,APPLIED,OUT_OF_SCOPE_UNCHANGED,本轮未重新核定，保持 public 基线
Cadillac Seville Sedan 1986,SD2,SD2,APPLIED,OUT_OF_SCOPE_UNCHANGED,本轮未重新核定，保持 public 基线
Cadillac Seville Sedan 1987,SD2,SD2,APPLIED,OUT_OF_SCOPE_UNCHANGED,本轮未重新核定，保持 public 基线
Cadillac Seville Sedan 1991,SD2,SD2,APPLIED,OUT_OF_SCOPE_UNCHANGED,本轮未重新核定，保持 public 基线
Cadillac Seville Sedan 1992,SD2,SD2,APPLIED,OUT_OF_SCOPE_UNCHANGED,本轮未重新核定，保持 public 基线
Cadillac Seville Sedan 1993,SD2,SD2,APPLIED,OUT_OF_SCOPE_UNCHANGED,本轮未重新核定，保持 public 基线
Cadillac Seville STS Sedan 1988-1989,SD2,SD2,APPLIED,OUT_OF_SCOPE_UNCHANGED,本轮未重新核定，保持 public 基线
Cadillac Seville STS Sedan 1990,SD2,SD2,APPLIED,OUT_OF_SCOPE_UNCHANGED,本轮未重新核定，保持 public 基线
Cadillac Seville STS/SLS Sedan 1994-1997,SD2,SD2,APPLIED,OUT_OF_SCOPE_UNCHANGED,本轮未重新核定，保持 public 基线
Cadillac Seville STS/SLS Sedan 1998-2004,SD2,SD2,APPLIED,OUT_OF_SCOPE_UNCHANGED,本轮未重新核定，保持 public 基线
Cadillac Vistiq SUV 2026,SU1,SU1,APPLIED,SUV_TAPER_REVIEW,详见 suv_audit.csv
Cadillac XLR Convertible 2004-2009,SD0,SD0,APPLIED,OUT_OF_SCOPE_UNCHANGED,本轮未重新核定，保持 public 基线
Cadillac XLR XLR-V Convertible 2006-2009,SD0,SD0,APPLIED,OUT_OF_SCOPE_UNCHANGED,本轮未重新核定，保持 public 基线
Cadillac XT4 SUV 2019-2023,SU1,SU1,APPLIED,SUV_TAPER_REVIEW,详见 suv_audit.csv
Cadillac XT4 SUV 2024-2025,SU1,SU1,APPLIED,SUV_TAPER_REVIEW,详见 suv_audit.csv
Cadillac XT5 SUV 2017-2026,SU1,SU1,APPLIED,SUV_TAPER_REVIEW,详见 suv_audit.csv
Cadillac XT6 SUV 2020-2025,SU1,SU1,APPLIED,SUV_TAPER_REVIEW,详见 suv_audit.csv
Cadillac XTS Sedan 2015-2017,SD1,SD1,APPLIED,OUT_OF_SCOPE_UNCHANGED,本轮未重新核定，保持 public 基线
Cadillac XTS Sedan 2018-2019,SD1,SD1,APPLIED,OUT_OF_SCOPE_UNCHANGED,本轮未重新核定，保持 public 基线
Chevrolet Astro Wagon 1985-1988,V0,V0,APPLIED,OUT_OF_SCOPE_UNCHANGED,本轮未重新核定，保持 public 基线
Chevrolet Astro Wagon 1989-1994,V0,V0,APPLIED,OUT_OF_SCOPE_UNCHANGED,本轮未重新核定，保持 public 基线
Chevrolet Astro LWB Wagon 1990-1994,V0,V0,APPLIED,OUT_OF_SCOPE_UNCHANGED,本轮未重新核定，保持 public 基线
Chevrolet Astro LWB Wagon 1995-2005,V0,V0,APPLIED,OUT_OF_SCOPE_UNCHANGED,本轮未重新核定，保持 public 基线
Chevrolet Avalanche 1500 Pickup 2002-2006 Crew 5.3,P0,P0,APPLIED,OUT_OF_SCOPE_UNCHANGED,本轮未重新核定，保持 public 基线
Chevrolet Avalanche 1500 Pickup 2007-2013 Crew 5.3,P0,P0,APPLIED,OUT_OF_SCOPE_UNCHANGED,本轮未重新核定，保持 public 基线
Chevrolet Avalanche 2500 Pickup 2002-2006 Crew 5.3,P0,P0,APPLIED,OUT_OF_SCOPE_UNCHANGED,本轮未重新核定，保持 public 基线
Chevrolet Aveo Hatchback 2004-2005,H0,H0,APPLIED,OUT_OF_SCOPE_UNCHANGED,本轮未重新核定，保持 public 基线
Chevrolet Aveo Sedan 2004-2006,SD1,SD1,APPLIED,OUT_OF_SCOPE_UNCHANGED,本轮未重新核定，保持 public 基线
Chevrolet Aveo Hatchback 2006,H0,H0,APPLIED,OUT_OF_SCOPE_UNCHANGED,本轮未重新核定，保持 public 基线
Chevrolet Aveo Hatchback 2007-2008,H0,H0,APPLIED,OUT_OF_SCOPE_UNCHANGED,本轮未重新核定，保持 public 基线
Chevrolet Aveo Sedan 2007-2011,SD1,SD1,APPLIED,OUT_OF_SCOPE_UNCHANGED,本轮未重新核定，保持 public 基线
Chevrolet Aveo Hatchback 2009-2011,H0,H0,APPLIED,OUT_OF_SCOPE_UNCHANGED,本轮未重新核定，保持 public 基线
Chevrolet Bel Air Convertible 1953,SD2,SD2,APPLIED,OUT_OF_SCOPE_UNCHANGED,本轮未重新核定，保持 public 基线
Chevrolet Bel Air Coupe 1953,SD2,SD2,APPLIED,OUT_OF_SCOPE_UNCHANGED,本轮未重新核定，保持 public 基线
Chevrolet Bel Air Sedan 1953,SD2,SD2,APPLIED,OUT_OF_SCOPE_UNCHANGED,本轮未重新核定，保持 public 基线
Chevrolet Bel Air Convertible 1954,SD2,SD2,APPLIED,OUT_OF_SCOPE_UNCHANGED,本轮未重新核定，保持 public 基线
Chevrolet Bel Air Coupe 1954,SD2,SD2,APPLIED,OUT_OF_SCOPE_UNCHANGED,本轮未重新核定，保持 public 基线
Chevrolet Bel Air Sedan 1954,SD2,SD2,APPLIED,OUT_OF_SCOPE_UNCHANGED,本轮未重新核定，保持 public 基线
Chevrolet Bel Air Wagon 1954,H3,H3,APPLIED,OUT_OF_SCOPE_UNCHANGED,本轮未重新核定，保持 public 基线
Chevrolet Bel Air Convertible 1955,SD2,SD2,APPLIED,OUT_OF_SCOPE_UNCHANGED,本轮未重新核定，保持 public 基线
Chevrolet Bel Air Sedan 1955,SD2,SD2,APPLIED,OUT_OF_SCOPE_UNCHANGED,本轮未重新核定，保持 public 基线
Chevrolet Bel Air Wagon 1955,H3,H3,APPLIED,OUT_OF_SCOPE_UNCHANGED,本轮未重新核定，保持 public 基线
Chevrolet Bel Air Convertible 1956,SD2,SD2,APPLIED,OUT_OF_SCOPE_UNCHANGED,本轮未重新核定，保持 public 基线
Chevrolet Bel Air Sedan 1956,SD2,SD2,APPLIED,OUT_OF_SCOPE_UNCHANGED,本轮未重新核定，保持 public 基线
Chevrolet Bel Air Wagon 1956,H3,H3,APPLIED,OUT_OF_SCOPE_UNCHANGED,本轮未重新核定，保持 public 基线
Chevrolet Bel Air Convertible 1957,SD2,SD2,APPLIED,OUT_OF_SCOPE_UNCHANGED,本轮未重新核定，保持 public 基线
Chevrolet Bel Air Coupe 1957,SD2,SD2,APPLIED,OUT_OF_SCOPE_UNCHANGED,本轮未重新核定，保持 public 基线
Chevrolet Bel Air Sedan 1957,SD2,SD2,APPLIED,OUT_OF_SCOPE_UNCHANGED,本轮未重新核定，保持 public 基线
Chevrolet Bel Air Wagon 1957,H3,H3,APPLIED,OUT_OF_SCOPE_UNCHANGED,本轮未重新核定，保持 public 基线
Chevrolet Bel Air Convertible 1958,SD2,SD2,APPLIED,OUT_OF_SCOPE_UNCHANGED,本轮未重新核定，保持 public 基线
Chevrolet Bel Air Coupe 1958,SD2,SD2,APPLIED,OUT_OF_SCOPE_UNCHANGED,本轮未重新核定，保持 public 基线
Chevrolet Bel Air Sedan 1958,SD2,SD2,APPLIED,OUT_OF_SCOPE_UNCHANGED,本轮未重新核定，保持 public 基线
Chevrolet Bel Air Wagon 1958,H3,H3,APPLIED,OUT_OF_SCOPE_UNCHANGED,本轮未重新核定，保持 public 基线
Chevrolet Bel Air Sedan 1959,SD2,SD2,APPLIED,OUT_OF_SCOPE_UNCHANGED,本轮未重新核定，保持 public 基线
Chevrolet Bel Air Wagon 1959,H3,H3,APPLIED,OUT_OF_SCOPE_UNCHANGED,本轮未重新核定，保持 public 基线
Chevrolet Bel Air Coupe 1960,SD2,SD2,APPLIED,OUT_OF_SCOPE_UNCHANGED,本轮未重新核定，保持 public 基线
Chevrolet Bel Air Sedan 1960,SD2,SD2,APPLIED,OUT_OF_SCOPE_UNCHANGED,本轮未重新核定，保持 public 基线
Chevrolet Bel Air Wagon 1960,H3,H3,APPLIED,OUT_OF_SCOPE_UNCHANGED,本轮未重新核定，保持 public 基线
Chevrolet Bel Air Coupe 1961,SD2,SD2,APPLIED,OUT_OF_SCOPE_UNCHANGED,本轮未重新核定，保持 public 基线
Chevrolet Bel Air Sedan 1961,SD2,SD2,APPLIED,OUT_OF_SCOPE_UNCHANGED,本轮未重新核定，保持 public 基线
Chevrolet Bel Air Wagon 1961,H3,H3,APPLIED,OUT_OF_SCOPE_UNCHANGED,本轮未重新核定，保持 public 基线
Chevrolet Bel Air Coupe 1962,SD2,SD2,APPLIED,OUT_OF_SCOPE_UNCHANGED,本轮未重新核定，保持 public 基线
Chevrolet Bel Air Sedan 1962,SD2,SD2,APPLIED,OUT_OF_SCOPE_UNCHANGED,本轮未重新核定，保持 public 基线
Chevrolet Bel Air Wagon 1962,H3,H3,APPLIED,OUT_OF_SCOPE_UNCHANGED,本轮未重新核定，保持 public 基线
Chevrolet Bel Air Wagon 1963,H3,H3,APPLIED,OUT_OF_SCOPE_UNCHANGED,本轮未重新核定，保持 public 基线
Chevrolet Bel Air Sedan 1963-1964,SD2,SD2,APPLIED,OUT_OF_SCOPE_UNCHANGED,本轮未重新核定，保持 public 基线
Chevrolet Bel Air Wagon 1964,H3,H3,APPLIED,OUT_OF_SCOPE_UNCHANGED,本轮未重新核定，保持 public 基线
Chevrolet Bel Air Sedan 1965,SD2,SD2,APPLIED,OUT_OF_SCOPE_UNCHANGED,本轮未重新核定，保持 public 基线
Chevrolet Bel Air Wagon 1965,H3,H3,APPLIED,OUT_OF_SCOPE_UNCHANGED,本轮未重新核定，保持 public 基线
Chevrolet Bel Air Sedan 1966,SD2,SD2,APPLIED,OUT_OF_SCOPE_UNCHANGED,本轮未重新核定，保持 public 基线
Chevrolet Bel Air Wagon 1967,H3,H3,APPLIED,OUT_OF_SCOPE_UNCHANGED,本轮未重新核定，保持 public 基线
Chevrolet Bel Air Sedan 1967-1969,SD2,SD2,APPLIED,OUT_OF_SCOPE_UNCHANGED,本轮未重新核定，保持 public 基线
Chevrolet Bel Air Wagon 1968-1969,H3,H3,APPLIED,OUT_OF_SCOPE_UNCHANGED,本轮未重新核定，保持 public 基线
Chevrolet Bel Air Sedan 1970,SD2,SD2,APPLIED,OUT_OF_SCOPE_UNCHANGED,本轮未重新核定，保持 public 基线
Chevrolet Bel Air Sedan 1971,SD2,SD2,APPLIED,OUT_OF_SCOPE_UNCHANGED,本轮未重新核定，保持 public 基线
Chevrolet Bel Air Sedan 1972,SD2,SD2,APPLIED,OUT_OF_SCOPE_UNCHANGED,本轮未重新核定，保持 public 基线
Chevrolet Bel Air Sedan 1973,SD2,SD2,APPLIED,OUT_OF_SCOPE_UNCHANGED,本轮未重新核定，保持 public 基线
Chevrolet Bel Air Sedan 1974-1975,SD2,SD2,APPLIED,OUT_OF_SCOPE_UNCHANGED,本轮未重新核定，保持 public 基线
Chevrolet Bel Air 2dr Sedan 1959,SD2,SD2,APPLIED,OUT_OF_SCOPE_UNCHANGED,本轮未重新核定，保持 public 基线
Chevrolet Bel Air 2dr Sedan 1960,SD2,SD2,APPLIED,OUT_OF_SCOPE_UNCHANGED,本轮未重新核定，保持 public 基线
Chevrolet Bel Air 4dr Sedan 1959,SD2,SD2,APPLIED,OUT_OF_SCOPE_UNCHANGED,本轮未重新核定，保持 public 基线
Chevrolet Bel Air 4dr Sedan 1960,SD2,SD2,APPLIED,OUT_OF_SCOPE_UNCHANGED,本轮未重新核定，保持 public 基线
Chevrolet Bel Air Hardtop Coupe 1959,SD2,SD2,APPLIED,OUT_OF_SCOPE_UNCHANGED,本轮未重新核定，保持 public 基线
Chevrolet Bel Air Hardtop Coupe 1960,SD2,SD2,APPLIED,OUT_OF_SCOPE_UNCHANGED,本轮未重新核定，保持 public 基线
Chevrolet Bel Air Parkwood/Kingswood Wagon 1959,H3,H3,APPLIED,OUT_OF_SCOPE_UNCHANGED,本轮未重新核定，保持 public 基线
Chevrolet Bel Air Parkwood/Kingswood Wagon 1960,H3,H3,APPLIED,OUT_OF_SCOPE_UNCHANGED,本轮未重新核定，保持 public 基线
Chevrolet Beretta Coupe 1987,SD0,SD0,APPLIED,OUT_OF_SCOPE_UNCHANGED,本轮未重新核定，保持 public 基线
Chevrolet Beretta Coupe 1988-1990,SD0,SD0,APPLIED,OUT_OF_SCOPE_UNCHANGED,本轮未重新核定，保持 public 基线
Chevrolet Beretta Coupe 1991,SD0,SD0,APPLIED,OUT_OF_SCOPE_UNCHANGED,本轮未重新核定，保持 public 基线
Chevrolet Beretta Coupe 1995-1996,SD0,SD0,APPLIED,OUT_OF_SCOPE_UNCHANGED,本轮未重新核定，保持 public 基线
Chevrolet Beretta GT/GTZ Coupe 1992-1994,SD0,SD0,APPLIED,OUT_OF_SCOPE_UNCHANGED,本轮未重新核定，保持 public 基线
Chevrolet Blazer SUV 1969-1970,SU2,SU2,APPLIED,SUV_TAPER_REVIEW,详见 suv_audit.csv
Chevrolet Blazer SUV 1971,SU2,SU2,APPLIED,SUV_TAPER_REVIEW,详见 suv_audit.csv
Chevrolet Blazer SUV 1972,SU2,SU2,APPLIED,SUV_TAPER_REVIEW,详见 suv_audit.csv
Chevrolet Blazer SUV 1973-1974,SU2,SU2,APPLIED,SUV_TAPER_REVIEW,详见 suv_audit.csv
Chevrolet Blazer SUV 1975,SU2,SU2,APPLIED,SUV_TAPER_REVIEW,详见 suv_audit.csv
Chevrolet Blazer SUV 1976-1977,SU2,SU2,APPLIED,SUV_TAPER_REVIEW,详见 suv_audit.csv
Chevrolet Blazer SUV 1978-1979,SU2,SU2,APPLIED,SUV_TAPER_REVIEW,详见 suv_audit.csv
Chevrolet Blazer SUV 1980-1991,SU2,SU2,APPLIED,SUV_TAPER_REVIEW,详见 suv_audit.csv
Chevrolet Blazer SUV 1992-1994,SU2,SU2,APPLIED,SUV_TAPER_REVIEW,详见 suv_audit.csv
Chevrolet Blazer SUV 2019-2022,SU0,SU1,APPLIED,SUV_TAPER_REVIEW,详见 suv_audit.csv
Chevrolet Blazer SUV 2023-2026,SU0,SU1,APPLIED,SUV_TAPER_REVIEW,详见 suv_audit.csv
Chevrolet Blazer 2dr SUV 1995,SU2,SU2,APPLIED,SUV_TAPER_REVIEW,详见 suv_audit.csv
Chevrolet Blazer 2dr SUV 1998,SU2,SU2,APPLIED,SUV_TAPER_REVIEW,详见 suv_audit.csv
Chevrolet Blazer 2dr SUV 2003-2004,SU2,SU2,APPLIED,SUV_TAPER_REVIEW,详见 suv_audit.csv
Chevrolet Blazer 2dr Base 4WD SUV 1996,SU2,SU2,APPLIED,SUV_TAPER_REVIEW,详见 suv_audit.csv
Chevrolet Blazer 4dr SUV 1997,SU2,SU2,APPLIED,SUV_TAPER_REVIEW,详见 suv_audit.csv
Chevrolet Blazer 4dr SUV 1998-2001,SU2,SU2,APPLIED,SUV_TAPER_REVIEW,详见 suv_audit.csv
Chevrolet Blazer 4dr SUV 2002,SU2,SU2,APPLIED,SUV_TAPER_REVIEW,详见 suv_audit.csv
Chevrolet Blazer 4dr SUV 2003-2005,SU2,SU2,APPLIED,SUV_TAPER_REVIEW,详见 suv_audit.csv
Chevrolet Blazer 4dr LS 4WD SUV 1996,SU2,SU2,APPLIED,SUV_TAPER_REVIEW,详见 suv_audit.csv
Chevrolet Blazer EV Crossover 2024-2026,SU0,SU0,APPLIED,SUV_TAPER_REVIEW,详见 suv_audit.csv
Chevrolet Blazer EV SS Crossover 2025-2026,SU0,SU0,APPLIED,SUV_TAPER_REVIEW,详见 suv_audit.csv
Chevrolet Bolt Hatchback 2017-2021,H1,H1,APPLIED,OUT_OF_SCOPE_UNCHANGED,本轮未重新核定，保持 public 基线
Chevrolet Bolt Hatchback 2022-2023,H1,H1,APPLIED,OUT_OF_SCOPE_UNCHANGED,本轮未重新核定，保持 public 基线
Chevrolet Bolt Hatchback 2027,SU1,SU1,APPLIED,OUT_OF_SCOPE_UNCHANGED,本轮未重新核定，保持 public 基线
Chevrolet Bolt EUV SUV 2022-2023,SU1,SU1,APPLIED,SUV_TAPER_REVIEW,详见 suv_audit.csv
Chevrolet C/K Pickup 1960-1966 Regular 6.5,P0,P0,APPLIED,OUT_OF_SCOPE_UNCHANGED,本轮未重新核定，保持 public 基线
Chevrolet C/K Pickup 1960-1966 Regular 8,P0,P0,APPLIED,OUT_OF_SCOPE_UNCHANGED,本轮未重新核定，保持 public 基线
Chevrolet C/K Pickup 1960-1966 Regular 9,P0,P0,APPLIED,OUT_OF_SCOPE_UNCHANGED,本轮未重新核定，保持 public 基线
Chevrolet C/K Pickup 1967-1972 Regular 6.5,P0,P0,APPLIED,OUT_OF_SCOPE_UNCHANGED,本轮未重新核定，保持 public 基线
Chevrolet C/K Pickup 1967-1972 Regular 8,P0,P0,APPLIED,OUT_OF_SCOPE_UNCHANGED,本轮未重新核定，保持 public 基线
Chevrolet C/K Pickup 1967-1972 Regular 9,P0,P0,APPLIED,OUT_OF_SCOPE_UNCHANGED,本轮未重新核定，保持 public 基线
Chevrolet C/K Pickup 1973-1986 Crew 8,P0,P0,APPLIED,OUT_OF_SCOPE_UNCHANGED,本轮未重新核定，保持 public 基线
Chevrolet C/K Pickup 1973-1986 Regular 6.5,P0,P0,APPLIED,OUT_OF_SCOPE_UNCHANGED,本轮未重新核定，保持 public 基线
Chevrolet C/K Pickup 1973-1986 Regular 8,P0,P0,APPLIED,OUT_OF_SCOPE_UNCHANGED,本轮未重新核定，保持 public 基线
Chevrolet C/K Pickup 1988-1998 Extended 8,P0,P0,APPLIED,OUT_OF_SCOPE_UNCHANGED,本轮未重新核定，保持 public 基线
Chevrolet C/K Pickup 1988-1998 Regular 6.5,P0,P0,APPLIED,OUT_OF_SCOPE_UNCHANGED,本轮未重新核定，保持 public 基线
Chevrolet C/K Pickup 1988-1998 Regular 8,P0,P0,APPLIED,OUT_OF_SCOPE_UNCHANGED,本轮未重新核定，保持 public 基线
Chevrolet C/K Pickup 1989-1998 Extended 6.5,P0,P0,APPLIED,OUT_OF_SCOPE_UNCHANGED,本轮未重新核定，保持 public 基线
Chevrolet C/K Pickup 1992-1998 Crew 8,P0,P0,APPLIED,OUT_OF_SCOPE_UNCHANGED,本轮未重新核定，保持 public 基线
Chevrolet C/K Classic Pickup 1999 Extended 6.5,P0,P0,APPLIED,OUT_OF_SCOPE_UNCHANGED,本轮未重新核定，保持 public 基线
Chevrolet C/K Classic Pickup 1999-2000 Crew 6.5,P0,P0,APPLIED,OUT_OF_SCOPE_UNCHANGED,本轮未重新核定，保持 public 基线
Chevrolet C/K Classic Pickup 1999-2000 Crew 8,P0,P0,APPLIED,OUT_OF_SCOPE_UNCHANGED,本轮未重新核定，保持 public 基线
Chevrolet C/K Classic Pickup 1999-2000 Extended 8,P0,P0,APPLIED,OUT_OF_SCOPE_UNCHANGED,本轮未重新核定，保持 public 基线
Chevrolet C/K Classic Pickup 1999-2000 Regular 8,P0,P0,APPLIED,OUT_OF_SCOPE_UNCHANGED,本轮未重新核定，保持 public 基线
Chevrolet C/K Classic DRW Pickup 1999-2000 Crew 6.5,DUAL,DUAL,APPLIED,OUT_OF_SCOPE_UNCHANGED,本轮未重新核定，保持 public 基线
Chevrolet C/K Classic DRW Pickup 1999-2000 Crew 8,DUAL,DUAL,APPLIED,OUT_OF_SCOPE_UNCHANGED,本轮未重新核定，保持 public 基线
Chevrolet C/K Classic DRW Pickup 1999-2000 Extended 8,DUAL,DUAL,APPLIED,OUT_OF_SCOPE_UNCHANGED,本轮未重新核定，保持 public 基线
Chevrolet C/K Classic DRW Pickup 1999-2000 Regular 8,DUAL,DUAL,APPLIED,OUT_OF_SCOPE_UNCHANGED,本轮未重新核定，保持 public 基线
Chevrolet C/K DRW Pickup 1973-1986 Crew 8,DUAL,DUAL,APPLIED,OUT_OF_SCOPE_UNCHANGED,本轮未重新核定，保持 public 基线
Chevrolet C/K DRW Pickup 1973-1986 Regular 8,DUAL,DUAL,APPLIED,OUT_OF_SCOPE_UNCHANGED,本轮未重新核定，保持 public 基线
Chevrolet C/K DRW Pickup 1988-1998 Extended 8,DUAL,DUAL,APPLIED,OUT_OF_SCOPE_UNCHANGED,本轮未重新核定，保持 public 基线
Chevrolet C/K DRW Pickup 1988-1998 Regular 8,DUAL,DUAL,APPLIED,OUT_OF_SCOPE_UNCHANGED,本轮未重新核定，保持 public 基线
Chevrolet C/K DRW Pickup 1992-1998 Crew 8,DUAL,DUAL,APPLIED,OUT_OF_SCOPE_UNCHANGED,本轮未重新核定，保持 public 基线
Chevrolet C/K DRW Pickup 1999-2000 Crew 8,DUAL,DUAL,APPLIED,OUT_OF_SCOPE_UNCHANGED,本轮未重新核定，保持 public 基线
Chevrolet C/K Longhorn Pickup 1968-1972 Regular 8.5,P0,P0,APPLIED,OUT_OF_SCOPE_UNCHANGED,本轮未重新核定，保持 public 基线
Chevrolet C/K R/V Pickup 1987-1988 Regular 6.5,P0,P0,APPLIED,OUT_OF_SCOPE_UNCHANGED,本轮未重新核定，保持 public 基线
Chevrolet C/K R/V Pickup 1987-1988 Regular 8,P0,P0,APPLIED,OUT_OF_SCOPE_UNCHANGED,本轮未重新核定，保持 public 基线
Chevrolet C/K R/V Pickup 1987-1991 Crew 8,P0,P0,APPLIED,OUT_OF_SCOPE_UNCHANGED,本轮未重新核定，保持 public 基线
Chevrolet C/K R/V DRW Pickup 1987-1988 Regular 8,DUAL,DUAL,APPLIED,OUT_OF_SCOPE_UNCHANGED,本轮未重新核定，保持 public 基线
Chevrolet C/K R/V DRW Pickup 1987-1991 Crew 8,DUAL,DUAL,APPLIED,OUT_OF_SCOPE_UNCHANGED,本轮未重新核定，保持 public 基线
Chevrolet Camaro Convertible 1967-1969,SD0,SD0,APPLIED,OUT_OF_SCOPE_UNCHANGED,本轮未重新核定，保持 public 基线
Chevrolet Camaro Coupe 1967-1969,SD0,SD0,APPLIED,OUT_OF_SCOPE_UNCHANGED,本轮未重新核定，保持 public 基线
Chevrolet Camaro Coupe 1970-1973,SD0,SD0,APPLIED,OUT_OF_SCOPE_UNCHANGED,本轮未重新核定，保持 public 基线
Chevrolet Camaro Coupe 1974,SD0,SD0,APPLIED,OUT_OF_SCOPE_UNCHANGED,本轮未重新核定，保持 public 基线
Chevrolet Camaro Coupe 1975-1976,SD0,SD0,APPLIED,OUT_OF_SCOPE_UNCHANGED,本轮未重新核定，保持 public 基线
Chevrolet Camaro Coupe 1977,SD0,SD0,APPLIED,OUT_OF_SCOPE_UNCHANGED,本轮未重新核定，保持 public 基线
Chevrolet Camaro Coupe 1978-1981,SD0,SD0,APPLIED,OUT_OF_SCOPE_UNCHANGED,本轮未重新核定，保持 public 基线
Chevrolet Camaro Coupe 1982-1984,SD0,SD0,APPLIED,OUT_OF_SCOPE_UNCHANGED,本轮未重新核定，保持 public 基线
Chevrolet Camaro Convertible 1991-1992,SD0,SD0,APPLIED,OUT_OF_SCOPE_UNCHANGED,本轮未重新核定，保持 public 基线
Chevrolet Camaro Coupe 1992,SD0,SD0,APPLIED,OUT_OF_SCOPE_UNCHANGED,本轮未重新核定，保持 public 基线
Chevrolet Camaro Coupe 1993,SD0,SD0,APPLIED,OUT_OF_SCOPE_UNCHANGED,本轮未重新核定，保持 public 基线
Chevrolet Camaro Convertible 1994-1997,SD0,SD0,APPLIED,OUT_OF_SCOPE_UNCHANGED,本轮未重新核定，保持 public 基线
Chevrolet Camaro Coupe 1994-1997,SD0,SD0,APPLIED,OUT_OF_SCOPE_UNCHANGED,本轮未重新核定，保持 public 基线
Chevrolet Camaro Convertible 1998,SD0,SD0,APPLIED,OUT_OF_SCOPE_UNCHANGED,本轮未重新核定，保持 public 基线
Chevrolet Camaro Coupe 1998,SD0,SD0,APPLIED,OUT_OF_SCOPE_UNCHANGED,本轮未重新核定，保持 public 基线
Chevrolet Camaro Convertible 1999,SD0,SD0,APPLIED,OUT_OF_SCOPE_UNCHANGED,本轮未重新核定，保持 public 基线
Chevrolet Camaro Coupe 1999,SD0,SD0,APPLIED,OUT_OF_SCOPE_UNCHANGED,本轮未重新核定，保持 public 基线
Chevrolet Camaro Convertible 2000-2002,SD0,SD0,APPLIED,OUT_OF_SCOPE_UNCHANGED,本轮未重新核定，保持 public 基线
Chevrolet Camaro Coupe 2000-2002,SD0,SD0,APPLIED,OUT_OF_SCOPE_UNCHANGED,本轮未重新核定，保持 public 基线
Chevrolet Camaro Coupe 2010-2013,SD0,SD0,APPLIED,OUT_OF_SCOPE_UNCHANGED,本轮未重新核定，保持 public 基线
Chevrolet Camaro Convertible 2011-2013,SD0,SD0,APPLIED,OUT_OF_SCOPE_UNCHANGED,本轮未重新核定，保持 public 基线
Chevrolet Camaro Convertible 2014-2015,SD0,SD0,APPLIED,OUT_OF_SCOPE_UNCHANGED,本轮未重新核定，保持 public 基线
Chevrolet Camaro Coupe 2014-2015,SD0,SD0,APPLIED,OUT_OF_SCOPE_UNCHANGED,本轮未重新核定，保持 public 基线
Chevrolet Camaro Convertible 2016-2024,SD0,SD0,APPLIED,OUT_OF_SCOPE_UNCHANGED,本轮未重新核定，保持 public 基线
Chevrolet Camaro Coupe 2016-2024,SD0,SD0,APPLIED,OUT_OF_SCOPE_UNCHANGED,本轮未重新核定，保持 public 基线
Chevrolet Camaro IROC-Z Convertible 1987,SD0,SD0,APPLIED,OUT_OF_SCOPE_UNCHANGED,本轮未重新核定，保持 public 基线
Chevrolet Camaro IROC-Z Convertible 1988-1990,SD0,SD0,APPLIED,OUT_OF_SCOPE_UNCHANGED,本轮未重新核定，保持 public 基线
Chevrolet Camaro IROC-Z/Z28 Coupe 1985-1990,SD0,SD0,APPLIED,OUT_OF_SCOPE_UNCHANGED,本轮未重新核定，保持 public 基线
Chevrolet Camaro Z28 Coupe 1991,SD0,SD0,APPLIED,OUT_OF_SCOPE_UNCHANGED,本轮未重新核定，保持 public 基线
Chevrolet Camaro Z28 Coupe 1995,SD0,SD0,APPLIED,OUT_OF_SCOPE_UNCHANGED,本轮未重新核定，保持 public 基线
Chevrolet Camaro Z28 Coupe 1996-1997,SD0,SD0,APPLIED,OUT_OF_SCOPE_UNCHANGED,本轮未重新核定，保持 public 基线
Chevrolet Camaro ZL1 Convertible 2017-2018,SD0,SD0,APPLIED,OUT_OF_SCOPE_UNCHANGED,本轮未重新核定，保持 public 基线
Chevrolet Camaro ZL1 Coupe 2017-2018,SD0,SD0,APPLIED,OUT_OF_SCOPE_UNCHANGED,本轮未重新核定，保持 public 基线
Chevrolet Camaro ZL1 Convertible 2019,SD0,SD0,APPLIED,OUT_OF_SCOPE_UNCHANGED,本轮未重新核定，保持 public 基线
Chevrolet Camaro ZL1 Coupe 2019,SD0,SD0,APPLIED,OUT_OF_SCOPE_UNCHANGED,本轮未重新核定，保持 public 基线
Chevrolet Camaro ZL1 Convertible 2020-2024,SD0,SD0,APPLIED,OUT_OF_SCOPE_UNCHANGED,本轮未重新核定，保持 public 基线
Chevrolet Camaro ZL1 Coupe 2020-2024,SD0,SD0,APPLIED,OUT_OF_SCOPE_UNCHANGED,本轮未重新核定，保持 public 基线
Chevrolet Caprice Coupe 1966-1967,SD2,SD2,APPLIED,OUT_OF_SCOPE_UNCHANGED,本轮未重新核定，保持 public 基线
Chevrolet Caprice Sedan 1966-1967,SD2,SD2,APPLIED,OUT_OF_SCOPE_UNCHANGED,本轮未重新核定，保持 public 基线
Chevrolet Caprice Wagon 1966-1967,H3,H3,APPLIED,OUT_OF_SCOPE_UNCHANGED,本轮未重新核定，保持 public 基线
Chevrolet Caprice Coupe 1968,SD2,SD2,APPLIED,OUT_OF_SCOPE_UNCHANGED,本轮未重新核定，保持 public 基线
Chevrolet Caprice Sedan 1968,SD2,SD2,APPLIED,OUT_OF_SCOPE_UNCHANGED,本轮未重新核定，保持 public 基线
Chevrolet Caprice Wagon 1968-1970,H3,H3,APPLIED,OUT_OF_SCOPE_UNCHANGED,本轮未重新核定，保持 public 基线
Chevrolet Caprice Coupe 1969-1970,SD2,SD2,APPLIED,OUT_OF_SCOPE_UNCHANGED,本轮未重新核定，保持 public 基线
Chevrolet Caprice Sedan 1969-1970,SD2,SD2,APPLIED,OUT_OF_SCOPE_UNCHANGED,本轮未重新核定，保持 public 基线
Chevrolet Caprice Coupe 1971,SD2,SD2,APPLIED,OUT_OF_SCOPE_UNCHANGED,本轮未重新核定，保持 public 基线
Chevrolet Caprice Coupe 1972,SD2,SD2,APPLIED,OUT_OF_SCOPE_UNCHANGED,本轮未重新核定，保持 public 基线
Chevrolet Caprice Convertible 1972-1975,SD2,SD2,APPLIED,OUT_OF_SCOPE_UNCHANGED,本轮未重新核定，保持 public 基线
Chevrolet Caprice Coupe 1973-1975,SD2,SD2,APPLIED,OUT_OF_SCOPE_UNCHANGED,本轮未重新核定，保持 public 基线
Chevrolet Caprice Coupe 1976,SD2,SD2,APPLIED,OUT_OF_SCOPE_UNCHANGED,本轮未重新核定，保持 public 基线
Chevrolet Captiva SUV 2012-2015,SU1,SU1,APPLIED,SUV_TAPER_REVIEW,详见 suv_audit.csv
Chevrolet Cavalier Sedan 1982,SD2,SD2,APPLIED,OUT_OF_SCOPE_UNCHANGED,本轮未重新核定，保持 public 基线
Chevrolet Cavalier Coupe 1983,SD2,SD2,APPLIED,OUT_OF_SCOPE_UNCHANGED,本轮未重新核定，保持 public 基线
Chevrolet Cavalier Sedan 1983,SD2,SD2,APPLIED,OUT_OF_SCOPE_UNCHANGED,本轮未重新核定，保持 public 基线
Chevrolet Cavalier Wagon 1983-1986,H3,H3,APPLIED,OUT_OF_SCOPE_UNCHANGED,本轮未重新核定，保持 public 基线
Chevrolet Cavalier Hatchback 1984,H0,H0,APPLIED,OUT_OF_SCOPE_UNCHANGED,本轮未重新核定，保持 public 基线
Chevrolet Cavalier Sedan 1984,SD2,SD2,APPLIED,OUT_OF_SCOPE_UNCHANGED,本轮未重新核定，保持 public 基线
Chevrolet Cavalier Coupe 1985,SD2,SD2,APPLIED,OUT_OF_SCOPE_UNCHANGED,本轮未重新核定，保持 public 基线
Chevrolet Cavalier Hatchback 1985-1987,H0,H0,APPLIED,OUT_OF_SCOPE_UNCHANGED,本轮未重新核定，保持 public 基线
Chevrolet Cavalier Sedan 1986,SD2,SD2,APPLIED,OUT_OF_SCOPE_UNCHANGED,本轮未重新核定，保持 public 基线
Chevrolet Cavalier Coupe 1987,SD2,SD2,APPLIED,OUT_OF_SCOPE_UNCHANGED,本轮未重新核定，保持 public 基线
Chevrolet Cavalier Wagon 1987,H3,H3,APPLIED,OUT_OF_SCOPE_UNCHANGED,本轮未重新核定，保持 public 基线
Chevrolet Cavalier Hatchback 1988,H0,H0,APPLIED,OUT_OF_SCOPE_UNCHANGED,本轮未重新核定，保持 public 基线
Chevrolet Cavalier Sedan 1988,SD2,SD2,APPLIED,OUT_OF_SCOPE_UNCHANGED,本轮未重新核定，保持 public 基线
Chevrolet Cavalier Wagon 1988,H3,H3,APPLIED,OUT_OF_SCOPE_UNCHANGED,本轮未重新核定，保持 public 基线
Chevrolet Cavalier Coupe 1989,SD2,SD2,APPLIED,OUT_OF_SCOPE_UNCHANGED,本轮未重新核定，保持 public 基线
Chevrolet Cavalier Coupe 1990,SD2,SD2,APPLIED,OUT_OF_SCOPE_UNCHANGED,本轮未重新核定，保持 public 基线
Chevrolet Cavalier Sedan 1990,SD2,SD2,APPLIED,OUT_OF_SCOPE_UNCHANGED,本轮未重新核定，保持 public 基线
Chevrolet Cavalier Convertible 1991-1994,SD2,SD2,APPLIED,OUT_OF_SCOPE_UNCHANGED,本轮未重新核定，保持 public 基线
Chevrolet Cavalier Coupe 1991-1994,SD2,SD2,APPLIED,OUT_OF_SCOPE_UNCHANGED,本轮未重新核定，保持 public 基线
Chevrolet Cavalier Wagon 1992,H2,H2,APPLIED,OUT_OF_SCOPE_UNCHANGED,本轮未重新核定，保持 public 基线
Chevrolet Cavalier Sedan 1993-1994,SD2,SD2,APPLIED,OUT_OF_SCOPE_UNCHANGED,本轮未重新核定，保持 public 基线
Chevrolet Cavalier Wagon 1993-1994,H2,H2,APPLIED,OUT_OF_SCOPE_UNCHANGED,本轮未重新核定，保持 public 基线
Chevrolet Cavalier Convertible 1995,SD1,SD1,APPLIED,OUT_OF_SCOPE_UNCHANGED,本轮未重新核定，保持 public 基线
Chevrolet Cavalier Sedan 1995,SD1,SD1,APPLIED,OUT_OF_SCOPE_UNCHANGED,本轮未重新核定，保持 public 基线
Chevrolet Cavalier Convertible 1996,SD1,SD1,APPLIED,OUT_OF_SCOPE_UNCHANGED,本轮未重新核定，保持 public 基线
Chevrolet Cavalier Coupe 1996,SD1,SD1,APPLIED,OUT_OF_SCOPE_UNCHANGED,本轮未重新核定，保持 public 基线
Chevrolet Cavalier Sedan 1996-1997,SD1,SD1,APPLIED,OUT_OF_SCOPE_UNCHANGED,本轮未重新核定，保持 public 基线
Chevrolet Cavalier Convertible 1997,SD1,SD1,APPLIED,OUT_OF_SCOPE_UNCHANGED,本轮未重新核定，保持 public 基线
Chevrolet Cavalier Convertible 1998,SD1,SD1,APPLIED,OUT_OF_SCOPE_UNCHANGED,本轮未重新核定，保持 public 基线
Chevrolet Cavalier Sedan 1998-1999,SD1,SD1,APPLIED,OUT_OF_SCOPE_UNCHANGED,本轮未重新核定，保持 public 基线
Chevrolet Cavalier Convertible 1999,SD1,SD1,APPLIED,OUT_OF_SCOPE_UNCHANGED,本轮未重新核定，保持 public 基线
Chevrolet Cavalier Coupe 1999,SD1,SD1,APPLIED,OUT_OF_SCOPE_UNCHANGED,本轮未重新核定，保持 public 基线
Chevrolet Cavalier Convertible 2000-2002,SD1,SD1,APPLIED,OUT_OF_SCOPE_UNCHANGED,本轮未重新核定，保持 public 基线
Chevrolet Cavalier Sedan 2000-2004,SD1,SD1,APPLIED,OUT_OF_SCOPE_UNCHANGED,本轮未重新核定，保持 public 基线
Chevrolet Cavalier Coupe 2000-2005,SD1,SD1,APPLIED,OUT_OF_SCOPE_UNCHANGED,本轮未重新核定，保持 public 基线
Chevrolet Chevelle Wagon 1964,H3,H3,APPLIED,OUT_OF_SCOPE_UNCHANGED,本轮未重新核定，保持 public 基线
Chevrolet Chevelle Convertible 1964-1965,SD2,SD2,APPLIED,OUT_OF_SCOPE_UNCHANGED,本轮未重新核定，保持 public 基线
Chevrolet Chevelle Coupe 1964-1965,SD2,SD2,APPLIED,OUT_OF_SCOPE_UNCHANGED,本轮未重新核定，保持 public 基线
Chevrolet Chevelle Sedan 1964-1965,SD2,SD2,APPLIED,OUT_OF_SCOPE_UNCHANGED,本轮未重新核定，保持 public 基线
Chevrolet Chevelle Convertible 1966,SD2,SD2,APPLIED,OUT_OF_SCOPE_UNCHANGED,本轮未重新核定，保持 public 基线
Chevrolet Chevelle Coupe 1966,SD2,SD2,APPLIED,OUT_OF_SCOPE_UNCHANGED,本轮未重新核定，保持 public 基线
Chevrolet Chevelle Sedan 1966-1967,SD2,SD2,APPLIED,OUT_OF_SCOPE_UNCHANGED,本轮未重新核定，保持 public 基线
Chevrolet Chevelle Coupe 1967,SD2,SD2,APPLIED,OUT_OF_SCOPE_UNCHANGED,本轮未重新核定，保持 public 基线
Chevrolet Chevelle Wagon 1967,H3,H3,APPLIED,OUT_OF_SCOPE_UNCHANGED,本轮未重新核定，保持 public 基线
Chevrolet Chevelle Coupe 1968,SD2,SD2,APPLIED,OUT_OF_SCOPE_UNCHANGED,本轮未重新核定，保持 public 基线
Chevrolet Chevelle Convertible 1968-1972,SD2,SD2,APPLIED,OUT_OF_SCOPE_UNCHANGED,本轮未重新核定，保持 public 基线
Chevrolet Chevelle Sedan 1968-1972,SD2,SD2,APPLIED,OUT_OF_SCOPE_UNCHANGED,本轮未重新核定，保持 public 基线
Chevrolet Chevelle Wagon 1968-1972,H3,H3,APPLIED,OUT_OF_SCOPE_UNCHANGED,本轮未重新核定，保持 public 基线
Chevrolet Chevelle Coupe 1971,SD2,SD2,APPLIED,OUT_OF_SCOPE_UNCHANGED,本轮未重新核定，保持 public 基线
Chevrolet Chevelle Coupe 1973-1977,SD2,SD2,APPLIED,OUT_OF_SCOPE_UNCHANGED,本轮未重新核定，保持 public 基线
Chevrolet Chevelle Sedan 1973-1977,SD2,SD2,APPLIED,OUT_OF_SCOPE_UNCHANGED,本轮未重新核定，保持 public 基线
Chevrolet Chevelle Wagon 1973-1977,H3,H3,APPLIED,OUT_OF_SCOPE_UNCHANGED,本轮未重新核定，保持 public 基线
Chevrolet Chevelle Laguna Type S-3 Coupe 1974,SD2,SD2,APPLIED,OUT_OF_SCOPE_UNCHANGED,本轮未重新核定，保持 public 基线
Chevrolet Chevy Van Extended Wagon 1993-1995,V1,V1,APPLIED,OUT_OF_SCOPE_UNCHANGED,本轮未重新核定，保持 public 基线
Chevrolet Chevy Van G-Classic Extended Wagon 1996,V1,V1,APPLIED,OUT_OF_SCOPE_UNCHANGED,本轮未重新核定，保持 public 基线
Chevrolet Chevy Van G-Classic Regular Wagon 1996,V1,V1,APPLIED,OUT_OF_SCOPE_UNCHANGED,本轮未重新核定，保持 public 基线
Chevrolet Chevy Van G10 Regular Wagon 1967-1970,V1,V1,APPLIED,OUT_OF_SCOPE_UNCHANGED,本轮未重新核定，保持 public 基线
Chevrolet Chevy Van G10 Regular Wagon 1971-1972,V1,V1,APPLIED,OUT_OF_SCOPE_UNCHANGED,本轮未重新核定，保持 public 基线
Chevrolet Chevy Van G10 Regular Wagon 1973,V1,V1,APPLIED,OUT_OF_SCOPE_UNCHANGED,本轮未重新核定，保持 public 基线
Chevrolet Chevy Van G10 Regular Wagon 1974-1975,V1,V1,APPLIED,OUT_OF_SCOPE_UNCHANGED,本轮未重新核定，保持 public 基线
Chevrolet Chevy Van G10 Regular Wagon 1976,V1,V1,APPLIED,OUT_OF_SCOPE_UNCHANGED,本轮未重新核定，保持 public 基线
Chevrolet Chevy Van G10 Regular Wagon 1977,V1,V1,APPLIED,OUT_OF_SCOPE_UNCHANGED,本轮未重新核定，保持 public 基线
Chevrolet Chevy Van G10 Regular Wagon 1978,V1,V1,APPLIED,OUT_OF_SCOPE_UNCHANGED,本轮未重新核定，保持 public 基线
Chevrolet Chevy Van G10 Regular Wagon 1979,V1,V1,APPLIED,OUT_OF_SCOPE_UNCHANGED,本轮未重新核定，保持 public 基线
Chevrolet Chevy Van G10 Regular Wagon 1980,V1,V1,APPLIED,OUT_OF_SCOPE_UNCHANGED,本轮未重新核定，保持 public 基线
Chevrolet Chevy Van G10 Regular Wagon 1981-1989,V1,V1,APPLIED,OUT_OF_SCOPE_UNCHANGED,本轮未重新核定，保持 public 基线
Chevrolet Chevy Van G10 Regular Wagon 1990,V1,V1,APPLIED,OUT_OF_SCOPE_UNCHANGED,本轮未重新核定，保持 public 基线
Chevrolet Chevy Van G10 Regular Wagon 1991-1992,V1,V1,APPLIED,OUT_OF_SCOPE_UNCHANGED,本轮未重新核定，保持 public 基线
Chevrolet Chevy Van G10 Short Wagon 1964-1965,V1,V1,APPLIED,OUT_OF_SCOPE_UNCHANGED,本轮未重新核定，保持 public 基线
Chevrolet Chevy Van G10 Short Wagon 1966,V1,V1,APPLIED,OUT_OF_SCOPE_UNCHANGED,本轮未重新核定，保持 public 基线
Chevrolet Chevy Van G10 Short Wagon 1967-1970,V1,V1,APPLIED,OUT_OF_SCOPE_UNCHANGED,本轮未重新核定，保持 public 基线
Chevrolet Chevy Van G10 Short Wagon 1971-1972,V1,V1,APPLIED,OUT_OF_SCOPE_UNCHANGED,本轮未重新核定，保持 public 基线
Chevrolet Chevy Van G10 Short Wagon 1973,V1,V1,APPLIED,OUT_OF_SCOPE_UNCHANGED,本轮未重新核定，保持 public 基线
Chevrolet Chevy Van G10 Short Wagon 1974-1975,V1,V1,APPLIED,OUT_OF_SCOPE_UNCHANGED,本轮未重新核定，保持 public 基线
Chevrolet Chevy Van G10 Short Wagon 1976,V1,V1,APPLIED,OUT_OF_SCOPE_UNCHANGED,本轮未重新核定，保持 public 基线
Chevrolet Chevy Van G10 Short Wagon 1977,V1,V1,APPLIED,OUT_OF_SCOPE_UNCHANGED,本轮未重新核定，保持 public 基线
Chevrolet Chevy Van G10 Short Wagon 1978,V1,V1,APPLIED,OUT_OF_SCOPE_UNCHANGED,本轮未重新核定，保持 public 基线
Chevrolet Chevy Van G10 Short Wagon 1979,V1,V1,APPLIED,OUT_OF_SCOPE_UNCHANGED,本轮未重新核定，保持 public 基线
Chevrolet Chevy Van G10 Short Wagon 1980-1989,V1,V1,APPLIED,OUT_OF_SCOPE_UNCHANGED,本轮未重新核定，保持 public 基线
Chevrolet Chevy Van G10 Short Wagon 1990,V1,V1,APPLIED,OUT_OF_SCOPE_UNCHANGED,本轮未重新核定，保持 public 基线
Chevrolet Chevy Van G10 Short Wagon 1991-1992,V1,V1,APPLIED,OUT_OF_SCOPE_UNCHANGED,本轮未重新核定，保持 public 基线
Chevrolet Chevy Van G20 Regular Wagon 1967-1970,V1,V1,APPLIED,OUT_OF_SCOPE_UNCHANGED,本轮未重新核定，保持 public 基线
Chevrolet Chevy Van G20 Regular Wagon 1971-1972,V1,V1,APPLIED,OUT_OF_SCOPE_UNCHANGED,本轮未重新核定，保持 public 基线
Chevrolet Chevy Van G20 Regular Wagon 1973-1975,V1,V1,APPLIED,OUT_OF_SCOPE_UNCHANGED,本轮未重新核定，保持 public 基线
Chevrolet Chevy Van G20 Regular Wagon 1976,V1,V1,APPLIED,OUT_OF_SCOPE_UNCHANGED,本轮未重新核定，保持 public 基线
Chevrolet Chevy Van G20 Regular Wagon 1977,V1,V1,APPLIED,OUT_OF_SCOPE_UNCHANGED,本轮未重新核定，保持 public 基线
Chevrolet Chevy Van G20 Regular Wagon 1978,V1,V1,APPLIED,OUT_OF_SCOPE_UNCHANGED,本轮未重新核定，保持 public 基线
Chevrolet Chevy Van G20 Regular Wagon 1979,V1,V1,APPLIED,OUT_OF_SCOPE_UNCHANGED,本轮未重新核定，保持 public 基线
Chevrolet Chevy Van G20 Regular Wagon 1980,V1,V1,APPLIED,OUT_OF_SCOPE_UNCHANGED,本轮未重新核定，保持 public 基线
Chevrolet Chevy Van G20 Regular Wagon 1981-1989,V1,V1,APPLIED,OUT_OF_SCOPE_UNCHANGED,本轮未重新核定，保持 public 基线
Chevrolet Chevy Van G20 Regular Wagon 1990,V1,V1,APPLIED,OUT_OF_SCOPE_UNCHANGED,本轮未重新核定，保持 public 基线
Chevrolet Chevy Van G20 Regular Wagon 1991-1992,V1,V1,APPLIED,OUT_OF_SCOPE_UNCHANGED,本轮未重新核定，保持 public 基线
Chevrolet Chevy Van G20 Short Wagon 1971-1972,V1,V1,APPLIED,OUT_OF_SCOPE_UNCHANGED,本轮未重新核定，保持 public 基线
Chevrolet Chevy Van G20 Short Wagon 1973-1975,V1,V1,APPLIED,OUT_OF_SCOPE_UNCHANGED,本轮未重新核定，保持 public 基线
Chevrolet Chevy Van G20 Short Wagon 1976,V1,V1,APPLIED,OUT_OF_SCOPE_UNCHANGED,本轮未重新核定，保持 public 基线
Chevrolet Chevy Van G20 Short Wagon 1977,V1,V1,APPLIED,OUT_OF_SCOPE_UNCHANGED,本轮未重新核定，保持 public 基线
Chevrolet Chevy Van G20 Short Wagon 1978,V1,V1,APPLIED,OUT_OF_SCOPE_UNCHANGED,本轮未重新核定，保持 public 基线
Chevrolet Chevy Van G20 Short Wagon 1979,V1,V1,APPLIED,OUT_OF_SCOPE_UNCHANGED,本轮未重新核定，保持 public 基线
Chevrolet Chevy Van G20 Short Wagon 1980,V1,V1,APPLIED,OUT_OF_SCOPE_UNCHANGED,本轮未重新核定，保持 public 基线
Chevrolet Chevy Van G20 Short Wagon 1981-1988,V1,V1,APPLIED,OUT_OF_SCOPE_UNCHANGED,本轮未重新核定，保持 public 基线
Chevrolet Chevy Van G20 Short Wagon 1990,V1,V1,APPLIED,OUT_OF_SCOPE_UNCHANGED,本轮未重新核定，保持 public 基线
Chevrolet Chevy Van G30 Extended Wagon 1990-1992,V1,V1,APPLIED,OUT_OF_SCOPE_UNCHANGED,本轮未重新核定，保持 public 基线
Chevrolet Chevy Van G30 Regular Wagon 1971-1972,V1,V1,APPLIED,OUT_OF_SCOPE_UNCHANGED,本轮未重新核定，保持 public 基线
Chevrolet Chevy Van G30 Regular Wagon 1973,V1,V1,APPLIED,OUT_OF_SCOPE_UNCHANGED,本轮未重新核定，保持 public 基线
Chevrolet Chevy Van G30 Regular Wagon 1974-1975,V1,V1,APPLIED,OUT_OF_SCOPE_UNCHANGED,本轮未重新核定，保持 public 基线
Chevrolet Chevy Van G30 Regular Wagon 1976,V1,V1,APPLIED,OUT_OF_SCOPE_UNCHANGED,本轮未重新核定，保持 public 基线
Chevrolet Chevy Van G30 Regular Wagon 1977,V1,V1,APPLIED,OUT_OF_SCOPE_UNCHANGED,本轮未重新核定，保持 public 基线
Chevrolet Chevy Van G30 Regular Wagon 1978,V1,V1,APPLIED,OUT_OF_SCOPE_UNCHANGED,本轮未重新核定，保持 public 基线
Chevrolet Chevy Van G30 Regular Wagon 1979,V1,V1,APPLIED,OUT_OF_SCOPE_UNCHANGED,本轮未重新核定，保持 public 基线
Chevrolet Chevy Van G30 Regular Wagon 1980,V1,V1,APPLIED,OUT_OF_SCOPE_UNCHANGED,本轮未重新核定，保持 public 基线
Chevrolet Chevy Van G30 Regular Wagon 1981-1989,V1,V1,APPLIED,OUT_OF_SCOPE_UNCHANGED,本轮未重新核定，保持 public 基线
Chevrolet Chevy Van G30 Regular Wagon 1990,V1,V1,APPLIED,OUT_OF_SCOPE_UNCHANGED,本轮未重新核定，保持 public 基线
Chevrolet Chevy Van G30 Regular Wagon 1991-1992,V1,V1,APPLIED,OUT_OF_SCOPE_UNCHANGED,本轮未重新核定，保持 public 基线
Chevrolet Chevy Van G30 Short Wagon 1973-1976,V1,V1,APPLIED,OUT_OF_SCOPE_UNCHANGED,本轮未重新核定，保持 public 基线
Chevrolet Chevy Van G30 Short Wagon 1979,V1,V1,APPLIED,OUT_OF_SCOPE_UNCHANGED,本轮未重新核定，保持 public 基线
Chevrolet Chevy Van Regular Wagon 1993-1995,V1,V1,APPLIED,OUT_OF_SCOPE_UNCHANGED,本轮未重新核定，保持 public 基线
Chevrolet Chevy Van Short Wagon 1993-1994,V1,V1,APPLIED,OUT_OF_SCOPE_UNCHANGED,本轮未重新核定，保持 public 基线
Chevrolet Chevy Van Short Wagon 1995,V1,V1,APPLIED,OUT_OF_SCOPE_UNCHANGED,本轮未重新核定，保持 public 基线
Chevrolet City Express Van 2015-2018,V0,V0,APPLIED,OUT_OF_SCOPE_UNCHANGED,本轮未重新核定，保持 public 基线
Chevrolet Cobalt Coupe 2005-2010,SD1,SD1,APPLIED,OUT_OF_SCOPE_UNCHANGED,本轮未重新核定，保持 public 基线
Chevrolet Cobalt Sedan 2005-2010,SD1,SD1,APPLIED,OUT_OF_SCOPE_UNCHANGED,本轮未重新核定，保持 public 基线
Chevrolet Cobalt SS Coupe 2005-2010,SD1,SD1,APPLIED,OUT_OF_SCOPE_UNCHANGED,本轮未重新核定，保持 public 基线
Chevrolet Colorado Pickup 2004-2005 Crew 5,P1,P1,APPLIED,OUT_OF_SCOPE_UNCHANGED,本轮未重新核定，保持 public 基线
Chevrolet Colorado Pickup 2004-2012 Extended 6,P1,P1,APPLIED,OUT_OF_SCOPE_UNCHANGED,本轮未重新核定，保持 public 基线
Chevrolet Colorado Pickup 2004-2012 Regular 6,P1,P1,APPLIED,OUT_OF_SCOPE_UNCHANGED,本轮未重新核定，保持 public 基线
Chevrolet Colorado Pickup 2008 Crew 5,P1,P1,APPLIED,OUT_OF_SCOPE_UNCHANGED,本轮未重新核定，保持 public 基线
Chevrolet Colorado Pickup 2012 Crew 5,P1,P1,APPLIED,OUT_OF_SCOPE_UNCHANGED,本轮未重新核定，保持 public 基线
Chevrolet Colorado Pickup 2015-2020 Extended 6,P1,P1,APPLIED,OUT_OF_SCOPE_UNCHANGED,本轮未重新核定，保持 public 基线
Chevrolet Colorado Pickup 2015-2022 Crew 5,P1,P1,APPLIED,OUT_OF_SCOPE_UNCHANGED,本轮未重新核定，保持 public 基线
Chevrolet Colorado Pickup 2015-2022 Crew 6,P1,P1,APPLIED,OUT_OF_SCOPE_UNCHANGED,本轮未重新核定，保持 public 基线
Chevrolet Colorado Pickup 2023-2026 Crew 5,P1,P1,APPLIED,OUT_OF_SCOPE_UNCHANGED,本轮未重新核定，保持 public 基线
Chevrolet Colorado ZR2 Pickup 2017-2022 Crew 5,P1,P1,APPLIED,OUT_OF_SCOPE_UNCHANGED,本轮未重新核定，保持 public 基线
Chevrolet Colorado ZR2 Pickup 2023-2026 Crew 5,P1,P1,APPLIED,OUT_OF_SCOPE_UNCHANGED,本轮未重新核定，保持 public 基线
Chevrolet Corsica Sedan 1987-1996,SD1,SD1,APPLIED,OUT_OF_SCOPE_UNCHANGED,本轮未重新核定，保持 public 基线
Chevrolet Corvette Convertible 1953-1955,SD0,SD0,APPLIED,OUT_OF_SCOPE_UNCHANGED,本轮未重新核定，保持 public 基线
Chevrolet Corvette Convertible 1956-1957,SD0,SD0,APPLIED,OUT_OF_SCOPE_UNCHANGED,本轮未重新核定，保持 public 基线
Chevrolet Corvette Convertible 1958-1960,SD0,SD0,APPLIED,OUT_OF_SCOPE_UNCHANGED,本轮未重新核定，保持 public 基线
Chevrolet Corvette Convertible 1961-1962,SD0,SD0,APPLIED,OUT_OF_SCOPE_UNCHANGED,本轮未重新核定，保持 public 基线
Chevrolet Corvette Convertible 1963-1964,SD0,SD0,APPLIED,OUT_OF_SCOPE_UNCHANGED,本轮未重新核定，保持 public 基线
Chevrolet Corvette Coupe 1963-1964,SD0,SD0,APPLIED,OUT_OF_SCOPE_UNCHANGED,本轮未重新核定，保持 public 基线
Chevrolet Corvette Coupe 1965-1967,SD0,SD0,APPLIED,OUT_OF_SCOPE_UNCHANGED,本轮未重新核定，保持 public 基线
Chevrolet Corvette Convertible 1968-1975,SD0,SD0,APPLIED,OUT_OF_SCOPE_UNCHANGED,本轮未重新核定，保持 public 基线
Chevrolet Corvette Coupe 1968-1977,SD0,SD0,APPLIED,OUT_OF_SCOPE_UNCHANGED,本轮未重新核定，保持 public 基线
Chevrolet Corvette Coupe 1978-1982,SD0,SD0,APPLIED,OUT_OF_SCOPE_UNCHANGED,本轮未重新核定，保持 public 基线
Chevrolet Corvette Coupe 1984-1996,SD0,SD0,APPLIED,OUT_OF_SCOPE_UNCHANGED,本轮未重新核定，保持 public 基线
Chevrolet Corvette Convertible 1986-1996,SD0,SD0,APPLIED,OUT_OF_SCOPE_UNCHANGED,本轮未重新核定，保持 public 基线
Chevrolet Corvette Coupe 1997-2004,SD0,SD0,APPLIED,OUT_OF_SCOPE_UNCHANGED,本轮未重新核定，保持 public 基线
Chevrolet Corvette Convertible 1998-2004,SD0,SD0,APPLIED,OUT_OF_SCOPE_UNCHANGED,本轮未重新核定，保持 public 基线
Chevrolet Corvette Coupe 2005,SD0,SD0,APPLIED,OUT_OF_SCOPE_UNCHANGED,本轮未重新核定，保持 public 基线
Chevrolet Corvette Coupe 2014,SD0,SD0,APPLIED,OUT_OF_SCOPE_UNCHANGED,本轮未重新核定，保持 public 基线
Chevrolet Corvette Coupe 2020-2026,SD0,SD0,APPLIED,OUT_OF_SCOPE_UNCHANGED,本轮未重新核定，保持 public 基线
Chevrolet Corvette Z06 Coupe 2006-2008,SD0,SD0,APPLIED,OUT_OF_SCOPE_UNCHANGED,本轮未重新核定，保持 public 基线
Chevrolet Corvette Z06 Coupe 2009-2010,SD0,SD0,APPLIED,OUT_OF_SCOPE_UNCHANGED,本轮未重新核定，保持 public 基线
Chevrolet Corvette Z06/ZR1 Coupe 2005-2013,SD0,SD0,APPLIED,OUT_OF_SCOPE_UNCHANGED,本轮未重新核定，保持 public 基线
Chevrolet Corvette Z06/ZR1 Coupe 2015-2019,SD0,SD0,APPLIED,OUT_OF_SCOPE_UNCHANGED,本轮未重新核定，保持 public 基线
Chevrolet Corvette ZR-1 Coupe 1990-1995,SD0,SD0,APPLIED,OUT_OF_SCOPE_UNCHANGED,本轮未重新核定，保持 public 基线
Chevrolet Corvette ZR1 Coupe 2025-2026,SD0,SD0,APPLIED,OUT_OF_SCOPE_UNCHANGED,本轮未重新核定，保持 public 基线
Chevrolet Cruze Sedan 2011-2016,SD1,SD1,APPLIED,OUT_OF_SCOPE_UNCHANGED,本轮未重新核定，保持 public 基线
Chevrolet Cruze Hatchback 2017-2019,H0,H0,APPLIED,OUT_OF_SCOPE_UNCHANGED,本轮未重新核定，保持 public 基线
Chevrolet Cruze Sedan 2017-2019,SD1,SD1,APPLIED,OUT_OF_SCOPE_UNCHANGED,本轮未重新核定，保持 public 基线
Chevrolet El Camino Pickup 1959 Regular 6.5,P0,P0,APPLIED,OUT_OF_SCOPE_UNCHANGED,本轮未重新核定，保持 public 基线
Chevrolet El Camino Pickup 1960 Regular 6.5,P0,P0,APPLIED,OUT_OF_SCOPE_UNCHANGED,本轮未重新核定，保持 public 基线
Chevrolet El Camino Pickup 1964 Regular 6.5,P0,P0,APPLIED,OUT_OF_SCOPE_UNCHANGED,本轮未重新核定，保持 public 基线
Chevrolet El Camino Pickup 1965 Regular 6.5,P0,P0,APPLIED,OUT_OF_SCOPE_UNCHANGED,本轮未重新核定，保持 public 基线
Chevrolet El Camino Pickup 1966 Regular 6.5,P0,P0,APPLIED,OUT_OF_SCOPE_UNCHANGED,本轮未重新核定，保持 public 基线
Chevrolet El Camino Pickup 1967 Regular 6.5,P0,P0,APPLIED,OUT_OF_SCOPE_UNCHANGED,本轮未重新核定，保持 public 基线
Chevrolet El Camino Pickup 1968-1969 Regular 6.5,P0,P0,APPLIED,OUT_OF_SCOPE_UNCHANGED,本轮未重新核定，保持 public 基线
Chevrolet El Camino Pickup 1970 Regular 6.5,P0,P0,APPLIED,OUT_OF_SCOPE_UNCHANGED,本轮未重新核定，保持 public 基线
Chevrolet El Camino Pickup 1971-1972 Regular 6.5,P0,P0,APPLIED,OUT_OF_SCOPE_UNCHANGED,本轮未重新核定，保持 public 基线
Chevrolet El Camino Pickup 1973 Regular 6.5,P0,P0,APPLIED,OUT_OF_SCOPE_UNCHANGED,本轮未重新核定，保持 public 基线
Chevrolet El Camino Pickup 1974-1975 Regular 6.5,P0,P0,APPLIED,OUT_OF_SCOPE_UNCHANGED,本轮未重新核定，保持 public 基线
Chevrolet El Camino Pickup 1976 Regular 6.5,P0,P0,APPLIED,OUT_OF_SCOPE_UNCHANGED,本轮未重新核定，保持 public 基线
Chevrolet El Camino Pickup 1977 Regular 6.5,P0,P0,APPLIED,OUT_OF_SCOPE_UNCHANGED,本轮未重新核定，保持 public 基线
Chevrolet El Camino Pickup 1978-1987 Regular 6.5,P0,P0,APPLIED,OUT_OF_SCOPE_UNCHANGED,本轮未重新核定，保持 public 基线
Chevrolet Equinox SUV 2005-2009,SU1,SU1,APPLIED,SUV_TAPER_REVIEW,详见 suv_audit.csv
Chevrolet Equinox SUV 2010-2017,SU1,SU1,APPLIED,SUV_TAPER_REVIEW,详见 suv_audit.csv
Chevrolet Equinox SUV 2018-2024,SU1,SU1,APPLIED,SUV_TAPER_REVIEW,详见 suv_audit.csv
Chevrolet Equinox SUV 2025-2026,SU1,SU1,APPLIED,SUV_TAPER_REVIEW,详见 suv_audit.csv
Chevrolet Equinox EV SUV 2024,SU0,SU0,APPLIED,SUV_TAPER_REVIEW,详见 suv_audit.csv
Chevrolet Equinox EV SUV 2025-2026,SU0,SU0,APPLIED,SUV_TAPER_REVIEW,详见 suv_audit.csv
Chevrolet Express Van 2013,V1,V1,APPLIED,OUT_OF_SCOPE_UNCHANGED,本轮未重新核定，保持 public 基线
Chevrolet Express Van 2021-2023,V1,V1,APPLIED,OUT_OF_SCOPE_UNCHANGED,本轮未重新核定，保持 public 基线
Chevrolet Express Extended Van 2016-2017,V1,V1,APPLIED,OUT_OF_SCOPE_UNCHANGED,本轮未重新核定，保持 public 基线
Chevrolet Express Extended Van 2021-2023,V1,V1,APPLIED,OUT_OF_SCOPE_UNCHANGED,本轮未重新核定，保持 public 基线
Chevrolet HHR Wagon 2006-2011,H1,H1,APPLIED,OUT_OF_SCOPE_UNCHANGED,本轮未重新核定，保持 public 基线
Chevrolet HHR Panel Wagon 2007-2011,H1,H1,APPLIED,OUT_OF_SCOPE_UNCHANGED,本轮未重新核定，保持 public 基线
Chevrolet HHR Panel SS Wagon 2009,H1,H1,APPLIED,OUT_OF_SCOPE_UNCHANGED,本轮未重新核定，保持 public 基线
Chevrolet HHR SS Wagon 2008-2010,H1,H1,APPLIED,OUT_OF_SCOPE_UNCHANGED,本轮未重新核定，保持 public 基线
Chevrolet Impala Wagon 1962-1963,H3,H3,APPLIED,OUT_OF_SCOPE_UNCHANGED,本轮未重新核定，保持 public 基线
Chevrolet Impala Wagon 1965-1968,H3,H3,APPLIED,OUT_OF_SCOPE_UNCHANGED,本轮未重新核定，保持 public 基线
Chevrolet Impala Coupe 1973,SD2,SD2,APPLIED,OUT_OF_SCOPE_UNCHANGED,本轮未重新核定，保持 public 基线
Chevrolet Impala Coupe 1974,SD2,SD2,APPLIED,OUT_OF_SCOPE_UNCHANGED,本轮未重新核定，保持 public 基线
Chevrolet Impala Sedan 1974,SD2,SD2,APPLIED,OUT_OF_SCOPE_UNCHANGED,本轮未重新核定，保持 public 基线
Chevrolet Impala Convertible 1976,SD2,SD2,APPLIED,OUT_OF_SCOPE_UNCHANGED,本轮未重新核定，保持 public 基线
Chevrolet Impala Sedan 2014-2020,SD1,SD1,APPLIED,OUT_OF_SCOPE_UNCHANGED,本轮未重新核定，保持 public 基线
Chevrolet Impala SS Sedan 1994-1996,SD2,SD2,APPLIED,OUT_OF_SCOPE_UNCHANGED,本轮未重新核定，保持 public 基线
Chevrolet K5 Blazer SUV 1969-1970,SU2,SU2,APPLIED,SUV_TAPER_REVIEW,详见 suv_audit.csv
Chevrolet K5 Blazer SUV 1971-1972,SU2,SU2,APPLIED,SUV_TAPER_REVIEW,详见 suv_audit.csv
Chevrolet K5 Blazer SUV 1973,SU2,SU2,APPLIED,SUV_TAPER_REVIEW,详见 suv_audit.csv
Chevrolet K5 Blazer SUV 1974,SU2,SU2,APPLIED,SUV_TAPER_REVIEW,详见 suv_audit.csv
Chevrolet K5 Blazer SUV 1975-1991,SU2,SU2,APPLIED,SUV_TAPER_REVIEW,详见 suv_audit.csv
Chevrolet K5 Blazer SUV 1992-1994,SU2,SU2,APPLIED,SUV_TAPER_REVIEW,详见 suv_audit.csv
Chevrolet Lumina Coupe 1990,SD1,SD1,APPLIED,OUT_OF_SCOPE_UNCHANGED,本轮未重新核定，保持 public 基线
Chevrolet Lumina Sedan 1990,SD1,SD1,APPLIED,OUT_OF_SCOPE_UNCHANGED,本轮未重新核定，保持 public 基线
Chevrolet Lumina Coupe 1991,SD1,SD1,APPLIED,OUT_OF_SCOPE_UNCHANGED,本轮未重新核定，保持 public 基线
Chevrolet Lumina Sedan 1991,SD1,SD1,APPLIED,OUT_OF_SCOPE_UNCHANGED,本轮未重新核定，保持 public 基线
Chevrolet Lumina Coupe 1992-1993,SD1,SD1,APPLIED,OUT_OF_SCOPE_UNCHANGED,本轮未重新核定，保持 public 基线
Chevrolet Lumina Sedan 1992-1993,SD1,SD1,APPLIED,OUT_OF_SCOPE_UNCHANGED,本轮未重新核定，保持 public 基线
Chevrolet Lumina Coupe 1994,SD1,SD1,APPLIED,OUT_OF_SCOPE_UNCHANGED,本轮未重新核定，保持 public 基线
Chevrolet Lumina Sedan 1994,SD1,SD1,APPLIED,OUT_OF_SCOPE_UNCHANGED,本轮未重新核定，保持 public 基线
Chevrolet Lumina Sedan 1995-1999,SD1,SD1,APPLIED,OUT_OF_SCOPE_UNCHANGED,本轮未重新核定，保持 public 基线
Chevrolet Lumina Sedan 2000-2001,SD1,SD1,APPLIED,OUT_OF_SCOPE_UNCHANGED,本轮未重新核定，保持 public 基线
Chevrolet Lumina APV Wagon 1990-1992,V0,V0,APPLIED,OUT_OF_SCOPE_UNCHANGED,本轮未重新核定，保持 public 基线
Chevrolet Lumina APV Wagon 1993,V0,V0,APPLIED,OUT_OF_SCOPE_UNCHANGED,本轮未重新核定，保持 public 基线
Chevrolet Lumina APV Wagon 1994-1996,V0,V0,APPLIED,OUT_OF_SCOPE_UNCHANGED,本轮未重新核定，保持 public 基线
Chevrolet Malibu Convertible 1964-1965,SD2,SD2,APPLIED,OUT_OF_SCOPE_UNCHANGED,本轮未重新核定，保持 public 基线
Chevrolet Malibu Coupe 1964-1965,SD2,SD2,APPLIED,OUT_OF_SCOPE_UNCHANGED,本轮未重新核定，保持 public 基线
Chevrolet Malibu Sedan 1964-1965,SD2,SD2,APPLIED,OUT_OF_SCOPE_UNCHANGED,本轮未重新核定，保持 public 基线
Chevrolet Malibu Wagon 1964-1965,H3,H3,APPLIED,OUT_OF_SCOPE_UNCHANGED,本轮未重新核定，保持 public 基线
Chevrolet Malibu Coupe 1966,SD2,SD2,APPLIED,OUT_OF_SCOPE_UNCHANGED,本轮未重新核定，保持 public 基线
Chevrolet Malibu Wagon 1966,H3,H3,APPLIED,OUT_OF_SCOPE_UNCHANGED,本轮未重新核定，保持 public 基线
Chevrolet Malibu Convertible 1966-1967,SD2,SD2,APPLIED,OUT_OF_SCOPE_UNCHANGED,本轮未重新核定，保持 public 基线
Chevrolet Malibu Sedan 1966-1967,SD2,SD2,APPLIED,OUT_OF_SCOPE_UNCHANGED,本轮未重新核定，保持 public 基线
Chevrolet Malibu Coupe 1967,SD2,SD2,APPLIED,OUT_OF_SCOPE_UNCHANGED,本轮未重新核定，保持 public 基线
Chevrolet Malibu Wagon 1967,H3,H3,APPLIED,OUT_OF_SCOPE_UNCHANGED,本轮未重新核定，保持 public 基线
Chevrolet Malibu Convertible 1968-1969,SD2,SD2,APPLIED,OUT_OF_SCOPE_UNCHANGED,本轮未重新核定，保持 public 基线
Chevrolet Malibu Coupe 1968-1969,SD2,SD2,APPLIED,OUT_OF_SCOPE_UNCHANGED,本轮未重新核定，保持 public 基线
Chevrolet Malibu Sedan 1968-1969,SD2,SD2,APPLIED,OUT_OF_SCOPE_UNCHANGED,本轮未重新核定，保持 public 基线
Chevrolet Malibu Wagon 1968-1969,H3,H3,APPLIED,OUT_OF_SCOPE_UNCHANGED,本轮未重新核定，保持 public 基线
Chevrolet Malibu Convertible 1970-1972,SD2,SD2,APPLIED,OUT_OF_SCOPE_UNCHANGED,本轮未重新核定，保持 public 基线
Chevrolet Malibu Coupe 1970-1972,SD2,SD2,APPLIED,OUT_OF_SCOPE_UNCHANGED,本轮未重新核定，保持 public 基线
Chevrolet Malibu Sedan 1970-1972,SD2,SD2,APPLIED,OUT_OF_SCOPE_UNCHANGED,本轮未重新核定，保持 public 基线
Chevrolet Malibu Wagon 1970-1972,H3,H3,APPLIED,OUT_OF_SCOPE_UNCHANGED,本轮未重新核定，保持 public 基线
Chevrolet Malibu Coupe 1973-1974,SD2,SD2,APPLIED,OUT_OF_SCOPE_UNCHANGED,本轮未重新核定，保持 public 基线
Chevrolet Malibu Sedan 1973-1974,SD2,SD2,APPLIED,OUT_OF_SCOPE_UNCHANGED,本轮未重新核定，保持 public 基线
Chevrolet Malibu Wagon 1973-1974,H3,H3,APPLIED,OUT_OF_SCOPE_UNCHANGED,本轮未重新核定，保持 public 基线
Chevrolet Malibu Wagon 1975,H3,H3,APPLIED,OUT_OF_SCOPE_UNCHANGED,本轮未重新核定，保持 public 基线
Chevrolet Malibu Coupe 1975-1976,SD2,SD2,APPLIED,OUT_OF_SCOPE_UNCHANGED,本轮未重新核定，保持 public 基线
Chevrolet Malibu Sedan 1975-1976,SD2,SD2,APPLIED,OUT_OF_SCOPE_UNCHANGED,本轮未重新核定，保持 public 基线
Chevrolet Malibu Wagon 1976,H3,H3,APPLIED,OUT_OF_SCOPE_UNCHANGED,本轮未重新核定，保持 public 基线
Chevrolet Malibu Coupe 1977,SD2,SD2,APPLIED,OUT_OF_SCOPE_UNCHANGED,本轮未重新核定，保持 public 基线
Chevrolet Malibu Sedan 1977,SD2,SD2,APPLIED,OUT_OF_SCOPE_UNCHANGED,本轮未重新核定，保持 public 基线
Chevrolet Malibu Wagon 1977,H3,H3,APPLIED,OUT_OF_SCOPE_UNCHANGED,本轮未重新核定，保持 public 基线
Chevrolet Malibu Wagon 1978,H3,H3,APPLIED,OUT_OF_SCOPE_UNCHANGED,本轮未重新核定，保持 public 基线
Chevrolet Malibu Coupe 1978-1980,SD2,SD2,APPLIED,OUT_OF_SCOPE_UNCHANGED,本轮未重新核定，保持 public 基线
Chevrolet Malibu Sedan 1978-1980,SD2,SD2,APPLIED,OUT_OF_SCOPE_UNCHANGED,本轮未重新核定，保持 public 基线
Chevrolet Malibu Wagon 1979-1980,H3,H3,APPLIED,OUT_OF_SCOPE_UNCHANGED,本轮未重新核定，保持 public 基线
Chevrolet Malibu Coupe 1981,SD2,SD2,APPLIED,OUT_OF_SCOPE_UNCHANGED,本轮未重新核定，保持 public 基线
Chevrolet Malibu Sedan 1981-1983,SD2,SD2,APPLIED,OUT_OF_SCOPE_UNCHANGED,本轮未重新核定，保持 public 基线
Chevrolet Malibu Wagon 1981-1983,H3,H3,APPLIED,OUT_OF_SCOPE_UNCHANGED,本轮未重新核定，保持 public 基线
Chevrolet Malibu Sedan 1997-2003,SD1,SD1,APPLIED,OUT_OF_SCOPE_UNCHANGED,本轮未重新核定，保持 public 基线
Chevrolet Malibu Sedan 2004-2007,SD1,SD1,APPLIED,OUT_OF_SCOPE_UNCHANGED,本轮未重新核定，保持 public 基线
Chevrolet Malibu Sedan 2008-2012,SD1,SD1,APPLIED,OUT_OF_SCOPE_UNCHANGED,本轮未重新核定，保持 public 基线
Chevrolet Malibu Sedan 2013-2015,SD1,SD1,APPLIED,OUT_OF_SCOPE_UNCHANGED,本轮未重新核定，保持 public 基线
Chevrolet Malibu Sedan 2016-2025,SD1,SD1,APPLIED,OUT_OF_SCOPE_UNCHANGED,本轮未重新核定，保持 public 基线
Chevrolet Metro Hatchback 1998-2000,H0,H0,APPLIED,OUT_OF_SCOPE_UNCHANGED,本轮未重新核定，保持 public 基线
Chevrolet Metro Sedan 1998-2001,SD1,SD1,APPLIED,OUT_OF_SCOPE_UNCHANGED,本轮未重新核定，保持 public 基线
Chevrolet Monte Carlo Coupe 1970,SD2,SD2,APPLIED,OUT_OF_SCOPE_UNCHANGED,本轮未重新核定，保持 public 基线
Chevrolet Monte Carlo Coupe 1971,SD2,SD2,APPLIED,OUT_OF_SCOPE_UNCHANGED,本轮未重新核定，保持 public 基线
Chevrolet Monte Carlo Coupe 1972,SD2,SD2,APPLIED,OUT_OF_SCOPE_UNCHANGED,本轮未重新核定，保持 public 基线
Chevrolet Monte Carlo Coupe 1973-1977,SD2,SD2,APPLIED,OUT_OF_SCOPE_UNCHANGED,本轮未重新核定，保持 public 基线
Chevrolet Monte Carlo Coupe 1978-1980,SD2,SD2,APPLIED,OUT_OF_SCOPE_UNCHANGED,本轮未重新核定，保持 public 基线
Chevrolet Monte Carlo Coupe 1981-1988,SD2,SD2,APPLIED,OUT_OF_SCOPE_UNCHANGED,本轮未重新核定，保持 public 基线
Chevrolet Monte Carlo Coupe 1995-1999,SD0,SD0,APPLIED,OUT_OF_SCOPE_UNCHANGED,本轮未重新核定，保持 public 基线
Chevrolet Monte Carlo Coupe 2000-2007,SD0,SD0,APPLIED,OUT_OF_SCOPE_UNCHANGED,本轮未重新核定，保持 public 基线
Chevrolet Monte Carlo SS Coupe 1983-1988,SD2,SD2,APPLIED,OUT_OF_SCOPE_UNCHANGED,本轮未重新核定，保持 public 基线
Chevrolet Nova Wagon 1962-1963,H3,H3,APPLIED,OUT_OF_SCOPE_UNCHANGED,本轮未重新核定，保持 public 基线
Chevrolet Nova Coupe 1962-1964,SD2,SD2,APPLIED,OUT_OF_SCOPE_UNCHANGED,本轮未重新核定，保持 public 基线
Chevrolet Nova Sedan 1962-1965,SD2,SD2,APPLIED,OUT_OF_SCOPE_UNCHANGED,本轮未重新核定，保持 public 基线
Chevrolet Nova Wagon 1964-1965,H3,H3,APPLIED,OUT_OF_SCOPE_UNCHANGED,本轮未重新核定，保持 public 基线
Chevrolet Nova Coupe 1965,SD2,SD2,APPLIED,OUT_OF_SCOPE_UNCHANGED,本轮未重新核定，保持 public 基线
Chevrolet Nova Coupe 1966,SD2,SD2,APPLIED,OUT_OF_SCOPE_UNCHANGED,本轮未重新核定，保持 public 基线
Chevrolet Nova Sedan 1966,SD2,SD2,APPLIED,OUT_OF_SCOPE_UNCHANGED,本轮未重新核定，保持 public 基线
Chevrolet Nova Wagon 1966-1967,H3,H3,APPLIED,OUT_OF_SCOPE_UNCHANGED,本轮未重新核定，保持 public 基线
Chevrolet Nova Coupe 1967,SD2,SD2,APPLIED,OUT_OF_SCOPE_UNCHANGED,本轮未重新核定，保持 public 基线
Chevrolet Nova Sedan 1967,SD2,SD2,APPLIED,OUT_OF_SCOPE_UNCHANGED,本轮未重新核定，保持 public 基线
Chevrolet Nova Coupe 1968-1972,SD2,SD2,APPLIED,OUT_OF_SCOPE_UNCHANGED,本轮未重新核定，保持 public 基线
Chevrolet Nova Hatchback 1968-1972,H0,H0,APPLIED,OUT_OF_SCOPE_UNCHANGED,本轮未重新核定，保持 public 基线
Chevrolet Nova Sedan 1968-1972,SD2,SD2,APPLIED,OUT_OF_SCOPE_UNCHANGED,本轮未重新核定，保持 public 基线
Chevrolet Nova Coupe 1973,SD2,SD2,APPLIED,OUT_OF_SCOPE_UNCHANGED,本轮未重新核定，保持 public 基线
Chevrolet Nova Hatchback 1973,H0,H0,APPLIED,OUT_OF_SCOPE_UNCHANGED,本轮未重新核定，保持 public 基线
Chevrolet Nova Sedan 1973,SD2,SD2,APPLIED,OUT_OF_SCOPE_UNCHANGED,本轮未重新核定，保持 public 基线
Chevrolet Nova Coupe 1974,SD2,SD2,APPLIED,OUT_OF_SCOPE_UNCHANGED,本轮未重新核定，保持 public 基线
Chevrolet Nova Hatchback 1974,H0,H0,APPLIED,OUT_OF_SCOPE_UNCHANGED,本轮未重新核定，保持 public 基线
Chevrolet Nova Sedan 1974,SD2,SD2,APPLIED,OUT_OF_SCOPE_UNCHANGED,本轮未重新核定，保持 public 基线
Chevrolet Nova Hatchback 1975,H0,H0,APPLIED,OUT_OF_SCOPE_UNCHANGED,本轮未重新核定，保持 public 基线
Chevrolet Nova Sedan 1975,SD2,SD2,APPLIED,OUT_OF_SCOPE_UNCHANGED,本轮未重新核定，保持 public 基线
Chevrolet Nova Coupe 1976-1979,SD2,SD2,APPLIED,OUT_OF_SCOPE_UNCHANGED,本轮未重新核定，保持 public 基线
Chevrolet Nova Hatchback 1976-1979,H0,H0,APPLIED,OUT_OF_SCOPE_UNCHANGED,本轮未重新核定，保持 public 基线
Chevrolet Nova Sedan 1976-1979,SD2,SD2,APPLIED,OUT_OF_SCOPE_UNCHANGED,本轮未重新核定，保持 public 基线
Chevrolet Nova Sedan 1985,SD1,SD1,APPLIED,OUT_OF_SCOPE_UNCHANGED,本轮未重新核定，保持 public 基线
Chevrolet Nova Sedan 1986,SD1,SD1,APPLIED,OUT_OF_SCOPE_UNCHANGED,本轮未重新核定，保持 public 基线
Chevrolet Nova Hatchback 1987-1988,H0,H0,APPLIED,OUT_OF_SCOPE_UNCHANGED,本轮未重新核定，保持 public 基线
Chevrolet Nova Sedan 1987-1988,SD1,SD1,APPLIED,OUT_OF_SCOPE_UNCHANGED,本轮未重新核定，保持 public 基线
Chevrolet Prizm Sedan 1998-2002,SD1,SD1,APPLIED,OUT_OF_SCOPE_UNCHANGED,本轮未重新核定，保持 public 基线
Chevrolet S-10 Blazer SUV 1983-1984,SU2,SU2,APPLIED,SUV_TAPER_REVIEW,详见 suv_audit.csv
Chevrolet S-10 Blazer SUV 1985-1986,SU2,SU2,APPLIED,SUV_TAPER_REVIEW,详见 suv_audit.csv
Chevrolet S-10 Blazer SUV 1987,SU2,SU2,APPLIED,SUV_TAPER_REVIEW,详见 suv_audit.csv
Chevrolet S-10 Blazer SUV 1988,SU2,SU2,APPLIED,SUV_TAPER_REVIEW,详见 suv_audit.csv
Chevrolet S-10 Blazer SUV 1989,SU2,SU2,APPLIED,SUV_TAPER_REVIEW,详见 suv_audit.csv
Chevrolet S-10 Blazer SUV 1990,SU2,SU2,APPLIED,SUV_TAPER_REVIEW,详见 suv_audit.csv
Chevrolet S-10 Blazer 2dr SUV 1995,SU2,SU2,APPLIED,SUV_TAPER_REVIEW,详见 suv_audit.csv
Chevrolet S-10 Blazer 2dr SUV 1996,SU2,SU2,APPLIED,SUV_TAPER_REVIEW,详见 suv_audit.csv
Chevrolet S-10 Blazer 2dr SUV 1997,SU2,SU2,APPLIED,SUV_TAPER_REVIEW,详见 suv_audit.csv
Chevrolet S-10 Blazer 2dr SUV 1998-2005,SU2,SU2,APPLIED,SUV_TAPER_REVIEW,详见 suv_audit.csv
Chevrolet S-10 Blazer 2dr 2WD SUV 1992-1993,SU2,SU2,APPLIED,SUV_TAPER_REVIEW,详见 suv_audit.csv
Chevrolet S-10 Blazer 2dr 4WD SUV 1991-1994,SU2,SU2,APPLIED,SUV_TAPER_REVIEW,详见 suv_audit.csv
Chevrolet S-10 Blazer 4dr SUV 1995-2003,SU2,SU2,APPLIED,SUV_TAPER_REVIEW,详见 suv_audit.csv
Chevrolet S-10 Blazer 4dr SUV 2004,SU2,SU2,APPLIED,SUV_TAPER_REVIEW,详见 suv_audit.csv
Chevrolet S-10 Blazer 4dr 2WD SUV 1991-1994,SU2,SU2,APPLIED,SUV_TAPER_REVIEW,详见 suv_audit.csv
Chevrolet S10 Pickup 1982-1990 Regular 6,P1,P1,APPLIED,OUT_OF_SCOPE_UNCHANGED,本轮未重新核定，保持 public 基线
Chevrolet S10 Pickup 1982-1990 Regular 7.5,P1,P1,APPLIED,OUT_OF_SCOPE_UNCHANGED,本轮未重新核定，保持 public 基线
Chevrolet S10 Pickup 1983-1990 Extended 6,P1,P1,APPLIED,OUT_OF_SCOPE_UNCHANGED,本轮未重新核定，保持 public 基线
Chevrolet S10 Pickup 1991 Regular 6,P1,P1,APPLIED,OUT_OF_SCOPE_UNCHANGED,本轮未重新核定，保持 public 基线
Chevrolet S10 Pickup 1991 Regular 7.5,P1,P1,APPLIED,OUT_OF_SCOPE_UNCHANGED,本轮未重新核定，保持 public 基线
Chevrolet S10 Pickup 1991 Extended 6,P1,P1,APPLIED,OUT_OF_SCOPE_UNCHANGED,本轮未重新核定，保持 public 基线
Chevrolet S10 Pickup 1992-1993 Regular 6,P1,P1,APPLIED,OUT_OF_SCOPE_UNCHANGED,本轮未重新核定，保持 public 基线
Chevrolet S10 Pickup 1992-1993 Regular 7.5,P1,P1,APPLIED,OUT_OF_SCOPE_UNCHANGED,本轮未重新核定，保持 public 基线
Chevrolet S10 Pickup 1992-1993 Extended 6,P1,P1,APPLIED,OUT_OF_SCOPE_UNCHANGED,本轮未重新核定，保持 public 基线
Chevrolet S10 Pickup 1994 Regular 6,P1,P1,APPLIED,OUT_OF_SCOPE_UNCHANGED,本轮未重新核定，保持 public 基线
Chevrolet S10 Pickup 1994 Regular 7.5,P1,P1,APPLIED,OUT_OF_SCOPE_UNCHANGED,本轮未重新核定，保持 public 基线
Chevrolet S10 Pickup 1994 Extended 6,P1,P1,APPLIED,OUT_OF_SCOPE_UNCHANGED,本轮未重新核定，保持 public 基线
Chevrolet S10 Pickup 1995-1997 Regular 6,P1,P1,APPLIED,OUT_OF_SCOPE_UNCHANGED,本轮未重新核定，保持 public 基线
Chevrolet S10 Pickup 1995-1997 Regular 7.5,P1,P1,APPLIED,OUT_OF_SCOPE_UNCHANGED,本轮未重新核定，保持 public 基线
Chevrolet S10 Pickup 1995-1997 Extended 6,P1,P1,APPLIED,OUT_OF_SCOPE_UNCHANGED,本轮未重新核定，保持 public 基线
Chevrolet S10 Pickup 1998 Regular 6,P1,P1,APPLIED,OUT_OF_SCOPE_UNCHANGED,本轮未重新核定，保持 public 基线
Chevrolet S10 Pickup 1998 Regular 7.5,P1,P1,APPLIED,OUT_OF_SCOPE_UNCHANGED,本轮未重新核定，保持 public 基线
Chevrolet S10 Pickup 1998 Extended 6,P1,P1,APPLIED,OUT_OF_SCOPE_UNCHANGED,本轮未重新核定，保持 public 基线
Chevrolet S10 Pickup 1999-2001 Extended 6,P1,P1,APPLIED,OUT_OF_SCOPE_UNCHANGED,本轮未重新核定，保持 public 基线
Chevrolet S10 Pickup 1999-2003 Regular 6,P1,P1,APPLIED,OUT_OF_SCOPE_UNCHANGED,本轮未重新核定，保持 public 基线
Chevrolet S10 Pickup 1999-2003 Regular 7.5,P1,P1,APPLIED,OUT_OF_SCOPE_UNCHANGED,本轮未重新核定，保持 public 基线
Chevrolet S10 Pickup 2002 Extended 6,P1,P1,APPLIED,OUT_OF_SCOPE_UNCHANGED,本轮未重新核定，保持 public 基线
Chevrolet S10 Pickup 2003 Extended 6,P1,P1,APPLIED,OUT_OF_SCOPE_UNCHANGED,本轮未重新核定，保持 public 基线
Chevrolet S10 4WD Pickup 1983-1993 Regular 6,P1,P1,APPLIED,OUT_OF_SCOPE_UNCHANGED,本轮未重新核定，保持 public 基线
Chevrolet S10 4WD Pickup 1983-1993 Regular 7.5,P1,P1,APPLIED,OUT_OF_SCOPE_UNCHANGED,本轮未重新核定，保持 public 基线
Chevrolet S10 4WD Pickup 1983-1993 Extended 6,P1,P1,APPLIED,OUT_OF_SCOPE_UNCHANGED,本轮未重新核定，保持 public 基线
Chevrolet S10 4WD Pickup 1994 Regular 6,P1,P1,APPLIED,OUT_OF_SCOPE_UNCHANGED,本轮未重新核定，保持 public 基线
Chevrolet S10 4WD Pickup 1994 Regular 7.5,P1,P1,APPLIED,OUT_OF_SCOPE_UNCHANGED,本轮未重新核定，保持 public 基线
Chevrolet S10 4WD Pickup 1994 Extended 6,P1,P1,APPLIED,OUT_OF_SCOPE_UNCHANGED,本轮未重新核定，保持 public 基线
Chevrolet S10 4WD Pickup 1995-1997 Regular 7.5,P1,P1,APPLIED,OUT_OF_SCOPE_UNCHANGED,本轮未重新核定，保持 public 基线
Chevrolet S10 4WD Pickup 1995-1998 Regular 6,P1,P1,APPLIED,OUT_OF_SCOPE_UNCHANGED,本轮未重新核定，保持 public 基线
Chevrolet S10 4WD Pickup 1995-1998 Extended 6,P1,P1,APPLIED,OUT_OF_SCOPE_UNCHANGED,本轮未重新核定，保持 public 基线
Chevrolet S10 4WD Pickup 1998 Regular 7.5,P1,P1,APPLIED,OUT_OF_SCOPE_UNCHANGED,本轮未重新核定，保持 public 基线
Chevrolet S10 4WD Pickup 1999 Regular 7.5,P1,P1,APPLIED,OUT_OF_SCOPE_UNCHANGED,本轮未重新核定，保持 public 基线
Chevrolet S10 4WD Pickup 1999-2000 Regular 6,P2,P2,APPLIED,OUT_OF_SCOPE_UNCHANGED,本轮未重新核定，保持 public 基线
Chevrolet S10 4WD Pickup 1999-2003 Extended 6,P2,P2,APPLIED,OUT_OF_SCOPE_UNCHANGED,本轮未重新核定，保持 public 基线
Chevrolet S10 4WD Pickup 2001-2003 Crew 4.5,P1,P1,APPLIED,OUT_OF_SCOPE_UNCHANGED,本轮未重新核定，保持 public 基线
Chevrolet S10 4WD Pickup 2004 Crew 4.5,P1,P1,APPLIED,OUT_OF_SCOPE_UNCHANGED,本轮未重新核定，保持 public 基线
Chevrolet S10 EV Pickup 1997 Regular 6,P1,P1,APPLIED,OUT_OF_SCOPE_UNCHANGED,本轮未重新核定，保持 public 基线
Chevrolet S10 EV Pickup 1998 Regular 6,P1,P1,APPLIED,OUT_OF_SCOPE_UNCHANGED,本轮未重新核定，保持 public 基线
Chevrolet S10 Xtreme Pickup 1999-2000 Extended 6,P1,P1,APPLIED,OUT_OF_SCOPE_UNCHANGED,本轮未重新核定，保持 public 基线
Chevrolet S10 Xtreme Pickup 1999-2003 Regular 6,P1,P1,APPLIED,OUT_OF_SCOPE_UNCHANGED,本轮未重新核定，保持 public 基线
Chevrolet S10 Xtreme Pickup 2001-2003 Extended 6,P1,P1,APPLIED,OUT_OF_SCOPE_UNCHANGED,本轮未重新核定，保持 public 基线
Chevrolet S10 ZR2 Pickup 1994 Regular 6,P2,P2,APPLIED,OUT_OF_SCOPE_UNCHANGED,本轮未重新核定，保持 public 基线
Chevrolet S10 ZR2 Pickup 1995-1997 Regular 6,P2,P2,APPLIED,OUT_OF_SCOPE_UNCHANGED,本轮未重新核定，保持 public 基线
Chevrolet S10 ZR2 Pickup 1995-1997 Extended 6,P2,P2,APPLIED,OUT_OF_SCOPE_UNCHANGED,本轮未重新核定，保持 public 基线
Chevrolet S10 ZR2 Pickup 1998 Extended 6,P2,P2,APPLIED,OUT_OF_SCOPE_UNCHANGED,本轮未重新核定，保持 public 基线
Chevrolet S10 ZR2 Pickup 1998-1999 Regular 6,P2,P2,APPLIED,OUT_OF_SCOPE_UNCHANGED,本轮未重新核定，保持 public 基线
Chevrolet S10 ZR2 Pickup 1999 Extended 6,P2,P2,APPLIED,OUT_OF_SCOPE_UNCHANGED,本轮未重新核定，保持 public 基线
Chevrolet S10 ZR2 Pickup 2000 Extended 6,P2,P2,APPLIED,OUT_OF_SCOPE_UNCHANGED,本轮未重新核定，保持 public 基线
Chevrolet S10 ZR2 Pickup 2001 Extended 6,P2,P2,APPLIED,OUT_OF_SCOPE_UNCHANGED,本轮未重新核定，保持 public 基线
Chevrolet S10 ZR2 Pickup 2002-2003 Extended 6,P2,P2,APPLIED,OUT_OF_SCOPE_UNCHANGED,本轮未重新核定，保持 public 基线
Chevrolet SS Sedan 2014-2017,SD1,SD1,APPLIED,OUT_OF_SCOPE_UNCHANGED,本轮未重新核定，保持 public 基线
Chevrolet SSR Pickup 2003-2005 Regular 4.1,P1,P1,APPLIED,OUT_OF_SCOPE_UNCHANGED,本轮未重新核定，保持 public 基线
Chevrolet SSR Pickup 2006 Regular 4.1,P1,P1,APPLIED,OUT_OF_SCOPE_UNCHANGED,本轮未重新核定，保持 public 基线
Chevrolet Silverado 1500 Pickup 1999 Regular 8,P0,P0,APPLIED,OUT_OF_SCOPE_UNCHANGED,本轮未重新核定，保持 public 基线
Chevrolet Silverado 1500 Pickup 1999-2004 Extended 8,P0,P0,APPLIED,OUT_OF_SCOPE_UNCHANGED,本轮未重新核定，保持 public 基线
Chevrolet Silverado 1500 Pickup 1999-2006 Extended 6.5,P0,P0,APPLIED,OUT_OF_SCOPE_UNCHANGED,本轮未重新核定，保持 public 基线
Chevrolet Silverado 1500 Pickup 2000-2004 Regular 8,P0,P0,APPLIED,OUT_OF_SCOPE_UNCHANGED,本轮未重新核定，保持 public 基线
Chevrolet Silverado 1500 Pickup 2004 Crew 5.8,P0,P0,APPLIED,OUT_OF_SCOPE_UNCHANGED,本轮未重新核定，保持 public 基线
Chevrolet Silverado 1500 Pickup 2005 Crew 5.8,P0,P0,APPLIED,OUT_OF_SCOPE_UNCHANGED,本轮未重新核定，保持 public 基线
Chevrolet Silverado 1500 Pickup 2005-2006 Extended 8,P0,P0,APPLIED,OUT_OF_SCOPE_UNCHANGED,本轮未重新核定，保持 public 基线
Chevrolet Silverado 1500 Pickup 2005-2006 Regular 8,P0,P0,APPLIED,OUT_OF_SCOPE_UNCHANGED,本轮未重新核定，保持 public 基线
Chevrolet Silverado 1500 Pickup 2006 Crew 5.8,P0,P0,APPLIED,OUT_OF_SCOPE_UNCHANGED,本轮未重新核定，保持 public 基线
Chevrolet Silverado 1500 Pickup 2007-2008 Crew 5.8,P0,P0,APPLIED,OUT_OF_SCOPE_UNCHANGED,本轮未重新核定，保持 public 基线
Chevrolet Silverado 1500 Pickup 2007-2008 Extended 6.5,P0,P0,APPLIED,OUT_OF_SCOPE_UNCHANGED,本轮未重新核定，保持 public 基线
Chevrolet Silverado 1500 Pickup 2007-2013 Extended 8,P0,P0,APPLIED,OUT_OF_SCOPE_UNCHANGED,本轮未重新核定，保持 public 基线
Chevrolet Silverado 1500 Pickup 2007-2013 Regular 6.6,P0,P0,APPLIED,OUT_OF_SCOPE_UNCHANGED,本轮未重新核定，保持 public 基线
Chevrolet Silverado 1500 Pickup 2007-2013 Regular 8,P0,P0,APPLIED,OUT_OF_SCOPE_UNCHANGED,本轮未重新核定，保持 public 基线
Chevrolet Silverado 1500 Pickup 2009-2013 Crew 5.8,P0,P0,APPLIED,OUT_OF_SCOPE_UNCHANGED,本轮未重新核定，保持 public 基线
Chevrolet Silverado 1500 Pickup 2009-2013 Extended 6.5,P0,P0,APPLIED,OUT_OF_SCOPE_UNCHANGED,本轮未重新核定，保持 public 基线
Chevrolet Silverado 1500 Pickup 2014-2018 Crew 5.8,P0,P0,APPLIED,OUT_OF_SCOPE_UNCHANGED,本轮未重新核定，保持 public 基线
Chevrolet Silverado 1500 Pickup 2014-2018 Double 6.6,P0,P0,APPLIED,OUT_OF_SCOPE_UNCHANGED,本轮未重新核定，保持 public 基线
Chevrolet Silverado 1500 Pickup 2014-2018 Regular 6.6,P0,P0,APPLIED,OUT_OF_SCOPE_UNCHANGED,本轮未重新核定，保持 public 基线
Chevrolet Silverado 1500 Pickup 2014-2018 Regular 8,P0,P0,APPLIED,OUT_OF_SCOPE_UNCHANGED,本轮未重新核定，保持 public 基线
Chevrolet Silverado 1500 Pickup 2019-2026 Crew 5.8,P0,P0,APPLIED,OUT_OF_SCOPE_UNCHANGED,本轮未重新核定，保持 public 基线
Chevrolet Silverado 1500 Pickup 2019-2026 Double 6.6,P0,P0,APPLIED,OUT_OF_SCOPE_UNCHANGED,本轮未重新核定，保持 public 基线
Chevrolet Silverado 1500 Pickup 2019-2026 Regular 8,P0,P0,APPLIED,OUT_OF_SCOPE_UNCHANGED,本轮未重新核定，保持 public 基线
Chevrolet Silverado 1500 Pickup 2022-2026 Regular 6.6,P0,P0,APPLIED,OUT_OF_SCOPE_UNCHANGED,本轮未重新核定，保持 public 基线
Chevrolet Silverado 1500 Trail Boss Pickup 2021-2026 Crew 5.8,P0,P0,APPLIED,OUT_OF_SCOPE_UNCHANGED,本轮未重新核定，保持 public 基线
Chevrolet Silverado 1500HD Pickup 2001-2003 Crew 6.6,P0,P0,APPLIED,OUT_OF_SCOPE_UNCHANGED,本轮未重新核定，保持 public 基线
Chevrolet Silverado 1500HD Pickup 2005 Crew 6.6,P0,P0,APPLIED,OUT_OF_SCOPE_UNCHANGED,本轮未重新核定，保持 public 基线
Chevrolet Silverado 1500HD Pickup 2006 Crew 6.6,P0,P0,APPLIED,OUT_OF_SCOPE_UNCHANGED,本轮未重新核定，保持 public 基线
Chevrolet Silverado 1500HD Classic Pickup 2007 Crew 6.6,P0,P0,APPLIED,OUT_OF_SCOPE_UNCHANGED,本轮未重新核定，保持 public 基线
Chevrolet Silverado 2500HD/3500HD Pickup 2001-2006 Crew 8,P1,P1,APPLIED,OUT_OF_SCOPE_UNCHANGED,本轮未重新核定，保持 public 基线
Chevrolet Silverado 2500HD/3500HD Pickup 2001-2006 Regular 8,P1,P1,APPLIED,OUT_OF_SCOPE_UNCHANGED,本轮未重新核定，保持 public 基线
Chevrolet Silverado 2500HD/3500HD Pickup 2007 Crew 8,DUAL,DUAL,APPLIED,OUT_OF_SCOPE_UNCHANGED,本轮未重新核定，保持 public 基线
Chevrolet Silverado 2500HD/3500HD Pickup 2007 Regular 8,P1,P1,APPLIED,OUT_OF_SCOPE_UNCHANGED,本轮未重新核定，保持 public 基线
Chevrolet Silverado 2500HD/3500HD Pickup 2008-2012 Crew 6.5,DUAL,DUAL,APPLIED,OUT_OF_SCOPE_UNCHANGED,本轮未重新核定，保持 public 基线
Chevrolet Silverado 2500HD/3500HD Pickup 2008-2014 Crew 8,DUAL,DUAL,APPLIED,OUT_OF_SCOPE_UNCHANGED,本轮未重新核定，保持 public 基线
Chevrolet Silverado 2500HD/3500HD Pickup 2008-2014 Regular 8,P1,P1,APPLIED,OUT_OF_SCOPE_UNCHANGED,本轮未重新核定，保持 public 基线
Chevrolet Silverado 2500HD/3500HD Pickup 2013 Crew 6.5,P1,P1,APPLIED,OUT_OF_SCOPE_UNCHANGED,本轮未重新核定，保持 public 基线
Chevrolet Silverado 2500HD/3500HD Pickup 2014 Crew 6.5,P1,P1,APPLIED,OUT_OF_SCOPE_UNCHANGED,本轮未重新核定，保持 public 基线
Chevrolet Silverado 2500HD/3500HD Pickup 2015-2017 Double 6.8,P1,P1,APPLIED,OUT_OF_SCOPE_UNCHANGED,本轮未重新核定，保持 public 基线
Chevrolet Silverado 2500HD/3500HD Pickup 2015-2019 Crew 6.5,P1,P1,APPLIED,OUT_OF_SCOPE_UNCHANGED,本轮未重新核定，保持 public 基线
Chevrolet Silverado 2500HD/3500HD Pickup 2015-2019 Double 8,P1,P1,APPLIED,OUT_OF_SCOPE_UNCHANGED,本轮未重新核定，保持 public 基线
Chevrolet Silverado 2500HD/3500HD Pickup 2015-2019 Regular 8,DUAL,DUAL,APPLIED,OUT_OF_SCOPE_UNCHANGED,本轮未重新核定，保持 public 基线
Chevrolet Silverado 2500HD/3500HD Pickup 2020-2024 Double 6.8,P1,P1,APPLIED,OUT_OF_SCOPE_UNCHANGED,本轮未重新核定，保持 public 基线
Chevrolet Silverado 2500HD/3500HD Pickup 2020-2026 Crew 6.8,P1,P1,APPLIED,OUT_OF_SCOPE_UNCHANGED,本轮未重新核定，保持 public 基线
Chevrolet Silverado 2500HD/3500HD Pickup 2020-2026 Double 8,P1,P1,APPLIED,OUT_OF_SCOPE_UNCHANGED,本轮未重新核定，保持 public 基线
Chevrolet Silverado 2500HD/3500HD Pickup 2020-2026 Regular 8,P1,P1,APPLIED,OUT_OF_SCOPE_UNCHANGED,本轮未重新核定，保持 public 基线
Chevrolet Silverado 2500HD/3500HD DRW Pickup 2015-2018 Crew 8,DUAL,DUAL,APPLIED,OUT_OF_SCOPE_UNCHANGED,本轮未重新核定，保持 public 基线
Chevrolet Silverado 2500HD/3500HD DRW Pickup 2019 Crew 8,DUAL,DUAL,APPLIED,OUT_OF_SCOPE_UNCHANGED,本轮未重新核定，保持 public 基线
Chevrolet Silverado 2500HD/3500HD DRW Pickup 2020-2023 Crew 8,DUAL,DUAL,APPLIED,OUT_OF_SCOPE_UNCHANGED,本轮未重新核定，保持 public 基线
Chevrolet Silverado 2500HD/3500HD DRW Pickup 2024 Crew 8,DUAL,DUAL,APPLIED,OUT_OF_SCOPE_UNCHANGED,本轮未重新核定，保持 public 基线
Chevrolet Silverado 2500HD/3500HD DRW Pickup 2025 Crew 8,DUAL,DUAL,APPLIED,OUT_OF_SCOPE_UNCHANGED,本轮未重新核定，保持 public 基线
Chevrolet Silverado 2500HD/3500HD DRW Pickup 2026 Crew 8,DUAL,DUAL,APPLIED,OUT_OF_SCOPE_UNCHANGED,本轮未重新核定，保持 public 基线
Chevrolet Silverado EV Pickup 2024-2026 Crew 5.9,P0,P0,APPLIED,OUT_OF_SCOPE_UNCHANGED,本轮未重新核定，保持 public 基线
Chevrolet Sonic Hatchback 2012-2020,H0,H0,APPLIED,OUT_OF_SCOPE_UNCHANGED,本轮未重新核定，保持 public 基线
Chevrolet Sonic Sedan 2012-2020,SD1,SD1,APPLIED,OUT_OF_SCOPE_UNCHANGED,本轮未重新核定，保持 public 基线
Chevrolet Spark Hatchback 2013-2015,H0,H0,APPLIED,OUT_OF_SCOPE_UNCHANGED,本轮未重新核定，保持 public 基线
Chevrolet Spark Hatchback 2016-2022,H0,H0,APPLIED,OUT_OF_SCOPE_UNCHANGED,本轮未重新核定，保持 public 基线
Chevrolet Suburban SUV 1935-1940,SU2,SU2,APPLIED,SUV_TAPER_REVIEW,详见 suv_audit.csv
Chevrolet Suburban SUV 1941,SU2,SU2,APPLIED,SUV_TAPER_REVIEW,详见 suv_audit.csv
Chevrolet Suburban SUV 1946,SU2,SU2,APPLIED,SUV_TAPER_REVIEW,详见 suv_audit.csv
Chevrolet Suburban SUV 1947-1954,SU2,SU2,APPLIED,SUV_TAPER_REVIEW,详见 suv_audit.csv
Chevrolet Suburban SUV 1955-1959,SU2,SU2,APPLIED,SUV_TAPER_REVIEW,详见 suv_audit.csv
Chevrolet Suburban SUV 1960-1966,SU2,SU2,APPLIED,SUV_TAPER_REVIEW,详见 suv_audit.csv
Chevrolet Suburban SUV 1967-1969,SU2,SU2,APPLIED,SUV_TAPER_REVIEW,详见 suv_audit.csv
Chevrolet Suburban SUV 1970-1972,SU2,SU2,APPLIED,SUV_TAPER_REVIEW,详见 suv_audit.csv
Chevrolet Suburban SUV 1973-1980,SU2,SU2,APPLIED,SUV_TAPER_REVIEW,详见 suv_audit.csv
Chevrolet Suburban SUV 1981,SU2,SU2,APPLIED,SUV_TAPER_REVIEW,详见 suv_audit.csv
Chevrolet Suburban SUV 1982-1989,SU2,SU2,APPLIED,SUV_TAPER_REVIEW,详见 suv_audit.csv
Chevrolet Suburban SUV 1990-1991,SU2,SU2,APPLIED,SUV_TAPER_REVIEW,详见 suv_audit.csv
Chevrolet Suburban SUV 1992,SU2,SU2,APPLIED,SUV_TAPER_REVIEW,详见 suv_audit.csv
Chevrolet Suburban SUV 1993-1994,SU2,SU2,APPLIED,SUV_TAPER_REVIEW,详见 suv_audit.csv
Chevrolet Suburban SUV 1995,SU2,SU2,APPLIED,SUV_TAPER_REVIEW,详见 suv_audit.csv
Chevrolet Suburban SUV 1996,SU2,SU2,APPLIED,SUV_TAPER_REVIEW,详见 suv_audit.csv
Chevrolet Suburban SUV 1997,SU2,SU2,APPLIED,SUV_TAPER_REVIEW,详见 suv_audit.csv
Chevrolet Suburban SUV 1998,SU2,SU2,APPLIED,SUV_TAPER_REVIEW,详见 suv_audit.csv
Chevrolet Suburban SUV 1999,SU2,SU2,APPLIED,SUV_TAPER_REVIEW,详见 suv_audit.csv
Chevrolet Suburban SUV 2000,SU2,SU2,APPLIED,SUV_TAPER_REVIEW,详见 suv_audit.csv
Chevrolet Suburban SUV 2001,SU2,SU2,APPLIED,SUV_TAPER_REVIEW,详见 suv_audit.csv
Chevrolet Suburban SUV 2002-2003,SU2,SU2,APPLIED,SUV_TAPER_REVIEW,详见 suv_audit.csv
Chevrolet Suburban SUV 2004-2005,SU2,SU2,APPLIED,SUV_TAPER_REVIEW,详见 suv_audit.csv
Chevrolet Suburban SUV 2006,SU2,SU2,APPLIED,SUV_TAPER_REVIEW,详见 suv_audit.csv
Chevrolet Suburban SUV 2007-2014,SU2,SU2,APPLIED,SUV_TAPER_REVIEW,详见 suv_audit.csv
Chevrolet Suburban SUV 2015,SU2,SU2,APPLIED,SUV_TAPER_REVIEW,详见 suv_audit.csv
Chevrolet Suburban SUV 2016-2020,SU2,SU2,APPLIED,SUV_TAPER_REVIEW,详见 suv_audit.csv
Chevrolet Suburban SUV 2021-2024,SU2,SU2,APPLIED,SUV_TAPER_REVIEW,详见 suv_audit.csv
Chevrolet Suburban SUV 2025,SU2,SU2,APPLIED,SUV_TAPER_REVIEW,详见 suv_audit.csv
Chevrolet Suburban SUV 2026,SU2,SU2,APPLIED,SUV_TAPER_REVIEW,详见 suv_audit.csv
Chevrolet Tahoe SUV 2000,SU2,SU2,APPLIED,SUV_TAPER_REVIEW,详见 suv_audit.csv
Chevrolet Tahoe SUV 2001-2006,SU2,SU2,APPLIED,SUV_TAPER_REVIEW,详见 suv_audit.csv
Chevrolet Tahoe SUV 2007-2014,SU2,SU2,APPLIED,SUV_TAPER_REVIEW,详见 suv_audit.csv
Chevrolet Tahoe SUV 2015-2020,SU2,SU2,APPLIED,SUV_TAPER_REVIEW,详见 suv_audit.csv
Chevrolet Tahoe SUV 2021-2024,SU2,SU2,APPLIED,SUV_TAPER_REVIEW,详见 suv_audit.csv
Chevrolet Tahoe SUV 2025-2026,SU2,SU2,APPLIED,SUV_TAPER_REVIEW,详见 suv_audit.csv
Chevrolet Tahoe 2dr 4WD SUV 1995-1996,SU2,SU2,APPLIED,SUV_TAPER_REVIEW,详见 suv_audit.csv
Chevrolet Tahoe 2dr 4WD SUV 1997,SU2,SU2,APPLIED,SUV_TAPER_REVIEW,详见 suv_audit.csv
Chevrolet Tahoe 2dr 4WD SUV 1998,SU2,SU2,APPLIED,SUV_TAPER_REVIEW,详见 suv_audit.csv
Chevrolet Tahoe 2dr 4WD SUV 1999,SU2,SU2,APPLIED,SUV_TAPER_REVIEW,详见 suv_audit.csv
Chevrolet Tahoe 4dr 2WD SUV 1995-1996,SU2,SU2,APPLIED,SUV_TAPER_REVIEW,详见 suv_audit.csv
Chevrolet Tahoe 4dr 2WD SUV 1997-1998,SU2,SU2,APPLIED,SUV_TAPER_REVIEW,详见 suv_audit.csv
Chevrolet Tahoe 4dr 2WD SUV 1999,SU2,SU2,APPLIED,SUV_TAPER_REVIEW,详见 suv_audit.csv
Chevrolet Tracker 2dr SUV 1998-2004,SU2,SU2,APPLIED,SUV_TAPER_REVIEW,详见 suv_audit.csv
Chevrolet Tracker 4dr SUV 1999,SU2,SU2,APPLIED,SUV_TAPER_REVIEW,详见 suv_audit.csv
Chevrolet Tracker 4dr SUV 2000-2002,SU2,SU2,APPLIED,SUV_TAPER_REVIEW,详见 suv_audit.csv
Chevrolet Tracker 4dr SUV 2003,SU2,SU2,APPLIED,SUV_TAPER_REVIEW,详见 suv_audit.csv
Chevrolet Tracker 4dr SUV 2004,SU2,SU2,APPLIED,SUV_TAPER_REVIEW,详见 suv_audit.csv
Chevrolet Trailblazer SUV 2002-2005,SU2,SU2,APPLIED,SUV_TAPER_REVIEW,详见 suv_audit.csv
Chevrolet Trailblazer SUV 2021-2026,SU1,SU1,APPLIED,SUV_TAPER_REVIEW,详见 suv_audit.csv
Chevrolet Trailblazer SS SUV 2006-2009,SU2,SU2,APPLIED,SUV_TAPER_REVIEW,详见 suv_audit.csv
Chevrolet Traverse SUV 2009-2012,SU1,SU1,APPLIED,SUV_TAPER_REVIEW,详见 suv_audit.csv
Chevrolet Traverse SUV 2013-2017,SU1,SU1,APPLIED,SUV_TAPER_REVIEW,详见 suv_audit.csv
Chevrolet Traverse SUV 2018-2023,SU1,SU1,APPLIED,SUV_TAPER_REVIEW,详见 suv_audit.csv
Chevrolet Traverse SUV 2024-2026,SU1,SU1,APPLIED,SUV_TAPER_REVIEW,详见 suv_audit.csv
Chevrolet Traverse Limited SUV 2024,SU1,SU1,APPLIED,SUV_TAPER_REVIEW,详见 suv_audit.csv
Chevrolet Trax SUV 2015-2022,SU1,SU1,APPLIED,SUV_TAPER_REVIEW,详见 suv_audit.csv
Chevrolet Trax SUV 2024-2026,SU1,SU1,APPLIED,SUV_TAPER_REVIEW,详见 suv_audit.csv
Chevrolet Uplander Wagon 2006-2008,V0,V0,APPLIED,OUT_OF_SCOPE_UNCHANGED,本轮未重新核定，保持 public 基线
Chevrolet Uplander LWB Wagon 2005-2008,V0,V0,APPLIED,OUT_OF_SCOPE_UNCHANGED,本轮未重新核定，保持 public 基线
Chevrolet Venture Wagon 1997-2004,V0,V0,APPLIED,OUT_OF_SCOPE_UNCHANGED,本轮未重新核定，保持 public 基线
Chevrolet Venture LWB Wagon 1997-2005,V0,V0,APPLIED,OUT_OF_SCOPE_UNCHANGED,本轮未重新核定，保持 public 基线
Chevrolet Volt Hatchback 2011-2015,SD1,SD1,APPLIED,OUT_OF_SCOPE_UNCHANGED,本轮未重新核定，保持 public 基线
Chevrolet Volt Hatchback 2016-2019,SD1,SD1,APPLIED,OUT_OF_SCOPE_UNCHANGED,本轮未重新核定，保持 public 基线
Chrysler 200 Convertible 2011-2014,SD1,SD1,APPLIED,OUT_OF_SCOPE_UNCHANGED,本轮未重新核定，保持 public 基线
Chrysler 200 Sedan 2011-2014,SD1,SD1,APPLIED,OUT_OF_SCOPE_UNCHANGED,本轮未重新核定，保持 public 基线
Chrysler 200 Sedan 2015-2017,SD1,SD1,APPLIED,OUT_OF_SCOPE_UNCHANGED,本轮未重新核定，保持 public 基线
Chrysler 200 Series Convertible 2011-2014,SD1,SD1,APPLIED,OUT_OF_SCOPE_UNCHANGED,本轮未重新核定，保持 public 基线
Chrysler 200 Series Sedan 2011-2014,SD1,SD1,APPLIED,OUT_OF_SCOPE_UNCHANGED,本轮未重新核定，保持 public 基线
Chrysler 200 Series Sedan 2015-2017,SD1,SD1,APPLIED,OUT_OF_SCOPE_UNCHANGED,本轮未重新核定，保持 public 基线
Chrysler 300 Sedan 2005-2010,SD1,SD1,APPLIED,OUT_OF_SCOPE_UNCHANGED,本轮未重新核定，保持 public 基线
Chrysler 300 Sedan 2011-2023,SD1,SD1,APPLIED,OUT_OF_SCOPE_UNCHANGED,本轮未重新核定，保持 public 基线
Chrysler 300 series Sedan 2005-2010,SD1,SD1,APPLIED,OUT_OF_SCOPE_UNCHANGED,本轮未重新核定，保持 public 基线
Chrysler 300 series Sedan 2011-2023,SD1,SD1,APPLIED,OUT_OF_SCOPE_UNCHANGED,本轮未重新核定，保持 public 基线
Chrysler 300 series 300M Sedan 1999-2004,SD1,SD1,APPLIED,OUT_OF_SCOPE_UNCHANGED,本轮未重新核定，保持 public 基线
Chrysler 300M Sedan 1999-2004,SD1,SD1,APPLIED,OUT_OF_SCOPE_UNCHANGED,本轮未重新核定，保持 public 基线
Chrysler Aspen SUV 2007-2009,SU2,SU2,APPLIED,SUV_TAPER_REVIEW,详见 suv_audit.csv
Chrysler Cirrus Sedan 1995,SD1,SD1,APPLIED,OUT_OF_SCOPE_UNCHANGED,本轮未重新核定，保持 public 基线
Chrysler Cirrus Sedan 1996-1997,SD1,SD1,APPLIED,OUT_OF_SCOPE_UNCHANGED,本轮未重新核定，保持 public 基线
Chrysler Cirrus Sedan 1998,SD1,SD1,APPLIED,OUT_OF_SCOPE_UNCHANGED,本轮未重新核定，保持 public 基线
Chrysler Cirrus Sedan 1999-2000,SD1,SD1,APPLIED,OUT_OF_SCOPE_UNCHANGED,本轮未重新核定，保持 public 基线
Chrysler Concorde Sedan 1993-1994,SD1,SD1,APPLIED,OUT_OF_SCOPE_UNCHANGED,本轮未重新核定，保持 public 基线
Chrysler Concorde Sedan 1995-1997,SD1,SD1,APPLIED,OUT_OF_SCOPE_UNCHANGED,本轮未重新核定，保持 public 基线
Chrysler Concorde Sedan 1998-2001,SD1,SD1,APPLIED,OUT_OF_SCOPE_UNCHANGED,本轮未重新核定，保持 public 基线
Chrysler Concorde Sedan 2002-2004,SD1,SD1,APPLIED,OUT_OF_SCOPE_UNCHANGED,本轮未重新核定，保持 public 基线
Chrysler Crossfire Coupe 2004-2008,SD0,SD0,APPLIED,OUT_OF_SCOPE_UNCHANGED,本轮未重新核定，保持 public 基线
Chrysler Crossfire Convertible 2005-2008,SD0,SD0,APPLIED,OUT_OF_SCOPE_UNCHANGED,本轮未重新核定，保持 public 基线
Chrysler LHS Sedan 1994-1997,SD1,SD1,APPLIED,OUT_OF_SCOPE_UNCHANGED,本轮未重新核定，保持 public 基线
Chrysler LHS Sedan 1999-2001,SD1,SD1,APPLIED,OUT_OF_SCOPE_UNCHANGED,本轮未重新核定，保持 public 基线
Chrysler PT Cruiser Wagon 2001-2010,H1,H1,APPLIED,OUT_OF_SCOPE_UNCHANGED,本轮未重新核定，保持 public 基线
Chrysler Pacifica Crossover 2004-2008,V0,V0,APPLIED,SUV_TAPER_REVIEW,详见 suv_audit.csv
Chrysler Pacifica MPV 2017-2020,V0,V0,APPLIED,OUT_OF_SCOPE_UNCHANGED,本轮未重新核定，保持 public 基线
Chrysler Pacifica MPV 2021-2026,V0,V0,APPLIED,OUT_OF_SCOPE_UNCHANGED,本轮未重新核定，保持 public 基线
Chrysler Sebring Coupe 1995,SD0,SD0,APPLIED,OUT_OF_SCOPE_UNCHANGED,本轮未重新核定，保持 public 基线
Chrysler Sebring Convertible 1996,SD0,SD0,APPLIED,OUT_OF_SCOPE_UNCHANGED,本轮未重新核定，保持 public 基线
Chrysler Sebring Coupe 1996,SD0,SD0,APPLIED,OUT_OF_SCOPE_UNCHANGED,本轮未重新核定，保持 public 基线
Chrysler Sebring Convertible 1997,SD0,SD0,APPLIED,OUT_OF_SCOPE_UNCHANGED,本轮未重新核定，保持 public 基线
Chrysler Sebring Coupe 1997-2000,SD0,SD0,APPLIED,OUT_OF_SCOPE_UNCHANGED,本轮未重新核定，保持 public 基线
Chrysler Sebring Convertible 1998-2000,SD0,SD0,APPLIED,OUT_OF_SCOPE_UNCHANGED,本轮未重新核定，保持 public 基线
Chrysler Sebring Coupe 2001-2002,SD0,SD0,APPLIED,OUT_OF_SCOPE_UNCHANGED,本轮未重新核定，保持 public 基线
Chrysler Sebring Convertible 2001-2006,SD0,SD0,APPLIED,OUT_OF_SCOPE_UNCHANGED,本轮未重新核定，保持 public 基线
Chrysler Sebring Sedan 2001-2006,SD0,SD0,APPLIED,OUT_OF_SCOPE_UNCHANGED,本轮未重新核定，保持 public 基线
Chrysler Sebring Coupe 2003-2005,SD0,SD0,APPLIED,OUT_OF_SCOPE_UNCHANGED,本轮未重新核定，保持 public 基线
Chrysler Sebring Sedan 2007,SD0,SD0,APPLIED,OUT_OF_SCOPE_UNCHANGED,本轮未重新核定，保持 public 基线
Chrysler Sebring Sedan 2008-2009,SD0,SD0,APPLIED,OUT_OF_SCOPE_UNCHANGED,本轮未重新核定，保持 public 基线
Chrysler Sebring Convertible 2008-2010,SD0,SD0,APPLIED,OUT_OF_SCOPE_UNCHANGED,本轮未重新核定，保持 public 基线
Chrysler Sebring Sedan 2010,SD0,SD0,APPLIED,OUT_OF_SCOPE_UNCHANGED,本轮未重新核定，保持 public 基线
Chrysler Town & Country MPV 1990,V0,V0,APPLIED,OUT_OF_SCOPE_UNCHANGED,本轮未重新核定，保持 public 基线
Chrysler Town & Country MPV 1991-1995,V0,V0,APPLIED,OUT_OF_SCOPE_UNCHANGED,本轮未重新核定，保持 public 基线
Chrysler Town & Country MPV 1996-2000,V0,V0,APPLIED,OUT_OF_SCOPE_UNCHANGED,本轮未重新核定，保持 public 基线
Chrysler Town & Country MPV 2001-2007,V0,V0,APPLIED,OUT_OF_SCOPE_UNCHANGED,本轮未重新核定，保持 public 基线
Chrysler Town & Country MPV 2008-2016,V0,V0,APPLIED,OUT_OF_SCOPE_UNCHANGED,本轮未重新核定，保持 public 基线
Chrysler Voyager MPV 2000,V0,V0,APPLIED,OUT_OF_SCOPE_UNCHANGED,本轮未重新核定，保持 public 基线
Chrysler Voyager MPV 2001-2003,V0,V0,APPLIED,OUT_OF_SCOPE_UNCHANGED,本轮未重新核定，保持 public 基线
Chrysler Voyager MPV 2020-2021,V0,V0,APPLIED,OUT_OF_SCOPE_UNCHANGED,本轮未重新核定，保持 public 基线
Chrysler Voyager MPV 2022-2026,V0,V0,APPLIED,OUT_OF_SCOPE_UNCHANGED,本轮未重新核定，保持 public 基线
Dodge Avenger Coupe 1995-2000,SD0,SD0,APPLIED,OUT_OF_SCOPE_UNCHANGED,本轮未重新核定，保持 public 基线
Dodge Avenger Sedan 2008-2014,SD0,SD0,APPLIED,OUT_OF_SCOPE_UNCHANGED,本轮未重新核定，保持 public 基线
Dodge Caliber Hatchback 2007-2012,H0,H0,APPLIED,OUT_OF_SCOPE_UNCHANGED,本轮未重新核定，保持 public 基线
Dodge Caravan Grand Caravan MPV 1987-1989,V0,V0,APPLIED,OUT_OF_SCOPE_UNCHANGED,本轮未重新核定，保持 public 基线
Dodge Caravan Grand Caravan MPV 1990,V0,V0,APPLIED,OUT_OF_SCOPE_UNCHANGED,本轮未重新核定，保持 public 基线
Dodge Caravan Grand Caravan MPV 1991-1995,V0,V0,APPLIED,OUT_OF_SCOPE_UNCHANGED,本轮未重新核定，保持 public 基线
Dodge Caravan LWB MPV 2008-2020,V0,V0,APPLIED,OUT_OF_SCOPE_UNCHANGED,本轮未重新核定，保持 public 基线
Dodge Caravan SWB MPV 1984-1990,V0,V0,APPLIED,OUT_OF_SCOPE_UNCHANGED,本轮未重新核定，保持 public 基线
Dodge Caravan SWB MPV 1991-1995,V0,V0,APPLIED,OUT_OF_SCOPE_UNCHANGED,本轮未重新核定，保持 public 基线
Dodge Caravan SWB MPV 1996-2000,V0,V0,APPLIED,OUT_OF_SCOPE_UNCHANGED,本轮未重新核定，保持 public 基线
Dodge Caravan SWB MPV 2001-2007,V0,V0,APPLIED,OUT_OF_SCOPE_UNCHANGED,本轮未重新核定，保持 public 基线
Dodge Challenger Coupe 1970-1972,dodge-challenger,dodge-challenger,APPLIED,OUT_OF_SCOPE_UNCHANGED,本轮未重新核定，保持 public 基线
Dodge Challenger Coupe 1973-1974,dodge-challenger,dodge-challenger,APPLIED,OUT_OF_SCOPE_UNCHANGED,本轮未重新核定，保持 public 基线
Dodge Challenger Coupe 1978-1983,dodge-challenger,dodge-challenger,APPLIED,OUT_OF_SCOPE_UNCHANGED,本轮未重新核定，保持 public 基线
Dodge Challenger Coupe 2008-2014,dodge-challenger,dodge-challenger,APPLIED,OUT_OF_SCOPE_UNCHANGED,本轮未重新核定，保持 public 基线
Dodge Challenger Coupe 2015-2023,dodge-challenger,dodge-challenger,APPLIED,OUT_OF_SCOPE_UNCHANGED,本轮未重新核定，保持 public 基线
Dodge Challenger Widebody Coupe 2015-2023,dodge-challenger,dodge-challenger,APPLIED,OUT_OF_SCOPE_UNCHANGED,本轮未重新核定，保持 public 基线
Dodge Charger Coupe 1966-1967,SD2,SD2,APPLIED,OUT_OF_SCOPE_UNCHANGED,本轮未重新核定，保持 public 基线
Dodge Charger Coupe 1968-1970,SD2,SD2,APPLIED,OUT_OF_SCOPE_UNCHANGED,本轮未重新核定，保持 public 基线
Dodge Charger Coupe 1971-1972,SD2,SD2,APPLIED,OUT_OF_SCOPE_UNCHANGED,本轮未重新核定，保持 public 基线
Dodge Charger Coupe 1973-1974,SD2,SD2,APPLIED,OUT_OF_SCOPE_UNCHANGED,本轮未重新核定，保持 public 基线
Dodge Charger Coupe 1975-1978,SD2,SD2,APPLIED,OUT_OF_SCOPE_UNCHANGED,本轮未重新核定，保持 public 基线
Dodge Charger Hatchback 1982-1987,H0,H0,APPLIED,OUT_OF_SCOPE_UNCHANGED,本轮未重新核定，保持 public 基线
Dodge Charger Sedan 2006-2010,SD0,SD0,APPLIED,OUT_OF_SCOPE_UNCHANGED,本轮未重新核定，保持 public 基线
Dodge Charger Sedan 2011-2014,SD0,SD0,APPLIED,OUT_OF_SCOPE_UNCHANGED,本轮未重新核定，保持 public 基线
Dodge Charger Sedan 2015-2023,SD0,SD0,APPLIED,OUT_OF_SCOPE_UNCHANGED,本轮未重新核定，保持 public 基线
Dodge Charger Coupe 2024-2026,SD0,SD0,APPLIED,OUT_OF_SCOPE_UNCHANGED,本轮未重新核定，保持 public 基线
Dodge Charger Sedan 2024-2026,SD0,SD0,APPLIED,OUT_OF_SCOPE_UNCHANGED,本轮未重新核定，保持 public 基线
Dodge Dakota Pickup 1987-1989 Regular 6.5,P1,P1,APPLIED,OUT_OF_SCOPE_UNCHANGED,本轮未重新核定，保持 public 基线
Dodge Dakota Pickup 1987-1989 Regular 8,P1,P1,APPLIED,OUT_OF_SCOPE_UNCHANGED,本轮未重新核定，保持 public 基线
Dodge Dakota Pickup 1990-1996 Club 6.5,P1,P1,APPLIED,OUT_OF_SCOPE_UNCHANGED,本轮未重新核定，保持 public 基线
Dodge Dakota Pickup 1990-1996 Regular 6.5,P1,P1,APPLIED,OUT_OF_SCOPE_UNCHANGED,本轮未重新核定，保持 public 基线
Dodge Dakota Pickup 1990-1996 Regular 8,P1,P1,APPLIED,OUT_OF_SCOPE_UNCHANGED,本轮未重新核定，保持 public 基线
Dodge Dakota Pickup 1997-1999 Regular 8,P1,P1,APPLIED,OUT_OF_SCOPE_UNCHANGED,本轮未重新核定，保持 public 基线
Dodge Dakota Pickup 1997-2004 Club 6.5,P1,P1,APPLIED,OUT_OF_SCOPE_UNCHANGED,本轮未重新核定，保持 public 基线
Dodge Dakota Pickup 1997-2004 Regular 6.5,P1,P1,APPLIED,OUT_OF_SCOPE_UNCHANGED,本轮未重新核定，保持 public 基线
Dodge Dakota Pickup 2000-2004 Quad 5.25,P1,P1,APPLIED,OUT_OF_SCOPE_UNCHANGED,本轮未重新核定，保持 public 基线
Dodge Dakota Pickup 2005-2011 Club 6.5,P1,P1,APPLIED,OUT_OF_SCOPE_UNCHANGED,本轮未重新核定，保持 public 基线
Dodge Dakota Pickup 2005-2011 Quad 5.25,P1,P1,APPLIED,OUT_OF_SCOPE_UNCHANGED,本轮未重新核定，保持 public 基线
Dodge Dart Sedan 2013-2016,SD1,SD1,APPLIED,OUT_OF_SCOPE_UNCHANGED,本轮未重新核定，保持 public 基线
Dodge Daytona Hatchback 1984-1986,H0,H0,APPLIED,OUT_OF_SCOPE_UNCHANGED,本轮未重新核定，保持 public 基线
Dodge Daytona Hatchback 1987-1990,H0,H0,APPLIED,OUT_OF_SCOPE_UNCHANGED,本轮未重新核定，保持 public 基线
Dodge Daytona Hatchback 1991,H0,H0,APPLIED,OUT_OF_SCOPE_UNCHANGED,本轮未重新核定，保持 public 基线
Dodge Daytona Hatchback 1992-1993,H0,H0,APPLIED,OUT_OF_SCOPE_UNCHANGED,本轮未重新核定，保持 public 基线
Dodge Durango SUV 1998,SU2,SU2,APPLIED,SUV_TAPER_REVIEW,详见 suv_audit.csv
Dodge Durango SUV 1999-2001,SU2,SU2,APPLIED,SUV_TAPER_REVIEW,详见 suv_audit.csv
Dodge Durango SUV 2002-2003,SU2,SU2,APPLIED,SUV_TAPER_REVIEW,详见 suv_audit.csv
Dodge Durango SUV 2004-2009,SU2,SU2,APPLIED,SUV_TAPER_REVIEW,详见 suv_audit.csv
Dodge Durango SRT/Hellcat SUV 2011-2026,SU1,SU1,APPLIED,SUV_TAPER_REVIEW,详见 suv_audit.csv
Dodge Hornet Crossover 2023-2025,SU1,SU1,APPLIED,SUV_TAPER_REVIEW,详见 suv_audit.csv
Dodge Intrepid Sedan 1993-1997,SD1,SD1,APPLIED,OUT_OF_SCOPE_UNCHANGED,本轮未重新核定，保持 public 基线
Dodge Intrepid Sedan 1998-2004,SD1,SD1,APPLIED,OUT_OF_SCOPE_UNCHANGED,本轮未重新核定，保持 public 基线
Dodge Journey Crossover 2009-2020,SU1,SU1,APPLIED,SUV_TAPER_REVIEW,详见 suv_audit.csv
Dodge Journey SUV 2009-2020,SU1,SU1,APPLIED,SUV_TAPER_REVIEW,详见 suv_audit.csv
Dodge Magnum Wagon 2005-2008,H2,H2,APPLIED,OUT_OF_SCOPE_UNCHANGED,本轮未重新核定，保持 public 基线
Dodge Neon Sedan 1995-1999,SD1,SD1,APPLIED,OUT_OF_SCOPE_UNCHANGED,本轮未重新核定，保持 public 基线
Dodge Neon Sedan 2000-2005,SD1,SD1,APPLIED,OUT_OF_SCOPE_UNCHANGED,本轮未重新核定，保持 public 基线
Dodge Nitro SUV 2007-2010,SU2,SU2,APPLIED,SUV_TAPER_REVIEW,详见 suv_audit.csv
Dodge Ramcharger 2WD SUV 1988-1990,SU2,SU2,APPLIED,SUV_TAPER_REVIEW,详见 suv_audit.csv
Dodge Ramcharger 2WD SUV 1991-1993,SU2,SU2,APPLIED,SUV_TAPER_REVIEW,详见 suv_audit.csv
Dodge Ramcharger 4WD SUV 1974,SU2,SU2,APPLIED,SUV_TAPER_REVIEW,详见 suv_audit.csv
Dodge Ramcharger 4WD SUV 1975,SU2,SU2,APPLIED,SUV_TAPER_REVIEW,详见 suv_audit.csv
Dodge Ramcharger 4WD SUV 1976-1977,SU2,SU2,APPLIED,SUV_TAPER_REVIEW,详见 suv_audit.csv
Dodge Ramcharger 4WD SUV 1978-1982,SU2,SU2,APPLIED,SUV_TAPER_REVIEW,详见 suv_audit.csv
Dodge Ramcharger 4WD SUV 1983-1987,SU2,SU2,APPLIED,SUV_TAPER_REVIEW,详见 suv_audit.csv
Dodge Ramcharger 4WD SUV 1988-1990,SU2,SU2,APPLIED,SUV_TAPER_REVIEW,详见 suv_audit.csv
Dodge Ramcharger 4WD SUV 1991-1993,SU2,SU2,APPLIED,SUV_TAPER_REVIEW,详见 suv_audit.csv
Dodge Stealth R/T Turbo Coupe 1991-1993,SD0,SD0,APPLIED,OUT_OF_SCOPE_UNCHANGED,本轮未重新核定，保持 public 基线
Dodge Stealth R/T Turbo Coupe 1994,SD0,SD0,APPLIED,OUT_OF_SCOPE_UNCHANGED,本轮未重新核定，保持 public 基线
Dodge Stealth R/T Turbo Coupe 1995-1996,SD0,SD0,APPLIED,OUT_OF_SCOPE_UNCHANGED,本轮未重新核定，保持 public 基线
Dodge Stratus Sedan 1995,SD1,SD1,APPLIED,OUT_OF_SCOPE_UNCHANGED,本轮未重新核定，保持 public 基线
Dodge Stratus Sedan 1996-1997,SD1,SD1,APPLIED,OUT_OF_SCOPE_UNCHANGED,本轮未重新核定，保持 public 基线
Dodge Stratus Sedan 1998,SD1,SD1,APPLIED,OUT_OF_SCOPE_UNCHANGED,本轮未重新核定，保持 public 基线
Dodge Stratus Sedan 1999,SD1,SD1,APPLIED,OUT_OF_SCOPE_UNCHANGED,本轮未重新核定，保持 public 基线
Dodge Stratus Sedan 2000,SD1,SD1,APPLIED,OUT_OF_SCOPE_UNCHANGED,本轮未重新核定，保持 public 基线
Dodge Stratus Sedan 2001-2006,SD1,SD1,APPLIED,OUT_OF_SCOPE_UNCHANGED,本轮未重新核定，保持 public 基线
Dodge Viper Coupe 1992-1999,SD0,SD0,APPLIED,OUT_OF_SCOPE_UNCHANGED,本轮未重新核定，保持 public 基线
Dodge Viper Coupe 2000-2002,SD0,SD0,APPLIED,OUT_OF_SCOPE_UNCHANGED,本轮未重新核定，保持 public 基线
Dodge Viper Convertible 2001,SD0,SD0,APPLIED,OUT_OF_SCOPE_UNCHANGED,本轮未重新核定，保持 public 基线
Dodge Viper Convertible 2003-2006,SD0,SD0,APPLIED,OUT_OF_SCOPE_UNCHANGED,本轮未重新核定，保持 public 基线
Dodge Viper Coupe 2006,SD0,SD0,APPLIED,OUT_OF_SCOPE_UNCHANGED,本轮未重新核定，保持 public 基线
Dodge Viper Coupe 2008-2010,SD0,SD0,APPLIED,OUT_OF_SCOPE_UNCHANGED,本轮未重新核定，保持 public 基线
Dodge Viper Roadster 2008-2010,SD0,SD0,APPLIED,OUT_OF_SCOPE_UNCHANGED,本轮未重新核定，保持 public 基线
Dodge Viper Coupe 2013-2015,SD0,SD0,APPLIED,OUT_OF_SCOPE_UNCHANGED,本轮未重新核定，保持 public 基线
Dodge Viper ACR Coupe 2013-2017,SD0,SD0,APPLIED,OUT_OF_SCOPE_UNCHANGED,本轮未重新核定，保持 public 基线
Dodge Viper GTS Coupe 2013-2015,SD0,SD0,APPLIED,OUT_OF_SCOPE_UNCHANGED,本轮未重新核定，保持 public 基线
FIAT 500L Wagon 2014,V0,V0,APPLIED,OUT_OF_SCOPE_UNCHANGED,本轮未重新核定，保持 public 基线
FIAT 500L Wagon 2015,V0,V0,APPLIED,OUT_OF_SCOPE_UNCHANGED,本轮未重新核定，保持 public 基线
FIAT 500L Wagon 2016,V0,V0,APPLIED,OUT_OF_SCOPE_UNCHANGED,本轮未重新核定，保持 public 基线
FIAT 500L Wagon 2017,V0,V0,APPLIED,OUT_OF_SCOPE_UNCHANGED,本轮未重新核定，保持 public 基线
FIAT 500L Wagon 2018-2020,V0,V0,APPLIED,OUT_OF_SCOPE_UNCHANGED,本轮未重新核定，保持 public 基线
Fiat 124 Spider Abarth Convertible 2017-2020,SD0,SD0,APPLIED,OUT_OF_SCOPE_UNCHANGED,本轮未重新核定，保持 public 基线
Fiat 500 Convertible 2012-2019,H1,H1,APPLIED,OUT_OF_SCOPE_UNCHANGED,本轮未重新核定，保持 public 基线
Fiat 500 Hatchback 2012-2019,H1,H1,APPLIED,OUT_OF_SCOPE_UNCHANGED,本轮未重新核定，保持 public 基线
Fiat 500 Abarth Convertible 2012-2019,H1,H1,APPLIED,OUT_OF_SCOPE_UNCHANGED,本轮未重新核定，保持 public 基线
Fiat 500X SUV 2016-2017,SU1,SU1,APPLIED,SUV_TAPER_REVIEW,详见 suv_audit.csv
Fiat 500X SUV 2018,SU1,SU1,APPLIED,SUV_TAPER_REVIEW,详见 suv_audit.csv
Fiat 500X SUV 2019-2023,SU1,SU1,APPLIED,SUV_TAPER_REVIEW,详见 suv_audit.csv
Ford Bronco 2dr SUV 1966-1977,JP,JP,APPLIED,SUV_TAPER_REVIEW,详见 suv_audit.csv
Ford Bronco 2dr SUV 1978-1979,JP,JP,APPLIED,SUV_TAPER_REVIEW,详见 suv_audit.csv
Ford Bronco 2dr SUV 1980-1986,JP,JP,APPLIED,SUV_TAPER_REVIEW,详见 suv_audit.csv
Ford Bronco 2dr SUV 1987-1990,JP,JP,APPLIED,SUV_TAPER_REVIEW,详见 suv_audit.csv
Ford Bronco 2dr SUV 1991,JP,JP,APPLIED,SUV_TAPER_REVIEW,详见 suv_audit.csv
Ford Bronco 2dr SUV 1992-1996,JP,JP,APPLIED,SUV_TAPER_REVIEW,详见 suv_audit.csv
Ford Bronco 2dr SUV 2022-2023,JP,JP,APPLIED,SUV_TAPER_REVIEW,详见 suv_audit.csv
Ford Bronco 2dr SUV 2024-2025,JP,JP,APPLIED,SUV_TAPER_REVIEW,详见 suv_audit.csv
Ford Bronco 2dr SUV 2026,JP,JP,APPLIED,SUV_TAPER_REVIEW,详见 suv_audit.csv
Ford Bronco 4dr SUV 2021-2026,JP,JP,APPLIED,SUV_TAPER_REVIEW,详见 suv_audit.csv
Ford Bronco 4dr Raptor SUV 2022-2026,JP,JP,APPLIED,SUV_TAPER_REVIEW,详见 suv_audit.csv
Ford Bronco Sport 4dr SUV 2021-2023,SU2,SU2,APPLIED,SUV_TAPER_REVIEW,详见 suv_audit.csv
Ford Bronco Sport 4dr SUV 2024-2026,SU2,SU2,APPLIED,SUV_TAPER_REVIEW,详见 suv_audit.csv
Ford Bronco Sport 4dr Badlands SUV 2021-2024,SU2,SU2,APPLIED,SUV_TAPER_REVIEW,详见 suv_audit.csv
Ford C-MAX Hatchback 2013-2018,H1,H1,APPLIED,OUT_OF_SCOPE_UNCHANGED,本轮未重新核定，保持 public 基线
Ford C-MAX PHEV Hatchback 2013-2017,H1,H1,APPLIED,OUT_OF_SCOPE_UNCHANGED,本轮未重新核定，保持 public 基线
Ford Crown Victoria Sedan 1983-1987,SD2,SD2,APPLIED,OUT_OF_SCOPE_UNCHANGED,本轮未重新核定，保持 public 基线
Ford Crown Victoria Sedan 1988,SD2,SD2,APPLIED,OUT_OF_SCOPE_UNCHANGED,本轮未重新核定，保持 public 基线
Ford Crown Victoria Sedan 1992-1994,SD2,SD2,APPLIED,OUT_OF_SCOPE_UNCHANGED,本轮未重新核定，保持 public 基线
Ford Crown Victoria Sedan 1995-1996,SD2,SD2,APPLIED,OUT_OF_SCOPE_UNCHANGED,本轮未重新核定，保持 public 基线
Ford Crown Victoria Sedan 1997-2004,SD2,SD2,APPLIED,OUT_OF_SCOPE_UNCHANGED,本轮未重新核定，保持 public 基线
Ford Crown Victoria Sedan 2005,SD2,SD2,APPLIED,OUT_OF_SCOPE_UNCHANGED,本轮未重新核定，保持 public 基线
Ford Crown Victoria Sedan 2006,SD2,SD2,APPLIED,OUT_OF_SCOPE_UNCHANGED,本轮未重新核定，保持 public 基线
Ford Crown Victoria Sedan 2007,SD2,SD2,APPLIED,OUT_OF_SCOPE_UNCHANGED,本轮未重新核定，保持 public 基线
Ford Crown Victoria Sedan 2008-2011,SD2,SD2,APPLIED,OUT_OF_SCOPE_UNCHANGED,本轮未重新核定，保持 public 基线
Ford EcoSport SUV 2018-2022,SU1,SU1,APPLIED,SUV_TAPER_REVIEW,详见 suv_audit.csv
Ford Edge SUV 2007-2010,SU1,SU1,APPLIED,SUV_TAPER_REVIEW,详见 suv_audit.csv
Ford Edge SUV 2011-2014,SU1,SU1,APPLIED,SUV_TAPER_REVIEW,详见 suv_audit.csv
Ford Edge SUV 2015-2018,SU1,SU1,APPLIED,SUV_TAPER_REVIEW,详见 suv_audit.csv
Ford Edge SUV 2019-2024,SU1,SU1,APPLIED,SUV_TAPER_REVIEW,详见 suv_audit.csv
Ford Escape SUV 2001-2004,SU2,SU2,APPLIED,SUV_TAPER_REVIEW,详见 suv_audit.csv
Ford Escape SUV 2005-2007,SU2,SU2,APPLIED,SUV_TAPER_REVIEW,详见 suv_audit.csv
Ford Escape SUV 2008-2009,SU2,SU2,APPLIED,SUV_TAPER_REVIEW,详见 suv_audit.csv
Ford Escape SUV 2010,SU2,SU2,APPLIED,SUV_TAPER_REVIEW,详见 suv_audit.csv
Ford Escape SUV 2011-2012,SU2,SU2,APPLIED,SUV_TAPER_REVIEW,详见 suv_audit.csv
Ford Escape SUV 2013-2019,SU1,SU1,APPLIED,SUV_TAPER_REVIEW,详见 suv_audit.csv
Ford Escape SUV 2020-2022,SU1,SU1,APPLIED,SUV_TAPER_REVIEW,详见 suv_audit.csv
Ford Escape SUV 2023-2026,SU1,SU1,APPLIED,SUV_TAPER_REVIEW,详见 suv_audit.csv
Ford Escort Hatchback 1981-1990,H0,H0,APPLIED,OUT_OF_SCOPE_UNCHANGED,本轮未重新核定，保持 public 基线
Ford Escort Sedan 1981-1990,SD2,SD2,APPLIED,OUT_OF_SCOPE_UNCHANGED,本轮未重新核定，保持 public 基线
Ford Escort Wagon 1981-1990,H3,H3,APPLIED,OUT_OF_SCOPE_UNCHANGED,本轮未重新核定，保持 public 基线
Ford Escort Hatchback 1991-1996,H0,H0,APPLIED,OUT_OF_SCOPE_UNCHANGED,本轮未重新核定，保持 public 基线
Ford Escort Sedan 1991-1996,SD1,SD1,APPLIED,OUT_OF_SCOPE_UNCHANGED,本轮未重新核定，保持 public 基线
Ford Escort Wagon 1991-1996,H2,H2,APPLIED,OUT_OF_SCOPE_UNCHANGED,本轮未重新核定，保持 public 基线
Ford Escort Sedan 1997-1998,SD1,SD1,APPLIED,OUT_OF_SCOPE_UNCHANGED,本轮未重新核定，保持 public 基线
Ford Escort Wagon 1997-1999,H2,H2,APPLIED,OUT_OF_SCOPE_UNCHANGED,本轮未重新核定，保持 public 基线
Ford Escort Sedan 1999,SD1,SD1,APPLIED,OUT_OF_SCOPE_UNCHANGED,本轮未重新核定，保持 public 基线
Ford Escort Sedan 2000-2002,SD1,SD1,APPLIED,OUT_OF_SCOPE_UNCHANGED,本轮未重新核定，保持 public 基线
Ford Escort ZX2 Coupe 1998-2003,SD1,SD1,APPLIED,OUT_OF_SCOPE_UNCHANGED,本轮未重新核定，保持 public 基线
Ford Excursion SUV 2000-2005,SU2,SU2,APPLIED,SUV_TAPER_REVIEW,详见 suv_audit.csv
Ford Expedition SUV 1997-2000,SU2,SU2,APPLIED,SUV_TAPER_REVIEW,详见 suv_audit.csv
Ford Expedition SUV 2001,SU2,SU2,APPLIED,SUV_TAPER_REVIEW,详见 suv_audit.csv
Ford Expedition SUV 2002,SU2,SU2,APPLIED,SUV_TAPER_REVIEW,详见 suv_audit.csv
Ford Expedition SUV 2003-2004,SU2,SU2,APPLIED,SUV_TAPER_REVIEW,详见 suv_audit.csv
Ford Expedition SUV 2005-2006,SU2,SU2,APPLIED,SUV_TAPER_REVIEW,详见 suv_audit.csv
Ford Expedition SUV 2007-2014,SU2,SU2,APPLIED,SUV_TAPER_REVIEW,详见 suv_audit.csv
Ford Expedition SUV 2015-2017,SU2,SU2,APPLIED,SUV_TAPER_REVIEW,详见 suv_audit.csv
Ford Expedition SUV 2018-2024,SU2,SU2,APPLIED,SUV_TAPER_REVIEW,详见 suv_audit.csv
Ford Expedition EL SUV 2007-2014,SU2,SU2,APPLIED,SUV_TAPER_REVIEW,详见 suv_audit.csv
Ford Expedition EL SUV 2015-2017,SU2,SU2,APPLIED,SUV_TAPER_REVIEW,详见 suv_audit.csv
Ford Expedition MAX SUV 2018-2021,SU2,SU2,APPLIED,SUV_TAPER_REVIEW,详见 suv_audit.csv
Ford Expedition MAX SUV 2022,SU2,SU2,APPLIED,SUV_TAPER_REVIEW,详见 suv_audit.csv
Ford Expedition MAX SUV 2023-2024,SU2,SU2,APPLIED,SUV_TAPER_REVIEW,详见 suv_audit.csv
Ford Expedition MAX SUV 2025-2026,SU2,SU2,APPLIED,SUV_TAPER_REVIEW,详见 suv_audit.csv
Ford Expedition Tremor SUV 2025-2026,SU2,SU2,APPLIED,SUV_TAPER_REVIEW,详见 suv_audit.csv
Ford Explorer SUV 1991-1994,SU2,SU2,APPLIED,SUV_TAPER_REVIEW,详见 suv_audit.csv
Ford Explorer SUV 1995-1997,SU2,SU2,APPLIED,SUV_TAPER_REVIEW,详见 suv_audit.csv
Ford Explorer SUV 1998,SU2,SU2,APPLIED,SUV_TAPER_REVIEW,详见 suv_audit.csv
Ford Explorer SUV 1999-2000,SU2,SU2,APPLIED,SUV_TAPER_REVIEW,详见 suv_audit.csv
Ford Explorer SUV 2001,SU2,SU2,APPLIED,SUV_TAPER_REVIEW,详见 suv_audit.csv
Ford Explorer SUV 2002,SU2,SU2,APPLIED,SUV_TAPER_REVIEW,详见 suv_audit.csv
Ford Explorer SUV 2003-2005,SU2,SU2,APPLIED,SUV_TAPER_REVIEW,详见 suv_audit.csv
Ford Explorer SUV 2006,SU2,SU2,APPLIED,SUV_TAPER_REVIEW,详见 suv_audit.csv
Ford Explorer SUV 2007-2010,SU2,SU2,APPLIED,SUV_TAPER_REVIEW,详见 suv_audit.csv
Ford Explorer SUV 2011-2015,SU1,SU1,APPLIED,SUV_TAPER_REVIEW,详见 suv_audit.csv
Ford Explorer SUV 2016-2018,SU1,SU1,APPLIED,SUV_TAPER_REVIEW,详见 suv_audit.csv
Ford Explorer SUV 2020-2024,SU1,SU1,APPLIED,SUV_TAPER_REVIEW,详见 suv_audit.csv
Ford Explorer SUV 2025,SU1,SU1,APPLIED,SUV_TAPER_REVIEW,详见 suv_audit.csv
Ford Explorer Sport Trac Pickup 2001-2005 Crew 4.2,P1,P1,APPLIED,OUT_OF_SCOPE_UNCHANGED,本轮未重新核定，保持 public 基线
Ford Explorer Timberline SUV 2023-2024,SU1,SU1,APPLIED,SUV_TAPER_REVIEW,详见 suv_audit.csv
Ford F-100 Pickup 1953-1956 Regular 6.5,P1,P1,APPLIED,OUT_OF_SCOPE_UNCHANGED,本轮未重新核定，保持 public 基线
Ford F-100 Pickup 1956 Regular 8,P1,P1,APPLIED,OUT_OF_SCOPE_UNCHANGED,本轮未重新核定，保持 public 基线
Ford F-100 Pickup 1957-1960 Regular 6.5,P1,P1,APPLIED,OUT_OF_SCOPE_UNCHANGED,本轮未重新核定，保持 public 基线
Ford F-100 Pickup 1957-1960 Regular 8,P1,P1,APPLIED,OUT_OF_SCOPE_UNCHANGED,本轮未重新核定，保持 public 基线
Ford F-100 Pickup 1961-1964 Regular 6.5,P0,P0,APPLIED,OUT_OF_SCOPE_UNCHANGED,本轮未重新核定，保持 public 基线
Ford F-100 Pickup 1961-1964 Regular 8,P0,P0,APPLIED,OUT_OF_SCOPE_UNCHANGED,本轮未重新核定，保持 public 基线
Ford F-100 Pickup 1965-1966 Regular 6.5,P0,P0,APPLIED,OUT_OF_SCOPE_UNCHANGED,本轮未重新核定，保持 public 基线
Ford F-100 Pickup 1965-1966 Regular 8,P0,P0,APPLIED,OUT_OF_SCOPE_UNCHANGED,本轮未重新核定，保持 public 基线
Ford F-100 Pickup 1967 Regular 6.5,P0,P0,APPLIED,OUT_OF_SCOPE_UNCHANGED,本轮未重新核定，保持 public 基线
Ford F-100 Pickup 1967 Regular 8,P0,P0,APPLIED,OUT_OF_SCOPE_UNCHANGED,本轮未重新核定，保持 public 基线
Ford F-100 Pickup 1968-1972 Regular 6.5,P0,P0,APPLIED,OUT_OF_SCOPE_UNCHANGED,本轮未重新核定，保持 public 基线
Ford F-100 Pickup 1968-1972 Regular 8,P0,P0,APPLIED,OUT_OF_SCOPE_UNCHANGED,本轮未重新核定，保持 public 基线
Ford F-100 Pickup 1973-1979 Regular 6.8,P0,P0,APPLIED,OUT_OF_SCOPE_UNCHANGED,本轮未重新核定，保持 public 基线
Ford F-100 Pickup 1973-1979 Regular 8,P0,P0,APPLIED,OUT_OF_SCOPE_UNCHANGED,本轮未重新核定，保持 public 基线
Ford F-100 Pickup 1974-1979 SuperCab 6.8,P0,P0,APPLIED,OUT_OF_SCOPE_UNCHANGED,本轮未重新核定，保持 public 基线
Ford F-100 Pickup 1974-1979 SuperCab 8,P0,P0,APPLIED,OUT_OF_SCOPE_UNCHANGED,本轮未重新核定，保持 public 基线
Ford F-100 Pickup 1980-1983 Regular 6.8,P0,P0,APPLIED,OUT_OF_SCOPE_UNCHANGED,本轮未重新核定，保持 public 基线
Ford F-100 Pickup 1980-1983 Regular 8,P0,P0,APPLIED,OUT_OF_SCOPE_UNCHANGED,本轮未重新核定，保持 public 基线
Ford F-150 Pickup 1992-1996 Regular 6.5,P0,P0,APPLIED,OUT_OF_SCOPE_UNCHANGED,本轮未重新核定，保持 public 基线
Ford F-150 Pickup 1992-1996 Regular 8,P0,P0,APPLIED,OUT_OF_SCOPE_UNCHANGED,本轮未重新核定，保持 public 基线
Ford F-150 Pickup 1992-1996 SuperCab 8,P0,P0,APPLIED,OUT_OF_SCOPE_UNCHANGED,本轮未重新核定，保持 public 基线
Ford F-150 Pickup 1994-1995 SuperCab 6.5,P0,P0,APPLIED,OUT_OF_SCOPE_UNCHANGED,本轮未重新核定，保持 public 基线
Ford F-150 Pickup 1997-1998 Regular 6.5,P0,P0,APPLIED,OUT_OF_SCOPE_UNCHANGED,本轮未重新核定，保持 public 基线
Ford F-150 Pickup 1997-1998 Regular 8,P0,P0,APPLIED,OUT_OF_SCOPE_UNCHANGED,本轮未重新核定，保持 public 基线
Ford F-150 Pickup 1997-1998 SuperCab 6.5,P0,P0,APPLIED,OUT_OF_SCOPE_UNCHANGED,本轮未重新核定，保持 public 基线
Ford F-150 Pickup 1997-1998 SuperCab 8,P0,P0,APPLIED,OUT_OF_SCOPE_UNCHANGED,本轮未重新核定，保持 public 基线
Ford F-150 Pickup 1999-2003 Regular 6.5,P0,P0,APPLIED,OUT_OF_SCOPE_UNCHANGED,本轮未重新核定，保持 public 基线
Ford F-150 Pickup 1999-2003 Regular 8,P0,P0,APPLIED,OUT_OF_SCOPE_UNCHANGED,本轮未重新核定，保持 public 基线
Ford F-150 Pickup 1999-2003 SuperCab 6.5,P0,P0,APPLIED,OUT_OF_SCOPE_UNCHANGED,本轮未重新核定，保持 public 基线
Ford F-150 Pickup 2001-2002 SuperCrew 5.5,P0,P0,APPLIED,OUT_OF_SCOPE_UNCHANGED,本轮未重新核定，保持 public 基线
Ford F-150 Pickup 2004-2008 Regular 6.5,P0,P0,APPLIED,OUT_OF_SCOPE_UNCHANGED,本轮未重新核定，保持 public 基线
Ford F-150 Pickup 2004-2008 Regular 8,P0,P0,APPLIED,OUT_OF_SCOPE_UNCHANGED,本轮未重新核定，保持 public 基线
Ford F-150 Pickup 2004-2008 SuperCab 6.5,P0,P0,APPLIED,OUT_OF_SCOPE_UNCHANGED,本轮未重新核定，保持 public 基线
Ford F-150 Pickup 2004-2008 SuperCrew 5.5,P0,P0,APPLIED,OUT_OF_SCOPE_UNCHANGED,本轮未重新核定，保持 public 基线
Ford F-150 Pickup 2009-2013 SuperCrew 5.5,P0,P0,APPLIED,OUT_OF_SCOPE_UNCHANGED,本轮未重新核定，保持 public 基线
Ford F-150 Pickup 2009-2014 Regular 6.5,P0,P0,APPLIED,OUT_OF_SCOPE_UNCHANGED,本轮未重新核定，保持 public 基线
Ford F-150 Pickup 2009-2014 Regular 8,P0,P0,APPLIED,OUT_OF_SCOPE_UNCHANGED,本轮未重新核定，保持 public 基线
Ford F-150 Pickup 2009-2014 SuperCab 6.5,P0,P0,APPLIED,OUT_OF_SCOPE_UNCHANGED,本轮未重新核定，保持 public 基线
Ford F-150 Pickup 2009-2014 SuperCab 8,P0,P0,APPLIED,OUT_OF_SCOPE_UNCHANGED,本轮未重新核定，保持 public 基线
Ford F-150 Pickup 2009-2014 SuperCrew 6.5,P0,P0,APPLIED,OUT_OF_SCOPE_UNCHANGED,本轮未重新核定，保持 public 基线
Ford F-150 Pickup 2015-2018 SuperCrew 5.5,P0,P0,APPLIED,OUT_OF_SCOPE_UNCHANGED,本轮未重新核定，保持 public 基线
Ford F-150 Pickup 2015-2020 Regular 6.5,P0,P0,APPLIED,OUT_OF_SCOPE_UNCHANGED,本轮未重新核定，保持 public 基线
Ford F-150 Pickup 2015-2020 Regular 8,P0,P0,APPLIED,OUT_OF_SCOPE_UNCHANGED,本轮未重新核定，保持 public 基线
Ford F-150 Pickup 2015-2020 SuperCab 6.5,P0,P0,APPLIED,OUT_OF_SCOPE_UNCHANGED,本轮未重新核定，保持 public 基线
Ford F-150 Pickup 2015-2020 SuperCab 8,P0,P0,APPLIED,OUT_OF_SCOPE_UNCHANGED,本轮未重新核定，保持 public 基线
Ford F-150 Pickup 2015-2020 SuperCrew 6.5,P0,P0,APPLIED,OUT_OF_SCOPE_UNCHANGED,本轮未重新核定，保持 public 基线
Ford F-150 Pickup 2021-2023 Regular 6.5,P0,P0,APPLIED,OUT_OF_SCOPE_UNCHANGED,本轮未重新核定，保持 public 基线
Ford F-150 Pickup 2021-2023 Regular 8,P0,P0,APPLIED,OUT_OF_SCOPE_UNCHANGED,本轮未重新核定，保持 public 基线
Ford F-150 Pickup 2021-2023 SuperCab 6.5,P0,P0,APPLIED,OUT_OF_SCOPE_UNCHANGED,本轮未重新核定，保持 public 基线
Ford F-150 Pickup 2021-2023 SuperCab 8,P0,P0,APPLIED,OUT_OF_SCOPE_UNCHANGED,本轮未重新核定，保持 public 基线
Ford F-150 Pickup 2021-2023 SuperCrew 5.5,P0,P0,APPLIED,OUT_OF_SCOPE_UNCHANGED,本轮未重新核定，保持 public 基线
Ford F-150 Pickup 2021-2023 SuperCrew 6.5,P0,P0,APPLIED,OUT_OF_SCOPE_UNCHANGED,本轮未重新核定，保持 public 基线
Ford F-150 Pickup 2024-2026 Regular 6.5,P0,P0,APPLIED,OUT_OF_SCOPE_UNCHANGED,本轮未重新核定，保持 public 基线
Ford F-150 Pickup 2024-2026 Regular 8,P0,P0,APPLIED,OUT_OF_SCOPE_UNCHANGED,本轮未重新核定，保持 public 基线
Ford F-150 Pickup 2024-2026 SuperCab 6.5,P0,P0,APPLIED,OUT_OF_SCOPE_UNCHANGED,本轮未重新核定，保持 public 基线
Ford F-150 Pickup 2024-2026 SuperCrew 5.5,P0,P0,APPLIED,OUT_OF_SCOPE_UNCHANGED,本轮未重新核定，保持 public 基线
Ford F-150 Pickup 2024-2026 SuperCrew 6.5,P0,P0,APPLIED,OUT_OF_SCOPE_UNCHANGED,本轮未重新核定，保持 public 基线
Ford F-150 Lightning Pickup 2022-2025 SuperCrew 5.5,P0,P0,APPLIED,OUT_OF_SCOPE_UNCHANGED,本轮未重新核定，保持 public 基线
Ford F-150 Raptor Pickup 2010-2014 SuperCab 5.5,P2,P2,APPLIED,OUT_OF_SCOPE_UNCHANGED,本轮未重新核定，保持 public 基线
Ford F-150 Raptor Pickup 2011-2014 SuperCrew 5.5,P2,P2,APPLIED,OUT_OF_SCOPE_UNCHANGED,本轮未重新核定，保持 public 基线
Ford F-150 Raptor Pickup 2017-2020 SuperCab 5.5,P2,P2,APPLIED,OUT_OF_SCOPE_UNCHANGED,本轮未重新核定，保持 public 基线
Ford F-150 Raptor Pickup 2017-2020 SuperCrew 5.5,P2,P2,APPLIED,OUT_OF_SCOPE_UNCHANGED,本轮未重新核定，保持 public 基线
Ford F-150 Raptor Pickup 2021-2026 SuperCrew 5.5,P2,P2,APPLIED,OUT_OF_SCOPE_UNCHANGED,本轮未重新核定，保持 public 基线
Ford F-150 Raptor R Pickup 2023-2026 SuperCrew 5.5,P2,P2,APPLIED,OUT_OF_SCOPE_UNCHANGED,本轮未重新核定，保持 public 基线
Ford F-150 Tremor Pickup 2021-2026 SuperCrew 5.5,P0,P0,APPLIED,OUT_OF_SCOPE_UNCHANGED,本轮未重新核定，保持 public 基线
Ford F-250/F-350 Super Duty Pickup 1999-2000 SuperCab 8,P1,P1,APPLIED,OUT_OF_SCOPE_UNCHANGED,本轮未重新核定，保持 public 基线
Ford F-250/F-350 Super Duty Pickup 1999-2007 Crew 6.8,P1,P1,APPLIED,OUT_OF_SCOPE_UNCHANGED,本轮未重新核定，保持 public 基线
Ford F-250/F-350 Super Duty Pickup 1999-2007 Crew 8,P1,P1,APPLIED,OUT_OF_SCOPE_UNCHANGED,本轮未重新核定，保持 public 基线
Ford F-250/F-350 Super Duty Pickup 1999-2007 Regular 8,P1,P1,APPLIED,OUT_OF_SCOPE_UNCHANGED,本轮未重新核定，保持 public 基线
Ford F-250/F-350 Super Duty Pickup 1999-2007 SuperCab 6.8,P1,P1,APPLIED,OUT_OF_SCOPE_UNCHANGED,本轮未重新核定，保持 public 基线
Ford F-250/F-350 Super Duty Pickup 2001-2004 SuperCab 8,P1,P1,APPLIED,OUT_OF_SCOPE_UNCHANGED,本轮未重新核定，保持 public 基线
Ford F-250/F-350 Super Duty Pickup 2005-2007 SuperCab 8,P1,P1,APPLIED,OUT_OF_SCOPE_UNCHANGED,本轮未重新核定，保持 public 基线
Ford F-250/F-350 Super Duty Pickup 2008-2010 Crew 6.8,P1,P1,APPLIED,OUT_OF_SCOPE_UNCHANGED,本轮未重新核定，保持 public 基线
Ford F-250/F-350 Super Duty Pickup 2008-2010 Crew 8,P1,P1,APPLIED,OUT_OF_SCOPE_UNCHANGED,本轮未重新核定，保持 public 基线
Ford F-250/F-350 Super Duty Pickup 2008-2010 Regular 8,P1,P1,APPLIED,OUT_OF_SCOPE_UNCHANGED,本轮未重新核定，保持 public 基线
Ford F-250/F-350 Super Duty Pickup 2008-2010 SuperCab 6.8,P1,P1,APPLIED,OUT_OF_SCOPE_UNCHANGED,本轮未重新核定，保持 public 基线
Ford F-250/F-350 Super Duty Pickup 2008-2010 SuperCab 8,P1,P1,APPLIED,OUT_OF_SCOPE_UNCHANGED,本轮未重新核定，保持 public 基线
Ford F-250/F-350 Super Duty Pickup 2011-2016 Crew 6.8,P1,P1,APPLIED,OUT_OF_SCOPE_UNCHANGED,本轮未重新核定，保持 public 基线
Ford F-250/F-350 Super Duty Pickup 2011-2016 Crew 8,P1,P1,APPLIED,OUT_OF_SCOPE_UNCHANGED,本轮未重新核定，保持 public 基线
Ford F-250/F-350 Super Duty Pickup 2011-2016 Regular 8,P1,P1,APPLIED,OUT_OF_SCOPE_UNCHANGED,本轮未重新核定，保持 public 基线
Ford F-250/F-350 Super Duty Pickup 2011-2016 SuperCab 6.8,P1,P1,APPLIED,OUT_OF_SCOPE_UNCHANGED,本轮未重新核定，保持 public 基线
Ford F-250/F-350 Super Duty Pickup 2011-2016 SuperCab 8,P1,P1,APPLIED,OUT_OF_SCOPE_UNCHANGED,本轮未重新核定，保持 public 基线
Ford F-250/F-350 Super Duty Pickup 2017-2022 Crew 6.8,P1,P1,APPLIED,OUT_OF_SCOPE_UNCHANGED,本轮未重新核定，保持 public 基线
Ford F-250/F-350 Super Duty Pickup 2017-2022 Crew 8,P1,P1,APPLIED,OUT_OF_SCOPE_UNCHANGED,本轮未重新核定，保持 public 基线
Ford F-250/F-350 Super Duty Pickup 2017-2022 Regular 8,P1,P1,APPLIED,OUT_OF_SCOPE_UNCHANGED,本轮未重新核定，保持 public 基线
Ford F-250/F-350 Super Duty Pickup 2017-2022 SuperCab 6.8,P1,P1,APPLIED,OUT_OF_SCOPE_UNCHANGED,本轮未重新核定，保持 public 基线
Ford F-250/F-350 Super Duty Pickup 2017-2022 SuperCab 8,P1,P1,APPLIED,OUT_OF_SCOPE_UNCHANGED,本轮未重新核定，保持 public 基线
Ford F-250/F-350 Super Duty Pickup 2023-2026 Crew 6.8,P1,P1,APPLIED,OUT_OF_SCOPE_UNCHANGED,本轮未重新核定，保持 public 基线
Ford F-250/F-350 Super Duty Pickup 2023-2026 Crew 8,P1,P1,APPLIED,OUT_OF_SCOPE_UNCHANGED,本轮未重新核定，保持 public 基线
Ford F-250/F-350 Super Duty Pickup 2023-2026 Regular 8,P1,P1,APPLIED,OUT_OF_SCOPE_UNCHANGED,本轮未重新核定，保持 public 基线
Ford F-250/F-350 Super Duty Pickup 2023-2026 SuperCab 6.8,P1,P1,APPLIED,OUT_OF_SCOPE_UNCHANGED,本轮未重新核定，保持 public 基线
Ford F-250/F-350 Super Duty Pickup 2023-2026 SuperCab 8,P1,P1,APPLIED,OUT_OF_SCOPE_UNCHANGED,本轮未重新核定，保持 public 基线
Ford F-350 Super Duty DRW Pickup 1999-2004 Crew 8,DUAL,DUAL,APPLIED,OUT_OF_SCOPE_UNCHANGED,本轮未重新核定，保持 public 基线
Ford F-350 Super Duty DRW Pickup 1999-2007 Regular 8,DUAL,DUAL,APPLIED,OUT_OF_SCOPE_UNCHANGED,本轮未重新核定，保持 public 基线
Ford F-350 Super Duty DRW Pickup 2005 Crew 8,DUAL,DUAL,APPLIED,OUT_OF_SCOPE_UNCHANGED,本轮未重新核定，保持 public 基线
Ford F-350 Super Duty DRW Pickup 2006-2007 Crew 8,DUAL,DUAL,APPLIED,OUT_OF_SCOPE_UNCHANGED,本轮未重新核定，保持 public 基线
Ford F-350 Super Duty DRW Pickup 2008-2010 Crew 8,DUAL,DUAL,APPLIED,OUT_OF_SCOPE_UNCHANGED,本轮未重新核定，保持 public 基线
Ford F-350 Super Duty DRW Pickup 2008-2010 Regular 8,DUAL,DUAL,APPLIED,OUT_OF_SCOPE_UNCHANGED,本轮未重新核定，保持 public 基线
Ford F-350 Super Duty DRW Pickup 2011-2016 Crew 8,DUAL,DUAL,APPLIED,OUT_OF_SCOPE_UNCHANGED,本轮未重新核定，保持 public 基线
Ford F-350 Super Duty DRW Pickup 2011-2016 Regular 8,DUAL,DUAL,APPLIED,OUT_OF_SCOPE_UNCHANGED,本轮未重新核定，保持 public 基线
Ford F-350 Super Duty DRW Pickup 2017-2019 Crew 8,DUAL,DUAL,APPLIED,OUT_OF_SCOPE_UNCHANGED,本轮未重新核定，保持 public 基线
Ford F-350 Super Duty DRW Pickup 2017-2022 Regular 8,DUAL,DUAL,APPLIED,OUT_OF_SCOPE_UNCHANGED,本轮未重新核定，保持 public 基线
Ford F-350 Super Duty DRW Pickup 2020-2022 Crew 8,DUAL,DUAL,APPLIED,OUT_OF_SCOPE_UNCHANGED,本轮未重新核定，保持 public 基线
Ford F-350 Super Duty DRW Pickup 2023-2026 Crew 8,DUAL,DUAL,APPLIED,OUT_OF_SCOPE_UNCHANGED,本轮未重新核定，保持 public 基线
Ford F-350 Super Duty DRW Pickup 2023-2026 Regular 8,DUAL,DUAL,APPLIED,OUT_OF_SCOPE_UNCHANGED,本轮未重新核定，保持 public 基线
Ford Fiesta Hatchback 2011,H0,H0,APPLIED,OUT_OF_SCOPE_UNCHANGED,本轮未重新核定，保持 public 基线
Ford Fiesta Sedan 2011,SD1,SD1,APPLIED,OUT_OF_SCOPE_UNCHANGED,本轮未重新核定，保持 public 基线
Ford Fiesta Hatchback 2012-2013,H0,H0,APPLIED,OUT_OF_SCOPE_UNCHANGED,本轮未重新核定，保持 public 基线
Ford Fiesta Sedan 2012-2019,SD1,SD1,APPLIED,OUT_OF_SCOPE_UNCHANGED,本轮未重新核定，保持 public 基线
Ford Fiesta ST Hatchback 2014-2017,H0,H0,APPLIED,OUT_OF_SCOPE_UNCHANGED,本轮未重新核定，保持 public 基线
Ford Fiesta ST Hatchback 2018-2019,H0,H0,APPLIED,OUT_OF_SCOPE_UNCHANGED,本轮未重新核定，保持 public 基线
Ford Five Hundred Sedan 2005-2007,SD1,SD1,APPLIED,OUT_OF_SCOPE_UNCHANGED,本轮未重新核定，保持 public 基线
Ford Flex Crossover 2009-2019,SU2,SU2,APPLIED,SUV_TAPER_REVIEW,详见 suv_audit.csv
Ford Focus Wagon 2000,H2,H2,APPLIED,OUT_OF_SCOPE_UNCHANGED,本轮未重新核定，保持 public 基线
Ford Focus Sedan 2000-2004,SD1,SD1,APPLIED,OUT_OF_SCOPE_UNCHANGED,本轮未重新核定，保持 public 基线
Ford Focus Wagon 2001-2004,H2,H2,APPLIED,OUT_OF_SCOPE_UNCHANGED,本轮未重新核定，保持 public 基线
Ford Focus Sedan 2005-2007,SD1,SD1,APPLIED,OUT_OF_SCOPE_UNCHANGED,本轮未重新核定，保持 public 基线
Ford Focus Wagon 2005-2007,H2,H2,APPLIED,OUT_OF_SCOPE_UNCHANGED,本轮未重新核定，保持 public 基线
Ford Focus Coupe 2008-2011,SD1,SD1,APPLIED,OUT_OF_SCOPE_UNCHANGED,本轮未重新核定，保持 public 基线
Ford Focus Sedan 2008-2011,SD1,SD1,APPLIED,OUT_OF_SCOPE_UNCHANGED,本轮未重新核定，保持 public 基线
Ford Focus Sedan 2012-2017,SD1,SD1,APPLIED,OUT_OF_SCOPE_UNCHANGED,本轮未重新核定，保持 public 基线
Ford Focus Hatchback 2012-2018,H0,H0,APPLIED,OUT_OF_SCOPE_UNCHANGED,本轮未重新核定，保持 public 基线
Ford Focus Sedan 2018,SD1,SD1,APPLIED,OUT_OF_SCOPE_UNCHANGED,本轮未重新核定，保持 public 基线
Ford Focus RS Hatchback 2016-2018,H0,H0,APPLIED,OUT_OF_SCOPE_UNCHANGED,本轮未重新核定，保持 public 基线
Ford Focus ZX3/ZX5 Hatchback 2000-2002,H0,H0,APPLIED,OUT_OF_SCOPE_UNCHANGED,本轮未重新核定，保持 public 基线
Ford Focus ZX3/ZX5 Hatchback 2003-2004,H0,H0,APPLIED,OUT_OF_SCOPE_UNCHANGED,本轮未重新核定，保持 public 基线
Ford Focus ZX3/ZX5 Hatchback 2005-2007,H0,H0,APPLIED,OUT_OF_SCOPE_UNCHANGED,本轮未重新核定，保持 public 基线
Ford Freestyle Crossover 2005-2007,H2,H2,APPLIED,SUV_TAPER_REVIEW,详见 suv_audit.csv
Ford Fusion Sedan 2006-2009,SD1,SD1,APPLIED,OUT_OF_SCOPE_UNCHANGED,本轮未重新核定，保持 public 基线
Ford Fusion Sedan 2010-2012,SD1,SD1,APPLIED,OUT_OF_SCOPE_UNCHANGED,本轮未重新核定，保持 public 基线
Ford Fusion Sedan 2013-2020,SD1,SD1,APPLIED,OUT_OF_SCOPE_UNCHANGED,本轮未重新核定，保持 public 基线
Ford GT Coupe 2005-2006,SD0,SD0,APPLIED,OUT_OF_SCOPE_UNCHANGED,本轮未重新核定，保持 public 基线
Ford GT Coupe 2017-2022,SD0,SD0,APPLIED,OUT_OF_SCOPE_UNCHANGED,本轮未重新核定，保持 public 基线
Ford Maverick Pickup 2022-2026 SuperCrew 4.5,P1,P1,APPLIED,OUT_OF_SCOPE_UNCHANGED,本轮未重新核定，保持 public 基线
Ford Maverick Lobo Pickup 2025-2026 SuperCrew 4.5,P1,P1,APPLIED,OUT_OF_SCOPE_UNCHANGED,本轮未重新核定，保持 public 基线
Ford Maverick Tremor Pickup 2023-2026 SuperCrew 4.5,P1,P1,APPLIED,OUT_OF_SCOPE_UNCHANGED,本轮未重新核定，保持 public 基线
Ford Mustang Convertible 1965-1966,SD0,SD0,APPLIED,OUT_OF_SCOPE_UNCHANGED,本轮未重新核定，保持 public 基线
Ford Mustang Coupe 1965-1966,SD0,SD0,APPLIED,OUT_OF_SCOPE_UNCHANGED,本轮未重新核定，保持 public 基线
Ford Mustang Convertible 1967-1968,SD0,SD0,APPLIED,OUT_OF_SCOPE_UNCHANGED,本轮未重新核定，保持 public 基线
Ford Mustang Coupe 1967-1968,SD0,SD0,APPLIED,OUT_OF_SCOPE_UNCHANGED,本轮未重新核定，保持 public 基线
Ford Mustang Fastback 1967-1968,SD0,SD0,APPLIED,OUT_OF_SCOPE_UNCHANGED,本轮未重新核定，保持 public 基线
Ford Mustang Convertible 1969,SD0,SD0,APPLIED,OUT_OF_SCOPE_UNCHANGED,本轮未重新核定，保持 public 基线
Ford Mustang Fastback 1969,SD0,SD0,APPLIED,OUT_OF_SCOPE_UNCHANGED,本轮未重新核定，保持 public 基线
Ford Mustang Convertible 1970,SD0,SD0,APPLIED,OUT_OF_SCOPE_UNCHANGED,本轮未重新核定，保持 public 基线
Ford Mustang Fastback 1970,SD0,SD0,APPLIED,OUT_OF_SCOPE_UNCHANGED,本轮未重新核定，保持 public 基线
Ford Mustang Convertible 1971-1972,SD0,SD0,APPLIED,OUT_OF_SCOPE_UNCHANGED,本轮未重新核定，保持 public 基线
Ford Mustang Coupe 1971-1972,SD0,SD0,APPLIED,OUT_OF_SCOPE_UNCHANGED,本轮未重新核定，保持 public 基线
Ford Mustang Fastback 1971-1972,SD0,SD0,APPLIED,OUT_OF_SCOPE_UNCHANGED,本轮未重新核定，保持 public 基线
Ford Mustang Convertible 1973,SD0,SD0,APPLIED,OUT_OF_SCOPE_UNCHANGED,本轮未重新核定，保持 public 基线
Ford Mustang Coupe 1973,SD0,SD0,APPLIED,OUT_OF_SCOPE_UNCHANGED,本轮未重新核定，保持 public 基线
Ford Mustang Fastback 1973,SD0,SD0,APPLIED,OUT_OF_SCOPE_UNCHANGED,本轮未重新核定，保持 public 基线
Ford Mustang Coupe 1974-1978,SD0,SD0,APPLIED,OUT_OF_SCOPE_UNCHANGED,本轮未重新核定，保持 public 基线
Ford Mustang Hatchback 1974-1978,SD0,SD0,APPLIED,OUT_OF_SCOPE_UNCHANGED,本轮未重新核定，保持 public 基线
Ford Mustang Coupe 1979-1986,SD0,SD0,APPLIED,OUT_OF_SCOPE_UNCHANGED,本轮未重新核定，保持 public 基线
Ford Mustang Hatchback 1979-1986,SD0,SD0,APPLIED,OUT_OF_SCOPE_UNCHANGED,本轮未重新核定，保持 public 基线
Ford Mustang Convertible 1987-1993,SD0,SD0,APPLIED,OUT_OF_SCOPE_UNCHANGED,本轮未重新核定，保持 public 基线
Ford Mustang Hatchback 1987-1993,SD0,SD0,APPLIED,OUT_OF_SCOPE_UNCHANGED,本轮未重新核定，保持 public 基线
Ford Mustang Convertible 1994-1998,SD0,SD0,APPLIED,OUT_OF_SCOPE_UNCHANGED,本轮未重新核定，保持 public 基线
Ford Mustang Coupe 1994-1998,SD0,SD0,APPLIED,OUT_OF_SCOPE_UNCHANGED,本轮未重新核定，保持 public 基线
Ford Mustang Convertible 1999-2004,SD0,SD0,APPLIED,OUT_OF_SCOPE_UNCHANGED,本轮未重新核定，保持 public 基线
Ford Mustang Coupe 1999-2004,SD0,SD0,APPLIED,OUT_OF_SCOPE_UNCHANGED,本轮未重新核定，保持 public 基线
Ford Mustang Convertible 2005,SD0,SD0,APPLIED,OUT_OF_SCOPE_UNCHANGED,本轮未重新核定，保持 public 基线
Ford Mustang Coupe 2005,SD0,SD0,APPLIED,OUT_OF_SCOPE_UNCHANGED,本轮未重新核定，保持 public 基线
Ford Mustang Convertible 2006-2007,SD0,SD0,APPLIED,OUT_OF_SCOPE_UNCHANGED,本轮未重新核定，保持 public 基线
Ford Mustang Coupe 2006-2007,SD0,SD0,APPLIED,OUT_OF_SCOPE_UNCHANGED,本轮未重新核定，保持 public 基线
Ford Mustang Convertible 2008,SD0,SD0,APPLIED,OUT_OF_SCOPE_UNCHANGED,本轮未重新核定，保持 public 基线
Ford Mustang Coupe 2008,SD0,SD0,APPLIED,OUT_OF_SCOPE_UNCHANGED,本轮未重新核定，保持 public 基线
Ford Mustang Convertible 2009,SD0,SD0,APPLIED,OUT_OF_SCOPE_UNCHANGED,本轮未重新核定，保持 public 基线
Ford Mustang Coupe 2009,SD0,SD0,APPLIED,OUT_OF_SCOPE_UNCHANGED,本轮未重新核定，保持 public 基线
Ford Mustang Coupe 2010-2011,SD0,SD0,APPLIED,OUT_OF_SCOPE_UNCHANGED,本轮未重新核定，保持 public 基线
Ford Mustang Convertible 2010-2012,SD0,SD0,APPLIED,OUT_OF_SCOPE_UNCHANGED,本轮未重新核定，保持 public 基线
Ford Mustang Coupe 2012-2013,SD0,SD0,APPLIED,OUT_OF_SCOPE_UNCHANGED,本轮未重新核定，保持 public 基线
Ford Mustang Convertible 2013,SD0,SD0,APPLIED,OUT_OF_SCOPE_UNCHANGED,本轮未重新核定，保持 public 基线
Ford Mustang Convertible 2014,SD0,SD0,APPLIED,OUT_OF_SCOPE_UNCHANGED,本轮未重新核定，保持 public 基线
Ford Mustang Coupe 2014,SD0,SD0,APPLIED,OUT_OF_SCOPE_UNCHANGED,本轮未重新核定，保持 public 基线
Ford Mustang Convertible 2015-2020,SD0,SD0,APPLIED,OUT_OF_SCOPE_UNCHANGED,本轮未重新核定，保持 public 基线
Ford Mustang Coupe 2015-2020,SD0,SD0,APPLIED,OUT_OF_SCOPE_UNCHANGED,本轮未重新核定，保持 public 基线
Ford Mustang Convertible 2021-2023,SD0,SD0,APPLIED,OUT_OF_SCOPE_UNCHANGED,本轮未重新核定，保持 public 基线
Ford Mustang Coupe 2021-2023,SD0,SD0,APPLIED,OUT_OF_SCOPE_UNCHANGED,本轮未重新核定，保持 public 基线
Ford Mustang Convertible 2024-2026,SD0,SD0,APPLIED,OUT_OF_SCOPE_UNCHANGED,本轮未重新核定，保持 public 基线
Ford Mustang Coupe 2024-2026,SD0,SD0,APPLIED,OUT_OF_SCOPE_UNCHANGED,本轮未重新核定，保持 public 基线
Ford Mustang Dark Horse Coupe 2024-2026,SD0,SD0,APPLIED,OUT_OF_SCOPE_UNCHANGED,本轮未重新核定，保持 public 基线
Ford Mustang Hardtop Coupe 1969,SD0,SD0,APPLIED,OUT_OF_SCOPE_UNCHANGED,本轮未重新核定，保持 public 基线
Ford Mustang Mach 1 Coupe 2003-2004,SD0,SD0,APPLIED,OUT_OF_SCOPE_UNCHANGED,本轮未重新核定，保持 public 基线
Ford Mustang Notchback Coupe 1987-1993,SD0,SD0,APPLIED,OUT_OF_SCOPE_UNCHANGED,本轮未重新核定，保持 public 基线
Ford Mustang SVO Coupe 1984,SD0,SD0,APPLIED,OUT_OF_SCOPE_UNCHANGED,本轮未重新核定，保持 public 基线
Ford Mustang SVO Coupe 1985-1986,SD0,SD0,APPLIED,OUT_OF_SCOPE_UNCHANGED,本轮未重新核定，保持 public 基线
Ford Mustang SVT Cobra Coupe 2003-2004,SD0,SD0,APPLIED,OUT_OF_SCOPE_UNCHANGED,本轮未重新核定，保持 public 基线
Ford Mustang SportsRoof Coupe 1969,SD0,SD0,APPLIED,OUT_OF_SCOPE_UNCHANGED,本轮未重新核定，保持 public 基线
Ford Mustang Mach-E SUV 2021-2022,SU0,SU0,APPLIED,SUV_TAPER_REVIEW,详见 suv_audit.csv
Ford Mustang Mach-E SUV 2023-2025,SU0,SU0,APPLIED,SUV_TAPER_REVIEW,详见 suv_audit.csv
Ford Mustang Mach-E SUV 2026,SU0,SU0,APPLIED,SUV_TAPER_REVIEW,详见 suv_audit.csv
Ford Mustang Mach-E Rally Crossover 2024-2026,SU0,SU0,APPLIED,SUV_TAPER_REVIEW,详见 suv_audit.csv
Ford Ranger Pickup 1993-1997 Regular 6,P1,P1,APPLIED,OUT_OF_SCOPE_UNCHANGED,本轮未重新核定，保持 public 基线
Ford Ranger Pickup 1993-1997 SuperCab 6,P1,P1,APPLIED,OUT_OF_SCOPE_UNCHANGED,本轮未重新核定，保持 public 基线
Ford Ranger Pickup 1998-2011 Regular 6,P1,P1,APPLIED,OUT_OF_SCOPE_UNCHANGED,本轮未重新核定，保持 public 基线
Ford Ranger Pickup 1998-2011 SuperCab 6,P1,P1,APPLIED,OUT_OF_SCOPE_UNCHANGED,本轮未重新核定，保持 public 基线
Ford Ranger Pickup 1998-2011 SuperCab 7,P1,P1,APPLIED,OUT_OF_SCOPE_UNCHANGED,本轮未重新核定，保持 public 基线
Ford Ranger Pickup 2019-2023 SuperCrew 5,P1,P1,APPLIED,OUT_OF_SCOPE_UNCHANGED,本轮未重新核定，保持 public 基线
Ford Ranger Pickup 2024-2026 SuperCrew 5,P1,P1,APPLIED,OUT_OF_SCOPE_UNCHANGED,本轮未重新核定，保持 public 基线
Ford Ranger Raptor Pickup 2024-2026 SuperCrew 5,P2,P2,APPLIED,OUT_OF_SCOPE_UNCHANGED,本轮未重新核定，保持 public 基线
Ford Taurus Sedan 1986-1991,SD1,SD1,APPLIED,OUT_OF_SCOPE_UNCHANGED,本轮未重新核定，保持 public 基线
Ford Taurus Wagon 1986-1991,H2,H2,APPLIED,OUT_OF_SCOPE_UNCHANGED,本轮未重新核定，保持 public 基线
Ford Taurus Sedan 1992-1995,SD1,SD1,APPLIED,OUT_OF_SCOPE_UNCHANGED,本轮未重新核定，保持 public 基线
Ford Taurus Wagon 1992-1995,H2,H2,APPLIED,OUT_OF_SCOPE_UNCHANGED,本轮未重新核定，保持 public 基线
Ford Taurus Wagon 1996,H2,H2,APPLIED,OUT_OF_SCOPE_UNCHANGED,本轮未重新核定，保持 public 基线
Ford Taurus Sedan 1996-1999,SD1,SD1,APPLIED,OUT_OF_SCOPE_UNCHANGED,本轮未重新核定，保持 public 基线
Ford Taurus Wagon 1997-1999,H2,H2,APPLIED,OUT_OF_SCOPE_UNCHANGED,本轮未重新核定，保持 public 基线
Ford Taurus Wagon 2000-2005,H2,H2,APPLIED,OUT_OF_SCOPE_UNCHANGED,本轮未重新核定，保持 public 基线
Ford Taurus Sedan 2000-2007,SD1,SD1,APPLIED,OUT_OF_SCOPE_UNCHANGED,本轮未重新核定，保持 public 基线
Ford Taurus Sedan 2008-2009,SD1,SD1,APPLIED,OUT_OF_SCOPE_UNCHANGED,本轮未重新核定，保持 public 基线
Ford Taurus SHO Sedan 2010-2019,SD1,SD1,APPLIED,OUT_OF_SCOPE_UNCHANGED,本轮未重新核定，保持 public 基线
Ford Thunderbird Convertible 1955,SD0,SD0,APPLIED,OUT_OF_SCOPE_UNCHANGED,本轮未重新核定，保持 public 基线
Ford Thunderbird Convertible 1956,SD0,SD0,APPLIED,OUT_OF_SCOPE_UNCHANGED,本轮未重新核定，保持 public 基线
Ford Thunderbird Convertible 1957,SD0,SD0,APPLIED,OUT_OF_SCOPE_UNCHANGED,本轮未重新核定，保持 public 基线
Ford Thunderbird Convertible 1958-1960,SD2,SD2,APPLIED,OUT_OF_SCOPE_UNCHANGED,本轮未重新核定，保持 public 基线
Ford Thunderbird Coupe 1958-1960,SD2,SD2,APPLIED,OUT_OF_SCOPE_UNCHANGED,本轮未重新核定，保持 public 基线
Ford Thunderbird Convertible 1961-1963,SD2,SD2,APPLIED,OUT_OF_SCOPE_UNCHANGED,本轮未重新核定，保持 public 基线
Ford Thunderbird Coupe 1961-1963,SD2,SD2,APPLIED,OUT_OF_SCOPE_UNCHANGED,本轮未重新核定，保持 public 基线
Ford Thunderbird Convertible 1964-1966,SD2,SD2,APPLIED,OUT_OF_SCOPE_UNCHANGED,本轮未重新核定，保持 public 基线
Ford Thunderbird Coupe 1964-1966,SD2,SD2,APPLIED,OUT_OF_SCOPE_UNCHANGED,本轮未重新核定，保持 public 基线
Ford Thunderbird Coupe 1972-1976,SD2,SD2,APPLIED,OUT_OF_SCOPE_UNCHANGED,本轮未重新核定，保持 public 基线
Ford Thunderbird Coupe 1977-1979,SD2,SD2,APPLIED,OUT_OF_SCOPE_UNCHANGED,本轮未重新核定，保持 public 基线
Ford Thunderbird Coupe 1980-1982,SD2,SD2,APPLIED,OUT_OF_SCOPE_UNCHANGED,本轮未重新核定，保持 public 基线
Ford Thunderbird Coupe 1983-1986,SD0,SD0,APPLIED,OUT_OF_SCOPE_UNCHANGED,本轮未重新核定，保持 public 基线
Ford Thunderbird Coupe 1989-1993,SD0,SD0,APPLIED,OUT_OF_SCOPE_UNCHANGED,本轮未重新核定，保持 public 基线
Ford Thunderbird Coupe 1996-1997,SD0,SD0,APPLIED,OUT_OF_SCOPE_UNCHANGED,本轮未重新核定，保持 public 基线
Ford Thunderbird Coupe 2002-2005,SD0,SD0,APPLIED,OUT_OF_SCOPE_UNCHANGED,本轮未重新核定，保持 public 基线
Ford Thunderbird 2dr Hardtop/Landau Coupe 1967-1969,SD2,SD2,APPLIED,OUT_OF_SCOPE_UNCHANGED,本轮未重新核定，保持 public 基线
Ford Thunderbird 2dr Hardtop/Landau Coupe 1970-1971,SD2,SD2,APPLIED,OUT_OF_SCOPE_UNCHANGED,本轮未重新核定，保持 public 基线
Ford Thunderbird 4dr Landau Sedan 1967-1969,SD2,SD2,APPLIED,OUT_OF_SCOPE_UNCHANGED,本轮未重新核定，保持 public 基线
Ford Thunderbird 4dr Landau Sedan 1970-1971,SD2,SD2,APPLIED,OUT_OF_SCOPE_UNCHANGED,本轮未重新核定，保持 public 基线
GMC Acadia SUV 2007-2016,SU1,SU1,APPLIED,SUV_TAPER_REVIEW,详见 suv_audit.csv
GMC Acadia SUV 2017-2020,SU1,SU1,APPLIED,SUV_TAPER_REVIEW,详见 suv_audit.csv
GMC Acadia SUV 2021-2023,SU1,SU1,APPLIED,SUV_TAPER_REVIEW,详见 suv_audit.csv
GMC Acadia SUV 2024-2026,SU1,SU1,APPLIED,SUV_TAPER_REVIEW,详见 suv_audit.csv
GMC Acadia Limited SUV 2017,SU1,SU1,APPLIED,SUV_TAPER_REVIEW,详见 suv_audit.csv
GMC Canyon Pickup 2004-2005 Crew 5,P1,P1,APPLIED,OUT_OF_SCOPE_UNCHANGED,本轮未重新核定，保持 public 基线
GMC Canyon Pickup 2004-2005 Extended 6,P1,P1,APPLIED,OUT_OF_SCOPE_UNCHANGED,本轮未重新核定，保持 public 基线
GMC Canyon Pickup 2004-2012 Regular 6,P1,P1,APPLIED,OUT_OF_SCOPE_UNCHANGED,本轮未重新核定，保持 public 基线
GMC Canyon Pickup 2006-2008 Extended 6,P1,P1,APPLIED,OUT_OF_SCOPE_UNCHANGED,本轮未重新核定，保持 public 基线
GMC Canyon Pickup 2008 Crew 5,P1,P1,APPLIED,OUT_OF_SCOPE_UNCHANGED,本轮未重新核定，保持 public 基线
GMC Canyon Pickup 2009-2010 Extended 6,P1,P1,APPLIED,OUT_OF_SCOPE_UNCHANGED,本轮未重新核定，保持 public 基线
GMC Canyon Pickup 2012 Crew 5,P1,P1,APPLIED,OUT_OF_SCOPE_UNCHANGED,本轮未重新核定，保持 public 基线
GMC Canyon Pickup 2015-2020 Extended 6,P1,P1,APPLIED,OUT_OF_SCOPE_UNCHANGED,本轮未重新核定，保持 public 基线
GMC Canyon Pickup 2015-2022 Crew 5,P1,P1,APPLIED,OUT_OF_SCOPE_UNCHANGED,本轮未重新核定，保持 public 基线
GMC Canyon Pickup 2015-2022 Crew 6,P1,P1,APPLIED,OUT_OF_SCOPE_UNCHANGED,本轮未重新核定，保持 public 基线
GMC Canyon Pickup 2023-2026 Crew 5,P1,P1,APPLIED,OUT_OF_SCOPE_UNCHANGED,本轮未重新核定，保持 public 基线
GMC Canyon AT4X Pickup 2023-2026 Crew 5,P1,P1,APPLIED,OUT_OF_SCOPE_UNCHANGED,本轮未重新核定，保持 public 基线
GMC Envoy SUV 2002-2009,SU2,SU2,APPLIED,SUV_TAPER_REVIEW,详见 suv_audit.csv
GMC Hummer SUV SUV 2024-2026,JP,JP,APPLIED,SUV_TAPER_REVIEW,详见 suv_audit.csv
GMC Jimmy SUV 2001,SU2,SU2,APPLIED,SUV_TAPER_REVIEW,详见 suv_audit.csv
GMC Jimmy 2dr SUV 1983-1994,SU2,SU2,APPLIED,SUV_TAPER_REVIEW,详见 suv_audit.csv
GMC Jimmy 2dr SUV 1995,SU2,SU2,APPLIED,SUV_TAPER_REVIEW,详见 suv_audit.csv
GMC Jimmy 2dr SUV 1996,SU2,SU2,APPLIED,SUV_TAPER_REVIEW,详见 suv_audit.csv
GMC Jimmy 2dr SUV 1997,SU2,SU2,APPLIED,SUV_TAPER_REVIEW,详见 suv_audit.csv
GMC Jimmy 2dr SUV 1998-2000,SU2,SU2,APPLIED,SUV_TAPER_REVIEW,详见 suv_audit.csv
GMC Jimmy 4dr SUV 1991-1994,SU2,SU2,APPLIED,SUV_TAPER_REVIEW,详见 suv_audit.csv
GMC Jimmy 4dr SUV 1995-2000,SU2,SU2,APPLIED,SUV_TAPER_REVIEW,详见 suv_audit.csv
GMC Sierra 1500 Pickup 1999-2006 Extended 6.6,P0,P0,APPLIED,OUT_OF_SCOPE_UNCHANGED,本轮未重新核定，保持 public 基线
GMC Sierra 1500 Pickup 1999-2006 Extended 8,P0,P0,APPLIED,OUT_OF_SCOPE_UNCHANGED,本轮未重新核定，保持 public 基线
GMC Sierra 1500 Pickup 1999-2006 Regular 8,P0,P0,APPLIED,OUT_OF_SCOPE_UNCHANGED,本轮未重新核定，保持 public 基线
GMC Sierra 1500 Pickup 2004-2006 Crew 5.8,P0,P0,APPLIED,OUT_OF_SCOPE_UNCHANGED,本轮未重新核定，保持 public 基线
GMC Sierra 1500 Pickup 2007-2013 Crew 5.8,P0,P0,APPLIED,OUT_OF_SCOPE_UNCHANGED,本轮未重新核定，保持 public 基线
GMC Sierra 1500 Pickup 2007-2013 Extended 6.6,P0,P0,APPLIED,OUT_OF_SCOPE_UNCHANGED,本轮未重新核定，保持 public 基线
GMC Sierra 1500 Pickup 2007-2013 Extended 8,P0,P0,APPLIED,OUT_OF_SCOPE_UNCHANGED,本轮未重新核定，保持 public 基线
GMC Sierra 1500 Pickup 2007-2013 Regular 6.6,P0,P0,APPLIED,OUT_OF_SCOPE_UNCHANGED,本轮未重新核定，保持 public 基线
GMC Sierra 1500 Pickup 2007-2013 Regular 8,P0,P0,APPLIED,OUT_OF_SCOPE_UNCHANGED,本轮未重新核定，保持 public 基线
GMC Sierra 1500 Pickup 2014-2018 Crew 5.8,P0,P0,APPLIED,OUT_OF_SCOPE_UNCHANGED,本轮未重新核定，保持 public 基线
GMC Sierra 1500 Pickup 2014-2018 Double 6.6,P0,P0,APPLIED,OUT_OF_SCOPE_UNCHANGED,本轮未重新核定，保持 public 基线
GMC Sierra 1500 Pickup 2014-2018 Regular 6.6,P0,P0,APPLIED,OUT_OF_SCOPE_UNCHANGED,本轮未重新核定，保持 public 基线
GMC Sierra 1500 Pickup 2014-2018 Regular 8,P0,P0,APPLIED,OUT_OF_SCOPE_UNCHANGED,本轮未重新核定，保持 public 基线
GMC Sierra 1500 Pickup 2019-2026 Crew 5.8,P0,P0,APPLIED,OUT_OF_SCOPE_UNCHANGED,本轮未重新核定，保持 public 基线
GMC Sierra 1500 Pickup 2019-2026 Double 6.6,P0,P0,APPLIED,OUT_OF_SCOPE_UNCHANGED,本轮未重新核定，保持 public 基线
GMC Sierra 1500 Pickup 2019-2026 Regular 6.6,P0,P0,APPLIED,OUT_OF_SCOPE_UNCHANGED,本轮未重新核定，保持 public 基线
GMC Sierra 1500 Pickup 2019-2026 Regular 8,P0,P0,APPLIED,OUT_OF_SCOPE_UNCHANGED,本轮未重新核定，保持 public 基线
GMC Sierra 2500HD/3500HD Pickup 2001-2007 Crew 6.8,P1,P1,APPLIED,OUT_OF_SCOPE_UNCHANGED,本轮未重新核定，保持 public 基线
GMC Sierra 2500HD/3500HD Pickup 2001-2007 Crew 8,P1,P1,APPLIED,OUT_OF_SCOPE_UNCHANGED,本轮未重新核定，保持 public 基线
GMC Sierra 2500HD/3500HD Pickup 2001-2007 Regular 8,P1,P1,APPLIED,OUT_OF_SCOPE_UNCHANGED,本轮未重新核定，保持 public 基线
GMC Sierra 2500HD/3500HD Pickup 2008-2014 Crew 6.8,P1,P1,APPLIED,OUT_OF_SCOPE_UNCHANGED,本轮未重新核定，保持 public 基线
GMC Sierra 2500HD/3500HD Pickup 2008-2014 Crew 8,P1,P1,APPLIED,OUT_OF_SCOPE_UNCHANGED,本轮未重新核定，保持 public 基线
GMC Sierra 2500HD/3500HD Pickup 2008-2014 Regular 8,P1,P1,APPLIED,OUT_OF_SCOPE_UNCHANGED,本轮未重新核定，保持 public 基线
GMC Sierra 2500HD/3500HD Pickup 2015-2019 Crew 6.8,P1,P1,APPLIED,OUT_OF_SCOPE_UNCHANGED,本轮未重新核定，保持 public 基线
GMC Sierra 2500HD/3500HD Pickup 2015-2019 Crew 8,P1,P1,APPLIED,OUT_OF_SCOPE_UNCHANGED,本轮未重新核定，保持 public 基线
GMC Sierra 2500HD/3500HD Pickup 2015-2019 Double 6.8,P1,P1,APPLIED,OUT_OF_SCOPE_UNCHANGED,本轮未重新核定，保持 public 基线
GMC Sierra 2500HD/3500HD Pickup 2015-2019 Double 8,P1,P1,APPLIED,OUT_OF_SCOPE_UNCHANGED,本轮未重新核定，保持 public 基线
GMC Sierra 2500HD/3500HD Pickup 2015-2019 Regular 8,P1,P1,APPLIED,OUT_OF_SCOPE_UNCHANGED,本轮未重新核定，保持 public 基线
GMC Sierra 2500HD/3500HD Pickup 2020-2026 Crew 6.8,P1,P1,APPLIED,OUT_OF_SCOPE_UNCHANGED,本轮未重新核定，保持 public 基线
GMC Sierra 2500HD/3500HD Pickup 2020-2026 Crew 8,P1,P1,APPLIED,OUT_OF_SCOPE_UNCHANGED,本轮未重新核定，保持 public 基线
GMC Sierra 2500HD/3500HD Pickup 2020-2026 Double 6.8,P1,P1,APPLIED,OUT_OF_SCOPE_UNCHANGED,本轮未重新核定，保持 public 基线
GMC Sierra 2500HD/3500HD Pickup 2020-2026 Double 8,P1,P1,APPLIED,OUT_OF_SCOPE_UNCHANGED,本轮未重新核定，保持 public 基线
GMC Sierra 2500HD/3500HD Pickup 2020-2026 Regular 8,P1,P1,APPLIED,OUT_OF_SCOPE_UNCHANGED,本轮未重新核定，保持 public 基线
GMC Sierra 2500HD/3500HD DRW Pickup 2001-2007 Crew 8,DUAL,DUAL,APPLIED,OUT_OF_SCOPE_UNCHANGED,本轮未重新核定，保持 public 基线
GMC Sierra 2500HD/3500HD DRW Pickup 2008-2014 Crew 8,DUAL,DUAL,APPLIED,OUT_OF_SCOPE_UNCHANGED,本轮未重新核定，保持 public 基线
GMC Sierra 2500HD/3500HD DRW Pickup 2015-2019 Crew 8,DUAL,DUAL,APPLIED,OUT_OF_SCOPE_UNCHANGED,本轮未重新核定，保持 public 基线
GMC Sierra 2500HD/3500HD DRW Pickup 2020-2026 Crew 8,DUAL,DUAL,APPLIED,OUT_OF_SCOPE_UNCHANGED,本轮未重新核定，保持 public 基线
GMC Sierra EV Pickup 2024-2026 Crew 5.9,P0,P0,APPLIED,OUT_OF_SCOPE_UNCHANGED,本轮未重新核定，保持 public 基线
GMC Terrain SUV 2010-2017,SU1,SU1,APPLIED,SUV_TAPER_REVIEW,详见 suv_audit.csv
GMC Terrain SUV 2018-2024,SU1,SU1,APPLIED,SUV_TAPER_REVIEW,详见 suv_audit.csv
GMC Terrain SUV 2025-2026,SU1,SU1,APPLIED,SUV_TAPER_REVIEW,详见 suv_audit.csv
GMC Yukon SUV 2000-2006,SU2,SU2,APPLIED,SUV_TAPER_REVIEW,详见 suv_audit.csv
GMC Yukon SUV 2007-2014,SU2,SU2,APPLIED,SUV_TAPER_REVIEW,详见 suv_audit.csv
GMC Yukon SUV 2015-2020,SU2,SU2,APPLIED,SUV_TAPER_REVIEW,详见 suv_audit.csv
GMC Yukon SUV 2021-2026,SU2,SU2,APPLIED,SUV_TAPER_REVIEW,详见 suv_audit.csv
GMC Yukon 2dr SUV 1992-1994,SU2,SU2,APPLIED,SUV_TAPER_REVIEW,详见 suv_audit.csv
GMC Yukon 2dr SUV 1995-1997,SU2,SU2,APPLIED,SUV_TAPER_REVIEW,详见 suv_audit.csv
GMC Yukon 4dr SUV 1995-1999,SU2,SU2,APPLIED,SUV_TAPER_REVIEW,详见 suv_audit.csv
GMC Yukon XL SUV 2000-2006,SU2,SU2,APPLIED,SUV_TAPER_REVIEW,详见 suv_audit.csv
GMC Yukon XL SUV 2007-2014,SU2,SU2,APPLIED,SUV_TAPER_REVIEW,详见 suv_audit.csv
GMC Yukon XL SUV 2015-2020,SU2,SU2,APPLIED,SUV_TAPER_REVIEW,详见 suv_audit.csv
GMC Yukon XL SUV 2021-2026,SU2,SU2,APPLIED,SUV_TAPER_REVIEW,详见 suv_audit.csv
Genesis EQ900 G90 Sedan 2017-2022,SD1,SD1,APPLIED,OUT_OF_SCOPE_UNCHANGED,本轮未重新核定，保持 public 基线
Genesis EQ900 G90 Sedan 2023-2026,SD1,SD1,APPLIED,OUT_OF_SCOPE_UNCHANGED,本轮未重新核定，保持 public 基线
Genesis G70 Sedan 2019-2026,SD1,SD1,APPLIED,OUT_OF_SCOPE_UNCHANGED,本轮未重新核定，保持 public 基线
Genesis G80 Sedan 2017-2020,SD1,SD1,APPLIED,OUT_OF_SCOPE_UNCHANGED,本轮未重新核定，保持 public 基线
Genesis G80 Sedan 2021-2022,SD1,SD1,APPLIED,OUT_OF_SCOPE_UNCHANGED,本轮未重新核定，保持 public 基线
Genesis G80 Sedan 2023-2024,SD1,SD1,APPLIED,OUT_OF_SCOPE_UNCHANGED,本轮未重新核定，保持 public 基线
Genesis G80 Sedan 2025-2026,SD1,SD1,APPLIED,OUT_OF_SCOPE_UNCHANGED,本轮未重新核定，保持 public 基线
Genesis G80 Sport Sedan 2018-2020,SD1,SD1,APPLIED,OUT_OF_SCOPE_UNCHANGED,本轮未重新核定，保持 public 基线
Genesis G80 Sport Sedan 2025-2026,SD1,SD1,APPLIED,OUT_OF_SCOPE_UNCHANGED,本轮未重新核定，保持 public 基线
Genesis G90 Sedan 2017-2022,SD1,SD1,APPLIED,OUT_OF_SCOPE_UNCHANGED,本轮未重新核定，保持 public 基线
Genesis G90 Sedan 2023-2026,SD1,SD1,APPLIED,OUT_OF_SCOPE_UNCHANGED,本轮未重新核定，保持 public 基线
Genesis GV60 SUV 2023-2025,SU1,SU0,APPLIED,SUV_TAPER_REVIEW,详见 suv_audit.csv
Genesis GV60 SUV 2026,SU1,SU0,APPLIED,SUV_TAPER_REVIEW,详见 suv_audit.csv
Genesis GV70 SUV 2022-2026,SU1,SU1,APPLIED,SUV_TAPER_REVIEW,详见 suv_audit.csv
Genesis GV80 SUV 2021-2024,SU1,SU1,APPLIED,SUV_TAPER_REVIEW,详见 suv_audit.csv
Genesis GV80 SUV 2025-2026,SU1,SU1,APPLIED,SUV_TAPER_REVIEW,详见 suv_audit.csv
Honda Accord Hatchback 1976-1981,H0,H0,APPLIED,OUT_OF_SCOPE_UNCHANGED,本轮未重新核定，保持 public 基线
Honda Accord Sedan 1979-1981,SD2,SD2,APPLIED,OUT_OF_SCOPE_UNCHANGED,本轮未重新核定，保持 public 基线
Honda Accord Hatchback 1982-1985,H0,H0,APPLIED,OUT_OF_SCOPE_UNCHANGED,本轮未重新核定，保持 public 基线
Honda Accord Sedan 1982-1985,SD2,SD2,APPLIED,OUT_OF_SCOPE_UNCHANGED,本轮未重新核定，保持 public 基线
Honda Accord Hatchback 1986-1989,SD1,SD1,APPLIED,OUT_OF_SCOPE_UNCHANGED,本轮未重新核定，保持 public 基线
Honda Accord Sedan 1986-1989,SD1,SD1,APPLIED,OUT_OF_SCOPE_UNCHANGED,本轮未重新核定，保持 public 基线
Honda Accord Coupe 1988-1989,SD1,SD1,APPLIED,OUT_OF_SCOPE_UNCHANGED,本轮未重新核定，保持 public 基线
Honda Accord Coupe 1990,SD1,SD1,APPLIED,OUT_OF_SCOPE_UNCHANGED,本轮未重新核定，保持 public 基线
Honda Accord Sedan 1990-1993,SD1,SD1,APPLIED,OUT_OF_SCOPE_UNCHANGED,本轮未重新核定，保持 public 基线
Honda Accord Wagon 1990-1993,H2,H2,APPLIED,OUT_OF_SCOPE_UNCHANGED,本轮未重新核定，保持 public 基线
Honda Accord Coupe 1991-1993,SD1,SD1,APPLIED,OUT_OF_SCOPE_UNCHANGED,本轮未重新核定，保持 public 基线
Honda Accord Coupe 1994-1997,SD1,SD1,APPLIED,OUT_OF_SCOPE_UNCHANGED,本轮未重新核定，保持 public 基线
Honda Accord Sedan 1994-1997,SD1,SD1,APPLIED,OUT_OF_SCOPE_UNCHANGED,本轮未重新核定，保持 public 基线
Honda Accord Wagon 1994-1997,H2,H2,APPLIED,OUT_OF_SCOPE_UNCHANGED,本轮未重新核定，保持 public 基线
Honda Accord Coupe 1998-2002,SD1,SD1,APPLIED,OUT_OF_SCOPE_UNCHANGED,本轮未重新核定，保持 public 基线
Honda Accord Sedan 1998-2002,SD1,SD1,APPLIED,OUT_OF_SCOPE_UNCHANGED,本轮未重新核定，保持 public 基线
Honda Accord Coupe 2003-2007,SD1,SD1,APPLIED,OUT_OF_SCOPE_UNCHANGED,本轮未重新核定，保持 public 基线
Honda Accord Sedan 2003-2007,SD1,SD1,APPLIED,OUT_OF_SCOPE_UNCHANGED,本轮未重新核定，保持 public 基线
Honda Accord Coupe 2008-2012,SD1,SD1,APPLIED,OUT_OF_SCOPE_UNCHANGED,本轮未重新核定，保持 public 基线
Honda Accord Sedan 2008-2012,SD1,SD1,APPLIED,OUT_OF_SCOPE_UNCHANGED,本轮未重新核定，保持 public 基线
Honda Accord Coupe 2013-2017,SD1,SD1,APPLIED,OUT_OF_SCOPE_UNCHANGED,本轮未重新核定，保持 public 基线
Honda Accord Sedan 2013-2017,SD1,SD1,APPLIED,OUT_OF_SCOPE_UNCHANGED,本轮未重新核定，保持 public 基线
Honda Accord Sedan 2018-2022,SD1,SD1,APPLIED,OUT_OF_SCOPE_UNCHANGED,本轮未重新核定，保持 public 基线
Honda Accord Sedan 2023-2026,SD1,SD1,APPLIED,OUT_OF_SCOPE_UNCHANGED,本轮未重新核定，保持 public 基线
Honda CR-V SUV 1997-2001,SU1,SU1,APPLIED,SUV_TAPER_REVIEW,详见 suv_audit.csv
Honda CR-V SUV 2002-2006,SU1,SU1,APPLIED,SUV_TAPER_REVIEW,详见 suv_audit.csv
Honda CR-V SUV 2007-2011,SU1,SU1,APPLIED,SUV_TAPER_REVIEW,详见 suv_audit.csv
Honda CR-V SUV 2012-2016,SU1,SU1,APPLIED,SUV_TAPER_REVIEW,详见 suv_audit.csv
Honda CR-V SUV 2017-2022,SU1,SU1,APPLIED,SUV_TAPER_REVIEW,详见 suv_audit.csv
Honda CR-V SUV 2023-2026,SU1,SU1,APPLIED,SUV_TAPER_REVIEW,详见 suv_audit.csv
Honda CR-Z Hatchback 2011-2015,SD0,SD0,APPLIED,OUT_OF_SCOPE_UNCHANGED,本轮未重新核定，保持 public 基线
Honda CR-Z Hatchback 2016,SD0,SD0,APPLIED,OUT_OF_SCOPE_UNCHANGED,本轮未重新核定，保持 public 基线
Honda Civic Sedan 1973-1979,SD2,SD2,APPLIED,OUT_OF_SCOPE_UNCHANGED,本轮未重新核定，保持 public 基线
Honda Civic Wagon 1973-1979,H2,H2,APPLIED,OUT_OF_SCOPE_UNCHANGED,本轮未重新核定，保持 public 基线
Honda Civic Hatchback 1980-1983,H0,H0,APPLIED,OUT_OF_SCOPE_UNCHANGED,本轮未重新核定，保持 public 基线
Honda Civic Sedan 1980-1983,SD2,SD2,APPLIED,OUT_OF_SCOPE_UNCHANGED,本轮未重新核定，保持 public 基线
Honda Civic Wagon 1980-1983,H2,H2,APPLIED,OUT_OF_SCOPE_UNCHANGED,本轮未重新核定，保持 public 基线
Honda Civic Hatchback 1984-1987,H0,H0,APPLIED,OUT_OF_SCOPE_UNCHANGED,本轮未重新核定，保持 public 基线
Honda Civic Sedan 1984-1987,SD2,SD2,APPLIED,OUT_OF_SCOPE_UNCHANGED,本轮未重新核定，保持 public 基线
Honda Civic Wagon 1984-1987,H2,H2,APPLIED,OUT_OF_SCOPE_UNCHANGED,本轮未重新核定，保持 public 基线
Honda Civic Hatchback 1988-1991,H0,H0,APPLIED,OUT_OF_SCOPE_UNCHANGED,本轮未重新核定，保持 public 基线
Honda Civic Sedan 1988-1991,SD2,SD2,APPLIED,OUT_OF_SCOPE_UNCHANGED,本轮未重新核定，保持 public 基线
Honda Civic Wagon 1988-1991,H2,H2,APPLIED,OUT_OF_SCOPE_UNCHANGED,本轮未重新核定，保持 public 基线
Honda Civic Coupe 1992-1995,SD1,SD1,APPLIED,OUT_OF_SCOPE_UNCHANGED,本轮未重新核定，保持 public 基线
Honda Civic Hatchback 1992-1995,H0,H0,APPLIED,OUT_OF_SCOPE_UNCHANGED,本轮未重新核定，保持 public 基线
Honda Civic Sedan 1992-1995,SD1,SD1,APPLIED,OUT_OF_SCOPE_UNCHANGED,本轮未重新核定，保持 public 基线
Honda Civic Coupe 1996-2000,SD1,SD1,APPLIED,OUT_OF_SCOPE_UNCHANGED,本轮未重新核定，保持 public 基线
Honda Civic Hatchback 1996-2000,H0,H0,APPLIED,OUT_OF_SCOPE_UNCHANGED,本轮未重新核定，保持 public 基线
Honda Civic Sedan 1996-2000,SD1,SD1,APPLIED,OUT_OF_SCOPE_UNCHANGED,本轮未重新核定，保持 public 基线
Honda Civic Coupe 2001-2005,SD1,SD1,APPLIED,OUT_OF_SCOPE_UNCHANGED,本轮未重新核定，保持 public 基线
Honda Civic Sedan 2001-2005,SD1,SD1,APPLIED,OUT_OF_SCOPE_UNCHANGED,本轮未重新核定，保持 public 基线
Honda Civic Coupe 2006-2011,SD1,SD1,APPLIED,OUT_OF_SCOPE_UNCHANGED,本轮未重新核定，保持 public 基线
Honda Civic Sedan 2006-2011,SD1,SD1,APPLIED,OUT_OF_SCOPE_UNCHANGED,本轮未重新核定，保持 public 基线
Honda Civic Coupe 2012-2015,SD1,SD1,APPLIED,OUT_OF_SCOPE_UNCHANGED,本轮未重新核定，保持 public 基线
Honda Civic Sedan 2012-2015,SD1,SD1,APPLIED,OUT_OF_SCOPE_UNCHANGED,本轮未重新核定，保持 public 基线
Honda Civic Coupe 2016-2020,SD1,SD1,APPLIED,OUT_OF_SCOPE_UNCHANGED,本轮未重新核定，保持 public 基线
Honda Civic Sedan 2016-2021,SD1,SD1,APPLIED,OUT_OF_SCOPE_UNCHANGED,本轮未重新核定，保持 public 基线
Honda Civic Hatchback 2017-2021,H0,H0,APPLIED,OUT_OF_SCOPE_UNCHANGED,本轮未重新核定，保持 public 基线
Honda Civic Hatchback 2022-2026,H0,H0,APPLIED,OUT_OF_SCOPE_UNCHANGED,本轮未重新核定，保持 public 基线
Honda Civic Sedan 2022-2026,SD1,SD1,APPLIED,OUT_OF_SCOPE_UNCHANGED,本轮未重新核定，保持 public 基线
Honda Civic CRX Coupe 1988-1991,SD2,SD2,APPLIED,OUT_OF_SCOPE_UNCHANGED,本轮未重新核定，保持 public 基线
Honda Civic Type R Hatchback 2017-2021,H0,H0,APPLIED,OUT_OF_SCOPE_UNCHANGED,本轮未重新核定，保持 public 基线
Honda Civic Type R Hatchback 2022-2026,H0,H0,APPLIED,OUT_OF_SCOPE_UNCHANGED,本轮未重新核定，保持 public 基线
Honda Clarity Sedan 2017-2021,SD1,SD1,APPLIED,OUT_OF_SCOPE_UNCHANGED,本轮未重新核定，保持 public 基线
Honda Clarity Plug In Sedan 2018-2021,SD1,SD1,APPLIED,OUT_OF_SCOPE_UNCHANGED,本轮未重新核定，保持 public 基线
Honda Crosstour Hatchback 2010-2012,H0,H0,APPLIED,OUT_OF_SCOPE_UNCHANGED,本轮未重新核定，保持 public 基线
Honda Crosstour Hatchback 2013-2015,H0,H0,APPLIED,OUT_OF_SCOPE_UNCHANGED,本轮未重新核定，保持 public 基线
Honda Element Crossover 2003,SU2,SU2,APPLIED,SUV_TAPER_REVIEW,详见 suv_audit.csv
Honda Element Crossover 2004-2005,SU2,SU2,APPLIED,SUV_TAPER_REVIEW,详见 suv_audit.csv
Honda Element Crossover 2006-2009,SU2,SU2,APPLIED,SUV_TAPER_REVIEW,详见 suv_audit.csv
Honda Fit Hatchback 2007-2008,H1,H1,APPLIED,OUT_OF_SCOPE_UNCHANGED,本轮未重新核定，保持 public 基线
Honda Fit Hatchback 2009-2014,H1,H1,APPLIED,OUT_OF_SCOPE_UNCHANGED,本轮未重新核定，保持 public 基线
Honda Fit Hatchback 2015-2017,H1,H1,APPLIED,OUT_OF_SCOPE_UNCHANGED,本轮未重新核定，保持 public 基线
Honda Fit Hatchback 2018-2020,H1,H1,APPLIED,OUT_OF_SCOPE_UNCHANGED,本轮未重新核定，保持 public 基线
Honda HR-V SUV 2016-2018,SU1,SU1,APPLIED,SUV_TAPER_REVIEW,详见 suv_audit.csv
Honda HR-V SUV 2019-2021,SU1,SU1,APPLIED,SUV_TAPER_REVIEW,详见 suv_audit.csv
Honda HR-V SUV 2023-2026,SU1,SU1,APPLIED,SUV_TAPER_REVIEW,详见 suv_audit.csv
Honda Insight Hatchback 2000-2006,H0,H0,APPLIED,OUT_OF_SCOPE_UNCHANGED,本轮未重新核定，保持 public 基线
Honda Insight Hatchback 2010-2014,H0,H0,APPLIED,OUT_OF_SCOPE_UNCHANGED,本轮未重新核定，保持 public 基线
Honda Insight Sedan 2019-2022,SD1,SD1,APPLIED,OUT_OF_SCOPE_UNCHANGED,本轮未重新核定，保持 public 基线
Honda Odyssey MPV 1995-1998,V0,V0,APPLIED,OUT_OF_SCOPE_UNCHANGED,本轮未重新核定，保持 public 基线
Honda Odyssey MPV 1999-2004,V0,V0,APPLIED,OUT_OF_SCOPE_UNCHANGED,本轮未重新核定，保持 public 基线
Honda Odyssey MPV 2005-2010,V0,V0,APPLIED,OUT_OF_SCOPE_UNCHANGED,本轮未重新核定，保持 public 基线
Honda Odyssey MPV 2011-2017,V0,V0,APPLIED,OUT_OF_SCOPE_UNCHANGED,本轮未重新核定，保持 public 基线
Honda Odyssey MPV 2018-2026,V0,V0,APPLIED,OUT_OF_SCOPE_UNCHANGED,本轮未重新核定，保持 public 基线
Honda Passport SUV 1994-2002,SU2,SU2,APPLIED,SUV_TAPER_REVIEW,详见 suv_audit.csv
Honda Passport SUV 2019-2025,SU1,SU1,APPLIED,SUV_TAPER_REVIEW,详见 suv_audit.csv
Honda Passport SUV 2026,SU2,SU2,APPLIED,SUV_TAPER_REVIEW,详见 suv_audit.csv
Honda Pilot SUV 2003-2005,SU2,SU2,APPLIED,SUV_TAPER_REVIEW,详见 suv_audit.csv
Honda Pilot SUV 2006-2008,SU2,SU2,APPLIED,SUV_TAPER_REVIEW,详见 suv_audit.csv
Honda Pilot SUV 2009-2015,SU1,SU1,APPLIED,SUV_TAPER_REVIEW,详见 suv_audit.csv
Honda Pilot SUV 2016-2022,SU1,SU1,APPLIED,SUV_TAPER_REVIEW,详见 suv_audit.csv
Honda Pilot SUV 2023-2025,SU1,SU1,APPLIED,SUV_TAPER_REVIEW,详见 suv_audit.csv
Honda Pilot SUV 2026,SU1,SU1,APPLIED,SUV_TAPER_REVIEW,详见 suv_audit.csv
Honda Pilot TrailSport SUV 2023-2025,SU1,SU1,APPLIED,SUV_TAPER_REVIEW,详见 suv_audit.csv
Honda Pilot TrailSport SUV 2026,SU1,SU1,APPLIED,SUV_TAPER_REVIEW,详见 suv_audit.csv
Honda Prelude Coupe 1979-1982,SD0,SD0,APPLIED,OUT_OF_SCOPE_UNCHANGED,本轮未重新核定，保持 public 基线
Honda Prelude Coupe 1983-1987,SD0,SD0,APPLIED,OUT_OF_SCOPE_UNCHANGED,本轮未重新核定，保持 public 基线
Honda Prelude Coupe 1988-1991,SD0,SD0,APPLIED,OUT_OF_SCOPE_UNCHANGED,本轮未重新核定，保持 public 基线
Honda Prelude Coupe 1992-1996,SD0,SD0,APPLIED,OUT_OF_SCOPE_UNCHANGED,本轮未重新核定，保持 public 基线
Honda Prelude Coupe 1997-2001,SD0,SD0,APPLIED,OUT_OF_SCOPE_UNCHANGED,本轮未重新核定，保持 public 基线
Honda Prelude Coupe 2026,SD0,SD0,APPLIED,OUT_OF_SCOPE_UNCHANGED,本轮未重新核定，保持 public 基线
Honda Prologue SUV 2024-2026,SU1,SU1,APPLIED,SUV_TAPER_REVIEW,详见 suv_audit.csv
Honda Ridgeline Pickup 2006-2014 Crew 5,P1,P1,APPLIED,OUT_OF_SCOPE_UNCHANGED,本轮未重新核定，保持 public 基线
Honda Ridgeline Pickup 2017-2020 Crew 5.3,P1,P1,APPLIED,OUT_OF_SCOPE_UNCHANGED,本轮未重新核定，保持 public 基线
Honda Ridgeline Pickup 2021-2026 Crew 5.3,P1,P1,APPLIED,OUT_OF_SCOPE_UNCHANGED,本轮未重新核定，保持 public 基线
Honda S2000 Convertible 2000-2009,SD0,SD0,APPLIED,OUT_OF_SCOPE_UNCHANGED,本轮未重新核定，保持 public 基线
Hyundai Accent Hatchback 1995-1999,H0,H0,APPLIED,OUT_OF_SCOPE_UNCHANGED,本轮未重新核定，保持 public 基线
Hyundai Accent Sedan 1995-1999,SD1,SD1,APPLIED,OUT_OF_SCOPE_UNCHANGED,本轮未重新核定，保持 public 基线
Hyundai Accent Hatchback 2000-2005,H0,H0,APPLIED,OUT_OF_SCOPE_UNCHANGED,本轮未重新核定，保持 public 基线
Hyundai Accent Sedan 2000-2005,SD1,SD1,APPLIED,OUT_OF_SCOPE_UNCHANGED,本轮未重新核定，保持 public 基线
Hyundai Accent Hatchback 2006-2011,H0,H0,APPLIED,OUT_OF_SCOPE_UNCHANGED,本轮未重新核定，保持 public 基线
Hyundai Accent Sedan 2006-2011,SD1,SD1,APPLIED,OUT_OF_SCOPE_UNCHANGED,本轮未重新核定，保持 public 基线
Hyundai Accent Hatchback 2012-2017,H0,H0,APPLIED,OUT_OF_SCOPE_UNCHANGED,本轮未重新核定，保持 public 基线
Hyundai Accent Sedan 2012-2017,SD1,SD1,APPLIED,OUT_OF_SCOPE_UNCHANGED,本轮未重新核定，保持 public 基线
Hyundai Accent Sedan 2018-2022,SD1,SD1,APPLIED,OUT_OF_SCOPE_UNCHANGED,本轮未重新核定，保持 public 基线
Hyundai Azera Sedan 2006-2010,SD1,SD1,APPLIED,OUT_OF_SCOPE_UNCHANGED,本轮未重新核定，保持 public 基线
Hyundai Azera Sedan 2011,SD1,SD1,APPLIED,OUT_OF_SCOPE_UNCHANGED,本轮未重新核定，保持 public 基线
Hyundai Azera Sedan 2012-2014,SD1,SD1,APPLIED,OUT_OF_SCOPE_UNCHANGED,本轮未重新核定，保持 public 基线
Hyundai Azera Sedan 2015-2017,SD1,SD1,APPLIED,OUT_OF_SCOPE_UNCHANGED,本轮未重新核定，保持 public 基线
Hyundai Elantra Sedan 1992-1995,SD1,SD1,APPLIED,OUT_OF_SCOPE_UNCHANGED,本轮未重新核定，保持 public 基线
Hyundai Elantra Wagon 1996-1999,H2,H2,APPLIED,OUT_OF_SCOPE_UNCHANGED,本轮未重新核定，保持 public 基线
Hyundai Elantra Sedan 1996-2000,SD1,SD1,APPLIED,OUT_OF_SCOPE_UNCHANGED,本轮未重新核定，保持 public 基线
Hyundai Elantra Wagon 2000,H2,H2,APPLIED,OUT_OF_SCOPE_UNCHANGED,本轮未重新核定，保持 public 基线
Hyundai Elantra Sedan 2001-2006,SD1,SD1,APPLIED,OUT_OF_SCOPE_UNCHANGED,本轮未重新核定，保持 public 基线
Hyundai Elantra Sedan 2007-2010,SD1,SD1,APPLIED,OUT_OF_SCOPE_UNCHANGED,本轮未重新核定，保持 public 基线
Hyundai Elantra Wagon 2009-2012,H2,H2,APPLIED,OUT_OF_SCOPE_UNCHANGED,本轮未重新核定，保持 public 基线
Hyundai Elantra Sedan 2011-2016,SD1,SD1,APPLIED,OUT_OF_SCOPE_UNCHANGED,本轮未重新核定，保持 public 基线
Hyundai Elantra Hatchback 2013-2017,H0,H0,APPLIED,OUT_OF_SCOPE_UNCHANGED,本轮未重新核定，保持 public 基线
Hyundai Elantra Sedan 2017-2020,SD1,SD1,APPLIED,OUT_OF_SCOPE_UNCHANGED,本轮未重新核定，保持 public 基线
Hyundai Elantra Hatchback 2018-2020,H0,H0,APPLIED,OUT_OF_SCOPE_UNCHANGED,本轮未重新核定，保持 public 基线
Hyundai Elantra Sedan 2021-2026,SD1,SD1,APPLIED,OUT_OF_SCOPE_UNCHANGED,本轮未重新核定，保持 public 基线
Hyundai Elantra GT Hatchback 2013-2017,H0,H0,APPLIED,OUT_OF_SCOPE_UNCHANGED,本轮未重新核定，保持 public 基线
Hyundai Elantra GT Hatchback 2018-2020,H0,H0,APPLIED,OUT_OF_SCOPE_UNCHANGED,本轮未重新核定，保持 public 基线
Hyundai Elantra Tour Wagon 2009-2012,H2,H2,APPLIED,OUT_OF_SCOPE_UNCHANGED,本轮未重新核定，保持 public 基线
Hyundai Equus Sedan 2011-2016,SD1,SD1,APPLIED,OUT_OF_SCOPE_UNCHANGED,本轮未重新核定，保持 public 基线
Hyundai Genesis Sedan 2009-2011,SD1,SD1,APPLIED,OUT_OF_SCOPE_UNCHANGED,本轮未重新核定，保持 public 基线
Hyundai Genesis Sedan 2012-2014,SD1,SD1,APPLIED,OUT_OF_SCOPE_UNCHANGED,本轮未重新核定，保持 public 基线
Hyundai Genesis Sedan 2015-2016,SD1,SD1,APPLIED,OUT_OF_SCOPE_UNCHANGED,本轮未重新核定，保持 public 基线
Hyundai Genesis 5.0 R-Spec Sedan 2012-2014,SD1,SD1,APPLIED,OUT_OF_SCOPE_UNCHANGED,本轮未重新核定，保持 public 基线
Hyundai IONIQ 5 SUV 2022-2024,SU1,SU1,APPLIED,SUV_TAPER_REVIEW,详见 suv_audit.csv
Hyundai IONIQ 5 SUV 2025-2026,SU1,SU1,APPLIED,SUV_TAPER_REVIEW,详见 suv_audit.csv
Hyundai IONIQ 5 N SUV 2025,SU1,SU1,APPLIED,SUV_TAPER_REVIEW,详见 suv_audit.csv
Hyundai IONIQ 6 Sedan 2023-2026,SD1,SD1,APPLIED,OUT_OF_SCOPE_UNCHANGED,本轮未重新核定，保持 public 基线
Hyundai IONIQ 6 N Sedan 2026,SD1,SD1,APPLIED,OUT_OF_SCOPE_UNCHANGED,本轮未重新核定，保持 public 基线
Hyundai Ioniq Hatchback 2017-2020,H0,H0,APPLIED,OUT_OF_SCOPE_UNCHANGED,本轮未重新核定，保持 public 基线
Hyundai Ioniq Hatchback 2021-2022,H0,H0,APPLIED,OUT_OF_SCOPE_UNCHANGED,本轮未重新核定，保持 public 基线
Hyundai Ioniq 9 SUV 2026,SU0,SU1,APPLIED,SUV_TAPER_REVIEW,详见 suv_audit.csv
Hyundai Kona Crossover 2019-2023,SU1,SU1,APPLIED,SUV_TAPER_REVIEW,详见 suv_audit.csv
Hyundai Kona Crossover 2024-2026,SU1,SU1,APPLIED,SUV_TAPER_REVIEW,详见 suv_audit.csv
Hyundai Nexo SUV 2019-2022,SU1,SU1,APPLIED,SUV_TAPER_REVIEW,详见 suv_audit.csv
Hyundai Nexo SUV 2023-2024,SU1,SU1,APPLIED,SUV_TAPER_REVIEW,详见 suv_audit.csv
Hyundai Palisade SUV 2020-2022,SU1,SU1,APPLIED,SUV_TAPER_REVIEW,详见 suv_audit.csv
Hyundai Palisade SUV 2023-2025,SU1,SU1,APPLIED,SUV_TAPER_REVIEW,详见 suv_audit.csv
Hyundai Palisade SUV 2026,SU2,SU2,APPLIED,SUV_TAPER_REVIEW,详见 suv_audit.csv
Hyundai Santa Cruz Pickup 2022-2024 Crew 4.3,P1,P1,APPLIED,OUT_OF_SCOPE_UNCHANGED,本轮未重新核定，保持 public 基线
Hyundai Santa Cruz Pickup 2025-2026 Crew 4.3,P1,P1,APPLIED,OUT_OF_SCOPE_UNCHANGED,本轮未重新核定，保持 public 基线
Hyundai Santa Cruz XRT Pickup 2024 Crew 4.3,P1,P1,APPLIED,OUT_OF_SCOPE_UNCHANGED,本轮未重新核定，保持 public 基线
Hyundai Santa Cruz XRT Pickup 2025-2026 Crew 4.3,P1,P1,APPLIED,OUT_OF_SCOPE_UNCHANGED,本轮未重新核定，保持 public 基线
Hyundai Santa Fe SUV 2001-2006,SU1,SU1,APPLIED,SUV_TAPER_REVIEW,详见 suv_audit.csv
Hyundai Santa Fe SUV 2007-2012,SU1,SU1,APPLIED,SUV_TAPER_REVIEW,详见 suv_audit.csv
Hyundai Santa Fe SUV 2019-2020,SU1,SU1,APPLIED,SUV_TAPER_REVIEW,详见 suv_audit.csv
Hyundai Santa Fe SUV 2021-2023,SU1,SU1,APPLIED,SUV_TAPER_REVIEW,详见 suv_audit.csv
Hyundai Santa Fe SUV 2024-2026,SU2,SU2,APPLIED,SUV_TAPER_REVIEW,详见 suv_audit.csv
Hyundai Santa Fe Sport SUV 2013-2014,SU1,SU1,APPLIED,SUV_TAPER_REVIEW,详见 suv_audit.csv
Hyundai Santa Fe Sport SUV 2015-2016,SU1,SU1,APPLIED,SUV_TAPER_REVIEW,详见 suv_audit.csv
Hyundai Santa Fe Sport SUV 2017,SU1,SU1,APPLIED,SUV_TAPER_REVIEW,详见 suv_audit.csv
Hyundai Santa Fe Sport SUV 2018,SU1,SU1,APPLIED,SUV_TAPER_REVIEW,详见 suv_audit.csv
Hyundai Santa Fe XL SUV 2013-2019,SU1,SU1,APPLIED,SUV_TAPER_REVIEW,详见 suv_audit.csv
Hyundai Sonata Sedan 1989-1993,SD2,SD2,APPLIED,OUT_OF_SCOPE_UNCHANGED,本轮未重新核定，保持 public 基线
Hyundai Sonata Sedan 1994,SD1,SD1,APPLIED,OUT_OF_SCOPE_UNCHANGED,本轮未重新核定，保持 public 基线
Hyundai Sonata Sedan 1995-1998,SD1,SD1,APPLIED,OUT_OF_SCOPE_UNCHANGED,本轮未重新核定，保持 public 基线
Hyundai Sonata Sedan 1999-2002,SD1,SD1,APPLIED,OUT_OF_SCOPE_UNCHANGED,本轮未重新核定，保持 public 基线
Hyundai Sonata Sedan 2003-2005,SD1,SD1,APPLIED,OUT_OF_SCOPE_UNCHANGED,本轮未重新核定，保持 public 基线
Hyundai Sonata Sedan 2006-2010,SD1,SD1,APPLIED,OUT_OF_SCOPE_UNCHANGED,本轮未重新核定，保持 public 基线
Hyundai Sonata Sedan 2011-2014,SD1,SD1,APPLIED,OUT_OF_SCOPE_UNCHANGED,本轮未重新核定，保持 public 基线
Hyundai Sonata Sedan 2015-2019,SD1,SD1,APPLIED,OUT_OF_SCOPE_UNCHANGED,本轮未重新核定，保持 public 基线
Hyundai Sonata Sedan 2020-2023,SD1,SD1,APPLIED,OUT_OF_SCOPE_UNCHANGED,本轮未重新核定，保持 public 基线
Hyundai Sonata Sedan 2024-2026,SD1,SD1,APPLIED,OUT_OF_SCOPE_UNCHANGED,本轮未重新核定，保持 public 基线
Hyundai Tiburon Coupe 1997-2001,SD0,SD0,APPLIED,OUT_OF_SCOPE_UNCHANGED,本轮未重新核定，保持 public 基线
Hyundai Tiburon Coupe 2003-2008,SD0,SD0,APPLIED,OUT_OF_SCOPE_UNCHANGED,本轮未重新核定，保持 public 基线
Hyundai Tucson SUV 2005-2009,SU1,SU1,APPLIED,SUV_TAPER_REVIEW,详见 suv_audit.csv
Hyundai Tucson SUV 2010-2015,SU1,SU1,APPLIED,SUV_TAPER_REVIEW,详见 suv_audit.csv
Hyundai Tucson SUV 2016-2021,SU1,SU1,APPLIED,SUV_TAPER_REVIEW,详见 suv_audit.csv
Hyundai Tucson SUV 2022-2024,SU1,SU1,APPLIED,SUV_TAPER_REVIEW,详见 suv_audit.csv
Hyundai Tucson SUV 2025-2026,SU1,SU1,APPLIED,SUV_TAPER_REVIEW,详见 suv_audit.csv
Hyundai Veloster Hatchback 2012-2014,H0,H0,APPLIED,OUT_OF_SCOPE_UNCHANGED,本轮未重新核定，保持 public 基线
Hyundai Veloster N Hatchback 2019-2020,H0,H0,APPLIED,OUT_OF_SCOPE_UNCHANGED,本轮未重新核定，保持 public 基线
Hyundai Veloster N Hatchback 2021-2022,H0,H0,APPLIED,OUT_OF_SCOPE_UNCHANGED,本轮未重新核定，保持 public 基线
Hyundai Veloster Turbo Hatchback 2015-2017,H0,H0,APPLIED,OUT_OF_SCOPE_UNCHANGED,本轮未重新核定，保持 public 基线
Hyundai Venue SUV 2020-2026,SU2,SU2,APPLIED,SUV_TAPER_REVIEW,详见 suv_audit.csv
Hyundai Veracruz SUV 2007-2012,SU1,SU1,APPLIED,SUV_TAPER_REVIEW,详见 suv_audit.csv
Hyundai XG Sedan 2001-2003,SD1,SD1,APPLIED,OUT_OF_SCOPE_UNCHANGED,本轮未重新核定，保持 public 基线
Hyundai XG Sedan 2004-2005,SD1,SD1,APPLIED,OUT_OF_SCOPE_UNCHANGED,本轮未重新核定，保持 public 基线
Ineos Automotive Grenadier SUV 2024-2026,JP,JP,APPLIED,SUV_TAPER_REVIEW,详见 suv_audit.csv
Ineos Automotive Grenadier Quartermaster Pickup 2024-2026 Crew 5.1,P0,P0,APPLIED,OUT_OF_SCOPE_UNCHANGED,本轮未重新核定，保持 public 基线
Infiniti EX EX35/EX37 SUV 2008-2013,SU1,SU0,APPLIED,SUV_TAPER_REVIEW,详见 suv_audit.csv
Infiniti FX Crossover 2003-2008,SU0,SU0,APPLIED,SUV_TAPER_REVIEW,详见 suv_audit.csv
Infiniti FX Crossover 2009-2013,SU0,SU0,APPLIED,SUV_TAPER_REVIEW,详见 suv_audit.csv
Infiniti G Sedan 1991-1996,SD2,SD2,APPLIED,OUT_OF_SCOPE_UNCHANGED,本轮未重新核定，保持 public 基线
Infiniti G Sedan 1999-2002,SD0,SD0,APPLIED,OUT_OF_SCOPE_UNCHANGED,本轮未重新核定，保持 public 基线
Infiniti G Sedan 2003-2006,SD0,SD0,APPLIED,OUT_OF_SCOPE_UNCHANGED,本轮未重新核定，保持 public 基线
Infiniti G Coupe 2003-2007,SD0,SD0,APPLIED,OUT_OF_SCOPE_UNCHANGED,本轮未重新核定，保持 public 基线
Infiniti G Sedan 2007-2013,SD0,SD0,APPLIED,OUT_OF_SCOPE_UNCHANGED,本轮未重新核定，保持 public 基线
Infiniti G Coupe 2008-2013,SD0,SD0,APPLIED,OUT_OF_SCOPE_UNCHANGED,本轮未重新核定，保持 public 基线
Infiniti G Convertible 2009-2013,SD0,SD0,APPLIED,OUT_OF_SCOPE_UNCHANGED,本轮未重新核定，保持 public 基线
Infiniti I Sedan 1996-1999,SD1,SD1,APPLIED,OUT_OF_SCOPE_UNCHANGED,本轮未重新核定，保持 public 基线
Infiniti I Sedan 2000-2001,SD1,SD1,APPLIED,OUT_OF_SCOPE_UNCHANGED,本轮未重新核定，保持 public 基线
Infiniti I Sedan 2002-2004,SD1,SD1,APPLIED,OUT_OF_SCOPE_UNCHANGED,本轮未重新核定，保持 public 基线
Infiniti JX Crossover 2013,SU1,SU1,APPLIED,SUV_TAPER_REVIEW,详见 suv_audit.csv
Infiniti M Coupe 1990-1992,SD0,SD0,APPLIED,OUT_OF_SCOPE_UNCHANGED,本轮未重新核定，保持 public 基线
Infiniti M Convertible 1991-1992,SD0,SD0,APPLIED,OUT_OF_SCOPE_UNCHANGED,本轮未重新核定，保持 public 基线
Infiniti M Sedan 2003-2004,SD0,SD0,APPLIED,OUT_OF_SCOPE_UNCHANGED,本轮未重新核定，保持 public 基线
Infiniti M Sedan 2006-2007,SD0,SD0,APPLIED,OUT_OF_SCOPE_UNCHANGED,本轮未重新核定，保持 public 基线
Infiniti M Sedan 2008-2009,SD0,SD0,APPLIED,OUT_OF_SCOPE_UNCHANGED,本轮未重新核定，保持 public 基线
Infiniti M Sedan 2010,SD0,SD0,APPLIED,OUT_OF_SCOPE_UNCHANGED,本轮未重新核定，保持 public 基线
Infiniti M Sedan 2011-2013,SD0,SD0,APPLIED,OUT_OF_SCOPE_UNCHANGED,本轮未重新核定，保持 public 基线
Infiniti Q40 Sedan 2015,SD1,SD1,APPLIED,OUT_OF_SCOPE_UNCHANGED,本轮未重新核定，保持 public 基线
Infiniti Q45 Sedan 1990-1991,SD1,SD1,APPLIED,OUT_OF_SCOPE_UNCHANGED,本轮未重新核定，保持 public 基线
Infiniti Q45 Sedan 1992-1996,SD1,SD1,APPLIED,OUT_OF_SCOPE_UNCHANGED,本轮未重新核定，保持 public 基线
Infiniti Q45 Sedan 1997-2001,SD1,SD1,APPLIED,OUT_OF_SCOPE_UNCHANGED,本轮未重新核定，保持 public 基线
Infiniti Q45 Sedan 2002-2006,SD1,SD1,APPLIED,OUT_OF_SCOPE_UNCHANGED,本轮未重新核定，保持 public 基线
Infiniti Q50 Sedan 2014,SD1,SD1,APPLIED,OUT_OF_SCOPE_UNCHANGED,本轮未重新核定，保持 public 基线
Infiniti Q50 Sedan 2015,SD1,SD1,APPLIED,OUT_OF_SCOPE_UNCHANGED,本轮未重新核定，保持 public 基线
Infiniti Q50 Sedan 2016-2020,SD1,SD1,APPLIED,OUT_OF_SCOPE_UNCHANGED,本轮未重新核定，保持 public 基线
Infiniti Q50 Red Sport Sedan 2021-2024,SD1,SD1,APPLIED,OUT_OF_SCOPE_UNCHANGED,本轮未重新核定，保持 public 基线
Infiniti Q60 Convertible 2014-2015,SD0,SD0,APPLIED,OUT_OF_SCOPE_UNCHANGED,本轮未重新核定，保持 public 基线
Infiniti Q60 Coupe 2014-2015,SD0,SD0,APPLIED,OUT_OF_SCOPE_UNCHANGED,本轮未重新核定，保持 public 基线
Infiniti Q60 Convertible 2016,SD0,SD0,APPLIED,OUT_OF_SCOPE_UNCHANGED,本轮未重新核定，保持 public 基线
Infiniti Q60 Coupe 2016,SD0,SD0,APPLIED,OUT_OF_SCOPE_UNCHANGED,本轮未重新核定，保持 public 基线
Infiniti Q60 Red Sport Coupe 2017-2022,SD0,SD0,APPLIED,OUT_OF_SCOPE_UNCHANGED,本轮未重新核定，保持 public 基线
Infiniti Q70 Sedan 2014,SD1,SD1,APPLIED,OUT_OF_SCOPE_UNCHANGED,本轮未重新核定，保持 public 基线
Infiniti Q70 Sedan 2015-2019,SD1,SD1,APPLIED,OUT_OF_SCOPE_UNCHANGED,本轮未重新核定，保持 public 基线
Infiniti Q70L Sedan 2015-2019,SD1,SD1,APPLIED,OUT_OF_SCOPE_UNCHANGED,本轮未重新核定，保持 public 基线
Infiniti QX30 SUV 2017-2018,SU0,SU0,APPLIED,SUV_TAPER_REVIEW,详见 suv_audit.csv
Infiniti QX30 SUV 2019,SU0,SU0,APPLIED,SUV_TAPER_REVIEW,详见 suv_audit.csv
Infiniti QX4 SUV 1997-2003,SU2,SU2,APPLIED,SUV_TAPER_REVIEW,详见 suv_audit.csv
Infiniti QX50 SUV 2014-2015,SU0,SU0,APPLIED,SUV_TAPER_REVIEW,详见 suv_audit.csv
Infiniti QX50 SUV 2016-2017,SU0,SU0,APPLIED,SUV_TAPER_REVIEW,详见 suv_audit.csv
Infiniti QX50 SUV 2019-2025,SU1,SU1,APPLIED,SUV_TAPER_REVIEW,详见 suv_audit.csv
Infiniti QX55 SUV 2022-2025,SU0,SU1,APPLIED,SUV_TAPER_REVIEW,详见 suv_audit.csv
Infiniti QX56 SUV 2004-2010,SU2,SU2,APPLIED,SUV_TAPER_REVIEW,详见 suv_audit.csv
Infiniti QX56 SUV 2011-2013,SU2,SU2,APPLIED,SUV_TAPER_REVIEW,详见 suv_audit.csv
Infiniti QX60 SUV 2014-2015,SU1,SU1,APPLIED,SUV_TAPER_REVIEW,详见 suv_audit.csv
Infiniti QX60 SUV 2016,SU1,SU1,APPLIED,SUV_TAPER_REVIEW,详见 suv_audit.csv
Infiniti QX60 SUV 2017-2019,SU1,SU1,APPLIED,SUV_TAPER_REVIEW,详见 suv_audit.csv
Infiniti QX60 SUV 2020,SU1,SU1,APPLIED,SUV_TAPER_REVIEW,详见 suv_audit.csv
Infiniti QX60 SUV 2022-2026,SU1,SU1,APPLIED,SUV_TAPER_REVIEW,详见 suv_audit.csv
Infiniti QX70 Crossover 2014-2017,SU0,SU0,APPLIED,SUV_TAPER_REVIEW,详见 suv_audit.csv
Infiniti QX80 SUV 2014-2017,SU2,SU2,APPLIED,SUV_TAPER_REVIEW,详见 suv_audit.csv
Infiniti QX80 SUV 2018,SU2,SU2,APPLIED,SUV_TAPER_REVIEW,详见 suv_audit.csv
Infiniti QX80 SUV 2019-2024,SU2,SU2,APPLIED,SUV_TAPER_REVIEW,详见 suv_audit.csv
Infiniti QX80 SUV 2025-2026,SU2,SU2,APPLIED,SUV_TAPER_REVIEW,详见 suv_audit.csv
Jaguar E-Pace SUV 2018-2024,SU1,SU1,APPLIED,SUV_TAPER_REVIEW,详见 suv_audit.csv
Jaguar F-Pace SUV 2017-2023,SU1,SU1,APPLIED,SUV_TAPER_REVIEW,详见 suv_audit.csv
Jaguar F-Type Convertible 2015-2020,SD0,SD0,APPLIED,OUT_OF_SCOPE_UNCHANGED,本轮未重新核定，保持 public 基线
Jaguar F-Type Coupe 2015-2020,SD0,SD0,APPLIED,OUT_OF_SCOPE_UNCHANGED,本轮未重新核定，保持 public 基线
Jaguar F-Type P450 Convertible 2022-2024,SD0,SD0,APPLIED,OUT_OF_SCOPE_UNCHANGED,本轮未重新核定，保持 public 基线
Jaguar F-Type P450 Coupe 2022-2024,SD0,SD0,APPLIED,OUT_OF_SCOPE_UNCHANGED,本轮未重新核定，保持 public 基线
Jaguar F-Type P575 Convertible 2021-2023,SD0,SD0,APPLIED,OUT_OF_SCOPE_UNCHANGED,本轮未重新核定，保持 public 基线
Jaguar F-Type P575 Coupe 2021-2023,SD0,SD0,APPLIED,OUT_OF_SCOPE_UNCHANGED,本轮未重新核定，保持 public 基线
Jaguar F-Type R Coupe 2015-2020,SD0,SD0,APPLIED,OUT_OF_SCOPE_UNCHANGED,本轮未重新核定，保持 public 基线
Jaguar F-Type R Convertible 2016-2020,SD0,SD0,APPLIED,OUT_OF_SCOPE_UNCHANGED,本轮未重新核定，保持 public 基线
Jaguar F-Type R75 Convertible 2024,SD0,SD0,APPLIED,OUT_OF_SCOPE_UNCHANGED,本轮未重新核定，保持 public 基线
Jaguar F-Type R75 Coupe 2024,SD0,SD0,APPLIED,OUT_OF_SCOPE_UNCHANGED,本轮未重新核定，保持 public 基线
Jaguar F-Type SVR Convertible 2017-2020,SD0,SD0,APPLIED,OUT_OF_SCOPE_UNCHANGED,本轮未重新核定，保持 public 基线
Jaguar F-Type SVR Coupe 2017-2020,SD0,SD0,APPLIED,OUT_OF_SCOPE_UNCHANGED,本轮未重新核定，保持 public 基线
Jaguar F-Type V6/V8 S Convertible 2014,SD0,SD0,APPLIED,OUT_OF_SCOPE_UNCHANGED,本轮未重新核定，保持 public 基线
Jaguar I-Pace SUV 2019-2024,SU0,SU0,APPLIED,SUV_TAPER_REVIEW,详见 suv_audit.csv
Jaguar S-Type Sedan 2000-2004,SD1,SD1,APPLIED,OUT_OF_SCOPE_UNCHANGED,本轮未重新核定，保持 public 基线
Jaguar S-Type Sedan 2005-2008,SD1,SD1,APPLIED,OUT_OF_SCOPE_UNCHANGED,本轮未重新核定，保持 public 基线
Jaguar X-Type Sedan 2002-2008,SD1,SD1,APPLIED,OUT_OF_SCOPE_UNCHANGED,本轮未重新核定，保持 public 基线
Jaguar X-Type Wagon 2005-2008,H2,H2,APPLIED,OUT_OF_SCOPE_UNCHANGED,本轮未重新核定，保持 public 基线
Jaguar XE Sedan 2017-2019,SD1,SD1,APPLIED,OUT_OF_SCOPE_UNCHANGED,本轮未重新核定，保持 public 基线
Jaguar XE Sedan 2020,SD1,SD1,APPLIED,OUT_OF_SCOPE_UNCHANGED,本轮未重新核定，保持 public 基线
Jaguar XF Sedan 2009-2015,SD1,SD1,APPLIED,OUT_OF_SCOPE_UNCHANGED,本轮未重新核定，保持 public 基线
Jaguar XF Sedan 2016-2020,SD1,SD1,APPLIED,OUT_OF_SCOPE_UNCHANGED,本轮未重新核定，保持 public 基线
Jaguar XF Sedan 2021-2024,SD1,SD1,APPLIED,OUT_OF_SCOPE_UNCHANGED,本轮未重新核定，保持 public 基线
Jaguar XF Sportbrake Wagon 2018-2020,H2,H2,APPLIED,OUT_OF_SCOPE_UNCHANGED,本轮未重新核定，保持 public 基线
Jaguar XJ Sedan 1979-1992,SD1,SD1,APPLIED,OUT_OF_SCOPE_UNCHANGED,本轮未重新核定，保持 public 基线
Jaguar XJ Sedan 1988-1994,SD2,SD2,APPLIED,OUT_OF_SCOPE_UNCHANGED,本轮未重新核定，保持 public 基线
Jaguar XJ LWB Sedan 1995,SD1,SD1,APPLIED,OUT_OF_SCOPE_UNCHANGED,本轮未重新核定，保持 public 基线
Jaguar XJ LWB Sedan 1996-1997,SD1,SD1,APPLIED,OUT_OF_SCOPE_UNCHANGED,本轮未重新核定，保持 public 基线
Jaguar XJ LWB Sedan 1998-2003,SD1,SD1,APPLIED,OUT_OF_SCOPE_UNCHANGED,本轮未重新核定，保持 public 基线
Jaguar XJ LWB Sedan 2004-2009,SD1,SD1,APPLIED,OUT_OF_SCOPE_UNCHANGED,本轮未重新核定，保持 public 基线
Jaguar XJ LWB Sedan 2011-2019,SD1,SD1,APPLIED,OUT_OF_SCOPE_UNCHANGED,本轮未重新核定，保持 public 基线
Jaguar XJ SWB Sedan 1995-1997,SD1,SD1,APPLIED,OUT_OF_SCOPE_UNCHANGED,本轮未重新核定，保持 public 基线
Jaguar XJ SWB Sedan 1998-2003,SD1,SD1,APPLIED,OUT_OF_SCOPE_UNCHANGED,本轮未重新核定，保持 public 基线
Jaguar XJ SWB Sedan 2004-2009,SD1,SD1,APPLIED,OUT_OF_SCOPE_UNCHANGED,本轮未重新核定，保持 public 基线
Jaguar XJ SWB Sedan 2011-2019,SD1,SD1,APPLIED,OUT_OF_SCOPE_UNCHANGED,本轮未重新核定，保持 public 基线
Jaguar XJS Coupe 1976-1983,SD0,SD0,APPLIED,OUT_OF_SCOPE_UNCHANGED,本轮未重新核定，保持 public 基线
Jaguar XJS Convertible 1984-1991,SD0,SD0,APPLIED,OUT_OF_SCOPE_UNCHANGED,本轮未重新核定，保持 public 基线
Jaguar XJS Convertible 1992-1996,SD0,SD0,APPLIED,OUT_OF_SCOPE_UNCHANGED,本轮未重新核定，保持 public 基线
Jaguar XJS Coupe 1992-1996,SD0,SD0,APPLIED,OUT_OF_SCOPE_UNCHANGED,本轮未重新核定，保持 public 基线
Jaguar XK Convertible 1997-2004,SD0,SD0,APPLIED,OUT_OF_SCOPE_UNCHANGED,本轮未重新核定，保持 public 基线
Jaguar XK Coupe 1997-2004,SD0,SD0,APPLIED,OUT_OF_SCOPE_UNCHANGED,本轮未重新核定，保持 public 基线
Jaguar XK XKR Convertible 2005-2006,SD0,SD0,APPLIED,OUT_OF_SCOPE_UNCHANGED,本轮未重新核定，保持 public 基线
Jaguar XK XKR Coupe 2005-2006,SD0,SD0,APPLIED,OUT_OF_SCOPE_UNCHANGED,本轮未重新核定，保持 public 基线
Jaguar XK XKR Convertible 2007-2015,SD0,SD0,APPLIED,OUT_OF_SCOPE_UNCHANGED,本轮未重新核定，保持 public 基线
Jaguar XK XKR Coupe 2007-2015,SD0,SD0,APPLIED,OUT_OF_SCOPE_UNCHANGED,本轮未重新核定，保持 public 基线
Jaguar XK XKR-S Convertible 2012-2014,SD0,SD0,APPLIED,OUT_OF_SCOPE_UNCHANGED,本轮未重新核定，保持 public 基线
Jaguar XK XKR-S Coupe 2012-2014,SD0,SD0,APPLIED,OUT_OF_SCOPE_UNCHANGED,本轮未重新核定，保持 public 基线
Jeep Cherokee SUV 1974-1983,JP,JP,APPLIED,SUV_TAPER_REVIEW,详见 suv_audit.csv
Jeep Cherokee SUV 1984-1990,JP,JP,APPLIED,SUV_TAPER_REVIEW,详见 suv_audit.csv
Jeep Cherokee SUV 1991-1993,JP,JP,APPLIED,SUV_TAPER_REVIEW,详见 suv_audit.csv
Jeep Cherokee SUV 1994-1996,JP,JP,APPLIED,SUV_TAPER_REVIEW,详见 suv_audit.csv
Jeep Cherokee SUV 1997-2001,JP,JP,APPLIED,SUV_TAPER_REVIEW,详见 suv_audit.csv
Jeep Cherokee SUV 2014-2023,SU1,SU1,APPLIED,SUV_TAPER_REVIEW,详见 suv_audit.csv
Jeep Cherokee SUV 2026,SU2,SU2,APPLIED,SUV_TAPER_REVIEW,详见 suv_audit.csv
Jeep Commander SUV 2006-2010,SU2,SU2,APPLIED,SUV_TAPER_REVIEW,详见 suv_audit.csv
Jeep Compass SUV 2007-2010,SU1,SU1,APPLIED,SUV_TAPER_REVIEW,详见 suv_audit.csv
Jeep Compass SUV 2011-2016,SU1,SU1,APPLIED,SUV_TAPER_REVIEW,详见 suv_audit.csv
Jeep Compass SUV 2017-2026,SU1,SU1,APPLIED,SUV_TAPER_REVIEW,详见 suv_audit.csv
Jeep Gladiator Pickup 2020-2026 Crew 5,P1,P1,APPLIED,OUT_OF_SCOPE_UNCHANGED,本轮未重新核定，保持 public 基线
Jeep Gladiator Rubicon Pickup 2020 Crew 5,P1,P1,APPLIED,OUT_OF_SCOPE_UNCHANGED,本轮未重新核定，保持 public 基线
Jeep Gladiator Rubicon/Mojave Pickup 2021-2026 Crew 5,P1,P1,APPLIED,OUT_OF_SCOPE_UNCHANGED,本轮未重新核定，保持 public 基线
Jeep Grand Cherokee SUV 1993,SU1,SU1,APPLIED,SUV_TAPER_REVIEW,详见 suv_audit.csv
Jeep Grand Cherokee SUV 1994-1995,SU1,SU1,APPLIED,SUV_TAPER_REVIEW,详见 suv_audit.csv
Jeep Grand Cherokee SUV 1996,SU1,SU1,APPLIED,SUV_TAPER_REVIEW,详见 suv_audit.csv
Jeep Grand Cherokee SUV 1997-1998,SU1,SU1,APPLIED,SUV_TAPER_REVIEW,详见 suv_audit.csv
Jeep Grand Cherokee SUV 1999-2000,SU1,SU1,APPLIED,SUV_TAPER_REVIEW,详见 suv_audit.csv
Jeep Grand Cherokee SUV 2001-2003,SU1,SU1,APPLIED,SUV_TAPER_REVIEW,详见 suv_audit.csv
Jeep Grand Cherokee SUV 2004,SU1,SU1,APPLIED,SUV_TAPER_REVIEW,详见 suv_audit.csv
Jeep Grand Cherokee SUV 2005-2009,SU1,SU1,APPLIED,SUV_TAPER_REVIEW,详见 suv_audit.csv
Jeep Grand Cherokee SUV 2010,SU1,SU1,APPLIED,SUV_TAPER_REVIEW,详见 suv_audit.csv
Jeep Grand Cherokee SUV 2011-2013,SU1,SU1,APPLIED,SUV_TAPER_REVIEW,详见 suv_audit.csv
Jeep Grand Cherokee SUV 2014-2021,SU1,SU1,APPLIED,SUV_TAPER_REVIEW,详见 suv_audit.csv
Jeep Grand Cherokee SUV 2022-2026,SU1,SU1,APPLIED,SUV_TAPER_REVIEW,详见 suv_audit.csv
Jeep Grand Cherokee L SUV 2021-2025,SU1,SU1,APPLIED,SUV_TAPER_REVIEW,详见 suv_audit.csv
Jeep Grand Cherokee L SUV 2026,SU1,SU1,APPLIED,SUV_TAPER_REVIEW,详见 suv_audit.csv
Jeep Grand Cherokee SRT SUV 2014-2017,SU1,SU1,APPLIED,SUV_TAPER_REVIEW,详见 suv_audit.csv
Jeep Grand Cherokee SRT SUV 2018-2019,SU1,SU1,APPLIED,SUV_TAPER_REVIEW,详见 suv_audit.csv
Jeep Grand Cherokee SRT SUV 2020-2021,SU1,SU1,APPLIED,SUV_TAPER_REVIEW,详见 suv_audit.csv
Jeep Grand Wagoneer SUV 1984-1991,SU2,SU2,APPLIED,SUV_TAPER_REVIEW,详见 suv_audit.csv
Jeep Grand Wagoneer SUV 2022-2026,SU2,SU2,APPLIED,SUV_TAPER_REVIEW,详见 suv_audit.csv
Jeep Grand Wagoneer L SUV 2023-2026,SU2,SU2,APPLIED,SUV_TAPER_REVIEW,详见 suv_audit.csv
Jeep Liberty SUV 2002,SU1,SU1,APPLIED,SUV_TAPER_REVIEW,详见 suv_audit.csv
Jeep Liberty SUV 2003-2005,SU1,SU1,APPLIED,SUV_TAPER_REVIEW,详见 suv_audit.csv
Jeep Liberty SUV 2006-2007,SU1,SU1,APPLIED,SUV_TAPER_REVIEW,详见 suv_audit.csv
Jeep Liberty SUV 2008-2010,SU2,SU2,APPLIED,SUV_TAPER_REVIEW,详见 suv_audit.csv
Jeep Liberty SUV 2011,SU2,SU2,APPLIED,SUV_TAPER_REVIEW,详见 suv_audit.csv
Jeep Liberty SUV 2012,SU2,SU2,APPLIED,SUV_TAPER_REVIEW,详见 suv_audit.csv
Jeep Patriot SUV 2007-2010,SU2,SU2,APPLIED,SUV_TAPER_REVIEW,详见 suv_audit.csv
Jeep Patriot SUV 2011-2017,SU2,SU2,APPLIED,SUV_TAPER_REVIEW,详见 suv_audit.csv
Jeep Renegade SUV 2015-2018,SU2,SU2,APPLIED,SUV_TAPER_REVIEW,详见 suv_audit.csv
Jeep Renegade SUV 2019-2023,SU2,SU2,APPLIED,SUV_TAPER_REVIEW,详见 suv_audit.csv
Jeep Wagoneer SUV 1963-1991,SU2,SU2,APPLIED,SUV_TAPER_REVIEW,详见 suv_audit.csv
Jeep Wagoneer SUV 2023-2025,SU2,SU2,APPLIED,SUV_TAPER_REVIEW,详见 suv_audit.csv
Jeep Wagoneer L SUV 2023-2025,SU2,SU2,APPLIED,SUV_TAPER_REVIEW,详见 suv_audit.csv
Jeep Wagoneer S SUV 2025-2026,SU0,SU1,APPLIED,SUV_TAPER_REVIEW,详见 suv_audit.csv
Jeep Wrangler 2dr SUV 1987,JP,JP,APPLIED,SUV_TAPER_REVIEW,详见 suv_audit.csv
Jeep Wrangler 2dr SUV 1988-1990,JP,JP,APPLIED,SUV_TAPER_REVIEW,详见 suv_audit.csv
Jeep Wrangler 2dr SUV 1991-1992,JP,JP,APPLIED,SUV_TAPER_REVIEW,详见 suv_audit.csv
Jeep Wrangler 2dr SUV 1993,JP,JP,APPLIED,SUV_TAPER_REVIEW,详见 suv_audit.csv
Jeep Wrangler 2dr SUV 1994-1995,JP,JP,APPLIED,SUV_TAPER_REVIEW,详见 suv_audit.csv
Jeep Wrangler 2dr SUV 1997,JP,JP,APPLIED,SUV_TAPER_REVIEW,详见 suv_audit.csv
Jeep Wrangler 2dr SUV 1998,JP,JP,APPLIED,SUV_TAPER_REVIEW,详见 suv_audit.csv
Jeep Wrangler 2dr SUV 1999,JP,JP,APPLIED,SUV_TAPER_REVIEW,详见 suv_audit.csv
Jeep Wrangler 2dr SUV 2000-2001,JP,JP,APPLIED,SUV_TAPER_REVIEW,详见 suv_audit.csv
Jeep Wrangler 2dr SUV 2002-2006,JP,JP,APPLIED,SUV_TAPER_REVIEW,详见 suv_audit.csv
Jeep Wrangler 2dr SUV 2007-2011,JP,JP,APPLIED,SUV_TAPER_REVIEW,详见 suv_audit.csv
Jeep Wrangler 2dr SUV 2012,JP,JP,APPLIED,SUV_TAPER_REVIEW,详见 suv_audit.csv
Jeep Wrangler 2dr SUV 2013-2014,JP,JP,APPLIED,SUV_TAPER_REVIEW,详见 suv_audit.csv
Jeep Wrangler 2dr SUV 2015-2018,JP,JP,APPLIED,SUV_TAPER_REVIEW,详见 suv_audit.csv
Jeep Wrangler 2dr SUV 2018-2026,JP,JP,APPLIED,SUV_TAPER_REVIEW,详见 suv_audit.csv
Jeep Wrangler 2dr Rubicon SUV 2004-2006,JP,JP,APPLIED,SUV_TAPER_REVIEW,详见 suv_audit.csv
Jeep Wrangler 2dr Unlimited SUV 2004-2006,JP,JP,APPLIED,SUV_TAPER_REVIEW,详见 suv_audit.csv
Jeep Wrangler 2dr Unlimited Rubicon SUV 2005-2006,JP,JP,APPLIED,SUV_TAPER_REVIEW,详见 suv_audit.csv
Jeep Wrangler 2dr Xtreme SUV 2024-2026,JP,JP,APPLIED,SUV_TAPER_REVIEW,详见 suv_audit.csv
Jeep Wrangler 4dr Rubicon SUV 2021-2026,JP,JP,APPLIED,SUV_TAPER_REVIEW,详见 suv_audit.csv
Jeep Wrangler 4dr Unlimited SUV 2007-2011,JP,JP,APPLIED,SUV_TAPER_REVIEW,详见 suv_audit.csv
Jeep Wrangler 4dr Unlimited SUV 2012,JP,JP,APPLIED,SUV_TAPER_REVIEW,详见 suv_audit.csv
Jeep Wrangler 4dr Unlimited SUV 2013-2018,JP,JP,APPLIED,SUV_TAPER_REVIEW,详见 suv_audit.csv
Jeep Wrangler 4dr Unlimited SUV 2018-2026,JP,JP,APPLIED,SUV_TAPER_REVIEW,详见 suv_audit.csv
Jeep Wrangler 4dr Xtreme SUV 2024-2026,JP,JP,APPLIED,SUV_TAPER_REVIEW,详见 suv_audit.csv
Karma Automotive GS-6 Sedan 2021-2022,SD0,SD0,APPLIED,OUT_OF_SCOPE_UNCHANGED,本轮未重新核定，保持 public 基线
Karma Automotive Revero Sedan 2025,SD0,SD0,APPLIED,OUT_OF_SCOPE_UNCHANGED,本轮未重新核定，保持 public 基线
Karma Automotive Revero GT/GTS Sedan 2017-2020,SD0,SD0,APPLIED,OUT_OF_SCOPE_UNCHANGED,本轮未重新核定，保持 public 基线
Karma Automotive Revero GT/GTS Sedan 2021,SD0,SD0,APPLIED,OUT_OF_SCOPE_UNCHANGED,本轮未重新核定，保持 public 基线
Kia Amanti Sedan 2004-2009,SD1,SD1,APPLIED,OUT_OF_SCOPE_UNCHANGED,本轮未重新核定，保持 public 基线
Kia Borrego SUV 2009,SU2,SU2,APPLIED,SUV_TAPER_REVIEW,详见 suv_audit.csv
Kia Cadenza Sedan 2014,SD1,SD1,APPLIED,OUT_OF_SCOPE_UNCHANGED,本轮未重新核定，保持 public 基线
Kia Cadenza Sedan 2015-2016,SD1,SD1,APPLIED,OUT_OF_SCOPE_UNCHANGED,本轮未重新核定，保持 public 基线
Kia Cadenza Sedan 2017-2020,SD1,SD1,APPLIED,OUT_OF_SCOPE_UNCHANGED,本轮未重新核定，保持 public 基线
Kia Carnival MPV 2022-2026,V0,V0,APPLIED,OUT_OF_SCOPE_UNCHANGED,本轮未重新核定，保持 public 基线
Kia Carnival Sedona MPV 2015-2021,V0,V0,APPLIED,OUT_OF_SCOPE_UNCHANGED,本轮未重新核定，保持 public 基线
Kia Carnival Sedona LWB MPV 2007-2012,V0,V0,APPLIED,OUT_OF_SCOPE_UNCHANGED,本轮未重新核定，保持 public 基线
Kia Carnival Sedona LWB MPV 2014,V0,V0,APPLIED,OUT_OF_SCOPE_UNCHANGED,本轮未重新核定，保持 public 基线
Kia Carnival Sedona SWB MPV 2002-2005,V0,V0,APPLIED,OUT_OF_SCOPE_UNCHANGED,本轮未重新核定，保持 public 基线
Kia Carnival Sedona SWB MPV 2007,V0,V0,APPLIED,OUT_OF_SCOPE_UNCHANGED,本轮未重新核定，保持 public 基线
Kia EV6 Crossover 2022-2026,SU0,SU0,APPLIED,SUV_TAPER_REVIEW,详见 suv_audit.csv
Kia EV9 SUV 2024-2026,SU2,SU2,APPLIED,SUV_TAPER_REVIEW,详见 suv_audit.csv
Kia Forte Coupe 2010-2013,SD1,SD1,APPLIED,OUT_OF_SCOPE_UNCHANGED,本轮未重新核定，保持 public 基线
Kia Forte Sedan 2010-2013,SD1,SD1,APPLIED,OUT_OF_SCOPE_UNCHANGED,本轮未重新核定，保持 public 基线
Kia Forte Sedan 2014-2018,SD1,SD1,APPLIED,OUT_OF_SCOPE_UNCHANGED,本轮未重新核定，保持 public 基线
Kia Forte Sedan 2019-2024,SD1,SD1,APPLIED,OUT_OF_SCOPE_UNCHANGED,本轮未重新核定，保持 public 基线
Kia Forte Forte5 Hatchback 2014-2018,H0,H0,APPLIED,OUT_OF_SCOPE_UNCHANGED,本轮未重新核定，保持 public 基线
Kia Forte Koup Coupe 2014-2016,SD1,SD1,APPLIED,OUT_OF_SCOPE_UNCHANGED,本轮未重新核定，保持 public 基线
Kia K5 Sedan 2021-2026,SD1,SD1,APPLIED,OUT_OF_SCOPE_UNCHANGED,本轮未重新核定，保持 public 基线
Kia K900 Sedan 2015-2017,SD1,SD1,APPLIED,OUT_OF_SCOPE_UNCHANGED,本轮未重新核定，保持 public 基线
Kia K900 Sedan 2019-2020,SD1,SD1,APPLIED,OUT_OF_SCOPE_UNCHANGED,本轮未重新核定，保持 public 基线
Kia NIRO Crossover 2017-2022,SU1,SU1,APPLIED,SUV_TAPER_REVIEW,详见 suv_audit.csv
Kia NIRO Crossover 2023-2026,SU1,SU1,APPLIED,SUV_TAPER_REVIEW,详见 suv_audit.csv
Kia NIRO EV Crossover 2019-2022,SU1,SU1,APPLIED,SUV_TAPER_REVIEW,详见 suv_audit.csv
Kia NIRO EV Crossover 2023-2026,SU1,SU1,APPLIED,SUV_TAPER_REVIEW,详见 suv_audit.csv
Kia Optima Sedan 2001-2005,SD1,SD1,APPLIED,OUT_OF_SCOPE_UNCHANGED,本轮未重新核定，保持 public 基线
Kia Optima Sedan 2006-2010,SD1,SD1,APPLIED,OUT_OF_SCOPE_UNCHANGED,本轮未重新核定，保持 public 基线
Kia Optima Sedan 2011-2015,SD1,SD1,APPLIED,OUT_OF_SCOPE_UNCHANGED,本轮未重新核定，保持 public 基线
Kia Optima Sedan 2016-2020,SD1,SD1,APPLIED,OUT_OF_SCOPE_UNCHANGED,本轮未重新核定，保持 public 基线
Kia Optima Hybrid Sedan 2011-2015,SD1,SD1,APPLIED,OUT_OF_SCOPE_UNCHANGED,本轮未重新核定，保持 public 基线
Kia Optima Hybrid Sedan 2016,SD1,SD1,APPLIED,OUT_OF_SCOPE_UNCHANGED,本轮未重新核定，保持 public 基线
Kia Optima Hybrid Sedan 2017-2020,SD1,SD1,APPLIED,OUT_OF_SCOPE_UNCHANGED,本轮未重新核定，保持 public 基线
Kia Optima PHEV Sedan 2017-2020,SD1,SD1,APPLIED,OUT_OF_SCOPE_UNCHANGED,本轮未重新核定，保持 public 基线
Kia Rio Sedan 2001-2005,SD1,SD1,APPLIED,OUT_OF_SCOPE_UNCHANGED,本轮未重新核定，保持 public 基线
Kia Rio Sedan 2006-2011,SD1,SD1,APPLIED,OUT_OF_SCOPE_UNCHANGED,本轮未重新核定，保持 public 基线
Kia Rio Sedan 2012-2017,SD1,SD1,APPLIED,OUT_OF_SCOPE_UNCHANGED,本轮未重新核定，保持 public 基线
Kia Rio Sedan 2018-2023,SD1,SD1,APPLIED,OUT_OF_SCOPE_UNCHANGED,本轮未重新核定，保持 public 基线
Kia Rio Rio5 Wagon 2001-2005,H2,H2,APPLIED,OUT_OF_SCOPE_UNCHANGED,本轮未重新核定，保持 public 基线
Kia Rio Rio5 Hatchback 2006-2011,H0,H0,APPLIED,OUT_OF_SCOPE_UNCHANGED,本轮未重新核定，保持 public 基线
Kia Rio Rio5 Hatchback 2012-2017,H0,H0,APPLIED,OUT_OF_SCOPE_UNCHANGED,本轮未重新核定，保持 public 基线
Kia Rio Rio5 Hatchback 2018-2023,H0,H0,APPLIED,OUT_OF_SCOPE_UNCHANGED,本轮未重新核定，保持 public 基线
Kia Rondo SUV 2007-2008,V0,V0,APPLIED,SUV_TAPER_REVIEW,详见 suv_audit.csv
Kia Rondo SUV 2009-2010,V0,V0,APPLIED,SUV_TAPER_REVIEW,详见 suv_audit.csv
Kia SELTOS SUV 2021-2023,SU2,SU2,APPLIED,SUV_TAPER_REVIEW,详见 suv_audit.csv
Kia SELTOS SUV 2024-2025,SU2,SU2,APPLIED,SUV_TAPER_REVIEW,详见 suv_audit.csv
Kia Sephia Sedan 1994,SD1,SD1,APPLIED,OUT_OF_SCOPE_UNCHANGED,本轮未重新核定，保持 public 基线
Kia Sephia Sedan 1995-1997,SD1,SD1,APPLIED,OUT_OF_SCOPE_UNCHANGED,本轮未重新核定，保持 public 基线
Kia Sephia Sedan 1998-2001,SD1,SD1,APPLIED,OUT_OF_SCOPE_UNCHANGED,本轮未重新核定，保持 public 基线
Kia Sorento SUV 2003-2009,SU1,SU1,APPLIED,SUV_TAPER_REVIEW,详见 suv_audit.csv
Kia Sorento SUV 2011-2015,SU1,SU1,APPLIED,SUV_TAPER_REVIEW,详见 suv_audit.csv
Kia Sorento SUV 2016-2018,SU1,SU1,APPLIED,SUV_TAPER_REVIEW,详见 suv_audit.csv
Kia Sorento SUV 2019-2020,SU1,SU1,APPLIED,SUV_TAPER_REVIEW,详见 suv_audit.csv
Kia Sorento SUV 2021-2023,SU1,SU1,APPLIED,SUV_TAPER_REVIEW,详见 suv_audit.csv
Kia Sorento SUV 2024-2026,SU1,SU1,APPLIED,SUV_TAPER_REVIEW,详见 suv_audit.csv
Kia Sorento PHEV SUV 2024,SU1,SU1,APPLIED,SUV_TAPER_REVIEW,详见 suv_audit.csv
Kia Soul Wagon 2010-2013,H1,H1,APPLIED,OUT_OF_SCOPE_UNCHANGED,本轮未重新核定，保持 public 基线
Kia Soul Wagon 2014-2019,H1,H1,APPLIED,OUT_OF_SCOPE_UNCHANGED,本轮未重新核定，保持 public 基线
Kia Soul Wagon 2020-2025,H1,H1,APPLIED,OUT_OF_SCOPE_UNCHANGED,本轮未重新核定，保持 public 基线
Kia Soul EV Hatchback 2014-2019,H1,H1,APPLIED,OUT_OF_SCOPE_UNCHANGED,本轮未重新核定，保持 public 基线
Kia Spectra Sedan 2000-2001,SD1,SD1,APPLIED,OUT_OF_SCOPE_UNCHANGED,本轮未重新核定，保持 public 基线
Kia Spectra Hatchback 2002-2004,H0,H0,APPLIED,OUT_OF_SCOPE_UNCHANGED,本轮未重新核定，保持 public 基线
Kia Spectra Sedan 2004,SD1,SD1,APPLIED,OUT_OF_SCOPE_UNCHANGED,本轮未重新核定，保持 public 基线
Kia Spectra Sedan 2005-2006,SD1,SD1,APPLIED,OUT_OF_SCOPE_UNCHANGED,本轮未重新核定，保持 public 基线
Kia Spectra Hatchback 2006,H0,H0,APPLIED,OUT_OF_SCOPE_UNCHANGED,本轮未重新核定，保持 public 基线
Kia Spectra Hatchback 2007-2009,H0,H0,APPLIED,OUT_OF_SCOPE_UNCHANGED,本轮未重新核定，保持 public 基线
Kia Spectra Sedan 2007-2009,SD1,SD1,APPLIED,OUT_OF_SCOPE_UNCHANGED,本轮未重新核定，保持 public 基线
Kia Sportage SUV 2005-2010,SU1,SU1,APPLIED,SUV_TAPER_REVIEW,详见 suv_audit.csv
Kia Sportage SUV 2011-2016,SU1,SU1,APPLIED,SUV_TAPER_REVIEW,详见 suv_audit.csv
Kia Sportage SUV 2017-2022,SU1,SU1,APPLIED,SUV_TAPER_REVIEW,详见 suv_audit.csv
Kia Sportage SUV 2023-2025,SU1,SU1,APPLIED,SUV_TAPER_REVIEW,详见 suv_audit.csv
Kia Sportage SUV 2026,SU1,SU1,APPLIED,SUV_TAPER_REVIEW,详见 suv_audit.csv
Kia Sportage 2dr SUV 1995-2002,SU2,SU2,APPLIED,SUV_TAPER_REVIEW,详见 suv_audit.csv
Kia Sportage 4dr SUV 1995,SU2,SU2,APPLIED,SUV_TAPER_REVIEW,详见 suv_audit.csv
Kia Sportage 4dr SUV 1996,SU2,SU2,APPLIED,SUV_TAPER_REVIEW,详见 suv_audit.csv
Kia Sportage 4dr SUV 1997,SU2,SU2,APPLIED,SUV_TAPER_REVIEW,详见 suv_audit.csv
Kia Sportage PHEV SUV 2023-2026,SU1,SU1,APPLIED,SUV_TAPER_REVIEW,详见 suv_audit.csv
Kia Stinger Coupe 2018-2021,SD1,SD1,APPLIED,OUT_OF_SCOPE_UNCHANGED,本轮未重新核定，保持 public 基线
Kia Stinger Fastback 2022-2023,SD1,SD1,APPLIED,OUT_OF_SCOPE_UNCHANGED,本轮未重新核定，保持 public 基线
Kia Stinger GT Liftback 2018-2021,SD1,SD1,APPLIED,OUT_OF_SCOPE_UNCHANGED,本轮未重新核定，保持 public 基线
Kia Telluride SUV 2020-2023,SU2,SU2,APPLIED,SUV_TAPER_REVIEW,详见 suv_audit.csv
Kia Telluride SUV 2024-2026,SU2,SU2,APPLIED,SUV_TAPER_REVIEW,详见 suv_audit.csv
Land Rover Defender 110 SUV 2020-2024,JP,JP,APPLIED,SUV_TAPER_REVIEW,详见 suv_audit.csv
Land Rover Defender 110 NAS SUV 1993,JP,JP,APPLIED,SUV_TAPER_REVIEW,详见 suv_audit.csv
Land Rover Defender 110 OCTA SUV 2025-2026,JP,JP,APPLIED,SUV_TAPER_REVIEW,详见 suv_audit.csv
Land Rover Defender 130 SUV 2023-2026,JP,JP,APPLIED,SUV_TAPER_REVIEW,详见 suv_audit.csv
Land Rover Defender 90 SUV 2020-2026,JP,JP,APPLIED,SUV_TAPER_REVIEW,详见 suv_audit.csv
Land Rover Defender 90 NAS SUV 1994-1995,JP,JP,APPLIED,SUV_TAPER_REVIEW,详见 suv_audit.csv
Land Rover Defender 90 NAS SUV 1997,JP,JP,APPLIED,SUV_TAPER_REVIEW,详见 suv_audit.csv
Land Rover Discovery SUV 1994-1998,SU2,SU2,APPLIED,SUV_TAPER_REVIEW,详见 suv_audit.csv
Land Rover Discovery SUV 1999,SU2,SU2,APPLIED,SUV_TAPER_REVIEW,详见 suv_audit.csv
Land Rover Discovery SUV 2000-2004,SU2,SU2,APPLIED,SUV_TAPER_REVIEW,详见 suv_audit.csv
Land Rover Discovery SUV 2010-2016,SU2,SU2,APPLIED,SUV_TAPER_REVIEW,详见 suv_audit.csv
Land Rover Discovery SUV 2017,SU1,SU1,APPLIED,SUV_TAPER_REVIEW,详见 suv_audit.csv
Land Rover Discovery SUV 2018-2019,SU1,SU1,APPLIED,SUV_TAPER_REVIEW,详见 suv_audit.csv
Land Rover Discovery SUV 2020,SU1,SU1,APPLIED,SUV_TAPER_REVIEW,详见 suv_audit.csv
Land Rover Discovery SUV 2021,SU1,SU1,APPLIED,SUV_TAPER_REVIEW,详见 suv_audit.csv
Land Rover Discovery SUV 2022,SU1,SU1,APPLIED,SUV_TAPER_REVIEW,详见 suv_audit.csv
Land Rover Discovery SUV 2023-2024,SU1,SU1,APPLIED,SUV_TAPER_REVIEW,详见 suv_audit.csv
Land Rover Discovery Sport SUV 2015-2019,SU1,SU1,APPLIED,SUV_TAPER_REVIEW,详见 suv_audit.csv
Land Rover Discovery Sport SUV 2020-2026,SU1,SU1,APPLIED,SUV_TAPER_REVIEW,详见 suv_audit.csv
Land Rover Evoque Coupe 2012-2018,SU0,SU1,APPLIED,SUV_TAPER_REVIEW,详见 suv_audit.csv
Land Rover Evoque SUV 2020-2026,SU0,SU1,APPLIED,SUV_TAPER_REVIEW,详见 suv_audit.csv
Land Rover Freelander SUV 2002-2003,SU1,SU1,APPLIED,SUV_TAPER_REVIEW,详见 suv_audit.csv
Land Rover Freelander SUV 2004,SU1,SU1,APPLIED,SUV_TAPER_REVIEW,详见 suv_audit.csv
Land Rover Freelander SUV 2005,SU1,SU1,APPLIED,SUV_TAPER_REVIEW,详见 suv_audit.csv
Land Rover LR2 SUV 2008-2015,SU1,SU1,APPLIED,SUV_TAPER_REVIEW,详见 suv_audit.csv
Land Rover LR3 SUV 2005-2009,SU2,SU2,APPLIED,SUV_TAPER_REVIEW,详见 suv_audit.csv
Land Rover LR4 SUV 2010,SU2,SU2,APPLIED,SUV_TAPER_REVIEW,详见 suv_audit.csv
Land Rover LR4 SUV 2011-2012,SU2,SU2,APPLIED,SUV_TAPER_REVIEW,详见 suv_audit.csv
Land Rover LR4 SUV 2013,SU2,SU2,APPLIED,SUV_TAPER_REVIEW,详见 suv_audit.csv
Land Rover LR4 SUV 2014-2016,SU2,SU2,APPLIED,SUV_TAPER_REVIEW,详见 suv_audit.csv
Land Rover Range Rover SUV 1987-1992,SU2,SU2,APPLIED,SUV_TAPER_REVIEW,详见 suv_audit.csv
Land Rover Range Rover SUV 1995-2002,SU2,SU2,APPLIED,SUV_TAPER_REVIEW,详见 suv_audit.csv
Land Rover Range Rover SUV 2003-2005,SU2,SU2,APPLIED,SUV_TAPER_REVIEW,详见 suv_audit.csv
Land Rover Range Rover SUV 2006-2012,SU2,SU2,APPLIED,SUV_TAPER_REVIEW,详见 suv_audit.csv
Land Rover Range Rover SUV 2013-2021,SU2,SU2,APPLIED,SUV_TAPER_REVIEW,详见 suv_audit.csv
Land Rover Range Rover SUV 2022-2026,SU2,SU2,APPLIED,SUV_TAPER_REVIEW,详见 suv_audit.csv
Land Rover Range Rover LWB SUV 1993-1995,SU2,SU2,APPLIED,SUV_TAPER_REVIEW,详见 suv_audit.csv
Land Rover Range Rover LWB SUV 2014-2017,SU2,SU2,APPLIED,SUV_TAPER_REVIEW,详见 suv_audit.csv
Land Rover Range Rover LWB SUV 2018,SU2,SU2,APPLIED,SUV_TAPER_REVIEW,详见 suv_audit.csv
Land Rover Range Rover LWB SUV 2019,SU2,SU2,APPLIED,SUV_TAPER_REVIEW,详见 suv_audit.csv
Land Rover Range Rover LWB SUV 2020-2021,SU2,SU2,APPLIED,SUV_TAPER_REVIEW,详见 suv_audit.csv
Land Rover Range Rover LWB SUV 2022-2026,SU2,SU2,APPLIED,SUV_TAPER_REVIEW,详见 suv_audit.csv
Land Rover Range Rover Evoque Coupe 2012-2016,SU0,SU1,APPLIED,SUV_TAPER_REVIEW,详见 suv_audit.csv
Land Rover Range Rover Evoque Convertible 2017-2019,SU1,SU1,APPLIED,SUV_TAPER_REVIEW,详见 suv_audit.csv
Land Rover Range Rover Evoque SUV 2020-2026,SU0,SU1,APPLIED,SUV_TAPER_REVIEW,详见 suv_audit.csv
Land Rover Range Rover Sport SUV 2006-2008,SU0,SU2,APPLIED,SUV_TAPER_REVIEW,详见 suv_audit.csv
Land Rover Range Rover Sport SUV 2009,SU0,SU2,APPLIED,SUV_TAPER_REVIEW,详见 suv_audit.csv
Land Rover Range Rover Sport SUV 2010,SU0,SU2,APPLIED,SUV_TAPER_REVIEW,详见 suv_audit.csv
Land Rover Range Rover Sport SUV 2011-2013,SU0,SU2,APPLIED,SUV_TAPER_REVIEW,详见 suv_audit.csv
Land Rover Range Rover Sport SUV 2014,SU0,SU1,APPLIED,SUV_TAPER_REVIEW,详见 suv_audit.csv
Land Rover Range Rover Sport SUV 2015-2016,SU0,SU1,APPLIED,SUV_TAPER_REVIEW,详见 suv_audit.csv
Land Rover Range Rover Sport SUV 2017,SU0,SU1,APPLIED,SUV_TAPER_REVIEW,详见 suv_audit.csv
Land Rover Range Rover Sport SUV 2018-2022,SU0,SU1,APPLIED,SUV_TAPER_REVIEW,详见 suv_audit.csv
Land Rover Range Rover Sport SUV 2023,SU0,SU1,APPLIED,SUV_TAPER_REVIEW,详见 suv_audit.csv
Land Rover Range Rover Sport SUV 2024,SU0,SU1,APPLIED,SUV_TAPER_REVIEW,详见 suv_audit.csv
Land Rover Range Rover Sport SUV 2025,SU0,SU1,APPLIED,SUV_TAPER_REVIEW,详见 suv_audit.csv
Land Rover Range Rover Sport SUV 2026,SU0,SU1,APPLIED,SUV_TAPER_REVIEW,详见 suv_audit.csv
Land Rover Range Rover Velar SUV 2018-2026,SU0,SU1,APPLIED,SUV_TAPER_REVIEW,详见 suv_audit.csv
Lexus CT Hatchback 2011-2013,H0,H0,APPLIED,OUT_OF_SCOPE_UNCHANGED,本轮未重新核定，保持 public 基线
Lexus CT Hatchback 2014-2017,H0,H0,APPLIED,OUT_OF_SCOPE_UNCHANGED,本轮未重新核定，保持 public 基线
Lexus ES Sedan 1991,SD2,SD2,APPLIED,OUT_OF_SCOPE_UNCHANGED,本轮未重新核定，保持 public 基线
Lexus ES Sedan 1992-1996,SD1,SD1,APPLIED,OUT_OF_SCOPE_UNCHANGED,本轮未重新核定，保持 public 基线
Lexus ES Sedan 1997-2001,SD1,SD1,APPLIED,OUT_OF_SCOPE_UNCHANGED,本轮未重新核定，保持 public 基线
Lexus ES Sedan 2002-2006,SD1,SD1,APPLIED,OUT_OF_SCOPE_UNCHANGED,本轮未重新核定，保持 public 基线
Lexus ES Sedan 2007-2012,SD1,SD1,APPLIED,OUT_OF_SCOPE_UNCHANGED,本轮未重新核定，保持 public 基线
Lexus ES Sedan 2013-2018,SD1,SD1,APPLIED,OUT_OF_SCOPE_UNCHANGED,本轮未重新核定，保持 public 基线
Lexus ES Sedan 2019-2025,SD1,SD1,APPLIED,OUT_OF_SCOPE_UNCHANGED,本轮未重新核定，保持 public 基线
Lexus ES Sedan 2026,SD1,SD1,APPLIED,OUT_OF_SCOPE_UNCHANGED,本轮未重新核定，保持 public 基线
Lexus GS Sedan 1993-1996,SD1,SD1,APPLIED,OUT_OF_SCOPE_UNCHANGED,本轮未重新核定，保持 public 基线
Lexus GS Sedan 1997,SD1,SD1,APPLIED,OUT_OF_SCOPE_UNCHANGED,本轮未重新核定，保持 public 基线
Lexus GS Sedan 1998-2005,SD1,SD1,APPLIED,OUT_OF_SCOPE_UNCHANGED,本轮未重新核定，保持 public 基线
Lexus GS Sedan 2006-2011,SD1,SD1,APPLIED,OUT_OF_SCOPE_UNCHANGED,本轮未重新核定，保持 public 基线
Lexus GS Sedan 2013-2020,SD1,SD1,APPLIED,OUT_OF_SCOPE_UNCHANGED,本轮未重新核定，保持 public 基线
Lexus GX SUV 2003-2009,SU2,SU2,APPLIED,SUV_TAPER_REVIEW,详见 suv_audit.csv
Lexus GX SUV 2010-2013,SU2,SU2,APPLIED,SUV_TAPER_REVIEW,详见 suv_audit.csv
Lexus GX SUV 2014-2023,SU2,SU2,APPLIED,SUV_TAPER_REVIEW,详见 suv_audit.csv
Lexus GX Overtrail SUV 2024-2025,SU2,SU2,APPLIED,SUV_TAPER_REVIEW,详见 suv_audit.csv
Lexus GX Overtrail SUV 2026,SU2,SU2,APPLIED,SUV_TAPER_REVIEW,详见 suv_audit.csv
Lexus HS Sedan 2010-2012,SD1,SD1,APPLIED,OUT_OF_SCOPE_UNCHANGED,本轮未重新核定，保持 public 基线
Lexus IS Sedan 2001-2005,SD1,SD1,APPLIED,OUT_OF_SCOPE_UNCHANGED,本轮未重新核定，保持 public 基线
Lexus IS Sedan 2006-2009,SD1,SD1,APPLIED,OUT_OF_SCOPE_UNCHANGED,本轮未重新核定，保持 public 基线
Lexus IS Sedan 2010-2013,SD1,SD1,APPLIED,OUT_OF_SCOPE_UNCHANGED,本轮未重新核定，保持 public 基线
Lexus IS Convertible 2010-2015,SD1,SD1,APPLIED,OUT_OF_SCOPE_UNCHANGED,本轮未重新核定，保持 public 基线
Lexus IS Sedan 2014-2020,SD1,SD1,APPLIED,OUT_OF_SCOPE_UNCHANGED,本轮未重新核定，保持 public 基线
Lexus IS Sedan 2021,SD1,SD1,APPLIED,OUT_OF_SCOPE_UNCHANGED,本轮未重新核定，保持 public 基线
Lexus IS Sedan 2022-2026,SD1,SD1,APPLIED,OUT_OF_SCOPE_UNCHANGED,本轮未重新核定，保持 public 基线
Lexus LC Coupe 2018-2026,SD0,SD0,APPLIED,OUT_OF_SCOPE_UNCHANGED,本轮未重新核定，保持 public 基线
Lexus LC Convertible 2021-2026,SD0,SD0,APPLIED,OUT_OF_SCOPE_UNCHANGED,本轮未重新核定，保持 public 基线
Lexus LFA Coupe 2012,SD0,SD0,APPLIED,OUT_OF_SCOPE_UNCHANGED,本轮未重新核定，保持 public 基线
Lexus LS Sedan 1990,SD2,SD2,APPLIED,OUT_OF_SCOPE_UNCHANGED,本轮未重新核定，保持 public 基线
Lexus LS Sedan 1991,SD2,SD2,APPLIED,OUT_OF_SCOPE_UNCHANGED,本轮未重新核定，保持 public 基线
Lexus LS Sedan 1992,SD2,SD2,APPLIED,OUT_OF_SCOPE_UNCHANGED,本轮未重新核定，保持 public 基线
Lexus LS Sedan 1993-1994,SD2,SD2,APPLIED,OUT_OF_SCOPE_UNCHANGED,本轮未重新核定，保持 public 基线
Lexus LS Sedan 1995-1996,SD1,SD1,APPLIED,OUT_OF_SCOPE_UNCHANGED,本轮未重新核定，保持 public 基线
Lexus LS Sedan 1997-2000,SD1,SD1,APPLIED,OUT_OF_SCOPE_UNCHANGED,本轮未重新核定，保持 public 基线
Lexus LS Sedan 2001,SD1,SD1,APPLIED,OUT_OF_SCOPE_UNCHANGED,本轮未重新核定，保持 public 基线
Lexus LS Sedan 2002-2004,SD1,SD1,APPLIED,OUT_OF_SCOPE_UNCHANGED,本轮未重新核定，保持 public 基线
Lexus LS Sedan 2005-2006,SD1,SD1,APPLIED,OUT_OF_SCOPE_UNCHANGED,本轮未重新核定，保持 public 基线
Lexus LS Sedan 2007-2009,SD1,SD1,APPLIED,OUT_OF_SCOPE_UNCHANGED,本轮未重新核定，保持 public 基线
Lexus LS Sedan 2010-2012,SD1,SD1,APPLIED,OUT_OF_SCOPE_UNCHANGED,本轮未重新核定，保持 public 基线
Lexus LS Sedan 2013-2017,SD1,SD1,APPLIED,OUT_OF_SCOPE_UNCHANGED,本轮未重新核定，保持 public 基线
Lexus LS Sedan 2018-2020,SD1,SD1,APPLIED,OUT_OF_SCOPE_UNCHANGED,本轮未重新核定，保持 public 基线
Lexus LS Sedan 2021-2026,SD1,SD1,APPLIED,OUT_OF_SCOPE_UNCHANGED,本轮未重新核定，保持 public 基线
Lexus LS L Sedan 2007-2009,SD1,SD1,APPLIED,OUT_OF_SCOPE_UNCHANGED,本轮未重新核定，保持 public 基线
Lexus LS L Sedan 2010-2012,SD1,SD1,APPLIED,OUT_OF_SCOPE_UNCHANGED,本轮未重新核定，保持 public 基线
Lexus LS L Sedan 2013-2017,SD1,SD1,APPLIED,OUT_OF_SCOPE_UNCHANGED,本轮未重新核定，保持 public 基线
Lexus LX SUV 1996-1997,SU2,SU2,APPLIED,SUV_TAPER_REVIEW,详见 suv_audit.csv
Lexus LX SUV 1998,SU2,SU2,APPLIED,SUV_TAPER_REVIEW,详见 suv_audit.csv
Lexus LX SUV 1999-2007,SU2,SU2,APPLIED,SUV_TAPER_REVIEW,详见 suv_audit.csv
Lexus LX SUV 2008-2011,SU2,SU2,APPLIED,SUV_TAPER_REVIEW,详见 suv_audit.csv
Lexus LX SUV 2012,SU2,SU2,APPLIED,SUV_TAPER_REVIEW,详见 suv_audit.csv
Lexus LX SUV 2013-2015,SU2,SU2,APPLIED,SUV_TAPER_REVIEW,详见 suv_audit.csv
Lexus LX SUV 2016-2017,SU2,SU2,APPLIED,SUV_TAPER_REVIEW,详见 suv_audit.csv
Lexus LX SUV 2018-2021,SU2,SU2,APPLIED,SUV_TAPER_REVIEW,详见 suv_audit.csv
Lexus LX SUV 2022-2024,SU2,SU2,APPLIED,SUV_TAPER_REVIEW,详见 suv_audit.csv
Lexus LX SUV 2025-2026,SU2,SU2,APPLIED,SUV_TAPER_REVIEW,详见 suv_audit.csv
Lexus NX SUV 2015-2017,SU1,SU1,APPLIED,SUV_TAPER_REVIEW,详见 suv_audit.csv
Lexus NX SUV 2018-2021,SU1,SU1,APPLIED,SUV_TAPER_REVIEW,详见 suv_audit.csv
Lexus NX SUV 2022-2026,SU1,SU1,APPLIED,SUV_TAPER_REVIEW,详见 suv_audit.csv
Lexus RC Coupe 2015-2018,SD0,SD0,APPLIED,OUT_OF_SCOPE_UNCHANGED,本轮未重新核定，保持 public 基线
Lexus RC Coupe 2019-2024,SD0,SD0,APPLIED,OUT_OF_SCOPE_UNCHANGED,本轮未重新核定，保持 public 基线
Lexus RC Coupe 2025,SD0,SD0,APPLIED,OUT_OF_SCOPE_UNCHANGED,本轮未重新核定，保持 public 基线
Lexus RC RC F Coupe 2015-2019,SD0,SD0,APPLIED,OUT_OF_SCOPE_UNCHANGED,本轮未重新核定，保持 public 基线
Lexus RC RC F Coupe 2020-2025,SD0,SD0,APPLIED,OUT_OF_SCOPE_UNCHANGED,本轮未重新核定，保持 public 基线
Lexus RX SUV 1999-2000,SU1,SU1,APPLIED,SUV_TAPER_REVIEW,详见 suv_audit.csv
Lexus RX SUV 2001-2002,SU1,SU1,APPLIED,SUV_TAPER_REVIEW,详见 suv_audit.csv
Lexus RX SUV 2003,SU1,SU1,APPLIED,SUV_TAPER_REVIEW,详见 suv_audit.csv
Lexus RX SUV 2004-2009,SU1,SU1,APPLIED,SUV_TAPER_REVIEW,详见 suv_audit.csv
Lexus RX SUV 2010,SU1,SU1,APPLIED,SUV_TAPER_REVIEW,详见 suv_audit.csv
Lexus RX SUV 2011-2012,SU1,SU1,APPLIED,SUV_TAPER_REVIEW,详见 suv_audit.csv
Lexus RX SUV 2013-2014,SU1,SU1,APPLIED,SUV_TAPER_REVIEW,详见 suv_audit.csv
Lexus RX SUV 2015,SU1,SU1,APPLIED,SUV_TAPER_REVIEW,详见 suv_audit.csv
Lexus RX SUV 2016-2022,SU1,SU1,APPLIED,SUV_TAPER_REVIEW,详见 suv_audit.csv
Lexus RX SUV 2023-2026,SU1,SU1,APPLIED,SUV_TAPER_REVIEW,详见 suv_audit.csv
Lexus RX RX L SUV 2018,SU1,SU1,APPLIED,SUV_TAPER_REVIEW,详见 suv_audit.csv
Lexus RX RX L SUV 2019-2022,SU1,SU1,APPLIED,SUV_TAPER_REVIEW,详见 suv_audit.csv
Lexus RZ SUV 2023,SU1,SU1,APPLIED,SUV_TAPER_REVIEW,详见 suv_audit.csv
Lexus RZ SUV 2024-2026,SU1,SU1,APPLIED,SUV_TAPER_REVIEW,详见 suv_audit.csv
Lexus SC Coupe 1992-2000,SD0,SD0,APPLIED,OUT_OF_SCOPE_UNCHANGED,本轮未重新核定，保持 public 基线
Lexus SC Convertible 2002-2010,SD0,SD0,APPLIED,OUT_OF_SCOPE_UNCHANGED,本轮未重新核定，保持 public 基线
Lexus TX SUV 2024-2026,SU1,SU1,APPLIED,SUV_TAPER_REVIEW,详见 suv_audit.csv
Lexus UX SUV 2019-2026,SU0,SU0,APPLIED,SUV_TAPER_REVIEW,详见 suv_audit.csv
Lincoln Aviator SUV 2003,SU2,SU2,APPLIED,SUV_TAPER_REVIEW,详见 suv_audit.csv
Lincoln Aviator SUV 2004,SU2,SU2,APPLIED,SUV_TAPER_REVIEW,详见 suv_audit.csv
Lincoln Aviator SUV 2005,SU2,SU2,APPLIED,SUV_TAPER_REVIEW,详见 suv_audit.csv
Lincoln Aviator SUV 2020,SU1,SU1,APPLIED,SUV_TAPER_REVIEW,详见 suv_audit.csv
Lincoln Aviator SUV 2021-2024,SU1,SU1,APPLIED,SUV_TAPER_REVIEW,详见 suv_audit.csv
Lincoln Aviator SUV 2025-2026,SU1,SU1,APPLIED,SUV_TAPER_REVIEW,详见 suv_audit.csv
Lincoln Continental Convertible 1940-1942,SD1,SD1,APPLIED,OUT_OF_SCOPE_UNCHANGED,本轮未重新核定，保持 public 基线
Lincoln Continental Coupe 1940-1942,SD1,SD1,APPLIED,OUT_OF_SCOPE_UNCHANGED,本轮未重新核定，保持 public 基线
Lincoln Continental Convertible 1946-1948,SD1,SD1,APPLIED,OUT_OF_SCOPE_UNCHANGED,本轮未重新核定，保持 public 基线
Lincoln Continental Coupe 1946-1948,SD1,SD1,APPLIED,OUT_OF_SCOPE_UNCHANGED,本轮未重新核定，保持 public 基线
Lincoln Continental Coupe 1956-1957,SD1,SD1,APPLIED,OUT_OF_SCOPE_UNCHANGED,本轮未重新核定，保持 public 基线
Lincoln Continental Convertible 1958-1960,SD2,SD2,APPLIED,OUT_OF_SCOPE_UNCHANGED,本轮未重新核定，保持 public 基线
Lincoln Continental Sedan 1958-1960,SD2,SD2,APPLIED,OUT_OF_SCOPE_UNCHANGED,本轮未重新核定，保持 public 基线
Lincoln Continental Convertible 1961-1963,SD2,SD2,APPLIED,OUT_OF_SCOPE_UNCHANGED,本轮未重新核定，保持 public 基线
Lincoln Continental Sedan 1961-1963,SD2,SD2,APPLIED,OUT_OF_SCOPE_UNCHANGED,本轮未重新核定，保持 public 基线
Lincoln Continental Convertible 1964-1965,SD2,SD2,APPLIED,OUT_OF_SCOPE_UNCHANGED,本轮未重新核定，保持 public 基线
Lincoln Continental Sedan 1964-1965,SD2,SD2,APPLIED,OUT_OF_SCOPE_UNCHANGED,本轮未重新核定，保持 public 基线
Lincoln Continental Convertible 1966-1967,SD2,SD2,APPLIED,OUT_OF_SCOPE_UNCHANGED,本轮未重新核定，保持 public 基线
Lincoln Continental Sedan 1966-1969,SD2,SD2,APPLIED,OUT_OF_SCOPE_UNCHANGED,本轮未重新核定，保持 public 基线
Lincoln Continental Coupe 1970-1972,SD2,SD2,APPLIED,OUT_OF_SCOPE_UNCHANGED,本轮未重新核定，保持 public 基线
Lincoln Continental Sedan 1970-1972,SD2,SD2,APPLIED,OUT_OF_SCOPE_UNCHANGED,本轮未重新核定，保持 public 基线
Lincoln Continental Coupe 1973,SD2,SD2,APPLIED,OUT_OF_SCOPE_UNCHANGED,本轮未重新核定，保持 public 基线
Lincoln Continental Sedan 1973,SD2,SD2,APPLIED,OUT_OF_SCOPE_UNCHANGED,本轮未重新核定，保持 public 基线
Lincoln Continental Coupe 1974,SD2,SD2,APPLIED,OUT_OF_SCOPE_UNCHANGED,本轮未重新核定，保持 public 基线
Lincoln Continental Sedan 1974,SD2,SD2,APPLIED,OUT_OF_SCOPE_UNCHANGED,本轮未重新核定，保持 public 基线
Lincoln Continental Coupe 1975,SD2,SD2,APPLIED,OUT_OF_SCOPE_UNCHANGED,本轮未重新核定，保持 public 基线
Lincoln Continental Sedan 1975,SD2,SD2,APPLIED,OUT_OF_SCOPE_UNCHANGED,本轮未重新核定，保持 public 基线
Lincoln Continental Coupe 1976,SD2,SD2,APPLIED,OUT_OF_SCOPE_UNCHANGED,本轮未重新核定，保持 public 基线
Lincoln Continental Sedan 1976,SD2,SD2,APPLIED,OUT_OF_SCOPE_UNCHANGED,本轮未重新核定，保持 public 基线
Lincoln Continental Coupe 1977-1979,SD2,SD2,APPLIED,OUT_OF_SCOPE_UNCHANGED,本轮未重新核定，保持 public 基线
Lincoln Continental Sedan 1977-1979,SD2,SD2,APPLIED,OUT_OF_SCOPE_UNCHANGED,本轮未重新核定，保持 public 基线
Lincoln Continental Coupe 1980,SD2,SD2,APPLIED,OUT_OF_SCOPE_UNCHANGED,本轮未重新核定，保持 public 基线
Lincoln Continental Sedan 1980,SD2,SD2,APPLIED,OUT_OF_SCOPE_UNCHANGED,本轮未重新核定，保持 public 基线
Lincoln Continental Sedan 1982-1983,SD2,SD2,APPLIED,OUT_OF_SCOPE_UNCHANGED,本轮未重新核定，保持 public 基线
Lincoln Continental Sedan 1984,SD2,SD2,APPLIED,OUT_OF_SCOPE_UNCHANGED,本轮未重新核定，保持 public 基线
Lincoln Continental Sedan 1985-1987,SD2,SD2,APPLIED,OUT_OF_SCOPE_UNCHANGED,本轮未重新核定，保持 public 基线
Lincoln Continental Sedan 1988-1993,SD2,SD2,APPLIED,OUT_OF_SCOPE_UNCHANGED,本轮未重新核定，保持 public 基线
Lincoln Continental Sedan 1994,SD2,SD2,APPLIED,OUT_OF_SCOPE_UNCHANGED,本轮未重新核定，保持 public 基线
Lincoln Continental Sedan 1995-1998,SD2,SD2,APPLIED,OUT_OF_SCOPE_UNCHANGED,本轮未重新核定，保持 public 基线
Lincoln Continental Sedan 1999-2001,SD2,SD2,APPLIED,OUT_OF_SCOPE_UNCHANGED,本轮未重新核定，保持 public 基线
Lincoln Continental Sedan 2002,SD2,SD2,APPLIED,OUT_OF_SCOPE_UNCHANGED,本轮未重新核定，保持 public 基线
Lincoln Continental Sedan 2017-2020,SD1,SD1,APPLIED,OUT_OF_SCOPE_UNCHANGED,本轮未重新核定，保持 public 基线
Lincoln Corsair SUV 2020-2026,SU1,SU1,APPLIED,SUV_TAPER_REVIEW,详见 suv_audit.csv
Lincoln Corsair PHEV SUV 2020-2021,SU1,SU1,APPLIED,SUV_TAPER_REVIEW,详见 suv_audit.csv
Lincoln LS Sedan 2000-2001,SD1,SD1,APPLIED,OUT_OF_SCOPE_UNCHANGED,本轮未重新核定，保持 public 基线
Lincoln LS Sedan 2002-2004,SD1,SD1,APPLIED,OUT_OF_SCOPE_UNCHANGED,本轮未重新核定，保持 public 基线
Lincoln LS Sedan 2005,SD1,SD1,APPLIED,OUT_OF_SCOPE_UNCHANGED,本轮未重新核定，保持 public 基线
Lincoln LS Sedan 2006,SD1,SD1,APPLIED,OUT_OF_SCOPE_UNCHANGED,本轮未重新核定，保持 public 基线
Lincoln MKC SUV 2015-2019,SU1,SU1,APPLIED,SUV_TAPER_REVIEW,详见 suv_audit.csv
Lincoln MKS Sedan 2009-2012,SD1,SD1,APPLIED,OUT_OF_SCOPE_UNCHANGED,本轮未重新核定，保持 public 基线
Lincoln MKS Sedan 2013-2016,SD1,SD1,APPLIED,OUT_OF_SCOPE_UNCHANGED,本轮未重新核定，保持 public 基线
Lincoln MKT Crossover 2010-2019,SU0,SU1,APPLIED,SUV_TAPER_REVIEW,详见 suv_audit.csv
Lincoln MKX Crossover 2007-2008,SU1,SU1,APPLIED,SUV_TAPER_REVIEW,详见 suv_audit.csv
Lincoln MKX Crossover 2009-2015,SU1,SU1,APPLIED,SUV_TAPER_REVIEW,详见 suv_audit.csv
Lincoln MKX Crossover 2016-2018,SU1,SU1,APPLIED,SUV_TAPER_REVIEW,详见 suv_audit.csv
Lincoln MKZ Sedan 2008-2009,SD1,SD1,APPLIED,OUT_OF_SCOPE_UNCHANGED,本轮未重新核定，保持 public 基线
Lincoln MKZ Sedan 2010-2012,SD1,SD1,APPLIED,OUT_OF_SCOPE_UNCHANGED,本轮未重新核定，保持 public 基线
Lincoln MKZ Sedan 2013-2017,SD1,SD1,APPLIED,OUT_OF_SCOPE_UNCHANGED,本轮未重新核定，保持 public 基线
Lincoln MKZ Sedan 2018-2020,SD1,SD1,APPLIED,OUT_OF_SCOPE_UNCHANGED,本轮未重新核定，保持 public 基线
Lincoln Mark VII Coupe 1984-1992,SD0,SD0,APPLIED,OUT_OF_SCOPE_UNCHANGED,本轮未重新核定，保持 public 基线
Lincoln Mark VIII Coupe 1993,SD0,SD0,APPLIED,OUT_OF_SCOPE_UNCHANGED,本轮未重新核定，保持 public 基线
Lincoln Mark VIII Coupe 1994-1998,SD0,SD0,APPLIED,OUT_OF_SCOPE_UNCHANGED,本轮未重新核定，保持 public 基线
Lincoln Nautilus SUV 2019-2023,SU1,SU1,APPLIED,SUV_TAPER_REVIEW,详见 suv_audit.csv
Lincoln Nautilus SUV 2024-2026,SU1,SU1,APPLIED,SUV_TAPER_REVIEW,详见 suv_audit.csv
Lincoln Navigator SUV 1998-2000,SU2,SU2,APPLIED,SUV_TAPER_REVIEW,详见 suv_audit.csv
Lincoln Navigator SUV 2001,SU2,SU2,APPLIED,SUV_TAPER_REVIEW,详见 suv_audit.csv
Lincoln Navigator SUV 2002,SU2,SU2,APPLIED,SUV_TAPER_REVIEW,详见 suv_audit.csv
Lincoln Navigator SUV 2003-2006,SU2,SU2,APPLIED,SUV_TAPER_REVIEW,详见 suv_audit.csv
Lincoln Navigator SUV 2007-2014,SU2,SU2,APPLIED,SUV_TAPER_REVIEW,详见 suv_audit.csv
Lincoln Navigator SUV 2015-2017,SU2,SU2,APPLIED,SUV_TAPER_REVIEW,详见 suv_audit.csv
Lincoln Navigator SUV 2018-2024,SU2,SU2,APPLIED,SUV_TAPER_REVIEW,详见 suv_audit.csv
Lincoln Navigator SUV 2025-2026,SU2,SU2,APPLIED,SUV_TAPER_REVIEW,详见 suv_audit.csv
Lincoln Navigator L SUV 2007,SU2,SU2,APPLIED,SUV_TAPER_REVIEW,详见 suv_audit.csv
Lincoln Navigator L SUV 2008-2010,SU2,SU2,APPLIED,SUV_TAPER_REVIEW,详见 suv_audit.csv
Lincoln Navigator L SUV 2011-2014,SU2,SU2,APPLIED,SUV_TAPER_REVIEW,详见 suv_audit.csv
Lincoln Navigator L SUV 2015-2017,SU2,SU2,APPLIED,SUV_TAPER_REVIEW,详见 suv_audit.csv
Lincoln Navigator L SUV 2018-2024,SU2,SU2,APPLIED,SUV_TAPER_REVIEW,详见 suv_audit.csv
Lincoln Navigator L SUV 2025-2026,SU2,SU2,APPLIED,SUV_TAPER_REVIEW,详见 suv_audit.csv
Lincoln Town Car Sedan 1981,SD2,SD2,APPLIED,OUT_OF_SCOPE_UNCHANGED,本轮未重新核定，保持 public 基线
Lincoln Town Car Sedan 1982-1988,SD2,SD2,APPLIED,OUT_OF_SCOPE_UNCHANGED,本轮未重新核定，保持 public 基线
Lincoln Town Car Sedan 1989,SD2,SD2,APPLIED,OUT_OF_SCOPE_UNCHANGED,本轮未重新核定，保持 public 基线
Lincoln Town Car Sedan 1990,SD2,SD2,APPLIED,OUT_OF_SCOPE_UNCHANGED,本轮未重新核定，保持 public 基线
Lincoln Town Car Sedan 1991,SD2,SD2,APPLIED,OUT_OF_SCOPE_UNCHANGED,本轮未重新核定，保持 public 基线
Lincoln Town Car Sedan 1992-1997,SD2,SD2,APPLIED,OUT_OF_SCOPE_UNCHANGED,本轮未重新核定，保持 public 基线
Lincoln Town Car Sedan 1998-2002,SD2,SD2,APPLIED,OUT_OF_SCOPE_UNCHANGED,本轮未重新核定，保持 public 基线
Lincoln Town Car Sedan 2003-2004,SD2,SD2,APPLIED,OUT_OF_SCOPE_UNCHANGED,本轮未重新核定，保持 public 基线
Lincoln Town Car Sedan 2005-2011,SD2,SD2,APPLIED,OUT_OF_SCOPE_UNCHANGED,本轮未重新核定，保持 public 基线
Lincoln Town Car L Sedan 2000-2002,SD2,SD2,APPLIED,OUT_OF_SCOPE_UNCHANGED,本轮未重新核定，保持 public 基线
Lincoln Town Car L Sedan 2003-2004,SD2,SD2,APPLIED,OUT_OF_SCOPE_UNCHANGED,本轮未重新核定，保持 public 基线
Lincoln Town Car L Sedan 2005-2011,SD2,SD2,APPLIED,OUT_OF_SCOPE_UNCHANGED,本轮未重新核定，保持 public 基线
Lincoln Zephyr Sedan 2006,SD1,SD1,APPLIED,OUT_OF_SCOPE_UNCHANGED,本轮未重新核定，保持 public 基线
Lucid Motors Air Sedan 2022-2026,SD1,SD1,APPLIED,OUT_OF_SCOPE_UNCHANGED,本轮未重新核定，保持 public 基线
Lucid Motors Gravity SUV 2025-2026,SU1,SU1,APPLIED,SUV_TAPER_REVIEW,详见 suv_audit.csv
MINI Clubman Wagon 2008-2014,H2,H2,APPLIED,OUT_OF_SCOPE_UNCHANGED,本轮未重新核定，保持 public 基线
MINI Clubman Wagon 2016-2023,H2,H2,APPLIED,OUT_OF_SCOPE_UNCHANGED,本轮未重新核定，保持 public 基线
MINI Clubman Wagon 2024,H2,H2,APPLIED,OUT_OF_SCOPE_UNCHANGED,本轮未重新核定，保持 public 基线
MINI Convertible Convertible 2005-2008,SD1,SD1,APPLIED,OUT_OF_SCOPE_UNCHANGED,本轮未重新核定，保持 public 基线
MINI Convertible Convertible 2009-2010,SD1,SD1,APPLIED,OUT_OF_SCOPE_UNCHANGED,本轮未重新核定，保持 public 基线
MINI Convertible Convertible 2011-2015,SD1,SD1,APPLIED,OUT_OF_SCOPE_UNCHANGED,本轮未重新核定，保持 public 基线
MINI Convertible Convertible 2016-2023,SD1,SD1,APPLIED,OUT_OF_SCOPE_UNCHANGED,本轮未重新核定，保持 public 基线
MINI Convertible Convertible 2024,SD1,SD1,APPLIED,OUT_OF_SCOPE_UNCHANGED,本轮未重新核定，保持 public 基线
MINI Convertible Convertible 2025-2026,SD1,SD1,APPLIED,OUT_OF_SCOPE_UNCHANGED,本轮未重新核定，保持 public 基线
MINI Convertible JCW Convertible 2011-2015,SD1,SD1,APPLIED,OUT_OF_SCOPE_UNCHANGED,本轮未重新核定，保持 public 基线
MINI Convertible JCW Convertible 2016-2023,SD1,SD1,APPLIED,OUT_OF_SCOPE_UNCHANGED,本轮未重新核定，保持 public 基线
MINI Cooper Hatchback 2002-2006,H0,H0,APPLIED,OUT_OF_SCOPE_UNCHANGED,本轮未重新核定，保持 public 基线
MINI Cooper Hatchback 2007-2010,H0,H0,APPLIED,OUT_OF_SCOPE_UNCHANGED,本轮未重新核定，保持 public 基线
MINI Cooper Hatchback 2011-2013,H0,H0,APPLIED,OUT_OF_SCOPE_UNCHANGED,本轮未重新核定，保持 public 基线
MINI Cooper 2dr Hatchback 2014,H0,H0,APPLIED,OUT_OF_SCOPE_UNCHANGED,本轮未重新核定，保持 public 基线
MINI Cooper 2dr Hatchback 2015-2023,H0,H0,APPLIED,OUT_OF_SCOPE_UNCHANGED,本轮未重新核定，保持 public 基线
MINI Cooper 2dr Hatchback 2025-2026,H0,H0,APPLIED,OUT_OF_SCOPE_UNCHANGED,本轮未重新核定，保持 public 基线
MINI Cooper 2dr S Hatchback 2024,H0,H0,APPLIED,OUT_OF_SCOPE_UNCHANGED,本轮未重新核定，保持 public 基线
MINI Cooper 2dr SE Hatchback 2024,H0,H0,APPLIED,OUT_OF_SCOPE_UNCHANGED,本轮未重新核定，保持 public 基线
MINI Cooper 4dr Hatchback 2015-2023,H0,H0,APPLIED,OUT_OF_SCOPE_UNCHANGED,本轮未重新核定，保持 public 基线
MINI Cooper 4dr S Hatchback 2024,H0,H0,APPLIED,OUT_OF_SCOPE_UNCHANGED,本轮未重新核定，保持 public 基线
MINI Cooper SE Hatchback 2020-2024,H0,H0,APPLIED,OUT_OF_SCOPE_UNCHANGED,本轮未重新核定，保持 public 基线
MINI Countryman SUV 2011-2015,SU2,SU2,APPLIED,SUV_TAPER_REVIEW,详见 suv_audit.csv
MINI Countryman SUV 2017-2024,SU2,SU2,APPLIED,SUV_TAPER_REVIEW,详见 suv_audit.csv
MINI Countryman SUV 2025-2026,SU2,SU2,APPLIED,SUV_TAPER_REVIEW,详见 suv_audit.csv
MINI Countryman JCW SUV 2016,SU2,SU2,APPLIED,SUV_TAPER_REVIEW,详见 suv_audit.csv
MINI Coupe Coupe 2012-2015,SD0,SD0,APPLIED,OUT_OF_SCOPE_UNCHANGED,本轮未重新核定，保持 public 基线
MINI Hardtop 2dr Hatchback 2002-2006,H0,H0,APPLIED,OUT_OF_SCOPE_UNCHANGED,本轮未重新核定，保持 public 基线
MINI Hardtop 2dr Hatchback 2007-2008,H0,H0,APPLIED,OUT_OF_SCOPE_UNCHANGED,本轮未重新核定，保持 public 基线
MINI Hardtop 2dr Hatchback 2009,H0,H0,APPLIED,OUT_OF_SCOPE_UNCHANGED,本轮未重新核定，保持 public 基线
MINI Hardtop 2dr Hatchback 2010,H0,H0,APPLIED,OUT_OF_SCOPE_UNCHANGED,本轮未重新核定，保持 public 基线
MINI Hardtop 2dr Hatchback 2011,H0,H0,APPLIED,OUT_OF_SCOPE_UNCHANGED,本轮未重新核定，保持 public 基线
MINI Hardtop 2dr Hatchback 2012,H0,H0,APPLIED,OUT_OF_SCOPE_UNCHANGED,本轮未重新核定，保持 public 基线
MINI Hardtop 2dr Hatchback 2013,H0,H0,APPLIED,OUT_OF_SCOPE_UNCHANGED,本轮未重新核定，保持 public 基线
MINI Hardtop 2dr Hatchback 2014-2015,H0,H0,APPLIED,OUT_OF_SCOPE_UNCHANGED,本轮未重新核定，保持 public 基线
MINI Hardtop 2dr Hatchback 2016-2019,H0,H0,APPLIED,OUT_OF_SCOPE_UNCHANGED,本轮未重新核定，保持 public 基线
MINI Hardtop 2dr Hatchback 2020,H0,H0,APPLIED,OUT_OF_SCOPE_UNCHANGED,本轮未重新核定，保持 public 基线
MINI Hardtop 2dr Hatchback 2021-2024,H0,H0,APPLIED,OUT_OF_SCOPE_UNCHANGED,本轮未重新核定，保持 public 基线
MINI Hardtop 4dr Hatchback 2015,H0,H0,APPLIED,OUT_OF_SCOPE_UNCHANGED,本轮未重新核定，保持 public 基线
MINI Hardtop 4dr Hatchback 2016-2024,H0,H0,APPLIED,OUT_OF_SCOPE_UNCHANGED,本轮未重新核定，保持 public 基线
MINI Hatchback 2dr Hatchback 2002-2006,H0,H0,APPLIED,OUT_OF_SCOPE_UNCHANGED,本轮未重新核定，保持 public 基线
MINI Hatchback 2dr Hatchback 2007-2013,H0,H0,APPLIED,OUT_OF_SCOPE_UNCHANGED,本轮未重新核定，保持 public 基线
MINI Hatchback 2dr Hatchback 2014-2024,H0,H0,APPLIED,OUT_OF_SCOPE_UNCHANGED,本轮未重新核定，保持 public 基线
MINI Hatchback 2dr Cooper SE Hatchback 2020-2024,H0,H0,APPLIED,OUT_OF_SCOPE_UNCHANGED,本轮未重新核定，保持 public 基线
MINI Hatchback 4dr Hatchback 2015-2024,H0,H0,APPLIED,OUT_OF_SCOPE_UNCHANGED,本轮未重新核定，保持 public 基线
MINI Paceman SUV 2013-2015,SU0,SU1,APPLIED,SUV_TAPER_REVIEW,详见 suv_audit.csv
MINI Paceman JCW ALL4 Crossover 2016,SU0,SU1,APPLIED,SUV_TAPER_REVIEW,详见 suv_audit.csv
MINI Roadster Convertible 2012-2014,SD0,SD0,APPLIED,OUT_OF_SCOPE_UNCHANGED,本轮未重新核定，保持 public 基线
MINI Roadster JCW Convertible 2015,SD0,SD0,APPLIED,OUT_OF_SCOPE_UNCHANGED,本轮未重新核定，保持 public 基线
Maserati Ghibli Sedan 2014-2017,SD1,SD1,APPLIED,OUT_OF_SCOPE_UNCHANGED,本轮未重新核定，保持 public 基线
Maserati Ghibli Sedan 2018-2024,SD1,SD1,APPLIED,OUT_OF_SCOPE_UNCHANGED,本轮未重新核定，保持 public 基线
Maserati GranTurismo Coupe 2008-2014,SD0,SD0,APPLIED,OUT_OF_SCOPE_UNCHANGED,本轮未重新核定，保持 public 基线
Maserati GranTurismo Coupe 2015-2016,SD0,SD0,APPLIED,OUT_OF_SCOPE_UNCHANGED,本轮未重新核定，保持 public 基线
Maserati GranTurismo Coupe 2017-2018,SD0,SD0,APPLIED,OUT_OF_SCOPE_UNCHANGED,本轮未重新核定，保持 public 基线
Maserati GranTurismo Convertible 2019,SD0,SD0,APPLIED,OUT_OF_SCOPE_UNCHANGED,本轮未重新核定，保持 public 基线
Maserati GranTurismo Coupe 2024-2026,SD0,SD0,APPLIED,OUT_OF_SCOPE_UNCHANGED,本轮未重新核定，保持 public 基线
Maserati Grecale SUV 2023-2024,SU0,SU0,APPLIED,SUV_TAPER_REVIEW,详见 suv_audit.csv
Maserati Grecale SUV 2025-2026,SU0,SU0,APPLIED,SUV_TAPER_REVIEW,详见 suv_audit.csv
Maserati Levante SUV 2017-2018,SU0,SU0,APPLIED,SUV_TAPER_REVIEW,详见 suv_audit.csv
Maserati Levante SUV 2019-2021,SU0,SU0,APPLIED,SUV_TAPER_REVIEW,详见 suv_audit.csv
Maserati Levante SUV 2022-2023,SU0,SU0,APPLIED,SUV_TAPER_REVIEW,详见 suv_audit.csv
Maserati Levante SUV 2024,SU0,SU0,APPLIED,SUV_TAPER_REVIEW,详见 suv_audit.csv
Maserati MC20 Coupe 2022-2025,SD0,SD0,APPLIED,OUT_OF_SCOPE_UNCHANGED,本轮未重新核定，保持 public 基线
Maserati MC20 Cielo Convertible 2023-2025,SD0,SD0,APPLIED,OUT_OF_SCOPE_UNCHANGED,本轮未重新核定，保持 public 基线
Maserati Quattroporte Sedan 2005-2008,SD1,SD1,APPLIED,OUT_OF_SCOPE_UNCHANGED,本轮未重新核定，保持 public 基线
Maserati Quattroporte Sedan 2009-2013,SD1,SD1,APPLIED,OUT_OF_SCOPE_UNCHANGED,本轮未重新核定，保持 public 基线
Maserati Quattroporte Sedan 2014-2024,SD1,SD1,APPLIED,OUT_OF_SCOPE_UNCHANGED,本轮未重新核定，保持 public 基线
Mazda 2 Hatchback 2011-2014,H0,H0,APPLIED,OUT_OF_SCOPE_UNCHANGED,本轮未重新核定，保持 public 基线
Mazda 3 Hatchback 2004-2006,H0,H0,APPLIED,OUT_OF_SCOPE_UNCHANGED,本轮未重新核定，保持 public 基线
Mazda 3 Sedan 2004-2009,SD1,SD1,APPLIED,OUT_OF_SCOPE_UNCHANGED,本轮未重新核定，保持 public 基线
Mazda 3 Hatchback 2007-2009,H0,H0,APPLIED,OUT_OF_SCOPE_UNCHANGED,本轮未重新核定，保持 public 基线
Mazda 3 Hatchback 2010-2013,H0,H0,APPLIED,OUT_OF_SCOPE_UNCHANGED,本轮未重新核定，保持 public 基线
Mazda 3 Sedan 2010-2013,SD1,SD1,APPLIED,OUT_OF_SCOPE_UNCHANGED,本轮未重新核定，保持 public 基线
Mazda 3 Hatchback 2014-2018,H0,H0,APPLIED,OUT_OF_SCOPE_UNCHANGED,本轮未重新核定，保持 public 基线
Mazda 3 Sedan 2014-2018,SD1,SD1,APPLIED,OUT_OF_SCOPE_UNCHANGED,本轮未重新核定，保持 public 基线
Mazda 3 Hatchback 2019-2026,H0,H0,APPLIED,OUT_OF_SCOPE_UNCHANGED,本轮未重新核定，保持 public 基线
Mazda 3 Sedan 2019-2026,SD1,SD1,APPLIED,OUT_OF_SCOPE_UNCHANGED,本轮未重新核定，保持 public 基线
Mazda 5 SUV 2006-2011,V0,V0,APPLIED,SUV_TAPER_REVIEW,详见 suv_audit.csv
Mazda 5 SUV 2012-2015,V0,V0,APPLIED,SUV_TAPER_REVIEW,详见 suv_audit.csv
Mazda 6 Hatchback 2003-2008,H0,H0,APPLIED,OUT_OF_SCOPE_UNCHANGED,本轮未重新核定，保持 public 基线
Mazda 6 Wagon 2004-2007,H2,H2,APPLIED,OUT_OF_SCOPE_UNCHANGED,本轮未重新核定，保持 public 基线
Mazda 6 Sedan 2009-2013,SD1,SD1,APPLIED,OUT_OF_SCOPE_UNCHANGED,本轮未重新核定，保持 public 基线
Mazda 6 Sedan 2014-2017,SD1,SD1,APPLIED,OUT_OF_SCOPE_UNCHANGED,本轮未重新核定，保持 public 基线
Mazda 6 Sedan 2018-2021,SD1,SD1,APPLIED,OUT_OF_SCOPE_UNCHANGED,本轮未重新核定，保持 public 基线
Mazda CX-3 SUV 2016-2019,SU1,SU1,APPLIED,SUV_TAPER_REVIEW,详见 suv_audit.csv
Mazda CX-3 SUV 2020-2021,SU1,SU1,APPLIED,SUV_TAPER_REVIEW,详见 suv_audit.csv
Mazda CX-30 SUV 2020,SU1,SU1,APPLIED,SUV_TAPER_REVIEW,详见 suv_audit.csv
Mazda CX-30 SUV 2021,SU1,SU1,APPLIED,SUV_TAPER_REVIEW,详见 suv_audit.csv
Mazda CX-30 SUV 2022-2024,SU1,SU1,APPLIED,SUV_TAPER_REVIEW,详见 suv_audit.csv
Mazda CX-30 SUV 2025,SU1,SU1,APPLIED,SUV_TAPER_REVIEW,详见 suv_audit.csv
Mazda CX-30 SUV 2026,SU1,SU1,APPLIED,SUV_TAPER_REVIEW,详见 suv_audit.csv
Mazda CX-5 SUV 2013-2016,SU1,SU1,APPLIED,SUV_TAPER_REVIEW,详见 suv_audit.csv
Mazda CX-5 SUV 2017-2025,SU1,SU1,APPLIED,SUV_TAPER_REVIEW,详见 suv_audit.csv
Mazda CX-5 SUV 2026,SU1,SU1,APPLIED,SUV_TAPER_REVIEW,详见 suv_audit.csv
Mazda CX-50 SUV 2023-2024,SU1,SU1,APPLIED,SUV_TAPER_REVIEW,详见 suv_audit.csv
Mazda CX-50 SUV 2025,SU1,SU1,APPLIED,SUV_TAPER_REVIEW,详见 suv_audit.csv
Mazda CX-50 SUV 2026,SU1,SU1,APPLIED,SUV_TAPER_REVIEW,详见 suv_audit.csv
Mazda CX-7 SUV 2007,SU0,SU0,APPLIED,SUV_TAPER_REVIEW,详见 suv_audit.csv
Mazda CX-7 SUV 2008-2012,SU0,SU0,APPLIED,SUV_TAPER_REVIEW,详见 suv_audit.csv
Mazda CX-70 SUV 2025-2026,SU1,SU1,APPLIED,SUV_TAPER_REVIEW,详见 suv_audit.csv
Mazda CX-9 SUV 2007,SU1,SU1,APPLIED,SUV_TAPER_REVIEW,详见 suv_audit.csv
Mazda CX-9 SUV 2008,SU1,SU1,APPLIED,SUV_TAPER_REVIEW,详见 suv_audit.csv
Mazda CX-9 SUV 2009-2010,SU1,SU1,APPLIED,SUV_TAPER_REVIEW,详见 suv_audit.csv
Mazda CX-9 SUV 2011-2012,SU1,SU1,APPLIED,SUV_TAPER_REVIEW,详见 suv_audit.csv
Mazda CX-9 SUV 2013-2015,SU1,SU1,APPLIED,SUV_TAPER_REVIEW,详见 suv_audit.csv
Mazda CX-9 SUV 2016-2023,SU1,SU1,APPLIED,SUV_TAPER_REVIEW,详见 suv_audit.csv
Mazda CX-90 SUV 2024-2025,SU1,SU1,APPLIED,SUV_TAPER_REVIEW,详见 suv_audit.csv
Mazda CX-90 SUV 2026,SU1,SU1,APPLIED,SUV_TAPER_REVIEW,详见 suv_audit.csv
Mazda MX-30 SUV 2022-2023,SU0,SU1,APPLIED,SUV_TAPER_REVIEW,详见 suv_audit.csv
Mazda MX-5 Coupe 1990-1997,SD0,SD0,APPLIED,OUT_OF_SCOPE_UNCHANGED,本轮未重新核定，保持 public 基线
Mazda MX-5 Coupe 1999-2005,SD0,SD0,APPLIED,OUT_OF_SCOPE_UNCHANGED,本轮未重新核定，保持 public 基线
Mazda MX-5 Coupe 2006-2015,SD0,SD0,APPLIED,OUT_OF_SCOPE_UNCHANGED,本轮未重新核定，保持 public 基线
Mazda MX-5 Coupe 2016-2026,SD0,SD0,APPLIED,OUT_OF_SCOPE_UNCHANGED,本轮未重新核定，保持 public 基线
Mazda MX-5 RF Convertible 2017-2026,SD0,SD0,APPLIED,OUT_OF_SCOPE_UNCHANGED,本轮未重新核定，保持 public 基线
Mazda MX-6 Coupe 1990-1992,SD0,SD0,APPLIED,OUT_OF_SCOPE_UNCHANGED,本轮未重新核定，保持 public 基线
Mazda MX-6 Coupe 1993-1997,SD0,SD0,APPLIED,OUT_OF_SCOPE_UNCHANGED,本轮未重新核定，保持 public 基线
Mazda Miata Coupe 1990-1997,SD0,SD0,APPLIED,OUT_OF_SCOPE_UNCHANGED,本轮未重新核定，保持 public 基线
Mazda Miata Coupe 1999-2005,SD0,SD0,APPLIED,OUT_OF_SCOPE_UNCHANGED,本轮未重新核定，保持 public 基线
Mazda Miata Coupe 2006-2015,SD0,SD0,APPLIED,OUT_OF_SCOPE_UNCHANGED,本轮未重新核定，保持 public 基线
Mazda Miata RF Convertible 2017-2026,SD0,SD0,APPLIED,OUT_OF_SCOPE_UNCHANGED,本轮未重新核定，保持 public 基线
Mazda Miata soft top Convertible 2016-2026,SD0,SD0,APPLIED,OUT_OF_SCOPE_UNCHANGED,本轮未重新核定，保持 public 基线
Mazda Millenia Sedan 1995-2000,SD1,SD1,APPLIED,OUT_OF_SCOPE_UNCHANGED,本轮未重新核定，保持 public 基线
Mazda Millenia Sedan 2001-2002,SD1,SD1,APPLIED,OUT_OF_SCOPE_UNCHANGED,本轮未重新核定，保持 public 基线
Mazda Protege Sedan 1990-1994,SD2,SD2,APPLIED,OUT_OF_SCOPE_UNCHANGED,本轮未重新核定，保持 public 基线
Mazda Protege Sedan 1995-1998,SD1,SD1,APPLIED,OUT_OF_SCOPE_UNCHANGED,本轮未重新核定，保持 public 基线
Mazda Protege Sedan 1999-2000,SD1,SD1,APPLIED,OUT_OF_SCOPE_UNCHANGED,本轮未重新核定，保持 public 基线
Mazda Protege Sedan 2001-2003,SD1,SD1,APPLIED,OUT_OF_SCOPE_UNCHANGED,本轮未重新核定，保持 public 基线
Mazda Protege Protege5 Hatchback 2002-2003,H0,H0,APPLIED,OUT_OF_SCOPE_UNCHANGED,本轮未重新核定，保持 public 基线
Mazda RX-7 Coupe 1979-1980,SD0,SD0,APPLIED,OUT_OF_SCOPE_UNCHANGED,本轮未重新核定，保持 public 基线
Mazda RX-7 Coupe 1981-1982,SD0,SD0,APPLIED,OUT_OF_SCOPE_UNCHANGED,本轮未重新核定，保持 public 基线
Mazda RX-7 Coupe 1983-1985,SD0,SD0,APPLIED,OUT_OF_SCOPE_UNCHANGED,本轮未重新核定，保持 public 基线
Mazda RX-7 Convertible 1986-1991,SD0,SD0,APPLIED,OUT_OF_SCOPE_UNCHANGED,本轮未重新核定，保持 public 基线
Mazda RX-7 Coupe 1993-1995,SD0,SD0,APPLIED,OUT_OF_SCOPE_UNCHANGED,本轮未重新核定，保持 public 基线
Mazda RX-8 Coupe 2009-2011,SD0,SD0,APPLIED,OUT_OF_SCOPE_UNCHANGED,本轮未重新核定，保持 public 基线
Mazda Speed3 Hatchback 2007-2009,H0,H0,APPLIED,OUT_OF_SCOPE_UNCHANGED,本轮未重新核定，保持 public 基线
Mazda Speed3 Hatchback 2010-2013,H0,H0,APPLIED,OUT_OF_SCOPE_UNCHANGED,本轮未重新核定，保持 public 基线
Mazda Tribute SUV 2001-2004,SU2,SU2,APPLIED,SUV_TAPER_REVIEW,详见 suv_audit.csv
Mazda Tribute SUV 2005-2006,SU2,SU2,APPLIED,SUV_TAPER_REVIEW,详见 suv_audit.csv
Mazda Tribute SUV 2008,SU2,SU2,APPLIED,SUV_TAPER_REVIEW,详见 suv_audit.csv
Mazda Tribute SUV 2009,SU2,SU2,APPLIED,SUV_TAPER_REVIEW,详见 suv_audit.csv
Mazda Tribute SUV 2010-2011,SU2,SU2,APPLIED,SUV_TAPER_REVIEW,详见 suv_audit.csv
Mercedes-Benz 190 Sedan 1984-1988,SD2,SD2,APPLIED,OUT_OF_SCOPE_UNCHANGED,本轮未重新核定，保持 public 基线
Mercedes-Benz 190 Sedan 1989-1993,SD2,SD2,APPLIED,OUT_OF_SCOPE_UNCHANGED,本轮未重新核定，保持 public 基线
Mercedes-Benz A-Class Sedan 2019-2022,SD1,SD1,APPLIED,OUT_OF_SCOPE_UNCHANGED,本轮未重新核定，保持 public 基线
Mercedes-Benz A-Class AMG Sedan 2020-2021,SD1,SD1,APPLIED,OUT_OF_SCOPE_UNCHANGED,本轮未重新核定，保持 public 基线
Mercedes-Benz B-Class Hatchback 2014-2017,H1,H1,APPLIED,OUT_OF_SCOPE_UNCHANGED,本轮未重新核定，保持 public 基线
Mercedes-Benz C-Class Sedan 1994-2000,SD1,SD1,APPLIED,OUT_OF_SCOPE_UNCHANGED,本轮未重新核定，保持 public 基线
Mercedes-Benz C-Class Sedan 2001-2007,SD1,SD1,APPLIED,OUT_OF_SCOPE_UNCHANGED,本轮未重新核定，保持 public 基线
Mercedes-Benz C-Class Wagon 2002-2005,H2,H2,APPLIED,OUT_OF_SCOPE_UNCHANGED,本轮未重新核定，保持 public 基线
Mercedes-Benz C-Class Sedan 2008-2014,SD1,SD1,APPLIED,OUT_OF_SCOPE_UNCHANGED,本轮未重新核定，保持 public 基线
Mercedes-Benz C-Class Coupe 2012-2015,SD1,SD1,APPLIED,OUT_OF_SCOPE_UNCHANGED,本轮未重新核定，保持 public 基线
Mercedes-Benz C-Class Sedan 2015,SD1,SD1,APPLIED,OUT_OF_SCOPE_UNCHANGED,本轮未重新核定，保持 public 基线
Mercedes-Benz C-Class Coupe 2016,SD1,SD1,APPLIED,OUT_OF_SCOPE_UNCHANGED,本轮未重新核定，保持 public 基线
Mercedes-Benz C-Class Sedan 2016-2018,SD1,SD1,APPLIED,OUT_OF_SCOPE_UNCHANGED,本轮未重新核定，保持 public 基线
Mercedes-Benz C-Class Convertible 2017-2023,SD1,SD1,APPLIED,OUT_OF_SCOPE_UNCHANGED,本轮未重新核定，保持 public 基线
Mercedes-Benz C-Class Coupe 2017-2023,SD1,SD1,APPLIED,OUT_OF_SCOPE_UNCHANGED,本轮未重新核定，保持 public 基线
Mercedes-Benz C-Class Sedan 2019-2021,SD1,SD1,APPLIED,OUT_OF_SCOPE_UNCHANGED,本轮未重新核定，保持 public 基线
Mercedes-Benz C-Class Sedan 2022-2026,SD1,SD1,APPLIED,OUT_OF_SCOPE_UNCHANGED,本轮未重新核定，保持 public 基线
Mercedes-Benz C-Class AMG Sedan 1995,SD1,SD1,APPLIED,OUT_OF_SCOPE_UNCHANGED,本轮未重新核定，保持 public 基线
Mercedes-Benz C-Class AMG Sedan 1996-2000,SD1,SD1,APPLIED,OUT_OF_SCOPE_UNCHANGED,本轮未重新核定，保持 public 基线
Mercedes-Benz C-Class AMG Sedan 2002-2004,SD1,SD1,APPLIED,OUT_OF_SCOPE_UNCHANGED,本轮未重新核定，保持 public 基线
Mercedes-Benz C-Class AMG Sedan 2005-2006,SD1,SD1,APPLIED,OUT_OF_SCOPE_UNCHANGED,本轮未重新核定，保持 public 基线
Mercedes-Benz C-Class AMG Sedan 2008-2011,SD1,SD1,APPLIED,OUT_OF_SCOPE_UNCHANGED,本轮未重新核定，保持 public 基线
Mercedes-Benz C-Class AMG Sedan 2012-2014,SD1,SD1,APPLIED,OUT_OF_SCOPE_UNCHANGED,本轮未重新核定，保持 public 基线
Mercedes-Benz C-Class AMG Coupe 2012-2015,SD1,SD1,APPLIED,OUT_OF_SCOPE_UNCHANGED,本轮未重新核定，保持 public 基线
Mercedes-Benz C-Class AMG Sedan 2016-2021,SD1,SD1,APPLIED,OUT_OF_SCOPE_UNCHANGED,本轮未重新核定，保持 public 基线
Mercedes-Benz C-Class AMG Sedan 2023,SD1,SD1,APPLIED,OUT_OF_SCOPE_UNCHANGED,本轮未重新核定，保持 public 基线
Mercedes-Benz C-Class AMG Sedan 2024-2026,SD1,SD1,APPLIED,OUT_OF_SCOPE_UNCHANGED,本轮未重新核定，保持 public 基线
Mercedes-Benz C-Class PHEV Sedan 2015,SD1,SD1,APPLIED,OUT_OF_SCOPE_UNCHANGED,本轮未重新核定，保持 public 基线
Mercedes-Benz C-Class SportCoupe Hatchback 2002-2005,H0,H0,APPLIED,OUT_OF_SCOPE_UNCHANGED,本轮未重新核定，保持 public 基线
Mercedes-Benz CL-Class Coupe 1998-1999,SD0,SD0,APPLIED,OUT_OF_SCOPE_UNCHANGED,本轮未重新核定，保持 public 基线
Mercedes-Benz CL-Class Coupe 2000-2001,SD0,SD0,APPLIED,OUT_OF_SCOPE_UNCHANGED,本轮未重新核定，保持 public 基线
Mercedes-Benz CL-Class Coupe 2002,SD0,SD0,APPLIED,OUT_OF_SCOPE_UNCHANGED,本轮未重新核定，保持 public 基线
Mercedes-Benz CL-Class Coupe 2003,SD0,SD0,APPLIED,OUT_OF_SCOPE_UNCHANGED,本轮未重新核定，保持 public 基线
Mercedes-Benz CL-Class Coupe 2004-2005,SD0,SD0,APPLIED,OUT_OF_SCOPE_UNCHANGED,本轮未重新核定，保持 public 基线
Mercedes-Benz CL-Class Coupe 2006,SD0,SD0,APPLIED,OUT_OF_SCOPE_UNCHANGED,本轮未重新核定，保持 public 基线
Mercedes-Benz CL-Class Coupe 2007-2010,SD0,SD0,APPLIED,OUT_OF_SCOPE_UNCHANGED,本轮未重新核定，保持 public 基线
Mercedes-Benz CL-Class Coupe 2011-2014,SD0,SD0,APPLIED,OUT_OF_SCOPE_UNCHANGED,本轮未重新核定，保持 public 基线
Mercedes-Benz CL-Class AMG Coupe 2008-2009,SD0,SD0,APPLIED,OUT_OF_SCOPE_UNCHANGED,本轮未重新核定，保持 public 基线
Mercedes-Benz CL-Class AMG Coupe 2012-2013,SD0,SD0,APPLIED,OUT_OF_SCOPE_UNCHANGED,本轮未重新核定，保持 public 基线
Mercedes-Benz CLA-Class Sedan 2014-2019,SD1,SD1,APPLIED,OUT_OF_SCOPE_UNCHANGED,本轮未重新核定，保持 public 基线
Mercedes-Benz CLA-Class Sedan 2020-2025,SD1,SD1,APPLIED,OUT_OF_SCOPE_UNCHANGED,本轮未重新核定，保持 public 基线
Mercedes-Benz CLA-Class Sedan 2026-2027,SD1,SD1,APPLIED,OUT_OF_SCOPE_UNCHANGED,本轮未重新核定，保持 public 基线
Mercedes-Benz CLA-Class AMG Sedan 2014-2019,SD1,SD1,APPLIED,OUT_OF_SCOPE_UNCHANGED,本轮未重新核定，保持 public 基线
Mercedes-Benz CLA-Class AMG Sedan 2020-2026,SD1,SD1,APPLIED,OUT_OF_SCOPE_UNCHANGED,本轮未重新核定，保持 public 基线
Mercedes-Benz CLK-Class Coupe 1998-2003,SD0,SD0,APPLIED,OUT_OF_SCOPE_UNCHANGED,本轮未重新核定，保持 public 基线
Mercedes-Benz CLK-Class Convertible 1999-2003,SD0,SD0,APPLIED,OUT_OF_SCOPE_UNCHANGED,本轮未重新核定，保持 public 基线
Mercedes-Benz CLK-Class Convertible 2004-2005,SD0,SD0,APPLIED,OUT_OF_SCOPE_UNCHANGED,本轮未重新核定，保持 public 基线
Mercedes-Benz CLK-Class Convertible 2006-2008,SD0,SD0,APPLIED,OUT_OF_SCOPE_UNCHANGED,本轮未重新核定，保持 public 基线
Mercedes-Benz CLK-Class Coupe 2006-2008,SD0,SD0,APPLIED,OUT_OF_SCOPE_UNCHANGED,本轮未重新核定，保持 public 基线
Mercedes-Benz CLK-Class Convertible 2009,SD0,SD0,APPLIED,OUT_OF_SCOPE_UNCHANGED,本轮未重新核定，保持 public 基线
Mercedes-Benz CLK-Class Coupe 2009,SD0,SD0,APPLIED,OUT_OF_SCOPE_UNCHANGED,本轮未重新核定，保持 public 基线
Mercedes-Benz CLS-Class 4dr coupe Sedan 2006-2011,SD0,SD0,APPLIED,OUT_OF_SCOPE_UNCHANGED,本轮未重新核定，保持 public 基线
Mercedes-Benz CLS-Class 4dr coupe Sedan 2012-2018,SD0,SD0,APPLIED,OUT_OF_SCOPE_UNCHANGED,本轮未重新核定，保持 public 基线
Mercedes-Benz CLS-Class 4dr coupe Sedan 2019-2023,SD0,SD0,APPLIED,OUT_OF_SCOPE_UNCHANGED,本轮未重新核定，保持 public 基线
Mercedes-Benz CLS-Class AMG Sedan 2006-2011,SD0,SD0,APPLIED,OUT_OF_SCOPE_UNCHANGED,本轮未重新核定，保持 public 基线
Mercedes-Benz CLS-Class AMG Sedan 2012-2018,SD0,SD0,APPLIED,OUT_OF_SCOPE_UNCHANGED,本轮未重新核定，保持 public 基线
Mercedes-Benz CLS-Class AMG Sedan 2019-2021,SD0,SD0,APPLIED,OUT_OF_SCOPE_UNCHANGED,本轮未重新核定，保持 public 基线
Mercedes-Benz E-Class Convertible 1994-1995,SD1,SD1,APPLIED,OUT_OF_SCOPE_UNCHANGED,本轮未重新核定，保持 public 基线
Mercedes-Benz E-Class Coupe 1994-1995,SD1,SD1,APPLIED,OUT_OF_SCOPE_UNCHANGED,本轮未重新核定，保持 public 基线
Mercedes-Benz E-Class Sedan 1994-1995,SD1,SD1,APPLIED,OUT_OF_SCOPE_UNCHANGED,本轮未重新核定，保持 public 基线
Mercedes-Benz E-Class Wagon 1994-1995,H2,H2,APPLIED,OUT_OF_SCOPE_UNCHANGED,本轮未重新核定，保持 public 基线
Mercedes-Benz E-Class Sedan 1996-2002,SD1,SD1,APPLIED,OUT_OF_SCOPE_UNCHANGED,本轮未重新核定，保持 public 基线
Mercedes-Benz E-Class Wagon 1998-2003,H2,H2,APPLIED,OUT_OF_SCOPE_UNCHANGED,本轮未重新核定，保持 public 基线
Mercedes-Benz E-Class Sedan 2003-2009,SD1,SD1,APPLIED,OUT_OF_SCOPE_UNCHANGED,本轮未重新核定，保持 public 基线
Mercedes-Benz E-Class Wagon 2004-2009,H2,H2,APPLIED,OUT_OF_SCOPE_UNCHANGED,本轮未重新核定，保持 public 基线
Mercedes-Benz E-Class Sedan 2010-2016,SD1,SD1,APPLIED,OUT_OF_SCOPE_UNCHANGED,本轮未重新核定，保持 public 基线
Mercedes-Benz E-Class Coupe 2010-2017,SD1,SD1,APPLIED,OUT_OF_SCOPE_UNCHANGED,本轮未重新核定，保持 public 基线
Mercedes-Benz E-Class Wagon 2011-2016,H2,H2,APPLIED,OUT_OF_SCOPE_UNCHANGED,本轮未重新核定，保持 public 基线
Mercedes-Benz E-Class Convertible 2011-2017,SD1,SD1,APPLIED,OUT_OF_SCOPE_UNCHANGED,本轮未重新核定，保持 public 基线
Mercedes-Benz E-Class Wagon 2017-2020,H2,H2,APPLIED,OUT_OF_SCOPE_UNCHANGED,本轮未重新核定，保持 public 基线
Mercedes-Benz E-Class Sedan 2017-2023,SD1,SD1,APPLIED,OUT_OF_SCOPE_UNCHANGED,本轮未重新核定，保持 public 基线
Mercedes-Benz E-Class Convertible 2018-2023,SD1,SD1,APPLIED,OUT_OF_SCOPE_UNCHANGED,本轮未重新核定，保持 public 基线
Mercedes-Benz E-Class Coupe 2018-2023,SD1,SD1,APPLIED,OUT_OF_SCOPE_UNCHANGED,本轮未重新核定，保持 public 基线
Mercedes-Benz E-Class Sedan 2025-2026,SD1,SD1,APPLIED,OUT_OF_SCOPE_UNCHANGED,本轮未重新核定，保持 public 基线
Mercedes-Benz E-Class Wagon 2026,H2,H2,APPLIED,OUT_OF_SCOPE_UNCHANGED,本轮未重新核定，保持 public 基线
Mercedes-Benz E-Class AMG Sedan 1999-2002,SD1,SD1,APPLIED,OUT_OF_SCOPE_UNCHANGED,本轮未重新核定，保持 public 基线
Mercedes-Benz E-Class AMG Sedan 2003-2006,SD1,SD1,APPLIED,OUT_OF_SCOPE_UNCHANGED,本轮未重新核定，保持 public 基线
Mercedes-Benz E-Class AMG Sedan 2007-2009,SD1,SD1,APPLIED,OUT_OF_SCOPE_UNCHANGED,本轮未重新核定，保持 public 基线
Mercedes-Benz E-Class AMG Sedan 2010-2016,SD1,SD1,APPLIED,OUT_OF_SCOPE_UNCHANGED,本轮未重新核定，保持 public 基线
Mercedes-Benz E-Class AMG Sedan 2017-2018,SD1,SD1,APPLIED,OUT_OF_SCOPE_UNCHANGED,本轮未重新核定，保持 public 基线
Mercedes-Benz E-Class AMG Sedan 2019,SD1,SD1,APPLIED,OUT_OF_SCOPE_UNCHANGED,本轮未重新核定，保持 public 基线
Mercedes-Benz E-Class AMG Sedan 2020-2022,SD1,SD1,APPLIED,OUT_OF_SCOPE_UNCHANGED,本轮未重新核定，保持 public 基线
Mercedes-Benz E-Class AMG Sedan 2023,SD1,SD1,APPLIED,OUT_OF_SCOPE_UNCHANGED,本轮未重新核定，保持 public 基线
Mercedes-Benz E-Class All-Terrain Wagon 2021-2023,H2,H2,APPLIED,OUT_OF_SCOPE_UNCHANGED,本轮未重新核定，保持 public 基线
Mercedes-Benz E-Class All-Terrain Wagon 2024-2026,H2,H2,APPLIED,OUT_OF_SCOPE_UNCHANGED,本轮未重新核定，保持 public 基线
Mercedes-Benz E-Class Cabriolet Convertible 2011-2017,SD1,SD1,APPLIED,OUT_OF_SCOPE_UNCHANGED,本轮未重新核定，保持 public 基线
Mercedes-Benz E-Class PHEV Sedan 2024-2026,SD1,SD1,APPLIED,OUT_OF_SCOPE_UNCHANGED,本轮未重新核定，保持 public 基线
Mercedes-Benz EQB SUV 2022-2025,SU2,SU2,APPLIED,SUV_TAPER_REVIEW,详见 suv_audit.csv
Mercedes-Benz G-Class SUV 2019-2026,JP,JP,APPLIED,SUV_TAPER_REVIEW,详见 suv_audit.csv
Mercedes-Benz G-Class AMG SUV 2003-2018,JP,JP,APPLIED,SUV_TAPER_REVIEW,详见 suv_audit.csv
Mercedes-Benz GL-Class SUV 2007-2012,SU1,SU1,APPLIED,SUV_TAPER_REVIEW,详见 suv_audit.csv
Mercedes-Benz GL-Class AMG SUV 2013-2016,SU1,SU1,APPLIED,SUV_TAPER_REVIEW,详见 suv_audit.csv
Mercedes-Benz GLA-Class SUV 2015-2020,SU1,SU1,APPLIED,SUV_TAPER_REVIEW,详见 suv_audit.csv
Mercedes-Benz GLA-Class SUV 2021-2026,SU1,SU1,APPLIED,SUV_TAPER_REVIEW,详见 suv_audit.csv
Mercedes-Benz GLA-Class AMG SUV 2015-2019,SU1,SU1,APPLIED,SUV_TAPER_REVIEW,详见 suv_audit.csv
Mercedes-Benz GLA-Class AMG SUV 2021-2026,SU1,SU1,APPLIED,SUV_TAPER_REVIEW,详见 suv_audit.csv
Mercedes-Benz GLB-Class SUV 2020-2026,SU2,SU2,APPLIED,SUV_TAPER_REVIEW,详见 suv_audit.csv
Mercedes-Benz GLC-Class SUV 2016-2019,SU1,SU1,APPLIED,SUV_TAPER_REVIEW,详见 suv_audit.csv
Mercedes-Benz GLC-Class SUV 2020-2022,SU1,SU1,APPLIED,SUV_TAPER_REVIEW,详见 suv_audit.csv
Mercedes-Benz GLC-Class SUV 2023-2026,SU1,SU1,APPLIED,SUV_TAPER_REVIEW,详见 suv_audit.csv
Mercedes-Benz GLC-Class AMG Crossover 2017-2023,SU1,SU1,APPLIED,SUV_TAPER_REVIEW,详见 suv_audit.csv
Mercedes-Benz GLC-Class AMG Crossover 2024-2026,SU1,SU1,APPLIED,SUV_TAPER_REVIEW,详见 suv_audit.csv
Mercedes-Benz GLE-Class Coupe 2016-2019,SU0,SU1,APPLIED,SUV_TAPER_REVIEW,详见 suv_audit.csv
Mercedes-Benz GLE-Class SUV 2016-2019,SU1,SU1,APPLIED,SUV_TAPER_REVIEW,详见 suv_audit.csv
Mercedes-Benz GLE-Class SUV 2020-2026,SU1,SU1,APPLIED,SUV_TAPER_REVIEW,详见 suv_audit.csv
Mercedes-Benz GLE-Class Coupe 2021-2026,SU0,SU1,APPLIED,SUV_TAPER_REVIEW,详见 suv_audit.csv
Mercedes-Benz GLK-Class SUV 2011-2015,SU2,SU2,APPLIED,SUV_TAPER_REVIEW,详见 suv_audit.csv
Mercedes-Benz GLS-Class AMG SUV 2017-2019,SU1,SU1,APPLIED,SUV_TAPER_REVIEW,详见 suv_audit.csv
Mercedes-Benz GLS-Class AMG SUV 2020-2026,SU1,SU1,APPLIED,SUV_TAPER_REVIEW,详见 suv_audit.csv
Mercedes-Benz M-Class SUV 1998-2001,SU1,SU1,APPLIED,SUV_TAPER_REVIEW,详见 suv_audit.csv
Mercedes-Benz M-Class SUV 2002-2005,SU1,SU1,APPLIED,SUV_TAPER_REVIEW,详见 suv_audit.csv
Mercedes-Benz M-Class SUV 2006-2007,SU1,SU1,APPLIED,SUV_TAPER_REVIEW,详见 suv_audit.csv
Mercedes-Benz M-Class SUV 2008-2011,SU1,SU1,APPLIED,SUV_TAPER_REVIEW,详见 suv_audit.csv
Mercedes-Benz M-Class SUV 2012-2015,SU1,SU1,APPLIED,SUV_TAPER_REVIEW,详见 suv_audit.csv
Mercedes-Benz M-Class AMG SUV 2010-2011,SU1,SU1,APPLIED,SUV_TAPER_REVIEW,详见 suv_audit.csv
Mercedes-Benz M-Class Diesel SUV 2008-2010,SU1,SU1,APPLIED,SUV_TAPER_REVIEW,详见 suv_audit.csv
Mercedes-Benz ML-Class SUV 1998-2001,SU2,SU2,APPLIED,SUV_TAPER_REVIEW,详见 suv_audit.csv
Mercedes-Benz ML-Class SUV 2002-2005,SU2,SU2,APPLIED,SUV_TAPER_REVIEW,详见 suv_audit.csv
Mercedes-Benz ML-Class SUV 2006-2011,SU1,SU1,APPLIED,SUV_TAPER_REVIEW,详见 suv_audit.csv
Mercedes-Benz ML-Class SUV 2012-2015,SU1,SU1,APPLIED,SUV_TAPER_REVIEW,详见 suv_audit.csv
Mercedes-Benz S-Class Coupe 1994-1995,SD2,SD2,APPLIED,OUT_OF_SCOPE_UNCHANGED,本轮未重新核定，保持 public 基线
Mercedes-Benz S-Class Sedan 1994-1999,SD2,SD2,APPLIED,OUT_OF_SCOPE_UNCHANGED,本轮未重新核定，保持 public 基线
Mercedes-Benz S-Class Sedan 2000-2005,SD1,SD1,APPLIED,OUT_OF_SCOPE_UNCHANGED,本轮未重新核定，保持 public 基线
Mercedes-Benz S-Class Sedan 2006,SD1,SD1,APPLIED,OUT_OF_SCOPE_UNCHANGED,本轮未重新核定，保持 public 基线
Mercedes-Benz S-Class Sedan 2007-2009,SD1,SD1,APPLIED,OUT_OF_SCOPE_UNCHANGED,本轮未重新核定，保持 public 基线
Mercedes-Benz S-Class Sedan 2010-2013,SD1,SD1,APPLIED,OUT_OF_SCOPE_UNCHANGED,本轮未重新核定，保持 public 基线
Mercedes-Benz S-Class Sedan 2014,SD1,SD1,APPLIED,OUT_OF_SCOPE_UNCHANGED,本轮未重新核定，保持 public 基线
Mercedes-Benz S-Class Sedan 2015-2016,SD1,SD1,APPLIED,OUT_OF_SCOPE_UNCHANGED,本轮未重新核定，保持 public 基线
Mercedes-Benz S-Class Coupe 2015-2017,SD1,SD1,APPLIED,OUT_OF_SCOPE_UNCHANGED,本轮未重新核定，保持 public 基线
Mercedes-Benz S-Class Sedan 2017,SD1,SD1,APPLIED,OUT_OF_SCOPE_UNCHANGED,本轮未重新核定，保持 public 基线
Mercedes-Benz S-Class Convertible 2018,SD1,SD1,APPLIED,OUT_OF_SCOPE_UNCHANGED,本轮未重新核定，保持 public 基线
Mercedes-Benz S-Class Coupe 2018,SD1,SD1,APPLIED,OUT_OF_SCOPE_UNCHANGED,本轮未重新核定，保持 public 基线
Mercedes-Benz S-Class Sedan 2018-2020,SD1,SD1,APPLIED,OUT_OF_SCOPE_UNCHANGED,本轮未重新核定，保持 public 基线
Mercedes-Benz S-Class Convertible 2019,SD1,SD1,APPLIED,OUT_OF_SCOPE_UNCHANGED,本轮未重新核定，保持 public 基线
Mercedes-Benz S-Class Coupe 2019,SD1,SD1,APPLIED,OUT_OF_SCOPE_UNCHANGED,本轮未重新核定，保持 public 基线
Mercedes-Benz S-Class Convertible 2020,SD1,SD1,APPLIED,OUT_OF_SCOPE_UNCHANGED,本轮未重新核定，保持 public 基线
Mercedes-Benz S-Class Coupe 2020,SD1,SD1,APPLIED,OUT_OF_SCOPE_UNCHANGED,本轮未重新核定，保持 public 基线
Mercedes-Benz S-Class Sedan 2021-2025,SD1,SD1,APPLIED,OUT_OF_SCOPE_UNCHANGED,本轮未重新核定，保持 public 基线
Mercedes-Benz S-Class Sedan 2026,SD1,SD1,APPLIED,OUT_OF_SCOPE_UNCHANGED,本轮未重新核定，保持 public 基线
Mercedes-Benz S-Class AMG Sedan 2001-2006,SD1,SD1,APPLIED,OUT_OF_SCOPE_UNCHANGED,本轮未重新核定，保持 public 基线
Mercedes-Benz S-Class AMG Sedan 2007-2013,SD1,SD1,APPLIED,OUT_OF_SCOPE_UNCHANGED,本轮未重新核定，保持 public 基线
Mercedes-Benz S-Class AMG Sedan 2014,SD1,SD1,APPLIED,OUT_OF_SCOPE_UNCHANGED,本轮未重新核定，保持 public 基线
Mercedes-Benz S-Class AMG Sedan 2015-2016,SD1,SD1,APPLIED,OUT_OF_SCOPE_UNCHANGED,本轮未重新核定，保持 public 基线
Mercedes-Benz S-Class AMG Sedan 2017,SD1,SD1,APPLIED,OUT_OF_SCOPE_UNCHANGED,本轮未重新核定，保持 public 基线
Mercedes-Benz S-Class AMG Sedan 2018-2019,SD1,SD1,APPLIED,OUT_OF_SCOPE_UNCHANGED,本轮未重新核定，保持 public 基线
Mercedes-Benz S-Class AMG Sedan 2020,SD1,SD1,APPLIED,OUT_OF_SCOPE_UNCHANGED,本轮未重新核定，保持 public 基线
Mercedes-Benz S-Class AMG Sedan 2023-2025,SD1,SD1,APPLIED,OUT_OF_SCOPE_UNCHANGED,本轮未重新核定，保持 public 基线
Mercedes-Benz S-Class AMG Sedan 2026,SD1,SD1,APPLIED,OUT_OF_SCOPE_UNCHANGED,本轮未重新核定，保持 public 基线
Mercedes-Benz S-Class LWB Sedan 2006,SD1,SD1,APPLIED,OUT_OF_SCOPE_UNCHANGED,本轮未重新核定，保持 public 基线
Mercedes-Benz S-Class Maybach Sedan 2016-2020,SD1,SD1,APPLIED,OUT_OF_SCOPE_UNCHANGED,本轮未重新核定，保持 public 基线
Mercedes-Benz S-Class Maybach Sedan 2021-2026,SD1,SD1,APPLIED,OUT_OF_SCOPE_UNCHANGED,本轮未重新核定，保持 public 基线
Mercedes-Benz S-Class PHEV Coupe 2015,SD1,SD1,APPLIED,OUT_OF_SCOPE_UNCHANGED,本轮未重新核定，保持 public 基线
Mercedes-Benz S-Class S 550e PHEV Sedan 2017,SD1,SD1,APPLIED,OUT_OF_SCOPE_UNCHANGED,本轮未重新核定，保持 public 基线
Mercedes-Benz S-Class S 560e PHEV Sedan 2019,SD1,SD1,APPLIED,OUT_OF_SCOPE_UNCHANGED,本轮未重新核定，保持 public 基线
Mercedes-Benz SL-Class Coupe 1954-1957,SD0,SD0,APPLIED,OUT_OF_SCOPE_UNCHANGED,本轮未重新核定，保持 public 基线
Mercedes-Benz SL-Class Convertible 1955-1963,SD0,SD0,APPLIED,OUT_OF_SCOPE_UNCHANGED,本轮未重新核定，保持 public 基线
Mercedes-Benz SL-Class Convertible 1963-1971,SD0,SD0,APPLIED,OUT_OF_SCOPE_UNCHANGED,本轮未重新核定，保持 public 基线
Mercedes-Benz SL-Class Convertible 1972-1985,SD0,SD0,APPLIED,OUT_OF_SCOPE_UNCHANGED,本轮未重新核定，保持 public 基线
Mercedes-Benz SL-Class Convertible 1986-1989,SD0,SD0,APPLIED,OUT_OF_SCOPE_UNCHANGED,本轮未重新核定，保持 public 基线
Mercedes-Benz SL-Class Convertible 1990-1991,SD0,SD0,APPLIED,OUT_OF_SCOPE_UNCHANGED,本轮未重新核定，保持 public 基线
Mercedes-Benz SL-Class Convertible 1997-2002,SD0,SD0,APPLIED,OUT_OF_SCOPE_UNCHANGED,本轮未重新核定，保持 public 基线
Mercedes-Benz SL-Class Convertible 2003-2004,SD0,SD0,APPLIED,OUT_OF_SCOPE_UNCHANGED,本轮未重新核定，保持 public 基线
Mercedes-Benz SL-Class Convertible 2005-2012,SD0,SD0,APPLIED,OUT_OF_SCOPE_UNCHANGED,本轮未重新核定，保持 public 基线
Mercedes-Benz SL-Class Convertible 2013-2020,SD0,SD0,APPLIED,OUT_OF_SCOPE_UNCHANGED,本轮未重新核定，保持 public 基线
Mercedes-Benz SL-Class Convertible 2026,SD0,SD0,APPLIED,OUT_OF_SCOPE_UNCHANGED,本轮未重新核定，保持 public 基线
Mercedes-Benz SL-Class 300 SL Convertible 1992-1993,SD0,SD0,APPLIED,OUT_OF_SCOPE_UNCHANGED,本轮未重新核定，保持 public 基线
Mercedes-Benz SL-Class 300SL Convertible 1957-1963,SD0,SD0,APPLIED,OUT_OF_SCOPE_UNCHANGED,本轮未重新核定，保持 public 基线
Mercedes-Benz SL-Class 500 SL Convertible 1992-1993,SD0,SD0,APPLIED,OUT_OF_SCOPE_UNCHANGED,本轮未重新核定，保持 public 基线
Mercedes-Benz SL-Class 560SL Convertible 1986-1989,SD0,SD0,APPLIED,OUT_OF_SCOPE_UNCHANGED,本轮未重新核定，保持 public 基线
Mercedes-Benz SL-Class 600 SL Convertible 1993,SD0,SD0,APPLIED,OUT_OF_SCOPE_UNCHANGED,本轮未重新核定，保持 public 基线
Mercedes-Benz SL-Class AMG Convertible 2003-2010,SD0,SD0,APPLIED,OUT_OF_SCOPE_UNCHANGED,本轮未重新核定，保持 public 基线
Mercedes-Benz SL-Class AMG Convertible 2011-2012,SD0,SD0,APPLIED,OUT_OF_SCOPE_UNCHANGED,本轮未重新核定，保持 public 基线
Mercedes-Benz SL-Class AMG Convertible 2013-2020,SD0,SD0,APPLIED,OUT_OF_SCOPE_UNCHANGED,本轮未重新核定，保持 public 基线
Mercedes-Benz SL-Class AMG Convertible 2022-2026,SD0,SD0,APPLIED,OUT_OF_SCOPE_UNCHANGED,本轮未重新核定，保持 public 基线
Mercedes-Benz SL-Class SL320 Convertible 1994-1996,SD0,SD0,APPLIED,OUT_OF_SCOPE_UNCHANGED,本轮未重新核定，保持 public 基线
Mercedes-Benz SL-Class SL500 Convertible 1994-1996,SD0,SD0,APPLIED,OUT_OF_SCOPE_UNCHANGED,本轮未重新核定，保持 public 基线
Mercedes-Benz SL-Class SL600 Convertible 1994-1996,SD0,SD0,APPLIED,OUT_OF_SCOPE_UNCHANGED,本轮未重新核定，保持 public 基线
Mercedes-Benz SLC-Class Convertible 2017-2020,SD0,SD0,APPLIED,OUT_OF_SCOPE_UNCHANGED,本轮未重新核定，保持 public 基线
Mercedes-Benz SLC-Class AMG Convertible 2017-2020,SD0,SD0,APPLIED,OUT_OF_SCOPE_UNCHANGED,本轮未重新核定，保持 public 基线
Mercedes-Benz SLK-Class Convertible 1998-2004,SD0,SD0,APPLIED,OUT_OF_SCOPE_UNCHANGED,本轮未重新核定，保持 public 基线
Mercedes-Benz SLK-Class Convertible 2005-2011,SD0,SD0,APPLIED,OUT_OF_SCOPE_UNCHANGED,本轮未重新核定，保持 public 基线
Mercedes-Benz SLK-Class Convertible 2012-2016,SD0,SD0,APPLIED,OUT_OF_SCOPE_UNCHANGED,本轮未重新核定，保持 public 基线
Mercedes-Benz SLK-Class AMG Convertible 2002-2004,SD0,SD0,APPLIED,OUT_OF_SCOPE_UNCHANGED,本轮未重新核定，保持 public 基线
Mercedes-Benz SLK-Class AMG Convertible 2005-2011,SD0,SD0,APPLIED,OUT_OF_SCOPE_UNCHANGED,本轮未重新核定，保持 public 基线
Mercury Cougar Coupe 1967-1970,SD2,SD2,APPLIED,OUT_OF_SCOPE_UNCHANGED,本轮未重新核定，保持 public 基线
Mercury Cougar Convertible 1969-1970,SD2,SD2,APPLIED,OUT_OF_SCOPE_UNCHANGED,本轮未重新核定，保持 public 基线
Mercury Cougar Convertible 1971-1973,SD2,SD2,APPLIED,OUT_OF_SCOPE_UNCHANGED,本轮未重新核定，保持 public 基线
Mercury Cougar Coupe 1971-1973,SD2,SD2,APPLIED,OUT_OF_SCOPE_UNCHANGED,本轮未重新核定，保持 public 基线
Mercury Cougar Wagon 1977,H3,H3,APPLIED,OUT_OF_SCOPE_UNCHANGED,本轮未重新核定，保持 public 基线
Mercury Cougar Coupe 1977-1979,SD2,SD2,APPLIED,OUT_OF_SCOPE_UNCHANGED,本轮未重新核定，保持 public 基线
Mercury Cougar Sedan 1977-1979,SD2,SD2,APPLIED,OUT_OF_SCOPE_UNCHANGED,本轮未重新核定，保持 public 基线
Mercury Cougar Wagon 1978-1979,H3,H3,APPLIED,OUT_OF_SCOPE_UNCHANGED,本轮未重新核定，保持 public 基线
Mercury Cougar Coupe 1980-1982,SD2,SD2,APPLIED,OUT_OF_SCOPE_UNCHANGED,本轮未重新核定，保持 public 基线
Mercury Cougar Sedan 1980-1982,SD2,SD2,APPLIED,OUT_OF_SCOPE_UNCHANGED,本轮未重新核定，保持 public 基线
Mercury Cougar Wagon 1980-1982,H3,H3,APPLIED,OUT_OF_SCOPE_UNCHANGED,本轮未重新核定，保持 public 基线
Mercury Cougar Coupe 1983,SD0,SD0,APPLIED,OUT_OF_SCOPE_UNCHANGED,本轮未重新核定，保持 public 基线
Mercury Cougar Coupe 1984-1988,SD0,SD0,APPLIED,OUT_OF_SCOPE_UNCHANGED,本轮未重新核定，保持 public 基线
Mercury Cougar Coupe 1989-1997,SD0,SD0,APPLIED,OUT_OF_SCOPE_UNCHANGED,本轮未重新核定，保持 public 基线
Mercury Cougar Hatchback 1999-2002,H0,H0,APPLIED,OUT_OF_SCOPE_UNCHANGED,本轮未重新核定，保持 public 基线
Mercury Cougar XR-7 Coupe 1974-1976,SD2,SD2,APPLIED,OUT_OF_SCOPE_UNCHANGED,本轮未重新核定，保持 public 基线
Mercury Grand Marquis Sedan 1975-1978,SD2,SD2,APPLIED,OUT_OF_SCOPE_UNCHANGED,本轮未重新核定，保持 public 基线
Mercury Grand Marquis Sedan 1979-1982,SD2,SD2,APPLIED,OUT_OF_SCOPE_UNCHANGED,本轮未重新核定，保持 public 基线
Mercury Grand Marquis Sedan 1983-1991,SD2,SD2,APPLIED,OUT_OF_SCOPE_UNCHANGED,本轮未重新核定，保持 public 基线
Mercury Grand Marquis Sedan 1992-1997,SD2,SD2,APPLIED,OUT_OF_SCOPE_UNCHANGED,本轮未重新核定，保持 public 基线
Mercury Grand Marquis Sedan 1998-2005,SD2,SD2,APPLIED,OUT_OF_SCOPE_UNCHANGED,本轮未重新核定，保持 public 基线
Mercury Grand Marquis Sedan 2006-2011,SD2,SD2,APPLIED,OUT_OF_SCOPE_UNCHANGED,本轮未重新核定，保持 public 基线
Mercury Marauder Sedan 2003-2004,SD1,SD1,APPLIED,OUT_OF_SCOPE_UNCHANGED,本轮未重新核定，保持 public 基线
Mercury Mariner SUV 2005-2007,SU2,SU2,APPLIED,SUV_TAPER_REVIEW,详见 suv_audit.csv
Mercury Mariner SUV 2008-2011,SU2,SU2,APPLIED,SUV_TAPER_REVIEW,详见 suv_audit.csv
Mercury Marquis Coupe 1967-1968,SD2,SD2,APPLIED,OUT_OF_SCOPE_UNCHANGED,本轮未重新核定，保持 public 基线
Mercury Marquis Coupe 1969-1970,SD2,SD2,APPLIED,OUT_OF_SCOPE_UNCHANGED,本轮未重新核定，保持 public 基线
Mercury Marquis Sedan 1969-1970,SD2,SD2,APPLIED,OUT_OF_SCOPE_UNCHANGED,本轮未重新核定，保持 public 基线
Mercury Marquis Coupe 1971-1972,SD2,SD2,APPLIED,OUT_OF_SCOPE_UNCHANGED,本轮未重新核定，保持 public 基线
Mercury Marquis Sedan 1971-1972,SD2,SD2,APPLIED,OUT_OF_SCOPE_UNCHANGED,本轮未重新核定，保持 public 基线
Mercury Marquis Coupe 1973,SD2,SD2,APPLIED,OUT_OF_SCOPE_UNCHANGED,本轮未重新核定，保持 public 基线
Mercury Marquis Sedan 1973,SD2,SD2,APPLIED,OUT_OF_SCOPE_UNCHANGED,本轮未重新核定，保持 public 基线
Mercury Marquis Wagon 1973,H3,H3,APPLIED,OUT_OF_SCOPE_UNCHANGED,本轮未重新核定，保持 public 基线
Mercury Marquis Wagon 1974,H3,H3,APPLIED,OUT_OF_SCOPE_UNCHANGED,本轮未重新核定，保持 public 基线
Mercury Marquis Sedan 1974-1978,SD2,SD2,APPLIED,OUT_OF_SCOPE_UNCHANGED,本轮未重新核定，保持 public 基线
Mercury Marquis Wagon 1975-1977,H3,H3,APPLIED,OUT_OF_SCOPE_UNCHANGED,本轮未重新核定，保持 public 基线
Mercury Marquis Coupe 1975-1978,SD2,SD2,APPLIED,OUT_OF_SCOPE_UNCHANGED,本轮未重新核定，保持 public 基线
Mercury Marquis Wagon 1978,H3,H3,APPLIED,OUT_OF_SCOPE_UNCHANGED,本轮未重新核定，保持 public 基线
Mercury Marquis Sedan 1979-1981,SD2,SD2,APPLIED,OUT_OF_SCOPE_UNCHANGED,本轮未重新核定，保持 public 基线
Mercury Marquis Wagon 1979-1982,H3,H3,APPLIED,OUT_OF_SCOPE_UNCHANGED,本轮未重新核定，保持 public 基线
Mercury Marquis Coupe 1980-1982,SD2,SD2,APPLIED,OUT_OF_SCOPE_UNCHANGED,本轮未重新核定，保持 public 基线
Mercury Marquis Sedan 1982,SD2,SD2,APPLIED,OUT_OF_SCOPE_UNCHANGED,本轮未重新核定，保持 public 基线
Mercury Marquis Sedan 1983-1985,SD2,SD2,APPLIED,OUT_OF_SCOPE_UNCHANGED,本轮未重新核定，保持 public 基线
Mercury Marquis Wagon 1983-1986,H3,H3,APPLIED,OUT_OF_SCOPE_UNCHANGED,本轮未重新核定，保持 public 基线
Mercury Marquis Sedan 1986,SD2,SD2,APPLIED,OUT_OF_SCOPE_UNCHANGED,本轮未重新核定，保持 public 基线
Mercury Milan Sedan 2006-2009,SD1,SD1,APPLIED,OUT_OF_SCOPE_UNCHANGED,本轮未重新核定，保持 public 基线
Mercury Milan Sedan 2010-2011,SD1,SD1,APPLIED,OUT_OF_SCOPE_UNCHANGED,本轮未重新核定，保持 public 基线
Mercury Monterey Convertible 1952-1953,SD2,SD2,APPLIED,OUT_OF_SCOPE_UNCHANGED,本轮未重新核定，保持 public 基线
Mercury Monterey Coupe 1952-1953,SD2,SD2,APPLIED,OUT_OF_SCOPE_UNCHANGED,本轮未重新核定，保持 public 基线
Mercury Monterey Sedan 1952-1953,SD2,SD2,APPLIED,OUT_OF_SCOPE_UNCHANGED,本轮未重新核定，保持 public 基线
Mercury Monterey Wagon 1952-1953,H3,H3,APPLIED,OUT_OF_SCOPE_UNCHANGED,本轮未重新核定，保持 public 基线
Mercury Monterey Convertible 1954,SD2,SD2,APPLIED,OUT_OF_SCOPE_UNCHANGED,本轮未重新核定，保持 public 基线
Mercury Monterey Coupe 1954,SD2,SD2,APPLIED,OUT_OF_SCOPE_UNCHANGED,本轮未重新核定，保持 public 基线
Mercury Monterey Sedan 1954,SD2,SD2,APPLIED,OUT_OF_SCOPE_UNCHANGED,本轮未重新核定，保持 public 基线
Mercury Monterey Wagon 1954,H3,H3,APPLIED,OUT_OF_SCOPE_UNCHANGED,本轮未重新核定，保持 public 基线
Mercury Monterey Coupe 1955-1956,SD2,SD2,APPLIED,OUT_OF_SCOPE_UNCHANGED,本轮未重新核定，保持 public 基线
Mercury Monterey Hatchback 1955-1956,H0,H0,APPLIED,OUT_OF_SCOPE_UNCHANGED,本轮未重新核定，保持 public 基线
Mercury Monterey Sedan 1955-1956,SD2,SD2,APPLIED,OUT_OF_SCOPE_UNCHANGED,本轮未重新核定，保持 public 基线
Mercury Monterey Wagon 1955-1956,H3,H3,APPLIED,OUT_OF_SCOPE_UNCHANGED,本轮未重新核定，保持 public 基线
Mercury Monterey Coupe 1957-1958,SD2,SD2,APPLIED,OUT_OF_SCOPE_UNCHANGED,本轮未重新核定，保持 public 基线
Mercury Monterey Sedan 1957-1958,SD2,SD2,APPLIED,OUT_OF_SCOPE_UNCHANGED,本轮未重新核定，保持 public 基线
Mercury Monterey Coupe 1959-1960,SD2,SD2,APPLIED,OUT_OF_SCOPE_UNCHANGED,本轮未重新核定，保持 public 基线
Mercury Monterey Sedan 1959-1960,SD2,SD2,APPLIED,OUT_OF_SCOPE_UNCHANGED,本轮未重新核定，保持 public 基线
Mercury Monterey Wagon 1959-1960,H3,H3,APPLIED,OUT_OF_SCOPE_UNCHANGED,本轮未重新核定，保持 public 基线
Mercury Monterey Convertible 1961-1964,SD2,SD2,APPLIED,OUT_OF_SCOPE_UNCHANGED,本轮未重新核定，保持 public 基线
Mercury Monterey Coupe 1961-1964,SD2,SD2,APPLIED,OUT_OF_SCOPE_UNCHANGED,本轮未重新核定，保持 public 基线
Mercury Monterey Sedan 1961-1964,SD2,SD2,APPLIED,OUT_OF_SCOPE_UNCHANGED,本轮未重新核定，保持 public 基线
Mercury Monterey Convertible 1965-1968,SD2,SD2,APPLIED,OUT_OF_SCOPE_UNCHANGED,本轮未重新核定，保持 public 基线
Mercury Monterey Coupe 1965-1968,SD2,SD2,APPLIED,OUT_OF_SCOPE_UNCHANGED,本轮未重新核定，保持 public 基线
Mercury Monterey Sedan 1965-1968,SD2,SD2,APPLIED,OUT_OF_SCOPE_UNCHANGED,本轮未重新核定，保持 public 基线
Mercury Monterey Coupe 1969-1974,SD2,SD2,APPLIED,OUT_OF_SCOPE_UNCHANGED,本轮未重新核定，保持 public 基线
Mercury Monterey Sedan 1969-1974,SD2,SD2,APPLIED,OUT_OF_SCOPE_UNCHANGED,本轮未重新核定，保持 public 基线
Mercury Monterey Wagon 1969-1974,H3,H3,APPLIED,OUT_OF_SCOPE_UNCHANGED,本轮未重新核定，保持 public 基线
Mercury Monterey MPV 2004-2005,V0,V0,APPLIED,OUT_OF_SCOPE_UNCHANGED,本轮未重新核定，保持 public 基线
Mercury Monterey MPV 2006-2007,V0,V0,APPLIED,OUT_OF_SCOPE_UNCHANGED,本轮未重新核定，保持 public 基线
Mercury Mountaineer SUV 1997,SU2,SU2,APPLIED,SUV_TAPER_REVIEW,详见 suv_audit.csv
Mercury Mountaineer SUV 1998,SU2,SU2,APPLIED,SUV_TAPER_REVIEW,详见 suv_audit.csv
Mercury Mountaineer SUV 1999,SU2,SU2,APPLIED,SUV_TAPER_REVIEW,详见 suv_audit.csv
Mercury Mountaineer SUV 2000-2001,SU2,SU2,APPLIED,SUV_TAPER_REVIEW,详见 suv_audit.csv
Mercury Mountaineer SUV 2002,SU2,SU2,APPLIED,SUV_TAPER_REVIEW,详见 suv_audit.csv
Mercury Mountaineer SUV 2003-2005,SU2,SU2,APPLIED,SUV_TAPER_REVIEW,详见 suv_audit.csv
Mercury Mountaineer SUV 2006-2007,SU2,SU2,APPLIED,SUV_TAPER_REVIEW,详见 suv_audit.csv
Mercury Mountaineer SUV 2008-2010,SU2,SU2,APPLIED,SUV_TAPER_REVIEW,详见 suv_audit.csv
Mercury Sable Sedan 1986-1991,SD1,SD1,APPLIED,OUT_OF_SCOPE_UNCHANGED,本轮未重新核定，保持 public 基线
Mercury Sable Wagon 1986-1991,H2,H2,APPLIED,OUT_OF_SCOPE_UNCHANGED,本轮未重新核定，保持 public 基线
Mercury Sable Sedan 1992-1995,SD1,SD1,APPLIED,OUT_OF_SCOPE_UNCHANGED,本轮未重新核定，保持 public 基线
Mercury Sable Wagon 1992-1995,H2,H2,APPLIED,OUT_OF_SCOPE_UNCHANGED,本轮未重新核定，保持 public 基线
Mercury Sable Sedan 1996-1999,SD1,SD1,APPLIED,OUT_OF_SCOPE_UNCHANGED,本轮未重新核定，保持 public 基线
Mercury Sable Wagon 1996-1999,H2,H2,APPLIED,OUT_OF_SCOPE_UNCHANGED,本轮未重新核定，保持 public 基线
Mercury Sable Sedan 2000,SD1,SD1,APPLIED,OUT_OF_SCOPE_UNCHANGED,本轮未重新核定，保持 public 基线
Mercury Sable Wagon 2000-2005,H2,H2,APPLIED,OUT_OF_SCOPE_UNCHANGED,本轮未重新核定，保持 public 基线
Mercury Sable Sedan 2001-2005,SD1,SD1,APPLIED,OUT_OF_SCOPE_UNCHANGED,本轮未重新核定，保持 public 基线
Mercury Sable Sedan 2008-2009,SD1,SD1,APPLIED,OUT_OF_SCOPE_UNCHANGED,本轮未重新核定，保持 public 基线
Mercury Tracer Sedan 1988-1989,SD1,SD1,APPLIED,OUT_OF_SCOPE_UNCHANGED,本轮未重新核定，保持 public 基线
Mercury Tracer Sedan 1990-1996,SD1,SD1,APPLIED,OUT_OF_SCOPE_UNCHANGED,本轮未重新核定，保持 public 基线
Mercury Tracer Wagon 1991-1994,H2,H2,APPLIED,OUT_OF_SCOPE_UNCHANGED,本轮未重新核定，保持 public 基线
Mercury Tracer Sedan 1997-1999,SD1,SD1,APPLIED,OUT_OF_SCOPE_UNCHANGED,本轮未重新核定，保持 public 基线
Mercury Tracer Wagon 1997-1999,H2,H2,APPLIED,OUT_OF_SCOPE_UNCHANGED,本轮未重新核定，保持 public 基线
Mitsubishi 3000GT Coupe 1991,SD0,SD0,APPLIED,OUT_OF_SCOPE_UNCHANGED,本轮未重新核定，保持 public 基线
Mitsubishi 3000GT Coupe 1992,SD0,SD0,APPLIED,OUT_OF_SCOPE_UNCHANGED,本轮未重新核定，保持 public 基线
Mitsubishi 3000GT Coupe 1993-1996,SD0,SD0,APPLIED,OUT_OF_SCOPE_UNCHANGED,本轮未重新核定，保持 public 基线
Mitsubishi 3000GT Convertible 1995-1996,SD0,SD0,APPLIED,OUT_OF_SCOPE_UNCHANGED,本轮未重新核定，保持 public 基线
Mitsubishi 3000GT Coupe 1997,SD0,SD0,APPLIED,OUT_OF_SCOPE_UNCHANGED,本轮未重新核定，保持 public 基线
Mitsubishi 3000GT Coupe 1998-1999,SD0,SD0,APPLIED,OUT_OF_SCOPE_UNCHANGED,本轮未重新核定，保持 public 基线
Mitsubishi Diamante Sedan 1992-1993,SD1,SD1,APPLIED,OUT_OF_SCOPE_UNCHANGED,本轮未重新核定，保持 public 基线
Mitsubishi Diamante Sedan 1994-1996,SD1,SD1,APPLIED,OUT_OF_SCOPE_UNCHANGED,本轮未重新核定，保持 public 基线
Mitsubishi Diamante Sedan 1997,SD1,SD1,APPLIED,OUT_OF_SCOPE_UNCHANGED,本轮未重新核定，保持 public 基线
Mitsubishi Diamante Sedan 1998-2004,SD1,SD1,APPLIED,OUT_OF_SCOPE_UNCHANGED,本轮未重新核定，保持 public 基线
Mitsubishi Eclipse Coupe 1990-1994,SD0,SD0,APPLIED,OUT_OF_SCOPE_UNCHANGED,本轮未重新核定，保持 public 基线
Mitsubishi Eclipse Coupe 1995,SD0,SD0,APPLIED,OUT_OF_SCOPE_UNCHANGED,本轮未重新核定，保持 public 基线
Mitsubishi Eclipse Hatchback 1995-1999,SD0,SD0,APPLIED,OUT_OF_SCOPE_UNCHANGED,本轮未重新核定，保持 public 基线
Mitsubishi Eclipse Convertible 1996,SD0,SD0,APPLIED,OUT_OF_SCOPE_UNCHANGED,本轮未重新核定，保持 public 基线
Mitsubishi Eclipse Coupe 1996,SD0,SD0,APPLIED,OUT_OF_SCOPE_UNCHANGED,本轮未重新核定，保持 public 基线
Mitsubishi Eclipse Coupe 1997,SD0,SD0,APPLIED,OUT_OF_SCOPE_UNCHANGED,本轮未重新核定，保持 public 基线
Mitsubishi Eclipse Convertible 1997-1999,SD0,SD0,APPLIED,OUT_OF_SCOPE_UNCHANGED,本轮未重新核定，保持 public 基线
Mitsubishi Eclipse Coupe 1998,SD0,SD0,APPLIED,OUT_OF_SCOPE_UNCHANGED,本轮未重新核定，保持 public 基线
Mitsubishi Eclipse Coupe 2000-2002,SD0,SD0,APPLIED,OUT_OF_SCOPE_UNCHANGED,本轮未重新核定，保持 public 基线
Mitsubishi Eclipse Coupe 2003-2005,SD0,SD0,APPLIED,OUT_OF_SCOPE_UNCHANGED,本轮未重新核定，保持 public 基线
Mitsubishi Eclipse Coupe 2006-2007,SD0,SD0,APPLIED,OUT_OF_SCOPE_UNCHANGED,本轮未重新核定，保持 public 基线
Mitsubishi Eclipse Convertible 2007,SD0,SD0,APPLIED,OUT_OF_SCOPE_UNCHANGED,本轮未重新核定，保持 public 基线
Mitsubishi Eclipse Convertible 2008,SD0,SD0,APPLIED,OUT_OF_SCOPE_UNCHANGED,本轮未重新核定，保持 public 基线
Mitsubishi Eclipse Coupe 2008,SD0,SD0,APPLIED,OUT_OF_SCOPE_UNCHANGED,本轮未重新核定，保持 public 基线
Mitsubishi Eclipse Convertible 2009-2010,SD0,SD0,APPLIED,OUT_OF_SCOPE_UNCHANGED,本轮未重新核定，保持 public 基线
Mitsubishi Eclipse Coupe 2009-2010,SD0,SD0,APPLIED,OUT_OF_SCOPE_UNCHANGED,本轮未重新核定，保持 public 基线
Mitsubishi Eclipse Convertible 2011-2012,SD0,SD0,APPLIED,OUT_OF_SCOPE_UNCHANGED,本轮未重新核定，保持 public 基线
Mitsubishi Eclipse Coupe 2011-2012,SD0,SD0,APPLIED,OUT_OF_SCOPE_UNCHANGED,本轮未重新核定，保持 public 基线
Mitsubishi Eclipse Spyder Convertible 2001-2005,SD0,SD0,APPLIED,OUT_OF_SCOPE_UNCHANGED,本轮未重新核定，保持 public 基线
Mitsubishi Eclipse Spyder Convertible 2007-2012,SD0,SD0,APPLIED,OUT_OF_SCOPE_UNCHANGED,本轮未重新核定，保持 public 基线
Mitsubishi Eclipse Cross Crossover 2018-2019,SU0,SU1,APPLIED,SUV_TAPER_REVIEW,详见 suv_audit.csv
Mitsubishi Eclipse Cross Crossover 2020,SU0,SU1,APPLIED,SUV_TAPER_REVIEW,详见 suv_audit.csv
Mitsubishi Eclipse Cross Crossover 2022-2026,SU0,SU1,APPLIED,SUV_TAPER_REVIEW,详见 suv_audit.csv
Mitsubishi Endeavor SUV 2004-2006,SU1,SU1,APPLIED,SUV_TAPER_REVIEW,详见 suv_audit.csv
Mitsubishi Endeavor SUV 2007-2008,SU1,SU1,APPLIED,SUV_TAPER_REVIEW,详见 suv_audit.csv
Mitsubishi Endeavor SUV 2009-2011,SU1,SU1,APPLIED,SUV_TAPER_REVIEW,详见 suv_audit.csv
Mitsubishi Galant Sedan 1989-1993,SD2,SD2,APPLIED,OUT_OF_SCOPE_UNCHANGED,本轮未重新核定，保持 public 基线
Mitsubishi Galant Sedan 1994-1998,SD1,SD1,APPLIED,OUT_OF_SCOPE_UNCHANGED,本轮未重新核定，保持 public 基线
Mitsubishi Galant Sedan 1999-2003,SD1,SD1,APPLIED,OUT_OF_SCOPE_UNCHANGED,本轮未重新核定，保持 public 基线
Mitsubishi Galant Sedan 2004-2005,SD1,SD1,APPLIED,OUT_OF_SCOPE_UNCHANGED,本轮未重新核定，保持 public 基线
Mitsubishi Galant Sedan 2006,SD1,SD1,APPLIED,OUT_OF_SCOPE_UNCHANGED,本轮未重新核定，保持 public 基线
Mitsubishi Galant Sedan 2007-2012,SD1,SD1,APPLIED,OUT_OF_SCOPE_UNCHANGED,本轮未重新核定，保持 public 基线
Mitsubishi Lancer Sedan 2002-2003,SD1,SD1,APPLIED,OUT_OF_SCOPE_UNCHANGED,本轮未重新核定，保持 public 基线
Mitsubishi Lancer Sedan 2004-2007,SD1,SD1,APPLIED,OUT_OF_SCOPE_UNCHANGED,本轮未重新核定，保持 public 基线
Mitsubishi Lancer Sedan 2008-2010,SD1,SD1,APPLIED,OUT_OF_SCOPE_UNCHANGED,本轮未重新核定，保持 public 基线
Mitsubishi Lancer Hatchback 2011,H0,H0,APPLIED,OUT_OF_SCOPE_UNCHANGED,本轮未重新核定，保持 public 基线
Mitsubishi Lancer Hatchback 2012-2015,H0,H0,APPLIED,OUT_OF_SCOPE_UNCHANGED,本轮未重新核定，保持 public 基线
Mitsubishi Lancer Sedan 2015,SD1,SD1,APPLIED,OUT_OF_SCOPE_UNCHANGED,本轮未重新核定，保持 public 基线
Mitsubishi Lancer Sedan 2016-2017,SD1,SD1,APPLIED,OUT_OF_SCOPE_UNCHANGED,本轮未重新核定，保持 public 基线
Mitsubishi Mirage Hatchback 2014,H0,H0,APPLIED,OUT_OF_SCOPE_UNCHANGED,本轮未重新核定，保持 public 基线
Mitsubishi Mirage Hatchback 2015,H0,H0,APPLIED,OUT_OF_SCOPE_UNCHANGED,本轮未重新核定，保持 public 基线
Mitsubishi Mirage Hatchback 2017-2020,H0,H0,APPLIED,OUT_OF_SCOPE_UNCHANGED,本轮未重新核定，保持 public 基线
Mitsubishi Mirage Sedan 2017-2024,SD1,SD1,APPLIED,OUT_OF_SCOPE_UNCHANGED,本轮未重新核定，保持 public 基线
Mitsubishi Mirage Hatchback 2021-2024,H0,H0,APPLIED,OUT_OF_SCOPE_UNCHANGED,本轮未重新核定，保持 public 基线
Mitsubishi Montero SUV 1992-1997,SU2,SU2,APPLIED,SUV_TAPER_REVIEW,详见 suv_audit.csv
Mitsubishi Montero SUV 1999-2000,SU2,SU2,APPLIED,SUV_TAPER_REVIEW,详见 suv_audit.csv
Mitsubishi Montero SUV 2001-2006,SU2,SU2,APPLIED,SUV_TAPER_REVIEW,详见 suv_audit.csv
Mitsubishi Montero 2dr SWB SUV 1983,JP,JP,APPLIED,SUV_TAPER_REVIEW,详见 suv_audit.csv
Mitsubishi Montero 2dr SWB SUV 1984-1986,JP,JP,APPLIED,SUV_TAPER_REVIEW,详见 suv_audit.csv
Mitsubishi Montero 2dr SWB SUV 1987-1989,JP,JP,APPLIED,SUV_TAPER_REVIEW,详见 suv_audit.csv
Mitsubishi Montero 2dr SWB SUV 1990,JP,JP,APPLIED,SUV_TAPER_REVIEW,详见 suv_audit.csv
Mitsubishi Montero 4dr LS LWB SUV 1990,JP,JP,APPLIED,SUV_TAPER_REVIEW,详见 suv_audit.csv
Mitsubishi Montero 4dr LWB SUV 1989,JP,JP,APPLIED,SUV_TAPER_REVIEW,详见 suv_audit.csv
Mitsubishi Montero 4dr LWB SUV 1991,JP,JP,APPLIED,SUV_TAPER_REVIEW,详见 suv_audit.csv
Mitsubishi Montero Sport SUV 1997-2004,SU2,SU2,APPLIED,SUV_TAPER_REVIEW,详见 suv_audit.csv
Mitsubishi Outlander SUV 2003,SU1,SU1,APPLIED,SUV_TAPER_REVIEW,详见 suv_audit.csv
Mitsubishi Outlander SUV 2004,SU1,SU1,APPLIED,SUV_TAPER_REVIEW,详见 suv_audit.csv
Mitsubishi Outlander SUV 2005,SU1,SU1,APPLIED,SUV_TAPER_REVIEW,详见 suv_audit.csv
Mitsubishi Outlander SUV 2006,SU1,SU1,APPLIED,SUV_TAPER_REVIEW,详见 suv_audit.csv
Mitsubishi Outlander SUV 2007-2009,SU1,SU1,APPLIED,SUV_TAPER_REVIEW,详见 suv_audit.csv
Mitsubishi Outlander SUV 2010-2013,SU1,SU1,APPLIED,SUV_TAPER_REVIEW,详见 suv_audit.csv
Mitsubishi Outlander SUV 2014-2015,SU1,SU1,APPLIED,SUV_TAPER_REVIEW,详见 suv_audit.csv
Mitsubishi Outlander SUV 2016-2017,SU1,SU1,APPLIED,SUV_TAPER_REVIEW,详见 suv_audit.csv
Mitsubishi Outlander SUV 2018-2021,SU1,SU1,APPLIED,SUV_TAPER_REVIEW,详见 suv_audit.csv
Mitsubishi Outlander SUV 2022-2024,SU1,SU1,APPLIED,SUV_TAPER_REVIEW,详见 suv_audit.csv
Mitsubishi Outlander SUV 2025-2026,SU1,SU1,APPLIED,SUV_TAPER_REVIEW,详见 suv_audit.csv
Mitsubishi Outlander Sport SUV 2011-2012,SU1,SU1,APPLIED,SUV_TAPER_REVIEW,详见 suv_audit.csv
Mitsubishi Outlander Sport SUV 2013-2015,SU1,SU1,APPLIED,SUV_TAPER_REVIEW,详见 suv_audit.csv
Mitsubishi Outlander Sport SUV 2016-2025,SU1,SU1,APPLIED,SUV_TAPER_REVIEW,详见 suv_audit.csv
Mitsubishi i-MiEV Hatchback 2012,H1,H1,APPLIED,OUT_OF_SCOPE_UNCHANGED,本轮未重新核定，保持 public 基线
Mitsubishi i-MiEV Hatchback 2014,H1,H1,APPLIED,OUT_OF_SCOPE_UNCHANGED,本轮未重新核定，保持 public 基线
Mitsubishi i-MiEV Hatchback 2016-2017,H1,H1,APPLIED,OUT_OF_SCOPE_UNCHANGED,本轮未重新核定，保持 public 基线
Nissan 240SX Hatchback 1989-1992,SD0,SD0,APPLIED,OUT_OF_SCOPE_UNCHANGED,本轮未重新核定，保持 public 基线
Nissan 240SX Coupe 1989-1993,SD0,SD0,APPLIED,OUT_OF_SCOPE_UNCHANGED,本轮未重新核定，保持 public 基线
Nissan 240SX Convertible 1992-1994,SD0,SD0,APPLIED,OUT_OF_SCOPE_UNCHANGED,本轮未重新核定，保持 public 基线
Nissan 240SX Coupe 1995-1998,SD0,SD0,APPLIED,OUT_OF_SCOPE_UNCHANGED,本轮未重新核定，保持 public 基线
Nissan 240SX Fastback Hatchback 1989-1993,SD0,SD0,APPLIED,OUT_OF_SCOPE_UNCHANGED,本轮未重新核定，保持 public 基线
Nissan 300ZX Coupe 1984-1985,SD0,SD0,APPLIED,OUT_OF_SCOPE_UNCHANGED,本轮未重新核定，保持 public 基线
Nissan 300ZX Coupe 1986-1989,SD0,SD0,APPLIED,OUT_OF_SCOPE_UNCHANGED,本轮未重新核定，保持 public 基线
Nissan 300ZX Coupe 1990,SD0,SD0,APPLIED,OUT_OF_SCOPE_UNCHANGED,本轮未重新核定，保持 public 基线
Nissan 300ZX Convertible 1990-1994,SD0,SD0,APPLIED,OUT_OF_SCOPE_UNCHANGED,本轮未重新核定，保持 public 基线
Nissan 300ZX Coupe 1991-1992,SD0,SD0,APPLIED,OUT_OF_SCOPE_UNCHANGED,本轮未重新核定，保持 public 基线
Nissan 300ZX Convertible 1995-1996,SD0,SD0,APPLIED,OUT_OF_SCOPE_UNCHANGED,本轮未重新核定，保持 public 基线
Nissan 300ZX Coupe 1995-1996,SD0,SD0,APPLIED,OUT_OF_SCOPE_UNCHANGED,本轮未重新核定，保持 public 基线
Nissan 300ZX 2+2 Coupe 1990-1992,SD0,SD0,APPLIED,OUT_OF_SCOPE_UNCHANGED,本轮未重新核定，保持 public 基线
Nissan 300ZX 2+2 Coupe 1993-1996,SD0,SD0,APPLIED,OUT_OF_SCOPE_UNCHANGED,本轮未重新核定，保持 public 基线
Nissan 300ZX 2+2 Coupe Coupe 1993-1994,SD0,SD0,APPLIED,OUT_OF_SCOPE_UNCHANGED,本轮未重新核定，保持 public 基线
Nissan 300ZX 2-Seater Coupe 1993-1994,SD0,SD0,APPLIED,OUT_OF_SCOPE_UNCHANGED,本轮未重新核定，保持 public 基线
Nissan 350Z Coupe 2003-2005,SD0,SD0,APPLIED,OUT_OF_SCOPE_UNCHANGED,本轮未重新核定，保持 public 基线
Nissan 350Z Convertible 2004-2005,SD0,SD0,APPLIED,OUT_OF_SCOPE_UNCHANGED,本轮未重新核定，保持 public 基线
Nissan 350Z Coupe 2006-2008,SD0,SD0,APPLIED,OUT_OF_SCOPE_UNCHANGED,本轮未重新核定，保持 public 基线
Nissan 350Z Convertible 2006-2009,SD0,SD0,APPLIED,OUT_OF_SCOPE_UNCHANGED,本轮未重新核定，保持 public 基线
Nissan 370Z Coupe 2009-2014,SD0,SD0,APPLIED,OUT_OF_SCOPE_UNCHANGED,本轮未重新核定，保持 public 基线
Nissan 370Z Convertible 2010-2019,SD0,SD0,APPLIED,OUT_OF_SCOPE_UNCHANGED,本轮未重新核定，保持 public 基线
Nissan 370Z Coupe 2015-2020,SD0,SD0,APPLIED,OUT_OF_SCOPE_UNCHANGED,本轮未重新核定，保持 public 基线
Nissan 370Z NISMO Coupe 2015-2020,SD0,SD0,APPLIED,OUT_OF_SCOPE_UNCHANGED,本轮未重新核定，保持 public 基线
Nissan Altima Sedan 1993-1997,SD1,SD1,APPLIED,OUT_OF_SCOPE_UNCHANGED,本轮未重新核定，保持 public 基线
Nissan Altima Sedan 1998-2001,SD1,SD1,APPLIED,OUT_OF_SCOPE_UNCHANGED,本轮未重新核定，保持 public 基线
Nissan Altima Sedan 2002-2006,SD1,SD1,APPLIED,OUT_OF_SCOPE_UNCHANGED,本轮未重新核定，保持 public 基线
Nissan Altima Sedan 2007-2012,SD1,SD1,APPLIED,OUT_OF_SCOPE_UNCHANGED,本轮未重新核定，保持 public 基线
Nissan Altima Coupe 2008-2013,SD1,SD1,APPLIED,OUT_OF_SCOPE_UNCHANGED,本轮未重新核定，保持 public 基线
Nissan Altima Sedan 2013-2018,SD1,SD1,APPLIED,OUT_OF_SCOPE_UNCHANGED,本轮未重新核定，保持 public 基线
Nissan Altima Sedan 2019-2026,SD1,SD1,APPLIED,OUT_OF_SCOPE_UNCHANGED,本轮未重新核定，保持 public 基线
Nissan Ariya SUV 2023-2026,SU0,SU0,APPLIED,SUV_TAPER_REVIEW,详见 suv_audit.csv
Nissan Armada SUV 2004-2007,SU2,SU2,APPLIED,SUV_TAPER_REVIEW,详见 suv_audit.csv
Nissan Armada SUV 2008-2015,SU2,SU2,APPLIED,SUV_TAPER_REVIEW,详见 suv_audit.csv
Nissan Armada SUV 2017-2024,SU2,SU2,APPLIED,SUV_TAPER_REVIEW,详见 suv_audit.csv
Nissan Armada SUV 2026,SU2,SU2,APPLIED,SUV_TAPER_REVIEW,详见 suv_audit.csv
Nissan Armada NISMO SUV 2026,SU2,SU2,APPLIED,SUV_TAPER_REVIEW,详见 suv_audit.csv
Nissan Armada PRO-4X SUV 2025,SU2,SU2,APPLIED,SUV_TAPER_REVIEW,详见 suv_audit.csv
Nissan Cube Wagon 2009-2014,H1,H1,APPLIED,OUT_OF_SCOPE_UNCHANGED,本轮未重新核定，保持 public 基线
Nissan Frontier Pickup 1998 King 6,P0,P0,APPLIED,OUT_OF_SCOPE_UNCHANGED,本轮未重新核定，保持 public 基线
Nissan Frontier Pickup 1998 Regular 6,P0,P0,APPLIED,OUT_OF_SCOPE_UNCHANGED,本轮未重新核定，保持 public 基线
Nissan Frontier Pickup 1999 King 6,P0,P0,APPLIED,OUT_OF_SCOPE_UNCHANGED,本轮未重新核定，保持 public 基线
Nissan Frontier Pickup 1999 Regular 6,P0,P0,APPLIED,OUT_OF_SCOPE_UNCHANGED,本轮未重新核定，保持 public 基线
Nissan Frontier Pickup 2000 Crew 4.5,P0,P0,APPLIED,OUT_OF_SCOPE_UNCHANGED,本轮未重新核定，保持 public 基线
Nissan Frontier Pickup 2000 King 6,P0,P0,APPLIED,OUT_OF_SCOPE_UNCHANGED,本轮未重新核定，保持 public 基线
Nissan Frontier Pickup 2000 Regular 6,P0,P0,APPLIED,OUT_OF_SCOPE_UNCHANGED,本轮未重新核定，保持 public 基线
Nissan Frontier Pickup 2001 Crew 4.5,P0,P0,APPLIED,OUT_OF_SCOPE_UNCHANGED,本轮未重新核定，保持 public 基线
Nissan Frontier Pickup 2001 Regular 6,P0,P0,APPLIED,OUT_OF_SCOPE_UNCHANGED,本轮未重新核定，保持 public 基线
Nissan Frontier Pickup 2002 King 6,P0,P0,APPLIED,OUT_OF_SCOPE_UNCHANGED,本轮未重新核定，保持 public 基线
Nissan Frontier Pickup 2003 Crew 6,P0,P0,APPLIED,OUT_OF_SCOPE_UNCHANGED,本轮未重新核定，保持 public 基线
Nissan Frontier Pickup 2003 King 6,P0,P0,APPLIED,OUT_OF_SCOPE_UNCHANGED,本轮未重新核定，保持 public 基线
Nissan Frontier Pickup 2004 Crew 4.5,P0,P0,APPLIED,OUT_OF_SCOPE_UNCHANGED,本轮未重新核定，保持 public 基线
Nissan Frontier Pickup 2004 Crew 6,P0,P0,APPLIED,OUT_OF_SCOPE_UNCHANGED,本轮未重新核定，保持 public 基线
Nissan Frontier Pickup 2004 King 6,P0,P0,APPLIED,OUT_OF_SCOPE_UNCHANGED,本轮未重新核定，保持 public 基线
Nissan Frontier Pickup 2005-2007 King 6,P0,P0,APPLIED,OUT_OF_SCOPE_UNCHANGED,本轮未重新核定，保持 public 基线
Nissan Frontier Pickup 2005-2021 Crew 5,P0,P0,APPLIED,OUT_OF_SCOPE_UNCHANGED,本轮未重新核定，保持 public 基线
Nissan Frontier Pickup 2005-2021 Crew 6,P0,P0,APPLIED,OUT_OF_SCOPE_UNCHANGED,本轮未重新核定，保持 public 基线
Nissan Frontier Pickup 2008-2009 King 6,P0,P0,APPLIED,OUT_OF_SCOPE_UNCHANGED,本轮未重新核定，保持 public 基线
Nissan Frontier Pickup 2010-2013 King 6,P0,P0,APPLIED,OUT_OF_SCOPE_UNCHANGED,本轮未重新核定，保持 public 基线
Nissan Frontier Pickup 2014-2015 King 6,P0,P0,APPLIED,OUT_OF_SCOPE_UNCHANGED,本轮未重新核定，保持 public 基线
Nissan Frontier Pickup 2016 King 6,P0,P0,APPLIED,OUT_OF_SCOPE_UNCHANGED,本轮未重新核定，保持 public 基线
Nissan Frontier Pickup 2017 King 6,P0,P0,APPLIED,OUT_OF_SCOPE_UNCHANGED,本轮未重新核定，保持 public 基线
Nissan Frontier Pickup 2018-2021 King 6,P0,P0,APPLIED,OUT_OF_SCOPE_UNCHANGED,本轮未重新核定，保持 public 基线
Nissan Frontier Pickup 2022 Crew 6,P0,P0,APPLIED,OUT_OF_SCOPE_UNCHANGED,本轮未重新核定，保持 public 基线
Nissan Frontier Pickup 2022 King 6,P0,P0,APPLIED,OUT_OF_SCOPE_UNCHANGED,本轮未重新核定，保持 public 基线
Nissan Frontier Pickup 2022-2026 Crew 5,P0,P0,APPLIED,OUT_OF_SCOPE_UNCHANGED,本轮未重新核定，保持 public 基线
Nissan Frontier Pickup 2023 King 6,P0,P0,APPLIED,OUT_OF_SCOPE_UNCHANGED,本轮未重新核定，保持 public 基线
Nissan Frontier Pickup 2023-2024 Crew 6,P0,P0,APPLIED,OUT_OF_SCOPE_UNCHANGED,本轮未重新核定，保持 public 基线
Nissan Frontier Pickup 2024 King 6,P0,P0,APPLIED,OUT_OF_SCOPE_UNCHANGED,本轮未重新核定，保持 public 基线
Nissan Frontier Pickup 2025 Crew 6,P0,P0,APPLIED,OUT_OF_SCOPE_UNCHANGED,本轮未重新核定，保持 public 基线
Nissan Frontier Pickup 2025 King 6,P0,P0,APPLIED,OUT_OF_SCOPE_UNCHANGED,本轮未重新核定，保持 public 基线
Nissan Frontier Pickup 2026 Crew 6,P0,P0,APPLIED,OUT_OF_SCOPE_UNCHANGED,本轮未重新核定，保持 public 基线
Nissan Frontier Pickup 2026 King 6,P0,P0,APPLIED,OUT_OF_SCOPE_UNCHANGED,本轮未重新核定，保持 public 基线
Nissan Frontier SC-V6 Pickup 2001 King 6,P0,P0,APPLIED,OUT_OF_SCOPE_UNCHANGED,本轮未重新核定，保持 public 基线
Nissan Frontier SC-V6 Pickup 2002 Crew 4.5,P0,P0,APPLIED,OUT_OF_SCOPE_UNCHANGED,本轮未重新核定，保持 public 基线
Nissan Frontier SC-V6 Pickup 2002 Crew 6,P0,P0,APPLIED,OUT_OF_SCOPE_UNCHANGED,本轮未重新核定，保持 public 基线
Nissan Frontier SC-V6 Pickup 2003 Crew 4.5,P0,P0,APPLIED,OUT_OF_SCOPE_UNCHANGED,本轮未重新核定，保持 public 基线
Nissan GT-R Coupe 2009-2016,SD0,SD0,APPLIED,OUT_OF_SCOPE_UNCHANGED,本轮未重新核定，保持 public 基线
Nissan GT-R NISMO Coupe 2017-2021,SD0,SD0,APPLIED,OUT_OF_SCOPE_UNCHANGED,本轮未重新核定，保持 public 基线
Nissan GT-R NISMO Coupe 2023-2024,SD0,SD0,APPLIED,OUT_OF_SCOPE_UNCHANGED,本轮未重新核定，保持 public 基线
Nissan Juke Crossover 2011-2017,SU1,SU1,APPLIED,SUV_TAPER_REVIEW,详见 suv_audit.csv
Nissan Kicks SUV 2018-2024,SU1,SU1,APPLIED,SUV_TAPER_REVIEW,详见 suv_audit.csv
Nissan Kicks SUV 2025-2026,SU1,SU1,APPLIED,SUV_TAPER_REVIEW,详见 suv_audit.csv
Nissan Leaf Hatchback 2011-2017,H0,H0,APPLIED,OUT_OF_SCOPE_UNCHANGED,本轮未重新核定，保持 public 基线
Nissan Leaf Hatchback 2018-2025,H0,H0,APPLIED,OUT_OF_SCOPE_UNCHANGED,本轮未重新核定，保持 public 基线
Nissan Leaf Crossover 2026,SU0,SU0,APPLIED,SUV_TAPER_REVIEW,详见 suv_audit.csv
Nissan Maxima Sedan 1981-1984,SD2,SD2,APPLIED,OUT_OF_SCOPE_UNCHANGED,本轮未重新核定，保持 public 基线
Nissan Maxima Wagon 1981-1984,H3,H3,APPLIED,OUT_OF_SCOPE_UNCHANGED,本轮未重新核定，保持 public 基线
Nissan Maxima Sedan 1985-1988,SD2,SD2,APPLIED,OUT_OF_SCOPE_UNCHANGED,本轮未重新核定，保持 public 基线
Nissan Maxima Sedan 1989-1994,SD1,SD1,APPLIED,OUT_OF_SCOPE_UNCHANGED,本轮未重新核定，保持 public 基线
Nissan Maxima Sedan 1995-1999,SD1,SD1,APPLIED,OUT_OF_SCOPE_UNCHANGED,本轮未重新核定，保持 public 基线
Nissan Maxima Sedan 2000-2003,SD1,SD1,APPLIED,OUT_OF_SCOPE_UNCHANGED,本轮未重新核定，保持 public 基线
Nissan Maxima Sedan 2004-2008,SD1,SD1,APPLIED,OUT_OF_SCOPE_UNCHANGED,本轮未重新核定，保持 public 基线
Nissan Maxima Sedan 2009-2014,SD1,SD1,APPLIED,OUT_OF_SCOPE_UNCHANGED,本轮未重新核定，保持 public 基线
Nissan Maxima Sedan 2016-2023,SD1,SD1,APPLIED,OUT_OF_SCOPE_UNCHANGED,本轮未重新核定，保持 public 基线
Nissan Murano SUV 2003-2008,SU1,SU1,APPLIED,SUV_TAPER_REVIEW,详见 suv_audit.csv
Nissan Murano SUV 2009-2014,SU1,SU1,APPLIED,SUV_TAPER_REVIEW,详见 suv_audit.csv
Nissan Murano SUV 2015-2024,SU1,SU1,APPLIED,SUV_TAPER_REVIEW,详见 suv_audit.csv
Nissan Murano SUV 2025-2026,SU1,SU1,APPLIED,SUV_TAPER_REVIEW,详见 suv_audit.csv
Nissan Pathfinder SUV 1987,SU2,SU2,APPLIED,SUV_TAPER_REVIEW,详见 suv_audit.csv
Nissan Pathfinder SUV 1996-2004,SU1,SU1,APPLIED,SUV_TAPER_REVIEW,详见 suv_audit.csv
Nissan Pathfinder SUV 2005-2011,SU2,SU2,APPLIED,SUV_TAPER_REVIEW,详见 suv_audit.csv
Nissan Pathfinder SUV 2012,SU2,SU2,APPLIED,SUV_TAPER_REVIEW,详见 suv_audit.csv
Nissan Pathfinder SUV 2013-2020,SU1,SU1,APPLIED,SUV_TAPER_REVIEW,详见 suv_audit.csv
Nissan Pathfinder SUV 2022-2023,SU2,SU2,APPLIED,SUV_TAPER_REVIEW,详见 suv_audit.csv
Nissan Pathfinder SUV 2024,SU2,SU2,APPLIED,SUV_TAPER_REVIEW,详见 suv_audit.csv
Nissan Pathfinder Narrow-body SUV 1990-1995,SU2,SU2,APPLIED,SUV_TAPER_REVIEW,详见 suv_audit.csv
Nissan Pathfinder Rock Creek SUV 2025-2026,SU2,SU2,APPLIED,SUV_TAPER_REVIEW,详见 suv_audit.csv
Nissan Pathfinder Wide-body SUV 1988-1995,SU2,SU2,APPLIED,SUV_TAPER_REVIEW,详见 suv_audit.csv
Nissan Rogue SUV 2008-2013,SU1,SU1,APPLIED,SUV_TAPER_REVIEW,详见 suv_audit.csv
Nissan Rogue SUV 2014-2015,SU1,SU1,APPLIED,SUV_TAPER_REVIEW,详见 suv_audit.csv
Nissan Rogue SUV 2016-2020,SU1,SU1,APPLIED,SUV_TAPER_REVIEW,详见 suv_audit.csv
Nissan Rogue SUV 2026,SU1,SU1,APPLIED,SUV_TAPER_REVIEW,详见 suv_audit.csv
Nissan Rogue PHEV SUV 2021-2026,SU1,SU1,APPLIED,SUV_TAPER_REVIEW,详见 suv_audit.csv
Nissan Rogue Sport SUV 2017-2022,SU1,SU1,APPLIED,SUV_TAPER_REVIEW,详见 suv_audit.csv
Nissan Sentra Hatchback 1982-1983,H0,H0,APPLIED,OUT_OF_SCOPE_UNCHANGED,本轮未重新核定，保持 public 基线
Nissan Sentra Wagon 1982-1983,H3,H3,APPLIED,OUT_OF_SCOPE_UNCHANGED,本轮未重新核定，保持 public 基线
Nissan Sentra Coupe 1982-1986,SD2,SD2,APPLIED,OUT_OF_SCOPE_UNCHANGED,本轮未重新核定，保持 public 基线
Nissan Sentra Wagon 1984,H3,H3,APPLIED,OUT_OF_SCOPE_UNCHANGED,本轮未重新核定，保持 public 基线
Nissan Sentra Wagon 1985-1986,H3,H3,APPLIED,OUT_OF_SCOPE_UNCHANGED,本轮未重新核定，保持 public 基线
Nissan Sentra Coupe 1987,SD1,SD1,APPLIED,OUT_OF_SCOPE_UNCHANGED,本轮未重新核定，保持 public 基线
Nissan Sentra Coupe 1988-1989,SD1,SD1,APPLIED,OUT_OF_SCOPE_UNCHANGED,本轮未重新核定，保持 public 基线
Nissan Sentra Coupe 1990,SD1,SD1,APPLIED,OUT_OF_SCOPE_UNCHANGED,本轮未重新核定，保持 public 基线
Nissan Sentra Sedan 1991-1992,SD1,SD1,APPLIED,OUT_OF_SCOPE_UNCHANGED,本轮未重新核定，保持 public 基线
Nissan Sentra Coupe 1993-1994,SD1,SD1,APPLIED,OUT_OF_SCOPE_UNCHANGED,本轮未重新核定，保持 public 基线
Nissan Sentra Sedan 1993-1994,SD1,SD1,APPLIED,OUT_OF_SCOPE_UNCHANGED,本轮未重新核定，保持 public 基线
Nissan Sentra Sedan 1995-1999,SD1,SD1,APPLIED,OUT_OF_SCOPE_UNCHANGED,本轮未重新核定，保持 public 基线
Nissan Sentra Sedan 2000-2006,SD1,SD1,APPLIED,OUT_OF_SCOPE_UNCHANGED,本轮未重新核定，保持 public 基线
Nissan Sentra Sedan 2007-2012,SD1,SD1,APPLIED,OUT_OF_SCOPE_UNCHANGED,本轮未重新核定，保持 public 基线
Nissan Sentra Sedan 2013-2019,SD1,SD1,APPLIED,OUT_OF_SCOPE_UNCHANGED,本轮未重新核定，保持 public 基线
Nissan Sentra Sedan 2020-2026,SD1,SD1,APPLIED,OUT_OF_SCOPE_UNCHANGED,本轮未重新核定，保持 public 基线
Nissan Sentra 2dr Sedan 1982-1984,SD2,SD2,APPLIED,OUT_OF_SCOPE_UNCHANGED,本轮未重新核定，保持 public 基线
Nissan Sentra 2dr Sedan 1985,SD2,SD2,APPLIED,OUT_OF_SCOPE_UNCHANGED,本轮未重新核定，保持 public 基线
Nissan Sentra 2dr Sedan 1986,SD2,SD2,APPLIED,OUT_OF_SCOPE_UNCHANGED,本轮未重新核定，保持 public 基线
Nissan Sentra 4dr Sedan 1982-1986,SD2,SD2,APPLIED,OUT_OF_SCOPE_UNCHANGED,本轮未重新核定，保持 public 基线
Nissan Versa Sedan 2007-2011,SD1,SD1,APPLIED,OUT_OF_SCOPE_UNCHANGED,本轮未重新核定，保持 public 基线
Nissan Versa Hatchback 2007-2012,H0,H0,APPLIED,OUT_OF_SCOPE_UNCHANGED,本轮未重新核定，保持 public 基线
Nissan Versa Sedan 2012-2019,SD1,SD1,APPLIED,OUT_OF_SCOPE_UNCHANGED,本轮未重新核定，保持 public 基线
Nissan Versa Hatchback 2014-2019,H0,H0,APPLIED,OUT_OF_SCOPE_UNCHANGED,本轮未重新核定，保持 public 基线
Nissan Versa Sedan 2020-2025,SD1,SD1,APPLIED,OUT_OF_SCOPE_UNCHANGED,本轮未重新核定，保持 public 基线
Nissan Versa Sedan 2026,SD1,SD1,APPLIED,OUT_OF_SCOPE_UNCHANGED,本轮未重新核定，保持 public 基线
Nissan Versa Note Hatchback 2014-2019,H0,H0,APPLIED,OUT_OF_SCOPE_UNCHANGED,本轮未重新核定，保持 public 基线
Nissan Xterra SUV 2000-2004,SU2,SU2,APPLIED,SUV_TAPER_REVIEW,详见 suv_audit.csv
Nissan Xterra SUV 2005-2015,SU2,SU2,APPLIED,SUV_TAPER_REVIEW,详见 suv_audit.csv
Nissan Z Coupe 2023-2026,SD0,SD0,APPLIED,OUT_OF_SCOPE_UNCHANGED,本轮未重新核定，保持 public 基线
Nissan Z NISMO Coupe 2024-2026,SD0,SD0,APPLIED,OUT_OF_SCOPE_UNCHANGED,本轮未重新核定，保持 public 基线
Oldsmobile 88 Coupe 1949-1950,SD2,SD2,APPLIED,OUT_OF_SCOPE_UNCHANGED,本轮未重新核定，保持 public 基线
Oldsmobile 88 Coupe 1951-1953,SD2,SD2,APPLIED,OUT_OF_SCOPE_UNCHANGED,本轮未重新核定，保持 public 基线
Oldsmobile 88 Sedan 1951-1953,SD2,SD2,APPLIED,OUT_OF_SCOPE_UNCHANGED,本轮未重新核定，保持 public 基线
Oldsmobile 88 Coupe 1954-1956,SD2,SD2,APPLIED,OUT_OF_SCOPE_UNCHANGED,本轮未重新核定，保持 public 基线
Oldsmobile 88 Sedan 1954-1956,SD2,SD2,APPLIED,OUT_OF_SCOPE_UNCHANGED,本轮未重新核定，保持 public 基线
Oldsmobile 88 Coupe 1957-1958,SD2,SD2,APPLIED,OUT_OF_SCOPE_UNCHANGED,本轮未重新核定，保持 public 基线
Oldsmobile 88 Hatchback 1957-1958,SD2,SD2,APPLIED,OUT_OF_SCOPE_UNCHANGED,本轮未重新核定，保持 public 基线
Oldsmobile 88 Sedan 1957-1958,SD2,SD2,APPLIED,OUT_OF_SCOPE_UNCHANGED,本轮未重新核定，保持 public 基线
Oldsmobile 88 Coupe 1959-1960,SD2,SD2,APPLIED,OUT_OF_SCOPE_UNCHANGED,本轮未重新核定，保持 public 基线
Oldsmobile 88 Hatchback 1959-1960,SD2,SD2,APPLIED,OUT_OF_SCOPE_UNCHANGED,本轮未重新核定，保持 public 基线
Oldsmobile 88 Sedan 1959-1960,SD2,SD2,APPLIED,OUT_OF_SCOPE_UNCHANGED,本轮未重新核定，保持 public 基线
Oldsmobile 88 Coupe 1961,SD2,SD2,APPLIED,OUT_OF_SCOPE_UNCHANGED,本轮未重新核定，保持 public 基线
Oldsmobile 88 Sedan 1961,SD2,SD2,APPLIED,OUT_OF_SCOPE_UNCHANGED,本轮未重新核定，保持 public 基线
Oldsmobile 88 Wagon 1961,H3,H3,APPLIED,OUT_OF_SCOPE_UNCHANGED,本轮未重新核定，保持 public 基线
Oldsmobile 88 Hatchback 1961-1964,SD2,SD2,APPLIED,OUT_OF_SCOPE_UNCHANGED,本轮未重新核定，保持 public 基线
Oldsmobile 88 Coupe 1962,SD2,SD2,APPLIED,OUT_OF_SCOPE_UNCHANGED,本轮未重新核定，保持 public 基线
Oldsmobile 88 Sedan 1962,SD2,SD2,APPLIED,OUT_OF_SCOPE_UNCHANGED,本轮未重新核定，保持 public 基线
Oldsmobile 88 Wagon 1962,H3,H3,APPLIED,OUT_OF_SCOPE_UNCHANGED,本轮未重新核定，保持 public 基线
Oldsmobile 88 Coupe 1963,SD2,SD2,APPLIED,OUT_OF_SCOPE_UNCHANGED,本轮未重新核定，保持 public 基线
Oldsmobile 88 Sedan 1963,SD2,SD2,APPLIED,OUT_OF_SCOPE_UNCHANGED,本轮未重新核定，保持 public 基线
Oldsmobile 88 Wagon 1963,H3,H3,APPLIED,OUT_OF_SCOPE_UNCHANGED,本轮未重新核定，保持 public 基线
Oldsmobile 88 Coupe 1964,SD2,SD2,APPLIED,OUT_OF_SCOPE_UNCHANGED,本轮未重新核定，保持 public 基线
Oldsmobile 88 Sedan 1964,SD2,SD2,APPLIED,OUT_OF_SCOPE_UNCHANGED,本轮未重新核定，保持 public 基线
Oldsmobile 88 Wagon 1964,H3,H3,APPLIED,OUT_OF_SCOPE_UNCHANGED,本轮未重新核定，保持 public 基线
Oldsmobile 88 Coupe 1965,SD2,SD2,APPLIED,OUT_OF_SCOPE_UNCHANGED,本轮未重新核定，保持 public 基线
Oldsmobile 88 Sedan 1965,SD2,SD2,APPLIED,OUT_OF_SCOPE_UNCHANGED,本轮未重新核定，保持 public 基线
Oldsmobile 88 Hatchback 1965-1970,SD2,SD2,APPLIED,OUT_OF_SCOPE_UNCHANGED,本轮未重新核定，保持 public 基线
Oldsmobile 88 Coupe 1966,SD2,SD2,APPLIED,OUT_OF_SCOPE_UNCHANGED,本轮未重新核定，保持 public 基线
Oldsmobile 88 Sedan 1966-1967,SD2,SD2,APPLIED,OUT_OF_SCOPE_UNCHANGED,本轮未重新核定，保持 public 基线
Oldsmobile 88 Coupe 1967,SD2,SD2,APPLIED,OUT_OF_SCOPE_UNCHANGED,本轮未重新核定，保持 public 基线
Oldsmobile 88 Sedan 1968,SD2,SD2,APPLIED,OUT_OF_SCOPE_UNCHANGED,本轮未重新核定，保持 public 基线
Oldsmobile 88 Coupe 1968-1969,SD2,SD2,APPLIED,OUT_OF_SCOPE_UNCHANGED,本轮未重新核定，保持 public 基线
Oldsmobile 88 Sedan 1969,SD2,SD2,APPLIED,OUT_OF_SCOPE_UNCHANGED,本轮未重新核定，保持 public 基线
Oldsmobile 88 Coupe 1970,SD2,SD2,APPLIED,OUT_OF_SCOPE_UNCHANGED,本轮未重新核定，保持 public 基线
Oldsmobile 88 Sedan 1970,SD2,SD2,APPLIED,OUT_OF_SCOPE_UNCHANGED,本轮未重新核定，保持 public 基线
Oldsmobile 88 Coupe 1971,SD2,SD2,APPLIED,OUT_OF_SCOPE_UNCHANGED,本轮未重新核定，保持 public 基线
Oldsmobile 88 Sedan 1971,SD2,SD2,APPLIED,OUT_OF_SCOPE_UNCHANGED,本轮未重新核定，保持 public 基线
Oldsmobile 88 Coupe 1972,SD2,SD2,APPLIED,OUT_OF_SCOPE_UNCHANGED,本轮未重新核定，保持 public 基线
Oldsmobile 88 Sedan 1972,SD2,SD2,APPLIED,OUT_OF_SCOPE_UNCHANGED,本轮未重新核定，保持 public 基线
Oldsmobile 88 Wagon 1972,H3,H3,APPLIED,OUT_OF_SCOPE_UNCHANGED,本轮未重新核定，保持 public 基线
Oldsmobile 88 Coupe 1973,SD2,SD2,APPLIED,OUT_OF_SCOPE_UNCHANGED,本轮未重新核定，保持 public 基线
Oldsmobile 88 Sedan 1973,SD2,SD2,APPLIED,OUT_OF_SCOPE_UNCHANGED,本轮未重新核定，保持 public 基线
Oldsmobile 88 Coupe 1974,SD2,SD2,APPLIED,OUT_OF_SCOPE_UNCHANGED,本轮未重新核定，保持 public 基线
Oldsmobile 88 Sedan 1974,SD2,SD2,APPLIED,OUT_OF_SCOPE_UNCHANGED,本轮未重新核定，保持 public 基线
Oldsmobile 88 Wagon 1974,H3,H3,APPLIED,OUT_OF_SCOPE_UNCHANGED,本轮未重新核定，保持 public 基线
Oldsmobile 88 Coupe 1975,SD2,SD2,APPLIED,OUT_OF_SCOPE_UNCHANGED,本轮未重新核定，保持 public 基线
Oldsmobile 88 Sedan 1975,SD2,SD2,APPLIED,OUT_OF_SCOPE_UNCHANGED,本轮未重新核定，保持 public 基线
Oldsmobile 88 Wagon 1975,H3,H3,APPLIED,OUT_OF_SCOPE_UNCHANGED,本轮未重新核定，保持 public 基线
Oldsmobile 88 Coupe 1976,SD2,SD2,APPLIED,OUT_OF_SCOPE_UNCHANGED,本轮未重新核定，保持 public 基线
Oldsmobile 88 Sedan 1976,SD2,SD2,APPLIED,OUT_OF_SCOPE_UNCHANGED,本轮未重新核定，保持 public 基线
Oldsmobile 88 Wagon 1977-1978,H3,H3,APPLIED,OUT_OF_SCOPE_UNCHANGED,本轮未重新核定，保持 public 基线
Oldsmobile 88 Coupe 1977-1979,SD2,SD2,APPLIED,OUT_OF_SCOPE_UNCHANGED,本轮未重新核定，保持 public 基线
Oldsmobile 88 Sedan 1977-1979,SD2,SD2,APPLIED,OUT_OF_SCOPE_UNCHANGED,本轮未重新核定，保持 public 基线
Oldsmobile 88 Wagon 1979-1980,H3,H3,APPLIED,OUT_OF_SCOPE_UNCHANGED,本轮未重新核定，保持 public 基线
Oldsmobile 88 Coupe 1980,SD2,SD2,APPLIED,OUT_OF_SCOPE_UNCHANGED,本轮未重新核定，保持 public 基线
Oldsmobile 88 Sedan 1980,SD2,SD2,APPLIED,OUT_OF_SCOPE_UNCHANGED,本轮未重新核定，保持 public 基线
Oldsmobile 88 Coupe 1981-1985,SD2,SD2,APPLIED,OUT_OF_SCOPE_UNCHANGED,本轮未重新核定，保持 public 基线
Oldsmobile 88 Sedan 1981-1985,SD2,SD2,APPLIED,OUT_OF_SCOPE_UNCHANGED,本轮未重新核定，保持 public 基线
Oldsmobile 88 Wagon 1981-1985,H3,H3,APPLIED,OUT_OF_SCOPE_UNCHANGED,本轮未重新核定，保持 public 基线
Oldsmobile 88 Sedan 1986,SD2,SD2,APPLIED,OUT_OF_SCOPE_UNCHANGED,本轮未重新核定，保持 public 基线
Oldsmobile 88 Coupe 1986-1989,SD2,SD2,APPLIED,OUT_OF_SCOPE_UNCHANGED,本轮未重新核定，保持 public 基线
Oldsmobile 88 Sedan 1987-1988,SD2,SD2,APPLIED,OUT_OF_SCOPE_UNCHANGED,本轮未重新核定，保持 public 基线
Oldsmobile 88 Sedan 1989-1990,SD2,SD2,APPLIED,OUT_OF_SCOPE_UNCHANGED,本轮未重新核定，保持 public 基线
Oldsmobile 88 Sedan 1991,SD2,SD2,APPLIED,OUT_OF_SCOPE_UNCHANGED,本轮未重新核定，保持 public 基线
Oldsmobile 88 Sedan 1992-1995,SD2,SD2,APPLIED,OUT_OF_SCOPE_UNCHANGED,本轮未重新核定，保持 public 基线
Oldsmobile 88 Sedan 1996,SD2,SD2,APPLIED,OUT_OF_SCOPE_UNCHANGED,本轮未重新核定，保持 public 基线
Oldsmobile 88 Sedan 1997-1999,SD2,SD2,APPLIED,OUT_OF_SCOPE_UNCHANGED,本轮未重新核定，保持 public 基线
Oldsmobile Achieva Coupe 1992-1998,SD1,SD1,APPLIED,OUT_OF_SCOPE_UNCHANGED,本轮未重新核定，保持 public 基线
Oldsmobile Achieva Sedan 1992-1998,SD1,SD1,APPLIED,OUT_OF_SCOPE_UNCHANGED,本轮未重新核定，保持 public 基线
Oldsmobile Alero Coupe 1999-2004,SD1,SD1,APPLIED,OUT_OF_SCOPE_UNCHANGED,本轮未重新核定，保持 public 基线
Oldsmobile Alero Sedan 1999-2004,SD1,SD1,APPLIED,OUT_OF_SCOPE_UNCHANGED,本轮未重新核定，保持 public 基线
Oldsmobile Aurora Sedan 1995-1999,SD1,SD1,APPLIED,OUT_OF_SCOPE_UNCHANGED,本轮未重新核定，保持 public 基线
Oldsmobile Aurora Sedan 2001-2003,SD1,SD1,APPLIED,OUT_OF_SCOPE_UNCHANGED,本轮未重新核定，保持 public 基线
Oldsmobile Bravada SUV 1991-1994,SU2,SU2,APPLIED,SUV_TAPER_REVIEW,详见 suv_audit.csv
Oldsmobile Bravada SUV 1996-2001,SU2,SU2,APPLIED,SUV_TAPER_REVIEW,详见 suv_audit.csv
Oldsmobile Bravada SUV 2002-2004,SU1,SU1,APPLIED,SUV_TAPER_REVIEW,详见 suv_audit.csv
Oldsmobile Custom Cruiser 455 V8 Wagon 1976,H3,H3,APPLIED,OUT_OF_SCOPE_UNCHANGED,本轮未重新核定，保持 public 基线
Oldsmobile Cutlass Convertible 1965,SD2,SD2,APPLIED,OUT_OF_SCOPE_UNCHANGED,本轮未重新核定，保持 public 基线
Oldsmobile Cutlass Coupe 1965,SD2,SD2,APPLIED,OUT_OF_SCOPE_UNCHANGED,本轮未重新核定，保持 public 基线
Oldsmobile Cutlass Sedan 1965,SD2,SD2,APPLIED,OUT_OF_SCOPE_UNCHANGED,本轮未重新核定，保持 public 基线
Oldsmobile Cutlass Convertible 1966,SD2,SD2,APPLIED,OUT_OF_SCOPE_UNCHANGED,本轮未重新核定，保持 public 基线
Oldsmobile Cutlass Coupe 1966,SD2,SD2,APPLIED,OUT_OF_SCOPE_UNCHANGED,本轮未重新核定，保持 public 基线
Oldsmobile Cutlass Sedan 1966,SD2,SD2,APPLIED,OUT_OF_SCOPE_UNCHANGED,本轮未重新核定，保持 public 基线
Oldsmobile Cutlass Convertible 1967,SD2,SD2,APPLIED,OUT_OF_SCOPE_UNCHANGED,本轮未重新核定，保持 public 基线
Oldsmobile Cutlass Coupe 1967,SD2,SD2,APPLIED,OUT_OF_SCOPE_UNCHANGED,本轮未重新核定，保持 public 基线
Oldsmobile Cutlass Sedan 1967,SD2,SD2,APPLIED,OUT_OF_SCOPE_UNCHANGED,本轮未重新核定，保持 public 基线
Oldsmobile Cutlass Convertible 1968,SD2,SD2,APPLIED,OUT_OF_SCOPE_UNCHANGED,本轮未重新核定，保持 public 基线
Oldsmobile Cutlass Coupe 1968,SD2,SD2,APPLIED,OUT_OF_SCOPE_UNCHANGED,本轮未重新核定，保持 public 基线
Oldsmobile Cutlass Sedan 1968-1972,SD2,SD2,APPLIED,OUT_OF_SCOPE_UNCHANGED,本轮未重新核定，保持 public 基线
Oldsmobile Cutlass Wagon 1968-1972,H3,H3,APPLIED,OUT_OF_SCOPE_UNCHANGED,本轮未重新核定，保持 public 基线
Oldsmobile Cutlass Convertible 1969,SD2,SD2,APPLIED,OUT_OF_SCOPE_UNCHANGED,本轮未重新核定，保持 public 基线
Oldsmobile Cutlass Coupe 1969,SD2,SD2,APPLIED,OUT_OF_SCOPE_UNCHANGED,本轮未重新核定，保持 public 基线
Oldsmobile Cutlass Convertible 1970,SD2,SD2,APPLIED,OUT_OF_SCOPE_UNCHANGED,本轮未重新核定，保持 public 基线
Oldsmobile Cutlass Coupe 1970,SD2,SD2,APPLIED,OUT_OF_SCOPE_UNCHANGED,本轮未重新核定，保持 public 基线
Oldsmobile Cutlass Convertible 1971-1972,SD2,SD2,APPLIED,OUT_OF_SCOPE_UNCHANGED,本轮未重新核定，保持 public 基线
Oldsmobile Cutlass Coupe 1971-1972,SD2,SD2,APPLIED,OUT_OF_SCOPE_UNCHANGED,本轮未重新核定，保持 public 基线
Oldsmobile Cutlass Coupe 1973,SD2,SD2,APPLIED,OUT_OF_SCOPE_UNCHANGED,本轮未重新核定，保持 public 基线
Oldsmobile Cutlass Sedan 1973,SD2,SD2,APPLIED,OUT_OF_SCOPE_UNCHANGED,本轮未重新核定，保持 public 基线
Oldsmobile Cutlass Coupe 1974,SD2,SD2,APPLIED,OUT_OF_SCOPE_UNCHANGED,本轮未重新核定，保持 public 基线
Oldsmobile Cutlass Sedan 1974,SD2,SD2,APPLIED,OUT_OF_SCOPE_UNCHANGED,本轮未重新核定，保持 public 基线
Oldsmobile Cutlass Coupe 1975-1976,SD2,SD2,APPLIED,OUT_OF_SCOPE_UNCHANGED,本轮未重新核定，保持 public 基线
Oldsmobile Cutlass Sedan 1975-1976,SD2,SD2,APPLIED,OUT_OF_SCOPE_UNCHANGED,本轮未重新核定，保持 public 基线
Oldsmobile Cutlass Coupe 1977,SD2,SD2,APPLIED,OUT_OF_SCOPE_UNCHANGED,本轮未重新核定，保持 public 基线
Oldsmobile Cutlass Sedan 1977,SD2,SD2,APPLIED,OUT_OF_SCOPE_UNCHANGED,本轮未重新核定，保持 public 基线
Oldsmobile Cutlass Coupe 1989-1991,SD2,SD2,APPLIED,OUT_OF_SCOPE_UNCHANGED,本轮未重新核定，保持 public 基线
Oldsmobile Cutlass Ciera Coupe 1983,SD2,SD2,APPLIED,OUT_OF_SCOPE_UNCHANGED,本轮未重新核定，保持 public 基线
Oldsmobile Cutlass Ciera Sedan 1983-1988,SD2,SD2,APPLIED,OUT_OF_SCOPE_UNCHANGED,本轮未重新核定，保持 public 基线
Oldsmobile Cutlass Ciera Coupe 1984-1991,SD2,SD2,APPLIED,OUT_OF_SCOPE_UNCHANGED,本轮未重新核定，保持 public 基线
Oldsmobile Cutlass Ciera Wagon 1984-1996,H3,H3,APPLIED,OUT_OF_SCOPE_UNCHANGED,本轮未重新核定，保持 public 基线
Oldsmobile Cutlass Ciera Sedan 1989,SD2,SD2,APPLIED,OUT_OF_SCOPE_UNCHANGED,本轮未重新核定，保持 public 基线
Oldsmobile Cutlass Ciera Sedan 1990,SD2,SD2,APPLIED,OUT_OF_SCOPE_UNCHANGED,本轮未重新核定，保持 public 基线
Oldsmobile Cutlass Ciera Sedan 1991-1996,SD2,SD2,APPLIED,OUT_OF_SCOPE_UNCHANGED,本轮未重新核定，保持 public 基线
Oldsmobile Cutlass F-85 Cutlass Convertible 1964,SD2,SD2,APPLIED,OUT_OF_SCOPE_UNCHANGED,本轮未重新核定，保持 public 基线
Oldsmobile Cutlass F-85/Cutlass Sedan 1961,SD2,SD2,APPLIED,OUT_OF_SCOPE_UNCHANGED,本轮未重新核定，保持 public 基线
Oldsmobile Cutlass F-85/Cutlass Wagon 1961,H3,H3,APPLIED,OUT_OF_SCOPE_UNCHANGED,本轮未重新核定，保持 public 基线
Oldsmobile Cutlass F-85/Cutlass Convertible 1962,SD2,SD2,APPLIED,OUT_OF_SCOPE_UNCHANGED,本轮未重新核定，保持 public 基线
Oldsmobile Cutlass F-85/Cutlass Coupe 1962-1963,SD2,SD2,APPLIED,OUT_OF_SCOPE_UNCHANGED,本轮未重新核定，保持 public 基线
Oldsmobile Cutlass F-85/Cutlass Sedan 1962-1963,SD2,SD2,APPLIED,OUT_OF_SCOPE_UNCHANGED,本轮未重新核定，保持 public 基线
Oldsmobile Cutlass F-85/Cutlass Wagon 1962-1963,H3,H3,APPLIED,OUT_OF_SCOPE_UNCHANGED,本轮未重新核定，保持 public 基线
Oldsmobile Cutlass FWD Sedan 1997-1999,SD1,SD1,APPLIED,OUT_OF_SCOPE_UNCHANGED,本轮未重新核定，保持 public 基线
Oldsmobile Cutlass RWD Sedan 1978,SD2,SD2,APPLIED,OUT_OF_SCOPE_UNCHANGED,本轮未重新核定，保持 public 基线
Oldsmobile Cutlass RWD Coupe 1979,SD2,SD2,APPLIED,OUT_OF_SCOPE_UNCHANGED,本轮未重新核定，保持 public 基线
Oldsmobile Cutlass RWD Sedan 1981,SD2,SD2,APPLIED,OUT_OF_SCOPE_UNCHANGED,本轮未重新核定，保持 public 基线
Oldsmobile Cutlass Supreme Sedan 1991-1995,SD2,SD2,APPLIED,OUT_OF_SCOPE_UNCHANGED,本轮未重新核定，保持 public 基线
Oldsmobile Cutlass Supreme Coupe 1991-1996,SD2,SD2,APPLIED,OUT_OF_SCOPE_UNCHANGED,本轮未重新核定，保持 public 基线
Oldsmobile Cutlass Supreme Sedan 1996,SD2,SD2,APPLIED,OUT_OF_SCOPE_UNCHANGED,本轮未重新核定，保持 public 基线
Oldsmobile Cutlass Supreme Coupe 1997,SD2,SD2,APPLIED,OUT_OF_SCOPE_UNCHANGED,本轮未重新核定，保持 public 基线
Oldsmobile Cutlass Supreme Sedan 1997,SD2,SD2,APPLIED,OUT_OF_SCOPE_UNCHANGED,本轮未重新核定，保持 public 基线
Oldsmobile Intrigue Sedan 1998-2002,SD1,SD1,APPLIED,OUT_OF_SCOPE_UNCHANGED,本轮未重新核定，保持 public 基线
Plymouth Acclaim Sedan 1989-1995,SD2,SD2,APPLIED,OUT_OF_SCOPE_UNCHANGED,本轮未重新核定，保持 public 基线
Plymouth Barracuda Coupe 1964-1966,SD2,SD2,APPLIED,OUT_OF_SCOPE_UNCHANGED,本轮未重新核定，保持 public 基线
Plymouth Barracuda Coupe 1967-1969,SD2,SD2,APPLIED,OUT_OF_SCOPE_UNCHANGED,本轮未重新核定，保持 public 基线
Plymouth Barracuda Fastback 1967-1969,SD2,SD2,APPLIED,OUT_OF_SCOPE_UNCHANGED,本轮未重新核定，保持 public 基线
Plymouth Barracuda Coupe 1970-1973,SD2,SD2,APPLIED,OUT_OF_SCOPE_UNCHANGED,本轮未重新核定，保持 public 基线
Plymouth Barracuda Barracuda 318 V8 Coupe 1974,SD2,SD2,APPLIED,OUT_OF_SCOPE_UNCHANGED,本轮未重新核定，保持 public 基线
Plymouth Barracuda Cuda 360 Coupe 1974,SD2,SD2,APPLIED,OUT_OF_SCOPE_UNCHANGED,本轮未重新核定，保持 public 基线
Plymouth Breeze Sedan 1996-2000,SD1,SD1,APPLIED,OUT_OF_SCOPE_UNCHANGED,本轮未重新核定，保持 public 基线
Plymouth Fury Coupe 1957-1958,SD2,SD2,APPLIED,OUT_OF_SCOPE_UNCHANGED,本轮未重新核定，保持 public 基线
Plymouth Fury Coupe 1959,SD2,SD2,APPLIED,OUT_OF_SCOPE_UNCHANGED,本轮未重新核定，保持 public 基线
Plymouth Fury Sedan 1959-1960,SD2,SD2,APPLIED,OUT_OF_SCOPE_UNCHANGED,本轮未重新核定，保持 public 基线
Plymouth Fury Convertible 1961,SD2,SD2,APPLIED,OUT_OF_SCOPE_UNCHANGED,本轮未重新核定，保持 public 基线
Plymouth Fury Coupe 1961,SD2,SD2,APPLIED,OUT_OF_SCOPE_UNCHANGED,本轮未重新核定，保持 public 基线
Plymouth Fury Sedan 1961,SD2,SD2,APPLIED,OUT_OF_SCOPE_UNCHANGED,本轮未重新核定，保持 public 基线
Plymouth Fury Convertible 1962,SD2,SD2,APPLIED,OUT_OF_SCOPE_UNCHANGED,本轮未重新核定，保持 public 基线
Plymouth Fury Coupe 1962,SD2,SD2,APPLIED,OUT_OF_SCOPE_UNCHANGED,本轮未重新核定，保持 public 基线
Plymouth Fury Sedan 1962,SD2,SD2,APPLIED,OUT_OF_SCOPE_UNCHANGED,本轮未重新核定，保持 public 基线
Plymouth Fury Wagon 1962-1964,H3,H3,APPLIED,OUT_OF_SCOPE_UNCHANGED,本轮未重新核定，保持 public 基线
Plymouth Fury Coupe 1963,SD2,SD2,APPLIED,OUT_OF_SCOPE_UNCHANGED,本轮未重新核定，保持 public 基线
Plymouth Fury Sedan 1963,SD2,SD2,APPLIED,OUT_OF_SCOPE_UNCHANGED,本轮未重新核定，保持 public 基线
Plymouth Fury Convertible 1964,SD2,SD2,APPLIED,OUT_OF_SCOPE_UNCHANGED,本轮未重新核定，保持 public 基线
Plymouth Fury Coupe 1964,SD2,SD2,APPLIED,OUT_OF_SCOPE_UNCHANGED,本轮未重新核定，保持 public 基线
Plymouth Fury Sedan 1964,SD2,SD2,APPLIED,OUT_OF_SCOPE_UNCHANGED,本轮未重新核定，保持 public 基线
Plymouth Fury Convertible 1965,SD2,SD2,APPLIED,OUT_OF_SCOPE_UNCHANGED,本轮未重新核定，保持 public 基线
Plymouth Fury Sedan 1965,SD2,SD2,APPLIED,OUT_OF_SCOPE_UNCHANGED,本轮未重新核定，保持 public 基线
Plymouth Fury Coupe 1965-1968,SD2,SD2,APPLIED,OUT_OF_SCOPE_UNCHANGED,本轮未重新核定，保持 public 基线
Plymouth Fury Convertible 1966,SD2,SD2,APPLIED,OUT_OF_SCOPE_UNCHANGED,本轮未重新核定，保持 public 基线
Plymouth Fury Sedan 1966-1968,SD2,SD2,APPLIED,OUT_OF_SCOPE_UNCHANGED,本轮未重新核定，保持 public 基线
Plymouth Fury Convertible 1968,SD2,SD2,APPLIED,OUT_OF_SCOPE_UNCHANGED,本轮未重新核定，保持 public 基线
Plymouth Fury Coupe 1969-1972,SD2,SD2,APPLIED,OUT_OF_SCOPE_UNCHANGED,本轮未重新核定，保持 public 基线
Plymouth Fury Sedan 1969-1972,SD2,SD2,APPLIED,OUT_OF_SCOPE_UNCHANGED,本轮未重新核定，保持 public 基线
Plymouth Fury Coupe 1973,SD2,SD2,APPLIED,OUT_OF_SCOPE_UNCHANGED,本轮未重新核定，保持 public 基线
Plymouth Fury Sedan 1973,SD2,SD2,APPLIED,OUT_OF_SCOPE_UNCHANGED,本轮未重新核定，保持 public 基线
Plymouth Fury Coupe 1974,SD2,SD2,APPLIED,OUT_OF_SCOPE_UNCHANGED,本轮未重新核定，保持 public 基线
Plymouth Fury Sedan 1974,SD2,SD2,APPLIED,OUT_OF_SCOPE_UNCHANGED,本轮未重新核定，保持 public 基线
Plymouth Fury Coupe 1975-1978,SD2,SD2,APPLIED,OUT_OF_SCOPE_UNCHANGED,本轮未重新核定，保持 public 基线
Plymouth Fury Sedan 1975-1978,SD2,SD2,APPLIED,OUT_OF_SCOPE_UNCHANGED,本轮未重新核定，保持 public 基线
Plymouth Fury 2dr Hardtop V-800 Coupe 1960,SD2,SD2,APPLIED,OUT_OF_SCOPE_UNCHANGED,本轮未重新核定，保持 public 基线
Plymouth Fury 4dr Hardtop V-800 Sedan 1960,SD2,SD2,APPLIED,OUT_OF_SCOPE_UNCHANGED,本轮未重新核定，保持 public 基线
Plymouth Fury Belvedere Fury Hardtop 1956,SD2,SD2,APPLIED,OUT_OF_SCOPE_UNCHANGED,本轮未重新核定，保持 public 基线
Plymouth Fury Fast Top Coupe 1968,SD2,SD2,APPLIED,OUT_OF_SCOPE_UNCHANGED,本轮未重新核定，保持 public 基线
Plymouth Fury Hardtop Coupe 1968,SD2,SD2,APPLIED,OUT_OF_SCOPE_UNCHANGED,本轮未重新核定，保持 public 基线
Plymouth Fury Sport Fury Convertible 1959,SD2,SD2,APPLIED,OUT_OF_SCOPE_UNCHANGED,本轮未重新核定，保持 public 基线
Plymouth Fury Sport Fury Convertible 1963,SD2,SD2,APPLIED,OUT_OF_SCOPE_UNCHANGED,本轮未重新核定，保持 public 基线
Plymouth Laser Coupe 1990-1991,SD0,SD0,APPLIED,OUT_OF_SCOPE_UNCHANGED,本轮未重新核定，保持 public 基线
Plymouth Laser Coupe 1992,SD0,SD0,APPLIED,OUT_OF_SCOPE_UNCHANGED,本轮未重新核定，保持 public 基线
Plymouth Laser Coupe 1993,SD0,SD0,APPLIED,OUT_OF_SCOPE_UNCHANGED,本轮未重新核定，保持 public 基线
Plymouth Laser Coupe 1994,SD0,SD0,APPLIED,OUT_OF_SCOPE_UNCHANGED,本轮未重新核定，保持 public 基线
Plymouth Neon Coupe 1995,SD1,SD1,APPLIED,OUT_OF_SCOPE_UNCHANGED,本轮未重新核定，保持 public 基线
Plymouth Neon Sedan 1995,SD1,SD1,APPLIED,OUT_OF_SCOPE_UNCHANGED,本轮未重新核定，保持 public 基线
Plymouth Neon Coupe 1996-1999,SD1,SD1,APPLIED,OUT_OF_SCOPE_UNCHANGED,本轮未重新核定，保持 public 基线
Plymouth Neon Sedan 1996-1999,SD1,SD1,APPLIED,OUT_OF_SCOPE_UNCHANGED,本轮未重新核定，保持 public 基线
Plymouth Neon Sedan 2000-2001,SD1,SD1,APPLIED,OUT_OF_SCOPE_UNCHANGED,本轮未重新核定，保持 public 基线
Plymouth Road Runner Coupe 1968-1970,SD2,SD2,APPLIED,OUT_OF_SCOPE_UNCHANGED,本轮未重新核定，保持 public 基线
Plymouth Road Runner Coupe 1971,SD2,SD2,APPLIED,OUT_OF_SCOPE_UNCHANGED,本轮未重新核定，保持 public 基线
Plymouth Road Runner Coupe 1972,SD2,SD2,APPLIED,OUT_OF_SCOPE_UNCHANGED,本轮未重新核定，保持 public 基线
Plymouth Road Runner Coupe 1973,SD2,SD2,APPLIED,OUT_OF_SCOPE_UNCHANGED,本轮未重新核定，保持 public 基线
Plymouth Road Runner Coupe 1974,SD2,SD2,APPLIED,OUT_OF_SCOPE_UNCHANGED,本轮未重新核定，保持 public 基线
Plymouth Road Runner Coupe 1975,SD2,SD2,APPLIED,OUT_OF_SCOPE_UNCHANGED,本轮未重新核定，保持 public 基线
Plymouth Sundance Hatchback 1992-1994,H0,H0,APPLIED,OUT_OF_SCOPE_UNCHANGED,本轮未重新核定，保持 public 基线
Plymouth Valiant Wagon 1960,H3,H3,APPLIED,OUT_OF_SCOPE_UNCHANGED,本轮未重新核定，保持 public 基线
Plymouth Valiant Sedan 1960-1962,SD2,SD2,APPLIED,OUT_OF_SCOPE_UNCHANGED,本轮未重新核定，保持 public 基线
Plymouth Valiant Wagon 1961,H3,H3,APPLIED,OUT_OF_SCOPE_UNCHANGED,本轮未重新核定，保持 public 基线
Plymouth Valiant Wagon 1962,H3,H3,APPLIED,OUT_OF_SCOPE_UNCHANGED,本轮未重新核定，保持 public 基线
Plymouth Valiant Convertible 1963,SD2,SD2,APPLIED,OUT_OF_SCOPE_UNCHANGED,本轮未重新核定，保持 public 基线
Plymouth Valiant Coupe 1963,SD2,SD2,APPLIED,OUT_OF_SCOPE_UNCHANGED,本轮未重新核定，保持 public 基线
Plymouth Valiant Sedan 1963,SD2,SD2,APPLIED,OUT_OF_SCOPE_UNCHANGED,本轮未重新核定，保持 public 基线
Plymouth Valiant Wagon 1963,H3,H3,APPLIED,OUT_OF_SCOPE_UNCHANGED,本轮未重新核定，保持 public 基线
Plymouth Valiant Convertible 1964-1966,SD2,SD2,APPLIED,OUT_OF_SCOPE_UNCHANGED,本轮未重新核定，保持 public 基线
Plymouth Valiant Coupe 1964-1966,SD2,SD2,APPLIED,OUT_OF_SCOPE_UNCHANGED,本轮未重新核定，保持 public 基线
Plymouth Valiant Sedan 1964-1966,SD2,SD2,APPLIED,OUT_OF_SCOPE_UNCHANGED,本轮未重新核定，保持 public 基线
Plymouth Valiant Wagon 1964-1966,H3,H3,APPLIED,OUT_OF_SCOPE_UNCHANGED,本轮未重新核定，保持 public 基线
Plymouth Valiant Coupe 1967-1972,SD2,SD2,APPLIED,OUT_OF_SCOPE_UNCHANGED,本轮未重新核定，保持 public 基线
Plymouth Valiant Sedan 1972,SD2,SD2,APPLIED,OUT_OF_SCOPE_UNCHANGED,本轮未重新核定，保持 public 基线
Plymouth Valiant Sedan 1973-1976,SD2,SD2,APPLIED,OUT_OF_SCOPE_UNCHANGED,本轮未重新核定，保持 public 基线
Plymouth Valiant Duster Coupe 1973-1976,SD2,SD2,APPLIED,OUT_OF_SCOPE_UNCHANGED,本轮未重新核定，保持 public 基线
Plymouth Valiant Scamp Coupe 1973-1976,SD2,SD2,APPLIED,OUT_OF_SCOPE_UNCHANGED,本轮未重新核定，保持 public 基线
Polestar 1 Coupe 2020-2021,SD0,SD0,APPLIED,OUT_OF_SCOPE_UNCHANGED,本轮未重新核定，保持 public 基线
Polestar 2 Hatchback 2021-2025,SD1,SD1,APPLIED,OUT_OF_SCOPE_UNCHANGED,本轮未重新核定，保持 public 基线
Polestar 3 SUV 2025-2026,SU1,SU1,APPLIED,SUV_TAPER_REVIEW,详见 suv_audit.csv
Polestar 4 SUV 2026,SU0,SU0,APPLIED,SUV_TAPER_REVIEW,详见 suv_audit.csv
Pontiac Astre Hatchback 1975-1977,H0,H0,APPLIED,OUT_OF_SCOPE_UNCHANGED,本轮未重新核定，保持 public 基线
Pontiac Astre Sedan 1975-1977,SD2,SD2,APPLIED,OUT_OF_SCOPE_UNCHANGED,本轮未重新核定，保持 public 基线
Pontiac Astre Safari Wagon 1975-1977,H3,H3,APPLIED,OUT_OF_SCOPE_UNCHANGED,本轮未重新核定，保持 public 基线
Pontiac Aztec Crossover 2001-2005,SU1,SU1,APPLIED,SUV_TAPER_REVIEW,详见 suv_audit.csv
Pontiac Bonneville Convertible 1957,SD2,SD2,APPLIED,OUT_OF_SCOPE_UNCHANGED,本轮未重新核定，保持 public 基线
Pontiac Bonneville Convertible 1958,SD2,SD2,APPLIED,OUT_OF_SCOPE_UNCHANGED,本轮未重新核定，保持 public 基线
Pontiac Bonneville Coupe 1958,SD2,SD2,APPLIED,OUT_OF_SCOPE_UNCHANGED,本轮未重新核定，保持 public 基线
Pontiac Bonneville Hatchback 1958,H0,H0,APPLIED,OUT_OF_SCOPE_UNCHANGED,本轮未重新核定，保持 public 基线
Pontiac Bonneville Sedan 1958,SD2,SD2,APPLIED,OUT_OF_SCOPE_UNCHANGED,本轮未重新核定，保持 public 基线
Pontiac Bonneville Convertible 1959-1960,SD2,SD2,APPLIED,OUT_OF_SCOPE_UNCHANGED,本轮未重新核定，保持 public 基线
Pontiac Bonneville Coupe 1959-1960,SD2,SD2,APPLIED,OUT_OF_SCOPE_UNCHANGED,本轮未重新核定，保持 public 基线
Pontiac Bonneville Sedan 1959-1960,SD2,SD2,APPLIED,OUT_OF_SCOPE_UNCHANGED,本轮未重新核定，保持 public 基线
Pontiac Bonneville Convertible 1961,SD2,SD2,APPLIED,OUT_OF_SCOPE_UNCHANGED,本轮未重新核定，保持 public 基线
Pontiac Bonneville Coupe 1961-1964,SD2,SD2,APPLIED,OUT_OF_SCOPE_UNCHANGED,本轮未重新核定，保持 public 基线
Pontiac Bonneville Sedan 1961-1964,SD2,SD2,APPLIED,OUT_OF_SCOPE_UNCHANGED,本轮未重新核定，保持 public 基线
Pontiac Bonneville Convertible 1962,SD2,SD2,APPLIED,OUT_OF_SCOPE_UNCHANGED,本轮未重新核定，保持 public 基线
Pontiac Bonneville Convertible 1963,SD2,SD2,APPLIED,OUT_OF_SCOPE_UNCHANGED,本轮未重新核定，保持 public 基线
Pontiac Bonneville Convertible 1964,SD2,SD2,APPLIED,OUT_OF_SCOPE_UNCHANGED,本轮未重新核定，保持 public 基线
Pontiac Bonneville Convertible 1965-1968,SD2,SD2,APPLIED,OUT_OF_SCOPE_UNCHANGED,本轮未重新核定，保持 public 基线
Pontiac Bonneville Coupe 1965-1968,SD2,SD2,APPLIED,OUT_OF_SCOPE_UNCHANGED,本轮未重新核定，保持 public 基线
Pontiac Bonneville Sedan 1965-1968,SD2,SD2,APPLIED,OUT_OF_SCOPE_UNCHANGED,本轮未重新核定，保持 public 基线
Pontiac Bonneville Convertible 1969,SD2,SD2,APPLIED,OUT_OF_SCOPE_UNCHANGED,本轮未重新核定，保持 public 基线
Pontiac Bonneville Coupe 1969,SD2,SD2,APPLIED,OUT_OF_SCOPE_UNCHANGED,本轮未重新核定，保持 public 基线
Pontiac Bonneville Sedan 1969,SD2,SD2,APPLIED,OUT_OF_SCOPE_UNCHANGED,本轮未重新核定，保持 public 基线
Pontiac Bonneville Convertible 1970,SD2,SD2,APPLIED,OUT_OF_SCOPE_UNCHANGED,本轮未重新核定，保持 public 基线
Pontiac Bonneville Coupe 1970,SD2,SD2,APPLIED,OUT_OF_SCOPE_UNCHANGED,本轮未重新核定，保持 public 基线
Pontiac Bonneville Sedan 1970,SD2,SD2,APPLIED,OUT_OF_SCOPE_UNCHANGED,本轮未重新核定，保持 public 基线
Pontiac Bonneville Coupe 1971,SD2,SD2,APPLIED,OUT_OF_SCOPE_UNCHANGED,本轮未重新核定，保持 public 基线
Pontiac Bonneville Sedan 1971,SD2,SD2,APPLIED,OUT_OF_SCOPE_UNCHANGED,本轮未重新核定，保持 public 基线
Pontiac Bonneville Convertible 1971-1976,SD2,SD2,APPLIED,OUT_OF_SCOPE_UNCHANGED,本轮未重新核定，保持 public 基线
Pontiac Bonneville Coupe 1972,SD2,SD2,APPLIED,OUT_OF_SCOPE_UNCHANGED,本轮未重新核定，保持 public 基线
Pontiac Bonneville Sedan 1972,SD2,SD2,APPLIED,OUT_OF_SCOPE_UNCHANGED,本轮未重新核定，保持 public 基线
Pontiac Bonneville Coupe 1973,SD2,SD2,APPLIED,OUT_OF_SCOPE_UNCHANGED,本轮未重新核定，保持 public 基线
Pontiac Bonneville Sedan 1973,SD2,SD2,APPLIED,OUT_OF_SCOPE_UNCHANGED,本轮未重新核定，保持 public 基线
Pontiac Bonneville Coupe 1974-1976,SD2,SD2,APPLIED,OUT_OF_SCOPE_UNCHANGED,本轮未重新核定，保持 public 基线
Pontiac Bonneville Sedan 1974-1976,SD2,SD2,APPLIED,OUT_OF_SCOPE_UNCHANGED,本轮未重新核定，保持 public 基线
Pontiac Bonneville Coupe 1977-1979,SD2,SD2,APPLIED,OUT_OF_SCOPE_UNCHANGED,本轮未重新核定，保持 public 基线
Pontiac Bonneville Sedan 1977-1979,SD2,SD2,APPLIED,OUT_OF_SCOPE_UNCHANGED,本轮未重新核定，保持 public 基线
Pontiac Bonneville Coupe 1980,SD2,SD2,APPLIED,OUT_OF_SCOPE_UNCHANGED,本轮未重新核定，保持 public 基线
Pontiac Bonneville Sedan 1980,SD2,SD2,APPLIED,OUT_OF_SCOPE_UNCHANGED,本轮未重新核定，保持 public 基线
Pontiac Bonneville Coupe 1981,SD2,SD2,APPLIED,OUT_OF_SCOPE_UNCHANGED,本轮未重新核定，保持 public 基线
Pontiac Bonneville Sedan 1981,SD2,SD2,APPLIED,OUT_OF_SCOPE_UNCHANGED,本轮未重新核定，保持 public 基线
Pontiac Bonneville Sedan 1982,SD2,SD2,APPLIED,OUT_OF_SCOPE_UNCHANGED,本轮未重新核定，保持 public 基线
Pontiac Bonneville Sedan 1983-1984,SD2,SD2,APPLIED,OUT_OF_SCOPE_UNCHANGED,本轮未重新核定，保持 public 基线
Pontiac Bonneville Sedan 1985-1986,SD2,SD2,APPLIED,OUT_OF_SCOPE_UNCHANGED,本轮未重新核定，保持 public 基线
Pontiac Bonneville Sedan 1987-1991,SD2,SD2,APPLIED,OUT_OF_SCOPE_UNCHANGED,本轮未重新核定，保持 public 基线
Pontiac Bonneville Sedan 1992,SD2,SD2,APPLIED,OUT_OF_SCOPE_UNCHANGED,本轮未重新核定，保持 public 基线
Pontiac Bonneville Sedan 1993-1995,SD2,SD2,APPLIED,OUT_OF_SCOPE_UNCHANGED,本轮未重新核定，保持 public 基线
Pontiac Bonneville Sedan 1996,SD2,SD2,APPLIED,OUT_OF_SCOPE_UNCHANGED,本轮未重新核定，保持 public 基线
Pontiac Bonneville Sedan 1997-1998,SD2,SD2,APPLIED,OUT_OF_SCOPE_UNCHANGED,本轮未重新核定，保持 public 基线
Pontiac Bonneville Sedan 1999,SD2,SD2,APPLIED,OUT_OF_SCOPE_UNCHANGED,本轮未重新核定，保持 public 基线
Pontiac Bonneville Sedan 2000-2005,SD2,SD2,APPLIED,OUT_OF_SCOPE_UNCHANGED,本轮未重新核定，保持 public 基线
Pontiac Bonneville Grand Safari Wagon 1971,H3,H3,APPLIED,OUT_OF_SCOPE_UNCHANGED,本轮未重新核定，保持 public 基线
Pontiac Bonneville Grand Safari Wagon 1972,H3,H3,APPLIED,OUT_OF_SCOPE_UNCHANGED,本轮未重新核定，保持 public 基线
Pontiac Bonneville Grand Safari Wagon 1973,H3,H3,APPLIED,OUT_OF_SCOPE_UNCHANGED,本轮未重新核定，保持 public 基线
Pontiac Bonneville Grand Safari Wagon 1974-1976,H3,H3,APPLIED,OUT_OF_SCOPE_UNCHANGED,本轮未重新核定，保持 public 基线
Pontiac Bonneville Grand Safari Wagon 1977,H3,H3,APPLIED,OUT_OF_SCOPE_UNCHANGED,本轮未重新核定，保持 public 基线
Pontiac Bonneville Grand Safari Wagon 1978,H3,H3,APPLIED,OUT_OF_SCOPE_UNCHANGED,本轮未重新核定，保持 public 基线
Pontiac Bonneville Safari Wagon 1961-1964,H3,H3,APPLIED,OUT_OF_SCOPE_UNCHANGED,本轮未重新核定，保持 public 基线
Pontiac Bonneville Safari Wagon 1965-1968,H3,H3,APPLIED,OUT_OF_SCOPE_UNCHANGED,本轮未重新核定，保持 public 基线
Pontiac Bonneville Safari Wagon 1969,H3,H3,APPLIED,OUT_OF_SCOPE_UNCHANGED,本轮未重新核定，保持 public 基线
Pontiac Bonneville Safari Wagon 1970,H3,H3,APPLIED,OUT_OF_SCOPE_UNCHANGED,本轮未重新核定，保持 public 基线
Pontiac Bonneville Safari Wagon 1977-1981,H3,H3,APPLIED,OUT_OF_SCOPE_UNCHANGED,本轮未重新核定，保持 public 基线
Pontiac Firebird Coupe 1967,SD0,SD0,APPLIED,OUT_OF_SCOPE_UNCHANGED,本轮未重新核定，保持 public 基线
Pontiac Firebird Convertible 1968,SD0,SD0,APPLIED,OUT_OF_SCOPE_UNCHANGED,本轮未重新核定，保持 public 基线
Pontiac Firebird Coupe 1968,SD0,SD0,APPLIED,OUT_OF_SCOPE_UNCHANGED,本轮未重新核定，保持 public 基线
Pontiac Firebird Convertible 1969,SD0,SD0,APPLIED,OUT_OF_SCOPE_UNCHANGED,本轮未重新核定，保持 public 基线
Pontiac Firebird Coupe 1969,SD0,SD0,APPLIED,OUT_OF_SCOPE_UNCHANGED,本轮未重新核定，保持 public 基线
Pontiac Firebird Trans Am Coupe 1970-1971,SD0,SD0,APPLIED,OUT_OF_SCOPE_UNCHANGED,本轮未重新核定，保持 public 基线
Pontiac Firebird Trans Am Coupe 1972,SD0,SD0,APPLIED,OUT_OF_SCOPE_UNCHANGED,本轮未重新核定，保持 public 基线
Pontiac Firebird Trans Am Coupe 1973,SD0,SD0,APPLIED,OUT_OF_SCOPE_UNCHANGED,本轮未重新核定，保持 public 基线
Pontiac Firebird Trans Am Coupe 1974-1981,SD0,SD0,APPLIED,OUT_OF_SCOPE_UNCHANGED,本轮未重新核定，保持 public 基线
Pontiac Firebird Trans Am Coupe 1982,SD0,SD0,APPLIED,OUT_OF_SCOPE_UNCHANGED,本轮未重新核定，保持 public 基线
Pontiac Firebird Trans Am Coupe 1983-1988,SD0,SD0,APPLIED,OUT_OF_SCOPE_UNCHANGED,本轮未重新核定，保持 public 基线
Pontiac Firebird Trans Am Coupe 1989-1990,SD0,SD0,APPLIED,OUT_OF_SCOPE_UNCHANGED,本轮未重新核定，保持 public 基线
Pontiac Firebird Trans Am Coupe 1991-1992,SD0,SD0,APPLIED,OUT_OF_SCOPE_UNCHANGED,本轮未重新核定，保持 public 基线
Pontiac Firebird Trans Am Coupe 1993-1997,SD0,SD0,APPLIED,OUT_OF_SCOPE_UNCHANGED,本轮未重新核定，保持 public 基线
Pontiac Firebird Trans Am Convertible 1994-1997,SD0,SD0,APPLIED,OUT_OF_SCOPE_UNCHANGED,本轮未重新核定，保持 public 基线
Pontiac Firebird Trans Am Convertible 1998-2002,SD0,SD0,APPLIED,OUT_OF_SCOPE_UNCHANGED,本轮未重新核定，保持 public 基线
Pontiac Firebird Trans Am Coupe 1998-2002,SD0,SD0,APPLIED,OUT_OF_SCOPE_UNCHANGED,本轮未重新核定，保持 public 基线
Pontiac G3 Hatchback 2009,H0,H0,APPLIED,OUT_OF_SCOPE_UNCHANGED,本轮未重新核定，保持 public 基线
Pontiac G5 Coupe 2007-2009,SD0,SD0,APPLIED,OUT_OF_SCOPE_UNCHANGED,本轮未重新核定，保持 public 基线
Pontiac G6 Sedan 2005-2010,SD1,SD1,APPLIED,OUT_OF_SCOPE_UNCHANGED,本轮未重新核定，保持 public 基线
Pontiac G6 Convertible 2006-2009,SD1,SD1,APPLIED,OUT_OF_SCOPE_UNCHANGED,本轮未重新核定，保持 public 基线
Pontiac G8 Fastback 2008-2009,SD1,SD1,APPLIED,OUT_OF_SCOPE_UNCHANGED,本轮未重新核定，保持 public 基线
Pontiac GTO Convertible 1964,SD2,SD2,APPLIED,OUT_OF_SCOPE_UNCHANGED,本轮未重新核定，保持 public 基线
Pontiac GTO Coupe 1964,SD2,SD2,APPLIED,OUT_OF_SCOPE_UNCHANGED,本轮未重新核定，保持 public 基线
Pontiac GTO Coupe 1965,SD2,SD2,APPLIED,OUT_OF_SCOPE_UNCHANGED,本轮未重新核定，保持 public 基线
Pontiac GTO Convertible 1965-1967,SD2,SD2,APPLIED,OUT_OF_SCOPE_UNCHANGED,本轮未重新核定，保持 public 基线
Pontiac GTO Coupe 1966,SD2,SD2,APPLIED,OUT_OF_SCOPE_UNCHANGED,本轮未重新核定，保持 public 基线
Pontiac GTO Coupe 1967,SD2,SD2,APPLIED,OUT_OF_SCOPE_UNCHANGED,本轮未重新核定，保持 public 基线
Pontiac GTO Coupe 1968,SD2,SD2,APPLIED,OUT_OF_SCOPE_UNCHANGED,本轮未重新核定，保持 public 基线
Pontiac GTO Coupe 1969,SD2,SD2,APPLIED,OUT_OF_SCOPE_UNCHANGED,本轮未重新核定，保持 public 基线
Pontiac GTO Coupe 1970,SD2,SD2,APPLIED,OUT_OF_SCOPE_UNCHANGED,本轮未重新核定，保持 public 基线
Pontiac GTO Coupe 1971,SD2,SD2,APPLIED,OUT_OF_SCOPE_UNCHANGED,本轮未重新核定，保持 public 基线
Pontiac GTO Coupe 1972,SD2,SD2,APPLIED,OUT_OF_SCOPE_UNCHANGED,本轮未重新核定，保持 public 基线
Pontiac GTO Coupe 1974,SD2,SD2,APPLIED,OUT_OF_SCOPE_UNCHANGED,本轮未重新核定，保持 public 基线
Pontiac GTO Coupe 2004-2006,SD0,SD0,APPLIED,OUT_OF_SCOPE_UNCHANGED,本轮未重新核定，保持 public 基线
Pontiac Grand Am Sedan 1992,SD1,SD1,APPLIED,OUT_OF_SCOPE_UNCHANGED,本轮未重新核定，保持 public 基线
Pontiac Grand Am Coupe 1992-1995,SD1,SD1,APPLIED,OUT_OF_SCOPE_UNCHANGED,本轮未重新核定，保持 public 基线
Pontiac Grand Am Sedan 1993-1994,SD1,SD1,APPLIED,OUT_OF_SCOPE_UNCHANGED,本轮未重新核定，保持 public 基线
Pontiac Grand Am Sedan 1995,SD1,SD1,APPLIED,OUT_OF_SCOPE_UNCHANGED,本轮未重新核定，保持 public 基线
Pontiac Grand Am Coupe 1996-1998,SD1,SD1,APPLIED,OUT_OF_SCOPE_UNCHANGED,本轮未重新核定，保持 public 基线
Pontiac Grand Am Sedan 1996-1998,SD1,SD1,APPLIED,OUT_OF_SCOPE_UNCHANGED,本轮未重新核定，保持 public 基线
Pontiac Grand Am Coupe 1999-2005,SD1,SD1,APPLIED,OUT_OF_SCOPE_UNCHANGED,本轮未重新核定，保持 public 基线
Pontiac Grand Am Sedan 1999-2005,SD1,SD1,APPLIED,OUT_OF_SCOPE_UNCHANGED,本轮未重新核定，保持 public 基线
Pontiac Grand Prix Coupe 1963,SD2,SD2,APPLIED,OUT_OF_SCOPE_UNCHANGED,本轮未重新核定，保持 public 基线
Pontiac Grand Prix Coupe 1964,SD2,SD2,APPLIED,OUT_OF_SCOPE_UNCHANGED,本轮未重新核定，保持 public 基线
Pontiac Grand Prix Coupe 1965-1966,SD2,SD2,APPLIED,OUT_OF_SCOPE_UNCHANGED,本轮未重新核定，保持 public 基线
Pontiac Grand Prix Coupe 1967,SD2,SD2,APPLIED,OUT_OF_SCOPE_UNCHANGED,本轮未重新核定，保持 public 基线
Pontiac Grand Prix Coupe 1968,SD2,SD2,APPLIED,OUT_OF_SCOPE_UNCHANGED,本轮未重新核定，保持 public 基线
Pontiac Grand Prix Coupe 1969-1970,SD2,SD2,APPLIED,OUT_OF_SCOPE_UNCHANGED,本轮未重新核定，保持 public 基线
Pontiac Grand Prix Coupe 1971,SD2,SD2,APPLIED,OUT_OF_SCOPE_UNCHANGED,本轮未重新核定，保持 public 基线
Pontiac Grand Prix Coupe 1972,SD2,SD2,APPLIED,OUT_OF_SCOPE_UNCHANGED,本轮未重新核定，保持 public 基线
Pontiac Grand Prix Coupe 1974,SD2,SD2,APPLIED,OUT_OF_SCOPE_UNCHANGED,本轮未重新核定，保持 public 基线
Pontiac Grand Prix Coupe 1975,SD2,SD2,APPLIED,OUT_OF_SCOPE_UNCHANGED,本轮未重新核定，保持 public 基线
Pontiac Grand Prix Coupe 1976-1977,SD2,SD2,APPLIED,OUT_OF_SCOPE_UNCHANGED,本轮未重新核定，保持 public 基线
Pontiac Grand Prix Coupe 1978-1987,SD2,SD2,APPLIED,OUT_OF_SCOPE_UNCHANGED,本轮未重新核定，保持 public 基线
Pontiac Grand Prix Coupe 1988-1991,SD0,SD0,APPLIED,OUT_OF_SCOPE_UNCHANGED,本轮未重新核定，保持 public 基线
Pontiac Grand Prix Coupe 1992-1993,SD0,SD0,APPLIED,OUT_OF_SCOPE_UNCHANGED,本轮未重新核定，保持 public 基线
Pontiac Grand Prix Coupe 1994-1995,SD0,SD0,APPLIED,OUT_OF_SCOPE_UNCHANGED,本轮未重新核定，保持 public 基线
Pontiac Grand Prix Coupe 1996,SD0,SD0,APPLIED,OUT_OF_SCOPE_UNCHANGED,本轮未重新核定，保持 public 基线
Pontiac Grand Prix Coupe 1997-2001,SD0,SD0,APPLIED,OUT_OF_SCOPE_UNCHANGED,本轮未重新核定，保持 public 基线
Pontiac Grand Prix Sedan 1997-2002,SD0,SD0,APPLIED,OUT_OF_SCOPE_UNCHANGED,本轮未重新核定，保持 public 基线
Pontiac Grand Prix Coupe 2002,SD0,SD0,APPLIED,OUT_OF_SCOPE_UNCHANGED,本轮未重新核定，保持 public 基线
Pontiac Grand Prix Sedan 2003,SD0,SD0,APPLIED,OUT_OF_SCOPE_UNCHANGED,本轮未重新核定，保持 public 基线
Pontiac Grand Prix Sedan 2004-2008,SD0,SD0,APPLIED,OUT_OF_SCOPE_UNCHANGED,本轮未重新核定，保持 public 基线
Pontiac Grand Safari 455-4 V8 Wagon 1974-1975,H3,H3,APPLIED,OUT_OF_SCOPE_UNCHANGED,本轮未重新核定，保持 public 基线
Pontiac Grand Safari 455-4 V8 Wagon 1976,H3,H3,APPLIED,OUT_OF_SCOPE_UNCHANGED,本轮未重新核定，保持 public 基线
Pontiac LeMans Convertible 1963,SD2,SD2,APPLIED,OUT_OF_SCOPE_UNCHANGED,本轮未重新核定，保持 public 基线
Pontiac LeMans Coupe 1963,SD2,SD2,APPLIED,OUT_OF_SCOPE_UNCHANGED,本轮未重新核定，保持 public 基线
Pontiac LeMans Coupe 1964,SD2,SD2,APPLIED,OUT_OF_SCOPE_UNCHANGED,本轮未重新核定，保持 public 基线
Pontiac LeMans Sedan 1964,SD2,SD2,APPLIED,OUT_OF_SCOPE_UNCHANGED,本轮未重新核定，保持 public 基线
Pontiac LeMans Wagon 1964,H3,H3,APPLIED,OUT_OF_SCOPE_UNCHANGED,本轮未重新核定，保持 public 基线
Pontiac LeMans Convertible 1964-1966,SD2,SD2,APPLIED,OUT_OF_SCOPE_UNCHANGED,本轮未重新核定，保持 public 基线
Pontiac LeMans Coupe 1965,SD2,SD2,APPLIED,OUT_OF_SCOPE_UNCHANGED,本轮未重新核定，保持 public 基线
Pontiac LeMans Sedan 1965,SD2,SD2,APPLIED,OUT_OF_SCOPE_UNCHANGED,本轮未重新核定，保持 public 基线
Pontiac LeMans Wagon 1965,H3,H3,APPLIED,OUT_OF_SCOPE_UNCHANGED,本轮未重新核定，保持 public 基线
Pontiac LeMans Coupe 1966,SD2,SD2,APPLIED,OUT_OF_SCOPE_UNCHANGED,本轮未重新核定，保持 public 基线
Pontiac LeMans Hatchback 1966,H0,H0,APPLIED,OUT_OF_SCOPE_UNCHANGED,本轮未重新核定，保持 public 基线
Pontiac LeMans Sedan 1966,SD2,SD2,APPLIED,OUT_OF_SCOPE_UNCHANGED,本轮未重新核定，保持 public 基线
Pontiac LeMans Convertible 1967,SD2,SD2,APPLIED,OUT_OF_SCOPE_UNCHANGED,本轮未重新核定，保持 public 基线
Pontiac LeMans Coupe 1967,SD2,SD2,APPLIED,OUT_OF_SCOPE_UNCHANGED,本轮未重新核定，保持 public 基线
Pontiac LeMans Sedan 1967,SD2,SD2,APPLIED,OUT_OF_SCOPE_UNCHANGED,本轮未重新核定，保持 public 基线
Pontiac LeMans Wagon 1967,H3,H3,APPLIED,OUT_OF_SCOPE_UNCHANGED,本轮未重新核定，保持 public 基线
Pontiac LeMans Convertible 1968,SD2,SD2,APPLIED,OUT_OF_SCOPE_UNCHANGED,本轮未重新核定，保持 public 基线
Pontiac LeMans Coupe 1968,SD2,SD2,APPLIED,OUT_OF_SCOPE_UNCHANGED,本轮未重新核定，保持 public 基线
Pontiac LeMans Hatchback 1968,H0,H0,APPLIED,OUT_OF_SCOPE_UNCHANGED,本轮未重新核定，保持 public 基线
Pontiac LeMans Sedan 1968,SD2,SD2,APPLIED,OUT_OF_SCOPE_UNCHANGED,本轮未重新核定，保持 public 基线
Pontiac LeMans Wagon 1968-1970,H3,H3,APPLIED,OUT_OF_SCOPE_UNCHANGED,本轮未重新核定，保持 public 基线
Pontiac LeMans Convertible 1969,SD2,SD2,APPLIED,OUT_OF_SCOPE_UNCHANGED,本轮未重新核定，保持 public 基线
Pontiac LeMans Hatchback 1969,H0,H0,APPLIED,OUT_OF_SCOPE_UNCHANGED,本轮未重新核定，保持 public 基线
Pontiac LeMans Sedan 1969,SD2,SD2,APPLIED,OUT_OF_SCOPE_UNCHANGED,本轮未重新核定，保持 public 基线
Pontiac LeMans Coupe 1970,SD2,SD2,APPLIED,OUT_OF_SCOPE_UNCHANGED,本轮未重新核定，保持 public 基线
Pontiac LeMans Sedan 1970,SD2,SD2,APPLIED,OUT_OF_SCOPE_UNCHANGED,本轮未重新核定，保持 public 基线
Pontiac LeMans Convertible 1970-1972,SD2,SD2,APPLIED,OUT_OF_SCOPE_UNCHANGED,本轮未重新核定，保持 public 基线
Pontiac LeMans Coupe 1971,SD2,SD2,APPLIED,OUT_OF_SCOPE_UNCHANGED,本轮未重新核定，保持 public 基线
Pontiac LeMans Sedan 1971,SD2,SD2,APPLIED,OUT_OF_SCOPE_UNCHANGED,本轮未重新核定，保持 public 基线
Pontiac LeMans Coupe 1972,SD2,SD2,APPLIED,OUT_OF_SCOPE_UNCHANGED,本轮未重新核定，保持 public 基线
Pontiac LeMans Sedan 1972,SD2,SD2,APPLIED,OUT_OF_SCOPE_UNCHANGED,本轮未重新核定，保持 public 基线
Pontiac LeMans Coupe 1973,SD2,SD2,APPLIED,OUT_OF_SCOPE_UNCHANGED,本轮未重新核定，保持 public 基线
Pontiac LeMans Sedan 1973,SD2,SD2,APPLIED,OUT_OF_SCOPE_UNCHANGED,本轮未重新核定，保持 public 基线
Pontiac LeMans Wagon 1973,H3,H3,APPLIED,OUT_OF_SCOPE_UNCHANGED,本轮未重新核定，保持 public 基线
Pontiac LeMans Sedan 1974,SD2,SD2,APPLIED,OUT_OF_SCOPE_UNCHANGED,本轮未重新核定，保持 public 基线
Pontiac LeMans Wagon 1974,H3,H3,APPLIED,OUT_OF_SCOPE_UNCHANGED,本轮未重新核定，保持 public 基线
Pontiac LeMans Coupe 1974-1976,SD2,SD2,APPLIED,OUT_OF_SCOPE_UNCHANGED,本轮未重新核定，保持 public 基线
Pontiac LeMans Sedan 1975-1976,SD2,SD2,APPLIED,OUT_OF_SCOPE_UNCHANGED,本轮未重新核定，保持 public 基线
Pontiac LeMans Wagon 1975-1976,H3,H3,APPLIED,OUT_OF_SCOPE_UNCHANGED,本轮未重新核定，保持 public 基线
Pontiac LeMans Coupe 1977,SD2,SD2,APPLIED,OUT_OF_SCOPE_UNCHANGED,本轮未重新核定，保持 public 基线
Pontiac LeMans Hatchback 1977,H0,H0,APPLIED,OUT_OF_SCOPE_UNCHANGED,本轮未重新核定，保持 public 基线
Pontiac LeMans Sedan 1977,SD2,SD2,APPLIED,OUT_OF_SCOPE_UNCHANGED,本轮未重新核定，保持 public 基线
Pontiac LeMans Coupe 1978,SD2,SD2,APPLIED,OUT_OF_SCOPE_UNCHANGED,本轮未重新核定，保持 public 基线
Pontiac LeMans Hatchback 1978,H0,H0,APPLIED,OUT_OF_SCOPE_UNCHANGED,本轮未重新核定，保持 public 基线
Pontiac LeMans Sedan 1978,SD2,SD2,APPLIED,OUT_OF_SCOPE_UNCHANGED,本轮未重新核定，保持 public 基线
Pontiac LeMans Coupe 1979,SD2,SD2,APPLIED,OUT_OF_SCOPE_UNCHANGED,本轮未重新核定，保持 public 基线
Pontiac LeMans Sedan 1979,SD2,SD2,APPLIED,OUT_OF_SCOPE_UNCHANGED,本轮未重新核定，保持 public 基线
Pontiac LeMans Wagon 1979,H3,H3,APPLIED,OUT_OF_SCOPE_UNCHANGED,本轮未重新核定，保持 public 基线
Pontiac LeMans Hatchback 1979-1980,H0,H0,APPLIED,OUT_OF_SCOPE_UNCHANGED,本轮未重新核定，保持 public 基线
Pontiac LeMans Sedan 1980,SD2,SD2,APPLIED,OUT_OF_SCOPE_UNCHANGED,本轮未重新核定，保持 public 基线
Pontiac LeMans Wagon 1980,H3,H3,APPLIED,OUT_OF_SCOPE_UNCHANGED,本轮未重新核定，保持 public 基线
Pontiac LeMans Coupe 1981,SD2,SD2,APPLIED,OUT_OF_SCOPE_UNCHANGED,本轮未重新核定，保持 public 基线
Pontiac LeMans Sedan 1988-1992,SD1,SD1,APPLIED,OUT_OF_SCOPE_UNCHANGED,本轮未重新核定，保持 public 基线
Pontiac LeMans Hatchback 1988-1993,H0,H0,APPLIED,OUT_OF_SCOPE_UNCHANGED,本轮未重新核定，保持 public 基线
Pontiac LeMans Coupe 1993,SD1,SD1,APPLIED,OUT_OF_SCOPE_UNCHANGED,本轮未重新核定，保持 public 基线
Pontiac LeMans Sedan 1993,SD1,SD1,APPLIED,OUT_OF_SCOPE_UNCHANGED,本轮未重新核定，保持 public 基线
Pontiac LeMans Can Am Coupe 1977,SD2,SD2,APPLIED,OUT_OF_SCOPE_UNCHANGED,本轮未重新核定，保持 public 基线
Pontiac LeMans Tempest LeMans Coupe 1961-1962,SD2,SD2,APPLIED,OUT_OF_SCOPE_UNCHANGED,本轮未重新核定，保持 public 基线
Pontiac LeMans Tempest LeMans Convertible 1962,SD2,SD2,APPLIED,OUT_OF_SCOPE_UNCHANGED,本轮未重新核定，保持 public 基线
Pontiac LeMans Tempest/LeMans Coupe 1962,SD2,SD2,APPLIED,OUT_OF_SCOPE_UNCHANGED,本轮未重新核定，保持 public 基线
Pontiac LeMans Tempest/LeMans Convertible 1963,SD2,SD2,APPLIED,OUT_OF_SCOPE_UNCHANGED,本轮未重新核定，保持 public 基线
Pontiac LeMans Tempest/LeMans Wagon 1963,H3,H3,APPLIED,OUT_OF_SCOPE_UNCHANGED,本轮未重新核定，保持 public 基线
Pontiac LeMans Tempest/Safari Wagon 1963,H3,H3,APPLIED,OUT_OF_SCOPE_UNCHANGED,本轮未重新核定，保持 public 基线
Pontiac Solstice Convertible 2006-2008,SD0,SD0,APPLIED,OUT_OF_SCOPE_UNCHANGED,本轮未重新核定，保持 public 基线
Pontiac Solstice Convertible 2009,SD0,SD0,APPLIED,OUT_OF_SCOPE_UNCHANGED,本轮未重新核定，保持 public 基线
Pontiac Solstice Coupe 2009,SD0,SD0,APPLIED,OUT_OF_SCOPE_UNCHANGED,本轮未重新核定，保持 public 基线
Pontiac Sunfire Convertible 1995-1996,SD1,SD1,APPLIED,OUT_OF_SCOPE_UNCHANGED,本轮未重新核定，保持 public 基线
Pontiac Sunfire Coupe 1995-1996,SD1,SD1,APPLIED,OUT_OF_SCOPE_UNCHANGED,本轮未重新核定，保持 public 基线
Pontiac Sunfire Sedan 1995-1997,SD1,SD1,APPLIED,OUT_OF_SCOPE_UNCHANGED,本轮未重新核定，保持 public 基线
Pontiac Sunfire Convertible 1997,SD1,SD1,APPLIED,OUT_OF_SCOPE_UNCHANGED,本轮未重新核定，保持 public 基线
Pontiac Sunfire Coupe 1997-2005,SD1,SD1,APPLIED,OUT_OF_SCOPE_UNCHANGED,本轮未重新核定，保持 public 基线
Pontiac Sunfire Sedan 1998,SD1,SD1,APPLIED,OUT_OF_SCOPE_UNCHANGED,本轮未重新核定，保持 public 基线
Pontiac Sunfire Convertible 1998-2000,SD1,SD1,APPLIED,OUT_OF_SCOPE_UNCHANGED,本轮未重新核定，保持 public 基线
Pontiac Sunfire Sedan 1999-2000,SD1,SD1,APPLIED,OUT_OF_SCOPE_UNCHANGED,本轮未重新核定，保持 public 基线
Pontiac Sunfire Convertible 2001-2005,SD1,SD1,APPLIED,OUT_OF_SCOPE_UNCHANGED,本轮未重新核定，保持 public 基线
Pontiac Sunfire Sedan 2001-2005,SD1,SD1,APPLIED,OUT_OF_SCOPE_UNCHANGED,本轮未重新核定，保持 public 基线
Pontiac Torrent SUV 2006-2009,SU1,SU1,APPLIED,SUV_TAPER_REVIEW,详见 suv_audit.csv
Pontiac Vibe Hatchback 2003-2008,H0,H0,APPLIED,OUT_OF_SCOPE_UNCHANGED,本轮未重新核定，保持 public 基线
Pontiac Vibe Hatchback 2009-2010,H0,H0,APPLIED,OUT_OF_SCOPE_UNCHANGED,本轮未重新核定，保持 public 基线
Porsche 911 Coupe 1965-1973,SD0,SD0,APPLIED,OUT_OF_SCOPE_UNCHANGED,本轮未重新核定，保持 public 基线
Porsche 911 Coupe 1974-1989,SD0,SD0,APPLIED,OUT_OF_SCOPE_UNCHANGED,本轮未重新核定，保持 public 基线
Porsche 911 Convertible 1983-1989,SD0,SD0,APPLIED,OUT_OF_SCOPE_UNCHANGED,本轮未重新核定，保持 public 基线
Porsche 911 Targa 1983-1989,SD0,SD0,APPLIED,OUT_OF_SCOPE_UNCHANGED,本轮未重新核定，保持 public 基线
Porsche 911 Targa 1990-1993,SD0,SD0,APPLIED,OUT_OF_SCOPE_UNCHANGED,本轮未重新核定，保持 public 基线
Porsche 911 Convertible 1990-1994,SD0,SD0,APPLIED,OUT_OF_SCOPE_UNCHANGED,本轮未重新核定，保持 public 基线
Porsche 911 Coupe 1990-1994,SD0,SD0,APPLIED,OUT_OF_SCOPE_UNCHANGED,本轮未重新核定，保持 public 基线
Porsche 911 Convertible 1995-1998,SD0,SD0,APPLIED,OUT_OF_SCOPE_UNCHANGED,本轮未重新核定，保持 public 基线
Porsche 911 Coupe 1995-1998,SD0,SD0,APPLIED,OUT_OF_SCOPE_UNCHANGED,本轮未重新核定，保持 public 基线
Porsche 911 Targa 1996-1998,SD0,SD0,APPLIED,OUT_OF_SCOPE_UNCHANGED,本轮未重新核定，保持 public 基线
Porsche 911 Convertible 1999-2004,SD0,SD0,APPLIED,OUT_OF_SCOPE_UNCHANGED,本轮未重新核定，保持 public 基线
Porsche 911 Coupe 1999-2004,SD0,SD0,APPLIED,OUT_OF_SCOPE_UNCHANGED,本轮未重新核定，保持 public 基线
Porsche 911 Targa 2002-2004,SD0,SD0,APPLIED,OUT_OF_SCOPE_UNCHANGED,本轮未重新核定，保持 public 基线
Porsche 911 Convertible 2005-2008,SD0,SD0,APPLIED,OUT_OF_SCOPE_UNCHANGED,本轮未重新核定，保持 public 基线
Porsche 911 Coupe 2005-2008,SD0,SD0,APPLIED,OUT_OF_SCOPE_UNCHANGED,本轮未重新核定，保持 public 基线
Porsche 911 Targa 2006-2008,SD0,SD0,APPLIED,OUT_OF_SCOPE_UNCHANGED,本轮未重新核定，保持 public 基线
Porsche 911 Convertible 2009-2011,SD0,SD0,APPLIED,OUT_OF_SCOPE_UNCHANGED,本轮未重新核定，保持 public 基线
Porsche 911 Coupe 2009-2011,SD0,SD0,APPLIED,OUT_OF_SCOPE_UNCHANGED,本轮未重新核定，保持 public 基线
Porsche 911 Targa 2009-2011,SD0,SD0,APPLIED,OUT_OF_SCOPE_UNCHANGED,本轮未重新核定，保持 public 基线
Porsche 911 Coupe 2012-2013,SD0,SD0,APPLIED,OUT_OF_SCOPE_UNCHANGED,本轮未重新核定，保持 public 基线
Porsche 911 Convertible 2012-2016,SD0,SD0,APPLIED,OUT_OF_SCOPE_UNCHANGED,本轮未重新核定，保持 public 基线
Porsche 911 Coupe 2014-2016,SD0,SD0,APPLIED,OUT_OF_SCOPE_UNCHANGED,本轮未重新核定，保持 public 基线
Porsche 911 Targa 2014-2016,SD0,SD0,APPLIED,OUT_OF_SCOPE_UNCHANGED,本轮未重新核定，保持 public 基线
Porsche 911 Convertible 2017-2019,SD0,SD0,APPLIED,OUT_OF_SCOPE_UNCHANGED,本轮未重新核定，保持 public 基线
Porsche 911 Coupe 2017-2019,SD0,SD0,APPLIED,OUT_OF_SCOPE_UNCHANGED,本轮未重新核定，保持 public 基线
Porsche 911 Convertible 2020-2024,SD0,SD0,APPLIED,OUT_OF_SCOPE_UNCHANGED,本轮未重新核定，保持 public 基线
Porsche 911 Coupe 2020-2024,SD0,SD0,APPLIED,OUT_OF_SCOPE_UNCHANGED,本轮未重新核定，保持 public 基线
Porsche 911 Targa 2021-2024,SD0,SD0,APPLIED,OUT_OF_SCOPE_UNCHANGED,本轮未重新核定，保持 public 基线
Porsche 911 Coupe 2025-2026,SD0,SD0,APPLIED,OUT_OF_SCOPE_UNCHANGED,本轮未重新核定，保持 public 基线
Porsche 911 Dakar Coupe 2023-2024,SD0,SD0,APPLIED,OUT_OF_SCOPE_UNCHANGED,本轮未重新核定，保持 public 基线
Porsche 911 GT2 Coupe 2002-2005,SD0,SD0,APPLIED,OUT_OF_SCOPE_UNCHANGED,本轮未重新核定，保持 public 基线
Porsche 911 GT2 Coupe 2008-2009,SD0,SD0,APPLIED,OUT_OF_SCOPE_UNCHANGED,本轮未重新核定，保持 public 基线
Porsche 911 GT2 RS Coupe 2011,SD0,SD0,APPLIED,OUT_OF_SCOPE_UNCHANGED,本轮未重新核定，保持 public 基线
Porsche 911 GT2 RS Coupe 2018,SD0,SD0,APPLIED,OUT_OF_SCOPE_UNCHANGED,本轮未重新核定，保持 public 基线
Porsche 911 GT3 Coupe 2004-2005,SD0,SD0,APPLIED,OUT_OF_SCOPE_UNCHANGED,本轮未重新核定，保持 public 基线
Porsche 911 GT3 Coupe 2007-2008,SD0,SD0,APPLIED,OUT_OF_SCOPE_UNCHANGED,本轮未重新核定，保持 public 基线
Porsche 911 GT3 Coupe 2010-2011,SD0,SD0,APPLIED,OUT_OF_SCOPE_UNCHANGED,本轮未重新核定，保持 public 基线
Porsche 911 GT3 Coupe 2014-2016,SD0,SD0,APPLIED,OUT_OF_SCOPE_UNCHANGED,本轮未重新核定，保持 public 基线
Porsche 911 GT3 Coupe 2018-2019,SD0,SD0,APPLIED,OUT_OF_SCOPE_UNCHANGED,本轮未重新核定，保持 public 基线
Porsche 911 GT3 RS Coupe 2004,SD0,SD0,APPLIED,OUT_OF_SCOPE_UNCHANGED,本轮未重新核定，保持 public 基线
Porsche 911 GT3 RS Coupe 2007-2008,SD0,SD0,APPLIED,OUT_OF_SCOPE_UNCHANGED,本轮未重新核定，保持 public 基线
Porsche 911 GT3 RS Coupe 2010-2011,SD0,SD0,APPLIED,OUT_OF_SCOPE_UNCHANGED,本轮未重新核定，保持 public 基线
Porsche 911 GT3 RS Coupe 2016,SD0,SD0,APPLIED,OUT_OF_SCOPE_UNCHANGED,本轮未重新核定，保持 public 基线
Porsche 911 GT3 RS Coupe 2019,SD0,SD0,APPLIED,OUT_OF_SCOPE_UNCHANGED,本轮未重新核定，保持 public 基线
Porsche 911 GT3 RS Coupe 2025,SD0,SD0,APPLIED,OUT_OF_SCOPE_UNCHANGED,本轮未重新核定，保持 public 基线
Porsche 911 GT3/GT3 RS Coupe 2022-2024,SD0,SD0,APPLIED,OUT_OF_SCOPE_UNCHANGED,本轮未重新核定，保持 public 基线
Porsche 911 Speedster Convertible 2019,SD0,SD0,APPLIED,OUT_OF_SCOPE_UNCHANGED,本轮未重新核定，保持 public 基线
Porsche 911 Turbo Coupe 1976-1980,SD0,SD0,APPLIED,OUT_OF_SCOPE_UNCHANGED,本轮未重新核定，保持 public 基线
Porsche 911 Turbo Coupe 1986-1989,SD0,SD0,APPLIED,OUT_OF_SCOPE_UNCHANGED,本轮未重新核定，保持 public 基线
Porsche 911 Turbo Coupe 1991-1994,SD0,SD0,APPLIED,OUT_OF_SCOPE_UNCHANGED,本轮未重新核定，保持 public 基线
Porsche 911 Turbo Coupe 1996-1998,SD0,SD0,APPLIED,OUT_OF_SCOPE_UNCHANGED,本轮未重新核定，保持 public 基线
Porsche 911 Turbo Coupe 2001-2005,SD0,SD0,APPLIED,OUT_OF_SCOPE_UNCHANGED,本轮未重新核定，保持 public 基线
Porsche 911 Turbo Coupe 2007-2012,SD0,SD0,APPLIED,OUT_OF_SCOPE_UNCHANGED,本轮未重新核定，保持 public 基线
Porsche 911 Turbo Coupe 2014-2019,SD0,SD0,APPLIED,OUT_OF_SCOPE_UNCHANGED,本轮未重新核定，保持 public 基线
Porsche 911 Turbo Coupe 2021-2024,SD0,SD0,APPLIED,OUT_OF_SCOPE_UNCHANGED,本轮未重新核定，保持 public 基线
Porsche 911 Turbo Coupe 2025-2026,SD0,SD0,APPLIED,OUT_OF_SCOPE_UNCHANGED,本轮未重新核定，保持 public 基线
Porsche 912 Coupe 1965-1969,SD0,SD0,APPLIED,OUT_OF_SCOPE_UNCHANGED,本轮未重新核定，保持 public 基线
Porsche 912 912E Coupe 1976,SD0,SD0,APPLIED,OUT_OF_SCOPE_UNCHANGED,本轮未重新核定，保持 public 基线
Porsche Boxster Coupe 1997-2004,SD0,SD0,APPLIED,OUT_OF_SCOPE_UNCHANGED,本轮未重新核定，保持 public 基线
Porsche Boxster Coupe 2005-2012,SD0,SD0,APPLIED,OUT_OF_SCOPE_UNCHANGED,本轮未重新核定，保持 public 基线
Porsche Boxster Coupe 2013,SD0,SD0,APPLIED,OUT_OF_SCOPE_UNCHANGED,本轮未重新核定，保持 public 基线
Porsche Boxster Convertible 2013-2016,SD0,SD0,APPLIED,OUT_OF_SCOPE_UNCHANGED,本轮未重新核定，保持 public 基线
Porsche Boxster Coupe 2014-2015,SD0,SD0,APPLIED,OUT_OF_SCOPE_UNCHANGED,本轮未重新核定，保持 public 基线
Porsche Boxster Coupe 2017-2025,SD0,SD0,APPLIED,OUT_OF_SCOPE_UNCHANGED,本轮未重新核定，保持 public 基线
Porsche Boxster Convertible 2020,SD0,SD0,APPLIED,OUT_OF_SCOPE_UNCHANGED,本轮未重新核定，保持 public 基线
Porsche Boxster Convertible 2021-2023,SD0,SD0,APPLIED,OUT_OF_SCOPE_UNCHANGED,本轮未重新核定，保持 public 基线
Porsche Boxster Convertible 2024,SD0,SD0,APPLIED,OUT_OF_SCOPE_UNCHANGED,本轮未重新核定，保持 public 基线
Porsche Boxster Convertible 2025,SD0,SD0,APPLIED,OUT_OF_SCOPE_UNCHANGED,本轮未重新核定，保持 public 基线
Porsche Cayenne SUV 2003-2006,SU1,SU1,APPLIED,SUV_TAPER_REVIEW,详见 suv_audit.csv
Porsche Cayenne SUV 2008-2010,SU1,SU1,APPLIED,SUV_TAPER_REVIEW,详见 suv_audit.csv
Porsche Cayenne SUV 2011-2018,SU1,SU1,APPLIED,SUV_TAPER_REVIEW,详见 suv_audit.csv
Porsche Cayenne SUV 2019,SU1,SU1,APPLIED,SUV_TAPER_REVIEW,详见 suv_audit.csv
Porsche Cayenne Coupe 2019-2023,SU0,SU1,APPLIED,SUV_TAPER_REVIEW,详见 suv_audit.csv
Porsche Cayenne Coupe 2024-2026,SU0,SU1,APPLIED,SUV_TAPER_REVIEW,详见 suv_audit.csv
Porsche Cayenne SUV 2025-2026,SU1,SU1,APPLIED,SUV_TAPER_REVIEW,详见 suv_audit.csv
Porsche Cayman Coupe 2009-2011,SD0,SD0,APPLIED,OUT_OF_SCOPE_UNCHANGED,本轮未重新核定，保持 public 基线
Porsche Cayman Coupe 2012,SD0,SD0,APPLIED,OUT_OF_SCOPE_UNCHANGED,本轮未重新核定，保持 public 基线
Porsche Cayman Coupe 2014-2016,SD0,SD0,APPLIED,OUT_OF_SCOPE_UNCHANGED,本轮未重新核定，保持 public 基线
Porsche Cayman Coupe 2017-2025,SD0,SD0,APPLIED,OUT_OF_SCOPE_UNCHANGED,本轮未重新核定，保持 public 基线
Porsche Macan SUV 2015-2018,SU1,SU0,APPLIED,SUV_TAPER_REVIEW,详见 suv_audit.csv
Porsche Macan SUV 2019-2025,SU1,SU0,APPLIED,SUV_TAPER_REVIEW,详见 suv_audit.csv
Porsche Macan SUV 2026,SU1,SU0,APPLIED,SUV_TAPER_REVIEW,详见 suv_audit.csv
Porsche Panamera Hatchback 2010-2013,SD1,SD1,APPLIED,OUT_OF_SCOPE_UNCHANGED,本轮未重新核定，保持 public 基线
Porsche Panamera Hatchback 2014-2016,SD1,SD1,APPLIED,OUT_OF_SCOPE_UNCHANGED,本轮未重新核定，保持 public 基线
Porsche Panamera Liftback 2017-2023,SD1,SD1,APPLIED,OUT_OF_SCOPE_UNCHANGED,本轮未重新核定，保持 public 基线
Porsche Panamera Liftback 2024-2026,SD1,SD1,APPLIED,OUT_OF_SCOPE_UNCHANGED,本轮未重新核定，保持 public 基线
Porsche Panamera Executive LWB Liftback 2014-2016,SD1,SD1,APPLIED,OUT_OF_SCOPE_UNCHANGED,本轮未重新核定，保持 public 基线
Porsche Panamera Executive LWB Liftback 2017-2023,SD1,SD1,APPLIED,OUT_OF_SCOPE_UNCHANGED,本轮未重新核定，保持 public 基线
Porsche Panamera Sport Turismo Wagon 2018-2023,H2,H2,APPLIED,OUT_OF_SCOPE_UNCHANGED,本轮未重新核定，保持 public 基线
Porsche Taycan Sedan 2020-2024,SD0,SD0,APPLIED,OUT_OF_SCOPE_UNCHANGED,本轮未重新核定，保持 public 基线
Porsche Taycan Sedan 2025-2026,SD0,SD0,APPLIED,OUT_OF_SCOPE_UNCHANGED,本轮未重新核定，保持 public 基线
Porsche Taycan Wagon 2025-2026,H2,H2,APPLIED,OUT_OF_SCOPE_UNCHANGED,本轮未重新核定，保持 public 基线
Porsche Taycan Cross Turismo Wagon 2021-2024,H2,H2,APPLIED,OUT_OF_SCOPE_UNCHANGED,本轮未重新核定，保持 public 基线
Porsche Taycan Sport Turismo Wagon 2022-2024,H2,H2,APPLIED,OUT_OF_SCOPE_UNCHANGED,本轮未重新核定，保持 public 基线
Porsche Taycan Turbo GT Sedan 2025-2026,SD0,SD0,APPLIED,OUT_OF_SCOPE_UNCHANGED,本轮未重新核定，保持 public 基线
Ram 1500 Pickup 1994-1998 Club/Quad 6.4,P0,P0,APPLIED,OUT_OF_SCOPE_UNCHANGED,本轮未重新核定，保持 public 基线
Ram 1500 Pickup 1994-2001 Regular 6.4,P0,P0,APPLIED,OUT_OF_SCOPE_UNCHANGED,本轮未重新核定，保持 public 基线
Ram 1500 Pickup 1997-2001 Regular 8,P0,P0,APPLIED,OUT_OF_SCOPE_UNCHANGED,本轮未重新核定，保持 public 基线
Ram 1500 Pickup 2002-2008 Quad 6.4,P0,P0,APPLIED,OUT_OF_SCOPE_UNCHANGED,本轮未重新核定，保持 public 基线
Ram 1500 Pickup 2002-2008 Regular 6.4,P0,P0,APPLIED,OUT_OF_SCOPE_UNCHANGED,本轮未重新核定，保持 public 基线
Ram 1500 Pickup 2005-2007 Regular 8,P0,P0,APPLIED,OUT_OF_SCOPE_UNCHANGED,本轮未重新核定，保持 public 基线
Ram 1500 Pickup 2009-2018 Crew 6.4,P0,P0,APPLIED,OUT_OF_SCOPE_UNCHANGED,本轮未重新核定，保持 public 基线
Ram 1500 Pickup 2009-2018 Quad 6.4,P0,P0,APPLIED,OUT_OF_SCOPE_UNCHANGED,本轮未重新核定，保持 public 基线
Ram 1500 Pickup 2009-2018 Regular 6.4,P0,P0,APPLIED,OUT_OF_SCOPE_UNCHANGED,本轮未重新核定，保持 public 基线
Ram 1500 Pickup 2009-2018 Regular 8,P0,P0,APPLIED,OUT_OF_SCOPE_UNCHANGED,本轮未重新核定，保持 public 基线
Ram 1500 Pickup 2011-2012 Crew 5.6,P0,P0,APPLIED,OUT_OF_SCOPE_UNCHANGED,本轮未重新核定，保持 public 基线
Ram 1500 Pickup 2014-2018 Crew 5.6,P0,P0,APPLIED,OUT_OF_SCOPE_UNCHANGED,本轮未重新核定，保持 public 基线
Ram 1500 Pickup 2019-2026 Crew 5.6,P0,P0,APPLIED,OUT_OF_SCOPE_UNCHANGED,本轮未重新核定，保持 public 基线
Ram 1500 Pickup 2019-2026 Crew 6.4,P0,P0,APPLIED,OUT_OF_SCOPE_UNCHANGED,本轮未重新核定，保持 public 基线
Ram 1500 Pickup 2019-2026 Quad 6.4,P0,P0,APPLIED,OUT_OF_SCOPE_UNCHANGED,本轮未重新核定，保持 public 基线
Ram 1500 RHO Pickup 2025-2026 Crew 5.6,P2,P2,APPLIED,OUT_OF_SCOPE_UNCHANGED,本轮未重新核定，保持 public 基线
Ram 1500 TRX Pickup 2021-2024 Crew 5.6,P2,P2,APPLIED,OUT_OF_SCOPE_UNCHANGED,本轮未重新核定，保持 public 基线
Ram 1500 Classic Pickup 2019-2023 Crew 5.6,P0,P0,APPLIED,OUT_OF_SCOPE_UNCHANGED,本轮未重新核定，保持 public 基线
Ram 2500/3500 Pickup 1994-2002 Crew 6.4,P0,P0,APPLIED,OUT_OF_SCOPE_UNCHANGED,本轮未重新核定，保持 public 基线
Ram 2500/3500 Pickup 1994-2002 Quad 8,P0,P0,APPLIED,OUT_OF_SCOPE_UNCHANGED,本轮未重新核定，保持 public 基线
Ram 2500/3500 Pickup 1994-2002 Regular 8,P0,P0,APPLIED,OUT_OF_SCOPE_UNCHANGED,本轮未重新核定，保持 public 基线
Ram 2500/3500 Pickup 2003-2009 Crew 6.4,P0,P0,APPLIED,OUT_OF_SCOPE_UNCHANGED,本轮未重新核定，保持 public 基线
Ram 2500/3500 Pickup 2003-2009 Quad 8,P0,P0,APPLIED,OUT_OF_SCOPE_UNCHANGED,本轮未重新核定，保持 public 基线
Ram 2500/3500 Pickup 2003-2009 Regular 8,P0,P0,APPLIED,OUT_OF_SCOPE_UNCHANGED,本轮未重新核定，保持 public 基线
Ram 2500/3500 Pickup 2006-2009 Mega 6.4,P0,P0,APPLIED,OUT_OF_SCOPE_UNCHANGED,本轮未重新核定，保持 public 基线
Ram 2500/3500 Pickup 2010-2018 Crew 6.4,P0,P0,APPLIED,OUT_OF_SCOPE_UNCHANGED,本轮未重新核定，保持 public 基线
Ram 2500/3500 Pickup 2010-2018 Crew 8,P0,P0,APPLIED,OUT_OF_SCOPE_UNCHANGED,本轮未重新核定，保持 public 基线
Ram 2500/3500 Pickup 2010-2018 Mega 6.4,P0,P0,APPLIED,OUT_OF_SCOPE_UNCHANGED,本轮未重新核定，保持 public 基线
Ram 2500/3500 Pickup 2010-2018 Regular 8,P0,P0,APPLIED,OUT_OF_SCOPE_UNCHANGED,本轮未重新核定，保持 public 基线
Ram 2500/3500 Pickup 2019-2026 Crew 6.4,P0,P0,APPLIED,OUT_OF_SCOPE_UNCHANGED,本轮未重新核定，保持 public 基线
Ram 2500/3500 Pickup 2019-2026 Crew 8,P0,P0,APPLIED,OUT_OF_SCOPE_UNCHANGED,本轮未重新核定，保持 public 基线
Ram 2500/3500 Pickup 2019-2026 Mega 6.4,P0,P0,APPLIED,OUT_OF_SCOPE_UNCHANGED,本轮未重新核定，保持 public 基线
Ram 2500/3500 Pickup 2019-2026 Regular 8,P0,P0,APPLIED,OUT_OF_SCOPE_UNCHANGED,本轮未重新核定，保持 public 基线
Rivian R1S SUV 2022-2026,SU2,SU2,APPLIED,SUV_TAPER_REVIEW,详见 suv_audit.csv
Rivian R1T Pickup 2025-2026 Crew 4.5,P0,P0,APPLIED,OUT_OF_SCOPE_UNCHANGED,本轮未重新核定，保持 public 基线
Rivian R1T Dual/Quad/Adventure Pickup 2022 Crew 4.5,P0,P0,APPLIED,OUT_OF_SCOPE_UNCHANGED,本轮未重新核定，保持 public 基线
Rivian R1T Dual/Quad/Adventure Pickup 2023-2024 Crew 4.5,P0,P0,APPLIED,OUT_OF_SCOPE_UNCHANGED,本轮未重新核定，保持 public 基线
Saab 9-3 Convertible 1999-2011,SD1,SD1,APPLIED,OUT_OF_SCOPE_UNCHANGED,本轮未重新核定，保持 public 基线
Saab 9-3 Sedan 1999-2011,SD1,SD1,APPLIED,OUT_OF_SCOPE_UNCHANGED,本轮未重新核定，保持 public 基线
Saab 9-3 Wagon 2006-2011,H2,H2,APPLIED,OUT_OF_SCOPE_UNCHANGED,本轮未重新核定，保持 public 基线
Saab 9-5 Sedan 1999-2009,SD1,SD1,APPLIED,OUT_OF_SCOPE_UNCHANGED,本轮未重新核定，保持 public 基线
Saab 9-5 Wagon 1999-2009,H2,H2,APPLIED,OUT_OF_SCOPE_UNCHANGED,本轮未重新核定，保持 public 基线
Saab 9-5 Sedan 2010-2011,SD1,SD1,APPLIED,OUT_OF_SCOPE_UNCHANGED,本轮未重新核定，保持 public 基线
Saab 900 Hatchback 1979-1993,H0,H0,APPLIED,OUT_OF_SCOPE_UNCHANGED,本轮未重新核定，保持 public 基线
Saab 900 Convertible 1986-1993,SD0,SD0,APPLIED,OUT_OF_SCOPE_UNCHANGED,本轮未重新核定，保持 public 基线
Saab 900 Convertible 1994-1998,SD0,SD0,APPLIED,OUT_OF_SCOPE_UNCHANGED,本轮未重新核定，保持 public 基线
Saab 900 Hatchback 1994-1998,H0,H0,APPLIED,OUT_OF_SCOPE_UNCHANGED,本轮未重新核定，保持 public 基线
Saturn Astra Hatchback 2008-2009,H0,H0,APPLIED,OUT_OF_SCOPE_UNCHANGED,本轮未重新核定，保持 public 基线
Saturn Aura Sedan 2007-2009,SD1,SD1,APPLIED,OUT_OF_SCOPE_UNCHANGED,本轮未重新核定，保持 public 基线
Saturn Ion Coupe 2003-2007,SD1,SD1,APPLIED,OUT_OF_SCOPE_UNCHANGED,本轮未重新核定，保持 public 基线
Saturn Ion Sedan 2003-2007,SD1,SD1,APPLIED,OUT_OF_SCOPE_UNCHANGED,本轮未重新核定，保持 public 基线
Saturn L-Series Wagon 2000-2004,H2,H2,APPLIED,OUT_OF_SCOPE_UNCHANGED,本轮未重新核定，保持 public 基线
Saturn L-Series Sedan 2000-2005,SD1,SD1,APPLIED,OUT_OF_SCOPE_UNCHANGED,本轮未重新核定，保持 public 基线
Saturn Outlook SUV 2007-2010,SU1,SU1,APPLIED,SUV_TAPER_REVIEW,详见 suv_audit.csv
Saturn S-Series Coupe 1991-1993,SD1,SD1,APPLIED,OUT_OF_SCOPE_UNCHANGED,本轮未重新核定，保持 public 基线
Saturn S-Series Sedan 1991-1993,SD1,SD1,APPLIED,OUT_OF_SCOPE_UNCHANGED,本轮未重新核定，保持 public 基线
Saturn S-Series Wagon 1993-1995,H2,H2,APPLIED,OUT_OF_SCOPE_UNCHANGED,本轮未重新核定，保持 public 基线
Saturn S-Series Coupe 1995-1996,SD1,SD1,APPLIED,OUT_OF_SCOPE_UNCHANGED,本轮未重新核定，保持 public 基线
Saturn S-Series Sedan 1996,SD1,SD1,APPLIED,OUT_OF_SCOPE_UNCHANGED,本轮未重新核定，保持 public 基线
Saturn S-Series Wagon 1996-1997,H2,H2,APPLIED,OUT_OF_SCOPE_UNCHANGED,本轮未重新核定，保持 public 基线
Saturn S-Series Coupe 1997,SD1,SD1,APPLIED,OUT_OF_SCOPE_UNCHANGED,本轮未重新核定，保持 public 基线
Saturn S-Series Sedan 1997,SD1,SD1,APPLIED,OUT_OF_SCOPE_UNCHANGED,本轮未重新核定，保持 public 基线
Saturn S-Series Coupe 1998-1999,SD1,SD1,APPLIED,OUT_OF_SCOPE_UNCHANGED,本轮未重新核定，保持 public 基线
Saturn S-Series Sedan 1998-1999,SD1,SD1,APPLIED,OUT_OF_SCOPE_UNCHANGED,本轮未重新核定，保持 public 基线
Saturn S-Series Wagon 1998-2001,H2,H2,APPLIED,OUT_OF_SCOPE_UNCHANGED,本轮未重新核定，保持 public 基线
Saturn S-Series Coupe 2000-2002,SD1,SD1,APPLIED,OUT_OF_SCOPE_UNCHANGED,本轮未重新核定，保持 public 基线
Saturn S-Series Sedan 2000-2002,SD1,SD1,APPLIED,OUT_OF_SCOPE_UNCHANGED,本轮未重新核定，保持 public 基线
Saturn Sky Convertible 2007-2010,SD0,SD0,APPLIED,OUT_OF_SCOPE_UNCHANGED,本轮未重新核定，保持 public 基线
Saturn Vue SUV 2002-2006,SU2,SU2,APPLIED,SUV_TAPER_REVIEW,详见 suv_audit.csv
Saturn Vue SUV 2007,SU2,SU2,APPLIED,SUV_TAPER_REVIEW,详见 suv_audit.csv
Saturn Vue SUV 2008-2010,SU1,SU1,APPLIED,SUV_TAPER_REVIEW,详见 suv_audit.csv
Scion FR-S Coupe 2013-2016,SD0,SD0,APPLIED,OUT_OF_SCOPE_UNCHANGED,本轮未重新核定，保持 public 基线
Scion XA Hatchback 2004-2006,H0,H0,APPLIED,OUT_OF_SCOPE_UNCHANGED,本轮未重新核定，保持 public 基线
Scion iA Sedan 2016,SD1,SD1,APPLIED,OUT_OF_SCOPE_UNCHANGED,本轮未重新核定，保持 public 基线
Scion iM Hatchback 2016,H0,H0,APPLIED,OUT_OF_SCOPE_UNCHANGED,本轮未重新核定，保持 public 基线
Scion iQ Hatchback 2012-2015,H1,H1,APPLIED,OUT_OF_SCOPE_UNCHANGED,本轮未重新核定，保持 public 基线
Scion tC Coupe 2005-2010,SD0,SD0,APPLIED,OUT_OF_SCOPE_UNCHANGED,本轮未重新核定，保持 public 基线
Scion tC Coupe 2011-2013,SD0,SD0,APPLIED,OUT_OF_SCOPE_UNCHANGED,本轮未重新核定，保持 public 基线
Scion tC Coupe 2014-2016,SD0,SD0,APPLIED,OUT_OF_SCOPE_UNCHANGED,本轮未重新核定，保持 public 基线
Scion xB Hatchback 2004-2006,H1,H1,APPLIED,OUT_OF_SCOPE_UNCHANGED,本轮未重新核定，保持 public 基线
Scion xB Wagon 2008-2010,H1,H1,APPLIED,OUT_OF_SCOPE_UNCHANGED,本轮未重新核定，保持 public 基线
Scion xB Hatchback 2011-2014,H1,H1,APPLIED,OUT_OF_SCOPE_UNCHANGED,本轮未重新核定，保持 public 基线
Scion xB Hatchback 2015,H1,H1,APPLIED,OUT_OF_SCOPE_UNCHANGED,本轮未重新核定，保持 public 基线
Scion xD Hatchback 2008-2010,H0,H0,APPLIED,OUT_OF_SCOPE_UNCHANGED,本轮未重新核定，保持 public 基线
Scion xD Hatchback 2011-2014,H0,H0,APPLIED,OUT_OF_SCOPE_UNCHANGED,本轮未重新核定，保持 public 基线
Subaru Ascent SUV 2019-2026,SU1,SU1,APPLIED,SUV_TAPER_REVIEW,详见 suv_audit.csv
Subaru BRZ Coupe 2013-2020,SD0,SD0,APPLIED,OUT_OF_SCOPE_UNCHANGED,本轮未重新核定，保持 public 基线
Subaru Crosstrek Crossover 2013-2017,SU1,SU1,APPLIED,SUV_TAPER_REVIEW,详见 suv_audit.csv
Subaru Crosstrek Crossover 2018-2023,SU1,SU1,APPLIED,SUV_TAPER_REVIEW,详见 suv_audit.csv
Subaru Crosstrek Wilderness Crossover 2024-2026,SU1,SU1,APPLIED,SUV_TAPER_REVIEW,详见 suv_audit.csv
Subaru Forester SUV 1998-2002,SU2,SU2,APPLIED,SUV_TAPER_REVIEW,详见 suv_audit.csv
Subaru Forester SUV 2003-2008,SU2,SU2,APPLIED,SUV_TAPER_REVIEW,详见 suv_audit.csv
Subaru Forester SUV 2009-2013,SU2,SU2,APPLIED,SUV_TAPER_REVIEW,详见 suv_audit.csv
Subaru Forester SUV 2014-2018,SU1,SU1,APPLIED,SUV_TAPER_REVIEW,详见 suv_audit.csv
Subaru Forester SUV 2019-2021,SU1,SU1,APPLIED,SUV_TAPER_REVIEW,详见 suv_audit.csv
Subaru Forester SUV 2025,SU1,SU1,APPLIED,SUV_TAPER_REVIEW,详见 suv_audit.csv
Subaru Forester Wilderness SUV 2022-2024,SU1,SU1,APPLIED,SUV_TAPER_REVIEW,详见 suv_audit.csv
Subaru Forester Wilderness SUV 2026,SU1,SU1,APPLIED,SUV_TAPER_REVIEW,详见 suv_audit.csv
Subaru Impreza Sedan 1993-1994,SD1,SD1,APPLIED,OUT_OF_SCOPE_UNCHANGED,本轮未重新核定，保持 public 基线
Subaru Impreza Wagon 1993-1996,H2,H2,APPLIED,OUT_OF_SCOPE_UNCHANGED,本轮未重新核定，保持 public 基线
Subaru Impreza Coupe 1995-2001,SD1,SD1,APPLIED,OUT_OF_SCOPE_UNCHANGED,本轮未重新核定，保持 public 基线
Subaru Impreza Sedan 1995-2001,SD1,SD1,APPLIED,OUT_OF_SCOPE_UNCHANGED,本轮未重新核定，保持 public 基线
Subaru Impreza Sedan 2002-2007,SD1,SD1,APPLIED,OUT_OF_SCOPE_UNCHANGED,本轮未重新核定，保持 public 基线
Subaru Impreza Wagon 2002-2007,H2,H2,APPLIED,OUT_OF_SCOPE_UNCHANGED,本轮未重新核定，保持 public 基线
Subaru Impreza Hatchback 2008-2011,H0,H0,APPLIED,OUT_OF_SCOPE_UNCHANGED,本轮未重新核定，保持 public 基线
Subaru Impreza Sedan 2008-2011,SD1,SD1,APPLIED,OUT_OF_SCOPE_UNCHANGED,本轮未重新核定，保持 public 基线
Subaru Impreza Hatchback 2012-2016,H0,H0,APPLIED,OUT_OF_SCOPE_UNCHANGED,本轮未重新核定，保持 public 基线
Subaru Impreza Sedan 2012-2016,SD1,SD1,APPLIED,OUT_OF_SCOPE_UNCHANGED,本轮未重新核定，保持 public 基线
Subaru Impreza Hatchback 2017-2023,H0,H0,APPLIED,OUT_OF_SCOPE_UNCHANGED,本轮未重新核定，保持 public 基线
Subaru Impreza Sedan 2017-2023,SD1,SD1,APPLIED,OUT_OF_SCOPE_UNCHANGED,本轮未重新核定，保持 public 基线
Subaru Impreza Hatchback 2024-2026,H0,H0,APPLIED,OUT_OF_SCOPE_UNCHANGED,本轮未重新核定，保持 public 基线
Subaru Impreza Outback Sport Wagon 1997-2001,H2,H2,APPLIED,OUT_OF_SCOPE_UNCHANGED,本轮未重新核定，保持 public 基线
Subaru Legacy Sedan 1990-1991,SD1,SD1,APPLIED,OUT_OF_SCOPE_UNCHANGED,本轮未重新核定，保持 public 基线
Subaru Legacy Wagon 1990-1991,H2,H2,APPLIED,OUT_OF_SCOPE_UNCHANGED,本轮未重新核定，保持 public 基线
Subaru Legacy Sedan 1992-1994,SD1,SD1,APPLIED,OUT_OF_SCOPE_UNCHANGED,本轮未重新核定，保持 public 基线
Subaru Legacy Wagon 1992-1994,H2,H2,APPLIED,OUT_OF_SCOPE_UNCHANGED,本轮未重新核定，保持 public 基线
Subaru Legacy Wagon 1995-1999,H2,H2,APPLIED,OUT_OF_SCOPE_UNCHANGED,本轮未重新核定，保持 public 基线
Subaru Legacy Sedan 1997-1999,SD1,SD1,APPLIED,OUT_OF_SCOPE_UNCHANGED,本轮未重新核定，保持 public 基线
Subaru Legacy Sedan 2000-2004,SD1,SD1,APPLIED,OUT_OF_SCOPE_UNCHANGED,本轮未重新核定，保持 public 基线
Subaru Legacy Wagon 2000-2004,H2,H2,APPLIED,OUT_OF_SCOPE_UNCHANGED,本轮未重新核定，保持 public 基线
Subaru Legacy Wagon 2005-2007,H2,H2,APPLIED,OUT_OF_SCOPE_UNCHANGED,本轮未重新核定，保持 public 基线
Subaru Legacy Sedan 2005-2008,SD1,SD1,APPLIED,OUT_OF_SCOPE_UNCHANGED,本轮未重新核定，保持 public 基线
Subaru Legacy Sedan 2009,SD1,SD1,APPLIED,OUT_OF_SCOPE_UNCHANGED,本轮未重新核定，保持 public 基线
Subaru Legacy Sedan 2010-2014,SD1,SD1,APPLIED,OUT_OF_SCOPE_UNCHANGED,本轮未重新核定，保持 public 基线
Subaru Legacy Sedan 2015-2019,SD1,SD1,APPLIED,OUT_OF_SCOPE_UNCHANGED,本轮未重新核定，保持 public 基线
Subaru Legacy Sedan 2020-2025,SD1,SD1,APPLIED,OUT_OF_SCOPE_UNCHANGED,本轮未重新核定，保持 public 基线
Subaru Outback Wagon 1995-1999,H2,H2,APPLIED,OUT_OF_SCOPE_UNCHANGED,本轮未重新核定，保持 public 基线
Subaru Outback Wagon 2000-2004,H2,H2,APPLIED,OUT_OF_SCOPE_UNCHANGED,本轮未重新核定，保持 public 基线
Subaru Outback Wagon 2005-2009,H2,H2,APPLIED,OUT_OF_SCOPE_UNCHANGED,本轮未重新核定，保持 public 基线
Subaru Outback Hatchback 2010-2014,H0,H0,APPLIED,OUT_OF_SCOPE_UNCHANGED,本轮未重新核定，保持 public 基线
Subaru Outback Hatchback 2015-2019,H0,H0,APPLIED,OUT_OF_SCOPE_UNCHANGED,本轮未重新核定，保持 public 基线
Subaru Outback Hatchback 2026,SU2,SU2,APPLIED,OUT_OF_SCOPE_UNCHANGED,本轮未重新核定，保持 public 基线
Subaru Outback Wilderness Wagon 2020-2024,H2,H2,APPLIED,OUT_OF_SCOPE_UNCHANGED,本轮未重新核定，保持 public 基线
Subaru Outback Wilderness Wagon 2025,H2,H2,APPLIED,OUT_OF_SCOPE_UNCHANGED,本轮未重新核定，保持 public 基线
Subaru Outback Sport Wagon 1995-2001,H2,H2,APPLIED,OUT_OF_SCOPE_UNCHANGED,本轮未重新核定，保持 public 基线
Subaru Outback Sport Outback Sport Wagon 2001,H2,H2,APPLIED,OUT_OF_SCOPE_UNCHANGED,本轮未重新核定，保持 public 基线
Subaru Outback Sport Outback Sport Wagon 2002-2003,H2,H2,APPLIED,OUT_OF_SCOPE_UNCHANGED,本轮未重新核定，保持 public 基线
Subaru Outback Sport Outback Sport Wagon 2004,H2,H2,APPLIED,OUT_OF_SCOPE_UNCHANGED,本轮未重新核定，保持 public 基线
Subaru Outback Sport Outback Sport Wagon 2005,H2,H2,APPLIED,OUT_OF_SCOPE_UNCHANGED,本轮未重新核定，保持 public 基线
Subaru Outback Sport Outback Sport Wagon 2006,H2,H2,APPLIED,OUT_OF_SCOPE_UNCHANGED,本轮未重新核定，保持 public 基线
Subaru Outback Sport Outback Sport Wagon 2007,H2,H2,APPLIED,OUT_OF_SCOPE_UNCHANGED,本轮未重新核定，保持 public 基线
Subaru Outback Sport Outback Sport Hatchback 2008-2011,H0,H0,APPLIED,OUT_OF_SCOPE_UNCHANGED,本轮未重新核定，保持 public 基线
Subaru Solterra SUV 2023-2026,SU1,SU1,APPLIED,SUV_TAPER_REVIEW,详见 suv_audit.csv
Subaru Tribeca SUV 2006-2014,SU1,SU1,APPLIED,SUV_TAPER_REVIEW,详见 suv_audit.csv
Subaru WRX WRX Sedan 2002,SD1,SD1,APPLIED,OUT_OF_SCOPE_UNCHANGED,本轮未重新核定，保持 public 基线
Subaru WRX WRX Wagon 2002-2003,H2,H2,APPLIED,OUT_OF_SCOPE_UNCHANGED,本轮未重新核定，保持 public 基线
Subaru WRX WRX Sedan 2022-2026,SD1,SD1,APPLIED,OUT_OF_SCOPE_UNCHANGED,本轮未重新核定，保持 public 基线
Subaru WRX WRX/STI Sedan 2002-2003,SD1,SD1,APPLIED,OUT_OF_SCOPE_UNCHANGED,本轮未重新核定，保持 public 基线
Subaru WRX WRX/STI Sedan 2004-2007,SD1,SD1,APPLIED,OUT_OF_SCOPE_UNCHANGED,本轮未重新核定，保持 public 基线
Subaru WRX WRX/STI Hatchback 2008-2014,H0,H0,APPLIED,OUT_OF_SCOPE_UNCHANGED,本轮未重新核定，保持 public 基线
Subaru WRX WRX/STI Sedan 2008-2014,SD1,SD1,APPLIED,OUT_OF_SCOPE_UNCHANGED,本轮未重新核定，保持 public 基线
Subaru WRX WRX/STI Sedan 2015-2021,SD1,SD1,APPLIED,OUT_OF_SCOPE_UNCHANGED,本轮未重新核定，保持 public 基线
Suzuki Aerio Wagon 2002-2005,H2,H2,APPLIED,OUT_OF_SCOPE_UNCHANGED,本轮未重新核定，保持 public 基线
Suzuki Aerio Sedan 2002-2007,SD1,SD1,APPLIED,OUT_OF_SCOPE_UNCHANGED,本轮未重新核定，保持 public 基线
Suzuki Forenza Sedan 2004-2008,SD1,SD1,APPLIED,OUT_OF_SCOPE_UNCHANGED,本轮未重新核定，保持 public 基线
Suzuki Forenza Wagon 2004-2008,H2,H2,APPLIED,OUT_OF_SCOPE_UNCHANGED,本轮未重新核定，保持 public 基线
Suzuki Grand Vitara SUV 1999-2000,SU1,SU1,APPLIED,SUV_TAPER_REVIEW,详见 suv_audit.csv
Suzuki Grand Vitara SUV 2001,SU1,SU1,APPLIED,SUV_TAPER_REVIEW,详见 suv_audit.csv
Suzuki Grand Vitara SUV 2002-2003,SU1,SU1,APPLIED,SUV_TAPER_REVIEW,详见 suv_audit.csv
Suzuki Grand Vitara SUV 2004,SU1,SU1,APPLIED,SUV_TAPER_REVIEW,详见 suv_audit.csv
Suzuki Grand Vitara SUV 2005,SU1,SU1,APPLIED,SUV_TAPER_REVIEW,详见 suv_audit.csv
Suzuki Grand Vitara SUV 2006,SU1,SU1,APPLIED,SUV_TAPER_REVIEW,详见 suv_audit.csv
Suzuki Grand Vitara SUV 2007-2008,SU1,SU1,APPLIED,SUV_TAPER_REVIEW,详见 suv_audit.csv
Suzuki Grand Vitara SUV 2009-2013,SU1,SU1,APPLIED,SUV_TAPER_REVIEW,详见 suv_audit.csv
Suzuki SX4 Hatchback 2007-2009,H0,H0,APPLIED,OUT_OF_SCOPE_UNCHANGED,本轮未重新核定，保持 public 基线
Suzuki SX4 Sedan 2008-2013,SD1,SD1,APPLIED,OUT_OF_SCOPE_UNCHANGED,本轮未重新核定，保持 public 基线
Suzuki SX4 Hatchback 2010,H0,H0,APPLIED,OUT_OF_SCOPE_UNCHANGED,本轮未重新核定，保持 public 基线
Suzuki SX4 Hatchback 2011,H0,H0,APPLIED,OUT_OF_SCOPE_UNCHANGED,本轮未重新核定，保持 public 基线
Suzuki SX4 Hatchback 2012-2013,H0,H0,APPLIED,OUT_OF_SCOPE_UNCHANGED,本轮未重新核定，保持 public 基线
Suzuki Sidekick SUV 1989-1991,SU2,SU2,APPLIED,SUV_TAPER_REVIEW,详见 suv_audit.csv
Suzuki Sidekick SUV 1992,SU2,SU2,APPLIED,SUV_TAPER_REVIEW,详见 suv_audit.csv
Suzuki Sidekick SUV 1993,SU2,SU2,APPLIED,SUV_TAPER_REVIEW,详见 suv_audit.csv
Suzuki Sidekick SUV 1994,SU2,SU2,APPLIED,SUV_TAPER_REVIEW,详见 suv_audit.csv
Suzuki Sidekick SUV 1995,SU2,SU2,APPLIED,SUV_TAPER_REVIEW,详见 suv_audit.csv
Suzuki Sidekick Sport SUV 1996-1998,SU2,SU2,APPLIED,SUV_TAPER_REVIEW,详见 suv_audit.csv
Suzuki XL7 SUV 2002-2003,SU1,SU1,APPLIED,SUV_TAPER_REVIEW,详见 suv_audit.csv
Suzuki XL7 SUV 2004-2005,SU1,SU1,APPLIED,SUV_TAPER_REVIEW,详见 suv_audit.csv
Suzuki XL7 SUV 2006,SU1,SU1,APPLIED,SUV_TAPER_REVIEW,详见 suv_audit.csv
Suzuki XL7 XL7 SUV 2007-2009,SU1,SU1,APPLIED,SUV_TAPER_REVIEW,详见 suv_audit.csv
Tesla Model 3 Sedan 2017-2023,SD1,SD1,APPLIED,OUT_OF_SCOPE_UNCHANGED,本轮未重新核定，保持 public 基线
Tesla Model 3 Sedan 2024-2026,SD1,SD1,APPLIED,OUT_OF_SCOPE_UNCHANGED,本轮未重新核定，保持 public 基线
Tesla Model S Hatchback 2012-2020,SD1,SD1,APPLIED,OUT_OF_SCOPE_UNCHANGED,本轮未重新核定，保持 public 基线
Tesla Model S Hatchback 2021-2026,SD1,SD1,APPLIED,OUT_OF_SCOPE_UNCHANGED,本轮未重新核定，保持 public 基线
Tesla Model X SUV 2016-2026,SU0,SU0,APPLIED,SUV_TAPER_REVIEW,详见 suv_audit.csv
Tesla Model Y Crossover 2020-2024,SU0,SU0,APPLIED,SUV_TAPER_REVIEW,详见 suv_audit.csv
Tesla Model Y Performance SUV 2025-2026,SU0,SU0,APPLIED,SUV_TAPER_REVIEW,详见 suv_audit.csv
Tesla Model Y L SUV 2026,SU1,SU0,APPLIED,SUV_TAPER_REVIEW,详见 suv_audit.csv
Toyota 4Runner SUV 1984-1989,SU2,SU2,APPLIED,SUV_TAPER_REVIEW,详见 suv_audit.csv
Toyota 4Runner SUV 1990-1995,SU2,SU2,APPLIED,SUV_TAPER_REVIEW,详见 suv_audit.csv
Toyota 4Runner SUV 1996-1998,SU2,SU2,APPLIED,SUV_TAPER_REVIEW,详见 suv_audit.csv
Toyota 4Runner SUV 1999-2002,SU2,SU2,APPLIED,SUV_TAPER_REVIEW,详见 suv_audit.csv
Toyota 4Runner SUV 2003-2005,SU2,SU2,APPLIED,SUV_TAPER_REVIEW,详见 suv_audit.csv
Toyota 4Runner SUV 2006-2009,SU2,SU2,APPLIED,SUV_TAPER_REVIEW,详见 suv_audit.csv
Toyota 4Runner SUV 2010-2013,SU2,SU2,APPLIED,SUV_TAPER_REVIEW,详见 suv_audit.csv
Toyota 4Runner SUV 2014-2024,SU2,SU2,APPLIED,SUV_TAPER_REVIEW,详见 suv_audit.csv
Toyota 4Runner SUV 2025-2026,SU2,SU2,APPLIED,SUV_TAPER_REVIEW,详见 suv_audit.csv
Toyota 86 Coupe 2017-2020,SD0,SD0,APPLIED,OUT_OF_SCOPE_UNCHANGED,本轮未重新核定，保持 public 基线
Toyota 86 Coupe 2022-2026,SD0,SD0,APPLIED,OUT_OF_SCOPE_UNCHANGED,本轮未重新核定，保持 public 基线
Toyota Avalon Sedan 1995-1999,SD1,SD1,APPLIED,OUT_OF_SCOPE_UNCHANGED,本轮未重新核定，保持 public 基线
Toyota Avalon Sedan 2000-2004,SD1,SD1,APPLIED,OUT_OF_SCOPE_UNCHANGED,本轮未重新核定，保持 public 基线
Toyota Avalon Sedan 2005-2012,SD1,SD1,APPLIED,OUT_OF_SCOPE_UNCHANGED,本轮未重新核定，保持 public 基线
Toyota Avalon Sedan 2013-2018,SD1,SD1,APPLIED,OUT_OF_SCOPE_UNCHANGED,本轮未重新核定，保持 public 基线
Toyota Avalon Sedan 2019-2022,SD1,SD1,APPLIED,OUT_OF_SCOPE_UNCHANGED,本轮未重新核定，保持 public 基线
Toyota C-HR Crossover 2018-2019,SU0,SU0,APPLIED,SUV_TAPER_REVIEW,详见 suv_audit.csv
Toyota C-HR Crossover 2020-2022,SU0,SU0,APPLIED,SUV_TAPER_REVIEW,详见 suv_audit.csv
Toyota Camry Hatchback 1983-1986,H0,H0,APPLIED,OUT_OF_SCOPE_UNCHANGED,本轮未重新核定，保持 public 基线
Toyota Camry Sedan 1983-1986,SD2,SD2,APPLIED,OUT_OF_SCOPE_UNCHANGED,本轮未重新核定，保持 public 基线
Toyota Camry Sedan 1987-1991,SD2,SD2,APPLIED,OUT_OF_SCOPE_UNCHANGED,本轮未重新核定，保持 public 基线
Toyota Camry Wagon 1987-1991,H3,H3,APPLIED,OUT_OF_SCOPE_UNCHANGED,本轮未重新核定，保持 public 基线
Toyota Camry Sedan 1992-1996,SD1,SD1,APPLIED,OUT_OF_SCOPE_UNCHANGED,本轮未重新核定，保持 public 基线
Toyota Camry Wagon 1992-1996,H2,H2,APPLIED,OUT_OF_SCOPE_UNCHANGED,本轮未重新核定，保持 public 基线
Toyota Camry Sedan 1997-2001,SD1,SD1,APPLIED,OUT_OF_SCOPE_UNCHANGED,本轮未重新核定，保持 public 基线
Toyota Camry Sedan 2002-2006,SD1,SD1,APPLIED,OUT_OF_SCOPE_UNCHANGED,本轮未重新核定，保持 public 基线
Toyota Camry Sedan 2007-2011,SD1,SD1,APPLIED,OUT_OF_SCOPE_UNCHANGED,本轮未重新核定，保持 public 基线
Toyota Camry Sedan 2012-2017,SD1,SD1,APPLIED,OUT_OF_SCOPE_UNCHANGED,本轮未重新核定，保持 public 基线
Toyota Camry Sedan 2018-2024,SD1,SD1,APPLIED,OUT_OF_SCOPE_UNCHANGED,本轮未重新核定，保持 public 基线
Toyota Camry Sedan 2025-2026,SD1,SD1,APPLIED,OUT_OF_SCOPE_UNCHANGED,本轮未重新核定，保持 public 基线
Toyota Celica Coupe 1971-1977,SD0,SD0,APPLIED,OUT_OF_SCOPE_UNCHANGED,本轮未重新核定，保持 public 基线
Toyota Celica Coupe 1978-1981,SD0,SD0,APPLIED,OUT_OF_SCOPE_UNCHANGED,本轮未重新核定，保持 public 基线
Toyota Celica Coupe 1982-1985,SD0,SD0,APPLIED,OUT_OF_SCOPE_UNCHANGED,本轮未重新核定，保持 public 基线
Toyota Celica Convertible 1994-1999,SD0,SD0,APPLIED,OUT_OF_SCOPE_UNCHANGED,本轮未重新核定，保持 public 基线
Toyota Celica Hatchback 2000-2005,SD0,SD0,APPLIED,OUT_OF_SCOPE_UNCHANGED,本轮未重新核定，保持 public 基线
Toyota Celica All-Trac Coupe 1986-1989,SD0,SD0,APPLIED,OUT_OF_SCOPE_UNCHANGED,本轮未重新核定，保持 public 基线
Toyota Celica All-Trac Coupe 1990-1993,SD0,SD0,APPLIED,OUT_OF_SCOPE_UNCHANGED,本轮未重新核定，保持 public 基线
Toyota Corolla Coupe 1968-1974,SD2,SD2,APPLIED,OUT_OF_SCOPE_UNCHANGED,本轮未重新核定，保持 public 基线
Toyota Corolla Sedan 1968-1974,SD2,SD2,APPLIED,OUT_OF_SCOPE_UNCHANGED,本轮未重新核定，保持 public 基线
Toyota Corolla Wagon 1968-1974,H3,H3,APPLIED,OUT_OF_SCOPE_UNCHANGED,本轮未重新核定，保持 public 基线
Toyota Corolla Sedan 1975-1979,SD2,SD2,APPLIED,OUT_OF_SCOPE_UNCHANGED,本轮未重新核定，保持 public 基线
Toyota Corolla Wagon 1975-1979,H3,H3,APPLIED,OUT_OF_SCOPE_UNCHANGED,本轮未重新核定，保持 public 基线
Toyota Corolla Coupe 1980-1983,SD2,SD2,APPLIED,OUT_OF_SCOPE_UNCHANGED,本轮未重新核定，保持 public 基线
Toyota Corolla Hatchback 1980-1983,H0,H0,APPLIED,OUT_OF_SCOPE_UNCHANGED,本轮未重新核定，保持 public 基线
Toyota Corolla Sedan 1980-1983,SD2,SD2,APPLIED,OUT_OF_SCOPE_UNCHANGED,本轮未重新核定，保持 public 基线
Toyota Corolla Wagon 1980-1983,H3,H3,APPLIED,OUT_OF_SCOPE_UNCHANGED,本轮未重新核定，保持 public 基线
Toyota Corolla Coupe 1984-1987,SD2,SD2,APPLIED,OUT_OF_SCOPE_UNCHANGED,本轮未重新核定，保持 public 基线
Toyota Corolla Hatchback 1984-1987,H0,H0,APPLIED,OUT_OF_SCOPE_UNCHANGED,本轮未重新核定，保持 public 基线
Toyota Corolla Sedan 1984-1987,SD2,SD2,APPLIED,OUT_OF_SCOPE_UNCHANGED,本轮未重新核定，保持 public 基线
Toyota Corolla Coupe 1988-1991,SD1,SD1,APPLIED,OUT_OF_SCOPE_UNCHANGED,本轮未重新核定，保持 public 基线
Toyota Corolla Sedan 1988-1992,SD1,SD1,APPLIED,OUT_OF_SCOPE_UNCHANGED,本轮未重新核定，保持 public 基线
Toyota Corolla Wagon 1988-1992,H3,H3,APPLIED,OUT_OF_SCOPE_UNCHANGED,本轮未重新核定，保持 public 基线
Toyota Corolla Sedan 1993-1997,SD1,SD1,APPLIED,OUT_OF_SCOPE_UNCHANGED,本轮未重新核定，保持 public 基线
Toyota Corolla Wagon 1993-1997,H2,H2,APPLIED,OUT_OF_SCOPE_UNCHANGED,本轮未重新核定，保持 public 基线
Toyota Corolla Sedan 1998-2002,SD1,SD1,APPLIED,OUT_OF_SCOPE_UNCHANGED,本轮未重新核定，保持 public 基线
Toyota Corolla Sedan 2003-2008,SD1,SD1,APPLIED,OUT_OF_SCOPE_UNCHANGED,本轮未重新核定，保持 public 基线
Toyota Corolla Sedan 2009-2013,SD1,SD1,APPLIED,OUT_OF_SCOPE_UNCHANGED,本轮未重新核定，保持 public 基线
Toyota Corolla Sedan 2014-2019,SD1,SD1,APPLIED,OUT_OF_SCOPE_UNCHANGED,本轮未重新核定，保持 public 基线
Toyota Corolla Hatchback 2019-2024,H0,H0,APPLIED,OUT_OF_SCOPE_UNCHANGED,本轮未重新核定，保持 public 基线
Toyota Corolla Sedan 2020-2026,SD1,SD1,APPLIED,OUT_OF_SCOPE_UNCHANGED,本轮未重新核定，保持 public 基线
Toyota Corolla Hatchback 2025-2026,H0,H0,APPLIED,OUT_OF_SCOPE_UNCHANGED,本轮未重新核定，保持 public 基线
Toyota Corolla GR Corolla Hatchback 2023-2026,H0,H0,APPLIED,OUT_OF_SCOPE_UNCHANGED,本轮未重新核定，保持 public 基线
Toyota Corolla Cross SUV 2022-2026,SU1,SU1,APPLIED,SUV_TAPER_REVIEW,详见 suv_audit.csv
Toyota Corolla GR Hatchback 2023-2026,H0,H0,APPLIED,OUT_OF_SCOPE_UNCHANGED,本轮未重新核定，保持 public 基线
Toyota Corolla iM Hatchback 2017-2018,H0,H0,APPLIED,OUT_OF_SCOPE_UNCHANGED,本轮未重新核定，保持 public 基线
Toyota Crown Sedan 2023-2026,SD1,SD1,APPLIED,OUT_OF_SCOPE_UNCHANGED,本轮未重新核定，保持 public 基线
Toyota Crown Signia Wagon 2025-2026,SU1,SU1,APPLIED,OUT_OF_SCOPE_UNCHANGED,本轮未重新核定，保持 public 基线
Toyota Echo Sedan 2000-2005,SD1,SD1,APPLIED,OUT_OF_SCOPE_UNCHANGED,本轮未重新核定，保持 public 基线
Toyota FJ Cruiser SUV 2007-2014,JP,JP,APPLIED,SUV_TAPER_REVIEW,详见 suv_audit.csv
Toyota Grand Highlander SUV 2024-2026,SU1,SU1,APPLIED,SUV_TAPER_REVIEW,详见 suv_audit.csv
Toyota Highlander SUV 2001-2003,SU1,SU1,APPLIED,SUV_TAPER_REVIEW,详见 suv_audit.csv
Toyota Highlander SUV 2004-2007,SU1,SU1,APPLIED,SUV_TAPER_REVIEW,详见 suv_audit.csv
Toyota Highlander SUV 2008-2013,SU1,SU1,APPLIED,SUV_TAPER_REVIEW,详见 suv_audit.csv
Toyota Highlander SUV 2014-2019,SU1,SU1,APPLIED,SUV_TAPER_REVIEW,详见 suv_audit.csv
Toyota Highlander SUV 2020-2026,SU1,SU1,APPLIED,SUV_TAPER_REVIEW,详见 suv_audit.csv
Toyota Land Cruiser SUV 1981-1990,SU2,SU2,APPLIED,SUV_TAPER_REVIEW,详见 suv_audit.csv
Toyota Land Cruiser SUV 1991-1997,SU2,SU2,APPLIED,SUV_TAPER_REVIEW,详见 suv_audit.csv
Toyota Land Cruiser SUV 1998-2007,SU2,SU2,APPLIED,SUV_TAPER_REVIEW,详见 suv_audit.csv
Toyota Land Cruiser SUV 2008-2021,SU2,SU2,APPLIED,SUV_TAPER_REVIEW,详见 suv_audit.csv
Toyota Land Cruiser SUV 2024-2026,SU2,SU2,APPLIED,SUV_TAPER_REVIEW,详见 suv_audit.csv
Toyota Land Cruiser 20 Series Pickup Pickup 1955-1959 Regular,P1,P1,APPLIED,OUT_OF_SCOPE_UNCHANGED,本轮未重新核定，保持 public 基线
Toyota Land Cruiser 20/40 Series Pickup Pickup 1958-1980,P1,P1,APPLIED,OUT_OF_SCOPE_UNCHANGED,本轮未重新核定，保持 public 基线
Toyota Land Cruiser 20/40 Series Van/Hardtop SUV 1958-1980,JP,JP,APPLIED,SUV_TAPER_REVIEW,详见 suv_audit.csv
Toyota Land Cruiser 40 Series Pickup Pickup 1960-1986 Regular,P1,P1,APPLIED,OUT_OF_SCOPE_UNCHANGED,本轮未重新核定，保持 public 基线
Toyota Land Cruiser 50 Series / early 60 Series Station Wagon Wagon 1967-1980,SU2,SU2,APPLIED,OUT_OF_SCOPE_UNCHANGED,本轮未重新核定，保持 public 基线
Toyota MIRAI Sedan 2016-2020,SD1,SD1,APPLIED,OUT_OF_SCOPE_UNCHANGED,本轮未重新核定，保持 public 基线
Toyota MIRAI Sedan 2021-2024,SD1,SD1,APPLIED,OUT_OF_SCOPE_UNCHANGED,本轮未重新核定，保持 public 基线
Toyota MR2 Coupe 1985-1989,SD0,SD0,APPLIED,OUT_OF_SCOPE_UNCHANGED,本轮未重新核定，保持 public 基线
Toyota MR2 Coupe 1991-1995,SD0,SD0,APPLIED,OUT_OF_SCOPE_UNCHANGED,本轮未重新核定，保持 public 基线
Toyota MR2 Convertible 2000-2005,SD0,SD0,APPLIED,OUT_OF_SCOPE_UNCHANGED,本轮未重新核定，保持 public 基线
Toyota Matrix Hatchback 2003-2008,H0,H0,APPLIED,OUT_OF_SCOPE_UNCHANGED,本轮未重新核定，保持 public 基线
Toyota Matrix Hatchback 2009-2010,H0,H0,APPLIED,OUT_OF_SCOPE_UNCHANGED,本轮未重新核定，保持 public 基线
Toyota Matrix Hatchback 2011,H0,H0,APPLIED,OUT_OF_SCOPE_UNCHANGED,本轮未重新核定，保持 public 基线
Toyota Matrix Hatchback 2012,H0,H0,APPLIED,OUT_OF_SCOPE_UNCHANGED,本轮未重新核定，保持 public 基线
Toyota Matrix Hatchback 2013,H0,H0,APPLIED,OUT_OF_SCOPE_UNCHANGED,本轮未重新核定，保持 public 基线
Toyota Prius Sedan 2001-2003,SD1,SD1,APPLIED,OUT_OF_SCOPE_UNCHANGED,本轮未重新核定，保持 public 基线
Toyota Prius Hatchback 2004-2009,H0,H0,APPLIED,OUT_OF_SCOPE_UNCHANGED,本轮未重新核定，保持 public 基线
Toyota Prius Hatchback 2010-2011,H0,H0,APPLIED,OUT_OF_SCOPE_UNCHANGED,本轮未重新核定，保持 public 基线
Toyota Prius Hatchback 2012-2015,H0,H0,APPLIED,OUT_OF_SCOPE_UNCHANGED,本轮未重新核定，保持 public 基线
Toyota Prius Hatchback 2016-2022,H0,H0,APPLIED,OUT_OF_SCOPE_UNCHANGED,本轮未重新核定，保持 public 基线
Toyota Prius Hatchback 2023-2026,H0,H0,APPLIED,OUT_OF_SCOPE_UNCHANGED,本轮未重新核定，保持 public 基线
Toyota Prius C Hatchback 2012-2017,H0,H0,APPLIED,OUT_OF_SCOPE_UNCHANGED,本轮未重新核定，保持 public 基线
Toyota Prius C Hatchback 2018-2019,H0,H0,APPLIED,OUT_OF_SCOPE_UNCHANGED,本轮未重新核定，保持 public 基线
Toyota Prius Plug-in Hybrid Hatchback 2012-2015,H0,H0,APPLIED,OUT_OF_SCOPE_UNCHANGED,本轮未重新核定，保持 public 基线
Toyota Prius Prime Hatchback 2017-2022,H0,H0,APPLIED,OUT_OF_SCOPE_UNCHANGED,本轮未重新核定，保持 public 基线
Toyota Prius Prime Hatchback 2023-2026,H0,H0,APPLIED,OUT_OF_SCOPE_UNCHANGED,本轮未重新核定，保持 public 基线
Toyota Prius V Wagon 2012-2014,H2,H2,APPLIED,OUT_OF_SCOPE_UNCHANGED,本轮未重新核定，保持 public 基线
Toyota Prius V Wagon 2015-2016,H2,H2,APPLIED,OUT_OF_SCOPE_UNCHANGED,本轮未重新核定，保持 public 基线
Toyota Prius V Wagon 2017,H2,H2,APPLIED,OUT_OF_SCOPE_UNCHANGED,本轮未重新核定，保持 public 基线
Toyota RAV4 SUV 1996-1997,SU1,SU1,APPLIED,SUV_TAPER_REVIEW,详见 suv_audit.csv
Toyota RAV4 SUV 1998-2000,SU1,SU1,APPLIED,SUV_TAPER_REVIEW,详见 suv_audit.csv
Toyota RAV4 SUV 2001,SU1,SU1,APPLIED,SUV_TAPER_REVIEW,详见 suv_audit.csv
Toyota RAV4 SUV 2002-2003,SU1,SU1,APPLIED,SUV_TAPER_REVIEW,详见 suv_audit.csv
Toyota RAV4 SUV 2004-2005,SU1,SU1,APPLIED,SUV_TAPER_REVIEW,详见 suv_audit.csv
Toyota RAV4 SUV 2006-2008,SU1,SU1,APPLIED,SUV_TAPER_REVIEW,详见 suv_audit.csv
Toyota RAV4 SUV 2009-2012,SU1,SU1,APPLIED,SUV_TAPER_REVIEW,详见 suv_audit.csv
Toyota RAV4 SUV 2013-2018,SU1,SU1,APPLIED,SUV_TAPER_REVIEW,详见 suv_audit.csv
Toyota RAV4 SUV 2019-2025,SU1,SU1,APPLIED,SUV_TAPER_REVIEW,详见 suv_audit.csv
Toyota RAV4 SUV 2026,SU1,SU1,APPLIED,SUV_TAPER_REVIEW,详见 suv_audit.csv
Toyota RAV4 EV SUV 2013-2014,SU1,SU1,APPLIED,SUV_TAPER_REVIEW,详见 suv_audit.csv
Toyota Sequoia SUV 2001-2007,SU2,SU2,APPLIED,SUV_TAPER_REVIEW,详见 suv_audit.csv
Toyota Sequoia SUV 2008-2022,SU2,SU2,APPLIED,SUV_TAPER_REVIEW,详见 suv_audit.csv
Toyota Sequoia SUV 2023-2026,SU2,SU2,APPLIED,SUV_TAPER_REVIEW,详见 suv_audit.csv
Toyota Sienna MPV 1998-2001,V0,V0,APPLIED,OUT_OF_SCOPE_UNCHANGED,本轮未重新核定，保持 public 基线
Toyota Sienna MPV 2002-2003,V0,V0,APPLIED,OUT_OF_SCOPE_UNCHANGED,本轮未重新核定，保持 public 基线
Toyota Sienna MPV 2004-2006,V0,V0,APPLIED,OUT_OF_SCOPE_UNCHANGED,本轮未重新核定，保持 public 基线
Toyota Sienna MPV 2007-2010,V0,V0,APPLIED,OUT_OF_SCOPE_UNCHANGED,本轮未重新核定，保持 public 基线
Toyota Sienna MPV 2011-2017,V0,V0,APPLIED,OUT_OF_SCOPE_UNCHANGED,本轮未重新核定，保持 public 基线
Toyota Sienna MPV 2018-2020,V0,V0,APPLIED,OUT_OF_SCOPE_UNCHANGED,本轮未重新核定，保持 public 基线
Toyota Sienna MPV 2021,V0,V0,APPLIED,OUT_OF_SCOPE_UNCHANGED,本轮未重新核定，保持 public 基线
Toyota Sienna Woodland MPV 2022-2024,V0,V0,APPLIED,OUT_OF_SCOPE_UNCHANGED,本轮未重新核定，保持 public 基线
Toyota Sienna Woodland MPV 2025-2026,V0,V0,APPLIED,OUT_OF_SCOPE_UNCHANGED,本轮未重新核定，保持 public 基线
Toyota Solara Coupe 1999-2001,SD0,SD0,APPLIED,OUT_OF_SCOPE_UNCHANGED,本轮未重新核定，保持 public 基线
Toyota Solara Convertible 2000-2001,SD0,SD0,APPLIED,OUT_OF_SCOPE_UNCHANGED,本轮未重新核定，保持 public 基线
Toyota Solara Convertible 2002-2003,SD0,SD0,APPLIED,OUT_OF_SCOPE_UNCHANGED,本轮未重新核定，保持 public 基线
Toyota Solara Coupe 2002-2003,SD0,SD0,APPLIED,OUT_OF_SCOPE_UNCHANGED,本轮未重新核定，保持 public 基线
Toyota Solara Convertible 2004-2008,SD0,SD0,APPLIED,OUT_OF_SCOPE_UNCHANGED,本轮未重新核定，保持 public 基线
Toyota Solara Coupe 2004-2008,SD0,SD0,APPLIED,OUT_OF_SCOPE_UNCHANGED,本轮未重新核定，保持 public 基线
Toyota Supra Coupe 1979-1981,SD0,SD0,APPLIED,OUT_OF_SCOPE_UNCHANGED,本轮未重新核定，保持 public 基线
Toyota Supra Coupe 1982-1986,SD0,SD0,APPLIED,OUT_OF_SCOPE_UNCHANGED,本轮未重新核定，保持 public 基线
Toyota Supra Coupe 1987-1992,SD0,SD0,APPLIED,OUT_OF_SCOPE_UNCHANGED,本轮未重新核定，保持 public 基线
Toyota Supra Coupe 1993-1994,SD0,SD0,APPLIED,OUT_OF_SCOPE_UNCHANGED,本轮未重新核定，保持 public 基线
Toyota Supra Coupe 1995,SD0,SD0,APPLIED,OUT_OF_SCOPE_UNCHANGED,本轮未重新核定，保持 public 基线
Toyota Supra Coupe 1996,SD0,SD0,APPLIED,OUT_OF_SCOPE_UNCHANGED,本轮未重新核定，保持 public 基线
Toyota Supra Coupe 1997-1998,SD0,SD0,APPLIED,OUT_OF_SCOPE_UNCHANGED,本轮未重新核定，保持 public 基线
Toyota Supra Coupe 2020,SD0,SD0,APPLIED,OUT_OF_SCOPE_UNCHANGED,本轮未重新核定，保持 public 基线
Toyota Supra Coupe 2021-2023,SD0,SD0,APPLIED,OUT_OF_SCOPE_UNCHANGED,本轮未重新核定，保持 public 基线
Toyota Supra Coupe 2024-2026,SD0,SD0,APPLIED,OUT_OF_SCOPE_UNCHANGED,本轮未重新核定，保持 public 基线
Toyota Tacoma Pickup 1995-2004 Regular 6,P1,P1,APPLIED,OUT_OF_SCOPE_UNCHANGED,本轮未重新核定，保持 public 基线
Toyota Tacoma Pickup 1995-2004 XtraCab 6,P1,P1,APPLIED,OUT_OF_SCOPE_UNCHANGED,本轮未重新核定，保持 public 基线
Toyota Tacoma Pickup 2003-2004 Double 5,P1,P1,APPLIED,OUT_OF_SCOPE_UNCHANGED,本轮未重新核定，保持 public 基线
Toyota Tacoma Pickup 2005-2006 Double 5,P1,P1,APPLIED,OUT_OF_SCOPE_UNCHANGED,本轮未重新核定，保持 public 基线
Toyota Tacoma Pickup 2005-2013 Access 6,P1,P1,APPLIED,OUT_OF_SCOPE_UNCHANGED,本轮未重新核定，保持 public 基线
Toyota Tacoma Pickup 2005-2015 Double 6,P1,P1,APPLIED,OUT_OF_SCOPE_UNCHANGED,本轮未重新核定，保持 public 基线
Toyota Tacoma Pickup 2014-2015 Double 5,P1,P1,APPLIED,OUT_OF_SCOPE_UNCHANGED,本轮未重新核定，保持 public 基线
Toyota Tacoma Pickup 2016-2023 Access 6,P1,P1,APPLIED,OUT_OF_SCOPE_UNCHANGED,本轮未重新核定，保持 public 基线
Toyota Tacoma Pickup 2016-2023 Double 5,P1,P1,APPLIED,OUT_OF_SCOPE_UNCHANGED,本轮未重新核定，保持 public 基线
Toyota Tacoma Pickup 2016-2023 Double 6,P1,P1,APPLIED,OUT_OF_SCOPE_UNCHANGED,本轮未重新核定，保持 public 基线
Toyota Tacoma Pickup 2024-2026 Double 5,P1,P1,APPLIED,OUT_OF_SCOPE_UNCHANGED,本轮未重新核定，保持 public 基线
Toyota Tacoma Pickup 2024-2026 Double 6,P1,P1,APPLIED,OUT_OF_SCOPE_UNCHANGED,本轮未重新核定，保持 public 基线
Toyota Tacoma Pickup 2024-2026 XtraCab 6,P1,P1,APPLIED,OUT_OF_SCOPE_UNCHANGED,本轮未重新核定，保持 public 基线
Toyota Tacoma TRD Pro Pickup 2017-2023 Double 5,P1,P1,APPLIED,OUT_OF_SCOPE_UNCHANGED,本轮未重新核定，保持 public 基线
Toyota Tacoma TRD Pro/Trailhunter Pickup 2024-2026 Double 5,P1,P1,APPLIED,OUT_OF_SCOPE_UNCHANGED,本轮未重新核定，保持 public 基线
Toyota Tercel Hatchback 1980-1982,H0,H0,APPLIED,OUT_OF_SCOPE_UNCHANGED,本轮未重新核定，保持 public 基线
Toyota Tercel Coupe 1989-1990,SD2,SD2,APPLIED,OUT_OF_SCOPE_UNCHANGED,本轮未重新核定，保持 public 基线
Toyota Tercel Sedan 1991-1994,SD1,SD1,APPLIED,OUT_OF_SCOPE_UNCHANGED,本轮未重新核定，保持 public 基线
Toyota Tercel Sedan 1995-1998,SD1,SD1,APPLIED,OUT_OF_SCOPE_UNCHANGED,本轮未重新核定，保持 public 基线
Toyota Tercel 2dr Deluxe Sedan 1980,SD2,SD2,APPLIED,OUT_OF_SCOPE_UNCHANGED,本轮未重新核定，保持 public 基线
Toyota Tercel 2dr Deluxe Sedan 1981-1982,SD2,SD2,APPLIED,OUT_OF_SCOPE_UNCHANGED,本轮未重新核定，保持 public 基线
Toyota Tercel 4WD Wagon 1983-1985,H3,H3,APPLIED,OUT_OF_SCOPE_UNCHANGED,本轮未重新核定，保持 public 基线
Toyota Tercel 4WD Wagon 1986-1988,H3,H3,APPLIED,OUT_OF_SCOPE_UNCHANGED,本轮未重新核定，保持 public 基线
Toyota Tercel 4dr Sedan 1981,SD2,SD2,APPLIED,OUT_OF_SCOPE_UNCHANGED,本轮未重新核定，保持 public 基线
Toyota Tercel 4dr Deluxe Sedan 1982,SD2,SD2,APPLIED,OUT_OF_SCOPE_UNCHANGED,本轮未重新核定，保持 public 基线
Toyota Tundra Pickup 2000-2005 Access 6.5,P0,P0,APPLIED,OUT_OF_SCOPE_UNCHANGED,本轮未重新核定，保持 public 基线
Toyota Tundra Pickup 2000-2006 Regular 6.5,P0,P0,APPLIED,OUT_OF_SCOPE_UNCHANGED,本轮未重新核定，保持 public 基线
Toyota Tundra Pickup 2000-2006 Regular 8,P0,P0,APPLIED,OUT_OF_SCOPE_UNCHANGED,本轮未重新核定，保持 public 基线
Toyota Tundra Pickup 2004-2006 Double 6.5,P0,P0,APPLIED,OUT_OF_SCOPE_UNCHANGED,本轮未重新核定，保持 public 基线
Toyota Tundra Pickup 2007-2017 Regular 6.5,P0,P0,APPLIED,OUT_OF_SCOPE_UNCHANGED,本轮未重新核定，保持 public 基线
Toyota Tundra Pickup 2007-2017 Regular 8.1,P0,P0,APPLIED,OUT_OF_SCOPE_UNCHANGED,本轮未重新核定，保持 public 基线
Toyota Tundra Pickup 2007-2021 CrewMax 5.5,P0,P0,APPLIED,OUT_OF_SCOPE_UNCHANGED,本轮未重新核定，保持 public 基线
Toyota Tundra Pickup 2007-2021 Double 8.1,P0,P0,APPLIED,OUT_OF_SCOPE_UNCHANGED,本轮未重新核定，保持 public 基线
Toyota Tundra Pickup 2008-2020 Double 6.5,P0,P0,APPLIED,OUT_OF_SCOPE_UNCHANGED,本轮未重新核定，保持 public 基线
Toyota Tundra Pickup 2022-2026 CrewMax 5.5,P0,P0,APPLIED,OUT_OF_SCOPE_UNCHANGED,本轮未重新核定，保持 public 基线
Toyota Tundra Pickup 2022-2026 Double 6.5,P0,P0,APPLIED,OUT_OF_SCOPE_UNCHANGED,本轮未重新核定，保持 public 基线
Toyota Tundra Pickup 2022-2026 Double 8.1,P0,P0,APPLIED,OUT_OF_SCOPE_UNCHANGED,本轮未重新核定，保持 public 基线
Toyota Venza Wagon 2009-2015,H2,H2,APPLIED,OUT_OF_SCOPE_UNCHANGED,本轮未重新核定，保持 public 基线
Toyota Venza SUV 2021-2024,SU1,SU1,APPLIED,SUV_TAPER_REVIEW,详见 suv_audit.csv
Toyota Yaris Sedan 2007,SD1,SD1,APPLIED,OUT_OF_SCOPE_UNCHANGED,本轮未重新核定，保持 public 基线
Toyota Yaris Hatchback 2007-2011,H0,H0,APPLIED,OUT_OF_SCOPE_UNCHANGED,本轮未重新核定，保持 public 基线
Toyota Yaris Sedan 2008-2011,SD1,SD1,APPLIED,OUT_OF_SCOPE_UNCHANGED,本轮未重新核定，保持 public 基线
Toyota Yaris Hatchback 2012-2018,H0,H0,APPLIED,OUT_OF_SCOPE_UNCHANGED,本轮未重新核定，保持 public 基线
Toyota Yaris Sedan 2017-2018,SD1,SD1,APPLIED,OUT_OF_SCOPE_UNCHANGED,本轮未重新核定，保持 public 基线
Toyota Yaris Sedan 2019-2020,SD1,SD1,APPLIED,OUT_OF_SCOPE_UNCHANGED,本轮未重新核定，保持 public 基线
Toyota Yaris Hatchback 2020,H0,H0,APPLIED,OUT_OF_SCOPE_UNCHANGED,本轮未重新核定，保持 public 基线
Toyota Yaris iA Sedan 2017-2018,SD1,SD1,APPLIED,OUT_OF_SCOPE_UNCHANGED,本轮未重新核定，保持 public 基线
Toyota bZ SUV 2026,SU1,SU1,APPLIED,SUV_TAPER_REVIEW,详见 suv_audit.csv
Toyota bZ Woodland SUV 2026,SU1,SU1,APPLIED,SUV_TAPER_REVIEW,详见 suv_audit.csv
Toyota bZ4X SUV 2023-2025,SU1,SU1,APPLIED,SUV_TAPER_REVIEW,详见 suv_audit.csv
VinFast VF8 Eco SUV 2023-2025,SU1,SU1,APPLIED,SUV_TAPER_REVIEW,详见 suv_audit.csv
VinFast VF8 Plus SUV 2023-2025,SU1,SU1,APPLIED,SUV_TAPER_REVIEW,详见 suv_audit.csv
Volkswagen Arteon SE R-Line Hatchback 2022-2024,SD1,SD1,APPLIED,OUT_OF_SCOPE_UNCHANGED,本轮未重新核定，保持 public 基线
Volkswagen Arteon SEL Premium 4MOTION Hatchback 2019-2021,SD1,SD1,APPLIED,OUT_OF_SCOPE_UNCHANGED,本轮未重新核定，保持 public 基线
Volkswagen Atlas Cross Sport SUV 2020,SU0,SU1,APPLIED,SUV_TAPER_REVIEW,详见 suv_audit.csv
Volkswagen Atlas Cross Sport SUV 2021,SU0,SU1,APPLIED,SUV_TAPER_REVIEW,详见 suv_audit.csv
Volkswagen Atlas Cross Sport SUV 2022,SU0,SU1,APPLIED,SUV_TAPER_REVIEW,详见 suv_audit.csv
Volkswagen Atlas Cross Sport SUV 2023-2026,SU0,SU1,APPLIED,SUV_TAPER_REVIEW,详见 suv_audit.csv
Volkswagen Atlas SE SUV 2024-2026,SU1,SU1,APPLIED,SUV_TAPER_REVIEW,详见 suv_audit.csv
Volkswagen Atlas SEL R-Line SUV 2021-2022,SU1,SU1,APPLIED,SUV_TAPER_REVIEW,详见 suv_audit.csv
Volkswagen Atlas SEL R-Line SUV 2023,SU1,SU1,APPLIED,SUV_TAPER_REVIEW,详见 suv_audit.csv
Volkswagen Atlas V6 SE w/Technology SUV 2018-2020,SU1,SU1,APPLIED,SUV_TAPER_REVIEW,详见 suv_audit.csv
Volkswagen Atlas Cross Cross Sport SUV 2021,SU0,SU1,APPLIED,SUV_TAPER_REVIEW,详见 suv_audit.csv
Volkswagen Atlas Cross Cross Sport SUV 2022,SU0,SU1,APPLIED,SUV_TAPER_REVIEW,详见 suv_audit.csv
Volkswagen Atlas Cross Cross Sport SUV 2023-2026,SU0,SU1,APPLIED,SUV_TAPER_REVIEW,详见 suv_audit.csv
Volkswagen Beetle Hatchback 1998,H0,H0,APPLIED,OUT_OF_SCOPE_UNCHANGED,本轮未重新核定，保持 public 基线
Volkswagen Beetle Convertible 1998-2010,SD1,SD1,APPLIED,OUT_OF_SCOPE_UNCHANGED,本轮未重新核定，保持 public 基线
Volkswagen Beetle Hatchback 1999-2010,H0,H0,APPLIED,OUT_OF_SCOPE_UNCHANGED,本轮未重新核定，保持 public 基线
Volkswagen Beetle Convertible 2012-2019,SD1,SD1,APPLIED,OUT_OF_SCOPE_UNCHANGED,本轮未重新核定，保持 public 基线
Volkswagen Beetle Hatchback 2012-2019,H0,H0,APPLIED,OUT_OF_SCOPE_UNCHANGED,本轮未重新核定，保持 public 基线
Volkswagen Beetle Dune Convertible 2018,SD1,SD1,APPLIED,OUT_OF_SCOPE_UNCHANGED,本轮未重新核定，保持 public 基线
Volkswagen Beetle Dune Hatchback 2018,H0,H0,APPLIED,OUT_OF_SCOPE_UNCHANGED,本轮未重新核定，保持 public 基线
Volkswagen Dasher 2dr Hatchback 1978,H0,H0,APPLIED,OUT_OF_SCOPE_UNCHANGED,本轮未重新核定，保持 public 基线
Volkswagen Dasher 4dr Station Wagon 1978,H3,H3,APPLIED,OUT_OF_SCOPE_UNCHANGED,本轮未重新核定，保持 public 基线
Volkswagen Eos Convertible 2007-2011,SD0,SD0,APPLIED,OUT_OF_SCOPE_UNCHANGED,本轮未重新核定，保持 public 基线
Volkswagen Eos Convertible 2012-2016,SD0,SD0,APPLIED,OUT_OF_SCOPE_UNCHANGED,本轮未重新核定，保持 public 基线
Volkswagen Golf Hatchback 1999,H0,H0,APPLIED,OUT_OF_SCOPE_UNCHANGED,本轮未重新核定，保持 public 基线
Volkswagen Golf Hatchback 2000-2006,H0,H0,APPLIED,OUT_OF_SCOPE_UNCHANGED,本轮未重新核定，保持 public 基线
Volkswagen Golf Hatchback 2007-2009,H0,H0,APPLIED,OUT_OF_SCOPE_UNCHANGED,本轮未重新核定，保持 public 基线
Volkswagen Golf Hatchback 2010-2014,H0,H0,APPLIED,OUT_OF_SCOPE_UNCHANGED,本轮未重新核定，保持 public 基线
Volkswagen Golf Wagon 2015-2016,H2,H2,APPLIED,OUT_OF_SCOPE_UNCHANGED,本轮未重新核定，保持 public 基线
Volkswagen Golf Hatchback 2016-2017,H0,H0,APPLIED,OUT_OF_SCOPE_UNCHANGED,本轮未重新核定，保持 public 基线
Volkswagen Golf Wagon 2018-2019,H2,H2,APPLIED,OUT_OF_SCOPE_UNCHANGED,本轮未重新核定，保持 public 基线
Volkswagen Golf Hatchback 2018-2021,H0,H0,APPLIED,OUT_OF_SCOPE_UNCHANGED,本轮未重新核定，保持 public 基线
Volkswagen Golf Diesel Hatchback 2015,H0,H0,APPLIED,OUT_OF_SCOPE_UNCHANGED,本轮未重新核定，保持 public 基线
Volkswagen Golf GTI Hatchback 2015-2017,H0,H0,APPLIED,OUT_OF_SCOPE_UNCHANGED,本轮未重新核定，保持 public 基线
Volkswagen Golf GTI Hatchback 2018-2021,H0,H0,APPLIED,OUT_OF_SCOPE_UNCHANGED,本轮未重新核定，保持 public 基线
Volkswagen Golf GTI Hatchback 2022-2026,H0,H0,APPLIED,OUT_OF_SCOPE_UNCHANGED,本轮未重新核定，保持 public 基线
Volkswagen Golf GTI/R Hatchback 2022-2026,H0,H0,APPLIED,OUT_OF_SCOPE_UNCHANGED,本轮未重新核定，保持 public 基线
Volkswagen Golf R Hatchback 2012,H0,H0,APPLIED,OUT_OF_SCOPE_UNCHANGED,本轮未重新核定，保持 public 基线
Volkswagen Golf R Hatchback 2018-2019,H0,H0,APPLIED,OUT_OF_SCOPE_UNCHANGED,本轮未重新核定，保持 public 基线
Volkswagen Golf R Hatchback 2022-2024,H0,H0,APPLIED,OUT_OF_SCOPE_UNCHANGED,本轮未重新核定，保持 public 基线
Volkswagen Golf R Hatchback 2025-2026,H0,H0,APPLIED,OUT_OF_SCOPE_UNCHANGED,本轮未重新核定，保持 public 基线
Volkswagen ID.4 SUV 2021-2022,SU1,SU0,APPLIED,SUV_TAPER_REVIEW,详见 suv_audit.csv
Volkswagen ID.4 SUV 2023-2026,SU1,SU0,APPLIED,SUV_TAPER_REVIEW,详见 suv_audit.csv
Volkswagen Jetta Sedan 1980-1984,SD2,SD2,APPLIED,OUT_OF_SCOPE_UNCHANGED,本轮未重新核定，保持 public 基线
Volkswagen Jetta Sedan 1985,SD2,SD2,APPLIED,OUT_OF_SCOPE_UNCHANGED,本轮未重新核定，保持 public 基线
Volkswagen Jetta Sedan 1986,SD2,SD2,APPLIED,OUT_OF_SCOPE_UNCHANGED,本轮未重新核定，保持 public 基线
Volkswagen Jetta Sedan 1987,SD2,SD2,APPLIED,OUT_OF_SCOPE_UNCHANGED,本轮未重新核定，保持 public 基线
Volkswagen Jetta Sedan 1988,SD2,SD2,APPLIED,OUT_OF_SCOPE_UNCHANGED,本轮未重新核定，保持 public 基线
Volkswagen Jetta Sedan 1989,SD2,SD2,APPLIED,OUT_OF_SCOPE_UNCHANGED,本轮未重新核定，保持 public 基线
Volkswagen Jetta Sedan 1990-1992,SD2,SD2,APPLIED,OUT_OF_SCOPE_UNCHANGED,本轮未重新核定，保持 public 基线
Volkswagen Jetta Sedan 1993-1999,SD1,SD1,APPLIED,OUT_OF_SCOPE_UNCHANGED,本轮未重新核定，保持 public 基线
Volkswagen Jetta Sedan 2006-2010,SD1,SD1,APPLIED,OUT_OF_SCOPE_UNCHANGED,本轮未重新核定，保持 public 基线
Volkswagen Jetta Wagon 2009-2014,H2,H2,APPLIED,OUT_OF_SCOPE_UNCHANGED,本轮未重新核定，保持 public 基线
Volkswagen Jetta Sedan 2011-2014,SD1,SD1,APPLIED,OUT_OF_SCOPE_UNCHANGED,本轮未重新核定，保持 public 基线
Volkswagen Jetta Sedan 2015-2016,SD1,SD1,APPLIED,OUT_OF_SCOPE_UNCHANGED,本轮未重新核定，保持 public 基线
Volkswagen Jetta Sedan 2017,SD1,SD1,APPLIED,OUT_OF_SCOPE_UNCHANGED,本轮未重新核定，保持 public 基线
Volkswagen Jetta Sedan 2018,SD1,SD1,APPLIED,OUT_OF_SCOPE_UNCHANGED,本轮未重新核定，保持 public 基线
Volkswagen Jetta Diesel Sedan 2000-2005,SD1,SD1,APPLIED,OUT_OF_SCOPE_UNCHANGED,本轮未重新核定，保持 public 基线
Volkswagen Jetta GLI Sedan 2019-2020,SD1,SD1,APPLIED,OUT_OF_SCOPE_UNCHANGED,本轮未重新核定，保持 public 基线
Volkswagen Jetta GLI Sedan 2021-2022,SD1,SD1,APPLIED,OUT_OF_SCOPE_UNCHANGED,本轮未重新核定，保持 public 基线
Volkswagen Jetta GLI Sedan 2023-2026,SD1,SD1,APPLIED,OUT_OF_SCOPE_UNCHANGED,本轮未重新核定，保持 public 基线
Volkswagen Passat Hatchback 1974,H0,H0,APPLIED,OUT_OF_SCOPE_UNCHANGED,本轮未重新核定，保持 public 基线
Volkswagen Passat Wagon 1974,H3,H3,APPLIED,OUT_OF_SCOPE_UNCHANGED,本轮未重新核定，保持 public 基线
Volkswagen Passat Hatchback 1975,H0,H0,APPLIED,OUT_OF_SCOPE_UNCHANGED,本轮未重新核定，保持 public 基线
Volkswagen Passat Wagon 1975,H3,H3,APPLIED,OUT_OF_SCOPE_UNCHANGED,本轮未重新核定，保持 public 基线
Volkswagen Passat Wagon 1976,H3,H3,APPLIED,OUT_OF_SCOPE_UNCHANGED,本轮未重新核定，保持 public 基线
Volkswagen Passat Hatchback 1976-1980,H0,H0,APPLIED,OUT_OF_SCOPE_UNCHANGED,本轮未重新核定，保持 public 基线
Volkswagen Passat Wagon 1977-1980,H3,H3,APPLIED,OUT_OF_SCOPE_UNCHANGED,本轮未重新核定，保持 public 基线
Volkswagen Passat Hatchback 1981,H0,H0,APPLIED,OUT_OF_SCOPE_UNCHANGED,本轮未重新核定，保持 public 基线
Volkswagen Passat Wagon 1981,H3,H3,APPLIED,OUT_OF_SCOPE_UNCHANGED,本轮未重新核定，保持 public 基线
Volkswagen Passat Sedan 1982,SD2,SD2,APPLIED,OUT_OF_SCOPE_UNCHANGED,本轮未重新核定，保持 public 基线
Volkswagen Passat Wagon 1982,H3,H3,APPLIED,OUT_OF_SCOPE_UNCHANGED,本轮未重新核定，保持 public 基线
Volkswagen Passat Sedan 1983,SD2,SD2,APPLIED,OUT_OF_SCOPE_UNCHANGED,本轮未重新核定，保持 public 基线
Volkswagen Passat Wagon 1983-1984,H3,H3,APPLIED,OUT_OF_SCOPE_UNCHANGED,本轮未重新核定，保持 public 基线
Volkswagen Passat Sedan 1984,SD2,SD2,APPLIED,OUT_OF_SCOPE_UNCHANGED,本轮未重新核定，保持 public 基线
Volkswagen Passat Sedan 1985,SD2,SD2,APPLIED,OUT_OF_SCOPE_UNCHANGED,本轮未重新核定，保持 public 基线
Volkswagen Passat Wagon 1985-1988,H3,H3,APPLIED,OUT_OF_SCOPE_UNCHANGED,本轮未重新核定，保持 public 基线
Volkswagen Passat Sedan 1986,SD2,SD2,APPLIED,OUT_OF_SCOPE_UNCHANGED,本轮未重新核定，保持 public 基线
Volkswagen Passat Sedan 1987,SD2,SD2,APPLIED,OUT_OF_SCOPE_UNCHANGED,本轮未重新核定，保持 public 基线
Volkswagen Passat Sedan 1988,SD2,SD2,APPLIED,OUT_OF_SCOPE_UNCHANGED,本轮未重新核定，保持 public 基线
Volkswagen Passat Wagon 1990-1992,H2,H2,APPLIED,OUT_OF_SCOPE_UNCHANGED,本轮未重新核定，保持 public 基线
Volkswagen Passat Sedan 1990-1994,SD1,SD1,APPLIED,OUT_OF_SCOPE_UNCHANGED,本轮未重新核定，保持 public 基线
Volkswagen Passat Wagon 1993-1994,H2,H2,APPLIED,OUT_OF_SCOPE_UNCHANGED,本轮未重新核定，保持 public 基线
Volkswagen Passat Sedan 1995-1997,SD1,SD1,APPLIED,OUT_OF_SCOPE_UNCHANGED,本轮未重新核定，保持 public 基线
Volkswagen Passat Wagon 1995-1997,H2,H2,APPLIED,OUT_OF_SCOPE_UNCHANGED,本轮未重新核定，保持 public 基线
Volkswagen Passat Sedan 1998-2005,SD1,SD1,APPLIED,OUT_OF_SCOPE_UNCHANGED,本轮未重新核定，保持 public 基线
Volkswagen Passat Wagon 1998-2005,H2,H2,APPLIED,OUT_OF_SCOPE_UNCHANGED,本轮未重新核定，保持 public 基线
Volkswagen Passat Sedan 2006-2010,SD1,SD1,APPLIED,OUT_OF_SCOPE_UNCHANGED,本轮未重新核定，保持 public 基线
Volkswagen Passat Wagon 2007-2010,H2,H2,APPLIED,OUT_OF_SCOPE_UNCHANGED,本轮未重新核定，保持 public 基线
Volkswagen Passat Sedan 2012-2015,SD1,SD1,APPLIED,OUT_OF_SCOPE_UNCHANGED,本轮未重新核定，保持 public 基线
Volkswagen Passat Sedan 2016-2019,SD1,SD1,APPLIED,OUT_OF_SCOPE_UNCHANGED,本轮未重新核定，保持 public 基线
Volkswagen Passat Sedan 2020-2022,SD1,SD1,APPLIED,OUT_OF_SCOPE_UNCHANGED,本轮未重新核定，保持 public 基线
Volkswagen Passat CC Sedan 2009-2011,SD0,SD0,APPLIED,OUT_OF_SCOPE_UNCHANGED,本轮未重新核定，保持 public 基线
Volkswagen Passat CC Sedan 2012-2017,SD0,SD0,APPLIED,OUT_OF_SCOPE_UNCHANGED,本轮未重新核定，保持 public 基线
Volkswagen Phaeton Sedan 2004-2006,SD1,SD1,APPLIED,OUT_OF_SCOPE_UNCHANGED,本轮未重新核定，保持 public 基线
Volkswagen Rabbit Hatchback 1975-1984,H0,H0,APPLIED,OUT_OF_SCOPE_UNCHANGED,本轮未重新核定，保持 public 基线
Volkswagen Rabbit Convertible 1980,SD1,SD1,APPLIED,OUT_OF_SCOPE_UNCHANGED,本轮未重新核定，保持 public 基线
Volkswagen Rabbit Hatchback 2006-2009,H0,H0,APPLIED,OUT_OF_SCOPE_UNCHANGED,本轮未重新核定，保持 public 基线
Volkswagen Rabbit GTI Hatchback 1984,H0,H0,APPLIED,OUT_OF_SCOPE_UNCHANGED,本轮未重新核定，保持 public 基线
Volkswagen Taos SUV 2022,SU1,SU1,APPLIED,SUV_TAPER_REVIEW,详见 suv_audit.csv
Volkswagen Taos SUV 2023,SU1,SU1,APPLIED,SUV_TAPER_REVIEW,详见 suv_audit.csv
Volkswagen Taos SUV 2024,SU1,SU1,APPLIED,SUV_TAPER_REVIEW,详见 suv_audit.csv
Volkswagen Taos SUV 2025,SU1,SU1,APPLIED,SUV_TAPER_REVIEW,详见 suv_audit.csv
Volkswagen Taos SUV 2026,SU1,SU1,APPLIED,SUV_TAPER_REVIEW,详见 suv_audit.csv
Volkswagen Tiguan SUV 2009-2013,SU1,SU1,APPLIED,SUV_TAPER_REVIEW,详见 suv_audit.csv
Volkswagen Tiguan SUV 2014-2015,SU1,SU1,APPLIED,SUV_TAPER_REVIEW,详见 suv_audit.csv
Volkswagen Tiguan SUV 2016-2017,SU1,SU1,APPLIED,SUV_TAPER_REVIEW,详见 suv_audit.csv
Volkswagen Tiguan SUV 2018-2021,SU1,SU1,APPLIED,SUV_TAPER_REVIEW,详见 suv_audit.csv
Volkswagen Tiguan SUV 2022-2024,SU1,SU1,APPLIED,SUV_TAPER_REVIEW,详见 suv_audit.csv
Volkswagen Tiguan SUV 2025-2026,SU1,SU1,APPLIED,SUV_TAPER_REVIEW,详见 suv_audit.csv
Volkswagen Touareg SUV 2004-2010,SU1,SU1,APPLIED,SUV_TAPER_REVIEW,详见 suv_audit.csv
Volkswagen Touareg SUV 2011-2017,SU1,SU1,APPLIED,SUV_TAPER_REVIEW,详见 suv_audit.csv
Volvo C30 Hatchback 2008-2013,H0,H0,APPLIED,OUT_OF_SCOPE_UNCHANGED,本轮未重新核定，保持 public 基线
Volvo C40 SUV 2022,SU0,SU1,APPLIED,SUV_TAPER_REVIEW,详见 suv_audit.csv
Volvo C40 SUV 2023-2024,SU0,SU1,APPLIED,SUV_TAPER_REVIEW,详见 suv_audit.csv
Volvo C40 Recharge SUV 2022,SU0,SU1,APPLIED,SUV_TAPER_REVIEW,详见 suv_audit.csv
Volvo C40 Recharge SUV 2023-2024,SU0,SU1,APPLIED,SUV_TAPER_REVIEW,详见 suv_audit.csv
Volvo C70 Convertible 1998,SD0,SD0,APPLIED,OUT_OF_SCOPE_UNCHANGED,本轮未重新核定，保持 public 基线
Volvo C70 Convertible 1999-2004,SD0,SD0,APPLIED,OUT_OF_SCOPE_UNCHANGED,本轮未重新核定，保持 public 基线
Volvo C70 Convertible 2006,SD0,SD0,APPLIED,OUT_OF_SCOPE_UNCHANGED,本轮未重新核定，保持 public 基线
Volvo C70 Convertible 2007-2010,SD0,SD0,APPLIED,OUT_OF_SCOPE_UNCHANGED,本轮未重新核定，保持 public 基线
Volvo C70 Convertible 2011,SD0,SD0,APPLIED,OUT_OF_SCOPE_UNCHANGED,本轮未重新核定，保持 public 基线
Volvo C70 Convertible 2012-2013,SD0,SD0,APPLIED,OUT_OF_SCOPE_UNCHANGED,本轮未重新核定，保持 public 基线
Volvo EC40 Crossover 2025-2026,SU0,SU1,APPLIED,SUV_TAPER_REVIEW,详见 suv_audit.csv
Volvo EX30 SUV 2025,SU1,SU1,APPLIED,SUV_TAPER_REVIEW,详见 suv_audit.csv
Volvo EX30 SUV 2026,SU1,SU1,APPLIED,SUV_TAPER_REVIEW,详见 suv_audit.csv
Volvo EX40 SUV 2025-2026,SU2,SU1,APPLIED,SUV_TAPER_REVIEW,详见 suv_audit.csv
Volvo EX90 SUV 2025-2026,SU1,SU1,APPLIED,SUV_TAPER_REVIEW,详见 suv_audit.csv
Volvo S40 Sedan 2000,SD1,SD1,APPLIED,OUT_OF_SCOPE_UNCHANGED,本轮未重新核定，保持 public 基线
Volvo S40 Sedan 2001-2003,SD1,SD1,APPLIED,OUT_OF_SCOPE_UNCHANGED,本轮未重新核定，保持 public 基线
Volvo S40 Sedan 2004-2007,SD1,SD1,APPLIED,OUT_OF_SCOPE_UNCHANGED,本轮未重新核定，保持 public 基线
Volvo S40 Sedan 2008-2011,SD1,SD1,APPLIED,OUT_OF_SCOPE_UNCHANGED,本轮未重新核定，保持 public 基线
Volvo S60 Sedan 2001-2002,SD1,SD1,APPLIED,OUT_OF_SCOPE_UNCHANGED,本轮未重新核定，保持 public 基线
Volvo S60 Sedan 2003-2009,SD1,SD1,APPLIED,OUT_OF_SCOPE_UNCHANGED,本轮未重新核定，保持 public 基线
Volvo S60 Sedan 2011,SD1,SD1,APPLIED,OUT_OF_SCOPE_UNCHANGED,本轮未重新核定，保持 public 基线
Volvo S60 Sedan 2012-2018,SD1,SD1,APPLIED,OUT_OF_SCOPE_UNCHANGED,本轮未重新核定，保持 public 基线
Volvo S60 Sedan 2019-2025,SD1,SD1,APPLIED,OUT_OF_SCOPE_UNCHANGED,本轮未重新核定，保持 public 基线
Volvo S70 Sedan 1998-2000,SD2,SD2,APPLIED,OUT_OF_SCOPE_UNCHANGED,本轮未重新核定，保持 public 基线
Volvo S80 Sedan 1999-2004,SD1,SD1,APPLIED,OUT_OF_SCOPE_UNCHANGED,本轮未重新核定，保持 public 基线
Volvo S80 Sedan 2005-2006,SD1,SD1,APPLIED,OUT_OF_SCOPE_UNCHANGED,本轮未重新核定，保持 public 基线
Volvo S80 Sedan 2007-2016,SD1,SD1,APPLIED,OUT_OF_SCOPE_UNCHANGED,本轮未重新核定，保持 public 基线
Volvo S90 Sedan 1997-1998,SD2,SD2,APPLIED,OUT_OF_SCOPE_UNCHANGED,本轮未重新核定，保持 public 基线
Volvo S90 Sedan 2017,SD1,SD1,APPLIED,OUT_OF_SCOPE_UNCHANGED,本轮未重新核定，保持 public 基线
Volvo S90 Sedan 2021-2025,SD1,SD1,APPLIED,OUT_OF_SCOPE_UNCHANGED,本轮未重新核定，保持 public 基线
Volvo V40 Wagon 2000,H2,H2,APPLIED,OUT_OF_SCOPE_UNCHANGED,本轮未重新核定，保持 public 基线
Volvo V40 Wagon 2001,H2,H2,APPLIED,OUT_OF_SCOPE_UNCHANGED,本轮未重新核定，保持 public 基线
Volvo V40 Wagon 2002-2003,H2,H2,APPLIED,OUT_OF_SCOPE_UNCHANGED,本轮未重新核定，保持 public 基线
Volvo V40 Wagon 2004,H2,H2,APPLIED,OUT_OF_SCOPE_UNCHANGED,本轮未重新核定，保持 public 基线
Volvo V50 Wagon 2005-2007,H2,H2,APPLIED,OUT_OF_SCOPE_UNCHANGED,本轮未重新核定，保持 public 基线
Volvo V50 Wagon 2008-2009,H2,H2,APPLIED,OUT_OF_SCOPE_UNCHANGED,本轮未重新核定，保持 public 基线
Volvo V60 Wagon 2019-2026,H2,H2,APPLIED,OUT_OF_SCOPE_UNCHANGED,本轮未重新核定，保持 public 基线
Volvo V60 Cross Country Wagon 2015-2018,H2,H2,APPLIED,OUT_OF_SCOPE_UNCHANGED,本轮未重新核定，保持 public 基线
Volvo V70 Wagon 1998-2000,H3,H3,APPLIED,OUT_OF_SCOPE_UNCHANGED,本轮未重新核定，保持 public 基线
Volvo V70 Hatchback 2001-2007,H0,H0,APPLIED,OUT_OF_SCOPE_UNCHANGED,本轮未重新核定，保持 public 基线
Volvo V70 Hatchback 2008-2010,H0,H0,APPLIED,OUT_OF_SCOPE_UNCHANGED,本轮未重新核定，保持 public 基线
Volvo V70 XC Wagon 1998-2000,H3,H3,APPLIED,OUT_OF_SCOPE_UNCHANGED,本轮未重新核定，保持 public 基线
Volvo V90 Wagon 1997-1998,H3,H3,APPLIED,OUT_OF_SCOPE_UNCHANGED,本轮未重新核定，保持 public 基线
Volvo V90 Cross Country Wagon 2017-2026,H2,H2,APPLIED,OUT_OF_SCOPE_UNCHANGED,本轮未重新核定，保持 public 基线
Volvo XC40 SUV 2019,SU1,SU1,APPLIED,SUV_TAPER_REVIEW,详见 suv_audit.csv
Volvo XC40 SUV 2020-2025,SU1,SU1,APPLIED,SUV_TAPER_REVIEW,详见 suv_audit.csv
Volvo XC60 SUV 2010-2017,SU1,SU1,APPLIED,SUV_TAPER_REVIEW,详见 suv_audit.csv
Volvo XC60 SUV 2018-2022,SU1,SU1,APPLIED,SUV_TAPER_REVIEW,详见 suv_audit.csv
Volvo XC60 SUV 2023-2026,SU1,SU1,APPLIED,SUV_TAPER_REVIEW,详见 suv_audit.csv
Volvo XC70 Wagon 2003-2007,H2,H2,APPLIED,OUT_OF_SCOPE_UNCHANGED,本轮未重新核定，保持 public 基线
Volvo XC70 Wagon 2008-2016,H2,H2,APPLIED,OUT_OF_SCOPE_UNCHANGED,本轮未重新核定，保持 public 基线
Volvo XC90 SUV 2003,SU1,SU1,APPLIED,SUV_TAPER_REVIEW,详见 suv_audit.csv
Volvo XC90 SUV 2004-2014,SU1,SU1,APPLIED,SUV_TAPER_REVIEW,详见 suv_audit.csv
Volvo XC90 SUV 2016-2026,SU1,SU1,APPLIED,SUV_TAPER_REVIEW,详见 suv_audit.csv
