queue_key,地区,MAKE,MODEL,记录数,年份范围,代际,结构,当前车形,source_urls,状态,worker,updated_at
c654caa825e91da65d1a,EU,Fiat,Ducato,464,1982-1988; 1982-1990; 1985-1990; 1986-1987; 1986-1990; 1988-1990; 1989-1990; 1989-1994; 1990-1994; 1994-1998; 1994-2001; 1994-2002; 1995-2002; 1997-2002; 1998-2001; 1998-2002; 1999-2002; 2000-2002; 2001-2002; 2001-2006; 2001-2011; 2001-2026; 2002-2006; 2003-2006; 2004-2006; 2006-2011; 2006-2013; 2006-2014; 2006-2026; 2007-2026; 2009-2026; 2010-2014; 2010-2026; 2011-2014; 2011-2026; 2014-2026; 2015-2026; 2019-2026; 2020-2023; 2021-2023; 2021-2026; 2023-2023; 2023-2026; 2025-2026,Ducato I; Ducato I (280); Ducato I 290; Ducato I facelift; Ducato I pre-facelift; Ducato II; Ducato II (230); Ducato II (244); Ducato II (X230); Ducato II Typ 230; Ducato II facelift; Ducato III; Ducato III (X250); Ducato III E-Ducato (250); Ducato III E-Ducato Hydrogen (250); Ducato III facelift; Ducato III pre-facelift; Ducato X250; Fiat Ducato II facelift; Fiat Ducato III Facelift,Bus; Chassis Cab; MPV; Pickup; Van,P0; SU1,https://4cardata.info/elearn/244/2/244000001/244000003/244000000/244000010;https://4cardata.info/elearn/244/2/244000002/244000000/244000000/244000010;https://aftersales.fiat.com/eLumData/EN/77/244_DUCATO/77_244_DUCATO_603.45.862_EN_03_04.05_L_LG/77_244_DUCATO_603.45.862_EN_03_04.05_L_LG.pdf;https://autogidas.lt/en/auto-katalogas/fiat/ducato/i-14-280.-1987-1990-k17494;https://autogidas.lt/en/auto-katalogas/fiat/ducato/ii-maxi-232.620.1-1998-2002-k37953;https://cng.auto.pl/pliki/DUCATONATURAL.pdf;https://eibach.ch/en/fiat/ducato-bus-230/25-td-4x4-116-ps-94-01;https://fiat.autospirit.ee/images/ducato/ducato_soiduauto.pdf,pending,,2026-09-16T14:21:31+00:00
a78691f294b8c9bfc2ac,EU,Mercedes-benz,Sprinter 3,389,2006-2009; 2006-2016; 2008-2009; 2008-2018; 2009-2016; 2009-2018; 2011-2016; 2011-2018; 2012-2019; 2016-2018; 2018-2021; 2019-2021; 2020-2023; 2020-2026; 2021-2025; 2021-2026; 2022-2025; 2023-2026; 2024-2026,Sprinter II; Sprinter II W906; Sprinter II facelift; Sprinter II pre-facelift; Sprinter III; Sprinter III W907; Sprinter VS30; Sprinter W906; Sprinter W906 facelift; Sprinter W906 pre-facelift; Sprinter W907; Sprinter W910; eSprinter VS30,Bus; Chassis Cab; MPV; Pickup; Van,P0; SU1,https://achtungcamper.com.au/wp-content/uploads/2025/02/Sprinter-VS30-MY24-Tech-Brochure-July-2024.pdf;https://assets.mbvans.com/Mercedes-Benz-Vans/Brochures/MY17-MB-Vans-Family-Brochure.pdf;https://autogidas.lt/en/auto-katalogas/mercedes-benz/sprinter/313-cdi-906.131-2006-2009-k62613;https://autogidas.lt/en/auto-katalogas/mercedes-benz/sprinter/313-cdi-906.235-2009-2013-k79554;https://autogidas.lt/en/auto-katalogas/mercedes-benz/sprinter/316-cdi-906.131-2009-k79564;https://autogidas.lt/en/auto-katalogas/mercedes-benz/sprinter/316-cdi-906.231-2009-k79567;https://autogidas.lt/en/auto-katalogas/mercedes-benz/sprinter/318-cdi-906.231-2006-2009-k62651;https://autogidas.lt/en/auto-katalogas/mercedes-benz/sprinter/319-cdi-906.233-2009-2013-k79583,pending,,2026-09-16T14:21:31+00:00
b5cfdf7133b3e497ecb0,EU,Renault,Master iii,374,2010-2014; 2010-2019; 2010-2024; 2011-2014; 2011-2019; 2011-2024; 2012-2026; 2013-2019; 2013-2026; 2014-2019; 2014-2021; 2014-2024; 2014-2025; 2015-2020; 2015-2024; 2016-2020; 2018-2024; 2019-2024,Master III; Master III Facelift; Master III Phase II; Master III Phase III; Master III facelift; Master III facelift 2019; Renault Master III Phase II; Renault Master III Phase III,Bus; Chassis Cab; Pickup; Van,DUAL; P0; SU1,https://cdn.group.renault.com/ren/ch/renault-new-cars/brochures/Renault_Master_BR_f.pdf;https://cdn.group.renault.com/ren/ie/transversal-assets/brochures/vans-ebrochures/MASTER-eBrochure.pdf.asset.pdf/6aefa469ee.pdf;https://cdn.group.renault.com/ren/ma/ebrochure-2023/master/ct-mobile-master-21072023.pdf;https://e-brochure.renault.fr/master_x62/mobile/ct_master_x62_fr_septembre_2023.pdf;https://renault.com.cy/wp-content/uploads/2023/05/RENAULT_MASTER.pdf;https://www.airevancentre.co.uk/wp-content/uploads/2017/04/renault-master-brochure.pdf;https://www.auto-data.net/en/renault-master-iii-phase-iii-2019-panel-van-2.3-energy-dci-180hp-l1h1-40032;https://www.auto-data.net/en/renault-master-iii-phase-iii-2019-panel-van-2.3-energy-dci-180hp-l1h2-40037,pending,,2026-09-16T14:21:31+00:00
ef76bcabfb9df7a15cf5,EU;RU,Ford,Transit,329,1955-1967; 1957-1967; 1965-1969; 1965-1971; 1965-1973; 1966-1973; 1967-1973; 1968-1973; 1971-1971; 1971-1973; 1971-1978; 1977-1982; 1977-1986; 1978-1985; 1983-1986; 1985-1989; 1985-1992; 1986-1989; 1986-1991; 1986-1992; 1988-1991; 1988-1992; 1991-1994; 1992-1994; 1994-2000; 1995-2000; 1997-2000; 1999-2000; 2000-2003; 2000-2006; 2001-2006; 2002-2006; 2004-2006; 2006-2014; 2007-2014; 2008-2014; 2011-2014,FK 1000/Taunus Transit; Ford Transit Mk2; Ford Transit Mk3; Ford Transit Mk4; Ford Transit Mk7; III; Taunus Transit; Transit MK7; Transit Mk1; Transit Mk2; Transit Mk2 facelift; Transit Mk3; Transit Mk4; Transit Mk5; Transit Mk6; Transit Mk7; Transit V184; Transit V185; Transit V348; Transit VE6; Transit VE6 Facelift; Transit VE6 facelift; Transit VE64; Transit VE83; V,Bus; Chassis Cab; MPV; Van,DUAL; P0; SU1; V0,https://auto.ru/catalog/cars/ford/transit/;https://auto.ru/catalog/cars/ford/transit/specifications/;https://autocatalogarchive.com/wp-content/uploads/2026/04/Ford-Transit-1991-UK.pdf;https://autocatalogarchive.com/wp-content/uploads/2026/06/Ford-Transit-1995-UK.pdf;https://autocatalogarchive.com/wp-content/uploads/2026/06/Ford-Transit-1996-UK.pdf;https://commons.wikimedia.org/wiki/Category:Ford_Taunus_Transit;https://vnx.su/images/avto/ford/big/transit-1986-1990-dimensions.jpg;https://www.autozeitung.de/vw-t1-samba-bulli-ford-transit-panorama-classic-cars-89829.html,pending,,2026-09-16T14:21:31+00:00
6011c137ceadfd7f3665,EU,BMW,3,325,1975-1979; 1975-1980; 1975-1982; 1977-1982; 1978-1982; 1979-1982; 1980-1982; 1981-1984; 1982-1983; 1982-1987; 1982-1991; 1983-1986; 1983-1988; 1983-1989; 1984-1988; 1985-1987; 1985-1990; 1986-1987; 1986-1990; 1986-1991; 1986-1993; 1987-1988; 1987-1989; 1987-1991; 1987-1993; 1988-1989; 1988-1990; 1988-1991; 1988-1993; 1989-1991; 1989-1994; 1990-1992; 1990-1993; 1990-1995; 1991-1993; 1991-1994; 1991-1995; 1991-1998; 1992-1995; 1993-1995; 1993-1998; 1993-1999; 1994-1995; 1994-1999; 1994-2000; 1995-1998; 1995-1999; 1995-2000; 1996-1998; 1996-1999; 1996-2000; 1997-1999; 1997-2000; 1997-2001; 1998-2000; 1998-2001; 1998-2002; 1999-2000; 1999-2001; 1999-2005; 2000-2000; 2000-2001; 2000-2003; 2000-2005; 2000-2006; 2000-2007; 2001-2003; 2001-2004; 2001-2005; 2001-2006; 2001-2007; 2002-2003; 2002-2004; 2002-2005; 2002-2006; 2003-2003; 2003-2005; 2003-2006; 2004-2006; 2004-2007; 2004-2008; 2004-2010; 2004-2011; 2005-2006; 2005-2007; 2005-2008; 2005-2011; 2005-2012; 2006-2007; 2006-2008; 2006-2010; 2006-2011; 2006-2012; 2006-2013; 2007-2008; 2007-2010; 2007-2011; 2007-2012; 2007-2013; 2008-2010; 2008-2011; 2008-2012; 2008-2013; 2009-2011; 2009-2012; 2009-2013; 2010-2011; 2010-2012; 2010-2013; 2011-2011; 2011-2013; 2011-2015; 2011-2016; 2011-2018; 2012-2013; 2012-2015; 2012-2016; 2012-2018; 2012-2019; 2013-2013; 2013-2014; 2013-2015; 2013-2016; 2013-2018; 2013-2019; 2014-2016; 2014-2018; 2014-2026; 2015-2018; 2015-2019; 2015-2026; 2016-2018; 2016-2026; 2018-2018; 2018-2020; 2018-2026; 2019-2020; 2019-2022; 2019-2026; 2020-2026; 2021-2026; 2022-2024; 2022-2026; 2023-2026; 2024-2026; 2025-2026,3 Series E30; 3 Series E30 Baur Topcabriolet; 3 Series E30 Touring; 3 Series E36; 3 Series E36 Compact; 3 Series E36 Touring; 3 Series E46; 3 Series E46 Compact; 3 Series E46 Touring; 3 Series E46 facelift; 3 Series E90; 3 Series E90 LCI; 3 Series E90 facelift; 3 Series E90 pre-facelift; 3 Series E91; 3 Series E91 LCI; 3 Series E91 Touring; 3 Series E91 facelift; 3 Series E92; 3 Series E92 LCI; 3 Series E92 facelift; 3 Series E93; 3 Series F30; 3 Series F30 LCI; 3 Series F31; 3 Series F31 Touring; 3 Series F34; 3 Series F34 Gran Turismo; 3 Series F80; 3 Series G20; 3 Series G20 pre-facelift; 3 Series G21; 3 Series G21 Touring; 3 Series Gran Turismo F34; 3 Series Touring (G21); 3 Series VII; 3 Series VII (G20); 3 Series VII (pre-facelift); BMW 3 Series E21; BMW 3 Series E30; BMW 3 Series E36; BMW 3 Series E46 facelift; BMW 3 Series E91; BMW M3 E30; BMW M3 G80; M3 E30; M3 E30 Sport Evolution; M3 E36; M3 E46; M3 E90; M3 E92; M3 E93; M3 F80; M3 G80; M3 G81,Convertible; Coupe; Hatchback; Sedan; Wagon,H0; SD0; SD1,https://www.auto-data.net/en/bmw-3-series-convertible-e30-320i-129hp-10065;https://www.auto-data.net/en/bmw-3-series-convertible-e46-facelift-2003-318ci-143hp-9964;https://www.auto-data.net/en/bmw-3-series-convertible-e93-325i-218hp-9961;https://www.auto-data.net/en/bmw-3-series-coupe-e30-325i-171hp-46129;https://www.auto-data.net/en/bmw-3-series-coupe-e36-318is-140hp-10051;https://www.auto-data.net/en/bmw-3-series-coupe-e36-323i-170hp-10053;https://www.auto-data.net/en/bmw-3-series-coupe-e46-facelift-2003-318ci-143hp-46092;https://www.auto-data.net/en/bmw-3-series-coupe-e92-325i-218hp-9953,pending,,2026-09-16T14:21:31+00:00
e0716689a0696394a85a,EU,Mercedes-benz,E-Klasse,291,1993-1994; 1993-1995; 1993-1996; 1993-1997; 1993-1998; 1994-1995; 1994-1996; 1994-1997; 1994-1998; 1995-1997; 1995-1999; 1995-2000; 1996-1997; 1996-1998; 1996-1999; 1996-2000; 1996-2002; 1996-2003; 1997-1998; 1997-1999; 1997-2000; 1997-2002; 1997-2003; 1998-1999; 1998-2002; 1999-2002; 1999-2003; 2000-2002; 2000-2003; 2002-2008; 2003-2004; 2003-2005; 2003-2006; 2003-2008; 2003-2009; 2004-2008; 2004-2009; 2005-2006; 2005-2008; 2005-2009; 2006-2008; 2006-2009; 2007-2008; 2007-2009; 2009-2010; 2009-2011; 2009-2013; 2009-2014; 2009-2015; 2009-2016; 2010-2011; 2010-2014; 2010-2016; 2011-2013; 2011-2014; 2011-2015; 2011-2016; 2012-2016; 2013-2015; 2013-2016; 2014-2015; 2014-2016; 2015-2015; 2015-2016; 2016-2018; 2016-2019; 2016-2020; 2016-2023; 2016-2026; 2017-2018; 2017-2019; 2017-2020; 2017-2021; 2017-2023; 2017-2026; 2018-2020; 2018-2023; 2018-2026; 2019-2020; 2019-2023; 2019-2026; 2020-2023; 2020-2026; 2021-2023; 2021-2026; 2022-2023; 2023-2026; 2024-2026,AMG E 53 S213; AMG E 53 W213; E-Class A124; E-Class A124 facelift 1993; E-Class A207; E-Class A207 Facelift; E-Class A238; E-Class A238 facelift; E-Class A238 pre-facelift; E-Class C124; E-Class C124 facelift 1993; E-Class C207; E-Class C207 Facelift; E-Class C238; E-Class C238 facelift; E-Class C238 pre-facelift; E-Class Coupe C238 facelift 2020; E-Class III; E-Class S124; E-Class S124 Phase II; E-Class S210; E-Class S211; E-Class S211 facelift; E-Class S211 pre-facelift; E-Class S212; E-Class S212 facelift; E-Class S212 pre-facelift; E-Class S213; E-Class S213 facelift; E-Class S213 pre-facelift; E-Class S214; E-Class V; E-Class V facelift; E-Class V facelift (W213); E-Class VF211 chassis facelift; E-Class VF211 chassis pre-facelift; E-Class VF211 facelift; E-Class VF211 pre-facelift; E-Class W124; E-Class W124 E 500; E-Class W124 Phase II; E-Class W210; E-Class W210 pre-facelift; E-Class W211; E-Class W211 facelift; E-Class W212; E-Class W212 Facelift; E-Class W212 facelift; E-Class W213; E-Class W213 facelift; E-Class W214; E-Class X213; E-Class X214; E-Class fifth generation; E-Klasse W210; Mercedes-Benz E-Class S211; Mercedes-Benz E-Class W210; Mercedes-Benz E-Class W211; Mercedes-Benz E-Class W211 facelift; Mercedes-Benz E-Class W213 facelift,Chassis Cab; Convertible; Coupe; Sedan; Wagon,P0; SD0; SD1,https://baaf-ks.com/upload/models/eclass/brosure/eclassw212_brosur.pdf;https://imgcdn.oto.com.sg/brochures/8/178/mercedes-benz-e-class-saloon-518737.pdf;https://media.mbusa.com/releases/release-f263b73b74ccd81a68d0f509780e2a97-2021-mercedes-amg-e-63-s-sedan-specifications;https://media.mbusa.com/releases/release-f263b73b74ccd81a68d0f509780e66ce-2021-mercedes-amg-e-63-s-wagon-specifications;https://mercedes-benz-archive.com/marsClassic/en/instance/ko/E-230.xhtml?oid=2461836;https://mercedes-benz-archive.com/marsClassic/en/instance/ko/E-36-AMG-Cabriolet.xhtml?oid=4646;https://mercedes-benz-publicarchive.com/marsClassic/de/instance/ko/E-220-CDI-T-Modell.xhtml?oid=5461;https://mercedes-benz-publicarchive.com/marsClassic/de/instance/ko/E-500-4MATIC-BlueEFFICIENCY-2011---2013.xhtml?oid=188539306,pending,,2026-09-16T14:21:31+00:00
6b58252dec394e8454c1,EU,Mercedes-benz,S-Klasse,274,1966-1967; 1966-1969; 1967-1972; 1968-1972; 1970-1972; 1971-1972; 1972-1976; 1972-1980; 1973-1980; 1975-1980; 1976-1980; 1979-1985; 1980-1981; 1980-1984; 1980-1985; 1981-1985; 1985-1986; 1985-1987; 1985-1989; 1985-1991; 1986-1991; 1987-1991; 1989-1991; 1991-1992; 1991-1998; 1992-1999; 1993-1998; 1994-1999; 1996-1998; 1998-2003; 1998-2005; 1999-2002; 1999-2005; 1999-2006; 2000-2005; 2001-2005; 2001-2006; 2002-2005; 2002-2006; 2003-2005; 2003-2006; 2004-2005; 2005-2009; 2005-2013; 2006-2009; 2006-2010; 2006-2013; 2007-2011; 2008-2013; 2009-2010; 2009-2013; 2010-2013; 2011-2013; 2012-2013; 2013-2017; 2014-2017; 2014-2018; 2014-2019; 2014-2020; 2015-2017; 2015-2020; 2016-2017; 2016-2019; 2017-2019; 2017-2020; 2018-2020; 2019-2020; 2020-2023; 2020-2026; 2021-2026; 2022-2026; 2023-2026; 2026-2026,CL C216; CL C216 facelift; CL C216 pre-facelift; CL-Class C215; Maybach S-Class Cabriolet; Maybach S-Class X222 facelift; Mercedes-Benz S-Class W221; Mercedes-Benz S-Class W223; S-Class A217; S-Class A217 facelift; S-Class C140; S-Class C217; S-Class C217 facelift; S-Class Cabriolet A217; S-Class Coupe C126; S-Class Coupe C140; S-Class Coupe C215; S-Class Coupe C216; S-Class Coupe Facelift; S-Class Long V221; S-Class V126 facelift; S-Class V140; S-Class V221; S-Class V221 AMG facelift; S-Class V221 facelift; S-Class V222 Facelift; S-Class VI facelift; S-Class W108; S-Class W109; S-Class W116; S-Class W126; S-Class W140; S-Class W140 facelift; S-Class W220; S-Class W220 pre-facelift; S-Class W221; S-Class W221 facelift; S-Class W221 pre-facelift; S-Class W222; S-Class W223; S-Klasse W220; W108; W109,Convertible; Coupe; Sedan,SD0; SD1,https://autocatalogarchive.com/wp-content/uploads/2019/01/Mercedes-Clase-S-65-AMG-2014-CN.pdf;https://en.wikipedia.org/wiki/Mercedes-Benz_S-Class_(W222);https://media.mercedes-benz.pl/mercedes-maybach-v12-edition--tam-gdzie-dziedzictwo-spotyka-sie-z-wyrafinowanym-wzornictwem-i-autentycznym-kunsztem/;https://mercedes-benz-archive.com/marsClassic/en/instance/ko/300-SE-from-061993-S-320.xhtml?oid=4928;https://mercedes-benz-archive.com/marsClassic/en/instance/ko/300-SEL-from-061993-S-320-long-wheelbase.xhtml?oid=4930;https://mercedes-benz-archive.com/marsClassic/en/instance/ko/420-SEL.xhtml?oid=4994;https://mercedes-benz-publicarchive.com/marsClassic/de/instance/ko/CL-63-AMG.xhtml?oid=4512;https://mercedes-benz-publicarchive.com/marsClassic/en/instance/ko/221-series-S-Class-Saloons-2009---2013.xhtml?oid=6016889,pending,,2026-09-16T14:21:31+00:00
f058947094d5e5713897,EU,Ford,Transit v363,266,2013-2018; 2014-2018; 2015-2018; 2016-2024; 2016-2026; 2017-2024; 2017-2026; 2019-2024; 2019-2026; 2021-2026; 2022-2025; 2022-2026; 2023-2026; 2025-2026,Transit V363; Transit V363 facelift,Chassis Cab; MPV; Pickup; Van,DUAL; P0; SU1,https://anyrent-storage.s3.eu-west-3.amazonaws.com/ecomobile2934329863/media/uploaded-files/catalogotransitchassis-cabine161221.pdf;https://motorlib.carsireland.ie/brand-dealers/ford/commercials/brochures/Transit-Minibus.pdf;https://www.cavanaghs.com/wp-content/uploads/2016/11/All_New_Transit_eBrochure.pdf;https://www.ford.co.uk/content/dam/guxeu/uk/documents/brochures/cars/BRO-transit_m2_bus_25.5MY.pdf;https://www.ford.co.uk/content/dam/guxeu/uk/documents/brochures/cars/BRO-transit_van_25.5MY.pdf;https://www.ford.co.uk/content/dam/guxeu/uk/documents/brochures/commercial-vehicles/BRO-Transit_Chassis_Cab.pdf;https://www.ford.de/content/dam/guxeu/de/documents/brochures/commercial-vehicles/transit-fahrgestelle-und-pritschenwagen/BRO-ford_transit_fahrgestelle_pritschenwagen.pdf;https://www.ford.de/content/dam/guxeu/de/documents/brochures/commercial-vehicles/transit/ford-bro-transit_van_2025_ebroschure.pdf,pending,,2026-09-16T14:21:31+00:00
a097ff47b24acefe977a,EU,Mercedes-benz,Sprinter 3-T,250,1995-2000; 1995-2006; 1996-2000; 1996-2006; 1997-1999; 1997-2000; 1997-2002; 1998-2001; 2000-2006; 2001-2006; 2002-2006; 2006-2009; 2006-2013; 2006-2016; 2008-2018; 2009-2016; 2009-2018; 2012-2018; 2012-2019; 2016-2018; 2018-2021; 2020-2026; 2021-2025; 2021-2026,Mercedes-Benz Sprinter II Facelift; Sprinter I; Sprinter I T1N; Sprinter I W903; Sprinter II; Sprinter II W906; Sprinter II facelift; Sprinter II pre-facelift; Sprinter III; Sprinter III W907; Sprinter T1N; Sprinter VS30; Sprinter W906; Sprinter W906 facelift; Sprinter W906 pre-facelift,Bus; Chassis Cab; MPV; Pickup; Van,P0; SU1,https://autogidas.lt/en/auto-katalogas/mercedes-benz/sprinter/208-d-902.311-1995-2000-k18354;https://autogidas.lt/en/auto-katalogas/mercedes-benz/sprinter/210-cdi-906.111-2009-2013-k79500;https://autogidas.lt/en/auto-katalogas/mercedes-benz/sprinter/210-cdi-906.211-2009-2013-k79502;https://autogidas.lt/en/auto-katalogas/mercedes-benz/sprinter/210-cdi-906.213-2009-2013-k79503;https://autogidas.lt/en/auto-katalogas/mercedes-benz/sprinter/212-d-902.412-1995-2000-k18369;https://autogidas.lt/en/auto-katalogas/mercedes-benz/sprinter/216-cdi-906.113-2009-2013-k79517;https://autogidas.lt/en/auto-katalogas/mercedes-benz/sprinter/308-d-903.312-1995-2000-k31182;https://autogidas.lt/en/auto-katalogas/mercedes-benz/sprinter/308-d-903.322-1995-2000-k31185,pending,,2026-09-16T14:21:31+00:00
18cb23aa7c730f5ce214,EU;RU,Audi,A3,212,1996-2000; 1996-2001; 1996-2003; 1997-2001; 1998-2003; 1999-2002; 2000-2003; 2001-2003; 2003-2005; 2003-2007; 2003-2008; 2003-2009; 2003-2010; 2003-2012; 2004-2007; 2004-2008; 2004-2009; 2004-2010; 2004-2012; 2004-2013; 2005-2008; 2005-2013; 2006-2008; 2006-2012; 2006-2013; 2007-2012; 2007-2013; 2008-2009; 2008-2010; 2008-2012; 2008-2013; 2009-2012; 2009-2013; 2010-2012; 2010-2013; 2011-2012; 2011-2013; 2012-2014; 2012-2015; 2012-2016; 2012-2017; 2012-2020; 2013-2014; 2013-2015; 2013-2016; 2013-2017; 2013-2018; 2013-2020; 2014-2016; 2014-2017; 2014-2018; 2014-2020; 2015-2016; 2015-2020; 2016-2017; 2016-2020; 2017-2017; 2017-2018; 2017-2020; 2018-2019; 2018-2020; 2019-2026; 2020-2024; 2020-2026; 2021-2026; 2022-2026; 2024-2026; 2025-2026,A3 (8L); A3 8P; A3 8V; A3 8V Facelift; A3 8V facelift; A3 8Y; A3 8Y Sportback; A3 8Y facelift; A3 Cabriolet 8V facelift; A3 I (8L); A3 II; A3 II (8P); A3 II Facelift; A3 II Sportback; A3 II Sportback facelift; A3 II Sportback pre-facelift; A3 II facelift; A3 II pre-facelift; A3 III (8V); A3 IV (8Y); A3 Sedan 8V facelift; A3 Sportback 8PA; A3 Sportback 8V facelift; A3 Sportback IV; Audi A3 8L; I (8L); I (8L) Рестайлинг; II (8P); II (8P) Рестайлинг 1; II (8P) Рестайлинг 2; III (8V); III (8V) Рестайлинг; IV (8Y); IV (8Y) Рестайлинг; RS 3 8P; RS 3 8V; RS 3 8Y; S3 8L; S3 8L facelift; S3 8P; S3 8V; S3 8Y Sedan; S3 8Y Sportback,Convertible; Hatchback; Hatchback 3-door; Hatchback 5-door; Sedan,H0; SD0; SD1,https://auto.ru/catalog/cars/audi/a3/;https://auto.ru/catalog/cars/audi/a3/specifications/;https://media.audi.com/is/content/audi/country/sg/assets/english/models/a3/a3sb/Audi_A3_Sportback_1-0_Spec_Sheet_Mar_24.pdf;https://press.audi.co.uk/assets/documents/original/10210-AudiUK00001056A316TechnicalSpecification.pdf;https://press.audi.co.uk/assets/documents/original/10237-AudiUK00000233A314TFSITechnicalData.pdf;https://press.audi.co.uk/assets/documents/original/10684-AudiUK00000033A314TFSI122PSTechnical.pdf;https://press.audi.co.uk/assets/documents/original/10695-AudiUK00001699AudiA3andS33doorand.pdf;https://press.audi.co.uk/assets/documents/original/10794-AudiUK00000232A3Sportback16Technical.pdf,pending,,2026-09-16T14:21:31+00:00
7d2e74a311929c4b10d5,EU,Peugeot,Boxer,208,1994-1997; 1994-2002; 1996-1998; 1996-2002; 1997-2002; 1999-2002; 2000-2001; 2000-2002; 2001-2002; 2001-2006; 2002-2006; 2004-2006; 2006-2015; 2006-2016; 2006-2026; 2010-2013; 2011-2020; 2011-2026; 2015-2019; 2016-2019; 2016-2023; 2019-2023; 2021-2023; 2023-2026; 2025-2026,Boxer I; Boxer I 230; Boxer I 230L; Boxer I 230P; Boxer I 244; Boxer I Typ 230; Boxer II; Boxer II facelift; Boxer III; Boxer III facelift; Peugeot Boxer I; Peugeot Boxer I Typ 244,Bus; Chassis Cab; Pickup; Van,P0; SU1,https://autogidas.lt/en/auto-katalogas/peugeot/boxer/1000-td-270c-1994-1998-k37737;https://cache1.arabwheels.sa/system/brochures/1101/original/Peugeot-Boxer-Brochure.pdf?1764236697=;https://camperclubskeller.nl/wp-content/uploads/2022/06/Ducato-Instructieboekje-2.8-jtd-2001-2007.pdf;https://motoro.ch/en/fiche-technique/peugeot/boxer-2-0-4x4;https://typenscheinschweiz.ch/typenschein/auto/3PA246;https://vans.honestjohn.co.uk/specs/detail/?v=PEUBOX0114;https://vehiclescore.co.uk/car-dimensions-check/peugeot/boxer;https://www.autojm.fr/pdf/notices/PEUGEOT/boxer.pdf,pending,,2026-09-16T14:21:31+00:00
91ff2627d602e13067cf,EU;RU,Skoda,Octavia,197,1959-1961; 1959-1962; 1959-1971; 1961-1971; 1962-1971; 1996-2000; 1996-2004; 1996-2010; 1997-2003; 1997-2006; 1997-2007; 1997-2010; 1998-2000; 1998-2003; 1998-2004; 1998-2006; 1998-2007; 1998-2010; 1999-2001; 1999-2006; 1999-2007; 2000-2003; 2000-2004; 2000-2006; 2000-2010; 2000-2011; 2001-2006; 2002-2004; 2002-2006; 2004-2006; 2004-2008; 2004-2009; 2004-2010; 2004-2013; 2005-2010; 2005-2013; 2006-2010; 2006-2013; 2007-2013; 2008-2013; 2009-2012; 2009-2013; 2010-2013; 2011-2013; 2012-2015; 2012-2017; 2012-2020; 2013-2015; 2013-2017; 2013-2020; 2014-2017; 2014-2020; 2015-2017; 2015-2020; 2016-2020; 2017-2020; 2017-2023; 2019-2020; 2019-2026; 2020-2026; 2021-2026; 2024-2026; 2025-2026,I; I (A4); I (A4) Рестайлинг; II; II (A5); II (A5) Рестайлинг; III; III (A7); III (A7) Рестайлинг; IV (A8); IV (A8) Рестайлинг; Octavia (1959); Octavia I; Octavia I facelift; Octavia I facelift/Tour; Octavia II; Octavia II (1Z); Octavia II Combi; Octavia II RS facelift; Octavia II RS pre-facelift; Octavia II facelift; Octavia III; Octavia III Combi facelift; Octavia III facelift; Octavia IV; Octavia IV RS; Octavia IV RS iV; Type 985,Hatchback; Liftback; Sedan; Wagon; Wagon 3-door; Wagon 5-door,H0; H2; SD1,https://auto.ru/catalog/cars/skoda/octavia/;https://auto.ru/catalog/cars/skoda/octavia/specifications/;https://autodata24.com/skoda/octavia/octavia-ii-fl-combi-1z5/14-mpi-80-hp/details;https://cdn.skoda-storyboard.com/2016/05/160530_TD_SKODA_Octavia_Combi_RS_en.pdf;https://cdn.skoda-storyboard.com/2016/05/TD-OCTAVIA-COMBI-RS-en.pdf;https://cdn.skoda-storyboard.com/2017/02/170207-%C5%A0KODA-OCTAVIA-Press-Kit.pdf;https://cdn.skoda-storyboard.com/2017/07/TD-OCTAVIA-RS-245-en.pdf;https://cdn.skoda-storyboard.com/2019/08/TD-OCTAVIA-cz.pdf,pending,,2026-09-16T14:21:31+00:00
38f1b5b1cc045fff2481,EU,Mercedes-benz,Sprinter 5-T,195,2001-2006; 2006-2009; 2006-2016; 2008-2018; 2009-2016; 2009-2018; 2011-2016; 2016-2018; 2018-2021; 2019-2021; 2020-2026; 2021-2026; 2022-2026,Sprinter I (W905); Sprinter II; Sprinter II (W906); Sprinter II W906; Sprinter III; Sprinter III (VS30); Sprinter W906,Chassis Cab; Van,P0; SU1,https://blog.le-parnass.com/catalogue_pdf/mercedes-benz_new_sprinter_model_information_price_list2018_e.pdf;https://blog.le-parnass.com/catalogue_pdf/mercedes-benz_sprinter_201409_e.pdf;https://bluesky-cogcms.cdn.imgeng.in/media/87151/62686-mb-vans-sprinter-panel-crew-van-awd-price-list-aw-0221sml.pdf;https://cdn.mattaki.com/mercedes-benz-vans/static-assets/vehicles/brochures/specifications/sprinter-specifications.pdf;https://diysprinter.co.uk/reference/UK-body-builders-arl_sprinterbm906_uk.pdf;https://doczz.net/doc/7059254/sprinter-paketti--ja-kuorma-autoumpimallin---mercedes-benz;https://media.mbvans.co.uk/assets/documents/original/5981-SprinterVanPricelistSept2024.pdf;https://www.autoscout24.de/auto/technische-daten/mercedes-benz/sprinter/513-cdi-sprinter-4x4-16169/,pending,,2026-09-16T14:21:31+00:00
6a5df720fcd9764220e0,EU,BMW,5,185,1972-1975; 1972-1979; 1973-1976; 1974-1981; 1975-1976; 1975-1977; 1975-1981; 1977-1979; 1977-1981; 1979-1981; 1980-1981; 1981-1984; 1981-1987; 1983-1987; 1985-1987; 1986-1987; 1987-1990; 1987-1993; 1988-1990; 1988-1991; 1988-1992; 1989-1994; 1990-1995; 1991-1995; 1991-1996; 1992-1995; 1992-1996; 1993-1994; 1993-1995; 1993-1996; 1994-1995; 1994-1996; 1995-2000; 1996-1996; 1996-1998; 1996-2000; 1996-2003; 1997-2000; 1997-2001; 1997-2003; 1997-2004; 1998-2000; 1998-2003; 2000-2003; 2000-2004; 2001-2005; 2002-2005; 2002-2009; 2003-2005; 2003-2010; 2004-2005; 2004-2007; 2004-2009; 2004-2010; 2005-2007; 2005-2009; 2005-2010; 2006-2008; 2006-2010; 2007-2007; 2007-2008; 2007-2009; 2007-2010; 2008-2009; 2008-2010; 2009-2011; 2009-2012; 2009-2017; 2010-2011; 2010-2012; 2010-2013; 2010-2014; 2010-2016; 2010-2017; 2011-2013; 2011-2016; 2011-2017; 2012-2013; 2012-2016; 2012-2017; 2013-2014; 2013-2016; 2013-2017; 2014-2016; 2014-2017; 2016-2020; 2016-2023; 2017-2019; 2017-2020; 2017-2023; 2017-2026; 2018-2020; 2018-2023; 2019-2020; 2019-2023; 2019-2026; 2020-2023; 2020-2026; 2021-2022; 2022-2023; 2022-2026; 2023-2026; 2024-2026; 2025-2026; 2026-2026,5 Series (G30); 5 Series E12; 5 Series E28; 5 Series E34; 5 Series E39; 5 Series E60; 5 Series E60 LCI; 5 Series E61; 5 Series E61 LCI; 5 Series F07; 5 Series F07 LCI; 5 Series F10; 5 Series F10 LCI; 5 Series F10 facelift; 5 Series F10 pre-facelift; 5 Series F11; 5 Series F11 LCI; 5 Series F90; 5 Series G30; 5 Series G30 LCI; 5 Series G30 facelift; 5 Series G30/G31; 5 Series G31; 5 Series G31 LCI; 5 Series G60; 5 Series G61; 5 Series G90; 5 Series G99; 5 Series Gran Turismo F07; 5 Series Gran Turismo F07 LCI; 5 Series Touring E61; 5 Series VII; 5 Series VII facelift (G30); BMW 5 Series E12; BMW 5 Series E28; BMW 5 Series E34; BMW 5 Series G30 facelift; M5 E28; M5 E61 LCI; M5 F90,Hatchback; Sedan; Wagon,H0; SD1,https://www.adac.de/rund-ums-fahrzeug/autokatalog/marken-modelle/bmw/5er-reihe/e28-e28s/254414/;https://www.adac.de/rund-ums-fahrzeug/autokatalog/marken-modelle/bmw/5er-reihe/e34-e34s-e345s/285746/;https://www.adac.de/rund-ums-fahrzeug/autokatalog/marken-modelle/bmw/5er-reihe/e39-e39s-facelift/108048/;https://www.adac.de/rund-ums-fahrzeug/autokatalog/marken-modelle/bmw/5er-reihe/e39-e39s-facelift/112777/;https://www.adac.de/rund-ums-fahrzeug/autokatalog/marken-modelle/bmw/5er-reihe/e60-e61-facelift/221929/;https://www.adac.de/rund-ums-fahrzeug/autokatalog/marken-modelle/bmw/5er-reihe/e60-e61-facelift/221931/;https://www.adac.de/rund-ums-fahrzeug/autokatalog/marken-modelle/bmw/5er-reihe/g30-g31-f90/300225/;https://www.auto-data.net/en/bmw-5-series-e60-525d-177hp-9596,pending,,2026-09-16T14:21:31+00:00
80ee958e504b6abef9a0,EU,Mercedes-benz,Vario,179,1996-2006; 1996-2010; 1996-2011; 1996-2012; 1996-2013; 1996-2026; 1998-2010; 1998-2013; 1998-2026; 2006-2013; 2006-2026,T2W; Vario; Vario O 815 Teamstar; Vario W670,Bus; Chassis Cab; MPV; Pickup; Triebkopf; Van,P0; SU1,https://mercedes-vario.de/dl/arl_vario_de_20090908.pdf;https://wikibus.blob.core.windows.net/sources5676/EA%20Teamstar%20MB%20O%20815.pdf;https://www.catcar.info/mercedes/?l=Y2xhc3M9PTN8fGNvdW50cnk9PTF8fHN0PT0yMHx8c3RzPT17IjEwIjoiQXNzb3J0bWVudCBjbGFzcyIsIjIwIjoiVmFuLUV1cm9wZSJ9&lang=en;https://www.drom.ru/catalog/lcv/mercedes-benz/vario/272231/;https://www.drom.ru/catalog/lcv/mercedes-benz/vario/272235/;https://www.drom.ru/catalog/lcv/mercedes-benz/vario/272239/;https://www.drom.ru/catalog/lcv/mercedes-benz/vario/272241/;https://www.drom.ru/catalog/lcv/mercedes-benz/vario/272245/,pending,,2026-09-16T14:21:31+00:00
530f2082d780cb15f5e4,EU,Mercedes-benz,C-Klasse,172,1993-2000; 1994-2000; 1995-2000; 1996-1997; 1996-1998; 1996-2000; 1996-2001; 1997-2000; 1997-2001; 1998-2000; 1998-2001; 2000-2001; 2000-2002; 2000-2003; 2000-2007; 2001-2002; 2001-2003; 2001-2004; 2001-2007; 2002-2007; 2002-2008; 2003-2007; 2003-2008; 2004-2007; 2004-2008; 2005-2006; 2005-2007; 2005-2008; 2006-2007; 2007-2008; 2007-2009; 2007-2011; 2007-2014; 2008-2012; 2008-2014; 2009-2014; 2010-2014; 2011-2014; 2011-2026; 2012-2014; 2012-2026; 2013-2014; 2013-2018; 2013-2026; 2014-2016; 2014-2018; 2014-2020; 2014-2021; 2015-2018; 2015-2019; 2015-2020; 2015-2021; 2016-2018; 2016-2020; 2016-2022; 2016-2023; 2018-2018; 2018-2019; 2018-2020; 2018-2021; 2018-2023; 2019-2019; 2019-2021; 2019-2023; 2021-2026; 2022-2026; 2023-2026; 2024-2026,C-Class A205; C-Class A205 facelift; C-Class A205 pre-facelift; C-Class C204; C-Class C205; C-Class C205 facelift; C-Class C205 pre-facelift; C-Class CL203; C-Class III facelift; C-Class IV facelift; C-Class S202; C-Class S203; C-Class S204; C-Class S204 AMG; C-Class S204 facelift; C-Class S204 pre-facelift; C-Class S205; C-Class S205 facelift; C-Class S205 pre-facelift; C-Class S206; C-Class W202; C-Class W203; C-Class W203 facelift; C-Class W204; C-Class W204 AMG; C-Class W204 facelift; C-Class W204 pre-facelift; C-Class W205; C-Class W205 facelift; C-Class W205 pre-facelift; C-Class W206; C-Klasse W202 facelift; C-Klasse W202 pre-facelift; Mercedes-Benz C-Class C205; Mercedes-Benz C-Class S205; Mercedes-Benz C-Class W202; Mercedes-Benz C-Class W205,Convertible; Coupe; Sedan; Wagon,SD0; SD1,https://autocatalogarchive.com/wp-content/uploads/2017/08/Mercedes-Clase-C-2015-AU.pdf;https://kurumacatalog.com/wp-content/uploads/2020/08/2015_AMG_C-Class_sedan_wagon_optionlist.pdf;https://media.mbusa.com/releases/release-21947639f01246098969e5936403a47d-2017-mercedes-amg-c63-coupe-and-c63-s-coupe-specifications-1;https://media.mbusa.com/releases/release-e1808cbe57354b168ecfb4636128aa8f-2017-mercedes-amg-c63-cabrio-and-c63-s-cabrio-specifications;https://mercedes-benz-media.co.uk/assets/documents/original/894-cclasscoupecabrioletbrochure.pdf;https://mercedes-benz-publicarchive.com/marsClassic/de/instance/ko/C-63-AMG-2011---2014.xhtml?oid=189266534;https://mercedes-benz-publicarchive.com/marsClassic/en/instance/ko/203-series-C-Class-Sports-Coups-2001---2004.xhtml?oid=453364;https://mercedes-benz-publicarchive.com/marsClassic/en/instance/ko/204-series-C-Class-Saloons-2007---2011.xhtml?oid=453327,pending,,2026-09-16T14:21:31+00:00
90b3c846d4f858f34e63,EU;RU,Audi,A5,157,2007-2011; 2007-2012; 2007-2017; 2008-2010; 2008-2012; 2008-2013; 2008-2017; 2009-2011; 2009-2012; 2009-2013; 2009-2014; 2009-2017; 2010-2017; 2011-2015; 2011-2016; 2011-2017; 2012-2015; 2012-2017; 2013-2014; 2013-2016; 2013-2017; 2014-2017; 2015-2017; 2016-2018; 2016-2019; 2016-2020; 2016-2026; 2017-2017; 2017-2018; 2017-2019; 2017-2020; 2017-2026; 2018-2019; 2018-2020; 2018-2026; 2019-2020; 2019-2025; 2019-2026; 2020-2026; 2021-2026; 2024-2026; 2025-2026; 2026-2026,A5 F5; A5 F5 Sportback facelift; A5 F5 facelift; A5 F5 pre-facelift; A5 I; A5 I Facelift; A5 I Pre-Facelift; A5 I Sportback; A5 I Sportback facelift; A5 I Sportback pre-facelift; A5 I facelift; A5 I pre-facelift; A5 II; A5 II Facelift; A5 III (B10); A5 Sportback F5; Audi A5 8T Facelift; Audi A5 8T Pre-facelift; Audi A5 F5 facelift; I (8T); I (8T) Рестайлинг; II (F5); II (F5) Рестайлинг; III (B10); RS 5 I; RS 5 II; RS 5 III (B10); RS5 8T; RS5 F5; S5 F5 Sportback facelift; S5 F5 Sportback pre-facelift; S5 F5 facelift; S5 F5 pre-facelift; S5 I; S5 II; S5 III (B10); S5 Sportback F5,Convertible; Coupe; Hatchback; Liftback; Sedan; Wagon; Wagon 5-door,H0; H2; SD0; SD1,https://audi-press.jp/presskits/b7rqqm00000034lo-att/2017_Audi_A5_S5.pdf;https://auto.ru/catalog/cars/audi/a5/;https://auto.ru/catalog/cars/audi/a5/specifications/;https://press.audi.co.uk/assets/documents/original/15950-AudiUK00000101A5Coup%C3%A920TDImultitronic.pdf;https://press.audi.co.uk/assets/documents/original/15958-AudiUK00000141A5PICoup%C3%A920TFSI211PS.pdf;https://press.audi.co.uk/assets/documents/original/16150-AudiUK00000133A5Sportback18TFSI.pdf;https://press.audi.co.uk/assets/documents/original/16369-AudiUK00000349AudiA5andS5Cabriolet.pdf;https://press.audi.co.uk/assets/documents/original/16746-AudiUK00001804AudiA5andS5Coup%C3%A9and.pdf,pending,,2026-09-16T14:21:31+00:00
7db027c255b070ca3ce0,EU,Mini,Mini,142,2001-2006; 2002-2006; 2003-2005; 2003-2006; 2004-2006; 2004-2007; 2004-2008; 2006-2006; 2006-2010; 2006-2012; 2006-2013; 2007-2010; 2007-2013; 2007-2014; 2007-2015; 2008-2010; 2008-2015; 2009-2010; 2009-2013; 2009-2015; 2010-2013; 2010-2014; 2010-2015; 2010-2016; 2011-2013; 2011-2014; 2011-2015; 2011-2016; 2012-2013; 2012-2014; 2012-2016; 2013-2016; 2013-2026; 2014-2015; 2014-2016; 2014-2017; 2014-2018; 2014-2019; 2014-2026; 2015-2019; 2015-2024; 2015-2026; 2016-2017; 2016-2019; 2016-2024; 2016-2026; 2017-2019; 2017-2026; 2019-2026; 2020-2026; 2023-2026; 2024-2026; 2025-2026,Aceman I; Clubman F54; Clubman I; Countryman I; Countryman II facelift (F60); Countryman III; MINI Cabrio R52; MINI Clubman; MINI Clubman I; MINI Clubman II (F54); MINI Clubman II (facelift); MINI Clubman R55; MINI Clubman R55 Facelift; MINI Convertible F57; MINI Convertible R52; MINI Convertible R57; MINI Convertible R57 Facelift; MINI Countryman R60; MINI Coupe; MINI Coupé; MINI Coupé I; MINI F55; MINI F56; MINI F57; MINI Hatch F55; MINI Hatch F56; MINI Hatch R56; MINI I; MINI II; MINI II Clubman; MINI III; MINI IV; MINI R56; MINI R56 Facelift; MINI R57; MINI V; Mini Hatch R56; Mini R50; Mini R53; Mini R55 Clubman JCW; Mini R56 JCW; Mini R57 JCW,Convertible; Coupe; Hatchback; SUV; Van; Wagon,H0; SD0; SD1; SU1,https://libraryofmotoring.info/pdf/specifications/2011-mini-cooper-sd-clubman.pdf;https://www.adac.de/rund-ums-fahrzeug/autokatalog/marken-modelle/mini/mini/r50-r53-r52/998063/;https://www.ausmotive.com/downloads/MINI/Countryman-tech-specs-Feb2011.pdf;https://www.auto-data.net/en/mini-clubman-f54-jcw-2.0-231hp-all4-27275;https://www.auto-data.net/en/mini-convertible-r57-cooper-1.6i-16v-120hp-15326;https://www.auto-data.net/en/mini-convertible-r57-cooper-s-1.6-175hp-21563;https://www.auto-data.net/en/mini-countryman-f60-facelift-2020-cooper-se-1.5-220hp-plug-in-hybrid-all4-steptronic-40760;https://www.auto-data.net/en/mini-hatch-f56-3-door-cooper-s-2.0-192hp-21555,pending,,2026-09-16T14:21:31+00:00
1ca8ba1407f81a4a1e3b,EU,Mercedes-benz,G-Klasse,137,1979-1987; 1979-1989; 1979-1991; 1979-1993; 1980-1987; 1982-1989; 1982-1992; 1982-1993; 1984-1989; 1986-1993; 1987-1991; 1987-1992; 1988-1992; 1989-1993; 1989-1996; 1989-1997; 1990-1992; 1990-1993; 1990-1997; 1991-1996; 1991-1997; 1991-2001; 1993-1994; 1993-1997; 1993-2000; 1994-1997; 1995-1998; 1996-2000; 1997-2001; 1997-2004; 1998-2015; 1999-2008; 2000-2006; 2001-2003; 2003-2006; 2004-2005; 2004-2006; 2004-2011; 2006-2012; 2007-2012; 2008-2012; 2008-2015; 2009-2011; 2009-2014; 2009-2026; 2010-2023; 2011-2015; 2012-2018; 2014-2018; 2015-2018; 2018-2026; 2019-2022; 2019-2026; 2022-2026,G-Class Cabriolet W463 facelift 2007; G-Class Long W463 facelift 2007; G-Class W460; G-Class W461; G-Class W463; G-Class W463 6x6; G-Class W463 II; G-Class W463 facelift; G-Class W463A 4x4²; G-Klasse W463; Mercedes-Benz G-Class W460,Chassis Cab; Convertible; Pickup; SUV,P0; SD0; SU1,https://mercedes-benz-publicarchive.com/marsClassic/en/instance/ko/200-GE-from-091993-G-200-short-wheelbase-1990---1994-only-as-export-model-for-Italy.xhtml?grp=GR_PKW_TYPEN_TECH_DATEN&oid=191039022;https://mercedes-benz-publicarchive.com/marsClassic/en/instance/ko/230-G-long-wheelbase-1979---1989.xhtml?oid=190007641;https://mercedes-benz-publicarchive.com/marsClassic/en/instance/ko/230-G-short-wheelbase-1979---1989.xhtml?oid=190007640;https://mercedes-benz-publicarchive.com/marsClassic/en/instance/ko/230-GE-from-091993-G-230-short-wheelbase-1990---1994.xhtml?oid=191039024;https://mercedes-benz-publicarchive.com/marsClassic/en/instance/ko/230-GE-long-wheelbase-1982---1991.xhtml?oid=190007645;https://mercedes-benz-publicarchive.com/marsClassic/en/instance/ko/230-GE-long-wheelbase-1992---1996.xhtml?oid=191011044;https://mercedes-benz-publicarchive.com/marsClassic/en/instance/ko/230-GE-short-wheelbase-1982---1991.xhtml?oid=190007644;https://mercedes-benz-publicarchive.com/marsClassic/en/instance/ko/250-GD-long-wheelbase-1987---1992.xhtml?oid=190007637,pending,,2026-09-16T14:21:31+00:00
7523b358f3976dfacfd3,EU,Mercedes-benz,Sprinter 4-T,134,1995-2006; 1996-2006; 1997-2006; 2000-2006; 2018-2021; 2019-2021; 2020-2026; 2021-2025; 2021-2026; 2023-2026; 2024-2026,Sprinter I; Sprinter I (W904); Sprinter I W904; Sprinter III; Sprinter III (VS30); Sprinter VS30,Chassis Cab; Pickup; Van,P0; SU1,https://autogidas.lt/en/auto-katalogas/mercedes-benz/sprinter/414-d-4x4-1997-2006-k122369;https://bb-portal.mercedes-benz-vans.com/api/katalog/v1.0/de/catalogs/ar2/vehicle-classes/40/downloads?filenames%5B%5D=_INT%2Fde%2FARL_Sprinter_BR_910_AeJ2025_1a_20250205_de_mS.pdf;https://bluesky-cogcms.cdn.imgeng.in/media/87151/62686-mb-vans-sprinter-panel-crew-van-awd-price-list-aw-0221sml.pdf;https://bluesky-cogcms.cdn.imgeng.in/media/cz0n325y/mb-vans-price-list-sprinter-chassis-crew-june-2022-aw.pdf;https://cdn.mattaki.com/mercedes-benz-vans/static-assets/vehicles/brochures/specifications/sprinter-specifications.pdf;https://es.scribd.com/document/470688869/Manual-sprinter-es;https://katalogus.hasznaltauto.hu/mercedes-benz/mercedes-benz_414_904.612/52313;https://listers.co.uk/new/vans/mercedes-benz/sprinter/4.1t_chassis_cab/60260,pending,,2026-09-16T14:21:31+00:00
b823f62b2e8a67c68a1b,EU;RU,Seat,Leon,131,1999-2006; 2000-2006; 2001-2006; 2002-2004; 2002-2006; 2003-2006; 2005-2006; 2005-2009; 2005-2010; 2005-2012; 2005-2013; 2006-2011; 2006-2012; 2007-2010; 2007-2012; 2009-2012; 2010-2012; 2012-2015; 2012-2016; 2012-2018; 2012-2020; 2013-2014; 2013-2015; 2013-2016; 2013-2018; 2013-2020; 2014-2018; 2014-2020; 2015-2016; 2015-2018; 2015-2020; 2016-2018; 2016-2020; 2017-2018; 2018-2020; 2019-2026; 2020-2026; 2021-2026; 2024-2026,I; II; II Рестайлинг; III; III Рестайлинг; IV; Leon I; Leon II; Leon II Facelift; Leon II Pre-Facelift; Leon II facelift; Leon II facelift 2009; Leon II pre-facelift; Leon III; Leon III (5F); Leon III ST; Leon III ST (5F); Leon III ST Cupra facelift; Leon III ST Facelift; Leon III ST facelift; Leon III facelift; Leon IV; Leon Sportstourer IV,Coupe; Hatchback; Hatchback 3-door; Hatchback 5-door; Wagon; Wagon 5-door,H0; H2; SD0; SD1,https://auto.ru/catalog/cars/seat/leon/;https://auto.ru/catalog/cars/seat/leon/specifications/;https://www.auto-data.net/en/seat-leon-i-1m-1.4-16v-75hp-13615;https://www.auto-data.net/en/seat-leon-i-1m-1.9-tdi-110hp-13621;https://www.auto-data.net/en/seat-leon-ii-1p-1.6-mpi-102hp-13601;https://www.auto-data.net/en/seat-leon-ii-1p-cupra-2.0-tfsi-240hp-13611;https://www.auto-data.net/en/seat-leon-ii-1p-facelift-2009-1.6-tdi-cr-90hp-dpf-46482;https://www.auto-data.net/en/seat-leon-ii-1p-facelift-2009-cupra-2.0-tfsi-240hp-46476,pending,,2026-09-16T14:21:31+00:00
3a53828af97974de1369,EU,Citroën,Jumper iii,127,2006-2012; 2006-2015; 2006-2016; 2006-2026; 2010-2013; 2011-2020; 2011-2026; 2012-2016; 2015-2019; 2019-2023; 2021-2023; 2022-2023; 2023-2026; 2025-2026,Jumper III; Jumper III facelift,Bus; Chassis Cab; MPV; Van,P0; SU1,https://motoro.ch/en/fiche-technique/fiat-dangel/ducato-4x4-2-3;https://westrum.no/wp-content/uploads/2017/08/Citroen-Jumper-2017-utdrag-tekniske-data.pdf;https://www.attardigroup.it/sites/default/files/brochures/ct_jumper.225509.pdf;https://www.carmanualsonline.info/citroen-jumper-2008-5-2-g-owner-s-manual/?srch=dimensions;https://www.charterspeugeot.com/wp-content/uploads/sites/15/2019/07/peugeot-boxer-prices-specifications-brochure-july-2019.pdf;https://www.fabian.hu/wp-content/uploads/2015/06/JUMPER_muszaki_12_16.pdf;https://www.media.stellantis.com/uploads/em/2014/schede_tecniche/DucatoMerciConv_CT_ENG.pdf;https://www.media.stellantis.com/uploads/em/2014/schede_tecniche/DucatoTrasfConv_CT_ENG.pdf,pending,,2026-09-16T14:21:31+00:00
bddd8b9fafff4482fa96,EU,Iveco,Daily iii,126,1999-2006; 1999-2007; 2001-2006; 2001-2007; 2002-2006; 2002-2007; 2003-2006; 2004-2006; 2005-2006,Daily III,Chassis Cab; Van,P0; SU1,https://archive.org/download/iveco-daily-van-40c12-specification-brochure/Van%2040c12.pdf;https://en.iveco-club.com/manual_download.php?id=103;https://en.iveco-club.com/manual_download.php?id=105;https://en.iveco-club.com/manual_download.php?id=90;https://katalogus.hasznaltauto.hu/iveco/daily_35_c_10/50325;https://katalogus.hasznaltauto.hu/iveco/daily_35_c_10/50326;https://katalogus.hasznaltauto.hu/iveco/daily_35_c_10/50327;https://katalogus.hasznaltauto.hu/iveco/daily_35_c_10/50328,pending,,2026-09-16T14:21:31+00:00
fb838c9c9a48f92ad1fe,EU,VW,Polo,125,1975-1981; 1976-1981; 1981-1981; 1981-1983; 1981-1986; 1981-1989; 1982-1986; 1982-1988; 1982-1989; 1983-1987; 1983-1988; 1985-1986; 1985-1987; 1985-1992; 1985-1994; 1986-1988; 1986-1990; 1987-1990; 1987-1994; 1989-1991; 1989-1994; 1990-1994; 1991-1994; 1992-1994; 1994-1996; 1994-1997; 1994-1999; 1995-1997; 1995-1999; 1995-2001; 1996-1996; 1996-1999; 1996-2001; 1997-1999; 1997-2001; 1998-1999; 1998-2001; 1998-2002; 1999-2001; 1999-2002; 2000-2001; 2001-2005; 2001-2007; 2001-2008; 2001-2009; 2002-2006; 2002-2007; 2002-2012; 2002-2026; 2003-2005; 2003-2009; 2003-2010; 2005-2009; 2006-2009; 2007-2009; 2009-2014; 2009-2015; 2009-2022; 2010-2011; 2010-2014; 2010-2022; 2011-2014; 2012-2014; 2013-2014; 2014-2017; 2015-2020; 2017-2019; 2017-2020; 2017-2021; 2017-2026; 2018-2021; 2018-2026; 2020-2026; 2021-2026,II; III; III facelift; IV; IV facelift; IV pre-facelift; Polo I; Polo II; Polo II / Derby; Polo II facelift; Polo III; Polo III (6N); Polo III Classic; Polo III Variant; Polo III Variant Facelift; Polo IV; Polo IV Facelift; Polo IV Sedan; Polo IV facelift; Polo IV pre-facelift; Polo V; Polo V Pre-Facelift; Polo V pre-facelift; Polo VI; V facelift; V pre-facelift; VI facelift; VI pre-facelift; Volkswagen Polo II; Volkswagen Polo III; Volkswagen Polo IV facelift,Coupe; Hatchback; Sedan; Van; Wagon,H0; SD0; SD1; SU1,https://aic-germany.de/en/product-catalogue/348;https://autotras.com/volkswagen/polo-sedan-2010;https://www.auto-data.net/en/volkswagen-polo-ii-86c-1.4-d-48hp-8488;https://www.auto-data.net/en/volkswagen-polo-iii-6n-1.3-55hp-8472;https://www.auto-data.net/en/volkswagen-polo-iii-6n-generation-1859;https://www.auto-data.net/en/volkswagen-polo-iii-6n2-facelift-1999-generation-11343;https://www.auto-data.net/en/volkswagen-polo-iii-classic-6n-1.4-60hp-8453;https://www.auto-data.net/en/volkswagen-polo-iii-classic-6n-generation-1857,pending,,2026-09-16T14:21:31+00:00
4aa90578629fe6d795f2,EU,Iveco,Daily iv,119,2006-2011; 2007-2011; 2008-2011; 2009-2011,Daily IV; Daily IV 4x4,Chassis Cab; Pickup; Van,P0; SU1,https://motoro.ch/en/fiche-technique/iveco/60c15v;https://st.mascus.com/images/atts/1ad195_RIBALTABILE.pdf;https://www.anchorvans.co.uk/specifications/daily;https://www.camperonline.it/magazine/cataloghi/Iveco-Ecodaily4x4.pdf;https://www.carsguide.com.au/iveco/daily/car-dimensions/2010;https://www.iv-service.ru/uploads/Price%20IVECO%20Daily.pdf;https://www.iveco.com/-/media/IVECOdotcom/Content/News/PressKits/Daily_professional_archivio_press_release.pdf?rev=-1;https://www.scribd.com/doc/6349185/Daily-35c15,pending,,2026-09-16T14:21:31+00:00
6972749d08515ad4a0a8,EU,Mercedes-benz,T1,117,1977-1982; 1977-1983; 1977-1989; 1981-1982; 1982-1990; 1982-1996; 1988-1996; 1989-1995; 1989-1996; 1990-1996,Mercedes-Benz T1; T1; T1 (W601); T1 (W602); T1/TN (W611),Chassis Cab; Pickup; Van,P0; SU1,https://autogidas.lt/en/auto-katalogas/mercedes-benz/308/d-602.361-1989-1995-k36227;https://partsouq.com/en/catalog/genuine/diagram?c=MB201810&number=A1109870239&ssd=%24%2AKwFgVEVQGwA6EwVnARBtUDgsDAsVZGtmZ3VaaSEnFBoXHioJe3ZvEhJlZGJqbGE7NyprLSIwOhMvdH0nIzwmODl-cTk1KT87ZGNmZWRidnopdnpwaXZ3fnE5PSk_O2MAdnlwMDp0MScrZWR2eXAlN3QxJypwLgAAAACbufSj%24&vid=0;https://partsouq.com/en/catalog/genuine/diagram?c=MB201810&number=A1243005830&ssd=%24%2AKwGNuaiMjvPOi4rv0PK0m9XB4eb4iYaLipi3hMzK-ff688fklpuC__-IiouNiYvT0MePwM_d1_7CmZDKztHL1dSTnNTYxNLWiY6LiImMm5fEm5edhJuak5zU0MTS1o7tm5Sd3deZ3MrGiImblJ3I2pncysedwwAAAACoznsN%24;https://www.catcar.info/mercedes/?l=Y2xhc3M9PTN8fGNvdW50cnk9PTF8fHN0PT0yMHx8c3RzPT17IjEwIjoiQXNzb3J0bWVudCBjbGFzcyIsIjIwIjoiVmFuLUV1cm9wZSJ9&lang=en;https://www.drom.ru/catalog/lcv/mercedes-benz/t1/278208/;https://www.drom.ru/catalog/lcv/mercedes-benz/t1/278209/;https://www.drom.ru/catalog/lcv/mercedes-benz/t1/278210/;https://www.drom.ru/catalog/lcv/mercedes-benz/t1/278211/,pending,,2026-09-16T14:21:31+00:00
ad52996fb0f59aab2d76,EU,Citroën,Berlingo,115,1996-2002; 1996-2003; 1996-2008; 1996-2011; 1997-2001; 1997-2002; 1998-2002; 1998-2005; 1998-2006; 1999-2005; 1999-2011; 2000-2002; 2000-2005; 2000-2008; 2000-2011; 2002-2005; 2002-2011; 2003-2005; 2003-2008; 2005-2008; 2005-2011; 2008-2018; 2008-2020; 2009-2010; 2009-2018; 2010-2010; 2010-2017; 2010-2018; 2010-2020; 2012-2014; 2012-2018; 2013-2018; 2013-2026; 2014-2018; 2014-2021; 2016-2018; 2017-2018; 2018-2018; 2018-2020; 2018-2021; 2018-2026; 2019-2026; 2021-2026; 2023-2026; 2025-2026,Berlingo I; Berlingo I (M49); Berlingo I (M59); Berlingo I M59 facelift; Berlingo I Phase II; Berlingo II; Berlingo II Facelift; Berlingo III; Berlingo III facelift; Citroën Berlingo I; Citroën Berlingo II Phase III,Chassis Cab; MPV; Van,P0; SU1,https://autocatalogarchive.com/wp-content/uploads/2022/08/Citroen-Berlingo-Multispace-2012-UK.pdf;https://citroen.drive.place/berlingo/i_res/group_furgon/579286;https://citroen.drive.place/berlingo/i_res/group_furgon/579315;https://motoro.ch/en/fiche-technique/citroen-dangel/berlingo-4x4;https://s4bf885b88c0d668f.jimcontent.com/download/version/1595487575/module/9006515520/name/Peugeot%20Partner%20Tepee%20Brochure.pdf;https://v2.motoro.ch/en/fiche-technique/citroen/berlingo-1-9d-4x4;https://www.anchorvans.co.uk/specifications/berlingo;https://www.auto-data.net/en/citroen-berlingo-model-1694,pending,,2026-09-16T14:21:31+00:00
fb897c3a801cf4d8b662,EU,VW,Lt 28-35 i,108,1975-1980; 1975-1983; 1978-1991; 1979-1992; 1982-1989; 1982-1992; 1982-1993; 1986-1992; 1988-1992; 1989-1992; 1989-1996; 1990-1992; 1990-1996; 1991-1992; 1992-1994; 1992-1996; 1994-1996,LT I; LT I 4x4; LT I Syncro; VW LT I,Bus; Chassis Cab; Pickup; Van,P0; SU1,https://vwlt.co.uk/wp-content/uploads/1987-12%20Der%20VW%20LT%204x4.pdf;https://www.lt-forum.de/dokuwiki/lib/exe/fetch.php?media=startseite%3Aprospekte%3Avolkswagen%3Avw_lt_4x4_prospekt_1991%3Avw_lt_4x4_prospekt_1991.pdf;https://www.scribd.com/document/807413617/Volkswagen-LT-Workshop-Manual-1976-1987-PDF;https://www.thesamba.com/vw/archives/lit/lt_tech_specs/LTtechspecs.pdf,pending,,2026-09-16T14:21:31+00:00
2e223a657b064281088b,EU;RU,Peugeot,Expert,106,1995-2006; 1996-1998; 1996-2000; 1998-2006; 2000-2006; 2002-2006; 2003-2006; 2007-2012; 2007-2016; 2007-2026; 2009-2026; 2010-2026; 2011-2016; 2011-2026; 2012-2016; 2016-2019; 2016-2022; 2016-2023; 2016-2025; 2018-2025; 2018-2026; 2019-2022; 2020-2023; 2020-2026; 2021-2025; 2023-2024; 2023-2025; 2023-2026; 2024-2026; 2025-2026,Expert I; Expert II; Expert III; Expert III Combi; Expert III K0; Expert III facelift; I; II; II Рестайлинг; III; III facelift; III Рестайлинг; K0,Bus; Chassis Cab; MPV; Van,P0; SU1; V0,https://auto.ru/catalog/cars/peugeot/expert/;https://auto.ru/catalog/cars/peugeot/expert/specifications/;https://autocatalogarchive.com/wp-content/uploads/2024/05/Peugeot-Expert-2024-UK.pdf;https://autogidas.lt/en/auto-katalogas/peugeot/expert/i-2.0-hdi-220c-2004-2006-k51951;https://autogidas.lt/en/auto-katalogas/peugeot/expert/ii-tepee-l1-premium-2007-2011-k67403;https://autogidas.lt/en/auto-katalogas/peugeot/expert/ii-tepee-l2-premium-2007-2011-k67404;https://citroen.manymanuals.com/cars/dispatch-crew-van/brochure-16949/12;https://manuals.plus/m/9be6f7e56bf89f757deea34af28f3bc0cdc8ecd3a64ebd87ac690c81c1fd1321_optim.pdf,pending,,2026-09-16T14:21:31+00:00
b3788bc72c3b609e169f,EU;RU,Audi,100,101,1968-1971; 1968-1976; 1970-1971; 1970-1976; 1971-1974; 1971-1976; 1975-1976; 1976-1978; 1976-1982; 1976-1983; 1977-1980; 1977-1982; 1977-1983; 1978-1982; 1978-1983; 1980-1982; 1980-1984; 1982-1984; 1982-1987; 1982-1988; 1983-1984; 1983-1987; 1983-1989; 1983-1990; 1984-1986; 1984-1987; 1984-1988; 1985-1986; 1985-1987; 1985-1990; 1986-1987; 1986-1988; 1986-1990; 1988-1990; 1988-1991; 1989-1990; 1989-1991; 1990-1990; 1990-1992; 1990-1994; 1991-1994; 1992-1994,100 C1; 100 C4; 100 S4 C4; Audi 100 C1; Audi 100 C1 facelift; Audi 100 C2; Audi 100 C2 Avant; Audi 100 C2 facelift; Audi 100 C3; Audi 100 C3 Avant; Audi 100 C3 facelift; Audi 100 C4; Audi 100 Coupe S C1; Audi S4 C4; I (C1); II (C2); III (C3); III (C3) Рестайлинг; IV (C4),Coupe; Hatchback; Sedan; Wagon; Wagon 5-door,H0; H2; SD0; SD1,https://auto.ru/catalog/cars/audi/100/;https://auto.ru/catalog/cars/audi/100/specifications/;https://gazoo.pl/samochody/audi/audi-100/wymiary/;https://www.audi.com/en/ascent-to-the-premium-segment-17326;https://www.auto-data.net/en/audi-100-4a-c4-2.3-e-133hp-quattro-4089;https://www.auto-data.net/en/audi-100-4a-c4-2.5-tdi-115hp-4091;https://www.auto-data.net/en/audi-100-avant-4a-c4-2.0-16v-137hp-26430;https://www.auto-data.net/en/audi-100-avant-4a-c4-2.5-tdi-115hp-4077,pending,,2026-09-16T14:21:31+00:00
e880a2560b8b34e11303,EU,Mercedes-benz,Sprinter 4,100,2006-2009; 2006-2016; 2009-2009; 2009-2016; 2009-2018; 2013-2018; 2016-2018,Sprinter II; Sprinter II W906; Sprinter II facelift; Sprinter II facelift 2013,Chassis Cab; Pickup; Van,P0; SU1,https://blog.le-parnass.com/catalogue_pdf/mercedes-benz_sprinter_201409_e.pdf;https://www.diysprinter.co.uk/reference/UK-body-builders-arl_sprinterbm906_uk.pdf;https://www.drom.ru/catalog/lcv/mercedes-benz/sprinter/specs/dimensions/;https://www.yumpu.com/en/document/view/36058966/sprinter-brochure-pdf-mercedes-benz;https://xr793.com/wp-content/uploads/2022/12/2011-Mercedes-Benz-Sprinter-Panel-Van-UK.pdf;https://xr793.com/wp-content/uploads/2022/12/2014-Mercedes-Benz-Sprinter-Van-UK.pdf;https://xr793.com/wp-content/uploads/2022/12/2017-Mercedes-Benz-Sprinter-Price-List-UK.pdf;https://xr793.com/wp-content/uploads/2023/10/2014-Mercedes-Benz-Sprinter-Cab-Chassisand-Motorhome-AUS.pdf,pending,,2026-09-16T14:21:31+00:00
9d40ec758f6e36d66dfa,EU,Mercedes-benz,Sprinter 2-T,98,1995-2000; 1995-2006; 1996-2000; 1997-2000; 2000-2006,Sprinter I; Sprinter I T1N; Sprinter I facelift; Sprinter I pre-facelift; Sprinter T1N,Bus; Chassis Cab; MPV; Van,P0; SU1,https://autogidas.lt/en/auto-katalogas/mercedes-benz/sprinter/208-d-902.311-1995-2000-k18354;https://autogidas.lt/en/auto-katalogas/mercedes-benz/sprinter/212-d-902.412-1995-2000-k18369;https://autogidas.lt/en/auto-katalogas/mercedes-benz/sprinter/308-d-903.312-1995-2000-k31182;https://partsouq.com/en/catalog/genuine/diagram?c=MB201810&number=A0001500224;https://partsouq.com/en/catalog/genuine/diagram?c=MB201810&number=A0009902104;https://vandimensions.com/database/mercedes/sprinter-1;https://www.autodoc.co.uk/car-parts/air-filter-10360/mercedes-benz/sprinter/sprinter-3-t-platform-chassis-903/8678-308-d-2-3-903-311-903-312-903-322;https://www.autodoc.co.uk/car-parts/centre-rod-assembly-15157/mercedes-benz/sprinter/sprinter-2-t-platform-chassis-901-902/8670-212-d-901-421-902-412,pending,,2026-09-16T14:21:31+00:00
6cf31305755a4880cfae,EU,Mercedes-benz,T2/ln1,96,1986-1989; 1986-1994; 1987-1992; 1987-1994; 1989-1994; 1994-1994,"T2/LN1; T2/LN1,669.001",Bus; Chassis Cab; Pickup; Pritsche/Fahrgestell; Triebkopf; Van,P0; SU1,https://www.drom.ru/catalog/lcv/mercedes-benz/t2/426081/;https://www.drom.ru/catalog/lcv/mercedes-benz/t2/426146/;https://www.drom.ru/catalog/lcv/mercedes-benz/t2/426196/;https://www.drom.ru/catalog/lcv/mercedes-benz/t2/specs/dimensions/,pending,,2026-09-16T14:21:31+00:00
a532cb5004d08c2e607c,EU;RU,Renault,Kangoo,92,1997-2001; 1997-2003; 1997-2008; 1997-2026; 1998-2001; 1998-2003; 1999-2003; 2000-2026; 2001-2018; 2001-2026; 2002-2004; 2002-2026; 2003-2009; 2003-2026; 2005-2010; 2005-2026; 2007-2013; 2008-2026; 2009-2012; 2009-2026; 2010-2026; 2011-2026; 2012-2026; 2013-2021; 2013-2026; 2017-2026; 2019-2026; 2021-2026; 2022-2026,Grand Kangoo II; I; I Рестайлинг; II; II Рестайлинг; III; Kangoo Be Bop; Kangoo I; Kangoo I (facelift 2003); Kangoo I 4x4; Kangoo I Elect'road; Kangoo I Express (facelift 2003); Kangoo I Phase I; Kangoo I Pre-Facelift; Kangoo I facelift; Kangoo I phase I; Kangoo I phase II; Kangoo II; Kangoo II Phase II; Kangoo II facelift; Kangoo III; Renault Kangoo II; Renault Kangoo II facelift,Hatchback; MPV; Van,H0; SU1; V0,https://auto.ru/catalog/cars/renault/kangoo/;https://auto.ru/catalog/cars/renault/kangoo/specifications/;https://cdn.group.renault.com/ren/ie/transversal-assets/brochures/vans-ebrochures/KANGOO-eBrochure.pdf.asset.pdf/793b2e36cf.pdf;https://www.auto-data.net/en/renault-kangoo-i-express-fc-1.5-dci-82hp-10732;https://www.auto-data.net/en/renault-kangoo-i-express-fc-1.6i-16v-95hp-4x4-10734;https://www.auto-data.net/en/renault-kangoo-i-express-fc-1.9-d-55hp-17670;https://www.auto-data.net/en/renault-kangoo-i-express-fc-1.9-dci-80hp-4x4-10736;https://www.auto-data.net/en/renault-kangoo-i-express-fc-facelift-2003-1.5-dci-82hp-33874,pending,,2026-09-16T14:21:31+00:00
68167e830bb4a6af62cd,EU;RU,Peugeot,Partner,91,1996-1998; 1996-2002; 1996-2005; 1996-2015; 1997-2000; 1997-2002; 1999-2008; 2000-2002; 2000-2008; 2001-2008; 2002-2006; 2002-2008; 2002-2012; 2003-2006; 2004-2005; 2004-2011; 2005-2008; 2005-2010; 2005-2011; 2005-2015; 2006-2008; 2008-2012; 2008-2026; 2009-2010; 2009-2026; 2010-2026; 2011-2026; 2012-2015; 2012-2026; 2013-2026; 2015-2026; 2016-2026; 2018-2024; 2018-2026; 2019-2026; 2021-2026; 2023-2026; 2024-2026; 2025-2026,I; I Рестайлинг; II; II Рестайлинг; II Рестайлинг 2; III; III Рестайлинг; Partner I; Partner I Phase I; Partner I Phase II; Partner I facelift; Partner I pre-facelift; Partner II; Partner II facelift; Partner III; Partner III (K9); Peugeot Partner II; Peugeot Partner II Tepee,Chassis Cab; MPV; Van,P0; SU1; V0,https://auta5p.eu/lang/en/katalog/auto.php?idf=Dangel-Peugeot-Partner-4x4-3810;https://auto.ru/catalog/cars/peugeot/partner/;https://auto.ru/catalog/cars/peugeot/partner/specifications/;https://autocatalogarchive.com/wp-content/uploads/2023/08/Peugeot-Partner-2008-AU.pdf;https://jomologia.hr/Detalji?id=35220&redniBroj=0;https://peugeot.drive.place/partner/i/group_furgon/604252;https://peugeot.drive.place/partner/ii/group_furgon/604107;https://s4bf885b88c0d668f.jimcontent.com/download/version/1595487575/module/9006515520/name/Peugeot%20Partner%20Tepee%20Brochure.pdf,pending,,2026-09-16T14:21:31+00:00
8f66c7e6967e45700a64,EU;RU,Ford,Taunus,89,1951-1953; 1951-1963; 1953-1963; 1954-1958; 1957-1960; 1959-1963; 1960-1965; 1961-1965; 1962-1967; 1963-1967; 1964-1967; 1964-1968; 1966-1971; 1967-1971; 1967-1974; 1968-1971; 1968-1974; 1969-1974; 1970-1975; 1970-1976; 1971-1976; 1972-1976; 1974-1975; 1975-1979; 1976-1979; 1979-1982,20M P7A; 20M P7B; Ford P7A; Ford P7B; Ford Taunus TC1; Ford Taunus TC2; Ford Taunus TC3; I; II; III; P5; Taunus G13; Taunus G13AL; Taunus G4B; Taunus G93A; Taunus P2; Taunus P3; Taunus P4; Taunus P5; Taunus P6; Taunus P7A; Taunus P7B; Taunus TC1; Taunus TC2; Taunus TC3,Convertible; Coupe; Sedan; Wagon; Wagon 3-door; Wagon 5-door,H2; SD0; SD1,https://auto.ru/catalog/cars/ford/taunus/;https://auto.ru/catalog/cars/ford/taunus/specifications/;https://www.autodoc.co.uk/car-parts/automatic-transmission-fluid-12093/ford/taunus/taunus-20m-42f/27796-2-6;https://www.autodoc.co.uk/car-parts/battery-10142/ford/taunus/taunus-20m-42f/27797-2-3;https://www.autodoc.co.uk/car-parts/drum-brake-lining-kit-74824/ford/taunus/taunus-20m-coupe-43f/27799-2-3;https://www.autodoc.parts/spares/ford/taunus/taunus-17m-coupe-p3/6513-1-7-s;https://www.autodoc24.fr/car-parts/main-bearings-crankshaft-15062/ford/taunus/taunus-20m-coupe-43f/27798-2-6;https://www.autodoc24.fr/car-parts/seal-valve-stem-10328/ford/taunus/taunus-20m-41f/27794-2-6,pending,,2026-09-16T14:21:31+00:00
06c9f4dc30ae21648a27,EU;RU,Saab,9-3,86,1998-2000; 1998-2002; 1998-2003; 1999-2002; 1999-2003; 2000-2002; 2001-2003; 2002-2008; 2002-2015; 2003-2015; 2004-2015; 2005-2015; 2006-2007; 2006-2015; 2007-2014; 2007-2015; 2008-2010; 2008-2011; 2008-2015; 2009-2011; 2009-2015; 2011-2015,9-3 I; 9-3 II; 9-3 II Facelift; 9-3 II Griffin; 9-3 II Pre-Facelift; 9-3 II facelift; 9-3 II facelift 2007; 9-3 II pre-facelift; I; II; II Рестайлинг; Saab 9-3 Convertible II; Saab 9-3 Convertible II facelift; Saab 9-3 II Pre-facelift,Convertible; Hatchback; Hatchback 3-door; Hatchback 5-door; Sedan; Wagon; Wagon 5-door,H0; H2; SD0; SD1,https://www.auto-data.net/en/saab-9-3-convertible-i-2.0-t-205hp-11967;https://www.auto-data.net/en/saab-9-3-convertible-ii-facelift-2007-1.9-tid-150hp-54589;https://www.auto-data.net/en/saab-9-3-convertible-ii-facelift-2007-generation-10611;https://www.auto-data.net/en/saab-9-3-convertible-ii-generation-2539;https://www.auto-data.net/en/saab-9-3-convertible-ii-griffin-facelift-2011-1.9-ttid-160hp-54619;https://www.auto-data.net/en/saab-9-3-model-1275;https://www.auto-data.net/en/saab-9-3-sedan-ii-2.8-turbo-v6-250hp-11921;https://www.auto-data.net/en/saab-9-3-sedan-ii-facelift-2007-1.9-ttid-180hp-11908,pending,,2026-09-16T14:21:31+00:00
1db16226abc3ea4dbe3a,EU;RU,Toyota,Yaris,86,1999-2002; 1999-2003; 1999-2005; 2000-2003; 2000-2005; 2001-2005; 2002-2005; 2003-2005; 2005-2009; 2005-2010; 2005-2011; 2005-2012; 2005-2013; 2006-2011; 2006-2013; 2007-2011; 2008-2011; 2009-2012; 2010-2011; 2010-2014; 2010-2020; 2011-2017; 2011-2018; 2012-2017; 2012-2020; 2013-2017; 2014-2017; 2014-2018; 2014-2020; 2015-2017; 2015-2020; 2016-2020; 2016-2021; 2017-2020; 2018-2020; 2020-2026; 2023-2026; 2024-2026; 2025-2026,Belta XP90; DJ/DL; I; I Рестайлинг; II; II Рестайлинг; III; III Рестайлинг; III Рестайлинг 2; IV; IV Рестайлинг; Toyota Yaris Cross I; Toyota Yaris II; Toyota Yaris II facelift; XP150; XP150 Рестайлинг; XP150 Рестайлинг 2; Yaris I; Yaris I facelift; Yaris I facelift 2003; Yaris I pre-facelift; Yaris II; Yaris III; Yaris III Facelift; Yaris III Pre-Facelift; Yaris III facelift; Yaris III facelift 2014; Yaris III facelift 2017; Yaris IV XP210; Yaris IV XP210 (GR Yaris); Yaris Verso; Yaris Verso facelift,Hatchback; Hatchback 3-door; Hatchback 5-door; MPV; SUV; Sedan; Van,H0; SD1; SU1,https://auto.ru/catalog/cars/toyota/yaris/;https://auto.ru/catalog/cars/toyota/yaris/specifications/;https://media.toyota.co.uk/2009-toyota-yaris-less-is-so-much-more/;https://media.toyota.co.uk/all-new-yaris-cross-extends-toyotas-market-leading-hybrid-electric-suv-line-up/;https://media.toyota.co.uk/wp-content/uploads/sites/5/1485445765170110MTechSpec.pdf;https://media.toyota.co.uk/wp-content/uploads/sites/5/2021/03/1611774776210127MYarisTechSpec.pdf;https://media.toyota.co.uk/wp-content/uploads/sites/5/pdf/210713M-Yaris-Tech-Spec.pdf;https://media.toyota.co.uk/wp-content/uploads/sites/5/pdf/Gen2-Yaris-SR-archive-press-pack.pdf,pending,,2026-09-16T14:21:31+00:00
c6f8c2760f1ebc7c2704,EU;RU,Fiat,Scudo,85,1995-2007; 1996-1998; 1996-2006; 1998-2006; 1999-2006; 2000-2006; 2002-2006; 2004-2006; 2007-2016; 2010-2016; 2011-2016; 2021-2023; 2022-2023; 2022-2025; 2022-2026; 2023-2026; 2024-2025; 2024-2026; 2025-2026,I; II; III; III Рестайлинг; Scudo I; Scudo I (220); Scudo I Combinato; Scudo I facelift; Scudo II; Scudo III; Scudo III facelift,Chassis Cab; MPV; Van,P0; SU1; V0,https://auto.ru/catalog/cars/fiat/scudo/;https://auto.ru/catalog/cars/fiat/scudo/specifications/;https://fiat.drive.place/scudo/i/group_minivan/385660;https://globalvans.co.uk/avm/images/vans/FISC/Fiat%20Scudo%202024%20Brochure.pdf;https://mezzicommerciali.it/wp-content/uploads/2022/07/Fiat-Scudo-brochures.pdf;https://motoro.ch/en/fiche-technique/citroen-dangel/e-jumpy-4x4;https://motoro.ch/en/fiche-technique/fiat-dangel/scudo-2-0-mj;https://sav.dangel.com/sites/sav.dangel.fr/files/pdf/4096F_ENG.pdf,pending,,2026-09-16T14:21:31+00:00
378fa19936241368a3ef,EU;RU,Mercedes-benz,Vito,79,1996-2003; 1997-2003; 1999-2003; 2003-2010; 2003-2026; 2004-2008; 2006-2026; 2007-2014; 2007-2026; 2010-2014; 2010-2026; 2012-2026; 2014-2026; 2015-2026; 2019-2023; 2019-2026; 2020-2026; 2021-2026; 2023-2026; 2025-2026,I (W638); II (W639); II (W639) Рестайлинг; III (W447); III (W447) Рестайлинг; III (W447) Рестайлинг 2; Vito III; Vito W447; Vito W447 facelift; Vito W638; Vito W639; Vito W639 Facelift; Vito W639 facelift; eVito W447,Bus; MPV; Van,SU1; V0,https://auto.ru/catalog/cars/mercedes/vito/;https://auto.ru/catalog/cars/mercedes/vito/specifications/;https://bluesky-cogcms.cdn.imgeng.in/media/zbsgqv1o/64464-007-mb-vito-panel-van-and-crew-van-july-2023-aw-v3-final-270623.pdf;https://cms.my.na/assets/documents/p18v4tdkgq1b4j1c3qdlc18sg1s122.pdf;https://globalvans.co.uk/avm/images/vans/MEVD/Mercede_Vito_october_2019.pdf;https://manuals.plus/m/c431d8edfab37ad189fb516dad48accb05609bbc2732ac567b2cd43a41d1769d.pdf;https://mercedes-benz-publicarchive.com/marsClassic/en/instance/ko/638-series-V-Class-Multi-Purpose-Vehicles-1999---2003.xhtml?oid=5635;https://mercedes-benz-publicarchive.com/marsClassic/en/instance/ko/V-220-CDI-1999---2003.xhtml?oid=193665761,pending,,2026-09-16T14:21:31+00:00
1879ff427ef24eb7bffb,EU;RU,Jaguar,Xj,78,1968-1973; 1968-1975; 1969-1975; 1972-1973; 1973-1976; 1973-1978; 1973-1979; 1973-1980; 1973-1992; 1975-1979; 1975-1981; 1975-1986; 1975-1993; 1979-1987; 1979-1993; 1981-1987; 1981-1992; 1983-1988; 1983-1989; 1985-1986; 1985-1992; 1986-1989; 1986-1990; 1986-1992; 1986-1994; 1988-1991; 1988-1992; 1989-1993; 1989-1994; 1990-1994; 1991-1993; 1991-1994; 1993-1994; 1993-1996; 1994-1996; 1994-1997; 1996-1997; 1997-2003; 2003-2009; 2005-2009; 2007-2009; 2009-2015; 2009-2016; 2009-2019; 2012-2019; 2013-2019; 2015-2019; 2017-2019,I (Series 1); I (Series 2); I (Series 3); II (X300); II (X308); II (XJ40); III (X350/X358); IV (X351); IV (X351) Рестайлинг; Jaguar XJ Series I; Jaguar XJ Series II; Jaguar XJ Series III; Jaguar XJ40; Jaguar XJ81; XJ I; XJ II; XJ III; XJ IV; XJ Series I; XJ Series II; XJ Series III; XJ X300; XJ X351; XJ X358; XJ-S Series 1 Coupe; XJ40; XJS; XJS Facelift; XJS Series 2 Coupe,Coupe; Sedan,SD0; SD1,https://auto.ru/catalog/cars/jaguar/xj/;https://auto.ru/catalog/cars/jaguar/xj/specifications/;https://autocatalogarchive.com/wp-content/uploads/2018/02/Jaguar-XJ-2008-INT.pdf;https://jec.org.uk/models/xj40-saloons/;https://www.auto-data.net/en/jaguar-xj-long-x351-5.0-v8-supercharged-470hp-automatic-6-speed-51395;https://www.auto-data.net/en/jaguar-xj-x300-3.2-24v-classic-211hp-automatic-24555;https://www.auto-data.net/en/jaguar-xj-x300-4.0-24v-classic-sovereign-241hp-automatic-187;https://www.auto-data.net/en/jaguar-xj-x300-6.0-v12-classic-311hp-automatic-191,pending,,2026-09-16T14:21:31+00:00
4b5caf64bf5e4b574fd0,EU;RU,Toyota,Land cruiser,77,1960-1984; 1969-1975; 1969-1984; 1975-1980; 1975-1986; 1979-1980; 1980-1984; 1980-1990; 1981-1987; 1981-1988; 1982-1985; 1982-1989; 1984-1985; 1984-1987; 1984-1993; 1984-1996; 1984-2007; 1985-1989; 1985-1990; 1987-1992; 1989-1994; 1990-1993; 1990-2001; 1990-2026; 1992-1999; 1993-1996; 1995-1997; 1998-2002; 2002-2005; 2005-2007; 2007-2012; 2007-2023; 2012-2015; 2015-2021; 2021-2026; 2023-2026; 2024-2026; 2025-2026,100 Series; 100 Series Рестайлинг 1; 100 Series Рестайлинг 2; 200 Series; 200 Series Рестайлинг 1; 200 Series Рестайлинг 2; 300 Series; 40 Series; 60 Series; 70 Series; 70 Series Рестайлинг 1; 70 Series Рестайлинг 2; 80 Series; 80 Series Рестайлинг; J250; J40; J55; J60; J70; Land Cruiser 60; Land Cruiser 70; Land Cruiser Prado 70,Pickup; SUV; SUV 3-door; SUV 5-door; Van,P0; SU1,https://auta5p.eu/lang/en/katalog/auto.php?idf=Toyota-Land-Cruiser-FJ40-3.9-26770;https://auto.ru/catalog/cars/toyota/land_cruiser/;https://auto.ru/catalog/cars/toyota/land_cruiser/specifications/;https://car.motor-fan.jp/catalog/TOYOTA/10102504/10001591;https://newsroom.toyota.eu/the-all-new-toyota-land-cruiser-a-modern-icon-true-to-its-heritage/;https://www.auto-data.net/en/toyota-land-cruiser-j60-wagon-4.0-diesel-101hp-4wd-3744;https://www.auto-data.net/en/toyota-land-cruiser-j60-wagon-4.0-diesel-103hp-4wd-3745;https://www.auto-data.net/en/toyota-land-cruiser-j60-wagon-4.0-turbo-d-136hp-4wd-3747,pending,,2026-09-16T14:21:31+00:00
e9f1d44bd5d21fb61e16,EU,VW,Transporter t5,77,2003-2009; 2003-2011; 2003-2013; 2003-2015; 2004-2009; 2006-2009; 2006-2015; 2007-2015; 2009-2015; 2010-2015; 2011-2015; 2012-2015,T5; Transporter T5; Transporter T5 Facelift; Transporter T5 facelift,Bus; Chassis Cab; MPV; Pickup; Van,P0; SU1,https://blog.le-parnass.com/catalogue_pdf/vw_transporter_vans2014.pdf;https://vandimensions.com/media/pages/database/volkswagen/transporter-t5/d326887c85-1626523397/volkswagen_transporter_t5ii_specifications_201403.pdf;https://www.auto-data.net/en/volkswagen-transporter-t5-facelift-2009-kombi-2.0-tdi-84hp-l1h1-50244;https://www.auto-data.net/en/volkswagen-transporter-t5-panel-van-1.9-tdi-102hp-dpf-l1h1-49987;https://www.auto-data.net/en/volkswagen-transporter-t5-panel-van-2.5-tdi-130hp-l1h1-49881;https://www.auto-data.net/en/volkswagen-transporter-t5-panel-van-2.5-tdi-130hp-l1h2-49957;https://www.auto-data.net/en/volkswagen-transporter-t5-panel-van-2.5-tdi-130hp-l2h1-49909;https://www.auto-data.net/en/volkswagen-transporter-t5-panel-van-2.5-tdi-130hp-l2h2-49939,pending,,2026-09-16T14:21:31+00:00
a7aeedd2c0300f7e46e6,EU;RU,Fiat,Panda,76,1980-1994; 1981-1985; 1981-2003; 1982-1983; 1983-1986; 1986-1989; 1986-1992; 1986-1994; 1986-2003; 1987-1998; 1991-1999; 1991-2004; 1992-1996; 1992-2004; 1995-2003; 1995-2004; 2000-2004; 2003-2012; 2003-2026; 2004-2006; 2004-2011; 2004-2026; 2006-2013; 2006-2026; 2007-2009; 2007-2011; 2009-2026; 2010-2013; 2010-2026; 2011-2026; 2012-2026; 2013-2026; 2014-2026; 2015-2026; 2019-2026; 2020-2026; 2022-2026,Fiat Panda II; I; II; III; Panda 141 Series I; Panda 141A; Panda 169; Panda 319; Panda 319 facelift 2020; Panda I; Panda I facelift; Panda I pre-facelift; Panda II; Panda II (169); Panda II 4x4; Panda II Natural Power; Panda III,Hatchback; Hatchback 3-door; Hatchback 5-door; Van,H0; SU1; V0,https://auto.ru/catalog/cars/fiat/panda/;https://auto.ru/catalog/cars/fiat/panda/specifications/;https://dokumen.pub/haynes-fiat-panda-owners-workshop-manual-0856967939-9780856967931.html;https://www.auto-data.net/de/fiat-panda-ii-4x4-1.2-8v-69hp-4x4-54402;https://www.auto-data.net/en/fiat-panda-ii-169-1.2-mpi-60hp-6903;https://www.auto-data.net/en/fiat-panda-ii-169-1.4-8v-77-69hp-natural-power-54404;https://www.auto-data.net/en/fiat-panda-ii-4x4-generation-1582;https://www.auto-data.net/en/fiat-panda-iii-319-0.9-twin-air-turbo-85hp-start-stop-18364,pending,,2026-09-16T14:21:31+00:00
e095d5a5dadd77f80bda,EU,VW,Transporter t4,75,1990-1995; 1990-1998; 1990-2003; 1992-1998; 1992-2001; 1992-2003; 1995-2003; 1996-2000; 1996-2003; 1997-2003; 1998-2003; 2000-2003,Transporter T4; Transporter T4 Facelift; Transporter T4 facelift,Chassis Cab; Pickup; Van,P0; SU1,https://autohomes.vwt4camper.info/Aug_1992_VW_T4_Owners_ManualWM.pdf;https://en.wikipedia.org/wiki/Volkswagen_Transporter_(T4);https://umbauportal.volkswagen-nutzfahrzeuge.ch/download/Technische%20Informationen/Aufbaurichtlinien/Transporter/Archiv/Aufbaurichtlinien_fm_Transporter_T4_DE_05-2007.pdf;https://vandimensions.com/media/pages/database/volkswagen/transporter-t4/c97936329b-1626780378/vw_t4_dimensions.pdf;https://www.auto-data.net/en/volkswagen-caravelle-t4-facelift-1996-2.8-vr6-140hp-49348;https://www.auto-data.net/en/volkswagen-caravelle-t4-facelift-1996-long-2.8-vr6-140hp-49369;https://www.auto-data.net/en/volkswagen-transporter-t4-facelift-1996-panel-van-2.4-d-78hp-l1h1-50419;https://www.auto-data.net/en/volkswagen-transporter-t4-panel-van-1.9-td-68hp-l1h1-50397,pending,,2026-09-16T14:21:31+00:00
59fb3d4acc2cc8d54273,EU,BMW,2,74,2012-2014; 2013-2016; 2013-2017; 2013-2019; 2013-2021; 2014-2015; 2014-2016; 2014-2017; 2014-2018; 2014-2020; 2014-2021; 2014-2026; 2015-2016; 2015-2018; 2015-2019; 2015-2020; 2015-2021; 2015-2026; 2016-2021; 2017-2026; 2018-2021; 2018-2026; 2019-2021; 2019-2026; 2020-2021; 2020-2024; 2020-2026; 2021-2026; 2022-2026; 2024-2026; 2025-2026,2 Series Active Tourer F45 LCI; 2 Series Active Tourer I; 2 Series Active Tourer II; 2 Series Coupé II; 2 Series F22; 2 Series F23; 2 Series F44 Gran Coupe; 2 Series F45 Active Tourer; 2 Series F45 Active Tourer facelift; 2 Series F46 Gran Tourer facelift; 2 Series F46 Gran Tourer pre-facelift; 2 Series G42; 2 Series Gran Coupe; 2 Series Gran Coupe (F44); 2 Series Gran Coupé; 2 Series Gran Coupé II; 2 Series Gran Tourer F46 LCI; 2 Series Gran Tourer I; 2 Series I; 2 Series U06 Active Tourer; M2; M2 (F87); M2 F87; M2 G87,Convertible; Coupe; MPV,SD0; SU1,https://www.press.bmwgroup.com/asia/article/attachment/T0238704EN/332758;https://www.press.bmwgroup.com/asia/article/attachment/T0443240EN/618422;https://www.press.bmwgroup.com/asia/article/detail/T0274133EN/the-new-bmw-216i-gran-tourer-now-available-in-singapore?language=en;https://www.press.bmwgroup.com/canada/article/detail/T0443109EN/the-new-2025-bmw-m2?language=en;https://www.press.bmwgroup.com/czech/article/detail/T0347812CS/nov%C3%A9-bmw-%C5%99ady-2-active-tourer?language=cs;https://www.press.bmwgroup.com/global/article/attachment/T0165234EN/250291;https://www.press.bmwgroup.com/global/article/attachment/T0192483EN/295142;https://www.press.bmwgroup.com/global/article/attachment/T0202265EN/293527,pending,,2026-09-16T14:21:31+00:00
b602a13ebb5e989b5ef3,EU;RU,Audi,80,72,1966-1968; 1972-1975; 1972-1976; 1972-1978; 1973-1976; 1975-1978; 1976-1978; 1978-1981; 1978-1982; 1978-1983; 1978-1986; 1978-1987; 1980-1986; 1981-1983; 1981-1986; 1982-1984; 1983-1984; 1983-1986; 1984-1986; 1985-1986; 1986-1986; 1986-1988; 1986-1990; 1986-1991; 1986-1992; 1986-2026; 1987-1989; 1987-1991; 1988-1990; 1989-1991; 1990-1991; 1991-1992; 1991-1994; 1991-1996; 1992-1994; 1992-1995; 1992-1996; 1993-1994; 1993-1995; 1993-1996; 1994-1995,80 B1; 80 B3; 80 B4; Audi 80 B1; Audi 80 B2; Audi 80 B3; Audi 80 B4; Audi F103; Audi S2 B4; II (B1); III (B2); IV (B3); RS2 Avant; V (B4),Sedan; Wagon; Wagon 5-door,H2; SD1,https://auto.ru/catalog/cars/audi/80/;https://auto.ru/catalog/cars/audi/80/specifications/;https://www.auto-data.net/en/audi-80-b1-typ-82-1.6-gls-75hp-4629;https://www.auto-data.net/en/audi-80-b2-typ-81-85-2.0-115hp-quattro-4617;https://www.auto-data.net/en/audi-80-b2-typ-81-85-2.1-136hp-quattro-4618;https://www.auto-data.net/en/audi-80-model-510;https://www.auto-data.net/en/audi-rs2-avant-generation-1092;https://www.auto-data.net/en/audi-s2-avant-2.2i-turbo-20v-230hp-quattro-4862,pending,,2026-09-16T14:21:31+00:00
586b03fa6f44bf6ba9f9,EU;RU,Alpina,B3,71,1987-1992; 1993-1995; 1993-1996; 1993-1999; 1999-2002; 1999-2006; 2000-2002; 2001-2005; 2002-2005; 2002-2006; 2007-2010; 2007-2013; 2008-2010; 2010-2013; 2012-2013; 2013-2017; 2017-2018; 2017-2019; 2019-2022; 2019-2025; 2022-2024; 2023-2025; 2024-2025; 2024-2026,Alpina B3 S Bi-Turbo E92; Alpina B3 S Bi-Turbo E93; B3 3.3 Allrad E46; B3 BiTurbo E90; B3 BiTurbo E90 LCI; B3 BiTurbo E91; B3 BiTurbo E92; B3 BiTurbo E93; B3 BiTurbo F30; B3 BiTurbo F30 LCI; B3 BiTurbo F31; B3 BiTurbo F31 LCI; B3 Coupe (E92); B3 E30; B3 E36; B3 E46; B3 G20; B3 G20 LCI; B3 G21; B3 G21 LCI; B3 GT G20; B3 GT G21; B3 S Bi-Turbo; B3 S Bi-Turbo (E91); B3 S Bi-Turbo (E92); B3 S Bi-Turbo Touring; B3 S BiTurbo F30 LCI; B3 S BiTurbo F31 LCI; B3 S E46; E30; E36; E46; E90/E92; F30; F30 Рестайлинг; G20; G20 Рестайлинг; G20 Рестайлинг 2,Convertible; Coupe; Sedan; Wagon; Wagon 5-door,H2; SD0; SD1,https://auto.ru/catalog/cars/alpina/b3/;https://auto.ru/catalog/cars/alpina/b3/specifications/;https://autogral.com/alpina-b3-s-bi-turbo-convertible-switch-tronic-000248-versus-audi-a5-convertible-45-tfsi-001382_uk.html;https://autogral.com/alpina-b3-s-bi-turbo-coupe-awd-switch-tronic-000272-versus-bmw-320i-coupe-002707_uk.html;https://blog.le-parnass.com/catalogue_pdf/bmw_alpina_b3_biturbo_saloon_touring.pdf;https://i.i-sgcm.com/new_cars/cars/12239/brochures/brochure_20180129122504.pdf;https://www.alpinaautomobiles.com.au/models/b3/technical-data/;https://www.auto-data.net/en/alpina-b3-cabrio-e93-3.0i-biturbo-360hp-swtch-tronic-1699,pending,,2026-09-16T14:21:31+00:00
e409081391a1546b5475,EU,Citroën,Jumper i,70,1994-2002; 1996-1997; 1996-2000; 1996-2002; 1999-2002; 2000-2000; 2000-2002; 2001-2002,Citroën Jumper I; Jumper I; Jumper I 230L,Chassis Cab; MPV; Pickup; Van,P0; SU1,https://autogidas.lt/en/auto-katalogas/citroen/jumper/i-31mh-vhhm0-1994-1998-k30288;https://camperclubskeller.nl/wp-content/uploads/2022/06/Ducato-Instructieboekje-2.8-jtd-2001-2007.pdf;https://motoro.ch/en/fiche-technique/citroen/jumper-2-0i-4x4;https://www.largus.fr/fiche-technique/Citroen/Jumper%2BFg/I/2001/Fourgon%2B4%2BPortes/31C%2B28HDi%2B4x4-3294.html;https://www.largus.fr/fiche-technique/Citroen/Jumper%2BFg/I/2001/Fourgon%2B4%2BPortes/31MH%2B28HDi%2B4x4-3322.html;https://www.largus.fr/fiche-technique/Citroen/Jumper%2BFg/I/2001/Fourgon%2B4%2BPortes/35MH%2B28HDi%2B4x4-3344.html;https://www.largus.fr/fiche-technique/Citroen/Jumper/I/2001/Fourgon%2B4%2BPortes/35MH%2B28HDi%2B4x4-3344.html;https://www.paruvendu.fr/fiches-techniques-utilitaire/citroen-jumper/31-m-2-0-e-10-cv-essence/3057558/,pending,,2026-09-16T14:21:31+00:00
4bd4e9bec2f17faec504,EU,Mercedes-benz,T2/l,70,1968-1972; 1968-1974; 1970-1974; 1970-1988; 1972-1974; 1972-1977; 1972-1980; 1972-1988; 1975-1982; 1975-1988; 1977-1988; 1982-1983; 1982-1988; 1984-1988,T2/L; T2/L (W309),Kommunalfahrzeug; Pickup; Pritsche/Fahrgestell; Van,P0; SU1,https://www.drom.ru/catalog/lcv/mercedes-benz/t2/specs/dimensions/,pending,,2026-09-16T14:21:31+00:00
c05cbafaac06cad89e0e,EU;RU,Opel,Zafira,69,1999-2000; 1999-2003; 1999-2005; 2000-2005; 2001-2005; 2002-2005; 2003-2005; 2003-2006; 2005-2008; 2005-2010; 2005-2011; 2005-2012; 2005-2015; 2006-2010; 2007-2015; 2008-2012; 2008-2014; 2008-2015; 2009-2015; 2010-2015; 2011-2014; 2011-2015; 2011-2016; 2011-2018; 2012-2014; 2012-2019; 2013-2014; 2013-2015; 2013-2016; 2013-2018; 2013-2019; 2014-2018; 2014-2019; 2016-2019; 2018-2019; 2019-2022; 2019-2025; 2020-2025; 2020-2026; 2024-2026; 2025-2026,A; A Рестайлинг; B; B Рестайлинг; C; C Tourer; C Рестайлинг; K0; Life I; Opel Zafira B; Opel Zafira Life I; Zafira B; Zafira B Facelift; Zafira B facelift; Zafira Life I; Zafira Tourer C facelift,MPV; Van,SU1; V0,https://auto.ru/catalog/cars/opel/zafira/;https://auto.ru/catalog/cars/opel/zafira/specifications/;https://public-servicebox.opel.com/OVddb/OV/hu_HU/Zafira_B/2006_2011/2010_5/manual_user/Zafira_7_hu.pdf;https://www.auto-data.net/bg/opel-zafira-tourer-c-1.6-turbo-ecoflex-150hp-cng-19628;https://www.auto-data.net/en/opel-zafira-b-1.6i-16v-94hp-cng-26156;https://www.auto-data.net/en/opel-zafira-b-1.8i-16v-140hp-2591;https://www.auto-data.net/en/opel-zafira-b-facelift-2008-1.6i-16v-94hp-cng-26498;https://www.auto-data.net/en/opel-zafira-b-facelift-2008-opc-2.0i-16v-turbo-240hp-26232,pending,,2026-09-16T14:21:31+00:00
caa3b188fbeb02833076,EU;RU,Ford,Sierra,68,1982-1984; 1982-1986; 1982-1989; 1983-1986; 1984-1986; 1985-1986; 1987-1988; 1987-1989; 1987-1990; 1987-1993; 1988-1993; 1989-1993; 1990-1993; 1991-1993,Ford Sierra Mk I; I; I Рестайлинг; Sierra I; Sierra I XR 4x4; Sierra II; Sierra II Sapphire Cosworth; Sierra II facelift; Sierra Mk1; Sierra RS Cosworth; Sierra Turnier I; Sierra Turnier II,Hatchback; Hatchback 3-door; Hatchback 5-door; Sedan; Wagon; Wagon 5-door,H0; H2; SD1,https://auto.ru/catalog/cars/ford/sierra/;https://auto.ru/catalog/cars/ford/sierra/specifications/;https://www.auto-data.net/en/ford-sierra-hatchback-ii-1.6-72hp-7572;https://www.auto-data.net/en/ford-sierra-model-802;https://www.autoevolution.com/cars/ford-sierra-3-doors-1990.html;https://www.automobile-catalog.com/car/1983/929480/ford_sierra_1_6_l_5-speed.html;https://www.automobile-catalog.com/car/1983/930140/ford_sierra_2_0_ghia.html;https://www.automobile-catalog.com/car/1983/930425/ford_sierra_turnier_2_0_v6_l_5-speed.html,pending,,2026-09-16T14:21:31+00:00
f67eda33c33bf29581f1,EU;RU,Hyundai,I30,68,2007-2010; 2007-2011; 2007-2012; 2008-2011; 2008-2012; 2009-2011; 2009-2012; 2010-2011; 2010-2012; 2011-2015; 2011-2016; 2012-2015; 2012-2016; 2012-2017; 2012-2026; 2013-2014; 2013-2017; 2013-2026; 2014-2016; 2014-2017; 2014-2026; 2015-2017; 2015-2026; 2016-2020; 2016-2026; 2017-2018; 2017-2020; 2017-2022; 2017-2026; 2018-2020; 2018-2026; 2020-2026; 2021-2026; 2024-2026; 2025-2026; 2026-2026,I; I Рестайлинг; II; II Рестайлинг; III; III Рестайлинг; III Рестайлинг 2; i30 FD; i30 I; i30 I CW; i30 II; i30 II Facelift; i30 III; i30 III (PD); i30 III N; i30 III N Fastback; i30 III facelift 2024,Coupe; Fastback; Hatchback; Hatchback 3-door; Hatchback 5-door; Liftback; Wagon; Wagon 5-door,H0; H2; SD0; SD1,https://auto.ru/catalog/cars/hyundai/i30/;https://auto.ru/catalog/cars/hyundai/i30/specifications/;https://www.auto-data.net/en/hyundai-i30-i-cw-2.0-143hp-automatic-30922;https://www.auto-data.net/en/hyundai-i30-i-cw-facelift-2010-generation-5725;https://www.auto-data.net/en/hyundai-i30-i-facelift-2010-generation-5724;https://www.auto-data.net/en/hyundai-i30-ii-1.4-100hp-18534;https://www.auto-data.net/en/hyundai-i30-ii-coupe-generation-4092;https://www.auto-data.net/en/hyundai-i30-ii-cw-1.4-mpi-100hp-18545,pending,,2026-09-16T14:21:31+00:00
e72444afa4d4e4750661,EU;RU,Nissan,Sunny,67,1970-1982; 1979-1982; 1982-1986; 1982-1987; 1982-1990; 1986-1988; 1986-1989; 1986-1990; 1986-1991; 1987-1989; 1988-1990; 1988-1991; 1989-1991; 1989-1994; 1990-1993; 1990-1995; 1990-2000; 1991-2000; 1992-1995; 1992-2000; 1993-1999; 1997-1999; 1998-2004; 2000-2005; 2006-2012; 2011-2014; 2014-2020; 2019-2023; 2023-2026,B10; B11; B12; B120; B13; B14; B15; N13; N14; N16; N17; N17 Рестайлинг; N18; N18 Рестайлинг; Sunny B11; Sunny B12; Sunny B14; Sunny B310; Sunny I Wagon; Sunny II; Sunny III Wagon; Sunny N13; Sunny N14; Sunny Y10; Y10,Coupe; Hatchback; Hatchback 3-door; Hatchback 5-door; Liftback; MPV; Pickup; Sedan; Van; Wagon; Wagon 5-door,H0; H2; P0; SD0; SD1; SU1; V0,https://auto.ru/catalog/cars/nissan/sunny/;https://auto.ru/catalog/cars/nissan/sunny/specifications/;https://nissan.drive.place/sunny/b11/group_wagon_5/197857;https://www.auto-data.net/en/nissan-sunny-140y-150y-1.4-hbl310-65hp-528;https://www.auto-data.net/en/nissan-sunny-iii-wagon-y10-generation-142;https://www.automobile-catalog.com/car/1981/2109620/datsun_sunny_1500_station_wagon_l.html;https://www.automobile-catalog.com/car/1983/2210390/nissan_sunny_1_5_gl_traveller.html;https://www.automobile-catalog.com/car/1983/2210405/nissan_sunny_1_5_gl_coupe.html,pending,,2026-09-16T14:21:31+00:00
15aa5bbc4b0acc61f862,EU;RU,Subaru,Impreza,67,1992-2000; 1993-1995; 1994-2000; 1995-2000; 1996-2000; 1998-2000; 2000-2002; 2000-2005; 2000-2009; 2001-2002; 2001-2005; 2001-2006; 2002-2005; 2002-2007; 2004-2005; 2005-2007; 2005-2008; 2006-2007; 2007-2007; 2007-2011; 2007-2012; 2008-2011; 2008-2012; 2008-2013; 2008-2026; 2009-2012; 2009-2014; 2010-2013; 2011-2015; 2011-2026; 2012-2016; 2012-2026; 2014-2016; 2016-2019; 2016-2026; 2017-2026; 2019-2023; 2019-2026; 2023-2026; 2024-2026,I; II; II Рестайлинг 1; II Рестайлинг 2; III; IV; IV Рестайлинг; Impreza I; Impreza I WRX; Impreza II; Impreza II (2000-2002); Impreza II facelift; Impreza II facelift 2002; Impreza II facelift 2005; Impreza III; Impreza III WRX; Impreza III WRX STI; Impreza IV; Impreza V; Impreza V facelift; Impreza VI; Subaru Impreza II Facelift 1; Subaru Impreza II Facelift 2; Subaru Impreza II Pre-facelift; V; V Рестайлинг; VI; WRX III,Coupe; Hatchback; Hatchback 5-door; Sedan; Wagon 5-door,H0; H2; SD0; SD1,https://auto.ru/catalog/cars/subaru/impreza/;https://auto.ru/catalog/cars/subaru/impreza/specifications/;https://ucar.subaru.jp/php/catalog/grade.php?baitai=iphone&cat_id=4502540;https://ucar.subaru.jp/php/catalog/grade.php?cat_id=10051272;https://www.auto-data.net/en/subaru-impreza-i-coupe-gfc-1.6-90hp-4wd-16103;https://www.auto-data.net/en/subaru-impreza-i-coupe-gfc-2.0-115hp-4wd-16104;https://www.auto-data.net/en/subaru-impreza-i-gc-1.6i-90hp-4wd-16095;https://www.auto-data.net/en/subaru-impreza-i-gc-generation-3592,pending,,2026-09-16T14:21:31+00:00
9c6793c6c6ab4cb05f82,EU;RU,Fiat,Punto,66,1993-1997; 1993-1999; 1994-1997; 1994-1999; 1994-2000; 1995-2000; 1996-1999; 1996-2000; 1997-1999; 1997-2000; 1999-2003; 1999-2006; 1999-2010; 1999-2012; 2000-2009; 2001-2003; 2001-2012; 2003-2005; 2003-2011; 2003-2012; 2004-2006; 2005-2010; 2007-2012; 2008-2012; 2008-2026; 2009-2012; 2009-2026; 2012-2018; 2012-2026; 2013-2026; 2014-2026; 2018-2026,Grande Punto; Grande Punto 199; I; II; II Рестайлинг; III Grande Punto; III Punto; III Punto Evo; Punto 176; Punto 188 Series I; Punto 188 Van Series I; Punto 188 Van facelift; Punto 188 facelift; Punto 199 2012; Punto 2012; Punto Evo; Punto Evo 199; Punto I; Punto I Cabrio; Punto I GT; Punto II; Punto II (188); Punto II (188) facelift; Punto II 188 Facelift; Punto II Van (188); Punto II Van (188) facelift,Convertible; Hatchback; Hatchback 3-door; Hatchback 5-door; Van,H0; SD0; SU1; V0,https://aftersales.fiat.com/elearnsections/frmMainPage.aspx?langDesc=English&languageID=2&markID=1&modelID=2000003&modelName=Fiat+-+188+-+Punto+Classic&nodeID=5013146&prodID=188000003&sectionName=Service+News&valID=2000308&validityName=1.2+8v;https://auto.ru/catalog/cars/fiat/punto/;https://auto.ru/catalog/cars/fiat/punto/specifications/;https://www.auto-data.net/en/fiat-punto-cabrio-176c-1.2-58hp-6991;https://www.auto-data.net/en/fiat-punto-cabrio-176c-1.6-88hp-6992;https://www.auto-data.net/en/fiat-punto-evo-199-1.3-16v-multijet-90hp-16756;https://www.auto-data.net/en/fiat-punto-evo-199-1.4-8v-77hp-natural-power-16751;https://www.auto-data.net/en/fiat-punto-i-176-60-1.2-58hp-6998,pending,,2026-09-16T14:21:31+00:00
c9addf24971d29fe490c,EU;RU,Fiat,Doblo,65,2000-2005; 2001-2004; 2001-2026; 2002-2026; 2003-2026; 2004-2005; 2004-2006; 2005-2010; 2005-2015; 2005-2026; 2006-2026; 2009-2015; 2010-2023; 2011-2023; 2013-2023; 2015-2022; 2016-2023; 2022-2023; 2022-2024; 2022-2026; 2023-2026; 2024-2026; 2025-2026,"Doblo I (223); Doblo I (223, facelift 2005); Doblo I Facelift; Doblo II (263); Doblo II (263, facelift 2015); Doblò I; Doblò I facelift; Doblò I pre-facelift; Doblò II; Doblò III facelift; Doblò III pre-facelift; Fiat Doblò I facelift; I; I Рестайлинг; II; II Рестайлинг; III; III Рестайлинг",Chassis Cab; MPV; Pickup; Van,P0; SU1; V0,https://aftersales.fiat.com/eLumData/FR/77/223_DOBLO/77_223_DOBLO_603.81.541_FR_04_05.09_L_LG/77_223_DOBLO_603.81.541_FR_04_05.09_L_LG.pdf;https://auto.ru/catalog/cars/fiat/doblo/;https://auto.ru/catalog/cars/fiat/doblo/specifications/;https://www.auto-data.net/en/fiat-doblo-i-223-1.2-8v-65hp-6833;https://www.auto-data.net/en/fiat-doblo-i-223-facelift-2005-generation-10488;https://www.automobile-catalog.com/car/2005/726110/fiat_doblo_1_9_multijet_8v_dynamic.html;https://www.dangel.com/en/dangel-reinvents-4x4-new-revolutionary-technology;https://www.media.stellantis.com/hu-hu/download-model-document/30,pending,,2026-09-16T14:21:31+00:00
d4fbce8f86d94ce52ae7,EU;RU,Dacia,Logan,64,2004-2011; 2004-2012; 2004-2026; 2005-2026; 2006-2012; 2006-2026; 2007-2011; 2007-2012; 2007-2013; 2007-2026; 2008-2026; 2009-2026; 2010-2012; 2010-2013; 2010-2026; 2012-2016; 2012-2026; 2013-2026; 2015-2026; 2016-2020; 2016-2026; 2017-2026; 2018-2026; 2019-2026; 2020-2022; 2021-2026; 2022-2025; 2025-2026,I; II; II Рестайлинг; III; III Рестайлинг; III Рестайлинг 2; Logan I; Logan I MCV; Logan I MCV facelift; Logan I Pick-up; Logan I Van; Logan I facelift; Logan II; Logan II MCV,Pickup; Sedan; Van; Wagon; Wagon 5-door,H2; P0; SD1; SU1; V0,https://auto.ru/catalog/cars/dacia/logan/;https://auto.ru/catalog/cars/dacia/logan/specifications/;https://cdn.group.renault.com/dac/es/modelos/logan/catalogo/catalogo_logan.pdf;https://cdn.group.renault.com/dac/ie/transversal-assets/brochures/model-brochures/logan-mcv-brochure-oct.pdf;https://dacia.abcmotors.ee/upload/Brochures/Dacia-LOGAN-brochure.pdf;https://www.auto-data.net/en/dacia-logan-i-1.5-dci-65hp-15892;https://www.auto-data.net/en/dacia-logan-i-facelift-2008-1.5-dci-75hp-fap-17993;https://www.auto-data.net/en/dacia-logan-i-facelift-2008-1.6-85hp-17992,pending,,2026-09-16T14:21:31+00:00
9da7bcfbd701a5c2d3b1,EU,Mercedes-benz,124,64,1984-1989; 1984-1992; 1985-1985; 1985-1989; 1985-1990; 1985-1991; 1985-1992; 1985-1993; 1986-1988; 1986-1989; 1986-1990; 1986-1992; 1986-1993; 1987-1989; 1987-1992; 1987-1993; 1988-1989; 1988-1991; 1988-1992; 1988-1993; 1989-1992; 1989-1993; 1990-1992; 1990-1993; 1991-1993; 1992-1993,124; 124 Series; 124 series 500 E; 124 series Phase I; E-Class C124 phase I; S124; W124; W124 A124; W124 C124; W124 C124 facelift 1989,Convertible; Coupe; Sedan; Wagon,SD0; SD1,https://mercedes-benz-publicarchive.com/marsClassic/en/instance/ko/200-CE.xhtml?oid=4602;https://mercedes-benz-publicarchive.com/marsClassic/en/instance/ko/300-E-24.xhtml?oid=5298;https://mercedes-benz-publicarchive.com/marsClassic/en/instance/ko/400-E.xhtml?oid=5291;https://mercedes.drive.place/e_klasse/i/group_sedan/153684;https://mercedes.drive.place/e_klasse/i/group_wagon_5/153447;https://www.auto-data.net/en/mercedes-benz-s124-facelift-1989-220-te-150hp-12669;https://www.auto-data.net/en/mercedes-benz-s124-facelift-1989-250-td-turbo-126hp-42983;https://www.auto-data.net/en/mercedes-benz-w124-model-2893,pending,,2026-09-16T14:21:31+00:00
1ccad1312a2132cb471a,EU;RU,Toyota,Celica,64,1970-1977; 1973-1978; 1974-1978; 1975-1977; 1976-1978; 1977-1981; 1978-1981; 1979-1981; 1980-1981; 1981-1985; 1982-1985; 1983-1985; 1985-1989; 1985-1990; 1986-1989; 1987-1989; 1988-1989; 1989-1993; 1989-1994; 1993-1995; 1993-1999; 1994-1999; 1995-1999; 1996-1999; 1999-2002; 1999-2005; 2002-2006,"Celica Cabrio (T16); Celica Cabrio (T18); Celica I; Celica I facelift; Celica II; Celica II (A40/A50); Celica III; Celica III (A60); Celica IV; Celica IV (T16); Celica Supra II; Celica Supra II (A60); Celica V (T18); Celica VI; I (A20/35); I (A20/A30); II (A40, A50); III (A60); IV (T16); IV (T160); V (T18); V (T180); VI (T20); VI (T200); VI (T200) Рестайлинг; VII (T23); VII (T230); VII (T230) Рестайлинг",Convertible; Coupe; Hatchback; Hatchback 3-door; Liftback,H0; SD0,https://auto.ru/catalog/cars/toyota/celica/;https://auto.ru/catalog/cars/toyota/celica/specifications/;https://www.adac.de/rund-ums-fahrzeug/autokatalog/marken-modelle/toyota/celica/t18/348676/;https://www.auto-data.net/en/toyota-celica-cabrio-t20-generation-768;https://www.auto-data.net/en/toyota-celica-t16-2.0-gti-140hp-3142;https://www.auto-data.net/en/toyota-celica-t16-2.0-turbo-185hp-4x4-3143;https://www.auto-data.net/en/toyota-celica-t16-generation-771;https://www.auto-data.net/en/toyota-celica-t18-2.0-i-16v-turbo-208hp-4wd-3137,pending,,2026-09-16T14:21:31+00:00
e45c20dc885e2f337097,EU,Citroën,C5,63,2001-2004; 2002-2004; 2003-2004; 2004-2005; 2004-2006; 2004-2008; 2005-2008; 2006-2008; 2008-2009; 2008-2010; 2008-2011; 2008-2012; 2008-2014; 2008-2015; 2009-2011; 2009-2014; 2009-2015; 2009-2016; 2009-2017; 2010-2012; 2010-2015; 2010-2016; 2012-2015; 2015-2017; 2018-2026; 2019-2026; 2020-2026; 2021-2026; 2022-2026; 2023-2026; 2025-2026; 2026-2026,C5 Aircross I; C5 Aircross I Phase II; C5 Aircross I pre-facelift; C5 Aircross II; C5 I; C5 I Break Phase II; C5 I Phase I; C5 I Phase II; C5 I phase I; C5 I pre-facelift; C5 II; C5 II (X7); C5 II (X7) Tourer; C5 II Tourer; C5 II X7; C5 X I,Hatchback; SUV; Sedan; Wagon,H0; SD1; SU1,https://autocatalogarchive.com/wp-content/uploads/2016/08/Citroen-C5-2009-UK.pdf;https://www.auto-data.net/en/citroen-c5-i-break-phase-i-2000-generation-3347;https://www.auto-data.net/en/citroen-c5-i-break-phase-ii-2004-generation-5346;https://www.auto-data.net/en/citroen-c5-i-phase-i-2000-generation-3346;https://www.auto-data.net/en/citroen-c5-i-phase-ii-2004-generation-5347;https://www.automobile-catalog.com/car/2001/549350/citroen_c5_break_2_0_hdi_90_x.html;https://www.automobile-catalog.com/car/2003/1218365/citroen_c5_exclusive_2_0_16v.html;https://www.automobile-catalog.com/car/2003/549365/citroen_c5_break_2_0_hdi_110_sx.html,pending,,2026-09-16T14:21:31+00:00
bef5a49b05667aee5801,EU;RU,Renault,Trafic,62,1980-1985; 1980-1986; 1980-1989; 1983-1986; 1984-1986; 1985-1986; 1985-1989; 1986-1989; 1989-1990; 1989-1991; 1989-1994; 1989-1997; 1989-2001; 1992-1994; 1994-1997; 1994-1998; 1994-2001; 1997-2001; 1998-2001; 2001-2006; 2006-2014; 2014-2021; 2021-2026; 2025-2026,I; I Рестайлинг; I Рестайлинг 2; II; II Рестайлинг; III; III Рестайлинг; IV; Renault Trafic I; Renault Trafic I Phase II; Renault Trafic I Phase II–III; Trafic I Phase 1; Trafic I Phase 2; Trafic I Phase 2/3; Trafic I Phase I; Trafic I Phase II; Trafic I Phase II-III; Trafic I Phase III,Bus; Chassis Cab; MPV; Van,P0; SU1; V0,https://auto.ru/catalog/cars/renault/trafic/;https://auto.ru/catalog/cars/renault/trafic/specifications/;https://av.by/catalog/renault_trafic_i-restajling-1989-1997_58329;https://carwow.by/cars/renault/trafic/specifications/dimensions-and-weight;https://en.wikipedia.org/wiki/Renault_Trafic;https://fastcarcheck.uk/specs/make/renault/trafic/269729;https://fastcarcheck.uk/specs/make/renault/trafic/269733;https://fr.wikipedia.org/wiki/Renault_Trafic_I,pending,,2026-09-16T14:21:31+00:00
aa2a2b3b23b269155d6e,EU,Citroën,Jumpy iii,61,2016-2020; 2016-2022; 2016-2025; 2016-2026; 2018-2025; 2018-2026; 2020-2023; 2020-2025; 2020-2026; 2021-2025; 2022-2025; 2023-2023; 2023-2025; 2023-2026; 2024-2026; 2025-2026,Citroën Jumpy III; Citroën Jumpy III Facelift; Jumpy III; Jumpy III facelift; Jumpy III facelift 2024; Jumpy III pre-2024,Chassis Cab; MPV; Van,P0; SU1,https://www.auto-data.net/en/citroen-jumpy-iii-m-generation-8416;https://www.carnet.hu/citroen/files/katalogus/citroen-jumpy-katalogus.pdf;https://www.citroen.co.uk/content/dam/citroen/uk/b2c/tools/brochure/pdf/price-lists/07-24/dispatch-price-specification-guide_7.pdf;https://www.citroen.co.uk/content/dam/citroen/uk/b2c/tools/brochure/pdf/van-range/Dispatch_Brochure.pdf;https://www.citroen.de/content/dam/citroen/germany/pdfs/brochure/04-24/Preisliste-%C3%AB-Jumpy_Kombi_12042024.pdf;https://www.citroenauto.hu/files/haszongepjarmuvek/jumpy/muszaki-jumpy-furgon.pdf;https://www.espaciofurgo.com/en/ficha/citroen-jumpy/;https://www.media.stellantis.com/uk-en/citroen/press/new-citroen-dispatch-uk-range-prices,pending,,2026-09-16T14:21:31+00:00
38e8cdb0cf3e86b7ecbf,EU;RU,Mazda,6,61,2002-2005; 2002-2007; 2002-2008; 2005-2007; 2005-2008; 2007-2009; 2007-2010; 2007-2012; 2007-2013; 2008-2011; 2008-2013; 2009-2010; 2009-2012; 2009-2013; 2010-2012; 2010-2013; 2012-2015; 2012-2018; 2012-2020; 2012-2026; 2013-2026; 2014-2026; 2015-2018; 2015-2026; 2018-2020; 2018-2024; 2018-2026,6 II GH facelift; I; I (GG); I (GG) Рестайлинг; II; II (GH); II (GH) Рестайлинг; III; III (GJ); III (GJ) Рестайлинг; III (GJ) Рестайлинг 2; Mazda 6 I facelift; Mazda 6 II; Mazda 6 II Facelift; Mazda 6 III Facelift; Mazda6 II; Mazda6 II (GH); Mazda6 III facelift,Hatchback; Liftback; Sedan; Wagon; Wagon 5-door,H0; H2; SD1,https://auto.ru/catalog/cars/mazda/6/;https://auto.ru/catalog/cars/mazda/6/specifications/;https://en.wikipedia.org/wiki/Mazda6;https://media-assets.mazda.eu/raw/upload//mazdauk/globalassets/uk/pdfs/fy157/p2/sept-pricing/mazda6-price--specs.pdf?rnd=4a589b;https://www.auto-data.net/en/mazda-6-i-combi-typ-gg-gy-gg1-1.8-120hp-31722;https://www.auto-data.net/en/mazda-6-i-combi-typ-gg-gy-gg1-facelift-2005-2.0-cd-143hp-30794;https://www.auto-data.net/en/mazda-6-i-hatchback-typ-gg-gy-gg1-1.8-120hp-31720;https://www.auto-data.net/en/mazda-6-i-hatchback-typ-gg-gy-gg1-facelift-2005-2.0-147hp-31951,pending,,2026-09-16T14:21:31+00:00
196b5f1fda5c175532d5,EU;RU,Toyota,Avensis,61,1997-2000; 1997-2003; 1999-2003; 2000-2003; 2001-2005; 2001-2009; 2002-2003; 2003-2006; 2003-2008; 2005-2008; 2006-2008; 2006-2009; 2008-2011; 2008-2018; 2011-2015; 2011-2018; 2015-2018,Avensis I (T22); Avensis I facelift; Avensis II; Avensis III (T27); I; I Рестайлинг; II; II Рестайлинг; III; III Рестайлинг; III Рестайлинг 2; Toyota Avensis II; Toyota Avensis II facelift,Hatchback; Liftback; MPV; Sedan; Wagon; Wagon 5-door,H0; H2; SD1; SU1,https://auto.ru/catalog/cars/toyota/avensis/;https://auto.ru/catalog/cars/toyota/avensis/specifications/;https://autocatalogarchive.com/wp-content/uploads/2019/05/Toyota-Avensis-2009-UK.pdf;https://media.toyota.co.uk/new-toyota-avensis/;https://media.toyota.co.uk/the-new-toyota-avensis-a-superior-quality-experience/;https://media.toyota.co.uk/wp-content/uploads/sites/5/pdf/Avensis-Gen2-MC-launch-pack-2006.pdf;https://www.auto-data.net/en/toyota-avensis-ii-wagon-generation-901;https://www.auto-data.net/en/toyota-avensis-model-431,pending,,2026-09-16T14:21:31+00:00
d3fc2a2565a5e7693682,EU,BMW,1,60,2004-2007; 2004-2011; 2005-2007; 2006-2008; 2006-2011; 2007-2011; 2007-2012; 2007-2013; 2008-2011; 2008-2013; 2009-2011; 2009-2013; 2011-2011; 2011-2012; 2011-2015; 2011-2016; 2011-2019; 2012-2015; 2012-2016; 2012-2017; 2012-2019; 2013-2015; 2013-2019; 2015-2015; 2015-2016; 2015-2019; 2016-2019; 2019-2026; 2020-2026; 2024-2026,1 Series E81; 1 Series E82; 1 Series E87; 1 Series E88; 1 Series F40; 1 Series F70; 1 Series I; 1 Series I Facelift; 1 Series I Pre-Facelift; 1 Series II; 1 Series II (F20 LCI); 1 Series II (F20); 1 Series II F20; 1 Series II F21; 1 Series II Facelift; 1 Series II Pre-Facelift; 1 Series III; 1 Series M Coupe,Convertible; Coupe; Hatchback,H0; SD0,https://www.auto-data.net/en/bmw-1-series-convertible-e88-118i-143hp-steptronic-9826;https://www.auto-data.net/en/bmw-1-series-coupe-e82-120d-177hp-9835;https://www.auto-data.net/en/bmw-1-series-hatchback-5dr-e87-lci-facelift-2007-116i-122hp-9798;https://www.auto-data.net/en/bmw-1-series-hatchback-5dr-f20-125d-218hp-17717;https://www.auto-data.net/en/bmw-1m-model-3458;https://www.automobile-catalog.com/car/2016/2103380/bmw_125i_3-door.html;https://www.bmw.co.za/content/dam/bmw/marketZA/bmw_co_za/Documents/brochures/bmw-1-series-brochure-2022.pdf.asset.1650352306018.pdf;https://www.press.bmwgroup.com/asia/article/detail/T0137200EN/the-new-three-door-bmw-1-series?language=en,pending,,2026-09-16T14:21:31+00:00
5647faee6f788fa94b7c,EU,Citroën,Bx,60,1982-1988; 1982-1992; 1983-1989; 1983-1992; 1983-1993; 1983-1994; 1984-1992; 1984-1994; 1985-1988; 1985-1993; 1985-1994; 1986-1989; 1986-1993; 1986-1994; 1987-1988; 1987-1989; 1987-1992; 1987-1993; 1987-1994; 1988-1992; 1988-1993; 1988-1994; 1989-1989; 1989-1991; 1989-1993; 1989-1994; 1990-1991,BX I Break Phase II; BX I Phase I; BX I Phase II; BX I Phase II 16V; BX I Phase II Break,Hatchback; Wagon,H0; SD1,https://www.auto-data.net/en/citroen-bx-i-break-phase-ii-1987-1.9-evasion-107hp-4x4-15264;https://www.auto-data.net/en/citroen-bx-i-break-phase-ii-1987-14-e-72hp-15266;https://www.auto-data.net/en/citroen-bx-i-phase-ii-1987-19-tzi-109hp-cat-15254;https://www.automobile-catalog.com/car/1985/2029220/citroen_bx_19_d.html;https://www.automobile-catalog.com/car/1985/28325/citroen_bx.html;https://www.automobile-catalog.com/car/1985/54530/citroen_bx_break_19_rd.html;https://www.automobile-catalog.com/car/1986/538850/citroen_bx_break_16_rs.html;https://www.automobile-catalog.com/car/1986/539045/citroen_bx_break_16_rs.html,pending,,2026-09-16T14:21:31+00:00
32caea5687628b4c2d46,EU,Nissan,Interstar,60,2002-2006; 2002-2026; 2003-2006; 2003-2026; 2004-2026; 2006-2011; 2006-2026; 2021-2024; 2022-2024; 2024-2026; 2025-2026,All-New Interstar; Interstar I; Interstar I X70; Interstar II; Interstar X70,Bus; Chassis Cab; MPV; Van,DUAL; P0; SU1,https://www-europe.nissan-cdn.net/content/dam/Nissan/fr/brochures/fiches_techniques/fiche_technique_Interstar_Fourgon_cabine_approfondie_chassis_plancher.pdf;https://www-europe.nissan-cdn.net/content/dam/Nissan/gb/brochures/Vehicles/Nissan_Interstar_UK.pdf;https://www-europe.nissan-cdn.net/content/dam/Nissan/ireland/Brochures/Interstar%20042022-compressed.pdf;https://www.carparisonleasing.co.uk/files/bb4/interstar.pdf;https://www.nissan-cdn.net/content/dam/Nissan/dk/brochures/Nissan_NV400_DK.pdf;https://www.nissan.hu/jarmuvek/uj/interstar/technical-information.html;https://www.vauxhall.co.uk/content/dam/vauxhall/Home/PDFs/historical-brochures/discounted-models/movano/Movano_Dec_2008.pdf;https://xr793.com/wp-content/uploads/2022/10/2004-Nissan-Interstar-Specs-UK.pdf,pending,,2026-09-16T14:21:31+00:00
1863b72abde8058edc1c,EU;RU,Mercedes-benz,Cla,56,2013-2014; 2013-2016; 2013-2018; 2013-2019; 2014-2019; 2015-2015; 2015-2018; 2015-2019; 2016-2019; 2018-2019; 2019-2023; 2019-2026; 2020-2026; 2023-2025; 2023-2026; 2025-2026; 2026-2026,"CLA C117; CLA C118; CLA C178; CLA I; CLA I facelift; CLA II; CLA III; CLA X117; CLA X118; CLA X118 Shooting Brake; CLA X178; I (C117, X117); I (C117, X117) Рестайлинг; II (C118, X118); II (C118, X118) Рестайлинг; III (C174, X174); Mercedes-Benz CLA C117 Facelift; Mercedes-Benz CLA X117 Facelift",Coupe; Sedan; Wagon; Wagon 5-door,H2; SD0; SD1,https://auto.ru/catalog/cars/mercedes/cla_klasse/;https://auto.ru/catalog/cars/mercedes/cla_klasse/specifications/;https://i.i-sgcm.com/new_cars/cars/11386/brochures/brochure_20160929031636.pdf;https://media.mercedes-benz.be/de/der-neue-mercedes-benz-cla-shooting-brake/;https://media.mercedes-benz.be/le-nouveau-coupe-cla-de-mercedes-benz/;https://static.oneweb.mercedes-benz.com/css-oom-assets/en-ca/pdf/mercedes-amg-cla-supplement-september-2019-1.pdf;https://www.auto-data.net/en/mercedes-benz-cla-coupe-c117-amg-cla-45-381hp-4matic-amg-speedshift-dct-53787;https://www.auto-data.net/en/mercedes-benz-cla-coupe-c117-facelift-2016-amg-cla-45-381hp-4matic-dct-23338,pending,,2026-09-16T14:21:31+00:00
ec0fb5846757720a987b,EU;RU,Nissan,Primera,54,1990-1995; 1990-1996; 1990-1997; 1990-1998; 1991-1993; 1991-1996; 1991-1998; 1993-1996; 1995-1996; 1995-2000; 1996-2000; 1996-2001; 1996-2002; 1998-2001; 1999-2001; 1999-2002; 2000-2002; 2001-2008; 2002-2003; 2002-2006; 2002-2007; 2002-2008; 2002-2026; 2003-2006; 2003-2007; 2003-2026,I (P10); II (P11); II (P11) Рестайлинг; III (P12); Primera I; Primera I P10; Primera III; Primera P10; Primera P11; Primera P11 facelift; Primera P11-144; Primera P12,Hatchback; Liftback; Sedan; Wagon; Wagon 5-door,H0; H2; SD1,https://auto.ru/catalog/cars/nissan/primera/;https://auto.ru/catalog/cars/nissan/primera/specifications/;https://www.auto-data.net/en/nissan-primera-hatch-p10-1.6-90hp-642;https://www.auto-data.net/en/nissan-primera-hatch-p11-generation-184;https://www.auto-data.net/en/nissan-primera-hatch-p12-1.6-i-16v-109hp-599;https://www.auto-data.net/en/nissan-primera-hatch-p12-generation-181;https://www.auto-data.net/en/nissan-primera-p10-1.6-90hp-635;https://www.auto-data.net/en/nissan-primera-p10-generation-186,pending,,2026-09-16T14:21:31+00:00
0a7573f206ba564280aa,EU,Renault,Master i,54,1980-1983; 1980-1986; 1980-1989; 1980-1998; 1982-1986; 1983-1986; 1986-1989; 1986-1992; 1986-1998; 1989-1993; 1989-1998,Master I; Master I Phase I,Chassis Cab; Van,P0; SU1,https://fr.wikipedia.org/wiki/Renault_Master_I;https://www.autocentrum.pl/dane-techniczne/renault/master/i/silnik-diesla-2.5-d-80km-1981-1998/;https://www.transitcenter.uk/renault-master-1-data-specification.php,pending,,2026-09-16T14:21:31+00:00
fdad0e57f73c31a20769,EU;RU,Mazda,3,53,2003-2006; 2003-2009; 2004-2009; 2006-2009; 2008-2011; 2008-2013; 2008-2014; 2009-2013; 2009-2014; 2010-2013; 2011-2013; 2011-2014; 2013-2016; 2013-2017; 2013-2019; 2014-2019; 2016-2019; 2018-2026; 2019-2026; 2020-2026; 2021-2026; 2024-2026,3 II; I; I (BK); I (BK) Рестайлинг; II; II (BL); II (BL) Рестайлинг; III; III (BM); III (BM) Рестайлинг; IV; IV (BP); Mazda 3 I facelift; Mazda 3 II Sedan (BL Facelift); Mazda 3 IV; Mazda 3 IV (BP); Mazda3 I facelift; Mazda3 II BL; Mazda3 III; Mazda3 IV,Hatchback; Hatchback 5-door; Sedan,H0; SD1,https://auto.ru/catalog/cars/mazda/3/;https://auto.ru/catalog/cars/mazda/3/specifications/;https://www.auto-data.net/en/mazda-3-i-hatchback-bk-1.6i-105hp-11477;https://www.auto-data.net/en/mazda-3-i-hatchback-bk-facelift-2006-2.0-cd-143hp-16771;https://www.auto-data.net/en/mazda-3-i-hatchback-bk-facelift-2006-mps-2.3i-260hp-11481;https://www.auto-data.net/en/mazda-3-i-sedan-bk-1.6i-105hp-automatic-31196;https://www.auto-data.net/en/mazda-3-i-sedan-bk-facelift-2006-2.0-cd-143hp-16770;https://www.auto-data.net/en/mazda-3-ii-hatchback-bl-1.6i-105hp-31460,pending,,2026-09-16T14:21:31+00:00
b5c2123d84199741167b,EU,Nissan,Nv400,53,2011-2016; 2011-2022; 2014-2016; 2014-2022; 2015-2022; 2016-2022; 2020-2022,I; NV400 I; NV400 facelift; Nissan NV400 I facelift,Chassis Cab; Pickup; Van,DUAL; P0; SU1,https://www-europe.nissan-cdn.net/content/dam/Nissan/greece/brochures/NV400_CHASSIS_CAB.pdf;https://www-europe.nissan-cdn.net/content/dam/Nissan/ireland/Brochures/NV400%20%20Brochure%202017.pdf;https://www-europe.nissan-cdn.net/content/dam/Nissan/ireland/Brochures/NV400%20MY20%20112020.pdf;https://www.nissan-cdn.net/content/dam/Nissan/gb/brochures/Vehicles/Nissan_NV400_UK.pdf,pending,,2026-09-16T14:21:31+00:00
9bb90f4c7fe3211fc47a,EU;RU,Opel,Combo,53,1993-2001; 1994-2001; 1999-2001; 2001-2003; 2001-2026; 2003-2011; 2004-2026; 2005-2012; 2005-2026; 2006-2026; 2011-2017; 2012-2026; 2015-2026; 2016-2026; 2018-2020; 2018-2021; 2018-2024; 2018-2026; 2019-2026; 2020-2022; 2021-2026; 2023-2026; 2024-2026; 2025-2026,B; C; C Рестайлинг; Combo B; Combo C; Combo C facelift; Combo C facelift 2003; Combo E; Combo E Life; D; E; E Рестайлинг; PCMA,MPV; Van,SU1; V0,https://auto.ru/catalog/cars/opel/combo/;https://auto.ru/catalog/cars/opel/combo/specifications/;https://vandimensions.com/database/opel/combo-c;https://www.auto-data.net/en/opel-combo-b-generation-491;https://www.auto-data.net/en/opel-combo-life-e-1.2i-110hp-start-stop-33540;https://www.auto-data.net/en/opel-combo-life-e-generation-6369;https://www.auto-data.net/en/opel-combo-life-xl-e-1.5d-130hp-start-stop-33575;https://www.auto-data.net/en/opel-combo-tour-c-facelift-2003-1.3-cdti-75hp-25825,pending,,2026-09-16T14:21:31+00:00
aac46283a4a31e4d7c01,EU;RU,Saab,9-5,53,1997-2001; 1997-2003; 1997-2009; 1998-2000; 1998-2005; 1998-2009; 1999-2001; 2000-2001; 2000-2009; 2001-2005; 2001-2009; 2002-2009; 2003-2005; 2003-2009; 2005-2009; 2005-2010; 2006-2009; 2007-2009; 2010-2012,9-5 I; 9-5 I Facelift 2005; 9-5 I facelift (2001); 9-5 I facelift 2001; 9-5 I facelift 2005; 9-5 I pre-facelift; 9-5 II; 9-5 facelift 2005; I; I Рестайлинг; I Рестайлинг 2; II; Saab 9-5 I Facelift 2005; Saab 9-5 Sport Combi facelift 2005; Saab 9-5 facelift 2005,Sedan; Wagon; Wagon 5-door,H2; SD1,https://www.auto-data.net/en/saab-9-5-2.0-t-16v-185hp-11844;https://www.auto-data.net/en/saab-9-5-facelift-2001-generation-7159;https://www.auto-data.net/en/saab-9-5-facelift-2005-2.3-turbo-260hp-42735;https://www.auto-data.net/en/saab-9-5-model-1271;https://www.auto-data.net/en/saab-9-5-sport-combi-2.0-t-150hp-automatic-11856;https://www.auto-data.net/en/saab-9-5-sport-combi-facelift-2001-2.3-t-185hp-11859;https://www.auto-data.net/en/saab-9-5-sport-combi-facelift-2005-1.9-tid-150hp-42747;https://www.auto-data.net/en/saab-9-5-sport-combi-facelift-2005-1.9-tid-150hp-automatic-42748,pending,,2026-09-16T14:21:31+00:00
bba966fc0162b390701e,EU;RU,Fiat,Fiorino,52,1977-1986; 1977-1987; 1980-1987; 1982-1987; 1982-1988; 1984-1988; 1986-1988; 1986-1989; 1987-1993; 1987-2013; 1988-1992; 1988-1993; 1988-1994; 1988-1996; 1988-1999; 1988-2000; 1993-1999; 1993-2000; 1993-2001; 1994-2001; 1996-2000; 1997-2001; 2007-2024; 2007-2026; 2008-2026; 2009-2026; 2010-2012; 2011-2026; 2014-2026; 2015-2026; 2016-2024; 2016-2026,Fiorino 147; Fiorino I; Fiorino I (147); Fiorino II; Fiorino II (146); Fiorino III; Fiorino III facelift; Fiorino/Qubo MY2016; I; II; III; III Рестайлинг; Qubo I,MPV; Pickup; Van,P0; SU1; V0,https://auto.ru/catalog/cars/fiat/fiorino/;https://auto.ru/catalog/cars/fiat/fiorino/10401401/21750620/specifications/21750620__21750623/;https://auto.ru/catalog/cars/fiat/fiorino/specifications/;https://fiat.drive.place/fiorino/i/group_furgon/627253;https://glencom.co.uk/wp-content/uploads/2019/03/fiat-professional-fiorino-brochure.pdf;https://quatrorodas.abril.com.br/carros-classicos/classico-fiat-city-era-a-picape-do-147-com-cacamba-minuscula-mas-pratica/;https://quatrorodas.abril.com.br/carros-classicos/fiat-fiorino-foi-a-picape-do-uno-e-abriu-caminho-para-o-sucesso-da-strada/;https://vans.honestjohn.co.uk/specs/detail/?v=V107215,pending,,2026-09-16T14:21:31+00:00
9132157597c288c1e33d,EU,Iveco,Daily ii,52,1989-1996; 1989-1998; 1990-1996; 1990-1997; 1991-1996; 1991-1998; 1992-1998; 1995-1999; 1996-1998; 1996-1999; 1997-1999; 1998-1999,Daily II,Chassis Cab; Pickup; Van,P0; SU1,https://katalogus.hasznaltauto.hu/iveco/daily_35-10_c/50258;https://katalogus.hasznaltauto.hu/iveco/daily_35-10_c/50259;https://katalogus.hasznaltauto.hu/iveco/daily_35-10_c/50260;https://katalogus.hasznaltauto.hu/iveco/daily_35-10_c_basic/50281;https://katalogus.hasznaltauto.hu/iveco/daily_35-10_c_basic/50282;https://katalogus.hasznaltauto.hu/iveco/daily_35-10_c_basic/50283;https://privat.albicker.org/docs/iveco-technik/40-10w-e2.pdf;https://privat.albicker.org/docs/iveco-technik/40-10w.pdf,pending,,2026-09-16T14:21:31+00:00
dcd176b57118d39ab3b7,EU,VW,Crafter,52,2016-2024; 2016-2026; 2017-2021; 2017-2024; 2017-2026; 2018-2026; 2022-2026; 2023-2026,Crafter II,Chassis Cab; MPV; Pickup; Van,P0; SU1,https://storage.customized-solution.com/csp-public/content/Technische-Informationen/Crafter/Body-builder-guidelines-Crafter-EN-48-2023_01.pdf;https://vandimensions.com/media/pages/database/volkswagen/crafter-2017/d954f9b098-1626525686/my_18_crafter_brochure.pdf;https://www.carexpert.co.nz/volkswagen/crafter/2023-2l-chassis-cab-fwd-diesel-automatic-josooawk20220901;https://www.continentalcars.co.nz/assets/uploads/2017/11/vw-crafter-minibus-brochure-2017.pdf;https://www.volkswagen.com.sg/crafter/crafter;https://www.volkswagenvans.ie/idhub/content/dam/onehub_nfz/importers/ie/models/downloads/my26/Crafter%20Chassis%20Cab%20Dropside%20Brochure.pdf,pending,,2026-09-16T14:21:31+00:00
727e0a0246aeb40d8c46,EU,BMW,6,51,1975-1981; 1976-1979; 1977-1989; 1978-1982; 1978-1984; 1979-1987; 1982-1988; 1984-1986; 1984-1988; 1986-1989; 1987-1989; 2003-2005; 2004-2005; 2004-2007; 2005-2010; 2006-2010; 2007-2010; 2010-2012; 2011-2012; 2011-2015; 2011-2017; 2011-2018; 2012-2017; 2012-2018; 2013-2015; 2013-2017; 2013-2018; 2015-2017; 2015-2018; 2017-2020; 2018-2020; 2019-2026; 2020-2026,6 Series E24; 6 Series E63; 6 Series E63 LCI; 6 Series E64; 6 Series E64 LCI; 6 Series F12; 6 Series F13; 6 Series Gran Turismo; 6 Series Gran Turismo (G32); 6 Series Gran Turismo G32; 6 Series Gran Turismo I; BMW 6 Series E24; M6 E63; M6 E64; M6 F12; M6 F13M,Convertible; Coupe; Hatchback,H0; SD0,https://www.auto-data.net/en/bmw-6-series-e24-630cs-185hp-9849;https://www.auto-data.net/en/bmw-6-series-e24-facelift-1982-635csi-218hp-9854;https://www.auto-data.net/en/bmw-6-series-e24-facelift-1987-635csi-211hp-automatic-cat-28434;https://www.auto-data.net/en/bmw-m6-convertible-e64-5.0-v10-507hp-smg-9869;https://www.auto-data.net/en/bmw-m6-convertible-f12m-4.4-v8-560hp-17796;https://www.auto-data.net/en/bmw-m6-convertible-f12m-lci-facelift-2014-4.4-v8-560hp-33137;https://www.auto-data.net/en/bmw-m6-e63-generation-2005;https://www.automobile-catalog.com/car/1981/171335/bmw_635_csi.html,pending,,2026-09-16T14:21:31+00:00
d055b098db417adc9ca2,EU,Renault,Master ii,51,1997-2002; 1997-2006; 1998-2001; 2001-2006; 2001-2007; 2001-2010; 2002-2010; 2003-2006; 2003-2010; 2006-2010; 2006-2011,Master II; Master II Phase II,Chassis Cab; Van,P0; SU1,https://typenscheinschweiz.ch/typenschein/auto/3RA235;https://www.caradisiac.com/VUL-Renault-Master-la-fiche-technique-28776.htm;https://www.piecesauto.fr/marque-automobile/pieces-detachees-renault/master-ii-camion-plate-forme-chassis-ed-hd-ud.html;https://www.vauxhall.co.uk/content/dam/vauxhall/Home/PDFs/historical-brochures/discounted-models/movano/Movano_August_2007.pdf;https://www.vauxhall.co.uk/content/dam/vauxhall/Home/PDFs/historical-brochures/discounted-models/movano/Movano_Dec_2008.pdf;https://zoomcar.fr/fiche-technique-utilitaire/renault/master-02-master-chassis-dble-cab-l3h1-d-3-5-t-NAT59543.html;https://zoomcar.fr/fiche-technique-utilitaire/renault/master-chassis-cabine-master-chassis-cab-cc-l3h1-d-3-5-t-NAT58947.html,pending,,2026-09-16T14:21:31+00:00
5e6e05b90f88c3b9fefa,EU,VW,Lt 40-55 i,51,1975-1983; 1978-1991; 1979-1992; 1982-1989; 1982-1991; 1982-1992; 1982-1993; 1985-1989; 1986-1992; 1988-1989; 1988-1991; 1988-1992; 1990-1996; 1991-1992; 1992-1996; 1993-1996; 1994-1996,LT I; LT I 4x4,Chassis Cab; Pickup; Van,P0; SU1,https://vwlt.co.uk/wp-content/uploads/1987-12%20Der%20VW%20LT%204x4.pdf;https://www.lt-forum.de/dokuwiki/lib/exe/fetch.php?media=startseite%3Aprospekte%3Avolkswagen%3Avw_lt_4x4_prospekt_1985%3Avw_lt_4x4_1985-08.pdf;https://www.lt-forum.de/dokuwiki/lib/exe/fetch.php?media=startseite%3Aprospekte%3Avolkswagen%3Avw_lt_4x4_prospekt_1991%3Avw_lt_4x4_prospekt_1991.pdf;https://www.scribd.com/document/807413617/Volkswagen-LT-Workshop-Manual-1976-1987-PDF;https://www.thesamba.com/vw/archives/lit/lt_tech_specs/LTtechspecs.pdf,pending,,2026-09-16T14:21:31+00:00
a88304b980dcff28e047,EU,VW,Transporter t3,51,1979-1982; 1979-1986; 1981-1987; 1982-1992; 1983-1985; 1983-1989; 1984-1989; 1984-1992; 1985-1992; 1986-1992; 1989-1992,Transporter T3; Volkswagen Transporter T3,Bus; MPV; Pickup; Van,P0; SU1,https://autocatalogarchive.com/wp-content/uploads/2019/06/VW-T3-1980-UK.pdf;https://oldtimerphotography.de/wp-content/uploads/2016/07/VWN_T3.pdf;https://www.auto-data.net/en/volkswagen-caravelle-t3-1.6-d-50hp-manual-4-speed-49401;https://www.auto-data.net/en/volkswagen-caravelle-t3-1.7-d-57hp-manual-5-speed-49423;https://www.auto-data.net/en/volkswagen-caravelle-t3-1.9-78hp-syncro-14-49421;https://www.auto-data.net/en/volkswagen-caravelle-t3-2.1-112hp-syncro-16-49410;https://www.auto-data.net/en/volkswagen-caravelle-t3-2.1-95hp-49393;https://www.auto-data.net/en/volkswagen-caravelle-t3-2.1-95hp-syncro-14-49409,pending,,2026-09-16T14:21:31+00:00
1d3d2bf23112de16144c,EU;RU,Nissan,Bluebird,50,1971-1976; 1972-1977; 1974-1979; 1976-1979; 1979-1983; 1980-1983; 1980-1984; 1982-1983; 1982-1984; 1983-1983; 1983-1985; 1983-1988; 1983-1990; 1984-1988; 1984-1990; 1985-1987; 1985-1990; 1986-1990; 1987-1990; 1987-1991; 1989-1990; 1991-1997; 1992-1997; 1996-2001; 2013-2026,"Bluebird 610; Bluebird 810; Bluebird 910; Bluebird IV; Bluebird Sylphy III; Bluebird T12; Bluebird T72; Bluebird U11; Bluebird U13; IV (610); IX (U12); V (810); VI (910); VII (U11); VIII (T12, T72); X (U13); XI (U14)",Coupe; Hatchback; Hatchback 5-door; Sedan; Wagon; Wagon 5-door,H0; H2; SD0; SD1,https://auto.ru/catalog/cars/nissan/bluebird/;https://auto.ru/catalog/cars/nissan/bluebird/specifications/;https://bind.lt/en/technical-specifications/nissan/bluebird-1/810-restyling/sedan/1-8-at-88-hp;https://www-asia.nissan-cdn.net/content/dam/Nissan/ph/brochures/Sylphy_DigitalBrochure.pdf;https://www.auto-data.net/en/nissan-bluebird-u13-2.4-152hp-25078;https://www.automobile-catalog.com/car/1977/35720/datsun_bluebird_180_b.html;https://www.automobile-catalog.com/car/1980/2119145/datsun_bluebird_1_8_gl_wagon.html;https://www.automobile-catalog.com/car/1981/45245/datsun_bluebird_1_8.html,pending,,2026-09-16T14:21:31+00:00
b502c52579e1987da910,EU;RU,Bentley,Continental,49,1984-2003; 1989-1992; 1991-1999; 1991-2002; 1994-1995; 1999-2002; 2003-2011; 2005-2010; 2006-2011; 2007-2011; 2008-2010; 2008-2013; 2009-2011; 2010-2010; 2010-2013; 2011-2014; 2011-2015; 2011-2018; 2012-2018; 2013-2018; 2014-2016; 2014-2018; 2015-2018; 2016-2018; 2017-2018; 2017-2026; 2018-2026; 2019-2026; 2021-2026; 2024-2026,Continental Convertible; Continental Flying Spur I; Continental Flying Spur I Facelift; Continental Flying Spur I facelift; Continental GT I; Continental GT II; Continental GT II Facelift; Continental GT III; Continental GT IV; Continental GTC; Continental GTC I; Continental GTC I Speed; Continental GTC II; Continental GTC II Speed; Continental GTC II facelift; Continental GTC II facelift Speed; Continental GTC II facelift Supersports; Continental GTC III; Continental GTC IV; Continental R; Continental R I; Continental S I; Continental Supersports ISR; Continental T I Mulliner; I,Convertible; Coupe; Sedan,SD0; SD1,https://auto.ru/catalog/cars/bentley/continental/;https://auto.ru/catalog/cars/bentley/continental/specifications/;https://autocatalogarchive.com/wp-content/uploads/2016/05/Bentley-Continental-Flying-Spur-2008.pdf;https://neofiliac.com/product/7619/bentley-continental-gtc-3;https://rrtechnical.info/sz/sz87/a1.pdf;https://www.auto-data.net/en/bentley-continental-gt-speed-6.0i-w12-48v-twin-turbo-610hp-6753;https://www.auto-data.net/en/bentley-continental-gtc-6.0-i-w12-48v-560hp-6754;https://www.auto-data.net/en/bentley-continental-gtc-ii-facelift-2015-6.0-w12-590hp-awd-automatic-22847,pending,,2026-09-16T14:21:31+00:00
87ddb1b2e32b26de6a8a,EU;RU,Nissan,Skyline,49,1968-1972; 1972-1977; 1977-1981; 1981-1985; 1985-1989; 1989-1993; 1989-1994; 1990-1993; 1993-1998; 1994-1999; 1994-2000; 1998-2000; 1998-2002; 1998-2006; 1999-2002; 1999-2008; 2001-2007; 2006-2010; 2008-2014; 2010-2014; 2014-2017; 2017-2019; 2019-2026,III (C10); IV (C110); IX (R33); Skyline GT-R R33; Skyline GT-R R34; Skyline GT-R X; Skyline R32; Skyline R33; Skyline R34; Skyline VIII; Skyline X; Skyline XII; V (C210); VI (R30); VII (R31); VIII (R32); X (R34); XI (V35); XII (V36); XII (V36) Рестайлинг; XIII (V37); XIII (V37) Рестайлинг; XIII (V37) Рестайлинг 2,Coupe; Liftback; Sedan; Wagon 5-door,H0; H2; SD0; SD1,https://auto.ru/catalog/cars/nissan/skyline/;https://auto.ru/catalog/cars/nissan/skyline/specifications/;https://www.auto-data.net/en/nissan-skyline-gt-r-x-r34-2.6-i-24v-turbo-4wd-280hp-360;https://www.auto-data.net/en/nissan-skyline-x-r34-2.5-i-24v-turbo-280hp-automatic-359;https://www.automobile-catalog.com/car/1990/2134895/nissan_skyline_4door_sports_sedan_gts-t_type-m.html;https://www.automobile-catalog.com/car/1990/2134955/nissan_skyline_2door_sports_coupe_gts.html;https://www.automobile-catalog.com/car/1992/2135255/nissan_skyline_4door_sports_sedan_gts-4.html;https://www.automobile-catalog.com/car/1999/2137790/nissan_skyline_2door_sports_coupe_25gt_turbo.html,pending,,2026-09-16T14:21:31+00:00
0ffb73661fc5e8920c72,EU;RU,Porsche,Cayenne,49,2002-2006; 2002-2007; 2003-2007; 2004-2007; 2007-2010; 2008-2010; 2009-2010; 2010-2014; 2010-2018; 2011-2017; 2011-2018; 2012-2014; 2012-2018; 2014-2018; 2015-2018; 2017-2023; 2019-2023; 2019-2026; 2020-2023; 2023-2026; 2024-2026; 2025-2026; 2026-2026,955; 958; 958 facelift; 9Y0; 9Y0 facelift; Cayenne 955; Cayenne 957; Cayenne 957 Turbo S; Cayenne Electric; Cayenne I Facelift (957); Cayenne II; Cayenne II facelift; Cayenne III; Cayenne III (9YA); I (955); I Рестайлинг (957); II (958); II Рестайлинг (958); III; III Рестайлинг; IV; Porsche Cayenne 955,Coupe; SUV; SUV 5-door,SD0; SU1,https://auto.ru/catalog/cars/porsche/cayenne/;https://auto.ru/catalog/cars/porsche/cayenne/specifications/;https://dt16c8g6jis9k.cloudfront.net/porsche/cayenne/2008/dimensions;https://newsroom.porsche.com/dam/jcr%3A13b2afec-e26a-4280-8e16-06686a45d53b/Press;https://newsroom.porsche.com/dam/jcr%3A88587da7-01da-43c1-8dd9-8de1dd4ccd6d/2011_Cayenne_Specifications.pdf;https://newsroom.porsche.com/dam/jcr%3Ac8bd6fb1-ba9e-4d7b-baef-a1cfbe33b565/PAG_Cayenne_E-Hybrid_TD_EN.pdf;https://newsroom.porsche.com/en_PME/2025/products/porsche-cayenne-electric-technological-milestone-41129.html;https://www.auto-data.net/en/porsche-cayenne-955-3.2i-v6-250hp-6722,pending,,2026-09-16T14:21:31+00:00
404c36c2de1087917d17,EU,VW,Crafter 30-50,48,2006-2011; 2006-2013; 2011-2016; 2013-2016; 2015-2016,Crafter I facelift; Volkswagen Crafter I,Chassis Cab; Pickup; Van,DUAL; P0; SU1,https://www.autosynergy.co.uk/assets/brochures/volkswagen-crafter.pdf;https://www.autotrader.com.au/volkswagen/crafter/dimensions/2011;https://www.carsales.com.au/research/volkswagen/crafter/2011/50-tdi400/,pending,,2026-09-16T14:21:31+00:00
9f987dc1dce8ecdaf320,EU;RU,Alfa Romeo,156,47,1997-2000; 1997-2002; 1997-2003; 1997-2005; 1997-2006; 2000-2000; 2000-2001; 2000-2002; 2000-2003; 2000-2005; 2000-2006; 2001-2005; 2001-2006; 2002-2003; 2002-2004; 2002-2005; 2002-2006; 2003-2005; 2003-2006; 2003-2007; 2004-2005; 2004-2006; 2005-2006,156 (932); 156 (932) facelift; 156 Facelift; 156 GTA (932); 156 facelift; I; I Рестайлинг 1; I Рестайлинг 2,Sedan; Wagon; Wagon 5-door,H2; SD1,https://auto.ru/catalog/cars/alfa_romeo/156/;https://auto.ru/catalog/cars/alfa_romeo/156/specifications/;https://www.auto-data.net/en/alfa-romeo-156-932-2.0-jts-165hp-1487;https://www.auto-data.net/en/alfa-romeo-156-932-facelift-2003-2.0-16v-jts-165hp-1469;https://www.automobile-catalog.com/car/1998/218735/alfa_romeo_156_1_6_twin_spark_16v.html;https://www.automobile-catalog.com/car/2000/218855/alfa_romeo_156_sportwagon_1_6_twin_spark_16v.html;https://www.automobile-catalog.com/car/2002/219965/alfa_romeo_156_sportwagon_gta.html;https://www.automobile-catalog.com/car/2002/219980/alfa_romeo_156_gta.html,pending,,2026-09-16T14:21:31+00:00
8d0dfb905b20b7171721,EU;RU,Mercedes-benz,Cls,47,2004-2008; 2004-2010; 2005-2006; 2005-2010; 2006-2010; 2008-2010; 2009-2010; 2010-2014; 2011-2014; 2011-2017; 2012-2014; 2012-2017; 2013-2017; 2014-2017; 2015-2017; 2017-2021; 2017-2026; 2018-2026; 2020-2026; 2021-2023; 2021-2026,CLS C218; CLS C219; CLS C219 facelift; CLS C257; CLS I; CLS II; CLS II (C218); CLS III; CLS III C257; CLS X218; I (C219); I (C219) Рестайлинг; II (C218); II (C218) Рестайлинг; III (C257); III (C257) Рестайлинг,Coupe; Sedan; Wagon; Wagon 5-door,H2; SD0; SD1,https://auto.ru/catalog/cars/mercedes/cls_klasse/;https://auto.ru/catalog/cars/mercedes/cls_klasse/specifications/;https://mercedes-benz-publicarchive.com/marsClassic/de/instance/ko/CLS-500-4MATIC-BlueEFFICIENCY-2011---2014-ab-032013-CLS-500-4MATIC.xhtml?oid=191274643;https://mercedes-benz-publicarchive.com/marsClassic/de/instance/ko/CLS-63-AMG-4MATIC-2013---2014.xhtml?oid=191274645;https://mercedes-benz-publicarchive.com/marsClassic/en/instance/ko/CLS-320-CDI-2005---2008.xhtml?oid=192528691;https://mercedes-benz-publicarchive.com/marsClassic/en/instance/ko/CLS-320-CDI-2008---2010-from-042009-CLS-350-CDI.xhtml?oid=192528704;https://mercedes-benz-publicarchive.com/marsClassic/en/instance/ko/CLS-350-2004---2006-only-for-export-until-2010.xhtml?oid=192528692;https://mercedes-benz-publicarchive.com/marsClassic/en/instance/ko/CLS-350-CDI-4MATIC-BlueEFFICIENCY-2011---2014-from-032013-CLS-350-CDI-4MATIC.xhtml?oid=191274638,pending,,2026-09-16T14:21:31+00:00
9e91587d2273f827a620,EU,Renault,Clio iii,46,2005-2007; 2005-2010; 2005-2012; 2005-2014; 2006-2010; 2006-2012; 2006-2014; 2007-2011; 2007-2012; 2007-2014; 2008-2012; 2008-2014; 2009-2014; 2010-2014,Clio III; Clio III Phase I; Clio III Phase II; Clio III Phase II GT; Clio III RS; Renault Clio III; Renault Clio III Phase I; Renault Clio III Phase II,Hatchback; Van,H0; SU1,https://www.auto-data.net/en/renault-clio-iii-phase-i-3-door-1.2-16v-tce-100hp-25151;https://www.auto-data.net/en/renault-clio-iii-phase-i-3-door-1.5-dci-103hp-fap-56130;https://www.auto-data.net/en/renault-clio-iii-phase-i-3-door-2.0-16v-139hp-25243;https://www.auto-data.net/en/renault-clio-iii-phase-i-3-door-rs-2.0-16v-197hp-25037;https://www.auto-data.net/en/renault-clio-iii-phase-i-5-door-1.2-16v-tce-100hp-56129;https://www.auto-data.net/en/renault-clio-iii-phase-i-5-door-1.5-dci-103hp-fap-56133;https://www.auto-data.net/en/renault-clio-iii-phase-i-5-door-generation-11029;https://www.auto-data.net/en/renault-clio-iii-phase-ii-2009-3-door-1.2-16v-tce-100hp-35773,pending,,2026-09-16T14:21:31+00:00
597ed653d038992f9ab8,EU;RU,Alfa Romeo,33,44,1983-1984; 1983-1986; 1983-1987; 1983-1989; 1983-1990; 1983-1993; 1984-1986; 1984-1989; 1985-1986; 1986-1989; 1986-1990; 1987-1990; 1988-1989; 1990-1991; 1990-1992; 1990-1993; 1990-1994; 1991-1994; 1992-1994,33 905; 33 907; 33 Series 2; 33 Series I; 33 Series II; 33 Type 905; 33 Type 907A; Alfa Romeo 33 905; Alfa Romeo 33 I; Alfa Romeo 33 II; Alfa Romeo 33 Tipo 905; I; I Рестайлинг; II,Hatchback; Hatchback 5-door; Sedan; Wagon; Wagon 5-door,H0; H2; SD1,https://auto.ru/catalog/cars/alfa_romeo/33/;https://auto.ru/catalog/cars/alfa_romeo/33/specifications/;https://www.auto-data.net/en/alfa-romeo-33-905-1.3-68hp-1399;https://www.auto-data.net/en/alfa-romeo-33-905-1.7-i.e.-105hp-1410;https://www.auto-data.net/en/alfa-romeo-33-sport-wagon-907b-1.7-16v-132hp-4x4-1394;https://www.automobile-catalog.com/car/1983/214760/alfa_romeo_33_1_3.html;https://www.automobile-catalog.com/car/1983/48725/alfa_romeo_33_1_5.html;https://www.automobile-catalog.com/car/1984/214790/alfa_romeo_33_1_5_4x4.html,pending,,2026-09-16T14:21:31+00:00
a95967b2044b3b37484a,EU,Citroën,Xsara,44,1997-2000; 1997-2005; 1998-2000; 1998-2005; 1999-2001; 1999-2005; 1999-2010; 1999-2011; 2000-2005; 2001-2004; 2001-2005; 2002-2003; 2003-2005; 2003-2012; 2004-2010; 2004-2011; 2005-2011,Xsara I; Xsara I Phase I; Xsara I Phase II/III; Xsara I facelift; Xsara Phase I; Xsara Phase II-III; Xsara Picasso; Xsara Picasso I; Xsara Picasso I Phase II,Coupe; Hatchback; MPV; Wagon,H0; SD0; SD1; SU1,https://www.auto-data.net/en/citroen-xsara-break-n2-phase-ii-generation-9025;https://www.auto-data.net/en/citroen-xsara-model-1693;https://www.auto-data.net/en/citroen-xsara-n1-phase-ii-generation-9026;https://www.auto-data.net/en/citroen-xsara-picasso-model-4080;https://www.auto-data.net/en/citroen-xsara-picasso-n68-phase-ii-1.6-16v-109hp-15111;https://www.automobile-catalog.com/car/1997/546530/citroen_xsara_1_9_d_sx.html;https://www.automobile-catalog.com/car/1998/546875/citroen_xsara_break_1_9_d_sx.html;https://www.automobile-catalog.com/car/2000/546770/citroen_xsara_coupe_vts_2_0i_16v.html,pending,,2026-09-16T14:21:31+00:00
b62b22ce5a673862d563,EU,MAN,Tge,43,2016-2024; 2016-2026; 2017-2021; 2017-2024; 2017-2026; 2018-2026; 2019-2021; 2022-2026; 2023-2026,I; TGE I,Chassis Cab; Van,P0; SU1,https://www.man.eu/content/dam/man/countries/doc/bw-master/van/datenblaetter/tge/man-tge-technical-data-en.pdf/_jcr_content/renditions/original./man-tge-technical-data-en.pdf;https://www.man.eu/content/dam/man/countries/doc/bw-master/van/datenblaetter/tge/man-tge-technical-data-uk.pdf/_jcr_content/renditions/original./man-tge-technical-data-uk.pdf,pending,,2026-09-16T14:21:31+00:00
2cf5d58d1c3d08ff4142,EU;RU,Peugeot,306,43,1993-2000; 1993-2001; 1993-2002; 1994-2000; 1994-2001; 1994-2002; 1996-2000; 1996-2001; 1997-1999; 1997-2000; 1997-2001; 1997-2002; 1998-2001; 1998-2002; 1999-2001; 1999-2002; 2000-2001; 2000-2002,306 Break; 306 Cabrio; 306 Cabrio Phase I; 306 Cabrio Phase II; 306 Cabrio facelift 1997; 306 Cabriolet facelift; 306 Facelift; 306 Phase I; 306 Phase I S16; 306 Phase I XSi; 306 Phase II; 306 Sedan Phase I; 306 Sedan Phase II; 306 facelift; Peugeot 306 Phase II,Convertible; Hatchback; Hatchback 3-door; Hatchback 5-door; Sedan; Wagon; Wagon 5-door,H0; H2; SD0; SD1,https://auto.ru/catalog/cars/peugeot/306/;https://auto.ru/catalog/cars/peugeot/306/specifications/;https://www.auto-data.net/en/peugeot-306-break-7e-1.9d-75hp-5702;https://www.auto-data.net/en/peugeot-306-cabrio-7d-1.8-101hp-5677;https://www.auto-data.net/en/peugeot-306-cabrio-facelift-1997-1.8i-101hp-automatic-5676;https://www.auto-data.net/en/peugeot-306-cabrio-facelift-1997-generation-6620;https://www.auto-data.net/en/peugeot-306-hatchback-7a-c-1.9-dt-90hp-5716;https://www.auto-data.net/en/peugeot-306-hatchback-7a-c-2.0-s16-152hp-5720,pending,,2026-09-16T14:21:31+00:00
20180d6b0d36456299c0,EU;RU,Renault,21,43,1986-1987; 1986-1988; 1986-1989; 1986-1990; 1986-1993; 1986-1994; 1986-1995; 1987-1989; 1987-1990; 1988-1992; 1988-1993; 1989-1992; 1989-1993; 1989-1994; 1990-1992; 1990-1994; 1991-1993; 1992-1994; 1992-1995,21 Phase I; 21 Phase II; 21 Phase II Nevada; II; Renault 21; Renault 21 Phase I; Renault 21 Phase II,Hatchback; Hatchback 5-door; Sedan; Wagon; Wagon 5-door,H0; H2; SD1,https://auto.ru/catalog/cars/renault/21/;https://auto.ru/catalog/cars/renault/21/specifications/;https://www.auto-data.net/en/renault-21-b48-generation-2126;https://www.auto-data.net/en/renault-21-combi-k48-generation-2127;https://www.auto-data.net/en/renault-21-hatchback-l48-generation-2128;https://www.automobile-catalog.com/car/1986/52340/renault_21_txe.html;https://www.automobile-catalog.com/car/1986/55805/renault_21_turbo_d.html;https://www.automobile-catalog.com/car/1987/2939810/renault_21_turbo_dx.html,pending,,2026-09-16T14:21:31+00:00
55fbda50eb7ba9d416f7,EU;RU,Alfa Romeo,Giulietta,42,1954-1962; 1954-1963; 1955-1957; 1955-1962; 1956-1962; 1957-1960; 1957-1962; 1958-1960; 1958-1961; 1958-1962; 1959-1962; 1961-1962; 1977-1983; 1977-1985; 1979-1985; 1980-1985; 1983-1985; 1984-1985; 2010-2013; 2010-2016; 2010-2018; 2010-2020; 2011-2016; 2011-2017; 2011-2020; 2013-2018; 2014-2018; 2015-2018; 2015-2020; 2016-2020,Alfa Romeo Giulietta Type 940; Giulietta; Giulietta (116); Giulietta (940); Giulietta 116; Giulietta 940; Giulietta Berlina 101; Giulietta Berlina 750; Giulietta Promiscua; Giulietta Spider 101; Giulietta Spider 750; Giulietta Spider Veloce 101; Giulietta Spider Veloce 750; Giulietta Sprint 101; Giulietta Sprint 750; Giulietta Sprint Speciale; Giulietta Sprint Veloce 101; Giulietta Sprint Veloce 750; Giulietta TI 101; Giulietta TI 750; I; II; III; III Рестайлинг,Convertible; Coupe; Hatchback; Hatchback 5-door; Sedan; Wagon,H0; SD0; SD1,https://auto.ru/catalog/cars/alfa_romeo/giulietta/;https://auto.ru/catalog/cars/alfa_romeo/giulietta/specifications/;https://www.auto-data.net/en/alfa-romeo-giulietta-type-940-1.4-120hp-lpg-18680;https://www.automobile-catalog.com/car/1954/33260/alfa_romeo_giulietta_sprint_tipo_750b.html;https://www.automobile-catalog.com/car/1958/213710/alfa_romeo_giulietta_tipo_750c.html;https://www.automobile-catalog.com/car/1958/213830/alfa_romeo_giulietta_spider_tipo_750d.html;https://www.automobile-catalog.com/car/1959/213860/alfa_romeo_giulietta_tipo_101_00.html;https://www.automobile-catalog.com/car/1959/213875/alfa_romeo_giulietta_ti_tipo_101_11.html,pending,,2026-09-16T14:21:31+00:00
63107782db756af1b24a,RU,BMW,3 серии,42,1975-1983; 1982-1994; 1990-2000; 1998-2003; 2001-2007; 2004-2010; 2008-2013; 2011-2016; 2015-2020; 2018-2022; 2022-2024; 2024-2026,I (E21); II (E30); III (E36); IV (E46); IV (E46) Рестайлинг; V (E90/E91/E92/E93); V (E90/E91/E92/E93) Рестайлинг; VI (F3x); VI (F3x) Рестайлинг; VII (G2x); VII (G2x) Рестайлинг; VII (G2x) Рестайлинг 2,Convertible; Coupe; Hatchback 3-door; Liftback; Sedan; Wagon 5-door,H0; H2; SD0; SD1,https://auto.ru/catalog/cars/bmw/3er/;https://auto.ru/catalog/cars/bmw/3er/specifications/,pending,,2026-09-16T14:21:31+00:00
529c7fa9f17fee535192,EU;RU,Ford,Granada,42,1972-1975; 1972-1976; 1972-1977; 1974-1977; 1975-1975; 1975-1977; 1977-1979; 1977-1981; 1977-1982; 1977-1985; 1979-1985; 1981-1985; 1982-1985,Granada I; Granada II; Granada II Turnier; Granada Mk I; Granada Mk I Turnier; I; II,Coupe; Sedan; Wagon; Wagon 5-door,H2; SD0; SD1,https://auto.ru/catalog/cars/ford/granada/;https://auto.ru/catalog/cars/ford/granada/specifications/;https://ford.drive.place/granada/i/group_sedan/78224;https://www.auto-data.net/en/ford-granada-turnier-ggnl-2.0-90hp-7988;https://www.auto-data.net/en/ford-granada-turnier-gnu-generation-1750;https://www.automobile-catalog.com/car/1972/34340/ford_granada_2300.html;https://www.automobile-catalog.com/car/1972/34355/ford_granada_turnier_2300.html;https://www.automobile-catalog.com/car/1972/915290/ford_granada_2300_gxl_2tur_.html,pending,,2026-09-16T14:21:31+00:00
adcef85ae69616ab0d1d,EU,Mercedes-benz,A-Klasse,42,1997-2004; 1998-2001; 1999-2004; 2001-2004; 2004-2012; 2005-2012; 2009-2012; 2010-2012; 2012-2014; 2012-2018; 2013-2018; 2014-2018; 2015-2018; 2018-2019; 2018-2026; 2019-2026; 2020-2026; 2022-2026,A-Class AMG V177 facelift; A-Class AMG W176; A-Class AMG W176 facelift; A-Class AMG W177 facelift; A-Class C169; A-Class C169 facelift; A-Class I; A-Class IV; A-Class IV (V177); A-Class IV (W177); A-Class Sedan V177; A-Class Sedan V177 facelift; A-Class V177; A-Class W168; A-Class W168 facelift; A-Class W169; A-Class W169 facelift; A-Class W176; A-Class W176 facelift; A-Class W177; A-Class W177 facelift; A-Class fourth generation; Mercedes-Benz A-Class W168,Hatchback; Sedan,H0; SD1,https://mercedes-benz-publicarchive.com/marsClassic/en/instance/ko/169-series-A-Class-Coups-2004---2008.xhtml?oid=453317;https://mercedes-benz-publicarchive.com/marsClassic/en/instance/ko/169-series-A-Class-Coups-2008---2010.xhtml?oid=2453092;https://mercedes-benz-publicarchive.com/marsClassic/en/instance/ko/169-series-A-Class-Saloons-2004---2008.xhtml?oid=453316;https://mercedes-benz-publicarchive.com/marsClassic/en/instance/ko/169-series-A-Class-Saloons-2008---2012.xhtml?oid=5990972;https://ragtop.org/mbbrochures/2012/ireland/20111011A-Class_WC169_0611_021.pdf;https://www.auto-data.net/en/mercedes-benz-a-class-coupe-c169-facelift-2008-generation-8172;https://www.auto-data.net/en/mercedes-benz-a-class-coupe-c169-generation-8171;https://www.auto-data.net/en/mercedes-benz-a-class-sedan-v177-a-180d-116hp-dct-34128,pending,,2026-09-16T14:21:31+00:00
a62f59321e20549d1a14,EU;RU,Peugeot,307,42,2000-2003; 2000-2005; 2000-2007; 2001-2005; 2002-2003; 2002-2005; 2002-2008; 2002-2009; 2003-2005; 2003-2007; 2003-2008; 2003-2009; 2004-2007; 2004-2008; 2004-2009; 2005-2007; 2005-2008; 2005-2009; 2006-2008,307 CC; 307 CC facelift; 307 I; 307 I facelift; I; I Рестайлинг; Peugeot 307 I Break facelift; Peugeot 307 I facelift,Convertible; Hatchback; Hatchback 3-door; Hatchback 5-door; Wagon; Wagon 5-door,H0; H2; SD0; SD1,https://auto.ru/catalog/cars/peugeot/307/;https://auto.ru/catalog/cars/peugeot/307/specifications/;https://www.auto-data.net/en/peugeot-307-cc-facelift-2005-generation-6615;https://www.auto-data.net/en/peugeot-307-cc-generation-1227;https://www.auto-data.net/en/peugeot-307-facelift-2005-1.6-hdi-90hp-5274;https://www.auto-data.net/en/peugeot-307-facelift-2005-generation-4267;https://www.auto-data.net/en/peugeot-307-generation-1225;https://www.auto-data.net/en/peugeot-307-station-wagon-facelift-2005-generation-4268,pending,,2026-09-16T14:21:31+00:00
e6359b76b30a2efea616,EU;RU,Seat,Cordoba,42,1993-1996; 1993-1999; 1993-2002; 1994-1999; 1994-2002; 1996-1996; 1996-1999; 1996-2002; 1997-1999; 1997-2002; 1999-2002; 1999-2003; 2000-2000; 2000-2002; 2002-2005; 2002-2006; 2002-2007; 2002-2009; 2003-2006; 2003-2009; 2005-2009; 2006-2009,Cordoba I; Cordoba I facelift; Cordoba II; Cordoba Vario I facelift; Córdoba I facelift; I; I Рестайлинг; II; II Рестайлинг; SEAT Córdoba I,Coupe; Sedan; Wagon; Wagon 5-door,H2; SD0; SD1,https://auto.ru/catalog/cars/seat/cordoba/;https://auto.ru/catalog/cars/seat/cordoba/specifications/;https://www.auto-data.net/en/seat-cordoba-i-1.6-i-101hp-13448;https://www.auto-data.net/en/seat-cordoba-i-facelift-1999-1.4-16v-75hp-13419;https://www.auto-data.net/en/seat-cordoba-ii-1.2-12v-64hp-13409;https://www.auto-data.net/en/seat-cordoba-ii-1.4-tdi-75hp-13412;https://www.auto-data.net/en/seat-cordoba-vario-i-facelift-1999-1.4-60hp-13438;https://www.automobile-catalog.com/car/1997/3065810/seat_cordoba_1_4.html,pending,,2026-09-16T14:21:31+00:00
18d37c740f1f91946974,EU;RU,Alfa Romeo,Alfasud,41,1971-1983; 1972-1984; 1973-1984; 1976-1979; 1977-1984; 1978-1979; 1978-1980; 1978-1981; 1979-1984; 1979-1987; 1979-1989; 1980-1981; 1980-1984; 1980-1989; 1982-1988; 1983-1984; 1987-1989,Alfasud; Alfasud Giardinetta; Alfasud I; Alfasud I TI; Alfasud II; Alfasud II Super; Alfasud II TI; Alfasud III; Alfasud III SC; Alfasud III TI; Alfasud Series 2; Alfasud Sprint; Alfasud Sprint (902 Series 1); Sprint (902 facelift); Sprint II,Coupe; Hatchback; Hatchback 3-door; Hatchback 5-door; Sedan; Wagon; Wagon 3-door,H0; H2; SD0; SD1,https://auto.ru/catalog/cars/alfa_romeo/alfasud/;https://auto.ru/catalog/cars/alfa_romeo/alfasud/specifications/;https://autocatalogarchive.com/wp-content/uploads/2016/07/Alfa-Romeo-Alfasud-Sprint-1978-GER.pdf;https://www.auto-data.net/en/alfa-romeo-alfasud-giardinetta-904-1.2-63hp-1343;https://www.auto-data.net/en/alfa-romeo-alfasud-sprint-902.a-1.3-76hp-1322;https://www.automobile-catalog.com/car/1972/27740/alfa_romeo_alfasud.html;https://www.automobile-catalog.com/car/1977/143090/alfa_romeo_alfasud_ti_1_3.html;https://www.automobile-catalog.com/car/1977/35855/alfa_romeo_alfasud_super_1_3.html,pending,,2026-09-16T14:21:31+00:00
bf265d13d04c6c2ea88a,EU;RU,Chevrolet,Caprice,41,1965-1970; 1969-1970; 1970-1976; 1973-1974; 1974-1975; 1974-1976; 1976-1979; 1976-1987; 1976-1990; 1979-1985; 1980-1984; 1982-1986; 1986-1988; 1986-1989; 1987-1990; 1990-1991; 1990-1992; 1990-1993; 1990-1996; 1991-1993; 1991-1996; 1993-1996; 1999-2006; 2006-2017,Caprice I; Caprice II; Caprice III; Caprice IV; I; II; III; IV; V; VI,Coupe; Sedan; Wagon; Wagon 5-door,H2; SD0; SD1,https://auto.ru/catalog/cars/chevrolet/caprice/;https://auto.ru/catalog/cars/chevrolet/caprice/specifications/;https://autocatalogarchive.com/wp-content/uploads/2025/09/Chevrolet-Caprice-Impala-1974-USA.pdf;https://www.automobile-catalog.com/car/1970/412910/chevrolet_caprice_custom_coupe_454_v-8_turbo-jet_390-hp_hydra-matic.html;https://www.automobile-catalog.com/car/1975/117695/chevrolet_caprice_4-door_sedan_350_v-8_turbo-fire_hydra-matic.html;https://www.automobile-catalog.com/car/1975/117815/chevrolet_caprice_coupe_350_v-8_turbo-fire_hydra-matic.html;https://www.automobile-catalog.com/car/1976/207440/chevrolet_caprice_classic_coupe_400-4_v-8_turbo-jet_hydra-matic.html;https://www.automobile-catalog.com/car/1977/208055/chevrolet_caprice_classic_coupe_350-4_v-8_hydra-matic.html,pending,,2026-09-16T14:21:31+00:00
4a66526bb282e9184e8e,EU,Ford,Focus iii,41,2010-2014; 2010-2017; 2010-2020; 2011-2014; 2011-2017; 2011-2020; 2012-2015; 2012-2017; 2012-2020; 2013-2017; 2013-2020; 2014-2017; 2014-2018; 2014-2020; 2015-2018; 2017-2020,Focus III; Focus III facelift,Hatchback; Sedan; Wagon,H0; SD1,https://media.ford.com/content/dam/fordmedia/Europe/documents/productReleases/Focus/FordFocus_TechSpecs_EU.pdf;https://www.auto-data.net/en/ford-focus-iii-hatchback-1.0-ecoboost-125hp-start-stop-18057;https://www.auto-data.net/en/ford-focus-iii-hatchback-facelift-2014-rs-2.3-ecoboost-350hp-awd-24929;https://www.auto-data.net/en/ford-focus-iii-hatchback-facelift-2014-st-2.0-tdci-185hp-20091;https://www.auto-data.net/en/ford-focus-iii-hatchback-st-2.0-ecoboost-250hp-20094;https://www.auto-data.net/en/ford-focus-iii-sedan-1.0-ecoboost-125hp-start-stop-18071;https://www.auto-data.net/en/ford-focus-iii-sedan-facelift-2014-1.5-tdci-120hp-powershift-51917;https://www.automobile-catalog.com/car/2011/1592975/ford_focus_4-dr_1_6_ti-vct_125_titanium.html,pending,,2026-09-16T14:21:31+00:00
d8d6186dfa2f3e11dcf6,EU;RU,Peugeot,406,41,1995-2000; 1995-2003; 1995-2004; 1996-2000; 1996-2004; 1997-2004; 1998-2001; 1999-2000; 1999-2004; 1999-2005; 2000-2004; 2001-2004; 2002-2004,406 Break Phase I; 406 Break facelift; 406 Coupe; 406 I; 406 I Phase II; 406 Phase I; 406 facelift; I; I Рестайлинг; Peugeot 406 Coupé,Coupe; Sedan; Wagon; Wagon 5-door,H2; SD0; SD1,https://auto.ru/catalog/cars/peugeot/406/;https://auto.ru/catalog/cars/peugeot/406/specifications/;https://www.auto-data.net/en/peugeot-406-break-phase-i-1996-generation-1230;https://www.auto-data.net/en/peugeot-406-coupe-phase-i-1997-3.0-v6-207hp-5291;https://www.automobile-catalog.com/car/1997/2614040/peugeot_406_1_8i.html;https://www.automobile-catalog.com/car/1999/2614175/peugeot_406_1_8i.html;https://www.automobile-catalog.com/car/2000/2614475/peugeot_406_break_2_0_hdi_90.html;https://www.automobile-catalog.com/car/2001/2614625/peugeot_406_1_8i_16v.html,pending,,2026-09-16T14:21:31+00:00
ae2ce05c32ecd2d49638,EU,Renault,Clio ii,41,1998-2005; 1998-2009; 1998-2010; 1999-2001; 1999-2004; 1999-2005; 1999-2008; 2000-2001; 2000-2002; 2000-2008; 2000-2009; 2001-2003; 2001-2004; 2001-2005; 2001-2006; 2001-2009; 2001-2016; 2001-2026; 2002-2005; 2003-2005; 2003-2026; 2004-2005; 2004-2012; 2004-2026; 2005-2010; 2007-2009,Clio II; Clio II Phase I-II; Clio II Phase II; Clio II Phase III; II Phase I; II Phase II-IV; Renault Clio II,Hatchback; Van,H0; SU1,https://autogidas.lt/en/auto-katalogas/renault/clio/ii-1.6i-16v-1998-2001-k30192;https://www.auto-data.net/en/renault-clio-ii-phase-i-3-door-1.2-58hp-46358;https://www.auto-data.net/en/renault-clio-ii-phase-iii-2003-3-door-1.2-60hp-46398;https://www.autodata1.com/en/car/renault/clio/clio-ii-phase-iii-2003-3-door-12-16v-75-hp;https://www.automobile-catalog.com/car/1999/2948960/renault_clio_1_2.html;https://www.automobile-catalog.com/car/2000/2949020/renault_clio_1_6_16v.html;https://www.automobile-catalog.com/car/2000/2949110/renault_clio_rs_renault_sport.html;https://www.automobile-catalog.com/car/2001/2949215/renault_clio_1_6_16v.html,pending,,2026-09-16T14:21:31+00:00
200dd9ce03ef7f22f758,EU;RU,Fiat,Tipo,40,1987-1989; 1988-1991; 1988-1994; 1988-1995; 1989-1992; 1989-1995; 1990-1992; 1990-1993; 1990-1995; 1991-1995; 1992-1993; 1992-1995; 1993-1995; 1994-1995; 2015-2020; 2015-2026; 2016-2020; 2016-2026; 2020-2026; 2022-2026,160; 356; 356 Рестайлинг; Tipo 160; Tipo I; Tipo II,Hatchback; Hatchback 3-door; Hatchback 5-door; Sedan; Wagon; Wagon 5-door,H0; H2; SD1,https://auto.ru/catalog/cars/fiat/tipo/;https://auto.ru/catalog/cars/fiat/tipo/specifications/;https://www.auto-data.net/en/fiat-tipo-160-1.4-71hp-7067;https://www.auto-data.net/en/fiat-tipo-160-2.0-i.e.-16v-sport-160.ef-139hp-7088;https://www.automobile-catalog.com/car/1989/60620/fiat_tipo_1_1.html;https://www.automobile-catalog.com/car/1990/718055/fiat_tipo_1_6_i_e__agt.html;https://www.automobile-catalog.com/car/1993/718490/fiat_tipo_1_4_i_e__s_3p.html;https://www.automobile-catalog.com/car/1995/718745/fiat_tipo_1_8_i_e__gt.html,pending,,2026-09-16T14:21:31+00:00
3d4b7521da9b44779605,EU,Renault,Megane iii,40,2008-2015; 2008-2016; 2008-2017; 2009-2015; 2010-2015; 2011-2015; 2012-2015; 2013-2015; 2013-2016; 2014-2015; 2014-2016,Megane III; Megane III Phase I; Megane III Phase II/III; Mégane III; Renault Megane III; Renault Megane III Coupe Phase I; Renault Megane III Coupe Phase II; Renault Megane III Coupe Phase III; Renault Megane III Phase I; Renault Megane III Phase II-III,Coupe; Hatchback,H0; SD0,https://autocatalogarchive.com/wp-content/uploads/2022/02/Renault-Megane-2014-UK.pdf;https://autocatalogarchive.com/wp-content/uploads/2022/02/Renault-Megane-Coupe-2011-UK.pdf;https://cdn.group.renault.com/ren/ru/manuals/Fluence_manual_260513.pdf.asset.pdf/59cdae6519.pdf;https://www.auto-data.net/en/renault-megane-iii-1.5-dci-90hp-fap-10520;https://www.auto-data.net/en/renault-megane-iii-1.6-16v-110hp-ethanol-30363;https://www.auto-data.net/en/renault-megane-iii-coupe-generation-2146;https://www.auto-data.net/en/renault-megane-iii-coupe-phase-ii-2012-generation-3875;https://www.auto-data.net/en/renault-megane-iii-coupe-phase-iii-2014-generation-4288,pending,,2026-09-16T14:21:31+00:00
288762cab6f93a9d18b9,EU;RU,Porsche,Panamera,39,2009-2013; 2010-2013; 2011-2013; 2012-2015; 2013-2016; 2016-2020; 2016-2023; 2017-2020; 2017-2023; 2018-2023; 2019-2023; 2020-2023; 2020-2024; 2023-2026; 2024-2026,970; 970 facelift; 971; 971 facelift; 976; I; I Рестайлинг; II; II Рестайлинг; III; Panamera 970; Panamera G1; Panamera I; Panamera II; Panamera II Sport Turismo; Porsche Panamera II; Porsche Panamera II facelift,Hatchback; Liftback; Wagon; Wagon 5-door,H0; H2; SD1,https://auto.ru/catalog/cars/porsche/panamera/;https://auto.ru/catalog/cars/porsche/panamera/specifications/;https://newsroom.porsche.com/dam/jcr%3A1db5ef7e-115f-47d2-8540-305be8e1d9ea/S18_2880.pdf;https://newsroom.porsche.com/dam/jcr%3A3dc7b94b-bb34-4062-ac60-1027bfed763d/S18_2882.pdf;https://newsroom.porsche.com/dam/jcr%3Abaa79d62-86a0-4cf5-9eea-5776d1e96b40/PCNA18_0114_us.pdf;https://newsroom.porsche.com/dam/jcr%3Ac629e2c4-a8db-46ad-9a14-3e9b59a3cc90/2018_Porsche_Panamera_Technical_Information.pdf;https://www.auto-data.net/en/porsche-panamera-g1-3.6-v6-300hp-37938;https://www.auto-data.net/en/porsche-panamera-g1-4s-4.8-v8-400hp-pdk-6728,pending,,2026-09-16T14:21:31+00:00
e7991629a406c7d0b608,EU;RU,Seat,Altea,39,2004-2009; 2004-2010; 2004-2015; 2005-2010; 2006-2009; 2006-2010; 2006-2011; 2006-2013; 2006-2015; 2007-2009; 2007-2010; 2007-2013; 2007-2015; 2009-2010; 2009-2013; 2009-2015; 2010-2015,Altea; Altea Freetrack; Altea Freetrack I; Altea I; Altea I Facelift; Altea I facelift; Altea I pre-facelift; Altea XL I; I; I Рестайлинг,MPV,SU1; V0,https://auto.ru/catalog/cars/seat/altea/;https://auto.ru/catalog/cars/seat/altea/specifications/;https://www.auto-data.net/en/seat-altea-5p-1.8-tsi-160hp-dsg-16901;https://www.auto-data.net/en/seat-altea-5p-fr-2.0-tdi-170hp-dpf-13585;https://www.auto-data.net/en/seat-altea-freetrack-facelift-2009-2.0-tdi-170hp-4drive-21364;https://www.auto-data.net/en/seat-altea-freetrack-generation-2914;https://www.auto-data.net/en/seat-altea-xl-1.9-tdi-105hp-13573;https://www.automobile-catalog.com/car/2010/3082340/seat_altea_2_0_tdi_cr_170.html,pending,,2026-09-16T14:21:31+00:00
82357ec6814c016beb02,EU,Volvo,340-360,38,1975-1983; 1979-1983; 1980-1983; 1980-1984; 1982-1984; 1982-1985; 1983-1984; 1983-1986; 1984-1986; 1984-1990; 1984-1991; 1985-1991; 1986-1988; 1987-1988; 1988-1989,340/360; 360 Sedan; Volvo 300 Series; Volvo 340; Volvo 340-360 early; Volvo 360,Hatchback; Sedan,H0; SD1,https://www.automobile-catalog.com/car/1984/30590/volvo_360.html;https://www.automobile-catalog.com/car/1984/49685/volvo_360_gle.html;https://www.automobile-catalog.com/car/1986/59330/volvo_340_dl_diesel_sedan.html;https://www.automobile-catalog.com/car/1989/59330/volvo_340_dl_diesel_sedan.html;https://www.carsguide.com.au/volvo/360/car-dimensions/1985;https://www.volvocars.com/en-vn/cars/legacy-models/360-sedan/;https://www.volvocars.com/sg/cars/legacy-models/360-sedan/;https://www.volvoclub.org.uk/history/343.shtml,pending,,2026-09-16T14:21:31+00:00
cd1c63a6d3e906b3a0b2,EU;RU,Mitsubishi,Space star,37,1998-2002; 1998-2004; 2000-2004; 2001-2004; 2002-2004; 2002-2005; 2012-2016; 2016-2019; 2019-2026,I; I Рестайлинг; II; II Рестайлинг; II Рестайлинг 2; Space Star I,Hatchback 5-door; MPV,H0; SU1; V0,https://auto.ru/catalog/cars/mitsubishi/space_star/;https://auto.ru/catalog/cars/mitsubishi/space_star/specifications/;https://www.manualslib.com/manual/2100615/Mitsubishi-Space-Star.html;https://www.manualslib.com/manual/2100615/Mitsubishi-Space-Star.html?page=18,pending,,2026-09-16T14:21:31+00:00
44cc9c884461b1ec2c24,EU,Opel,Movano a,37,1998-2000; 1998-2001; 1999-2000; 1999-2001; 2000-2001; 2000-2026; 2001-2026; 2003-2006; 2003-2026; 2006-2026; 2007-2026,Movano A; Movano A facelift,Bus; Chassis Cab; Pickup; Van,P0; SU1,https://www.anchorvans.co.uk/specifications/movano;https://www.vauxhall.co.uk/content/dam/vauxhall/Home/PDFs/historical-brochures/discounted-models/movano/Movano_Dec_2008.pdf;https://www.vauxhall.co.uk/content/dam/vauxhall/Home/PDFs/historical-brochures/discounted-models/movano/Movano_Feb_2007.pdf,pending,,2026-09-16T14:21:31+00:00
9fc1977566d76f97194f,EU;RU,Volvo,740,37,1983-1984; 1983-1992; 1984-1988; 1984-1990; 1984-1992; 1985-1985; 1985-1988; 1985-1989; 1985-1990; 1985-1992; 1986-1989; 1986-1990; 1987-1988; 1987-1992; 1988-1990; 1988-1991; 1988-1992; 1989-1990; 1989-1991; 1989-1992; 1990-1991; 1990-1992,700 Series; 740; 740 facelift; Volvo 740,Sedan; Wagon; Wagon 5-door,H2; SD1,https://auto.ru/catalog/cars/volvo/740/;https://auto.ru/catalog/cars/volvo/740/specifications/;https://www.auto-data.net/en/volvo-740-model-930;https://www.automobile-catalog.com/car/1986/52940/volvo_740_kombi_gl.html;https://www.carfolio.com/volvo-740-gle-106293;https://www.carsguide.com.au/volvo/740/car-dimensions/1987;https://www.ultimatespecs.com/car-specs/Volvo/129439/Volvo-740-Facelift-20-Turbo-16v.html;https://www.volvoclub.org.uk/history/740est.shtml,pending,,2026-09-16T14:21:31+00:00
81cbe7068d17611a286f,RU,Mercedes-Benz,E-Класс,36,1992-1997; 1995-1999; 1999-2003; 2002-2006; 2006-2009; 2009-2013; 2013-2016; 2016-2021; 2020-2023; 2023-2026,"I (W124); II (W210, S210); II (W210, S210) Рестайлинг; III (W211, S211); III (W211, S211) Рестайлинг; IV (W212, S212, C207); IV (W212, S212, C207) Рестайлинг; V (W213, S213, C238); V (W213, S213, C238) Рестайлинг; VI (W214, S214)",Convertible; Coupe; Sedan; Wagon 5-door,H2; SD0; SD1,https://auto.ru/catalog/cars/mercedes/e_klasse/;https://auto.ru/catalog/cars/mercedes/e_klasse/specifications/,pending,,2026-09-16T14:21:31+00:00
e8fe9807aca0a76d0dea,EU,Opel,Insignia a,36,2008-2011; 2008-2017; 2009-2011; 2009-2017; 2010-2017; 2011-2017; 2012-2017; 2013-2017; 2014-2017; 2015-2017,Insignia A; Insignia A Facelift; Insignia A facelift; Insignia A facelift 2013; Opel Insignia A Pre-facelift,Hatchback; Sedan,H0; SD1,https://www.auto-data.net/en/opel-insignia-hatchback-a-1.8i-140hp-1777;https://www.auto-data.net/en/opel-insignia-hatchback-a-facelift-2013-1.6-170hp-turbo-ecotec-start-stop-19610;https://www.auto-data.net/en/opel-insignia-hatchback-a-generation-492;https://www.auto-data.net/en/opel-insignia-sedan-a-1.8i-140hp-1794;https://www.auto-data.net/en/opel-insignia-sedan-a-2.8-v6-turbo-260hp-4x4-1806;https://www.auto-data.net/en/opel-insignia-sedan-a-facelift-2013-1.6-170hp-turbo-ecotec-start-stop-19608;https://www.autodata1.com/en/car/opel/insignia/insignia-hatchback-20-turbo-220-hp;https://www.ultimatespecs.com/car-specs/Opel/66374/Opel-Insignia-5-doors-Facelift-Excellence-20-CDTI-163HP-Auto.html,pending,,2026-09-16T14:21:31+00:00
2ac66d1dfbb837613cab,EU,Opel,Vivaro a,36,2001-2006; 2001-2010; 2001-2014; 2002-2006; 2003-2010; 2006-2010; 2006-2014,A; Vivaro A; Vivaro A Tour L1H1; Vivaro A facelift,Bus; MPV; Pickup; Van,P0; SU1,https://www.auto-data.net/en/opel-vivaro-a-tour-1.9-di-82hp-26197;https://www.vauxhall.co.uk/content/dam/vauxhall/Home/PDFs/historical-brochures/discounted-models/vivaro/Vivaro_August_2010.pdf;https://www.vauxhall.co.uk/content/dam/vauxhall/Home/PDFs/historical-brochures/discounted-models/vivaro/Vivaro_ChassisCabConv_August_2007.pdf;https://www.vauxhall.co.uk/content/dam/vauxhall/Home/PDFs/historical-brochures/discounted-models/vivaro/Vivaro_Dropside_Conv_April_2011.pdf;https://www.vauxhall.co.uk/content/dam/vauxhall/Home/PDFs/historical-brochures/discounted-models/vivaro/Vivaro_May_2008.pdf;https://www.vauxhall.co.uk/content/dam/vauxhall/Home/PDFs/historical-brochures/discounted-models/vivaro/Vivaro_september_2011.pdf,pending,,2026-09-16T14:21:31+00:00
a47ec94f2b889749da73,RU,Renault,Megane,36,1995-1999; 1999-2003; 2002-2006; 2006-2009; 2008-2014; 2012-2014; 2014-2016; 2016-2020; 2020-2024,I; I Рестайлинг; II; II Рестайлинг; III; III Рестайлинг; III Рестайлинг 2; IV; IV Рестайлинг,Convertible; Coupe; Hatchback 3-door; Hatchback 5-door; Sedan; Wagon 5-door,H0; H2; SD0; SD1,https://auto.ru/catalog/cars/renault/megane/;https://auto.ru/catalog/cars/renault/megane/specifications/,pending,,2026-09-16T14:21:31+00:00
3ee9c464d3d9e22817c4,EU,Renault,Megane ii,36,2002-2005; 2002-2008; 2003-2005; 2003-2008; 2003-2009; 2003-2010; 2003-2026; 2004-2006; 2004-2008; 2004-2009; 2004-2010; 2004-2026; 2005-2008; 2005-2009; 2005-2010; 2005-2026; 2006-2008; 2006-2026; 2007-2008; 2007-2009,Megane II; Megane II Classic Phase I; Megane II Classic Phase II; Megane II Grandtour; Megane II Phase I; Megane II Phase II; Mégane II Phase II; Renault Megane II Phase II; Renault Megane II Phase II RS,Hatchback; Sedan; Wagon,H0; SD1,https://renault.drive.place/megane/ii/group_hatchback_3d/245016;https://www.auto-data.net/en/renault-megane-ii-classic-1.5-dci-106hp-10543;https://www.auto-data.net/en/renault-megane-ii-classic-1.6-16v-112hp-10545;https://www.auto-data.net/en/renault-megane-ii-classic-phase-ii-2006-2.0-dci-150hp-fap-30269;https://www.auto-data.net/en/renault-megane-ii-coupe-1.6-16v-113hp-30258;https://www.auto-data.net/en/renault-megane-ii-coupe-phase-ii-2006-1.5-dci-103hp-fap-29763;https://www.auto-data.net/en/renault-megane-ii-grandtour-1.5-dci-86hp-30275;https://www.auto-data.net/en/renault-megane-ii-phase-ii-2006-1.5-dci-103hp-fap-30417,pending,,2026-09-16T14:21:31+00:00
063c2a2bc27885a66c4a,EU,Renault,Trafic ii,36,2001-2006; 2001-2026; 2003-2006; 2006-2026; 2007-2026; 2008-2026,Trafic II; Trafic II Phase I; Trafic II Phase II; Trafic II facelift,Bus; Chassis Cab; MPV; Van,P0; SU1,https://manualmachine.com/renault/conversionsaccessoires/10318077-user-manual/;https://manuals.plus/m/da24f2e1280e2eff17bc58b46b7e8fcce24887fa0e941a919969bca1c466085e;https://www.auto-data.net/en/renault-trafic-ii-phase-i-1.9-dci-100hp-l1h1-20313;https://www.auto-data.net/en/renault-trafic-ii-phase-i-1.9-dci-100hp-l2h1-20314;https://www.caradisiac.com/VUL-Renault-Trafic-la-fiche-technique-28777.htm;https://www.garagegasquet-renault.fr/wp-content/uploads/2021/10/BROCHURE-RENAULT-TRAFIC-II.pdf;https://www.paruvendu.fr/fiches-techniques-utilitaire/renault-trafic/phc-2-0-16v-l2h1-1200-kg-generique-10-cv-essence/30101431/;https://www.press.renault.co.uk/releases/2135,pending,,2026-09-16T14:21:31+00:00
1c7b5b3e1a59d86ab777,EU,VW,Scirocco,36,1974-1975; 1974-1977; 1974-1979; 1975-1979; 1975-1980; 1976-1980; 1977-1980; 1979-1980; 1980-1982; 1980-1983; 1980-1984; 1982-1989; 1983-1984; 1983-1989; 1983-1992; 1985-1989; 1985-1992; 1986-1990; 1986-1992; 2008-2009; 2008-2014; 2008-2017; 2009-2017; 2010-2017; 2013-2017; 2014-2017; 2015-2017,Scirocco I; Scirocco II; Scirocco III; Scirocco III Pre-Facelift; Volkswagen Scirocco I,Coupe; Van,SD0; SU1,https://www.auto-data.net/en/volkswagen-scirocco-i-53-generation-1889;https://www.auto-data.net/en/volkswagen-scirocco-ii-53b-generation-1888;https://www.auto-data.net/en/volkswagen-scirocco-iii-2.0-tsi-210hp-44226;https://www.auto-data.net/en/volkswagen-scirocco-iii-facelift-2014-2.0-tsi-180hp-20403;https://www.auto-data.net/en/volkswagen-scirocco-iii-facelift-2014-r-2.0-tsi-280hp-dsg-32163;https://www.auto-data.net/en/volkswagen-scirocco-iii-r-2.0-tsi-265hp-44244;https://www.volkswagen-newsroom.com/en/the-new-scirocco-international-driving-presentation-portugal-june-2008-2349;https://www.volkswagen-newsroom.com/en/vehicle-data-scirocco-1-profile-19648,pending,,2026-09-16T14:21:31+00:00
d8ec86f00d9051181de1,EU;RU,Fiat,124,35,1966-1972; 1966-1973; 1966-1976; 1967-1972; 1967-1973; 1967-1975; 1968-1972; 1969-1973; 1969-1974; 1970-1973; 1971-1973; 1971-1975; 1972-1975; 1972-1976; 1972-1977; 1973-1975; 1973-1976; 2016-2026,124 Sport Coupe CC; 124 Sport Spider; 124 Sport Spider I; 124 Sport Spider III; Fiat 124 Berlina; Fiat 124 Familiare; Fiat 124 Special; Fiat 124 Special T; Fiat 124 Spider (2016); Fiat 124 Sport Coupé; Fiat 124 Sport Spider; Fiat 124 Sport Spider I; I,Convertible; Coupe; Sedan; Wagon; Wagon 5-door,H2; SD0; SD1,https://auto.ru/catalog/cars/fiat/124/;https://auto.ru/catalog/cars/fiat/124/specifications/;https://en.wikipedia.org/wiki/Fiat_124;https://www.auto-data.net/en/abarth-124-spider-1.4-multiair-170hp-25192;https://www.auto-data.net/en/fiat-124-spider-2016-1.4-multiair-140hp-22709;https://www.autoevolution.com/cars/fiat-124-sport-coupe-cc-1972.html;https://www.autoevolution.com/cars/fiat-124-sport-spider-1969.html;https://www.automobile-catalog.com/car/1967/709760/fiat_124.html,pending,,2026-09-16T14:21:31+00:00
6764bcf7a1872ce26083,RU,Ford,Escort,35,1968-1976; 1973-1981; 1980-1986; 1986-1990; 1990-1992; 1991-1996; 1995-2002; 2015-2019; 2019-2021; 2021-2023,I; II; III; IV; V; V Рестайлинг 1; V Рестайлинг 2; VI; VI Рестайлинг 1; VI Рестайлинг 2,Convertible; Hatchback 3-door; Hatchback 5-door; Sedan; Van; Wagon 3-door; Wagon 5-door,H0; H2; SD0; SD1; V0,https://auto.ru/catalog/cars/ford/escort/;https://auto.ru/catalog/cars/ford/escort/specifications/,pending,,2026-09-16T14:21:31+00:00
c275dcdf809f1dcd80d4,EU;RU,Seat,Toledo,35,1991-1993; 1991-1996; 1991-1999; 1993-1996; 1993-1999; 1995-1999; 1996-1999; 1998-2000; 1998-2004; 1999-2004; 2000-2002; 2000-2003; 2000-2004; 2000-2006; 2003-2006; 2004-2009; 2005-2009; 2006-2009; 2007-2009; 2012-2015; 2012-2019; 2013-2015; 2015-2017; 2015-2019; 2017-2019,I; II; III; IV; Toledo I; Toledo III,Hatchback; Hatchback 5-door; Liftback; MPV; Sedan,H0; SD1; SU1,https://auto.ru/catalog/cars/seat/toledo/;https://auto.ru/catalog/cars/seat/toledo/specifications/;https://www.auto-data.net/en/seat-toledo-i-1l-generation-2913;https://www.auto-data.net/en/seat-toledo-ii-1m2-1.6-100hp-13539;https://www.auto-data.net/en/seat-toledo-iii-5p-generation-2911;https://www.auto-data.net/en/seat-toledo-iv-nh-1.2-tsi-105hp-start-stop-19362;https://www.automobile-catalog.com/car/1995/3065705/seat_toledo_1_6i.html;https://www.automobile-catalog.com/car/1998/3065705/seat_toledo_1_6i.html,pending,,2026-09-16T14:21:31+00:00
846b48d884b0dfd605eb,EU;RU,Ssangyong,Korando,35,1988-1996; 1996-1998; 1996-2000; 1996-2002; 1996-2006; 1997-2000; 1997-2002; 1997-2006; 1998-2000; 1998-2006; 1999-2000; 1999-2002; 1999-2006; 2002-2006; 2010-2013; 2010-2026; 2012-2026; 2013-2017; 2015-2026; 2017-2019; 2019-2023; 2019-2026; 2021-2026; 2022-2026; 2023-2026,I; II; III; III Рестайлинг; III Рестайлинг 2; IV; Korando C300; Korando II,Convertible; SUV; SUV 3-door; SUV 5-door,SD0; SU1,https://auto.ru/catalog/cars/ssang_yong/korando/;https://auto.ru/catalog/cars/ssang_yong/korando/specifications/;https://ssang-yong.drive.place/korando/ii/group_offroad_3d/257739;https://www.auto-data.net/en/kgm-korando-e-motion-61.5-kwh-190hp-50482;https://www.auto-data.net/en/ssangyong-korando-i-k4-2.2-d-68hp-16002;https://www.auto-data.net/en/ssangyong-korando-ii-kj-2.3-d-80hp-15993;https://www.auto-data.net/en/ssangyong-korando-ii-kj-2.3-td-101hp-15995;https://www.auto-data.net/en/ssangyong-korando-iii-c-facelift-2013-generation-5516,pending,,2026-09-16T14:21:31+00:00
6202c974d3ca82500ceb,RU,Volkswagen,Transporter,35,1979-1992; 1990-2003; 2003-2009; 2009-2015; 2015-2019; 2019-2024; 2024-2026,T3; T4; T5; T5 Рестайлинг; T6; T6 Рестайлинг; T7,MPV; Pickup; Van,P0; V0,https://auto.ru/catalog/cars/volkswagen/transporter/;https://auto.ru/catalog/cars/volkswagen/transporter/specifications/,pending,,2026-09-16T14:21:31+00:00
e07da3e4b28976f4c59b,EU;RU,Alfa Romeo,Giulia,34,1962-1964; 1962-1966; 1962-1969; 1962-1978; 1963-1965; 1963-1978; 1964-1969; 1969-1975; 1974-1978; 1976-1978; 2015-2020; 2015-2026; 2016-2022; 2016-2026; 2017-2026; 2018-2022; 2018-2026; 2019-2026; 2020-2023; 2020-2026; 2023-2025,Giulia; Giulia (952); Giulia 105; Giulia 105 1970-on; Giulia 105 pre-1970; Giulia 105/115; Giulia 1300 (105); Giulia 1600 Sprint (101); Giulia 1600 TI (105 Series 1); Giulia 1600 TI (105 early); Giulia I; Giulia II; Giulia Nuova (105); Giulia Nuova Diesel (105); Giulia Nuova Super; Giulia Nuova Super (105); Giulia Quadrifoglio (952); Giulia Spider (101); Giulia TI Super (105 Series 1); Giulia TI Super (105 early); I (105); II (952); II (952) Рестайлинг; II (952) Рестайлинг 2,Convertible; Coupe; Sedan,SD0; SD1,https://alfaromeo-jp.com/giulia/limited/gta/spec/;https://auto.ru/catalog/cars/alfa_romeo/giulia/;https://auto.ru/catalog/cars/alfa_romeo/giulia/specifications/;https://en.wikipedia.org/wiki/Alfa_Romeo_Giulia_(1962);https://www.alfaromeo.ca/documents/alfaromeo/specifications/2019-alfaromeo-giulia-specifications-en.pdf;https://www.auto-data.net/en/alfa-romeo-giulia-952-quadrifoglio-2.9-v6-biturbo-510hp-automatic-36547;https://www.automobile-catalog.com/car/1962/214040/alfa_romeo_giulia_1600_sprint.html;https://www.automobile-catalog.com/car/1962/55550/alfa_romeo_giulia_1600_ti.html,pending,,2026-09-16T14:21:31+00:00
ee9b10bdb44f63e861df,EU;RU,Mercedes-benz,Gle,34,2015-2018; 2015-2019; 2016-2018; 2016-2019; 2017-2018; 2017-2019; 2018-2021; 2018-2023; 2018-2025; 2018-2026; 2019-2023; 2019-2026; 2020-2023; 2020-2026; 2021-2023; 2021-2026; 2023-2026; 2026-2026,GLE Coupe II (C167); GLE Coupe II facelift (C167); GLE I; GLE II; I (W166); II (V167); II (V167) Рестайлинг; II (V167) Рестайлинг 2,Coupe; SUV; SUV 5-door,SD0; SU1,https://auto.ru/catalog/cars/mercedes/gle_klasse/;https://auto.ru/catalog/cars/mercedes/gle_klasse/specifications/;https://static.oneweb.mercedes-benz.com/css-oom-assets/en-ab/pdf/mercedes-amg-gle-owners-manual-supplement-march-2025-1.pdf;https://static.oneweb.mercedes-benz.com/css-oom-assets/en-ab/pdf/mercedes-amg-gle-owners-manual-supplement-september-2020-1.pdf;https://static.oneweb.mercedes-benz.com/css-oom-assets/en-ng/pdf/mercedes-gle-suv-2018-march-w166-owners-manual-1.pdf;https://static.oneweb.mercedes-benz.com/css-oom-assets/en-sa/pdf/mercedes-amg-gle-owners-manual-supplement-september-2023-1.pdf;https://www.adac.de/rund-ums-fahrzeug/autokatalog/marken-modelle/mercedes-benz/gle/167-facelift/329234/;https://www.auto-data.net/en/mercedes-benz-gle-coupe-c167-amg-gle-63-v8-571hp-eq-boost-4matic-amg-speedshift-tct-39188,pending,,2026-09-16T14:21:31+00:00
5bce9357c99b6abb9481,RU,Mercedes-Benz,S-Класс,34,1972-1980; 1979-1985; 1985-1991; 1991-1998; 1994-1999; 1998-2005; 2002-2006; 2005-2009; 2009-2013; 2013-2017; 2017-2020; 2020-2026; 2026-2026,"I (W116); II (W126); II (W126) Рестайлинг; III (W140); III (W140) Рестайлинг; IV (W220); IV (W220) Рестайлинг; V (W221); V (W221) Рестайлинг; VI (W222, C217); VI (W222, C217) Рестайлинг; VII (W223); VII (W223) Рестайлинг",Convertible; Coupe; Sedan,SD0; SD1,https://auto.ru/catalog/cars/mercedes/s_klasse/;https://auto.ru/catalog/cars/mercedes/s_klasse/specifications/,pending,,2026-09-16T14:21:31+00:00
edf94aeed7f76c9db286,RU,Opel,Astra,34,1991-2002; 1998-2009; 2004-2007; 2006-2014; 2009-2012; 2011-2018; 2015-2019; 2019-2022; 2021-2026; 2026-2026,F; G; H; H Рестайлинг; J; J Рестайлинг; K; K Рестайлинг; L; L Рестайлинг,Convertible; Coupe; Hatchback 3-door; Hatchback 5-door; Sedan; Wagon 5-door,H0; H2; SD0; SD1,https://auto.ru/catalog/cars/opel/astra/;https://auto.ru/catalog/cars/opel/astra/specifications/,pending,,2026-09-16T14:21:31+00:00
5d1f5a13e694368b05ea,EU,Opel,Movano b,34,2010-2015; 2010-2021; 2013-2019; 2013-2021; 2014-2019; 2014-2021; 2015-2021; 2016-2021; 2019-2021,Movano B; Movano B Facelift,Bus; Chassis Cab; Pickup; Van,P0; SU1,https://cdn.group.renault.com/ren/ie/transversal-assets/brochures/vans-ebrochures/MASTER-eBrochure.pdf.asset.pdf/6aefa469ee.pdf;https://renault.com.cy/wp-content/uploads/2023/05/RENAULT_MASTER.pdf;https://www.vauxhall.co.uk/content/dam/vauxhall/Home/PDFs/Vans/new-movano/price-guides/Movano_Spec_ePG_7_July_2021B_Library-1626684988.pdf;https://www.vauxhall.co.uk/content/dam/vauxhall/Home/PDFs/historical-brochures/discounted-models/movano/Movano_August_2016.pdf;https://www.vauxhall.co.uk/content/dam/vauxhall/Home/PDFs/historical-brochures/discounted-models/movano/Movano_Passenger_Carrier_Sept_2013_v2.pdf,pending,,2026-09-16T14:21:31+00:00
10655e8485e22e071665,EU;RU,Peugeot,505,34,1979-1982; 1979-1986; 1979-1992; 1980-1985; 1980-1986; 1981-1984; 1981-1985; 1981-1990; 1981-1993; 1982-1985; 1982-1986; 1982-1987; 1983-1985; 1983-1993; 1984-1988; 1985-1986; 1985-1987; 1985-1995; 1986-1987; 1986-1993; 1987-1988,505; 505 I; 505 II; I Phase I; I Phase II; Peugeot 505 I; Peugeot 505 II,Sedan; Wagon; Wagon 5-door,H2; SD1,https://auto.ru/catalog/cars/peugeot/505/;https://auto.ru/catalog/cars/peugeot/505/specifications/;https://www.auto-data.net/en/peugeot-505-551a-2.0-98hp-5500;https://www.automobile-catalog.com/car/1980/2569325/peugeot_505_sr.html;https://www.automobile-catalog.com/car/1981/27020/peugeot_505_gr.html;https://www.automobile-catalog.com/car/1982/2569790/peugeot_505_break_gld.html;https://www.automobile-catalog.com/car/1983/2569805/peugeot_505_break_grd.html;https://www.automobile-catalog.com/car/1985/2570405/peugeot_505_turbo_injection.html,pending,,2026-09-16T14:21:31+00:00
f067b66183ee5ccf7786,EU,VW,Kaefer,34,1947-1953; 1949-1954; 1954-1965; 1960-1985; 1964-1970; 1965-1970; 1965-1975; 1966-1970; 1966-1973; 1969-1970; 1969-1972; 1970-1972; 1970-1973; 1970-1974; 1970-1975; 1970-1979; 1970-1981; 1971-1974; 1972-1975; 1972-1976; 1972-1979; 1973-1992; 1975-1977; 1975-1979; 1992-2003,Beetle 1100 Cabriolet; Beetle 1200; Beetle 1200/1200L; Beetle 1300; Beetle 1302; Beetle 1302 Cabriolet; Beetle 1303; Beetle 1500; Beetle 1500 Cabriolet; Beetle 1600; Beetle 1600i; Kaefer 1302; Käfer 1302; Käfer 1303; Käfer Type 11; Käfer Type 15; Volkswagen Beetle 1302; Volkswagen Beetle Type 1,Convertible; Sedan,SD0; SD1,https://www.volkswagen-newsroom.com/en/vehicle-data-beetle-kaefer-1100-cabriolet-karmann-profile-19611;https://www.volkswagen-newsroom.com/en/vehicle-data-beetle-kaefer-12001200l-profile-19585;https://www.volkswagen-newsroom.com/en/vehicle-data-beetle-kaefer-1300-profile-19591;https://www.volkswagen-newsroom.com/en/vehicle-data-beetle-kaefer-1302-cabriolet-profile-19618;https://www.volkswagen-newsroom.com/en/vehicle-data-beetle-kaefer-1302-profile-19594;https://www.volkswagen-newsroom.com/en/vehicle-data-beetle-kaefer-1303-cabriolet-profile-19624;https://www.volkswagen-newsroom.com/en/vehicle-data-beetle-kaefer-1303-profile-19597;https://www.volkswagen-newsroom.com/en/vehicle-data-beetle-kaefer-1500-cabriolet-profile-19627,pending,,2026-09-16T14:21:31+00:00
ca394b47f67d4bf91095,EU;RU,Cadillac,Cts,33,2002-2007; 2003-2007; 2004-2005; 2005-2007; 2007-2014; 2008-2009; 2008-2010; 2008-2011; 2008-2012; 2008-2013; 2008-2014; 2008-2026; 2009-2026; 2010-2013; 2011-2013; 2011-2014; 2011-2026; 2013-2019; 2013-2026; 2014-2026; 2015-2026,CTS I; CTS II; CTS II Coupe; CTS II Sport Wagon; CTS II V; CTS III; CTS-V I; CTS-V II; CTS-V III; Cadillac CTS II; I; II; III,Coupe; Sedan; Wagon; Wagon 5-door,H2; SD0; SD1,https://auto.ru/catalog/cars/cadillac/cts/;https://auto.ru/catalog/cars/cadillac/cts/specifications/;https://www.auto-data.net/en/cadillac-cts-i-3.2i-v6-24v-223hp-11701;https://www.auto-data.net/en/cadillac-cts-ii-v-6.2-v8-564hp-automatic-30184;https://www.automobile-catalog.com/car/2008/334820/cadillac_cts_3_6l_v-6.html;https://www.automobile-catalog.com/car/2016/2094365/cadillac_cts-v.html;https://www.caranddriver.com/cadillac/cts-v/specs/2011/cadillac_cts-v_cadillac-cts-v-coupe_2011;https://www.edmunds.com/cadillac/cts-coupe/2012/features-specs/,pending,,2026-09-16T14:21:31+00:00
8b9728baa4b8aa26e3c8,EU;RU,Fiat,500,33,1936-1948; 1936-1955; 1948-1949; 1949-1955; 1957-1961; 1957-1975; 1960-1966; 1965-1975; 1968-1976; 2007-2015; 2007-2026; 2008-2026; 2009-2026; 2010-2026; 2011-2026; 2012-2026; 2013-2026; 2015-2024; 2016-2026; 2020-2026; 2021-2026; 2025-2026,"500 (312); 500 (312, facelift 2015); 500 (332) Hybrid; 500 A Topolino; 500 B Topolino; 500 C (312); 500 C Topolino; 500 Giardiniera; 500 I; 500C; 500C (312 facelift); 500e (312); Fiat 500; Fiat 500 110; I; II; II Рестайлинг; III; Nuova 500 F/L/R; Nuova 500 N; Topolino",Convertible; Hatchback; Hatchback 3-door; Sedan; Wagon,H0; SD0; SD1,https://auto.ru/catalog/cars/fiat/500/;https://auto.ru/catalog/cars/fiat/500/specifications/;https://en.wikipedia.org/wiki/Fiat_500_%22Topolino%22;https://www.auto-data.net/en/fiat-500-312-0.9-twin-air-85hp-start-stop-18352;https://www.auto-data.net/en/fiat-500-312-1.2-8v-69hp-16748;https://www.auto-data.net/en/fiat-500-312-facelift-2015-1.0-70hp-mild-hybrid-42024;https://www.auto-data.net/en/fiat-500-312-facelift-2015-1.3-multijet-95hp-22151;https://www.auto-data.net/en/fiat-500-332-1.0-gse-65hp-mild-hybrid-55841,pending,,2026-09-16T14:21:31+00:00
b1c74d7e9eb9cc133f8f,EU;RU,Nissan,Primastar,33,2001-2006; 2001-2026; 2002-2006; 2002-2026; 2003-2026; 2006-2014; 2006-2026; 2008-2026; 2021-2026,I; I Рестайлинг; II; Primastar I; Primastar II; Primastar X83 facelift,Chassis Cab; MPV; Van,P0; SU1; V0,https://auto.ru/catalog/cars/nissan/primastar/;https://auto.ru/catalog/cars/nissan/primastar/specifications/;https://opelmoldova.md/documentation/manuals/Vivaro/Manual_Vivaro_2010_5_en.pdf;https://www.engineindetail.com/pa/nissan-primastar-estate-wagon-long-2-0-dci-90-pro-9-seater-2006;https://www.engineindetail.com/pa/nissan-primastar-estate-wagon-short-2-0-dci-90-comfort-9-seater-2006;https://www.nissan.co.uk/vehicles/new-vehicles/primastar/technical-information.html;https://www.yumpu.com/en/document/view/23244658/nissan-primastar;https://xr793.com/wp-content/uploads/2022/10/2011-Nissan-Primastar-Uk.pdf,pending,,2026-09-16T14:21:31+00:00
bfd70635f2d911fc92c1,EU,Toyota,Proace,33,2013-2016; 2016-2020; 2016-2022; 2016-2025; 2018-2022; 2018-2025; 2019-2022; 2019-2025; 2019-2026; 2020-2023; 2020-2025; 2021-2023; 2021-2025; 2022-2025; 2024-2026; 2025-2026,I; II; Proace II; Proace Verso II,Chassis Cab; MPV; Pickup; Van,P0; SU1,https://leparnass.sakura.ne.jp/catalogue_pdf/toyota_new_proace_verso201708_e.pdf;https://localform.toyota.at/pdf/pricelist/2023/WEB_PL_Proace_Verso_2308.pdf;https://media.toyota.co.uk/new-toyota-proace-verso/;https://media.toyota.co.uk/wp-content/uploads/sites/5/2021/03/1614162741210223MProaceFullRelease.pdf;https://media.toyota.co.uk/wp-content/uploads/sites/5/2021/03/1614162746210223MProaceTechSpec.pdf;https://media.toyota.co.uk/wp-content/uploads/sites/5/pdf/220321M-Proace-Verso-Tech-Spec.pdf;https://www.autoweek.nl/autotests/artikel/gereden-toyota-proace-4x4/;https://www.denzel.at/sites/denzel.at/files/downloads/Toyota%20Proace%20Verso%20Preisliste%20Stand%2009-2021.pdf,pending,,2026-09-16T14:21:31+00:00
92f34727cc6fa24dab96,EU;RU,Ford,Capri,32,1968-1972; 1968-1974; 1969-1970; 1969-1971; 1969-1974; 1970-1974; 1971-1972; 1971-1973; 1972-1973; 1972-1974; 1973-1973; 1974-1977; 1976-1977; 1978-1981; 1978-1982; 1978-1985; 1978-1987; 1979-1985; 1981-1987; 1982-1987; 2024-2026; 2026-2026,Capri EV; Capri I; Capri II; Capri II facelift; Capri II pre-facelift; Capri III; Capri Mk I facelift; Capri Mk I pre-facelift; Capri RS 2600 facelift; Capri RS 2600 pre-facelift; I; II; III; IV,Coupe; SUV; SUV 5-door,SD0; SU1,https://auto.ru/catalog/cars/ford/capri/;https://auto.ru/catalog/cars/ford/capri/specifications/;https://www.automobile-catalog.com/car/1970/910145/ford_capri_1300.html;https://www.automobile-catalog.com/car/1971/910385/ford_capri_rs_2600.html;https://www.automobile-catalog.com/car/1972/910565/ford_capri_rs_2600.html;https://www.automobile-catalog.com/car/1973/910460/ford_capri_1600_xl.html;https://www.automobile-catalog.com/car/1974/918890/ford_capri_ii_1300_xl.html;https://www.automobile-catalog.com/car/1976/918965/ford_capri_ii_1300_l.html,pending,,2026-09-16T14:21:31+00:00
ad00d4f7a9b9a7cb9cc4,EU;RU,Ford,Fiesta,32,1976-1983; 1977-1986; 1983-1989; 1989-1995; 1989-1996; 1995-1999; 1998-2002; 1999-2002; 2000-2003; 2002-2008; 2008-2013; 2010-2017; 2012-2019; 2015-2017; 2017-2021; 2021-2023,Fiesta I; Fiesta I facelift; Fiesta II; Fiesta II facelift; Fiesta III; Fiesta IV; Fiesta VII Sedan (Mk7); Fiesta VII facelift; Mk1; Mk2; Mk3; Mk4; Mk4 Рестайлинг; Mk5; Mk6; Mk6 Рестайлинг; Mk7; Mk7 Рестайлинг,Hatchback; Hatchback 3-door; Hatchback 5-door; Sedan; Van,H0; SD1; SU1,https://auto.ru/catalog/cars/ford/fiesta/;https://auto.ru/catalog/cars/ford/fiesta/specifications/;https://autocatalogarchive.com/wp-content/uploads/2025/11/Ford-Fiesta-1998-UK-1-1.pdf;https://www.auto-data.net/en/ford-fiesta-iii-mk3-1.8-d-60hp-8063;https://www.auto-data.net/en/ford-fiesta-vii-sedan-mk7-1.6-ti-vct-120hp-56327;https://www.auto-data.net/en/ford-fiesta-vii-sedan-mk7-facelift-2013-1.6-105hp-powershift-29541;https://www.automobile-catalog.com/car/1977/27770/ford_fiesta_1_0.html;https://www.automobile-catalog.com/car/1983/922775/ford_fiesta_1_0.html,pending,,2026-09-16T14:21:31+00:00
2f86e756f3777b77a858,EU;RU,Mercedes-benz,Viano,32,2003-2010; 2003-2026; 2004-2007; 2004-2026; 2005-2026; 2006-2026; 2007-2026; 2010-2014; 2010-2026,I (W639); I (W639) Рестайлинг; Viano I; Viano W639; Viano W639 facelift,MPV,SU1; V0,https://auto.ru/catalog/cars/mercedes/viano/;https://auto.ru/catalog/cars/mercedes/viano/specifications/;https://mercedes-benz-publicarchive.com/marsClassic/en/instance/ko/Viano-CDI-20-4MATIC-long-2006---2010.xhtml?oid=193898977;https://mercedes-benz-publicarchive.com/marsClassic/en/instance/ko/Viano-CDI-22-4MATIC-compact-2006---2010.xhtml?oid=193898984;https://mercedes-benz-publicarchive.com/marsClassic/en/instance/ko/Viano-CDI-22-4MATIC-extra-long-2006---2010.xhtml?oid=193898986;https://mercedes-benz-publicarchive.com/marsClassic/en/instance/ko/Viano-CDI-22-4MATIC-long-2006---2010.xhtml?oid=193898985;https://mercedes-benz-publicarchive.com/marsClassic/en/instance/ko/Viano-CDI-22-compact-2003---2010.xhtml?oid=193898981;https://mercedes-benz-publicarchive.com/marsClassic/en/instance/ko/Viano-CDI-22-compact-2010---2014.xhtml?oid=193897440,pending,,2026-09-16T14:21:31+00:00
014394a8e616a7d52696,EU;RU,Peugeot,Traveller,32,2016-2019; 2016-2022; 2016-2024; 2016-2025; 2018-2025; 2019-2022; 2020-2023; 2020-2025; 2023-2026; 2024-2026; 2025-2026,I; I facelift; I Рестайлинг; K0; Peugeot Traveller I; Peugeot Traveller I Facelift; Traveller I; Traveller I K0; Traveller I facelift,Bus; MPV,SU1; V0,https://auto.ru/catalog/cars/peugeot/traveller/;https://auto.ru/catalog/cars/peugeot/traveller/specifications/;https://www.auto-data.net/en/peugeot-traveller-model-2304;https://www.carnet.hu/citroen/files/katalogus/citroen-jumpy-katalogus.pdf;https://www.charterspeugeot.com/wp-content/uploads/sites/15/2016/03/peugeot-traveller-prices-and-specifications-september-2017.pdf;https://www.media.stellantis.com/es-es/peugeot/press/peugeot-abre-la-cartera-de-pedidos-de-los-nuevos-traveller-y-expert-combi;https://www.simonbailes.co.uk/pdfs/peugeot-brochures/new-models/oct-25/E-Traveller.pdf,pending,,2026-09-16T14:21:31+00:00
dd7b0de8d956eee688e7,EU;RU,Saab,9000,32,1984-1991; 1984-1993; 1984-1994; 1985-1988; 1985-1991; 1988-1993; 1988-1998; 1989-1992; 1989-1993; 1989-1998; 1990-1993; 1990-1998; 1991-1998; 1992-1998; 1993-1998; 1994-1998,9000 CC; 9000 CC facelift; 9000 CD; 9000 CS; 9000 CS Aero; I; I Рестайлинг; Saab 9000; Saab 9000 CD; Saab 9000 CS,Hatchback; Liftback; Sedan,H0; SD1,https://auto.ru/catalog/cars/saab/9000/;https://auto.ru/catalog/cars/saab/9000/specifications/;https://www.automobile-catalog.com/car/1986/54200/saab_9000_ie_16.html;https://www.automobile-catalog.com/car/1990/3028310/saab_9000_cd_i_2_0-16.html;https://www.automobile-catalog.com/car/1991/3028520/saab_9000_2_3_turbo_catalyst.html;https://www.automobile-catalog.com/car/1992/3028880/saab_9000_cd_2_0_turbo.html;https://www.automobile-catalog.com/car/1993/3029735/saab_9000_aero.html;https://www.automobile-catalog.com/car/1994/3029690/saab_9000_cs_cse_2_3_turbo.html,pending,,2026-09-16T14:21:31+00:00
2644382df8ad8392d91f,EU;RU,Toyota,Crown,32,1965-1967; 1967-1971; 1971-1974; 1974-1979; 1979-1983; 1980-1983; 1983-1987; 1984-1985; 1987-1999; 1991-1995; 1995-2001; 1999-2007; 2001-2017; 2003-2008; 2008-2012; 2012-2015; 2015-2018; 2018-2022; 2022-2026,Crown VI (S110); Crown VII (S120); II (S40); III (S50); IV (S60/S70); IX (S140); V (S80); VI (S110); VII (S120); VIII (S130); X (S150); XI (S170); XII (S180); XIII (S200); XIV (S210); XIV (S210) Рестайлинг; XS10; XV (S220); XVI (S230),Coupe; Fastback; SUV 5-door; Sedan; Wagon; Wagon 5-door,H0; H2; SD0; SD1; SU1,https://auto.ru/catalog/cars/toyota/crown/;https://auto.ru/catalog/cars/toyota/crown/specifications/;https://www.automobile-catalog.com/car/1980/45650/toyota_crown_i.html;https://www.automobile-catalog.com/car/1981/3501200/toyota_crown_2_8_custom_wagon_automatic.html;https://www.toyota-global.com/company/history_of_toyota/75years/vehicle_lineage/car/id60005311A/,pending,,2026-09-16T14:21:31+00:00
3f5b96b4800bb92bf24c,EU;RU,Buick,Regal,31,1973-1977; 1978-1987; 1982-1996; 1987-1989; 1988-1991; 1988-1997; 1989-1991; 1991-1993; 1991-1994; 1991-1997; 1993-1997; 1997-2008; 2009-2013; 2013-2017; 2017-2021; 2021-2023; 2023-2026,I; II; III; IV; Japan; Regal III; Regal III facelift; V; V Рестайлинг; VI; VI Рестайлинг 1; VI Рестайлинг 2,Coupe; Liftback; Sedan; Wagon 5-door,H0; H2; SD0; SD1,https://auto.ru/catalog/cars/buick/regal/;https://auto.ru/catalog/cars/buick/regal/specifications/;https://www.automobile-catalog.com/car/1989/318845/buick_regal_gran_sport_coupe_3_1l_v-6_automatic.html;https://www.automobile-catalog.com/car/1990/319055/buick_regal_limited_sedan_3_1l_v-6.html;https://www.automobile-catalog.com/car/1992/319310/buick_regal_gran_sport_sedan.html;https://www.automobile-catalog.com/car/1994/319565/buick_regal_custom_coupe_3100_v6.html;https://www.automobile-catalog.com/car/1994/319640/buick_regal_custom_sedan_3100_v6.html;https://www.automobile-catalog.com/car/1995/319745/buick_regal_gran_sport_coupe.html,pending,,2026-09-16T14:21:31+00:00
21774d93f5e40210f5f1,EU;RU,Chevrolet,Cruze,31,2008-2012; 2009-2011; 2009-2026; 2010-2026; 2011-2015; 2011-2026; 2012-2015; 2012-2016; 2012-2026; 2013-2015; 2013-2026; 2015-2023,Cruze I; Cruze I Facelift; I; I Рестайлинг; II,Hatchback; Hatchback 5-door; Sedan; Wagon; Wagon 5-door,H0; H2; SD1,https://auto.ru/catalog/cars/chevrolet/cruze/;https://auto.ru/catalog/cars/chevrolet/cruze/specifications/;https://autocatalogarchive.com/wp-content/uploads/2021/11/Chevrolet-Cruze-2010-IN.pdf;https://media.gm.com/content/dam/Media/documents/CN/Vehicle_Spec/Chevrolet/Chevrolet%20Cruze%20Hatchback%20Specifications%20and%20Features.pdf;https://www.auto-data.net/en/chevrolet-cruze-sedan-facelift-2013-generation-4230;https://www.automobile-catalog.com/car/2009/1210010/chevrolet_cruze_1_6.html;https://www.automobile-catalog.com/car/2013/1776965/chevrolet_cruze_1_6_lt_sedan.html;https://www.automobile-catalog.com/car/2013/1777310/chevrolet_cruze_1_7_d_lt_station_wagon.html,pending,,2026-09-16T14:21:31+00:00
f619cbb9ddf64b88e857,EU,DS,Ds,31,2015-2016; 2015-2018; 2015-2019; 2016-2018; 2017-2020; 2017-2022; 2017-2026; 2018-2022; 2018-2026; 2019-2022; 2019-2026; 2020-2022; 2020-2026; 2021-2022; 2021-2024; 2021-2025; 2022-2024; 2022-2026; 2023-2026; 2024-2025; 2024-2026; 2025-2025; 2025-2026,DS 3 Cabrio I; DS 3 Crossback I; DS 3 I; DS 3 II; DS 3 II facelift; DS 4 II; DS 5 Facelift; DS 5 facelift; DS 7 Crossback I; DS 7 I facelift; DS 7 I pre-facelift; DS 9 I,Convertible; Hatchback; SUV; Sedan,H0; SD0; SD1; SU1,https://www.auto-data.net/en/ds-7-crossback-1.6-puretech-225hp-automatic-28817;https://www.auto-data.net/en/ds-7-crossback-2.0-bluehdi-180hp-automatic-28818;https://www.automobile-catalog.com/car/2015/1694930/citroen_ds5_thp_200_sportchic.html;https://www.automobile-catalog.com/car/2015/1842530/citroen_ds3_cabrio_puretech_vti_82_sochic.html;https://www.automobile-catalog.com/car/2015/2085935/citroen_ds3_bluehdi_120_sportchic.html;https://www.automobile-catalog.com/car/2024/3378410/ds_3_hybrid_136_e-dsc6.html;https://www.dsautomobiles.co.uk/models/dsn4/e-tense.html;https://www.media.stellantis.com/em-en/ds/press/ds-9-the-power-of-elegance-1632575108-1619424000,pending,,2026-09-16T14:21:31+00:00
1edc5973c45f0d293d8e,RU,Opel,Kadett,31,1937-1940; 1962-1965; 1965-1973; 1973-1979; 1979-1984; 1984-1989; 1989-1993,'37; A; B; C; D; E; E Рестайлинг,Convertible; Coupe; Hatchback 3-door; Hatchback 5-door; Sedan; Van; Wagon 3-door; Wagon 5-door,H0; H2; SD0; SD1; V0,https://auto.ru/catalog/cars/opel/kadett/;https://auto.ru/catalog/cars/opel/kadett/specifications/,pending,,2026-09-16T14:21:31+00:00
c4d06b458ad11aff4a68,EU,VW,Golf i,31,1974-1975; 1974-1983; 1975-1984; 1976-1980; 1976-1982; 1977-1983; 1979-1982; 1979-1983; 1980-1983; 1982-1983; 1982-1989; 1983-1984; 1983-1986; 1983-1992; 1983-1993; 1986-1990; 1989-1993,Golf I; Golf I Cabriolet; Golf I GTD; Golf I GTI; Volkswagen Golf I,Convertible; Hatchback,H0; SD0,https://www.auto-data.net/en/volkswagen-golf-i-cabrio-generation-1883;https://www.auto-data.net/en/volkswagen-golf-i-cabrio-gls-1.5-70hp-8779;https://www.automobile-catalog.com/car/1988/54350/volkswagen_golf_cabrio_1_6_gl.html;https://www.automobile-catalog.com/car/1989/54695/volkswagen_golf_cabrio_1_8i_sport.html;https://www.volkswagen-newsroom.com/en/golf-1-cabriolet-19791993-19488;https://www.volkswagen-newsroom.com/en/vehicle-data-golf-1-gti-profile-19499;https://www.volkswagen-newsroom.com/en/vehicle-data-golf-1-profile-19468,pending,,2026-09-16T14:21:31+00:00
caf1aeed3b9a1a2794cf,RU,BMW,5 серии,30,1972-1976; 1976-1981; 1981-1988; 1987-1996; 1995-2000; 2000-2004; 2003-2007; 2007-2010; 2009-2013; 2013-2017; 2017-2020; 2020-2023; 2023-2026,I (E12); I (E12) Рестайлинг; II (E28); III (E34); IV (E39); IV (E39) Рестайлинг; V (E60/E61); V (E60/E61) Рестайлинг; VI (F10/F11/F07); VI (F10/F11/F07) Рестайлинг; VII (G30/G31/G38); VII (G30/G31/G38) Рестайлинг; VIII (G60/G61/G68),Liftback; Sedan; Wagon 5-door,H0; H2; SD1,https://auto.ru/catalog/cars/bmw/5er/;https://auto.ru/catalog/cars/bmw/5er/specifications/,pending,,2026-09-16T14:21:31+00:00
23828d2da95b1d34cda8,EU;RU,Fiat,Ritmo,30,1978-1982; 1978-1985; 1978-1988; 1978-1989; 1979-1982; 1980-1988; 1980-1989; 1981-1982; 1981-1987; 1982-1987; 1982-1988; 1983-1985; 1983-1986; 1983-1987; 1985-1987,Fiat Ritmo Cabriolet; I; I Рестайлинг; Ritmo 105 TC Series 1; Ritmo 105 TC Series 2; Ritmo 138A S1; Ritmo 138A S2; Ritmo 138A S3; Ritmo Bertone Cabrio I; Ritmo I Series 1; Ritmo I Series 2; Ritmo I Series 3; Ritmo I facelift; Ritmo I pre-facelift; Ritmo II (138A),Convertible; Hatchback; Hatchback 5-door,H0; SD0,https://auto.ru/catalog/cars/fiat/ritmo/;https://auto.ru/catalog/cars/fiat/ritmo/specifications/;https://www.automobile-catalog.com/car/1980/1369640/fiat_ritmo_diesel_cl.html;https://www.automobile-catalog.com/car/1980/31625/fiat_ritmo_60.html;https://www.automobile-catalog.com/car/1981/714155/fiat_ritmo_105_tc.html;https://www.automobile-catalog.com/car/1983/2068610/fiat_ritmo_bertone_cabrio_85_s_palinuro.html;https://www.automobile-catalog.com/car/1983/31520/fiat_ritmo_70_super.html;https://www.automobile-catalog.com/car/1983/714560/fiat_ritmo_105_tc.html,pending,,2026-09-16T14:21:31+00:00
4a9088d04b3b2b502872,EU,KIA,Cee'd,30,2006-2012; 2007-2011; 2007-2012; 2008-2012; 2009-2010; 2009-2012; 2010-2012; 2011-2012; 2012-2015; 2012-2018; 2013-2018; 2014-2018; 2015-2018,Cee'd ED facelift; Cee'd I; Cee'd I facelift; Cee'd II; Cee'd II facelift commercial wagon; Cee'd SW I facelift; I; II; Kia Cee'd I facelift,Hatchback; Van; Wagon,H0; SD1; SU1,https://www.auto-data.net/en/kia-ceed-i-1.4-cvvt-109hp-42277;https://www.auto-data.net/en/kia-ceed-i-1.6-cvvt-122hp-42278;https://www.auto-data.net/en/kia-ceed-i-2.0-crdi-140hp-42284;https://www.auto-data.net/en/kia-ceed-i-facelift-2009-1.4-16v-90hp-17062;https://www.auto-data.net/en/kia-ceed-i-facelift-2009-1.6d-16v-115hp-17064;https://www.auto-data.net/en/kia-ceed-ii-1.4d-crdi-16v-90hp-17857;https://www.auto-data.net/en/kia-ceed-ii-facelift-2015-generation-5965;https://www.auto-data.net/en/kia-ceed-ii-gt-1.6-t-gdi-16v-204hp-19017,pending,,2026-09-16T14:21:31+00:00
d5acee86f7a18596b67b,EU,Renault,Trafic iii,30,2014-2026; 2015-2026; 2019-2026; 2021-2026; 2023-2026,Trafic III; Trafic III Phase II; Trafic III facelift 2019,Chassis Cab; MPV; Van,P0; SU1,https://cdn.group.renault.com/ren/fr/product-plans/brochures/nouveau-trafic-vu/Brochure-Nouveau-Trafic-VU.pdf;https://www.installeronline.co.uk/wp-content/uploads/2014/09/renault-trafic-2014-specs.pdf;https://www.press.renault.co.uk/assets/documents/original/10722-TraficVaneBrochureJuly2017.pdf;https://www.press.renault.co.uk/assets/documents/original/17073-RenaultTraficPressKitNovember2019.pdf;https://www.press.renault.co.uk/assets/documents/original/20330-NewTraficBrochureApril2022.pdf;https://www.press.renault.co.uk/assets/documents/original/20331-NewTraficPassengerBrochureApril2022.pdf;https://www.renault-martinique.com/cars/TraficVpJ82ph1/dimensions.html;https://www.renault-trucks.cz/sites/default/files/2024-05/Technicals-informations_TRAFIC_RED_EDITION_2024_EN.pdf,pending,,2026-09-16T14:21:31+00:00
19442fd717583de4d426,EU;RU,Subaru,Outback,30,1994-1999; 1998-2004; 2000-2003; 2003-2006; 2003-2009; 2006-2009; 2008-2009; 2009-2012; 2009-2026; 2010-2014; 2012-2014; 2013-2014; 2013-2026; 2014-2014; 2014-2018; 2014-2026; 2015-2019; 2015-2026; 2017-2021; 2019-2026; 2020-2026; 2021-2026; 2022-2025; 2025-2026,I; II; III; III Рестайлинг; IV; IV Рестайлинг; Outback II; Outback III; Outback IV; Outback IV Facelift; Outback IV Pre-Facelift; Outback IV facelift; Outback IV facelift 2013; Outback V; Outback VI; V; V Рестайлинг; VI; VI Рестайлинг; VII,Sedan; Wagon; Wagon 5-door,H2; SD1,https://auto.ru/catalog/cars/subaru/outback/;https://auto.ru/catalog/cars/subaru/outback/specifications/;https://www.auto-data.net/en/subaru-outback-ii-be-bh-generation-3605;https://www.auto-data.net/en/subaru-outback-iii-bl-bp-generation-3604;https://www.auto-data.net/en/subaru-outback-iv-br-bm-facelift-2013-generation-4614;https://www.auto-data.net/en/subaru-outback-v-bs-generation-4771;https://www.auto-data.net/en/subaru-outback-vi-bt-generation-7205;https://www.automobile-catalog.com/car/2008/3263750/subaru_outback_2_5_i.html,pending,,2026-09-16T14:21:31+00:00
fc8f5fbc45e9ce10ab54,EU,Suzuki,Vitara,30,1988-1995; 1988-1998; 1990-1993; 1990-1998; 1990-1999; 1991-1998; 1994-1998; 1995-1998; 1996-1998; 1996-1999; 2002-2005; 2003-2005; 2015-2026; 2018-2026; 2019-2026; 2022-2026; 2023-2026; 2025-2026,I; IV; Suzuki Vitara I; Vitara I; Vitara IV; Vitara IV facelift,Convertible; SUV,SD0; SU1,https://autogidas.lt/en/auto-katalogas/suzuki/vitara/2.0-hdi-2001-2003-k72673;https://i.i-sgcm.com/new_cars/cars/11721/brochures/brochure_20190221114722.pdf;https://www.auto-data.net/en/suzuki-vitara-cabrio-et-ta-1.9-d-et-75hp-16440;https://www.auto-data.net/en/suzuki-vitara-et-ta-1.6-i-16v-3-dr-97hp-16429;https://www.auto-data.net/en/suzuki-vitara-et-ta-1.6-i-16v-5-dr-97hp-16430;https://www.autoevolution.com/cars/suzuki-vitara-cabrio-1989.html;https://www.autokoo.com/fiche-technique/suzuki/vitara/cabriolet-20-hdi-jlx/30512720020201;https://www.automobile-catalog.com/car/1991/3349115/suzuki_vitara_1_6_cabrio.html,pending,,2026-09-16T14:21:31+00:00
007032eef5f4ad40ce3c,RU,Volkswagen,Polo,30,1975-1988; 1981-1994; 1990-1994; 1994-2002; 1999-2001; 2001-2005; 2005-2009; 2009-2015; 2014-2020; 2017-2021; 2019-2024; 2020-2022; 2021-2026,I; II; II Рестайлинг; III; III Рестайлинг; IV; IV Рестайлинг; Plus (China Market); V; V Рестайлинг; VI; VI (EU Market); VI Рестайлинг (EU Market),Hatchback 3-door; Hatchback 5-door; Liftback; Sedan; Wagon 5-door,H0; H2; SD1,https://auto.ru/catalog/cars/volkswagen/polo/;https://auto.ru/catalog/cars/volkswagen/polo/specifications/,pending,,2026-09-16T14:21:31+00:00
88cefa94e628976c8f92,EU;RU,Volvo,760,30,1981-1988; 1982-1984; 1982-1987; 1982-1992; 1983-1989; 1983-1990; 1984-1986; 1984-1987; 1984-1988; 1984-1990; 1986-1988; 1986-1990; 1986-1991; 1987-1990; 1987-1992; 1988-1992,700 Series; 760; 760 Facelift; 760 I; 760 facelift; 760 pre-facelift; Volvo 760,Sedan; Wagon; Wagon 5-door,H2; SD1,https://auto.ru/catalog/cars/volvo/760/;https://auto.ru/catalog/cars/volvo/760/specifications/;https://www.adac.de/rund-ums-fahrzeug/autokatalog/marken-modelle/volvo/740-760/1generation/261098/;https://www.auto-data.net/en/volvo-760-kombi-704-765-generation-1963;https://www.auto-motor-und-sport.de/marken-modelle/volvo/760/technische-daten/;https://www.carfolio.com/volvo-760-gle-estate-turbodiesel-805948;https://www.carsguide.com.au/volvo/760/car-dimensions/1988;https://www.volvoclub.org.uk/history/760est.shtml,pending,,2026-09-16T14:21:31+00:00
786f4c4bddc0eb0bc350,EU;RU,Alpina,B6,29,1978-1981; 1978-1983; 1981-1983; 1983-1986; 1984-1987; 1984-1990; 1986-1990; 1992-1993; 2005-2010; 2006-2007; 2007-2010; 2011-2014; 2011-2015; 2014-2014; 2015-2016; 2015-2017,B6 Bi-Turbo (F12 LCI); B6 Bi-Turbo (F12); B6 Bi-Turbo (F13 LCI); B6 Bi-Turbo (F13); B6 Bi-Turbo Gran Coupé (F06 LCI); B6 Bi-Turbo Gran Coupé (F06); B6 E21; B6 E30; B6 E36; B6 E63; B6 E64; B6 S E63; B6 S E64; E21; E30; E36; E63/64; F12/F13; F12/F13 Рестайлинг,Convertible; Coupe; Sedan,SD0; SD1,https://auto.ru/catalog/cars/alpina/b6/;https://auto.ru/catalog/cars/alpina/b6/specifications/;https://blog.le-parnass.com/catalogue_pdf/bmw_alpina_b6_biturbo_coupe_convertible.pdf;https://i.i-sgcm.com/new_cars/cars/11863/brochures/brochure_20180129033803.pdf;https://www.auto-data.net/en/alpina-b6-cabrio-e64-4.4-v8-500hp-switch-tronic-1661;https://www.auto-data.net/en/alpina-b6-coupe-e63-4.4-v8-500hp-1659;https://www.automobile-catalog.com/car/1984/286460/alpina_b6_2_8.html;https://www.automobile-catalog.com/car/1987/286670/alpina_b6_3_5.html,pending,,2026-09-16T14:21:31+00:00
b0ea849f6f784314150d,EU;RU,Alpina,B7,29,1978-1982; 1978-1988; 1981-1982; 1982-1987; 1984-1987; 1986-1987; 1986-1988; 2003-2008; 2004-2008; 2009-2012; 2010-2012; 2012-2015; 2013-2016; 2016-2019; 2016-2022; 2017-2022; 2019-2022,Alpina B7 Bi-Turbo F01; Alpina B7 G12; Alpina B7 G12 Facelift; B7 (E65); B7 Bi-Turbo; B7 Bi-Turbo LCI; B7 F01; B7 F02; B7 S Turbo; B7 Turbo; B7 Turbo Coupé; B7 Turbo Coupé/1; B7 Turbo Coupé/1 B7/3; B7 Turbo/1; B7 Turbo/1 B7/3; E12; E24; E28; E65/66; F01/F02; F01/F02 Рестайлинг; G12; G12 Рестайлинг,Coupe; Sedan,SD0; SD1,https://auto.ru/catalog/cars/alpina/b7/;https://auto.ru/catalog/cars/alpina/b7/specifications/;https://blog.le-parnass.com/catalogue_pdf/bmw_alpina_b7_biturbo_saloon.pdf;https://www.automobile-catalog.com/car/2009/1186130/alpina_b7_biturbo.html;https://www.automobile-catalog.com/car/2014/1762190/alpina_b7_biturbo_l.html;https://www.edmunds.com/bmw/alpina-b7/2013/st-401657909/features-specs/;https://www.edmunds.com/bmw/alpina-b7/2014/st-200491673/features-specs/;https://www.encycarpedia.com/alpina/78-b7-turbo-e12-saloon,pending,,2026-09-16T14:21:31+00:00
f1726d393237c35187ed,EU,Citroën,C25,29,1981-1986; 1981-1994; 1983-1986; 1983-1994; 1985-1994; 1987-1994; 1988-1994; 1991-1994,C25; C25 I; C25 I Typ 290; C25 Series 2,Bus; Chassis Cab; MPV; Van,P0; SU1,https://archive.commercialmotor.com/article/17th-december-1987/14/citroen-gets-heavy-on-c25;https://autoboom.co.il/en/catalog/cars/citroen/c25;https://autogidas.lt/en/auto-katalogas/fiat/ducato/i-14-280.-1987-1990-k17494;https://ckc.dk/pubs/MAN008900-C25.pdf;https://en.wheelsage.org/twins/group/120233/specifications;https://ru.wikipedia.org/wiki/Citro%C3%ABn_C25_-_Peugeot_J5_-_Talbot_Express_-_Fiat_Ducato_I;https://www.autocasion.com/marcas/citroen/c25-industrial/c-25-furgon-1400-4x4-4-puertas-15686;https://www.autodoc.parts/spares/fiat/ducato/ducato-box-280/27165-2-5-td-4x4,pending,,2026-09-16T14:21:31+00:00
42f9fff1707401a19139,EU;RU,Lancia,Thema,29,1984-1988; 1984-1989; 1984-1994; 1986-1988; 1986-1990; 1987-1989; 1987-1990; 1987-1992; 1987-1994; 1988-1990; 1988-1992; 1989-1992; 1989-1993; 1992-1993; 1992-1994; 2011-2014,I; II; Thema; Thema I; Thema I 8.32; Thema I Series 1/2; Thema I Series 2; Thema I Series 3; Thema LX,Sedan; Wagon; Wagon 5-door,H2; SD1,https://auto.ru/catalog/cars/lancia/thema/;https://auto.ru/catalog/cars/lancia/thema/specifications/;https://www.auto-data.net/en/lancia-thema-834-generation-1172;https://www.auto-data.net/en/lancia-thema-lx-generation-8532;https://www.automobile-catalog.com/car/1984/50660/lancia_thema_i_e__turbo.html;https://www.automobile-catalog.com/car/1987/54410/lancia_thema_8_32.html;https://www.automobile-catalog.com/car/1989/1380140/lancia_thema_station_wagon_i_e__16v_cat.html;https://www.automobile-catalog.com/car/1989/1380155/lancia_thema_station_wagon_i_e__16v.html,pending,,2026-09-16T14:21:31+00:00
3bebd2b7259d2cc6326a,EU,Mercedes-benz,B-Klasse sports tourer,29,2005-2011; 2008-2011; 2009-2011; 2010-2011; 2011-2014; 2011-2018; 2012-2017; 2012-2018; 2013-2014; 2013-2018; 2014-2017; 2014-2018; 2015-2018; 2018-2018; 2018-2026; 2019-2021; 2019-2026; 2020-2026; 2022-2026,B-Class II facelift; B-Class III; B-Class III (W247); B-Class Sports Tourer; B-Class W242; B-Class W245; B-Class W245 facelift; B-Class W246; B-Class W246 facelift; B-Class W247,Hatchback; MPV,H0; SU1,https://i.i-sgcm.com/new_cars/cars/11195/brochures/brochure_20161005124035.pdf;https://mercedes-benz-publicarchive.com/marsClassic/en/instance/ko/B-170-NGT-BlueEFFICIENCY-2008---2009.xhtml?oid=192213159;https://www.auto-data.net/en/mercedes-benz-b-class-electric-drive-w242-b-250-e-31-kwh-180hp-20827;https://www.auto-data.net/en/mercedes-benz-b-class-model-1363;https://www.auto-data.net/en/mercedes-benz-b-class-w245-b-200-136hp-12513;https://www.auto-data.net/en/mercedes-benz-b-class-w245-facelift-2008-b-180-cdi-109hp-12509;https://www.auto-data.net/en/mercedes-benz-b-class-w245-facelift-2008-b-200-136hp-12514;https://www.auto-data.net/en/mercedes-benz-b-class-w246-b-180-122hp-7g-dct-18831,pending,,2026-09-16T14:21:31+00:00
5f45808d4c124f448150,RU,Mercedes-Benz,C-Класс,29,1993-1997; 1997-2001; 2000-2004; 2004-2008; 2006-2011; 2011-2015; 2014-2018; 2018-2023; 2021-2026; 2026-2026,I (W202); I (W202) Рестайлинг; II (W203); II (W203) Рестайлинг; III (W204); III (W204) Рестайлинг; IV (W205); IV (W205) Рестайлинг; V (W206); electric (W520),Convertible; Coupe; Hatchback 3-door; Sedan; Wagon 5-door,H0; H2; SD0; SD1,https://auto.ru/catalog/cars/mercedes/c_klasse/;https://auto.ru/catalog/cars/mercedes/c_klasse/specifications/,pending,,2026-09-16T14:21:31+00:00
9572522fadea880c0d93,EU;RU,Mitsubishi,Carisma,29,1995-1997; 1995-1999; 1995-2003; 1995-2006; 1996-1997; 1996-2000; 1996-2006; 1997-2006; 1998-2006; 1999-2004; 1999-2006; 2000-2004; 2000-2006,Carisma; Carisma GT Evolution VI; Carisma GT Evolution VII; Carisma I; I; I Рестайлинг,Hatchback; Liftback; Sedan,H0; SD1,https://auto.ru/catalog/cars/mitsubishi/carisma/;https://auto.ru/catalog/cars/mitsubishi/carisma/specifications/;https://www.auto-data.net/en/mitsubishi-carisma-1.8-16v-gdi-122hp-15548;https://www.auto-data.net/en/mitsubishi-carisma-1.8-16v-gdi-125hp-15549;https://www.automobile-catalog.com/car/1996/1999190/mitsubishi_carisma_5d_1_8_glx.html;https://www.automobile-catalog.com/car/1996/1999430/mitsubishi_carisma_4d_1_6_glx_90.html;https://www.automobile-catalog.com/car/2000/1999760/mitsubishi_carisma_4d_1_6i.html;https://www.automobile-catalog.com/car/2000/1999910/mitsubishi_carisma_5d_1_6i.html,pending,,2026-09-16T14:21:31+00:00
06843bba3a4f2cd43490,EU;RU,Volvo,V40,29,1995-1999; 1995-2004; 1997-2000; 1998-2004; 1999-2000; 1999-2004; 2000-2004; 2001-2003; 2001-2004; 2012-2014; 2012-2015; 2012-2016; 2013-2014; 2013-2015; 2013-2016; 2014-2015; 2014-2019; 2015-2019; 2016-2020,I; I Рестайлинг; II; II Рестайлинг; V40 I; V40 I facelift; V40 I pre-facelift; V40 II,Hatchback; Hatchback 5-door; Wagon; Wagon 5-door,H0; H2; SD1,https://auto.ru/catalog/cars/volvo/v40/;https://auto.ru/catalog/cars/volvo/v40/specifications/;https://www.auto-data.net/en/volvo-v40-2012-1.6-t4-180hp-17577;https://www.auto-data.net/en/volvo-v40-combi-vw-2.0-16v-136hp-9520;https://www.auto-data.net/en/volvo-v40-combi-vw-generation-1967;https://www.auto-data.net/en/volvo-v40-model-937;https://www.autoevolution.com/cars/volvo-v40-1996.html;https://www.volvocars.com/ie/support/car/v40/2015/article/d24bb7d1e21ec6e4c0a801e801cf6114/1fb4a1e231ff3432c0a801e8011f8ab3/d3e3a984c472afb4c0a801e8016918f7/,pending,,2026-09-16T14:21:31+00:00
9a09ea4f3d56669cb806,EU;RU,Alpina,B5,28,2005-2007; 2005-2010; 2007-2010; 2010-2011; 2010-2013; 2012-2014; 2013-2017; 2015-2016; 2017-2020; 2020-2023; 2020-2024; 2023-2023; 2023-2024,B5 BiTurbo F10; B5 BiTurbo F10 LCI; B5 BiTurbo F11; B5 BiTurbo F11 LCI; B5 BiTurbo G30; B5 BiTurbo G30 LCI; B5 BiTurbo G31; B5 BiTurbo G31 LCI; B5 E60; B5 E61; B5 GT G30; B5 GT G31; B5 II (F10) facelift; B5 S E60; B5 S E61; B5 Touring (F11); E60/61; E60/61 Рестайлинг; F10/F11; F10/F11 Рестайлинг; G30/G31; G30/G31 Рестайлинг,Sedan; Wagon; Wagon 5-door,H2; SD1,https://auto.ru/catalog/cars/alpina/b5/;https://auto.ru/catalog/cars/alpina/b5/specifications/;https://i.i-sgcm.com/new_cars/cars/11859/brochures/brochure_20180130093637.pdf;https://www.auto-data.net/en/alpina-b5-sedan-f10-generation-4041;https://www.auto-data.net/en/alpina-b5-sedan-f10-lci-facelift-2013-generation-4879;https://www.auto-data.net/en/alpina-b5-sedan-g30-facelift-2020-generation-8272;https://www.auto-data.net/en/alpina-b5-touring-f11-4.4-v8-540hp-biturbo-18325;https://www.auto-data.net/en/alpina-b5-touring-f11-generation-4040,pending,,2026-09-16T14:21:31+00:00
15ced15f628a004be367,EU;RU,Honda,Integra,28,1985-1989; 1986-1989; 1989-1993; 1993-1995; 1993-1999; 1993-2001; 1995-2001; 1997-2001; 2001-2004; 2002-2007; 2002-2008; 2004-2006; 2021-2025; 2025-2026,I; II; III; III Рестайлинг; IV; IV Рестайлинг; Integra I; Integra III; Integra III Sedan; Integra III Type R; Integra III Type R 96 Spec; Integra III Type R 98 Spec; Integra IV; Integra IV facelift; Integra second generation; V; V Рестайлинг,Coupe; Hatchback; Hatchback 3-door; Hatchback 5-door; Sedan,H0; SD0; SD1,https://auto.ru/catalog/cars/honda/integra/;https://auto.ru/catalog/cars/honda/integra/specifications/;https://autoc-one.jp/catalog/honda/integra_sedan/fmc1490-mc1504/9272/;https://spec.greeco-channel.com/en/integra-8_m/;https://www.auto-data.net/en/honda-integra-i-da-5-door-generation-9178;https://www.auto-data.net/en/honda-integra-iii-dc2-generation-2579;https://www.auto-data.net/en/honda-integra-iv-dc5-2.0-160hp-automatic-12118;https://www.auto-data.net/en/honda-integra-iv-dc5-facelift-2004-2.0-160hp-47120,pending,,2026-09-16T14:21:31+00:00
12840b8ecc03364773c7,EU,Iveco,Daily vi,28,2014-2021; 2014-2026; 2015-2026; 2016-2026; 2018-2026; 2019-2026; 2021-2026; 2022-2026,Daily VI,Bus; Chassis Cab; Van,P0; SU1,https://vanreviewer.co.uk/iveco/daily/70c/dimensions/10348/;https://www.iveco.com/au/-/media/IVECOdotcom/Australia/Products/Daily/July-24/Daily-4x4-Spec-Sheet---Web-Version.pdf?rev=1add957e98ed4b84b89376713d864d92;https://www.iveco.com/nz/-/media/IVECOdotcom/NewZealand/Products/Daily/Files/E6-Daily-Cab-Chassis-Spec-Sheet.pdf?rev=c8ef861a2d4e4331b74f8d8958731418;https://www.iveco.com/nz/-/media/IVECOdotcom/NewZealand/Products/Daily/Files/E6-Daily-Van-Spec-Sheet.pdf?rev=81436cbddcd64654b968cad8f4a35e23;https://www.ivecobus.com/czech/-/media/IvecoBus/International/pdf/schede-tecniche/daily/eDaily-Line.pdf?rev=-1,pending,,2026-09-16T14:21:31+00:00
013c3d015021c9b8fef3,EU;RU,KIA,Ceed,28,2006-2010; 2010-2012; 2012-2015; 2015-2018; 2018-2020; 2018-2021; 2018-2026; 2019-2026; 2021-2026; 2022-2026; 2024-2026,Ceed III; I; I Рестайлинг; II; II Рестайлинг; III; III Рестайлинг,Hatchback; Hatchback 3-door; Hatchback 5-door; Wagon; Wagon 5-door,H0; H2; SD1,https://auto.ru/catalog/cars/kia/ceed/;https://auto.ru/catalog/cars/kia/ceed/specifications/;https://press.kia.com/content/dam/kiapress/IE/pressreleases/Ceed-Launch-September-2018/Ceed-press-release.pdf;https://www.auto-data.net/en/kia-ceed-iii-facelift-2021-generation-8610;https://www.auto-data.net/en/kia-ceed-iii-gt-1.6-t-gdi-204hp-dct-44392;https://www.auto-data.net/en/kia-ceed-iii-sportswagon-facelift-2021-1.0-t-gdi-120hp-44740,pending,,2026-09-16T14:21:31+00:00
a37565760df8383c6734,EU,Nissan,Cabstar,28,1982-1987; 1982-1992; 1983-1990; 1983-1992; 1984-1992; 1986-1992; 1998-2006; 2002-2004; 2004-2006; 2006-2012; 2006-2013,Cabstar E; Cabstar E F23; Cabstar F22; Cabstar F24; Nissan Cabstar E F23; Nissan Cabstar F22,Chassis Cab,DUAL; P0,https://autocatalogarchive.com/wp-content/uploads/2017/07/Nissan-Range-1998-NL.pdf;https://motor-car.net/nissan/item/26775-datsun-cabstar-f22;https://www.autodoc24.fr/spares/nissan/cabstar/cabstar-platform-chassis-f22-h40;https://www.autotrader.com.au/nissan/cabstar/dimensions/1988;https://www.drom.ru/catalog/lcv/nissan/cabstar/specs/dimensions/;https://www.goo-net.com/catalog/NISSAN/ATLAS/154367/;https://www.nissan-cdn.net/content/dam/Nissan/greece/manuals/cabstar/CABSTAR_F24_2008_JUNE.pdf,pending,,2026-09-16T14:21:31+00:00
70a19f2d5de57759f6ab,EU,Opel,Astra f,28,1991-1992; 1991-1993; 1991-1998; 1991-1999; 1992-1992; 1992-1994; 1992-1998; 1992-1999; 1993-1994; 1993-1996; 1993-2001; 1994-1998; 1994-1999; 1994-2001; 1995-1996; 1995-1998; 1996-1998; 1996-2001,Astra F; Astra F Cabrio; Astra F Cabrio facelift; Astra F pre-facelift,Convertible; Sedan; Van,SD0; SD1; SU1,https://cararac.com/spec/opel/astra/cabriolet-1993/;https://www.auto-data.net/en/opel-astra-f-cabrio-facelift-1994-1.6i-75hp-automatic-35102;https://www.auto-data.net/en/opel-astra-f-caravan-1.8i-90hp-2489;https://www.auto-data.net/en/opel-astra-f-classic-1.6i-71hp-2468;https://www.auto-data.net/en/opel-astra-f-classic-1.7-d-57hp-2461,pending,,2026-09-16T14:21:31+00:00
ddbcfa043e9ddd07240f,EU;RU,Peugeot,407,28,2004-2005; 2004-2006; 2004-2007; 2004-2010; 2004-2011; 2005-2010; 2005-2011; 2005-2026; 2006-2010; 2007-2011; 2008-2010; 2009-2010; 2009-2026,407 Coupe; 407 I; 407 I Phase I; 407 I SW; 407 Phase I; 407 Phase II; 407 SW Phase I; I; Peugeot 407 I; Peugeot 407 I facelift; Peugeot 407 SW facelift,Coupe; Sedan; Wagon; Wagon 5-door,H2; SD0; SD1,https://auto.ru/catalog/cars/peugeot/407/;https://auto.ru/catalog/cars/peugeot/407/specifications/;https://www.allcarcentral.com/peugeot_UK_pdf/Peugeot_407_Coupe_2008.pdf;https://www.auto-data.net/en/peugeot-407-model-574;https://www.auto-data.net/en/peugeot-407-phase-i-2004-1.8-16v-116hp-5394;https://www.auto-data.net/en/peugeot-407-sw-2.2-hdi-170hp-37702;https://www.auto-data.net/en/peugeot-407-sw-phase-i-2004-2.0-16v-136hp-5387;https://www.auto-data.net/en/peugeot-407-sw-phase-i-2004-2.0-16v-136hp-automatic-28800,pending,,2026-09-16T14:21:31+00:00
753bb92f6deacdd8eba8,EU,Piaggio,Ape,28,1967-1972; 1968-1978; 1969-1978; 1971-1981; 1982-1993; 1982-1996; 1993-1996; 1998-2015; 2006-2026; 2007-2026; 2010-2026; 2012-2026; 2013-2026; 2019-2026,500/550/600 series; Ape 50; Ape Calessino 200; Ape Calessino 2007; Ape Calessino Electric Lithium; Ape Classic; Ape TM; Calessino; TM; historic,Chassis Cab; Convertible; Pickup; Van,P0; SD0; SU1,https://customtuktuk.com/vintage-piaggio-ape-500-600-series/;https://en.wikipedia.org/wiki/Piaggio_Ape;https://manualzz.com/doc/23404734/piaggio-ape-tm-2012-workshop-manual;https://piaggiocommercialuk.com/wp-content/uploads/2018/01/Ape-50-technical-info-EN-1.pdf;https://piaggiocommercialuk.com/wp-content/uploads/2018/01/Ape-Classic-E4-Brochure-2017-EN-1.pdf;https://www.italiaspeed.com/2007/cars/other/piaggio/07/ape_calessino/0207.html;https://www.mondoape.com/manuali/Uso-e-manutenzione-APE-TM-Diesel-EN.pdf;https://www.piaggiogroup.com/sites/default/files/news/ape_calessino_2009_eng.pdf,pending,,2026-09-16T14:21:31+00:00
2807509c9eb6626ed112,EU;RU,Piaggio,Porter,28,1992-2021; 1993-1994; 1993-1998; 1994-2026; 1995-2026; 1998-2010; 1998-2011; 1998-2026; 2011-2026; 2015-2026; 2016-2026,I; Porter I; Porter I ElectricPower; Porter I Facelift; Porter II,Bus; Chassis Cab; MPV; Pickup; Van,P0; SU1; V0,https://auto.ru/catalog/cars/piaggio/porter/;https://auto.ru/catalog/cars/piaggio/porter/specifications/;https://autocatalogarchive.com/wp-content/uploads/2023/03/Piaggio-Porter-2019-INT.pdf;https://piaggiocommercialuk.com/wp-content/uploads/2017/12/Porter-Brochure-pdf.pdf;https://piaggiocommercialuk.com/wp-content/uploads/2018/02/Brochure-Porter_Electric-Power.pdf;https://www.anchorvans.co.uk/specifications/porter-piaggio;https://www.coches.net/fichas_tecnicas/piaggio/porter/industriales/5-puertas/12d_furgon_64cv_diesel/45576/700544720110315/;https://www.lacentrale.fr/fiche-technique-voiture-piaggio-porter-essence%2B1.3%2B16v%2Bchassis-2010.html,pending,,2026-09-16T14:21:31+00:00
e9d247d76c57d7f8babd,EU,Seat,Ibiza iv,28,2008-2010; 2008-2011; 2008-2012; 2008-2015; 2009-2015; 2010-2012; 2010-2015; 2011-2015; 2012-2015; 2013-2015; 2015-2017,Ibiza IV; Ibiza IV (6J); Ibiza IV facelift; Ibiza IV facelift 2012,Hatchback; Van,H0; SU1,https://www.auto-data.net/en/seat-ibiza-iv-1.6-mpi-105hp-13469;https://www.auto-data.net/en/seat-ibiza-iv-2.0-tdi-143hp-44362;https://www.auto-data.net/en/seat-ibiza-iv-facelift-2012-1.2-12v-60hp-16881;https://www.auto-data.net/en/seat-ibiza-iv-facelift-2012-1.6-tdi-105hp-16879;https://www.auto-data.net/en/seat-ibiza-iv-facelift-2012-2.0-tdi-143hp-16882;https://www.auto-data.net/en/seat-ibiza-iv-sc-1.2-tdi-75hp-36504;https://www.auto-data.net/en/seat-ibiza-iv-sc-facelift-2012-1.2-12v-60hp-19319;https://www.auto-data.net/en/seat-ibiza-iv-sc-facelift-2012-1.2-12v-70hp-19332,pending,,2026-09-16T14:21:31+00:00
253ec5ad8d3d3ea666c5,EU,Citroën,Xantia,27,1993-1998; 1993-2001; 1993-2003; 1994-1998; 1995-1998; 1995-1999; 1995-2001; 1995-2003; 1996-1999; 1996-2003; 1997-2003; 1998-2003; 1999-2003,Xantia Break; Xantia X1; Xantia X2,Hatchback; Wagon,H0; SD1,https://www.auto-data.net/en/citroen-xantia-model-1683,pending,,2026-09-16T14:21:31+00:00
4a88ee62d678955e8003,EU;RU,Fiat,Croma,27,1985-1989; 1985-1990; 1985-1996; 1986-1988; 1986-1990; 1987-1992; 1987-1996; 1989-1996; 1991-1992; 1991-1996; 1992-1996; 1993-1996; 2005-2007; 2005-2008; 2005-2010; 2005-2011; 2006-2011; 2008-2011,Croma I; Croma I (154); Croma II; Croma II (194); Fiat Croma I; I; II; II Рестайлинг,Hatchback; Liftback; Van; Wagon; Wagon 5-door,H0; H2; SD1; SU1,https://auto.ru/catalog/cars/fiat/croma/;https://auto.ru/catalog/cars/fiat/croma/specifications/;https://www.auto-data.net/en/fiat-croma-154-generation-1566;https://www.auto-data.net/en/fiat-croma-ii-1.8-16v-140hp-6797;https://www.auto-data.net/en/fiat-croma-model-745;https://www.automobile-catalog.com/car/1985/717320/fiat_croma_i_e__cat.html;https://www.automobile-catalog.com/car/1994/717830/fiat_croma_2_0_i_e_.html;https://www.automobile-catalog.com/car/2008/727745/fiat_croma_1_9_multijet_eco_120_emotion_dpf.html,pending,,2026-09-16T14:21:31+00:00
980d8296b246ba9b31d0,EU,Ford,Escort v,27,1990-1992; 1990-1993; 1990-1994; 1990-1995; 1991-1995; 1992-1995; 1993-1994; 1993-1995; 1994-1995,Escort V; Escort V Cabrio; Escort V RS2000; Escort V RS2000 facelift; Escort V XR3i; Escort V XR3i facelift; Escort V facelift; Escort V facelift (Mk Vb); Escort V facelift 1992; Escort VI; Escort VI Cabrio; Ford Escort V RS Cosworth,Convertible; Hatchback; Sedan,H0; SD0; SD1,https://autocatalogarchive.com/wp-content/uploads/2024/04/Ford-Range-1992-UK.pdf;https://www.auto-data.net/en/ford-escort-vi-cabrio-all-generation-1665;https://www.auto-data.net/en/ford-escort-vi-gal-1.4-71hp-7423;https://www.automobile-catalog.com/car/1990/944810/ford_escort_s_1_6.html;https://www.automobile-catalog.com/car/1991/944735/ford_escort_1_3_l.html;https://www.automobile-catalog.com/car/1991/945740/ford_escort_cabrio_1_6i.html;https://www.automobile-catalog.com/car/1991/945860/ford_escort_rs_2000.html;https://www.automobile-catalog.com/car/1992/945905/ford_escort_xr3i_105.html,pending,,2026-09-16T14:21:31+00:00
32ec18702f50c3eb8cea,EU,Ford,Focus i,27,1998-1999; 1998-2004; 1998-2005; 1999-2004; 1999-2005; 2001-2004; 2001-2005; 2002-2004; 2002-2005,Focus I; Focus I facelift,Hatchback; Sedan; Van,H0; SD1; SU1,https://autocatalogarchive.com/wp-content/uploads/2025/08/Ford-Focus-1998-UK.pdf;https://autocatalogarchive.com/wp-content/uploads/2025/08/Ford-Focus-2001-UK.pdf;https://autocatalogarchive.com/wp-content/uploads/2025/10/Ford-Focus-2002-UK.pdf;https://autocatalogarchive.com/wp-content/uploads/2025/10/Ford-Focus-2004-UK-.pdf;https://www.aic-germany.de/en/product-catalogue/3896;https://www.auto-data.net/en/ford-focus-i-sedan-1.4-16v-75hp-7353;https://www.auto-data.net/en/ford-focus-i-sedan-1.8-turbo-di-90hp-7358;https://www.automobile-catalog.com/car/2000/955625/ford_focus_turnier_estate_1_6_16v_trend_zetec.html,pending,,2026-09-16T14:21:31+00:00
5e2e7838596ea548ca40,RU,Ford,Mondeo,27,1993-1996; 1996-2000; 2000-2003; 2003-2007; 2006-2010; 2010-2014; 2014-2019; 2019-2022; 2022-2025; 2025-2026,I; II; III; III Рестайлинг; IV; IV Рестайлинг; V; V Рестайлинг; VI; VI Рестайлинг,Liftback; SUV 5-door; Sedan; Wagon 5-door,H0; H2; SD1; SU1,https://auto.ru/catalog/cars/ford/mondeo/;https://auto.ru/catalog/cars/ford/mondeo/specifications/,pending,,2026-09-16T14:21:31+00:00
fa394daf4c1a5a74095b,EU;RU,Maserati,Biturbo,27,1981-1987; 1981-1994; 1982-1987; 1983-1986; 1984-1987; 1985-1986; 1985-1987; 1986-1988; 1987-1988; 1987-1990; 1988-1990; 1988-1994; 1989-1989; 1989-1991; 1989-1992; 1989-1993; 1989-1994; 1990-1992; 1990-1994; 1991-1994,Biturbo; Biturbo 2.24v; Biturbo 2.24v II; Biturbo 222; Biturbo 222 E; Biturbo 222 SE; Biturbo 4.24v; Biturbo 4.24v II; Biturbo 420; Biturbo 420 Si; Biturbo 420 i; Biturbo 425; Biturbo 430 early; Biturbo 430 late; Biturbo ES; Biturbo Racing; Biturbo S; Biturbo Si; Biturbo Spyder; Biturbo i,Convertible; Coupe; Sedan,SD0; SD1,https://auto.ru/catalog/cars/maserati/biturbo/;https://auto.ru/catalog/cars/maserati/biturbo/specifications/;https://www.auto-data.net/en/maserati-biturbo-coupe-generation-2235;https://www.automobile-catalog.com/car/1984/1445255/maserati_biturbo_s.html;https://www.automobile-catalog.com/car/1984/1445330/maserati_biturbo_425.html;https://www.automobile-catalog.com/car/1986/1445435/maserati_420.html;https://www.automobile-catalog.com/car/1986/1445525/maserati_biturbo_i.html;https://www.automobile-catalog.com/car/1987/1445570/maserati_420_i.html,pending,,2026-09-16T14:21:31+00:00
2aad36ce17e20676572e,EU,Opel,Kadett e,27,1984-1986; 1984-1987; 1984-1988; 1984-1989; 1984-1992; 1985-1986; 1985-1991; 1986-1991; 1986-1993; 1987-1990; 1987-1991; 1987-1992; 1987-1993; 1988-1991; 1988-1992; 1989-1991; 1989-1992; 1989-1993; 1990-1991; 1990-1992; 1990-1993,E; Kadett E; Kadett E Cabriolet,Convertible; Sedan; Van,SD0; SD1; SU1,https://www.auto-data.net/en/opel-kadett-e-cabrio-1.4i-75hp-1875;https://www.auto-data.net/en/opel-kadett-e-caravan-generation-505;https://www.auto-data.net/en/opel-kadett-e-generation-503;https://www.auto-data.net/en/opel-kadett-model-244;https://www.automobile-catalog.com/car/1987/2459495/opel_kadett_4d_1_6_s.html;https://www.automobile-catalog.com/car/1987/2460260/opel_kadett_cabrio_1_6i_cat.html;https://www.automobile-catalog.com/car/1991/2461145/opel_kadett_cabrio_gsi_edition_cat.html;https://www.automobile-catalog.com/car/1991/2461190/opel_kadett_cabrio_edition_2_0i_cat.html,pending,,2026-09-16T14:21:31+00:00
a61ddb8e69b45214d240,EU;RU,Rover,800,27,1986-1988; 1986-1991; 1986-1999; 1987-1988; 1987-1991; 1988-1991; 1988-1999; 1990-1999; 1991-1999; 1992-1999; 1993-1999; 1994-1996; 1996-1999; 1997-1999,800; 800 I; Rover 800 R17; Rover 800 Series 1; Rover 800 Series 2,Coupe; Fastback; Hatchback; Hatchback 5-door; Sedan,H0; SD0; SD1,https://auto.ru/catalog/cars/rover/800/;https://auto.ru/catalog/cars/rover/800/specifications/;https://www.auto-data.net/en/rover-800-820-i-si-rs-136hp-11521;https://www.auto-data.net/en/rover-800-coupe-820i-136hp-11532;https://www.auto-data.net/en/rover-800-hatchback-820-ti-200hp-11543;https://www.automobile-catalog.com/car/1987/2997065/rover_820_si.html;https://www.automobile-catalog.com/car/1988/2997530/rover_820_fastback.html;https://www.automobile-catalog.com/car/1988/2997575/rover_820_se_fastback.html,pending,,2026-09-16T14:21:31+00:00
e067a953d3da31ca8823,EU;RU,Toyota,Corona,27,1973-1979; 1975-1977; 1975-1979; 1976-1979; 1979-1981; 1982-1988; 1983-1987; 1987-1989; 1987-1993; 1992-1997; 1992-1998; 1993-1995; 1996-2001,"Corona Mark II II; Corona T190; Corona V; Corona VI (T130); IX (T190); T100/T120; V (T100, T110, T120); VI (T130); VII (T140); VIII (T160) Рестайлинг; VIII (T170); VIII (Е150, T160) Рестайлинг; X (T210)",Coupe; Liftback; Sedan; Wagon; Wagon 5-door,H0; H2; SD0; SD1,https://auto.ru/catalog/cars/toyota/corona/;https://auto.ru/catalog/cars/toyota/corona/specifications/;https://www.autodoc.co.uk/car-parts/brake-kit-12344/toyota/corona/corona-saloon-1992/22795-1-6-at190;https://www.automobile-catalog.com/car/1979/41060/toyota_corona_liftback_1_8.html;https://www.automobile-catalog.com/car/1980/3497225/toyota_corona_sedan_1_8_gl_automatic.html;https://www.automobile-catalog.com/car/1992/3598835/toyota_corona_1600_select_saloon_5speed.html;https://www.carsguide.com.au/toyota/corona/car-dimensions/1977;https://www.toyota-global.com/company/history_of_toyota/75years/vehicle_lineage/car/id60007675A/,pending,,2026-09-16T14:21:31+00:00
a5e95350677e25de91de,RU,Volkswagen,Passat,27,1973-1981; 1980-1988; 1988-1993; 1993-1997; 1996-2001; 2000-2005; 2005-2010; 2011-2015; 2014-2020; 2019-2023; 2023-2026,B1; B2; B3; B4; B5; B5 Рестайлинг; B6; B7; B8; B8 Рестайлинг; B9,Hatchback 3-door; Hatchback 5-door; Sedan; Wagon 5-door,H0; H2; SD1,https://auto.ru/catalog/cars/volkswagen/passat/;https://auto.ru/catalog/cars/volkswagen/passat/specifications/,pending,,2026-09-16T14:21:31+00:00
54915566fa9cf7ad115b,EU;RU,Alpina,D3,26,2005-2008; 2005-2013; 2008-2013; 2013-2017; 2013-2018; 2017-2019; 2020-2022; 2020-2025; 2022-2025,Alpina D3 Bi-Turbo E90; Alpina D3 Bi-Turbo E91; Alpina D3 Bi-Turbo E92; D3; D3 Bi-Turbo; D3 Bi-Turbo LCI; D3 Bi-Turbo Touring; D3 Bi-Turbo Touring Allrad; D3 Bi-Turbo Touring Allrad LCI; D3 Bi-Turbo Touring LCI; D3 S; D3 S facelift; D3 Touring; E90/E92; F30; F30 Рестайлинг; G20; G20 Рестайлинг,Coupe; Sedan; Wagon; Wagon 5-door,H2; SD0; SD1,https://auto.ru/catalog/cars/alpina/d3/;https://auto.ru/catalog/cars/alpina/d3/specifications/;https://www.auto-data.net/en/alpina-d3-coupe-e92-2.0-biturbo-214hp-1700;https://www.auto-data.net/en/alpina-d3-sedan-g20-facelift-2022-s-3.0-355hp-mild-hybrid-awd-switch-tronic-45873;https://www.auto-data.net/en/alpina-d3-sedan-g20-s-3.0-355hp-mild-hybrid-awd-switch-tronic-42604;https://www.auto-data.net/en/alpina-d3-touring-g21-facelift-2022-s-3.0-355hp-mild-hybrid-awd-swtich-tronic-45874;https://www.auto-data.net/en/alpina-d3-touring-g21-s-3.0-355hp-mild-hybrid-awd-switch-tronic-42602;https://www.automobile-catalog.com/car/2005/288515/alpina_d3.html,pending,,2026-09-16T14:21:31+00:00
0b00f8f946e0aa2fe526,EU;RU,Fiat,128,26,1969-1982; 1969-1984; 1969-1985; 1971-1976; 1972-1979; 1972-1981; 1974-1982; 1974-1984; 1975-1979; 1975-1981,128 3P Berlinetta; 128 Series 1; 128 Series 2; Fiat 128 3P Berlinetta; Fiat 128 Coupé / 3P; Fiat 128 Familiare; Fiat 128 Familiare / Panorama; Fiat 128 Panorama; Fiat 128 Series 1,Coupe; Sedan; Wagon; Wagon 3-door,H2; SD0; SD1,https://auto.ru/catalog/cars/fiat/128/;https://auto.ru/catalog/cars/fiat/128/specifications/;https://www.auto-data.net/en/fiat-128-coupe-generation-1587;https://www.automobile-catalog.com/car/1972/24695/fiat_128_rally.html;https://www.automobile-catalog.com/car/1972/710780/fiat_128_familiare.html;https://www.automobile-catalog.com/car/1972/710825/fiat_128_coupe_1300_sl.html;https://www.automobile-catalog.com/car/1973/711020/fiat_128_coupe_sl_1300.html;https://www.automobile-catalog.com/car/1974/711035/fiat_128_coupe_sl.html,pending,,2026-09-16T14:21:31+00:00
2ed7d4768c36f45d86bf,EU;RU,Lancia,Beta,26,1972-1984; 1973-1976; 1973-1982; 1974-1976; 1975-1976; 1975-1981; 1976-1978; 1976-1979; 1976-1982; 1976-1984; 1976-1986; 1977-1981; 1978-1982; 1979-1984; 1979-1986; 1980-1984; 1981-1984; 1983-1984,Beta; Beta Berlina facelift; Beta Coupe; Beta H.P.E. Series 4; Beta HPE; Beta Montecarlo; Beta Spider,Convertible; Coupe; Hatchback; Sedan; Targa; Wagon 3-door,H0; H2; SD0; SD1,https://auto.ru/catalog/cars/lancia/beta/;https://auto.ru/catalog/cars/lancia/beta/specifications/;https://de.wikipedia.org/wiki/Lancia_Beta;https://www.auto-data.net/en/lancia-beta-coupe-bc-generation-1160;https://www.auto-data.net/en/lancia-beta-spider-generation-1161;https://www.automobile-catalog.com/car/1976/1377590/lancia_beta_montecarlo.html;https://www.automobile-catalog.com/car/1976/34955/lancia_beta_coupe_1600_2a_serie.html;https://www.automobile-catalog.com/car/1978/1376675/lancia_beta_2000_2a_serie_fl.html,pending,,2026-09-16T14:21:31+00:00
35aeb0ec896c64854417,RU,Mercedes-Benz,E-Класс AMG,26,1994-1996; 1996-1999; 1999-2002; 2002-2006; 2006-2009; 2009-2013; 2013-2016; 2016-2020; 2020-2023; 2024-2026,"I (W124); II (W210, S210); II (W210, S210) Рестайлинг; III (W211, S211); III (W211, S211) Рестайлинг; IV (W212, S212); IV (W212, S212) Рестайлинг; V (W213); V (W213) Рестайлинг; VI (W214)",Convertible; Coupe; Sedan; Wagon 5-door,H2; SD0; SD1,https://auto.ru/catalog/cars/mercedes/e_klasse_amg/;https://auto.ru/catalog/cars/mercedes/e_klasse_amg/specifications/,pending,,2026-09-16T14:21:31+00:00
8be95eee36835da58ecc,EU;RU,Peugeot,206,26,1998-2000; 1998-2001; 1998-2007; 1998-2012; 1999-2000; 1999-2007; 1999-2009; 2000-2009; 2001-2009; 2003-2007; 2003-2008; 2004-2007; 2006-2007; 2007-2026; 2008-2026,206 I; 206 I facelift; 206 Phase I; 206 Phase II; 206 Sedan,Convertible; Hatchback; Hatchback 3-door; Hatchback 5-door; Sedan; Wagon 5-door,H0; H2; SD0; SD1,https://auto.ru/catalog/cars/peugeot/206/;https://auto.ru/catalog/cars/peugeot/206/specifications/;https://www.auto-data.net/en/peugeot-206-1.1i-60hp-5247;https://www.auto-data.net/en/peugeot-206-1.6-16v-109hp-5250;https://www.auto-data.net/en/peugeot-206-2.0-hdi-90hp-5254;https://www.auto-data.net/en/peugeot-206-facelift-2003-1.4i-16v-88hp-34675;https://www.auto-data.net/en/peugeot-206-facelift-2003-1.6i-16v-109hp-17900;https://www.auto-data.net/en/peugeot-206-facelift-2003-2.0-rc-177hp-34680,pending,,2026-09-16T14:21:31+00:00
b71944e0502c87e5e166,EU,Peugeot,J5,26,1981-1990; 1983-1988; 1983-1990; 1986-1988; 1986-1990; 1990-1994,J5; J5 I; J5 I facelift,Bus; Chassis Cab; Van,P0; SU1,https://autocatalogarchive.com/wp-content/uploads/2023/03/Peugeot-Range-Commercials-1988-NL.pdf;https://en.wheelsage.org/peugeot/j5/280/van_1300_high_roof/diesel/specifications;https://en.wheelsage.org/peugeot/j5/280/van_1300_high_roof/specifications;https://en.wheelsage.org/peugeot/j5/280/van_1300_high_roof_long/specifications;https://spareto.com/products/hutchinson-mounting-manual-transmission/594265;https://www.autocentrum.pl/dane-techniczne/peugeot/j-5/;https://www.paruvendu.fr/fiches-techniques-utilitaire/peugeot/j5/1400-d-court-4x4-10-cv-diesel/3056820/;https://www.paruvendu.fr/fiches-techniques-utilitaire/peugeot/j5/1400-tbo-d-court-4x4-10-cv-diesel/3056821/,pending,,2026-09-16T14:21:31+00:00
1925480851ff56cdb8f0,EU,Saab,900 i,26,1979-1980; 1980-1984; 1980-1985; 1980-1990; 1982-1988; 1984-1988; 1985-1993; 1986-1988; 1986-1991; 1986-1994; 1989-1993; 1990-1993; 1990-1994; 1991-1993; 1991-1994; 1992-1993,900 I; 900 I Cabriolet; 900 I facelift; 900 I post-1983 pre-facelift; 900 I pre-1983; 900 I pre-facelift; Saab 900 I; Saab 900 I 1983 update; Saab 900 I early; Saab 900 I facelift,Convertible; Sedan,SD0; SD1,https://saab.drive.place/900/i/group_sedan/424878;https://www.auto-data.net/en/saab-900-i-cabriolet-generation-2548;https://www.auto-data.net/en/saab-900-i-facelift-1987-2.0i-16v-126hp-12004;https://www.automobile-catalog.com/car/1980/3020825/saab_900_turbo_4-door.html;https://www.automobile-catalog.com/car/1982/3021455/saab_900_gls_4-door.html;https://www.automobile-catalog.com/car/1985/3022820/saab_900_turbo_4-door.html;https://www.automobile-catalog.com/car/1991/3026990/saab_900_i_2_0-16_cabriolet_catalyst.html,pending,,2026-09-16T14:21:31+00:00
7bddec5e7752f911ce5b,EU;RU,Fiat,Stilo,25,2001-2003; 2001-2005; 2001-2006; 2001-2007; 2002-2005; 2003-2005; 2003-2006; 2003-2008; 2004-2005; 2004-2006; 2004-2008; 2005-2006; 2005-2007; 2005-2008,Stilo (192); Stilo 192; Stilo I; Stilo I Multi Wagon; Stilo Multi Wagon (192),Hatchback; Hatchback 3-door; Hatchback 5-door; Wagon; Wagon 5-door,H0; H2; SD1,https://aftersales.fiat.com/eLumData/EN/00/192_STILO/00_192_STILO_603.81.012_EN_02_11.06_L_LG/00_192_STILO_603.81.012_EN_02_11.06_L_LG.pdf;https://auto.ru/catalog/cars/fiat/stilo/;https://auto.ru/catalog/cars/fiat/stilo/specifications/;https://www.automobile-catalog.com/car/2002/724925/fiat_stilo_multi_wagon_1_9_jtd_115_active.html,pending,,2026-09-16T14:21:31+00:00
f5202896acdc61016047,EU,Ford,Focus ii,25,2004-2008; 2004-2011; 2004-2012; 2005-2011; 2005-2012; 2006-2010; 2006-2011; 2006-2012; 2008-2011; 2009-2011; 2010-2011,Focus II; Focus II Coupe-Cabriolet; Focus II RS; Focus II facelift,Convertible; Hatchback; Sedan; Van,H0; SD0; SD1; SU1,https://autocatalogarchive.com/wp-content/uploads/2025/04/Ford-Focus-RS-2008-UK.pdf;https://www.auto-data.net/en/ford-focus-cabriolet-ii-2.0-tdci-136hp-7341;https://www.auto-data.net/en/ford-focus-ii-hatchback-1.8-i-16v-125hp-7320;https://www.auto-data.net/en/ford-focus-ii-sedan-1.8-i-16v-125hp-7333;https://www.automobile-catalog.com/car/2004/966335/ford_focus_estate_1_6_16v_lx.html;https://www.automobile-catalog.com/car/2008/969140/ford_focus_1_8_flexifuel_style.html;https://www.fordfan.de/technische-daten/2005/09/30/technische-daten-ford-focus-st;https://www.ultimatespecs.com/car-specs/Ford/M8333/Focus-2-Wagon-Facelift,pending,,2026-09-16T14:21:31+00:00
8ca917c2624303908e96,EU;RU,Ford,Transit connect,25,2002-2009; 2002-2013; 2006-2013; 2009-2013; 2010-2013; 2012-2018; 2013-2026; 2015-2026; 2018-2024; 2018-2026,I; I Рестайлинг; II; II Рестайлинг; Transit Connect I; Transit Connect II; Transit Connect II facelift,MPV; Van,SU1; V0,https://auto.ru/catalog/cars/ford/transit_connect/;https://auto.ru/catalog/cars/ford/transit_connect/specifications/;https://media.ford.com/content/dam/fordmedia/Europe/documents/productReleases/Transit%20Connect/FordTransitConnect-Specifications_EU.pdf;https://www.automobile-catalog.com/car/2002/980285/ford_tourneo_connect_swb_1_8_tdci.html;https://www.ford.co.uk/content/dam/guxeu/uk/documents/brochures/commercial-vehicles/BRO-Transit_Connect.pdf;https://www.ford.co.uk/content/dam/guxeu/uk/documents/feature-pdfs/FT-Transit_Connect.pdf;https://www.ford.pt/content/dam/guxeu/pt/pt_pt/documents/feature-pdfs/FT-Tourneo_Connect.pdf;https://www.fordservicecontent.com/Ford_Content/catalog/owner_guides/ENUSA_CG3526_TRC_og_200606.pdf,pending,,2026-09-16T14:21:31+00:00
2dc2c15cc10db3c1f05b,EU,Lada,Samara,25,1986-1994; 1987-1996; 1988-1994; 1989-1997; 1990-1999; 1991-1996; 1991-1999; 1994-2006; 1995-2006; 1996-1999; 1996-2013; 2000-2006; 2003-2006; 2003-2013,2109; Lada Samara I; Samara I,Hatchback; Sedan,H0; SD1,https://www.auto-data.net/en/lada-2108-1.3-65hp-13261;https://www.auto-data.net/en/lada-2109-1.3-64hp-13272;https://www.auto-data.net/en/lada-21093-1.5-72hp-13271;https://www.auto-data.net/en/lada-21093-20-generation-2831;https://www.auto-data.net/en/lada-21099-20-generation-2832;https://www.auto-data.net/en/lada-21099-generation-2833;https://www.auto-data.net/en/lada-2114-1.6-i-8v-81hp-13273,pending,,2026-09-16T14:21:31+00:00
c2e7be5392604e517c24,EU,Land Rover,Defender station wagon,25,1990-1994; 1990-1998; 1993-2000; 1998-2016; 2006-2016; 2007-2016; 2011-2016; 2015-2016; 2019-2026; 2020-2026; 2021-2026; 2022-2026; 2023-2026; 2024-2026,Defender; Defender I; Defender II; Defender II 110; Defender II 110 OCTA; Defender II 130; Defender II 90; Defender L316; Defender L663; Land Rover Defender L663,SUV; Wagon,SD1; SU1,https://autos.yahoo.com.tw/new-cars/trim/land-rover-defender-2025-110-v8-octa-edition-one/spec;https://jlrnewsroom.media/wp-content/uploads/2019/09/20MY-Defender-Tech-Spec-110.pdf;https://jlrnewsroom.media/wp-content/uploads/2021/02/LR_DEF_110_TECH_DATA_22MY_250221.pdf;https://jlrnewsroom.media/wp-content/uploads/2021/02/LR_DEF_90_TECH_DATA_22MY_250221.pdf;https://vehiclescore.co.uk/car-dimensions-check/land%20rover/defender;https://www.automobile-catalog.com/car/1990/1394720/land-rover_defender_110_station_wagon_diesel.html;https://www.automobile-catalog.com/car/1990/1394990/land-rover_defender_90_station_wagon_diesel.html;https://www.automobile-catalog.com/car/1997/1395890/land-rover_defender_110_station_wagon_300tdi.html,pending,,2026-09-16T14:21:31+00:00
7e6b5e3d3aa5397cf2c4,EU;RU,Mazda,2,25,2003-2005; 2003-2007; 2005-2007; 2007-2010; 2007-2015; 2008-2015; 2010-2014; 2010-2015; 2011-2014; 2011-2015; 2014-2019; 2014-2026; 2015-2026; 2019-2023; 2019-2026; 2021-2026; 2022-2026; 2023-2026,I; I (DY); I (DY) Рестайлинг; II; II (DE); II Рестайлинг (DE2); III; III (DJ); III (DJ) Рестайлинг; III (DJ) Рестайлинг 2; IV; IV (XP21); Mazda2 II; Mazda2 II (DE); Mazda2 II facelift; Mazda2 II pre-facelift; Mazda2 III Facelift,Hatchback; Hatchback 3-door; Hatchback 5-door; Sedan,H0; SD1,https://auto.ru/catalog/cars/mazda/2/;https://auto.ru/catalog/cars/mazda/2/specifications/;https://uk.cdn.mazda.media/c6bcf7e1072a457780b0ff1e9379bfc0/8445b5bc950340dd9b0c7e2021c9fec5.pdf;https://www.auto-data.net/en/mazda-2-i-dy-generation-2426;https://www.auto-data.net/en/mazda-2-ii-de-1.3i-75hp-11446;https://www.auto-data.net/en/mazda-2-ii-de-facelift-2010-1.3i-75hp-17493;https://www.auto-data.net/en/mazda-2-ii-de-facelift-2010-1.3i-84hp-17494;https://www.auto-data.net/en/mazda-2-iii-dj-1.5-skyactiv-g-115hp-22025,pending,,2026-09-16T14:21:31+00:00
8521a0670546f5d7e84c,RU,Mitsubishi,Lancer,25,1973-1985; 1979-1987; 1982-1984; 1983-1992; 1988-1994; 1991-2001; 1995-2000; 2000-2007; 2005-2010; 2007-2010; 2011-2015; 2015-2017,I; II; III; IV; IX; IX Рестайлинг; V; VI; VII; X; X Рестайлинг; X Рестайлинг 2,Coupe; Hatchback 3-door; Hatchback 5-door; Sedan; Wagon 5-door,H0; H2; SD0; SD1,https://auto.ru/catalog/cars/mitsubishi/lancer/;https://auto.ru/catalog/cars/mitsubishi/lancer/specifications/,pending,,2026-09-16T14:21:31+00:00
abed2adfab863962a42a,EU;RU,Nissan,Note,25,2005-2008; 2006-2012; 2006-2013; 2008-2012; 2008-2013; 2010-2012; 2012-2016; 2012-2026; 2013-2016; 2015-2016; 2016-2020; 2020-2023; 2023-2026,I; I Рестайлинг; II; II Рестайлинг; III; III Рестайлинг; Note E11; Note E11 Facelift; Note E11 Pre-Facelift; Note E11 facelift,Hatchback 5-door; MPV; SUV,H0; SU1,https://auto.ru/catalog/cars/nissan/note/;https://auto.ru/catalog/cars/nissan/note/specifications/;https://www.auto-data.net/en/nissan-note-i-e11-facelift-2010-1.5-dci-90hp-17019;https://www.auto-data.net/en/nissan-note-i-e11-facelift-2010-generation-3810;https://www.auto-data.net/en/nissan-note-i-e11-generation-251;https://www.auto-data.net/en/nissan-note-ii-e12-generation-4161,pending,,2026-09-16T14:21:31+00:00
b801f74343512e13cb8f,EU,Renault Trucks,Mascott,25,1999-2001; 1999-2004; 2001-2004; 2004-2010; 2004-2013,Mascott Phase I; Mascott Phase II; Renault Mascott Phase II,Chassis Cab; Van,P0; SU1,https://autogidas.lt/en/auto-katalogas/renault/mascott/140.35-2001-2001-k44586;https://fr.wikipedia.org/wiki/Renault_Mascott;https://katalogus.hasznaltauto.hu/renault/mascott_2.8_td_150.35_3.630_mm_e3/66208;https://katalogus.hasznaltauto.hu/renault/mascott_2.8_td_pr._140.55_4.130_mm/66207;https://katalogus.hasznaltauto.hu/renault/mascott_3.0_td_160.35_3.630_mm/66220;https://katalogus.hasznaltauto.hu/renault/mascott_3.0_td_160.35_4.130_mm/66221;https://katalogus.hasznaltauto.hu/renault/mascott_3.0_td_160.55_3.630_mm/66222;https://www.autoscout24.it/auto/renault/renault-mascott/,pending,,2026-09-16T14:21:31+00:00
a006bfa3489f0289e40c,EU;RU,Smart,Fortwo,25,1998-2004; 2003-2007; 2004-2007; 2007-2015; 2007-2026; 2008-2026; 2009-2011; 2009-2026; 2010-2012; 2010-2026; 2011-2012; 2013-2026; 2014-2024; 2014-2026; 2015-2026; 2016-2026; 2017-2026,Fortwo I; Fortwo II; Fortwo II (451); Fortwo III Cabrio; I; I Рестайлинг; II; III,Convertible; Coupe; Hatchback 3-door; Roadster,H0; SD0,https://auto.ru/catalog/cars/smart/fortwo/;https://auto.ru/catalog/cars/smart/fortwo/specifications/;https://manuals.plus/m/6fac10729c057a642579716f82884368eb1a31c20d0e3a920c3ac7df599df96c.pdf;https://www.auto-data.net/en/smart-fortwo-coupe-c450-0.7-i-61hp-14877;https://www.auto-data.net/en/smart-fortwo-ii-coupe-c451-1.0i-61hp-14863;https://www.auto-data.net/en/smart-fortwo-iii-cabrio-a453-1.0-71hp-automatic-23818;https://www.auto-data.net/en/smart-fortwo-iii-cabrio-a453-17.6-kwh-82hp-electric-drive-32739;https://www.auto-data.net/en/smart-fortwo-iii-coupe-c453-0.9-90hp-24038,pending,,2026-09-16T14:21:31+00:00
5bb32623404d01e84c05,EU;RU,Cadillac,Deville,24,1958-1960; 1961-1964; 1965-1970; 1971-1976; 1976-1979; 1977-1984; 1978-1984; 1979-1982; 1985-1993; 1993-1995; 1993-1999; 1994-1999; 1996-1999; 1999-2004; 1999-2005,DeVille 1977–1984; DeVille 1994–1999; DeVille VII; DeVille VIII; I; II; III; IV; V; VI; VII; VIII,Convertible; Coupe; Sedan,SD0; SD1,https://auto.ru/catalog/cars/cadillac/de_ville/;https://auto.ru/catalog/cars/cadillac/de_ville/specifications/;https://www.automobile-catalog.com/make/cadillac/de_ville_1977-1984/de_ville_1977-1984_coupe/1979.html;https://www.automobile-catalog.com/make/cadillac/de_ville_1977-1984/de_ville_1977-1984_sedan/1977.html;https://www.edmunds.com/cadillac/deville/1996/features-specs/;https://www.edmunds.com/cadillac/deville/1997/features-specs/;https://www.edmunds.com/cadillac/deville/1998/sedan/features-specs/;https://www.edmunds.com/cadillac/deville/2000/features-specs/,pending,,2026-09-16T14:21:31+00:00
ca984c38044917c1b803,EU;RU,Dodge,Charger,24,1966-1967; 1968-1970; 1969-1970; 1971-1974; 1975-1978; 1982-1987; 2005-2010; 2006-2010; 2010-2014; 2010-2026; 2011-2026; 2014-2023; 2014-2026; 2020-2026; 2024-2026,Charger II; Charger VI; Charger VII; Charger VII facelift 2015; Charger VII facelift 2019; I; II; III; IV; V; VI (LX); VII (LD); VII (LD) Рестайлинг; VIII,Coupe; Fastback; Hatchback 3-door; Liftback; Sedan,H0; SD0; SD1,https://auto.ru/catalog/cars/dodge/charger/;https://auto.ru/catalog/cars/dodge/charger/specifications/;https://s3.amazonaws.com/chryslermedia.iconicweb.com/mediasite/specs/2006Charger_specs.pdf;https://www.auto-data.net/en/dodge-charger-vii-ld-facelift-2015-se-3.6-pentastar-v6-292hp-automatic-35143;https://www.auto-data.net/en/dodge-charger-vii-ld-facelift-2015-srt-hellcat-6.2-hemi-v8-707hp-automatic-35140;https://www.auto-data.net/en/dodge-charger-vii-ld-facelift-2019-srt-hellcat-redeye-6.2-v8-797hp-widebody-automatic-45690;https://www.auto-data.net/en/dodge-charger-vii-ld-facelift-2019-sxt-3.6-pentastar-v6-292hp-automatic-38967;https://www.auto-data.net/en/dodge-charger-vii-ld-se-3.6-296hp-automatic-2884,pending,,2026-09-16T14:21:31+00:00
7340f1d2b2f6fb86173d,EU;RU,Fiat,Palio,24,1996-2001; 1996-2004; 1997-2002; 1997-2004; 1999-2000; 2000-2003; 2001-2004; 2001-2012; 2001-2026; 2005-2026; 2011-2017,I; I Рестайлинг; II; Palio I; Palio I facelift 2004; Palio Weekend; Palio Weekend 178; Palio Weekend 178 Series I; Palio Weekend 178 Series II; Palio Weekend 178 Series III; Palio Weekend 178 Series IV,Hatchback; Hatchback 3-door; Hatchback 5-door; Wagon; Wagon 5-door,H0; H2; SD1,https://auto.ru/catalog/cars/fiat/palio/;https://auto.ru/catalog/cars/fiat/palio/specifications/;https://www.auto-data.net/en/fiat-palio-178-1.2-i-68hp-6854;https://www.auto-data.net/en/fiat-palio-weekend-178-1.2-16v-80hp-6839;https://www.auto-data.net/en/fiat-palio-weekend-178-1.9-jtd-80hp-6849;https://www.automobile-catalog.com/car/2000/723170/fiat_palio_weekend_75_el.html;https://www.automobile-catalog.com/car/2004/723305/fiat_palio_weekend_1_6_16v_active.html;https://www.automobile-catalog.com/car/2005/734810/fiat_palio_elx_1_4.html,pending,,2026-09-16T14:21:31+00:00
6260885b96ee9e82b51c,EU,Ford,Scorpio i,24,1985-1986; 1985-1989; 1985-1990; 1985-1992; 1986-1988; 1986-1994; 1987-1994; 1988-1992; 1988-1993; 1988-1994; 1989-1994; 1991-1994; 1992-1994; 1993-1994,Scorpio I,Hatchback; Sedan,H0; SD1,https://www.auto-data.net/en/ford-scorpio-i-gae-gge-generation-1788;https://www.auto-data.net/en/ford-scorpio-i-hatch-gge-2.4i-125hp-8174;https://www.auto-data.net/en/ford-scorpio-i-hatch-gge-generation-1789;https://www.autoevolution.com/cars/ford-scorpio-sedan-1990.html;https://www.automobile-catalog.com/car/1990/939605/ford_scorpio_4t__2_9i_ghia_cat.html,pending,,2026-09-16T14:21:31+00:00
065b1e8d81f5e2b6df94,EU,Iveco,Daily v,24,2011-2014,Daily V; Daily V NaturalPower,Chassis Cab; Van,P0; SU1,https://am.gmb.co.kr/page/product_pdf.php?articleId=1245404556&code=GC50020&countrie=EN;https://st.mascus.com/images/atts/1ad195_RIBALTABILE.pdf;https://tnc.iveco.pl/upload/public/dealer-tnc/Daily%202012/35C14G.pdf;https://tnc.iveco.pl/upload/public/dealer-tnc/Daily%202012/35S14G.pdf;https://tnc.iveco.pl/upload/public/dealer-tnc/Daily%202012/50C14G.pdf;https://tnc.iveco.pl/upload/public/dealer-tnc/Daily%202012/65C14G.pdf;https://tnc.iveco.pl/upload/public/dealer-tnc/Daily%202012/70C14G.pdf;https://www.carsguide.com.au/iveco/daily/car-dimensions/2012,pending,,2026-09-16T14:21:31+00:00
55556592f86fe25790d2,EU;RU,Lincoln,Continental,24,1939-1940; 1941-1941; 1946-1948; 1959-1960; 1961-1969; 1970-1979; 1980-1983; 1982-1987; 1988-1994; 1993-1994; 1994-1999; 1995-2002; 1998-2002; 2016-2020,Continental IX; I; I Рестайлинг; I Рестайлинг 2; III (Mark V); IV; IX; Town Car II; Town Car II Facelift; Town Car III; V; VI; VII; VIII; X,Convertible; Coupe; Sedan,SD0; SD1,https://auto.ru/catalog/cars/lincoln/continental/;https://auto.ru/catalog/cars/lincoln/continental/specifications/;https://www.auto-data.net/en/lincoln-continental-ix-generation-1799;https://www.edmunds.com/lincoln/continental/1998/features-specs/;https://www.edmunds.com/lincoln/town-car/1993/sedan/st-2837/features-specs/;https://www.edmunds.com/lincoln/town-car/1994/st-2834/features-specs/;https://www.edmunds.com/lincoln/town-car/1995/sedan/st-2827/features-specs/;https://www.edmunds.com/lincoln/town-car/1998/sedan/st-14253/features-specs/,pending,,2026-09-16T14:21:31+00:00
30cfbbe4e96e83ad98bc,EU,Mercedes-benz,170,24,1936-1950; 1946-1949; 1946-1950; 1949-1950; 1949-1951; 1949-1952; 1950-1952; 1951-1952; 1952-1953; 1953-1955,170 D; 170 DS; 170 Da; 170 S; 170 S-D; 170 V; 170 V / 170 Va; 170 Va; Mercedes-Benz 170 D W136 I; Mercedes-Benz 170 S W136 IV; Mercedes-Benz 170 S-D W136 VIII D; Mercedes-Benz 170 V W136 I,Chassis Cab; Convertible; Sedan; Van,P0; SD0; SD1; SU1,https://mercedes-benz-publicarchive.com/marsClassic/en/instance/ko/170-D-OTP.xhtml?oid=5201;https://mercedes-benz-publicarchive.com/marsClassic/en/instance/ko/170-DS.xhtml?oid=5076;https://mercedes-benz-publicarchive.com/marsClassic/en/instance/ko/170-Da-ambulance-Lueg-body.xhtml?oid=5212;https://mercedes-benz-publicarchive.com/marsClassic/en/instance/ko/170-Da-box-type-delivery-vehicle.xhtml?oid=5214;https://mercedes-benz-publicarchive.com/marsClassic/en/instance/ko/170-Da.xhtml?oid=5202;https://mercedes-benz-publicarchive.com/marsClassic/en/instance/ko/170-S-Cabriolet-A.xhtml?oid=5074;https://mercedes-benz-publicarchive.com/marsClassic/en/instance/ko/170-S-Cabriolet-B.xhtml?oid=5078;https://mercedes-benz-publicarchive.com/marsClassic/en/instance/ko/170-S-D-ambulance-Lueg-body.xhtml?oid=5085,pending,,2026-09-16T14:21:31+00:00
8d204ec4762ed4278899,EU;RU,Mitsubishi,Space wagon,24,1984-1988; 1984-1991; 1985-1991; 1986-1988; 1986-1991; 1988-1991; 1991-1998; 1992-1998; 1998-2004; 2000-2004,I; II; III; Space Wagon I; Space Wagon II; Space Wagon III,MPV,SU1; V0,https://auto.ru/catalog/cars/mitsubishi/space_wagon/;https://auto.ru/catalog/cars/mitsubishi/space_wagon/specifications/;https://www.auto-data.net/en/mitsubishi-space-wagon-ii-generation-3427;https://www.auto-data.net/en/mitsubishi-space-wagon-iii-2.0-i-16v-133hp-15589;https://www.automobile-catalog.com/car/1988/51665/mitsubishi_space_wagon_2_0_4wd.html;https://www.automobile-catalog.com/car/1989/1928735/mitsubishi_space_wagon_2000_glxi_cat.html;https://www.automobile-catalog.com/car/1990/1928825/mitsubishi_space_wagon_2000_glxi_4wd.html;https://www.automobile-catalog.com/car/1991/1928780/mitsubishi_space_wagon_1800_td_glx.html,pending,,2026-09-16T14:21:31+00:00
442f802e85ddd01aaf52,EU;RU,Morris,Marina,24,1971-1975; 1971-1979; 1971-1980; 1975-1978; 1978-1980,Marina I; Marina II; Marina III; Marina Mk 1,Coupe; Sedan; Wagon; Wagon 5-door,H2; SD0; SD1,https://auto.ru/catalog/cars/morris/marina/;https://auto.ru/catalog/cars/morris/marina/specifications/;https://www.automobile-catalog.com/car/1971/2035130/morris_marina_1_3_super_de_luxe_coupe.html;https://www.automobile-catalog.com/car/1972/2035205/morris_marina_1_8_estate.html;https://www.automobile-catalog.com/car/1975/2035055/morris_marina_1_8_super_de_luxe_saloon_automatic.html;https://www.automobile-catalog.com/car/1975/2035070/morris_marina_1_8_tc_saloon.html;https://www.automobile-catalog.com/car/1975/2035250/morris_marina_2_1_3_super_4door.html;https://www.automobile-catalog.com/car/1975/2035280/morris_marina_2_1_8_special_4door.html,pending,,2026-09-16T14:21:31+00:00
177cbd6c4b422f397d6f,EU,Opel,Astra g,24,1998-2000; 1998-2004; 1998-2005; 1999-2000; 1999-2005; 2000-2000; 2000-2001; 2000-2005; 2001-2005; 2002-2005; 2002-2009; 2003-2004; 2003-2005; 2003-2009; 2004-2004; 2007-2009,Astra G,Convertible; Coupe; Sedan; Van; Wagon,SD0; SD1; SU1,https://dixi-car.pl/doc/opel-astra-classic-dane.pdf;https://www.auto-data.net/en/opel-astra-g-cabrio-1.6-16v-101hp-2408;https://www.auto-data.net/en/opel-astra-g-caravan-1.6-75hp-2416;https://www.auto-data.net/en/opel-astra-g-caravan-1.6-ecotec-16v-101hp-2417;https://www.auto-data.net/en/opel-astra-g-classic-1.4-ecotec-16v-90hp-2393;https://www.auto-data.net/en/opel-astra-g-classic-1.6-75hp-automatic-16924;https://www.auto-data.net/en/opel-astra-g-coupe-1.6-twinport-16v-103hp-2448;https://www.automobile-catalog.com/car/2000/2519465/opel_astra_coupe_2_2_16v.html,pending,,2026-09-16T14:21:31+00:00
8e686f91953a8bec94b7,EU,Opel,Astra h,24,2004-2004; 2004-2007; 2004-2010; 2004-2012; 2005-2010; 2005-2012; 2006-2009; 2006-2010; 2007-2009; 2007-2010; 2007-2014; 2008-2010; 2009-2010,Astra H; H; Opel Astra H,Hatchback; Sedan; Wagon,H0; SD1,https://autocatalogarchive.com/wp-content/uploads/2022/12/Vauxhall-Astra-2005-UK.pdf;https://www.auto-data.net/en/opel-astra-h-caravan-facelift-2007-1.7-cdti-ecotec-125hp-16955;https://www.auto-data.net/en/opel-astra-h-caravan-facelift-2007-generation-9251;https://www.auto-data.net/en/opel-astra-h-generation-547;https://www.auto-data.net/en/opel-astra-h-gtc-2.0i-16v-turbo-opc-240hp-2385;https://www.auto-data.net/en/opel-astra-h-sedan-1.6i-16v-115hp-2340;https://www.auto-data.net/en/opel-astra-h-sedan-1.7-cdti-110hp-16952;https://www.automobile-catalog.com/car/2006/2526785/opel_astra_1_8.html,pending,,2026-09-16T14:21:31+00:00
06f93e5d23389a5cebbf,EU;RU,Renault,Rapid,24,1985-1991; 1985-1995; 1986-1991; 1986-1992; 1986-1998; 1987-1991; 1988-1998; 1991-1993; 1991-1997; 1991-1998; 1994-1998; 1995-1997,Rapid I; Rapid Phase II/III; Renault Rapid Phase I; Renault Rapid Phase II–III,MPV; Van,SU1; V0,https://auto.ru/catalog/cars/renault/rapid/;https://auto.ru/catalog/cars/renault/rapid/25004691/25004702/specifications/;https://auto.ru/catalog/cars/renault/rapid/specifications/;https://automobilisto.de/ro/catalog/renault/express/12400/18377;https://automobilisto.de/ro/catalog/renault/express/12402/18381;https://www.automobile-catalog.com/car/1986/52490/renault_express_1_1.html;https://www.automobile-catalog.com/car/1987/52490/renault_express_1_1.html;https://www.automobile-catalog.com/car/1991/2943980/renault_rapid_combi_1_4_catalyst.html,pending,,2026-09-16T14:21:31+00:00
5353fb16f40699b5ae98,EU;RU,Skoda,Rapid,24,1983-1990; 1984-1990; 1985-1988; 1987-1991; 2012-2015; 2012-2017; 2012-2019; 2013-2015; 2015-2019; 2015-2022; 2017-2019; 2017-2020; 2020-2023,Garde/Rapid; I; I Рестайлинг; II; Rapid I; Škoda Rapid 130; Škoda Rapid 743,Coupe; Hatchback; Liftback; Sedan; Wagon 5-door,H0; H2; SD0; SD1,https://auto.ru/catalog/cars/skoda/rapid/;https://auto.ru/catalog/cars/skoda/rapid/specifications/;https://cdn.skoda-storyboard.com/2016/05/TD-RAPID-SPACEBACK-en-1.pdf;https://cdn.skoda-storyboard.com/2016/05/TD-RAPID-en.pdf;https://www.automobile-catalog.com/car/1984/3131615/skoda_rapid_120.html;https://www.automobile-catalog.com/car/1985/52625/skoda_rapid_130.html,pending,,2026-09-16T14:21:31+00:00
ac94121ec59e204af551,RU,Audi,A6,23,1994-1997; 1997-2001; 2001-2005; 2004-2008; 2008-2011; 2011-2014; 2014-2018; 2018-2023; 2022-2025; 2025-2026,I (C4); II (C5); II (C5) Рестайлинг; III (C6); III (C6) Рестайлинг; IV (C7); IV (C7) Рестайлинг; V (C8); V (C8) Рестайлинг; VI (C9),Sedan; Wagon 5-door,H2; SD1,https://auto.ru/catalog/cars/audi/a6/;https://auto.ru/catalog/cars/audi/a6/specifications/,pending,,2026-09-16T14:21:31+00:00
05b863a9c3ca0b0261c3,EU,Buick,Century,23,1977-1981; 1978-1979; 1981-1983; 1981-1986; 1983-1986; 1985-1988; 1986-1988; 1986-1989; 1986-1990; 1986-1991; 1991-1996; 1993-1996,Buick Century IV; Century 1978-1981; Century IV,Coupe; Sedan; Wagon,SD0; SD1,https://www.automobile-catalog.com/car/1978/178970/buick_century_custom_station_wagon_3_8l_v-6_automatic.html;https://www.automobile-catalog.com/car/1979/179855/buick_century_limited_sedan_4_9l_v-8_automatic.html;https://www.automobile-catalog.com/car/1979/180305/buick_century_special_station_wagon_3_8l_v-6_automatic.html;https://www.automobile-catalog.com/car/1981/181940/buick_century_station_wagon_3_8l_v-6_automatic.html;https://www.automobile-catalog.com/car/1984/314255/buick_century_limited_sedan_2_5l.html;https://www.automobile-catalog.com/car/1984/314570/buick_century_custom_wagon_3_0l_v-6.html;https://www.automobile-catalog.com/car/1986/315200/buick_century_custom_coupe_3_8l_v-6.html;https://www.automobile-catalog.com/car/1988/1490375/buick_century_limited_sedan_2_8l_v-6.html,pending,,2026-09-16T14:21:31+00:00
035f27c22b279a73c442,EU,Citroën,Jumpy i,23,1995-1998; 1995-2000; 1996-2003; 1998-2003; 1998-2006; 1999-2006; 2000-2006; 2001-2006; 2002-2006; 2003-2006,Jumpy I; Jumpy I Dispatch; Jumpy I Facelift; Jumpy I facelift; Jumpy I facelift 2004; Jumpy I pre-facelift,Bus; Chassis Cab; MPV; Van,P0; SU1,https://www.auto-data.net/en/citroen-jumpy-i-1.9d-71hp-45744;https://www.auto-data.net/en/citroen-jumpy-i-1.9td-90hp-46343;https://www.auto-data.net/en/citroen-jumpy-i-combi-1.9td-92hp-9-seat-45742;https://www.auto-data.net/en/citroen-jumpy-model-1980;https://www.auto-selection.com/fiche-technique/citroen/jumpy-plancb/2002/court-230c-hdi110-3426;https://www.auto-selection.com/fiche-technique/citroen/jumpy-plancb/2002/long-230l-hdi110-3433;https://www.autodata1.com/en/car/citroen/jumpy/jumpy-i-facelift-2004-20-hdi-109-hp;https://www.carmanualsonline.info/peugeot-expert-2003-5-manual-del-propietario-in-spanish/12,pending,,2026-09-16T14:21:31+00:00
df5ca65af087f99ad07a,EU,Citroën,Saxo,23,1996-1998; 1996-2001; 1996-2003; 1996-2004; 1998-2003; 1999-2001; 2000-2003; 2001-2003; 2001-2004,Saxo Phase I; Saxo Phase II,Hatchback; Van,H0; SU1,https://www.auto-data.net/en/citroen-saxo-model-1697;https://www.auto-data.net/en/citroen-saxo-phase-i-1996-3-door-12-kwh-27hp-46431;https://www.auto-data.net/en/citroen-saxo-phase-i-1996-3-door-generation-3339;https://www.auto-data.net/en/citroen-saxo-phase-ii-1999-3-door-1.5-d-57hp-44815;https://www.auto-data.net/en/citroen-saxo-phase-ii-1999-3-door-1.6-98hp-15206,pending,,2026-09-16T14:21:31+00:00
b407c7547e34b1dfd619,EU,Citroën,Zx,23,1991-1993; 1991-1997; 1992-1994; 1992-1997; 1993-1997; 1993-1999; 1994-1997; 1996-1997; 1996-1998,ZX N2; ZX N2 Phase I; ZX Phase I; ZX Phase II,Hatchback; Wagon,H0; SD1,https://www.auto-data.net/en/citroen-zx-break-n2-phase-i-1.9-d-71hp-15230;https://www.auto-data.net/en/citroen-zx-break-n2-phase-ii-1.9-d-71hp-15231;https://www.auto-data.net/en/citroen-zx-n2-phase-i-3-door-generation-9038;https://www.auto-data.net/en/citroen-zx-n2-phase-i-5-door-generation-3340;https://www.auto-data.net/en/citroen-zx-n2-phase-ii-3-door-1.4-i-75hp-46680;https://www.auto-data.net/en/citroen-zx-n2-phase-ii-3-door-generation-9053;https://www.auto-data.net/en/citroen-zx-n2-phase-ii-5-door-1.4-i-75hp-46674;https://www.auto-data.net/en/citroen-zx-n2-phase-ii-5-door-generation-9034,pending,,2026-09-16T14:21:31+00:00
82523778ecfec6b12018,EU;RU,Daewoo,Nubira,23,1997-1999; 1997-2000; 1997-2026; 1999-2003; 2000-2026; 2002-2003; 2003-2005; 2003-2026,Daewoo Nubira J100; Daewoo Nubira J150; I; II; III; Nubira I; Nubira I Phase I; Nubira I Phase II; Nubira II; Nubira III,Hatchback; Hatchback 5-door; Sedan; Wagon; Wagon 5-door,H0; H2; SD1,https://auto.ru/catalog/cars/daewoo/nubira/;https://auto.ru/catalog/cars/daewoo/nubira/specifications/;https://www.auto-data.net/en/chevrolet-nubira-station-wagon-1.6-i-16v-109hp-14357;https://www.auto-data.net/en/daewoo-nubira-hatchback-ii-2.0-133hp-16328;https://www.auto-data.net/en/daewoo-nubira-hatchback-ii-2.0-i-16v-cdx-126hp-16329;https://www.auto-data.net/en/daewoo-nubira-hatchback-klaj-1.6-i-16v-106hp-16335;https://www.auto-data.net/en/daewoo-nubira-iii-1.6-i-16v-110hp-16323;https://www.autoevolution.com/cars/daewoo-nubira-hatchback-2000.html,pending,,2026-09-16T14:21:31+00:00
368079f6483c8798da16,EU;RU,Fiat,131,23,1974-1981; 1974-1982; 1974-1985; 1975-1978; 1975-1982; 1976-1980; 1976-1984; 1978-1980; 1978-1981; 1978-1984; 1978-1987; 1979-1981; 1979-1982; 1979-1984; 1980-1984; 1981-1983; 1981-1984,131 Panorama; 131 Series 1 Mirafiori; 131 Series 2 Mirafiori; 131 Series 2 Racing; 131 Series 2 Supermirafiori; 131 Series 3; 131 Series 3 Mirafiori CL; 131 Series 3 Supermirafiori; Abarth Rally; Fiat 131 S1; Fiat 131 Series 2; Fiat 131 Series 3; Series I; Series II; Series II/III; Series III,Sedan; Wagon; Wagon 5-door,H2; SD1,https://auto.ru/catalog/cars/fiat/131/;https://auto.ru/catalog/cars/fiat/131/specifications/;https://www.auto-data.net/en/fiat-131-1.4-mirafiori-70hp-7092;https://www.auto-data.net/en/fiat-131-2.0-racing-115hp-7100;https://www.auto-data.net/en/fiat-131-familiare-panorama-1.6-mirafiori-85hp-7106;https://www.autoevolution.com/cars/fiat-131-mirafiori-4-doors-1978.html;https://www.automobile-catalog.com/car/1975/712355/fiat_131_mirafiori_familiare_1600.html;https://www.automobile-catalog.com/car/1979/2067470/fiat_131_mirafiori_l_1300_2_porte.html,pending,,2026-09-16T14:21:31+00:00
0736f74eda6218517cd2,EU;RU,Ford,C-Max,23,2003-2007; 2007-2010; 2008-2010; 2009-2010; 2010-2015; 2010-2019; 2011-2019; 2012-2019; 2015-2019; 2018-2019,C-MAX I facelift; C-MAX II Energi; C-MAX II facelift; C-MAX II pre-facelift; C-Max I facelift; Ford C-Max II; Ford C-Max II pre-facelift; I; I Рестайлинг; II; II Рестайлинг,MPV,SU1; V0,https://auto.ru/catalog/cars/ford/c_max/;https://auto.ru/catalog/cars/ford/c_max/specifications/;https://www.auto-data.net/en/ford-c-max-ii-1.6-duratec-ti-vct-125hp-19845;https://www.auto-data.net/en/ford-c-max-ii-2.0-duratorq-tdci-140hp-dpf-19811;https://www.auto-data.net/en/ford-c-max-ii-facelift-2015-1.6-tdci-115hp-21454;https://www.automobile-catalog.com/car/2015/1596710/ford_c-max_energi.html;https://www.ford.co.uk/content/dam/guxeu/uk/documents/brochures/cars/BRO-New_Grand_CMAX.pdf;https://xr793.com/wp-content/uploads/2022/09/2010-Ford-C-MAX-UK.pdf,pending,,2026-09-16T14:21:31+00:00
eb22b57fbcda4de1ba47,EU;RU,Isuzu,Gemini,23,1974-1987; 1985-1987; 1985-1990; 1988-1989; 1988-1990; 1990-1993; 1993-1996; 1997-2000,Gemini II; Gemini III; I; II; III; IV; V,Coupe; Hatchback; Hatchback 3-door; Sedan,H0; SD0; SD1,https://auto.ru/catalog/cars/isuzu/gemini/;https://auto.ru/catalog/cars/isuzu/gemini/specifications/;https://carfromjapan.com/specifications/isuzu/gemini/5819751b2afaa2c4b2878639;https://sbimotor.com/cars/ISUZU/GEMINI/856784609;https://www.auto-data.net/en/isuzu-gemini-jt-1.7-td-88hp-automatic-24443;https://www.automobile-catalog.com/car/1986/1258055/isuzu_ff_gemini_cc_3door_hatchback.html;https://www.automobile-catalog.com/car/1987/56345/isuzu_gemini_1_5_ls_hatchback_cat.html;https://www.automobile-catalog.com/car/1988/1259030/isuzu_gemini_gti_16v_hatchback.html,pending,,2026-09-16T14:21:31+00:00
4a518e894e37b0b01c51,EU;RU,KIA,Optima,23,2000-2002; 2002-2005; 2005-2008; 2008-2010; 2010-2013; 2012-2015; 2013-2015; 2015-2018; 2015-2019; 2016-2018; 2016-2019; 2017-2019; 2018-2019; 2018-2020,I; I Рестайлинг; II; II Рестайлинг; III; III Рестайлинг; IV; IV Рестайлинг; Optima III; Optima IV; Optima JF,Sedan; Wagon; Wagon 5-door,H2; SD1,https://auto.ru/catalog/cars/kia/optima/;https://auto.ru/catalog/cars/kia/optima/specifications/;https://press.kia.com/content/dam/kiapress/IT/Downloadable-files/Kia-Optima-Sportswagon.docx;https://prod2-press.kia.com/eu/en/home/models/optima-sportswagon/optima-sportswagon.html;https://www.auto-data.net/en/kia-optima-iv-2.0-gdi-205hp-plug-in-hybrid-automatic-31142;https://www.auto-data.net/en/kia-optima-iv-generation-4701;https://www.carmanualsonline.info/kia-optima-2012-3-g-owner-s-manual/?srch=length;https://www.kia.com/content/dam/kwcms/aw/en/pdf/Optima-brochure.pdf,pending,,2026-09-16T14:21:31+00:00
d2a9bfbe1dab9362378c,EU,Mazda,E,23,1978-1984; 1983-1991; 1984-1988; 1984-1994; 1985-1988; 1985-1989; 1987-1989; 1988-1989; 1988-1997; 1988-2003; 1989-1994; 1989-1995; 1991-1994; 1991-1998; 1991-2003; 1994-2003; 1997-1999; 1997-2002; 1997-2003; 1999-2004,E-Series III; E-Series III (SR1); E-Series III (SR2); E-Series SR1; E-series I; E-series II; E-series III,Bus; MPV; Pickup; Van,P0; SU1,https://www.carsales.com.au/research/mazda/e2000/1984/no-badge/93de3e5c-0072-421e-ae20-d515ce8b5a1e/;https://www.carsales.com.au/research/mazda/e2000/1997/no-badge/06a160c0-efe4-4461-83ed-a7290e0f5f55/;https://www.carsguide.com.au/mazda/e1600/car-dimensions/1978;https://www.carsguide.com.au/mazda/e2000/car-dimensions/1985;https://www.carsguide.com.au/mazda/e2000/car-dimensions/1988;https://www.carsguide.com.au/mazda/e2000/car-dimensions/1991;https://www.carsguide.com.au/mazda/e2200/car-dimensions/1985;https://www.carsguide.com.au/mazda/e2200/car-dimensions/1991,pending,,2026-09-16T14:21:31+00:00
02604c2e800069c3ebe8,EU,Mercedes-benz,123,23,1976-1979; 1976-1980; 1976-1981; 1976-1985; 1977-1979; 1977-1980; 1977-1985; 1979-1985; 1980-1985; 1981-1985,123 (W123); W123 C123,Coupe; Sedan,SD0; SD1,https://mercedes-benz-publicarchive.com/marsClassic/en/instance/ko/230-E.xhtml?oid=5098;https://mercedes-benz-publicarchive.com/marsClassic/en/instance/ko/240-D.xhtml?oid=5094;https://mercedes-benz-publicarchive.com/marsClassic/en/instance/ko/300-D-Turbodiesel.xhtml?oid=5103;https://www.auto-data.net/en/mercedes-benz-c123-generation-2728,pending,,2026-09-16T14:21:31+00:00
4c6353e8422687b59e38,RU,Mercedes-Benz,C-Класс AMG,23,1994-1997; 1997-2000; 2001-2005; 2004-2007; 2007-2011; 2011-2015; 2014-2018; 2018-2022; 2022-2026,I (W202); I (W202) Рестайлинг; II (W203); II (W203) Рестайлинг; III (W204); III (W204) Рестайлинг; IV (W205); IV (W205) Рестайлинг; V (W206),Convertible; Coupe; Hatchback 3-door; Sedan; Wagon 5-door,H0; H2; SD0; SD1,https://auto.ru/catalog/cars/mercedes/c_klasse_amg/;https://auto.ru/catalog/cars/mercedes/c_klasse_amg/specifications/,pending,,2026-09-16T14:21:31+00:00
95b4736a1a26cdf8d244,EU;RU,Nissan,Cherry,23,1970-1974; 1970-1978; 1974-1978; 1978-1981; 1978-1983; 1981-1982; 1981-1983; 1982-1986; 1982-1987; 1983-1986,Cherry I; Cherry N10 Phase I; Cherry N10 Phase II; Cherry N12; I (E10); II (F10); III (N10); IV (N12),Coupe; Hatchback; Hatchback 3-door; Hatchback 5-door; Sedan; Wagon; Wagon 3-door; Wagon 5-door,H0; H2; SD0; SD1,https://auto.ru/catalog/cars/nissan/cherry/;https://auto.ru/catalog/cars/nissan/cherry/specifications/;https://www.auto-data.net/en/nissan-cherry-n12-generation-95;https://www.automobile-catalog.com/car/1979/2105345/datsun_cherry_1_0_3door.html;https://www.automobile-catalog.com/car/1979/2105390/datsun_cherry_1_2_gl_coupe.html;https://www.automobile-catalog.com/car/1979/2105405/datsun_cherry_1_2_gl_wagon.html;https://www.automobile-catalog.com/car/1981/2105435/datsun_cherry_1_0_3door.html;https://www.automobile-catalog.com/car/1981/2105600/datsun_cherry_1_3_gl_5door_5-speed.html,pending,,2026-09-16T14:21:31+00:00
e5ded91c65163e1858e4,EU;RU,Peugeot,5008,23,2009-2013; 2009-2017; 2010-2017; 2012-2017; 2013-2016; 2013-2017; 2014-2017; 2015-2017; 2016-2019; 2016-2026; 2017-2020; 2018-2026; 2020-2026; 2023-2026; 2024-2026; 2025-2026; 2026-2026,5008 I; 5008 II Phase I; I; I Рестайлинг; II; II Рестайлинг; III; Peugeot 5008 I,MPV; SUV; SUV 5-door,SU1; V0,https://auto.ru/catalog/cars/peugeot/5008/;https://auto.ru/catalog/cars/peugeot/5008/specifications/;https://www.adac.de/rund-ums-fahrzeug/autokatalog/marken-modelle/peugeot/5008/2generation/268076/;https://www.auto-data.net/en/peugeot-5008-model-1953;https://www.automobile-catalog.com/car/2010/2625995/peugeot_5008_1_6_hdi_fap_112_110.html;https://www.automobile-catalog.com/car/2015/2626370/peugeot_5008_2_0_bluehdi_150.html;https://www.automobile-catalog.com/car/2018/2626490/peugeot_5008_gt_2_0_bluehdi_180_eat8.html;https://www.peugeot.co.uk/models/new-peugeot-5008/electric.html,pending,,2026-09-16T14:21:31+00:00
1921f05314ee58b599fe,RU,Plymouth,Fury,23,1959-1960; 1960-1961; 1962-1964; 1965-1968; 1969-1973; 1974-1974; 1975-1978,I; II; III; IV; V; VI; VII,Convertible; Coupe; Sedan; Wagon 5-door,H2; SD0; SD1,https://auto.ru/catalog/cars/plymouth/fury/;https://auto.ru/catalog/cars/plymouth/fury/specifications/,pending,,2026-09-16T14:21:31+00:00
34711efd5f91c48159aa,EU;RU,Renault,Logan,23,2004-2009; 2004-2026; 2006-2013; 2007-2013; 2007-2026; 2008-2015; 2009-2015; 2011-2015; 2012-2018; 2013-2026; 2018-2022,I; I Рестайлинг; II; II Рестайлинг; Logan I; Logan I MCV; Logan I MCV facelift; Logan I facelift; Logan II,Sedan; Wagon; Wagon 5-door,H2; SD1,https://auto.ru/catalog/cars/renault/logan/;https://auto.ru/catalog/cars/renault/logan/specifications/;https://www.auto-data.net/en/dacia-logan-i-1.5-dci-65hp-15892;https://www.auto-data.net/en/dacia-logan-i-facelift-2008-1.6-85hp-17992;https://www.auto-data.net/en/dacia-logan-i-facelift-2008-generation-3957;https://www.auto-data.net/en/dacia-logan-i-mcv-1.5-dci-68hp-7-seats-15884;https://www.auto-data.net/en/dacia-logan-i-mcv-1.5-dci-86hp-7-seats-17996;https://www.auto-data.net/en/dacia-logan-i-mcv-facelift-2008-1.5-dci-86hp-46174,pending,,2026-09-16T14:21:31+00:00
755a76fa7af16cae823e,EU,Renault Trucks,Messenger,23,1990-1999; 1991-1996; 1994-1996; 1996-1999,Messenger,Chassis Cab; Sattelschlepper; Van,P0; SU1,https://brochure-camion.com/en/product/23-0062-renault-vi-b110-4x4-military-data-sheet/;https://www.paruvendu.fr/fiches-techniques-utilitaire/renault-trucks/messenger/b120-35-2-5-tbo-d-8-cv-diesel/3058075/;https://www.paruvendu.fr/fiches-techniques-utilitaire/renault-trucks/messenger/b80-35-8-cv-diesel/3059423/;https://zoomcar.fr/fiche-technique-utilitaire/renault-trucks/messenger-chassis-cabine-messenger-chassis-cab-b120-35-2-5-tbo-d-NAT58074.html;https://zoomcar.fr/fiche-technique-utilitaire/renault-trucks/messenger-euro-2-fourgon-messenger-euro-2fgn-b110-35-4x4-NAT59420.html;https://zoomcar.fr/fiche-technique-utilitaire/renault-trucks/messenger-fourgon-b80-35-2-5-d-NAT58058.html,pending,,2026-09-16T14:21:31+00:00
83cc854a62dd524daee4,EU;RU,Suzuki,Jimny,23,1970-1981; 1981-1998; 1998-2005; 1998-2026; 2001-2026; 2003-2026; 2004-2026; 2005-2012; 2005-2026; 2012-2019; 2013-2026; 2014-2026; 2018-2026,I; II; III; III Рестайлинг 1; III Рестайлинг 2; IV; Jimny III; Jimny III Facelift; Jimny III facelift; Jimny IV,Convertible; SUV; SUV 3-door; SUV 5-door,SD0; SU1,https://auto.ru/catalog/cars/suzuki/jimny/;https://auto.ru/catalog/cars/suzuki/jimny/specifications/;https://autocatalogarchive.com/wp-content/uploads/2017/06/Suzuki-Jimny-2013-AU.pdf;https://www.auto-data.net/en/suzuki-jimny-cabrio-iii-1.3-16v-80hp-4wd-16460;https://www.auto-data.net/en/suzuki-jimny-iii-facelift-2005-generation-3835;https://www.auto-data.net/en/suzuki-jimny-iii-facelift-2012-generation-4518;https://www.auto-data.net/en/suzuki-jimny-iii-generation-3698;https://www.automobile-catalog.com/car/2007/3394025/suzuki_jimny_cabrio_1_3_4wd.html,pending,,2026-09-16T14:21:31+00:00
10358f256c59304dba45,EU;RU,Toyota,Auris,23,2006-2010; 2006-2012; 2007-2012; 2009-2012; 2010-2012; 2012-2015; 2012-2018; 2013-2015; 2013-2018; 2015-2018,Auris I; I; I Рестайлинг; II; II Рестайлинг,Hatchback; Hatchback 3-door; Hatchback 5-door; Wagon; Wagon 5-door,H0; H2; SD1,https://auto.ru/catalog/cars/toyota/auris/;https://auto.ru/catalog/cars/toyota/auris/specifications/;https://media.toyota.co.uk/wp-content/uploads/sites/5/pdf/Auris-1st-gen-launch-press-pack.pdf;https://www.auto-data.net/en/toyota-auris-model-421,pending,,2026-09-16T14:21:31+00:00
b6a9f488faad74d0eef5,EU;RU,Toyota,Tercel,23,1978-1982; 1979-1988; 1982-1986; 1982-1988; 1986-1990; 1990-1994; 1994-1997; 1997-1999,I (L10); II; II (L20); III (L30); IV (L40); Tercel I (L10); Tercel II (L20); Tercel II 4WD (L20); V (L50); V (L50) Рестайлинг,Coupe; Hatchback; Hatchback 3-door; Hatchback 5-door; Sedan; Wagon; Wagon 5-door,H0; H2; SD0; SD1,https://auto.ru/catalog/cars/toyota/tercel/;https://auto.ru/catalog/cars/toyota/tercel/specifications/;https://www.automobile-catalog.com/car/1979/45515/toyota_tercel_liftback_coupe.html;https://www.automobile-catalog.com/car/1981/3481670/toyota_tercel_liftback_coupe_5-speed.html;https://www.automobile-catalog.com/car/1982/29555/toyota_tercel_1_3.html;https://www.automobile-catalog.com/car/1983/25535/toyota_tercel_4wd.html;https://www.toyota-global.com/company/history_of_toyota/75years/vehicle_lineage/car/id60010722B/index.html,pending,,2026-09-16T14:21:31+00:00
ef9f568ab437e6462c0f,EU;RU,Volvo,940,23,1988-1998; 1990-1991; 1990-1993; 1990-1994; 1990-1995; 1991-1993; 1991-1995; 1992-1994; 1994-1995; 1994-1998; 1995-1998; 1996-1998,900 Series; 940; Volvo 940,Sedan; Wagon; Wagon 5-door,H2; SD1,https://auto.ru/catalog/cars/volvo/940/;https://auto.ru/catalog/cars/volvo/940/specifications/;https://volvo.drive.place/940/i/group_wagon_5/333970;https://www.auto-data.net/en/volvo-940-944-2.3i-131hp-9286;https://www.auto-data.net/en/volvo-940-model-921;https://www.autocentrum.pl/dane-techniczne/volvo/940/sedan/,pending,,2026-09-16T14:21:31+00:00
815db7a0b86a78ecdbe5,EU,VW,Golf plus v,23,2004-2008; 2005-2006; 2005-2007; 2005-2008; 2005-2009; 2005-2011; 2005-2013; 2006-2008; 2006-2013; 2007-2013; 2008-2013; 2009-2013; 2010-2013,Golf Plus I; Golf Plus V; Golf Plus V Facelift; Golf Plus VI; Golf Plus VI facelift; Golf V Plus; Golf VI Plus; Volkswagen Golf V Plus; Volkswagen Golf VI Plus,Hatchback; MPV,H0; SU1,https://volkswagen.manymanuals.com/cars/2005-golf-plus/service-manual-3890;https://www.auto-data.net/en/volkswagen-golf-v-plus-1.4-80hp-16801;https://www.auto-data.net/en/volkswagen-golf-v-plus-1.4-tsi-122hp-8651;https://www.auto-data.net/en/volkswagen-golf-v-plus-2.0-tdi-140hp-8658;https://www.auto-data.net/en/volkswagen-golf-v-plus-generation-1875;https://www.auto-data.net/en/volkswagen-golf-vi-plus-1.4-80hp-17901;https://www.auto-data.net/en/volkswagen-golf-vi-plus-1.4-tsi-122hp-17902;https://www.auto-data.net/en/volkswagen-golf-vi-plus-1.4-tsi-122hp-dsg-17903,pending,,2026-09-16T14:21:31+00:00
cd179f878d21124a6a9e,EU,VW,Golf vi,23,2008-2012; 2008-2013; 2009-2011; 2009-2012; 2009-2013; 2010-2012; 2010-2013; 2011-2012; 2011-2016; 2012-2016; 2013-2016,Golf VI; Golf VI (A6); Golf VI Cabriolet; Volkswagen Golf VI,Convertible; Hatchback,H0; SD0,https://www.auto-data.net/en/volkswagen-golf-vi-3-door-1.4-tsi-122hp-8595;https://www.auto-data.net/en/volkswagen-golf-vi-3-door-r-2.0-tsi-256hp-4motion-52636;https://www.auto-data.net/en/volkswagen-golf-vi-5-door-1.6-102hp-41256;https://www.auto-data.net/en/volkswagen-golf-vi-5-door-1.8-tsi-160hp-42837;https://www.auto-data.net/en/volkswagen-golf-vi-5-door-2.5-170hp-tiptronic-51975;https://www.auto-data.net/en/volkswagen-golf-vi-5-door-gti-2.0-tsi-210hp-dsg-41229;https://www.auto-data.net/en/volkswagen-golf-vi-5-door-r-2.0-tsi-270hp-4motion-dsg-41231;https://www.auto-data.net/en/volkswagen-golf-vi-cabriolet-1.2-tsi-105hp-20413,pending,,2026-09-16T14:21:31+00:00
de3add6884a471cd57bf,EU;RU,Alpina,B10,22,1984-1987; 1988-1992; 1988-1996; 1989-1993; 1993-1994; 1993-1995; 1993-1996; 1994-1994; 1994-1995; 1996-1998; 1997-1998; 1997-2004; 1998-2002; 1999-2003; 2002-2004,B10 E34; B10 E39; E28; E34; E39,Sedan; Wagon; Wagon 5-door,H2; SD1,https://auto.ru/catalog/cars/alpina/b10/;https://auto.ru/catalog/cars/alpina/b10/specifications/;https://www.auto-data.net/en/alpina-b10-e39-generation-431;https://www.auto-data.net/en/alpina-b10-touring-e34-generation-434;https://www.auto-data.net/en/alpina-b10-touring-e39-generation-432;https://www.ultimatespecs.com/car-specs/Alpina/M11356/E34-5-Series,pending,,2026-09-16T14:21:31+00:00
30b9fafab17e5a07a5f4,EU;RU,Fiat,Marea,22,1996-1999; 1996-2002; 1996-2003; 1998-2002; 1999-2001; 1999-2002; 1999-2003; 2000-2002; 2001-2002,Marea (185); Marea 185; Marea 185 facelift; Marea Weekend; Marea Weekend (185),Sedan; Wagon; Wagon 5-door,H2; SD1,https://auto.ru/catalog/cars/fiat/marea/;https://auto.ru/catalog/cars/fiat/marea/specifications/;https://www.auto-data.net/en/fiat-marea-185-1.8-i-16v-132hp-7196;https://www.auto-data.net/en/fiat-marea-weekend-185-1.6-100-16v-103hp-7208;https://www.auto-data.net/en/fiat-marea-weekend-185-2.4-td-125-125hp-7220;https://www.automobile-catalog.com/car/1996/721760/fiat_marea_1_4_12v_sx.html;https://www.automobile-catalog.com/car/1996/722105/fiat_marea_weekend_1_4_12v_sx.html;https://www.automobile-catalog.com/car/1997/722015/fiat_marea_weekend_td_75_sx.html,pending,,2026-09-16T14:21:31+00:00
35ecfb62da838900d92a,EU,Ford,Mondeo iv,22,2007-2014; 2007-2015; 2008-2010; 2008-2014; 2009-2015; 2010-2014; 2010-2015; 2011-2015,Ford Mondeo IV facelift; Mondeo IV; Mondeo IV Pre-Facelift; Mondeo IV facelift,Hatchback; Sedan,H0; SD1,https://www.automobile-catalog.com/car/2008/977255/ford_mondeo_5-dr_2_0_trend.html;https://www.automobile-catalog.com/car/2008/978695/ford_mondeo_4-dr_2_0_zetec.html;https://www.automobile-catalog.com/car/2011/1594460/ford_mondeo_5-dr_2_0_ecoboost_240_ghia.html;https://www.automobile-catalog.com/car/2011/1594655/ford_mondeo_5-dr_1_6_ecoboost_160_trend.html;https://www.automobile-catalog.com/car/2011/1595075/ford_mondeo_5-dr_2_0_ecoboost_203_ghia.html;https://www.automobile-catalog.com/car/2011/1595495/ford_mondeo_5-dr_2_0_flexifuel_trend.html,pending,,2026-09-16T14:21:31+00:00
95ce487870e5f197b890,RU,Mazda,323,22,1977-1986; 1980-1985; 1985-1993; 1989-1995; 1994-2000; 1998-2001; 2000-2003,I (FA); II (BD); III (BF); IV (BG); V (BA); VI (BJ); VI (BJ) Рестайлинг,Coupe; Hatchback 3-door; Hatchback 5-door; Sedan; Wagon 5-door,H0; H2; SD0; SD1,https://auto.ru/catalog/cars/mazda/323/;https://auto.ru/catalog/cars/mazda/323/specifications/,pending,,2026-09-16T14:21:31+00:00
5de62c23f8242f2c5657,EU,Mercedes-benz,Mb,22,1988-1992; 1990-1994; 1990-1996,MB 100 W631; MB100 W631,Bus; Pickup; Van,P0; SU1,https://archiv.mb100.de/index.php/Kutter-Ma%C3%9Fe;https://avto-magazin.metropolitan.si/media/upload/Test/mercedes-benz/mb-100-d-kombi-ii_1.pdf;https://mercedes-benz-publicarchive.com/marsClassic/de/instance/print/Presseinformation-September-1987.xhtml?ls=L2RlL2luc3RhbmNlL3BpY3R1cmUueGh0bWw_b2lkPTExMDI0OQ%21%21&oid=182624921&rs=1;https://www.automobile-catalog.com/car/1990/1529435/mercedes-benz_100_d_kombi_ii_8-passenger.html;https://www.automobile-catalog.com/car/1992/1529420/mercedes-benz_100_d_kombi_ii_long_9-passenger.html;https://www.automobile-catalog.com/car/1993/1529375/mercedes-benz_100_d_kombi_ii_8-passenger.html;https://www.dauto.ch/typenscheine/mercedes-benz-mb100-d-3m5145-vsa63134013-x;https://www.drom.ru/catalog/lcv/mercedes-benz/mb100/specs/dimensions/,pending,,2026-09-16T14:21:31+00:00
e2e2be043629ac3894e7,EU;RU,Peugeot,104,22,1972-1979; 1972-1988; 1973-1979; 1973-1983; 1975-1980; 1976-1982; 1978-1979; 1979-1983; 1979-1984; 1979-1988; 1980-1988; 1983-1988,104; 104 Z; 104 Z Coupe 1978 facelift; 104 Z Coupe 1980 facelift; 104 Z Coupe early; 104 ZS Coupe 1978 facelift; 104 ZS Coupe 1980 facelift; 104 ZS Coupe early; 104 early Berline; 104 facelift; 104 five-door,Coupe; Hatchback; Hatchback 3-door; Hatchback 5-door; Sedan,H0; SD0; SD1,https://auto.ru/catalog/cars/peugeot/104/;https://auto.ru/catalog/cars/peugeot/104/specifications/;https://www.automobile-catalog.com/car/1973/24365/peugeot_104_l.html;https://www.automobile-catalog.com/car/1974/2566595/peugeot_104_coupe.html;https://www.automobile-catalog.com/car/1975/2566430/peugeot_104_coupe.html;https://www.automobile-catalog.com/car/1977/2566505/peugeot_104_gl.html;https://www.automobile-catalog.com/car/1979/2566775/peugeot_104_zl.html;https://www.automobile-catalog.com/car/1980/24590/peugeot_104_s.html,pending,,2026-09-16T14:21:31+00:00
6ea45be1847cc22a4f88,EU,Peugeot,205 i,22,1983-1987; 1984-1987; 1985-1987; 1986-1987; 1986-1988; 1986-1990; 1987-1987; 1987-1990; 1987-1994; 1988-1989; 1989-1993; 1989-1994; 1991-1994; 1992-1994,205 Cabriolet; 205 I; 205 I GTI; 205 I facelift,Convertible; Hatchback,H0; SD0,https://www.auto-data.net/en/peugeot-205-i-741a-c-3-door-1.4-60hp-46256;https://www.auto-data.net/en/peugeot-205-i-cabrio-741b-20d-generation-1276;https://www.automobile-catalog.com/car/1984/2574815/peugeot_205_xl_gl_1_1_5-sp.html;https://www.automobile-catalog.com/car/1985/2574920/peugeot_205_xld_gld_4-sp.html;https://www.automobile-catalog.com/car/1985/49025/peugeot_205_gti.html;https://www.automobile-catalog.com/car/1986/2575085/peugeot_205_automatic.html;https://www.automobile-catalog.com/car/1986/2575235/peugeot_205_xs.html;https://www.automobile-catalog.com/car/1987/2575205/peugeot_205_gti_115ch.html,pending,,2026-09-16T14:21:31+00:00
21a9fa1e4f942d8a1f6f,EU;RU,Peugeot,504,22,1968-1971; 1968-1996; 1971-1977; 1971-1983; 1971-1986; 1973-1986; 1974-1982; 1975-1983; 1975-1986; 1977-1984; 1979-1982; 1980-1987; 1980-1989; 1982-1984; 1987-1989,504; 504 Break; I,Convertible; Coupe; Pickup; Sedan; Wagon; Wagon 5-door,H2; P0; SD0; SD1,https://auto.ru/catalog/cars/peugeot/504/;https://auto.ru/catalog/cars/peugeot/504/specifications/;https://peugeot.drive.place/504/i/group_pickup_2dr/228489;https://www.autoevolution.com/cars/peugeot-504-cabriolet-1977.html;https://www.automobile-catalog.com/car/1971/2558090/peugeot_504_sedan.html;https://www.automobile-catalog.com/car/1974/2556605/peugeot_504_coupe.html;https://www.automobile-catalog.com/car/1979/2557640/peugeot_504.html;https://www.ultimatespecs.com/car-specs/Peugeot/M458/504-Break,pending,,2026-09-16T14:21:31+00:00
82511425b594ccea5c71,RU,SEAT,Ibiza,22,1984-1993; 1993-1999; 1999-2002; 2001-2008; 2006-2008; 2008-2012; 2012-2015; 2015-2017; 2017-2021; 2021-2026; 2025-2026,I; II; II Рестайлинг; III; III Рестайлинг; IV; IV Рестайлинг; IV Рестайлинг 2; V; V Рестайлинг; V Рестайлинг 2,Hatchback 3-door; Hatchback 5-door; Wagon 5-door,H0; H2,https://auto.ru/catalog/cars/seat/ibiza/;https://auto.ru/catalog/cars/seat/ibiza/specifications/,pending,,2026-09-16T14:21:31+00:00
baa1cf3cbefd19252ab4,EU;RU,Toyota,Starlet,22,1974-1978; 1976-1978; 1978-1982; 1978-1984; 1979-1982; 1982-1984; 1984-1989; 1985-1989; 1986-1989; 1989-1992; 1989-1996; 1989-1998; 1995-1999; 1996-1999,II; II (P60); III (P70); IV; IV (P80); Publica P30; Starlet I; Starlet II (P60); Starlet III (P70); Starlet IV (P80); Starlet V; V (P90),Coupe; Hatchback; Hatchback 3-door; Hatchback 5-door; Wagon,H0; SD0; SD1,https://auto.ru/catalog/cars/toyota/starlet/;https://auto.ru/catalog/cars/toyota/starlet/specifications/;https://www.auto-data.net/en/toyota-starlet-iv-1.3i-12v-82hp-automatic-28781;https://www.auto-data.net/en/toyota-starlet-iv-generation-811;https://www.auto-data.net/en/toyota-starlet-v-1.3i-16v-75hp-automatic-31885;https://www.automobile-catalog.com/car/1982/3479000/toyota_starlet_1_2.html;https://www.automobile-catalog.com/car/1985/3521570/toyota_starlet_1_0_dx_5-speed.html;https://www.carfolio.com/toyota-publica-1000-estate-54395,pending,,2026-09-16T14:21:31+00:00
bc161145bc1d2adf8041,RU,Vauxhall,Astra,22,1979-1984; 1984-1993; 1991-2001; 1998-2005; 2004-2010; 2009-2015,D; E; F; G; H; J,Convertible; Coupe; Hatchback 3-door; Hatchback 5-door; Sedan; Wagon 5-door,H0; H2; SD0; SD1,https://auto.ru/catalog/cars/vauxhall/astra/;https://auto.ru/catalog/cars/vauxhall/astra/specifications/,pending,,2026-09-16T14:21:31+00:00
15ce12bf1c316f98b452,EU;RU,Alfa Romeo,159,21,2005-2011; 2006-2011; 2007-2011; 2007-2012; 2008-2011; 2009-2011; 2009-2012; 2010-2011,159; 159 Sportwagon; Alfa Romeo 159 Sportwagon,Sedan; Wagon; Wagon 5-door,H2; SD1,https://allcarcentral.com/alfa_pdf/Alfa_Romeo_159_159_Sportwagon_2010_Technical_Specification.pdf;https://auto.ru/catalog/cars/alfa_romeo/159/;https://auto.ru/catalog/cars/alfa_romeo/159/specifications/;https://automotyw.com/katalog-samochodow/alfa-romeo/159/1/sportwagon;https://www.auto-data.net/en/alfa-romeo-159-1.9-jtdm-8v-120hp-1538;https://www.auto-data.net/en/alfa-romeo-159-2.4-jtdm-20v-210hp-42209;https://www.auto-data.net/en/alfa-romeo-159-2.4-jtdm-20v-210hp-q4-42210;https://www.auto-data.net/en/alfa-romeo-159-sportwagon-1.9-jtdm-16v-150hp-1528,pending,,2026-09-16T14:21:31+00:00
1e2a14a4443a2b5ca3dc,EU;RU,Alfa Romeo,Alfetta,21,1972-1987; 1974-1976; 1974-1982; 1975-1984; 1976-1982; 1977-1980; 1977-1984; 1978-1984; 1978-1986; 1979-1983; 1979-1984; 1983-1984,Alfetta GT/GTV; Alfetta GTV; Alfetta Series 1; Alfetta Series 2; Alfetta Series 3,Coupe; Sedan,SD0; SD1,https://auto.ru/catalog/cars/alfa_romeo/alfetta/;https://auto.ru/catalog/cars/alfa_romeo/alfetta/specifications/;https://www.automobile-catalog.com/car/1974/33335/alfa_romeo_alfetta_gt.html;https://www.automobile-catalog.com/car/1975/143615/alfa_romeo_alfetta_1_6.html;https://www.automobile-catalog.com/car/1976/144005/alfa_romeo_alfetta_gt_1_6.html;https://www.automobile-catalog.com/car/1976/144020/alfa_romeo_alfetta_gtv_2000.html;https://www.automobile-catalog.com/car/1979/44495/alfa_romeo_alfetta_1_6.html;https://www.automobile-catalog.com/car/1981/143720/alfa_romeo_alfetta_2_0_turbodiesel.html,pending,,2026-09-16T14:21:31+00:00
cccf1cedaf90ed91c5e0,RU,Audi,A4,21,1994-1999; 1999-2001; 2000-2006; 2004-2009; 2007-2012; 2011-2015; 2015-2020; 2019-2025,I (B5); I (B5) Рестайлинг; II (B6); III (B7); IV (B8); IV (B8) Рестайлинг; V (B9); V (B9) Рестайлинг,Convertible; Sedan; Wagon 5-door,H2; SD0; SD1,https://auto.ru/catalog/cars/audi/a4/;https://auto.ru/catalog/cars/audi/a4/specifications/,pending,,2026-09-16T14:21:31+00:00
e357fbf00f61be8be32e,EU;RU,Cadillac,Escalade,21,1998-2000; 1998-2006; 2000-2006; 2001-2006; 2003-2005; 2006-2014; 2010-2013; 2014-2020; 2020-2024; 2024-2026,Cadillac Escalade III; Escalade I; Escalade II; Escalade III; Escalade IQ I; Escalade IV; I; II; III; IV; V; V Рестайлинг,Pickup; SUV; SUV 5-door,P0; SU1,https://auto.ru/catalog/cars/cadillac/escalade/;https://auto.ru/catalog/cars/cadillac/escalade/specifications/;https://www.automobile-catalog.com/car/2012/1614005/cadillac_escalade_hybrid_4wd.html;https://www.cadillac.com/electric/escalade-iq/specs;https://www.edmunds.com/cadillac/escalade-hybrid/2011/suv/features-specs/;https://www.edmunds.com/cadillac/escalade-iq/2026/features-specs/;https://www.edmunds.com/cadillac/escalade/2000/suv/features-specs/;https://www.edmunds.com/cadillac/escalade/2003/features-specs/,pending,,2026-09-16T14:21:31+00:00
9a2b9e1453ef0c94c3de,EU;RU,Chevrolet,Impala,21,1958-1960; 1964-1970; 1970-1976; 1973-1974; 1975-1976; 1976-1978; 1993-1996; 1994-1996; 1999-2005; 1999-2006; 2006-2016; 2013-2020,II; IV; IX; Impala IV; Impala V; Impala VI; Impala VII; Impala VIII; V; VII; VIII; X,Convertible; Coupe; Sedan; Wagon 5-door,H2; SD0; SD1,https://auto.ru/catalog/cars/chevrolet/impala/;https://auto.ru/catalog/cars/chevrolet/impala/specifications/;https://news.chevrolet.com/content/dam/company/no_search/heritage-archive-docs/vehicle-information-kits/chevrolet/1994-Chevrolet-Impala.pdf;https://www.automobile-catalog.com/car/1974/116960/chevrolet_impala_custom_coupe_350-4_v-8_turbo-fire_hydra-matic.html;https://www.automobile-catalog.com/car/1976/207800/chevrolet_impala_4-door_sedan_350_v-8-2_turbo-fire_hydra-matic.html;https://www.automobile-catalog.com/car/1977/207935/chevrolet_impala_coupe_350-4_v-8_hydra-matic.html;https://www.automobile-catalog.com/car/1977/207965/chevrolet_impala_sedan_305_v-8_hydra-matic.html;https://www.automobile-catalog.com/car/1978/208175/chevrolet_impala_sport_coupe_305_v-8_automatic.html,pending,,2026-09-16T14:21:31+00:00
cdbdfda3d34a88dd6719,EU;RU,Chrysler,300c,21,2004-2008; 2004-2010; 2004-2011; 2004-2012; 2005-2010; 2005-2012; 2007-2010; 2007-2012; 2009-2010; 2010-2012; 2011-2015; 2011-2023; 2015-2023,300 Touring; 300C I; 300C II; 300C LX; I; II; II Рестайлинг,Sedan; Wagon; Wagon 5-door,H2; SD1,https://auto.ru/catalog/cars/chrysler/300c/;https://auto.ru/catalog/cars/chrysler/300c/specifications/;https://www.auto-data.net/en/chrysler-300-6.1-i-v8-16v-srt-8-425hp-14690;https://www.auto-data.net/en/chrysler-300-touring-5.7-i-v8-awd-340hp-14696;https://www.auto-data.net/en/chrysler-300-touring-6.1-i-v8-16v-srt-8-431hp-14697;https://www.automobile-catalog.com/car/2005/524225/chrysler_300c_2_7.html;https://www.automobile-catalog.com/car/2005/524330/chrysler_300c_touring_3_0_crd.html;https://www.automobile-catalog.com/car/2005/524435/chrysler_300c_touring_5_7_v8_hemi_awd.html,pending,,2026-09-16T14:21:31+00:00
2b18ace2d8883fc4ee2d,EU;RU,Dacia,Dokker,21,2012-2015; 2012-2017; 2012-2021; 2013-2015; 2015-2021; 2017-2021; 2018-2021; 2019-2021,Dacia Dokker I; Dokker I; Dokker facelift 2017; I; I Рестайлинг,MPV; Pickup; Van,P0; SU1; V0,https://auto.ru/catalog/cars/dacia/dokker/;https://auto.ru/catalog/cars/dacia/dokker/specifications/;https://daciaclubnederland.nl/storage/downloads/belgium/be-brochure-fr-dacia-dokker-2019-08.pdf;https://typenscheinschweiz.ch/typenschein/auto/3DC631;https://www.auto-data.net/en/dacia-dokker-model-1998;https://www.automobile-catalog.com/car/2017/2513900/dacia_dokker_tce_115.html;https://www.renault.ga/cars/DokkerVanF67Ph1/dimensions.html,pending,,2026-09-16T14:21:31+00:00
bef4f3178eae5fd6134e,EU;RU,Ford,S-Max,21,2006-2010; 2006-2014; 2007-2010; 2007-2014; 2008-2012; 2010-2014; 2010-2015; 2011-2014; 2015-2018; 2015-2019; 2015-2023; 2018-2023; 2019-2023; 2021-2023,Ford S-Max I facelift; I; I Рестайлинг; II; II Рестайлинг; S-MAX I; S-MAX II; S-Max I; S-Max I Facelift; S-Max I Pre-Facelift; S-Max II,MPV,SU1; V0,https://auto.ru/catalog/cars/ford/s_max/;https://auto.ru/catalog/cars/ford/s_max/specifications/;https://media.ford.com/content/dam/fordmedia/Europe/en/2021/02/S-MaxGalaxy/Ford_S-MAX-Hybrid_GALAXY-Hybrid_2021_TechSpecs_EU.pdf;https://www.auto-data.net/en/ford-s-max-2.0-tdci-140hp-8115;https://www.auto-data.net/en/ford-s-max-ii-2.0-ecoblue-190hp-s-s-34514;https://www.auto-data.net/en/ford-s-max-ii-facelift-2019-1.5-ecoboost-165hp-39276;https://www.automobile-catalog.com/car/2007/976685/ford_s-max_2_0_tdci_140_titanium_dpf.html;https://www.automobile-catalog.com/car/2013/1234955/ford_s-max_2_0_tdci_140_titanium.html,pending,,2026-09-16T14:21:31+00:00
0fdf68fc8b05bc96bf8a,EU;RU,Honda,City,21,1981-1986; 1986-1994; 1996-2002; 1997-1999; 1999-2003; 2002-2008; 2004-2008; 2005-2008; 2008-2013; 2008-2014; 2009-2014; 2013-2017; 2017-2023; 2019-2024; 2024-2026; 2026-2026,City III; City IV; City IV (GD); City V; City V facelift; I; II; III; IV; V; VI; VI Рестайлинг; VII; Vll Рестайлинг; Vll Рестайлинг 2,Hatchback 3-door; Hatchback 5-door; Sedan,H0; SD1,https://auto.ru/catalog/cars/honda/city/;https://auto.ru/catalog/cars/honda/city/specifications/;https://www.auto-data.net/en/honda-city-sedan-iii-1.5i-16v-105hp-12188;https://www.automobile-catalog.com/car/2000/1271420/honda_city_type-z.html;https://www.automobile-catalog.com/car/2002/1270775/honda_city_zx_1_5a_i-dsi.html;https://www.automobile-catalog.com/car/2004/1270745/honda_city_1_5v.html;https://www.automobile-catalog.com/car/2006/1143035/honda_city_1_4_i-dsi_ls_cvt.html;https://www.carexpert.co.nz/honda/honda-city/2009-e-1-5l-sedan-fwd-petrol-automatic-joskw85f20090715,pending,,2026-09-16T14:21:31+00:00
d999800322f1d87c1a03,RU,Hyundai,Elantra,21,1990-1995; 1995-2000; 2000-2003; 2003-2010; 2006-2011; 2010-2014; 2013-2016; 2015-2019; 2018-2020; 2020-2023; 2023-2026,"I (J1); II (J2, J3); III (XD); III (XD2) Рестайлинг; IV (HD); V (MD); V (MD) Рестайлинг; VI (AD); VI (AD) Рестайлинг; VII (CN7); VII (CN7) Рестайлинг",Coupe; Hatchback 5-door; Liftback; Sedan; Wagon 5-door,H0; H2; SD0; SD1,https://auto.ru/catalog/cars/hyundai/elantra/;https://auto.ru/catalog/cars/hyundai/elantra/specifications/,pending,,2026-09-16T14:21:31+00:00
b61115564b3bea6d69a8,RU,Kia,Rio,21,1999-2002; 2002-2005; 2005-2009; 2009-2011; 2011-2015; 2015-2017; 2017-2020; 2020-2022; 2020-2023,I; I Рестайлинг; II; II Рестайлинг; III; III Рестайлинг; IV; IV (Global market); IV Рестайлинг; IV Рестайлинг (Global market),Hatchback 5-door; Sedan; Wagon 5-door,H0; H2; SD1,https://auto.ru/catalog/cars/kia/rio/;https://auto.ru/catalog/cars/kia/rio/specifications/,pending,,2026-09-16T14:21:31+00:00
2d58d787cdf99ec65712,EU;RU,Renault,18,21,1978-1982; 1978-1986; 1979-1981; 1979-1982; 1979-1986; 1980-1982; 1980-1986; 1981-1986; 1982-1986; 1983-1986,18 Phase 2; 18 Phase I 4x4 Break; 18 Phase II Turbo Break; I; Renault 18 Break 1982 Update; Renault 18 Break Early; Renault 18 Break Phase II,Sedan; Wagon; Wagon 5-door,H2; SD1,https://auto.ru/catalog/cars/renault/18/;https://auto.ru/catalog/cars/renault/18/specifications/;https://www.automobile-catalog.com/car/1980/2930660/renault_18_break_tl.html;https://www.automobile-catalog.com/car/1982/2931020/renault_18_ts.html;https://www.automobile-catalog.com/car/1982/2931695/renault_18_break_tx_automatic.html;https://www.automobile-catalog.com/car/1983/2931830/renault_18_break_4x4_gtl.html;https://www.automobile-catalog.com/car/1984/2931830/renault_18_break_4x4_gtl.html;https://www.automobile-catalog.com/car/1984/2932295/renault_18_break_turbo_injection.html,pending,,2026-09-16T14:21:31+00:00
c92d5da4cfb3332ba5b0,EU,Renault,Modus / grand,21,2004-2007; 2004-2013; 2005-2007; 2005-2013; 2007-2013; 2008-2013; 2010-2013; 2011-2013,Grand Modus I; Grand Modus Phase II; Modus I; Modus I facelift; Modus I pre-facelift; Modus Phase I; Modus Phase II; Renault Grand Modus I Phase II; Renault Modus I Phase II,Hatchback; MPV,H0; SU1,https://autocatalogarchive.com/wp-content/uploads/2021/06/Renault-Modus-2011-UK.pdf;https://autocatalogarchive.com/wp-content/uploads/2025/02/Renault-Modus-2008-UK.pdf;https://www.auto-data.net/en/renault-grand-modus-phase-ii-2008-1.2-16v-75hp-29949;https://www.auto-data.net/en/renault-grand-modus-phase-ii-2008-1.2-tce-16v-100hp-29937;https://www.auto-data.net/en/renault-modus-1.2i-16v-75hp-10624;https://www.auto-data.net/en/renault-modus-1.5-dci-86hp-10627;https://www.auto-data.net/en/renault-modus-phase-ii-1.2-16v-75hp-29869;https://www.auto-data.net/en/renault-modus-phase-ii-1.2-tce-16v-100hp-29882,pending,,2026-09-16T14:21:31+00:00
b0c1dea622fe92db12b1,EU;RU,Skoda,Roomster,21,2006-2006; 2006-2007; 2006-2010; 2006-2015; 2007-2010; 2007-2015; 2009-2015; 2010-2015,I; I Рестайлинг; Roomster; Roomster I; Roomster I facelift; Roomster Praktik; Skoda Roomster I; Skoda Roomster I facelift,MPV; Van,SU1; V0,https://auto.ru/catalog/cars/skoda/roomster/;https://auto.ru/catalog/cars/skoda/roomster/specifications/;https://manualzz.com/doc/52177068/skoda-roomster--2007-05--owner-s-manual;https://www.auto-data.net/en/skoda-roomster-1.2-12v-64hp-14270;https://www.auto-data.net/en/skoda-roomster-facelift-2010-1.2-htp-70hp-19231;https://www.auto-data.net/en/skoda-roomster-facelift-2010-generation-4187;https://www.auto-data.net/en/skoda-roomster-model-1561;https://www.automobile-catalog.com/car/2006/3142835/skoda_roomster_1_4_tdi_pd_80.html,pending,,2026-09-16T14:21:31+00:00
1bca92e84055134d6ddb,RU,Volkswagen,Caddy,21,1979-1995; 1995-2004; 2004-2010; 2010-2015; 2015-2020; 2020-2026,I; II; III; III Рестайлинг; IV; V,MPV; Pickup; Van,P0; V0,https://auto.ru/catalog/cars/volkswagen/caddy/;https://auto.ru/catalog/cars/volkswagen/caddy/specifications/,pending,,2026-09-16T14:21:31+00:00
e33395ec7f70d9de05ff,RU,Buick,Special,20,1936-1949; 1949-1954; 1954-1955; 1956-1957; 1958-1958; 1961-1963; 1964-1967; 1968-1969,I; II; II Рестайлинг; II Рестайлинг 2; II Рестайлинг 3; III; IV; V,Convertible; Coupe; Sedan; Wagon 5-door,H2; SD0; SD1,https://auto.ru/catalog/cars/buick/special/;https://auto.ru/catalog/cars/buick/special/specifications/,pending,,2026-09-16T14:21:31+00:00
ebe784a2caf6af4e2645,EU;RU,Cadillac,Eldorado,20,1953-1953; 1954-1956; 1957-1959; 1960-1964; 1965-1966; 1967-1970; 1971-1978; 1974-1976; 1979-1985; 1980-1982; 1985-1987; 1986-1991; 1992-2002; 1993-2002; 1994-2002,Cadillac Eldorado XII; Eldorado IX; Eldorado X; Eldorado XI; Eldorado XII; I; II; III; IV; IX; V; VI; VII; VIII; X,Convertible; Coupe; Sedan,SD0; SD1,https://auto.ru/catalog/cars/cadillac/eldorado/;https://auto.ru/catalog/cars/cadillac/eldorado/specifications/;https://www.auto-data.net/en/cadillac-eldorado-x-4.1-v8-127hp-automatic-44410;https://www.auto-data.net/en/cadillac-eldorado-xii-generation-2483;https://www.automobile-catalog.com/make/cadillac/eldorado_1971-1978/eldorado_1971-1978_hardtop/1975.html;https://www.automobile-catalog.com/make/cadillac/eldorado_1986-1991/eldorado_1986-1991_coupe/1987.html;https://www.carfolio.com/cadillac-fleetwood-eldorado-convertible-518540;https://www.edmunds.com/cadillac/eldorado/1995/features-specs/,pending,,2026-09-16T14:21:31+00:00
f55b3906cee1ec7ddeab,EU;RU,Chrysler,Sebring,20,1994-2000; 1995-1996; 2000-2003; 2001-2007; 2003-2006; 2006-2010; 2007-2010,I; II; II Рестайлинг; III; Sebring I; Sebring II; Sebring III; Sebring Sedan JR,Convertible; Coupe; Sedan,SD0; SD1,https://auto.ru/catalog/cars/chrysler/sebring/;https://auto.ru/catalog/cars/chrysler/sebring/specifications/;https://s3.amazonaws.com/chryslermedia.iconicweb.com/mediasite/specs/2007ChryslerSebringFASpecifications.pdf;https://s3.amazonaws.com/chryslermedia.iconicweb.com/mediasite/specs/2009_ChryslerSebringConvertibleSpecifications.pdf;https://www.auto-data.net/en/chrysler-sebring-coupe-fj-2.5-v6-166hp-14821;https://www.auto-data.net/en/chrysler-sebring-sedan-jr-2.4-i-16v-150hp-automatic-14810;https://www.automobile-catalog.com/car/2002/522155/chrysler_sebring_le_2_0.html;https://www.automobile-catalog.com/car/2003/522290/chrysler_sebring_cabrio_lx_2_0.html,pending,,2026-09-16T14:21:31+00:00
ffdc95c8e3f2d9dcdf43,EU;RU,Ford,Puma,20,1997-2000; 1997-2002; 1997-2003; 1999-2002; 2000-2002; 2019-2024; 2019-2026; 2020-2026; 2021-2026; 2023-2026; 2024-2026; 2025-2026,I; II; II Рестайлинг; Puma Gen-E; Puma I; Puma I Racing; Puma II; Puma II ST,Coupe; Hatchback 3-door; SUV; SUV 5-door,H0; SD0; SU1,https://auto.ru/catalog/cars/ford/puma/;https://auto.ru/catalog/cars/ford/puma/specifications/;https://www.auto-data.net/en/ford-puma-1.0-ecoboost-95hp-41458;https://www.auto-data.net/en/ford-puma-coupe-ect-1.4-16v-90hp-8008;https://www.auto-data.net/en/ford-puma-coupe-ect-generation-1760;https://www.carfolio.com/ford-racing-puma-87571;https://www.ford.co.uk/content/dam/guxeu/uk/documents/feature-pdfs/FT-New_Puma.pdf;https://www.ford.co.uk/content/dam/guxeu/uk/documents/feature-pdfs/FT-Puma_new.pdf,pending,,2026-09-16T14:21:31+00:00
05bdf70c4dc50aac9a12,EU;RU,Lancia,Dedra,20,1989-1992; 1989-1993; 1989-1994; 1989-1999; 1989-2000; 1990-1991; 1990-1994; 1991-1999; 1993-1999; 1994-1999; 1996-1999,Dedra; Dedra I; Dedra I facelift; Dedra I pre-facelift,Sedan; Wagon; Wagon 5-door,H2; SD1,https://auto.ru/catalog/cars/lancia/dedra/;https://auto.ru/catalog/cars/lancia/dedra/specifications/;https://www.auto-data.net/en/lancia-dedra-model-538;https://www.auto-data.net/en/lancia-dedra-station-wagon-835-1.6-90hp-5002;https://www.auto-data.net/en/lancia-dedra-station-wagon-835-generation-1169;https://www.automobile-catalog.com/car/1990/1381610/lancia_dedra_1_6_i_e_.html;https://www.automobile-catalog.com/car/1996/1381985/lancia_dedra_1_8_ls.html,pending,,2026-09-16T14:21:31+00:00
480767418e72ccb2137b,EU;RU,Land Rover,Range rover evoque,20,2011-2015; 2011-2019; 2015-2018; 2015-2019; 2017-2019; 2018-2024; 2018-2026; 2020-2026; 2023-2026; 2024-2026,I; I Рестайлинг; II; II Рестайлинг; Range Rover Evoque I; Range Rover Evoque II,Convertible; SUV; SUV 3-door; SUV 5-door,SD0; SU1,https://auto.ru/catalog/cars/land_rover/evoque/;https://auto.ru/catalog/cars/land_rover/evoque/specifications/;https://www.automobile-catalog.com/car/2012/1615805/range_rover_evoque_td4_pure.html;https://www.automobile-catalog.com/car/2014/2045600/range_rover_evoque_si4_prestige.html;https://www.automobile-catalog.com/car/2015/2327045/range_rover_evoque_5-door_si4_awd.html;https://www.automobile-catalog.com/car/2017/2564900/range_rover_evoque_convertible_si4_240_awd.html;https://www.automobile-catalog.com/car/2020/2976515/range_rover_evoque_p300e_phev_awd.html;https://www.automobile-catalog.com/car/2022/2976515/range_rover_evoque_p300e_phev_awd.html,pending,,2026-09-16T14:21:31+00:00
c6817025015a96ef41b0,RU,Mazda,Familia,20,1985-1994; 1989-1994; 1994-1999; 1998-2004; 1999-2008; 2007-2018; 2018-2026,V (BF); VI (BG); VII (BH); VIII (BJ); XP16; Y10; Y11; Y12,Convertible; Coupe; Hatchback 3-door; Hatchback 5-door; Sedan; Wagon 5-door,H0; H2; SD0; SD1,https://auto.ru/catalog/cars/mazda/familia/;https://auto.ru/catalog/cars/mazda/familia/specifications/,pending,,2026-09-16T14:21:31+00:00
eb7f9baf920008b59fc0,EU,Mercedes-benz,T1/tn,20,1981-1989; 1982-1989; 1982-1995; 1988-1995,T1/TN (W611),Pickup; Van,P0; SU1,https://www.drom.ru/catalog/lcv/mercedes-benz/t1/278219/;https://www.drom.ru/catalog/lcv/mercedes-benz/t1/278231/;https://www.drom.ru/catalog/lcv/mercedes-benz/t1/specs/dimensions/,pending,,2026-09-16T14:21:31+00:00
65b86d71749ccc8f9f0f,EU,Mitsubishi,L 300 iii,20,1986-1990; 1986-1994; 1986-2004; 1986-2006; 1987-2003; 1987-2004; 1988-1994; 1990-2004; 1994-1998; 1994-2000,L300 III; L300 III / Delica III,Bus; MPV; Pickup; Van,P0; SU1,https://opendata.astra.admin.ch/ivzod/2000-Typengenehmigungen_TG_TARGA/2310-pdf-Drucke_TG_1985-1995/2313-franzoesisch/3M7516_F.pdf;https://partsouq.com/en/catalog/genuine/vehicle?c=Mitsubishi&q=&ssd=%24%2AKwEpHQxhYywwVl1weXgKFXFlRUJcLSIvLjwTIGhuXUlVUVNQFQIuRGpualtNVEUDHhQpIFEvKyowSxAZE1Bka3lzWmY9IW5qOzhfKisoXChyfBE5Nj0-djgnP2AcYShOPzA7OH5zYHZwOUNHUC04YAAAAAASwkvW%24&vid=0;https://prom.ua/p2977577337-kulovij-sharnir-cbkh.html;https://www.auto-data.net/en/mitsubishi-delica-l300-2.0-4wd-91hp-15447;https://www.autodoc.parts/spares/mitsubishi/l-300/l-300-box-p0-w-p1-w/3399-2-5-d-p05v-p05w-p15v;https://www.autoevolution.com/cars/mitsubishi-l300-1993.html;https://www.automobile-catalog.com/car/1987/2020115/mitsubishi_l-300_allrad-bus_2_4_cat.html;https://www.automobile-catalog.com/car/1987/2020160/mitsubishi_l-300_bus_2_5_diesel.html,pending,,2026-09-16T14:21:31+00:00
69709a9e425dbe4b601e,RU,Mitsubishi,Mirage,20,1978-1983; 1983-1988; 1987-1991; 1991-1995; 1995-2003; 2012-2015; 2015-2019; 2019-2026,I; II; III; IV; V; VI; VI Рестайлинг; VI Рестайлинг 2,Coupe; Hatchback 3-door; Hatchback 5-door; Liftback; Sedan,H0; SD0; SD1,https://auto.ru/catalog/cars/mitsubishi/mirage/;https://auto.ru/catalog/cars/mitsubishi/mirage/specifications/,pending,,2026-09-16T14:21:31+00:00
1c2a097f1d2c163181d7,EU,Opel,Vivaro b,20,2014-2016; 2014-2019; 2015-2016; 2015-2019; 2016-2019; 2019-2019,B,Chassis Cab; Van,P0; SU1,https://www.carmanualsonline.info/opel-vivaro-b-2018-owner-s-manual-2/?srch=dimensions;https://www.vauxhall.co.uk/content/dam/vauxhall/Home/PDFs/historical-brochures/discounted-models/vivaro/Vivaro_2018_August.pdf,pending,,2026-09-16T14:21:31+00:00
7bdf667639f837e4e2bb,EU;RU,Rover,400,20,1990-1995; 1990-1998; 1991-1995; 1992-1995; 1993-1995; 1993-1998; 1994-1998; 1995-1999; 1995-2000; 1996-1997; 1996-1998; 1996-1999,400; 400 (RT); 400 II; 400 II (HH-R); I (R8); II (HH-R); Rover 400 I (R8); Rover 400 II; Rover 400 Tourer,Hatchback; Hatchback 5-door; Sedan; Wagon; Wagon 5-door,H0; H2; SD1,https://auto.ru/catalog/cars/rover/400/;https://auto.ru/catalog/cars/rover/400/specifications/;https://www.auto-data.net/en/rover-400-hatchback-hh-r-generation-387;https://www.auto-data.net/en/rover-400-hatchback-rt-414-i-75hp-17667;https://www.auto-data.net/en/rover-400-hatchback-rt-416-si-111hp-11629;https://www.auto-data.net/en/rover-400-model-1228;https://www.auto-data.net/en/rover-400-rt-416-si-113hp-11618;https://www.auto-data.net/en/rover-400-rt-generation-2460,pending,,2026-09-16T14:21:31+00:00
3c28acf1b8a0d611f264,EU;RU,Ssangyong,Musso,20,1993-1997; 1993-1998; 1995-1999; 1996-1998; 1996-2002; 1996-2004; 1996-2005; 1998-2005; 1998-2006; 1998-2007; 2003-2006; 2004-2007; 2004-2026; 2018-2021; 2018-2026; 2019-2026; 2021-2023; 2022-2026,I; I Рестайлинг; II; II Рестайлинг; Musso (Q200); Musso I; Musso II facelift; Musso Q200; Musso Sports,Pickup; SUV; SUV 5-door,P0; SU1,https://auto.ru/catalog/cars/ssang_yong/musso/;https://auto.ru/catalog/cars/ssang_yong/musso/specifications/;https://ssang-yong.drive.place/musso/i_res/group_offroad_5d/258034;https://www.auto-data.net/en/ssangyong-musso-i-3.2-i-24v-220hp-16010;https://www.auto-data.net/en/ssangyong-musso-ii-facelift-2021-2.2-e-xdi-220-181hp-48318;https://www.auto-data.net/en/ssangyong-musso-model-1816;https://www.autoevolution.com/cars/ssangyong-musso-sports-1998.html;https://www.automobile-catalog.com/car/1996/3159500/ssangyong_musso_e32.html,pending,,2026-09-16T14:21:31+00:00
1c248c96ea223d055523,EU;RU,Suzuki,Baleno,20,1995-2002; 1996-2002; 1997-2002; 1998-2002; 2015-2022; 2016-2026; 2022-2026,Baleno I; Baleno I (WB); I; II; III,Hatchback; Hatchback 3-door; Hatchback 5-door; Sedan; Wagon; Wagon 5-door,H0; H2; SD1,https://auto.ru/catalog/cars/suzuki/baleno/;https://auto.ru/catalog/cars/suzuki/baleno/specifications/;https://www.auto-data.net/en/suzuki-baleno-combi-eg-1995-1.3-i-16v-85hp-16475;https://www.auto-data.net/en/suzuki-baleno-combi-eg-1995-1.6-i-16v-98hp-16477;https://www.auto-data.net/en/suzuki-baleno-eg-1995-1.3-i-16v-85hp-automatic-23934;https://www.auto-data.net/en/suzuki-baleno-hatchback-eg-1995-1.3-i-16v-85hp-automatic-23930;https://www.auto-data.net/en/suzuki-baleno-hatchback-eg-1995-1.6-i-16v-98hp-16482;https://www.auto-data.net/en/suzuki-baleno-i-wb-generation-4788,pending,,2026-09-16T14:21:31+00:00
aed6b398fd78a89bbada,EU;RU,Toyota,Prius,20,1997-2000; 2000-2003; 2003-2005; 2003-2009; 2005-2011; 2008-2016; 2009-2011; 2009-2015; 2011-2016; 2011-2026; 2014-2026; 2015-2022; 2015-2023; 2016-2022; 2018-2022; 2022-2026; 2023-2026,I (XW10); I Рестайлинг (XW10); II (XW20); II Рестайлинг (XW20); III (XW30); III Рестайлинг (XW30); IV (XW50); IV Рестайлинг (XW50); Prius III; V (XW60); XW10; XW20; XW30; XW40; XW40 facelift; XW50; XW50 PHEV; XW60,Hatchback; Liftback; MPV; Sedan,H0; SD1; SU1,https://auto.ru/catalog/cars/toyota/prius/;https://auto.ru/catalog/cars/toyota/prius/specifications/;https://newsroom.toyota.eu/2019-2014-toyota-geneva-motor-show-prius-plug-in-hybrid---towards-the-ultimate-eco-car/;https://www.auto-data.net/en/toyota-prius-1.8-hsd-99hp-e-cvt-18521;https://www.auto-data.net/en/toyota-prius-i-nhw11-1.5-vvt-i-101hp-hybrid-e-cvt-3553;https://www.auto-data.net/en/toyota-prius-ii-nhw20-generation-891;https://www.auto-data.net/en/toyota-prius-iii-zvw30-1.8-vvt-i-136hp-hybrid-e-cvt-3551;https://www.auto-data.net/en/toyota-prius-iv-xw50-1.8-vvt-i-122hp-hybrid-e-cvt-22776,pending,,2026-09-16T14:21:31+00:00
5790910efdfa08d6e93b,EU,VW,Beetle,20,2011-2016; 2011-2019; 2012-2016; 2012-2019; 2014-2018; 2014-2019,Beetle A5; Beetle A5 facelift,Convertible; Hatchback,H0; SD0,https://www.auto-data.net/en/volkswagen-beetle-a5-generation-3785;https://www.auto-data.net/en/volkswagen-beetle-convertible-a5-1.2-tsi-105hp-dsg-20569;https://www.auto-data.net/en/volkswagen-beetle-model-897;https://www.volkswagen-newsroom.com/en/the-beetle-international-driving-presentation-3009,pending,,2026-09-16T14:21:31+00:00
7458487565aa8efa4a68,EU,VW,New beetle,20,1998-2004; 1998-2010; 1999-2000; 1999-2010; 2000-2001; 2000-2010; 2001-2005; 2001-2010; 2002-2010; 2003-2005; 2003-2010; 2005-2010,New Beetle; New Beetle 1Y; New Beetle 9C; New Beetle Convertible; New Beetle Convertible facelift; New Beetle I; New Beetle I facelift; New Beetle facelift; Volkswagen New Beetle I facelift,Convertible; Hatchback,H0; SD0,https://www.auto-data.net/en/volkswagen-new-beetle-9c-1.6-102hp-8806;https://www.auto-data.net/en/volkswagen-new-beetle-9c-1.8-t-150hp-8807;https://www.auto-data.net/en/volkswagen-new-beetle-9c-2.0-115hp-automatic-27939;https://www.auto-data.net/en/volkswagen-new-beetle-9c-facelift-2005-1.6-102hp-28077;https://www.auto-data.net/en/volkswagen-new-beetle-9c-facelift-2005-1.9-tdi-105hp-28079;https://www.auto-data.net/en/volkswagen-new-beetle-9c-facelift-2005-2.0-115hp-28090;https://www.auto-data.net/en/volkswagen-new-beetle-convertible-1.6i-102hp-8800;https://www.auto-data.net/en/volkswagen-new-beetle-convertible-facelift-2005-1.6-102hp-28091,pending,,2026-09-16T14:21:31+00:00
8eab220284de4789329e,EU,Citroën,Visa,19,1978-1988; 1978-1991; 1980-1982; 1982-1987; 1982-1991; 1983-1988; 1984-1988; 1984-1991; 1985-1986; 1986-1991,Visa; Visa 1984 facelift; Visa Cabriolet; Visa GT 1984 facelift; Visa GT Phase I; Visa GT Phase II; Visa GTI; Visa Phase I; Visa Phase I GT; Visa Phase II GT,Convertible; Hatchback,H0; SD0,https://www.auto-data.net/en/citroen-visa-model-1678;https://www.auto-data.net/en/citroen-visa-phase-i-14-gt-79hp-14915;https://www.automobile-catalog.com/car/1983/534140/citroen_visa.html;https://www.automobile-catalog.com/car/1983/55190/citroen_visa_gt.html;https://www.automobile-catalog.com/car/1984/534275/citroen_visa_11_e.html;https://www.automobile-catalog.com/car/1984/534350/citroen_visa_gt.html;https://www.automobile-catalog.com/car/1985/52970/citroen_visa_gti.html;https://www.automobile-catalog.com/car/1986/1449830/citroen_visa_gti_115ch.html,pending,,2026-09-16T14:21:31+00:00
516561fea87a2fd17574,EU;RU,Daihatsu,Hijet,19,1981-1986; 1986-1989; 1986-1993; 1990-1998; 1992-1998; 1994-1998; 1995-1998; 1998-2000; 1998-2005; 1998-2026; 1999-2004; 2004-2021; 2021-2026,Hijet / Porter; Hijet S80; Hijet S82/S85; Hijet S85; IX; VI; VII; VIII; X; XI,MPV; Pickup; Van,P0; SU1; V0,https://auto.ru/catalog/cars/daihatsu/hijet/;https://auto.ru/catalog/cars/daihatsu/hijet/specifications/;https://daihatsu.drive.place/hijet/viii/group_furgon/625461;https://motoro.ch/it/fiche-technique/daihatsu/hijet-pick-up-1-3;https://vehiclescore.co.uk/car-dimensions-check/daihatsu/hi%20jet;https://www.carsguide.com.au/daihatsu/hi-jet/car-dimensions/1988;https://www.paruvendu.fr/fiches-techniques-utilitaire/daihatsu-hijet/tole-1-0ie-2pl-6-cv-essence/3057906/;https://www.paruvendu.fr/fiches-techniques-utilitaire/daihatsu-hijet/tole-1-2-d-6-cv-diesel/3058322/,pending,,2026-09-16T14:21:31+00:00
b2df336d6df3c9d9e656,RU,Opel,Corsa,19,1982-1993; 1993-2000; 2000-2003; 2003-2006; 2006-2010; 2010-2011; 2011-2014; 2014-2019; 2019-2023; 2023-2026,A; B; C; C Рестайлинг; D; D Рестайлинг I; D Рестайлинг II; E; F; F Рестайлинг,Hatchback 3-door; Hatchback 5-door; Wagon 5-door,H0; H2,https://auto.ru/catalog/cars/opel/corsa/;https://auto.ru/catalog/cars/opel/corsa/specifications/,pending,,2026-09-16T14:21:31+00:00
d5cd8b062eb35c7cf22e,EU,Opel,Corsa d,19,2006-2010; 2006-2011; 2006-2014; 2007-2014; 2009-2014; 2010-2014; 2011-2014; 2012-2014,Corsa D; Corsa D facelift,Hatchback; Van,H0; SU1,https://www.auto-data.net/en/opel-corsa-d-3-door-1.6i-16v-opc-150hp-2097;https://www.auto-data.net/en/opel-corsa-d-3-door-1.6i-16v-opc-192hp-2088;https://www.auto-data.net/en/opel-corsa-d-5-door-1.7-cdti-125hp-2089;https://www.auto-data.net/en/opel-corsa-d-facelift-2011-3-door-1.4-xer-100hp-16970,pending,,2026-09-16T14:21:31+00:00
54c6f81f3b946f8cac52,EU,Renault,Megane i,19,1996-1999; 1996-2003; 1997-2001; 1997-2003; 1998-2001; 1999-2002; 1999-2003; 2001-2003; 2002-2003,Megane I; Megane I Phase I; Megane I Phase II; Mégane I facelift; Renault Mégane I,Convertible; Hatchback,H0; SD0,https://www.auto-data.net/en/renault-megane-i-ba-generation-2152;https://www.auto-data.net/en/renault-megane-i-cabriolet-ea-generation-2156;https://www.auto-data.net/en/renault-megane-i-cabriolet-phase-ii-1999-generation-5579;https://www.auto-data.net/en/renault-megane-i-phase-ii-1999-generation-5577;https://www.automobile-catalog.com/car/1996/2946350/renault_megane_1_4e.html;https://www.automobile-catalog.com/car/1997/2946725/renault_megane_cabriolet_2_0_16v.html;https://www.automobile-catalog.com/car/2000/2946770/renault_megane_1_4e.html;https://www.carfolio.com/renault-megane-cabriolet-2.0-16v-254122,pending,,2026-09-16T14:21:31+00:00
465e967a4513ba0018d6,RU,Volkswagen,Golf GTI,19,1976-1983; 1983-1991; 1992-1997; 1998-2005; 2004-2008; 2008-2013; 2013-2017; 2017-2020; 2020-2024; 2024-2026,I; II; III; IV; V; VI; VII; VII Рестайлинг; VIII; VIII Рестайлинг,Convertible; Hatchback 3-door; Hatchback 5-door,H0; SD0,https://auto.ru/catalog/cars/volkswagen/golf_gti/;https://auto.ru/catalog/cars/volkswagen/golf_gti/specifications/,pending,,2026-09-16T14:21:31+00:00
ed7bc95e672bccd61fc3,EU;RU,Volvo,V50,19,2003-2006; 2004-2007; 2004-2010; 2005-2006; 2005-2010; 2005-2011; 2005-2012; 2006-2010; 2006-2012; 2007-2010; 2007-2012; 2009-2010; 2010-2012,I; I Рестайлинг; V50; V50 I; V50 I facelift; V50 facelift,Wagon; Wagon 5-door,H2; SD1,https://auto.ru/catalog/cars/volvo/v50/;https://auto.ru/catalog/cars/volvo/v50/specifications/;https://ldgsvccassets.blob.core.windows.net/pdfs/18939bdb9d7f579ebf9812040b32cd622be31e4c/V50_owners_manual_MY10_EN_tp10852.pdf;https://www.auto-data.net/en/volvo-v50-2.0-d-136hp-9578;https://www.auto-data.net/en/volvo-v50-facelift-2007-1.6-100hp-17166;https://www.auto-data.net/en/volvo-v50-facelift-2007-2.5-t5-230hp-17172;https://www.auto-data.net/en/volvo-v50-facelift-2007-2.5-t5-230hp-awd-17174;https://www.ultimatespecs.com/car-specs/Volvo/4649/Volvo-V50-D5-Aut.html,pending,,2026-09-16T14:21:31+00:00
ec91596d2037589883e6,EU,Citroën,Id,18,1956-1965; 1959-1964; 1964-1969; 1964-1975; 1965-1972; 1966-1972; 1969-1972; 1969-1975; 1971-1975,DS Series 1; DS Series 2; DS Series 3; ID Cabriolet,Convertible; Sedan; Wagon,SD0; SD1,https://www.auto-data.net/en/citroen-id-cabriolet-19-p-70hp-15031;https://www.automobile-catalog.com/car/1959/126995/citroen_ds_19.html;https://www.automobile-catalog.com/car/1966/127070/citroen_ds_21.html;https://www.automobile-catalog.com/car/1966/127670/citroen_break_19.html;https://www.automobile-catalog.com/car/1972/127490/citroen_ds_20.html;https://www.automobile-catalog.com/car/1972/162875/citroen_ds_23_injection.html;https://www.automobile-catalog.com/car/1975/127775/citroen_ds_23_break.html,pending,,2026-09-16T14:21:31+00:00
112ad0892bc57c141d75,EU;RU,Fiat,Tempra,18,1990-1992; 1990-1993; 1990-1994; 1990-1996; 1990-1999; 1991-1993; 1991-1995; 1992-1993; 1992-1995; 1992-1996; 1993-1996; 1994-1996,Tempra; Tempra I,Sedan; Van; Wagon; Wagon 5-door,H2; SD1; SU1,https://auto.ru/catalog/cars/fiat/tempra/;https://auto.ru/catalog/cars/fiat/tempra/specifications/;https://www.automobile-catalog.com/car/1991/719255/fiat_tempra_s__w__2_0_i_e__sx_automatic.html;https://www.automobile-catalog.com/car/1992/719195/fiat_tempra_2_0_i_e_.html;https://www.automobile-catalog.com/car/1992/719210/fiat_tempra_s__w__2_0_i_e_.html;https://www.automobile-catalog.com/car/1992/719315/fiat_tempra_s__w__4x4.html,pending,,2026-09-16T14:21:31+00:00
b992bfe840b7acaf59b8,EU,Ford,Escort vi,18,1995-1995; 1995-1996; 1995-1998; 1995-1999; 1995-2000; 1996-1999,Escort RS Cosworth; Escort VI; Escort VI (Mk VI),Convertible; Hatchback; Sedan,H0; SD0; SD1,https://www.auto-data.net/en/ford-escort-vi-cabrio-all-generation-1665;https://www.auto-data.net/en/ford-escort-vi-gal-1.4-71hp-7423;https://www.automobile-catalog.com/car/1995/947120/ford_escort_rs_cosworth.html;https://www.automobile-catalog.com/car/1995/951785/ford_escort_1_6i_16v_fun.html;https://www.automobile-catalog.com/car/1995/951830/ford_escort_4-dr_1_6i_16v_ghia.html;https://www.automobile-catalog.com/car/1995/952280/ford_escort_rs_2000.html;https://www.automobile-catalog.com/car/1995/953060/ford_escort_cabrio_xr3i_115.html;https://www.automobile-catalog.com/make/ford_europe/escort_europe_7gen/escort_europe_7gen_hatchback/1995.html,pending,,2026-09-16T14:21:31+00:00
7b7e8f4a2ef031b8738f,EU;RU,Ford,Tourneo connect,18,2002-2009; 2002-2013; 2006-2013; 2009-2013; 2012-2018; 2018-2022; 2021-2026,I; I Рестайлинг; II; II Рестайлинг; III; Tourneo Connect I; Tourneo Connect I Phase II,MPV,SU1; V0,https://auto.ru/catalog/cars/ford/tourneo_connect/;https://auto.ru/catalog/cars/ford/tourneo_connect/specifications/;https://www.auto-data.net/en/ford-tourneo-connect-i-1.8-tdci-l-90hp-8123;https://www.auto-data.net/en/ford-transit-connect-i-facelift-2006-panel-van-l1h1-1.8-tdci-90hp-53545;https://www.auto-data.net/en/ford-transit-connect-i-facelift-2006-panel-van-l2h2-1.8-tdci-110hp-53548;https://www.automobile-catalog.com/car/2003/980270/ford_tourneo_connect_swb_1_8_16v.html;https://www.automobile-catalog.com/car/2007/980360/ford_tourneo_connect_lwb_1_8_tdci_110.html;https://www.automobile-catalog.com/car/2007/980375/ford_tourneo_connect_swb_1_8_tdci_110.html,pending,,2026-09-16T14:21:31+00:00
b77205b73b30ff7d05ff,EU;RU,Hyundai,Accent,18,1994-2000; 1995-2000; 1999-2012; 2002-2005; 2006-2011; 2010-2019; 2017-2020; 2020-2022; 2023-2026,Accent I; I; II; II Рестайлинг; III; IV; V; V Рестайлинг; VI (BN7),Hatchback 3-door; Hatchback 5-door; Sedan,H0; SD1,https://auto.ru/catalog/cars/hyundai/accent/;https://auto.ru/catalog/cars/hyundai/accent/specifications/;https://www.automobile-catalog.com/car/1997/1162970/hyundai_accent_1_3i_gls_4-dr.html,pending,,2026-09-16T14:21:31+00:00
74586129383da0d4c056,EU;RU,Hyundai,H-1,18,1997-2004; 2000-2000; 2000-2004; 2000-2006; 2001-2004; 2001-2007; 2002-2005; 2003-2007; 2004-2007; 2007-2015; 2015-2018; 2017-2021,H-1 / Starex I; H-1 I; H-1 Truck; I; I Рестайлинг; II; II Рестайлинг; II Рестайлинг 2,Chassis Cab; MPV; Pickup; Van,P0; SU1; V0,https://auto.ae/catalog/hyundai/h_1/1997-2004-i/van/;https://auto.ru/catalog/cars/hyundai/h_1_starex/;https://auto.ru/catalog/cars/hyundai/h_1_starex/specifications/;https://jomologia.hr/Detalji?id=30818&redniBroj=0;https://katalogus.hasznaltauto.hu/hyundai/h-1_truck_long_basic/50062;https://www.autodata1.com/en/car/hyundai/h-1/h-1-i-starex-25-crdi-140-hp;https://www.autosieger.de/hyundai-h-1-Autokatalog216.html,pending,,2026-09-16T14:21:31+00:00
fffe1abae32f9188c997,EU,Jeep,Wrangler iii,18,2007-2010; 2007-2011; 2007-2026; 2010-2026; 2011-2026,III; Wrangler III; Wrangler III (JK); Wrangler III JK; Wrangler III Unlimited,Convertible; SUV,SD0; SU1,https://www.auto-data.net/en/jeep-wrangler-iii-jk-sahara-3.6i-v6-24v-285hp-4x4-automatic-31688;https://www.auto-data.net/en/jeep-wrangler-iii-jk-sport-2.8-crdi-174hp-4x4-31687;https://www.auto-data.net/en/jeep-wrangler-iii-jk-sport-3.8i-v6-196hp-4x4-31684;https://www.auto-data.net/en/jeep-wrangler-iii-unlimited-jk-3.8i-v6-12v-196hp-4x4-automatic-1178;https://www.edmunds.com/jeep/wrangler/2007/features-specs/;https://www.edmunds.com/jeep/wrangler/2007/suv/st-100782108/features-specs/;https://www.edmunds.com/jeep/wrangler/2007/trims/;https://www.jeepfan.com/tech/07Wrangler/full-specifications.pdf,pending,,2026-09-16T14:21:31+00:00
8318c794afe320162c99,EU,Opel,Manta b cc,18,1975-1979; 1975-1980; 1976-1981; 1976-1983; 1977-1980; 1977-1981; 1977-1984; 1977-1988; 1979-1980; 1979-1986; 1980-1984; 1981-1988; 1982-1987,B; Manta B CC; Manta B CC facelift; Manta B facelift 1982; Manta B phase I,Coupe; Hatchback,H0; SD0,https://www.auto-data.net/en/opel-manta-b-2.4-400-144hp-2148;https://www.auto-data.net/en/opel-manta-b-cc-1.2-n-55hp-26003;https://www.auto-data.net/en/opel-manta-b-cc-1.3-n-60hp-2149;https://www.auto-data.net/en/opel-manta-b-cc-facelift-1982-generation-5156;https://www.automobile-catalog.com/car/1980/2429135/opel_manta_cc_1_9_n.html;https://www.automobile-catalog.com/car/1982/2429765/opel_manta_cc_berlinetta_2_0_s_5-speed.html;https://www.automobile-catalog.com/car/1982/2430050/opel_manta_cc_gte.html,pending,,2026-09-16T14:21:31+00:00
a52c3c58dd61eb4e1167,RU,Subaru,Legacy,18,1989-1994; 1993-1999; 1998-2004; 2003-2006; 2006-2009; 2009-2012; 2012-2014; 2014-2017; 2017-2020; 2019-2023; 2023-2025,I; II; III; IV; IV Рестайлинг; V; V Рестайлинг; VI; VI Рестайлинг; VII; VII Рестайлинг,Sedan; Wagon 5-door,H2; SD1,https://auto.ru/catalog/cars/subaru/legacy/;https://auto.ru/catalog/cars/subaru/legacy/specifications/,pending,,2026-09-16T14:21:31+00:00
270e720c047e539c14fe,EU,VW,Transporter t6,18,2015-2019; 2015-2024; 2016-2019; 2016-2024; 2018-2024; 2019-2024; 2020-2024,T6; Transporter T6.1,Pickup; Van,P0; SU1,https://www.volkswagen-nutzfahrzeuge.de/idhub/content/dam/onehub_nfz/importers/de/download/technische-zeichnungen/transporter/Transporter-6-1-DK-Pritsche-PrEco.pdf;https://www.volkswagen-nutzfahrzeuge.de/idhub/content/dam/onehub_nfz/importers/de/download/technische-zeichnungen/transporter/Transporter-6-1-EK-Pritsche-PrEco.pdf;https://www.volkswagen-nutzfahrzeuge.de/idhub/content/dam/onehub_nfz/importers/de/download/technische-zeichnungen/transporter/Transporter-6-1-Kastenwagen-KaEcoProfi.pdf;https://www.volkswagen.com.au/idhub/content/dam/onehub_pkw/importers/au/pdfs/showroom-brochures-live/VW_CV_Transporter-6.1_Brochure.pdf,pending,,2026-09-16T14:21:31+00:00
99489ffac5bebe0adef2,RU,BMW,1 серии,17,2004-2007; 2007-2011; 2011-2014; 2011-2015; 2015-2017; 2017-2019; 2019-2024; 2024-2026,I (E81/E82/E87/E88); I (E81/E82/E87/E88) Рестайлинг; I (E82/E88) Рестайлинг 2; II (F20/F21); II (F20/F21) Рестайлинг; II (F20/F21) Рестайлинг 2; III (F40); III (F52); III (F52) Рестайлинг; IV (F70),Convertible; Coupe; Hatchback 3-door; Hatchback 5-door; Sedan,H0; SD0; SD1,https://auto.ru/catalog/cars/bmw/1er/;https://auto.ru/catalog/cars/bmw/1er/specifications/,pending,,2026-09-16T14:21:31+00:00
bef8c55641345cb5b5fa,EU;RU,Cadillac,Fleetwood,17,1956-1976; 1974-1976; 1976-1979; 1977-1984; 1979-1985; 1980-1986; 1982-1985; 1984-1992; 1985-1986; 1988-1990; 1989-1993; 1990-1993; 1992-1994; 1993-1996; 1994-1997,75 Series; Brougham; Brougham D-body; Brougham II Рестайлинг; Fleetwood Brougham; Fleetwood Brougham 1977-1979; Fleetwood Brougham V; Fleetwood FWD; Fleetwood RWD; Fleetwood Sixty Special 1971-1976; I; II; Limousine,Coupe; Sedan,SD0; SD1,https://auto.ru/catalog/cars/cadillac/fleetwood/;https://auto.ru/catalog/cars/cadillac/fleetwood/specifications/;https://autorestorer.com/articles/1989_cadillac_brougham-1439;https://www.automobile-catalog.com/car/1975/185975/cadillac_fleetwood_sixty_special_brougham.html;https://www.automobile-catalog.com/car/1977/186650/cadillac_fleetwood_brougham_7_0l_v-8.html;https://www.automobile-catalog.com/car/1980/187010/cadillac_fleetwood_brougham_5_7l_v-8_diesel.html;https://www.automobile-catalog.com/car/1981/330890/cadillac_fleetwood_brougham_sedan_5_7l_v-8_diesel.html;https://www.automobile-catalog.com/car/1982/331040/cadillac_fleetwood_brougham_coupe_5_7l_v-8_diesel.html,pending,,2026-09-16T14:21:31+00:00
7ab6e668ffdac900c33a,EU;RU,Chevrolet,Aveo,17,2002-2011; 2006-2012; 2011-2015; 2011-2020; 2011-2026; 2012-2015; 2013-2026; 2015-2020; 2023-2026,Aveo II; I; I Рестайлинг; II; II Рестайлинг; III,Hatchback; Hatchback 3-door; Hatchback 5-door; Sedan,H0; SD1,https://auto.ru/catalog/cars/chevrolet/aveo/;https://auto.ru/catalog/cars/chevrolet/aveo/specifications/;https://www.auto-data.net/en/chevrolet-aveo-ii-hatchback-generation-3798;https://www.automobile-catalog.com/car/2011/1568495/chevrolet_aveo_1_4_lt_hatchback.html;https://www.automobile-catalog.com/car/2012/1568630/chevrolet_aveo_1_4_lt_sedan.html,pending,,2026-09-16T14:21:31+00:00
d053ffba1182a6fea21b,RU,Chrysler,Imperial,17,1926-1930; 1931-1933; 1934-1936; 1937-1939; 1940-1948; 1949-1954; 1957-1975; 1990-1993,I; II; III; IV; LeBaron; V; VI; VII,Convertible; Coupe; Phaeton; Sedan,SD0; SD1,https://auto.ru/catalog/cars/chrysler/imperial/;https://auto.ru/catalog/cars/chrysler/imperial/specifications/,pending,,2026-09-16T14:21:31+00:00
42733bc4f46e0f95c13e,EU;RU,Dodge,Ram,17,1980-1993; 1985-1987; 1985-1988; 1987-1993; 1993-2002; 2001-2009; 2008-2019,I (D/W); II (BR/BE); III (DR/DH); IV (DS/DJ); Ram Wagon III,MPV; Pickup,P0; SU1,https://auto.ru/catalog/cars/dodge/ram/;https://auto.ru/catalog/cars/dodge/ram/specifications/;https://xr793.com/wp-content/uploads/2019/08/1989-Dodge-Ram-Wagons.pdf;https://xr793.com/wp-content/uploads/2023/08/1987-Dodge-Van.pdf,pending,,2026-09-16T14:21:31+00:00
4becd3f365d625d0fcc2,EU;RU,Fiat,127,17,1971-1983; 1971-1984; 1971-1987; 1977-1986; 1978-1982; 1981-1983; 1981-1986,127 Diesel early; 127 Panorama; 127 Series I; 127 Series I Special; 127 Series II; 127 Series II Sport; 127 Series III; 127 Series III Sport; 127 Unificata; 127 Unificata Diesel,Hatchback; Hatchback 3-door; Wagon; Wagon 3-door,H0; H2; SD1,https://auto.ru/catalog/cars/fiat/127/;https://auto.ru/catalog/cars/fiat/127/specifications/;https://www.automobile-catalog.com/car/1972/711125/fiat_127_tre_porte.html;https://www.automobile-catalog.com/car/1974/711320/fiat_127_special_3_porte.html;https://www.automobile-catalog.com/car/1979/2067110/fiat_127_900_cl_3p_low_compr.html;https://www.automobile-catalog.com/car/1980/711425/fiat_127_sport.html;https://www.automobile-catalog.com/car/1981/711485/fiat_127_panorama_d.html;https://www.automobile-catalog.com/car/1981/711500/fiat_127_d.html,pending,,2026-09-16T14:21:31+00:00
251aea27a41794dff747,EU,Fiat,Talento,17,1989-1994; 2016-2026; 2018-2026; 2019-2026,Talento I; Talento II,Bus; Chassis Cab; MPV; Van,P0; SU1,https://autogidas.lt/en/auto-katalogas/fiat/talento/talento-269.390.3-1989-1994-k30341;https://www.auto-data.net/en/fiat-talento-combi-1.6-ecojet-125hp-l1h1-m1-24420;https://www.auto-data.net/en/fiat-talento-combi-1.6-ecojet-145hp-l2h1-m1-25213;https://www.denso-am.eu/catalog/pv/15936;https://www.fiatprofessional.com/talento-combi/m1/interiors;https://www.fiatprofessional.com/talento/floor-cab;https://www.media.stellantis.com/em-en/download-model-document/66;https://www.media.stellantis.com/uploads/de/DE/2018/FIAT_PROF/Technische_Daten/180110_FP_Fiat_Talento.pdf,pending,,2026-09-16T14:21:31+00:00
322b419cf482764eb061,EU;RU,Lancia,Lybra,17,1999-2000; 1999-2001; 1999-2005; 1999-2006; 2000-2001; 2000-2002; 2000-2005; 2001-2005; 2002-2005,Lybra; Lybra 839,Sedan; Wagon; Wagon 5-door,H2; SD1,https://auto.ru/catalog/cars/lancia/lybra/;https://auto.ru/catalog/cars/lancia/lybra/specifications/;https://www.auto-data.net/en/lancia-lybra-839-1.6-16v-103hp-4918;https://www.auto-data.net/en/lancia-lybra-model-530;https://www.auto-data.net/en/lancia-lybra-sw-839-1.6-16v-103hp-4925;https://www.automobile-catalog.com/car/2001/1384685/lancia_lybra_1_6.html;https://www.automobile-catalog.com/car/2001/1384715/lancia_lybra_station_wagon_1_6.html,pending,,2026-09-16T14:21:31+00:00
48f29085648f07c85453,RU,Mitsubishi,Galant,17,1976-1980; 1980-1987; 1983-1990; 1987-1992; 1992-1997; 1996-1999; 1998-2006; 2003-2006; 2006-2008; 2008-2012,III; IV; IX; IX Рестайлинг; IX Рестайлинг 2; V; VI; VII; VIII; VIII Рестайлинг,Coupe; Hatchback 5-door; Sedan; Wagon 5-door,H0; H2; SD0; SD1,https://auto.ru/catalog/cars/mitsubishi/galant/;https://auto.ru/catalog/cars/mitsubishi/galant/specifications/,pending,,2026-09-16T14:21:31+00:00
b874522e7923373b1c71,EU;RU,Nissan,Pulsar,17,1982-1986; 1986-1990; 1990-1995; 1995-2000; 2000-2005; 2014-2018; 2014-2026; 2015-2026,II (N12); III (N13); IV (N14); N16; Pulsar C13; V (N15); VI (C13),Convertible; Coupe; Hatchback; Hatchback 3-door; Hatchback 5-door; Sedan,H0; SD0; SD1,https://auto.ru/catalog/cars/nissan/pulsar/;https://auto.ru/catalog/cars/nissan/pulsar/specifications/;https://www.auto-data.net/en/nissan-pulsar-c13-generation-4592,pending,,2026-09-16T14:21:31+00:00
a36fbd5ffd252ff2acd3,EU;RU,Peugeot,304,17,1969-1975; 1969-1980; 1970-1973; 1970-1980; 1972-1975; 1972-1976; 1972-1979; 1976-1979; 1976-1980,304; 304 Break; 304 Coupe; 304 I,Convertible; Coupe; Hatchback 3-door; Sedan; Wagon; Wagon 5-door,H0; H2; SD0; SD1,https://auto.ru/catalog/cars/peugeot/304/;https://auto.ru/catalog/cars/peugeot/304/specifications/;https://www.automobile-catalog.com/car/1969/27695/peugeot_304.html;https://www.automobile-catalog.com/car/1970/2556020/peugeot_304_break_super_luxe.html;https://www.automobile-catalog.com/car/1970/2556050/peugeot_304_coupe.html;https://www.automobile-catalog.com/car/1972/2556140/peugeot_304_berline_s.html;https://www.automobile-catalog.com/car/1973/2556095/peugeot_304_cabriolet_s.html;https://www.automobile-catalog.com/car/1976/2556200/peugeot_304_berline_gl.html,pending,,2026-09-16T14:21:31+00:00
652310d5e5dccbfe46db,RU,Renault,Scenic,17,1996-1999; 1999-2003; 2003-2006; 2006-2009; 2009-2012; 2012-2013; 2013-2016; 2016-2022; 2024-2026,E-Tech V; I; I Рестайлинг; II; II Рестайлинг; III; III Рестайлинг; III Рестайлинг 2; IV,MPV; SUV 5-door,SU1; V0,https://auto.ru/catalog/cars/renault/scenic/;https://auto.ru/catalog/cars/renault/scenic/specifications/,pending,,2026-09-16T14:21:31+00:00
5b92f785990d5211fb90,EU;RU,Rover,200,17,1984-1989; 1989-1992; 1992-1993; 1992-1999; 1994-1999; 1995-1999; 1996-1997,200; I (SD3); II (R8); II (R8) Рестайлинг; II (R8) Рестайлинг 2; III (R3); Rover 200 II; Rover 200 II (R8),Convertible; Coupe; Hatchback 3-door; Hatchback 5-door; Sedan,H0; SD0; SD1,https://auto.ru/catalog/cars/rover/200/;https://auto.ru/catalog/cars/rover/200/specifications/;https://www.auto-data.net/en/rover-200-coupe-xw-216i-111hp-11562;https://www.auto-data.net/en/rover-200-coupe-xw-220-turbo-200hp-11565,pending,,2026-09-16T14:21:31+00:00
53d65625478f5ea629a0,EU,Skoda,Fabia i,17,1999-2002; 1999-2003; 1999-2007; 1999-2008; 2000-2002; 2000-2007; 2000-2008; 2001-2003; 2001-2007; 2003-2007; 2003-2008; 2005-2007; 2005-2008; 2006-2007,Fabia I; Fabia I facelift; I,Hatchback; Sedan,H0; SD1,https://www.auto-data.net/en/skoda-fabia-i-6y-1.4-60hp-14150;https://www.auto-data.net/en/skoda-fabia-sedan-i-6y-facelift-2004-1.4-16v-80hp-36206;https://www.auto-data.net/en/skoda-fabia-sedan-i-6y-facelift-2004-1.4-tdi-pd-69hp-46001;https://www.auto-data.net/en/skoda-fabia-sedan-i-6y-generation-3093;https://www.automobile-catalog.com/car/2005/3136955/skoda_fabia_sedan_2_0.html;https://www.automobile-catalog.com/car/2005/3137060/skoda_fabia_1_4_tdi_70.html,pending,,2026-09-16T14:21:31+00:00
f8374b2ebfe82a1d1198,EU;RU,Toyota,Aygo,17,2005-2009; 2005-2010; 2005-2014; 2009-2012; 2012-2014; 2014-2018; 2014-2026; 2018-2022; 2018-2026; 2022-2026; 2025-2026,Aygo I; Aygo II facelift; I; I Рестайлинг; I Рестайлинг 2; II; II Рестайлинг; Toyota Aygo I,Hatchback; Hatchback 3-door; Hatchback 5-door; Van,H0; SU1,https://auto.ru/catalog/cars/toyota/aygo/;https://auto.ru/catalog/cars/toyota/aygo/specifications/;https://media.toyota.co.uk/aygo-is-go/;https://media.toyota.co.uk/aygos-a-go-go/;https://newsroom.toyota.eu/download/550744/toyota-aygo-dpl-en.pdf;https://www.auto-data.net/en/toyota-aygo-facelift-2009-generation-3829;https://www.auto-data.net/en/toyota-aygo-facelift-2012-generation-8076;https://www.auto-data.net/en/toyota-aygo-generation-913,pending,,2026-09-16T14:21:31+00:00
3e32849da16717a35ce3,RU,Volkswagen,Jetta,17,1978-1984; 1984-1992; 1992-1998; 1998-2005; 2005-2011; 2010-2015; 2013-2016; 2014-2018; 2016-2019; 2018-2021; 2021-2024; 2024-2026,I; II; II (China Market); II Рестайлинг (China Market); III; IV; SportWagen; V; VI; VI Рестайлинг; VII; VII Рестайлинг; VII Рестайлинг 2,Sedan; Wagon 5-door,H2; SD1,https://auto.ru/catalog/cars/volkswagen/jetta/;https://auto.ru/catalog/cars/volkswagen/jetta/specifications/,pending,,2026-09-16T14:21:31+00:00
a305187691e17725c872,EU;RU,Volvo,850,17,1991-1994; 1991-1996; 1991-1997; 1992-1994; 1992-1996; 1993-1996; 1993-1997; 1994-1996; 1995-1996; 1996-1997,850; Volvo 850,Sedan; Wagon; Wagon 5-door,H2; SD1,https://auto.ru/catalog/cars/volvo/850/;https://auto.ru/catalog/cars/volvo/850/specifications/;https://en.wikipedia.org/wiki/Volvo_850;https://www.auto-data.net/en/volvo-850-ls-generation-1928;https://www.auto-data.net/en/volvo-850-model-916;https://www.engineindetail.com/pa/volvo-850-estate-wagon-2-5-20v-1994;https://www.volvoclub.org.uk/history/850est.shtml,pending,,2026-09-16T14:21:31+00:00
afdbf8a051fe14b0a74c,EU,VW,Golf iv,17,1997-2000; 1997-2004; 1997-2005; 1998-2000; 1998-2001; 1998-2002; 1998-2004; 1998-2005; 1999-2001; 1999-2005; 2000-2005; 2001-2005; 2002-2003; 2002-2005,Golf IV; Golf IV Cabriolet; Volkswagen Golf IV,Convertible; Hatchback,H0; SD0,https://www.auto-data.net/en/volkswagen-golf-iv-1.6-101hp-8660;https://www.auto-data.net/en/volkswagen-golf-iv-1.9-tdi-90hp-8673;https://www.auto-data.net/en/volkswagen-golf-iv-cabrio-2.0i-116hp-8713;https://www.auto-data.net/en/volkswagen-golf-iv-cabrio-generation-1878;https://www.ultimatespecs.com/car-specs/Volkswagen/43944/Volkswagen-Golf-4-3-doors-Highline-20.html;https://www.volkswagen-newsroom.com/en/vehicle-data-golf-4-profile-19478,pending,,2026-09-16T14:21:31+00:00
5f2b118fb2e609a98f38,RU,Audi,S3,16,1999-2003; 2006-2008; 2008-2012; 2013-2016; 2016-2020; 2020-2024; 2024-2026,I (8L); II (8P); II (8P) Рестайлинг; III (8V); III (8V) Рестайлинг; IV (8Y); IV (8Y) Рестайлинг,Convertible; Hatchback 3-door; Hatchback 5-door; Sedan,H0; SD0; SD1,https://auto.ru/catalog/cars/audi/s3/;https://auto.ru/catalog/cars/audi/s3/specifications/,pending,,2026-09-16T14:21:31+00:00
aaa9cb868789107d5ea4,RU,Audi,S4,16,1997-2001; 2002-2004; 2004-2008; 2008-2011; 2011-2015; 2016-2019; 2019-2026,I (B5); II (B6); III (B7); IV (B8); IV (B8) Рестайлинг; V (B9); V (B9) Рестайлинг,Convertible; Sedan; Wagon 5-door,H2; SD0; SD1,https://auto.ru/catalog/cars/audi/s4/;https://auto.ru/catalog/cars/audi/s4/specifications/,pending,,2026-09-16T14:21:31+00:00
a1cf0f178ab09bb1596e,EU;RU,Chrysler,Pt cruiser,16,2000-2004; 2000-2010; 2001-2010; 2002-2010; 2003-2010; 2004-2008; 2004-2010; 2005-2010,Chrysler PT Cruiser facelift; PT Cruiser; PT Cruiser I,Convertible; Hatchback; Wagon; Wagon 5-door,H0; H2; SD0; SD1,https://auto.ru/catalog/cars/chrysler/pt_cruiser/;https://auto.ru/catalog/cars/chrysler/pt_cruiser/specifications/;https://www.auto-brochures.com/makes/Chrysler/PT%20Cruiser/Chrysler_US%20PTCruiser_2008.pdf;https://www.auto-data.net/en/chrysler-pt-cruiser-1.6-i-16v-115hp-14748;https://www.auto-data.net/en/chrysler-pt-cruiser-2.4-i-16v-150hp-14752;https://www.auto-data.net/en/chrysler-pt-cruiser-generation-3250;https://www.automobile-catalog.com/car/2001/521255/chrysler_pt_cruiser_limited_2_0.html;https://www.automobile-catalog.com/car/2005/520760/chrysler_pt_cruiser_gt_convertible_automatic.html,pending,,2026-09-16T14:21:31+00:00
f2a918c20e0c10d07007,EU,Citroën,Jumpy ii,16,2006-2016; 2007-2016; 2009-2016; 2010-2016; 2011-2016; 2011-2026,Jumpy II,Bus; Chassis Cab; MPV; Van,P0; SU1,https://citroenpavilly.com/vn/JumpyCombiCt.pdf;https://www.auto-data.net/en/citroen-jumpy-ii-2.0-16v-140hp-l1h1-46277;https://www.auto-data.net/en/citroen-jumpy-ii-2.0-hdi-120hp-l2h1-dpf-46314;https://www.auto-data.net/en/citroen-jumpy-ii-2.0-hdi-120hp-l2h2-46312;https://xr793.com/wp-content/uploads/2022/09/2013-Citroen-Dispatch-UK.pdf,pending,,2026-09-16T14:21:31+00:00
b3222f35d284bda6e526,EU,Citroën,Xm,16,1989-1994; 1990-1994; 1991-1994; 1992-1994; 1994-1996; 1994-1999; 1994-2000; 1997-2000,XM Break Y3; XM I Y3; XM II; XM II (Y4); XM Y3; XM Y4,Hatchback; Wagon,H0; SD1,https://www.auto-data.net/en/citroen-xm-model-1688;https://www.auto-data.net/en/citroen-xm-y4-2.0-i-16v-132hp-15037;https://www.automobile-catalog.com/car/1989/64190/citroen_xm_2_0_injection.html;https://www.automobile-catalog.com/car/1993/541625/citroen_xm_break_v6.html;https://www.automobile-catalog.com/car/1995/544775/citroen_xm_2_0_16v_sx.html,pending,,2026-09-16T14:21:31+00:00
ddf319c5ea04b0635c49,EU;RU,Cupra,Leon,16,2020-2024; 2020-2026; 2021-2026; 2022-2026; 2024-2026; 2025-2026; 2026-2026,CUPRA Leon IV; CUPRA Leon IV Sportstourer; I Поколение; I Рестайлинг; Leon IV facelift; Leon IV pre-facelift,Hatchback; Hatchback 5-door; Wagon; Wagon 5-door,H0; H2; SD1,https://auto.ru/catalog/cars/cupra/leon/;https://auto.ru/catalog/cars/cupra/leon/specifications/;https://www.cupra.com/content/dam/countries/ie/cupra-website/brochure/leon/20250711-cupra-ireland-product-guide-leon-pa.pdf;https://www.cupraofficial.com/content/dam/public/cupra-website/generic/pdf/cupra-leon-brochure-2023.pdf;https://www.seat-cupra-mediacenter.com/CUPRA-Brand/presskits/CUPRA-Leon-Dinamic/Chassis;https://www.seat-cupra-mediacenter.com/content/dam/seat-media-center/models-all-brands/cupra-models/cupra-leon-sportstourer/technical-data/Technical_Data_CUPRA_Leon_Sportstourer.pdf,pending,,2026-09-16T14:21:31+00:00
35aadbe5bc50b7bb1d06,EU;RU,Fiat,Multipla,16,1998-2005; 1999-2000; 1999-2004; 2000-2002; 2000-2010; 2001-2002; 2001-2005; 2001-2010; 2002-2010; 2004-2010,I; I Рестайлинг; Multipla 186; Multipla 186 facelift; Multipla I,MPV,SU1; V0,https://auto.ru/catalog/cars/fiat/multipla/;https://auto.ru/catalog/cars/fiat/multipla/specifications/;https://blog.le-parnass.com/catalogue_pdf/fiat_multipla.pdf;https://www.automobile-catalog.com/car/2003/1221245/fiat_multipla_100_16v_sx.html;https://www.automobile-catalog.com/car/2004/723650/fiat_multipla_1_9_jtd_115_dynamic.html;https://www.automobile-catalog.com/car/2005/723680/fiat_multipla_1_6_16v_natural_power_cng.html,pending,,2026-09-16T14:21:31+00:00
4aecfe57d32a0615d223,EU;RU,Isuzu,Midi,16,1986-1996; 1988-1992; 1989-1992; 1992-1996; 1994-1996,Midi I,Bus; MPV; Van,SU1; V0,https://auta5p.eu/lang/en/katalog/auto.php?idf=Isuzu-Midi-Van-2.2-D-17636;https://auto.ru/catalog/cars/isuzu/midi/;https://auto.ru/catalog/cars/isuzu/midi/specifications/;https://gazoo.pl/samochody/isuzu/isuzu-midi-bus/;https://qualitytested.it/en/app/src-cod/?src=PA902JM;https://www.drom.ru/catalog/isuzu/midi/284238/;https://www.drom.ru/catalog/isuzu/midi/284256/;https://www.drom.ru/catalog/isuzu/midi/284271/,pending,,2026-09-16T14:21:31+00:00
e72e21e61a63af21a586,RU,Mercedes-Benz,S-Класс AMG,16,1999-2002; 2002-2005; 2006-2009; 2009-2013; 2013-2017; 2017-2021; 2022-2026,"I (W220); I (W220) Рестайлинг; II (W221); II (W221) Рестайлинг; III (W222, C217); III (W222, C217) Рестайлинг; IV (W223)",Convertible; Coupe; Sedan,SD0; SD1,https://auto.ru/catalog/cars/mercedes/s_klasse_amg/;https://auto.ru/catalog/cars/mercedes/s_klasse_amg/specifications/,pending,,2026-09-16T14:21:31+00:00
353363b928db93648355,EU;RU,MG,Zs,16,2001-2005; 2004-2005; 2017-2021; 2017-2026; 2019-2026; 2021-2026; 2024-2026; 2025-2026,I; II; II Рестайлинг; III; MG ZS; ZS I; ZS I EV; ZS II,Hatchback; Hatchback 5-door; SUV; SUV 5-door; Sedan,H0; SD1; SU1,https://auto.ru/catalog/cars/mg/zs/;https://auto.ru/catalog/cars/mg/zs/specifications/;https://vehiclescore.co.uk/car-dimensions-check/mg/zs;https://www.automobile-catalog.com/car/2001/1702925/mg_zs_120_hatchback_stepspeed.html;https://www.automobile-catalog.com/car/2001/1703015/mg_zs_120_saloon_stepspeed.html;https://www.automobile-catalog.com/car/2005/1703105/mg_zs_120_hatchback_stepspeed.html;https://www.automobile-catalog.com/car/2005/1703195/mg_zs_120_saloon_stepspeed.html;https://www.automobile-catalog.com/car/2019/2908625/mg_zs_ev.html,pending,,2026-09-16T14:21:31+00:00
d81eb93c0c04b3d2a719,EU;RU,Mitsubishi,L400,16,1995-2000; 1995-2002; 1995-2005; 1995-2006; 1996-2001; 1996-2005,L400; L400 / Space Gear,MPV; Van,SU1; V0,https://auto.ru/catalog/cars/mitsubishi/l400/;https://auto.ru/catalog/cars/mitsubishi/l400/specifications/;https://opendata.astra.admin.ch/ivzod/2000-Typengenehmigungen_TG_TARGA/2310-pdf-Drucke_TG_1985-1995/2313-franzoesisch/1M4160_F.pdf;https://opendata.astra.admin.ch/ivzod/2000-Typengenehmigungen_TG_TARGA/2310-pdf-Drucke_TG_1985-1995/2313-franzoesisch/1M4161_F.pdf;https://partsouq.com/en/catalog/genuine/diagram?c=MMC202403&number=MR179821;https://partsouq.com/en/catalog/genuine/diagram?c=Mitsubishi&number=MD314950;https://www.auto-data.net/en/mitsubishi-space-gear-pa0-2.0-i-16v-gl-113hp-15460;https://www.auto-data.net/en/mitsubishi-space-gear-pa0-2.5-td-4wd-99hp-15463,pending,,2026-09-16T14:21:31+00:00
714a6647c6f7ffac3c65,EU;RU,Mitsubishi,Space runner,16,1991-1999; 1992-1999; 1993-1997; 1996-1999; 1999-2002; 1999-2003; 2000-2002,"I; II; Space Runner I; Space Runner I (N1_W,N2_W); Space Runner II",MPV,SU1; V0,https://auto.ru/catalog/cars/mitsubishi/space_runner/;https://auto.ru/catalog/cars/mitsubishi/space_runner/specifications/;https://www.auto-data.net/en/mitsubishi-space-runner-n1-w-n2-w-1.8-4x4-n21w-122hp-15539;https://www.auto-data.net/en/mitsubishi-space-runner-n1-w-n2-w-1.8-n11w-122hp-15538;https://www.auto-data.net/en/mitsubishi-space-runner-n1-w-n2-w-2.0-16v-133hp-15540;https://www.auto-data.net/en/mitsubishi-space-runner-n1-w-n2-w-2.0-td-glx-82hp-15541;https://www.automobile-catalog.com/car/1997/1971500/mitsubishi_space_runner_colours_automatic.html;https://www.automobile-catalog.com/car/1997/1971545/mitsubishi_space_runner_4x4_cool.html,pending,,2026-09-16T14:21:31+00:00
508b34a3935d0bbe7288,EU;RU,Nissan,Cedric,16,1971-1975; 1975-1979; 1979-1983; 1980-1983; 1983-1987; 1983-1999; 1987-1991; 1987-2014; 1991-1995; 1995-1999; 1999-2004,Cedric V; Cedric Y30; Cedric Y31; Cedric Y32; III (230); IV (330); IX (Y33); V (430); VI (Y30); VII (Y31); VIII (Y32); X (Y34),Sedan; Wagon 5-door,H2; SD1,https://auto.ru/catalog/cars/nissan/cedric/;https://auto.ru/catalog/cars/nissan/cedric/specifications/;https://nissan.drive.place/cedric/vi/group_sedan/183532;https://www.auto-data.net/en/nissan-cedric-y32-3.0i-v6-24v-turbo-255hp-automatic-919;https://www.automobile-catalog.com/car/1980/2145065/nissan_cedric_4door_sedan_280e_brougham.html;https://www.automobile-catalog.com/car/1980/2148455/datsun_280c_sedan.html;https://www.automobile-catalog.com/car/1981/2146025/nissan_cedric_4door_sedan_280e_brougham.html;https://www.automobile-catalog.com/car/1988/2152115/nissan_cedric_4door_hardtop_v30_turbo_brougham_vip.html,pending,,2026-09-16T14:21:31+00:00
3366435b8a65e1ce5a91,EU;RU,Nissan,Serena,16,1991-2001; 1991-2002; 1992-1994; 1992-2001; 1993-2001; 1994-1999; 1994-2001; 1995-2001; 1999-2005; 2005-2012; 2010-2016; 2016-2019; 2019-2022; 2022-2025; 2025-2026,I (C23); II (C24); III (C25); IV (C26); Serena C23; Serena C23M; V (C27); V (C27) Рестайлинг; VI (C28); VI (C28) Рестайлинг,MPV,SU1; V0,https://auto.ru/catalog/cars/nissan/serena/;https://auto.ru/catalog/cars/nissan/serena/specifications/;https://www.auto-data.net/en/nissan-serena-c23m-1.6-16v-97hp-936;https://www.auto-data.net/en/nissan-serena-c23m-2.0-16v-126hp-937;https://www.auto-data.net/en/nissan-serena-c23m-2.3-d-75hp-941,pending,,2026-09-16T14:21:31+00:00
7e677d400500e13ffacb,RU,Opel,Rekord,16,1963-1965; 1965-1966; 1967-1971; 1972-1977; 1977-1986,A; B; C; D; E,Convertible; Coupe; Sedan; Wagon 3-door; Wagon 5-door,H2; SD0; SD1,https://auto.ru/catalog/cars/opel/rekord/;https://auto.ru/catalog/cars/opel/rekord/specifications/,pending,,2026-09-16T14:21:31+00:00
0ad4359a683743dff09d,EU;RU,Peugeot,308,16,2007-2011; 2011-2015; 2013-2017; 2017-2021; 2021-2026; 2025-2026,308 II facelift; I; I Рестайлинг; II; II Рестайлинг; III; III Рестайлинг,Convertible; Hatchback; Hatchback 3-door; Hatchback 5-door; Wagon 5-door,H0; H2; SD0,https://auto.ru/catalog/cars/peugeot/308/;https://auto.ru/catalog/cars/peugeot/308/specifications/;https://www.auto-data.net/en/peugeot-308-ii-phase-ii-2017-generation-5518,pending,,2026-09-16T14:21:31+00:00
f0f79bbe5e0f814a21a5,EU,Peugeot,J7,16,1968-1970; 1968-1977; 1968-1978; 1968-1980; 1970-1980; 1977-1980,J7,Bus; Pickup; Van,P0; SU1,https://www.kfz-tech.de/Engl/Hersteller/Peugeot/PeugeotJ71965.htm,pending,,2026-09-16T14:21:31+00:00
197e7fc8cb1084ef5f9d,RU,Skoda,Fabia,16,1999-2004; 2004-2007; 2007-2010; 2010-2014; 2014-2018; 2018-2021; 2021-2026,I; I Рестайлинг; II; II Рестайлинг; III; III Рестайлинг; IV,Hatchback 5-door; Sedan; Wagon 5-door,H0; H2; SD1,https://auto.ru/catalog/cars/skoda/fabia/;https://auto.ru/catalog/cars/skoda/fabia/specifications/,pending,,2026-09-16T14:21:31+00:00
0b6479ae64f437200115,EU,Skoda,Superb ii,16,2008-2010; 2008-2015; 2009-2010; 2009-2015; 2010-2015,Superb II; Superb II (3T); Superb II facelift,Liftback; Wagon,SD0; SD1,https://www.auto-data.net/en/skoda-superb-ii-1.8-tsi-160hp-4x4-14107;https://www.auto-data.net/en/skoda-superb-ii-combi-1.4-tsi-125hp-14294;https://www.auto-data.net/en/skoda-superb-ii-combi-1.8-tsi-160hp-17427;https://www.auto-data.net/en/skoda-superb-ii-combi-1.8-tsi-160hp-4x4-56489;https://www.auto-data.net/en/skoda-superb-ii-combi-facelift-2013-1.4-tsi-125hp-19264;https://www.auto-data.net/en/skoda-superb-ii-combi-facelift-2013-1.8-tsi-160hp-4x4-19308;https://www.auto-data.net/en/skoda-superb-ii-facelift-2013-1.8-tsi-160hp-4x4-19292;https://www.auto-data.net/en/skoda-superb-ii-facelift-2013-generation-4191,pending,,2026-09-16T14:21:31+00:00
3346edb3f8ba2a9c470a,EU,Toyota,Carina e vi,16,1992-1994; 1992-1995; 1992-1996; 1992-1997; 1993-1997; 1994-1997; 1995-1997; 1996-1997,Carina E (T19); Carina E VI; Carina E VI (T19),Hatchback; Liftback; Sedan,H0; SD0; SD1,https://www.auto-data.net/en/toyota-carina-e-hatch-t19-generation-1034;https://www.auto-data.net/en/toyota-carina-e-t19-generation-1036;https://www.automobile-catalog.com/car/1992/3602465/toyota_carina_e_4door_1_6i.html;https://www.automobile-catalog.com/car/1992/3602540/toyota_carina_e_5door_liftback_2_0i.html,pending,,2026-09-16T14:21:31+00:00
9c06b8ef3084d7c59922,EU;RU,Alpina,D5,15,2011-2013; 2011-2016; 2013-2017; 2017-2020; 2018-2020; 2020-2024,D5 Bi-Turbo; D5 Bi-Turbo F11; D5 S; D5 S (G30); D5 S LCI; D5 S Touring; D5 S Touring LCI; F10/F11; F10/F11 Рестайлинг; G30/G31; G30/G31 Рестайлинг,Sedan; Wagon; Wagon 5-door,H2; SD1,https://auto.ru/catalog/cars/alpina/d5/;https://auto.ru/catalog/cars/alpina/d5/specifications/;https://blog.le-parnass.com/catalogue_pdf/bmw_alpina_d5_biturbo_saloon_touring.pdf;https://blog.le-parnass.com/catalogue_pdf/bmw_alpina_d5_s201707_g.pdf;https://kurumacatalog.com/wp-content/uploads/2020/05/2017_Alpina_D5S_Biturbo_limousine_Touring_catalog.pdf;https://www.alpina-automobiles.com/fileadmin/user_upload/PDF_Brochure/ALPINA_Models/2020_06_INT/D5_S/epaper/BMW_ALPINA_D5S.pdf;https://www.auto-data.net/en/alpina-d5-touring-f11-3.0-350hp-biturbo-18323;https://www.automobile-catalog.com/make/alpina/5-series_f10_alpina/5-series_f11_alpina_1_touring/2014.html,pending,,2026-09-16T14:21:31+00:00
9683cc2d4dfaf462bd37,EU,Audi,A4 b7,15,2004-2006; 2004-2008; 2005-2006; 2005-2008; 2005-2009; 2006-2008; 2006-2009,A4 B7; RS4 B7; S4 B7,Convertible; Sedan,SD0; SD1,https://www.auto-data.net/en/audi-a4-b7-8e-2.0-tdi-140hp-multitronic-26722;https://www.auto-data.net/en/audi-a4-cabriolet-b7-8h-1.8-t-163hp-4289;https://www.auto-data.net/en/audi-s4-8e-b7-4.2-v8-344hp-quattro-27183;https://www.automobile-catalog.com/car/2006/248630/audi_a4_cabriolet_1_8_t.html;https://www.automobile-catalog.com/car/2007/248555/audi_rs4.html;https://www.automobile-catalog.com/car/2007/249065/audi_rs4_cabriolet.html;https://www.automobile-catalog.com/car/2008/247415/audi_a4_1_6.html;https://www.ultimatespecs.com/car-specs/Audi/3870/Audi-A4-%28B7%29-20-TFSI-Quattro.html,pending,,2026-09-16T14:21:31+00:00
32c9d46744cda3d3a11d,RU,BMW,M3,15,1986-1991; 1992-1999; 1999-2006; 2007-2013; 2014-2018; 2020-2024; 2024-2026,I (E30); II (E36); III (E46); IV (E90); V (F80); VI (G80); VI (G80) Рестайлинг,Convertible; Coupe; Sedan; Wagon 5-door,H2; SD0; SD1,https://auto.ru/catalog/cars/bmw/m3/;https://auto.ru/catalog/cars/bmw/m3/specifications/,pending,,2026-09-16T14:21:31+00:00
4720abaeeff3a3e5d894,EU;RU,Buick,Electra,15,1959-1960; 1977-1984; 1981-1984; 1984-1985; 1984-1986; 1984-1990; 1985-1990; 1986-1989; 1986-1990; 1990-1991,Electra V; Electra VI; I; Park Avenue I; V; VI,Convertible; Sedan,SD0; SD1,https://auto.ru/catalog/cars/buick/electra/;https://auto.ru/catalog/cars/buick/electra/specifications/;https://www.automobile-catalog.com/car/1983/309455/buick_electra_park_avenue_sedan_4_1l_v-6.html;https://www.automobile-catalog.com/car/1985/317225/buick_electra_park_avenue_sedan_3_8l_v-6.html;https://www.automobile-catalog.com/car/1988/317840/buick_electra_park_avenue_sedan.html;https://www.automobile-catalog.com/car/1989/318065/buick_electra_park_avenue_sedan.html;https://www.automobile-catalog.com/car/1990/318200/buick_electra_park_avenue_sedan.html;https://www.automobile-catalog.com/car/1991/321515/buick_park_avenue.html,pending,,2026-09-16T14:21:31+00:00
49d82c9bd730aff8be2d,EU,Chevrolet,Aveo / kalos,15,2003-2008; 2004-2006; 2004-2008; 2005-2007; 2005-2008; 2005-2013; 2005-2026; 2006-2008; 2006-2026; 2008-2011; 2008-2012; 2008-2026; 2009-2026,Aveo I facelift; Aveo T250; Aveo/Kalos T200; Kalos/Aveo I,Hatchback; Sedan,H0; SD1,https://www.automobile-catalog.com/car/2005/559085/chevrolet_kalos_1_4_16v_sx_sedan_automatic.html;https://www.automobile-catalog.com/car/2006/559025/chevrolet_kalos_1_2_se_hatchback.html;https://www.automobile-catalog.com/car/2007/559040/chevrolet_kalos_1_4_16v_sx_hatchback.html;https://www.automobile-catalog.com/car/2008/559175/chevrolet_aveo_1_4_lt_sedan.html;https://www.automobile-catalog.com/car/2008/559205/chevrolet_aveo_1_2_ls_hatchback.html;https://www.automobile-catalog.com/car/2009/1209830/chevrolet_aveo_1_2_hatchback.html;https://www.automobile-catalog.com/car/2009/559175/chevrolet_aveo_1_4_lt_sedan.html,pending,,2026-09-16T14:21:31+00:00
066bbfb379e02848499b,EU,Citroën,Ds,15,1956-1965; 1959-1966; 1965-1972; 1966-1972; 1968-1969; 1968-1972; 1968-1975; 1969-1971; 1969-1975; 1972-1974; 1972-1975,DS I; DS Phase II; DS Series 1; DS Series 2; DS Series 3,Convertible; Sedan; Wagon,SD0; SD1,https://www.automobile-catalog.com/car/1959/126995/citroen_ds_19.html;https://www.automobile-catalog.com/car/1966/127070/citroen_ds_21.html;https://www.automobile-catalog.com/car/1972/127490/citroen_ds_20.html;https://www.automobile-catalog.com/car/1972/127775/citroen_ds_23_break.html;https://www.automobile-catalog.com/car/1972/162875/citroen_ds_23_injection.html;https://www.automobile-catalog.com/car/1973/127775/citroen_ds_23_break.html;https://www.carfolio.com/citroen-ds-21-cabriolet-749859,pending,,2026-09-16T14:21:31+00:00
8821fc637e03ae319997,EU;RU,Fiat,Regata,15,1983-1985; 1983-1986; 1983-1989; 1983-1990; 1984-1989; 1984-1990; 1985-1987; 1985-1989; 1986-1989; 1987-1989,Fiat Regata Weekend; Regata (138); Regata Weekend,Sedan; Wagon; Wagon 5-door,H2; SD1,https://auto.ru/catalog/cars/fiat/regata/;https://auto.ru/catalog/cars/fiat/regata/specifications/;https://www.auto-data.net/en/fiat-regata-138-100-super-1.6-100hp-7043;https://www.auto-data.net/en/fiat-regata-weekend-75-1.5-75hp-7061;https://www.auto-data.net/en/fiat-regata-weekend-generation-1605;https://www.automobile-catalog.com/car/1989/717200/fiat_regata_weekend_d.html,pending,,2026-09-16T14:21:31+00:00
395f0ace74444972c574,RU,Ford,Focus ST,15,2001-2005; 2005-2008; 2008-2011; 2012-2015; 2015-2018; 2019-2021; 2021-2025,I; II; II Рестайлинг; III; III Рестайлинг; IV; IV Рестайлинг,Hatchback 3-door; Hatchback 5-door; Wagon 5-door,H0; H2,https://auto.ru/catalog/cars/ford/focus_st/;https://auto.ru/catalog/cars/ford/focus_st/specifications/,pending,,2026-09-16T14:21:31+00:00
4c619356627a9aed1342,RU,Ford,Taurus,15,1985-1991; 1991-1995; 1995-1999; 1999-2004; 2003-2006; 2007-2009; 2009-2012; 2012-2019; 2022-2025; 2025-2026,I; II; III; IV; IV Рестайлинг; V; VI; VI Рестайлинг; VIII; VIII Рестайлинг,Sedan; Wagon 5-door,H2; SD1,https://auto.ru/catalog/cars/ford/taurus/;https://auto.ru/catalog/cars/ford/taurus/specifications/,pending,,2026-09-16T14:21:31+00:00
1e37346166365b6797db,EU;RU,Hyundai,Genesis,15,2008-2011; 2008-2012; 2008-2014; 2011-2013; 2011-2014; 2012-2014; 2012-2026; 2013-2014; 2013-2016; 2014-2017,Genesis Coupe I facelift; Genesis Coupe I pre-facelift; Genesis Coupe pre-facelift; Genesis I facelift; Genesis I pre-facelift; Genesis II; Hyundai Genesis Coupe; I; I Рестайлинг; II,Coupe; Sedan,SD0; SD1,https://auto.ru/catalog/cars/hyundai/genesis/;https://auto.ru/catalog/cars/hyundai/genesis/specifications/;https://autocatalogarchive.com/wp-content/uploads/2016/10/Hyundai-Genesis-2009-USA.pdf;https://www.auto-brochures.com/makes/Hyundai/Genesis%20Coupe/Hyundai_US%20GenesisCoupe_2010.pdf;https://www.auto-data.net/en/hyundai-genesis-coupe-generation-2968;https://www.centuryu.com/uploads/1/4/4/6/144698822/2012_genesis_sedan.pdf;https://www.hyundai.com/content/hyundai/ww/data/news/data/2013/0000002864/attach/131126_Hyundai%20All%20New%20Genesis%20Launch%20in%20Korea.doc;https://www.hyundai.news/newsroom/dam/de/Pressemappen/Genesis_Sportlimousine/genesis_sportlimousine_2014_3_technische_daten_d7205f1.pdf,pending,,2026-09-16T14:21:31+00:00
fb06eb6c4702d879fe02,EU,Hyundai,H100,15,1993-1994; 1993-1997; 1993-2000; 1994-2000; 1997-2000; 1997-2003; 1998-2003; 2004-2012; 2004-2026; 2006-2026,H-100 Porter II; H100 / Grace I; H100 / Porter II; H100 II; H100 II / Porter II; H100 Porter II,Bus; Chassis Cab; MPV; Pickup; Van,P0; SU1,https://auto.ru/catalog/cars/hyundai/grace/specifications/;https://en.razmery.info/equipment/car_bodies/dimensions-car-bodies-hyundai-h100-bus.html;https://korejskevozy.cz/clanek/technicke-informace-hyundai-h-100-1997/?id=b563d190-c7e3-4d6e-8a0c-eea232d697ae&skupina=ae456b0a-24f3-4cdc-bc33-0688abef814f;https://www.carrosnaweb.com.br/fichadetalhe.asp?codigo=15658;https://www.hyundai.com/content/dam/hyundai/ph/en/data/marketing/brochure/product/h100/H-100_FLYERv2.pdf;https://www.hyundai.com/content/dam/hyundai/template_en/en/data/marketing/manual/h-100/2017h-100-full-version.pdf;https://www.hyundai.com/content/dam/hyundai/ww/en/images/footer/downloads/commercial/e-brochure/h100-ebrochure-2020.pdf;https://www.hyundai.sc/sites/default/files/hyundai-h100.pdf,pending,,2026-09-16T14:21:31+00:00
8fbb643fdca6b408fcf8,RU,Hyundai,Verna,15,1999-2002; 2002-2005; 2005-2010; 2010-2015; 2014-2017; 2017-2020; 2020-2023; 2023-2026,I; I Рестайлинг; II; III; III Рестайлинг; IV; IV Рестайлинг; V,Hatchback 3-door; Hatchback 5-door; Liftback; Sedan,H0; SD1,https://auto.ru/catalog/cars/hyundai/verna/;https://auto.ru/catalog/cars/hyundai/verna/specifications/,pending,,2026-09-16T14:21:31+00:00
17d43ea52aae5fcbb4d3,EU;RU,KIA,Pride,15,1987-2002; 1990-1997; 1990-2000; 1990-2001; 1991-2000; 1996-2001; 1999-2001; 2005-2011; 2011-2017,I; II; III; Pride (DA); Pride I Beta,Hatchback; Hatchback 3-door; Hatchback 5-door; Sedan; Wagon; Wagon 5-door,H0; H2; SD1,https://auto.ru/catalog/cars/kia/pride/;https://auto.ru/catalog/cars/kia/pride/specifications/;https://www.auto-data.net/en/kia-pride-model-300;https://www.auto-data.net/fr/kia-pride-da-1.1-i-52hp-2776;https://www.automobile-catalog.com/car/1999/1340540/kia_pride_beta_1_3i.html,pending,,2026-09-16T14:21:31+00:00
ceecd58913a6acad4255,EU,LDV,Maxus,15,2005-2008; 2005-2009; 2006-2009,Maxus I,Bus; Chassis Cab; Van,P0; SU1,https://s3-ap-southeast-2.amazonaws.com/assets.i-motor.com.au/ldv/brochure/11704_LDV-V80-Cab-Chassis-Specification-Sheet-240316.pdf;https://vehiclescore.co.uk/car-dimensions-check/ldv/maxus;https://www.anchorvans.co.uk/specifications/maxus;https://www.whatvan.co.uk/van-reviews/ldv-maxus-17-seater-minibus-tested-march-2007/,pending,,2026-09-16T14:21:31+00:00
37d2388e3597c4e3ba6b,EU;RU,Maserati,Ghibli,15,1967-1973; 1968-1973; 1970-1973; 1992-1994; 1992-1997; 1992-1998; 1996-1997; 2013-2016; 2013-2026; 2016-2020; 2017-2026; 2020-2024; 2020-2026,Ghibli I; Ghibli I SS; Ghibli I Spyder; Ghibli I Spyder SS; Ghibli II; Ghibli III facelift; II; III; III Рестайлинг; III Рестайлинг 2,Convertible; Coupe; Sedan,SD0; SD1,https://auto.ru/catalog/cars/maserati/ghibli/;https://auto.ru/catalog/cars/maserati/ghibli/specifications/;https://www.auto-data.net/en/maserati-ghibli-ii-2.0-24v-biturbo-306hp-10932;https://www.auto-data.net/en/maserati-ghibli-iii-m157-facelift-2017-s-3.0-v6-430hp-automatic-27243;https://www.automobile-catalog.com/car/1970/1444160/maserati_ghibli.html;https://www.automobile-catalog.com/car/1970/1444190/maserati_ghibli_spider.html;https://www.automobile-catalog.com/car/1994/1446530/maserati_ghibli_2_0.html;https://www.automobile-catalog.com/car/1996/1446590/maserati_ghibli_2_8.html,pending,,2026-09-16T14:21:31+00:00
1356fdb9aa4c8acc25ab,RU,Mazda,626,15,1979-1982; 1982-1987; 1987-1996; 1991-1997; 1997-2002,I (CB); II (GC); III (GD); IV (GE); V (GF),Coupe; Liftback; Sedan; Wagon 5-door,H0; H2; SD0; SD1,https://auto.ru/catalog/cars/mazda/626/;https://auto.ru/catalog/cars/mazda/626/specifications/,pending,,2026-09-16T14:21:31+00:00
ba71cbb07eda80357244,RU,Mercedes-Benz,A-Класс,15,1997-2001; 2001-2004; 2004-2008; 2008-2012; 2012-2015; 2015-2018; 2018-2022; 2022-2026,I (W168); I (W168) Рестайлинг; II (W169); II (W169) Рестайлинг; III (W176); III (W176) Рестайлинг; IV (W177); IV (W177) Рестайлинг,Hatchback 3-door; Hatchback 5-door; Sedan,H0; SD1,https://auto.ru/catalog/cars/mercedes/a_klasse/;https://auto.ru/catalog/cars/mercedes/a_klasse/specifications/,pending,,2026-09-16T14:21:31+00:00
653a28d8e3b933a81e1f,EU,Mitsubishi,Galant vii,15,1992-1996; 1994-1996,Galant VII,Hatchback; Sedan,H0; SD1,https://www.auto-data.net/en/mitsubishi-galant-vii-2.0-glstd-e57a-90hp-15376;https://www.auto-data.net/en/mitsubishi-galant-vii-generation-3374;https://www.auto-data.net/en/mitsubishi-galant-vii-hatchback-2.0-v6-24-e54a-150hp-automatic-24622,pending,,2026-09-16T14:21:31+00:00
94bbd0b9b99bb58dad9b,EU,Mitsubishi,L 300 / delica ii,15,1980-1986; 1981-1986; 1983-1986; 1983-1994; 1984-1987; 1986-1987; 1986-1994,L300 / Delica II; L300 / Delica II (L03); L300 / Delica II Pickup; L300 II,MPV; Pickup; Van,P0; SU1,https://www.automobile-catalog.com/car/1983/49040/mitsubishi_l-300_country_4x4.html;https://www.carfolio.com/mitsubishi-l-300-starwagon-33253;https://www.carsguide.com.au/mitsubishi/express/1984;https://www.carsguide.com.au/mitsubishi/express/car-dimensions/1983;https://www.carsguide.com.au/mitsubishi/express/car-dimensions/1984;https://www.carsguide.com.au/mitsubishi/express/price/1983/l300-lwb,pending,,2026-09-16T14:21:31+00:00
b4ede1513a9f4853b347,EU;RU,Nissan,Nv300,15,2016-2021; 2016-2026; 2019-2026; 2021-2026,I; NV300 I,Chassis Cab; MPV; Van,P0; SU1; V0,https://auto.ru/catalog/cars/nissan/nv300/;https://auto.ru/catalog/cars/nissan/nv300/specifications/;https://www-europe.nissan-cdn.net/content/dam/Nissan/gb/brochures/Nissan_LCV_Customer_Price_List_April2020.pdf;https://www-europe.nissan-cdn.net/content/dam/Nissan/gb/brochures/corporatesales/NMGB10385%20%E2%80%93%20Fleet%20Range%20Guide%20P4%20Artwork%20Corporate%2011.pdf;https://www.nissan-cdn.net/content/dam/Nissan/gb/brochures/Vehicles/Nissan_NV300_UK.pdf;https://www.press.renault.co.uk/assets/documents/original/14008-RenaultTraficPressKitJanuary2018.pdf,pending,,2026-09-16T14:21:31+00:00
b29531cac302272b2f13,EU;RU,Nissan,Vanette,15,1978-1988; 1981-1987; 1982-1987; 1983-1987; 1985-1994; 1986-1995; 1991-1995; 1994-2002; 1999-2017,I; II; III; IV; Vanette C22; Vanette I; Vanette II,Bus; MPV; Van,SU1; V0,https://auto.ru/catalog/cars/nissan/vanette/;https://auto.ru/catalog/cars/nissan/vanette/specifications/;https://global.nissannews.com/en/heritage_model_vanette;https://www.auto-data.net/en/nissan-vanette-2.0-d-67hp-793;https://www.auto-data.net/en/nissan-vanette-2.4-i-105hp-795;https://www.auto-data.net/en/nissan-vanette-generation-231;https://www.automobile-catalog.com/car/1984/48710/nissan_vanette_1_5.html;https://www.carsguide.com.au/nissan/vanette/car-dimensions/1985,pending,,2026-09-16T14:21:31+00:00
c6d8c6376d776317b497,EU,Opel,Astra j,15,2009-2015; 2010-2015; 2011-2015; 2012-2013; 2012-2015; 2012-2018; 2013-2015; 2014-2015; 2014-2018,Astra J; Astra J Sports Tourer facelift; Astra J facelift; J,Hatchback; Sedan; Van,H0; SD1; SU1,https://www.auto-data.net/en/opel-astra-j-1.4-turbo-120hp-16961;https://www.auto-data.net/en/opel-astra-j-facelift-2012-1.6-cdti-110hp-ecotec-start-stop-19434;https://www.auto-data.net/en/opel-astra-j-sports-tourer-facelift-2012-1.7-cdti-130hp-ecotec-19470;https://www.vauxhall.co.uk/content/dam/vauxhall/Home/PDFs/owners/owners-manuals/astra/astra-owners-manual-july-2013.pdf,pending,,2026-09-16T14:21:31+00:00
fbc414adcfd9e9e11827,EU;RU,Peugeot,204,15,1965-1969; 1965-1977; 1967-1969; 1968-1973; 1969-1970; 1969-1977; 1973-1977; 1975-1977,204; 204 Break; 204 Cabriolet; 204 Coupe,Convertible; Coupe; Sedan; Wagon; Wagon 5-door,H2; SD0; SD1,https://auto.ru/catalog/cars/peugeot/204/;https://auto.ru/catalog/cars/peugeot/204/specifications/;https://www.auto-data.net/en/peugeot-204-generation-1263;https://www.automobile-catalog.com/car/1966/2555525/peugeot_204_berline_grand_luxe.html;https://www.automobile-catalog.com/car/1969/2555570/peugeot_204_cabriolet_grand_luxe.html;https://www.automobile-catalog.com/car/1969/2555585/peugeot_204_coupe_grand_luxe.html;https://www.automobile-catalog.com/car/1973/2555810/peugeot_204_break_grand_luxe.html;https://www.automobile-catalog.com/car/1973/2556005/peugeot_204_break_grand_luxe.html,pending,,2026-09-16T14:21:31+00:00
402a1249fd6dbf0256c1,EU;RU,Peugeot,207,15,2006-2009; 2007-2012; 2007-2026; 2009-2015,207 Compact Sedan; 207 I; I; I Рестайлинг,Convertible; Hatchback; Hatchback 3-door; Hatchback 5-door; Sedan; Wagon 5-door,H0; H2; SD0; SD1,https://auto.ru/catalog/cars/peugeot/207/;https://auto.ru/catalog/cars/peugeot/207/specifications/;https://bind.lt/en/technical-specifications/peugeot/207/1-generation/sedan/1-4-mt-75-hp;https://www.automobile-catalog.com/car/2007/2620400/peugeot_207_1_4_vti_95.html;https://www.automobile-catalog.com/car/2009/2621015/peugeot_207_1_4_vti_95.html,pending,,2026-09-16T14:21:31+00:00
1205cf63678fcd618d4d,RU,Pontiac,LeMans,15,1964-1967; 1968-1972; 1973-1977; 1978-1981; 1988-1991; 1991-1993,II; III; IV; V; VI; VI Рестайлинг,Convertible; Coupe; Hatchback 3-door; Sedan; Wagon 5-door,H0; H2; SD0; SD1,https://auto.ru/catalog/cars/pontiac/lemans/;https://auto.ru/catalog/cars/pontiac/lemans/specifications/,pending,,2026-09-16T14:21:31+00:00
ee9fd58239a6d51b1b95,EU;RU,Renault,4,15,1962-1971; 1962-1983; 1962-1991; 1966-1988; 1971-1988; 1976-1989; 1978-1990; 1982-1989; 1983-1988; 1983-1989; 1986-1990; 2024-2026; 2025-2026,4; E-Tech; E-Tech 2; I; Renault 4; Renault 4 F4; Renault 4 Fourgonnette,Hatchback; Hatchback 5-door; MPV; SUV; SUV 5-door; Van,H0; SU1,https://auto.ru/catalog/cars/renault/4/;https://auto.ru/catalog/cars/renault/4/specifications/;https://manuals.plus/m/0420d466d0838d3fe56548cc9a5113bbca8251da23ef3f00cef32d56b37ae997.pdf;https://theoriginals.renault.com/en/renault-4-fourgonnette;https://www.auto-data.net/en/renault-4-generation-2164;https://www.autocentrum.pl/dane-techniczne/renault/4/i/van/silnik-benzynowy-1.1-34km-1978-1991/;https://www.automobile-catalog.com/car/1962/2924285/renault_4_l.html;https://www.la4ldesylvie.fr/dimensions-des-renault-4,pending,,2026-09-16T14:21:31+00:00
ab46583864a6adff3e36,EU;RU,Renault,Laguna,15,1993-2001; 2001-2005; 2005-2008; 2007-2012; 2008-2015; 2010-2015; 2012-2015,I; II; II Рестайлинг; III; III Рестайлинг; Laguna III; Renault Laguna III Coupe,Coupe; Liftback; Wagon 5-door,H0; H2; SD0,https://auto.ru/catalog/cars/renault/laguna/;https://auto.ru/catalog/cars/renault/laguna/specifications/;https://www.auto-data.net/en/renault-laguna-coupe-2.0-dci-fap-150hp-10281;https://www.press.renault.co.uk/releases/91,pending,,2026-09-16T14:21:31+00:00
7da4e624aeda91a88c50,RU,Rolls-Royce,Phantom,15,1925-1931; 1929-1936; 1936-1939; 1950-1956; 1959-1968; 2003-2012; 2012-2017; 2017-2026,I; II; III; IV; V; VII; VII Рестайлинг (Series II); VIII,Convertible; Coupe; Sedan,SD0; SD1,https://auto.ru/catalog/cars/rolls_royce/phantom/;https://auto.ru/catalog/cars/rolls_royce/phantom/specifications/,pending,,2026-09-16T14:21:31+00:00
7361ddb4650e0236dad4,EU;RU,Rover,75,15,1999-2001; 1999-2004; 1999-2005; 2001-2005; 2003-2005; 2004-2005,75; 75 Tourer facelift 2004; 75 Tourer pre-facelift; 75 facelift; 75 facelift 2004; 75 pre-facelift; I; I Рестайлинг,Sedan; Wagon; Wagon 5-door,H2; SD1,https://auto.ru/catalog/cars/rover/75/;https://auto.ru/catalog/cars/rover/75/specifications/;https://roverownersclub.com.au/wp-content/uploads/2016/05/63-Rover-75-75-Tourer-Publication-MGRA-75-07-04B-July-2004.pdf;https://www.auto-data.net/en/rover-75-facelift-2004-2.5-v6-177hp-49210;https://www.auto-data.net/en/rover-75-generation-2464;https://www.auto-data.net/es/rover-75-2.5-v6-177hp-11645;https://www.automobile-catalog.com/car/2001/3015380/rover_75_1_8_tourer.html;https://www.automobile-catalog.com/car/2004/3015860/rover_75_1_8_t_tourer.html,pending,,2026-09-16T14:21:31+00:00
e4db9fc66358def81366,EU,Suzuki,Swift ii,15,1989-1991; 1989-1994; 1989-1997; 1989-2001; 1990-2001; 1991-1995; 1994-2001; 1995-2005; 2001-2003,II; Swift II; Swift II facelift,Hatchback; Sedan,H0; SD1,https://suzuki.drive.place/swift/ii/group_hatchback_3d/271206;https://suzuki.drive.place/swift/ii/group_sedan/271005;https://www.auto-data.net/en/suzuki-cultus-ii-1.6-i-sf416-aj14-92hp-4wd-16552;https://www.auto-data.net/en/suzuki-cultus-ii-generation-3722;https://www.auto-data.net/en/suzuki-cultus-ii-hatchback-1.3-3-dr-68hp-4wd-16540;https://www.auto-data.net/en/suzuki-cultus-ii-hatchback-1.3-gti-3-dr-101hp-16541;https://www.auto-data.net/en/suzuki-cultus-ii-hatchback-1.3-i-3-dr-68hp-16542;https://www.auto-data.net/en/suzuki-cultus-ii-hatchback-1.3-i-5-dr-68hp-16544,pending,,2026-09-16T14:21:31+00:00
4fc7563f4d729e6c12b0,RU,Toyota,Carina,15,1973-1978; 1978-1983; 1982-1988; 1984-1988; 1987-1993; 1992-1996; 1996-2001,"I (A10); II (A40, A50); III (A60); IV (T150); V (T170); VI (T190); VII (T210)",Coupe; Hatchback 5-door; Sedan; Wagon 5-door,H0; H2; SD0; SD1,https://auto.ru/catalog/cars/toyota/carina/;https://auto.ru/catalog/cars/toyota/carina/specifications/,pending,,2026-09-16T14:21:31+00:00
42e4d2fd4794e8cb200b,EU,VW,Arteon,15,2017-2020; 2017-2021; 2017-2026; 2018-2026; 2020-2021; 2020-2024; 2020-2026; 2024-2026,Arteon I; Arteon I 3H Shooting Brake; Arteon I Pre-Facelift; Arteon I facelift; Volkswagen Arteon I facelift,Hatchback; Liftback; Wagon,H0; SD0; SD1,https://www.auto-data.net/en/volkswagen-arteon-facelift-2020-1.4-tsi-218hp-ehybrid-dsg-41794;https://www.auto-data.net/en/volkswagen-arteon-facelift-2020-generation-7833;https://www.auto-data.net/en/volkswagen-arteon-generation-5396;https://www.auto-data.net/en/volkswagen-arteon-shooting-brake-facelift-2020-1.4-tsi-218hp-ehybrid-dsg-41796;https://www.auto-data.net/en/volkswagen-arteon-shooting-brake-facelift-2020-generation-7832;https://www.volkswagen-newsroom.com/en/arteon-r-and-arteon-r-shooting-brake-test-drive-7003/technical-data-7015;https://www.vwpress.co.uk/assets/documents/original/1826-New_Arteon_price_list_8_8_17_1.pdf,pending,,2026-09-16T14:21:31+00:00
aafc62139b29135997dd,EU,VW,Passat b2,15,1979-1988; 1980-1983; 1980-1986; 1980-1988; 1981-1983; 1982-1988; 1983-1988; 1984-1985; 1984-1988; 1985-1988; 1986-1988; 1988-1989,Passat B2; Volkswagen Passat B2,Hatchback; Sedan,H0; SD1,https://www.auto-data.net/en/volkswagen-passat-b2-1.6-td-80hp-9002;https://www.auto-data.net/en/volkswagen-santana-32b-1.6-75hp-8528;https://www.volkswagen-newsroom.com/en/vehicle-data-passat-b2-profile-19538,pending,,2026-09-16T14:21:31+00:00
79d8cfe488cb90af5df4,EU,VW,Transporter t1,15,1950-1962; 1962-1966; 1962-1967; 1962-1968; 1964-1968; 1966-1967; 1966-1970,Transporter T1; Transporter T2; Volkswagen Transporter T1,MPV; Pickup; Van,P0; SU1,https://autocatalogarchive.com/wp-content/uploads/2019/06/VW-T1-Transporter-1965-AU.pdf;https://de.wikipedia.org/wiki/VW_T1;https://de.wikipedia.org/wiki/VW_T2;https://www.fahrzeugseiten.de/Nutzfahrzeuge/VW/Bulli_T1_Bus/bulli_t1_bus.html;https://www.fahrzeugseiten.de/Nutzfahrzeuge/VW/Bulli_T1_Kasten/bulli_t1_kasten.html;https://www.werkstatteinkauf.de/items/zundverteiler-einzelteile-22208/jp-group-8191500202-kondensator-zundanlage-bosch/45963878/,pending,,2026-09-16T14:21:31+00:00
370447efab821088103c,RU,Audi,S5,14,2007-2011; 2011-2016; 2016-2019; 2019-2024; 2024-2026,I (8T); I (8T) Рестайлинг; II (F5); II (F5) Рестайлинг; III (B10),Convertible; Coupe; Liftback; Wagon 5-door,H0; H2; SD0,https://auto.ru/catalog/cars/audi/s5/;https://auto.ru/catalog/cars/audi/s5/specifications/,pending,,2026-09-16T14:21:31+00:00
b37ebfc0e002ea000046,RU,Audi,S6,14,1994-1997; 1999-2004; 2006-2008; 2008-2011; 2012-2014; 2014-2018; 2019-2025,I (C4); II (C5); III (C6); III (C6) Рестайлинг; IV (C7); IV (C7) Рестайлинг; V (C8),Sedan; Wagon 5-door,H2; SD1,https://auto.ru/catalog/cars/audi/s6/;https://auto.ru/catalog/cars/audi/s6/specifications/,pending,,2026-09-16T14:21:31+00:00
9d34e0aa7d4d297804e8,EU;RU,Chevrolet,Cavalier,14,1982-1987; 1988-1994; 1989-1991; 1989-1994; 1991-1996; 1995-2005,Cavalier II; Cavalier III; I; II; III,Convertible; Coupe; Sedan; Wagon 5-door,H2; SD0; SD1,https://auto.ru/catalog/cars/chevrolet/cavalier/;https://auto.ru/catalog/cars/chevrolet/cavalier/specifications/;https://www.automobile-catalog.com/car/1990/468305/chevrolet_cavalier_coupe_2_2l_efi.html;https://www.automobile-catalog.com/car/1992/468905/chevrolet_cavalier_z24_coupe.html;https://www.automobile-catalog.com/car/1996/474815/chevrolet_cavalier_sedan_2_2l_sfi.html;https://www.edmunds.com/chevrolet/cavalier/1990/sedan/features-specs/;https://www.edmunds.com/chevrolet/cavalier/1992/features-specs/,pending,,2026-09-16T14:21:31+00:00
897d55f2d39086b0f1f1,EU,Citroën,Ds3,14,2009-2015; 2010-2015; 2011-2015; 2012-2015; 2013-2015; 2014-2015; 2015-2015,DS3; DS3 I; DS3 I Cabrio,Convertible; Hatchback,H0; SD0,https://autocatalogarchive.com/wp-content/uploads/2016/08/Citroen-DS3-2010-UK.pdf;https://autocatalogarchive.com/wp-content/uploads/2016/08/Citroen-DS3-Cabrio-2012-UK.pdf;https://www.auto-data.net/en/citroen-ds-3-phase-i-cabrio-generation-4406;https://www.automobile-catalog.com/car/2011/1214165/citroen_ds3_thp_150_sportchic.html;https://www.automobile-catalog.com/car/2011/1451810/citroen_ds3_racing.html;https://www.automobile-catalog.com/car/2014/2086055/citroen_ds3_cabrio_racing.html;https://www.carsguide.com.au/citroen/ds3/car-dimensions/2010;https://xr793.com/wp-content/uploads/2022/09/2012-Citroen-DS3-Racing-Black-Tech-Specs-UK.pdf,pending,,2026-09-16T14:21:31+00:00
cfda498b43717ec89129,RU,Ford,Torino,14,1968-1969; 1970-1971; 1972-1976,I; II; III,Convertible; Coupe; Fastback; Sedan; Wagon 5-door,H0; H2; SD0; SD1,https://auto.ru/catalog/cars/ford/torino/;https://auto.ru/catalog/cars/ford/torino/specifications/,pending,,2026-09-16T14:21:31+00:00
3afa5af23ea57e1836e6,RU,Hyundai,Avante,14,1995-1998; 1998-2000; 2000-2003; 2003-2006; 2006-2010; 2010-2015; 2015-2018; 2018-2020; 2020-2023; 2023-2026; 2026-2026,II; II Рестайлинг; III; III Рестайлинг; IV; V; VI; VI Рестайлинг; VII; VII Рестайлинг; VIII,Coupe; Liftback; Sedan; Wagon 5-door,H0; H2; SD0; SD1,https://auto.ru/catalog/cars/hyundai/avante/;https://auto.ru/catalog/cars/hyundai/avante/specifications/,pending,,2026-09-16T14:21:31+00:00
07d5cbbe91579bdc5ba6,RU,Mercury,Montego,14,1967-1969; 1969-1971; 1971-1973; 1973-1976; 2004-2007,I; I Рестайлинг; II; II Рестайлинг; III,Convertible; Coupe; Sedan; Wagon 5-door,H2; SD0; SD1,https://auto.ru/catalog/cars/mercury/montego/;https://auto.ru/catalog/cars/mercury/montego/specifications/,pending,,2026-09-16T14:21:31+00:00
8c70d06adbad7e45f655,EU,Mitsubishi,Pajero iii canvas top,14,2000-2006; 2001-2006,Pajero III,Convertible; SUV,SD0; SU1,https://www.auto-data.net/en/mitsubishi-pajero-iii-3.2-di-d-165hp-5-seat-automatic-24528;https://www.auto-data.net/en/mitsubishi-pajero-iii-3.2-di-d-165hp-7-seat-automatic-24527;https://www.auto-data.net/en/mitsubishi-pajero-iii-3.5-v6-gdi-202hp-5-seat-15496;https://www.auto-data.net/en/mitsubishi-pajero-iii-3.5-v6-gdi-202hp-7-seat-15497;https://www.manualslib.fr/manual/332122/Mitsubishi-Pajero.html?page=24;https://www.manualslib.fr/manual/332122/Mitsubishi-Pajero.html?page=27,pending,,2026-09-16T14:21:31+00:00
bbca698a761e391d590f,RU,Nissan,Almera,14,1995-2000; 2000-2003; 2002-2006; 2011-2014; 2012-2018; 2014-2019; 2019-2023; 2023-2026,I (N15); II (N16); II (N16) Рестайлинг; III (G15); III (N17); III (N17) Рестайлинг; IV (N18); IV (N18) Рестайлинг,Hatchback 3-door; Hatchback 5-door; Sedan,H0; SD1,https://auto.ru/catalog/cars/nissan/almera/;https://auto.ru/catalog/cars/nissan/almera/specifications/,pending,,2026-09-16T14:21:31+00:00
2342bd365d9414cc7659,RU,Nissan,Patrol,14,1980-1994; 1987-1997; 1997-2004; 2004-2024; 2010-2014; 2014-2019; 2019-2024; 2024-2026,"III (K160, K260); IV (Y60); V (Y61); V (Y61) Рестайлинг; VI (Y62); VI (Y62) Рестайлинг; VI (Y62) Рестайлинг 2; VII (Y63)",Pickup; SUV; SUV 3-door; SUV 5-door,P0; SU1,https://auto.ru/catalog/cars/nissan/patrol/;https://auto.ru/catalog/cars/nissan/patrol/specifications/,pending,,2026-09-16T14:21:31+00:00
95133f50ec6391e6603b,EU,Nissan,Trade,14,1993-1998; 1994-1998; 1996-1998; 1996-2001; 1997-2000; 1998-2001,Trade; Trade 100; Trade TC/TX,Chassis Cab; MPV; Pickup; Van,P0; SU1,https://www.arabwheels.ae/new-cars/nissan/trade/specifications/;https://www.autocasion.com/marcas/nissan/trade-industrial/trade-100-furgon-4-puertas-18489;https://www.autocasion.com/marcas/nissan/trade-industrial/trade-75-chasis-cabina-2-puertas-18486;https://www.coches.net/fichas_tecnicas/nissan/trade/industriales/4-puertas/100_combi9_108cv_diesel/16952/21177219980701/;https://www.coches.net/fichas_tecnicas/nissan/trade/industriales/4-puertas/100_combi9_hiroof_108cv_diesel/16964/21177519980901/;https://www.coches.net/fichas_tecnicas/nissan/trade/industriales/4-puertas/100_combi9_lwb_108cv_diesel/16976/21177819980901/;https://www.coches.net/fichas_tecnicas/nissan/trade/industriales/4-puertas/100_lwb_108cv_diesel/16968/21177619970102/,pending,,2026-09-16T14:21:31+00:00
3ec83d35c7761813b7b7,EU;RU,Nissan,Urvan,14,1981-1982; 1982-1987; 1982-1988; 1985-1988; 1986-1994; 1986-2001; 1987-1994; 1987-1997; 1988-1997; 1989-1993; 1989-1996; 2001-2012,III (E24); IV (E25); Urvan E23; Urvan E24; Urvan III; Urvan III (E24),MPV; Van,SU1; V0,https://auto.ru/catalog/cars/nissan/urvan/;https://auto.ru/catalog/cars/nissan/urvan/20334821/21757034/specifications/21757034__22762593/;https://auto.ru/catalog/cars/nissan/urvan/specifications/;https://datsun.drive.place/urvan/e23/group_minivan/373103;https://nissan.drive.place/urvan/iii/group_furgon/600589;https://nissan.drive.place/urvan/iii/group_furgon/600602;https://www.carsguide.com.au/nissan/urvan/car-dimensions/1987;https://www.carspecsguru.com/nissan/urvan/4601/9000/modification-60265,pending,,2026-09-16T14:21:31+00:00
b1e8b78c85db6ededb2f,EU,Opel,Astra f caravan,14,1991-1992; 1991-1994; 1991-1998; 1992-1994; 1992-1998; 1993-1996; 1993-1998; 1994-1998; 1995-1998; 1996-1998,Astra F; Astra F Caravan; Astra F facelift,Van; Wagon,SD1; SU1,https://www.auto-data.net/en/opel-astra-f-caravan-1.7-d-57hp-2485;https://www.auto-data.net/en/opel-astra-f-caravan-1.8i-90hp-2489;https://www.auto-data.net/en/opel-astra-f-caravan-facelift-1994-generation-6632,pending,,2026-09-16T14:21:31+00:00
7a9511971d60281a8bf9,RU,Opel,Vectra,14,1988-1995; 1995-2000; 1999-2002; 2002-2005; 2005-2008,A; B; B Рестайлинг; C; C Рестайлинг,Liftback; Sedan; Wagon 5-door,H0; H2; SD1,https://auto.ru/catalog/cars/opel/vectra/;https://auto.ru/catalog/cars/opel/vectra/specifications/,pending,,2026-09-16T14:21:31+00:00
49f4a86a1d34f3dcbd5b,RU,Renault,Espace,14,1984-1991; 1991-1996; 1996-2002; 2002-2006; 2006-2012; 2012-2014; 2015-2019; 2019-2023; 2023-2025; 2025-2026,I; II; III; IV; IV Рестайлинг; IV Рестайлинг 2; V; V Рестайлинг; VI; VI Рестайлинг,MPV; SUV 5-door,SU1; V0,https://auto.ru/catalog/cars/renault/espace/;https://auto.ru/catalog/cars/renault/espace/specifications/,pending,,2026-09-16T14:21:31+00:00
b5887ecb8dd82da2a740,EU,Rover,200 ii,14,1989-1995; 1990-1992; 1990-1995; 1991-1995; 1992-1995; 1992-1999; 1993-1995; 1993-1999; 1995-1999; 1995-2000; 1996-1999; 1998-2000; 1999-2000,200 Cabriolet (R8); 200 II; 200 II (RF); 200 III; Rover 200 II; Rover 200 II (R8),Convertible; Hatchback,H0; SD0,https://www.auto-data.net/en/rover-200-cabrio-xw-214-i-103hp-11576;https://www.auto-data.net/en/rover-200-model-1222;https://www.auto-data.net/en/rover-200-rf-generation-2449;https://www.auto-data.net/en/rover-200-xw-214-i-75hp-11569;https://www.auto-data.net/en/rover-200-xw-generation-2451;https://www.automobile-catalog.com/car/1993/3010595/rover_220_gti_turbo.html;https://www.automobile-catalog.com/car/1996/3012155/rover_200_vi.html,pending,,2026-09-16T14:21:31+00:00
e310f2311049e8f6413a,RU,Skoda,Octavia RS,14,2001-2006; 2005-2008; 2008-2013; 2013-2017; 2017-2020; 2020-2024; 2024-2026,I; II; II Рестайлинг; III; III Рестайлинг; IV; IV Рестайлинг,Liftback; Wagon 5-door,H0; H2,https://auto.ru/catalog/cars/skoda/octavia_rs/;https://auto.ru/catalog/cars/skoda/octavia_rs/specifications/,pending,,2026-09-16T14:21:31+00:00
35e941c269d989538a12,RU,Toyota,Mark II,14,1968-1978; 1972-1976; 1976-1980; 1980-1984; 1984-1997; 1988-1996; 1992-1996; 1996-2002; 2000-2007,I (T60); II (X10); III (X30); IV (X60); IX (X110); V (X70); VI (X80); VII (X90); VIII (X100),Coupe; Sedan; Wagon 5-door,H2; SD0; SD1,https://auto.ru/catalog/cars/toyota/mark_ii/;https://auto.ru/catalog/cars/toyota/mark_ii/specifications/,pending,,2026-09-16T14:21:31+00:00
6a10618e23660fa638d4,EU;RU,Toyota,Proace city,14,2019-2024; 2019-2026; 2021-2024; 2021-2026; 2024-2026,I; I Рестайлинг; K9; Proace City I; Proace City Verso I,MPV; Van,SU1; V0,https://auto.ru/catalog/cars/toyota/proace_city/;https://auto.ru/catalog/cars/toyota/proace_city/specifications/;https://media.toyota.co.uk/wp-content/uploads/sites/5/2021/03/1614163030210223MProaceCityTechSpec.pdf;https://www.auto-data.net/en/toyota-proace-city-l1-generation-9202;https://www.auto-data.net/en/toyota-proace-city-l2-generation-9203;https://www.auto-data.net/en/toyota-proace-city-verso-l1-generation-9207;https://www.auto-data.net/en/toyota-proace-city-verso-l2-generation-9208,pending,,2026-09-16T14:21:31+00:00
6509df9ff5c5ff2e6c82,EU,VW,Golf sportsvan vii,14,2014-2016; 2014-2017; 2014-2018; 2014-2020; 2015-2020; 2016-2020; 2017-2018; 2017-2019; 2017-2020,Golf Sportsvan VII; Golf Sportsvan VII Facelift,Hatchback,H0; V0,https://www.auto-data.net/en/volkswagen-golf-vii-sportsvan-1.2-tsi-85hp-23264;https://www.auto-data.net/en/volkswagen-golf-vii-sportsvan-facelift-2017-generation-5939,pending,,2026-09-16T14:21:31+00:00
2ddd1d2b9f12cb5a52b7,EU,VW,Passat b1,14,1973-1975; 1973-1977; 1973-1978; 1973-1980; 1975-1980; 1977-1980; 1978-1980,Passat B1; Volkswagen Passat B1,Hatchback; Sedan,H0; SD1,https://www.volkswagen-newsroom.com/en/vehicle-data-passat-b1-profile-19535,pending,,2026-09-16T14:21:31+00:00
10e6d9503d1c0fd6fd2b,EU,VW,T-Roc,14,2017-2026; 2018-2019; 2018-2021; 2018-2026; 2019-2021; 2019-2026; 2020-2026; 2021-2026; 2025-2026,T-Roc I; T-Roc I Cabriolet; T-Roc II,Convertible; SUV,SD0; SU1,https://www.auto-data.net/en/volkswagen-t-roc-i-1.0-tsi-116hp-31216;https://www.auto-data.net/en/volkswagen-t-roc-i-1.5-tsi-150hp-act-36112;https://www.auto-data.net/en/volkswagen-t-roc-i-2.0-tdi-150hp-4motion-32057;https://www.auto-data.net/en/volkswagen-t-roc-i-facelift-2022-1.0-tsi-110hp-45198;https://www.volkswagen-newsroom.com/en/publications/more/the-new-t-roc-factsheet-3133/download;https://www.volkswagen.co.uk/en/new/t-roc-cabriolet/t-roc-cabriolet-dimensions.html,pending,,2026-09-16T14:21:31+00:00
77a044ddcd47adfa4f61,EU,VW,Transporter t2,14,1967-1970; 1968-1979; 1970-1979; 1971-1973; 1973-1975; 1975-1979; 1976-1979,Transporter T2; Transporter T2a; Transporter T2b; Volkswagen Transporter T2,Bus; MPV; Pickup; Van,P0; SU1,https://de.wikipedia.org/wiki/VW_T2;https://www.fahrzeugseiten.de/Nutzfahrzeuge/VW/Bulli_T2_Kasten/bulli_t2_kasten.html;https://www.justkampers.com/vehicles/vw-t2-bay-window/,pending,,2026-09-16T14:21:31+00:00
b3bf0d051b6410b3c867,EU;RU,Alpina,B8,13,1979-1986; 1995-1998; 2021-2025; 2021-2026; 2024-2025,B8 4.6; B8 4.6 Cabriolet; B8 4.6 Coupé; B8 4.6 Touring; B8 GT Gran Coupé; B8 Gran Coupé; B8 Gran Coupé LCI; E23; E36; G16,Convertible; Coupe; Sedan; Wagon; Wagon 5-door,H2; SD0; SD1,https://auto.ru/catalog/cars/alpina/b8/;https://auto.ru/catalog/cars/alpina/b8/specifications/;https://b8gt.alpina.de/wp-content/uploads/2025/01/BMW_ALPINA_B8_GT_Technical_Data.pdf;https://www.alpina-automobiles.com/fileadmin/user_upload/PDF_Brochure/ALPINA_Models/2022_02_DE/B8/index.html;https://www.auto-data.net/en/alpina-b8-coupe-e36-4.6-i-v8-24v-333hp-1646;https://www.auto-data.net/en/alpina-b8-e36-4.6-i-v8-32v-333hp-1643;https://www.press.bmwgroup.com/canada/article/attachment/T0338596EN/486423;https://www.ultimatespecs.com/car-specs/Alpina/119037/Alpina-E36-3-Series-Cabriolet-B8-46.html,pending,,2026-09-16T14:21:31+00:00
d4bb2285b9a4d40e3848,RU,BMW,6 серии,13,1976-1989; 2003-2007; 2007-2010; 2011-2015; 2015-2018; 2017-2020; 2020-2024,I (E24); II (E63/E64); II (E63/E64) Рестайлинг; III (F06/F13/F12); III (F06/F13/F12) Рестайлинг; IV (G32); IV (G32) Рестайлинг,Convertible; Coupe; Liftback; Sedan,H0; SD0; SD1,https://auto.ru/catalog/cars/bmw/6er/;https://auto.ru/catalog/cars/bmw/6er/specifications/,pending,,2026-09-16T14:21:31+00:00
d975e61ed7250be928d0,EU;RU,Buick,Lesabre,13,1959-1960; 1961-1964; 1965-1970; 1977-1986; 1986-1987; 1986-1991; 1991-1995; 1992-1999; 1999-2026; 2000-2005,I; II; III; LeSabre VI; LeSabre VII; LeSabre VIII; V; VI; VII; VIII,Convertible; Sedan; Wagon 5-door,H2; SD0; SD1,https://auto.ru/catalog/cars/buick/le_sabre/;https://auto.ru/catalog/cars/buick/le_sabre/specifications/;https://www.automobile-catalog.com/car/1987/317780/buick_le_sabre_custom_sedan.html;https://www.automobile-catalog.com/car/1992/321590/buick_le_sabre_custom.html;https://www.automobile-catalog.com/car/2000/323690/buick_le_sabre_limited.html;https://www.edmunds.com/buick/lesabre/1992/features-specs/;https://www.edmunds.com/buick/lesabre/2000/features-specs/,pending,,2026-09-16T14:21:31+00:00
673840066e6add1740b0,EU;RU,Chevrolet,Nova,13,1967-1974; 1973-1979; 1976-1978; 1985-1988,III; Nova III; Nova IV; VI,Coupe; Hatchback 5-door; Sedan,H0; SD0; SD1,https://auto.ru/catalog/cars/chevrolet/nova/;https://auto.ru/catalog/cars/chevrolet/nova/specifications/;https://autocatalogarchive.com/wp-content/uploads/2025/06/Chevrolet-Nova-1973-USA.pdf;https://autocatalogarchive.com/wp-content/uploads/2025/06/Chevrolet-Nova-1974-USA.pdf;https://news.chevrolet.com/content/dam/company/no_search/heritage-archive-docs/vehicle-information-kits/chevrolet/1978-Chevrolet-Nova.pdf;https://news.chevrolet.com/content/dam/company/no_search/heritage-archive-docs/vehicle-information-kits/chevrolet/1979-Chevrolet-Nova.pdf;https://www.automobile-catalog.com/car/1977/196370/chevrolet_nova_2-door_coupe_350-4_v-8_4-speed.html;https://www.automobile-catalog.com/car/1977/196730/chevrolet_nova_4-door_sedan_350-4_v-8_4-speed.html,pending,,2026-09-16T14:21:31+00:00
6cb27ba4fc8501a5f837,EU,Chrysler,Le baron,13,1986-1990; 1986-1993; 1989-1991; 1989-1993; 1989-1994; 1990-1993; 1990-1994; 1990-1996,Le Baron III; LeBaron Convertible J; LeBaron III; LeBaron Sedan AA,Convertible; Coupe; Sedan,SD0; SD1,https://www.auto-data.net/en/chrysler-le-baron-coupe-3.0-i-v6-136hp-14702;https://www.automobile-catalog.com/car/1988/515780/chrysler_le_baron_coupe_2_5l.html;https://www.automobile-catalog.com/car/1992/517385/chrysler_le_baron_coupe_gtc_2_5l_turbo_i_automatic.html;https://www.edmunds.com/chrysler/le-baron/1990/st-10469/features-specs/;https://xr793.com/wp-content/uploads/2017/01/1992-Chrysler-Lebaron.pdf;https://xr793.com/wp-content/uploads/2025/11/1990-Chrysler-LeBaron-Coupe-Convertible.pdf,pending,,2026-09-16T14:21:31+00:00
94a36528291140e14c91,RU,Citroen,C4,13,2004-2014; 2008-2011; 2010-2016; 2015-2022; 2020-2024; 2024-2026,I; I Рестайлинг; II; II Рестайлинг; III; III Рестайлинг,Hatchback 3-door; Hatchback 5-door; Sedan,H0; SD1,https://auto.ru/catalog/cars/citroen/c4/;https://auto.ru/catalog/cars/citroen/c4/specifications/,pending,,2026-09-16T14:21:31+00:00
05ed266a0843a6381191,EU,Citroën,C4 ii,13,2009-2015; 2009-2016; 2009-2026; 2010-2026; 2011-2026; 2012-2026; 2013-2015; 2013-2026; 2014-2017; 2014-2018; 2015-2017; 2015-2018,C4 II; C4 II Phase I,Hatchback; Sedan,H0; SD1,https://citroen-ap.ru/about-company/news/avtomobili-citroen/citroen-c4-sedan-harakteristiki-i-opisanie-modeli;https://www.auto-data.net/en/citroen-c4-ii-hatchback-phase-i-2010-generation-4005;https://www.auto-data.net/en/citroen-c4-model-1695;https://www.automobile-catalog.com/car/2011/1451930/citroen_c4_hdi_150_tendance.html;https://www.c4-sedan.ru/viewpage.php?page_id=4;https://xr793.com/wp-content/uploads/2020/09/2015-Citroen-C4.pdf,pending,,2026-09-16T14:21:31+00:00
9c4f6b140e2bd560d7bc,RU,Daihatsu,Charade,13,1977-1983; 1983-1987; 1987-1993; 1993-1995; 1995-2000,I; II; III; IV; IV Рестайлинг,Hatchback 3-door; Hatchback 5-door; Sedan,H0; SD1,https://auto.ru/catalog/cars/daihatsu/charade/;https://auto.ru/catalog/cars/daihatsu/charade/specifications/,pending,,2026-09-16T14:21:31+00:00
8f0eebdce4266949ee7a,EU;RU,Ford,Ka,13,1996-2002; 1996-2008; 1998-2008; 2001-2008; 2002-2005; 2002-2008; 2008-2016; 2014-2021,I; II; III; Ka I; Ka II,Convertible; Hatchback; Hatchback 3-door; Hatchback 5-door,H0; SD0,https://auto.ru/catalog/cars/ford/ka/;https://auto.ru/catalog/cars/ford/ka/specifications/;https://autocatalogarchive.com/wp-content/uploads/2025/12/Ford-Ka-1996-UK-.pdf;https://www.bluelightcars.co.uk/wp-content/uploads/Ford-Brochure-KA.pdf;https://www.fordservicecontent.com/Ford_Content/Catalog/owner_information/Ford_Ka_owners_guide.pdf,pending,,2026-09-16T14:21:31+00:00
d6f64ce8fcd306c4559e,EU,Iveco,Daily i,13,1978-1989; 1983-1989; 1985-1989,Daily I,Chassis Cab; MPV; Van,P0; SU1,https://katalogus.hasznaltauto.hu/iveco/daily_35-10_c/50258;https://privat.albicker.org/docs/iveco-technik/40-10w.pdf;https://privat.albicker.org/docs/iveco-technik/40-10wc.pdf;https://privat.albicker.org/docs/iveco-technik/40-10wv.pdf;https://www.autocentrum.pl/dane-techniczne/iveco/daily/i/silnik-diesla-2.5-td-80km-1978-1990/,pending,,2026-09-16T14:21:31+00:00
c7b52c59b89c75577fae,EU;RU,KIA,Stonic,13,2017-2020; 2017-2025; 2017-2026; 2018-2025; 2018-2026; 2020-2025; 2021-2025; 2021-2026; 2024-2025; 2025-2026; 2026-2026,I; I Рестайлинг; I Рестайлинг 2; Kia Stonic I; Stonic I; Stonic I (facelift),Hatchback; SUV; SUV 5-door,H0; SU1,https://auto.ru/catalog/cars/kia/stonic/;https://auto.ru/catalog/cars/kia/stonic/specifications/;https://www.auto-data.net/en/kia-stonic-1.0-t-gdi-120hp-31102;https://www.auto-data.net/en/kia-stonic-facelift-2025-1.0-t-gdi-115hp-mild-hybrid-55503;https://www.kia.com/content/dam/kwcms/kme/mt/mt/assets/contents/utility/brochures/StonicBrochure_210X210_AV_Jan-Feb2018.pdf,pending,,2026-09-16T14:21:31+00:00
ea7699e8da1d7bc93870,RU,Lada (ВАЗ),Granta,13,2011-2018; 2018-2026,I; I Рестайлинг,Hatchback 5-door; Liftback; Sedan; Wagon 5-door,H0; H2; SD1,https://auto.ru/catalog/cars/vaz/granta/;https://auto.ru/catalog/cars/vaz/granta/specifications/,pending,,2026-09-16T14:21:31+00:00
bde6a7140b89cc78adf3,RU,Lada (ВАЗ),Vesta,13,2015-2022; 2022-2026,I; I Рестайлинг (NG),Sedan; Wagon 5-door,H2; SD1,https://auto.ru/catalog/cars/vaz/vesta/;https://auto.ru/catalog/cars/vaz/vesta/specifications/,pending,,2026-09-16T14:21:31+00:00
0dc1c5a3591089ba195a,EU;RU,Lancia,Musa,13,2004-2007; 2004-2012; 2005-2012; 2006-2012; 2007-2012; 2008-2012; 2009-2012; 2010-2012,I; I Рестайлинг; Musa; Musa I; Musa I (facelift 2007); Musa I facelift; Musa facelift,MPV,SU1; V0,https://auto.ru/catalog/cars/lancia/musa/;https://auto.ru/catalog/cars/lancia/musa/specifications/;https://www.auto-data.net/en/lancia-musa-1.3-multijet-90hp-31785;https://www.auto-data.net/en/lancia-musa-facelift-2007-1.3-multijet-90hp-automatic-31788;https://www.auto-data.net/en/lancia-musa-model-540;https://www.automobile-catalog.com/car/2010/1387370/lancia_musa_1_6_multijet_16v_120_platino_dpf.html,pending,,2026-09-16T14:21:31+00:00
920d2df917cca9f7914b,EU,Land Rover,110/127,13,1983-1990; 1984-1987; 1984-1990; 1985-1990; 1986-1990,Land Rover 110; Land Rover 110/127; Land Rover One Ten; Land Rover One Two Seven,Pickup; SUV,P0; SU1,https://autocatalogarchive.com/wp-content/uploads/2017/05/Land-Rover-Defender-2010-UK-.pdf;https://www.automobile-catalog.com/car/1984/1393655/land-rover_110_hard_top_2_5_diesel.html;https://www.automobile-catalog.com/car/1985/1393385/land-rover_110_station_wagon_2_5_diesel.html;https://www.automobile-catalog.com/car/1985/1393820/land-rover_110_pick-up_v8.html;https://www.automobile-catalog.com/car/1986/1394435/land-rover_110_county_v8.html;https://www.automobile-catalog.com/car/1987/1393910/land-rover_110_hard_top_2_5_diesel.html;https://www.automobile-catalog.com/car/1987/1394420/land-rover_110_county_2_5_turbo_diesel.html;https://www.ultimatespecs.com/car-specs/Land-Rover/415/Land-Rover-110-V8.html,pending,,2026-09-16T14:21:31+00:00
d3d9a19cb748900658b4,EU;RU,Land Rover,Defender,13,1983-2007; 2007-2016; 2011-2016; 2019-2026,Defender I; I; I Рестайлинг; II,Chassis Cab; Pickup; SUV 3-door; SUV 5-door,P0; SU1,https://auto.ru/catalog/cars/land_rover/defender/;https://auto.ru/catalog/cars/land_rover/defender/specifications/;https://www.carexpert.com.au/land-rover/defender/2011-2-4l-cab-chassis-4x4-diesel-manual-jookfg5o20101118,pending,,2026-09-16T14:21:31+00:00
1e66208eec8ad35f3ce3,RU,Mitsubishi,Colt,13,1978-1984; 1984-1988; 1988-1992; 1992-1996; 1995-2003; 2002-2012; 2008-2012; 2023-2026,I (A150); II (C10); III (C50); IV (CA0); V (CJ); VI (Z20/Z30); VI (Z30) Рестайлинг; VII,Convertible; Hatchback 3-door; Hatchback 5-door; Wagon 5-door,H0; H2; SD0,https://auto.ru/catalog/cars/mitsubishi/colt/;https://auto.ru/catalog/cars/mitsubishi/colt/specifications/,pending,,2026-09-16T14:21:31+00:00
6236fa22282138591b43,EU,Mitsubishi,Galant vi,13,1987-1990; 1987-1992; 1988-1992; 1989-1992; 1991-1992,Galant VI; Galant VI (E30),Hatchback; Sedan,H0; SD1,https://mitsubishi.drive.place/galant/vi/group_hatchback_5d/170042;https://tunel.az/en/catalog/mitsubishi/galant/mitsubishi-galant-vi-hatchback/833889ba-ee75-41c4-8b7f-9653a94c4394;https://www.auto-data.net/en/mitsubishi-galant-vi-hatchback-2.0-gti-16v-4x4-144hp-15392;https://www.automobile-catalog.com/car/1992/1938230/mitsubishi_galant_1800_gls_turbo_diesel.html,pending,,2026-09-16T14:21:31+00:00
261c42835789534448ed,RU,Nissan,Gloria,13,1959-1962; 1962-1967; 1967-1971; 1971-1975; 1975-1979; 1979-1983; 1983-1999; 1987-1999; 1991-1995; 1995-1999; 1999-2004,I; II (S40); III (A30); IV (230); IX (Y32); V (330); VI (430); VII (Y30); VIII (Y31); X (Y33); XI (Y34),Sedan; Wagon 5-door,H2; SD1,https://auto.ru/catalog/cars/nissan/gloria/;https://auto.ru/catalog/cars/nissan/gloria/specifications/,pending,,2026-09-16T14:21:31+00:00
dbf50cff7402e475c97e,RU,Nissan,Sentra,13,1982-1986; 1985-1990; 1994-1999; 1999-2006; 2006-2009; 2009-2012; 2012-2017; 2015-2019; 2019-2023; 2023-2025; 2025-2026,I (B11); II (B12); IV (B14); IX (B19); V (B15); VI (B16); VI (B16) Рестайлинг; VII (B17); VII (B17) Рестайлинг; VIII (B18); VIII (B18) Рестайлинг,Coupe; Sedan; Wagon 5-door,H2; SD0; SD1,https://auto.ru/catalog/cars/nissan/sentra/;https://auto.ru/catalog/cars/nissan/sentra/specifications/,pending,,2026-09-16T14:21:31+00:00
5a37092102be6a27c947,EU,Opel,Kadett b,13,1965-1971; 1966-1971; 1967-1971; 1967-1973; 1971-1973,B; Kadett B,Coupe; Hatchback; Sedan,H0; SD0; SD1,https://www.adac.de/rund-ums-fahrzeug/autokatalog/marken-modelle/opel/kadett/b/345437/;https://www.adac.de/rund-ums-fahrzeug/autokatalog/marken-modelle/opel/kadett/b/345438/;https://www.adac.de/rund-ums-fahrzeug/autokatalog/marken-modelle/opel/kadett/b/345447/;https://www.automobile-catalog.com/car/1968/2414120/opel_kadett_1100.html;https://www.automobile-catalog.com/car/1968/2414150/opel_kadett_l_1100.html;https://www.automobile-catalog.com/car/1968/2414315/opel_kadett_ls_coupe_1100_s.html;https://www.automobile-catalog.com/car/1968/2414330/opel_kadett_1700_s.html;https://www.automobile-catalog.com/car/1968/2414360/opel_kadett_coupe_1700_s.html,pending,,2026-09-16T14:21:31+00:00
8a3fc78f0825505df2a6,EU;RU,Peugeot,807,13,2002-2006; 2002-2008; 2002-2026; 2004-2006; 2004-2026; 2005-2026; 2006-2010; 2006-2026; 2008-2014; 2009-2026; 2010-2026,807; 807 I; I; I Рестайлинг,MPV,SU1; V0,https://auto.ru/catalog/cars/peugeot/807/;https://auto.ru/catalog/cars/peugeot/807/specifications/;https://www.auto-data.net/en/peugeot-807-2.0-16v-136hp-5524;https://www.automobile-catalog.com/car/2004/2618510/peugeot_807_2_0_16v_135_automatic.html;https://www.automobile-catalog.com/car/2010/2618780/peugeot_807_2_0_hdi_136.html,pending,,2026-09-16T14:21:31+00:00
5c0a6de0f7a627089187,EU;RU,Renault,Talisman,13,2015-2020; 2015-2022; 2016-2022; 2018-2022; 2019-2022; 2020-2022; 2021-2022,I; I Рестайлинг; Talisman I,Sedan; Wagon; Wagon 5-door,H2; SD1,https://auto.ru/catalog/cars/renault/talisman/;https://auto.ru/catalog/cars/renault/talisman/specifications/;https://cdn.group.renault.com/ren/ch/renault-new-cars/pricelists/Renault_Talisman_Grandtour_PL_f.pdf;https://cdn.group.renault.com/ren/ch/renault-new-cars/pricelists/Renault_Talisman_PL_f.pdf,pending,,2026-09-16T14:21:31+00:00
54a1352996eaa14a44ec,RU,Skoda,Superb,13,2001-2006; 2006-2008; 2008-2013; 2013-2015; 2015-2019; 2019-2026; 2023-2026,I; I Рестайлинг; II; II Рестайлинг; III; III Рестайлинг; IV,Liftback; Sedan; Wagon 5-door,H0; H2; SD1,https://auto.ru/catalog/cars/skoda/superb/;https://auto.ru/catalog/cars/skoda/superb/specifications/,pending,,2026-09-16T14:21:31+00:00
3e9bbf98e27c7877fbd8,EU;RU,Ssangyong,Actyon,13,2005-2010; 2005-2026; 2006-2026; 2007-2013; 2007-2026; 2010-2013; 2011-2026; 2012-2026; 2013-2019; 2015-2026,Actyon I; Actyon Sports I; I; II; II Рестайлинг; SsangYong Actyon I,Pickup; SUV; SUV 5-door,P0; SU1,https://auto.ru/catalog/cars/ssang_yong/actyon/;https://auto.ru/catalog/cars/ssang_yong/actyon/specifications/;https://www.auto-data.net/en/ssangyong-actyon-2.0-xdi-141hp-automatic-24350;https://www.auto-data.net/en/ssangyong-actyon-sports-2.0xdi-141hp-15989;https://www.auto-data.net/en/ssangyong-korando-iii-c-facelift-2013-generation-5516;https://www.carsguide.com.au/ssangyong/actyon-sports/car-dimensions/2015,pending,,2026-09-16T14:21:31+00:00
f81c2001edb20a0f0d38,RU,Subaru,Impreza WRX,13,1992-2000; 2000-2002; 2002-2005; 2005-2007; 2007-2010; 2010-2014,I; II; II Рестайлинг 1; II Рестайлинг 2; III; III Рестайлинг,Coupe; Hatchback 5-door; Sedan; Wagon 5-door,H0; H2; SD0; SD1,https://auto.ru/catalog/cars/subaru/impreza_wrx/;https://auto.ru/catalog/cars/subaru/impreza_wrx/specifications/,pending,,2026-09-16T14:21:31+00:00
f700fe22d878b8ad92bb,EU,Suzuki,Grand vitara i,13,1998-2003; 2000-2005; 2001-2003; 2001-2005; 2003-2003; 2003-2005; 2003-2006,Grand Vitara I; I; Suzuki Grand Vitara I XL-7,Convertible; SUV,SD0; SU1,https://www.auto-data.net/en/suzuki-grand-vitara-cabrio-1.6-i-94hp-16601;https://www.auto-data.net/en/suzuki-grand-vitara-cabrio-generation-3735;https://www.auto-data.net/en/suzuki-grand-vitara-ft-gt-1.6-i-16v-3-dr-107hp-16588;https://www.auto-data.net/en/suzuki-grand-vitara-ft-gt-2.0-td-3-dr-87hp-16596;https://www.auto-data.net/en/suzuki-grand-vitara-ft-gt-2.0-td-5-dr-87hp-16597;https://www.auto-data.net/en/suzuki-grand-vitara-ft-gt-generation-3734;https://www.auto-data.net/en/suzuki-grand-vitara-xl-7-ht-generation-3736;https://www.automobile-catalog.com/car/2004/3352925/suzuki_grand_vitara_1_6_16v_estate_4wd.html,pending,,2026-09-16T14:21:31+00:00
b9be1c1b0b7a19786cbd,RU,Volkswagen,Golf R,13,2009-2013; 2013-2017; 2017-2020; 2020-2024; 2024-2026,VI; VII; VII Рестайлинг; VIII; VIII Рестайлинг,Convertible; Hatchback 3-door; Hatchback 5-door; Wagon 5-door,H0; H2; SD0,https://auto.ru/catalog/cars/volkswagen/golf_r/;https://auto.ru/catalog/cars/volkswagen/golf_r/specifications/,pending,,2026-09-16T14:21:31+00:00
56c994780cdcbd038460,EU;RU,Volvo,960,13,1990-1992; 1990-1993; 1990-1994; 1991-1994; 1994-1996; 1994-1997,960; I; I Рестайлинг; Volvo 960,Sedan; Wagon; Wagon 5-door,H2; SD1,https://auto.ru/catalog/cars/volvo/960/;https://auto.ru/catalog/cars/volvo/960/specifications/;https://www.auto-data.net/en/volvo-960-964-2.0-i-16v-190hp-9355;https://www.auto-data.net/en/volvo-960-964-generation-1945;https://www.auto-data.net/en/volvo-960-kombi-965-generation-1946;https://www.auto-data.net/en/volvo-960-model-926,pending,,2026-09-16T14:21:31+00:00
d46b6f579adac8250d58,EU;RU,Alpina,B4,12,2013-2017; 2014-2017; 2017-2018; 2017-2019; 2018-2026; 2022-2024; 2024-2025,B4 F32; B4 F32 facelift; B4 F33; B4 F33 facelift; B4 S F32 LCI; B4 S F33 LCI; F32/F33; F32/F33 Рестайлинг; G26; G26 Рестайлинг,Convertible; Coupe; Liftback,H0; SD0,https://auto.ru/catalog/cars/alpina/b4/;https://auto.ru/catalog/cars/alpina/b4/specifications/;https://i.i-sgcm.com/new_cars/cars/12240/brochures/brochure_20180129030056.pdf;https://www.7-forum.com/news/2013/alpina/b4_biturbo_technische_daten.pdf,pending,,2026-09-16T14:21:31+00:00
b18e7e93cad2e4d16e69,EU,Audi,A4 b6,12,2000-2002; 2000-2004; 2001-2002; 2001-2004; 2002-2004; 2002-2005; 2003-2004; 2003-2005; 2004-2004; 2004-2005,A4 B6; A4 B6 Cabriolet,Convertible; Sedan,SD0; SD1,https://www.auto-data.net/en/audi-a4-cabriolet-b6-8h-2.4-v6-30v-170hp-26633;https://www.automobile-catalog.com/car/2004/246515/audi_a4_1_8_t.html;https://www.automobile-catalog.com/car/2004/247295/audi_s4.html;https://www.automobile-catalog.com/car/2004/248585/audi_a4_cabriolet_1_8_t.html;https://www.automobile-catalog.com/car/2005/1766555/audi_s4_cabriolet.html,pending,,2026-09-16T14:21:31+00:00
c16c7ffe7a8a053c0dc7,EU;RU,Austin,Montego,12,1984-1985; 1984-1988; 1984-1991; 1984-1992; 1984-1994; 1988-1992; 1988-1993,Montego I; Montego I facelift; Montego Phase I; Montego Phase II; Montego phase I,Sedan; Wagon; Wagon 5-door,H2; SD1,https://auto.ru/catalog/cars/austin/montego/;https://auto.ru/catalog/cars/austin/montego/specifications/;https://www.automobile-catalog.com/car/1984/258125/austin_montego_2_0_hls.html;https://www.automobile-catalog.com/car/1984/30680/austin_montego_estate_1_6_5-speed.html;https://www.automobile-catalog.com/car/1984/62645/austin_montego_1_3.html;https://www.automobile-catalog.com/car/1985/258125/austin_montego_2_0_hls.html;https://www.automobile-catalog.com/car/1986/258485/austin_montego_estate_2_0i_vanden_plas.html;https://www.automobile-catalog.com/car/1988/1701050/montego_estate_2_0_l_automatic.html,pending,,2026-09-16T14:21:31+00:00
5662df082df4d2b9ede5,EU,BMW,1502-2002,12,1967-1969; 1967-1971; 1968-1972; 1968-1975; 1971-1973; 1971-1975; 1974-1975; 1975-1977,02 Series; 02 Series Touring; BMW 02 Series,Convertible; Sedan; Wagon,SD0; SD1,https://www.autobild.de/klassik/artikel/bmw-2002-ti-60303.html;https://www.automobile-catalog.com/car/1968/131930/bmw_2002.html;https://www.automobile-catalog.com/car/1968/76595/bmw_1600_ti.html;https://www.automobile-catalog.com/car/1968/77150/bmw_1600_cabriolet.html;https://www.automobile-catalog.com/car/1971/36845/bmw_2002_cabriolet.html;https://www.automobile-catalog.com/car/1971/76550/bmw_1600-2.html;https://www.automobile-catalog.com/car/1971/76565/bmw_1602.html;https://www.automobile-catalog.com/car/1971/76955/bmw_touring_1600.html,pending,,2026-09-16T14:21:31+00:00
23e7a4a57af269d9801d,RU,BMW,4 серии,12,2013-2017; 2017-2021; 2020-2024; 2024-2026,"F32/F33/F36; F32/F33/F36 Рестайлинг; G22, G23, G26; G22, G23, G26 Рестайлинг",Convertible; Coupe; Liftback,H0; SD0,https://auto.ru/catalog/cars/bmw/4/;https://auto.ru/catalog/cars/bmw/4/specifications/,pending,,2026-09-16T14:21:31+00:00
b8a1cd66e29835a8fe90,RU,BMW,M5,12,1985-1988; 1988-1995; 1998-2003; 2004-2010; 2011-2013; 2013-2016; 2017-2020; 2020-2024; 2024-2026,I (E28); II (E34); III (E39); IV (E60/E61); V (F10); V (F10) Рестайлинг; VI (F90); VI (F90) Рестайлинг; VII (G90),Sedan; Wagon 5-door,H2; SD1,https://auto.ru/catalog/cars/bmw/m5/;https://auto.ru/catalog/cars/bmw/m5/specifications/,pending,,2026-09-16T14:21:31+00:00
ed15139cb38e0bf335ab,EU;RU,Chevrolet,Lacetti,12,2004-2013; 2005-2011; 2005-2012; 2005-2013; 2005-2026; 2007-2026; 2013-2024,I; I Рестайлинг; Lacetti; Lacetti J200,Hatchback; Hatchback 5-door; Sedan; Wagon; Wagon 5-door,H0; H2; SD1,https://auto.ru/catalog/cars/chevrolet/lacetti/;https://auto.ru/catalog/cars/chevrolet/lacetti/specifications/;https://typenscheinschweiz.ch/pdf/auto/1CA647;https://typenscheinschweiz.ch/pdf/auto/1CA668;https://www.auto-data.net/en/chevrolet-lacetti-wagon-1.6-i-16v-109hp-14442,pending,,2026-09-16T14:21:31+00:00
dab206f53d6ab8c1e47e,EU;RU,Chevrolet,Nubira,12,2003-2010; 2005-2007; 2005-2009; 2005-2011; 2006-2007; 2006-2008; 2007-2011,Nubira J200,Sedan; Wagon; Wagon 5-door,H2; SD1,https://auto.ru/catalog/cars/chevrolet/nubira/;https://auto.ru/catalog/cars/chevrolet/nubira/specifications/;https://chevrolet.dixi-car.pl/doc/Lacetti_J221E-75_PL.pdf;https://typenscheinschweiz.ch/pdf/auto/1CA645;https://typenscheinschweiz.ch/pdf/auto/1CA668;https://www.auto-data.net/en/chevrolet-nubira-model-1576;https://www.auto-data.net/en/chevrolet-nubira-station-wagon-1.8-i-16v-122hp-14358,pending,,2026-09-16T14:21:31+00:00
a11924abab6afed7c518,EU,Citroën,C4 i,12,2004-2007; 2004-2008; 2004-2011; 2005-2010; 2006-2011; 2007-2008; 2008-2011; 2010-2012,C4 I; C4 I C-Triomphe; C4 I Phase I; C4 I Phase II; C4 I Sedan,Coupe; Hatchback; Sedan; Van,H0; SD0; SD1; SU1,https://en.wikipedia.org/wiki/Citro%C3%ABn_C4;https://www.auto-data.net/en/citroen-c4-c-triomphe-phase-i-2007-1.6-16v-109hp-18260;https://www.auto-data.net/en/citroen-c4-c-triomphe-phase-i-2007-2.0i-16v-140hp-18262;https://www.auto-data.net/en/citroen-c4-i-coupe-phase-i-2004-2.0-hdi-16v-136hp-15170;https://www.auto-data.net/en/citroen-c4-i-coupe-phase-i-2004-vts-2.0i-16v-177hp-15174;https://www.automobile-catalog.com/car/2007/551210/citroen_c4_2_0i_16v_style.html;https://www.automobile-catalog.com/car/2008/1218635/citroen_c4_sedan_2_0i_16v_sx.html;https://www.automobile-catalog.com/car/2009/1214735/citroen_c4_vti_120_vtr.html,pending,,2026-09-16T14:21:31+00:00
c48c4e591fa5ec7d9347,EU,Citroën,Gs,12,1970-1977; 1971-1977; 1973-1975; 1973-1979; 1975-1979; 1977-1980; 1977-1981; 1978-1986; 1979-1986; 1980-1982,GS; GS Birotor; GS Break; GSA; GSA Break,Hatchback; Wagon,H0; SD1,https://www.auto-data.net/en/citroen-gs-1.0-56hp-14933;https://www.auto-data.net/en/citroen-gs-1.2-59hp-14936;https://www.auto-data.net/en/citroen-gs-birotor-2.0-107hp-14935;https://www.auto-data.net/en/citroen-gs-break-1.0-56hp-14928;https://www.auto-data.net/en/citroen-gsa-a-1.3-65hp-14937;https://www.auto-data.net/en/citroen-gsa-break-a-1.3-65hp-14931;https://www.auto-data.net/en/citroen-gsa-break-generation-8992;https://www.automobile-catalog.com/car/1973/2030315/citroen_gs_1220_break_club.html,pending,,2026-09-16T14:21:31+00:00
3514108033dc9040f83f,EU;RU,Dacia,Lodgy,12,2012-2017; 2012-2026; 2013-2026; 2015-2026; 2017-2022; 2018-2026; 2019-2026,I; I Рестайлинг; Lodgy; Lodgy I,MPV,SU1; V0,https://auto.ru/catalog/cars/dacia/lodgy/;https://auto.ru/catalog/cars/dacia/lodgy/specifications/;https://cdn.group.renault.com/dac/be/dacia-new-cars/documents/vn/fr/LODGY_FR.pdf;https://www.auto-data.net/en/dacia-lodgy-1.5-dci-110hp-fap-18008;https://www.automobile-catalog.com/car/2012/1783235/dacia_lodgy_1_6_mpi_85_5-passenger.html,pending,,2026-09-16T14:21:31+00:00
ef3d9a062e25a61d73e1,EU;RU,Daihatsu,Move,12,1995-1998; 1997-1999; 1998-2000; 1998-2002; 2002-2006; 2006-2010; 2010-2012; 2012-2014; 2014-2017; 2017-2023; 2025-2026,I; II; III; IV; Move; Move I; Move L9; V; V Рестайлинг; VI; VI Рестайлинг; VII,MPV,SU1; V0,https://auto.ru/catalog/cars/daihatsu/move/;https://auto.ru/catalog/cars/daihatsu/move/specifications/;https://www.auto-data.net/en/daihatsu-move-l9-1.0-i-12v-56hp-99;https://www.auto-data.net/en/daihatsu-move-l9-1.0-i-12v-56hp-automatic-24534;https://www.autoevolution.com/cars/daihatsu-move-1997.html,pending,,2026-09-16T14:21:31+00:00
637bb751ee3fc11caa1d,EU,Ford,Focus iv,12,2018-2025; 2019-2025; 2020-2025; 2021-2025; 2022-2025; 2024-2025,Focus IV; Focus IV (C519); Focus IV facelift,Hatchback; Sedan,H0; SD1,https://cdnepws.azureedge.net/getmedia/1ef366f3-90e2-40b3-8796-6ff7dfea6a96/focus-teknikfoy-aralik-2025_1.pdf.aspx;https://media.ford.com/content/dam/fordmedia/Europe/documents/productReleases/Focus/2018/FORD_FOCUS_2018_MediaDrive_TechSpecs_EU.pdf;https://www.auto-data.net/en/ford-focus-iv-active-hatchback-1.5-ecoblue-120hp-36132;https://www.auto-data.net/en/ford-focus-iv-hatchback-st-2.0-ecoblue-190hp-37682;https://www.ford.co.uk/content/dam/guxeu/uk/documents/feature-pdfs/FT-ford-focus-new.pdf;https://www.ford.hu/content/dam/guxeu/hu/hu_hu/documents/brochures/cars/BRO-new_focus.pdf;https://www.fordszilcar.sk/sites/default/files/2020-10/FOCUS_2019.5MY_SK.pdf,pending,,2026-09-16T14:21:31+00:00
ae828a072094023ed31e,RU,Ford,Thunderbird,12,1955-1957; 1961-1963; 1963-1965; 1965-1966; 1967-1971; 1972-1976; 1983-1988; 1988-1997; 2000-2005,I; III; IV; IV Рестайлинг; IX (Aero Birds); V; VI; X (Super Birds); XI (Retro Birds),Convertible; Coupe; Sedan,SD0; SD1,https://auto.ru/catalog/cars/ford/thunderbird/;https://auto.ru/catalog/cars/ford/thunderbird/specifications/,pending,,2026-09-16T14:21:31+00:00
cd2bb51a69ff89b8bb69,EU;RU,Infiniti,G,12,1991-1996; 1999-2002; 2002-2007; 2002-2026; 2006-2013; 2007-2026; 2008-2026; 2010-2026,G35 V35; G37; I; II; III; IV,Convertible; Coupe; Sedan,SD0; SD1,https://auto.ru/catalog/cars/infiniti/g35/;https://auto.ru/catalog/cars/infiniti/g35/specifications/;https://partsadvantage.infinitiusa.com/wp-content/uploads/2017/10/Infiniti-Maintenance-Advantage%E2%84%A2-RADIATOR-CONDENSER_Application-Guide_10-24-2017.pdf;https://www.auto-data.net/en/infiniti-g37-coupe-v36-generation-3049;https://www.auto-data.net/en/infiniti-g37-sedan-v36-generation-9612;https://www.automobile-catalog.com/car/2003/2166815/infiniti_g35.html;https://www.automobile-catalog.com/car/2011/2167715/infiniti_g37_s_coupe_6-speed.html;https://www.automobile-catalog.com/car/2011/2167760/infiniti_g37_gt_cabrio_automatic.html,pending,,2026-09-16T14:21:31+00:00
bdcbe6ade68c65f6621e,RU,Kia,Cerato,12,2003-2007; 2006-2009; 2008-2013; 2013-2016; 2016-2021; 2018-2025; 2021-2026,I; I Рестайлинг; II; III; III Рестайлинг (Classic); IV; IV Рестайлинг,Coupe; Hatchback 5-door; Sedan,H0; SD0; SD1,https://auto.ru/catalog/cars/kia/cerato/;https://auto.ru/catalog/cars/kia/cerato/specifications/,pending,,2026-09-16T14:21:31+00:00
6f29063588458884c982,EU,KIA,Cerato i,12,2004-2006; 2004-2007; 2004-2009; 2005-2006; 2005-2008; 2005-2009; 2006-2009,Cerato I; Cerato I facelift; I,Hatchback; Sedan,H0; SD1,https://auto.ru/catalog/cars/kia/cerato/2307201/2307202/specifications/2307202_2434128_2434109/;https://www.auto-data.net/en/kia-cerato-i-hatchback-1.6-105hp-32535;https://www.auto-data.net/en/kia-cerato-i-hatchback-generation-6082;https://www.auto-data.net/en/kia-cerato-i-sedan-1.5-crdi-102hp-32546;https://www.auto-data.net/en/kia-cerato-model-275;https://www.carfolio.com/kia-cerato-1.5-crdi-hatchback-130680;https://www.carmanualsonline.info/kia-cerato-2007-owners-manual/?srch=dimensions;https://www.carspecsguru.com/kia/cerato/1528/2332/modification-16016,pending,,2026-09-16T14:21:31+00:00
d943e65608f3222c9384,EU;RU,Lancia,Fulvia,12,1965-1969; 1966-1967; 1967-1969; 1968-1970; 1968-1975; 1969-1970; 1970-1973; 1970-1976,Fulvia Coupe; Fulvia Coupe Series I; Fulvia Coupe Series II,Coupe; Sedan,SD0; SD1,https://auto.ru/catalog/cars/lancia/fulvia/;https://auto.ru/catalog/cars/lancia/fulvia/specifications/;https://www.automobile-catalog.com/car/1965/1375685/lancia_fulvia_coupe.html;https://www.automobile-catalog.com/car/1966/1375700/lancia_fulvia_coupe_hf.html;https://www.automobile-catalog.com/car/1968/1376270/lancia_fulvia_coupe_1_6_hf_variante_1016.html;https://www.automobile-catalog.com/car/1969/1376030/lancia_fulvia_coupe_rallye_1_3_s.html;https://www.automobile-catalog.com/car/1971/1376135/lancia_fulvia_coupe_rallye_1_3_s.html;https://www.automobile-catalog.com/car/1972/1376210/lancia_fulvia_coupe_1600_hf_lusso.html,pending,,2026-09-16T14:21:31+00:00
5c044d3d3bec76931c89,RU,Mazda,Atenza,12,2002-2008; 2008-2012; 2012-2014; 2014-2018; 2018-2022,I; II; III; III Рестайлинг; III Рестайлинг 2,Liftback; Sedan; Wagon 5-door,H0; H2; SD1,https://auto.ru/catalog/cars/mazda/atenza/;https://auto.ru/catalog/cars/mazda/atenza/specifications/,pending,,2026-09-16T14:21:31+00:00
a924f4e9a7c70c4982f2,EU;RU,Mercury,Cougar,12,1977-1979; 1980-1982; 1983-1988; 1989-1997; 1990-1993; 1993-1997; 1994-1997; 1998-2002,Cougar VII; IV; V; VI; VII; VIII,Coupe; Hatchback 3-door; Sedan; Wagon 5-door,H0; H2; SD0; SD1,https://auto.ru/catalog/cars/mercury/cougar/;https://auto.ru/catalog/cars/mercury/cougar/specifications/;https://www.automobile-catalog.com/car/1991/1892375/mercury_cougar_ls_5_0l_ho_efi_v-8_automatic.html;https://www.automobile-catalog.com/car/1994/1893980/mercury_cougar_xr7_3_8l_v-6_automatic.html;https://www.automobile-catalog.com/car/1994/1893995/mercury_cougar_xr7_4_6l_v-8_automatic.html,pending,,2026-09-16T14:21:31+00:00
c67138037b1267603441,RU,Mini,Clubman,12,2007-2010; 2010-2014; 2015-2019; 2019-2026,I; I Рестайлинг; II; II Рестайлинг,Hatchback 3-door; Wagon 5-door,H0; H2,https://auto.ru/catalog/cars/mini/clubman/;https://auto.ru/catalog/cars/mini/clubman/specifications/,pending,,2026-09-16T14:21:31+00:00
c6e14250d5036c9166bd,EU;RU,Nissan,Prairie,12,1982-1988; 1983-1985; 1984-1987; 1985-1987; 1986-1988; 1988-1992; 1988-1998; 1990-1994; 1992-1994; 1998-2004,I (M10); II (M11); III (M12); Prairie M10; Prairie M11,MPV,SU1; V0,https://auto.ru/catalog/cars/nissan/prairie/;https://auto.ru/catalog/cars/nissan/prairie/specifications/;https://autodata24.com/nissan/prairie/prairie-m11/24-i-4x4-133-hp/details;https://www.auto-data.net/en/nissan-prairie-m10-nm10-1.8-sgl-m10-90hp-413;https://www.auto-data.net/en/nissan-prairie-m10-nm10-2.0-4x4-nm10-97hp-414;https://www.auto-data.net/en/nissan-prairie-m11-2.0-i-98hp-407;https://www.auto-data.net/en/nissan-prairie-m11-2.4-i-133hp-409,pending,,2026-09-16T14:21:31+00:00
f4d6325e351215bd4980,EU,Opel,Astra g caravan,12,1998-2000; 1998-2004; 1999-2004; 2000-2004; 2001-2004; 2002-2004; 2003-2004,Astra G; G,Van; Wagon,SD1; SU1,https://dixi-car.pl/doc/opel-astra-classic-dane.pdf;https://www.auto-data.net/en/opel-astra-g-caravan-1.6-75hp-2416;https://www.auto-data.net/en/opel-astra-g-caravan-1.7-dti-16v-75hp-2420,pending,,2026-09-16T14:21:31+00:00
d1703f2d65ea34236e32,RU,Opel,Insignia,12,2008-2013; 2013-2017; 2017-2020; 2020-2022,I; I Рестайлинг; II; II Рестайлинг,Liftback; Sedan; Wagon 5-door,H0; H2; SD1,https://auto.ru/catalog/cars/opel/insignia/;https://auto.ru/catalog/cars/opel/insignia/specifications/,pending,,2026-09-16T14:21:31+00:00
45f06e00402501a04760,EU,Opel,Kadett e caravan,12,1984-1986; 1984-1987; 1984-1989; 1984-1991; 1985-1986; 1985-1991; 1986-1991; 1987-1991; 1988-1991; 1989-1991; 1990-1991,E; Kadett E,Van; Wagon,SD1; SU1,https://www.auto-data.net/en/opel-kadett-e-caravan-generation-505,pending,,2026-09-16T14:21:31+00:00
3a56394c416e4083f24c,RU,Peugeot,508,12,2011-2014; 2014-2018; 2018-2023; 2023-2026,I; I Рестайлинг; II; II Рестайлинг,Liftback; Sedan; Wagon 5-door,H0; H2; SD1,https://auto.ru/catalog/cars/peugeot/508/;https://auto.ru/catalog/cars/peugeot/508/specifications/,pending,,2026-09-16T14:21:31+00:00
4370a81a9ef92ca7b11c,EU;RU,Peugeot,806,12,1994-1998; 1994-2002; 1995-2002; 1996-1999; 1997-2000; 1997-2002; 1998-2000; 1998-2002; 1999-2002; 1999-2003; 2000-2002; 2000-2003,806; 806 I; I; I Рестайлинг,MPV,SU1; V0,https://auto.ru/catalog/cars/peugeot/806/;https://auto.ru/catalog/cars/peugeot/806/specifications/;https://www.auto-data.net/en/peugeot-806-221-2.0-16v-136hp-5477;https://www.auto-data.net/en/peugeot-806-221-2.0-turbo-147hp-5479,pending,,2026-09-16T14:21:31+00:00
54ae282f2e9de07a9e33,RU,Pontiac,Catalina,12,1959-1960; 1961-1964; 1965-1970; 1971-1976; 1977-1981,I; II; III; IV; V,Convertible; Coupe; Sedan; Wagon 5-door,H2; SD0; SD1,https://auto.ru/catalog/cars/pontiac/catalina/;https://auto.ru/catalog/cars/pontiac/catalina/specifications/,pending,,2026-09-16T14:21:31+00:00
72cd605707b4c6b6ba91,EU,Proton,Persona 400,12,1994-2000; 1994-2003; 1995-2000; 1996-1999; 1996-2000; 2000-2001; 2000-2002,Persona 400; Persona I; Persona I Compact; Persona/Wira I,Hatchback; Sedan,H0; SD1,https://www.auto-data.net/en/proton-persona-i-1.6-i-416-glxi-95hp-8257;https://www.auto-data.net/en/proton-persona-i-compact-1.8-i-16v-318-i-135hp-8236;https://www.auto-data.net/en/proton-persona-i-generation-1816;https://www.auto-data.net/en/proton-persona-i-hatchback-1.6-i-16v-416-gli-95hp-8251;https://www.automobile-catalog.com/car/1995/2878775/proton_persona_4_door_1_5.html;https://www.automobile-catalog.com/car/1995/2878835/proton_persona_5_door_1_5.html;https://www.automobile-catalog.com/car/1997/2879015/proton_persona_4_door_1_6_xli.html,pending,,2026-09-16T14:21:31+00:00
a7b27ce3f67823a169c1,EU;RU,Seat,Exeo,12,2008-2010; 2008-2013; 2009-2010; 2009-2013; 2010-2013,Exeo I; Exeo I ST Pre-Facelift,Sedan; Wagon; Wagon 5-door,H2; SD1,https://auto.ru/catalog/cars/seat/exeo/;https://auto.ru/catalog/cars/seat/exeo/specifications/;https://www.allcarcentral.com/Seat_pdf/Seat_Exeo_Spec_2011.pdf;https://www.auto-data.net/en/seat-exeo-2.0-tsi-211hp-16910;https://www.auto-data.net/en/seat-exeo-st-1.8-tsi-160hp-16913;https://www.auto-data.net/en/seat-exeo-st-generation-2918;https://www.carmanualsonline.info/seat-exeo-2009-owner-s-manual/?srch=width,pending,,2026-09-16T14:21:31+00:00
f6aeb9082a893aecc3a4,EU,Skoda,Superb iii,12,2015-2024; 2017-2024; 2019-2024; 2020-2024,Superb III; Superb III facelift; Superb III pre-facelift,Hatchback; Wagon,H0; SD1,https://cdn.skoda-storyboard.com/2016/05/TD-SUPERB-COMBI-en-1.pdf;https://cdn.skoda-storyboard.com/2016/05/TD-SUPERB-COMBI-en-2.pdf;https://cdn.skoda-storyboard.com/2016/05/TD-SUPERB-en.pdf;https://cdn.skoda-storyboard.com/2018/02/TD-SUPERB_en.pdf;https://cdn.skoda-storyboard.com/2019/07/TD-SUPERB-en.pdf;https://cdn.skoda-storyboard.com/2019/09/TD-SUPERB-iV-en.pdf,pending,,2026-09-16T14:21:31+00:00
4cfda096d526f27ddf48,EU;RU,Suzuki,Liana,12,2001-2006; 2001-2007; 2002-2007; 2002-2026; 2004-2007; 2004-2008; 2004-2026; 2005-2007; 2005-2026,I; I Рестайлинг; Liana I facelift,Hatchback; Sedan; Wagon 5-door,H0; H2; SD1,https://auto.ru/catalog/cars/suzuki/liana/;https://auto.ru/catalog/cars/suzuki/liana/specifications/;https://www.auto-data.net/en/suzuki-liana-sedan-i-facelift-2004-1.6i-107hp-16511;https://www.auto-data.net/en/suzuki-liana-wagon-i-facelift-2004-generation-3713;https://www.auto-data.net/en/suzuki-liana-wagon-i-generation-3715;https://www.automobile-catalog.com/car/2004/3390425/suzuki_liana_sedan_1_6.html,pending,,2026-09-16T14:21:31+00:00
074922e2c7754283ce3b,EU,Toyota,Carina iv,12,1983-1987; 1984-1988; 1985-1987; 1986-1987,Carina II; Carina II (T150); Carina II I (T15),Hatchback; Liftback; Sedan,H0; SD0; SD1,https://www.automobile-catalog.com/car/1984/3516230/toyota_carina_ii_sedan_1_6_gl.html;https://www.automobile-catalog.com/car/1984/49955/toyota_carina_ii_liftback_1_6_gl.html;https://www.automobile-catalog.com/car/1986/3516365/toyota_carina_ii_liftback_1_6_dx.html;https://www.automobile-catalog.com/car/1986/3516410/toyota_carina_ii_sedan_1_6_xl.html;https://www.automobile-catalog.com/car/1986/3516425/toyota_carina_ii_liftback_1_6_xl.html;https://www.automobile-catalog.com/car/1986/3516440/toyota_carina_ii_sedan_1_8_gli.html;https://www.automobile-catalog.com/car/1987/3516200/toyota_carina_ii_liftback_1_8_gli_automatic.html,pending,,2026-09-16T14:21:31+00:00
dcfa111bd9039713df95,EU,Toyota,Carina v,12,1987-1989; 1987-1990; 1987-1992; 1988-1992,Carina II; Carina II II (T170); Carina V T170; Carina V Wagon,Hatchback; Sedan; Wagon,H0; SD1,https://cars.japanesecartrade.com/detail/toyota/carina-surf/sv/133151;https://www.automobile-catalog.com/car/1990/3547700/toyota_carina_ii_wagon_1_6_xl.html;https://www.automobile-catalog.com/car/1990/3547850/toyota_carina_ii_sedan_1_6_xli_automatic.html;https://www.automobile-catalog.com/car/1990/3547895/toyota_carina_ii_liftback_1_6_xli.html,pending,,2026-09-16T14:21:31+00:00
b39bae92bdb40c4e6e53,EU,Volvo,260,12,1974-1980; 1975-1977; 1975-1982; 1976-1982; 1977-1978; 1978-1982; 1980-1982,260 Series; Volvo 260 Series; Volvo 262C,Coupe; Sedan; Wagon,SD0; SD1,https://www.automobile-catalog.com/car/1975/39695/volvo_264_gl.html;https://www.automobile-catalog.com/car/1977/40085/volvo_262_c.html;https://www.automobile-catalog.com/car/1978/34775/volvo_264_gle.html;https://www.automobile-catalog.com/car/1981/45950/volvo_264.html;https://www.volvoclub.org.uk/pdf/brochures/Volvo1979.pdf,pending,,2026-09-16T14:21:31+00:00
80dc973f38b240b17c2d,EU,VW,15001600,12,1961-1973; 1963-1965; 1964-1973; 1965-1973; 1968-1973,Type 3 1500/1600; Volkswagen Type 3,Fastback; Hatchback; Sedan; Wagon,H0; SD0; SD1,https://www.volkswagen-newsroom.com/en/vehicle-data-type-3-15001600-profile-19664,pending,,2026-09-16T14:21:31+00:00
c52b8f08e9958ab818bf,EU,VW,Lt 28-46 ii,12,1996-1999; 1996-2006; 1997-2002; 1999-2006; 2001-2006; 2002-2006,LT II,Chassis Cab; Van,P0; SU1,https://www.carsguide.com.au/volkswagen/lt/car-dimensions/2004;https://www.truck1.eu/blog/volkswagen-lt-iii-van-lt-35-2-5-tdi-95hp-medium-base-tech-specs-t32321,pending,,2026-09-16T14:21:31+00:00
ac4078256c59b9cdc67f,EU;RU,Alpina,C2,11,1985-1987; 1985-1988; 1986-1987; 1987-1987,C2 2.5; C2 2.7 Allrad; C2 2.7 C2/1; C2 2.7 C2/2; C2 2.7 Cabriolet; E30,Convertible; Coupe; Sedan,SD0; SD1,https://auto.ru/catalog/cars/alpina/c2/;https://auto.ru/catalog/cars/alpina/c2/specifications/;https://www.automobile-catalog.com/car/1987/286670/alpina_b6_3_5.html;https://www.ultimatespecs.com/car-specs/Alpina/123089/Alpina-E30-3-Series-C1-25-4-door.html;https://www.ultimatespecs.com/car-specs/Alpina/123092/Alpina-E30-3-Series-Convertible-C2-27-210HP.html;https://www.ultimatespecs.com/car-specs/Alpina/123406/Alpina-E30-3-Series-C2-27-2-door-Allrad.html,pending,,2026-09-16T14:21:31+00:00
9334e7ac3028086b0a08,EU;RU,Audi,E-Tron,11,2018-2023; 2019-2023; 2020-2023; 2020-2026; 2021-2024; 2024-2026; 2025-2026,Audi e-tron S I; I; e-tron (GE); e-tron GT I; e-tron I,SUV; SUV 5-door; Sedan,SD1; SU1,https://auto.ru/catalog/cars/audi/e_tron/;https://auto.ru/catalog/cars/audi/e_tron/specifications/;https://emea-dam.audi.com/adobe/assets/urn:aaid:aem:f18d3834-58ca-4c89-ba91-0dc37841d39b/original/as/Audi_RS_e-tron_GT_Digital_Spec_Sheet_Dec_23_for_Jan_24.pdf;https://media.audiusa.com/assets/documents/original/8949-2022etronSetronSSportbackTechSpecs.pdf;https://press.audi.co.uk/assets/documents/original/8395-5Audietron55quattroUKTechnicalDataMarch2019.pdf;https://s7test3.scene7.com/is/content/audi/nemo/sg/Models/etronGT/Audi%20e-tron%20GT%20-%20Digital%20Spec%20sheet%20%28Feb%2024%29.pdf;https://uploads.audi-mediacenter.com/system/production/car_motorizations/1391/file_en/086ccaba000dff5b2356c64762667387000f86a3/eTD-Audi-S-e-tron-GT-435kW_250515.pdf;https://uploads.audi-mediacenter.com/system/production/car_motorizations/1392/file_en/91bfc69ec55530e277b5023245b77c1c82772920/eTD-Audi-RS-e-tron-GT-performance-550kW_240725.pdf,pending,,2026-09-16T14:21:31+00:00
a820529e56c944fd70f0,RU,Chrysler,LeBaron,11,1977-1981; 1981-1989; 1986-1995; 1992-1995,I; II; III; III Рестайлинг,Convertible; Coupe; Sedan; Wagon 5-door,H2; SD0; SD1,https://auto.ru/catalog/cars/chrysler/le_baron/;https://auto.ru/catalog/cars/chrysler/le_baron/specifications/,pending,,2026-09-16T14:21:31+00:00
178ea0964cff826476d7,EU;RU,Chrysler,New yorker,11,1949-1954; 1955-1956; 1957-1959; 1960-1964; 1965-1968; 1974-1978; 1983-1988; 1988-1989; 1988-1993; 1993-1998; 1994-1996,III; IV; IX; New Yorker XIII; New Yorker XIV; V; VI; VII; XII; XIII; XIV,Convertible; Coupe; Sedan,SD0; SD1,https://auto.ru/catalog/cars/chrysler/new_yorker/;https://auto.ru/catalog/cars/chrysler/new_yorker/specifications/;https://www.automobile-catalog.com/car/1989/516320/chrysler_new_yorker_landau_3_0l_v-6_automatic.html;https://www.automobile-catalog.com/car/1994/518555/chrysler_new_yorker.html,pending,,2026-09-16T14:21:31+00:00
b42e0a448f38187901a9,EU,Citroën,Jumper ii,11,2002-2006; 2003-2006; 2004-2006,Jumper I Facelift; Jumper II,Chassis Cab; Pickup; Van,P0; SU1,https://aftersales.fiat.com/eLumData/EN/77/244_DUCATO/77_244_DUCATO_603.45.862_EN_03_04.05_L_LG/77_244_DUCATO_603.45.862_EN_03_04.05_L_LG.pdf;https://www.carmanualsonline.info/peugeot-boxer-2003-owner-s-manual/18;https://www.drom.ru/catalog/lcv/citroen/jumper/specs/dimensions/;https://www.paruvendu.fr/fiches-techniques-utilitaire/citroen-jumper/tole-33-c-2-8-hdi-4x4-9-cv-diesel/3076073/;https://www.paruvendu.fr/fiches-techniques-utilitaire/citroen-jumper/tole-33-ch-2-8-hdi-9-cv-diesel/3076077/;https://www.paruvendu.fr/fiches-techniques-utilitaire/citroen-jumper/tole-33-mh-2-8-hdi-4x4-confort-9-cv-diesel/3091095/;https://www.paruvendu.fr/fiches-techniques-utilitaire/citroen-jumper/tole-35-lh-2-8-hdi-4x4-confort-9-cv-diesel/3091097/;https://www.transitcenter.uk/citroen-jumper-1-data-specification.php,pending,,2026-09-16T14:21:31+00:00
826b7ddbc80daac11529,EU;RU,Fiat,Idea,11,2003-2016; 2003-2026; 2004-2010; 2004-2011; 2004-2012; 2004-2026; 2005-2010; 2005-2026; 2008-2012; 2008-2026; 2009-2026,Fiat Idea; Idea; Idea (350),MPV,SU1; V0,https://auto.ru/catalog/cars/fiat/idea/;https://auto.ru/catalog/cars/fiat/idea/specifications/;https://www.auto-data.net/en/fiat-idea-1.4-i-8v-77hp-7040;https://www.auto-data.net/en/fiat-idea-generation-1603;https://www.media.stellantis.com/uploads/fr/FR/2011/FIAT/INFOS_TECHNIQUES_EQUIPEMENTS/get_pdf~Idea~type~infocom~id~1062.pdf,pending,,2026-09-16T14:21:31+00:00
c88e43d72ad4d7ebe75b,EU,Hyundai,Accent ii,11,1999-2002; 2000-2002; 2000-2003; 2000-2005; 2002-2005,Accent II,Hatchback; Sedan,H0; SD1,https://www.auto-data.net/en/hyundai-accent-hatchback-ii-1.3-i-12v-75hp-13695;https://www.auto-data.net/en/hyundai-accent-hatchback-ii-1.5-crdi-82hp-13697;https://www.auto-data.net/en/hyundai-accent-hatchback-ii-1.5-i-12v-gl-92hp-16957;https://www.auto-data.net/en/hyundai-accent-ii-1.5-i-12v-92hp-13691;https://www.auto-data.net/en/hyundai-accent-ii-1.6-i-16v-105hp-13694,pending,,2026-09-16T14:21:31+00:00
a110ed0389384f66f083,RU,Hyundai,HB20,11,2012-2015; 2015-2019; 2019-2022; 2022-2026,I; I Рестайлинг; II; II Рестайлинг,Hatchback 5-door; Sedan,H0; SD1,https://auto.ru/catalog/cars/hyundai/hb20/;https://auto.ru/catalog/cars/hyundai/hb20/specifications/,pending,,2026-09-16T14:21:31+00:00
da7f0ad6fa54f45b730d,EU;RU,Hyundai,Ioniq,11,2016-2019; 2016-2022; 2019-2022; 2021-2026; 2022-2026; 2023-2026; 2025-2026,Ioniq (AE); Ioniq 5; Ioniq 5 N; Ioniq 5 facelift 2024; Ioniq 9; Ioniq I,Hatchback; Hatchback 5-door; SUV,H0; SU1,https://auto.ru/catalog/cars/hyundai/ioniq/;https://auto.ru/catalog/cars/hyundai/ioniq/specifications/;https://www.auto-data.net/en/hyundai-ioniq-5-facelift-2024-standard-range-63-kwh-170hp-electric-52314;https://www.auto-data.net/en/hyundai-ioniq-facelift-2019-40.4-kwh-136hp-electric-37746;https://www.hyundai.news/newsroom/dam/eu/press-kits/20240325_ioniq_5_n/hyundai-ioniq-5-n-technical-data-0324.pdf;https://www.hyundai.news/newsroom/dam/uk/models/20220422_ioniq_5_product_enhancements_2023_model_year/hyundai-ioniq-5-product-enhancements-2023-specs.pdf;https://www.hyundai.news/newsroom/dam/uk/models/20250714_ioniq_9_pricing_specs_tech/hyundai-uk-ioniq-9-pricing-specs-tech-0725.pdf;https://www.hyundai.news/uk/articles/press-releases/new-ioniq-hyundais-revolutionary-eco-friendly-model.html,pending,,2026-09-16T14:21:31+00:00
55810409a929c609b1e7,RU,Kia,Forte,11,2008-2013; 2013-2016; 2016-2018; 2017-2022; 2018-2021; 2021-2024,(China Market) I; I; II; II Рестайлинг; III; III Рестайлинг,Coupe; Hatchback 5-door; Sedan,H0; SD0; SD1,https://auto.ru/catalog/cars/kia/forte/;https://auto.ru/catalog/cars/kia/forte/specifications/,pending,,2026-09-16T14:21:31+00:00
0dd7357e412efa984df3,RU,Kia,K3,11,2012-2015; 2015-2018; 2018-2021; 2019-2022; 2021-2024; 2022-2026; 2023-2026,I; I Рестайлинг; II; II (China Market); II (China Market) Рестайлинг; II Рестайлинг; III (BL7),Hatchback 5-door; Sedan,H0; SD1,https://auto.ru/catalog/cars/kia/k3/;https://auto.ru/catalog/cars/kia/k3/specifications/,pending,,2026-09-16T14:21:31+00:00
f2b3b8a046eed326608c,EU,Lada,Kalina,11,2004-2013; 2006-2013; 2007-2013; 2008-2013; 2010-2013; 2013-2013,I; Kalina I,Hatchback; Sedan; Wagon,H0; SD1,https://otoba.ru/auto/lada/kalina-sedan.html;https://www.auto-data.net/en/lada-kalina-model-1416;https://www.encycarpedia.com/lada/07-kalina-universal-1117-estate,pending,,2026-09-16T14:21:31+00:00
46324026d1287fb5efe2,EU;RU,Lancia,Kappa,11,1994-2000; 1994-2001; 1995-2001; 1996-2001; 1998-2001,Kappa; Kappa Coupe,Coupe; Sedan; Wagon; Wagon 5-door,H2; SD0; SD1,https://auto.ru/catalog/cars/lancia/kappa/;https://auto.ru/catalog/cars/lancia/kappa/specifications/;https://www.auto-data.net/en/lancia-kappa-model-544;https://www.media.stellantis.com/em-en/lancia/press/lancia-k-98-technical-specification,pending,,2026-09-16T14:21:31+00:00
f2f516a31fa0fd7b3f86,RU,Lexus,IS,11,1999-2005; 2005-2008; 2008-2010; 2010-2016; 2013-2016; 2016-2020; 2020-2026; 2025-2026,I; II; II Рестайлинг; II Рестайлинг 2; III; III Рестайлинг; III Рестайлинг 2; III Рестайлинг 3,Convertible; Sedan; Wagon 5-door,H2; SD0; SD1,https://auto.ru/catalog/cars/lexus/is/;https://auto.ru/catalog/cars/lexus/is/specifications/,pending,,2026-09-16T14:21:31+00:00
7d9bc42426650c54a613,EU,Mercedes-benz,/8,11,1968-1972; 1968-1973; 1968-1976; 1968-1977; 1969-1972; 1972-1976; 1972-1977; 1973-1976; 1973-1977; 1974-1976,Stroke Eight (/8),Coupe; Sedan,SD0; SD1,https://mercedes-benz-publicarchive.com/marsClassic/en/instance/ko/2208.xhtml?oid=5241;https://mercedes-benz-publicarchive.com/marsClassic/en/instance/ko/2306.xhtml?oid=5178;https://mercedes-benz-publicarchive.com/marsClassic/en/instance/ko/250-C.xhtml?oid=4586;https://mercedes-benz-publicarchive.com/marsClassic/en/instance/ko/280-CE.xhtml?oid=4582,pending,,2026-09-16T14:21:31+00:00
482e2e96d469b3a14d19,EU;RU,Mercedes-benz,Citan,11,2012-2021; 2013-2021; 2019-2021; 2021-2026; 2022-2026,Citan I; Citan W415; Citan W420; I (W415); II; eCitan W420,MPV; Van,SU1; V0,https://auto.ru/catalog/cars/mercedes/citan/;https://auto.ru/catalog/cars/mercedes/citan/specifications/;https://media.mercedes-benz.fr/le-nouveau-mercedes-benz-citan--le-vehicule-de-livraison-efficient/;https://www.adac.de/rund-ums-fahrzeug/autokatalog/marken-modelle/mercedes-benz/citan/420/328731/;https://www.auto-data.net/en/mercedes-benz-citan-tourer-long-w415-generation-8250;https://www.mercedes-benz.co.uk/vans/services/manuals.html/citan-commercial-van-2021-08-c420-comand/vehicle-data/vehicle-dimensions,pending,,2026-09-16T14:21:31+00:00
ab1abaf56182bb21242c,EU;RU,MG,Zt,11,2001-2005; 2002-2003; 2002-2005; 2003-2005,ZT I,Sedan; Wagon 5-door,H2; SD1,https://auto.ru/catalog/cars/mg/zt/;https://auto.ru/catalog/cars/mg/zt/specifications/;https://roverownersclub.com.au/wp-content/uploads/2016/05/MG-ZT-Brochure-MGRA-MGZT-4-02-April-2002-PDF.pdf;https://www.automobile-catalog.com/car/2004/1703585/mg_zt_cdti.html;https://www.automobile-catalog.com/car/2004/1703825/mg_zt_260_v8.html,pending,,2026-09-16T14:21:31+00:00
a2d394c8694ba749f351,RU,Mitsubishi,Lancer Evolution,11,1992-1994; 1994-1995; 1995-1996; 1996-1998; 1998-1999; 1999-2001; 2001-2003; 2003-2005; 2005-2007; 2007-2016,I; II; III; IV; IX; V; VI; VII; VIII; X,Sedan; Wagon 5-door,H2; SD1,https://auto.ru/catalog/cars/mitsubishi/lancer_evolution/;https://auto.ru/catalog/cars/mitsubishi/lancer_evolution/specifications/,pending,,2026-09-16T14:21:31+00:00
994cc439d2647e89af21,RU,Nissan,Micra,11,1982-1992; 1992-2002; 2002-2010; 2010-2013; 2013-2016; 2017-2022; 2025-2026,I (K10); II (K11); III (K12); IV (K13); IV (K13) Рестайлинг; V; VI,Convertible; Hatchback 3-door; Hatchback 5-door,H0; SD0,https://auto.ru/catalog/cars/nissan/micra/;https://auto.ru/catalog/cars/nissan/micra/specifications/,pending,,2026-09-16T14:21:31+00:00
3cd1a91067b11cae0de0,EU;RU,Nissan,Tiida,11,2004-2011; 2004-2012; 2007-2011; 2007-2012; 2007-2013; 2010-2013; 2015-2018; 2016-2026,I; I Рестайлинг; II; II (China Market); Tiida I,Hatchback; Hatchback 5-door; Sedan,H0; SD1,https://auto.ru/catalog/cars/nissan/tiida/;https://auto.ru/catalog/cars/nissan/tiida/specifications/;https://www.automobile-catalog.com/car/2007/2291450/nissan_tiida_sedan_1_6.html;https://www.automobile-catalog.com/car/2007/2291510/nissan_tiida_hatchback_1_6.html;https://www.automobile-catalog.com/car/2008/2291540/nissan_tiida_hatchback_1_5_dci.html,pending,,2026-09-16T14:21:31+00:00
60ed496feefbc92754d8,EU;RU,Peugeot,404,11,1960-1975; 1962-1971; 1963-1968; 1963-1971; 1967-1971; 1971-1971,404; 404 I,Convertible; Coupe; Sedan; Wagon; Wagon 5-door,H2; SD0; SD1,https://auto.ru/catalog/cars/peugeot/404/;https://auto.ru/catalog/cars/peugeot/404/specifications/;https://www.automobile-catalog.com/car/1965/2554445/peugeot_404_break_super_luxe.html;https://www.automobile-catalog.com/car/1967/2554910/peugeot_404_cabriolet_super_luxe.html;https://www.automobile-catalog.com/car/1968/2555300/peugeot_404_4-door_sedan.html;https://www.automobile-catalog.com/car/1969/2555360/peugeot_404_4-door_sedan.html,pending,,2026-09-16T14:21:31+00:00
0af7da63f4623e023e2c,EU,Renault,19 ii,11,1992-1993; 1992-1994; 1992-1995; 1992-1996; 1993-1996; 1994-1995; 1994-1996,19 II; II; Renault 19 II,Convertible; Hatchback,H0; SD0,https://www.auto-data.net/en/renault-19-b-c53-facelift-1992-generation-2186;https://www.auto-data.net/en/renault-19-cabriolet-d53-facelift-1992-generation-2187;https://www.automobile-catalog.com/car/1993/2942705/renault_19_1_8s_88.html,pending,,2026-09-16T14:21:31+00:00
089034878cf3e8c90846,EU,Renault,Master pro,11,2004-2010; 2005-2010,Master Pro / Mascott Phase II,Chassis Cab; Van,P0; SU1,https://www.autoscout24.fr/voiture/caracteristiques-techniques/renault/mascott/mascott-chc-120-35-emp-3-130-autres-diesel-3007/;https://www.autoscout24.fr/voiture/caracteristiques-techniques/renault/mascott/mascott-chc-120-35-emp-3-630-autres-diesel-3007/;https://www.autoscout24.fr/voiture/caracteristiques-techniques/renault/mascott/mascott-chc-120-35-emp-4-130-autres-diesel-3007/;https://www.autoscout24.fr/voiture/caracteristiques-techniques/renault/mascott/mascott-chc-120-35-emp-4-630-autres-diesel-3007/;https://www.autoscout24.fr/voiture/caracteristiques-techniques/renault/mascott/mascott-chdc-120-35-emp-3-630-autres-diesel-3009/;https://www.autoscout24.fr/voiture/caracteristiques-techniques/renault/mascott/mascott-chdc-120-35-emp-4-130-autres-diesel-3009/;https://www.autoscout24.fr/voiture/caracteristiques-techniques/renault/mascott/mascott-chdc-120-35-emp-4-630-autres-diesel-3009/;https://www.autoscout24.fr/voiture/caracteristiques-techniques/renault/mascott/mascott-fgn-120-35-emp-3-630-utilitaire-diesel-3010/,pending,,2026-09-16T14:21:31+00:00
fc30943fc00f11b86db7,EU,Renault,Megane iv,11,2015-2026; 2016-2026; 2017-2026; 2018-2026; 2019-2026; 2020-2026; 2021-2026,Megane IV; Megane IV RS; Mégane IV R.S.,Hatchback; Sedan,H0; SD1,https://renault.com.eg/CountriesData/Egypt/images/Brochures/Megane_GrandCoupe.pdf;https://renault.com.eg/CountriesData/Egypt/images/pdf/files1/Megane_HB_A4_folded_flyer_Sep-2018.pdf;https://www.auto-data.net/en/renault-megane-iv-sedan-1.5-energy-dci-110hp-edc-26382;https://www.automobile-catalog.com/car/2018/2984780/renault_megane_rs_280_renault_sport.html;https://www.press.renault.co.uk/assets/documents/original/14254-RenaultMeganePressKitMay2018.pdf,pending,,2026-09-16T14:21:31+00:00
2e16ad1bef84e7d6262e,RU,SEAT,Leon Cupra,11,1999-2005; 2006-2009; 2009-2012; 2014-2016; 2017-2020,I; II; II Рестайлинг; III; III Рестайлинг,Hatchback 3-door; Hatchback 5-door; Wagon 5-door,H0; H2,https://auto.ru/catalog/cars/seat/leon_cupra/;https://auto.ru/catalog/cars/seat/leon_cupra/specifications/,pending,,2026-09-16T14:21:31+00:00
09a80a8fccdc7c8d0a93,EU;RU,Skoda,Favorit,11,1989-1994; 1989-1995; 1989-2000; 1990-1992; 1990-1994; 1991-1994; 1991-1995; 1992-1997; 1994-1994; 1994-1995,Favorit; Favorit Forman; I; Škoda Favorit; Škoda Forman,Hatchback; Hatchback 5-door; Pickup; Wagon; Wagon 5-door,H0; H2; P0; SD1,https://auto.ru/catalog/cars/skoda/favorit/;https://auto.ru/catalog/cars/skoda/favorit/specifications/;https://www.allcarcentral.com/Skoda_pdf/skoda_Forman_135_1990_1994.pdf;https://www.auto-data.net/en/skoda-favorit-forman-785-1.3-68hp-14294;https://www.automobile-catalog.com/car/1989/3132785/skoda_favorit_135_l.html;https://www.automobile-catalog.com/car/1993/3133220/skoda_forman_lx_favorit_estate_lxi.html;https://www.automobile-catalog.com/car/1994/3133250/skoda_pick-up_lx.html,pending,,2026-09-16T14:21:31+00:00
372529a41dfe7a5b497f,RU,Suzuki,Cultus,11,1983-1988; 1988-1998; 1995-1998; 1998-2002,I; II; III; III Рестайлинг,Convertible; Hatchback 3-door; Hatchback 5-door; Sedan; Wagon 5-door,H0; H2; SD0; SD1,https://auto.ru/catalog/cars/suzuki/cultus/;https://auto.ru/catalog/cars/suzuki/cultus/specifications/,pending,,2026-09-16T14:21:31+00:00
39ebd0711a008727d5fe,EU;RU,Toyota,Cressida,11,1977-1981; 1980-1985; 1982-1985; 1985-1988; 1988-1996,"Cressida I (X30); Cressida II (X60); I (X30, X40); II (X50, X60); IV (X80); X60; X70",Sedan; Wagon 5-door,H2; SD1,https://auto.ru/catalog/cars/toyota/cressida/;https://auto.ru/catalog/cars/toyota/cressida/specifications/;https://www.automobile-catalog.com/car/1977/36020/toyota_cressida_2000.html;https://www.automobile-catalog.com/car/1982/3477170/toyota_cressida_2_0_gl.html;https://www.automobile-catalog.com/car/1984/3477365/toyota_cressida_2_0_gli-6.html;https://www.ultimatespecs.com/car-specs/Toyota/5313/Toyota-Cressida-II-22-Diesel.html;https://www.ultimatespecs.com/car-specs/Toyota/5316/Toyota-Cressida-III-24-TD.html,pending,,2026-09-16T14:21:31+00:00
ba0731a74a3a3c5bff41,EU;RU,Toyota,Sprinter,11,1974-1979; 1979-1983; 1983-1987; 1984-1987; 1987-1991; 1991-2002; 1995-2000,III (E40/E60); IV (E70); Sprinter V (E80); V (E80); VI (E90); VII (E100); VIII (E110),Coupe; Hatchback 5-door; Liftback; Sedan; Wagon 5-door,H0; H2; SD0; SD1,https://auto.ru/catalog/cars/toyota/sprinter/;https://auto.ru/catalog/cars/toyota/sprinter/specifications/;https://www.auto-data.net/en/toyota-corolla-coupe-v-e80-1.6-gt-16v-124hp-automatic-28600,pending,,2026-09-16T14:21:31+00:00
8a73b2e94f60561b0f55,EU,VW,Caddy ii,11,1995-1997; 1995-2000; 1995-2003; 1995-2004; 1996-2000; 1996-2004; 1997-2000; 2000-2004,Caddy II,Pickup; Van,P0; SU1,https://en.wikipedia.org/wiki/Volkswagen_Caddy;https://www.auto-data.net/de/seat-inca-9k-1.6-i-75hp-45514;https://www.engineindetail.com/pa/volkswagen-caddy-pickup-1-6-1997;https://www.volkswagen-newsroom.com/en/vehicle-data-polo-3-profile-19149,pending,,2026-09-16T14:21:31+00:00
14e34976b8a4ed6cadbb,EU;RU,Wartburg,353,11,1966-1969; 1966-1989; 1967-1969; 1969-1975; 1975-1988; 1975-1989; 1988-1991; 1989-1991,Wartburg 353; Wartburg 353 Tourist,Pickup; Sedan; Wagon; Wagon 5-door,H2; P0; SD1,https://auto.ru/catalog/cars/wartburg/353/;https://auto.ru/catalog/cars/wartburg/353/specifications/;https://www.automobile-catalog.com/car/1975/39965/wartburg_353.html;https://www.automobile-catalog.com/car/1985/50015/wartburg_353_w_tourist.html,pending,,2026-09-16T14:21:31+00:00
fc9d308e51287106232f,EU,Aixam,D-Truck,10,2012-2026; 2014-2026; 2015-2026; 2018-2026; 2024-2026,D-Truck 2018; D-Truck I; e-Truck RS,Chassis Cab; Pickup; Van,P0; SU1,https://aixam.de/wp-content/uploads/Aixam-Pro-Ausstattung.pdf;https://fr.scribd.com/document/732494660/Aixampro-Ficheteche-Dtruck3vols2022-Compressed1;https://www.aixam-pro.com/ressources/brochures/technical_specifications.pdf,pending,,2026-09-16T14:21:31+00:00
2c8b9ac61bc845736f8b,EU,BMC,Megastar,10,2004-2010,Megastar I; Megastar I Facelift; Megastar I Pre-Facelift,Pickup; Van,P0; SU1,https://www.dersadiesel.com/files/290v_360V_panel_van.pdf;https://www.dersadiesel.com/files/290v_kombi_van.pdf;https://www.dersadiesel.com/files/310p_360p_tek_sira.pdf;https://www.dersadiesel.com/files/360vh_panel_van.pdf,pending,,2026-09-16T14:21:31+00:00
a528240a89f77784de66,EU;RU,BMW,I3,10,2013-2017; 2013-2026; 2017-2022; 2017-2026; 2022-2023; 2023-2026; 2026-2026,BMW i3 I01; BMW i3 Neue Klasse; BMW i3s I01 LCI; I (G28); I (G28) Рестайлинг; I (I01); I (I01) Рестайлинг; NA0; i3 I01 Pre-Facelift,Hatchback; Hatchback 5-door; Sedan,H0; SD1,https://auto.ru/catalog/cars/bmw/i3/;https://auto.ru/catalog/cars/bmw/i3/specifications/;https://www.press.bmwgroup.com/global/article/attachment/T0143924EN/222601;https://www.press.bmwgroup.com/global/article/attachment/T0243308EN/339148;https://www.press.bmwgroup.com/global/article/attachment/T0280411EN/406749;https://www.press.bmwgroup.com/global/article/attachment/T0285608EN/415907;https://www.press.bmwgroup.com/global/article/attachment/T0456164EN/645706;https://www.press.bmwgroup.com/united-kingdom/article/attachment/T0154004EN_GB/234889,pending,,2026-09-16T14:21:31+00:00
d592f53b92179a0a47f6,EU;RU,Buick,Skylark,10,1975-1979; 1979-1982; 1980-1985; 1992-1993; 1992-1998; 1993-1994; 1994-1999; 1995-1999,Buick Skylark V; IV; IX; Skylark VII; VI,Coupe; Sedan,SD0; SD1,https://auto.ru/catalog/cars/buick/skylark/;https://auto.ru/catalog/cars/buick/skylark/specifications/;https://www.automobile-catalog.com/car/1980/304310/buick_skylark_sedan_2_8l_v-6.html;https://www.automobile-catalog.com/car/1982/305345/buick_skylark_sedan_2_8l_v-6_automatic.html;https://www.edmunds.com/buick/skylark/1994/sedan/features-specs/,pending,,2026-09-16T14:21:31+00:00
623bc3fbb0fd9204ce7e,EU;RU,Cadillac,Bls,10,2006-2009; 2006-2010; 2006-2026; 2007-2010; 2007-2026; 2008-2026; 2010-2026,BLS; Cadillac BLS,Sedan; Wagon; Wagon 5-door,H2; SD1,https://auto.ru/catalog/cars/cadillac/bls/;https://auto.ru/catalog/cars/cadillac/bls/specifications/;https://www.auto-data.net/en/cadillac-bls-2.0-t-175hp-11689;https://www.auto-data.net/en/cadillac-bls-2.0-t-210hp-11691;https://www.auto-data.net/en/cadillac-bls-wagon-2.0-t-175hp-51812,pending,,2026-09-16T14:21:31+00:00
849fdc2b66b198a49d7b,EU,Citroën,C15,10,1984-1996; 1986-2000; 1987-1992; 1987-1996; 1987-2000; 1988-1996; 1991-1996; 2000-2005,C15; C15 I,Van; Wagon,SD1; SU1,https://www.citroenorigins.co.uk/en/cars/c15;https://www.citroenorigins.com/sites/default/files/styles/large/public/2023-07/dimensions_du_c15.jpg;https://www.citroenorigins.fr/fr/vehicule/c15;https://www.drom.ru/catalog/citroen/c15/specs/dimensions/;https://www.ultimatespecs.com/car-specs/Citroen/41385/Citroen-C-15--D-Top-Family.html;https://xr793.com/wp-content/uploads/2022/09/2005-Citroen-Van-Tech-Specs-UK.pdf,pending,,2026-09-16T14:21:31+00:00
9f5009b73731a64f13af,EU,Citroën,C2,10,2003-2005; 2003-2009; 2003-2010; 2003-2012; 2004-2009; 2005-2009; 2006-2009,C2 I,Hatchback; Van,H0; SU1,https://autocatalogarchive.com/wp-content/uploads/2017/07/Citroen-C2-2009-UK.pdf;https://www.auto-data.net/en/citroen-c2-i-phase-i-2003-1.1i-60hp-14984,pending,,2026-09-16T14:21:31+00:00
9f04f63d3dd0c55ccba1,EU;RU,Fiat,Qubo,10,2007-2016; 2008-2026; 2009-2026; 2010-2026; 2015-2026; 2016-2019; 2026-2026,I; I Рестайлинг; Qubo (225); Qubo (225) facelift; Qubo I; Qubo L,MPV,SU1; V0,https://auto.ru/catalog/cars/fiat/qubo/;https://auto.ru/catalog/cars/fiat/qubo/specifications/;https://www.auto-data.net/en/fiat-qubo-1.4-8v-73hp-18163;https://www.auto-data.net/en/fiat-qubo-l-1.5-bluehdi-130hp-56959;https://www.auto-data.net/en/fiat-qubo-l-maxi-1.5-bluehdi-130hp-56962;https://www.autosynergy.co.uk/assets/brochures/fiat-qubo.pdf;https://www.media.stellantis.com/em-en/fiat/press/fiat-unveils-the-qubo-l-the-ultimate-family-mover-for-modern-living;https://www.media.stellantis.com/em-en/fiat/press/qubo-the-new-free-space-vehicle-from-fiat,pending,,2026-09-16T14:21:31+00:00
71733efa9b899ff65a86,EU,Ford,Escort iii,10,1980-1982; 1980-1983; 1980-1985; 1982-1985; 1983-1985; 1984-1985; 1985-1985,Escort III; Escort Mk III; Ford Escort III; Ford Escort III Cabriolet; Ford Escort III XR3; Ford Escort III XR3i,Convertible; Hatchback,H0; SD0,https://www.autodata1.com/en/car/ford/escort/escort-iii-gaaawaabftava-16-xr3i-105-hp;https://www.automobile-catalog.com/car/1981/927935/ford_escort_1_1.html;https://www.automobile-catalog.com/car/1983/928955/ford_escort_rs_1600i.html;https://www.automobile-catalog.com/car/1983/929000/ford_escort_1_1_l.html;https://www.automobile-catalog.com/car/1985/30260/ford_escort_cabriolet_1_3.html;https://www.automobile-catalog.com/car/1985/928700/ford_escort_1_6_l.html,pending,,2026-09-16T14:21:31+00:00
fcd80bc8a5402cc752c4,EU,Ford,Escort iv,10,1985-1990; 1986-1989; 1986-1990; 1987-1990; 1988-1990; 1989-1990,Escort IV; Escort Mk IV; Ford Escort IV,Convertible; Hatchback,H0; SD0,https://www.automobile-catalog.com/car/1986/941615/ford_escort_1_1_cl.html;https://www.automobile-catalog.com/car/1986/941930/ford_escort_1_4_l.html;https://www.automobile-catalog.com/car/1986/942680/ford_escort_xr3i.html;https://www.automobile-catalog.com/car/1986/942740/ford_escort_rs_turbo.html;https://www.automobile-catalog.com/car/1987/942755/ford_escort_cabriolet_xr3i.html;https://www.automobile-catalog.com/car/1988/942860/ford_escort_cabrio_1_4_ghia.html;https://www.automobile-catalog.com/car/1989/942230/ford_escort_1_6_gl.html,pending,,2026-09-16T14:21:31+00:00
12d277171c76afda1309,RU,Ford,Laser,10,1981-1985; 1985-1994; 1989-1994; 1994-2003,I; II; III; IV,Convertible; Coupe; Hatchback 3-door; Hatchback 5-door; Sedan; Wagon 5-door,H0; H2; SD0; SD1,https://auto.ru/catalog/cars/ford/laser/;https://auto.ru/catalog/cars/ford/laser/specifications/,pending,,2026-09-16T14:21:31+00:00
417dde7fa85a1209ef8b,EU,Ford,Mondeo iii,10,2000-2007; 2001-2007; 2002-2007; 2003-2007; 2004-2007,Mondeo III,Hatchback; Sedan,H0; SD1,https://www.auto-data.net/en/ford-mondeo-ii-hatchback-2.2-tdci-155hp-7693;https://www.auto-data.net/en/ford-mondeo-ii-sedan-2.2-tdci-155hp-7682;https://www.automobile-catalog.com/car/2002/971105/ford_mondeo_4-dr_st_220.html;https://www.automobile-catalog.com/car/2002/971120/ford_mondeo_5-dr_st_220.html;https://xr793.com/wp-content/uploads/2022/09/2005-Ford-Mondeo-SPG-UK.pdf,pending,,2026-09-16T14:21:31+00:00
53e30bb2136aea469141,RU,Honda,Civic Type R,10,1997-2000; 2001-2003; 2003-2005; 2006-2008; 2008-2011; 2015-2016; 2017-2022; 2022-2026,IX; VI; VII; VII Рестайлинг; VIII; VIII Рестайлинг; X; XI,Hatchback 3-door; Hatchback 5-door; Sedan,H0; SD1,https://auto.ru/catalog/cars/honda/civic_type_r/;https://auto.ru/catalog/cars/honda/civic_type_r/specifications/,pending,,2026-09-16T14:21:31+00:00
cf32c0dbc52c231ad541,EU,Honda,Civic x,10,2016-2022; 2017-2022; 2018-2022; 2019-2022,Civic X; Civic X Hatchback; Civic X Hatchback facelift; Civic X Sedan; Civic X Sedan facelift; Civic X Type R,Hatchback; Sedan,H0; SD1,https://hondanews.eu/eu/en/cars/media/pressreleases/107785/2017-honda-civic-sedan11;https://hondanews.eu/eu/en/cars/media/pressreleases/308995/2020-honda-civic-type-r;https://hondanews.eu/eu/en/cars/media/pressreleases/327918/2021-honda-civic;https://hondanews.eu/gb/en/cars/media/pressreleases/77994/civic-10th-generation-press-pack-paris-motor-show;https://www.automobile-catalog.com/car/2017/2506090/honda_civic_sedan_1_6_i-vtec.html;https://www.automobile-catalog.com/car/2018/2597285/honda_civic_5d_1_6_i-dtec.html,pending,,2026-09-16T14:21:31+00:00
31366d5b1ef756b8ced7,EU;RU,Hyundai,Pony,10,1975-1982; 1982-1990; 1985-1989; 1989-1994; 1989-1995; 1990-1995,I; II; Pony X2; X1; X2,Hatchback; Hatchback 3-door; Hatchback 5-door; Sedan,H0; SD1,https://auto.ru/catalog/cars/hyundai/pony/;https://auto.ru/catalog/cars/hyundai/pony/specifications/;https://www.automobile-catalog.com/car/1991/1160045/hyundai_pony_1_5_ls_4-dr_cat.html;https://www.automobile-catalog.com/car/1993/1159805/hyundai_pony_1_3_ls_3-dr_cat.html;https://www.automobile-catalog.com/car/1993/1160195/hyundai_pony_1_5i_gls_5-dr_cat.html,pending,,2026-09-16T14:21:31+00:00
cfc474f047dbc08794ab,EU;RU,KIA,Pregio,10,1995-2003; 1995-2004; 1997-2026; 2002-2026; 2003-2007,I; I Рестайлинг; Pregio I; Pregio I Facelift,MPV; Van,SU1; V0,https://auto.ru/catalog/cars/kia/pregio/;https://auto.ru/catalog/cars/kia/pregio/specifications/;https://kia.drive.place/pregio/i/group_minivan/448493;https://kia.drive.place/pregio/i_res/group_furgon/587782;https://worldwide.kia.com/en/brand/our-brand/heritage/vehicles/pregio,pending,,2026-09-16T14:21:31+00:00
12b71fc44841d729d54c,EU;RU,KIA,Sephia,10,1992-1994; 1993-1997; 1994-1998; 1995-1997; 1996-1997; 1997-2001; 2001-2004,I; I Рестайлинг; II; II Рестайлинг; Sephia I,Hatchback; Hatchback 5-door; Sedan,H0; SD1,https://auto.ru/catalog/cars/kia/sephia/;https://auto.ru/catalog/cars/kia/sephia/specifications/;https://www.auto-data.net/en/kia-sephia-hatchback-fa-generation-630;https://www.auto-data.net/en/kia-sephia-model-297;https://www.automobile-catalog.com/car/1995/1341500/kia_sephia_slx.html,pending,,2026-09-16T14:21:31+00:00
9d11bbd883e4457a5e6a,EU;RU,KIA,Xceed,10,2019-2020; 2019-2023; 2019-2026; 2021-2026; 2022-2025; 2024-2026; 2025-2026; 2026-2026,I; I Рестайлинг; I Рестайлинг 2; XCeed I (facelift); XCeed I CD; XCeed I pre-facelift,Hatchback 5-door; SUV,H0; SU1,https://auto.ru/catalog/cars/kia/xceed/;https://auto.ru/catalog/cars/kia/xceed/specifications/;https://press.kia.com/content/dam/kiapress/EU/Press-Kits/XCeed/xceed_downloads/Press%20kit%20-%20Kia%20XCeed%20PETD.doc;https://www.auto-data.net/en/kia-xceed-facelift-2022-1.0-t-gdi-100hp-54235,pending,,2026-09-16T14:21:31+00:00
4d0d415841e3a1a79529,EU;RU,Maybach,57,10,2002-2010; 2002-2012; 2005-2012; 2009-2012; 2010-2013; 2011-2012,I; I Рестайлинг,Coupe; Sedan,SD0; SD1,https://auto.ru/catalog/cars/maybach/57/;https://auto.ru/catalog/cars/maybach/57/specifications/;https://www.automobile-catalog.com/car/2008/1570385/maybach_57.html;https://www.automobile-catalog.com/car/2011/1570460/maybach_57.html,pending,,2026-09-16T14:21:31+00:00
de9fef98007854bfd655,RU,Mazda,Axela,10,2003-2009; 2009-2011; 2011-2013; 2013-2016; 2016-2019,I; II; II Рестайлинг; III; III Рестайлинг,Hatchback 5-door; Sedan,H0; SD1,https://auto.ru/catalog/cars/mazda/axela/;https://auto.ru/catalog/cars/mazda/axela/specifications/,pending,,2026-09-16T14:21:31+00:00
1185263256f0a0abd147,RU,Mazda,Capella,10,1982-1987; 1987-1999; 1994-1997; 1997-2002,III; IV; V; VI,Coupe; Hatchback 5-door; Sedan; Wagon 5-door,H0; H2; SD0; SD1,https://auto.ru/catalog/cars/mazda/capella/;https://auto.ru/catalog/cars/mazda/capella/specifications/,pending,,2026-09-16T14:21:31+00:00
27d0d2c54884c1cd3f32,EU;RU,Mazda,Premacy,10,1999-2000; 1999-2005; 2000-2005; 2001-2005; 2005-2007; 2007-2010; 2010-2017,I (CP); II (CR); II (CR) Рестайлинг; III (CW); Premacy I,MPV,SU1; V0,https://auto.ru/catalog/cars/mazda/premacy/;https://auto.ru/catalog/cars/mazda/premacy/specifications/;https://www.auto-data.net/en/mazda-premacy-cp-1.8-114hp-11432;https://www.auto-data.net/en/mazda-premacy-cp-2.0-16v-131hp-11433,pending,,2026-09-16T14:21:31+00:00
768b7ed5a8d2e05fd452,EU;RU,Mercedes-benz,Eqe,10,2022-2025; 2022-2026; 2023-2025; 2023-2026; 2025-2026,EQE SUV X294; EQE V295,SUV; Sedan,SD1; SU1,https://auto.ru/catalog/cars/mercedes/eqe/;https://auto.ru/catalog/cars/mercedes/eqe/specifications/;https://media.mercedes-benz.ca/releases/release-c0cb899bf0911f20b01ae662da01cdfd-the-new-eqe-suv-high-tech-and-luxury-meet-versatility;https://static.oneweb.mercedes-benz.com/css-oom-assets/en-ab/pdf/mercedes-eqe-saloon-2024-september-v295-mbux-owners-manual-1.pdf;https://static.oneweb.mercedes-benz.com/css-oom-assets/en-bh/pdf/mercedes-amg-eqe-owners-manual-supplement-september-2024-1.pdf;https://www.mercedes-benz.co.in/passengercars/services/manuals.html/eqe-suv-2026-07-x294-mbux/vehicle-data/vehicle-dimensions-mercedes-amg-vehicles,pending,,2026-09-16T14:21:31+00:00
a089f7b6b12455f26eb8,EU,Opel,Kadett c,10,1973-1975; 1973-1977; 1973-1979; 1974-1979; 1975-1977; 1976-1979; 1977-1979,Kadett C; Opel Kadett C,Coupe; Sedan,SD0; SD1,https://www.auto-data.net/en/opel-kadett-c-coupe-generation-512;https://www.automobile-catalog.com/car/1978/2419385/opel_kadett_1_2_n.html;https://www.automobile-catalog.com/car/1979/2418590/opel_kadett_coupe_luxe_1_2_s.html;https://www.automoli.com/en/vehicles/opel/kadett/kadett-c-coupe-512/,pending,,2026-09-16T14:21:31+00:00
458d4f9987fc63ee9b5e,EU;RU,Peugeot,Rifter,10,2018-2024; 2018-2026; 2019-2026; 2021-2023; 2023-2026; 2024-2026,I; I facelift; I Рестайлинг; Rifter I,MPV,SU1; V0,https://auto.ru/catalog/cars/peugeot/rifter/;https://auto.ru/catalog/cars/peugeot/rifter/specifications/;https://www.auto-data.net/en/peugeot-rifter-model-2386;https://www.charterspeugeot.com/wp-content/uploads/sites/15/2019/07/new-peugeot-rifter-prices-specifications-brochure-july-2019.pdf;https://www.peugeot.fr/content/peugeot/worldwide/france/fr_fr/index/nos-vehicules/e-rifter.html,pending,,2026-09-16T14:21:31+00:00
dccebc995f636f13933e,EU;RU,Pontiac,Trans sport,10,1989-1992; 1989-1996; 1989-1997; 1991-1995; 1993-1997; 1996-1998; 1996-1999; 1997-1998; 1998-1999,I; II; Trans Sport I; Trans Sport II,MPV,SU1; V0,https://auto.ru/catalog/cars/pontiac/trans_sport/;https://auto.ru/catalog/cars/pontiac/trans_sport/specifications/;https://www.auto-data.net/en/pontiac-trans-sport-3.8-i-v6-175hp-5988;https://www.auto-data.net/en/pontiac-trans-sport-ii-3.4-i-v6-182hp-5984;https://www.auto-motor-und-sport.de/marken-modelle/pontiac/trans-sport/technische-daten/;https://www.automobile-catalog.com/car/1994/2855810/pontiac_trans_sport_3_8_v6.html;https://www.automobile-catalog.com/car/1997/2859170/pontiac_trans_sport_standard.html,pending,,2026-09-16T14:21:31+00:00
d92531210b2a0a5a0870,EU,Renault,Master iv,10,2024-2026; 2025-2026,Master IV,Bus; Chassis Cab; Pickup; Van,DUAL; P0; SU1,https://business.renault.co.uk/master-range/chassis-cab.html;https://business.renault.co.uk/master-range/master-panel-van.html;https://cdn.group.renault.com/ren/gb/transversal-assets/brochures/van-ebrochures/MASTER-eBrochure.pdf.asset.pdf/84801569e7.pdf;https://geschaeftskunden.renault.de/master-modelluebersicht/fahrgestell.html;https://renault.com.do/cars/master/dimensions.html,pending,,2026-09-16T14:21:31+00:00
84ec797b8988372fbc6d,EU,Rover,2000-3500,10,1968-1976; 1973-1976; 1976-1986; 1977-1982; 1977-1986; 1980-1986; 1982-1986,Rover P6 Mark II; Rover SD1 Series 1; Rover SD1 Series 2; SD1,Hatchback; Sedan,H0; SD1,https://www.automobile-catalog.com/car/1974/2996360/rover_2200_tc.html;https://www.automobile-catalog.com/car/1977/26180/rover_3500.html;https://www.automobile-catalog.com/car/1977/2996375/rover_3500.html;https://www.automobile-catalog.com/car/1978/37475/rover_2600.html;https://www.automobile-catalog.com/car/1983/2996720/rover_2600_s.html;https://www.classicandsportscar.com/en-US/features/celebrating-superb-rover-sd1,pending,,2026-09-16T14:21:31+00:00
340968ca44a844e4af0a,EU,Skoda,Fabia i praktik,10,2000-2007; 2001-2003; 2001-2007; 2003-2007; 2004-2005; 2004-2007; 2005-2007,Fabia I Praktik; I; Skoda Fabia I; Skoda Fabia I facelift,Van; Wagon,SD1; SU1,https://www.allcarcentral.com/Skoda_pdf/Skoda_Fabia_Praktik_2002_2006.pdf;https://www.auto-data.net/en/skoda-fabia-i-combi-6y-facelift-2004-1.2-htp-64hp-14159;https://www.auto-data.net/en/skoda-fabia-i-combi-6y-facelift-2004-1.4-tdi-pd-69hp-45996;https://www.auto-data.net/fr/skoda-fabia-i-combi-6y-1.4-16v-75hp-14164;https://www.automobile-catalog.com/car/2000/3135995/skoda_fabia_combi_1_4_mpi_68.html,pending,,2026-09-16T14:21:31+00:00
630ea907997f9a39a31a,RU,Subaru,Justy,10,1984-1991; 1987-1995; 1995-2003; 2003-2007; 2007-2011; 2016-2020; 2020-2026,I; I Рестайлинг; II; III; IV; V; V Рестайлинг,Hatchback 3-door; Hatchback 5-door; MPV,H0; V0,https://auto.ru/catalog/cars/subaru/justy/;https://auto.ru/catalog/cars/subaru/justy/specifications/,pending,,2026-09-16T14:21:31+00:00
6c5277f09760b3e9dd38,EU;RU,Subaru,Libero,10,1983-1987; 1984-1986; 1984-1988; 1984-1998; 1986-2000; 1991-2000,Libero I; Libero II,MPV; Van,SU1; V0,https://auto.ru/catalog/cars/subaru/libero/;https://auto.ru/catalog/cars/subaru/libero/specifications/;https://www.automobile-catalog.com/car/1984/3223895/subaru_domingo_4wd_gs.html;https://www.automobile-catalog.com/car/1984/48365/subaru_e-10.html;https://www.automobile-catalog.com/car/1991/3224030/subaru_domingo_full_time_4wd_gs.html;https://www.automobile-catalog.com/car/1991/3224180/subaru_domingo_full_time_4wd_gx.html;https://www.automobile-catalog.com/car/1997/3224735/subaru_libero_1_2_wagon_4wd_sdx_sr_special.html,pending,,2026-09-16T14:21:31+00:00
9205060922d86542b978,EU;RU,Tesla,Model x,10,2015-2021; 2015-2026; 2016-2026; 2017-2026; 2019-2026; 2020-2026; 2021-2026; 2023-2026,I; I facelift 2021; I Рестайлинг; Model X I,Hatchback; SUV; SUV 5-door,H0; SU1,https://auto.ru/catalog/cars/tesla/model_x/;https://auto.ru/catalog/cars/tesla/model_x/specifications/;https://www.auto-data.net/en/tesla-model-x-facelift-2021-generation-8166;https://www.auto-data.net/en/tesla-model-x-generation-4104;https://www.tesla.com/ownersmanual/2015_2020_modelx/en_il/GUID-5FB8FC1E-0B1D-4ECC-99D6-4EEE2B8FB725.html,pending,,2026-09-16T14:21:31+00:00
971f961b45d868c5a3d8,RU,Toyota,Corsa,10,1982-1989; 1986-1990; 1990-1994; 1994-1997; 1997-1999,II (L20); III (L30); IV (L40); V (L50); V (L50) Рестайлинг,Hatchback 3-door; Hatchback 5-door; Sedan,H0; SD1,https://auto.ru/catalog/cars/toyota/corsa/;https://auto.ru/catalog/cars/toyota/corsa/specifications/,pending,,2026-09-16T14:21:31+00:00
668b459892956c1f9f9e,EU,VW,Golf iii,10,1991-1997; 1992-1997; 1993-1997; 1993-1998; 1994-1997; 1994-1998; 1995-1997; 1995-1998; 1996-1997; 1996-1998,Golf III; Golf III Cabrio; Golf III Cabriolet,Convertible; Hatchback,H0; SD0,https://www.auto-data.net/en/volkswagen-golf-iii-1.8-90hp-8719;https://www.auto-data.net/en/volkswagen-golf-iii-cabrio-1.8-i-75hp-8751;https://www.auto-data.net/en/volkswagen-golf-iii-cabrio-1.9-tdi-90hp-8753;https://www.volkswagen-newsroom.com/en/vehicle-data-golf-3-profile-19474,pending,,2026-09-16T14:21:31+00:00
dbf9e57648ad6db7df3f,EU;RU,Abarth,500,9,2008-2016; 2008-2026; 2010-2026; 2016-2026; 2023-2026,500; 500/595/695 (312); 595 (312); Abarth 500/595 (312); Abarth 695 Biposto (312); I; II,Convertible; Hatchback; Hatchback 3-door,H0; SD0,https://auto.ru/catalog/cars/abarth/500/;https://auto.ru/catalog/cars/abarth/500/specifications/;https://www.auto-data.net/en/abarth-500-1.4-t-jet-135hp-42423;https://www.auto-data.net/en/abarth-695-biposto-1.4-t-jet-190hp-24925;https://www.automobile-catalog.com/car/2010/728645/abarth_500.html;https://www.media.stellantis.com/uploads/de/DE/2015/ABARTH/Technische_Daten/150723_AB_595_595C_TD.pdf;https://www.media.stellantis.com/uploads/em/2016/ABARTH/Schde_tecniche/160607_Abarth_595_Technical-Specs_ENG.pdf,pending,,2026-09-16T14:21:31+00:00
3139b7247d77149811a2,RU,Audi,RS 5,9,2010-2011; 2011-2015; 2017-2019; 2019-2025; 2026-2026,I (8T); I (8T) Рестайлинг; II (F5); II (F5) Рестайлинг; III (B10),Convertible; Coupe; Liftback; Wagon 5-door,H0; H2; SD0,https://auto.ru/catalog/cars/audi/rs5/;https://auto.ru/catalog/cars/audi/rs5/specifications/,pending,,2026-09-16T14:21:31+00:00
5380e7f0ce0fedc1061e,EU;RU,Austin,Mini,9,1959-1969; 1967-1984; 1967-1993; 1969-1980; 1969-1985; 1976-1981; 1982-1993; 1988-1993,Austin Mini 1275 GT; Austin Mini classic; Mini (ADO20); Mini II,Hatchback; Sedan,H0; SD1,https://auto.ru/catalog/cars/austin/mini/;https://auto.ru/catalog/cars/austin/mini/specifications/;https://www.autodoc.es/repuestos/piston-10629/austin/mini/mini-ii/27678-1-3;https://www.automobile-catalog.com/car/1965/1705025/austin_mini_850.html;https://www.automobile-catalog.com/car/1969/256370/austin_mini_850_mk_ii.html;https://www.automobile-catalog.com/car/1975/1705415/mini_1000.html;https://www.carfolio.com/austin-mini-1275-gt-50820,pending,,2026-09-16T14:21:31+00:00
18bae03e4847f085d253,RU,BMW,2 серии,9,2013-2017; 2017-2021; 2019-2024; 2021-2024; 2023-2026; 2024-2026,F22; F22 Рестайлинг; F44; F74/78; G42; G42 Рестайлинг,Convertible; Coupe; Sedan,SD0; SD1,https://auto.ru/catalog/cars/bmw/2er/;https://auto.ru/catalog/cars/bmw/2er/specifications/,pending,,2026-09-16T14:21:31+00:00
57c87a73b67ece584cc8,EU;RU,BYD,Seal,9,2022-2026; 2023-2026; 2024-2026; 2025-2026,SEAL; SEAL 5 DM-i; SEAL 6 DM-i; SEAL 6 DM-i Touring; SEAL DM-i; SEAL U DM-i; SEAL U EV,SUV; Sedan; Wagon,SD1; SU1,https://auto.ru/catalog/cars/byd/seal/;https://auto.ru/catalog/cars/byd/seal/specifications/;https://bydukmedia.com/en/news-articles/byd-presents-seal-u-dm-i-ideal-for-eco-conscious-mobility-and-long-range-journeys.html;https://carnewschina.com/2023/08/25/byd-seal-dm-i-sedan-starts-pre-sale-for-24300-usd-in-china/;https://media.byd.com/byd-expands-european-portfolio-with-new-byd-seal-u-practical-spacious-comfortable-family-oriented-and-eco-conscious-electric-suv;https://media.byd.com/byd-launches-seal-5-dm-i-offering-long-range-super-dm-hybrid-tech-and-low-running-costs;https://media.byd.com/byd-launches-seal-6-dm-i-sedan-and-wagon-bringing-the-freedom-of-super-hybrid-technology-415821/;https://media.byd.com/byd-seal-arrives-in-europe-setting-the-standard-in-breakthrough-technology-and-stunning-design,pending,,2026-09-16T14:21:31+00:00
4240e2fa1bbd7ebcbf4f,EU;RU,Chevrolet,Bel air,9,1949-1954; 1955-1957; 1972-1975,Bel Air VII; I; II,Convertible; Coupe; Sedan; Wagon 3-door,H2; SD0; SD1,https://auto.ru/catalog/cars/chevrolet/bel_air/;https://auto.ru/catalog/cars/chevrolet/bel_air/specifications/;https://autocatalogarchive.com/wp-content/uploads/2025/09/Chevrolet-Caprice-Impala-1974-USA.pdf;https://www.automobile-catalog.com/car/1973/115955/chevrolet_bel_air_4-door_sedan_350-4_v-8_turbo-fire_hydra-matic.html;https://www.automobile-catalog.com/car/1974/116705/chevrolet_bel_air_4-door_sedan_454-4_v-8_turbo-jet_hydra-matic.html;https://www.automobile-catalog.com/car/1975/117410/chevrolet_bel_air_4-door_sedan_350-4_v-8_turbo-fire_hydra-matic.html;https://xr793.com/wp-content/uploads/2017/07/1975-Chevrolet-Caprice-Impala-Bel-Air.pdf;https://xr793.com/wp-content/uploads/2021/01/1973-Chevrolet-Caprice-Impala-Bel-Air-v2.pdf,pending,,2026-09-16T14:21:31+00:00
6990f23731832464309a,EU;RU,Chevrolet,Monza,9,1975-1977; 1976-1978; 1978-1980; 1982-1996; 2019-2022; 2022-2026,I; I NA Market; I Рестайлинг NA Market; II; II Рестайлинг; Monza H-body,Coupe; Sedan; Wagon 3-door,H2; SD0; SD1,https://auta5p.eu/lang/en/katalog/auto.php?idf=Chevrolet-Monza-2%2B2-Sport-Coupe-V8-305-29868;https://auto.ru/catalog/cars/chevrolet/monza/;https://auto.ru/catalog/cars/chevrolet/monza/specifications/;https://www.automobile-catalog.com/car/1977/191570/chevrolet_monza_22_hatchback_coupe_305_v-8.html,pending,,2026-09-16T14:21:31+00:00
e1513a4726e8c08f3e72,RU,Citroen,C3,9,2002-2006; 2005-2010; 2009-2013; 2013-2016; 2016-2020; 2020-2024; 2024-2026,I; I Рестайлинг; II; II Рестайлинг; III; III Рестайлинг; IV,Convertible; Hatchback 5-door,H0; SD0,https://auto.ru/catalog/cars/citroen/c3/;https://auto.ru/catalog/cars/citroen/c3/specifications/,pending,,2026-09-16T14:21:31+00:00
ac46d42dcd820a9085db,RU,Citroen,DS,9,1955-1962; 1962-1967; 1967-1976,I; I Рестайлинг 1; I Рестайлинг 2,Convertible; Sedan; Wagon 5-door,H2; SD0; SD1,https://auto.ru/catalog/cars/citroen/ds/;https://auto.ru/catalog/cars/citroen/ds/specifications/,pending,,2026-09-16T14:21:31+00:00
e0b3c977f85264b23c00,EU,Citroën,Ami,9,1963-1968; 1968-1969; 1969-1977; 1973-1977; 2020-2026; 2025-2026,Ami 6; Ami 8; Ami I; Ami I facelift; Ami Super,Hatchback; Sedan; Wagon,H0; SD1,https://www.auto-data.net/en/citroen-ami-6-generation-3308;https://www.auto-data.net/en/citroen-ami-8-generation-5264;https://www.auto-data.net/en/citroen-ami-model-1684;https://www.media.stellantis.com/em-en/citroen/press/ami-100-electric-mobility-accessible-to-all;https://www.media.stellantis.com/uploads/fr/model-document/caracteristiques_techniques_ami_1125-69a99a625a11c.pdf,pending,,2026-09-16T14:21:31+00:00
cc5ce55e417efa7349ab,EU;RU,Dacia,1310,9,1979-2004; 1983-2004,Dacia 1310; Dacia 1310 early; Dacia 1310 late; Dacia 1310 mid,Hatchback 5-door; Sedan; Wagon; Wagon 5-door,H0; H2; SD1,https://auto.ru/catalog/cars/dacia/1310/;https://auto.ru/catalog/cars/dacia/1310/specifications/;https://www.auto-data.net/en/dacia-1310-1.6-72hp-15900;https://www.automobile-catalog.com/car/1990/554150/dacia_1310_break.html;https://www.automobile-catalog.com/car/1993/554315/dacia_1310_break_1_6.html;https://www.automobile-catalog.com/car/1999/554375/dacia_1310_1_4.html;https://www.automobile-catalog.com/car/1999/554420/dacia_1310_break_1_6.html;https://www.carfolio.com/dacia-1310-berline-229669,pending,,2026-09-16T14:21:31+00:00
6a9e15a58e307f4a4f5b,EU;RU,Daewoo,Nexia,9,1994-2008; 1995-1997; 1995-2008; 1996-1997; 2008-2016,I; I Рестайлинг; Nexia; Nexia I,Hatchback; Hatchback 3-door; Hatchback 5-door; Sedan,H0; SD1,https://auto.ru/catalog/cars/daewoo/nexia/;https://auto.ru/catalog/cars/daewoo/nexia/specifications/;https://www.auto-data.net/en/daewoo-nexia-kletn-generation-3649;https://www.automobile-catalog.com/car/1995/555140/daewoo_nexia_gtx_hatchback_automatic.html;https://www.automobile-catalog.com/car/1995/555170/daewoo_nexia_glx_sedan.html,pending,,2026-09-16T14:21:31+00:00
fd31d7ebc5e5dab63648,EU,Daihatsu,Charade iii,9,1987-1990; 1987-1992; 1988-1992; 1988-1993; 1989-1992; 1990-1992; 1990-1993,Charade III,Hatchback; Sedan,H0; SD1,https://www.automobile-catalog.com/car/1987/56165/daihatsu_charade_ts.html;https://www.automobile-catalog.com/car/1988/57815/daihatsu_charade_turbo.html;https://www.automobile-catalog.com/car/1989/563240/daihatsu_charade_1_3i_tx.html;https://www.automobile-catalog.com/car/1989/563270/daihatsu_charade_1_3i_txf_4wd.html;https://www.automobile-catalog.com/car/1990/56180/daihatsu_charade_gtti.html;https://www.automobile-catalog.com/car/1990/563720/daihatsu_charade_1_3_sg_sedan.html;https://www.automobile-catalog.com/car/1990/57800/daihatsu_charade_tx_turbo_diesel.html,pending,,2026-09-16T14:21:31+00:00
cea5167df9b9e46456b8,RU,Datsun,Cherry,9,1970-1974; 1974-1978; 1978-1982,I; II; III,Coupe; Hatchback 3-door; Hatchback 5-door; Sedan; Wagon 3-door; Wagon 5-door,H0; H2; SD0; SD1,https://auto.ru/catalog/cars/datsun/cherry/;https://auto.ru/catalog/cars/datsun/cherry/specifications/,pending,,2026-09-16T14:21:31+00:00
16541fc9acb3280a91ab,EU;RU,Dodge,Ram van,9,1979-1993; 1993-2003; 1999-2003,II; III; Ram Van III,MPV; Van,SU1; V0,https://auto.ru/catalog/cars/dodge/ram_van/;https://auto.ru/catalog/cars/dodge/ram_van/specifications/;https://www.autodetective.com/directory/1999/dodge/ram-van/trim/1500-swb/;https://www.autodetective.com/directory/2001/dodge/ram-van/trim/1500-maxivan/;https://www.edmunds.com/dodge/ram-cargo/2001/st-100000858/features-specs/;https://xr793.com/wp-content/uploads/2018/09/1999-Dodge-Ram-Van.pdf,pending,,2026-09-16T14:21:31+00:00
f7a8d3127d606bdfe7bd,EU;RU,Ford,Consul,9,1972-1974; 1972-1975; 1972-1976; 1974-1975,Consul Mk I,Coupe; Sedan; Wagon; Wagon 5-door,H2; SD0; SD1,https://auto.ru/catalog/cars/ford/consul/;https://auto.ru/catalog/cars/ford/consul/specifications/;https://www.automobile-catalog.com/car/1972/915140/ford_consul_1700_l_2tur_.html;https://www.automobile-catalog.com/car/1972/916970/ford_consul_2500_l.html;https://www.automobile-catalog.com/car/1972/917570/ford_consul_estate_2500_l.html,pending,,2026-09-16T14:21:31+00:00
06c78dd75e8d30e2a8db,EU,Ford,Courier,9,1991-1996; 1996-1999; 1996-2002; 1996-2003; 2000-2003; 2001-2011,Courier Brazil; Courier Europe; Courier I; Courier I (Fiesta-based),MPV; Pickup; Van,P0; SU1,https://www.fichacompleta.com.br/en/carros/ford/courier-xl-1-6-2008;https://www.ikz.de/ikz-archiv/1999/22/9922056.php,pending,,2026-09-16T14:21:31+00:00
4478603f9517fb6e3b9b,EU,Ford,Fiesta vi van,9,2008-2012; 2009-2017; 2010-2015; 2010-2017; 2012-2017; 2013-2017; 2015-2017,Fiesta VI; Fiesta VII,Hatchback; Van,H0; SU1,https://www.auto-data.net/en/ford-fiesta-vii-mk7-3-door-1.4-tdci-70hp-46833;https://www.automobile-catalog.com/car/2009/979970/ford_fiesta_1_4_tdci_style.html;https://www.ford.ie/content/dam/guxeu/ie/Documents/Brochures/CVs/BRO-ford_fiesta_van.pdf;https://xr793.com/wp-content/uploads/2022/09/2011.5-Ford-Fiesta-Van-UK.pdf,pending,,2026-09-16T14:21:31+00:00
56d2121b81aa26fa6cc1,RU,Ford,Figo,9,2010-2012; 2012-2015; 2015-2018; 2018-2021,I; I Рестайлинг; II; II Рестайлинг,Hatchback 5-door; Sedan,H0; SD1,https://auto.ru/catalog/cars/ford/figo/;https://auto.ru/catalog/cars/ford/figo/specifications/,pending,,2026-09-16T14:21:31+00:00
66c61795dc0f7d50d001,EU;RU,Ford,Fusion,9,2002-2005; 2002-2009; 2002-2012; 2004-2012; 2005-2012; 2010-2012,Fusion I; I; I Рестайлинг,Hatchback 5-door; MPV,H0; SU1,https://auto.ru/catalog/cars/ford/fusion/;https://auto.ru/catalog/cars/ford/fusion/specifications/;https://www.autodata1.com/en/car/ford/fusion/fusion-12-75-hp;https://www.automobile-catalog.com/car/2008/1234295/ford_fusion_1_4_tdci_style.html,pending,,2026-09-16T14:21:31+00:00
2241cdb854a89d680fed,EU,Ford,Mondeo v,9,2014-2022; 2015-2022; 2018-2022; 2019-2022,Mondeo V; Mondeo V facelift,Hatchback; Sedan,H0; SD1,https://media.ford.com/content/dam/fordmedia/Europe/documents/productReleases/Mondeo/FordMondeo_TechnicalSpecifications_EU.pdf;https://www.auto-data.net/en/ford-mondeo-iv-sedan-2.0-ecoboost-240hp-automatic-20472;https://www.carsguide.com.au/ford/mondeo/car-dimensions/2019;https://www.ford.co.nz/content/dam/Ford/website-assets/ap/nz/nameplate/Mondeo/brochure/Mondeo-Brochure-Updated-2018.pdf;https://www.ford.co.uk/content/dam/guxeu/uk/documents/feature-pdfs/FT-Mondeo.pdf;https://www.ford.co.uk/content/dam/guxeu/uk/documents/feature-pdfs/FT-Mondeo_Vignale.pdf,pending,,2026-09-16T14:21:31+00:00
364436bc650ede8a0d27,EU,Honda,Accord vi,9,1998-2001; 1998-2002; 1998-2003; 1999-2002; 2001-2003,Accord VI,Coupe; Sedan,SD0; SD1,https://hondanews.com/en-US/honda-automobiles/releases/release-afb9f78eb14f105b74dac3004c34c994-1998-honda-accord-coupe-specifications;https://hondanews.eu/eu/en/cars/media/pressreleases/34359/geneva-motorshow-2000;https://www.auto-data.net/en/honda-accord-model-1282,pending,,2026-09-16T14:21:31+00:00
92aaa233a29affc42796,EU;RU,Honda,Acty,9,1977-1980; 1978-1987; 1980-1985; 1985-1988; 1988-1990; 1990-1993; 1994-1999; 1999-2018,Acty I; I; I Рестайлинг; I Рестайлинг 2; II; II Рестайлинг; II Рестайлинг 2; III,MPV; Pickup; Van,P0; V0,https://auto.ru/catalog/cars/honda/acty/;https://auto.ru/catalog/cars/honda/acty/specifications/;https://global.honda/jp/news/1977/4770720.html;https://www.automobile-catalog.com/car/1980/1088780/honda_tn-acty.html,pending,,2026-09-16T14:21:31+00:00
c0394bcfe11ec9597c59,RU,Honda,Legend,9,1985-1990; 1990-1996; 1996-2004; 2004-2008; 2008-2012; 2015-2018; 2017-2021,I; II; III; IV; IV Рестайлинг; V; V Рестайлинг,Coupe; Sedan,SD0; SD1,https://auto.ru/catalog/cars/honda/legend/;https://auto.ru/catalog/cars/honda/legend/specifications/,pending,,2026-09-16T14:21:31+00:00
0b1f77385a883ded7ce3,EU;RU,Hyundai,Matrix,9,2001-2005; 2001-2010; 2002-2005; 2004-2010; 2005-2008; 2005-2010; 2008-2010,I; I Рестайлинг; I Рестайлинг 2; Matrix; Matrix I facelift; Matrix I pre-facelift; Matrix facelift,MPV,SU1; V0,https://auto.ru/catalog/cars/hyundai/matrix/;https://auto.ru/catalog/cars/hyundai/matrix/specifications/;https://www.auto-data.net/en/hyundai-matrix-1.6-103hp-13862;https://www.auto-data.net/en/hyundai-matrix-model-1494;https://www.automobile-catalog.com/car/2002/1172420/hyundai_matrix_1_8_gls.html;https://www.automobile-catalog.com/car/2010/1172585/hyundai_matrix_1_8_style.html;https://www.ultimatespecs.com/car-specs/Hyundai/51677/Hyundai-Matrix-2006-15-CRDi-VGT.html,pending,,2026-09-16T14:21:31+00:00
bdc70f9f8569970c82df,EU,Hyundai,Porter,9,1994-2004; 2003-2004; 2012-2026,Porter II; Porter III,Chassis Cab; Pickup; Van,P0; SU1,https://motoro.ch/en/fiche-technique/hyundai/h-100-van-2-5d;https://www.hyundai.com/contents/repn-car/catalog_en/porter2-electric-catalog.pdf;https://www.truck1.eu/blog/hyundai-porter-2-5-d-80-hp-tech-specs-t27426,pending,,2026-09-16T14:21:31+00:00
01513022c86fda5085e2,RU,Lada (ВАЗ),Kalina,9,2004-2013; 2013-2018,I; II,Hatchback 5-door; Sedan; Wagon 5-door,H0; H2; SD1,https://auto.ru/catalog/cars/vaz/kalina/;https://auto.ru/catalog/cars/vaz/kalina/specifications/,pending,,2026-09-16T14:21:31+00:00
9c859f5554ef60e31e51,EU,Mazda,626 iii,9,1987-1988; 1987-1990; 1987-1991; 1987-1992; 1988-1991; 1989-1992; 1990-1992,626 III; 626 III (GD); 626 III facelift,Coupe; Sedan,SD0; SD1,https://www.automobile-catalog.com/car/1988/1633820/mazda_626_1_8_lx.html;https://www.automobile-catalog.com/car/1988/1633940/mazda_626_2_0i_16v_gt_coupe.html;https://www.automobile-catalog.com/car/1988/1633955/mazda_626_2_0_lx_cat.html;https://www.automobile-catalog.com/car/1988/1634165/mazda_626_2_0i_glx_coupe_cat.html;https://www.automobile-catalog.com/car/1990/1636760/mazda_626_1_8_lx.html;https://www.automobile-catalog.com/car/1991/1637060/mazda_626_2_2i_glx_4wd_cat.html;https://www.carsguide.com.au/mazda/626/car-dimensions/1991,pending,,2026-09-16T14:21:31+00:00
2c6ea721daf6c0732b86,EU;RU,Mercedes-benz,Eqs,9,2021-2025; 2021-2026; 2022-2026; 2023-2026; 2024-2026; 2026-2026,EQS SUV; EQS SUV X296; EQS V297; I; I Рестайлинг; I Рестайлинг 2,Hatchback; Liftback; SUV,H0; SU1,https://auto.ru/catalog/cars/mercedes/eqs/;https://auto.ru/catalog/cars/mercedes/eqs/specifications/;https://www.mercedes-benz-mena.com/iraq/en/services/manuals/eqs-saloon-2023-09-v297-mbux/vehicle-data/vehicle-dimensions/;https://www.mercedes-benz-mena.com/iraq/en/services/manuals/eqs-suv-2022-06-x296-mbux/vehicle-data/vehicle-dimensions/;https://www.mercedes-benz-mena.com/iraq/en/services/manuals/eqs-suv-2025-03-z296-mbux/vehicle-data/vehicle-dimensions/;https://www.mercedes-benz.co.uk/passengercars/services/manuals.html/eqs-saloon-2023-09-v297-mbux/vehicle-data/vehicle-dimensions-mercedes-amg-vehicles,pending,,2026-09-16T14:21:31+00:00
08bfc38fe2e6d82a5c00,EU;RU,Mercedes-benz,Eqv,9,2020-2023; 2020-2026; 2021-2026; 2023-2026,EQV E447; EQV V447; I; I Рестайлинг,MPV,SU1; V0,https://auto.ru/catalog/cars/mercedes/eqv/;https://auto.ru/catalog/cars/mercedes/eqv/specifications/;https://i.i-sgcm.com/new_cars/cars/21620/brochures/brochure_20221011015941.pdf;https://static.oneweb.mercedes-benz.com/css-oom-assets/en-is/pdf/mercedes-eqv-fjolnota-b%C3%ADll-2021-ma%C3%AD-e447-mbux-owners-manual-1.pdf;https://www.auto-data.net/en/mercedes-benz-eqv-model-2839,pending,,2026-09-16T14:21:31+00:00
cf0441b0a7f19aeaeed3,RU,Mercury,Sable,9,1986-1991; 1991-1995; 1995-1999; 1999-2005; 2007-2009,I; II; III; IV; V,Sedan; Wagon 5-door,H2; SD1,https://auto.ru/catalog/cars/mercury/sable/;https://auto.ru/catalog/cars/mercury/sable/specifications/,pending,,2026-09-16T14:21:31+00:00
69ace270b014f62632bc,EU;RU,Nissan,Elgrand,9,1997-2002; 2002-2010; 2010-2014; 2010-2026; 2014-2020; 2020-2026,Elgrand III; I (E50); II (E51); III (E52); III (E52) Рестайлинг; III (E52) Рестайлинг 2,MPV,SU1; V0,https://auto.ru/catalog/cars/nissan/elgrand/;https://auto.ru/catalog/cars/nissan/elgrand/specifications/;https://en.nissan.com.hk/vehicles/new/elgrand/specifications.html;https://history.nissan.co.jp/ELGRAND/E52/1008/e521008g52.html?gradeID=G52&model=ELGRAND;https://www.nissan-cdn.net/content/dam/Nissan/jp/vehicles/elgrand/1801/pdf/elgrand_specification.pdf,pending,,2026-09-16T14:21:31+00:00
022e07b143c158d46d33,RU,Nissan,March,9,1982-1992; 1992-2002; 2002-2010; 2010-2013; 2013-2022,I (K10); II (K11); III (K12); IV (K13); IV (K13) Рестайлинг,Convertible; Hatchback 3-door; Hatchback 5-door; Wagon 5-door,H0; H2; SD0,https://auto.ru/catalog/cars/nissan/march/;https://auto.ru/catalog/cars/nissan/march/specifications/,pending,,2026-09-16T14:21:31+00:00
7d0161761fedf7959f24,EU,Opel,Corsa c,9,2000-2003; 2000-2009; 2003-2009; 2003-2012; 2004-2009; 2005-2006,Corsa C; Corsa C facelift; Corsa C facelift 2003; Corsa C pre-facelift; Opel Corsa C facelift,Hatchback; Van,H0; SU1,https://motoreu.com/opel-corsa-van-1.2-twinport-mpg-fuel-consumption-technical-specifications-168768;https://www.auto-data.net/en/opel-corsa-c-1.8-16v-125hp-2107;https://www.auto-data.net/en/opel-corsa-c-facelift-2003-generation-5149;https://www.auto-data.net/en/opel-corsa-c-generation-526;https://www.ultimatespecs.com/car-specs/Opel/1121/Opel-Corsa-C-12-16v.html,pending,,2026-09-16T14:21:31+00:00
34d5e7866a55b2073f41,RU,Opel,Kapitan,9,1938-1950; 1951-1953; 1953-1958; 1958-1959; 1959-1963; 1964-1968; 1969-1970,A; B; I; I Рестайлинг; II; P1; P2,Convertible; Sedan,SD0; SD1,https://auto.ru/catalog/cars/opel/kapitan/;https://auto.ru/catalog/cars/opel/kapitan/specifications/,pending,,2026-09-16T14:21:31+00:00
453abf15e10f9de71362,EU,Peugeot,J9,9,1980-1982; 1980-1987; 1982-1987,J9,Bus; Pickup; Van,P0; SU1,https://en.wikipedia.org/wiki/Peugeot_J9,pending,,2026-09-16T14:21:31+00:00
d11ab48ad0d11a499b31,RU,Pontiac,Grand Prix,9,1962-1968; 1968-1972; 1972-1977; 1978-1987; 1988-1996; 1996-2003; 2004-2008,I; II; III; IV; V; VI; VII,Coupe; Sedan,SD0; SD1,https://auto.ru/catalog/cars/pontiac/grand_prix/;https://auto.ru/catalog/cars/pontiac/grand_prix/specifications/,pending,,2026-09-16T14:21:31+00:00
0ad15091da988bb07252,EU;RU,Proton,Persona,9,1993-2007; 2007-2016; 2008-2016; 2016-2019; 2019-2021; 2021-2026,I; II; III; III Рестайлинг; III Рестайлинг 2; Persona CM,Coupe; Hatchback 3-door; Hatchback 5-door; Sedan,H0; SD0; SD1,https://auto.ru/catalog/cars/proton/persona/;https://auto.ru/catalog/cars/proton/persona/specifications/;https://www.carsguide.com.au/proton/persona/car-dimensions/2008,pending,,2026-09-16T14:21:31+00:00
2d11371a576493c670a7,EU;RU,Renault,12,9,1969-1980; 1970-1974; 1970-1980; 1972-1980; 1973-1980; 1975-1980,I; Renault 12,Sedan; Wagon; Wagon 5-door,H2; SD1,https://auto.ru/catalog/cars/renault/12/;https://auto.ru/catalog/cars/renault/12/specifications/;https://www.automobile-catalog.com/car/1974/2926625/renault_12_ln_break.html;https://www.automobile-catalog.com/car/1976/2926670/renault_12_l.html;https://www.automobile-catalog.com/car/1978/2926685/renault_12_ts.html;https://www.automobile-catalog.com/car/1978/2926760/renault_12_break.html,pending,,2026-09-16T14:21:31+00:00
bbb5783d16cc4ceeb9c5,EU;RU,Rover,100,9,1990-1991; 1990-1998; 1991-1998; 1994-1995; 1994-1997; 1994-2000; 1997-1998,100; 100 Cabrio; Rover 100; Rover 100 (Metro),Convertible; Hatchback; Hatchback 3-door; Hatchback 5-door,H0; SD0,https://auto.ru/catalog/cars/rover/100/;https://auto.ru/catalog/cars/rover/100/specifications/;https://www.auto-data.net/en/rover-100-cabrio-xp-114-75hp-11496;https://www.auto-data.net/en/rover-100-metro-xp-114-gti-16v-103hp-11499;https://www.auto-data.net/en/rover-100-metro-xp-generation-2440;https://www.auto-data.net/en/rover-100-model-1217;https://www.automobile-catalog.com/car/1990/3012515/rover_111_s_metro_1_1_s.html,pending,,2026-09-16T14:21:31+00:00
9131d5de5247865e4f97,EU;RU,Rover,Mini,9,1989-2000; 1990-1993; 1991-1991; 1991-1994; 1992-1995; 1992-2000,Classic Mini Mk VI–VII; Mini Cabrio; Mini Mk VI; Rover Mini classic,Convertible; Hatchback; Sedan,H0; SD0; SD1,https://auto.ru/catalog/cars/rover/mini/;https://auto.ru/catalog/cars/rover/mini/specifications/;https://www.auto-data.net/en/rover-mini-mk-i-cabrio-generation-2448;https://www.auto-data.net/en/rover-mini-mk-i-generation-2447;https://www.automobile-catalog.com/car/1991/1706495/mini_cooper_1_3i.html;https://www.automobile-catalog.com/car/1997/1706615/mini_cooper_1_3i.html,pending,,2026-09-16T14:21:31+00:00
135a20a8aac3f9f8f197,EU;RU,Rover,Montego,9,1984-1988; 1988-1994; 1988-1995; 1990-1992; 1990-1993; 1990-1994; 1993-1993,Montego; Montego Estate; Montego Phase II; Montego phase II,Sedan; Wagon; Wagon 5-door,H2; SD1,https://auto.ru/catalog/cars/rover/montego/;https://auto.ru/catalog/cars/rover/montego/specifications/;https://www.auto-data.net/en/rover-montego-2.0-td-81hp-11608;https://www.automobile-catalog.com/car/1988/1700930/montego_estate_1_6.html;https://www.automobile-catalog.com/car/1991/1701815/rover_montego_2_0_gti_estate.html;https://www.automobile-catalog.com/make/austin/montego/montego_sedan_2/1990.html;https://www.carfolio.com/austin-montego-1.6-l-16984,pending,,2026-09-16T14:21:31+00:00
aeef8f032c1bf4dfcb7f,EU;RU,Saab,99,9,1967-1984; 1972-1974; 1974-1978; 1974-1984; 1976-1978; 1977-1980,99; Saab 99 Combi Coupé; Saab 99 early,Hatchback; Hatchback 3-door; Sedan,H0; SD1,https://auto.ru/catalog/cars/saab/99/;https://auto.ru/catalog/cars/saab/99/specifications/;https://www.automobile-catalog.com/car/1976/3019145/saab_99_gl_combi_coupe_3-door.html;https://www.automobile-catalog.com/car/1978/3019100/saab_99_gl_2-door.html;https://www.automobile-catalog.com/car/1982/3019985/saab_99_gl_2-door_5-speed.html,pending,,2026-09-16T14:21:31+00:00
b43d6b4b038b9dc535b3,EU,Skoda,Fabia iii,9,2014-2021; 2014-2022; 2015-2021; 2015-2022; 2018-2021,Fabia III; III,Hatchback; Wagon,H0; SD1,https://cdn.skoda-storyboard.com/2017/12/171212-%C5%A0KODA-MOTORSPORT-Press-kit.pdf;https://www.auto-data.net/en/skoda-fabia-iii-combi-generation-4318;https://www.auto-data.net/en/skoda-fabia-iii-generation-4317,pending,,2026-09-16T14:21:31+00:00
7d9d0a4e3ed7fbe8a6d3,RU,Subaru,Impreza WRX STi,9,1994-2000; 2000-2002; 2002-2005; 2005-2007; 2007-2014,I; II; II Рестайлинг 1; II Рестайлинг 2; III,Coupe; Hatchback 5-door; Sedan; Wagon 5-door,H0; H2; SD0; SD1,https://auto.ru/catalog/cars/subaru/impreza_wrx_sti/;https://auto.ru/catalog/cars/subaru/impreza_wrx_sti/specifications/,pending,,2026-09-16T14:21:31+00:00
6c3156f26a0084050359,EU;RU,Suzuki,Carry,9,1979-1985; 1980-1985; 1985-1991; 1991-1998; 1996-1999; 1999-2005; 1999-2006; 2000-2026,Carry DA32; Carry IX; Carry VII; Carry VIII; DA32; IX; VII; VIII,MPV; Van,SU1; V0,https://auto.ae/catalog/suzuki/carry/1999-2005-da32/van/;https://auto.ru/catalog/cars/suzuki/carry/;https://auto.ru/catalog/cars/suzuki/carry/specifications/;https://suzuki.drive.place/carry/viii/group_microvan/504329;https://www.automobile-catalog.com/car/1983/3325715/suzuki_carry_van_st90v_high_roof.html;https://www.automobile-catalog.com/car/1985/3325745/suzuki_carry_van_st90v.html;https://www.carsguide.com.au/suzuki/carry/car-dimensions/1999,pending,,2026-09-16T14:21:31+00:00
8cdd06c37a3b86d2040a,EU,Suzuki,Wagon r+,9,1998-2000; 2000-2004; 2001-2006; 2001-2026; 2003-2006; 2003-2026; 2005-2008,I; II; Wagon R+ I; Wagon R+ II,Hatchback; MPV,H0; SU1,https://www.auto-data.net/en/suzuki-wagon-r-em-1.0-i-69hp-automatic-23925;https://www.auto-data.net/en/suzuki-wagon-r-ii-1.3-i-16v-76hp-4wd-16497;https://www.auto-data.net/en/suzuki-wagon-r-ii-1.3-i-16v-93hp-4wd-16498;https://www.auto-data.net/en/suzuki-wagon-r-model-1902,pending,,2026-09-16T14:21:31+00:00
3ac6790e25a0125f0285,RU,Vauxhall,Insignia,9,2008-2013; 2013-2017; 2017-2022,I; I Рестайлинг; II,Liftback; Sedan; Wagon 5-door,H0; H2; SD1,https://auto.ru/catalog/cars/vauxhall/insignia/;https://auto.ru/catalog/cars/vauxhall/insignia/specifications/,pending,,2026-09-16T14:21:31+00:00
7abf63d6a89ad853698c,EU;RU,Alpina,B12,8,1988-1994; 1990-1994; 1990-1996; 1992-1996; 1995-1998; 1995-2001; 1999-2001,B12 E31; B12 E32; B12 E38; E31; E32; E38,Coupe; Sedan,SD0; SD1,https://auto.ru/catalog/cars/alpina/b12/;https://auto.ru/catalog/cars/alpina/b12/specifications/;https://www.alpina-automobiles.li/en/product-world/model-history/bmw-7-series/bmw-7-series-e32/;https://www.auto-data.net/en/alpina-b12-coupe-e31-5.0-i-v12-350hp-1675;https://www.auto-data.net/en/alpina-b12-e38-generation-455;https://www.automobile-catalog.com/car/1993/286985/alpina_b12_5_0.html,pending,,2026-09-16T14:21:31+00:00
847b5284c44cac2ad96f,EU;RU,Alpina,D4,8,2014-2017; 2014-2020; 2017-2018; 2022-2024,D4 Bi-Turbo; D4 Bi-Turbo Cabriolet; D4 Bi-Turbo Cabriolet LCI; F32/F33; F32/F33 Рестайлинг; G26,Convertible; Coupe; Liftback,H0; SD0,https://auto.ru/catalog/cars/alpina/d4/;https://auto.ru/catalog/cars/alpina/d4/specifications/;https://www.auto-data.net/en/alpina-d4-cabrio-f33-3.0d-350hp-switch-tronic-24225;https://www.auto-data.net/en/alpina-d4-cabrio-f33-facelift-2017-3.0d-350hp-switch-tronic-37429;https://www.auto-data.net/en/alpina-d4-coupe-f32-3.0d-350hp-switch-tronic-24156;https://www.auto-data.net/en/alpina-d4-coupe-f32-facelift-2017-3.0d-350hp-switch-tronic-37428,pending,,2026-09-16T14:21:31+00:00
0d68cc1f514942422279,EU;RU,AMC,Eagle,8,1979-1985; 1979-1987,Eagle I,Hatchback 3-door; Sedan; Wagon 5-door,H0; H2; SD1,https://auto.ru/catalog/cars/amc/eagle/;https://auto.ru/catalog/cars/amc/eagle/specifications/;https://www.automobile-catalog.com/car/1980/46430/amc_eagle_4-door_sedan_258ci.html;https://www.automobile-catalog.com/car/1981/1877225/amc_eagle_4-door_sedan_4_2l_automatic.html;https://www.automobile-catalog.com/car/1982/1879970/amc_eagle_limited_4-door_sedan_4_2l.html;https://www.automobile-catalog.com/car/1983/1883075/amc_eagle_4-door_sedan_4_2l.html;https://www.automobile-catalog.com/car/1984/1883330/amc_eagle_4-door_sedan_4_2l.html;https://www.automobile-catalog.com/car/1985/1883570/amc_eagle_4-door_sedan_4_2l_automatic.html,pending,,2026-09-16T14:21:31+00:00
b0892e84e8795b63b23d,RU,Audi,RS 3,8,2011-2012; 2015-2016; 2017-2021; 2021-2024; 2024-2026,I (8P); II (8V); II (8V) Рестайлинг; III (8Y); III (8Y) Рестайлинг,Hatchback 5-door; Sedan,H0; SD1,https://auto.ru/catalog/cars/audi/rs3/;https://auto.ru/catalog/cars/audi/rs3/specifications/,pending,,2026-09-16T14:21:31+00:00
b8abac7c6909f1414eed,EU;RU,Daewoo,Lanos,8,1997-1999; 1997-2008; 1997-2026,Lanos; Lanos I,Convertible; Hatchback; Hatchback 3-door; Hatchback 5-door; Sedan,H0; SD0; SD1,https://auto.ru/catalog/cars/daewoo/lanos/;https://auto.ru/catalog/cars/daewoo/lanos/specifications/;https://www.auto-data.net/en/daewoo-lanos-klat-1.6-16v-106hp-17470;https://www.automobile-catalog.com/car/1997/1340000/daewoo_lanos_1_5_s_sedan.html;https://www.automobile-catalog.com/car/1997/555770/daewoo_lanos_1_5_sx_hatchback.html;https://www.automobile-catalog.com/car/1998/555770/daewoo_lanos_1_5_sx_hatchback.html,pending,,2026-09-16T14:21:31+00:00
fa138804a2138a87bab0,RU,Daihatsu,Atrai,8,1981-1986; 1999-2005; 2005-2007; 2007-2017; 2017-2021; 2021-2026,I; IV; V; V Рестайлинг; V Рестайлинг 2; VI,MPV; Pickup,P0; V0,https://auto.ru/catalog/cars/daihatsu/atrai/;https://auto.ru/catalog/cars/daihatsu/atrai/specifications/,pending,,2026-09-16T14:21:31+00:00
56d931a10f3835e3f601,EU;RU,Dodge,Avenger,8,1994-2000; 2007-2009; 2007-2010; 2007-2011; 2007-2014; 2011-2014; 2012-2014,Avenger; Avenger JS; Avenger JS facelift; Avenger facelift; I; II; II Рестайлинг,Coupe; Sedan,SD0; SD1,https://auto.ru/catalog/cars/dodge/avenger/;https://auto.ru/catalog/cars/dodge/avenger/specifications/;https://www.auto-data.net/en/dodge-avenger-sedan-2.0-crd-140hp-dct-51161;https://www.auto-data.net/en/dodge-avenger-sedan-facelift-2010-2.4-173hp-automatic-51162;https://www.auto-data.net/en/dodge-avenger-sedan-facelift-2010-3.6-v6-283hp-autostick-51164,pending,,2026-09-16T14:21:31+00:00
0ed1ac7030496eb83055,EU;RU,Dodge,Neon,8,1994-1999; 1996-1999; 1999-2002; 1999-2005; 1999-2026; 2016-2021,I; II; III; Neon I; Neon II,Coupe; Sedan,SD0; SD1,https://auto.ru/catalog/cars/dodge/neon/;https://auto.ru/catalog/cars/dodge/neon/specifications/;https://www.auto-data.net/en/chrysler-neon-pl-2.0-i-16v-14782;https://www.auto-data.net/en/dodge-neon-ii-2.0i-133hp-automatic-28836,pending,,2026-09-16T14:21:31+00:00
0a14d039de67c9c66f1e,RU,Edsel,Ranger,8,1958-1958; 1959-1959; 1960-1960,I; I Рестайлинг; II,Convertible; Coupe; Sedan,SD0; SD1,https://auto.ru/catalog/cars/edsel/ranger/;https://auto.ru/catalog/cars/edsel/ranger/specifications/,pending,,2026-09-16T14:21:31+00:00
0e7f5d77bffaabee12da,EU;RU,Fiat,850,8,1964-1971; 1964-1972; 1965-1968; 1968-1972,850 Sport Coupe; 850 Sport Spider; Fiat 850; Fiat 850 Spider,Convertible; Coupe; Fastback; Roadster; Sedan,H0; SD0; SD1,https://auto.ru/catalog/cars/fiat/850/;https://auto.ru/catalog/cars/fiat/850/specifications/;https://www.automobile-catalog.com/car/1967/709625/fiat_850_spider.html;https://www.automobile-catalog.com/car/1968/36575/fiat_850_sport_spider.html;https://www.automobile-catalog.com/car/1968/709595/fiat_850_super.html;https://www.automobile-catalog.com/car/1969/709655/fiat_850_special.html;https://www.automobile-catalog.com/car/1969/709685/fiat_850_sport_coupe.html,pending,,2026-09-16T14:21:31+00:00
f99053deb06259904f59,RU,Fiat,Egea,8,2015-2020; 2020-2026,I; I Рестайлинг,Hatchback 5-door; Sedan; Wagon 5-door,H0; H2; SD1,https://auto.ru/catalog/cars/fiat/egea/;https://auto.ru/catalog/cars/fiat/egea/specifications/,pending,,2026-09-16T14:21:31+00:00
5a6b52b30878de92ff76,EU,Ford,Mondeo i,8,1993-1996; 1994-1996; 1995-1996,Mondeo I,Hatchback; Sedan,H0; SD1,https://autocatalogarchive.com/wp-content/uploads/2026/02/Ford-Mondeo-1995-UK-.pdf;https://www.automobile-catalog.com/car/1993/947555/ford_mondeo_5-dr_2_0i_16v_ghia.html;https://www.encycarpedia.com/ford/93-mondeo-2-0i-saloon,pending,,2026-09-16T14:21:31+00:00
9ac08ed6a36e918a433e,EU,Ford,Mondeo ii,8,1996-2000; 1998-2000; 1999-2000; 2000-2000,Mondeo I facelift; Mondeo II,Hatchback; Sedan,H0; SD1,https://autocatalogarchive.com/wp-content/uploads/2026/02/Ford-Mondeo-1998-UK-.pdf,pending,,2026-09-16T14:21:31+00:00
4ca78aa3e9d030a948ef,EU;RU,Hyundai,Trajet,8,1999-2004; 1999-2008; 2000-2008; 2001-2003; 2001-2008; 2004-2008; 2005-2008,I; I Рестайлинг; Trajet; Trajet I,MPV,SU1; V0,https://auto.ru/catalog/cars/hyundai/trajet/;https://auto.ru/catalog/cars/hyundai/trajet/specifications/;https://www.automobile-catalog.com/car/2001/1169555/hyundai_trajet_2_0_crdi_gls.html;https://www.automobile-catalog.com/car/2002/1169525/hyundai_trajet_2_0_16v_gls_automatic.html;https://www.ultimatespecs.com/car-specs/Hyundai/4451/Hyundai-Trajet-20-CRDi.html,pending,,2026-09-16T14:21:31+00:00
650539321eccd03834bc,EU;RU,Infiniti,M,8,1989-1992; 2002-2004; 2005-2008; 2008-2010; 2010-2013; 2010-2026; 2011-2026,I; II; III; III Рестайлинг; IV; Infiniti M Y51; M Y51,Convertible; Coupe; Sedan,SD0; SD1,https://auto.ru/catalog/cars/infiniti/m/;https://auto.ru/catalog/cars/infiniti/m/specifications/;https://partsadvantage.infinitiusa.com/wp-content/uploads/2017/10/Infiniti-Maintenance-Advantage%E2%84%A2-RADIATOR-CONDENSER_Application-Guide_10-24-2017.pdf;https://www.automobile-catalog.com/car/2011/2169065/infiniti_m37.html;https://www.automobile-catalog.com/car/2011/2169110/infiniti_m35h_gt_hybrid.html;https://www.automobile-catalog.com/car/2014/2169140/infiniti_q70_3_0d_gt.html,pending,,2026-09-16T14:21:31+00:00
b0608a35401f4b16574d,RU,Jaguar,XF,8,2007-2011; 2011-2015; 2015-2020; 2020-2024,I; I Рестайлинг; II; II Рестайлинг,Sedan; Wagon 5-door,H2; SD1,https://auto.ru/catalog/cars/jaguar/xf/;https://auto.ru/catalog/cars/jaguar/xf/specifications/,pending,,2026-09-16T14:21:31+00:00
5a162b424838d065f48f,EU,Lada,Priora,8,2007-2018; 2008-2013; 2008-2015; 2009-2015; 2009-2016; 2014-2018,I facelift; Priora I; Priora I facelift,Hatchback; Sedan; Wagon,H0; SD1,https://lada.drive.place/2170/i/group_hatchback_5d/344965;https://www.auto-data.net/en/lada-priora-i-hatchback-facelift-2013-generation-4632;https://www.auto-data.net/en/lada-priora-i-sedan-facelift-2013-1.6-106hp-22344;https://www.auto-data.net/en/lada-priora-i-sedan-facelift-2013-generation-4631;https://www.auto-data.net/en/lada-priora-model-1421,pending,,2026-09-16T14:21:31+00:00
fdf873ddad7bf10575e2,RU,Lada (ВАЗ),Priora,8,2007-2013; 2013-2018,I; I Рестайлинг,Hatchback 3-door; Hatchback 5-door; Sedan; Wagon 5-door,H0; H2; SD1,https://auto.ru/catalog/cars/vaz/2170/;https://auto.ru/catalog/cars/vaz/2170/specifications/,pending,,2026-09-16T14:21:31+00:00
47866b32deaba4fe2758,EU;RU,Lancia,Flaminia,8,1952-1970; 1959-1961; 1962-1962; 1963-1967; 1963-1969,Flaminia Pininfarina; Flaminia Pininfarina Coupe; Flaminia Touring,Convertible; Coupe; Sedan,SD0; SD1,https://auto.ru/catalog/cars/lancia/flaminia/;https://auto.ru/catalog/cars/lancia/flaminia/specifications/;https://www.automobile-catalog.com/car/1962/1374695/lancia_flaminia_coupe_3b.html;https://www.automobile-catalog.com/car/1963/1374770/lancia_flaminia_coupe_3b_2_8.html;https://www.automobile-catalog.com/car/1964/1374800/lancia_flaminia_cabriolet_3c_2_8_touring.html;https://www.automobile-catalog.com/car/1965/1374770/lancia_flaminia_coupe_3b_2_8.html,pending,,2026-09-16T14:21:31+00:00
010123c89c9f90cb7d66,EU;RU,Lincoln,Town car,8,1980-1989; 1985-1989; 1989-1997; 1990-1995; 1993-1997; 1997-2003; 2003-2011,I; II; III; III Рестайлинг,Coupe; Sedan,SD0; SD1,https://auto.ru/catalog/cars/lincoln/town_car/;https://auto.ru/catalog/cars/lincoln/town_car/specifications/;https://www.automobile-catalog.com/car/1985/1413860/lincoln_town_car.html;https://www.edmunds.com/lincoln/town-car/1990/features-specs/,pending,,2026-09-16T14:21:31+00:00
ec30737e89e20920e3ab,RU,Mazda,929,8,1972-1978; 1978-1988; 1981-1987; 1987-1992; 1991-1995,II (HB); III (HC); IV (HD); LA2; LA4,Coupe; Sedan; Wagon 5-door,H2; SD0; SD1,https://auto.ru/catalog/cars/mazda/929/;https://auto.ru/catalog/cars/mazda/929/specifications/,pending,,2026-09-16T14:21:31+00:00
2005005c42922b3e5b0a,EU,Mercedes-benz,300,8,1951-1954; 1951-1955; 1954-1955; 1955-1957; 1955-1958; 1956-1957; 1957-1962; 1960-1961,300; 300 S; 300 Sc; 300 b; 300 c; 300 d,Coupe; Sedan,SD0; SD1,https://mercedes-benz-archive.com/marsClassic/en/instance/ko/300-Sc-Coup.xhtml?oid=4524;https://mercedes-benz-publicarchive.com/marsClassic/en/instance/ko/300---300-d-W-186-W-189-1951---1962.xhtml?oid=5026;https://mercedes-benz-publicarchive.com/marsClassic/en/instance/ko/300-b.xhtml?oid=5042;https://mercedes-benz-publicarchive.com/marsClassic/en/instance/ko/300-c-long-wheelbase.xhtml?oid=5043;https://mercedes-benz-publicarchive.com/marsClassic/en/instance/ko/300-c.xhtml?oid=5040;https://mercedes-benz-publicarchive.com/marsClassic/en/instance/ko/300-d-special-version-with-long-wheelbase.xhtml?oid=5044;https://mercedes-benz-publicarchive.com/marsClassic/en/instance/ko/300-d.xhtml?oid=5030;https://www.carfolio.com/mercedes-benz-300-s-coupe-109153,pending,,2026-09-16T14:21:31+00:00
c7b63cf6c8576f235279,RU,Mercedes-Benz,CLA AMG,8,2013-2016; 2016-2019; 2019-2023; 2023-2026,"I (C117, X117); I (C117, X117) Рестайлинг; II (C118, X118); II (C118, X118) Рестайлинг",Sedan; Wagon 5-door,H2; SD1,https://auto.ru/catalog/cars/mercedes/cla_klasse_amg/;https://auto.ru/catalog/cars/mercedes/cla_klasse_amg/specifications/,pending,,2026-09-16T14:21:31+00:00
a7e262b69d62da30241b,RU,Mercedes-Benz,CLS AMG,8,2005-2008; 2008-2010; 2011-2014; 2014-2018; 2018-2021; 2021-2023,I (C219); I (C219) Рестайлинг; II (W218); II (W218) Рестайлинг; III (C257); III (C257) Рестайлинг,Sedan; Wagon 5-door,H2; SD1,https://auto.ru/catalog/cars/mercedes/cls_klasse_amg/;https://auto.ru/catalog/cars/mercedes/cls_klasse_amg/specifications/,pending,,2026-09-16T14:21:31+00:00
a7d45745f22cc2d41b10,RU,Mercedes-Benz,G-Класс AMG,8,1993-2008; 2008-2012; 2012-2015; 2015-2018; 2018-2024; 2024-2026,I (W463); I (W463) Рестайлинг; I (W463) Рестайлинг 2; I (W463) Рестайлинг 3; II (W463); II (W465) Рестайлинг,Pickup; SUV; SUV 5-door,P0; SU1,https://auto.ru/catalog/cars/mercedes/g_klasse_amg/;https://auto.ru/catalog/cars/mercedes/g_klasse_amg/specifications/,pending,,2026-09-16T14:21:31+00:00
3d2e63efcc6dd521076c,EU;RU,Nissan,200sx,8,1983-1988; 1988-1990; 1988-1993; 1988-1994; 1993-1999; 1993-2000,200SX S13; 200SX S14; S12; S13; S14,Coupe; Hatchback 3-door,H0; SD0,https://auto.ru/catalog/cars/nissan/200sx/;https://auto.ru/catalog/cars/nissan/200sx/specifications/;https://autocatalogarchive.com/wp-content/uploads/2017/07/Nissan-200-SX-1994-INT.pdf;https://www.auto-data.net/en/nissan-200-sx-s13-1.8-turbo-169hp-381;https://www.auto-data.net/en/nissan-200-sx-s14-2.0-i-16v-turbo-200hp-380;https://www.auto-data.net/en/nissan-240sx-coupe-s13-2.4-134hp-42566,pending,,2026-09-16T14:21:31+00:00
6e81b2b2a70d9414e449,EU;RU,Nissan,Kubistar,8,2003-2009; 2003-2026; 2005-2009; 2006-2009; 2006-2026,I; Kubistar; Kubistar I,Van,SU1; V0,https://auto.ru/catalog/cars/nissan/kubistar/;https://auto.ru/catalog/cars/nissan/kubistar/specifications/;https://vehiclescore.co.uk/car-dimensions-check/nissan/kubistar;https://www.anchorvans.co.uk/specifications/kubistar,pending,,2026-09-16T14:21:31+00:00
3f0fbc9b10fa96311af1,RU,Nissan,Murano,8,2002-2008; 2007-2010; 2010-2012; 2011-2015; 2014-2023; 2018-2024; 2024-2026,I (Z50); II (Z51); II (Z51) Рестайлинг; II (Z51) Рестайлинг 2; III (Z52); III (Z52) Рестайлинг; IV (Z53),Convertible; SUV 5-door,SD0; SU1,https://auto.ru/catalog/cars/nissan/murano/;https://auto.ru/catalog/cars/nissan/murano/specifications/,pending,,2026-09-16T14:21:31+00:00
63f753eae3b1e93044cc,EU;RU,Nissan,Quest,8,1992-1998; 1998-2002; 1999-2002; 2003-2009; 2003-2026; 2010-2018; 2012-2026,I; II; III; IV; Quest I; Quest II; Quest III; Quest IV,MPV,SU1; V0,https://auto.ru/catalog/cars/nissan/quest/;https://auto.ru/catalog/cars/nissan/quest/specifications/;https://en.wikipedia.org/wiki/Nissan_Quest;https://www.auto-data.net/en/nissan-quest-ff-l-3.5-i-v6-24v-233hp-772;https://www.automobile-catalog.com/car/2000/2324630/nissan_quest_gxe.html;https://www.edmunds.com/nissan/quest/2012/st-101413894/features-specs/,pending,,2026-09-16T14:21:31+00:00
4b9e2c8456ffe153dd1f,RU,Oldsmobile,Eighty-Eight,8,1957-1958; 1971-1976; 1977-1985; 1986-1991; 1992-1999,III; IX; VII; VIII; X,Convertible; Coupe; Sedan,SD0; SD1,https://auto.ru/catalog/cars/oldsmobile/eighty_eight/;https://auto.ru/catalog/cars/oldsmobile/eighty_eight/specifications/,pending,,2026-09-16T14:21:31+00:00
59b7bb4b844c33809d6b,RU,Opel,Ascona,8,1970-1975; 1975-1981; 1981-1988,A; B; C,Coupe; Hatchback 5-door; Sedan; Wagon 3-door,H0; H2; SD0; SD1,https://auto.ru/catalog/cars/opel/ascona/;https://auto.ru/catalog/cars/opel/ascona/specifications/,pending,,2026-09-16T14:21:31+00:00
9d1b405530dece624e9f,EU,Opel,Astra k,8,2015-2018; 2015-2019; 2017-2018; 2018-2019; 2018-2021; 2019-2021,Astra K; K; Opel Astra K,Hatchback; Wagon,H0; SD1,https://www.auto-data.net/en/opel-astra-k-1.4-ecotec-110hp-cng-36360;https://www.auto-data.net/en/opel-astra-k-generation-4585;https://www.auto-data.net/en/opel-astra-k-sports-tourer-generation-4656,pending,,2026-09-16T14:21:31+00:00
267c503c90143ec7ff3f,EU,Opel,Commodore a,8,1967-1969; 1967-1972; 1969-1972; 1970-1972,A,Coupe; Sedan,SD0; SD1,https://www.automobile-catalog.com/car/1971/2413730/opel_commodore_gs.html;https://www.automobile-catalog.com/car/1971/2413805/opel_commodore_gs_coupe.html,pending,,2026-09-16T14:21:31+00:00
ef6934c8f0f214b44d07,EU,Opel,Kadett d,8,1979-1982; 1979-1983; 1979-1984; 1981-1984; 1982-1984; 1983-1984,D; Kadett D,Hatchback; Sedan,H0; SD1,https://www.auto-data.net/en/opel-kadett-d-1.0-40hp-25902;https://www.auto-data.net/en/opel-kadett-d-1.0-50hp-26001;https://www.auto-data.net/en/opel-kadett-d-1.6-d-54hp-1928;https://www.automobile-catalog.com/car/1980/2439455/opel_kadett_1_0_saloon.html;https://www.automobile-catalog.com/make/opel/kadett_d/kadett_d_gte/1983.html;https://www.carfolio.com/opel-kadett-1.8-gte-39039,pending,,2026-09-16T14:21:31+00:00
261f165eb4bc3e21cd14,EU;RU,Peugeot,205,8,1983-1987; 1983-1990; 1983-1998; 1987-1990; 1994-1997,205; 205 I Facelift; 205 I Pre-Facelift,Convertible; Hatchback; Hatchback 3-door; Hatchback 5-door; Van,H0; SD0; SU1,https://auto.ru/catalog/cars/peugeot/205/;https://auto.ru/catalog/cars/peugeot/205/specifications/;https://www.auto-data.net/en/peugeot-205-i-20a-c-facelift-1987-1.4-i-75hp-5648;https://www.auto-data.net/en/peugeot-205-i-741a-c-3-door-1.6-80hp-automatic-46257;https://www.automobile-catalog.com/car/1994/2577635/peugeot_205_style_1_7_d.html,pending,,2026-09-16T14:21:31+00:00
ea90899afc0f4d142d98,EU;RU,Peugeot,Bipper,8,2008-2018; 2008-2026; 2010-2026; 2015-2026,Bipper I,MPV; Van,SU1; V0,https://auto.ru/catalog/cars/peugeot/bipper/;https://auto.ru/catalog/cars/peugeot/bipper/specifications/;https://www.adac.de/rund-ums-fahrzeug/autokatalog/marken-modelle/peugeot/bipper/1generation/214385/;https://www.autoscout24.de/auto/technische-daten/peugeot/bipper/;https://www.autosynergy.co.uk/assets/brochures/peugeot-bipper.pdf;https://www.encycarpedia.com/peugeot/11-bipper-tepee-hdi-fap-75-mpv;https://www.media.stellantis.com/uk-en/fiat-professional/press/award-winning-new-fiat-fiorino-in-uk-press-pack,pending,,2026-09-16T14:21:31+00:00
a58848829dc8cc593a92,EU;RU,Pontiac,Sunbird,8,1975-1980; 1975-1981; 1981-1988; 1988-1994,I; II; III; Sunbird I,Coupe; Sedan; Wagon 3-door,H2; SD0; SD1,https://auto.ru/catalog/cars/pontiac/sunbird/;https://auto.ru/catalog/cars/pontiac/sunbird/specifications/;https://www.automobile-catalog.com/car/1977/2826815/pontiac_sunbird_coupe_3_8-litre_v6_5-speed.html;https://www.automobile-catalog.com/car/1978/2829635/pontiac_sunbird_coupe_3_8-litre_v6_5-speed.html;https://www.automobile-catalog.com/car/1979/2832605/pontiac_sunbird_coupe_3_8-litre_v6_5-speed.html;https://www.automobile-catalog.com/car/1980/2835620/pontiac_sunbird_coupe_3_8_liter_v6_4-speed.html,pending,,2026-09-16T14:21:31+00:00
e64414ecb56d158a0cd0,RU,Renault,19,8,1988-1992; 1992-2002,I; II,Convertible; Hatchback 3-door; Hatchback 5-door; Sedan,H0; SD0; SD1,https://auto.ru/catalog/cars/renault/19/;https://auto.ru/catalog/cars/renault/19/specifications/,pending,,2026-09-16T14:21:31+00:00
6919538bfe375de72a25,EU,Renault,19 i,8,1988-1992; 1989-1992; 1989-1993; 1991-1992,19 I; I; Renault 19 I,Convertible; Hatchback,H0; SD0,https://www.automobile-catalog.com/car/1990/2942000/renault_19_1_4_80_automatic.html;https://www.automobile-catalog.com/car/1991/2942615/renault_19_cabriolet_1_7_95_catalyst.html;https://www.automobile-catalog.com/car/1991/2942645/renault_19_cabriolet_16v_catalyst.html;https://www.carspecsguru.com/renault/19/2574/3935/modification-26768,pending,,2026-09-16T14:21:31+00:00
23ceccbe718941270dd8,EU,Skoda,Felicia i,8,1994-1998; 1995-1998; 1997-2002,Felicia I; Felicia I Fun; I,Hatchback; Pickup; Wagon,H0; P0; SD1,https://www.auto-data.net/en/skoda-felicia-i-fun-797-1.6-75hp-14088;https://www.auto-data.net/en/skoda-felicia-i-generation-1368;https://www.automobile-catalog.com/car/1995/3133670/skoda_felicia_estate_1_3_54.html;https://www.automobile-catalog.com/car/1996/3133685/skoda_felicia_estate_1_3_68.html;https://www.automobile-catalog.com/car/1996/3133760/skoda_felicia_1_3_68.html;https://www.automobile-catalog.com/car/1998/3134120/skoda_felicia_pickup_1_3_54.html,pending,,2026-09-16T14:21:31+00:00
341d63c6f2e17cd69292,EU,Streetscooter,Work,8,2015-2022; 2018-2022; 2020-2022,StreetScooter Work; Work; Work I,Chassis Cab; Pickup; Van,P0; SU1,https://www.streetscooter.com/wp-content/uploads/2019/01/StreetScooter-Brochure-EN-Web.pdf;https://www.streetscooter.com/wp-content/uploads/2019/03/StreetScooter-Broschuere_Web_EN.pdf,pending,,2026-09-16T14:21:31+00:00
de7649b35a7ed6d99c9f,EU;RU,Subaru,Leone,8,1979-1984; 1984-1994; 1985-1989,II; III; Leone III,Coupe; Hatchback; Hatchback 3-door; Sedan; Wagon 5-door,H0; H2; SD0; SD1,https://auto.ru/catalog/cars/subaru/leone/;https://auto.ru/catalog/cars/subaru/leone/specifications/;https://subaru.drive.place/leone/iii/group_coupe/557630,pending,,2026-09-16T14:21:31+00:00
da4625fa28b115bb93c0,EU;RU,Toyota,Urban cruiser,8,2009-2014; 2009-2016; 2020-2022; 2022-2026; 2025-2026,I; II; III; IV; Urban Cruiser I,Hatchback; Hatchback 5-door; SUV; SUV 5-door,H0; SU1,https://auto.ru/catalog/cars/toyota/urban_cruiser/;https://auto.ru/catalog/cars/toyota/urban_cruiser/specifications/;https://newsroom.toyota.eu/world-premiere-of-the-all-new-toyota-urban-cruiser/;https://www.auto-data.net/en/toyota-urban-cruiser-i-1.33-vvt-i-100hp-16674;https://www.auto-data.net/en/toyota-urban-cruiser-i-1.4-d-4d-90hp-4x4-3755,pending,,2026-09-16T14:21:31+00:00
6de124fb93e0c56b5de5,EU;RU,Toyota,Verso,8,2009-2012; 2009-2018; 2010-2016; 2012-2018; 2013-2018,I; I Рестайлинг; Verso I; Verso I facelift; Verso I pre-facelift; Verso-S II,MPV,SU1; V0,https://auto.ru/catalog/cars/toyota/verso/;https://auto.ru/catalog/cars/toyota/verso/specifications/;https://media.toyota.co.uk/world-premiere-of-the-new-toyota-verso/;https://media.toyota.co.uk/wp-content/uploads/sites/5/1517399376180122MVersofullrelease.pdf;https://www.auto-data.net/en/toyota-verso-2.0-d-4-d-126hp-45279;https://www.auto-data.net/en/toyota-verso-s-ii-1.33-dual-vvt-i-98hp-18486;https://www.auto-data.net/en/toyota-verso-s-ii-1.4-d-4d-dpf-89hp-18488;https://xr793.com/wp-content/uploads/2022/12/2010-Toyota-Verso-UK.pdf,pending,,2026-09-16T14:21:31+00:00
c05f09e01eaf4e5f7e13,RU,Volkswagen,Lavida,8,2008-2015; 2015-2018; 2018-2022; 2022-2026; 2025-2026,I; II; III; III Рестайлинг; IV,Sedan; Wagon 5-door,H2; SD1,https://auto.ru/catalog/cars/volkswagen/lavida/;https://auto.ru/catalog/cars/volkswagen/lavida/specifications/,pending,,2026-09-16T14:21:31+00:00
725dde787ae822fb4874,RU,Volkswagen,Type 2,8,1950-1967; 1967-1979,T1; T2,MPV; Pickup; Van,P0; V0,https://auto.ru/catalog/cars/volkswagen/type_2/;https://auto.ru/catalog/cars/volkswagen/type_2/specifications/,pending,,2026-09-16T14:21:31+00:00
c6fb8057148181e3c229,EU,VW,Passat b7,8,2010-2013; 2010-2014; 2011-2014; 2012-2014; 2013-2014,B7; Passat B7; Passat B7 Variant; Volkswagen Passat B7,Sedan; Van,SD1; SU1,https://www.auto-data.net/en/volkswagen-passat-b7-1.4-tsi-bmt-122hp-44141;https://www.auto-data.net/en/volkswagen-passat-b7-1.8-tsi-160hp-16821;https://www.volkswagen-newsroom.com/en/vehicle-data-passat-b7-profile-20037,pending,,2026-09-16T14:21:31+00:00
b8df5b3413523153c370,RU,Acura,Integra,7,1986-1990; 1989-1993; 1993-2001; 2022-2026,I; II; III; IV,Coupe; Hatchback 3-door; Hatchback 5-door; Sedan,H0; SD0; SD1,https://auto.ru/catalog/cars/acura/integra/;https://auto.ru/catalog/cars/acura/integra/specifications/,pending,,2026-09-16T14:21:31+00:00
9db9f87ebb50c25803ba,EU;RU,Aston Martin,Rapide,7,2009-2013; 2010-2013; 2013-2014; 2013-2020; 2014-2026; 2016-2026; 2018-2026,I; I (S); Rapide (2010); Rapide AMR; Rapide I; Rapide S,Hatchback; Liftback,H0; SD0,https://auto.ru/catalog/cars/aston_martin/rapide/;https://auto.ru/catalog/cars/aston_martin/rapide/specifications/;https://autocatalogarchive.com/wp-content/uploads/2016/07/Aston-Martin-Rapide-S-2013.pdf;https://www.automobile-catalog.com/car/2010/1186340/aston_martin_rapide.html;https://www.automobiledimension.com/model/aston-martin/rapide-amr,pending,,2026-09-16T14:21:31+00:00
ff54b9ef6b6753ed3d71,RU,Audi,RS 4,7,1999-2001; 2005-2009; 2012-2015; 2017-2020; 2019-2025,I (B5); II (B7); III (B8); IV (B9); IV (B9) Рестайлинг,Convertible; Sedan; Wagon 5-door,H2; SD0; SD1,https://auto.ru/catalog/cars/audi/rs4/;https://auto.ru/catalog/cars/audi/rs4/specifications/,pending,,2026-09-16T14:21:31+00:00
4493da57c5c959d59cd9,RU,Audi,RS 6,7,2002-2006; 2007-2012; 2012-2014; 2014-2018; 2019-2025,I (C5); II (C6); III (C7); III (C7) Рестайлинг; IV (C8),Sedan; Wagon 5-door,H2; SD1,https://auto.ru/catalog/cars/audi/rs6/;https://auto.ru/catalog/cars/audi/rs6/specifications/,pending,,2026-09-16T14:21:31+00:00
876ace49de1f500a58ca,EU,Auto Union,Au 1000,7,1958-1960; 1958-1965; 1959-1963; 1959-1964,Auto Union 1000; Auto Union 1000 S; Auto Union 1000 SP,Coupe; Sedan,SD0; SD1,https://www.automobile-catalog.com/car/1959/259310/auto_union_1000_limousine_2-turig.html;https://www.automobile-catalog.com/car/1959/259325/auto_union_1000_s_limousine_4-turig.html;https://www.automobile-catalog.com/car/1959/259370/auto_union_1000_sp.html;https://www.automobile-catalog.com/car/1961/259385/auto_union_1000_sp.html,pending,,2026-09-16T14:21:31+00:00
942e172367c477c958a9,RU,Bentley,S,7,1955-1959; 1959-1962; 1962-1965,I; II; III,Convertible; Coupe; Sedan,SD0; SD1,https://auto.ru/catalog/cars/bentley/s/;https://auto.ru/catalog/cars/bentley/s/specifications/,pending,,2026-09-16T14:21:31+00:00
f41331840353ed0a8fa6,EU;RU,BMW,320,7,1937-1937; 1937-1938; 1938-1938,BMW 320,Convertible; Sedan,SD0; SD1,https://auta5p.eu/lang/en/katalog/auto.php?idf=BMW-320-Cabriolet-23609;https://auto.ru/catalog/cars/bmw/320/;https://auto.ru/catalog/cars/bmw/320/specifications/;https://carspector.com/car/bmw/006727/;https://www.bmwgroup-classic.com/de/modelle/bmw-klassiker/product-description-page.ad-291-2.bmw-320-limousine.html;https://www.bmwgroup-classic.com/en/models/bmw-classics/product-description-page.ad-292-2.bmw-320-convertible.html;https://www.bmwgroup-classic.com/en/models/bmw-classics/product-description-page.ad-99-1.bmw-320-model.html,pending,,2026-09-16T14:21:31+00:00
a9856314df284d3f1793,RU,BMW,8 серии,7,1989-1999; 2018-2022; 2022-2026,I (E31); II (G14/G15/G16); II (G14/G15/G16) Рестайлинг,Convertible; Coupe; Sedan,SD0; SD1,https://auto.ru/catalog/cars/bmw/8er/;https://auto.ru/catalog/cars/bmw/8er/specifications/,pending,,2026-09-16T14:21:31+00:00
a6fb040c8f95509e3d7f,RU,Buick,Excelle,7,2004-2007; 2009-2015; 2015-2017; 2017-2023,I; II; III; III Рестайлинг,Hatchback 5-door; Sedan; Wagon 5-door,H0; H2; SD1,https://auto.ru/catalog/cars/buick/excelle/;https://auto.ru/catalog/cars/buick/excelle/specifications/,pending,,2026-09-16T14:21:31+00:00
e45ce1386e95659ae038,EU;RU,Buick,Roadmaster,7,1938-1939; 1942-1948; 1949-1953; 1990-1992; 1991-1996,II; IV; Roadmaster VIII; V; VIII,Convertible; Sedan; Wagon; Wagon 5-door,H2; SD0; SD1,https://auto.ru/catalog/cars/buick/roadmaster/;https://auto.ru/catalog/cars/buick/roadmaster/specifications/;https://www.edmunds.com/buick/roadmaster/1991/wagon/features-specs/,pending,,2026-09-16T14:21:31+00:00
112402a703361023ac8e,EU;RU,Cadillac,Ats,7,2012-2014; 2013-2026; 2014-2019; 2015-2026,ATS I; ATS-V I; I; I Рестайлинг,Coupe; Sedan,SD0; SD1,https://auto.ru/catalog/cars/cadillac/ats/;https://auto.ru/catalog/cars/cadillac/ats/specifications/;https://media.gm.com/dld/content/media/intl/en/cadillac/vehicles/ats/2015/_jcr_content/rightpar/sectioncontainer_576461190/par/download_991477124/file.res/EN-Cadillac-ATS-TechData.pdf;https://www.edmunds.com/cadillac/ats-coupe/2015/features-specs/;https://www.edmunds.com/cadillac/ats-v/2016/coupe/features-specs/;https://www.edmunds.com/cadillac/ats-v/2016/sedan/features-specs/,pending,,2026-09-16T14:21:31+00:00
858228a1aeabbdfdb18a,EU;RU,Chevrolet,Chevelle,7,1963-1967; 1967-1972; 1973-1974; 1973-1977,Chevelle III; I; II; III,Convertible; Coupe; Sedan,SD0; SD1,https://auto.ru/catalog/cars/chevrolet/chevelle/;https://auto.ru/catalog/cars/chevrolet/chevelle/specifications/;https://www.automobile-catalog.com/car/1974/161315/chevrolet_chevelle_malibu_classic_sedan_454_v-8_turbo-jet_4-speed.html;https://www.automobile-catalog.com/car/1975/199985/chevrolet_chevelle_malibu_classic_sedan_250_turbo-thrift.html,pending,,2026-09-16T14:21:31+00:00
7c8d0c51d1704ea0a6a5,EU;RU,Chevrolet,Trans sport,7,1996-2001; 1996-2005; 2000-2005; 2001-2003; 2001-2005,Trans Sport II,MPV,SU1; V0,https://auto.ru/catalog/cars/chevrolet/transsport/;https://auto.ru/catalog/cars/chevrolet/transsport/specifications/;https://www.auto-data.net/en/chevrolet-trans-sport-u-3.4-i-v6-186hp-14448;https://www.automobile-catalog.com/car/2003/485405/chevrolet_trans_sport.html,pending,,2026-09-16T14:21:31+00:00
6281285e1d5a025d56bc,RU,Citroen,C5,7,2000-2004; 2004-2008; 2007-2017,I; I Рестайлинг; II,Liftback; Sedan; Wagon 5-door,H0; H2; SD1,https://auto.ru/catalog/cars/citroen/c5/;https://auto.ru/catalog/cars/citroen/c5/specifications/,pending,,2026-09-16T14:21:31+00:00
b1214fbeec20789a8804,EU;RU,Dacia,Jogger,7,2021-2022; 2021-2026; 2022-2025; 2023-2026; 2025-2026; 2026-2026,I; I Рестайлинг 1; I Рестайлинг 2,MPV; Wagon 5-door,H2; SU1,https://auto.ru/catalog/cars/dacia/jogger/;https://auto.ru/catalog/cars/dacia/jogger/specifications/;https://cdn.group.renault.com/dac/ie/transversal-assets/brochures/model-brochures/Jogger-eBrochure.pdf.asset.pdf/84fd03cd8b.pdf,pending,,2026-09-16T14:21:31+00:00
a8d78526613c2cb882d1,EU,Daihatsu,Charade iv,7,1993-1999; 1993-2000; 1994-1996; 1994-1999; 1994-2001; 1996-1999; 1997-1999,Charade IV,Hatchback; Sedan,H0; SD1,https://www.auto-data.net/de/daihatsu-charade-iv-g200-1.5-i-16v-sx-90hp-123;https://www.auto-data.net/en/daihatsu-charade-iv-com-g200-1.3-i-ts-84hp-127;https://www.auto-data.net/en/daihatsu-charade-iv-com-g200-1.6-gti-105hp-130;https://www.automobile-catalog.com/make/daihatsu/charade_4gen/charade_4gen_series_i_hatchback/1994.html,pending,,2026-09-16T14:21:31+00:00
4cc505ca1163027ab7b4,EU;RU,Dodge,Stratus,7,1995-2000; 1995-2001; 2000-2003; 2000-2006; 2002-2006,I; II; II Рестайлинг; Stratus I; Stratus II,Coupe; Sedan,SD0; SD1,https://auto.ru/catalog/cars/dodge/stratus/;https://auto.ru/catalog/cars/dodge/stratus/specifications/;https://www.auto-data.net/en/chrysler-stratus-model-1645;https://www.edmunds.com/dodge/stratus/2001/features-specs/,pending,,2026-09-16T14:21:31+00:00
5738ee7df5e8f2766d0c,RU,Ford,Escort (North America),7,1990-1996; 1996-2003,II; III,Coupe; Hatchback 3-door; Hatchback 5-door; Sedan; Wagon 5-door,H0; H2; SD0; SD1,https://auto.ru/catalog/cars/ford/escort_na/;https://auto.ru/catalog/cars/ford/escort_na/specifications/,pending,,2026-09-16T14:21:31+00:00
22e7283d4a1dd7cce4e1,RU,Ford,Galaxie,7,1960-1964; 1965-1968; 1968-1974,II; III; IV,Convertible; Coupe; Sedan,SD0; SD1,https://auto.ru/catalog/cars/ford/galaxie/;https://auto.ru/catalog/cars/ford/galaxie/specifications/,pending,,2026-09-16T14:21:31+00:00
a787d758516a9f8fa8fc,EU;RU,FSO,125p,7,1967-1992,125p,Pickup; Sedan; Wagon; Wagon 5-door,H2; P0; SD1,https://auto.ru/catalog/cars/fso/125_p/;https://auto.ru/catalog/cars/fso/125_p/specifications/;https://www.automobile-catalog.com/car/1972/2736170/polski_fiat_125p_1500_kombi.html;https://www.automobile-catalog.com/car/1972/29645/polski_fiat_125p_1300.html;https://www.automobile-catalog.com/car/1980/27515/polski_fiat_125p_kombi_1500.html;https://www.automobile-catalog.com/car/1980/39365/polski_fiat_125p_1300.html,pending,,2026-09-16T14:21:31+00:00
aa45158b963dd1420655,EU,Honda,Accord v,7,1993-1996; 1993-1997; 1993-1998; 1996-1998,Accord V; Accord V Coupe; Accord V facelift,Coupe; Sedan,SD0; SD1,https://hondanews.com/en-US/honda-automobiles/releases/release-16799e92adef9b18737e92004c34ca32-1994-honda-accord-sedan-specifications;https://hondanews.com/en-US/honda-automobiles/releases/release-ce695ed4e4dc2645d260f5004c34ca33-1994-honda-accord-coupe-specifications;https://www.auto-data.net/en/honda-accord-v-cc7-2.0-i-115hp-12074;https://www.auto-data.net/en/honda-accord-v-cc7-facelift-1996-generation-6863;https://www.auto-data.net/en/honda-accord-v-coupe-cd7-2.2i-es-150hp-12081,pending,,2026-09-16T14:21:31+00:00
2b9f7ba299f107d17497,EU,Honda,Civic ix,7,2011-2016; 2012-2016; 2013-2016; 2015-2016,Civic IX; Civic IX Hatchback; Civic IX Hatchback facelift; Civic IX Type R,Hatchback; Sedan,H0; SD1,https://www.auto-data.net/en/honda-civic-ix-hatchback-facelift-2014-generation-4482;https://www.auto-data.net/en/honda-civic-ix-hatchback-generation-3837;https://www.auto-data.net/en/honda-civic-ix-sedan-generation-3926;https://www.auto-data.net/en/honda-civic-type-r-fk2-2.0-310hp-30245,pending,,2026-09-16T14:21:31+00:00
9b8005508f2188ff794f,EU,Honda,Civic vi,7,1995-2001; 1996-2000; 1999-2000,Civic VI; Civic VI Coupe; Civic VI Sedan,Coupe; Sedan,SD0; SD1,https://www.auto-data.net/en/honda-civic-vi-1.6-i-vtec-125hp-12262;https://www.auto-data.net/en/honda-civic-vi-coupe-generation-2629;https://www.automobile-catalog.com/car/1998/1117775/honda_civic_1_4i_s_sedan.html;https://www.automoli.com/gb/vehicles/honda/civic/civic-vi-2632/,pending,,2026-09-16T14:21:31+00:00
e53e12cbdb9cd12dea6c,EU;RU,Honda,Insight,7,1999-2006; 2000-2006; 2009-2011; 2009-2013; 2011-2014; 2018-2022; 2026-2026,I; II; II Рестайлинг; III; IV; Insight I; Insight II,Coupe; Hatchback; Hatchback 3-door; Hatchback 5-door; SUV 5-door; Sedan,H0; SD0; SD1; SU1,https://auto.ru/catalog/cars/honda/insight/;https://auto.ru/catalog/cars/honda/insight/specifications/;https://autocatalogarchive.com/wp-content/uploads/2025/03/Honda-Insight-2009-UK.pdf;https://hondanews.eu/eu/en/cars/media/pressreleases/34323/insight-2000,pending,,2026-09-16T14:21:31+00:00
f3a8b68c8ab8dd77fa48,EU,Hyundai,I20 ii,7,2014-2018; 2014-2019; 2014-2020; 2015-2021; 2016-2020; 2016-2021; 2019-2020,Hyundai i20 II; Hyundai i20 II Coupe; i20 II,Coupe; Hatchback,H0; SD0,https://www.auto-data.net/en/hyundai-i20-ii-gb-1.2-84hp-23617;https://www.hyundai.news/newsroom/dam/eu/press-kits/2015_i20_coupe/NewGeneration_i20_Coupe_Press_Information_032015.pdf;https://www.hyundai.news/newsroom/dam/eu/uk/20190729_model_i20_play/i20_PLAY_Release_technical.pdf,pending,,2026-09-16T14:21:31+00:00
4fb7104b8b606833d04e,EU;RU,Hyundai,Solaris,7,2010-2014; 2014-2017; 2017-2020; 2017-2026; 2020-2022,I; I Рестайлинг; II; II Рестайлинг; Solaris II,Hatchback 5-door; Sedan,H0; SD1,https://auto.ru/catalog/cars/hyundai/solaris/;https://auto.ru/catalog/cars/hyundai/solaris/specifications/;https://www.auto-data.net/en/hyundai-solaris-ii-sedan-1.6-mpi-123hp-30886,pending,,2026-09-16T14:21:31+00:00
e34961736360364509c9,EU;RU,Hyundai,Staria,7,2021-2026; 2024-2026; 2026-2026,I; I Рестайлинг; Staria I,MPV; Van,SU1; V0,https://auto.ru/catalog/cars/hyundai/staria/;https://auto.ru/catalog/cars/hyundai/staria/specifications/;https://www.hyundai.com/content/dam/hyundai/au/en/models/staria-load/2027/docs/Specification-Sheet-STARIA-Load.pdf;https://www.hyundai.com/content/dam/hyundai/th/en/data/marketing/manual/staria/2022/STARIA_Owner_Manual.pdf,pending,,2026-09-16T14:21:31+00:00
24978c551a0115f8f9ae,EU;RU,Hyundai,Veloster,7,2011-2015; 2011-2017; 2012-2017; 2015-2017; 2018-2022,I; I Рестайлинг; II; Veloster I,Coupe; Hatchback 4-door,H0; SD0,https://auto.ru/catalog/cars/hyundai/veloster/;https://auto.ru/catalog/cars/hyundai/veloster/specifications/;https://www.auto-data.net/en/hyundai-veloster-facelift-2015-generation-5016;https://www.auto-data.net/en/hyundai-veloster-generation-4097;https://www.centuryu.com/uploads/1/4/4/6/144698822/2012_veloster.pdf,pending,,2026-09-16T14:21:31+00:00
aa413413c139164dc9fd,RU,Isuzu,Bighorn,7,1981-1991; 1991-2002,I; II,Pickup; SUV 3-door; SUV 5-door; SUV Convertible,P0; SU1,https://auto.ru/catalog/cars/isuzu/bighorn/;https://auto.ru/catalog/cars/isuzu/bighorn/specifications/,pending,,2026-09-16T14:21:31+00:00
74d5531681f1ce93f8e7,EU;RU,KIA,Proceed,7,2018-2020; 2018-2021; 2018-2026; 2019-2026; 2021-2025; 2021-2026; 2024-2026,I; I Рестайлинг; III facelift 2021; ProCeed III; ProCeed III CD,Wagon; Wagon 5-door,H2; SD1,https://auto.ru/catalog/cars/kia/proceed/;https://auto.ru/catalog/cars/kia/proceed/specifications/;https://press.kia.com/content/dam/kiapress/EU/Press-Kits/ProCeed_CeedGT_PETD/Press%20kit%20-%202019%20Kia%20ProCeed%20-%20Final%20-%209%20Jan%202019.doc;https://www.auto-data.net/en/kia-proceed-iii-facelift-2021-generation-8625,pending,,2026-09-16T14:21:31+00:00
8d7440da88cb7a4cd930,EU,KIA,Rio iv,7,2017-2026; 2019-2026; 2020-2023; 2020-2026,IV; IV facelift 2020; Kia Rio IV; Rio IV; Rio IV YB,Hatchback; Sedan,H0; SD1,https://press.kia.com/content/dam/kiapress/EU/download-files/New-Rio/Kia-Rio-Technical-Specification-3-Feb-2017.doc;https://www.auto-data.net/en/kia-rio-model-282;https://www.kiamedia.com/us/en/models/rio/2018/specifications,pending,,2026-09-16T14:21:31+00:00
579702ece78eedb6accc,RU,Kia,Spectra,7,2000-2001; 2001-2004; 2003-2008; 2004-2011,I; I Рестайлинг 1; I Рестайлинг 2; II,Hatchback 5-door; Liftback; Sedan,H0; SD1,https://auto.ru/catalog/cars/kia/spectra/;https://auto.ru/catalog/cars/kia/spectra/specifications/,pending,,2026-09-16T14:21:31+00:00
5142ba76c5334212d7b6,EU;RU,KIA,Venga,7,2009-2014; 2010-2019; 2014-2018; 2015-2026,I; I Рестайлинг; Venga; Venga (YN); Venga Facelift; Venga I,Hatchback; MPV,H0; SU1; V0,https://auto.ru/catalog/cars/kia/venga/;https://auto.ru/catalog/cars/kia/venga/specifications/;https://prod2-eu.kia.com/content/dam/kwcms/kme/global/en/assets/contents/utility/brochure/product-brochure/kia-venga-my15-product-brochure.pdf;https://www.auto-data.net/en/kia-venga-yn-1.4-crdi-16v-90hp-17093;https://www.auto-data.net/en/kia-venga-yn-facelift-2014-1.4-90hp-23781;https://www.kiapressoffice.com/models/venga-archive-2014-2015,pending,,2026-09-16T14:21:31+00:00
5a2ea08fd46775ea14ea,EU,Lada,Granta,7,2011-2026; 2013-2026; 2014-2026; 2018-2026,Granta I; Granta I facelift; I,Hatchback; Liftback; Sedan; Wagon,H0; SD0; SD1,https://www.auto-data.net/en/lada-granta-i-facelift-2018-combi-1.6-16v-106hp-34498;https://www.auto-data.net/en/lada-granta-i-hatchback-1.6-106hp-automatic-22354;https://www.auto-data.net/en/lada-granta-i-hatchback-1.6-16v-98hp-automatic-24201;https://www.auto-data.net/en/lada-granta-i-sedan-generation-4624;https://www.auto-data.net/en/lada-granta-model-2080,pending,,2026-09-16T14:21:31+00:00
53a79c2faad82894475c,EU;RU,Lancia,Appia,7,1953-1956; 1953-1963; 1955-1959; 1958-1960; 1959-1961; 1959-1963,Appia Commercial; Appia III Serie Giardinetta,Pickup; Sedan; Van; Wagon,P0; SD1; SU1,https://auto.ru/catalog/cars/lancia/appia/;https://auto.ru/catalog/cars/lancia/appia/specifications/;https://en.wikipedia.org/wiki/Lancia_Appia;https://it.wikipedia.org/wiki/Lancia_Appia_commerciali;https://www.automobile-catalog.com/car/1960/1374485/lancia_appia_giardinietta_viotti.html,pending,,2026-09-16T14:21:31+00:00
2aa1a28252a1cece784b,EU;RU,Lancia,Zeta,7,1995-2002; 1996-1999; 1998-2000; 1999-2002; 2000-2002; 2001-2003,Zeta; Zeta I,MPV,SU1; V0,https://auto.ru/catalog/cars/lancia/zeta/;https://auto.ru/catalog/cars/lancia/zeta/specifications/;https://www.auto-data.net/en/lancia-zeta-2.1-td-109hp-5044;https://www.auto-data.net/en/lancia-zeta-generation-1174;https://www.automobile-catalog.com/car/1999/1383860/lancia_zeta_2_0_ie_lx_turbo.html;https://www.automobile-catalog.com/car/1999/1383920/lancia_zeta_2_0_16v_lx.html;https://www.automobile-catalog.com/car/1999/1383935/lancia_zeta_2_0_jtd_lx.html,pending,,2026-09-16T14:21:31+00:00
f1542b5533ed471c24dd,EU,Mazda,626 ii,7,1982-1987; 1983-1987; 1985-1987; 1986-1987,626 II; 626 II (GC),Coupe; Sedan,SD0; SD1,https://www.automobile-catalog.com/car/1983/1626035/mazda_626_1_6_lx.html;https://www.automobile-catalog.com/car/1983/1626350/mazda_626_2_0_glx.html;https://www.automobile-catalog.com/car/1984/1626155/mazda_626_2_0_glx_coupe.html;https://www.ultimatespecs.com/car-specs/Mazda/7533/Mazda-626-II-Coupe-20.html,pending,,2026-09-16T14:21:31+00:00
227ab9fce6c197ca0a5d,RU,Mercedes-Benz,Maybach S-Класс,7,2014-2017; 2017-2021; 2021-2026; 2026-2026,I (X222); I (X222) Рестайлинг; II (Z223); II (Z223) Рестайлинг,Convertible; Sedan,SD0; SD1,https://auto.ru/catalog/cars/mercedes/s_class_maybach/;https://auto.ru/catalog/cars/mercedes/s_class_maybach/specifications/,pending,,2026-09-16T14:21:31+00:00
d3cbd2d9529e2494bbc4,EU;RU,Mitsubishi,Cordia,7,1982-1985; 1982-1986; 1982-1990; 1983-1985; 1984-1988; 1984-1989; 1986-1989,Cordia (A21A),Coupe; Hatchback 3-door,H0; SD0,https://auto.ru/catalog/cars/mitsubishi/cordia/;https://auto.ru/catalog/cars/mitsubishi/cordia/specifications/;https://www.automobile-catalog.com/car/1983/50555/mitsubishi_cordia_1_6_gsl.html,pending,,2026-09-16T14:21:31+00:00
007900865dc5c7f133f0,EU,Mitsubishi,Lancer iv,7,1988-1992; 1989-1992; 1990-1992; 1992-1993; 1992-1994; 1996-1997,Lancer Evolution IV; Lancer IV; Lancer IV Hatchback,Hatchback; Sedan,H0; SD1,https://www.auto-data.net/en/mitsubishi-lancer-evolution-iv-2.0-280hp-4wd-42185;https://www.auto-data.net/en/mitsubishi-lancer-iv-1.5-12v-90hp-15671;https://www.automobile-catalog.com/car/1990/1934000/mitsubishi_lancer_hatchback_1800_gti-16v_cat.html;https://www.automobile-catalog.com/car/1992/1934225/mitsubishi_lancer_hatchback_1800_gti_16v_cat.html,pending,,2026-09-16T14:21:31+00:00
7765a96c5b48ad011c55,RU,Mitsubishi,RVR,7,1991-1997; 1997-2002; 2010-2012; 2012-2017; 2017-2019; 2019-2024,I; II; III; III Рестайлинг; III Рестайлинг 2; III Рестайлинг 3,MPV; SUV 5-door; Wagon 3-door,H2; SU1; V0,https://auto.ru/catalog/cars/mitsubishi/rvr/;https://auto.ru/catalog/cars/mitsubishi/rvr/specifications/,pending,,2026-09-16T14:21:31+00:00
c1dd3156c335243fbed4,EU;RU,Nissan,Leaf,7,2010-2017; 2017-2024; 2017-2026; 2019-2026; 2025-2026,I (ZE0/AZE0); II (ZE1); III; III (ZE2); Leaf I; Leaf II,Hatchback; Hatchback 5-door; SUV; SUV 5-door,H0; SU1,https://auto.ru/catalog/cars/nissan/leaf/;https://auto.ru/catalog/cars/nissan/leaf/specifications/;https://leaf.nissan.co.uk/dimensions;https://www.auto-data.net/en/nissan-leaf-ii-ze1-40-kwh-150hp-32049;https://www.automobile-catalog.com/car/2011/2604500/nissan_leaf.html,pending,,2026-09-16T14:21:31+00:00
94c4ffb9b982c4525c60,RU,Nissan,Versa,7,2006-2012; 2012-2014; 2014-2019; 2019-2022; 2022-2025; 2026-2026,I; II; II Рестайлинг; III; III Рестайлинг; IV,Hatchback 5-door; Sedan,H0; SD1,https://auto.ru/catalog/cars/nissan/versa/;https://auto.ru/catalog/cars/nissan/versa/specifications/,pending,,2026-09-16T14:21:31+00:00
82403ce1b29a2e5aa024,EU,Opel,Rekord c,7,1966-1969; 1966-1971; 1967-1971; 1968-1971,Rekord C,Coupe; Sedan,SD0; SD1,https://www.adac.de/rund-ums-fahrzeug/autokatalog/marken-modelle/opel/rekord/c/341374/;https://www.adac.de/rund-ums-fahrzeug/autokatalog/marken-modelle/opel/rekord/c/341388/;https://www.automobile-catalog.com/car/1969/2412260/opel_rekord_1500_3gang.html;https://www.automobile-catalog.com/car/1969/2413085/opel_rekord_coupe_1700_s.html,pending,,2026-09-16T14:21:31+00:00
15e08aecf02ab764a9bd,RU,Peugeot,408,7,2012-2017; 2014-2018; 2017-2022; 2018-2022; 2022-2026; 2026-2026,I; I Рестайлинг; II; II Рестайлинг; II Рестайлинг 2; III; III Рестайлинг,SUV 5-door; Sedan,SD1; SU1,https://auto.ru/catalog/cars/peugeot/408/;https://auto.ru/catalog/cars/peugeot/408/specifications/,pending,,2026-09-16T14:21:31+00:00
98fd5e6b991681784426,EU;RU,Plymouth,Sundance,7,1986-1989; 1986-1994; 1989-1991; 1989-1994; 1991-1994,Sundance P-body,Coupe; Hatchback; Liftback,H0; SD0,https://auto.ru/catalog/cars/plymouth/sundance/;https://auto.ru/catalog/cars/plymouth/sundance/specifications/;https://www.automobile-catalog.com/car/1987/2727935/plymouth_sundance_2_2-liter.html;https://www.automobile-catalog.com/car/1992/2728760/plymouth_sundance_duster_3_0-liter_v6.html;https://xr793.com/wp-content/uploads/2025/04/1990-Plymouth-Sundance.pdf,pending,,2026-09-16T14:21:31+00:00
3641bf0f315ccf8ecc1d,EU,Renault Trucks,B,7,1983-1990; 1986-1990; 1990-1992,Renault B Series 4X4 Phase I; Renault B Series Phase I,Chassis Cab; Pritsche/Fahrgestell; Van,P0; SU1,https://bernard.debucquoi.com/mecanique/images/fiches-technique/Ponticelli-renault-B90-4x4-livret-fiche-technique-version-RVI-01.jpg;https://bernard.debucquoi.com/mecanique/images/fiches-technique/Ponticelli-renault-B90-4x4-livret-fiche-technique-version-ponticelli-01.jpg;https://www.dauto.ch/typenscheine/renault-b-90-3r4088-x-x;https://www.dauto.ch/typenscheine/renault-b-90-4x4-3r4138-vf6fn40a000-x,pending,,2026-09-16T14:21:31+00:00
1009cf203fabc7a934a0,EU;RU,Rolls-royce,Corniche,7,1970-1974; 1971-1984; 1971-1995; 1977-1984; 1984-1986; 2000-2002,Corniche I; Corniche I Saloon; Corniche I facelift; I - IV; V,Convertible; Coupe; Sedan,SD0; SD1,https://auto.ru/catalog/cars/rolls_royce/corniche/;https://auto.ru/catalog/cars/rolls_royce/corniche/specifications/;https://www.automobile-catalog.com/car/1971/2992805/rolls-royce_corniche_saloon.html;https://www.automobile-catalog.com/car/1977/24380/rolls-royce_corniche_convertible.html;https://www.automobile-catalog.com/car/1978/44195/rolls-royce_corniche.html;https://www.automobile-catalog.com/car/1986/2992985/rolls-royce_corniche.html,pending,,2026-09-16T14:21:31+00:00
366653c3681373853e43,RU,Saab,900,7,1978-1994; 1993-1998,I; II,Convertible; Hatchback 3-door; Hatchback 5-door; Liftback; Sedan,H0; SD0; SD1,https://auto.ru/catalog/cars/saab/900/;https://auto.ru/catalog/cars/saab/900/specifications/,pending,,2026-09-16T14:21:31+00:00
b702b76723c3eca1ff51,EU;RU,Seat,Inca,7,1995-1998; 1995-2003; 1996-2003; 1997-2000; 2000-2003,I; Inca; Inca I; SEAT Inca I,MPV; Van,SU1; V0,https://auto.ru/catalog/cars/seat/inca/;https://auto.ru/catalog/cars/seat/inca/specifications/;https://www.auto-data.net/en/seat-inca-9k-1.4-mpi-60hp-45513;https://www.automobile-catalog.com/car/1995/3071165/seat_inca_van_1_4_mpi.html;https://www.automobile-catalog.com/car/1998/3071210/seat_inca_van_1_9_sdi.html,pending,,2026-09-16T14:21:31+00:00
7b94ce47105f71d16650,EU;RU,Seat,Marbella,7,1986-1993; 1986-1998; 1987-1993; 1990-1996; 1996-1998; 1997-1998,I; Marbella; Marbella (28); Marbella Box,Hatchback; Hatchback 3-door; Van,H0; SU1,https://auto.ru/catalog/cars/seat/marbella/;https://auto.ru/catalog/cars/seat/marbella/specifications/;https://club.autodoc.co.uk/manuals/seat/marbella/marbella-box-028a;https://www.auto-data.net/en/seat-marbella-28-0.8-34hp-13527;https://www.automobile-catalog.com/car/1997/3065375/seat_marbella_base.html;https://www.seatcocheshistoricos.es/SEATHistoricos/en/1980/marbellabast.php,pending,,2026-09-16T14:21:31+00:00
7d5442b35f945c60ee1d,RU,Toyota,Corolla II,7,1978-1982; 1982-1986; 1986-1990; 1990-1994; 1994-1999,I (L10); II (L20); III (L30); IV (L40); V (L50),Hatchback 3-door; Hatchback 5-door; Sedan,H0; SD1,https://auto.ru/catalog/cars/toyota/corolla_ii/;https://auto.ru/catalog/cars/toyota/corolla_ii/specifications/,pending,,2026-09-16T14:21:31+00:00
cacab7251203115fa79b,RU,Toyota,Vista,7,1982-1986; 1986-1990; 1990-1994; 1994-1998; 1998-2003,I (V10); II (V20); III (V30); IV (V40); V (V50),Hatchback 5-door; Sedan; Wagon 5-door,H0; H2; SD1,https://auto.ru/catalog/cars/toyota/vista/;https://auto.ru/catalog/cars/toyota/vista/specifications/,pending,,2026-09-16T14:21:31+00:00
3a541b441be308281317,EU;RU,Trabant,1.1,7,1990-1991,Trabant 1.1; Trabant 1.1 Tramp; Trabant 1.1 Universal,Convertible; Pickup; Sedan; Wagon; Wagon 3-door,H2; P0; SD0; SD1,https://auto.ru/catalog/cars/trabant/1_1/;https://auto.ru/catalog/cars/trabant/1_1/specifications/;https://www.automobile-catalog.com/car/1990/3545975/trabant_1_1.html;https://www.automobile-catalog.com/car/1990/3545990/trabant_1_1_universal.html;https://www.automobile-catalog.com/car/1990/3546005/trabant_1_1_tramp.html,pending,,2026-09-16T14:21:31+00:00
4237f370c76f7dff2275,EU;RU,Trabant,P 601,7,1963-1990; 1966-1970; 1966-1990; 1970-1990,P 601; Trabant 601,Convertible; Sedan; Van; Wagon 3-door,H2; SD0; SD1; SU1,https://auto.ru/catalog/cars/trabant/601/;https://auto.ru/catalog/cars/trabant/601/specifications/;https://www.auto-data.net/en/trabant-p-601-universal-generation-1189;https://www.automobile-catalog.com/car/1972/3545750/trabant_601.html;https://www.automobile-catalog.com/car/1979/3545840/trabant_601.html;https://www.trabant-original.de/toupl/uploads/1973_601_de_prospektheft.pdf,pending,,2026-09-16T14:21:31+00:00
c66f2f5f1929f4729a10,EU;RU,Vauxhall,Zafira,7,1999-2003; 2003-2005; 2005-2008; 2008-2014; 2011-2016; 2013-2016; 2016-2018,A; A Рестайлинг; B; B Рестайлинг; C; C Рестайлинг; Zafira C,MPV,SU1; V0,https://auto.ru/catalog/cars/vauxhall/zafira/;https://auto.ru/catalog/cars/vauxhall/zafira/specifications/;https://www.automobile-catalog.com/car/2013/2540045/opel_zafira_tourer_2_0_cdti_165.html,pending,,2026-09-16T14:21:31+00:00
0c97aeb7578282ca1d9f,RU,Volkswagen,Bora,7,1998-2005; 2008-2012; 2012-2015; 2016-2022; 2018-2022; 2022-2026,I; II (China Market); II (China Market) Рестайлинг; III; IV; IV (China Market) Рестайлинг,Sedan; Wagon 5-door,H2; SD1,https://auto.ru/catalog/cars/volkswagen/bora/;https://auto.ru/catalog/cars/volkswagen/bora/specifications/,pending,,2026-09-16T14:21:31+00:00
74d0e87502f7c8d21ab3,RU,Volkswagen,Fox,7,1987-1991; 1991-1994; 2003-2009; 2009-2011,I; I Рестайлинг; II; II Рестайлинг,Hatchback 3-door; Hatchback 5-door; Sedan; Wagon 3-door,H0; H2; SD1,https://auto.ru/catalog/cars/volkswagen/fox/;https://auto.ru/catalog/cars/volkswagen/fox/specifications/,pending,,2026-09-16T14:21:31+00:00
ff5cf07daa89e48bb877,RU,Volkswagen,T-Roc,7,2017-2021; 2018-2026; 2021-2026; 2023-2026; 2025-2026,I; I (China Market); I (China Market) Рестайлинг; I Рестайлинг; II,Convertible; SUV 5-door,SD0; SU1,https://auto.ru/catalog/cars/volkswagen/t_roc/;https://auto.ru/catalog/cars/volkswagen/t_roc/specifications/,pending,,2026-09-16T14:21:31+00:00
486fdac1f56719caa70d,RU,Wuling,Mini EV,7,2020-2026; 2021-2024; 2022-2026; 2025-2026; 2026-2026,I; II; III; IV; V,Convertible; Hatchback 3-door; Hatchback 5-door,H0; SD0,https://auto.ru/catalog/cars/wuling/mini_ev/;https://auto.ru/catalog/cars/wuling/mini_ev/specifications/,pending,,2026-09-16T14:21:31+00:00
cc9e337da8f8ded31d1c,EU;RU,Alfa Romeo,Brera,6,2005-2008; 2006-2011; 2007-2011; 2008-2010; 2009-2010,Brera; Brera 939; I; I Рестайлинг,Coupe; Hatchback 3-door,H0; SD0,https://auto.ru/catalog/cars/alfa_romeo/brera/;https://auto.ru/catalog/cars/alfa_romeo/brera/specifications/;https://www.auto-data.net/en/alfa-romeo-brera-2.4-jtdm-210hp-41976;https://www.auto-data.net/en/alfa-romeo-brera-generation-406,pending,,2026-09-16T14:21:31+00:00
0799059cd5dc872b2fb5,EU;RU,Alpina,C1,6,1980-1983; 1983-1985; 1983-1987; 1986-1988,C1 2.3; C1 2.3/1; C1 2.5; E21; E30,Coupe; Sedan,SD0; SD1,https://auto.ru/catalog/cars/alpina/c1/;https://auto.ru/catalog/cars/alpina/c1/specifications/;https://www.automobile-catalog.com/car/1984/286460/alpina_b6_2_8.html;https://www.ultimatespecs.com/car-specs/Alpina/109860/Alpina-E21-3-Series-B6-28.html;https://www.ultimatespecs.com/car-specs/Alpina/123088/Alpina-E30-3-Series-C1-25-2-door.html,pending,,2026-09-16T14:21:31+00:00
1b182dce8f91d290e267,RU,Aston Martin,Virage,6,1988-2000; 2011-2012,I; II,Convertible; Coupe; Sedan; Wagon 3-door,H2; SD0; SD1,https://auto.ru/catalog/cars/aston_martin/virage/;https://auto.ru/catalog/cars/aston_martin/virage/specifications/,pending,,2026-09-16T14:21:31+00:00
1aa9c45a51e3abc26e9b,EU,Autobianchi,Bianchina,6,1957-1958; 1959-1959; 1960-1962; 1960-1969,Bianchina 2a Serie; Bianchina 3a Serie; Bianchina Cabriolet; Bianchina Trasformabile,Convertible; Coupe; Wagon,SD0; SD1,https://www.automobile-catalog.com/car/1960/258935/autobianchi_bianchina.html;https://www.automobile-catalog.com/car/1960/258980/autobianchi_bianchina_panoramica.html;https://www.automobile-catalog.com/car/1962/259025/autobianchi_bianchina_special_cabriolet.html;https://www.automobile-catalog.com/car/1962/259040/autobianchi_bianchina_panoramica.html,pending,,2026-09-16T14:21:31+00:00
8eb525becfdf9e320d91,RU,BMW,M6,6,1984-1989; 2005-2010; 2012-2018,I (E24); II (E63/E64); III (F06/F13/F12),Convertible; Coupe; Sedan,SD0; SD1,https://auto.ru/catalog/cars/bmw/m6/;https://auto.ru/catalog/cars/bmw/m6/specifications/,pending,,2026-09-16T14:21:31+00:00
127f538b485fd0a7aee1,RU,BMW,M8,6,2019-2022; 2022-2026,I (F91/F92/F93); I (F91/F92/F93) Рестайлинг,Convertible; Coupe; Sedan,SD0; SD1,https://auto.ru/catalog/cars/bmw/m8/;https://auto.ru/catalog/cars/bmw/m8/specifications/,pending,,2026-09-16T14:21:31+00:00
356124c6f8dd50328d30,RU,Buick,Wildcat,6,1963-1964; 1965-1970,I; II,Convertible; Coupe; Sedan,SD0; SD1,https://auto.ru/catalog/cars/buick/wildcat/;https://auto.ru/catalog/cars/buick/wildcat/specifications/,pending,,2026-09-16T14:21:31+00:00
aa40438557ba3d19ba90,RU,Changan,Eado,6,2013-2018; 2018-2023; 2024-2026; 2025-2026,I; II; III; III Рестайлинг; IV,Hatchback 5-door; Sedan,H0; SD1,https://auto.ru/catalog/cars/changan/eado/;https://auto.ru/catalog/cars/changan/eado/specifications/,pending,,2026-09-16T14:21:31+00:00
c06907b1ccf57214b589,EU;RU,Chevrolet,Corsa,6,1994-2001; 1997-2002; 2000-2002,Corsa B Sedan,Hatchback 3-door; Hatchback 5-door; Sedan; Wagon 5-door,H0; H2; SD1,https://auto.ru/catalog/cars/chevrolet/corsa/;https://auto.ru/catalog/cars/chevrolet/corsa/specifications/;https://www.automobile-catalog.com/car/1998/491525/chevrolet_corsa_sedan_wind.html,pending,,2026-09-16T14:21:31+00:00
271637b92e7f807923c5,EU,Chevrolet,Silverado 2500 hd,6,2007-2007,Silverado 2500 HD II,Pickup,DUAL; P0,https://en.wikipedia.org/wiki/Chevrolet_Silverado,pending,,2026-09-16T14:21:31+00:00
50b09b62c1d867a59ac5,EU,Chevrolet,Silverado 3500,6,2001-2006,Silverado 3500 I,Pickup,DUAL; P0,https://news.chevrolet.com/content/dam/company/no_search/heritage-archive-docs/vehicle-information-kits/chevrolet/2004-Chevrolet-Silverado.pdf,pending,,2026-09-16T14:21:31+00:00
5900969ddf3c2af81ce7,EU;RU,Daewoo,Kalos,6,2002-2004; 2002-2007; 2002-2026; 2003-2004; 2003-2026,Kalos; Kalos T200,Hatchback; Hatchback 5-door; Sedan,H0; SD1,https://auto.ru/catalog/cars/daewoo/kalos/;https://auto.ru/catalog/cars/daewoo/kalos/specifications/;https://www.auto-data.net/en/daewoo-kalos-1.4-i-16v-94hp-16312;https://www.auto-data.net/en/daewoo-kalos-sedan-1.4-i-16v-94hp-16316;https://www.auto-data.net/en/daewoo-kalos-sedan-1.4-i-83hp-16315,pending,,2026-09-16T14:21:31+00:00
42183f6d5bc8101c8f2b,RU,Dodge,Custom Royal,6,1955-1956; 1957-1959,I; II,Convertible; Coupe; Sedan,SD0; SD1,https://auto.ru/catalog/cars/dodge/custom_royal/;https://auto.ru/catalog/cars/dodge/custom_royal/specifications/,pending,,2026-09-16T14:21:31+00:00
532a444a40981a3e78f1,EU;RU,Fiat,130,6,1969-1971; 1969-1978; 1970-1971; 1971-1978,Fiat 130; Fiat 130 Coupé; I,Coupe; Sedan,SD0; SD1,https://auto.ru/catalog/cars/fiat/130/;https://auto.ru/catalog/cars/fiat/130/specifications/;https://www.automobile-catalog.com/car/1969/713720/fiat_130.html;https://www.automobile-catalog.com/car/1972/713810/fiat_130_3200_automatic.html;https://www.automobile-catalog.com/car/1973/27395/fiat_130_coupe.html,pending,,2026-09-16T14:21:31+00:00
68bb2bc393f6adf6804b,RU,Ford,Mondeo ST,6,1999-2001; 2002-2007,II; III,Hatchback 5-door; Sedan; Wagon 5-door,H0; H2; SD1,https://auto.ru/catalog/cars/ford/mondeo_st/;https://auto.ru/catalog/cars/ford/mondeo_st/specifications/,pending,,2026-09-16T14:21:31+00:00
e9bf74b0323dd1f8bf65,EU,Ford USA,Bronco,6,1977-1980; 1995-1996; 2020-2026,Bronco V; Bronco VI; Bronco second generation,Convertible; SUV,SD0; SU1,https://www.auto-brochures.com/makes/Ford/Bronco/Ford_US%20Bronco_1996.pdf;https://www.autoevolution.com/cars/ford-bronco-1978.html;https://www.automobile-catalog.com/car/1996/884915/ford_bronco_5_8l_efi_v-8_automatic.html;https://www.fromtheroad.ford.com/content/dam/fordmediasite/us/en/library/2025/specs/2025-Ford-Bronco-Technical-Specifications.pdf,pending,,2026-09-16T14:21:31+00:00
e3e856cf02fc97e40054,EU;RU,Genesis,G70,6,2017-2020; 2017-2021; 2020-2026; 2021-2026,G70 I; G70 I Shooting Brake; G70 I facelift; I; I Рестайлинг,Sedan; Wagon; Wagon 5-door,H2; SD1,https://auto.ru/catalog/cars/genesis/g70/;https://auto.ru/catalog/cars/genesis/g70/specifications/;https://www.auto-data.net/en/genesis-g70-2.0-t-gdi-252hp-automatic-32232;https://www.genesis.com/middleeast/en/models/luxury-sedan-genesis/g70-shooting-brake/specs.html;https://www.genesis.com/middleeast/en/models/luxury-sedan-genesis/g70/specs.html,pending,,2026-09-16T14:21:31+00:00
c77299a10f070dbdcbd6,EU,Glas,4,6,1962-1967; 1963-1967; 1965-1967; 1965-1968,Glas Typ 612,Convertible; Sedan,SD0; SD1,https://www.automobile-catalog.com/car/1963/1017455/glas_s_1004.html;https://www.automobile-catalog.com/car/1965/1017410/glas_s_1204_cabriolet.html;https://www.automobile-catalog.com/car/1967/1017665/glas_1304_cabriolet.html;https://www.automobile-catalog.com/make/glas/1004_1204_1304/1004_1204_1304_limousine/1966.html,pending,,2026-09-16T14:21:31+00:00
a8d335e23378bc359736,EU,Glas,Goggomobil,6,1955-1958; 1957-1960; 1957-1961; 1957-1967; 1957-1969,Goggomobil T; Goggomobil T/TA; Goggomobil TS,Coupe; Sedan,SD0; SD1,https://www.automobile-catalog.com/car/1957/1017080/goggomobil_t_300.html;https://www.automobile-catalog.com/car/1957/1017125/goggomobil_ts_300.html;https://www.automobile-catalog.com/make/goggomobil/ts_250_300_400/ts_250_300_400/1963.html,pending,,2026-09-16T14:21:31+00:00
4294b64c010748da53f2,EU,Honda,Civic vii,6,2000-2005; 2001-2005; 2003-2005,Civic VII Coupe; Civic VII Sedan; Civic VII Sedan IMA,Coupe; Sedan,SD0; SD1,https://hondanews.eu/eu/en/cars/media/pressreleases/34266/civic-04-specifications-2004;https://www.auto-data.net/en/honda-civic-vii-sedan-generation-2626,pending,,2026-09-16T14:21:31+00:00
fbe243cdefcfe3142ea7,EU;RU,Honda,Concerto,6,1988-1994; 1989-1991; 1989-1992; 1989-1995,Concerto; Concerto Hatch,Hatchback; Hatchback 5-door; Sedan,H0; SD1,https://auto.ru/catalog/cars/honda/concerto/;https://auto.ru/catalog/cars/honda/concerto/specifications/;https://www.auto-data.net/en/honda-concerto-model-1312,pending,,2026-09-16T14:21:31+00:00
2fe805894081e178f885,EU,Hyundai,Elantra iii,6,2000-2006; 2001-2006; 2003-2006,Elantra III; Elantra III XD,Hatchback; Sedan,H0; SD1,https://www.auto-data.net/en/hyundai-elantra-iii-1.6-107hp-automatic-29321;https://www.auto-data.net/en/hyundai-elantra-iii-generation-3006;https://www.auto-data.net/en/hyundai-elantra-iii-hatchback-generation-3007;https://www.automobile-catalog.com/car/2001/1170380/hyundai_elantra_1_6_si_5-dr.html,pending,,2026-09-16T14:21:31+00:00
9fd6864ba5fe4c502870,EU;RU,Hyundai,Ix20,6,2010-2015; 2010-2019; 2011-2019; 2015-2019,I; I Рестайлинг; ix20,Hatchback 5-door; MPV,H0; SU1,https://auto.ru/catalog/cars/hyundai/ix20/;https://auto.ru/catalog/cars/hyundai/ix20/specifications/;https://autocatalogarchive.com/wp-content/uploads/2016/10/Hyundai-ix20-2012-UK.pdf;https://www.automobile-catalog.com/car/2011/1606640/hyundai_ix20_1_6_style.html;https://www.hyundai.news/newsroom/dam/eu/press-kits/20150315_ix20/20150320_technical_data_ix20.pdf,pending,,2026-09-16T14:21:31+00:00
6bf1772977211dd5b287,EU,Jeep,Wrangler iv,6,2017-2026; 2021-2026,IV; Wrangler IV (JL),Convertible; SUV,SD0; SU1,https://www.auto-data.net/en/jeep-wrangler-iv-unlimited-jl-rubicon-2.0-turbo-375hp-4xe-etorque-plug-in-hybrid-rock-trac-automatic-43238;https://www.auto-data.net/en/jeep-wrangler-iv-unlimited-jl-rubicon-6.4-392-v8-470hp-4x4-selec-trac-automatic-43239;https://www.automobiledimension.com/model/jeep/wrangler;https://www.automobiledimension.com/model/jeep/wrangler-unlimited;https://www.jeep.co.uk/content/dam/jeep/uk/brochure/wrangler/All-New-Jeep-Wrangler-Full-Brochure-January-2019.pdf,pending,,2026-09-16T14:21:31+00:00
d92983674fbb0fa916c0,RU,Kia,Carens,6,1999-2002; 2002-2006; 2006-2012; 2013-2019; 2022-2026,I; I (RS) Рестайлинг; II (UN); III (RP); IV (KY),MPV; SUV 5-door,SU1; V0,https://auto.ru/catalog/cars/kia/carens/;https://auto.ru/catalog/cars/kia/carens/specifications/,pending,,2026-09-16T14:21:31+00:00
cb411b88f3836d58e0f3,EU;RU,KIA,Clarus,6,1996-1998; 1996-2001; 1998-2000; 1998-2001,Clarus; Clarus I; Clarus I facelift; I; II,Sedan; Wagon; Wagon 5-door,H2; SD1,https://auto.ru/catalog/cars/kia/clarus/;https://auto.ru/catalog/cars/kia/clarus/specifications/;https://www.auto-data.net/en/kia-clarus-combi-gc-generation-599;https://www.auto-data.net/en/kia-clarus-gc-generation-598;https://www.auto-data.net/en/kia-clarus-k9a-generation-600,pending,,2026-09-16T14:21:31+00:00
8cb59dd5cd06c6a31a71,EU;RU,KIA,Pv5,6,2025-2026; 2026-2026,I,Chassis Cab; MPV; Van,P0; SU1; V0,https://auto.ru/catalog/cars/kia/pv5/;https://auto.ru/catalog/cars/kia/pv5/specifications/;https://vanreviewer.co.uk/kia/pv5/dimensions/6730/;https://www.kia.com/eu/pbv/vehicles/pv5-chassis-cab/discover.html;https://www.kia.com/mu/en/pbv/Kia-PV5-Passenger;https://www.kia.com/nmc/en/pbv/Kia-PV5-Cargo,pending,,2026-09-16T14:21:31+00:00
5f8debb5f62b29a49160,RU,Lada (ВАЗ),Largus,6,2012-2021; 2021-2026,I; I Рестайлинг,Van; Wagon 5-door,H2; V0,https://auto.ru/catalog/cars/vaz/largus/;https://auto.ru/catalog/cars/vaz/largus/specifications/,pending,,2026-09-16T14:21:31+00:00
5975e10eff097ed318f7,EU;RU,Lancia,Gamma,6,1976-1984; 1977-1986; 1978-1986; 1981-1984; 2026-2026,Gamma; Gamma Coupe; I (Tipo 830); II (Tipo L74),Coupe; Fastback; Hatchback; SUV 5-door,H0; SD0; SU1,https://auto.ru/catalog/cars/lancia/gamma/;https://auto.ru/catalog/cars/lancia/gamma/specifications/;https://www.auto-data.net/en/lancia-gamma-coupe-generation-1163;https://www.automobile-catalog.com/car/1978/1378340/lancia_gamma_2500.html;https://www.automobile-catalog.com/car/1978/1378370/lancia_gamma_coupe_2500.html,pending,,2026-09-16T14:21:31+00:00
ceb18ed1d9a882791d19,EU;RU,Lancia,Phedra,6,2002-2010; 2003-2010; 2006-2010; 2008-2010,Phedra; Phedra I,MPV,SU1; V0,https://auto.ru/catalog/cars/lancia/phedra/;https://auto.ru/catalog/cars/lancia/phedra/specifications/;https://www.auto-data.net/en/lancia-phedra-2.0-jtd-107hp-4933;https://www.auto-data.net/en/lancia-phedra-2.0-multijet-16v-136hp-dpf-45952;https://www.auto-data.net/en/lancia-phedra-generation-1156,pending,,2026-09-16T14:21:31+00:00
4e38d37800d3c6b6c4ee,EU;RU,LTI,Tx,6,1997-2026; 1998-2002; 2002-2006; 2002-2026; 2006-2010; 2006-2026,I; II; TX1; TX4; TX4 III; TXII,Hatchback; Sedan; Wagon 5-door,H0; H2; SD1,https://auto.ru/catalog/cars/lti/tx/;https://auto.ru/catalog/cars/lti/tx/specifications/;https://www.automobile-catalog.com/car/2001/338690/lti_tx1_automatic.html;https://www.automobile-catalog.com/car/2004/338720/lti_tx_ii_automatic.html;https://www.automobile-catalog.com/car/2007/338750/lti_tx4.html,pending,,2026-09-16T14:21:31+00:00
31509cf421ce7d63b8b2,EU,Mazda,929 ii,6,1982-1984; 1983-1987; 1984-1987,929 II Wagon (LA4); 929 III (HB); Mazda 929 II,Coupe; Sedan; Wagon,SD0; SD1,https://www.automobile-catalog.com/car/1982/1628900/mazda_929_station_wagon.html;https://www.automobile-catalog.com/car/1982/1628945/mazda_929_hardtop.html;https://www.automobile-catalog.com/car/1982/25775/mazda_929.html;https://www.ultimatespecs.com/car-specs/Mazda/7568/Mazda-929-II-20.html,pending,,2026-09-16T14:21:31+00:00
276aef0dd1ccf6e2ff3a,RU,Mercedes-Benz,A-Класс AMG,6,2013-2015; 2015-2018; 2019-2022; 2022-2026,I (W176); I (W176) Рестайлинг; II (W177); II (W177) Рестайлинг,Hatchback 5-door; Sedan,H0; SD1,https://auto.ru/catalog/cars/mercedes/a_klasse_amg/;https://auto.ru/catalog/cars/mercedes/a_klasse_amg/specifications/,pending,,2026-09-16T14:21:31+00:00
eff5724b541e54adff22,RU,Mercury,Grand Marquis,6,1983-1991; 1991-1997; 1997-2002; 2002-2005; 2005-2011,I; II; III; IV; IV Рестайлинг,Sedan; Wagon 5-door,H2; SD1,https://auto.ru/catalog/cars/mercury/grand_marquis/;https://auto.ru/catalog/cars/mercury/grand_marquis/specifications/,pending,,2026-09-16T14:21:31+00:00
6e267fa984c31054a4b5,EU;RU,Mitsubishi,Grandis,6,2003-2011; 2004-2011; 2005-2010; 2007-2010; 2025-2026,Grandis (2025); Grandis I; I; II,MPV; SUV; SUV 5-door,SU1; V0,https://auto.ru/catalog/cars/mitsubishi/grandis/;https://auto.ru/catalog/cars/mitsubishi/grandis/specifications/;https://www.automobile-catalog.com/car/2005/2005910/mitsubishi_grandis_2_4_classic.html;https://www.automobile-catalog.com/car/2025/3572180/mitsubishi_grandis_mildhybrid_1_3_turbo_140.html,pending,,2026-09-16T14:21:31+00:00
0c96f8408a68439217da,EU;RU,NIO,Et5,6,2022-2025; 2023-2026; 2025-2026,ET5; I; I Рестайлинг,Sedan; Wagon; Wagon 5-door,H2; SD1,https://auto.ru/catalog/cars/nio/et5/;https://auto.ru/catalog/cars/nio/et5/specifications/;https://www.nio.com/cdn-static/www/user-instructions/ET5-Touring/index.html;https://www.nio.com/cdn-static/www/user-instructions/en_EU/ET5/index.html,pending,,2026-09-16T14:21:31+00:00
de7b156f0fd36a06517c,EU;RU,Nissan,Almera tino,6,2000-2003; 2000-2006; 2002-2006; 2003-2006,Almera Tino; I; I Рестайлинг,MPV,SU1; V0,https://auto.ru/catalog/cars/nissan/almera_tino/;https://auto.ru/catalog/cars/nissan/almera_tino/specifications/;https://www.automobile-catalog.com/car/2003/2285660/nissan_almera_tino_1_8_acenta_automatic.html,pending,,2026-09-16T14:21:31+00:00
0186d82de93324d93503,EU;RU,Nissan,Nv200,6,2009-2026; 2010-2013; 2010-2026; 2011-2026; 2014-2026,I; NV200 I,MPV; Van,SU1; V0,https://auto.ru/catalog/cars/nissan/nv200/;https://auto.ru/catalog/cars/nissan/nv200/specifications/;https://www.nissan-cdn.net/content/dam/Nissan/gb/brochures/Vehicles/Nissan_NV200_combi_UK.pdf,pending,,2026-09-16T14:21:31+00:00
d6f2214540db132ae67d,RU,Oldsmobile,Cutlass,6,1968-1972; 1978-1988; 1997-1999,III; V; VI,Convertible; Coupe; Fastback; Sedan,H0; SD0; SD1,https://auto.ru/catalog/cars/oldsmobile/cutlass/;https://auto.ru/catalog/cars/oldsmobile/cutlass/specifications/,pending,,2026-09-16T14:21:31+00:00
1a3531070348e2f57f88,EU;RU,Oldsmobile,Cutlass supreme,6,1988-1997; 1990-1997,Cutlass Supreme W-body,Convertible; Coupe; Sedan,SD0; SD1,https://auto.ru/catalog/cars/oldsmobile/cutlass_supreme/;https://auto.ru/catalog/cars/oldsmobile/cutlass_supreme/specifications/;https://www.automobile-catalog.com/car/1988/2399420/oldsmobile_cutlass_supreme_sl_coupe_2_8_v6_5-speed.html;https://www.automobile-catalog.com/car/1993/2403845/oldsmobile_cutlass_supreme_coupe_3_4_twin_dual_cam_v6.html;https://www.edmunds.com/oldsmobile/cutlass-supreme/1990/coupe/features-specs/,pending,,2026-09-16T14:21:31+00:00
5478b5c1ad6739c73cde,RU,Opel,Astra OPC,6,1999-2002; 2002-2004; 2005-2010; 2012-2016,G; G Рестайлинг; H; J,Convertible; Hatchback 3-door; Wagon 5-door,H0; H2; SD0,https://auto.ru/catalog/cars/opel/astra_opc/;https://auto.ru/catalog/cars/opel/astra_opc/specifications/,pending,,2026-09-16T14:21:31+00:00
fc2e16daf16fd6b8e90e,RU,Opel,Commodore,6,1967-1971; 1972-1978; 1978-1982,A; B; C,Coupe; Sedan; Wagon 5-door,H2; SD0; SD1,https://auto.ru/catalog/cars/opel/commodore/;https://auto.ru/catalog/cars/opel/commodore/specifications/,pending,,2026-09-16T14:21:31+00:00
0f1559f1890d76c02541,EU,Opel,Commodore b,6,1972-1975; 1972-1978; 1975-1978,Commodore B,Coupe; Sedan,SD0; SD1,https://www.auto-data.net/en/opel-commodore-b-coupe-generation-501;https://www.auto-data.net/en/opel-commodore-b-generation-500,pending,,2026-09-16T14:21:31+00:00
e6914f04e1f096f7914c,RU,Opel,Insignia OPC,6,2009-2013; 2013-2017,I; I Рестайлинг,Liftback; Sedan; Wagon 5-door,H0; H2; SD1,https://auto.ru/catalog/cars/opel/insignia_opc/;https://auto.ru/catalog/cars/opel/insignia_opc/specifications/,pending,,2026-09-16T14:21:31+00:00
ac9f8482ad71c8f79b78,EU,Opel,Movano c,6,2021-2023; 2023-2023; 2023-2026; 2025-2026,Movano C,Pickup; Van,P0; SU1,https://www.adac.de/rund-ums-fahrzeug/autokatalog/marken-modelle/opel/movano/c/327972/;https://www.vauxhall.co.uk/content/dam/vauxhall/Home/PDFs/Vans/new-movano/price-guides/New_Movano_PSG_1_April_2025_Library.pdf,pending,,2026-09-16T14:21:31+00:00
d1610352b7bb9de6b8d7,RU,Opel,Omega,6,1984-1994; 1994-1999; 1999-2004,A; B; B Рестайлинг,Sedan; Wagon 5-door,H2; SD1,https://auto.ru/catalog/cars/opel/omega/;https://auto.ru/catalog/cars/opel/omega/specifications/,pending,,2026-09-16T14:21:31+00:00
296d1effb14f2f3a3aa7,EU,Opel,Rekord d,6,1972-1975; 1972-1977; 1974-1977; 1975-1977,Rekord D,Coupe; Sedan,SD0; SD1,https://www.auto-data.net/en/opel-rekord-d-generation-535;https://www.automobile-catalog.com/car/1972/2422535/opel_rekord_coupe_1700_s.html,pending,,2026-09-16T14:21:31+00:00
26b16228aa2614b91091,RU,Pontiac,Grand AM,6,1984-1991; 1992-1998; 1998-2005,III; IV; V,Coupe; Sedan,SD0; SD1,https://auto.ru/catalog/cars/pontiac/grand_am/;https://auto.ru/catalog/cars/pontiac/grand_am/specifications/,pending,,2026-09-16T14:21:31+00:00
ab9f258fa381634baa2c,EU;RU,Pontiac,Phoenix,6,1977-1979; 1979-1981; 1979-1984,I; II; Phoenix II,Coupe; Hatchback; Hatchback 5-door; Sedan,H0; SD0; SD1,https://auto.ru/catalog/cars/pontiac/phoenix/;https://auto.ru/catalog/cars/pontiac/phoenix/specifications/;https://www.automobile-catalog.com/car/1980/2835740/pontiac_phoenix_5-door_hatchback_2_5_liter.html;https://www.automobile-catalog.com/car/1980/2835860/pontiac_phoenix_lj_coupe_2_8_liter_v6.html;https://www.automobile-catalog.com/car/1980/47630/pontiac_phoenix_5-door_hatchback_2_8-litre_v6_automatic.html,pending,,2026-09-16T14:21:31+00:00
638dd9269deac856bcdb,RU,Pontiac,Tempest,6,1961-1963; 1964-1970; 1987-1991,I; II; III,Convertible; Coupe; Sedan; Wagon 5-door,H2; SD0; SD1,https://auto.ru/catalog/cars/pontiac/tempest/;https://auto.ru/catalog/cars/pontiac/tempest/specifications/,pending,,2026-09-16T14:21:31+00:00
3528fc1e52df7dec5981,EU,Renault,Captur i,6,2013-2018; 2013-2019; 2015-2018; 2016-2018; 2018-2018; 2018-2019,Captur I; Captur I facelift; I; Renault Captur I,Hatchback; SUV,H0; SU1,https://www.auto-data.net/en/renault-captur-1.2-tce-120hp-edc-18169;https://www.auto-data.net/en/renault-captur-facelift-2017-1.2-tce-120hp-start-stop-edc-29779;https://www.automobile-catalog.com/car/2014/2987270/renault_captur_energy_tce_90.html,pending,,2026-09-16T14:21:31+00:00
f0a369cb062fe315d3d5,EU,Renault,Captur ii,6,2020-2026; 2021-2026; 2022-2026; 2025-2026; 2026-2026,Captur II; II facelift; II pre-facelift,Hatchback; SUV,H0; SU1,https://cdn.group.renault.com/ren/nl/brochures-en-prijslijsten/prijzenarchief/captur/captur-prijslijst-01-2022.pdf;https://cdn.group.renault.com/ren/nl/brochures-en-prijslijsten/prijzenarchief/captur/captur-prijslijst-07-2020.pdf;https://www.automobile-catalog.com/car/2020/2987615/renault_captur_tce_130.html;https://www.renault.co.uk/hybrid-cars/captur/specifications.html,pending,,2026-09-16T14:21:31+00:00
907be7bba583c6920a13,EU,Saab,900 ii,6,1993-1994; 1993-1998; 1994-1998,Saab 900 II,Convertible; Hatchback,H0; SD0,https://www.auto-data.net/en/saab-900-ii-combi-coupe-generation-2546;https://www.auto-data.net/en/saab-900-model-1277;https://www.automobile-catalog.com/car/1994/3031055/saab_900_s_se.html,pending,,2026-09-16T14:21:31+00:00
40fd2cddc3011e33fec0,EU;RU,Saab,96,6,1960-1980; 1965-1975; 1975-1977; 1977-1980,Saab 96 V4,Coupe; Sedan,SD0; SD1,https://auto.ru/catalog/cars/saab/96/;https://auto.ru/catalog/cars/saab/96/specifications/;https://www.automobile-catalog.com/car/1966/38180/saab_96_v4_sedan.html;https://www.automobile-catalog.com/car/1968/3017105/saab_96_v4_standard_sedan.html;https://www.automobile-catalog.com/car/1974/3017600/saab_96_v4.html;https://www.automobile-catalog.com/car/1975/3017525/saab_96_l.html,pending,,2026-09-16T14:21:31+00:00
1facadf7b14582c0b38c,RU,Skoda,Felicia,6,1959-1964; 1994-2001; 1998-2001,I; I Рестайлинг; Type 994,Coupe; Hatchback 5-door; Pickup; Wagon 5-door,H0; H2; P0; SD0,https://auto.ru/catalog/cars/skoda/felicia/;https://auto.ru/catalog/cars/skoda/felicia/specifications/,pending,,2026-09-16T14:21:31+00:00
561d4206301c07c3817c,EU,Skoda,Superb iv,6,2023-2026; 2024-2026; 2025-2026,Superb IV,Hatchback; Wagon,H0; SD1,https://cdn.skoda-storyboard.com/2024/03/TD-Superb-en_87b42ad4.pdf;https://www.auto-data.net/en/skoda-superb-iv-iv-1.5-tsi-204hp-plug-in-hybrid-dsg-53760,pending,,2026-09-16T14:21:31+00:00
627a8abdb4a7862a9ad3,RU,Subaru,Rex,6,1972-1981; 1982-1985; 1986-1992; 2022-2026,I; II; III; IV,Hatchback 3-door; Hatchback 5-door; SUV 5-door,H0; SU1,https://auto.ru/catalog/cars/subaru/rex/;https://auto.ru/catalog/cars/subaru/rex/specifications/,pending,,2026-09-16T14:21:31+00:00
a23f3d6dd496765f1f20,EU;RU,Talbot,Avenger,6,1970-1981; 1972-1981,Avenger facelift; Avenger pre-facelift,Sedan; Wagon; Wagon 5-door,H2; SD1,https://auto.ru/catalog/cars/talbot/avenger/;https://auto.ru/catalog/cars/talbot/avenger/specifications/;https://autocatalogarchive.com/wp-content/uploads/2024/02/Chrysler-Avenger-1978-UK.pdf;https://autocatalogarchive.com/wp-content/uploads/2025/05/Talbot-Avenger-1980-UK.pdf;https://www.automobile-catalog.com/car/1973/1028255/hillman_avenger_estate_1500_de_luxe.html;https://www.carfolio.com/hillman-avenger-1250-59983,pending,,2026-09-16T14:21:31+00:00
d77d7776943f5281d3d7,EU;RU,Talbot,Samba,6,1981-1985; 1981-1986; 1983-1986,Samba,Convertible; Hatchback; Hatchback 3-door,H0; SD0,https://auto.ru/catalog/cars/talbot/samba/;https://auto.ru/catalog/cars/talbot/samba/specifications/;https://www.automobile-catalog.com/car/1983/3118040/talbot_samba_1_4.html;https://www.automobile-catalog.com/car/1983/55535/talbot_samba_1_4_gls.html,pending,,2026-09-16T14:21:31+00:00
7f6660e95bc072a02e73,EU;RU,Toyota,Bz4x,6,2021-2026; 2022-2026; 2025-2026; 2026-2026,I; I facelift (2025); I Рестайлинг; bZ4X Touring I,SUV; SUV 5-door; Wagon,SD1; SU1,https://auto.ru/catalog/cars/toyota/bz4x/;https://auto.ru/catalog/cars/toyota/bz4x/specifications/;https://www.auto-data.net/en/toyota-bz4x-model-3027;https://www.rac.co.uk/drive/car-reviews/toyota/bz4x/bz4x-touring/,pending,,2026-09-16T14:21:31+00:00
397d853afd039b06e79d,RU,Toyota,Corolla Levin,6,1979-1983; 1983-1987; 1987-1991; 1991-1995; 1995-2000,III (TE71); IV (AE85/AE86); V (AE91/AE92); VI (AE100/AE101); VII (AE110/AE111),Coupe; Hatchback 3-door,H0; SD0,https://auto.ru/catalog/cars/toyota/corolla_levin/;https://auto.ru/catalog/cars/toyota/corolla_levin/specifications/,pending,,2026-09-16T14:21:31+00:00
4d116d729703909ae2b5,EU,Triumph,Herald,6,1961-1967; 1967-1971; 1968-1969,Herald 1200; Triumph Herald 1200; Triumph Herald 13/60,Convertible; Sedan; Wagon,SD0; SD1,https://www.tssc.org.uk/tssc/cars_final.asp?model_ID=27;https://www.tssc.org.uk/tssc/cars_final.asp?model_ID=30;https://www.tssc.org.uk/tssc/cars_final.asp?model_ID=42;https://www.tssc.org.uk/tssc/cars_final.asp?model_ID=43,pending,,2026-09-16T14:21:31+00:00
6997fe5d16bc272397da,RU,Vauxhall,Vectra,6,1995-2001; 2003-2008,B; C,Hatchback 5-door; Sedan; Wagon 5-door,H0; H2; SD1,https://auto.ru/catalog/cars/vauxhall/vectra/;https://auto.ru/catalog/cars/vauxhall/vectra/specifications/,pending,,2026-09-16T14:21:31+00:00
62db83a7dfec60d2a648,RU,Vauxhall,Victor,6,1963-1967; 1967-1972; 1972-1978,FC; FD; FE,Sedan; Wagon 5-door,H2; SD1,https://auto.ru/catalog/cars/vauxhall/victor/;https://auto.ru/catalog/cars/vauxhall/victor/specifications/,pending,,2026-09-16T14:21:31+00:00
917dee64d6429e36ba5b,RU,Aston Martin,Vanquish Zagato,5,2004-2004; 2016-2018,I; II,Convertible; Coupe; Hatchback 3-door; Roadster; Speedster,H0; SD0,https://auto.ru/catalog/cars/aston_martin/vanquish_zagato/;https://auto.ru/catalog/cars/aston_martin/vanquish_zagato/specifications/,pending,,2026-09-16T14:21:31+00:00
b8bd24f6a5ac5421e5ed,RU,Audi,200,5,1979-1982; 1983-1988; 1988-1991,I (C2); II (C3); II (C3) Рестайлинг,Sedan; Wagon 5-door,H2; SD1,https://auto.ru/catalog/cars/audi/200/;https://auto.ru/catalog/cars/audi/200/specifications/,pending,,2026-09-16T14:21:31+00:00
ebd3c2ff29c805b41614,EU;RU,Austin,Princess,5,1972-1982; 1975-1978; 1976-1978; 1978-1982,I; II; Princess 18-22 Series 1; Princess I,Hatchback 5-door; Sedan,H0; SD1,https://auto.ru/catalog/cars/austin/princess/;https://auto.ru/catalog/cars/austin/princess/specifications/;https://www.automobile-catalog.com/car/1975/35990/princess_2200_hls.html;https://www.automobile-catalog.com/car/1977/27590/princess_1800_hl.html;https://www.automobile-catalog.com/car/1980/168575/princess_2200_hls_automatic.html,pending,,2026-09-16T14:21:31+00:00
3e2daa9b6996eb70394b,EU;RU,BMW,700,5,1959-1964; 1959-1965; 1959-1966,BMW 700,Coupe; Sedan,SD0; SD1,https://auto.ru/catalog/cars/bmw/700/;https://auto.ru/catalog/cars/bmw/700/specifications/;https://de.wikipedia.org/wiki/BMW_700;https://www.automobile-catalog.com/car/1960/262535/bmw_700_sport.html;https://www.automobile-catalog.com/car/1963/1449020/bmw_ls.html,pending,,2026-09-16T14:21:31+00:00
0b0b4ba4b2d66e833693,RU,BMW,New Class,5,1962-1964; 1963-1971; 1964-1966; 1965-1969; 1965-1970,1500; 1600; 1800; 2000; 2000 C/CA/CS,Coupe; Sedan,SD0; SD1,https://auto.ru/catalog/cars/bmw/new_class/;https://auto.ru/catalog/cars/bmw/new_class/specifications/,pending,,2026-09-16T14:21:31+00:00
2a19effafff2abc6af4e,RU,Brabus,E V12,5,1996-1999; 2009-2013,"W210, S210; W212, C207, A207",Convertible; Coupe; Sedan; Wagon 5-door,H2; SD0; SD1,https://auto.ru/catalog/cars/brabus/e_v12/;https://auto.ru/catalog/cars/brabus/e_v12/specifications/,pending,,2026-09-16T14:21:31+00:00
1964aec8a7198f0e1aad,RU,Buick,Skyhawk,5,1974-1979; 1981-1989,I; II,Coupe; Hatchback 3-door; Sedan; Wagon 5-door,H0; H2; SD0; SD1,https://auto.ru/catalog/cars/buick/skyhawk/;https://auto.ru/catalog/cars/buick/skyhawk/specifications/,pending,,2026-09-16T14:21:31+00:00
6d71723e6ea2af6d08bc,RU,BYD,F3,5,2005-2013; 2012-2018; 2014-2018; 2016-2021,I; I Рестайлинг; I Рестайлинг 2; II,Hatchback 5-door; Sedan,H0; SD1,https://auto.ru/catalog/cars/byd/f3/;https://auto.ru/catalog/cars/byd/f3/specifications/,pending,,2026-09-16T14:21:31+00:00
b3dbaaa5cc5eaa20daed,RU,Cadillac,CTS-V,5,2004-2007; 2008-2013; 2015-2019,I; II; III,Coupe; Sedan; Wagon 5-door,H2; SD0; SD1,https://auto.ru/catalog/cars/cadillac/cts_v/;https://auto.ru/catalog/cars/cadillac/cts_v/specifications/,pending,,2026-09-16T14:21:31+00:00
8db9a9c33dcd128a0a41,EU;RU,Chevrolet,Celebrity,5,1981-1986; 1982-1990,Celebrity I,Sedan; Wagon,H2; SD1,https://auto.ru/catalog/cars/chevrolet/celebrity/;https://auto.ru/catalog/cars/chevrolet/celebrity/specifications/;https://www.automobile-catalog.com/car/1983/456335/chevrolet_celebrity_sedan_2_8l_v-6_automatic.html;https://www.automobile-catalog.com/car/1984/456605/chevrolet_celebrity_sedan_2_8l_v-6_high_output_automatic.html;https://www.automobile-catalog.com/car/1986/457280/chevrolet_celebrity_sedan_2_8l_v-6_automatic.html;https://xr793.com/wp-content/uploads/2017/07/1982-Chevrolet-Celebrity.pdf;https://xr793.com/wp-content/uploads/2017/07/1985-Chevrolet-Celebrity.pdf,pending,,2026-09-16T14:21:31+00:00
80cd88c4e486be6150a2,RU,Chevrolet,Corvair,5,1959-1964; 1965-1969,I; II,Convertible; Coupe; Sedan; Wagon 5-door,H2; SD0; SD1,https://auto.ru/catalog/cars/chevrolet/corvair/;https://auto.ru/catalog/cars/chevrolet/corvair/specifications/,pending,,2026-09-16T14:21:31+00:00
2fd883296129a78bc587,EU;RU,Chevrolet,Hhr,5,2005-2008; 2005-2011; 2006-2011; 2007-2011,HHR; HHR I,Van; Wagon; Wagon 5-door,H2; SD1; V0,https://auto.ru/catalog/cars/chevrolet/hhr/;https://auto.ru/catalog/cars/chevrolet/hhr/specifications/;https://www.auto-data.net/en/chevrolet-hhr-2.4-i-16v-175hp-14368;https://xr793.com/wp-content/uploads/2017/07/2006-Chevrolet-HHR-CN.pdf,pending,,2026-09-16T14:21:31+00:00
8c5f95a63f0e61c751b1,EU;RU,Chevrolet,Lumina,5,1989-1994; 1994-1997; 1994-2001,I; II; Lumina I; Lumina II,Coupe; Sedan,SD0; SD1,https://auto.ru/catalog/cars/chevrolet/lumina/;https://auto.ru/catalog/cars/chevrolet/lumina/specifications/;https://www.automobile-catalog.com/car/1991/471200/chevrolet_lumina_z34.html;https://www.automobile-catalog.com/car/1996/474335/chevrolet_lumina_sedan_3100_v6_sfi_automatic.html,pending,,2026-09-16T14:21:31+00:00
ccca6e2e2f0ff7b315ab,RU,Chevrolet,Master,5,1933-1940,,Convertible; Coupe; Sedan,SD0; SD1,https://auto.ru/catalog/cars/chevrolet/master/;https://auto.ru/catalog/cars/chevrolet/master/specifications/,pending,,2026-09-16T14:21:31+00:00
b7859b7d1439cfd30de4,EU;RU,Chevrolet,Orlando,5,2010-2018; 2011-2015; 2011-2026; 2012-2026; 2018-2023,I; II; Orlando I,MPV,SU1; V0,https://auto.ru/catalog/cars/chevrolet/orlando/;https://auto.ru/catalog/cars/chevrolet/orlando/specifications/;https://xr793.com/wp-content/uploads/2022/10/2014-Chevrolet-Orlando-UK.pdf,pending,,2026-09-16T14:21:31+00:00
9b67f68ab5584f512b82,EU;RU,Chevrolet,Rezzo,5,2000-2008; 2005-2009; 2005-2026,Rezzo; Rezzo I,MPV,SU1; V0,https://auto.ru/catalog/cars/chevrolet/rezzo/;https://auto.ru/catalog/cars/chevrolet/rezzo/specifications/;https://www.auto-data.net/en/chevrolet-rezzo-1.6-i-16v-105hp-14444;https://www.automobile-catalog.com/car/2005/557885/chevrolet_rezzo-tacuma_1_6_sx.html,pending,,2026-09-16T14:21:31+00:00
a914fd698a6065ba99f6,EU,Chevrolet,Silverado 3500 hd crew cab pickup,5,2007-2010; 2010-2013,Silverado HD II,Pickup,DUAL; P0,https://www.auto-brochures.com/makes/Chevrolet/Silverado/Chevrolet_US%20SilveradoHD_2013.pdf;https://xr793.com/wp-content/uploads/2022/07/2010-Chevrolet-Silverado-CN.pdf,pending,,2026-09-16T14:21:31+00:00
9b76eac38c6a17f0d5e0,RU,Chrysler,Newport,5,1968-1973; 1973-1978,V; VI,Convertible; Coupe; Sedan,SD0; SD1,https://auto.ru/catalog/cars/chrysler/newport/;https://auto.ru/catalog/cars/chrysler/newport/specifications/,pending,,2026-09-16T14:21:31+00:00
51b0e62530781b75d524,EU;RU,Chrysler,Pacifica,5,2003-2006; 2003-2008; 2016-2020; 2020-2026; 2026-2026,CS; Pacifica I; RU; RU Рестайлинг; RU Рестайлинг 2,MPV; SUV 5-door,SU1; V0,https://auto.ru/catalog/cars/chrysler/pacifica/;https://auto.ru/catalog/cars/chrysler/pacifica/specifications/;https://www.auto-data.net/en/chrysler-pacifica-3.5-v6-253hp-14716,pending,,2026-09-16T14:21:31+00:00
b620a608f6594a965d21,EU;RU,Daewoo,Korando,5,1999-2001; 1999-2026,Korando,Convertible; SUV; SUV 3-door,SD0; SU1,https://auto.ru/catalog/cars/daewoo/korando/;https://auto.ru/catalog/cars/daewoo/korando/specifications/;https://www.autocentrum.pl/dane-techniczne/daewoo/korando/cabrio/silnik-diesla-2.9-d-98km-1999-2001/;https://www.automobile-catalog.com/car/1999/3161570/ssangyong_daewoo_korando_e32.html;https://www.automobile-catalog.com/car/1999/3161600/ssangyong_daewoo_korando_soft-top_2_9_turbo_diesel.html,pending,,2026-09-16T14:21:31+00:00
a303540b6f140ef6d896,EU;RU,Daewoo,Rezzo,5,2000-2008; 2000-2026; 2001-2004; 2002-2004,Rezzo; Rezzo I,MPV,SU1; V0,https://auto.ru/catalog/cars/daewoo/rezzo/;https://auto.ru/catalog/cars/daewoo/rezzo/specifications/;https://www.auto-data.net/en/daewoo-rezzo-klau-generation-3644;https://www.automobile-catalog.com/car/2002/2056730/daewoo_rezzo_1_6_sx.html;https://www.ultimatespecs.com/car-specs/Chevrolet/50189/Chevrolet-Tacuma-16-16v-SX.html,pending,,2026-09-16T14:21:31+00:00
309ce6c5e0676f042924,EU,DAF,55,5,1967-1972; 1968-1972; 1971-1972,DAF 55,Coupe; Sedan; Wagon,SD0; SD1,https://www.automobile-catalog.com/car/1970/2058710/daf_55.html;https://www.automobile-catalog.com/car/1970/2058725/daf_55_coupe.html;https://www.automobile-catalog.com/car/1971/2058740/daf_55_kombi.html,pending,,2026-09-16T14:21:31+00:00
36fc0c8823c172bbacc6,EU,DAF,66,5,1972-1975; 1973-1975,DAF 66,Coupe; Sedan; Wagon,SD0; SD1,https://www.automobile-catalog.com/car/1972/128315/daf_66.html;https://www.automobile-catalog.com/car/1972/128375/daf_66_kombi.html;https://www.automobile-catalog.com/car/1974/128345/daf_66_coupe.html,pending,,2026-09-16T14:21:31+00:00
98969497a939b22c1460,RU,Datsun,Stanza,5,1977-1981; 1982-1986,I (A10); II (T11),Hatchback 3-door; Hatchback 5-door; Sedan,H0; SD1,https://auto.ru/catalog/cars/datsun/stanza/;https://auto.ru/catalog/cars/datsun/stanza/specifications/,pending,,2026-09-16T14:21:31+00:00
7a6d4641ad85bf8728d9,RU,Delage,DI,5,1923-1927,,Convertible; Coupe; Phaeton; Roadster; Sedan,SD0; SD1,https://auto.ru/catalog/cars/delage/di/;https://auto.ru/catalog/cars/delage/di/specifications/,pending,,2026-09-16T14:21:31+00:00
554539467b9753abef69,EU;RU,Fiat,600,5,1955-1961; 1960-1971; 2005-2010,Fiat 600; Fiat 600 D,Hatchback 3-door; Sedan,H0; SD1,https://auto.ru/catalog/cars/fiat/600/;https://auto.ru/catalog/cars/fiat/600/specifications/;https://www.automobile-catalog.com/car/1955/708545/fiat_600.html;https://www.automobile-catalog.com/car/1959/1759760/fiat_600_sunroof.html;https://www.automobile-catalog.com/car/1960/708635/fiat_600d.html;https://www.automobile-catalog.com/car/1966/1759700/fiat_600d.html,pending,,2026-09-16T14:21:31+00:00
ecf89bf7514613122dd5,EU;RU,Fiat,Freemont,5,2011-2015; 2011-2016,Freemont; Freemont I,MPV; Wagon 5-door,H2; SU1,https://auto.ru/catalog/cars/fiat/freemont/;https://auto.ru/catalog/cars/fiat/freemont/specifications/;https://www.media.stellantis.com/uploads/ch/CH/2011/FIAT/PRESS/20110620/Fiat_Freemont_FRA.pdf;https://www.media.stellantis.com/uploads/em/2012/FIAT/SCHEDE_TECNICHE/120207_F_FreemontAWD_ST_ENG.pdf,pending,,2026-09-16T14:21:31+00:00
1748dd111f61d1d6d374,EU;RU,Ford,B-Max,5,2012-2017; 2012-2018; 2013-2017; 2015-2017; 2016-2017,B-Max I,MPV,SU1; V0,https://auto.ru/catalog/cars/ford/b_max/;https://auto.ru/catalog/cars/ford/b_max/specifications/;https://autocatalogarchive.com/wp-content/uploads/2016/08/Ford-B-Max-2012-UK.pdf;https://www.automobile-catalog.com/car/2012/1775780/ford_b-max_1_0_ecoboost_100_titanium.html,pending,,2026-09-16T14:21:31+00:00
c34c889a9adb6e8a6bcd,EU,Ford,Ka+ iii,5,2016-2020; 2018-2020,Ka III Facelift; Ka+ III; Ka+ III facelift,Hatchback; Sedan,H0; SD1,https://fordmediacenter.nl/wp-content/uploads/2016/06/FordKaPlus_EU.pdf;https://images.cardekho.com/brochures/files/Ford-Aspire/1.5-TDCi-Trend/Ford-Aspire-Brochure.pdf;https://www.automobile-catalog.com/car/2018/2740175/ford_ka_plus_1_5_tdci_95.html;https://www.ford.co.uk/content/dam/guxeu/uk/documents/brochures/cars/BRO-New_KA_Plus.pdf;https://www.ford.co.uk/content/dam/guxeu/uk/documents/feature-pdfs/FT-New_KA%2B.pdf,pending,,2026-09-16T14:21:31+00:00
424493a65d96d4f8c008,RU,Ford,Scorpio,5,1985-1994; 1994-1998,I; II,Hatchback 5-door; Sedan; Wagon 5-door,H0; H2; SD1,https://auto.ru/catalog/cars/ford/scorpio/;https://auto.ru/catalog/cars/ford/scorpio/specifications/,pending,,2026-09-16T14:21:31+00:00
2a71016becda29d9f4ae,RU,Ford,Telstar,5,1987-1992; 1991-1996; 1996-1999,II; III; V,Sedan; Wagon 5-door,H2; SD1,https://auto.ru/catalog/cars/ford/telstar/;https://auto.ru/catalog/cars/ford/telstar/specifications/,pending,,2026-09-16T14:21:31+00:00
1b1b362c26298f13ac9c,RU,Honda,Avancier,5,1999-2001; 2001-2003; 2016-2020; 2020-2023; 2023-2026,I; I Рестайлинг; II; II Рестайлинг; II Рестайлинг 2,SUV 5-door; Wagon 5-door,H2; SU1,https://auto.ru/catalog/cars/honda/avancier/;https://auto.ru/catalog/cars/honda/avancier/specifications/,pending,,2026-09-16T14:21:31+00:00
d8193d50e6d5bab8911f,EU;RU,Honda,Cr-Z,5,2010-2012; 2010-2013; 2012-2015; 2012-2026; 2015-2017,CR-Z; CR-Z facelift; I; I Рестайлинг; I Рестайлинг 2,Coupe; Hatchback 3-door,H0; SD0,https://auto.ru/catalog/cars/honda/cr_z/;https://auto.ru/catalog/cars/honda/cr_z/specifications/;https://www.auto-data.net/en/honda-cr-z-1.5-i-vtec-124hp-ima-hybrid-17149;https://www.auto-data.net/en/honda-cr-z-facelift-2012-1.5-i-vtec-137hp-ima-hybrid-56426,pending,,2026-09-16T14:21:31+00:00
3a02bfd6859589e7cc93,EU;RU,Honda,Fr-V,5,2004-2006; 2004-2009; 2005-2006; 2005-2009; 2007-2009,FR-V; FR-V I facelift,MPV,SU1; V0,https://auto.ru/catalog/cars/honda/fr_v/;https://auto.ru/catalog/cars/honda/fr_v/specifications/;https://hondanews.eu/eu/en/cars/media/pressreleases/214/fr-v-summary,pending,,2026-09-16T14:21:31+00:00
93ec801cabcba1334bc3,EU;RU,Honda,Shuttle,5,1994-1998; 1994-2000; 1997-2004; 2015-2019; 2019-2022,I; II; II Рестайлинг; Shuttle I,MPV; Wagon 5-door,H2; SU1; V0,https://auto.ru/catalog/cars/honda/shuttle/;https://auto.ru/catalog/cars/honda/shuttle/specifications/;https://www.bast.de/DE/Publikationen/BerichteBASt/Fachveroeffentlichungen/Fahrzeugtechnik/Unterseiten/F-improver-subproject-1.pdf?__blob=publicationFile&v=1;https://www.ultimatespecs.com/car-specs/Honda/7993/Honda-Shuttle-22i.html,pending,,2026-09-16T14:21:31+00:00
1d2e9cce18d00e05276b,EU;RU,Honda,Stream,5,2000-2003; 2001-2006; 2003-2006; 2006-2009; 2009-2014,I; I Рестайлинг; II; II Рестайлинг; Stream I,MPV,SU1; V0,https://auto.ru/catalog/cars/honda/stream/;https://auto.ru/catalog/cars/honda/stream/specifications/;https://www.auto-data.net/en/honda-stream-model-1301,pending,,2026-09-16T14:21:31+00:00
2d9ccad2d822249bc393,RU,Honda,Today,5,1985-1992; 1993-1998,I; II,Coupe; Hatchback 3-door; Hatchback 5-door; Sedan,H0; SD0; SD1,https://auto.ru/catalog/cars/honda/today/;https://auto.ru/catalog/cars/honda/today/specifications/,pending,,2026-09-16T14:21:31+00:00
ab5145ad2d0c80bb1847,EU;RU,Hummer,H2,5,2002-2007; 2003-2004; 2007-2009,H2 I; I; I Рестайлинг,Pickup; SUV; SUV 5-door,P0; SU1,https://auto.ru/catalog/cars/hummer/h2/;https://auto.ru/catalog/cars/hummer/h2/specifications/;https://www.edmunds.com/hummer/h2/2004/st-100273977/features-specs/,pending,,2026-09-16T14:21:31+00:00
0fdab99c945d44c5676c,EU,Hyundai,H350,5,2015-2026,H350,Bus; Chassis Cab; Van,P0; SU1,https://trucknbus.hyundai.com/global/file/downloadBlb?fil_sn=BF00001521,pending,,2026-09-16T14:21:31+00:00
a5c6c4eefe7d1b0ea61d,RU,Hyundai,Lantra,5,1990-1995; 1995-1998; 1998-2000,I; II; II Рестайлинг,Sedan; Wagon 5-door,H2; SD1,https://auto.ru/catalog/cars/hyundai/lantra/;https://auto.ru/catalog/cars/hyundai/lantra/specifications/,pending,,2026-09-16T14:21:31+00:00
e0d05676ff77714403b6,EU,Jeep,Wrangler i,5,1986-1989; 1986-1990; 1988-1991; 1991-1996,I; Wrangler I,Convertible; SUV,SD0; SU1,https://www.auto-data.net/en/jeep-wrangler-i-yj-generation-341;https://www.automobile-catalog.com/car/1990/1315400/jeep_wrangler_sahara_soft-top_2_5l.html;https://www.automobile-catalog.com/car/1991/1315415/jeep_wrangler_4_0l.html;https://www.automobile-catalog.com/car/1992/1315625/jeep_wrangler_2_5.html;https://www.automobile-catalog.com/car/1994/1315805/jeep_wrangler_4_0.html,pending,,2026-09-16T14:21:31+00:00
8fe7ad99f1587b5901b8,EU,Jeep,Wrangler ii,5,1996-2007; 1998-2007; 2002-2007; 2003-2007,II; Wrangler II,Convertible; SUV,SD0; SU1,https://www.auto-data.net/en/jeep-wrangler-ii-tj-2.4-i-16v-147hp-1179;https://www.auto-data.net/en/jeep-wrangler-ii-tj-2.5-i-118hp-1180;https://www.auto-data.net/en/jeep-wrangler-ii-tj-rubicon-4.0-i-193hp-automatic-31702,pending,,2026-09-16T14:21:31+00:00
d0e9d6665d333331802c,EU;RU,KIA,Ev6,5,2021-2024; 2021-2026; 2024-2026,I; I facelift; I Рестайлинг,Hatchback; SUV 5-door,H0; SU1,https://auto.ru/catalog/cars/kia/ev6/;https://auto.ru/catalog/cars/kia/ev6/specifications/;https://www.auto-data.net/en/kia-ev6-facelift-2024-generation-10021;https://www.auto-data.net/en/kia-ev6-gt-long-range-77.4-kwh-585hp-awd-42616;https://www.auto-data.net/en/kia-ev6-standard-range-58-kwh-170hp-42614,pending,,2026-09-16T14:21:31+00:00
8439ab89a8cf894ffcd9,EU,KIA,Rio ii,5,2005-2011; 2008-2011; 2010-2011,II; Rio II Facelift,Hatchback; Sedan,H0; SD1,https://www.auto-data.net/en/kia-rio-model-282;https://www.automobile-catalog.com/car/2010/1354520/kia_rio_1_4_ex_top.html,pending,,2026-09-16T14:21:31+00:00
54cc8c4bb4c137c7c293,EU;RU,KIA,Shuma,5,1996-1998; 1996-2001; 1997-2001; 2001-2004,I; II; Shuma I,Liftback; Sedan,H0; SD1,https://auto.ru/catalog/cars/kia/shuma/;https://auto.ru/catalog/cars/kia/shuma/specifications/;https://www.auto-data.net/en/kia-shuma-fb-generation-636;https://www.automobile-catalog.com/car/1999/1344740/kia_shuma_1_5_ls_4-dr.html,pending,,2026-09-16T14:21:31+00:00
bfca61c218216dde395b,EU;RU,KIA,Stinger,5,2017-2021; 2017-2023; 2018-2023; 2020-2023,I; I Рестайлинг; Stinger I,Liftback,H0; SD0,https://auto.ru/catalog/cars/kia/stinger/;https://auto.ru/catalog/cars/kia/stinger/specifications/;https://www.auto-data.net/en/kia-stinger-generation-5624;https://www.auto-data.net/en/kia-stinger-gt-3.3-gdi-370hp-automatic-32068,pending,,2026-09-16T14:21:31+00:00
91ce56a4b3f27116121b,EU,Lada,Largus,5,2012-2026; 2016-2021; 2018-2026,I; Largus I,Van; Wagon,SD1; SU1,https://lada.drive.place/largus/i/group_furgon/345681;https://static.lada.ru/files/brochures/models_pdf/Largus_cng-brochures.pdf,pending,,2026-09-16T14:21:31+00:00
9987fb8dce9a90b4d6ae,EU;RU,Lancia,Aurelia,5,1950-1953; 1951-1953; 1953-1958; 1956-1958,Aurelia B20 2500; Aurelia B20 II; Aurelia B24 Convertible,Convertible; Coupe; Sedan,SD0; SD1,https://auto.ru/catalog/cars/lancia/aurelia/;https://auto.ru/catalog/cars/lancia/aurelia/specifications/;https://www.automobile-catalog.com/car/1952/1373945/lancia_aurelia_b20_gt_2a_serie.html;https://www.automobile-catalog.com/car/1954/1373975/lancia_aurelia_b20_gt_2500_4a_serie.html;https://www.automobile-catalog.com/car/1956/1374035/lancia_aurelia_b24_america_convertible_2a_serie.html,pending,,2026-09-16T14:21:31+00:00
0cc3465f15b2e855d0be,EU;RU,Lancia,Voyager,5,2011-2014; 2011-2015; 2012-2014; 2013-2014; 2014-2014,Voyager,MPV,SU1; V0,https://auto.ru/catalog/cars/lancia/voyager/;https://auto.ru/catalog/cars/lancia/voyager/specifications/;https://www.automobile-catalog.com/car/2011/1577165/lancia_voyager_2_8_d_gold.html;https://www.media.stellantis.com/uploads/fr/FR/2013/LANCIA/TARIFS/130201_FT_VOYAGER178.pdf,pending,,2026-09-16T14:21:31+00:00
709a603bad8f44bba99c,RU,Lincoln,Continental Mark,5,1968-1971; 1972-1976; 1977-1979; 1980-1983,III; IV; V; VI,Coupe; Sedan,SD0; SD1,https://auto.ru/catalog/cars/lincoln/continental_mark/;https://auto.ru/catalog/cars/lincoln/continental_mark/specifications/,pending,,2026-09-16T14:21:31+00:00
7c46a7d323a55f17e9d9,RU,Mazda,121,5,1975-1981; 1987-1991; 1991-1996; 1996-2003,CD; I; II; III,Fastback; Hatchback 3-door; Hatchback 5-door; Sedan,H0; SD1,https://auto.ru/catalog/cars/mazda/121/;https://auto.ru/catalog/cars/mazda/121/specifications/,pending,,2026-09-16T14:21:31+00:00
d909a42f3664d746c75e,EU;RU,Mazda,5,5,2005-2007; 2005-2010; 2007-2010; 2010-2018; 2010-2026,I; I (CR); I (CR) Рестайлинг; II (CW); Mazda 5 II,MPV,SU1; V0,https://auto.ru/catalog/cars/mazda/5/;https://auto.ru/catalog/cars/mazda/5/specifications/;https://www.auto-data.net/en/mazda-5-i-2.0-cd-110hp-11071;https://www.auto-data.net/en/mazda-5-ii-1.6-cd-115hp-17508,pending,,2026-09-16T14:21:31+00:00
ac8e0e18593bce59e73c,EU;RU,Mazda,818,5,1972-1978; 1974-1978; 1977-1978,I,Coupe; Sedan; Wagon; Wagon 5-door,H2; SD0; SD1,https://auto.ru/catalog/cars/mazda/818/;https://auto.ru/catalog/cars/mazda/818/specifications/;https://www.carsguide.com.au/mazda/808/1972,pending,,2026-09-16T14:21:31+00:00
a35c8b552151ddce57b4,RU,Mazda,Cosmo,5,1967-1972; 1975-1981; 1981-1990,CD; HB; L10,Coupe; Liftback; Sedan,H0; SD0; SD1,https://auto.ru/catalog/cars/mazda/cosmo/;https://auto.ru/catalog/cars/mazda/cosmo/specifications/,pending,,2026-09-16T14:21:31+00:00
e98b70018b1b2a8aca50,EU,Mercedes-benz,G-Class,5,2022-2026; 2024-2026,G-Class E465; G-Class W464; G-Class W465,Chassis Cab; SUV,P0; SU1,https://ggb.mercedes-benz.com/en/vehicles/base-vehicles-model-series-464/mercedes-benz-g-350-d-chassis-cab;https://ggb.mercedes-benz.com/en/vehicles/base-vehicles-model-series-464/mercedes-benz-g-350-d-station-wagon;https://static.oneweb.mercedes-benz.com/css-oom-assets/en-ab/pdf/mercedes-g-class-suv-2024-april-w465-mbux-owners-manual-1.pdf;https://www.edrmagazine.eu/mercedes-benz-a-new-g-class-after-42-years-of-history;https://www.mercedes-benz.co.jp/passengercars/models/suv/g-class-electric/overview.html,pending,,2026-09-16T14:21:31+00:00
34d96e8c98402a51bedb,RU,Mercedes-Benz,W124,5,1984-1993,,Convertible; Coupe; Sedan; Wagon 5-door,H2; SD0; SD1,https://auto.ru/catalog/cars/mercedes/w124/;https://auto.ru/catalog/cars/mercedes/w124/specifications/,pending,,2026-09-16T14:21:31+00:00
395a1378b9e1564862ba,RU,Mitsubishi,eK Space,5,2014-2016; 2016-2020; 2020-2024; 2024-2025,I; I Рестайлинг; II; II Рестайлинг,Hatchback 5-door; MPV,H0; V0,https://auto.ru/catalog/cars/mitsubishi/ek_space/;https://auto.ru/catalog/cars/mitsubishi/ek_space/specifications/,pending,,2026-09-16T14:21:31+00:00
e5e94b579faa5bfe2e85,RU,Mitsubishi,Lancer Ralliart,5,2003-2005; 2005-2007; 2008-2012,IX; IX Рестайлинг; X,Hatchback 5-door; Sedan; Wagon 5-door,H0; H2; SD1,https://auto.ru/catalog/cars/mitsubishi/lancer_ralliart/;https://auto.ru/catalog/cars/mitsubishi/lancer_ralliart/specifications/,pending,,2026-09-16T14:21:31+00:00
7e919320e644d86fd64a,EU,Mitsubishi,Pajero ii canvas top,5,1990-1995; 1990-2000; 1991-1999; 1991-2000; 1994-2000,Pajero II Canvas Top; Pajero II canvas top,Convertible; SUV,SD0; SU1,https://www.automobile-catalog.com/car/1995/1972970/mitsubishi_pajero_2500_diesel_turbo_intercooler_xs_canvas_top.html;https://www.ultimatespecs.com/car-specs/Mitsubishi/7001/Mitsubishi-Pajero-II-%28V20%29-30-V6-Soft-Top-Auto.html,pending,,2026-09-16T14:21:31+00:00
ccc3e20851eb62d456a7,RU,Mitsuoka,Viewt,5,1993-2003; 2005-2012; 2012-2023; 2023-2026,I (K11); II (K12); III (K13); IV,Hatchback 5-door; Sedan,H0; SD1,https://auto.ru/catalog/cars/mitsuoka/viewt/;https://auto.ru/catalog/cars/mitsuoka/viewt/specifications/,pending,,2026-09-16T14:21:31+00:00
d97b3b2ed86e4ff45b46,EU;RU,Nissan,280zx,5,1978-1983; 1978-1984; 1980-1982; 1982-1984; 1983-1984,280ZX S130,Coupe; Fastback,H0; SD0,https://auto.ru/catalog/cars/nissan/280zx/;https://auto.ru/catalog/cars/nissan/280zx/specifications/;https://www.automobile-catalog.com/car/1983/2184155/datsun_280_zxt_turbo.html;https://www.nissan-global.com/EN/HERITAGE_COLLECTION/fairlady_280z_t.html,pending,,2026-09-16T14:21:31+00:00
16ea7688368aeca6f821,RU,Nissan,Cefiro,5,1988-1994; 1994-2000; 1998-2003; 2003-2008,I (A31); II (A32); III (A33); IV (J31),Sedan; Wagon 5-door,H2; SD1,https://auto.ru/catalog/cars/nissan/cefiro/;https://auto.ru/catalog/cars/nissan/cefiro/specifications/,pending,,2026-09-16T14:21:31+00:00
ecc88b246aafeb608e45,RU,Nissan,Leopard,5,1980-1986; 1986-1992; 1992-1996; 1996-2000,I (F30); II (F31); III (Y32); IV (Y33),Coupe; Sedan,SD0; SD1,https://auto.ru/catalog/cars/nissan/leopard/;https://auto.ru/catalog/cars/nissan/leopard/specifications/,pending,,2026-09-16T14:21:31+00:00
b6111c4542d248636f27,RU,Oldsmobile,Ninety-Eight,5,1977-1984; 1985-1990; 1991-1996,IX; X; XI,Coupe; Sedan,SD0; SD1,https://auto.ru/catalog/cars/oldsmobile/ninety_eight/;https://auto.ru/catalog/cars/oldsmobile/ninety_eight/specifications/,pending,,2026-09-16T14:21:31+00:00
45b1d6e57313a19d31e3,EU,Opel,Astra g classic,5,2004-2006; 2004-2008; 2004-2009; 2006-2008,Astra G Classic II,Hatchback; Sedan,H0; SD1,https://dixi-car.pl/doc/opel-astra-classic-dane.pdf,pending,,2026-09-16T14:21:31+00:00
accfd53cfa25b85c2916,EU,Opel,Astra h family,5,2009-2012; 2009-2014,Astra H Family; Astra H Sedan; Astra H facelift,Hatchback; Sedan,H0; SD1,https://public-servicebox.opel.com/OVddb/OV/zh_CN/Astra_H/2010_2016/2012/manual_user/om_astra_2584_17_eu_my12_ed0811_9_zh_CN_online.pdf;https://www.auto-data.net/en/opel-astra-h-facelift-2007-1.3-cdti-ecotec-90hp-47452;https://www.auto-data.net/en/opel-astra-h-facelift-2007-1.6-ecotec-115hp-47448;https://www.auto-data.net/en/opel-astra-h-facelift-2007-1.7-cdti-ecotec-125hp-16954;https://www.auto-data.net/en/opel-astra-h-sedan-1.7-cdti-110hp-16952,pending,,2026-09-16T14:21:31+00:00
eb021d93c776cd8a0940,RU,Opel,Olympia,5,1935-1949; 1950-1953; 1967-1970,A; I; II,Convertible; Coupe; Sedan,SD0; SD1,https://auto.ru/catalog/cars/opel/olympia/;https://auto.ru/catalog/cars/opel/olympia/specifications/,pending,,2026-09-16T14:21:31+00:00
0d0f151e6878ea938d73,EU,Opel,Rekord a,5,1963-1965; 1964-1965,Rekord A,Coupe; Sedan,SD0; SD1,https://www.auto-motor-und-sport.de/marken-modelle/opel/rekord/a/technische-daten/;https://www.automobile-catalog.com/car/1963/2411585/opel_rekord_1700_4d_3gang.html;https://www.automobile-catalog.com/car/1964/2411555/opel_rekord_1700_2d_3gang.html,pending,,2026-09-16T14:21:31+00:00
eb6d19f5be16c2817dfa,EU,Opel,Rekord b,5,1965-1966; 1965-1967,Rekord B,Coupe; Sedan,SD0; SD1,https://www.adac.de/rund-ums-fahrzeug/autokatalog/marken-modelle/opel/rekord/b/345342/;https://www.adac.de/rund-ums-fahrzeug/autokatalog/marken-modelle/opel/rekord/b/345370/;https://www.automobile-catalog.com/car/1966/2411810/opel_rekord_1900_s_2d_4gang.html,pending,,2026-09-16T14:21:31+00:00
62a49cee5740a9c4f518,EU,Peugeot,508 ii,5,2018-2026; 2019-2026; 2020-2026; 2021-2026; 2023-2026,508 II; 508 II phase I; Peugeot 508 II,Fastback; Hatchback,H0; SD0,https://www.auto-data.net/en/peugeot-508-ii-phase-i-2018-1.6-puretech-180hp-automatic-32749;https://www.automobile-catalog.com/car/2023/3210740/peugeot_508_hybrid_180_phev.html;https://www.peugeot.it/gamma-modelli/nuova-508-peugeot-sport-engineered.html,pending,,2026-09-16T14:21:31+00:00
83b5ab311ca662c6813e,RU,Pontiac,Ventura,5,1960-1970; 1971-1977,I; II,Coupe; Liftback; Sedan,H0; SD0; SD1,https://auto.ru/catalog/cars/pontiac/ventura/;https://auto.ru/catalog/cars/pontiac/ventura/specifications/,pending,,2026-09-16T14:21:31+00:00
1557cfc4fd1aaf6df732,RU,Proton,Saga,5,1985-2008; 2008-2016; 2016-2025; 2025-2026,I; II; III; III Рестайлинг,Hatchback 5-door; Sedan,H0; SD1,https://auto.ru/catalog/cars/proton/saga/;https://auto.ru/catalog/cars/proton/saga/specifications/,pending,,2026-09-16T14:21:31+00:00
d4af271732a16bda61dc,EU;RU,Renault,Express,5,1986-1991; 2021-2026,Express II; I; II,MPV; Van,SU1; V0,https://auto.ru/catalog/cars/renault/express/;https://auto.ru/catalog/cars/renault/express/specifications/;https://cdn.group.renault.com/ren/ch/renault-new-cars/brochures/Renault_Express_Van_BR_f.pdf;https://cdn.group.renault.com/ren/ma/brochure/E-Brochure%20EXPRESS-V2-24.pdf.asset.pdf/1a9c2d3f1d.pdf,pending,,2026-09-16T14:21:31+00:00
5d0e01cea51d7c8a712b,EU;RU,Renault,Fuego,5,1980-1985; 1982-1985; 1983-1985,Fuego; Renault Fuego,Coupe; Hatchback 3-door,H0; SD0,https://auto.ru/catalog/cars/renault/fuego/;https://auto.ru/catalog/cars/renault/fuego/specifications/;https://theoriginals.renault.com/en/fuego-turbo;https://www.automobile-catalog.com/car/1982/2931965/renault_fuego_gtx.html;https://www.automobile-catalog.com/car/1984/49445/renault_fuego_turbo.html,pending,,2026-09-16T14:21:31+00:00
51f878a413d39e6c817b,EU;RU,Renault,Twizy,5,2011-2023; 2012-2026; 2020-2026,Twizy; Twizy I; Twizy Z.E.,Coupe; Hatchback; Quadricycle,H0; SD0,https://auto.ru/catalog/cars/renault/twizy/;https://auto.ru/catalog/cars/renault/twizy/specifications/;https://www.auto-data.net/en/renault-twizy-ze-6.1-kwh-17hp-43848;https://www.evspecs.org/tech-specs/renault/twizy/urban-80;https://www.press.renault.co.uk/assets/documents/original/14737-RenaultTwizyPressKit2018.pdf;https://www.renaultownersclub.com/wp-content/uploads/vehicles/Twizy.pdf,pending,,2026-09-16T14:21:31+00:00
8ca26454a7738b3e7383,RU,Roewe,i5,5,2017-2021; 2021-2023; 2024-2026,I; I Рестайлинг; I Рестайлинг 2,Sedan; Wagon 5-door,H2; SD1,https://auto.ru/catalog/cars/roewe/i5/;https://auto.ru/catalog/cars/roewe/i5/specifications/,pending,,2026-09-16T14:21:31+00:00
0acd6126b3616ee96462,EU,Streetscooter,Work l,5,2019-2022; 2020-2022,StreetScooter Work L; Work L I,Chassis Cab; Pickup; Van,P0; SU1,https://www.streetscooter.com/wp-content/uploads/2019/01/StreetScooter-Brochure-EN-Web.pdf;https://www.streetscooter.com/wp-content/uploads/2019/03/StreetScooter-Broschuere_Web_EN.pdf,pending,,2026-09-16T14:21:31+00:00
f4593d9dc8bfe6439168,EU;RU,Subaru,Levorg,5,2014-2020; 2015-2026; 2019-2026; 2020-2026,I; II; Levorg I; Levorg I (facelift),Wagon; Wagon 5-door,H2; SD1,https://auto.ru/catalog/cars/subaru/levorg/;https://auto.ru/catalog/cars/subaru/levorg/specifications/;https://www.auto-data.net/en/subaru-levorg-generation-4660;https://www.subaru.de/hubfs/Service%20und%20Zubeh%C3%B6r/Prospektarchiv/Levorg/Levorg_MJ2019_PTA.pdf?hsLang=de,pending,,2026-09-16T14:21:31+00:00
7fc083c3a49500d7f0c3,EU;RU,Subaru,Wrx,5,2014-2017; 2014-2026; 2016-2021; 2021-2026,I; I Рестайлинг; II; WRX I,Sedan; Wagon 5-door,H2; SD1,https://auto.ru/catalog/cars/subaru/wrx/;https://auto.ru/catalog/cars/subaru/wrx/specifications/;https://www.auto-data.net/en/subaru-wrx-sti-generation-4617,pending,,2026-09-16T14:21:31+00:00
9b7f8e62adf21d1bd574,EU,Suzuki,Sx4 s-Cross,5,2013-2022; 2016-2022; 2019-2022,I; SX4 S-Cross I; SX4 S-Cross I Facelift,Hatchback; SUV,H0; SU1,https://suzukiauto.mk/brochures/S-CROSSBROCHURE.pdf;https://www.auto-data.net/en/suzuki-sx4-s-cross-ii-facelift-2016-generation-5088;https://www.auto-data.net/en/suzuki-sx4-s-cross-ii-generation-4185;https://www.ultimatespecs.com/car-specs/Suzuki/66919/Suzuki-SX4-S-Cross-16-DDiS-GLX-EL-2WD.html,pending,,2026-09-16T14:21:31+00:00
a9e7e18c9057047cf394,EU;RU,Tata,Indigo,5,2002-2012; 2003-2010; 2003-2026; 2009-2016,I; II Manza,Sedan; Wagon; Wagon 5-door,H2; SD1,https://auto.ru/catalog/cars/tata/indigo/;https://auto.ru/catalog/cars/tata/indigo/specifications/;https://www.auto-data.net/en/tata-indigo-model-172,pending,,2026-09-16T14:21:31+00:00
fc940b714f41e70be8b1,RU,Toyota,bB,5,2000-2003; 2003-2005; 2005-2008; 2008-2016,I; I Рестайлинг; II; II Рестайлинг,MPV; Pickup,P0; V0,https://auto.ru/catalog/cars/toyota/bb/;https://auto.ru/catalog/cars/toyota/bb/specifications/,pending,,2026-09-16T14:21:31+00:00
22d7d430a74e0a66d637,EU;RU,Toyota,Isis,5,2004-2009; 2004-2014; 2009-2017,I; I Рестайлинг; Isis I,MPV,SU1; V0,https://auto.ru/catalog/cars/toyota/isis/;https://auto.ru/catalog/cars/toyota/isis/specifications/;https://gazoo.com/catalog/maker/TOYOTA/ISIS/200409/10030858/;https://gazoo.com/catalog/maker/TOYOTA/ISIS/200409/10057945/;https://gazoo.com/catalog/maker/TOYOTA/ISIS/200409/10065264/,pending,,2026-09-16T14:21:31+00:00
57fa3c7c43e3544fb9ab,EU;RU,Toyota,Picnic,5,1996-2000; 1996-2001; 1997-2001; 2000-2001; 2001-2009,I; II; Picnic I; XM10,MPV,SU1; V0,https://auto.ru/catalog/cars/toyota/picnic/;https://auto.ru/catalog/cars/toyota/picnic/specifications/;https://www.auto-data.net/en/toyota-picnic-xm1-generation-809;https://www.automobile-catalog.com/car/1996/3486080/toyota_picnic_2_0_automatic.html,pending,,2026-09-16T14:21:31+00:00
1fa0d5bd18659727fbba,EU;RU,Toyota,Scepter,5,1992-1996,Scepter XV10,Coupe; Sedan; Wagon 5-door,H2; SD0; SD1,https://auto.ru/catalog/cars/toyota/scepter_sedan/;https://auto.ru/catalog/cars/toyota/scepter_sedan/specifications/;https://gazoo.com/catalog/maker/TOYOTA/SCEPTER_SEDAN/199211/1001046/;https://gazoo.com/catalog/maker/TOYOTA/SCEPTER_SEDAN/199211/1006944/,pending,,2026-09-16T14:21:31+00:00
83776b95b26705d1d6e7,RU,Toyota,Sprinter Trueno,5,1983-1987; 1987-1991; 1991-1995; 1995-2000,IV (AE85/AE86); V (AE91/AE92); VI (AE100/AE101); VII (AE110/AE111),Coupe; Hatchback 3-door,H0; SD0,https://auto.ru/catalog/cars/toyota/sprinter_trueno/;https://auto.ru/catalog/cars/toyota/sprinter_trueno/specifications/,pending,,2026-09-16T14:21:31+00:00
11d1790bd0dc6403298d,EU;RU,Toyota,Wish,5,2003-2005; 2003-2009; 2005-2009; 2009-2012; 2012-2017,I; I Рестайлинг; II; II Рестайлинг; Wish I,MPV,SU1; V0,https://auto.ru/catalog/cars/toyota/wish/;https://auto.ru/catalog/cars/toyota/wish/specifications/;https://www.toyota-global.com/company/history_of_toyota/75years/vehicle_lineage/car/id60007858/index.html,pending,,2026-09-16T14:21:31+00:00
3c3c063eca0c6c736beb,EU;RU,Vauxhall,Chevette,5,1974-1985; 1975-1984; 1975-1985; 1976-1985,Chevette; Chevette Estate; I,Hatchback 3-door; Sedan; Wagon,H0; SD1,https://auto.ru/catalog/cars/vauxhall/chevette/;https://auto.ru/catalog/cars/vauxhall/chevette/specifications/;https://www.auto-data.net/en/vauxhall-chevette-estate-1.3-n-53hp-6063;https://www.auto-data.net/en/vauxhall-chevette-generation-1409,pending,,2026-09-16T14:21:31+00:00
4fd02be09c37deca610f,RU,Vauxhall,Velox,5,1948-1951; 1951-1957; 1957-1962; 1962-1965,I (LIP); II (EIP); III (PA); IV (PB),Sedan; Wagon 5-door,H2; SD1,https://auto.ru/catalog/cars/vauxhall/velox/;https://auto.ru/catalog/cars/vauxhall/velox/specifications/,pending,,2026-09-16T14:21:31+00:00
f06619a3b50263cdb73d,RU,Vauxhall,Viva,5,1963-1966; 1965-1971; 1970-1979,HA; HB; HC,Sedan; Wagon 3-door,H2; SD1,https://auto.ru/catalog/cars/vauxhall/viva/;https://auto.ru/catalog/cars/vauxhall/viva/specifications/,pending,,2026-09-16T14:21:31+00:00
ac7811ce65ca6db5b03c,RU,Volkswagen,Lamando,5,2014-2018; 2018-2022; 2022-2026; 2025-2026,I; I Рестайлинг; II; II Рестайлинг,Liftback; Sedan,H0; SD1,https://auto.ru/catalog/cars/volkswagen/lamando/;https://auto.ru/catalog/cars/volkswagen/lamando/specifications/,pending,,2026-09-16T14:21:31+00:00
eb5fc395947430ea31c9,RU,Volkswagen,Passat CC,5,2008-2012; 2011-2017; 2018-2020; 2020-2026,I; I Рестайлинг; II; II Рестайлинг,Liftback; Sedan; Wagon 5-door,H0; H2; SD1,https://auto.ru/catalog/cars/volkswagen/passat_cc/;https://auto.ru/catalog/cars/volkswagen/passat_cc/specifications/,pending,,2026-09-16T14:21:31+00:00
6716ad25346a86f0700a,RU,Volvo,XC70,5,2000-2004; 2004-2007; 2007-2013; 2013-2016; 2025-2026,I; I Рестайлинг; II; II Рестайлинг; III,SUV 5-door; Wagon 5-door,H2; SU1,https://auto.ru/catalog/cars/volvo/xc70/;https://auto.ru/catalog/cars/volvo/xc70/specifications/,pending,,2026-09-16T14:21:31+00:00
e09d832a7dd0d0c61179,EU,VW,Golf vii van,5,2012-2017; 2013-2014; 2013-2017; 2016-2020,Golf VII (A7); Golf VII Pre-Facelift,Hatchback; Van,H0; SU1,https://www.auto-data.net/en/volkswagen-golf-vii-5-door-facelift-2017-1.6-tdi-115hp-27633;https://www.volkswagen-newsroom.com/en/the-new-golf-das-auto-international-driving-presentation-2797/the-new-golf-overview-quick-facts-2854;https://www.volkswagen-newsroom.com/en/vehicle-data-golf-7-gti-profile-20033,pending,,2026-09-16T14:21:31+00:00
e96735443baae3b2d4e0,EU,VW,Id.7,5,2023-2026; 2024-2026; 2026-2026,ID.7 I,Fastback; Wagon,SD0; SD1,https://www.volkswagen-newsroom.com/en/the-new-id7-tourer-the-world-premiere-18150/exterior-design-and-dimensions-18153;https://www.volkswagen-newsroom.com/en/the-volkswagen-id7-17897/id7-body-dimensions-and-design-17898,pending,,2026-09-16T14:21:31+00:00
0e7e382ed7d5dcab08a4,EU,VW,Transporter t7,5,2024-2026; 2025-2026,T7,Pickup; Van,P0; SU1,https://www.volkswagen-nutzfahrzeuge.de/de/modelle/transporter-7sgh4f12.html/__ui/technische-daten/showroomNodeId/~~e-transporter-pritschenwagen/tenant/commercial.app;https://www.volkswagen-nutzfahrzeuge.de/de/modelle/transporter.html/__ui/technische-daten/showroomNodeId/~~transporter-pritschenwagen/tenant/commercial.app;https://www.volkswagen-vans.co.uk/idhub/content/dam/onehub_nfz/importers/gb/downloads/brochures/transporter-panel-van/transporter-brochure.pdf,pending,,2026-09-16T14:21:31+00:00
6d4cb7b4dac9ccb3d682,RU,Abarth,595,4,2012-2016; 2016-2024,I; I Рестайлинг,Convertible; Hatchback 3-door,H0; SD0,https://auto.ru/catalog/cars/abarth/595/;https://auto.ru/catalog/cars/abarth/595/specifications/,pending,,2026-09-16T14:21:31+00:00
2a7e50cf1cb935ef9657,RU,Abarth,695,4,2010-2017; 2016-2024,I; I Рестайлинг,Convertible; Hatchback 3-door,H0; SD0,https://auto.ru/catalog/cars/abarth/695/;https://auto.ru/catalog/cars/abarth/695/specifications/,pending,,2026-09-16T14:21:31+00:00
531d44a108cdb92cd5ae,RU,Acura,Legend,4,1986-1990; 1990-1996,I; II,Coupe; Sedan,SD0; SD1,https://auto.ru/catalog/cars/acura/legend/;https://auto.ru/catalog/cars/acura/legend/specifications/,pending,,2026-09-16T14:21:31+00:00
a572d41607fba09c64af,EU;RU,Alfa Romeo,1900,4,1950-1954; 1950-1959; 1954-1959,1900 Berlina; 1900 Berlina Super,Coupe; Sedan,SD0; SD1,https://auto.ru/catalog/cars/alfa_romeo/1900/;https://auto.ru/catalog/cars/alfa_romeo/1900/specifications/;https://www.automobile-catalog.com/car/1950/213620/alfa_romeo_1900_berlina_t.html;https://www.automobile-catalog.com/car/1955/33230/alfa_romeo_1900_berlina_super.html,pending,,2026-09-16T14:21:31+00:00
9ef5fa040423988b18b3,EU;RU,Alpina,D10,4,1999-2003; 2000-2003,D10 Bi-Turbo; D10 Bi-Turbo Touring; E39,Sedan; Wagon; Wagon 5-door,H2; SD1,https://auto.ru/catalog/cars/alpina/d10/;https://auto.ru/catalog/cars/alpina/d10/specifications/;https://www.automobile-catalog.com/car/2001/287735/alpina_d10_biturbo.html;https://www.automobile-catalog.com/car/2001/287765/alpina_d10_biturbo_touring.html,pending,,2026-09-16T14:21:31+00:00
dcda3ea812fc9f4d6d5b,EU;RU,AMC,Matador,4,1970-1974; 1974-1978,Matador I; Matador II,Coupe; Wagon,SD0; SD1,https://auto.ru/catalog/cars/amc/matador/;https://auto.ru/catalog/cars/amc/matador/specifications/;https://www.automobile-catalog.com/car/1972/158945/amc_matador_wagon_258.html;https://www.automobile-catalog.com/car/1973/72155/amc_matador_wagon_258.html;https://www.automobile-catalog.com/car/1974/71360/amc_matador_wagon_258_automatic.html,pending,,2026-09-16T14:21:31+00:00
d616289d6c67f8263123,RU,Audi,A7,4,2010-2014; 2014-2018; 2018-2026,I (4G); I (4G) Рестайлинг; II (4K),Liftback; Sedan,H0; SD1,https://auto.ru/catalog/cars/audi/a7/;https://auto.ru/catalog/cars/audi/a7/specifications/,pending,,2026-09-16T14:21:31+00:00
2d3766b9a4d76b4a6a4d,EU;RU,Bentley,Brooklands,4,1992-1997; 1992-1998; 2007-2011; 2008-2026,Brooklands I R; Brooklands II; I; II,Coupe; Sedan,SD0; SD1,https://auto.ru/catalog/cars/bentley/brooklands/;https://auto.ru/catalog/cars/bentley/brooklands/specifications/;https://www.automobile-catalog.com/car/1997/260795/bentley_brooklands_r.html;https://www.automobile-catalog.com/car/2010/1373480/bentley_brooklands.html,pending,,2026-09-16T14:21:31+00:00
7611569ed13eb61eb15c,EU;RU,BMW,315,4,1934-1937,BMW 315,Convertible; Roadster; Sedan,SD0; SD1,https://auto.ru/catalog/cars/bmw/315/;https://auto.ru/catalog/cars/bmw/315/specifications/;https://bmwhistoricmotorclub.co.uk/cars/bmw-315/;https://de.wikipedia.org/wiki/BMW_315;https://de.wikipedia.org/wiki/BMW_319;https://www.bmwgroup-classic.com/de/modelle/bmw-klassiker/product-description-page.ad-280-1.bmw-315-limousine.html;https://www.bmwgroup-classic.com/de/modelle/bmw-klassiker/product-description-page.ad-285-2.bmw-319-limousine.html;https://www.bmwgroup-classic.com/en/models/bmw-classics/product-description-page.ad-1549-1.bmw-315-convertible-2-seater-sports-convertible.html,pending,,2026-09-16T14:21:31+00:00
3088df78350e06b961fb,EU;RU,BMW,321,4,1937-1950; 1938-1941,BMW 321; I,Convertible; Sedan,SD0; SD1,https://auto.ru/catalog/cars/bmw/321/;https://auto.ru/catalog/cars/bmw/321/specifications/;https://en.wikipedia.org/wiki/BMW_321;https://www.bmwgroup-classic.com/en/models/bmw-classics/product-description-page.ad-299-2.bmw-321-sedan.html;https://www.bmwgroup-classic.com/en/models/bmw-classics/product-description-page.ad-300-2.bmw-321-convertible.html;https://www.conceptcarz.com/s28445/bmw-321.aspx,pending,,2026-09-16T14:21:31+00:00
cbc343e8219e3d24c0d8,EU,BMW,V8,4,1954-1958; 1958-1961; 1961-1964; 1962-1966,3200 CS; 501/502 V8; BMW 502,Coupe; Sedan,SD0; SD1,https://www.adac.de/rund-ums-fahrzeug/autokatalog/marken-modelle/bmw/501-502/1generation/346428/;https://www.automobile-catalog.com/car/1962/262295/bmw_3200_s.html;https://www.automobile-catalog.com/car/1963/1448840/bmw_3200_cs_2__serie.html;https://www.bmwgroup-classic.com/en/models/bmw-classics/product-description-page.ad-309-1.bmw-502-coupe.html;https://www.ultimatecarpage.com/spec/3660/BMW-502-Coupe.html,pending,,2026-09-16T14:21:31+00:00
8eb8b4f1adc9a44e5373,EU,Borgward,Isabella,4,1955-1961; 1957-1961,Isabella Series I; Isabella Series II,Coupe; Sedan,SD0; SD1,https://www.automobile-catalog.com/car/1955/289235/borgward_isabella_ts.html;https://www.automobile-catalog.com/car/1957/59255/borgward_isabella_coupe.html;https://www.automobile-catalog.com/car/1959/289325/borgward_isabella_ts_de_luxe.html;https://www.automobile-catalog.com/car/1960/289295/borgward_isabella_coupe.html,pending,,2026-09-16T14:21:31+00:00
f37b7c93b103c0825972,RU,Chevrolet,Cobalt,4,2004-2010; 2011-2016; 2020-2026,I; II; II Рестайлинг,Coupe; Sedan,SD0; SD1,https://auto.ru/catalog/cars/chevrolet/cobalt/;https://auto.ru/catalog/cars/chevrolet/cobalt/specifications/,pending,,2026-09-16T14:21:31+00:00
f77399ddeb802ca00639,RU,Chevrolet,Onix,4,2012-2019; 2016-2019; 2019-2026,I; I Рестайлинг; II,Hatchback 5-door; Sedan,H0; SD1,https://auto.ru/catalog/cars/chevrolet/onix/;https://auto.ru/catalog/cars/chevrolet/onix/specifications/,pending,,2026-09-16T14:21:31+00:00
c2f715b8c180cea0bf2d,EU,Chevrolet,Silverado 3500 hd extended cab pickup,4,2007-2010; 2010-2013,Silverado HD II,Pickup,DUAL; P0,https://www.auto-brochures.com/makes/Chevrolet/Silverado/Chevrolet_US%20SilveradoHD_2013.pdf;https://xr793.com/wp-content/uploads/2022/07/2010-Chevrolet-Silverado-CN.pdf,pending,,2026-09-16T14:21:31+00:00
993c3e330eef9a11d71c,EU,Chevrolet,Silverado 3500 hd standard cab pickup,4,2007-2010; 2010-2013,Silverado HD II,Pickup,DUAL; P0,https://www.auto-brochures.com/makes/Chevrolet/Silverado/Chevrolet_US%20SilveradoHD_2013.pdf;https://xr793.com/wp-content/uploads/2022/07/2010-Chevrolet-Silverado-CN.pdf,pending,,2026-09-16T14:21:31+00:00
8fb7eb995aa23423f6e1,RU,Chevrolet,Sonic,4,2011-2016; 2016-2020,I; I Рестайлинг,Hatchback 5-door; Sedan,H0; SD1,https://auto.ru/catalog/cars/chevrolet/sonic/;https://auto.ru/catalog/cars/chevrolet/sonic/specifications/,pending,,2026-09-16T14:21:31+00:00
217307232e27ac1d6b2c,EU;RU,Chrysler,Stratus,4,1994-2000; 1995-2001; 1996-2001,Stratus Cabrio; Stratus I,Convertible; Sedan,SD0; SD1,https://auto.ru/catalog/cars/chrysler/stratus/;https://auto.ru/catalog/cars/chrysler/stratus/specifications/;https://www.auto-data.net/en/chrysler-stratus-cabrio-jx-2.0-le-131hp-14718;https://www.auto-data.net/en/chrysler-stratus-model-1645;https://www.automoli.com/en/vehicles/chrysler/stratus/stratus-cabrio-jx-3235/,pending,,2026-09-16T14:21:31+00:00
da7e801fa0b4635849c1,RU,Citroen,C-Quatre,4,2008-2012; 2013-2016,I; II,Hatchback 5-door; Sedan,H0; SD1,https://auto.ru/catalog/cars/citroen/c_quatre/;https://auto.ru/catalog/cars/citroen/c_quatre/specifications/,pending,,2026-09-16T14:21:31+00:00
53e0c87c388ebfa25531,RU,Citroen,CX,4,1974-1985; 1985-1991,I; II,Hatchback 5-door; Wagon 5-door,H0; H2,https://auto.ru/catalog/cars/citroen/cx/;https://auto.ru/catalog/cars/citroen/cx/specifications/,pending,,2026-09-16T14:21:31+00:00
74ca6804c7996742991b,RU,Citroen,Xantia,4,1992-1998; 1998-2002,I; I Рестайлинг,Liftback; Wagon 5-door,H0; H2,https://auto.ru/catalog/cars/citroen/xantia/;https://auto.ru/catalog/cars/citroen/xantia/specifications/,pending,,2026-09-16T14:21:31+00:00
bc8313b169e23f950aa8,RU,Citroen,XM,4,1989-1994; 1994-2000,I; II,Liftback; Wagon 5-door,H0; H2,https://auto.ru/catalog/cars/citroen/xm/;https://auto.ru/catalog/cars/citroen/xm/specifications/,pending,,2026-09-16T14:21:31+00:00
8bf0d1217897c083eaa1,EU;RU,Dacia,1300,4,1969-1978; 1972-1983,Dacia 1300,Sedan; Wagon; Wagon 5-door,H2; SD1,https://auto.ru/catalog/cars/dacia/1300/;https://auto.ru/catalog/cars/dacia/1300/specifications/;https://de.wikipedia.org/wiki/Dacia_1300;https://www.automobile-catalog.com/car/1973/38690/dacia_1300_universal.html,pending,,2026-09-16T14:21:31+00:00
5f38439efcd2ebb6cd3e,EU;RU,Daewoo,Lacetti,4,2002-2004; 2002-2010; 2004-2026,Lacetti,Hatchback; Hatchback 5-door; Sedan,H0; SD1,https://auto.ru/catalog/cars/daewoo/lacetti/;https://auto.ru/catalog/cars/daewoo/lacetti/specifications/;https://www.auto-data.net/en/daewoo-lacetti-generation-3672,pending,,2026-09-16T14:21:31+00:00
66f148af3d02af97b9a6,EU;RU,Daewoo,Racer,4,1986-1997; 1995-1997,I; Racer,Hatchback; Hatchback 3-door; Hatchback 5-door; Sedan,H0; SD1,https://auto.ru/catalog/cars/daewoo/racer/;https://auto.ru/catalog/cars/daewoo/racer/specifications/;https://www.auto-data.net/en/daewoo-racer-hatchback-1.5-89hp-16375,pending,,2026-09-16T14:21:31+00:00
95040df5a66e5cc6020d,RU,Daihatsu,Fellow,4,1966-1970; 1970-1976,I; II (Max),Coupe; Sedan,SD0; SD1,https://auto.ru/catalog/cars/daihatsu/fellow/;https://auto.ru/catalog/cars/daihatsu/fellow/specifications/,pending,,2026-09-16T14:21:31+00:00
1cb7527e7f44a8ca29a2,EU;RU,Daihatsu,Gran move,4,1996-1998; 1996-2002; 1998-2002; 1998-2026,Gran Move; Gran Move I,MPV,SU1; V0,https://auto.ru/catalog/cars/daihatsu/gran_move/;https://auto.ru/catalog/cars/daihatsu/gran_move/specifications/;https://www.ultimatespecs.com/car-specs/Daihatsu/4839/Daihatsu-Grand-Move-16i.html,pending,,2026-09-16T14:21:31+00:00
24c8b02bf1ef3a224934,EU;RU,Daihatsu,Materia,4,2006-2013; 2006-2026,Materia I,Hatchback 5-door; MPV,H0; SU1,https://auto.ru/catalog/cars/daihatsu/materia/;https://auto.ru/catalog/cars/daihatsu/materia/specifications/;https://www.ademosthenous.com/documents/Daihatsu_Materia_Brochure.pdf;https://www.automobile-catalog.com/car/2007/581720/daihatsu_materia_1_3.html,pending,,2026-09-16T14:21:31+00:00
99edef8e1657ffd19f1c,EU;RU,Daihatsu,Yrv,4,2000-2002; 2001-2026; 2002-2005; 2002-2026,I; I Рестайлинг; YRV,MPV,SU1; V0,https://auto.ru/catalog/cars/daihatsu/yrv/;https://auto.ru/catalog/cars/daihatsu/yrv/specifications/;https://www.auto-data.net/en/daihatsu-yrv-1.3-i-16v-turbo-140hp-120,pending,,2026-09-16T14:21:31+00:00
50914209bcf193abc1b4,EU,Dfsk,K series,4,2011-2026; 2020-2026; 2021-2026,K-Series I; K-Series II; K-Series electric,Pickup; Van,P0; SU1,https://dfsk.motordeal.co.za/wp-content/uploads/2012/10/dfsk.pdf;https://www.autocasion.com/marcas/dfsk/serie-k-industrial/serie-k-pick-up-k01he-2-puertas-74118;https://www.dfsk-motor.com/truck/mini-truck/dfsk-k01-mini-truck-2-seater.html;https://www.dfsk.ma/ar/node/22,pending,,2026-09-16T14:21:31+00:00
7c0a8e4fa234d7657001,RU,DS,3,4,2015-2016; 2016-2019,I; I Рестайлинг,Convertible; Hatchback 3-door,H0; SD0,https://auto.ru/catalog/cars/ds/3/;https://auto.ru/catalog/cars/ds/3/specifications/,pending,,2026-09-16T14:21:31+00:00
4371777bb9b867ed5db0,RU,Eagle,Summit,4,1989-1996,,Coupe; Hatchback 3-door; MPV; Sedan,H0; SD0; SD1; V0,https://auto.ru/catalog/cars/eagle/summit/;https://auto.ru/catalog/cars/eagle/summit/specifications/,pending,,2026-09-16T14:21:31+00:00
e1c6db71e31db247f546,EU;RU,Fiat,Duna,4,1987-1991,Duna; Duna Weekend,Sedan; Wagon; Wagon 5-door,H2; SD1,https://auto.ru/catalog/cars/fiat/duna/;https://auto.ru/catalog/cars/fiat/duna/specifications/;https://www.automobile-catalog.com/car/1987/56270/fiat_duna_weekend_60.html;https://www.automobile-catalog.com/car/1987/56285/fiat_duna_70.html,pending,,2026-09-16T14:21:31+00:00
d3da6de3e11a65b8283d,EU;RU,Fiat,Sedici,4,2005-2014; 2006-2011; 2006-2014,Sedici; Sedici I,Hatchback 5-door; SUV,H0; SU1,https://auto.ru/catalog/cars/fiat/sedici/;https://auto.ru/catalog/cars/fiat/sedici/specifications/;https://www.media.stellantis.com/uploads/at/AT/Preislisten/FIAT/Preisliste_Sedici.pdf;https://www.media.stellantis.com/uploads/gr/GR/2014/FIAT/SPECIFICATIONS/Fiat-Sedici-Tech-Specs.pdf,pending,,2026-09-16T14:21:31+00:00
9910a4be2f9fd3bb1d68,RU,Ford,Anglia,4,1948-1953; 1959-1968,II E494A; IV 105E,Sedan; Van; Wagon 3-door,H2; SD1; V0,https://auto.ru/catalog/cars/ford/anglia/;https://auto.ru/catalog/cars/ford/anglia/specifications/,pending,,2026-09-16T14:21:31+00:00
9796af9434f45ba83ad4,EU;RU,Ford,Econovan,4,1979-1983; 1983-1996; 1986-1992,Econovan II; Econovan KAA; I; II,Bus; MPV; Van,SU1; V0,https://auto.ru/catalog/cars/ford/econovan/;https://auto.ru/catalog/cars/ford/econovan/specifications/;https://ford.drive.place/econovan/ii/group_minivan/722249;https://ia601208.us.archive.org/8/items/March1985FordEconovanBrochureAustralia/March_1985_Ford_Econovan_brochure_Australia.pdf,pending,,2026-09-16T14:21:31+00:00
8e5aafef8627d4da0be2,RU,Ford,Falcon,4,1960-1966; 1966-1972; 1972-1979,"I (XK, XL, XM, XP); II (XR, XT, XW, XY); III (XA, XB, XC)",Convertible; Sedan,SD0; SD1,https://auto.ru/catalog/cars/ford/falcon/;https://auto.ru/catalog/cars/ford/falcon/specifications/,pending,,2026-09-16T14:21:31+00:00
ee60ca6cb0e067fff0d7,EU,FSO,Polonez iii,4,1992-2002,Polonez III,Hatchback; Sedan,H0; SD1,https://www.automobile-catalog.com/car/1992/2737040/fso_polonez_caro_1_6_gli.html;https://www.automobile-catalog.com/car/1996/2737190/fso_polonez_atu_1_6_gli.html;https://www.automobile-catalog.com/car/1999/2737250/fso_polonez_caro_plus_1_6_gsi.html;https://www.automobile-catalog.com/car/1999/2737280/fso_polonez_atu_plus_1_6_gsi.html,pending,,2026-09-16T14:21:31+00:00
614a96eb9929eb1eb2cd,EU,GAZ,Gazelle,4,1993-2001; 2003-2013,GAZelle I; GAZelle I facelift,MPV; Pickup; Van,P0; SU1,https://gazavtomir.ru/info/teh/exploitation/gazel_umz/4/;https://www.26auto.ru/gaz/lmg/gmd04/gaz2705/;https://www.26auto.ru/gaz/lmg/gmd04/gaz3221/,pending,,2026-09-16T14:21:31+00:00
5171a5c292fae127bcac,RU,Geo,Metro,4,1989-1997,,Convertible; Hatchback 3-door; Hatchback 5-door; Sedan,H0; SD0; SD1,https://auto.ru/catalog/cars/geo/metro/;https://auto.ru/catalog/cars/geo/metro/specifications/,pending,,2026-09-16T14:21:31+00:00
62c598c51b81f35c477c,RU,Holden,Commodore,4,1990-1997; 1997-2002,II; III,Sedan; Wagon 5-door,H2; SD1,https://auto.ru/catalog/cars/holden/commodore/;https://auto.ru/catalog/cars/holden/commodore/specifications/,pending,,2026-09-16T14:21:31+00:00
e75a73ad4168ec712772,EU,Honda,Civic v,4,1991-1995; 1993-1995; 1994-1996,Civic V; Civic V Coupe,Coupe; Sedan,SD0; SD1,https://www.auto-data.net/en/honda-civic-v-1.5i-16v-90hp-12272;https://www.auto-data.net/en/honda-civic-v-coupe-generation-2633,pending,,2026-09-16T14:21:31+00:00
4e6c97245c0c196073fb,EU,Honda,Civic vi hatchback,4,1995-1996; 1995-2001; 1998-2000; 1998-2001,Civic VI; Civic VI Fastback,Fastback; Hatchback,H0; SD0,https://www.auto-data.net/en/honda-civic-model-1307;https://www.auto-data.net/en/honda-civic-vi-hatchback-generation-2630,pending,,2026-09-16T14:21:31+00:00
2cab35ff08567a79b85c,EU,Honda,Legend i,4,1986-1987; 1987-1988; 1987-1990; 1988-1990,Legend I,Coupe; Sedan,SD0; SD1,https://www.automobile-catalog.com/car/1986/1089455/honda_legend_2_5i.html;https://www.automobile-catalog.com/car/1988/1089665/honda_legend_coupe_2_7i_24v.html,pending,,2026-09-16T14:21:31+00:00
a83c39c8bd446e6932f1,RU,Honda,Quint,4,1980-1984; 1985-1989,I; II,Hatchback 3-door; Hatchback 5-door; Sedan,H0; SD1,https://auto.ru/catalog/cars/honda/quint/;https://auto.ru/catalog/cars/honda/quint/specifications/,pending,,2026-09-16T14:21:31+00:00
a1639ecbf737bc9d0b04,EU;RU,Hummer,H1,4,1992-2006; 2001-2003,H1 I,Pickup; SUV; SUV 5-door,P0; SU1,https://auto.ru/catalog/cars/hummer/h1/;https://auto.ru/catalog/cars/hummer/h1/specifications/;https://www.auto-data.net/en/hummer-h1-model-2237,pending,,2026-09-16T14:21:31+00:00
98accda4ea574f143b6a,EU,Hyundai,I10 ii,4,2013-2019; 2014-2019; 2015-2026; 2016-2016,i10 II; i10 II / Xcent; i10 II facelift,Hatchback; Sedan,H0; SD1,https://www.auto-data.net/en/hyundai-i10-ii-facelift-2016-1.0-lpg-69-67hp-29506;https://www.hyundai.com/content/dam/hyundai/in/en/data/build-a-car/download-e-broucher/XCENT_Sedan_brochure.pdf;https://www.hyundai.ie/assets/i10-brochure.pdf,pending,,2026-09-16T14:21:31+00:00
f0b0bf015d4b964c3b3a,RU,Hyundai,i40,4,2011-2015; 2015-2019,I; I Рестайлинг,Sedan; Wagon 5-door,H2; SD1,https://auto.ru/catalog/cars/hyundai/i40/;https://auto.ru/catalog/cars/hyundai/i40/specifications/,pending,,2026-09-16T14:21:31+00:00
01d6b0728b641e2743bc,RU,Jaguar,X-Type,4,2001-2008; 2008-2009,I; I Рестайлинг,Sedan; Wagon 5-door,H2; SD1,https://auto.ru/catalog/cars/jaguar/x_type/;https://auto.ru/catalog/cars/jaguar/x_type/specifications/,pending,,2026-09-16T14:21:31+00:00
9f8d0d992866638db9cf,EU;RU,KIA,Ev4,4,2025-2026,I,Hatchback; Hatchback 5-door; Sedan,H0; SD1,https://auto.ru/catalog/cars/kia/ev4/;https://auto.ru/catalog/cars/kia/ev4/specifications/;https://worldwide.kia.com/en/newsroom/view/?id=161186,pending,,2026-09-16T14:21:31+00:00
4e5c49f9fb2187b02ebf,EU;RU,KIA,K4,4,2024-2026; 2026-2026,I,Hatchback; Hatchback 5-door; Sedan; Wagon 5-door,H0; H2; SD1,https://auto.ru/catalog/cars/kia/k4/;https://auto.ru/catalog/cars/kia/k4/specifications/;https://www.kia.com/content/dam/kwcms/kme/hu/hu/assets/contents/utility/Brochure/specification/kia-k4-muszaki-adatok.pdf,pending,,2026-09-16T14:21:31+00:00
231a8bb189ea4d16dfcd,EU,KIA,Rio i,4,2000-2005; 2002-2005,I; I facelift 2002; Rio I facelift,Hatchback; Sedan,H0; SD1,https://www.auto-data.net/en/kia-rio-i-sedan-dc-facelift-2002-1.3i-82hp-2685;https://www.auto-data.net/en/kia-rio-model-282,pending,,2026-09-16T14:21:31+00:00
f897dd64cc7f71125854,EU,KIA,Rio iii,4,2011-2017; 2012-2017; 2014-2017,III,Hatchback; Sedan,H0; SD1,https://www.auto-data.net/en/kia-rio-model-282,pending,,2026-09-16T14:21:31+00:00
7547654d39bd11b0d2cd,EU,Land Rover,Freelander i soft top,4,1998-2006; 2000-2006,Freelander I; Freelander I facelift; Freelander I pre-facelift,Convertible; SUV,SD0; SU1,https://www.auto-data.net/en/land-rover-freelander-i-soft-top-generation-1208;https://www.automobile-catalog.com/car/2001/1401800/land_rover_freelander_1_8_s_softback.html;https://www.carfolio.com/land-rover-freelander-2.5-v6-softback-137731,pending,,2026-09-16T14:21:31+00:00
0357cabf687cc4d93939,EU;RU,Lexus,Lm,4,2019-2023; 2023-2026; 2026-2026,I; II; LM II,MPV,SU1; V0,https://auto.ru/catalog/cars/lexus/lm/;https://auto.ru/catalog/cars/lexus/lm/specifications/;https://newsroom.lexus.eu/all-new-lexus-lm-dpl-press-kit/,pending,,2026-09-16T14:21:31+00:00
8eb9df05a337ee25cffe,EU,Maxus,Deliver 9,4,2020-2026; 2022-2026,Deliver 9; I,Chassis Cab; Van,P0; SU1,https://bluesky-cogcms-prodb.cdn.imgeng.in/media/zucnonwm/902287-harris-maxus-deliver-9-a4-print-latest.pdf;https://www.maxus-automotive.es/storage/app/media/deliver_9.pdf;https://www.saicmaxus.co.uk/our-range/new-vans/deliver-9/,pending,,2026-09-16T14:21:31+00:00
e527063a55e2539280c2,EU,Maxus,Edeliver 3,4,2020-2026; 2022-2026; 2024-2026,I; eDeliver 3 (EV30),Chassis Cab; Van,P0; SU1,https://maxusdonegal.ie/wp-content/uploads/2023/04/MAXUS_eDELIVER3_SpecSheet_PDF_HM_25062021_012.pdf;https://www.maxus.si/EasyEdit/UserFiles/CatalogDocs/MAXUS_Brochure_eDELIVER3_wLQ6Za8V.pdf,pending,,2026-09-16T14:21:31+00:00
48d515b1489357e947bd,EU,Maxus,V80,4,2017-2026,EV80; I,Chassis Cab; MPV; Van,P0; SU1,https://maxus-motor.gr/images/brochures/MAXUS-EV80.pdf;https://maxuskw.com/wp-content/uploads/2021/05/Maxus-V80-Brochure.pdf,pending,,2026-09-16T14:21:31+00:00
ae6efed6c4bf31c6609f,EU,Mazda,626 i,4,1978-1980; 1978-1982; 1979-1982,626 I (CB early); 626 I (CB late); 626 I (CB),Coupe; Sedan,SD0; SD1,https://www.automobile-catalog.com/car/1979/1620980/mazda_626_coupe_1_6.html;https://www.automobile-catalog.com/car/1979/35270/mazda_626_1600.html;https://www.automobile-catalog.com/car/1981/1621070/mazda_626_2_0_gls_coupe.html,pending,,2026-09-16T14:21:31+00:00
c7a8e0d6d914f7400972,RU,Mazda,Luce,4,1977-1988; 1981-1986; 1986-1991,III; IV; V,Sedan; Wagon 5-door,H2; SD1,https://auto.ru/catalog/cars/mazda/luce/;https://auto.ru/catalog/cars/mazda/luce/specifications/,pending,,2026-09-16T14:21:31+00:00
a1abdbaea343c5cd96e1,RU,Mazda,Protege,4,1989-1994; 1994-1999; 1998-2004,I (BG); II (BH); III (BJ),Hatchback 5-door; Sedan,H0; SD1,https://auto.ru/catalog/cars/mazda/protege/;https://auto.ru/catalog/cars/mazda/protege/specifications/,pending,,2026-09-16T14:21:31+00:00
9a015e58a4c1297be660,RU,Mercedes-Benz,W123,4,1975-1986,,Coupe; Sedan; Wagon 5-door,H2; SD0; SD1,https://auto.ru/catalog/cars/mercedes/w123/;https://auto.ru/catalog/cars/mercedes/w123/specifications/,pending,,2026-09-16T14:21:31+00:00
9e4f1db378af83af6419,RU,Mercedes-Benz,W180,4,1954-1956; 1956-1959,I; II,Convertible; Coupe; Sedan,SD0; SD1,https://auto.ru/catalog/cars/mercedes/w180/;https://auto.ru/catalog/cars/mercedes/w180/specifications/,pending,,2026-09-16T14:21:31+00:00
c028c4e07b5f35374237,RU,Mercury,Topaz,4,1983-1987; 1987-1994,I; II,Coupe; Sedan,SD0; SD1,https://auto.ru/catalog/cars/mercury/topaz/;https://auto.ru/catalog/cars/mercury/topaz/specifications/,pending,,2026-09-16T14:21:31+00:00
51f1a7555acb33f0e50a,RU,MG,5,4,2013-2018; 2017-2026; 2020-2026; 2024-2026,I; I Рестайлинг; II; II Рестайлинг,Hatchback 5-door; Sedan,H0; SD1,https://auto.ru/catalog/cars/mg/5/;https://auto.ru/catalog/cars/mg/5/specifications/,pending,,2026-09-16T14:21:31+00:00
45ff27201644726d0564,RU,MG,6,4,2010-2017; 2017-2026; 2020-2026,I; II; II Рестайлинг,Liftback; Sedan,H0; SD1,https://auto.ru/catalog/cars/mg/6/;https://auto.ru/catalog/cars/mg/6/specifications/,pending,,2026-09-16T14:21:31+00:00
5ec7e58e0969012c2b50,RU,Mitsubishi,Diamante,4,1990-1997; 1995-2005,I; II,Sedan; Wagon 5-door,H2; SD1,https://auto.ru/catalog/cars/mitsubishi/diamante/;https://auto.ru/catalog/cars/mitsubishi/diamante/specifications/,pending,,2026-09-16T14:21:31+00:00
4bd404812feec17195d2,RU,Mitsubishi,Eterna,4,1983-1989; 1988-1992; 1992-1996,V; VI; VII,Hatchback 5-door; Sedan,H0; SD1,https://auto.ru/catalog/cars/mitsubishi/eterna/;https://auto.ru/catalog/cars/mitsubishi/eterna/specifications/,pending,,2026-09-16T14:21:31+00:00
f4ae31e2ad792f5f4955,EU;RU,Mitsubishi,Lancer cargo,4,2002-2008; 2003-2008; 2008-2017; 2017-2019,CS2V; Lancer VII; Y12; Y12 Рестайлинг,Van; Wagon 5-door,H2; SU1,https://auto.ru/catalog/cars/mitsubishi/lancer_cargo/;https://auto.ru/catalog/cars/mitsubishi/lancer_cargo/specifications/;https://www.automobile-catalog.com/car/2004/1995020/mitsubishi_lancer_wagon_1_6.html,pending,,2026-09-16T14:21:31+00:00
69f5e26120104322a5dd,EU;RU,Mitsubishi,Sigma,4,1990-1996; 1992-1996,Sigma I; Sigma Station Wagon,Sedan; Wagon; Wagon 5-door,H2; SD1,https://auto.ru/catalog/cars/mitsubishi/sigma/;https://auto.ru/catalog/cars/mitsubishi/sigma/specifications/;https://www.auto-data.net/en/mitsubishi-sigma-f16a-3.0-v6-177hp-15430;https://www.auto-data.net/en/mitsubishi-sigma-station-wagon-f07w-3.0-v6-177hp-automatic-24615,pending,,2026-09-16T14:21:31+00:00
099317a8382ff90bafb9,EU;RU,Mitsubishi,Starion,4,1982-1985; 1982-1990; 1985-1987; 1987-1990,Starion,Coupe; Hatchback 3-door,H0; SD0,https://auto.ru/catalog/cars/mitsubishi/starion/;https://auto.ru/catalog/cars/mitsubishi/starion/specifications/;https://www.automobile-catalog.com/car/1985/57185/mitsubishi_starion_turbo.html;https://www.automobile-catalog.com/car/1988/1929155/mitsubishi_starion_2600_turbo_cat.html,pending,,2026-09-16T14:21:31+00:00
10f1372873e5fe358ff7,RU,Mitsubishi,Toppo,4,1990-1998; 1998-2004; 2008-2013,I; II; III,Hatchback 3-door; Hatchback 5-door; MPV,H0; V0,https://auto.ru/catalog/cars/mitsubishi/toppo/;https://auto.ru/catalog/cars/mitsubishi/toppo/specifications/,pending,,2026-09-16T14:21:31+00:00
bb89667e6110e22b6171,RU,Mitsuoka,Galue,4,1998-2002; 1999-2004; 2005-2020,I; II; III,Convertible; Sedan,SD0; SD1,https://auto.ru/catalog/cars/mitsuoka/galue/;https://auto.ru/catalog/cars/mitsuoka/galue/specifications/,pending,,2026-09-16T14:21:31+00:00
b8de91519aa25e180969,EU,Nissan,Stanza,4,1981-1985; 1983-1985,Stanza T11,Hatchback; Sedan,H0; SD1,https://www.automobile-catalog.com/car/1982/2215220/nissan_stanza_1_8_3d.html;https://www.automobile-catalog.com/car/1982/2215280/nissan_stanza_1_8_5d_automatic.html;https://www.automobile-catalog.com/car/1984/2215400/nissan_stanza_1_8_sgl_4d.html;https://www.automobile-catalog.com/make/nissan/stanza_2gen_t11/stanza_t11_export_sedan/1983.html,pending,,2026-09-16T14:21:31+00:00
daf35f78e27ff9e57d6f,RU,Packard,One-Ten,4,1940-1941,,Convertible; Coupe; Sedan; Wagon 5-door,H2; SD0; SD1,https://auto.ru/catalog/cars/packard/one_ten/;https://auto.ru/catalog/cars/packard/one_ten/specifications/,pending,,2026-09-16T14:21:31+00:00
7d4721c3aed641d4be95,RU,Pontiac,Bonneville,4,1965-1970; 1987-1991; 1991-1999; 2000-2005,IV; IX; VIII; X,Convertible; Sedan,SD0; SD1,https://auto.ru/catalog/cars/pontiac/bonneville/;https://auto.ru/catalog/cars/pontiac/bonneville/specifications/,pending,,2026-09-16T14:21:31+00:00
24ba7bc23f1b0b42e271,RU,Pontiac,Wave,4,2004-2006; 2006-2009,T200; T250,Hatchback 5-door; Sedan,H0; SD1,https://auto.ru/catalog/cars/pontiac/wave/;https://auto.ru/catalog/cars/pontiac/wave/specifications/,pending,,2026-09-16T14:21:31+00:00
c42497f36cbe414bde1d,EU;RU,Renault,Dokker,4,2012-2021; 2013-2026,Dokker I; I,MPV; Van,SU1; V0,https://auto.ru/catalog/cars/renault/dokker/;https://auto.ru/catalog/cars/renault/dokker/specifications/;https://cdn.group.renault.com/dac/ma/brochure/brochure_dokker-van.pdf,pending,,2026-09-16T14:21:31+00:00
0b1e166ec9e3279c27c9,EU,Renault,Megane ii hatchback van,4,2003-2008; 2005-2008,Megane II; Megane II Phase II,Hatchback; Van,H0; SU1,https://www.auto-data.net/en/renault-megane-ii-1.5-dci-82hp-10531;https://www.auto-data.net/en/renault-megane-ii-coupe-phase-ii-2006-1.5-dci-86hp-30319;https://www.auto-data.net/en/renault-megane-ii-generation-2147;https://www.automobile-catalog.com/car/2004/2953670/renault_megane_1_5_dci_80.html,pending,,2026-09-16T14:21:31+00:00
8a3aa043c14b64be68e1,EU,Rolls-royce,Phantom vii,4,2003-2017; 2008-2017,Phantom VII; Phantom VII facelift 2012,Coupe; Sedan,SD0; SD1,https://www.auto-data.net/en/rolls-royce-phantom-coupe-facelift-2012-generation-4940;https://www.auto-data.net/en/rolls-royce-phantom-coupe-generation-2262;https://www.auto-data.net/en/rolls-royce-phantom-vii-facelift-2012-generation-4938;https://www.auto-data.net/en/rolls-royce-phantom-vii-generation-2266,pending,,2026-09-16T14:21:31+00:00
3aec75d774fab86b7773,EU,Rover,45 i,4,2000-2005; 2004-2005,45 (RT); Rover 45,Hatchback; Sedan,H0; SD1,https://www.auto-data.net/en/rover-45-hatchback-rt-1.4-i-16v-103hp-11512;https://www.auto-data.net/en/rover-45-hatchback-rt-2.0-td-113hp-11517;https://www.auto-data.net/en/rover-45-rt-1.4-i-16v-103hp-11506;https://www.auto-data.net/en/rover-45-rt-2.0-td-113hp-11511,pending,,2026-09-16T14:21:31+00:00
b794efc5501ddb7b1b3c,RU,Simca,1300/1500,4,1963-1966; 1966-1976,1300/1500; 1301/1501,Sedan; Wagon 5-door,H2; SD1,https://auto.ru/catalog/cars/simca/1300_1500/;https://auto.ru/catalog/cars/simca/1300_1500/specifications/,pending,,2026-09-16T14:21:31+00:00
cc4eb6b6929dabbd225b,RU,Skoda,1200,4,1952-1973,I,Sedan; Wagon 3-door; Wagon 5-door,H2; SD1,https://auto.ru/catalog/cars/skoda/1200/;https://auto.ru/catalog/cars/skoda/1200/specifications/,pending,,2026-09-16T14:21:31+00:00
2327abe7bf2ca7f0d888,RU,Skoda,Fabia RS,4,2003-2004; 2003-2006; 2010-2014,I; I Рестайлинг; II,Hatchback 5-door; Wagon 5-door,H0; H2,https://auto.ru/catalog/cars/skoda/fabia_rs/;https://auto.ru/catalog/cars/skoda/fabia_rs/specifications/,pending,,2026-09-16T14:21:31+00:00
2acd3d4d4c582d32e2c4,EU;RU,Steyr,Haflinger,4,1959-1961; 1959-1974; 1961-1966; 1966-1974,Haflinger I,Convertible; SUV,SD0; SU1,https://auto.ru/catalog/cars/steyr/haflinger/;https://auto.ru/catalog/cars/steyr/haflinger/specifications/;https://www.automobile-catalog.com/car/1968/3170045/steyr-puch_haflinger_700_ap.html,pending,,2026-09-16T14:21:31+00:00
06c8f330cc0dfcf828d9,RU,Toyota,Century,4,1982-1997; 1997-2017; 2018-2026; 2023-2026,I (G40); II (G50); III (G60); IV (G70),SUV 5-door; Sedan,SD1; SU1,https://auto.ru/catalog/cars/toyota/century/;https://auto.ru/catalog/cars/toyota/century/specifications/,pending,,2026-09-16T14:21:31+00:00
e592589c2d654ae14eec,RU,Toyota,Echo,4,1999-2005,,Coupe; Hatchback 3-door; Hatchback 5-door; Sedan,H0; SD0; SD1,https://auto.ru/catalog/cars/toyota/echo/;https://auto.ru/catalog/cars/toyota/echo/specifications/,pending,,2026-09-16T14:21:31+00:00
49a54c4e7c1c2c4ce5c7,RU,Toyota,Etios,4,2010-2016; 2016-2021,I; I Рестайлинг,Hatchback 5-door; Sedan,H0; SD1,https://auto.ru/catalog/cars/toyota/etios/;https://auto.ru/catalog/cars/toyota/etios/specifications/,pending,,2026-09-16T14:21:31+00:00
f7ba78bed93a424161a0,EU;RU,Toyota,Model f,4,1982-1984; 1982-1992; 1984-1988; 1988-1990,Model F (R20),MPV,SU1; V0,https://auto.ru/catalog/cars/toyota/model_f/;https://auto.ru/catalog/cars/toyota/model_f/specifications/;https://www.automobile-catalog.com/car/1984/31130/toyota_f_1_8.html;https://www.automobile-catalog.com/car/1985/56135/toyota_f_2_0.html,pending,,2026-09-16T14:21:31+00:00
4d02ed8f84b44ce16a79,RU,Volkswagen,Type 3,4,1961-1973,I,Convertible; Fastback; Sedan; Wagon 3-door,H0; H2; SD0; SD1,https://auto.ru/catalog/cars/volkswagen/type_3/;https://auto.ru/catalog/cars/volkswagen/type_3/specifications/,pending,,2026-09-16T14:21:31+00:00
d8695585ba02307593c9,EU;RU,Volvo,66,4,1975-1978; 1975-1979,66; Volvo 66,Sedan; Wagon; Wagon 3-door,H2; SD1,https://auto.ru/catalog/cars/volvo/66/;https://auto.ru/catalog/cars/volvo/66/specifications/;https://www.auto-data.net/en/volvo-66-model-925;https://www.volvocars.com/sg/cars/legacy-models/66/,pending,,2026-09-16T14:21:31+00:00
ecb879236f82296e8345,EU;RU,Volvo,780,4,1986-1987; 1986-1990; 1986-1991; 1987-1990,780,Coupe; Sedan,SD0; SD1,https://auto.ru/catalog/cars/volvo/780/;https://auto.ru/catalog/cars/volvo/780/specifications/;https://www.volvocars.com/en-vn/cars/legacy-models/780/;https://www.volvoclub.org.uk/780specs.shtml,pending,,2026-09-16T14:21:31+00:00
0d62783279676d4a5378,EU,Volvo,P 1800,4,1962-1970; 1966-1968; 1969-1973,1800E; 1800S; Volvo 1800 ES; Volvo P1800,Coupe; Wagon,SD0; SD1,https://bin.yhdistysavain.fi/1597125/T30HEdKdWxnnunNQ6Ld60cPtag/P1800ES-Brochure-1971.pdf;https://www.auto-data.net/en/volvo-1800-model-2899,pending,,2026-09-16T14:21:31+00:00
eb3dd90aee0958d02fb0,EU;RU,Zastava,Yugo,4,1981-1995; 1990-2008; 1991-1995,Zastava Yugo EFI,Convertible; Hatchback; Hatchback 3-door,H0; SD0,https://auto.ru/catalog/cars/zastava/yugo/;https://auto.ru/catalog/cars/zastava/yugo/specifications/;https://www.auto-data.net/en/zastava-yugo-generation-2473;https://www.ultimatespecs.com/car-specs/Yugo/5464/Yugo-Yugo-65A-EFi.html,pending,,2026-09-16T14:21:31+00:00
dd8e77be0e7ad42e6bed,RU,ГАЗ,24 'Волга',4,1968-1987; 1985-1992,I (24); II (2410),Sedan; Wagon 5-door,H2; SD1,https://auto.ru/catalog/cars/gaz/24/;https://auto.ru/catalog/cars/gaz/24/specifications/,pending,,2026-09-16T14:21:31+00:00
7235258d62a6c66de20c,RU,Иж,2715,4,1972-1982; 1982-2001,I; I Рестайлинг,Pickup; Van,P0; V0,https://auto.ru/catalog/cars/ig/2715/;https://auto.ru/catalog/cars/ig/2715/specifications/,pending,,2026-09-16T14:21:31+00:00
707a72b0e8d7f5cc5061,RU,Acura,TSX,3,2003-2008; 2008-2014,I; II,Sedan; Wagon 5-door,H2; SD1,https://auto.ru/catalog/cars/acura/tsx/;https://auto.ru/catalog/cars/acura/tsx/specifications/,pending,,2026-09-16T14:21:31+00:00
cf0095f1f2b6abdfc708,EU;RU,Aixam,500,3,1996-2007; 1997-2004; 2000-2004,500-4 / Evolution; MAC 500,Convertible; Hatchback; Hatchback 3-door,H0; SD0,https://auta5p.eu/lang/en/katalog/auto.php?idf=Aixam-500-4-263;https://auto.ru/catalog/cars/aixam/500/;https://auto.ru/catalog/cars/aixam/500/specifications/;https://typenscheine.ch/de/Info/6AA706-AIXAMMac500,pending,,2026-09-16T14:21:31+00:00
581d3aa45282a77457ef,EU,Aixam,Mega,3,2007-2011; 2007-2026; 2024-2026,E-Scouty; Mega Multitruck 400; Mega Multitruck NE,Chassis Cab; Hatchback,H0; P0,https://v2.motoro.ch/en/fiche-technique/mega/multitruck-400;https://v2.motoro.ch/en/fiche-technique/mega/multitruck-ne;https://www.aixam.com/force_dl.php?fichier=ressources%2Fgammes%2Faixam_mega_escouty_ft_2025_web.pdf,pending,,2026-09-16T14:21:31+00:00
3b63f84a82d4afda3965,RU,Alfa Romeo,105/115,3,1965-1977,,Coupe; Sedan,SD0; SD1,https://auto.ru/catalog/cars/alfa_romeo/105_115/;https://auto.ru/catalog/cars/alfa_romeo/105_115/specifications/,pending,,2026-09-16T14:21:31+00:00
e8df8b34ba780412602f,RU,Alfa Romeo,2600,3,1962-1968,I,Convertible; Coupe; Sedan,SD0; SD1,https://auto.ru/catalog/cars/alfa_romeo/2600/;https://auto.ru/catalog/cars/alfa_romeo/2600/specifications/,pending,,2026-09-16T14:21:31+00:00
6df09559d08a16fe593c,EU;RU,Alpina,B9,3,1981-1985; 1982-1985,B9 3.5; B9 3.5 Coupé/1,Coupe; Sedan,SD0; SD1,https://auto.ru/catalog/cars/alpina/b9/;https://auto.ru/catalog/cars/alpina/b9/specifications/;https://www.ultimatespecs.com/car-specs/Alpina/119627/Alpina-E28-5-Series-B7-Turbo-1-300HP.html;https://www.ultimatespecs.com/car-specs/Alpina/123622/Alpina-E24-1-6-Series-B7-Turbo-Coupe.html,pending,,2026-09-16T14:21:31+00:00
6b270e0252a853154581,EU;RU,ARO,10,3,1984-1999; 1984-2006,ARO 10.1,Convertible; SUV; SUV 3-door,SD0; SU1,https://auto.ru/catalog/cars/aro/10/;https://auto.ru/catalog/cars/aro/10/specifications/;https://www.automobile-catalog.com/car/1989/1763270/aro_10_1_1_4.html,pending,,2026-09-16T14:21:31+00:00
8ea0c09b34951b1c6cd6,RU,Audi,A6 e-tron,3,2024-2026,,Liftback; Sedan; Wagon 5-door,H0; H2; SD1,https://auto.ru/catalog/cars/audi/a6_e_tron/;https://auto.ru/catalog/cars/audi/a6_e_tron/specifications/,pending,,2026-09-16T14:21:31+00:00
539fe14d6ec21e82ae88,RU,Audi,S2,3,1990-1995,I,Hatchback 3-door; Sedan; Wagon 5-door,H0; H2; SD1,https://auto.ru/catalog/cars/audi/s2/;https://auto.ru/catalog/cars/audi/s2/specifications/,pending,,2026-09-16T14:21:31+00:00
32cfa9e4e1afbc67fcdc,EU,Auto Union,Dkw f12,3,1962-1965; 1963-1965; 1965-1966,DKW F12,Convertible; Sedan,SD0; SD1,https://www.automobile-catalog.com/car/1963/588155/dkw_f_12.html;https://www.automobile-catalog.com/car/1964/588170/dkw_f_12_roadster.html,pending,,2026-09-16T14:21:31+00:00
a9efb3db36afc6a0f7c5,RU,Baojun,310,3,2016-2021; 2018-2021,I; I Рестайлинг,Hatchback 5-door; Wagon 5-door,H0; H2,https://auto.ru/catalog/cars/baojun/310/;https://auto.ru/catalog/cars/baojun/310/specifications/,pending,,2026-09-16T14:21:31+00:00
a8dcf5b772e68c7ce299,RU,Bentley,R Type,3,1952-1955,,Convertible; Coupe; Sedan,SD0; SD1,https://auto.ru/catalog/cars/bentley/r_type/;https://auto.ru/catalog/cars/bentley/r_type/specifications/,pending,,2026-09-16T14:21:31+00:00
2395b456bb54c8f7cb7f,RU,BMW,02 (E10),3,1966-1977,I,Convertible; Hatchback 3-door; Sedan,H0; SD0; SD1,https://auto.ru/catalog/cars/bmw/02/;https://auto.ru/catalog/cars/bmw/02/specifications/,pending,,2026-09-16T14:21:31+00:00
b44df6b78e89ccf7c1c8,RU,BMW,3-15,3,1927-1929; 1929-1931; 1931-1932,DA-1; DA-2; DA-4,Convertible; Sedan,SD0; SD1,,pending,,2026-09-16T14:21:31+00:00
14211eeacff2fc383d71,EU;RU,BMW,326,3,1936-1941; 1936-1946,BMW 326; I,Convertible; Sedan,SD0; SD1,https://auto.ru/catalog/cars/bmw/326/;https://auto.ru/catalog/cars/bmw/326/specifications/;https://www.bmwgroup-classic.com/de/modelle/bmw-klassiker/product-description-page.ad-289-2.bmw-326-limousine.html;https://www.bmwgroup-classic.com/en/models/bmw-classics/product-description-page.ad-1551-1.bmw-326-convertible-2-door.html;https://www.bmwhistoricmotorclub.co.uk/cars/bmw-326/,pending,,2026-09-16T14:21:31+00:00
f97e880ef2968363d658,RU,BMW,i5,3,2023-2026,,Sedan; Wagon 5-door,H2; SD1,https://auto.ru/catalog/cars/bmw/i5/;https://auto.ru/catalog/cars/bmw/i5/specifications/,pending,,2026-09-16T14:21:31+00:00
119c7cd48030a8bf6926,RU,Brilliance,M2 (BS4),3,2006-2010; 2010-2012,I; I Рестайлинг,Sedan; Wagon 5-door,H2; SD1,https://auto.ru/catalog/cars/brilliance/m2_bs4/;https://auto.ru/catalog/cars/brilliance/m2_bs4/specifications/,pending,,2026-09-16T14:21:31+00:00
c4ca813689e17b529be6,RU,BYD,Seal 06,3,2024-2026,,Sedan; Wagon 5-door,H2; SD1,https://auto.ru/catalog/cars/byd/seal_06/;https://auto.ru/catalog/cars/byd/seal_06/specifications/,pending,,2026-09-16T14:21:31+00:00
9483f26c9a85da25c2bc,RU,Chevrolet,Bolt,3,2016-2021; 2021-2023; 2026-2026,I; I Рестайлинг; II,Hatchback 5-door; SUV 5-door,H0; SU1,https://auto.ru/catalog/cars/chevrolet/bolt/;https://auto.ru/catalog/cars/chevrolet/bolt/specifications/,pending,,2026-09-16T14:21:31+00:00
b27a7d7b0b5bc9b61196,RU,Chevrolet,Kalos,3,2003-2008,,Hatchback 3-door; Hatchback 5-door; Sedan,H0; SD1,https://auto.ru/catalog/cars/chevrolet/kalos/;https://auto.ru/catalog/cars/chevrolet/kalos/specifications/,pending,,2026-09-16T14:21:31+00:00
6cbc73029ab860e6f568,RU,Chevrolet,Omega,3,1992-1998; 1998-2007,A; B,Sedan; Wagon 5-door,H2; SD1,https://auto.ru/catalog/cars/chevrolet/omega/;https://auto.ru/catalog/cars/chevrolet/omega/specifications/,pending,,2026-09-16T14:21:31+00:00
45422db22c57b518bcac,EU;RU,Chevrolet,Zafira,3,2001-2012,Zafira A; Zafira A facelift,MPV,SU1; V0,https://auto.ru/catalog/cars/chevrolet/zafira/;https://auto.ru/catalog/cars/chevrolet/zafira/specifications/;https://www.automobile-catalog.com/car/2001/492035/chevrolet_zafira_2_0_16v.html;https://www.automobile-catalog.com/car/2005/492545/chevrolet_zafira_elegance_2_0_flexpower_gasolina.html;https://www.automobile-catalog.com/car/2012/1208105/chevrolet_zafira_elegance_2_0_flexpower_gasolina.html,pending,,2026-09-16T14:21:31+00:00
79753dcb78d492570af4,RU,Chrysler,200,3,2010-2014; 2014-2017,I; II,Convertible; Sedan,SD0; SD1,https://auto.ru/catalog/cars/chrysler/200/;https://auto.ru/catalog/cars/chrysler/200/specifications/,pending,,2026-09-16T14:21:31+00:00
d3874275295b36542980,EU;RU,Chrysler,Daytona,3,1986-1990; 1986-1993; 1989-1992,Daytona; Daytona Shelby,Coupe; Hatchback 3-door,H0; SD0,https://auto.ru/catalog/cars/chrysler/daytona/;https://auto.ru/catalog/cars/chrysler/daytona/specifications/;https://www.auto-data.net/en/chrysler-daytona-shelby-2.2-i-turbo-177hp-14698;https://www.auto-data.net/en/chrysler-daytona-shelby-model-1642,pending,,2026-09-16T14:21:31+00:00
5a766b8586d94317c7e3,RU,Chrysler,Six,3,1924-1935,,Convertible; Roadster; Sedan,SD0; SD1,https://auto.ru/catalog/cars/chrysler/six/;https://auto.ru/catalog/cars/chrysler/six/specifications/,pending,,2026-09-16T14:21:31+00:00
a1b37097031071b5e168,RU,Citroen,DS3,3,2009-2014; 2014-2015,I; I Рестайлинг,Convertible; Hatchback 3-door,H0; SD0,https://auto.ru/catalog/cars/citroen/ds3/;https://auto.ru/catalog/cars/citroen/ds3/specifications/,pending,,2026-09-16T14:21:31+00:00
e095220c9a1e4511304c,RU,Citroen,Traction Avant,3,1934-1957,,Convertible; Sedan; Wagon 5-door,H2; SD0; SD1,https://auto.ru/catalog/cars/citroen/traction_avant/;https://auto.ru/catalog/cars/citroen/traction_avant/specifications/,pending,,2026-09-16T14:21:31+00:00
03cb6582855896eb56c0,RU,Citroen,Xsara,3,1997-2006,,Hatchback 3-door; Hatchback 5-door; Wagon 5-door,H0; H2,https://auto.ru/catalog/cars/citroen/xsara/;https://auto.ru/catalog/cars/citroen/xsara/specifications/,pending,,2026-09-16T14:21:31+00:00
b35b2170689c97db159b,RU,Citroen,ZX,3,1991-1998,,Hatchback 3-door; Hatchback 5-door; Wagon 5-door,H0; H2,https://auto.ru/catalog/cars/citroen/zx/;https://auto.ru/catalog/cars/citroen/zx/specifications/,pending,,2026-09-16T14:21:31+00:00
a8c74e789aac0909ff9b,EU;RU,Dacia,Solenza,3,2003-2005; 2003-2026,Solenza,Liftback; Sedan,H0; SD1,https://auto.ru/catalog/cars/dacia/solenza/;https://auto.ru/catalog/cars/dacia/solenza/specifications/;https://www.auto-data.net/en/dacia-solenza-1.4-i-75hp-15895,pending,,2026-09-16T14:21:31+00:00
b420b3a129cd01c87474,RU,Daewoo,Gentra,3,2005-2011; 2013-2015,I; II,Hatchback 5-door; Sedan,H0; SD1,https://auto.ru/catalog/cars/daewoo/gentra/;https://auto.ru/catalog/cars/daewoo/gentra/specifications/,pending,,2026-09-16T14:21:31+00:00
fa8e608964afb7fed0ab,RU,Daihatsu,Opti,3,1992-1998; 1998-2002,I; II,Hatchback 3-door; Hatchback 5-door; Sedan,H0; SD1,https://auto.ru/catalog/cars/daihatsu/opti/;https://auto.ru/catalog/cars/daihatsu/opti/specifications/,pending,,2026-09-16T14:21:31+00:00
dc20105f725aafd8634d,RU,Datsun,Laurel,3,1977-1981; 1980-1984,III; IV (C21),Coupe; Sedan,SD0; SD1,https://auto.ru/catalog/cars/datsun/laurel/;https://auto.ru/catalog/cars/datsun/laurel/specifications/,pending,,2026-09-16T14:21:31+00:00
13e984db2e66a57b6342,RU,DeSoto,Deluxe,3,1946-1952,,Coupe; Sedan,SD0; SD1,https://auto.ru/catalog/cars/desoto/deluxe/;https://auto.ru/catalog/cars/desoto/deluxe/specifications/,pending,,2026-09-16T14:21:31+00:00
6162071465ea0b7ea0a5,RU,DeSoto,Fireflite,3,1955-1960,,Convertible; Coupe; Sedan,SD0; SD1,https://auto.ru/catalog/cars/desoto/fireflite/;https://auto.ru/catalog/cars/desoto/fireflite/specifications/,pending,,2026-09-16T14:21:31+00:00
0d18671210c801bd0cc2,EU,Dfsk,V,3,2011-2026,V-Series,Pickup; Van,P0; SU1,https://rim3.ru/comauto/catalog/dongfeng/,pending,,2026-09-16T14:21:31+00:00
1e64d1ac9615bff89211,RU,Dodge,Dart,3,1967-1969; 1973-1976; 2012-2016,IV; IV Рестайлинг 2; PF,Coupe; Sedan,SD0; SD1,https://auto.ru/catalog/cars/dodge/dart/;https://auto.ru/catalog/cars/dodge/dart/specifications/,pending,,2026-09-16T14:21:31+00:00
6e22d4a45fb10ec926f1,RU,Dodge,Diplomat,3,1977-1989,I,Coupe; Sedan; Wagon 5-door,H2; SD0; SD1,https://auto.ru/catalog/cars/dodge/diplomat/;https://auto.ru/catalog/cars/dodge/diplomat/specifications/,pending,,2026-09-16T14:21:31+00:00
37f4c94bfbe91b0364ee,RU,Dodge,Magnum,3,1977-1979; 2003-2007; 2007-2008,I; II; II Рестайлинг,Coupe; Wagon 5-door,H2; SD0,https://auto.ru/catalog/cars/dodge/magnum/;https://auto.ru/catalog/cars/dodge/magnum/specifications/,pending,,2026-09-16T14:21:31+00:00
7a439daaeaa55f3abc58,RU,Dongfeng,Rich,3,2007-2009; 2014-2018,I; II,Pickup; SUV 5-door,P0; SU1,https://auto.ru/catalog/cars/dongfeng/rich/;https://auto.ru/catalog/cars/dongfeng/rich/specifications/,pending,,2026-09-16T14:21:31+00:00
3f60cb1b800d046a82f5,RU,Doninvest,Assol,3,1998-2002,,Hatchback 3-door; Hatchback 5-door; Sedan,H0; SD1,https://auto.ru/catalog/cars/doninvest/assol/;https://auto.ru/catalog/cars/doninvest/assol/specifications/,pending,,2026-09-16T14:21:31+00:00
a3631b0bba26602de55f,RU,Excalibur,Series V,3,1985-1997,,Phaeton; Roadster; Sedan,SD0; SD1,https://auto.ru/catalog/cars/excalibur/series_v/;https://auto.ru/catalog/cars/excalibur/series_v/specifications/,pending,,2026-09-16T14:21:31+00:00
d894bd0a1e6c7305d2b1,EU;RU,Fiat,238,3,1966-1976; 1966-1982; 1967-1982,I,MPV,SU1; V0,https://auto.ru/catalog/cars/fiat/238/;https://auto.ru/catalog/cars/fiat/238/specifications/;https://fiat.drive.place/238/i/group_minivan/380686,pending,,2026-09-16T14:21:31+00:00
bedfeb7c711ba6ca105a,EU,Fiat,500e,3,2020-2026; 2022-2026,500 (332); 500e I; 500e I Cabrio,Convertible; Hatchback,H0; SD0,https://www.auto-data.net/en/fiat-500e-332-42-kwh-118hp-42059;https://www.fiat.co.uk/models/fiat-500-electric/technical-data,pending,,2026-09-16T14:21:31+00:00
96712775565961b85f0a,EU,Ford,Escort vi express,3,1995-2000; 1995-2001,Escort VI (Mk VI); Escort VI Express,Van; Wagon,SD1; SU1,https://www.automobile-catalog.com/car/1995/951935/ford_escort_turnier_1_6i_16v_glx_lx.html;https://www.ikz.de/ikz-archiv/1997/22/9722052.php,pending,,2026-09-16T14:21:31+00:00
e818162ce0685a68392d,EU;RU,Geely,Mr,3,2003-2009; 2005-2026,MR I,Hatchback; Hatchback 5-door; Sedan,H0; SD1,https://auto.ru/catalog/cars/geely/mr/;https://auto.ru/catalog/cars/geely/mr/specifications/;https://en.17vin.com/model/ixi6x.html,pending,,2026-09-16T14:21:31+00:00
15ff7d0d433b419fb297,EU,Giotti Victoria,Gladiator top,3,2020-2026; 2022-2026,Gladiator Top; Gladiator Top Electric,Chassis Cab; Van,P0; SU1,https://asset.moto.it/pricelist/auto/04cda2d87ec0693af0103329ca4349e2/brochure-2020.pdf;https://irp.cdn-website.com/ec5ac99a/files/uploaded/Depliant_Giotti_Victoria.pdf,pending,,2026-09-16T14:21:31+00:00
f354801c10bd27c70912,RU,Holden,Astra,3,1999-2004,IV (TS),Convertible; Hatchback 5-door; Sedan,H0; SD0; SD1,https://auto.ru/catalog/cars/holden/astra/;https://auto.ru/catalog/cars/holden/astra/specifications/,pending,,2026-09-16T14:21:31+00:00
7e2e7df1422dda0b9641,EU,Honda,Accord iv,3,1990-1991; 1990-1993; 1992-1993,Accord IV; Accord IV Coupe,Coupe; Sedan,SD0; SD1,https://www.auto-data.net/en/honda-accord-iv-coupe-cc1-2.2-i-16v-150hp-12083;https://www.automobile-catalog.com/car/1990/1104860/honda_accord_1_8.html,pending,,2026-09-16T14:21:31+00:00
33493375c33ee69828c0,RU,Honda,Ballade,3,1980-1983; 1983-1987,I; II,Hatchback 3-door; Sedan,H0; SD1,https://auto.ru/catalog/cars/honda/ballade/;https://auto.ru/catalog/cars/honda/ballade/specifications/,pending,,2026-09-16T14:21:31+00:00
8a6011b4ab5cad69febe,EU,Honda,Civic xi,3,2021-2026; 2022-2026,Civic XI; Civic XI Sedan; Civic XI Type R,Hatchback; Sedan,H0; SD1,https://hondanews.eu/eu/en/cars/media/pressreleases/429984/2023-honda-civic-type-r;https://hondanews.eu/gb/en/cars/media/documenttext/412439/2022-honda-civic-ehev-72;https://www.honda.com.tr/assets/files/yeni-civic-sedan-SVcS3.pdf,pending,,2026-09-16T14:21:31+00:00
e73d86d7bc14b726e94b,RU,Horch,830,3,1933-1940,,Convertible; Sedan,SD0; SD1,https://auto.ru/catalog/cars/horch/830/;https://auto.ru/catalog/cars/horch/830/specifications/,pending,,2026-09-16T14:21:31+00:00
cdec9a4b8ce0763c220f,EU,Hyundai,Accent iii,3,2005-2010,Accent Hatchback III; Accent III,Hatchback; Sedan,H0; SD1,https://www.auto-data.net/en/hyundai-accent-hatchback-iii-generation-2954;https://www.auto-data.net/en/hyundai-accent-iii-1.4-97hp-gl-13687,pending,,2026-09-16T14:21:31+00:00
f5a88734faebdd14dcdb,EU;RU,Hyundai,Grace,3,1986-2004; 1993-1997; 1997-2004,H100 / Grace I,MPV; Van,SU1; V0,https://auto.ru/catalog/cars/hyundai/grace/;https://auto.ru/catalog/cars/hyundai/grace/specifications/,pending,,2026-09-16T14:21:31+00:00
c73e13ebd9c3794e0ecb,EU;RU,Hyundai,Inster,3,2024-2026,Inster,Hatchback; SUV 5-door,H0; SU1,https://auto.ru/catalog/cars/hyundai/inster/;https://auto.ru/catalog/cars/hyundai/inster/specifications/;https://www.hyundai.news/newsroom/dam/uk/models/20241003_all_new_inster_pricing_and_specification/20241003_all-new-inster-pricing-and-specification.pdf,pending,,2026-09-16T14:21:31+00:00
87f152aac2103479427a,EU;RU,Ineos,Grenadier,3,2022-2026,Grenadier I,Pickup; SUV; SUV 5-door,P0; SU1,https://auto.ru/catalog/cars/ineos/grenadier/;https://auto.ru/catalog/cars/ineos/grenadier/specifications/;https://media.ineosgrenadier.com/en/vehicles/limted-editions/grenadier-trialmaster-x-letech.html,pending,,2026-09-16T14:21:31+00:00
4aeafd27d45059ed9da0,RU,Isuzu,Bellett,3,1963-1973,,Coupe; Sedan; Wagon 3-door,H2; SD0; SD1,https://auto.ru/catalog/cars/isuzu/bellett/;https://auto.ru/catalog/cars/isuzu/bellett/specifications/,pending,,2026-09-16T14:21:31+00:00
6b11769ad5a9c20ed287,EU;RU,Isuzu,Impulse,3,1983-1990; 1990-1993,I; II; Impulse II,Coupe; Hatchback 3-door,H0; SD0,https://auto.ru/catalog/cars/isuzu/impulse/;https://auto.ru/catalog/cars/isuzu/impulse/specifications/;https://www.auto-data.net/en/isuzu-impulse-coupe-1.6-i-130hp-15957,pending,,2026-09-16T14:21:31+00:00
4146c03682bb265171d9,EU;RU,Isuzu,Piazza,3,1980-1990; 1981-1985; 1990-1993,I; II; Piazza I,Coupe; Hatchback 3-door,H0; SD0,https://auto.ru/catalog/cars/isuzu/piazza/;https://auto.ru/catalog/cars/isuzu/piazza/specifications/;https://www.automobile-catalog.com/car/1981/1256330/isuzu_piazza_xe.html,pending,,2026-09-16T14:21:31+00:00
c3ee1d6ea7004d3f2cd4,RU,JAC,"J3 (Tongyue,Tojoy)",3,2009-2017,,Hatchback 5-door; Sedan,H0; SD1,https://auto.ru/catalog/cars/jac/j3/;https://auto.ru/catalog/cars/jac/j3/specifications/,pending,,2026-09-16T14:21:31+00:00
05775c3e34a7f791c6b9,RU,Jaguar,XFR,3,2009-2011; 2011-2015,I; I Рестайлинг,Sedan; Wagon 5-door,H2; SD1,https://auto.ru/catalog/cars/jaguar/xfr/;https://auto.ru/catalog/cars/jaguar/xfr/specifications/,pending,,2026-09-16T14:21:31+00:00
579c164c49c447742349,RU,Kia,Avella,3,1994-2000,,Hatchback 3-door; Hatchback 5-door; Sedan,H0; SD1,https://auto.ru/catalog/cars/kia/avella/;https://auto.ru/catalog/cars/kia/avella/specifications/,pending,,2026-09-16T14:21:31+00:00
67113fba0e2332fb8271,EU;RU,KIA,Joice,3,1999-2004; 2000-2003; 2001-2003,I,MPV,SU1; V0,https://auto.ru/catalog/cars/kia/joice/;https://auto.ru/catalog/cars/kia/joice/specifications/;https://www.auto-data.net/fr/kia-joice-model-299,pending,,2026-09-16T14:21:31+00:00
a24e670c960e70bd33d5,RU,Kia,Mentor,3,1996-2001; 2001-2002,I; II,Hatchback 5-door; Sedan,H0; SD1,https://auto.ru/catalog/cars/kia/mentor/;https://auto.ru/catalog/cars/kia/mentor/specifications/,pending,,2026-09-16T14:21:31+00:00
5b994a095f0995c7fa02,EU,KIA,Shuma ii,3,2001-2004; 2003-2004,II,Hatchback; Sedan,H0; SD1,https://www.auto-data.net/en/kia-sephia-ii-generation-628;https://www.auto-data.net/en/kia-shuma-ii-generation-635,pending,,2026-09-16T14:21:31+00:00
cf35cfeb45d86d13cd21,RU,Lada (ВАЗ),2108,3,1984-2005,,Convertible; Hatchback 3-door; SUV 3-door,H0; SD0; SU1,https://auto.ru/catalog/cars/vaz/2108/;https://auto.ru/catalog/cars/vaz/2108/specifications/,pending,,2026-09-16T14:21:31+00:00
c5cefcba51ec4c359f4d,RU,Lada (ВАЗ),Iskra,3,2025-2026,,Sedan; Wagon 5-door,H2; SD1,https://auto.ru/catalog/cars/vaz/iskra/;https://auto.ru/catalog/cars/vaz/iskra/specifications/,pending,,2026-09-16T14:21:31+00:00
8989dbb5052f4a9c2125,EU,LDV,400,3,1989-1996; 1995-1996; 1995-1998,400; LDV 400,Pickup; Van,P0; SU1,https://all-andorra.com/daf-400-ldv-convoy/;https://archive.commercialmotor.com/article/22nd-june-1989/37/ilielfrl111s1;https://vehiclescore.co.uk/car-dimensions-check/ldv/convoy,pending,,2026-09-16T14:21:31+00:00
b2a09171cbc2c655d37e,RU,Lincoln,Zephyr,3,1936-1942,,Convertible; Coupe; Sedan,SD0; SD1,https://auto.ru/catalog/cars/lincoln/zephyr/;https://auto.ru/catalog/cars/lincoln/zephyr/specifications/,pending,,2026-09-16T14:21:31+00:00
6a202c354b6157048372,EU;RU,Lotus,Elite,3,1974-1980; 1974-1982; 1980-1982,Elite Type 75; Elite Type 83; II,Coupe; Wagon 3-door,H2; SD0,https://auto.ru/catalog/cars/lotus/elite/;https://auto.ru/catalog/cars/lotus/elite/specifications/;https://www.automobile-catalog.com/car/1980/44060/lotus_elite_s_2_2.html;https://www.encycarpedia.com/lotus/74-elite-s2-coupe,pending,,2026-09-16T14:21:31+00:00
1e5a077d4d29e1c6e314,RU,Lynk & Co,02,3,2018-2025; 2024-2026,I; I (EU Market),Hatchback 5-door; SUV 5-door,H0; SU1,https://auto.ru/catalog/cars/lynk_co/02/;https://auto.ru/catalog/cars/lynk_co/02/specifications/,pending,,2026-09-16T14:21:31+00:00
0333d867e81e51d945f1,RU,Lynk & Co,07,3,2024-2025; 2025-2026,I; I Рестайлинг,Sedan; Wagon 5-door,H2; SD1,https://auto.ru/catalog/cars/lynk_co/07/;https://auto.ru/catalog/cars/lynk_co/07/specifications/,pending,,2026-09-16T14:21:31+00:00
9e0975fc30eed2cd381a,RU,Mahindra,MM,3,1990-2000,,Pickup; SUV,P0; SU1,https://auto.ru/catalog/cars/mahindra/mm/;https://auto.ru/catalog/cars/mahindra/mm/specifications/,pending,,2026-09-16T14:21:31+00:00
9fe830b8f7954fbe1674,RU,Mercedes-Benz,220 (W187),3,1951-1955,,Convertible; Coupe; Sedan,SD0; SD1,https://auto.ru/catalog/cars/mercedes/220_w187/;https://auto.ru/catalog/cars/mercedes/220_w187/specifications/,pending,,2026-09-16T14:21:31+00:00
a08c0ca62147c9eb99bc,EU;RU,Mercedes-benz,Vaneo,3,2001-2005; 2002-2005,Vaneo; W414,MPV,SU1; V0,https://auto.ru/catalog/cars/mercedes/vaneo/;https://auto.ru/catalog/cars/mercedes/vaneo/specifications/;https://www.automobile-catalog.com/car/2002/1533440/mercedes-benz_vaneo_1_7_cdi.html;https://xr793.com/wp-content/uploads/2022/12/2002-Mercedes-Benz-Vaneo-UK.pdf,pending,,2026-09-16T14:21:31+00:00
a8dc2b456d40be457c59,EU;RU,Mercedes-benz,Vle,3,2026-2026,VLE,MPV,SU1; V0,https://auto.ru/catalog/cars/mercedes/vle/;https://auto.ru/catalog/cars/mercedes/vle/specifications/;https://www.welt.de/motor/news/article6a3501a97e682fc37fc004f0/fahrbericht-mercedes-benz-vle.html,pending,,2026-09-16T14:21:31+00:00
9b0ba774d78636eb14d0,RU,Mercedes-Benz,W111,3,1959-1971,,Convertible; Coupe; Sedan,SD0; SD1,https://auto.ru/catalog/cars/mercedes/w111/;https://auto.ru/catalog/cars/mercedes/w111/specifications/,pending,,2026-09-16T14:21:31+00:00
971afb17e6f23126205e,RU,Mercedes-Benz,W128,3,1958-1960,,Convertible; Coupe; Sedan,SD0; SD1,https://auto.ru/catalog/cars/mercedes/w128/;https://auto.ru/catalog/cars/mercedes/w128/specifications/,pending,,2026-09-16T14:21:31+00:00
811a22c2402ed521d6fb,RU,Mercedes-Benz,W142,3,1937-1942,,Convertible; Sedan,SD0; SD1,https://auto.ru/catalog/cars/mercedes/w142/;https://auto.ru/catalog/cars/mercedes/w142/specifications/,pending,,2026-09-16T14:21:31+00:00
574ebd66a280fc854f6c,RU,Mercury,Eight,3,1949-1951,III,Coupe; Sedan; Wagon 5-door,H2; SD0; SD1,https://auto.ru/catalog/cars/mercury/eight/;https://auto.ru/catalog/cars/mercury/eight/specifications/,pending,,2026-09-16T14:21:31+00:00
bab855bdc2000696c473,RU,Mercury,Marquis,3,1979-1982; 1983-1986,IV; V,Sedan; Wagon 5-door,H2; SD1,https://auto.ru/catalog/cars/mercury/marquies/;https://auto.ru/catalog/cars/mercury/marquies/specifications/,pending,,2026-09-16T14:21:31+00:00
54a2d8ec375f41f42ca7,RU,Mercury,Monterey,3,1952-1954; 1960-1964; 2003-2007,I; V; VIII,MPV; Sedan,SD1; V0,https://auto.ru/catalog/cars/mercury/monterey/;https://auto.ru/catalog/cars/mercury/monterey/specifications/,pending,,2026-09-16T14:21:31+00:00
d2c082774f61254647da,RU,Mia,Electric,3,2011-2013,,Hatchback 3-door; MPV; Van,H0; V0,https://auto.ru/catalog/cars/mia/electric/;https://auto.ru/catalog/cars/mia/electric/specifications/,pending,,2026-09-16T14:21:31+00:00
34ad58682a5c38d57d02,RU,Mitsuoka,Nouera,3,2003-2008; 2008-2012,I; II (6-02),Sedan; Wagon 5-door,H2; SD1,https://auto.ru/catalog/cars/mitsuoka/nouera/;https://auto.ru/catalog/cars/mitsuoka/nouera/specifications/,pending,,2026-09-16T14:21:31+00:00
84e51a28be891ba0989b,RU,Mitsuoka,Ryoga,3,1998-2001; 2001-2004,I (P11); II (B15),Sedan; Wagon 5-door,H2; SD1,https://auto.ru/catalog/cars/mitsuoka/ryoga/;https://auto.ru/catalog/cars/mitsuoka/ryoga/specifications/,pending,,2026-09-16T14:21:31+00:00
a073ded540930c17f122,EU,Nissan,Datsun 100a,3,1974-1978; 1975-1980,Datsun 100A E10; Datsun 100A F-II,Hatchback; Wagon,H0; SD1,https://www.automobile-catalog.com/car/1976/129185/datsun_100a_cherry.html;https://www.automobile-catalog.com/car/1976/129230/datsun_cherry_100a__f-ii_wagon.html;https://www.automobile-catalog.com/car/1978/129560/datsun_cherry_100a__f-ii.html,pending,,2026-09-16T14:21:31+00:00
3b82476ae1e8bf1910df,RU,Nissan,Langley,3,1982-1986; 1986-1990,II (N12); III (N13),Hatchback 3-door; Hatchback 5-door; Sedan,H0; SD1,https://auto.ru/catalog/cars/nissan/langley/;https://auto.ru/catalog/cars/nissan/langley/specifications/,pending,,2026-09-16T14:21:31+00:00
22c4685ef2e16fd17ae9,RU,Nissan,Liberta Villa,3,1982-1986; 1986-1990,I (N12); II (N13),Hatchback 3-door; Sedan,H0; SD1,https://auto.ru/catalog/cars/nissan/liberta_villa/;https://auto.ru/catalog/cars/nissan/liberta_villa/specifications/,pending,,2026-09-16T14:21:31+00:00
79c8a64abfe10099b04f,RU,Nissan,Lucino,3,1994-1999,,Coupe; Hatchback 3-door; Hatchback 5-door,H0; SD0,https://auto.ru/catalog/cars/nissan/lucino/;https://auto.ru/catalog/cars/nissan/lucino/specifications/,pending,,2026-09-16T14:21:31+00:00
4c94552f9c7c2d0b3e35,RU,Oldsmobile,Cutlass Ciera,3,1981-1996,,Coupe; Sedan; Wagon 5-door,H2; SD0; SD1,https://auto.ru/catalog/cars/oldsmobile/cutlass_ciera/;https://auto.ru/catalog/cars/oldsmobile/cutlass_ciera/specifications/,pending,,2026-09-16T14:21:31+00:00
1def49c33a1d8d1d80b8,RU,Oldsmobile,Firenza,3,1982-1988,I,Hatchback 3-door; Sedan; Wagon 5-door,H0; H2; SD1,https://auto.ru/catalog/cars/oldsmobile/firenza/;https://auto.ru/catalog/cars/oldsmobile/firenza/specifications/,pending,,2026-09-16T14:21:31+00:00
ae9c82a1c851b0ca7464,RU,Oldsmobile,Series 70,3,1939-1940; 1941-1948; 1949-1950,I; II; III,Coupe; Wagon 5-door,H2; SD0,https://auto.ru/catalog/cars/oldsmobile/series_70/;https://auto.ru/catalog/cars/oldsmobile/series_70/specifications/,pending,,2026-09-16T14:21:31+00:00
b3d7de2c0daadb17a34c,RU,Opel,Agila,3,2000-2004; 2004-2007; 2008-2014,A; A Рестайлинг; B,Hatchback 5-door; MPV,H0; V0,https://auto.ru/catalog/cars/opel/agila/;https://auto.ru/catalog/cars/opel/agila/specifications/,pending,,2026-09-16T14:21:31+00:00
416f6a035af72ee0ca6b,RU,Opel,Diplomat,3,1964-1968; 1969-1978,A; B,Coupe; Sedan,SD0; SD1,https://auto.ru/catalog/cars/opel/diplomat/;https://auto.ru/catalog/cars/opel/diplomat/specifications/,pending,,2026-09-16T14:21:31+00:00
f7757821b6e444d34702,EU,Opel,Diplomat a,3,1964-1969; 1965-1967; 1966-1969,Diplomat A,Coupe; Sedan,SD0; SD1,https://www.automobile-catalog.com/car/1965/2416400/opel_diplomat_v8_coupe.html;https://www.automobile-catalog.com/car/1967/2416580/opel_diplomat_v8_54.html,pending,,2026-09-16T14:21:31+00:00
44a4365bfdfd39f65164,RU,Opel,Manta,3,1970-1975; 1975-1988,A; B,Coupe; Hatchback 3-door,H0; SD0,https://auto.ru/catalog/cars/opel/manta/;https://auto.ru/catalog/cars/opel/manta/specifications/,pending,,2026-09-16T14:21:31+00:00
8b980b6467e3f09048d2,EU,Opel,Rekord p2,3,1960-1963; 1961-1963,Rekord P2,Coupe; Sedan,SD0; SD1,https://www.adac.de/rund-ums-fahrzeug/autokatalog/marken-modelle/opel/rekord/p2/347949/;https://www.adac.de/rund-ums-fahrzeug/autokatalog/marken-modelle/opel/rekord/p2/347955/,pending,,2026-09-16T14:21:31+00:00
ba0fe712e97abd326508,EU;RU,Opel,Sintra,3,1996-1999; 1997-1999,Sintra,MPV,SU1; V0,https://auto.ru/catalog/cars/opel/sintra/;https://auto.ru/catalog/cars/opel/sintra/specifications/;https://www.auto-data.net/en/opel-sintra-2.2-dti-116hp-1753;https://www.auto-data.net/en/opel-sintra-2.2i-16v-141hp-1754;https://www.auto-data.net/en/opel-sintra-3.0i-24v-201hp-automatic-1755,pending,,2026-09-16T14:21:31+00:00
edba65e1b4123fe52e9d,EU;RU,ORA,7,3,2024-2026; 2026-2026,07,Fastback; Sedan; Wagon 5-door,H0; H2; SD1,https://auto.ru/catalog/cars/ora/7/;https://auto.ru/catalog/cars/ora/7/specifications/;https://ev-database.org/car/2246/GWM-ORA-07-Pro,pending,,2026-09-16T14:21:31+00:00
1843a79ce83d13cd5675,RU,Packard,Super Eight,3,1933-1939,,Convertible; Sedan,SD0; SD1,https://auto.ru/catalog/cars/packard/super_eight/;https://auto.ru/catalog/cars/packard/super_eight/specifications/,pending,,2026-09-16T14:21:31+00:00
8122f60683890451ebd9,EU;RU,Peugeot,1007,3,2005-2009; 2005-2026; 2007-2026,1007; I,Hatchback; Hatchback 3-door; MPV,H0; SU1,https://auto.ru/catalog/cars/peugeot/1007/;https://auto.ru/catalog/cars/peugeot/1007/specifications/;https://www.auto-data.net/en/peugeot-1007-model-566;https://www.automobile-catalog.com/car/2005/2619965/peugeot_1007_1_4_75.html,pending,,2026-09-16T14:21:31+00:00
6dbba3d072745b12f230,RU,Peugeot,201,3,1929-1937,,Convertible; Coupe; Sedan,SD0; SD1,https://auto.ru/catalog/cars/peugeot/201/;https://auto.ru/catalog/cars/peugeot/201/specifications/,pending,,2026-09-16T14:21:31+00:00
0b4c85a500f57ee196b5,RU,Peugeot,403,3,1955-1966,,Convertible; Sedan; Wagon 5-door,H2; SD0; SD1,https://auto.ru/catalog/cars/peugeot/403/;https://auto.ru/catalog/cars/peugeot/403/specifications/,pending,,2026-09-16T14:21:31+00:00
54b4715aebe2227ec7ae,RU,Pontiac,6000,3,1982-1991,,Coupe; Sedan; Wagon 5-door,H2; SD0; SD1,https://auto.ru/catalog/cars/pontiac/6000/;https://auto.ru/catalog/cars/pontiac/6000/specifications/,pending,,2026-09-16T14:21:31+00:00
87401a693937ca6d409f,RU,Pontiac,G6,3,2004-2009,,Convertible; Coupe; Sedan,SD0; SD1,https://auto.ru/catalog/cars/pontiac/g6/;https://auto.ru/catalog/cars/pontiac/g6/specifications/,pending,,2026-09-16T14:21:31+00:00
de1ccc0f967dbd83e2b4,RU,Pontiac,Sunfire,3,1995-2005,,Convertible; Coupe; Sedan,SD0; SD1,https://auto.ru/catalog/cars/pontiac/sunfire/;https://auto.ru/catalog/cars/pontiac/sunfire/specifications/,pending,,2026-09-16T14:21:31+00:00
73e75ea539fdded9eb30,RU,Proton,Wira (400 Series),3,1993-2009,,Coupe; Liftback; Sedan,H0; SD0; SD1,https://auto.ru/catalog/cars/proton/wira/;https://auto.ru/catalog/cars/proton/wira/specifications/,pending,,2026-09-16T14:21:31+00:00
e7d67f13e37bd6a77d29,RU,Qoros,3,3,2014-2022,,Hatchback 5-door; Sedan,H0; SD1,https://auto.ru/catalog/cars/qoros/3/;https://auto.ru/catalog/cars/qoros/3/specifications/,pending,,2026-09-16T14:21:31+00:00
36286e46568f64bfdb55,EU;RU,Renault,17,3,1972-1980; 1974-1980,I,Coupe; Hatchback 3-door,H0; SD0,https://auto.ru/catalog/cars/renault/17/;https://auto.ru/catalog/cars/renault/17/specifications/;https://www.automobile-catalog.com/car/1975/2929280/renault_17_tl.html,pending,,2026-09-16T14:21:31+00:00
32e839affc15d4b8588c,EU;RU,Renault,Avantime,3,2001-2003; 2002-2003,I,MPV,SU1; V0,https://auto.ru/catalog/cars/renault/avantime/;https://auto.ru/catalog/cars/renault/avantime/specifications/;https://www.automobile-catalog.com/car/2002/2948420/renault_avantime_2_0_16v_turbo.html,pending,,2026-09-16T14:21:31+00:00
9f950593210891555be4,EU,Renault,Mascott,3,1999-2004; 1999-2005,Mascott I Phase I,Chassis Cab; Van,P0; SU1,https://www.drom.ru/catalog/lcv/renault/mascott/specs/dimensions/;https://zoomcar.fr/fiche-technique-utilitaire/renault-trucks/mascott-110-150-chassis-cabine-110-35-emp-3-13-NAT59979.html,pending,,2026-09-16T14:21:31+00:00
054dfb4140a017fe7727,EU,Renault,Sandero/stepway i,3,2009-2012; 2009-2013,Sandero I; Sandero I Stepway,Hatchback; SUV,H0; SU1,https://www.auto-data.net/en/dacia-sandero-i-1.4-mpi-75hp-46116;https://www.auto-data.net/en/dacia-sandero-i-stepway-1.6-8v-87hp-46139,pending,,2026-09-16T14:21:31+00:00
6d8f0edb5c515a12ca84,RU,Renault,Type NN,3,1924-1929,,Convertible; Phaeton; Sedan,SD0; SD1,https://auto.ru/catalog/cars/renault/type_nn/;https://auto.ru/catalog/cars/renault/type_nn/specifications/,pending,,2026-09-16T14:21:31+00:00
ab1526cb99dd37dcf0be,RU,Rover,Metro,3,1987-1994,,Convertible; Hatchback 3-door; Hatchback 5-door,H0; SD0,https://auto.ru/catalog/cars/rover/metro/;https://auto.ru/catalog/cars/rover/metro/specifications/,pending,,2026-09-16T14:21:31+00:00
d776d39d3beaefe2536a,RU,Santana,PS-10,3,2003-2011,,Pickup; SUV 3-door; SUV 5-door,P0; SU1,https://auto.ru/catalog/cars/santana/ps_10/;https://auto.ru/catalog/cars/santana/ps_10/specifications/,pending,,2026-09-16T14:21:31+00:00
54141dadb930d95d6453,EU,Skoda,1000mb,3,1964-1970; 1966-1970; 1969-1970,1000 MB; 1000 MBX,Coupe; Sedan,SD0; SD1,https://www.automobile-catalog.com/car/1968/3130655/skoda_1000_mb.html;https://www.carfolio.com/skoda-1000-mbx-500808,pending,,2026-09-16T14:21:31+00:00
7a3bc0988a48f7dd5b2f,EU,Skoda,110,3,1969-1982; 1970-1982,Škoda 100/110; Škoda 110 R,Coupe; Sedan,SD0; SD1,https://www.automobile-catalog.com/car/1970/3131045/skoda_110_l.html;https://www.skoda-storyboard.com/en/press-releases/50-years-of-the-110-r-half-a-century-ago-skoda-presented-its-legendary-sports-coupe/,pending,,2026-09-16T14:21:31+00:00
a2458365a4e59b10a5ca,EU,Skoda,Felicia ii,3,1996-2001; 1998-2001,II,Hatchback; Wagon,H0; SD1,https://www.automobile-catalog.com/car/1999/3133940/skoda_felicia_1_6.html;https://www.automobile-catalog.com/car/1999/3134000/skoda_felicia_estate_1_9_d.html,pending,,2026-09-16T14:21:31+00:00
c7a679485371bf5bf120,RU,Suzuki,Beidouxing,3,2004-2019; 2019-2022,I; II,Hatchback 5-door; MPV,H0; V0,https://auto.ru/catalog/cars/suzuki/beidouxing/;https://auto.ru/catalog/cars/suzuki/beidouxing/specifications/,pending,,2026-09-16T14:21:31+00:00
a7bddee2305787a82bc4,RU,Suzuki,MR Wagon,3,2001-2005; 2005-2011; 2011-2016,I; II; III,Hatchback 5-door; MPV,H0; V0,https://auto.ru/catalog/cars/suzuki/mr_wagon/;https://auto.ru/catalog/cars/suzuki/mr_wagon/specifications/,pending,,2026-09-16T14:21:31+00:00
c84bbe8b609740c78bcd,EU;RU,Tazzari,Zero,3,2009-2016; 2010-2016; 2012-2016,I; Zero,Coupe; Hatchback; Sedan,H0; SD0; SD1,https://auto.ru/catalog/cars/tazzari/zero/;https://auto.ru/catalog/cars/tazzari/zero/specifications/;https://www.calameo.com/books/00235694440f4fe1ef349;https://www.motorage.it/2009/12/articolo-310/,pending,,2026-09-16T14:21:31+00:00
f74a8af6182f7b32ad00,RU,Toyota,Carina E,3,1992-1998,,Liftback; Sedan; Wagon 5-door,H0; H2; SD1,https://auto.ru/catalog/cars/toyota/carina_e/;https://auto.ru/catalog/cars/toyota/carina_e/specifications/,pending,,2026-09-16T14:21:31+00:00
b382a46111e918284113,RU,Toyota,Publica,3,1961-1966; 1966-1969; 1969-1978,I (P10); II (P20); III (P30),Coupe; Sedan,SD0; SD1,https://auto.ru/catalog/cars/toyota/publica/;https://auto.ru/catalog/cars/toyota/publica/specifications/,pending,,2026-09-16T14:21:31+00:00
465eb22fa03a0929d940,EU;RU,Toyota,Ractis,3,2005-2010; 2010-2016,I; II,Hatchback 5-door; MPV,H0; SU1,https://auto.ru/catalog/cars/toyota/ractis/;https://auto.ru/catalog/cars/toyota/ractis/specifications/;https://www.auto-data.net/en/toyota-ractis-i-1.3i-87hp-3804,pending,,2026-09-16T14:21:31+00:00
e00af55adf2888f7a76b,RU,Vauxhall,Cavalier,3,1975-1981,I,Coupe; Hatchback 3-door; Sedan,H0; SD0; SD1,https://auto.ru/catalog/cars/vauxhall/cavalier/;https://auto.ru/catalog/cars/vauxhall/cavalier/specifications/,pending,,2026-09-16T14:21:31+00:00
1410c2b4f9727f37dd6a,RU,Vauxhall,Omega,3,1994-1999; 1999-2003,B; B Рестайлинг,Sedan; Wagon 5-door,H2; SD1,https://auto.ru/catalog/cars/vauxhall/omega/;https://auto.ru/catalog/cars/vauxhall/omega/specifications/,pending,,2026-09-16T14:21:31+00:00
b0da6d96f7eca9ac2f58,RU,Volkswagen,Arteon,3,2017-2020; 2020-2024,I; I Рестайлинг,Liftback; Wagon 5-door,H0; H2,https://auto.ru/catalog/cars/volkswagen/arteon/;https://auto.ru/catalog/cars/volkswagen/arteon/specifications/,pending,,2026-09-16T14:21:31+00:00
e3129bedd0ce88577f4a,RU,Volkswagen,Quantum,3,1985-1988; 1998-2003,I; II,Sedan; Wagon 5-door,H2; SD1,https://auto.ru/catalog/cars/volkswagen/quantum/;https://auto.ru/catalog/cars/volkswagen/quantum/specifications/,pending,,2026-09-16T14:21:31+00:00
a262188de3b0b9960058,RU,Volkswagen,Type 4,3,1968-1973; 1972-1975,I (411); II (412),Sedan; Wagon 5-door,H2; SD1,https://auto.ru/catalog/cars/volkswagen/type_4/;https://auto.ru/catalog/cars/volkswagen/type_4/specifications/,pending,,2026-09-16T14:21:31+00:00
2c208d0db91085479071,RU,Volvo,120 Series,3,1956-1970,,Coupe; Sedan; Wagon 5-door,H2; SD0; SD1,https://auto.ru/catalog/cars/volvo/120_series/;https://auto.ru/catalog/cars/volvo/120_series/specifications/,pending,,2026-09-16T14:21:31+00:00
113ec635c1a7c339c5d6,RU,Volvo,140 Series,3,1966-1975,,Sedan; Wagon 5-door,H2; SD1,https://auto.ru/catalog/cars/volvo/140/;https://auto.ru/catalog/cars/volvo/140/specifications/,pending,,2026-09-16T14:21:31+00:00
00cfd5fd6478f85e9345,RU,Volvo,260 Series,3,1974-1982,,Sedan; Wagon 5-door,H2; SD1,https://auto.ru/catalog/cars/volvo/260/;https://auto.ru/catalog/cars/volvo/260/specifications/,pending,,2026-09-16T14:21:31+00:00
aee8db2731adbb104a8d,RU,Volvo,300 Series,3,1975-1991,,Hatchback 3-door; Hatchback 5-door; Sedan,H0; SD1,https://auto.ru/catalog/cars/volvo/300_series/;https://auto.ru/catalog/cars/volvo/300_series/specifications/,pending,,2026-09-16T14:21:31+00:00
c889df2ca446991488a1,EU,Volvo,Pv 544,3,1958-1961; 1961-1966; 1961-1967,PV544,Hatchback; Sedan,H0; SD1,https://toyota-automobile-museum.jp/en/archives/car-database/detail.html?id=22948;https://www.automobile-catalog.com/car/1958/33875/volvo_pv544_sport.html;https://www.volvocars.com/en-ca/cars/legacy-models/pv544/,pending,,2026-09-16T14:21:31+00:00
e97344d0bf6bffe2d97a,EU;RU,Voyah,Dream,3,2021-2026; 2024-2026,Dream I; I; I Рестайлинг,MPV,SU1; V0,https://auto.ru/catalog/cars/voyah/dream/;https://auto.ru/catalog/cars/voyah/dream/specifications/;https://www.voyah.no/voyah-dream/spesifikasjoner,pending,,2026-09-16T14:21:31+00:00
43dbcef4841ff4263756,EU,VW,181,3,1969-1970; 1970-1973; 1973-1979,Type 181; VW 181,Convertible; SUV,SD0; SU1,https://www.auto-data.net/en/volkswagen-181-generation-1850;https://www.conceptcarz.com/s10439/volkswagen-type-181-thing.aspx,pending,,2026-09-16T14:21:31+00:00
2ad14e2bd55432c4f305,RU,ЗАЗ,1105 'Дана',3,1994-2011,,Pickup; Van; Wagon 5-door,H2; P0; V0,https://auto.ru/catalog/cars/zaz/dana/;https://auto.ru/catalog/cars/zaz/dana/specifications/,pending,,2026-09-16T14:21:31+00:00
ece0d64f840bdd727312,RU,ЗАЗ,Sens,3,2004-2017,,Hatchback 5-door; Sedan; Van,H0; SD1; V0,https://auto.ru/catalog/cars/zaz/sens/;https://auto.ru/catalog/cars/zaz/sens/specifications/,pending,,2026-09-16T14:21:31+00:00
880043b39351033f7d0a,RU,Москвич,400,3,1946-1956,,Convertible; Pickup; Sedan,P0; SD0; SD1,https://auto.ru/catalog/cars/moscvich/400/;https://auto.ru/catalog/cars/moscvich/400/specifications/,pending,,2026-09-16T14:21:31+00:00
ac4fa1f49c6f0921acca,RU,Спортивные авто и реплики,Offroad,3,1950-2026,,Coupe; SUV 3-door; SUV 5-door,SD0; SU1,https://auto.ru/catalog/cars/promo_auto/offroad/;https://auto.ru/catalog/cars/promo_auto/offroad/specifications/,pending,,2026-09-16T14:21:31+00:00
beb4b412cf6f98b1ada8,RU,Спортивные авто и реплики,Самоделки,3,1943-2026,,Coupe; MPV; Pickup,P0; SD0; V0,https://auto.ru/catalog/cars/promo_auto/replica_i_samodelki/;https://auto.ru/catalog/cars/promo_auto/replica_i_samodelki/specifications/,pending,,2026-09-16T14:21:31+00:00
a008d07a9507c723b3e6,EU,Abarth,500e,2,2023-2026,500e (332),Convertible; Hatchback,H0; SD0,https://www.adac.de/rund-ums-fahrzeug/autokatalog/marken-modelle/abarth/500-595-695/2generation/328228/;https://www.adac.de/rund-ums-fahrzeug/autokatalog/marken-modelle/abarth/500-595-695/2generation/328231/,pending,,2026-09-16T14:21:31+00:00
cb3396b34278859124ca,EU;RU,AMC,Hornet,2,1969-1970; 1974-1975,Hornet I,Hatchback 3-door; Sedan,H0; SD1,https://auto.ru/catalog/cars/amc/hornet/;https://auto.ru/catalog/cars/amc/hornet/specifications/;https://www.automobile-catalog.com/car/1970/68045/amc_hornet_sedan_199.html,pending,,2026-09-16T14:21:31+00:00
add2dc0e0999c71df168,RU,Aston Martin,DB6,2,1965-1970,,Convertible; Fastback,H0; SD0,https://auto.ru/catalog/cars/aston_martin/db6/;https://auto.ru/catalog/cars/aston_martin/db6/specifications/,pending,,2026-09-16T14:21:31+00:00
b00b39a31b2ef145acb3,RU,Aston Martin,Lagonda,2,1976-1997,,Sedan; Wagon 5-door,H2; SD1,https://auto.ru/catalog/cars/aston_martin/lagonda/;https://auto.ru/catalog/cars/aston_martin/lagonda/specifications/,pending,,2026-09-16T14:21:31+00:00
2392d967d43bbcb18da2,RU,Audi,Typ R,2,1927-1929,,Convertible; Wagon 5-door,H2; SD0,https://auto.ru/catalog/cars/audi/typ_r/;https://auto.ru/catalog/cars/audi/typ_r/specifications/,pending,,2026-09-16T14:21:31+00:00
57b42448eb76a96255b3,RU,Avatr,06,2,2025-2026,,Sedan; Wagon 5-door,H2; SD1,https://auto.ru/catalog/cars/avatr/06/;https://auto.ru/catalog/cars/avatr/06/specifications/,pending,,2026-09-16T14:21:31+00:00
591e069b2ee5220cdc64,RU,BAIC,A1,2,2012-2018,I,Hatchback 5-door; Sedan,H0; SD1,https://auto.ru/catalog/cars/baic/a1/;https://auto.ru/catalog/cars/baic/a1/specifications/,pending,,2026-09-16T14:21:31+00:00
ded2d097ce741dcc8083,RU,Bentley,Mark VI,2,1946-1952,,Coupe; Sedan,SD0; SD1,https://auto.ru/catalog/cars/bentley/mark_vi/;https://auto.ru/catalog/cars/bentley/mark_vi/specifications/,pending,,2026-09-16T14:21:31+00:00
38603c2f484e0abcb96f,RU,Bentley,T-Series,2,1965-1980,,Coupe; Sedan,SD0; SD1,https://auto.ru/catalog/cars/bentley/t_series/;https://auto.ru/catalog/cars/bentley/t_series/specifications/,pending,,2026-09-16T14:21:31+00:00
1693d330e339727c4b1f,EU,BMW,319,2,1934-1937,BMW 319,Convertible; Sedan,SD0; SD1,https://bmwhistoricmotorclub.co.uk/cars/bmw-315/;https://de.wikipedia.org/wiki/BMW_315;https://de.wikipedia.org/wiki/BMW_319;https://www.bmwgroup-classic.com/de/modelle/bmw-klassiker/product-description-page.ad-280-1.bmw-315-limousine.html;https://www.bmwgroup-classic.com/de/modelle/bmw-klassiker/product-description-page.ad-285-2.bmw-319-limousine.html;https://www.bmwgroup-classic.com/en/models/bmw-classics/product-description-page.ad-1549-1.bmw-315-convertible-2-seater-sports-convertible.html;https://www.bmwgroup-classic.com/en/models/bmw-classics/product-description-page.ad-804-1.bmw-319-convertible-2-seater-sports-convertible.html,pending,,2026-09-16T14:21:31+00:00
47e72a0fcae64e887066,RU,Brilliance,H230,2,2012-2017,,Hatchback 5-door; Sedan,H0; SD1,https://auto.ru/catalog/cars/brilliance/h230/;https://auto.ru/catalog/cars/brilliance/h230/specifications/,pending,,2026-09-16T14:21:31+00:00
fc51ddbe20759fce8d2d,RU,BYD,G3,2,2009-2014,,Hatchback 5-door; Sedan,H0; SD1,https://auto.ru/catalog/cars/byd/g3/;https://auto.ru/catalog/cars/byd/g3/specifications/,pending,,2026-09-16T14:21:31+00:00
72f9471be6732fb3e786,RU,Cadillac,ATS-V,2,2015-2019,,Coupe; Sedan,SD0; SD1,https://auto.ru/catalog/cars/cadillac/ats_v/;https://auto.ru/catalog/cars/cadillac/ats_v/specifications/,pending,,2026-09-16T14:21:31+00:00
de6497f0625f0e7415cf,RU,Cadillac,ELR,2,2013-2015; 2015-2016,I; I Рестайлинг,Coupe; Fastback,H0; SD0,https://auto.ru/catalog/cars/cadillac/elr/;https://auto.ru/catalog/cars/cadillac/elr/specifications/,pending,,2026-09-16T14:21:31+00:00
620142a3fb4b97549f4e,EU,Cenntro,Logistar 200,2,2021-2026,Logistar 200 I,Pickup; Van,P0; SU1,https://cenntro-europe.com/wp-content/uploads/2023/05/DE_CENN_200_ALL-1.pdf;https://www.cenntro.nl/media/pages/modellen/logistar-200-van/274cf7a578-1698766079/logistar-specs.pdf,pending,,2026-09-16T14:21:31+00:00
a2edd3d9af2cdf46761d,EU,Cenntro,Logistar 400,2,2019-2026,Logistar 400 I,Pickup; Van,P0; SU1,https://cenntroauto.com/vehicles/logistar-400/,pending,,2026-09-16T14:21:31+00:00
6e9d1e6204b9b9676395,EU,Cenntro,Metro,2,2019-2026,Metro I,Pickup; Van,P0; SU1,https://cenntroauto.com/vehicles/metro/;https://electricvan-inc.com/1-metro-series-electric-vehicle.html,pending,,2026-09-16T14:21:31+00:00
3aaf17bcbdc6a710a4af,RU,Chery,M11 (A3),2,2010-2015,,Hatchback 5-door; Sedan,H0; SD1,https://auto.ru/catalog/cars/chery/m11/;https://auto.ru/catalog/cars/chery/m11/specifications/,pending,,2026-09-16T14:21:31+00:00
52a521e34ef525a071a4,RU,Chevrolet,Astra,2,1998-2011,,Hatchback 5-door; Sedan,H0; SD1,https://auto.ru/catalog/cars/chevrolet/astra/;https://auto.ru/catalog/cars/chevrolet/astra/specifications/,pending,,2026-09-16T14:21:31+00:00
bd143dabfe9484d40028,RU,Chevrolet,Fleetmaster,2,1946-1948,,Convertible; Sedan,SD0; SD1,https://auto.ru/catalog/cars/chevrolet/fleetmaster/;https://auto.ru/catalog/cars/chevrolet/fleetmaster/specifications/,pending,,2026-09-16T14:21:31+00:00
293a6dd137b0da5f7b39,RU,Chevrolet,Metro,2,1997-2001,,Hatchback 3-door; Sedan,H0; SD1,https://auto.ru/catalog/cars/chevrolet/metro/;https://auto.ru/catalog/cars/chevrolet/metro/specifications/,pending,,2026-09-16T14:21:31+00:00
b2755611c4bc0387de42,EU,Chevrolet,Silverado 3500 crew cab pickup,2,2000-2004,Silverado 3500 I,Pickup,DUAL; P0,https://news.chevrolet.com/content/dam/company/no_search/heritage-archive-docs/vehicle-information-kits/chevrolet/2004-Chevrolet-Silverado.pdf,pending,,2026-09-16T14:21:31+00:00
67af4c7ba6c62d61234d,EU,Chevrolet,Silverado 3500 extended cab pickup,2,2000-2004,Silverado 3500 I,Pickup,DUAL; P0,https://news.chevrolet.com/content/dam/company/no_search/heritage-archive-docs/vehicle-information-kits/chevrolet/2004-Chevrolet-Silverado.pdf,pending,,2026-09-16T14:21:31+00:00
e70165c8fd4f3243a2ae,EU,Chevrolet,Silverado 3500 standard cab pickup,2,2000-2004,Silverado 3500 I,Pickup,DUAL; P0,https://news.chevrolet.com/content/dam/company/no_search/heritage-archive-docs/vehicle-information-kits/chevrolet/2004-Chevrolet-Silverado.pdf,pending,,2026-09-16T14:21:31+00:00
594f0e09452cb9b3e4f5,RU,Citroen,Ami,2,1961-1978,,Sedan; Wagon 5-door,H2; SD1,https://auto.ru/catalog/cars/citroen/ami/;https://auto.ru/catalog/cars/citroen/ami/specifications/,pending,,2026-09-16T14:21:31+00:00
d0ee753f5b957aedc3f8,RU,Citroen,BX,2,1982-1994,,Hatchback 5-door; Wagon 5-door,H0; H2,https://auto.ru/catalog/cars/citroen/bx/;https://auto.ru/catalog/cars/citroen/bx/specifications/,pending,,2026-09-16T14:21:31+00:00
b9d2450a29c71ec90e23,EU,Citroën,C3 iii van,2,2016-2026; 2019-2026,C3 III; C3 III Van,Hatchback; Van,H0; SU1,https://www.citroen.co.nz/content/dam/citroen/new_zealand/documents/2024/citroen-c3-prices-and-specifications-01-2024-CZQ-engine.pdf;https://xr793.com/wp-content/uploads/2020/12/2019-Citroen-C3-Range.pdf,pending,,2026-09-16T14:21:31+00:00
c96ce2faa9448793ea63,RU,Cord,L-29,2,1929-1932,,Convertible; Sedan,SD0; SD1,https://auto.ru/catalog/cars/cord/l_29/;https://auto.ru/catalog/cars/cord/l_29/specifications/,pending,,2026-09-16T14:21:31+00:00
18e1f298be5af977c098,EU;RU,Daihatsu,Extol,2,1999-2004; 2000-2011,Extol,MPV; Van,SU1; V0,https://auto.ru/catalog/cars/daihatsu/extol/;https://auto.ru/catalog/cars/daihatsu/extol/specifications/;https://www.auto-data.net/en/daihatsu-atrai-extol-generation-17,pending,,2026-09-16T14:21:31+00:00
19ce0e7013682549462a,RU,Daihatsu,Leeza,2,1986-1993,I,Convertible; Hatchback 3-door,H0; SD0,https://auto.ru/catalog/cars/daihatsu/leeza/;https://auto.ru/catalog/cars/daihatsu/leeza/specifications/,pending,,2026-09-16T14:21:31+00:00
3f79ca772d2c759e3c26,RU,Daihatsu,Taft,2,1974-1984; 2020-2026,I; II,Hatchback 5-door; SUV 3-door,H0; SU1,https://auto.ru/catalog/cars/daihatsu/taft/;https://auto.ru/catalog/cars/daihatsu/taft/specifications/,pending,,2026-09-16T14:21:31+00:00
5865bfc4756a83098c12,RU,Datsun,Bluebird,2,1976-1981,,Coupe; Sedan,SD0; SD1,https://auto.ru/catalog/cars/datsun/bluebird/;https://auto.ru/catalog/cars/datsun/bluebird/specifications/,pending,,2026-09-16T14:21:31+00:00
fa298e69735526f6d2ea,RU,Delage,D6,2,1930-1940,I,Coupe; Sedan,SD0; SD1,https://auto.ru/catalog/cars/delage/d6/;https://auto.ru/catalog/cars/delage/d6/specifications/,pending,,2026-09-16T14:21:31+00:00
321f92f13a20864e6dc1,RU,Denza,Z9,2,2024-2026,,Hatchback 5-door; Sedan,H0; SD1,https://auto.ru/catalog/cars/denza/z9/;https://auto.ru/catalog/cars/denza/z9/specifications/,pending,,2026-09-16T14:21:31+00:00
422f5afa9248bfa4c8ce,RU,DeSoto,Firedome,2,1952-1959,,Coupe; Sedan,SD0; SD1,https://auto.ru/catalog/cars/desoto/firedome/;https://auto.ru/catalog/cars/desoto/firedome/specifications/,pending,,2026-09-16T14:21:31+00:00
29ce36b933c110321abc,RU,Dodge,Aries,2,1981-1989,,Sedan; Wagon 5-door,H2; SD1,https://auto.ru/catalog/cars/dodge/aries/;https://auto.ru/catalog/cars/dodge/aries/specifications/,pending,,2026-09-16T14:21:31+00:00
2234399ea8038d0bb441,RU,Dodge,Colt,2,1992-1994,VII,Coupe; Sedan,SD0; SD1,https://auto.ru/catalog/cars/dodge/colt/;https://auto.ru/catalog/cars/dodge/colt/specifications/,pending,,2026-09-16T14:21:31+00:00
7e6b4355ecbc1462571c,RU,Dodge,Coronet,2,1970-1976,VI,Sedan; Wagon 5-door,H2; SD1,https://auto.ru/catalog/cars/dodge/coronet/;https://auto.ru/catalog/cars/dodge/coronet/specifications/,pending,,2026-09-16T14:21:31+00:00
6c32d3d8c1d70ecbc464,RU,Dodge,Polara,2,1965-1968; 1969-1973,III; IV,Sedan; Wagon 5-door,H2; SD1,https://auto.ru/catalog/cars/dodge/polara/;https://auto.ru/catalog/cars/dodge/polara/specifications/,pending,,2026-09-16T14:21:31+00:00
0020656802b5d3aba9aa,RU,Dodge,Shadow,2,1986-1994,,Convertible; Liftback,H0; SD0,https://auto.ru/catalog/cars/dodge/shadow/;https://auto.ru/catalog/cars/dodge/shadow/specifications/,pending,,2026-09-16T14:21:31+00:00
5350f55b5e2a3384702f,RU,Doninvest,Orion,2,1998-2002,,Sedan; Wagon 5-door,H2; SD1,https://auto.ru/catalog/cars/doninvest/orion/;https://auto.ru/catalog/cars/doninvest/orion/specifications/,pending,,2026-09-16T14:21:31+00:00
2003af4378f4674e2520,RU,FAW,Oley,2,2012-2015,,Hatchback 5-door; Sedan,H0; SD1,https://auto.ru/catalog/cars/faw/oley/;https://auto.ru/catalog/cars/faw/oley/specifications/,pending,,2026-09-16T14:21:31+00:00
2d0da63ac7b7d9f09819,RU,FAW,Vita,2,2007-2010,,Hatchback 5-door; Sedan,H0; SD1,https://auto.ru/catalog/cars/faw/vita/;https://auto.ru/catalog/cars/faw/vita/specifications/,pending,,2026-09-16T14:21:31+00:00
c7fc04e34c1a952071a1,EU,Feidi,Enter,2,2024-2026,I,Pickup; Van,P0; SU1,https://www.wuzheng.com/services/images/download/FEIDI-Enter-CustomerCare-Manual.pdf,pending,,2026-09-16T14:21:31+00:00
533eacc9db2a4ebd6249,EU;RU,Ferrari,Ff,2,2011-2016,FF,Coupe; Hatchback 3-door,H0; SD0,https://auto.ru/catalog/cars/ferrari/ff/;https://auto.ru/catalog/cars/ferrari/ff/specifications/;https://www.automobile-catalog.com/car/2016/1455380/ferrari_ff.html,pending,,2026-09-16T14:21:31+00:00
10869988e331b2ea17e3,EU;RU,Fiat,1500,2,1935-1950; 1964-1967,Fiat 1500 Cabriolet,Convertible; Sedan,SD0; SD1,https://auto.ru/catalog/cars/fiat/1500/;https://auto.ru/catalog/cars/fiat/1500/specifications/;https://www.automobile-catalog.com/car/1964/709010/fiat_1500_cabriolet_spider.html;https://www.automobile-catalog.com/car/1965/709070/fiat_1500_cabriolet_spider.html,pending,,2026-09-16T14:21:31+00:00
6442e33dd40b61425685,RU,Ford,300,2,1963-1963,,Coupe; Sedan,SD0; SD1,https://auto.ru/catalog/cars/ford/300/;https://auto.ru/catalog/cars/ford/300/specifications/,pending,,2026-09-16T14:21:31+00:00
c6b44813d7de91719c0f,RU,Ford,LTD,2,1967-1968,I,Coupe; Sedan,SD0; SD1,https://auto.ru/catalog/cars/ford/ltd/;https://auto.ru/catalog/cars/ford/ltd/specifications/,pending,,2026-09-16T14:21:31+00:00
e8cf50ac9c2c4485556a,RU,Ford,Probe,2,1988-1992; 1992-1997,I; II,Coupe; Hatchback 3-door,H0; SD0,https://auto.ru/catalog/cars/ford/probe/;https://auto.ru/catalog/cars/ford/probe/specifications/,pending,,2026-09-16T14:21:31+00:00
169afeb660c1f39ec872,RU,Ford,Tempo,2,1983-1994,,Coupe; Sedan,SD0; SD1,https://auto.ru/catalog/cars/ford/tempo/;https://auto.ru/catalog/cars/ford/tempo/specifications/,pending,,2026-09-16T14:21:31+00:00
18eb1ca53eec781eaa41,RU,Ford,V8,2,1932-1932; 1938-1939,I (Model 18); II (Model 91A-73B),Fastback; Sedan,H0; SD1,https://auto.ru/catalog/cars/ford/v8/;https://auto.ru/catalog/cars/ford/v8/specifications/,pending,,2026-09-16T14:21:31+00:00
9c07f3e46c3dba84339f,RU,Franklin,Series 15,2,1930-1934,,Convertible; Sedan,SD0; SD1,https://auto.ru/catalog/cars/franklin/series_15/;https://auto.ru/catalog/cars/franklin/series_15/specifications/,pending,,2026-09-16T14:21:31+00:00
fe25f76210cb9a491259,RU,Geely,Emgrand EC7,2,2009-2016,,Hatchback 5-door; Sedan,H0; SD1,https://auto.ru/catalog/cars/geely/emgrand_ec7/;https://auto.ru/catalog/cars/geely/emgrand_ec7/specifications/,pending,,2026-09-16T14:21:31+00:00
7fc2f8b96e3ceee846f3,RU,Geely,Vision S1,2,2017-2019; 2019-2021,I; II,Hatchback 5-door; SUV 5-door,H0; SU1,https://auto.ru/catalog/cars/geely/vision_s1/;https://auto.ru/catalog/cars/geely/vision_s1/specifications/,pending,,2026-09-16T14:21:31+00:00
f95ce6498f84f1c7a767,RU,Geo,Spectrum,2,1988-1993,,Hatchback 3-door; Sedan,H0; SD1,https://auto.ru/catalog/cars/geo/spectrum/;https://auto.ru/catalog/cars/geo/spectrum/specifications/,pending,,2026-09-16T14:21:31+00:00
13af73de7e08f6826262,EU,German E Cars,Plantos,2,2011-2026,Plantos I,Chassis Cab; Van,P0; SU1,https://journals.open.tudelft.nl/ejtir/article/download/3160/3347/;https://www.carexpert.com.au/mercedes-benz/sprinter/2011-2-1l-cab-chassis-rwd-diesel-automatic-jogg88ag20110203;https://xr793.com/wp-content/uploads/2022/12/2011-Mercedes-Benz-Sprinter-Panel-Van-UK.pdf;https://xr793.com/wp-content/uploads/2023/10/2011-Mercedes-Benz-Sprinter-Range-AUS.pdf,pending,,2026-09-16T14:21:31+00:00
a45c9ff4733617d95fb7,RU,GMC,Hummer EV,2,2021-2026,,Pickup; SUV 5-door,P0; SU1,https://auto.ru/catalog/cars/gmc/hummer_ev/;https://auto.ru/catalog/cars/gmc/hummer_ev/specifications/,pending,,2026-09-16T14:21:31+00:00
902f2b0dacd21b2822d1,RU,Holden,Apollo,2,1991-1996,,Sedan; Wagon 5-door,H2; SD1,https://auto.ru/catalog/cars/holden/apollo/;https://auto.ru/catalog/cars/holden/apollo/specifications/,pending,,2026-09-16T14:21:31+00:00
2708ba216ff3c2036b94,RU,Holden,Vectra,2,1998-2001,,Hatchback 5-door; Sedan,H0; SD1,https://auto.ru/catalog/cars/holden/vectra/;https://auto.ru/catalog/cars/holden/vectra/specifications/,pending,,2026-09-16T14:21:31+00:00
0e2f9fe56bfeba75d15a,RU,Honda,145,2,1972-1974,I,Coupe; Sedan,SD0; SD1,https://auto.ru/catalog/cars/honda/145/;https://auto.ru/catalog/cars/honda/145/specifications/,pending,,2026-09-16T14:21:31+00:00
e4fefa3d9b276bd5090b,RU,Honda,Brio,2,2011-2018,I,Hatchback 5-door; Sedan,H0; SD1,https://auto.ru/catalog/cars/honda/brio/;https://auto.ru/catalog/cars/honda/brio/specifications/,pending,,2026-09-16T14:21:31+00:00
624cecdfb181fa0147aa,EU,Honda,Civic ii,2,1979-1983,Civic II,Hatchback; Wagon,H0; SD1,https://www.automobile-catalog.com/car/1980/1088330/honda_civic_1300_3-door_gl.html;https://www.automobile-catalog.com/car/1981/1089425/honda_civic_gls_wagon.html,pending,,2026-09-16T14:21:31+00:00
cbe096454a1dce4fdc5c,EU,Honda,Legend ii,2,1991-1996,Legend II,Coupe; Sedan,SD0; SD1,https://www.automobile-catalog.com/car/1991/1092385/honda_legend_3_2i_24v.html;https://www.automobile-catalog.com/car/1991/1092470/honda_legend_coupe_3_2i_24v.html,pending,,2026-09-16T14:21:31+00:00
2fd4c78c3857a35ec31c,RU,Hozon,Neta S,2,2022-2025,,Sedan; Wagon 5-door,H2; SD1,https://auto.ru/catalog/cars/hozon/neta_s/;https://auto.ru/catalog/cars/hozon/neta_s/specifications/,pending,,2026-09-16T14:21:31+00:00
30239dd522b27d2e503e,RU,Hudson,Hornet,2,1950-1954; 1955-1957,I; II,Coupe; Sedan,SD0; SD1,https://auto.ru/catalog/cars/hudson/hornet/;https://auto.ru/catalog/cars/hudson/hornet/specifications/,pending,,2026-09-16T14:21:31+00:00
c99d128c6c8fbfd03ace,RU,Hummer,H3,2,2005-2010,,Pickup; SUV 5-door,P0; SU1,https://auto.ru/catalog/cars/hummer/h3/;https://auto.ru/catalog/cars/hummer/h3/specifications/,pending,,2026-09-16T14:21:31+00:00
45be098166f721627c1a,RU,Hyundai,Celesta,2,2017-2023,,Sedan; Wagon 5-door,H2; SD1,https://auto.ru/catalog/cars/hyundai/celesta/;https://auto.ru/catalog/cars/hyundai/celesta/specifications/,pending,,2026-09-16T14:21:31+00:00
e83ee963942270d8f6ef,EU;RU,Hyundai,Santamo,2,1995-2002; 1999-2002,Santamo I,MPV,SU1; V0,https://auto.ru/catalog/cars/hyundai/santamo/;https://auto.ru/catalog/cars/hyundai/santamo/specifications/;https://www.auto-data.net/en/hyundai-santamo-2.0-i-16v-137hp-13791;https://www.auto-data.net/en/hyundai-santamo-2.0-i-16v-4x4-139hp-13792,pending,,2026-09-16T14:21:31+00:00
c254b62caff67f8cbf52,EU,ISO,Autocarro,2,1954-1958,Autocarro 500; Autofurgone 500,Pickup; Van,P0; SU1,https://fr.scribd.com/document/721289389/Gazoline-2023-03-fr-downmagaz-net,pending,,2026-09-16T14:21:31+00:00
e5274d20bef0ecf9566b,RU,Isuzu,Pa Nero,2,1990-1994,,Coupe; Hatchback 3-door,H0; SD0,https://auto.ru/catalog/cars/isuzu/pa_nero/;https://auto.ru/catalog/cars/isuzu/pa_nero/specifications/,pending,,2026-09-16T14:21:31+00:00
720f4eb93afd675bdb52,EU;RU,Iveco,Massif,2,2007-2011; 2008-2011,Massif,Pickup; SUV 5-door,P0; SU1,https://auto.ru/catalog/cars/iveco/massif/;https://auto.ru/catalog/cars/iveco/massif/specifications/;https://www.iveco.com/en-us/press-room/kit/pages/massif_in_detail.aspx,pending,,2026-09-16T14:21:31+00:00
0b08ba3a77900bd7b9f0,RU,Jensen,Interceptor,2,1966-1976,I,Convertible; Hatchback 3-door,H0; SD0,https://auto.ru/catalog/cars/jensen/interceptor/;https://auto.ru/catalog/cars/jensen/interceptor/specifications/,pending,,2026-09-16T14:21:31+00:00
8a45bf446c1ea21c7ba9,EU;RU,KIA,Ev2,2,2026-2026,I,Hatchback 5-door; SUV,H0; SU1,https://auto.ru/catalog/cars/kia/ev2/;https://auto.ru/catalog/cars/kia/ev2/specifications/;https://www.kia.com/content/dam/kwcms/kme/uk/en/assets/vehicles/ev2/ev2-specifications.pdf,pending,,2026-09-16T14:21:31+00:00
5321fa6c8ba1d297e934,EU,KIA,Soul iii cargo,2,2020-2026,Soul III (SK3); Soul III SK3,Hatchback; Van,H0; SU1,https://eu-www.kia.com/content/dam/kwcms/kme/uk/en/assets/vehicles/soul-ev/specification/kia-soul-ev-specification.pdf;https://www.kia.com/content/dam/kwcms/kme/ie/en/assets/contents/utilty/brochure/spechsheet/e-Soul-Specifications.pdf,pending,,2026-09-16T14:21:31+00:00
a60a1957b47dd65f2cc6,EU,Lada,Kalina ii,2,2013-2018,II,Hatchback; Wagon,H0; SD1,https://www.auto-data.net/en/lada-kalina-ii-combi-2194-generation-4628;https://www.auto-data.net/en/lada-kalina-ii-hatchback-2192-generation-4627,pending,,2026-09-16T14:21:31+00:00
febdecd81207115069aa,RU,Lada (ВАЗ),1111 Ока,2,1987-2008,,Hatchback 3-door; Van,H0; V0,https://auto.ru/catalog/cars/vaz/1111/;https://auto.ru/catalog/cars/vaz/1111/specifications/,pending,,2026-09-16T14:21:31+00:00
edab03261d8b5c64a008,RU,Lada (ВАЗ),2104,2,1984-2012,,Pickup; Wagon 5-door,H2; P0,https://auto.ru/catalog/cars/vaz/2104/;https://auto.ru/catalog/cars/vaz/2104/specifications/,pending,,2026-09-16T14:21:31+00:00
58f235af7dc184fea6a5,RU,Lada (ВАЗ),2109,2,1987-2006,,Hatchback 5-door; SUV 5-door,H0; SU1,https://auto.ru/catalog/cars/vaz/2109/;https://auto.ru/catalog/cars/vaz/2109/specifications/,pending,,2026-09-16T14:21:31+00:00
65e260ca40a10521f894,RU,Lada (ВАЗ),e-Largus,2,2024-2026,,Van; Wagon 5-door,H2; V0,https://auto.ru/catalog/cars/vaz/e_largus/;https://auto.ru/catalog/cars/vaz/e_largus/specifications/,pending,,2026-09-16T14:21:31+00:00
2f4de2fd6bf4da5a37ae,EU,LDV,Convoy,2,1998-2009,Convoy,Pickup; Van,P0; SU1,https://all-andorra.com/daf-400-ldv-convoy/;https://vehiclescore.co.uk/car-dimensions-check/ldv/convoy,pending,,2026-09-16T14:21:31+00:00
6a087a42247d3601a93f,RU,Lifan,Breez (520),2,2007-2014,,Hatchback 5-door; Sedan,H0; SD1,https://auto.ru/catalog/cars/lifan/breez/;https://auto.ru/catalog/cars/lifan/breez/specifications/,pending,,2026-09-16T14:21:31+00:00
f4979e9d87dc9fbe36c1,RU,Lincoln,Premiere,2,1955-1960,,Coupe; Sedan,SD0; SD1,https://auto.ru/catalog/cars/lincoln/premiere/;https://auto.ru/catalog/cars/lincoln/premiere/specifications/,pending,,2026-09-16T14:21:31+00:00
27577b7d1c9f0f90881b,RU,Maruti,Baleno,2,1999-2007,,Sedan; Wagon 5-door,H2; SD1,https://auto.ru/catalog/cars/maruti/baleno/;https://auto.ru/catalog/cars/maruti/baleno/specifications/,pending,,2026-09-16T14:21:31+00:00
34ec4ddbac75abee0780,EU,Maxus,Edeliver 9,2,2020-2026; 2022-2026,I,Chassis Cab; Van,P0; SU1,https://maxusdonegal.ie/wp-content/uploads/2023/04/MAXUS_eDELIVER9_SpecSheet_PDF_HM_29062021_013.pdf,pending,,2026-09-16T14:21:31+00:00
d0815c135acd96e15ebc,EU;RU,Maxus,Euniq 5,2,2019-2022; 2020-2026,Euniq 5 I,MPV,SU1; V0,https://auto.ru/catalog/cars/maxus/euniq_5/;https://auto.ru/catalog/cars/maxus/euniq_5/specifications/;https://www.auto-data.net/en/maxus-euniq-5-61-kwh-177hp-electric-45359,pending,,2026-09-16T14:21:31+00:00
bfc89a9759b7a4b7f197,EU;RU,Maxus,Mifa 7,2,2023-2026,I,MPV,SU1; V0,https://auto.ru/catalog/cars/maxus/mifa_7/;https://auto.ru/catalog/cars/maxus/mifa_7/specifications/;https://saicmaxus.co.uk/wp-content/uploads/2024/04/MIFA-7-MPV-90kWh-V3-1.pdf,pending,,2026-09-16T14:21:31+00:00
6cfbaf0b22f341535c64,EU;RU,Maxus,Mifa 9,2,2021-2026; 2023-2026,I,MPV,SU1; V0,https://auto.ru/catalog/cars/maxus/mifa_9/;https://auto.ru/catalog/cars/maxus/mifa_9/specifications/;https://saicmaxus.co.uk/wp-content/uploads/2023/03/MAXUS_MIFA9_Spec_Brochure_2024_MY24_050624.pdf,pending,,2026-09-16T14:21:31+00:00
7f619fd4c22a57a76241,RU,Mazda,Lantis,2,1993-1997,,Hatchback 5-door; Sedan,H0; SD1,https://auto.ru/catalog/cars/mazda/lantis/;https://auto.ru/catalog/cars/mazda/lantis/specifications/,pending,,2026-09-16T14:21:31+00:00
92df1d57d6fa1d0be32b,EU;RU,Mazda,Rx-5,2,1975-1981; 1976-1980,RX-5,Coupe; Fastback,H0; SD0,https://auto.ru/catalog/cars/mazda/rx_5/;https://auto.ru/catalog/cars/mazda/rx_5/specifications/;https://www.automobile-catalog.com/car/1975/1617740/mazda_rx-5_re12a_5-speed.html,pending,,2026-09-16T14:21:31+00:00
c19c34955356a6d4581d,EU;RU,Mercedes-benz,Eqt,2,2023-2026,EQT,MPV,SU1; V0,https://auto.ru/catalog/cars/mercedes/eqt/;https://auto.ru/catalog/cars/mercedes/eqt/specifications/;https://ev-database.org/car/1908/Mercedes-Benz-EQT-200-Standard,pending,,2026-09-16T14:21:31+00:00
e1fca4db3ee42adab798,RU,Mercedes-Benz,W114,2,1968-1977,,Coupe; Sedan,SD0; SD1,https://auto.ru/catalog/cars/mercedes/w114/;https://auto.ru/catalog/cars/mercedes/w114/specifications/,pending,,2026-09-16T14:21:31+00:00
52517d6b0b923d1dfefd,RU,Mercury,Marauder,2,2002-2004,,Convertible; Sedan,SD0; SD1,https://auto.ru/catalog/cars/mercury/marauder/;https://auto.ru/catalog/cars/mercury/marauder/specifications/,pending,,2026-09-16T14:21:31+00:00
47063e7dd18c9b929e56,RU,Mercury,Tracer,2,1991-1999,,Sedan; Wagon 5-door,H2; SD1,https://auto.ru/catalog/cars/mercury/tracer/;https://auto.ru/catalog/cars/mercury/tracer/specifications/,pending,,2026-09-16T14:21:31+00:00
8799d1cb80eb2c2d8c00,RU,Mitsubishi,Galant Fortis,2,2007-2015,I,Hatchback 5-door; Sedan,H0; SD1,https://auto.ru/catalog/cars/mitsubishi/galant_fortis/;https://auto.ru/catalog/cars/mitsubishi/galant_fortis/specifications/,pending,,2026-09-16T14:21:31+00:00
25e91f751cd73ece6398,RU,Mitsubishi,Sapporo,2,1978-1984; 1987-1990,I; II,Coupe; Sedan,SD0; SD1,https://auto.ru/catalog/cars/mitsubishi/sapporo/;https://auto.ru/catalog/cars/mitsubishi/sapporo/specifications/,pending,,2026-09-16T14:21:31+00:00
b4440b784092a4f7b750,RU,Mitsuoka,Ryugi,2,2015-2026,I,Sedan; Wagon 5-door,H2; SD1,https://auto.ru/catalog/cars/mitsuoka/ryugi/;https://auto.ru/catalog/cars/mitsuoka/ryugi/specifications/,pending,,2026-09-16T14:21:31+00:00
49924560347d00296326,RU,Nissan,Auster,2,1985-1990,III (T12),Hatchback 5-door; Sedan,H0; SD1,https://auto.ru/catalog/cars/nissan/auster/;https://auto.ru/catalog/cars/nissan/auster/specifications/,pending,,2026-09-16T14:21:31+00:00
472890a9f98342614891,RU,Oldsmobile,Achieva,2,1991-1997,,Coupe; Sedan,SD0; SD1,https://auto.ru/catalog/cars/oldsmobile/achieva/;https://auto.ru/catalog/cars/oldsmobile/achieva/specifications/,pending,,2026-09-16T14:21:31+00:00
5e3d008d8386e6852e19,RU,Oldsmobile,Alero,2,1999-2004,,Coupe; Sedan,SD0; SD1,https://auto.ru/catalog/cars/oldsmobile/alero/;https://auto.ru/catalog/cars/oldsmobile/alero/specifications/,pending,,2026-09-16T14:21:31+00:00
bee4dd95b0038160e7ad,RU,Oldsmobile,Cutlass Calais,2,1984-1991,,Coupe; Sedan,SD0; SD1,https://auto.ru/catalog/cars/oldsmobile/cutlass_calais/;https://auto.ru/catalog/cars/oldsmobile/cutlass_calais/specifications/,pending,,2026-09-16T14:21:31+00:00
1191e2e54278b4e9ab09,RU,Oldsmobile,Omega,2,1979-1984,,Coupe; Sedan,SD0; SD1,https://auto.ru/catalog/cars/oldsmobile/omega/;https://auto.ru/catalog/cars/oldsmobile/omega/specifications/,pending,,2026-09-16T14:21:31+00:00
be59f736a40142a85060,RU,Oldsmobile,Series 60,2,1939-1940; 1941-1948,I; II,Coupe; Wagon 5-door,H2; SD0,https://auto.ru/catalog/cars/oldsmobile/series_60/;https://auto.ru/catalog/cars/oldsmobile/series_60/specifications/,pending,,2026-09-16T14:21:31+00:00
e256819094def700dd62,RU,Oldsmobile,Starfire,2,1961-1966; 1975-1980,I; II,Convertible; Hatchback 3-door,H0; SD0,https://auto.ru/catalog/cars/oldsmobile/starfire/;https://auto.ru/catalog/cars/oldsmobile/starfire/specifications/,pending,,2026-09-16T14:21:31+00:00
b3461d6de36979191dc4,EU,Opel,Kadett a,2,1962-1965; 1963-1965,Kadett A,Coupe; Sedan,SD0; SD1,https://www.automobile-catalog.com/car/1964/2411360/opel_kadett_1000_s.html;https://www.automobile-catalog.com/car/1964/2411435/opel_kadett_coupe.html,pending,,2026-09-16T14:21:31+00:00
4feb29280cfc1a65df14,EU,Opel,Olympia a,2,1967-1971,Olympia A,Coupe; Hatchback,H0; SD0,https://www.automobile-catalog.com/car/1967/2414900/opel_olympia_coupe_1700_s.html;https://www.ultimatespecs.com/car-specs/Opel/20996/Opel-Olympia-A-11.html,pending,,2026-09-16T14:21:31+00:00
ad1366d2f4182f5a7931,RU,Opel,Super Six,2,1936-1938,,Convertible; Sedan,SD0; SD1,https://auto.ru/catalog/cars/opel/super_six/;https://auto.ru/catalog/cars/opel/super_six/specifications/,pending,,2026-09-16T14:21:31+00:00
712e9aa982f5755a8d14,RU,Opel,Vectra OPC,2,2005-2008,C Рестайлинг,Liftback; Wagon 5-door,H0; H2,https://auto.ru/catalog/cars/opel/vectra_opc/;https://auto.ru/catalog/cars/opel/vectra_opc/specifications/,pending,,2026-09-16T14:21:31+00:00
e0c1dcf6cbd1de5f3b4e,RU,Packard,Custom Eight,2,1948-1950,,Convertible; Sedan,SD0; SD1,https://auto.ru/catalog/cars/packard/custom_eight/;https://auto.ru/catalog/cars/packard/custom_eight/specifications/,pending,,2026-09-16T14:21:31+00:00
1e8ff95c4556136a9ac5,RU,Peugeot,207i (Iran Khodro),2,2016-2024,,Hatchback 5-door; Sedan,H0; SD1,https://auto.ru/catalog/cars/peugeot/207i/;https://auto.ru/catalog/cars/peugeot/207i/specifications/,pending,,2026-09-16T14:21:31+00:00
2c7b095d9b22b146c5bc,RU,Peugeot,305,2,1977-1990,,Sedan; Wagon 5-door,H2; SD1,https://auto.ru/catalog/cars/peugeot/305/;https://auto.ru/catalog/cars/peugeot/305/specifications/,pending,,2026-09-16T14:21:31+00:00
246999aab3f32e48dbdd,RU,Peugeot,405,2,1987-2014,,Sedan; Wagon 5-door,H2; SD1,https://auto.ru/catalog/cars/peugeot/405/;https://auto.ru/catalog/cars/peugeot/405/specifications/,pending,,2026-09-16T14:21:31+00:00
90c2dd2d5c4ad9c6b2ac,RU,Plymouth,Reliant,2,1981-1989,I,Sedan; Wagon 5-door,H2; SD1,https://auto.ru/catalog/cars/plymouth/reliant/;https://auto.ru/catalog/cars/plymouth/reliant/specifications/,pending,,2026-09-16T14:21:31+00:00
de009a2c071e810afdc7,RU,Pontiac,G4,2,2005-2010,,Coupe; Sedan,SD0; SD1,https://auto.ru/catalog/cars/pontiac/g4/;https://auto.ru/catalog/cars/pontiac/g4/specifications/,pending,,2026-09-16T14:21:31+00:00
b04bdb990a0d244edaca,RU,Pontiac,G5,2,2004-2010,,Coupe; Sedan,SD0; SD1,https://auto.ru/catalog/cars/pontiac/g5/;https://auto.ru/catalog/cars/pontiac/g5/specifications/,pending,,2026-09-16T14:21:31+00:00
87e760318895bf5e2fd2,RU,Pontiac,Parisienne,2,1971-1986,,Sedan; Wagon 5-door,H2; SD1,https://auto.ru/catalog/cars/pontiac/parisienne/;https://auto.ru/catalog/cars/pontiac/parisienne/specifications/,pending,,2026-09-16T14:21:31+00:00
ce58792728e77b005139,EU,Proton,Wira,2,2000-2007; 2000-2026,Persona/Wira I,Hatchback; Sedan,H0; SD1,https://www.auto-data.net/en/proton-persona-i-generation-1816;https://www.auto-data.net/en/proton-persona-i-hatchback-1.6-i-16v-416-gli-95hp-8251,pending,,2026-09-16T14:21:31+00:00
43402944beb71dbf4e05,EU;RU,Renault,15,2,1972-1980,I,Coupe; Hatchback 3-door,H0; SD0,https://auto.ru/catalog/cars/renault/15/;https://auto.ru/catalog/cars/renault/15/specifications/;https://www.automobile-catalog.com/car/1976/2929265/renault_15_ts.html,pending,,2026-09-16T14:21:31+00:00
6bd91e82d4a5804937a7,EU;RU,Rolls-royce,Camargue,2,1974-1987; 1975-1986,Camargue,Coupe; Sedan,SD0; SD1,https://auto.ru/catalog/cars/rolls_royce/camargue/;https://auto.ru/catalog/cars/rolls_royce/camargue/specifications/;https://www.automobile-catalog.com/car/1975/29090/rolls-royce_camargue.html,pending,,2026-09-16T14:21:31+00:00
bb4a9166101626776515,RU,Rover,45,2,1999-2005,,Hatchback 5-door; Sedan,H0; SD1,https://auto.ru/catalog/cars/rover/45/;https://auto.ru/catalog/cars/rover/45/specifications/,pending,,2026-09-16T14:21:31+00:00
69c7c3857245975a67d1,EU;RU,Saab,90,2,1984-1987,90,Coupe; Sedan,SD0; SD1,https://auto.ru/catalog/cars/saab/90/;https://auto.ru/catalog/cars/saab/90/specifications/;https://www.automobile-catalog.com/car/1985/3027260/saab_90_4-speed.html,pending,,2026-09-16T14:21:31+00:00
6c857a6b40b57b24bda5,RU,SAIC,Z7,2,2026-2026,,Sedan; Wagon 5-door,H2; SD1,https://auto.ru/catalog/cars/saic/z7/;https://auto.ru/catalog/cars/saic/z7/specifications/,pending,,2026-09-16T14:21:31+00:00
c555c9014564a91e7187,RU,Saipa,Tiba,2,2009-2022,I,Hatchback 5-door; Sedan,H0; SD1,https://auto.ru/catalog/cars/saipa/tiba/;https://auto.ru/catalog/cars/saipa/tiba/specifications/,pending,,2026-09-16T14:21:31+00:00
0e82affa40a653f2c0d8,RU,Saturn,ION,2,2003-2007,,Coupe; Sedan,SD0; SD1,https://auto.ru/catalog/cars/saturn/ion/;https://auto.ru/catalog/cars/saturn/ion/specifications/,pending,,2026-09-16T14:21:31+00:00
4b3fe0c7c26d46b2a981,EU;RU,Seat,133,2,1974-1979,133,Hatchback 3-door; Sedan,H0; SD1,https://auto.ru/catalog/cars/seat/133/;https://auto.ru/catalog/cars/seat/133/specifications/;https://www.automobile-catalog.com/car/1975/40040/seat_133_n.html,pending,,2026-09-16T14:21:31+00:00
92b3ef7c9e148011c6ac,EU;RU,Ssangyong,Stavic,2,2005-2012; 2013-2019,Rodius/Stavic I,MPV,SU1; V0,https://auto.ru/catalog/cars/ssang_yong/stavic/;https://auto.ru/catalog/cars/ssang_yong/stavic/specifications/;https://www.auto-online.com.tw/news/0-7716;https://www.automobile-catalog.com/car/2012/3164675/ssangyong_rodius_sv270_xdi_automatic.html,pending,,2026-09-16T14:21:31+00:00
1efdcd12825fcf22a7d4,RU,Stelato,S9,2,2024-2026,,Sedan; Wagon 5-door,H2; SD1,https://auto.ru/catalog/cars/stelato/s9/;https://auto.ru/catalog/cars/stelato/s9/specifications/,pending,,2026-09-16T14:21:31+00:00
246b77cf235008f5f64f,RU,Subaru,1000,2,1965-1969,I,Sedan; Wagon 5-door,H2; SD1,https://auto.ru/catalog/cars/subaru/1000/;https://auto.ru/catalog/cars/subaru/1000/specifications/,pending,,2026-09-16T14:21:31+00:00
a2937cdea4a476e7b2f5,EU;RU,Subaru,E-Outback,2,2026-2026,E-Outback I,SUV 5-door; Wagon,SD1; SU1,https://auto.ru/catalog/cars/subaru/e_outback/;https://auto.ru/catalog/cars/subaru/e_outback/specifications/;https://ev-database.org/car/3506/Subaru-E-Outback-AWD,pending,,2026-09-16T14:21:31+00:00
55abb5c1075938f82511,RU,Suzuki,Aerio,2,2001-2007,,Sedan; Wagon 5-door,H2; SD1,https://auto.ru/catalog/cars/suzuki/aerio/;https://auto.ru/catalog/cars/suzuki/aerio/specifications/,pending,,2026-09-16T14:21:31+00:00
099e6a64783b68f85a59,RU,Suzuki,Esteem,2,1995-2004,,Sedan; Wagon 5-door,H2; SD1,https://auto.ru/catalog/cars/suzuki/esteem/;https://auto.ru/catalog/cars/suzuki/esteem/specifications/,pending,,2026-09-16T14:21:31+00:00
3f7205ee6bc7802e4a4b,RU,Suzuki,Forenza,2,2003-2008,,Sedan; Wagon 5-door,H2; SD1,https://auto.ru/catalog/cars/suzuki/forenza/;https://auto.ru/catalog/cars/suzuki/forenza/specifications/,pending,,2026-09-16T14:21:31+00:00
943e2eb4c481b46d5f23,EU,Suzuki,X-90,2,1995-1997,I; X-90,Convertible; SUV,SD0; SU1,https://www.automobile-catalog.com/car/1995/3351485/suzuki_x-90_4wd_automatic.html;https://www.automobile-catalog.com/car/1996/3351515/suzuki_x-90_4wd_automatic.html,pending,,2026-09-16T14:21:31+00:00
b9a2c3c0ccd79f7c34a0,RU,Tatra,57,2,1932-1949,,Convertible; Sedan,SD0; SD1,https://auto.ru/catalog/cars/tatra/57/;https://auto.ru/catalog/cars/tatra/57/specifications/,pending,,2026-09-16T14:21:31+00:00
302c594597cdd4094f5a,RU,Tatra,T613,2,1973-1996,,Convertible; Sedan,SD0; SD1,https://auto.ru/catalog/cars/tatra/t613/;https://auto.ru/catalog/cars/tatra/t613/specifications/,pending,,2026-09-16T14:21:31+00:00
9d4c9b37961c4f81b6d2,RU,Tianye,Admiral,2,2001-2007,,Pickup; SUV 5-door,P0; SU1,https://auto.ru/catalog/cars/tianye/admiral/;https://auto.ru/catalog/cars/tianye/admiral/specifications/,pending,,2026-09-16T14:21:31+00:00
b6ed71531c0dabc4ef0f,EU,Toyota,1000,2,1969-1978; 1969-1988,P30,Hatchback; Wagon,H0; SD1,https://www.automobile-catalog.com/car/1969/3437660/toyota_publica_1000_standard_kp30.html;https://www.automobile-catalog.com/car/1974/3438800/toyota_1000.html,pending,,2026-09-16T14:21:31+00:00
21b6c15e3bdd5d3ffaa2,RU,Toyota,Altezza,2,1998-2005,,Sedan; Wagon 5-door,H2; SD1,https://auto.ru/catalog/cars/toyota/altezza/;https://auto.ru/catalog/cars/toyota/altezza/specifications/,pending,,2026-09-16T14:21:31+00:00
cbf12329c35366612083,RU,Toyota,Cavalier,2,1995-2000,,Coupe; Sedan,SD0; SD1,https://auto.ru/catalog/cars/toyota/cavalier/;https://auto.ru/catalog/cars/toyota/cavalier/specifications/,pending,,2026-09-16T14:21:31+00:00
35bc6fba9b4b2fab1e5c,EU,Toyota,Proace max,2,2024-2026,X290,Pickup; Van,P0; SU1,https://media.toyota.co.uk/wp-content/uploads/sites/5/pdf/240910-Proace-Max-Tech-Specs.pdf;https://www.toyotanews.eu/images/PDF/TOYOTA_PROACE_MAX_Technicke_udaje.pdf,pending,,2026-09-16T14:21:31+00:00
3cda0a513593427d159c,RU,Toyota,WiLL,2,2000-2001; 2001-2004,I (Vi); II (VS),Hatchback 5-door; Sedan,H0; SD1,https://auto.ru/catalog/cars/toyota/will/;https://auto.ru/catalog/cars/toyota/will/specifications/,pending,,2026-09-16T14:21:31+00:00
7cf170bebcaa5d8c6a11,RU,Trabant,600,2,1962-1964,,Sedan; Wagon 3-door,H2; SD1,https://auto.ru/catalog/cars/trabant/600/;https://auto.ru/catalog/cars/trabant/600/specifications/,pending,,2026-09-16T14:21:31+00:00
0458a1a9dd021bd30821,RU,Trabant,P50,2,1958-1962,,Sedan; Wagon 3-door,H2; SD1,https://auto.ru/catalog/cars/trabant/p50/;https://auto.ru/catalog/cars/trabant/p50/specifications/,pending,,2026-09-16T14:21:31+00:00
9f748e15baf656875d6c,EU,Tropos,Able xt,2,2019-2026,Able XT,Pickup; Van,P0; SU1,https://vision-mobility.de/en/news/test-report-tropos-able-xt-tough-electric-utility-vehicle-for-the-city-64385.html,pending,,2026-09-16T14:21:31+00:00
d265cdf7474b9b4334f4,RU,Vauxhall,Carlton,2,1984-1994,,Sedan; Wagon 5-door,H2; SD1,https://auto.ru/catalog/cars/vauxhall/carlton/;https://auto.ru/catalog/cars/vauxhall/carlton/specifications/,pending,,2026-09-16T14:21:31+00:00
927480ba25c57a3835f3,RU,Vauxhall,Royale,2,1978-1987,,Coupe; Sedan,SD0; SD1,https://auto.ru/catalog/cars/vauxhall/royale/;https://auto.ru/catalog/cars/vauxhall/royale/specifications/,pending,,2026-09-16T14:21:31+00:00
a278bf5a25f8cfea1570,EU,Victory,Victory,2,2023-2026,Victory,Pickup; Van,P0; SU1,https://ecocar.city/victory-van-pick-up/?lang=en,pending,,2026-09-16T14:21:31+00:00
1a0c5f6a5eef2a3b63a4,RU,Volkswagen,Arteon R,2,2020-2024,,Liftback; Wagon 5-door,H0; H2,https://auto.ru/catalog/cars/volkswagen/arteon_r/;https://auto.ru/catalog/cars/volkswagen/arteon_r/specifications/,pending,,2026-09-16T14:21:31+00:00
f374154662d8cd2db0ad,RU,Volkswagen,ID.7,2,2023-2026,,Liftback; Wagon 5-door,H0; H2,https://auto.ru/catalog/cars/volkswagen/id7/;https://auto.ru/catalog/cars/volkswagen/id7/specifications/,pending,,2026-09-16T14:21:31+00:00
b457d4303cdc9bb9a584,RU,Volvo,240 Series,2,1974-1993,,Sedan; Wagon 5-door,H2; SD1,https://auto.ru/catalog/cars/volvo/240_series/;https://auto.ru/catalog/cars/volvo/240_series/specifications/,pending,,2026-09-16T14:21:31+00:00
fcaa9241ad29127bed8e,EU,VW,Iltis,2,1979-1988; 1987-1988,Iltis,Convertible; SUV,SD0; SU1,https://www.carfolio.com/volkswagen-iltis-73007;https://www.volkswagen-newsroom.com/en/vehicle-data-iltis-profile-19698,pending,,2026-09-16T14:21:31+00:00
8b545e5c0c56085c29c7,RU,Wanderer,W22,2,1933-1938,,Convertible; Sedan,SD0; SD1,https://auto.ru/catalog/cars/wanderer/w22/;https://auto.ru/catalog/cars/wanderer/w22/specifications/,pending,,2026-09-16T14:21:31+00:00
2a77717e21db657c15d4,RU,Wanderer,W50,2,1936-1938,I,Convertible; Sedan,SD0; SD1,https://auto.ru/catalog/cars/wanderer/w50/;https://auto.ru/catalog/cars/wanderer/w50/specifications/,pending,,2026-09-16T14:21:31+00:00
ad4044e7192061dce5ba,RU,Wartburg,1.3,2,1988-1991,,Sedan; Wagon 5-door,H2; SD1,https://auto.ru/catalog/cars/wartburg/1_3/;https://auto.ru/catalog/cars/wartburg/1_3/specifications/,pending,,2026-09-16T14:21:31+00:00
6a0ada2eb6811e742aab,EU,Xbus,Xbus,2,2022-2026,XBUS,Pickup; Van,P0; SU1,https://www.danseamanmotors.ie/blog?id=190,pending,,2026-09-16T14:21:31+00:00
622b50b82ff51112d6f4,RU,Zeekr,007,2,2023-2026,,Sedan; Wagon 5-door,H2; SD1,https://auto.ru/catalog/cars/zeekr/007/;https://auto.ru/catalog/cars/zeekr/007/specifications/,pending,,2026-09-16T14:21:31+00:00
440d01efcc82301cf16e,RU,ГАЗ,3102 'Волга',2,1982-2009,,Sedan; Wagon 5-door,H2; SD1,https://auto.ru/catalog/cars/gaz/3102/;https://auto.ru/catalog/cars/gaz/3102/specifications/,pending,,2026-09-16T14:21:31+00:00
7f91b21133a0099600dc,RU,ГАЗ,М-20 'Победа',2,1946-1958,,Convertible; Fastback,H0; SD0,https://auto.ru/catalog/cars/gaz/m_20/;https://auto.ru/catalog/cars/gaz/m_20/specifications/,pending,,2026-09-16T14:21:31+00:00
306ed6b0b710d83e1ae8,RU,ЗАЗ,Chance,2,2009-2014,,Hatchback 5-door; Sedan,H0; SD1,https://auto.ru/catalog/cars/zaz/chance/;https://auto.ru/catalog/cars/zaz/chance/specifications/,pending,,2026-09-16T14:21:31+00:00
64e62cec9e5e2e926d25,RU,ЗАЗ,Lanos,2,2004-2015,,Hatchback 5-door; Sedan,H0; SD1,https://auto.ru/catalog/cars/zaz/zaz_lanos/;https://auto.ru/catalog/cars/zaz/zaz_lanos/specifications/,pending,,2026-09-16T14:21:31+00:00
3f16a143cadf5117d90f,RU,ЗАЗ,Vida,2,2012-2016,,Hatchback 5-door; Sedan,H0; SD1,https://auto.ru/catalog/cars/zaz/vida/;https://auto.ru/catalog/cars/zaz/vida/specifications/,pending,,2026-09-16T14:21:31+00:00
181d255f70b8572609e3,RU,Иж,2717,2,1997-2005,,Pickup; Van,P0; V0,https://auto.ru/catalog/cars/ig/2717/;https://auto.ru/catalog/cars/ig/2717/specifications/,pending,,2026-09-16T14:21:31+00:00
d490f6df1a8bfa07f731,RU,Спортивные авто и реплики,Дрифт-кар,2,1950-2026,,Coupe; Sedan,SD0; SD1,https://auto.ru/catalog/cars/promo_auto/drift/;https://auto.ru/catalog/cars/promo_auto/drift/specifications/,pending,,2026-09-16T14:21:31+00:00
24009a04b836cab11972,RU,ТагАЗ,Road Partner,2,2008-2011,,Pickup; SUV 5-door,P0; SU1,https://auto.ru/catalog/cars/tagaz/road_partner/;https://auto.ru/catalog/cars/tagaz/road_partner/specifications/,pending,,2026-09-16T14:21:31+00:00
