BASE_CLUSTER_ID,CANDIDATE_TYPE,CANDIDATE_ROW_COUNT,TARGET_PHYSICAL_SKU,MERGE_STATUS,REJECT_REASON,ORIGINAL_ATOM_COUNT,EXPANDED_ATOM_COUNT,EXISTING_ATOM_COUNT,INFERRED_NEW_ATOM_COUNT,MULTI_CLUSTER_ATOM_COUNT,PHYSICAL_SKU_CONFLICT_ATOM_COUNT,CONFLICT_ATOM_SAMPLES,CONFLICT_ATOMS
PK-XL-HD-SRW-GMC-Sierra-2500HD-3500HD,,2,PK-XL,ACCEPT,,14,14,14,0,0,0,,
PK-XL-HD-SRW-GMC-Sierra-2500HD-3500HD,,3,PK-XL,ACCEPT,,19,19,19,0,0,0,,
PK-XL-HD-SRW-GMC-Sierra-2500HD-3500HD,,4,PK-XL,ACCEPT,,26,26,26,0,0,0,,
PK-XL-DRW-DRW-Chevrolet-C-K,,2,PK-XL,ACCEPT,,13,26,13,13,0,0,,
PK-XL-FULLSIZE-SRW-Chevrolet-C-K,,2,PK-XL,ACCEPT,,13,26,13,13,0,0,,
PK-XXL-HD-SRW-GMC-Sierra-2500HD-3500HD,,2,PK-XXL,ACCEPT,,14,14,14,0,0,0,,
PK-XXL-HD-SRW-GMC-Sierra-2500HD-3500HD,,3,PK-XXL,ACCEPT,,19,19,19,0,0,0,,
PK-XXL-HD-SRW-GMC-Sierra-2500HD-3500HD,,4,PK-XXL,ACCEPT,,24,38,24,14,0,0,,
PK-XXL-HD-SRW-GMC-Sierra-2500HD-3500HD,,5,PK-XXL,ACCEPT,,31,52,38,14,0,0,,
PK-XXL-HD-SRW-GMC-Sierra-2500HD-3500HD,,6,PK-XXL,ACCEPT,,38,52,38,14,0,0,,
PK-M+-FULLSIZE-SRW-Chevrolet-C-K,,2,PK-M+,ACCEPT,,13,13,13,0,0,0,,
PK-M+-FULLSIZE-SRW-Chevrolet-C-K,,3,PK-M+,ACCEPT,,18,52,18,34,0,0,,
PK-M+-FULLSIZE-SRW-Chevrolet-C-K,,4,PK-M+,REJECT,PHYSICAL_SKU conflict: 13 atoms cross SKU boundary,32,162,45,117,0,13,Chevrolet|C/K||1960|Regular|8.0; Chevrolet|C/K||1961|Regular|8.0; Chevrolet|C/K||1962|Regular|8.0; Chevrolet|C/K||1963|Regular|8.0; Chevrolet|C/K||1964|Regular|8.0,Chevrolet|C/K||1960|Regular|8.0; Chevrolet|C/K||1961|Regular|8.0; Chevrolet|C/K||1962|Regular|8.0; Chevrolet|C/K||1963|Regular|8.0; Chevrolet|C/K||1964|Regular|8.0; Chevrolet|C/K||1965|Regular|8.0; Chevrolet|C/K||1966|Regular|8.0; Chevrolet|C/K||1967|Regular|8.0; Chevrolet|C/K||1968|Regular|8.0; Chevrolet|C/K||1969|Regular|8.0; Chevrolet|C/K||1970|Regular|8.0; Chevrolet|C/K||1971|Regular|8.0; Chevrolet|C/K||1972|Regular|8.0
PK-M+-FULLSIZE-SRW-Chevrolet-C-K,,4,PK-M+,REJECT,PHYSICAL_SKU conflict: 13 atoms cross SKU boundary,20,135,34,101,0,13,Chevrolet|C/K||1960|Regular|8.0; Chevrolet|C/K||1961|Regular|8.0; Chevrolet|C/K||1962|Regular|8.0; Chevrolet|C/K||1963|Regular|8.0; Chevrolet|C/K||1964|Regular|8.0,Chevrolet|C/K||1960|Regular|8.0; Chevrolet|C/K||1961|Regular|8.0; Chevrolet|C/K||1962|Regular|8.0; Chevrolet|C/K||1963|Regular|8.0; Chevrolet|C/K||1964|Regular|8.0; Chevrolet|C/K||1965|Regular|8.0; Chevrolet|C/K||1966|Regular|8.0; Chevrolet|C/K||1967|Regular|8.0; Chevrolet|C/K||1968|Regular|8.0; Chevrolet|C/K||1969|Regular|8.0; Chevrolet|C/K||1970|Regular|8.0; Chevrolet|C/K||1971|Regular|8.0; Chevrolet|C/K||1972|Regular|8.0
PK-M+-FULLSIZE-SRW-Chevrolet-C-K,,2,PK-M+,ACCEPT,,16,32,17,15,0,0,,
PK-M+-FULLSIZE-SRW-Chevrolet-C-K,,4,PK-M+,REJECT,PHYSICAL_SKU conflict: 13 atoms cross SKU boundary,29,144,42,102,0,13,Chevrolet|C/K||1960|Regular|8.0; Chevrolet|C/K||1961|Regular|8.0; Chevrolet|C/K||1962|Regular|8.0; Chevrolet|C/K||1963|Regular|8.0; Chevrolet|C/K||1964|Regular|8.0,Chevrolet|C/K||1960|Regular|8.0; Chevrolet|C/K||1961|Regular|8.0; Chevrolet|C/K||1962|Regular|8.0; Chevrolet|C/K||1963|Regular|8.0; Chevrolet|C/K||1964|Regular|8.0; Chevrolet|C/K||1965|Regular|8.0; Chevrolet|C/K||1966|Regular|8.0; Chevrolet|C/K||1967|Regular|8.0; Chevrolet|C/K||1968|Regular|8.0; Chevrolet|C/K||1969|Regular|8.0; Chevrolet|C/K||1970|Regular|8.0; Chevrolet|C/K||1971|Regular|8.0; Chevrolet|C/K||1972|Regular|8.0
PK-M+-FULLSIZE-SRW-Chevrolet-C-K,,3,PK-M+,ACCEPT,,27,52,27,25,0,0,,
PK-M+-FULLSIZE-SRW-Chevrolet-C-K,,4,PK-M+,REJECT,PHYSICAL_SKU conflict: 10 atoms cross SKU boundary,28,276,38,238,0,10,Chevrolet|C/K||1989|Regular|6.5; Chevrolet|C/K||1990|Regular|6.5; Chevrolet|C/K||1991|Regular|6.5; Chevrolet|C/K||1992|Regular|6.5; Chevrolet|C/K||1993|Regular|6.5,Chevrolet|C/K||1989|Regular|6.5; Chevrolet|C/K||1990|Regular|6.5; Chevrolet|C/K||1991|Regular|6.5; Chevrolet|C/K||1992|Regular|6.5; Chevrolet|C/K||1993|Regular|6.5; Chevrolet|C/K||1994|Regular|6.5; Chevrolet|C/K||1995|Regular|6.5; Chevrolet|C/K||1996|Regular|6.5; Chevrolet|C/K||1997|Regular|6.5; Chevrolet|C/K||1998|Regular|6.5
PK-M+-FULLSIZE-SRW-Chevrolet-C-K,,4,PK-M+,REJECT,PHYSICAL_SKU conflict: 38 atoms cross SKU boundary,37,208,75,133,0,38,Chevrolet|C/K|R/V|1987|Regular|6.5; Chevrolet|C/K|R/V|1988|Regular|6.5; Chevrolet|C/K||1973|Regular|6.5; Chevrolet|C/K||1974|Regular|6.5; Chevrolet|C/K||1975|Regular|6.5,Chevrolet|C/K|R/V|1987|Regular|6.5; Chevrolet|C/K|R/V|1988|Regular|6.5; Chevrolet|C/K||1973|Regular|6.5; Chevrolet|C/K||1974|Regular|6.5; Chevrolet|C/K||1975|Regular|6.5; Chevrolet|C/K||1976|Regular|6.5; Chevrolet|C/K||1977|Regular|6.5; Chevrolet|C/K||1978|Regular|6.5; Chevrolet|C/K||1979|Regular|6.5; Chevrolet|C/K||1980|Regular|6.5; Chevrolet|C/K||1981|Regular|6.5; Chevrolet|C/K||1982|Regular|6.5; Chevrolet|C/K||1983|Regular|6.5; Chevrolet|C/K||1984|Regular|6.5; Chevrolet|C/K||1985|Regular|6.5; Chevrolet|C/K||1986|Regular|6.5; Chevrolet|C/K||1988|Extended|8.0; Chevrolet|C/K||1988|Regular|6.5; Chevrolet|C/K||1989|Extended|8.0; Chevrolet|C/K||1989|Regular|6.5; Chevrolet|C/K||1990|Extended|8.0; Chevrolet|C/K||1990|Regular|6.5; Chevrolet|C/K||1991|Extended|8.0; Chevrolet|C/K||1991|Regular|6.5; Chevrolet|C/K||1992|Extended|8.0; Chevrolet|C/K||1992|Regular|6.5; Chevrolet|C/K||1993|Extended|8.0; Chevrolet|C/K||1993|Regular|6.5; Chevrolet|C/K||1994|Extended|8.0; Chevrolet|C/K||1994|Regular|6.5; Chevrolet|C/K||1995|Extended|8.0; Chevrolet|C/K||1995|Regular|6.5; Chevrolet|C/K||1996|Extended|8.0; Chevrolet|C/K||1996|Regular|6.5; Chevrolet|C/K||1997|Extended|8.0; Chevrolet|C/K||1997|Regular|6.5; Chevrolet|C/K||1998|Extended|8.0; Chevrolet|C/K||1998|Regular|6.5
PK-M+-FULLSIZE-SRW-Chevrolet-C-K,,4,PK-M+,ACCEPT,,19,252,19,233,0,0,,
PK-M+-FULLSIZE-SRW-Chevrolet-C-K,,4,PK-M+,REJECT,PHYSICAL_SKU conflict: 39 atoms cross SKU boundary,28,324,78,246,0,39,Chevrolet|C/K|Classic|1999|Extended|8.0; Chevrolet|C/K|R/V|1987|Regular|6.5; Chevrolet|C/K|R/V|1988|Regular|6.5; Chevrolet|C/K||1973|Regular|6.5; Chevrolet|C/K||1974|Regular|6.5,Chevrolet|C/K|Classic|1999|Extended|8.0; Chevrolet|C/K|R/V|1987|Regular|6.5; Chevrolet|C/K|R/V|1988|Regular|6.5; Chevrolet|C/K||1973|Regular|6.5; Chevrolet|C/K||1974|Regular|6.5; Chevrolet|C/K||1975|Regular|6.5; Chevrolet|C/K||1976|Regular|6.5; Chevrolet|C/K||1977|Regular|6.5; Chevrolet|C/K||1978|Regular|6.5; Chevrolet|C/K||1979|Regular|6.5; Chevrolet|C/K||1980|Regular|6.5; Chevrolet|C/K||1981|Regular|6.5; Chevrolet|C/K||1982|Regular|6.5; Chevrolet|C/K||1983|Regular|6.5; Chevrolet|C/K||1984|Regular|6.5; Chevrolet|C/K||1985|Regular|6.5; Chevrolet|C/K||1986|Regular|6.5; Chevrolet|C/K||1988|Extended|8.0; Chevrolet|C/K||1988|Regular|6.5; Chevrolet|C/K||1989|Extended|8.0; Chevrolet|C/K||1989|Regular|6.5; Chevrolet|C/K||1990|Extended|8.0; Chevrolet|C/K||1990|Regular|6.5; Chevrolet|C/K||1991|Extended|8.0; Chevrolet|C/K||1991|Regular|6.5; Chevrolet|C/K||1992|Extended|8.0; Chevrolet|C/K||1992|Regular|6.5; Chevrolet|C/K||1993|Extended|8.0; Chevrolet|C/K||1993|Regular|6.5; Chevrolet|C/K||1994|Extended|8.0; Chevrolet|C/K||1994|Regular|6.5; Chevrolet|C/K||1995|Extended|8.0; Chevrolet|C/K||1995|Regular|6.5; Chevrolet|C/K||1996|Extended|8.0; Chevrolet|C/K||1996|Regular|6.5; Chevrolet|C/K||1997|Extended|8.0; Chevrolet|C/K||1997|Regular|6.5; Chevrolet|C/K||1998|Extended|8.0; Chevrolet|C/K||1998|Regular|6.5
PK-M+-FULLSIZE-SRW-Chevrolet-C-K,,2,PK-M+,ACCEPT,,11,22,11,11,0,0,,
PK-M+-FULLSIZE-SRW-Chevrolet-C-K,,4,PK-M+,REJECT,PHYSICAL_SKU conflict: 13 atoms cross SKU boundary,20,135,33,102,0,13,Chevrolet|C/K||1960|Regular|8.0; Chevrolet|C/K||1961|Regular|8.0; Chevrolet|C/K||1962|Regular|8.0; Chevrolet|C/K||1963|Regular|8.0; Chevrolet|C/K||1964|Regular|8.0,Chevrolet|C/K||1960|Regular|8.0; Chevrolet|C/K||1961|Regular|8.0; Chevrolet|C/K||1962|Regular|8.0; Chevrolet|C/K||1963|Regular|8.0; Chevrolet|C/K||1964|Regular|8.0; Chevrolet|C/K||1965|Regular|8.0; Chevrolet|C/K||1966|Regular|8.0; Chevrolet|C/K||1967|Regular|8.0; Chevrolet|C/K||1968|Regular|8.0; Chevrolet|C/K||1969|Regular|8.0; Chevrolet|C/K||1970|Regular|8.0; Chevrolet|C/K||1971|Regular|8.0; Chevrolet|C/K||1972|Regular|8.0
PK-M+-FULLSIZE-SRW-Chevrolet-C-K,,4,PK-M+,ACCEPT,,29,84,29,55,0,0,,
PK-M+-FULLSIZE-SRW-Chevrolet-C-K,,3,PK-M+,REJECT,PHYSICAL_SKU conflict: 22 atoms cross SKU boundary,13,96,45,51,0,22,Chevrolet|C/K|Classic|1999|Extended|8.0; Chevrolet|C/K|Classic|2000|Extended|8.0; Chevrolet|C/K||1989|Extended|8.0; Chevrolet|C/K||1989|Regular|6.5; Chevrolet|C/K||1990|Extended|8.0,Chevrolet|C/K|Classic|1999|Extended|8.0; Chevrolet|C/K|Classic|2000|Extended|8.0; Chevrolet|C/K||1989|Extended|8.0; Chevrolet|C/K||1989|Regular|6.5; Chevrolet|C/K||1990|Extended|8.0; Chevrolet|C/K||1990|Regular|6.5; Chevrolet|C/K||1991|Extended|8.0; Chevrolet|C/K||1991|Regular|6.5; Chevrolet|C/K||1992|Extended|8.0; Chevrolet|C/K||1992|Regular|6.5; Chevrolet|C/K||1993|Extended|8.0; Chevrolet|C/K||1993|Regular|6.5; Chevrolet|C/K||1994|Extended|8.0; Chevrolet|C/K||1994|Regular|6.5; Chevrolet|C/K||1995|Extended|8.0; Chevrolet|C/K||1995|Regular|6.5; Chevrolet|C/K||1996|Extended|8.0; Chevrolet|C/K||1996|Regular|6.5; Chevrolet|C/K||1997|Extended|8.0; Chevrolet|C/K||1997|Regular|6.5; Chevrolet|C/K||1998|Extended|8.0; Chevrolet|C/K||1998|Regular|6.5
PK-XXL-DRW-DRW-Chevrolet-C-K,,2,PK-XXL,ACCEPT,,19,38,19,19,0,0,,
PK-XXL-DRW-DRW-Chevrolet-C-K,,3,PK-XXL,ACCEPT,,26,52,26,26,0,0,,
PK-XXL-DRW-DRW-Chevrolet-C-K,,4,PK-XXL,ACCEPT,,28,84,30,54,0,0,,
PK-XXL-DRW-DRW-Chevrolet-C-K,,5,PK-XXL,ACCEPT,,30,84,30,54,0,0,,
PK-M+-DRW-DRW-Chevrolet-C-K,,2,PK-M+,ACCEPT,,16,32,17,15,0,0,,
PK-M+-DRW-DRW-Chevrolet-C-K,,3,PK-M+,ACCEPT,,27,52,27,25,0,0,,
PK-M+-DRW-DRW-Chevrolet-C-K,,4,PK-M+,ACCEPT,,29,84,29,55,0,0,,
PK-XXL-HD-SRW-Ford-F-250-F-350-Super-Duty,,2,PK-XXL,REJECT,PHYSICAL_SKU conflict: 20 atoms cross SKU boundary,13,36,36,0,0,20,Ford|F-250/F-350 Super Duty||1999|Crew|8.0; Ford|F-250/F-350 Super Duty||1999|SuperCab|6.8; Ford|F-250/F-350 Super Duty||1999|SuperCab|8.0; Ford|F-250/F-350 Super Duty||2000|Crew|8.0; Ford|F-250/F-350 Super Duty||2000|SuperCab|6.8,Ford|F-250/F-350 Super Duty||1999|Crew|8.0; Ford|F-250/F-350 Super Duty||1999|SuperCab|6.8; Ford|F-250/F-350 Super Duty||1999|SuperCab|8.0; Ford|F-250/F-350 Super Duty||2000|Crew|8.0; Ford|F-250/F-350 Super Duty||2000|SuperCab|6.8; Ford|F-250/F-350 Super Duty||2000|SuperCab|8.0; Ford|F-250/F-350 Super Duty||2001|Crew|8.0; Ford|F-250/F-350 Super Duty||2001|SuperCab|6.8; Ford|F-250/F-350 Super Duty||2002|Crew|8.0; Ford|F-250/F-350 Super Duty||2002|SuperCab|6.8; Ford|F-250/F-350 Super Duty||2003|Crew|8.0; Ford|F-250/F-350 Super Duty||2003|SuperCab|6.8; Ford|F-250/F-350 Super Duty||2004|Crew|8.0; Ford|F-250/F-350 Super Duty||2004|SuperCab|6.8; Ford|F-250/F-350 Super Duty||2005|Crew|8.0; Ford|F-250/F-350 Super Duty||2005|SuperCab|6.8; Ford|F-250/F-350 Super Duty||2006|Crew|8.0; Ford|F-250/F-350 Super Duty||2006|SuperCab|6.8; Ford|F-250/F-350 Super Duty||2007|Crew|8.0; Ford|F-250/F-350 Super Duty||2007|SuperCab|6.8
PK-XXL-HD-SRW-Ford-F-250-F-350-Super-Duty,,2,PK-XXL,REJECT,PHYSICAL_SKU conflict: 20 atoms cross SKU boundary,12,36,36,0,0,20,Ford|F-250/F-350 Super Duty||1999|Crew|8.0; Ford|F-250/F-350 Super Duty||1999|SuperCab|6.8; Ford|F-250/F-350 Super Duty||1999|SuperCab|8.0; Ford|F-250/F-350 Super Duty||2000|Crew|8.0; Ford|F-250/F-350 Super Duty||2000|SuperCab|6.8,Ford|F-250/F-350 Super Duty||1999|Crew|8.0; Ford|F-250/F-350 Super Duty||1999|SuperCab|6.8; Ford|F-250/F-350 Super Duty||1999|SuperCab|8.0; Ford|F-250/F-350 Super Duty||2000|Crew|8.0; Ford|F-250/F-350 Super Duty||2000|SuperCab|6.8; Ford|F-250/F-350 Super Duty||2000|SuperCab|8.0; Ford|F-250/F-350 Super Duty||2001|Crew|8.0; Ford|F-250/F-350 Super Duty||2001|SuperCab|6.8; Ford|F-250/F-350 Super Duty||2002|Crew|8.0; Ford|F-250/F-350 Super Duty||2002|SuperCab|6.8; Ford|F-250/F-350 Super Duty||2003|Crew|8.0; Ford|F-250/F-350 Super Duty||2003|SuperCab|6.8; Ford|F-250/F-350 Super Duty||2004|Crew|8.0; Ford|F-250/F-350 Super Duty||2004|SuperCab|6.8; Ford|F-250/F-350 Super Duty||2005|Crew|8.0; Ford|F-250/F-350 Super Duty||2005|SuperCab|6.8; Ford|F-250/F-350 Super Duty||2006|Crew|8.0; Ford|F-250/F-350 Super Duty||2006|SuperCab|6.8; Ford|F-250/F-350 Super Duty||2007|Crew|8.0; Ford|F-250/F-350 Super Duty||2007|SuperCab|6.8
PK-XXL-HD-SRW-Ford-F-250-F-350-Super-Duty,,2,PK-XXL,ACCEPT,,7,7,7,0,0,0,,
PK-XXL-HD-SRW-Ford-F-250-F-350-Super-Duty,,2,PK-XXL,ACCEPT,,12,12,12,0,0,0,,
PK-XXL-HD-SRW-Ford-F-250-F-350-Super-Duty,,3,PK-XXL,REJECT,PHYSICAL_SKU conflict: 20 atoms cross SKU boundary,10,40,40,0,0,20,Ford|F-250/F-350 Super Duty||2001|Crew|8.0; Ford|F-250/F-350 Super Duty||2001|SuperCab|6.8; Ford|F-250/F-350 Super Duty||2002|Crew|8.0; Ford|F-250/F-350 Super Duty||2002|SuperCab|6.8; Ford|F-250/F-350 Super Duty||2003|Crew|8.0,Ford|F-250/F-350 Super Duty||2001|Crew|8.0; Ford|F-250/F-350 Super Duty||2001|SuperCab|6.8; Ford|F-250/F-350 Super Duty||2002|Crew|8.0; Ford|F-250/F-350 Super Duty||2002|SuperCab|6.8; Ford|F-250/F-350 Super Duty||2003|Crew|8.0; Ford|F-250/F-350 Super Duty||2003|SuperCab|6.8; Ford|F-250/F-350 Super Duty||2004|Crew|8.0; Ford|F-250/F-350 Super Duty||2004|SuperCab|6.8; Ford|F-250/F-350 Super Duty||2005|Crew|8.0; Ford|F-250/F-350 Super Duty||2005|SuperCab|6.8; Ford|F-250/F-350 Super Duty||2006|Crew|8.0; Ford|F-250/F-350 Super Duty||2006|SuperCab|6.8; Ford|F-250/F-350 Super Duty||2007|Crew|8.0; Ford|F-250/F-350 Super Duty||2007|SuperCab|6.8; Ford|F-250/F-350 Super Duty||2008|Crew|8.0; Ford|F-250/F-350 Super Duty||2008|SuperCab|6.8; Ford|F-250/F-350 Super Duty||2009|Crew|8.0; Ford|F-250/F-350 Super Duty||2009|SuperCab|6.8; Ford|F-250/F-350 Super Duty||2010|Crew|8.0; Ford|F-250/F-350 Super Duty||2010|SuperCab|6.8
PK-XXL-HD-SRW-Ford-F-250-F-350-Super-Duty,,3,PK-XXL,REJECT,PHYSICAL_SKU conflict: 26 atoms cross SKU boundary,15,48,48,0,0,26,Ford|F-250/F-350 Super Duty||1999|Crew|8.0; Ford|F-250/F-350 Super Duty||1999|SuperCab|6.8; Ford|F-250/F-350 Super Duty||1999|SuperCab|8.0; Ford|F-250/F-350 Super Duty||2000|Crew|8.0; Ford|F-250/F-350 Super Duty||2000|SuperCab|6.8,Ford|F-250/F-350 Super Duty||1999|Crew|8.0; Ford|F-250/F-350 Super Duty||1999|SuperCab|6.8; Ford|F-250/F-350 Super Duty||1999|SuperCab|8.0; Ford|F-250/F-350 Super Duty||2000|Crew|8.0; Ford|F-250/F-350 Super Duty||2000|SuperCab|6.8; Ford|F-250/F-350 Super Duty||2000|SuperCab|8.0; Ford|F-250/F-350 Super Duty||2001|Crew|8.0; Ford|F-250/F-350 Super Duty||2001|SuperCab|6.8; Ford|F-250/F-350 Super Duty||2002|Crew|8.0; Ford|F-250/F-350 Super Duty||2002|SuperCab|6.8; Ford|F-250/F-350 Super Duty||2003|Crew|8.0; Ford|F-250/F-350 Super Duty||2003|SuperCab|6.8; Ford|F-250/F-350 Super Duty||2004|Crew|8.0; Ford|F-250/F-350 Super Duty||2004|SuperCab|6.8; Ford|F-250/F-350 Super Duty||2005|Crew|8.0; Ford|F-250/F-350 Super Duty||2005|SuperCab|6.8; Ford|F-250/F-350 Super Duty||2006|Crew|8.0; Ford|F-250/F-350 Super Duty||2006|SuperCab|6.8; Ford|F-250/F-350 Super Duty||2007|Crew|8.0; Ford|F-250/F-350 Super Duty||2007|SuperCab|6.8; Ford|F-250/F-350 Super Duty||2008|Crew|8.0; Ford|F-250/F-350 Super Duty||2008|SuperCab|6.8; Ford|F-250/F-350 Super Duty||2009|Crew|8.0; Ford|F-250/F-350 Super Duty||2009|SuperCab|6.8; Ford|F-250/F-350 Super Duty||2010|Crew|8.0; Ford|F-250/F-350 Super Duty||2010|SuperCab|6.8
PK-XXL-HD-SRW-Ford-F-250-F-350-Super-Duty,,3,PK-XXL,ACCEPT,,10,10,10,0,0,0,,
PK-XXL-HD-SRW-Ford-F-250-F-350-Super-Duty,,3,PK-XXL,ACCEPT,,18,18,18,0,0,0,,
PK-XXL-HD-SRW-Ford-F-250-F-350-Super-Duty,,4,PK-XXL,REJECT,PHYSICAL_SKU conflict: 32 atoms cross SKU boundary,16,64,64,0,0,32,Ford|F-250/F-350 Super Duty||2001|Crew|8.0; Ford|F-250/F-350 Super Duty||2001|SuperCab|6.8; Ford|F-250/F-350 Super Duty||2002|Crew|8.0; Ford|F-250/F-350 Super Duty||2002|SuperCab|6.8; Ford|F-250/F-350 Super Duty||2003|Crew|8.0,Ford|F-250/F-350 Super Duty||2001|Crew|8.0; Ford|F-250/F-350 Super Duty||2001|SuperCab|6.8; Ford|F-250/F-350 Super Duty||2002|Crew|8.0; Ford|F-250/F-350 Super Duty||2002|SuperCab|6.8; Ford|F-250/F-350 Super Duty||2003|Crew|8.0; Ford|F-250/F-350 Super Duty||2003|SuperCab|6.8; Ford|F-250/F-350 Super Duty||2004|Crew|8.0; Ford|F-250/F-350 Super Duty||2004|SuperCab|6.8; Ford|F-250/F-350 Super Duty||2005|Crew|8.0; Ford|F-250/F-350 Super Duty||2005|SuperCab|6.8; Ford|F-250/F-350 Super Duty||2006|Crew|8.0; Ford|F-250/F-350 Super Duty||2006|SuperCab|6.8; Ford|F-250/F-350 Super Duty||2007|Crew|8.0; Ford|F-250/F-350 Super Duty||2007|SuperCab|6.8; Ford|F-250/F-350 Super Duty||2008|Crew|8.0; Ford|F-250/F-350 Super Duty||2008|SuperCab|6.8; Ford|F-250/F-350 Super Duty||2009|Crew|8.0; Ford|F-250/F-350 Super Duty||2009|SuperCab|6.8; Ford|F-250/F-350 Super Duty||2010|Crew|8.0; Ford|F-250/F-350 Super Duty||2010|SuperCab|6.8; Ford|F-250/F-350 Super Duty||2011|Crew|8.0; Ford|F-250/F-350 Super Duty||2011|SuperCab|6.8; Ford|F-250/F-350 Super Duty||2012|Crew|8.0; Ford|F-250/F-350 Super Duty||2012|SuperCab|6.8; Ford|F-250/F-350 Super Duty||2013|Crew|8.0; Ford|F-250/F-350 Super Duty||2013|SuperCab|6.8; Ford|F-250/F-350 Super Duty||2014|Crew|8.0; Ford|F-250/F-350 Super Duty||2014|SuperCab|6.8; Ford|F-250/F-350 Super Duty||2015|Crew|8.0; Ford|F-250/F-350 Super Duty||2015|SuperCab|6.8; Ford|F-250/F-350 Super Duty||2016|Crew|8.0; Ford|F-250/F-350 Super Duty||2016|SuperCab|6.8
PK-XXL-HD-SRW-Ford-F-250-F-350-Super-Duty,,4,PK-XXL,REJECT,PHYSICAL_SKU conflict: 38 atoms cross SKU boundary,24,72,72,0,0,38,Ford|F-250/F-350 Super Duty||1999|Crew|8.0; Ford|F-250/F-350 Super Duty||1999|SuperCab|6.8; Ford|F-250/F-350 Super Duty||1999|SuperCab|8.0; Ford|F-250/F-350 Super Duty||2000|Crew|8.0; Ford|F-250/F-350 Super Duty||2000|SuperCab|6.8,Ford|F-250/F-350 Super Duty||1999|Crew|8.0; Ford|F-250/F-350 Super Duty||1999|SuperCab|6.8; Ford|F-250/F-350 Super Duty||1999|SuperCab|8.0; Ford|F-250/F-350 Super Duty||2000|Crew|8.0; Ford|F-250/F-350 Super Duty||2000|SuperCab|6.8; Ford|F-250/F-350 Super Duty||2000|SuperCab|8.0; Ford|F-250/F-350 Super Duty||2001|Crew|8.0; Ford|F-250/F-350 Super Duty||2001|SuperCab|6.8; Ford|F-250/F-350 Super Duty||2002|Crew|8.0; Ford|F-250/F-350 Super Duty||2002|SuperCab|6.8; Ford|F-250/F-350 Super Duty||2003|Crew|8.0; Ford|F-250/F-350 Super Duty||2003|SuperCab|6.8; Ford|F-250/F-350 Super Duty||2004|Crew|8.0; Ford|F-250/F-350 Super Duty||2004|SuperCab|6.8; Ford|F-250/F-350 Super Duty||2005|Crew|8.0; Ford|F-250/F-350 Super Duty||2005|SuperCab|6.8; Ford|F-250/F-350 Super Duty||2006|Crew|8.0; Ford|F-250/F-350 Super Duty||2006|SuperCab|6.8; Ford|F-250/F-350 Super Duty||2007|Crew|8.0; Ford|F-250/F-350 Super Duty||2007|SuperCab|6.8; Ford|F-250/F-350 Super Duty||2008|Crew|8.0; Ford|F-250/F-350 Super Duty||2008|SuperCab|6.8; Ford|F-250/F-350 Super Duty||2009|Crew|8.0; Ford|F-250/F-350 Super Duty||2009|SuperCab|6.8; Ford|F-250/F-350 Super Duty||2010|Crew|8.0; Ford|F-250/F-350 Super Duty||2010|SuperCab|6.8; Ford|F-250/F-350 Super Duty||2011|Crew|8.0; Ford|F-250/F-350 Super Duty||2011|SuperCab|6.8; Ford|F-250/F-350 Super Duty||2012|Crew|8.0; Ford|F-250/F-350 Super Duty||2012|SuperCab|6.8; Ford|F-250/F-350 Super Duty||2013|Crew|8.0; Ford|F-250/F-350 Super Duty||2013|SuperCab|6.8; Ford|F-250/F-350 Super Duty||2014|Crew|8.0; Ford|F-250/F-350 Super Duty||2014|SuperCab|6.8; Ford|F-250/F-350 Super Duty||2015|Crew|8.0; Ford|F-250/F-350 Super Duty||2015|SuperCab|6.8; Ford|F-250/F-350 Super Duty||2016|Crew|8.0; Ford|F-250/F-350 Super Duty||2016|SuperCab|6.8
PK-XXL-HD-SRW-Ford-F-250-F-350-Super-Duty,,4,PK-XXL,ACCEPT,,16,16,16,0,0,0,,
PK-XXL-HD-SRW-Ford-F-250-F-350-Super-Duty,,4,PK-XXL,ACCEPT,,24,24,24,0,0,0,,
PK-XXL-HD-SRW-Ford-F-250-F-350-Super-Duty,,5,PK-XXL,REJECT,PHYSICAL_SKU conflict: 50 atoms cross SKU boundary,22,88,88,0,0,50,Ford|F-250/F-350 Super Duty||2001|Crew|8.0; Ford|F-250/F-350 Super Duty||2001|SuperCab|6.8; Ford|F-250/F-350 Super Duty||2002|Crew|8.0; Ford|F-250/F-350 Super Duty||2002|SuperCab|6.8; Ford|F-250/F-350 Super Duty||2003|Crew|8.0,Ford|F-250/F-350 Super Duty||2001|Crew|8.0; Ford|F-250/F-350 Super Duty||2001|SuperCab|6.8; Ford|F-250/F-350 Super Duty||2002|Crew|8.0; Ford|F-250/F-350 Super Duty||2002|SuperCab|6.8; Ford|F-250/F-350 Super Duty||2003|Crew|8.0; Ford|F-250/F-350 Super Duty||2003|SuperCab|6.8; Ford|F-250/F-350 Super Duty||2004|Crew|8.0; Ford|F-250/F-350 Super Duty||2004|SuperCab|6.8; Ford|F-250/F-350 Super Duty||2005|Crew|8.0; Ford|F-250/F-350 Super Duty||2005|SuperCab|6.8; Ford|F-250/F-350 Super Duty||2006|Crew|8.0; Ford|F-250/F-350 Super Duty||2006|SuperCab|6.8; Ford|F-250/F-350 Super Duty||2007|Crew|8.0; Ford|F-250/F-350 Super Duty||2007|SuperCab|6.8; Ford|F-250/F-350 Super Duty||2008|Crew|8.0; Ford|F-250/F-350 Super Duty||2008|SuperCab|6.8; Ford|F-250/F-350 Super Duty||2009|Crew|8.0; Ford|F-250/F-350 Super Duty||2009|SuperCab|6.8; Ford|F-250/F-350 Super Duty||2010|Crew|8.0; Ford|F-250/F-350 Super Duty||2010|SuperCab|6.8; Ford|F-250/F-350 Super Duty||2011|Crew|8.0; Ford|F-250/F-350 Super Duty||2011|SuperCab|6.8; Ford|F-250/F-350 Super Duty||2012|Crew|8.0; Ford|F-250/F-350 Super Duty||2012|SuperCab|6.8; Ford|F-250/F-350 Super Duty||2013|Crew|8.0; Ford|F-250/F-350 Super Duty||2013|SuperCab|6.8; Ford|F-250/F-350 Super Duty||2014|Crew|8.0; Ford|F-250/F-350 Super Duty||2014|SuperCab|6.8; Ford|F-250/F-350 Super Duty||2015|Crew|8.0; Ford|F-250/F-350 Super Duty||2015|SuperCab|6.8; Ford|F-250/F-350 Super Duty||2016|Crew|8.0; Ford|F-250/F-350 Super Duty||2016|SuperCab|6.8; Ford|F-250/F-350 Super Duty||2017|Crew|8.0; Ford|F-250/F-350 Super Duty||2017|SuperCab|6.8; Ford|F-250/F-350 Super Duty||2017|SuperCab|8.0; Ford|F-250/F-350 Super Duty||2018|Crew|8.0; Ford|F-250/F-350 Super Duty||2018|SuperCab|6.8; Ford|F-250/F-350 Super Duty||2018|SuperCab|8.0; Ford|F-250/F-350 Super Duty||2019|Crew|8.0; Ford|F-250/F-350 Super Duty||2019|SuperCab|6.8; Ford|F-250/F-350 Super Duty||2019|SuperCab|8.0; Ford|F-250/F-350 Super Duty||2020|Crew|8.0; Ford|F-250/F-350 Super Duty||2020|SuperCab|6.8; Ford|F-250/F-350 Super Duty||2020|SuperCab|8.0; Ford|F-250/F-350 Super Duty||2021|Crew|8.0; Ford|F-250/F-350 Super Duty||2021|SuperCab|6.8; Ford|F-250/F-350 Super Duty||2021|SuperCab|8.0; Ford|F-250/F-350 Super Duty||2022|Crew|8.0; Ford|F-250/F-350 Super Duty||2022|SuperCab|6.8; Ford|F-250/F-350 Super Duty||2022|SuperCab|8.0
PK-XXL-HD-SRW-Ford-F-250-F-350-Super-Duty,,5,PK-XXL,ACCEPT,,28,28,28,0,0,0,,
PK-XXL-HD-SRW-Ford-F-250-F-350-Super-Duty,,5,PK-XXL,REJECT,PHYSICAL_SKU conflict: 44 atoms cross SKU boundary,20,80,80,0,0,44,Ford|F-250/F-350 Super Duty||2001|Crew|8.0; Ford|F-250/F-350 Super Duty||2001|SuperCab|6.8; Ford|F-250/F-350 Super Duty||2002|Crew|8.0; Ford|F-250/F-350 Super Duty||2002|SuperCab|6.8; Ford|F-250/F-350 Super Duty||2003|Crew|8.0,Ford|F-250/F-350 Super Duty||2001|Crew|8.0; Ford|F-250/F-350 Super Duty||2001|SuperCab|6.8; Ford|F-250/F-350 Super Duty||2002|Crew|8.0; Ford|F-250/F-350 Super Duty||2002|SuperCab|6.8; Ford|F-250/F-350 Super Duty||2003|Crew|8.0; Ford|F-250/F-350 Super Duty||2003|SuperCab|6.8; Ford|F-250/F-350 Super Duty||2004|Crew|8.0; Ford|F-250/F-350 Super Duty||2004|SuperCab|6.8; Ford|F-250/F-350 Super Duty||2005|Crew|8.0; Ford|F-250/F-350 Super Duty||2005|SuperCab|6.8; Ford|F-250/F-350 Super Duty||2006|Crew|8.0; Ford|F-250/F-350 Super Duty||2006|SuperCab|6.8; Ford|F-250/F-350 Super Duty||2007|Crew|8.0; Ford|F-250/F-350 Super Duty||2007|SuperCab|6.8; Ford|F-250/F-350 Super Duty||2008|Crew|8.0; Ford|F-250/F-350 Super Duty||2008|SuperCab|6.8; Ford|F-250/F-350 Super Duty||2009|Crew|8.0; Ford|F-250/F-350 Super Duty||2009|SuperCab|6.8; Ford|F-250/F-350 Super Duty||2010|Crew|8.0; Ford|F-250/F-350 Super Duty||2010|SuperCab|6.8; Ford|F-250/F-350 Super Duty||2011|Crew|8.0; Ford|F-250/F-350 Super Duty||2011|SuperCab|6.8; Ford|F-250/F-350 Super Duty||2012|Crew|8.0; Ford|F-250/F-350 Super Duty||2012|SuperCab|6.8; Ford|F-250/F-350 Super Duty||2013|Crew|8.0; Ford|F-250/F-350 Super Duty||2013|SuperCab|6.8; Ford|F-250/F-350 Super Duty||2014|Crew|8.0; Ford|F-250/F-350 Super Duty||2014|SuperCab|6.8; Ford|F-250/F-350 Super Duty||2015|Crew|8.0; Ford|F-250/F-350 Super Duty||2015|SuperCab|6.8; Ford|F-250/F-350 Super Duty||2016|Crew|8.0; Ford|F-250/F-350 Super Duty||2016|SuperCab|6.8; Ford|F-250/F-350 Super Duty||2023|Crew|8.0; Ford|F-250/F-350 Super Duty||2023|SuperCab|6.8; Ford|F-250/F-350 Super Duty||2023|SuperCab|8.0; Ford|F-250/F-350 Super Duty||2024|Crew|8.0; Ford|F-250/F-350 Super Duty||2024|SuperCab|6.8; Ford|F-250/F-350 Super Duty||2024|SuperCab|8.0; Ford|F-250/F-350 Super Duty||2025|Crew|8.0; Ford|F-250/F-350 Super Duty||2025|SuperCab|6.8; Ford|F-250/F-350 Super Duty||2025|SuperCab|8.0; Ford|F-250/F-350 Super Duty||2026|Crew|8.0; Ford|F-250/F-350 Super Duty||2026|SuperCab|6.8; Ford|F-250/F-350 Super Duty||2026|SuperCab|8.0
PK-M-MIDSIZE-SRW-Ford-Ranger,,2,PK-M,ACCEPT,,19,38,33,5,0,0,,
PK-M-MIDSIZE-SRW-Ford-Ranger,,3,PK-M,ACCEPT,,33,38,33,5,0,0,,
PK-M-MIDSIZE-SRW-Ford-Ranger,,4,PK-M,ACCEPT,,47,76,47,29,0,0,,
PK-M+-MIDSIZE-SRW-Honda-Ridgeline,,2,PK-M+,ACCEPT,,10,10,10,0,0,0,,
PK-M+-MIDSIZE-SRW-Jeep-Gladiator,,2,PK-M+,ACCEPT,,8,14,8,6,0,0,,
PK-M+-MIDSIZE-SRW-Jeep-Gladiator,,3,PK-M+,ACCEPT,,14,21,14,7,0,0,,
PK-M-FULLSIZE-SRW-Chevrolet-Silverado-1500,,2,PK-M,ACCEPT,,12,12,12,0,0,0,,
PK-XL-FULLSIZE-SRW-Toyota-Tundra,,2,PK-XL,ACCEPT,,10,20,10,10,0,0,,
PK-XL-HD-SRW-Ram-2500-3500,,2,PK-XL,ACCEPT,,16,16,16,0,0,0,,
PK-XL-HD-SRW-Ram-2500-3500,,3,PK-XL,ACCEPT,,25,25,25,0,0,0,,
PK-XL-HD-SRW-Ram-2500-3500,,4,PK-XL,ACCEPT,,33,33,33,0,0,0,,
PK-XXL-FULLSIZE-SRW-Chevrolet-C-K,,2,PK-XXL,ACCEPT,,19,38,19,19,0,0,,
PK-XXL-FULLSIZE-SRW-Chevrolet-C-K,,3,PK-XXL,ACCEPT,,26,52,26,26,0,0,,
PK-XXL-FULLSIZE-SRW-Chevrolet-C-K,,4,PK-XXL,ACCEPT,,28,84,28,56,0,0,,
PK-XXL-HD-SRW-Ram-2500-3500,,2,PK-XXL,ACCEPT,,16,16,16,0,0,0,,
PK-XXL-HD-SRW-Ram-2500-3500,,3,PK-XXL,ACCEPT,,20,64,20,44,0,0,,
PK-XXL-HD-SRW-Ram-2500-3500,,4,PK-XXL,ACCEPT,,29,100,29,71,0,0,,
PK-XXL-HD-SRW-Ram-2500-3500,,5,PK-XXL,ACCEPT,,37,132,37,95,0,0,,
PK-M-FULLSIZE-SRW-GMC-Sierra-1500,,2,PK-M,ACCEPT,,12,12,12,0,0,0,,
PK-XXL-FULLSIZE-SRW-GMC-Sierra-1500,,2,PK-XXL,ACCEPT,,15,15,15,0,0,0,,
PK-L-MIDSIZE-SRW-Nissan-Frontier,,2,PK-L,ACCEPT,,3,3,3,0,0,0,,
PK-L-MIDSIZE-SRW-Nissan-Frontier,,3,PK-L,ACCEPT,,4,4,4,0,0,0,,
PK-L-MIDSIZE-SRW-Nissan-Frontier,,4,PK-L,ACCEPT,,5,5,5,0,0,0,,
PK-M+-MIDSIZE-SRW-Dodge-Dakota,,2,PK-M+,REJECT,PHYSICAL_SKU conflict: 7 atoms cross SKU boundary,14,28,21,7,0,7,Dodge|Dakota||1990|Regular|6.5; Dodge|Dakota||1991|Regular|6.5; Dodge|Dakota||1992|Regular|6.5; Dodge|Dakota||1993|Regular|6.5; Dodge|Dakota||1994|Regular|6.5,Dodge|Dakota||1990|Regular|6.5; Dodge|Dakota||1991|Regular|6.5; Dodge|Dakota||1992|Regular|6.5; Dodge|Dakota||1993|Regular|6.5; Dodge|Dakota||1994|Regular|6.5; Dodge|Dakota||1995|Regular|6.5; Dodge|Dakota||1996|Regular|6.5
PK-M+-MIDSIZE-SRW-Dodge-Dakota,,2,PK-M+,ACCEPT,,15,15,15,0,0,0,,
PK-M+-MIDSIZE-SRW-Dodge-Dakota,,2,PK-M+,REJECT,PHYSICAL_SKU conflict: 15 atoms cross SKU boundary,15,60,40,20,0,15,Dodge|Dakota||1990|Regular|6.5; Dodge|Dakota||1991|Regular|6.5; Dodge|Dakota||1992|Regular|6.5; Dodge|Dakota||1993|Regular|6.5; Dodge|Dakota||1994|Regular|6.5,Dodge|Dakota||1990|Regular|6.5; Dodge|Dakota||1991|Regular|6.5; Dodge|Dakota||1992|Regular|6.5; Dodge|Dakota||1993|Regular|6.5; Dodge|Dakota||1994|Regular|6.5; Dodge|Dakota||1995|Regular|6.5; Dodge|Dakota||1996|Regular|6.5; Dodge|Dakota||1997|Regular|6.5; Dodge|Dakota||1998|Regular|6.5; Dodge|Dakota||1999|Regular|6.5; Dodge|Dakota||2000|Regular|6.5; Dodge|Dakota||2001|Regular|6.5; Dodge|Dakota||2002|Regular|6.5; Dodge|Dakota||2003|Regular|6.5; Dodge|Dakota||2004|Regular|6.5
PK-M+-MIDSIZE-SRW-Dodge-Dakota,,3,PK-M+,REJECT,PHYSICAL_SKU conflict: 15 atoms cross SKU boundary,18,60,40,20,0,15,Dodge|Dakota||1990|Regular|6.5; Dodge|Dakota||1991|Regular|6.5; Dodge|Dakota||1992|Regular|6.5; Dodge|Dakota||1993|Regular|6.5; Dodge|Dakota||1994|Regular|6.5,Dodge|Dakota||1990|Regular|6.5; Dodge|Dakota||1991|Regular|6.5; Dodge|Dakota||1992|Regular|6.5; Dodge|Dakota||1993|Regular|6.5; Dodge|Dakota||1994|Regular|6.5; Dodge|Dakota||1995|Regular|6.5; Dodge|Dakota||1996|Regular|6.5; Dodge|Dakota||1997|Regular|6.5; Dodge|Dakota||1998|Regular|6.5; Dodge|Dakota||1999|Regular|6.5; Dodge|Dakota||2000|Regular|6.5; Dodge|Dakota||2001|Regular|6.5; Dodge|Dakota||2002|Regular|6.5; Dodge|Dakota||2003|Regular|6.5; Dodge|Dakota||2004|Regular|6.5
PK-M+-MIDSIZE-SRW-Dodge-Dakota,,2,PK-M+,ACCEPT,,10,10,10,0,0,0,,
PK-M+-MIDSIZE-SRW-Dodge-Dakota,,3,PK-M+,ACCEPT,,20,60,20,40,0,0,,
PK-M+-MIDSIZE-SRW-Dodge-Dakota,,3,PK-M+,ACCEPT,,15,60,15,45,0,0,,
PK-M+-MIDSIZE-SRW-Dodge-Dakota,,4,PK-M+,ACCEPT,,27,88,34,54,0,0,,
PK-M+-MIDSIZE-SRW-Dodge-Dakota,,3,PK-M+,REJECT,PHYSICAL_SKU conflict: 10 atoms cross SKU boundary,17,68,37,31,0,10,Dodge|Dakota||1990|Regular|6.5; Dodge|Dakota||1991|Regular|6.5; Dodge|Dakota||1992|Regular|6.5; Dodge|Dakota||1993|Regular|6.5; Dodge|Dakota||1994|Regular|6.5,Dodge|Dakota||1990|Regular|6.5; Dodge|Dakota||1991|Regular|6.5; Dodge|Dakota||1992|Regular|6.5; Dodge|Dakota||1993|Regular|6.5; Dodge|Dakota||1994|Regular|6.5; Dodge|Dakota||1995|Regular|6.5; Dodge|Dakota||1996|Regular|6.5; Dodge|Dakota||1997|Regular|6.5; Dodge|Dakota||1998|Regular|6.5; Dodge|Dakota||1999|Regular|6.5
PK-M+-MIDSIZE-SRW-Dodge-Dakota,,5,PK-M+,ACCEPT,,34,88,34,54,0,0,,
PK-M+-MIDSIZE-SRW-Dodge-Dakota,,3,PK-M+,ACCEPT,,17,68,17,51,0,0,,
PK-M+-MIDSIZE-SRW-Dodge-Dakota,REAL_ATOM_COVERAGE_REPARTITION,7,PK-M+,REPARTITION,7 real atoms covered by multiple candidate titles,44,156,44,0,7,0,Dodge|Dakota||2005|Quad|5.25; Dodge|Dakota||2006|Quad|5.25; Dodge|Dakota||2007|Quad|5.25; Dodge|Dakota||2008|Quad|5.25; Dodge|Dakota||2009|Quad|5.25,Dodge|Dakota||2005|Quad|5.25; Dodge|Dakota||2006|Quad|5.25; Dodge|Dakota||2007|Quad|5.25; Dodge|Dakota||2008|Quad|5.25; Dodge|Dakota||2009|Quad|5.25; Dodge|Dakota||2010|Quad|5.25; Dodge|Dakota||2011|Quad|5.25
PK-M+-MIDSIZE-SRW-Nissan-Frontier,,2,PK-M+,ACCEPT,,2,4,2,2,0,0,,
PK-M+-MIDSIZE-SRW-Nissan-Frontier,,3,PK-M+,ACCEPT,,3,6,3,3,0,0,,
PK-M+-MIDSIZE-SRW-Nissan-Frontier,,4,PK-M+,ACCEPT,,20,40,20,20,0,0,,
PK-M+-MIDSIZE-SRW-Nissan-Frontier,,5,PK-M+,REJECT,PHYSICAL_SKU conflict: 22 atoms cross SKU boundary,25,100,47,53,0,22,Nissan|Frontier||2005|Crew|5.0; Nissan|Frontier||2006|Crew|5.0; Nissan|Frontier||2007|Crew|5.0; Nissan|Frontier||2008|Crew|5.0; Nissan|Frontier||2009|Crew|5.0,Nissan|Frontier||2005|Crew|5.0; Nissan|Frontier||2006|Crew|5.0; Nissan|Frontier||2007|Crew|5.0; Nissan|Frontier||2008|Crew|5.0; Nissan|Frontier||2009|Crew|5.0; Nissan|Frontier||2010|Crew|5.0; Nissan|Frontier||2011|Crew|5.0; Nissan|Frontier||2012|Crew|5.0; Nissan|Frontier||2013|Crew|5.0; Nissan|Frontier||2014|Crew|5.0; Nissan|Frontier||2015|Crew|5.0; Nissan|Frontier||2016|Crew|5.0; Nissan|Frontier||2017|Crew|5.0; Nissan|Frontier||2018|Crew|5.0; Nissan|Frontier||2019|Crew|5.0; Nissan|Frontier||2020|Crew|5.0; Nissan|Frontier||2021|Crew|5.0; Nissan|Frontier||2022|Crew|6.0; Nissan|Frontier||2023|Crew|6.0; Nissan|Frontier||2024|Crew|6.0; Nissan|Frontier||2025|Crew|6.0; Nissan|Frontier||2026|Crew|6.0
PK-M+-MIDSIZE-SRW-Nissan-Frontier,,5,PK-M+,REJECT,PHYSICAL_SKU conflict: 21 atoms cross SKU boundary,21,84,42,42,0,21,Nissan|Frontier||2002|King|6.0; Nissan|Frontier||2003|King|6.0; Nissan|Frontier||2004|King|6.0; Nissan|Frontier||2005|King|6.0; Nissan|Frontier||2006|King|6.0,Nissan|Frontier||2002|King|6.0; Nissan|Frontier||2003|King|6.0; Nissan|Frontier||2004|King|6.0; Nissan|Frontier||2005|King|6.0; Nissan|Frontier||2006|King|6.0; Nissan|Frontier||2007|King|6.0; Nissan|Frontier||2008|King|6.0; Nissan|Frontier||2009|King|6.0; Nissan|Frontier||2010|King|6.0; Nissan|Frontier||2011|King|6.0; Nissan|Frontier||2012|King|6.0; Nissan|Frontier||2013|King|6.0; Nissan|Frontier||2014|King|6.0; Nissan|Frontier||2015|King|6.0; Nissan|Frontier||2016|King|6.0; Nissan|Frontier||2017|King|6.0; Nissan|Frontier||2018|King|6.0; Nissan|Frontier||2019|King|6.0; Nissan|Frontier||2020|King|6.0; Nissan|Frontier||2021|King|6.0; Nissan|Frontier||2022|Crew|6.0
PK-M+-MIDSIZE-SRW-Nissan-Frontier,,2,PK-M+,REJECT,PHYSICAL_SKU conflict: 5 atoms cross SKU boundary,6,20,15,5,0,5,Nissan|Frontier||2022|Crew|6.0; Nissan|Frontier||2023|Crew|6.0; Nissan|Frontier||2024|Crew|6.0; Nissan|Frontier||2025|Crew|6.0; Nissan|Frontier||2026|Crew|6.0,Nissan|Frontier||2022|Crew|6.0; Nissan|Frontier||2023|Crew|6.0; Nissan|Frontier||2024|Crew|6.0; Nissan|Frontier||2025|Crew|6.0; Nissan|Frontier||2026|Crew|6.0
PK-M+-MIDSIZE-SRW-Nissan-Frontier,,5,PK-M+,REJECT,PHYSICAL_SKU conflict: 21 atoms cross SKU boundary,21,84,42,42,0,21,Nissan|Frontier||2002|King|6.0; Nissan|Frontier||2003|King|6.0; Nissan|Frontier||2004|King|6.0; Nissan|Frontier||2005|King|6.0; Nissan|Frontier||2006|King|6.0,Nissan|Frontier||2002|King|6.0; Nissan|Frontier||2003|King|6.0; Nissan|Frontier||2004|King|6.0; Nissan|Frontier||2005|King|6.0; Nissan|Frontier||2006|King|6.0; Nissan|Frontier||2007|King|6.0; Nissan|Frontier||2008|King|6.0; Nissan|Frontier||2009|King|6.0; Nissan|Frontier||2010|King|6.0; Nissan|Frontier||2011|King|6.0; Nissan|Frontier||2012|King|6.0; Nissan|Frontier||2013|King|6.0; Nissan|Frontier||2014|King|6.0; Nissan|Frontier||2015|King|6.0; Nissan|Frontier||2016|King|6.0; Nissan|Frontier||2017|King|6.0; Nissan|Frontier||2018|King|6.0; Nissan|Frontier||2019|King|6.0; Nissan|Frontier||2020|King|6.0; Nissan|Frontier||2021|King|6.0; Nissan|Frontier||2023|Crew|6.0
PK-M+-MIDSIZE-SRW-Nissan-Frontier,,2,PK-M+,REJECT,PHYSICAL_SKU conflict: 5 atoms cross SKU boundary,6,20,15,5,0,5,Nissan|Frontier||2022|Crew|6.0; Nissan|Frontier||2023|Crew|6.0; Nissan|Frontier||2024|Crew|6.0; Nissan|Frontier||2025|Crew|6.0; Nissan|Frontier||2026|Crew|6.0,Nissan|Frontier||2022|Crew|6.0; Nissan|Frontier||2023|Crew|6.0; Nissan|Frontier||2024|Crew|6.0; Nissan|Frontier||2025|Crew|6.0; Nissan|Frontier||2026|Crew|6.0
PK-M+-MIDSIZE-SRW-Nissan-Frontier,,2,PK-M+,ACCEPT,,2,2,2,0,0,0,,
PK-M+-MIDSIZE-SRW-Nissan-Frontier,,5,PK-M+,REJECT,PHYSICAL_SKU conflict: 21 atoms cross SKU boundary,21,84,42,42,0,21,Nissan|Frontier||2002|King|6.0; Nissan|Frontier||2003|King|6.0; Nissan|Frontier||2004|King|6.0; Nissan|Frontier||2005|King|6.0; Nissan|Frontier||2006|King|6.0,Nissan|Frontier||2002|King|6.0; Nissan|Frontier||2003|King|6.0; Nissan|Frontier||2004|King|6.0; Nissan|Frontier||2005|King|6.0; Nissan|Frontier||2006|King|6.0; Nissan|Frontier||2007|King|6.0; Nissan|Frontier||2008|King|6.0; Nissan|Frontier||2009|King|6.0; Nissan|Frontier||2010|King|6.0; Nissan|Frontier||2011|King|6.0; Nissan|Frontier||2012|King|6.0; Nissan|Frontier||2013|King|6.0; Nissan|Frontier||2014|King|6.0; Nissan|Frontier||2015|King|6.0; Nissan|Frontier||2016|King|6.0; Nissan|Frontier||2017|King|6.0; Nissan|Frontier||2018|King|6.0; Nissan|Frontier||2019|King|6.0; Nissan|Frontier||2020|King|6.0; Nissan|Frontier||2021|King|6.0; Nissan|Frontier||2024|Crew|6.0
PK-M+-MIDSIZE-SRW-Nissan-Frontier,,2,PK-M+,REJECT,PHYSICAL_SKU conflict: 5 atoms cross SKU boundary,6,20,15,5,0,5,Nissan|Frontier||2022|Crew|6.0; Nissan|Frontier||2023|Crew|6.0; Nissan|Frontier||2024|Crew|6.0; Nissan|Frontier||2025|Crew|6.0; Nissan|Frontier||2026|Crew|6.0,Nissan|Frontier||2022|Crew|6.0; Nissan|Frontier||2023|Crew|6.0; Nissan|Frontier||2024|Crew|6.0; Nissan|Frontier||2025|Crew|6.0; Nissan|Frontier||2026|Crew|6.0
PK-M+-MIDSIZE-SRW-Nissan-Frontier,,3,PK-M+,ACCEPT,,3,3,3,0,0,0,,
PK-M+-MIDSIZE-SRW-Nissan-Frontier,,5,PK-M+,REJECT,PHYSICAL_SKU conflict: 21 atoms cross SKU boundary,21,84,42,42,0,21,Nissan|Frontier||2002|King|6.0; Nissan|Frontier||2003|King|6.0; Nissan|Frontier||2004|King|6.0; Nissan|Frontier||2005|King|6.0; Nissan|Frontier||2006|King|6.0,Nissan|Frontier||2002|King|6.0; Nissan|Frontier||2003|King|6.0; Nissan|Frontier||2004|King|6.0; Nissan|Frontier||2005|King|6.0; Nissan|Frontier||2006|King|6.0; Nissan|Frontier||2007|King|6.0; Nissan|Frontier||2008|King|6.0; Nissan|Frontier||2009|King|6.0; Nissan|Frontier||2010|King|6.0; Nissan|Frontier||2011|King|6.0; Nissan|Frontier||2012|King|6.0; Nissan|Frontier||2013|King|6.0; Nissan|Frontier||2014|King|6.0; Nissan|Frontier||2015|King|6.0; Nissan|Frontier||2016|King|6.0; Nissan|Frontier||2017|King|6.0; Nissan|Frontier||2018|King|6.0; Nissan|Frontier||2019|King|6.0; Nissan|Frontier||2020|King|6.0; Nissan|Frontier||2021|King|6.0; Nissan|Frontier||2025|Crew|6.0
PK-M+-MIDSIZE-SRW-Nissan-Frontier,,2,PK-M+,REJECT,PHYSICAL_SKU conflict: 5 atoms cross SKU boundary,6,20,15,5,0,5,Nissan|Frontier||2022|Crew|6.0; Nissan|Frontier||2023|Crew|6.0; Nissan|Frontier||2024|Crew|6.0; Nissan|Frontier||2025|Crew|6.0; Nissan|Frontier||2026|Crew|6.0,Nissan|Frontier||2022|Crew|6.0; Nissan|Frontier||2023|Crew|6.0; Nissan|Frontier||2024|Crew|6.0; Nissan|Frontier||2025|Crew|6.0; Nissan|Frontier||2026|Crew|6.0
PK-M+-MIDSIZE-SRW-Nissan-Frontier,,4,PK-M+,ACCEPT,,4,4,4,0,0,0,,
PK-M+-MIDSIZE-SRW-Nissan-Frontier,,5,PK-M+,REJECT,PHYSICAL_SKU conflict: 21 atoms cross SKU boundary,21,84,42,42,0,21,Nissan|Frontier||2002|King|6.0; Nissan|Frontier||2003|King|6.0; Nissan|Frontier||2004|King|6.0; Nissan|Frontier||2005|King|6.0; Nissan|Frontier||2006|King|6.0,Nissan|Frontier||2002|King|6.0; Nissan|Frontier||2003|King|6.0; Nissan|Frontier||2004|King|6.0; Nissan|Frontier||2005|King|6.0; Nissan|Frontier||2006|King|6.0; Nissan|Frontier||2007|King|6.0; Nissan|Frontier||2008|King|6.0; Nissan|Frontier||2009|King|6.0; Nissan|Frontier||2010|King|6.0; Nissan|Frontier||2011|King|6.0; Nissan|Frontier||2012|King|6.0; Nissan|Frontier||2013|King|6.0; Nissan|Frontier||2014|King|6.0; Nissan|Frontier||2015|King|6.0; Nissan|Frontier||2016|King|6.0; Nissan|Frontier||2017|King|6.0; Nissan|Frontier||2018|King|6.0; Nissan|Frontier||2019|King|6.0; Nissan|Frontier||2020|King|6.0; Nissan|Frontier||2021|King|6.0; Nissan|Frontier||2026|Crew|6.0
PK-M+-MIDSIZE-SRW-Nissan-Frontier,,2,PK-M+,REJECT,PHYSICAL_SKU conflict: 5 atoms cross SKU boundary,6,20,15,5,0,5,Nissan|Frontier||2022|Crew|6.0; Nissan|Frontier||2023|Crew|6.0; Nissan|Frontier||2024|Crew|6.0; Nissan|Frontier||2025|Crew|6.0; Nissan|Frontier||2026|Crew|6.0,Nissan|Frontier||2022|Crew|6.0; Nissan|Frontier||2023|Crew|6.0; Nissan|Frontier||2024|Crew|6.0; Nissan|Frontier||2025|Crew|6.0; Nissan|Frontier||2026|Crew|6.0
PK-M+-MIDSIZE-SRW-Nissan-Frontier,,5,PK-M+,ACCEPT,,5,5,5,0,0,0,,
PK-L-FULLSIZE-SRW-Toyota-Tundra,,2,PK-L,REJECT,PHYSICAL_SKU conflict: 7 atoms cross SKU boundary,10,28,17,11,0,7,Toyota|Tundra||2000|Regular|6.5; Toyota|Tundra||2001|Regular|6.5; Toyota|Tundra||2002|Regular|6.5; Toyota|Tundra||2003|Regular|6.5; Toyota|Tundra||2004|Regular|6.5,Toyota|Tundra||2000|Regular|6.5; Toyota|Tundra||2001|Regular|6.5; Toyota|Tundra||2002|Regular|6.5; Toyota|Tundra||2003|Regular|6.5; Toyota|Tundra||2004|Regular|6.5; Toyota|Tundra||2005|Regular|6.5; Toyota|Tundra||2006|Regular|6.5
PK-L-FULLSIZE-SRW-Toyota-Tundra,,2,PK-L,ACCEPT,,22,88,22,66,0,0,,
PK-L-FULLSIZE-SRW-Toyota-Tundra,,2,PK-L,ACCEPT,,18,72,31,41,0,0,,
PK-L-FULLSIZE-SRW-Toyota-Tundra,,2,PK-L,ACCEPT,,18,36,18,18,0,0,,
PK-L-FULLSIZE-SRW-Toyota-Tundra,,3,PK-L,REJECT,PHYSICAL_SKU conflict: 29 atoms cross SKU boundary,29,162,71,91,0,29,Toyota|Tundra||2004|Regular|6.5; Toyota|Tundra||2005|Regular|6.5; Toyota|Tundra||2006|Regular|6.5; Toyota|Tundra||2007|Double|8.1; Toyota|Tundra||2007|Regular|6.5,Toyota|Tundra||2004|Regular|6.5; Toyota|Tundra||2005|Regular|6.5; Toyota|Tundra||2006|Regular|6.5; Toyota|Tundra||2007|Double|8.1; Toyota|Tundra||2007|Regular|6.5; Toyota|Tundra||2008|Double|8.1; Toyota|Tundra||2008|Regular|6.5; Toyota|Tundra||2009|Double|8.1; Toyota|Tundra||2009|Regular|6.5; Toyota|Tundra||2010|Double|8.1; Toyota|Tundra||2010|Regular|6.5; Toyota|Tundra||2011|Double|8.1; Toyota|Tundra||2011|Regular|6.5; Toyota|Tundra||2012|Double|8.1; Toyota|Tundra||2012|Regular|6.5; Toyota|Tundra||2013|Double|8.1; Toyota|Tundra||2013|Regular|6.5; Toyota|Tundra||2014|Double|8.1; Toyota|Tundra||2014|Regular|6.5; Toyota|Tundra||2015|Double|8.1; Toyota|Tundra||2015|Regular|6.5; Toyota|Tundra||2016|Double|8.1; Toyota|Tundra||2016|Regular|6.5; Toyota|Tundra||2017|Double|8.1; Toyota|Tundra||2017|Regular|6.5; Toyota|Tundra||2018|Double|8.1; Toyota|Tundra||2019|Double|8.1; Toyota|Tundra||2020|Double|8.1; Toyota|Tundra||2021|Double|8.1
PK-L-FULLSIZE-SRW-Toyota-Tundra,,3,PK-L,REJECT,PHYSICAL_SKU conflict: 32 atoms cross SKU boundary,31,126,66,60,0,32,Toyota|Tundra||2000|Regular|6.5; Toyota|Tundra||2001|Regular|6.5; Toyota|Tundra||2002|Regular|6.5; Toyota|Tundra||2003|Regular|6.5; Toyota|Tundra||2004|Regular|6.5,Toyota|Tundra||2000|Regular|6.5; Toyota|Tundra||2001|Regular|6.5; Toyota|Tundra||2002|Regular|6.5; Toyota|Tundra||2003|Regular|6.5; Toyota|Tundra||2004|Regular|6.5; Toyota|Tundra||2005|Regular|6.5; Toyota|Tundra||2006|Regular|6.5; Toyota|Tundra||2007|Double|8.1; Toyota|Tundra||2007|Regular|6.5; Toyota|Tundra||2008|Double|8.1; Toyota|Tundra||2008|Regular|6.5; Toyota|Tundra||2009|Double|8.1; Toyota|Tundra||2009|Regular|6.5; Toyota|Tundra||2010|Double|8.1; Toyota|Tundra||2010|Regular|6.5; Toyota|Tundra||2011|Double|8.1; Toyota|Tundra||2011|Regular|6.5; Toyota|Tundra||2012|Double|8.1; Toyota|Tundra||2012|Regular|6.5; Toyota|Tundra||2013|Double|8.1; Toyota|Tundra||2013|Regular|6.5; Toyota|Tundra||2014|Double|8.1; Toyota|Tundra||2014|Regular|6.5; Toyota|Tundra||2015|Double|8.1; Toyota|Tundra||2015|Regular|6.5; Toyota|Tundra||2016|Double|8.1; Toyota|Tundra||2016|Regular|6.5; Toyota|Tundra||2017|Double|8.1; Toyota|Tundra||2017|Regular|6.5; Toyota|Tundra||2018|Double|8.1; Toyota|Tundra||2019|Double|8.1; Toyota|Tundra||2020|Double|8.1
PK-L-FULLSIZE-SRW-Toyota-Tundra,,3,PK-L,ACCEPT,,31,72,31,41,0,0,,
PK-XXL-FULLSIZE-SRW-Chevrolet-Silverado-1500,,2,PK-XXL,ACCEPT,,8,8,8,0,0,0,,
PK-XXL-FULLSIZE-SRW-Chevrolet-Silverado-1500,,3,PK-XXL,ACCEPT,,15,15,15,0,0,0,,
PK-XXXL-HD-SRW-Chevrolet-Silverado-2500HD-3500HD,,2,PK-XXXL,ACCEPT,,7,7,7,0,0,0,,
PK-XXXL-HD-SRW-Chevrolet-Silverado-2500HD-3500HD,,3,PK-XXXL,ACCEPT,,14,14,14,0,0,0,,
PK-XXXL-HD-SRW-Chevrolet-Silverado-2500HD-3500HD,,4,PK-XXXL,ACCEPT,,21,42,21,21,0,0,,
PK-M-MIDSIZE-SRW-Ford-Maverick,,2,PK-M,ACCEPT,,9,10,9,1,0,0,,
PK-M-MIDSIZE-SRW-Ford-Maverick,,3,PK-M,ACCEPT,,11,15,11,4,0,0,,
PK-XXL-FULLSIZE-SRW-Ford-F-150,,2,PK-XXL,ACCEPT,,12,12,12,0,0,0,,
PK-XXL-FULLSIZE-SRW-Ford-F-150,,3,PK-XXL,ACCEPT,,15,15,15,0,0,0,,
PK-L-HD-SRW-Chevrolet-Silverado-2500HD-3500HD,,2,PK-L,ACCEPT,,7,7,7,0,0,0,,
PK-L-HD-SRW-Chevrolet-Silverado-2500HD-3500HD,,3,PK-L,ACCEPT,,14,14,14,0,0,0,,
PK-L-HD-SRW-Chevrolet-Silverado-2500HD-3500HD,,4,PK-L,REJECT,PHYSICAL_SKU conflict: 3 atoms cross SKU boundary,17,68,23,45,0,3,Chevrolet|Silverado 2500HD/3500HD||2015|Double|8.0; Chevrolet|Silverado 2500HD/3500HD||2016|Double|8.0; Chevrolet|Silverado 2500HD/3500HD||2017|Double|8.0,Chevrolet|Silverado 2500HD/3500HD||2015|Double|8.0; Chevrolet|Silverado 2500HD/3500HD||2016|Double|8.0; Chevrolet|Silverado 2500HD/3500HD||2017|Double|8.0
PK-L-HD-SRW-Chevrolet-Silverado-2500HD-3500HD,,4,PK-L,ACCEPT,,19,19,19,0,0,0,,
PK-L-HD-SRW-Chevrolet-Silverado-2500HD-3500HD,,2,PK-L,REJECT,PHYSICAL_SKU conflict: 5 atoms cross SKU boundary,8,20,13,7,0,5,Chevrolet|Silverado 2500HD/3500HD||2015|Double|8.0; Chevrolet|Silverado 2500HD/3500HD||2016|Double|8.0; Chevrolet|Silverado 2500HD/3500HD||2017|Double|8.0; Chevrolet|Silverado 2500HD/3500HD||2018|Double|8.0; Chevrolet|Silverado 2500HD/3500HD||2019|Double|8.0,Chevrolet|Silverado 2500HD/3500HD||2015|Double|8.0; Chevrolet|Silverado 2500HD/3500HD||2016|Double|8.0; Chevrolet|Silverado 2500HD/3500HD||2017|Double|8.0; Chevrolet|Silverado 2500HD/3500HD||2018|Double|8.0; Chevrolet|Silverado 2500HD/3500HD||2019|Double|8.0
PK-XL-HD-SRW-Chevrolet-Silverado-2500HD-3500HD,,2,PK-XL,ACCEPT,,6,6,6,0,0,0,,
PK-XL-HD-SRW-Chevrolet-Silverado-2500HD-3500HD,,3,PK-XL,ACCEPT,,7,7,7,0,0,0,,
PK-XL-HD-SRW-Chevrolet-Silverado-2500HD-3500HD,,4,PK-XL,ACCEPT,,12,12,12,0,0,0,,
PK-XL-HD-SRW-Chevrolet-Silverado-2500HD-3500HD,,5,PK-XL,REJECT,PHYSICAL_SKU conflict: 8 atoms cross SKU boundary,17,68,25,43,0,8,Chevrolet|Silverado 2500HD/3500HD||2015|Double|6.8; Chevrolet|Silverado 2500HD/3500HD||2016|Double|6.8; Chevrolet|Silverado 2500HD/3500HD||2017|Double|6.8; Chevrolet|Silverado 2500HD/3500HD||2020|Crew|6.8; Chevrolet|Silverado 2500HD/3500HD||2021|Crew|6.8,Chevrolet|Silverado 2500HD/3500HD||2015|Double|6.8; Chevrolet|Silverado 2500HD/3500HD||2016|Double|6.8; Chevrolet|Silverado 2500HD/3500HD||2017|Double|6.8; Chevrolet|Silverado 2500HD/3500HD||2020|Crew|6.8; Chevrolet|Silverado 2500HD/3500HD||2021|Crew|6.8; Chevrolet|Silverado 2500HD/3500HD||2022|Crew|6.8; Chevrolet|Silverado 2500HD/3500HD||2023|Crew|6.8; Chevrolet|Silverado 2500HD/3500HD||2024|Crew|6.8
PK-XL-HD-SRW-Chevrolet-Silverado-2500HD-3500HD,,5,PK-XL,REJECT,PHYSICAL_SKU conflict: 19 atoms cross SKU boundary,19,76,38,38,0,19,Chevrolet|Silverado 2500HD/3500HD||2008|Crew|8.0; Chevrolet|Silverado 2500HD/3500HD||2008|Regular|8.0; Chevrolet|Silverado 2500HD/3500HD||2009|Crew|8.0; Chevrolet|Silverado 2500HD/3500HD||2009|Regular|8.0; Chevrolet|Silverado 2500HD/3500HD||2010|Crew|8.0,Chevrolet|Silverado 2500HD/3500HD||2008|Crew|8.0; Chevrolet|Silverado 2500HD/3500HD||2008|Regular|8.0; Chevrolet|Silverado 2500HD/3500HD||2009|Crew|8.0; Chevrolet|Silverado 2500HD/3500HD||2009|Regular|8.0; Chevrolet|Silverado 2500HD/3500HD||2010|Crew|8.0; Chevrolet|Silverado 2500HD/3500HD||2010|Regular|8.0; Chevrolet|Silverado 2500HD/3500HD||2011|Crew|8.0; Chevrolet|Silverado 2500HD/3500HD||2011|Regular|8.0; Chevrolet|Silverado 2500HD/3500HD||2012|Crew|8.0; Chevrolet|Silverado 2500HD/3500HD||2012|Regular|8.0; Chevrolet|Silverado 2500HD/3500HD||2013|Crew|8.0; Chevrolet|Silverado 2500HD/3500HD||2013|Regular|8.0; Chevrolet|Silverado 2500HD/3500HD||2014|Crew|8.0; Chevrolet|Silverado 2500HD/3500HD||2014|Regular|8.0; Chevrolet|Silverado 2500HD/3500HD||2015|Regular|8.0; Chevrolet|Silverado 2500HD/3500HD||2016|Regular|8.0; Chevrolet|Silverado 2500HD/3500HD||2017|Regular|8.0; Chevrolet|Silverado 2500HD/3500HD||2018|Regular|8.0; Chevrolet|Silverado 2500HD/3500HD||2019|Regular|8.0
PK-XL-HD-SRW-Chevrolet-Silverado-2500HD-3500HD,,2,PK-XL,REJECT,PHYSICAL_SKU conflict: 7 atoms cross SKU boundary,12,28,19,9,0,7,Chevrolet|Silverado 2500HD/3500HD||2020|Double|8.0; Chevrolet|Silverado 2500HD/3500HD||2021|Double|8.0; Chevrolet|Silverado 2500HD/3500HD||2022|Double|8.0; Chevrolet|Silverado 2500HD/3500HD||2023|Double|8.0; Chevrolet|Silverado 2500HD/3500HD||2024|Double|8.0,Chevrolet|Silverado 2500HD/3500HD||2020|Double|8.0; Chevrolet|Silverado 2500HD/3500HD||2021|Double|8.0; Chevrolet|Silverado 2500HD/3500HD||2022|Double|8.0; Chevrolet|Silverado 2500HD/3500HD||2023|Double|8.0; Chevrolet|Silverado 2500HD/3500HD||2024|Double|8.0; Chevrolet|Silverado 2500HD/3500HD||2025|Double|8.0; Chevrolet|Silverado 2500HD/3500HD||2026|Double|8.0
PK-M-MIDSIZE-SRW-Hyundai-Santa-Cruz,,2,PK-M,ACCEPT,,4,6,4,2,0,0,,
PK-M-MIDSIZE-SRW-Hyundai-Santa-Cruz,,3,PK-M,ACCEPT,,6,10,8,2,0,0,,
PK-M-MIDSIZE-SRW-Hyundai-Santa-Cruz,,4,PK-M,ACCEPT,,8,10,8,2,0,0,,
PK-M+-MIDSIZE-SRW-Ford-F-100,,2,PK-M+,ACCEPT,,8,8,8,0,0,0,,
PK-M+-MIDSIZE-SRW-Ford-F-100,,3,PK-M+,REJECT,PHYSICAL_SKU conflict: 13 atoms cross SKU boundary,14,32,27,5,0,13,Ford|F-100||1973|Regular|6.8; Ford|F-100||1974|Regular|6.8; Ford|F-100||1974|SuperCab|8.0; Ford|F-100||1975|Regular|6.8; Ford|F-100||1975|SuperCab|8.0,Ford|F-100||1973|Regular|6.8; Ford|F-100||1974|Regular|6.8; Ford|F-100||1974|SuperCab|8.0; Ford|F-100||1975|Regular|6.8; Ford|F-100||1975|SuperCab|8.0; Ford|F-100||1976|Regular|6.8; Ford|F-100||1976|SuperCab|8.0; Ford|F-100||1977|Regular|6.8; Ford|F-100||1977|SuperCab|8.0; Ford|F-100||1978|Regular|6.8; Ford|F-100||1978|SuperCab|8.0; Ford|F-100||1979|Regular|6.8; Ford|F-100||1979|SuperCab|8.0
PK-M-MIDSIZE-SRW-Dodge-Dakota,,2,PK-M,REJECT,PHYSICAL_SKU conflict: 7 atoms cross SKU boundary,10,20,17,3,0,7,Dodge|Dakota||1990|Regular|8.0; Dodge|Dakota||1991|Regular|8.0; Dodge|Dakota||1992|Regular|8.0; Dodge|Dakota||1993|Regular|8.0; Dodge|Dakota||1994|Regular|8.0,Dodge|Dakota||1990|Regular|8.0; Dodge|Dakota||1991|Regular|8.0; Dodge|Dakota||1992|Regular|8.0; Dodge|Dakota||1993|Regular|8.0; Dodge|Dakota||1994|Regular|8.0; Dodge|Dakota||1995|Regular|8.0; Dodge|Dakota||1996|Regular|8.0
PK-M-MIDSIZE-SRW-Dodge-Dakota,,2,PK-M,REJECT,PHYSICAL_SKU conflict: 3 atoms cross SKU boundary,11,22,14,8,0,3,Dodge|Dakota||1997|Regular|8.0; Dodge|Dakota||1998|Regular|8.0; Dodge|Dakota||1999|Regular|8.0,Dodge|Dakota||1997|Regular|8.0; Dodge|Dakota||1998|Regular|8.0; Dodge|Dakota||1999|Regular|8.0
PK-M-MIDSIZE-SRW-Dodge-Dakota,,2,PK-M,ACCEPT,,15,15,15,0,0,0,,
PK-M+-FULLSIZE-SRW-Toyota-Tundra,,2,PK-M+,ACCEPT,,13,14,13,1,0,0,,
PK-M+-FULLSIZE-SRW-Toyota-Tundra,,3,PK-M+,ACCEPT,,24,36,24,12,0,0,,
PK-XXXL-HD-SRW-Ram-2500-3500,,2,PK-XXXL,ACCEPT,,17,17,17,0,0,0,,
PK-L-MIDSIZE-SRW-Toyota-Tacoma,,2,PK-L,ACCEPT,,11,11,11,0,0,0,,
PK-L-MIDSIZE-SRW-Toyota-Tacoma,,3,PK-L,ACCEPT,,14,22,14,8,0,0,,
PK-M+-MIDSIZE-SRW-Chevrolet-El-Camino,,2,PK-M+,ACCEPT,,2,2,2,0,0,0,,
PK-M+-MIDSIZE-SRW-Chevrolet-El-Camino,,3,PK-M+,ACCEPT,,3,3,3,0,0,0,,
PK-M+-MIDSIZE-SRW-Chevrolet-El-Camino,,4,PK-M+,ACCEPT,,5,5,5,0,0,0,,
PK-M+-MIDSIZE-SRW-Chevrolet-El-Camino,,5,PK-M+,ACCEPT,,6,6,6,0,0,0,,
PK-M+-MIDSIZE-SRW-Chevrolet-El-Camino,,6,PK-M+,ACCEPT,,7,7,7,0,0,0,,
PK-M+-MIDSIZE-SRW-Ford-Ranger,,2,PK-M+,ACCEPT,,8,8,8,0,0,0,,
PK-M+-MIDSIZE-SRW-Ford-Ranger,,3,PK-M+,ACCEPT,,11,16,11,5,0,0,,
PK-XXL-HD-SRW-Chevrolet-Silverado-2500HD-3500HD,,2,PK-XXL,REJECT,PHYSICAL_SKU conflict: 15 atoms cross SKU boundary,12,48,27,21,0,15,Chevrolet|Silverado 2500HD/3500HD||2015|Double|6.8; Chevrolet|Silverado 2500HD/3500HD||2016|Double|6.8; Chevrolet|Silverado 2500HD/3500HD||2017|Double|6.8; Chevrolet|Silverado 2500HD/3500HD||2020|Double|6.8; Chevrolet|Silverado 2500HD/3500HD||2020|Double|8.0,Chevrolet|Silverado 2500HD/3500HD||2015|Double|6.8; Chevrolet|Silverado 2500HD/3500HD||2016|Double|6.8; Chevrolet|Silverado 2500HD/3500HD||2017|Double|6.8; Chevrolet|Silverado 2500HD/3500HD||2020|Double|6.8; Chevrolet|Silverado 2500HD/3500HD||2020|Double|8.0; Chevrolet|Silverado 2500HD/3500HD||2021|Double|6.8; Chevrolet|Silverado 2500HD/3500HD||2021|Double|8.0; Chevrolet|Silverado 2500HD/3500HD||2022|Double|6.8; Chevrolet|Silverado 2500HD/3500HD||2022|Double|8.0; Chevrolet|Silverado 2500HD/3500HD||2023|Double|6.8; Chevrolet|Silverado 2500HD/3500HD||2023|Double|8.0; Chevrolet|Silverado 2500HD/3500HD||2024|Double|6.8; Chevrolet|Silverado 2500HD/3500HD||2024|Double|8.0; Chevrolet|Silverado 2500HD/3500HD||2025|Double|8.0; Chevrolet|Silverado 2500HD/3500HD||2026|Double|8.0
PK-M+-FULLSIZE-SRW-Rivian-R1T,,2,PK-M+,ACCEPT,,3,3,3,0,0,0,,
PK-M+-FULLSIZE-SRW-Rivian-R1T,,3,PK-M+,ACCEPT,,5,10,5,5,0,0,,
PK-XXXL-DRW-DRW-GMC-Sierra-2500HD-3500HD,,2,PK-XXXL,ACCEPT,,14,14,14,0,0,0,,
PK-XXXL-DRW-DRW-GMC-Sierra-2500HD-3500HD,,3,PK-XXXL,ACCEPT,,19,19,19,0,0,0,,
PK-XXXL-DRW-DRW-GMC-Sierra-2500HD-3500HD,,4,PK-XXXL,ACCEPT,,26,26,26,0,0,0,,
PK-XL-HD-SRW-Chevrolet-Silverado-1500HD,,2,PK-XL,ACCEPT,,4,4,4,0,0,0,,
PK-XL-HD-SRW-Chevrolet-Silverado-1500HD,,3,PK-XL,ACCEPT,,5,5,5,0,0,0,,
PK-XL-HD-SRW-Chevrolet-Silverado-1500HD,,4,PK-XL,ACCEPT,,6,12,6,6,0,0,,
PK-M-MIDSIZE-SRW-Chevrolet-SSR,,2,PK-M,ACCEPT,,4,4,4,0,0,0,,
PK-XXXL-DRW-DRW-Ford-F-350-Super-Duty,,2,PK-XXXL,ACCEPT,,7,7,7,0,0,0,,
PK-XXXL-DRW-DRW-Ford-F-350-Super-Duty,,3,PK-XXXL,ACCEPT,,9,9,9,0,0,0,,
PK-XXXL-DRW-DRW-Ford-F-350-Super-Duty,,4,PK-XXXL,ACCEPT,,12,12,12,0,0,0,,
PK-XXXL-DRW-DRW-Ford-F-350-Super-Duty,,5,PK-XXXL,ACCEPT,,18,18,18,0,0,0,,
PK-XXXL-DRW-DRW-Ford-F-350-Super-Duty,,6,PK-XXXL,ACCEPT,,21,21,21,0,0,0,,
PK-XXXL-DRW-DRW-Ford-F-350-Super-Duty,,7,PK-XXXL,ACCEPT,,24,24,24,0,0,0,,
PK-XXXL-DRW-DRW-Ford-F-350-Super-Duty,,8,PK-XXXL,ACCEPT,,28,28,28,0,0,0,,
PK-L-FULLSIZE-SRW-Ford-F-150,,2,PK-L,REJECT,PHYSICAL_SKU conflict: 4 atoms cross SKU boundary,4,8,8,0,0,4,Ford|F-150||1997|Regular|6.5; Ford|F-150||1997|SuperCab|8.0; Ford|F-150||1998|Regular|6.5; Ford|F-150||1998|SuperCab|8.0,Ford|F-150||1997|Regular|6.5; Ford|F-150||1997|SuperCab|8.0; Ford|F-150||1998|Regular|6.5; Ford|F-150||1998|SuperCab|8.0
PK-L-FULLSIZE-SRW-Ford-F-150,,2,PK-L,ACCEPT,,7,7,7,0,0,0,,
PK-L-FULLSIZE-SRW-Ford-F-150,,2,PK-L,REJECT,PHYSICAL_SKU conflict: 9 atoms cross SKU boundary,7,28,23,5,0,9,Ford|F-150||1997|Regular|6.5; Ford|F-150||1997|SuperCab|8.0; Ford|F-150||1998|Regular|6.5; Ford|F-150||1998|SuperCab|8.0; Ford|F-150||1999|Regular|6.5,Ford|F-150||1997|Regular|6.5; Ford|F-150||1997|SuperCab|8.0; Ford|F-150||1998|Regular|6.5; Ford|F-150||1998|SuperCab|8.0; Ford|F-150||1999|Regular|6.5; Ford|F-150||2000|Regular|6.5; Ford|F-150||2001|Regular|6.5; Ford|F-150||2002|Regular|6.5; Ford|F-150||2003|Regular|6.5
PK-L-FULLSIZE-SRW-Ford-F-150,,3,PK-L,REJECT,PHYSICAL_SKU conflict: 9 atoms cross SKU boundary,12,28,23,5,0,9,Ford|F-150||1997|Regular|6.5; Ford|F-150||1997|SuperCab|8.0; Ford|F-150||1998|Regular|6.5; Ford|F-150||1998|SuperCab|8.0; Ford|F-150||1999|Regular|6.5,Ford|F-150||1997|Regular|6.5; Ford|F-150||1997|SuperCab|8.0; Ford|F-150||1998|Regular|6.5; Ford|F-150||1998|SuperCab|8.0; Ford|F-150||1999|Regular|6.5; Ford|F-150||2000|Regular|6.5; Ford|F-150||2001|Regular|6.5; Ford|F-150||2002|Regular|6.5; Ford|F-150||2003|Regular|6.5
PK-L-FULLSIZE-SRW-Ford-F-150,,2,PK-L,ACCEPT,,7,7,7,0,0,0,,
PK-L-FULLSIZE-SRW-Ford-F-150,,3,PK-L,ACCEPT,,9,28,9,19,0,0,,
PK-L-FULLSIZE-SRW-Ford-F-150,,3,PK-L,ACCEPT,,9,28,9,19,0,0,,
PK-L-FULLSIZE-SRW-Ford-F-150,,4,PK-L,ACCEPT,,14,48,19,29,0,0,,
PK-L-FULLSIZE-SRW-Ford-F-150,,3,PK-L,REJECT,PHYSICAL_SKU conflict: 14 atoms cross SKU boundary,12,48,38,10,0,14,Ford|F-150||1997|Regular|6.5; Ford|F-150||1997|SuperCab|8.0; Ford|F-150||1998|Regular|6.5; Ford|F-150||1998|SuperCab|8.0; Ford|F-150||1999|Regular|6.5,Ford|F-150||1997|Regular|6.5; Ford|F-150||1997|SuperCab|8.0; Ford|F-150||1998|Regular|6.5; Ford|F-150||1998|SuperCab|8.0; Ford|F-150||1999|Regular|6.5; Ford|F-150||2000|Regular|6.5; Ford|F-150||2001|Regular|6.5; Ford|F-150||2002|Regular|6.5; Ford|F-150||2003|Regular|6.5; Ford|F-150||2004|Regular|6.5; Ford|F-150||2005|Regular|6.5; Ford|F-150||2006|Regular|6.5; Ford|F-150||2007|Regular|6.5; Ford|F-150||2008|Regular|6.5
PK-L-FULLSIZE-SRW-Ford-F-150,,5,PK-L,REJECT,PHYSICAL_SKU conflict: 14 atoms cross SKU boundary,19,108,45,63,0,14,Ford|F-150||1997|Regular|6.5; Ford|F-150||1997|SuperCab|8.0; Ford|F-150||1998|Regular|6.5; Ford|F-150||1998|SuperCab|8.0; Ford|F-150||1999|Regular|6.5,Ford|F-150||1997|Regular|6.5; Ford|F-150||1997|SuperCab|8.0; Ford|F-150||1998|Regular|6.5; Ford|F-150||1998|SuperCab|8.0; Ford|F-150||1999|Regular|6.5; Ford|F-150||2000|Regular|6.5; Ford|F-150||2001|Regular|6.5; Ford|F-150||2002|Regular|6.5; Ford|F-150||2003|Regular|6.5; Ford|F-150||2004|Regular|6.5; Ford|F-150||2005|Regular|6.5; Ford|F-150||2006|Regular|6.5; Ford|F-150||2007|Regular|6.5; Ford|F-150||2008|Regular|6.5
PK-L-FULLSIZE-SRW-Ford-F-150,,3,PK-L,ACCEPT,,12,12,12,0,0,0,,
PK-L-FULLSIZE-SRW-Ford-F-150,,5,PK-L,ACCEPT,,19,48,19,29,0,0,,
PK-L-FULLSIZE-SRW-Ford-F-150,,4,PK-L,ACCEPT,,17,48,19,29,0,0,,
PK-L-FULLSIZE-SRW-Ford-F-150,,6,PK-L,ACCEPT,,25,72,30,42,0,0,,
PK-L-FULLSIZE-SRW-Ford-F-150,,4,PK-L,REJECT,PHYSICAL_SKU conflict: 26 atoms cross SKU boundary,18,72,62,10,0,26,Ford|F-150||1997|Regular|6.5; Ford|F-150||1997|SuperCab|8.0; Ford|F-150||1998|Regular|6.5; Ford|F-150||1998|SuperCab|8.0; Ford|F-150||1999|Regular|6.5,Ford|F-150||1997|Regular|6.5; Ford|F-150||1997|SuperCab|8.0; Ford|F-150||1998|Regular|6.5; Ford|F-150||1998|SuperCab|8.0; Ford|F-150||1999|Regular|6.5; Ford|F-150||2000|Regular|6.5; Ford|F-150||2001|Regular|6.5; Ford|F-150||2002|Regular|6.5; Ford|F-150||2003|Regular|6.5; Ford|F-150||2004|Regular|6.5; Ford|F-150||2005|Regular|6.5; Ford|F-150||2006|Regular|6.5; Ford|F-150||2007|Regular|6.5; Ford|F-150||2008|Regular|6.5; Ford|F-150||2009|Regular|6.5; Ford|F-150||2009|SuperCab|8.0; Ford|F-150||2010|Regular|6.5; Ford|F-150||2010|SuperCab|8.0; Ford|F-150||2011|Regular|6.5; Ford|F-150||2011|SuperCab|8.0; Ford|F-150||2012|Regular|6.5; Ford|F-150||2012|SuperCab|8.0; Ford|F-150||2013|Regular|6.5; Ford|F-150||2013|SuperCab|8.0; Ford|F-150||2014|Regular|6.5; Ford|F-150||2014|SuperCab|8.0
PK-L-FULLSIZE-SRW-Ford-F-150,,7,PK-L,REJECT,PHYSICAL_SKU conflict: 32 atoms cross SKU boundary,31,162,80,82,0,32,Ford|F-150||1997|Regular|6.5; Ford|F-150||1997|SuperCab|8.0; Ford|F-150||1998|Regular|6.5; Ford|F-150||1998|SuperCab|8.0; Ford|F-150||1999|Regular|6.5,Ford|F-150||1997|Regular|6.5; Ford|F-150||1997|SuperCab|8.0; Ford|F-150||1998|Regular|6.5; Ford|F-150||1998|SuperCab|8.0; Ford|F-150||1999|Regular|6.5; Ford|F-150||2000|Regular|6.5; Ford|F-150||2001|Regular|6.5; Ford|F-150||2002|Regular|6.5; Ford|F-150||2003|Regular|6.5; Ford|F-150||2004|Regular|6.5; Ford|F-150||2005|Regular|6.5; Ford|F-150||2006|Regular|6.5; Ford|F-150||2007|Regular|6.5; Ford|F-150||2008|Regular|6.5; Ford|F-150||2009|Regular|6.5; Ford|F-150||2009|SuperCab|8.0; Ford|F-150||2009|SuperCrew|6.5; Ford|F-150||2010|Regular|6.5; Ford|F-150||2010|SuperCab|8.0; Ford|F-150||2010|SuperCrew|6.5; Ford|F-150||2011|Regular|6.5; Ford|F-150||2011|SuperCab|8.0; Ford|F-150||2011|SuperCrew|6.5; Ford|F-150||2012|Regular|6.5; Ford|F-150||2012|SuperCab|8.0; Ford|F-150||2012|SuperCrew|6.5; Ford|F-150||2013|Regular|6.5; Ford|F-150||2013|SuperCab|8.0; Ford|F-150||2013|SuperCrew|6.5; Ford|F-150||2014|Regular|6.5; Ford|F-150||2014|SuperCab|8.0; Ford|F-150||2014|SuperCrew|6.5
PK-L-FULLSIZE-SRW-Ford-F-150,,4,PK-L,ACCEPT,,18,18,18,0,0,0,,
PK-L-FULLSIZE-SRW-Ford-F-150,,7,PK-L,ACCEPT,,30,72,30,42,0,0,,
PK-L-FULLSIZE-SRW-Ford-F-150,,5,PK-L,REJECT,PHYSICAL_SKU conflict: 6 atoms cross SKU boundary,23,72,36,36,0,6,Ford|F-150||2009|SuperCrew|6.5; Ford|F-150||2010|SuperCrew|6.5; Ford|F-150||2011|SuperCrew|6.5; Ford|F-150||2012|SuperCrew|6.5; Ford|F-150||2013|SuperCrew|6.5,Ford|F-150||2009|SuperCrew|6.5; Ford|F-150||2010|SuperCrew|6.5; Ford|F-150||2011|SuperCrew|6.5; Ford|F-150||2012|SuperCrew|6.5; Ford|F-150||2013|SuperCrew|6.5; Ford|F-150||2014|SuperCrew|6.5
PK-L-FULLSIZE-SRW-Ford-F-150,,8,PK-L,ACCEPT,,34,144,34,110,0,0,,
PK-L-FULLSIZE-SRW-Ford-F-150,,5,PK-L,REJECT,PHYSICAL_SKU conflict: 11 atoms cross SKU boundary,22,144,45,99,0,11,Ford|F-150|Raptor|2010|SuperCab|5.5; Ford|F-150|Raptor|2011|SuperCab|5.5; Ford|F-150|Raptor|2012|SuperCab|5.5; Ford|F-150|Raptor|2013|SuperCab|5.5; Ford|F-150|Raptor|2014|SuperCab|5.5,Ford|F-150|Raptor|2010|SuperCab|5.5; Ford|F-150|Raptor|2011|SuperCab|5.5; Ford|F-150|Raptor|2012|SuperCab|5.5; Ford|F-150|Raptor|2013|SuperCab|5.5; Ford|F-150|Raptor|2014|SuperCab|5.5; Ford|F-150||2009|SuperCrew|6.5; Ford|F-150||2010|SuperCrew|6.5; Ford|F-150||2011|SuperCrew|6.5; Ford|F-150||2012|SuperCrew|6.5; Ford|F-150||2013|SuperCrew|6.5; Ford|F-150||2014|SuperCrew|6.5
PK-L-FULLSIZE-SRW-Ford-F-150,,9,PK-L,ACCEPT,,40,192,48,144,0,0,,
PK-L-FULLSIZE-SRW-Ford-F-150,,5,PK-L,REJECT,PHYSICAL_SKU conflict: 38 atoms cross SKU boundary,24,96,86,10,0,38,Ford|F-150||1997|Regular|6.5; Ford|F-150||1997|SuperCab|8.0; Ford|F-150||1998|Regular|6.5; Ford|F-150||1998|SuperCab|8.0; Ford|F-150||1999|Regular|6.5,Ford|F-150||1997|Regular|6.5; Ford|F-150||1997|SuperCab|8.0; Ford|F-150||1998|Regular|6.5; Ford|F-150||1998|SuperCab|8.0; Ford|F-150||1999|Regular|6.5; Ford|F-150||2000|Regular|6.5; Ford|F-150||2001|Regular|6.5; Ford|F-150||2002|Regular|6.5; Ford|F-150||2003|Regular|6.5; Ford|F-150||2004|Regular|6.5; Ford|F-150||2005|Regular|6.5; Ford|F-150||2006|Regular|6.5; Ford|F-150||2007|Regular|6.5; Ford|F-150||2008|Regular|6.5; Ford|F-150||2009|Regular|6.5; Ford|F-150||2009|SuperCab|8.0; Ford|F-150||2010|Regular|6.5; Ford|F-150||2010|SuperCab|8.0; Ford|F-150||2011|Regular|6.5; Ford|F-150||2011|SuperCab|8.0; Ford|F-150||2012|Regular|6.5; Ford|F-150||2012|SuperCab|8.0; Ford|F-150||2013|Regular|6.5; Ford|F-150||2013|SuperCab|8.0; Ford|F-150||2014|Regular|6.5; Ford|F-150||2014|SuperCab|8.0; Ford|F-150||2015|Regular|6.5; Ford|F-150||2015|SuperCab|8.0; Ford|F-150||2016|Regular|6.5; Ford|F-150||2016|SuperCab|8.0; Ford|F-150||2017|Regular|6.5; Ford|F-150||2017|SuperCab|8.0; Ford|F-150||2018|Regular|6.5; Ford|F-150||2018|SuperCab|8.0; Ford|F-150||2019|Regular|6.5; Ford|F-150||2019|SuperCab|8.0; Ford|F-150||2020|Regular|6.5; Ford|F-150||2020|SuperCab|8.0
PK-L-FULLSIZE-SRW-Ford-F-150,,10,PK-L,REJECT,PHYSICAL_SKU conflict: 59 atoms cross SKU boundary,46,432,131,301,0,59,Ford|F-150|Raptor|2010|SuperCab|5.5; Ford|F-150|Raptor|2011|SuperCab|5.5; Ford|F-150|Raptor|2012|SuperCab|5.5; Ford|F-150|Raptor|2013|SuperCab|5.5; Ford|F-150|Raptor|2014|SuperCab|5.5,Ford|F-150|Raptor|2010|SuperCab|5.5; Ford|F-150|Raptor|2011|SuperCab|5.5; Ford|F-150|Raptor|2012|SuperCab|5.5; Ford|F-150|Raptor|2013|SuperCab|5.5; Ford|F-150|Raptor|2014|SuperCab|5.5; Ford|F-150|Raptor|2017|SuperCab|5.5; Ford|F-150|Raptor|2018|SuperCab|5.5; Ford|F-150|Raptor|2019|SuperCab|5.5; Ford|F-150|Raptor|2020|SuperCab|5.5; Ford|F-150||1997|Regular|6.5; Ford|F-150||1997|SuperCab|8.0; Ford|F-150||1998|Regular|6.5; Ford|F-150||1998|SuperCab|8.0; Ford|F-150||1999|Regular|6.5; Ford|F-150||2000|Regular|6.5; Ford|F-150||2001|Regular|6.5; Ford|F-150||2002|Regular|6.5; Ford|F-150||2003|Regular|6.5; Ford|F-150||2004|Regular|6.5; Ford|F-150||2005|Regular|6.5; Ford|F-150||2006|Regular|6.5; Ford|F-150||2007|Regular|6.5; Ford|F-150||2008|Regular|6.5; Ford|F-150||2009|Regular|6.5; Ford|F-150||2009|SuperCab|8.0; Ford|F-150||2009|SuperCrew|6.5; Ford|F-150||2010|Regular|6.5; Ford|F-150||2010|SuperCab|8.0; Ford|F-150||2010|SuperCrew|6.5; Ford|F-150||2011|Regular|6.5; Ford|F-150||2011|SuperCab|8.0; Ford|F-150||2011|SuperCrew|6.5; Ford|F-150||2012|Regular|6.5; Ford|F-150||2012|SuperCab|8.0; Ford|F-150||2012|SuperCrew|6.5; Ford|F-150||2013|Regular|6.5; Ford|F-150||2013|SuperCab|8.0; Ford|F-150||2013|SuperCrew|6.5; Ford|F-150||2014|Regular|6.5; Ford|F-150||2014|SuperCab|8.0; Ford|F-150||2014|SuperCrew|6.5; Ford|F-150||2015|Regular|6.5; Ford|F-150||2015|SuperCab|8.0; Ford|F-150||2015|SuperCrew|6.5; Ford|F-150||2016|Regular|6.5; Ford|F-150||2016|SuperCab|8.0; Ford|F-150||2016|SuperCrew|6.5; Ford|F-150||2017|Regular|6.5; Ford|F-150||2017|SuperCab|8.0; Ford|F-150||2017|SuperCrew|6.5; Ford|F-150||2018|Regular|6.5; Ford|F-150||2018|SuperCab|8.0; Ford|F-150||2018|SuperCrew|6.5; Ford|F-150||2019|Regular|6.5; Ford|F-150||2019|SuperCab|8.0; Ford|F-150||2019|SuperCrew|6.5; Ford|F-150||2020|Regular|6.5; Ford|F-150||2020|SuperCab|8.0; Ford|F-150||2020|SuperCrew|6.5
PK-L-FULLSIZE-SRW-Ford-F-150,,5,PK-L,ACCEPT,,24,24,24,0,0,0,,
PK-L-FULLSIZE-SRW-Ford-F-150,,10,PK-L,ACCEPT,,44,192,48,144,0,0,,
PK-L-FULLSIZE-SRW-Ford-F-150,,6,PK-L,REJECT,PHYSICAL_SKU conflict: 12 atoms cross SKU boundary,28,96,52,44,0,12,Ford|F-150||2009|SuperCrew|6.5; Ford|F-150||2010|SuperCrew|6.5; Ford|F-150||2011|SuperCrew|6.5; Ford|F-150||2012|SuperCrew|6.5; Ford|F-150||2013|SuperCrew|6.5,Ford|F-150||2009|SuperCrew|6.5; Ford|F-150||2010|SuperCrew|6.5; Ford|F-150||2011|SuperCrew|6.5; Ford|F-150||2012|SuperCrew|6.5; Ford|F-150||2013|SuperCrew|6.5; Ford|F-150||2014|SuperCrew|6.5; Ford|F-150||2015|SuperCrew|6.5; Ford|F-150||2016|SuperCrew|6.5; Ford|F-150||2017|SuperCrew|6.5; Ford|F-150||2018|SuperCrew|6.5; Ford|F-150||2019|SuperCrew|6.5; Ford|F-150||2020|SuperCrew|6.5
PK-L-FULLSIZE-SRW-Ford-F-150,,11,PK-L,ACCEPT,,48,192,48,144,0,0,,
PK-L-FULLSIZE-SRW-Ford-F-150,,6,PK-L,REJECT,PHYSICAL_SKU conflict: 21 atoms cross SKU boundary,28,192,69,123,0,21,Ford|F-150|Raptor|2010|SuperCab|5.5; Ford|F-150|Raptor|2011|SuperCab|5.5; Ford|F-150|Raptor|2012|SuperCab|5.5; Ford|F-150|Raptor|2013|SuperCab|5.5; Ford|F-150|Raptor|2014|SuperCab|5.5,Ford|F-150|Raptor|2010|SuperCab|5.5; Ford|F-150|Raptor|2011|SuperCab|5.5; Ford|F-150|Raptor|2012|SuperCab|5.5; Ford|F-150|Raptor|2013|SuperCab|5.5; Ford|F-150|Raptor|2014|SuperCab|5.5; Ford|F-150|Raptor|2017|SuperCab|5.5; Ford|F-150|Raptor|2018|SuperCab|5.5; Ford|F-150|Raptor|2019|SuperCab|5.5; Ford|F-150|Raptor|2020|SuperCab|5.5; Ford|F-150||2009|SuperCrew|6.5; Ford|F-150||2010|SuperCrew|6.5; Ford|F-150||2011|SuperCrew|6.5; Ford|F-150||2012|SuperCrew|6.5; Ford|F-150||2013|SuperCrew|6.5; Ford|F-150||2014|SuperCrew|6.5; Ford|F-150||2015|SuperCrew|6.5; Ford|F-150||2016|SuperCrew|6.5; Ford|F-150||2017|SuperCrew|6.5; Ford|F-150||2018|SuperCrew|6.5; Ford|F-150||2019|SuperCrew|6.5; Ford|F-150||2020|SuperCrew|6.5
PK-L-FULLSIZE-SRW-Ford-F-150,,12,PK-L,REJECT,PHYSICAL_SKU conflict: 3 atoms cross SKU boundary,51,216,57,159,0,3,Ford|F-150|Raptor|2021|SuperCrew|5.5; Ford|F-150|Raptor|2022|SuperCrew|5.5; Ford|F-150|Raptor|2023|SuperCrew|5.5,Ford|F-150|Raptor|2021|SuperCrew|5.5; Ford|F-150|Raptor|2022|SuperCrew|5.5; Ford|F-150|Raptor|2023|SuperCrew|5.5
PK-L-FULLSIZE-SRW-Ford-F-150,,6,PK-L,REJECT,PHYSICAL_SKU conflict: 44 atoms cross SKU boundary,27,108,98,10,0,44,Ford|F-150||1997|Regular|6.5; Ford|F-150||1997|SuperCab|8.0; Ford|F-150||1998|Regular|6.5; Ford|F-150||1998|SuperCab|8.0; Ford|F-150||1999|Regular|6.5,Ford|F-150||1997|Regular|6.5; Ford|F-150||1997|SuperCab|8.0; Ford|F-150||1998|Regular|6.5; Ford|F-150||1998|SuperCab|8.0; Ford|F-150||1999|Regular|6.5; Ford|F-150||2000|Regular|6.5; Ford|F-150||2001|Regular|6.5; Ford|F-150||2002|Regular|6.5; Ford|F-150||2003|Regular|6.5; Ford|F-150||2004|Regular|6.5; Ford|F-150||2005|Regular|6.5; Ford|F-150||2006|Regular|6.5; Ford|F-150||2007|Regular|6.5; Ford|F-150||2008|Regular|6.5; Ford|F-150||2009|Regular|6.5; Ford|F-150||2009|SuperCab|8.0; Ford|F-150||2010|Regular|6.5; Ford|F-150||2010|SuperCab|8.0; Ford|F-150||2011|Regular|6.5; Ford|F-150||2011|SuperCab|8.0; Ford|F-150||2012|Regular|6.5; Ford|F-150||2012|SuperCab|8.0; Ford|F-150||2013|Regular|6.5; Ford|F-150||2013|SuperCab|8.0; Ford|F-150||2014|Regular|6.5; Ford|F-150||2014|SuperCab|8.0; Ford|F-150||2015|Regular|6.5; Ford|F-150||2015|SuperCab|8.0; Ford|F-150||2016|Regular|6.5; Ford|F-150||2016|SuperCab|8.0; Ford|F-150||2017|Regular|6.5; Ford|F-150||2017|SuperCab|8.0; Ford|F-150||2018|Regular|6.5; Ford|F-150||2018|SuperCab|8.0; Ford|F-150||2019|Regular|6.5; Ford|F-150||2019|SuperCab|8.0; Ford|F-150||2020|Regular|6.5; Ford|F-150||2020|SuperCab|8.0; Ford|F-150||2021|Regular|6.5; Ford|F-150||2021|SuperCab|8.0; Ford|F-150||2022|Regular|6.5; Ford|F-150||2022|SuperCab|8.0; Ford|F-150||2023|Regular|6.5; Ford|F-150||2023|SuperCab|8.0
PK-L-FULLSIZE-SRW-Ford-F-150,,12,PK-L,REJECT,PHYSICAL_SKU conflict: 71 atoms cross SKU boundary,51,486,152,334,0,71,Ford|F-150|Raptor|2010|SuperCab|5.5; Ford|F-150|Raptor|2011|SuperCab|5.5; Ford|F-150|Raptor|2012|SuperCab|5.5; Ford|F-150|Raptor|2013|SuperCab|5.5; Ford|F-150|Raptor|2014|SuperCab|5.5,Ford|F-150|Raptor|2010|SuperCab|5.5; Ford|F-150|Raptor|2011|SuperCab|5.5; Ford|F-150|Raptor|2012|SuperCab|5.5; Ford|F-150|Raptor|2013|SuperCab|5.5; Ford|F-150|Raptor|2014|SuperCab|5.5; Ford|F-150|Raptor|2017|SuperCab|5.5; Ford|F-150|Raptor|2018|SuperCab|5.5; Ford|F-150|Raptor|2019|SuperCab|5.5; Ford|F-150|Raptor|2020|SuperCab|5.5; Ford|F-150|Raptor|2021|SuperCrew|5.5; Ford|F-150|Raptor|2022|SuperCrew|5.5; Ford|F-150|Raptor|2023|SuperCrew|5.5; Ford|F-150||1997|Regular|6.5; Ford|F-150||1997|SuperCab|8.0; Ford|F-150||1998|Regular|6.5; Ford|F-150||1998|SuperCab|8.0; Ford|F-150||1999|Regular|6.5; Ford|F-150||2000|Regular|6.5; Ford|F-150||2001|Regular|6.5; Ford|F-150||2002|Regular|6.5; Ford|F-150||2003|Regular|6.5; Ford|F-150||2004|Regular|6.5; Ford|F-150||2005|Regular|6.5; Ford|F-150||2006|Regular|6.5; Ford|F-150||2007|Regular|6.5; Ford|F-150||2008|Regular|6.5; Ford|F-150||2009|Regular|6.5; Ford|F-150||2009|SuperCab|8.0; Ford|F-150||2009|SuperCrew|6.5; Ford|F-150||2010|Regular|6.5; Ford|F-150||2010|SuperCab|8.0; Ford|F-150||2010|SuperCrew|6.5; Ford|F-150||2011|Regular|6.5; Ford|F-150||2011|SuperCab|8.0; Ford|F-150||2011|SuperCrew|6.5; Ford|F-150||2012|Regular|6.5; Ford|F-150||2012|SuperCab|8.0; Ford|F-150||2012|SuperCrew|6.5; Ford|F-150||2013|Regular|6.5; Ford|F-150||2013|SuperCab|8.0; Ford|F-150||2013|SuperCrew|6.5; Ford|F-150||2014|Regular|6.5; Ford|F-150||2014|SuperCab|8.0; Ford|F-150||2014|SuperCrew|6.5; Ford|F-150||2015|Regular|6.5; Ford|F-150||2015|SuperCab|8.0; Ford|F-150||2015|SuperCrew|6.5; Ford|F-150||2016|Regular|6.5; Ford|F-150||2016|SuperCab|8.0; Ford|F-150||2016|SuperCrew|6.5; Ford|F-150||2017|Regular|6.5; Ford|F-150||2017|SuperCab|8.0; Ford|F-150||2017|SuperCrew|6.5; Ford|F-150||2018|Regular|6.5; Ford|F-150||2018|SuperCab|8.0; Ford|F-150||2018|SuperCrew|6.5; Ford|F-150||2019|Regular|6.5; Ford|F-150||2019|SuperCab|8.0; Ford|F-150||2019|SuperCrew|6.5; Ford|F-150||2020|Regular|6.5; Ford|F-150||2020|SuperCab|8.0; Ford|F-150||2020|SuperCrew|6.5; Ford|F-150||2021|Regular|6.5; Ford|F-150||2021|SuperCab|8.0; Ford|F-150||2021|SuperCrew|6.5; Ford|F-150||2022|Regular|6.5; Ford|F-150||2022|SuperCab|8.0; Ford|F-150||2022|SuperCrew|6.5; Ford|F-150||2023|Regular|6.5; Ford|F-150||2023|SuperCab|8.0; Ford|F-150||2023|SuperCrew|6.5
PK-L-FULLSIZE-SRW-Ford-F-150,,6,PK-L,ACCEPT,,27,27,27,0,0,0,,
PK-L-FULLSIZE-SRW-Ford-F-150,,2,PK-L,REJECT,PHYSICAL_SKU conflict: 6 atoms cross SKU boundary,6,12,12,0,0,6,Ford|F-150||2021|Regular|6.5; Ford|F-150||2021|SuperCab|8.0; Ford|F-150||2022|Regular|6.5; Ford|F-150||2022|SuperCab|8.0; Ford|F-150||2023|Regular|6.5,Ford|F-150||2021|Regular|6.5; Ford|F-150||2021|SuperCab|8.0; Ford|F-150||2022|Regular|6.5; Ford|F-150||2022|SuperCab|8.0; Ford|F-150||2023|Regular|6.5; Ford|F-150||2023|SuperCab|8.0
PK-L-FULLSIZE-SRW-Ford-F-150,,12,PK-L,REJECT,PHYSICAL_SKU conflict: 3 atoms cross SKU boundary,51,216,57,159,0,3,Ford|F-150|Raptor|2021|SuperCrew|5.5; Ford|F-150|Raptor|2022|SuperCrew|5.5; Ford|F-150|Raptor|2023|SuperCrew|5.5,Ford|F-150|Raptor|2021|SuperCrew|5.5; Ford|F-150|Raptor|2022|SuperCrew|5.5; Ford|F-150|Raptor|2023|SuperCrew|5.5
PK-L-FULLSIZE-SRW-Ford-F-150,,7,PK-L,REJECT,PHYSICAL_SKU conflict: 15 atoms cross SKU boundary,30,108,61,47,0,15,Ford|F-150||2009|SuperCrew|6.5; Ford|F-150||2010|SuperCrew|6.5; Ford|F-150||2011|SuperCrew|6.5; Ford|F-150||2012|SuperCrew|6.5; Ford|F-150||2013|SuperCrew|6.5,Ford|F-150||2009|SuperCrew|6.5; Ford|F-150||2010|SuperCrew|6.5; Ford|F-150||2011|SuperCrew|6.5; Ford|F-150||2012|SuperCrew|6.5; Ford|F-150||2013|SuperCrew|6.5; Ford|F-150||2014|SuperCrew|6.5; Ford|F-150||2015|SuperCrew|6.5; Ford|F-150||2016|SuperCrew|6.5; Ford|F-150||2017|SuperCrew|6.5; Ford|F-150||2018|SuperCrew|6.5; Ford|F-150||2019|SuperCrew|6.5; Ford|F-150||2020|SuperCrew|6.5; Ford|F-150||2021|SuperCrew|6.5; Ford|F-150||2022|SuperCrew|6.5; Ford|F-150||2023|SuperCrew|6.5
PK-L-FULLSIZE-SRW-Ford-F-150,,2,PK-L,ACCEPT,,6,12,6,6,0,0,,
PK-L-FULLSIZE-SRW-Ford-F-150,,12,PK-L,REJECT,PHYSICAL_SKU conflict: 6 atoms cross SKU boundary,54,360,72,288,0,6,Ford|F-150|Raptor|2021|SuperCrew|5.5; Ford|F-150|Raptor|2022|SuperCrew|5.5; Ford|F-150|Raptor|2023|SuperCrew|5.5; Ford|F-150|Raptor|2024|SuperCrew|5.5; Ford|F-150|Raptor|2025|SuperCrew|5.5,Ford|F-150|Raptor|2021|SuperCrew|5.5; Ford|F-150|Raptor|2022|SuperCrew|5.5; Ford|F-150|Raptor|2023|SuperCrew|5.5; Ford|F-150|Raptor|2024|SuperCrew|5.5; Ford|F-150|Raptor|2025|SuperCrew|5.5; Ford|F-150|Raptor|2026|SuperCrew|5.5
PK-L-FULLSIZE-SRW-Ford-F-150,,7,PK-L,REJECT,PHYSICAL_SKU conflict: 18 atoms cross SKU boundary,33,240,76,164,0,18,Ford|F-150||2009|SuperCrew|6.5; Ford|F-150||2010|SuperCrew|6.5; Ford|F-150||2011|SuperCrew|6.5; Ford|F-150||2012|SuperCrew|6.5; Ford|F-150||2013|SuperCrew|6.5,Ford|F-150||2009|SuperCrew|6.5; Ford|F-150||2010|SuperCrew|6.5; Ford|F-150||2011|SuperCrew|6.5; Ford|F-150||2012|SuperCrew|6.5; Ford|F-150||2013|SuperCrew|6.5; Ford|F-150||2014|SuperCrew|6.5; Ford|F-150||2015|SuperCrew|6.5; Ford|F-150||2016|SuperCrew|6.5; Ford|F-150||2017|SuperCrew|6.5; Ford|F-150||2018|SuperCrew|6.5; Ford|F-150||2019|SuperCrew|6.5; Ford|F-150||2020|SuperCrew|6.5; Ford|F-150||2021|SuperCrew|6.5; Ford|F-150||2022|SuperCrew|6.5; Ford|F-150||2023|SuperCrew|6.5; Ford|F-150||2024|SuperCrew|6.5; Ford|F-150||2025|SuperCrew|6.5; Ford|F-150||2026|SuperCrew|6.5
PK-L-FULLSIZE-SRW-Ford-F-150,,3,PK-L,ACCEPT,,12,48,18,30,0,0,,
PK-L-FULLSIZE-SRW-Ford-F-150,,12,PK-L,REJECT,PHYSICAL_SKU conflict: 3 atoms cross SKU boundary,51,216,57,159,0,3,Ford|F-150|Raptor|2024|SuperCrew|5.5; Ford|F-150|Raptor|2025|SuperCrew|5.5; Ford|F-150|Raptor|2026|SuperCrew|5.5,Ford|F-150|Raptor|2024|SuperCrew|5.5; Ford|F-150|Raptor|2025|SuperCrew|5.5; Ford|F-150|Raptor|2026|SuperCrew|5.5
PK-L-FULLSIZE-SRW-Ford-F-150,,7,PK-L,REJECT,PHYSICAL_SKU conflict: 47 atoms cross SKU boundary,30,120,107,13,0,47,Ford|F-150||1997|Regular|6.5; Ford|F-150||1997|SuperCab|8.0; Ford|F-150||1998|Regular|6.5; Ford|F-150||1998|SuperCab|8.0; Ford|F-150||1999|Regular|6.5,Ford|F-150||1997|Regular|6.5; Ford|F-150||1997|SuperCab|8.0; Ford|F-150||1998|Regular|6.5; Ford|F-150||1998|SuperCab|8.0; Ford|F-150||1999|Regular|6.5; Ford|F-150||2000|Regular|6.5; Ford|F-150||2001|Regular|6.5; Ford|F-150||2002|Regular|6.5; Ford|F-150||2003|Regular|6.5; Ford|F-150||2004|Regular|6.5; Ford|F-150||2005|Regular|6.5; Ford|F-150||2006|Regular|6.5; Ford|F-150||2007|Regular|6.5; Ford|F-150||2008|Regular|6.5; Ford|F-150||2009|Regular|6.5; Ford|F-150||2009|SuperCab|8.0; Ford|F-150||2010|Regular|6.5; Ford|F-150||2010|SuperCab|8.0; Ford|F-150||2011|Regular|6.5; Ford|F-150||2011|SuperCab|8.0; Ford|F-150||2012|Regular|6.5; Ford|F-150||2012|SuperCab|8.0; Ford|F-150||2013|Regular|6.5; Ford|F-150||2013|SuperCab|8.0; Ford|F-150||2014|Regular|6.5; Ford|F-150||2014|SuperCab|8.0; Ford|F-150||2015|Regular|6.5; Ford|F-150||2015|SuperCab|8.0; Ford|F-150||2016|Regular|6.5; Ford|F-150||2016|SuperCab|8.0; Ford|F-150||2017|Regular|6.5; Ford|F-150||2017|SuperCab|8.0; Ford|F-150||2018|Regular|6.5; Ford|F-150||2018|SuperCab|8.0; Ford|F-150||2019|Regular|6.5; Ford|F-150||2019|SuperCab|8.0; Ford|F-150||2020|Regular|6.5; Ford|F-150||2020|SuperCab|8.0; Ford|F-150||2021|Regular|6.5; Ford|F-150||2021|SuperCab|8.0; Ford|F-150||2022|Regular|6.5; Ford|F-150||2022|SuperCab|8.0; Ford|F-150||2023|Regular|6.5; Ford|F-150||2023|SuperCab|8.0; Ford|F-150||2024|Regular|6.5; Ford|F-150||2025|Regular|6.5; Ford|F-150||2026|Regular|6.5
PK-L-FULLSIZE-SRW-Ford-F-150,,4,PK-L,ACCEPT,,15,48,18,30,0,0,,
PK-L-FULLSIZE-SRW-Ford-F-150,,12,PK-L,REJECT,PHYSICAL_SKU conflict: 68 atoms cross SKU boundary,51,486,149,337,0,68,Ford|F-150|Raptor|2010|SuperCab|5.5; Ford|F-150|Raptor|2011|SuperCab|5.5; Ford|F-150|Raptor|2012|SuperCab|5.5; Ford|F-150|Raptor|2013|SuperCab|5.5; Ford|F-150|Raptor|2014|SuperCab|5.5,Ford|F-150|Raptor|2010|SuperCab|5.5; Ford|F-150|Raptor|2011|SuperCab|5.5; Ford|F-150|Raptor|2012|SuperCab|5.5; Ford|F-150|Raptor|2013|SuperCab|5.5; Ford|F-150|Raptor|2014|SuperCab|5.5; Ford|F-150|Raptor|2017|SuperCab|5.5; Ford|F-150|Raptor|2018|SuperCab|5.5; Ford|F-150|Raptor|2019|SuperCab|5.5; Ford|F-150|Raptor|2020|SuperCab|5.5; Ford|F-150|Raptor|2024|SuperCrew|5.5; Ford|F-150|Raptor|2025|SuperCrew|5.5; Ford|F-150|Raptor|2026|SuperCrew|5.5; Ford|F-150||1997|Regular|6.5; Ford|F-150||1997|SuperCab|8.0; Ford|F-150||1998|Regular|6.5; Ford|F-150||1998|SuperCab|8.0; Ford|F-150||1999|Regular|6.5; Ford|F-150||2000|Regular|6.5; Ford|F-150||2001|Regular|6.5; Ford|F-150||2002|Regular|6.5; Ford|F-150||2003|Regular|6.5; Ford|F-150||2004|Regular|6.5; Ford|F-150||2005|Regular|6.5; Ford|F-150||2006|Regular|6.5; Ford|F-150||2007|Regular|6.5; Ford|F-150||2008|Regular|6.5; Ford|F-150||2009|Regular|6.5; Ford|F-150||2009|SuperCab|8.0; Ford|F-150||2009|SuperCrew|6.5; Ford|F-150||2010|Regular|6.5; Ford|F-150||2010|SuperCab|8.0; Ford|F-150||2010|SuperCrew|6.5; Ford|F-150||2011|Regular|6.5; Ford|F-150||2011|SuperCab|8.0; Ford|F-150||2011|SuperCrew|6.5; Ford|F-150||2012|Regular|6.5; Ford|F-150||2012|SuperCab|8.0; Ford|F-150||2012|SuperCrew|6.5; Ford|F-150||2013|Regular|6.5; Ford|F-150||2013|SuperCab|8.0; Ford|F-150||2013|SuperCrew|6.5; Ford|F-150||2014|Regular|6.5; Ford|F-150||2014|SuperCab|8.0; Ford|F-150||2014|SuperCrew|6.5; Ford|F-150||2015|Regular|6.5; Ford|F-150||2015|SuperCab|8.0; Ford|F-150||2015|SuperCrew|6.5; Ford|F-150||2016|Regular|6.5; Ford|F-150||2016|SuperCab|8.0; Ford|F-150||2016|SuperCrew|6.5; Ford|F-150||2017|Regular|6.5; Ford|F-150||2017|SuperCab|8.0; Ford|F-150||2017|SuperCrew|6.5; Ford|F-150||2018|Regular|6.5; Ford|F-150||2018|SuperCab|8.0; Ford|F-150||2018|SuperCrew|6.5; Ford|F-150||2019|Regular|6.5; Ford|F-150||2019|SuperCab|8.0; Ford|F-150||2019|SuperCrew|6.5; Ford|F-150||2020|Regular|6.5; Ford|F-150||2020|SuperCab|8.0; Ford|F-150||2020|SuperCrew|6.5; Ford|F-150||2024|Regular|6.5; Ford|F-150||2024|SuperCrew|6.5; Ford|F-150||2025|Regular|6.5; Ford|F-150||2025|SuperCrew|6.5; Ford|F-150||2026|Regular|6.5; Ford|F-150||2026|SuperCrew|6.5
PK-L-FULLSIZE-SRW-Ford-F-150,,7,PK-L,ACCEPT,,30,30,30,0,0,0,,
PK-L-FULLSIZE-SRW-Ford-F-150,,5,PK-L,REJECT,PHYSICAL_SKU conflict: 15 atoms cross SKU boundary,18,108,39,69,0,15,Ford|F-150||2021|Regular|6.5; Ford|F-150||2021|SuperCab|8.0; Ford|F-150||2021|SuperCrew|6.5; Ford|F-150||2022|Regular|6.5; Ford|F-150||2022|SuperCab|8.0,Ford|F-150||2021|Regular|6.5; Ford|F-150||2021|SuperCab|8.0; Ford|F-150||2021|SuperCrew|6.5; Ford|F-150||2022|Regular|6.5; Ford|F-150||2022|SuperCab|8.0; Ford|F-150||2022|SuperCrew|6.5; Ford|F-150||2023|Regular|6.5; Ford|F-150||2023|SuperCab|8.0; Ford|F-150||2023|SuperCrew|6.5; Ford|F-150||2024|Regular|6.5; Ford|F-150||2024|SuperCrew|6.5; Ford|F-150||2025|Regular|6.5; Ford|F-150||2025|SuperCrew|6.5; Ford|F-150||2026|Regular|6.5; Ford|F-150||2026|SuperCrew|6.5
PK-L-FULLSIZE-SRW-Ford-F-150,,12,PK-L,REJECT,PHYSICAL_SKU conflict: 3 atoms cross SKU boundary,51,216,57,159,0,3,Ford|F-150|Raptor|2024|SuperCrew|5.5; Ford|F-150|Raptor|2025|SuperCrew|5.5; Ford|F-150|Raptor|2026|SuperCrew|5.5,Ford|F-150|Raptor|2024|SuperCrew|5.5; Ford|F-150|Raptor|2025|SuperCrew|5.5; Ford|F-150|Raptor|2026|SuperCrew|5.5
PK-L-FULLSIZE-SRW-Ford-F-150,,8,PK-L,REJECT,PHYSICAL_SKU conflict: 18 atoms cross SKU boundary,33,120,70,50,0,18,Ford|F-150||2009|SuperCrew|6.5; Ford|F-150||2010|SuperCrew|6.5; Ford|F-150||2011|SuperCrew|6.5; Ford|F-150||2012|SuperCrew|6.5; Ford|F-150||2013|SuperCrew|6.5,Ford|F-150||2009|SuperCrew|6.5; Ford|F-150||2010|SuperCrew|6.5; Ford|F-150||2011|SuperCrew|6.5; Ford|F-150||2012|SuperCrew|6.5; Ford|F-150||2013|SuperCrew|6.5; Ford|F-150||2014|SuperCrew|6.5; Ford|F-150||2015|SuperCrew|6.5; Ford|F-150||2016|SuperCrew|6.5; Ford|F-150||2017|SuperCrew|6.5; Ford|F-150||2018|SuperCrew|6.5; Ford|F-150||2019|SuperCrew|6.5; Ford|F-150||2020|SuperCrew|6.5; Ford|F-150||2021|SuperCrew|6.5; Ford|F-150||2022|SuperCrew|6.5; Ford|F-150||2023|SuperCrew|6.5; Ford|F-150||2024|SuperCrew|6.5; Ford|F-150||2025|SuperCrew|6.5; Ford|F-150||2026|SuperCrew|6.5
PK-L-FULLSIZE-SRW-Ford-F-150,,5,PK-L,ACCEPT,,18,48,18,30,0,0,,
PK-M-MIDSIZE-SRW-Chevrolet-S10,,2,PK-M,ACCEPT,,20,96,45,51,0,0,,
PK-M-MIDSIZE-SRW-Chevrolet-S10,,3,PK-M,ACCEPT,,28,96,45,51,0,0,,
PK-M-MIDSIZE-SRW-Chevrolet-S10,,4,PK-M,ACCEPT,,39,96,45,51,0,0,,
PK-M-MIDSIZE-SRW-Chevrolet-S10,,5,PK-M,ACCEPT,,40,96,45,51,0,0,,
PK-M-MIDSIZE-SRW-Chevrolet-S10,,6,PK-M,ACCEPT,,41,96,45,51,0,0,,
PK-M-MIDSIZE-SRW-Chevrolet-S10,,7,PK-M,ACCEPT,,43,96,45,51,0,0,,
PK-M-MIDSIZE-SRW-Chevrolet-S10,,8,PK-M,ACCEPT,,45,96,45,51,0,0,,
PK-M-MIDSIZE-SRW-Chevrolet-S10,,9,PK-M,ACCEPT,,46,104,49,55,0,0,,
PK-M-MIDSIZE-SRW-Chevrolet-S10,,10,PK-M,ACCEPT,,47,104,49,55,0,0,,
PK-M-MIDSIZE-SRW-Chevrolet-S10,,11,PK-M,ACCEPT,,48,104,49,55,0,0,,
PK-M-MIDSIZE-SRW-Chevrolet-S10,,12,PK-M,ACCEPT,,49,104,49,55,0,0,,
PK-M-MIDSIZE-SRW-Chevrolet-S10,,13,PK-M,ACCEPT,,53,136,65,71,0,0,,
PK-M-MIDSIZE-SRW-Chevrolet-S10,,14,PK-M,ACCEPT,,56,136,65,71,0,0,,
PK-M-MIDSIZE-SRW-Chevrolet-S10,,15,PK-M,ACCEPT,,59,204,70,134,0,0,,
PK-M-MIDSIZE-SRW-Chevrolet-S10,,16,PK-M,ACCEPT,,62,204,70,134,0,0,,
PK-M-MIDSIZE-SRW-Chevrolet-S10,,17,PK-M,ACCEPT,,65,204,70,134,0,0,,
PK-M-MIDSIZE-SRW-Chevrolet-S10,,18,PK-M,ACCEPT,,66,204,70,134,0,0,,
PK-M-MIDSIZE-SRW-Chevrolet-S10,,19,PK-M,ACCEPT,,67,204,70,134,0,0,,
PK-M-MIDSIZE-SRW-Chevrolet-S10,,20,PK-M,ACCEPT,,68,272,71,201,0,0,,
PK-M-MIDSIZE-SRW-Chevrolet-S10,,21,PK-M,ACCEPT,,70,288,79,209,0,0,,
PK-M-MIDSIZE-SRW-Chevrolet-S10,,22,PK-M,ACCEPT,,71,288,79,209,0,0,,
PK-M-MIDSIZE-SRW-Chevrolet-S10,,23,PK-M,ACCEPT,,72,288,79,209,0,0,,
PK-M-MIDSIZE-SRW-Chevrolet-S10,,24,PK-M,ACCEPT,,77,352,100,252,0,0,,
PK-M-MIDSIZE-SRW-Chevrolet-S10,,25,PK-M,ACCEPT,,80,352,100,252,0,0,,
PK-M-MIDSIZE-SRW-Chevrolet-S10,,26,PK-M,ACCEPT,,82,440,110,330,0,0,,
PK-M-MIDSIZE-SRW-Chevrolet-S10,,27,PK-M,ACCEPT,,83,440,110,330,0,0,,
PK-M-MIDSIZE-SRW-Chevrolet-S10,,28,PK-M,ACCEPT,,85,440,110,330,0,0,,
PK-M-MIDSIZE-SRW-Chevrolet-S10,,29,PK-M,ACCEPT,,90,440,110,330,0,0,,
PK-M-MIDSIZE-SRW-Chevrolet-S10,,30,PK-M,ACCEPT,,95,440,110,330,0,0,,
PK-M-MIDSIZE-SRW-Chevrolet-S10,,31,PK-M,ACCEPT,,96,440,110,330,0,0,,
PK-M-MIDSIZE-SRW-Chevrolet-S10,,32,PK-M,ACCEPT,,101,440,110,330,0,0,,
PK-M-MIDSIZE-SRW-Chevrolet-S10,,33,PK-M,ACCEPT,,102,440,110,330,0,0,,
PK-M-MIDSIZE-SRW-Chevrolet-S10,,34,PK-M,ACCEPT,,105,990,113,877,0,0,,
PK-M-MIDSIZE-SRW-Chevrolet-S10,,35,PK-M,ACCEPT,,108,990,113,877,0,0,,
PK-M-MIDSIZE-SRW-Chevrolet-S10,,36,PK-M,ACCEPT,,109,990,113,877,0,0,,
PK-M-MIDSIZE-SRW-Chevrolet-S10,,37,PK-M,ACCEPT,,110,990,113,877,0,0,,
PK-M-MIDSIZE-SRW-Chevrolet-S10,,38,PK-M,ACCEPT,,112,990,113,877,0,0,,
PK-M-MIDSIZE-SRW-Chevrolet-S10,,39,PK-M,ACCEPT,,113,990,113,877,0,0,,
PK-M-MIDSIZE-SRW-Chevrolet-S10,,40,PK-M,ACCEPT,,114,1035,114,921,0,0,,
PK-L-FULLSIZE-SRW-Chevrolet-Silverado-1500,,2,PK-L,REJECT,PHYSICAL_SKU conflict: 8 atoms cross SKU boundary,9,32,24,8,0,8,Chevrolet|Silverado 1500||1999|Extended|8.0; Chevrolet|Silverado 1500||2000|Extended|8.0; Chevrolet|Silverado 1500||2001|Extended|8.0; Chevrolet|Silverado 1500||2002|Extended|8.0; Chevrolet|Silverado 1500||2003|Extended|8.0,Chevrolet|Silverado 1500||1999|Extended|8.0; Chevrolet|Silverado 1500||2000|Extended|8.0; Chevrolet|Silverado 1500||2001|Extended|8.0; Chevrolet|Silverado 1500||2002|Extended|8.0; Chevrolet|Silverado 1500||2003|Extended|8.0; Chevrolet|Silverado 1500||2004|Extended|8.0; Chevrolet|Silverado 1500||2005|Extended|8.0; Chevrolet|Silverado 1500||2006|Extended|8.0
PK-L-FULLSIZE-SRW-Chevrolet-Silverado-1500,,2,PK-L,REJECT,PHYSICAL_SKU conflict: 8 atoms cross SKU boundary,13,32,24,8,0,8,Chevrolet|Silverado 1500||1999|Extended|8.0; Chevrolet|Silverado 1500||2000|Extended|8.0; Chevrolet|Silverado 1500||2001|Extended|8.0; Chevrolet|Silverado 1500||2002|Extended|8.0; Chevrolet|Silverado 1500||2003|Extended|8.0,Chevrolet|Silverado 1500||1999|Extended|8.0; Chevrolet|Silverado 1500||2000|Extended|8.0; Chevrolet|Silverado 1500||2001|Extended|8.0; Chevrolet|Silverado 1500||2002|Extended|8.0; Chevrolet|Silverado 1500||2003|Extended|8.0; Chevrolet|Silverado 1500||2004|Extended|8.0; Chevrolet|Silverado 1500||2005|Extended|8.0; Chevrolet|Silverado 1500||2006|Extended|8.0
PK-L-FULLSIZE-SRW-Chevrolet-Silverado-1500,,2,PK-L,ACCEPT,,6,6,6,0,0,0,,
PK-L-FULLSIZE-SRW-Chevrolet-Silverado-1500,,2,PK-L,ACCEPT,,9,32,11,21,0,0,,
PK-L-FULLSIZE-SRW-Chevrolet-Silverado-1500,,3,PK-L,ACCEPT,,7,24,7,17,0,0,,
PK-L-FULLSIZE-SRW-Chevrolet-Silverado-1500,,2,PK-L,ACCEPT,,9,32,11,21,0,0,,
PK-L-FULLSIZE-SRW-Chevrolet-Silverado-1500,,4,PK-L,ACCEPT,,8,28,9,19,0,0,,
PK-L-FULLSIZE-SRW-Chevrolet-Silverado-1500,,2,PK-L,REJECT,PHYSICAL_SKU conflict: 8 atoms cross SKU boundary,10,32,24,8,0,8,Chevrolet|Silverado 1500||1999|Extended|8.0; Chevrolet|Silverado 1500||2000|Extended|8.0; Chevrolet|Silverado 1500||2001|Extended|8.0; Chevrolet|Silverado 1500||2002|Extended|8.0; Chevrolet|Silverado 1500||2003|Extended|8.0,Chevrolet|Silverado 1500||1999|Extended|8.0; Chevrolet|Silverado 1500||2000|Extended|8.0; Chevrolet|Silverado 1500||2001|Extended|8.0; Chevrolet|Silverado 1500||2002|Extended|8.0; Chevrolet|Silverado 1500||2003|Extended|8.0; Chevrolet|Silverado 1500||2004|Extended|8.0; Chevrolet|Silverado 1500||2005|Extended|8.0; Chevrolet|Silverado 1500||2006|Extended|8.0
PK-L-FULLSIZE-SRW-Chevrolet-Silverado-1500,,5,PK-L,ACCEPT,,10,32,11,21,0,0,,
PK-L-FULLSIZE-SRW-Chevrolet-Silverado-1500,,2,PK-L,ACCEPT,,9,32,11,21,0,0,,
PK-L-FULLSIZE-SRW-Chevrolet-Silverado-1500,,6,PK-L,ACCEPT,,11,32,11,21,0,0,,
PK-L-FULLSIZE-SRW-Chevrolet-Silverado-1500,,2,PK-L,ACCEPT,,10,40,15,25,0,0,,
PK-L-FULLSIZE-SRW-Chevrolet-Silverado-1500,,7,PK-L,ACCEPT,,13,40,15,25,0,0,,
PK-L-FULLSIZE-SRW-Chevrolet-Silverado-1500,,2,PK-L,ACCEPT,,10,10,10,0,0,0,,
PK-L-FULLSIZE-SRW-Chevrolet-Silverado-1500,,8,PK-L,REJECT,PHYSICAL_SKU conflict: 10 atoms cross SKU boundary,15,90,35,55,0,10,Chevrolet|Silverado 1500||1999|Extended|8.0; Chevrolet|Silverado 1500||2000|Extended|8.0; Chevrolet|Silverado 1500||2001|Extended|8.0; Chevrolet|Silverado 1500||2002|Extended|8.0; Chevrolet|Silverado 1500||2003|Extended|8.0,Chevrolet|Silverado 1500||1999|Extended|8.0; Chevrolet|Silverado 1500||2000|Extended|8.0; Chevrolet|Silverado 1500||2001|Extended|8.0; Chevrolet|Silverado 1500||2002|Extended|8.0; Chevrolet|Silverado 1500||2003|Extended|8.0; Chevrolet|Silverado 1500||2004|Extended|8.0; Chevrolet|Silverado 1500||2005|Extended|8.0; Chevrolet|Silverado 1500||2006|Extended|8.0; Chevrolet|Silverado 1500||2007|Extended|8.0; Chevrolet|Silverado 1500||2008|Extended|8.0
PK-L-FULLSIZE-SRW-Chevrolet-Silverado-1500,,3,PK-L,REJECT,PHYSICAL_SKU conflict: 15 atoms cross SKU boundary,17,60,45,15,0,15,Chevrolet|Silverado 1500||1999|Extended|8.0; Chevrolet|Silverado 1500||2000|Extended|8.0; Chevrolet|Silverado 1500||2001|Extended|8.0; Chevrolet|Silverado 1500||2002|Extended|8.0; Chevrolet|Silverado 1500||2003|Extended|8.0,Chevrolet|Silverado 1500||1999|Extended|8.0; Chevrolet|Silverado 1500||2000|Extended|8.0; Chevrolet|Silverado 1500||2001|Extended|8.0; Chevrolet|Silverado 1500||2002|Extended|8.0; Chevrolet|Silverado 1500||2003|Extended|8.0; Chevrolet|Silverado 1500||2004|Extended|8.0; Chevrolet|Silverado 1500||2005|Extended|8.0; Chevrolet|Silverado 1500||2006|Extended|8.0; Chevrolet|Silverado 1500||2007|Extended|8.0; Chevrolet|Silverado 1500||2008|Extended|8.0; Chevrolet|Silverado 1500||2009|Extended|8.0; Chevrolet|Silverado 1500||2010|Extended|8.0; Chevrolet|Silverado 1500||2011|Extended|8.0; Chevrolet|Silverado 1500||2012|Extended|8.0; Chevrolet|Silverado 1500||2013|Extended|8.0
PK-L-FULLSIZE-SRW-Chevrolet-Silverado-1500,,8,PK-L,ACCEPT,,20,60,25,35,0,0,,
PK-L-FULLSIZE-SRW-Chevrolet-Silverado-1500,,3,PK-L,ACCEPT,,15,60,25,35,0,0,,
PK-L-FULLSIZE-SRW-Chevrolet-Silverado-1500,,9,PK-L,ACCEPT,,25,60,25,35,0,0,,
PK-L-FULLSIZE-SRW-Chevrolet-Silverado-1500,,3,PK-L,ACCEPT,,15,15,15,0,0,0,,
PK-L-FULLSIZE-SRW-Chevrolet-Silverado-1500,,10,PK-L,REJECT,PHYSICAL_SKU conflict: 15 atoms cross SKU boundary,30,135,55,80,0,15,Chevrolet|Silverado 1500||1999|Extended|8.0; Chevrolet|Silverado 1500||2000|Extended|8.0; Chevrolet|Silverado 1500||2001|Extended|8.0; Chevrolet|Silverado 1500||2002|Extended|8.0; Chevrolet|Silverado 1500||2003|Extended|8.0,Chevrolet|Silverado 1500||1999|Extended|8.0; Chevrolet|Silverado 1500||2000|Extended|8.0; Chevrolet|Silverado 1500||2001|Extended|8.0; Chevrolet|Silverado 1500||2002|Extended|8.0; Chevrolet|Silverado 1500||2003|Extended|8.0; Chevrolet|Silverado 1500||2004|Extended|8.0; Chevrolet|Silverado 1500||2005|Extended|8.0; Chevrolet|Silverado 1500||2006|Extended|8.0; Chevrolet|Silverado 1500||2007|Extended|8.0; Chevrolet|Silverado 1500||2008|Extended|8.0; Chevrolet|Silverado 1500||2009|Extended|8.0; Chevrolet|Silverado 1500||2010|Extended|8.0; Chevrolet|Silverado 1500||2011|Extended|8.0; Chevrolet|Silverado 1500||2012|Extended|8.0; Chevrolet|Silverado 1500||2013|Extended|8.0
PK-L-FULLSIZE-SRW-Chevrolet-Silverado-1500,,4,PK-L,ACCEPT,,20,80,30,50,0,0,,
PK-L-FULLSIZE-SRW-Chevrolet-Silverado-1500,,10,PK-L,ACCEPT,,30,80,35,45,0,0,,
PK-L-FULLSIZE-SRW-Chevrolet-Silverado-1500,,4,PK-L,ACCEPT,,20,80,20,60,0,0,,
PK-L-FULLSIZE-SRW-Chevrolet-Silverado-1500,,11,PK-L,REJECT,PHYSICAL_SKU conflict: 12 atoms cross SKU boundary,35,180,52,128,0,12,Chevrolet|Silverado 1500||2007|Regular|6.6; Chevrolet|Silverado 1500||2008|Regular|6.6; Chevrolet|Silverado 1500||2009|Regular|6.6; Chevrolet|Silverado 1500||2010|Regular|6.6; Chevrolet|Silverado 1500||2011|Regular|6.6,Chevrolet|Silverado 1500||2007|Regular|6.6; Chevrolet|Silverado 1500||2008|Regular|6.6; Chevrolet|Silverado 1500||2009|Regular|6.6; Chevrolet|Silverado 1500||2010|Regular|6.6; Chevrolet|Silverado 1500||2011|Regular|6.6; Chevrolet|Silverado 1500||2012|Regular|6.6; Chevrolet|Silverado 1500||2013|Regular|6.6; Chevrolet|Silverado 1500||2014|Regular|6.6; Chevrolet|Silverado 1500||2015|Regular|6.6; Chevrolet|Silverado 1500||2016|Regular|6.6; Chevrolet|Silverado 1500||2017|Regular|6.6; Chevrolet|Silverado 1500||2018|Regular|6.6
PK-L-FULLSIZE-SRW-Chevrolet-Silverado-1500,,5,PK-L,REJECT,PHYSICAL_SKU conflict: 27 atoms cross SKU boundary,25,180,67,113,0,27,Chevrolet|Silverado 1500||1999|Extended|8.0; Chevrolet|Silverado 1500||2000|Extended|8.0; Chevrolet|Silverado 1500||2001|Extended|8.0; Chevrolet|Silverado 1500||2002|Extended|8.0; Chevrolet|Silverado 1500||2003|Extended|8.0,Chevrolet|Silverado 1500||1999|Extended|8.0; Chevrolet|Silverado 1500||2000|Extended|8.0; Chevrolet|Silverado 1500||2001|Extended|8.0; Chevrolet|Silverado 1500||2002|Extended|8.0; Chevrolet|Silverado 1500||2003|Extended|8.0; Chevrolet|Silverado 1500||2004|Extended|8.0; Chevrolet|Silverado 1500||2005|Extended|8.0; Chevrolet|Silverado 1500||2006|Extended|8.0; Chevrolet|Silverado 1500||2007|Extended|8.0; Chevrolet|Silverado 1500||2007|Regular|6.6; Chevrolet|Silverado 1500||2008|Extended|8.0; Chevrolet|Silverado 1500||2008|Regular|6.6; Chevrolet|Silverado 1500||2009|Extended|8.0; Chevrolet|Silverado 1500||2009|Regular|6.6; Chevrolet|Silverado 1500||2010|Extended|8.0; Chevrolet|Silverado 1500||2010|Regular|6.6; Chevrolet|Silverado 1500||2011|Extended|8.0; Chevrolet|Silverado 1500||2011|Regular|6.6; Chevrolet|Silverado 1500||2012|Extended|8.0; Chevrolet|Silverado 1500||2012|Regular|6.6; Chevrolet|Silverado 1500||2013|Extended|8.0; Chevrolet|Silverado 1500||2013|Regular|6.6; Chevrolet|Silverado 1500||2014|Regular|6.6; Chevrolet|Silverado 1500||2015|Regular|6.6; Chevrolet|Silverado 1500||2016|Regular|6.6; Chevrolet|Silverado 1500||2017|Regular|6.6; Chevrolet|Silverado 1500||2018|Regular|6.6
PK-L-FULLSIZE-SRW-Chevrolet-Silverado-1500,,11,PK-L,ACCEPT,,35,80,35,45,0,0,,
PK-L-FULLSIZE-SRW-Chevrolet-Silverado-1500,,5,PK-L,ACCEPT,,28,252,51,201,0,0,,
PK-L-FULLSIZE-SRW-Chevrolet-Silverado-1500,,12,PK-L,ACCEPT,,43,112,51,61,0,0,,
PK-L-FULLSIZE-SRW-Chevrolet-Silverado-1500,,5,PK-L,ACCEPT,,28,112,28,84,0,0,,
PK-L-FULLSIZE-SRW-Chevrolet-Silverado-1500,,13,PK-L,REJECT,PHYSICAL_SKU conflict: 17 atoms cross SKU boundary,51,252,81,171,0,17,Chevrolet|Silverado 1500||2007|Regular|6.6; Chevrolet|Silverado 1500||2008|Regular|6.6; Chevrolet|Silverado 1500||2009|Regular|6.6; Chevrolet|Silverado 1500||2010|Regular|6.6; Chevrolet|Silverado 1500||2011|Regular|6.6,Chevrolet|Silverado 1500||2007|Regular|6.6; Chevrolet|Silverado 1500||2008|Regular|6.6; Chevrolet|Silverado 1500||2009|Regular|6.6; Chevrolet|Silverado 1500||2010|Regular|6.6; Chevrolet|Silverado 1500||2011|Regular|6.6; Chevrolet|Silverado 1500||2012|Regular|6.6; Chevrolet|Silverado 1500||2013|Regular|6.6; Chevrolet|Silverado 1500||2014|Regular|6.6; Chevrolet|Silverado 1500||2015|Regular|6.6; Chevrolet|Silverado 1500||2016|Regular|6.6; Chevrolet|Silverado 1500||2017|Regular|6.6; Chevrolet|Silverado 1500||2018|Regular|6.6; Chevrolet|Silverado 1500||2022|Regular|6.6; Chevrolet|Silverado 1500||2023|Regular|6.6; Chevrolet|Silverado 1500||2024|Regular|6.6; Chevrolet|Silverado 1500||2025|Regular|6.6; Chevrolet|Silverado 1500||2026|Regular|6.6
PK-L-FULLSIZE-SRW-Chevrolet-Silverado-1500,,6,PK-L,REJECT,PHYSICAL_SKU conflict: 32 atoms cross SKU boundary,36,252,88,164,0,32,Chevrolet|Silverado 1500||1999|Extended|8.0; Chevrolet|Silverado 1500||2000|Extended|8.0; Chevrolet|Silverado 1500||2001|Extended|8.0; Chevrolet|Silverado 1500||2002|Extended|8.0; Chevrolet|Silverado 1500||2003|Extended|8.0,Chevrolet|Silverado 1500||1999|Extended|8.0; Chevrolet|Silverado 1500||2000|Extended|8.0; Chevrolet|Silverado 1500||2001|Extended|8.0; Chevrolet|Silverado 1500||2002|Extended|8.0; Chevrolet|Silverado 1500||2003|Extended|8.0; Chevrolet|Silverado 1500||2004|Extended|8.0; Chevrolet|Silverado 1500||2005|Extended|8.0; Chevrolet|Silverado 1500||2006|Extended|8.0; Chevrolet|Silverado 1500||2007|Extended|8.0; Chevrolet|Silverado 1500||2007|Regular|6.6; Chevrolet|Silverado 1500||2008|Extended|8.0; Chevrolet|Silverado 1500||2008|Regular|6.6; Chevrolet|Silverado 1500||2009|Extended|8.0; Chevrolet|Silverado 1500||2009|Regular|6.6; Chevrolet|Silverado 1500||2010|Extended|8.0; Chevrolet|Silverado 1500||2010|Regular|6.6; Chevrolet|Silverado 1500||2011|Extended|8.0; Chevrolet|Silverado 1500||2011|Regular|6.6; Chevrolet|Silverado 1500||2012|Extended|8.0; Chevrolet|Silverado 1500||2012|Regular|6.6; Chevrolet|Silverado 1500||2013|Extended|8.0; Chevrolet|Silverado 1500||2013|Regular|6.6; Chevrolet|Silverado 1500||2014|Regular|6.6; Chevrolet|Silverado 1500||2015|Regular|6.6; Chevrolet|Silverado 1500||2016|Regular|6.6; Chevrolet|Silverado 1500||2017|Regular|6.6; Chevrolet|Silverado 1500||2018|Regular|6.6; Chevrolet|Silverado 1500||2022|Regular|6.6; Chevrolet|Silverado 1500||2023|Regular|6.6; Chevrolet|Silverado 1500||2024|Regular|6.6; Chevrolet|Silverado 1500||2025|Regular|6.6; Chevrolet|Silverado 1500||2026|Regular|6.6
PK-L-FULLSIZE-SRW-Chevrolet-Silverado-1500,,13,PK-L,ACCEPT,,51,112,51,61,0,0,,
PK-L-FULLSIZE-SRW-Ram-1500,,2,PK-L,REJECT,PHYSICAL_SKU conflict: 8 atoms cross SKU boundary,10,32,18,14,0,8,Ram|1500||1994|Regular|6.4; Ram|1500||1995|Regular|6.4; Ram|1500||1996|Regular|6.4; Ram|1500||1997|Regular|6.4; Ram|1500||1998|Regular|6.4,Ram|1500||1994|Regular|6.4; Ram|1500||1995|Regular|6.4; Ram|1500||1996|Regular|6.4; Ram|1500||1997|Regular|6.4; Ram|1500||1998|Regular|6.4; Ram|1500||1999|Regular|6.4; Ram|1500||2000|Regular|6.4; Ram|1500||2001|Regular|6.4
PK-L-FULLSIZE-SRW-Ram-1500,,2,PK-L,ACCEPT,,12,24,12,12,0,0,,
PK-L-FULLSIZE-SRW-Ram-1500,,2,PK-L,REJECT,PHYSICAL_SKU conflict: 12 atoms cross SKU boundary,12,48,27,21,0,12,Ram|1500||1997|Regular|6.4; Ram|1500||1998|Regular|6.4; Ram|1500||1999|Regular|6.4; Ram|1500||2000|Regular|6.4; Ram|1500||2001|Regular|6.4,Ram|1500||1997|Regular|6.4; Ram|1500||1998|Regular|6.4; Ram|1500||1999|Regular|6.4; Ram|1500||2000|Regular|6.4; Ram|1500||2001|Regular|6.4; Ram|1500||2002|Regular|6.4; Ram|1500||2003|Regular|6.4; Ram|1500||2004|Regular|6.4; Ram|1500||2005|Regular|6.4; Ram|1500||2006|Regular|6.4; Ram|1500||2007|Regular|6.4; Ram|1500||2008|Regular|6.4
PK-L-FULLSIZE-SRW-Ram-1500,,3,PK-L,REJECT,PHYSICAL_SKU conflict: 12 atoms cross SKU boundary,15,72,29,43,0,12,Ram|1500||1994|Regular|6.4; Ram|1500||1995|Regular|6.4; Ram|1500||1996|Regular|6.4; Ram|1500||1997|Regular|6.4; Ram|1500||1998|Regular|6.4,Ram|1500||1994|Regular|6.4; Ram|1500||1995|Regular|6.4; Ram|1500||1996|Regular|6.4; Ram|1500||1997|Regular|6.4; Ram|1500||1998|Regular|6.4; Ram|1500||2002|Regular|6.4; Ram|1500||2003|Regular|6.4; Ram|1500||2004|Regular|6.4; Ram|1500||2005|Regular|6.4; Ram|1500||2006|Regular|6.4; Ram|1500||2007|Regular|6.4; Ram|1500||2008|Regular|6.4
PK-L-FULLSIZE-SRW-Ram-1500,,2,PK-L,ACCEPT,,8,8,8,0,0,0,,
PK-L-FULLSIZE-SRW-Ram-1500,,3,PK-L,ACCEPT,,22,44,22,22,0,0,,
PK-L-FULLSIZE-SRW-Ram-1500,,3,PK-L,REJECT,PHYSICAL_SKU conflict: 18 atoms cross SKU boundary,18,72,49,23,0,18,Ram|1500||1997|Regular|6.4; Ram|1500||1998|Regular|6.4; Ram|1500||1999|Regular|6.4; Ram|1500||2000|Regular|6.4; Ram|1500||2001|Regular|6.4,Ram|1500||1997|Regular|6.4; Ram|1500||1998|Regular|6.4; Ram|1500||1999|Regular|6.4; Ram|1500||2000|Regular|6.4; Ram|1500||2001|Regular|6.4; Ram|1500||2005|Regular|6.4; Ram|1500||2006|Regular|6.4; Ram|1500||2007|Regular|6.4; Ram|1500||2009|Regular|6.4; Ram|1500||2010|Regular|6.4; Ram|1500||2011|Regular|6.4; Ram|1500||2012|Regular|6.4; Ram|1500||2013|Regular|6.4; Ram|1500||2014|Regular|6.4; Ram|1500||2015|Regular|6.4; Ram|1500||2016|Regular|6.4; Ram|1500||2017|Regular|6.4; Ram|1500||2018|Regular|6.4
PK-L-FULLSIZE-SRW-Ram-1500,,4,PK-L,REJECT,PHYSICAL_SKU conflict: 22 atoms cross SKU boundary,32,132,59,73,0,22,Ram|1500||1994|Regular|6.4; Ram|1500||1995|Regular|6.4; Ram|1500||1996|Regular|6.4; Ram|1500||1997|Regular|6.4; Ram|1500||1998|Regular|6.4,Ram|1500||1994|Regular|6.4; Ram|1500||1995|Regular|6.4; Ram|1500||1996|Regular|6.4; Ram|1500||1997|Regular|6.4; Ram|1500||1998|Regular|6.4; Ram|1500||2002|Regular|6.4; Ram|1500||2003|Regular|6.4; Ram|1500||2004|Regular|6.4; Ram|1500||2005|Regular|6.4; Ram|1500||2006|Regular|6.4; Ram|1500||2007|Regular|6.4; Ram|1500||2008|Regular|6.4; Ram|1500||2009|Regular|6.4; Ram|1500||2010|Regular|6.4; Ram|1500||2011|Regular|6.4; Ram|1500||2012|Regular|6.4; Ram|1500||2013|Regular|6.4; Ram|1500||2014|Regular|6.4; Ram|1500||2015|Regular|6.4; Ram|1500||2016|Regular|6.4; Ram|1500||2017|Regular|6.4; Ram|1500||2018|Regular|6.4
PK-L-FULLSIZE-SRW-Ram-1500,,3,PK-L,ACCEPT,,18,18,18,0,0,0,,
PK-L-FULLSIZE-SRW-Ram-1500,,4,PK-L,REJECT,PHYSICAL_SKU conflict: 10 atoms cross SKU boundary,24,132,39,93,0,10,Ram|1500||2009|Crew|6.4; Ram|1500||2010|Crew|6.4; Ram|1500||2011|Crew|6.4; Ram|1500||2012|Crew|6.4; Ram|1500||2013|Crew|6.4,Ram|1500||2009|Crew|6.4; Ram|1500||2010|Crew|6.4; Ram|1500||2011|Crew|6.4; Ram|1500||2012|Crew|6.4; Ram|1500||2013|Crew|6.4; Ram|1500||2014|Crew|6.4; Ram|1500||2015|Crew|6.4; Ram|1500||2016|Crew|6.4; Ram|1500||2017|Crew|6.4; Ram|1500||2018|Crew|6.4
PK-L-FULLSIZE-SRW-Ram-1500,,4,PK-L,ACCEPT,,20,72,25,47,0,0,,
PK-L-FULLSIZE-SRW-Ram-1500,,4,PK-L,REJECT,PHYSICAL_SKU conflict: 10 atoms cross SKU boundary,27,132,39,93,0,10,Ram|1500||2009|Crew|6.4; Ram|1500||2010|Crew|6.4; Ram|1500||2011|Crew|6.4; Ram|1500||2012|Crew|6.4; Ram|1500||2013|Crew|6.4,Ram|1500||2009|Crew|6.4; Ram|1500||2010|Crew|6.4; Ram|1500||2011|Crew|6.4; Ram|1500||2012|Crew|6.4; Ram|1500||2013|Crew|6.4; Ram|1500||2014|Crew|6.4; Ram|1500||2015|Crew|6.4; Ram|1500||2016|Crew|6.4; Ram|1500||2017|Crew|6.4; Ram|1500||2018|Crew|6.4
PK-L-FULLSIZE-SRW-Ram-1500,,5,PK-L,ACCEPT,,25,72,25,47,0,0,,
PK-L-FULLSIZE-SRW-Ram-1500,,4,PK-L,ACCEPT,,30,60,30,30,0,0,,
PK-L-FULLSIZE-SRW-Ram-1500,,6,PK-L,REJECT,PHYSICAL_SKU conflict: 44 atoms cross SKU boundary,33,234,90,144,0,44,Ram|1500||1997|Regular|6.4; Ram|1500||1998|Regular|6.4; Ram|1500||1999|Regular|6.4; Ram|1500||2000|Regular|6.4; Ram|1500||2001|Regular|6.4,Ram|1500||1997|Regular|6.4; Ram|1500||1998|Regular|6.4; Ram|1500||1999|Regular|6.4; Ram|1500||2000|Regular|6.4; Ram|1500||2001|Regular|6.4; Ram|1500||2005|Regular|6.4; Ram|1500||2006|Regular|6.4; Ram|1500||2007|Regular|6.4; Ram|1500||2009|Crew|6.4; Ram|1500||2009|Regular|6.4; Ram|1500||2010|Crew|6.4; Ram|1500||2010|Regular|6.4; Ram|1500||2011|Crew|6.4; Ram|1500||2011|Regular|6.4; Ram|1500||2012|Crew|6.4; Ram|1500||2012|Regular|6.4; Ram|1500||2013|Crew|6.4; Ram|1500||2013|Regular|6.4; Ram|1500||2014|Crew|6.4; Ram|1500||2014|Regular|6.4; Ram|1500||2015|Crew|6.4; Ram|1500||2015|Regular|6.4; Ram|1500||2016|Crew|6.4; Ram|1500||2016|Regular|6.4; Ram|1500||2017|Crew|6.4; Ram|1500||2017|Regular|6.4; Ram|1500||2018|Crew|6.4; Ram|1500||2018|Regular|6.4; Ram|1500||2019|Crew|5.6; Ram|1500||2019|Crew|6.4; Ram|1500||2020|Crew|5.6; Ram|1500||2020|Crew|6.4; Ram|1500||2021|Crew|5.6; Ram|1500||2021|Crew|6.4; Ram|1500||2022|Crew|5.6; Ram|1500||2022|Crew|6.4; Ram|1500||2023|Crew|5.6; Ram|1500||2023|Crew|6.4; Ram|1500||2024|Crew|5.6; Ram|1500||2024|Crew|6.4; Ram|1500||2025|Crew|5.6; Ram|1500||2025|Crew|6.4; Ram|1500||2026|Crew|5.6; Ram|1500||2026|Crew|6.4
PK-M+-FULLSIZE-SRW-Ford-F-150,,2,PK-M+,REJECT,PHYSICAL_SKU conflict: 10 atoms cross SKU boundary,7,20,17,3,0,10,Ford|F-150||1992|Regular|6.5; Ford|F-150||1992|SuperCab|8.0; Ford|F-150||1993|Regular|6.5; Ford|F-150||1993|SuperCab|8.0; Ford|F-150||1994|Regular|6.5,Ford|F-150||1992|Regular|6.5; Ford|F-150||1992|SuperCab|8.0; Ford|F-150||1993|Regular|6.5; Ford|F-150||1993|SuperCab|8.0; Ford|F-150||1994|Regular|6.5; Ford|F-150||1994|SuperCab|8.0; Ford|F-150||1995|Regular|6.5; Ford|F-150||1995|SuperCab|8.0; Ford|F-150||1996|Regular|6.5; Ford|F-150||1996|SuperCab|8.0
PK-M+-FULLSIZE-SRW-Ford-F-150,,2,PK-M+,REJECT,PHYSICAL_SKU conflict: 10 atoms cross SKU boundary,10,20,20,0,0,10,Ford|F-150||1992|Regular|6.5; Ford|F-150||1993|Regular|6.5; Ford|F-150||1994|Regular|6.5; Ford|F-150||1995|Regular|6.5; Ford|F-150||1996|Regular|6.5,Ford|F-150||1992|Regular|6.5; Ford|F-150||1993|Regular|6.5; Ford|F-150||1994|Regular|6.5; Ford|F-150||1995|Regular|6.5; Ford|F-150||1996|Regular|6.5; Ford|F-150||2004|Regular|8.0; Ford|F-150||2005|Regular|8.0; Ford|F-150||2006|Regular|8.0; Ford|F-150||2007|Regular|8.0; Ford|F-150||2008|Regular|8.0
PK-M+-FULLSIZE-SRW-Ford-F-150,,2,PK-M+,REJECT,PHYSICAL_SKU conflict: 7 atoms cross SKU boundary,7,14,14,0,0,7,Ford|F-150||1994|Regular|6.5; Ford|F-150||1995|Regular|6.5; Ford|F-150||2004|SuperCab|6.5; Ford|F-150||2005|SuperCab|6.5; Ford|F-150||2006|SuperCab|6.5,Ford|F-150||1994|Regular|6.5; Ford|F-150||1995|Regular|6.5; Ford|F-150||2004|SuperCab|6.5; Ford|F-150||2005|SuperCab|6.5; Ford|F-150||2006|SuperCab|6.5; Ford|F-150||2007|SuperCab|6.5; Ford|F-150||2008|SuperCab|6.5
PK-M+-FULLSIZE-SRW-Ford-F-150,,2,PK-M+,REJECT,PHYSICAL_SKU conflict: 11 atoms cross SKU boundary,11,22,22,0,0,11,Ford|F-150||1992|Regular|6.5; Ford|F-150||1993|Regular|6.5; Ford|F-150||1994|Regular|6.5; Ford|F-150||1995|Regular|6.5; Ford|F-150||1996|Regular|6.5,Ford|F-150||1992|Regular|6.5; Ford|F-150||1993|Regular|6.5; Ford|F-150||1994|Regular|6.5; Ford|F-150||1995|Regular|6.5; Ford|F-150||1996|Regular|6.5; Ford|F-150||2009|Regular|8.0; Ford|F-150||2010|Regular|8.0; Ford|F-150||2011|Regular|8.0; Ford|F-150||2012|Regular|8.0; Ford|F-150||2013|Regular|8.0; Ford|F-150||2014|Regular|8.0
PK-M+-FULLSIZE-SRW-Ford-F-150,,2,PK-M+,REJECT,PHYSICAL_SKU conflict: 8 atoms cross SKU boundary,8,16,16,0,0,8,Ford|F-150||1994|Regular|6.5; Ford|F-150||1995|Regular|6.5; Ford|F-150||2009|SuperCab|6.5; Ford|F-150||2010|SuperCab|6.5; Ford|F-150||2011|SuperCab|6.5,Ford|F-150||1994|Regular|6.5; Ford|F-150||1995|Regular|6.5; Ford|F-150||2009|SuperCab|6.5; Ford|F-150||2010|SuperCab|6.5; Ford|F-150||2011|SuperCab|6.5; Ford|F-150||2012|SuperCab|6.5; Ford|F-150||2013|SuperCab|6.5; Ford|F-150||2014|SuperCab|6.5
PK-M+-FULLSIZE-SRW-Ford-F-150,,2,PK-M+,ACCEPT,,11,11,11,0,0,0,,
PK-M+-FULLSIZE-SRW-Ford-F-150,,2,PK-M+,REJECT,PHYSICAL_SKU conflict: 15 atoms cross SKU boundary,10,80,25,55,0,15,Ford|F-150||1992|SuperCab|8.0; Ford|F-150||1993|SuperCab|8.0; Ford|F-150||1994|SuperCab|8.0; Ford|F-150||1995|SuperCab|8.0; Ford|F-150||1996|SuperCab|8.0,Ford|F-150||1992|SuperCab|8.0; Ford|F-150||1993|SuperCab|8.0; Ford|F-150||1994|SuperCab|8.0; Ford|F-150||1995|SuperCab|8.0; Ford|F-150||1996|SuperCab|8.0; Ford|F-150||2010|Regular|8.0; Ford|F-150||2010|SuperCab|8.0; Ford|F-150||2011|Regular|8.0; Ford|F-150||2011|SuperCab|8.0; Ford|F-150||2012|Regular|8.0; Ford|F-150||2012|SuperCab|8.0; Ford|F-150||2013|Regular|8.0; Ford|F-150||2013|SuperCab|8.0; Ford|F-150||2014|Regular|8.0; Ford|F-150||2014|SuperCab|8.0
PK-M+-FULLSIZE-SRW-Ford-F-150,,2,PK-M+,REJECT,PHYSICAL_SKU conflict: 5 atoms cross SKU boundary,7,28,12,16,0,5,Ford|F-150||2010|SuperCab|6.5; Ford|F-150||2011|SuperCab|6.5; Ford|F-150||2012|SuperCab|6.5; Ford|F-150||2013|SuperCab|6.5; Ford|F-150||2014|SuperCab|6.5,Ford|F-150||2010|SuperCab|6.5; Ford|F-150||2011|SuperCab|6.5; Ford|F-150||2012|SuperCab|6.5; Ford|F-150||2013|SuperCab|6.5; Ford|F-150||2014|SuperCab|6.5
PK-M+-FULLSIZE-SRW-Ford-F-150,,3,PK-M+,REJECT,PHYSICAL_SKU conflict: 11 atoms cross SKU boundary,16,88,27,61,0,11,Ford|F-150||2004|SuperCab|6.5; Ford|F-150||2005|SuperCab|6.5; Ford|F-150||2006|SuperCab|6.5; Ford|F-150||2007|SuperCab|6.5; Ford|F-150||2008|SuperCab|6.5,Ford|F-150||2004|SuperCab|6.5; Ford|F-150||2005|SuperCab|6.5; Ford|F-150||2006|SuperCab|6.5; Ford|F-150||2007|SuperCab|6.5; Ford|F-150||2008|SuperCab|6.5; Ford|F-150||2009|SuperCab|6.5; Ford|F-150||2010|SuperCab|6.5; Ford|F-150||2011|SuperCab|6.5; Ford|F-150||2012|SuperCab|6.5; Ford|F-150||2013|SuperCab|6.5; Ford|F-150||2014|SuperCab|6.5
PK-M+-FULLSIZE-SRW-Ford-F-150,,2,PK-M+,REJECT,PHYSICAL_SKU conflict: 11 atoms cross SKU boundary,11,22,22,0,0,11,Ford|F-150||1992|Regular|6.5; Ford|F-150||1993|Regular|6.5; Ford|F-150||1994|Regular|6.5; Ford|F-150||1995|Regular|6.5; Ford|F-150||1996|Regular|6.5,Ford|F-150||1992|Regular|6.5; Ford|F-150||1993|Regular|6.5; Ford|F-150||1994|Regular|6.5; Ford|F-150||1995|Regular|6.5; Ford|F-150||1996|Regular|6.5; Ford|F-150||2015|Regular|8.0; Ford|F-150||2016|Regular|8.0; Ford|F-150||2017|Regular|8.0; Ford|F-150||2018|Regular|8.0; Ford|F-150||2019|Regular|8.0; Ford|F-150||2020|Regular|8.0
PK-M+-FULLSIZE-SRW-Ford-F-150,,2,PK-M+,REJECT,PHYSICAL_SKU conflict: 8 atoms cross SKU boundary,8,16,16,0,0,8,Ford|F-150||1994|Regular|6.5; Ford|F-150||1995|Regular|6.5; Ford|F-150||2015|SuperCab|6.5; Ford|F-150||2016|SuperCab|6.5; Ford|F-150||2017|SuperCab|6.5,Ford|F-150||1994|Regular|6.5; Ford|F-150||1995|Regular|6.5; Ford|F-150||2015|SuperCab|6.5; Ford|F-150||2016|SuperCab|6.5; Ford|F-150||2017|SuperCab|6.5; Ford|F-150||2018|SuperCab|6.5; Ford|F-150||2019|SuperCab|6.5; Ford|F-150||2020|SuperCab|6.5
PK-M+-FULLSIZE-SRW-Ford-F-150,,3,PK-M+,ACCEPT,,17,17,17,0,0,0,,
PK-M+-FULLSIZE-SRW-Ford-F-150,,2,PK-M+,REJECT,PHYSICAL_SKU conflict: 11 atoms cross SKU boundary,11,88,31,57,0,11,Ford|F-150||2010|SuperCab|6.5; Ford|F-150||2011|SuperCab|6.5; Ford|F-150||2012|SuperCab|6.5; Ford|F-150||2013|SuperCab|6.5; Ford|F-150||2014|SuperCab|6.5,Ford|F-150||2010|SuperCab|6.5; Ford|F-150||2011|SuperCab|6.5; Ford|F-150||2012|SuperCab|6.5; Ford|F-150||2013|SuperCab|6.5; Ford|F-150||2014|SuperCab|6.5; Ford|F-150||2015|SuperCab|6.5; Ford|F-150||2016|SuperCab|6.5; Ford|F-150||2017|SuperCab|6.5; Ford|F-150||2018|SuperCab|6.5; Ford|F-150||2019|SuperCab|6.5; Ford|F-150||2020|SuperCab|6.5
PK-M+-FULLSIZE-SRW-Ford-F-150,,2,PK-M+,REJECT,PHYSICAL_SKU conflict: 13 atoms cross SKU boundary,9,72,22,50,0,13,Ford|F-150||1992|SuperCab|8.0; Ford|F-150||1993|SuperCab|8.0; Ford|F-150||1994|SuperCab|8.0; Ford|F-150||1995|SuperCab|8.0; Ford|F-150||1996|SuperCab|8.0,Ford|F-150||1992|SuperCab|8.0; Ford|F-150||1993|SuperCab|8.0; Ford|F-150||1994|SuperCab|8.0; Ford|F-150||1995|SuperCab|8.0; Ford|F-150||1996|SuperCab|8.0; Ford|F-150||2017|Regular|8.0; Ford|F-150||2017|SuperCab|8.0; Ford|F-150||2018|Regular|8.0; Ford|F-150||2018|SuperCab|8.0; Ford|F-150||2019|Regular|8.0; Ford|F-150||2019|SuperCab|8.0; Ford|F-150||2020|Regular|8.0; Ford|F-150||2020|SuperCab|8.0
PK-M+-FULLSIZE-SRW-Ford-F-150,,2,PK-M+,REJECT,PHYSICAL_SKU conflict: 4 atoms cross SKU boundary,6,24,10,14,0,4,Ford|F-150||2017|SuperCab|6.5; Ford|F-150||2018|SuperCab|6.5; Ford|F-150||2019|SuperCab|6.5; Ford|F-150||2020|SuperCab|6.5,Ford|F-150||2017|SuperCab|6.5; Ford|F-150||2018|SuperCab|6.5; Ford|F-150||2019|SuperCab|6.5; Ford|F-150||2020|SuperCab|6.5
PK-M+-FULLSIZE-SRW-Ford-F-150,,4,PK-M+,REJECT,PHYSICAL_SKU conflict: 17 atoms cross SKU boundary,21,136,43,93,0,17,Ford|F-150||2004|SuperCab|6.5; Ford|F-150||2005|SuperCab|6.5; Ford|F-150||2006|SuperCab|6.5; Ford|F-150||2007|SuperCab|6.5; Ford|F-150||2008|SuperCab|6.5,Ford|F-150||2004|SuperCab|6.5; Ford|F-150||2005|SuperCab|6.5; Ford|F-150||2006|SuperCab|6.5; Ford|F-150||2007|SuperCab|6.5; Ford|F-150||2008|SuperCab|6.5; Ford|F-150||2009|SuperCab|6.5; Ford|F-150||2010|SuperCab|6.5; Ford|F-150||2011|SuperCab|6.5; Ford|F-150||2012|SuperCab|6.5; Ford|F-150||2013|SuperCab|6.5; Ford|F-150||2014|SuperCab|6.5; Ford|F-150||2015|SuperCab|6.5; Ford|F-150||2016|SuperCab|6.5; Ford|F-150||2017|SuperCab|6.5; Ford|F-150||2018|SuperCab|6.5; Ford|F-150||2019|SuperCab|6.5; Ford|F-150||2020|SuperCab|6.5
PK-M+-FULLSIZE-SRW-Ford-F-150,,2,PK-M+,ACCEPT,,9,9,9,0,0,0,,
PK-M+-FULLSIZE-SRW-Ford-F-150,,2,PK-M+,REJECT,PHYSICAL_SKU conflict: 8 atoms cross SKU boundary,8,16,16,0,0,8,Ford|F-150||1992|Regular|6.5; Ford|F-150||1993|Regular|6.5; Ford|F-150||1994|Regular|6.5; Ford|F-150||1995|Regular|6.5; Ford|F-150||1996|Regular|6.5,Ford|F-150||1992|Regular|6.5; Ford|F-150||1993|Regular|6.5; Ford|F-150||1994|Regular|6.5; Ford|F-150||1995|Regular|6.5; Ford|F-150||1996|Regular|6.5; Ford|F-150||2021|Regular|8.0; Ford|F-150||2022|Regular|8.0; Ford|F-150||2023|Regular|8.0
PK-M+-FULLSIZE-SRW-Ford-F-150,,2,PK-M+,REJECT,PHYSICAL_SKU conflict: 5 atoms cross SKU boundary,5,10,10,0,0,5,Ford|F-150||1994|Regular|6.5; Ford|F-150||1995|Regular|6.5; Ford|F-150||2021|SuperCab|6.5; Ford|F-150||2022|SuperCab|6.5; Ford|F-150||2023|SuperCab|6.5,Ford|F-150||1994|Regular|6.5; Ford|F-150||1995|Regular|6.5; Ford|F-150||2021|SuperCab|6.5; Ford|F-150||2022|SuperCab|6.5; Ford|F-150||2023|SuperCab|6.5
PK-M+-FULLSIZE-SRW-Ford-F-150,,4,PK-M+,ACCEPT,,20,20,20,0,0,0,,
PK-M+-FULLSIZE-SRW-Ford-F-150,,3,PK-M+,REJECT,PHYSICAL_SKU conflict: 12 atoms cross SKU boundary,12,96,33,63,0,12,Ford|F-150||2010|SuperCab|6.5; Ford|F-150||2011|SuperCab|6.5; Ford|F-150||2012|SuperCab|6.5; Ford|F-150||2013|SuperCab|6.5; Ford|F-150||2014|SuperCab|6.5,Ford|F-150||2010|SuperCab|6.5; Ford|F-150||2011|SuperCab|6.5; Ford|F-150||2012|SuperCab|6.5; Ford|F-150||2013|SuperCab|6.5; Ford|F-150||2014|SuperCab|6.5; Ford|F-150||2017|SuperCab|6.5; Ford|F-150||2018|SuperCab|6.5; Ford|F-150||2019|SuperCab|6.5; Ford|F-150||2020|SuperCab|6.5; Ford|F-150||2021|SuperCab|6.5; Ford|F-150||2022|SuperCab|6.5; Ford|F-150||2023|SuperCab|6.5
PK-M+-FULLSIZE-SRW-Ford-F-150,,2,PK-M+,REJECT,PHYSICAL_SKU conflict: 8 atoms cross SKU boundary,8,16,16,0,0,8,Ford|F-150||1992|Regular|6.5; Ford|F-150||1993|Regular|6.5; Ford|F-150||1994|Regular|6.5; Ford|F-150||1995|Regular|6.5; Ford|F-150||1996|Regular|6.5,Ford|F-150||1992|Regular|6.5; Ford|F-150||1993|Regular|6.5; Ford|F-150||1994|Regular|6.5; Ford|F-150||1995|Regular|6.5; Ford|F-150||1996|Regular|6.5; Ford|F-150||2024|Regular|8.0; Ford|F-150||2025|Regular|8.0; Ford|F-150||2026|Regular|8.0
PK-M+-FULLSIZE-SRW-Ford-F-150,,2,PK-M+,REJECT,PHYSICAL_SKU conflict: 5 atoms cross SKU boundary,5,10,10,0,0,5,Ford|F-150||1994|Regular|6.5; Ford|F-150||1995|Regular|6.5; Ford|F-150||2024|SuperCab|6.5; Ford|F-150||2025|SuperCab|6.5; Ford|F-150||2026|SuperCab|6.5,Ford|F-150||1994|Regular|6.5; Ford|F-150||1995|Regular|6.5; Ford|F-150||2024|SuperCab|6.5; Ford|F-150||2025|SuperCab|6.5; Ford|F-150||2026|SuperCab|6.5
PK-M+-FULLSIZE-SRW-Ford-F-150,,5,PK-M+,ACCEPT,,23,23,23,0,0,0,,
PK-M+-FULLSIZE-SRW-Ford-F-150,,3,PK-M+,REJECT,PHYSICAL_SKU conflict: 12 atoms cross SKU boundary,12,96,33,63,0,12,Ford|F-150||2010|SuperCab|6.5; Ford|F-150||2011|SuperCab|6.5; Ford|F-150||2012|SuperCab|6.5; Ford|F-150||2013|SuperCab|6.5; Ford|F-150||2014|SuperCab|6.5,Ford|F-150||2010|SuperCab|6.5; Ford|F-150||2011|SuperCab|6.5; Ford|F-150||2012|SuperCab|6.5; Ford|F-150||2013|SuperCab|6.5; Ford|F-150||2014|SuperCab|6.5; Ford|F-150||2017|SuperCab|6.5; Ford|F-150||2018|SuperCab|6.5; Ford|F-150||2019|SuperCab|6.5; Ford|F-150||2020|SuperCab|6.5; Ford|F-150||2024|SuperCab|6.5; Ford|F-150||2025|SuperCab|6.5; Ford|F-150||2026|SuperCab|6.5
PK-L-HD-SRW-Ford-F-250-F-350-Super-Duty,,2,PK-L,REJECT,PHYSICAL_SKU conflict: 9 atoms cross SKU boundary,18,36,27,9,0,9,Ford|F-250/F-350 Super Duty||1999|SuperCab|8.0; Ford|F-250/F-350 Super Duty||2000|SuperCab|8.0; Ford|F-250/F-350 Super Duty||2001|SuperCab|8.0; Ford|F-250/F-350 Super Duty||2002|SuperCab|8.0; Ford|F-250/F-350 Super Duty||2003|SuperCab|8.0,Ford|F-250/F-350 Super Duty||1999|SuperCab|8.0; Ford|F-250/F-350 Super Duty||2000|SuperCab|8.0; Ford|F-250/F-350 Super Duty||2001|SuperCab|8.0; Ford|F-250/F-350 Super Duty||2002|SuperCab|8.0; Ford|F-250/F-350 Super Duty||2003|SuperCab|8.0; Ford|F-250/F-350 Super Duty||2004|SuperCab|8.0; Ford|F-250/F-350 Super Duty||2005|SuperCab|8.0; Ford|F-250/F-350 Super Duty||2006|SuperCab|8.0; Ford|F-250/F-350 Super Duty||2007|SuperCab|8.0
PK-L-HD-SRW-Ford-F-250-F-350-Super-Duty,,2,PK-L,ACCEPT,,12,12,12,0,0,0,,
PK-L-HD-SRW-Ford-F-250-F-350-Super-Duty,,2,PK-L,REJECT,PHYSICAL_SKU conflict: 12 atoms cross SKU boundary,12,48,36,12,0,12,Ford|F-250/F-350 Super Duty||1999|SuperCab|8.0; Ford|F-250/F-350 Super Duty||2000|SuperCab|8.0; Ford|F-250/F-350 Super Duty||2001|SuperCab|8.0; Ford|F-250/F-350 Super Duty||2002|SuperCab|8.0; Ford|F-250/F-350 Super Duty||2003|SuperCab|8.0,Ford|F-250/F-350 Super Duty||1999|SuperCab|8.0; Ford|F-250/F-350 Super Duty||2000|SuperCab|8.0; Ford|F-250/F-350 Super Duty||2001|SuperCab|8.0; Ford|F-250/F-350 Super Duty||2002|SuperCab|8.0; Ford|F-250/F-350 Super Duty||2003|SuperCab|8.0; Ford|F-250/F-350 Super Duty||2004|SuperCab|8.0; Ford|F-250/F-350 Super Duty||2005|SuperCab|8.0; Ford|F-250/F-350 Super Duty||2006|SuperCab|8.0; Ford|F-250/F-350 Super Duty||2007|SuperCab|8.0; Ford|F-250/F-350 Super Duty||2008|SuperCab|8.0; Ford|F-250/F-350 Super Duty||2009|SuperCab|8.0; Ford|F-250/F-350 Super Duty||2010|SuperCab|8.0
PK-L-HD-SRW-Ford-F-250-F-350-Super-Duty,,3,PK-L,REJECT,PHYSICAL_SKU conflict: 12 atoms cross SKU boundary,15,48,36,12,0,12,Ford|F-250/F-350 Super Duty||1999|SuperCab|8.0; Ford|F-250/F-350 Super Duty||2000|SuperCab|8.0; Ford|F-250/F-350 Super Duty||2001|SuperCab|8.0; Ford|F-250/F-350 Super Duty||2002|SuperCab|8.0; Ford|F-250/F-350 Super Duty||2003|SuperCab|8.0,Ford|F-250/F-350 Super Duty||1999|SuperCab|8.0; Ford|F-250/F-350 Super Duty||2000|SuperCab|8.0; Ford|F-250/F-350 Super Duty||2001|SuperCab|8.0; Ford|F-250/F-350 Super Duty||2002|SuperCab|8.0; Ford|F-250/F-350 Super Duty||2003|SuperCab|8.0; Ford|F-250/F-350 Super Duty||2004|SuperCab|8.0; Ford|F-250/F-350 Super Duty||2005|SuperCab|8.0; Ford|F-250/F-350 Super Duty||2006|SuperCab|8.0; Ford|F-250/F-350 Super Duty||2007|SuperCab|8.0; Ford|F-250/F-350 Super Duty||2008|SuperCab|8.0; Ford|F-250/F-350 Super Duty||2009|SuperCab|8.0; Ford|F-250/F-350 Super Duty||2010|SuperCab|8.0
PK-L-HD-SRW-Ford-F-250-F-350-Super-Duty,,2,PK-L,ACCEPT,,12,12,12,0,0,0,,
PK-L-HD-SRW-Ford-F-250-F-350-Super-Duty,,3,PK-L,ACCEPT,,18,18,18,0,0,0,,
PK-L-HD-SRW-Ford-F-250-F-350-Super-Duty,,3,PK-L,REJECT,PHYSICAL_SKU conflict: 24 atoms cross SKU boundary,18,72,54,18,0,24,Ford|F-250/F-350 Super Duty||1999|SuperCab|8.0; Ford|F-250/F-350 Super Duty||2000|SuperCab|8.0; Ford|F-250/F-350 Super Duty||2001|SuperCab|8.0; Ford|F-250/F-350 Super Duty||2002|SuperCab|8.0; Ford|F-250/F-350 Super Duty||2003|SuperCab|8.0,Ford|F-250/F-350 Super Duty||1999|SuperCab|8.0; Ford|F-250/F-350 Super Duty||2000|SuperCab|8.0; Ford|F-250/F-350 Super Duty||2001|SuperCab|8.0; Ford|F-250/F-350 Super Duty||2002|SuperCab|8.0; Ford|F-250/F-350 Super Duty||2003|SuperCab|8.0; Ford|F-250/F-350 Super Duty||2004|SuperCab|8.0; Ford|F-250/F-350 Super Duty||2005|SuperCab|8.0; Ford|F-250/F-350 Super Duty||2006|SuperCab|8.0; Ford|F-250/F-350 Super Duty||2007|SuperCab|8.0; Ford|F-250/F-350 Super Duty||2008|SuperCab|8.0; Ford|F-250/F-350 Super Duty||2009|SuperCab|8.0; Ford|F-250/F-350 Super Duty||2010|SuperCab|8.0; Ford|F-250/F-350 Super Duty||2011|SuperCab|6.8; Ford|F-250/F-350 Super Duty||2011|SuperCab|8.0; Ford|F-250/F-350 Super Duty||2012|SuperCab|6.8; Ford|F-250/F-350 Super Duty||2012|SuperCab|8.0; Ford|F-250/F-350 Super Duty||2013|SuperCab|6.8; Ford|F-250/F-350 Super Duty||2013|SuperCab|8.0; Ford|F-250/F-350 Super Duty||2014|SuperCab|6.8; Ford|F-250/F-350 Super Duty||2014|SuperCab|8.0; Ford|F-250/F-350 Super Duty||2015|SuperCab|6.8; Ford|F-250/F-350 Super Duty||2015|SuperCab|8.0; Ford|F-250/F-350 Super Duty||2016|SuperCab|6.8; Ford|F-250/F-350 Super Duty||2016|SuperCab|8.0
PK-L-HD-SRW-Ford-F-250-F-350-Super-Duty,,4,PK-L,ACCEPT,,24,24,24,0,0,0,,
PK-L-HD-SRW-Ford-F-250-F-350-Super-Duty,,3,PK-L,REJECT,PHYSICAL_SKU conflict: 24 atoms cross SKU boundary,18,72,54,18,0,24,Ford|F-250/F-350 Super Duty||1999|SuperCab|8.0; Ford|F-250/F-350 Super Duty||2000|SuperCab|8.0; Ford|F-250/F-350 Super Duty||2001|SuperCab|8.0; Ford|F-250/F-350 Super Duty||2002|SuperCab|8.0; Ford|F-250/F-350 Super Duty||2003|SuperCab|8.0,Ford|F-250/F-350 Super Duty||1999|SuperCab|8.0; Ford|F-250/F-350 Super Duty||2000|SuperCab|8.0; Ford|F-250/F-350 Super Duty||2001|SuperCab|8.0; Ford|F-250/F-350 Super Duty||2002|SuperCab|8.0; Ford|F-250/F-350 Super Duty||2003|SuperCab|8.0; Ford|F-250/F-350 Super Duty||2004|SuperCab|8.0; Ford|F-250/F-350 Super Duty||2005|SuperCab|8.0; Ford|F-250/F-350 Super Duty||2006|SuperCab|8.0; Ford|F-250/F-350 Super Duty||2007|SuperCab|8.0; Ford|F-250/F-350 Super Duty||2008|SuperCab|8.0; Ford|F-250/F-350 Super Duty||2009|SuperCab|8.0; Ford|F-250/F-350 Super Duty||2010|SuperCab|8.0; Ford|F-250/F-350 Super Duty||2017|SuperCab|6.8; Ford|F-250/F-350 Super Duty||2017|SuperCab|8.0; Ford|F-250/F-350 Super Duty||2018|SuperCab|6.8; Ford|F-250/F-350 Super Duty||2018|SuperCab|8.0; Ford|F-250/F-350 Super Duty||2019|SuperCab|6.8; Ford|F-250/F-350 Super Duty||2019|SuperCab|8.0; Ford|F-250/F-350 Super Duty||2020|SuperCab|6.8; Ford|F-250/F-350 Super Duty||2020|SuperCab|8.0; Ford|F-250/F-350 Super Duty||2021|SuperCab|6.8; Ford|F-250/F-350 Super Duty||2021|SuperCab|8.0; Ford|F-250/F-350 Super Duty||2022|SuperCab|6.8; Ford|F-250/F-350 Super Duty||2022|SuperCab|8.0
PK-L-HD-SRW-Ford-F-250-F-350-Super-Duty,,5,PK-L,ACCEPT,,28,28,28,0,0,0,,
PK-L-HD-SRW-Ford-F-250-F-350-Super-Duty,,3,PK-L,REJECT,PHYSICAL_SKU conflict: 20 atoms cross SKU boundary,16,64,48,16,0,20,Ford|F-250/F-350 Super Duty||1999|SuperCab|8.0; Ford|F-250/F-350 Super Duty||2000|SuperCab|8.0; Ford|F-250/F-350 Super Duty||2001|SuperCab|8.0; Ford|F-250/F-350 Super Duty||2002|SuperCab|8.0; Ford|F-250/F-350 Super Duty||2003|SuperCab|8.0,Ford|F-250/F-350 Super Duty||1999|SuperCab|8.0; Ford|F-250/F-350 Super Duty||2000|SuperCab|8.0; Ford|F-250/F-350 Super Duty||2001|SuperCab|8.0; Ford|F-250/F-350 Super Duty||2002|SuperCab|8.0; Ford|F-250/F-350 Super Duty||2003|SuperCab|8.0; Ford|F-250/F-350 Super Duty||2004|SuperCab|8.0; Ford|F-250/F-350 Super Duty||2005|SuperCab|8.0; Ford|F-250/F-350 Super Duty||2006|SuperCab|8.0; Ford|F-250/F-350 Super Duty||2007|SuperCab|8.0; Ford|F-250/F-350 Super Duty||2008|SuperCab|8.0; Ford|F-250/F-350 Super Duty||2009|SuperCab|8.0; Ford|F-250/F-350 Super Duty||2010|SuperCab|8.0; Ford|F-250/F-350 Super Duty||2023|SuperCab|6.8; Ford|F-250/F-350 Super Duty||2023|SuperCab|8.0; Ford|F-250/F-350 Super Duty||2024|SuperCab|6.8; Ford|F-250/F-350 Super Duty||2024|SuperCab|8.0; Ford|F-250/F-350 Super Duty||2025|SuperCab|6.8; Ford|F-250/F-350 Super Duty||2025|SuperCab|8.0; Ford|F-250/F-350 Super Duty||2026|SuperCab|6.8; Ford|F-250/F-350 Super Duty||2026|SuperCab|8.0
PK-XXXL-HD-SRW-Ford-F-250-F-350-Super-Duty,,2,PK-XXXL,ACCEPT,,12,12,12,0,0,0,,
PK-XXXL-HD-SRW-Ford-F-250-F-350-Super-Duty,,3,PK-XXXL,ACCEPT,,18,18,18,0,0,0,,
PK-XXXL-HD-SRW-Ford-F-250-F-350-Super-Duty,,4,PK-XXXL,ACCEPT,,24,24,24,0,0,0,,
PK-XXXL-HD-SRW-Ford-F-250-F-350-Super-Duty,,5,PK-XXXL,REJECT,PHYSICAL_SKU conflict: 18 atoms cross SKU boundary,30,48,48,0,0,18,Ford|F-250/F-350 Super Duty||1999|SuperCab|8.0; Ford|F-250/F-350 Super Duty||2000|SuperCab|8.0; Ford|F-250/F-350 Super Duty||2001|SuperCab|8.0; Ford|F-250/F-350 Super Duty||2002|SuperCab|8.0; Ford|F-250/F-350 Super Duty||2003|SuperCab|8.0,Ford|F-250/F-350 Super Duty||1999|SuperCab|8.0; Ford|F-250/F-350 Super Duty||2000|SuperCab|8.0; Ford|F-250/F-350 Super Duty||2001|SuperCab|8.0; Ford|F-250/F-350 Super Duty||2002|SuperCab|8.0; Ford|F-250/F-350 Super Duty||2003|SuperCab|8.0; Ford|F-250/F-350 Super Duty||2004|SuperCab|8.0; Ford|F-250/F-350 Super Duty||2005|SuperCab|8.0; Ford|F-250/F-350 Super Duty||2006|SuperCab|8.0; Ford|F-250/F-350 Super Duty||2007|SuperCab|8.0; Ford|F-250/F-350 Super Duty||2008|SuperCab|8.0; Ford|F-250/F-350 Super Duty||2009|SuperCab|8.0; Ford|F-250/F-350 Super Duty||2010|SuperCab|8.0; Ford|F-250/F-350 Super Duty||2011|SuperCab|8.0; Ford|F-250/F-350 Super Duty||2012|SuperCab|8.0; Ford|F-250/F-350 Super Duty||2013|SuperCab|8.0; Ford|F-250/F-350 Super Duty||2014|SuperCab|8.0; Ford|F-250/F-350 Super Duty||2015|SuperCab|8.0; Ford|F-250/F-350 Super Duty||2016|SuperCab|8.0
PK-XXXL-HD-SRW-Ford-F-250-F-350-Super-Duty,,5,PK-XXXL,ACCEPT,,28,28,28,0,0,0,,
PK-XXXL-HD-SRW-Ford-F-250-F-350-Super-Duty,,2,PK-XXXL,ACCEPT,,10,20,20,0,0,0,,
PK-XXXL-HD-SRW-Ford-F-250-F-350-Super-Duty,,5,PK-XXXL,REJECT,PHYSICAL_SKU conflict: 18 atoms cross SKU boundary,28,56,56,0,0,18,Ford|F-250/F-350 Super Duty||1999|SuperCab|8.0; Ford|F-250/F-350 Super Duty||2000|SuperCab|8.0; Ford|F-250/F-350 Super Duty||2001|SuperCab|8.0; Ford|F-250/F-350 Super Duty||2002|SuperCab|8.0; Ford|F-250/F-350 Super Duty||2003|SuperCab|8.0,Ford|F-250/F-350 Super Duty||1999|SuperCab|8.0; Ford|F-250/F-350 Super Duty||2000|SuperCab|8.0; Ford|F-250/F-350 Super Duty||2001|SuperCab|8.0; Ford|F-250/F-350 Super Duty||2002|SuperCab|8.0; Ford|F-250/F-350 Super Duty||2003|SuperCab|8.0; Ford|F-250/F-350 Super Duty||2004|SuperCab|8.0; Ford|F-250/F-350 Super Duty||2005|SuperCab|8.0; Ford|F-250/F-350 Super Duty||2006|SuperCab|8.0; Ford|F-250/F-350 Super Duty||2007|SuperCab|8.0; Ford|F-250/F-350 Super Duty||2008|SuperCab|8.0; Ford|F-250/F-350 Super Duty||2009|SuperCab|8.0; Ford|F-250/F-350 Super Duty||2010|SuperCab|8.0; Ford|F-250/F-350 Super Duty||2011|SuperCab|8.0; Ford|F-250/F-350 Super Duty||2012|SuperCab|8.0; Ford|F-250/F-350 Super Duty||2013|SuperCab|8.0; Ford|F-250/F-350 Super Duty||2014|SuperCab|8.0; Ford|F-250/F-350 Super Duty||2015|SuperCab|8.0; Ford|F-250/F-350 Super Duty||2016|SuperCab|8.0
PK-XXXL-HD-SRW-Ford-F-250-F-350-Super-Duty,,3,PK-XXXL,ACCEPT,,14,20,20,0,0,0,,
PK-XXXL-HD-SRW-Ford-F-250-F-350-Super-Duty,REAL_ATOM_COVERAGE_REPARTITION,7,PK-XXXL,REPARTITION,6 real atoms covered by multiple candidate titles,38,44,38,0,6,0,Ford|F-250/F-350 Super Duty||2017|Crew|8.0; Ford|F-250/F-350 Super Duty||2018|Crew|8.0; Ford|F-250/F-350 Super Duty||2019|Crew|8.0; Ford|F-250/F-350 Super Duty||2020|Crew|8.0; Ford|F-250/F-350 Super Duty||2021|Crew|8.0,Ford|F-250/F-350 Super Duty||2017|Crew|8.0; Ford|F-250/F-350 Super Duty||2018|Crew|8.0; Ford|F-250/F-350 Super Duty||2019|Crew|8.0; Ford|F-250/F-350 Super Duty||2020|Crew|8.0; Ford|F-250/F-350 Super Duty||2021|Crew|8.0; Ford|F-250/F-350 Super Duty||2022|Crew|8.0
PK-L-DRW-DRW-Ford-F-350-Super-Duty,,2,PK-L,ACCEPT,,12,12,12,0,0,0,,
PK-L-DRW-DRW-Ford-F-350-Super-Duty,,3,PK-L,ACCEPT,,18,18,18,0,0,0,,
PK-L-DRW-DRW-Ford-F-350-Super-Duty,,4,PK-L,ACCEPT,,24,24,24,0,0,0,,
PK-L-DRW-DRW-Ford-F-350-Super-Duty,,5,PK-L,ACCEPT,,28,28,28,0,0,0,,
PK-XL-FULLSIZE-SRW-Ford-F-150,,2,PK-XL,ACCEPT,,7,7,7,0,0,0,,
PK-XL-FULLSIZE-SRW-Ford-F-150,,3,PK-XL,REJECT,PHYSICAL_SKU conflict: 16 atoms cross SKU boundary,13,52,29,23,0,16,Ford|F-150||1994|SuperCab|6.5; Ford|F-150||1995|SuperCab|6.5; Ford|F-150||1997|SuperCab|6.5; Ford|F-150||1998|SuperCab|6.5; Ford|F-150||2009|SuperCab|6.5,Ford|F-150||1994|SuperCab|6.5; Ford|F-150||1995|SuperCab|6.5; Ford|F-150||1997|SuperCab|6.5; Ford|F-150||1998|SuperCab|6.5; Ford|F-150||2009|SuperCab|6.5; Ford|F-150||2009|SuperCab|8.0; Ford|F-150||2010|SuperCab|6.5; Ford|F-150||2010|SuperCab|8.0; Ford|F-150||2011|SuperCab|6.5; Ford|F-150||2011|SuperCab|8.0; Ford|F-150||2012|SuperCab|6.5; Ford|F-150||2012|SuperCab|8.0; Ford|F-150||2013|SuperCab|6.5; Ford|F-150||2013|SuperCab|8.0; Ford|F-150||2014|SuperCab|6.5; Ford|F-150||2014|SuperCab|8.0
PK-XL-FULLSIZE-SRW-Ford-F-150,,3,PK-XL,REJECT,PHYSICAL_SKU conflict: 16 atoms cross SKU boundary,13,52,29,23,0,16,Ford|F-150||1994|SuperCab|6.5; Ford|F-150||1995|SuperCab|6.5; Ford|F-150||1997|SuperCab|6.5; Ford|F-150||1998|SuperCab|6.5; Ford|F-150||2015|SuperCab|6.5,Ford|F-150||1994|SuperCab|6.5; Ford|F-150||1995|SuperCab|6.5; Ford|F-150||1997|SuperCab|6.5; Ford|F-150||1998|SuperCab|6.5; Ford|F-150||2015|SuperCab|6.5; Ford|F-150||2015|SuperCab|8.0; Ford|F-150||2016|SuperCab|6.5; Ford|F-150||2016|SuperCab|8.0; Ford|F-150||2017|SuperCab|6.5; Ford|F-150||2017|SuperCab|8.0; Ford|F-150||2018|SuperCab|6.5; Ford|F-150||2018|SuperCab|8.0; Ford|F-150||2019|SuperCab|6.5; Ford|F-150||2019|SuperCab|8.0; Ford|F-150||2020|SuperCab|6.5; Ford|F-150||2020|SuperCab|8.0
PK-XL-FULLSIZE-SRW-Ford-F-150,,2,PK-XL,ACCEPT,,12,12,12,0,0,0,,
PK-XL-FULLSIZE-SRW-Ford-F-150,,3,PK-XL,REJECT,PHYSICAL_SKU conflict: 9 atoms cross SKU boundary,13,104,22,82,0,9,Ford|F-150||2021|SuperCab|8.0; Ford|F-150||2021|SuperCrew|5.5; Ford|F-150||2022|SuperCab|8.0; Ford|F-150||2022|SuperCrew|5.5; Ford|F-150||2023|SuperCab|8.0,Ford|F-150||2021|SuperCab|8.0; Ford|F-150||2021|SuperCrew|5.5; Ford|F-150||2022|SuperCab|8.0; Ford|F-150||2022|SuperCrew|5.5; Ford|F-150||2023|SuperCab|8.0; Ford|F-150||2023|SuperCrew|5.5; Ford|F-150||2024|SuperCrew|5.5; Ford|F-150||2025|SuperCrew|5.5; Ford|F-150||2026|SuperCrew|5.5
PK-XL-FULLSIZE-SRW-Ford-F-150,,3,PK-XL,REJECT,PHYSICAL_SKU conflict: 23 atoms cross SKU boundary,18,72,47,25,0,23,Ford|F-150|Raptor|2011|SuperCrew|5.5; Ford|F-150|Raptor|2012|SuperCrew|5.5; Ford|F-150|Raptor|2013|SuperCrew|5.5; Ford|F-150|Raptor|2014|SuperCrew|5.5; Ford|F-150|Raptor|2017|SuperCrew|5.5,Ford|F-150|Raptor|2011|SuperCrew|5.5; Ford|F-150|Raptor|2012|SuperCrew|5.5; Ford|F-150|Raptor|2013|SuperCrew|5.5; Ford|F-150|Raptor|2014|SuperCrew|5.5; Ford|F-150|Raptor|2017|SuperCrew|5.5; Ford|F-150|Raptor|2018|SuperCrew|5.5; Ford|F-150|Raptor|2019|SuperCrew|5.5; Ford|F-150|Raptor|2020|SuperCrew|5.5; Ford|F-150||2009|SuperCrew|5.5; Ford|F-150||2010|SuperCrew|5.5; Ford|F-150||2011|SuperCrew|5.5; Ford|F-150||2012|SuperCrew|5.5; Ford|F-150||2013|SuperCrew|5.5; Ford|F-150||2015|SuperCrew|5.5; Ford|F-150||2016|SuperCrew|5.5; Ford|F-150||2017|SuperCrew|5.5; Ford|F-150||2018|SuperCrew|5.5; Ford|F-150||2021|SuperCrew|5.5; Ford|F-150||2022|SuperCrew|5.5; Ford|F-150||2023|SuperCrew|5.5; Ford|F-150||2024|SuperCrew|5.5; Ford|F-150||2025|SuperCrew|5.5; Ford|F-150||2026|SuperCrew|5.5
PK-XL-FULLSIZE-SRW-Ford-F-150,,3,PK-XL,REJECT,PHYSICAL_SKU conflict: 10 atoms cross SKU boundary,10,40,20,20,0,10,Ford|F-150||1994|SuperCab|6.5; Ford|F-150||1995|SuperCab|6.5; Ford|F-150||1997|SuperCab|6.5; Ford|F-150||1998|SuperCab|6.5; Ford|F-150||2021|SuperCab|6.5,Ford|F-150||1994|SuperCab|6.5; Ford|F-150||1995|SuperCab|6.5; Ford|F-150||1997|SuperCab|6.5; Ford|F-150||1998|SuperCab|6.5; Ford|F-150||2021|SuperCab|6.5; Ford|F-150||2021|SuperCab|8.0; Ford|F-150||2022|SuperCab|6.5; Ford|F-150||2022|SuperCab|8.0; Ford|F-150||2023|SuperCab|6.5; Ford|F-150||2023|SuperCab|8.0
PK-XL-FULLSIZE-SRW-Ford-F-150,,3,PK-XL,ACCEPT,,15,15,15,0,0,0,,
PK-XL-FULLSIZE-SRW-Ford-F-150,,2,PK-XL,REJECT,PHYSICAL_SKU conflict: 6 atoms cross SKU boundary,9,24,18,6,0,6,Ford|F-150||2021|SuperCrew|5.5; Ford|F-150||2022|SuperCrew|5.5; Ford|F-150||2023|SuperCrew|5.5; Ford|F-150||2024|SuperCrew|5.5; Ford|F-150||2025|SuperCrew|5.5,Ford|F-150||2021|SuperCrew|5.5; Ford|F-150||2022|SuperCrew|5.5; Ford|F-150||2023|SuperCrew|5.5; Ford|F-150||2024|SuperCrew|5.5; Ford|F-150||2025|SuperCrew|5.5; Ford|F-150||2026|SuperCrew|5.5
PK-XL-FULLSIZE-SRW-Ford-F-150,,3,PK-XL,REJECT,PHYSICAL_SKU conflict: 6 atoms cross SKU boundary,11,88,17,71,0,6,Ford|F-150||2022|SuperCab|8.0; Ford|F-150||2022|SuperCrew|5.5; Ford|F-150||2023|SuperCab|8.0; Ford|F-150||2023|SuperCrew|5.5; Ford|F-150||2024|SuperCrew|5.5,Ford|F-150||2022|SuperCab|8.0; Ford|F-150||2022|SuperCrew|5.5; Ford|F-150||2023|SuperCab|8.0; Ford|F-150||2023|SuperCrew|5.5; Ford|F-150||2024|SuperCrew|5.5; Ford|F-150||2025|SuperCrew|5.5
PK-XL-FULLSIZE-SRW-Ford-F-150,,4,PK-XL,REJECT,PHYSICAL_SKU conflict: 14 atoms cross SKU boundary,19,68,35,33,0,14,Ford|F-150||2009|SuperCrew|5.5; Ford|F-150||2010|SuperCrew|5.5; Ford|F-150||2011|SuperCrew|5.5; Ford|F-150||2012|SuperCrew|5.5; Ford|F-150||2013|SuperCrew|5.5,Ford|F-150||2009|SuperCrew|5.5; Ford|F-150||2010|SuperCrew|5.5; Ford|F-150||2011|SuperCrew|5.5; Ford|F-150||2012|SuperCrew|5.5; Ford|F-150||2013|SuperCrew|5.5; Ford|F-150||2015|SuperCrew|5.5; Ford|F-150||2016|SuperCrew|5.5; Ford|F-150||2017|SuperCrew|5.5; Ford|F-150||2018|SuperCrew|5.5; Ford|F-150||2021|SuperCrew|5.5; Ford|F-150||2022|SuperCrew|5.5; Ford|F-150||2023|SuperCrew|5.5; Ford|F-150||2024|SuperCrew|5.5; Ford|F-150||2025|SuperCrew|5.5
PK-XL-FULLSIZE-SRW-Ford-F-150,,2,PK-XL,ACCEPT,,10,12,10,2,0,0,,
PK-XL-FULLSIZE-SRW-Ford-F-150,,3,PK-XL,REJECT,PHYSICAL_SKU conflict: 5 atoms cross SKU boundary,11,88,16,72,0,5,Ford|F-150||2023|SuperCab|8.0; Ford|F-150||2023|SuperCrew|5.5; Ford|F-150||2024|SuperCrew|5.5; Ford|F-150||2025|SuperCrew|5.5; Ford|F-150||2026|SuperCrew|5.5,Ford|F-150||2023|SuperCab|8.0; Ford|F-150||2023|SuperCrew|5.5; Ford|F-150||2024|SuperCrew|5.5; Ford|F-150||2025|SuperCrew|5.5; Ford|F-150||2026|SuperCrew|5.5
PK-XL-FULLSIZE-SRW-Ford-F-150,,4,PK-XL,REJECT,PHYSICAL_SKU conflict: 15 atoms cross SKU boundary,19,72,37,35,0,15,Ford|F-150||2009|SuperCrew|5.5; Ford|F-150||2010|SuperCrew|5.5; Ford|F-150||2011|SuperCrew|5.5; Ford|F-150||2012|SuperCrew|5.5; Ford|F-150||2013|SuperCrew|5.5,Ford|F-150||2009|SuperCrew|5.5; Ford|F-150||2010|SuperCrew|5.5; Ford|F-150||2011|SuperCrew|5.5; Ford|F-150||2012|SuperCrew|5.5; Ford|F-150||2013|SuperCrew|5.5; Ford|F-150||2015|SuperCrew|5.5; Ford|F-150||2016|SuperCrew|5.5; Ford|F-150||2017|SuperCrew|5.5; Ford|F-150||2018|SuperCrew|5.5; Ford|F-150||2021|SuperCrew|5.5; Ford|F-150||2022|SuperCrew|5.5; Ford|F-150||2023|SuperCrew|5.5; Ford|F-150||2024|SuperCrew|5.5; Ford|F-150||2025|SuperCrew|5.5; Ford|F-150||2026|SuperCrew|5.5
PK-XL-FULLSIZE-SRW-Ford-F-150,,3,PK-XL,ACCEPT,,14,18,14,4,0,0,,
PK-XL-FULLSIZE-SRW-Ford-F-150,,3,PK-XL,REJECT,PHYSICAL_SKU conflict: 7 atoms cross SKU boundary,10,40,17,23,0,7,Ford|F-150||1994|SuperCab|6.5; Ford|F-150||1995|SuperCab|6.5; Ford|F-150||1997|SuperCab|6.5; Ford|F-150||1998|SuperCab|6.5; Ford|F-150||2024|SuperCab|6.5,Ford|F-150||1994|SuperCab|6.5; Ford|F-150||1995|SuperCab|6.5; Ford|F-150||1997|SuperCab|6.5; Ford|F-150||1998|SuperCab|6.5; Ford|F-150||2024|SuperCab|6.5; Ford|F-150||2025|SuperCab|6.5; Ford|F-150||2026|SuperCab|6.5
PK-XL-FULLSIZE-SRW-Ford-F-150,,4,PK-XL,ACCEPT,,18,18,18,0,0,0,,
PK-XL-FULLSIZE-SRW-Ford-F-150,,4,PK-XL,REJECT,PHYSICAL_SKU conflict: 6 atoms cross SKU boundary,17,48,26,22,0,6,Ford|F-150||2021|SuperCrew|5.5; Ford|F-150||2022|SuperCrew|5.5; Ford|F-150||2023|SuperCrew|5.5; Ford|F-150||2024|SuperCrew|5.5; Ford|F-150||2025|SuperCrew|5.5,Ford|F-150||2021|SuperCrew|5.5; Ford|F-150||2022|SuperCrew|5.5; Ford|F-150||2023|SuperCrew|5.5; Ford|F-150||2024|SuperCrew|5.5; Ford|F-150||2025|SuperCrew|5.5; Ford|F-150||2026|SuperCrew|5.5
PK-M-FULLSIZE-SRW-Chevrolet-C-K,,2,PK-M,ACCEPT,,13,13,13,0,0,0,,
PK-M-FULLSIZE-SRW-Chevrolet-C-K,,3,PK-M,REJECT,PHYSICAL_SKU conflict: 14 atoms cross SKU boundary,27,54,41,13,0,14,Chevrolet|C/K||1973|Regular|8.0; Chevrolet|C/K||1974|Regular|8.0; Chevrolet|C/K||1975|Regular|8.0; Chevrolet|C/K||1976|Regular|8.0; Chevrolet|C/K||1977|Regular|8.0,Chevrolet|C/K||1973|Regular|8.0; Chevrolet|C/K||1974|Regular|8.0; Chevrolet|C/K||1975|Regular|8.0; Chevrolet|C/K||1976|Regular|8.0; Chevrolet|C/K||1977|Regular|8.0; Chevrolet|C/K||1978|Regular|8.0; Chevrolet|C/K||1979|Regular|8.0; Chevrolet|C/K||1980|Regular|8.0; Chevrolet|C/K||1981|Regular|8.0; Chevrolet|C/K||1982|Regular|8.0; Chevrolet|C/K||1983|Regular|8.0; Chevrolet|C/K||1984|Regular|8.0; Chevrolet|C/K||1985|Regular|8.0; Chevrolet|C/K||1986|Regular|8.0
PK-M-FULLSIZE-SRW-Chevrolet-C-K,,3,PK-M,REJECT,PHYSICAL_SKU conflict: 3 atoms cross SKU boundary,15,60,19,41,0,3,Chevrolet|C/K|R/V|1987|Regular|8.0; Chevrolet|C/K|R/V|1988|Regular|8.0; Chevrolet|C/K||1988|Regular|8.0,Chevrolet|C/K|R/V|1987|Regular|8.0; Chevrolet|C/K|R/V|1988|Regular|8.0; Chevrolet|C/K||1988|Regular|8.0
PK-M-FULLSIZE-SRW-Chevrolet-C-K,,2,PK-M,ACCEPT,,16,32,17,15,0,0,,
PK-M-FULLSIZE-SRW-Chevrolet-C-K,,3,PK-M,REJECT,PHYSICAL_SKU conflict: 11 atoms cross SKU boundary,24,48,35,13,0,11,Chevrolet|C/K||1988|Regular|8.0; Chevrolet|C/K||1989|Regular|8.0; Chevrolet|C/K||1990|Regular|8.0; Chevrolet|C/K||1991|Regular|8.0; Chevrolet|C/K||1992|Regular|8.0,Chevrolet|C/K||1988|Regular|8.0; Chevrolet|C/K||1989|Regular|8.0; Chevrolet|C/K||1990|Regular|8.0; Chevrolet|C/K||1991|Regular|8.0; Chevrolet|C/K||1992|Regular|8.0; Chevrolet|C/K||1993|Regular|8.0; Chevrolet|C/K||1994|Regular|8.0; Chevrolet|C/K||1995|Regular|8.0; Chevrolet|C/K||1996|Regular|8.0; Chevrolet|C/K||1997|Regular|8.0; Chevrolet|C/K||1998|Regular|8.0
PK-M-FULLSIZE-SRW-Chevrolet-C-K,,3,PK-M,ACCEPT,,27,52,27,25,0,0,,
PK-M-MIDSIZE-SRW-Ford-F-100,,2,PK-M,ACCEPT,,5,10,9,1,0,0,,
PK-M-MIDSIZE-SRW-Ford-F-100,,3,PK-M,ACCEPT,,9,10,9,1,0,0,,
PK-M-MIDSIZE-SRW-Ford-F-100,,4,PK-M,ACCEPT,,13,18,17,1,0,0,,
PK-M-MIDSIZE-SRW-Ford-F-100,,5,PK-M,ACCEPT,,17,18,17,1,0,0,,
PK-M-MIDSIZE-SRW-Ford-F-100,,6,PK-M,ACCEPT,,19,22,19,3,0,0,,
PK-M-MIDSIZE-SRW-Ford-F-100,,7,PK-M,REJECT,PHYSICAL_SKU conflict: 1 atoms cross SKU boundary,20,24,21,3,0,1,Ford|F-100||1967|Regular|8.0,Ford|F-100||1967|Regular|8.0
PK-M-MIDSIZE-SRW-Ford-F-100,,7,PK-M,ACCEPT,,24,32,24,8,0,0,,
PK-M-MIDSIZE-SRW-Ford-F-100,,2,PK-M,REJECT,PHYSICAL_SKU conflict: 1 atoms cross SKU boundary,6,12,7,5,0,1,Ford|F-100||1967|Regular|8.0,Ford|F-100||1967|Regular|8.0
PK-M-MIDSIZE-SRW-Ford-F-100,,8,PK-M,REJECT,PHYSICAL_SKU conflict: 7 atoms cross SKU boundary,31,69,38,31,0,7,Ford|F-100||1973|Regular|8.0; Ford|F-100||1974|Regular|8.0; Ford|F-100||1975|Regular|8.0; Ford|F-100||1976|Regular|8.0; Ford|F-100||1977|Regular|8.0,Ford|F-100||1973|Regular|8.0; Ford|F-100||1974|Regular|8.0; Ford|F-100||1975|Regular|8.0; Ford|F-100||1976|Regular|8.0; Ford|F-100||1977|Regular|8.0; Ford|F-100||1978|Regular|8.0; Ford|F-100||1979|Regular|8.0
PK-M-MIDSIZE-SRW-Ford-F-100,,2,PK-M,ACCEPT,,8,16,8,8,0,0,,
PK-M-MIDSIZE-SRW-Ford-F-100,,8,PK-M,ACCEPT,,28,60,32,28,0,0,,
PK-M-MIDSIZE-SRW-Ford-F-100,,3,PK-M,ACCEPT,,12,24,12,12,0,0,,
PK-M-MIDSIZE-SRW-Ford-F-100,,8,PK-M,ACCEPT,,28,40,28,12,0,0,,
PK-M-MIDSIZE-SRW-Ford-F-100,,4,PK-M,REJECT,PHYSICAL_SKU conflict: 8 atoms cross SKU boundary,16,36,24,12,0,8,Ford|F-100||1967|Regular|8.0; Ford|F-100||1973|Regular|8.0; Ford|F-100||1974|Regular|8.0; Ford|F-100||1975|Regular|8.0; Ford|F-100||1976|Regular|8.0,Ford|F-100||1967|Regular|8.0; Ford|F-100||1973|Regular|8.0; Ford|F-100||1974|Regular|8.0; Ford|F-100||1975|Regular|8.0; Ford|F-100||1976|Regular|8.0; Ford|F-100||1977|Regular|8.0; Ford|F-100||1978|Regular|8.0; Ford|F-100||1979|Regular|8.0
PK-L-FULLSIZE-SRW-GMC-Sierra-1500,,2,PK-L,REJECT,PHYSICAL_SKU conflict: 8 atoms cross SKU boundary,16,32,24,8,0,8,GMC|Sierra 1500||1999|Extended|8.0; GMC|Sierra 1500||2000|Extended|8.0; GMC|Sierra 1500||2001|Extended|8.0; GMC|Sierra 1500||2002|Extended|8.0; GMC|Sierra 1500||2003|Extended|8.0,GMC|Sierra 1500||1999|Extended|8.0; GMC|Sierra 1500||2000|Extended|8.0; GMC|Sierra 1500||2001|Extended|8.0; GMC|Sierra 1500||2002|Extended|8.0; GMC|Sierra 1500||2003|Extended|8.0; GMC|Sierra 1500||2004|Extended|8.0; GMC|Sierra 1500||2005|Extended|8.0; GMC|Sierra 1500||2006|Extended|8.0
PK-L-FULLSIZE-SRW-GMC-Sierra-1500,,2,PK-L,ACCEPT,,11,32,11,21,0,0,,
PK-L-FULLSIZE-SRW-GMC-Sierra-1500,,2,PK-L,ACCEPT,,11,32,11,21,0,0,,
PK-L-FULLSIZE-SRW-GMC-Sierra-1500,,3,PK-L,ACCEPT,,18,60,25,35,0,0,,
PK-L-FULLSIZE-SRW-GMC-Sierra-1500,,2,PK-L,ACCEPT,,15,60,25,35,0,0,,
PK-L-FULLSIZE-SRW-GMC-Sierra-1500,,4,PK-L,ACCEPT,,25,60,25,35,0,0,,
PK-L-FULLSIZE-SRW-GMC-Sierra-1500,,2,PK-L,REJECT,PHYSICAL_SKU conflict: 22 atoms cross SKU boundary,15,60,52,8,0,22,GMC|Sierra 1500||1999|Extended|8.0; GMC|Sierra 1500||2000|Extended|8.0; GMC|Sierra 1500||2001|Extended|8.0; GMC|Sierra 1500||2002|Extended|8.0; GMC|Sierra 1500||2003|Extended|8.0,GMC|Sierra 1500||1999|Extended|8.0; GMC|Sierra 1500||2000|Extended|8.0; GMC|Sierra 1500||2001|Extended|8.0; GMC|Sierra 1500||2002|Extended|8.0; GMC|Sierra 1500||2003|Extended|8.0; GMC|Sierra 1500||2004|Extended|8.0; GMC|Sierra 1500||2005|Extended|8.0; GMC|Sierra 1500||2006|Extended|8.0; GMC|Sierra 1500||2007|Extended|8.0; GMC|Sierra 1500||2007|Regular|6.6; GMC|Sierra 1500||2008|Extended|8.0; GMC|Sierra 1500||2008|Regular|6.6; GMC|Sierra 1500||2009|Extended|8.0; GMC|Sierra 1500||2009|Regular|6.6; GMC|Sierra 1500||2010|Extended|8.0; GMC|Sierra 1500||2010|Regular|6.6; GMC|Sierra 1500||2011|Extended|8.0; GMC|Sierra 1500||2011|Regular|6.6; GMC|Sierra 1500||2012|Extended|8.0; GMC|Sierra 1500||2012|Regular|6.6; GMC|Sierra 1500||2013|Extended|8.0; GMC|Sierra 1500||2013|Regular|6.6
PK-L-FULLSIZE-SRW-GMC-Sierra-1500,,5,PK-L,REJECT,PHYSICAL_SKU conflict: 22 atoms cross SKU boundary,32,135,62,73,0,22,GMC|Sierra 1500||1999|Extended|8.0; GMC|Sierra 1500||2000|Extended|8.0; GMC|Sierra 1500||2001|Extended|8.0; GMC|Sierra 1500||2002|Extended|8.0; GMC|Sierra 1500||2003|Extended|8.0,GMC|Sierra 1500||1999|Extended|8.0; GMC|Sierra 1500||2000|Extended|8.0; GMC|Sierra 1500||2001|Extended|8.0; GMC|Sierra 1500||2002|Extended|8.0; GMC|Sierra 1500||2003|Extended|8.0; GMC|Sierra 1500||2004|Extended|8.0; GMC|Sierra 1500||2005|Extended|8.0; GMC|Sierra 1500||2006|Extended|8.0; GMC|Sierra 1500||2007|Extended|8.0; GMC|Sierra 1500||2007|Regular|6.6; GMC|Sierra 1500||2008|Extended|8.0; GMC|Sierra 1500||2008|Regular|6.6; GMC|Sierra 1500||2009|Extended|8.0; GMC|Sierra 1500||2009|Regular|6.6; GMC|Sierra 1500||2010|Extended|8.0; GMC|Sierra 1500||2010|Regular|6.6; GMC|Sierra 1500||2011|Extended|8.0; GMC|Sierra 1500||2011|Regular|6.6; GMC|Sierra 1500||2012|Extended|8.0; GMC|Sierra 1500||2012|Regular|6.6; GMC|Sierra 1500||2013|Extended|8.0; GMC|Sierra 1500||2013|Regular|6.6
PK-L-FULLSIZE-SRW-GMC-Sierra-1500,,2,PK-L,ACCEPT,,15,15,15,0,0,0,,
PK-L-FULLSIZE-SRW-GMC-Sierra-1500,,5,PK-L,ACCEPT,,30,80,30,50,0,0,,
PK-L-FULLSIZE-SRW-GMC-Sierra-1500,,3,PK-L,ACCEPT,,20,80,35,45,0,0,,
PK-L-FULLSIZE-SRW-GMC-Sierra-1500,,6,PK-L,ACCEPT,,35,120,35,85,0,0,,
PK-L-FULLSIZE-SRW-GMC-Sierra-1500,,3,PK-L,REJECT,PHYSICAL_SKU conflict: 12 atoms cross SKU boundary,20,80,37,43,0,12,GMC|Sierra 1500||2007|Regular|6.6; GMC|Sierra 1500||2008|Regular|6.6; GMC|Sierra 1500||2009|Regular|6.6; GMC|Sierra 1500||2010|Regular|6.6; GMC|Sierra 1500||2011|Regular|6.6,GMC|Sierra 1500||2007|Regular|6.6; GMC|Sierra 1500||2008|Regular|6.6; GMC|Sierra 1500||2009|Regular|6.6; GMC|Sierra 1500||2010|Regular|6.6; GMC|Sierra 1500||2011|Regular|6.6; GMC|Sierra 1500||2012|Regular|6.6; GMC|Sierra 1500||2013|Regular|6.6; GMC|Sierra 1500||2014|Regular|6.6; GMC|Sierra 1500||2015|Regular|6.6; GMC|Sierra 1500||2016|Regular|6.6; GMC|Sierra 1500||2017|Regular|6.6; GMC|Sierra 1500||2018|Regular|6.6
PK-L-FULLSIZE-SRW-GMC-Sierra-1500,,7,PK-L,REJECT,PHYSICAL_SKU conflict: 27 atoms cross SKU boundary,40,240,82,158,0,27,GMC|Sierra 1500||1999|Extended|8.0; GMC|Sierra 1500||2000|Extended|8.0; GMC|Sierra 1500||2001|Extended|8.0; GMC|Sierra 1500||2002|Extended|8.0; GMC|Sierra 1500||2003|Extended|8.0,GMC|Sierra 1500||1999|Extended|8.0; GMC|Sierra 1500||2000|Extended|8.0; GMC|Sierra 1500||2001|Extended|8.0; GMC|Sierra 1500||2002|Extended|8.0; GMC|Sierra 1500||2003|Extended|8.0; GMC|Sierra 1500||2004|Extended|8.0; GMC|Sierra 1500||2005|Extended|8.0; GMC|Sierra 1500||2006|Extended|8.0; GMC|Sierra 1500||2007|Extended|8.0; GMC|Sierra 1500||2007|Regular|6.6; GMC|Sierra 1500||2008|Extended|8.0; GMC|Sierra 1500||2008|Regular|6.6; GMC|Sierra 1500||2009|Extended|8.0; GMC|Sierra 1500||2009|Regular|6.6; GMC|Sierra 1500||2010|Extended|8.0; GMC|Sierra 1500||2010|Regular|6.6; GMC|Sierra 1500||2011|Extended|8.0; GMC|Sierra 1500||2011|Regular|6.6; GMC|Sierra 1500||2012|Extended|8.0; GMC|Sierra 1500||2012|Regular|6.6; GMC|Sierra 1500||2013|Extended|8.0; GMC|Sierra 1500||2013|Regular|6.6; GMC|Sierra 1500||2014|Regular|6.6; GMC|Sierra 1500||2015|Regular|6.6; GMC|Sierra 1500||2016|Regular|6.6; GMC|Sierra 1500||2017|Regular|6.6; GMC|Sierra 1500||2018|Regular|6.6
PK-L-FULLSIZE-SRW-GMC-Sierra-1500,,3,PK-L,ACCEPT,,20,20,20,0,0,0,,
PK-L-FULLSIZE-SRW-GMC-Sierra-1500,,7,PK-L,REJECT,PHYSICAL_SKU conflict: 8 atoms cross SKU boundary,43,168,51,117,0,8,GMC|Sierra 1500||2019|Crew|5.8; GMC|Sierra 1500||2020|Crew|5.8; GMC|Sierra 1500||2021|Crew|5.8; GMC|Sierra 1500||2022|Crew|5.8; GMC|Sierra 1500||2023|Crew|5.8,GMC|Sierra 1500||2019|Crew|5.8; GMC|Sierra 1500||2020|Crew|5.8; GMC|Sierra 1500||2021|Crew|5.8; GMC|Sierra 1500||2022|Crew|5.8; GMC|Sierra 1500||2023|Crew|5.8; GMC|Sierra 1500||2024|Crew|5.8; GMC|Sierra 1500||2025|Crew|5.8; GMC|Sierra 1500||2026|Crew|5.8
PK-L-FULLSIZE-SRW-GMC-Sierra-1500,,4,PK-L,REJECT,PHYSICAL_SKU conflict: 20 atoms cross SKU boundary,28,112,61,51,0,20,GMC|Sierra 1500||2007|Regular|6.6; GMC|Sierra 1500||2008|Regular|6.6; GMC|Sierra 1500||2009|Regular|6.6; GMC|Sierra 1500||2010|Regular|6.6; GMC|Sierra 1500||2011|Regular|6.6,GMC|Sierra 1500||2007|Regular|6.6; GMC|Sierra 1500||2008|Regular|6.6; GMC|Sierra 1500||2009|Regular|6.6; GMC|Sierra 1500||2010|Regular|6.6; GMC|Sierra 1500||2011|Regular|6.6; GMC|Sierra 1500||2012|Regular|6.6; GMC|Sierra 1500||2013|Regular|6.6; GMC|Sierra 1500||2014|Regular|6.6; GMC|Sierra 1500||2015|Regular|6.6; GMC|Sierra 1500||2016|Regular|6.6; GMC|Sierra 1500||2017|Regular|6.6; GMC|Sierra 1500||2018|Regular|6.6; GMC|Sierra 1500||2019|Regular|6.6; GMC|Sierra 1500||2020|Regular|6.6; GMC|Sierra 1500||2021|Regular|6.6; GMC|Sierra 1500||2022|Regular|6.6; GMC|Sierra 1500||2023|Regular|6.6; GMC|Sierra 1500||2024|Regular|6.6; GMC|Sierra 1500||2025|Regular|6.6; GMC|Sierra 1500||2026|Regular|6.6
PK-L-FULLSIZE-SRW-GMC-Sierra-1500,,7,PK-L,REJECT,PHYSICAL_SKU conflict: 43 atoms cross SKU boundary,43,336,114,222,0,43,GMC|Sierra 1500||1999|Extended|8.0; GMC|Sierra 1500||2000|Extended|8.0; GMC|Sierra 1500||2001|Extended|8.0; GMC|Sierra 1500||2002|Extended|8.0; GMC|Sierra 1500||2003|Extended|8.0,GMC|Sierra 1500||1999|Extended|8.0; GMC|Sierra 1500||2000|Extended|8.0; GMC|Sierra 1500||2001|Extended|8.0; GMC|Sierra 1500||2002|Extended|8.0; GMC|Sierra 1500||2003|Extended|8.0; GMC|Sierra 1500||2004|Extended|8.0; GMC|Sierra 1500||2005|Extended|8.0; GMC|Sierra 1500||2006|Extended|8.0; GMC|Sierra 1500||2007|Extended|8.0; GMC|Sierra 1500||2007|Regular|6.6; GMC|Sierra 1500||2008|Extended|8.0; GMC|Sierra 1500||2008|Regular|6.6; GMC|Sierra 1500||2009|Extended|8.0; GMC|Sierra 1500||2009|Regular|6.6; GMC|Sierra 1500||2010|Extended|8.0; GMC|Sierra 1500||2010|Regular|6.6; GMC|Sierra 1500||2011|Extended|8.0; GMC|Sierra 1500||2011|Regular|6.6; GMC|Sierra 1500||2012|Extended|8.0; GMC|Sierra 1500||2012|Regular|6.6; GMC|Sierra 1500||2013|Extended|8.0; GMC|Sierra 1500||2013|Regular|6.6; GMC|Sierra 1500||2014|Regular|6.6; GMC|Sierra 1500||2015|Regular|6.6; GMC|Sierra 1500||2016|Regular|6.6; GMC|Sierra 1500||2017|Regular|6.6; GMC|Sierra 1500||2018|Regular|6.6; GMC|Sierra 1500||2019|Crew|5.8; GMC|Sierra 1500||2019|Regular|6.6; GMC|Sierra 1500||2020|Crew|5.8; GMC|Sierra 1500||2020|Regular|6.6; GMC|Sierra 1500||2021|Crew|5.8; GMC|Sierra 1500||2021|Regular|6.6; GMC|Sierra 1500||2022|Crew|5.8; GMC|Sierra 1500||2022|Regular|6.6; GMC|Sierra 1500||2023|Crew|5.8; GMC|Sierra 1500||2023|Regular|6.6; GMC|Sierra 1500||2024|Crew|5.8; GMC|Sierra 1500||2024|Regular|6.6; GMC|Sierra 1500||2025|Crew|5.8; GMC|Sierra 1500||2025|Regular|6.6; GMC|Sierra 1500||2026|Crew|5.8; GMC|Sierra 1500||2026|Regular|6.6
PK-L-FULLSIZE-SRW-GMC-Sierra-1500,,4,PK-L,ACCEPT,,28,28,28,0,0,0,,
PK-L-FULLSIZE-SRW-GMC-Sierra-1500,,2,PK-L,REJECT,PHYSICAL_SKU conflict: 8 atoms cross SKU boundary,16,32,24,8,0,8,GMC|Sierra 1500||2019|Regular|6.6; GMC|Sierra 1500||2020|Regular|6.6; GMC|Sierra 1500||2021|Regular|6.6; GMC|Sierra 1500||2022|Regular|6.6; GMC|Sierra 1500||2023|Regular|6.6,GMC|Sierra 1500||2019|Regular|6.6; GMC|Sierra 1500||2020|Regular|6.6; GMC|Sierra 1500||2021|Regular|6.6; GMC|Sierra 1500||2022|Regular|6.6; GMC|Sierra 1500||2023|Regular|6.6; GMC|Sierra 1500||2024|Regular|6.6; GMC|Sierra 1500||2025|Regular|6.6; GMC|Sierra 1500||2026|Regular|6.6
PK-XXXL-HD-SRW-GMC-Sierra-2500HD-3500HD,,2,PK-XXXL,ACCEPT,,14,14,14,0,0,0,,
PK-XXXL-HD-SRW-GMC-Sierra-2500HD-3500HD,,3,PK-XXXL,ACCEPT,,19,19,19,0,0,0,,
PK-XXXL-HD-SRW-GMC-Sierra-2500HD-3500HD,,4,PK-XXXL,ACCEPT,,24,38,24,14,0,0,,
PK-XXXL-HD-SRW-GMC-Sierra-2500HD-3500HD,,5,PK-XXXL,ACCEPT,,31,52,38,14,0,0,,
PK-XXXL-HD-SRW-GMC-Sierra-2500HD-3500HD,,6,PK-XXXL,ACCEPT,,38,52,38,14,0,0,,
PK-M-MIDSIZE-SRW-Nissan-Frontier,,2,PK-M,ACCEPT,,2,2,2,0,0,0,,
PK-M-MIDSIZE-SRW-Nissan-Frontier,,3,PK-M,ACCEPT,,3,12,4,8,0,0,,
PK-M-MIDSIZE-SRW-Nissan-Frontier,,4,PK-M,ACCEPT,,4,12,4,8,0,0,,
PK-M-MIDSIZE-SRW-Nissan-Frontier,,5,PK-M,ACCEPT,,5,16,5,11,0,0,,
PK-M-MIDSIZE-SRW-Nissan-Frontier,,6,PK-M,ACCEPT,,6,32,6,26,0,0,,
PK-M-MIDSIZE-SRW-Nissan-Frontier,,7,PK-M,ACCEPT,,7,48,7,41,0,0,,
PK-M-MIDSIZE-SRW-Nissan-Frontier,,8,PK-M,REJECT,PHYSICAL_SKU conflict: 1 atoms cross SKU boundary,8,60,10,50,0,1,Nissan|Frontier|SC-V6|2002|Crew|6.0,Nissan|Frontier|SC-V6|2002|Crew|6.0
PK-M-MIDSIZE-SRW-Nissan-Frontier,,8,PK-M,REJECT,PHYSICAL_SKU conflict: 1 atoms cross SKU boundary,8,60,10,50,0,1,Nissan|Frontier|SC-V6|2002|Crew|6.0,Nissan|Frontier|SC-V6|2002|Crew|6.0
PK-M-MIDSIZE-SRW-Nissan-Frontier,,2,PK-M,REJECT,PHYSICAL_SKU conflict: 1 atoms cross SKU boundary,2,8,3,5,0,1,Nissan|Frontier|SC-V6|2002|Crew|6.0,Nissan|Frontier|SC-V6|2002|Crew|6.0
PK-M-MIDSIZE-SRW-Nissan-Frontier,,8,PK-M,REJECT,PHYSICAL_SKU conflict: 1 atoms cross SKU boundary,8,60,10,50,0,1,Nissan|Frontier||2003|Crew|6.0,Nissan|Frontier||2003|Crew|6.0
PK-M-MIDSIZE-SRW-Nissan-Frontier,,2,PK-M,ACCEPT,,2,2,2,0,0,0,,
PK-M-MIDSIZE-SRW-Nissan-Frontier,,2,PK-M,REJECT,PHYSICAL_SKU conflict: 2 atoms cross SKU boundary,2,16,6,10,0,2,Nissan|Frontier|SC-V6|2002|Crew|6.0; Nissan|Frontier||2003|Crew|6.0,Nissan|Frontier|SC-V6|2002|Crew|6.0; Nissan|Frontier||2003|Crew|6.0
PK-M-MIDSIZE-SRW-Nissan-Frontier,,8,PK-M,REJECT,PHYSICAL_SKU conflict: 1 atoms cross SKU boundary,8,60,10,50,0,1,Nissan|Frontier||2003|Crew|6.0,Nissan|Frontier||2003|Crew|6.0
PK-M-MIDSIZE-SRW-Nissan-Frontier,,3,PK-M,REJECT,PHYSICAL_SKU conflict: 2 atoms cross SKU boundary,3,16,6,10,0,2,Nissan|Frontier|SC-V6|2002|Crew|6.0; Nissan|Frontier||2003|Crew|6.0,Nissan|Frontier|SC-V6|2002|Crew|6.0; Nissan|Frontier||2003|Crew|6.0
PK-M-MIDSIZE-SRW-Nissan-Frontier,,2,PK-M,ACCEPT,,2,2,2,0,0,0,,
PK-M-MIDSIZE-SRW-Nissan-Frontier,,8,PK-M,REJECT,PHYSICAL_SKU conflict: 1 atoms cross SKU boundary,8,60,10,50,0,1,Nissan|Frontier||2004|Crew|6.0,Nissan|Frontier||2004|Crew|6.0
PK-M-MIDSIZE-SRW-Nissan-Frontier,,3,PK-M,ACCEPT,,3,6,3,3,0,0,,
PK-M-MIDSIZE-SRW-Nissan-Frontier,,3,PK-M,REJECT,PHYSICAL_SKU conflict: 2 atoms cross SKU boundary,3,12,6,6,0,2,Nissan|Frontier||2003|Crew|6.0; Nissan|Frontier||2004|Crew|6.0,Nissan|Frontier||2003|Crew|6.0; Nissan|Frontier||2004|Crew|6.0
PK-M-MIDSIZE-SRW-Nissan-Frontier,,8,PK-M,REJECT,PHYSICAL_SKU conflict: 1 atoms cross SKU boundary,8,60,10,50,0,1,Nissan|Frontier||2004|Crew|6.0,Nissan|Frontier||2004|Crew|6.0
PK-M-MIDSIZE-SRW-Nissan-Frontier,,4,PK-M,REJECT,PHYSICAL_SKU conflict: 3 atoms cross SKU boundary,4,24,9,15,0,3,Nissan|Frontier|SC-V6|2002|Crew|6.0; Nissan|Frontier||2003|Crew|6.0; Nissan|Frontier||2004|Crew|6.0,Nissan|Frontier|SC-V6|2002|Crew|6.0; Nissan|Frontier||2003|Crew|6.0; Nissan|Frontier||2004|Crew|6.0
PK-M-MIDSIZE-SRW-Nissan-Frontier,,3,PK-M,ACCEPT,,3,3,3,0,0,0,,
PK-M-MIDSIZE-SRW-Nissan-Frontier,,8,PK-M,REJECT,PHYSICAL_SKU conflict: 17 atoms cross SKU boundary,24,378,58,320,0,17,Nissan|Frontier||2005|Crew|6.0; Nissan|Frontier||2006|Crew|6.0; Nissan|Frontier||2007|Crew|6.0; Nissan|Frontier||2008|Crew|6.0; Nissan|Frontier||2009|Crew|6.0,Nissan|Frontier||2005|Crew|6.0; Nissan|Frontier||2006|Crew|6.0; Nissan|Frontier||2007|Crew|6.0; Nissan|Frontier||2008|Crew|6.0; Nissan|Frontier||2009|Crew|6.0; Nissan|Frontier||2010|Crew|6.0; Nissan|Frontier||2011|Crew|6.0; Nissan|Frontier||2012|Crew|6.0; Nissan|Frontier||2013|Crew|6.0; Nissan|Frontier||2014|Crew|6.0; Nissan|Frontier||2015|Crew|6.0; Nissan|Frontier||2016|Crew|6.0; Nissan|Frontier||2017|Crew|6.0; Nissan|Frontier||2018|Crew|6.0; Nissan|Frontier||2019|Crew|6.0; Nissan|Frontier||2020|Crew|6.0; Nissan|Frontier||2021|Crew|6.0
PK-M-MIDSIZE-SRW-Nissan-Frontier,,4,PK-M,ACCEPT,,20,80,20,60,0,0,,
PK-M-MIDSIZE-SRW-Nissan-Frontier,,4,PK-M,REJECT,PHYSICAL_SKU conflict: 19 atoms cross SKU boundary,20,80,56,24,0,19,Nissan|Frontier||2003|Crew|6.0; Nissan|Frontier||2004|Crew|6.0; Nissan|Frontier||2005|Crew|6.0; Nissan|Frontier||2006|Crew|6.0; Nissan|Frontier||2007|Crew|6.0,Nissan|Frontier||2003|Crew|6.0; Nissan|Frontier||2004|Crew|6.0; Nissan|Frontier||2005|Crew|6.0; Nissan|Frontier||2006|Crew|6.0; Nissan|Frontier||2007|Crew|6.0; Nissan|Frontier||2008|Crew|6.0; Nissan|Frontier||2009|Crew|6.0; Nissan|Frontier||2010|Crew|6.0; Nissan|Frontier||2011|Crew|6.0; Nissan|Frontier||2012|Crew|6.0; Nissan|Frontier||2013|Crew|6.0; Nissan|Frontier||2014|Crew|6.0; Nissan|Frontier||2015|Crew|6.0; Nissan|Frontier||2016|Crew|6.0; Nissan|Frontier||2017|Crew|6.0; Nissan|Frontier||2018|Crew|6.0; Nissan|Frontier||2019|Crew|6.0; Nissan|Frontier||2020|Crew|6.0; Nissan|Frontier||2021|Crew|6.0
PK-M-MIDSIZE-SRW-Nissan-Frontier,,8,PK-M,REJECT,PHYSICAL_SKU conflict: 3 atoms cross SKU boundary,10,84,13,71,0,3,Nissan|Frontier||2005|Crew|6.0; Nissan|Frontier||2006|Crew|6.0; Nissan|Frontier||2007|Crew|6.0,Nissan|Frontier||2005|Crew|6.0; Nissan|Frontier||2006|Crew|6.0; Nissan|Frontier||2007|Crew|6.0
PK-M-MIDSIZE-SRW-Nissan-Frontier,,5,PK-M,REJECT,PHYSICAL_SKU conflict: 20 atoms cross SKU boundary,23,240,60,180,0,20,Nissan|Frontier|SC-V6|2002|Crew|6.0; Nissan|Frontier||2003|Crew|6.0; Nissan|Frontier||2004|Crew|6.0; Nissan|Frontier||2005|Crew|6.0; Nissan|Frontier||2006|Crew|6.0,Nissan|Frontier|SC-V6|2002|Crew|6.0; Nissan|Frontier||2003|Crew|6.0; Nissan|Frontier||2004|Crew|6.0; Nissan|Frontier||2005|Crew|6.0; Nissan|Frontier||2006|Crew|6.0; Nissan|Frontier||2007|Crew|6.0; Nissan|Frontier||2008|Crew|6.0; Nissan|Frontier||2009|Crew|6.0; Nissan|Frontier||2010|Crew|6.0; Nissan|Frontier||2011|Crew|6.0; Nissan|Frontier||2012|Crew|6.0; Nissan|Frontier||2013|Crew|6.0; Nissan|Frontier||2014|Crew|6.0; Nissan|Frontier||2015|Crew|6.0; Nissan|Frontier||2016|Crew|6.0; Nissan|Frontier||2017|Crew|6.0; Nissan|Frontier||2018|Crew|6.0; Nissan|Frontier||2019|Crew|6.0; Nissan|Frontier||2020|Crew|6.0; Nissan|Frontier||2021|Crew|6.0
PK-M-MIDSIZE-SRW-Nissan-Frontier,,4,PK-M,ACCEPT,,6,6,6,0,0,0,,
PK-M-MIDSIZE-SRW-Nissan-Frontier,,8,PK-M,REJECT,PHYSICAL_SKU conflict: 2 atoms cross SKU boundary,9,72,11,61,0,2,Nissan|Frontier||2008|Crew|6.0; Nissan|Frontier||2009|Crew|6.0,Nissan|Frontier||2008|Crew|6.0; Nissan|Frontier||2009|Crew|6.0
PK-M-MIDSIZE-SRW-Nissan-Frontier,,5,PK-M,REJECT,PHYSICAL_SKU conflict: 20 atoms cross SKU boundary,22,240,60,180,0,20,Nissan|Frontier|SC-V6|2002|Crew|6.0; Nissan|Frontier||2003|Crew|6.0; Nissan|Frontier||2004|Crew|6.0; Nissan|Frontier||2005|Crew|6.0; Nissan|Frontier||2006|Crew|6.0,Nissan|Frontier|SC-V6|2002|Crew|6.0; Nissan|Frontier||2003|Crew|6.0; Nissan|Frontier||2004|Crew|6.0; Nissan|Frontier||2005|Crew|6.0; Nissan|Frontier||2006|Crew|6.0; Nissan|Frontier||2007|Crew|6.0; Nissan|Frontier||2008|Crew|6.0; Nissan|Frontier||2009|Crew|6.0; Nissan|Frontier||2010|Crew|6.0; Nissan|Frontier||2011|Crew|6.0; Nissan|Frontier||2012|Crew|6.0; Nissan|Frontier||2013|Crew|6.0; Nissan|Frontier||2014|Crew|6.0; Nissan|Frontier||2015|Crew|6.0; Nissan|Frontier||2016|Crew|6.0; Nissan|Frontier||2017|Crew|6.0; Nissan|Frontier||2018|Crew|6.0; Nissan|Frontier||2019|Crew|6.0; Nissan|Frontier||2020|Crew|6.0; Nissan|Frontier||2021|Crew|6.0
PK-M-MIDSIZE-SRW-Nissan-Frontier,,5,PK-M,ACCEPT,,8,8,8,0,0,0,,
PK-M-MIDSIZE-SRW-Nissan-Frontier,,8,PK-M,REJECT,PHYSICAL_SKU conflict: 4 atoms cross SKU boundary,11,96,15,81,0,4,Nissan|Frontier||2010|Crew|6.0; Nissan|Frontier||2011|Crew|6.0; Nissan|Frontier||2012|Crew|6.0; Nissan|Frontier||2013|Crew|6.0,Nissan|Frontier||2010|Crew|6.0; Nissan|Frontier||2011|Crew|6.0; Nissan|Frontier||2012|Crew|6.0; Nissan|Frontier||2013|Crew|6.0
PK-M-MIDSIZE-SRW-Nissan-Frontier,,5,PK-M,REJECT,PHYSICAL_SKU conflict: 20 atoms cross SKU boundary,24,240,60,180,0,20,Nissan|Frontier|SC-V6|2002|Crew|6.0; Nissan|Frontier||2003|Crew|6.0; Nissan|Frontier||2004|Crew|6.0; Nissan|Frontier||2005|Crew|6.0; Nissan|Frontier||2006|Crew|6.0,Nissan|Frontier|SC-V6|2002|Crew|6.0; Nissan|Frontier||2003|Crew|6.0; Nissan|Frontier||2004|Crew|6.0; Nissan|Frontier||2005|Crew|6.0; Nissan|Frontier||2006|Crew|6.0; Nissan|Frontier||2007|Crew|6.0; Nissan|Frontier||2008|Crew|6.0; Nissan|Frontier||2009|Crew|6.0; Nissan|Frontier||2010|Crew|6.0; Nissan|Frontier||2011|Crew|6.0; Nissan|Frontier||2012|Crew|6.0; Nissan|Frontier||2013|Crew|6.0; Nissan|Frontier||2014|Crew|6.0; Nissan|Frontier||2015|Crew|6.0; Nissan|Frontier||2016|Crew|6.0; Nissan|Frontier||2017|Crew|6.0; Nissan|Frontier||2018|Crew|6.0; Nissan|Frontier||2019|Crew|6.0; Nissan|Frontier||2020|Crew|6.0; Nissan|Frontier||2021|Crew|6.0
PK-M-MIDSIZE-SRW-Nissan-Frontier,,6,PK-M,ACCEPT,,12,12,12,0,0,0,,
PK-M-MIDSIZE-SRW-Nissan-Frontier,,8,PK-M,REJECT,PHYSICAL_SKU conflict: 2 atoms cross SKU boundary,9,72,11,61,0,2,Nissan|Frontier||2014|Crew|6.0; Nissan|Frontier||2015|Crew|6.0,Nissan|Frontier||2014|Crew|6.0; Nissan|Frontier||2015|Crew|6.0
PK-M-MIDSIZE-SRW-Nissan-Frontier,,5,PK-M,REJECT,PHYSICAL_SKU conflict: 20 atoms cross SKU boundary,22,240,60,180,0,20,Nissan|Frontier|SC-V6|2002|Crew|6.0; Nissan|Frontier||2003|Crew|6.0; Nissan|Frontier||2004|Crew|6.0; Nissan|Frontier||2005|Crew|6.0; Nissan|Frontier||2006|Crew|6.0,Nissan|Frontier|SC-V6|2002|Crew|6.0; Nissan|Frontier||2003|Crew|6.0; Nissan|Frontier||2004|Crew|6.0; Nissan|Frontier||2005|Crew|6.0; Nissan|Frontier||2006|Crew|6.0; Nissan|Frontier||2007|Crew|6.0; Nissan|Frontier||2008|Crew|6.0; Nissan|Frontier||2009|Crew|6.0; Nissan|Frontier||2010|Crew|6.0; Nissan|Frontier||2011|Crew|6.0; Nissan|Frontier||2012|Crew|6.0; Nissan|Frontier||2013|Crew|6.0; Nissan|Frontier||2014|Crew|6.0; Nissan|Frontier||2015|Crew|6.0; Nissan|Frontier||2016|Crew|6.0; Nissan|Frontier||2017|Crew|6.0; Nissan|Frontier||2018|Crew|6.0; Nissan|Frontier||2019|Crew|6.0; Nissan|Frontier||2020|Crew|6.0; Nissan|Frontier||2021|Crew|6.0
PK-M-MIDSIZE-SRW-Nissan-Frontier,,7,PK-M,ACCEPT,,14,14,14,0,0,0,,
PK-M-MIDSIZE-SRW-Nissan-Frontier,,8,PK-M,REJECT,PHYSICAL_SKU conflict: 1 atoms cross SKU boundary,8,60,9,51,0,1,Nissan|Frontier||2016|Crew|6.0,Nissan|Frontier||2016|Crew|6.0
PK-M-MIDSIZE-SRW-Nissan-Frontier,,5,PK-M,REJECT,PHYSICAL_SKU conflict: 20 atoms cross SKU boundary,21,240,60,180,0,20,Nissan|Frontier|SC-V6|2002|Crew|6.0; Nissan|Frontier||2003|Crew|6.0; Nissan|Frontier||2004|Crew|6.0; Nissan|Frontier||2005|Crew|6.0; Nissan|Frontier||2006|Crew|6.0,Nissan|Frontier|SC-V6|2002|Crew|6.0; Nissan|Frontier||2003|Crew|6.0; Nissan|Frontier||2004|Crew|6.0; Nissan|Frontier||2005|Crew|6.0; Nissan|Frontier||2006|Crew|6.0; Nissan|Frontier||2007|Crew|6.0; Nissan|Frontier||2008|Crew|6.0; Nissan|Frontier||2009|Crew|6.0; Nissan|Frontier||2010|Crew|6.0; Nissan|Frontier||2011|Crew|6.0; Nissan|Frontier||2012|Crew|6.0; Nissan|Frontier||2013|Crew|6.0; Nissan|Frontier||2014|Crew|6.0; Nissan|Frontier||2015|Crew|6.0; Nissan|Frontier||2016|Crew|6.0; Nissan|Frontier||2017|Crew|6.0; Nissan|Frontier||2018|Crew|6.0; Nissan|Frontier||2019|Crew|6.0; Nissan|Frontier||2020|Crew|6.0; Nissan|Frontier||2021|Crew|6.0
PK-M-MIDSIZE-SRW-Nissan-Frontier,,8,PK-M,ACCEPT,,15,15,15,0,0,0,,
PK-M-MIDSIZE-SRW-Nissan-Frontier,,8,PK-M,REJECT,PHYSICAL_SKU conflict: 1 atoms cross SKU boundary,8,60,9,51,0,1,Nissan|Frontier||2017|Crew|6.0,Nissan|Frontier||2017|Crew|6.0
PK-M-MIDSIZE-SRW-Nissan-Frontier,,5,PK-M,REJECT,PHYSICAL_SKU conflict: 20 atoms cross SKU boundary,21,240,60,180,0,20,Nissan|Frontier|SC-V6|2002|Crew|6.0; Nissan|Frontier||2003|Crew|6.0; Nissan|Frontier||2004|Crew|6.0; Nissan|Frontier||2005|Crew|6.0; Nissan|Frontier||2006|Crew|6.0,Nissan|Frontier|SC-V6|2002|Crew|6.0; Nissan|Frontier||2003|Crew|6.0; Nissan|Frontier||2004|Crew|6.0; Nissan|Frontier||2005|Crew|6.0; Nissan|Frontier||2006|Crew|6.0; Nissan|Frontier||2007|Crew|6.0; Nissan|Frontier||2008|Crew|6.0; Nissan|Frontier||2009|Crew|6.0; Nissan|Frontier||2010|Crew|6.0; Nissan|Frontier||2011|Crew|6.0; Nissan|Frontier||2012|Crew|6.0; Nissan|Frontier||2013|Crew|6.0; Nissan|Frontier||2014|Crew|6.0; Nissan|Frontier||2015|Crew|6.0; Nissan|Frontier||2016|Crew|6.0; Nissan|Frontier||2017|Crew|6.0; Nissan|Frontier||2018|Crew|6.0; Nissan|Frontier||2019|Crew|6.0; Nissan|Frontier||2020|Crew|6.0; Nissan|Frontier||2021|Crew|6.0
PK-M-MIDSIZE-SRW-Nissan-Frontier,,9,PK-M,ACCEPT,,16,16,16,0,0,0,,
PK-M-MIDSIZE-SRW-Nissan-Frontier,,8,PK-M,REJECT,PHYSICAL_SKU conflict: 4 atoms cross SKU boundary,11,96,15,81,0,4,Nissan|Frontier||2018|Crew|6.0; Nissan|Frontier||2019|Crew|6.0; Nissan|Frontier||2020|Crew|6.0; Nissan|Frontier||2021|Crew|6.0,Nissan|Frontier||2018|Crew|6.0; Nissan|Frontier||2019|Crew|6.0; Nissan|Frontier||2020|Crew|6.0; Nissan|Frontier||2021|Crew|6.0
PK-M-MIDSIZE-SRW-Nissan-Frontier,,5,PK-M,REJECT,PHYSICAL_SKU conflict: 20 atoms cross SKU boundary,24,240,60,180,0,20,Nissan|Frontier|SC-V6|2002|Crew|6.0; Nissan|Frontier||2003|Crew|6.0; Nissan|Frontier||2004|Crew|6.0; Nissan|Frontier||2005|Crew|6.0; Nissan|Frontier||2006|Crew|6.0,Nissan|Frontier|SC-V6|2002|Crew|6.0; Nissan|Frontier||2003|Crew|6.0; Nissan|Frontier||2004|Crew|6.0; Nissan|Frontier||2005|Crew|6.0; Nissan|Frontier||2006|Crew|6.0; Nissan|Frontier||2007|Crew|6.0; Nissan|Frontier||2008|Crew|6.0; Nissan|Frontier||2009|Crew|6.0; Nissan|Frontier||2010|Crew|6.0; Nissan|Frontier||2011|Crew|6.0; Nissan|Frontier||2012|Crew|6.0; Nissan|Frontier||2013|Crew|6.0; Nissan|Frontier||2014|Crew|6.0; Nissan|Frontier||2015|Crew|6.0; Nissan|Frontier||2016|Crew|6.0; Nissan|Frontier||2017|Crew|6.0; Nissan|Frontier||2018|Crew|6.0; Nissan|Frontier||2019|Crew|6.0; Nissan|Frontier||2020|Crew|6.0; Nissan|Frontier||2021|Crew|6.0
PK-M-MIDSIZE-SRW-Nissan-Frontier,,10,PK-M,ACCEPT,,20,20,20,0,0,0,,
PK-XL-HD-SRW-Ford-F-250-F-350-Super-Duty,,2,PK-XL,REJECT,PHYSICAL_SKU conflict: 8 atoms cross SKU boundary,8,16,16,0,0,8,Ford|F-250/F-350 Super Duty||1999|SuperCab|6.8; Ford|F-250/F-350 Super Duty||2000|SuperCab|6.8; Ford|F-250/F-350 Super Duty||2011|SuperCab|8.0; Ford|F-250/F-350 Super Duty||2012|SuperCab|8.0; Ford|F-250/F-350 Super Duty||2013|SuperCab|8.0,Ford|F-250/F-350 Super Duty||1999|SuperCab|6.8; Ford|F-250/F-350 Super Duty||2000|SuperCab|6.8; Ford|F-250/F-350 Super Duty||2011|SuperCab|8.0; Ford|F-250/F-350 Super Duty||2012|SuperCab|8.0; Ford|F-250/F-350 Super Duty||2013|SuperCab|8.0; Ford|F-250/F-350 Super Duty||2014|SuperCab|8.0; Ford|F-250/F-350 Super Duty||2015|SuperCab|8.0; Ford|F-250/F-350 Super Duty||2016|SuperCab|8.0
PK-XL-HD-SRW-Ford-F-250-F-350-Super-Duty,,2,PK-XL,REJECT,PHYSICAL_SKU conflict: 8 atoms cross SKU boundary,8,16,16,0,0,8,Ford|F-250/F-350 Super Duty||1999|SuperCab|6.8; Ford|F-250/F-350 Super Duty||2000|SuperCab|6.8; Ford|F-250/F-350 Super Duty||2017|SuperCab|8.0; Ford|F-250/F-350 Super Duty||2018|SuperCab|8.0; Ford|F-250/F-350 Super Duty||2019|SuperCab|8.0,Ford|F-250/F-350 Super Duty||1999|SuperCab|6.8; Ford|F-250/F-350 Super Duty||2000|SuperCab|6.8; Ford|F-250/F-350 Super Duty||2017|SuperCab|8.0; Ford|F-250/F-350 Super Duty||2018|SuperCab|8.0; Ford|F-250/F-350 Super Duty||2019|SuperCab|8.0; Ford|F-250/F-350 Super Duty||2020|SuperCab|8.0; Ford|F-250/F-350 Super Duty||2021|SuperCab|8.0; Ford|F-250/F-350 Super Duty||2022|SuperCab|8.0
PK-XL-HD-SRW-Ford-F-250-F-350-Super-Duty,,2,PK-XL,ACCEPT,,12,12,12,0,0,0,,
PK-XL-HD-SRW-Ford-F-250-F-350-Super-Duty,,2,PK-XL,REJECT,PHYSICAL_SKU conflict: 6 atoms cross SKU boundary,6,12,12,0,0,6,Ford|F-250/F-350 Super Duty||1999|SuperCab|6.8; Ford|F-250/F-350 Super Duty||2000|SuperCab|6.8; Ford|F-250/F-350 Super Duty||2023|SuperCab|8.0; Ford|F-250/F-350 Super Duty||2024|SuperCab|8.0; Ford|F-250/F-350 Super Duty||2025|SuperCab|8.0,Ford|F-250/F-350 Super Duty||1999|SuperCab|6.8; Ford|F-250/F-350 Super Duty||2000|SuperCab|6.8; Ford|F-250/F-350 Super Duty||2023|SuperCab|8.0; Ford|F-250/F-350 Super Duty||2024|SuperCab|8.0; Ford|F-250/F-350 Super Duty||2025|SuperCab|8.0; Ford|F-250/F-350 Super Duty||2026|SuperCab|8.0
PK-XL-HD-SRW-Ford-F-250-F-350-Super-Duty,,3,PK-XL,ACCEPT,,16,16,16,0,0,0,,
PK-L-HD-SRW-Ram-2500-3500,,2,PK-L,ACCEPT,,16,16,16,0,0,0,,
PK-L-HD-SRW-Ram-2500-3500,,3,PK-L,ACCEPT,,25,25,25,0,0,0,,
PK-L-HD-SRW-Ram-2500-3500,,4,PK-L,ACCEPT,,33,33,33,0,0,0,,
PK-M+-MIDSIZE-SRW-Toyota-Tacoma,,2,PK-M+,REJECT,PHYSICAL_SKU conflict: 17 atoms cross SKU boundary,19,38,36,2,0,17,Toyota|Tacoma||2005|Access|6.0; Toyota|Tacoma||2006|Access|6.0; Toyota|Tacoma||2007|Access|6.0; Toyota|Tacoma||2008|Access|6.0; Toyota|Tacoma||2009|Access|6.0,Toyota|Tacoma||2005|Access|6.0; Toyota|Tacoma||2006|Access|6.0; Toyota|Tacoma||2007|Access|6.0; Toyota|Tacoma||2008|Access|6.0; Toyota|Tacoma||2009|Access|6.0; Toyota|Tacoma||2010|Access|6.0; Toyota|Tacoma||2011|Access|6.0; Toyota|Tacoma||2012|Access|6.0; Toyota|Tacoma||2013|Access|6.0; Toyota|Tacoma||2016|Double|6.0; Toyota|Tacoma||2017|Double|6.0; Toyota|Tacoma||2018|Double|6.0; Toyota|Tacoma||2019|Double|6.0; Toyota|Tacoma||2020|Double|6.0; Toyota|Tacoma||2021|Double|6.0; Toyota|Tacoma||2022|Double|6.0; Toyota|Tacoma||2023|Double|6.0
PK-M+-MIDSIZE-SRW-Toyota-Tacoma,,2,PK-M+,REJECT,PHYSICAL_SKU conflict: 12 atoms cross SKU boundary,19,38,31,7,0,12,Toyota|Tacoma||2005|Double|5.0; Toyota|Tacoma||2006|Double|5.0; Toyota|Tacoma||2014|Double|5.0; Toyota|Tacoma||2015|Double|5.0; Toyota|Tacoma||2016|Double|6.0,Toyota|Tacoma||2005|Double|5.0; Toyota|Tacoma||2006|Double|5.0; Toyota|Tacoma||2014|Double|5.0; Toyota|Tacoma||2015|Double|5.0; Toyota|Tacoma||2016|Double|6.0; Toyota|Tacoma||2017|Double|6.0; Toyota|Tacoma||2018|Double|6.0; Toyota|Tacoma||2019|Double|6.0; Toyota|Tacoma||2020|Double|6.0; Toyota|Tacoma||2021|Double|6.0; Toyota|Tacoma||2022|Double|6.0; Toyota|Tacoma||2023|Double|6.0
PK-M+-MIDSIZE-SRW-Toyota-Tacoma,,2,PK-M+,REJECT,PHYSICAL_SKU conflict: 8 atoms cross SKU boundary,16,32,24,8,0,8,Toyota|Tacoma||2016|Double|6.0; Toyota|Tacoma||2017|Double|6.0; Toyota|Tacoma||2018|Double|6.0; Toyota|Tacoma||2019|Double|6.0; Toyota|Tacoma||2020|Double|6.0,Toyota|Tacoma||2016|Double|6.0; Toyota|Tacoma||2017|Double|6.0; Toyota|Tacoma||2018|Double|6.0; Toyota|Tacoma||2019|Double|6.0; Toyota|Tacoma||2020|Double|6.0; Toyota|Tacoma||2021|Double|6.0; Toyota|Tacoma||2022|Double|6.0; Toyota|Tacoma||2023|Double|6.0
PK-M+-MIDSIZE-SRW-Toyota-Tacoma,,2,PK-M+,REJECT,PHYSICAL_SKU conflict: 11 atoms cross SKU boundary,18,72,36,36,0,11,Toyota|Tacoma||2005|Double|5.0; Toyota|Tacoma||2006|Double|5.0; Toyota|Tacoma||2014|Double|5.0; Toyota|Tacoma||2015|Double|5.0; Toyota|Tacoma||2017|Double|6.0,Toyota|Tacoma||2005|Double|5.0; Toyota|Tacoma||2006|Double|5.0; Toyota|Tacoma||2014|Double|5.0; Toyota|Tacoma||2015|Double|5.0; Toyota|Tacoma||2017|Double|6.0; Toyota|Tacoma||2018|Double|6.0; Toyota|Tacoma||2019|Double|6.0; Toyota|Tacoma||2020|Double|6.0; Toyota|Tacoma||2021|Double|6.0; Toyota|Tacoma||2022|Double|6.0; Toyota|Tacoma||2023|Double|6.0
PK-M+-MIDSIZE-SRW-Toyota-Tacoma,,2,PK-M+,REJECT,PHYSICAL_SKU conflict: 8 atoms cross SKU boundary,15,64,31,33,0,8,Toyota|Tacoma||2016|Double|6.0; Toyota|Tacoma||2017|Double|6.0; Toyota|Tacoma||2018|Double|6.0; Toyota|Tacoma||2019|Double|6.0; Toyota|Tacoma||2020|Double|6.0,Toyota|Tacoma||2016|Double|6.0; Toyota|Tacoma||2017|Double|6.0; Toyota|Tacoma||2018|Double|6.0; Toyota|Tacoma||2019|Double|6.0; Toyota|Tacoma||2020|Double|6.0; Toyota|Tacoma||2021|Double|6.0; Toyota|Tacoma||2022|Double|6.0; Toyota|Tacoma||2023|Double|6.0
PK-M+-MIDSIZE-SRW-Toyota-Tacoma,,2,PK-M+,ACCEPT,,15,16,15,1,0,0,,
PK-M+-MIDSIZE-SRW-Toyota-Tacoma,,2,PK-M+,REJECT,PHYSICAL_SKU conflict: 7 atoms cross SKU boundary,14,28,21,7,0,7,Toyota|Tacoma||2005|Double|5.0; Toyota|Tacoma||2006|Double|5.0; Toyota|Tacoma||2014|Double|5.0; Toyota|Tacoma||2015|Double|5.0; Toyota|Tacoma||2024|Double|6.0,Toyota|Tacoma||2005|Double|5.0; Toyota|Tacoma||2006|Double|5.0; Toyota|Tacoma||2014|Double|5.0; Toyota|Tacoma||2015|Double|5.0; Toyota|Tacoma||2024|Double|6.0; Toyota|Tacoma||2025|Double|6.0; Toyota|Tacoma||2026|Double|6.0
PK-M+-MIDSIZE-SRW-Toyota-Tacoma,,2,PK-M+,REJECT,PHYSICAL_SKU conflict: 11 atoms cross SKU boundary,11,44,30,14,0,11,Toyota|Tacoma||2016|Double|6.0; Toyota|Tacoma||2017|Double|6.0; Toyota|Tacoma||2018|Double|6.0; Toyota|Tacoma||2019|Double|6.0; Toyota|Tacoma||2020|Double|6.0,Toyota|Tacoma||2016|Double|6.0; Toyota|Tacoma||2017|Double|6.0; Toyota|Tacoma||2018|Double|6.0; Toyota|Tacoma||2019|Double|6.0; Toyota|Tacoma||2020|Double|6.0; Toyota|Tacoma||2021|Double|6.0; Toyota|Tacoma||2022|Double|6.0; Toyota|Tacoma||2023|Double|6.0; Toyota|Tacoma||2024|Double|6.0; Toyota|Tacoma||2025|Double|6.0; Toyota|Tacoma||2026|Double|6.0
PK-M+-MIDSIZE-SRW-Toyota-Tacoma,,3,PK-M+,ACCEPT,,18,22,18,4,0,0,,
PK-M+-MIDSIZE-SRW-Toyota-Tacoma,,2,PK-M+,REJECT,PHYSICAL_SKU conflict: 7 atoms cross SKU boundary,14,56,24,32,0,7,Toyota|Tacoma||2005|Double|5.0; Toyota|Tacoma||2006|Double|5.0; Toyota|Tacoma||2014|Double|5.0; Toyota|Tacoma||2015|Double|5.0; Toyota|Tacoma||2024|Double|6.0,Toyota|Tacoma||2005|Double|5.0; Toyota|Tacoma||2006|Double|5.0; Toyota|Tacoma||2014|Double|5.0; Toyota|Tacoma||2015|Double|5.0; Toyota|Tacoma||2024|Double|6.0; Toyota|Tacoma||2025|Double|6.0; Toyota|Tacoma||2026|Double|6.0
PK-M+-MIDSIZE-SRW-Toyota-Tacoma,,2,PK-M+,REJECT,PHYSICAL_SKU conflict: 11 atoms cross SKU boundary,11,88,33,55,0,11,Toyota|Tacoma||2016|Double|6.0; Toyota|Tacoma||2017|Double|6.0; Toyota|Tacoma||2018|Double|6.0; Toyota|Tacoma||2019|Double|6.0; Toyota|Tacoma||2020|Double|6.0,Toyota|Tacoma||2016|Double|6.0; Toyota|Tacoma||2017|Double|6.0; Toyota|Tacoma||2018|Double|6.0; Toyota|Tacoma||2019|Double|6.0; Toyota|Tacoma||2020|Double|6.0; Toyota|Tacoma||2021|Double|6.0; Toyota|Tacoma||2022|Double|6.0; Toyota|Tacoma||2023|Double|6.0; Toyota|Tacoma||2024|Double|6.0; Toyota|Tacoma||2025|Double|6.0; Toyota|Tacoma||2026|Double|6.0
PK-M+-MIDSIZE-SRW-Toyota-Tacoma,,4,PK-M+,ACCEPT,,21,33,21,12,0,0,,
PK-XL-FULLSIZE-SRW-Ram-1500,,2,PK-XL,REJECT,PHYSICAL_SKU conflict: 7 atoms cross SKU boundary,18,36,33,3,0,7,Ram|1500||2011|Crew|5.6; Ram|1500||2012|Crew|5.6; Ram|1500||2014|Crew|5.6; Ram|1500||2015|Crew|5.6; Ram|1500||2016|Crew|5.6,Ram|1500||2011|Crew|5.6; Ram|1500||2012|Crew|5.6; Ram|1500||2014|Crew|5.6; Ram|1500||2015|Crew|5.6; Ram|1500||2016|Crew|5.6; Ram|1500||2017|Crew|5.6; Ram|1500||2018|Crew|5.6
PK-XL-FULLSIZE-SRW-Ram-1500,,2,PK-XL,ACCEPT,,18,18,18,0,0,0,,
PK-XL-FULLSIZE-SRW-Ram-1500,,2,PK-XL,ACCEPT,,16,16,16,0,0,0,,
PK-XL-FULLSIZE-SRW-Ram-1500,,2,PK-XL,REJECT,PHYSICAL_SKU conflict: 7 atoms cross SKU boundary,14,56,29,27,0,7,Ram|1500||2011|Crew|5.6; Ram|1500||2012|Crew|5.6; Ram|1500||2014|Crew|5.6; Ram|1500||2015|Crew|5.6; Ram|1500||2016|Crew|5.6,Ram|1500||2011|Crew|5.6; Ram|1500||2012|Crew|5.6; Ram|1500||2014|Crew|5.6; Ram|1500||2015|Crew|5.6; Ram|1500||2016|Crew|5.6; Ram|1500||2017|Crew|5.6; Ram|1500||2018|Crew|5.6
PK-XL-FULLSIZE-SRW-Ram-1500,,3,PK-XL,ACCEPT,,20,32,20,12,0,0,,
PK-XL-FULLSIZE-SRW-Ram-1500,,2,PK-XL,REJECT,PHYSICAL_SKU conflict: 7 atoms cross SKU boundary,12,48,23,25,0,7,Ram|1500||2011|Crew|5.6; Ram|1500||2012|Crew|5.6; Ram|1500||2014|Crew|5.6; Ram|1500||2015|Crew|5.6; Ram|1500||2016|Crew|5.6,Ram|1500||2011|Crew|5.6; Ram|1500||2012|Crew|5.6; Ram|1500||2014|Crew|5.6; Ram|1500||2015|Crew|5.6; Ram|1500||2016|Crew|5.6; Ram|1500||2017|Crew|5.6; Ram|1500||2018|Crew|5.6
PK-XL-FULLSIZE-SRW-Ram-1500,,4,PK-XL,ACCEPT,,22,48,22,26,0,0,,
PK-M-MIDSIZE-SRW-Toyota-Tacoma,,2,PK-M,ACCEPT,,12,40,12,28,0,0,,
PK-M-MIDSIZE-SRW-Toyota-Tacoma,,3,PK-M,REJECT,PHYSICAL_SKU conflict: 9 atoms cross SKU boundary,21,114,32,82,0,9,Toyota|Tacoma||2005|Double|6.0; Toyota|Tacoma||2006|Double|6.0; Toyota|Tacoma||2007|Double|6.0; Toyota|Tacoma||2008|Double|6.0; Toyota|Tacoma||2009|Double|6.0,Toyota|Tacoma||2005|Double|6.0; Toyota|Tacoma||2006|Double|6.0; Toyota|Tacoma||2007|Double|6.0; Toyota|Tacoma||2008|Double|6.0; Toyota|Tacoma||2009|Double|6.0; Toyota|Tacoma||2010|Double|6.0; Toyota|Tacoma||2011|Double|6.0; Toyota|Tacoma||2012|Double|6.0; Toyota|Tacoma||2013|Double|6.0
PK-M-MIDSIZE-SRW-Toyota-Tacoma,,3,PK-M,REJECT,PHYSICAL_SKU conflict: 2 atoms cross SKU boundary,14,48,16,32,0,2,Toyota|Tacoma||2005|Double|6.0; Toyota|Tacoma||2006|Double|6.0,Toyota|Tacoma||2005|Double|6.0; Toyota|Tacoma||2006|Double|6.0
PK-M-MIDSIZE-SRW-Toyota-Tacoma,,2,PK-M,REJECT,PHYSICAL_SKU conflict: 9 atoms cross SKU boundary,11,36,20,16,0,9,Toyota|Tacoma||2005|Double|6.0; Toyota|Tacoma||2006|Double|6.0; Toyota|Tacoma||2007|Double|6.0; Toyota|Tacoma||2008|Double|6.0; Toyota|Tacoma||2009|Double|6.0,Toyota|Tacoma||2005|Double|6.0; Toyota|Tacoma||2006|Double|6.0; Toyota|Tacoma||2007|Double|6.0; Toyota|Tacoma||2008|Double|6.0; Toyota|Tacoma||2009|Double|6.0; Toyota|Tacoma||2010|Double|6.0; Toyota|Tacoma||2011|Double|6.0; Toyota|Tacoma||2012|Double|6.0; Toyota|Tacoma||2013|Double|6.0
PK-M-MIDSIZE-SRW-Toyota-Tacoma,,3,PK-M,REJECT,PHYSICAL_SKU conflict: 2 atoms cross SKU boundary,14,48,16,32,0,2,Toyota|Tacoma||2014|Double|6.0; Toyota|Tacoma||2015|Double|6.0,Toyota|Tacoma||2014|Double|6.0; Toyota|Tacoma||2015|Double|6.0
PK-M-MIDSIZE-SRW-Toyota-Tacoma,,2,PK-M,REJECT,PHYSICAL_SKU conflict: 11 atoms cross SKU boundary,11,44,24,20,0,11,Toyota|Tacoma||2005|Double|6.0; Toyota|Tacoma||2006|Double|6.0; Toyota|Tacoma||2007|Double|6.0; Toyota|Tacoma||2008|Double|6.0; Toyota|Tacoma||2009|Double|6.0,Toyota|Tacoma||2005|Double|6.0; Toyota|Tacoma||2006|Double|6.0; Toyota|Tacoma||2007|Double|6.0; Toyota|Tacoma||2008|Double|6.0; Toyota|Tacoma||2009|Double|6.0; Toyota|Tacoma||2010|Double|6.0; Toyota|Tacoma||2011|Double|6.0; Toyota|Tacoma||2012|Double|6.0; Toyota|Tacoma||2013|Double|6.0; Toyota|Tacoma||2014|Double|6.0; Toyota|Tacoma||2015|Double|6.0
PK-M-MIDSIZE-SRW-Toyota-Tacoma,,2,PK-M,ACCEPT,,4,4,4,0,0,0,,
PK-M-FULLSIZE-SRW-Ram-1500,,2,PK-M,ACCEPT,,15,15,15,0,0,0,,
PK-M-MIDSIZE-SRW-Chevrolet-El-Camino,,2,PK-M,ACCEPT,,2,2,2,0,0,0,,
PK-M-MIDSIZE-SRW-Chevrolet-El-Camino,,3,PK-M,ACCEPT,,3,3,3,0,0,0,,
PK-M-MIDSIZE-SRW-Chevrolet-El-Camino,,4,PK-M,ACCEPT,,4,4,4,0,0,0,,
PK-M-MIDSIZE-SRW-Chevrolet-El-Camino,,5,PK-M,ACCEPT,,6,6,6,0,0,0,,
PK-M-MIDSIZE-SRW-Chevrolet-El-Camino,,6,PK-M,ACCEPT,,7,7,7,0,0,0,,
PK-M-MIDSIZE-SRW-Chevrolet-El-Camino,,7,PK-M,ACCEPT,,9,9,9,0,0,0,,
PK-M-MIDSIZE-SRW-Chevrolet-El-Camino,,8,PK-M,ACCEPT,,19,19,19,0,0,0,,
PK-M-FULLSIZE-SRW-Ford-F-150,,2,PK-M,ACCEPT,,7,7,7,0,0,0,,
PK-M-FULLSIZE-SRW-Ford-F-150,,3,PK-M,ACCEPT,,12,12,12,0,0,0,,
PK-XXL-FULLSIZE-SRW-Toyota-Tundra,,2,PK-XXL,ACCEPT,,20,20,20,0,0,0,,
PK-M+-MIDSIZE-SRW-Chevrolet-Colorado,,2,PK-M+,REJECT,PHYSICAL_SKU conflict: 8 atoms cross SKU boundary,14,32,22,10,0,8,Chevrolet|Colorado||2015|Crew|6.0; Chevrolet|Colorado||2016|Crew|6.0; Chevrolet|Colorado||2017|Crew|6.0; Chevrolet|Colorado||2018|Crew|6.0; Chevrolet|Colorado||2019|Crew|6.0,Chevrolet|Colorado||2015|Crew|6.0; Chevrolet|Colorado||2016|Crew|6.0; Chevrolet|Colorado||2017|Crew|6.0; Chevrolet|Colorado||2018|Crew|6.0; Chevrolet|Colorado||2019|Crew|6.0; Chevrolet|Colorado||2020|Crew|6.0; Chevrolet|Colorado||2021|Crew|6.0; Chevrolet|Colorado||2022|Crew|6.0
PK-M+-MIDSIZE-SRW-Chevrolet-Colorado,,2,PK-M+,ACCEPT,,14,16,14,2,0,0,,
PK-M+-MIDSIZE-SRW-Chevrolet-Colorado,,2,PK-M+,REJECT,PHYSICAL_SKU conflict: 8 atoms cross SKU boundary,12,64,28,36,0,8,Chevrolet|Colorado||2015|Crew|6.0; Chevrolet|Colorado||2016|Crew|6.0; Chevrolet|Colorado||2017|Crew|6.0; Chevrolet|Colorado||2018|Crew|6.0; Chevrolet|Colorado||2019|Crew|6.0,Chevrolet|Colorado||2015|Crew|6.0; Chevrolet|Colorado||2016|Crew|6.0; Chevrolet|Colorado||2017|Crew|6.0; Chevrolet|Colorado||2018|Crew|6.0; Chevrolet|Colorado||2019|Crew|6.0; Chevrolet|Colorado||2020|Crew|6.0; Chevrolet|Colorado||2021|Crew|6.0; Chevrolet|Colorado||2022|Crew|6.0
PK-M+-MIDSIZE-SRW-Chevrolet-Colorado,,3,PK-M+,ACCEPT,,18,24,22,2,0,0,,
PK-M+-MIDSIZE-SRW-Chevrolet-Colorado,,2,PK-M+,REJECT,PHYSICAL_SKU conflict: 6 atoms cross SKU boundary,10,40,22,18,0,6,Chevrolet|Colorado||2015|Crew|6.0; Chevrolet|Colorado||2016|Crew|6.0; Chevrolet|Colorado||2017|Crew|6.0; Chevrolet|Colorado||2018|Crew|6.0; Chevrolet|Colorado||2019|Crew|6.0,Chevrolet|Colorado||2015|Crew|6.0; Chevrolet|Colorado||2016|Crew|6.0; Chevrolet|Colorado||2017|Crew|6.0; Chevrolet|Colorado||2018|Crew|6.0; Chevrolet|Colorado||2019|Crew|6.0; Chevrolet|Colorado||2020|Crew|6.0
PK-M+-MIDSIZE-SRW-Chevrolet-Colorado,,4,PK-M+,ACCEPT,,22,24,22,2,0,0,,
PK-M+-MIDSIZE-SRW-Chevrolet-Colorado,,2,PK-M+,REJECT,PHYSICAL_SKU conflict: 6 atoms cross SKU boundary,10,80,30,50,0,6,Chevrolet|Colorado||2015|Crew|6.0; Chevrolet|Colorado||2016|Crew|6.0; Chevrolet|Colorado||2017|Crew|6.0; Chevrolet|Colorado||2018|Crew|6.0; Chevrolet|Colorado||2019|Crew|6.0,Chevrolet|Colorado||2015|Crew|6.0; Chevrolet|Colorado||2016|Crew|6.0; Chevrolet|Colorado||2017|Crew|6.0; Chevrolet|Colorado||2018|Crew|6.0; Chevrolet|Colorado||2019|Crew|6.0; Chevrolet|Colorado||2020|Crew|6.0
PK-M+-FULLSIZE-SRW-Chevrolet-Avalanche,,2,PK-M+,ACCEPT,,10,10,10,0,0,0,,
PK-M+-FULLSIZE-SRW-Chevrolet-Avalanche,,3,PK-M+,ACCEPT,,17,24,17,7,0,0,,
PK-M-MIDSIZE-SRW-Chevrolet-Colorado,,2,PK-M,ACCEPT,,11,36,13,23,0,0,,
PK-M-MIDSIZE-SRW-Chevrolet-Colorado,,3,PK-M,ACCEPT,,20,54,22,32,0,0,,
PK-M-MIDSIZE-SRW-Chevrolet-Colorado,,4,PK-M,ACCEPT,,21,54,22,32,0,0,,
PK-M-MIDSIZE-SRW-Chevrolet-Colorado,,5,PK-M,ACCEPT,,22,54,22,32,0,0,,
PK-XXXL-DRW-DRW-Chevrolet-Silverado-2500HD-3500HD,,2,PK-XXXL,ACCEPT,,5,5,5,0,0,0,,
PK-XXXL-DRW-DRW-Chevrolet-Silverado-2500HD-3500HD,,3,PK-XXXL,ACCEPT,,9,9,9,0,0,0,,
PK-XXXL-DRW-DRW-Chevrolet-Silverado-2500HD-3500HD,,4,PK-XXXL,ACCEPT,,10,10,10,0,0,0,,
PK-XXXL-DRW-DRW-Chevrolet-Silverado-2500HD-3500HD,,5,PK-XXXL,ACCEPT,,11,11,11,0,0,0,,
PK-XXXL-DRW-DRW-Chevrolet-Silverado-2500HD-3500HD,,6,PK-XXXL,ACCEPT,,12,12,12,0,0,0,,
PK-M+-MIDSIZE-SRW-GMC-Canyon,,2,PK-M+,REJECT,PHYSICAL_SKU conflict: 8 atoms cross SKU boundary,14,32,22,10,0,8,GMC|Canyon||2015|Crew|6.0; GMC|Canyon||2016|Crew|6.0; GMC|Canyon||2017|Crew|6.0; GMC|Canyon||2018|Crew|6.0; GMC|Canyon||2019|Crew|6.0,GMC|Canyon||2015|Crew|6.0; GMC|Canyon||2016|Crew|6.0; GMC|Canyon||2017|Crew|6.0; GMC|Canyon||2018|Crew|6.0; GMC|Canyon||2019|Crew|6.0; GMC|Canyon||2020|Crew|6.0; GMC|Canyon||2021|Crew|6.0; GMC|Canyon||2022|Crew|6.0
PK-M+-MIDSIZE-SRW-GMC-Canyon,,2,PK-M+,ACCEPT,,12,24,16,8,0,0,,
PK-M+-MIDSIZE-SRW-GMC-Canyon,,2,PK-M+,REJECT,PHYSICAL_SKU conflict: 6 atoms cross SKU boundary,10,80,26,54,0,6,GMC|Canyon||2015|Crew|6.0; GMC|Canyon||2016|Crew|6.0; GMC|Canyon||2017|Crew|6.0; GMC|Canyon||2018|Crew|6.0; GMC|Canyon||2019|Crew|6.0,GMC|Canyon||2015|Crew|6.0; GMC|Canyon||2016|Crew|6.0; GMC|Canyon||2017|Crew|6.0; GMC|Canyon||2018|Crew|6.0; GMC|Canyon||2019|Crew|6.0; GMC|Canyon||2020|Crew|6.0
PK-M+-MIDSIZE-SRW-GMC-Canyon,,3,PK-M+,ACCEPT,,16,24,16,8,0,0,,
PK-M+-MIDSIZE-SRW-GMC-Canyon,,2,PK-M+,REJECT,PHYSICAL_SKU conflict: 6 atoms cross SKU boundary,10,40,22,18,0,6,GMC|Canyon||2015|Crew|6.0; GMC|Canyon||2016|Crew|6.0; GMC|Canyon||2017|Crew|6.0; GMC|Canyon||2018|Crew|6.0; GMC|Canyon||2019|Crew|6.0,GMC|Canyon||2015|Crew|6.0; GMC|Canyon||2016|Crew|6.0; GMC|Canyon||2017|Crew|6.0; GMC|Canyon||2018|Crew|6.0; GMC|Canyon||2019|Crew|6.0; GMC|Canyon||2020|Crew|6.0
PK-M-MIDSIZE-SRW-GMC-Canyon,,2,PK-M,ACCEPT,,4,8,4,4,0,0,,
PK-M-MIDSIZE-SRW-GMC-Canyon,,3,PK-M,ACCEPT,,13,54,20,34,0,0,,
PK-M-MIDSIZE-SRW-GMC-Canyon,,4,PK-M,ACCEPT,,16,54,20,34,0,0,,
PK-M-MIDSIZE-SRW-GMC-Canyon,,5,PK-M,ACCEPT,,17,54,20,34,0,0,,
PK-M-MIDSIZE-SRW-GMC-Canyon,,6,PK-M,ACCEPT,,19,54,20,34,0,0,,
PK-M-MIDSIZE-SRW-GMC-Canyon,,7,PK-M,ACCEPT,,20,54,20,34,0,0,,
LINK-000093,YEAR_GAP_OPTIMIZATION,4,PK-XL,ACCEPT,,26,26,26,0,0,0,,
LINK-000005,YEAR_GAP_OPTIMIZATION,2,PK-XL,ACCEPT,,13,26,13,13,0,0,,
LINK-000010,YEAR_GAP_OPTIMIZATION,2,PK-XL,ACCEPT,,13,26,13,13,0,0,,
LINK-000109,YEAR_GAP_OPTIMIZATION,1,PK-M+,ACCEPT,,10,10,10,0,0,0,,
LINK-000049,YEAR_GAP_OPTIMIZATION,1,PK-M,ACCEPT,,5,5,5,0,0,0,,
LINK-000113,YEAR_GAP_OPTIMIZATION,1,PK-L,ACCEPT,,5,5,5,0,0,0,,
LINK-000092,YEAR_GAP_OPTIMIZATION,6,PK-XXL,ACCEPT,,38,52,38,14,0,0,,
LINK-000027,YEAR_GAP_OPTIMIZATION,1,PK-XL,ACCEPT,,6,6,6,0,0,0,,
LINK-000085,YEAR_GAP_OPTIMIZATION,1,PK-M+,ACCEPT,,8,8,8,0,0,0,,
LINK-000086,YEAR_GAP_OPTIMIZATION,1,PK-XL,ACCEPT,,8,8,8,0,0,0,,
LINK-000031,YEAR_GAP_OPTIMIZATION,1,PK-M+,ACCEPT,,5,5,5,0,0,0,,
LINK-000052,YEAR_GAP_OPTIMIZATION,1,PK-XL,ACCEPT,,6,6,6,0,0,0,,
LINK-000011,YEAR_GAP_OPTIMIZATION,3,PK-M+,ACCEPT,,18,52,18,34,0,0,,
LINK-000007,YEAR_GAP_OPTIMIZATION,4,PK-M+,ACCEPT,,29,84,29,55,0,0,,
LINK-000013,YEAR_GAP_OPTIMIZATION,2,PK-M+,ACCEPT,,11,22,11,11,0,0,,
LINK-000017,YEAR_GAP_OPTIMIZATION,1,PK-L,ACCEPT,,8,8,8,0,0,0,,
LINK-000006,YEAR_GAP_OPTIMIZATION,5,PK-XXL,ACCEPT,,30,84,30,54,0,0,,
LINK-000016,YEAR_GAP_OPTIMIZATION,4,PK-M+,ACCEPT,,29,84,29,55,0,0,,
LINK-000070,YEAR_GAP_OPTIMIZATION,5,PK-XXL,ACCEPT,,28,28,28,0,0,0,,
LINK-000073,YEAR_GAP_OPTIMIZATION,4,PK-XXL,ACCEPT,,16,16,16,0,0,0,,
LINK-000080,YEAR_GAP_OPTIMIZATION,4,PK-M,ACCEPT,,47,76,47,29,0,0,,
LINK-000082,YEAR_GAP_OPTIMIZATION,1,PK-L,ACCEPT,,8,8,8,0,0,0,,
LINK-000097,YEAR_GAP_OPTIMIZATION,2,PK-M+,ACCEPT,,10,10,10,0,0,0,,
LINK-000101,YEAR_GAP_OPTIMIZATION,3,PK-M+,ACCEPT,,14,21,14,7,0,0,,
LINK-000028,YEAR_GAP_OPTIMIZATION,2,PK-M,ACCEPT,,12,12,12,0,0,0,,
LINK-000129,YEAR_GAP_OPTIMIZATION,2,PK-XL,ACCEPT,,10,20,10,10,0,0,,
LINK-000119,YEAR_GAP_OPTIMIZATION,4,PK-XL,ACCEPT,,33,33,33,0,0,0,,
LINK-000001,YEAR_GAP_OPTIMIZATION,1,PK-L,ACCEPT,,7,7,7,0,0,0,,
LINK-000015,YEAR_GAP_OPTIMIZATION,4,PK-XXL,ACCEPT,,28,84,28,56,0,0,,
LINK-000116,YEAR_GAP_OPTIMIZATION,5,PK-XXL,ACCEPT,,37,132,37,95,0,0,,
LINK-000043,YEAR_GAP_OPTIMIZATION,1,PK-XL,ACCEPT,,3,3,3,0,0,0,,
LINK-000090,YEAR_GAP_OPTIMIZATION,2,PK-M,ACCEPT,,12,12,12,0,0,0,,
LINK-000089,YEAR_GAP_OPTIMIZATION,2,PK-XXL,ACCEPT,,15,15,15,0,0,0,,
LINK-000102,YEAR_GAP_OPTIMIZATION,4,PK-L,ACCEPT,,5,5,5,0,0,0,,
LINK-000048,YEAR_GAP_OPTIMIZATION,3,PK-M+,ACCEPT,,22,22,22,0,0,0,,
LINK-000044,YEAR_GAP_OPTIMIZATION,2,PK-M+,ACCEPT,,12,12,12,0,0,0,,
LINK-000047,YEAR_GAP_OPTIMIZATION,2,PK-M+,ACCEPT,,10,10,10,0,0,0,,
LINK-000096,YEAR_GAP_OPTIMIZATION,1,PK-XL,ACCEPT,,3,3,3,0,0,0,,
LINK-000108,YEAR_GAP_OPTIMIZATION,4,PK-M+,ACCEPT,,20,40,20,20,0,0,,
LINK-000103,YEAR_GAP_OPTIMIZATION,1,PK-M+,ACCEPT,,5,5,5,0,0,0,,
LINK-000105,YEAR_GAP_OPTIMIZATION,5,PK-M+,ACCEPT,,5,5,5,0,0,0,,
LINK-000130,YEAR_GAP_OPTIMIZATION,2,PK-L,ACCEPT,,18,36,18,18,0,0,,
LINK-000131,YEAR_GAP_OPTIMIZATION,3,PK-L,ACCEPT,,31,72,31,41,0,0,,
LINK-000026,YEAR_GAP_OPTIMIZATION,3,PK-XXL,ACCEPT,,15,15,15,0,0,0,,
LINK-000036,YEAR_GAP_OPTIMIZATION,4,PK-XXXL,REJECT,PHYSICAL_SKU conflict: 5 atoms cross SKU boundary,21,52,26,26,0,5,Chevrolet|Silverado 2500HD/3500HD||2015|Double|8.0; Chevrolet|Silverado 2500HD/3500HD||2016|Double|8.0; Chevrolet|Silverado 2500HD/3500HD||2017|Double|8.0; Chevrolet|Silverado 2500HD/3500HD||2018|Double|8.0; Chevrolet|Silverado 2500HD/3500HD||2019|Double|8.0,Chevrolet|Silverado 2500HD/3500HD||2015|Double|8.0; Chevrolet|Silverado 2500HD/3500HD||2016|Double|8.0; Chevrolet|Silverado 2500HD/3500HD||2017|Double|8.0; Chevrolet|Silverado 2500HD/3500HD||2018|Double|8.0; Chevrolet|Silverado 2500HD/3500HD||2019|Double|8.0
LINK-000036,BED_ONLY_FALLBACK,4,PK-XXXL,ACCEPT,,21,42,21,21,0,0,,
LINK-000078,YEAR_GAP_OPTIMIZATION,3,PK-M,ACCEPT,,11,15,11,4,0,0,,
LINK-000061,YEAR_GAP_OPTIMIZATION,3,PK-XXL,ACCEPT,,15,15,15,0,0,0,,
LINK-000037,YEAR_GAP_OPTIMIZATION,4,PK-L,ACCEPT,,19,19,19,0,0,0,,
LINK-000042,YEAR_GAP_OPTIMIZATION,1,PK-L,ACCEPT,,3,3,3,0,0,0,,
LINK-000040,YEAR_GAP_OPTIMIZATION,4,PK-XL,ACCEPT,,12,12,12,0,0,0,,
LINK-000034,YEAR_GAP_OPTIMIZATION,1,PK-XL,ACCEPT,,5,5,5,0,0,0,,
LINK-000038,YEAR_GAP_OPTIMIZATION,1,PK-XL,ACCEPT,,7,7,7,0,0,0,,
LINK-000099,YEAR_GAP_OPTIMIZATION,4,PK-M,ACCEPT,,8,10,8,2,0,0,,
LINK-000051,YEAR_GAP_OPTIMIZATION,2,PK-M+,REJECT,PHYSICAL_SKU conflict: 5 atoms cross SKU boundary,8,13,13,0,0,5,Ford|F-100||1968|Regular|8.0; Ford|F-100||1969|Regular|8.0; Ford|F-100||1970|Regular|8.0; Ford|F-100||1971|Regular|8.0; Ford|F-100||1972|Regular|8.0,Ford|F-100||1968|Regular|8.0; Ford|F-100||1969|Regular|8.0; Ford|F-100||1970|Regular|8.0; Ford|F-100||1971|Regular|8.0; Ford|F-100||1972|Regular|8.0
LINK-000051,BED_ONLY_FALLBACK,2,PK-M+,ACCEPT,,8,8,8,0,0,0,,
LINK-000053,YEAR_GAP_OPTIMIZATION,1,PK-M+,ACCEPT,,6,6,6,0,0,0,,
LINK-000100,YEAR_GAP_OPTIMIZATION,1,PK-M+,ACCEPT,,3,3,3,0,0,0,,
LINK-000045,YEAR_GAP_OPTIMIZATION,1,PK-M,ACCEPT,,3,3,3,0,0,0,,
LINK-000046,YEAR_GAP_OPTIMIZATION,2,PK-M,ACCEPT,,15,15,15,0,0,0,,
LINK-000132,YEAR_GAP_OPTIMIZATION,3,PK-M+,ACCEPT,,24,36,24,12,0,0,,
LINK-000118,YEAR_GAP_OPTIMIZATION,2,PK-XXXL,ACCEPT,,17,17,17,0,0,0,,
LINK-000126,YEAR_GAP_OPTIMIZATION,3,PK-L,ACCEPT,,14,22,14,8,0,0,,
LINK-000022,YEAR_GAP_OPTIMIZATION,6,PK-M+,REJECT,PHYSICAL_SKU conflict: 9 atoms cross SKU boundary,7,19,16,3,0,9,Chevrolet|El Camino||1964|Regular|6.5; Chevrolet|El Camino||1965|Regular|6.5; Chevrolet|El Camino||1966|Regular|6.5; Chevrolet|El Camino||1967|Regular|6.5; Chevrolet|El Camino||1968|Regular|6.5,Chevrolet|El Camino||1964|Regular|6.5; Chevrolet|El Camino||1965|Regular|6.5; Chevrolet|El Camino||1966|Regular|6.5; Chevrolet|El Camino||1967|Regular|6.5; Chevrolet|El Camino||1968|Regular|6.5; Chevrolet|El Camino||1969|Regular|6.5; Chevrolet|El Camino||1970|Regular|6.5; Chevrolet|El Camino||1971|Regular|6.5; Chevrolet|El Camino||1972|Regular|6.5
LINK-000022,BED_ONLY_FALLBACK,6,PK-M+,ACCEPT,,7,7,7,0,0,0,,
LINK-000079,YEAR_GAP_OPTIMIZATION,3,PK-M+,ACCEPT,,11,16,11,5,0,0,,
LINK-000035,YEAR_GAP_OPTIMIZATION,1,PK-XXL,ACCEPT,,5,5,5,0,0,0,,
LINK-000041,YEAR_GAP_OPTIMIZATION,1,PK-XXL,ACCEPT,,7,7,7,0,0,0,,
LINK-000120,YEAR_GAP_OPTIMIZATION,3,PK-M+,ACCEPT,,5,10,5,5,0,0,,
LINK-000094,YEAR_GAP_OPTIMIZATION,4,PK-XXXL,ACCEPT,,26,26,26,0,0,0,,
LINK-000033,YEAR_GAP_OPTIMIZATION,4,PK-XL,ACCEPT,,6,14,6,8,0,0,,
LINK-000024,YEAR_GAP_OPTIMIZATION,2,PK-M,ACCEPT,,4,4,4,0,0,0,,
LINK-000077,YEAR_GAP_OPTIMIZATION,8,PK-XXXL,ACCEPT,,28,28,28,0,0,0,,
LINK-000062,YEAR_GAP_OPTIMIZATION,11,PK-L,ACCEPT,,48,192,48,144,0,0,,
LINK-000067,YEAR_GAP_OPTIMIZATION,7,PK-L,ACCEPT,,30,30,30,0,0,0,,
LINK-000060,YEAR_GAP_OPTIMIZATION,5,PK-L,ACCEPT,,18,48,18,30,0,0,,
LINK-000023,YEAR_GAP_OPTIMIZATION,40,PK-M,ACCEPT,,114,1035,114,921,0,0,,
LINK-000025,YEAR_GAP_OPTIMIZATION,5,PK-L,ACCEPT,,28,112,28,84,0,0,,
LINK-000029,YEAR_GAP_OPTIMIZATION,13,PK-L,ACCEPT,,51,112,51,61,0,0,,
LINK-000098,YEAR_GAP_OPTIMIZATION,1,PK-M,ACCEPT,,9,9,9,0,0,0,,
LINK-000110,YEAR_GAP_OPTIMIZATION,4,PK-L,ACCEPT,,30,66,30,36,0,0,,
LINK-000111,YEAR_GAP_OPTIMIZATION,5,PK-L,ACCEPT,,25,88,25,63,0,0,,
LINK-000064,YEAR_GAP_OPTIMIZATION,1,PK-M+,ACCEPT,,5,5,5,0,0,0,,
LINK-000056,YEAR_GAP_OPTIMIZATION,1,PK-M+,ACCEPT,,2,2,2,0,0,0,,
LINK-000058,YEAR_GAP_OPTIMIZATION,5,PK-M+,ACCEPT,,23,23,23,0,0,0,,
LINK-000059,YEAR_GAP_OPTIMIZATION,2,PK-M+,ACCEPT,,9,11,9,2,0,0,,
LINK-000074,YEAR_GAP_OPTIMIZATION,5,PK-L,ACCEPT,,28,28,28,0,0,0,,
LINK-000069,YEAR_GAP_OPTIMIZATION,2,PK-L,ACCEPT,,12,12,12,0,0,0,,
LINK-000068,YEAR_GAP_OPTIMIZATION,5,PK-XXXL,ACCEPT,,28,28,28,0,0,0,,
LINK-000072,YEAR_GAP_OPTIMIZATION,2,PK-XXXL,ACCEPT,,10,10,10,0,0,0,,
LINK-000076,YEAR_GAP_OPTIMIZATION,5,PK-L,ACCEPT,,28,28,28,0,0,0,,
LINK-000055,YEAR_GAP_OPTIMIZATION,2,PK-XL,ACCEPT,,7,7,7,0,0,0,,
LINK-000057,YEAR_GAP_OPTIMIZATION,4,PK-XL,ACCEPT,,18,18,18,0,0,0,,
LINK-000066,YEAR_GAP_OPTIMIZATION,3,PK-XL,ACCEPT,,14,18,14,4,0,0,,
LINK-000012,YEAR_GAP_OPTIMIZATION,2,PK-M,ACCEPT,,13,13,13,0,0,0,,
LINK-000009,YEAR_GAP_OPTIMIZATION,3,PK-M,ACCEPT,,27,52,27,25,0,0,,
LINK-000050,YEAR_GAP_OPTIMIZATION,8,PK-M,REJECT,PHYSICAL_SKU conflict: 8 atoms cross SKU boundary,28,56,37,19,0,8,Ford|F-100||1967|Regular|8.0; Ford|F-100||1973|Regular|8.0; Ford|F-100||1974|Regular|8.0; Ford|F-100||1975|Regular|8.0; Ford|F-100||1976|Regular|8.0,Ford|F-100||1967|Regular|8.0; Ford|F-100||1973|Regular|8.0; Ford|F-100||1974|Regular|8.0; Ford|F-100||1975|Regular|8.0; Ford|F-100||1976|Regular|8.0; Ford|F-100||1977|Regular|8.0; Ford|F-100||1978|Regular|8.0; Ford|F-100||1979|Regular|8.0
LINK-000050,BED_ONLY_FALLBACK,8,PK-M,ACCEPT,,28,40,28,12,0,0,,
LINK-000054,YEAR_GAP_OPTIMIZATION,3,PK-M,ACCEPT,,12,34,12,22,0,0,,
LINK-000091,YEAR_GAP_OPTIMIZATION,6,PK-L,ACCEPT,,35,120,35,85,0,0,,
LINK-000088,YEAR_GAP_OPTIMIZATION,4,PK-L,ACCEPT,,28,28,28,0,0,0,,
LINK-000087,YEAR_GAP_OPTIMIZATION,1,PK-L,ACCEPT,,8,8,8,0,0,0,,
LINK-000095,YEAR_GAP_OPTIMIZATION,6,PK-XXXL,ACCEPT,,38,52,38,14,0,0,,
LINK-000104,YEAR_GAP_OPTIMIZATION,7,PK-M,ACCEPT,,7,48,7,41,0,0,,
LINK-000106,YEAR_GAP_OPTIMIZATION,4,PK-M,ACCEPT,,20,80,20,60,0,0,,
LINK-000107,YEAR_GAP_OPTIMIZATION,10,PK-M,ACCEPT,,20,20,20,0,0,0,,
LINK-000071,YEAR_GAP_OPTIMIZATION,1,PK-XL,ACCEPT,,2,2,2,0,0,0,,
LINK-000075,YEAR_GAP_OPTIMIZATION,3,PK-XL,ACCEPT,,16,16,16,0,0,0,,
LINK-000002,YEAR_GAP_OPTIMIZATION,1,PK-M+,ACCEPT,,5,5,5,0,0,0,,
LINK-000117,YEAR_GAP_OPTIMIZATION,4,PK-L,ACCEPT,,33,33,33,0,0,0,,
LINK-000014,YEAR_GAP_OPTIMIZATION,1,PK-L,ACCEPT,,2,2,2,0,0,0,,
LINK-000008,YEAR_GAP_OPTIMIZATION,1,PK-L,ACCEPT,,2,2,2,0,0,0,,
LINK-000123,YEAR_GAP_OPTIMIZATION,1,PK-M+,ACCEPT,,11,11,11,0,0,0,,
LINK-000121,YEAR_GAP_OPTIMIZATION,1,PK-M+,ACCEPT,,8,8,8,0,0,0,,
LINK-000122,YEAR_GAP_OPTIMIZATION,4,PK-M+,ACCEPT,,21,33,21,12,0,0,,
LINK-000115,YEAR_GAP_OPTIMIZATION,1,PK-XL,ACCEPT,,10,10,10,0,0,0,,
LINK-000112,YEAR_GAP_OPTIMIZATION,4,PK-XL,ACCEPT,,22,48,22,26,0,0,,
LINK-000127,YEAR_GAP_OPTIMIZATION,2,PK-M,ACCEPT,,12,40,12,28,0,0,,
LINK-000125,YEAR_GAP_OPTIMIZATION,1,PK-M,ACCEPT,,9,9,9,0,0,0,,
LINK-000124,YEAR_GAP_OPTIMIZATION,2,PK-M,ACCEPT,,4,11,4,7,0,0,,
LINK-000114,YEAR_GAP_OPTIMIZATION,2,PK-M,ACCEPT,,15,15,15,0,0,0,,
LINK-000021,YEAR_GAP_OPTIMIZATION,8,PK-M,REJECT,PHYSICAL_SKU conflict: 5 atoms cross SKU boundary,19,24,24,0,0,5,Chevrolet|El Camino||1973|Regular|6.5; Chevrolet|El Camino||1974|Regular|6.5; Chevrolet|El Camino||1975|Regular|6.5; Chevrolet|El Camino||1976|Regular|6.5; Chevrolet|El Camino||1977|Regular|6.5,Chevrolet|El Camino||1973|Regular|6.5; Chevrolet|El Camino||1974|Regular|6.5; Chevrolet|El Camino||1975|Regular|6.5; Chevrolet|El Camino||1976|Regular|6.5; Chevrolet|El Camino||1977|Regular|6.5
LINK-000021,BED_ONLY_FALLBACK,8,PK-M,ACCEPT,,19,19,19,0,0,0,,
LINK-000063,YEAR_GAP_OPTIMIZATION,3,PK-M,ACCEPT,,12,12,12,0,0,0,,
LINK-000128,YEAR_GAP_OPTIMIZATION,2,PK-XXL,ACCEPT,,20,20,20,0,0,0,,
LINK-000020,YEAR_GAP_OPTIMIZATION,4,PK-M+,ACCEPT,,22,24,22,2,0,0,,
LINK-000019,YEAR_GAP_OPTIMIZATION,1,PK-M+,ACCEPT,,6,6,6,0,0,0,,
LINK-000003,YEAR_GAP_OPTIMIZATION,3,PK-M+,ACCEPT,,17,24,17,7,0,0,,
LINK-000018,YEAR_GAP_OPTIMIZATION,5,PK-M,ACCEPT,,22,54,22,32,0,0,,
LINK-000039,YEAR_GAP_OPTIMIZATION,6,PK-XXXL,ACCEPT,,12,12,12,0,0,0,,
LINK-000083,YEAR_GAP_OPTIMIZATION,3,PK-M+,ACCEPT,,16,24,16,8,0,0,,
LINK-000081,YEAR_GAP_OPTIMIZATION,1,PK-M+,ACCEPT,,6,6,6,0,0,0,,
LINK-000084,YEAR_GAP_OPTIMIZATION,7,PK-M,ACCEPT,,20,54,20,34,0,0,,
__FINAL__,FINAL_REAL_ATOM_UNIQUENESS,439,,ACCEPT,,2101,2101,2101,0,0,0,,
__FINAL__,FINAL_REAL_ATOM_TITLE_COVERAGE_UNIQUENESS,439,,ACCEPT,,2101,4451,2101,0,0,0,,
