区域,DIMENSION-ID,MAKE,MODEL,结构,YEAR,原分类,新分类,规则,依据,来源URL
US,Kia Stinger Fastback 2022-2023 US,Kia,Stinger,Fastback,2022-2023,跑车,三厢车,联网判定：Fastback,中型五门 liftback/fastback 运动轿车，长斜背,https://en.wikipedia.org/wiki/Kia_Stinger
US,Kia Stinger GT Liftback 2018-2021 US,Kia,Stinger,Liftback,2018-2021,跑车,三厢车,联网判定：Liftback,中型五门 liftback/fastback 运动轿车，长斜背,https://en.wikipedia.org/wiki/Kia_Stinger
US,Porsche Panamera Executive LWB Liftback 2014-2016 US,Porsche,Panamera,Liftback,2014-2016,两厢车,三厢车,联网判定：Liftback,五门 fastback 轿车，长斜背（含 Executive 长轴）,https://en.wikipedia.org/wiki/Porsche_Panamera
EU,AMC Matador 1971 72 Wagon 1970-1974 EU,AMC,Matador,Wagon,1970-1974,三厢车,两厢车,通用标准：Wagon,,
EU,AMC Matador 1973 Wagon 1970-1974 EU,AMC,Matador,Wagon,1970-1974,三厢车,两厢车,通用标准：Wagon,,
EU,AMC Matador 1974 Wagon 1970-1974 EU,AMC,Matador,Wagon,1970-1974,三厢车,两厢车,通用标准：Wagon,,
EU,Aixam D-Truck Van 2014-2026 EU,Aixam,D-Truck,Van,2014-2026,越野车,两厢车,通用标准：Van,,
EU,Aixam D-Truck Van 2015-2026 EU,Aixam,D-Truck,Van,2015-2026,越野车,两厢车,通用标准：Van,,
EU,Aixam D-Truck Van 2018-2026 EU,Aixam,D-Truck,Van,2018-2026,越野车,两厢车,通用标准：Van,,
EU,Aixam D-Truck Van 2024-2026 EU,Aixam,D-Truck,Van,2024-2026,越野车,两厢车,通用标准：Van,,
EU,Alfa Romeo 156 932 Wagon 1997-2003 EU,Alfa Romeo,156,Wagon,1997-2003,三厢车,两厢车,通用标准：Wagon,,
EU,Alfa Romeo 156 932 Wagon 2000-2000 EU,Alfa Romeo,156,Wagon,2000-2000,三厢车,两厢车,通用标准：Wagon,,
EU,Alfa Romeo 156 932 Wagon 2000-2001 EU,Alfa Romeo,156,Wagon,2000-2001,三厢车,两厢车,通用标准：Wagon,,
EU,Alfa Romeo 156 932 Wagon 2000-2002 EU,Alfa Romeo,156,Wagon,2000-2002,三厢车,两厢车,通用标准：Wagon,,
EU,Alfa Romeo 156 932 Wagon 2000-2003 EU,Alfa Romeo,156,Wagon,2000-2003,三厢车,两厢车,通用标准：Wagon,,
EU,Alfa Romeo 156 932 Wagon 2002-2004 EU,Alfa Romeo,156,Wagon,2002-2004,三厢车,两厢车,通用标准：Wagon,,
EU,Alfa Romeo 156 932 Wagon 2002-2006 EU,Alfa Romeo,156,Wagon,2002-2006,三厢车,两厢车,通用标准：Wagon,,
EU,Alfa Romeo 156 932 Wagon 2003-2006 EU,Alfa Romeo,156,Wagon,2003-2006,三厢车,两厢车,通用标准：Wagon,,
EU,Alfa Romeo 156 932 Wagon 2004-2006 EU,Alfa Romeo,156,Wagon,2004-2006,三厢车,两厢车,通用标准：Wagon,,
EU,Alfa Romeo 156 932 Wagon 2005-2006 EU,Alfa Romeo,156,Wagon,2005-2006,三厢车,两厢车,通用标准：Wagon,,
EU,Alfa Romeo 156 932 facelift Wagon 1997-2006 EU,Alfa Romeo,156,Wagon,1997-2006,三厢车,两厢车,通用标准：Wagon,,
EU,Alfa Romeo 156 932 facelift Wagon 2000-2005 EU,Alfa Romeo,156,Wagon,2000-2005,三厢车,两厢车,通用标准：Wagon,,
EU,Alfa Romeo 156 932 facelift Wagon 2000-2006 EU,Alfa Romeo,156,Wagon,2000-2006,三厢车,两厢车,通用标准：Wagon,,
EU,Alfa Romeo 156 932 facelift Wagon 2001-2006 EU,Alfa Romeo,156,Wagon,2001-2006,三厢车,两厢车,通用标准：Wagon,,
EU,Alfa Romeo 156 932 facelift Wagon 2002-2006 EU,Alfa Romeo,156,Wagon,2002-2006,三厢车,两厢车,通用标准：Wagon,,
EU,Alfa Romeo 156 932 prefl Wagon 1997-2006 EU,Alfa Romeo,156,Wagon,1997-2006,三厢车,两厢车,通用标准：Wagon,,
EU,Alfa Romeo 156 932 prefl Wagon 2000-2005 EU,Alfa Romeo,156,Wagon,2000-2005,三厢车,两厢车,通用标准：Wagon,,
EU,Alfa Romeo 156 932 prefl Wagon 2000-2006 EU,Alfa Romeo,156,Wagon,2000-2006,三厢车,两厢车,通用标准：Wagon,,
EU,Alfa Romeo 156 932 prefl Wagon 2001-2006 EU,Alfa Romeo,156,Wagon,2001-2006,三厢车,两厢车,通用标准：Wagon,,
EU,Alfa Romeo 156 932 prefl Wagon 2002-2006 EU,Alfa Romeo,156,Wagon,2002-2006,三厢车,两厢车,通用标准：Wagon,,
EU,Alfa Romeo 159 939 L4660 W1828 H1417 Wagon 2009-2011 EU,Alfa Romeo,159,Wagon,2009-2011,三厢车,两厢车,通用标准：Wagon,,
EU,Alfa Romeo 159 939 L4660 W1828 H1422 Wagon 2009-2011 EU,Alfa Romeo,159,Wagon,2009-2011,三厢车,两厢车,通用标准：Wagon,,
EU,Alfa Romeo 159 939 Wagon 2005-2011 EU,Alfa Romeo,159,Wagon,2005-2011,三厢车,两厢车,通用标准：Wagon,,
EU,Alfa Romeo 159 939 Wagon 2006-2011 EU,Alfa Romeo,159,Wagon,2006-2011,三厢车,两厢车,通用标准：Wagon,,
EU,Alfa Romeo 159 939 Wagon 2007-2011 EU,Alfa Romeo,159,Wagon,2007-2011,三厢车,两厢车,通用标准：Wagon,,
EU,Alfa Romeo 159 939 Wagon 2007-2012 EU,Alfa Romeo,159,Wagon,2007-2012,三厢车,两厢车,通用标准：Wagon,,
EU,Alfa Romeo 159 939 Wagon 2008-2011 EU,Alfa Romeo,159,Wagon,2008-2011,三厢车,两厢车,通用标准：Wagon,,
EU,Alfa Romeo 159 939 Wagon 2010-2011 EU,Alfa Romeo,159,Wagon,2010-2011,三厢车,两厢车,通用标准：Wagon,,
EU,Alfa Romeo 159 L4660 W1828 H1417 Wagon 2006-2011 EU,Alfa Romeo,159,Wagon,2006-2011,三厢车,两厢车,通用标准：Wagon,,
EU,Alfa Romeo 159 L4660 W1828 H1422 Wagon 2006-2011 EU,Alfa Romeo,159,Wagon,2006-2011,三厢车,两厢车,通用标准：Wagon,,
EU,Alfa Romeo 33 905A L4142 W1612 H1345 Wagon 1984-1986 EU,Alfa Romeo,33,Wagon,1984-1986,三厢车,两厢车,通用标准：Wagon,,
EU,Alfa Romeo 33 905A L4142 W1612 H1345 Wagon 1986-1989 EU,Alfa Romeo,33,Wagon,1986-1989,三厢车,两厢车,通用标准：Wagon,,
EU,Alfa Romeo 33 905A L4142 W1612 H1345 Wagon 1988-1989 EU,Alfa Romeo,33,Wagon,1988-1989,三厢车,两厢车,通用标准：Wagon,,
EU,Alfa Romeo 33 905A L4142 W1612 H1370 Wagon 1984-1986 EU,Alfa Romeo,33,Wagon,1984-1986,三厢车,两厢车,通用标准：Wagon,,
EU,Alfa Romeo 33 905A L4142 W1612 H1370 Wagon 1986-1989 EU,Alfa Romeo,33,Wagon,1986-1989,三厢车,两厢车,通用标准：Wagon,,
EU,Alfa Romeo 33 905A L4142 W1612 H1370 Wagon 1988-1989 EU,Alfa Romeo,33,Wagon,1988-1989,三厢车,两厢车,通用标准：Wagon,,
EU,Alfa Romeo 33 907B L4200 W1614 H1350 Wagon 1990-1992 EU,Alfa Romeo,33,Wagon,1990-1992,三厢车,两厢车,通用标准：Wagon,,
EU,Alfa Romeo 33 907B L4200 W1614 H1350 Wagon 1990-1994 EU,Alfa Romeo,33,Wagon,1990-1994,三厢车,两厢车,通用标准：Wagon,,
EU,Alfa Romeo 33 907B L4200 W1614 H1375 Wagon 1990-1992 EU,Alfa Romeo,33,Wagon,1990-1992,三厢车,两厢车,通用标准：Wagon,,
EU,Alfa Romeo 33 907B L4200 W1614 H1375 Wagon 1990-1994 EU,Alfa Romeo,33,Wagon,1990-1994,三厢车,两厢车,通用标准：Wagon,,
EU,Alfa Romeo 33 907B Wagon 1991-1994 EU,Alfa Romeo,33,Wagon,1991-1994,三厢车,两厢车,通用标准：Wagon,,
EU,Alfa Romeo 33 907B Wagon 1992-1994 EU,Alfa Romeo,33,Wagon,1992-1994,三厢车,两厢车,通用标准：Wagon,,
EU,Alfa Romeo Alfasud 904A Wagon 1978-1981 EU,Alfa Romeo,Alfasud,Wagon,1978-1981,三厢车,两厢车,通用标准：Wagon,,
EU,Alfa Romeo Alfasud 904B2 Wagon 1978-1979 EU,Alfa Romeo,Alfasud,Wagon,1978-1979,三厢车,两厢车,通用标准：Wagon,,
EU,Alfa Romeo Alfasud 904B2 Wagon 1980-1981 EU,Alfa Romeo,Alfasud,Wagon,1980-1981,三厢车,两厢车,通用标准：Wagon,,
EU,Alfa Romeo Giulietta 101.22 Wagon 1957-1962 EU,Alfa Romeo,Giulietta,Wagon,1957-1962,三厢车,两厢车,通用标准：Wagon,,
EU,Alfa Romeo Giulietta 101.22 Wagon 1959-1962 EU,Alfa Romeo,Giulietta,Wagon,1959-1962,三厢车,两厢车,通用标准：Wagon,,
EU,Alpina B10 E34 Wagon 1993-1996 EU,Alpina,B10,Wagon,1993-1996,三厢车,两厢车,通用标准：Wagon,,
EU,Alpina B10 E34 Wagon 1994-1994 EU,Alpina,B10,Wagon,1994-1994,三厢车,两厢车,通用标准：Wagon,,
EU,Alpina B10 E34 Wagon 1994-1995 EU,Alpina,B10,Wagon,1994-1995,三厢车,两厢车,通用标准：Wagon,,
EU,Alpina B10 E39 Wagon 1997-1998 EU,Alpina,B10,Wagon,1997-1998,三厢车,两厢车,通用标准：Wagon,,
EU,Alpina B10 E39 Wagon 1998-2002 EU,Alpina,B10,Wagon,1998-2002,三厢车,两厢车,通用标准：Wagon,,
EU,Alpina B10 E39 Wagon 1999-2003 EU,Alpina,B10,Wagon,1999-2003,三厢车,两厢车,通用标准：Wagon,,
EU,Alpina B10 E39 Wagon 2002-2004 EU,Alpina,B10,Wagon,2002-2004,三厢车,两厢车,通用标准：Wagon,,
EU,Alpina B3 E30 Wagon 1987-1992 EU,Alpina,B3,Wagon,1987-1992,三厢车,两厢车,通用标准：Wagon,,
EU,Alpina B3 E36 Wagon 1993-1996 EU,Alpina,B3,Wagon,1993-1996,三厢车,两厢车,通用标准：Wagon,,
EU,Alpina B3 E46 Wagon 1999-2002 EU,Alpina,B3,Wagon,1999-2002,三厢车,两厢车,通用标准：Wagon,,
EU,Alpina B3 E46 Wagon 2001-2005 EU,Alpina,B3,Wagon,2001-2005,三厢车,两厢车,通用标准：Wagon,,
EU,Alpina B3 E46 Wagon 2002-2006 EU,Alpina,B3,Wagon,2002-2006,三厢车,两厢车,通用标准：Wagon,,
EU,Alpina B3 E91 L4541 W1817 H1450 Wagon 2010-2013 EU,Alpina,B3,Wagon,2010-2013,三厢车,两厢车,通用标准：Wagon,,
EU,Alpina B3 E91 L4541 W1817 H1465 Wagon 2010-2013 EU,Alpina,B3,Wagon,2010-2013,三厢车,两厢车,通用标准：Wagon,,
EU,Alpina B3 E91 Wagon 2007-2010 EU,Alpina,B3,Wagon,2007-2010,三厢车,两厢车,通用标准：Wagon,,
EU,Alpina B3 E91 Wagon 2008-2010 EU,Alpina,B3,Wagon,2008-2010,三厢车,两厢车,通用标准：Wagon,,
EU,Alpina B3 F31 Wagon 2017-2019 EU,Alpina,B3,Wagon,2017-2019,三厢车,两厢车,通用标准：Wagon,,
EU,Alpina B3 F31 facelift Wagon 2013-2017 EU,Alpina,B3,Wagon,2013-2017,三厢车,两厢车,通用标准：Wagon,,
EU,Alpina B3 F31 prefl Wagon 2013-2017 EU,Alpina,B3,Wagon,2013-2017,三厢车,两厢车,通用标准：Wagon,,
EU,Alpina B3 G21 Wagon 2019-2025 EU,Alpina,B3,Wagon,2019-2025,三厢车,两厢车,通用标准：Wagon,,
EU,Alpina B3 G21 Wagon 2023-2025 EU,Alpina,B3,Wagon,2023-2025,三厢车,两厢车,通用标准：Wagon,,
EU,Alpina B3 G21 Wagon 2024-2025 EU,Alpina,B3,Wagon,2024-2025,三厢车,两厢车,通用标准：Wagon,,
EU,Alpina B5 E61 Wagon 2005-2010 EU,Alpina,B5,Wagon,2005-2010,三厢车,两厢车,通用标准：Wagon,,
EU,Alpina B5 E61 Wagon 2007-2010 EU,Alpina,B5,Wagon,2007-2010,三厢车,两厢车,通用标准：Wagon,,
EU,Alpina B5 F11 Wagon 2010-2011 EU,Alpina,B5,Wagon,2010-2011,三厢车,两厢车,通用标准：Wagon,,
EU,Alpina B5 F11 Wagon 2012-2014 EU,Alpina,B5,Wagon,2012-2014,三厢车,两厢车,通用标准：Wagon,,
EU,Alpina B5 F11 Wagon 2015-2016 EU,Alpina,B5,Wagon,2015-2016,三厢车,两厢车,通用标准：Wagon,,
EU,Alpina B5 G31 Wagon 2017-2020 EU,Alpina,B5,Wagon,2017-2020,三厢车,两厢车,通用标准：Wagon,,
EU,Alpina B5 G31 Wagon 2020-2024 EU,Alpina,B5,Wagon,2020-2024,三厢车,两厢车,通用标准：Wagon,,
EU,Alpina B5 G31 Wagon 2023-2024 EU,Alpina,B5,Wagon,2023-2024,三厢车,两厢车,通用标准：Wagon,,
EU,Alpina B8 E36 Wagon 1995-1998 EU,Alpina,B8,Wagon,1995-1998,三厢车,两厢车,通用标准：Wagon,,
EU,Alpina D10 E39 Wagon 2000-2003 EU,Alpina,D10,Wagon,2000-2003,三厢车,两厢车,通用标准：Wagon,,
EU,Alpina D3 E91 Wagon 2005-2008 EU,Alpina,D3,Wagon,2005-2008,三厢车,两厢车,通用标准：Wagon,,
EU,Alpina D3 E91 Wagon 2008-2013 EU,Alpina,D3,Wagon,2008-2013,三厢车,两厢车,通用标准：Wagon,,
EU,Alpina D3 F31 facelift L4632 W1811 H1428 Wagon 2013-2018 EU,Alpina,D3,Wagon,2013-2018,三厢车,两厢车,通用标准：Wagon,,
EU,Alpina D3 F31 facelift L4632 W1811 H1431 Wagon 2013-2018 EU,Alpina,D3,Wagon,2013-2018,三厢车,两厢车,通用标准：Wagon,,
EU,Alpina D3 F31 prefl L4628 W1811 H1428 Wagon 2013-2018 EU,Alpina,D3,Wagon,2013-2018,三厢车,两厢车,通用标准：Wagon,,
EU,Alpina D3 F31 prefl L4628 W1811 H1431 Wagon 2013-2018 EU,Alpina,D3,Wagon,2013-2018,三厢车,两厢车,通用标准：Wagon,,
EU,Alpina D3 G21 facelift Wagon 2020-2025 EU,Alpina,D3,Wagon,2020-2025,三厢车,两厢车,通用标准：Wagon,,
EU,Alpina D3 G21 prefl Wagon 2020-2025 EU,Alpina,D3,Wagon,2020-2025,三厢车,两厢车,通用标准：Wagon,,
EU,Alpina D5 F11 Wagon 2011-2016 EU,Alpina,D5,Wagon,2011-2016,三厢车,两厢车,通用标准：Wagon,,
EU,Alpina D5 G31 Wagon 2017-2020 EU,Alpina,D5,Wagon,2017-2020,三厢车,两厢车,通用标准：Wagon,,
EU,Alpina D5 G31 Wagon 2020-2024 EU,Alpina,D5,Wagon,2020-2024,三厢车,两厢车,通用标准：Wagon,,
EU,Asia Motors Hi-Topic AM725 MPV 1993-1999 EU,Asia Motors,Hi-Topic,MPV,1993-1999,越野车,两厢车,通用标准：MPV,,
EU,Aston Martin Lagonda i shooting brake Wagon 1976-1997 EU,Aston Martin,Lagonda i shooting brake,Wagon,1976-1997,三厢车,两厢车,通用标准：Wagon,,
EU,Aston Martin Lagonda i shooting brake Wagon 1985-1987 EU,Aston Martin,Lagonda i shooting brake,Wagon,1985-1987,三厢车,两厢车,通用标准：Wagon,,
EU,Aston Martin Rapide Liftback 2018-2026 EU,Aston Martin,Rapide,Liftback,2018-2026,跑车,三厢车,联网判定：Liftback,五门 liftback，四门轿跑长斜背,https://en.wikipedia.org/wiki/Aston_Martin_Rapide
EU,Aston Martin Virage shooting brake Wagon 1993-1995 EU,Aston Martin,Virage shooting brake,Wagon,1993-1995,三厢车,两厢车,通用标准：Wagon,,
EU,Aston Martin Virage shooting brake Wagon 1994-1995 EU,Aston Martin,Virage shooting brake,Wagon,1994-1995,三厢车,两厢车,通用标准：Wagon,,
EU,Audi 100 43 Wagon 1977-1980 EU,Audi,100,Wagon,1977-1980,三厢车,两厢车,通用标准：Wagon,,
EU,Audi 100 43 Wagon 1980-1982 EU,Audi,100,Wagon,1980-1982,三厢车,两厢车,通用标准：Wagon,,
EU,Audi 100 43 facelift Wagon 1977-1983 EU,Audi,100,Wagon,1977-1983,三厢车,两厢车,通用标准：Wagon,,
EU,Audi 100 43 facelift Wagon 1978-1983 EU,Audi,100,Wagon,1978-1983,三厢车,两厢车,通用标准：Wagon,,
EU,Audi 100 43 prefl Wagon 1977-1983 EU,Audi,100,Wagon,1977-1983,三厢车,两厢车,通用标准：Wagon,,
EU,Audi 100 43 prefl Wagon 1978-1983 EU,Audi,100,Wagon,1978-1983,三厢车,两厢车,通用标准：Wagon,,
EU,Audi 100 44 L4793 W1814 H1421 Wagon 1989-1990 EU,Audi,100,Wagon,1989-1990,三厢车,两厢车,通用标准：Wagon,,
EU,Audi 100 44 L4793 W1814 H1422 Wagon 1989-1990 EU,Audi,100,Wagon,1989-1990,三厢车,两厢车,通用标准：Wagon,,
EU,Audi 100 44 Wagon 1982-1984 EU,Audi,100,Wagon,1982-1984,三厢车,两厢车,通用标准：Wagon,,
EU,Audi 100 44 Wagon 1982-1987 EU,Audi,100,Wagon,1982-1987,三厢车,两厢车,通用标准：Wagon,,
EU,Audi 100 44 Wagon 1983-1984 EU,Audi,100,Wagon,1983-1984,三厢车,两厢车,通用标准：Wagon,,
EU,Audi 100 44 Wagon 1983-1987 EU,Audi,100,Wagon,1983-1987,三厢车,两厢车,通用标准：Wagon,,
EU,Audi 100 44 Wagon 1983-1989 EU,Audi,100,Wagon,1983-1989,三厢车,两厢车,通用标准：Wagon,,
EU,Audi 100 44 Wagon 1983-1990 EU,Audi,100,Wagon,1983-1990,三厢车,两厢车,通用标准：Wagon,,
EU,Audi 100 44 Wagon 1984-1986 EU,Audi,100,Wagon,1984-1986,三厢车,两厢车,通用标准：Wagon,,
EU,Audi 100 44 Wagon 1984-1988 EU,Audi,100,Wagon,1984-1988,三厢车,两厢车,通用标准：Wagon,,
EU,Audi 100 44 Wagon 1985-1986 EU,Audi,100,Wagon,1985-1986,三厢车,两厢车,通用标准：Wagon,,
EU,Audi 100 44 Wagon 1985-1987 EU,Audi,100,Wagon,1985-1987,三厢车,两厢车,通用标准：Wagon,,
EU,Audi 100 44 Wagon 1986-1987 EU,Audi,100,Wagon,1986-1987,三厢车,两厢车,通用标准：Wagon,,
EU,Audi 100 44 Wagon 1986-1990 EU,Audi,100,Wagon,1986-1990,三厢车,两厢车,通用标准：Wagon,,
EU,Audi 100 44 Wagon 1988-1990 EU,Audi,100,Wagon,1988-1990,三厢车,两厢车,通用标准：Wagon,,
EU,Audi 100 44 Wagon 1990-1990 EU,Audi,100,Wagon,1990-1990,三厢车,两厢车,通用标准：Wagon,,
EU,Audi 100 44 facelift Wagon 1985-1990 EU,Audi,100,Wagon,1985-1990,三厢车,两厢车,通用标准：Wagon,,
EU,Audi 100 44 prefl Wagon 1985-1990 EU,Audi,100,Wagon,1985-1990,三厢车,两厢车,通用标准：Wagon,,
EU,Audi 100 44Q Wagon 1989-1990 EU,Audi,100,Wagon,1989-1990,三厢车,两厢车,通用标准：Wagon,,
EU,Audi 100 44Q Wagon 1990-1990 EU,Audi,100,Wagon,1990-1990,三厢车,两厢车,通用标准：Wagon,,
EU,Audi 100 44Q facelift Wagon 1984-1988 EU,Audi,100,Wagon,1984-1988,三厢车,两厢车,通用标准：Wagon,,
EU,Audi 100 44Q facelift Wagon 1985-1990 EU,Audi,100,Wagon,1985-1990,三厢车,两厢车,通用标准：Wagon,,
EU,Audi 100 44Q facelift Wagon 1986-1990 EU,Audi,100,Wagon,1986-1990,三厢车,两厢车,通用标准：Wagon,,
EU,Audi 100 44Q prefl Wagon 1984-1988 EU,Audi,100,Wagon,1984-1988,三厢车,两厢车,通用标准：Wagon,,
EU,Audi 100 44Q prefl Wagon 1985-1990 EU,Audi,100,Wagon,1985-1990,三厢车,两厢车,通用标准：Wagon,,
EU,Audi 100 44Q prefl Wagon 1986-1990 EU,Audi,100,Wagon,1986-1990,三厢车,两厢车,通用标准：Wagon,,
EU,Audi 100 4A L4790 W1777 H1440 Wagon 1991-1994 EU,Audi,100,Wagon,1991-1994,三厢车,两厢车,通用标准：Wagon,,
EU,Audi 100 4A L4790 W1777 H1440 Wagon 1992-1994 EU,Audi,100,Wagon,1992-1994,三厢车,两厢车,通用标准：Wagon,,
EU,Audi 100 4A L4790 W1777 H1448 Wagon 1991-1994 EU,Audi,100,Wagon,1991-1994,三厢车,两厢车,通用标准：Wagon,,
EU,Audi 100 4A L4790 W1777 H1448 Wagon 1992-1994 EU,Audi,100,Wagon,1992-1994,三厢车,两厢车,通用标准：Wagon,,
EU,Audi 100 4A L4790 W1805 H1422 Wagon 1992-1994 EU,Audi,100,Wagon,1992-1994,三厢车,两厢车,通用标准：Wagon,,
EU,Audi 100 4A L4790 W1805 H1454 Wagon 1991-1994 EU,Audi,100,Wagon,1991-1994,三厢车,两厢车,通用标准：Wagon,,
EU,Audi 100 4A Wagon 1990-1992 EU,Audi,100,Wagon,1990-1992,三厢车,两厢车,通用标准：Wagon,,
EU,Audi 100 4A Wagon 1990-1994 EU,Audi,100,Wagon,1990-1994,三厢车,两厢车,通用标准：Wagon,,
EU,Audi 100 4A5 Wagon 1992-1994 EU,Audi,100,Wagon,1992-1994,三厢车,两厢车,通用标准：Wagon,,
EU,Audi 200 c3 avant 44 Wagon 1988-1991 EU,Audi,200 c3 avant,Wagon,1988-1991,三厢车,两厢车,通用标准：Wagon,,
EU,Audi 200 c3 avant 44 facelift Wagon 1985-1991 EU,Audi,200 c3 avant,Wagon,1985-1991,三厢车,两厢车,通用标准：Wagon,,
EU,Audi 200 c3 avant 44 facelift Wagon 1986-1991 EU,Audi,200 c3 avant,Wagon,1986-1991,三厢车,两厢车,通用标准：Wagon,,
EU,Audi 200 c3 avant 44 prefl Wagon 1985-1991 EU,Audi,200 c3 avant,Wagon,1985-1991,三厢车,两厢车,通用标准：Wagon,,
EU,Audi 200 c3 avant 44 prefl Wagon 1986-1991 EU,Audi,200 c3 avant,Wagon,1986-1991,三厢车,两厢车,通用标准：Wagon,,
EU,Audi 200 c3 avant 44Q Wagon 1983-1988 EU,Audi,200 c3 avant,Wagon,1983-1988,三厢车,两厢车,通用标准：Wagon,,
EU,Audi 200 c3 avant 44Q Wagon 1983-1990 EU,Audi,200 c3 avant,Wagon,1983-1990,三厢车,两厢车,通用标准：Wagon,,
EU,Audi 200 c3 avant 44Q Wagon 1989-1990 EU,Audi,200 c3 avant,Wagon,1989-1990,三厢车,两厢车,通用标准：Wagon,,
EU,Audi 60 F103 Wagon 1968-1972 EU,Audi,60,Wagon,1968-1972,三厢车,两厢车,通用标准：Wagon,,
EU,Audi 72 F103 Wagon 1966-1968 EU,Audi,72,Wagon,1966-1968,三厢车,两厢车,通用标准：Wagon,,
EU,Audi 75 F103 Wagon 1968-1972 EU,Audi,75,Wagon,1968-1972,三厢车,两厢车,通用标准：Wagon,,
EU,Audi 80 8C Wagon 1991-1994 EU,Audi,80,Wagon,1991-1994,三厢车,两厢车,通用标准：Wagon,,
EU,Audi 80 8C Wagon 1991-1996 EU,Audi,80,Wagon,1991-1996,三厢车,两厢车,通用标准：Wagon,,
EU,Audi 80 8C Wagon 1992-1995 EU,Audi,80,Wagon,1992-1995,三厢车,两厢车,通用标准：Wagon,,
EU,Audi 80 8C Wagon 1992-1996 EU,Audi,80,Wagon,1992-1996,三厢车,两厢车,通用标准：Wagon,,
EU,Audi 80 8C Wagon 1993-1995 EU,Audi,80,Wagon,1993-1995,三厢车,两厢车,通用标准：Wagon,,
EU,Audi 80 8C Wagon 1993-1996 EU,Audi,80,Wagon,1993-1996,三厢车,两厢车,通用标准：Wagon,,
EU,Audi 80 8C Wagon 1994-1995 EU,Audi,80,Wagon,1994-1995,三厢车,两厢车,通用标准：Wagon,,
EU,Audi 80 F103 Wagon 1966-1968 EU,Audi,80,Wagon,1966-1968,三厢车,两厢车,通用标准：Wagon,,
EU,Audi A4 allroad b8 8KH Wagon 2009-2012 EU,Audi,A4 allroad b8,Wagon,2009-2012,三厢车,两厢车,通用标准：Wagon,,
EU,Audi A4 allroad b8 8KH Wagon 2009-2016 EU,Audi,A4 allroad b8,Wagon,2009-2016,三厢车,两厢车,通用标准：Wagon,,
EU,Audi A4 allroad b8 8KH Wagon 2011-2016 EU,Audi,A4 allroad b8,Wagon,2011-2016,三厢车,两厢车,通用标准：Wagon,,
EU,Audi A4 allroad b8 8KH Wagon 2012-2016 EU,Audi,A4 allroad b8,Wagon,2012-2016,三厢车,两厢车,通用标准：Wagon,,
EU,Audi A4 allroad b8 8KH Wagon 2013-2016 EU,Audi,A4 allroad b8,Wagon,2013-2016,三厢车,两厢车,通用标准：Wagon,,
EU,Audi A4 allroad b9 8W Wagon 2016-2018 EU,Audi,A4 allroad b9,Wagon,2016-2018,三厢车,两厢车,通用标准：Wagon,,
EU,Audi A4 allroad b9 8W Wagon 2016-2019 EU,Audi,A4 allroad b9,Wagon,2016-2019,三厢车,两厢车,通用标准：Wagon,,
EU,Audi A4 allroad b9 8W Wagon 2016-2026 EU,Audi,A4 allroad b9,Wagon,2016-2026,三厢车,两厢车,通用标准：Wagon,,
EU,Audi A4 allroad b9 8W Wagon 2020-2026 EU,Audi,A4 allroad b9,Wagon,2020-2026,三厢车,两厢车,通用标准：Wagon,,
EU,Audi A4 allroad b9 8W5 Wagon 2018-2026 EU,Audi,A4 allroad b9,Wagon,2018-2026,三厢车,两厢车,通用标准：Wagon,,
EU,Audi A4 allroad b9 8WH Wagon 2016-2018 EU,Audi,A4 allroad b9,Wagon,2016-2018,三厢车,两厢车,通用标准：Wagon,,
EU,Audi A4 allroad b9 8WH Wagon 2016-2019 EU,Audi,A4 allroad b9,Wagon,2016-2019,三厢车,两厢车,通用标准：Wagon,,
EU,Audi A4 allroad b9 8WH Wagon 2018-2019 EU,Audi,A4 allroad b9,Wagon,2018-2019,三厢车,两厢车,通用标准：Wagon,,
EU,Audi A4 allroad b9 8WH Wagon 2018-2026 EU,Audi,A4 allroad b9,Wagon,2018-2026,三厢车,两厢车,通用标准：Wagon,,
EU,Audi A4 allroad b9 8WH Wagon 2020-2026 EU,Audi,A4 allroad b9,Wagon,2020-2026,三厢车,两厢车,通用标准：Wagon,,
EU,Audi A4 allroad b9 B9 Wagon 2019-2026 EU,Audi,A4 allroad b9,Wagon,2019-2026,三厢车,两厢车,通用标准：Wagon,,
EU,Audi A4 allroad b9 Wagon 2018-2019 EU,Audi,A4 allroad b9,Wagon,2018-2019,三厢车,两厢车,通用标准：Wagon,,
EU,Audi A4 b5 avant 8D5 L4479 W1733 H1417 Wagon 1997-2001 EU,Audi,A4 b5 avant,Wagon,1997-2001,三厢车,两厢车,通用标准：Wagon,,
EU,Audi A4 b5 avant 8D5 L4479 W1733 H1417 Wagon 2000-2001 EU,Audi,A4 b5 avant,Wagon,2000-2001,三厢车,两厢车,通用标准：Wagon,,
EU,Audi A4 b5 avant 8D5 L4488 W1733 H1396 Wagon 1997-2001 EU,Audi,A4 b5 avant,Wagon,1997-2001,三厢车,两厢车,通用标准：Wagon,,
EU,Audi A4 b5 avant 8D5 L4525 W1799 H1386 Wagon 2000-2001 EU,Audi,A4 b5 avant,Wagon,2000-2001,三厢车,两厢车,通用标准：Wagon,,
EU,Audi A4 b5 avant 8D5 Wagon 1994-2001 EU,Audi,A4 b5 avant,Wagon,1994-2001,三厢车,两厢车,通用标准：Wagon,,
EU,Audi A4 b5 avant 8D5 Wagon 1996-1996 EU,Audi,A4 b5 avant,Wagon,1996-1996,三厢车,两厢车,通用标准：Wagon,,
EU,Audi A4 b5 avant 8D5 Wagon 1996-2001 EU,Audi,A4 b5 avant,Wagon,1996-2001,三厢车,两厢车,通用标准：Wagon,,
EU,Audi A4 b5 avant 8D5 Wagon 1998-2000 EU,Audi,A4 b5 avant,Wagon,1998-2000,三厢车,两厢车,通用标准：Wagon,,
EU,Audi A4 b6 avant 8E5 Wagon 2001-2002 EU,Audi,A4 b6 avant,Wagon,2001-2002,三厢车,两厢车,通用标准：Wagon,,
EU,Audi A4 b6 avant 8E5 Wagon 2001-2004 EU,Audi,A4 b6 avant,Wagon,2001-2004,三厢车,两厢车,通用标准：Wagon,,
EU,Audi A4 b6 avant 8E5 Wagon 2002-2004 EU,Audi,A4 b6 avant,Wagon,2002-2004,三厢车,两厢车,通用标准：Wagon,,
EU,Audi A4 b6 avant 8E5 Wagon 2003-2004 EU,Audi,A4 b6 avant,Wagon,2003-2004,三厢车,两厢车,通用标准：Wagon,,
EU,Audi A4 b6 avant 8E5 Wagon 2004-2004 EU,Audi,A4 b6 avant,Wagon,2004-2004,三厢车,两厢车,通用标准：Wagon,,
EU,Audi A4 b7 avant 8E L4586 W1772 H1453 Wagon 2004-2008 EU,Audi,A4 b7 avant,Wagon,2004-2008,三厢车,两厢车,通用标准：Wagon,,
EU,Audi A4 b7 avant 8E L4586 W1781 H1441 Wagon 2004-2008 EU,Audi,A4 b7 avant,Wagon,2004-2008,三厢车,两厢车,通用标准：Wagon,,
EU,Audi A4 b7 avant 8E Wagon 2005-2008 EU,Audi,A4 b7 avant,Wagon,2005-2008,三厢车,两厢车,通用标准：Wagon,,
EU,Audi A4 b7 avant 8E Wagon 2006-2008 EU,Audi,A4 b7 avant,Wagon,2006-2008,三厢车,两厢车,通用标准：Wagon,,
EU,Audi A4 b7 avant 8ED L4586 W1772 H1427 Wagon 2004-2006 EU,Audi,A4 b7 avant,Wagon,2004-2006,三厢车,两厢车,通用标准：Wagon,,
EU,Audi A4 b7 avant 8ED L4586 W1772 H1427 Wagon 2004-2008 EU,Audi,A4 b7 avant,Wagon,2004-2008,三厢车,两厢车,通用标准：Wagon,,
EU,Audi A4 b7 avant 8ED L4586 W1772 H1427 Wagon 2005-2006 EU,Audi,A4 b7 avant,Wagon,2005-2006,三厢车,两厢车,通用标准：Wagon,,
EU,Audi A4 b7 avant 8ED L4586 W1772 H1453 Wagon 2004-2006 EU,Audi,A4 b7 avant,Wagon,2004-2006,三厢车,两厢车,通用标准：Wagon,,
EU,Audi A4 b7 avant 8ED L4586 W1772 H1453 Wagon 2004-2008 EU,Audi,A4 b7 avant,Wagon,2004-2008,三厢车,两厢车,通用标准：Wagon,,
EU,Audi A4 b7 avant 8ED L4586 W1772 H1453 Wagon 2005-2006 EU,Audi,A4 b7 avant,Wagon,2005-2006,三厢车,两厢车,通用标准：Wagon,,
EU,Audi A4 b7 avant 8ED L4586 W1772 H1453 Wagon 2005-2008 EU,Audi,A4 b7 avant,Wagon,2005-2008,三厢车,两厢车,通用标准：Wagon,,
EU,Audi A4 b7 avant 8ED L4586 W1816 H1415 Wagon 2005-2008 EU,Audi,A4 b7 avant,Wagon,2005-2008,三厢车,两厢车,通用标准：Wagon,,
EU,Audi A4 b7 avant 8ED Wagon 2006-2008 EU,Audi,A4 b7 avant,Wagon,2006-2008,三厢车,两厢车,通用标准：Wagon,,
EU,Audi A4 b7 avant Wagon 2006-2008 EU,Audi,A4 b7 avant,Wagon,2006-2008,三厢车,两厢车,通用标准：Wagon,,
EU,Audi A4 b8 avant 8K Wagon 2011-2015 EU,Audi,A4 b8 avant,Wagon,2011-2015,三厢车,两厢车,通用标准：Wagon,,
EU,Audi A4 b8 avant 8K5 L4699 W1826 H1436 Wagon 2012-2015 EU,Audi,A4 b8 avant,Wagon,2012-2015,三厢车,两厢车,通用标准：Wagon,,
EU,Audi A4 b8 avant 8K5 L4719 W1850 H1416 Wagon 2012-2015 EU,Audi,A4 b8 avant,Wagon,2012-2015,三厢车,两厢车,通用标准：Wagon,,
EU,Audi A4 b8 avant 8K5 Wagon 2007-2012 EU,Audi,A4 b8 avant,Wagon,2007-2012,三厢车,两厢车,通用标准：Wagon,,
EU,Audi A4 b8 avant 8K5 Wagon 2008-2010 EU,Audi,A4 b8 avant,Wagon,2008-2010,三厢车,两厢车,通用标准：Wagon,,
EU,Audi A4 b8 avant 8K5 Wagon 2008-2012 EU,Audi,A4 b8 avant,Wagon,2008-2012,三厢车,两厢车,通用标准：Wagon,,
EU,Audi A4 b8 avant 8K5 Wagon 2008-2013 EU,Audi,A4 b8 avant,Wagon,2008-2013,三厢车,两厢车,通用标准：Wagon,,
EU,Audi A4 b8 avant 8K5 Wagon 2008-2015 EU,Audi,A4 b8 avant,Wagon,2008-2015,三厢车,两厢车,通用标准：Wagon,,
EU,Audi A4 b8 avant 8K5 Wagon 2009-2015 EU,Audi,A4 b8 avant,Wagon,2009-2015,三厢车,两厢车,通用标准：Wagon,,
EU,Audi A4 b8 avant 8K5 Wagon 2011-2015 EU,Audi,A4 b8 avant,Wagon,2011-2015,三厢车,两厢车,通用标准：Wagon,,
EU,Audi A4 b8 avant 8K5 Wagon 2013-2015 EU,Audi,A4 b8 avant,Wagon,2013-2015,三厢车,两厢车,通用标准：Wagon,,
EU,Audi A4 b9 avant 8W5 L4762 W1847 H1435 Wagon 2020-2026 EU,Audi,A4 b9 avant,Wagon,2020-2026,三厢车,两厢车,通用标准：Wagon,,
EU,Audi A4 b9 avant 8W5 L4762 W1847 H1460 Wagon 2020-2026 EU,Audi,A4 b9 avant,Wagon,2020-2026,三厢车,两厢车,通用标准：Wagon,,
EU,Audi A4 b9 avant 8W5 Wagon 2015-2018 EU,Audi,A4 b9 avant,Wagon,2015-2018,三厢车,两厢车,通用标准：Wagon,,
EU,Audi A4 b9 avant 8W5 Wagon 2015-2019 EU,Audi,A4 b9 avant,Wagon,2015-2019,三厢车,两厢车,通用标准：Wagon,,
EU,Audi A4 b9 avant 8W5 Wagon 2015-2026 EU,Audi,A4 b9 avant,Wagon,2015-2026,三厢车,两厢车,通用标准：Wagon,,
EU,Audi A4 b9 avant 8W5 Wagon 2016-2018 EU,Audi,A4 b9 avant,Wagon,2016-2018,三厢车,两厢车,通用标准：Wagon,,
EU,Audi A4 b9 avant 8W5 Wagon 2016-2019 EU,Audi,A4 b9 avant,Wagon,2016-2019,三厢车,两厢车,通用标准：Wagon,,
EU,Audi A4 b9 avant 8W5 Wagon 2016-2026 EU,Audi,A4 b9 avant,Wagon,2016-2026,三厢车,两厢车,通用标准：Wagon,,
EU,Audi A4 b9 avant 8W5 Wagon 2017-2018 EU,Audi,A4 b9 avant,Wagon,2017-2018,三厢车,两厢车,通用标准：Wagon,,
EU,Audi A4 b9 avant 8W5 Wagon 2017-2019 EU,Audi,A4 b9 avant,Wagon,2017-2019,三厢车,两厢车,通用标准：Wagon,,
EU,Audi A4 b9 avant 8W5 Wagon 2017-2026 EU,Audi,A4 b9 avant,Wagon,2017-2026,三厢车,两厢车,通用标准：Wagon,,
EU,Audi A4 b9 avant 8W5 Wagon 2018-2019 EU,Audi,A4 b9 avant,Wagon,2018-2019,三厢车,两厢车,通用标准：Wagon,,
EU,Audi A4 b9 avant 8W5 Wagon 2018-2026 EU,Audi,A4 b9 avant,Wagon,2018-2026,三厢车,两厢车,通用标准：Wagon,,
EU,Audi A4 b9 avant 8W5 Wagon 2021-2026 EU,Audi,A4 b9 avant,Wagon,2021-2026,三厢车,两厢车,通用标准：Wagon,,
EU,Audi A4 b9 avant 8W5 Wagon 2024-2024 EU,Audi,A4 b9 avant,Wagon,2024-2024,三厢车,两厢车,通用标准：Wagon,,
EU,Audi A4 b9 avant 8W5 facelift Wagon 2018-2019 EU,Audi,A4 b9 avant,Wagon,2018-2019,三厢车,两厢车,通用标准：Wagon,,
EU,Audi A4 b9 avant 8W5 facelift Wagon 2018-2020 EU,Audi,A4 b9 avant,Wagon,2018-2020,三厢车,两厢车,通用标准：Wagon,,
EU,Audi A4 b9 avant 8W5 facelift2018 Wagon 2016-2026 EU,Audi,A4 b9 avant,Wagon,2016-2026,三厢车,两厢车,通用标准：Wagon,,
EU,Audi A4 b9 avant 8W5 facelift2018 Wagon 2018-2020 EU,Audi,A4 b9 avant,Wagon,2018-2020,三厢车,两厢车,通用标准：Wagon,,
EU,Audi A4 b9 avant 8W5 facelift2019 Wagon 2016-2026 EU,Audi,A4 b9 avant,Wagon,2016-2026,三厢车,两厢车,通用标准：Wagon,,
EU,Audi A4 b9 avant 8W5 facelift2019 Wagon 2018-2020 EU,Audi,A4 b9 avant,Wagon,2018-2020,三厢车,两厢车,通用标准：Wagon,,
EU,Audi A4 b9 avant 8W5 prefl Wagon 2016-2026 EU,Audi,A4 b9 avant,Wagon,2016-2026,三厢车,两厢车,通用标准：Wagon,,
EU,Audi A4 b9 avant 8W5 prefl Wagon 2018-2020 EU,Audi,A4 b9 avant,Wagon,2018-2020,三厢车,两厢车,通用标准：Wagon,,
EU,Audi A4 b9 avant 8W5 sport Wagon 2019-2026 EU,Audi,A4 b9 avant,Wagon,2019-2026,三厢车,两厢车,通用标准：Wagon,,
EU,Audi A4 b9 avant 8W5 std Wagon 2019-2026 EU,Audi,A4 b9 avant,Wagon,2019-2026,三厢车,两厢车,通用标准：Wagon,,
EU,Audi A4 b9 avant B9 Wagon 2017-2026 EU,Audi,A4 b9 avant,Wagon,2017-2026,三厢车,两厢车,通用标准：Wagon,,
EU,Audi A5 FU5 L4829 W1860 H1460 Wagon 2024-2026 EU,Audi,A5,Wagon,2024-2026,三厢车,两厢车,通用标准：Wagon,,
EU,Audi A5 FU5 L4835 W1860 H1444 Wagon 2024-2026 EU,Audi,A5,Wagon,2024-2026,三厢车,两厢车,通用标准：Wagon,,
EU,Audi A5 FU5 Wagon 2025-2026 EU,Audi,A5,Wagon,2025-2026,三厢车,两厢车,通用标准：Wagon,,
EU,Audi A5 FU5 Wagon 2026-2026 EU,Audi,A5,Wagon,2026-2026,三厢车,两厢车,通用标准：Wagon,,
EU,Audi A6 allroad c6 4FH Wagon 2006-2008 EU,Audi,A6 allroad c6,Wagon,2006-2008,三厢车,两厢车,通用标准：Wagon,,
EU,Audi A6 allroad c6 4FH facelift Wagon 2006-2010 EU,Audi,A6 allroad c6,Wagon,2006-2010,三厢车,两厢车,通用标准：Wagon,,
EU,Audi A6 allroad c6 4FH prefl Wagon 2006-2010 EU,Audi,A6 allroad c6,Wagon,2006-2010,三厢车,两厢车,通用标准：Wagon,,
EU,Audi A6 allroad c6 Wagon 2006-2011 EU,Audi,A6 allroad c6,Wagon,2006-2011,三厢车,两厢车,通用标准：Wagon,,
EU,Audi A6 allroad c6 Wagon 2008-2011 EU,Audi,A6 allroad c6,Wagon,2008-2011,三厢车,两厢车,通用标准：Wagon,,
EU,Audi A6 allroad c7 4G Wagon 2012-2014 EU,Audi,A6 allroad c7,Wagon,2012-2014,三厢车,两厢车,通用标准：Wagon,,
EU,Audi A6 allroad c7 4G Wagon 2012-2016 EU,Audi,A6 allroad c7,Wagon,2012-2016,三厢车,两厢车,通用标准：Wagon,,
EU,Audi A6 allroad c7 4G Wagon 2014-2018 EU,Audi,A6 allroad c7,Wagon,2014-2018,三厢车,两厢车,通用标准：Wagon,,
EU,Audi A6 allroad c7 4G Wagon 2015-2018 EU,Audi,A6 allroad c7,Wagon,2015-2018,三厢车,两厢车,通用标准：Wagon,,
EU,Audi A6 allroad c7 4G facelift Wagon 2012-2018 EU,Audi,A6 allroad c7,Wagon,2012-2018,三厢车,两厢车,通用标准：Wagon,,
EU,Audi A6 allroad c7 4G prefl Wagon 2012-2018 EU,Audi,A6 allroad c7,Wagon,2012-2018,三厢车,两厢车,通用标准：Wagon,,
EU,Audi A6 allroad c8 4AH Wagon 2018-2026 EU,Audi,A6 allroad c8,Wagon,2018-2026,三厢车,两厢车,通用标准：Wagon,,
EU,Audi A6 allroad c8 4AH Wagon 2019-2026 EU,Audi,A6 allroad c8,Wagon,2019-2026,三厢车,两厢车,通用标准：Wagon,,
EU,Audi A6 allroad c8 4K Wagon 2020-2026 EU,Audi,A6 allroad c8,Wagon,2020-2026,三厢车,两厢车,通用标准：Wagon,,
EU,Audi A6 allroad c8 4K Wagon 2021-2026 EU,Audi,A6 allroad c8,Wagon,2021-2026,三厢车,两厢车,通用标准：Wagon,,
EU,Audi A6 allroad c8 C8 Wagon 2019-2026 EU,Audi,A6 allroad c8,Wagon,2019-2026,三厢车,两厢车,通用标准：Wagon,,
EU,Audi A6 c4 avant 4A L4797 W1783 H1440 Wagon 1994-1997 EU,Audi,A6 c4 avant,Wagon,1994-1997,三厢车,两厢车,通用标准：Wagon,,
EU,Audi A6 c4 avant 4A L4797 W1804 H1440 Wagon 1994-1997 EU,Audi,A6 c4 avant,Wagon,1994-1997,三厢车,两厢车,通用标准：Wagon,,
EU,Audi A6 c4 avant 4A Wagon 1996-1997 EU,Audi,A6 c4 avant,Wagon,1996-1997,三厢车,两厢车,通用标准：Wagon,,
EU,Audi A6 c4 avant 4A5 Wagon 1994-1997 EU,Audi,A6 c4 avant,Wagon,1994-1997,三厢车,两厢车,通用标准：Wagon,,
EU,Audi A6 c4 avant 4A5 Wagon 1995-1997 EU,Audi,A6 c4 avant,Wagon,1995-1997,三厢车,两厢车,通用标准：Wagon,,
EU,Audi A6 c4 avant C4 Wagon 1994-1995 EU,Audi,A6 c4 avant,Wagon,1994-1995,三厢车,两厢车,通用标准：Wagon,,
EU,Audi A6 c4 avant Wagon 1994-1995 EU,Audi,A6 c4 avant,Wagon,1994-1995,三厢车,两厢车,通用标准：Wagon,,
EU,Audi A6 c5 avant 4B5 L4796 W1810 H1477 Wagon 2002-2005 EU,Audi,A6 c5 avant,Wagon,2002-2005,三厢车,两厢车,通用标准：Wagon,,
EU,Audi A6 c5 avant 4B5 L4852 W1850 H1430 Wagon 2002-2005 EU,Audi,A6 c5 avant,Wagon,2002-2005,三厢车,两厢车,通用标准：Wagon,,
EU,Audi A6 c5 avant 4B5 Wagon 1997-2000 EU,Audi,A6 c5 avant,Wagon,1997-2000,三厢车,两厢车,通用标准：Wagon,,
EU,Audi A6 c5 avant 4B5 Wagon 1997-2005 EU,Audi,A6 c5 avant,Wagon,1997-2005,三厢车,两厢车,通用标准：Wagon,,
EU,Audi A6 c5 avant 4B5 Wagon 1998-2001 EU,Audi,A6 c5 avant,Wagon,1998-2001,三厢车,两厢车,通用标准：Wagon,,
EU,Audi A6 c5 avant 4B5 Wagon 1998-2005 EU,Audi,A6 c5 avant,Wagon,1998-2005,三厢车,两厢车,通用标准：Wagon,,
EU,Audi A6 c5 avant 4B5 Wagon 1999-2005 EU,Audi,A6 c5 avant,Wagon,1999-2005,三厢车,两厢车,通用标准：Wagon,,
EU,Audi A6 c5 avant 4B5 Wagon 2001-2005 EU,Audi,A6 c5 avant,Wagon,2001-2005,三厢车,两厢车,通用标准：Wagon,,
EU,Audi A6 c5 avant 4B5 Wagon 2004-2005 EU,Audi,A6 c5 avant,Wagon,2004-2005,三厢车,两厢车,通用标准：Wagon,,
EU,Audi A6 c5 avant 4B5 facelift Wagon 1997-2005 EU,Audi,A6 c5 avant,Wagon,1997-2005,三厢车,两厢车,通用标准：Wagon,,
EU,Audi A6 c5 avant 4B5 facelift Wagon 1998-2005 EU,Audi,A6 c5 avant,Wagon,1998-2005,三厢车,两厢车,通用标准：Wagon,,
EU,Audi A6 c5 avant 4B5 facelift Wagon 1999-2005 EU,Audi,A6 c5 avant,Wagon,1999-2005,三厢车,两厢车,通用标准：Wagon,,
EU,Audi A6 c5 avant 4B5 facelift Wagon 2000-2005 EU,Audi,A6 c5 avant,Wagon,2000-2005,三厢车,两厢车,通用标准：Wagon,,
EU,Audi A6 c5 avant 4B5 prefl Wagon 1998-2005 EU,Audi,A6 c5 avant,Wagon,1998-2005,三厢车,两厢车,通用标准：Wagon,,
EU,Audi A6 c5 avant 4B5 prefl Wagon 1999-2005 EU,Audi,A6 c5 avant,Wagon,1999-2005,三厢车,两厢车,通用标准：Wagon,,
EU,Audi A6 c5 avant 4B5 prefl Wagon 2000-2005 EU,Audi,A6 c5 avant,Wagon,2000-2005,三厢车,两厢车,通用标准：Wagon,,
EU,Audi A6 c5 avant 4B5 prefl Wagon 2001-2005 EU,Audi,A6 c5 avant,Wagon,2001-2005,三厢车,两厢车,通用标准：Wagon,,
EU,Audi A6 c6 avant 4F facelift Wagon 2005-2011 EU,Audi,A6 c6 avant,Wagon,2005-2011,三厢车,两厢车,通用标准：Wagon,,
EU,Audi A6 c6 avant 4F prefl Wagon 2005-2011 EU,Audi,A6 c6 avant,Wagon,2005-2011,三厢车,两厢车,通用标准：Wagon,,
EU,Audi A6 c6 avant 4F5 Wagon 2004-2008 EU,Audi,A6 c6 avant,Wagon,2004-2008,三厢车,两厢车,通用标准：Wagon,,
EU,Audi A6 c6 avant 4F5 Wagon 2005-2006 EU,Audi,A6 c6 avant,Wagon,2005-2006,三厢车,两厢车,通用标准：Wagon,,
EU,Audi A6 c6 avant 4F5 Wagon 2005-2008 EU,Audi,A6 c6 avant,Wagon,2005-2008,三厢车,两厢车,通用标准：Wagon,,
EU,Audi A6 c6 avant 4F5 Wagon 2006-2008 EU,Audi,A6 c6 avant,Wagon,2006-2008,三厢车,两厢车,通用标准：Wagon,,
EU,Audi A6 c6 avant 4F5 Wagon 2007-2008 EU,Audi,A6 c6 avant,Wagon,2007-2008,三厢车,两厢车,通用标准：Wagon,,
EU,Audi A6 c6 avant 4F5 Wagon 2008-2010 EU,Audi,A6 c6 avant,Wagon,2008-2010,三厢车,两厢车,通用标准：Wagon,,
EU,Audi A6 c6 avant 4F5 Wagon 2008-2011 EU,Audi,A6 c6 avant,Wagon,2008-2011,三厢车,两厢车,通用标准：Wagon,,
EU,Audi A6 c6 avant 4F5 Wagon 2009-2011 EU,Audi,A6 c6 avant,Wagon,2009-2011,三厢车,两厢车,通用标准：Wagon,,
EU,Audi A6 c6 avant 4F5 facelift L4927 W1855 H1463 Wagon 2006-2011 EU,Audi,A6 c6 avant,Wagon,2006-2011,三厢车,两厢车,通用标准：Wagon,,
EU,Audi A6 c6 avant 4F5 facelift L4938 W1864 H1446 Wagon 2006-2011 EU,Audi,A6 c6 avant,Wagon,2006-2011,三厢车,两厢车,通用标准：Wagon,,
EU,Audi A6 c6 avant 4F5 facelift Wagon 2005-2011 EU,Audi,A6 c6 avant,Wagon,2005-2011,三厢车,两厢车,通用标准：Wagon,,
EU,Audi A6 c6 avant 4F5 prefl L4933 W1855 H1463 Wagon 2006-2011 EU,Audi,A6 c6 avant,Wagon,2006-2011,三厢车,两厢车,通用标准：Wagon,,
EU,Audi A6 c6 avant 4F5 prefl L4933 W1864 H1453 Wagon 2006-2011 EU,Audi,A6 c6 avant,Wagon,2006-2011,三厢车,两厢车,通用标准：Wagon,,
EU,Audi A6 c6 avant 4F5 prefl Wagon 2005-2011 EU,Audi,A6 c6 avant,Wagon,2005-2011,三厢车,两厢车,通用标准：Wagon,,
EU,Audi A6 c6 avant Wagon 2005-2006 EU,Audi,A6 c6 avant,Wagon,2005-2006,三厢车,两厢车,通用标准：Wagon,,
EU,Audi A6 c7 avant 4G Wagon 2012-2018 EU,Audi,A6 c7 avant,Wagon,2012-2018,三厢车,两厢车,通用标准：Wagon,,
EU,Audi A6 c7 avant 4G5 Wagon 2011-2012 EU,Audi,A6 c7 avant,Wagon,2011-2012,三厢车,两厢车,通用标准：Wagon,,
EU,Audi A6 c7 avant 4G5 Wagon 2011-2015 EU,Audi,A6 c7 avant,Wagon,2011-2015,三厢车,两厢车,通用标准：Wagon,,
EU,Audi A6 c7 avant 4G5 Wagon 2011-2018 EU,Audi,A6 c7 avant,Wagon,2011-2018,三厢车,两厢车,通用标准：Wagon,,
EU,Audi A6 c7 avant 4G5 Wagon 2012-2018 EU,Audi,A6 c7 avant,Wagon,2012-2018,三厢车,两厢车,通用标准：Wagon,,
EU,Audi A6 c7 avant 4G5 prefl L4926 W1874 H1461 Wagon 2013-2018 EU,Audi,A6 c7 avant,Wagon,2013-2018,三厢车,两厢车,通用标准：Wagon,,
EU,Audi A6 c7 avant 4G5 prefl L4979 W1936 H1461 Wagon 2013-2018 EU,Audi,A6 c7 avant,Wagon,2013-2018,三厢车,两厢车,通用标准：Wagon,,
EU,Audi A6 c7 avant 4GD L4942 W1874 H1436 Wagon 2014-2018 EU,Audi,A6 c7 avant,Wagon,2014-2018,三厢车,两厢车,通用标准：Wagon,,
EU,Audi A6 c7 avant 4GD L4943 W1874 H1461 Wagon 2014-2018 EU,Audi,A6 c7 avant,Wagon,2014-2018,三厢车,两厢车,通用标准：Wagon,,
EU,Audi A6 c7 avant 4GD L4943 W1874 H1461 Wagon 2015-2018 EU,Audi,A6 c7 avant,Wagon,2015-2018,三厢车,两厢车,通用标准：Wagon,,
EU,Audi A6 c7 avant 4GD L4979 W1936 H1461 Wagon 2015-2018 EU,Audi,A6 c7 avant,Wagon,2015-2018,三厢车,两厢车,通用标准：Wagon,,
EU,Audi A6 c7 avant 4GD Wagon 2011-2015 EU,Audi,A6 c7 avant,Wagon,2011-2015,三厢车,两厢车,通用标准：Wagon,,
EU,Audi A6 c7 avant 4GD Wagon 2011-2018 EU,Audi,A6 c7 avant,Wagon,2011-2018,三厢车,两厢车,通用标准：Wagon,,
EU,Audi A6 c7 avant 4GD Wagon 2012-2018 EU,Audi,A6 c7 avant,Wagon,2012-2018,三厢车,两厢车,通用标准：Wagon,,
EU,Audi A6 c7 avant 4GD facelift L4943 W1874 H1461 Wagon 2013-2018 EU,Audi,A6 c7 avant,Wagon,2013-2018,三厢车,两厢车,通用标准：Wagon,,
EU,Audi A6 c7 avant 4GD facelift L4979 W1936 H1461 Wagon 2013-2018 EU,Audi,A6 c7 avant,Wagon,2013-2018,三厢车,两厢车,通用标准：Wagon,,
EU,Audi A6 c8 avant 4A5 L4939 W1886 H1467 Wagon 2019-2026 EU,Audi,A6 c8 avant,Wagon,2019-2026,三厢车,两厢车,通用标准：Wagon,,
EU,Audi A6 c8 avant 4A5 L4939 W1886 H1467 Wagon 2020-2026 EU,Audi,A6 c8 avant,Wagon,2020-2026,三厢车,两厢车,通用标准：Wagon,,
EU,Audi A6 c8 avant 4A5 L4939 W1886 H1494 Wagon 2019-2026 EU,Audi,A6 c8 avant,Wagon,2019-2026,三厢车,两厢车,通用标准：Wagon,,
EU,Audi A6 c8 avant 4A5 L4939 W1886 H1494 Wagon 2020-2026 EU,Audi,A6 c8 avant,Wagon,2020-2026,三厢车,两厢车,通用标准：Wagon,,
EU,Audi A6 c8 avant 4A5 L4954 W1886 H1481 Wagon 2019-2026 EU,Audi,A6 c8 avant,Wagon,2019-2026,三厢车,两厢车,通用标准：Wagon,,
EU,Audi A6 c8 avant 4A5 L4964 W1886 H1481 Wagon 2020-2026 EU,Audi,A6 c8 avant,Wagon,2020-2026,三厢车,两厢车,通用标准：Wagon,,
EU,Audi A6 c8 avant 4A5 Wagon 2018-2026 EU,Audi,A6 c8 avant,Wagon,2018-2026,三厢车,两厢车,通用标准：Wagon,,
EU,Audi A6 c8 avant 4A5 Wagon 2021-2026 EU,Audi,A6 c8 avant,Wagon,2021-2026,三厢车,两厢车,通用标准：Wagon,,
EU,Audi A6 c8 avant 4A5 Wagon 2023-2026 EU,Audi,A6 c8 avant,Wagon,2023-2026,三厢车,两厢车,通用标准：Wagon,,
EU,Audi A6 c8 avant C8 Wagon 2019-2026 EU,Audi,A6 c8 avant,Wagon,2019-2026,三厢车,两厢车,通用标准：Wagon,,
EU,Audi A6 c8 avant Wagon 2020-2026 EU,Audi,A6 c8 avant,Wagon,2020-2026,三厢车,两厢车,通用标准：Wagon,,
EU,Audi A6 c8 avant Wagon 2021-2026 EU,Audi,A6 c8 avant,Wagon,2021-2026,三厢车,两厢车,通用标准：Wagon,,
EU,Audi A6 c9 avant Wagon 2025-2026 EU,Audi,A6 c9 avant,Wagon,2025-2026,三厢车,两厢车,通用标准：Wagon,,
EU,Audi A6 c9 avant Wagon 2026-2026 EU,Audi,A6 c9 avant,Wagon,2026-2026,三厢车,两厢车,通用标准：Wagon,,
EU,Audi A6 e-Tron avant Wagon 2024-2026 EU,Audi,A6 e-Tron avant,Wagon,2024-2026,三厢车,两厢车,通用标准：Wagon,,
EU,Audi Allroad c5 4BH Wagon 2000-2005 EU,Audi,Allroad c5,Wagon,2000-2005,三厢车,两厢车,通用标准：Wagon,,
EU,Audi Allroad c5 4BH Wagon 2002-2005 EU,Audi,Allroad c5,Wagon,2002-2005,三厢车,两厢车,通用标准：Wagon,,
EU,Audi Allroad c5 4BH Wagon 2003-2005 EU,Audi,Allroad c5,Wagon,2003-2005,三厢车,两厢车,通用标准：Wagon,,
EU,Austin Allegro i ADO67 Wagon 1981-1983 EU,Austin,Allegro i,Wagon,1981-1983,三厢车,两厢车,通用标准：Wagon,,
EU,Austin Montego LM11 Wagon 1984-1988 EU,Austin,Montego,Wagon,1984-1988,三厢车,两厢车,通用标准：Wagon,,
EU,Austin Montego LM11 Wagon 1984-1992 EU,Austin,Montego,Wagon,1984-1992,三厢车,两厢车,通用标准：Wagon,,
EU,Austin Montego LM11 facelift Wagon 1984-1991 EU,Austin,Montego,Wagon,1984-1991,三厢车,两厢车,通用标准：Wagon,,
EU,Austin Montego LM11 prefl Wagon 1984-1991 EU,Austin,Montego,Wagon,1984-1991,三厢车,两厢车,通用标准：Wagon,,
EU,Austin Montego Wagon 1988-1992 EU,Austin,Montego,Wagon,1988-1992,三厢车,两厢车,通用标准：Wagon,,
EU,Auto Union Dkw meisterklasse universal F89 U Wagon 1951-1955 EU,Auto Union,Dkw meisterklasse universal,Wagon,1951-1955,三厢车,两厢车,通用标准：Wagon,,
EU,Auto Union Dkw sonderklasse f universal F94 U Wagon 1956-1960 EU,Auto Union,Dkw sonderklasse f universal,Wagon,1956-1960,三厢车,两厢车,通用标准：Wagon,,
EU,Auto Union Dkw sonderklasse universal F91 U Wagon 1953-1957 EU,Auto Union,Dkw sonderklasse universal,Wagon,1953-1957,三厢车,两厢车,通用标准：Wagon,,
EU,Autobianchi Bianchina series2 Wagon 1960-1969 EU,Autobianchi,Bianchina,Wagon,1960-1969,三厢车,两厢车,通用标准：Wagon,,
EU,Autobianchi Bianchina series3 Wagon 1960-1969 EU,Autobianchi,Bianchina,Wagon,1960-1969,三厢车,两厢车,通用标准：Wagon,,
EU,BMC Megastar 290 M Van 2004-2010 EU,BMC,Megastar,Van,2004-2010,越野车,两厢车,通用标准：Van,,
EU,BMC Megastar 290 V Van 2004-2010 EU,BMC,Megastar,Van,2004-2010,越野车,两厢车,通用标准：Van,,
EU,BMC Megastar 360 M lowroof facelift Van 2004-2010 EU,BMC,Megastar,Van,2004-2010,越野车,两厢车,通用标准：Van,,
EU,BMC Megastar 360 M lowroof prefl Van 2004-2010 EU,BMC,Megastar,Van,2004-2010,越野车,两厢车,通用标准：Van,,
EU,BMC Megastar 360 MH Van 2004-2010 EU,BMC,Megastar,Van,2004-2010,越野车,两厢车,通用标准：Van,,
EU,BMC Megastar 360 V lowroof facelift Van 2004-2010 EU,BMC,Megastar,Van,2004-2010,越野车,两厢车,通用标准：Van,,
EU,BMC Megastar 360 V lowroof prefl Van 2004-2010 EU,BMC,Megastar,Van,2004-2010,越野车,两厢车,通用标准：Van,,
EU,BMC Megastar 360 VH Van 2004-2010 EU,BMC,Megastar,Van,2004-2010,越野车,两厢车,通用标准：Van,,
EU,BMW 1502-2002 E6 Wagon 1971-1973 EU,BMW,1502-2002,Wagon,1971-1973,三厢车,两厢车,通用标准：Wagon,,
EU,BMW 1502-2002 E6 Wagon 1971-1975 EU,BMW,1502-2002,Wagon,1971-1975,三厢车,两厢车,通用标准：Wagon,,
EU,BMW 2 F45 MPV 2014-2018 EU,BMW,2,MPV,2014-2018,越野车,两厢车,通用标准：MPV,,
EU,BMW 2 F45 MPV 2015-2018 EU,BMW,2,MPV,2015-2018,越野车,两厢车,通用标准：MPV,,
EU,BMW 2 F45 MPV 2018-2021 EU,BMW,2,MPV,2018-2021,越野车,两厢车,通用标准：MPV,,
EU,BMW 2 F45 MPV 2020-2021 EU,BMW,2,MPV,2020-2021,越野车,两厢车,通用标准：MPV,,
EU,BMW 2 F45 MPV 2020-2026 EU,BMW,2,MPV,2020-2026,越野车,两厢车,通用标准：MPV,,
EU,BMW 2 F45 facelift MPV 2013-2019 EU,BMW,2,MPV,2013-2019,越野车,两厢车,通用标准：MPV,,
EU,BMW 2 F45 facelift MPV 2013-2021 EU,BMW,2,MPV,2013-2021,越野车,两厢车,通用标准：MPV,,
EU,BMW 2 F45 facelift MPV 2014-2021 EU,BMW,2,MPV,2014-2021,越野车,两厢车,通用标准：MPV,,
EU,BMW 2 F45 facelift MPV 2015-2026 EU,BMW,2,MPV,2015-2026,越野车,两厢车,通用标准：MPV,,
EU,BMW 2 F45 prefl MPV 2013-2019 EU,BMW,2,MPV,2013-2019,越野车,两厢车,通用标准：MPV,,
EU,BMW 2 F45 prefl MPV 2013-2021 EU,BMW,2,MPV,2013-2021,越野车,两厢车,通用标准：MPV,,
EU,BMW 2 F45 prefl MPV 2014-2021 EU,BMW,2,MPV,2014-2021,越野车,两厢车,通用标准：MPV,,
EU,BMW 2 F45 prefl MPV 2015-2026 EU,BMW,2,MPV,2015-2026,越野车,两厢车,通用标准：MPV,,
EU,BMW 2 F46 MPV 2015-2018 EU,BMW,2,MPV,2015-2018,越野车,两厢车,通用标准：MPV,,
EU,BMW 2 F46 MPV 2018-2021 EU,BMW,2,MPV,2018-2021,越野车,两厢车,通用标准：MPV,,
EU,BMW 2 F46 MPV 2018-2026 EU,BMW,2,MPV,2018-2026,越野车,两厢车,通用标准：MPV,,
EU,BMW 2 F46 facelift L4568 W1800 H1612 MPV 2014-2026 EU,BMW,2,MPV,2014-2026,越野车,两厢车,通用标准：MPV,,
EU,BMW 2 F46 facelift L4568 W1800 H1612 MPV 2017-2026 EU,BMW,2,MPV,2017-2026,越野车,两厢车,通用标准：MPV,,
EU,BMW 2 F46 facelift L4568 W1800 H1641 MPV 2014-2026 EU,BMW,2,MPV,2014-2026,越野车,两厢车,通用标准：MPV,,
EU,BMW 2 F46 facelift L4568 W1800 H1641 MPV 2017-2026 EU,BMW,2,MPV,2017-2026,越野车,两厢车,通用标准：MPV,,
EU,BMW 2 F46 facelift MPV 2014-2021 EU,BMW,2,MPV,2014-2021,越野车,两厢车,通用标准：MPV,,
EU,BMW 2 F46 facelift MPV 2015-2026 EU,BMW,2,MPV,2015-2026,越野车,两厢车,通用标准：MPV,,
EU,BMW 2 F46 prefl L4556 W1800 H1612 MPV 2014-2026 EU,BMW,2,MPV,2014-2026,越野车,两厢车,通用标准：MPV,,
EU,BMW 2 F46 prefl L4556 W1800 H1612 MPV 2017-2026 EU,BMW,2,MPV,2017-2026,越野车,两厢车,通用标准：MPV,,
EU,BMW 2 F46 prefl L4556 W1800 H1641 MPV 2014-2026 EU,BMW,2,MPV,2014-2026,越野车,两厢车,通用标准：MPV,,
EU,BMW 2 F46 prefl L4556 W1800 H1641 MPV 2017-2026 EU,BMW,2,MPV,2017-2026,越野车,两厢车,通用标准：MPV,,
EU,BMW 2 F46 prefl MPV 2014-2021 EU,BMW,2,MPV,2014-2021,越野车,两厢车,通用标准：MPV,,
EU,BMW 2 F46 prefl MPV 2015-2026 EU,BMW,2,MPV,2015-2026,越野车,两厢车,通用标准：MPV,,
EU,BMW 2 U06 MPV 2021-2026 EU,BMW,2,MPV,2021-2026,越野车,两厢车,通用标准：MPV,,
EU,BMW 2 U06 MPV 2022-2026 EU,BMW,2,MPV,2022-2026,越野车,两厢车,通用标准：MPV,,
EU,BMW 2 U06 MPV 2024-2026 EU,BMW,2,MPV,2024-2026,越野车,两厢车,通用标准：MPV,,
EU,BMW 3 E30 Wagon 1987-1991 EU,BMW,3,Wagon,1987-1991,三厢车,两厢车,通用标准：Wagon,,
EU,BMW 3 E30 Wagon 1987-1993 EU,BMW,3,Wagon,1987-1993,三厢车,两厢车,通用标准：Wagon,,
EU,BMW 3 E30 Wagon 1988-1991 EU,BMW,3,Wagon,1988-1991,三厢车,两厢车,通用标准：Wagon,,
EU,BMW 3 E30 Wagon 1988-1993 EU,BMW,3,Wagon,1988-1993,三厢车,两厢车,通用标准：Wagon,,
EU,BMW 3 E30 Wagon 1989-1994 EU,BMW,3,Wagon,1989-1994,三厢车,两厢车,通用标准：Wagon,,
EU,BMW 3 E30 Wagon 1991-1994 EU,BMW,3,Wagon,1991-1994,三厢车,两厢车,通用标准：Wagon,,
EU,BMW 3 E30/5 Wagon 1991-1994 EU,BMW,3,Wagon,1991-1994,三厢车,两厢车,通用标准：Wagon,,
EU,BMW 3 E36 Wagon 1995-1999 EU,BMW,3,Wagon,1995-1999,三厢车,两厢车,通用标准：Wagon,,
EU,BMW 3 E36/3 Wagon 1995-1999 EU,BMW,3,Wagon,1995-1999,三厢车,两厢车,通用标准：Wagon,,
EU,BMW 3 E36/3 Wagon 1997-1999 EU,BMW,3,Wagon,1997-1999,三厢车,两厢车,通用标准：Wagon,,
EU,BMW 3 E46 Wagon 1999-2000 EU,BMW,3,Wagon,1999-2000,三厢车,两厢车,通用标准：Wagon,,
EU,BMW 3 E46 Wagon 1999-2001 EU,BMW,3,Wagon,1999-2001,三厢车,两厢车,通用标准：Wagon,,
EU,BMW 3 E46 Wagon 2000-2001 EU,BMW,3,Wagon,2000-2001,三厢车,两厢车,通用标准：Wagon,,
EU,BMW 3 E46 Wagon 2000-2005 EU,BMW,3,Wagon,2000-2005,三厢车,两厢车,通用标准：Wagon,,
EU,BMW 3 E46 Wagon 2001-2005 EU,BMW,3,Wagon,2001-2005,三厢车,两厢车,通用标准：Wagon,,
EU,BMW 3 E46 Wagon 2004-2007 EU,BMW,3,Wagon,2004-2007,三厢车,两厢车,通用标准：Wagon,,
EU,BMW 3 E46/3 L4478 W1739 H1409 Wagon 2000-2005 EU,BMW,3,Wagon,2000-2005,三厢车,两厢车,通用标准：Wagon,,
EU,BMW 3 E46/3 L4478 W1739 H1429 Wagon 2000-2005 EU,BMW,3,Wagon,2000-2005,三厢车,两厢车,通用标准：Wagon,,
EU,BMW 3 E46/3 Wagon 1999-2000 EU,BMW,3,Wagon,1999-2000,三厢车,两厢车,通用标准：Wagon,,
EU,BMW 3 E46/3 Wagon 1999-2005 EU,BMW,3,Wagon,1999-2005,三厢车,两厢车,通用标准：Wagon,,
EU,BMW 3 E46/3 Wagon 2000-2003 EU,BMW,3,Wagon,2000-2003,三厢车,两厢车,通用标准：Wagon,,
EU,BMW 3 E46/3 Wagon 2001-2005 EU,BMW,3,Wagon,2001-2005,三厢车,两厢车,通用标准：Wagon,,
EU,BMW 3 E46/3 Wagon 2002-2003 EU,BMW,3,Wagon,2002-2003,三厢车,两厢车,通用标准：Wagon,,
EU,BMW 3 E46/3 Wagon 2002-2005 EU,BMW,3,Wagon,2002-2005,三厢车,两厢车,通用标准：Wagon,,
EU,BMW 3 E46/3 Wagon 2003-2005 EU,BMW,3,Wagon,2003-2005,三厢车,两厢车,通用标准：Wagon,,
EU,BMW 3 E91 Wagon 2004-2008 EU,BMW,3,Wagon,2004-2008,三厢车,两厢车,通用标准：Wagon,,
EU,BMW 3 E91 Wagon 2005-2007 EU,BMW,3,Wagon,2005-2007,三厢车,两厢车,通用标准：Wagon,,
EU,BMW 3 E91 Wagon 2005-2008 EU,BMW,3,Wagon,2005-2008,三厢车,两厢车,通用标准：Wagon,,
EU,BMW 3 E91 Wagon 2006-2007 EU,BMW,3,Wagon,2006-2007,三厢车,两厢车,通用标准：Wagon,,
EU,BMW 3 E91 Wagon 2006-2008 EU,BMW,3,Wagon,2006-2008,三厢车,两厢车,通用标准：Wagon,,
EU,BMW 3 E91 Wagon 2007-2008 EU,BMW,3,Wagon,2007-2008,三厢车,两厢车,通用标准：Wagon,,
EU,BMW 3 E91 Wagon 2008-2010 EU,BMW,3,Wagon,2008-2010,三厢车,两厢车,通用标准：Wagon,,
EU,BMW 3 E91 Wagon 2008-2012 EU,BMW,3,Wagon,2008-2012,三厢车,两厢车,通用标准：Wagon,,
EU,BMW 3 E91 Wagon 2009-2012 EU,BMW,3,Wagon,2009-2012,三厢车,两厢车,通用标准：Wagon,,
EU,BMW 3 E91 Wagon 2010-2012 EU,BMW,3,Wagon,2010-2012,三厢车,两厢车,通用标准：Wagon,,
EU,BMW 3 E91 facelift Wagon 2004-2010 EU,BMW,3,Wagon,2004-2010,三厢车,两厢车,通用标准：Wagon,,
EU,BMW 3 E91 facelift Wagon 2005-2012 EU,BMW,3,Wagon,2005-2012,三厢车,两厢车,通用标准：Wagon,,
EU,BMW 3 E91 facelift Wagon 2006-2012 EU,BMW,3,Wagon,2006-2012,三厢车,两厢车,通用标准：Wagon,,
EU,BMW 3 E91 facelift Wagon 2007-2010 EU,BMW,3,Wagon,2007-2010,三厢车,两厢车,通用标准：Wagon,,
EU,BMW 3 E91 facelift Wagon 2007-2012 EU,BMW,3,Wagon,2007-2012,三厢车,两厢车,通用标准：Wagon,,
EU,BMW 3 E91 prefl L4520 W1817 H1418 Wagon 2006-2012 EU,BMW,3,Wagon,2006-2012,三厢车,两厢车,通用标准：Wagon,,
EU,BMW 3 E91 prefl L4520 W1820 H1440 Wagon 2006-2012 EU,BMW,3,Wagon,2006-2012,三厢车,两厢车,通用标准：Wagon,,
EU,BMW 3 E91 prefl Wagon 2004-2010 EU,BMW,3,Wagon,2004-2010,三厢车,两厢车,通用标准：Wagon,,
EU,BMW 3 E91 prefl Wagon 2005-2012 EU,BMW,3,Wagon,2005-2012,三厢车,两厢车,通用标准：Wagon,,
EU,BMW 3 E91 prefl Wagon 2007-2010 EU,BMW,3,Wagon,2007-2010,三厢车,两厢车,通用标准：Wagon,,
EU,BMW 3 E91 prefl Wagon 2007-2012 EU,BMW,3,Wagon,2007-2012,三厢车,两厢车,通用标准：Wagon,,
EU,BMW 3 E91 prefl Wagon 2008-2010 EU,BMW,3,Wagon,2008-2010,三厢车,两厢车,通用标准：Wagon,,
EU,BMW 3 F31 L4624 W1811 H1429 Wagon 2013-2013 EU,BMW,3,Wagon,2013-2013,三厢车,两厢车,通用标准：Wagon,,
EU,BMW 3 F31 L4624 W1811 H1429 Wagon 2013-2015 EU,BMW,3,Wagon,2013-2015,三厢车,两厢车,通用标准：Wagon,,
EU,BMW 3 F31 L4624 W1811 H1434 Wagon 2013-2013 EU,BMW,3,Wagon,2013-2013,三厢车,两厢车,通用标准：Wagon,,
EU,BMW 3 F31 L4624 W1811 H1434 Wagon 2013-2015 EU,BMW,3,Wagon,2013-2015,三厢车,两厢车,通用标准：Wagon,,
EU,BMW 3 F31 L4633 W1811 H1429 Wagon 2015-2019 EU,BMW,3,Wagon,2015-2019,三厢车,两厢车,通用标准：Wagon,,
EU,BMW 3 F31 L4633 W1811 H1434 Wagon 2015-2019 EU,BMW,3,Wagon,2015-2019,三厢车,两厢车,通用标准：Wagon,,
EU,BMW 3 F31 Wagon 2012-2015 EU,BMW,3,Wagon,2012-2015,三厢车,两厢车,通用标准：Wagon,,
EU,BMW 3 F31 Wagon 2015-2018 EU,BMW,3,Wagon,2015-2018,三厢车,两厢车,通用标准：Wagon,,
EU,BMW 3 F31 Wagon 2016-2018 EU,BMW,3,Wagon,2016-2018,三厢车,两厢车,通用标准：Wagon,,
EU,BMW 3 F31 facelift L4633 W1811 H1429 Wagon 2013-2016 EU,BMW,3,Wagon,2013-2016,三厢车,两厢车,通用标准：Wagon,,
EU,BMW 3 F31 facelift L4633 W1811 H1434 Wagon 2013-2016 EU,BMW,3,Wagon,2013-2016,三厢车,两厢车,通用标准：Wagon,,
EU,BMW 3 F31 facelift Wagon 2012-2016 EU,BMW,3,Wagon,2012-2016,三厢车,两厢车,通用标准：Wagon,,
EU,BMW 3 F31 facelift Wagon 2012-2019 EU,BMW,3,Wagon,2012-2019,三厢车,两厢车,通用标准：Wagon,,
EU,BMW 3 F31 facelift Wagon 2013-2019 EU,BMW,3,Wagon,2013-2019,三厢车,两厢车,通用标准：Wagon,,
EU,BMW 3 F31 prefl L4624 W1811 H1429 Wagon 2013-2016 EU,BMW,3,Wagon,2013-2016,三厢车,两厢车,通用标准：Wagon,,
EU,BMW 3 F31 prefl L4624 W1811 H1434 Wagon 2013-2016 EU,BMW,3,Wagon,2013-2016,三厢车,两厢车,通用标准：Wagon,,
EU,BMW 3 F31 prefl Wagon 2012-2016 EU,BMW,3,Wagon,2012-2016,三厢车,两厢车,通用标准：Wagon,,
EU,BMW 3 F31 prefl Wagon 2012-2019 EU,BMW,3,Wagon,2012-2019,三厢车,两厢车,通用标准：Wagon,,
EU,BMW 3 F31 prefl Wagon 2013-2019 EU,BMW,3,Wagon,2013-2019,三厢车,两厢车,通用标准：Wagon,,
EU,BMW 3 G21 L4709 W1827 H1440 Wagon 2019-2020 EU,BMW,3,Wagon,2019-2020,三厢车,两厢车,通用标准：Wagon,,
EU,BMW 3 G21 L4709 W1827 H1440 Wagon 2019-2026 EU,BMW,3,Wagon,2019-2026,三厢车,两厢车,通用标准：Wagon,,
EU,BMW 3 G21 L4709 W1827 H1442 Wagon 2020-2026 EU,BMW,3,Wagon,2020-2026,三厢车,两厢车,通用标准：Wagon,,
EU,BMW 3 G21 L4709 W1827 H1445 Wagon 2019-2020 EU,BMW,3,Wagon,2019-2020,三厢车,两厢车,通用标准：Wagon,,
EU,BMW 3 G21 L4709 W1827 H1445 Wagon 2019-2026 EU,BMW,3,Wagon,2019-2026,三厢车,两厢车,通用标准：Wagon,,
EU,BMW 3 G21 L4709 W1827 H1445 Wagon 2020-2026 EU,BMW,3,Wagon,2020-2026,三厢车,两厢车,通用标准：Wagon,,
EU,BMW 3 G21 Wagon 2019-2022 EU,BMW,3,Wagon,2019-2022,三厢车,两厢车,通用标准：Wagon,,
EU,BMW 3 G21 Wagon 2025-2026 EU,BMW,3,Wagon,2025-2026,三厢车,两厢车,通用标准：Wagon,,
EU,BMW 3 G21 facelift L4713 W1827 H1440 Wagon 2019-2026 EU,BMW,3,Wagon,2019-2026,三厢车,两厢车,通用标准：Wagon,,
EU,BMW 3 G21 facelift L4713 W1827 H1445 Wagon 2019-2026 EU,BMW,3,Wagon,2019-2026,三厢车,两厢车,通用标准：Wagon,,
EU,BMW 3 G21 facelift Wagon 2020-2026 EU,BMW,3,Wagon,2020-2026,三厢车,两厢车,通用标准：Wagon,,
EU,BMW 3 G21 facelift Wagon 2021-2026 EU,BMW,3,Wagon,2021-2026,三厢车,两厢车,通用标准：Wagon,,
EU,BMW 3 G21 prefl Wagon 2020-2026 EU,BMW,3,Wagon,2020-2026,三厢车,两厢车,通用标准：Wagon,,
EU,BMW 3 G21 prefl Wagon 2021-2026 EU,BMW,3,Wagon,2021-2026,三厢车,两厢车,通用标准：Wagon,,
EU,BMW 3 G81 Wagon 2022-2024 EU,BMW,3,Wagon,2022-2024,三厢车,两厢车,通用标准：Wagon,,
EU,BMW 3 G81 Wagon 2024-2026 EU,BMW,3,Wagon,2024-2026,三厢车,两厢车,通用标准：Wagon,,
EU,BMW 3 G81 Wagon 2025-2026 EU,BMW,3,Wagon,2025-2026,三厢车,两厢车,通用标准：Wagon,,
EU,BMW 5 E34 L4720 W1751 H1417 Wagon 1992-1996 EU,BMW,5,Wagon,1992-1996,三厢车,两厢车,通用标准：Wagon,,
EU,BMW 5 E34 L4720 W1751 H1422 Wagon 1992-1996 EU,BMW,5,Wagon,1992-1996,三厢车,两厢车,通用标准：Wagon,,
EU,BMW 5 E34 Wagon 1991-1996 EU,BMW,5,Wagon,1991-1996,三厢车,两厢车,通用标准：Wagon,,
EU,BMW 5 E34 Wagon 1992-1995 EU,BMW,5,Wagon,1992-1995,三厢车,两厢车,通用标准：Wagon,,
EU,BMW 5 E34 Wagon 1993-1996 EU,BMW,5,Wagon,1993-1996,三厢车,两厢车,通用标准：Wagon,,
EU,BMW 5 E34 Wagon 1994-1996 EU,BMW,5,Wagon,1994-1996,三厢车,两厢车,通用标准：Wagon,,
EU,BMW 5 E34 Wagon 1996-1996 EU,BMW,5,Wagon,1996-1996,三厢车,两厢车,通用标准：Wagon,,
EU,BMW 5 E34/5 Wagon 1993-1994 EU,BMW,5,Wagon,1993-1994,三厢车,两厢车,通用标准：Wagon,,
EU,BMW 5 E34/5 Wagon 1993-1996 EU,BMW,5,Wagon,1993-1996,三厢车,两厢车,通用标准：Wagon,,
EU,BMW 5 E39 Wagon 1996-2000 EU,BMW,5,Wagon,1996-2000,三厢车,两厢车,通用标准：Wagon,,
EU,BMW 5 E39 Wagon 1997-2000 EU,BMW,5,Wagon,1997-2000,三厢车,两厢车,通用标准：Wagon,,
EU,BMW 5 E39 Wagon 1997-2001 EU,BMW,5,Wagon,1997-2001,三厢车,两厢车,通用标准：Wagon,,
EU,BMW 5 E39 Wagon 1997-2003 EU,BMW,5,Wagon,1997-2003,三厢车,两厢车,通用标准：Wagon,,
EU,BMW 5 E39 Wagon 1997-2004 EU,BMW,5,Wagon,1997-2004,三厢车,两厢车,通用标准：Wagon,,
EU,BMW 5 E39 Wagon 1998-2000 EU,BMW,5,Wagon,1998-2000,三厢车,两厢车,通用标准：Wagon,,
EU,BMW 5 E39 Wagon 2000-2003 EU,BMW,5,Wagon,2000-2003,三厢车,两厢车,通用标准：Wagon,,
EU,BMW 5 E39 Wagon 2000-2004 EU,BMW,5,Wagon,2000-2004,三厢车,两厢车,通用标准：Wagon,,
EU,BMW 5 E61 L4843 W1846 H1491 Wagon 2007-2010 EU,BMW,5,Wagon,2007-2010,三厢车,两厢车,通用标准：Wagon,,
EU,BMW 5 E61 L4855 W1846 H1512 Wagon 2007-2010 EU,BMW,5,Wagon,2007-2010,三厢车,两厢车,通用标准：Wagon,,
EU,BMW 5 E61 Wagon 2004-2005 EU,BMW,5,Wagon,2004-2005,三厢车,两厢车,通用标准：Wagon,,
EU,BMW 5 E61 Wagon 2004-2007 EU,BMW,5,Wagon,2004-2007,三厢车,两厢车,通用标准：Wagon,,
EU,BMW 5 E61 Wagon 2004-2010 EU,BMW,5,Wagon,2004-2010,三厢车,两厢车,通用标准：Wagon,,
EU,BMW 5 E61 Wagon 2005-2007 EU,BMW,5,Wagon,2005-2007,三厢车,两厢车,通用标准：Wagon,,
EU,BMW 5 E61 Wagon 2005-2010 EU,BMW,5,Wagon,2005-2010,三厢车,两厢车,通用标准：Wagon,,
EU,BMW 5 E61 Wagon 2006-2008 EU,BMW,5,Wagon,2006-2008,三厢车,两厢车,通用标准：Wagon,,
EU,BMW 5 E61 Wagon 2006-2010 EU,BMW,5,Wagon,2006-2010,三厢车,两厢车,通用标准：Wagon,,
EU,BMW 5 E61 Wagon 2007-2007 EU,BMW,5,Wagon,2007-2007,三厢车,两厢车,通用标准：Wagon,,
EU,BMW 5 E61 Wagon 2007-2008 EU,BMW,5,Wagon,2007-2008,三厢车,两厢车,通用标准：Wagon,,
EU,BMW 5 E61 Wagon 2008-2010 EU,BMW,5,Wagon,2008-2010,三厢车,两厢车,通用标准：Wagon,,
EU,BMW 5 F11 Wagon 2009-2011 EU,BMW,5,Wagon,2009-2011,三厢车,两厢车,通用标准：Wagon,,
EU,BMW 5 F11 Wagon 2010-2011 EU,BMW,5,Wagon,2010-2011,三厢车,两厢车,通用标准：Wagon,,
EU,BMW 5 F11 Wagon 2010-2013 EU,BMW,5,Wagon,2010-2013,三厢车,两厢车,通用标准：Wagon,,
EU,BMW 5 F11 Wagon 2010-2014 EU,BMW,5,Wagon,2010-2014,三厢车,两厢车,通用标准：Wagon,,
EU,BMW 5 F11 Wagon 2010-2017 EU,BMW,5,Wagon,2010-2017,三厢车,两厢车,通用标准：Wagon,,
EU,BMW 5 F11 Wagon 2011-2013 EU,BMW,5,Wagon,2011-2013,三厢车,两厢车,通用标准：Wagon,,
EU,BMW 5 F11 Wagon 2011-2017 EU,BMW,5,Wagon,2011-2017,三厢车,两厢车,通用标准：Wagon,,
EU,BMW 5 F11 Wagon 2012-2017 EU,BMW,5,Wagon,2012-2017,三厢车,两厢车,通用标准：Wagon,,
EU,BMW 5 F11 Wagon 2013-2014 EU,BMW,5,Wagon,2013-2014,三厢车,两厢车,通用标准：Wagon,,
EU,BMW 5 F11 Wagon 2013-2017 EU,BMW,5,Wagon,2013-2017,三厢车,两厢车,通用标准：Wagon,,
EU,BMW 5 F11 Wagon 2014-2017 EU,BMW,5,Wagon,2014-2017,三厢车,两厢车,通用标准：Wagon,,
EU,BMW 5 G31 Wagon 2017-2019 EU,BMW,5,Wagon,2017-2019,三厢车,两厢车,通用标准：Wagon,,
EU,BMW 5 G31 Wagon 2017-2020 EU,BMW,5,Wagon,2017-2020,三厢车,两厢车,通用标准：Wagon,,
EU,BMW 5 G31 Wagon 2017-2026 EU,BMW,5,Wagon,2017-2026,三厢车,两厢车,通用标准：Wagon,,
EU,BMW 5 G31 Wagon 2018-2020 EU,BMW,5,Wagon,2018-2020,三厢车,两厢车,通用标准：Wagon,,
EU,BMW 5 G31 Wagon 2019-2026 EU,BMW,5,Wagon,2019-2026,三厢车,两厢车,通用标准：Wagon,,
EU,BMW 5 G31 Wagon 2020-2026 EU,BMW,5,Wagon,2020-2026,三厢车,两厢车,通用标准：Wagon,,
EU,BMW 5 G31 Wagon 2021-2022 EU,BMW,5,Wagon,2021-2022,三厢车,两厢车,通用标准：Wagon,,
EU,BMW 5 G31 Wagon 2022-2026 EU,BMW,5,Wagon,2022-2026,三厢车,两厢车,通用标准：Wagon,,
EU,BMW 5 G31 facelift Wagon 2017-2026 EU,BMW,5,Wagon,2017-2026,三厢车,两厢车,通用标准：Wagon,,
EU,BMW 5 G31 prefl Wagon 2017-2026 EU,BMW,5,Wagon,2017-2026,三厢车,两厢车,通用标准：Wagon,,
EU,BMW 5 G31 prefl Wagon 2019-2026 EU,BMW,5,Wagon,2019-2026,三厢车,两厢车,通用标准：Wagon,,
EU,BMW 5 G61 L5060 W1900 H1505 Wagon 2024-2026 EU,BMW,5,Wagon,2024-2026,三厢车,两厢车,通用标准：Wagon,,
EU,BMW 5 G61 L5060 W1900 H1505 Wagon 2025-2026 EU,BMW,5,Wagon,2025-2026,三厢车,两厢车,通用标准：Wagon,,
EU,BMW 5 G61 L5060 W1900 H1515 Wagon 2024-2026 EU,BMW,5,Wagon,2024-2026,三厢车,两厢车,通用标准：Wagon,,
EU,BMW 5 G61 L5060 W1900 H1515 Wagon 2025-2026 EU,BMW,5,Wagon,2025-2026,三厢车,两厢车,通用标准：Wagon,,
EU,BMW 5 G99 Wagon 2024-2026 EU,BMW,5,Wagon,2024-2026,三厢车,两厢车,通用标准：Wagon,,
EU,BMW 5 G99 Wagon 2026-2026 EU,BMW,5,Wagon,2026-2026,三厢车,两厢车,通用标准：Wagon,,
EU,BYD Etp3 Van 2020-2026 EU,BYD,Etp3,Van,2020-2026,越野车,两厢车,通用标准：Van,,
EU,BYD Seal Wagon 2025-2026 EU,BYD,Seal,Wagon,2025-2026,三厢车,两厢车,通用标准：Wagon,,
EU,Barkas B 1000 B1000 Van 1976-1991 EU,Barkas,B 1000,Van,1976-1991,越野车,两厢车,通用标准：Van,,
EU,Barkas B 1000 Bus 1967-1991 EU,Barkas,B 1000,Bus,1967-1991,越野车,两厢车,通用标准：Bus,,
EU,Barkas B 1000 Bus 1976-1991 EU,Barkas,B 1000,Bus,1976-1991,越野车,两厢车,通用标准：Bus,,
EU,Barkas B 1000 Van 1976-1991 EU,Barkas,B 1000,Van,1976-1991,越野车,两厢车,通用标准：Van,,
EU,Bedford Blitz Van 1969-1987 EU,Bedford,Blitz,Van,1969-1987,越野车,两厢车,通用标准：Van,,
EU,Bedford Blitz lwb Van 1973-1987 EU,Bedford,Blitz,Van,1973-1987,越野车,两厢车,通用标准：Van,,
EU,Bedford Blitz lwb Van 1980-1983 EU,Bedford,Blitz,Van,1980-1983,越野车,两厢车,通用标准：Van,,
EU,Bedford Blitz lwb Van 1981-1987 EU,Bedford,Blitz,Van,1981-1987,越野车,两厢车,通用标准：Van,,
EU,Bedford Blitz lwb Van 1985-1987 EU,Bedford,Blitz,Van,1985-1987,越野车,两厢车,通用标准：Van,,
EU,Bedford Blitz swb Van 1973-1987 EU,Bedford,Blitz,Van,1973-1987,越野车,两厢车,通用标准：Van,,
EU,Bedford Blitz swb Van 1980-1983 EU,Bedford,Blitz,Van,1980-1983,越野车,两厢车,通用标准：Van,,
EU,Bedford Blitz swb Van 1981-1987 EU,Bedford,Blitz,Van,1981-1987,越野车,两厢车,通用标准：Van,,
EU,Bedford Blitz swb Van 1985-1987 EU,Bedford,Blitz,Van,1985-1987,越野车,两厢车,通用标准：Van,,
EU,Buick Century A Wagon 1983-1986 EU,Buick,Century,Wagon,1983-1986,三厢车,两厢车,通用标准：Wagon,,
EU,Buick Century A Wagon 1986-1991 EU,Buick,Century,Wagon,1986-1991,三厢车,两厢车,通用标准：Wagon,,
EU,Buick Century A Wagon 1991-1996 EU,Buick,Century,Wagon,1991-1996,三厢车,两厢车,通用标准：Wagon,,
EU,Buick Century A my1978 Wagon 1977-1981 EU,Buick,Century,Wagon,1977-1981,三厢车,两厢车,通用标准：Wagon,,
EU,Buick Century A my1979 Wagon 1977-1981 EU,Buick,Century,Wagon,1977-1981,三厢车,两厢车,通用标准：Wagon,,
EU,Buick Century A my1980 81 Wagon 1977-1981 EU,Buick,Century,Wagon,1977-1981,三厢车,两厢车,通用标准：Wagon,,
EU,Buick Century Wagon 1981-1983 EU,Buick,Century,Wagon,1981-1983,三厢车,两厢车,通用标准：Wagon,,
EU,Buick Century Wagon 1986-1988 EU,Buick,Century,Wagon,1986-1988,三厢车,两厢车,通用标准：Wagon,,
EU,Buick Century Wagon 1986-1989 EU,Buick,Century,Wagon,1986-1989,三厢车,两厢车,通用标准：Wagon,,
EU,Buick Century Wagon 1991-1996 EU,Buick,Century,Wagon,1991-1996,三厢车,两厢车,通用标准：Wagon,,
EU,Buick Roadmaster B Wagon 1990-1992 EU,Buick,Roadmaster,Wagon,1990-1992,三厢车,两厢车,通用标准：Wagon,,
EU,Cadillac Bls Wagon 2007-2010 EU,Cadillac,Bls,Wagon,2007-2010,三厢车,两厢车,通用标准：Wagon,,
EU,Cadillac Bls Wagon 2007-2026 EU,Cadillac,Bls,Wagon,2007-2026,三厢车,两厢车,通用标准：Wagon,,
EU,Cadillac Bls Wagon 2008-2026 EU,Cadillac,Bls,Wagon,2008-2026,三厢车,两厢车,通用标准：Wagon,,
EU,Cadillac Bls Wagon 2010-2026 EU,Cadillac,Bls,Wagon,2010-2026,三厢车,两厢车,通用标准：Wagon,,
EU,Cadillac Cts Sigma II Wagon 2008-2026 EU,Cadillac,Cts,Wagon,2008-2026,三厢车,两厢车,通用标准：Wagon,,
EU,Cadillac Cts Sigma II Wagon 2011-2014 EU,Cadillac,Cts,Wagon,2011-2014,三厢车,两厢车,通用标准：Wagon,,
EU,Cadillac Cts Sigma II Wagon 2011-2026 EU,Cadillac,Cts,Wagon,2011-2026,三厢车,两厢车,通用标准：Wagon,,
EU,Cadillac Cts Wagon 2008-2011 EU,Cadillac,Cts,Wagon,2008-2011,三厢车,两厢车,通用标准：Wagon,,
EU,Cadillac Cts Wagon 2008-2026 EU,Cadillac,Cts,Wagon,2008-2026,三厢车,两厢车,通用标准：Wagon,,
EU,Cenntro Logistar 100 Van 2022-2026 EU,Cenntro,Logistar 100,Van,2022-2026,越野车,两厢车,通用标准：Van,,
EU,Cenntro Logistar 200 Van 2021-2026 EU,Cenntro,Logistar 200,Van,2021-2026,越野车,两厢车,通用标准：Van,,
EU,Cenntro Logistar 260 Van 2023-2026 EU,Cenntro,Logistar 260,Van,2023-2026,越野车,两厢车,通用标准：Van,,
EU,Cenntro Logistar 400 Van 2019-2026 EU,Cenntro,Logistar 400,Van,2019-2026,越野车,两厢车,通用标准：Van,,
EU,Cenntro Metro Van 2019-2026 EU,Cenntro,Metro,Van,2019-2026,越野车,两厢车,通用标准：Van,,
EU,Cenntro Neibor 200 Van 2021-2026 EU,Cenntro,Neibor 200,Van,2021-2026,越野车,两厢车,通用标准：Van,,
EU,Chevrolet Astro M-body Van 1984-1985 EU,Chevrolet,Astro,Van,1984-1985,越野车,两厢车,通用标准：Van,,
EU,Chevrolet Astro M-body Van 1994-1995 EU,Chevrolet,Astro,Van,1994-1995,越野车,两厢车,通用标准：Van,,
EU,Chevrolet Astro M-body Van 1994-2005 EU,Chevrolet,Astro,Van,1994-2005,越野车,两厢车,通用标准：Van,,
EU,Chevrolet Astro M-body lwb Van 1984-1994 EU,Chevrolet,Astro,Van,1984-1994,越野车,两厢车,通用标准：Van,,
EU,Chevrolet Astro M-body lwb Van 1986-1994 EU,Chevrolet,Astro,Van,1986-1994,越野车,两厢车,通用标准：Van,,
EU,Chevrolet Astro M-body lwb Van 1989-1994 EU,Chevrolet,Astro,Van,1989-1994,越野车,两厢车,通用标准：Van,,
EU,Chevrolet Astro M-body lwb Van 1992-1994 EU,Chevrolet,Astro,Van,1992-1994,越野车,两厢车,通用标准：Van,,
EU,Chevrolet Astro M-body swb Van 1984-1994 EU,Chevrolet,Astro,Van,1984-1994,越野车,两厢车,通用标准：Van,,
EU,Chevrolet Astro M-body swb Van 1986-1994 EU,Chevrolet,Astro,Van,1986-1994,越野车,两厢车,通用标准：Van,,
EU,Chevrolet Astro M-body swb Van 1989-1994 EU,Chevrolet,Astro,Van,1989-1994,越野车,两厢车,通用标准：Van,,
EU,Chevrolet Astro M-body swb Van 1992-1994 EU,Chevrolet,Astro,Van,1992-1994,越野车,两厢车,通用标准：Van,,
EU,Chevrolet Astro extended cargo van M-body Van 1994-2005 EU,Chevrolet,Astro extended cargo van,Van,1994-2005,越野车,两厢车,通用标准：Van,,
EU,Chevrolet Astro standard cargo van M-body Van 1994-2005 EU,Chevrolet,Astro standard cargo van,Van,1994-2005,越野车,两厢车,通用标准：Van,,
EU,Chevrolet Caprice B Wagon 1990-1991 EU,Chevrolet,Caprice,Wagon,1990-1991,三厢车,两厢车,通用标准：Wagon,,
EU,Chevrolet Caprice B Wagon 1991-1993 EU,Chevrolet,Caprice,Wagon,1991-1993,三厢车,两厢车,通用标准：Wagon,,
EU,Chevrolet Caprice B Wagon 1993-1996 EU,Chevrolet,Caprice,Wagon,1993-1996,三厢车,两厢车,通用标准：Wagon,,
EU,Chevrolet Caprice B-body Wagon 1980-1984 EU,Chevrolet,Caprice,Wagon,1980-1984,三厢车,两厢车,通用标准：Wagon,,
EU,Chevrolet Caprice B-body Wagon 1982-1986 EU,Chevrolet,Caprice,Wagon,1982-1986,三厢车,两厢车,通用标准：Wagon,,
EU,Chevrolet Caprice B-body Wagon 1986-1989 EU,Chevrolet,Caprice,Wagon,1986-1989,三厢车,两厢车,通用标准：Wagon,,
EU,Chevrolet Caprice B-body Wagon 1987-1990 EU,Chevrolet,Caprice,Wagon,1987-1990,三厢车,两厢车,通用标准：Wagon,,
EU,Chevrolet Cruze J308 L4681 W1797 H1484 Wagon 2012-2026 EU,Chevrolet,Cruze,Wagon,2012-2026,三厢车,两厢车,通用标准：Wagon,,
EU,Chevrolet Cruze J308 L4681 W1797 H1484 Wagon 2013-2015 EU,Chevrolet,Cruze,Wagon,2013-2015,三厢车,两厢车,通用标准：Wagon,,
EU,Chevrolet Cruze J308 L4681 W1797 H1521 Wagon 2012-2026 EU,Chevrolet,Cruze,Wagon,2012-2026,三厢车,两厢车,通用标准：Wagon,,
EU,Chevrolet Cruze J308 L4681 W1797 H1521 Wagon 2013-2015 EU,Chevrolet,Cruze,Wagon,2013-2015,三厢车,两厢车,通用标准：Wagon,,
EU,Chevrolet Cruze J308 Wagon 2012-2015 EU,Chevrolet,Cruze,Wagon,2012-2015,三厢车,两厢车,通用标准：Wagon,,
EU,Chevrolet Express 1500 standard cargo van GMT610 Van 2002-2004 EU,Chevrolet,Express 1500 standard cargo van,Van,2002-2004,越野车,两厢车,通用标准：Van,,
EU,Chevrolet Express 1500 standard cargo van GMT610 Van 2007-2008 EU,Chevrolet,Express 1500 standard cargo van,Van,2007-2008,越野车,两厢车,通用标准：Van,,
EU,Chevrolet Express 2500 extended cargo van GMT610 2011 13 Van 2007-2015 EU,Chevrolet,Express 2500 extended cargo van,Van,2007-2015,越野车,两厢车,通用标准：Van,,
EU,Chevrolet Express 2500 extended cargo van GMT610 2014 15 Van 2007-2015 EU,Chevrolet,Express 2500 extended cargo van,Van,2007-2015,越野车,两厢车,通用标准：Van,,
EU,Chevrolet Express 2500 extended cargo van GMT610 Van 2002-2004 EU,Chevrolet,Express 2500 extended cargo van,Van,2002-2004,越野车,两厢车,通用标准：Van,,
EU,Chevrolet Express 2500 extended cargo van GMT610 Van 2002-2005 EU,Chevrolet,Express 2500 extended cargo van,Van,2002-2005,越野车,两厢车,通用标准：Van,,
EU,Chevrolet Express 2500 extended cargo van GMT610 Van 2002-2007 EU,Chevrolet,Express 2500 extended cargo van,Van,2002-2007,越野车,两厢车,通用标准：Van,,
EU,Chevrolet Express 2500 extended cargo van GMT610 pre2011 Van 2007-2015 EU,Chevrolet,Express 2500 extended cargo van,Van,2007-2015,越野车,两厢车,通用标准：Van,,
EU,Chevrolet Express 2500 standard cargo van GMT610 Van 2002-2004 EU,Chevrolet,Express 2500 standard cargo van,Van,2002-2004,越野车,两厢车,通用标准：Van,,
EU,Chevrolet Express 2500 standard cargo van GMT610 Van 2002-2005 EU,Chevrolet,Express 2500 standard cargo van,Van,2002-2005,越野车,两厢车,通用标准：Van,,
EU,Chevrolet Express 2500 standard cargo van GMT610 Van 2002-2007 EU,Chevrolet,Express 2500 standard cargo van,Van,2002-2007,越野车,两厢车,通用标准：Van,,
EU,Chevrolet Express 3500 extended cargo van GMT610 Van 2002-2007 EU,Chevrolet,Express 3500 extended cargo van,Van,2002-2007,越野车,两厢车,通用标准：Van,,
EU,Chevrolet Express 3500 extended cargo van GMT610 Van 2007-2009 EU,Chevrolet,Express 3500 extended cargo van,Van,2007-2009,越野车,两厢车,通用标准：Van,,
EU,Chevrolet Express 3500 standard cargo van GMT610 Van 2002-2007 EU,Chevrolet,Express 3500 standard cargo van,Van,2002-2007,越野车,两厢车,通用标准：Van,,
EU,Chevrolet Express 3500 standard cargo van GMT610 Van 2007-2009 EU,Chevrolet,Express 3500 standard cargo van,Van,2007-2009,越野车,两厢车,通用标准：Van,,
EU,Chevrolet Express G45 lwb Van 2010-2010 EU,Chevrolet,Express,Van,2010-2010,越野车,两厢车,通用标准：Van,,
EU,Chevrolet Express G45 swb Van 2010-2010 EU,Chevrolet,Express,Van,2010-2010,越野车,两厢车,通用标准：Van,,
EU,Chevrolet Express GMT600 lwb 2500 3dr Van 1995-1998 EU,Chevrolet,Express,Van,1995-1998,越野车,两厢车,通用标准：Van,,
EU,Chevrolet Express GMT600 swb 1500 3dr Van 1995-1998 EU,Chevrolet,Express,Van,1995-1998,越野车,两厢车,通用标准：Van,,
EU,Chevrolet Express GMT600 swb 2500 3dr Van 1995-1998 EU,Chevrolet,Express,Van,1995-1998,越野车,两厢车,通用标准：Van,,
EU,Chevrolet Express GMT610 lwb Van 2007-2026 EU,Chevrolet,Express,Van,2007-2026,越野车,两厢车,通用标准：Van,,
EU,Chevrolet Express GMT610 swb Van 2007-2026 EU,Chevrolet,Express,Van,2007-2026,越野车,两厢车,通用标准：Van,,
EU,Chevrolet Express standard cargo van G03 2500 Van 2015-2026 EU,Chevrolet,Express standard cargo van,Van,2015-2026,越野车,两厢车,通用标准：Van,,
EU,Chevrolet Express standard cargo van G03 3500 Van 2015-2026 EU,Chevrolet,Express standard cargo van,Van,2015-2026,越野车,两厢车,通用标准：Van,,
EU,Chevrolet Express standard cargo van GMT610 Van 2008-2009 EU,Chevrolet,Express standard cargo van,Van,2008-2009,越野车,两厢车,通用标准：Van,,
EU,Chevrolet G20 Van 1990-1995 EU,Chevrolet,G20,Van,1990-1995,越野车,两厢车,通用标准：Van,,
EU,Chevrolet Hhr Wagon 2005-2008 EU,Chevrolet,Hhr,Wagon,2005-2008,三厢车,两厢车,通用标准：Wagon,,
EU,Chevrolet Hhr Wagon 2006-2011 EU,Chevrolet,Hhr,Wagon,2006-2011,三厢车,两厢车,通用标准：Wagon,,
EU,Chevrolet Hhr Wagon 2007-2011 EU,Chevrolet,Hhr,Wagon,2007-2011,三厢车,两厢车,通用标准：Wagon,,
EU,Chevrolet Lacetti J200 Wagon 2005-2026 EU,Chevrolet,Lacetti,Wagon,2005-2026,三厢车,两厢车,通用标准：Wagon,,
EU,Chevrolet Lacetti J200 Wagon 2007-2026 EU,Chevrolet,Lacetti,Wagon,2007-2026,三厢车,两厢车,通用标准：Wagon,,
EU,Chevrolet Lumina apv GMT199 MPV 1989-1996 EU,Chevrolet,Lumina apv,MPV,1989-1996,越野车,两厢车,通用标准：MPV,,
EU,Chevrolet Lumina apv GMT199 MPV 1992-1996 EU,Chevrolet,Lumina apv,MPV,1992-1996,越野车,两厢车,通用标准：MPV,,
EU,Chevrolet Lumina apv GMT199 MPV 1993-1996 EU,Chevrolet,Lumina apv,MPV,1993-1996,越野车,两厢车,通用标准：MPV,,
EU,Chevrolet Lumina apv GMT199 MPV 1994-1996 EU,Chevrolet,Lumina apv,MPV,1994-1996,越野车,两厢车,通用标准：MPV,,
EU,Chevrolet Lumina apv MPV 1991-1995 EU,Chevrolet,Lumina apv,MPV,1991-1995,越野车,两厢车,通用标准：MPV,,
EU,Chevrolet Lumina apv mini cargo van MPV 1995-1996 EU,Chevrolet,Lumina apv mini cargo van,MPV,1995-1996,越野车,两厢车,通用标准：MPV,,
EU,Chevrolet Lumina apv mini cargo van facelift MPV 1990-1995 EU,Chevrolet,Lumina apv mini cargo van,MPV,1990-1995,越野车,两厢车,通用标准：MPV,,
EU,Chevrolet Lumina apv mini cargo van facelift MPV 1992-1996 EU,Chevrolet,Lumina apv mini cargo van,MPV,1992-1996,越野车,两厢车,通用标准：MPV,,
EU,Chevrolet Lumina apv mini cargo van prefl MPV 1990-1995 EU,Chevrolet,Lumina apv mini cargo van,MPV,1990-1995,越野车,两厢车,通用标准：MPV,,
EU,Chevrolet Lumina apv mini cargo van prefl MPV 1992-1996 EU,Chevrolet,Lumina apv mini cargo van,MPV,1992-1996,越野车,两厢车,通用标准：MPV,,
EU,Chevrolet Nubira J200 Wagon 2005-2011 EU,Chevrolet,Nubira,Wagon,2005-2011,三厢车,两厢车,通用标准：Wagon,,
EU,Chevrolet Nubira J200 Wagon 2007-2011 EU,Chevrolet,Nubira,Wagon,2007-2011,三厢车,两厢车,通用标准：Wagon,,
EU,Chevrolet Nubira KLAN Wagon 2005-2009 EU,Chevrolet,Nubira,Wagon,2005-2009,三厢车,两厢车,通用标准：Wagon,,
EU,Chevrolet Nubira KLAN Wagon 2005-2011 EU,Chevrolet,Nubira,Wagon,2005-2011,三厢车,两厢车,通用标准：Wagon,,
EU,Chevrolet Orlando MPV 2011-2015 EU,Chevrolet,Orlando,MPV,2011-2015,越野车,两厢车,通用标准：MPV,,
EU,Chevrolet Orlando MPV 2011-2026 EU,Chevrolet,Orlando,MPV,2011-2026,越野车,两厢车,通用标准：MPV,,
EU,Chevrolet Orlando MPV 2012-2026 EU,Chevrolet,Orlando,MPV,2012-2026,越野车,两厢车,通用标准：MPV,,
EU,Chevrolet Rezzo KLAU MPV 2005-2009 EU,Chevrolet,Rezzo,MPV,2005-2009,越野车,两厢车,通用标准：MPV,,
EU,Chevrolet Rezzo KLAU MPV 2005-2026 EU,Chevrolet,Rezzo,MPV,2005-2026,越野车,两厢车,通用标准：MPV,,
EU,Chevrolet Rezzo U100 MPV 2005-2009 EU,Chevrolet,Rezzo,MPV,2005-2009,越野车,两厢车,通用标准：MPV,,
EU,Chevrolet Rezzo U100 MPV 2005-2026 EU,Chevrolet,Rezzo,MPV,2005-2026,越野车,两厢车,通用标准：MPV,,
EU,Chevrolet Trans sport U MPV 1996-2001 EU,Chevrolet,Trans sport,MPV,1996-2001,越野车,两厢车,通用标准：MPV,,
EU,Chevrolet Trans sport U MPV 1996-2005 EU,Chevrolet,Trans sport,MPV,1996-2005,越野车,两厢车,通用标准：MPV,,
EU,Chevrolet Trans sport U MPV 2001-2003 EU,Chevrolet,Trans sport,MPV,2001-2003,越野车,两厢车,通用标准：MPV,,
EU,Chevrolet Trans sport U MPV 2001-2005 EU,Chevrolet,Trans sport,MPV,2001-2005,越野车,两厢车,通用标准：MPV,,
EU,Chevrolet Trans sport U facelift MPV 2000-2005 EU,Chevrolet,Trans sport,MPV,2000-2005,越野车,两厢车,通用标准：MPV,,
EU,Chevrolet Trans sport U prefl MPV 2000-2005 EU,Chevrolet,Trans sport,MPV,2000-2005,越野车,两厢车,通用标准：MPV,,
EU,Chevrolet Zafira F75 facelift MPV 2001-2012 EU,Chevrolet,Zafira,MPV,2001-2012,越野车,两厢车,通用标准：MPV,,
EU,Chevrolet Zafira F75 prefl MPV 2001-2012 EU,Chevrolet,Zafira,MPV,2001-2012,越野车,两厢车,通用标准：MPV,,
EU,Chrysler 300c L4999 W1881 H1507 Wagon 2005-2010 EU,Chrysler,300c,Wagon,2005-2010,三厢车,两厢车,通用标准：Wagon,,
EU,Chrysler 300c L5015 W1880 H1462 Wagon 2005-2010 EU,Chrysler,300c,Wagon,2005-2010,三厢车,两厢车,通用标准：Wagon,,
EU,Chrysler 300c LE L5015 W1880 H1481 Wagon 2004-2010 EU,Chrysler,300c,Wagon,2004-2010,三厢车,两厢车,通用标准：Wagon,,
EU,Chrysler 300c LE L5015 W1880 H1507 Wagon 2004-2010 EU,Chrysler,300c,Wagon,2004-2010,三厢车,两厢车,通用标准：Wagon,,
EU,Chrysler 300c LE Wagon 2005-2010 EU,Chrysler,300c,Wagon,2005-2010,三厢车,两厢车,通用标准：Wagon,,
EU,Chrysler 300c LX Wagon 2007-2010 EU,Chrysler,300c,Wagon,2007-2010,三厢车,两厢车,通用标准：Wagon,,
EU,Chrysler Grand voyager iii van GS MPV 1995-2001 EU,Chrysler,Grand voyager iii van,MPV,1995-2001,越野车,两厢车,通用标准：MPV,,
EU,Chrysler Grand voyager iii van GS MPV 1998-2001 EU,Chrysler,Grand voyager iii van,MPV,1998-2001,越野车,两厢车,通用标准：MPV,,
EU,Chrysler Grand voyager iii van GS MPV 1999-1999 EU,Chrysler,Grand voyager iii van,MPV,1999-1999,越野车,两厢车,通用标准：MPV,,
EU,Chrysler Grand voyager v RT MPV 2007-2026 EU,Chrysler,Grand voyager v,MPV,2007-2026,越野车,两厢车,通用标准：MPV,,
EU,Chrysler Grand voyager v RT MPV 2008-2026 EU,Chrysler,Grand voyager v,MPV,2008-2026,越野车,两厢车,通用标准：MPV,,
EU,Chrysler Grand voyager v RT MPV 2011-2026 EU,Chrysler,Grand voyager v,MPV,2011-2026,越野车,两厢车,通用标准：MPV,,
EU,Chrysler Pacifica CS MPV 2003-2006 EU,Chrysler,Pacifica,MPV,2003-2006,越野车,两厢车,通用标准：MPV,,
EU,Chrysler Pt cruiser PT Wagon 2000-2004 EU,Chrysler,Pt cruiser,Wagon,2000-2004,三厢车,两厢车,通用标准：Wagon,,
EU,Chrysler Pt cruiser PT Wagon 2005-2010 EU,Chrysler,Pt cruiser,Wagon,2005-2010,三厢车,两厢车,通用标准：Wagon,,
EU,Chrysler Pt cruiser PT facelift Wagon 2000-2010 EU,Chrysler,Pt cruiser,Wagon,2000-2010,三厢车,两厢车,通用标准：Wagon,,
EU,Chrysler Pt cruiser PT facelift Wagon 2002-2010 EU,Chrysler,Pt cruiser,Wagon,2002-2010,三厢车,两厢车,通用标准：Wagon,,
EU,Chrysler Pt cruiser PT facelift Wagon 2003-2010 EU,Chrysler,Pt cruiser,Wagon,2003-2010,三厢车,两厢车,通用标准：Wagon,,
EU,Chrysler Pt cruiser PT facelift Wagon 2004-2010 EU,Chrysler,Pt cruiser,Wagon,2004-2010,三厢车,两厢车,通用标准：Wagon,,
EU,Chrysler Pt cruiser PT prefl Wagon 2000-2010 EU,Chrysler,Pt cruiser,Wagon,2000-2010,三厢车,两厢车,通用标准：Wagon,,
EU,Chrysler Pt cruiser PT prefl Wagon 2002-2010 EU,Chrysler,Pt cruiser,Wagon,2002-2010,三厢车,两厢车,通用标准：Wagon,,
EU,Chrysler Pt cruiser PT prefl Wagon 2003-2010 EU,Chrysler,Pt cruiser,Wagon,2003-2010,三厢车,两厢车,通用标准：Wagon,,
EU,Chrysler Pt cruiser PT prefl Wagon 2004-2010 EU,Chrysler,Pt cruiser,Wagon,2004-2010,三厢车,两厢车,通用标准：Wagon,,
EU,Chrysler Pt cruiser Wagon 2004-2010 EU,Chrysler,Pt cruiser,Wagon,2004-2010,三厢车,两厢车,通用标准：Wagon,,
EU,Chrysler Voyager / grand ii ES lwb MPV 1992-1995 EU,Chrysler,Voyager / grand ii,MPV,1992-1995,越野车,两厢车,通用标准：MPV,,
EU,Chrysler Voyager / grand ii ES lwb MPV 1993-1995 EU,Chrysler,Voyager / grand ii,MPV,1993-1995,越野车,两厢车,通用标准：MPV,,
EU,Chrysler Voyager / grand ii ES swb MPV 1992-1995 EU,Chrysler,Voyager / grand ii,MPV,1992-1995,越野车,两厢车,通用标准：MPV,,
EU,Chrysler Voyager / grand ii ES swb MPV 1993-1995 EU,Chrysler,Voyager / grand ii,MPV,1993-1995,越野车,两厢车,通用标准：MPV,,
EU,Chrysler Voyager / grand iii GS-52 MPV 1995-2001 EU,Chrysler,Voyager / grand iii,MPV,1995-2001,越野车,两厢车,通用标准：MPV,,
EU,Chrysler Voyager / grand iii GS-52 MPV 1997-2000 EU,Chrysler,Voyager / grand iii,MPV,1997-2000,越野车,两厢车,通用标准：MPV,,
EU,Chrysler Voyager / grand iii GS-53 MPV 1995-2001 EU,Chrysler,Voyager / grand iii,MPV,1995-2001,越野车,两厢车,通用标准：MPV,,
EU,Chrysler Voyager / grand iii GS-53 MPV 1997-2000 EU,Chrysler,Voyager / grand iii,MPV,1997-2000,越野车,两厢车,通用标准：MPV,,
EU,Chrysler Voyager / grand iii MPV 1995-2001 EU,Chrysler,Voyager / grand iii,MPV,1995-2001,越野车,两厢车,通用标准：MPV,,
EU,Chrysler Voyager / grand iii grand MPV 1995-2001 EU,Chrysler,Voyager / grand iii,MPV,1995-2001,越野车,两厢车,通用标准：MPV,,
EU,Chrysler Voyager / grand iii grand MPV 1997-2001 EU,Chrysler,Voyager / grand iii,MPV,1997-2001,越野车,两厢车,通用标准：MPV,,
EU,Chrysler Voyager / grand iii voyager MPV 1997-2001 EU,Chrysler,Voyager / grand iii,MPV,1997-2001,越野车,两厢车,通用标准：MPV,,
EU,Chrysler Voyager i AS MPV 1987-1990 EU,Chrysler,Voyager i,MPV,1987-1990,越野车,两厢车,通用标准：MPV,,
EU,Chrysler Voyager i AS MPV 1989-1990 EU,Chrysler,Voyager i,MPV,1989-1990,越野车,两厢车,通用标准：MPV,,
EU,Chrysler Voyager ii AS MPV 1990-1995 EU,Chrysler,Voyager ii,MPV,1990-1995,越野车,两厢车,通用标准：MPV,,
EU,Chrysler Voyager ii ES MPV 1990-1995 EU,Chrysler,Voyager ii,MPV,1990-1995,越野车,两厢车,通用标准：MPV,,
EU,Chrysler Voyager ii ES MPV 1991-1995 EU,Chrysler,Voyager ii,MPV,1991-1995,越野车,两厢车,通用标准：MPV,,
EU,Chrysler Voyager ii ES MPV 1992-1995 EU,Chrysler,Voyager ii,MPV,1992-1995,越野车,两厢车,通用标准：MPV,,
EU,Chrysler Voyager iii van GS-52 MPV 1995-1997 EU,Chrysler,Voyager iii van,MPV,1995-1997,越野车,两厢车,通用标准：MPV,,
EU,Chrysler Voyager iii van GS-52 MPV 1995-2001 EU,Chrysler,Voyager iii van,MPV,1995-2001,越野车,两厢车,通用标准：MPV,,
EU,Chrysler Voyager iii van GS-52 MPV 1997-2001 EU,Chrysler,Voyager iii van,MPV,1997-2001,越野车,两厢车,通用标准：MPV,,
EU,Chrysler Voyager iv GS-52 MPV 1999-2000 EU,Chrysler,Voyager iv,MPV,1999-2000,越野车,两厢车,通用标准：MPV,,
EU,Chrysler Voyager iv RG MPV 2005-2008 EU,Chrysler,Voyager iv,MPV,2005-2008,越野车,两厢车,通用标准：MPV,,
EU,Chrysler Voyager iv RG lwb MPV 2004-2008 EU,Chrysler,Voyager iv,MPV,2004-2008,越野车,两厢车,通用标准：MPV,,
EU,Chrysler Voyager iv RG lwb facelift MPV 2000-2008 EU,Chrysler,Voyager iv,MPV,2000-2008,越野车,两厢车,通用标准：MPV,,
EU,Chrysler Voyager iv RG lwb prefl MPV 2000-2008 EU,Chrysler,Voyager iv,MPV,2000-2008,越野车,两厢车,通用标准：MPV,,
EU,Chrysler Voyager iv RG swb MPV 2004-2008 EU,Chrysler,Voyager iv,MPV,2004-2008,越野车,两厢车,通用标准：MPV,,
EU,Chrysler Voyager iv RG swb facelift MPV 2000-2008 EU,Chrysler,Voyager iv,MPV,2000-2008,越野车,两厢车,通用标准：MPV,,
EU,Chrysler Voyager iv RG swb facelift MPV 2003-2007 EU,Chrysler,Voyager iv,MPV,2003-2007,越野车,两厢车,通用标准：MPV,,
EU,Chrysler Voyager iv RG swb prefl MPV 2000-2008 EU,Chrysler,Voyager iv,MPV,2000-2008,越野车,两厢车,通用标准：MPV,,
EU,Chrysler Voyager iv RG swb prefl MPV 2003-2007 EU,Chrysler,Voyager iv,MPV,2003-2007,越野车,两厢车,通用标准：MPV,,
EU,Chrysler Voyager iv van S-53 lwb facelift MPV 2000-2007 EU,Chrysler,Voyager iv van,MPV,2000-2007,越野车,两厢车,通用标准：MPV,,
EU,Chrysler Voyager iv van S-53 lwb prefl MPV 2000-2007 EU,Chrysler,Voyager iv van,MPV,2000-2007,越野车,两厢车,通用标准：MPV,,
EU,Chrysler Voyager iv van SCH53 lwb facelift MPV 2000-2007 EU,Chrysler,Voyager iv van,MPV,2000-2007,越野车,两厢车,通用标准：MPV,,
EU,Chrysler Voyager iv van SCH53 lwb prefl MPV 2000-2007 EU,Chrysler,Voyager iv van,MPV,2000-2007,越野车,两厢车,通用标准：MPV,,
EU,Chrysler Voyager iv van SYX53 lwb facelift MPV 2000-2007 EU,Chrysler,Voyager iv van,MPV,2000-2007,越野车,两厢车,通用标准：MPV,,
EU,Chrysler Voyager iv van SYX53 lwb prefl MPV 2000-2007 EU,Chrysler,Voyager iv van,MPV,2000-2007,越野车,两厢车,通用标准：MPV,,
EU,Citroën Acadiane Van 1978-1988 EU,Citroën,Acadiane,Van,1978-1988,越野车,两厢车,通用标准：Van,,
EU,Citroën Ami Wagon 1968-1969 EU,Citroën,Ami,Wagon,1968-1969,三厢车,两厢车,通用标准：Wagon,,
EU,Citroën Ami Wagon 1969-1977 EU,Citroën,Ami,Wagon,1969-1977,三厢车,两厢车,通用标准：Wagon,,
EU,Citroën Ami Wagon 1973-1977 EU,Citroën,Ami,Wagon,1973-1977,三厢车,两厢车,通用标准：Wagon,,
EU,Citroën Berlingo B9 L4380 W1810 H1801 MPV 2009-2018 EU,Citroën,Berlingo,MPV,2009-2018,越野车,两厢车,通用标准：MPV,,
EU,Citroën Berlingo B9 L4380 W1810 H1801 MPV 2010-2018 EU,Citroën,Berlingo,MPV,2010-2018,越野车,两厢车,通用标准：MPV,,
EU,Citroën Berlingo B9 L4380 W1810 H1852 MPV 2009-2018 EU,Citroën,Berlingo,MPV,2009-2018,越野车,两厢车,通用标准：MPV,,
EU,Citroën Berlingo B9 L4380 W1810 H1852 MPV 2010-2018 EU,Citroën,Berlingo,MPV,2010-2018,越野车,两厢车,通用标准：MPV,,
EU,Citroën Berlingo B9 L4380 W1810 H1852 MPV 2014-2018 EU,Citroën,Berlingo,MPV,2014-2018,越野车,两厢车,通用标准：MPV,,
EU,Citroën Berlingo B9 L4380 W1810 H1865 MPV 2014-2018 EU,Citroën,Berlingo,MPV,2014-2018,越野车,两厢车,通用标准：MPV,,
EU,Citroën Berlingo B9 MPV 2008-2018 EU,Citroën,Berlingo,MPV,2008-2018,越野车,两厢车,通用标准：MPV,,
EU,Citroën Berlingo B9 MPV 2008-2020 EU,Citroën,Berlingo,MPV,2008-2020,越野车,两厢车,通用标准：MPV,,
EU,Citroën Berlingo B9 MPV 2012-2014 EU,Citroën,Berlingo,MPV,2012-2014,越野车,两厢车,通用标准：MPV,,
EU,Citroën Berlingo B9 MPV 2012-2018 EU,Citroën,Berlingo,MPV,2012-2018,越野车,两厢车,通用标准：MPV,,
EU,Citroën Berlingo B9 MPV 2014-2021 EU,Citroën,Berlingo,MPV,2014-2021,越野车,两厢车,通用标准：MPV,,
EU,Citroën Berlingo B9 MPV 2017-2018 EU,Citroën,Berlingo,MPV,2017-2018,越野车,两厢车,通用标准：MPV,,
EU,Citroën Berlingo B9 MPV 2018-2018 EU,Citroën,Berlingo,MPV,2018-2018,越野车,两厢车,通用标准：MPV,,
EU,Citroën Berlingo B9 Van 2008-2018 EU,Citroën,Berlingo,Van,2008-2018,越野车,两厢车,通用标准：Van,,
EU,Citroën Berlingo B9 Van 2010-2020 EU,Citroën,Berlingo,Van,2010-2020,越野车,两厢车,通用标准：Van,,
EU,Citroën Berlingo B9 Van 2014-2018 EU,Citroën,Berlingo,Van,2014-2018,越野车,两厢车,通用标准：Van,,
EU,Citroën Berlingo B9 l1 Van 2013-2018 EU,Citroën,Berlingo,Van,2013-2018,越野车,两厢车,通用标准：Van,,
EU,Citroën Berlingo B9 l1 Van 2013-2026 EU,Citroën,Berlingo,Van,2013-2026,越野车,两厢车,通用标准：Van,,
EU,Citroën Berlingo B9 l1 Van 2014-2021 EU,Citroën,Berlingo,Van,2014-2021,越野车,两厢车,通用标准：Van,,
EU,Citroën Berlingo B9 l1 high Van 2010-2017 EU,Citroën,Berlingo,Van,2010-2017,越野车,两厢车,通用标准：Van,,
EU,Citroën Berlingo B9 l1 high Van 2010-2018 EU,Citroën,Berlingo,Van,2010-2018,越野车,两厢车,通用标准：Van,,
EU,Citroën Berlingo B9 l1 low Van 2010-2017 EU,Citroën,Berlingo,Van,2010-2017,越野车,两厢车,通用标准：Van,,
EU,Citroën Berlingo B9 l1 low Van 2010-2018 EU,Citroën,Berlingo,Van,2010-2018,越野车,两厢车,通用标准：Van,,
EU,Citroën Berlingo B9 l1 xtr Van 2010-2017 EU,Citroën,Berlingo,Van,2010-2017,越野车,两厢车,通用标准：Van,,
EU,Citroën Berlingo B9 l1 xtr Van 2010-2018 EU,Citroën,Berlingo,Van,2010-2018,越野车,两厢车,通用标准：Van,,
EU,Citroën Berlingo B9 l2 Van 2008-2018 EU,Citroën,Berlingo,Van,2008-2018,越野车,两厢车,通用标准：Van,,
EU,Citroën Berlingo B9 l2 Van 2010-2017 EU,Citroën,Berlingo,Van,2010-2017,越野车,两厢车,通用标准：Van,,
EU,Citroën Berlingo B9 l2 Van 2010-2018 EU,Citroën,Berlingo,Van,2010-2018,越野车,两厢车,通用标准：Van,,
EU,Citroën Berlingo B9 l2 Van 2013-2018 EU,Citroën,Berlingo,Van,2013-2018,越野车,两厢车,通用标准：Van,,
EU,Citroën Berlingo B9 l2 Van 2013-2026 EU,Citroën,Berlingo,Van,2013-2026,越野车,两厢车,通用标准：Van,,
EU,Citroën Berlingo B9 l2 Van 2014-2021 EU,Citroën,Berlingo,Van,2014-2021,越野车,两厢车,通用标准：Van,,
EU,Citroën Berlingo B9 outdoor MPV 2009-2010 EU,Citroën,Berlingo,MPV,2009-2010,越野车,两厢车,通用标准：MPV,,
EU,Citroën Berlingo B9 standard MPV 2009-2010 EU,Citroën,Berlingo,MPV,2009-2010,越野车,两厢车,通用标准：MPV,,
EU,Citroën Berlingo B9 van l1 Van 2009-2010 EU,Citroën,Berlingo,Van,2009-2010,越野车,两厢车,通用标准：Van,,
EU,Citroën Berlingo B9 van l2 Van 2009-2010 EU,Citroën,Berlingo,Van,2009-2010,越野车,两厢车,通用标准：Van,,
EU,Citroën Berlingo K9 Van 2018-2026 EU,Citroën,Berlingo,Van,2018-2026,越野车,两厢车,通用标准：Van,,
EU,Citroën Berlingo K9 m MPV 2018-2020 EU,Citroën,Berlingo,MPV,2018-2020,越野车,两厢车,通用标准：MPV,,
EU,Citroën Berlingo K9 m MPV 2018-2021 EU,Citroën,Berlingo,MPV,2018-2021,越野车,两厢车,通用标准：MPV,,
EU,Citroën Berlingo K9 m MPV 2018-2026 EU,Citroën,Berlingo,MPV,2018-2026,越野车,两厢车,通用标准：MPV,,
EU,Citroën Berlingo K9 m MPV 2019-2026 EU,Citroën,Berlingo,MPV,2019-2026,越野车,两厢车,通用标准：MPV,,
EU,Citroën Berlingo K9 m MPV 2021-2026 EU,Citroën,Berlingo,MPV,2021-2026,越野车,两厢车,通用标准：MPV,,
EU,Citroën Berlingo K9 m MPV 2023-2026 EU,Citroën,Berlingo,MPV,2023-2026,越野车,两厢车,通用标准：MPV,,
EU,Citroën Berlingo K9 m Van 2018-2026 EU,Citroën,Berlingo,Van,2018-2026,越野车,两厢车,通用标准：Van,,
EU,Citroën Berlingo K9 m Van 2019-2026 EU,Citroën,Berlingo,Van,2019-2026,越野车,两厢车,通用标准：Van,,
EU,Citroën Berlingo K9 m Van 2025-2026 EU,Citroën,Berlingo,Van,2025-2026,越野车,两厢车,通用标准：Van,,
EU,Citroën Berlingo K9 m high Van 2021-2026 EU,Citroën,Berlingo,Van,2021-2026,越野车,两厢车,通用标准：Van,,
EU,Citroën Berlingo K9 m high Van 2023-2026 EU,Citroën,Berlingo,Van,2023-2026,越野车,两厢车,通用标准：Van,,
EU,Citroën Berlingo K9 m low Van 2021-2026 EU,Citroën,Berlingo,Van,2021-2026,越野车,两厢车,通用标准：Van,,
EU,Citroën Berlingo K9 m low Van 2023-2026 EU,Citroën,Berlingo,Van,2023-2026,越野车,两厢车,通用标准：Van,,
EU,Citroën Berlingo K9 xl MPV 2018-2020 EU,Citroën,Berlingo,MPV,2018-2020,越野车,两厢车,通用标准：MPV,,
EU,Citroën Berlingo K9 xl MPV 2018-2021 EU,Citroën,Berlingo,MPV,2018-2021,越野车,两厢车,通用标准：MPV,,
EU,Citroën Berlingo K9 xl MPV 2018-2026 EU,Citroën,Berlingo,MPV,2018-2026,越野车,两厢车,通用标准：MPV,,
EU,Citroën Berlingo K9 xl MPV 2019-2026 EU,Citroën,Berlingo,MPV,2019-2026,越野车,两厢车,通用标准：MPV,,
EU,Citroën Berlingo K9 xl MPV 2021-2026 EU,Citroën,Berlingo,MPV,2021-2026,越野车,两厢车,通用标准：MPV,,
EU,Citroën Berlingo K9 xl MPV 2023-2026 EU,Citroën,Berlingo,MPV,2023-2026,越野车,两厢车,通用标准：MPV,,
EU,Citroën Berlingo K9 xl Van 2018-2026 EU,Citroën,Berlingo,Van,2018-2026,越野车,两厢车,通用标准：Van,,
EU,Citroën Berlingo K9 xl Van 2019-2026 EU,Citroën,Berlingo,Van,2019-2026,越野车,两厢车,通用标准：Van,,
EU,Citroën Berlingo K9 xl Van 2025-2026 EU,Citroën,Berlingo,Van,2025-2026,越野车,两厢车,通用标准：Van,,
EU,Citroën Berlingo K9 xl high Van 2021-2026 EU,Citroën,Berlingo,Van,2021-2026,越野车,两厢车,通用标准：Van,,
EU,Citroën Berlingo K9 xl high Van 2023-2026 EU,Citroën,Berlingo,Van,2023-2026,越野车,两厢车,通用标准：Van,,
EU,Citroën Berlingo K9 xl low Van 2021-2026 EU,Citroën,Berlingo,Van,2021-2026,越野车,两厢车,通用标准：Van,,
EU,Citroën Berlingo K9 xl low Van 2023-2026 EU,Citroën,Berlingo,Van,2023-2026,越野车,两厢车,通用标准：Van,,
EU,Citroën Berlingo M49 MPV 2000-2002 EU,Citroën,Berlingo,MPV,2000-2002,越野车,两厢车,通用标准：MPV,,
EU,Citroën Berlingo M49 MPV 2000-2011 EU,Citroën,Berlingo,MPV,2000-2011,越野车,两厢车,通用标准：MPV,,
EU,Citroën Berlingo M49 Van 1996-2002 EU,Citroën,Berlingo,Van,1996-2002,越野车,两厢车,通用标准：Van,,
EU,Citroën Berlingo M49 Van 1996-2003 EU,Citroën,Berlingo,Van,1996-2003,越野车,两厢车,通用标准：Van,,
EU,Citroën Berlingo M49 Van 1996-2008 EU,Citroën,Berlingo,Van,1996-2008,越野车,两厢车,通用标准：Van,,
EU,Citroën Berlingo M49 Van 1996-2011 EU,Citroën,Berlingo,Van,1996-2011,越野车,两厢车,通用标准：Van,,
EU,Citroën Berlingo M49 Van 1997-2001 EU,Citroën,Berlingo,Van,1997-2001,越野车,两厢车,通用标准：Van,,
EU,Citroën Berlingo M49 Van 1997-2002 EU,Citroën,Berlingo,Van,1997-2002,越野车,两厢车,通用标准：Van,,
EU,Citroën Berlingo M49 Van 1998-2005 EU,Citroën,Berlingo,Van,1998-2005,越野车,两厢车,通用标准：Van,,
EU,Citroën Berlingo M49 Van 1998-2006 EU,Citroën,Berlingo,Van,1998-2006,越野车,两厢车,通用标准：Van,,
EU,Citroën Berlingo M49 Van 2000-2005 EU,Citroën,Berlingo,Van,2000-2005,越野车,两厢车,通用标准：Van,,
EU,Citroën Berlingo M49 m49 early MPV 1996-2003 EU,Citroën,Berlingo,MPV,1996-2003,越野车,两厢车,通用标准：MPV,,
EU,Citroën Berlingo M49 m49 early MPV 1996-2008 EU,Citroën,Berlingo,MPV,1996-2008,越野车,两厢车,通用标准：MPV,,
EU,Citroën Berlingo M49 m49 early MPV 1996-2011 EU,Citroën,Berlingo,MPV,1996-2011,越野车,两厢车,通用标准：MPV,,
EU,Citroën Berlingo M49 m49 early MPV 1998-2002 EU,Citroën,Berlingo,MPV,1998-2002,越野车,两厢车,通用标准：MPV,,
EU,Citroën Berlingo M49 m49 early MPV 1998-2005 EU,Citroën,Berlingo,MPV,1998-2005,越野车,两厢车,通用标准：MPV,,
EU,Citroën Berlingo M49 m49 early MPV 1999-2005 EU,Citroën,Berlingo,MPV,1999-2005,越野车,两厢车,通用标准：MPV,,
EU,Citroën Berlingo M49 m49 early MPV 1999-2011 EU,Citroën,Berlingo,MPV,1999-2011,越野车,两厢车,通用标准：MPV,,
EU,Citroën Berlingo M49 m49 late MPV 1996-2003 EU,Citroën,Berlingo,MPV,1996-2003,越野车,两厢车,通用标准：MPV,,
EU,Citroën Berlingo M49 m49 late MPV 1996-2008 EU,Citroën,Berlingo,MPV,1996-2008,越野车,两厢车,通用标准：MPV,,
EU,Citroën Berlingo M49 m49 late MPV 1996-2011 EU,Citroën,Berlingo,MPV,1996-2011,越野车,两厢车,通用标准：MPV,,
EU,Citroën Berlingo M49 m49 late MPV 1998-2002 EU,Citroën,Berlingo,MPV,1998-2002,越野车,两厢车,通用标准：MPV,,
EU,Citroën Berlingo M49 m49 late MPV 1998-2005 EU,Citroën,Berlingo,MPV,1998-2005,越野车,两厢车,通用标准：MPV,,
EU,Citroën Berlingo M49 m49 late MPV 1999-2005 EU,Citroën,Berlingo,MPV,1999-2005,越野车,两厢车,通用标准：MPV,,
EU,Citroën Berlingo M49 m49 late MPV 1999-2011 EU,Citroën,Berlingo,MPV,1999-2011,越野车,两厢车,通用标准：MPV,,
EU,Citroën Berlingo M59 MPV 1996-2003 EU,Citroën,Berlingo,MPV,1996-2003,越野车,两厢车,通用标准：MPV,,
EU,Citroën Berlingo M59 MPV 1996-2008 EU,Citroën,Berlingo,MPV,1996-2008,越野车,两厢车,通用标准：MPV,,
EU,Citroën Berlingo M59 MPV 1996-2011 EU,Citroën,Berlingo,MPV,1996-2011,越野车,两厢车,通用标准：MPV,,
EU,Citroën Berlingo M59 MPV 1998-2005 EU,Citroën,Berlingo,MPV,1998-2005,越野车,两厢车,通用标准：MPV,,
EU,Citroën Berlingo M59 MPV 1999-2005 EU,Citroën,Berlingo,MPV,1999-2005,越野车,两厢车,通用标准：MPV,,
EU,Citroën Berlingo M59 MPV 1999-2011 EU,Citroën,Berlingo,MPV,1999-2011,越野车,两厢车,通用标准：MPV,,
EU,Citroën Berlingo M59 MPV 2000-2011 EU,Citroën,Berlingo,MPV,2000-2011,越野车,两厢车,通用标准：MPV,,
EU,Citroën Berlingo M59 MPV 2002-2005 EU,Citroën,Berlingo,MPV,2002-2005,越野车,两厢车,通用标准：MPV,,
EU,Citroën Berlingo M59 MPV 2002-2011 EU,Citroën,Berlingo,MPV,2002-2011,越野车,两厢车,通用标准：MPV,,
EU,Citroën Berlingo M59 MPV 2003-2005 EU,Citroën,Berlingo,MPV,2003-2005,越野车,两厢车,通用标准：MPV,,
EU,Citroën Berlingo M59 MPV 2003-2008 EU,Citroën,Berlingo,MPV,2003-2008,越野车,两厢车,通用标准：MPV,,
EU,Citroën Berlingo M59 MPV 2005-2008 EU,Citroën,Berlingo,MPV,2005-2008,越野车,两厢车,通用标准：MPV,,
EU,Citroën Berlingo M59 MPV 2005-2011 EU,Citroën,Berlingo,MPV,2005-2011,越野车,两厢车,通用标准：MPV,,
EU,Citroën Berlingo M59 MPV 2010-2010 EU,Citroën,Berlingo,MPV,2010-2010,越野车,两厢车,通用标准：MPV,,
EU,Citroën Berlingo M59 Van 1996-2003 EU,Citroën,Berlingo,Van,1996-2003,越野车,两厢车,通用标准：Van,,
EU,Citroën Berlingo M59 Van 1996-2008 EU,Citroën,Berlingo,Van,1996-2008,越野车,两厢车,通用标准：Van,,
EU,Citroën Berlingo M59 Van 1996-2011 EU,Citroën,Berlingo,Van,1996-2011,越野车,两厢车,通用标准：Van,,
EU,Citroën Berlingo M59 Van 1998-2005 EU,Citroën,Berlingo,Van,1998-2005,越野车,两厢车,通用标准：Van,,
EU,Citroën Berlingo M59 Van 1998-2006 EU,Citroën,Berlingo,Van,1998-2006,越野车,两厢车,通用标准：Van,,
EU,Citroën Berlingo M59 Van 2000-2005 EU,Citroën,Berlingo,Van,2000-2005,越野车,两厢车,通用标准：Van,,
EU,Citroën Berlingo M59 Van 2003-2005 EU,Citroën,Berlingo,Van,2003-2005,越野车,两厢车,通用标准：Van,,
EU,Citroën Berlingo M59 Van 2005-2011 EU,Citroën,Berlingo,Van,2005-2011,越野车,两厢车,通用标准：Van,,
EU,Citroën Berlingo MPV 2016-2018 EU,Citroën,Berlingo,MPV,2016-2018,越野车,两厢车,通用标准：MPV,,
EU,Citroën Berlingo Van 2000-2008 EU,Citroën,Berlingo,Van,2000-2008,越野车,两厢车,通用标准：Van,,
EU,Citroën Bx L4399 W1682 H1431 Wagon 1987-1992 EU,Citroën,Bx,Wagon,1987-1992,三厢车,两厢车,通用标准：Wagon,,
EU,Citroën Bx L4399 W1682 H1440 Wagon 1987-1992 EU,Citroën,Bx,Wagon,1987-1992,三厢车,两厢车,通用标准：Wagon,,
EU,Citroën Bx Wagon 1989-1989 EU,Citroën,Bx,Wagon,1989-1989,三厢车,两厢车,通用标准：Wagon,,
EU,Citroën Bx Wagon 1989-1991 EU,Citroën,Bx,Wagon,1989-1991,三厢车,两厢车,通用标准：Wagon,,
EU,Citroën Bx Wagon 1990-1991 EU,Citroën,Bx,Wagon,1990-1991,三厢车,两厢车,通用标准：Wagon,,
EU,Citroën Bx XB Wagon 1986-1994 EU,Citroën,Bx,Wagon,1986-1994,三厢车,两厢车,通用标准：Wagon,,
EU,Citroën Bx XB Wagon 1987-1989 EU,Citroën,Bx,Wagon,1987-1989,三厢车,两厢车,通用标准：Wagon,,
EU,Citroën Bx XB Wagon 1989-1993 EU,Citroën,Bx,Wagon,1989-1993,三厢车,两厢车,通用标准：Wagon,,
EU,Citroën Bx XB facelift Wagon 1983-1992 EU,Citroën,Bx,Wagon,1983-1992,三厢车,两厢车,通用标准：Wagon,,
EU,Citroën Bx XB prefl Wagon 1983-1992 EU,Citroën,Bx,Wagon,1983-1992,三厢车,两厢车,通用标准：Wagon,,
EU,Citroën Bx facelift Wagon 1983-1994 EU,Citroën,Bx,Wagon,1983-1994,三厢车,两厢车,通用标准：Wagon,,
EU,Citroën Bx facelift Wagon 1985-1988 EU,Citroën,Bx,Wagon,1985-1988,三厢车,两厢车,通用标准：Wagon,,
EU,Citroën Bx facelift Wagon 1985-1993 EU,Citroën,Bx,Wagon,1985-1993,三厢车,两厢车,通用标准：Wagon,,
EU,Citroën Bx facelift Wagon 1985-1994 EU,Citroën,Bx,Wagon,1985-1994,三厢车,两厢车,通用标准：Wagon,,
EU,Citroën Bx facelift Wagon 1986-1994 EU,Citroën,Bx,Wagon,1986-1994,三厢车,两厢车,通用标准：Wagon,,
EU,Citroën Bx facelift Wagon 1987-1994 EU,Citroën,Bx,Wagon,1987-1994,三厢车,两厢车,通用标准：Wagon,,
EU,Citroën Bx facelift Wagon 1988-1994 EU,Citroën,Bx,Wagon,1988-1994,三厢车,两厢车,通用标准：Wagon,,
EU,Citroën Bx facelift Wagon 1989-1994 EU,Citroën,Bx,Wagon,1989-1994,三厢车,两厢车,通用标准：Wagon,,
EU,Citroën Bx late Wagon 1983-1994 EU,Citroën,Bx,Wagon,1983-1994,三厢车,两厢车,通用标准：Wagon,,
EU,Citroën Bx late Wagon 1985-1994 EU,Citroën,Bx,Wagon,1985-1994,三厢车,两厢车,通用标准：Wagon,,
EU,Citroën Bx late Wagon 1986-1994 EU,Citroën,Bx,Wagon,1986-1994,三厢车,两厢车,通用标准：Wagon,,
EU,Citroën Bx late Wagon 1987-1994 EU,Citroën,Bx,Wagon,1987-1994,三厢车,两厢车,通用标准：Wagon,,
EU,Citroën Bx late Wagon 1988-1994 EU,Citroën,Bx,Wagon,1988-1994,三厢车,两厢车,通用标准：Wagon,,
EU,Citroën Bx late Wagon 1989-1994 EU,Citroën,Bx,Wagon,1989-1994,三厢车,两厢车,通用标准：Wagon,,
EU,Citroën Bx prefl Wagon 1983-1994 EU,Citroën,Bx,Wagon,1983-1994,三厢车,两厢车,通用标准：Wagon,,
EU,Citroën Bx prefl Wagon 1985-1988 EU,Citroën,Bx,Wagon,1985-1988,三厢车,两厢车,通用标准：Wagon,,
EU,Citroën Bx prefl Wagon 1985-1993 EU,Citroën,Bx,Wagon,1985-1993,三厢车,两厢车,通用标准：Wagon,,
EU,Citroën Bx prefl Wagon 1985-1994 EU,Citroën,Bx,Wagon,1985-1994,三厢车,两厢车,通用标准：Wagon,,
EU,Citroën Bx prefl Wagon 1986-1994 EU,Citroën,Bx,Wagon,1986-1994,三厢车,两厢车,通用标准：Wagon,,
EU,Citroën C15 VD Van 1986-2000 EU,Citroën,C15,Van,1986-2000,越野车,两厢车,通用标准：Van,,
EU,Citroën C15 VD Van 1987-1996 EU,Citroën,C15,Van,1987-1996,越野车,两厢车,通用标准：Van,,
EU,Citroën C15 VD Van 1988-1996 EU,Citroën,C15,Van,1988-1996,越野车,两厢车,通用标准：Van,,
EU,Citroën C15 VD Van 1991-1996 EU,Citroën,C15,Van,1991-1996,越野车,两厢车,通用标准：Van,,
EU,Citroën C15 VD Van 2000-2005 EU,Citroën,C15,Van,2000-2005,越野车,两厢车,通用标准：Van,,
EU,Citroën C15 VD Wagon 1987-1992 EU,Citroën,C15,Wagon,1987-1992,三厢车,两厢车,通用标准：Wagon,,
EU,Citroën C15 VD Wagon 1987-2000 EU,Citroën,C15,Wagon,1987-2000,三厢车,两厢车,通用标准：Wagon,,
EU,Citroën C15 VD Wagon 1988-1996 EU,Citroën,C15,Wagon,1988-1996,三厢车,两厢车,通用标准：Wagon,,
EU,Citroën C15 VD Wagon 1991-1996 EU,Citroën,C15,Wagon,1991-1996,三厢车,两厢车,通用标准：Wagon,,
EU,Citroën C15 Van 1984-1996 EU,Citroën,C15,Van,1984-1996,越野车,两厢车,通用标准：Van,,
EU,Citroën C2 JM Van 2003-2005 EU,Citroën,C2,Van,2003-2005,越野车,两厢车,通用标准：Van,,
EU,Citroën C2 JM Van 2003-2009 EU,Citroën,C2,Van,2003-2009,越野车,两厢车,通用标准：Van,,
EU,Citroën C25 280 Van 1983-1986 EU,Citroën,C25,Van,1983-1986,越野车,两厢车,通用标准：Van,,
EU,Citroën C25 280 Van 1985-1994 EU,Citroën,C25,Van,1985-1994,越野车,两厢车,通用标准：Van,,
EU,Citroën C25 290 Van 1985-1994 EU,Citroën,C25,Van,1985-1994,越野车,两厢车,通用标准：Van,,
EU,Citroën C25 290 Van 1988-1994 EU,Citroën,C25,Van,1988-1994,越野车,两厢车,通用标准：Van,,
EU,Citroën C25 290 l1h1 Van 1991-1994 EU,Citroën,C25,Van,1991-1994,越野车,两厢车,通用标准：Van,,
EU,Citroën C25 290 l1h2 Van 1991-1994 EU,Citroën,C25,Van,1991-1994,越野车,两厢车,通用标准：Van,,
EU,Citroën C25 290 l2h2 Van 1991-1994 EU,Citroën,C25,Van,1991-1994,越野车,两厢车,通用标准：Van,,
EU,Citroën C25 Bus 1981-1994 EU,Citroën,C25,Bus,1981-1994,越野车,两厢车,通用标准：Bus,,
EU,Citroën C25 Bus 1985-1994 EU,Citroën,C25,Bus,1985-1994,越野车,两厢车,通用标准：Bus,,
EU,Citroën C25 Bus 1991-1994 EU,Citroën,C25,Bus,1991-1994,越野车,两厢车,通用标准：Bus,,
EU,Citroën C25 L4759 W1965 H2096 Bus 1987-1994 EU,Citroën,C25,Bus,1987-1994,越野车,两厢车,通用标准：Bus,,
EU,Citroën C25 L4765 W1965 H2100 Bus 1987-1994 EU,Citroën,C25,Bus,1987-1994,越野车,两厢车,通用标准：Bus,,
EU,Citroën C25 MPV 1981-1994 EU,Citroën,C25,MPV,1981-1994,越野车,两厢车,通用标准：MPV,,
EU,Citroën C25 highroof Bus 1987-1994 EU,Citroën,C25,Bus,1987-1994,越野车,两厢车,通用标准：Bus,,
EU,Citroën C25 l1h1 Van 1981-1994 EU,Citroën,C25,Van,1981-1994,越野车,两厢车,通用标准：Van,,
EU,Citroën C25 l1h2 Van 1981-1994 EU,Citroën,C25,Van,1981-1994,越野车,两厢车,通用标准：Van,,
EU,Citroën C25 l2h2 Van 1981-1994 EU,Citroën,C25,Van,1981-1994,越野车,两厢车,通用标准：Van,,
EU,Citroën C3 aircross ii van Van 2019-2026 EU,Citroën,C3 aircross ii van,Van,2019-2026,越野车,两厢车,通用标准：Van,,
EU,Citroën C3 iii van Van 2019-2026 EU,Citroën,C3 iii van,Van,2019-2026,越野车,两厢车,通用标准：Van,,
EU,Citroën C3 picasso MPV 2008-2015 EU,Citroën,C3 picasso,MPV,2008-2015,越野车,两厢车,通用标准：MPV,,
EU,Citroën C3 picasso MPV 2009-2010 EU,Citroën,C3 picasso,MPV,2009-2010,越野车,两厢车,通用标准：MPV,,
EU,Citroën C3 picasso MPV 2010-2013 EU,Citroën,C3 picasso,MPV,2010-2013,越野车,两厢车,通用标准：MPV,,
EU,Citroën C3 picasso MPV 2010-2015 EU,Citroën,C3 picasso,MPV,2010-2015,越野车,两厢车,通用标准：MPV,,
EU,Citroën C3 picasso MPV 2013-2015 EU,Citroën,C3 picasso,MPV,2013-2015,越野车,两厢车,通用标准：MPV,,
EU,Citroën C3 picasso MPV 2015-2015 EU,Citroën,C3 picasso,MPV,2015-2015,越野车,两厢车,通用标准：MPV,,
EU,Citroën C3 picasso MPV 2015-2017 EU,Citroën,C3 picasso,MPV,2015-2017,越野车,两厢车,通用标准：MPV,,
EU,Citroën C3 picasso facelift MPV 2009-2015 EU,Citroën,C3 picasso,MPV,2009-2015,越野车,两厢车,通用标准：MPV,,
EU,Citroën C3 picasso prefl MPV 2009-2015 EU,Citroën,C3 picasso,MPV,2009-2015,越野车,两厢车,通用标准：MPV,,
EU,Citroën C4 grand picasso i MPV 2006-2010 EU,Citroën,C4 grand picasso i,MPV,2006-2010,越野车,两厢车,通用标准：MPV,,
EU,Citroën C4 grand picasso i MPV 2006-2011 EU,Citroën,C4 grand picasso i,MPV,2006-2011,越野车,两厢车,通用标准：MPV,,
EU,Citroën C4 grand picasso i MPV 2006-2013 EU,Citroën,C4 grand picasso i,MPV,2006-2013,越野车,两厢车,通用标准：MPV,,
EU,Citroën C4 grand picasso i UA MPV 2010-2013 EU,Citroën,C4 grand picasso i,MPV,2010-2013,越野车,两厢车,通用标准：MPV,,
EU,Citroën C4 grand picasso i UA airsusp MPV 2008-2010 EU,Citroën,C4 grand picasso i,MPV,2008-2010,越野车,两厢车,通用标准：MPV,,
EU,Citroën C4 grand picasso i UA airsusp MPV 2008-2013 EU,Citroën,C4 grand picasso i,MPV,2008-2013,越野车,两厢车,通用标准：MPV,,
EU,Citroën C4 grand picasso i UA airsusp MPV 2009-2013 EU,Citroën,C4 grand picasso i,MPV,2009-2013,越野车,两厢车,通用标准：MPV,,
EU,Citroën C4 grand picasso i UA coil MPV 2008-2010 EU,Citroën,C4 grand picasso i,MPV,2008-2010,越野车,两厢车,通用标准：MPV,,
EU,Citroën C4 grand picasso i UA coil MPV 2008-2013 EU,Citroën,C4 grand picasso i,MPV,2008-2013,越野车,两厢车,通用标准：MPV,,
EU,Citroën C4 grand picasso i UA coil MPV 2009-2013 EU,Citroën,C4 grand picasso i,MPV,2009-2013,越野车,两厢车,通用标准：MPV,,
EU,Citroën C4 grand picasso ii MPV 2013-2026 EU,Citroën,C4 grand picasso ii,MPV,2013-2026,越野车,两厢车,通用标准：MPV,,
EU,Citroën C4 grand picasso ii MPV 2015-2016 EU,Citroën,C4 grand picasso ii,MPV,2015-2016,越野车,两厢车,通用标准：MPV,,
EU,Citroën C4 grand picasso ii facelift MPV 2013-2018 EU,Citroën,C4 grand picasso ii,MPV,2013-2018,越野车,两厢车,通用标准：MPV,,
EU,Citroën C4 grand picasso ii facelift MPV 2013-2026 EU,Citroën,C4 grand picasso ii,MPV,2013-2026,越野车,两厢车,通用标准：MPV,,
EU,Citroën C4 grand picasso ii facelift MPV 2014-2018 EU,Citroën,C4 grand picasso ii,MPV,2014-2018,越野车,两厢车,通用标准：MPV,,
EU,Citroën C4 grand picasso ii facelift MPV 2014-2026 EU,Citroën,C4 grand picasso ii,MPV,2014-2026,越野车,两厢车,通用标准：MPV,,
EU,Citroën C4 grand picasso ii prefl MPV 2013-2018 EU,Citroën,C4 grand picasso ii,MPV,2013-2018,越野车,两厢车,通用标准：MPV,,
EU,Citroën C4 grand picasso ii prefl MPV 2014-2018 EU,Citroën,C4 grand picasso ii,MPV,2014-2018,越野车,两厢车,通用标准：MPV,,
EU,Citroën C4 grand picasso ii prefl MPV 2014-2026 EU,Citroën,C4 grand picasso ii,MPV,2014-2026,越野车,两厢车,通用标准：MPV,,
EU,Citroën C4 i LR Van 2005-2010 EU,Citroën,C4 i,Van,2005-2010,越野车,两厢车,通用标准：Van,,
EU,Citroën C4 picasso i MPV 2009-2012 EU,Citroën,C4 picasso i,MPV,2009-2012,越野车,两厢车,通用标准：MPV,,
EU,Citroën C4 picasso i UD L4468 W1831 H1610 MPV 2010-2013 EU,Citroën,C4 picasso i,MPV,2010-2013,越野车,两厢车,通用标准：MPV,,
EU,Citroën C4 picasso i UD L4470 W1830 H1680 MPV 2010-2013 EU,Citroën,C4 picasso i,MPV,2010-2013,越野车,两厢车,通用标准：MPV,,
EU,Citroën C4 picasso i UD airsusp MPV 2006-2013 EU,Citroën,C4 picasso i,MPV,2006-2013,越野车,两厢车,通用标准：MPV,,
EU,Citroën C4 picasso i UD airsusp MPV 2007-2011 EU,Citroën,C4 picasso i,MPV,2007-2011,越野车,两厢车,通用标准：MPV,,
EU,Citroën C4 picasso i UD airsusp MPV 2007-2013 EU,Citroën,C4 picasso i,MPV,2007-2013,越野车,两厢车,通用标准：MPV,,
EU,Citroën C4 picasso i UD airsusp MPV 2008-2013 EU,Citroën,C4 picasso i,MPV,2008-2013,越野车,两厢车,通用标准：MPV,,
EU,Citroën C4 picasso i UD airsusp MPV 2009-2013 EU,Citroën,C4 picasso i,MPV,2009-2013,越野车,两厢车,通用标准：MPV,,
EU,Citroën C4 picasso i UD coil MPV 2006-2013 EU,Citroën,C4 picasso i,MPV,2006-2013,越野车,两厢车,通用标准：MPV,,
EU,Citroën C4 picasso i UD coil MPV 2007-2011 EU,Citroën,C4 picasso i,MPV,2007-2011,越野车,两厢车,通用标准：MPV,,
EU,Citroën C4 picasso i UD coil MPV 2007-2013 EU,Citroën,C4 picasso i,MPV,2007-2013,越野车,两厢车,通用标准：MPV,,
EU,Citroën C4 picasso i UD coil MPV 2008-2013 EU,Citroën,C4 picasso i,MPV,2008-2013,越野车,两厢车,通用标准：MPV,,
EU,Citroën C4 picasso i UD coil MPV 2009-2013 EU,Citroën,C4 picasso i,MPV,2009-2013,越野车,两厢车,通用标准：MPV,,
EU,Citroën C4 picasso ii 3D MPV 2013-2026 EU,Citroën,C4 picasso ii,MPV,2013-2026,越野车,两厢车,通用标准：MPV,,
EU,Citroën C4 picasso ii MPV 2016-2026 EU,Citroën,C4 picasso ii,MPV,2016-2026,越野车,两厢车,通用标准：MPV,,
EU,Citroën C4 picasso ii facelift MPV 2013-2018 EU,Citroën,C4 picasso ii,MPV,2013-2018,越野车,两厢车,通用标准：MPV,,
EU,Citroën C4 picasso ii facelift MPV 2013-2026 EU,Citroën,C4 picasso ii,MPV,2013-2026,越野车,两厢车,通用标准：MPV,,
EU,Citroën C4 picasso ii facelift MPV 2014-2018 EU,Citroën,C4 picasso ii,MPV,2014-2018,越野车,两厢车,通用标准：MPV,,
EU,Citroën C4 picasso ii facelift MPV 2014-2026 EU,Citroën,C4 picasso ii,MPV,2014-2026,越野车,两厢车,通用标准：MPV,,
EU,Citroën C4 picasso ii prefl MPV 2013-2018 EU,Citroën,C4 picasso ii,MPV,2013-2018,越野车,两厢车,通用标准：MPV,,
EU,Citroën C4 picasso ii prefl MPV 2013-2026 EU,Citroën,C4 picasso ii,MPV,2013-2026,越野车,两厢车,通用标准：MPV,,
EU,Citroën C4 picasso ii prefl MPV 2014-2018 EU,Citroën,C4 picasso ii,MPV,2014-2018,越野车,两厢车,通用标准：MPV,,
EU,Citroën C4 picasso ii prefl MPV 2014-2026 EU,Citroën,C4 picasso ii,MPV,2014-2026,越野车,两厢车,通用标准：MPV,,
EU,Citroën C4 picasso ii van 3D facelift MPV 2013-2026 EU,Citroën,C4 picasso ii van,MPV,2013-2026,越野车,两厢车,通用标准：MPV,,
EU,Citroën C4 picasso ii van 3D prefl MPV 2013-2026 EU,Citroën,C4 picasso ii van,MPV,2013-2026,越野车,两厢车,通用标准：MPV,,
EU,Citroën C4 spacetourer B78 MPV 2018-2019 EU,Citroën,C4 spacetourer,MPV,2018-2019,越野车,两厢车,通用标准：MPV,,
EU,Citroën C4 spacetourer B78 MPV 2018-2026 EU,Citroën,C4 spacetourer,MPV,2018-2026,越野车,两厢车,通用标准：MPV,,
EU,Citroën C4 spacetourer van MPV 2019-2026 EU,Citroën,C4 spacetourer van,MPV,2019-2026,越野车,两厢车,通用标准：MPV,,
EU,Citroën C4 x BD Fastback 2022-2026 EU,Citroën,C4 x,Fastback,2022-2026,跑车,三厢车,联网判定：Fastback,高底盘 fastback 轿车，独立行李箱盖，三厢轮廓,https://www.autocar.co.uk/car-review/citroen/c4-x
EU,Citroën C4 x BD Fastback 2024-2026 EU,Citroën,C4 x,Fastback,2024-2026,跑车,三厢车,联网判定：Fastback,高底盘 fastback 轿车，独立行李箱盖，三厢轮廓,https://www.autocar.co.uk/car-review/citroen/c4-x
EU,Citroën C4 x BD Fastback 2025-2026 EU,Citroën,C4 x,Fastback,2025-2026,跑车,三厢车,联网判定：Fastback,高底盘 fastback 轿车，独立行李箱盖，三厢轮廓,https://www.autocar.co.uk/car-review/citroen/c4-x
EU,Citroën C4 x BE Fastback 2022-2026 EU,Citroën,C4 x,Fastback,2022-2026,跑车,三厢车,联网判定：Fastback,高底盘 fastback 轿车，独立行李箱盖，三厢轮廓,https://www.autocar.co.uk/car-review/citroen/c4-x
EU,Citroën C4 x BF Fastback 2022-2026 EU,Citroën,C4 x,Fastback,2022-2026,跑车,三厢车,联网判定：Fastback,高底盘 fastback 轿车，独立行李箱盖，三厢轮廓,https://www.autocar.co.uk/car-review/citroen/c4-x
EU,Citroën C4 x BF Fastback 2023-2026 EU,Citroën,C4 x,Fastback,2023-2026,跑车,三厢车,联网判定：Fastback,高底盘 fastback 轿车，独立行李箱盖，三厢轮廓,https://www.autocar.co.uk/car-review/citroen/c4-x
EU,Citroën C5 DE Wagon 2001-2004 EU,Citroën,C5,Wagon,2001-2004,三厢车,两厢车,通用标准：Wagon,,
EU,Citroën C5 DE Wagon 2002-2004 EU,Citroën,C5,Wagon,2002-2004,三厢车,两厢车,通用标准：Wagon,,
EU,Citroën C5 DE Wagon 2003-2004 EU,Citroën,C5,Wagon,2003-2004,三厢车,两厢车,通用标准：Wagon,,
EU,Citroën C5 DE Wagon 2004-2005 EU,Citroën,C5,Wagon,2004-2005,三厢车,两厢车,通用标准：Wagon,,
EU,Citroën C5 DE Wagon 2004-2008 EU,Citroën,C5,Wagon,2004-2008,三厢车,两厢车,通用标准：Wagon,,
EU,Citroën C5 L4756 W1770 H1516 Wagon 2001-2004 EU,Citroën,C5,Wagon,2001-2004,三厢车,两厢车,通用标准：Wagon,,
EU,Citroën C5 L4760 W1770 H1520 Wagon 2001-2004 EU,Citroën,C5,Wagon,2001-2004,三厢车,两厢车,通用标准：Wagon,,
EU,Citroën C5 ND Wagon 2021-2026 EU,Citroën,C5,Wagon,2021-2026,三厢车,两厢车,通用标准：Wagon,,
EU,Citroën C5 ND Wagon 2023-2026 EU,Citroën,C5,Wagon,2023-2026,三厢车,两厢车,通用标准：Wagon,,
EU,Citroën C5 ND Wagon 2025-2026 EU,Citroën,C5,Wagon,2025-2026,三厢车,两厢车,通用标准：Wagon,,
EU,Citroën C5 RE Wagon 2004-2005 EU,Citroën,C5,Wagon,2004-2005,三厢车,两厢车,通用标准：Wagon,,
EU,Citroën C5 RE Wagon 2004-2006 EU,Citroën,C5,Wagon,2004-2006,三厢车,两厢车,通用标准：Wagon,,
EU,Citroën C5 RE Wagon 2004-2008 EU,Citroën,C5,Wagon,2004-2008,三厢车,两厢车,通用标准：Wagon,,
EU,Citroën C5 RE Wagon 2005-2008 EU,Citroën,C5,Wagon,2005-2008,三厢车,两厢车,通用标准：Wagon,,
EU,Citroën C5 RE Wagon 2006-2008 EU,Citroën,C5,Wagon,2006-2008,三厢车,两厢车,通用标准：Wagon,,
EU,Citroën C5 RW Wagon 2008-2010 EU,Citroën,C5,Wagon,2008-2010,三厢车,两厢车,通用标准：Wagon,,
EU,Citroën C5 TD Wagon 2008-2009 EU,Citroën,C5,Wagon,2008-2009,三厢车,两厢车,通用标准：Wagon,,
EU,Citroën C5 TD Wagon 2009-2016 EU,Citroën,C5,Wagon,2009-2016,三厢车,两厢车,通用标准：Wagon,,
EU,Citroën C5 TD Wagon 2009-2017 EU,Citroën,C5,Wagon,2009-2017,三厢车,两厢车,通用标准：Wagon,,
EU,Citroën C5 TD Wagon 2010-2012 EU,Citroën,C5,Wagon,2010-2012,三厢车,两厢车,通用标准：Wagon,,
EU,Citroën C5 TD Wagon 2012-2015 EU,Citroën,C5,Wagon,2012-2015,三厢车,两厢车,通用标准：Wagon,,
EU,Citroën C5 TD Wagon 2015-2017 EU,Citroën,C5,Wagon,2015-2017,三厢车,两厢车,通用标准：Wagon,,
EU,Citroën C5 Wagon 2006-2008 EU,Citroën,C5,Wagon,2006-2008,三厢车,两厢车,通用标准：Wagon,,
EU,Citroën C5 X7 Wagon 2008-2009 EU,Citroën,C5,Wagon,2008-2009,三厢车,两厢车,通用标准：Wagon,,
EU,Citroën C5 X7 Wagon 2008-2010 EU,Citroën,C5,Wagon,2008-2010,三厢车,两厢车,通用标准：Wagon,,
EU,Citroën C5 X7 Wagon 2008-2011 EU,Citroën,C5,Wagon,2008-2011,三厢车,两厢车,通用标准：Wagon,,
EU,Citroën C5 X7 Wagon 2008-2014 EU,Citroën,C5,Wagon,2008-2014,三厢车,两厢车,通用标准：Wagon,,
EU,Citroën C5 X7 Wagon 2009-2014 EU,Citroën,C5,Wagon,2009-2014,三厢车,两厢车,通用标准：Wagon,,
EU,Citroën C5 X7 Wagon 2009-2015 EU,Citroën,C5,Wagon,2009-2015,三厢车,两厢车,通用标准：Wagon,,
EU,Citroën C5 X7 Wagon 2009-2016 EU,Citroën,C5,Wagon,2009-2016,三厢车,两厢车,通用标准：Wagon,,
EU,Citroën C5 X7 Wagon 2010-2015 EU,Citroën,C5,Wagon,2010-2015,三厢车,两厢车,通用标准：Wagon,,
EU,Citroën C8 L4726 W1854 H1752 MPV 2002-2026 EU,Citroën,C8,MPV,2002-2026,越野车,两厢车,通用标准：MPV,,
EU,Citroën C8 L4726 W1854 H1856 MPV 2002-2026 EU,Citroën,C8,MPV,2002-2026,越野车,两厢车,通用标准：MPV,,
EU,Citroën C8 L4726 W1854 H1856 MPV 2006-2026 EU,Citroën,C8,MPV,2006-2026,越野车,两厢车,通用标准：MPV,,
EU,Citroën C8 L4727 W1854 H1752 MPV 2006-2026 EU,Citroën,C8,MPV,2006-2026,越野车,两厢车,通用标准：MPV,,
EU,Citroën C8 MPV 2003-2004 EU,Citroën,C8,MPV,2003-2004,越野车,两厢车,通用标准：MPV,,
EU,Citroën C8 MPV 2003-2006 EU,Citroën,C8,MPV,2003-2006,越野车,两厢车,通用标准：MPV,,
EU,Citroën C8 MPV 2003-2007 EU,Citroën,C8,MPV,2003-2007,越野车,两厢车,通用标准：MPV,,
EU,Citroën C8 MPV 2003-2009 EU,Citroën,C8,MPV,2003-2009,越野车,两厢车,通用标准：MPV,,
EU,Citroën C8 MPV 2004-2011 EU,Citroën,C8,MPV,2004-2011,越野车,两厢车,通用标准：MPV,,
EU,Citroën C8 MPV 2005-2026 EU,Citroën,C8,MPV,2005-2026,越野车,两厢车,通用标准：MPV,,
EU,Citroën C8 MPV 2006-2012 EU,Citroën,C8,MPV,2006-2012,越野车,两厢车,通用标准：MPV,,
EU,Citroën C8 MPV 2007-2026 EU,Citroën,C8,MPV,2007-2026,越野车,两厢车,通用标准：MPV,,
EU,Citroën Cx i break L4930 W1770 H1460 Wagon 1983-1985 EU,Citroën,Cx i break,Wagon,1983-1985,三厢车,两厢车,通用标准：Wagon,,
EU,Citroën Cx i break L4952 W1770 H1465 Wagon 1983-1985 EU,Citroën,Cx i break,Wagon,1983-1985,三厢车,两厢车,通用标准：Wagon,,
EU,Citroën Cx i break Wagon 1975-1979 EU,Citroën,Cx i break,Wagon,1975-1979,三厢车,两厢车,通用标准：Wagon,,
EU,Citroën Cx i break Wagon 1976-1979 EU,Citroën,Cx i break,Wagon,1976-1979,三厢车,两厢车,通用标准：Wagon,,
EU,Citroën Cx i break Wagon 1976-1980 EU,Citroën,Cx i break,Wagon,1976-1980,三厢车,两厢车,通用标准：Wagon,,
EU,Citroën Cx i break Wagon 1980-1982 EU,Citroën,Cx i break,Wagon,1980-1982,三厢车,两厢车,通用标准：Wagon,,
EU,Citroën Cx i break Wagon 1982-1983 EU,Citroën,Cx i break,Wagon,1982-1983,三厢车,两厢车,通用标准：Wagon,,
EU,Citroën Cx i break phase82 Wagon 1981-1985 EU,Citroën,Cx i break,Wagon,1981-1985,三厢车,两厢车,通用标准：Wagon,,
EU,Citroën Cx i break post82 Wagon 1978-1985 EU,Citroën,Cx i break,Wagon,1978-1985,三厢车,两厢车,通用标准：Wagon,,
EU,Citroën Cx i break post82 Wagon 1979-1985 EU,Citroën,Cx i break,Wagon,1979-1985,三厢车,两厢车,通用标准：Wagon,,
EU,Citroën Cx i break pre82 Wagon 1978-1985 EU,Citroën,Cx i break,Wagon,1978-1985,三厢车,两厢车,通用标准：Wagon,,
EU,Citroën Cx i break pre82 Wagon 1979-1985 EU,Citroën,Cx i break,Wagon,1979-1985,三厢车,两厢车,通用标准：Wagon,,
EU,Citroën Cx i break pre82 Wagon 1981-1985 EU,Citroën,Cx i break,Wagon,1981-1985,三厢车,两厢车,通用标准：Wagon,,
EU,Citroën Cx ii break Wagon 1985-1986 EU,Citroën,Cx ii break,Wagon,1985-1986,三厢车,两厢车,通用标准：Wagon,,
EU,Citroën Cx ii break Wagon 1985-1989 EU,Citroën,Cx ii break,Wagon,1985-1989,三厢车,两厢车,通用标准：Wagon,,
EU,Citroën Cx ii break Wagon 1985-1992 EU,Citroën,Cx ii break,Wagon,1985-1992,三厢车,两厢车,通用标准：Wagon,,
EU,Citroën Cx ii break Wagon 1986-1992 EU,Citroën,Cx ii break,Wagon,1986-1992,三厢车,两厢车,通用标准：Wagon,,
EU,Citroën Cx ii break Wagon 1987-1992 EU,Citroën,Cx ii break,Wagon,1987-1992,三厢车,两厢车,通用标准：Wagon,,
EU,Citroën Ds Wagon 1972-1974 EU,Citroën,Ds,Wagon,1972-1974,三厢车,两厢车,通用标准：Wagon,,
EU,Citroën Ds Wagon 1972-1975 EU,Citroën,Ds,Wagon,1972-1975,三厢车,两厢车,通用标准：Wagon,,
EU,Citroën Evasion 22 MPV 1994-2002 EU,Citroën,Evasion,MPV,1994-2002,越野车,两厢车,通用标准：MPV,,
EU,Citroën Evasion 22 MPV 1995-1998 EU,Citroën,Evasion,MPV,1995-1998,越野车,两厢车,通用标准：MPV,,
EU,Citroën Evasion 22 MPV 1996-2002 EU,Citroën,Evasion,MPV,1996-2002,越野车,两厢车,通用标准：MPV,,
EU,Citroën Evasion 22 MPV 1997-2002 EU,Citroën,Evasion,MPV,1997-2002,越野车,两厢车,通用标准：MPV,,
EU,Citroën Evasion MPV 1998-2000 EU,Citroën,Evasion,MPV,1998-2000,越野车,两厢车,通用标准：MPV,,
EU,Citroën Evasion MPV 1999-2002 EU,Citroën,Evasion,MPV,1999-2002,越野车,两厢车,通用标准：MPV,,
EU,Citroën Evasion U6U MPV 1999-2002 EU,Citroën,Evasion,MPV,1999-2002,越野车,两厢车,通用标准：MPV,,
EU,Citroën Evasion U6U MPV 2000-2002 EU,Citroën,Evasion,MPV,2000-2002,越野车,两厢车,通用标准：MPV,,
EU,Citroën Evasion van 22 MPV 1994-2002 EU,Citroën,Evasion van,MPV,1994-2002,越野车,两厢车,通用标准：MPV,,
EU,Citroën Evasion van 22 MPV 1995-1998 EU,Citroën,Evasion van,MPV,1995-1998,越野车,两厢车,通用标准：MPV,,
EU,Citroën Evasion van 22 MPV 1996-2000 EU,Citroën,Evasion van,MPV,1996-2000,越野车,两厢车,通用标准：MPV,,
EU,Citroën Evasion van 22 MPV 1998-2000 EU,Citroën,Evasion van,MPV,1998-2000,越野车,两厢车,通用标准：MPV,,
EU,Citroën Evasion van 22 MPV 1999-2002 EU,Citroën,Evasion van,MPV,1999-2002,越野车,两厢车,通用标准：MPV,,
EU,Citroën Grand c4 spacetourer B78 MPV 2018-2018 EU,Citroën,Grand c4 spacetourer,MPV,2018-2018,越野车,两厢车,通用标准：MPV,,
EU,Citroën Grand c4 spacetourer B78 MPV 2018-2019 EU,Citroën,Grand c4 spacetourer,MPV,2018-2019,越野车,两厢车,通用标准：MPV,,
EU,Citroën Grand c4 spacetourer B78 MPV 2018-2026 EU,Citroën,Grand c4 spacetourer,MPV,2018-2026,越野车,两厢车,通用标准：MPV,,
EU,Citroën Grand c4 spacetourer van MPV 2019-2026 EU,Citroën,Grand c4 spacetourer van,MPV,2019-2026,越野车,两厢车,通用标准：MPV,,
EU,Citroën Gs Wagon 1971-1977 EU,Citroën,Gs,Wagon,1971-1977,三厢车,两厢车,通用标准：Wagon,,
EU,Citroën Gs Wagon 1973-1979 EU,Citroën,Gs,Wagon,1973-1979,三厢车,两厢车,通用标准：Wagon,,
EU,Citroën Gs Wagon 1977-1980 EU,Citroën,Gs,Wagon,1977-1980,三厢车,两厢车,通用标准：Wagon,,
EU,Citroën Gs Wagon 1979-1986 EU,Citroën,Gs,Wagon,1979-1986,三厢车,两厢车,通用标准：Wagon,,
EU,Citroën Gs Wagon 1980-1982 EU,Citroën,Gs,Wagon,1980-1982,三厢车,两厢车,通用标准：Wagon,,
EU,Citroën Id Wagon 1969-1972 EU,Citroën,Id,Wagon,1969-1972,三厢车,两厢车,通用标准：Wagon,,
EU,Citroën Id Wagon 1971-1975 EU,Citroën,Id,Wagon,1971-1975,三厢车,两厢车,通用标准：Wagon,,
EU,Citroën Id series2 Wagon 1966-1972 EU,Citroën,Id,Wagon,1966-1972,三厢车,两厢车,通用标准：Wagon,,
EU,Citroën Id series3 Wagon 1966-1972 EU,Citroën,Id,Wagon,1966-1972,三厢车,两厢车,通用标准：Wagon,,
EU,Citroën Jumper i 230L l1h1 Van 1996-1997 EU,Citroën,Jumper i,Van,1996-1997,越野车,两厢车,通用标准：Van,,
EU,Citroën Jumper i 230L l1h1 Van 1996-2002 EU,Citroën,Jumper i,Van,1996-2002,越野车,两厢车,通用标准：Van,,
EU,Citroën Jumper i 230L l2h2 Van 1996-1997 EU,Citroën,Jumper i,Van,1996-1997,越野车,两厢车,通用标准：Van,,
EU,Citroën Jumper i 230L l2h2 Van 1996-2002 EU,Citroën,Jumper i,Van,1996-2002,越野车,两厢车,通用标准：Van,,
EU,Citroën Jumper i 230L lwb h2455 Van 1999-2002 EU,Citroën,Jumper i,Van,1999-2002,越野车,两厢车,通用标准：Van,,
EU,Citroën Jumper i 230L lwb h2455 Van 2000-2002 EU,Citroën,Jumper i,Van,2000-2002,越野车,两厢车,通用标准：Van,,
EU,Citroën Jumper i 230L lwb h2470 Van 1999-2002 EU,Citroën,Jumper i,Van,1999-2002,越野车,两厢车,通用标准：Van,,
EU,Citroën Jumper i 230L lwb h2470 Van 2000-2002 EU,Citroën,Jumper i,Van,2000-2002,越野车,两厢车,通用标准：Van,,
EU,Citroën Jumper i 230L lwb highroof Van 1994-2002 EU,Citroën,Jumper i,Van,1994-2002,越野车,两厢车,通用标准：Van,,
EU,Citroën Jumper i 230L lwb highroof Van 1996-2000 EU,Citroën,Jumper i,Van,1996-2000,越野车,两厢车,通用标准：Van,,
EU,Citroën Jumper i 230L lwb highroof Van 1999-2002 EU,Citroën,Jumper i,Van,1999-2002,越野车,两厢车,通用标准：Van,,
EU,Citroën Jumper i 230L lwb highroof Van 2001-2002 EU,Citroën,Jumper i,Van,2001-2002,越野车,两厢车,通用标准：Van,,
EU,Citroën Jumper i 230L mwb extrahighroof Van 2000-2000 EU,Citroën,Jumper i,Van,2000-2000,越野车,两厢车,通用标准：Van,,
EU,Citroën Jumper i 230L mwb extrahighroof Van 2000-2002 EU,Citroën,Jumper i,Van,2000-2002,越野车,两厢车,通用标准：Van,,
EU,Citroën Jumper i 230L mwb h2145 Van 1999-2002 EU,Citroën,Jumper i,Van,1999-2002,越野车,两厢车,通用标准：Van,,
EU,Citroën Jumper i 230L mwb h2465 Van 1999-2002 EU,Citroën,Jumper i,Van,1999-2002,越野车,两厢车,通用标准：Van,,
EU,Citroën Jumper i 230L mwb highroof 35 Van 2000-2002 EU,Citroën,Jumper i,Van,2000-2002,越野车,两厢车,通用标准：Van,,
EU,Citroën Jumper i 230L mwb highroof L5005 W1998 H2465 Van 2000-2002 EU,Citroën,Jumper i,Van,2000-2002,越野车,两厢车,通用标准：Van,,
EU,Citroën Jumper i 230L mwb highroof L5010 W2000 H2470 Van 2000-2002 EU,Citroën,Jumper i,Van,2000-2002,越野车,两厢车,通用标准：Van,,
EU,Citroën Jumper i 230L mwb highroof L5099 W1998 H2420 Van 2000-2002 EU,Citroën,Jumper i,Van,2000-2002,越野车,两厢车,通用标准：Van,,
EU,Citroën Jumper i 230L mwb highroof Van 1994-2002 EU,Citroën,Jumper i,Van,1994-2002,越野车,两厢车,通用标准：Van,,
EU,Citroën Jumper i 230L mwb highroof Van 1996-2000 EU,Citroën,Jumper i,Van,1996-2000,越野车,两厢车,通用标准：Van,,
EU,Citroën Jumper i 230L mwb highroof Van 1999-2002 EU,Citroën,Jumper i,Van,1999-2002,越野车,两厢车,通用标准：Van,,
EU,Citroën Jumper i 230L mwb highroof Van 2000-2000 EU,Citroën,Jumper i,Van,2000-2000,越野车,两厢车,通用标准：Van,,
EU,Citroën Jumper i 230L mwb highroof Van 2001-2002 EU,Citroën,Jumper i,Van,2001-2002,越野车,两厢车,通用标准：Van,,
EU,Citroën Jumper i 230L mwb lowroof Van 1994-2002 EU,Citroën,Jumper i,Van,1994-2002,越野车,两厢车,通用标准：Van,,
EU,Citroën Jumper i 230L mwb lowroof Van 1996-2000 EU,Citroën,Jumper i,Van,1996-2000,越野车,两厢车,通用标准：Van,,
EU,Citroën Jumper i 230L mwb lowroof Van 1999-2002 EU,Citroën,Jumper i,Van,1999-2002,越野车,两厢车,通用标准：Van,,
EU,Citroën Jumper i 230L mwb lowroof Van 2000-2002 EU,Citroën,Jumper i,Van,2000-2002,越野车,两厢车,通用标准：Van,,
EU,Citroën Jumper i 230L mwb lowroof Van 2001-2002 EU,Citroën,Jumper i,Van,2001-2002,越野车,两厢车,通用标准：Van,,
EU,Citroën Jumper i 230L swb h2450 Van 1999-2002 EU,Citroën,Jumper i,Van,1999-2002,越野车,两厢车,通用标准：Van,,
EU,Citroën Jumper i 230L swb highroof Van 1994-2002 EU,Citroën,Jumper i,Van,1994-2002,越野车,两厢车,通用标准：Van,,
EU,Citroën Jumper i 230L swb highroof Van 1996-2000 EU,Citroën,Jumper i,Van,1996-2000,越野车,两厢车,通用标准：Van,,
EU,Citroën Jumper i 230L swb highroof Van 1999-2002 EU,Citroën,Jumper i,Van,1999-2002,越野车,两厢车,通用标准：Van,,
EU,Citroën Jumper i 230L swb highroof Van 2000-2002 EU,Citroën,Jumper i,Van,2000-2002,越野车,两厢车,通用标准：Van,,
EU,Citroën Jumper i 230L swb highroof Van 2001-2002 EU,Citroën,Jumper i,Van,2001-2002,越野车,两厢车,通用标准：Van,,
EU,Citroën Jumper i 230L swb lowroof L4670 W2000 H2150 Van 2000-2002 EU,Citroën,Jumper i,Van,2000-2002,越野车,两厢车,通用标准：Van,,
EU,Citroën Jumper i 230L swb lowroof L4680 W1998 H2102 Van 2000-2002 EU,Citroën,Jumper i,Van,2000-2002,越野车,两厢车,通用标准：Van,,
EU,Citroën Jumper i 230L swb lowroof Van 1994-2002 EU,Citroën,Jumper i,Van,1994-2002,越野车,两厢车,通用标准：Van,,
EU,Citroën Jumper i 230L swb lowroof Van 1996-2000 EU,Citroën,Jumper i,Van,1996-2000,越野车,两厢车,通用标准：Van,,
EU,Citroën Jumper i 230L swb lowroof Van 1999-2002 EU,Citroën,Jumper i,Van,1999-2002,越野车,两厢车,通用标准：Van,,
EU,Citroën Jumper i 230L swb lowroof Van 2000-2000 EU,Citroën,Jumper i,Van,2000-2000,越野车,两厢车,通用标准：Van,,
EU,Citroën Jumper i 230L swb lowroof Van 2001-2002 EU,Citroën,Jumper i,Van,2001-2002,越野车,两厢车,通用标准：Van,,
EU,Citroën Jumper i 230P MPV 1996-2002 EU,Citroën,Jumper i,MPV,1996-2002,越野车,两厢车,通用标准：MPV,,
EU,Citroën Jumper i 230P MPV 2000-2002 EU,Citroën,Jumper i,MPV,2000-2002,越野车,两厢车,通用标准：MPV,,
EU,Citroën Jumper i 230P mwb highroof MPV 1994-2002 EU,Citroën,Jumper i,MPV,1994-2002,越野车,两厢车,通用标准：MPV,,
EU,Citroën Jumper i 230P mwb highroof MPV 1996-2000 EU,Citroën,Jumper i,MPV,1996-2000,越野车,两厢车,通用标准：MPV,,
EU,Citroën Jumper i 230P mwb highroof MPV 1999-2002 EU,Citroën,Jumper i,MPV,1999-2002,越野车,两厢车,通用标准：MPV,,
EU,Citroën Jumper i 230P mwb highroof MPV 2000-2002 EU,Citroën,Jumper i,MPV,2000-2002,越野车,两厢车,通用标准：MPV,,
EU,Citroën Jumper i 230P mwb lowroof MPV 1994-2002 EU,Citroën,Jumper i,MPV,1994-2002,越野车,两厢车,通用标准：MPV,,
EU,Citroën Jumper i 230P mwb lowroof MPV 1996-2000 EU,Citroën,Jumper i,MPV,1996-2000,越野车,两厢车,通用标准：MPV,,
EU,Citroën Jumper i 230P mwb lowroof MPV 1999-2002 EU,Citroën,Jumper i,MPV,1999-2002,越野车,两厢车,通用标准：MPV,,
EU,Citroën Jumper i 230P mwb lowroof MPV 2000-2002 EU,Citroën,Jumper i,MPV,2000-2002,越野车,两厢车,通用标准：MPV,,
EU,Citroën Jumper i 230P swb lowroof MPV 1994-2002 EU,Citroën,Jumper i,MPV,1994-2002,越野车,两厢车,通用标准：MPV,,
EU,Citroën Jumper i 230P swb lowroof MPV 1996-2000 EU,Citroën,Jumper i,MPV,1996-2000,越野车,两厢车,通用标准：MPV,,
EU,Citroën Jumper i 230P swb lowroof MPV 1999-2002 EU,Citroën,Jumper i,MPV,1999-2002,越野车,两厢车,通用标准：MPV,,
EU,Citroën Jumper i 230P swb lowroof MPV 2000-2002 EU,Citroën,Jumper i,MPV,2000-2002,越野车,两厢车,通用标准：MPV,,
EU,Citroën Jumper ii 244 Van 2002-2006 EU,Citroën,Jumper ii,Van,2002-2006,越野车,两厢车,通用标准：Van,,
EU,Citroën Jumper ii 244 Van 2003-2006 EU,Citroën,Jumper ii,Van,2003-2006,越野车,两厢车,通用标准：Van,,
EU,Citroën Jumper ii 244 Van 2004-2006 EU,Citroën,Jumper ii,Van,2004-2006,越野车,两厢车,通用标准：Van,,
EU,Citroën Jumper ii 244 lwb highroof Van 2002-2006 EU,Citroën,Jumper ii,Van,2002-2006,越野车,两厢车,通用标准：Van,,
EU,Citroën Jumper ii 244 mwb highroof Van 2002-2006 EU,Citroën,Jumper ii,Van,2002-2006,越野车,两厢车,通用标准：Van,,
EU,Citroën Jumper ii 244 swb highroof Van 2002-2006 EU,Citroën,Jumper ii,Van,2002-2006,越野车,两厢车,通用标准：Van,,
EU,Citroën Jumper ii 244 swb lowroof Van 2002-2006 EU,Citroën,Jumper ii,Van,2002-2006,越野车,两厢车,通用标准：Van,,
EU,Citroën Jumper iii MPV 2006-2026 EU,Citroën,Jumper iii,MPV,2006-2026,越野车,两厢车,通用标准：MPV,,
EU,Citroën Jumper iii MPV 2011-2020 EU,Citroën,Jumper iii,MPV,2011-2020,越野车,两厢车,通用标准：MPV,,
EU,Citroën Jumper iii MPV 2011-2026 EU,Citroën,Jumper iii,MPV,2011-2026,越野车,两厢车,通用标准：MPV,,
EU,Citroën Jumper iii MPV 2015-2019 EU,Citroën,Jumper iii,MPV,2015-2019,越野车,两厢车,通用标准：MPV,,
EU,Citroën Jumper iii X250 l1h1 Van 2012-2016 EU,Citroën,Jumper iii,Van,2012-2016,越野车,两厢车,通用标准：Van,,
EU,Citroën Jumper iii X250 l1h1 Van 2015-2019 EU,Citroën,Jumper iii,Van,2015-2019,越野车,两厢车,通用标准：Van,,
EU,Citroën Jumper iii X250 l2h1 Van 2012-2016 EU,Citroën,Jumper iii,Van,2012-2016,越野车,两厢车,通用标准：Van,,
EU,Citroën Jumper iii X250 l2h1 Van 2015-2019 EU,Citroën,Jumper iii,Van,2015-2019,越野车,两厢车,通用标准：Van,,
EU,Citroën Jumper iii X250 l3h2 Van 2012-2016 EU,Citroën,Jumper iii,Van,2012-2016,越野车,两厢车,通用标准：Van,,
EU,Citroën Jumper iii X250 l3h2 Van 2015-2019 EU,Citroën,Jumper iii,Van,2015-2019,越野车,两厢车,通用标准：Van,,
EU,Citroën Jumper iii X250 l3h3 Van 2012-2016 EU,Citroën,Jumper iii,Van,2012-2016,越野车,两厢车,通用标准：Van,,
EU,Citroën Jumper iii X250 l3h3 Van 2015-2019 EU,Citroën,Jumper iii,Van,2015-2019,越野车,两厢车,通用标准：Van,,
EU,Citroën Jumper iii X250 l4h2 Van 2012-2016 EU,Citroën,Jumper iii,Van,2012-2016,越野车,两厢车,通用标准：Van,,
EU,Citroën Jumper iii X250 l4h2 Van 2015-2019 EU,Citroën,Jumper iii,Van,2015-2019,越野车,两厢车,通用标准：Van,,
EU,Citroën Jumper iii X290 Van 2015-2019 EU,Citroën,Jumper iii,Van,2015-2019,越野车,两厢车,通用标准：Van,,
EU,Citroën Jumper iii X290 Van 2023-2026 EU,Citroën,Jumper iii,Van,2023-2026,越野车,两厢车,通用标准：Van,,
EU,Citroën Jumper iii X290 l1h1 Van 2019-2023 EU,Citroën,Jumper iii,Van,2019-2023,越野车,两厢车,通用标准：Van,,
EU,Citroën Jumper iii X290 l2h1 Van 2019-2023 EU,Citroën,Jumper iii,Van,2019-2023,越野车,两厢车,通用标准：Van,,
EU,Citroën Jumper iii X290 l2h2 L5413 W2050 H2522 Van 2019-2023 EU,Citroën,Jumper iii,Van,2019-2023,越野车,两厢车,通用标准：Van,,
EU,Citroën Jumper iii X290 l2h2 L5413 W2050 H2524 Van 2019-2023 EU,Citroën,Jumper iii,Van,2019-2023,越野车,两厢车,通用标准：Van,,
EU,Citroën Jumper iii X290 l3h2 Van 2019-2023 EU,Citroën,Jumper iii,Van,2019-2023,越野车,两厢车,通用标准：Van,,
EU,Citroën Jumper iii X290 l3h3 Van 2019-2023 EU,Citroën,Jumper iii,Van,2019-2023,越野车,两厢车,通用标准：Van,,
EU,Citroën Jumper iii X290 l4h2 Van 2019-2023 EU,Citroën,Jumper iii,Van,2019-2023,越野车,两厢车,通用标准：Van,,
EU,Citroën Jumper iii X290 l4h3 Van 2019-2023 EU,Citroën,Jumper iii,Van,2019-2023,越野车,两厢车,通用标准：Van,,
EU,Citroën Jumper iii l1h1 Bus 2006-2012 EU,Citroën,Jumper iii,Bus,2006-2012,越野车,两厢车,通用标准：Bus,,
EU,Citroën Jumper iii l1h1 Bus 2006-2016 EU,Citroën,Jumper iii,Bus,2006-2016,越野车,两厢车,通用标准：Bus,,
EU,Citroën Jumper iii l1h1 Bus 2006-2026 EU,Citroën,Jumper iii,Bus,2006-2026,越野车,两厢车,通用标准：Bus,,
EU,Citroën Jumper iii l1h1 Van 2006-2015 EU,Citroën,Jumper iii,Van,2006-2015,越野车,两厢车,通用标准：Van,,
EU,Citroën Jumper iii l1h1 Van 2006-2016 EU,Citroën,Jumper iii,Van,2006-2016,越野车,两厢车,通用标准：Van,,
EU,Citroën Jumper iii l1h1 Van 2010-2013 EU,Citroën,Jumper iii,Van,2010-2013,越野车,两厢车,通用标准：Van,,
EU,Citroën Jumper iii l1h1 Van 2011-2020 EU,Citroën,Jumper iii,Van,2011-2020,越野车,两厢车,通用标准：Van,,
EU,Citroën Jumper iii l1h1 Van 2011-2026 EU,Citroën,Jumper iii,Van,2011-2026,越野车,两厢车,通用标准：Van,,
EU,Citroën Jumper iii l1h1 Van 2015-2019 EU,Citroën,Jumper iii,Van,2015-2019,越野车,两厢车,通用标准：Van,,
EU,Citroën Jumper iii l1h1 Van 2021-2023 EU,Citroën,Jumper iii,Van,2021-2023,越野车,两厢车,通用标准：Van,,
EU,Citroën Jumper iii l2h1 Bus 2006-2012 EU,Citroën,Jumper iii,Bus,2006-2012,越野车,两厢车,通用标准：Bus,,
EU,Citroën Jumper iii l2h1 Bus 2006-2016 EU,Citroën,Jumper iii,Bus,2006-2016,越野车,两厢车,通用标准：Bus,,
EU,Citroën Jumper iii l2h1 Van 2006-2015 EU,Citroën,Jumper iii,Van,2006-2015,越野车,两厢车,通用标准：Van,,
EU,Citroën Jumper iii l2h1 Van 2006-2016 EU,Citroën,Jumper iii,Van,2006-2016,越野车,两厢车,通用标准：Van,,
EU,Citroën Jumper iii l2h1 Van 2010-2013 EU,Citroën,Jumper iii,Van,2010-2013,越野车,两厢车,通用标准：Van,,
EU,Citroën Jumper iii l2h1 Van 2011-2020 EU,Citroën,Jumper iii,Van,2011-2020,越野车,两厢车,通用标准：Van,,
EU,Citroën Jumper iii l2h1 Van 2011-2026 EU,Citroën,Jumper iii,Van,2011-2026,越野车,两厢车,通用标准：Van,,
EU,Citroën Jumper iii l2h1 Van 2015-2019 EU,Citroën,Jumper iii,Van,2015-2019,越野车,两厢车,通用标准：Van,,
EU,Citroën Jumper iii l2h2 Bus 2006-2012 EU,Citroën,Jumper iii,Bus,2006-2012,越野车,两厢车,通用标准：Bus,,
EU,Citroën Jumper iii l2h2 Bus 2006-2016 EU,Citroën,Jumper iii,Bus,2006-2016,越野车,两厢车,通用标准：Bus,,
EU,Citroën Jumper iii l2h2 MPV 2015-2019 EU,Citroën,Jumper iii,MPV,2015-2019,越野车,两厢车,通用标准：MPV,,
EU,Citroën Jumper iii l2h2 Van 2006-2015 EU,Citroën,Jumper iii,Van,2006-2015,越野车,两厢车,通用标准：Van,,
EU,Citroën Jumper iii l2h2 Van 2006-2016 EU,Citroën,Jumper iii,Van,2006-2016,越野车,两厢车,通用标准：Van,,
EU,Citroën Jumper iii l2h2 Van 2010-2013 EU,Citroën,Jumper iii,Van,2010-2013,越野车,两厢车,通用标准：Van,,
EU,Citroën Jumper iii l2h2 Van 2011-2020 EU,Citroën,Jumper iii,Van,2011-2020,越野车,两厢车,通用标准：Van,,
EU,Citroën Jumper iii l2h2 Van 2011-2026 EU,Citroën,Jumper iii,Van,2011-2026,越野车,两厢车,通用标准：Van,,
EU,Citroën Jumper iii l2h2 Van 2015-2019 EU,Citroën,Jumper iii,Van,2015-2019,越野车,两厢车,通用标准：Van,,
EU,Citroën Jumper iii l2h2 Van 2021-2023 EU,Citroën,Jumper iii,Van,2021-2023,越野车,两厢车,通用标准：Van,,
EU,Citroën Jumper iii l3h2 Bus 2006-2016 EU,Citroën,Jumper iii,Bus,2006-2016,越野车,两厢车,通用标准：Bus,,
EU,Citroën Jumper iii l3h2 Bus 2006-2026 EU,Citroën,Jumper iii,Bus,2006-2026,越野车,两厢车,通用标准：Bus,,
EU,Citroën Jumper iii l3h2 Van 2006-2015 EU,Citroën,Jumper iii,Van,2006-2015,越野车,两厢车,通用标准：Van,,
EU,Citroën Jumper iii l3h2 Van 2006-2016 EU,Citroën,Jumper iii,Van,2006-2016,越野车,两厢车,通用标准：Van,,
EU,Citroën Jumper iii l3h2 Van 2010-2013 EU,Citroën,Jumper iii,Van,2010-2013,越野车,两厢车,通用标准：Van,,
EU,Citroën Jumper iii l3h2 Van 2011-2020 EU,Citroën,Jumper iii,Van,2011-2020,越野车,两厢车,通用标准：Van,,
EU,Citroën Jumper iii l3h2 Van 2011-2026 EU,Citroën,Jumper iii,Van,2011-2026,越野车,两厢车,通用标准：Van,,
EU,Citroën Jumper iii l3h2 Van 2015-2019 EU,Citroën,Jumper iii,Van,2015-2019,越野车,两厢车,通用标准：Van,,
EU,Citroën Jumper iii l3h2 Van 2021-2023 EU,Citroën,Jumper iii,Van,2021-2023,越野车,两厢车,通用标准：Van,,
EU,Citroën Jumper iii l3h2 Van 2025-2026 EU,Citroën,Jumper iii,Van,2025-2026,越野车,两厢车,通用标准：Van,,
EU,Citroën Jumper iii l3h3 Van 2006-2015 EU,Citroën,Jumper iii,Van,2006-2015,越野车,两厢车,通用标准：Van,,
EU,Citroën Jumper iii l3h3 Van 2006-2016 EU,Citroën,Jumper iii,Van,2006-2016,越野车,两厢车,通用标准：Van,,
EU,Citroën Jumper iii l3h3 Van 2010-2013 EU,Citroën,Jumper iii,Van,2010-2013,越野车,两厢车,通用标准：Van,,
EU,Citroën Jumper iii l3h3 Van 2011-2020 EU,Citroën,Jumper iii,Van,2011-2020,越野车,两厢车,通用标准：Van,,
EU,Citroën Jumper iii l3h3 Van 2011-2026 EU,Citroën,Jumper iii,Van,2011-2026,越野车,两厢车,通用标准：Van,,
EU,Citroën Jumper iii l3h3 Van 2015-2019 EU,Citroën,Jumper iii,Van,2015-2019,越野车,两厢车,通用标准：Van,,
EU,Citroën Jumper iii l3h3 Van 2023-2026 EU,Citroën,Jumper iii,Van,2023-2026,越野车,两厢车,通用标准：Van,,
EU,Citroën Jumper iii l4h2 Bus 2006-2026 EU,Citroën,Jumper iii,Bus,2006-2026,越野车,两厢车,通用标准：Bus,,
EU,Citroën Jumper iii l4h2 Van 2006-2015 EU,Citroën,Jumper iii,Van,2006-2015,越野车,两厢车,通用标准：Van,,
EU,Citroën Jumper iii l4h2 Van 2006-2016 EU,Citroën,Jumper iii,Van,2006-2016,越野车,两厢车,通用标准：Van,,
EU,Citroën Jumper iii l4h2 Van 2010-2013 EU,Citroën,Jumper iii,Van,2010-2013,越野车,两厢车,通用标准：Van,,
EU,Citroën Jumper iii l4h2 Van 2011-2020 EU,Citroën,Jumper iii,Van,2011-2020,越野车,两厢车,通用标准：Van,,
EU,Citroën Jumper iii l4h2 Van 2011-2026 EU,Citroën,Jumper iii,Van,2011-2026,越野车,两厢车,通用标准：Van,,
EU,Citroën Jumper iii l4h2 Van 2015-2019 EU,Citroën,Jumper iii,Van,2015-2019,越野车,两厢车,通用标准：Van,,
EU,Citroën Jumper iii l4h2 Van 2021-2023 EU,Citroën,Jumper iii,Van,2021-2023,越野车,两厢车,通用标准：Van,,
EU,Citroën Jumper iii l4h2 Van 2023-2026 EU,Citroën,Jumper iii,Van,2023-2026,越野车,两厢车,通用标准：Van,,
EU,Citroën Jumper iii l4h3 Van 2006-2015 EU,Citroën,Jumper iii,Van,2006-2015,越野车,两厢车,通用标准：Van,,
EU,Citroën Jumper iii l4h3 Van 2006-2016 EU,Citroën,Jumper iii,Van,2006-2016,越野车,两厢车,通用标准：Van,,
EU,Citroën Jumper iii l4h3 Van 2010-2013 EU,Citroën,Jumper iii,Van,2010-2013,越野车,两厢车,通用标准：Van,,
EU,Citroën Jumper iii l4h3 Van 2011-2020 EU,Citroën,Jumper iii,Van,2011-2020,越野车,两厢车,通用标准：Van,,
EU,Citroën Jumper iii l4h3 Van 2011-2026 EU,Citroën,Jumper iii,Van,2011-2026,越野车,两厢车,通用标准：Van,,
EU,Citroën Jumper iii l4h3 Van 2015-2019 EU,Citroën,Jumper iii,Van,2015-2019,越野车,两厢车,通用标准：Van,,
EU,Citroën Jumper iii l4h3 Van 2021-2023 EU,Citroën,Jumper iii,Van,2021-2023,越野车,两厢车,通用标准：Van,,
EU,Citroën Jumper iii l4h3 Van 2023-2026 EU,Citroën,Jumper iii,Van,2023-2026,越野车,两厢车,通用标准：Van,,
EU,Citroën Jumper iii l4h3 Van 2025-2026 EU,Citroën,Jumper iii,Van,2025-2026,越野车,两厢车,通用标准：Van,,
EU,Citroën Jumpy i 222 MPV 1995-2000 EU,Citroën,Jumpy i,MPV,1995-2000,越野车,两厢车,通用标准：MPV,,
EU,Citroën Jumpy i Bus 2000-2006 EU,Citroën,Jumpy i,Bus,2000-2006,越野车,两厢车,通用标准：Bus,,
EU,Citroën Jumpy i MPV 1995-1998 EU,Citroën,Jumpy i,MPV,1995-1998,越野车,两厢车,通用标准：MPV,,
EU,Citroën Jumpy i MPV 1995-2000 EU,Citroën,Jumpy i,MPV,1995-2000,越野车,两厢车,通用标准：MPV,,
EU,Citroën Jumpy i MPV 1996-2003 EU,Citroën,Jumpy i,MPV,1996-2003,越野车,两厢车,通用标准：MPV,,
EU,Citroën Jumpy i Van 1995-2000 EU,Citroën,Jumpy i,Van,1995-2000,越野车,两厢车,通用标准：Van,,
EU,Citroën Jumpy i Van 1998-2003 EU,Citroën,Jumpy i,Van,1998-2003,越野车,两厢车,通用标准：Van,,
EU,Citroën Jumpy i facelift L4522 W1844 H1936 Van 2000-2006 EU,Citroën,Jumpy i,Van,2000-2006,越野车,两厢车,通用标准：Van,,
EU,Citroën Jumpy i facelift L4922 W1844 H1936 Van 2000-2006 EU,Citroën,Jumpy i,Van,2000-2006,越野车,两厢车,通用标准：Van,,
EU,Citroën Jumpy i facelift Van 1998-2006 EU,Citroën,Jumpy i,Van,1998-2006,越野车,两厢车,通用标准：Van,,
EU,Citroën Jumpy i facelift Van 1999-2006 EU,Citroën,Jumpy i,Van,1999-2006,越野车,两厢车,通用标准：Van,,
EU,Citroën Jumpy i facelift Van 2001-2006 EU,Citroën,Jumpy i,Van,2001-2006,越野车,两厢车,通用标准：Van,,
EU,Citroën Jumpy i facelift Van 2002-2006 EU,Citroën,Jumpy i,Van,2002-2006,越野车,两厢车,通用标准：Van,,
EU,Citroën Jumpy i prefl Van 1998-2006 EU,Citroën,Jumpy i,Van,1998-2006,越野车,两厢车,通用标准：Van,,
EU,Citroën Jumpy i prefl Van 1999-2006 EU,Citroën,Jumpy i,Van,1999-2006,越野车,两厢车,通用标准：Van,,
EU,Citroën Jumpy i prefl Van 2000-2006 EU,Citroën,Jumpy i,Van,2000-2006,越野车,两厢车,通用标准：Van,,
EU,Citroën Jumpy i prefl Van 2001-2006 EU,Citroën,Jumpy i,Van,2001-2006,越野车,两厢车,通用标准：Van,,
EU,Citroën Jumpy i prefl Van 2002-2006 EU,Citroën,Jumpy i,Van,2002-2006,越野车,两厢车,通用标准：Van,,
EU,Citroën Jumpy ii Bus 2007-2016 EU,Citroën,Jumpy ii,Bus,2007-2016,越野车,两厢车,通用标准：Bus,,
EU,Citroën Jumpy ii Bus 2010-2016 EU,Citroën,Jumpy ii,Bus,2010-2016,越野车,两厢车,通用标准：Bus,,
EU,Citroën Jumpy ii Bus 2011-2016 EU,Citroën,Jumpy ii,Bus,2011-2016,越野车,两厢车,通用标准：Bus,,
EU,Citroën Jumpy ii MPV 2007-2016 EU,Citroën,Jumpy ii,MPV,2007-2016,越野车,两厢车,通用标准：MPV,,
EU,Citroën Jumpy ii Van 2010-2016 EU,Citroën,Jumpy ii,Van,2010-2016,越野车,两厢车,通用标准：Van,,
EU,Citroën Jumpy ii Van 2011-2016 EU,Citroën,Jumpy ii,Van,2011-2016,越野车,两厢车,通用标准：Van,,
EU,Citroën Jumpy ii l1h1 Van 2007-2016 EU,Citroën,Jumpy ii,Van,2007-2016,越野车,两厢车,通用标准：Van,,
EU,Citroën Jumpy ii l2h1 Van 2007-2016 EU,Citroën,Jumpy ii,Van,2007-2016,越野车,两厢车,通用标准：Van,,
EU,Citroën Jumpy ii l2h2 Van 2007-2016 EU,Citroën,Jumpy ii,Van,2007-2016,越野车,两厢车,通用标准：Van,,
EU,Citroën Jumpy ii lwb MPV 2007-2016 EU,Citroën,Jumpy ii,MPV,2007-2016,越野车,两厢车,通用标准：MPV,,
EU,Citroën Jumpy iii K0 m L4959 W1920 H1899 Van 2016-2022 EU,Citroën,Jumpy iii,Van,2016-2022,越野车,两厢车,通用标准：Van,,
EU,Citroën Jumpy iii K0 m L4959 W1920 H1935 Van 2016-2022 EU,Citroën,Jumpy iii,Van,2016-2022,越野车,两厢车,通用标准：Van,,
EU,Citroën Jumpy iii K0 m MPV 2016-2022 EU,Citroën,Jumpy iii,MPV,2016-2022,越野车,两厢车,通用标准：MPV,,
EU,Citroën Jumpy iii K0 m MPV 2018-2025 EU,Citroën,Jumpy iii,MPV,2018-2025,越野车,两厢车,通用标准：MPV,,
EU,Citroën Jumpy iii K0 m Van 2016-2020 EU,Citroën,Jumpy iii,Van,2016-2020,越野车,两厢车,通用标准：Van,,
EU,Citroën Jumpy iii K0 m facelift MPV 2018-2025 EU,Citroën,Jumpy iii,MPV,2018-2025,越野车,两厢车,通用标准：MPV,,
EU,Citroën Jumpy iii K0 m facelift Van 2016-2025 EU,Citroën,Jumpy iii,Van,2016-2025,越野车,两厢车,通用标准：Van,,
EU,Citroën Jumpy iii K0 m facelift Van 2018-2026 EU,Citroën,Jumpy iii,Van,2018-2026,越野车,两厢车,通用标准：Van,,
EU,Citroën Jumpy iii K0 m high Van 2018-2026 EU,Citroën,Jumpy iii,Van,2018-2026,越野车,两厢车,通用标准：Van,,
EU,Citroën Jumpy iii K0 m high Van 2020-2026 EU,Citroën,Jumpy iii,Van,2020-2026,越野车,两厢车,通用标准：Van,,
EU,Citroën Jumpy iii K0 m low Van 2018-2025 EU,Citroën,Jumpy iii,Van,2018-2025,越野车,两厢车,通用标准：Van,,
EU,Citroën Jumpy iii K0 m low Van 2018-2026 EU,Citroën,Jumpy iii,Van,2018-2026,越野车,两厢车,通用标准：Van,,
EU,Citroën Jumpy iii K0 m low Van 2020-2026 EU,Citroën,Jumpy iii,Van,2020-2026,越野车,两厢车,通用标准：Van,,
EU,Citroën Jumpy iii K0 m prefl Van 2016-2025 EU,Citroën,Jumpy iii,Van,2016-2025,越野车,两厢车,通用标准：Van,,
EU,Citroën Jumpy iii K0 xl MPV 2016-2022 EU,Citroën,Jumpy iii,MPV,2016-2022,越野车,两厢车,通用标准：MPV,,
EU,Citroën Jumpy iii K0 xl MPV 2018-2025 EU,Citroën,Jumpy iii,MPV,2018-2025,越野车,两厢车,通用标准：MPV,,
EU,Citroën Jumpy iii K0 xl Van 2016-2020 EU,Citroën,Jumpy iii,Van,2016-2020,越野车,两厢车,通用标准：Van,,
EU,Citroën Jumpy iii K0 xl Van 2016-2022 EU,Citroën,Jumpy iii,Van,2016-2022,越野车,两厢车,通用标准：Van,,
EU,Citroën Jumpy iii K0 xl Van 2018-2025 EU,Citroën,Jumpy iii,Van,2018-2025,越野车,两厢车,通用标准：Van,,
EU,Citroën Jumpy iii K0 xl Van 2018-2026 EU,Citroën,Jumpy iii,Van,2018-2026,越野车,两厢车,通用标准：Van,,
EU,Citroën Jumpy iii K0 xl Van 2020-2026 EU,Citroën,Jumpy iii,Van,2020-2026,越野车,两厢车,通用标准：Van,,
EU,Citroën Jumpy iii K0 xl facelift MPV 2018-2025 EU,Citroën,Jumpy iii,MPV,2018-2025,越野车,两厢车,通用标准：MPV,,
EU,Citroën Jumpy iii K0 xl facelift Van 2016-2025 EU,Citroën,Jumpy iii,Van,2016-2025,越野车,两厢车,通用标准：Van,,
EU,Citroën Jumpy iii K0 xl facelift Van 2018-2026 EU,Citroën,Jumpy iii,Van,2018-2026,越野车,两厢车,通用标准：Van,,
EU,Citroën Jumpy iii K0 xl prefl Van 2016-2025 EU,Citroën,Jumpy iii,Van,2016-2025,越野车,两厢车,通用标准：Van,,
EU,Citroën Jumpy iii K0 xs L4609 W1920 H1910 Van 2016-2022 EU,Citroën,Jumpy iii,Van,2016-2022,越野车,两厢车,通用标准：Van,,
EU,Citroën Jumpy iii K0 xs L4609 W1920 H1950 Van 2016-2022 EU,Citroën,Jumpy iii,Van,2016-2022,越野车,两厢车,通用标准：Van,,
EU,Citroën Jumpy iii K0 xs MPV 2016-2022 EU,Citroën,Jumpy iii,MPV,2016-2022,越野车,两厢车,通用标准：MPV,,
EU,Citroën Jumpy iii K0 xs MPV 2018-2025 EU,Citroën,Jumpy iii,MPV,2018-2025,越野车,两厢车,通用标准：MPV,,
EU,Citroën Jumpy iii K0 xs Van 2016-2020 EU,Citroën,Jumpy iii,Van,2016-2020,越野车,两厢车,通用标准：Van,,
EU,Citroën Jumpy iii K0 xs high Van 2018-2026 EU,Citroën,Jumpy iii,Van,2018-2026,越野车,两厢车,通用标准：Van,,
EU,Citroën Jumpy iii K0 xs high Van 2020-2026 EU,Citroën,Jumpy iii,Van,2020-2026,越野车,两厢车,通用标准：Van,,
EU,Citroën Jumpy iii K0 xs low Van 2018-2025 EU,Citroën,Jumpy iii,Van,2018-2025,越野车,两厢车,通用标准：Van,,
EU,Citroën Jumpy iii K0 xs low Van 2018-2026 EU,Citroën,Jumpy iii,Van,2018-2026,越野车,两厢车,通用标准：Van,,
EU,Citroën Jumpy iii K0 xs low Van 2020-2026 EU,Citroën,Jumpy iii,Van,2020-2026,越野车,两厢车,通用标准：Van,,
EU,Citroën Jumpy iii K0 xs prefl Van 2016-2025 EU,Citroën,Jumpy iii,Van,2016-2025,越野车,两厢车,通用标准：Van,,
EU,Citroën Jumpy iii Van 2020-2023 EU,Citroën,Jumpy iii,Van,2020-2023,越野车,两厢车,通用标准：Van,,
EU,Citroën Jumpy iii Van 2023-2026 EU,Citroën,Jumpy iii,Van,2023-2026,越野车,两厢车,通用标准：Van,,
EU,Citroën Jumpy iii Van 2024-2026 EU,Citroën,Jumpy iii,Van,2024-2026,越野车,两厢车,通用标准：Van,,
EU,Citroën Jumpy iii Van 2025-2026 EU,Citroën,Jumpy iii,Van,2025-2026,越野车,两厢车,通用标准：Van,,
EU,Citroën Jumpy iii facelift Van 2016-2025 EU,Citroën,Jumpy iii,Van,2016-2025,越野车,两厢车,通用标准：Van,,
EU,Citroën Jumpy iii facelift Van 2020-2025 EU,Citroën,Jumpy iii,Van,2020-2025,越野车,两厢车,通用标准：Van,,
EU,Citroën Jumpy iii facelift Van 2021-2025 EU,Citroën,Jumpy iii,Van,2021-2025,越野车,两厢车,通用标准：Van,,
EU,Citroën Jumpy iii facelift Van 2022-2025 EU,Citroën,Jumpy iii,Van,2022-2025,越野车,两厢车,通用标准：Van,,
EU,Citroën Jumpy iii m Van 2016-2022 EU,Citroën,Jumpy iii,Van,2016-2022,越野车,两厢车,通用标准：Van,,
EU,Citroën Jumpy iii m Van 2016-2026 EU,Citroën,Jumpy iii,Van,2016-2026,越野车,两厢车,通用标准：Van,,
EU,Citroën Jumpy iii prefl Van 2016-2025 EU,Citroën,Jumpy iii,Van,2016-2025,越野车,两厢车,通用标准：Van,,
EU,Citroën Jumpy iii prefl Van 2020-2025 EU,Citroën,Jumpy iii,Van,2020-2025,越野车,两厢车,通用标准：Van,,
EU,Citroën Jumpy iii prefl Van 2021-2025 EU,Citroën,Jumpy iii,Van,2021-2025,越野车,两厢车,通用标准：Van,,
EU,Citroën Jumpy iii prefl Van 2022-2025 EU,Citroën,Jumpy iii,Van,2022-2025,越野车,两厢车,通用标准：Van,,
EU,Citroën Jumpy iii xl Van 2016-2022 EU,Citroën,Jumpy iii,Van,2016-2022,越野车,两厢车,通用标准：Van,,
EU,Citroën Jumpy iii xl Van 2016-2026 EU,Citroën,Jumpy iii,Van,2016-2026,越野车,两厢车,通用标准：Van,,
EU,Citroën Jumpy iii xs Van 2016-2022 EU,Citroën,Jumpy iii,Van,2016-2022,越野车,两厢车,通用标准：Van,,
EU,Citroën Jumpy iii xs Van 2016-2026 EU,Citroën,Jumpy iii,Van,2016-2026,越野车,两厢车,通用标准：Van,,
EU,Citroën Nemo AA Van 2008-2026 EU,Citroën,Nemo,Van,2008-2026,越野车,两厢车,通用标准：Van,,
EU,Citroën Nemo AJ MPV 2008-2026 EU,Citroën,Nemo,MPV,2008-2026,越野车,两厢车,通用标准：MPV,,
EU,Citroën Nemo AJ MPV 2009-2026 EU,Citroën,Nemo,MPV,2009-2026,越野车,两厢车,通用标准：MPV,,
EU,Citroën Nemo MPV 2010-2026 EU,Citroën,Nemo,MPV,2010-2026,越野车,两厢车,通用标准：MPV,,
EU,Citroën Nemo MPV 2016-2026 EU,Citroën,Nemo,MPV,2016-2026,越野车,两厢车,通用标准：MPV,,
EU,Citroën Nemo Van 2010-2026 EU,Citroën,Nemo,Van,2010-2026,越野车,两厢车,通用标准：Van,,
EU,Citroën Nemo Van 2016-2026 EU,Citroën,Nemo,Van,2016-2026,越野车,两厢车,通用标准：Van,,
EU,Citroën Saxo Van 1999-2001 EU,Citroën,Saxo,Van,1999-2001,越野车,两厢车,通用标准：Van,,
EU,Citroën Saxo Van 2001-2003 EU,Citroën,Saxo,Van,2001-2003,越野车,两厢车,通用标准：Van,,
EU,Citroën Spacetourer K0 m MPV 2016-2022 EU,Citroën,Spacetourer,MPV,2016-2022,越野车,两厢车,通用标准：MPV,,
EU,Citroën Spacetourer K0 m MPV 2020-2023 EU,Citroën,Spacetourer,MPV,2020-2023,越野车,两厢车,通用标准：MPV,,
EU,Citroën Spacetourer K0 m MPV 2020-2025 EU,Citroën,Spacetourer,MPV,2020-2025,越野车,两厢车,通用标准：MPV,,
EU,Citroën Spacetourer K0 xl MPV 2016-2022 EU,Citroën,Spacetourer,MPV,2016-2022,越野车,两厢车,通用标准：MPV,,
EU,Citroën Spacetourer K0 xl MPV 2020-2023 EU,Citroën,Spacetourer,MPV,2020-2023,越野车,两厢车,通用标准：MPV,,
EU,Citroën Spacetourer K0 xl MPV 2020-2025 EU,Citroën,Spacetourer,MPV,2020-2025,越野车,两厢车,通用标准：MPV,,
EU,Citroën Spacetourer K0 xs MPV 2016-2022 EU,Citroën,Spacetourer,MPV,2016-2022,越野车,两厢车,通用标准：MPV,,
EU,Citroën Spacetourer MPV 2016-2019 EU,Citroën,Spacetourer,MPV,2016-2019,越野车,两厢车,通用标准：MPV,,
EU,Citroën Spacetourer MPV 2016-2022 EU,Citroën,Spacetourer,MPV,2016-2022,越野车,两厢车,通用标准：MPV,,
EU,Citroën Spacetourer MPV 2023-2026 EU,Citroën,Spacetourer,MPV,2023-2026,越野车,两厢车,通用标准：MPV,,
EU,Citroën Spacetourer MPV 2025-2026 EU,Citroën,Spacetourer,MPV,2025-2026,越野车,两厢车,通用标准：MPV,,
EU,Citroën Spacetourer facelift MPV 2016-2025 EU,Citroën,Spacetourer,MPV,2016-2025,越野车,两厢车,通用标准：MPV,,
EU,Citroën Spacetourer m MPV 2018-2025 EU,Citroën,Spacetourer,MPV,2018-2025,越野车,两厢车,通用标准：MPV,,
EU,Citroën Spacetourer m MPV 2018-2026 EU,Citroën,Spacetourer,MPV,2018-2026,越野车,两厢车,通用标准：MPV,,
EU,Citroën Spacetourer m MPV 2019-2022 EU,Citroën,Spacetourer,MPV,2019-2022,越野车,两厢车,通用标准：MPV,,
EU,Citroën Spacetourer prefl MPV 2016-2025 EU,Citroën,Spacetourer,MPV,2016-2025,越野车,两厢车,通用标准：MPV,,
EU,Citroën Spacetourer xl MPV 2018-2025 EU,Citroën,Spacetourer,MPV,2018-2025,越野车,两厢车,通用标准：MPV,,
EU,Citroën Spacetourer xl MPV 2019-2022 EU,Citroën,Spacetourer,MPV,2019-2022,越野车,两厢车,通用标准：MPV,,
EU,Citroën Spacetourer xs MPV 2018-2025 EU,Citroën,Spacetourer,MPV,2018-2025,越野车,两厢车,通用标准：MPV,,
EU,Citroën Spacetourer xs MPV 2018-2026 EU,Citroën,Spacetourer,MPV,2018-2026,越野车,两厢车,通用标准：MPV,,
EU,Citroën Xantia X1 Wagon 1995-1998 EU,Citroën,Xantia,Wagon,1995-1998,三厢车,两厢车,通用标准：Wagon,,
EU,Citroën Xantia X1 Wagon 1995-2003 EU,Citroën,Xantia,Wagon,1995-2003,三厢车,两厢车,通用标准：Wagon,,
EU,Citroën Xantia X1 Wagon 1996-1999 EU,Citroën,Xantia,Wagon,1996-1999,三厢车,两厢车,通用标准：Wagon,,
EU,Citroën Xantia X1 Wagon 1997-2003 EU,Citroën,Xantia,Wagon,1997-2003,三厢车,两厢车,通用标准：Wagon,,
EU,Citroën Xantia X2 Wagon 1995-2003 EU,Citroën,Xantia,Wagon,1995-2003,三厢车,两厢车,通用标准：Wagon,,
EU,Citroën Xantia X2 Wagon 1996-1999 EU,Citroën,Xantia,Wagon,1996-1999,三厢车,两厢车,通用标准：Wagon,,
EU,Citroën Xantia X2 Wagon 1997-2003 EU,Citroën,Xantia,Wagon,1997-2003,三厢车,两厢车,通用标准：Wagon,,
EU,Citroën Xantia X2 Wagon 1998-2003 EU,Citroën,Xantia,Wagon,1998-2003,三厢车,两厢车,通用标准：Wagon,,
EU,Citroën Xantia X2 Wagon 1999-2003 EU,Citroën,Xantia,Wagon,1999-2003,三厢车,两厢车,通用标准：Wagon,,
EU,Citroën Xm Y3 Wagon 1989-1994 EU,Citroën,Xm,Wagon,1989-1994,三厢车,两厢车,通用标准：Wagon,,
EU,Citroën Xm Y3 Wagon 1990-1994 EU,Citroën,Xm,Wagon,1990-1994,三厢车,两厢车,通用标准：Wagon,,
EU,Citroën Xm Y3 Wagon 1991-1994 EU,Citroën,Xm,Wagon,1991-1994,三厢车,两厢车,通用标准：Wagon,,
EU,Citroën Xm Y3 Wagon 1992-1994 EU,Citroën,Xm,Wagon,1992-1994,三厢车,两厢车,通用标准：Wagon,,
EU,Citroën Xm Y4 Wagon 1990-1994 EU,Citroën,Xm,Wagon,1990-1994,三厢车,两厢车,通用标准：Wagon,,
EU,Citroën Xm Y4 Wagon 1994-1996 EU,Citroën,Xm,Wagon,1994-1996,三厢车,两厢车,通用标准：Wagon,,
EU,Citroën Xm Y4 Wagon 1994-1999 EU,Citroën,Xm,Wagon,1994-1999,三厢车,两厢车,通用标准：Wagon,,
EU,Citroën Xm Y4 Wagon 1994-2000 EU,Citroën,Xm,Wagon,1994-2000,三厢车,两厢车,通用标准：Wagon,,
EU,Citroën Xm Y4 Wagon 1997-2000 EU,Citroën,Xm,Wagon,1997-2000,三厢车,两厢车,通用标准：Wagon,,
EU,Citroën Xsara N2 L4354 W1698 H1420 Wagon 1998-2000 EU,Citroën,Xsara,Wagon,1998-2000,三厢车,两厢车,通用标准：Wagon,,
EU,Citroën Xsara N2 L4354 W1698 H1426 Wagon 1998-2000 EU,Citroën,Xsara,Wagon,1998-2000,三厢车,两厢车,通用标准：Wagon,,
EU,Citroën Xsara N2 Wagon 1997-2000 EU,Citroën,Xsara,Wagon,1997-2000,三厢车,两厢车,通用标准：Wagon,,
EU,Citroën Xsara N2 Wagon 2000-2005 EU,Citroën,Xsara,Wagon,2000-2005,三厢车,两厢车,通用标准：Wagon,,
EU,Citroën Xsara N2 Wagon 2001-2005 EU,Citroën,Xsara,Wagon,2001-2005,三厢车,两厢车,通用标准：Wagon,,
EU,Citroën Xsara N2 Wagon 2003-2005 EU,Citroën,Xsara,Wagon,2003-2005,三厢车,两厢车,通用标准：Wagon,,
EU,Citroën Xsara N2 facelift Wagon 1998-2005 EU,Citroën,Xsara,Wagon,1998-2005,三厢车,两厢车,通用标准：Wagon,,
EU,Citroën Xsara N2 facelift Wagon 1999-2005 EU,Citroën,Xsara,Wagon,1999-2005,三厢车,两厢车,通用标准：Wagon,,
EU,Citroën Xsara N2 phase1 Wagon 1997-2005 EU,Citroën,Xsara,Wagon,1997-2005,三厢车,两厢车,通用标准：Wagon,,
EU,Citroën Xsara N2 phase2 Wagon 1997-2005 EU,Citroën,Xsara,Wagon,1997-2005,三厢车,两厢车,通用标准：Wagon,,
EU,Citroën Xsara N2 prefl Wagon 1998-2005 EU,Citroën,Xsara,Wagon,1998-2005,三厢车,两厢车,通用标准：Wagon,,
EU,Citroën Xsara N2 prefl Wagon 1999-2005 EU,Citroën,Xsara,Wagon,1999-2005,三厢车,两厢车,通用标准：Wagon,,
EU,Citroën Xsara N68 MPV 1999-2001 EU,Citroën,Xsara,MPV,1999-2001,越野车,两厢车,通用标准：MPV,,
EU,Citroën Xsara N68 MPV 1999-2010 EU,Citroën,Xsara,MPV,1999-2010,越野车,两厢车,通用标准：MPV,,
EU,Citroën Xsara N68 MPV 1999-2011 EU,Citroën,Xsara,MPV,1999-2011,越野车,两厢车,通用标准：MPV,,
EU,Citroën Xsara N68 MPV 2000-2005 EU,Citroën,Xsara,MPV,2000-2005,越野车,两厢车,通用标准：MPV,,
EU,Citroën Xsara N68 MPV 2001-2004 EU,Citroën,Xsara,MPV,2001-2004,越野车,两厢车,通用标准：MPV,,
EU,Citroën Xsara N68 MPV 2003-2012 EU,Citroën,Xsara,MPV,2003-2012,越野车,两厢车,通用标准：MPV,,
EU,Citroën Xsara N68 MPV 2004-2010 EU,Citroën,Xsara,MPV,2004-2010,越野车,两厢车,通用标准：MPV,,
EU,Citroën Xsara N68 MPV 2004-2011 EU,Citroën,Xsara,MPV,2004-2011,越野车,两厢车,通用标准：MPV,,
EU,Citroën Xsara N68 MPV 2005-2011 EU,Citroën,Xsara,MPV,2005-2011,越野车,两厢车,通用标准：MPV,,
EU,Citroën Zx N2 Wagon 1993-1997 EU,Citroën,Zx,Wagon,1993-1997,三厢车,两厢车,通用标准：Wagon,,
EU,Citroën Zx N2 Wagon 1993-1999 EU,Citroën,Zx,Wagon,1993-1999,三厢车,两厢车,通用标准：Wagon,,
EU,Citroën Zx N2 Wagon 1994-1997 EU,Citroën,Zx,Wagon,1994-1997,三厢车,两厢车,通用标准：Wagon,,
EU,Citroën Zx N2 Wagon 1996-1998 EU,Citroën,Zx,Wagon,1996-1998,三厢车,两厢车,通用标准：Wagon,,
EU,Citroën Zx N2 phase1 Wagon 1993-1997 EU,Citroën,Zx,Wagon,1993-1997,三厢车,两厢车,通用标准：Wagon,,
EU,Citroën Zx N2 phase2 Wagon 1993-1997 EU,Citroën,Zx,Wagon,1993-1997,三厢车,两厢车,通用标准：Wagon,,
EU,Cupra Leon KL8 Wagon 2020-2026 EU,Cupra,Leon,Wagon,2020-2026,三厢车,两厢车,通用标准：Wagon,,
EU,Cupra Leon Wagon 2020-2026 EU,Cupra,Leon,Wagon,2020-2026,三厢车,两厢车,通用标准：Wagon,,
EU,Cupra Leon Wagon 2021-2026 EU,Cupra,Leon,Wagon,2021-2026,三厢车,两厢车,通用标准：Wagon,,
EU,Cupra Leon Wagon 2022-2026 EU,Cupra,Leon,Wagon,2022-2026,三厢车,两厢车,通用标准：Wagon,,
EU,Cupra Leon Wagon 2024-2026 EU,Cupra,Leon,Wagon,2024-2026,三厢车,两厢车,通用标准：Wagon,,
EU,Cupra Leon Wagon 2025-2026 EU,Cupra,Leon,Wagon,2025-2026,三厢车,两厢车,通用标准：Wagon,,
EU,DAF 400-Serie Van 1989-1993 EU,DAF,400-Serie,Van,1989-1993,越野车,两厢车,通用标准：Van,,
EU,DAF 44 Wagon 1968-1974 EU,DAF,44,Wagon,1968-1974,三厢车,两厢车,通用标准：Wagon,,
EU,DAF 46 Wagon 1974-1975 EU,DAF,46,Wagon,1974-1975,三厢车,两厢车,通用标准：Wagon,,
EU,DAF 55 Wagon 1968-1972 EU,DAF,55,Wagon,1968-1972,三厢车,两厢车,通用标准：Wagon,,
EU,DAF 66 Wagon 1972-1975 EU,DAF,66,Wagon,1972-1975,三厢车,两厢车,通用标准：Wagon,,
EU,DAF 66 Wagon 1973-1975 EU,DAF,66,Wagon,1973-1975,三厢车,两厢车,通用标准：Wagon,,
EU,Dacia 1300 Wagon 1972-1983 EU,Dacia,1300,Wagon,1972-1983,三厢车,两厢车,通用标准：Wagon,,
EU,Dacia 1310 early Wagon 1983-2004 EU,Dacia,1310,Wagon,1983-2004,三厢车,两厢车,通用标准：Wagon,,
EU,Dacia 1310 late Wagon 1983-2004 EU,Dacia,1310,Wagon,1983-2004,三厢车,两厢车,通用标准：Wagon,,
EU,Dacia 1310 mid Wagon 1983-2004 EU,Dacia,1310,Wagon,1983-2004,三厢车,两厢车,通用标准：Wagon,,
EU,Dacia Dokker F67 MPV 2019-2021 EU,Dacia,Dokker,MPV,2019-2021,越野车,两厢车,通用标准：MPV,,
EU,Dacia Dokker F67 Van 2018-2021 EU,Dacia,Dokker,Van,2018-2021,越野车,两厢车,通用标准：Van,,
EU,Dacia Dokker F67 Van 2019-2021 EU,Dacia,Dokker,Van,2019-2021,越野车,两厢车,通用标准：Van,,
EU,Dacia Dokker K67 MPV 2019-2021 EU,Dacia,Dokker,MPV,2019-2021,越野车,两厢车,通用标准：MPV,,
EU,Dacia Dokker MPV 2012-2015 EU,Dacia,Dokker,MPV,2012-2015,越野车,两厢车,通用标准：MPV,,
EU,Dacia Dokker MPV 2012-2021 EU,Dacia,Dokker,MPV,2012-2021,越野车,两厢车,通用标准：MPV,,
EU,Dacia Dokker MPV 2013-2015 EU,Dacia,Dokker,MPV,2013-2015,越野车,两厢车,通用标准：MPV,,
EU,Dacia Dokker MPV 2015-2021 EU,Dacia,Dokker,MPV,2015-2021,越野车,两厢车,通用标准：MPV,,
EU,Dacia Dokker MPV 2018-2021 EU,Dacia,Dokker,MPV,2018-2021,越野车,两厢车,通用标准：MPV,,
EU,Dacia Dokker MPV 2019-2021 EU,Dacia,Dokker,MPV,2019-2021,越野车,两厢车,通用标准：MPV,,
EU,Dacia Dokker Van 2012-2015 EU,Dacia,Dokker,Van,2012-2015,越野车,两厢车,通用标准：Van,,
EU,Dacia Dokker Van 2012-2021 EU,Dacia,Dokker,Van,2012-2021,越野车,两厢车,通用标准：Van,,
EU,Dacia Dokker Van 2013-2015 EU,Dacia,Dokker,Van,2013-2015,越野车,两厢车,通用标准：Van,,
EU,Dacia Dokker Van 2015-2021 EU,Dacia,Dokker,Van,2015-2021,越野车,两厢车,通用标准：Van,,
EU,Dacia Dokker Van 2019-2021 EU,Dacia,Dokker,Van,2019-2021,越野车,两厢车,通用标准：Van,,
EU,Dacia Jogger MPV 2021-2026 EU,Dacia,Jogger,MPV,2021-2026,越野车,两厢车,通用标准：MPV,,
EU,Dacia Jogger MPV 2023-2026 EU,Dacia,Jogger,MPV,2023-2026,越野车,两厢车,通用标准：MPV,,
EU,Dacia Jogger MPV 2025-2026 EU,Dacia,Jogger,MPV,2025-2026,越野车,两厢车,通用标准：MPV,,
EU,Dacia Jogger MPV 2026-2026 EU,Dacia,Jogger,MPV,2026-2026,越野车,两厢车,通用标准：MPV,,
EU,Dacia Lodgy J92 MPV 2012-2026 EU,Dacia,Lodgy,MPV,2012-2026,越野车,两厢车,通用标准：MPV,,
EU,Dacia Lodgy J92 MPV 2019-2026 EU,Dacia,Lodgy,MPV,2019-2026,越野车,两厢车,通用标准：MPV,,
EU,Dacia Lodgy L4498 W1751 H1679 MPV 2012-2026 EU,Dacia,Lodgy,MPV,2012-2026,越野车,两厢车,通用标准：MPV,,
EU,Dacia Lodgy L4498 W1751 H1680 MPV 2012-2026 EU,Dacia,Lodgy,MPV,2012-2026,越野车,两厢车,通用标准：MPV,,
EU,Dacia Lodgy MPV 2013-2026 EU,Dacia,Lodgy,MPV,2013-2026,越野车,两厢车,通用标准：MPV,,
EU,Dacia Lodgy MPV 2015-2026 EU,Dacia,Lodgy,MPV,2015-2026,越野车,两厢车,通用标准：MPV,,
EU,Dacia Lodgy MPV 2018-2026 EU,Dacia,Lodgy,MPV,2018-2026,越野车,两厢车,通用标准：MPV,,
EU,Dacia Lodgy MPV 2019-2026 EU,Dacia,Lodgy,MPV,2019-2026,越野车,两厢车,通用标准：MPV,,
EU,Dacia Logan K8 Wagon 2013-2026 EU,Dacia,Logan,Wagon,2013-2026,三厢车,两厢车,通用标准：Wagon,,
EU,Dacia Logan K8 Wagon 2015-2026 EU,Dacia,Logan,Wagon,2015-2026,三厢车,两厢车,通用标准：Wagon,,
EU,Dacia Logan KS Wagon 2010-2026 EU,Dacia,Logan,Wagon,2010-2026,三厢车,两厢车,通用标准：Wagon,,
EU,Dacia Logan KS facelift Wagon 2007-2012 EU,Dacia,Logan,Wagon,2007-2012,三厢车,两厢车,通用标准：Wagon,,
EU,Dacia Logan KS prefl Wagon 2007-2012 EU,Dacia,Logan,Wagon,2007-2012,三厢车,两厢车,通用标准：Wagon,,
EU,Dacia Logan L4473 W1740 H1640 Wagon 2010-2026 EU,Dacia,Logan,Wagon,2010-2026,三厢车,两厢车,通用标准：Wagon,,
EU,Dacia Logan L4473 W1740 H1662 Wagon 2010-2026 EU,Dacia,Logan,Wagon,2010-2026,三厢车,两厢车,通用标准：Wagon,,
EU,Dacia Logan L4492 W1733 H1550 Wagon 2013-2026 EU,Dacia,Logan,Wagon,2013-2026,三厢车,两厢车,通用标准：Wagon,,
EU,Dacia Logan L4501 W1733 H1552 Wagon 2013-2026 EU,Dacia,Logan,Wagon,2013-2026,三厢车,两厢车,通用标准：Wagon,,
EU,Dacia Logan Van 2007-2012 EU,Dacia,Logan,Van,2007-2012,越野车,两厢车,通用标准：Van,,
EU,Dacia Logan Van 2009-2026 EU,Dacia,Logan,Van,2009-2026,越野车,两厢车,通用标准：Van,,
EU,Dacia Logan Van 2010-2012 EU,Dacia,Logan,Van,2010-2012,越野车,两厢车,通用标准：Van,,
EU,Dacia Logan Wagon 2008-2026 EU,Dacia,Logan,Wagon,2008-2026,三厢车,两厢车,通用标准：Wagon,,
EU,Dacia Logan Wagon 2009-2026 EU,Dacia,Logan,Wagon,2009-2026,三厢车,两厢车,通用标准：Wagon,,
EU,Dacia Logan Wagon 2010-2012 EU,Dacia,Logan,Wagon,2010-2012,三厢车,两厢车,通用标准：Wagon,,
EU,Dacia Logan Wagon 2010-2013 EU,Dacia,Logan,Wagon,2010-2013,三厢车,两厢车,通用标准：Wagon,,
EU,Dacia Logan Wagon 2015-2026 EU,Dacia,Logan,Wagon,2015-2026,三厢车,两厢车,通用标准：Wagon,,
EU,Dacia Logan Wagon 2016-2026 EU,Dacia,Logan,Wagon,2016-2026,三厢车,两厢车,通用标准：Wagon,,
EU,Dacia Logan Wagon 2018-2026 EU,Dacia,Logan,Wagon,2018-2026,三厢车,两厢车,通用标准：Wagon,,
EU,Dacia Logan Wagon 2019-2026 EU,Dacia,Logan,Wagon,2019-2026,三厢车,两厢车,通用标准：Wagon,,
EU,Dacia Logan facelift Wagon 2007-2013 EU,Dacia,Logan,Wagon,2007-2013,三厢车,两厢车,通用标准：Wagon,,
EU,Dacia Logan facelift Wagon 2007-2026 EU,Dacia,Logan,Wagon,2007-2026,三厢车,两厢车,通用标准：Wagon,,
EU,Dacia Logan prefl Wagon 2007-2013 EU,Dacia,Logan,Wagon,2007-2013,三厢车,两厢车,通用标准：Wagon,,
EU,Dacia Logan prefl Wagon 2007-2026 EU,Dacia,Logan,Wagon,2007-2026,三厢车,两厢车,通用标准：Wagon,,
EU,Daewoo Nubira J100 Wagon 1997-1999 EU,Daewoo,Nubira,Wagon,1997-1999,三厢车,两厢车,通用标准：Wagon,,
EU,Daewoo Nubira J100 Wagon 1997-2026 EU,Daewoo,Nubira,Wagon,1997-2026,三厢车,两厢车,通用标准：Wagon,,
EU,Daewoo Nubira J150 Wagon 1997-2026 EU,Daewoo,Nubira,Wagon,1997-2026,三厢车,两厢车,通用标准：Wagon,,
EU,Daewoo Nubira J150 Wagon 2000-2026 EU,Daewoo,Nubira,Wagon,2000-2026,三厢车,两厢车,通用标准：Wagon,,
EU,Daewoo Nubira J200 Wagon 2003-2026 EU,Daewoo,Nubira,Wagon,2003-2026,三厢车,两厢车,通用标准：Wagon,,
EU,Daewoo Rezzo KLAU MPV 2000-2026 EU,Daewoo,Rezzo,MPV,2000-2026,越野车,两厢车,通用标准：MPV,,
EU,Daewoo Rezzo KLAU MPV 2001-2004 EU,Daewoo,Rezzo,MPV,2001-2004,越野车,两厢车,通用标准：MPV,,
EU,Daewoo Rezzo KLAU MPV 2002-2004 EU,Daewoo,Rezzo,MPV,2002-2004,越野车,两厢车,通用标准：MPV,,
EU,Daewoo Rezzo U100 MPV 2001-2004 EU,Daewoo,Rezzo,MPV,2001-2004,越野车,两厢车,通用标准：MPV,,
EU,Daihatsu Extol Van 2000-2011 EU,Daihatsu,Extol,Van,2000-2011,越野车,两厢车,通用标准：Van,,
EU,Daihatsu Gran move MPV 1996-1998 EU,Daihatsu,Gran move,MPV,1996-1998,越野车,两厢车,通用标准：MPV,,
EU,Daihatsu Gran move MPV 1998-2002 EU,Daihatsu,Gran move,MPV,1998-2002,越野车,两厢车,通用标准：MPV,,
EU,Daihatsu Gran move MPV 1998-2026 EU,Daihatsu,Gran move,MPV,1998-2026,越野车,两厢车,通用标准：MPV,,
EU,Daihatsu Hijet S80 Van 1986-1989 EU,Daihatsu,Hijet,Van,1986-1989,越野车,两厢车,通用标准：Van,,
EU,Daihatsu Hijet S82/S85 Van 1992-1998 EU,Daihatsu,Hijet,Van,1992-1998,越野车,两厢车,通用标准：Van,,
EU,Daihatsu Hijet S82/S85 Van 1994-1998 EU,Daihatsu,Hijet,Van,1994-1998,越野车,两厢车,通用标准：Van,,
EU,Daihatsu Hijet S85 Van 1994-1998 EU,Daihatsu,Hijet,Van,1994-1998,越野车,两厢车,通用标准：Van,,
EU,Daihatsu Hijet S85 Van 1995-1998 EU,Daihatsu,Hijet,Van,1995-1998,越野车,两厢车,通用标准：Van,,
EU,Daihatsu Hijet Van 1998-2000 EU,Daihatsu,Hijet,Van,1998-2000,越野车,两厢车,通用标准：Van,,
EU,Daihatsu Hijet Van 1998-2005 EU,Daihatsu,Hijet,Van,1998-2005,越野车,两厢车,通用标准：Van,,
EU,Daihatsu Materia M401 MPV 2006-2026 EU,Daihatsu,Materia,MPV,2006-2026,越野车,两厢车,通用标准：MPV,,
EU,Daihatsu Materia M402 MPV 2006-2026 EU,Daihatsu,Materia,MPV,2006-2026,越野车,两厢车,通用标准：MPV,,
EU,Daihatsu Materia M412 MPV 2006-2026 EU,Daihatsu,Materia,MPV,2006-2026,越野车,两厢车,通用标准：MPV,,
EU,Daihatsu Move L601 MPV 1997-1999 EU,Daihatsu,Move,MPV,1997-1999,越野车,两厢车,通用标准：MPV,,
EU,Daihatsu Move L9 MPV 1998-2000 EU,Daihatsu,Move,MPV,1998-2000,越野车,两厢车,通用标准：MPV,,
EU,Daihatsu Move L9 MPV 1998-2002 EU,Daihatsu,Move,MPV,1998-2002,越野车,两厢车,通用标准：MPV,,
EU,Daihatsu Sparcar S70 Van 1983-1986 EU,Daihatsu,Sparcar,Van,1983-1986,越野车,两厢车,通用标准：Van,,
EU,Daihatsu Yrv M200 MPV 2001-2026 EU,Daihatsu,Yrv,MPV,2001-2026,越野车,两厢车,通用标准：MPV,,
EU,Daihatsu Yrv M200 MPV 2002-2026 EU,Daihatsu,Yrv,MPV,2002-2026,越野车,两厢车,通用标准：MPV,,
EU,Dfsk C35 C35 Van 2018-2026 EU,Dfsk,C35,Van,2018-2026,越野车,两厢车,通用标准：Van,,
EU,Dfsk Ec75 EC75 Van 2024-2026 EU,Dfsk,Ec75,Van,2024-2026,越野车,两厢车,通用标准：Van,,
EU,Dfsk Forthing 9 MPV 2025-2026 EU,Dfsk,Forthing 9,MPV,2025-2026,越野车,两厢车,通用标准：MPV,,
EU,Dfsk K series K05/K07 Van 2011-2026 EU,Dfsk,K series,Van,2011-2026,越野车,两厢车,通用标准：Van,,
EU,Dfsk V V25 Van 2011-2026 EU,Dfsk,V,Van,2011-2026,越野车,两厢车,通用标准：Van,,
EU,Dodge Caravan NS MPV 1995-2001 EU,Dodge,Caravan,MPV,1995-2001,越野车,两厢车,通用标准：MPV,,
EU,Dodge Caravan NS lwb MPV 1995-2000 EU,Dodge,Caravan,MPV,1995-2000,越野车,两厢车,通用标准：MPV,,
EU,Dodge Caravan NS swb MPV 1995-2000 EU,Dodge,Caravan,MPV,1995-2000,越野车,两厢车,通用标准：MPV,,
EU,Dodge Caravan RS MPV 2000-2007 EU,Dodge,Caravan,MPV,2000-2007,越野车,两厢车,通用标准：MPV,,
EU,Dodge Caravan RS MPV 2001-2007 EU,Dodge,Caravan,MPV,2001-2007,越野车,两厢车,通用标准：MPV,,
EU,Dodge Grand caravan MPV 2007-2010 EU,Dodge,Grand caravan,MPV,2007-2010,越野车,两厢车,通用标准：MPV,,
EU,Dodge Grand caravan RT MPV 2010-2026 EU,Dodge,Grand caravan,MPV,2010-2026,越野车,两厢车,通用标准：MPV,,
EU,Dodge Journey JC L4888 W1834 H1691 MPV 2009-2011 EU,Dodge,Journey,MPV,2009-2011,越野车,两厢车,通用标准：MPV,,
EU,Dodge Journey JC L4888 W1834 H1691 MPV 2009-2026 EU,Dodge,Journey,MPV,2009-2026,越野车,两厢车,通用标准：MPV,,
EU,Dodge Journey JC L4888 W1878 H1691 MPV 2009-2011 EU,Dodge,Journey,MPV,2009-2011,越野车,两厢车,通用标准：MPV,,
EU,Dodge Journey JC L4888 W1878 H1691 MPV 2009-2026 EU,Dodge,Journey,MPV,2009-2026,越野车,两厢车,通用标准：MPV,,
EU,Dodge Journey JC MPV 2008-2010 EU,Dodge,Journey,MPV,2008-2010,越野车,两厢车,通用标准：MPV,,
EU,Dodge Journey JC MPV 2008-2011 EU,Dodge,Journey,MPV,2008-2011,越野车,两厢车,通用标准：MPV,,
EU,Dodge Journey JC MPV 2011-2026 EU,Dodge,Journey,MPV,2011-2026,越野车,两厢车,通用标准：MPV,,
EU,Dodge Journey JC MPV 2012-2015 EU,Dodge,Journey,MPV,2012-2015,越野车,两厢车,通用标准：MPV,,
EU,Dodge Journey JC MPV 2012-2026 EU,Dodge,Journey,MPV,2012-2026,越野车,两厢车,通用标准：MPV,,
EU,Dodge Journey JC MPV 2013-2026 EU,Dodge,Journey,MPV,2013-2026,越野车,两厢车,通用标准：MPV,,
EU,Dodge Journey JC facelift L4887 W1834 H1692 MPV 2008-2026 EU,Dodge,Journey,MPV,2008-2026,越野车,两厢车,通用标准：MPV,,
EU,Dodge Journey JC facelift L4888 W1835 H1693 MPV 2008-2026 EU,Dodge,Journey,MPV,2008-2026,越野车,两厢车,通用标准：MPV,,
EU,Dodge Journey JC facelift MPV 2009-2012 EU,Dodge,Journey,MPV,2009-2012,越野车,两厢车,通用标准：MPV,,
EU,Dodge Journey JC prefl L4888 W1834 H1691 MPV 2008-2026 EU,Dodge,Journey,MPV,2008-2026,越野车,两厢车,通用标准：MPV,,
EU,Dodge Journey JC prefl L4888 W1878 H1691 MPV 2008-2026 EU,Dodge,Journey,MPV,2008-2026,越野车,两厢车,通用标准：MPV,,
EU,Dodge Journey JC prefl MPV 2009-2012 EU,Dodge,Journey,MPV,2009-2012,越野车,两厢车,通用标准：MPV,,
EU,Dodge Journey MPV 2008-2026 EU,Dodge,Journey,MPV,2008-2026,越野车,两厢车,通用标准：MPV,,
EU,Dodge Ram lwb MPV 1985-1987 EU,Dodge,Ram,MPV,1985-1987,越野车,两厢车,通用标准：MPV,,
EU,Dodge Ram lwb MPV 1985-1988 EU,Dodge,Ram,MPV,1985-1988,越野车,两厢车,通用标准：MPV,,
EU,Dodge Ram lwb MPV 1987-1993 EU,Dodge,Ram,MPV,1987-1993,越野车,两厢车,通用标准：MPV,,
EU,Dodge Ram maxi MPV 1985-1987 EU,Dodge,Ram,MPV,1985-1987,越野车,两厢车,通用标准：MPV,,
EU,Dodge Ram maxi MPV 1985-1988 EU,Dodge,Ram,MPV,1985-1988,越野车,两厢车,通用标准：MPV,,
EU,Dodge Ram maxi MPV 1987-1993 EU,Dodge,Ram,MPV,1987-1993,越野车,两厢车,通用标准：MPV,,
EU,Dodge Ram swb MPV 1985-1987 EU,Dodge,Ram,MPV,1985-1987,越野车,两厢车,通用标准：MPV,,
EU,Dodge Ram swb MPV 1987-1993 EU,Dodge,Ram,MPV,1987-1993,越野车,两厢车,通用标准：MPV,,
EU,Dodge Ram van lwb Van 1993-2003 EU,Dodge,Ram van,Van,1993-2003,越野车,两厢车,通用标准：Van,,
EU,Dodge Ram van lwb Van 1999-2003 EU,Dodge,Ram van,Van,1999-2003,越野车,两厢车,通用标准：Van,,
EU,Dodge Ram van maxi Van 1993-2003 EU,Dodge,Ram van,Van,1993-2003,越野车,两厢车,通用标准：Van,,
EU,Dodge Ram van maxi Van 1999-2003 EU,Dodge,Ram van,Van,1999-2003,越野车,两厢车,通用标准：Van,,
EU,Dodge Ram van swb Van 1993-2003 EU,Dodge,Ram van,Van,1993-2003,越野车,两厢车,通用标准：Van,,
EU,Dodge Ram van swb Van 1999-2003 EU,Dodge,Ram van,Van,1999-2003,越野车,两厢车,通用标准：Van,,
EU,EVO Spazio MPV 2025-2026 EU,EVO,Spazio,MPV,2025-2026,越野车,两厢车,通用标准：MPV,,
EU,Elaris Caro Van 2022-2026 EU,Elaris,Caro,Van,2022-2026,越野车,两厢车,通用标准：Van,,
EU,FSO 125p facelift Wagon 1967-1992 EU,FSO,125p,Wagon,1967-1992,三厢车,两厢车,通用标准：Wagon,,
EU,FSO 125p prefl Wagon 1967-1992 EU,FSO,125p,Wagon,1967-1992,三厢车,两厢车,通用标准：Wagon,,
EU,Farizon Auto Supervan Van 2024-2026 EU,Farizon Auto,Supervan,Van,2024-2026,越野车,两厢车,通用标准：Van,,
EU,Farizon Auto Supervan Van 2025-2026 EU,Farizon Auto,Supervan,Van,2025-2026,越野车,两厢车,通用标准：Van,,
EU,Farizon Auto V6e Van 2025-2026 EU,Farizon Auto,V6e,Van,2025-2026,越野车,两厢车,通用标准：Van,,
EU,Feidi Enter Van 2024-2026 EU,Feidi,Enter,Van,2024-2026,越野车,两厢车,通用标准：Van,,
EU,Fest E-Box m Van 2023-2026 EU,Fest,E-Box m,Van,2023-2026,越野车,两厢车,通用标准：Van,,
EU,Fiat 124 Wagon 1973-1975 EU,Fiat,124,Wagon,1973-1975,三厢车,两厢车,通用标准：Wagon,,
EU,Fiat 124 early Wagon 1967-1973 EU,Fiat,124,Wagon,1967-1973,三厢车,两厢车,通用标准：Wagon,,
EU,Fiat 124 late Wagon 1967-1973 EU,Fiat,124,Wagon,1967-1973,三厢车,两厢车,通用标准：Wagon,,
EU,Fiat 124 mid Wagon 1967-1973 EU,Fiat,124,Wagon,1967-1973,三厢车,两厢车,通用标准：Wagon,,
EU,Fiat 127 127 Wagon 1977-1986 EU,Fiat,127,Wagon,1977-1986,三厢车,两厢车,通用标准：Wagon,,
EU,Fiat 127 Wagon 1981-1986 EU,Fiat,127,Wagon,1981-1986,三厢车,两厢车,通用标准：Wagon,,
EU,Fiat 128 familiare Wagon 1974-1982 EU,Fiat,128,Wagon,1974-1982,三厢车,两厢车,通用标准：Wagon,,
EU,Fiat 128 familiare Wagon 1975-1981 EU,Fiat,128,Wagon,1975-1981,三厢车,两厢车,通用标准：Wagon,,
EU,Fiat 128 familiare early Wagon 1969-1982 EU,Fiat,128,Wagon,1969-1982,三厢车,两厢车,通用标准：Wagon,,
EU,Fiat 128 familiare late Wagon 1969-1982 EU,Fiat,128,Wagon,1969-1982,三厢车,两厢车,通用标准：Wagon,,
EU,Fiat 128 panorama Wagon 1969-1982 EU,Fiat,128,Wagon,1969-1982,三厢车,两厢车,通用标准：Wagon,,
EU,Fiat 128 panorama Wagon 1974-1982 EU,Fiat,128,Wagon,1974-1982,三厢车,两厢车,通用标准：Wagon,,
EU,Fiat 128 panorama Wagon 1975-1981 EU,Fiat,128,Wagon,1975-1981,三厢车,两厢车,通用标准：Wagon,,
EU,Fiat 131 131 Wagon 1975-1978 EU,Fiat,131,Wagon,1975-1978,三厢车,两厢车,通用标准：Wagon,,
EU,Fiat 131 Wagon 1975-1982 EU,Fiat,131,Wagon,1975-1982,三厢车,两厢车,通用标准：Wagon,,
EU,Fiat 131 Wagon 1978-1984 EU,Fiat,131,Wagon,1978-1984,三厢车,两厢车,通用标准：Wagon,,
EU,Fiat 131 Wagon 1979-1981 EU,Fiat,131,Wagon,1979-1981,三厢车,两厢车,通用标准：Wagon,,
EU,Fiat 131 Wagon 1979-1984 EU,Fiat,131,Wagon,1979-1984,三厢车,两厢车,通用标准：Wagon,,
EU,Fiat 131 Wagon 1980-1984 EU,Fiat,131,Wagon,1980-1984,三厢车,两厢车,通用标准：Wagon,,
EU,Fiat 131 Wagon 1981-1984 EU,Fiat,131,Wagon,1981-1984,三厢车,两厢车,通用标准：Wagon,,
EU,Fiat 238 MPV 1966-1976 EU,Fiat,238,MPV,1966-1976,越野车,两厢车,通用标准：MPV,,
EU,Fiat 238 MPV 1967-1982 EU,Fiat,238,MPV,1967-1982,越野车,两厢车,通用标准：MPV,,
EU,Fiat 242 242 Van 1975-1980 EU,Fiat,242,Van,1975-1980,越野车,两厢车,通用标准：Van,,
EU,Fiat 242 242 Van 1975-1982 EU,Fiat,242,Van,1975-1982,越野车,两厢车,通用标准：Van,,
EU,Fiat 242 242 Van 1980-1982 EU,Fiat,242,Van,1980-1982,越野车,两厢车,通用标准：Van,,
EU,Fiat 242 MPV 1975-1982 EU,Fiat,242,MPV,1975-1982,越野车,两厢车,通用标准：MPV,,
EU,Fiat 242 Van 1975-1982 EU,Fiat,242,Van,1975-1982,越野车,两厢车,通用标准：Van,,
EU,Fiat 500 120 Wagon 1960-1966 EU,Fiat,500,Wagon,1960-1966,三厢车,两厢车,通用标准：Wagon,,
EU,Fiat 500l 330 MPV 2012-2018 EU,Fiat,500l,MPV,2012-2018,越野车,两厢车,通用标准：MPV,,
EU,Fiat 500l 330 MPV 2012-2026 EU,Fiat,500l,MPV,2012-2026,越野车,两厢车,通用标准：MPV,,
EU,Fiat 500l 330 MPV 2013-2026 EU,Fiat,500l,MPV,2013-2026,越野车,两厢车,通用标准：MPV,,
EU,Fiat 500l 330 MPV 2014-2026 EU,Fiat,500l,MPV,2014-2026,越野车,两厢车,通用标准：MPV,,
EU,Fiat 500l 330 MPV 2017-2026 EU,Fiat,500l,MPV,2017-2026,越野车,两厢车,通用标准：MPV,,
EU,Fiat 900 t/e panorama 200 MPV 1978-1986 EU,Fiat,900 t/e panorama,MPV,1978-1986,越野车,两厢车,通用标准：MPV,,
EU,Fiat 900 t/e pulmino 200 MPV 1978-1986 EU,Fiat,900 t/e pulmino,MPV,1978-1986,越野车,两厢车,通用标准：MPV,,
EU,Fiat Bravo van 198 Van 2008-2014 EU,Fiat,Bravo van,Van,2008-2014,越野车,两厢车,通用标准：Van,,
EU,Fiat Croma 194 Wagon 2005-2007 EU,Fiat,Croma,Wagon,2005-2007,三厢车,两厢车,通用标准：Wagon,,
EU,Fiat Croma 194 Wagon 2005-2011 EU,Fiat,Croma,Wagon,2005-2011,三厢车,两厢车,通用标准：Wagon,,
EU,Fiat Croma 194 facelift Van 2006-2011 EU,Fiat,Croma,Van,2006-2011,越野车,两厢车,通用标准：Van,,
EU,Fiat Croma 194 facelift Wagon 2005-2010 EU,Fiat,Croma,Wagon,2005-2010,三厢车,两厢车,通用标准：Wagon,,
EU,Fiat Croma 194 facelift Wagon 2005-2011 EU,Fiat,Croma,Wagon,2005-2011,三厢车,两厢车,通用标准：Wagon,,
EU,Fiat Croma 194 prefl Van 2006-2011 EU,Fiat,Croma,Van,2006-2011,越野车,两厢车,通用标准：Van,,
EU,Fiat Croma 194 prefl Wagon 2005-2010 EU,Fiat,Croma,Wagon,2005-2010,三厢车,两厢车,通用标准：Wagon,,
EU,Fiat Croma Wagon 2005-2011 EU,Fiat,Croma,Wagon,2005-2011,三厢车,两厢车,通用标准：Wagon,,
EU,Fiat Doblo 223 MPV 2001-2004 EU,Fiat,Doblo,MPV,2001-2004,越野车,两厢车,通用标准：MPV,,
EU,Fiat Doblo 223 MPV 2001-2026 EU,Fiat,Doblo,MPV,2001-2026,越野车,两厢车,通用标准：MPV,,
EU,Fiat Doblo 223 MPV 2002-2026 EU,Fiat,Doblo,MPV,2002-2026,越野车,两厢车,通用标准：MPV,,
EU,Fiat Doblo 223 MPV 2003-2026 EU,Fiat,Doblo,MPV,2003-2026,越野车,两厢车,通用标准：MPV,,
EU,Fiat Doblo 223 MPV 2004-2005 EU,Fiat,Doblo,MPV,2004-2005,越野车,两厢车,通用标准：MPV,,
EU,Fiat Doblo 223 MPV 2005-2010 EU,Fiat,Doblo,MPV,2005-2010,越野车,两厢车,通用标准：MPV,,
EU,Fiat Doblo 223 MPV 2005-2026 EU,Fiat,Doblo,MPV,2005-2026,越野车,两厢车,通用标准：MPV,,
EU,Fiat Doblo 223 cargo lwb lowroof Van 2006-2026 EU,Fiat,Doblo,Van,2006-2026,越野车,两厢车,通用标准：Van,,
EU,Fiat Doblo 223 cargo swb highroof Van 2006-2026 EU,Fiat,Doblo,Van,2006-2026,越野车,两厢车,通用标准：Van,,
EU,Fiat Doblo 223 cargo swb lowroof Van 2006-2026 EU,Fiat,Doblo,Van,2006-2026,越野车,两厢车,通用标准：Van,,
EU,Fiat Doblo 223 facelift MPV 2004-2006 EU,Fiat,Doblo,MPV,2004-2006,越野车,两厢车,通用标准：MPV,,
EU,Fiat Doblo 223 lwb facelift Van 2003-2026 EU,Fiat,Doblo,Van,2003-2026,越野车,两厢车,通用标准：Van,,
EU,Fiat Doblo 223 mpv highroof MPV 2006-2026 EU,Fiat,Doblo,MPV,2006-2026,越野车,两厢车,通用标准：MPV,,
EU,Fiat Doblo 223 mpv lowroof MPV 2006-2026 EU,Fiat,Doblo,MPV,2006-2026,越野车,两厢车,通用标准：MPV,,
EU,Fiat Doblo 223 prefl MPV 2004-2006 EU,Fiat,Doblo,MPV,2004-2006,越野车,两厢车,通用标准：MPV,,
EU,Fiat Doblo 223 swb facelift Van 2003-2026 EU,Fiat,Doblo,Van,2003-2026,越野车,两厢车,通用标准：Van,,
EU,Fiat Doblo 223 swb highroof facelift Van 2003-2026 EU,Fiat,Doblo,Van,2003-2026,越野车,两厢车,通用标准：Van,,
EU,Fiat Doblo K9 MPV 2022-2023 EU,Fiat,Doblo,MPV,2022-2023,越野车,两厢车,通用标准：MPV,,
EU,Fiat Doblo K9 MPV 2022-2026 EU,Fiat,Doblo,MPV,2022-2026,越野车,两厢车,通用标准：MPV,,
EU,Fiat Doblo K9 MPV 2023-2026 EU,Fiat,Doblo,MPV,2023-2026,越野车,两厢车,通用标准：MPV,,
EU,Fiat Doblo K9 lwb Van 2022-2023 EU,Fiat,Doblo,Van,2022-2023,越野车,两厢车,通用标准：Van,,
EU,Fiat Doblo K9 lwb Van 2022-2026 EU,Fiat,Doblo,Van,2022-2026,越野车,两厢车,通用标准：Van,,
EU,Fiat Doblo K9 lwb Van 2023-2026 EU,Fiat,Doblo,Van,2023-2026,越野车,两厢车,通用标准：Van,,
EU,Fiat Doblo K9 lwb Van 2025-2026 EU,Fiat,Doblo,Van,2025-2026,越野车,两厢车,通用标准：Van,,
EU,Fiat Doblo K9 swb Van 2022-2023 EU,Fiat,Doblo,Van,2022-2023,越野车,两厢车,通用标准：Van,,
EU,Fiat Doblo K9 swb Van 2022-2026 EU,Fiat,Doblo,Van,2022-2026,越野车,两厢车,通用标准：Van,,
EU,Fiat Doblo K9 swb Van 2023-2026 EU,Fiat,Doblo,Van,2023-2026,越野车,两厢车,通用标准：Van,,
EU,Fiat Doblo K9 swb Van 2025-2026 EU,Fiat,Doblo,Van,2025-2026,越野车,两厢车,通用标准：Van,,
EU,Fiat Doblo MPV 2005-2026 EU,Fiat,Doblo,MPV,2005-2026,越野车,两厢车,通用标准：MPV,,
EU,Fiat Doblo cargo 263 MPV 2015-2023 EU,Fiat,Doblo cargo,MPV,2015-2023,越野车,两厢车,通用标准：MPV,,
EU,Fiat Doblo cargo 263 facelift lwb highroof Van 2010-2026 EU,Fiat,Doblo cargo,Van,2010-2026,越野车,两厢车,通用标准：Van,,
EU,Fiat Doblo cargo 263 facelift lwb lowroof Van 2010-2026 EU,Fiat,Doblo cargo,Van,2010-2026,越野车,两厢车,通用标准：Van,,
EU,Fiat Doblo cargo 263 facelift swb highroof Van 2010-2026 EU,Fiat,Doblo cargo,Van,2010-2026,越野车,两厢车,通用标准：Van,,
EU,Fiat Doblo cargo 263 facelift swb lowroof Van 2010-2026 EU,Fiat,Doblo cargo,Van,2010-2026,越野车,两厢车,通用标准：Van,,
EU,Fiat Doblo cargo 263 highroof facelift Van 2010-2023 EU,Fiat,Doblo cargo,Van,2010-2023,越野车,两厢车,通用标准：Van,,
EU,Fiat Doblo cargo 263 lwb Van 2016-2023 EU,Fiat,Doblo cargo,Van,2016-2023,越野车,两厢车,通用标准：Van,,
EU,Fiat Doblo cargo 263 lwb highroof Van 2011-2023 EU,Fiat,Doblo cargo,Van,2011-2023,越野车,两厢车,通用标准：Van,,
EU,Fiat Doblo cargo 263 lwb highroof Van 2016-2023 EU,Fiat,Doblo cargo,Van,2016-2023,越野车,两厢车,通用标准：Van,,
EU,Fiat Doblo cargo 263 lwb lowroof Van 2010-2023 EU,Fiat,Doblo cargo,Van,2010-2023,越野车,两厢车,通用标准：Van,,
EU,Fiat Doblo cargo 263 lwb lowroof Van 2011-2023 EU,Fiat,Doblo cargo,Van,2011-2023,越野车,两厢车,通用标准：Van,,
EU,Fiat Doblo cargo 263 maxi facelift Van 2010-2023 EU,Fiat,Doblo cargo,Van,2010-2023,越野车,两厢车,通用标准：Van,,
EU,Fiat Doblo cargo 263 prefl lwb lowroof Van 2010-2026 EU,Fiat,Doblo cargo,Van,2010-2026,越野车,两厢车,通用标准：Van,,
EU,Fiat Doblo cargo 263 prefl swb highroof Van 2010-2026 EU,Fiat,Doblo cargo,Van,2010-2026,越野车,两厢车,通用标准：Van,,
EU,Fiat Doblo cargo 263 prefl swb lowroof Van 2010-2026 EU,Fiat,Doblo cargo,Van,2010-2026,越野车,两厢车,通用标准：Van,,
EU,Fiat Doblo cargo 263 swb Van 2016-2023 EU,Fiat,Doblo cargo,Van,2016-2023,越野车,两厢车,通用标准：Van,,
EU,Fiat Doblo cargo 263 swb facelift L4406 W1832 H1832 Van 2010-2023 EU,Fiat,Doblo cargo,Van,2010-2023,越野车,两厢车,通用标准：Van,,
EU,Fiat Doblo cargo 263 swb facelift L4406 W1832 H1845 Van 2010-2023 EU,Fiat,Doblo cargo,Van,2010-2023,越野车,两厢车,通用标准：Van,,
EU,Fiat Doblo cargo 263 swb facelift Van 2013-2023 EU,Fiat,Doblo cargo,Van,2013-2023,越野车,两厢车,通用标准：Van,,
EU,Fiat Doblo cargo 263 swb highroof Van 2010-2023 EU,Fiat,Doblo cargo,Van,2010-2023,越野车,两厢车,通用标准：Van,,
EU,Fiat Doblo cargo 263 swb highroof Van 2011-2023 EU,Fiat,Doblo cargo,Van,2011-2023,越野车,两厢车,通用标准：Van,,
EU,Fiat Doblo cargo 263 swb lowroof Van 2010-2023 EU,Fiat,Doblo cargo,Van,2010-2023,越野车,两厢车,通用标准：Van,,
EU,Fiat Doblo cargo 263 swb lowroof Van 2011-2023 EU,Fiat,Doblo cargo,Van,2011-2023,越野车,两厢车,通用标准：Van,,
EU,Fiat Doblo cargo 263 swb prefl Van 2013-2023 EU,Fiat,Doblo cargo,Van,2013-2023,越野车,两厢车,通用标准：Van,,
EU,Fiat Doblo kombi 263 Van 2016-2023 EU,Fiat,Doblo kombi,Van,2016-2023,越野车,两厢车,通用标准：Van,,
EU,Fiat Doblo kombi 263 facelift MPV 2010-2023 EU,Fiat,Doblo kombi,MPV,2010-2023,越野车,两厢车,通用标准：MPV,,
EU,Fiat Doblo kombi 263 lwb MPV 2010-2023 EU,Fiat,Doblo kombi,MPV,2010-2023,越野车,两厢车,通用标准：MPV,,
EU,Fiat Doblo kombi 263 lwb Van 2011-2023 EU,Fiat,Doblo kombi,Van,2011-2023,越野车,两厢车,通用标准：Van,,
EU,Fiat Doblo kombi 263 lwb Van 2015-2023 EU,Fiat,Doblo kombi,Van,2015-2023,越野车,两厢车,通用标准：Van,,
EU,Fiat Doblo kombi 263 lwb Van 2016-2023 EU,Fiat,Doblo kombi,Van,2016-2023,越野车,两厢车,通用标准：Van,,
EU,Fiat Doblo kombi 263 lwb facelift Van 2010-2023 EU,Fiat,Doblo kombi,Van,2010-2023,越野车,两厢车,通用标准：Van,,
EU,Fiat Doblo kombi 263 lwb prefl Van 2010-2023 EU,Fiat,Doblo kombi,Van,2010-2023,越野车,两厢车,通用标准：Van,,
EU,Fiat Doblo kombi 263 swb MPV 2010-2023 EU,Fiat,Doblo kombi,MPV,2010-2023,越野车,两厢车,通用标准：MPV,,
EU,Fiat Doblo kombi 263 swb Van 2011-2023 EU,Fiat,Doblo kombi,Van,2011-2023,越野车,两厢车,通用标准：Van,,
EU,Fiat Doblo kombi 263 swb Van 2015-2023 EU,Fiat,Doblo kombi,Van,2015-2023,越野车,两厢车,通用标准：Van,,
EU,Fiat Doblo kombi 263 swb facelift Van 2010-2023 EU,Fiat,Doblo kombi,Van,2010-2023,越野车,两厢车,通用标准：Van,,
EU,Fiat Doblo kombi 263 swb prefl Van 2010-2023 EU,Fiat,Doblo kombi,Van,2010-2023,越野车,两厢车,通用标准：Van,,
EU,Fiat Doblo kombi 263 xl facelift Van 2010-2023 EU,Fiat,Doblo kombi,Van,2010-2023,越野车,两厢车,通用标准：Van,,
EU,Fiat Ducato 230 MPV 1998-2002 EU,Fiat,Ducato,MPV,1998-2002,越野车,两厢车,通用标准：MPV,,
EU,Fiat Ducato 230 MPV 2000-2002 EU,Fiat,Ducato,MPV,2000-2002,越野车,两厢车,通用标准：MPV,,
EU,Fiat Ducato 230 Van 1997-2002 EU,Fiat,Ducato,Van,1997-2002,越野车,两厢车,通用标准：Van,,
EU,Fiat Ducato 230 Van 1998-2002 EU,Fiat,Ducato,Van,1998-2002,越野车,两厢车,通用标准：Van,,
EU,Fiat Ducato 230 Van 1999-2002 EU,Fiat,Ducato,Van,1999-2002,越野车,两厢车,通用标准：Van,,
EU,Fiat Ducato 230 Van 2000-2002 EU,Fiat,Ducato,Van,2000-2002,越野车,两厢车,通用标准：Van,,
EU,Fiat Ducato 230 Van 2001-2002 EU,Fiat,Ducato,Van,2001-2002,越野车,两厢车,通用标准：Van,,
EU,Fiat Ducato 230 lwb Bus 1994-2001 EU,Fiat,Ducato,Bus,1994-2001,越野车,两厢车,通用标准：Bus,,
EU,Fiat Ducato 230 lwb highroof Van 1994-2002 EU,Fiat,Ducato,Van,1994-2002,越野车,两厢车,通用标准：Van,,
EU,Fiat Ducato 230 mwb highroof Van 1994-2002 EU,Fiat,Ducato,Van,1994-2002,越野车,两厢车,通用标准：Van,,
EU,Fiat Ducato 230 mwb highroof Van 1998-2002 EU,Fiat,Ducato,Van,1998-2002,越野车,两厢车,通用标准：Van,,
EU,Fiat Ducato 230 mwb highroof Van 2001-2002 EU,Fiat,Ducato,Van,2001-2002,越野车,两厢车,通用标准：Van,,
EU,Fiat Ducato 230 mwb lowroof Van 1994-2002 EU,Fiat,Ducato,Van,1994-2002,越野车,两厢车,通用标准：Van,,
EU,Fiat Ducato 230 swb Bus 1994-2001 EU,Fiat,Ducato,Bus,1994-2001,越野车,两厢车,通用标准：Bus,,
EU,Fiat Ducato 230 swb Van 2000-2002 EU,Fiat,Ducato,Van,2000-2002,越野车,两厢车,通用标准：Van,,
EU,Fiat Ducato 230 swb highroof Van 1994-2002 EU,Fiat,Ducato,Van,1994-2002,越野车,两厢车,通用标准：Van,,
EU,Fiat Ducato 230 swb highroof Van 1998-2002 EU,Fiat,Ducato,Van,1998-2002,越野车,两厢车,通用标准：Van,,
EU,Fiat Ducato 230 swb highroof Van 2001-2002 EU,Fiat,Ducato,Van,2001-2002,越野车,两厢车,通用标准：Van,,
EU,Fiat Ducato 230 swb lowroof Van 1994-2002 EU,Fiat,Ducato,Van,1994-2002,越野车,两厢车,通用标准：Van,,
EU,Fiat Ducato 230 swb lowroof Van 1998-2002 EU,Fiat,Ducato,Van,1998-2002,越野车,两厢车,通用标准：Van,,
EU,Fiat Ducato 230 swb lowroof Van 2001-2002 EU,Fiat,Ducato,Van,2001-2002,越野车,两厢车,通用标准：Van,,
EU,Fiat Ducato 230L Van 1994-1998 EU,Fiat,Ducato,Van,1994-1998,越野车,两厢车,通用标准：Van,,
EU,Fiat Ducato 230L Van 1994-2002 EU,Fiat,Ducato,Van,1994-2002,越野车,两厢车,通用标准：Van,,
EU,Fiat Ducato 230L Van 1998-2001 EU,Fiat,Ducato,Van,1998-2001,越野车,两厢车,通用标准：Van,,
EU,Fiat Ducato 230L Van 1998-2002 EU,Fiat,Ducato,Van,1998-2002,越野车,两厢车,通用标准：Van,,
EU,Fiat Ducato 230L Van 1999-2002 EU,Fiat,Ducato,Van,1999-2002,越野车,两厢车,通用标准：Van,,
EU,Fiat Ducato 230L Van 2000-2002 EU,Fiat,Ducato,Van,2000-2002,越野车,两厢车,通用标准：Van,,
EU,Fiat Ducato 230L lwb highroof Van 1994-2002 EU,Fiat,Ducato,Van,1994-2002,越野车,两厢车,通用标准：Van,,
EU,Fiat Ducato 230L lwb highroof Van 1997-2002 EU,Fiat,Ducato,Van,1997-2002,越野车,两厢车,通用标准：Van,,
EU,Fiat Ducato 230L lwb highroof Van 1998-2002 EU,Fiat,Ducato,Van,1998-2002,越野车,两厢车,通用标准：Van,,
EU,Fiat Ducato 230L lwb highroof Van 2000-2002 EU,Fiat,Ducato,Van,2000-2002,越野车,两厢车,通用标准：Van,,
EU,Fiat Ducato 230L mwb highroof Van 1994-2002 EU,Fiat,Ducato,Van,1994-2002,越野车,两厢车,通用标准：Van,,
EU,Fiat Ducato 230L mwb highroof Van 1997-2002 EU,Fiat,Ducato,Van,1997-2002,越野车,两厢车,通用标准：Van,,
EU,Fiat Ducato 230L mwb highroof Van 1998-2002 EU,Fiat,Ducato,Van,1998-2002,越野车,两厢车,通用标准：Van,,
EU,Fiat Ducato 230L mwb highroof Van 2000-2002 EU,Fiat,Ducato,Van,2000-2002,越野车,两厢车,通用标准：Van,,
EU,Fiat Ducato 230L mwb lowroof Van 1994-2002 EU,Fiat,Ducato,Van,1994-2002,越野车,两厢车,通用标准：Van,,
EU,Fiat Ducato 230L mwb lowroof Van 1997-2002 EU,Fiat,Ducato,Van,1997-2002,越野车,两厢车,通用标准：Van,,
EU,Fiat Ducato 230L mwb lowroof Van 1998-2002 EU,Fiat,Ducato,Van,1998-2002,越野车,两厢车,通用标准：Van,,
EU,Fiat Ducato 230L mwb lowroof Van 2000-2002 EU,Fiat,Ducato,Van,2000-2002,越野车,两厢车,通用标准：Van,,
EU,Fiat Ducato 230L swb highroof Van 1994-2002 EU,Fiat,Ducato,Van,1994-2002,越野车,两厢车,通用标准：Van,,
EU,Fiat Ducato 230L swb highroof Van 1997-2002 EU,Fiat,Ducato,Van,1997-2002,越野车,两厢车,通用标准：Van,,
EU,Fiat Ducato 230L swb highroof Van 1998-2002 EU,Fiat,Ducato,Van,1998-2002,越野车,两厢车,通用标准：Van,,
EU,Fiat Ducato 230L swb highroof Van 2000-2002 EU,Fiat,Ducato,Van,2000-2002,越野车,两厢车,通用标准：Van,,
EU,Fiat Ducato 230L swb lowroof Van 1994-2002 EU,Fiat,Ducato,Van,1994-2002,越野车,两厢车,通用标准：Van,,
EU,Fiat Ducato 230L swb lowroof Van 1997-2002 EU,Fiat,Ducato,Van,1997-2002,越野车,两厢车,通用标准：Van,,
EU,Fiat Ducato 230L swb lowroof Van 1998-2002 EU,Fiat,Ducato,Van,1998-2002,越野车,两厢车,通用标准：Van,,
EU,Fiat Ducato 230L swb lowroof Van 2000-2002 EU,Fiat,Ducato,Van,2000-2002,越野车,两厢车,通用标准：Van,,
EU,Fiat Ducato 230P Bus 1994-2002 EU,Fiat,Ducato,Bus,1994-2002,越野车,两厢车,通用标准：Bus,,
EU,Fiat Ducato 230P Bus 1995-2002 EU,Fiat,Ducato,Bus,1995-2002,越野车,两厢车,通用标准：Bus,,
EU,Fiat Ducato 230P lwb highroof Van 1994-2002 EU,Fiat,Ducato,Van,1994-2002,越野车,两厢车,通用标准：Van,,
EU,Fiat Ducato 230P mwb highroof Bus 1994-2002 EU,Fiat,Ducato,Bus,1994-2002,越野车,两厢车,通用标准：Bus,,
EU,Fiat Ducato 230P mwb highroof Bus 1997-2002 EU,Fiat,Ducato,Bus,1997-2002,越野车,两厢车,通用标准：Bus,,
EU,Fiat Ducato 230P mwb highroof Van 1994-2002 EU,Fiat,Ducato,Van,1994-2002,越野车,两厢车,通用标准：Van,,
EU,Fiat Ducato 230P mwb lowroof Van 1994-2002 EU,Fiat,Ducato,Van,1994-2002,越野车,两厢车,通用标准：Van,,
EU,Fiat Ducato 230P swb Bus 1997-2002 EU,Fiat,Ducato,Bus,1997-2002,越野车,两厢车,通用标准：Bus,,
EU,Fiat Ducato 230P swb highroof Van 1994-2002 EU,Fiat,Ducato,Van,1994-2002,越野车,两厢车,通用标准：Van,,
EU,Fiat Ducato 230P swb lowroof Van 1994-2002 EU,Fiat,Ducato,Van,1994-2002,越野车,两厢车,通用标准：Van,,
EU,Fiat Ducato 244 11 swb lowroof Van 2001-2006 EU,Fiat,Ducato,Van,2001-2006,越野车,两厢车,通用标准：Van,,
EU,Fiat Ducato 244 11 swb lowroof Van 2003-2006 EU,Fiat,Ducato,Van,2003-2006,越野车,两厢车,通用标准：Van,,
EU,Fiat Ducato 244 15 lwb highroof Van 2001-2006 EU,Fiat,Ducato,Van,2001-2006,越野车,两厢车,通用标准：Van,,
EU,Fiat Ducato 244 15 lwb highroof Van 2003-2006 EU,Fiat,Ducato,Van,2003-2006,越野车,两厢车,通用标准：Van,,
EU,Fiat Ducato 244 15 lwb midroof Van 2003-2006 EU,Fiat,Ducato,Van,2003-2006,越野车,两厢车,通用标准：Van,,
EU,Fiat Ducato 244 15 swb lowroof Van 2003-2006 EU,Fiat,Ducato,Van,2003-2006,越野车,两厢车,通用标准：Van,,
EU,Fiat Ducato 244 L4749 W2024 H2150 Van 2002-2006 EU,Fiat,Ducato,Van,2002-2006,越野车,两厢车,通用标准：Van,,
EU,Fiat Ducato 244 L4749 W2024 H2154 Van 2002-2006 EU,Fiat,Ducato,Van,2002-2006,越野车,两厢车,通用标准：Van,,
EU,Fiat Ducato 244 L5099 W2024 H2150 Van 2002-2006 EU,Fiat,Ducato,Van,2002-2006,越野车,两厢车,通用标准：Van,,
EU,Fiat Ducato 244 Van 2004-2006 EU,Fiat,Ducato,Van,2004-2006,越野车,两厢车,通用标准：Van,,
EU,Fiat Ducato 244 l2h1 Bus 2002-2006 EU,Fiat,Ducato,Bus,2002-2006,越野车,两厢车,通用标准：Bus,,
EU,Fiat Ducato 244 l2h2 Bus 2002-2006 EU,Fiat,Ducato,Bus,2002-2006,越野车,两厢车,通用标准：Bus,,
EU,Fiat Ducato 244 lwb highroof Van 2001-2006 EU,Fiat,Ducato,Van,2001-2006,越野车,两厢车,通用标准：Van,,
EU,Fiat Ducato 244 lwb highroof Van 2001-2011 EU,Fiat,Ducato,Van,2001-2011,越野车,两厢车,通用标准：Van,,
EU,Fiat Ducato 244 lwb highroof Van 2001-2026 EU,Fiat,Ducato,Van,2001-2026,越野车,两厢车,通用标准：Van,,
EU,Fiat Ducato 244 lwb highroof Van 2002-2006 EU,Fiat,Ducato,Van,2002-2006,越野车,两厢车,通用标准：Van,,
EU,Fiat Ducato 244 lwb highroof Van 2004-2006 EU,Fiat,Ducato,Van,2004-2006,越野车,两厢车,通用标准：Van,,
EU,Fiat Ducato 244 lwb superhighroof Van 2001-2006 EU,Fiat,Ducato,Van,2001-2006,越野车,两厢车,通用标准：Van,,
EU,Fiat Ducato 244 lwb superhighroof Van 2001-2011 EU,Fiat,Ducato,Van,2001-2011,越野车,两厢车,通用标准：Van,,
EU,Fiat Ducato 244 lwb superhighroof Van 2002-2006 EU,Fiat,Ducato,Van,2002-2006,越野车,两厢车,通用标准：Van,,
EU,Fiat Ducato 244 lwb superhighroof Van 2004-2006 EU,Fiat,Ducato,Van,2004-2006,越野车,两厢车,通用标准：Van,,
EU,Fiat Ducato 244 maxi lwb highroof Van 2003-2006 EU,Fiat,Ducato,Van,2003-2006,越野车,两厢车,通用标准：Van,,
EU,Fiat Ducato 244 maxi lwb midroof Van 2001-2006 EU,Fiat,Ducato,Van,2001-2006,越野车,两厢车,通用标准：Van,,
EU,Fiat Ducato 244 maxi lwb midroof Van 2003-2006 EU,Fiat,Ducato,Van,2003-2006,越野车,两厢车,通用标准：Van,,
EU,Fiat Ducato 244 maxi mwb highroof Van 2003-2006 EU,Fiat,Ducato,Van,2003-2006,越野车,两厢车,通用标准：Van,,
EU,Fiat Ducato 244 maxi mwb lowroof Van 2003-2006 EU,Fiat,Ducato,Van,2003-2006,越野车,两厢车,通用标准：Van,,
EU,Fiat Ducato 244 maxi swb highroof Van 2001-2006 EU,Fiat,Ducato,Van,2001-2006,越野车,两厢车,通用标准：Van,,
EU,Fiat Ducato 244 maxi swb highroof Van 2003-2006 EU,Fiat,Ducato,Van,2003-2006,越野车,两厢车,通用标准：Van,,
EU,Fiat Ducato 244 maxi swb lowroof Van 2001-2006 EU,Fiat,Ducato,Van,2001-2006,越野车,两厢车,通用标准：Van,,
EU,Fiat Ducato 244 maxi swb lowroof Van 2003-2006 EU,Fiat,Ducato,Van,2003-2006,越野车,两厢车,通用标准：Van,,
EU,Fiat Ducato 244 mwb highroof Van 2001-2006 EU,Fiat,Ducato,Van,2001-2006,越野车,两厢车,通用标准：Van,,
EU,Fiat Ducato 244 mwb highroof Van 2001-2011 EU,Fiat,Ducato,Van,2001-2011,越野车,两厢车,通用标准：Van,,
EU,Fiat Ducato 244 mwb highroof Van 2001-2026 EU,Fiat,Ducato,Van,2001-2026,越野车,两厢车,通用标准：Van,,
EU,Fiat Ducato 244 mwb highroof Van 2002-2006 EU,Fiat,Ducato,Van,2002-2006,越野车,两厢车,通用标准：Van,,
EU,Fiat Ducato 244 mwb highroof Van 2003-2006 EU,Fiat,Ducato,Van,2003-2006,越野车,两厢车,通用标准：Van,,
EU,Fiat Ducato 244 mwb highroof Van 2004-2006 EU,Fiat,Ducato,Van,2004-2006,越野车,两厢车,通用标准：Van,,
EU,Fiat Ducato 244 mwb lowroof Van 2001-2006 EU,Fiat,Ducato,Van,2001-2006,越野车,两厢车,通用标准：Van,,
EU,Fiat Ducato 244 mwb lowroof Van 2001-2011 EU,Fiat,Ducato,Van,2001-2011,越野车,两厢车,通用标准：Van,,
EU,Fiat Ducato 244 mwb lowroof Van 2001-2026 EU,Fiat,Ducato,Van,2001-2026,越野车,两厢车,通用标准：Van,,
EU,Fiat Ducato 244 mwb lowroof Van 2003-2006 EU,Fiat,Ducato,Van,2003-2006,越野车,两厢车,通用标准：Van,,
EU,Fiat Ducato 244 mwb maxi highroof Van 2001-2006 EU,Fiat,Ducato,Van,2001-2006,越野车,两厢车,通用标准：Van,,
EU,Fiat Ducato 244 mwb maxi highroof Van 2001-2011 EU,Fiat,Ducato,Van,2001-2011,越野车,两厢车,通用标准：Van,,
EU,Fiat Ducato 244 mwb maxi highroof Van 2002-2006 EU,Fiat,Ducato,Van,2002-2006,越野车,两厢车,通用标准：Van,,
EU,Fiat Ducato 244 mwb maxi highroof Van 2004-2006 EU,Fiat,Ducato,Van,2004-2006,越野车,两厢车,通用标准：Van,,
EU,Fiat Ducato 244 mwb maxi lowroof Van 2001-2006 EU,Fiat,Ducato,Van,2001-2006,越野车,两厢车,通用标准：Van,,
EU,Fiat Ducato 244 mwb maxi lowroof Van 2001-2011 EU,Fiat,Ducato,Van,2001-2011,越野车,两厢车,通用标准：Van,,
EU,Fiat Ducato 244 mwb maxi lowroof Van 2004-2006 EU,Fiat,Ducato,Van,2004-2006,越野车,两厢车,通用标准：Van,,
EU,Fiat Ducato 244 mwb maxi superhighroof Van 2001-2006 EU,Fiat,Ducato,Van,2001-2006,越野车,两厢车,通用标准：Van,,
EU,Fiat Ducato 244 mwb maxi superhighroof Van 2001-2011 EU,Fiat,Ducato,Van,2001-2011,越野车,两厢车,通用标准：Van,,
EU,Fiat Ducato 244 mwb maxi superhighroof Van 2002-2006 EU,Fiat,Ducato,Van,2002-2006,越野车,两厢车,通用标准：Van,,
EU,Fiat Ducato 244 mwb maxi superhighroof Van 2004-2006 EU,Fiat,Ducato,Van,2004-2006,越野车,两厢车,通用标准：Van,,
EU,Fiat Ducato 244 mwb superhighroof Van 2001-2006 EU,Fiat,Ducato,Van,2001-2006,越野车,两厢车,通用标准：Van,,
EU,Fiat Ducato 244 mwb superhighroof Van 2001-2011 EU,Fiat,Ducato,Van,2001-2011,越野车,两厢车,通用标准：Van,,
EU,Fiat Ducato 244 mwb superhighroof Van 2002-2006 EU,Fiat,Ducato,Van,2002-2006,越野车,两厢车,通用标准：Van,,
EU,Fiat Ducato 244 mwb superhighroof Van 2004-2006 EU,Fiat,Ducato,Van,2004-2006,越野车,两厢车,通用标准：Van,,
EU,Fiat Ducato 244 swb highroof Van 2001-2006 EU,Fiat,Ducato,Van,2001-2006,越野车,两厢车,通用标准：Van,,
EU,Fiat Ducato 244 swb highroof Van 2001-2011 EU,Fiat,Ducato,Van,2001-2011,越野车,两厢车,通用标准：Van,,
EU,Fiat Ducato 244 swb highroof Van 2001-2026 EU,Fiat,Ducato,Van,2001-2026,越野车,两厢车,通用标准：Van,,
EU,Fiat Ducato 244 swb highroof Van 2003-2006 EU,Fiat,Ducato,Van,2003-2006,越野车,两厢车,通用标准：Van,,
EU,Fiat Ducato 244 swb highroof Van 2004-2006 EU,Fiat,Ducato,Van,2004-2006,越野车,两厢车,通用标准：Van,,
EU,Fiat Ducato 244 swb lowroof Van 2001-2006 EU,Fiat,Ducato,Van,2001-2006,越野车,两厢车,通用标准：Van,,
EU,Fiat Ducato 244 swb lowroof Van 2001-2011 EU,Fiat,Ducato,Van,2001-2011,越野车,两厢车,通用标准：Van,,
EU,Fiat Ducato 244 swb lowroof Van 2001-2026 EU,Fiat,Ducato,Van,2001-2026,越野车,两厢车,通用标准：Van,,
EU,Fiat Ducato 244 swb lowroof Van 2004-2006 EU,Fiat,Ducato,Van,2004-2006,越野车,两厢车,通用标准：Van,,
EU,Fiat Ducato 244CTMNB mwb extrahigh Van 2002-2006 EU,Fiat,Ducato,Van,2002-2006,越野车,两厢车,通用标准：Van,,
EU,Fiat Ducato 244CTMNB mwb highroof Van 2002-2006 EU,Fiat,Ducato,Van,2002-2006,越野车,两厢车,通用标准：Van,,
EU,Fiat Ducato 244CTMNC lwb extrahigh Van 2002-2006 EU,Fiat,Ducato,Van,2002-2006,越野车,两厢车,通用标准：Van,,
EU,Fiat Ducato 244CTMNC lwb highroof Van 2002-2006 EU,Fiat,Ducato,Van,2002-2006,越野车,两厢车,通用标准：Van,,
EU,Fiat Ducato 250 47kwh MPV 2021-2023 EU,Fiat,Ducato,MPV,2021-2023,越野车,两厢车,通用标准：MPV,,
EU,Fiat Ducato 250 79kwh MPV 2021-2023 EU,Fiat,Ducato,MPV,2021-2023,越野车,两厢车,通用标准：MPV,,
EU,Fiat Ducato 250 L5413 W2050 H2254 Van 2009-2026 EU,Fiat,Ducato,Van,2009-2026,越野车,两厢车,通用标准：Van,,
EU,Fiat Ducato 250 L5413 W2050 H2524 Van 2009-2026 EU,Fiat,Ducato,Van,2009-2026,越野车,两厢车,通用标准：Van,,
EU,Fiat Ducato 250 Van 2007-2026 EU,Fiat,Ducato,Van,2007-2026,越野车,两厢车,通用标准：Van,,
EU,Fiat Ducato 250 Van 2011-2014 EU,Fiat,Ducato,Van,2011-2014,越野车,两厢车,通用标准：Van,,
EU,Fiat Ducato 250 Van 2011-2026 EU,Fiat,Ducato,Van,2011-2026,越野车,两厢车,通用标准：Van,,
EU,Fiat Ducato 250 highroof Van 2010-2026 EU,Fiat,Ducato,Van,2010-2026,越野车,两厢车,通用标准：Van,,
EU,Fiat Ducato 250 l1h1 Van 2006-2011 EU,Fiat,Ducato,Van,2006-2011,越野车,两厢车,通用标准：Van,,
EU,Fiat Ducato 250 l1h1 Van 2006-2026 EU,Fiat,Ducato,Van,2006-2026,越野车,两厢车,通用标准：Van,,
EU,Fiat Ducato 250 l1h2 Van 2006-2011 EU,Fiat,Ducato,Van,2006-2011,越野车,两厢车,通用标准：Van,,
EU,Fiat Ducato 250 l1h2 Van 2006-2026 EU,Fiat,Ducato,Van,2006-2026,越野车,两厢车,通用标准：Van,,
EU,Fiat Ducato 250 l2h1 35t 47kwh Van 2020-2023 EU,Fiat,Ducato,Van,2020-2023,越野车,两厢车,通用标准：Van,,
EU,Fiat Ducato 250 l2h1 35t 79kwh Van 2020-2023 EU,Fiat,Ducato,Van,2020-2023,越野车,两厢车,通用标准：Van,,
EU,Fiat Ducato 250 l2h1 425t 47kwh Van 2020-2023 EU,Fiat,Ducato,Van,2020-2023,越野车,两厢车,通用标准：Van,,
EU,Fiat Ducato 250 l2h1 425t 79kwh Van 2020-2023 EU,Fiat,Ducato,Van,2020-2023,越野车,两厢车,通用标准：Van,,
EU,Fiat Ducato 250 l2h1 Van 2006-2011 EU,Fiat,Ducato,Van,2006-2011,越野车,两厢车,通用标准：Van,,
EU,Fiat Ducato 250 l2h1 Van 2006-2026 EU,Fiat,Ducato,Van,2006-2026,越野车,两厢车,通用标准：Van,,
EU,Fiat Ducato 250 l2h2 35t 47kwh Van 2020-2023 EU,Fiat,Ducato,Van,2020-2023,越野车,两厢车,通用标准：Van,,
EU,Fiat Ducato 250 l2h2 35t 79kwh Van 2020-2023 EU,Fiat,Ducato,Van,2020-2023,越野车,两厢车,通用标准：Van,,
EU,Fiat Ducato 250 l2h2 425t 47kwh Van 2020-2023 EU,Fiat,Ducato,Van,2020-2023,越野车,两厢车,通用标准：Van,,
EU,Fiat Ducato 250 l2h2 425t 79kwh Van 2020-2023 EU,Fiat,Ducato,Van,2020-2023,越野车,两厢车,通用标准：Van,,
EU,Fiat Ducato 250 l2h2 Van 2006-2011 EU,Fiat,Ducato,Van,2006-2011,越野车,两厢车,通用标准：Van,,
EU,Fiat Ducato 250 l2h2 Van 2006-2026 EU,Fiat,Ducato,Van,2006-2026,越野车,两厢车,通用标准：Van,,
EU,Fiat Ducato 250 l3h2 35t 47kwh Van 2020-2023 EU,Fiat,Ducato,Van,2020-2023,越野车,两厢车,通用标准：Van,,
EU,Fiat Ducato 250 l3h2 35t 79kwh Van 2020-2023 EU,Fiat,Ducato,Van,2020-2023,越野车,两厢车,通用标准：Van,,
EU,Fiat Ducato 250 l3h2 425t 47kwh Van 2020-2023 EU,Fiat,Ducato,Van,2020-2023,越野车,两厢车,通用标准：Van,,
EU,Fiat Ducato 250 l3h2 425t 79kwh Van 2020-2023 EU,Fiat,Ducato,Van,2020-2023,越野车,两厢车,通用标准：Van,,
EU,Fiat Ducato 250 l3h2 Van 2006-2011 EU,Fiat,Ducato,Van,2006-2011,越野车,两厢车,通用标准：Van,,
EU,Fiat Ducato 250 l3h2 Van 2006-2026 EU,Fiat,Ducato,Van,2006-2026,越野车,两厢车,通用标准：Van,,
EU,Fiat Ducato 250 l3h3 35t 47kwh Van 2020-2023 EU,Fiat,Ducato,Van,2020-2023,越野车,两厢车,通用标准：Van,,
EU,Fiat Ducato 250 l3h3 35t 79kwh Van 2020-2023 EU,Fiat,Ducato,Van,2020-2023,越野车,两厢车,通用标准：Van,,
EU,Fiat Ducato 250 l3h3 425t 47kwh Van 2020-2023 EU,Fiat,Ducato,Van,2020-2023,越野车,两厢车,通用标准：Van,,
EU,Fiat Ducato 250 l3h3 425t 79kwh Van 2020-2023 EU,Fiat,Ducato,Van,2020-2023,越野车,两厢车,通用标准：Van,,
EU,Fiat Ducato 250 l3h3 Van 2006-2011 EU,Fiat,Ducato,Van,2006-2011,越野车,两厢车,通用标准：Van,,
EU,Fiat Ducato 250 l3h3 Van 2006-2026 EU,Fiat,Ducato,Van,2006-2026,越野车,两厢车,通用标准：Van,,
EU,Fiat Ducato 250 l4h2 35t 47kwh Van 2020-2023 EU,Fiat,Ducato,Van,2020-2023,越野车,两厢车,通用标准：Van,,
EU,Fiat Ducato 250 l4h2 35t 79kwh Van 2020-2023 EU,Fiat,Ducato,Van,2020-2023,越野车,两厢车,通用标准：Van,,
EU,Fiat Ducato 250 l4h2 425t 47kwh Van 2020-2023 EU,Fiat,Ducato,Van,2020-2023,越野车,两厢车,通用标准：Van,,
EU,Fiat Ducato 250 l4h2 425t 79kwh Van 2020-2023 EU,Fiat,Ducato,Van,2020-2023,越野车,两厢车,通用标准：Van,,
EU,Fiat Ducato 250 l4h2 Van 2006-2011 EU,Fiat,Ducato,Van,2006-2011,越野车,两厢车,通用标准：Van,,
EU,Fiat Ducato 250 l4h2 Van 2006-2026 EU,Fiat,Ducato,Van,2006-2026,越野车,两厢车,通用标准：Van,,
EU,Fiat Ducato 250 l4h3 35t 47kwh Van 2020-2023 EU,Fiat,Ducato,Van,2020-2023,越野车,两厢车,通用标准：Van,,
EU,Fiat Ducato 250 l4h3 35t 79kwh Van 2020-2023 EU,Fiat,Ducato,Van,2020-2023,越野车,两厢车,通用标准：Van,,
EU,Fiat Ducato 250 l4h3 425t 47kwh Van 2020-2023 EU,Fiat,Ducato,Van,2020-2023,越野车,两厢车,通用标准：Van,,
EU,Fiat Ducato 250 l4h3 425t 79kwh Van 2020-2023 EU,Fiat,Ducato,Van,2020-2023,越野车,两厢车,通用标准：Van,,
EU,Fiat Ducato 250 l4h3 Van 2006-2011 EU,Fiat,Ducato,Van,2006-2011,越野车,两厢车,通用标准：Van,,
EU,Fiat Ducato 250 l4h3 Van 2006-2026 EU,Fiat,Ducato,Van,2006-2026,越野车,两厢车,通用标准：Van,,
EU,Fiat Ducato 250 lowroof Van 2010-2026 EU,Fiat,Ducato,Van,2010-2026,越野车,两厢车,通用标准：Van,,
EU,Fiat Ducato 250 lwb highroof Bus 2006-2011 EU,Fiat,Ducato,Bus,2006-2011,越野车,两厢车,通用标准：Bus,,
EU,Fiat Ducato 250 lwb highroof Bus 2006-2013 EU,Fiat,Ducato,Bus,2006-2013,越野车,两厢车,通用标准：Bus,,
EU,Fiat Ducato 250 lwb highroof Van 2023-2026 EU,Fiat,Ducato,Van,2023-2026,越野车,两厢车,通用标准：Van,,
EU,Fiat Ducato 250 lwb highroof Van 2025-2026 EU,Fiat,Ducato,Van,2025-2026,越野车,两厢车,通用标准：Van,,
EU,Fiat Ducato 250 lwb superhighroof Van 2023-2026 EU,Fiat,Ducato,Van,2023-2026,越野车,两厢车,通用标准：Van,,
EU,Fiat Ducato 250 lwb superhighroof Van 2025-2026 EU,Fiat,Ducato,Van,2025-2026,越野车,两厢车,通用标准：Van,,
EU,Fiat Ducato 250 mwb highroof Bus 2006-2011 EU,Fiat,Ducato,Bus,2006-2011,越野车,两厢车,通用标准：Bus,,
EU,Fiat Ducato 250 mwb highroof Bus 2006-2013 EU,Fiat,Ducato,Bus,2006-2013,越野车,两厢车,通用标准：Bus,,
EU,Fiat Ducato 250 mwb highroof Van 2011-2014 EU,Fiat,Ducato,Van,2011-2014,越野车,两厢车,通用标准：Van,,
EU,Fiat Ducato 250 mwb highroof Van 2011-2026 EU,Fiat,Ducato,Van,2011-2026,越野车,两厢车,通用标准：Van,,
EU,Fiat Ducato 250 mwb lowroof Van 2011-2014 EU,Fiat,Ducato,Van,2011-2014,越野车,两厢车,通用标准：Van,,
EU,Fiat Ducato 250 mwb lowroof Van 2011-2026 EU,Fiat,Ducato,Van,2011-2026,越野车,两厢车,通用标准：Van,,
EU,Fiat Ducato 250 swb highroof Van 2011-2014 EU,Fiat,Ducato,Van,2011-2014,越野车,两厢车,通用标准：Van,,
EU,Fiat Ducato 250 swb highroof Van 2011-2026 EU,Fiat,Ducato,Van,2011-2026,越野车,两厢车,通用标准：Van,,
EU,Fiat Ducato 250 swb lowroof Bus 2006-2011 EU,Fiat,Ducato,Bus,2006-2011,越野车,两厢车,通用标准：Bus,,
EU,Fiat Ducato 250 swb lowroof Bus 2006-2013 EU,Fiat,Ducato,Bus,2006-2013,越野车,两厢车,通用标准：Bus,,
EU,Fiat Ducato 250 xl highroof Van 2006-2011 EU,Fiat,Ducato,Van,2006-2011,越野车,两厢车,通用标准：Van,,
EU,Fiat Ducato 250 xl highroof Van 2011-2026 EU,Fiat,Ducato,Van,2011-2026,越野车,两厢车,通用标准：Van,,
EU,Fiat Ducato 250 xl highroof Van 2023-2026 EU,Fiat,Ducato,Van,2023-2026,越野车,两厢车,通用标准：Van,,
EU,Fiat Ducato 250 xl highroof Van 2025-2026 EU,Fiat,Ducato,Van,2025-2026,越野车,两厢车,通用标准：Van,,
EU,Fiat Ducato 250 xl superhighroof Van 2006-2011 EU,Fiat,Ducato,Van,2006-2011,越野车,两厢车,通用标准：Van,,
EU,Fiat Ducato 250 xl superhighroof Van 2011-2026 EU,Fiat,Ducato,Van,2011-2026,越野车,两厢车,通用标准：Van,,
EU,Fiat Ducato 250 xl superhighroof Van 2023-2026 EU,Fiat,Ducato,Van,2023-2026,越野车,两厢车,通用标准：Van,,
EU,Fiat Ducato 250 xl superhighroof Van 2025-2026 EU,Fiat,Ducato,Van,2025-2026,越野车,两厢车,通用标准：Van,,
EU,Fiat Ducato 280 highroof Van 1982-1988 EU,Fiat,Ducato,Van,1982-1988,越野车,两厢车,通用标准：Van,,
EU,Fiat Ducato 280 highroof Van 1989-1990 EU,Fiat,Ducato,Van,1989-1990,越野车,两厢车,通用标准：Van,,
EU,Fiat Ducato 280 l1h1 Van 1986-1987 EU,Fiat,Ducato,Van,1986-1987,越野车,两厢车,通用标准：Van,,
EU,Fiat Ducato 280 l1h1 Van 1986-1990 EU,Fiat,Ducato,Van,1986-1990,越野车,两厢车,通用标准：Van,,
EU,Fiat Ducato 280 l1h2 Van 1986-1987 EU,Fiat,Ducato,Van,1986-1987,越野车,两厢车,通用标准：Van,,
EU,Fiat Ducato 280 l1h2 Van 1986-1990 EU,Fiat,Ducato,Van,1986-1990,越野车,两厢车,通用标准：Van,,
EU,Fiat Ducato 280 l2h2 Van 1986-1987 EU,Fiat,Ducato,Van,1986-1987,越野车,两厢车,通用标准：Van,,
EU,Fiat Ducato 280 l2h2 Van 1986-1990 EU,Fiat,Ducato,Van,1986-1990,越野车,两厢车,通用标准：Van,,
EU,Fiat Ducato 280 lowroof Van 1982-1988 EU,Fiat,Ducato,Van,1982-1988,越野车,两厢车,通用标准：Van,,
EU,Fiat Ducato 280 lowroof Van 1989-1990 EU,Fiat,Ducato,Van,1989-1990,越野车,两厢车,通用标准：Van,,
EU,Fiat Ducato 280 lwb highroof Van 1982-1988 EU,Fiat,Ducato,Van,1982-1988,越野车,两厢车,通用标准：Van,,
EU,Fiat Ducato 280 prefl lwb highroof Van 1982-1990 EU,Fiat,Ducato,Van,1982-1990,越野车,两厢车,通用标准：Van,,
EU,Fiat Ducato 280 prefl lwb highroof Van 1985-1990 EU,Fiat,Ducato,Van,1985-1990,越野车,两厢车,通用标准：Van,,
EU,Fiat Ducato 280 prefl lwb highroof Van 1988-1990 EU,Fiat,Ducato,Van,1988-1990,越野车,两厢车,通用标准：Van,,
EU,Fiat Ducato 280 prefl swb highroof Van 1982-1990 EU,Fiat,Ducato,Van,1982-1990,越野车,两厢车,通用标准：Van,,
EU,Fiat Ducato 280 prefl swb highroof Van 1985-1990 EU,Fiat,Ducato,Van,1985-1990,越野车,两厢车,通用标准：Van,,
EU,Fiat Ducato 280 prefl swb highroof Van 1988-1990 EU,Fiat,Ducato,Van,1988-1990,越野车,两厢车,通用标准：Van,,
EU,Fiat Ducato 280 prefl swb lowroof Van 1982-1990 EU,Fiat,Ducato,Van,1982-1990,越野车,两厢车,通用标准：Van,,
EU,Fiat Ducato 280 prefl swb lowroof Van 1985-1990 EU,Fiat,Ducato,Van,1985-1990,越野车,两厢车,通用标准：Van,,
EU,Fiat Ducato 280 prefl swb lowroof Van 1988-1990 EU,Fiat,Ducato,Van,1988-1990,越野车,两厢车,通用标准：Van,,
EU,Fiat Ducato 280 swb highroof Van 1982-1988 EU,Fiat,Ducato,Van,1982-1988,越野车,两厢车,通用标准：Van,,
EU,Fiat Ducato 280 swb lowroof Van 1982-1988 EU,Fiat,Ducato,Van,1982-1988,越野车,两厢车,通用标准：Van,,
EU,Fiat Ducato 290 facelift lwb highroof Van 1982-1990 EU,Fiat,Ducato,Van,1982-1990,越野车,两厢车,通用标准：Van,,
EU,Fiat Ducato 290 facelift lwb highroof Van 1985-1990 EU,Fiat,Ducato,Van,1985-1990,越野车,两厢车,通用标准：Van,,
EU,Fiat Ducato 290 facelift lwb highroof Van 1988-1990 EU,Fiat,Ducato,Van,1988-1990,越野车,两厢车,通用标准：Van,,
EU,Fiat Ducato 290 facelift lwb lowroof Van 1982-1990 EU,Fiat,Ducato,Van,1982-1990,越野车,两厢车,通用标准：Van,,
EU,Fiat Ducato 290 facelift lwb lowroof Van 1985-1990 EU,Fiat,Ducato,Van,1985-1990,越野车,两厢车,通用标准：Van,,
EU,Fiat Ducato 290 facelift lwb lowroof Van 1988-1990 EU,Fiat,Ducato,Van,1988-1990,越野车,两厢车,通用标准：Van,,
EU,Fiat Ducato 290 facelift swb highroof Van 1982-1990 EU,Fiat,Ducato,Van,1982-1990,越野车,两厢车,通用标准：Van,,
EU,Fiat Ducato 290 facelift swb highroof Van 1985-1990 EU,Fiat,Ducato,Van,1985-1990,越野车,两厢车,通用标准：Van,,
EU,Fiat Ducato 290 facelift swb highroof Van 1988-1990 EU,Fiat,Ducato,Van,1988-1990,越野车,两厢车,通用标准：Van,,
EU,Fiat Ducato 290 facelift swb lowroof Van 1982-1990 EU,Fiat,Ducato,Van,1982-1990,越野车,两厢车,通用标准：Van,,
EU,Fiat Ducato 290 facelift swb lowroof Van 1985-1990 EU,Fiat,Ducato,Van,1985-1990,越野车,两厢车,通用标准：Van,,
EU,Fiat Ducato 290 facelift swb lowroof Van 1988-1990 EU,Fiat,Ducato,Van,1988-1990,越野车,两厢车,通用标准：Van,,
EU,Fiat Ducato 290 highroof L4765 W1965 H2450 Van 1990-1994 EU,Fiat,Ducato,Van,1990-1994,越野车,两厢车,通用标准：Van,,
EU,Fiat Ducato 290 highroof L4765 W1965 H2490 Van 1990-1994 EU,Fiat,Ducato,Van,1990-1994,越野车,两厢车,通用标准：Van,,
EU,Fiat Ducato 290 highroof Van 1989-1994 EU,Fiat,Ducato,Van,1989-1994,越野车,两厢车,通用标准：Van,,
EU,Fiat Ducato 290 lowroof L4765 W1965 H2100 Van 1990-1994 EU,Fiat,Ducato,Van,1990-1994,越野车,两厢车,通用标准：Van,,
EU,Fiat Ducato 290 lowroof L4765 W1965 H2145 Van 1990-1994 EU,Fiat,Ducato,Van,1990-1994,越野车,两厢车,通用标准：Van,,
EU,Fiat Ducato 290 lowroof Van 1989-1994 EU,Fiat,Ducato,Van,1989-1994,越野车,两厢车,通用标准：Van,,
EU,Fiat Ducato 290 lwb highroof MPV 2015-2026 EU,Fiat,Ducato,MPV,2015-2026,越野车,两厢车,通用标准：MPV,,
EU,Fiat Ducato 290 lwb highroof MPV 2021-2023 EU,Fiat,Ducato,MPV,2021-2023,越野车,两厢车,通用标准：MPV,,
EU,Fiat Ducato 290 lwb highroof MPV 2021-2026 EU,Fiat,Ducato,MPV,2021-2026,越野车,两厢车,通用标准：MPV,,
EU,Fiat Ducato 290 lwb highroof MPV 2023-2023 EU,Fiat,Ducato,MPV,2023-2023,越野车,两厢车,通用标准：MPV,,
EU,Fiat Ducato 290 lwb highroof Van 1989-1990 EU,Fiat,Ducato,Van,1989-1990,越野车,两厢车,通用标准：Van,,
EU,Fiat Ducato 290 lwb highroof Van 1990-1994 EU,Fiat,Ducato,Van,1990-1994,越野车,两厢车,通用标准：Van,,
EU,Fiat Ducato 290 lwb lowroof Van 1989-1990 EU,Fiat,Ducato,Van,1989-1990,越野车,两厢车,通用标准：Van,,
EU,Fiat Ducato 290 lwb lowroof Van 1990-1994 EU,Fiat,Ducato,Van,1990-1994,越野车,两厢车,通用标准：Van,,
EU,Fiat Ducato 290 lwb maxi highroof MPV 2015-2026 EU,Fiat,Ducato,MPV,2015-2026,越野车,两厢车,通用标准：MPV,,
EU,Fiat Ducato 290 lwb maxi superhighroof MPV 2015-2026 EU,Fiat,Ducato,MPV,2015-2026,越野车,两厢车,通用标准：MPV,,
EU,Fiat Ducato 290 lwb superhighroof MPV 2015-2026 EU,Fiat,Ducato,MPV,2015-2026,越野车,两厢车,通用标准：MPV,,
EU,Fiat Ducato 290 lwb superhighroof MPV 2021-2023 EU,Fiat,Ducato,MPV,2021-2023,越野车,两厢车,通用标准：MPV,,
EU,Fiat Ducato 290 lwb superhighroof MPV 2021-2026 EU,Fiat,Ducato,MPV,2021-2026,越野车,两厢车,通用标准：MPV,,
EU,Fiat Ducato 290 lwb superhighroof MPV 2023-2023 EU,Fiat,Ducato,MPV,2023-2023,越野车,两厢车,通用标准：MPV,,
EU,Fiat Ducato 290 mwb highroof MPV 2015-2026 EU,Fiat,Ducato,MPV,2015-2026,越野车,两厢车,通用标准：MPV,,
EU,Fiat Ducato 290 mwb highroof MPV 2021-2023 EU,Fiat,Ducato,MPV,2021-2023,越野车,两厢车,通用标准：MPV,,
EU,Fiat Ducato 290 mwb highroof MPV 2021-2026 EU,Fiat,Ducato,MPV,2021-2026,越野车,两厢车,通用标准：MPV,,
EU,Fiat Ducato 290 mwb highroof MPV 2023-2023 EU,Fiat,Ducato,MPV,2023-2023,越野车,两厢车,通用标准：MPV,,
EU,Fiat Ducato 290 mwb lowroof MPV 2015-2026 EU,Fiat,Ducato,MPV,2015-2026,越野车,两厢车,通用标准：MPV,,
EU,Fiat Ducato 290 mwb lowroof MPV 2021-2023 EU,Fiat,Ducato,MPV,2021-2023,越野车,两厢车,通用标准：MPV,,
EU,Fiat Ducato 290 mwb lowroof MPV 2021-2026 EU,Fiat,Ducato,MPV,2021-2026,越野车,两厢车,通用标准：MPV,,
EU,Fiat Ducato 290 mwb lowroof MPV 2023-2023 EU,Fiat,Ducato,MPV,2023-2023,越野车,两厢车,通用标准：MPV,,
EU,Fiat Ducato 290 mwb maxi highroof MPV 2015-2026 EU,Fiat,Ducato,MPV,2015-2026,越野车,两厢车,通用标准：MPV,,
EU,Fiat Ducato 290 swb highroof MPV 2015-2026 EU,Fiat,Ducato,MPV,2015-2026,越野车,两厢车,通用标准：MPV,,
EU,Fiat Ducato 290 swb highroof MPV 2021-2023 EU,Fiat,Ducato,MPV,2021-2023,越野车,两厢车,通用标准：MPV,,
EU,Fiat Ducato 290 swb highroof MPV 2021-2026 EU,Fiat,Ducato,MPV,2021-2026,越野车,两厢车,通用标准：MPV,,
EU,Fiat Ducato 290 swb highroof MPV 2023-2023 EU,Fiat,Ducato,MPV,2023-2023,越野车,两厢车,通用标准：MPV,,
EU,Fiat Ducato 290 swb highroof Van 1989-1990 EU,Fiat,Ducato,Van,1989-1990,越野车,两厢车,通用标准：Van,,
EU,Fiat Ducato 290 swb lowroof MPV 2015-2026 EU,Fiat,Ducato,MPV,2015-2026,越野车,两厢车,通用标准：MPV,,
EU,Fiat Ducato 290 swb lowroof MPV 2021-2023 EU,Fiat,Ducato,MPV,2021-2023,越野车,两厢车,通用标准：MPV,,
EU,Fiat Ducato 290 swb lowroof MPV 2021-2026 EU,Fiat,Ducato,MPV,2021-2026,越野车,两厢车,通用标准：MPV,,
EU,Fiat Ducato 290 swb lowroof MPV 2023-2023 EU,Fiat,Ducato,MPV,2023-2023,越野车,两厢车,通用标准：MPV,,
EU,Fiat Ducato 290 swb lowroof Van 1989-1990 EU,Fiat,Ducato,Van,1989-1990,越野车,两厢车,通用标准：Van,,
EU,Fiat Ducato 290 xl highroof Van 2021-2023 EU,Fiat,Ducato,Van,2021-2023,越野车,两厢车,通用标准：Van,,
EU,Fiat Ducato 290 xl highroof Van 2021-2026 EU,Fiat,Ducato,Van,2021-2026,越野车,两厢车,通用标准：Van,,
EU,Fiat Ducato 290 xl highroof Van 2023-2023 EU,Fiat,Ducato,Van,2023-2023,越野车,两厢车,通用标准：Van,,
EU,Fiat Ducato 290 xl maxi highroof MPV 2015-2026 EU,Fiat,Ducato,MPV,2015-2026,越野车,两厢车,通用标准：MPV,,
EU,Fiat Ducato 290 xl superhighroof Van 2021-2023 EU,Fiat,Ducato,Van,2021-2023,越野车,两厢车,通用标准：Van,,
EU,Fiat Ducato 290 xl superhighroof Van 2021-2026 EU,Fiat,Ducato,Van,2021-2026,越野车,两厢车,通用标准：Van,,
EU,Fiat Ducato 290 xl superhighroof Van 2023-2023 EU,Fiat,Ducato,Van,2023-2023,越野车,两厢车,通用标准：Van,,
EU,Fiat Ducato X230 Van 1994-2002 EU,Fiat,Ducato,Van,1994-2002,越野车,两厢车,通用标准：Van,,
EU,Fiat Ducato X230 lwb Bus 1994-2001 EU,Fiat,Ducato,Bus,1994-2001,越野车,两厢车,通用标准：Bus,,
EU,Fiat Ducato X230 swb Bus 1994-2001 EU,Fiat,Ducato,Bus,1994-2001,越野车,两厢车,通用标准：Bus,,
EU,Fiat Ducato X250 Bus 2011-2026 EU,Fiat,Ducato,Bus,2011-2026,越野车,两厢车,通用标准：Bus,,
EU,Fiat Ducato X250 l1h1 Van 2006-2026 EU,Fiat,Ducato,Van,2006-2026,越野车,两厢车,通用标准：Van,,
EU,Fiat Ducato X250 l1h1 Van 2010-2014 EU,Fiat,Ducato,Van,2010-2014,越野车,两厢车,通用标准：Van,,
EU,Fiat Ducato X250 l1h1 Van 2011-2026 EU,Fiat,Ducato,Van,2011-2026,越野车,两厢车,通用标准：Van,,
EU,Fiat Ducato X250 l1h2 Van 2006-2026 EU,Fiat,Ducato,Van,2006-2026,越野车,两厢车,通用标准：Van,,
EU,Fiat Ducato X250 l1h2 Van 2010-2014 EU,Fiat,Ducato,Van,2010-2014,越野车,两厢车,通用标准：Van,,
EU,Fiat Ducato X250 l2h1 Van 2006-2026 EU,Fiat,Ducato,Van,2006-2026,越野车,两厢车,通用标准：Van,,
EU,Fiat Ducato X250 l2h1 Van 2010-2014 EU,Fiat,Ducato,Van,2010-2014,越野车,两厢车,通用标准：Van,,
EU,Fiat Ducato X250 l2h1 Van 2011-2026 EU,Fiat,Ducato,Van,2011-2026,越野车,两厢车,通用标准：Van,,
EU,Fiat Ducato X250 l2h2 Van 2006-2026 EU,Fiat,Ducato,Van,2006-2026,越野车,两厢车,通用标准：Van,,
EU,Fiat Ducato X250 l2h2 Van 2010-2014 EU,Fiat,Ducato,Van,2010-2014,越野车,两厢车,通用标准：Van,,
EU,Fiat Ducato X250 l3h2 Van 2006-2026 EU,Fiat,Ducato,Van,2006-2026,越野车,两厢车,通用标准：Van,,
EU,Fiat Ducato X250 l3h2 Van 2010-2014 EU,Fiat,Ducato,Van,2010-2014,越野车,两厢车,通用标准：Van,,
EU,Fiat Ducato X250 l3h2 Van 2011-2026 EU,Fiat,Ducato,Van,2011-2026,越野车,两厢车,通用标准：Van,,
EU,Fiat Ducato X250 l3h3 Van 2006-2026 EU,Fiat,Ducato,Van,2006-2026,越野车,两厢车,通用标准：Van,,
EU,Fiat Ducato X250 l3h3 Van 2010-2014 EU,Fiat,Ducato,Van,2010-2014,越野车,两厢车,通用标准：Van,,
EU,Fiat Ducato X250 l3h3 Van 2011-2026 EU,Fiat,Ducato,Van,2011-2026,越野车,两厢车,通用标准：Van,,
EU,Fiat Ducato X250 l4h2 Van 2006-2026 EU,Fiat,Ducato,Van,2006-2026,越野车,两厢车,通用标准：Van,,
EU,Fiat Ducato X250 l4h2 Van 2010-2014 EU,Fiat,Ducato,Van,2010-2014,越野车,两厢车,通用标准：Van,,
EU,Fiat Ducato X250 l4h2 Van 2011-2026 EU,Fiat,Ducato,Van,2011-2026,越野车,两厢车,通用标准：Van,,
EU,Fiat Ducato X250 l4h3 Van 2006-2026 EU,Fiat,Ducato,Van,2006-2026,越野车,两厢车,通用标准：Van,,
EU,Fiat Ducato X250 l4h3 Van 2010-2014 EU,Fiat,Ducato,Van,2010-2014,越野车,两厢车,通用标准：Van,,
EU,Fiat Ducato X290 Bus 2015-2026 EU,Fiat,Ducato,Bus,2015-2026,越野车,两厢车,通用标准：Bus,,
EU,Fiat Ducato X290 l1h1 Van 2014-2026 EU,Fiat,Ducato,Van,2014-2026,越野车,两厢车,通用标准：Van,,
EU,Fiat Ducato X290 l1h1 Van 2015-2026 EU,Fiat,Ducato,Van,2015-2026,越野车,两厢车,通用标准：Van,,
EU,Fiat Ducato X290 l1h1 Van 2019-2026 EU,Fiat,Ducato,Van,2019-2026,越野车,两厢车,通用标准：Van,,
EU,Fiat Ducato X290 l1h2 Van 2014-2026 EU,Fiat,Ducato,Van,2014-2026,越野车,两厢车,通用标准：Van,,
EU,Fiat Ducato X290 l1h2 Van 2015-2026 EU,Fiat,Ducato,Van,2015-2026,越野车,两厢车,通用标准：Van,,
EU,Fiat Ducato X290 l1h2 Van 2019-2026 EU,Fiat,Ducato,Van,2019-2026,越野车,两厢车,通用标准：Van,,
EU,Fiat Ducato X290 l2h1 Van 2014-2026 EU,Fiat,Ducato,Van,2014-2026,越野车,两厢车,通用标准：Van,,
EU,Fiat Ducato X290 l2h1 maxi Van 2015-2026 EU,Fiat,Ducato,Van,2015-2026,越野车,两厢车,通用标准：Van,,
EU,Fiat Ducato X290 l2h1 maxi Van 2019-2026 EU,Fiat,Ducato,Van,2019-2026,越野车,两厢车,通用标准：Van,,
EU,Fiat Ducato X290 l2h1 std Van 2015-2026 EU,Fiat,Ducato,Van,2015-2026,越野车,两厢车,通用标准：Van,,
EU,Fiat Ducato X290 l2h1 std Van 2019-2026 EU,Fiat,Ducato,Van,2019-2026,越野车,两厢车,通用标准：Van,,
EU,Fiat Ducato X290 l2h2 Van 2014-2026 EU,Fiat,Ducato,Van,2014-2026,越野车,两厢车,通用标准：Van,,
EU,Fiat Ducato X290 l2h2 Van 2019-2026 EU,Fiat,Ducato,Van,2019-2026,越野车,两厢车,通用标准：Van,,
EU,Fiat Ducato X290 l2h2 maxi Van 2015-2026 EU,Fiat,Ducato,Van,2015-2026,越野车,两厢车,通用标准：Van,,
EU,Fiat Ducato X290 l2h2 maxi Van 2019-2026 EU,Fiat,Ducato,Van,2019-2026,越野车,两厢车,通用标准：Van,,
EU,Fiat Ducato X290 l2h2 std Van 2015-2026 EU,Fiat,Ducato,Van,2015-2026,越野车,两厢车,通用标准：Van,,
EU,Fiat Ducato X290 l3h2 Van 2015-2026 EU,Fiat,Ducato,Van,2015-2026,越野车,两厢车,通用标准：Van,,
EU,Fiat Ducato X290 l3h2 maxi Van 2015-2026 EU,Fiat,Ducato,Van,2015-2026,越野车,两厢车,通用标准：Van,,
EU,Fiat Ducato X290 l3h2 maxi Van 2019-2026 EU,Fiat,Ducato,Van,2019-2026,越野车,两厢车,通用标准：Van,,
EU,Fiat Ducato X290 l3h2 std Van 2015-2026 EU,Fiat,Ducato,Van,2015-2026,越野车,两厢车,通用标准：Van,,
EU,Fiat Ducato X290 l3h2 std Van 2019-2026 EU,Fiat,Ducato,Van,2019-2026,越野车,两厢车,通用标准：Van,,
EU,Fiat Ducato X290 l3h3 Van 2015-2026 EU,Fiat,Ducato,Van,2015-2026,越野车,两厢车,通用标准：Van,,
EU,Fiat Ducato X290 l3h3 maxi Van 2015-2026 EU,Fiat,Ducato,Van,2015-2026,越野车,两厢车,通用标准：Van,,
EU,Fiat Ducato X290 l3h3 maxi Van 2019-2026 EU,Fiat,Ducato,Van,2019-2026,越野车,两厢车,通用标准：Van,,
EU,Fiat Ducato X290 l3h3 std Van 2015-2026 EU,Fiat,Ducato,Van,2015-2026,越野车,两厢车,通用标准：Van,,
EU,Fiat Ducato X290 l3h3 std Van 2019-2026 EU,Fiat,Ducato,Van,2019-2026,越野车,两厢车,通用标准：Van,,
EU,Fiat Ducato X290 l4h2 Van 2015-2026 EU,Fiat,Ducato,Van,2015-2026,越野车,两厢车,通用标准：Van,,
EU,Fiat Ducato X290 l4h2 maxi Van 2015-2026 EU,Fiat,Ducato,Van,2015-2026,越野车,两厢车,通用标准：Van,,
EU,Fiat Ducato X290 l4h2 maxi Van 2019-2026 EU,Fiat,Ducato,Van,2019-2026,越野车,两厢车,通用标准：Van,,
EU,Fiat Ducato X290 l4h2 std Van 2015-2026 EU,Fiat,Ducato,Van,2015-2026,越野车,两厢车,通用标准：Van,,
EU,Fiat Ducato X290 l4h2 std Van 2019-2026 EU,Fiat,Ducato,Van,2019-2026,越野车,两厢车,通用标准：Van,,
EU,Fiat Ducato X290 l4h3 maxi Van 2015-2026 EU,Fiat,Ducato,Van,2015-2026,越野车,两厢车,通用标准：Van,,
EU,Fiat Ducato X290 l4h3 maxi Van 2019-2026 EU,Fiat,Ducato,Van,2019-2026,越野车,两厢车,通用标准：Van,,
EU,Fiat Ducato X290 l4h3 std Van 2015-2026 EU,Fiat,Ducato,Van,2015-2026,越野车,两厢车,通用标准：Van,,
EU,Fiat Ducato X290 l4h3 std Van 2019-2026 EU,Fiat,Ducato,Van,2019-2026,越野车,两厢车,通用标准：Van,,
EU,Fiat Ducato panorama 280 MPV 1982-1985 EU,Fiat,Ducato panorama,MPV,1982-1985,越野车,两厢车,通用标准：MPV,,
EU,Fiat Ducato panorama 280 MPV 1986-1990 EU,Fiat,Ducato panorama,MPV,1986-1990,越野车,两厢车,通用标准：MPV,,
EU,Fiat Ducato panorama 280 MPV 1987-1990 EU,Fiat,Ducato panorama,MPV,1987-1990,越野车,两厢车,通用标准：MPV,,
EU,Fiat Ducato panorama 280 MPV 1988-1990 EU,Fiat,Ducato panorama,MPV,1988-1990,越野车,两厢车,通用标准：MPV,,
EU,Fiat Ducato panorama 280 Van 1982-1988 EU,Fiat,Ducato panorama,Van,1982-1988,越野车,两厢车,通用标准：Van,,
EU,Fiat Ducato panorama 290 L4765 W1965 H2100 Van 1990-1994 EU,Fiat,Ducato panorama,Van,1990-1994,越野车,两厢车,通用标准：Van,,
EU,Fiat Ducato panorama 290 L4765 W1965 H2145 Van 1990-1994 EU,Fiat,Ducato panorama,Van,1990-1994,越野车,两厢车,通用标准：Van,,
EU,Fiat Ducato panorama 290 MPV 1986-1990 EU,Fiat,Ducato panorama,MPV,1986-1990,越野车,两厢车,通用标准：MPV,,
EU,Fiat Ducato panorama 290 MPV 1987-1990 EU,Fiat,Ducato panorama,MPV,1987-1990,越野车,两厢车,通用标准：MPV,,
EU,Fiat Ducato panorama 290 MPV 1988-1990 EU,Fiat,Ducato panorama,MPV,1988-1990,越野车,两厢车,通用标准：MPV,,
EU,Fiat Ducato panorama 290 MPV 1989-1990 EU,Fiat,Ducato panorama,MPV,1989-1990,越野车,两厢车,通用标准：MPV,,
EU,Fiat Ducato panorama 290 MPV 1990-1994 EU,Fiat,Ducato panorama,MPV,1990-1994,越野车,两厢车,通用标准：MPV,,
EU,Fiat Ducato panorama 290 Van 1991-1994 EU,Fiat,Ducato panorama,Van,1991-1994,越野车,两厢车,通用标准：Van,,
EU,Fiat Ducato panorama 290 l1h1 MPV 1990-1994 EU,Fiat,Ducato panorama,MPV,1990-1994,越野车,两厢车,通用标准：MPV,,
EU,Fiat Ducato panorama 290 l1h2 MPV 1990-1994 EU,Fiat,Ducato panorama,MPV,1990-1994,越野车,两厢车,通用标准：MPV,,
EU,Fiat Duna 146B Wagon 1987-1991 EU,Fiat,Duna,Wagon,1987-1991,三厢车,两厢车,通用标准：Wagon,,
EU,Fiat Fiorino 146 Van 1987-1993 EU,Fiat,Fiorino,Van,1987-1993,越野车,两厢车,通用标准：Van,,
EU,Fiat Fiorino 146 Van 1988-1992 EU,Fiat,Fiorino,Van,1988-1992,越野车,两厢车,通用标准：Van,,
EU,Fiat Fiorino 146 Van 1988-1993 EU,Fiat,Fiorino,Van,1988-1993,越野车,两厢车,通用标准：Van,,
EU,Fiat Fiorino 146 Van 1988-1994 EU,Fiat,Fiorino,Van,1988-1994,越野车,两厢车,通用标准：Van,,
EU,Fiat Fiorino 146 Van 1988-1996 EU,Fiat,Fiorino,Van,1988-1996,越野车,两厢车,通用标准：Van,,
EU,Fiat Fiorino 146 Van 1988-2000 EU,Fiat,Fiorino,Van,1988-2000,越野车,两厢车,通用标准：Van,,
EU,Fiat Fiorino 146 Van 1993-2000 EU,Fiat,Fiorino,Van,1993-2000,越野车,两厢车,通用标准：Van,,
EU,Fiat Fiorino 146 Van 1993-2001 EU,Fiat,Fiorino,Van,1993-2001,越野车,两厢车,通用标准：Van,,
EU,Fiat Fiorino 146 Van 1994-2001 EU,Fiat,Fiorino,Van,1994-2001,越野车,两厢车,通用标准：Van,,
EU,Fiat Fiorino 146 Van 1996-2000 EU,Fiat,Fiorino,Van,1996-2000,越野车,两厢车,通用标准：Van,,
EU,Fiat Fiorino 147 Van 1977-1986 EU,Fiat,Fiorino,Van,1977-1986,越野车,两厢车,通用标准：Van,,
EU,Fiat Fiorino 147 Van 1980-1987 EU,Fiat,Fiorino,Van,1980-1987,越野车,两厢车,通用标准：Van,,
EU,Fiat Fiorino 147 Van 1982-1988 EU,Fiat,Fiorino,Van,1982-1988,越野车,两厢车,通用标准：Van,,
EU,Fiat Fiorino 147 Van 1986-1988 EU,Fiat,Fiorino,Van,1986-1988,越野车,两厢车,通用标准：Van,,
EU,Fiat Fiorino 147 Van 1996-2000 EU,Fiat,Fiorino,Van,1996-2000,越野车,两厢车,通用标准：Van,,
EU,Fiat Fiorino 225 MPV 2007-2026 EU,Fiat,Fiorino,MPV,2007-2026,越野车,两厢车,通用标准：MPV,,
EU,Fiat Fiorino 225 MPV 2008-2026 EU,Fiat,Fiorino,MPV,2008-2026,越野车,两厢车,通用标准：MPV,,
EU,Fiat Fiorino 225 MPV 2009-2026 EU,Fiat,Fiorino,MPV,2009-2026,越野车,两厢车,通用标准：MPV,,
EU,Fiat Fiorino 225 MPV 2011-2026 EU,Fiat,Fiorino,MPV,2011-2026,越野车,两厢车,通用标准：MPV,,
EU,Fiat Fiorino 225 MPV 2014-2026 EU,Fiat,Fiorino,MPV,2014-2026,越野车,两厢车,通用标准：MPV,,
EU,Fiat Fiorino 225 MPV 2015-2026 EU,Fiat,Fiorino,MPV,2015-2026,越野车,两厢车,通用标准：MPV,,
EU,Fiat Fiorino 225 MPV 2016-2026 EU,Fiat,Fiorino,MPV,2016-2026,越野车,两厢车,通用标准：MPV,,
EU,Fiat Fiorino 225 Van 2008-2026 EU,Fiat,Fiorino,Van,2008-2026,越野车,两厢车,通用标准：Van,,
EU,Fiat Fiorino 225 Van 2009-2026 EU,Fiat,Fiorino,Van,2009-2026,越野车,两厢车,通用标准：Van,,
EU,Fiat Fiorino 225 Van 2010-2012 EU,Fiat,Fiorino,Van,2010-2012,越野车,两厢车,通用标准：Van,,
EU,Fiat Fiorino 225 Van 2015-2026 EU,Fiat,Fiorino,Van,2015-2026,越野车,两厢车,通用标准：Van,,
EU,Fiat Fiorino MPV 2008-2026 EU,Fiat,Fiorino,MPV,2008-2026,越野车,两厢车,通用标准：MPV,,
EU,Fiat Fiorino MPV 2009-2026 EU,Fiat,Fiorino,MPV,2009-2026,越野车,两厢车,通用标准：MPV,,
EU,Fiat Fiorino Van 1997-2001 EU,Fiat,Fiorino,Van,1997-2001,越野车,两厢车,通用标准：Van,,
EU,Fiat Fiorino Van 2007-2026 EU,Fiat,Fiorino,Van,2007-2026,越野车,两厢车,通用标准：Van,,
EU,Fiat Fiorino Van 2008-2026 EU,Fiat,Fiorino,Van,2008-2026,越野车,两厢车,通用标准：Van,,
EU,Fiat Fiorino cargo facelift Van 2009-2026 EU,Fiat,Fiorino,Van,2009-2026,越野车,两厢车,通用标准：Van,,
EU,Fiat Fiorino cargo prefl Van 2009-2026 EU,Fiat,Fiorino,Van,2009-2026,越野车,两厢车,通用标准：Van,,
EU,Fiat Freemont JC MPV 2011-2015 EU,Fiat,Freemont,MPV,2011-2015,越野车,两厢车,通用标准：MPV,,
EU,Fiat Freemont L4888 W1878 H1691 MPV 2011-2015 EU,Fiat,Freemont,MPV,2011-2015,越野车,两厢车,通用标准：MPV,,
EU,Fiat Freemont L4890 W1880 H1690 MPV 2011-2015 EU,Fiat,Freemont,MPV,2011-2015,越野车,两厢车,通用标准：MPV,,
EU,Fiat Freemont MPV 2011-2016 EU,Fiat,Freemont,MPV,2011-2016,越野车,两厢车,通用标准：MPV,,
EU,Fiat Idea 350 MPV 2003-2026 EU,Fiat,Idea,MPV,2003-2026,越野车,两厢车,通用标准：MPV,,
EU,Fiat Idea 350 MPV 2004-2010 EU,Fiat,Idea,MPV,2004-2010,越野车,两厢车,通用标准：MPV,,
EU,Fiat Idea 350 MPV 2004-2011 EU,Fiat,Idea,MPV,2004-2011,越野车,两厢车,通用标准：MPV,,
EU,Fiat Idea 350 MPV 2004-2012 EU,Fiat,Idea,MPV,2004-2012,越野车,两厢车,通用标准：MPV,,
EU,Fiat Idea 350 MPV 2004-2026 EU,Fiat,Idea,MPV,2004-2026,越野车,两厢车,通用标准：MPV,,
EU,Fiat Idea 350 MPV 2005-2010 EU,Fiat,Idea,MPV,2005-2010,越野车,两厢车,通用标准：MPV,,
EU,Fiat Idea 350 MPV 2005-2026 EU,Fiat,Idea,MPV,2005-2026,越野车,两厢车,通用标准：MPV,,
EU,Fiat Idea 350 MPV 2008-2012 EU,Fiat,Idea,MPV,2008-2012,越野车,两厢车,通用标准：MPV,,
EU,Fiat Idea 350 MPV 2008-2026 EU,Fiat,Idea,MPV,2008-2026,越野车,两厢车,通用标准：MPV,,
EU,Fiat Idea 350 MPV 2009-2026 EU,Fiat,Idea,MPV,2009-2026,越野车,两厢车,通用标准：MPV,,
EU,Fiat Marea 185 L4484 W1741 H1495 Wagon 1996-1999 EU,Fiat,Marea,Wagon,1996-1999,三厢车,两厢车,通用标准：Wagon,,
EU,Fiat Marea 185 L4484 W1741 H1500 Wagon 1996-1999 EU,Fiat,Marea,Wagon,1996-1999,三厢车,两厢车,通用标准：Wagon,,
EU,Fiat Marea 185 L4485 W1740 H1510 Wagon 2000-2002 EU,Fiat,Marea,Wagon,2000-2002,三厢车,两厢车,通用标准：Wagon,,
EU,Fiat Marea 185 L4487 W1741 H1500 Wagon 2000-2002 EU,Fiat,Marea,Wagon,2000-2002,三厢车,两厢车,通用标准：Wagon,,
EU,Fiat Marea 185 Wagon 1996-2002 EU,Fiat,Marea,Wagon,1996-2002,三厢车,两厢车,通用标准：Wagon,,
EU,Fiat Marea 185 Wagon 1996-2003 EU,Fiat,Marea,Wagon,1996-2003,三厢车,两厢车,通用标准：Wagon,,
EU,Fiat Marea 185 Wagon 1998-2002 EU,Fiat,Marea,Wagon,1998-2002,三厢车,两厢车,通用标准：Wagon,,
EU,Fiat Marea 185 Wagon 1999-2002 EU,Fiat,Marea,Wagon,1999-2002,三厢车,两厢车,通用标准：Wagon,,
EU,Fiat Marea 185 Wagon 1999-2003 EU,Fiat,Marea,Wagon,1999-2003,三厢车,两厢车,通用标准：Wagon,,
EU,Fiat Marea 185 Wagon 2001-2002 EU,Fiat,Marea,Wagon,2001-2002,三厢车,两厢车,通用标准：Wagon,,
EU,Fiat Marea 185 facelift Wagon 1996-2002 EU,Fiat,Marea,Wagon,1996-2002,三厢车,两厢车,通用标准：Wagon,,
EU,Fiat Multipla 186 MPV 1999-2000 EU,Fiat,Multipla,MPV,1999-2000,越野车,两厢车,通用标准：MPV,,
EU,Fiat Multipla 186 MPV 1999-2004 EU,Fiat,Multipla,MPV,1999-2004,越野车,两厢车,通用标准：MPV,,
EU,Fiat Multipla 186 MPV 2000-2002 EU,Fiat,Multipla,MPV,2000-2002,越野车,两厢车,通用标准：MPV,,
EU,Fiat Multipla 186 MPV 2001-2002 EU,Fiat,Multipla,MPV,2001-2002,越野车,两厢车,通用标准：MPV,,
EU,Fiat Multipla 186 MPV 2004-2010 EU,Fiat,Multipla,MPV,2004-2010,越野车,两厢车,通用标准：MPV,,
EU,Fiat Multipla 186 facelift L4089 W1871 H1695 MPV 2001-2010 EU,Fiat,Multipla,MPV,2001-2010,越野车,两厢车,通用标准：MPV,,
EU,Fiat Multipla 186 facelift L4089 W1871 H1721 MPV 2001-2010 EU,Fiat,Multipla,MPV,2001-2010,越野车,两厢车,通用标准：MPV,,
EU,Fiat Multipla 186 facelift MPV 2000-2010 EU,Fiat,Multipla,MPV,2000-2010,越野车,两厢车,通用标准：MPV,,
EU,Fiat Multipla 186 facelift MPV 2001-2005 EU,Fiat,Multipla,MPV,2001-2005,越野车,两厢车,通用标准：MPV,,
EU,Fiat Multipla 186 facelift MPV 2002-2010 EU,Fiat,Multipla,MPV,2002-2010,越野车,两厢车,通用标准：MPV,,
EU,Fiat Multipla 186 prefl MPV 2000-2010 EU,Fiat,Multipla,MPV,2000-2010,越野车,两厢车,通用标准：MPV,,
EU,Fiat Multipla 186 prefl MPV 2001-2005 EU,Fiat,Multipla,MPV,2001-2005,越野车,两厢车,通用标准：MPV,,
EU,Fiat Multipla 186 prefl MPV 2001-2010 EU,Fiat,Multipla,MPV,2001-2010,越野车,两厢车,通用标准：MPV,,
EU,Fiat Multipla 186 prefl MPV 2002-2010 EU,Fiat,Multipla,MPV,2002-2010,越野车,两厢车,通用标准：MPV,,
EU,Fiat Palio 178 Wagon 2000-2003 EU,Fiat,Palio,Wagon,2000-2003,三厢车,两厢车,通用标准：Wagon,,
EU,Fiat Palio 178 Wagon 2001-2004 EU,Fiat,Palio,Wagon,2001-2004,三厢车,两厢车,通用标准：Wagon,,
EU,Fiat Palio 178 Wagon 2001-2026 EU,Fiat,Palio,Wagon,2001-2026,三厢车,两厢车,通用标准：Wagon,,
EU,Fiat Palio 178DX Wagon 1996-2001 EU,Fiat,Palio,Wagon,1996-2001,三厢车,两厢车,通用标准：Wagon,,
EU,Fiat Palio 178DX facelift Wagon 1996-2004 EU,Fiat,Palio,Wagon,1996-2004,三厢车,两厢车,通用标准：Wagon,,
EU,Fiat Palio 178DX facelift Wagon 1997-2004 EU,Fiat,Palio,Wagon,1997-2004,三厢车,两厢车,通用标准：Wagon,,
EU,Fiat Palio 178DX prefl Wagon 1996-2004 EU,Fiat,Palio,Wagon,1996-2004,三厢车,两厢车,通用标准：Wagon,,
EU,Fiat Palio 178DX prefl Wagon 1997-2004 EU,Fiat,Palio,Wagon,1997-2004,三厢车,两厢车,通用标准：Wagon,,
EU,Fiat Palio 178DX series2 Wagon 2001-2012 EU,Fiat,Palio,Wagon,2001-2012,三厢车,两厢车,通用标准：Wagon,,
EU,Fiat Palio 178DX series2 Wagon 2001-2026 EU,Fiat,Palio,Wagon,2001-2026,三厢车,两厢车,通用标准：Wagon,,
EU,Fiat Palio 178DX series3 Wagon 2001-2012 EU,Fiat,Palio,Wagon,2001-2012,三厢车,两厢车,通用标准：Wagon,,
EU,Fiat Palio 178DX series3 Wagon 2001-2026 EU,Fiat,Palio,Wagon,2001-2026,三厢车,两厢车,通用标准：Wagon,,
EU,Fiat Palio 178DX series4 Wagon 2001-2012 EU,Fiat,Palio,Wagon,2001-2012,三厢车,两厢车,通用标准：Wagon,,
EU,Fiat Palio 178DX series4 Wagon 2001-2026 EU,Fiat,Palio,Wagon,2001-2026,三厢车,两厢车,通用标准：Wagon,,
EU,Fiat Panda 141A L3408 W1494 H1420 Van 2000-2004 EU,Fiat,Panda,Van,2000-2004,越野车,两厢车,通用标准：Van,,
EU,Fiat Panda 141A L3435 W1500 H1485 Van 2000-2004 EU,Fiat,Panda,Van,2000-2004,越野车,两厢车,通用标准：Van,,
EU,Fiat Panda 169 Van 2004-2011 EU,Fiat,Panda,Van,2004-2011,越野车,两厢车,通用标准：Van,,
EU,Fiat Punto 188 3dr Van 2003-2005 EU,Fiat,Punto,Van,2003-2005,越野车,两厢车,通用标准：Van,,
EU,Fiat Punto 188 5dr Van 2003-2005 EU,Fiat,Punto,Van,2003-2005,越野车,两厢车,通用标准：Van,,
EU,Fiat Qubo 225 MPV 2008-2026 EU,Fiat,Qubo,MPV,2008-2026,越野车,两厢车,通用标准：MPV,,
EU,Fiat Qubo 225 facelift MPV 2009-2026 EU,Fiat,Qubo,MPV,2009-2026,越野车,两厢车,通用标准：MPV,,
EU,Fiat Qubo 225 facelift MPV 2015-2026 EU,Fiat,Qubo,MPV,2015-2026,越野车,两厢车,通用标准：MPV,,
EU,Fiat Qubo 225 prefl MPV 2009-2026 EU,Fiat,Qubo,MPV,2009-2026,越野车,两厢车,通用标准：MPV,,
EU,Fiat Qubo 225 prefl MPV 2015-2026 EU,Fiat,Qubo,MPV,2015-2026,越野车,两厢车,通用标准：MPV,,
EU,Fiat Qubo K9 lwb MPV 2026-2026 EU,Fiat,Qubo,MPV,2026-2026,越野车,两厢车,通用标准：MPV,,
EU,Fiat Qubo K9 swb MPV 2026-2026 EU,Fiat,Qubo,MPV,2026-2026,越野车,两厢车,通用标准：MPV,,
EU,Fiat Qubo MPV 2010-2026 EU,Fiat,Qubo,MPV,2010-2026,越野车,两厢车,通用标准：MPV,,
EU,Fiat Regata 138 Wagon 1984-1989 EU,Fiat,Regata,Wagon,1984-1989,三厢车,两厢车,通用标准：Wagon,,
EU,Fiat Regata 138 Wagon 1986-1989 EU,Fiat,Regata,Wagon,1986-1989,三厢车,两厢车,通用标准：Wagon,,
EU,Fiat Regata 138 Wagon 1987-1989 EU,Fiat,Regata,Wagon,1987-1989,三厢车,两厢车,通用标准：Wagon,,
EU,Fiat Regata Wagon 1984-1990 EU,Fiat,Regata,Wagon,1984-1990,三厢车,两厢车,通用标准：Wagon,,
EU,Fiat Scudo 220 lwb MPV 1996-2006 EU,Fiat,Scudo,MPV,1996-2006,越野车,两厢车,通用标准：MPV,,
EU,Fiat Scudo 220 lwb MPV 1998-2006 EU,Fiat,Scudo,MPV,1998-2006,越野车,两厢车,通用标准：MPV,,
EU,Fiat Scudo 220 lwb MPV 1999-2006 EU,Fiat,Scudo,MPV,1999-2006,越野车,两厢车,通用标准：MPV,,
EU,Fiat Scudo 220 lwb MPV 2000-2006 EU,Fiat,Scudo,MPV,2000-2006,越野车,两厢车,通用标准：MPV,,
EU,Fiat Scudo 220 lwb MPV 2004-2006 EU,Fiat,Scudo,MPV,2004-2006,越野车,两厢车,通用标准：MPV,,
EU,Fiat Scudo 220 lwb Van 1996-2006 EU,Fiat,Scudo,Van,1996-2006,越野车,两厢车,通用标准：Van,,
EU,Fiat Scudo 220 lwb Van 1998-2006 EU,Fiat,Scudo,Van,1998-2006,越野车,两厢车,通用标准：Van,,
EU,Fiat Scudo 220 lwb Van 1999-2006 EU,Fiat,Scudo,Van,1999-2006,越野车,两厢车,通用标准：Van,,
EU,Fiat Scudo 220 lwb Van 2000-2006 EU,Fiat,Scudo,Van,2000-2006,越野车,两厢车,通用标准：Van,,
EU,Fiat Scudo 220 lwb Van 2002-2006 EU,Fiat,Scudo,Van,2002-2006,越野车,两厢车,通用标准：Van,,
EU,Fiat Scudo 220 swb MPV 1996-2006 EU,Fiat,Scudo,MPV,1996-2006,越野车,两厢车,通用标准：MPV,,
EU,Fiat Scudo 220 swb MPV 1998-2006 EU,Fiat,Scudo,MPV,1998-2006,越野车,两厢车,通用标准：MPV,,
EU,Fiat Scudo 220 swb MPV 1999-2006 EU,Fiat,Scudo,MPV,1999-2006,越野车,两厢车,通用标准：MPV,,
EU,Fiat Scudo 220 swb MPV 2000-2006 EU,Fiat,Scudo,MPV,2000-2006,越野车,两厢车,通用标准：MPV,,
EU,Fiat Scudo 220 swb MPV 2004-2006 EU,Fiat,Scudo,MPV,2004-2006,越野车,两厢车,通用标准：MPV,,
EU,Fiat Scudo 220 swb Van 1996-2006 EU,Fiat,Scudo,Van,1996-2006,越野车,两厢车,通用标准：Van,,
EU,Fiat Scudo 220 swb Van 1998-2006 EU,Fiat,Scudo,Van,1998-2006,越野车,两厢车,通用标准：Van,,
EU,Fiat Scudo 220 swb Van 1999-2006 EU,Fiat,Scudo,Van,1999-2006,越野车,两厢车,通用标准：Van,,
EU,Fiat Scudo 220 swb Van 2000-2006 EU,Fiat,Scudo,Van,2000-2006,越野车,两厢车,通用标准：Van,,
EU,Fiat Scudo 220 swb Van 2002-2006 EU,Fiat,Scudo,Van,2002-2006,越野车,两厢车,通用标准：Van,,
EU,Fiat Scudo 222 MPV 1996-1998 EU,Fiat,Scudo,MPV,1996-1998,越野车,两厢车,通用标准：MPV,,
EU,Fiat Scudo 222 MPV 1996-2006 EU,Fiat,Scudo,MPV,1996-2006,越野车,两厢车,通用标准：MPV,,
EU,Fiat Scudo 270 MPV 2011-2016 EU,Fiat,Scudo,MPV,2011-2016,越野车,两厢车,通用标准：MPV,,
EU,Fiat Scudo 507 maxi Van 2025-2026 EU,Fiat,Scudo,Van,2025-2026,越野车,两厢车,通用标准：Van,,
EU,Fiat Scudo 507 standard Van 2025-2026 EU,Fiat,Scudo,Van,2025-2026,越野车,两厢车,通用标准：Van,,
EU,Fiat Scudo Van 2007-2016 EU,Fiat,Scudo,Van,2007-2016,越野车,两厢车,通用标准：Van,,
EU,Fiat Scudo l1h1 Van 2007-2016 EU,Fiat,Scudo,Van,2007-2016,越野车,两厢车,通用标准：Van,,
EU,Fiat Scudo l1h1 Van 2010-2016 EU,Fiat,Scudo,Van,2010-2016,越野车,两厢车,通用标准：Van,,
EU,Fiat Scudo l2h1 Van 2007-2016 EU,Fiat,Scudo,Van,2007-2016,越野车,两厢车,通用标准：Van,,
EU,Fiat Scudo l2h1 Van 2010-2016 EU,Fiat,Scudo,Van,2010-2016,越野车,两厢车,通用标准：Van,,
EU,Fiat Scudo l2h2 Van 2007-2016 EU,Fiat,Scudo,Van,2007-2016,越野车,两厢车,通用标准：Van,,
EU,Fiat Scudo l2h2 Van 2010-2016 EU,Fiat,Scudo,Van,2010-2016,越野车,两厢车,通用标准：Van,,
EU,Fiat Scudo lwb MPV 2007-2016 EU,Fiat,Scudo,MPV,2007-2016,越野车,两厢车,通用标准：MPV,,
EU,Fiat Scudo lwb MPV 2010-2016 EU,Fiat,Scudo,MPV,2010-2016,越野车,两厢车,通用标准：MPV,,
EU,Fiat Scudo lwb MPV 2011-2016 EU,Fiat,Scudo,MPV,2011-2016,越野车,两厢车,通用标准：MPV,,
EU,Fiat Scudo lwb highroof Van 2007-2016 EU,Fiat,Scudo,Van,2007-2016,越野车,两厢车,通用标准：Van,,
EU,Fiat Scudo lwb highroof Van 2011-2016 EU,Fiat,Scudo,Van,2011-2016,越野车,两厢车,通用标准：Van,,
EU,Fiat Scudo lwb lowroof Van 2011-2016 EU,Fiat,Scudo,Van,2011-2016,越野车,两厢车,通用标准：Van,,
EU,Fiat Scudo maxi facelift Van 2022-2025 EU,Fiat,Scudo,Van,2022-2025,越野车,两厢车,通用标准：Van,,
EU,Fiat Scudo maxi facelift Van 2022-2026 EU,Fiat,Scudo,Van,2022-2026,越野车,两厢车,通用标准：Van,,
EU,Fiat Scudo maxi facelift Van 2023-2026 EU,Fiat,Scudo,Van,2023-2026,越野车,两厢车,通用标准：Van,,
EU,Fiat Scudo maxi facelift Van 2024-2025 EU,Fiat,Scudo,Van,2024-2025,越野车,两厢车,通用标准：Van,,
EU,Fiat Scudo maxi facelift Van 2025-2026 EU,Fiat,Scudo,Van,2025-2026,越野车,两厢车,通用标准：Van,,
EU,Fiat Scudo maxi prefl Van 2022-2023 EU,Fiat,Scudo,Van,2022-2023,越野车,两厢车,通用标准：Van,,
EU,Fiat Scudo maxi prefl Van 2022-2025 EU,Fiat,Scudo,Van,2022-2025,越野车,两厢车,通用标准：Van,,
EU,Fiat Scudo maxi prefl Van 2022-2026 EU,Fiat,Scudo,Van,2022-2026,越野车,两厢车,通用标准：Van,,
EU,Fiat Scudo standard facelift Van 2022-2025 EU,Fiat,Scudo,Van,2022-2025,越野车,两厢车,通用标准：Van,,
EU,Fiat Scudo standard facelift Van 2022-2026 EU,Fiat,Scudo,Van,2022-2026,越野车,两厢车,通用标准：Van,,
EU,Fiat Scudo standard facelift Van 2023-2026 EU,Fiat,Scudo,Van,2023-2026,越野车,两厢车,通用标准：Van,,
EU,Fiat Scudo standard facelift Van 2024-2025 EU,Fiat,Scudo,Van,2024-2025,越野车,两厢车,通用标准：Van,,
EU,Fiat Scudo standard facelift Van 2025-2026 EU,Fiat,Scudo,Van,2025-2026,越野车,两厢车,通用标准：Van,,
EU,Fiat Scudo standard prefl Van 2022-2023 EU,Fiat,Scudo,Van,2022-2023,越野车,两厢车,通用标准：Van,,
EU,Fiat Scudo standard prefl Van 2022-2025 EU,Fiat,Scudo,Van,2022-2025,越野车,两厢车,通用标准：Van,,
EU,Fiat Scudo standard prefl Van 2022-2026 EU,Fiat,Scudo,Van,2022-2026,越野车,两厢车,通用标准：Van,,
EU,Fiat Scudo swb MPV 2007-2016 EU,Fiat,Scudo,MPV,2007-2016,越野车,两厢车,通用标准：MPV,,
EU,Fiat Scudo swb MPV 2010-2016 EU,Fiat,Scudo,MPV,2010-2016,越野车,两厢车,通用标准：MPV,,
EU,Fiat Scudo swb MPV 2011-2016 EU,Fiat,Scudo,MPV,2011-2016,越野车,两厢车,通用标准：MPV,,
EU,Fiat Scudo swb lowroof Van 2011-2016 EU,Fiat,Scudo,Van,2011-2016,越野车,两厢车,通用标准：Van,,
EU,Fiat Stilo 192 Wagon 2001-2005 EU,Fiat,Stilo,Wagon,2001-2005,三厢车,两厢车,通用标准：Wagon,,
EU,Fiat Stilo 192 Wagon 2003-2005 EU,Fiat,Stilo,Wagon,2003-2005,三厢车,两厢车,通用标准：Wagon,,
EU,Fiat Stilo 192 Wagon 2003-2008 EU,Fiat,Stilo,Wagon,2003-2008,三厢车,两厢车,通用标准：Wagon,,
EU,Fiat Stilo 192 Wagon 2004-2008 EU,Fiat,Stilo,Wagon,2004-2008,三厢车,两厢车,通用标准：Wagon,,
EU,Fiat Stilo 192 Wagon 2005-2007 EU,Fiat,Stilo,Wagon,2005-2007,三厢车,两厢车,通用标准：Wagon,,
EU,Fiat Stilo 192 Wagon 2005-2008 EU,Fiat,Stilo,Wagon,2005-2008,三厢车,两厢车,通用标准：Wagon,,
EU,Fiat Talento 290 Bus 1989-1994 EU,Fiat,Talento,Bus,1989-1994,越野车,两厢车,通用标准：Bus,,
EU,Fiat Talento 296 lwb MPV 2016-2026 EU,Fiat,Talento,MPV,2016-2026,越野车,两厢车,通用标准：MPV,,
EU,Fiat Talento 296 lwb MPV 2018-2026 EU,Fiat,Talento,MPV,2018-2026,越野车,两厢车,通用标准：MPV,,
EU,Fiat Talento 296 lwb highroof Van 2016-2026 EU,Fiat,Talento,Van,2016-2026,越野车,两厢车,通用标准：Van,,
EU,Fiat Talento 296 lwb lowroof Van 2016-2026 EU,Fiat,Talento,Van,2016-2026,越野车,两厢车,通用标准：Van,,
EU,Fiat Talento 296 swb MPV 2016-2026 EU,Fiat,Talento,MPV,2016-2026,越野车,两厢车,通用标准：MPV,,
EU,Fiat Talento 296 swb MPV 2018-2026 EU,Fiat,Talento,MPV,2018-2026,越野车,两厢车,通用标准：MPV,,
EU,Fiat Talento 296 swb highroof Van 2016-2026 EU,Fiat,Talento,Van,2016-2026,越野车,两厢车,通用标准：Van,,
EU,Fiat Talento 296 swb lowroof Van 2016-2026 EU,Fiat,Talento,Van,2016-2026,越野车,两厢车,通用标准：Van,,
EU,Fiat Talento X82 l1h1 Van 2019-2026 EU,Fiat,Talento,Van,2019-2026,越野车,两厢车,通用标准：Van,,
EU,Fiat Talento X82 l1h2 Van 2019-2026 EU,Fiat,Talento,Van,2019-2026,越野车,两厢车,通用标准：Van,,
EU,Fiat Talento X82 l2h1 Van 2019-2026 EU,Fiat,Talento,Van,2019-2026,越野车,两厢车,通用标准：Van,,
EU,Fiat Talento X82 l2h2 Van 2019-2026 EU,Fiat,Talento,Van,2019-2026,越野车,两厢车,通用标准：Van,,
EU,Fiat Tempra 159 Van 1991-1993 EU,Fiat,Tempra,Van,1991-1993,越野车,两厢车,通用标准：Van,,
EU,Fiat Tempra 159 Van 1993-1996 EU,Fiat,Tempra,Van,1993-1996,越野车,两厢车,通用标准：Van,,
EU,Fiat Tempra 159 Wagon 1990-1996 EU,Fiat,Tempra,Wagon,1990-1996,三厢车,两厢车,通用标准：Wagon,,
EU,Fiat Tempra 159 Wagon 1991-1995 EU,Fiat,Tempra,Wagon,1991-1995,三厢车,两厢车,通用标准：Wagon,,
EU,Fiat Tempra 159 Wagon 1992-1993 EU,Fiat,Tempra,Wagon,1992-1993,三厢车,两厢车,通用标准：Wagon,,
EU,Fiat Tempra 159 Wagon 1992-1995 EU,Fiat,Tempra,Wagon,1992-1995,三厢车,两厢车,通用标准：Wagon,,
EU,Fiat Tempra 159 Wagon 1992-1996 EU,Fiat,Tempra,Wagon,1992-1996,三厢车,两厢车,通用标准：Wagon,,
EU,Fiat Tempra 159 Wagon 1993-1996 EU,Fiat,Tempra,Wagon,1993-1996,三厢车,两厢车,通用标准：Wagon,,
EU,Fiat Tempra 159 Wagon 1994-1996 EU,Fiat,Tempra,Wagon,1994-1996,三厢车,两厢车,通用标准：Wagon,,
EU,Fiat Tempra Wagon 1990-1993 EU,Fiat,Tempra,Wagon,1990-1993,三厢车,两厢车,通用标准：Wagon,,
EU,Fiat Tipo 357 Wagon 2016-2020 EU,Fiat,Tipo,Wagon,2016-2020,三厢车,两厢车,通用标准：Wagon,,
EU,Fiat Tipo 357 Wagon 2016-2026 EU,Fiat,Tipo,Wagon,2016-2026,三厢车,两厢车,通用标准：Wagon,,
EU,Fiat Tipo 357 Wagon 2020-2026 EU,Fiat,Tipo,Wagon,2020-2026,三厢车,两厢车,通用标准：Wagon,,
EU,Fiat Tipo 357 Wagon 2022-2026 EU,Fiat,Tipo,Wagon,2022-2026,三厢车,两厢车,通用标准：Wagon,,
EU,Fiat Ulysse 179 MPV 2002-2006 EU,Fiat,Ulysse,MPV,2002-2006,越野车,两厢车,通用标准：MPV,,
EU,Fiat Ulysse 179 MPV 2002-2011 EU,Fiat,Ulysse,MPV,2002-2011,越野车,两厢车,通用标准：MPV,,
EU,Fiat Ulysse 179 MPV 2003-2006 EU,Fiat,Ulysse,MPV,2003-2006,越野车,两厢车,通用标准：MPV,,
EU,Fiat Ulysse 179 MPV 2008-2011 EU,Fiat,Ulysse,MPV,2008-2011,越野车,两厢车,通用标准：MPV,,
EU,Fiat Ulysse 179 facelift MPV 2006-2011 EU,Fiat,Ulysse,MPV,2006-2011,越野车,两厢车,通用标准：MPV,,
EU,Fiat Ulysse 179 prefl MPV 2006-2011 EU,Fiat,Ulysse,MPV,2006-2011,越野车,两厢车,通用标准：MPV,,
EU,Fiat Ulysse 220 MPV 1994-2002 EU,Fiat,Ulysse,MPV,1994-2002,越野车,两厢车,通用标准：MPV,,
EU,Fiat Ulysse 220 MPV 1995-2002 EU,Fiat,Ulysse,MPV,1995-2002,越野车,两厢车,通用标准：MPV,,
EU,Fiat Ulysse 220 MPV 1996-1999 EU,Fiat,Ulysse,MPV,1996-1999,越野车,两厢车,通用标准：MPV,,
EU,Fiat Ulysse 220 MPV 1997-1999 EU,Fiat,Ulysse,MPV,1997-1999,越野车,两厢车,通用标准：MPV,,
EU,Fiat Ulysse 220 MPV 1997-2002 EU,Fiat,Ulysse,MPV,1997-2002,越野车,两厢车,通用标准：MPV,,
EU,Fiat Ulysse 220 MPV 1998-2000 EU,Fiat,Ulysse,MPV,1998-2000,越野车,两厢车,通用标准：MPV,,
EU,Fiat Ulysse 220 MPV 1999-2002 EU,Fiat,Ulysse,MPV,1999-2002,越野车,两厢车,通用标准：MPV,,
EU,Fiat Ulysse 220 MPV 2000-2002 EU,Fiat,Ulysse,MPV,2000-2002,越野车,两厢车,通用标准：MPV,,
EU,Fiat Ulysse MPV 2008-2011 EU,Fiat,Ulysse,MPV,2008-2011,越野车,两厢车,通用标准：MPV,,
EU,Fiat Ulysse long MPV 2022-2023 EU,Fiat,Ulysse,MPV,2022-2023,越野车,两厢车,通用标准：MPV,,
EU,Fiat Ulysse long MPV 2023-2026 EU,Fiat,Ulysse,MPV,2023-2026,越野车,两厢车,通用标准：MPV,,
EU,Fiat Ulysse long MPV 2025-2026 EU,Fiat,Ulysse,MPV,2025-2026,越野车,两厢车,通用标准：MPV,,
EU,Fiat Ulysse long facelift MPV 2022-2025 EU,Fiat,Ulysse,MPV,2022-2025,越野车,两厢车,通用标准：MPV,,
EU,Fiat Ulysse long prefl MPV 2022-2025 EU,Fiat,Ulysse,MPV,2022-2025,越野车,两厢车,通用标准：MPV,,
EU,Fiat Ulysse standard MPV 2022-2023 EU,Fiat,Ulysse,MPV,2022-2023,越野车,两厢车,通用标准：MPV,,
EU,Fiat Ulysse standard MPV 2023-2026 EU,Fiat,Ulysse,MPV,2023-2026,越野车,两厢车,通用标准：MPV,,
EU,Fiat Ulysse standard MPV 2025-2026 EU,Fiat,Ulysse,MPV,2025-2026,越野车,两厢车,通用标准：MPV,,
EU,Fiat Ulysse standard facelift MPV 2022-2025 EU,Fiat,Ulysse,MPV,2022-2025,越野车,两厢车,通用标准：MPV,,
EU,Fiat Ulysse standard prefl MPV 2022-2025 EU,Fiat,Ulysse,MPV,2022-2025,越野车,两厢车,通用标准：MPV,,
EU,Ford B-Max B232 MPV 2012-2017 EU,Ford,B-Max,MPV,2012-2017,越野车,两厢车,通用标准：MPV,,
EU,Ford B-Max B232 MPV 2013-2017 EU,Ford,B-Max,MPV,2013-2017,越野车,两厢车,通用标准：MPV,,
EU,Ford B-Max B232 MPV 2015-2017 EU,Ford,B-Max,MPV,2015-2017,越野车,两厢车,通用标准：MPV,,
EU,Ford B-Max B232 MPV 2016-2017 EU,Ford,B-Max,MPV,2016-2017,越野车,两厢车,通用标准：MPV,,
EU,Ford C-Max C344 MPV 2010-2019 EU,Ford,C-Max,MPV,2010-2019,越野车,两厢车,通用标准：MPV,,
EU,Ford C-Max C344 facelift MPV 2010-2019 EU,Ford,C-Max,MPV,2010-2019,越野车,两厢车,通用标准：MPV,,
EU,Ford C-Max C344 facelift MPV 2011-2019 EU,Ford,C-Max,MPV,2011-2019,越野车,两厢车,通用标准：MPV,,
EU,Ford C-Max C344 prefl MPV 2011-2019 EU,Ford,C-Max,MPV,2011-2019,越野车,两厢车,通用标准：MPV,,
EU,Ford C-Max DM2 MPV 2007-2010 EU,Ford,C-Max,MPV,2007-2010,越野车,两厢车,通用标准：MPV,,
EU,Ford C-Max DM2 MPV 2008-2010 EU,Ford,C-Max,MPV,2008-2010,越野车,两厢车,通用标准：MPV,,
EU,Ford C-Max DM2 MPV 2009-2010 EU,Ford,C-Max,MPV,2009-2010,越野车,两厢车,通用标准：MPV,,
EU,Ford C-Max L4379 W1828 H1610 MPV 2015-2019 EU,Ford,C-Max,MPV,2015-2019,越野车,两厢车,通用标准：MPV,,
EU,Ford C-Max L4409 W1828 H1623 MPV 2015-2019 EU,Ford,C-Max,MPV,2015-2019,越野车,两厢车,通用标准：MPV,,
EU,Ford C-Max MPV 2007-2010 EU,Ford,C-Max,MPV,2007-2010,越野车,两厢车,通用标准：MPV,,
EU,Ford C-Max MPV 2018-2019 EU,Ford,C-Max,MPV,2018-2019,越野车,两厢车,通用标准：MPV,,
EU,Ford C-Max facelift MPV 2010-2019 EU,Ford,C-Max,MPV,2010-2019,越野车,两厢车,通用标准：MPV,,
EU,Ford C-Max facelift MPV 2011-2019 EU,Ford,C-Max,MPV,2011-2019,越野车,两厢车,通用标准：MPV,,
EU,Ford C-Max facelift MPV 2012-2019 EU,Ford,C-Max,MPV,2012-2019,越野车,两厢车,通用标准：MPV,,
EU,Ford C-Max prefl MPV 2010-2019 EU,Ford,C-Max,MPV,2010-2019,越野车,两厢车,通用标准：MPV,,
EU,Ford C-Max prefl MPV 2011-2019 EU,Ford,C-Max,MPV,2011-2019,越野车,两厢车,通用标准：MPV,,
EU,Ford C-Max prefl MPV 2012-2019 EU,Ford,C-Max,MPV,2012-2019,越野车,两厢车,通用标准：MPV,,
EU,Ford Consul Wagon 1972-1975 EU,Ford,Consul,Wagon,1972-1975,三厢车,两厢车,通用标准：Wagon,,
EU,Ford Courier MPV 1991-1996 EU,Ford,Courier,MPV,1991-1996,越野车,两厢车,通用标准：MPV,,
EU,Ford Courier MPV 1996-2002 EU,Ford,Courier,MPV,1996-2002,越野车,两厢车,通用标准：MPV,,
EU,Ford Courier MPV 1996-2003 EU,Ford,Courier,MPV,1996-2003,越野车,两厢车,通用标准：MPV,,
EU,Ford Courier Van 1991-1996 EU,Ford,Courier,Van,1991-1996,越野车,两厢车,通用标准：Van,,
EU,Ford Courier Van 1996-1999 EU,Ford,Courier,Van,1996-1999,越野车,两厢车,通用标准：Van,,
EU,Ford Courier Van 1996-2002 EU,Ford,Courier,Van,1996-2002,越野车,两厢车,通用标准：Van,,
EU,Ford Courier Van 1996-2003 EU,Ford,Courier,Van,1996-2003,越野车,两厢车,通用标准：Van,,
EU,Ford Courier Van 2000-2003 EU,Ford,Courier,Van,2000-2003,越野车,两厢车,通用标准：Van,,
EU,Ford Econovan Bus 1986-1992 EU,Ford,Econovan,Bus,1986-1992,越野车,两厢车,通用标准：Bus,,
EU,Ford Econovan KAA Van 1986-1992 EU,Ford,Econovan,Van,1986-1992,越野车,两厢车,通用标准：Van,,
EU,Ford Escort classic turnier ANL Wagon 1999-2000 EU,Ford,Escort classic turnier,Wagon,1999-2000,三厢车,两厢车,通用标准：Wagon,,
EU,Ford Escort i turnier Wagon 1968-1971 EU,Ford,Escort i turnier,Wagon,1968-1971,三厢车,两厢车,通用标准：Wagon,,
EU,Ford Escort i turnier Wagon 1970-1976 EU,Ford,Escort i turnier,Wagon,1970-1976,三厢车,两厢车,通用标准：Wagon,,
EU,Ford Escort ii turnier Wagon 1975-1979 EU,Ford,Escort ii turnier,Wagon,1975-1979,三厢车,两厢车,通用标准：Wagon,,
EU,Ford Escort ii turnier Wagon 1975-1980 EU,Ford,Escort ii turnier,Wagon,1975-1980,三厢车,两厢车,通用标准：Wagon,,
EU,Ford Escort ii turnier Wagon 1976-1981 EU,Ford,Escort ii turnier,Wagon,1976-1981,三厢车,两厢车,通用标准：Wagon,,
EU,Ford Escort iii express AVA Van 1981-1986 EU,Ford,Escort iii express,Van,1981-1986,越野车,两厢车,通用标准：Van,,
EU,Ford Escort iii express AVA Van 1984-1986 EU,Ford,Escort iii express,Van,1984-1986,越野车,两厢车,通用标准：Van,,
EU,Ford Escort iii turnier AWA Wagon 1980-1983 EU,Ford,Escort iii turnier,Wagon,1980-1983,三厢车,两厢车,通用标准：Wagon,,
EU,Ford Escort iii turnier AWA Wagon 1980-1985 EU,Ford,Escort iii turnier,Wagon,1980-1985,三厢车,两厢车,通用标准：Wagon,,
EU,Ford Escort iii turnier AWA Wagon 1981-1985 EU,Ford,Escort iii turnier,Wagon,1981-1985,三厢车,两厢车,通用标准：Wagon,,
EU,Ford Escort iii turnier AWA Wagon 1983-1985 EU,Ford,Escort iii turnier,Wagon,1983-1985,三厢车,两厢车,通用标准：Wagon,,
EU,Ford Escort iii turnier AWA Wagon 1984-1985 EU,Ford,Escort iii turnier,Wagon,1984-1985,三厢车,两厢车,通用标准：Wagon,,
EU,Ford Escort iv express AVF type35 Van 1986-1990 EU,Ford,Escort iv express,Van,1986-1990,越野车,两厢车,通用标准：Van,,
EU,Ford Escort iv express AVF type35 Van 1988-1990 EU,Ford,Escort iv express,Van,1988-1990,越野车,两厢车,通用标准：Van,,
EU,Ford Escort iv express AVF type55 Van 1986-1990 EU,Ford,Escort iv express,Van,1986-1990,越野车,两厢车,通用标准：Van,,
EU,Ford Escort iv express AVF type55 Van 1988-1990 EU,Ford,Escort iv express,Van,1988-1990,越野车,两厢车,通用标准：Van,,
EU,Ford Escort iv turnier Wagon 1985-1990 EU,Ford,Escort iv turnier,Wagon,1985-1990,三厢车,两厢车,通用标准：Wagon,,
EU,Ford Escort iv turnier Wagon 1986-1989 EU,Ford,Escort iv turnier,Wagon,1986-1989,三厢车,两厢车,通用标准：Wagon,,
EU,Ford Escort iv turnier Wagon 1986-1990 EU,Ford,Escort iv turnier,Wagon,1986-1990,三厢车,两厢车,通用标准：Wagon,,
EU,Ford Escort iv turnier Wagon 1989-1990 EU,Ford,Escort iv turnier,Wagon,1989-1990,三厢车,两厢车,通用标准：Wagon,,
EU,Ford Escort v express AVL facelift type55 Van 1990-1994 EU,Ford,Escort v express,Van,1990-1994,越野车,两厢车,通用标准：Van,,
EU,Ford Escort v express AVL facelift type75 Van 1990-1994 EU,Ford,Escort v express,Van,1990-1994,越野车,两厢车,通用标准：Van,,
EU,Ford Escort v express AVL prefl type55 Van 1990-1994 EU,Ford,Escort v express,Van,1990-1994,越野车,两厢车,通用标准：Van,,
EU,Ford Escort v turnier GAL Wagon 1990-1995 EU,Ford,Escort v turnier,Wagon,1990-1995,三厢车,两厢车,通用标准：Wagon,,
EU,Ford Escort v turnier GAL Wagon 1991-1995 EU,Ford,Escort v turnier,Wagon,1991-1995,三厢车,两厢车,通用标准：Wagon,,
EU,Ford Escort v turnier GAL Wagon 1992-1995 EU,Ford,Escort v turnier,Wagon,1992-1995,三厢车,两厢车,通用标准：Wagon,,
EU,Ford Escort v turnier GAL Wagon 1993-1995 EU,Ford,Escort v turnier,Wagon,1993-1995,三厢车,两厢车,通用标准：Wagon,,
EU,Ford Escort v turnier GAL Wagon 1994-1995 EU,Ford,Escort v turnier,Wagon,1994-1995,三厢车,两厢车,通用标准：Wagon,,
EU,Ford Escort v turnier Wagon 1990-1992 EU,Ford,Escort v turnier,Wagon,1990-1992,三厢车,两厢车,通用标准：Wagon,,
EU,Ford Escort v turnier Wagon 1990-1995 EU,Ford,Escort v turnier,Wagon,1990-1995,三厢车,两厢车,通用标准：Wagon,,
EU,Ford Escort v turnier Wagon 1991-1995 EU,Ford,Escort v turnier,Wagon,1991-1995,三厢车,两厢车,通用标准：Wagon,,
EU,Ford Escort v turnier Wagon 1992-1995 EU,Ford,Escort v turnier,Wagon,1992-1995,三厢车,两厢车,通用标准：Wagon,,
EU,Ford Escort vi express AVL Wagon 1995-2001 EU,Ford,Escort vi express,Wagon,1995-2001,三厢车,两厢车,通用标准：Wagon,,
EU,Ford Escort vi express AVL type55 Van 1995-2000 EU,Ford,Escort vi express,Van,1995-2000,越野车,两厢车,通用标准：Van,,
EU,Ford Escort vi express AVL type75 Van 1995-2000 EU,Ford,Escort vi express,Van,1995-2000,越野车,两厢车,通用标准：Van,,
EU,Ford Escort vi turnier GAL Wagon 1995-1996 EU,Ford,Escort vi turnier,Wagon,1995-1996,三厢车,两厢车,通用标准：Wagon,,
EU,Ford Escort vi turnier L4268 W1690 H1410 Wagon 1995-1999 EU,Ford,Escort vi turnier,Wagon,1995-1999,三厢车,两厢车,通用标准：Wagon,,
EU,Ford Escort vi turnier L4300 W1700 H1416 Wagon 1995-1999 EU,Ford,Escort vi turnier,Wagon,1995-1999,三厢车,两厢车,通用标准：Wagon,,
EU,Ford Escort vi turnier Wagon 1995-1995 EU,Ford,Escort vi turnier,Wagon,1995-1995,三厢车,两厢车,通用标准：Wagon,,
EU,Ford Fiesta FVD Van 1989-1995 EU,Ford,Fiesta,Van,1989-1995,越野车,两厢车,通用标准：Van,,
EU,Ford Fiesta Van 1998-2002 EU,Ford,Fiesta,Van,1998-2002,越野车,两厢车,通用标准：Van,,
EU,Ford Fiesta Van 2000-2003 EU,Ford,Fiesta,Van,2000-2003,越野车,两厢车,通用标准：Van,,
EU,Ford Fiesta v van JC3 facelift Van 2002-2008 EU,Ford,Fiesta v van,Van,2002-2008,越野车,两厢车,通用标准：Van,,
EU,Ford Fiesta v van JC3 prefl Van 2002-2008 EU,Ford,Fiesta v van,Van,2002-2008,越野车,两厢车,通用标准：Van,,
EU,Ford Fiesta v van JH1 Van 2002-2005 EU,Ford,Fiesta v van,Van,2002-2005,越野车,两厢车,通用标准：Van,,
EU,Ford Fiesta v van Van 2003-2005 EU,Ford,Fiesta v van,Van,2003-2005,越野车,两厢车,通用标准：Van,,
EU,Ford Fiesta v van Van 2007-2009 EU,Ford,Fiesta v van,Van,2007-2009,越野车,两厢车,通用标准：Van,,
EU,Ford Fiesta v van facelift Van 2003-2010 EU,Ford,Fiesta v van,Van,2003-2010,越野车,两厢车,通用标准：Van,,
EU,Ford Fiesta v van prefl Van 2003-2010 EU,Ford,Fiesta v van,Van,2003-2010,越野车,两厢车,通用标准：Van,,
EU,Ford Fiesta vi van JA8 Van 2008-2012 EU,Ford,Fiesta vi van,Van,2008-2012,越野车,两厢车,通用标准：Van,,
EU,Ford Fiesta vi van Van 2012-2017 EU,Ford,Fiesta vi van,Van,2012-2017,越野车,两厢车,通用标准：Van,,
EU,Ford Fiesta vi van Van 2013-2017 EU,Ford,Fiesta vi van,Van,2013-2017,越野车,两厢车,通用标准：Van,,
EU,Ford Fiesta vi van Van 2015-2017 EU,Ford,Fiesta vi van,Van,2015-2017,越野车,两厢车,通用标准：Van,,
EU,Ford Fiesta vi van facelift Van 2010-2015 EU,Ford,Fiesta vi van,Van,2010-2015,越野车,两厢车,通用标准：Van,,
EU,Ford Fiesta vi van facelift Van 2010-2017 EU,Ford,Fiesta vi van,Van,2010-2017,越野车,两厢车,通用标准：Van,,
EU,Ford Fiesta vi van prefl Van 2010-2015 EU,Ford,Fiesta vi van,Van,2010-2015,越野车,两厢车,通用标准：Van,,
EU,Ford Fiesta vi van prefl Van 2010-2017 EU,Ford,Fiesta vi van,Van,2010-2017,越野车,两厢车,通用标准：Van,,
EU,Ford Fiesta vii van B479 Van 2018-2026 EU,Ford,Fiesta vii van,Van,2018-2026,越野车,两厢车,通用标准：Van,,
EU,Ford Fiesta vii van B479 Van 2019-2026 EU,Ford,Fiesta vii van,Van,2019-2026,越野车,两厢车,通用标准：Van,,
EU,Ford Fiesta vii van Van 2019-2026 EU,Ford,Fiesta vii van,Van,2019-2026,越野车,两厢车,通用标准：Van,,
EU,Ford Fiesta vii van sport Van 2020-2026 EU,Ford,Fiesta vii van,Van,2020-2026,越野车,两厢车,通用标准：Van,,
EU,Ford Fiesta vii van trend Van 2019-2026 EU,Ford,Fiesta vii van,Van,2019-2026,越野车,两厢车,通用标准：Van,,
EU,Ford Fiesta vii van trend Van 2020-2026 EU,Ford,Fiesta vii van,Van,2020-2026,越野车,两厢车,通用标准：Van,,
EU,Ford Focus c-Max DM2 MPV 2003-2007 EU,Ford,Focus c-Max,MPV,2003-2007,越野车,两厢车,通用标准：MPV,,
EU,Ford Focus c-Max DM2 MPV 2004-2007 EU,Ford,Focus c-Max,MPV,2004-2007,越野车,两厢车,通用标准：MPV,,
EU,Ford Focus c-Max DM2 MPV 2005-2007 EU,Ford,Focus c-Max,MPV,2005-2007,越野车,两厢车,通用标准：MPV,,
EU,Ford Focus c-Max MPV 2006-2007 EU,Ford,Focus c-Max,MPV,2006-2007,越野车,两厢车,通用标准：MPV,,
EU,Ford Focus i DNW Van 1998-2005 EU,Ford,Focus i,Van,1998-2005,越野车,两厢车,通用标准：Van,,
EU,Ford Focus i DNW Van 1999-2005 EU,Ford,Focus i,Van,1999-2005,越野车,两厢车,通用标准：Van,,
EU,Ford Focus i DNW Van 2001-2005 EU,Ford,Focus i,Van,2001-2005,越野车,两厢车,通用标准：Van,,
EU,Ford Focus i DNW Van 2002-2005 EU,Ford,Focus i,Van,2002-2005,越野车,两厢车,通用标准：Van,,
EU,Ford Focus i turnier DNW Wagon 2002-2004 EU,Ford,Focus i turnier,Wagon,2002-2004,三厢车,两厢车,通用标准：Wagon,,
EU,Ford Focus i turnier DNW Wagon 2003-2005 EU,Ford,Focus i turnier,Wagon,2003-2005,三厢车,两厢车,通用标准：Wagon,,
EU,Ford Focus i turnier DNW facelift Wagon 1999-2004 EU,Ford,Focus i turnier,Wagon,1999-2004,三厢车,两厢车,通用标准：Wagon,,
EU,Ford Focus i turnier DNW facelift Wagon 2001-2004 EU,Ford,Focus i turnier,Wagon,2001-2004,三厢车,两厢车,通用标准：Wagon,,
EU,Ford Focus i turnier DNW prefl Wagon 1999-2004 EU,Ford,Focus i turnier,Wagon,1999-2004,三厢车,两厢车,通用标准：Wagon,,
EU,Ford Focus i turnier DNW prefl Wagon 2001-2004 EU,Ford,Focus i turnier,Wagon,2001-2004,三厢车,两厢车,通用标准：Wagon,,
EU,Ford Focus i turnier Wagon 1999-2004 EU,Ford,Focus i turnier,Wagon,1999-2004,三厢车,两厢车,通用标准：Wagon,,
EU,Ford Focus ii DA3 facelift Van 2004-2011 EU,Ford,Focus ii,Van,2004-2011,越野车,两厢车,通用标准：Van,,
EU,Ford Focus ii DA3 facelift Van 2005-2011 EU,Ford,Focus ii,Van,2005-2011,越野车,两厢车,通用标准：Van,,
EU,Ford Focus ii DA3 prefl Van 2004-2011 EU,Ford,Focus ii,Van,2004-2011,越野车,两厢车,通用标准：Van,,
EU,Ford Focus ii DA3 prefl Van 2005-2011 EU,Ford,Focus ii,Van,2005-2011,越野车,两厢车,通用标准：Van,,
EU,Ford Focus ii turnier C307 Wagon 2004-2008 EU,Ford,Focus ii turnier,Wagon,2004-2008,三厢车,两厢车,通用标准：Wagon,,
EU,Ford Focus ii turnier C307 facelift Wagon 2004-2011 EU,Ford,Focus ii turnier,Wagon,2004-2011,三厢车,两厢车,通用标准：Wagon,,
EU,Ford Focus ii turnier C307 facelift Wagon 2004-2012 EU,Ford,Focus ii turnier,Wagon,2004-2012,三厢车,两厢车,通用标准：Wagon,,
EU,Ford Focus ii turnier C307 prefl Wagon 2004-2011 EU,Ford,Focus ii turnier,Wagon,2004-2011,三厢车,两厢车,通用标准：Wagon,,
EU,Ford Focus ii turnier C307 prefl Wagon 2004-2012 EU,Ford,Focus ii turnier,Wagon,2004-2012,三厢车,两厢车,通用标准：Wagon,,
EU,Ford Focus ii turnier DA3 Wagon 2008-2011 EU,Ford,Focus ii turnier,Wagon,2008-2011,三厢车,两厢车,通用标准：Wagon,,
EU,Ford Focus ii turnier DA3 Wagon 2009-2012 EU,Ford,Focus ii turnier,Wagon,2009-2012,三厢车,两厢车,通用标准：Wagon,,
EU,Ford Focus ii turnier Wagon 2008-2011 EU,Ford,Focus ii turnier,Wagon,2008-2011,三厢车,两厢车,通用标准：Wagon,,
EU,Ford Focus ii turnier facelift Wagon 2006-2012 EU,Ford,Focus ii turnier,Wagon,2006-2012,三厢车,两厢车,通用标准：Wagon,,
EU,Ford Focus ii turnier prefl Wagon 2006-2012 EU,Ford,Focus ii turnier,Wagon,2006-2012,三厢车,两厢车,通用标准：Wagon,,
EU,Ford Focus iii DYB Wagon 2014-2020 EU,Ford,Focus iii,Wagon,2014-2020,三厢车,两厢车,通用标准：Wagon,,
EU,Ford Focus iii DYB facelift Wagon 2012-2020 EU,Ford,Focus iii,Wagon,2012-2020,三厢车,两厢车,通用标准：Wagon,,
EU,Ford Focus iii DYB prefl Wagon 2012-2020 EU,Ford,Focus iii,Wagon,2012-2020,三厢车,两厢车,通用标准：Wagon,,
EU,Ford Focus iii turnier DYB L4556 W1823 H1482 Wagon 2010-2014 EU,Ford,Focus iii turnier,Wagon,2010-2014,三厢车,两厢车,通用标准：Wagon,,
EU,Ford Focus iii turnier DYB L4556 W1823 H1505 Wagon 2010-2014 EU,Ford,Focus iii turnier,Wagon,2010-2014,三厢车,两厢车,通用标准：Wagon,,
EU,Ford Focus iii turnier DYB Wagon 2017-2020 EU,Ford,Focus iii turnier,Wagon,2017-2020,三厢车,两厢车,通用标准：Wagon,,
EU,Ford Focus iii turnier DYB facelift Wagon 2011-2020 EU,Ford,Focus iii turnier,Wagon,2011-2020,三厢车,两厢车,通用标准：Wagon,,
EU,Ford Focus iii turnier DYB facelift Wagon 2012-2020 EU,Ford,Focus iii turnier,Wagon,2012-2020,三厢车,两厢车,通用标准：Wagon,,
EU,Ford Focus iii turnier DYB prefl Wagon 2011-2020 EU,Ford,Focus iii turnier,Wagon,2011-2020,三厢车,两厢车,通用标准：Wagon,,
EU,Ford Focus iii turnier DYB prefl Wagon 2012-2020 EU,Ford,Focus iii turnier,Wagon,2012-2020,三厢车,两厢车,通用标准：Wagon,,
EU,Ford Focus iii turnier L4560 W1823 H1492 Wagon 2014-2020 EU,Ford,Focus iii turnier,Wagon,2014-2020,三厢车,两厢车,通用标准：Wagon,,
EU,Ford Focus iii turnier L4563 W1823 H1486 Wagon 2014-2020 EU,Ford,Focus iii turnier,Wagon,2014-2020,三厢车,两厢车,通用标准：Wagon,,
EU,Ford Focus iii turnier Wagon 2010-2014 EU,Ford,Focus iii turnier,Wagon,2010-2014,三厢车,两厢车,通用标准：Wagon,,
EU,Ford Focus iii turnier facelift L4560 W1823 H1492 Wagon 2012-2020 EU,Ford,Focus iii turnier,Wagon,2012-2020,三厢车,两厢车,通用标准：Wagon,,
EU,Ford Focus iii turnier facelift L4563 W1823 H1486 Wagon 2012-2020 EU,Ford,Focus iii turnier,Wagon,2012-2020,三厢车,两厢车,通用标准：Wagon,,
EU,Ford Focus iii turnier facelift Wagon 2010-2020 EU,Ford,Focus iii turnier,Wagon,2010-2020,三厢车,两厢车,通用标准：Wagon,,
EU,Ford Focus iii turnier facelift Wagon 2012-2015 EU,Ford,Focus iii turnier,Wagon,2012-2015,三厢车,两厢车,通用标准：Wagon,,
EU,Ford Focus iii turnier facelift Wagon 2013-2020 EU,Ford,Focus iii turnier,Wagon,2013-2020,三厢车,两厢车,通用标准：Wagon,,
EU,Ford Focus iii turnier prefl L4556 W1823 H1505 Wagon 2012-2020 EU,Ford,Focus iii turnier,Wagon,2012-2020,三厢车,两厢车,通用标准：Wagon,,
EU,Ford Focus iii turnier prefl L4566 W1823 H1505 Wagon 2012-2020 EU,Ford,Focus iii turnier,Wagon,2012-2020,三厢车,两厢车,通用标准：Wagon,,
EU,Ford Focus iii turnier prefl Wagon 2010-2020 EU,Ford,Focus iii turnier,Wagon,2010-2020,三厢车,两厢车,通用标准：Wagon,,
EU,Ford Focus iii turnier prefl Wagon 2012-2015 EU,Ford,Focus iii turnier,Wagon,2012-2015,三厢车,两厢车,通用标准：Wagon,,
EU,Ford Focus iii turnier prefl Wagon 2013-2020 EU,Ford,Focus iii turnier,Wagon,2013-2020,三厢车,两厢车,通用标准：Wagon,,
EU,Ford Focus iv turnier C519 L4668 W1825 H1459 Wagon 2018-2025 EU,Ford,Focus iv turnier,Wagon,2018-2025,三厢车,两厢车,通用标准：Wagon,,
EU,Ford Focus iv turnier C519 L4668 W1825 H1481 Wagon 2018-2025 EU,Ford,Focus iv turnier,Wagon,2018-2025,三厢车,两厢车,通用标准：Wagon,,
EU,Ford Focus iv turnier C519 Wagon 2019-2025 EU,Ford,Focus iv turnier,Wagon,2019-2025,三厢车,两厢车,通用标准：Wagon,,
EU,Ford Focus iv turnier C519 facelift Wagon 2018-2025 EU,Ford,Focus iv turnier,Wagon,2018-2025,三厢车,两厢车,通用标准：Wagon,,
EU,Ford Focus iv turnier C519 facelift Wagon 2020-2025 EU,Ford,Focus iv turnier,Wagon,2020-2025,三厢车,两厢车,通用标准：Wagon,,
EU,Ford Focus iv turnier C519 prefl Wagon 2020-2025 EU,Ford,Focus iv turnier,Wagon,2020-2025,三厢车,两厢车,通用标准：Wagon,,
EU,Ford Focus iv turnier Wagon 2019-2025 EU,Ford,Focus iv turnier,Wagon,2019-2025,三厢车,两厢车,通用标准：Wagon,,
EU,Ford Focus iv turnier Wagon 2022-2025 EU,Ford,Focus iv turnier,Wagon,2022-2025,三厢车,两厢车,通用标准：Wagon,,
EU,Ford Fusion JU2 MPV 2010-2012 EU,Ford,Fusion,MPV,2010-2012,越野车,两厢车,通用标准：MPV,,
EU,Ford Fusion JU2 facelift MPV 2002-2009 EU,Ford,Fusion,MPV,2002-2009,越野车,两厢车,通用标准：MPV,,
EU,Ford Fusion JU2 facelift MPV 2002-2012 EU,Ford,Fusion,MPV,2002-2012,越野车,两厢车,通用标准：MPV,,
EU,Ford Fusion JU2 facelift MPV 2004-2012 EU,Ford,Fusion,MPV,2004-2012,越野车,两厢车,通用标准：MPV,,
EU,Ford Fusion JU2 prefl MPV 2002-2009 EU,Ford,Fusion,MPV,2002-2009,越野车,两厢车,通用标准：MPV,,
EU,Ford Fusion JU2 prefl MPV 2002-2012 EU,Ford,Fusion,MPV,2002-2012,越野车,两厢车,通用标准：MPV,,
EU,Ford Fusion JU2 prefl MPV 2004-2012 EU,Ford,Fusion,MPV,2004-2012,越野车,两厢车,通用标准：MPV,,
EU,Ford Galaxy i MPV 1995-2000 EU,Ford,Galaxy i,MPV,1995-2000,越野车,两厢车,通用标准：MPV,,
EU,Ford Galaxy i MPV 1995-2006 EU,Ford,Galaxy i,MPV,1995-2006,越野车,两厢车,通用标准：MPV,,
EU,Ford Galaxy i MPV 1996-2000 EU,Ford,Galaxy i,MPV,1996-2000,越野车,两厢车,通用标准：MPV,,
EU,Ford Galaxy i WGR MPV 1997-2000 EU,Ford,Galaxy i,MPV,1997-2000,越野车,两厢车,通用标准：MPV,,
EU,Ford Galaxy i WGR MPV 2000-2006 EU,Ford,Galaxy i,MPV,2000-2006,越野车,两厢车,通用标准：MPV,,
EU,Ford Galaxy i WGR MPV 2001-2006 EU,Ford,Galaxy i,MPV,2001-2006,越野车,两厢车,通用标准：MPV,,
EU,Ford Galaxy i WGR MPV 2003-2006 EU,Ford,Galaxy i,MPV,2003-2006,越野车,两厢车,通用标准：MPV,,
EU,Ford Galaxy i WGR MPV 2005-2006 EU,Ford,Galaxy i,MPV,2005-2006,越野车,两厢车,通用标准：MPV,,
EU,Ford Galaxy i WGR facelift MPV 1997-2006 EU,Ford,Galaxy i,MPV,1997-2006,越野车,两厢车,通用标准：MPV,,
EU,Ford Galaxy i WGR prefl MPV 1997-2006 EU,Ford,Galaxy i,MPV,1997-2006,越野车,两厢车,通用标准：MPV,,
EU,Ford Galaxy ii L4820 W1854 H1723 MPV 2006-2015 EU,Ford,Galaxy ii,MPV,2006-2015,越野车,两厢车,通用标准：MPV,,
EU,Ford Galaxy ii L4820 W1884 H1723 MPV 2006-2015 EU,Ford,Galaxy ii,MPV,2006-2015,越野车,两厢车,通用标准：MPV,,
EU,Ford Galaxy ii MPV 2010-2015 EU,Ford,Galaxy ii,MPV,2010-2015,越野车,两厢车,通用标准：MPV,,
EU,Ford Galaxy ii WA6 L4819 W1884 H1770 MPV 2010-2015 EU,Ford,Galaxy ii,MPV,2010-2015,越野车,两厢车,通用标准：MPV,,
EU,Ford Galaxy ii WA6 L4820 W1884 H1764 MPV 2010-2015 EU,Ford,Galaxy ii,MPV,2010-2015,越野车,两厢车,通用标准：MPV,,
EU,Ford Galaxy ii WA6 MPV 2011-2015 EU,Ford,Galaxy ii,MPV,2011-2015,越野车,两厢车,通用标准：MPV,,
EU,Ford Galaxy ii WA6 facelift L4819 W1884 H1758 MPV 2006-2015 EU,Ford,Galaxy ii,MPV,2006-2015,越野车,两厢车,通用标准：MPV,,
EU,Ford Galaxy ii WA6 facelift L4820 W1884 H1764 MPV 2006-2015 EU,Ford,Galaxy ii,MPV,2006-2015,越野车,两厢车,通用标准：MPV,,
EU,Ford Galaxy ii WA6 facelift MPV 2007-2015 EU,Ford,Galaxy ii,MPV,2007-2015,越野车,两厢车,通用标准：MPV,,
EU,Ford Galaxy ii WA6 facelift MPV 2008-2012 EU,Ford,Galaxy ii,MPV,2008-2012,越野车,两厢车,通用标准：MPV,,
EU,Ford Galaxy ii WA6 prefl MPV 2006-2015 EU,Ford,Galaxy ii,MPV,2006-2015,越野车,两厢车,通用标准：MPV,,
EU,Ford Galaxy ii WA6 prefl MPV 2007-2015 EU,Ford,Galaxy ii,MPV,2007-2015,越野车,两厢车,通用标准：MPV,,
EU,Ford Galaxy ii WA6 prefl MPV 2008-2012 EU,Ford,Galaxy ii,MPV,2008-2012,越野车,两厢车,通用标准：MPV,,
EU,Ford Galaxy ii facelift MPV 2006-2015 EU,Ford,Galaxy ii,MPV,2006-2015,越野车,两厢车,通用标准：MPV,,
EU,Ford Galaxy iii CK MPV 2015-2018 EU,Ford,Galaxy iii,MPV,2015-2018,越野车,两厢车,通用标准：MPV,,
EU,Ford Galaxy iii CK MPV 2015-2023 EU,Ford,Galaxy iii,MPV,2015-2023,越野车,两厢车,通用标准：MPV,,
EU,Ford Galaxy iii CK MPV 2021-2023 EU,Ford,Galaxy iii,MPV,2021-2023,越野车,两厢车,通用标准：MPV,,
EU,Ford Galaxy iii MPV 2018-2023 EU,Ford,Galaxy iii,MPV,2018-2023,越野车,两厢车,通用标准：MPV,,
EU,Ford Galaxy mk i van WGR MPV 2000-2002 EU,Ford,Galaxy mk i van,MPV,2000-2002,越野车,两厢车,通用标准：MPV,,
EU,Ford Galaxy mk i van WGR MPV 2000-2006 EU,Ford,Galaxy mk i van,MPV,2000-2006,越野车,两厢车,通用标准：MPV,,
EU,Ford Galaxy mk i van WGR MPV 2002-2006 EU,Ford,Galaxy mk i van,MPV,2002-2006,越野车,两厢车,通用标准：MPV,,
EU,Ford Galaxy mk i van WGR facelift MPV 1995-2000 EU,Ford,Galaxy mk i van,MPV,1995-2000,越野车,两厢车,通用标准：MPV,,
EU,Ford Galaxy mk i van WGR facelift MPV 1996-2006 EU,Ford,Galaxy mk i van,MPV,1996-2006,越野车,两厢车,通用标准：MPV,,
EU,Ford Galaxy mk i van WGR prefl MPV 1995-2000 EU,Ford,Galaxy mk i van,MPV,1995-2000,越野车,两厢车,通用标准：MPV,,
EU,Ford Galaxy mk i van WGR prefl MPV 1996-2006 EU,Ford,Galaxy mk i van,MPV,1996-2006,越野车,两厢车,通用标准：MPV,,
EU,Ford Galaxy mk ii van WA6 MPV 2013-2015 EU,Ford,Galaxy mk ii van,MPV,2013-2015,越野车,两厢车,通用标准：MPV,,
EU,Ford Galaxy mk ii van WA6 facelift MPV 2006-2015 EU,Ford,Galaxy mk ii van,MPV,2006-2015,越野车,两厢车,通用标准：MPV,,
EU,Ford Galaxy mk ii van WA6 prefl MPV 2006-2015 EU,Ford,Galaxy mk ii van,MPV,2006-2015,越野车,两厢车,通用标准：MPV,,
EU,Ford Galaxy mk iii van CD390 MPV 2019-2023 EU,Ford,Galaxy mk iii van,MPV,2019-2023,越野车,两厢车,通用标准：MPV,,
EU,Ford Granada GGNL Wagon 1972-1975 EU,Ford,Granada,Wagon,1972-1975,三厢车,两厢车,通用标准：Wagon,,
EU,Ford Granada GGNL Wagon 1975-1977 EU,Ford,Granada,Wagon,1975-1977,三厢车,两厢车,通用标准：Wagon,,
EU,Ford Granada GGNL facelift Wagon 1972-1976 EU,Ford,Granada,Wagon,1972-1976,三厢车,两厢车,通用标准：Wagon,,
EU,Ford Granada GGNL facelift Wagon 1974-1977 EU,Ford,Granada,Wagon,1974-1977,三厢车,两厢车,通用标准：Wagon,,
EU,Ford Granada GGNL prefl Wagon 1972-1976 EU,Ford,Granada,Wagon,1972-1976,三厢车,两厢车,通用标准：Wagon,,
EU,Ford Granada GGNL prefl Wagon 1974-1977 EU,Ford,Granada,Wagon,1974-1977,三厢车,两厢车,通用标准：Wagon,,
EU,Ford Granada GNU Wagon 1977-1979 EU,Ford,Granada,Wagon,1977-1979,三厢车,两厢车,通用标准：Wagon,,
EU,Ford Granada GNU Wagon 1977-1981 EU,Ford,Granada,Wagon,1977-1981,三厢车,两厢车,通用标准：Wagon,,
EU,Ford Granada GNU Wagon 1977-1985 EU,Ford,Granada,Wagon,1977-1985,三厢车,两厢车,通用标准：Wagon,,
EU,Ford Granada GNU Wagon 1979-1985 EU,Ford,Granada,Wagon,1979-1985,三厢车,两厢车,通用标准：Wagon,,
EU,Ford Granada GNU Wagon 1981-1985 EU,Ford,Granada,Wagon,1981-1985,三厢车,两厢车,通用标准：Wagon,,
EU,Ford Granada GNU Wagon 1982-1985 EU,Ford,Granada,Wagon,1982-1985,三厢车,两厢车,通用标准：Wagon,,
EU,Ford Granada Wagon 1977-1981 EU,Ford,Granada,Wagon,1977-1981,三厢车,两厢车,通用标准：Wagon,,
EU,Ford Granada Wagon 1981-1985 EU,Ford,Granada,Wagon,1981-1985,三厢车,两厢车,通用标准：Wagon,,
EU,Ford Grand c-Max C344 MPV 2010-2019 EU,Ford,Grand c-Max,MPV,2010-2019,越野车,两厢车,通用标准：MPV,,
EU,Ford Grand c-Max C344 facelift MPV 2011-2019 EU,Ford,Grand c-Max,MPV,2011-2019,越野车,两厢车,通用标准：MPV,,
EU,Ford Grand c-Max C344 prefl MPV 2011-2019 EU,Ford,Grand c-Max,MPV,2011-2019,越野车,两厢车,通用标准：MPV,,
EU,Ford Grand c-Max MPV 2015-2019 EU,Ford,Grand c-Max,MPV,2015-2019,越野车,两厢车,通用标准：MPV,,
EU,Ford Grand c-Max MPV 2018-2019 EU,Ford,Grand c-Max,MPV,2018-2019,越野车,两厢车,通用标准：MPV,,
EU,Ford Grand c-Max facelift MPV 2010-2019 EU,Ford,Grand c-Max,MPV,2010-2019,越野车,两厢车,通用标准：MPV,,
EU,Ford Grand c-Max facelift MPV 2011-2019 EU,Ford,Grand c-Max,MPV,2011-2019,越野车,两厢车,通用标准：MPV,,
EU,Ford Grand c-Max facelift MPV 2012-2019 EU,Ford,Grand c-Max,MPV,2012-2019,越野车,两厢车,通用标准：MPV,,
EU,Ford Grand c-Max prefl MPV 2010-2019 EU,Ford,Grand c-Max,MPV,2010-2019,越野车,两厢车,通用标准：MPV,,
EU,Ford Grand c-Max prefl MPV 2011-2019 EU,Ford,Grand c-Max,MPV,2011-2019,越野车,两厢车,通用标准：MPV,,
EU,Ford Grand c-Max prefl MPV 2012-2019 EU,Ford,Grand c-Max,MPV,2012-2019,越野车,两厢车,通用标准：MPV,,
EU,Ford Grand c-Max van MPV 2010-2014 EU,Ford,Grand c-Max van,MPV,2010-2014,越野车,两厢车,通用标准：MPV,,
EU,Ford Grand c-Max van MPV 2015-2019 EU,Ford,Grand c-Max van,MPV,2015-2019,越野车,两厢车,通用标准：MPV,,
EU,Ford Grand c-Max van facelift MPV 2010-2019 EU,Ford,Grand c-Max van,MPV,2010-2019,越野车,两厢车,通用标准：MPV,,
EU,Ford Grand c-Max van facelift MPV 2011-2019 EU,Ford,Grand c-Max van,MPV,2011-2019,越野车,两厢车,通用标准：MPV,,
EU,Ford Grand c-Max van facelift MPV 2012-2018 EU,Ford,Grand c-Max van,MPV,2012-2018,越野车,两厢车,通用标准：MPV,,
EU,Ford Grand c-Max van facelift MPV 2012-2019 EU,Ford,Grand c-Max van,MPV,2012-2019,越野车,两厢车,通用标准：MPV,,
EU,Ford Grand c-Max van prefl MPV 2010-2019 EU,Ford,Grand c-Max van,MPV,2010-2019,越野车,两厢车,通用标准：MPV,,
EU,Ford Grand c-Max van prefl MPV 2011-2019 EU,Ford,Grand c-Max van,MPV,2011-2019,越野车,两厢车,通用标准：MPV,,
EU,Ford Grand c-Max van prefl MPV 2012-2018 EU,Ford,Grand c-Max van,MPV,2012-2018,越野车,两厢车,通用标准：MPV,,
EU,Ford Grand c-Max van prefl MPV 2012-2019 EU,Ford,Grand c-Max van,MPV,2012-2019,越野车,两厢车,通用标准：MPV,,
EU,Ford Kuga ii van Van 2019-2019 EU,Ford,Kuga ii van,Van,2019-2019,越野车,两厢车,通用标准：Van,,
EU,Ford Kuga ii van facelift Van 2014-2019 EU,Ford,Kuga ii van,Van,2014-2019,越野车,两厢车,通用标准：Van,,
EU,Ford Kuga ii van prefl Van 2014-2019 EU,Ford,Kuga ii van,Van,2014-2019,越野车,两厢车,通用标准：Van,,
EU,Ford Mondeo i turnier BNP L4631 W1745 H1442 Wagon 1993-1996 EU,Ford,Mondeo i turnier,Wagon,1993-1996,三厢车,两厢车,通用标准：Wagon,,
EU,Ford Mondeo i turnier BNP L4671 W1751 H1510 Wagon 1993-1996 EU,Ford,Mondeo i turnier,Wagon,1993-1996,三厢车,两厢车,通用标准：Wagon,,
EU,Ford Mondeo i turnier BNP Wagon 1994-1996 EU,Ford,Mondeo i turnier,Wagon,1994-1996,三厢车,两厢车,通用标准：Wagon,,
EU,Ford Mondeo i turnier BNP Wagon 1995-1996 EU,Ford,Mondeo i turnier,Wagon,1995-1996,三厢车,两厢车,通用标准：Wagon,,
EU,Ford Mondeo ii turnier BNP Wagon 1998-2000 EU,Ford,Mondeo ii turnier,Wagon,1998-2000,三厢车,两厢车,通用标准：Wagon,,
EU,Ford Mondeo ii turnier BNP Wagon 1999-2000 EU,Ford,Mondeo ii turnier,Wagon,1999-2000,三厢车,两厢车,通用标准：Wagon,,
EU,Ford Mondeo ii turnier Wagon 1996-2000 EU,Ford,Mondeo ii turnier,Wagon,1996-2000,三厢车,两厢车,通用标准：Wagon,,
EU,Ford Mondeo iii turnier BWY Wagon 2000-2007 EU,Ford,Mondeo iii turnier,Wagon,2000-2007,三厢车,两厢车,通用标准：Wagon,,
EU,Ford Mondeo iii turnier BWY Wagon 2001-2007 EU,Ford,Mondeo iii turnier,Wagon,2001-2007,三厢车,两厢车,通用标准：Wagon,,
EU,Ford Mondeo iii turnier BWY Wagon 2002-2007 EU,Ford,Mondeo iii turnier,Wagon,2002-2007,三厢车,两厢车,通用标准：Wagon,,
EU,Ford Mondeo iii turnier BWY Wagon 2003-2007 EU,Ford,Mondeo iii turnier,Wagon,2003-2007,三厢车,两厢车,通用标准：Wagon,,
EU,Ford Mondeo iii turnier BWY Wagon 2004-2007 EU,Ford,Mondeo iii turnier,Wagon,2004-2007,三厢车,两厢车,通用标准：Wagon,,
EU,Ford Mondeo iv turnier BA7 Wagon 2008-2010 EU,Ford,Mondeo iv turnier,Wagon,2008-2010,三厢车,两厢车,通用标准：Wagon,,
EU,Ford Mondeo iv turnier BA7 Wagon 2010-2015 EU,Ford,Mondeo iv turnier,Wagon,2010-2015,三厢车,两厢车,通用标准：Wagon,,
EU,Ford Mondeo iv turnier BA7 Wagon 2011-2015 EU,Ford,Mondeo iv turnier,Wagon,2011-2015,三厢车,两厢车,通用标准：Wagon,,
EU,Ford Mondeo iv turnier BA7 facelift Wagon 2007-2010 EU,Ford,Mondeo iv turnier,Wagon,2007-2010,三厢车,两厢车,通用标准：Wagon,,
EU,Ford Mondeo iv turnier BA7 facelift Wagon 2007-2012 EU,Ford,Mondeo iv turnier,Wagon,2007-2012,三厢车,两厢车,通用标准：Wagon,,
EU,Ford Mondeo iv turnier BA7 facelift Wagon 2007-2014 EU,Ford,Mondeo iv turnier,Wagon,2007-2014,三厢车,两厢车,通用标准：Wagon,,
EU,Ford Mondeo iv turnier BA7 facelift Wagon 2007-2015 EU,Ford,Mondeo iv turnier,Wagon,2007-2015,三厢车,两厢车,通用标准：Wagon,,
EU,Ford Mondeo iv turnier BA7 facelift Wagon 2009-2015 EU,Ford,Mondeo iv turnier,Wagon,2009-2015,三厢车,两厢车,通用标准：Wagon,,
EU,Ford Mondeo iv turnier BA7 prefl Wagon 2007-2010 EU,Ford,Mondeo iv turnier,Wagon,2007-2010,三厢车,两厢车,通用标准：Wagon,,
EU,Ford Mondeo iv turnier BA7 prefl Wagon 2007-2012 EU,Ford,Mondeo iv turnier,Wagon,2007-2012,三厢车,两厢车,通用标准：Wagon,,
EU,Ford Mondeo iv turnier BA7 prefl Wagon 2007-2014 EU,Ford,Mondeo iv turnier,Wagon,2007-2014,三厢车,两厢车,通用标准：Wagon,,
EU,Ford Mondeo iv turnier BA7 prefl Wagon 2007-2015 EU,Ford,Mondeo iv turnier,Wagon,2007-2015,三厢车,两厢车,通用标准：Wagon,,
EU,Ford Mondeo iv turnier BA7 prefl Wagon 2009-2015 EU,Ford,Mondeo iv turnier,Wagon,2009-2015,三厢车,两厢车,通用标准：Wagon,,
EU,Ford Mondeo iv turnier Wagon 2010-2015 EU,Ford,Mondeo iv turnier,Wagon,2010-2015,三厢车,两厢车,通用标准：Wagon,,
EU,Ford Mondeo iv turnier facelift Wagon 2009-2015 EU,Ford,Mondeo iv turnier,Wagon,2009-2015,三厢车,两厢车,通用标准：Wagon,,
EU,Ford Mondeo iv turnier prefl Wagon 2009-2015 EU,Ford,Mondeo iv turnier,Wagon,2009-2015,三厢车,两厢车,通用标准：Wagon,,
EU,Ford Mondeo iv van BA7 Wagon 2010-2014 EU,Ford,Mondeo iv van,Wagon,2010-2014,三厢车,两厢车,通用标准：Wagon,,
EU,Ford Mondeo iv van BA7 Wagon 2013-2014 EU,Ford,Mondeo iv van,Wagon,2013-2014,三厢车,两厢车,通用标准：Wagon,,
EU,Ford Mondeo iv van BA7 facelift Wagon 2007-2014 EU,Ford,Mondeo iv van,Wagon,2007-2014,三厢车,两厢车,通用标准：Wagon,,
EU,Ford Mondeo iv van BA7 prefl Wagon 2007-2014 EU,Ford,Mondeo iv van,Wagon,2007-2014,三厢车,两厢车,通用标准：Wagon,,
EU,Ford Mondeo iv van BA7 prefl Wagon 2010-2014 EU,Ford,Mondeo iv van,Wagon,2010-2014,三厢车,两厢车,通用标准：Wagon,,
EU,Ford Mondeo v turnier CD391 Wagon 2018-2022 EU,Ford,Mondeo v turnier,Wagon,2018-2022,三厢车,两厢车,通用标准：Wagon,,
EU,Ford Mondeo v turnier CD391 Wagon 2019-2022 EU,Ford,Mondeo v turnier,Wagon,2019-2022,三厢车,两厢车,通用标准：Wagon,,
EU,Ford Mondeo v turnier Wagon 2014-2022 EU,Ford,Mondeo v turnier,Wagon,2014-2022,三厢车,两厢车,通用标准：Wagon,,
EU,Ford Mondeo v turnier Wagon 2015-2022 EU,Ford,Mondeo v turnier,Wagon,2015-2022,三厢车,两厢车,通用标准：Wagon,,
EU,Ford S-Max CJ MPV 2015-2018 EU,Ford,S-Max,MPV,2015-2018,越野车,两厢车,通用标准：MPV,,
EU,Ford S-Max CJ MPV 2021-2023 EU,Ford,S-Max,MPV,2021-2023,越野车,两厢车,通用标准：MPV,,
EU,Ford S-Max CJ facelift MPV 2015-2023 EU,Ford,S-Max,MPV,2015-2023,越野车,两厢车,通用标准：MPV,,
EU,Ford S-Max CJ prefl MPV 2015-2023 EU,Ford,S-Max,MPV,2015-2023,越野车,两厢车,通用标准：MPV,,
EU,Ford S-Max MPV 2006-2014 EU,Ford,S-Max,MPV,2006-2014,越野车,两厢车,通用标准：MPV,,
EU,Ford S-Max MPV 2010-2014 EU,Ford,S-Max,MPV,2010-2014,越野车,两厢车,通用标准：MPV,,
EU,Ford S-Max MPV 2018-2023 EU,Ford,S-Max,MPV,2018-2023,越野车,两厢车,通用标准：MPV,,
EU,Ford S-Max WA6 MPV 2006-2014 EU,Ford,S-Max,MPV,2006-2014,越野车,两厢车,通用标准：MPV,,
EU,Ford S-Max WA6 MPV 2010-2014 EU,Ford,S-Max,MPV,2010-2014,越野车,两厢车,通用标准：MPV,,
EU,Ford S-Max WA6 MPV 2011-2014 EU,Ford,S-Max,MPV,2011-2014,越野车,两厢车,通用标准：MPV,,
EU,Ford S-Max WA6 facelift MPV 2007-2010 EU,Ford,S-Max,MPV,2007-2010,越野车,两厢车,通用标准：MPV,,
EU,Ford S-Max WA6 facelift MPV 2007-2014 EU,Ford,S-Max,MPV,2007-2014,越野车,两厢车,通用标准：MPV,,
EU,Ford S-Max WA6 facelift MPV 2008-2012 EU,Ford,S-Max,MPV,2008-2012,越野车,两厢车,通用标准：MPV,,
EU,Ford S-Max WA6 prefl MPV 2007-2010 EU,Ford,S-Max,MPV,2007-2010,越野车,两厢车,通用标准：MPV,,
EU,Ford S-Max WA6 prefl MPV 2007-2014 EU,Ford,S-Max,MPV,2007-2014,越野车,两厢车,通用标准：MPV,,
EU,Ford S-Max WA6 prefl MPV 2008-2012 EU,Ford,S-Max,MPV,2008-2012,越野车,两厢车,通用标准：MPV,,
EU,Ford S-Max facelift MPV 2006-2014 EU,Ford,S-Max,MPV,2006-2014,越野车,两厢车,通用标准：MPV,,
EU,Ford Scorpio i turnier GGE Wagon 1988-1993 EU,Ford,Scorpio i turnier,Wagon,1988-1993,三厢车,两厢车,通用标准：Wagon,,
EU,Ford Scorpio i turnier GGE Wagon 1990-1992 EU,Ford,Scorpio i turnier,Wagon,1990-1992,三厢车,两厢车,通用标准：Wagon,,
EU,Ford Scorpio i turnier GGE Wagon 1991-1993 EU,Ford,Scorpio i turnier,Wagon,1991-1993,三厢车,两厢车,通用标准：Wagon,,
EU,Ford Scorpio i turnier GGE Wagon 1991-1994 EU,Ford,Scorpio i turnier,Wagon,1991-1994,三厢车,两厢车,通用标准：Wagon,,
EU,Ford Scorpio i turnier GGE Wagon 1993-1994 EU,Ford,Scorpio i turnier,Wagon,1993-1994,三厢车,两厢车,通用标准：Wagon,,
EU,Ford Scorpio ii turnier Wagon 1994-1998 EU,Ford,Scorpio ii turnier,Wagon,1994-1998,三厢车,两厢车,通用标准：Wagon,,
EU,Ford Scorpio ii turnier Wagon 1995-1998 EU,Ford,Scorpio ii turnier,Wagon,1995-1998,三厢车,两厢车,通用标准：Wagon,,
EU,Ford Scorpio ii turnier Wagon 1996-1998 EU,Ford,Scorpio ii turnier,Wagon,1996-1998,三厢车,两厢车,通用标准：Wagon,,
EU,Ford Sierra BNC L4511 W1720 H1428 Wagon 1982-1986 EU,Ford,Sierra,Wagon,1982-1986,三厢车,两厢车,通用标准：Wagon,,
EU,Ford Sierra BNC L4522 W1729 H1438 Wagon 1982-1986 EU,Ford,Sierra,Wagon,1982-1986,三厢车,两厢车,通用标准：Wagon,,
EU,Ford Sierra BNG Wagon 1987-1988 EU,Ford,Sierra,Wagon,1987-1988,三厢车,两厢车,通用标准：Wagon,,
EU,Ford Sierra BNG facelift L4544 W1720 H1476 Wagon 1989-1993 EU,Ford,Sierra,Wagon,1989-1993,三厢车,两厢车,通用标准：Wagon,,
EU,Ford Sierra BNG facelift L4544 W1720 H1488 Wagon 1989-1993 EU,Ford,Sierra,Wagon,1989-1993,三厢车,两厢车,通用标准：Wagon,,
EU,Ford Sierra BNG facelift Wagon 1987-1993 EU,Ford,Sierra,Wagon,1987-1993,三厢车,两厢车,通用标准：Wagon,,
EU,Ford Sierra BNG prefl L4511 W1720 H1410 Wagon 1989-1993 EU,Ford,Sierra,Wagon,1989-1993,三厢车,两厢车,通用标准：Wagon,,
EU,Ford Sierra BNG prefl L4511 W1720 H1428 Wagon 1989-1993 EU,Ford,Sierra,Wagon,1989-1993,三厢车,两厢车,通用标准：Wagon,,
EU,Ford Sierra BNG prefl Wagon 1987-1993 EU,Ford,Sierra,Wagon,1987-1993,三厢车,两厢车,通用标准：Wagon,,
EU,Ford Sierra Wagon 1982-1986 EU,Ford,Sierra,Wagon,1982-1986,三厢车,两厢车,通用标准：Wagon,,
EU,Ford Sierra Wagon 1987-1988 EU,Ford,Sierra,Wagon,1987-1988,三厢车,两厢车,通用标准：Wagon,,
EU,Ford Sierra Wagon 1987-1993 EU,Ford,Sierra,Wagon,1987-1993,三厢车,两厢车,通用标准：Wagon,,
EU,Ford Sierra Wagon 1988-1993 EU,Ford,Sierra,Wagon,1988-1993,三厢车,两厢车,通用标准：Wagon,,
EU,Ford Sierra Wagon 1989-1993 EU,Ford,Sierra,Wagon,1989-1993,三厢车,两厢车,通用标准：Wagon,,
EU,Ford Sierra Wagon 1990-1993 EU,Ford,Sierra,Wagon,1990-1993,三厢车,两厢车,通用标准：Wagon,,
EU,Ford Sierra Wagon 1991-1993 EU,Ford,Sierra,Wagon,1991-1993,三厢车,两厢车,通用标准：Wagon,,
EU,Ford Sierra facelift L4544 W1720 H1476 Wagon 1988-1993 EU,Ford,Sierra,Wagon,1988-1993,三厢车,两厢车,通用标准：Wagon,,
EU,Ford Sierra facelift L4544 W1720 H1488 Wagon 1988-1993 EU,Ford,Sierra,Wagon,1988-1993,三厢车,两厢车,通用标准：Wagon,,
EU,Ford Sierra ghia Wagon 1982-1984 EU,Ford,Sierra,Wagon,1982-1984,三厢车,两厢车,通用标准：Wagon,,
EU,Ford Sierra ghia Wagon 1982-1986 EU,Ford,Sierra,Wagon,1982-1986,三厢车,两厢车,通用标准：Wagon,,
EU,Ford Sierra ghia Wagon 1984-1986 EU,Ford,Sierra,Wagon,1984-1986,三厢车,两厢车,通用标准：Wagon,,
EU,Ford Sierra ghia Wagon 1985-1986 EU,Ford,Sierra,Wagon,1985-1986,三厢车,两厢车,通用标准：Wagon,,
EU,Ford Sierra prefl Wagon 1988-1993 EU,Ford,Sierra,Wagon,1988-1993,三厢车,两厢车,通用标准：Wagon,,
EU,Ford Sierra std Wagon 1982-1984 EU,Ford,Sierra,Wagon,1982-1984,三厢车,两厢车,通用标准：Wagon,,
EU,Ford Sierra std Wagon 1982-1986 EU,Ford,Sierra,Wagon,1982-1986,三厢车,两厢车,通用标准：Wagon,,
EU,Ford Sierra std Wagon 1984-1986 EU,Ford,Sierra,Wagon,1984-1986,三厢车,两厢车,通用标准：Wagon,,
EU,Ford Sierra std Wagon 1985-1986 EU,Ford,Sierra,Wagon,1985-1986,三厢车,两厢车,通用标准：Wagon,,
EU,Ford Taunus G13 g13 early Wagon 1953-1963 EU,Ford,Taunus,Wagon,1953-1963,三厢车,两厢车,通用标准：Wagon,,
EU,Ford Taunus G13 g13 late Wagon 1953-1963 EU,Ford,Taunus,Wagon,1953-1963,三厢车,两厢车,通用标准：Wagon,,
EU,Ford Taunus G13AL Wagon 1953-1963 EU,Ford,Taunus,Wagon,1953-1963,三厢车,两厢车,通用标准：Wagon,,
EU,Ford Taunus GBNS Wagon 1975-1979 EU,Ford,Taunus,Wagon,1975-1979,三厢车,两厢车,通用标准：Wagon,,
EU,Ford Taunus GBNS Wagon 1979-1982 EU,Ford,Taunus,Wagon,1979-1982,三厢车,两厢车,通用标准：Wagon,,
EU,Ford Taunus P2 Wagon 1957-1960 EU,Ford,Taunus,Wagon,1957-1960,三厢车,两厢车,通用标准：Wagon,,
EU,Ford Taunus P3 Wagon 1960-1965 EU,Ford,Taunus,Wagon,1960-1965,三厢车,两厢车,通用标准：Wagon,,
EU,Ford Taunus P4 Wagon 1963-1967 EU,Ford,Taunus,Wagon,1963-1967,三厢车,两厢车,通用标准：Wagon,,
EU,Ford Taunus P6 Wagon 1966-1971 EU,Ford,Taunus,Wagon,1966-1971,三厢车,两厢车,通用标准：Wagon,,
EU,Ford Taunus Wagon 1964-1967 EU,Ford,Taunus,Wagon,1964-1967,三厢车,两厢车,通用标准：Wagon,,
EU,Ford Taunus Wagon 1970-1976 EU,Ford,Taunus,Wagon,1970-1976,三厢车,两厢车,通用标准：Wagon,,
EU,Ford Taunus Wagon 1974-1975 EU,Ford,Taunus,Wagon,1974-1975,三厢车,两厢车,通用标准：Wagon,,
EU,Ford Taunus Wagon 1975-1979 EU,Ford,Taunus,Wagon,1975-1979,三厢车,两厢车,通用标准：Wagon,,
EU,Ford Taunus Wagon 1976-1979 EU,Ford,Taunus,Wagon,1976-1979,三厢车,两厢车,通用标准：Wagon,,
EU,Ford Taunus longbumper Wagon 1979-1982 EU,Ford,Taunus,Wagon,1979-1982,三厢车,两厢车,通用标准：Wagon,,
EU,Ford Taunus p5 Wagon 1964-1968 EU,Ford,Taunus,Wagon,1964-1968,三厢车,两厢车,通用标准：Wagon,,
EU,Ford Taunus p7a Wagon 1964-1968 EU,Ford,Taunus,Wagon,1964-1968,三厢车,两厢车,通用标准：Wagon,,
EU,Ford Taunus p7a Wagon 1967-1974 EU,Ford,Taunus,Wagon,1967-1974,三厢车,两厢车,通用标准：Wagon,,
EU,Ford Taunus p7a Wagon 1968-1974 EU,Ford,Taunus,Wagon,1968-1974,三厢车,两厢车,通用标准：Wagon,,
EU,Ford Taunus p7b Wagon 1967-1974 EU,Ford,Taunus,Wagon,1967-1974,三厢车,两厢车,通用标准：Wagon,,
EU,Ford Taunus p7b Wagon 1968-1974 EU,Ford,Taunus,Wagon,1968-1974,三厢车,两厢车,通用标准：Wagon,,
EU,Ford Taunus standard Wagon 1979-1982 EU,Ford,Taunus,Wagon,1979-1982,三厢车,两厢车,通用标准：Wagon,,
EU,Ford Taunus tc1 Wagon 1975-1979 EU,Ford,Taunus,Wagon,1975-1979,三厢车,两厢车,通用标准：Wagon,,
EU,Ford Taunus tc2 Wagon 1975-1979 EU,Ford,Taunus,Wagon,1975-1979,三厢车,两厢车,通用标准：Wagon,,
EU,Ford Tourneo connect / grand v408 großraumlimousi V408 lwb MPV 2018-2022 EU,Ford,Tourneo connect / grand v408 großraumlimousi,MPV,2018-2022,越野车,两厢车,通用标准：MPV,,
EU,Ford Tourneo connect / grand v408 großraumlimousi V408 lwb facelift MPV 2013-2022 EU,Ford,Tourneo connect / grand v408 großraumlimousi,MPV,2013-2022,越野车,两厢车,通用标准：MPV,,
EU,Ford Tourneo connect / grand v408 großraumlimousi V408 lwb facelift MPV 2015-2022 EU,Ford,Tourneo connect / grand v408 großraumlimousi,MPV,2015-2022,越野车,两厢车,通用标准：MPV,,
EU,Ford Tourneo connect / grand v408 großraumlimousi V408 lwb facelift MPV 2016-2022 EU,Ford,Tourneo connect / grand v408 großraumlimousi,MPV,2016-2022,越野车,两厢车,通用标准：MPV,,
EU,Ford Tourneo connect / grand v408 großraumlimousi V408 lwb facelift MPV 2018-2022 EU,Ford,Tourneo connect / grand v408 großraumlimousi,MPV,2018-2022,越野车,两厢车,通用标准：MPV,,
EU,Ford Tourneo connect / grand v408 großraumlimousi V408 lwb prefl MPV 2013-2022 EU,Ford,Tourneo connect / grand v408 großraumlimousi,MPV,2013-2022,越野车,两厢车,通用标准：MPV,,
EU,Ford Tourneo connect / grand v408 großraumlimousi V408 lwb prefl MPV 2015-2022 EU,Ford,Tourneo connect / grand v408 großraumlimousi,MPV,2015-2022,越野车,两厢车,通用标准：MPV,,
EU,Ford Tourneo connect / grand v408 großraumlimousi V408 lwb prefl MPV 2016-2022 EU,Ford,Tourneo connect / grand v408 großraumlimousi,MPV,2016-2022,越野车,两厢车,通用标准：MPV,,
EU,Ford Tourneo connect / grand v408 großraumlimousi V408 swb MPV 2018-2022 EU,Ford,Tourneo connect / grand v408 großraumlimousi,MPV,2018-2022,越野车,两厢车,通用标准：MPV,,
EU,Ford Tourneo connect / grand v408 großraumlimousi V408 swb facelift MPV 2013-2022 EU,Ford,Tourneo connect / grand v408 großraumlimousi,MPV,2013-2022,越野车,两厢车,通用标准：MPV,,
EU,Ford Tourneo connect / grand v408 großraumlimousi V408 swb facelift MPV 2015-2022 EU,Ford,Tourneo connect / grand v408 großraumlimousi,MPV,2015-2022,越野车,两厢车,通用标准：MPV,,
EU,Ford Tourneo connect / grand v408 großraumlimousi V408 swb facelift MPV 2016-2022 EU,Ford,Tourneo connect / grand v408 großraumlimousi,MPV,2016-2022,越野车,两厢车,通用标准：MPV,,
EU,Ford Tourneo connect / grand v408 großraumlimousi V408 swb facelift MPV 2018-2022 EU,Ford,Tourneo connect / grand v408 großraumlimousi,MPV,2018-2022,越野车,两厢车,通用标准：MPV,,
EU,Ford Tourneo connect / grand v408 großraumlimousi V408 swb prefl MPV 2013-2022 EU,Ford,Tourneo connect / grand v408 großraumlimousi,MPV,2013-2022,越野车,两厢车,通用标准：MPV,,
EU,Ford Tourneo connect / grand v408 großraumlimousi V408 swb prefl MPV 2015-2022 EU,Ford,Tourneo connect / grand v408 großraumlimousi,MPV,2015-2022,越野车,两厢车,通用标准：MPV,,
EU,Ford Tourneo connect / grand v408 großraumlimousi V408 swb prefl MPV 2016-2022 EU,Ford,Tourneo connect / grand v408 großraumlimousi,MPV,2016-2022,越野车,两厢车,通用标准：MPV,,
EU,Ford Tourneo connect / grand v761 großraumlimousi V761 lwb MPV 2022-2024 EU,Ford,Tourneo connect / grand v761 großraumlimousi,MPV,2022-2024,越野车,两厢车,通用标准：MPV,,
EU,Ford Tourneo connect / grand v761 großraumlimousi V761 lwb MPV 2022-2026 EU,Ford,Tourneo connect / grand v761 großraumlimousi,MPV,2022-2026,越野车,两厢车,通用标准：MPV,,
EU,Ford Tourneo connect / grand v761 großraumlimousi V761 lwb MPV 2024-2026 EU,Ford,Tourneo connect / grand v761 großraumlimousi,MPV,2024-2026,越野车,两厢车,通用标准：MPV,,
EU,Ford Tourneo connect / grand v761 großraumlimousi V761 swb MPV 2022-2024 EU,Ford,Tourneo connect / grand v761 großraumlimousi,MPV,2022-2024,越野车,两厢车,通用标准：MPV,,
EU,Ford Tourneo connect / grand v761 großraumlimousi V761 swb MPV 2022-2026 EU,Ford,Tourneo connect / grand v761 großraumlimousi,MPV,2022-2026,越野车,两厢车,通用标准：MPV,,
EU,Ford Tourneo connect / grand v761 großraumlimousi V761 swb MPV 2024-2026 EU,Ford,Tourneo connect / grand v761 großraumlimousi,MPV,2024-2026,越野车,两厢车,通用标准：MPV,,
EU,Ford Tourneo connect / grand v761 kasten/großraum V761 mpv lwb MPV 2022-2024 EU,Ford,Tourneo connect / grand v761 kasten/großraum,MPV,2022-2024,越野车,两厢车,通用标准：MPV,,
EU,Ford Tourneo connect / grand v761 kasten/großraum V761 mpv lwb MPV 2022-2026 EU,Ford,Tourneo connect / grand v761 kasten/großraum,MPV,2022-2026,越野车,两厢车,通用标准：MPV,,
EU,Ford Tourneo connect / grand v761 kasten/großraum V761 mpv lwb MPV 2024-2026 EU,Ford,Tourneo connect / grand v761 kasten/großraum,MPV,2024-2026,越野车,两厢车,通用标准：MPV,,
EU,Ford Tourneo connect / grand v761 kasten/großraum V761 mpv swb MPV 2022-2024 EU,Ford,Tourneo connect / grand v761 kasten/großraum,MPV,2022-2024,越野车,两厢车,通用标准：MPV,,
EU,Ford Tourneo connect / grand v761 kasten/großraum V761 mpv swb MPV 2022-2026 EU,Ford,Tourneo connect / grand v761 kasten/großraum,MPV,2022-2026,越野车,两厢车,通用标准：MPV,,
EU,Ford Tourneo connect / grand v761 kasten/großraum V761 mpv swb MPV 2024-2026 EU,Ford,Tourneo connect / grand v761 kasten/großraum,MPV,2024-2026,越野车,两厢车,通用标准：MPV,,
EU,Ford Tourneo connect / grand v761 kasten/großraum V761 van lwb Van 2022-2024 EU,Ford,Tourneo connect / grand v761 kasten/großraum,Van,2022-2024,越野车,两厢车,通用标准：Van,,
EU,Ford Tourneo connect / grand v761 kasten/großraum V761 van lwb Van 2022-2026 EU,Ford,Tourneo connect / grand v761 kasten/großraum,Van,2022-2026,越野车,两厢车,通用标准：Van,,
EU,Ford Tourneo connect / grand v761 kasten/großraum V761 van lwb Van 2024-2026 EU,Ford,Tourneo connect / grand v761 kasten/großraum,Van,2024-2026,越野车,两厢车,通用标准：Van,,
EU,Ford Tourneo connect / grand v761 kasten/großraum V761 van swb Van 2022-2024 EU,Ford,Tourneo connect / grand v761 kasten/großraum,Van,2022-2024,越野车,两厢车,通用标准：Van,,
EU,Ford Tourneo connect / grand v761 kasten/großraum V761 van swb Van 2022-2026 EU,Ford,Tourneo connect / grand v761 kasten/großraum,Van,2022-2026,越野车,两厢车,通用标准：Van,,
EU,Ford Tourneo connect / grand v761 kasten/großraum V761 van swb Van 2024-2026 EU,Ford,Tourneo connect / grand v761 kasten/großraum,Van,2024-2026,越野车,两厢车,通用标准：Van,,
EU,Ford Tourneo connect lwb MPV 2006-2013 EU,Ford,Tourneo connect,MPV,2006-2013,越野车,两厢车,通用标准：MPV,,
EU,Ford Tourneo connect lwb facelift06 MPV 2002-2013 EU,Ford,Tourneo connect,MPV,2002-2013,越野车,两厢车,通用标准：MPV,,
EU,Ford Tourneo connect lwb facelift09 MPV 2002-2013 EU,Ford,Tourneo connect,MPV,2002-2013,越野车,两厢车,通用标准：MPV,,
EU,Ford Tourneo connect lwb prefl MPV 2002-2013 EU,Ford,Tourneo connect,MPV,2002-2013,越野车,两厢车,通用标准：MPV,,
EU,Ford Tourneo connect swb MPV 2006-2013 EU,Ford,Tourneo connect,MPV,2006-2013,越野车,两厢车,通用标准：MPV,,
EU,Ford Tourneo connect swb facelift06 MPV 2002-2013 EU,Ford,Tourneo connect,MPV,2002-2013,越野车,两厢车,通用标准：MPV,,
EU,Ford Tourneo connect swb facelift09 MPV 2002-2013 EU,Ford,Tourneo connect,MPV,2002-2013,越野车,两厢车,通用标准：MPV,,
EU,Ford Tourneo connect swb prefl MPV 2002-2013 EU,Ford,Tourneo connect,MPV,2002-2013,越野车,两厢车,通用标准：MPV,,
EU,Ford Tourneo courier b460 B460 MPV 2014-2023 EU,Ford,Tourneo courier b460,MPV,2014-2023,越野车,两厢车,通用标准：MPV,,
EU,Ford Tourneo courier b460 B460 MPV 2015-2023 EU,Ford,Tourneo courier b460,MPV,2015-2023,越野车,两厢车,通用标准：MPV,,
EU,Ford Tourneo courier b460 B460 MPV 2018-2023 EU,Ford,Tourneo courier b460,MPV,2018-2023,越野车,两厢车,通用标准：MPV,,
EU,Ford Tourneo courier v769 V769 active MPV 2023-2026 EU,Ford,Tourneo courier v769,MPV,2023-2026,越野车,两厢车,通用标准：MPV,,
EU,Ford Tourneo courier v769 V769 active MPV 2024-2026 EU,Ford,Tourneo courier v769,MPV,2024-2026,越野车,两厢车,通用标准：MPV,,
EU,Ford Tourneo courier v769 V769 std MPV 2023-2026 EU,Ford,Tourneo courier v769,MPV,2023-2026,越野车,两厢车,通用标准：MPV,,
EU,Ford Tourneo courier v769 V769 std MPV 2024-2026 EU,Ford,Tourneo courier v769,MPV,2024-2026,越野车,两厢车,通用标准：MPV,,
EU,Ford Tourneo custom v362 V362 l1 MPV 2019-2023 EU,Ford,Tourneo custom v362,MPV,2019-2023,越野车,两厢车,通用标准：MPV,,
EU,Ford Tourneo custom v362 V362 l1 MPV 2020-2023 EU,Ford,Tourneo custom v362,MPV,2020-2023,越野车,两厢车,通用标准：MPV,,
EU,Ford Tourneo custom v362 V362 l2 MPV 2019-2023 EU,Ford,Tourneo custom v362,MPV,2019-2023,越野车,两厢车,通用标准：MPV,,
EU,Ford Tourneo custom v362 V362 l2 MPV 2020-2023 EU,Ford,Tourneo custom v362,MPV,2020-2023,越野车,两厢车,通用标准：MPV,,
EU,Ford Tourneo custom v362 V362 lwb MPV 2012-2015 EU,Ford,Tourneo custom v362,MPV,2012-2015,越野车,两厢车,通用标准：MPV,,
EU,Ford Tourneo custom v362 V362 lwb MPV 2022-2023 EU,Ford,Tourneo custom v362,MPV,2022-2023,越野车,两厢车,通用标准：MPV,,
EU,Ford Tourneo custom v362 V362 lwb facelift MPV 2015-2023 EU,Ford,Tourneo custom v362,MPV,2015-2023,越野车,两厢车,通用标准：MPV,,
EU,Ford Tourneo custom v362 V362 lwb prefl MPV 2015-2023 EU,Ford,Tourneo custom v362,MPV,2015-2023,越野车,两厢车,通用标准：MPV,,
EU,Ford Tourneo custom v362 V362 swb MPV 2012-2015 EU,Ford,Tourneo custom v362,MPV,2012-2015,越野车,两厢车,通用标准：MPV,,
EU,Ford Tourneo custom v362 V362 swb MPV 2022-2023 EU,Ford,Tourneo custom v362,MPV,2022-2023,越野车,两厢车,通用标准：MPV,,
EU,Ford Tourneo custom v362 V362 swb facelift MPV 2015-2023 EU,Ford,Tourneo custom v362,MPV,2015-2023,越野车,两厢车,通用标准：MPV,,
EU,Ford Tourneo custom v362 V362 swb prefl MPV 2015-2023 EU,Ford,Tourneo custom v362,MPV,2015-2023,越野车,两厢车,通用标准：MPV,,
EU,Ford Tourneo custom v710 V710 lwb MPV 2023-2026 EU,Ford,Tourneo custom v710,MPV,2023-2026,越野车,两厢车,通用标准：MPV,,
EU,Ford Tourneo custom v710 V710 lwb MPV 2024-2026 EU,Ford,Tourneo custom v710,MPV,2024-2026,越野车,两厢车,通用标准：MPV,,
EU,Ford Tourneo custom v710 V710 lwb MPV 2025-2026 EU,Ford,Tourneo custom v710,MPV,2025-2026,越野车,两厢车,通用标准：MPV,,
EU,Ford Tourneo custom v710 V710 swb MPV 2023-2026 EU,Ford,Tourneo custom v710,MPV,2023-2026,越野车,两厢车,通用标准：MPV,,
EU,Ford Tourneo custom v710 V710 swb MPV 2024-2026 EU,Ford,Tourneo custom v710,MPV,2024-2026,越野车,两厢车,通用标准：MPV,,
EU,Ford Tourneo custom v710 V710 swb MPV 2025-2026 EU,Ford,Tourneo custom v710,MPV,2025-2026,越野车,两厢车,通用标准：MPV,,
EU,Ford Transit 15seat Bus 2006-2014 EU,Ford,Transit,Bus,2006-2014,越野车,两厢车,通用标准：Bus,,
EU,Ford Transit 17seat highroof Bus 2006-2014 EU,Ford,Transit,Bus,2006-2014,越野车,两厢车,通用标准：Bus,,
EU,Ford Transit 17seat medroof Bus 2006-2014 EU,Ford,Transit,Bus,2006-2014,越野车,两厢车,通用标准：Bus,,
EU,Ford Transit 72E1A Bus 1971-1973 EU,Ford,Transit,Bus,1971-1973,越野车,两厢车,通用标准：Bus,,
EU,Ford Transit 72E2X Bus 1971-1978 EU,Ford,Transit,Bus,1971-1978,越野车,两厢车,通用标准：Bus,,
EU,Ford Transit 72E3C Bus 1971-1973 EU,Ford,Transit,Bus,1971-1973,越野车,两厢车,通用标准：Bus,,
EU,Ford Transit 81E4SA Bus 1965-1973 EU,Ford,Transit,Bus,1965-1973,越野车,两厢车,通用标准：Bus,,
EU,Ford Transit 81E4SA Bus 1967-1973 EU,Ford,Transit,Bus,1967-1973,越野车,两厢车,通用标准：Bus,,
EU,Ford Transit 820000 Bus 1966-1973 EU,Ford,Transit,Bus,1966-1973,越野车,两厢车,通用标准：Bus,,
EU,Ford Transit Bus 1971-1978 EU,Ford,Transit,Bus,1971-1978,越野车,两厢车,通用标准：Bus,,
EU,Ford Transit Bus 2007-2014 EU,Ford,Transit,Bus,2007-2014,越野车,两厢车,通用标准：Bus,,
EU,Ford Transit FK1250 S2 Van 1957-1967 EU,Ford,Transit,Van,1957-1967,越野车,两厢车,通用标准：Van,,
EU,Ford Transit FT100 Van 1971-1978 EU,Ford,Transit,Van,1971-1978,越野车,两厢车,通用标准：Van,,
EU,Ford Transit L5230 W1974 H2363 Bus 2008-2014 EU,Ford,Transit,Bus,2008-2014,越野车,两厢车,通用标准：Bus,,
EU,Ford Transit L6474 W2084 H2380 Bus 2008-2014 EU,Ford,Transit,Bus,2008-2014,越野车,两厢车,通用标准：Bus,,
EU,Ford Transit MPV 1955-1967 EU,Ford,Transit,MPV,1955-1967,越野车,两厢车,通用标准：MPV,,
EU,Ford Transit TAS Van 1985-1992 EU,Ford,Transit,Van,1985-1992,越野车,两厢车,通用标准：Van,,
EU,Ford Transit TBS MPV 1985-1992 EU,Ford,Transit,MPV,1985-1992,越野车,两厢车,通用标准：MPV,,
EU,Ford Transit TCL MPV 1985-1992 EU,Ford,Transit,MPV,1985-1992,越野车,两厢车,通用标准：MPV,,
EU,Ford Transit TCS MPV 1985-1992 EU,Ford,Transit,MPV,1985-1992,越野车,两厢车,通用标准：MPV,,
EU,Ford Transit V184 lwb highroof Van 2001-2006 EU,Ford,Transit,Van,2001-2006,越野车,两厢车,通用标准：Van,,
EU,Ford Transit V184 lwb midroof Van 2001-2006 EU,Ford,Transit,Van,2001-2006,越野车,两厢车,通用标准：Van,,
EU,Ford Transit V184 mwb highroof Van 2001-2006 EU,Ford,Transit,Van,2001-2006,越野车,两厢车,通用标准：Van,,
EU,Ford Transit V184 mwb midroof Van 2001-2006 EU,Ford,Transit,Van,2001-2006,越野车,两厢车,通用标准：Van,,
EU,Ford Transit V184 swb lowroof Van 2001-2006 EU,Ford,Transit,Van,2001-2006,越野车,两厢车,通用标准：Van,,
EU,Ford Transit V184 swb midroof Van 2001-2006 EU,Ford,Transit,Van,2001-2006,越野车,两厢车,通用标准：Van,,
EU,Ford Transit V185 lwb highroof Van 2000-2003 EU,Ford,Transit,Van,2000-2003,越野车,两厢车,通用标准：Van,,
EU,Ford Transit V185 lwb highroof Van 2000-2006 EU,Ford,Transit,Van,2000-2006,越野车,两厢车,通用标准：Van,,
EU,Ford Transit V185 lwb highroof Van 2001-2006 EU,Ford,Transit,Van,2001-2006,越野车,两厢车,通用标准：Van,,
EU,Ford Transit V185 lwb highroof Van 2002-2006 EU,Ford,Transit,Van,2002-2006,越野车,两厢车,通用标准：Van,,
EU,Ford Transit V185 lwb highroof Van 2004-2006 EU,Ford,Transit,Van,2004-2006,越野车,两厢车,通用标准：Van,,
EU,Ford Transit V185 lwb mediumroof Van 2000-2006 EU,Ford,Transit,Van,2000-2006,越野车,两厢车,通用标准：Van,,
EU,Ford Transit V185 lwb mediumroof Van 2001-2006 EU,Ford,Transit,Van,2001-2006,越野车,两厢车,通用标准：Van,,
EU,Ford Transit V185 lwb mediumroof Van 2002-2006 EU,Ford,Transit,Van,2002-2006,越野车,两厢车,通用标准：Van,,
EU,Ford Transit V185 lwb mediumroof Van 2004-2006 EU,Ford,Transit,Van,2004-2006,越野车,两厢车,通用标准：Van,,
EU,Ford Transit V185 lwb medroof Van 2000-2003 EU,Ford,Transit,Van,2000-2003,越野车,两厢车,通用标准：Van,,
EU,Ford Transit V185 mwb highroof Van 2000-2003 EU,Ford,Transit,Van,2000-2003,越野车,两厢车,通用标准：Van,,
EU,Ford Transit V185 mwb highroof Van 2000-2006 EU,Ford,Transit,Van,2000-2006,越野车,两厢车,通用标准：Van,,
EU,Ford Transit V185 mwb highroof Van 2001-2006 EU,Ford,Transit,Van,2001-2006,越野车,两厢车,通用标准：Van,,
EU,Ford Transit V185 mwb highroof Van 2002-2006 EU,Ford,Transit,Van,2002-2006,越野车,两厢车,通用标准：Van,,
EU,Ford Transit V185 mwb highroof Van 2004-2006 EU,Ford,Transit,Van,2004-2006,越野车,两厢车,通用标准：Van,,
EU,Ford Transit V185 mwb mediumroof Van 2000-2006 EU,Ford,Transit,Van,2000-2006,越野车,两厢车,通用标准：Van,,
EU,Ford Transit V185 mwb mediumroof Van 2001-2006 EU,Ford,Transit,Van,2001-2006,越野车,两厢车,通用标准：Van,,
EU,Ford Transit V185 mwb mediumroof Van 2002-2006 EU,Ford,Transit,Van,2002-2006,越野车,两厢车,通用标准：Van,,
EU,Ford Transit V185 mwb mediumroof Van 2004-2006 EU,Ford,Transit,Van,2004-2006,越野车,两厢车,通用标准：Van,,
EU,Ford Transit V185 mwb medroof Van 2000-2003 EU,Ford,Transit,Van,2000-2003,越野车,两厢车,通用标准：Van,,
EU,Ford Transit V185 swb lowroof Van 2000-2003 EU,Ford,Transit,Van,2000-2003,越野车,两厢车,通用标准：Van,,
EU,Ford Transit V185 swb lowroof Van 2000-2006 EU,Ford,Transit,Van,2000-2006,越野车,两厢车,通用标准：Van,,
EU,Ford Transit V185 swb lowroof Van 2001-2006 EU,Ford,Transit,Van,2001-2006,越野车,两厢车,通用标准：Van,,
EU,Ford Transit V185 swb lowroof Van 2002-2006 EU,Ford,Transit,Van,2002-2006,越野车,两厢车,通用标准：Van,,
EU,Ford Transit V185 swb lowroof Van 2004-2006 EU,Ford,Transit,Van,2004-2006,越野车,两厢车,通用标准：Van,,
EU,Ford Transit V185 swb mediumroof Van 2000-2006 EU,Ford,Transit,Van,2000-2006,越野车,两厢车,通用标准：Van,,
EU,Ford Transit V185 swb mediumroof Van 2001-2006 EU,Ford,Transit,Van,2001-2006,越野车,两厢车,通用标准：Van,,
EU,Ford Transit V185 swb mediumroof Van 2002-2006 EU,Ford,Transit,Van,2002-2006,越野车,两厢车,通用标准：Van,,
EU,Ford Transit V185 swb mediumroof Van 2004-2006 EU,Ford,Transit,Van,2004-2006,越野车,两厢车,通用标准：Van,,
EU,Ford Transit V185 swb medroof Van 2000-2003 EU,Ford,Transit,Van,2000-2003,越野车,两厢车,通用标准：Van,,
EU,Ford Transit V347 lwb highroof Van 2011-2014 EU,Ford,Transit,Van,2011-2014,越野车,两厢车,通用标准：Van,,
EU,Ford Transit V347 lwb mediumroof Van 2011-2014 EU,Ford,Transit,Van,2011-2014,越野车,两厢车,通用标准：Van,,
EU,Ford Transit V347 mwb highroof Van 2011-2014 EU,Ford,Transit,Van,2011-2014,越野车,两厢车,通用标准：Van,,
EU,Ford Transit V347 mwb lowroof Van 2011-2014 EU,Ford,Transit,Van,2011-2014,越野车,两厢车,通用标准：Van,,
EU,Ford Transit V347 mwb mediumroof Van 2011-2014 EU,Ford,Transit,Van,2011-2014,越野车,两厢车,通用标准：Van,,
EU,Ford Transit V347 swb lowroof Van 2011-2014 EU,Ford,Transit,Van,2011-2014,越野车,两厢车,通用标准：Van,,
EU,Ford Transit V347 swb mediumroof Van 2011-2014 EU,Ford,Transit,Van,2011-2014,越野车,两厢车,通用标准：Van,,
EU,Ford Transit V348 el highroof MPV 2011-2014 EU,Ford,Transit,MPV,2011-2014,越野车,两厢车,通用标准：MPV,,
EU,Ford Transit V348 el highroof drw Van 2011-2014 EU,Ford,Transit,Van,2011-2014,越野车,两厢车,通用标准：Van,,
EU,Ford Transit V348 el highroof srw Van 2011-2014 EU,Ford,Transit,Van,2011-2014,越野车,两厢车,通用标准：Van,,
EU,Ford Transit V348 el mediumroof MPV 2011-2014 EU,Ford,Transit,MPV,2011-2014,越野车,两厢车,通用标准：MPV,,
EU,Ford Transit V348 lwb highroof Van 2006-2014 EU,Ford,Transit,Van,2006-2014,越野车,两厢车,通用标准：Van,,
EU,Ford Transit V348 lwb highroof Van 2011-2014 EU,Ford,Transit,Van,2011-2014,越野车,两厢车,通用标准：Van,,
EU,Ford Transit V348 lwb mediumroof MPV 2011-2014 EU,Ford,Transit,MPV,2011-2014,越野车,两厢车,通用标准：MPV,,
EU,Ford Transit V348 lwb mediumroof Van 2006-2014 EU,Ford,Transit,Van,2006-2014,越野车,两厢车,通用标准：Van,,
EU,Ford Transit V348 lwb mediumroof Van 2011-2014 EU,Ford,Transit,Van,2011-2014,越野车,两厢车,通用标准：Van,,
EU,Ford Transit V348 mwb highroof Van 2006-2014 EU,Ford,Transit,Van,2006-2014,越野车,两厢车,通用标准：Van,,
EU,Ford Transit V348 mwb highroof Van 2011-2014 EU,Ford,Transit,Van,2011-2014,越野车,两厢车,通用标准：Van,,
EU,Ford Transit V348 mwb mediumroof Van 2006-2014 EU,Ford,Transit,Van,2006-2014,越野车,两厢车,通用标准：Van,,
EU,Ford Transit V348 mwb mediumroof Van 2011-2014 EU,Ford,Transit,Van,2011-2014,越野车,两厢车,通用标准：Van,,
EU,Ford Transit V348 swb lowroof Van 2006-2014 EU,Ford,Transit,Van,2006-2014,越野车,两厢车,通用标准：Van,,
EU,Ford Transit V348 swb lowroof Van 2011-2014 EU,Ford,Transit,Van,2011-2014,越野车,两厢车,通用标准：Van,,
EU,Ford Transit V348 swb mediumroof Van 2006-2014 EU,Ford,Transit,Van,2006-2014,越野车,两厢车,通用标准：Van,,
EU,Ford Transit V348 swb mediumroof Van 2011-2014 EU,Ford,Transit,Van,2011-2014,越野车,两厢车,通用标准：Van,,
EU,Ford Transit VE6 lwb highroof Van 1991-1994 EU,Ford,Transit,Van,1991-1994,越野车,两厢车,通用标准：Van,,
EU,Ford Transit VE6 lwb highroof Van 1992-1994 EU,Ford,Transit,Van,1992-1994,越野车,两厢车,通用标准：Van,,
EU,Ford Transit VE6 lwb highroof Van 1994-2000 EU,Ford,Transit,Van,1994-2000,越野车,两厢车,通用标准：Van,,
EU,Ford Transit VE6 lwb highroof prefl MPV 1991-1994 EU,Ford,Transit,MPV,1991-1994,越野车,两厢车,通用标准：MPV,,
EU,Ford Transit VE6 lwb midroof Van 1986-1991 EU,Ford,Transit,Van,1986-1991,越野车,两厢车,通用标准：Van,,
EU,Ford Transit VE6 lwb midroof Van 1991-1994 EU,Ford,Transit,Van,1991-1994,越野车,两厢车,通用标准：Van,,
EU,Ford Transit VE6 lwb midroof Van 1992-1994 EU,Ford,Transit,Van,1992-1994,越野车,两厢车,通用标准：Van,,
EU,Ford Transit VE6 lwb midroof Van 1994-2000 EU,Ford,Transit,Van,1994-2000,越野车,两厢车,通用标准：Van,,
EU,Ford Transit VE6 lwb midroof Van 1995-2000 EU,Ford,Transit,Van,1995-2000,越野车,两厢车,通用标准：Van,,
EU,Ford Transit VE6 mk3 lwb midroof Van 1977-1986 EU,Ford,Transit,Van,1977-1986,越野车,两厢车,通用标准：Van,,
EU,Ford Transit VE6 mk3 lwb midroof Van 1985-1992 EU,Ford,Transit,Van,1985-1992,越野车,两厢车,通用标准：Van,,
EU,Ford Transit VE6 mk3 lwb midroof Van 1991-1994 EU,Ford,Transit,Van,1991-1994,越野车,两厢车,通用标准：Van,,
EU,Ford Transit VE6 mk3 swb lowroof Van 1977-1986 EU,Ford,Transit,Van,1977-1986,越野车,两厢车,通用标准：Van,,
EU,Ford Transit VE6 mk3 swb lowroof Van 1985-1992 EU,Ford,Transit,Van,1985-1992,越野车,两厢车,通用标准：Van,,
EU,Ford Transit VE6 mk3 swb lowroof Van 1991-1994 EU,Ford,Transit,Van,1991-1994,越野车,两厢车,通用标准：Van,,
EU,Ford Transit VE6 mk3 xlwb highroof Van 1977-1986 EU,Ford,Transit,Van,1977-1986,越野车,两厢车,通用标准：Van,,
EU,Ford Transit VE6 mk3 xlwb highroof Van 1985-1992 EU,Ford,Transit,Van,1985-1992,越野车,两厢车,通用标准：Van,,
EU,Ford Transit VE6 mk3 xlwb highroof Van 1991-1994 EU,Ford,Transit,Van,1991-1994,越野车,两厢车,通用标准：Van,,
EU,Ford Transit VE6 mk4 lwb highroof Van 1985-1992 EU,Ford,Transit,Van,1985-1992,越野车,两厢车,通用标准：Van,,
EU,Ford Transit VE6 mk4 lwb midroof Van 1985-1992 EU,Ford,Transit,Van,1985-1992,越野车,两厢车,通用标准：Van,,
EU,Ford Transit VE6 mk4 swb lowroof Van 1985-1992 EU,Ford,Transit,Van,1985-1992,越野车,两厢车,通用标准：Van,,
EU,Ford Transit VE6 mk4 swb midroof Van 1985-1992 EU,Ford,Transit,Van,1985-1992,越野车,两厢车,通用标准：Van,,
EU,Ford Transit VE6 swb highroof prefl MPV 1991-1994 EU,Ford,Transit,MPV,1991-1994,越野车,两厢车,通用标准：MPV,,
EU,Ford Transit VE6 swb lowroof Van 1986-1991 EU,Ford,Transit,Van,1986-1991,越野车,两厢车,通用标准：Van,,
EU,Ford Transit VE6 swb lowroof Van 1991-1994 EU,Ford,Transit,Van,1991-1994,越野车,两厢车,通用标准：Van,,
EU,Ford Transit VE6 swb lowroof Van 1992-1994 EU,Ford,Transit,Van,1992-1994,越野车,两厢车,通用标准：Van,,
EU,Ford Transit VE6 swb lowroof Van 1994-2000 EU,Ford,Transit,Van,1994-2000,越野车,两厢车,通用标准：Van,,
EU,Ford Transit VE6 swb lowroof Van 1995-2000 EU,Ford,Transit,Van,1995-2000,越野车,两厢车,通用标准：Van,,
EU,Ford Transit VE6 swb lowroof prefl MPV 1991-1994 EU,Ford,Transit,MPV,1991-1994,越野车,两厢车,通用标准：MPV,,
EU,Ford Transit VE6 swb midroof Van 1991-1994 EU,Ford,Transit,Van,1991-1994,越野车,两厢车,通用标准：Van,,
EU,Ford Transit VE6 swb midroof Van 1992-1994 EU,Ford,Transit,Van,1992-1994,越野车,两厢车,通用标准：Van,,
EU,Ford Transit VE6 swb midroof Van 1994-2000 EU,Ford,Transit,Van,1994-2000,越野车,两厢车,通用标准：Van,,
EU,Ford Transit VE6 xlwb highroof Van 1986-1991 EU,Ford,Transit,Van,1986-1991,越野车,两厢车,通用标准：Van,,
EU,Ford Transit VE64 100l MPV 1992-1994 EU,Ford,Transit,MPV,1992-1994,越野车,两厢车,通用标准：MPV,,
EU,Ford Transit VE64 120s MPV 1992-1994 EU,Ford,Transit,MPV,1992-1994,越野车,两厢车,通用标准：MPV,,
EU,Ford Transit VE64 150s MPV 1992-1994 EU,Ford,Transit,MPV,1992-1994,越野车,两厢车,通用标准：MPV,,
EU,Ford Transit VE64 80 100s MPV 1992-1994 EU,Ford,Transit,MPV,1992-1994,越野车,两厢车,通用标准：MPV,,
EU,Ford Transit VE64 lwb 100 MPV 1991-1994 EU,Ford,Transit,MPV,1991-1994,越野车,两厢车,通用标准：MPV,,
EU,Ford Transit VE64 lwb highroof facelift MPV 1991-1994 EU,Ford,Transit,MPV,1991-1994,越野车,两厢车,通用标准：MPV,,
EU,Ford Transit VE64 lwb mediumroof facelift MPV 1991-1994 EU,Ford,Transit,MPV,1991-1994,越野车,两厢车,通用标准：MPV,,
EU,Ford Transit VE64 lwb midroof Van 1991-1994 EU,Ford,Transit,Van,1991-1994,越野车,两厢车,通用标准：Van,,
EU,Ford Transit VE64 swb 120 MPV 1991-1994 EU,Ford,Transit,MPV,1991-1994,越野车,两厢车,通用标准：MPV,,
EU,Ford Transit VE64 swb 150 MPV 1991-1994 EU,Ford,Transit,MPV,1991-1994,越野车,两厢车,通用标准：MPV,,
EU,Ford Transit VE64 swb 80 100 MPV 1991-1994 EU,Ford,Transit,MPV,1991-1994,越野车,两厢车,通用标准：MPV,,
EU,Ford Transit VE64 swb highroof facelift MPV 1991-1994 EU,Ford,Transit,MPV,1991-1994,越野车,两厢车,通用标准：MPV,,
EU,Ford Transit VE64 swb lowroof Van 1991-1994 EU,Ford,Transit,Van,1991-1994,越野车,两厢车,通用标准：Van,,
EU,Ford Transit VE64 swb lowroof facelift MPV 1991-1994 EU,Ford,Transit,MPV,1991-1994,越野车,两厢车,通用标准：MPV,,
EU,Ford Transit VE64 swb mediumroof facelift MPV 1991-1994 EU,Ford,Transit,MPV,1991-1994,越野车,两厢车,通用标准：MPV,,
EU,Ford Transit VE64 xlwb highroof Van 1991-1994 EU,Ford,Transit,Van,1991-1994,越野车,两厢车,通用标准：Van,,
EU,Ford Transit VE83 lwb mediumroof MPV 1994-2000 EU,Ford,Transit,MPV,1994-2000,越野车,两厢车,通用标准：MPV,,
EU,Ford Transit VE83 lwb mediumroof MPV 1997-2000 EU,Ford,Transit,MPV,1997-2000,越野车,两厢车,通用标准：MPV,,
EU,Ford Transit VE83 lwb mediumroof MPV 1999-2000 EU,Ford,Transit,MPV,1999-2000,越野车,两厢车,通用标准：MPV,,
EU,Ford Transit VE83 swb lowroof MPV 1994-2000 EU,Ford,Transit,MPV,1994-2000,越野车,两厢车,通用标准：MPV,,
EU,Ford Transit VE83 swb lowroof MPV 1997-2000 EU,Ford,Transit,MPV,1997-2000,越野车,两厢车,通用标准：MPV,,
EU,Ford Transit VE83 swb lowroof MPV 1999-2000 EU,Ford,Transit,MPV,1999-2000,越野车,两厢车,通用标准：MPV,,
EU,Ford Transit Van 1965-1969 EU,Ford,Transit,Van,1965-1969,越野车,两厢车,通用标准：Van,,
EU,Ford Transit Van 1965-1971 EU,Ford,Transit,Van,1965-1971,越野车,两厢车,通用标准：Van,,
EU,Ford Transit Van 1965-1973 EU,Ford,Transit,Van,1965-1973,越野车,两厢车,通用标准：Van,,
EU,Ford Transit Van 1968-1973 EU,Ford,Transit,Van,1968-1973,越野车,两厢车,通用标准：Van,,
EU,Ford Transit Van 1971-1971 EU,Ford,Transit,Van,1971-1971,越野车,两厢车,通用标准：Van,,
EU,Ford Transit Van 1971-1973 EU,Ford,Transit,Van,1971-1973,越野车,两厢车,通用标准：Van,,
EU,Ford Transit Van 1977-1986 EU,Ford,Transit,Van,1977-1986,越野车,两厢车,通用标准：Van,,
EU,Ford Transit city lwb highroof Van 2026-2026 EU,Ford,Transit city,Van,2026-2026,越野车,两厢车,通用标准：Van,,
EU,Ford Transit city swb lowroof Van 2026-2026 EU,Ford,Transit city,Van,2026-2026,越野车,两厢车,通用标准：Van,,
EU,Ford Transit connect V408 MPV 2018-2026 EU,Ford,Transit connect,MPV,2018-2026,越野车,两厢车,通用标准：MPV,,
EU,Ford Transit connect V408 lwb 5seat MPV 2013-2026 EU,Ford,Transit connect,MPV,2013-2026,越野车,两厢车,通用标准：MPV,,
EU,Ford Transit connect V408 lwb 5seat MPV 2015-2026 EU,Ford,Transit connect,MPV,2015-2026,越野车,两厢车,通用标准：MPV,,
EU,Ford Transit connect V408 lwb 7seat MPV 2013-2026 EU,Ford,Transit connect,MPV,2013-2026,越野车,两厢车,通用标准：MPV,,
EU,Ford Transit connect V408 lwb 7seat MPV 2015-2026 EU,Ford,Transit connect,MPV,2015-2026,越野车,两厢车,通用标准：MPV,,
EU,Ford Transit connect V408 lwb MPV 2018-2026 EU,Ford,Transit connect,MPV,2018-2026,越野车,两厢车,通用标准：MPV,,
EU,Ford Transit connect V408 swb MPV 2013-2026 EU,Ford,Transit connect,MPV,2013-2026,越野车,两厢车,通用标准：MPV,,
EU,Ford Transit connect V408 swb MPV 2015-2026 EU,Ford,Transit connect,MPV,2015-2026,越野车,两厢车,通用标准：MPV,,
EU,Ford Transit connect V408 swb MPV 2018-2026 EU,Ford,Transit connect,MPV,2018-2026,越野车,两厢车,通用标准：MPV,,
EU,Ford Transit connect Van 2010-2013 EU,Ford,Transit connect,Van,2010-2013,越野车,两厢车,通用标准：Van,,
EU,Ford Transit connect lwb highroof Van 2006-2013 EU,Ford,Transit connect,Van,2006-2013,越野车,两厢车,通用标准：Van,,
EU,Ford Transit connect mpv lwb MPV 2002-2013 EU,Ford,Transit connect,MPV,2002-2013,越野车,两厢车,通用标准：MPV,,
EU,Ford Transit connect mpv swb MPV 2002-2013 EU,Ford,Transit connect,MPV,2002-2013,越野车,两厢车,通用标准：MPV,,
EU,Ford Transit connect swb lowroof Van 2006-2013 EU,Ford,Transit connect,Van,2006-2013,越野车,两厢车,通用标准：Van,,
EU,Ford Transit connect v408 V408 lwb MPV 2018-2026 EU,Ford,Transit connect v408,MPV,2018-2026,越野车,两厢车,通用标准：MPV,,
EU,Ford Transit connect v408 V408 lwb facelift Van 2018-2026 EU,Ford,Transit connect v408,Van,2018-2026,越野车,两厢车,通用标准：Van,,
EU,Ford Transit connect v408 V408 lwb facelift Van 2021-2026 EU,Ford,Transit connect v408,Van,2021-2026,越野车,两厢车,通用标准：Van,,
EU,Ford Transit connect v408 V408 lwb prefl Van 2013-2026 EU,Ford,Transit connect v408,Van,2013-2026,越野车,两厢车,通用标准：Van,,
EU,Ford Transit connect v408 V408 lwb prefl Van 2015-2026 EU,Ford,Transit connect v408,Van,2015-2026,越野车,两厢车,通用标准：Van,,
EU,Ford Transit connect v408 V408 lwb prefl Van 2016-2026 EU,Ford,Transit connect v408,Van,2016-2026,越野车,两厢车,通用标准：Van,,
EU,Ford Transit connect v408 V408 mpv lwb MPV 2018-2026 EU,Ford,Transit connect v408,MPV,2018-2026,越野车,两厢车,通用标准：MPV,,
EU,Ford Transit connect v408 V408 mpv swb MPV 2018-2026 EU,Ford,Transit connect v408,MPV,2018-2026,越野车,两厢车,通用标准：MPV,,
EU,Ford Transit connect v408 V408 swb MPV 2018-2026 EU,Ford,Transit connect v408,MPV,2018-2026,越野车,两厢车,通用标准：MPV,,
EU,Ford Transit connect v408 V408 swb facelift Van 2018-2026 EU,Ford,Transit connect v408,Van,2018-2026,越野车,两厢车,通用标准：Van,,
EU,Ford Transit connect v408 V408 swb facelift Van 2021-2026 EU,Ford,Transit connect v408,Van,2021-2026,越野车,两厢车,通用标准：Van,,
EU,Ford Transit connect v408 V408 swb prefl Van 2013-2026 EU,Ford,Transit connect v408,Van,2013-2026,越野车,两厢车,通用标准：Van,,
EU,Ford Transit connect v408 V408 swb prefl Van 2015-2026 EU,Ford,Transit connect v408,Van,2015-2026,越野车,两厢车,通用标准：Van,,
EU,Ford Transit connect v408 V408 swb prefl Van 2016-2026 EU,Ford,Transit connect v408,Van,2016-2026,越野车,两厢车,通用标准：Van,,
EU,Ford Transit connect v761 V761 lwb Van 2024-2024 EU,Ford,Transit connect v761,Van,2024-2024,越野车,两厢车,通用标准：Van,,
EU,Ford Transit connect v761 V761 lwb Van 2024-2026 EU,Ford,Transit connect v761,Van,2024-2026,越野车,两厢车,通用标准：Van,,
EU,Ford Transit connect v761 V761 swb Van 2024-2024 EU,Ford,Transit connect v761,Van,2024-2024,越野车,两厢车,通用标准：Van,,
EU,Ford Transit connect v761 V761 swb Van 2024-2026 EU,Ford,Transit connect v761,Van,2024-2026,越野车,两厢车,通用标准：Van,,
EU,Ford Transit connect van lwb Van 2002-2013 EU,Ford,Transit connect,Van,2002-2013,越野车,两厢车,通用标准：Van,,
EU,Ford Transit connect van swb Van 2002-2013 EU,Ford,Transit connect,Van,2002-2013,越野车,两厢车,通用标准：Van,,
EU,Ford Transit courier b460 B460 MPV 2014-2023 EU,Ford,Transit courier b460,MPV,2014-2023,越野车,两厢车,通用标准：MPV,,
EU,Ford Transit courier b460 B460 MPV 2015-2023 EU,Ford,Transit courier b460,MPV,2015-2023,越野车,两厢车,通用标准：MPV,,
EU,Ford Transit courier b460 B460 MPV 2018-2023 EU,Ford,Transit courier b460,MPV,2018-2023,越野车,两厢车,通用标准：MPV,,
EU,Ford Transit courier b460 B460 Van 2014-2023 EU,Ford,Transit courier b460,Van,2014-2023,越野车,两厢车,通用标准：Van,,
EU,Ford Transit courier b460 B460 Van 2015-2023 EU,Ford,Transit courier b460,Van,2015-2023,越野车,两厢车,通用标准：Van,,
EU,Ford Transit courier b460 B460 Van 2018-2023 EU,Ford,Transit courier b460,Van,2018-2023,越野车,两厢车,通用标准：Van,,
EU,Ford Transit courier v769 V769 MPV 2023-2026 EU,Ford,Transit courier v769,MPV,2023-2026,越野车,两厢车,通用标准：MPV,,
EU,Ford Transit courier v769 V769 Van 2023-2026 EU,Ford,Transit courier v769,Van,2023-2026,越野车,两厢车,通用标准：Van,,
EU,Ford Transit courier v769 V769 Van 2024-2026 EU,Ford,Transit courier v769,Van,2024-2026,越野车,两厢车,通用标准：Van,,
EU,Ford Transit custom v362 V362 Bus 2020-2023 EU,Ford,Transit custom v362,Bus,2020-2023,越野车,两厢车,通用标准：Bus,,
EU,Ford Transit custom v362 V362 Van 2020-2023 EU,Ford,Transit custom v362,Van,2020-2023,越野车,两厢车,通用标准：Van,,
EU,Ford Transit custom v362 V362 l1h1 Bus 2019-2023 EU,Ford,Transit custom v362,Bus,2019-2023,越野车,两厢车,通用标准：Bus,,
EU,Ford Transit custom v362 V362 l1h1 Van 2019-2023 EU,Ford,Transit custom v362,Van,2019-2023,越野车,两厢车,通用标准：Van,,
EU,Ford Transit custom v362 V362 l1h1 facelift MPV 2015-2023 EU,Ford,Transit custom v362,MPV,2015-2023,越野车,两厢车,通用标准：MPV,,
EU,Ford Transit custom v362 V362 l1h1 facelift MPV 2022-2023 EU,Ford,Transit custom v362,MPV,2022-2023,越野车,两厢车,通用标准：MPV,,
EU,Ford Transit custom v362 V362 l1h1 facelift Van 2015-2023 EU,Ford,Transit custom v362,Van,2015-2023,越野车,两厢车,通用标准：Van,,
EU,Ford Transit custom v362 V362 l1h1 prefl Van 2012-2015 EU,Ford,Transit custom v362,Van,2012-2015,越野车,两厢车,通用标准：Van,,
EU,Ford Transit custom v362 V362 l1h1 prefl Van 2012-2016 EU,Ford,Transit custom v362,Van,2012-2016,越野车,两厢车,通用标准：Van,,
EU,Ford Transit custom v362 V362 l1h1 prefl Van 2015-2023 EU,Ford,Transit custom v362,Van,2015-2023,越野车,两厢车,通用标准：Van,,
EU,Ford Transit custom v362 V362 l1h2 Bus 2019-2023 EU,Ford,Transit custom v362,Bus,2019-2023,越野车,两厢车,通用标准：Bus,,
EU,Ford Transit custom v362 V362 l1h2 Van 2019-2023 EU,Ford,Transit custom v362,Van,2019-2023,越野车,两厢车,通用标准：Van,,
EU,Ford Transit custom v362 V362 l1h2 facelift MPV 2015-2023 EU,Ford,Transit custom v362,MPV,2015-2023,越野车,两厢车,通用标准：MPV,,
EU,Ford Transit custom v362 V362 l1h2 facelift MPV 2022-2023 EU,Ford,Transit custom v362,MPV,2022-2023,越野车,两厢车,通用标准：MPV,,
EU,Ford Transit custom v362 V362 l1h2 facelift Van 2015-2023 EU,Ford,Transit custom v362,Van,2015-2023,越野车,两厢车,通用标准：Van,,
EU,Ford Transit custom v362 V362 l1h2 prefl Van 2012-2015 EU,Ford,Transit custom v362,Van,2012-2015,越野车,两厢车,通用标准：Van,,
EU,Ford Transit custom v362 V362 l1h2 prefl Van 2012-2016 EU,Ford,Transit custom v362,Van,2012-2016,越野车,两厢车,通用标准：Van,,
EU,Ford Transit custom v362 V362 l1h2 prefl Van 2015-2023 EU,Ford,Transit custom v362,Van,2015-2023,越野车,两厢车,通用标准：Van,,
EU,Ford Transit custom v362 V362 l2h1 Bus 2019-2023 EU,Ford,Transit custom v362,Bus,2019-2023,越野车,两厢车,通用标准：Bus,,
EU,Ford Transit custom v362 V362 l2h1 Van 2019-2023 EU,Ford,Transit custom v362,Van,2019-2023,越野车,两厢车,通用标准：Van,,
EU,Ford Transit custom v362 V362 l2h1 facelift MPV 2015-2023 EU,Ford,Transit custom v362,MPV,2015-2023,越野车,两厢车,通用标准：MPV,,
EU,Ford Transit custom v362 V362 l2h1 facelift MPV 2022-2023 EU,Ford,Transit custom v362,MPV,2022-2023,越野车,两厢车,通用标准：MPV,,
EU,Ford Transit custom v362 V362 l2h1 facelift Van 2015-2023 EU,Ford,Transit custom v362,Van,2015-2023,越野车,两厢车,通用标准：Van,,
EU,Ford Transit custom v362 V362 l2h1 prefl Van 2012-2015 EU,Ford,Transit custom v362,Van,2012-2015,越野车,两厢车,通用标准：Van,,
EU,Ford Transit custom v362 V362 l2h1 prefl Van 2012-2016 EU,Ford,Transit custom v362,Van,2012-2016,越野车,两厢车,通用标准：Van,,
EU,Ford Transit custom v362 V362 l2h1 prefl Van 2015-2023 EU,Ford,Transit custom v362,Van,2015-2023,越野车,两厢车,通用标准：Van,,
EU,Ford Transit custom v362 V362 l2h2 Bus 2019-2023 EU,Ford,Transit custom v362,Bus,2019-2023,越野车,两厢车,通用标准：Bus,,
EU,Ford Transit custom v362 V362 l2h2 Van 2019-2023 EU,Ford,Transit custom v362,Van,2019-2023,越野车,两厢车,通用标准：Van,,
EU,Ford Transit custom v362 V362 l2h2 facelift MPV 2015-2023 EU,Ford,Transit custom v362,MPV,2015-2023,越野车,两厢车,通用标准：MPV,,
EU,Ford Transit custom v362 V362 l2h2 facelift MPV 2022-2023 EU,Ford,Transit custom v362,MPV,2022-2023,越野车,两厢车,通用标准：MPV,,
EU,Ford Transit custom v362 V362 l2h2 facelift Van 2015-2023 EU,Ford,Transit custom v362,Van,2015-2023,越野车,两厢车,通用标准：Van,,
EU,Ford Transit custom v362 V362 l2h2 prefl Van 2012-2015 EU,Ford,Transit custom v362,Van,2012-2015,越野车,两厢车,通用标准：Van,,
EU,Ford Transit custom v362 V362 l2h2 prefl Van 2012-2016 EU,Ford,Transit custom v362,Van,2012-2016,越野车,两厢车,通用标准：Van,,
EU,Ford Transit custom v362 V362 l2h2 prefl Van 2015-2023 EU,Ford,Transit custom v362,Van,2015-2023,越野车,两厢车,通用标准：Van,,
EU,Ford Transit custom v362 l1h1 Van 2012-2015 EU,Ford,Transit custom v362,Van,2012-2015,越野车,两厢车,通用标准：Van,,
EU,Ford Transit custom v362 l1h2 Van 2012-2015 EU,Ford,Transit custom v362,Van,2012-2015,越野车,两厢车,通用标准：Van,,
EU,Ford Transit custom v362 l2h1 Van 2012-2015 EU,Ford,Transit custom v362,Van,2012-2015,越野车,两厢车,通用标准：Van,,
EU,Ford Transit custom v362 l2h2 Van 2012-2015 EU,Ford,Transit custom v362,Van,2012-2015,越野车,两厢车,通用标准：Van,,
EU,Ford Transit custom v710 NRN l1h1 Van 2023-2026 EU,Ford,Transit custom v710,Van,2023-2026,越野车,两厢车,通用标准：Van,,
EU,Ford Transit custom v710 NRN l1h1 Van 2024-2026 EU,Ford,Transit custom v710,Van,2024-2026,越野车,两厢车,通用标准：Van,,
EU,Ford Transit custom v710 NRN l1h1 Van 2025-2026 EU,Ford,Transit custom v710,Van,2025-2026,越野车,两厢车,通用标准：Van,,
EU,Ford Transit custom v710 NRN l2h1 Van 2023-2026 EU,Ford,Transit custom v710,Van,2023-2026,越野车,两厢车,通用标准：Van,,
EU,Ford Transit custom v710 NRN l2h1 Van 2024-2026 EU,Ford,Transit custom v710,Van,2024-2026,越野车,两厢车,通用标准：Van,,
EU,Ford Transit custom v710 NRN l2h1 Van 2025-2026 EU,Ford,Transit custom v710,Van,2025-2026,越野车,两厢车,通用标准：Van,,
EU,Ford Transit custom v710 NXN l1h1 MPV 2024-2026 EU,Ford,Transit custom v710,MPV,2024-2026,越野车,两厢车,通用标准：MPV,,
EU,Ford Transit custom v710 NXN l1h1 MPV 2025-2026 EU,Ford,Transit custom v710,MPV,2025-2026,越野车,两厢车,通用标准：MPV,,
EU,Ford Transit custom v710 NXN l2h1 MPV 2024-2026 EU,Ford,Transit custom v710,MPV,2024-2026,越野车,两厢车,通用标准：MPV,,
EU,Ford Transit custom v710 NXN l2h1 MPV 2025-2026 EU,Ford,Transit custom v710,MPV,2025-2026,越野车,两厢车,通用标准：MPV,,
EU,Ford Transit jumbo drw highroof Van 2006-2014 EU,Ford,Transit,Van,2006-2014,越野车,两厢车,通用标准：Van,,
EU,Ford Transit jumbo drw highroof Van 2007-2014 EU,Ford,Transit,Van,2007-2014,越野车,两厢车,通用标准：Van,,
EU,Ford Transit jumbo drw medroof Bus 2006-2014 EU,Ford,Transit,Bus,2006-2014,越野车,两厢车,通用标准：Bus,,
EU,Ford Transit jumbo highroof drw Van 2006-2014 EU,Ford,Transit,Van,2006-2014,越野车,两厢车,通用标准：Van,,
EU,Ford Transit jumbo highroof srw Van 2006-2014 EU,Ford,Transit,Van,2006-2014,越野车,两厢车,通用标准：Van,,
EU,Ford Transit jumbo srw highroof Van 2006-2014 EU,Ford,Transit,Van,2006-2014,越野车,两厢车,通用标准：Van,,
EU,Ford Transit jumbo srw highroof Van 2007-2014 EU,Ford,Transit,Van,2007-2014,越野车,两厢车,通用标准：Van,,
EU,Ford Transit lwb Bus 1977-1986 EU,Ford,Transit,Bus,1977-1986,越野车,两厢车,通用标准：Bus,,
EU,Ford Transit lwb Bus 1978-1985 EU,Ford,Transit,Bus,1978-1985,越野车,两厢车,通用标准：Bus,,
EU,Ford Transit lwb Bus 1985-1989 EU,Ford,Transit,Bus,1985-1989,越野车,两厢车,通用标准：Bus,,
EU,Ford Transit lwb MPV 1994-2000 EU,Ford,Transit,MPV,1994-2000,越野车,两厢车,通用标准：MPV,,
EU,Ford Transit lwb highroof Bus 1983-1986 EU,Ford,Transit,Bus,1983-1986,越野车,两厢车,通用标准：Bus,,
EU,Ford Transit lwb highroof L5680 W1974 H2590 Van 2006-2014 EU,Ford,Transit,Van,2006-2014,越野车,两厢车,通用标准：Van,,
EU,Ford Transit lwb highroof L5680 W1974 H2599 Van 2006-2014 EU,Ford,Transit,Van,2006-2014,越野车,两厢车,通用标准：Van,,
EU,Ford Transit lwb highroof L5680 W1974 H2599 Van 2007-2014 EU,Ford,Transit,Van,2007-2014,越野车,两厢车,通用标准：Van,,
EU,Ford Transit lwb highroof L5680 W1974 H2606 Van 2006-2014 EU,Ford,Transit,Van,2006-2014,越野车,两厢车,通用标准：Van,,
EU,Ford Transit lwb highroof L5680 W1974 H2619 Van 2006-2014 EU,Ford,Transit,Van,2006-2014,越野车,两厢车,通用标准：Van,,
EU,Ford Transit lwb highroof L5751 W1974 H2619 Van 2007-2014 EU,Ford,Transit,Van,2007-2014,越野车,两厢车,通用标准：Van,,
EU,Ford Transit lwb highroof Van 2008-2014 EU,Ford,Transit,Van,2008-2014,越野车,两厢车,通用标准：Van,,
EU,Ford Transit lwb highroof facelift Van 1988-1992 EU,Ford,Transit,Van,1988-1992,越野车,两厢车,通用标准：Van,,
EU,Ford Transit lwb highroof facelift Van 1991-1994 EU,Ford,Transit,Van,1991-1994,越野车,两厢车,通用标准：Van,,
EU,Ford Transit lwb medroof L5680 W1974 H2381 Van 2006-2014 EU,Ford,Transit,Van,2006-2014,越野车,两厢车,通用标准：Van,,
EU,Ford Transit lwb medroof L5680 W1974 H2384 Van 2006-2014 EU,Ford,Transit,Van,2006-2014,越野车,两厢车,通用标准：Van,,
EU,Ford Transit lwb medroof L5680 W1974 H2384 Van 2007-2014 EU,Ford,Transit,Van,2007-2014,越野车,两厢车,通用标准：Van,,
EU,Ford Transit lwb medroof L5680 W1974 H2394 Van 2006-2014 EU,Ford,Transit,Van,2006-2014,越野车,两厢车,通用标准：Van,,
EU,Ford Transit lwb medroof L5680 W1974 H2403 Van 2006-2014 EU,Ford,Transit,Van,2006-2014,越野车,两厢车,通用标准：Van,,
EU,Ford Transit lwb medroof L5751 W1974 H2403 Van 2007-2014 EU,Ford,Transit,Van,2007-2014,越野车,两厢车,通用标准：Van,,
EU,Ford Transit lwb medroof Van 2008-2014 EU,Ford,Transit,Van,2008-2014,越野车,两厢车,通用标准：Van,,
EU,Ford Transit lwb midroof Van 1985-1989 EU,Ford,Transit,Van,1985-1989,越野车,两厢车,通用标准：Van,,
EU,Ford Transit lwb midroof Van 1988-1991 EU,Ford,Transit,Van,1988-1991,越野车,两厢车,通用标准：Van,,
EU,Ford Transit lwb midroof Van 1988-1992 EU,Ford,Transit,Van,1988-1992,越野车,两厢车,通用标准：Van,,
EU,Ford Transit lwb midroof facelift Van 1988-1992 EU,Ford,Transit,Van,1988-1992,越野车,两厢车,通用标准：Van,,
EU,Ford Transit lwb midroof facelift Van 1991-1994 EU,Ford,Transit,Van,1991-1994,越野车,两厢车,通用标准：Van,,
EU,Ford Transit lwb pre92 Bus 1985-1992 EU,Ford,Transit,Bus,1985-1992,越野车,两厢车,通用标准：Bus,,
EU,Ford Transit mk1 swb lowroof Bus 1977-1982 EU,Ford,Transit,Bus,1977-1982,越野车,两厢车,通用标准：Bus,,
EU,Ford Transit mk1 swb lowroof Bus 1977-1986 EU,Ford,Transit,Bus,1977-1986,越野车,两厢车,通用标准：Bus,,
EU,Ford Transit mk2 lwb highroof Bus 1977-1982 EU,Ford,Transit,Bus,1977-1982,越野车,两厢车,通用标准：Bus,,
EU,Ford Transit mk2 lwb highroof Bus 1985-1992 EU,Ford,Transit,Bus,1985-1992,越野车,两厢车,通用标准：Bus,,
EU,Ford Transit mk2 swb lowroof Bus 1977-1982 EU,Ford,Transit,Bus,1977-1982,越野车,两厢车,通用标准：Bus,,
EU,Ford Transit mk2 swb lowroof Bus 1985-1992 EU,Ford,Transit,Bus,1985-1992,越野车,两厢车,通用标准：Bus,,
EU,Ford Transit mwb highroof L5230 W1974 H2594 Van 2006-2014 EU,Ford,Transit,Van,2006-2014,越野车,两厢车,通用标准：Van,,
EU,Ford Transit mwb highroof L5230 W1974 H2601 Van 2006-2014 EU,Ford,Transit,Van,2006-2014,越野车,两厢车,通用标准：Van,,
EU,Ford Transit mwb highroof L5230 W1974 H2611 Van 2006-2014 EU,Ford,Transit,Van,2006-2014,越野车,两厢车,通用标准：Van,,
EU,Ford Transit mwb highroof L5230 W1974 H2620 Van 2006-2014 EU,Ford,Transit,Van,2006-2014,越野车,两厢车,通用标准：Van,,
EU,Ford Transit mwb highroof Van 2007-2014 EU,Ford,Transit,Van,2007-2014,越野车,两厢车,通用标准：Van,,
EU,Ford Transit mwb highroof Van 2008-2014 EU,Ford,Transit,Van,2008-2014,越野车,两厢车,通用标准：Van,,
EU,Ford Transit mwb lowroof L5230 W1974 H2047 Van 2006-2014 EU,Ford,Transit,Van,2006-2014,越野车,两厢车,通用标准：Van,,
EU,Ford Transit mwb lowroof L5230 W1974 H2056 Van 2006-2014 EU,Ford,Transit,Van,2006-2014,越野车,两厢车,通用标准：Van,,
EU,Ford Transit mwb lowroof Van 2007-2014 EU,Ford,Transit,Van,2007-2014,越野车,两厢车,通用标准：Van,,
EU,Ford Transit mwb lowroof Van 2008-2014 EU,Ford,Transit,Van,2008-2014,越野车,两厢车,通用标准：Van,,
EU,Ford Transit mwb medroof L5230 W1974 H2363 Van 2006-2014 EU,Ford,Transit,Van,2006-2014,越野车,两厢车,通用标准：Van,,
EU,Ford Transit mwb medroof L5230 W1974 H2363 Van 2007-2014 EU,Ford,Transit,Van,2007-2014,越野车,两厢车,通用标准：Van,,
EU,Ford Transit mwb medroof L5230 W1974 H2371 Van 2006-2014 EU,Ford,Transit,Van,2006-2014,越野车,两厢车,通用标准：Van,,
EU,Ford Transit mwb medroof L5230 W1974 H2371 Van 2007-2014 EU,Ford,Transit,Van,2007-2014,越野车,两厢车,通用标准：Van,,
EU,Ford Transit mwb medroof L5230 W1974 H2390 Van 2006-2014 EU,Ford,Transit,Van,2006-2014,越野车,两厢车,通用标准：Van,,
EU,Ford Transit mwb medroof L5230 W1974 H2397 Van 2006-2014 EU,Ford,Transit,Van,2006-2014,越野车,两厢车,通用标准：Van,,
EU,Ford Transit mwb medroof Van 2008-2014 EU,Ford,Transit,Van,2008-2014,越野车,两厢车,通用标准：Van,,
EU,Ford Transit swb Bus 1977-1986 EU,Ford,Transit,Bus,1977-1986,越野车,两厢车,通用标准：Bus,,
EU,Ford Transit swb Bus 1978-1985 EU,Ford,Transit,Bus,1978-1985,越野车,两厢车,通用标准：Bus,,
EU,Ford Transit swb Bus 1985-1989 EU,Ford,Transit,Bus,1985-1989,越野车,两厢车,通用标准：Bus,,
EU,Ford Transit swb MPV 1994-2000 EU,Ford,Transit,MPV,1994-2000,越野车,两厢车,通用标准：MPV,,
EU,Ford Transit swb lowroof Bus 1983-1986 EU,Ford,Transit,Bus,1983-1986,越野车,两厢车,通用标准：Bus,,
EU,Ford Transit swb lowroof L4863 W1974 H2067 Van 2006-2014 EU,Ford,Transit,Van,2006-2014,越野车,两厢车,通用标准：Van,,
EU,Ford Transit swb lowroof L4863 W1974 H2070 Van 2006-2014 EU,Ford,Transit,Van,2006-2014,越野车,两厢车,通用标准：Van,,
EU,Ford Transit swb lowroof L4863 W1974 H2083 Van 2006-2014 EU,Ford,Transit,Van,2006-2014,越野车,两厢车,通用标准：Van,,
EU,Ford Transit swb lowroof L4863 W1974 H2089 Van 2006-2014 EU,Ford,Transit,Van,2006-2014,越野车,两厢车,通用标准：Van,,
EU,Ford Transit swb lowroof Van 1985-1989 EU,Ford,Transit,Van,1985-1989,越野车,两厢车,通用标准：Van,,
EU,Ford Transit swb lowroof Van 1988-1991 EU,Ford,Transit,Van,1988-1991,越野车,两厢车,通用标准：Van,,
EU,Ford Transit swb lowroof Van 1988-1992 EU,Ford,Transit,Van,1988-1992,越野车,两厢车,通用标准：Van,,
EU,Ford Transit swb lowroof Van 2007-2014 EU,Ford,Transit,Van,2007-2014,越野车,两厢车,通用标准：Van,,
EU,Ford Transit swb lowroof Van 2008-2014 EU,Ford,Transit,Van,2008-2014,越野车,两厢车,通用标准：Van,,
EU,Ford Transit swb lowroof facelift Van 1988-1992 EU,Ford,Transit,Van,1988-1992,越野车,两厢车,通用标准：Van,,
EU,Ford Transit swb lowroof facelift Van 1991-1994 EU,Ford,Transit,Van,1991-1994,越野车,两厢车,通用标准：Van,,
EU,Ford Transit swb medroof L4863 W1974 H2383 Van 2006-2014 EU,Ford,Transit,Van,2006-2014,越野车,两厢车,通用标准：Van,,
EU,Ford Transit swb medroof L4863 W1974 H2385 Van 2006-2014 EU,Ford,Transit,Van,2006-2014,越野车,两厢车,通用标准：Van,,
EU,Ford Transit swb medroof L4863 W1974 H2398 Van 2006-2014 EU,Ford,Transit,Van,2006-2014,越野车,两厢车,通用标准：Van,,
EU,Ford Transit swb medroof L4863 W1974 H2405 Van 2006-2014 EU,Ford,Transit,Van,2006-2014,越野车,两厢车,通用标准：Van,,
EU,Ford Transit swb medroof Van 2007-2014 EU,Ford,Transit,Van,2007-2014,越野车,两厢车,通用标准：Van,,
EU,Ford Transit swb medroof Van 2008-2014 EU,Ford,Transit,Van,2008-2014,越野车,两厢车,通用标准：Van,,
EU,Ford Transit swb midroof facelift Van 1988-1992 EU,Ford,Transit,Van,1988-1992,越野车,两厢车,通用标准：Van,,
EU,Ford Transit swb midroof facelift Van 1991-1994 EU,Ford,Transit,Van,1991-1994,越野车,两厢车,通用标准：Van,,
EU,Ford Transit swb post92 Bus 1985-1992 EU,Ford,Transit,Bus,1985-1992,越野车,两厢车,通用标准：Bus,,
EU,Ford Transit swb pre92 Bus 1985-1992 EU,Ford,Transit,Bus,1985-1992,越野车,两厢车,通用标准：Bus,,
EU,Ford Transit tourneo Bus 2000-2003 EU,Ford,Transit tourneo,Bus,2000-2003,越野车,两厢车,通用标准：Bus,,
EU,Ford Transit tourneo Bus 2000-2005 EU,Ford,Transit tourneo,Bus,2000-2005,越野车,两厢车,通用标准：Bus,,
EU,Ford Transit tourneo Bus 2002-2006 EU,Ford,Transit tourneo,Bus,2002-2006,越野车,两厢车,通用标准：Bus,,
EU,Ford Transit tourneo Bus 2011-2014 EU,Ford,Transit tourneo,Bus,2011-2014,越野车,两厢车,通用标准：Bus,,
EU,Ford Transit tourneo MPV 2006-2014 EU,Ford,Transit tourneo,MPV,2006-2014,越野车,两厢车,通用标准：MPV,,
EU,Ford Transit tourneo MPV 2007-2014 EU,Ford,Transit tourneo,MPV,2007-2014,越野车,两厢车,通用标准：MPV,,
EU,Ford Transit tourneo MPV 2008-2014 EU,Ford,Transit tourneo,MPV,2008-2014,越野车,两厢车,通用标准：MPV,,
EU,Ford Transit tourneo VE83 MPV 1994-2000 EU,Ford,Transit tourneo,MPV,1994-2000,越野车,两厢车,通用标准：MPV,,
EU,Ford Transit tourneo VE83 MPV 1998-2000 EU,Ford,Transit tourneo,MPV,1998-2000,越野车,两厢车,通用标准：MPV,,
EU,Ford Transit v363 V363 l2h2 L5531 W2059 H2490 Van 2016-2024 EU,Ford,Transit v363,Van,2016-2024,越野车,两厢车,通用标准：Van,,
EU,Ford Transit v363 V363 l2h2 L5531 W2059 H2490 Van 2016-2026 EU,Ford,Transit v363,Van,2016-2026,越野车,两厢车,通用标准：Van,,
EU,Ford Transit v363 V363 l2h2 L5531 W2059 H2490 Van 2019-2024 EU,Ford,Transit v363,Van,2019-2024,越野车,两厢车,通用标准：Van,,
EU,Ford Transit v363 V363 l2h2 L5531 W2059 H2490 Van 2019-2026 EU,Ford,Transit v363,Van,2019-2026,越野车,两厢车,通用标准：Van,,
EU,Ford Transit v363 V363 l2h2 L5531 W2059 H2534 Van 2015-2018 EU,Ford,Transit v363,Van,2015-2018,越野车,两厢车,通用标准：Van,,
EU,Ford Transit v363 V363 l2h2 L5531 W2059 H2542 Van 2016-2024 EU,Ford,Transit v363,Van,2016-2024,越野车,两厢车,通用标准：Van,,
EU,Ford Transit v363 V363 l2h2 L5531 W2059 H2542 Van 2016-2026 EU,Ford,Transit v363,Van,2016-2026,越野车,两厢车,通用标准：Van,,
EU,Ford Transit v363 V363 l2h2 L5531 W2059 H2542 Van 2019-2024 EU,Ford,Transit v363,Van,2019-2024,越野车,两厢车,通用标准：Van,,
EU,Ford Transit v363 V363 l2h2 L5531 W2059 H2542 Van 2019-2026 EU,Ford,Transit v363,Van,2019-2026,越野车,两厢车,通用标准：Van,,
EU,Ford Transit v363 V363 l2h2 L5531 W2059 H2550 Van 2015-2018 EU,Ford,Transit v363,Van,2015-2018,越野车,两厢车,通用标准：Van,,
EU,Ford Transit v363 V363 l2h2 Van 2013-2018 EU,Ford,Transit v363,Van,2013-2018,越野车,两厢车,通用标准：Van,,
EU,Ford Transit v363 V363 l2h2 Van 2014-2018 EU,Ford,Transit v363,Van,2014-2018,越野车,两厢车,通用标准：Van,,
EU,Ford Transit v363 V363 l2h2 Van 2017-2024 EU,Ford,Transit v363,Van,2017-2024,越野车,两厢车,通用标准：Van,,
EU,Ford Transit v363 V363 l2h2 Van 2017-2026 EU,Ford,Transit v363,Van,2017-2026,越野车,两厢车,通用标准：Van,,
EU,Ford Transit v363 V363 l2h2 Van 2022-2025 EU,Ford,Transit v363,Van,2022-2025,越野车,两厢车,通用标准：Van,,
EU,Ford Transit v363 V363 l2h2 Van 2025-2026 EU,Ford,Transit v363,Van,2025-2026,越野车,两厢车,通用标准：Van,,
EU,Ford Transit v363 V363 l2h3 L5531 W2059 H2771 Van 2015-2018 EU,Ford,Transit v363,Van,2015-2018,越野车,两厢车,通用标准：Van,,
EU,Ford Transit v363 V363 l2h3 L5531 W2059 H2789 Van 2015-2018 EU,Ford,Transit v363,Van,2015-2018,越野车,两厢车,通用标准：Van,,
EU,Ford Transit v363 V363 l2h3 Van 2013-2018 EU,Ford,Transit v363,Van,2013-2018,越野车,两厢车,通用标准：Van,,
EU,Ford Transit v363 V363 l2h3 Van 2014-2018 EU,Ford,Transit v363,Van,2014-2018,越野车,两厢车,通用标准：Van,,
EU,Ford Transit v363 V363 l2h3 Van 2016-2024 EU,Ford,Transit v363,Van,2016-2024,越野车,两厢车,通用标准：Van,,
EU,Ford Transit v363 V363 l2h3 Van 2016-2026 EU,Ford,Transit v363,Van,2016-2026,越野车,两厢车,通用标准：Van,,
EU,Ford Transit v363 V363 l2h3 Van 2017-2024 EU,Ford,Transit v363,Van,2017-2024,越野车,两厢车,通用标准：Van,,
EU,Ford Transit v363 V363 l2h3 Van 2017-2026 EU,Ford,Transit v363,Van,2017-2026,越野车,两厢车,通用标准：Van,,
EU,Ford Transit v363 V363 l2h3 Van 2019-2024 EU,Ford,Transit v363,Van,2019-2024,越野车,两厢车,通用标准：Van,,
EU,Ford Transit v363 V363 l2h3 Van 2019-2026 EU,Ford,Transit v363,Van,2019-2026,越野车,两厢车,通用标准：Van,,
EU,Ford Transit v363 V363 l2h3 Van 2022-2025 EU,Ford,Transit v363,Van,2022-2025,越野车,两厢车,通用标准：Van,,
EU,Ford Transit v363 V363 l2h3 Van 2025-2026 EU,Ford,Transit v363,Van,2025-2026,越野车,两厢车,通用标准：Van,,
EU,Ford Transit v363 V363 l3h2 L5981 W2059 H2533 Van 2015-2018 EU,Ford,Transit v363,Van,2015-2018,越野车,两厢车,通用标准：Van,,
EU,Ford Transit v363 V363 l3h2 L5981 W2059 H2541 Van 2016-2024 EU,Ford,Transit v363,Van,2016-2024,越野车,两厢车,通用标准：Van,,
EU,Ford Transit v363 V363 l3h2 L5981 W2059 H2541 Van 2016-2026 EU,Ford,Transit v363,Van,2016-2026,越野车,两厢车,通用标准：Van,,
EU,Ford Transit v363 V363 l3h2 L5981 W2059 H2541 Van 2019-2024 EU,Ford,Transit v363,Van,2019-2024,越野车,两厢车,通用标准：Van,,
EU,Ford Transit v363 V363 l3h2 L5981 W2059 H2541 Van 2019-2026 EU,Ford,Transit v363,Van,2019-2026,越野车,两厢车,通用标准：Van,,
EU,Ford Transit v363 V363 l3h2 L5981 W2059 H2543 Van 2016-2024 EU,Ford,Transit v363,Van,2016-2024,越野车,两厢车,通用标准：Van,,
EU,Ford Transit v363 V363 l3h2 L5981 W2059 H2543 Van 2016-2026 EU,Ford,Transit v363,Van,2016-2026,越野车,两厢车,通用标准：Van,,
EU,Ford Transit v363 V363 l3h2 L5981 W2059 H2543 Van 2019-2024 EU,Ford,Transit v363,Van,2019-2024,越野车,两厢车,通用标准：Van,,
EU,Ford Transit v363 V363 l3h2 L5981 W2059 H2543 Van 2019-2026 EU,Ford,Transit v363,Van,2019-2026,越野车,两厢车,通用标准：Van,,
EU,Ford Transit v363 V363 l3h2 L5981 W2059 H2547 Van 2015-2018 EU,Ford,Transit v363,Van,2015-2018,越野车,两厢车,通用标准：Van,,
EU,Ford Transit v363 V363 l3h2 MPV 2013-2018 EU,Ford,Transit v363,MPV,2013-2018,越野车,两厢车,通用标准：MPV,,
EU,Ford Transit v363 V363 l3h2 Van 2013-2018 EU,Ford,Transit v363,Van,2013-2018,越野车,两厢车,通用标准：Van,,
EU,Ford Transit v363 V363 l3h2 Van 2014-2018 EU,Ford,Transit v363,Van,2014-2018,越野车,两厢车,通用标准：Van,,
EU,Ford Transit v363 V363 l3h2 Van 2017-2024 EU,Ford,Transit v363,Van,2017-2024,越野车,两厢车,通用标准：Van,,
EU,Ford Transit v363 V363 l3h2 Van 2017-2026 EU,Ford,Transit v363,Van,2017-2026,越野车,两厢车,通用标准：Van,,
EU,Ford Transit v363 V363 l3h2 Van 2022-2025 EU,Ford,Transit v363,Van,2022-2025,越野车,两厢车,通用标准：Van,,
EU,Ford Transit v363 V363 l3h2 Van 2025-2026 EU,Ford,Transit v363,Van,2025-2026,越野车,两厢车,通用标准：Van,,
EU,Ford Transit v363 V363 l3h3 L5981 W2059 H2769 Van 2015-2018 EU,Ford,Transit v363,Van,2015-2018,越野车,两厢车,通用标准：Van,,
EU,Ford Transit v363 V363 l3h3 L5981 W2059 H2780 Van 2016-2024 EU,Ford,Transit v363,Van,2016-2024,越野车,两厢车,通用标准：Van,,
EU,Ford Transit v363 V363 l3h3 L5981 W2059 H2780 Van 2016-2026 EU,Ford,Transit v363,Van,2016-2026,越野车,两厢车,通用标准：Van,,
EU,Ford Transit v363 V363 l3h3 L5981 W2059 H2780 Van 2019-2024 EU,Ford,Transit v363,Van,2019-2024,越野车,两厢车,通用标准：Van,,
EU,Ford Transit v363 V363 l3h3 L5981 W2059 H2780 Van 2019-2026 EU,Ford,Transit v363,Van,2019-2026,越野车,两厢车,通用标准：Van,,
EU,Ford Transit v363 V363 l3h3 L5981 W2059 H2782 Van 2016-2024 EU,Ford,Transit v363,Van,2016-2024,越野车,两厢车,通用标准：Van,,
EU,Ford Transit v363 V363 l3h3 L5981 W2059 H2782 Van 2016-2026 EU,Ford,Transit v363,Van,2016-2026,越野车,两厢车,通用标准：Van,,
EU,Ford Transit v363 V363 l3h3 L5981 W2059 H2782 Van 2019-2024 EU,Ford,Transit v363,Van,2019-2024,越野车,两厢车,通用标准：Van,,
EU,Ford Transit v363 V363 l3h3 L5981 W2059 H2782 Van 2019-2026 EU,Ford,Transit v363,Van,2019-2026,越野车,两厢车,通用标准：Van,,
EU,Ford Transit v363 V363 l3h3 L5981 W2059 H2786 Van 2015-2018 EU,Ford,Transit v363,Van,2015-2018,越野车,两厢车,通用标准：Van,,
EU,Ford Transit v363 V363 l3h3 MPV 2013-2018 EU,Ford,Transit v363,MPV,2013-2018,越野车,两厢车,通用标准：MPV,,
EU,Ford Transit v363 V363 l3h3 Van 2013-2018 EU,Ford,Transit v363,Van,2013-2018,越野车,两厢车,通用标准：Van,,
EU,Ford Transit v363 V363 l3h3 Van 2014-2018 EU,Ford,Transit v363,Van,2014-2018,越野车,两厢车,通用标准：Van,,
EU,Ford Transit v363 V363 l3h3 Van 2017-2024 EU,Ford,Transit v363,Van,2017-2024,越野车,两厢车,通用标准：Van,,
EU,Ford Transit v363 V363 l3h3 Van 2017-2026 EU,Ford,Transit v363,Van,2017-2026,越野车,两厢车,通用标准：Van,,
EU,Ford Transit v363 V363 l3h3 Van 2022-2025 EU,Ford,Transit v363,Van,2022-2025,越野车,两厢车,通用标准：Van,,
EU,Ford Transit v363 V363 l3h3 Van 2025-2026 EU,Ford,Transit v363,Van,2025-2026,越野车,两厢车,通用标准：Van,,
EU,Ford Transit v363 V363 l4h3 drw MPV 2013-2018 EU,Ford,Transit v363,MPV,2013-2018,越野车,两厢车,通用标准：MPV,,
EU,Ford Transit v363 V363 l4h3 drw Van 2013-2018 EU,Ford,Transit v363,Van,2013-2018,越野车,两厢车,通用标准：Van,,
EU,Ford Transit v363 V363 l4h3 drw Van 2016-2024 EU,Ford,Transit v363,Van,2016-2024,越野车,两厢车,通用标准：Van,,
EU,Ford Transit v363 V363 l4h3 drw Van 2016-2026 EU,Ford,Transit v363,Van,2016-2026,越野车,两厢车,通用标准：Van,,
EU,Ford Transit v363 V363 l4h3 drw Van 2019-2024 EU,Ford,Transit v363,Van,2019-2024,越野车,两厢车,通用标准：Van,,
EU,Ford Transit v363 V363 l4h3 drw Van 2019-2026 EU,Ford,Transit v363,Van,2019-2026,越野车,两厢车,通用标准：Van,,
EU,Ford Transit v363 V363 l4h3 srw Van 2013-2018 EU,Ford,Transit v363,Van,2013-2018,越野车,两厢车,通用标准：Van,,
EU,Ford Transit v363 V363 l4h3 srw Van 2016-2024 EU,Ford,Transit v363,Van,2016-2024,越野车,两厢车,通用标准：Van,,
EU,Ford Transit v363 V363 l4h3 srw Van 2016-2026 EU,Ford,Transit v363,Van,2016-2026,越野车,两厢车,通用标准：Van,,
EU,Ford Transit v363 V363 l4h3 srw Van 2019-2024 EU,Ford,Transit v363,Van,2019-2024,越野车,两厢车,通用标准：Van,,
EU,Ford Transit v363 V363 l4h3 srw Van 2019-2026 EU,Ford,Transit v363,Van,2019-2026,越野车,两厢车,通用标准：Van,,
EU,Ford Transit v363 V363 l4h3 srw Van 2022-2025 EU,Ford,Transit v363,Van,2022-2025,越野车,两厢车,通用标准：Van,,
EU,Ford Transit v363 V363 l4h3 srw Van 2025-2026 EU,Ford,Transit v363,Van,2025-2026,越野车,两厢车,通用标准：Van,,
EU,Ford Transit v363 l2h2 L5531 W2059 H2533 Van 2022-2026 EU,Ford,Transit v363,Van,2022-2026,越野车,两厢车,通用标准：Van,,
EU,Ford Transit v363 l2h2 L5531 W2059 H2533 Van 2023-2026 EU,Ford,Transit v363,Van,2023-2026,越野车,两厢车,通用标准：Van,,
EU,Ford Transit v363 l2h2 L5531 W2059 H2534 Van 2022-2026 EU,Ford,Transit v363,Van,2022-2026,越野车,两厢车,通用标准：Van,,
EU,Ford Transit v363 l2h2 L5531 W2059 H2534 Van 2023-2026 EU,Ford,Transit v363,Van,2023-2026,越野车,两厢车,通用标准：Van,,
EU,Ford Transit v363 l2h2 MPV 2019-2024 EU,Ford,Transit v363,MPV,2019-2024,越野车,两厢车,通用标准：MPV,,
EU,Ford Transit v363 l2h2 MPV 2019-2026 EU,Ford,Transit v363,MPV,2019-2026,越野车,两厢车,通用标准：MPV,,
EU,Ford Transit v363 l2h2 MPV 2021-2026 EU,Ford,Transit v363,MPV,2021-2026,越野车,两厢车,通用标准：MPV,,
EU,Ford Transit v363 l2h2 MPV 2022-2026 EU,Ford,Transit v363,MPV,2022-2026,越野车,两厢车,通用标准：MPV,,
EU,Ford Transit v363 l2h2 MPV 2023-2026 EU,Ford,Transit v363,MPV,2023-2026,越野车,两厢车,通用标准：MPV,,
EU,Ford Transit v363 l2h2 Van 2021-2026 EU,Ford,Transit v363,Van,2021-2026,越野车,两厢车,通用标准：Van,,
EU,Ford Transit v363 l2h3 L5531 W2059 H2769 Van 2022-2026 EU,Ford,Transit v363,Van,2022-2026,越野车,两厢车,通用标准：Van,,
EU,Ford Transit v363 l2h3 L5531 W2059 H2769 Van 2023-2026 EU,Ford,Transit v363,Van,2023-2026,越野车,两厢车,通用标准：Van,,
EU,Ford Transit v363 l2h3 L5531 W2059 H2771 Van 2022-2026 EU,Ford,Transit v363,Van,2022-2026,越野车,两厢车,通用标准：Van,,
EU,Ford Transit v363 l2h3 L5531 W2059 H2771 Van 2023-2026 EU,Ford,Transit v363,Van,2023-2026,越野车,两厢车,通用标准：Van,,
EU,Ford Transit v363 l2h3 MPV 2021-2026 EU,Ford,Transit v363,MPV,2021-2026,越野车,两厢车,通用标准：MPV,,
EU,Ford Transit v363 l2h3 MPV 2023-2026 EU,Ford,Transit v363,MPV,2023-2026,越野车,两厢车,通用标准：MPV,,
EU,Ford Transit v363 l2h3 Van 2021-2026 EU,Ford,Transit v363,Van,2021-2026,越野车,两厢车,通用标准：Van,,
EU,Ford Transit v363 l3h2 L5981 W2059 H2530 Van 2022-2026 EU,Ford,Transit v363,Van,2022-2026,越野车,两厢车,通用标准：Van,,
EU,Ford Transit v363 l3h2 L5981 W2059 H2530 Van 2023-2026 EU,Ford,Transit v363,Van,2023-2026,越野车,两厢车,通用标准：Van,,
EU,Ford Transit v363 l3h2 L5981 W2059 H2533 Van 2022-2026 EU,Ford,Transit v363,Van,2022-2026,越野车,两厢车,通用标准：Van,,
EU,Ford Transit v363 l3h2 L5981 W2059 H2533 Van 2023-2026 EU,Ford,Transit v363,Van,2023-2026,越野车,两厢车,通用标准：Van,,
EU,Ford Transit v363 l3h2 MPV 2019-2024 EU,Ford,Transit v363,MPV,2019-2024,越野车,两厢车,通用标准：MPV,,
EU,Ford Transit v363 l3h2 MPV 2019-2026 EU,Ford,Transit v363,MPV,2019-2026,越野车,两厢车,通用标准：MPV,,
EU,Ford Transit v363 l3h2 MPV 2021-2026 EU,Ford,Transit v363,MPV,2021-2026,越野车,两厢车,通用标准：MPV,,
EU,Ford Transit v363 l3h2 MPV 2022-2026 EU,Ford,Transit v363,MPV,2022-2026,越野车,两厢车,通用标准：MPV,,
EU,Ford Transit v363 l3h2 MPV 2023-2026 EU,Ford,Transit v363,MPV,2023-2026,越野车,两厢车,通用标准：MPV,,
EU,Ford Transit v363 l3h2 Van 2021-2026 EU,Ford,Transit v363,Van,2021-2026,越野车,两厢车,通用标准：Van,,
EU,Ford Transit v363 l3h3 L5981 W2059 H2767 Van 2022-2026 EU,Ford,Transit v363,Van,2022-2026,越野车,两厢车,通用标准：Van,,
EU,Ford Transit v363 l3h3 L5981 W2059 H2767 Van 2023-2026 EU,Ford,Transit v363,Van,2023-2026,越野车,两厢车,通用标准：Van,,
EU,Ford Transit v363 l3h3 L5981 W2059 H2769 Van 2022-2026 EU,Ford,Transit v363,Van,2022-2026,越野车,两厢车,通用标准：Van,,
EU,Ford Transit v363 l3h3 L5981 W2059 H2769 Van 2023-2026 EU,Ford,Transit v363,Van,2023-2026,越野车,两厢车,通用标准：Van,,
EU,Ford Transit v363 l3h3 MPV 2019-2024 EU,Ford,Transit v363,MPV,2019-2024,越野车,两厢车,通用标准：MPV,,
EU,Ford Transit v363 l3h3 MPV 2019-2026 EU,Ford,Transit v363,MPV,2019-2026,越野车,两厢车,通用标准：MPV,,
EU,Ford Transit v363 l3h3 MPV 2021-2026 EU,Ford,Transit v363,MPV,2021-2026,越野车,两厢车,通用标准：MPV,,
EU,Ford Transit v363 l3h3 MPV 2022-2026 EU,Ford,Transit v363,MPV,2022-2026,越野车,两厢车,通用标准：MPV,,
EU,Ford Transit v363 l3h3 MPV 2023-2026 EU,Ford,Transit v363,MPV,2023-2026,越野车,两厢车,通用标准：MPV,,
EU,Ford Transit v363 l3h3 Van 2021-2026 EU,Ford,Transit v363,Van,2021-2026,越野车,两厢车,通用标准：Van,,
EU,Ford Transit v363 l4h3 drw MPV 2019-2024 EU,Ford,Transit v363,MPV,2019-2024,越野车,两厢车,通用标准：MPV,,
EU,Ford Transit v363 l4h3 drw MPV 2019-2026 EU,Ford,Transit v363,MPV,2019-2026,越野车,两厢车,通用标准：MPV,,
EU,Ford Transit v363 l4h3 drw MPV 2022-2026 EU,Ford,Transit v363,MPV,2022-2026,越野车,两厢车,通用标准：MPV,,
EU,Ford Transit v363 l4h3 drw Van 2022-2026 EU,Ford,Transit v363,Van,2022-2026,越野车,两厢车,通用标准：Van,,
EU,Ford Transit v363 l4h3 drw Van 2023-2026 EU,Ford,Transit v363,Van,2023-2026,越野车,两厢车,通用标准：Van,,
EU,Ford Transit v363 l4h3 srw Van 2022-2026 EU,Ford,Transit v363,Van,2022-2026,越野车,两厢车,通用标准：Van,,
EU,Ford Transit v363 l4h3 srw Van 2023-2026 EU,Ford,Transit v363,Van,2023-2026,越野车,两厢车,通用标准：Van,,
EU,Ford Transit xlwb highroof Van 1985-1989 EU,Ford,Transit,Van,1985-1989,越野车,两厢车,通用标准：Van,,
EU,Ford Transit xlwb highroof Van 1988-1991 EU,Ford,Transit,Van,1988-1991,越野车,两厢车,通用标准：Van,,
EU,Ford Transit xlwb highroof Van 1988-1992 EU,Ford,Transit,Van,1988-1992,越野车,两厢车,通用标准：Van,,
EU,Ford USA Aerostar MPV 1985-1997 EU,Ford USA,Aerostar,MPV,1985-1997,越野车,两厢车,通用标准：MPV,,
EU,Ford USA Aerostar MPV 1989-1997 EU,Ford USA,Aerostar,MPV,1989-1997,越野车,两厢车,通用标准：MPV,,
EU,Ford USA Aerostar VN1 MPV 1991-1997 EU,Ford USA,Aerostar,MPV,1991-1997,越野车,两厢车,通用标准：MPV,,
EU,Ford USA E-350 cutaway van 138 drw Van 1982-1986 EU,Ford USA,E-350 cutaway van,Van,1982-1986,越野车,两厢车,通用标准：Van,,
EU,Ford USA E-350 cutaway van 138 srw Van 1982-1986 EU,Ford USA,E-350 cutaway van,Van,1982-1986,越野车,两厢车,通用标准：Van,,
EU,Ford USA E-350 cutaway van 158 drw Van 1982-1986 EU,Ford USA,E-350 cutaway van,Van,1982-1986,越野车,两厢车,通用标准：Van,,
EU,Ford USA Taurus Wagon 1995-1999 EU,Ford USA,Taurus,Wagon,1995-1999,三厢车,两厢车,通用标准：Wagon,,
EU,Ford USA Taurus Wagon 1996-1999 EU,Ford USA,Taurus,Wagon,1996-1999,三厢车,两厢车,通用标准：Wagon,,
EU,Ford USA Taurus Wagon 1998-1999 EU,Ford USA,Taurus,Wagon,1998-1999,三厢车,两厢车,通用标准：Wagon,,
EU,Ford USA Windstar MPV 1995-1998 EU,Ford USA,Windstar,MPV,1995-1998,越野车,两厢车,通用标准：MPV,,
EU,Ford USA Windstar MPV 1995-1999 EU,Ford USA,Windstar,MPV,1995-1999,越野车,两厢车,通用标准：MPV,,
EU,Ford USA Windstar MPV 1999-2003 EU,Ford USA,Windstar,MPV,1999-2003,越野车,两厢车,通用标准：MPV,,
EU,Ford USA Windstar MPV 2000-2004 EU,Ford USA,Windstar,MPV,2000-2004,越野车,两厢车,通用标准：MPV,,
EU,Ford USA Windstar Van 1995-1998 EU,Ford USA,Windstar,Van,1995-1998,越野车,两厢车,通用标准：Van,,
EU,Ford USA Windstar gen1 MPV 1995-2000 EU,Ford USA,Windstar,MPV,1995-2000,越野车,两厢车,通用标准：MPV,,
EU,Ford USA Windstar gen2 MPV 1995-2000 EU,Ford USA,Windstar,MPV,1995-2000,越野车,两厢车,通用标准：MPV,,
EU,Forthing U-Tour M4 MPV 2023-2026 EU,Forthing,U-Tour,MPV,2023-2026,越野车,两厢车,通用标准：MPV,,
EU,Forthing U-Tour M4 MPV 2025-2026 EU,Forthing,U-Tour,MPV,2025-2026,越野车,两厢车,通用标准：MPV,,
EU,Foton Toano l2h2 Van 2025-2026 EU,Foton,Toano,Van,2025-2026,越野车,两厢车,通用标准：Van,,
EU,Foton Toano l2h3 Van 2025-2026 EU,Foton,Toano,Van,2025-2026,越野车,两厢车,通用标准：Van,,
EU,Foton Toano l3h2 Van 2025-2026 EU,Foton,Toano,Van,2025-2026,越野车,两厢车,通用标准：Van,,
EU,Foton Toano l3h3 Van 2025-2026 EU,Foton,Toano,Van,2025-2026,越野车,两厢车,通用标准：Van,,
EU,GAZ Gazelle 2705 Van 1993-2001 EU,GAZ,Gazelle,Van,1993-2001,越野车,两厢车,通用标准：Van,,
EU,GAZ Gazelle 3221 MPV 1993-2001 EU,GAZ,Gazelle,MPV,1993-2001,越野车,两厢车,通用标准：MPV,,
EU,GAZ Gazelle GAZ-2705 Van 2003-2013 EU,GAZ,Gazelle,Van,2003-2013,越野车,两厢车,通用标准：Van,,
EU,GAZ Volga 24-02 Wagon 1972-1987 EU,GAZ,Volga,Wagon,1972-1987,三厢车,两厢车,通用标准：Wagon,,
EU,GAZ Volga GAZ-24-02 Wagon 1972-1993 EU,GAZ,Volga,Wagon,1972-1993,三厢车,两厢车,通用标准：Wagon,,
EU,GAZ Volga GAZ-24-12 Wagon 1972-1993 EU,GAZ,Volga,Wagon,1972-1993,三厢车,两厢车,通用标准：Wagon,,
EU,GAZ Volga Wagon 1972-1985 EU,GAZ,Volga,Wagon,1972-1985,三厢车,两厢车,通用标准：Wagon,,
EU,GAZ Volga Wagon 1972-1993 EU,GAZ,Volga,Wagon,1972-1993,三厢车,两厢车,通用标准：Wagon,,
EU,GAZ Volga Wagon 1985-1993 EU,GAZ,Volga,Wagon,1985-1993,三厢车,两厢车,通用标准：Wagon,,
EU,Geely Hq srv Wagon 2005-2026 EU,Geely,Hq srv,Wagon,2005-2026,三厢车,两厢车,通用标准：Wagon,,
EU,Genesis G70 Wagon 2021-2026 EU,Genesis,G70,Wagon,2021-2026,三厢车,两厢车,通用标准：Wagon,,
EU,German E Cars Plantos W906 Van 2011-2026 EU,German E Cars,Plantos,Van,2011-2026,越野车,两厢车,通用标准：Van,,
EU,Giotti Victoria Gladiator top Van 2022-2026 EU,Giotti Victoria,Gladiator top,Van,2022-2026,越野车,两厢车,通用标准：Van,,
EU,Glas Isar Wagon 1959-1963 EU,Glas,Isar,Wagon,1959-1963,三厢车,两厢车,通用标准：Wagon,,
EU,Honda Accord iii aerodeck CA5 Wagon 1986-1986 EU,Honda,Accord iii aerodeck,Wagon,1986-1986,三厢车,两厢车,通用标准：Wagon,,
EU,Honda Accord iii aerodeck Wagon 1985-1987 EU,Honda,Accord iii aerodeck,Wagon,1985-1987,三厢车,两厢车,通用标准：Wagon,,
EU,Honda Accord iii aerodeck Wagon 1985-1989 EU,Honda,Accord iii aerodeck,Wagon,1985-1989,三厢车,两厢车,通用标准：Wagon,,
EU,Honda Accord iii aerodeck Wagon 1987-1989 EU,Honda,Accord iii aerodeck,Wagon,1987-1989,三厢车,两厢车,通用标准：Wagon,,
EU,Honda Accord iv aerodeck CB8 Wagon 1991-1993 EU,Honda,Accord iv aerodeck,Wagon,1991-1993,三厢车,两厢车,通用标准：Wagon,,
EU,Honda Accord iv aerodeck Wagon 1993-1993 EU,Honda,Accord iv aerodeck,Wagon,1993-1993,三厢车,两厢车,通用标准：Wagon,,
EU,Honda Accord v aerodeck CE1 Wagon 1993-1998 EU,Honda,Accord v aerodeck,Wagon,1993-1998,三厢车,两厢车,通用标准：Wagon,,
EU,Honda Accord v aerodeck CE2 Wagon 1993-1998 EU,Honda,Accord v aerodeck,Wagon,1993-1998,三厢车,两厢车,通用标准：Wagon,,
EU,Honda Accord vii tourer CM1 Wagon 2003-2008 EU,Honda,Accord vii tourer,Wagon,2003-2008,三厢车,两厢车,通用标准：Wagon,,
EU,Honda Accord vii tourer CM2 Wagon 2003-2008 EU,Honda,Accord vii tourer,Wagon,2003-2008,三厢车,两厢车,通用标准：Wagon,,
EU,Honda Accord vii tourer CN2 Wagon 2004-2008 EU,Honda,Accord vii tourer,Wagon,2004-2008,三厢车,两厢车,通用标准：Wagon,,
EU,Honda Accord viii tourer CW1 Wagon 2008-2015 EU,Honda,Accord viii tourer,Wagon,2008-2015,三厢车,两厢车,通用标准：Wagon,,
EU,Honda Accord viii tourer CW2 Wagon 2008-2015 EU,Honda,Accord viii tourer,Wagon,2008-2015,三厢车,两厢车,通用标准：Wagon,,
EU,Honda Accord viii tourer CW3 Wagon 2008-2015 EU,Honda,Accord viii tourer,Wagon,2008-2015,三厢车,两厢车,通用标准：Wagon,,
EU,Honda Civic ii ST Wagon 1979-1983 EU,Honda,Civic ii,Wagon,1979-1983,三厢车,两厢车,通用标准：Wagon,,
EU,Honda Civic iii shuttle AR Wagon 1985-1987 EU,Honda,Civic iii shuttle,Wagon,1985-1987,三厢车,两厢车,通用标准：Wagon,,
EU,Honda Civic iii shuttle Wagon 1983-1987 EU,Honda,Civic iii shuttle,Wagon,1983-1987,三厢车,两厢车,通用标准：Wagon,,
EU,Honda Civic iv shuttle EE2 Wagon 1988-1991 EU,Honda,Civic iv shuttle,Wagon,1988-1991,三厢车,两厢车,通用标准：Wagon,,
EU,Honda Civic iv shuttle EE4 Wagon 1988-1989 EU,Honda,Civic iv shuttle,Wagon,1988-1989,三厢车,两厢车,通用标准：Wagon,,
EU,Honda Civic iv shuttle EE4 Wagon 1988-1995 EU,Honda,Civic iv shuttle,Wagon,1988-1995,三厢车,两厢车,通用标准：Wagon,,
EU,Honda Civic iv shuttle Wagon 1988-1992 EU,Honda,Civic iv shuttle,Wagon,1988-1992,三厢车,两厢车,通用标准：Wagon,,
EU,Honda Civic ix tourer facelift Wagon 2014-2016 EU,Honda,Civic ix tourer,Wagon,2014-2016,三厢车,两厢车,通用标准：Wagon,,
EU,Honda Civic ix tourer prefl Wagon 2014-2016 EU,Honda,Civic ix tourer,Wagon,2014-2016,三厢车,两厢车,通用标准：Wagon,,
EU,Honda Civic vi aerodeck MC1 Wagon 1998-2001 EU,Honda,Civic vi aerodeck,Wagon,1998-2001,三厢车,两厢车,通用标准：Wagon,,
EU,Honda Civic vi aerodeck Wagon 1998-2001 EU,Honda,Civic vi aerodeck,Wagon,1998-2001,三厢车,两厢车,通用标准：Wagon,,
EU,Honda Civic vi fastback Fastback 1994-1997 EU,Honda,Civic vi fastback,Fastback,1994-1997,跑车,三厢车,联网判定：Fastback,英国产五门 liftback（Domani 衍生），轿车长度长斜背,https://en.wikipedia.org/wiki/Honda_Civic_(sixth_generation)
EU,Honda Civic vi fastback Fastback 1995-2001 EU,Honda,Civic vi fastback,Fastback,1995-2001,跑车,三厢车,联网判定：Fastback,英国产五门 liftback（Domani 衍生），轿车长度长斜背,https://en.wikipedia.org/wiki/Honda_Civic_(sixth_generation)
EU,Honda Civic vi fastback Fastback 1997-2001 EU,Honda,Civic vi fastback,Fastback,1997-2001,跑车,三厢车,联网判定：Fastback,英国产五门 liftback（Domani 衍生），轿车长度长斜背,https://en.wikipedia.org/wiki/Honda_Civic_(sixth_generation)
EU,Honda Civic vi fastback Fastback 1998-2000 EU,Honda,Civic vi fastback,Fastback,1998-2000,跑车,三厢车,联网判定：Fastback,英国产五门 liftback（Domani 衍生），轿车长度长斜背,https://en.wikipedia.org/wiki/Honda_Civic_(sixth_generation)
EU,Honda Civic vi fastback Fastback 1998-2001 EU,Honda,Civic vi fastback,Fastback,1998-2001,跑车,三厢车,联网判定：Fastback,英国产五门 liftback（Domani 衍生），轿车长度长斜背,https://en.wikipedia.org/wiki/Honda_Civic_(sixth_generation)
EU,Honda Civic vi hatchback Fastback 1995-2001 EU,Honda,Civic vi hatchback,Fastback,1995-2001,跑车,三厢车,联网判定：Fastback,源数据代际为 Civic VI Fastback，尺寸同五门 liftback,https://en.wikipedia.org/wiki/Honda_Civic_(sixth_generation)
EU,Honda Civic vi hatchback Fastback 1998-2000 EU,Honda,Civic vi hatchback,Fastback,1998-2000,跑车,三厢车,联网判定：Fastback,源数据代际为 Civic VI Fastback，尺寸同五门 liftback,https://en.wikipedia.org/wiki/Honda_Civic_(sixth_generation)
EU,Honda Fr-V MPV 2004-2006 EU,Honda,Fr-V,MPV,2004-2006,越野车,两厢车,通用标准：MPV,,
EU,Honda Fr-V MPV 2005-2006 EU,Honda,Fr-V,MPV,2005-2006,越野车,两厢车,通用标准：MPV,,
EU,Honda Fr-V MPV 2005-2009 EU,Honda,Fr-V,MPV,2005-2009,越野车,两厢车,通用标准：MPV,,
EU,Honda Fr-V MPV 2007-2009 EU,Honda,Fr-V,MPV,2007-2009,越野车,两厢车,通用标准：MPV,,
EU,Honda Odyssey RL3 MPV 2004-2010 EU,Honda,Odyssey,MPV,2004-2010,越野车,两厢车,通用标准：MPV,,
EU,Honda Odyssey RL3 MPV 2005-2026 EU,Honda,Odyssey,MPV,2005-2026,越野车,两厢车,通用标准：MPV,,
EU,Honda Odyssey RL4 MPV 2004-2010 EU,Honda,Odyssey,MPV,2004-2010,越野车,两厢车,通用标准：MPV,,
EU,Honda Odyssey RL5 MPV 2010-2026 EU,Honda,Odyssey,MPV,2010-2026,越野车,两厢车,通用标准：MPV,,
EU,Honda Shuttle RA1 MPV 1994-1998 EU,Honda,Shuttle,MPV,1994-1998,越野车,两厢车,通用标准：MPV,,
EU,Honda Shuttle RA1 MPV 1997-2004 EU,Honda,Shuttle,MPV,1997-2004,越野车,两厢车,通用标准：MPV,,
EU,Honda Stream MPV 2001-2006 EU,Honda,Stream,MPV,2001-2006,越野车,两厢车,通用标准：MPV,,
EU,Hyundai Grace P Van 1993-1997 EU,Hyundai,Grace,Van,1993-1997,越野车,两厢车,通用标准：Van,,
EU,Hyundai Grace P Van 1997-2004 EU,Hyundai,Grace,Van,1997-2004,越野车,两厢车,通用标准：Van,,
EU,Hyundai H-1 / starex A1 Bus 2001-2004 EU,Hyundai,H-1 / starex,Bus,2001-2004,越野车,两厢车,通用标准：Bus,,
EU,Hyundai H-1 / starex A1 Bus 2006-2007 EU,Hyundai,H-1 / starex,Bus,2006-2007,越野车,两厢车,通用标准：Bus,,
EU,Hyundai H-1 / starex A1 L4695 W1820 H1880 MPV 2002-2004 EU,Hyundai,H-1 / starex,MPV,2002-2004,越野车,两厢车,通用标准：MPV,,
EU,Hyundai H-1 / starex A1 L5035 W1820 H1965 MPV 2002-2004 EU,Hyundai,H-1 / starex,MPV,2002-2004,越野车,两厢车,通用标准：MPV,,
EU,Hyundai H-1 / starex A1 MPV 1997-2004 EU,Hyundai,H-1 / starex,MPV,1997-2004,越野车,两厢车,通用标准：MPV,,
EU,Hyundai H-1 / starex A1 MPV 1997-2007 EU,Hyundai,H-1 / starex,MPV,1997-2007,越野车,两厢车,通用标准：MPV,,
EU,Hyundai H-1 / starex A1 MPV 1998-2004 EU,Hyundai,H-1 / starex,MPV,1998-2004,越野车,两厢车,通用标准：MPV,,
EU,Hyundai H-1 / starex A1 MPV 2002-2007 EU,Hyundai,H-1 / starex,MPV,2002-2007,越野车,两厢车,通用标准：MPV,,
EU,Hyundai H-1 / starex A1 MPV 2004-2007 EU,Hyundai,H-1 / starex,MPV,2004-2007,越野车,两厢车,通用标准：MPV,,
EU,Hyundai H-1 / starex A1 lwb MPV 2003-2004 EU,Hyundai,H-1 / starex,MPV,2003-2004,越野车,两厢车,通用标准：MPV,,
EU,Hyundai H-1 / starex A1 swb MPV 2003-2004 EU,Hyundai,H-1 / starex,MPV,2003-2004,越野车,两厢车,通用标准：MPV,,
EU,Hyundai H-1 / starex MPV 2001-2004 EU,Hyundai,H-1 / starex,MPV,2001-2004,越野车,两厢车,通用标准：MPV,,
EU,Hyundai H-1 A1 Van 2000-2000 EU,Hyundai,H-1,Van,2000-2000,越野车,两厢车,通用标准：Van,,
EU,Hyundai H-1 A1 Van 2000-2004 EU,Hyundai,H-1,Van,2000-2004,越野车,两厢车,通用标准：Van,,
EU,Hyundai H-1 A1 Van 2000-2006 EU,Hyundai,H-1,Van,2000-2006,越野车,两厢车,通用标准：Van,,
EU,Hyundai H-1 A1 Van 2001-2004 EU,Hyundai,H-1,Van,2001-2004,越野车,两厢车,通用标准：Van,,
EU,Hyundai H-1 A1 Van 2001-2007 EU,Hyundai,H-1,Van,2001-2007,越野车,两厢车,通用标准：Van,,
EU,Hyundai H-1 A1 Van 2003-2007 EU,Hyundai,H-1,Van,2003-2007,越野车,两厢车,通用标准：Van,,
EU,Hyundai H-1 cargo TQ L5125 W1920 H1925 Van 2008-2026 EU,Hyundai,H-1 cargo,Van,2008-2026,越野车,两厢车,通用标准：Van,,
EU,Hyundai H-1 cargo TQ L5125 W1920 H1935 Van 2008-2026 EU,Hyundai,H-1 cargo,Van,2008-2026,越野车,两厢车,通用标准：Van,,
EU,Hyundai H-1 cargo TQ L5150 W1920 H1925 Van 2008-2026 EU,Hyundai,H-1 cargo,Van,2008-2026,越野车,两厢车,通用标准：Van,,
EU,Hyundai H-1 cargo TQ Van 2009-2026 EU,Hyundai,H-1 cargo,Van,2009-2026,越野车,两厢车,通用标准：Van,,
EU,Hyundai H-1 travel TQ L5125 W1920 H1925 MPV 2008-2026 EU,Hyundai,H-1 travel,MPV,2008-2026,越野车,两厢车,通用标准：MPV,,
EU,Hyundai H-1 travel TQ L5150 W1920 H1925 MPV 2008-2026 EU,Hyundai,H-1 travel,MPV,2008-2026,越野车,两厢车,通用标准：MPV,,
EU,Hyundai H-1 travel TQ MPV 2010-2026 EU,Hyundai,H-1 travel,MPV,2010-2026,越野车,两厢车,通用标准：MPV,,
EU,Hyundai H-1 travel TQ MPV 2011-2026 EU,Hyundai,H-1 travel,MPV,2011-2026,越野车,两厢车,通用标准：MPV,,
EU,Hyundai H100 P Bus 1997-2000 EU,Hyundai,H100,Bus,1997-2000,越野车,两厢车,通用标准：Bus,,
EU,Hyundai H100 P MPV 1993-2000 EU,Hyundai,H100,MPV,1993-2000,越野车,两厢车,通用标准：MPV,,
EU,Hyundai H100 P MPV 1994-2000 EU,Hyundai,H100,MPV,1994-2000,越野车,两厢车,通用标准：MPV,,
EU,Hyundai H100 P Van 1993-1994 EU,Hyundai,H100,Van,1993-1994,越野车,两厢车,通用标准：Van,,
EU,Hyundai H100 P Van 1993-1997 EU,Hyundai,H100,Van,1993-1997,越野车,两厢车,通用标准：Van,,
EU,Hyundai H100 P Van 1994-2000 EU,Hyundai,H100,Van,1994-2000,越野车,两厢车,通用标准：Van,,
EU,Hyundai H100 P Van 1998-2003 EU,Hyundai,H100,Van,1998-2003,越野车,两厢车,通用标准：Van,,
EU,Hyundai H100 Van 1997-2003 EU,Hyundai,H100,Van,1997-2003,越野车,两厢车,通用标准：Van,,
EU,Hyundai H350 Bus 2015-2026 EU,Hyundai,H350,Bus,2015-2026,越野车,两厢车,通用标准：Bus,,
EU,Hyundai H350 lwb Van 2015-2026 EU,Hyundai,H350,Van,2015-2026,越野车,两厢车,通用标准：Van,,
EU,Hyundai H350 swb Van 2015-2026 EU,Hyundai,H350,Van,2015-2026,越野车,两厢车,通用标准：Van,,
EU,Hyundai Highway van FO MPV 2001-2004 EU,Hyundai,Highway van,MPV,2001-2004,越野车,两厢车,通用标准：MPV,,
EU,Hyundai Highway van FO MPV 2003-2004 EU,Hyundai,Highway van,MPV,2003-2004,越野车,两厢车,通用标准：MPV,,
EU,Hyundai I30 FD Wagon 2008-2012 EU,Hyundai,I30,Wagon,2008-2012,三厢车,两厢车,通用标准：Wagon,,
EU,Hyundai I30 FD Wagon 2009-2012 EU,Hyundai,I30,Wagon,2009-2012,三厢车,两厢车,通用标准：Wagon,,
EU,Hyundai I30 FD Wagon 2010-2012 EU,Hyundai,I30,Wagon,2010-2012,三厢车,两厢车,通用标准：Wagon,,
EU,Hyundai I30 FD facelift Wagon 2007-2012 EU,Hyundai,I30,Wagon,2007-2012,三厢车,两厢车,通用标准：Wagon,,
EU,Hyundai I30 FD facelift Wagon 2009-2012 EU,Hyundai,I30,Wagon,2009-2012,三厢车,两厢车,通用标准：Wagon,,
EU,Hyundai I30 FD prefl Wagon 2007-2012 EU,Hyundai,I30,Wagon,2007-2012,三厢车,两厢车,通用标准：Wagon,,
EU,Hyundai I30 GD Wagon 2012-2015 EU,Hyundai,I30,Wagon,2012-2015,三厢车,两厢车,通用标准：Wagon,,
EU,Hyundai I30 GD Wagon 2012-2017 EU,Hyundai,I30,Wagon,2012-2017,三厢车,两厢车,通用标准：Wagon,,
EU,Hyundai I30 GD Wagon 2012-2026 EU,Hyundai,I30,Wagon,2012-2026,三厢车,两厢车,通用标准：Wagon,,
EU,Hyundai I30 GD Wagon 2014-2017 EU,Hyundai,I30,Wagon,2014-2017,三厢车,两厢车,通用标准：Wagon,,
EU,Hyundai I30 GD Wagon 2015-2017 EU,Hyundai,I30,Wagon,2015-2017,三厢车,两厢车,通用标准：Wagon,,
EU,Hyundai I30 PD Wagon 2017-2020 EU,Hyundai,I30,Wagon,2017-2020,三厢车,两厢车,通用标准：Wagon,,
EU,Hyundai I30 PD Wagon 2017-2026 EU,Hyundai,I30,Wagon,2017-2026,三厢车,两厢车,通用标准：Wagon,,
EU,Hyundai I30 PD Wagon 2018-2026 EU,Hyundai,I30,Wagon,2018-2026,三厢车,两厢车,通用标准：Wagon,,
EU,Hyundai I30 PD Wagon 2020-2026 EU,Hyundai,I30,Wagon,2020-2026,三厢车,两厢车,通用标准：Wagon,,
EU,Hyundai I30 PD Wagon 2024-2026 EU,Hyundai,I30,Wagon,2024-2026,三厢车,两厢车,通用标准：Wagon,,
EU,Hyundai I30 PD Wagon 2025-2026 EU,Hyundai,I30,Wagon,2025-2026,三厢车,两厢车,通用标准：Wagon,,
EU,Hyundai I30 PD Wagon 2026-2026 EU,Hyundai,I30,Wagon,2026-2026,三厢车,两厢车,通用标准：Wagon,,
EU,Hyundai I30 PDE Fastback 2021-2026 EU,Hyundai,I30,Fastback,2021-2026,跑车,三厢车,联网判定：Fastback,i30 Fastback 五门轿跑，比两厢 i30 长 115mm、车顶更低,https://en.wikipedia.org/wiki/Hyundai_i30
EU,Hyundai I40 i cw VF Wagon 2014-2019 EU,Hyundai,I40 i cw,Wagon,2014-2019,三厢车,两厢车,通用标准：Wagon,,
EU,Hyundai I40 i cw VF Wagon 2015-2019 EU,Hyundai,I40 i cw,Wagon,2015-2019,三厢车,两厢车,通用标准：Wagon,,
EU,Hyundai I40 i cw VF Wagon 2018-2019 EU,Hyundai,I40 i cw,Wagon,2018-2019,三厢车,两厢车,通用标准：Wagon,,
EU,Hyundai I40 i cw VF facelift Wagon 2011-2019 EU,Hyundai,I40 i cw,Wagon,2011-2019,三厢车,两厢车,通用标准：Wagon,,
EU,Hyundai I40 i cw VF facelift Wagon 2012-2019 EU,Hyundai,I40 i cw,Wagon,2012-2019,三厢车,两厢车,通用标准：Wagon,,
EU,Hyundai I40 i cw VF prefl L4770 W1815 H1470 Wagon 2011-2019 EU,Hyundai,I40 i cw,Wagon,2011-2019,三厢车,两厢车,通用标准：Wagon,,
EU,Hyundai I40 i cw VF prefl L4770 W1815 H1470 Wagon 2012-2019 EU,Hyundai,I40 i cw,Wagon,2012-2019,三厢车,两厢车,通用标准：Wagon,,
EU,Hyundai I40 i cw VF prefl L4815 W1815 H1470 Wagon 2011-2019 EU,Hyundai,I40 i cw,Wagon,2011-2019,三厢车,两厢车,通用标准：Wagon,,
EU,Hyundai I40 i cw VF prefl L4815 W1815 H1470 Wagon 2012-2019 EU,Hyundai,I40 i cw,Wagon,2012-2019,三厢车,两厢车,通用标准：Wagon,,
EU,Hyundai Ix20 JC MPV 2010-2019 EU,Hyundai,Ix20,MPV,2010-2019,越野车,两厢车,通用标准：MPV,,
EU,Hyundai Ix20 JC facelift MPV 2010-2019 EU,Hyundai,Ix20,MPV,2010-2019,越野车,两厢车,通用标准：MPV,,
EU,Hyundai Ix20 JC facelift MPV 2011-2019 EU,Hyundai,Ix20,MPV,2011-2019,越野车,两厢车,通用标准：MPV,,
EU,Hyundai Ix20 JC prefl MPV 2011-2019 EU,Hyundai,Ix20,MPV,2011-2019,越野车,两厢车,通用标准：MPV,,
EU,Hyundai Lantra ii J2 Wagon 1995-2000 EU,Hyundai,Lantra ii,Wagon,1995-2000,三厢车,两厢车,通用标准：Wagon,,
EU,Hyundai Lantra ii J2 Wagon 1996-2000 EU,Hyundai,Lantra ii,Wagon,1996-2000,三厢车,两厢车,通用标准：Wagon,,
EU,Hyundai Lantra ii J2 Wagon 1997-2000 EU,Hyundai,Lantra ii,Wagon,1997-2000,三厢车,两厢车,通用标准：Wagon,,
EU,Hyundai Lantra ii J2 Wagon 1998-2000 EU,Hyundai,Lantra ii,Wagon,1998-2000,三厢车,两厢车,通用标准：Wagon,,
EU,Hyundai Lantra ii J3 Wagon 1998-2000 EU,Hyundai,Lantra ii,Wagon,1998-2000,三厢车,两厢车,通用标准：Wagon,,
EU,Hyundai Matrix FC MPV 2001-2010 EU,Hyundai,Matrix,MPV,2001-2010,越野车,两厢车,通用标准：MPV,,
EU,Hyundai Matrix FC MPV 2002-2005 EU,Hyundai,Matrix,MPV,2002-2005,越野车,两厢车,通用标准：MPV,,
EU,Hyundai Matrix FC MPV 2004-2010 EU,Hyundai,Matrix,MPV,2004-2010,越野车,两厢车,通用标准：MPV,,
EU,Hyundai Matrix FC MPV 2005-2010 EU,Hyundai,Matrix,MPV,2005-2010,越野车,两厢车,通用标准：MPV,,
EU,Hyundai Matrix FC facelift MPV 2001-2010 EU,Hyundai,Matrix,MPV,2001-2010,越野车,两厢车,通用标准：MPV,,
EU,Hyundai Matrix FC prefl MPV 2001-2010 EU,Hyundai,Matrix,MPV,2001-2010,越野车,两厢车,通用标准：MPV,,
EU,Hyundai Porter Van 1994-2004 EU,Hyundai,Porter,Van,1994-2004,越野车,两厢车,通用标准：Van,,
EU,Hyundai Porter Van 2003-2004 EU,Hyundai,Porter,Van,2003-2004,越野车,两厢车,通用标准：Van,,
EU,Hyundai Santamo MPV 1999-2002 EU,Hyundai,Santamo,MPV,1999-2002,越野车,两厢车,通用标准：MPV,,
EU,Hyundai Staria US4 MPV 2021-2026 EU,Hyundai,Staria,MPV,2021-2026,越野车,两厢车,通用标准：MPV,,
EU,Hyundai Staria US4 MPV 2024-2026 EU,Hyundai,Staria,MPV,2024-2026,越野车,两厢车,通用标准：MPV,,
EU,Hyundai Staria US4 Van 2021-2026 EU,Hyundai,Staria,Van,2021-2026,越野车,两厢车,通用标准：Van,,
EU,Hyundai Staria US4 Van 2024-2026 EU,Hyundai,Staria,Van,2024-2026,越野车,两厢车,通用标准：Van,,
EU,Hyundai Trajet FO MPV 1999-2008 EU,Hyundai,Trajet,MPV,1999-2008,越野车,两厢车,通用标准：MPV,,
EU,Hyundai Trajet FO MPV 2000-2008 EU,Hyundai,Trajet,MPV,2000-2008,越野车,两厢车,通用标准：MPV,,
EU,Hyundai Trajet FO MPV 2001-2003 EU,Hyundai,Trajet,MPV,2001-2003,越野车,两厢车,通用标准：MPV,,
EU,Hyundai Trajet FO MPV 2001-2008 EU,Hyundai,Trajet,MPV,2001-2008,越野车,两厢车,通用标准：MPV,,
EU,Hyundai Trajet FO MPV 2004-2008 EU,Hyundai,Trajet,MPV,2004-2008,越野车,两厢车,通用标准：MPV,,
EU,Hyundai Trajet FO MPV 2005-2008 EU,Hyundai,Trajet,MPV,2005-2008,越野车,两厢车,通用标准：MPV,,
EU,ISO Autocarro Van 1954-1958 EU,ISO,Autocarro,Van,1954-1958,越野车,两厢车,通用标准：Van,,
EU,Irmscher Omega caravan facelift Wagon 1990-1996 EU,Irmscher,Omega caravan,Wagon,1990-1996,三厢车,两厢车,通用标准：Wagon,,
EU,Irmscher Omega caravan prefl Wagon 1990-1996 EU,Irmscher,Omega caravan,Wagon,1990-1996,三厢车,两厢车,通用标准：Wagon,,
EU,Isuzu Midi 94000 lwb highroof Van 1988-1992 EU,Isuzu,Midi,Van,1988-1992,越野车,两厢车,通用标准：Van,,
EU,Isuzu Midi 94000 lwb lowroof Van 1988-1992 EU,Isuzu,Midi,Van,1988-1992,越野车,两厢车,通用标准：Van,,
EU,Isuzu Midi 94000 swb lowroof Van 1988-1992 EU,Isuzu,Midi,Van,1988-1992,越野车,两厢车,通用标准：Van,,
EU,Isuzu Midi 98000 Bus 1994-1996 EU,Isuzu,Midi,Bus,1994-1996,越野车,两厢车,通用标准：Bus,,
EU,Isuzu Midi 98000 lwb highroof Van 1988-1992 EU,Isuzu,Midi,Van,1988-1992,越野车,两厢车,通用标准：Van,,
EU,Isuzu Midi 98000 lwb highroof Van 1989-1992 EU,Isuzu,Midi,Van,1989-1992,越野车,两厢车,通用标准：Van,,
EU,Isuzu Midi 98000 lwb highroof Van 1994-1996 EU,Isuzu,Midi,Van,1994-1996,越野车,两厢车,通用标准：Van,,
EU,Isuzu Midi 98000 lwb lowroof Van 1988-1992 EU,Isuzu,Midi,Van,1988-1992,越野车,两厢车,通用标准：Van,,
EU,Isuzu Midi 98000 lwb lowroof Van 1989-1992 EU,Isuzu,Midi,Van,1989-1992,越野车,两厢车,通用标准：Van,,
EU,Isuzu Midi 98000 lwb lowroof Van 1994-1996 EU,Isuzu,Midi,Van,1994-1996,越野车,两厢车,通用标准：Van,,
EU,Isuzu Midi 98000 swb lowroof Van 1988-1992 EU,Isuzu,Midi,Van,1988-1992,越野车,两厢车,通用标准：Van,,
EU,Isuzu Midi 98000 swb lowroof Van 1989-1992 EU,Isuzu,Midi,Van,1989-1992,越野车,两厢车,通用标准：Van,,
EU,Isuzu Midi 98000 swb lowroof Van 1994-1996 EU,Isuzu,Midi,Van,1994-1996,越野车,两厢车,通用标准：Van,,
EU,Isuzu Midi 98000N Van 1992-1996 EU,Isuzu,Midi,Van,1992-1996,越野车,两厢车,通用标准：Van,,
EU,Iveco Daily i 40-10 WC MPV 1985-1989 EU,Iveco,Daily i,MPV,1985-1989,越野车,两厢车,通用标准：MPV,,
EU,Iveco Daily i 40-10 WV Van 1985-1989 EU,Iveco,Daily i,Van,1985-1989,越野车,两厢车,通用标准：Van,,
EU,Iveco Daily i Van 1978-1989 EU,Iveco,Daily i,Van,1978-1989,越野车,两厢车,通用标准：Van,,
EU,Iveco Daily i Van 1983-1989 EU,Iveco,Daily i,Van,1983-1989,越野车,两厢车,通用标准：Van,,
EU,Iveco Daily i Van 1985-1989 EU,Iveco,Daily i,Van,1985-1989,越野车,两厢车,通用标准：Van,,
EU,Iveco Daily ii 30-10 Van 1990-1996 EU,Iveco,Daily ii,Van,1990-1996,越野车,两厢车,通用标准：Van,,
EU,Iveco Daily ii 40-10 4X4 Van 1997-1999 EU,Iveco,Daily ii,Van,1997-1999,越野车,两厢车,通用标准：Van,,
EU,Iveco Daily ii 49-10 Van 1989-1996 EU,Iveco,Daily ii,Van,1989-1996,越野车,两厢车,通用标准：Van,,
EU,Iveco Daily ii 49-10 Van 1996-1999 EU,Iveco,Daily ii,Van,1996-1999,越野车,两厢车,通用标准：Van,,
EU,Iveco Daily ii 49-12 Van 1990-1996 EU,Iveco,Daily ii,Van,1990-1996,越野车,两厢车,通用标准：Van,,
EU,Iveco Daily ii 49-12 Van 1996-1999 EU,Iveco,Daily ii,Van,1996-1999,越野车,两厢车,通用标准：Van,,
EU,Iveco Daily ii L5755 W2000 H2105 Van 1990-1996 EU,Iveco,Daily ii,Van,1990-1996,越野车,两厢车,通用标准：Van,,
EU,Iveco Daily ii L5755 W2000 H2105 Van 1996-1999 EU,Iveco,Daily ii,Van,1996-1999,越野车,两厢车,通用标准：Van,,
EU,Iveco Daily ii L6000 W2000 H2670 Van 1996-1999 EU,Iveco,Daily ii,Van,1996-1999,越野车,两厢车,通用标准：Van,,
EU,Iveco Daily ii L6000 W2000 H2768 Van 1990-1996 EU,Iveco,Daily ii,Van,1990-1996,越野车,两厢车,通用标准：Van,,
EU,Iveco Daily ii Van 1989-1996 EU,Iveco,Daily ii,Van,1989-1996,越野车,两厢车,通用标准：Van,,
EU,Iveco Daily ii Van 1989-1998 EU,Iveco,Daily ii,Van,1989-1998,越野车,两厢车,通用标准：Van,,
EU,Iveco Daily ii Van 1991-1996 EU,Iveco,Daily ii,Van,1991-1996,越野车,两厢车,通用标准：Van,,
EU,Iveco Daily ii Van 1991-1998 EU,Iveco,Daily ii,Van,1991-1998,越野车,两厢车,通用标准：Van,,
EU,Iveco Daily ii Van 1995-1999 EU,Iveco,Daily ii,Van,1995-1999,越野车,两厢车,通用标准：Van,,
EU,Iveco Daily ii Van 1998-1999 EU,Iveco,Daily ii,Van,1998-1999,越野车,两厢车,通用标准：Van,,
EU,Iveco Daily iii 35c Van 1999-2007 EU,Iveco,Daily iii,Van,1999-2007,越野车,两厢车,通用标准：Van,,
EU,Iveco Daily iii 35c Van 2002-2007 EU,Iveco,Daily iii,Van,2002-2007,越野车,两厢车,通用标准：Van,,
EU,Iveco Daily iii 35c Van 2005-2006 EU,Iveco,Daily iii,Van,2005-2006,越野车,两厢车,通用标准：Van,,
EU,Iveco Daily iii 35s Van 1999-2007 EU,Iveco,Daily iii,Van,1999-2007,越野车,两厢车,通用标准：Van,,
EU,Iveco Daily iii 35s Van 2002-2007 EU,Iveco,Daily iii,Van,2002-2007,越野车,两厢车,通用标准：Van,,
EU,Iveco Daily iii 35s Van 2005-2006 EU,Iveco,Daily iii,Van,2005-2006,越野车,两厢车,通用标准：Van,,
EU,Iveco Daily iii 40c 5997 highroof Van 1999-2006 EU,Iveco,Daily iii,Van,1999-2006,越野车,两厢车,通用标准：Van,,
EU,Iveco Daily iii 40c 5997 midroof Van 1999-2006 EU,Iveco,Daily iii,Van,1999-2006,越野车,两厢车,通用标准：Van,,
EU,Iveco Daily iii 40c 7012 highroof Van 1999-2006 EU,Iveco,Daily iii,Van,1999-2006,越野车,两厢车,通用标准：Van,,
EU,Iveco Daily iii 40c 7012 midroof Van 1999-2006 EU,Iveco,Daily iii,Van,1999-2006,越野车,两厢车,通用标准：Van,,
EU,Iveco Daily iii 40s 5997 midroof Van 1999-2006 EU,Iveco,Daily iii,Van,1999-2006,越野车,两厢车,通用标准：Van,,
EU,Iveco Daily iii 40s 7012 highroof Van 1999-2006 EU,Iveco,Daily iii,Van,1999-2006,越野车,两厢车,通用标准：Van,,
EU,Iveco Daily iii 40s 7012 midroof Van 1999-2006 EU,Iveco,Daily iii,Van,1999-2006,越野车,两厢车,通用标准：Van,,
EU,Iveco Daily iii 50c 5997 midroof Van 1999-2006 EU,Iveco,Daily iii,Van,1999-2006,越野车,两厢车,通用标准：Van,,
EU,Iveco Daily iii 50c 5997 midroof Van 2004-2006 EU,Iveco,Daily iii,Van,2004-2006,越野车,两厢车,通用标准：Van,,
EU,Iveco Daily iii 50c 7012 highroof Van 1999-2006 EU,Iveco,Daily iii,Van,1999-2006,越野车,两厢车,通用标准：Van,,
EU,Iveco Daily iii 50c 7012 highroof Van 2004-2006 EU,Iveco,Daily iii,Van,2004-2006,越野车,两厢车,通用标准：Van,,
EU,Iveco Daily iii 50c 7012 midroof Van 1999-2006 EU,Iveco,Daily iii,Van,1999-2006,越野车,两厢车,通用标准：Van,,
EU,Iveco Daily iii 50c 7012 midroof Van 2004-2006 EU,Iveco,Daily iii,Van,2004-2006,越野车,两厢车,通用标准：Van,,
EU,Iveco Daily iii 5477 lowroof Van 2001-2006 EU,Iveco,Daily iii,Van,2001-2006,越野车,两厢车,通用标准：Van,,
EU,Iveco Daily iii 5477 lowroof Van 2002-2006 EU,Iveco,Daily iii,Van,2002-2006,越野车,两厢车,通用标准：Van,,
EU,Iveco Daily iii 5997 highroof Van 2001-2006 EU,Iveco,Daily iii,Van,2001-2006,越野车,两厢车,通用标准：Van,,
EU,Iveco Daily iii 5997 highroof Van 2004-2006 EU,Iveco,Daily iii,Van,2004-2006,越野车,两厢车,通用标准：Van,,
EU,Iveco Daily iii 5997 midroof L5997 W1996 H2725 Van 2001-2006 EU,Iveco,Daily iii,Van,2001-2006,越野车,两厢车,通用标准：Van,,
EU,Iveco Daily iii 5997 midroof L5997 W1996 H2745 Van 2001-2006 EU,Iveco,Daily iii,Van,2001-2006,越野车,两厢车,通用标准：Van,,
EU,Iveco Daily iii 5997 midroof Van 1999-2007 EU,Iveco,Daily iii,Van,1999-2007,越野车,两厢车,通用标准：Van,,
EU,Iveco Daily iii 5997 midroof Van 2002-2006 EU,Iveco,Daily iii,Van,2002-2006,越野车,两厢车,通用标准：Van,,
EU,Iveco Daily iii 5997 midroof Van 2004-2006 EU,Iveco,Daily iii,Van,2004-2006,越野车,两厢车,通用标准：Van,,
EU,Iveco Daily iii 7012 highroof L7012 W1996 H2905 Van 2001-2006 EU,Iveco,Daily iii,Van,2001-2006,越野车,两厢车,通用标准：Van,,
EU,Iveco Daily iii 7012 highroof L7012 W1996 H2930 Van 2001-2006 EU,Iveco,Daily iii,Van,2001-2006,越野车,两厢车,通用标准：Van,,
EU,Iveco Daily iii 7012 highroof Van 1999-2007 EU,Iveco,Daily iii,Van,1999-2007,越野车,两厢车,通用标准：Van,,
EU,Iveco Daily iii 7012 highroof Van 2002-2006 EU,Iveco,Daily iii,Van,2002-2006,越野车,两厢车,通用标准：Van,,
EU,Iveco Daily iii 7012 highroof Van 2004-2006 EU,Iveco,Daily iii,Van,2004-2006,越野车,两厢车,通用标准：Van,,
EU,Iveco Daily iii 7012 midroof L7012 W1996 H2720 Van 2001-2006 EU,Iveco,Daily iii,Van,2001-2006,越野车,两厢车,通用标准：Van,,
EU,Iveco Daily iii 7012 midroof L7012 W1996 H2745 Van 2001-2006 EU,Iveco,Daily iii,Van,2001-2006,越野车,两厢车,通用标准：Van,,
EU,Iveco Daily iii 7012 midroof Van 1999-2007 EU,Iveco,Daily iii,Van,1999-2007,越野车,两厢车,通用标准：Van,,
EU,Iveco Daily iii 7012 midroof Van 2002-2006 EU,Iveco,Daily iii,Van,2002-2006,越野车,两厢车,通用标准：Van,,
EU,Iveco Daily iii 7012 midroof Van 2004-2006 EU,Iveco,Daily iii,Van,2004-2006,越野车,两厢车,通用标准：Van,,
EU,Iveco Daily iii L5077 W1996 H2260 Van 1999-2007 EU,Iveco,Daily iii,Van,1999-2007,越野车,两厢车,通用标准：Van,,
EU,Iveco Daily iii L5077 W1996 H2260 Van 2001-2006 EU,Iveco,Daily iii,Van,2001-2006,越野车,两厢车,通用标准：Van,,
EU,Iveco Daily iii L5077 W1996 H2270 Van 2001-2006 EU,Iveco,Daily iii,Van,2001-2006,越野车,两厢车,通用标准：Van,,
EU,Iveco Daily iii L5077 W1996 H2365 Van 2004-2006 EU,Iveco,Daily iii,Van,2004-2006,越野车,两厢车,通用标准：Van,,
EU,Iveco Daily iii L5477 W1996 H2270 Van 1999-2007 EU,Iveco,Daily iii,Van,1999-2007,越野车,两厢车,通用标准：Van,,
EU,Iveco Daily iii L5477 W1996 H2270 Van 2004-2006 EU,Iveco,Daily iii,Van,2004-2006,越野车,两厢车,通用标准：Van,,
EU,Iveco Daily iii Van 1999-2006 EU,Iveco,Daily iii,Van,1999-2006,越野车,两厢车,通用标准：Van,,
EU,Iveco Daily iii Van 2001-2007 EU,Iveco,Daily iii,Van,2001-2007,越野车,两厢车,通用标准：Van,,
EU,Iveco Daily iii Van 2002-2007 EU,Iveco,Daily iii,Van,2002-2007,越野车,两厢车,通用标准：Van,,
EU,Iveco Daily iii Van 2003-2006 EU,Iveco,Daily iii,Van,2003-2006,越野车,两厢车,通用标准：Van,,
EU,Iveco Daily iii Van 2005-2006 EU,Iveco,Daily iii,Van,2005-2006,越野车,两厢车,通用标准：Van,,
EU,Iveco Daily iv 35c 5997 highroof Van 2006-2011 EU,Iveco,Daily iv,Van,2006-2011,越野车,两厢车,通用标准：Van,,
EU,Iveco Daily iv 35c 5997 highroof Van 2007-2011 EU,Iveco,Daily iv,Van,2007-2011,越野车,两厢车,通用标准：Van,,
EU,Iveco Daily iv 35c 5997 highroof Van 2009-2011 EU,Iveco,Daily iv,Van,2009-2011,越野车,两厢车,通用标准：Van,,
EU,Iveco Daily iv 35c 5997 midroof Van 2006-2011 EU,Iveco,Daily iv,Van,2006-2011,越野车,两厢车,通用标准：Van,,
EU,Iveco Daily iv 35c 5997 midroof Van 2007-2011 EU,Iveco,Daily iv,Van,2007-2011,越野车,两厢车,通用标准：Van,,
EU,Iveco Daily iv 35c 5997 midroof Van 2009-2011 EU,Iveco,Daily iv,Van,2009-2011,越野车,两厢车,通用标准：Van,,
EU,Iveco Daily iv 35c 7012 highroof Van 2006-2011 EU,Iveco,Daily iv,Van,2006-2011,越野车,两厢车,通用标准：Van,,
EU,Iveco Daily iv 35c 7012 highroof Van 2007-2011 EU,Iveco,Daily iv,Van,2007-2011,越野车,两厢车,通用标准：Van,,
EU,Iveco Daily iv 35c 7012 highroof Van 2009-2011 EU,Iveco,Daily iv,Van,2009-2011,越野车,两厢车,通用标准：Van,,
EU,Iveco Daily iv 35c 7012 midroof Van 2006-2011 EU,Iveco,Daily iv,Van,2006-2011,越野车,两厢车,通用标准：Van,,
EU,Iveco Daily iv 35c 7012 midroof Van 2007-2011 EU,Iveco,Daily iv,Van,2007-2011,越野车,两厢车,通用标准：Van,,
EU,Iveco Daily iv 35c 7012 midroof Van 2009-2011 EU,Iveco,Daily iv,Van,2009-2011,越野车,两厢车,通用标准：Van,,
EU,Iveco Daily iv 35s 5077 lowroof Van 2006-2011 EU,Iveco,Daily iv,Van,2006-2011,越野车,两厢车,通用标准：Van,,
EU,Iveco Daily iv 35s 5077 lowroof Van 2007-2011 EU,Iveco,Daily iv,Van,2007-2011,越野车,两厢车,通用标准：Van,,
EU,Iveco Daily iv 35s 5077 lowroof Van 2009-2011 EU,Iveco,Daily iv,Van,2009-2011,越野车,两厢车,通用标准：Van,,
EU,Iveco Daily iv 35s 5077 midroof Van 2006-2011 EU,Iveco,Daily iv,Van,2006-2011,越野车,两厢车,通用标准：Van,,
EU,Iveco Daily iv 35s 5077 midroof Van 2007-2011 EU,Iveco,Daily iv,Van,2007-2011,越野车,两厢车,通用标准：Van,,
EU,Iveco Daily iv 35s 5077 midroof Van 2009-2011 EU,Iveco,Daily iv,Van,2009-2011,越野车,两厢车,通用标准：Van,,
EU,Iveco Daily iv 35s 5477 lowroof Van 2006-2011 EU,Iveco,Daily iv,Van,2006-2011,越野车,两厢车,通用标准：Van,,
EU,Iveco Daily iv 35s 5477 lowroof Van 2007-2011 EU,Iveco,Daily iv,Van,2007-2011,越野车,两厢车,通用标准：Van,,
EU,Iveco Daily iv 35s 5477 lowroof Van 2009-2011 EU,Iveco,Daily iv,Van,2009-2011,越野车,两厢车,通用标准：Van,,
EU,Iveco Daily iv 35s 5477 midroof Van 2006-2011 EU,Iveco,Daily iv,Van,2006-2011,越野车,两厢车,通用标准：Van,,
EU,Iveco Daily iv 35s 5477 midroof Van 2007-2011 EU,Iveco,Daily iv,Van,2007-2011,越野车,两厢车,通用标准：Van,,
EU,Iveco Daily iv 35s 5477 midroof Van 2009-2011 EU,Iveco,Daily iv,Van,2009-2011,越野车,两厢车,通用标准：Van,,
EU,Iveco Daily iv 35s 5997 highroof Van 2006-2011 EU,Iveco,Daily iv,Van,2006-2011,越野车,两厢车,通用标准：Van,,
EU,Iveco Daily iv 35s 5997 highroof Van 2007-2011 EU,Iveco,Daily iv,Van,2007-2011,越野车,两厢车,通用标准：Van,,
EU,Iveco Daily iv 35s 5997 highroof Van 2009-2011 EU,Iveco,Daily iv,Van,2009-2011,越野车,两厢车,通用标准：Van,,
EU,Iveco Daily iv 35s 5997 midroof Van 2006-2011 EU,Iveco,Daily iv,Van,2006-2011,越野车,两厢车,通用标准：Van,,
EU,Iveco Daily iv 35s 5997 midroof Van 2007-2011 EU,Iveco,Daily iv,Van,2007-2011,越野车,两厢车,通用标准：Van,,
EU,Iveco Daily iv 35s 5997 midroof Van 2009-2011 EU,Iveco,Daily iv,Van,2009-2011,越野车,两厢车,通用标准：Van,,
EU,Iveco Daily iv 35s 7012 highroof Van 2006-2011 EU,Iveco,Daily iv,Van,2006-2011,越野车,两厢车,通用标准：Van,,
EU,Iveco Daily iv 35s 7012 highroof Van 2007-2011 EU,Iveco,Daily iv,Van,2007-2011,越野车,两厢车,通用标准：Van,,
EU,Iveco Daily iv 35s 7012 highroof Van 2009-2011 EU,Iveco,Daily iv,Van,2009-2011,越野车,两厢车,通用标准：Van,,
EU,Iveco Daily iv 35s 7012 midroof Van 2006-2011 EU,Iveco,Daily iv,Van,2006-2011,越野车,两厢车,通用标准：Van,,
EU,Iveco Daily iv 35s 7012 midroof Van 2007-2011 EU,Iveco,Daily iv,Van,2007-2011,越野车,两厢车,通用标准：Van,,
EU,Iveco Daily iv 35s 7012 midroof Van 2009-2011 EU,Iveco,Daily iv,Van,2009-2011,越野车,两厢车,通用标准：Van,,
EU,Iveco Daily iv 5077 lowroof Van 2006-2011 EU,Iveco,Daily iv,Van,2006-2011,越野车,两厢车,通用标准：Van,,
EU,Iveco Daily iv 5077 midroof Van 2006-2011 EU,Iveco,Daily iv,Van,2006-2011,越野车,两厢车,通用标准：Van,,
EU,Iveco Daily iv 5477 lowroof Van 2006-2011 EU,Iveco,Daily iv,Van,2006-2011,越野车,两厢车,通用标准：Van,,
EU,Iveco Daily iv 5477 midroof Van 2006-2011 EU,Iveco,Daily iv,Van,2006-2011,越野车,两厢车,通用标准：Van,,
EU,Iveco Daily iv 5997 midroof L5997 W1996 H2630 Van 2006-2011 EU,Iveco,Daily iv,Van,2006-2011,越野车,两厢车,通用标准：Van,,
EU,Iveco Daily iv 5997 midroof L5997 W1996 H2745 Van 2006-2011 EU,Iveco,Daily iv,Van,2006-2011,越野车,两厢车,通用标准：Van,,
EU,Iveco Daily iv 5997 midroof Van 2007-2011 EU,Iveco,Daily iv,Van,2007-2011,越野车,两厢车,通用标准：Van,,
EU,Iveco Daily iv 5997 midroof Van 2009-2011 EU,Iveco,Daily iv,Van,2009-2011,越野车,两厢车,通用标准：Van,,
EU,Iveco Daily iv 7012 highroof L7012 W1996 H2930 Van 2006-2011 EU,Iveco,Daily iv,Van,2006-2011,越野车,两厢车,通用标准：Van,,
EU,Iveco Daily iv 7012 highroof L7012 W2080 H3025 Van 2006-2011 EU,Iveco,Daily iv,Van,2006-2011,越野车,两厢车,通用标准：Van,,
EU,Iveco Daily iv 7012 highroof Van 2007-2011 EU,Iveco,Daily iv,Van,2007-2011,越野车,两厢车,通用标准：Van,,
EU,Iveco Daily iv 7012 highroof Van 2009-2011 EU,Iveco,Daily iv,Van,2009-2011,越野车,两厢车,通用标准：Van,,
EU,Iveco Daily iv 7012 midroof Van 2006-2011 EU,Iveco,Daily iv,Van,2006-2011,越野车,两厢车,通用标准：Van,,
EU,Iveco Daily iv 7012 midroof Van 2007-2011 EU,Iveco,Daily iv,Van,2007-2011,越野车,两厢车,通用标准：Van,,
EU,Iveco Daily iv 7012 midroof Van 2009-2011 EU,Iveco,Daily iv,Van,2009-2011,越野车,两厢车,通用标准：Van,,
EU,Iveco Daily iv Van 2006-2011 EU,Iveco,Daily iv,Van,2006-2011,越野车,两厢车,通用标准：Van,,
EU,Iveco Daily iv Van 2007-2011 EU,Iveco,Daily iv,Van,2007-2011,越野车,两厢车,通用标准：Van,,
EU,Iveco Daily iv Van 2009-2011 EU,Iveco,Daily iv,Van,2009-2011,越野车,两厢车,通用标准：Van,,
EU,Iveco Daily v L5997 W1996 H2640 Van 2011-2014 EU,Iveco,Daily v,Van,2011-2014,越野车,两厢车,通用标准：Van,,
EU,Iveco Daily v L7012 W1996 H2930 Van 2011-2014 EU,Iveco,Daily v,Van,2011-2014,越野车,两厢车,通用标准：Van,,
EU,Iveco Daily v lwb high 70c Van 2011-2014 EU,Iveco,Daily v,Van,2011-2014,越野车,两厢车,通用标准：Van,,
EU,Iveco Daily v lwb mid drw Van 2011-2014 EU,Iveco,Daily v,Van,2011-2014,越野车,两厢车,通用标准：Van,,
EU,Iveco Daily v lwb mid srw Van 2011-2014 EU,Iveco,Daily v,Van,2011-2014,越野车,两厢车,通用标准：Van,,
EU,Iveco Daily v mwb mid drw Van 2011-2014 EU,Iveco,Daily v,Van,2011-2014,越野车,两厢车,通用标准：Van,,
EU,Iveco Daily v mwb mid srw Van 2011-2014 EU,Iveco,Daily v,Van,2011-2014,越野车,两厢车,通用标准：Van,,
EU,Iveco Daily v swb low srw Van 2011-2014 EU,Iveco,Daily v,Van,2011-2014,越野车,两厢车,通用标准：Van,,
EU,Iveco Daily vi Bus 2014-2026 EU,Iveco,Daily vi,Bus,2014-2026,越野车,两厢车,通用标准：Bus,,
EU,Iveco Daily vi Bus 2016-2026 EU,Iveco,Daily vi,Bus,2016-2026,越野车,两厢车,通用标准：Bus,,
EU,Iveco Daily vi Bus 2019-2026 EU,Iveco,Daily vi,Bus,2019-2026,越野车,两厢车,通用标准：Bus,,
EU,Iveco Daily vi Bus 2021-2026 EU,Iveco,Daily vi,Bus,2021-2026,越野车,两厢车,通用标准：Bus,,
EU,Iveco Daily vi Bus 2022-2026 EU,Iveco,Daily vi,Bus,2022-2026,越野车,两厢车,通用标准：Bus,,
EU,Iveco Daily vi L6087 W2052 H2660 Van 2014-2026 EU,Iveco,Daily vi,Van,2014-2026,越野车,两厢车,通用标准：Van,,
EU,Iveco Daily vi L6087 W2052 H2660 Van 2015-2026 EU,Iveco,Daily vi,Van,2015-2026,越野车,两厢车,通用标准：Van,,
EU,Iveco Daily vi L6087 W2052 H2660 Van 2016-2026 EU,Iveco,Daily vi,Van,2016-2026,越野车,两厢车,通用标准：Van,,
EU,Iveco Daily vi L6087 W2052 H2660 Van 2022-2026 EU,Iveco,Daily vi,Van,2022-2026,越野车,两厢车,通用标准：Van,,
EU,Iveco Daily vi L6109 W2052 H2748 Van 2014-2026 EU,Iveco,Daily vi,Van,2014-2026,越野车,两厢车,通用标准：Van,,
EU,Iveco Daily vi L6109 W2052 H2748 Van 2015-2026 EU,Iveco,Daily vi,Van,2015-2026,越野车,两厢车,通用标准：Van,,
EU,Iveco Daily vi L6109 W2052 H2748 Van 2016-2026 EU,Iveco,Daily vi,Van,2016-2026,越野车,两厢车,通用标准：Van,,
EU,Iveco Daily vi L6109 W2052 H2748 Van 2022-2026 EU,Iveco,Daily vi,Van,2022-2026,越野车,两厢车,通用标准：Van,,
EU,Iveco Daily vi L7264 W2052 H3041 Van 2022-2026 EU,Iveco,Daily vi,Van,2022-2026,越野车,两厢车,通用标准：Van,,
EU,Iveco Daily vi Van 2014-2021 EU,Iveco,Daily vi,Van,2014-2021,越野车,两厢车,通用标准：Van,,
EU,Iveco Daily vi Van 2018-2026 EU,Iveco,Daily vi,Van,2018-2026,越野车,两厢车,通用标准：Van,,
EU,Iveco Daily vi Van 2019-2026 EU,Iveco,Daily vi,Van,2019-2026,越野车,两厢车,通用标准：Van,,
EU,Iveco Daily vi Van 2021-2026 EU,Iveco,Daily vi,Van,2021-2026,越野车,两厢车,通用标准：Van,,
EU,Iveco Ejolly L4980 W1920 H1895 Van 2026-2026 EU,Iveco,Ejolly,Van,2026-2026,越野车,两厢车,通用标准：Van,,
EU,Iveco Ejolly L5330 W1920 H1935 Van 2026-2026 EU,Iveco,Ejolly,Van,2026-2026,越野车,两厢车,通用标准：Van,,
EU,Iveco Esuperjolly Van 2025-2026 EU,Iveco,Esuperjolly,Van,2025-2026,越野车,两厢车,通用标准：Van,,
EU,Iveco Massif station wagon 3dr Wagon 2008-2011 EU,Iveco,Massif station wagon,Wagon,2008-2011,三厢车,两厢车,通用标准：Wagon,,
EU,Iveco Massif station wagon 5dr Wagon 2008-2011 EU,Iveco,Massif station wagon,Wagon,2008-2011,三厢车,两厢车,通用标准：Wagon,,
EU,Iveco Power daily Bus 2007-2026 EU,Iveco,Power daily,Bus,2007-2026,越野车,两厢车,通用标准：Bus,,
EU,JAC M3 Van 2024-2026 EU,JAC,M3,Van,2024-2026,越野车,两厢车,通用标准：Van,,
EU,Jaguar X-Type i X400 Wagon 2003-2009 EU,Jaguar,X-Type i,Wagon,2003-2009,三厢车,两厢车,通用标准：Wagon,,
EU,Jaguar X-Type i X400 Wagon 2004-2009 EU,Jaguar,X-Type i,Wagon,2004-2009,三厢车,两厢车,通用标准：Wagon,,
EU,Jaguar X-Type i X400 Wagon 2005-2009 EU,Jaguar,X-Type i,Wagon,2005-2009,三厢车,两厢车,通用标准：Wagon,,
EU,Jaguar X-Type i X400 Wagon 2007-2009 EU,Jaguar,X-Type i,Wagon,2007-2009,三厢车,两厢车,通用标准：Wagon,,
EU,Jaguar Xf sportbrake X250 Wagon 2012-2014 EU,Jaguar,Xf sportbrake,Wagon,2012-2014,三厢车,两厢车,通用标准：Wagon,,
EU,Jaguar Xf sportbrake X250 Wagon 2013-2014 EU,Jaguar,Xf sportbrake,Wagon,2013-2014,三厢车,两厢车,通用标准：Wagon,,
EU,Jaguar Xf sportbrake X260 L4955 W1880 H1496 Wagon 2017-2026 EU,Jaguar,Xf sportbrake,Wagon,2017-2026,三厢车,两厢车,通用标准：Wagon,,
EU,Jaguar Xf sportbrake X260 L4955 W1987 H1496 Wagon 2017-2026 EU,Jaguar,Xf sportbrake,Wagon,2017-2026,三厢车,两厢车,通用标准：Wagon,,
EU,Jaguar Xf sportbrake X260 Wagon 2018-2026 EU,Jaguar,Xf sportbrake,Wagon,2018-2026,三厢车,两厢车,通用标准：Wagon,,
EU,Jaguar Xf sportbrake X260 Wagon 2020-2026 EU,Jaguar,Xf sportbrake,Wagon,2020-2026,三厢车,两厢车,通用标准：Wagon,,
EU,Jeep Commander XK Van 2005-2010 EU,Jeep,Commander,Van,2005-2010,越野车,两厢车,通用标准：Van,,
EU,KIA Besta TA Van 1992-2003 EU,KIA,Besta,Van,1992-2003,越野车,两厢车,通用标准：Van,,
EU,KIA Besta TA Van 1996-2003 EU,KIA,Besta,Van,1996-2003,越野车,两厢车,通用标准：Van,,
EU,KIA Carens i MPV 2005-2006 EU,KIA,Carens i,MPV,2005-2006,越野车,两厢车,通用标准：MPV,,
EU,KIA Carens i RS MPV 2000-2002 EU,KIA,Carens i,MPV,2000-2002,越野车,两厢车,通用标准：MPV,,
EU,KIA Carens i RS MPV 2000-2006 EU,KIA,Carens i,MPV,2000-2006,越野车,两厢车,通用标准：MPV,,
EU,KIA Carens i RS MPV 2002-2006 EU,KIA,Carens i,MPV,2002-2006,越野车,两厢车,通用标准：MPV,,
EU,KIA Carens i RS MPV 2004-2007 EU,KIA,Carens i,MPV,2004-2007,越野车,两厢车,通用标准：MPV,,
EU,KIA Carens ii RS MPV 2002-2006 EU,KIA,Carens ii,MPV,2002-2006,越野车,两厢车,通用标准：MPV,,
EU,KIA Carens iii UN MPV 2006-2013 EU,KIA,Carens iii,MPV,2006-2013,越野车,两厢车,通用标准：MPV,,
EU,KIA Carens iii UN MPV 2007-2013 EU,KIA,Carens iii,MPV,2007-2013,越野车,两厢车,通用标准：MPV,,
EU,KIA Carens iii UN MPV 2009-2013 EU,KIA,Carens iii,MPV,2009-2013,越野车,两厢车,通用标准：MPV,,
EU,KIA Carens iii UN MPV 2010-2013 EU,KIA,Carens iii,MPV,2010-2013,越野车,两厢车,通用标准：MPV,,
EU,KIA Carens iv RP MPV 2013-2016 EU,KIA,Carens iv,MPV,2013-2016,越野车,两厢车,通用标准：MPV,,
EU,KIA Carens iv RP MPV 2013-2018 EU,KIA,Carens iv,MPV,2013-2018,越野车,两厢车,通用标准：MPV,,
EU,KIA Carens iv RP MPV 2013-2026 EU,KIA,Carens iv,MPV,2013-2026,越野车,两厢车,通用标准：MPV,,
EU,KIA Carens iv RP MPV 2015-2018 EU,KIA,Carens iv,MPV,2015-2018,越野车,两厢车,通用标准：MPV,,
EU,KIA Carens iv RP MPV 2016-2016 EU,KIA,Carens iv,MPV,2016-2016,越野车,两厢车,通用标准：MPV,,
EU,KIA Carens iv van RP MPV 2015-2016 EU,KIA,Carens iv van,MPV,2015-2016,越野车,两厢车,通用标准：MPV,,
EU,KIA Carnival / grand iii VQ MPV 2010-2015 EU,KIA,Carnival / grand iii,MPV,2010-2015,越野车,两厢车,通用标准：MPV,,
EU,KIA Carnival / grand iii VQ facelift MPV 2006-2015 EU,KIA,Carnival / grand iii,MPV,2006-2015,越野车,两厢车,通用标准：MPV,,
EU,KIA Carnival / grand iii VQ lwb MPV 2006-2015 EU,KIA,Carnival / grand iii,MPV,2006-2015,越野车,两厢车,通用标准：MPV,,
EU,KIA Carnival / grand iii VQ prefl MPV 2006-2015 EU,KIA,Carnival / grand iii,MPV,2006-2015,越野车,两厢车,通用标准：MPV,,
EU,KIA Carnival i UP/GQ MPV 1999-2001 EU,KIA,Carnival i,MPV,1999-2001,越野车,两厢车,通用标准：MPV,,
EU,KIA Carnival ii GQ L4925 W1900 H1730 MPV 2001-2006 EU,KIA,Carnival ii,MPV,2001-2006,越野车,两厢车,通用标准：MPV,,
EU,KIA Carnival ii GQ L4925 W1900 H1735 MPV 2001-2006 EU,KIA,Carnival ii,MPV,2001-2006,越野车,两厢车,通用标准：MPV,,
EU,KIA Carnival ii GQ facelift MPV 1999-2007 EU,KIA,Carnival ii,MPV,1999-2007,越野车,两厢车,通用标准：MPV,,
EU,KIA Carnival ii GQ prefl MPV 1999-2007 EU,KIA,Carnival ii,MPV,1999-2007,越野车,两厢车,通用标准：MPV,,
EU,KIA Carnival ii UP/GQ MPV 2002-2006 EU,KIA,Carnival ii,MPV,2002-2006,越野车,两厢车,通用标准：MPV,,
EU,KIA Carnival iv KA4 MPV 2020-2026 EU,KIA,Carnival iv,MPV,2020-2026,越野车,两厢车,通用标准：MPV,,
EU,KIA Carnival iv KA4 MPV 2021-2026 EU,KIA,Carnival iv,MPV,2021-2026,越野车,两厢车,通用标准：MPV,,
EU,KIA Cee'd ED L4470 W1790 H1490 Wagon 2007-2012 EU,KIA,Cee'd,Wagon,2007-2012,三厢车,两厢车,通用标准：Wagon,,
EU,KIA Cee'd ED L4480 W1790 H1490 Wagon 2007-2012 EU,KIA,Cee'd,Wagon,2007-2012,三厢车,两厢车,通用标准：Wagon,,
EU,KIA Cee'd ED Wagon 2009-2012 EU,KIA,Cee'd,Wagon,2009-2012,三厢车,两厢车,通用标准：Wagon,,
EU,KIA Cee'd ED Wagon 2010-2012 EU,KIA,Cee'd,Wagon,2010-2012,三厢车,两厢车,通用标准：Wagon,,
EU,KIA Cee'd ED Wagon 2011-2012 EU,KIA,Cee'd,Wagon,2011-2012,三厢车,两厢车,通用标准：Wagon,,
EU,KIA Cee'd ED facelift Wagon 2007-2012 EU,KIA,Cee'd,Wagon,2007-2012,三厢车,两厢车,通用标准：Wagon,,
EU,KIA Cee'd ED facelift Wagon 2009-2010 EU,KIA,Cee'd,Wagon,2009-2010,三厢车,两厢车,通用标准：Wagon,,
EU,KIA Cee'd ED prefl Wagon 2009-2010 EU,KIA,Cee'd,Wagon,2009-2010,三厢车,两厢车,通用标准：Wagon,,
EU,KIA Cee'd JD Van 2015-2018 EU,KIA,Cee'd,Van,2015-2018,越野车,两厢车,通用标准：Van,,
EU,KIA Cee'd JD Wagon 2012-2015 EU,KIA,Cee'd,Wagon,2012-2015,三厢车,两厢车,通用标准：Wagon,,
EU,KIA Cee'd JD Wagon 2012-2018 EU,KIA,Cee'd,Wagon,2012-2018,三厢车,两厢车,通用标准：Wagon,,
EU,KIA Cee'd JD Wagon 2013-2018 EU,KIA,Cee'd,Wagon,2013-2018,三厢车,两厢车,通用标准：Wagon,,
EU,KIA Cee'd JD Wagon 2015-2018 EU,KIA,Cee'd,Wagon,2015-2018,三厢车,两厢车,通用标准：Wagon,,
EU,KIA Cee'd Wagon 2014-2018 EU,KIA,Cee'd,Wagon,2014-2018,三厢车,两厢车,通用标准：Wagon,,
EU,KIA Cee'd facelift Wagon 2008-2012 EU,KIA,Cee'd,Wagon,2008-2012,三厢车,两厢车,通用标准：Wagon,,
EU,KIA Cee'd prefl Wagon 2008-2012 EU,KIA,Cee'd,Wagon,2008-2012,三厢车,两厢车,通用标准：Wagon,,
EU,KIA Ceed CD Wagon 2018-2020 EU,KIA,Ceed,Wagon,2018-2020,三厢车,两厢车,通用标准：Wagon,,
EU,KIA Ceed CD Wagon 2018-2026 EU,KIA,Ceed,Wagon,2018-2026,三厢车,两厢车,通用标准：Wagon,,
EU,KIA Ceed CD Wagon 2019-2026 EU,KIA,Ceed,Wagon,2019-2026,三厢车,两厢车,通用标准：Wagon,,
EU,KIA Ceed CD Wagon 2021-2026 EU,KIA,Ceed,Wagon,2021-2026,三厢车,两厢车,通用标准：Wagon,,
EU,KIA Ceed CD Wagon 2022-2026 EU,KIA,Ceed,Wagon,2022-2026,三厢车,两厢车,通用标准：Wagon,,
EU,KIA Ceed CD Wagon 2024-2026 EU,KIA,Ceed,Wagon,2024-2026,三厢车,两厢车,通用标准：Wagon,,
EU,KIA Clarus GC Wagon 1998-2000 EU,KIA,Clarus,Wagon,1998-2000,三厢车,两厢车,通用标准：Wagon,,
EU,KIA Joice MPV 2000-2003 EU,KIA,Joice,MPV,2000-2003,越野车,两厢车,通用标准：MPV,,
EU,KIA Joice MPV 2001-2003 EU,KIA,Joice,MPV,2001-2003,越野车,两厢车,通用标准：MPV,,
EU,KIA K4 sportswagon CL4 Wagon 2026-2026 EU,KIA,K4 sportswagon,Wagon,2026-2026,三厢车,两厢车,通用标准：Wagon,,
EU,KIA Optima JF L4855 W1860 H1460 Wagon 2016-2019 EU,KIA,Optima,Wagon,2016-2019,三厢车,两厢车,通用标准：Wagon,,
EU,KIA Optima JF L4855 W1860 H1465 Wagon 2016-2018 EU,KIA,Optima,Wagon,2016-2018,三厢车,两厢车,通用标准：Wagon,,
EU,KIA Optima JF L4855 W1860 H1465 Wagon 2016-2019 EU,KIA,Optima,Wagon,2016-2019,三厢车,两厢车,通用标准：Wagon,,
EU,KIA Optima JF L4855 W1860 H1470 Wagon 2016-2018 EU,KIA,Optima,Wagon,2016-2018,三厢车,两厢车,通用标准：Wagon,,
EU,KIA Optima JF Wagon 2017-2019 EU,KIA,Optima,Wagon,2017-2019,三厢车,两厢车,通用标准：Wagon,,
EU,KIA Optima JF Wagon 2018-2019 EU,KIA,Optima,Wagon,2018-2019,三厢车,两厢车,通用标准：Wagon,,
EU,KIA Pregio TB facelift MPV 1995-2004 EU,KIA,Pregio,MPV,1995-2004,越野车,两厢车,通用标准：MPV,,
EU,KIA Pregio TB prefl MPV 1995-2004 EU,KIA,Pregio,MPV,1995-2004,越野车,两厢车,通用标准：MPV,,
EU,KIA Pregio Van 1997-2026 EU,KIA,Pregio,Van,1997-2026,越野车,两厢车,通用标准：Van,,
EU,KIA Pregio Van 2002-2026 EU,KIA,Pregio,Van,2002-2026,越野车,两厢车,通用标准：Van,,
EU,KIA Pride DA Wagon 1999-2001 EU,KIA,Pride,Wagon,1999-2001,三厢车,两厢车,通用标准：Wagon,,
EU,KIA Proceed CD Wagon 2018-2020 EU,KIA,Proceed,Wagon,2018-2020,三厢车,两厢车,通用标准：Wagon,,
EU,KIA Proceed CD Wagon 2018-2026 EU,KIA,Proceed,Wagon,2018-2026,三厢车,两厢车,通用标准：Wagon,,
EU,KIA Proceed CD Wagon 2019-2026 EU,KIA,Proceed,Wagon,2019-2026,三厢车,两厢车,通用标准：Wagon,,
EU,KIA Proceed CD Wagon 2021-2026 EU,KIA,Proceed,Wagon,2021-2026,三厢车,两厢车,通用标准：Wagon,,
EU,KIA Proceed CD Wagon 2024-2026 EU,KIA,Proceed,Wagon,2024-2026,三厢车,两厢车,通用标准：Wagon,,
EU,KIA Pv5 SW1 MPV 2025-2026 EU,KIA,Pv5,MPV,2025-2026,越野车,两厢车,通用标准：MPV,,
EU,KIA Pv5 SW1 Van 2025-2026 EU,KIA,Pv5,Van,2025-2026,越野车,两厢车,通用标准：Van,,
EU,KIA Pv5 SW1 Van 2026-2026 EU,KIA,Pv5,Van,2026-2026,越野车,两厢车,通用标准：Van,,
EU,KIA Soul iii cargo SK3 Van 2020-2026 EU,KIA,Soul iii cargo,Van,2020-2026,越野车,两厢车,通用标准：Van,,
EU,KIA Sportage ii van Van 2008-2010 EU,KIA,Sportage ii van,Van,2008-2010,越野车,两厢车,通用标准：Van,,
EU,KIA Stinger CK Liftback 2017-2023 EU,KIA,Stinger,Liftback,2017-2023,跑车,三厢车,联网判定：Liftback,中型五门 liftback/fastback 运动轿车，长斜背,https://en.wikipedia.org/wiki/Kia_Stinger
EU,KIA Stinger CK Liftback 2018-2023 EU,KIA,Stinger,Liftback,2018-2023,跑车,三厢车,联网判定：Liftback,中型五门 liftback/fastback 运动轿车，长斜背,https://en.wikipedia.org/wiki/Kia_Stinger
EU,KIA Stinger Liftback 2017-2023 EU,KIA,Stinger,Liftback,2017-2023,跑车,三厢车,联网判定：Liftback,中型五门 liftback/fastback 运动轿车，长斜背,https://en.wikipedia.org/wiki/Kia_Stinger
EU,KIA Venga YN facelift MPV 2010-2019 EU,KIA,Venga,MPV,2010-2019,越野车,两厢车,通用标准：MPV,,
EU,KIA Venga YN prefl MPV 2010-2019 EU,KIA,Venga,MPV,2010-2019,越野车,两厢车,通用标准：MPV,,
EU,LDV 400 ET70 Van 1989-1996 EU,LDV,400,Van,1989-1996,越野车,两厢车,通用标准：Van,,
EU,LDV 400 Van 1995-1998 EU,LDV,400,Van,1995-1998,越野车,两厢车,通用标准：Van,,
EU,LDV Convoy Van 1998-2009 EU,LDV,Convoy,Van,1998-2009,越野车,两厢车,通用标准：Van,,
EU,LDV Cub C23 Van 1998-2001 EU,LDV,Cub,Van,1998-2001,越野车,两厢车,通用标准：Van,,
EU,LDV Maxus Van 2005-2008 EU,LDV,Maxus,Van,2005-2008,越野车,两厢车,通用标准：Van,,
EU,LDV Maxus Van 2005-2009 EU,LDV,Maxus,Van,2005-2009,越野车,两厢车,通用标准：Van,,
EU,LDV Maxus Van 2006-2009 EU,LDV,Maxus,Van,2006-2009,越野车,两厢车,通用标准：Van,,
EU,LDV Maxus lwb highroof Bus 2005-2008 EU,LDV,Maxus,Bus,2005-2008,越野车,两厢车,通用标准：Bus,,
EU,LDV Maxus lwb highroof Bus 2005-2009 EU,LDV,Maxus,Bus,2005-2009,越野车,两厢车,通用标准：Bus,,
EU,LDV Maxus lwb highroof Bus 2006-2009 EU,LDV,Maxus,Bus,2006-2009,越野车,两厢车,通用标准：Bus,,
EU,LDV Maxus lwb xhighroof Bus 2005-2008 EU,LDV,Maxus,Bus,2005-2008,越野车,两厢车,通用标准：Bus,,
EU,LDV Maxus lwb xhighroof Bus 2005-2009 EU,LDV,Maxus,Bus,2005-2009,越野车,两厢车,通用标准：Bus,,
EU,LDV Maxus lwb xhighroof Bus 2006-2009 EU,LDV,Maxus,Bus,2006-2009,越野车,两厢车,通用标准：Bus,,
EU,LDV Maxus swb highroof Bus 2005-2008 EU,LDV,Maxus,Bus,2005-2008,越野车,两厢车,通用标准：Bus,,
EU,LDV Maxus swb highroof Bus 2005-2009 EU,LDV,Maxus,Bus,2005-2009,越野车,两厢车,通用标准：Bus,,
EU,LDV Maxus swb highroof Bus 2006-2009 EU,LDV,Maxus,Bus,2006-2009,越野车,两厢车,通用标准：Bus,,
EU,Lada 111 2111 Wagon 1995-2002 EU,Lada,111,Wagon,1995-2002,三厢车,两厢车,通用标准：Wagon,,
EU,Lada 111 2111 Wagon 1996-2005 EU,Lada,111,Wagon,1996-2005,三厢车,两厢车,通用标准：Wagon,,
EU,Lada 111 2111 Wagon 2000-2005 EU,Lada,111,Wagon,2000-2005,三厢车,两厢车,通用标准：Wagon,,
EU,Lada 111 2111 Wagon 2000-2009 EU,Lada,111,Wagon,2000-2009,三厢车,两厢车,通用标准：Wagon,,
EU,Lada 111 VAZ-2111 Wagon 2004-2007 EU,Lada,111,Wagon,2004-2007,三厢车,两厢车,通用标准：Wagon,,
EU,Lada 111 VAZ-2111 Wagon 2004-2009 EU,Lada,111,Wagon,2004-2009,三厢车,两厢车,通用标准：Wagon,,
EU,Lada 1200-1500 2102 Wagon 1974-1979 EU,Lada,1200-1500,Wagon,1974-1979,三厢车,两厢车,通用标准：Wagon,,
EU,Lada 1200-1500 VAZ-2102 Wagon 1973-1984 EU,Lada,1200-1500,Wagon,1973-1984,三厢车,两厢车,通用标准：Wagon,,
EU,Lada 1200-1500 VAZ-2102 Wagon 1973-1985 EU,Lada,1200-1500,Wagon,1973-1985,三厢车,两厢车,通用标准：Wagon,,
EU,Lada Granta 2191 Liftback 2014-2026 EU,Lada,Granta,Liftback,2014-2026,跑车,三厢车,联网判定：Liftback,五门 liftback，长度与四门轿车相同的长斜背,https://en.wikipedia.org/wiki/Lada_Granta
EU,Lada Granta Wagon 2018-2026 EU,Lada,Granta,Wagon,2018-2026,三厢车,两厢车,通用标准：Wagon,,
EU,Lada Kalina 1117 Wagon 2007-2013 EU,Lada,Kalina,Wagon,2007-2013,三厢车,两厢车,通用标准：Wagon,,
EU,Lada Kalina 1117 Wagon 2008-2013 EU,Lada,Kalina,Wagon,2008-2013,三厢车,两厢车,通用标准：Wagon,,
EU,Lada Kalina VAZ-1117 Wagon 2008-2013 EU,Lada,Kalina,Wagon,2008-2013,三厢车,两厢车,通用标准：Wagon,,
EU,Lada Kalina ii 2194 Wagon 2013-2018 EU,Lada,Kalina ii,Wagon,2013-2018,三厢车,两厢车,通用标准：Wagon,,
EU,Lada Kalinka 2104 Van 1985-1998 EU,Lada,Kalinka,Van,1985-1998,越野车,两厢车,通用标准：Van,,
EU,Lada Largus F90 Van 2012-2026 EU,Lada,Largus,Van,2012-2026,越野车,两厢车,通用标准：Van,,
EU,Lada Largus F90 Van 2018-2026 EU,Lada,Largus,Van,2018-2026,越野车,两厢车,通用标准：Van,,
EU,Lada Largus R90 Wagon 2012-2026 EU,Lada,Largus,Wagon,2012-2026,三厢车,两厢车,通用标准：Wagon,,
EU,Lada Largus R90 Wagon 2016-2021 EU,Lada,Largus,Wagon,2016-2021,三厢车,两厢车,通用标准：Wagon,,
EU,Lada Largus R90 Wagon 2018-2026 EU,Lada,Largus,Wagon,2018-2026,三厢车,两厢车,通用标准：Wagon,,
EU,Lada Nadeschda 2120 MPV 1997-2006 EU,Lada,Nadeschda,MPV,1997-2006,越野车,两厢车,通用标准：MPV,,
EU,Lada Nova 2104 Wagon 1994-2012 EU,Lada,Nova,Wagon,1994-2012,三厢车,两厢车,通用标准：Wagon,,
EU,Lada Nova VAZ-2104 Wagon 1985-1994 EU,Lada,Nova,Wagon,1985-1994,三厢车,两厢车,通用标准：Wagon,,
EU,Lada Nova VAZ-2104 Wagon 1985-1998 EU,Lada,Nova,Wagon,1985-1998,三厢车,两厢车,通用标准：Wagon,,
EU,Lada Priora 2171 Wagon 2009-2015 EU,Lada,Priora,Wagon,2009-2015,三厢车,两厢车,通用标准：Wagon,,
EU,Lada Vesta 2181 L4410 W1764 H1512 Wagon 2018-2026 EU,Lada,Vesta,Wagon,2018-2026,三厢车,两厢车,通用标准：Wagon,,
EU,Lada Vesta 2181 L4424 W1785 H1537 Wagon 2018-2026 EU,Lada,Vesta,Wagon,2018-2026,三厢车,两厢车,通用标准：Wagon,,
EU,Lada Vesta Wagon 2016-2026 EU,Lada,Vesta,Wagon,2016-2026,三厢车,两厢车,通用标准：Wagon,,
EU,Lada Vesta Wagon 2017-2026 EU,Lada,Vesta,Wagon,2017-2026,三厢车,两厢车,通用标准：Wagon,,
EU,Lada Vesta Wagon 2019-2026 EU,Lada,Vesta,Wagon,2019-2026,三厢车,两厢车,通用标准：Wagon,,
EU,Lancia Appia C80 Van 1953-1956 EU,Lancia,Appia,Van,1953-1956,越野车,两厢车,通用标准：Van,,
EU,Lancia Appia C80S Van 1955-1959 EU,Lancia,Appia,Van,1955-1959,越野车,两厢车,通用标准：Van,,
EU,Lancia Appia Wagon 1959-1961 EU,Lancia,Appia,Wagon,1959-1961,三厢车,两厢车,通用标准：Wagon,,
EU,Lancia Dedra 835 Wagon 1994-1999 EU,Lancia,Dedra,Wagon,1994-1999,三厢车,两厢车,通用标准：Wagon,,
EU,Lancia Dedra 835 Wagon 1996-1999 EU,Lancia,Dedra,Wagon,1996-1999,三厢车,两厢车,通用标准：Wagon,,
EU,Lancia Dedra Wagon 1996-1999 EU,Lancia,Dedra,Wagon,1996-1999,三厢车,两厢车,通用标准：Wagon,,
EU,Lancia Kappa 838 Wagon 1996-2001 EU,Lancia,Kappa,Wagon,1996-2001,三厢车,两厢车,通用标准：Wagon,,
EU,Lancia Kappa 838 Wagon 1998-2001 EU,Lancia,Kappa,Wagon,1998-2001,三厢车,两厢车,通用标准：Wagon,,
EU,Lancia Lybra 839 Wagon 1999-2000 EU,Lancia,Lybra,Wagon,1999-2000,三厢车,两厢车,通用标准：Wagon,,
EU,Lancia Lybra 839 Wagon 1999-2001 EU,Lancia,Lybra,Wagon,1999-2001,三厢车,两厢车,通用标准：Wagon,,
EU,Lancia Lybra 839 Wagon 1999-2005 EU,Lancia,Lybra,Wagon,1999-2005,三厢车,两厢车,通用标准：Wagon,,
EU,Lancia Lybra 839 Wagon 2000-2001 EU,Lancia,Lybra,Wagon,2000-2001,三厢车,两厢车,通用标准：Wagon,,
EU,Lancia Lybra 839 Wagon 2000-2005 EU,Lancia,Lybra,Wagon,2000-2005,三厢车,两厢车,通用标准：Wagon,,
EU,Lancia Lybra 839 Wagon 2001-2005 EU,Lancia,Lybra,Wagon,2001-2005,三厢车,两厢车,通用标准：Wagon,,
EU,Lancia Lybra 839 Wagon 2002-2005 EU,Lancia,Lybra,Wagon,2002-2005,三厢车,两厢车,通用标准：Wagon,,
EU,Lancia Musa 350 MPV 2008-2012 EU,Lancia,Musa,MPV,2008-2012,越野车,两厢车,通用标准：MPV,,
EU,Lancia Musa 350 facelift MPV 2004-2012 EU,Lancia,Musa,MPV,2004-2012,越野车,两厢车,通用标准：MPV,,
EU,Lancia Musa 350 facelift MPV 2005-2012 EU,Lancia,Musa,MPV,2005-2012,越野车,两厢车,通用标准：MPV,,
EU,Lancia Musa 350 prefl MPV 2004-2012 EU,Lancia,Musa,MPV,2004-2012,越野车,两厢车,通用标准：MPV,,
EU,Lancia Musa 350 prefl MPV 2005-2012 EU,Lancia,Musa,MPV,2005-2012,越野车,两厢车,通用标准：MPV,,
EU,Lancia Musa MPV 2007-2012 EU,Lancia,Musa,MPV,2007-2012,越野车,两厢车,通用标准：MPV,,
EU,Lancia Musa MPV 2008-2012 EU,Lancia,Musa,MPV,2008-2012,越野车,两厢车,通用标准：MPV,,
EU,Lancia Musa MPV 2009-2012 EU,Lancia,Musa,MPV,2009-2012,越野车,两厢车,通用标准：MPV,,
EU,Lancia Musa MPV 2010-2012 EU,Lancia,Musa,MPV,2010-2012,越野车,两厢车,通用标准：MPV,,
EU,Lancia Musa facelift MPV 2006-2012 EU,Lancia,Musa,MPV,2006-2012,越野车,两厢车,通用标准：MPV,,
EU,Lancia Musa prefl MPV 2006-2012 EU,Lancia,Musa,MPV,2006-2012,越野车,两厢车,通用标准：MPV,,
EU,Lancia Phedra 179 MPV 2002-2010 EU,Lancia,Phedra,MPV,2002-2010,越野车,两厢车,通用标准：MPV,,
EU,Lancia Phedra 179 MPV 2003-2010 EU,Lancia,Phedra,MPV,2003-2010,越野车,两厢车,通用标准：MPV,,
EU,Lancia Phedra 179 MPV 2006-2010 EU,Lancia,Phedra,MPV,2006-2010,越野车,两厢车,通用标准：MPV,,
EU,Lancia Phedra MPV 2006-2010 EU,Lancia,Phedra,MPV,2006-2010,越野车,两厢车,通用标准：MPV,,
EU,Lancia Phedra MPV 2008-2010 EU,Lancia,Phedra,MPV,2008-2010,越野车,两厢车,通用标准：MPV,,
EU,Lancia Thema 834 Wagon 1987-1990 EU,Lancia,Thema,Wagon,1987-1990,三厢车,两厢车,通用标准：Wagon,,
EU,Lancia Thema 834 Wagon 1987-1994 EU,Lancia,Thema,Wagon,1987-1994,三厢车,两厢车,通用标准：Wagon,,
EU,Lancia Thema 834 Wagon 1988-1990 EU,Lancia,Thema,Wagon,1988-1990,三厢车,两厢车,通用标准：Wagon,,
EU,Lancia Thema 834 Wagon 1988-1992 EU,Lancia,Thema,Wagon,1988-1992,三厢车,两厢车,通用标准：Wagon,,
EU,Lancia Thema 834 Wagon 1989-1992 EU,Lancia,Thema,Wagon,1989-1992,三厢车,两厢车,通用标准：Wagon,,
EU,Lancia Thema 834 Wagon 1989-1993 EU,Lancia,Thema,Wagon,1989-1993,三厢车,两厢车,通用标准：Wagon,,
EU,Lancia Thema 834 Wagon 1992-1994 EU,Lancia,Thema,Wagon,1992-1994,三厢车,两厢车,通用标准：Wagon,,
EU,Lancia Voyager RT MPV 2011-2014 EU,Lancia,Voyager,MPV,2011-2014,越野车,两厢车,通用标准：MPV,,
EU,Lancia Voyager RT MPV 2012-2014 EU,Lancia,Voyager,MPV,2012-2014,越野车,两厢车,通用标准：MPV,,
EU,Lancia Voyager RT MPV 2013-2014 EU,Lancia,Voyager,MPV,2013-2014,越野车,两厢车,通用标准：MPV,,
EU,Lancia Voyager RT MPV 2014-2014 EU,Lancia,Voyager,MPV,2014-2014,越野车,两厢车,通用标准：MPV,,
EU,Lancia Zeta 220 MPV 1995-2002 EU,Lancia,Zeta,MPV,1995-2002,越野车,两厢车,通用标准：MPV,,
EU,Lancia Zeta 220 MPV 1996-1999 EU,Lancia,Zeta,MPV,1996-1999,越野车,两厢车,通用标准：MPV,,
EU,Lancia Zeta 220 MPV 1998-2000 EU,Lancia,Zeta,MPV,1998-2000,越野车,两厢车,通用标准：MPV,,
EU,Lancia Zeta 220 MPV 1999-2002 EU,Lancia,Zeta,MPV,1999-2002,越野车,两厢车,通用标准：MPV,,
EU,Lancia Zeta 220 MPV 2000-2002 EU,Lancia,Zeta,MPV,2000-2002,越野车,两厢车,通用标准：MPV,,
EU,Lancia Zeta MPV 2001-2003 EU,Lancia,Zeta,MPV,2001-2003,越野车,两厢车,通用标准：MPV,,
EU,Land Rover Defender station wagon 110 Wagon 1990-1998 EU,Land Rover,Defender station wagon,Wagon,1990-1998,三厢车,两厢车,通用标准：Wagon,,
EU,Land Rover Defender station wagon 90 Wagon 1990-1998 EU,Land Rover,Defender station wagon,Wagon,1990-1998,三厢车,两厢车,通用标准：Wagon,,
EU,Land Rover Defender station wagon L316 110 Wagon 1993-2000 EU,Land Rover,Defender station wagon,Wagon,1993-2000,三厢车,两厢车,通用标准：Wagon,,
EU,Land Rover Defender station wagon L316 110 Wagon 2007-2016 EU,Land Rover,Defender station wagon,Wagon,2007-2016,三厢车,两厢车,通用标准：Wagon,,
EU,Land Rover Defender station wagon L316 90 Wagon 1993-2000 EU,Land Rover,Defender station wagon,Wagon,1993-2000,三厢车,两厢车,通用标准：Wagon,,
EU,Land Rover Defender station wagon L316 90 Wagon 2007-2016 EU,Land Rover,Defender station wagon,Wagon,2007-2016,三厢车,两厢车,通用标准：Wagon,,
EU,Land Rover Defender van L663 110 Van 2020-2026 EU,Land Rover,Defender van,Van,2020-2026,越野车,两厢车,通用标准：Van,,
EU,Land Rover Defender van L663 90 air Van 2020-2026 EU,Land Rover,Defender van,Van,2020-2026,越野车,两厢车,通用标准：Van,,
EU,Land Rover Defender van L663 90 coil Van 2020-2026 EU,Land Rover,Defender van,Van,2020-2026,越野车,两厢车,通用标准：Van,,
EU,Land Rover Discovery iii van L319 Van 2007-2009 EU,Land Rover,Discovery iii van,Van,2007-2009,越野车,两厢车,通用标准：Van,,
EU,Land Rover Discovery iv van L319 Van 2011-2017 EU,Land Rover,Discovery iv van,Van,2011-2017,越野车,两厢车,通用标准：Van,,
EU,Land Rover Freelander 2 van L359 Van 2006-2014 EU,Land Rover,Freelander 2 van,Van,2006-2014,越野车,两厢车,通用标准：Van,,
EU,Landwind (jmc) Cv9 MPV 2006-2008 EU,Landwind (jmc),Cv9,MPV,2006-2008,越野车,两厢车,通用标准：MPV,,
EU,Landwind (jmc) Cv9 MPV 2011-2026 EU,Landwind (jmc),Cv9,MPV,2011-2026,越野车,两厢车,通用标准：MPV,,
EU,Levc Vn5 Van 2020-2026 EU,Levc,Vn5,Van,2020-2026,越野车,两厢车,通用标准：Van,,
EU,Lexus Is sportcross XE10 Wagon 2001-2005 EU,Lexus,Is sportcross,Wagon,2001-2005,三厢车,两厢车,通用标准：Wagon,,
EU,Lexus Is sportcross XE10 Wagon 2002-2005 EU,Lexus,Is sportcross,Wagon,2002-2005,三厢车,两厢车,通用标准：Wagon,,
EU,Lexus Lm MPV 2023-2026 EU,Lexus,Lm,MPV,2023-2026,越野车,两厢车,通用标准：MPV,,
EU,Lexus Lm MPV 2026-2026 EU,Lexus,Lm,MPV,2026-2026,越野车,两厢车,通用标准：MPV,,
EU,Lloyd Alexander Wagon 1957-1961 EU,Lloyd,Alexander,Wagon,1957-1961,三厢车,两厢车,通用标准：Wagon,,
EU,Lloyd Alexander Wagon 1958-1961 EU,Lloyd,Alexander,Wagon,1958-1961,三厢车,两厢车,通用标准：Wagon,,
EU,Lloyd Lk LK400 Van 1953-1957 EU,Lloyd,Lk,Van,1953-1957,越野车,两厢车,通用标准：Van,,
EU,Lloyd Lk LK600 Van 1955-1961 EU,Lloyd,Lk,Van,1955-1961,越野车,两厢车,通用标准：Van,,
EU,Lloyd Ls LS400 Wagon 1953-1957 EU,Lloyd,Ls,Wagon,1953-1957,三厢车,两厢车,通用标准：Wagon,,
EU,Lloyd Ls LS600 Wagon 1955-1961 EU,Lloyd,Ls,Wagon,1955-1961,三厢车,两厢车,通用标准：Wagon,,
EU,MAN Tge Van 2018-2026 EU,MAN,Tge,Van,2018-2026,越野车,两厢车,通用标准：Van,,
EU,MAN Tge Van 2022-2026 EU,MAN,Tge,Van,2022-2026,越野车,两厢车,通用标准：Van,,
EU,MAN Tge Van 2023-2026 EU,MAN,Tge,Van,2023-2026,越野车,两厢车,通用标准：Van,,
EU,MAN Tge l1h1 Van 2017-2021 EU,MAN,Tge,Van,2017-2021,越野车,两厢车,通用标准：Van,,
EU,MAN Tge l1h2 Van 2017-2021 EU,MAN,Tge,Van,2017-2021,越野车,两厢车,通用标准：Van,,
EU,MAN Tge l2h2 Van 2017-2021 EU,MAN,Tge,Van,2017-2021,越野车,两厢车,通用标准：Van,,
EU,MAN Tge l2h3 Van 2017-2021 EU,MAN,Tge,Van,2017-2021,越野车,两厢车,通用标准：Van,,
EU,MAN Tge l3h2 Van 2017-2021 EU,MAN,Tge,Van,2017-2021,越野车,两厢车,通用标准：Van,,
EU,MAN Tge l3h2 Van 2019-2021 EU,MAN,Tge,Van,2019-2021,越野车,两厢车,通用标准：Van,,
EU,MAN Tge l3h3 Van 2017-2021 EU,MAN,Tge,Van,2017-2021,越野车,两厢车,通用标准：Van,,
EU,MAN Tge l3h3 Van 2019-2021 EU,MAN,Tge,Van,2019-2021,越野车,两厢车,通用标准：Van,,
EU,MAN Tge l4h3 Van 2019-2021 EU,MAN,Tge,Van,2019-2021,越野车,两厢车,通用标准：Van,,
EU,MAN Tge l4h4 Van 2017-2024 EU,MAN,Tge,Van,2017-2024,越野车,两厢车,通用标准：Van,,
EU,MAN Tge l4h4 Van 2017-2026 EU,MAN,Tge,Van,2017-2026,越野车,两厢车,通用标准：Van,,
EU,MAN Tge l5h3 Van 2017-2024 EU,MAN,Tge,Van,2017-2024,越野车,两厢车,通用标准：Van,,
EU,MAN Tge l5h3 Van 2017-2026 EU,MAN,Tge,Van,2017-2026,越野车,两厢车,通用标准：Van,,
EU,MAN Tge l5h4 Van 2017-2024 EU,MAN,Tge,Van,2017-2024,越野车,两厢车,通用标准：Van,,
EU,MAN Tge l5h4 Van 2017-2026 EU,MAN,Tge,Van,2017-2026,越野车,两厢车,通用标准：Van,,
EU,MAN Tge lwb highroof L6836 W2040 H2590 Van 2017-2026 EU,MAN,Tge,Van,2017-2026,越野车,两厢车,通用标准：Van,,
EU,MAN Tge lwb highroof L6836 W2040 H2625 Van 2017-2026 EU,MAN,Tge,Van,2017-2026,越野车,两厢车,通用标准：Van,,
EU,MAN Tge lwb highroof Van 2017-2024 EU,MAN,Tge,Van,2017-2024,越野车,两厢车,通用标准：Van,,
EU,MAN Tge swb highroof L5986 W2040 H2590 Van 2017-2026 EU,MAN,Tge,Van,2017-2026,越野车,两厢车,通用标准：Van,,
EU,MAN Tge swb highroof L5986 W2040 H2625 Van 2017-2026 EU,MAN,Tge,Van,2017-2026,越野车,两厢车,通用标准：Van,,
EU,MAN Tge swb highroof Van 2017-2024 EU,MAN,Tge,Van,2017-2024,越野车,两厢车,通用标准：Van,,
EU,MAN Tge swb lowroof L5986 W2040 H2355 Van 2017-2026 EU,MAN,Tge,Van,2017-2026,越野车,两厢车,通用标准：Van,,
EU,MAN Tge swb lowroof L5986 W2040 H2390 Van 2017-2026 EU,MAN,Tge,Van,2017-2026,越野车,两厢车,通用标准：Van,,
EU,MAN Tge swb lowroof Van 2017-2024 EU,MAN,Tge,Van,2017-2024,越野车,两厢车,通用标准：Van,,
EU,MG Mg 5 Wagon 2020-2026 EU,MG,Mg 5,Wagon,2020-2026,三厢车,两厢车,通用标准：Wagon,,
EU,MG Mg 6 Fastback 2010-2026 EU,MG,Mg 6,Fastback,2010-2026,跑车,三厢车,联网判定：Fastback,MG6 GT 五门 fastback，与四门轿车同平台同尺度,https://en.wikipedia.org/wiki/MG6_(automobile)
EU,MG Zt- t Wagon 2001-2005 EU,MG,Zt- t,Wagon,2001-2005,三厢车,两厢车,通用标准：Wagon,,
EU,MG Zt- t X11 facelift Wagon 2002-2005 EU,MG,Zt- t,Wagon,2002-2005,三厢车,两厢车,通用标准：Wagon,,
EU,MG Zt- t X11 facelift Wagon 2003-2005 EU,MG,Zt- t,Wagon,2003-2005,三厢车,两厢车,通用标准：Wagon,,
EU,MG Zt- t X11 prefl Wagon 2002-2005 EU,MG,Zt- t,Wagon,2002-2005,三厢车,两厢车,通用标准：Wagon,,
EU,MG Zt- t X11 prefl Wagon 2003-2005 EU,MG,Zt- t,Wagon,2003-2005,三厢车,两厢车,通用标准：Wagon,,
EU,MG Zt- t X13 facelift Wagon 2003-2005 EU,MG,Zt- t,Wagon,2003-2005,三厢车,两厢车,通用标准：Wagon,,
EU,MG Zt- t X13 prefl Wagon 2003-2005 EU,MG,Zt- t,Wagon,2003-2005,三厢车,两厢车,通用标准：Wagon,,
EU,MG Zt- t facelift Wagon 2001-2005 EU,MG,Zt- t,Wagon,2001-2005,三厢车,两厢车,通用标准：Wagon,,
EU,Maxus Deliver 7 Van 2024-2026 EU,Maxus,Deliver 7,Van,2024-2026,越野车,两厢车,通用标准：Van,,
EU,Maxus Deliver 7 Van 2026-2026 EU,Maxus,Deliver 7,Van,2026-2026,越野车,两厢车,通用标准：Van,,
EU,Maxus Deliver 9 Van 2022-2026 EU,Maxus,Deliver 9,Van,2022-2026,越野车,两厢车,通用标准：Van,,
EU,Maxus Deliver 9 l3h2 Van 2020-2026 EU,Maxus,Deliver 9,Van,2020-2026,越野车,两厢车,通用标准：Van,,
EU,Maxus Deliver 9 l3h3 Van 2020-2026 EU,Maxus,Deliver 9,Van,2020-2026,越野车,两厢车,通用标准：Van,,
EU,Maxus Edeliver 3 EV30 Van 2020-2026 EU,Maxus,Edeliver 3,Van,2020-2026,越野车,两厢车,通用标准：Van,,
EU,Maxus Edeliver 3 Van 2024-2026 EU,Maxus,Edeliver 3,Van,2024-2026,越野车,两厢车,通用标准：Van,,
EU,Maxus Edeliver 5 Van 2024-2026 EU,Maxus,Edeliver 5,Van,2024-2026,越野车,两厢车,通用标准：Van,,
EU,Maxus Edeliver 7 Van 2023-2026 EU,Maxus,Edeliver 7,Van,2023-2026,越野车,两厢车,通用标准：Van,,
EU,Maxus Edeliver 7 Van 2024-2026 EU,Maxus,Edeliver 7,Van,2024-2026,越野车,两厢车,通用标准：Van,,
EU,Maxus Edeliver 9 Van 2020-2026 EU,Maxus,Edeliver 9,Van,2020-2026,越野车,两厢车,通用标准：Van,,
EU,Maxus Euniq 5 MPV 2020-2026 EU,Maxus,Euniq 5,MPV,2020-2026,越野车,两厢车,通用标准：MPV,,
EU,Maxus Euniq 5 van Van 2020-2026 EU,Maxus,Euniq 5 van,Van,2020-2026,越野车,两厢车,通用标准：Van,,
EU,Maxus Mifa 7 MPV 2023-2026 EU,Maxus,Mifa 7,MPV,2023-2026,越野车,两厢车,通用标准：MPV,,
EU,Maxus Mifa 9 MPV 2023-2026 EU,Maxus,Mifa 9,MPV,2023-2026,越野车,两厢车,通用标准：MPV,,
EU,Maxus V80 MPV 2017-2026 EU,Maxus,V80,MPV,2017-2026,越野车,两厢车,通用标准：MPV,,
EU,Maxus V80 highroof Van 2017-2026 EU,Maxus,V80,Van,2017-2026,越野车,两厢车,通用标准：Van,,
EU,Maxus V80 midroof Van 2017-2026 EU,Maxus,V80,Van,2017-2026,越野车,两厢车,通用标准：Van,,
EU,Mazda 323 i station wagon FA Wagon 1978-1986 EU,Mazda,323 i station wagon,Wagon,1978-1986,三厢车,两厢车,通用标准：Wagon,,
EU,Mazda 323 i station wagon FA4 Wagon 1982-1986 EU,Mazda,323 i station wagon,Wagon,1982-1986,三厢车,两厢车,通用标准：Wagon,,
EU,Mazda 323 i station wagon FA4 facelift Wagon 1978-1982 EU,Mazda,323 i station wagon,Wagon,1978-1982,三厢车,两厢车,通用标准：Wagon,,
EU,Mazda 323 i station wagon FA4 prefl Wagon 1978-1982 EU,Mazda,323 i station wagon,Wagon,1978-1982,三厢车,两厢车,通用标准：Wagon,,
EU,Mazda 323 iii station wagon BF Wagon 1992-1995 EU,Mazda,323 iii station wagon,Wagon,1992-1995,三厢车,两厢车,通用标准：Wagon,,
EU,Mazda 323 iii station wagon BW Wagon 1986-1987 EU,Mazda,323 iii station wagon,Wagon,1986-1987,三厢车,两厢车,通用标准：Wagon,,
EU,Mazda 323 iii station wagon BW Wagon 1986-1989 EU,Mazda,323 iii station wagon,Wagon,1986-1989,三厢车,两厢车,通用标准：Wagon,,
EU,Mazda 323 iii station wagon BW Wagon 1987-1989 EU,Mazda,323 iii station wagon,Wagon,1987-1989,三厢车,两厢车,通用标准：Wagon,,
EU,Mazda 323 iii station wagon BW Wagon 1989-1993 EU,Mazda,323 iii station wagon,Wagon,1989-1993,三厢车,两厢车,通用标准：Wagon,,
EU,Mazda 323 iii station wagon BW Wagon 1990-1993 EU,Mazda,323 iii station wagon,Wagon,1990-1993,三厢车,两厢车,通用标准：Wagon,,
EU,Mazda 323 iii station wagon BW early Wagon 1986-1990 EU,Mazda,323 iii station wagon,Wagon,1986-1990,三厢车,两厢车,通用标准：Wagon,,
EU,Mazda 323 iii station wagon BW facelift Wagon 1986-1995 EU,Mazda,323 iii station wagon,Wagon,1986-1995,三厢车,两厢车,通用标准：Wagon,,
EU,Mazda 323 iii station wagon BW late Wagon 1986-1990 EU,Mazda,323 iii station wagon,Wagon,1986-1990,三厢车,两厢车,通用标准：Wagon,,
EU,Mazda 323 iii station wagon BW prefl Wagon 1986-1995 EU,Mazda,323 iii station wagon,Wagon,1986-1995,三厢车,两厢车,通用标准：Wagon,,
EU,Mazda 5 CR MPV 2005-2010 EU,Mazda,5,MPV,2005-2010,越野车,两厢车,通用标准：MPV,,
EU,Mazda 5 CW MPV 2010-2026 EU,Mazda,5,MPV,2010-2026,越野车,两厢车,通用标准：MPV,,
EU,Mazda 6 GH L4765 W1795 H1490 Wagon 2008-2013 EU,Mazda,6,Wagon,2008-2013,三厢车,两厢车,通用标准：Wagon,,
EU,Mazda 6 GH L4785 W1795 H1490 Wagon 2008-2013 EU,Mazda,6,Wagon,2008-2013,三厢车,两厢车,通用标准：Wagon,,
EU,Mazda 6 GH Wagon 2007-2010 EU,Mazda,6,Wagon,2007-2010,三厢车,两厢车,通用标准：Wagon,,
EU,Mazda 6 GH Wagon 2007-2013 EU,Mazda,6,Wagon,2007-2013,三厢车,两厢车,通用标准：Wagon,,
EU,Mazda 6 GH Wagon 2008-2011 EU,Mazda,6,Wagon,2008-2011,三厢车,两厢车,通用标准：Wagon,,
EU,Mazda 6 GH Wagon 2009-2010 EU,Mazda,6,Wagon,2009-2010,三厢车,两厢车,通用标准：Wagon,,
EU,Mazda 6 GH Wagon 2010-2013 EU,Mazda,6,Wagon,2010-2013,三厢车,两厢车,通用标准：Wagon,,
EU,Mazda 6 GJ Wagon 2012-2018 EU,Mazda,6,Wagon,2012-2018,三厢车,两厢车,通用标准：Wagon,,
EU,Mazda 6 GJ Wagon 2012-2020 EU,Mazda,6,Wagon,2012-2020,三厢车,两厢车,通用标准：Wagon,,
EU,Mazda 6 GJ Wagon 2012-2026 EU,Mazda,6,Wagon,2012-2026,三厢车,两厢车,通用标准：Wagon,,
EU,Mazda 6 GJ Wagon 2013-2026 EU,Mazda,6,Wagon,2013-2026,三厢车,两厢车,通用标准：Wagon,,
EU,Mazda 6 GJ Wagon 2015-2026 EU,Mazda,6,Wagon,2015-2026,三厢车,两厢车,通用标准：Wagon,,
EU,Mazda 6 GY Wagon 2002-2005 EU,Mazda,6,Wagon,2002-2005,三厢车,两厢车,通用标准：Wagon,,
EU,Mazda 6 GY Wagon 2002-2007 EU,Mazda,6,Wagon,2002-2007,三厢车,两厢车,通用标准：Wagon,,
EU,Mazda 6 GY Wagon 2002-2008 EU,Mazda,6,Wagon,2002-2008,三厢车,两厢车,通用标准：Wagon,,
EU,Mazda 6 GY Wagon 2005-2007 EU,Mazda,6,Wagon,2005-2007,三厢车,两厢车,通用标准：Wagon,,
EU,Mazda 6 Wagon 2018-2020 EU,Mazda,6,Wagon,2018-2020,三厢车,两厢车,通用标准：Wagon,,
EU,Mazda 6 Wagon 2018-2026 EU,Mazda,6,Wagon,2018-2026,三厢车,两厢车,通用标准：Wagon,,
EU,Mazda 626 iii station wagon GV Wagon 1988-1991 EU,Mazda,626 iii station wagon,Wagon,1988-1991,三厢车,两厢车,通用标准：Wagon,,
EU,Mazda 626 iii station wagon GV Wagon 1988-1992 EU,Mazda,626 iii station wagon,Wagon,1988-1992,三厢车,两厢车,通用标准：Wagon,,
EU,Mazda 626 iii station wagon GV Wagon 1988-1997 EU,Mazda,626 iii station wagon,Wagon,1988-1997,三厢车,两厢车,通用标准：Wagon,,
EU,Mazda 626 iii station wagon GV Wagon 1989-1996 EU,Mazda,626 iii station wagon,Wagon,1989-1996,三厢车,两厢车,通用标准：Wagon,,
EU,Mazda 626 iii station wagon GV Wagon 1991-1992 EU,Mazda,626 iii station wagon,Wagon,1991-1992,三厢车,两厢车,通用标准：Wagon,,
EU,Mazda 626 iii station wagon GV Wagon 1993-1996 EU,Mazda,626 iii station wagon,Wagon,1993-1996,三厢车,两厢车,通用标准：Wagon,,
EU,Mazda 626 iii station wagon GV Wagon 1994-1997 EU,Mazda,626 iii station wagon,Wagon,1994-1997,三厢车,两厢车,通用标准：Wagon,,
EU,Mazda 626 iii station wagon GV late Wagon 1988-1997 EU,Mazda,626 iii station wagon,Wagon,1988-1997,三厢车,两厢车,通用标准：Wagon,,
EU,Mazda 626 v station wagon GW Wagon 1998-2000 EU,Mazda,626 v station wagon,Wagon,1998-2000,三厢车,两厢车,通用标准：Wagon,,
EU,Mazda 626 v station wagon GW Wagon 1998-2002 EU,Mazda,626 v station wagon,Wagon,1998-2002,三厢车,两厢车,通用标准：Wagon,,
EU,Mazda 626 v station wagon GW Wagon 2000-2002 EU,Mazda,626 v station wagon,Wagon,2000-2002,三厢车,两厢车,通用标准：Wagon,,
EU,Mazda 626 v station wagon GW facelift Wagon 1998-2002 EU,Mazda,626 v station wagon,Wagon,1998-2002,三厢车,两厢车,通用标准：Wagon,,
EU,Mazda 626 v station wagon GW facelift Wagon 1999-2002 EU,Mazda,626 v station wagon,Wagon,1999-2002,三厢车,两厢车,通用标准：Wagon,,
EU,Mazda 626 v station wagon GW prefl Wagon 1999-2002 EU,Mazda,626 v station wagon,Wagon,1999-2002,三厢车,两厢车,通用标准：Wagon,,
EU,Mazda 818 Wagon 1974-1978 EU,Mazda,818,Wagon,1974-1978,三厢车,两厢车,通用标准：Wagon,,
EU,Mazda 818 Wagon 1977-1978 EU,Mazda,818,Wagon,1977-1978,三厢车,两厢车,通用标准：Wagon,,
EU,Mazda 929 ii LA4 Wagon 1983-1987 EU,Mazda,929 ii,Wagon,1983-1987,三厢车,两厢车,通用标准：Wagon,,
EU,Mazda E SR1 Bus 1989-1994 EU,Mazda,E,Bus,1989-1994,越野车,两厢车,通用标准：Bus,,
EU,Mazda E SR1 Bus 1991-2003 EU,Mazda,E,Bus,1991-2003,越野车,两厢车,通用标准：Bus,,
EU,Mazda E SR1 MPV 1984-1988 EU,Mazda,E,MPV,1984-1988,越野车,两厢车,通用标准：MPV,,
EU,Mazda E SR1 MPV 1984-1994 EU,Mazda,E,MPV,1984-1994,越野车,两厢车,通用标准：MPV,,
EU,Mazda E SR1 MPV 1988-1989 EU,Mazda,E,MPV,1988-1989,越野车,两厢车,通用标准：MPV,,
EU,Mazda E SR2 Van 1985-1988 EU,Mazda,E,Van,1985-1988,越野车,两厢车,通用标准：Van,,
EU,Mazda E SR2 Van 1987-1989 EU,Mazda,E,Van,1987-1989,越野车,两厢车,通用标准：Van,,
EU,Mazda E SR2 Van 1988-2003 EU,Mazda,E,Van,1988-2003,越野车,两厢车,通用标准：Van,,
EU,Mazda E SR2 Van 1991-1994 EU,Mazda,E,Van,1991-1994,越野车,两厢车,通用标准：Van,,
EU,Mazda E SR2 Van 1991-2003 EU,Mazda,E,Van,1991-2003,越野车,两厢车,通用标准：Van,,
EU,Mazda E SR2 Van 1994-2003 EU,Mazda,E,Van,1994-2003,越野车,两厢车,通用标准：Van,,
EU,Mazda E SR2 Van 1997-2002 EU,Mazda,E,Van,1997-2002,越野车,两厢车,通用标准：Van,,
EU,Mazda E SR2 Van 1997-2003 EU,Mazda,E,Van,1997-2003,越野车,两厢车,通用标准：Van,,
EU,Mazda E Van 1978-1984 EU,Mazda,E,Van,1978-1984,越野车,两厢车,通用标准：Van,,
EU,Mazda E Van 1985-1989 EU,Mazda,E,Van,1985-1989,越野车,两厢车,通用标准：Van,,
EU,Mazda Mpv i LV MPV 1996-1999 EU,Mazda,Mpv i,MPV,1996-1999,越野车,两厢车,通用标准：MPV,,
EU,Mazda Mpv i LV facelift MPV 1988-1999 EU,Mazda,Mpv i,MPV,1988-1999,越野车,两厢车,通用标准：MPV,,
EU,Mazda Mpv i LV facelift MPV 1989-1999 EU,Mazda,Mpv i,MPV,1989-1999,越野车,两厢车,通用标准：MPV,,
EU,Mazda Mpv i LV prefl MPV 1988-1999 EU,Mazda,Mpv i,MPV,1988-1999,越野车,两厢车,通用标准：MPV,,
EU,Mazda Mpv i LV prefl MPV 1989-1999 EU,Mazda,Mpv i,MPV,1989-1999,越野车,两厢车,通用标准：MPV,,
EU,Mazda Mpv ii LW MPV 1999-2000 EU,Mazda,Mpv ii,MPV,1999-2000,越野车,两厢车,通用标准：MPV,,
EU,Mazda Mpv ii LW MPV 2000-2002 EU,Mazda,Mpv ii,MPV,2000-2002,越野车,两厢车,通用标准：MPV,,
EU,Mazda Mpv ii LW MPV 2002-2006 EU,Mazda,Mpv ii,MPV,2002-2006,越野车,两厢车,通用标准：MPV,,
EU,Mazda Mpv ii LW prefl MPV 2002-2006 EU,Mazda,Mpv ii,MPV,2002-2006,越野车,两厢车,通用标准：MPV,,
EU,Mazda Premacy CP MPV 1999-2000 EU,Mazda,Premacy,MPV,1999-2000,越野车,两厢车,通用标准：MPV,,
EU,Mazda Premacy CP MPV 2001-2005 EU,Mazda,Premacy,MPV,2001-2005,越野车,两厢车,通用标准：MPV,,
EU,Mazda Premacy CP facelift MPV 1999-2005 EU,Mazda,Premacy,MPV,1999-2005,越野车,两厢车,通用标准：MPV,,
EU,Mazda Premacy CP facelift MPV 2000-2005 EU,Mazda,Premacy,MPV,2000-2005,越野车,两厢车,通用标准：MPV,,
EU,Mazda Premacy CP prefl MPV 1999-2005 EU,Mazda,Premacy,MPV,1999-2005,越野车,两厢车,通用标准：MPV,,
EU,Mazda Premacy CP prefl MPV 2000-2005 EU,Mazda,Premacy,MPV,2000-2005,越野车,两厢车,通用标准：MPV,,
EU,Mercedes-benz 123 t-Model 123.280 Wagon 1980-1985 EU,Mercedes-benz,123 t-Model,Wagon,1980-1985,三厢车,两厢车,通用标准：Wagon,,
EU,Mercedes-benz 123 t-Model S123 Wagon 1977-1979 EU,Mercedes-benz,123 t-Model,Wagon,1977-1979,三厢车,两厢车,通用标准：Wagon,,
EU,Mercedes-benz 123 t-Model S123 Wagon 1977-1980 EU,Mercedes-benz,123 t-Model,Wagon,1977-1980,三厢车,两厢车,通用标准：Wagon,,
EU,Mercedes-benz 123 t-Model S123 Wagon 1977-1985 EU,Mercedes-benz,123 t-Model,Wagon,1977-1985,三厢车,两厢车,通用标准：Wagon,,
EU,Mercedes-benz 123 t-Model S123 Wagon 1978-1979 EU,Mercedes-benz,123 t-Model,Wagon,1978-1979,三厢车,两厢车,通用标准：Wagon,,
EU,Mercedes-benz 123 t-Model S123 Wagon 1978-1982 EU,Mercedes-benz,123 t-Model,Wagon,1978-1982,三厢车,两厢车,通用标准：Wagon,,
EU,Mercedes-benz 123 t-Model S123 Wagon 1979-1985 EU,Mercedes-benz,123 t-Model,Wagon,1979-1985,三厢车,两厢车,通用标准：Wagon,,
EU,Mercedes-benz 123 t-Model S123 Wagon 1980-1985 EU,Mercedes-benz,123 t-Model,Wagon,1980-1985,三厢车,两厢车,通用标准：Wagon,,
EU,Mercedes-benz 124 S124 L4765 W1740 H1489 Wagon 1985-1992 EU,Mercedes-benz,124,Wagon,1985-1992,三厢车,两厢车,通用标准：Wagon,,
EU,Mercedes-benz 124 S124 L4765 W1740 H1489 Wagon 1986-1989 EU,Mercedes-benz,124,Wagon,1986-1989,三厢车,两厢车,通用标准：Wagon,,
EU,Mercedes-benz 124 S124 L4765 W1740 H1489 Wagon 1986-1993 EU,Mercedes-benz,124,Wagon,1986-1993,三厢车,两厢车,通用标准：Wagon,,
EU,Mercedes-benz 124 S124 L4765 W1740 H1489 Wagon 1989-1993 EU,Mercedes-benz,124,Wagon,1989-1993,三厢车,两厢车,通用标准：Wagon,,
EU,Mercedes-benz 124 S124 L4765 W1740 H1489 Wagon 1992-1993 EU,Mercedes-benz,124,Wagon,1992-1993,三厢车,两厢车,通用标准：Wagon,,
EU,Mercedes-benz 124 S124 L4765 W1740 H1490 Wagon 1985-1992 EU,Mercedes-benz,124,Wagon,1985-1992,三厢车,两厢车,通用标准：Wagon,,
EU,Mercedes-benz 124 S124 L4765 W1740 H1490 Wagon 1986-1989 EU,Mercedes-benz,124,Wagon,1986-1989,三厢车,两厢车,通用标准：Wagon,,
EU,Mercedes-benz 124 S124 L4765 W1740 H1490 Wagon 1989-1993 EU,Mercedes-benz,124,Wagon,1989-1993,三厢车,两厢车,通用标准：Wagon,,
EU,Mercedes-benz 124 S124 L4765 W1740 H1490 Wagon 1992-1993 EU,Mercedes-benz,124,Wagon,1992-1993,三厢车,两厢车,通用标准：Wagon,,
EU,Mercedes-benz 124 S124 L4765 W1740 H1497 Wagon 1986-1989 EU,Mercedes-benz,124,Wagon,1986-1989,三厢车,两厢车,通用标准：Wagon,,
EU,Mercedes-benz 124 S124 L4765 W1740 H1497 Wagon 1986-1993 EU,Mercedes-benz,124,Wagon,1986-1993,三厢车,两厢车,通用标准：Wagon,,
EU,Mercedes-benz 124 S124 L4765 W1740 H1497 Wagon 1989-1993 EU,Mercedes-benz,124,Wagon,1989-1993,三厢车,两厢车,通用标准：Wagon,,
EU,Mercedes-benz 124 S124 Wagon 1985-1989 EU,Mercedes-benz,124,Wagon,1985-1989,三厢车,两厢车,通用标准：Wagon,,
EU,Mercedes-benz 124 S124 Wagon 1985-1991 EU,Mercedes-benz,124,Wagon,1985-1991,三厢车,两厢车,通用标准：Wagon,,
EU,Mercedes-benz 124 S124 Wagon 1985-1993 EU,Mercedes-benz,124,Wagon,1985-1993,三厢车,两厢车,通用标准：Wagon,,
EU,Mercedes-benz 124 S124 Wagon 1986-1990 EU,Mercedes-benz,124,Wagon,1986-1990,三厢车,两厢车,通用标准：Wagon,,
EU,Mercedes-benz 124 S124 Wagon 1986-1992 EU,Mercedes-benz,124,Wagon,1986-1992,三厢车,两厢车,通用标准：Wagon,,
EU,Mercedes-benz 124 S124 Wagon 1988-1989 EU,Mercedes-benz,124,Wagon,1988-1989,三厢车,两厢车,通用标准：Wagon,,
EU,Mercedes-benz 124 S124 Wagon 1988-1991 EU,Mercedes-benz,124,Wagon,1988-1991,三厢车,两厢车,通用标准：Wagon,,
EU,Mercedes-benz 124 S124 Wagon 1988-1992 EU,Mercedes-benz,124,Wagon,1988-1992,三厢车,两厢车,通用标准：Wagon,,
EU,Mercedes-benz 124 S124 Wagon 1988-1993 EU,Mercedes-benz,124,Wagon,1988-1993,三厢车,两厢车,通用标准：Wagon,,
EU,Mercedes-benz 124 S124 Wagon 1989-1992 EU,Mercedes-benz,124,Wagon,1989-1992,三厢车,两厢车,通用标准：Wagon,,
EU,Mercedes-benz 170 W136 L4450 W1670 H1620 Van 1950-1952 EU,Mercedes-benz,170,Van,1950-1952,越野车,两厢车,通用标准：Van,,
EU,Mercedes-benz 170 W136 L4475 W1630 H1700 Van 1950-1952 EU,Mercedes-benz,170,Van,1950-1952,越野车,两厢车,通用标准：Van,,
EU,Mercedes-benz 170 W136 Van 1946-1950 EU,Mercedes-benz,170,Van,1946-1950,越野车,两厢车,通用标准：Van,,
EU,Mercedes-benz 170 W136 Van 1951-1952 EU,Mercedes-benz,170,Van,1951-1952,越野车,两厢车,通用标准：Van,,
EU,Mercedes-benz 170 W136 Van 1952-1953 EU,Mercedes-benz,170,Van,1952-1953,越野车,两厢车,通用标准：Van,,
EU,Mercedes-benz 170 W136 Van 1953-1955 EU,Mercedes-benz,170,Van,1953-1955,越野车,两厢车,通用标准：Van,,
EU,Mercedes-benz B-Klasse sports tourer W242 MPV 2014-2017 EU,Mercedes-benz,B-Klasse sports tourer,MPV,2014-2017,越野车,两厢车,通用标准：MPV,,
EU,Mercedes-benz B-Klasse sports tourer W245 MPV 2008-2011 EU,Mercedes-benz,B-Klasse sports tourer,MPV,2008-2011,越野车,两厢车,通用标准：MPV,,
EU,Mercedes-benz B-Klasse sports tourer W245 MPV 2009-2011 EU,Mercedes-benz,B-Klasse sports tourer,MPV,2009-2011,越野车,两厢车,通用标准：MPV,,
EU,Mercedes-benz B-Klasse sports tourer W245 facelift MPV 2005-2011 EU,Mercedes-benz,B-Klasse sports tourer,MPV,2005-2011,越野车,两厢车,通用标准：MPV,,
EU,Mercedes-benz B-Klasse sports tourer W245 prefl MPV 2005-2011 EU,Mercedes-benz,B-Klasse sports tourer,MPV,2005-2011,越野车,两厢车,通用标准：MPV,,
EU,Mercedes-benz B-Klasse sports tourer W246 MPV 2011-2014 EU,Mercedes-benz,B-Klasse sports tourer,MPV,2011-2014,越野车,两厢车,通用标准：MPV,,
EU,Mercedes-benz B-Klasse sports tourer W246 MPV 2013-2014 EU,Mercedes-benz,B-Klasse sports tourer,MPV,2013-2014,越野车,两厢车,通用标准：MPV,,
EU,Mercedes-benz B-Klasse sports tourer W246 MPV 2014-2018 EU,Mercedes-benz,B-Klasse sports tourer,MPV,2014-2018,越野车,两厢车,通用标准：MPV,,
EU,Mercedes-benz B-Klasse sports tourer W246 MPV 2015-2018 EU,Mercedes-benz,B-Klasse sports tourer,MPV,2015-2018,越野车,两厢车,通用标准：MPV,,
EU,Mercedes-benz B-Klasse sports tourer W246 facelift MPV 2011-2018 EU,Mercedes-benz,B-Klasse sports tourer,MPV,2011-2018,越野车,两厢车,通用标准：MPV,,
EU,Mercedes-benz B-Klasse sports tourer W246 facelift MPV 2012-2017 EU,Mercedes-benz,B-Klasse sports tourer,MPV,2012-2017,越野车,两厢车,通用标准：MPV,,
EU,Mercedes-benz B-Klasse sports tourer W246 facelift MPV 2012-2018 EU,Mercedes-benz,B-Klasse sports tourer,MPV,2012-2018,越野车,两厢车,通用标准：MPV,,
EU,Mercedes-benz B-Klasse sports tourer W246 facelift MPV 2013-2018 EU,Mercedes-benz,B-Klasse sports tourer,MPV,2013-2018,越野车,两厢车,通用标准：MPV,,
EU,Mercedes-benz B-Klasse sports tourer W246 prefl MPV 2011-2018 EU,Mercedes-benz,B-Klasse sports tourer,MPV,2011-2018,越野车,两厢车,通用标准：MPV,,
EU,Mercedes-benz B-Klasse sports tourer W246 prefl MPV 2012-2017 EU,Mercedes-benz,B-Klasse sports tourer,MPV,2012-2017,越野车,两厢车,通用标准：MPV,,
EU,Mercedes-benz B-Klasse sports tourer W246 prefl MPV 2012-2018 EU,Mercedes-benz,B-Klasse sports tourer,MPV,2012-2018,越野车,两厢车,通用标准：MPV,,
EU,Mercedes-benz B-Klasse sports tourer W246 prefl MPV 2013-2018 EU,Mercedes-benz,B-Klasse sports tourer,MPV,2013-2018,越野车,两厢车,通用标准：MPV,,
EU,Mercedes-benz B-Klasse sports tourer W247 MPV 2018-2026 EU,Mercedes-benz,B-Klasse sports tourer,MPV,2018-2026,越野车,两厢车,通用标准：MPV,,
EU,Mercedes-benz B-Klasse sports tourer W247 MPV 2019-2021 EU,Mercedes-benz,B-Klasse sports tourer,MPV,2019-2021,越野车,两厢车,通用标准：MPV,,
EU,Mercedes-benz B-Klasse sports tourer W247 MPV 2019-2026 EU,Mercedes-benz,B-Klasse sports tourer,MPV,2019-2026,越野车,两厢车,通用标准：MPV,,
EU,Mercedes-benz B-Klasse sports tourer W247 MPV 2020-2026 EU,Mercedes-benz,B-Klasse sports tourer,MPV,2020-2026,越野车,两厢车,通用标准：MPV,,
EU,Mercedes-benz C-Klasse S202 L4516 W1723 H1430 Wagon 1997-2001 EU,Mercedes-benz,C-Klasse,Wagon,1997-2001,三厢车,两厢车,通用标准：Wagon,,
EU,Mercedes-benz C-Klasse S202 L4516 W1723 H1460 Wagon 1997-2001 EU,Mercedes-benz,C-Klasse,Wagon,1997-2001,三厢车,两厢车,通用标准：Wagon,,
EU,Mercedes-benz C-Klasse S202 Wagon 1997-2000 EU,Mercedes-benz,C-Klasse,Wagon,1997-2000,三厢车,两厢车,通用标准：Wagon,,
EU,Mercedes-benz C-Klasse S202 Wagon 1998-2001 EU,Mercedes-benz,C-Klasse,Wagon,1998-2001,三厢车,两厢车,通用标准：Wagon,,
EU,Mercedes-benz C-Klasse S202 Wagon 2000-2001 EU,Mercedes-benz,C-Klasse,Wagon,2000-2001,三厢车,两厢车,通用标准：Wagon,,
EU,Mercedes-benz C-Klasse S202 facelift Wagon 1996-1998 EU,Mercedes-benz,C-Klasse,Wagon,1996-1998,三厢车,两厢车,通用标准：Wagon,,
EU,Mercedes-benz C-Klasse S202 facelift Wagon 1996-2000 EU,Mercedes-benz,C-Klasse,Wagon,1996-2000,三厢车,两厢车,通用标准：Wagon,,
EU,Mercedes-benz C-Klasse S202 facelift Wagon 1996-2001 EU,Mercedes-benz,C-Klasse,Wagon,1996-2001,三厢车,两厢车,通用标准：Wagon,,
EU,Mercedes-benz C-Klasse S202 prefl Wagon 1996-1998 EU,Mercedes-benz,C-Klasse,Wagon,1996-1998,三厢车,两厢车,通用标准：Wagon,,
EU,Mercedes-benz C-Klasse S202 prefl Wagon 1996-2000 EU,Mercedes-benz,C-Klasse,Wagon,1996-2000,三厢车,两厢车,通用标准：Wagon,,
EU,Mercedes-benz C-Klasse S202 prefl Wagon 1996-2001 EU,Mercedes-benz,C-Klasse,Wagon,1996-2001,三厢车,两厢车,通用标准：Wagon,,
EU,Mercedes-benz C-Klasse S203 L4541 W1728 H1455 Wagon 2001-2007 EU,Mercedes-benz,C-Klasse,Wagon,2001-2007,三厢车,两厢车,通用标准：Wagon,,
EU,Mercedes-benz C-Klasse S203 L4541 W1728 H1455 Wagon 2003-2007 EU,Mercedes-benz,C-Klasse,Wagon,2003-2007,三厢车,两厢车,通用标准：Wagon,,
EU,Mercedes-benz C-Klasse S203 L4541 W1728 H1465 Wagon 2001-2007 EU,Mercedes-benz,C-Klasse,Wagon,2001-2007,三厢车,两厢车,通用标准：Wagon,,
EU,Mercedes-benz C-Klasse S203 L4541 W1728 H1465 Wagon 2003-2007 EU,Mercedes-benz,C-Klasse,Wagon,2003-2007,三厢车,两厢车,通用标准：Wagon,,
EU,Mercedes-benz C-Klasse S203 L4541 W1728 H1465 Wagon 2004-2007 EU,Mercedes-benz,C-Klasse,Wagon,2004-2007,三厢车,两厢车,通用标准：Wagon,,
EU,Mercedes-benz C-Klasse S203 L4626 W1744 H1455 Wagon 2004-2007 EU,Mercedes-benz,C-Klasse,Wagon,2004-2007,三厢车,两厢车,通用标准：Wagon,,
EU,Mercedes-benz C-Klasse S203 Wagon 2001-2002 EU,Mercedes-benz,C-Klasse,Wagon,2001-2002,三厢车,两厢车,通用标准：Wagon,,
EU,Mercedes-benz C-Klasse S203 Wagon 2002-2007 EU,Mercedes-benz,C-Klasse,Wagon,2002-2007,三厢车,两厢车,通用标准：Wagon,,
EU,Mercedes-benz C-Klasse S203 Wagon 2005-2007 EU,Mercedes-benz,C-Klasse,Wagon,2005-2007,三厢车,两厢车,通用标准：Wagon,,
EU,Mercedes-benz C-Klasse S203 Wagon 2006-2007 EU,Mercedes-benz,C-Klasse,Wagon,2006-2007,三厢车,两厢车,通用标准：Wagon,,
EU,Mercedes-benz C-Klasse S204 L4596 W1770 H1459 Wagon 2008-2014 EU,Mercedes-benz,C-Klasse,Wagon,2008-2014,三厢车,两厢车,通用标准：Wagon,,
EU,Mercedes-benz C-Klasse S204 L4606 W1770 H1459 Wagon 2012-2014 EU,Mercedes-benz,C-Klasse,Wagon,2012-2014,三厢车,两厢车,通用标准：Wagon,,
EU,Mercedes-benz C-Klasse S204 L4606 W1770 H1459 Wagon 2013-2014 EU,Mercedes-benz,C-Klasse,Wagon,2013-2014,三厢车,两厢车,通用标准：Wagon,,
EU,Mercedes-benz C-Klasse S204 L4701 W1795 H1448 Wagon 2012-2014 EU,Mercedes-benz,C-Klasse,Wagon,2012-2014,三厢车,两厢车,通用标准：Wagon,,
EU,Mercedes-benz C-Klasse S204 L4701 W1795 H1448 Wagon 2013-2014 EU,Mercedes-benz,C-Klasse,Wagon,2013-2014,三厢车,两厢车,通用标准：Wagon,,
EU,Mercedes-benz C-Klasse S204 L4726 W1795 H1442 Wagon 2008-2014 EU,Mercedes-benz,C-Klasse,Wagon,2008-2014,三厢车,两厢车,通用标准：Wagon,,
EU,Mercedes-benz C-Klasse S204 Wagon 2007-2008 EU,Mercedes-benz,C-Klasse,Wagon,2007-2008,三厢车,两厢车,通用标准：Wagon,,
EU,Mercedes-benz C-Klasse S204 Wagon 2007-2009 EU,Mercedes-benz,C-Klasse,Wagon,2007-2009,三厢车,两厢车,通用标准：Wagon,,
EU,Mercedes-benz C-Klasse S204 Wagon 2007-2011 EU,Mercedes-benz,C-Klasse,Wagon,2007-2011,三厢车,两厢车,通用标准：Wagon,,
EU,Mercedes-benz C-Klasse S204 Wagon 2007-2014 EU,Mercedes-benz,C-Klasse,Wagon,2007-2014,三厢车,两厢车,通用标准：Wagon,,
EU,Mercedes-benz C-Klasse S204 Wagon 2011-2014 EU,Mercedes-benz,C-Klasse,Wagon,2011-2014,三厢车,两厢车,通用标准：Wagon,,
EU,Mercedes-benz C-Klasse S204 facelift Wagon 2007-2011 EU,Mercedes-benz,C-Klasse,Wagon,2007-2011,三厢车,两厢车,通用标准：Wagon,,
EU,Mercedes-benz C-Klasse S204 facelift Wagon 2007-2014 EU,Mercedes-benz,C-Klasse,Wagon,2007-2014,三厢车,两厢车,通用标准：Wagon,,
EU,Mercedes-benz C-Klasse S204 facelift Wagon 2008-2012 EU,Mercedes-benz,C-Klasse,Wagon,2008-2012,三厢车,两厢车,通用标准：Wagon,,
EU,Mercedes-benz C-Klasse S204 facelift Wagon 2008-2014 EU,Mercedes-benz,C-Klasse,Wagon,2008-2014,三厢车,两厢车,通用标准：Wagon,,
EU,Mercedes-benz C-Klasse S204 facelift Wagon 2009-2014 EU,Mercedes-benz,C-Klasse,Wagon,2009-2014,三厢车,两厢车,通用标准：Wagon,,
EU,Mercedes-benz C-Klasse S204 facelift Wagon 2010-2014 EU,Mercedes-benz,C-Klasse,Wagon,2010-2014,三厢车,两厢车,通用标准：Wagon,,
EU,Mercedes-benz C-Klasse S204 prefl Wagon 2008-2012 EU,Mercedes-benz,C-Klasse,Wagon,2008-2012,三厢车,两厢车,通用标准：Wagon,,
EU,Mercedes-benz C-Klasse S204 prefl Wagon 2009-2014 EU,Mercedes-benz,C-Klasse,Wagon,2009-2014,三厢车,两厢车,通用标准：Wagon,,
EU,Mercedes-benz C-Klasse S204 prefl Wagon 2010-2014 EU,Mercedes-benz,C-Klasse,Wagon,2010-2014,三厢车,两厢车,通用标准：Wagon,,
EU,Mercedes-benz C-Klasse S205 L4702 W1810 H1457 Wagon 2015-2018 EU,Mercedes-benz,C-Klasse,Wagon,2015-2018,三厢车,两厢车,通用标准：Wagon,,
EU,Mercedes-benz C-Klasse S205 L4702 W1810 H1457 Wagon 2018-2021 EU,Mercedes-benz,C-Klasse,Wagon,2018-2021,三厢车,两厢车,通用标准：Wagon,,
EU,Mercedes-benz C-Klasse S205 L4714 W1810 H1440 Wagon 2018-2021 EU,Mercedes-benz,C-Klasse,Wagon,2018-2021,三厢车,两厢车,通用标准：Wagon,,
EU,Mercedes-benz C-Klasse S205 L4717 W1810 H1440 Wagon 2015-2018 EU,Mercedes-benz,C-Klasse,Wagon,2015-2018,三厢车,两厢车,通用标准：Wagon,,
EU,Mercedes-benz C-Klasse S205 Wagon 2014-2018 EU,Mercedes-benz,C-Klasse,Wagon,2014-2018,三厢车,两厢车,通用标准：Wagon,,
EU,Mercedes-benz C-Klasse S205 Wagon 2014-2020 EU,Mercedes-benz,C-Klasse,Wagon,2014-2020,三厢车,两厢车,通用标准：Wagon,,
EU,Mercedes-benz C-Klasse S205 Wagon 2014-2021 EU,Mercedes-benz,C-Klasse,Wagon,2014-2021,三厢车,两厢车,通用标准：Wagon,,
EU,Mercedes-benz C-Klasse S205 Wagon 2015-2019 EU,Mercedes-benz,C-Klasse,Wagon,2015-2019,三厢车,两厢车,通用标准：Wagon,,
EU,Mercedes-benz C-Klasse S205 Wagon 2016-2018 EU,Mercedes-benz,C-Klasse,Wagon,2016-2018,三厢车,两厢车,通用标准：Wagon,,
EU,Mercedes-benz C-Klasse S205 Wagon 2018-2018 EU,Mercedes-benz,C-Klasse,Wagon,2018-2018,三厢车,两厢车,通用标准：Wagon,,
EU,Mercedes-benz C-Klasse S205 Wagon 2019-2019 EU,Mercedes-benz,C-Klasse,Wagon,2019-2019,三厢车,两厢车,通用标准：Wagon,,
EU,Mercedes-benz C-Klasse S205 Wagon 2019-2021 EU,Mercedes-benz,C-Klasse,Wagon,2019-2021,三厢车,两厢车,通用标准：Wagon,,
EU,Mercedes-benz C-Klasse S205 facelift Wagon 2015-2021 EU,Mercedes-benz,C-Klasse,Wagon,2015-2021,三厢车,两厢车,通用标准：Wagon,,
EU,Mercedes-benz C-Klasse S205 prefl Wagon 2015-2021 EU,Mercedes-benz,C-Klasse,Wagon,2015-2021,三厢车,两厢车,通用标准：Wagon,,
EU,Mercedes-benz C-Klasse S206 L4751 W1820 H1455 Wagon 2022-2026 EU,Mercedes-benz,C-Klasse,Wagon,2022-2026,三厢车,两厢车,通用标准：Wagon,,
EU,Mercedes-benz C-Klasse S206 L4793 W1824 H1466 Wagon 2022-2026 EU,Mercedes-benz,C-Klasse,Wagon,2022-2026,三厢车,两厢车,通用标准：Wagon,,
EU,Mercedes-benz C-Klasse S206 L4842 W1900 H1474 Wagon 2022-2026 EU,Mercedes-benz,C-Klasse,Wagon,2022-2026,三厢车,两厢车,通用标准：Wagon,,
EU,Mercedes-benz C-Klasse S206 Wagon 2021-2026 EU,Mercedes-benz,C-Klasse,Wagon,2021-2026,三厢车,两厢车,通用标准：Wagon,,
EU,Mercedes-benz C-Klasse S206 Wagon 2023-2026 EU,Mercedes-benz,C-Klasse,Wagon,2023-2026,三厢车,两厢车,通用标准：Wagon,,
EU,Mercedes-benz C-Klasse S206 Wagon 2024-2026 EU,Mercedes-benz,C-Klasse,Wagon,2024-2026,三厢车,两厢车,通用标准：Wagon,,
EU,Mercedes-benz Citan W415 MPV 2019-2021 EU,Mercedes-benz,Citan,MPV,2019-2021,越野车,两厢车,通用标准：MPV,,
EU,Mercedes-benz Citan W415 Van 2012-2021 EU,Mercedes-benz,Citan,Van,2012-2021,越野车,两厢车,通用标准：Van,,
EU,Mercedes-benz Citan W415 Van 2013-2021 EU,Mercedes-benz,Citan,Van,2013-2021,越野车,两厢车,通用标准：Van,,
EU,Mercedes-benz Citan W415 long van Van 2019-2021 EU,Mercedes-benz,Citan,Van,2019-2021,越野车,两厢车,通用标准：Van,,
EU,Mercedes-benz Citan W415 xl van Van 2019-2021 EU,Mercedes-benz,Citan,Van,2019-2021,越野车,两厢车,通用标准：Van,,
EU,Mercedes-benz Citan W420 Van 2021-2026 EU,Mercedes-benz,Citan,Van,2021-2026,越野车,两厢车,通用标准：Van,,
EU,Mercedes-benz Citan W420 Van 2022-2026 EU,Mercedes-benz,Citan,Van,2022-2026,越野车,两厢车,通用标准：Van,,
EU,Mercedes-benz Citan mixto W415 Van 2012-2021 EU,Mercedes-benz,Citan mixto,Van,2012-2021,越野车,两厢车,通用标准：Van,,
EU,Mercedes-benz Citan mixto W415 Van 2013-2021 EU,Mercedes-benz,Citan mixto,Van,2013-2021,越野车,两厢车,通用标准：Van,,
EU,Mercedes-benz Citan tourer W415 MPV 2012-2021 EU,Mercedes-benz,Citan tourer,MPV,2012-2021,越野车,两厢车,通用标准：MPV,,
EU,Mercedes-benz Citan tourer W415 MPV 2013-2021 EU,Mercedes-benz,Citan tourer,MPV,2013-2021,越野车,两厢车,通用标准：MPV,,
EU,Mercedes-benz Citan tourer W415 MPV 2019-2021 EU,Mercedes-benz,Citan tourer,MPV,2019-2021,越野车,两厢车,通用标准：MPV,,
EU,Mercedes-benz Citan tourer W420 MPV 2021-2026 EU,Mercedes-benz,Citan tourer,MPV,2021-2026,越野车,两厢车,通用标准：MPV,,
EU,Mercedes-benz Citan tourer W420 MPV 2023-2026 EU,Mercedes-benz,Citan tourer,MPV,2023-2026,越野车,两厢车,通用标准：MPV,,
EU,Mercedes-benz Cla X117 Wagon 2015-2015 EU,Mercedes-benz,Cla,Wagon,2015-2015,三厢车,两厢车,通用标准：Wagon,,
EU,Mercedes-benz Cla X117 Wagon 2016-2019 EU,Mercedes-benz,Cla,Wagon,2016-2019,三厢车,两厢车,通用标准：Wagon,,
EU,Mercedes-benz Cla X117 Wagon 2018-2019 EU,Mercedes-benz,Cla,Wagon,2018-2019,三厢车,两厢车,通用标准：Wagon,,
EU,Mercedes-benz Cla X117 facelift L4640 W1777 H1435 Wagon 2015-2019 EU,Mercedes-benz,Cla,Wagon,2015-2019,三厢车,两厢车,通用标准：Wagon,,
EU,Mercedes-benz Cla X117 facelift L4640 W1777 H1440 Wagon 2015-2019 EU,Mercedes-benz,Cla,Wagon,2015-2019,三厢车,两厢车,通用标准：Wagon,,
EU,Mercedes-benz Cla X117 facelift Wagon 2015-2018 EU,Mercedes-benz,Cla,Wagon,2015-2018,三厢车,两厢车,通用标准：Wagon,,
EU,Mercedes-benz Cla X117 prefl L4630 W1777 H1435 Wagon 2015-2019 EU,Mercedes-benz,Cla,Wagon,2015-2019,三厢车,两厢车,通用标准：Wagon,,
EU,Mercedes-benz Cla X117 prefl L4630 W1777 H1440 Wagon 2015-2019 EU,Mercedes-benz,Cla,Wagon,2015-2019,三厢车,两厢车,通用标准：Wagon,,
EU,Mercedes-benz Cla X117 prefl L4691 W1777 H1417 Wagon 2015-2019 EU,Mercedes-benz,Cla,Wagon,2015-2019,三厢车,两厢车,通用标准：Wagon,,
EU,Mercedes-benz Cla X117 prefl Wagon 2015-2018 EU,Mercedes-benz,Cla,Wagon,2015-2018,三厢车,两厢车,通用标准：Wagon,,
EU,Mercedes-benz Cla X118 L4688 W1830 H1430 Wagon 2023-2026 EU,Mercedes-benz,Cla,Wagon,2023-2026,三厢车,两厢车,通用标准：Wagon,,
EU,Mercedes-benz Cla X118 L4688 W1830 H1442 Wagon 2019-2026 EU,Mercedes-benz,Cla,Wagon,2019-2026,三厢车,两厢车,通用标准：Wagon,,
EU,Mercedes-benz Cla X118 L4692 W1834 H1407 Wagon 2023-2026 EU,Mercedes-benz,Cla,Wagon,2023-2026,三厢车,两厢车,通用标准：Wagon,,
EU,Mercedes-benz Cla X118 L4693 W1857 H1417 Wagon 2019-2026 EU,Mercedes-benz,Cla,Wagon,2019-2026,三厢车,两厢车,通用标准：Wagon,,
EU,Mercedes-benz Cla X118 L4695 W1834 H1405 Wagon 2019-2026 EU,Mercedes-benz,Cla,Wagon,2019-2026,三厢车,两厢车,通用标准：Wagon,,
EU,Mercedes-benz Cla X118 facelift Wagon 2020-2026 EU,Mercedes-benz,Cla,Wagon,2020-2026,三厢车,两厢车,通用标准：Wagon,,
EU,Mercedes-benz Cla X118 prefl Wagon 2020-2026 EU,Mercedes-benz,Cla,Wagon,2020-2026,三厢车,两厢车,通用标准：Wagon,,
EU,Mercedes-benz Cla X174 Wagon 2026-2026 EU,Mercedes-benz,Cla,Wagon,2026-2026,三厢车,两厢车,通用标准：Wagon,,
EU,Mercedes-benz Cla X178 Wagon 2026-2026 EU,Mercedes-benz,Cla,Wagon,2026-2026,三厢车,两厢车,通用标准：Wagon,,
EU,Mercedes-benz Cls X218 Wagon 2012-2014 EU,Mercedes-benz,Cls,Wagon,2012-2014,三厢车,两厢车,通用标准：Wagon,,
EU,Mercedes-benz Cls X218 Wagon 2014-2017 EU,Mercedes-benz,Cls,Wagon,2014-2017,三厢车,两厢车,通用标准：Wagon,,
EU,Mercedes-benz Cls X218 Wagon 2015-2017 EU,Mercedes-benz,Cls,Wagon,2015-2017,三厢车,两厢车,通用标准：Wagon,,
EU,Mercedes-benz Cls X218 facelift L4953 W1881 H1419 Wagon 2012-2017 EU,Mercedes-benz,Cls,Wagon,2012-2017,三厢车,两厢车,通用标准：Wagon,,
EU,Mercedes-benz Cls X218 facelift L5000 W1881 H1413 Wagon 2012-2017 EU,Mercedes-benz,Cls,Wagon,2012-2017,三厢车,两厢车,通用标准：Wagon,,
EU,Mercedes-benz Cls X218 facelift Wagon 2013-2017 EU,Mercedes-benz,Cls,Wagon,2013-2017,三厢车,两厢车,通用标准：Wagon,,
EU,Mercedes-benz Cls X218 prefl L4956 W1881 H1416 Wagon 2012-2017 EU,Mercedes-benz,Cls,Wagon,2012-2017,三厢车,两厢车,通用标准：Wagon,,
EU,Mercedes-benz Cls X218 prefl L4956 W1881 H1421 Wagon 2012-2017 EU,Mercedes-benz,Cls,Wagon,2012-2017,三厢车,两厢车,通用标准：Wagon,,
EU,Mercedes-benz Cls X218 prefl L5000 W1881 H1412 Wagon 2012-2017 EU,Mercedes-benz,Cls,Wagon,2012-2017,三厢车,两厢车,通用标准：Wagon,,
EU,Mercedes-benz Cls X218 prefl L5000 W1881 H1412 Wagon 2013-2017 EU,Mercedes-benz,Cls,Wagon,2013-2017,三厢车,两厢车,通用标准：Wagon,,
EU,Mercedes-benz Cls X218 prefl L5000 W1881 H1436 Wagon 2013-2017 EU,Mercedes-benz,Cls,Wagon,2013-2017,三厢车,两厢车,通用标准：Wagon,,
EU,Mercedes-benz E-Klasse 124.092 Wagon 1994-1996 EU,Mercedes-benz,E-Klasse,Wagon,1994-1996,三厢车,两厢车,通用标准：Wagon,,
EU,Mercedes-benz E-Klasse 211.277 Wagon 2006-2009 EU,Mercedes-benz,E-Klasse,Wagon,2006-2009,三厢车,两厢车,通用标准：Wagon,,
EU,Mercedes-benz E-Klasse S124 L4765 W1740 H1490 Wagon 1993-1996 EU,Mercedes-benz,E-Klasse,Wagon,1993-1996,三厢车,两厢车,通用标准：Wagon,,
EU,Mercedes-benz E-Klasse S124 L4765 W1740 H1498 Wagon 1993-1996 EU,Mercedes-benz,E-Klasse,Wagon,1993-1996,三厢车,两厢车,通用标准：Wagon,,
EU,Mercedes-benz E-Klasse S210 L4816 W1799 H1505 Wagon 1996-1997 EU,Mercedes-benz,E-Klasse,Wagon,1996-1997,三厢车,两厢车,通用标准：Wagon,,
EU,Mercedes-benz E-Klasse S210 L4816 W1799 H1505 Wagon 1997-2003 EU,Mercedes-benz,E-Klasse,Wagon,1997-2003,三厢车,两厢车,通用标准：Wagon,,
EU,Mercedes-benz E-Klasse S210 L4816 W1799 H1505 Wagon 2000-2003 EU,Mercedes-benz,E-Klasse,Wagon,2000-2003,三厢车,两厢车,通用标准：Wagon,,
EU,Mercedes-benz E-Klasse S210 L4816 W1799 H1506 Wagon 1996-1997 EU,Mercedes-benz,E-Klasse,Wagon,1996-1997,三厢车,两厢车,通用标准：Wagon,,
EU,Mercedes-benz E-Klasse S210 L4816 W1799 H1506 Wagon 1997-2003 EU,Mercedes-benz,E-Klasse,Wagon,1997-2003,三厢车,两厢车,通用标准：Wagon,,
EU,Mercedes-benz E-Klasse S210 L4839 W1799 H1477 Wagon 1997-2003 EU,Mercedes-benz,E-Klasse,Wagon,1997-2003,三厢车,两厢车,通用标准：Wagon,,
EU,Mercedes-benz E-Klasse S210 L4839 W1799 H1505 Wagon 2000-2003 EU,Mercedes-benz,E-Klasse,Wagon,2000-2003,三厢车,两厢车,通用标准：Wagon,,
EU,Mercedes-benz E-Klasse S210 Wagon 1996-1999 EU,Mercedes-benz,E-Klasse,Wagon,1996-1999,三厢车,两厢车,通用标准：Wagon,,
EU,Mercedes-benz E-Klasse S210 Wagon 1996-2000 EU,Mercedes-benz,E-Klasse,Wagon,1996-2000,三厢车,两厢车,通用标准：Wagon,,
EU,Mercedes-benz E-Klasse S210 Wagon 1996-2003 EU,Mercedes-benz,E-Klasse,Wagon,1996-2003,三厢车,两厢车,通用标准：Wagon,,
EU,Mercedes-benz E-Klasse S210 Wagon 1997-1999 EU,Mercedes-benz,E-Klasse,Wagon,1997-1999,三厢车,两厢车,通用标准：Wagon,,
EU,Mercedes-benz E-Klasse S210 Wagon 1998-1999 EU,Mercedes-benz,E-Klasse,Wagon,1998-1999,三厢车,两厢车,通用标准：Wagon,,
EU,Mercedes-benz E-Klasse S210 facelift Wagon 1996-2003 EU,Mercedes-benz,E-Klasse,Wagon,1996-2003,三厢车,两厢车,通用标准：Wagon,,
EU,Mercedes-benz E-Klasse S210 facelift Wagon 1999-2003 EU,Mercedes-benz,E-Klasse,Wagon,1999-2003,三厢车,两厢车,通用标准：Wagon,,
EU,Mercedes-benz E-Klasse S210 prefl Wagon 1999-2003 EU,Mercedes-benz,E-Klasse,Wagon,1999-2003,三厢车,两厢车,通用标准：Wagon,,
EU,Mercedes-benz E-Klasse S211 L4850 W1822 H1495 Wagon 2003-2009 EU,Mercedes-benz,E-Klasse,Wagon,2003-2009,三厢车,两厢车,通用标准：Wagon,,
EU,Mercedes-benz E-Klasse S211 L4850 W1822 H1499 Wagon 2003-2009 EU,Mercedes-benz,E-Klasse,Wagon,2003-2009,三厢车,两厢车,通用标准：Wagon,,
EU,Mercedes-benz E-Klasse S211 L4871 W1822 H1485 Wagon 2003-2009 EU,Mercedes-benz,E-Klasse,Wagon,2003-2009,三厢车,两厢车,通用标准：Wagon,,
EU,Mercedes-benz E-Klasse S211 Wagon 2003-2004 EU,Mercedes-benz,E-Klasse,Wagon,2003-2004,三厢车,两厢车,通用标准：Wagon,,
EU,Mercedes-benz E-Klasse S211 Wagon 2004-2009 EU,Mercedes-benz,E-Klasse,Wagon,2004-2009,三厢车,两厢车,通用标准：Wagon,,
EU,Mercedes-benz E-Klasse S211 Wagon 2005-2006 EU,Mercedes-benz,E-Klasse,Wagon,2005-2006,三厢车,两厢车,通用标准：Wagon,,
EU,Mercedes-benz E-Klasse S211 Wagon 2006-2009 EU,Mercedes-benz,E-Klasse,Wagon,2006-2009,三厢车,两厢车,通用标准：Wagon,,
EU,Mercedes-benz E-Klasse S211 Wagon 2007-2009 EU,Mercedes-benz,E-Klasse,Wagon,2007-2009,三厢车,两厢车,通用标准：Wagon,,
EU,Mercedes-benz E-Klasse S211 facelift L4888 W1822 H1506 Wagon 2003-2009 EU,Mercedes-benz,E-Klasse,Wagon,2003-2009,三厢车,两厢车,通用标准：Wagon,,
EU,Mercedes-benz E-Klasse S211 facelift L4888 W1822 H1506 Wagon 2005-2009 EU,Mercedes-benz,E-Klasse,Wagon,2005-2009,三厢车,两厢车,通用标准：Wagon,,
EU,Mercedes-benz E-Klasse S211 facelift L4888 W1822 H1509 Wagon 2005-2009 EU,Mercedes-benz,E-Klasse,Wagon,2005-2009,三厢车,两厢车,通用标准：Wagon,,
EU,Mercedes-benz E-Klasse S211 facelift L4888 W1822 H1513 Wagon 2003-2009 EU,Mercedes-benz,E-Klasse,Wagon,2003-2009,三厢车,两厢车,通用标准：Wagon,,
EU,Mercedes-benz E-Klasse S211 prefl L4847 W1822 H1499 Wagon 2005-2009 EU,Mercedes-benz,E-Klasse,Wagon,2005-2009,三厢车,两厢车,通用标准：Wagon,,
EU,Mercedes-benz E-Klasse S211 prefl L4850 W1822 H1485 Wagon 2003-2009 EU,Mercedes-benz,E-Klasse,Wagon,2003-2009,三厢车,两厢车,通用标准：Wagon,,
EU,Mercedes-benz E-Klasse S211 prefl L4850 W1822 H1495 Wagon 2005-2009 EU,Mercedes-benz,E-Klasse,Wagon,2005-2009,三厢车,两厢车,通用标准：Wagon,,
EU,Mercedes-benz E-Klasse S211 prefl L4850 W1822 H1496 Wagon 2003-2009 EU,Mercedes-benz,E-Klasse,Wagon,2003-2009,三厢车,两厢车,通用标准：Wagon,,
EU,Mercedes-benz E-Klasse S211 prefl L4850 W1822 H1496 Wagon 2005-2009 EU,Mercedes-benz,E-Klasse,Wagon,2005-2009,三厢车,两厢车,通用标准：Wagon,,
EU,Mercedes-benz E-Klasse S211 prefl L4850 W1822 H1499 Wagon 2005-2009 EU,Mercedes-benz,E-Klasse,Wagon,2005-2009,三厢车,两厢车,通用标准：Wagon,,
EU,Mercedes-benz E-Klasse S212 L4895 W1854 H1512 Wagon 2009-2011 EU,Mercedes-benz,E-Klasse,Wagon,2009-2011,三厢车,两厢车,通用标准：Wagon,,
EU,Mercedes-benz E-Klasse S212 L4895 W1854 H1515 Wagon 2009-2011 EU,Mercedes-benz,E-Klasse,Wagon,2009-2011,三厢车,两厢车,通用标准：Wagon,,
EU,Mercedes-benz E-Klasse S212 L4904 W1873 H1522 Wagon 2011-2016 EU,Mercedes-benz,E-Klasse,Wagon,2011-2016,三厢车,两厢车,通用标准：Wagon,,
EU,Mercedes-benz E-Klasse S212 L4904 W1873 H1522 Wagon 2013-2016 EU,Mercedes-benz,E-Klasse,Wagon,2013-2016,三厢车,两厢车,通用标准：Wagon,,
EU,Mercedes-benz E-Klasse S212 L4905 W1854 H1507 Wagon 2013-2016 EU,Mercedes-benz,E-Klasse,Wagon,2013-2016,三厢车,两厢车,通用标准：Wagon,,
EU,Mercedes-benz E-Klasse S212 L4905 W1854 H1507 Wagon 2014-2016 EU,Mercedes-benz,E-Klasse,Wagon,2014-2016,三厢车,两厢车,通用标准：Wagon,,
EU,Mercedes-benz E-Klasse S212 L4905 W1854 H1509 Wagon 2014-2016 EU,Mercedes-benz,E-Klasse,Wagon,2014-2016,三厢车,两厢车,通用标准：Wagon,,
EU,Mercedes-benz E-Klasse S212 L4913 W1872 H1490 Wagon 2011-2016 EU,Mercedes-benz,E-Klasse,Wagon,2011-2016,三厢车,两厢车,通用标准：Wagon,,
EU,Mercedes-benz E-Klasse S212 L4913 W1872 H1490 Wagon 2013-2016 EU,Mercedes-benz,E-Klasse,Wagon,2013-2016,三厢车,两厢车,通用标准：Wagon,,
EU,Mercedes-benz E-Klasse S212 Wagon 2009-2010 EU,Mercedes-benz,E-Klasse,Wagon,2009-2010,三厢车,两厢车,通用标准：Wagon,,
EU,Mercedes-benz E-Klasse S212 Wagon 2009-2013 EU,Mercedes-benz,E-Klasse,Wagon,2009-2013,三厢车,两厢车,通用标准：Wagon,,
EU,Mercedes-benz E-Klasse S212 Wagon 2015-2016 EU,Mercedes-benz,E-Klasse,Wagon,2015-2016,三厢车,两厢车,通用标准：Wagon,,
EU,Mercedes-benz E-Klasse S212 facelift Wagon 2009-2013 EU,Mercedes-benz,E-Klasse,Wagon,2009-2013,三厢车,两厢车,通用标准：Wagon,,
EU,Mercedes-benz E-Klasse S212 facelift Wagon 2009-2014 EU,Mercedes-benz,E-Klasse,Wagon,2009-2014,三厢车,两厢车,通用标准：Wagon,,
EU,Mercedes-benz E-Klasse S212 facelift Wagon 2009-2016 EU,Mercedes-benz,E-Klasse,Wagon,2009-2016,三厢车,两厢车,通用标准：Wagon,,
EU,Mercedes-benz E-Klasse S212 facelift Wagon 2010-2016 EU,Mercedes-benz,E-Klasse,Wagon,2010-2016,三厢车,两厢车,通用标准：Wagon,,
EU,Mercedes-benz E-Klasse S212 facelift Wagon 2011-2013 EU,Mercedes-benz,E-Klasse,Wagon,2011-2013,三厢车,两厢车,通用标准：Wagon,,
EU,Mercedes-benz E-Klasse S212 facelift Wagon 2011-2014 EU,Mercedes-benz,E-Klasse,Wagon,2011-2014,三厢车,两厢车,通用标准：Wagon,,
EU,Mercedes-benz E-Klasse S212 facelift Wagon 2011-2016 EU,Mercedes-benz,E-Klasse,Wagon,2011-2016,三厢车,两厢车,通用标准：Wagon,,
EU,Mercedes-benz E-Klasse S212 facelift Wagon 2012-2016 EU,Mercedes-benz,E-Klasse,Wagon,2012-2016,三厢车,两厢车,通用标准：Wagon,,
EU,Mercedes-benz E-Klasse S212 prefl L4895 W1854 H1512 Wagon 2009-2016 EU,Mercedes-benz,E-Klasse,Wagon,2009-2016,三厢车,两厢车,通用标准：Wagon,,
EU,Mercedes-benz E-Klasse S212 prefl L4895 W1854 H1512 Wagon 2011-2013 EU,Mercedes-benz,E-Klasse,Wagon,2011-2013,三厢车,两厢车,通用标准：Wagon,,
EU,Mercedes-benz E-Klasse S212 prefl L4895 W1854 H1512 Wagon 2011-2016 EU,Mercedes-benz,E-Klasse,Wagon,2011-2016,三厢车,两厢车,通用标准：Wagon,,
EU,Mercedes-benz E-Klasse S212 prefl L4895 W1854 H1512 Wagon 2012-2016 EU,Mercedes-benz,E-Klasse,Wagon,2012-2016,三厢车,两厢车,通用标准：Wagon,,
EU,Mercedes-benz E-Klasse S212 prefl L4895 W1854 H1515 Wagon 2009-2016 EU,Mercedes-benz,E-Klasse,Wagon,2009-2016,三厢车,两厢车,通用标准：Wagon,,
EU,Mercedes-benz E-Klasse S212 prefl L4895 W1854 H1515 Wagon 2011-2013 EU,Mercedes-benz,E-Klasse,Wagon,2011-2013,三厢车,两厢车,通用标准：Wagon,,
EU,Mercedes-benz E-Klasse S212 prefl L4895 W1854 H1515 Wagon 2011-2016 EU,Mercedes-benz,E-Klasse,Wagon,2011-2016,三厢车,两厢车,通用标准：Wagon,,
EU,Mercedes-benz E-Klasse S212 prefl L4895 W1854 H1515 Wagon 2012-2016 EU,Mercedes-benz,E-Klasse,Wagon,2012-2016,三厢车,两厢车,通用标准：Wagon,,
EU,Mercedes-benz E-Klasse S212 prefl Wagon 2009-2013 EU,Mercedes-benz,E-Klasse,Wagon,2009-2013,三厢车,两厢车,通用标准：Wagon,,
EU,Mercedes-benz E-Klasse S212 prefl Wagon 2009-2014 EU,Mercedes-benz,E-Klasse,Wagon,2009-2014,三厢车,两厢车,通用标准：Wagon,,
EU,Mercedes-benz E-Klasse S212 prefl Wagon 2010-2016 EU,Mercedes-benz,E-Klasse,Wagon,2010-2016,三厢车,两厢车,通用标准：Wagon,,
EU,Mercedes-benz E-Klasse S212 prefl Wagon 2011-2014 EU,Mercedes-benz,E-Klasse,Wagon,2011-2014,三厢车,两厢车,通用标准：Wagon,,
EU,Mercedes-benz E-Klasse S213 L4933 W1852 H1475 Wagon 2018-2023 EU,Mercedes-benz,E-Klasse,Wagon,2018-2023,三厢车,两厢车,通用标准：Wagon,,
EU,Mercedes-benz E-Klasse S213 L4945 W1852 H1460 Wagon 2020-2023 EU,Mercedes-benz,E-Klasse,Wagon,2020-2023,三厢车,两厢车,通用标准：Wagon,,
EU,Mercedes-benz E-Klasse S213 L4945 W1852 H1460 Wagon 2022-2023 EU,Mercedes-benz,E-Klasse,Wagon,2022-2023,三厢车,两厢车,通用标准：Wagon,,
EU,Mercedes-benz E-Klasse S213 L4945 W1852 H1461 Wagon 2020-2023 EU,Mercedes-benz,E-Klasse,Wagon,2020-2023,三厢车,两厢车,通用标准：Wagon,,
EU,Mercedes-benz E-Klasse S213 L4945 W1852 H1466 Wagon 2022-2023 EU,Mercedes-benz,E-Klasse,Wagon,2022-2023,三厢车,两厢车,通用标准：Wagon,,
EU,Mercedes-benz E-Klasse S213 L4945 W1852 H1467 Wagon 2020-2023 EU,Mercedes-benz,E-Klasse,Wagon,2020-2023,三厢车,两厢车,通用标准：Wagon,,
EU,Mercedes-benz E-Klasse S213 L4945 W1852 H1476 Wagon 2020-2023 EU,Mercedes-benz,E-Klasse,Wagon,2020-2023,三厢车,两厢车,通用标准：Wagon,,
EU,Mercedes-benz E-Klasse S213 L4971 W1860 H1461 Wagon 2018-2023 EU,Mercedes-benz,E-Klasse,Wagon,2018-2023,三厢车,两厢车,通用标准：Wagon,,
EU,Mercedes-benz E-Klasse S213 Wagon 2016-2018 EU,Mercedes-benz,E-Klasse,Wagon,2016-2018,三厢车,两厢车,通用标准：Wagon,,
EU,Mercedes-benz E-Klasse S213 Wagon 2016-2019 EU,Mercedes-benz,E-Klasse,Wagon,2016-2019,三厢车,两厢车,通用标准：Wagon,,
EU,Mercedes-benz E-Klasse S213 Wagon 2016-2020 EU,Mercedes-benz,E-Klasse,Wagon,2016-2020,三厢车,两厢车,通用标准：Wagon,,
EU,Mercedes-benz E-Klasse S213 Wagon 2017-2018 EU,Mercedes-benz,E-Klasse,Wagon,2017-2018,三厢车,两厢车,通用标准：Wagon,,
EU,Mercedes-benz E-Klasse S213 Wagon 2017-2019 EU,Mercedes-benz,E-Klasse,Wagon,2017-2019,三厢车,两厢车,通用标准：Wagon,,
EU,Mercedes-benz E-Klasse S213 Wagon 2017-2020 EU,Mercedes-benz,E-Klasse,Wagon,2017-2020,三厢车,两厢车,通用标准：Wagon,,
EU,Mercedes-benz E-Klasse S213 Wagon 2017-2023 EU,Mercedes-benz,E-Klasse,Wagon,2017-2023,三厢车,两厢车,通用标准：Wagon,,
EU,Mercedes-benz E-Klasse S213 Wagon 2018-2020 EU,Mercedes-benz,E-Klasse,Wagon,2018-2020,三厢车,两厢车,通用标准：Wagon,,
EU,Mercedes-benz E-Klasse S213 Wagon 2019-2020 EU,Mercedes-benz,E-Klasse,Wagon,2019-2020,三厢车,两厢车,通用标准：Wagon,,
EU,Mercedes-benz E-Klasse S213 Wagon 2021-2023 EU,Mercedes-benz,E-Klasse,Wagon,2021-2023,三厢车,两厢车,通用标准：Wagon,,
EU,Mercedes-benz E-Klasse S213 facelift L4945 W1852 H1466 Wagon 2017-2023 EU,Mercedes-benz,E-Klasse,Wagon,2017-2023,三厢车,两厢车,通用标准：Wagon,,
EU,Mercedes-benz E-Klasse S213 facelift L5006 W1908 H1473 Wagon 2017-2023 EU,Mercedes-benz,E-Klasse,Wagon,2017-2023,三厢车,两厢车,通用标准：Wagon,,
EU,Mercedes-benz E-Klasse S213 facelift Wagon 2016-2023 EU,Mercedes-benz,E-Klasse,Wagon,2016-2023,三厢车,两厢车,通用标准：Wagon,,
EU,Mercedes-benz E-Klasse S213 facelift Wagon 2018-2023 EU,Mercedes-benz,E-Klasse,Wagon,2018-2023,三厢车,两厢车,通用标准：Wagon,,
EU,Mercedes-benz E-Klasse S213 facelift Wagon 2019-2023 EU,Mercedes-benz,E-Klasse,Wagon,2019-2023,三厢车,两厢车,通用标准：Wagon,,
EU,Mercedes-benz E-Klasse S213 prefl L4933 W1852 H1475 Wagon 2017-2023 EU,Mercedes-benz,E-Klasse,Wagon,2017-2023,三厢车,两厢车,通用标准：Wagon,,
EU,Mercedes-benz E-Klasse S213 prefl L5000 W1907 H1475 Wagon 2017-2023 EU,Mercedes-benz,E-Klasse,Wagon,2017-2023,三厢车,两厢车,通用标准：Wagon,,
EU,Mercedes-benz E-Klasse S213 prefl Wagon 2016-2023 EU,Mercedes-benz,E-Klasse,Wagon,2016-2023,三厢车,两厢车,通用标准：Wagon,,
EU,Mercedes-benz E-Klasse S213 prefl Wagon 2019-2023 EU,Mercedes-benz,E-Klasse,Wagon,2019-2023,三厢车,两厢车,通用标准：Wagon,,
EU,Mercedes-benz E-Klasse S214 L4949 W1880 H1469 Wagon 2023-2026 EU,Mercedes-benz,E-Klasse,Wagon,2023-2026,三厢车,两厢车,通用标准：Wagon,,
EU,Mercedes-benz E-Klasse S214 L4949 W1880 H1469 Wagon 2024-2026 EU,Mercedes-benz,E-Klasse,Wagon,2024-2026,三厢车,两厢车,通用标准：Wagon,,
EU,Mercedes-benz E-Klasse S214 L4949 W1880 H1470 Wagon 2023-2026 EU,Mercedes-benz,E-Klasse,Wagon,2023-2026,三厢车,两厢车,通用标准：Wagon,,
EU,Mercedes-benz E-Klasse S214 L4965 W1902 H1483 Wagon 2024-2026 EU,Mercedes-benz,E-Klasse,Wagon,2024-2026,三厢车,两厢车,通用标准：Wagon,,
EU,Mercedes-benz E-Klasse X213 Wagon 2017-2023 EU,Mercedes-benz,E-Klasse,Wagon,2017-2023,三厢车,两厢车,通用标准：Wagon,,
EU,Mercedes-benz E-Klasse X213 Wagon 2022-2023 EU,Mercedes-benz,E-Klasse,Wagon,2022-2023,三厢车,两厢车,通用标准：Wagon,,
EU,Mercedes-benz E-Klasse X214 L4950 W1889 H1489 Wagon 2023-2026 EU,Mercedes-benz,E-Klasse,Wagon,2023-2026,三厢车,两厢车,通用标准：Wagon,,
EU,Mercedes-benz E-Klasse X214 L4950 W1889 H1497 Wagon 2023-2026 EU,Mercedes-benz,E-Klasse,Wagon,2023-2026,三厢车,两厢车,通用标准：Wagon,,
EU,Mercedes-benz Eqt E420 MPV 2023-2026 EU,Mercedes-benz,Eqt,MPV,2023-2026,越野车,两厢车,通用标准：MPV,,
EU,Mercedes-benz Eqv E447 extralong MPV 2021-2026 EU,Mercedes-benz,Eqv,MPV,2021-2026,越野车,两厢车,通用标准：MPV,,
EU,Mercedes-benz Eqv E447 long MPV 2021-2026 EU,Mercedes-benz,Eqv,MPV,2021-2026,越野车,两厢车,通用标准：MPV,,
EU,Mercedes-benz Eqv V447 extra long MPV 2020-2026 EU,Mercedes-benz,Eqv,MPV,2020-2026,越野车,两厢车,通用标准：MPV,,
EU,Mercedes-benz Eqv V447 long MPV 2020-2026 EU,Mercedes-benz,Eqv,MPV,2020-2026,越野车,两厢车,通用标准：MPV,,
EU,Mercedes-benz Henschel 2-T lwb h1 Bus 1973-1977 EU,Mercedes-benz,Henschel 2-T,Bus,1973-1977,越野车,两厢车,通用标准：Bus,,
EU,Mercedes-benz Henschel 2-T lwb h2 Bus 1973-1977 EU,Mercedes-benz,Henschel 2-T,Bus,1973-1977,越野车,两厢车,通用标准：Bus,,
EU,Mercedes-benz Henschel 2-T lwb h3 Bus 1973-1977 EU,Mercedes-benz,Henschel 2-T,Bus,1973-1977,越野车,两厢车,通用标准：Bus,,
EU,Mercedes-benz Henschel 2-T swb h1 Bus 1973-1977 EU,Mercedes-benz,Henschel 2-T,Bus,1973-1977,越野车,两厢车,通用标准：Bus,,
EU,Mercedes-benz Henschel 2-T swb h2 Bus 1973-1977 EU,Mercedes-benz,Henschel 2-T,Bus,1973-1977,越野车,两厢车,通用标准：Bus,,
EU,Mercedes-benz Henschel 2-T swb h3 Bus 1973-1977 EU,Mercedes-benz,Henschel 2-T,Bus,1973-1977,越野车,两厢车,通用标准：Bus,,
EU,Mercedes-benz Marco polo camper W447 MPV 2015-2026 EU,Mercedes-benz,Marco polo camper,MPV,2015-2026,越野车,两厢车,通用标准：MPV,,
EU,Mercedes-benz Marco polo camper W447 MPV 2019-2020 EU,Mercedes-benz,Marco polo camper,MPV,2019-2020,越野车,两厢车,通用标准：MPV,,
EU,Mercedes-benz Marco polo camper W447 MPV 2019-2026 EU,Mercedes-benz,Marco polo camper,MPV,2019-2026,越野车,两厢车,通用标准：MPV,,
EU,Mercedes-benz Marco polo camper W447 MPV 2020-2026 EU,Mercedes-benz,Marco polo camper,MPV,2020-2026,越野车,两厢车,通用标准：MPV,,
EU,Mercedes-benz Marco polo camper W447 MPV 2021-2026 EU,Mercedes-benz,Marco polo camper,MPV,2021-2026,越野车,两厢车,通用标准：MPV,,
EU,Mercedes-benz Mb 631.332 swb facelift Van 1988-1992 EU,Mercedes-benz,Mb,Van,1988-1992,越野车,两厢车,通用标准：Van,,
EU,Mercedes-benz Mb 631.332 swb facelift Van 1990-1996 EU,Mercedes-benz,Mb,Van,1990-1996,越野车,两厢车,通用标准：Van,,
EU,Mercedes-benz Mb 631.332 swb prefl Van 1988-1992 EU,Mercedes-benz,Mb,Van,1988-1992,越野车,两厢车,通用标准：Van,,
EU,Mercedes-benz Mb 631.332 swb prefl Van 1990-1996 EU,Mercedes-benz,Mb,Van,1990-1996,越野车,两厢车,通用标准：Van,,
EU,Mercedes-benz Mb 631.342 lwb facelift Van 1988-1992 EU,Mercedes-benz,Mb,Van,1988-1992,越野车,两厢车,通用标准：Van,,
EU,Mercedes-benz Mb 631.342 lwb facelift Van 1990-1996 EU,Mercedes-benz,Mb,Van,1990-1996,越野车,两厢车,通用标准：Van,,
EU,Mercedes-benz Mb 631.342 lwb prefl Van 1988-1992 EU,Mercedes-benz,Mb,Van,1988-1992,越野车,两厢车,通用标准：Van,,
EU,Mercedes-benz Mb 631.342 lwb prefl Van 1990-1996 EU,Mercedes-benz,Mb,Van,1990-1996,越野车,两厢车,通用标准：Van,,
EU,Mercedes-benz Mb W631 lwb facelift Bus 1988-1992 EU,Mercedes-benz,Mb,Bus,1988-1992,越野车,两厢车,通用标准：Bus,,
EU,Mercedes-benz Mb W631 lwb facelift Bus 1990-1994 EU,Mercedes-benz,Mb,Bus,1990-1994,越野车,两厢车,通用标准：Bus,,
EU,Mercedes-benz Mb W631 lwb facelift Bus 1990-1996 EU,Mercedes-benz,Mb,Bus,1990-1996,越野车,两厢车,通用标准：Bus,,
EU,Mercedes-benz Mb W631 lwb prefl Bus 1988-1992 EU,Mercedes-benz,Mb,Bus,1988-1992,越野车,两厢车,通用标准：Bus,,
EU,Mercedes-benz Mb W631 lwb prefl Bus 1990-1994 EU,Mercedes-benz,Mb,Bus,1990-1994,越野车,两厢车,通用标准：Bus,,
EU,Mercedes-benz Mb W631 lwb prefl Bus 1990-1996 EU,Mercedes-benz,Mb,Bus,1990-1996,越野车,两厢车,通用标准：Bus,,
EU,Mercedes-benz Mb W631 swb facelift Bus 1988-1992 EU,Mercedes-benz,Mb,Bus,1988-1992,越野车,两厢车,通用标准：Bus,,
EU,Mercedes-benz Mb W631 swb facelift Bus 1990-1994 EU,Mercedes-benz,Mb,Bus,1990-1994,越野车,两厢车,通用标准：Bus,,
EU,Mercedes-benz Mb W631 swb facelift Bus 1990-1996 EU,Mercedes-benz,Mb,Bus,1990-1996,越野车,两厢车,通用标准：Bus,,
EU,Mercedes-benz Mb W631 swb prefl Bus 1988-1992 EU,Mercedes-benz,Mb,Bus,1988-1992,越野车,两厢车,通用标准：Bus,,
EU,Mercedes-benz Mb W631 swb prefl Bus 1990-1994 EU,Mercedes-benz,Mb,Bus,1990-1994,越野车,两厢车,通用标准：Bus,,
EU,Mercedes-benz Mb W631 swb prefl Bus 1990-1996 EU,Mercedes-benz,Mb,Bus,1990-1996,越野车,两厢车,通用标准：Bus,,
EU,Mercedes-benz R-Klasse V251 MPV 2005-2014 EU,Mercedes-benz,R-Klasse,MPV,2005-2014,越野车,两厢车,通用标准：MPV,,
EU,Mercedes-benz R-Klasse V251 MPV 2006-2014 EU,Mercedes-benz,R-Klasse,MPV,2006-2014,越野车,两厢车,通用标准：MPV,,
EU,Mercedes-benz R-Klasse V251 MPV 2007-2012 EU,Mercedes-benz,R-Klasse,MPV,2007-2012,越野车,两厢车,通用标准：MPV,,
EU,Mercedes-benz R-Klasse V251 MPV 2007-2014 EU,Mercedes-benz,R-Klasse,MPV,2007-2014,越野车,两厢车,通用标准：MPV,,
EU,Mercedes-benz R-Klasse V251 MPV 2009-2012 EU,Mercedes-benz,R-Klasse,MPV,2009-2012,越野车,两厢车,通用标准：MPV,,
EU,Mercedes-benz R-Klasse V251 MPV 2009-2014 EU,Mercedes-benz,R-Klasse,MPV,2009-2014,越野车,两厢车,通用标准：MPV,,
EU,Mercedes-benz R-Klasse V251 lwb 07 MPV 2005-2012 EU,Mercedes-benz,R-Klasse,MPV,2005-2012,越野车,两厢车,通用标准：MPV,,
EU,Mercedes-benz R-Klasse V251 lwb 07 MPV 2006-2010 EU,Mercedes-benz,R-Klasse,MPV,2006-2010,越野车,两厢车,通用标准：MPV,,
EU,Mercedes-benz R-Klasse V251 lwb 07 MPV 2006-2012 EU,Mercedes-benz,R-Klasse,MPV,2006-2012,越野车,两厢车,通用标准：MPV,,
EU,Mercedes-benz R-Klasse V251 lwb MPV 2006-2010 EU,Mercedes-benz,R-Klasse,MPV,2006-2010,越野车,两厢车,通用标准：MPV,,
EU,Mercedes-benz R-Klasse V251 lwb MPV 2006-2012 EU,Mercedes-benz,R-Klasse,MPV,2006-2012,越野车,两厢车,通用标准：MPV,,
EU,Mercedes-benz R-Klasse V251 lwb facelift10 MPV 2005-2012 EU,Mercedes-benz,R-Klasse,MPV,2005-2012,越野车,两厢车,通用标准：MPV,,
EU,Mercedes-benz R-Klasse V251 lwb facelift10 MPV 2006-2012 EU,Mercedes-benz,R-Klasse,MPV,2006-2012,越野车,两厢车,通用标准：MPV,,
EU,Mercedes-benz R-Klasse V251 lwb pre07 MPV 2005-2012 EU,Mercedes-benz,R-Klasse,MPV,2005-2012,越野车,两厢车,通用标准：MPV,,
EU,Mercedes-benz R-Klasse V251 lwb pre07 MPV 2006-2010 EU,Mercedes-benz,R-Klasse,MPV,2006-2010,越野车,两厢车,通用标准：MPV,,
EU,Mercedes-benz R-Klasse V251 lwb pre07 MPV 2006-2012 EU,Mercedes-benz,R-Klasse,MPV,2006-2012,越野车,两厢车,通用标准：MPV,,
EU,Mercedes-benz R-Klasse W251 MPV 2005-2014 EU,Mercedes-benz,R-Klasse,MPV,2005-2014,越野车,两厢车,通用标准：MPV,,
EU,Mercedes-benz R-Klasse W251 MPV 2006-2012 EU,Mercedes-benz,R-Klasse,MPV,2006-2012,越野车,两厢车,通用标准：MPV,,
EU,Mercedes-benz R-Klasse W251 MPV 2006-2014 EU,Mercedes-benz,R-Klasse,MPV,2006-2014,越野车,两厢车,通用标准：MPV,,
EU,Mercedes-benz R-Klasse W251 MPV 2007-2012 EU,Mercedes-benz,R-Klasse,MPV,2007-2012,越野车,两厢车,通用标准：MPV,,
EU,Mercedes-benz R-Klasse W251 MPV 2009-2011 EU,Mercedes-benz,R-Klasse,MPV,2009-2011,越野车,两厢车,通用标准：MPV,,
EU,Mercedes-benz R-Klasse W251 MPV 2009-2012 EU,Mercedes-benz,R-Klasse,MPV,2009-2012,越野车,两厢车,通用标准：MPV,,
EU,Mercedes-benz R-Klasse W251 MPV 2009-2014 EU,Mercedes-benz,R-Klasse,MPV,2009-2014,越野车,两厢车,通用标准：MPV,,
EU,Mercedes-benz R-Klasse W251 MPV 2010-2014 EU,Mercedes-benz,R-Klasse,MPV,2010-2014,越野车,两厢车,通用标准：MPV,,
EU,Mercedes-benz R-Klasse W251 MPV 2011-2014 EU,Mercedes-benz,R-Klasse,MPV,2011-2014,越野车,两厢车,通用标准：MPV,,
EU,Mercedes-benz R-Klasse W251 prefl swb MPV 2007-2014 EU,Mercedes-benz,R-Klasse,MPV,2007-2014,越野车,两厢车,通用标准：MPV,,
EU,Mercedes-benz R-Klasse W251 swb 07 MPV 2005-2012 EU,Mercedes-benz,R-Klasse,MPV,2005-2012,越野车,两厢车,通用标准：MPV,,
EU,Mercedes-benz R-Klasse W251 swb 07 MPV 2006-2010 EU,Mercedes-benz,R-Klasse,MPV,2006-2010,越野车,两厢车,通用标准：MPV,,
EU,Mercedes-benz R-Klasse W251 swb MPV 2006-2010 EU,Mercedes-benz,R-Klasse,MPV,2006-2010,越野车,两厢车,通用标准：MPV,,
EU,Mercedes-benz R-Klasse W251 swb MPV 2007-2014 EU,Mercedes-benz,R-Klasse,MPV,2007-2014,越野车,两厢车,通用标准：MPV,,
EU,Mercedes-benz R-Klasse W251 swb facelift10 MPV 2005-2012 EU,Mercedes-benz,R-Klasse,MPV,2005-2012,越野车,两厢车,通用标准：MPV,,
EU,Mercedes-benz R-Klasse W251 swb pre07 MPV 2005-2012 EU,Mercedes-benz,R-Klasse,MPV,2005-2012,越野车,两厢车,通用标准：MPV,,
EU,Mercedes-benz R-Klasse W251 swb pre07 MPV 2006-2010 EU,Mercedes-benz,R-Klasse,MPV,2006-2010,越野车,两厢车,通用标准：MPV,,
EU,Mercedes-benz Sprinter 2-T 901.061 901061 highroof Van 1995-2006 EU,Mercedes-benz,Sprinter 2-T,Van,1995-2006,越野车,两厢车,通用标准：Van,,
EU,Mercedes-benz Sprinter 2-T 901.061 901061 lowroof Van 1995-2006 EU,Mercedes-benz,Sprinter 2-T,Van,1995-2006,越野车,两厢车,通用标准：Van,,
EU,Mercedes-benz Sprinter 2-T 901.062 901062 highroof Van 1995-2006 EU,Mercedes-benz,Sprinter 2-T,Van,1995-2006,越野车,两厢车,通用标准：Van,,
EU,Mercedes-benz Sprinter 2-T 901.062 901062 lowroof Van 1995-2006 EU,Mercedes-benz,Sprinter 2-T,Van,1995-2006,越野车,两厢车,通用标准：Van,,
EU,Mercedes-benz Sprinter 2-T 901.361 901361 highroof Van 1996-2000 EU,Mercedes-benz,Sprinter 2-T,Van,1996-2000,越野车,两厢车,通用标准：Van,,
EU,Mercedes-benz Sprinter 2-T 901.361 901361 lowroof Van 1996-2000 EU,Mercedes-benz,Sprinter 2-T,Van,1996-2000,越野车,两厢车,通用标准：Van,,
EU,Mercedes-benz Sprinter 2-T 901.361 Van 1995-2000 EU,Mercedes-benz,Sprinter 2-T,Van,1995-2000,越野车,两厢车,通用标准：Van,,
EU,Mercedes-benz Sprinter 2-T 901.362 901362 highroof Van 1996-2000 EU,Mercedes-benz,Sprinter 2-T,Van,1996-2000,越野车,两厢车,通用标准：Van,,
EU,Mercedes-benz Sprinter 2-T 901.362 901362 lowroof Van 1996-2000 EU,Mercedes-benz,Sprinter 2-T,Van,1996-2000,越野车,两厢车,通用标准：Van,,
EU,Mercedes-benz Sprinter 2-T 901.362 Van 1995-2000 EU,Mercedes-benz,Sprinter 2-T,Van,1995-2000,越野车,两厢车,通用标准：Van,,
EU,Mercedes-benz Sprinter 2-T 901.461 901461 highroof Van 1995-2000 EU,Mercedes-benz,Sprinter 2-T,Van,1995-2000,越野车,两厢车,通用标准：Van,,
EU,Mercedes-benz Sprinter 2-T 901.461 901461 lowroof Van 1995-2000 EU,Mercedes-benz,Sprinter 2-T,Van,1995-2000,越野车,两厢车,通用标准：Van,,
EU,Mercedes-benz Sprinter 2-T 901.461 Van 1997-2000 EU,Mercedes-benz,Sprinter 2-T,Van,1997-2000,越野车,两厢车,通用标准：Van,,
EU,Mercedes-benz Sprinter 2-T 901.462 901462 highroof Van 1995-2000 EU,Mercedes-benz,Sprinter 2-T,Van,1995-2000,越野车,两厢车,通用标准：Van,,
EU,Mercedes-benz Sprinter 2-T 901.462 901462 lowroof Van 1995-2000 EU,Mercedes-benz,Sprinter 2-T,Van,1995-2000,越野车,两厢车,通用标准：Van,,
EU,Mercedes-benz Sprinter 2-T 901.462 Van 1997-2000 EU,Mercedes-benz,Sprinter 2-T,Van,1997-2000,越野车,两厢车,通用标准：Van,,
EU,Mercedes-benz Sprinter 2-T 901.661 901661 highroof Van 1995-2006 EU,Mercedes-benz,Sprinter 2-T,Van,1995-2006,越野车,两厢车,通用标准：Van,,
EU,Mercedes-benz Sprinter 2-T 901.661 901661 highroof Van 2000-2006 EU,Mercedes-benz,Sprinter 2-T,Van,2000-2006,越野车,两厢车,通用标准：Van,,
EU,Mercedes-benz Sprinter 2-T 901.661 901661 lowroof Van 1995-2006 EU,Mercedes-benz,Sprinter 2-T,Van,1995-2006,越野车,两厢车,通用标准：Van,,
EU,Mercedes-benz Sprinter 2-T 901.661 901661 lowroof Van 2000-2006 EU,Mercedes-benz,Sprinter 2-T,Van,2000-2006,越野车,两厢车,通用标准：Van,,
EU,Mercedes-benz Sprinter 2-T 901.662 901662 highroof Van 1995-2006 EU,Mercedes-benz,Sprinter 2-T,Van,1995-2006,越野车,两厢车,通用标准：Van,,
EU,Mercedes-benz Sprinter 2-T 901.662 901662 highroof Van 2000-2006 EU,Mercedes-benz,Sprinter 2-T,Van,2000-2006,越野车,两厢车,通用标准：Van,,
EU,Mercedes-benz Sprinter 2-T 901.662 901662 lowroof Van 1995-2006 EU,Mercedes-benz,Sprinter 2-T,Van,1995-2006,越野车,两厢车,通用标准：Van,,
EU,Mercedes-benz Sprinter 2-T 901.662 901662 lowroof Van 2000-2006 EU,Mercedes-benz,Sprinter 2-T,Van,2000-2006,越野车,两厢车,通用标准：Van,,
EU,Mercedes-benz Sprinter 2-T 901.671 901671 highroof Van 2000-2006 EU,Mercedes-benz,Sprinter 2-T,Van,2000-2006,越野车,两厢车,通用标准：Van,,
EU,Mercedes-benz Sprinter 2-T 901.671 901671 lowroof Van 2000-2006 EU,Mercedes-benz,Sprinter 2-T,Van,2000-2006,越野车,两厢车,通用标准：Van,,
EU,Mercedes-benz Sprinter 2-T 902.061 902061 highroof Van 1995-2006 EU,Mercedes-benz,Sprinter 2-T,Van,1995-2006,越野车,两厢车,通用标准：Van,,
EU,Mercedes-benz Sprinter 2-T 902.061 902061 lowroof Van 1995-2006 EU,Mercedes-benz,Sprinter 2-T,Van,1995-2006,越野车,两厢车,通用标准：Van,,
EU,Mercedes-benz Sprinter 2-T 902.062 902062 highroof Van 1995-2006 EU,Mercedes-benz,Sprinter 2-T,Van,1995-2006,越野车,两厢车,通用标准：Van,,
EU,Mercedes-benz Sprinter 2-T 902.062 902062 lowroof Van 1995-2006 EU,Mercedes-benz,Sprinter 2-T,Van,1995-2006,越野车,两厢车,通用标准：Van,,
EU,Mercedes-benz Sprinter 2-T 902.072 902072 highroof MPV 1995-2006 EU,Mercedes-benz,Sprinter 2-T,MPV,1995-2006,越野车,两厢车,通用标准：MPV,,
EU,Mercedes-benz Sprinter 2-T 902.072 902072 lowroof MPV 1995-2006 EU,Mercedes-benz,Sprinter 2-T,MPV,1995-2006,越野车,两厢车,通用标准：MPV,,
EU,Mercedes-benz Sprinter 2-T 902.361 902361 highroof Van 1996-2000 EU,Mercedes-benz,Sprinter 2-T,Van,1996-2000,越野车,两厢车,通用标准：Van,,
EU,Mercedes-benz Sprinter 2-T 902.361 902361 lowroof Van 1996-2000 EU,Mercedes-benz,Sprinter 2-T,Van,1996-2000,越野车,两厢车,通用标准：Van,,
EU,Mercedes-benz Sprinter 2-T 902.361 Van 1995-2000 EU,Mercedes-benz,Sprinter 2-T,Van,1995-2000,越野车,两厢车,通用标准：Van,,
EU,Mercedes-benz Sprinter 2-T 902.362 902362 highroof Van 1996-2000 EU,Mercedes-benz,Sprinter 2-T,Van,1996-2000,越野车,两厢车,通用标准：Van,,
EU,Mercedes-benz Sprinter 2-T 902.362 902362 lowroof Van 1996-2000 EU,Mercedes-benz,Sprinter 2-T,Van,1996-2000,越野车,两厢车,通用标准：Van,,
EU,Mercedes-benz Sprinter 2-T 902.362 Van 1995-2000 EU,Mercedes-benz,Sprinter 2-T,Van,1995-2000,越野车,两厢车,通用标准：Van,,
EU,Mercedes-benz Sprinter 2-T 902.461 902461 highroof Van 1995-2000 EU,Mercedes-benz,Sprinter 2-T,Van,1995-2000,越野车,两厢车,通用标准：Van,,
EU,Mercedes-benz Sprinter 2-T 902.461 902461 lowroof Van 1995-2000 EU,Mercedes-benz,Sprinter 2-T,Van,1995-2000,越野车,两厢车,通用标准：Van,,
EU,Mercedes-benz Sprinter 2-T 902.461 Van 1997-2000 EU,Mercedes-benz,Sprinter 2-T,Van,1997-2000,越野车,两厢车,通用标准：Van,,
EU,Mercedes-benz Sprinter 2-T 902.462 902462 highroof Van 1995-2000 EU,Mercedes-benz,Sprinter 2-T,Van,1995-2000,越野车,两厢车,通用标准：Van,,
EU,Mercedes-benz Sprinter 2-T 902.462 902462 lowroof Van 1995-2000 EU,Mercedes-benz,Sprinter 2-T,Van,1995-2000,越野车,两厢车,通用标准：Van,,
EU,Mercedes-benz Sprinter 2-T 902.462 Van 1997-2000 EU,Mercedes-benz,Sprinter 2-T,Van,1997-2000,越野车,两厢车,通用标准：Van,,
EU,Mercedes-benz Sprinter 2-T 902.471 Bus 1997-2000 EU,Mercedes-benz,Sprinter 2-T,Bus,1997-2000,越野车,两厢车,通用标准：Bus,,
EU,Mercedes-benz Sprinter 2-T 902.472 Bus 1997-2000 EU,Mercedes-benz,Sprinter 2-T,Bus,1997-2000,越野车,两厢车,通用标准：Bus,,
EU,Mercedes-benz Sprinter 2-T 902.661 902661 highroof Van 1995-2006 EU,Mercedes-benz,Sprinter 2-T,Van,1995-2006,越野车,两厢车,通用标准：Van,,
EU,Mercedes-benz Sprinter 2-T 902.661 902661 highroof Van 2000-2006 EU,Mercedes-benz,Sprinter 2-T,Van,2000-2006,越野车,两厢车,通用标准：Van,,
EU,Mercedes-benz Sprinter 2-T 902.661 902661 lowroof Van 1995-2006 EU,Mercedes-benz,Sprinter 2-T,Van,1995-2006,越野车,两厢车,通用标准：Van,,
EU,Mercedes-benz Sprinter 2-T 902.661 902661 lowroof Van 2000-2006 EU,Mercedes-benz,Sprinter 2-T,Van,2000-2006,越野车,两厢车,通用标准：Van,,
EU,Mercedes-benz Sprinter 2-T 902.662 902662 highroof Van 1995-2006 EU,Mercedes-benz,Sprinter 2-T,Van,1995-2006,越野车,两厢车,通用标准：Van,,
EU,Mercedes-benz Sprinter 2-T 902.662 902662 highroof Van 2000-2006 EU,Mercedes-benz,Sprinter 2-T,Van,2000-2006,越野车,两厢车,通用标准：Van,,
EU,Mercedes-benz Sprinter 2-T 902.662 902662 lowroof Van 1995-2006 EU,Mercedes-benz,Sprinter 2-T,Van,1995-2006,越野车,两厢车,通用标准：Van,,
EU,Mercedes-benz Sprinter 2-T 902.662 902662 lowroof Van 2000-2006 EU,Mercedes-benz,Sprinter 2-T,Van,2000-2006,越野车,两厢车,通用标准：Van,,
EU,Mercedes-benz Sprinter 2-T 902.671 902671 highroof MPV 1995-2006 EU,Mercedes-benz,Sprinter 2-T,MPV,1995-2006,越野车,两厢车,通用标准：MPV,,
EU,Mercedes-benz Sprinter 2-T 902.671 902671 highroof MPV 2000-2006 EU,Mercedes-benz,Sprinter 2-T,MPV,2000-2006,越野车,两厢车,通用标准：MPV,,
EU,Mercedes-benz Sprinter 2-T 902.671 902671 lowroof MPV 1995-2006 EU,Mercedes-benz,Sprinter 2-T,MPV,1995-2006,越野车,两厢车,通用标准：MPV,,
EU,Mercedes-benz Sprinter 2-T 902.671 902671 lowroof MPV 2000-2006 EU,Mercedes-benz,Sprinter 2-T,MPV,2000-2006,越野车,两厢车,通用标准：MPV,,
EU,Mercedes-benz Sprinter 2-T 902.672 902672 highroof MPV 1995-2006 EU,Mercedes-benz,Sprinter 2-T,MPV,1995-2006,越野车,两厢车,通用标准：MPV,,
EU,Mercedes-benz Sprinter 2-T 902.672 902672 highroof MPV 2000-2006 EU,Mercedes-benz,Sprinter 2-T,MPV,2000-2006,越野车,两厢车,通用标准：MPV,,
EU,Mercedes-benz Sprinter 2-T 902.672 902672 lowroof MPV 1995-2006 EU,Mercedes-benz,Sprinter 2-T,MPV,1995-2006,越野车,两厢车,通用标准：MPV,,
EU,Mercedes-benz Sprinter 2-T 902.672 902672 lowroof MPV 2000-2006 EU,Mercedes-benz,Sprinter 2-T,MPV,2000-2006,越野车,两厢车,通用标准：MPV,,
EU,Mercedes-benz Sprinter 2-T Bus 1995-2000 EU,Mercedes-benz,Sprinter 2-T,Bus,1995-2000,越野车,两厢车,通用标准：Bus,,
EU,Mercedes-benz Sprinter 2-T W902 lwb Bus 1995-2000 EU,Mercedes-benz,Sprinter 2-T,Bus,1995-2000,越野车,两厢车,通用标准：Bus,,
EU,Mercedes-benz Sprinter 2-T W902 lwb facelift Bus 1995-2006 EU,Mercedes-benz,Sprinter 2-T,Bus,1995-2006,越野车,两厢车,通用标准：Bus,,
EU,Mercedes-benz Sprinter 2-T W902 lwb prefl Bus 1995-2006 EU,Mercedes-benz,Sprinter 2-T,Bus,1995-2006,越野车,两厢车,通用标准：Bus,,
EU,Mercedes-benz Sprinter 2-T W902 swb Bus 1995-2000 EU,Mercedes-benz,Sprinter 2-T,Bus,1995-2000,越野车,两厢车,通用标准：Bus,,
EU,Mercedes-benz Sprinter 2-T W902 swb facelift Bus 1995-2006 EU,Mercedes-benz,Sprinter 2-T,Bus,1995-2006,越野车,两厢车,通用标准：Bus,,
EU,Mercedes-benz Sprinter 2-T W902 swb prefl Bus 1995-2006 EU,Mercedes-benz,Sprinter 2-T,Bus,1995-2006,越野车,两厢车,通用标准：Bus,,
EU,Mercedes-benz Sprinter 3 906.631 906631 facelift highroof Van 2009-2016 EU,Mercedes-benz,Sprinter 3,Van,2009-2016,越野车,两厢车,通用标准：Van,,
EU,Mercedes-benz Sprinter 3 906.631 906631 facelift stdroof Van 2009-2016 EU,Mercedes-benz,Sprinter 3,Van,2009-2016,越野车,两厢车,通用标准：Van,,
EU,Mercedes-benz Sprinter 3 906.631 906631 highroof Van 2016-2018 EU,Mercedes-benz,Sprinter 3,Van,2016-2018,越野车,两厢车,通用标准：Van,,
EU,Mercedes-benz Sprinter 3 906.631 906631 stdroof Van 2016-2018 EU,Mercedes-benz,Sprinter 3,Van,2016-2018,越野车,两厢车,通用标准：Van,,
EU,Mercedes-benz Sprinter 3 906.631 swb highroof Van 2006-2009 EU,Mercedes-benz,Sprinter 3,Van,2006-2009,越野车,两厢车,通用标准：Van,,
EU,Mercedes-benz Sprinter 3 906.631 swb highroof facelift Van 2009-2016 EU,Mercedes-benz,Sprinter 3,Van,2009-2016,越野车,两厢车,通用标准：Van,,
EU,Mercedes-benz Sprinter 3 906.631 swb highroof facelift Van 2009-2018 EU,Mercedes-benz,Sprinter 3,Van,2009-2018,越野车,两厢车,通用标准：Van,,
EU,Mercedes-benz Sprinter 3 906.631 swb highroof prefl Van 2009-2016 EU,Mercedes-benz,Sprinter 3,Van,2009-2016,越野车,两厢车,通用标准：Van,,
EU,Mercedes-benz Sprinter 3 906.631 swb highroof prefl Van 2009-2018 EU,Mercedes-benz,Sprinter 3,Van,2009-2018,越野车,两厢车,通用标准：Van,,
EU,Mercedes-benz Sprinter 3 906.631 swb lowroof Van 2006-2009 EU,Mercedes-benz,Sprinter 3,Van,2006-2009,越野车,两厢车,通用标准：Van,,
EU,Mercedes-benz Sprinter 3 906.631 swb lowroof facelift Van 2009-2016 EU,Mercedes-benz,Sprinter 3,Van,2009-2016,越野车,两厢车,通用标准：Van,,
EU,Mercedes-benz Sprinter 3 906.631 swb lowroof prefl Van 2009-2016 EU,Mercedes-benz,Sprinter 3,Van,2009-2016,越野车,两厢车,通用标准：Van,,
EU,Mercedes-benz Sprinter 3 906.631 swb standardroof facelift Van 2009-2018 EU,Mercedes-benz,Sprinter 3,Van,2009-2018,越野车,两厢车,通用标准：Van,,
EU,Mercedes-benz Sprinter 3 906.631 swb standardroof prefl Van 2009-2018 EU,Mercedes-benz,Sprinter 3,Van,2009-2018,越野车,两厢车,通用标准：Van,,
EU,Mercedes-benz Sprinter 3 906.633 906633 facelift highroof L5926 W1993 H2612 Van 2009-2016 EU,Mercedes-benz,Sprinter 3,Van,2009-2016,越野车,两厢车,通用标准：Van,,
EU,Mercedes-benz Sprinter 3 906.633 906633 facelift highroof L5926 W2024 H2756 Van 2009-2016 EU,Mercedes-benz,Sprinter 3,Van,2009-2016,越野车,两厢车,通用标准：Van,,
EU,Mercedes-benz Sprinter 3 906.633 906633 facelift highroof Van 2008-2018 EU,Mercedes-benz,Sprinter 3,Van,2008-2018,越野车,两厢车,通用标准：Van,,
EU,Mercedes-benz Sprinter 3 906.633 906633 facelift highroof Van 2009-2018 EU,Mercedes-benz,Sprinter 3,Van,2009-2018,越野车,两厢车,通用标准：Van,,
EU,Mercedes-benz Sprinter 3 906.633 906633 facelift highroof Van 2011-2018 EU,Mercedes-benz,Sprinter 3,Van,2011-2018,越野车,两厢车,通用标准：Van,,
EU,Mercedes-benz Sprinter 3 906.633 906633 facelift stdroof L5926 W1993 H2324 Van 2009-2016 EU,Mercedes-benz,Sprinter 3,Van,2009-2016,越野车,两厢车,通用标准：Van,,
EU,Mercedes-benz Sprinter 3 906.633 906633 facelift stdroof L5926 W2024 H2469 Van 2009-2016 EU,Mercedes-benz,Sprinter 3,Van,2009-2016,越野车,两厢车,通用标准：Van,,
EU,Mercedes-benz Sprinter 3 906.633 906633 facelift stdroof Van 2008-2018 EU,Mercedes-benz,Sprinter 3,Van,2008-2018,越野车,两厢车,通用标准：Van,,
EU,Mercedes-benz Sprinter 3 906.633 906633 facelift stdroof Van 2009-2018 EU,Mercedes-benz,Sprinter 3,Van,2009-2018,越野车,两厢车,通用标准：Van,,
EU,Mercedes-benz Sprinter 3 906.633 906633 facelift stdroof Van 2011-2018 EU,Mercedes-benz,Sprinter 3,Van,2011-2018,越野车,两厢车,通用标准：Van,,
EU,Mercedes-benz Sprinter 3 906.633 906633 facelift superhighroof Van 2011-2018 EU,Mercedes-benz,Sprinter 3,Van,2011-2018,越野车,两厢车,通用标准：Van,,
EU,Mercedes-benz Sprinter 3 906.633 906633 highroof Van 2016-2018 EU,Mercedes-benz,Sprinter 3,Van,2016-2018,越野车,两厢车,通用标准：Van,,
EU,Mercedes-benz Sprinter 3 906.633 906633 prefl highroof Van 2011-2018 EU,Mercedes-benz,Sprinter 3,Van,2011-2018,越野车,两厢车,通用标准：Van,,
EU,Mercedes-benz Sprinter 3 906.633 906633 prefl stdroof Van 2009-2016 EU,Mercedes-benz,Sprinter 3,Van,2009-2016,越野车,两厢车,通用标准：Van,,
EU,Mercedes-benz Sprinter 3 906.633 906633 prefl stdroof Van 2009-2018 EU,Mercedes-benz,Sprinter 3,Van,2009-2018,越野车,两厢车,通用标准：Van,,
EU,Mercedes-benz Sprinter 3 906.633 906633 prefl stdroof Van 2011-2018 EU,Mercedes-benz,Sprinter 3,Van,2011-2018,越野车,两厢车,通用标准：Van,,
EU,Mercedes-benz Sprinter 3 906.633 906633 prefl superhighroof Van 2011-2018 EU,Mercedes-benz,Sprinter 3,Van,2011-2018,越野车,两厢车,通用标准：Van,,
EU,Mercedes-benz Sprinter 3 906.633 906633 stdroof L5926 W1993 H2324 Van 2016-2018 EU,Mercedes-benz,Sprinter 3,Van,2016-2018,越野车,两厢车,通用标准：Van,,
EU,Mercedes-benz Sprinter 3 906.633 906633 stdroof L5926 W2024 H2469 Van 2016-2018 EU,Mercedes-benz,Sprinter 3,Van,2016-2018,越野车,两厢车,通用标准：Van,,
EU,Mercedes-benz Sprinter 3 906.633 mwb highroof Van 2006-2009 EU,Mercedes-benz,Sprinter 3,Van,2006-2009,越野车,两厢车,通用标准：Van,,
EU,Mercedes-benz Sprinter 3 906.633 mwb highroof Van 2006-2016 EU,Mercedes-benz,Sprinter 3,Van,2006-2016,越野车,两厢车,通用标准：Van,,
EU,Mercedes-benz Sprinter 3 906.633 mwb highroof facelift Van 2008-2018 EU,Mercedes-benz,Sprinter 3,Van,2008-2018,越野车,两厢车,通用标准：Van,,
EU,Mercedes-benz Sprinter 3 906.633 mwb highroof facelift Van 2009-2016 EU,Mercedes-benz,Sprinter 3,Van,2009-2016,越野车,两厢车,通用标准：Van,,
EU,Mercedes-benz Sprinter 3 906.633 mwb highroof facelift Van 2009-2018 EU,Mercedes-benz,Sprinter 3,Van,2009-2018,越野车,两厢车,通用标准：Van,,
EU,Mercedes-benz Sprinter 3 906.633 mwb highroof prefl Van 2008-2018 EU,Mercedes-benz,Sprinter 3,Van,2008-2018,越野车,两厢车,通用标准：Van,,
EU,Mercedes-benz Sprinter 3 906.633 mwb highroof prefl Van 2009-2016 EU,Mercedes-benz,Sprinter 3,Van,2009-2016,越野车,两厢车,通用标准：Van,,
EU,Mercedes-benz Sprinter 3 906.633 mwb highroof prefl Van 2009-2018 EU,Mercedes-benz,Sprinter 3,Van,2009-2018,越野车,两厢车,通用标准：Van,,
EU,Mercedes-benz Sprinter 3 906.633 mwb lowroof Van 2006-2009 EU,Mercedes-benz,Sprinter 3,Van,2006-2009,越野车,两厢车,通用标准：Van,,
EU,Mercedes-benz Sprinter 3 906.633 mwb lowroof Van 2006-2016 EU,Mercedes-benz,Sprinter 3,Van,2006-2016,越野车,两厢车,通用标准：Van,,
EU,Mercedes-benz Sprinter 3 906.633 mwb lowroof facelift Van 2009-2016 EU,Mercedes-benz,Sprinter 3,Van,2009-2016,越野车,两厢车,通用标准：Van,,
EU,Mercedes-benz Sprinter 3 906.633 mwb lowroof prefl Van 2009-2016 EU,Mercedes-benz,Sprinter 3,Van,2009-2016,越野车,两厢车,通用标准：Van,,
EU,Mercedes-benz Sprinter 3 906.633 mwb standardroof facelift Van 2008-2018 EU,Mercedes-benz,Sprinter 3,Van,2008-2018,越野车,两厢车,通用标准：Van,,
EU,Mercedes-benz Sprinter 3 906.633 mwb standardroof facelift Van 2009-2018 EU,Mercedes-benz,Sprinter 3,Van,2009-2018,越野车,两厢车,通用标准：Van,,
EU,Mercedes-benz Sprinter 3 906.633 mwb standardroof prefl Van 2008-2018 EU,Mercedes-benz,Sprinter 3,Van,2008-2018,越野车,两厢车,通用标准：Van,,
EU,Mercedes-benz Sprinter 3 906.633 mwb standardroof prefl Van 2009-2018 EU,Mercedes-benz,Sprinter 3,Van,2009-2018,越野车,两厢车,通用标准：Van,,
EU,Mercedes-benz Sprinter 3 906.633 mwb stdroof L5910 W1993 H2415 Van 2008-2009 EU,Mercedes-benz,Sprinter 3,Van,2008-2009,越野车,两厢车,通用标准：Van,,
EU,Mercedes-benz Sprinter 3 906.633 mwb stdroof L5910 W1993 H2435 Van 2008-2009 EU,Mercedes-benz,Sprinter 3,Van,2008-2009,越野车,两厢车,通用标准：Van,,
EU,Mercedes-benz Sprinter 3 906.633 mwb stdroof prefl Van 2009-2018 EU,Mercedes-benz,Sprinter 3,Van,2009-2018,越野车,两厢车,通用标准：Van,,
EU,Mercedes-benz Sprinter 3 906.633 mwb superhighroof Van 2006-2016 EU,Mercedes-benz,Sprinter 3,Van,2006-2016,越野车,两厢车,通用标准：Van,,
EU,Mercedes-benz Sprinter 3 906.633 mwb superhighroof facelift Van 2008-2018 EU,Mercedes-benz,Sprinter 3,Van,2008-2018,越野车,两厢车,通用标准：Van,,
EU,Mercedes-benz Sprinter 3 906.633 mwb superhighroof facelift Van 2009-2016 EU,Mercedes-benz,Sprinter 3,Van,2009-2016,越野车,两厢车,通用标准：Van,,
EU,Mercedes-benz Sprinter 3 906.633 mwb superhighroof facelift Van 2009-2018 EU,Mercedes-benz,Sprinter 3,Van,2009-2018,越野车,两厢车,通用标准：Van,,
EU,Mercedes-benz Sprinter 3 906.633 mwb superhighroof prefl Van 2008-2018 EU,Mercedes-benz,Sprinter 3,Van,2008-2018,越野车,两厢车,通用标准：Van,,
EU,Mercedes-benz Sprinter 3 906.633 mwb superhighroof prefl Van 2009-2016 EU,Mercedes-benz,Sprinter 3,Van,2009-2016,越野车,两厢车,通用标准：Van,,
EU,Mercedes-benz Sprinter 3 906.633 mwb superhighroof prefl Van 2009-2018 EU,Mercedes-benz,Sprinter 3,Van,2009-2018,越野车,两厢车,通用标准：Van,,
EU,Mercedes-benz Sprinter 3 906.635 906635 facelift highroof L6961 W1993 H2650 Van 2009-2016 EU,Mercedes-benz,Sprinter 3,Van,2009-2016,越野车,两厢车,通用标准：Van,,
EU,Mercedes-benz Sprinter 3 906.635 906635 facelift highroof L6962 W2024 H2753 Van 2009-2016 EU,Mercedes-benz,Sprinter 3,Van,2009-2016,越野车,两厢车,通用标准：Van,,
EU,Mercedes-benz Sprinter 3 906.635 906635 facelift highroof Van 2008-2018 EU,Mercedes-benz,Sprinter 3,Van,2008-2018,越野车,两厢车,通用标准：Van,,
EU,Mercedes-benz Sprinter 3 906.635 906635 facelift highroof Van 2009-2018 EU,Mercedes-benz,Sprinter 3,Van,2009-2018,越野车,两厢车,通用标准：Van,,
EU,Mercedes-benz Sprinter 3 906.635 906635 facelift highroof Van 2011-2018 EU,Mercedes-benz,Sprinter 3,Van,2011-2018,越野车,两厢车,通用标准：Van,,
EU,Mercedes-benz Sprinter 3 906.635 906635 facelift superhighroof L6961 W1993 H2824 Van 2009-2016 EU,Mercedes-benz,Sprinter 3,Van,2009-2016,越野车,两厢车,通用标准：Van,,
EU,Mercedes-benz Sprinter 3 906.635 906635 facelift superhighroof L6962 W2024 H2934 Van 2009-2016 EU,Mercedes-benz,Sprinter 3,Van,2009-2016,越野车,两厢车,通用标准：Van,,
EU,Mercedes-benz Sprinter 3 906.635 906635 facelift superhighroof Van 2008-2018 EU,Mercedes-benz,Sprinter 3,Van,2008-2018,越野车,两厢车,通用标准：Van,,
EU,Mercedes-benz Sprinter 3 906.635 906635 facelift superhighroof Van 2009-2018 EU,Mercedes-benz,Sprinter 3,Van,2009-2018,越野车,两厢车,通用标准：Van,,
EU,Mercedes-benz Sprinter 3 906.635 906635 facelift superhighroof Van 2011-2018 EU,Mercedes-benz,Sprinter 3,Van,2011-2018,越野车,两厢车,通用标准：Van,,
EU,Mercedes-benz Sprinter 3 906.635 906635 highroof L6961 W1993 H2650 Van 2016-2018 EU,Mercedes-benz,Sprinter 3,Van,2016-2018,越野车,两厢车,通用标准：Van,,
EU,Mercedes-benz Sprinter 3 906.635 906635 highroof L6962 W2024 H2753 Van 2016-2018 EU,Mercedes-benz,Sprinter 3,Van,2016-2018,越野车,两厢车,通用标准：Van,,
EU,Mercedes-benz Sprinter 3 906.635 906635 prefl highroof Van 2009-2016 EU,Mercedes-benz,Sprinter 3,Van,2009-2016,越野车,两厢车,通用标准：Van,,
EU,Mercedes-benz Sprinter 3 906.635 906635 prefl highroof Van 2009-2018 EU,Mercedes-benz,Sprinter 3,Van,2009-2018,越野车,两厢车,通用标准：Van,,
EU,Mercedes-benz Sprinter 3 906.635 906635 prefl highroof Van 2011-2018 EU,Mercedes-benz,Sprinter 3,Van,2011-2018,越野车,两厢车,通用标准：Van,,
EU,Mercedes-benz Sprinter 3 906.635 906635 prefl superhighroof Van 2011-2018 EU,Mercedes-benz,Sprinter 3,Van,2011-2018,越野车,两厢车,通用标准：Van,,
EU,Mercedes-benz Sprinter 3 906.635 906635 superhighroof Van 2016-2018 EU,Mercedes-benz,Sprinter 3,Van,2016-2018,越野车,两厢车,通用标准：Van,,
EU,Mercedes-benz Sprinter 3 906.635 Van 2006-2016 EU,Mercedes-benz,Sprinter 3,Van,2006-2016,越野车,两厢车,通用标准：Van,,
EU,Mercedes-benz Sprinter 3 906.635 lwb highroof L6945 W1993 H2700 Van 2008-2009 EU,Mercedes-benz,Sprinter 3,Van,2008-2009,越野车,两厢车,通用标准：Van,,
EU,Mercedes-benz Sprinter 3 906.635 lwb highroof L6945 W1993 H2720 Van 2008-2009 EU,Mercedes-benz,Sprinter 3,Van,2008-2009,越野车,两厢车,通用标准：Van,,
EU,Mercedes-benz Sprinter 3 906.635 lwb highroof Van 2006-2009 EU,Mercedes-benz,Sprinter 3,Van,2006-2009,越野车,两厢车,通用标准：Van,,
EU,Mercedes-benz Sprinter 3 906.635 lwb highroof facelift L6945 W1993 H2785 Van 2009-2018 EU,Mercedes-benz,Sprinter 3,Van,2009-2018,越野车,两厢车,通用标准：Van,,
EU,Mercedes-benz Sprinter 3 906.635 lwb highroof facelift L6961 W1993 H2815 Van 2009-2018 EU,Mercedes-benz,Sprinter 3,Van,2009-2018,越野车,两厢车,通用标准：Van,,
EU,Mercedes-benz Sprinter 3 906.635 lwb highroof facelift Van 2008-2018 EU,Mercedes-benz,Sprinter 3,Van,2008-2018,越野车,两厢车,通用标准：Van,,
EU,Mercedes-benz Sprinter 3 906.635 lwb highroof facelift Van 2009-2016 EU,Mercedes-benz,Sprinter 3,Van,2009-2016,越野车,两厢车,通用标准：Van,,
EU,Mercedes-benz Sprinter 3 906.635 lwb highroof prefl L6945 W1993 H2700 Van 2009-2018 EU,Mercedes-benz,Sprinter 3,Van,2009-2018,越野车,两厢车,通用标准：Van,,
EU,Mercedes-benz Sprinter 3 906.635 lwb highroof prefl L6945 W1993 H2815 Van 2009-2018 EU,Mercedes-benz,Sprinter 3,Van,2009-2018,越野车,两厢车,通用标准：Van,,
EU,Mercedes-benz Sprinter 3 906.635 lwb highroof prefl Van 2008-2018 EU,Mercedes-benz,Sprinter 3,Van,2008-2018,越野车,两厢车,通用标准：Van,,
EU,Mercedes-benz Sprinter 3 906.635 lwb highroof prefl Van 2009-2016 EU,Mercedes-benz,Sprinter 3,Van,2009-2016,越野车,两厢车,通用标准：Van,,
EU,Mercedes-benz Sprinter 3 906.635 lwb superhighroof Van 2006-2009 EU,Mercedes-benz,Sprinter 3,Van,2006-2009,越野车,两厢车,通用标准：Van,,
EU,Mercedes-benz Sprinter 3 906.635 lwb superhighroof facelift Van 2008-2018 EU,Mercedes-benz,Sprinter 3,Van,2008-2018,越野车,两厢车,通用标准：Van,,
EU,Mercedes-benz Sprinter 3 906.635 lwb superhighroof facelift Van 2009-2016 EU,Mercedes-benz,Sprinter 3,Van,2009-2016,越野车,两厢车,通用标准：Van,,
EU,Mercedes-benz Sprinter 3 906.635 lwb superhighroof facelift Van 2009-2018 EU,Mercedes-benz,Sprinter 3,Van,2009-2018,越野车,两厢车,通用标准：Van,,
EU,Mercedes-benz Sprinter 3 906.635 lwb superhighroof prefl Van 2008-2018 EU,Mercedes-benz,Sprinter 3,Van,2008-2018,越野车,两厢车,通用标准：Van,,
EU,Mercedes-benz Sprinter 3 906.635 lwb superhighroof prefl Van 2009-2016 EU,Mercedes-benz,Sprinter 3,Van,2009-2016,越野车,两厢车,通用标准：Van,,
EU,Mercedes-benz Sprinter 3 906.635 lwb superhighroof prefl Van 2009-2018 EU,Mercedes-benz,Sprinter 3,Van,2009-2018,越野车,两厢车,通用标准：Van,,
EU,Mercedes-benz Sprinter 3 906.637 906637 facelift highroof L7361 W1993 H2609 Van 2009-2016 EU,Mercedes-benz,Sprinter 3,Van,2009-2016,越野车,两厢车,通用标准：Van,,
EU,Mercedes-benz Sprinter 3 906.637 906637 facelift highroof L7361 W2024 H2746 Van 2009-2016 EU,Mercedes-benz,Sprinter 3,Van,2009-2016,越野车,两厢车,通用标准：Van,,
EU,Mercedes-benz Sprinter 3 906.637 906637 facelift highroof Van 2009-2018 EU,Mercedes-benz,Sprinter 3,Van,2009-2018,越野车,两厢车,通用标准：Van,,
EU,Mercedes-benz Sprinter 3 906.637 906637 facelift superhighroof L7361 W1993 H2821 Van 2009-2016 EU,Mercedes-benz,Sprinter 3,Van,2009-2016,越野车,两厢车,通用标准：Van,,
EU,Mercedes-benz Sprinter 3 906.637 906637 facelift superhighroof L7361 W2024 H2931 Van 2009-2016 EU,Mercedes-benz,Sprinter 3,Van,2009-2016,越野车,两厢车,通用标准：Van,,
EU,Mercedes-benz Sprinter 3 906.637 906637 facelift superhighroof Van 2009-2018 EU,Mercedes-benz,Sprinter 3,Van,2009-2018,越野车,两厢车,通用标准：Van,,
EU,Mercedes-benz Sprinter 3 906.637 906637 highroof L7361 W1993 H2609 Van 2016-2018 EU,Mercedes-benz,Sprinter 3,Van,2016-2018,越野车,两厢车,通用标准：Van,,
EU,Mercedes-benz Sprinter 3 906.637 906637 highroof L7361 W2024 H2746 Van 2016-2018 EU,Mercedes-benz,Sprinter 3,Van,2016-2018,越野车,两厢车,通用标准：Van,,
EU,Mercedes-benz Sprinter 3 906.637 906637 superhighroof Van 2016-2018 EU,Mercedes-benz,Sprinter 3,Van,2016-2018,越野车,两厢车,通用标准：Van,,
EU,Mercedes-benz Sprinter 3 906.637 exl highroof Van 2006-2009 EU,Mercedes-benz,Sprinter 3,Van,2006-2009,越野车,两厢车,通用标准：Van,,
EU,Mercedes-benz Sprinter 3 906.637 exl highroof Van 2006-2016 EU,Mercedes-benz,Sprinter 3,Van,2006-2016,越野车,两厢车,通用标准：Van,,
EU,Mercedes-benz Sprinter 3 906.637 exl superhighroof Van 2006-2009 EU,Mercedes-benz,Sprinter 3,Van,2006-2009,越野车,两厢车,通用标准：Van,,
EU,Mercedes-benz Sprinter 3 906.637 exl superhighroof Van 2006-2016 EU,Mercedes-benz,Sprinter 3,Van,2006-2016,越野车,两厢车,通用标准：Van,,
EU,Mercedes-benz Sprinter 3 906.637 xlwb highroof facelift Van 2009-2016 EU,Mercedes-benz,Sprinter 3,Van,2009-2016,越野车,两厢车,通用标准：Van,,
EU,Mercedes-benz Sprinter 3 906.637 xlwb highroof facelift Van 2009-2018 EU,Mercedes-benz,Sprinter 3,Van,2009-2018,越野车,两厢车,通用标准：Van,,
EU,Mercedes-benz Sprinter 3 906.637 xlwb highroof prefl Van 2009-2016 EU,Mercedes-benz,Sprinter 3,Van,2009-2016,越野车,两厢车,通用标准：Van,,
EU,Mercedes-benz Sprinter 3 906.637 xlwb highroof prefl Van 2009-2018 EU,Mercedes-benz,Sprinter 3,Van,2009-2018,越野车,两厢车,通用标准：Van,,
EU,Mercedes-benz Sprinter 3 906.637 xlwb superhighroof facelift Van 2009-2016 EU,Mercedes-benz,Sprinter 3,Van,2009-2016,越野车,两厢车,通用标准：Van,,
EU,Mercedes-benz Sprinter 3 906.637 xlwb superhighroof facelift Van 2009-2018 EU,Mercedes-benz,Sprinter 3,Van,2009-2018,越野车,两厢车,通用标准：Van,,
EU,Mercedes-benz Sprinter 3 906.637 xlwb superhighroof prefl Van 2009-2016 EU,Mercedes-benz,Sprinter 3,Van,2009-2016,越野车,两厢车,通用标准：Van,,
EU,Mercedes-benz Sprinter 3 906.637 xlwb superhighroof prefl Van 2009-2018 EU,Mercedes-benz,Sprinter 3,Van,2009-2018,越野车,两厢车,通用标准：Van,,
EU,Mercedes-benz Sprinter 3 906.731 731 stdroof facelift L5261 W1993 H2436 Bus 2011-2016 EU,Mercedes-benz,Sprinter 3,Bus,2011-2016,越野车,两厢车,通用标准：Bus,,
EU,Mercedes-benz Sprinter 3 906.731 731 stdroof facelift L5261 W1993 H2456 Bus 2011-2016 EU,Mercedes-benz,Sprinter 3,Bus,2011-2016,越野车,两厢车,通用标准：Bus,,
EU,Mercedes-benz Sprinter 3 906.731 731 stdroof prefl L5245 W1993 H2435 Bus 2011-2016 EU,Mercedes-benz,Sprinter 3,Bus,2011-2016,越野车,两厢车,通用标准：Bus,,
EU,Mercedes-benz Sprinter 3 906.731 731 stdroof prefl L5245 W1993 H2520 Bus 2011-2016 EU,Mercedes-benz,Sprinter 3,Bus,2011-2016,越野车,两厢车,通用标准：Bus,,
EU,Mercedes-benz Sprinter 3 906.731 906731 facelift highroof Van 2011-2018 EU,Mercedes-benz,Sprinter 3,Van,2011-2018,越野车,两厢车,通用标准：Van,,
EU,Mercedes-benz Sprinter 3 906.731 906731 facelift highroof Van 2012-2019 EU,Mercedes-benz,Sprinter 3,Van,2012-2019,越野车,两厢车,通用标准：Van,,
EU,Mercedes-benz Sprinter 3 906.731 906731 facelift stdroof Van 2011-2018 EU,Mercedes-benz,Sprinter 3,Van,2011-2018,越野车,两厢车,通用标准：Van,,
EU,Mercedes-benz Sprinter 3 906.731 906731 facelift stdroof Van 2012-2019 EU,Mercedes-benz,Sprinter 3,Van,2012-2019,越野车,两厢车,通用标准：Van,,
EU,Mercedes-benz Sprinter 3 906.731 906731 highroof Van 2016-2018 EU,Mercedes-benz,Sprinter 3,Van,2016-2018,越野车,两厢车,通用标准：Van,,
EU,Mercedes-benz Sprinter 3 906.731 906731 prefl highroof MPV 2011-2018 EU,Mercedes-benz,Sprinter 3,MPV,2011-2018,越野车,两厢车,通用标准：MPV,,
EU,Mercedes-benz Sprinter 3 906.731 906731 prefl highroof MPV 2012-2019 EU,Mercedes-benz,Sprinter 3,MPV,2012-2019,越野车,两厢车,通用标准：MPV,,
EU,Mercedes-benz Sprinter 3 906.731 906731 prefl stdroof MPV 2011-2018 EU,Mercedes-benz,Sprinter 3,MPV,2011-2018,越野车,两厢车,通用标准：MPV,,
EU,Mercedes-benz Sprinter 3 906.731 906731 prefl stdroof MPV 2012-2019 EU,Mercedes-benz,Sprinter 3,MPV,2012-2019,越野车,两厢车,通用标准：MPV,,
EU,Mercedes-benz Sprinter 3 906.731 906731 stdroof Van 2016-2018 EU,Mercedes-benz,Sprinter 3,Van,2016-2018,越野车,两厢车,通用标准：Van,,
EU,Mercedes-benz Sprinter 3 906.731 Bus 2009-2018 EU,Mercedes-benz,Sprinter 3,Bus,2009-2018,越野车,两厢车,通用标准：Bus,,
EU,Mercedes-benz Sprinter 3 906.731 swb highroof Bus 2006-2009 EU,Mercedes-benz,Sprinter 3,Bus,2006-2009,越野车,两厢车,通用标准：Bus,,
EU,Mercedes-benz Sprinter 3 906.731 swb highroof facelift Bus 2009-2016 EU,Mercedes-benz,Sprinter 3,Bus,2009-2016,越野车,两厢车,通用标准：Bus,,
EU,Mercedes-benz Sprinter 3 906.731 swb highroof prefl Bus 2009-2016 EU,Mercedes-benz,Sprinter 3,Bus,2009-2016,越野车,两厢车,通用标准：Bus,,
EU,Mercedes-benz Sprinter 3 906.731 swb lowroof Bus 2006-2009 EU,Mercedes-benz,Sprinter 3,Bus,2006-2009,越野车,两厢车,通用标准：Bus,,
EU,Mercedes-benz Sprinter 3 906.731 swb lowroof facelift Bus 2009-2016 EU,Mercedes-benz,Sprinter 3,Bus,2009-2016,越野车,两厢车,通用标准：Bus,,
EU,Mercedes-benz Sprinter 3 906.731 swb lowroof prefl Bus 2009-2016 EU,Mercedes-benz,Sprinter 3,Bus,2009-2016,越野车,两厢车,通用标准：Bus,,
EU,Mercedes-benz Sprinter 3 906.733 733 highroof facelift L5926 W1993 H2725 Bus 2011-2016 EU,Mercedes-benz,Sprinter 3,Bus,2011-2016,越野车,两厢车,通用标准：Bus,,
EU,Mercedes-benz Sprinter 3 906.733 733 highroof facelift L5926 W1993 H2746 Bus 2011-2016 EU,Mercedes-benz,Sprinter 3,Bus,2011-2016,越野车,两厢车,通用标准：Bus,,
EU,Mercedes-benz Sprinter 3 906.733 733 highroof prefl L5910 W1993 H2820 Bus 2011-2016 EU,Mercedes-benz,Sprinter 3,Bus,2011-2016,越野车,两厢车,通用标准：Bus,,
EU,Mercedes-benz Sprinter 3 906.733 733 highroof prefl L5910 W1993 H2905 Bus 2011-2016 EU,Mercedes-benz,Sprinter 3,Bus,2011-2016,越野车,两厢车,通用标准：Bus,,
EU,Mercedes-benz Sprinter 3 906.733 733 stdroof facelift L5926 W1993 H2436 Bus 2011-2016 EU,Mercedes-benz,Sprinter 3,Bus,2011-2016,越野车,两厢车,通用标准：Bus,,
EU,Mercedes-benz Sprinter 3 906.733 733 stdroof facelift L5926 W1993 H2456 Bus 2011-2016 EU,Mercedes-benz,Sprinter 3,Bus,2011-2016,越野车,两厢车,通用标准：Bus,,
EU,Mercedes-benz Sprinter 3 906.733 733 stdroof prefl L5910 W1993 H2530 Bus 2011-2016 EU,Mercedes-benz,Sprinter 3,Bus,2011-2016,越野车,两厢车,通用标准：Bus,,
EU,Mercedes-benz Sprinter 3 906.733 733 stdroof prefl L5910 W1993 H2615 Bus 2011-2016 EU,Mercedes-benz,Sprinter 3,Bus,2011-2016,越野车,两厢车,通用标准：Bus,,
EU,Mercedes-benz Sprinter 3 906.733 906733 facelift highroof Van 2008-2018 EU,Mercedes-benz,Sprinter 3,Van,2008-2018,越野车,两厢车,通用标准：Van,,
EU,Mercedes-benz Sprinter 3 906.733 906733 facelift highroof Van 2011-2018 EU,Mercedes-benz,Sprinter 3,Van,2011-2018,越野车,两厢车,通用标准：Van,,
EU,Mercedes-benz Sprinter 3 906.733 906733 facelift highroof Van 2012-2019 EU,Mercedes-benz,Sprinter 3,Van,2012-2019,越野车,两厢车,通用标准：Van,,
EU,Mercedes-benz Sprinter 3 906.733 906733 facelift stdroof L5926 W1993 H2324 Van 2011-2018 EU,Mercedes-benz,Sprinter 3,Van,2011-2018,越野车,两厢车,通用标准：Van,,
EU,Mercedes-benz Sprinter 3 906.733 906733 facelift stdroof L5926 W2024 H2469 Van 2011-2018 EU,Mercedes-benz,Sprinter 3,Van,2011-2018,越野车,两厢车,通用标准：Van,,
EU,Mercedes-benz Sprinter 3 906.733 906733 facelift stdroof Van 2008-2018 EU,Mercedes-benz,Sprinter 3,Van,2008-2018,越野车,两厢车,通用标准：Van,,
EU,Mercedes-benz Sprinter 3 906.733 906733 facelift stdroof Van 2012-2019 EU,Mercedes-benz,Sprinter 3,Van,2012-2019,越野车,两厢车,通用标准：Van,,
EU,Mercedes-benz Sprinter 3 906.733 906733 highroof Van 2016-2018 EU,Mercedes-benz,Sprinter 3,Van,2016-2018,越野车,两厢车,通用标准：Van,,
EU,Mercedes-benz Sprinter 3 906.733 906733 prefl highroof MPV 2008-2018 EU,Mercedes-benz,Sprinter 3,MPV,2008-2018,越野车,两厢车,通用标准：MPV,,
EU,Mercedes-benz Sprinter 3 906.733 906733 prefl highroof MPV 2011-2018 EU,Mercedes-benz,Sprinter 3,MPV,2011-2018,越野车,两厢车,通用标准：MPV,,
EU,Mercedes-benz Sprinter 3 906.733 906733 prefl highroof MPV 2012-2019 EU,Mercedes-benz,Sprinter 3,MPV,2012-2019,越野车,两厢车,通用标准：MPV,,
EU,Mercedes-benz Sprinter 3 906.733 906733 prefl stdroof MPV 2008-2018 EU,Mercedes-benz,Sprinter 3,MPV,2008-2018,越野车,两厢车,通用标准：MPV,,
EU,Mercedes-benz Sprinter 3 906.733 906733 prefl stdroof MPV 2011-2018 EU,Mercedes-benz,Sprinter 3,MPV,2011-2018,越野车,两厢车,通用标准：MPV,,
EU,Mercedes-benz Sprinter 3 906.733 906733 prefl stdroof MPV 2012-2019 EU,Mercedes-benz,Sprinter 3,MPV,2012-2019,越野车,两厢车,通用标准：MPV,,
EU,Mercedes-benz Sprinter 3 906.733 906733 stdroof L5926 W1993 H2324 Van 2016-2018 EU,Mercedes-benz,Sprinter 3,Van,2016-2018,越野车,两厢车,通用标准：Van,,
EU,Mercedes-benz Sprinter 3 906.733 906733 stdroof L5926 W2024 H2469 Van 2016-2018 EU,Mercedes-benz,Sprinter 3,Van,2016-2018,越野车,两厢车,通用标准：Van,,
EU,Mercedes-benz Sprinter 3 906.733 Bus 2009-2018 EU,Mercedes-benz,Sprinter 3,Bus,2009-2018,越野车,两厢车,通用标准：Bus,,
EU,Mercedes-benz Sprinter 3 906.733 mwb Bus 2009-2018 EU,Mercedes-benz,Sprinter 3,Bus,2009-2018,越野车,两厢车,通用标准：Bus,,
EU,Mercedes-benz Sprinter 3 906.733 mwb highroof Bus 2006-2009 EU,Mercedes-benz,Sprinter 3,Bus,2006-2009,越野车,两厢车,通用标准：Bus,,
EU,Mercedes-benz Sprinter 3 906.733 mwb highroof Bus 2006-2016 EU,Mercedes-benz,Sprinter 3,Bus,2006-2016,越野车,两厢车,通用标准：Bus,,
EU,Mercedes-benz Sprinter 3 906.733 mwb highroof facelift Bus 2009-2016 EU,Mercedes-benz,Sprinter 3,Bus,2009-2016,越野车,两厢车,通用标准：Bus,,
EU,Mercedes-benz Sprinter 3 906.733 mwb highroof facelift Van 2008-2018 EU,Mercedes-benz,Sprinter 3,Van,2008-2018,越野车,两厢车,通用标准：Van,,
EU,Mercedes-benz Sprinter 3 906.733 mwb highroof prefl Bus 2009-2016 EU,Mercedes-benz,Sprinter 3,Bus,2009-2016,越野车,两厢车,通用标准：Bus,,
EU,Mercedes-benz Sprinter 3 906.733 mwb highroof prefl Van 2008-2018 EU,Mercedes-benz,Sprinter 3,Van,2008-2018,越野车,两厢车,通用标准：Van,,
EU,Mercedes-benz Sprinter 3 906.733 mwb lowroof Bus 2006-2009 EU,Mercedes-benz,Sprinter 3,Bus,2006-2009,越野车,两厢车,通用标准：Bus,,
EU,Mercedes-benz Sprinter 3 906.733 mwb lowroof Bus 2006-2016 EU,Mercedes-benz,Sprinter 3,Bus,2006-2016,越野车,两厢车,通用标准：Bus,,
EU,Mercedes-benz Sprinter 3 906.733 mwb lowroof facelift Bus 2009-2016 EU,Mercedes-benz,Sprinter 3,Bus,2009-2016,越野车,两厢车,通用标准：Bus,,
EU,Mercedes-benz Sprinter 3 906.733 mwb lowroof prefl Bus 2009-2016 EU,Mercedes-benz,Sprinter 3,Bus,2009-2016,越野车,两厢车,通用标准：Bus,,
EU,Mercedes-benz Sprinter 3 906.733 mwb standardroof facelift Van 2008-2018 EU,Mercedes-benz,Sprinter 3,Van,2008-2018,越野车,两厢车,通用标准：Van,,
EU,Mercedes-benz Sprinter 3 906.733 mwb standardroof prefl Van 2008-2018 EU,Mercedes-benz,Sprinter 3,Van,2008-2018,越野车,两厢车,通用标准：Van,,
EU,Mercedes-benz Sprinter 3 906.733 mwb stdroof L5910 W1993 H2415 Van 2008-2009 EU,Mercedes-benz,Sprinter 3,Van,2008-2009,越野车,两厢车,通用标准：Van,,
EU,Mercedes-benz Sprinter 3 906.733 mwb stdroof L5910 W1993 H2435 Van 2008-2009 EU,Mercedes-benz,Sprinter 3,Van,2008-2009,越野车,两厢车,通用标准：Van,,
EU,Mercedes-benz Sprinter 3 906.735 735 highroof facelift L6961 W1993 H2715 Bus 2011-2016 EU,Mercedes-benz,Sprinter 3,Bus,2011-2016,越野车,两厢车,通用标准：Bus,,
EU,Mercedes-benz Sprinter 3 906.735 735 highroof facelift L6961 W1993 H2736 Bus 2011-2016 EU,Mercedes-benz,Sprinter 3,Bus,2011-2016,越野车,两厢车,通用标准：Bus,,
EU,Mercedes-benz Sprinter 3 906.735 735 highroof prefl L6945 W1993 H2815 Bus 2011-2016 EU,Mercedes-benz,Sprinter 3,Bus,2011-2016,越野车,两厢车,通用标准：Bus,,
EU,Mercedes-benz Sprinter 3 906.735 735 highroof prefl L6945 W1993 H2910 Bus 2011-2016 EU,Mercedes-benz,Sprinter 3,Bus,2011-2016,越野车,两厢车,通用标准：Bus,,
EU,Mercedes-benz Sprinter 3 906.735 906735 facelift highroof L6961 W1993 H2650 Van 2011-2018 EU,Mercedes-benz,Sprinter 3,Van,2011-2018,越野车,两厢车,通用标准：Van,,
EU,Mercedes-benz Sprinter 3 906.735 906735 facelift highroof L6962 W2024 H2753 Van 2011-2018 EU,Mercedes-benz,Sprinter 3,Van,2011-2018,越野车,两厢车,通用标准：Van,,
EU,Mercedes-benz Sprinter 3 906.735 906735 facelift highroof Van 2008-2018 EU,Mercedes-benz,Sprinter 3,Van,2008-2018,越野车,两厢车,通用标准：Van,,
EU,Mercedes-benz Sprinter 3 906.735 906735 highroof L6961 W1993 H2650 Van 2016-2018 EU,Mercedes-benz,Sprinter 3,Van,2016-2018,越野车,两厢车,通用标准：Van,,
EU,Mercedes-benz Sprinter 3 906.735 906735 highroof L6962 W2024 H2753 Van 2016-2018 EU,Mercedes-benz,Sprinter 3,Van,2016-2018,越野车,两厢车,通用标准：Van,,
EU,Mercedes-benz Sprinter 3 906.735 Bus 2006-2009 EU,Mercedes-benz,Sprinter 3,Bus,2006-2009,越野车,两厢车,通用标准：Bus,,
EU,Mercedes-benz Sprinter 3 906.735 Bus 2006-2016 EU,Mercedes-benz,Sprinter 3,Bus,2006-2016,越野车,两厢车,通用标准：Bus,,
EU,Mercedes-benz Sprinter 3 906.735 Bus 2009-2018 EU,Mercedes-benz,Sprinter 3,Bus,2009-2018,越野车,两厢车,通用标准：Bus,,
EU,Mercedes-benz Sprinter 3 906.735 MPV 2008-2018 EU,Mercedes-benz,Sprinter 3,MPV,2008-2018,越野车,两厢车,通用标准：MPV,,
EU,Mercedes-benz Sprinter 3 906.735 MPV 2011-2018 EU,Mercedes-benz,Sprinter 3,MPV,2011-2018,越野车,两厢车,通用标准：MPV,,
EU,Mercedes-benz Sprinter 3 906.735 MPV 2012-2019 EU,Mercedes-benz,Sprinter 3,MPV,2012-2019,越野车,两厢车,通用标准：MPV,,
EU,Mercedes-benz Sprinter 3 906.735 Van 2012-2019 EU,Mercedes-benz,Sprinter 3,Van,2012-2019,越野车,两厢车,通用标准：Van,,
EU,Mercedes-benz Sprinter 3 906.735 lwb highroof L6945 W1993 H2700 Van 2008-2009 EU,Mercedes-benz,Sprinter 3,Van,2008-2009,越野车,两厢车,通用标准：Van,,
EU,Mercedes-benz Sprinter 3 906.735 lwb highroof L6945 W1993 H2720 Van 2008-2009 EU,Mercedes-benz,Sprinter 3,Van,2008-2009,越野车,两厢车,通用标准：Van,,
EU,Mercedes-benz Sprinter 3 906.735 lwb highroof facelift Bus 2009-2016 EU,Mercedes-benz,Sprinter 3,Bus,2009-2016,越野车,两厢车,通用标准：Bus,,
EU,Mercedes-benz Sprinter 3 906.735 lwb highroof facelift Van 2008-2018 EU,Mercedes-benz,Sprinter 3,Van,2008-2018,越野车,两厢车,通用标准：Van,,
EU,Mercedes-benz Sprinter 3 906.735 lwb highroof prefl Bus 2009-2016 EU,Mercedes-benz,Sprinter 3,Bus,2009-2016,越野车,两厢车,通用标准：Bus,,
EU,Mercedes-benz Sprinter 3 906.735 lwb highroof prefl Van 2008-2018 EU,Mercedes-benz,Sprinter 3,Van,2008-2018,越野车,两厢车,通用标准：Van,,
EU,Mercedes-benz Sprinter 3 907.633 907633 highroof Van 2021-2026 EU,Mercedes-benz,Sprinter 3,Van,2021-2026,越野车,两厢车,通用标准：Van,,
EU,Mercedes-benz Sprinter 3 907.633 Van 2019-2021 EU,Mercedes-benz,Sprinter 3,Van,2019-2021,越野车,两厢车,通用标准：Van,,
EU,Mercedes-benz Sprinter 3 907.633 Van 2023-2026 EU,Mercedes-benz,Sprinter 3,Van,2023-2026,越野车,两厢车,通用标准：Van,,
EU,Mercedes-benz Sprinter 3 907.633 l2 highroof Van 2021-2026 EU,Mercedes-benz,Sprinter 3,Van,2021-2026,越野车,两厢车,通用标准：Van,,
EU,Mercedes-benz Sprinter 3 907.633 l2 stdroof Van 2021-2026 EU,Mercedes-benz,Sprinter 3,Van,2021-2026,越野车,两厢车,通用标准：Van,,
EU,Mercedes-benz Sprinter 3 907.635 907635 highroof Van 2021-2026 EU,Mercedes-benz,Sprinter 3,Van,2021-2026,越野车,两厢车,通用标准：Van,,
EU,Mercedes-benz Sprinter 3 907.635 907635 superhighroof Van 2021-2026 EU,Mercedes-benz,Sprinter 3,Van,2021-2026,越野车,两厢车,通用标准：Van,,
EU,Mercedes-benz Sprinter 3 907.635 Van 2019-2021 EU,Mercedes-benz,Sprinter 3,Van,2019-2021,越野车,两厢车,通用标准：Van,,
EU,Mercedes-benz Sprinter 3 907.635 Van 2023-2026 EU,Mercedes-benz,Sprinter 3,Van,2023-2026,越野车,两厢车,通用标准：Van,,
EU,Mercedes-benz Sprinter 3 907.635 l3 highroof Van 2021-2026 EU,Mercedes-benz,Sprinter 3,Van,2021-2026,越野车,两厢车,通用标准：Van,,
EU,Mercedes-benz Sprinter 3 907.637 907637 highroof Van 2021-2026 EU,Mercedes-benz,Sprinter 3,Van,2021-2026,越野车,两厢车,通用标准：Van,,
EU,Mercedes-benz Sprinter 3 907.637 907637 superhighroof Van 2021-2026 EU,Mercedes-benz,Sprinter 3,Van,2021-2026,越野车,两厢车,通用标准：Van,,
EU,Mercedes-benz Sprinter 3 907.637 Van 2019-2021 EU,Mercedes-benz,Sprinter 3,Van,2019-2021,越野车,两厢车,通用标准：Van,,
EU,Mercedes-benz Sprinter 3 907.731 MPV 2018-2021 EU,Mercedes-benz,Sprinter 3,MPV,2018-2021,越野车,两厢车,通用标准：MPV,,
EU,Mercedes-benz Sprinter 3 907.731 MPV 2021-2026 EU,Mercedes-benz,Sprinter 3,MPV,2021-2026,越野车,两厢车,通用标准：MPV,,
EU,Mercedes-benz Sprinter 3 907.733 907733 highroof L5932 W2020 H2644 MPV 2021-2026 EU,Mercedes-benz,Sprinter 3,MPV,2021-2026,越野车,两厢车,通用标准：MPV,,
EU,Mercedes-benz Sprinter 3 907.733 907733 highroof L5932 W2020 H2774 MPV 2021-2026 EU,Mercedes-benz,Sprinter 3,MPV,2021-2026,越野车,两厢车,通用标准：MPV,,
EU,Mercedes-benz Sprinter 3 907.733 907733 stdroof L5932 W2020 H2331 MPV 2021-2026 EU,Mercedes-benz,Sprinter 3,MPV,2021-2026,越野车,两厢车,通用标准：MPV,,
EU,Mercedes-benz Sprinter 3 907.733 907733 stdroof L5932 W2020 H2486 MPV 2021-2026 EU,Mercedes-benz,Sprinter 3,MPV,2021-2026,越野车,两厢车,通用标准：MPV,,
EU,Mercedes-benz Sprinter 3 907.733 MPV 2019-2021 EU,Mercedes-benz,Sprinter 3,MPV,2019-2021,越野车,两厢车,通用标准：MPV,,
EU,Mercedes-benz Sprinter 3 907.733 l2 h1 MPV 2018-2021 EU,Mercedes-benz,Sprinter 3,MPV,2018-2021,越野车,两厢车,通用标准：MPV,,
EU,Mercedes-benz Sprinter 3 907.733 l2 h2 MPV 2018-2021 EU,Mercedes-benz,Sprinter 3,MPV,2018-2021,越野车,两厢车,通用标准：MPV,,
EU,Mercedes-benz Sprinter 3 907.735 MPV 2018-2021 EU,Mercedes-benz,Sprinter 3,MPV,2018-2021,越野车,两厢车,通用标准：MPV,,
EU,Mercedes-benz Sprinter 3 907.735 MPV 2021-2026 EU,Mercedes-benz,Sprinter 3,MPV,2021-2026,越野车,两厢车,通用标准：MPV,,
EU,Mercedes-benz Sprinter 3 910.631 Van 2021-2025 EU,Mercedes-benz,Sprinter 3,Van,2021-2025,越野车,两厢车,通用标准：Van,,
EU,Mercedes-benz Sprinter 3 910.633 910633 highroof Van 2021-2025 EU,Mercedes-benz,Sprinter 3,Van,2021-2025,越野车,两厢车,通用标准：Van,,
EU,Mercedes-benz Sprinter 3 910.633 910633 highroof Van 2022-2025 EU,Mercedes-benz,Sprinter 3,Van,2022-2025,越野车,两厢车,通用标准：Van,,
EU,Mercedes-benz Sprinter 3 910.633 910633 stdroof Van 2021-2025 EU,Mercedes-benz,Sprinter 3,Van,2021-2025,越野车,两厢车,通用标准：Van,,
EU,Mercedes-benz Sprinter 3 910.633 910633 stdroof Van 2022-2025 EU,Mercedes-benz,Sprinter 3,Van,2022-2025,越野车,两厢车,通用标准：Van,,
EU,Mercedes-benz Sprinter 3 B906 compact highroof MPV 2008-2009 EU,Mercedes-benz,Sprinter 3,MPV,2008-2009,越野车,两厢车,通用标准：MPV,,
EU,Mercedes-benz Sprinter 3 B906 compact highroof facelift MPV 2009-2018 EU,Mercedes-benz,Sprinter 3,MPV,2009-2018,越野车,两厢车,通用标准：MPV,,
EU,Mercedes-benz Sprinter 3 B906 compact highroof prefl MPV 2009-2018 EU,Mercedes-benz,Sprinter 3,MPV,2009-2018,越野车,两厢车,通用标准：MPV,,
EU,Mercedes-benz Sprinter 3 B906 compact normalroof MPV 2008-2009 EU,Mercedes-benz,Sprinter 3,MPV,2008-2009,越野车,两厢车,通用标准：MPV,,
EU,Mercedes-benz Sprinter 3 B906 compact normalroof facelift MPV 2009-2018 EU,Mercedes-benz,Sprinter 3,MPV,2009-2018,越野车,两厢车,通用标准：MPV,,
EU,Mercedes-benz Sprinter 3 B906 compact normalroof prefl MPV 2009-2018 EU,Mercedes-benz,Sprinter 3,MPV,2009-2018,越野车,两厢车,通用标准：MPV,,
EU,Mercedes-benz Sprinter 3 B906 long highroof MPV 2008-2009 EU,Mercedes-benz,Sprinter 3,MPV,2008-2009,越野车,两厢车,通用标准：MPV,,
EU,Mercedes-benz Sprinter 3 B906 long highroof facelift MPV 2009-2018 EU,Mercedes-benz,Sprinter 3,MPV,2009-2018,越野车,两厢车,通用标准：MPV,,
EU,Mercedes-benz Sprinter 3 B906 long highroof prefl MPV 2009-2018 EU,Mercedes-benz,Sprinter 3,MPV,2009-2018,越野车,两厢车,通用标准：MPV,,
EU,Mercedes-benz Sprinter 3 B906 standard highroof MPV 2008-2009 EU,Mercedes-benz,Sprinter 3,MPV,2008-2009,越野车,两厢车,通用标准：MPV,,
EU,Mercedes-benz Sprinter 3 B906 standard highroof facelift MPV 2009-2018 EU,Mercedes-benz,Sprinter 3,MPV,2009-2018,越野车,两厢车,通用标准：MPV,,
EU,Mercedes-benz Sprinter 3 B906 standard highroof prefl MPV 2009-2018 EU,Mercedes-benz,Sprinter 3,MPV,2009-2018,越野车,两厢车,通用标准：MPV,,
EU,Mercedes-benz Sprinter 3 B906 standard normalroof MPV 2008-2009 EU,Mercedes-benz,Sprinter 3,MPV,2008-2009,越野车,两厢车,通用标准：MPV,,
EU,Mercedes-benz Sprinter 3 B906 standard normalroof facelift MPV 2009-2018 EU,Mercedes-benz,Sprinter 3,MPV,2009-2018,越野车,两厢车,通用标准：MPV,,
EU,Mercedes-benz Sprinter 3 B906 standard normalroof prefl MPV 2009-2018 EU,Mercedes-benz,Sprinter 3,MPV,2009-2018,越野车,两厢车,通用标准：MPV,,
EU,Mercedes-benz Sprinter 3 W906 l1h1 Van 2006-2016 EU,Mercedes-benz,Sprinter 3,Van,2006-2016,越野车,两厢车,通用标准：Van,,
EU,Mercedes-benz Sprinter 3 W906 l1h2 Van 2006-2016 EU,Mercedes-benz,Sprinter 3,Van,2006-2016,越野车,两厢车,通用标准：Van,,
EU,Mercedes-benz Sprinter 3 W906 l2h1 Van 2006-2016 EU,Mercedes-benz,Sprinter 3,Van,2006-2016,越野车,两厢车,通用标准：Van,,
EU,Mercedes-benz Sprinter 3 W906 l2h2 Van 2006-2016 EU,Mercedes-benz,Sprinter 3,Van,2006-2016,越野车,两厢车,通用标准：Van,,
EU,Mercedes-benz Sprinter 3 W906 l2h3 Van 2006-2016 EU,Mercedes-benz,Sprinter 3,Van,2006-2016,越野车,两厢车,通用标准：Van,,
EU,Mercedes-benz Sprinter 3 W906 l3h2 Van 2006-2016 EU,Mercedes-benz,Sprinter 3,Van,2006-2016,越野车,两厢车,通用标准：Van,,
EU,Mercedes-benz Sprinter 3 W906 l3h3 Van 2006-2016 EU,Mercedes-benz,Sprinter 3,Van,2006-2016,越野车,两厢车,通用标准：Van,,
EU,Mercedes-benz Sprinter 3 W906 l4h2 Van 2006-2016 EU,Mercedes-benz,Sprinter 3,Van,2006-2016,越野车,两厢车,通用标准：Van,,
EU,Mercedes-benz Sprinter 3 W906 l4h3 Van 2006-2016 EU,Mercedes-benz,Sprinter 3,Van,2006-2016,越野车,两厢车,通用标准：Van,,
EU,Mercedes-benz Sprinter 3 W907 l2 h1 Van 2018-2021 EU,Mercedes-benz,Sprinter 3,Van,2018-2021,越野车,两厢车,通用标准：Van,,
EU,Mercedes-benz Sprinter 3 W907 l2 h2 Van 2018-2021 EU,Mercedes-benz,Sprinter 3,Van,2018-2021,越野车,两厢车,通用标准：Van,,
EU,Mercedes-benz Sprinter 3 W907 l2h1 Van 2020-2026 EU,Mercedes-benz,Sprinter 3,Van,2020-2026,越野车,两厢车,通用标准：Van,,
EU,Mercedes-benz Sprinter 3 W907 l2h2 Van 2020-2026 EU,Mercedes-benz,Sprinter 3,Van,2020-2026,越野车,两厢车,通用标准：Van,,
EU,Mercedes-benz Sprinter 3 W907 l3 h2 Van 2018-2021 EU,Mercedes-benz,Sprinter 3,Van,2018-2021,越野车,两厢车,通用标准：Van,,
EU,Mercedes-benz Sprinter 3 W907 l3 h3 Van 2018-2021 EU,Mercedes-benz,Sprinter 3,Van,2018-2021,越野车,两厢车,通用标准：Van,,
EU,Mercedes-benz Sprinter 3 W907 l3h2 Van 2020-2026 EU,Mercedes-benz,Sprinter 3,Van,2020-2026,越野车,两厢车,通用标准：Van,,
EU,Mercedes-benz Sprinter 3 W907 l4 h2 Van 2018-2021 EU,Mercedes-benz,Sprinter 3,Van,2018-2021,越野车,两厢车,通用标准：Van,,
EU,Mercedes-benz Sprinter 3 W907 l4 h3 Van 2018-2021 EU,Mercedes-benz,Sprinter 3,Van,2018-2021,越野车,两厢车,通用标准：Van,,
EU,Mercedes-benz Sprinter 3 W907 l4h2 Van 2020-2026 EU,Mercedes-benz,Sprinter 3,Van,2020-2026,越野车,两厢车,通用标准：Van,,
EU,Mercedes-benz Sprinter 3 W910 Van 2020-2023 EU,Mercedes-benz,Sprinter 3,Van,2020-2023,越野车,两厢车,通用标准：Van,,
EU,Mercedes-benz Sprinter 3 W910 l1 h1 Van 2018-2021 EU,Mercedes-benz,Sprinter 3,Van,2018-2021,越野车,两厢车,通用标准：Van,,
EU,Mercedes-benz Sprinter 3 W910 l1 h2 Van 2018-2021 EU,Mercedes-benz,Sprinter 3,Van,2018-2021,越野车,两厢车,通用标准：Van,,
EU,Mercedes-benz Sprinter 3 W910 l2 h1 Van 2018-2021 EU,Mercedes-benz,Sprinter 3,Van,2018-2021,越野车,两厢车,通用标准：Van,,
EU,Mercedes-benz Sprinter 3 W910 l2 h2 Van 2018-2021 EU,Mercedes-benz,Sprinter 3,Van,2018-2021,越野车,两厢车,通用标准：Van,,
EU,Mercedes-benz Sprinter 3-T 903.061 903061 highroof Van 1995-2006 EU,Mercedes-benz,Sprinter 3-T,Van,1995-2006,越野车,两厢车,通用标准：Van,,
EU,Mercedes-benz Sprinter 3-T 903.061 903061 stdroof Van 1995-2006 EU,Mercedes-benz,Sprinter 3-T,Van,1995-2006,越野车,两厢车,通用标准：Van,,
EU,Mercedes-benz Sprinter 3-T 903.062 903062 highroof Van 1995-2006 EU,Mercedes-benz,Sprinter 3-T,Van,1995-2006,越野车,两厢车,通用标准：Van,,
EU,Mercedes-benz Sprinter 3-T 903.062 903062 stdroof Van 1995-2006 EU,Mercedes-benz,Sprinter 3-T,Van,1995-2006,越野车,两厢车,通用标准：Van,,
EU,Mercedes-benz Sprinter 3-T 903.063 903063 highroof Van 1995-2006 EU,Mercedes-benz,Sprinter 3-T,Van,1995-2006,越野车,两厢车,通用标准：Van,,
EU,Mercedes-benz Sprinter 3-T 903.063 lwb h2 Van 1995-2006 EU,Mercedes-benz,Sprinter 3-T,Van,1995-2006,越野车,两厢车,通用标准：Van,,
EU,Mercedes-benz Sprinter 3-T 903.071 903071 highroof Van 1995-2006 EU,Mercedes-benz,Sprinter 3-T,Van,1995-2006,越野车,两厢车,通用标准：Van,,
EU,Mercedes-benz Sprinter 3-T 903.071 903071 stdroof Van 1995-2006 EU,Mercedes-benz,Sprinter 3-T,Van,1995-2006,越野车,两厢车,通用标准：Van,,
EU,Mercedes-benz Sprinter 3-T 903.072 903072 highroof Van 1995-2006 EU,Mercedes-benz,Sprinter 3-T,Van,1995-2006,越野车,两厢车,通用标准：Van,,
EU,Mercedes-benz Sprinter 3-T 903.072 903072 stdroof Van 1995-2006 EU,Mercedes-benz,Sprinter 3-T,Van,1995-2006,越野车,两厢车,通用标准：Van,,
EU,Mercedes-benz Sprinter 3-T 903.073 Van 1995-2006 EU,Mercedes-benz,Sprinter 3-T,Van,1995-2006,越野车,两厢车,通用标准：Van,,
EU,Mercedes-benz Sprinter 3-T 903.361 903361 Van 1995-2000 EU,Mercedes-benz,Sprinter 3-T,Van,1995-2000,越野车,两厢车,通用标准：Van,,
EU,Mercedes-benz Sprinter 3-T 903.361 swb h1 Van 1995-2000 EU,Mercedes-benz,Sprinter 3-T,Van,1995-2000,越野车,两厢车,通用标准：Van,,
EU,Mercedes-benz Sprinter 3-T 903.361 swb h2 Van 1995-2000 EU,Mercedes-benz,Sprinter 3-T,Van,1995-2000,越野车,两厢车,通用标准：Van,,
EU,Mercedes-benz Sprinter 3-T 903.362 Van 1995-2000 EU,Mercedes-benz,Sprinter 3-T,Van,1995-2000,越野车,两厢车,通用标准：Van,,
EU,Mercedes-benz Sprinter 3-T 903.362 highroof Van 1996-2006 EU,Mercedes-benz,Sprinter 3-T,Van,1996-2006,越野车,两厢车,通用标准：Van,,
EU,Mercedes-benz Sprinter 3-T 903.362 lowroof Van 1996-2006 EU,Mercedes-benz,Sprinter 3-T,Van,1996-2006,越野车,两厢车,通用标准：Van,,
EU,Mercedes-benz Sprinter 3-T 903.363 Van 1995-2000 EU,Mercedes-benz,Sprinter 3-T,Van,1995-2000,越野车,两厢车,通用标准：Van,,
EU,Mercedes-benz Sprinter 3-T 903.371 swb h1 Van 1997-2000 EU,Mercedes-benz,Sprinter 3-T,Van,1997-2000,越野车,两厢车,通用标准：Van,,
EU,Mercedes-benz Sprinter 3-T 903.371 swb h2 Van 1997-2000 EU,Mercedes-benz,Sprinter 3-T,Van,1997-2000,越野车,两厢车,通用标准：Van,,
EU,Mercedes-benz Sprinter 3-T 903.372 mwb h1 Van 1995-2000 EU,Mercedes-benz,Sprinter 3-T,Van,1995-2000,越野车,两厢车,通用标准：Van,,
EU,Mercedes-benz Sprinter 3-T 903.372 mwb h1 Van 1996-2006 EU,Mercedes-benz,Sprinter 3-T,Van,1996-2006,越野车,两厢车,通用标准：Van,,
EU,Mercedes-benz Sprinter 3-T 903.372 mwb h1 Van 1997-2000 EU,Mercedes-benz,Sprinter 3-T,Van,1997-2000,越野车,两厢车,通用标准：Van,,
EU,Mercedes-benz Sprinter 3-T 903.372 mwb h2 Van 1995-2000 EU,Mercedes-benz,Sprinter 3-T,Van,1995-2000,越野车,两厢车,通用标准：Van,,
EU,Mercedes-benz Sprinter 3-T 903.372 mwb h2 Van 1996-2006 EU,Mercedes-benz,Sprinter 3-T,Van,1996-2006,越野车,两厢车,通用标准：Van,,
EU,Mercedes-benz Sprinter 3-T 903.372 mwb h2 Van 1997-2000 EU,Mercedes-benz,Sprinter 3-T,Van,1997-2000,越野车,两厢车,通用标准：Van,,
EU,Mercedes-benz Sprinter 3-T 903.373 Van 1995-2000 EU,Mercedes-benz,Sprinter 3-T,Van,1995-2000,越野车,两厢车,通用标准：Van,,
EU,Mercedes-benz Sprinter 3-T 903.373 Van 1997-2000 EU,Mercedes-benz,Sprinter 3-T,Van,1997-2000,越野车,两厢车,通用标准：Van,,
EU,Mercedes-benz Sprinter 3-T 903.461 Van 1997-2000 EU,Mercedes-benz,Sprinter 3-T,Van,1997-2000,越野车,两厢车,通用标准：Van,,
EU,Mercedes-benz Sprinter 3-T 903.461 Van 1997-2002 EU,Mercedes-benz,Sprinter 3-T,Van,1997-2002,越野车,两厢车,通用标准：Van,,
EU,Mercedes-benz Sprinter 3-T 903.461 swb h1 Van 1995-2000 EU,Mercedes-benz,Sprinter 3-T,Van,1995-2000,越野车,两厢车,通用标准：Van,,
EU,Mercedes-benz Sprinter 3-T 903.461 swb h2 Van 1995-2000 EU,Mercedes-benz,Sprinter 3-T,Van,1995-2000,越野车,两厢车,通用标准：Van,,
EU,Mercedes-benz Sprinter 3-T 903.462 Van 1997-2000 EU,Mercedes-benz,Sprinter 3-T,Van,1997-2000,越野车,两厢车,通用标准：Van,,
EU,Mercedes-benz Sprinter 3-T 903.462 Van 1997-2002 EU,Mercedes-benz,Sprinter 3-T,Van,1997-2002,越野车,两厢车,通用标准：Van,,
EU,Mercedes-benz Sprinter 3-T 903.462 mwb h1 Van 1995-2000 EU,Mercedes-benz,Sprinter 3-T,Van,1995-2000,越野车,两厢车,通用标准：Van,,
EU,Mercedes-benz Sprinter 3-T 903.462 mwb h2 Van 1995-2000 EU,Mercedes-benz,Sprinter 3-T,Van,1995-2000,越野车,两厢车,通用标准：Van,,
EU,Mercedes-benz Sprinter 3-T 903.463 Van 1995-2000 EU,Mercedes-benz,Sprinter 3-T,Van,1995-2000,越野车,两厢车,通用标准：Van,,
EU,Mercedes-benz Sprinter 3-T 903.471 Bus 1997-1999 EU,Mercedes-benz,Sprinter 3-T,Bus,1997-1999,越野车,两厢车,通用标准：Bus,,
EU,Mercedes-benz Sprinter 3-T 903.471 swb h1 Van 1995-2000 EU,Mercedes-benz,Sprinter 3-T,Van,1995-2000,越野车,两厢车,通用标准：Van,,
EU,Mercedes-benz Sprinter 3-T 903.471 swb h2 Van 1995-2000 EU,Mercedes-benz,Sprinter 3-T,Van,1995-2000,越野车,两厢车,通用标准：Van,,
EU,Mercedes-benz Sprinter 3-T 903.472 Bus 1997-1999 EU,Mercedes-benz,Sprinter 3-T,Bus,1997-1999,越野车,两厢车,通用标准：Bus,,
EU,Mercedes-benz Sprinter 3-T 903.472 Van 1997-2002 EU,Mercedes-benz,Sprinter 3-T,Van,1997-2002,越野车,两厢车,通用标准：Van,,
EU,Mercedes-benz Sprinter 3-T 903.472 mwb h1 Van 1995-2000 EU,Mercedes-benz,Sprinter 3-T,Van,1995-2000,越野车,两厢车,通用标准：Van,,
EU,Mercedes-benz Sprinter 3-T 903.472 mwb h2 Van 1995-2000 EU,Mercedes-benz,Sprinter 3-T,Van,1995-2000,越野车,两厢车,通用标准：Van,,
EU,Mercedes-benz Sprinter 3-T 903.473 Bus 1997-1999 EU,Mercedes-benz,Sprinter 3-T,Bus,1997-1999,越野车,两厢车,通用标准：Bus,,
EU,Mercedes-benz Sprinter 3-T 903.473 Van 1995-2000 EU,Mercedes-benz,Sprinter 3-T,Van,1995-2000,越野车,两厢车,通用标准：Van,,
EU,Mercedes-benz Sprinter 3-T 903.473 Van 1997-2002 EU,Mercedes-benz,Sprinter 3-T,Van,1997-2002,越野车,两厢车,通用标准：Van,,
EU,Mercedes-benz Sprinter 3-T 903.661 903661 highroof Van 1995-2006 EU,Mercedes-benz,Sprinter 3-T,Van,1995-2006,越野车,两厢车,通用标准：Van,,
EU,Mercedes-benz Sprinter 3-T 903.661 903661 stdroof Van 1995-2006 EU,Mercedes-benz,Sprinter 3-T,Van,1995-2006,越野车,两厢车,通用标准：Van,,
EU,Mercedes-benz Sprinter 3-T 903.661 swb h1 L4895 W1933 H2350 Van 1995-2006 EU,Mercedes-benz,Sprinter 3-T,Van,1995-2006,越野车,两厢车,通用标准：Van,,
EU,Mercedes-benz Sprinter 3-T 903.661 swb h1 L5004 W1981 H2362 Van 1995-2006 EU,Mercedes-benz,Sprinter 3-T,Van,1995-2006,越野车,两厢车,通用标准：Van,,
EU,Mercedes-benz Sprinter 3-T 903.661 swb h1 Van 2000-2006 EU,Mercedes-benz,Sprinter 3-T,Van,2000-2006,越野车,两厢车,通用标准：Van,,
EU,Mercedes-benz Sprinter 3-T 903.661 swb h2 Van 1995-2006 EU,Mercedes-benz,Sprinter 3-T,Van,1995-2006,越野车,两厢车,通用标准：Van,,
EU,Mercedes-benz Sprinter 3-T 903.661 swb h2 Van 2000-2006 EU,Mercedes-benz,Sprinter 3-T,Van,2000-2006,越野车,两厢车,通用标准：Van,,
EU,Mercedes-benz Sprinter 3-T 903.662 903662 highroof Van 1995-2006 EU,Mercedes-benz,Sprinter 3-T,Van,1995-2006,越野车,两厢车,通用标准：Van,,
EU,Mercedes-benz Sprinter 3-T 903.662 903662 stdroof Van 1995-2006 EU,Mercedes-benz,Sprinter 3-T,Van,1995-2006,越野车,两厢车,通用标准：Van,,
EU,Mercedes-benz Sprinter 3-T 903.662 Van 2001-2006 EU,Mercedes-benz,Sprinter 3-T,Van,2001-2006,越野车,两厢车,通用标准：Van,,
EU,Mercedes-benz Sprinter 3-T 903.662 Van 2002-2006 EU,Mercedes-benz,Sprinter 3-T,Van,2002-2006,越野车,两厢车,通用标准：Van,,
EU,Mercedes-benz Sprinter 3-T 903.662 mwb h1 L5645 W1933 H2345 Van 1995-2006 EU,Mercedes-benz,Sprinter 3-T,Van,1995-2006,越野车,两厢车,通用标准：Van,,
EU,Mercedes-benz Sprinter 3-T 903.662 mwb h1 L5715 W1981 H2362 Van 1995-2006 EU,Mercedes-benz,Sprinter 3-T,Van,1995-2006,越野车,两厢车,通用标准：Van,,
EU,Mercedes-benz Sprinter 3-T 903.662 mwb h1 Van 2000-2006 EU,Mercedes-benz,Sprinter 3-T,Van,2000-2006,越野车,两厢车,通用标准：Van,,
EU,Mercedes-benz Sprinter 3-T 903.662 mwb h2 Van 1995-2006 EU,Mercedes-benz,Sprinter 3-T,Van,1995-2006,越野车,两厢车,通用标准：Van,,
EU,Mercedes-benz Sprinter 3-T 903.662 mwb h2 Van 2000-2006 EU,Mercedes-benz,Sprinter 3-T,Van,2000-2006,越野车,两厢车,通用标准：Van,,
EU,Mercedes-benz Sprinter 3-T 903.663 Van 1995-2006 EU,Mercedes-benz,Sprinter 3-T,Van,1995-2006,越野车,两厢车,通用标准：Van,,
EU,Mercedes-benz Sprinter 3-T 903.663 Van 2000-2006 EU,Mercedes-benz,Sprinter 3-T,Van,2000-2006,越野车,两厢车,通用标准：Van,,
EU,Mercedes-benz Sprinter 3-T 903.663 Van 2001-2006 EU,Mercedes-benz,Sprinter 3-T,Van,2001-2006,越野车,两厢车,通用标准：Van,,
EU,Mercedes-benz Sprinter 3-T 903.663 Van 2002-2006 EU,Mercedes-benz,Sprinter 3-T,Van,2002-2006,越野车,两厢车,通用标准：Van,,
EU,Mercedes-benz Sprinter 3-T 903.671 903671 highroof Van 1995-2006 EU,Mercedes-benz,Sprinter 3-T,Van,1995-2006,越野车,两厢车,通用标准：Van,,
EU,Mercedes-benz Sprinter 3-T 903.671 903671 stdroof Van 1995-2006 EU,Mercedes-benz,Sprinter 3-T,Van,1995-2006,越野车,两厢车,通用标准：Van,,
EU,Mercedes-benz Sprinter 3-T 903.671 swb h1 Van 1995-2006 EU,Mercedes-benz,Sprinter 3-T,Van,1995-2006,越野车,两厢车,通用标准：Van,,
EU,Mercedes-benz Sprinter 3-T 903.671 swb h1 Van 2000-2006 EU,Mercedes-benz,Sprinter 3-T,Van,2000-2006,越野车,两厢车,通用标准：Van,,
EU,Mercedes-benz Sprinter 3-T 903.671 swb h2 Van 1995-2006 EU,Mercedes-benz,Sprinter 3-T,Van,1995-2006,越野车,两厢车,通用标准：Van,,
EU,Mercedes-benz Sprinter 3-T 903.671 swb h2 Van 2000-2006 EU,Mercedes-benz,Sprinter 3-T,Van,2000-2006,越野车,两厢车,通用标准：Van,,
EU,Mercedes-benz Sprinter 3-T 903.672 903672 highroof Van 1995-2006 EU,Mercedes-benz,Sprinter 3-T,Van,1995-2006,越野车,两厢车,通用标准：Van,,
EU,Mercedes-benz Sprinter 3-T 903.672 903672 stdroof Van 1995-2006 EU,Mercedes-benz,Sprinter 3-T,Van,1995-2006,越野车,两厢车,通用标准：Van,,
EU,Mercedes-benz Sprinter 3-T 903.672 Van 2002-2006 EU,Mercedes-benz,Sprinter 3-T,Van,2002-2006,越野车,两厢车,通用标准：Van,,
EU,Mercedes-benz Sprinter 3-T 903.672 mwb h1 L5645 W1933 H2345 Van 1995-2006 EU,Mercedes-benz,Sprinter 3-T,Van,1995-2006,越野车,两厢车,通用标准：Van,,
EU,Mercedes-benz Sprinter 3-T 903.672 mwb h1 L5715 W1981 H2362 Van 1995-2006 EU,Mercedes-benz,Sprinter 3-T,Van,1995-2006,越野车,两厢车,通用标准：Van,,
EU,Mercedes-benz Sprinter 3-T 903.672 mwb h1 Van 2000-2006 EU,Mercedes-benz,Sprinter 3-T,Van,2000-2006,越野车,两厢车,通用标准：Van,,
EU,Mercedes-benz Sprinter 3-T 903.672 mwb h2 Van 1995-2006 EU,Mercedes-benz,Sprinter 3-T,Van,1995-2006,越野车,两厢车,通用标准：Van,,
EU,Mercedes-benz Sprinter 3-T 903.672 mwb h2 Van 2000-2006 EU,Mercedes-benz,Sprinter 3-T,Van,2000-2006,越野车,两厢车,通用标准：Van,,
EU,Mercedes-benz Sprinter 3-T 903.673 903673 highroof Van 1995-2006 EU,Mercedes-benz,Sprinter 3-T,Van,1995-2006,越野车,两厢车,通用标准：Van,,
EU,Mercedes-benz Sprinter 3-T 903.673 Van 2000-2006 EU,Mercedes-benz,Sprinter 3-T,Van,2000-2006,越野车,两厢车,通用标准：Van,,
EU,Mercedes-benz Sprinter 3-T 903.673 Van 2002-2006 EU,Mercedes-benz,Sprinter 3-T,Van,2002-2006,越野车,两厢车,通用标准：Van,,
EU,Mercedes-benz Sprinter 3-T 903.673 lwb h2 Van 1995-2006 EU,Mercedes-benz,Sprinter 3-T,Van,1995-2006,越野车,两厢车,通用标准：Van,,
EU,Mercedes-benz Sprinter 3-T 906.611 swb h1 Van 2006-2016 EU,Mercedes-benz,Sprinter 3-T,Van,2006-2016,越野车,两厢车,通用标准：Van,,
EU,Mercedes-benz Sprinter 3-T 906.611 swb h2 Van 2006-2016 EU,Mercedes-benz,Sprinter 3-T,Van,2006-2016,越野车,两厢车,通用标准：Van,,
EU,Mercedes-benz Sprinter 3-T 906.611 swb highroof Van 2006-2009 EU,Mercedes-benz,Sprinter 3-T,Van,2006-2009,越野车,两厢车,通用标准：Van,,
EU,Mercedes-benz Sprinter 3-T 906.611 swb highroof Van 2006-2016 EU,Mercedes-benz,Sprinter 3-T,Van,2006-2016,越野车,两厢车,通用标准：Van,,
EU,Mercedes-benz Sprinter 3-T 906.611 swb highroof facelift Van 2009-2016 EU,Mercedes-benz,Sprinter 3-T,Van,2009-2016,越野车,两厢车,通用标准：Van,,
EU,Mercedes-benz Sprinter 3-T 906.611 swb highroof facelift Van 2009-2018 EU,Mercedes-benz,Sprinter 3-T,Van,2009-2018,越野车,两厢车,通用标准：Van,,
EU,Mercedes-benz Sprinter 3-T 906.611 swb highroof prefl Van 2009-2016 EU,Mercedes-benz,Sprinter 3-T,Van,2009-2016,越野车,两厢车,通用标准：Van,,
EU,Mercedes-benz Sprinter 3-T 906.611 swb highroof prefl Van 2009-2018 EU,Mercedes-benz,Sprinter 3-T,Van,2009-2018,越野车,两厢车,通用标准：Van,,
EU,Mercedes-benz Sprinter 3-T 906.611 swb lowroof Van 2006-2009 EU,Mercedes-benz,Sprinter 3-T,Van,2006-2009,越野车,两厢车,通用标准：Van,,
EU,Mercedes-benz Sprinter 3-T 906.611 swb lowroof Van 2006-2016 EU,Mercedes-benz,Sprinter 3-T,Van,2006-2016,越野车,两厢车,通用标准：Van,,
EU,Mercedes-benz Sprinter 3-T 906.611 swb lowroof facelift Van 2009-2016 EU,Mercedes-benz,Sprinter 3-T,Van,2009-2016,越野车,两厢车,通用标准：Van,,
EU,Mercedes-benz Sprinter 3-T 906.611 swb lowroof prefl Van 2009-2016 EU,Mercedes-benz,Sprinter 3-T,Van,2009-2016,越野车,两厢车,通用标准：Van,,
EU,Mercedes-benz Sprinter 3-T 906.611 swb standardroof facelift Van 2009-2018 EU,Mercedes-benz,Sprinter 3-T,Van,2009-2018,越野车,两厢车,通用标准：Van,,
EU,Mercedes-benz Sprinter 3-T 906.611 swb standardroof prefl Van 2009-2018 EU,Mercedes-benz,Sprinter 3-T,Van,2009-2018,越野车,两厢车,通用标准：Van,,
EU,Mercedes-benz Sprinter 3-T 906.613 mwb h1 Van 2006-2016 EU,Mercedes-benz,Sprinter 3-T,Van,2006-2016,越野车,两厢车,通用标准：Van,,
EU,Mercedes-benz Sprinter 3-T 906.613 mwb h2 Van 2006-2016 EU,Mercedes-benz,Sprinter 3-T,Van,2006-2016,越野车,两厢车,通用标准：Van,,
EU,Mercedes-benz Sprinter 3-T 906.613 mwb h3 Van 2006-2016 EU,Mercedes-benz,Sprinter 3-T,Van,2006-2016,越野车,两厢车,通用标准：Van,,
EU,Mercedes-benz Sprinter 3-T 906.613 mwb highroof Van 2006-2009 EU,Mercedes-benz,Sprinter 3-T,Van,2006-2009,越野车,两厢车,通用标准：Van,,
EU,Mercedes-benz Sprinter 3-T 906.613 mwb highroof Van 2006-2016 EU,Mercedes-benz,Sprinter 3-T,Van,2006-2016,越野车,两厢车,通用标准：Van,,
EU,Mercedes-benz Sprinter 3-T 906.613 mwb highroof facelift Van 2008-2018 EU,Mercedes-benz,Sprinter 3-T,Van,2008-2018,越野车,两厢车,通用标准：Van,,
EU,Mercedes-benz Sprinter 3-T 906.613 mwb highroof facelift Van 2009-2016 EU,Mercedes-benz,Sprinter 3-T,Van,2009-2016,越野车,两厢车,通用标准：Van,,
EU,Mercedes-benz Sprinter 3-T 906.613 mwb highroof facelift Van 2009-2018 EU,Mercedes-benz,Sprinter 3-T,Van,2009-2018,越野车,两厢车,通用标准：Van,,
EU,Mercedes-benz Sprinter 3-T 906.613 mwb highroof prefl Van 2008-2018 EU,Mercedes-benz,Sprinter 3-T,Van,2008-2018,越野车,两厢车,通用标准：Van,,
EU,Mercedes-benz Sprinter 3-T 906.613 mwb highroof prefl Van 2009-2016 EU,Mercedes-benz,Sprinter 3-T,Van,2009-2016,越野车,两厢车,通用标准：Van,,
EU,Mercedes-benz Sprinter 3-T 906.613 mwb highroof prefl Van 2009-2018 EU,Mercedes-benz,Sprinter 3-T,Van,2009-2018,越野车,两厢车,通用标准：Van,,
EU,Mercedes-benz Sprinter 3-T 906.613 mwb lowroof Van 2006-2009 EU,Mercedes-benz,Sprinter 3-T,Van,2006-2009,越野车,两厢车,通用标准：Van,,
EU,Mercedes-benz Sprinter 3-T 906.613 mwb lowroof Van 2006-2016 EU,Mercedes-benz,Sprinter 3-T,Van,2006-2016,越野车,两厢车,通用标准：Van,,
EU,Mercedes-benz Sprinter 3-T 906.613 mwb lowroof facelift Van 2009-2016 EU,Mercedes-benz,Sprinter 3-T,Van,2009-2016,越野车,两厢车,通用标准：Van,,
EU,Mercedes-benz Sprinter 3-T 906.613 mwb lowroof prefl Van 2009-2016 EU,Mercedes-benz,Sprinter 3-T,Van,2009-2016,越野车,两厢车,通用标准：Van,,
EU,Mercedes-benz Sprinter 3-T 906.613 mwb standardroof facelift Van 2008-2018 EU,Mercedes-benz,Sprinter 3-T,Van,2008-2018,越野车,两厢车,通用标准：Van,,
EU,Mercedes-benz Sprinter 3-T 906.613 mwb standardroof facelift Van 2009-2018 EU,Mercedes-benz,Sprinter 3-T,Van,2009-2018,越野车,两厢车,通用标准：Van,,
EU,Mercedes-benz Sprinter 3-T 906.613 mwb standardroof prefl Van 2008-2018 EU,Mercedes-benz,Sprinter 3-T,Van,2008-2018,越野车,两厢车,通用标准：Van,,
EU,Mercedes-benz Sprinter 3-T 906.613 mwb standardroof prefl Van 2009-2018 EU,Mercedes-benz,Sprinter 3-T,Van,2009-2018,越野车,两厢车,通用标准：Van,,
EU,Mercedes-benz Sprinter 3-T 906.613 mwb superhighroof Van 2006-2009 EU,Mercedes-benz,Sprinter 3-T,Van,2006-2009,越野车,两厢车,通用标准：Van,,
EU,Mercedes-benz Sprinter 3-T 906.613 mwb superhighroof Van 2006-2016 EU,Mercedes-benz,Sprinter 3-T,Van,2006-2016,越野车,两厢车,通用标准：Van,,
EU,Mercedes-benz Sprinter 3-T 906.711 906711 facelift highroof Van 2006-2016 EU,Mercedes-benz,Sprinter 3-T,Van,2006-2016,越野车,两厢车,通用标准：Van,,
EU,Mercedes-benz Sprinter 3-T 906.711 906711 facelift stdroof Van 2006-2016 EU,Mercedes-benz,Sprinter 3-T,Van,2006-2016,越野车,两厢车,通用标准：Van,,
EU,Mercedes-benz Sprinter 3-T 906.711 906711 prefl highroof MPV 2006-2016 EU,Mercedes-benz,Sprinter 3-T,MPV,2006-2016,越野车,两厢车,通用标准：MPV,,
EU,Mercedes-benz Sprinter 3-T 906.711 906711 prefl stdroof MPV 2006-2016 EU,Mercedes-benz,Sprinter 3-T,MPV,2006-2016,越野车,两厢车,通用标准：MPV,,
EU,Mercedes-benz Sprinter 3-T 906.711 Bus 2012-2019 EU,Mercedes-benz,Sprinter 3-T,Bus,2012-2019,越野车,两厢车,通用标准：Bus,,
EU,Mercedes-benz Sprinter 3-T 906.711 swb h1 Van 2009-2018 EU,Mercedes-benz,Sprinter 3-T,Van,2009-2018,越野车,两厢车,通用标准：Van,,
EU,Mercedes-benz Sprinter 3-T 906.711 swb h1 Van 2012-2018 EU,Mercedes-benz,Sprinter 3-T,Van,2012-2018,越野车,两厢车,通用标准：Van,,
EU,Mercedes-benz Sprinter 3-T 906.711 swb h2 Van 2009-2018 EU,Mercedes-benz,Sprinter 3-T,Van,2009-2018,越野车,两厢车,通用标准：Van,,
EU,Mercedes-benz Sprinter 3-T 906.711 swb h2 Van 2012-2018 EU,Mercedes-benz,Sprinter 3-T,Van,2012-2018,越野车,两厢车,通用标准：Van,,
EU,Mercedes-benz Sprinter 3-T 906.711 swb highroof Bus 2006-2009 EU,Mercedes-benz,Sprinter 3-T,Bus,2006-2009,越野车,两厢车,通用标准：Bus,,
EU,Mercedes-benz Sprinter 3-T 906.711 swb highroof facelift Bus 2009-2016 EU,Mercedes-benz,Sprinter 3-T,Bus,2009-2016,越野车,两厢车,通用标准：Bus,,
EU,Mercedes-benz Sprinter 3-T 906.711 swb highroof prefl Bus 2009-2016 EU,Mercedes-benz,Sprinter 3-T,Bus,2009-2016,越野车,两厢车,通用标准：Bus,,
EU,Mercedes-benz Sprinter 3-T 906.711 swb lowroof Bus 2006-2009 EU,Mercedes-benz,Sprinter 3-T,Bus,2006-2009,越野车,两厢车,通用标准：Bus,,
EU,Mercedes-benz Sprinter 3-T 906.711 swb lowroof facelift Bus 2009-2016 EU,Mercedes-benz,Sprinter 3-T,Bus,2009-2016,越野车,两厢车,通用标准：Bus,,
EU,Mercedes-benz Sprinter 3-T 906.711 swb lowroof prefl Bus 2009-2016 EU,Mercedes-benz,Sprinter 3-T,Bus,2009-2016,越野车,两厢车,通用标准：Bus,,
EU,Mercedes-benz Sprinter 3-T 906.713 906713 facelift highroof Van 2006-2016 EU,Mercedes-benz,Sprinter 3-T,Van,2006-2016,越野车,两厢车,通用标准：Van,,
EU,Mercedes-benz Sprinter 3-T 906.713 906713 facelift stdroof Van 2006-2016 EU,Mercedes-benz,Sprinter 3-T,Van,2006-2016,越野车,两厢车,通用标准：Van,,
EU,Mercedes-benz Sprinter 3-T 906.713 906713 prefl highroof MPV 2006-2016 EU,Mercedes-benz,Sprinter 3-T,MPV,2006-2016,越野车,两厢车,通用标准：MPV,,
EU,Mercedes-benz Sprinter 3-T 906.713 906713 prefl stdroof MPV 2006-2016 EU,Mercedes-benz,Sprinter 3-T,MPV,2006-2016,越野车,两厢车,通用标准：MPV,,
EU,Mercedes-benz Sprinter 3-T 906.713 Bus 2012-2019 EU,Mercedes-benz,Sprinter 3-T,Bus,2012-2019,越野车,两厢车,通用标准：Bus,,
EU,Mercedes-benz Sprinter 3-T 906.713 mwb h1 Van 2012-2018 EU,Mercedes-benz,Sprinter 3-T,Van,2012-2018,越野车,两厢车,通用标准：Van,,
EU,Mercedes-benz Sprinter 3-T 906.713 mwb h2 Van 2012-2018 EU,Mercedes-benz,Sprinter 3-T,Van,2012-2018,越野车,两厢车,通用标准：Van,,
EU,Mercedes-benz Sprinter 3-T 906.713 mwb highroof Bus 2006-2009 EU,Mercedes-benz,Sprinter 3-T,Bus,2006-2009,越野车,两厢车,通用标准：Bus,,
EU,Mercedes-benz Sprinter 3-T 906.713 mwb highroof Bus 2006-2013 EU,Mercedes-benz,Sprinter 3-T,Bus,2006-2013,越野车,两厢车,通用标准：Bus,,
EU,Mercedes-benz Sprinter 3-T 906.713 mwb highroof facelift Bus 2009-2016 EU,Mercedes-benz,Sprinter 3-T,Bus,2009-2016,越野车,两厢车,通用标准：Bus,,
EU,Mercedes-benz Sprinter 3-T 906.713 mwb highroof facelift Van 2009-2018 EU,Mercedes-benz,Sprinter 3-T,Van,2009-2018,越野车,两厢车,通用标准：Van,,
EU,Mercedes-benz Sprinter 3-T 906.713 mwb highroof prefl Bus 2009-2016 EU,Mercedes-benz,Sprinter 3-T,Bus,2009-2016,越野车,两厢车,通用标准：Bus,,
EU,Mercedes-benz Sprinter 3-T 906.713 mwb highroof prefl Van 2009-2018 EU,Mercedes-benz,Sprinter 3-T,Van,2009-2018,越野车,两厢车,通用标准：Van,,
EU,Mercedes-benz Sprinter 3-T 906.713 mwb lowroof Bus 2006-2009 EU,Mercedes-benz,Sprinter 3-T,Bus,2006-2009,越野车,两厢车,通用标准：Bus,,
EU,Mercedes-benz Sprinter 3-T 906.713 mwb lowroof Bus 2006-2013 EU,Mercedes-benz,Sprinter 3-T,Bus,2006-2013,越野车,两厢车,通用标准：Bus,,
EU,Mercedes-benz Sprinter 3-T 906.713 mwb lowroof facelift Bus 2009-2016 EU,Mercedes-benz,Sprinter 3-T,Bus,2009-2016,越野车,两厢车,通用标准：Bus,,
EU,Mercedes-benz Sprinter 3-T 906.713 mwb lowroof prefl Bus 2009-2016 EU,Mercedes-benz,Sprinter 3-T,Bus,2009-2016,越野车,两厢车,通用标准：Bus,,
EU,Mercedes-benz Sprinter 3-T 906.713 mwb standardroof facelift Van 2009-2018 EU,Mercedes-benz,Sprinter 3-T,Van,2009-2018,越野车,两厢车,通用标准：Van,,
EU,Mercedes-benz Sprinter 3-T 906.713 mwb standardroof prefl Van 2009-2018 EU,Mercedes-benz,Sprinter 3-T,Van,2009-2018,越野车,两厢车,通用标准：Van,,
EU,Mercedes-benz Sprinter 3-T 910.621 swb highroof Van 2021-2025 EU,Mercedes-benz,Sprinter 3-T,Van,2021-2025,越野车,两厢车,通用标准：Van,,
EU,Mercedes-benz Sprinter 3-T 910.621 swb stdroof Van 2021-2025 EU,Mercedes-benz,Sprinter 3-T,Van,2021-2025,越野车,两厢车,通用标准：Van,,
EU,Mercedes-benz Sprinter 3-T 910.623 mwb highroof Van 2021-2025 EU,Mercedes-benz,Sprinter 3-T,Van,2021-2025,越野车,两厢车,通用标准：Van,,
EU,Mercedes-benz Sprinter 3-T 910.623 mwb stdroof Van 2021-2025 EU,Mercedes-benz,Sprinter 3-T,Van,2021-2025,越野车,两厢车,通用标准：Van,,
EU,Mercedes-benz Sprinter 3-T W906.611 l1h1 Van 2016-2018 EU,Mercedes-benz,Sprinter 3-T,Van,2016-2018,越野车,两厢车,通用标准：Van,,
EU,Mercedes-benz Sprinter 3-T W906.611 l1h2 Van 2016-2018 EU,Mercedes-benz,Sprinter 3-T,Van,2016-2018,越野车,两厢车,通用标准：Van,,
EU,Mercedes-benz Sprinter 3-T W906.613 l2h1 Van 2016-2018 EU,Mercedes-benz,Sprinter 3-T,Van,2016-2018,越野车,两厢车,通用标准：Van,,
EU,Mercedes-benz Sprinter 3-T W906.613 l2h2 Van 2016-2018 EU,Mercedes-benz,Sprinter 3-T,Van,2016-2018,越野车,两厢车,通用标准：Van,,
EU,Mercedes-benz Sprinter 3-T W906.711 l1h1 Van 2016-2018 EU,Mercedes-benz,Sprinter 3-T,Van,2016-2018,越野车,两厢车,通用标准：Van,,
EU,Mercedes-benz Sprinter 3-T W906.711 l1h2 Van 2016-2018 EU,Mercedes-benz,Sprinter 3-T,Van,2016-2018,越野车,两厢车,通用标准：Van,,
EU,Mercedes-benz Sprinter 3-T W906.713 l2h1 Van 2016-2018 EU,Mercedes-benz,Sprinter 3-T,Van,2016-2018,越野车,两厢车,通用标准：Van,,
EU,Mercedes-benz Sprinter 3-T W906.713 l2h2 Van 2016-2018 EU,Mercedes-benz,Sprinter 3-T,Van,2016-2018,越野车,两厢车,通用标准：Van,,
EU,Mercedes-benz Sprinter 3-T W910 l1 h1 Van 2018-2021 EU,Mercedes-benz,Sprinter 3-T,Van,2018-2021,越野车,两厢车,通用标准：Van,,
EU,Mercedes-benz Sprinter 3-T W910 l1 h2 Van 2018-2021 EU,Mercedes-benz,Sprinter 3-T,Van,2018-2021,越野车,两厢车,通用标准：Van,,
EU,Mercedes-benz Sprinter 3-T W910 l2 h1 Van 2018-2021 EU,Mercedes-benz,Sprinter 3-T,Van,2018-2021,越野车,两厢车,通用标准：Van,,
EU,Mercedes-benz Sprinter 3-T W910 l2 h2 Van 2018-2021 EU,Mercedes-benz,Sprinter 3-T,Van,2018-2021,越野车,两厢车,通用标准：Van,,
EU,Mercedes-benz Sprinter 3-T tourer 907.721 l1 h1 MPV 2018-2021 EU,Mercedes-benz,Sprinter 3-T tourer,MPV,2018-2021,越野车,两厢车,通用标准：MPV,,
EU,Mercedes-benz Sprinter 3-T tourer 907.721 l2h1 MPV 2018-2021 EU,Mercedes-benz,Sprinter 3-T tourer,MPV,2018-2021,越野车,两厢车,通用标准：MPV,,
EU,Mercedes-benz Sprinter 3-T tourer 907.721 l2h1 MPV 2021-2026 EU,Mercedes-benz,Sprinter 3-T tourer,MPV,2021-2026,越野车,两厢车,通用标准：MPV,,
EU,Mercedes-benz Sprinter 3-T tourer 907.721 l2h2 MPV 2018-2021 EU,Mercedes-benz,Sprinter 3-T tourer,MPV,2018-2021,越野车,两厢车,通用标准：MPV,,
EU,Mercedes-benz Sprinter 3-T tourer 907.721 l2h2 MPV 2021-2026 EU,Mercedes-benz,Sprinter 3-T tourer,MPV,2021-2026,越野车,两厢车,通用标准：MPV,,
EU,Mercedes-benz Sprinter 3-T tourer 907.723 MPV 2021-2026 EU,Mercedes-benz,Sprinter 3-T tourer,MPV,2021-2026,越野车,两厢车,通用标准：MPV,,
EU,Mercedes-benz Sprinter 3-T tourer 907.723 l2 h1 MPV 2018-2021 EU,Mercedes-benz,Sprinter 3-T tourer,MPV,2018-2021,越野车,两厢车,通用标准：MPV,,
EU,Mercedes-benz Sprinter 3-T tourer 907.723 l2 h2 MPV 2018-2021 EU,Mercedes-benz,Sprinter 3-T tourer,MPV,2018-2021,越野车,两厢车,通用标准：MPV,,
EU,Mercedes-benz Sprinter 3-T tourer 907.723 l3h2 MPV 2018-2021 EU,Mercedes-benz,Sprinter 3-T tourer,MPV,2018-2021,越野车,两厢车,通用标准：MPV,,
EU,Mercedes-benz Sprinter 4 906.653 Van 2009-2009 EU,Mercedes-benz,Sprinter 4,Van,2009-2009,越野车,两厢车,通用标准：Van,,
EU,Mercedes-benz Sprinter 4 906.653 Van 2009-2016 EU,Mercedes-benz,Sprinter 4,Van,2009-2016,越野车,两厢车,通用标准：Van,,
EU,Mercedes-benz Sprinter 4 906.653 l2h1 Van 2016-2018 EU,Mercedes-benz,Sprinter 4,Van,2016-2018,越野车,两厢车,通用标准：Van,,
EU,Mercedes-benz Sprinter 4 906.653 mwb h2 Van 2006-2016 EU,Mercedes-benz,Sprinter 4,Van,2006-2016,越野车,两厢车,通用标准：Van,,
EU,Mercedes-benz Sprinter 4 906.653 mwb h2 Van 2009-2018 EU,Mercedes-benz,Sprinter 4,Van,2009-2018,越野车,两厢车,通用标准：Van,,
EU,Mercedes-benz Sprinter 4 906.653 mwb h2 Van 2016-2018 EU,Mercedes-benz,Sprinter 4,Van,2016-2018,越野车,两厢车,通用标准：Van,,
EU,Mercedes-benz Sprinter 4 906.653 mwb highroof facelift Van 2006-2016 EU,Mercedes-benz,Sprinter 4,Van,2006-2016,越野车,两厢车,通用标准：Van,,
EU,Mercedes-benz Sprinter 4 906.653 mwb highroof facelift Van 2009-2018 EU,Mercedes-benz,Sprinter 4,Van,2009-2018,越野车,两厢车,通用标准：Van,,
EU,Mercedes-benz Sprinter 4 906.653 mwb standardroof facelift Van 2006-2016 EU,Mercedes-benz,Sprinter 4,Van,2006-2016,越野车,两厢车,通用标准：Van,,
EU,Mercedes-benz Sprinter 4 906.653 mwb standardroof facelift Van 2009-2018 EU,Mercedes-benz,Sprinter 4,Van,2009-2018,越野车,两厢车,通用标准：Van,,
EU,Mercedes-benz Sprinter 4 906.653 mwb standardroof prefl Van 2006-2016 EU,Mercedes-benz,Sprinter 4,Van,2006-2016,越野车,两厢车,通用标准：Van,,
EU,Mercedes-benz Sprinter 4 906.653 mwb standardroof prefl Van 2009-2018 EU,Mercedes-benz,Sprinter 4,Van,2009-2018,越野车,两厢车,通用标准：Van,,
EU,Mercedes-benz Sprinter 4 906.653 mwb superhighroof facelift Van 2006-2016 EU,Mercedes-benz,Sprinter 4,Van,2006-2016,越野车,两厢车,通用标准：Van,,
EU,Mercedes-benz Sprinter 4 906.653 mwb superhighroof facelift Van 2009-2018 EU,Mercedes-benz,Sprinter 4,Van,2009-2018,越野车,两厢车,通用标准：Van,,
EU,Mercedes-benz Sprinter 4 906.653 mwb superhighroof prefl Van 2006-2016 EU,Mercedes-benz,Sprinter 4,Van,2006-2016,越野车,两厢车,通用标准：Van,,
EU,Mercedes-benz Sprinter 4 906.653 mwb superhighroof prefl Van 2009-2018 EU,Mercedes-benz,Sprinter 4,Van,2009-2018,越野车,两厢车,通用标准：Van,,
EU,Mercedes-benz Sprinter 4 906.655 l3h2 Van 2013-2018 EU,Mercedes-benz,Sprinter 4,Van,2013-2018,越野车,两厢车,通用标准：Van,,
EU,Mercedes-benz Sprinter 4 906.655 l3h2 Van 2016-2018 EU,Mercedes-benz,Sprinter 4,Van,2016-2018,越野车,两厢车,通用标准：Van,,
EU,Mercedes-benz Sprinter 4 906.655 l3h3 Van 2013-2018 EU,Mercedes-benz,Sprinter 4,Van,2013-2018,越野车,两厢车,通用标准：Van,,
EU,Mercedes-benz Sprinter 4 906.655 long highroof Van 2013-2018 EU,Mercedes-benz,Sprinter 4,Van,2013-2018,越野车,两厢车,通用标准：Van,,
EU,Mercedes-benz Sprinter 4 906.655 long superhighroof Van 2013-2018 EU,Mercedes-benz,Sprinter 4,Van,2013-2018,越野车,两厢车,通用标准：Van,,
EU,Mercedes-benz Sprinter 4 906.655 lwb h2 Van 2006-2016 EU,Mercedes-benz,Sprinter 4,Van,2006-2016,越野车,两厢车,通用标准：Van,,
EU,Mercedes-benz Sprinter 4 906.655 lwb h2 Van 2009-2009 EU,Mercedes-benz,Sprinter 4,Van,2009-2009,越野车,两厢车,通用标准：Van,,
EU,Mercedes-benz Sprinter 4 906.655 lwb h2 Van 2009-2016 EU,Mercedes-benz,Sprinter 4,Van,2009-2016,越野车,两厢车,通用标准：Van,,
EU,Mercedes-benz Sprinter 4 906.655 lwb h2 Van 2009-2018 EU,Mercedes-benz,Sprinter 4,Van,2009-2018,越野车,两厢车,通用标准：Van,,
EU,Mercedes-benz Sprinter 4 906.655 lwb h2 Van 2016-2018 EU,Mercedes-benz,Sprinter 4,Van,2016-2018,越野车,两厢车,通用标准：Van,,
EU,Mercedes-benz Sprinter 4 906.655 lwb h3 Van 2006-2016 EU,Mercedes-benz,Sprinter 4,Van,2006-2016,越野车,两厢车,通用标准：Van,,
EU,Mercedes-benz Sprinter 4 906.655 lwb h3 Van 2009-2009 EU,Mercedes-benz,Sprinter 4,Van,2009-2009,越野车,两厢车,通用标准：Van,,
EU,Mercedes-benz Sprinter 4 906.655 lwb h3 Van 2009-2016 EU,Mercedes-benz,Sprinter 4,Van,2009-2016,越野车,两厢车,通用标准：Van,,
EU,Mercedes-benz Sprinter 4 906.655 lwb h3 Van 2009-2018 EU,Mercedes-benz,Sprinter 4,Van,2009-2018,越野车,两厢车,通用标准：Van,,
EU,Mercedes-benz Sprinter 4 906.655 lwb h3 Van 2016-2018 EU,Mercedes-benz,Sprinter 4,Van,2016-2018,越野车,两厢车,通用标准：Van,,
EU,Mercedes-benz Sprinter 4 906.655 lwb highroof facelift Van 2006-2016 EU,Mercedes-benz,Sprinter 4,Van,2006-2016,越野车,两厢车,通用标准：Van,,
EU,Mercedes-benz Sprinter 4 906.655 lwb highroof facelift Van 2009-2018 EU,Mercedes-benz,Sprinter 4,Van,2009-2018,越野车,两厢车,通用标准：Van,,
EU,Mercedes-benz Sprinter 4 906.655 lwb superhighroof facelift Van 2006-2016 EU,Mercedes-benz,Sprinter 4,Van,2006-2016,越野车,两厢车,通用标准：Van,,
EU,Mercedes-benz Sprinter 4 906.655 lwb superhighroof facelift Van 2009-2018 EU,Mercedes-benz,Sprinter 4,Van,2009-2018,越野车,两厢车,通用标准：Van,,
EU,Mercedes-benz Sprinter 4 906.655 lwb superhighroof prefl Van 2006-2016 EU,Mercedes-benz,Sprinter 4,Van,2006-2016,越野车,两厢车,通用标准：Van,,
EU,Mercedes-benz Sprinter 4 906.655 lwb superhighroof prefl Van 2009-2018 EU,Mercedes-benz,Sprinter 4,Van,2009-2018,越野车,两厢车,通用标准：Van,,
EU,Mercedes-benz Sprinter 4 906.657 extralong highroof Van 2013-2018 EU,Mercedes-benz,Sprinter 4,Van,2013-2018,越野车,两厢车,通用标准：Van,,
EU,Mercedes-benz Sprinter 4 906.657 extralong superhighroof Van 2013-2018 EU,Mercedes-benz,Sprinter 4,Van,2013-2018,越野车,两厢车,通用标准：Van,,
EU,Mercedes-benz Sprinter 4 906.657 l4h2 Van 2013-2018 EU,Mercedes-benz,Sprinter 4,Van,2013-2018,越野车,两厢车,通用标准：Van,,
EU,Mercedes-benz Sprinter 4 906.657 l4h2 Van 2016-2018 EU,Mercedes-benz,Sprinter 4,Van,2016-2018,越野车,两厢车,通用标准：Van,,
EU,Mercedes-benz Sprinter 4 906.657 l4h3 Van 2013-2018 EU,Mercedes-benz,Sprinter 4,Van,2013-2018,越野车,两厢车,通用标准：Van,,
EU,Mercedes-benz Sprinter 4 906.657 xlwb h2 Van 2006-2016 EU,Mercedes-benz,Sprinter 4,Van,2006-2016,越野车,两厢车,通用标准：Van,,
EU,Mercedes-benz Sprinter 4 906.657 xlwb h2 Van 2009-2009 EU,Mercedes-benz,Sprinter 4,Van,2009-2009,越野车,两厢车,通用标准：Van,,
EU,Mercedes-benz Sprinter 4 906.657 xlwb h2 Van 2009-2016 EU,Mercedes-benz,Sprinter 4,Van,2009-2016,越野车,两厢车,通用标准：Van,,
EU,Mercedes-benz Sprinter 4 906.657 xlwb h2 Van 2009-2018 EU,Mercedes-benz,Sprinter 4,Van,2009-2018,越野车,两厢车,通用标准：Van,,
EU,Mercedes-benz Sprinter 4 906.657 xlwb h2 Van 2016-2018 EU,Mercedes-benz,Sprinter 4,Van,2016-2018,越野车,两厢车,通用标准：Van,,
EU,Mercedes-benz Sprinter 4 906.657 xlwb h3 Van 2006-2016 EU,Mercedes-benz,Sprinter 4,Van,2006-2016,越野车,两厢车,通用标准：Van,,
EU,Mercedes-benz Sprinter 4 906.657 xlwb h3 Van 2009-2009 EU,Mercedes-benz,Sprinter 4,Van,2009-2009,越野车,两厢车,通用标准：Van,,
EU,Mercedes-benz Sprinter 4 906.657 xlwb h3 Van 2009-2016 EU,Mercedes-benz,Sprinter 4,Van,2009-2016,越野车,两厢车,通用标准：Van,,
EU,Mercedes-benz Sprinter 4 906.657 xlwb h3 Van 2009-2018 EU,Mercedes-benz,Sprinter 4,Van,2009-2018,越野车,两厢车,通用标准：Van,,
EU,Mercedes-benz Sprinter 4 906.657 xlwb h3 Van 2016-2018 EU,Mercedes-benz,Sprinter 4,Van,2016-2018,越野车,两厢车,通用标准：Van,,
EU,Mercedes-benz Sprinter 4 906.657 xlwb highroof facelift Van 2006-2016 EU,Mercedes-benz,Sprinter 4,Van,2006-2016,越野车,两厢车,通用标准：Van,,
EU,Mercedes-benz Sprinter 4 906.657 xlwb highroof facelift Van 2009-2018 EU,Mercedes-benz,Sprinter 4,Van,2009-2018,越野车,两厢车,通用标准：Van,,
EU,Mercedes-benz Sprinter 4 906.657 xlwb superhighroof facelift Van 2006-2016 EU,Mercedes-benz,Sprinter 4,Van,2006-2016,越野车,两厢车,通用标准：Van,,
EU,Mercedes-benz Sprinter 4 906.657 xlwb superhighroof facelift Van 2009-2018 EU,Mercedes-benz,Sprinter 4,Van,2009-2018,越野车,两厢车,通用标准：Van,,
EU,Mercedes-benz Sprinter 4-T 904.462 Van 1997-2006 EU,Mercedes-benz,Sprinter 4-T,Van,1997-2006,越野车,两厢车,通用标准：Van,,
EU,Mercedes-benz Sprinter 4-T 904.462 mwb h1 Van 1996-2006 EU,Mercedes-benz,Sprinter 4-T,Van,1996-2006,越野车,两厢车,通用标准：Van,,
EU,Mercedes-benz Sprinter 4-T 904.462 mwb h2 Van 1996-2006 EU,Mercedes-benz,Sprinter 4-T,Van,1996-2006,越野车,两厢车,通用标准：Van,,
EU,Mercedes-benz Sprinter 4-T 904.463 Van 1996-2006 EU,Mercedes-benz,Sprinter 4-T,Van,1996-2006,越野车,两厢车,通用标准：Van,,
EU,Mercedes-benz Sprinter 4-T 904.463 Van 1997-2006 EU,Mercedes-benz,Sprinter 4-T,Van,1997-2006,越野车,两厢车,通用标准：Van,,
EU,Mercedes-benz Sprinter 4-T 904.662 3550 Van 2000-2006 EU,Mercedes-benz,Sprinter 4-T,Van,2000-2006,越野车,两厢车,通用标准：Van,,
EU,Mercedes-benz Sprinter 4-T 904.662 3550 h1 Van 2000-2006 EU,Mercedes-benz,Sprinter 4-T,Van,2000-2006,越野车,两厢车,通用标准：Van,,
EU,Mercedes-benz Sprinter 4-T 904.662 3550 h2 Van 2000-2006 EU,Mercedes-benz,Sprinter 4-T,Van,2000-2006,越野车,两厢车,通用标准：Van,,
EU,Mercedes-benz Sprinter 4-T 904.662 Van 1997-2006 EU,Mercedes-benz,Sprinter 4-T,Van,1997-2006,越野车,两厢车,通用标准：Van,,
EU,Mercedes-benz Sprinter 4-T 904.662 mwb h1 L5645 W1933 H2345 Van 2000-2006 EU,Mercedes-benz,Sprinter 4-T,Van,2000-2006,越野车,两厢车,通用标准：Van,,
EU,Mercedes-benz Sprinter 4-T 904.662 mwb h1 L5715 W1981 H2362 Van 2000-2006 EU,Mercedes-benz,Sprinter 4-T,Van,2000-2006,越野车,两厢车,通用标准：Van,,
EU,Mercedes-benz Sprinter 4-T 904.662 mwb h1 Van 1996-2006 EU,Mercedes-benz,Sprinter 4-T,Van,1996-2006,越野车,两厢车,通用标准：Van,,
EU,Mercedes-benz Sprinter 4-T 904.662 mwb h2 Van 1996-2006 EU,Mercedes-benz,Sprinter 4-T,Van,1996-2006,越野车,两厢车,通用标准：Van,,
EU,Mercedes-benz Sprinter 4-T 904.662 mwb h2 Van 2000-2006 EU,Mercedes-benz,Sprinter 4-T,Van,2000-2006,越野车,两厢车,通用标准：Van,,
EU,Mercedes-benz Sprinter 4-T 904.663 4025 Van 2000-2006 EU,Mercedes-benz,Sprinter 4-T,Van,2000-2006,越野车,两厢车,通用标准：Van,,
EU,Mercedes-benz Sprinter 4-T 904.663 4025 h1 Van 2000-2006 EU,Mercedes-benz,Sprinter 4-T,Van,2000-2006,越野车,两厢车,通用标准：Van,,
EU,Mercedes-benz Sprinter 4-T 904.663 Van 1996-2006 EU,Mercedes-benz,Sprinter 4-T,Van,1996-2006,越野车,两厢车,通用标准：Van,,
EU,Mercedes-benz Sprinter 4-T 904.663 Van 1997-2006 EU,Mercedes-benz,Sprinter 4-T,Van,1997-2006,越野车,两厢车,通用标准：Van,,
EU,Mercedes-benz Sprinter 4-T 904.663 lwb h2 L6590 W1933 H2570 Van 2000-2006 EU,Mercedes-benz,Sprinter 4-T,Van,2000-2006,越野车,两厢车,通用标准：Van,,
EU,Mercedes-benz Sprinter 4-T 904.663 lwb h2 L6680 W1981 H2642 Van 2000-2006 EU,Mercedes-benz,Sprinter 4-T,Van,2000-2006,越野车,两厢车,通用标准：Van,,
EU,Mercedes-benz Sprinter 4-T 907.641 Van 2021-2026 EU,Mercedes-benz,Sprinter 4-T,Van,2021-2026,越野车,两厢车,通用标准：Van,,
EU,Mercedes-benz Sprinter 4-T 907.643 Van 2023-2026 EU,Mercedes-benz,Sprinter 4-T,Van,2023-2026,越野车,两厢车,通用标准：Van,,
EU,Mercedes-benz Sprinter 4-T 907.643 a2h1 Van 2021-2026 EU,Mercedes-benz,Sprinter 4-T,Van,2021-2026,越野车,两厢车,通用标准：Van,,
EU,Mercedes-benz Sprinter 4-T 907.643 a2h2 Van 2021-2026 EU,Mercedes-benz,Sprinter 4-T,Van,2021-2026,越野车,两厢车,通用标准：Van,,
EU,Mercedes-benz Sprinter 4-T 907.643 l2h2 L5932 W2020 H2667 Van 2021-2026 EU,Mercedes-benz,Sprinter 4-T,Van,2021-2026,越野车,两厢车,通用标准：Van,,
EU,Mercedes-benz Sprinter 4-T 907.643 l2h2 L5932 W2020 H2785 Van 2021-2026 EU,Mercedes-benz,Sprinter 4-T,Van,2021-2026,越野车,两厢车,通用标准：Van,,
EU,Mercedes-benz Sprinter 4-T 907.645 Van 2023-2026 EU,Mercedes-benz,Sprinter 4-T,Van,2023-2026,越野车,两厢车,通用标准：Van,,
EU,Mercedes-benz Sprinter 4-T 907.645 a3h2 Van 2021-2026 EU,Mercedes-benz,Sprinter 4-T,Van,2021-2026,越野车,两厢车,通用标准：Van,,
EU,Mercedes-benz Sprinter 4-T 907.645 a3h3 Van 2021-2026 EU,Mercedes-benz,Sprinter 4-T,Van,2021-2026,越野车,两厢车,通用标准：Van,,
EU,Mercedes-benz Sprinter 4-T 907.645 l3h2 L6967 W2020 H2663 Van 2021-2026 EU,Mercedes-benz,Sprinter 4-T,Van,2021-2026,越野车,两厢车,通用标准：Van,,
EU,Mercedes-benz Sprinter 4-T 907.645 l3h2 L6967 W2020 H2778 Van 2021-2026 EU,Mercedes-benz,Sprinter 4-T,Van,2021-2026,越野车,两厢车,通用标准：Van,,
EU,Mercedes-benz Sprinter 4-T 907.645 l3h3 Van 2021-2026 EU,Mercedes-benz,Sprinter 4-T,Van,2021-2026,越野车,两厢车,通用标准：Van,,
EU,Mercedes-benz Sprinter 4-T 907.647 a4h2 Van 2021-2026 EU,Mercedes-benz,Sprinter 4-T,Van,2021-2026,越野车,两厢车,通用标准：Van,,
EU,Mercedes-benz Sprinter 4-T 907.647 a4h3 Van 2021-2026 EU,Mercedes-benz,Sprinter 4-T,Van,2021-2026,越野车,两厢车,通用标准：Van,,
EU,Mercedes-benz Sprinter 4-T 907.647 l4h2 Van 2021-2026 EU,Mercedes-benz,Sprinter 4-T,Van,2021-2026,越野车,两厢车,通用标准：Van,,
EU,Mercedes-benz Sprinter 4-T 910.641 l1h1 Van 2021-2025 EU,Mercedes-benz,Sprinter 4-T,Van,2021-2025,越野车,两厢车,通用标准：Van,,
EU,Mercedes-benz Sprinter 4-T 910.641 l1h2 Van 2021-2025 EU,Mercedes-benz,Sprinter 4-T,Van,2021-2025,越野车,两厢车,通用标准：Van,,
EU,Mercedes-benz Sprinter 4-T 910.643 l2h1 Van 2021-2025 EU,Mercedes-benz,Sprinter 4-T,Van,2021-2025,越野车,两厢车,通用标准：Van,,
EU,Mercedes-benz Sprinter 4-T 910.643 l2h2 Van 2021-2025 EU,Mercedes-benz,Sprinter 4-T,Van,2021-2025,越野车,两厢车,通用标准：Van,,
EU,Mercedes-benz Sprinter 4-T W904 lwb highroof Van 1995-2006 EU,Mercedes-benz,Sprinter 4-T,Van,1995-2006,越野车,两厢车,通用标准：Van,,
EU,Mercedes-benz Sprinter 4-T W904 mwb lowroof Van 1995-2006 EU,Mercedes-benz,Sprinter 4-T,Van,1995-2006,越野车,两厢车,通用标准：Van,,
EU,Mercedes-benz Sprinter 4-T W907 Van 2020-2026 EU,Mercedes-benz,Sprinter 4-T,Van,2020-2026,越野车,两厢车,通用标准：Van,,
EU,Mercedes-benz Sprinter 4-T W907 l1h1 Van 2018-2021 EU,Mercedes-benz,Sprinter 4-T,Van,2018-2021,越野车,两厢车,通用标准：Van,,
EU,Mercedes-benz Sprinter 4-T W907 l2 h1 Van 2018-2021 EU,Mercedes-benz,Sprinter 4-T,Van,2018-2021,越野车,两厢车,通用标准：Van,,
EU,Mercedes-benz Sprinter 4-T W907 l2 h2 Van 2018-2021 EU,Mercedes-benz,Sprinter 4-T,Van,2018-2021,越野车,两厢车,通用标准：Van,,
EU,Mercedes-benz Sprinter 4-T W907 l2h2 Van 2019-2021 EU,Mercedes-benz,Sprinter 4-T,Van,2019-2021,越野车,两厢车,通用标准：Van,,
EU,Mercedes-benz Sprinter 4-T W907 l3 h2 Van 2018-2021 EU,Mercedes-benz,Sprinter 4-T,Van,2018-2021,越野车,两厢车,通用标准：Van,,
EU,Mercedes-benz Sprinter 4-T W907 l3 h3 Van 2018-2021 EU,Mercedes-benz,Sprinter 4-T,Van,2018-2021,越野车,两厢车,通用标准：Van,,
EU,Mercedes-benz Sprinter 4-T W907 l3h2 Van 2019-2021 EU,Mercedes-benz,Sprinter 4-T,Van,2019-2021,越野车,两厢车,通用标准：Van,,
EU,Mercedes-benz Sprinter 4-T W907 l3h3 Van 2019-2021 EU,Mercedes-benz,Sprinter 4-T,Van,2019-2021,越野车,两厢车,通用标准：Van,,
EU,Mercedes-benz Sprinter 4-T W907 l4 h2 Van 2018-2021 EU,Mercedes-benz,Sprinter 4-T,Van,2018-2021,越野车,两厢车,通用标准：Van,,
EU,Mercedes-benz Sprinter 4-T W907 l4 h3 Van 2018-2021 EU,Mercedes-benz,Sprinter 4-T,Van,2018-2021,越野车,两厢车,通用标准：Van,,
EU,Mercedes-benz Sprinter 4-T W910 l1h1 Van 2018-2021 EU,Mercedes-benz,Sprinter 4-T,Van,2018-2021,越野车,两厢车,通用标准：Van,,
EU,Mercedes-benz Sprinter 4-T W910 l2h1 Van 2018-2021 EU,Mercedes-benz,Sprinter 4-T,Van,2018-2021,越野车,两厢车,通用标准：Van,,
EU,Mercedes-benz Sprinter 4-T tourer 907.741 MPV 2018-2021 EU,Mercedes-benz,Sprinter 4-T tourer,MPV,2018-2021,越野车,两厢车,通用标准：MPV,,
EU,Mercedes-benz Sprinter 4-T tourer 907.741 MPV 2022-2026 EU,Mercedes-benz,Sprinter 4-T tourer,MPV,2022-2026,越野车,两厢车,通用标准：MPV,,
EU,Mercedes-benz Sprinter 4-T tourer 907.741 l1h1 MPV 2019-2021 EU,Mercedes-benz,Sprinter 4-T tourer,MPV,2019-2021,越野车,两厢车,通用标准：MPV,,
EU,Mercedes-benz Sprinter 4-T tourer 907.741 l1h2 MPV 2019-2021 EU,Mercedes-benz,Sprinter 4-T tourer,MPV,2019-2021,越野车,两厢车,通用标准：MPV,,
EU,Mercedes-benz Sprinter 4-T tourer 907.743 MPV 2018-2021 EU,Mercedes-benz,Sprinter 4-T tourer,MPV,2018-2021,越野车,两厢车,通用标准：MPV,,
EU,Mercedes-benz Sprinter 4-T tourer 907.743 l2h1 MPV 2019-2021 EU,Mercedes-benz,Sprinter 4-T tourer,MPV,2019-2021,越野车,两厢车,通用标准：MPV,,
EU,Mercedes-benz Sprinter 4-T tourer 907.743 l2h2 MPV 2019-2021 EU,Mercedes-benz,Sprinter 4-T tourer,MPV,2019-2021,越野车,两厢车,通用标准：MPV,,
EU,Mercedes-benz Sprinter 4-T tourer 907.743/907.843 MPV 2022-2026 EU,Mercedes-benz,Sprinter 4-T tourer,MPV,2022-2026,越野车,两厢车,通用标准：MPV,,
EU,Mercedes-benz Sprinter 4-T tourer 907.745 MPV 2018-2021 EU,Mercedes-benz,Sprinter 4-T tourer,MPV,2018-2021,越野车,两厢车,通用标准：MPV,,
EU,Mercedes-benz Sprinter 4-T tourer 907.745 MPV 2022-2026 EU,Mercedes-benz,Sprinter 4-T tourer,MPV,2022-2026,越野车,两厢车,通用标准：MPV,,
EU,Mercedes-benz Sprinter 4-T tourer 907.745 l3h1 MPV 2019-2021 EU,Mercedes-benz,Sprinter 4-T tourer,MPV,2019-2021,越野车,两厢车,通用标准：MPV,,
EU,Mercedes-benz Sprinter 4-T tourer 907.745 l3h2 MPV 2019-2021 EU,Mercedes-benz,Sprinter 4-T tourer,MPV,2019-2021,越野车,两厢车,通用标准：MPV,,
EU,Mercedes-benz Sprinter 5-T 906.653 mwb h1 Van 2006-2016 EU,Mercedes-benz,Sprinter 5-T,Van,2006-2016,越野车,两厢车,通用标准：Van,,
EU,Mercedes-benz Sprinter 5-T 906.653 mwb h1 Van 2016-2018 EU,Mercedes-benz,Sprinter 5-T,Van,2016-2018,越野车,两厢车,通用标准：Van,,
EU,Mercedes-benz Sprinter 5-T 906.653 mwb h1 facelift Van 2006-2016 EU,Mercedes-benz,Sprinter 5-T,Van,2006-2016,越野车,两厢车,通用标准：Van,,
EU,Mercedes-benz Sprinter 5-T 906.653 mwb h1 facelift Van 2009-2016 EU,Mercedes-benz,Sprinter 5-T,Van,2009-2016,越野车,两厢车,通用标准：Van,,
EU,Mercedes-benz Sprinter 5-T 906.653 mwb h1 facelift Van 2009-2018 EU,Mercedes-benz,Sprinter 5-T,Van,2009-2018,越野车,两厢车,通用标准：Van,,
EU,Mercedes-benz Sprinter 5-T 906.653 mwb h1 facelift Van 2016-2018 EU,Mercedes-benz,Sprinter 5-T,Van,2016-2018,越野车,两厢车,通用标准：Van,,
EU,Mercedes-benz Sprinter 5-T 906.653 mwb h1 prefl Van 2006-2009 EU,Mercedes-benz,Sprinter 5-T,Van,2006-2009,越野车,两厢车,通用标准：Van,,
EU,Mercedes-benz Sprinter 5-T 906.653 mwb h1 prefl Van 2006-2016 EU,Mercedes-benz,Sprinter 5-T,Van,2006-2016,越野车,两厢车,通用标准：Van,,
EU,Mercedes-benz Sprinter 5-T 906.653 mwb h1 prefl Van 2009-2016 EU,Mercedes-benz,Sprinter 5-T,Van,2009-2016,越野车,两厢车,通用标准：Van,,
EU,Mercedes-benz Sprinter 5-T 906.653 mwb h1 prefl Van 2009-2018 EU,Mercedes-benz,Sprinter 5-T,Van,2009-2018,越野车,两厢车,通用标准：Van,,
EU,Mercedes-benz Sprinter 5-T 906.653 mwb h2 Van 2006-2016 EU,Mercedes-benz,Sprinter 5-T,Van,2006-2016,越野车,两厢车,通用标准：Van,,
EU,Mercedes-benz Sprinter 5-T 906.653 mwb h2 Van 2016-2018 EU,Mercedes-benz,Sprinter 5-T,Van,2016-2018,越野车,两厢车,通用标准：Van,,
EU,Mercedes-benz Sprinter 5-T 906.653 mwb h2 facelift Van 2006-2016 EU,Mercedes-benz,Sprinter 5-T,Van,2006-2016,越野车,两厢车,通用标准：Van,,
EU,Mercedes-benz Sprinter 5-T 906.653 mwb h2 facelift Van 2009-2016 EU,Mercedes-benz,Sprinter 5-T,Van,2009-2016,越野车,两厢车,通用标准：Van,,
EU,Mercedes-benz Sprinter 5-T 906.653 mwb h2 facelift Van 2009-2018 EU,Mercedes-benz,Sprinter 5-T,Van,2009-2018,越野车,两厢车,通用标准：Van,,
EU,Mercedes-benz Sprinter 5-T 906.653 mwb h2 facelift Van 2016-2018 EU,Mercedes-benz,Sprinter 5-T,Van,2016-2018,越野车,两厢车,通用标准：Van,,
EU,Mercedes-benz Sprinter 5-T 906.653 mwb h2 prefl Van 2006-2009 EU,Mercedes-benz,Sprinter 5-T,Van,2006-2009,越野车,两厢车,通用标准：Van,,
EU,Mercedes-benz Sprinter 5-T 906.653 mwb h2 prefl Van 2006-2016 EU,Mercedes-benz,Sprinter 5-T,Van,2006-2016,越野车,两厢车,通用标准：Van,,
EU,Mercedes-benz Sprinter 5-T 906.653 mwb h3 Van 2006-2016 EU,Mercedes-benz,Sprinter 5-T,Van,2006-2016,越野车,两厢车,通用标准：Van,,
EU,Mercedes-benz Sprinter 5-T 906.653 mwb h3 Van 2016-2018 EU,Mercedes-benz,Sprinter 5-T,Van,2016-2018,越野车,两厢车,通用标准：Van,,
EU,Mercedes-benz Sprinter 5-T 906.653 mwb h3 facelift Van 2006-2016 EU,Mercedes-benz,Sprinter 5-T,Van,2006-2016,越野车,两厢车,通用标准：Van,,
EU,Mercedes-benz Sprinter 5-T 906.653 mwb h3 facelift Van 2009-2016 EU,Mercedes-benz,Sprinter 5-T,Van,2009-2016,越野车,两厢车,通用标准：Van,,
EU,Mercedes-benz Sprinter 5-T 906.653 mwb h3 facelift Van 2009-2018 EU,Mercedes-benz,Sprinter 5-T,Van,2009-2018,越野车,两厢车,通用标准：Van,,
EU,Mercedes-benz Sprinter 5-T 906.653 mwb h3 facelift Van 2016-2018 EU,Mercedes-benz,Sprinter 5-T,Van,2016-2018,越野车,两厢车,通用标准：Van,,
EU,Mercedes-benz Sprinter 5-T 906.653 mwb h3 prefl Van 2006-2009 EU,Mercedes-benz,Sprinter 5-T,Van,2006-2009,越野车,两厢车,通用标准：Van,,
EU,Mercedes-benz Sprinter 5-T 906.653 mwb h3 prefl Van 2006-2016 EU,Mercedes-benz,Sprinter 5-T,Van,2006-2016,越野车,两厢车,通用标准：Van,,
EU,Mercedes-benz Sprinter 5-T 906.653 mwb highroof Van 2006-2009 EU,Mercedes-benz,Sprinter 5-T,Van,2006-2009,越野车,两厢车,通用标准：Van,,
EU,Mercedes-benz Sprinter 5-T 906.653 mwb highroof facelift Van 2009-2016 EU,Mercedes-benz,Sprinter 5-T,Van,2009-2016,越野车,两厢车,通用标准：Van,,
EU,Mercedes-benz Sprinter 5-T 906.653 mwb highroof facelift Van 2009-2018 EU,Mercedes-benz,Sprinter 5-T,Van,2009-2018,越野车,两厢车,通用标准：Van,,
EU,Mercedes-benz Sprinter 5-T 906.653 mwb highroof prefl Van 2009-2016 EU,Mercedes-benz,Sprinter 5-T,Van,2009-2016,越野车,两厢车,通用标准：Van,,
EU,Mercedes-benz Sprinter 5-T 906.653 mwb highroof prefl Van 2009-2018 EU,Mercedes-benz,Sprinter 5-T,Van,2009-2018,越野车,两厢车,通用标准：Van,,
EU,Mercedes-benz Sprinter 5-T 906.653 mwb lowroof Van 2006-2009 EU,Mercedes-benz,Sprinter 5-T,Van,2006-2009,越野车,两厢车,通用标准：Van,,
EU,Mercedes-benz Sprinter 5-T 906.653 mwb standardroof facelift Van 2009-2016 EU,Mercedes-benz,Sprinter 5-T,Van,2009-2016,越野车,两厢车,通用标准：Van,,
EU,Mercedes-benz Sprinter 5-T 906.653 mwb standardroof facelift Van 2009-2018 EU,Mercedes-benz,Sprinter 5-T,Van,2009-2018,越野车,两厢车,通用标准：Van,,
EU,Mercedes-benz Sprinter 5-T 906.653 mwb standardroof prefl Van 2006-2016 EU,Mercedes-benz,Sprinter 5-T,Van,2006-2016,越野车,两厢车,通用标准：Van,,
EU,Mercedes-benz Sprinter 5-T 906.653 mwb standardroof prefl Van 2009-2016 EU,Mercedes-benz,Sprinter 5-T,Van,2009-2016,越野车,两厢车,通用标准：Van,,
EU,Mercedes-benz Sprinter 5-T 906.653 mwb standardroof prefl Van 2009-2018 EU,Mercedes-benz,Sprinter 5-T,Van,2009-2018,越野车,两厢车,通用标准：Van,,
EU,Mercedes-benz Sprinter 5-T 906.653 mwb superhighroof Van 2006-2009 EU,Mercedes-benz,Sprinter 5-T,Van,2006-2009,越野车,两厢车,通用标准：Van,,
EU,Mercedes-benz Sprinter 5-T 906.653 mwb superhighroof facelift Van 2009-2016 EU,Mercedes-benz,Sprinter 5-T,Van,2009-2016,越野车,两厢车,通用标准：Van,,
EU,Mercedes-benz Sprinter 5-T 906.653 mwb superhighroof facelift Van 2009-2018 EU,Mercedes-benz,Sprinter 5-T,Van,2009-2018,越野车,两厢车,通用标准：Van,,
EU,Mercedes-benz Sprinter 5-T 906.653 mwb superhighroof prefl Van 2009-2016 EU,Mercedes-benz,Sprinter 5-T,Van,2009-2016,越野车,两厢车,通用标准：Van,,
EU,Mercedes-benz Sprinter 5-T 906.653 mwb superhighroof prefl Van 2009-2018 EU,Mercedes-benz,Sprinter 5-T,Van,2009-2018,越野车,两厢车,通用标准：Van,,
EU,Mercedes-benz Sprinter 5-T 906.655 l3h2 Van 2009-2018 EU,Mercedes-benz,Sprinter 5-T,Van,2009-2018,越野车,两厢车,通用标准：Van,,
EU,Mercedes-benz Sprinter 5-T 906.655 l3h3 Van 2009-2018 EU,Mercedes-benz,Sprinter 5-T,Van,2009-2018,越野车,两厢车,通用标准：Van,,
EU,Mercedes-benz Sprinter 5-T 906.655 lwb h2 L6945 W1993 H2795 Van 2006-2016 EU,Mercedes-benz,Sprinter 5-T,Van,2006-2016,越野车,两厢车,通用标准：Van,,
EU,Mercedes-benz Sprinter 5-T 906.655 lwb h2 L6945 W1993 H2795 Van 2016-2018 EU,Mercedes-benz,Sprinter 5-T,Van,2016-2018,越野车,两厢车,通用标准：Van,,
EU,Mercedes-benz Sprinter 5-T 906.655 lwb h2 L6961 W1993 H2815 Van 2006-2016 EU,Mercedes-benz,Sprinter 5-T,Van,2006-2016,越野车,两厢车,通用标准：Van,,
EU,Mercedes-benz Sprinter 5-T 906.655 lwb h2 L6961 W1993 H2815 Van 2016-2018 EU,Mercedes-benz,Sprinter 5-T,Van,2016-2018,越野车,两厢车,通用标准：Van,,
EU,Mercedes-benz Sprinter 5-T 906.655 lwb h2 Van 2009-2018 EU,Mercedes-benz,Sprinter 5-T,Van,2009-2018,越野车,两厢车,通用标准：Van,,
EU,Mercedes-benz Sprinter 5-T 906.655 lwb h2 facelift Van 2006-2016 EU,Mercedes-benz,Sprinter 5-T,Van,2006-2016,越野车,两厢车,通用标准：Van,,
EU,Mercedes-benz Sprinter 5-T 906.655 lwb h2 facelift Van 2009-2016 EU,Mercedes-benz,Sprinter 5-T,Van,2009-2016,越野车,两厢车,通用标准：Van,,
EU,Mercedes-benz Sprinter 5-T 906.655 lwb h2 facelift Van 2009-2018 EU,Mercedes-benz,Sprinter 5-T,Van,2009-2018,越野车,两厢车,通用标准：Van,,
EU,Mercedes-benz Sprinter 5-T 906.655 lwb h2 facelift Van 2016-2018 EU,Mercedes-benz,Sprinter 5-T,Van,2016-2018,越野车,两厢车,通用标准：Van,,
EU,Mercedes-benz Sprinter 5-T 906.655 lwb h2 prefl Van 2006-2009 EU,Mercedes-benz,Sprinter 5-T,Van,2006-2009,越野车,两厢车,通用标准：Van,,
EU,Mercedes-benz Sprinter 5-T 906.655 lwb h2 prefl Van 2006-2016 EU,Mercedes-benz,Sprinter 5-T,Van,2006-2016,越野车,两厢车,通用标准：Van,,
EU,Mercedes-benz Sprinter 5-T 906.655 lwb h2 prefl Van 2009-2016 EU,Mercedes-benz,Sprinter 5-T,Van,2009-2016,越野车,两厢车,通用标准：Van,,
EU,Mercedes-benz Sprinter 5-T 906.655 lwb h2 prefl Van 2009-2018 EU,Mercedes-benz,Sprinter 5-T,Van,2009-2018,越野车,两厢车,通用标准：Van,,
EU,Mercedes-benz Sprinter 5-T 906.655 lwb h3 Van 2006-2016 EU,Mercedes-benz,Sprinter 5-T,Van,2006-2016,越野车,两厢车,通用标准：Van,,
EU,Mercedes-benz Sprinter 5-T 906.655 lwb h3 Van 2016-2018 EU,Mercedes-benz,Sprinter 5-T,Van,2016-2018,越野车,两厢车,通用标准：Van,,
EU,Mercedes-benz Sprinter 5-T 906.655 lwb h3 facelift Van 2006-2016 EU,Mercedes-benz,Sprinter 5-T,Van,2006-2016,越野车,两厢车,通用标准：Van,,
EU,Mercedes-benz Sprinter 5-T 906.655 lwb h3 facelift Van 2009-2016 EU,Mercedes-benz,Sprinter 5-T,Van,2009-2016,越野车,两厢车,通用标准：Van,,
EU,Mercedes-benz Sprinter 5-T 906.655 lwb h3 facelift Van 2009-2018 EU,Mercedes-benz,Sprinter 5-T,Van,2009-2018,越野车,两厢车,通用标准：Van,,
EU,Mercedes-benz Sprinter 5-T 906.655 lwb h3 facelift Van 2016-2018 EU,Mercedes-benz,Sprinter 5-T,Van,2016-2018,越野车,两厢车,通用标准：Van,,
EU,Mercedes-benz Sprinter 5-T 906.655 lwb h3 prefl Van 2006-2009 EU,Mercedes-benz,Sprinter 5-T,Van,2006-2009,越野车,两厢车,通用标准：Van,,
EU,Mercedes-benz Sprinter 5-T 906.655 lwb h3 prefl Van 2006-2016 EU,Mercedes-benz,Sprinter 5-T,Van,2006-2016,越野车,两厢车,通用标准：Van,,
EU,Mercedes-benz Sprinter 5-T 906.655 lwb h3 prefl Van 2009-2016 EU,Mercedes-benz,Sprinter 5-T,Van,2009-2016,越野车,两厢车,通用标准：Van,,
EU,Mercedes-benz Sprinter 5-T 906.655 lwb h3 prefl Van 2009-2018 EU,Mercedes-benz,Sprinter 5-T,Van,2009-2018,越野车,两厢车,通用标准：Van,,
EU,Mercedes-benz Sprinter 5-T 906.655 lwb highroof Van 2006-2009 EU,Mercedes-benz,Sprinter 5-T,Van,2006-2009,越野车,两厢车,通用标准：Van,,
EU,Mercedes-benz Sprinter 5-T 906.655 lwb highroof facelift Van 2009-2016 EU,Mercedes-benz,Sprinter 5-T,Van,2009-2016,越野车,两厢车,通用标准：Van,,
EU,Mercedes-benz Sprinter 5-T 906.655 lwb highroof prefl Van 2006-2016 EU,Mercedes-benz,Sprinter 5-T,Van,2006-2016,越野车,两厢车,通用标准：Van,,
EU,Mercedes-benz Sprinter 5-T 906.655 lwb highroof prefl Van 2009-2016 EU,Mercedes-benz,Sprinter 5-T,Van,2009-2016,越野车,两厢车,通用标准：Van,,
EU,Mercedes-benz Sprinter 5-T 906.655 lwb highroof prefl Van 2009-2018 EU,Mercedes-benz,Sprinter 5-T,Van,2009-2018,越野车,两厢车,通用标准：Van,,
EU,Mercedes-benz Sprinter 5-T 906.655 lwb superhighroof Van 2006-2009 EU,Mercedes-benz,Sprinter 5-T,Van,2006-2009,越野车,两厢车,通用标准：Van,,
EU,Mercedes-benz Sprinter 5-T 906.655 lwb superhighroof facelift Van 2009-2016 EU,Mercedes-benz,Sprinter 5-T,Van,2009-2016,越野车,两厢车,通用标准：Van,,
EU,Mercedes-benz Sprinter 5-T 906.655 lwb superhighroof prefl Van 2006-2016 EU,Mercedes-benz,Sprinter 5-T,Van,2006-2016,越野车,两厢车,通用标准：Van,,
EU,Mercedes-benz Sprinter 5-T 906.655 lwb superhighroof prefl Van 2009-2016 EU,Mercedes-benz,Sprinter 5-T,Van,2009-2016,越野车,两厢车,通用标准：Van,,
EU,Mercedes-benz Sprinter 5-T 906.655 lwb superhighroof prefl Van 2009-2018 EU,Mercedes-benz,Sprinter 5-T,Van,2009-2018,越野车,两厢车,通用标准：Van,,
EU,Mercedes-benz Sprinter 5-T 906.657 elwb Van 2009-2018 EU,Mercedes-benz,Sprinter 5-T,Van,2009-2018,越野车,两厢车,通用标准：Van,,
EU,Mercedes-benz Sprinter 5-T 906.657 elwb h2 Van 2006-2016 EU,Mercedes-benz,Sprinter 5-T,Van,2006-2016,越野车,两厢车,通用标准：Van,,
EU,Mercedes-benz Sprinter 5-T 906.657 elwb h2 Van 2016-2018 EU,Mercedes-benz,Sprinter 5-T,Van,2016-2018,越野车,两厢车,通用标准：Van,,
EU,Mercedes-benz Sprinter 5-T 906.657 elwb h2 facelift Van 2006-2016 EU,Mercedes-benz,Sprinter 5-T,Van,2006-2016,越野车,两厢车,通用标准：Van,,
EU,Mercedes-benz Sprinter 5-T 906.657 elwb h2 facelift Van 2009-2016 EU,Mercedes-benz,Sprinter 5-T,Van,2009-2016,越野车,两厢车,通用标准：Van,,
EU,Mercedes-benz Sprinter 5-T 906.657 elwb h2 facelift Van 2009-2018 EU,Mercedes-benz,Sprinter 5-T,Van,2009-2018,越野车,两厢车,通用标准：Van,,
EU,Mercedes-benz Sprinter 5-T 906.657 elwb h2 facelift Van 2016-2018 EU,Mercedes-benz,Sprinter 5-T,Van,2016-2018,越野车,两厢车,通用标准：Van,,
EU,Mercedes-benz Sprinter 5-T 906.657 elwb h2 prefl Van 2006-2009 EU,Mercedes-benz,Sprinter 5-T,Van,2006-2009,越野车,两厢车,通用标准：Van,,
EU,Mercedes-benz Sprinter 5-T 906.657 elwb h2 prefl Van 2006-2016 EU,Mercedes-benz,Sprinter 5-T,Van,2006-2016,越野车,两厢车,通用标准：Van,,
EU,Mercedes-benz Sprinter 5-T 906.657 elwb h2 prefl Van 2009-2016 EU,Mercedes-benz,Sprinter 5-T,Van,2009-2016,越野车,两厢车,通用标准：Van,,
EU,Mercedes-benz Sprinter 5-T 906.657 elwb h2 prefl Van 2009-2018 EU,Mercedes-benz,Sprinter 5-T,Van,2009-2018,越野车,两厢车,通用标准：Van,,
EU,Mercedes-benz Sprinter 5-T 906.657 elwb h3 Van 2006-2016 EU,Mercedes-benz,Sprinter 5-T,Van,2006-2016,越野车,两厢车,通用标准：Van,,
EU,Mercedes-benz Sprinter 5-T 906.657 elwb h3 Van 2016-2018 EU,Mercedes-benz,Sprinter 5-T,Van,2016-2018,越野车,两厢车,通用标准：Van,,
EU,Mercedes-benz Sprinter 5-T 906.657 elwb h3 facelift Van 2006-2016 EU,Mercedes-benz,Sprinter 5-T,Van,2006-2016,越野车,两厢车,通用标准：Van,,
EU,Mercedes-benz Sprinter 5-T 906.657 elwb h3 facelift Van 2009-2016 EU,Mercedes-benz,Sprinter 5-T,Van,2009-2016,越野车,两厢车,通用标准：Van,,
EU,Mercedes-benz Sprinter 5-T 906.657 elwb h3 facelift Van 2009-2018 EU,Mercedes-benz,Sprinter 5-T,Van,2009-2018,越野车,两厢车,通用标准：Van,,
EU,Mercedes-benz Sprinter 5-T 906.657 elwb h3 facelift Van 2016-2018 EU,Mercedes-benz,Sprinter 5-T,Van,2016-2018,越野车,两厢车,通用标准：Van,,
EU,Mercedes-benz Sprinter 5-T 906.657 elwb h3 prefl Van 2006-2009 EU,Mercedes-benz,Sprinter 5-T,Van,2006-2009,越野车,两厢车,通用标准：Van,,
EU,Mercedes-benz Sprinter 5-T 906.657 elwb h3 prefl Van 2006-2016 EU,Mercedes-benz,Sprinter 5-T,Van,2006-2016,越野车,两厢车,通用标准：Van,,
EU,Mercedes-benz Sprinter 5-T 906.657 exl highroof Van 2006-2009 EU,Mercedes-benz,Sprinter 5-T,Van,2006-2009,越野车,两厢车,通用标准：Van,,
EU,Mercedes-benz Sprinter 5-T 906.657 exl superhighroof Van 2006-2009 EU,Mercedes-benz,Sprinter 5-T,Van,2006-2009,越野车,两厢车,通用标准：Van,,
EU,Mercedes-benz Sprinter 5-T 906.657 xlwb highroof facelift Van 2009-2016 EU,Mercedes-benz,Sprinter 5-T,Van,2009-2016,越野车,两厢车,通用标准：Van,,
EU,Mercedes-benz Sprinter 5-T 906.657 xlwb highroof prefl Van 2006-2016 EU,Mercedes-benz,Sprinter 5-T,Van,2006-2016,越野车,两厢车,通用标准：Van,,
EU,Mercedes-benz Sprinter 5-T 906.657 xlwb highroof prefl Van 2009-2016 EU,Mercedes-benz,Sprinter 5-T,Van,2009-2016,越野车,两厢车,通用标准：Van,,
EU,Mercedes-benz Sprinter 5-T 906.657 xlwb highroof prefl Van 2009-2018 EU,Mercedes-benz,Sprinter 5-T,Van,2009-2018,越野车,两厢车,通用标准：Van,,
EU,Mercedes-benz Sprinter 5-T 906.657 xlwb superhighroof facelift Van 2009-2016 EU,Mercedes-benz,Sprinter 5-T,Van,2009-2016,越野车,两厢车,通用标准：Van,,
EU,Mercedes-benz Sprinter 5-T 906.657 xlwb superhighroof facelift Van 2009-2018 EU,Mercedes-benz,Sprinter 5-T,Van,2009-2018,越野车,两厢车,通用标准：Van,,
EU,Mercedes-benz Sprinter 5-T 906.657 xlwb superhighroof prefl Van 2009-2016 EU,Mercedes-benz,Sprinter 5-T,Van,2009-2016,越野车,两厢车,通用标准：Van,,
EU,Mercedes-benz Sprinter 5-T 906.657 xlwb superhighroof prefl Van 2009-2018 EU,Mercedes-benz,Sprinter 5-T,Van,2009-2018,越野车,两厢车,通用标准：Van,,
EU,Mercedes-benz Sprinter 5-T 907.653 Van 2019-2021 EU,Mercedes-benz,Sprinter 5-T,Van,2019-2021,越野车,两厢车,通用标准：Van,,
EU,Mercedes-benz Sprinter 5-T 907.653 Van 2020-2026 EU,Mercedes-benz,Sprinter 5-T,Van,2020-2026,越野车,两厢车,通用标准：Van,,
EU,Mercedes-benz Sprinter 5-T 907.653 l2h2 L5932 W2020 H2710 Van 2021-2026 EU,Mercedes-benz,Sprinter 5-T,Van,2021-2026,越野车,两厢车,通用标准：Van,,
EU,Mercedes-benz Sprinter 5-T 907.653 l2h2 L5932 W2020 H2785 Van 2021-2026 EU,Mercedes-benz,Sprinter 5-T,Van,2021-2026,越野车,两厢车,通用标准：Van,,
EU,Mercedes-benz Sprinter 5-T 907.655 Van 2019-2021 EU,Mercedes-benz,Sprinter 5-T,Van,2019-2021,越野车,两厢车,通用标准：Van,,
EU,Mercedes-benz Sprinter 5-T 907.655 Van 2020-2026 EU,Mercedes-benz,Sprinter 5-T,Van,2020-2026,越野车,两厢车,通用标准：Van,,
EU,Mercedes-benz Sprinter 5-T 907.655 l3h2 L6967 W2020 H2706 Van 2021-2026 EU,Mercedes-benz,Sprinter 5-T,Van,2021-2026,越野车,两厢车,通用标准：Van,,
EU,Mercedes-benz Sprinter 5-T 907.655 l3h2 L6967 W2020 H2778 Van 2021-2026 EU,Mercedes-benz,Sprinter 5-T,Van,2021-2026,越野车,两厢车,通用标准：Van,,
EU,Mercedes-benz Sprinter 5-T 907.655 l3h3 Van 2021-2026 EU,Mercedes-benz,Sprinter 5-T,Van,2021-2026,越野车,两厢车,通用标准：Van,,
EU,Mercedes-benz Sprinter 5-T 907.657 Van 2019-2021 EU,Mercedes-benz,Sprinter 5-T,Van,2019-2021,越野车,两厢车,通用标准：Van,,
EU,Mercedes-benz Sprinter 5-T 907.657 Van 2020-2026 EU,Mercedes-benz,Sprinter 5-T,Van,2020-2026,越野车,两厢车,通用标准：Van,,
EU,Mercedes-benz Sprinter 5-T 907.657 l4h2 L7367 W2020 H2703 Van 2021-2026 EU,Mercedes-benz,Sprinter 5-T,Van,2021-2026,越野车,两厢车,通用标准：Van,,
EU,Mercedes-benz Sprinter 5-T 907.657 l4h2 L7367 W2020 H2825 Van 2021-2026 EU,Mercedes-benz,Sprinter 5-T,Van,2021-2026,越野车,两厢车,通用标准：Van,,
EU,Mercedes-benz Sprinter 5-T W907 l2 h1 Van 2018-2021 EU,Mercedes-benz,Sprinter 5-T,Van,2018-2021,越野车,两厢车,通用标准：Van,,
EU,Mercedes-benz Sprinter 5-T W907 l2 h2 Van 2018-2021 EU,Mercedes-benz,Sprinter 5-T,Van,2018-2021,越野车,两厢车,通用标准：Van,,
EU,Mercedes-benz Sprinter 5-T W907 l3 h2 Van 2018-2021 EU,Mercedes-benz,Sprinter 5-T,Van,2018-2021,越野车,两厢车,通用标准：Van,,
EU,Mercedes-benz Sprinter 5-T W907 l3 h3 Van 2018-2021 EU,Mercedes-benz,Sprinter 5-T,Van,2018-2021,越野车,两厢车,通用标准：Van,,
EU,Mercedes-benz Sprinter 5-T W907 l4 h2 Van 2018-2021 EU,Mercedes-benz,Sprinter 5-T,Van,2018-2021,越野车,两厢车,通用标准：Van,,
EU,Mercedes-benz Sprinter 5-T W907 l4 h3 Van 2018-2021 EU,Mercedes-benz,Sprinter 5-T,Van,2018-2021,越野车,两厢车,通用标准：Van,,
EU,Mercedes-benz Sprinter classic 3 909.632 Van 2013-2026 EU,Mercedes-benz,Sprinter classic 3,Van,2013-2026,越野车,两厢车,通用标准：Van,,
EU,Mercedes-benz Sprinter classic 3 909.632 Van 2017-2026 EU,Mercedes-benz,Sprinter classic 3,Van,2017-2026,越野车,两厢车,通用标准：Van,,
EU,Mercedes-benz Sprinter classic 3 909.633 Van 2013-2026 EU,Mercedes-benz,Sprinter classic 3,Van,2013-2026,越野车,两厢车,通用标准：Van,,
EU,Mercedes-benz Sprinter classic 3 909.633 Van 2017-2026 EU,Mercedes-benz,Sprinter classic 3,Van,2017-2026,越野车,两厢车,通用标准：Van,,
EU,Mercedes-benz Sprinter classic 3 W909 l1 Van 2017-2026 EU,Mercedes-benz,Sprinter classic 3,Van,2017-2026,越野车,两厢车,通用标准：Van,,
EU,Mercedes-benz Sprinter classic 3 W909 l2 Van 2017-2026 EU,Mercedes-benz,Sprinter classic 3,Van,2017-2026,越野车,两厢车,通用标准：Van,,
EU,Mercedes-benz Sprinter classic 4 909.643 Van 2017-2026 EU,Mercedes-benz,Sprinter classic 4,Van,2017-2026,越野车,两厢车,通用标准：Van,,
EU,Mercedes-benz T-Klasse T420 MPV 2022-2026 EU,Mercedes-benz,T-Klasse,MPV,2022-2026,越野车,两厢车,通用标准：MPV,,
EU,Mercedes-benz T1 601 l1h1 Van 1982-1990 EU,Mercedes-benz,T1,Van,1982-1990,越野车,两厢车,通用标准：Van,,
EU,Mercedes-benz T1 601 l1h1 Van 1982-1996 EU,Mercedes-benz,T1,Van,1982-1996,越野车,两厢车,通用标准：Van,,
EU,Mercedes-benz T1 601 l1h2 Van 1982-1990 EU,Mercedes-benz,T1,Van,1982-1990,越野车,两厢车,通用标准：Van,,
EU,Mercedes-benz T1 601 l1h2 Van 1982-1996 EU,Mercedes-benz,T1,Van,1982-1996,越野车,两厢车,通用标准：Van,,
EU,Mercedes-benz T1 601 l2h1 Van 1982-1990 EU,Mercedes-benz,T1,Van,1982-1990,越野车,两厢车,通用标准：Van,,
EU,Mercedes-benz T1 601 l2h1 Van 1982-1996 EU,Mercedes-benz,T1,Van,1982-1996,越野车,两厢车,通用标准：Van,,
EU,Mercedes-benz T1 601 l2h2 Van 1982-1990 EU,Mercedes-benz,T1,Van,1982-1990,越野车,两厢车,通用标准：Van,,
EU,Mercedes-benz T1 601 l2h2 Van 1982-1996 EU,Mercedes-benz,T1,Van,1982-1996,越野车,两厢车,通用标准：Van,,
EU,Mercedes-benz T1 601 l3h1 Van 1982-1990 EU,Mercedes-benz,T1,Van,1982-1990,越野车,两厢车,通用标准：Van,,
EU,Mercedes-benz T1 601 l3h1 Van 1982-1996 EU,Mercedes-benz,T1,Van,1982-1996,越野车,两厢车,通用标准：Van,,
EU,Mercedes-benz T1 601 l3h2 Van 1982-1990 EU,Mercedes-benz,T1,Van,1982-1990,越野车,两厢车,通用标准：Van,,
EU,Mercedes-benz T1 601 l3h2 Van 1982-1996 EU,Mercedes-benz,T1,Van,1982-1996,越野车,两厢车,通用标准：Van,,
EU,Mercedes-benz T1 601.016 wb3050 h1 Van 1977-1982 EU,Mercedes-benz,T1,Van,1977-1982,越野车,两厢车,通用标准：Van,,
EU,Mercedes-benz T1 601.016 wb3050 h2 Van 1977-1982 EU,Mercedes-benz,T1,Van,1977-1982,越野车,两厢车,通用标准：Van,,
EU,Mercedes-benz T1 601.017 wb3350 h1 Van 1977-1982 EU,Mercedes-benz,T1,Van,1977-1982,越野车,两厢车,通用标准：Van,,
EU,Mercedes-benz T1 601.017 wb3350 h2 Van 1977-1982 EU,Mercedes-benz,T1,Van,1977-1982,越野车,两厢车,通用标准：Van,,
EU,Mercedes-benz T1 601.361 Van 1982-1990 EU,Mercedes-benz,T1,Van,1982-1990,越野车,两厢车,通用标准：Van,,
EU,Mercedes-benz T1 601.362 Van 1982-1990 EU,Mercedes-benz,T1,Van,1982-1990,越野车,两厢车,通用标准：Van,,
EU,Mercedes-benz T1 601.366 Van 1982-1990 EU,Mercedes-benz,T1,Van,1982-1990,越野车,两厢车,通用标准：Van,,
EU,Mercedes-benz T1 601.367 Van 1982-1990 EU,Mercedes-benz,T1,Van,1982-1990,越野车,两厢车,通用标准：Van,,
EU,Mercedes-benz T1 601.377 Van 1982-1990 EU,Mercedes-benz,T1,Van,1982-1990,越野车,两厢车,通用标准：Van,,
EU,Mercedes-benz T1 602 l1h1 Van 1989-1996 EU,Mercedes-benz,T1,Van,1989-1996,越野车,两厢车,通用标准：Van,,
EU,Mercedes-benz T1 602 l1h2 Van 1989-1996 EU,Mercedes-benz,T1,Van,1989-1996,越野车,两厢车,通用标准：Van,,
EU,Mercedes-benz T1 602 l2h1 Van 1989-1996 EU,Mercedes-benz,T1,Van,1989-1996,越野车,两厢车,通用标准：Van,,
EU,Mercedes-benz T1 602 l2h2 Van 1989-1996 EU,Mercedes-benz,T1,Van,1989-1996,越野车,两厢车,通用标准：Van,,
EU,Mercedes-benz T1 602 l3h1 Van 1989-1996 EU,Mercedes-benz,T1,Van,1989-1996,越野车,两厢车,通用标准：Van,,
EU,Mercedes-benz T1 602 l3h2 Van 1989-1996 EU,Mercedes-benz,T1,Van,1989-1996,越野车,两厢车,通用标准：Van,,
EU,Mercedes-benz T1 602.061 Van 1989-1995 EU,Mercedes-benz,T1,Van,1989-1995,越野车,两厢车,通用标准：Van,,
EU,Mercedes-benz T1 602.061 Van 1989-1996 EU,Mercedes-benz,T1,Van,1989-1996,越野车,两厢车,通用标准：Van,,
EU,Mercedes-benz T1 602.062 Van 1989-1995 EU,Mercedes-benz,T1,Van,1989-1995,越野车,两厢车,通用标准：Van,,
EU,Mercedes-benz T1 602.062 Van 1989-1996 EU,Mercedes-benz,T1,Van,1989-1996,越野车,两厢车,通用标准：Van,,
EU,Mercedes-benz T1 602.361 Van 1982-1990 EU,Mercedes-benz,T1,Van,1982-1990,越野车,两厢车,通用标准：Van,,
EU,Mercedes-benz T1 602.361 Van 1989-1996 EU,Mercedes-benz,T1,Van,1989-1996,越野车,两厢车,通用标准：Van,,
EU,Mercedes-benz T1 602.362 Van 1982-1990 EU,Mercedes-benz,T1,Van,1982-1990,越野车,两厢车,通用标准：Van,,
EU,Mercedes-benz T1 602.362 Van 1989-1996 EU,Mercedes-benz,T1,Van,1989-1996,越野车,两厢车,通用标准：Van,,
EU,Mercedes-benz T1 602.363 Van 1982-1990 EU,Mercedes-benz,T1,Van,1982-1990,越野车,两厢车,通用标准：Van,,
EU,Mercedes-benz T1 602.363 Van 1989-1996 EU,Mercedes-benz,T1,Van,1989-1996,越野车,两厢车,通用标准：Van,,
EU,Mercedes-benz T1 602.366 Van 1982-1990 EU,Mercedes-benz,T1,Van,1982-1990,越野车,两厢车,通用标准：Van,,
EU,Mercedes-benz T1 602.367 Van 1982-1990 EU,Mercedes-benz,T1,Van,1982-1990,越野车,两厢车,通用标准：Van,,
EU,Mercedes-benz T1 602.371 Van 1990-1996 EU,Mercedes-benz,T1,Van,1990-1996,越野车,两厢车,通用标准：Van,,
EU,Mercedes-benz T1 602.373 Van 1990-1996 EU,Mercedes-benz,T1,Van,1990-1996,越野车,两厢车,通用标准：Van,,
EU,Mercedes-benz T1 602.461 Van 1982-1990 EU,Mercedes-benz,T1,Van,1982-1990,越野车,两厢车,通用标准：Van,,
EU,Mercedes-benz T1 602.462 Van 1982-1990 EU,Mercedes-benz,T1,Van,1982-1990,越野车,两厢车,通用标准：Van,,
EU,Mercedes-benz T1 602.463 Van 1982-1990 EU,Mercedes-benz,T1,Van,1982-1990,越野车,两厢车,通用标准：Van,,
EU,Mercedes-benz T1 602.476 Van 1982-1990 EU,Mercedes-benz,T1,Van,1982-1990,越野车,两厢车,通用标准：Van,,
EU,Mercedes-benz T1 602.477 Van 1982-1990 EU,Mercedes-benz,T1,Van,1982-1990,越野车,两厢车,通用标准：Van,,
EU,Mercedes-benz T1 611.367 Van 1981-1982 EU,Mercedes-benz,T1,Van,1981-1982,越野车,两厢车,通用标准：Van,,
EU,Mercedes-benz T1 611.368 Van 1981-1982 EU,Mercedes-benz,T1,Van,1981-1982,越野车,两厢车,通用标准：Van,,
EU,Mercedes-benz T1 T1-601 l1h1 Van 1977-1982 EU,Mercedes-benz,T1,Van,1977-1982,越野车,两厢车,通用标准：Van,,
EU,Mercedes-benz T1 T1-601 l1h1 Van 1982-1990 EU,Mercedes-benz,T1,Van,1982-1990,越野车,两厢车,通用标准：Van,,
EU,Mercedes-benz T1 T1-601 l1h1 Van 1988-1996 EU,Mercedes-benz,T1,Van,1988-1996,越野车,两厢车,通用标准：Van,,
EU,Mercedes-benz T1 T1-601 l1h1 Van 1989-1996 EU,Mercedes-benz,T1,Van,1989-1996,越野车,两厢车,通用标准：Van,,
EU,Mercedes-benz T1 T1-601 l1h2 Van 1977-1982 EU,Mercedes-benz,T1,Van,1977-1982,越野车,两厢车,通用标准：Van,,
EU,Mercedes-benz T1 T1-601 l1h2 Van 1982-1990 EU,Mercedes-benz,T1,Van,1982-1990,越野车,两厢车,通用标准：Van,,
EU,Mercedes-benz T1 T1-601 l1h2 Van 1988-1996 EU,Mercedes-benz,T1,Van,1988-1996,越野车,两厢车,通用标准：Van,,
EU,Mercedes-benz T1 T1-601 l1h2 Van 1989-1996 EU,Mercedes-benz,T1,Van,1989-1996,越野车,两厢车,通用标准：Van,,
EU,Mercedes-benz T1 T1-601 l2h1 Van 1977-1982 EU,Mercedes-benz,T1,Van,1977-1982,越野车,两厢车,通用标准：Van,,
EU,Mercedes-benz T1 T1-601 l2h1 Van 1982-1990 EU,Mercedes-benz,T1,Van,1982-1990,越野车,两厢车,通用标准：Van,,
EU,Mercedes-benz T1 T1-601 l2h1 Van 1988-1996 EU,Mercedes-benz,T1,Van,1988-1996,越野车,两厢车,通用标准：Van,,
EU,Mercedes-benz T1 T1-601 l2h1 Van 1989-1996 EU,Mercedes-benz,T1,Van,1989-1996,越野车,两厢车,通用标准：Van,,
EU,Mercedes-benz T1 T1-601 l2h2 Van 1977-1982 EU,Mercedes-benz,T1,Van,1977-1982,越野车,两厢车,通用标准：Van,,
EU,Mercedes-benz T1 T1-601 l2h2 Van 1982-1990 EU,Mercedes-benz,T1,Van,1982-1990,越野车,两厢车,通用标准：Van,,
EU,Mercedes-benz T1 T1-601 l2h2 Van 1988-1996 EU,Mercedes-benz,T1,Van,1988-1996,越野车,两厢车,通用标准：Van,,
EU,Mercedes-benz T1 T1-601 l2h2 Van 1989-1996 EU,Mercedes-benz,T1,Van,1989-1996,越野车,两厢车,通用标准：Van,,
EU,Mercedes-benz T1 T1-601 l3h1 Van 1977-1982 EU,Mercedes-benz,T1,Van,1977-1982,越野车,两厢车,通用标准：Van,,
EU,Mercedes-benz T1 T1-601 l3h1 Van 1982-1990 EU,Mercedes-benz,T1,Van,1982-1990,越野车,两厢车,通用标准：Van,,
EU,Mercedes-benz T1 T1-601 l3h1 Van 1988-1996 EU,Mercedes-benz,T1,Van,1988-1996,越野车,两厢车,通用标准：Van,,
EU,Mercedes-benz T1 T1-601 l3h1 Van 1989-1996 EU,Mercedes-benz,T1,Van,1989-1996,越野车,两厢车,通用标准：Van,,
EU,Mercedes-benz T1 T1-601 l3h2 Van 1977-1982 EU,Mercedes-benz,T1,Van,1977-1982,越野车,两厢车,通用标准：Van,,
EU,Mercedes-benz T1 T1-601 l3h2 Van 1982-1990 EU,Mercedes-benz,T1,Van,1982-1990,越野车,两厢车,通用标准：Van,,
EU,Mercedes-benz T1 T1-601 l3h2 Van 1988-1996 EU,Mercedes-benz,T1,Van,1988-1996,越野车,两厢车,通用标准：Van,,
EU,Mercedes-benz T1 T1-601 l3h2 Van 1989-1996 EU,Mercedes-benz,T1,Van,1989-1996,越野车,两厢车,通用标准：Van,,
EU,Mercedes-benz T1 T1-602 l2h1 Van 1988-1996 EU,Mercedes-benz,T1,Van,1988-1996,越野车,两厢车,通用标准：Van,,
EU,Mercedes-benz T1 T1-602 l2h1 Van 1989-1996 EU,Mercedes-benz,T1,Van,1989-1996,越野车,两厢车,通用标准：Van,,
EU,Mercedes-benz T1 T1-602 l2h1 Van 1990-1996 EU,Mercedes-benz,T1,Van,1990-1996,越野车,两厢车,通用标准：Van,,
EU,Mercedes-benz T1 T1-602 l2h2 Van 1988-1996 EU,Mercedes-benz,T1,Van,1988-1996,越野车,两厢车,通用标准：Van,,
EU,Mercedes-benz T1 T1-602 l2h2 Van 1989-1996 EU,Mercedes-benz,T1,Van,1989-1996,越野车,两厢车,通用标准：Van,,
EU,Mercedes-benz T1 T1-602 l2h2 Van 1990-1996 EU,Mercedes-benz,T1,Van,1990-1996,越野车,两厢车,通用标准：Van,,
EU,Mercedes-benz T1 T1-602 l3h1 Van 1988-1996 EU,Mercedes-benz,T1,Van,1988-1996,越野车,两厢车,通用标准：Van,,
EU,Mercedes-benz T1 T1-602 l3h1 Van 1989-1996 EU,Mercedes-benz,T1,Van,1989-1996,越野车,两厢车,通用标准：Van,,
EU,Mercedes-benz T1 T1-602 l3h1 Van 1990-1996 EU,Mercedes-benz,T1,Van,1990-1996,越野车,两厢车,通用标准：Van,,
EU,Mercedes-benz T1 T1-602 l3h2 Van 1988-1996 EU,Mercedes-benz,T1,Van,1988-1996,越野车,两厢车,通用标准：Van,,
EU,Mercedes-benz T1 T1-602 l3h2 Van 1989-1996 EU,Mercedes-benz,T1,Van,1989-1996,越野车,两厢车,通用标准：Van,,
EU,Mercedes-benz T1 T1-602 l3h2 Van 1990-1996 EU,Mercedes-benz,T1,Van,1990-1996,越野车,两厢车,通用标准：Van,,
EU,Mercedes-benz T1 Van 1982-1990 EU,Mercedes-benz,T1,Van,1982-1990,越野车,两厢车,通用标准：Van,,
EU,Mercedes-benz T1/tn 611.067 Van 1982-1995 EU,Mercedes-benz,T1/tn,Van,1982-1995,越野车,两厢车,通用标准：Van,,
EU,Mercedes-benz T1/tn 611.068 Van 1982-1995 EU,Mercedes-benz,T1/tn,Van,1982-1995,越野车,两厢车,通用标准：Van,,
EU,Mercedes-benz T1/tn 611.367 Van 1981-1989 EU,Mercedes-benz,T1/tn,Van,1981-1989,越野车,两厢车,通用标准：Van,,
EU,Mercedes-benz T1/tn 611.367 Van 1988-1995 EU,Mercedes-benz,T1/tn,Van,1988-1995,越野车,两厢车,通用标准：Van,,
EU,Mercedes-benz T1/tn 611.368 Van 1981-1989 EU,Mercedes-benz,T1/tn,Van,1981-1989,越野车,两厢车,通用标准：Van,,
EU,Mercedes-benz T1/tn 611.368 Van 1988-1995 EU,Mercedes-benz,T1/tn,Van,1988-1995,越野车,两厢车,通用标准：Van,,
EU,Mercedes-benz T1/tn 611.467 Van 1982-1989 EU,Mercedes-benz,T1/tn,Van,1982-1989,越野车,两厢车,通用标准：Van,,
EU,Mercedes-benz T1/tn 611.467 Van 1988-1995 EU,Mercedes-benz,T1/tn,Van,1988-1995,越野车,两厢车,通用标准：Van,,
EU,Mercedes-benz T1/tn 611.468 Van 1982-1989 EU,Mercedes-benz,T1/tn,Van,1982-1989,越野车,两厢车,通用标准：Van,,
EU,Mercedes-benz T1/tn 611.468 Van 1988-1995 EU,Mercedes-benz,T1/tn,Van,1988-1995,越野车,两厢车,通用标准：Van,,
EU,Mercedes-benz T2/l Pritsche/Fahrgestell 1968-1974 EU,Mercedes-benz,T2/l,Pritsche/Fahrgestell,1968-1974,,皮卡,通用标准：Pritsche/Fahrgestell,,
EU,Mercedes-benz T2/l Pritsche/Fahrgestell 1970-1988 EU,Mercedes-benz,T2/l,Pritsche/Fahrgestell,1970-1988,,皮卡,通用标准：Pritsche/Fahrgestell,,
EU,Mercedes-benz T2/l Pritsche/Fahrgestell 1972-1988 EU,Mercedes-benz,T2/l,Pritsche/Fahrgestell,1972-1988,,皮卡,通用标准：Pritsche/Fahrgestell,,
EU,Mercedes-benz T2/l Pritsche/Fahrgestell 1975-1982 EU,Mercedes-benz,T2/l,Pritsche/Fahrgestell,1975-1982,,皮卡,通用标准：Pritsche/Fahrgestell,,
EU,Mercedes-benz T2/l Pritsche/Fahrgestell 1977-1988 EU,Mercedes-benz,T2/l,Pritsche/Fahrgestell,1977-1988,,皮卡,通用标准：Pritsche/Fahrgestell,,
EU,Mercedes-benz T2/l Pritsche/Fahrgestell 1982-1983 EU,Mercedes-benz,T2/l,Pritsche/Fahrgestell,1982-1983,,皮卡,通用标准：Pritsche/Fahrgestell,,
EU,Mercedes-benz T2/l Pritsche/Fahrgestell 1984-1988 EU,Mercedes-benz,T2/l,Pritsche/Fahrgestell,1984-1988,,皮卡,通用标准：Pritsche/Fahrgestell,,
EU,Mercedes-benz T2/l l1h1 Van 1968-1972 EU,Mercedes-benz,T2/l,Van,1968-1972,越野车,两厢车,通用标准：Van,,
EU,Mercedes-benz T2/l l1h1 Van 1968-1974 EU,Mercedes-benz,T2/l,Van,1968-1974,越野车,两厢车,通用标准：Van,,
EU,Mercedes-benz T2/l l1h1 Van 1970-1974 EU,Mercedes-benz,T2/l,Van,1970-1974,越野车,两厢车,通用标准：Van,,
EU,Mercedes-benz T2/l l1h1 Van 1970-1988 EU,Mercedes-benz,T2/l,Van,1970-1988,越野车,两厢车,通用标准：Van,,
EU,Mercedes-benz T2/l l1h1 Van 1972-1974 EU,Mercedes-benz,T2/l,Van,1972-1974,越野车,两厢车,通用标准：Van,,
EU,Mercedes-benz T2/l l1h1 Van 1972-1980 EU,Mercedes-benz,T2/l,Van,1972-1980,越野车,两厢车,通用标准：Van,,
EU,Mercedes-benz T2/l l1h1 Van 1975-1982 EU,Mercedes-benz,T2/l,Van,1975-1982,越野车,两厢车,通用标准：Van,,
EU,Mercedes-benz T2/l l1h1 Van 1975-1988 EU,Mercedes-benz,T2/l,Van,1975-1988,越野车,两厢车,通用标准：Van,,
EU,Mercedes-benz T2/l l1h1 Van 1977-1988 EU,Mercedes-benz,T2/l,Van,1977-1988,越野车,两厢车,通用标准：Van,,
EU,Mercedes-benz T2/l l1h1 Van 1982-1988 EU,Mercedes-benz,T2/l,Van,1982-1988,越野车,两厢车,通用标准：Van,,
EU,Mercedes-benz T2/l l1h2 Van 1968-1972 EU,Mercedes-benz,T2/l,Van,1968-1972,越野车,两厢车,通用标准：Van,,
EU,Mercedes-benz T2/l l1h2 Van 1968-1974 EU,Mercedes-benz,T2/l,Van,1968-1974,越野车,两厢车,通用标准：Van,,
EU,Mercedes-benz T2/l l1h2 Van 1970-1974 EU,Mercedes-benz,T2/l,Van,1970-1974,越野车,两厢车,通用标准：Van,,
EU,Mercedes-benz T2/l l1h2 Van 1970-1988 EU,Mercedes-benz,T2/l,Van,1970-1988,越野车,两厢车,通用标准：Van,,
EU,Mercedes-benz T2/l l1h2 Van 1972-1974 EU,Mercedes-benz,T2/l,Van,1972-1974,越野车,两厢车,通用标准：Van,,
EU,Mercedes-benz T2/l l1h2 Van 1972-1980 EU,Mercedes-benz,T2/l,Van,1972-1980,越野车,两厢车,通用标准：Van,,
EU,Mercedes-benz T2/l l1h2 Van 1975-1982 EU,Mercedes-benz,T2/l,Van,1975-1982,越野车,两厢车,通用标准：Van,,
EU,Mercedes-benz T2/l l1h2 Van 1975-1988 EU,Mercedes-benz,T2/l,Van,1975-1988,越野车,两厢车,通用标准：Van,,
EU,Mercedes-benz T2/l l1h2 Van 1977-1988 EU,Mercedes-benz,T2/l,Van,1977-1988,越野车,两厢车,通用标准：Van,,
EU,Mercedes-benz T2/l l1h2 Van 1982-1988 EU,Mercedes-benz,T2/l,Van,1982-1988,越野车,两厢车,通用标准：Van,,
EU,Mercedes-benz T2/l l2h1 Van 1968-1972 EU,Mercedes-benz,T2/l,Van,1968-1972,越野车,两厢车,通用标准：Van,,
EU,Mercedes-benz T2/l l2h1 Van 1968-1974 EU,Mercedes-benz,T2/l,Van,1968-1974,越野车,两厢车,通用标准：Van,,
EU,Mercedes-benz T2/l l2h1 Van 1970-1974 EU,Mercedes-benz,T2/l,Van,1970-1974,越野车,两厢车,通用标准：Van,,
EU,Mercedes-benz T2/l l2h1 Van 1970-1988 EU,Mercedes-benz,T2/l,Van,1970-1988,越野车,两厢车,通用标准：Van,,
EU,Mercedes-benz T2/l l2h1 Van 1972-1974 EU,Mercedes-benz,T2/l,Van,1972-1974,越野车,两厢车,通用标准：Van,,
EU,Mercedes-benz T2/l l2h1 Van 1972-1980 EU,Mercedes-benz,T2/l,Van,1972-1980,越野车,两厢车,通用标准：Van,,
EU,Mercedes-benz T2/l l2h1 Van 1975-1982 EU,Mercedes-benz,T2/l,Van,1975-1982,越野车,两厢车,通用标准：Van,,
EU,Mercedes-benz T2/l l2h1 Van 1975-1988 EU,Mercedes-benz,T2/l,Van,1975-1988,越野车,两厢车,通用标准：Van,,
EU,Mercedes-benz T2/l l2h1 Van 1977-1988 EU,Mercedes-benz,T2/l,Van,1977-1988,越野车,两厢车,通用标准：Van,,
EU,Mercedes-benz T2/l l2h1 Van 1982-1988 EU,Mercedes-benz,T2/l,Van,1982-1988,越野车,两厢车,通用标准：Van,,
EU,Mercedes-benz T2/l l2h2 Van 1968-1972 EU,Mercedes-benz,T2/l,Van,1968-1972,越野车,两厢车,通用标准：Van,,
EU,Mercedes-benz T2/l l2h2 Van 1968-1974 EU,Mercedes-benz,T2/l,Van,1968-1974,越野车,两厢车,通用标准：Van,,
EU,Mercedes-benz T2/l l2h2 Van 1970-1974 EU,Mercedes-benz,T2/l,Van,1970-1974,越野车,两厢车,通用标准：Van,,
EU,Mercedes-benz T2/l l2h2 Van 1970-1988 EU,Mercedes-benz,T2/l,Van,1970-1988,越野车,两厢车,通用标准：Van,,
EU,Mercedes-benz T2/l l2h2 Van 1972-1974 EU,Mercedes-benz,T2/l,Van,1972-1974,越野车,两厢车,通用标准：Van,,
EU,Mercedes-benz T2/l l2h2 Van 1972-1980 EU,Mercedes-benz,T2/l,Van,1972-1980,越野车,两厢车,通用标准：Van,,
EU,Mercedes-benz T2/l l2h2 Van 1975-1982 EU,Mercedes-benz,T2/l,Van,1975-1982,越野车,两厢车,通用标准：Van,,
EU,Mercedes-benz T2/l l2h2 Van 1975-1988 EU,Mercedes-benz,T2/l,Van,1975-1988,越野车,两厢车,通用标准：Van,,
EU,Mercedes-benz T2/l l2h2 Van 1977-1988 EU,Mercedes-benz,T2/l,Van,1977-1988,越野车,两厢车,通用标准：Van,,
EU,Mercedes-benz T2/l l2h2 Van 1982-1988 EU,Mercedes-benz,T2/l,Van,1982-1988,越野车,两厢车,通用标准：Van,,
EU,Mercedes-benz T2/l l3h1 Van 1970-1988 EU,Mercedes-benz,T2/l,Van,1970-1988,越野车,两厢车,通用标准：Van,,
EU,Mercedes-benz T2/l l3h1 Van 1977-1988 EU,Mercedes-benz,T2/l,Van,1977-1988,越野车,两厢车,通用标准：Van,,
EU,Mercedes-benz T2/l l3h2 Van 1970-1988 EU,Mercedes-benz,T2/l,Van,1970-1988,越野车,两厢车,通用标准：Van,,
EU,Mercedes-benz T2/l l3h2 Van 1977-1988 EU,Mercedes-benz,T2/l,Van,1977-1988,越野车,两厢车,通用标准：Van,,
EU,Mercedes-benz T2/ln1 667.061 l1h1 Van 1986-1994 EU,Mercedes-benz,T2/ln1,Van,1986-1994,越野车,两厢车,通用标准：Van,,
EU,Mercedes-benz T2/ln1 667.061 l1h2 Van 1986-1994 EU,Mercedes-benz,T2/ln1,Van,1986-1994,越野车,两厢车,通用标准：Van,,
EU,Mercedes-benz T2/ln1 667.062 l2h1 Van 1986-1994 EU,Mercedes-benz,T2/ln1,Van,1986-1994,越野车,两厢车,通用标准：Van,,
EU,Mercedes-benz T2/ln1 667.062 l2h2 Van 1986-1994 EU,Mercedes-benz,T2/ln1,Van,1986-1994,越野车,两厢车,通用标准：Van,,
EU,Mercedes-benz T2/ln1 667.361 l1h1 Van 1986-1989 EU,Mercedes-benz,T2/ln1,Van,1986-1989,越野车,两厢车,通用标准：Van,,
EU,Mercedes-benz T2/ln1 667.361 l1h1 Van 1989-1994 EU,Mercedes-benz,T2/ln1,Van,1989-1994,越野车,两厢车,通用标准：Van,,
EU,Mercedes-benz T2/ln1 667.361 l1h2 Van 1986-1989 EU,Mercedes-benz,T2/ln1,Van,1986-1989,越野车,两厢车,通用标准：Van,,
EU,Mercedes-benz T2/ln1 667.361 l1h2 Van 1989-1994 EU,Mercedes-benz,T2/ln1,Van,1989-1994,越野车,两厢车,通用标准：Van,,
EU,Mercedes-benz T2/ln1 667.362 l2h1 Van 1986-1989 EU,Mercedes-benz,T2/ln1,Van,1986-1989,越野车,两厢车,通用标准：Van,,
EU,Mercedes-benz T2/ln1 667.362 l2h1 Van 1989-1994 EU,Mercedes-benz,T2/ln1,Van,1989-1994,越野车,两厢车,通用标准：Van,,
EU,Mercedes-benz T2/ln1 667.362 l2h2 Van 1986-1989 EU,Mercedes-benz,T2/ln1,Van,1986-1989,越野车,两厢车,通用标准：Van,,
EU,Mercedes-benz T2/ln1 667.362 l2h2 Van 1989-1994 EU,Mercedes-benz,T2/ln1,Van,1989-1994,越野车,两厢车,通用标准：Van,,
EU,Mercedes-benz T2/ln1 668.061 l1h1 Van 1986-1994 EU,Mercedes-benz,T2/ln1,Van,1986-1994,越野车,两厢车,通用标准：Van,,
EU,Mercedes-benz T2/ln1 668.061 l1h1 Van 1994-1994 EU,Mercedes-benz,T2/ln1,Van,1994-1994,越野车,两厢车,通用标准：Van,,
EU,Mercedes-benz T2/ln1 668.061 l1h2 Van 1986-1994 EU,Mercedes-benz,T2/ln1,Van,1986-1994,越野车,两厢车,通用标准：Van,,
EU,Mercedes-benz T2/ln1 668.061 l1h2 Van 1994-1994 EU,Mercedes-benz,T2/ln1,Van,1994-1994,越野车,两厢车,通用标准：Van,,
EU,Mercedes-benz T2/ln1 668.062 l2h1 Van 1986-1994 EU,Mercedes-benz,T2/ln1,Van,1986-1994,越野车,两厢车,通用标准：Van,,
EU,Mercedes-benz T2/ln1 668.062 l2h1 Van 1994-1994 EU,Mercedes-benz,T2/ln1,Van,1994-1994,越野车,两厢车,通用标准：Van,,
EU,Mercedes-benz T2/ln1 668.062 l2h2 Van 1986-1994 EU,Mercedes-benz,T2/ln1,Van,1986-1994,越野车,两厢车,通用标准：Van,,
EU,Mercedes-benz T2/ln1 668.062 l2h2 Van 1994-1994 EU,Mercedes-benz,T2/ln1,Van,1994-1994,越野车,两厢车,通用标准：Van,,
EU,Mercedes-benz T2/ln1 668.063 Van 1986-1994 EU,Mercedes-benz,T2/ln1,Van,1986-1994,越野车,两厢车,通用标准：Van,,
EU,Mercedes-benz T2/ln1 668.063 Van 1994-1994 EU,Mercedes-benz,T2/ln1,Van,1994-1994,越野车,两厢车,通用标准：Van,,
EU,Mercedes-benz T2/ln1 669.061 l1h1 Van 1986-1994 EU,Mercedes-benz,T2/ln1,Van,1986-1994,越野车,两厢车,通用标准：Van,,
EU,Mercedes-benz T2/ln1 669.061 l1h2 Van 1986-1994 EU,Mercedes-benz,T2/ln1,Van,1986-1994,越野车,两厢车,通用标准：Van,,
EU,Mercedes-benz T2/ln1 669.062 l2h1 Van 1986-1994 EU,Mercedes-benz,T2/ln1,Van,1986-1994,越野车,两厢车,通用标准：Van,,
EU,Mercedes-benz T2/ln1 669.062 l2h2 Van 1986-1994 EU,Mercedes-benz,T2/ln1,Van,1986-1994,越野车,两厢车,通用标准：Van,,
EU,Mercedes-benz T2/ln1 669.063 Van 1986-1994 EU,Mercedes-benz,T2/ln1,Van,1986-1994,越野车,两厢车,通用标准：Van,,
EU,Mercedes-benz T2/ln1 669.361 l1h1 Van 1986-1994 EU,Mercedes-benz,T2/ln1,Van,1986-1994,越野车,两厢车,通用标准：Van,,
EU,Mercedes-benz T2/ln1 669.361 l1h1 Van 1994-1994 EU,Mercedes-benz,T2/ln1,Van,1994-1994,越野车,两厢车,通用标准：Van,,
EU,Mercedes-benz T2/ln1 669.361 l1h2 Van 1986-1994 EU,Mercedes-benz,T2/ln1,Van,1986-1994,越野车,两厢车,通用标准：Van,,
EU,Mercedes-benz T2/ln1 669.361 l1h2 Van 1994-1994 EU,Mercedes-benz,T2/ln1,Van,1994-1994,越野车,两厢车,通用标准：Van,,
EU,Mercedes-benz T2/ln1 669.362 l2h1 Van 1986-1994 EU,Mercedes-benz,T2/ln1,Van,1986-1994,越野车,两厢车,通用标准：Van,,
EU,Mercedes-benz T2/ln1 669.362 l2h1 Van 1994-1994 EU,Mercedes-benz,T2/ln1,Van,1994-1994,越野车,两厢车,通用标准：Van,,
EU,Mercedes-benz T2/ln1 669.362 l2h2 Van 1986-1994 EU,Mercedes-benz,T2/ln1,Van,1986-1994,越野车,两厢车,通用标准：Van,,
EU,Mercedes-benz T2/ln1 669.362 l2h2 Van 1994-1994 EU,Mercedes-benz,T2/ln1,Van,1994-1994,越野车,两厢车,通用标准：Van,,
EU,Mercedes-benz T2/ln1 669.363 Van 1986-1994 EU,Mercedes-benz,T2/ln1,Van,1986-1994,越野车,两厢车,通用标准：Van,,
EU,Mercedes-benz T2/ln1 669.363 Van 1994-1994 EU,Mercedes-benz,T2/ln1,Van,1994-1994,越野车,两厢车,通用标准：Van,,
EU,Mercedes-benz T2/ln1 670.061 l1h1 Van 1986-1994 EU,Mercedes-benz,T2/ln1,Van,1986-1994,越野车,两厢车,通用标准：Van,,
EU,Mercedes-benz T2/ln1 670.061 l1h2 Van 1986-1994 EU,Mercedes-benz,T2/ln1,Van,1986-1994,越野车,两厢车,通用标准：Van,,
EU,Mercedes-benz T2/ln1 670.062 l2h1 Van 1986-1994 EU,Mercedes-benz,T2/ln1,Van,1986-1994,越野车,两厢车,通用标准：Van,,
EU,Mercedes-benz T2/ln1 670.062 l2h2 Van 1986-1994 EU,Mercedes-benz,T2/ln1,Van,1986-1994,越野车,两厢车,通用标准：Van,,
EU,Mercedes-benz T2/ln1 670.063 Van 1986-1994 EU,Mercedes-benz,T2/ln1,Van,1986-1994,越野车,两厢车,通用标准：Van,,
EU,Mercedes-benz T2/ln1 670.362 l2h1 Van 1986-1994 EU,Mercedes-benz,T2/ln1,Van,1986-1994,越野车,两厢车,通用标准：Van,,
EU,Mercedes-benz T2/ln1 670.362 l2h2 Van 1986-1994 EU,Mercedes-benz,T2/ln1,Van,1986-1994,越野车,两厢车,通用标准：Van,,
EU,Mercedes-benz T2/ln1 670.363 Van 1986-1994 EU,Mercedes-benz,T2/ln1,Van,1986-1994,越野车,两厢车,通用标准：Van,,
EU,Mercedes-benz T2/ln1 670.364 l1h1 Van 1987-1994 EU,Mercedes-benz,T2/ln1,Van,1987-1994,越野车,两厢车,通用标准：Van,,
EU,Mercedes-benz T2/ln1 670.364 l1h2 Van 1987-1994 EU,Mercedes-benz,T2/ln1,Van,1987-1994,越野车,两厢车,通用标准：Van,,
EU,Mercedes-benz T2/ln1 670.365 l2h1 Van 1987-1994 EU,Mercedes-benz,T2/ln1,Van,1987-1994,越野车,两厢车,通用标准：Van,,
EU,Mercedes-benz T2/ln1 670.365 l2h2 Van 1987-1994 EU,Mercedes-benz,T2/ln1,Van,1987-1994,越野车,两厢车,通用标准：Van,,
EU,Mercedes-benz T2/ln1 670.366 Van 1987-1994 EU,Mercedes-benz,T2/ln1,Van,1987-1994,越野车,两厢车,通用标准：Van,,
EU,Mercedes-benz T2/ln1 670.464 l1h1 Van 1987-1994 EU,Mercedes-benz,T2/ln1,Van,1987-1994,越野车,两厢车,通用标准：Van,,
EU,Mercedes-benz T2/ln1 670.464 l1h2 Van 1987-1994 EU,Mercedes-benz,T2/ln1,Van,1987-1994,越野车,两厢车,通用标准：Van,,
EU,Mercedes-benz T2/ln1 670.465 l2h1 Van 1987-1994 EU,Mercedes-benz,T2/ln1,Van,1987-1994,越野车,两厢车,通用标准：Van,,
EU,Mercedes-benz T2/ln1 670.465 l2h2 Van 1987-1994 EU,Mercedes-benz,T2/ln1,Van,1987-1994,越野车,两厢车,通用标准：Van,,
EU,Mercedes-benz T2/ln1 Bus 1987-1992 EU,Mercedes-benz,T2/ln1,Bus,1987-1992,,两厢车,通用标准：Bus,,
EU,Mercedes-benz T2/ln1 Pritsche/Fahrgestell 1986-1989 EU,Mercedes-benz,T2/ln1,Pritsche/Fahrgestell,1986-1989,,皮卡,通用标准：Pritsche/Fahrgestell,,
EU,Mercedes-benz V-Klasse W447 compact MPV 2014-2026 EU,Mercedes-benz,V-Klasse,MPV,2014-2026,越野车,两厢车,通用标准：MPV,,
EU,Mercedes-benz V-Klasse W447 compact MPV 2015-2026 EU,Mercedes-benz,V-Klasse,MPV,2015-2026,越野车,两厢车,通用标准：MPV,,
EU,Mercedes-benz V-Klasse W447 compact MPV 2019-2020 EU,Mercedes-benz,V-Klasse,MPV,2019-2020,越野车,两厢车,通用标准：MPV,,
EU,Mercedes-benz V-Klasse W447 compact MPV 2019-2026 EU,Mercedes-benz,V-Klasse,MPV,2019-2026,越野车,两厢车,通用标准：MPV,,
EU,Mercedes-benz V-Klasse W447 compact MPV 2021-2026 EU,Mercedes-benz,V-Klasse,MPV,2021-2026,越野车,两厢车,通用标准：MPV,,
EU,Mercedes-benz V-Klasse W447 extra long MPV 2019-2020 EU,Mercedes-benz,V-Klasse,MPV,2019-2020,越野车,两厢车,通用标准：MPV,,
EU,Mercedes-benz V-Klasse W447 extra long MPV 2019-2026 EU,Mercedes-benz,V-Klasse,MPV,2019-2026,越野车,两厢车,通用标准：MPV,,
EU,Mercedes-benz V-Klasse W447 extralong MPV 2014-2026 EU,Mercedes-benz,V-Klasse,MPV,2014-2026,越野车,两厢车,通用标准：MPV,,
EU,Mercedes-benz V-Klasse W447 extralong MPV 2015-2026 EU,Mercedes-benz,V-Klasse,MPV,2015-2026,越野车,两厢车,通用标准：MPV,,
EU,Mercedes-benz V-Klasse W447 extralong MPV 2021-2026 EU,Mercedes-benz,V-Klasse,MPV,2021-2026,越野车,两厢车,通用标准：MPV,,
EU,Mercedes-benz V-Klasse W447 extralong MPV 2024-2026 EU,Mercedes-benz,V-Klasse,MPV,2024-2026,越野车,两厢车,通用标准：MPV,,
EU,Mercedes-benz V-Klasse W447 long MPV 2014-2026 EU,Mercedes-benz,V-Klasse,MPV,2014-2026,越野车,两厢车,通用标准：MPV,,
EU,Mercedes-benz V-Klasse W447 long MPV 2015-2026 EU,Mercedes-benz,V-Klasse,MPV,2015-2026,越野车,两厢车,通用标准：MPV,,
EU,Mercedes-benz V-Klasse W447 long MPV 2019-2020 EU,Mercedes-benz,V-Klasse,MPV,2019-2020,越野车,两厢车,通用标准：MPV,,
EU,Mercedes-benz V-Klasse W447 long MPV 2019-2026 EU,Mercedes-benz,V-Klasse,MPV,2019-2026,越野车,两厢车,通用标准：MPV,,
EU,Mercedes-benz V-Klasse W447 long MPV 2021-2026 EU,Mercedes-benz,V-Klasse,MPV,2021-2026,越野车,两厢车,通用标准：MPV,,
EU,Mercedes-benz V-Klasse W447 long MPV 2024-2026 EU,Mercedes-benz,V-Klasse,MPV,2024-2026,越野车,两厢车,通用标准：MPV,,
EU,Mercedes-benz V-Klasse W638 L4659 W1880 H1844 MPV 1997-2003 EU,Mercedes-benz,V-Klasse,MPV,1997-2003,越野车,两厢车,通用标准：MPV,,
EU,Mercedes-benz V-Klasse W638 L4660 W1880 H1844 MPV 1997-2003 EU,Mercedes-benz,V-Klasse,MPV,1997-2003,越野车,两厢车,通用标准：MPV,,
EU,Mercedes-benz V-Klasse W638 MPV 1996-1999 EU,Mercedes-benz,V-Klasse,MPV,1996-1999,越野车,两厢车,通用标准：MPV,,
EU,Mercedes-benz V-Klasse W638 MPV 1996-2003 EU,Mercedes-benz,V-Klasse,MPV,1996-2003,越野车,两厢车,通用标准：MPV,,
EU,Mercedes-benz V-Klasse W638 MPV 1999-2003 EU,Mercedes-benz,V-Klasse,MPV,1999-2003,越野车,两厢车,通用标准：MPV,,
EU,Mercedes-benz Vaneo 414 MPV 2002-2005 EU,Mercedes-benz,Vaneo,MPV,2002-2005,越野车,两厢车,通用标准：MPV,,
EU,Mercedes-benz Vaneo W414 MPV 2002-2005 EU,Mercedes-benz,Vaneo,MPV,2002-2005,越野车,两厢车,通用标准：MPV,,
EU,Mercedes-benz Vario 667.351 l1h1 Van 1996-2010 EU,Mercedes-benz,Vario,Van,1996-2010,越野车,两厢车,通用标准：Van,,
EU,Mercedes-benz Vario 667.351 l1h2 Van 1996-2010 EU,Mercedes-benz,Vario,Van,1996-2010,越野车,两厢车,通用标准：Van,,
EU,Mercedes-benz Vario 667.352 l2h1 Van 1996-2010 EU,Mercedes-benz,Vario,Van,1996-2010,越野车,两厢车,通用标准：Van,,
EU,Mercedes-benz Vario 667.352 l2h2 Van 1996-2010 EU,Mercedes-benz,Vario,Van,1996-2010,越野车,两厢车,通用标准：Van,,
EU,Mercedes-benz Vario 667.353 Van 1996-2010 EU,Mercedes-benz,Vario,Van,1996-2010,越野车,两厢车,通用标准：Van,,
EU,Mercedes-benz Vario 668.351 l1h1 Van 1996-2010 EU,Mercedes-benz,Vario,Van,1996-2010,越野车,两厢车,通用标准：Van,,
EU,Mercedes-benz Vario 668.351 l1h1 Van 1996-2011 EU,Mercedes-benz,Vario,Van,1996-2011,越野车,两厢车,通用标准：Van,,
EU,Mercedes-benz Vario 668.351 l1h1 Van 1996-2013 EU,Mercedes-benz,Vario,Van,1996-2013,越野车,两厢车,通用标准：Van,,
EU,Mercedes-benz Vario 668.351 l1h1 Van 1998-2010 EU,Mercedes-benz,Vario,Van,1998-2010,越野车,两厢车,通用标准：Van,,
EU,Mercedes-benz Vario 668.351 l1h1 Van 1998-2013 EU,Mercedes-benz,Vario,Van,1998-2013,越野车,两厢车,通用标准：Van,,
EU,Mercedes-benz Vario 668.351 l1h1 Van 2006-2013 EU,Mercedes-benz,Vario,Van,2006-2013,越野车,两厢车,通用标准：Van,,
EU,Mercedes-benz Vario 668.351 l1h2 Van 1996-2010 EU,Mercedes-benz,Vario,Van,1996-2010,越野车,两厢车,通用标准：Van,,
EU,Mercedes-benz Vario 668.351 l1h2 Van 1996-2011 EU,Mercedes-benz,Vario,Van,1996-2011,越野车,两厢车,通用标准：Van,,
EU,Mercedes-benz Vario 668.351 l1h2 Van 1996-2013 EU,Mercedes-benz,Vario,Van,1996-2013,越野车,两厢车,通用标准：Van,,
EU,Mercedes-benz Vario 668.351 l1h2 Van 1998-2010 EU,Mercedes-benz,Vario,Van,1998-2010,越野车,两厢车,通用标准：Van,,
EU,Mercedes-benz Vario 668.351 l1h2 Van 1998-2013 EU,Mercedes-benz,Vario,Van,1998-2013,越野车,两厢车,通用标准：Van,,
EU,Mercedes-benz Vario 668.351 l1h2 Van 2006-2013 EU,Mercedes-benz,Vario,Van,2006-2013,越野车,两厢车,通用标准：Van,,
EU,Mercedes-benz Vario 668.352 l2h1 Van 1996-2010 EU,Mercedes-benz,Vario,Van,1996-2010,越野车,两厢车,通用标准：Van,,
EU,Mercedes-benz Vario 668.352 l2h1 Van 1996-2011 EU,Mercedes-benz,Vario,Van,1996-2011,越野车,两厢车,通用标准：Van,,
EU,Mercedes-benz Vario 668.352 l2h1 Van 1996-2013 EU,Mercedes-benz,Vario,Van,1996-2013,越野车,两厢车,通用标准：Van,,
EU,Mercedes-benz Vario 668.352 l2h1 Van 1998-2010 EU,Mercedes-benz,Vario,Van,1998-2010,越野车,两厢车,通用标准：Van,,
EU,Mercedes-benz Vario 668.352 l2h1 Van 1998-2013 EU,Mercedes-benz,Vario,Van,1998-2013,越野车,两厢车,通用标准：Van,,
EU,Mercedes-benz Vario 668.352 l2h1 Van 2006-2013 EU,Mercedes-benz,Vario,Van,2006-2013,越野车,两厢车,通用标准：Van,,
EU,Mercedes-benz Vario 668.352 l2h2 Van 1996-2010 EU,Mercedes-benz,Vario,Van,1996-2010,越野车,两厢车,通用标准：Van,,
EU,Mercedes-benz Vario 668.352 l2h2 Van 1996-2011 EU,Mercedes-benz,Vario,Van,1996-2011,越野车,两厢车,通用标准：Van,,
EU,Mercedes-benz Vario 668.352 l2h2 Van 1996-2013 EU,Mercedes-benz,Vario,Van,1996-2013,越野车,两厢车,通用标准：Van,,
EU,Mercedes-benz Vario 668.352 l2h2 Van 1998-2010 EU,Mercedes-benz,Vario,Van,1998-2010,越野车,两厢车,通用标准：Van,,
EU,Mercedes-benz Vario 668.352 l2h2 Van 1998-2013 EU,Mercedes-benz,Vario,Van,1998-2013,越野车,两厢车,通用标准：Van,,
EU,Mercedes-benz Vario 668.352 l2h2 Van 2006-2013 EU,Mercedes-benz,Vario,Van,2006-2013,越野车,两厢车,通用标准：Van,,
EU,Mercedes-benz Vario 668.353 Van 1996-2010 EU,Mercedes-benz,Vario,Van,1996-2010,越野车,两厢车,通用标准：Van,,
EU,Mercedes-benz Vario 668.353 Van 1996-2011 EU,Mercedes-benz,Vario,Van,1996-2011,越野车,两厢车,通用标准：Van,,
EU,Mercedes-benz Vario 668.353 Van 1996-2013 EU,Mercedes-benz,Vario,Van,1996-2013,越野车,两厢车,通用标准：Van,,
EU,Mercedes-benz Vario 668.353 Van 1998-2010 EU,Mercedes-benz,Vario,Van,1998-2010,越野车,两厢车,通用标准：Van,,
EU,Mercedes-benz Vario 668.353 Van 1998-2013 EU,Mercedes-benz,Vario,Van,1998-2013,越野车,两厢车,通用标准：Van,,
EU,Mercedes-benz Vario 668.353 Van 2006-2013 EU,Mercedes-benz,Vario,Van,2006-2013,越野车,两厢车,通用标准：Van,,
EU,Mercedes-benz Vario 670.351 l1h1 L5450 W2205 H2710 Van 1996-2010 EU,Mercedes-benz,Vario,Van,1996-2010,越野车,两厢车,通用标准：Van,,
EU,Mercedes-benz Vario 670.351 l1h1 L5450 W2206 H2710 Van 1996-2010 EU,Mercedes-benz,Vario,Van,1996-2010,越野车,两厢车,通用标准：Van,,
EU,Mercedes-benz Vario 670.351 l1h1 Van 1996-2013 EU,Mercedes-benz,Vario,Van,1996-2013,越野车,两厢车,通用标准：Van,,
EU,Mercedes-benz Vario 670.351 l1h1 Van 2006-2013 EU,Mercedes-benz,Vario,Van,2006-2013,越野车,两厢车,通用标准：Van,,
EU,Mercedes-benz Vario 670.351 l1h2 L5450 W2205 H2865 Van 1996-2010 EU,Mercedes-benz,Vario,Van,1996-2010,越野车,两厢车,通用标准：Van,,
EU,Mercedes-benz Vario 670.351 l1h2 L5450 W2206 H2865 Van 1996-2010 EU,Mercedes-benz,Vario,Van,1996-2010,越野车,两厢车,通用标准：Van,,
EU,Mercedes-benz Vario 670.351 l1h2 Van 1996-2013 EU,Mercedes-benz,Vario,Van,1996-2013,越野车,两厢车,通用标准：Van,,
EU,Mercedes-benz Vario 670.351 l1h2 Van 2006-2013 EU,Mercedes-benz,Vario,Van,2006-2013,越野车,两厢车,通用标准：Van,,
EU,Mercedes-benz Vario 670.352 l2h1 L6330 W2180 H2775 Van 1996-2010 EU,Mercedes-benz,Vario,Van,1996-2010,越野车,两厢车,通用标准：Van,,
EU,Mercedes-benz Vario 670.352 l2h1 L6330 W2206 H2775 Van 1996-2010 EU,Mercedes-benz,Vario,Van,1996-2010,越野车,两厢车,通用标准：Van,,
EU,Mercedes-benz Vario 670.352 l2h1 Van 1996-2013 EU,Mercedes-benz,Vario,Van,1996-2013,越野车,两厢车,通用标准：Van,,
EU,Mercedes-benz Vario 670.352 l2h1 Van 2006-2013 EU,Mercedes-benz,Vario,Van,2006-2013,越野车,两厢车,通用标准：Van,,
EU,Mercedes-benz Vario 670.352 l2h2 L6330 W2180 H2930 Van 1996-2010 EU,Mercedes-benz,Vario,Van,1996-2010,越野车,两厢车,通用标准：Van,,
EU,Mercedes-benz Vario 670.352 l2h2 L6330 W2206 H2930 Van 1996-2010 EU,Mercedes-benz,Vario,Van,1996-2010,越野车,两厢车,通用标准：Van,,
EU,Mercedes-benz Vario 670.352 l2h2 Van 1996-2013 EU,Mercedes-benz,Vario,Van,1996-2013,越野车,两厢车,通用标准：Van,,
EU,Mercedes-benz Vario 670.352 l2h2 Van 2006-2013 EU,Mercedes-benz,Vario,Van,2006-2013,越野车,两厢车,通用标准：Van,,
EU,Mercedes-benz Vario 670.353 Van 1996-2013 EU,Mercedes-benz,Vario,Van,1996-2013,越野车,两厢车,通用标准：Van,,
EU,Mercedes-benz Vario 670.353 Van 2006-2013 EU,Mercedes-benz,Vario,Van,2006-2013,越野车,两厢车,通用标准：Van,,
EU,Mercedes-benz Vario 670.353 l3h2 L7210 W2180 H2930 Van 1996-2010 EU,Mercedes-benz,Vario,Van,1996-2010,越野车,两厢车,通用标准：Van,,
EU,Mercedes-benz Vario 670.353 l3h2 L7210 W2206 H2935 Van 1996-2010 EU,Mercedes-benz,Vario,Van,1996-2010,越野车,两厢车,通用标准：Van,,
EU,Mercedes-benz Vario 670.373 Bus 1996-2010 EU,Mercedes-benz,Vario,Bus,1996-2010,越野车,两厢车,通用标准：Bus,,
EU,Mercedes-benz Vario 670.373 Bus 2006-2013 EU,Mercedes-benz,Vario,Bus,2006-2013,越野车,两厢车,通用标准：Bus,,
EU,Mercedes-benz Vario 670.373 Bus 2006-2026 EU,Mercedes-benz,Vario,Bus,2006-2026,越野车,两厢车,通用标准：Bus,,
EU,Mercedes-benz Vario 670.373 MPV 1996-2010 EU,Mercedes-benz,Vario,MPV,1996-2010,越野车,两厢车,通用标准：MPV,,
EU,Mercedes-benz Vario 670.373 l1 Bus 1996-2010 EU,Mercedes-benz,Vario,Bus,1996-2010,越野车,两厢车,通用标准：Bus,,
EU,Mercedes-benz Vario 670.374 Bus 1996-2010 EU,Mercedes-benz,Vario,Bus,1996-2010,越野车,两厢车,通用标准：Bus,,
EU,Mercedes-benz Vario 670.374 Bus 2006-2013 EU,Mercedes-benz,Vario,Bus,2006-2013,越野车,两厢车,通用标准：Bus,,
EU,Mercedes-benz Vario 670.374 Bus 2006-2026 EU,Mercedes-benz,Vario,Bus,2006-2026,越野车,两厢车,通用标准：Bus,,
EU,Mercedes-benz Vario 670.374 MPV 1996-2010 EU,Mercedes-benz,Vario,MPV,1996-2010,越野车,两厢车,通用标准：MPV,,
EU,Mercedes-benz Vario 670.451 l1h1 Van 1996-2010 EU,Mercedes-benz,Vario,Van,1996-2010,越野车,两厢车,通用标准：Van,,
EU,Mercedes-benz Vario 670.451 l1h1 Van 1996-2013 EU,Mercedes-benz,Vario,Van,1996-2013,越野车,两厢车,通用标准：Van,,
EU,Mercedes-benz Vario 670.451 l1h2 Van 1996-2010 EU,Mercedes-benz,Vario,Van,1996-2010,越野车,两厢车,通用标准：Van,,
EU,Mercedes-benz Vario 670.451 l1h2 Van 1996-2013 EU,Mercedes-benz,Vario,Van,1996-2013,越野车,两厢车,通用标准：Van,,
EU,Mercedes-benz Vario 670.452 l2h1 Van 1996-2010 EU,Mercedes-benz,Vario,Van,1996-2010,越野车,两厢车,通用标准：Van,,
EU,Mercedes-benz Vario 670.452 l2h1 Van 1996-2013 EU,Mercedes-benz,Vario,Van,1996-2013,越野车,两厢车,通用标准：Van,,
EU,Mercedes-benz Vario 670.452 l2h2 Van 1996-2010 EU,Mercedes-benz,Vario,Van,1996-2010,越野车,两厢车,通用标准：Van,,
EU,Mercedes-benz Vario 670.452 l2h2 Van 1996-2013 EU,Mercedes-benz,Vario,Van,1996-2013,越野车,两厢车,通用标准：Van,,
EU,Mercedes-benz Vario 670.453 Van 1996-2010 EU,Mercedes-benz,Vario,Van,1996-2010,越野车,两厢车,通用标准：Van,,
EU,Mercedes-benz Vario 670.453 Van 1996-2013 EU,Mercedes-benz,Vario,Van,1996-2013,越野车,两厢车,通用标准：Van,,
EU,Mercedes-benz Vario 670.674 Bus 1996-2010 EU,Mercedes-benz,Vario,Bus,1996-2010,越野车,两厢车,通用标准：Bus,,
EU,Mercedes-benz Viano 639.711 MPV 2010-2026 EU,Mercedes-benz,Viano,MPV,2010-2026,越野车,两厢车,通用标准：MPV,,
EU,Mercedes-benz Viano 639.713 MPV 2010-2026 EU,Mercedes-benz,Viano,MPV,2010-2026,越野车,两厢车,通用标准：MPV,,
EU,Mercedes-benz Viano 639.811 MPV 2003-2026 EU,Mercedes-benz,Viano,MPV,2003-2026,越野车,两厢车,通用标准：MPV,,
EU,Mercedes-benz Viano 639.811 MPV 2004-2007 EU,Mercedes-benz,Viano,MPV,2004-2007,越野车,两厢车,通用标准：MPV,,
EU,Mercedes-benz Viano 639.811 MPV 2006-2026 EU,Mercedes-benz,Viano,MPV,2006-2026,越野车,两厢车,通用标准：MPV,,
EU,Mercedes-benz Viano 639.813 MPV 2003-2026 EU,Mercedes-benz,Viano,MPV,2003-2026,越野车,两厢车,通用标准：MPV,,
EU,Mercedes-benz Viano 639.813 MPV 2004-2007 EU,Mercedes-benz,Viano,MPV,2004-2007,越野车,两厢车,通用标准：MPV,,
EU,Mercedes-benz Viano 639.813 MPV 2006-2026 EU,Mercedes-benz,Viano,MPV,2006-2026,越野车,两厢车,通用标准：MPV,,
EU,Mercedes-benz Viano 639.815 MPV 2003-2026 EU,Mercedes-benz,Viano,MPV,2003-2026,越野车,两厢车,通用标准：MPV,,
EU,Mercedes-benz Viano 639.815 MPV 2004-2007 EU,Mercedes-benz,Viano,MPV,2004-2007,越野车,两厢车,通用标准：MPV,,
EU,Mercedes-benz Viano 639.815 MPV 2004-2026 EU,Mercedes-benz,Viano,MPV,2004-2026,越野车,两厢车,通用标准：MPV,,
EU,Mercedes-benz Viano 639.815 MPV 2006-2026 EU,Mercedes-benz,Viano,MPV,2006-2026,越野车,两厢车,通用标准：MPV,,
EU,Mercedes-benz Viano W639 L4993 W1901 H1935 MPV 2005-2026 EU,Mercedes-benz,Viano,MPV,2005-2026,越野车,两厢车,通用标准：MPV,,
EU,Mercedes-benz Viano W639 L4993 W1901 H1942 MPV 2005-2026 EU,Mercedes-benz,Viano,MPV,2005-2026,越野车,两厢车,通用标准：MPV,,
EU,Mercedes-benz Viano W639 compact MPV 2005-2026 EU,Mercedes-benz,Viano,MPV,2005-2026,越野车,两厢车,通用标准：MPV,,
EU,Mercedes-benz Viano W639 compact MPV 2006-2026 EU,Mercedes-benz,Viano,MPV,2006-2026,越野车,两厢车,通用标准：MPV,,
EU,Mercedes-benz Viano W639 compact MPV 2007-2026 EU,Mercedes-benz,Viano,MPV,2007-2026,越野车,两厢车,通用标准：MPV,,
EU,Mercedes-benz Viano W639 compact MPV 2010-2026 EU,Mercedes-benz,Viano,MPV,2010-2026,越野车,两厢车,通用标准：MPV,,
EU,Mercedes-benz Viano W639 extralong MPV 2005-2026 EU,Mercedes-benz,Viano,MPV,2005-2026,越野车,两厢车,通用标准：MPV,,
EU,Mercedes-benz Viano W639 extralong MPV 2006-2026 EU,Mercedes-benz,Viano,MPV,2006-2026,越野车,两厢车,通用标准：MPV,,
EU,Mercedes-benz Viano W639 extralong MPV 2007-2026 EU,Mercedes-benz,Viano,MPV,2007-2026,越野车,两厢车,通用标准：MPV,,
EU,Mercedes-benz Viano W639 extralong MPV 2010-2026 EU,Mercedes-benz,Viano,MPV,2010-2026,越野车,两厢车,通用标准：MPV,,
EU,Mercedes-benz Viano W639 long MPV 2005-2026 EU,Mercedes-benz,Viano,MPV,2005-2026,越野车,两厢车,通用标准：MPV,,
EU,Mercedes-benz Viano W639 long MPV 2006-2026 EU,Mercedes-benz,Viano,MPV,2006-2026,越野车,两厢车,通用标准：MPV,,
EU,Mercedes-benz Viano W639 long MPV 2007-2026 EU,Mercedes-benz,Viano,MPV,2007-2026,越野车,两厢车,通用标准：MPV,,
EU,Mercedes-benz Viano W639 long MPV 2010-2026 EU,Mercedes-benz,Viano,MPV,2010-2026,越野车,两厢车,通用标准：MPV,,
EU,Mercedes-benz Vito / mixto 639.601 Van 2003-2004 EU,Mercedes-benz,Vito / mixto,Van,2003-2004,越野车,两厢车,通用标准：Van,,
EU,Mercedes-benz Vito / mixto 639.601 Van 2003-2006 EU,Mercedes-benz,Vito / mixto,Van,2003-2006,越野车,两厢车,通用标准：Van,,
EU,Mercedes-benz Vito / mixto 639.601 Van 2003-2007 EU,Mercedes-benz,Vito / mixto,Van,2003-2007,越野车,两厢车,通用标准：Van,,
EU,Mercedes-benz Vito / mixto 639.601 Van 2003-2008 EU,Mercedes-benz,Vito / mixto,Van,2003-2008,越野车,两厢车,通用标准：Van,,
EU,Mercedes-benz Vito / mixto 639.601 Van 2004-2008 EU,Mercedes-benz,Vito / mixto,Van,2004-2008,越野车,两厢车,通用标准：Van,,
EU,Mercedes-benz Vito / mixto 639.601 Van 2006-2014 EU,Mercedes-benz,Vito / mixto,Van,2006-2014,越野车,两厢车,通用标准：Van,,
EU,Mercedes-benz Vito / mixto 639.601 Van 2007-2014 EU,Mercedes-benz,Vito / mixto,Van,2007-2014,越野车,两厢车,通用标准：Van,,
EU,Mercedes-benz Vito / mixto 639.601 compact L4763 W1901 H1902 Van 2010-2014 EU,Mercedes-benz,Vito / mixto,Van,2010-2014,越野车,两厢车,通用标准：Van,,
EU,Mercedes-benz Vito / mixto 639.601 compact L4763 W1901 H1962 Van 2010-2014 EU,Mercedes-benz,Vito / mixto,Van,2010-2014,越野车,两厢车,通用标准：Van,,
EU,Mercedes-benz Vito / mixto 639.601 compact facelift Van 2003-2014 EU,Mercedes-benz,Vito / mixto,Van,2003-2014,越野车,两厢车,通用标准：Van,,
EU,Mercedes-benz Vito / mixto 639.601 compact prefl Van 2003-2014 EU,Mercedes-benz,Vito / mixto,Van,2003-2014,越野车,两厢车,通用标准：Van,,
EU,Mercedes-benz Vito / mixto 639.603 Van 2003-2004 EU,Mercedes-benz,Vito / mixto,Van,2003-2004,越野车,两厢车,通用标准：Van,,
EU,Mercedes-benz Vito / mixto 639.603 Van 2003-2006 EU,Mercedes-benz,Vito / mixto,Van,2003-2006,越野车,两厢车,通用标准：Van,,
EU,Mercedes-benz Vito / mixto 639.603 Van 2003-2007 EU,Mercedes-benz,Vito / mixto,Van,2003-2007,越野车,两厢车,通用标准：Van,,
EU,Mercedes-benz Vito / mixto 639.603 Van 2003-2008 EU,Mercedes-benz,Vito / mixto,Van,2003-2008,越野车,两厢车,通用标准：Van,,
EU,Mercedes-benz Vito / mixto 639.603 Van 2004-2008 EU,Mercedes-benz,Vito / mixto,Van,2004-2008,越野车,两厢车,通用标准：Van,,
EU,Mercedes-benz Vito / mixto 639.603 Van 2007-2014 EU,Mercedes-benz,Vito / mixto,Van,2007-2014,越野车,两厢车,通用标准：Van,,
EU,Mercedes-benz Vito / mixto 639.603 long L5008 W1901 H1902 Van 2010-2014 EU,Mercedes-benz,Vito / mixto,Van,2010-2014,越野车,两厢车,通用标准：Van,,
EU,Mercedes-benz Vito / mixto 639.603 long L5008 W1901 H1962 Van 2010-2014 EU,Mercedes-benz,Vito / mixto,Van,2010-2014,越野车,两厢车,通用标准：Van,,
EU,Mercedes-benz Vito / mixto 639.603 long Van 2006-2014 EU,Mercedes-benz,Vito / mixto,Van,2006-2014,越野车,两厢车,通用标准：Van,,
EU,Mercedes-benz Vito / mixto 639.603 long facelift Van 2003-2014 EU,Mercedes-benz,Vito / mixto,Van,2003-2014,越野车,两厢车,通用标准：Van,,
EU,Mercedes-benz Vito / mixto 639.603 long highroof Van 2006-2014 EU,Mercedes-benz,Vito / mixto,Van,2006-2014,越野车,两厢车,通用标准：Van,,
EU,Mercedes-benz Vito / mixto 639.603 long highroof Van 2010-2014 EU,Mercedes-benz,Vito / mixto,Van,2010-2014,越野车,两厢车,通用标准：Van,,
EU,Mercedes-benz Vito / mixto 639.603 long prefl Van 2003-2014 EU,Mercedes-benz,Vito / mixto,Van,2003-2014,越野车,两厢车,通用标准：Van,,
EU,Mercedes-benz Vito / mixto 639.605 Van 2003-2004 EU,Mercedes-benz,Vito / mixto,Van,2003-2004,越野车,两厢车,通用标准：Van,,
EU,Mercedes-benz Vito / mixto 639.605 Van 2003-2006 EU,Mercedes-benz,Vito / mixto,Van,2003-2006,越野车,两厢车,通用标准：Van,,
EU,Mercedes-benz Vito / mixto 639.605 Van 2003-2007 EU,Mercedes-benz,Vito / mixto,Van,2003-2007,越野车,两厢车,通用标准：Van,,
EU,Mercedes-benz Vito / mixto 639.605 Van 2003-2008 EU,Mercedes-benz,Vito / mixto,Van,2003-2008,越野车,两厢车,通用标准：Van,,
EU,Mercedes-benz Vito / mixto 639.605 Van 2004-2008 EU,Mercedes-benz,Vito / mixto,Van,2004-2008,越野车,两厢车,通用标准：Van,,
EU,Mercedes-benz Vito / mixto 639.605 Van 2006-2014 EU,Mercedes-benz,Vito / mixto,Van,2006-2014,越野车,两厢车,通用标准：Van,,
EU,Mercedes-benz Vito / mixto 639.605 Van 2007-2014 EU,Mercedes-benz,Vito / mixto,Van,2007-2014,越野车,两厢车,通用标准：Van,,
EU,Mercedes-benz Vito / mixto 639.605 extralong L5238 W1901 H1900 Van 2010-2014 EU,Mercedes-benz,Vito / mixto,Van,2010-2014,越野车,两厢车,通用标准：Van,,
EU,Mercedes-benz Vito / mixto 639.605 extralong L5238 W1901 H1960 Van 2010-2014 EU,Mercedes-benz,Vito / mixto,Van,2010-2014,越野车,两厢车,通用标准：Van,,
EU,Mercedes-benz Vito / mixto 639.605 extralong facelift Van 2003-2014 EU,Mercedes-benz,Vito / mixto,Van,2003-2014,越野车,两厢车,通用标准：Van,,
EU,Mercedes-benz Vito / mixto 639.605 extralong prefl Van 2003-2014 EU,Mercedes-benz,Vito / mixto,Van,2003-2014,越野车,两厢车,通用标准：Van,,
EU,Mercedes-benz Vito / mixto Van 2011-2014 EU,Mercedes-benz,Vito / mixto,Van,2011-2014,越野车,两厢车,通用标准：Van,,
EU,Mercedes-benz Vito / mixto W639 compact Van 2004-2008 EU,Mercedes-benz,Vito / mixto,Van,2004-2008,越野车,两厢车,通用标准：Van,,
EU,Mercedes-benz Vito / mixto W639 extralong Van 2004-2008 EU,Mercedes-benz,Vito / mixto,Van,2004-2008,越野车,两厢车,通用标准：Van,,
EU,Mercedes-benz Vito / mixto W639 long Van 2004-2008 EU,Mercedes-benz,Vito / mixto,Van,2004-2008,越野车,两厢车,通用标准：Van,,
EU,Mercedes-benz Vito / mixto W639 long highroof Van 2004-2008 EU,Mercedes-benz,Vito / mixto,Van,2004-2008,越野车,两厢车,通用标准：Van,,
EU,Mercedes-benz Vito / mixto compact Van 2006-2014 EU,Mercedes-benz,Vito / mixto,Van,2006-2014,越野车,两厢车,通用标准：Van,,
EU,Mercedes-benz Vito / mixto compact Van 2007-2014 EU,Mercedes-benz,Vito / mixto,Van,2007-2014,越野车,两厢车,通用标准：Van,,
EU,Mercedes-benz Vito / mixto extralong Van 2006-2014 EU,Mercedes-benz,Vito / mixto,Van,2006-2014,越野车,两厢车,通用标准：Van,,
EU,Mercedes-benz Vito / mixto extralong Van 2007-2014 EU,Mercedes-benz,Vito / mixto,Van,2007-2014,越野车,两厢车,通用标准：Van,,
EU,Mercedes-benz Vito / mixto long Van 2006-2014 EU,Mercedes-benz,Vito / mixto,Van,2006-2014,越野车,两厢车,通用标准：Van,,
EU,Mercedes-benz Vito / mixto long highroof Van 2007-2014 EU,Mercedes-benz,Vito / mixto,Van,2007-2014,越野车,两厢车,通用标准：Van,,
EU,Mercedes-benz Vito / mixto long lowroof Van 2007-2014 EU,Mercedes-benz,Vito / mixto,Van,2007-2014,越野车,两厢车,通用标准：Van,,
EU,Mercedes-benz Vito 447.601 MPV 2014-2026 EU,Mercedes-benz,Vito,MPV,2014-2026,越野车,两厢车,通用标准：MPV,,
EU,Mercedes-benz Vito 447.601 MPV 2015-2026 EU,Mercedes-benz,Vito,MPV,2015-2026,越野车,两厢车,通用标准：MPV,,
EU,Mercedes-benz Vito 447.601 MPV 2021-2026 EU,Mercedes-benz,Vito,MPV,2021-2026,越野车,两厢车,通用标准：MPV,,
EU,Mercedes-benz Vito 447.603 Van 2014-2026 EU,Mercedes-benz,Vito,Van,2014-2026,越野车,两厢车,通用标准：Van,,
EU,Mercedes-benz Vito 447.603 Van 2015-2026 EU,Mercedes-benz,Vito,Van,2015-2026,越野车,两厢车,通用标准：Van,,
EU,Mercedes-benz Vito 447.603 Van 2021-2026 EU,Mercedes-benz,Vito,Van,2021-2026,越野车,两厢车,通用标准：Van,,
EU,Mercedes-benz Vito 447.603 Van 2025-2026 EU,Mercedes-benz,Vito,Van,2025-2026,越野车,两厢车,通用标准：Van,,
EU,Mercedes-benz Vito 447.605 Van 2014-2026 EU,Mercedes-benz,Vito,Van,2014-2026,越野车,两厢车,通用标准：Van,,
EU,Mercedes-benz Vito 447.605 Van 2015-2026 EU,Mercedes-benz,Vito,Van,2015-2026,越野车,两厢车,通用标准：Van,,
EU,Mercedes-benz Vito 447.605 Van 2021-2026 EU,Mercedes-benz,Vito,Van,2021-2026,越野车,两厢车,通用标准：Van,,
EU,Mercedes-benz Vito 447.605 Van 2025-2026 EU,Mercedes-benz,Vito,Van,2025-2026,越野车,两厢车,通用标准：Van,,
EU,Mercedes-benz Vito 639.701 MPV 2006-2026 EU,Mercedes-benz,Vito,MPV,2006-2026,越野车,两厢车,通用标准：MPV,,
EU,Mercedes-benz Vito 639.701 MPV 2007-2014 EU,Mercedes-benz,Vito,MPV,2007-2014,越野车,两厢车,通用标准：MPV,,
EU,Mercedes-benz Vito 639.701 MPV 2007-2026 EU,Mercedes-benz,Vito,MPV,2007-2026,越野车,两厢车,通用标准：MPV,,
EU,Mercedes-benz Vito 639.701 MPV 2010-2014 EU,Mercedes-benz,Vito,MPV,2010-2014,越野车,两厢车,通用标准：MPV,,
EU,Mercedes-benz Vito 639.701 MPV 2010-2026 EU,Mercedes-benz,Vito,MPV,2010-2026,越野车,两厢车,通用标准：MPV,,
EU,Mercedes-benz Vito 639.701 Van 2003-2026 EU,Mercedes-benz,Vito,Van,2003-2026,越野车,两厢车,通用标准：Van,,
EU,Mercedes-benz Vito 639.701 Van 2004-2008 EU,Mercedes-benz,Vito,Van,2004-2008,越野车,两厢车,通用标准：Van,,
EU,Mercedes-benz Vito 639.703 MPV 2006-2026 EU,Mercedes-benz,Vito,MPV,2006-2026,越野车,两厢车,通用标准：MPV,,
EU,Mercedes-benz Vito 639.703 MPV 2007-2014 EU,Mercedes-benz,Vito,MPV,2007-2014,越野车,两厢车,通用标准：MPV,,
EU,Mercedes-benz Vito 639.703 MPV 2007-2026 EU,Mercedes-benz,Vito,MPV,2007-2026,越野车,两厢车,通用标准：MPV,,
EU,Mercedes-benz Vito 639.703 MPV 2010-2014 EU,Mercedes-benz,Vito,MPV,2010-2014,越野车,两厢车,通用标准：MPV,,
EU,Mercedes-benz Vito 639.703 MPV 2010-2026 EU,Mercedes-benz,Vito,MPV,2010-2026,越野车,两厢车,通用标准：MPV,,
EU,Mercedes-benz Vito 639.703 Van 2003-2026 EU,Mercedes-benz,Vito,Van,2003-2026,越野车,两厢车,通用标准：Van,,
EU,Mercedes-benz Vito 639.703 Van 2004-2008 EU,Mercedes-benz,Vito,Van,2004-2008,越野车,两厢车,通用标准：Van,,
EU,Mercedes-benz Vito 639.705 MPV 2006-2026 EU,Mercedes-benz,Vito,MPV,2006-2026,越野车,两厢车,通用标准：MPV,,
EU,Mercedes-benz Vito 639.705 MPV 2007-2014 EU,Mercedes-benz,Vito,MPV,2007-2014,越野车,两厢车,通用标准：MPV,,
EU,Mercedes-benz Vito 639.705 MPV 2007-2026 EU,Mercedes-benz,Vito,MPV,2007-2026,越野车,两厢车,通用标准：MPV,,
EU,Mercedes-benz Vito 639.705 MPV 2010-2014 EU,Mercedes-benz,Vito,MPV,2010-2014,越野车,两厢车,通用标准：MPV,,
EU,Mercedes-benz Vito 639.705 MPV 2010-2026 EU,Mercedes-benz,Vito,MPV,2010-2026,越野车,两厢车,通用标准：MPV,,
EU,Mercedes-benz Vito 639.705 Van 2003-2026 EU,Mercedes-benz,Vito,Van,2003-2026,越野车,两厢车,通用标准：Van,,
EU,Mercedes-benz Vito 639.705 Van 2004-2008 EU,Mercedes-benz,Vito,Van,2004-2008,越野车,两厢车,通用标准：Van,,
EU,Mercedes-benz Vito MPV 1996-2003 EU,Mercedes-benz,Vito,MPV,1996-2003,越野车,两厢车,通用标准：MPV,,
EU,Mercedes-benz Vito MPV 1997-2003 EU,Mercedes-benz,Vito,MPV,1997-2003,越野车,两厢车,通用标准：MPV,,
EU,Mercedes-benz Vito MPV 1999-2003 EU,Mercedes-benz,Vito,MPV,1999-2003,越野车,两厢车,通用标准：MPV,,
EU,Mercedes-benz Vito Van 2012-2026 EU,Mercedes-benz,Vito,Van,2012-2026,越野车,两厢车,通用标准：Van,,
EU,Mercedes-benz Vito W447 compact MPV 2020-2026 EU,Mercedes-benz,Vito,MPV,2020-2026,越野车,两厢车,通用标准：MPV,,
EU,Mercedes-benz Vito W447 compact Van 2019-2026 EU,Mercedes-benz,Vito,Van,2019-2026,越野车,两厢车,通用标准：Van,,
EU,Mercedes-benz Vito W447 compact Van 2020-2026 EU,Mercedes-benz,Vito,Van,2020-2026,越野车,两厢车,通用标准：Van,,
EU,Mercedes-benz Vito W447 extra long Van 2019-2026 EU,Mercedes-benz,Vito,Van,2019-2026,越野车,两厢车,通用标准：Van,,
EU,Mercedes-benz Vito W447 extra long Van 2020-2026 EU,Mercedes-benz,Vito,Van,2020-2026,越野车,两厢车,通用标准：Van,,
EU,Mercedes-benz Vito W447 extralong MPV 2020-2026 EU,Mercedes-benz,Vito,MPV,2020-2026,越野车,两厢车,通用标准：MPV,,
EU,Mercedes-benz Vito W447 extralong Van 2019-2026 EU,Mercedes-benz,Vito,Van,2019-2026,越野车,两厢车,通用标准：Van,,
EU,Mercedes-benz Vito W447 long L5140 W1928 H1910 Van 2019-2026 EU,Mercedes-benz,Vito,Van,2019-2026,越野车,两厢车,通用标准：Van,,
EU,Mercedes-benz Vito W447 long L5140 W1928 H1941 Van 2019-2026 EU,Mercedes-benz,Vito,Van,2019-2026,越野车,两厢车,通用标准：Van,,
EU,Mercedes-benz Vito W447 long MPV 2020-2026 EU,Mercedes-benz,Vito,MPV,2020-2026,越野车,两厢车,通用标准：MPV,,
EU,Mercedes-benz Vito W447 long Van 2020-2026 EU,Mercedes-benz,Vito,Van,2020-2026,越野车,两厢车,通用标准：Van,,
EU,Mercedes-benz Vito W638 Bus 1996-2003 EU,Mercedes-benz,Vito,Bus,1996-2003,越野车,两厢车,通用标准：Bus,,
EU,Mercedes-benz Vito W639 compact Bus 2010-2014 EU,Mercedes-benz,Vito,Bus,2010-2014,越野车,两厢车,通用标准：Bus,,
EU,Mercedes-benz Vito W639 extralong Bus 2010-2014 EU,Mercedes-benz,Vito,Bus,2010-2014,越野车,两厢车,通用标准：Bus,,
EU,Mercedes-benz Vito W639 long Bus 2010-2014 EU,Mercedes-benz,Vito,Bus,2010-2014,越野车,两厢车,通用标准：Bus,,
EU,Mercedes-benz Vito compact MPV 2006-2026 EU,Mercedes-benz,Vito,MPV,2006-2026,越野车,两厢车,通用标准：MPV,,
EU,Mercedes-benz Vito compact MPV 2007-2026 EU,Mercedes-benz,Vito,MPV,2007-2026,越野车,两厢车,通用标准：MPV,,
EU,Mercedes-benz Vito extralong MPV 2006-2026 EU,Mercedes-benz,Vito,MPV,2006-2026,越野车,两厢车,通用标准：MPV,,
EU,Mercedes-benz Vito extralong MPV 2007-2026 EU,Mercedes-benz,Vito,MPV,2007-2026,越野车,两厢车,通用标准：MPV,,
EU,Mercedes-benz Vito long MPV 2006-2026 EU,Mercedes-benz,Vito,MPV,2006-2026,越野车,两厢车,通用标准：MPV,,
EU,Mercedes-benz Vito long MPV 2007-2026 EU,Mercedes-benz,Vito,MPV,2007-2026,越野车,两厢车,通用标准：MPV,,
EU,Mercedes-benz Vito mixto 447.701 MPV 2014-2026 EU,Mercedes-benz,Vito mixto,MPV,2014-2026,越野车,两厢车,通用标准：MPV,,
EU,Mercedes-benz Vito mixto 447.701 MPV 2015-2026 EU,Mercedes-benz,Vito mixto,MPV,2015-2026,越野车,两厢车,通用标准：MPV,,
EU,Mercedes-benz Vito mixto 447.701 MPV 2020-2020 EU,Mercedes-benz,Vito mixto,MPV,2020-2020,越野车,两厢车,通用标准：MPV,,
EU,Mercedes-benz Vito mixto 447.701 MPV 2021-2026 EU,Mercedes-benz,Vito mixto,MPV,2021-2026,越野车,两厢车,通用标准：MPV,,
EU,Mercedes-benz Vito mixto 447.701 Van 2019-2026 EU,Mercedes-benz,Vito mixto,Van,2019-2026,越野车,两厢车,通用标准：Van,,
EU,Mercedes-benz Vito mixto 447.703 MPV 2020-2020 EU,Mercedes-benz,Vito mixto,MPV,2020-2020,越野车,两厢车,通用标准：MPV,,
EU,Mercedes-benz Vito mixto 447.703 Van 2014-2026 EU,Mercedes-benz,Vito mixto,Van,2014-2026,越野车,两厢车,通用标准：Van,,
EU,Mercedes-benz Vito mixto 447.703 Van 2015-2026 EU,Mercedes-benz,Vito mixto,Van,2015-2026,越野车,两厢车,通用标准：Van,,
EU,Mercedes-benz Vito mixto 447.703 Van 2019-2026 EU,Mercedes-benz,Vito mixto,Van,2019-2026,越野车,两厢车,通用标准：Van,,
EU,Mercedes-benz Vito mixto 447.703 Van 2021-2026 EU,Mercedes-benz,Vito mixto,Van,2021-2026,越野车,两厢车,通用标准：Van,,
EU,Mercedes-benz Vito mixto 447.703 Van 2024-2026 EU,Mercedes-benz,Vito mixto,Van,2024-2026,越野车,两厢车,通用标准：Van,,
EU,Mercedes-benz Vito mixto 447.705 MPV 2020-2020 EU,Mercedes-benz,Vito mixto,MPV,2020-2020,越野车,两厢车,通用标准：MPV,,
EU,Mercedes-benz Vito mixto 447.705 Van 2014-2026 EU,Mercedes-benz,Vito mixto,Van,2014-2026,越野车,两厢车,通用标准：Van,,
EU,Mercedes-benz Vito mixto 447.705 Van 2015-2026 EU,Mercedes-benz,Vito mixto,Van,2015-2026,越野车,两厢车,通用标准：Van,,
EU,Mercedes-benz Vito mixto 447.705 Van 2019-2026 EU,Mercedes-benz,Vito mixto,Van,2019-2026,越野车,两厢车,通用标准：Van,,
EU,Mercedes-benz Vito mixto 447.705 Van 2021-2026 EU,Mercedes-benz,Vito mixto,Van,2021-2026,越野车,两厢车,通用标准：Van,,
EU,Mercedes-benz Vito mixto 447.705 Van 2024-2026 EU,Mercedes-benz,Vito mixto,Van,2024-2026,越野车,两厢车,通用标准：Van,,
EU,Mercedes-benz Vito mixto W447 compact MPV 2020-2020 EU,Mercedes-benz,Vito mixto,MPV,2020-2020,越野车,两厢车,通用标准：MPV,,
EU,Mercedes-benz Vito mixto W447 compact Van 2019-2026 EU,Mercedes-benz,Vito mixto,Van,2019-2026,越野车,两厢车,通用标准：Van,,
EU,Mercedes-benz Vito mixto W447 extralong MPV 2020-2020 EU,Mercedes-benz,Vito mixto,MPV,2020-2020,越野车,两厢车,通用标准：MPV,,
EU,Mercedes-benz Vito mixto W447 extralong Van 2019-2026 EU,Mercedes-benz,Vito mixto,Van,2019-2026,越野车,两厢车,通用标准：Van,,
EU,Mercedes-benz Vito mixto W447 long MPV 2020-2020 EU,Mercedes-benz,Vito mixto,MPV,2020-2020,越野车,两厢车,通用标准：MPV,,
EU,Mercedes-benz Vito mixto W447 long Van 2019-2026 EU,Mercedes-benz,Vito mixto,Van,2019-2026,越野车,两厢车,通用标准：Van,,
EU,Mercedes-benz Vito tourer 447.701 MPV 2014-2026 EU,Mercedes-benz,Vito tourer,MPV,2014-2026,越野车,两厢车,通用标准：MPV,,
EU,Mercedes-benz Vito tourer 447.701 MPV 2020-2020 EU,Mercedes-benz,Vito tourer,MPV,2020-2020,越野车,两厢车,通用标准：MPV,,
EU,Mercedes-benz Vito tourer 447.701 MPV 2020-2026 EU,Mercedes-benz,Vito tourer,MPV,2020-2026,越野车,两厢车,通用标准：MPV,,
EU,Mercedes-benz Vito tourer 447.703 MPV 2020-2020 EU,Mercedes-benz,Vito tourer,MPV,2020-2020,越野车,两厢车,通用标准：MPV,,
EU,Mercedes-benz Vito tourer 447.703 MPV 2020-2026 EU,Mercedes-benz,Vito tourer,MPV,2020-2026,越野车,两厢车,通用标准：MPV,,
EU,Mercedes-benz Vito tourer 447.703 Van 2014-2026 EU,Mercedes-benz,Vito tourer,Van,2014-2026,越野车,两厢车,通用标准：Van,,
EU,Mercedes-benz Vito tourer 447.703 Van 2024-2026 EU,Mercedes-benz,Vito tourer,Van,2024-2026,越野车,两厢车,通用标准：Van,,
EU,Mercedes-benz Vito tourer 447.705 MPV 2020-2020 EU,Mercedes-benz,Vito tourer,MPV,2020-2020,越野车,两厢车,通用标准：MPV,,
EU,Mercedes-benz Vito tourer 447.705 MPV 2020-2026 EU,Mercedes-benz,Vito tourer,MPV,2020-2026,越野车,两厢车,通用标准：MPV,,
EU,Mercedes-benz Vito tourer 447.705 Van 2014-2026 EU,Mercedes-benz,Vito tourer,Van,2014-2026,越野车,两厢车,通用标准：Van,,
EU,Mercedes-benz Vito tourer 447.705 Van 2024-2026 EU,Mercedes-benz,Vito tourer,Van,2024-2026,越野车,两厢车,通用标准：Van,,
EU,Mercedes-benz Vito tourer W447 MPV 2014-2026 EU,Mercedes-benz,Vito tourer,MPV,2014-2026,越野车,两厢车,通用标准：MPV,,
EU,Mercedes-benz Vito tourer W447 MPV 2015-2026 EU,Mercedes-benz,Vito tourer,MPV,2015-2026,越野车,两厢车,通用标准：MPV,,
EU,Mercedes-benz Vito tourer W447 MPV 2021-2026 EU,Mercedes-benz,Vito tourer,MPV,2021-2026,越野车,两厢车,通用标准：MPV,,
EU,Mercedes-benz Vito tourer W447 compact MPV 2020-2020 EU,Mercedes-benz,Vito tourer,MPV,2020-2020,越野车,两厢车,通用标准：MPV,,
EU,Mercedes-benz Vito tourer W447 compact MPV 2020-2026 EU,Mercedes-benz,Vito tourer,MPV,2020-2026,越野车,两厢车,通用标准：MPV,,
EU,Mercedes-benz Vito tourer W447 compact Van 2019-2026 EU,Mercedes-benz,Vito tourer,Van,2019-2026,越野车,两厢车,通用标准：Van,,
EU,Mercedes-benz Vito tourer W447 extra long MPV 2019-2026 EU,Mercedes-benz,Vito tourer,MPV,2019-2026,越野车,两厢车,通用标准：MPV,,
EU,Mercedes-benz Vito tourer W447 extralong L5370 W1928 H1910 MPV 2020-2026 EU,Mercedes-benz,Vito tourer,MPV,2020-2026,越野车,两厢车,通用标准：MPV,,
EU,Mercedes-benz Vito tourer W447 extralong L5370 W1928 H1934 MPV 2020-2026 EU,Mercedes-benz,Vito tourer,MPV,2020-2026,越野车,两厢车,通用标准：MPV,,
EU,Mercedes-benz Vito tourer W447 extralong MPV 2020-2020 EU,Mercedes-benz,Vito tourer,MPV,2020-2020,越野车,两厢车,通用标准：MPV,,
EU,Mercedes-benz Vito tourer W447 extralong Van 2014-2026 EU,Mercedes-benz,Vito tourer,Van,2014-2026,越野车,两厢车,通用标准：Van,,
EU,Mercedes-benz Vito tourer W447 extralong Van 2015-2026 EU,Mercedes-benz,Vito tourer,Van,2015-2026,越野车,两厢车,通用标准：Van,,
EU,Mercedes-benz Vito tourer W447 extralong Van 2019-2026 EU,Mercedes-benz,Vito tourer,Van,2019-2026,越野车,两厢车,通用标准：Van,,
EU,Mercedes-benz Vito tourer W447 extralong Van 2021-2026 EU,Mercedes-benz,Vito tourer,Van,2021-2026,越野车,两厢车,通用标准：Van,,
EU,Mercedes-benz Vito tourer W447 long L5140 W1928 H1910 MPV 2020-2026 EU,Mercedes-benz,Vito tourer,MPV,2020-2026,越野车,两厢车,通用标准：MPV,,
EU,Mercedes-benz Vito tourer W447 long L5140 W1928 H1934 MPV 2020-2026 EU,Mercedes-benz,Vito tourer,MPV,2020-2026,越野车,两厢车,通用标准：MPV,,
EU,Mercedes-benz Vito tourer W447 long MPV 2019-2026 EU,Mercedes-benz,Vito tourer,MPV,2019-2026,越野车,两厢车,通用标准：MPV,,
EU,Mercedes-benz Vito tourer W447 long MPV 2020-2020 EU,Mercedes-benz,Vito tourer,MPV,2020-2020,越野车,两厢车,通用标准：MPV,,
EU,Mercedes-benz Vito tourer W447 long Van 2014-2026 EU,Mercedes-benz,Vito tourer,Van,2014-2026,越野车,两厢车,通用标准：Van,,
EU,Mercedes-benz Vito tourer W447 long Van 2015-2026 EU,Mercedes-benz,Vito tourer,Van,2015-2026,越野车,两厢车,通用标准：Van,,
EU,Mercedes-benz Vito tourer W447 long Van 2019-2026 EU,Mercedes-benz,Vito tourer,Van,2019-2026,越野车,两厢车,通用标准：Van,,
EU,Mercedes-benz Vito tourer W447 long Van 2021-2026 EU,Mercedes-benz,Vito tourer,Van,2021-2026,越野车,两厢车,通用标准：Van,,
EU,Mercedes-benz Vle MPV 2026-2026 EU,Mercedes-benz,Vle,MPV,2026-2026,越野车,两厢车,通用标准：MPV,,
EU,Mercury Villager mini passenger van VX54 facelift MPV 1992-1998 EU,Mercury,Villager mini passenger van,MPV,1992-1998,越野车,两厢车,通用标准：MPV,,
EU,Mercury Villager mini passenger van VX54 prefl MPV 1992-1998 EU,Mercury,Villager mini passenger van,MPV,1992-1998,越野车,两厢车,通用标准：MPV,,
EU,Metrocab Taxi Wagon 2001-2006 EU,Metrocab,Taxi,Wagon,2001-2006,三厢车,两厢车,通用标准：Wagon,,
EU,Metrocab Taxi original Wagon 1991-2006 EU,Metrocab,Taxi,Wagon,1991-2006,三厢车,两厢车,通用标准：Wagon,,
EU,Metrocab Taxi ttt Wagon 1991-2006 EU,Metrocab,Taxi,Wagon,1991-2006,三厢车,两厢车,通用标准：Wagon,,
EU,Mini Mini F54 Wagon 2014-2018 EU,Mini,Mini,Wagon,2014-2018,三厢车,两厢车,通用标准：Wagon,,
EU,Mini Mini F54 Wagon 2014-2019 EU,Mini,Mini,Wagon,2014-2019,三厢车,两厢车,通用标准：Wagon,,
EU,Mini Mini F54 Wagon 2014-2026 EU,Mini,Mini,Wagon,2014-2026,三厢车,两厢车,通用标准：Wagon,,
EU,Mini Mini F54 Wagon 2015-2019 EU,Mini,Mini,Wagon,2015-2019,三厢车,两厢车,通用标准：Wagon,,
EU,Mini Mini F54 Wagon 2015-2024 EU,Mini,Mini,Wagon,2015-2024,三厢车,两厢车,通用标准：Wagon,,
EU,Mini Mini F54 Wagon 2015-2026 EU,Mini,Mini,Wagon,2015-2026,三厢车,两厢车,通用标准：Wagon,,
EU,Mini Mini F54 Wagon 2016-2024 EU,Mini,Mini,Wagon,2016-2024,三厢车,两厢车,通用标准：Wagon,,
EU,Mini Mini F54 Wagon 2019-2026 EU,Mini,Mini,Wagon,2019-2026,三厢车,两厢车,通用标准：Wagon,,
EU,Mini Mini F54 Wagon 2020-2026 EU,Mini,Mini,Wagon,2020-2026,三厢车,两厢车,通用标准：Wagon,,
EU,Mini Mini R55 L3945 W1683 H1426 Wagon 2007-2010 EU,Mini,Mini,Wagon,2007-2010,三厢车,两厢车,通用标准：Wagon,,
EU,Mini Mini R55 L3958 W1683 H1432 Wagon 2007-2010 EU,Mini,Mini,Wagon,2007-2010,三厢车,两厢车,通用标准：Wagon,,
EU,Mini Mini R55 L3958 W1683 H1432 Wagon 2010-2016 EU,Mini,Mini,Wagon,2010-2016,三厢车,两厢车,通用标准：Wagon,,
EU,Mini Mini R55 L3961 W1683 H1426 Wagon 2011-2014 EU,Mini,Mini,Wagon,2011-2014,三厢车,两厢车,通用标准：Wagon,,
EU,Mini Mini R55 L3961 W1683 H1432 Wagon 2010-2016 EU,Mini,Mini,Wagon,2010-2016,三厢车,两厢车,通用标准：Wagon,,
EU,Mini Mini R55 L3961 W1683 H1432 Wagon 2011-2014 EU,Mini,Mini,Wagon,2011-2014,三厢车,两厢车,通用标准：Wagon,,
EU,Mini Mini R55 Van 2009-2010 EU,Mini,Mini,Van,2009-2010,越野车,两厢车,通用标准：Van,,
EU,Mini Mini R55 Van 2010-2014 EU,Mini,Mini,Van,2010-2014,越野车,两厢车,通用标准：Van,,
EU,Mini Mini R55 Van 2012-2014 EU,Mini,Mini,Van,2012-2014,越野车,两厢车,通用标准：Van,,
EU,Mini Mini R55 Wagon 2007-2013 EU,Mini,Mini,Wagon,2007-2013,三厢车,两厢车,通用标准：Wagon,,
EU,Mini Mini R55 Wagon 2007-2014 EU,Mini,Mini,Wagon,2007-2014,三厢车,两厢车,通用标准：Wagon,,
EU,Mini Mini R55 Wagon 2008-2010 EU,Mini,Mini,Wagon,2008-2010,三厢车,两厢车,通用标准：Wagon,,
EU,Mini Mini R55 Wagon 2011-2016 EU,Mini,Mini,Wagon,2011-2016,三厢车,两厢车,通用标准：Wagon,,
EU,Mini Mini R55 facelift L3961 W1683 H1426 Wagon 2010-2014 EU,Mini,Mini,Wagon,2010-2014,三厢车,两厢车,通用标准：Wagon,,
EU,Mini Mini R55 facelift L3961 W1683 H1432 Wagon 2010-2014 EU,Mini,Mini,Wagon,2010-2014,三厢车,两厢车,通用标准：Wagon,,
EU,Mini Mini R55 facelift Wagon 2007-2014 EU,Mini,Mini,Wagon,2007-2014,三厢车,两厢车,通用标准：Wagon,,
EU,Mini Mini R55 prefl L3937 W1683 H1426 Wagon 2010-2014 EU,Mini,Mini,Wagon,2010-2014,三厢车,两厢车,通用标准：Wagon,,
EU,Mini Mini R55 prefl L3958 W1683 H1432 Wagon 2010-2014 EU,Mini,Mini,Wagon,2010-2014,三厢车,两厢车,通用标准：Wagon,,
EU,Mitsubishi Delica / space gear L400 MPV 1995-2000 EU,Mitsubishi,Delica / space gear,MPV,1995-2000,越野车,两厢车,通用标准：MPV,,
EU,Mitsubishi Delica / space gear L400 MPV 1995-2002 EU,Mitsubishi,Delica / space gear,MPV,1995-2002,越野车,两厢车,通用标准：MPV,,
EU,Mitsubishi Delica / space gear PA4W pa4w facelift lowroof MPV 1994-2004 EU,Mitsubishi,Delica / space gear,MPV,1994-2004,越野车,两厢车,通用标准：MPV,,
EU,Mitsubishi Delica / space gear PA4W pa4w prefl highroof MPV 1994-2004 EU,Mitsubishi,Delica / space gear,MPV,1994-2004,越野车,两厢车,通用标准：MPV,,
EU,Mitsubishi Delica / space gear PA4W pa4w prefl lowroof MPV 1994-2004 EU,Mitsubishi,Delica / space gear,MPV,1994-2004,越野车,两厢车,通用标准：MPV,,
EU,Mitsubishi Delica / space gear PB4W MPV 1994-2004 EU,Mitsubishi,Delica / space gear,MPV,1994-2004,越野车,两厢车,通用标准：MPV,,
EU,Mitsubishi Delica / space gear PC4W MPV 1994-2004 EU,Mitsubishi,Delica / space gear,MPV,1994-2004,越野车,两厢车,通用标准：MPV,,
EU,Mitsubishi Galant iii station wagon Wagon 1979-1980 EU,Mitsubishi,Galant iii station wagon,Wagon,1979-1980,三厢车,两厢车,通用标准：Wagon,,
EU,Mitsubishi Galant iv station wagon A161V Wagon 1980-1984 EU,Mitsubishi,Galant iv station wagon,Wagon,1980-1984,三厢车,两厢车,通用标准：Wagon,,
EU,Mitsubishi Galant iv station wagon A163V Wagon 1980-1983 EU,Mitsubishi,Galant iv station wagon,Wagon,1980-1983,三厢车,两厢车,通用标准：Wagon,,
EU,Mitsubishi Galant iv station wagon A167V Wagon 1983-1984 EU,Mitsubishi,Galant iv station wagon,Wagon,1983-1984,三厢车,两厢车,通用标准：Wagon,,
EU,Mitsubishi Galant viii EA2W Wagon 1996-2000 EU,Mitsubishi,Galant viii,Wagon,1996-2000,三厢车,两厢车,通用标准：Wagon,,
EU,Mitsubishi Galant viii EA2W Wagon 2000-2003 EU,Mitsubishi,Galant viii,Wagon,2000-2003,三厢车,两厢车,通用标准：Wagon,,
EU,Mitsubishi Galant viii EA3W Wagon 1999-2003 EU,Mitsubishi,Galant viii,Wagon,1999-2003,三厢车,两厢车,通用标准：Wagon,,
EU,Mitsubishi Galant viii EA3W Wagon 2000-2003 EU,Mitsubishi,Galant viii,Wagon,2000-2003,三厢车,两厢车,通用标准：Wagon,,
EU,Mitsubishi Galant viii EA5W Wagon 1996-2000 EU,Mitsubishi,Galant viii,Wagon,1996-2000,三厢车,两厢车,通用标准：Wagon,,
EU,Mitsubishi Galant viii EA5W Wagon 2000-2003 EU,Mitsubishi,Galant viii,Wagon,2000-2003,三厢车,两厢车,通用标准：Wagon,,
EU,Mitsubishi Galant viii EA6W Wagon 1996-2003 EU,Mitsubishi,Galant viii,Wagon,1996-2003,三厢车,两厢车,通用标准：Wagon,,
EU,Mitsubishi Grandis NA4W MPV 2004-2011 EU,Mitsubishi,Grandis,MPV,2004-2011,越野车,两厢车,通用标准：MPV,,
EU,Mitsubishi Grandis NA4W MPV 2007-2010 EU,Mitsubishi,Grandis,MPV,2007-2010,越野车,两厢车,通用标准：MPV,,
EU,Mitsubishi Grandis NA8W MPV 2005-2010 EU,Mitsubishi,Grandis,MPV,2005-2010,越野车,两厢车,通用标准：MPV,,
EU,Mitsubishi L 300 / delica ii L035P MPV 1983-1986 EU,Mitsubishi,L 300 / delica ii,MPV,1983-1986,越野车,两厢车,通用标准：MPV,,
EU,Mitsubishi L 300 / delica ii L035P MPV 1984-1987 EU,Mitsubishi,L 300 / delica ii,MPV,1984-1987,越野车,两厢车,通用标准：MPV,,
EU,Mitsubishi L 300 / delica ii L035P lwb highroof Van 1983-1986 EU,Mitsubishi,L 300 / delica ii,Van,1983-1986,越野车,两厢车,通用标准：Van,,
EU,Mitsubishi L 300 / delica ii L035P swb lowroof Van 1983-1986 EU,Mitsubishi,L 300 / delica ii,Van,1983-1986,越野车,两厢车,通用标准：Van,,
EU,Mitsubishi L 300 / delica ii L037P MPV 1986-1987 EU,Mitsubishi,L 300 / delica ii,MPV,1986-1987,越野车,两厢车,通用标准：MPV,,
EU,Mitsubishi L 300 / delica ii L038P facelift Van 1983-1986 EU,Mitsubishi,L 300 / delica ii,Van,1983-1986,越野车,两厢车,通用标准：Van,,
EU,Mitsubishi L 300 / delica ii L038P prefl Van 1983-1986 EU,Mitsubishi,L 300 / delica ii,Van,1983-1986,越野车,两厢车,通用标准：Van,,
EU,Mitsubishi L 300 / delica ii L068P Van 1983-1986 EU,Mitsubishi,L 300 / delica ii,Van,1983-1986,越野车,两厢车,通用标准：Van,,
EU,Mitsubishi L 300 / delica ii Van 1984-1987 EU,Mitsubishi,L 300 / delica ii,Van,1984-1987,越野车,两厢车,通用标准：Van,,
EU,Mitsubishi L 300 / delica ii facelift Van 1980-1986 EU,Mitsubishi,L 300 / delica ii,Van,1980-1986,越野车,两厢车,通用标准：Van,,
EU,Mitsubishi L 300 / delica ii facelift Van 1981-1986 EU,Mitsubishi,L 300 / delica ii,Van,1981-1986,越野车,两厢车,通用标准：Van,,
EU,Mitsubishi L 300 / delica ii prefl Van 1980-1986 EU,Mitsubishi,L 300 / delica ii,Van,1980-1986,越野车,两厢车,通用标准：Van,,
EU,Mitsubishi L 300 / delica ii prefl Van 1981-1986 EU,Mitsubishi,L 300 / delica ii,Van,1981-1986,越野车,两厢车,通用标准：Van,,
EU,Mitsubishi L 300 iii Bus 1987-2003 EU,Mitsubishi,L 300 iii,Bus,1987-2003,越野车,两厢车,通用标准：Bus,,
EU,Mitsubishi L 300 iii MPV 1990-2004 EU,Mitsubishi,L 300 iii,MPV,1990-2004,越野车,两厢车,通用标准：MPV,,
EU,Mitsubishi L 300 iii MPV 1994-1998 EU,Mitsubishi,L 300 iii,MPV,1994-1998,越野车,两厢车,通用标准：MPV,,
EU,Mitsubishi L 300 iii P02V Van 1986-1994 EU,Mitsubishi,L 300 iii,Van,1986-1994,越野车,两厢车,通用标准：Van,,
EU,Mitsubishi L 300 iii P05V Van 1986-2006 EU,Mitsubishi,L 300 iii,Van,1986-2006,越野车,两厢车,通用标准：Van,,
EU,Mitsubishi L 300 iii P12V Van 1986-1994 EU,Mitsubishi,L 300 iii,Van,1986-1994,越野车,两厢车,通用标准：Van,,
EU,Mitsubishi L 300 iii P15V Van 1986-2006 EU,Mitsubishi,L 300 iii,Van,1986-2006,越野车,两厢车,通用标准：Van,,
EU,Mitsubishi L 300 iii P23V Van 1988-1994 EU,Mitsubishi,L 300 iii,Van,1988-1994,越野车,两厢车,通用标准：Van,,
EU,Mitsubishi L 300 iii facelift L4285 W1690 H1835 MPV 1986-2004 EU,Mitsubishi,L 300 iii,MPV,1986-2004,越野车,两厢车,通用标准：MPV,,
EU,Mitsubishi L 300 iii facelift L4375 W1690 H1975 MPV 1986-2004 EU,Mitsubishi,L 300 iii,MPV,1986-2004,越野车,两厢车,通用标准：MPV,,
EU,Mitsubishi L 300 iii facelift MPV 1986-1990 EU,Mitsubishi,L 300 iii,MPV,1986-1990,越野车,两厢车,通用标准：MPV,,
EU,Mitsubishi L 300 iii facelift MPV 1986-1994 EU,Mitsubishi,L 300 iii,MPV,1986-1994,越野车,两厢车,通用标准：MPV,,
EU,Mitsubishi L 300 iii facelift MPV 1987-2004 EU,Mitsubishi,L 300 iii,MPV,1987-2004,越野车,两厢车,通用标准：MPV,,
EU,Mitsubishi L 300 iii prefl L4275 W1690 H1835 MPV 1986-2004 EU,Mitsubishi,L 300 iii,MPV,1986-2004,越野车,两厢车,通用标准：MPV,,
EU,Mitsubishi L 300 iii prefl L4365 W1690 H1975 MPV 1986-2004 EU,Mitsubishi,L 300 iii,MPV,1986-2004,越野车,两厢车,通用标准：MPV,,
EU,Mitsubishi L 300 iii prefl MPV 1986-1990 EU,Mitsubishi,L 300 iii,MPV,1986-1990,越野车,两厢车,通用标准：MPV,,
EU,Mitsubishi L 300 iii prefl MPV 1986-1994 EU,Mitsubishi,L 300 iii,MPV,1986-1994,越野车,两厢车,通用标准：MPV,,
EU,Mitsubishi L 300 iii prefl MPV 1987-2004 EU,Mitsubishi,L 300 iii,MPV,1987-2004,越野车,两厢车,通用标准：MPV,,
EU,Mitsubishi L400 L4655 W1695 H1855 MPV 1996-2005 EU,Mitsubishi,L400,MPV,1996-2005,越野车,两厢车,通用标准：MPV,,
EU,Mitsubishi L400 L4655 W1695 H1965 MPV 1996-2005 EU,Mitsubishi,L400,MPV,1996-2005,越野车,两厢车,通用标准：MPV,,
EU,Mitsubishi L400 PA3V Van 1995-2002 EU,Mitsubishi,L400,Van,1995-2002,越野车,两厢车,通用标准：Van,,
EU,Mitsubishi L400 PA3V Van 1996-2001 EU,Mitsubishi,L400,Van,1996-2001,越野车,两厢车,通用标准：Van,,
EU,Mitsubishi L400 PA5V MPV 1996-2005 EU,Mitsubishi,L400,MPV,1996-2005,越野车,两厢车,通用标准：MPV,,
EU,Mitsubishi L400 PB3V Van 1995-2002 EU,Mitsubishi,L400,Van,1995-2002,越野车,两厢车,通用标准：Van,,
EU,Mitsubishi L400 PB3V Van 1996-2001 EU,Mitsubishi,L400,Van,1996-2001,越野车,两厢车,通用标准：Van,,
EU,Mitsubishi L400 PD5V MPV 1996-2005 EU,Mitsubishi,L400,MPV,1996-2005,越野车,两厢车,通用标准：MPV,,
EU,Mitsubishi L400 facelift L4655 W1695 H1855 MPV 1995-2000 EU,Mitsubishi,L400,MPV,1995-2000,越野车,两厢车,通用标准：MPV,,
EU,Mitsubishi L400 facelift L4655 W1695 H1965 MPV 1995-2000 EU,Mitsubishi,L400,MPV,1995-2000,越野车,两厢车,通用标准：MPV,,
EU,Mitsubishi L400 facelift MPV 1995-2005 EU,Mitsubishi,L400,MPV,1995-2005,越野车,两厢车,通用标准：MPV,,
EU,Mitsubishi L400 prefl L4595 W1695 H1855 MPV 1995-2000 EU,Mitsubishi,L400,MPV,1995-2000,越野车,两厢车,通用标准：MPV,,
EU,Mitsubishi L400 prefl L4595 W1695 H1965 MPV 1995-2000 EU,Mitsubishi,L400,MPV,1995-2000,越野车,两厢车,通用标准：MPV,,
EU,Mitsubishi L400 prefl MPV 1995-2005 EU,Mitsubishi,L400,MPV,1995-2005,越野车,两厢车,通用标准：MPV,,
EU,Mitsubishi Lancer cargo CS0W Van 2003-2008 EU,Mitsubishi,Lancer cargo,Van,2003-2008,越野车,两厢车,通用标准：Van,,
EU,Mitsubishi Lancer i station wagon Wagon 1978-1979 EU,Mitsubishi,Lancer i station wagon,Wagon,1978-1979,三厢车,两厢车,通用标准：Wagon,,
EU,Mitsubishi Lancer iii station wagon Wagon 1985-1986 EU,Mitsubishi,Lancer iii station wagon,Wagon,1985-1986,三厢车,两厢车,通用标准：Wagon,,
EU,Mitsubishi Lancer iii station wagon Wagon 1985-1987 EU,Mitsubishi,Lancer iii station wagon,Wagon,1985-1987,三厢车,两厢车,通用标准：Wagon,,
EU,Mitsubishi Lancer iii station wagon Wagon 1985-1989 EU,Mitsubishi,Lancer iii station wagon,Wagon,1985-1989,三厢车,两厢车,通用标准：Wagon,,
EU,Mitsubishi Lancer iii station wagon Wagon 1986-1992 EU,Mitsubishi,Lancer iii station wagon,Wagon,1986-1992,三厢车,两厢车,通用标准：Wagon,,
EU,Mitsubishi Lancer iii station wagon Wagon 1987-1987 EU,Mitsubishi,Lancer iii station wagon,Wagon,1987-1987,三厢车,两厢车,通用标准：Wagon,,
EU,Mitsubishi Lancer iii station wagon Wagon 1987-1989 EU,Mitsubishi,Lancer iii station wagon,Wagon,1987-1989,三厢车,两厢车,通用标准：Wagon,,
EU,Mitsubishi Lancer iii station wagon Wagon 1988-1990 EU,Mitsubishi,Lancer iii station wagon,Wagon,1988-1990,三厢车,两厢车,通用标准：Wagon,,
EU,Mitsubishi Lancer iii station wagon Wagon 1989-1990 EU,Mitsubishi,Lancer iii station wagon,Wagon,1989-1990,三厢车,两厢车,通用标准：Wagon,,
EU,Mitsubishi Lancer iii station wagon Wagon 1990-1991 EU,Mitsubishi,Lancer iii station wagon,Wagon,1990-1991,三厢车,两厢车,通用标准：Wagon,,
EU,Mitsubishi Lancer iii station wagon Wagon 1990-1992 EU,Mitsubishi,Lancer iii station wagon,Wagon,1990-1992,三厢车,两厢车,通用标准：Wagon,,
EU,Mitsubishi Lancer v station wagon CBW Wagon 1992-2003 EU,Mitsubishi,Lancer v station wagon,Wagon,1992-2003,三厢车,两厢车,通用标准：Wagon,,
EU,Mitsubishi Lancer v station wagon Wagon 1992-2003 EU,Mitsubishi,Lancer v station wagon,Wagon,1992-2003,三厢车,两厢车,通用标准：Wagon,,
EU,Mitsubishi Lancer vii Wagon 2003-2007 EU,Mitsubishi,Lancer vii,Wagon,2003-2007,三厢车,两厢车,通用标准：Wagon,,
EU,Mitsubishi Lancer vii Wagon 2003-2008 EU,Mitsubishi,Lancer vii,Wagon,2003-2008,三厢车,两厢车,通用标准：Wagon,,
EU,Mitsubishi Santamo UG MPV 1999-2004 EU,Mitsubishi,Santamo,MPV,1999-2004,越野车,两厢车,通用标准：MPV,,
EU,Mitsubishi Sigma F07W Wagon 1992-1996 EU,Mitsubishi,Sigma,Wagon,1992-1996,三厢车,两厢车,通用标准：Wagon,,
EU,Mitsubishi Space runner N11W MPV 1991-1999 EU,Mitsubishi,Space runner,MPV,1991-1999,越野车,两厢车,通用标准：MPV,,
EU,Mitsubishi Space runner N11W MPV 1996-1999 EU,Mitsubishi,Space runner,MPV,1996-1999,越野车,两厢车,通用标准：MPV,,
EU,Mitsubishi Space runner N13W MPV 1993-1997 EU,Mitsubishi,Space runner,MPV,1993-1997,越野车,两厢车,通用标准：MPV,,
EU,Mitsubishi Space runner N18W MPV 1992-1999 EU,Mitsubishi,Space runner,MPV,1992-1999,越野车,两厢车,通用标准：MPV,,
EU,Mitsubishi Space runner N21W MPV 1991-1999 EU,Mitsubishi,Space runner,MPV,1991-1999,越野车,两厢车,通用标准：MPV,,
EU,Mitsubishi Space runner N21W MPV 1996-1999 EU,Mitsubishi,Space runner,MPV,1996-1999,越野车,两厢车,通用标准：MPV,,
EU,Mitsubishi Space runner N63W highroof MPV 1999-2002 EU,Mitsubishi,Space runner,MPV,1999-2002,越野车,两厢车,通用标准：MPV,,
EU,Mitsubishi Space runner N63W highroof MPV 2000-2002 EU,Mitsubishi,Space runner,MPV,2000-2002,越野车,两厢车,通用标准：MPV,,
EU,Mitsubishi Space runner N63W lowroof MPV 1999-2002 EU,Mitsubishi,Space runner,MPV,1999-2002,越野车,两厢车,通用标准：MPV,,
EU,Mitsubishi Space runner N63W lowroof MPV 2000-2002 EU,Mitsubishi,Space runner,MPV,2000-2002,越野车,两厢车,通用标准：MPV,,
EU,Mitsubishi Space runner N64W highroof MPV 1999-2002 EU,Mitsubishi,Space runner,MPV,1999-2002,越野车,两厢车,通用标准：MPV,,
EU,Mitsubishi Space runner N64W highroof MPV 1999-2003 EU,Mitsubishi,Space runner,MPV,1999-2003,越野车,两厢车,通用标准：MPV,,
EU,Mitsubishi Space runner N64W lowroof MPV 1999-2002 EU,Mitsubishi,Space runner,MPV,1999-2002,越野车,两厢车,通用标准：MPV,,
EU,Mitsubishi Space runner N64W lowroof MPV 1999-2003 EU,Mitsubishi,Space runner,MPV,1999-2003,越野车,两厢车,通用标准：MPV,,
EU,Mitsubishi Space star DG1A early nomoulding highroof MPV 1998-2004 EU,Mitsubishi,Space star,MPV,1998-2004,越野车,两厢车,通用标准：MPV,,
EU,Mitsubishi Space star DG1A early nomoulding lowroof MPV 1998-2004 EU,Mitsubishi,Space star,MPV,1998-2004,越野车,两厢车,通用标准：MPV,,
EU,Mitsubishi Space star DG1A early sidemoulding highroof MPV 1998-2004 EU,Mitsubishi,Space star,MPV,1998-2004,越野车,两厢车,通用标准：MPV,,
EU,Mitsubishi Space star DG1A early sidemoulding lowroof MPV 1998-2004 EU,Mitsubishi,Space star,MPV,1998-2004,越野车,两厢车,通用标准：MPV,,
EU,Mitsubishi Space star DG1A facelift highroof MPV 1998-2004 EU,Mitsubishi,Space star,MPV,1998-2004,越野车,两厢车,通用标准：MPV,,
EU,Mitsubishi Space star DG1A facelift highroof MPV 2000-2004 EU,Mitsubishi,Space star,MPV,2000-2004,越野车,两厢车,通用标准：MPV,,
EU,Mitsubishi Space star DG1A facelift lowroof MPV 1998-2004 EU,Mitsubishi,Space star,MPV,1998-2004,越野车,两厢车,通用标准：MPV,,
EU,Mitsubishi Space star DG1A facelift lowroof MPV 2000-2004 EU,Mitsubishi,Space star,MPV,2000-2004,越野车,两厢车,通用标准：MPV,,
EU,Mitsubishi Space star DG1A prefl highroof MPV 1998-2004 EU,Mitsubishi,Space star,MPV,1998-2004,越野车,两厢车,通用标准：MPV,,
EU,Mitsubishi Space star DG1A prefl highroof MPV 2000-2004 EU,Mitsubishi,Space star,MPV,2000-2004,越野车,两厢车,通用标准：MPV,,
EU,Mitsubishi Space star DG1A prefl lowroof MPV 1998-2004 EU,Mitsubishi,Space star,MPV,1998-2004,越野车,两厢车,通用标准：MPV,,
EU,Mitsubishi Space star DG1A prefl lowroof MPV 2000-2004 EU,Mitsubishi,Space star,MPV,2000-2004,越野车,两厢车,通用标准：MPV,,
EU,Mitsubishi Space star DG3A facelift highroof MPV 2001-2004 EU,Mitsubishi,Space star,MPV,2001-2004,越野车,两厢车,通用标准：MPV,,
EU,Mitsubishi Space star DG3A facelift lowroof MPV 2001-2004 EU,Mitsubishi,Space star,MPV,2001-2004,越野车,两厢车,通用标准：MPV,,
EU,Mitsubishi Space star DG3A prefl highroof MPV 2001-2004 EU,Mitsubishi,Space star,MPV,2001-2004,越野车,两厢车,通用标准：MPV,,
EU,Mitsubishi Space star DG3A prefl lowroof MPV 2001-2004 EU,Mitsubishi,Space star,MPV,2001-2004,越野车,两厢车,通用标准：MPV,,
EU,Mitsubishi Space star DG4A facelift highroof MPV 2001-2004 EU,Mitsubishi,Space star,MPV,2001-2004,越野车,两厢车,通用标准：MPV,,
EU,Mitsubishi Space star DG4A facelift lowroof MPV 2001-2004 EU,Mitsubishi,Space star,MPV,2001-2004,越野车,两厢车,通用标准：MPV,,
EU,Mitsubishi Space star DG4A highroof MPV 2002-2004 EU,Mitsubishi,Space star,MPV,2002-2004,越野车,两厢车,通用标准：MPV,,
EU,Mitsubishi Space star DG4A lowroof MPV 2002-2004 EU,Mitsubishi,Space star,MPV,2002-2004,越野车,两厢车,通用标准：MPV,,
EU,Mitsubishi Space star DG4A prefl highroof MPV 2001-2004 EU,Mitsubishi,Space star,MPV,2001-2004,越野车,两厢车,通用标准：MPV,,
EU,Mitsubishi Space star DG4A prefl lowroof MPV 2001-2004 EU,Mitsubishi,Space star,MPV,2001-2004,越野车,两厢车,通用标准：MPV,,
EU,Mitsubishi Space star DG5A early nomoulding highroof MPV 1998-2004 EU,Mitsubishi,Space star,MPV,1998-2004,越野车,两厢车,通用标准：MPV,,
EU,Mitsubishi Space star DG5A early nomoulding lowroof MPV 1998-2004 EU,Mitsubishi,Space star,MPV,1998-2004,越野车,两厢车,通用标准：MPV,,
EU,Mitsubishi Space star DG5A early sidemoulding highroof MPV 1998-2004 EU,Mitsubishi,Space star,MPV,1998-2004,越野车,两厢车,通用标准：MPV,,
EU,Mitsubishi Space star DG5A early sidemoulding lowroof MPV 1998-2004 EU,Mitsubishi,Space star,MPV,1998-2004,越野车,两厢车,通用标准：MPV,,
EU,Mitsubishi Space star DG5A facelift highroof MPV 1998-2004 EU,Mitsubishi,Space star,MPV,1998-2004,越野车,两厢车,通用标准：MPV,,
EU,Mitsubishi Space star DG5A facelift lowroof MPV 1998-2004 EU,Mitsubishi,Space star,MPV,1998-2004,越野车,两厢车,通用标准：MPV,,
EU,Mitsubishi Space star DG5A highroof MPV 2002-2004 EU,Mitsubishi,Space star,MPV,2002-2004,越野车,两厢车,通用标准：MPV,,
EU,Mitsubishi Space star DG5A lowroof MPV 2002-2004 EU,Mitsubishi,Space star,MPV,2002-2004,越野车,两厢车,通用标准：MPV,,
EU,Mitsubishi Space star DG5A prefl highroof MPV 1998-2004 EU,Mitsubishi,Space star,MPV,1998-2004,越野车,两厢车,通用标准：MPV,,
EU,Mitsubishi Space star DG5A prefl lowroof MPV 1998-2004 EU,Mitsubishi,Space star,MPV,1998-2004,越野车,两厢车,通用标准：MPV,,
EU,Mitsubishi Space wagon D04W MPV 1986-1988 EU,Mitsubishi,Space wagon,MPV,1986-1988,越野车,两厢车,通用标准：MPV,,
EU,Mitsubishi Space wagon D04W MPV 1988-1991 EU,Mitsubishi,Space wagon,MPV,1988-1991,越野车,两厢车,通用标准：MPV,,
EU,Mitsubishi Space wagon D05V MPV 1984-1988 EU,Mitsubishi,Space wagon,MPV,1984-1988,越野车,两厢车,通用标准：MPV,,
EU,Mitsubishi Space wagon D08W MPV 1986-1988 EU,Mitsubishi,Space wagon,MPV,1986-1988,越野车,两厢车,通用标准：MPV,,
EU,Mitsubishi Space wagon D08W facelift MPV 1985-1991 EU,Mitsubishi,Space wagon,MPV,1985-1991,越野车,两厢车,通用标准：MPV,,
EU,Mitsubishi Space wagon D08W facelift MPV 1988-1991 EU,Mitsubishi,Space wagon,MPV,1988-1991,越野车,两厢车,通用标准：MPV,,
EU,Mitsubishi Space wagon D08W prefl MPV 1985-1991 EU,Mitsubishi,Space wagon,MPV,1985-1991,越野车,两厢车,通用标准：MPV,,
EU,Mitsubishi Space wagon D08W prefl MPV 1988-1991 EU,Mitsubishi,Space wagon,MPV,1988-1991,越野车,两厢车,通用标准：MPV,,
EU,Mitsubishi Space wagon D09W MPV 1986-1991 EU,Mitsubishi,Space wagon,MPV,1986-1991,越野车,两厢车,通用标准：MPV,,
EU,Mitsubishi Space wagon L4600 W1775 H1650 MPV 1998-2004 EU,Mitsubishi,Space wagon,MPV,1998-2004,越野车,两厢车,通用标准：MPV,,
EU,Mitsubishi Space wagon L4600 W1775 H1650 MPV 2000-2004 EU,Mitsubishi,Space wagon,MPV,2000-2004,越野车,两厢车,通用标准：MPV,,
EU,Mitsubishi Space wagon L4600 W1775 H1690 MPV 1998-2004 EU,Mitsubishi,Space wagon,MPV,1998-2004,越野车,两厢车,通用标准：MPV,,
EU,Mitsubishi Space wagon L4600 W1775 H1690 MPV 2000-2004 EU,Mitsubishi,Space wagon,MPV,2000-2004,越野车,两厢车,通用标准：MPV,,
EU,Mitsubishi Space wagon N31W MPV 1991-1998 EU,Mitsubishi,Space wagon,MPV,1991-1998,越野车,两厢车,通用标准：MPV,,
EU,Mitsubishi Space wagon N33W MPV 1992-1998 EU,Mitsubishi,Space wagon,MPV,1992-1998,越野车,两厢车,通用标准：MPV,,
EU,Mitsubishi Space wagon N35W MPV 1991-1998 EU,Mitsubishi,Space wagon,MPV,1991-1998,越野车,两厢车,通用标准：MPV,,
EU,Mitsubishi Space wagon N38W MPV 1992-1998 EU,Mitsubishi,Space wagon,MPV,1992-1998,越野车,两厢车,通用标准：MPV,,
EU,Mitsubishi Space wagon N41W MPV 1991-1998 EU,Mitsubishi,Space wagon,MPV,1991-1998,越野车,两厢车,通用标准：MPV,,
EU,Mitsubishi Space wagon N43W MPV 1992-1998 EU,Mitsubishi,Space wagon,MPV,1992-1998,越野车,两厢车,通用标准：MPV,,
EU,Mitsubishi Space wagon N83W highroof MPV 1998-2004 EU,Mitsubishi,Space wagon,MPV,1998-2004,越野车,两厢车,通用标准：MPV,,
EU,Mitsubishi Space wagon N83W lowroof MPV 1998-2004 EU,Mitsubishi,Space wagon,MPV,1998-2004,越野车,两厢车,通用标准：MPV,,
EU,Mitsubishi Space wagon van D09V MPV 1983-1987 EU,Mitsubishi,Space wagon van,MPV,1983-1987,越野车,两厢车,通用标准：MPV,,
EU,Mitsubishi Space wagon van MPV 1986-1988 EU,Mitsubishi,Space wagon van,MPV,1986-1988,越野车,两厢车,通用标准：MPV,,
EU,Mobilize Bento pro Van 2024-2026 EU,Mobilize,Bento pro,Van,2024-2026,越野车,两厢车,通用标准：Van,,
EU,Morris Marina ADO28 Wagon 1971-1975 EU,Morris,Marina,Wagon,1971-1975,三厢车,两厢车,通用标准：Wagon,,
EU,Morris Marina ADO28 Wagon 1975-1978 EU,Morris,Marina,Wagon,1975-1978,三厢车,两厢车,通用标准：Wagon,,
EU,Morris Marina ADO28 Wagon 1978-1980 EU,Morris,Marina,Wagon,1978-1980,三厢车,两厢车,通用标准：Wagon,,
EU,Morris Marina ADO28 mk2 Wagon 1978-1980 EU,Morris,Marina,Wagon,1978-1980,三厢车,两厢车,通用标准：Wagon,,
EU,Moskvich 423 early Wagon 1959-1965 EU,Moskvich,423,Wagon,1959-1965,三厢车,两厢车,通用标准：Wagon,,
EU,Moskvich 423 late Wagon 1959-1965 EU,Moskvich,423,Wagon,1959-1965,三厢车,两厢车,通用标准：Wagon,,
EU,Moskvich 427 Wagon 1975-1979 EU,Moskvich,427,Wagon,1975-1979,三厢车,两厢车,通用标准：Wagon,,
EU,Moskvich Aslk 2137 Wagon 1976-1987 EU,Moskvich,Aslk 2137,Wagon,1976-1987,三厢车,两厢车,通用标准：Wagon,,
EU,NIO Et5 Wagon 2023-2026 EU,NIO,Et5,Wagon,2023-2026,三厢车,两厢车,通用标准：Wagon,,
EU,Nextem Minke Van 2022-2026 EU,Nextem,Minke,Van,2022-2026,越野车,两厢车,通用标准：Van,,
EU,Nissan Almera tino V10 MPV 2000-2003 EU,Nissan,Almera tino,MPV,2000-2003,越野车,两厢车,通用标准：MPV,,
EU,Nissan Almera tino V10 MPV 2000-2006 EU,Nissan,Almera tino,MPV,2000-2006,越野车,两厢车,通用标准：MPV,,
EU,Nissan Almera tino V10 MPV 2002-2006 EU,Nissan,Almera tino,MPV,2002-2006,越野车,两厢车,通用标准：MPV,,
EU,Nissan Almera tino V10 MPV 2003-2006 EU,Nissan,Almera tino,MPV,2003-2006,越野车,两厢车,通用标准：MPV,,
EU,Nissan Bluebird 910 facelift Wagon 1980-1984 EU,Nissan,Bluebird,Wagon,1980-1984,三厢车,两厢车,通用标准：Wagon,,
EU,Nissan Bluebird 910 prefl Wagon 1980-1984 EU,Nissan,Bluebird,Wagon,1980-1984,三厢车,两厢车,通用标准：Wagon,,
EU,Nissan Bluebird U11 Wagon 1984-1988 EU,Nissan,Bluebird,Wagon,1984-1988,三厢车,两厢车,通用标准：Wagon,,
EU,Nissan Bluebird U11 facelift Wagon 1984-1990 EU,Nissan,Bluebird,Wagon,1984-1990,三厢车,两厢车,通用标准：Wagon,,
EU,Nissan Bluebird U11 facelift Wagon 1986-1990 EU,Nissan,Bluebird,Wagon,1986-1990,三厢车,两厢车,通用标准：Wagon,,
EU,Nissan Bluebird U11 prefl Wagon 1984-1990 EU,Nissan,Bluebird,Wagon,1984-1990,三厢车,两厢车,通用标准：Wagon,,
EU,Nissan Bluebird U11 prefl Wagon 1986-1990 EU,Nissan,Bluebird,Wagon,1986-1990,三厢车,两厢车,通用标准：Wagon,,
EU,Nissan Cherry VN10 Wagon 1981-1983 EU,Nissan,Cherry,Wagon,1981-1983,三厢车,两厢车,通用标准：Wagon,,
EU,Nissan Cherry VN10 facelift Wagon 1978-1981 EU,Nissan,Cherry,Wagon,1978-1981,三厢车,两厢车,通用标准：Wagon,,
EU,Nissan Cherry VN10 prefl Wagon 1978-1981 EU,Nissan,Cherry,Wagon,1978-1981,三厢车,两厢车,通用标准：Wagon,,
EU,Nissan Datsun 100a WBLF10 Wagon 1975-1980 EU,Nissan,Datsun 100a,Wagon,1975-1980,三厢车,两厢车,通用标准：Wagon,,
EU,Nissan Datsun 140y HBL310 Wagon 1979-1983 EU,Nissan,Datsun 140y,Wagon,1979-1983,三厢车,两厢车,通用标准：Wagon,,
EU,Nissan Elgrand PE52 facelift MPV 2010-2026 EU,Nissan,Elgrand,MPV,2010-2026,越野车,两厢车,通用标准：MPV,,
EU,Nissan Elgrand PE52 prefl MPV 2010-2026 EU,Nissan,Elgrand,MPV,2010-2026,越野车,两厢车,通用标准：MPV,,
EU,Nissan Elgrand PE52 restyle MPV 2010-2026 EU,Nissan,Elgrand,MPV,2010-2026,越野车,两厢车,通用标准：MPV,,
EU,Nissan Elgrand PE52 urban chrome MPV 2010-2026 EU,Nissan,Elgrand,MPV,2010-2026,越野车,两厢车,通用标准：MPV,,
EU,Nissan Interstar X62B l1h1 Van 2021-2024 EU,Nissan,Interstar,Van,2021-2024,越野车,两厢车,通用标准：Van,,
EU,Nissan Interstar X62B l2h2 Van 2021-2024 EU,Nissan,Interstar,Van,2021-2024,越野车,两厢车,通用标准：Van,,
EU,Nissan Interstar X62B l2h2 Van 2022-2024 EU,Nissan,Interstar,Van,2022-2024,越野车,两厢车,通用标准：Van,,
EU,Nissan Interstar X62B l2h3 Van 2021-2024 EU,Nissan,Interstar,Van,2021-2024,越野车,两厢车,通用标准：Van,,
EU,Nissan Interstar X62B l2h3 Van 2022-2024 EU,Nissan,Interstar,Van,2022-2024,越野车,两厢车,通用标准：Van,,
EU,Nissan Interstar X62B l3h2 L6198 W2070 H2488 Van 2021-2024 EU,Nissan,Interstar,Van,2021-2024,越野车,两厢车,通用标准：Van,,
EU,Nissan Interstar X62B l3h2 L6198 W2070 H2550 Van 2021-2024 EU,Nissan,Interstar,Van,2021-2024,越野车,两厢车,通用标准：Van,,
EU,Nissan Interstar X62B l3h2 Van 2022-2024 EU,Nissan,Interstar,Van,2022-2024,越野车,两厢车,通用标准：Van,,
EU,Nissan Interstar X62B l3h3 L6198 W2070 H2744 Van 2021-2024 EU,Nissan,Interstar,Van,2021-2024,越野车,两厢车,通用标准：Van,,
EU,Nissan Interstar X62B l3h3 L6198 W2070 H2815 Van 2021-2024 EU,Nissan,Interstar,Van,2021-2024,越野车,两厢车,通用标准：Van,,
EU,Nissan Interstar X62B l3h3 Van 2022-2024 EU,Nissan,Interstar,Van,2022-2024,越野车,两厢车,通用标准：Van,,
EU,Nissan Interstar X62B l4h2 Van 2021-2024 EU,Nissan,Interstar,Van,2021-2024,越野车,两厢车,通用标准：Van,,
EU,Nissan Interstar X62B l4h3 Van 2021-2024 EU,Nissan,Interstar,Van,2021-2024,越野车,两厢车,通用标准：Van,,
EU,Nissan Interstar X70 Bus 2003-2006 EU,Nissan,Interstar,Bus,2003-2006,越野车,两厢车,通用标准：Bus,,
EU,Nissan Interstar X70 Bus 2006-2011 EU,Nissan,Interstar,Bus,2006-2011,越野车,两厢车,通用标准：Bus,,
EU,Nissan Interstar X70 MPV 2006-2011 EU,Nissan,Interstar,MPV,2006-2011,越野车,两厢车,通用标准：MPV,,
EU,Nissan Interstar X70 l1h1 Van 2002-2006 EU,Nissan,Interstar,Van,2002-2006,越野车,两厢车,通用标准：Van,,
EU,Nissan Interstar X70 l1h1 Van 2002-2026 EU,Nissan,Interstar,Van,2002-2026,越野车,两厢车,通用标准：Van,,
EU,Nissan Interstar X70 l1h1 Van 2003-2006 EU,Nissan,Interstar,Van,2003-2006,越野车,两厢车,通用标准：Van,,
EU,Nissan Interstar X70 l2h2 Van 2002-2006 EU,Nissan,Interstar,Van,2002-2006,越野车,两厢车,通用标准：Van,,
EU,Nissan Interstar X70 l2h2 Van 2002-2026 EU,Nissan,Interstar,Van,2002-2026,越野车,两厢车,通用标准：Van,,
EU,Nissan Interstar X70 l2h2 Van 2003-2006 EU,Nissan,Interstar,Van,2003-2006,越野车,两厢车,通用标准：Van,,
EU,Nissan Interstar X70 l3h2 Van 2002-2006 EU,Nissan,Interstar,Van,2002-2006,越野车,两厢车,通用标准：Van,,
EU,Nissan Interstar X70 l3h2 Van 2002-2026 EU,Nissan,Interstar,Van,2002-2026,越野车,两厢车,通用标准：Van,,
EU,Nissan Interstar X70 l3h2 Van 2003-2006 EU,Nissan,Interstar,Van,2003-2006,越野车,两厢车,通用标准：Van,,
EU,Nissan Interstar X70 l3h2 Van 2003-2026 EU,Nissan,Interstar,Van,2003-2026,越野车,两厢车,通用标准：Van,,
EU,Nissan Interstar X70 l3h3 Van 2002-2006 EU,Nissan,Interstar,Van,2002-2006,越野车,两厢车,通用标准：Van,,
EU,Nissan Interstar X70 l3h3 Van 2002-2026 EU,Nissan,Interstar,Van,2002-2026,越野车,两厢车,通用标准：Van,,
EU,Nissan Interstar X70 l3h3 Van 2003-2026 EU,Nissan,Interstar,Van,2003-2026,越野车,两厢车,通用标准：Van,,
EU,Nissan Interstar X70 lwb highroof Van 2006-2026 EU,Nissan,Interstar,Van,2006-2026,越野车,两厢车,通用标准：Van,,
EU,Nissan Interstar X70 lwb midroof Van 2006-2026 EU,Nissan,Interstar,Van,2006-2026,越野车,两厢车,通用标准：Van,,
EU,Nissan Interstar X70 mwb midroof MPV 2006-2011 EU,Nissan,Interstar,MPV,2006-2011,越野车,两厢车,通用标准：MPV,,
EU,Nissan Interstar X70 mwb midroof Van 2006-2026 EU,Nissan,Interstar,Van,2006-2026,越野车,两厢车,通用标准：Van,,
EU,Nissan Interstar l2h2 Van 2024-2026 EU,Nissan,Interstar,Van,2024-2026,越野车,两厢车,通用标准：Van,,
EU,Nissan Interstar l3h2 Van 2024-2026 EU,Nissan,Interstar,Van,2024-2026,越野车,两厢车,通用标准：Van,,
EU,Nissan Interstar l3h3 Van 2024-2026 EU,Nissan,Interstar,Van,2024-2026,越野车,两厢车,通用标准：Van,,
EU,Nissan Kubistar Van 2003-2009 EU,Nissan,Kubistar,Van,2003-2009,越野车,两厢车,通用标准：Van,,
EU,Nissan Kubistar Van 2006-2009 EU,Nissan,Kubistar,Van,2006-2009,越野车,两厢车,通用标准：Van,,
EU,Nissan Kubistar X76 L4035 W1672 H1800 Van 2005-2009 EU,Nissan,Kubistar,Van,2005-2009,越野车,两厢车,通用标准：Van,,
EU,Nissan Kubistar X76 L4035 W1672 H1825 Van 2005-2009 EU,Nissan,Kubistar,Van,2005-2009,越野车,两厢车,通用标准：Van,,
EU,Nissan Kubistar X76 Van 2003-2009 EU,Nissan,Kubistar,Van,2003-2009,越野车,两厢车,通用标准：Van,,
EU,Nissan Kubistar X76 Van 2003-2026 EU,Nissan,Kubistar,Van,2003-2026,越野车,两厢车,通用标准：Van,,
EU,Nissan Kubistar X76 Van 2006-2026 EU,Nissan,Kubistar,Van,2006-2026,越野车,两厢车,通用标准：Van,,
EU,Nissan Note E11 MPV 2010-2012 EU,Nissan,Note,MPV,2010-2012,越野车,两厢车,通用标准：MPV,,
EU,Nissan Note E11 facelift MPV 2006-2012 EU,Nissan,Note,MPV,2006-2012,越野车,两厢车,通用标准：MPV,,
EU,Nissan Note E11 facelift MPV 2006-2013 EU,Nissan,Note,MPV,2006-2013,越野车,两厢车,通用标准：MPV,,
EU,Nissan Note E11 facelift MPV 2008-2012 EU,Nissan,Note,MPV,2008-2012,越野车,两厢车,通用标准：MPV,,
EU,Nissan Note E11 prefl MPV 2006-2012 EU,Nissan,Note,MPV,2006-2012,越野车,两厢车,通用标准：MPV,,
EU,Nissan Note E11 prefl MPV 2006-2013 EU,Nissan,Note,MPV,2006-2013,越野车,两厢车,通用标准：MPV,,
EU,Nissan Note E11 prefl MPV 2008-2012 EU,Nissan,Note,MPV,2008-2012,越野车,两厢车,通用标准：MPV,,
EU,Nissan Note E12 MPV 2012-2016 EU,Nissan,Note,MPV,2012-2016,越野车,两厢车,通用标准：MPV,,
EU,Nissan Note E12 MPV 2012-2026 EU,Nissan,Note,MPV,2012-2026,越野车,两厢车,通用标准：MPV,,
EU,Nissan Note E12 MPV 2013-2016 EU,Nissan,Note,MPV,2013-2016,越野车,两厢车,通用标准：MPV,,
EU,Nissan Note E12 MPV 2015-2016 EU,Nissan,Note,MPV,2015-2016,越野车,两厢车,通用标准：MPV,,
EU,Nissan Nv200 / evalia M20 MPV 2010-2026 EU,Nissan,Nv200 / evalia,MPV,2010-2026,越野车,两厢车,通用标准：MPV,,
EU,Nissan Nv200 / evalia M20 Van 2011-2026 EU,Nissan,Nv200 / evalia,Van,2011-2026,越野车,两厢车,通用标准：Van,,
EU,Nissan Nv200 / evalia M20 Van 2014-2026 EU,Nissan,Nv200 / evalia,Van,2014-2026,越野车,两厢车,通用标准：Van,,
EU,Nissan Nv200 M20 Van 2010-2013 EU,Nissan,Nv200,Van,2010-2013,越野车,两厢车,通用标准：Van,,
EU,Nissan Nv200 M20 Van 2010-2026 EU,Nissan,Nv200,Van,2010-2026,越野车,两厢车,通用标准：Van,,
EU,Nissan Nv200 M20 Van 2011-2026 EU,Nissan,Nv200,Van,2011-2026,越野车,两厢车,通用标准：Van,,
EU,Nissan Nv200 M20 Van 2014-2026 EU,Nissan,Nv200,Van,2014-2026,越野车,两厢车,通用标准：Van,,
EU,Nissan Nv250 X61 MPV 2019-2026 EU,Nissan,Nv250,MPV,2019-2026,越野车,两厢车,通用标准：MPV,,
EU,Nissan Nv250 X61 l1 Van 2019-2026 EU,Nissan,Nv250,Van,2019-2026,越野车,两厢车,通用标准：Van,,
EU,Nissan Nv250 X61 l2 Van 2019-2026 EU,Nissan,Nv250,Van,2019-2026,越野车,两厢车,通用标准：Van,,
EU,Nissan Nv300 X82 Van 2021-2026 EU,Nissan,Nv300,Van,2021-2026,越野车,两厢车,通用标准：Van,,
EU,Nissan Nv300 X82 l1h1 Van 2019-2026 EU,Nissan,Nv300,Van,2019-2026,越野车,两厢车,通用标准：Van,,
EU,Nissan Nv300 X82 l1h2 Van 2019-2026 EU,Nissan,Nv300,Van,2019-2026,越野车,两厢车,通用标准：Van,,
EU,Nissan Nv300 X82 l2h1 Van 2019-2026 EU,Nissan,Nv300,Van,2019-2026,越野车,两厢车,通用标准：Van,,
EU,Nissan Nv300 X82 l2h2 Van 2019-2026 EU,Nissan,Nv300,Van,2019-2026,越野车,两厢车,通用标准：Van,,
EU,Nissan Nv300 kombi X82 Van 2016-2026 EU,Nissan,Nv300 kombi,Van,2016-2026,越野车,两厢车,通用标准：Van,,
EU,Nissan Nv300 kombi X82 Van 2021-2026 EU,Nissan,Nv300 kombi,Van,2021-2026,越野车,两厢车,通用标准：Van,,
EU,Nissan Nv300 kombi X82 l1 MPV 2016-2026 EU,Nissan,Nv300 kombi,MPV,2016-2026,越野车,两厢车,通用标准：MPV,,
EU,Nissan Nv300 kombi X82 l1 Van 2019-2026 EU,Nissan,Nv300 kombi,Van,2019-2026,越野车,两厢车,通用标准：Van,,
EU,Nissan Nv300 kombi X82 l1h1 MPV 2019-2026 EU,Nissan,Nv300 kombi,MPV,2019-2026,越野车,两厢车,通用标准：MPV,,
EU,Nissan Nv300 kombi X82 l2 MPV 2016-2026 EU,Nissan,Nv300 kombi,MPV,2016-2026,越野车,两厢车,通用标准：MPV,,
EU,Nissan Nv300 kombi X82 l2 Van 2019-2026 EU,Nissan,Nv300 kombi,Van,2019-2026,越野车,两厢车,通用标准：Van,,
EU,Nissan Nv300 kombi X82 l2h1 MPV 2019-2026 EU,Nissan,Nv300 kombi,MPV,2019-2026,越野车,两厢车,通用标准：MPV,,
EU,Nissan Nv300 kombi l1h1 Van 2016-2026 EU,Nissan,Nv300 kombi,Van,2016-2026,越野车,两厢车,通用标准：Van,,
EU,Nissan Nv300 kombi l2h1 Van 2016-2026 EU,Nissan,Nv300 kombi,Van,2016-2026,越野车,两厢车,通用标准：Van,,
EU,Nissan Nv300 l1h1 Van 2016-2026 EU,Nissan,Nv300,Van,2016-2026,越野车,两厢车,通用标准：Van,,
EU,Nissan Nv300 l1h2 Van 2016-2026 EU,Nissan,Nv300,Van,2016-2026,越野车,两厢车,通用标准：Van,,
EU,Nissan Nv300 l1h2 Van 2019-2026 EU,Nissan,Nv300,Van,2019-2026,越野车,两厢车,通用标准：Van,,
EU,Nissan Nv300 l2h1 Van 2016-2026 EU,Nissan,Nv300,Van,2016-2026,越野车,两厢车,通用标准：Van,,
EU,Nissan Nv300 l2h2 Van 2016-2026 EU,Nissan,Nv300,Van,2016-2026,越野车,两厢车,通用标准：Van,,
EU,Nissan Nv300 l2h2 Van 2019-2026 EU,Nissan,Nv300,Van,2019-2026,越野车,两厢车,通用标准：Van,,
EU,Nissan Nv400 X62 L5048 W2070 H2303 Van 2011-2016 EU,Nissan,Nv400,Van,2011-2016,越野车,两厢车,通用标准：Van,,
EU,Nissan Nv400 X62 L5048 W2070 H2303 Van 2011-2022 EU,Nissan,Nv400,Van,2011-2022,越野车,两厢车,通用标准：Van,,
EU,Nissan Nv400 X62 L5048 W2070 H2303 Van 2014-2016 EU,Nissan,Nv400,Van,2014-2016,越野车,两厢车,通用标准：Van,,
EU,Nissan Nv400 X62 L5048 W2070 H2303 Van 2014-2022 EU,Nissan,Nv400,Van,2014-2022,越野车,两厢车,通用标准：Van,,
EU,Nissan Nv400 X62 L6198 W2070 H2527 Van 2011-2016 EU,Nissan,Nv400,Van,2011-2016,越野车,两厢车,通用标准：Van,,
EU,Nissan Nv400 X62 L6198 W2070 H2527 Van 2011-2022 EU,Nissan,Nv400,Van,2011-2022,越野车,两厢车,通用标准：Van,,
EU,Nissan Nv400 X62 L6198 W2070 H2527 Van 2014-2016 EU,Nissan,Nv400,Van,2014-2016,越野车,两厢车,通用标准：Van,,
EU,Nissan Nv400 X62 L6198 W2070 H2527 Van 2014-2022 EU,Nissan,Nv400,Van,2014-2022,越野车,两厢车,通用标准：Van,,
EU,Nissan Nv400 X62 Van 2015-2022 EU,Nissan,Nv400,Van,2015-2022,越野车,两厢车,通用标准：Van,,
EU,Nissan Nv400 X62 l1h1 Van 2020-2022 EU,Nissan,Nv400,Van,2020-2022,越野车,两厢车,通用标准：Van,,
EU,Nissan Nv400 X62 l1h2 Van 2020-2022 EU,Nissan,Nv400,Van,2020-2022,越野车,两厢车,通用标准：Van,,
EU,Nissan Nv400 X62 l2h2 Van 2020-2022 EU,Nissan,Nv400,Van,2020-2022,越野车,两厢车,通用标准：Van,,
EU,Nissan Nv400 X62 l2h3 Van 2020-2022 EU,Nissan,Nv400,Van,2020-2022,越野车,两厢车,通用标准：Van,,
EU,Nissan Nv400 X62 l3h2 Van 2020-2022 EU,Nissan,Nv400,Van,2020-2022,越野车,两厢车,通用标准：Van,,
EU,Nissan Nv400 X62 l3h3 Van 2020-2022 EU,Nissan,Nv400,Van,2020-2022,越野车,两厢车,通用标准：Van,,
EU,Nissan Nv400 l1h1 Van 2016-2022 EU,Nissan,Nv400,Van,2016-2022,越野车,两厢车,通用标准：Van,,
EU,Nissan Nv400 l1h1 Van 2020-2022 EU,Nissan,Nv400,Van,2020-2022,越野车,两厢车,通用标准：Van,,
EU,Nissan Nv400 l1h2 Van 2016-2022 EU,Nissan,Nv400,Van,2016-2022,越野车,两厢车,通用标准：Van,,
EU,Nissan Nv400 l2h2 Van 2016-2022 EU,Nissan,Nv400,Van,2016-2022,越野车,两厢车,通用标准：Van,,
EU,Nissan Nv400 l2h2 Van 2020-2022 EU,Nissan,Nv400,Van,2020-2022,越野车,两厢车,通用标准：Van,,
EU,Nissan Nv400 l2h3 Van 2016-2022 EU,Nissan,Nv400,Van,2016-2022,越野车,两厢车,通用标准：Van,,
EU,Nissan Nv400 l3h2 Van 2016-2022 EU,Nissan,Nv400,Van,2016-2022,越野车,两厢车,通用标准：Van,,
EU,Nissan Nv400 l3h2 drw Van 2016-2022 EU,Nissan,Nv400,Van,2016-2022,越野车,两厢车,通用标准：Van,,
EU,Nissan Nv400 l3h2 srw Van 2016-2022 EU,Nissan,Nv400,Van,2016-2022,越野车,两厢车,通用标准：Van,,
EU,Nissan Nv400 l3h3 Van 2016-2022 EU,Nissan,Nv400,Van,2016-2022,越野车,两厢车,通用标准：Van,,
EU,Nissan Nv400 l3h3 drw Van 2016-2022 EU,Nissan,Nv400,Van,2016-2022,越野车,两厢车,通用标准：Van,,
EU,Nissan Nv400 l3h3 srw Van 2016-2022 EU,Nissan,Nv400,Van,2016-2022,越野车,两厢车,通用标准：Van,,
EU,Nissan Prairie M10 MPV 1983-1985 EU,Nissan,Prairie,MPV,1983-1985,越野车,两厢车,通用标准：MPV,,
EU,Nissan Prairie M10 MPV 1984-1987 EU,Nissan,Prairie,MPV,1984-1987,越野车,两厢车,通用标准：MPV,,
EU,Nissan Prairie M10 MPV 1985-1987 EU,Nissan,Prairie,MPV,1985-1987,越野车,两厢车,通用标准：MPV,,
EU,Nissan Prairie M11 L4350 W1690 H1625 MPV 1988-1992 EU,Nissan,Prairie,MPV,1988-1992,越野车,两厢车,通用标准：MPV,,
EU,Nissan Prairie M11 L4360 W1690 H1630 MPV 1988-1992 EU,Nissan,Prairie,MPV,1988-1992,越野车,两厢车,通用标准：MPV,,
EU,Nissan Prairie M11 MPV 1990-1994 EU,Nissan,Prairie,MPV,1990-1994,越野车,两厢车,通用标准：MPV,,
EU,Nissan Prairie M11 MPV 1992-1994 EU,Nissan,Prairie,MPV,1992-1994,越野车,两厢车,通用标准：MPV,,
EU,Nissan Prairie NM10 MPV 1986-1988 EU,Nissan,Prairie,MPV,1986-1988,越野车,两厢车,通用标准：MPV,,
EU,Nissan Primastar X82 Van 2021-2026 EU,Nissan,Primastar,Van,2021-2026,越野车,两厢车,通用标准：Van,,
EU,Nissan Primastar X83 Van 2001-2006 EU,Nissan,Primastar,Van,2001-2006,越野车,两厢车,通用标准：Van,,
EU,Nissan Primastar X83 Van 2001-2026 EU,Nissan,Primastar,Van,2001-2026,越野车,两厢车,通用标准：Van,,
EU,Nissan Primastar X83 Van 2002-2006 EU,Nissan,Primastar,Van,2002-2006,越野车,两厢车,通用标准：Van,,
EU,Nissan Primastar X83 Van 2002-2026 EU,Nissan,Primastar,Van,2002-2026,越野车,两厢车,通用标准：Van,,
EU,Nissan Primastar X83 Van 2003-2026 EU,Nissan,Primastar,Van,2003-2026,越野车,两厢车,通用标准：Van,,
EU,Nissan Primastar X83 Van 2006-2026 EU,Nissan,Primastar,Van,2006-2026,越野车,两厢车,通用标准：Van,,
EU,Nissan Primastar X83 l1h1 12t Van 2008-2026 EU,Nissan,Primastar,Van,2008-2026,越野车,两厢车,通用标准：Van,,
EU,Nissan Primastar X83 l1h1 1t Van 2008-2026 EU,Nissan,Primastar,Van,2008-2026,越野车,两厢车,通用标准：Van,,
EU,Nissan Primastar X83 l1h1 6seat MPV 2008-2026 EU,Nissan,Primastar,MPV,2008-2026,越野车,两厢车,通用标准：MPV,,
EU,Nissan Primastar X83 l1h1 9seat MPV 2008-2026 EU,Nissan,Primastar,MPV,2008-2026,越野车,两厢车,通用标准：MPV,,
EU,Nissan Primastar X83 l1h2 Van 2008-2026 EU,Nissan,Primastar,Van,2008-2026,越野车,两厢车,通用标准：Van,,
EU,Nissan Primastar X83 l2h1 6seat MPV 2008-2026 EU,Nissan,Primastar,MPV,2008-2026,越野车,两厢车,通用标准：MPV,,
EU,Nissan Primastar X83 l2h1 9seat MPV 2008-2026 EU,Nissan,Primastar,MPV,2008-2026,越野车,两厢车,通用标准：MPV,,
EU,Nissan Primastar X83 l2h1 Van 2008-2026 EU,Nissan,Primastar,Van,2008-2026,越野车,两厢车,通用标准：Van,,
EU,Nissan Primastar X83 l2h2 Van 2008-2026 EU,Nissan,Primastar,Van,2008-2026,越野车,两厢车,通用标准：Van,,
EU,Nissan Primastar X83 lwb L5182 W1904 H1947 MPV 2006-2026 EU,Nissan,Primastar,MPV,2006-2026,越野车,两厢车,通用标准：MPV,,
EU,Nissan Primastar X83 lwb L5182 W1904 H1952 MPV 2006-2026 EU,Nissan,Primastar,MPV,2006-2026,越野车,两厢车,通用标准：MPV,,
EU,Nissan Primastar X83 lwb L5182 W1904 H1954 MPV 2006-2026 EU,Nissan,Primastar,MPV,2006-2026,越野车,两厢车,通用标准：MPV,,
EU,Nissan Primastar X83 lwb highroof Van 2006-2026 EU,Nissan,Primastar,Van,2006-2026,越野车,两厢车,通用标准：Van,,
EU,Nissan Primastar X83 lwb lowroof Van 2006-2026 EU,Nissan,Primastar,Van,2006-2026,越野车,两厢车,通用标准：Van,,
EU,Nissan Primastar X83 swb L4782 W1904 H1940 MPV 2006-2026 EU,Nissan,Primastar,MPV,2006-2026,越野车,两厢车,通用标准：MPV,,
EU,Nissan Primastar X83 swb L4782 W1904 H1942 MPV 2006-2026 EU,Nissan,Primastar,MPV,2006-2026,越野车,两厢车,通用标准：MPV,,
EU,Nissan Primastar X83 swb L4782 W1904 H1958 MPV 2006-2026 EU,Nissan,Primastar,MPV,2006-2026,越野车,两厢车,通用标准：MPV,,
EU,Nissan Primastar X83 swb highroof Van 2006-2026 EU,Nissan,Primastar,Van,2006-2026,越野车,两厢车,通用标准：Van,,
EU,Nissan Primastar X83 swb lowroof 1p2t Van 2006-2026 EU,Nissan,Primastar,Van,2006-2026,越野车,两厢车,通用标准：Van,,
EU,Nissan Primera P11 Wagon 1999-2001 EU,Nissan,Primera,Wagon,1999-2001,三厢车,两厢车,通用标准：Wagon,,
EU,Nissan Primera P12 Wagon 2002-2007 EU,Nissan,Primera,Wagon,2002-2007,三厢车,两厢车,通用标准：Wagon,,
EU,Nissan Primera P12 Wagon 2003-2026 EU,Nissan,Primera,Wagon,2003-2026,三厢车,两厢车,通用标准：Wagon,,
EU,Nissan Primera W10 Wagon 1990-1995 EU,Nissan,Primera,Wagon,1990-1995,三厢车,两厢车,通用标准：Wagon,,
EU,Nissan Primera W10 Wagon 1990-1998 EU,Nissan,Primera,Wagon,1990-1998,三厢车,两厢车,通用标准：Wagon,,
EU,Nissan Primera W10 Wagon 1991-1998 EU,Nissan,Primera,Wagon,1991-1998,三厢车,两厢车,通用标准：Wagon,,
EU,Nissan Primera W10 Wagon 1996-2001 EU,Nissan,Primera,Wagon,1996-2001,三厢车,两厢车,通用标准：Wagon,,
EU,Nissan Primera W10 Wagon 1998-2001 EU,Nissan,Primera,Wagon,1998-2001,三厢车,两厢车,通用标准：Wagon,,
EU,Nissan Primera WP11 Wagon 1999-2001 EU,Nissan,Primera,Wagon,1999-2001,三厢车,两厢车,通用标准：Wagon,,
EU,Nissan Primera WP12 Wagon 2002-2003 EU,Nissan,Primera,Wagon,2002-2003,三厢车,两厢车,通用标准：Wagon,,
EU,Nissan Primera WP12 Wagon 2002-2006 EU,Nissan,Primera,Wagon,2002-2006,三厢车,两厢车,通用标准：Wagon,,
EU,Nissan Primera WP12 Wagon 2002-2007 EU,Nissan,Primera,Wagon,2002-2007,三厢车,两厢车,通用标准：Wagon,,
EU,Nissan Primera WP12 Wagon 2002-2026 EU,Nissan,Primera,Wagon,2002-2026,三厢车,两厢车,通用标准：Wagon,,
EU,Nissan Qashqai +2 van NJ10 Van 2008-2014 EU,Nissan,Qashqai +2 van,Van,2008-2014,越野车,两厢车,通用标准：Van,,
EU,Nissan Qashqai +2 van NJ10 Van 2013-2013 EU,Nissan,Qashqai +2 van,Van,2013-2013,越野车,两厢车,通用标准：Van,,
EU,Nissan Quest RE52 MPV 2012-2026 EU,Nissan,Quest,MPV,2012-2026,越野车,两厢车,通用标准：MPV,,
EU,Nissan Quest V40 MPV 1992-1998 EU,Nissan,Quest,MPV,1992-1998,越野车,两厢车,通用标准：MPV,,
EU,Nissan Quest V41 MPV 1998-2002 EU,Nissan,Quest,MPV,1998-2002,越野车,两厢车,通用标准：MPV,,
EU,Nissan Quest V42 MPV 2003-2026 EU,Nissan,Quest,MPV,2003-2026,越野车,两厢车,通用标准：MPV,,
EU,Nissan Serena C23 MPV 1992-1994 EU,Nissan,Serena,MPV,1992-1994,越野车,两厢车,通用标准：MPV,,
EU,Nissan Serena C23 MPV 1993-2001 EU,Nissan,Serena,MPV,1993-2001,越野车,两厢车,通用标准：MPV,,
EU,Nissan Serena C23 MPV 1994-1999 EU,Nissan,Serena,MPV,1994-1999,越野车,两厢车,通用标准：MPV,,
EU,Nissan Serena C23 MPV 1994-2001 EU,Nissan,Serena,MPV,1994-2001,越野车,两厢车,通用标准：MPV,,
EU,Nissan Serena C23M MPV 1991-2001 EU,Nissan,Serena,MPV,1991-2001,越野车,两厢车,通用标准：MPV,,
EU,Nissan Serena C23M MPV 1992-2001 EU,Nissan,Serena,MPV,1992-2001,越野车,两厢车,通用标准：MPV,,
EU,Nissan Serena C23M MPV 1993-2001 EU,Nissan,Serena,MPV,1993-2001,越野车,两厢车,通用标准：MPV,,
EU,Nissan Serena C23M MPV 1995-2001 EU,Nissan,Serena,MPV,1995-2001,越野车,两厢车,通用标准：MPV,,
EU,Nissan Sunny B11 Wagon 1982-1986 EU,Nissan,Sunny,Wagon,1982-1986,三厢车,两厢车,通用标准：Wagon,,
EU,Nissan Sunny B11 Wagon 1982-1990 EU,Nissan,Sunny,Wagon,1982-1990,三厢车,两厢车,通用标准：Wagon,,
EU,Nissan Sunny B12 L4270 W1640 H1385 Wagon 1986-1989 EU,Nissan,Sunny,Wagon,1986-1989,三厢车,两厢车,通用标准：Wagon,,
EU,Nissan Sunny B12 L4270 W1640 H1400 Wagon 1986-1989 EU,Nissan,Sunny,Wagon,1986-1989,三厢车,两厢车,通用标准：Wagon,,
EU,Nissan Sunny B12 Wagon 1986-1988 EU,Nissan,Sunny,Wagon,1986-1988,三厢车,两厢车,通用标准：Wagon,,
EU,Nissan Sunny B12 Wagon 1986-1991 EU,Nissan,Sunny,Wagon,1986-1991,三厢车,两厢车,通用标准：Wagon,,
EU,Nissan Sunny B12 Wagon 1988-1990 EU,Nissan,Sunny,Wagon,1988-1990,三厢车,两厢车,通用标准：Wagon,,
EU,Nissan Sunny B12 Wagon 1988-1991 EU,Nissan,Sunny,Wagon,1988-1991,三厢车,两厢车,通用标准：Wagon,,
EU,Nissan Sunny B12 Wagon 1991-2000 EU,Nissan,Sunny,Wagon,1991-2000,三厢车,两厢车,通用标准：Wagon,,
EU,Nissan Sunny Wagon 1979-1982 EU,Nissan,Sunny,Wagon,1979-1982,三厢车,两厢车,通用标准：Wagon,,
EU,Nissan Sunny Y10 Van 1990-2000 EU,Nissan,Sunny,Van,1990-2000,越野车,两厢车,通用标准：Van,,
EU,Nissan Sunny Y10 Van 1992-2000 EU,Nissan,Sunny,Van,1992-2000,越野车,两厢车,通用标准：Van,,
EU,Nissan Sunny Y10 Wagon 1990-1995 EU,Nissan,Sunny,Wagon,1990-1995,三厢车,两厢车,通用标准：Wagon,,
EU,Nissan Sunny Y10 Wagon 1992-2000 EU,Nissan,Sunny,Wagon,1992-2000,三厢车,两厢车,通用标准：Wagon,,
EU,Nissan Townstar NFK MPV 2021-2026 EU,Nissan,Townstar,MPV,2021-2026,越野车,两厢车,通用标准：MPV,,
EU,Nissan Townstar NFK MPV 2022-2026 EU,Nissan,Townstar,MPV,2022-2026,越野车,两厢车,通用标准：MPV,,
EU,Nissan Townstar NFK Van 2021-2026 EU,Nissan,Townstar,Van,2021-2026,越野车,两厢车,通用标准：Van,,
EU,Nissan Townstar NFK Van 2022-2026 EU,Nissan,Townstar,Van,2022-2026,越野车,两厢车,通用标准：Van,,
EU,Nissan Townstar evalia NFK MPV 2024-2026 EU,Nissan,Townstar evalia,MPV,2024-2026,越野车,两厢车,通用标准：MPV,,
EU,Nissan Trade MPV 1996-2001 EU,Nissan,Trade,MPV,1996-2001,越野车,两厢车,通用标准：MPV,,
EU,Nissan Trade PF Van 1996-1998 EU,Nissan,Trade,Van,1996-1998,越野车,两厢车,通用标准：Van,,
EU,Nissan Trade PF Van 1997-2000 EU,Nissan,Trade,Van,1997-2000,越野车,两厢车,通用标准：Van,,
EU,Nissan Trade highroof Van 1993-1998 EU,Nissan,Trade,Van,1993-1998,越野车,两厢车,通用标准：Van,,
EU,Nissan Trade highroof Van 1996-2001 EU,Nissan,Trade,Van,1996-2001,越野车,两厢车,通用标准：Van,,
EU,Nissan Trade lwb highroof Van 1993-1998 EU,Nissan,Trade,Van,1993-1998,越野车,两厢车,通用标准：Van,,
EU,Nissan Trade lwb highroof Van 1996-2001 EU,Nissan,Trade,Van,1996-2001,越野车,两厢车,通用标准：Van,,
EU,Nissan Trade standardroof Van 1993-1998 EU,Nissan,Trade,Van,1993-1998,越野车,两厢车,通用标准：Van,,
EU,Nissan Trade standardroof Van 1996-2001 EU,Nissan,Trade,Van,1996-2001,越野车,两厢车,通用标准：Van,,
EU,Nissan Urvan E23 Van 1981-1982 EU,Nissan,Urvan,Van,1981-1982,越野车,两厢车,通用标准：Van,,
EU,Nissan Urvan E23 Van 1982-1987 EU,Nissan,Urvan,Van,1982-1987,越野车,两厢车,通用标准：Van,,
EU,Nissan Urvan E23 Van 1982-1988 EU,Nissan,Urvan,Van,1982-1988,越野车,两厢车,通用标准：Van,,
EU,Nissan Urvan E23 Van 1985-1988 EU,Nissan,Urvan,Van,1985-1988,越野车,两厢车,通用标准：Van,,
EU,Nissan Urvan E24 MPV 1989-1993 EU,Nissan,Urvan,MPV,1989-1993,越野车,两厢车,通用标准：MPV,,
EU,Nissan Urvan E24 MPV 1989-1996 EU,Nissan,Urvan,MPV,1989-1996,越野车,两厢车,通用标准：MPV,,
EU,Nissan Urvan E24 Van 1986-1994 EU,Nissan,Urvan,Van,1986-1994,越野车,两厢车,通用标准：Van,,
EU,Nissan Urvan E24 Van 1987-1994 EU,Nissan,Urvan,Van,1987-1994,越野车,两厢车,通用标准：Van,,
EU,Nissan Urvan E24 Van 1987-1997 EU,Nissan,Urvan,Van,1987-1997,越野车,两厢车,通用标准：Van,,
EU,Nissan Urvan E24 Van 1988-1997 EU,Nissan,Urvan,Van,1988-1997,越野车,两厢车,通用标准：Van,,
EU,Nissan Vanette C120 MPV 1983-1987 EU,Nissan,Vanette,MPV,1983-1987,越野车,两厢车,通用标准：MPV,,
EU,Nissan Vanette C120 highroof Van 1981-1987 EU,Nissan,Vanette,Van,1981-1987,越野车,两厢车,通用标准：Van,,
EU,Nissan Vanette C120 highroof Van 1982-1987 EU,Nissan,Vanette,Van,1982-1987,越野车,两厢车,通用标准：Van,,
EU,Nissan Vanette C120 lowroof Van 1981-1987 EU,Nissan,Vanette,Van,1981-1987,越野车,两厢车,通用标准：Van,,
EU,Nissan Vanette C120 lowroof Van 1982-1987 EU,Nissan,Vanette,Van,1982-1987,越野车,两厢车,通用标准：Van,,
EU,Nissan Vanette C22 MPV 1986-1995 EU,Nissan,Vanette,MPV,1986-1995,越野车,两厢车,通用标准：MPV,,
EU,Nissan Vanette C22 Van 1986-1995 EU,Nissan,Vanette,Van,1986-1995,越野车,两厢车,通用标准：Van,,
EU,Nissan Vanette C22 Van 1991-1995 EU,Nissan,Vanette,Van,1991-1995,越野车,两厢车,通用标准：Van,,
EU,Nissan Vanette ULC22 Bus 1986-1995 EU,Nissan,Vanette,Bus,1986-1995,越野车,两厢车,通用标准：Bus,,
EU,Nissan Vanette cargo MPV 1994-2001 EU,Nissan,Vanette cargo,MPV,1994-2001,越野车,两厢车,通用标准：MPV,,
EU,Nissan Vanette cargo MPV 1996-2001 EU,Nissan,Vanette cargo,MPV,1996-2001,越野车,两厢车,通用标准：MPV,,
EU,Nissan Vanette cargo Van 1994-2001 EU,Nissan,Vanette cargo,Van,1994-2001,越野车,两厢车,通用标准：Van,,
EU,Nissan Vanette cargo Van 1994-2002 EU,Nissan,Vanette cargo,Van,1994-2002,越野车,两厢车,通用标准：Van,,
EU,OHM Ecovan L4495 W1680 H1990 Van 2024-2026 EU,OHM,Ecovan,Van,2024-2026,越野车,两厢车,通用标准：Van,,
EU,OHM Ecovan L4800 W1680 H1995 Van 2024-2026 EU,OHM,Ecovan,Van,2024-2026,越野车,两厢车,通用标准：Van,,
EU,Opel Arena Bus 1997-2001 EU,Opel,Arena,Bus,1997-2001,越野车,两厢车,通用标准：Bus,,
EU,Opel Arena TF1 Van 1998-2001 EU,Opel,Arena,Van,1998-2001,越野车,两厢车,通用标准：Van,,
EU,Opel Arena Van 1997-2001 EU,Opel,Arena,Van,1997-2001,越野车,两厢车,通用标准：Van,,
EU,Opel Arena combi THB MPV 1998-2001 EU,Opel,Arena combi,MPV,1998-2001,越野车,两厢车,通用标准：MPV,,
EU,Opel Ascona a caravan Wagon 1970-1975 EU,Opel,Ascona a caravan,Wagon,1970-1975,三厢车,两厢车,通用标准：Wagon,,
EU,Opel Ascona a caravan Wagon 1975-1975 EU,Opel,Ascona a caravan,Wagon,1975-1975,三厢车,两厢车,通用标准：Wagon,,
EU,Opel Astra f T92 Van 1993-1994 EU,Opel,Astra f,Van,1993-1994,越野车,两厢车,通用标准：Van,,
EU,Opel Astra f Van 1991-1992 EU,Opel,Astra f,Van,1991-1992,越野车,两厢车,通用标准：Van,,
EU,Opel Astra f Van 1991-1998 EU,Opel,Astra f,Van,1991-1998,越野车,两厢车,通用标准：Van,,
EU,Opel Astra f Van 1991-1999 EU,Opel,Astra f,Van,1991-1999,越野车,两厢车,通用标准：Van,,
EU,Opel Astra f Van 1992-1999 EU,Opel,Astra f,Van,1992-1999,越野车,两厢车,通用标准：Van,,
EU,Opel Astra f Van 1993-1996 EU,Opel,Astra f,Van,1993-1996,越野车,两厢车,通用标准：Van,,
EU,Opel Astra f Van 1994-1998 EU,Opel,Astra f,Van,1994-1998,越野车,两厢车,通用标准：Van,,
EU,Opel Astra f Van 1994-1999 EU,Opel,Astra f,Van,1994-1999,越野车,两厢车,通用标准：Van,,
EU,Opel Astra f Van 1995-1998 EU,Opel,Astra f,Van,1995-1998,越野车,两厢车,通用标准：Van,,
EU,Opel Astra f caravan L4278 W1688 H1475 Wagon 1994-1998 EU,Opel,Astra f caravan,Wagon,1994-1998,三厢车,两厢车,通用标准：Wagon,,
EU,Opel Astra f caravan L4278 W1696 H1525 Wagon 1994-1998 EU,Opel,Astra f caravan,Wagon,1994-1998,三厢车,两厢车,通用标准：Wagon,,
EU,Opel Astra f caravan Van 1992-1998 EU,Opel,Astra f caravan,Van,1992-1998,越野车,两厢车,通用标准：Van,,
EU,Opel Astra f caravan Van 1994-1998 EU,Opel,Astra f caravan,Van,1994-1998,越野车,两厢车,通用标准：Van,,
EU,Opel Astra f caravan Van 1995-1998 EU,Opel,Astra f caravan,Van,1995-1998,越野车,两厢车,通用标准：Van,,
EU,Opel Astra f caravan Wagon 1991-1992 EU,Opel,Astra f caravan,Wagon,1991-1992,三厢车,两厢车,通用标准：Wagon,,
EU,Opel Astra f caravan Wagon 1991-1994 EU,Opel,Astra f caravan,Wagon,1991-1994,三厢车,两厢车,通用标准：Wagon,,
EU,Opel Astra f caravan Wagon 1991-1998 EU,Opel,Astra f caravan,Wagon,1991-1998,三厢车,两厢车,通用标准：Wagon,,
EU,Opel Astra f caravan Wagon 1992-1994 EU,Opel,Astra f caravan,Wagon,1992-1994,三厢车,两厢车,通用标准：Wagon,,
EU,Opel Astra f caravan Wagon 1992-1998 EU,Opel,Astra f caravan,Wagon,1992-1998,三厢车,两厢车,通用标准：Wagon,,
EU,Opel Astra f caravan Wagon 1993-1996 EU,Opel,Astra f caravan,Wagon,1993-1996,三厢车,两厢车,通用标准：Wagon,,
EU,Opel Astra f caravan Wagon 1993-1998 EU,Opel,Astra f caravan,Wagon,1993-1998,三厢车,两厢车,通用标准：Wagon,,
EU,Opel Astra f caravan Wagon 1995-1998 EU,Opel,Astra f caravan,Wagon,1995-1998,三厢车,两厢车,通用标准：Wagon,,
EU,Opel Astra f caravan Wagon 1996-1998 EU,Opel,Astra f caravan,Wagon,1996-1998,三厢车,两厢车,通用标准：Wagon,,
EU,Opel Astra f classic caravan Van 1998-2005 EU,Opel,Astra f classic caravan,Van,1998-2005,越野车,两厢车,通用标准：Van,,
EU,Opel Astra g F35 Wagon 2003-2004 EU,Opel,Astra g,Wagon,2003-2004,三厢车,两厢车,通用标准：Wagon,,
EU,Opel Astra g T98 Van 1998-2004 EU,Opel,Astra g,Van,1998-2004,越野车,两厢车,通用标准：Van,,
EU,Opel Astra g T98 Van 2000-2005 EU,Opel,Astra g,Van,2000-2005,越野车,两厢车,通用标准：Van,,
EU,Opel Astra g Van 1999-2000 EU,Opel,Astra g,Van,1999-2000,越野车,两厢车,通用标准：Van,,
EU,Opel Astra g Van 1999-2005 EU,Opel,Astra g,Van,1999-2005,越野车,两厢车,通用标准：Van,,
EU,Opel Astra g Van 2000-2005 EU,Opel,Astra g,Van,2000-2005,越野车,两厢车,通用标准：Van,,
EU,Opel Astra g Van 2004-2004 EU,Opel,Astra g,Van,2004-2004,越野车,两厢车,通用标准：Van,,
EU,Opel Astra g caravan F35 L4288 W1709 H1465 Wagon 1998-2004 EU,Opel,Astra g caravan,Wagon,1998-2004,三厢车,两厢车,通用标准：Wagon,,
EU,Opel Astra g caravan F35 L4288 W1709 H1510 Wagon 1998-2004 EU,Opel,Astra g caravan,Wagon,1998-2004,三厢车,两厢车,通用标准：Wagon,,
EU,Opel Astra g caravan F35 Wagon 1998-2000 EU,Opel,Astra g caravan,Wagon,1998-2000,三厢车,两厢车,通用标准：Wagon,,
EU,Opel Astra g caravan F35 Wagon 2002-2004 EU,Opel,Astra g caravan,Wagon,2002-2004,三厢车,两厢车,通用标准：Wagon,,
EU,Opel Astra g caravan T98 Wagon 2002-2004 EU,Opel,Astra g caravan,Wagon,2002-2004,三厢车,两厢车,通用标准：Wagon,,
EU,Opel Astra g caravan Van 2000-2004 EU,Opel,Astra g caravan,Van,2000-2004,越野车,两厢车,通用标准：Van,,
EU,Opel Astra g caravan Wagon 1998-2004 EU,Opel,Astra g caravan,Wagon,1998-2004,三厢车,两厢车,通用标准：Wagon,,
EU,Opel Astra g caravan Wagon 1999-2004 EU,Opel,Astra g caravan,Wagon,1999-2004,三厢车,两厢车,通用标准：Wagon,,
EU,Opel Astra g caravan Wagon 2000-2004 EU,Opel,Astra g caravan,Wagon,2000-2004,三厢车,两厢车,通用标准：Wagon,,
EU,Opel Astra g caravan Wagon 2001-2004 EU,Opel,Astra g caravan,Wagon,2001-2004,三厢车,两厢车,通用标准：Wagon,,
EU,Opel Astra g caravan Wagon 2002-2004 EU,Opel,Astra g caravan,Wagon,2002-2004,三厢车,两厢车,通用标准：Wagon,,
EU,Opel Astra g caravan Wagon 2003-2004 EU,Opel,Astra g caravan,Wagon,2003-2004,三厢车,两厢车,通用标准：Wagon,,
EU,Opel Astra g classic caravan F35 Wagon 2007-2009 EU,Opel,Astra g classic caravan,Wagon,2007-2009,三厢车,两厢车,通用标准：Wagon,,
EU,Opel Astra g classic caravan T98 Wagon 2004-2006 EU,Opel,Astra g classic caravan,Wagon,2004-2006,三厢车,两厢车,通用标准：Wagon,,
EU,Opel Astra g classic caravan T98 Wagon 2004-2007 EU,Opel,Astra g classic caravan,Wagon,2004-2007,三厢车,两厢车,通用标准：Wagon,,
EU,Opel Astra g classic caravan T98 Wagon 2004-2009 EU,Opel,Astra g classic caravan,Wagon,2004-2009,三厢车,两厢车,通用标准：Wagon,,
EU,Opel Astra g classic caravan T98 Wagon 2006-2009 EU,Opel,Astra g classic caravan,Wagon,2006-2009,三厢车,两厢车,通用标准：Wagon,,
EU,Opel Astra h A04 Wagon 2004-2007 EU,Opel,Astra h,Wagon,2004-2007,三厢车,两厢车,通用标准：Wagon,,
EU,Opel Astra h A04 Wagon 2004-2012 EU,Opel,Astra h,Wagon,2004-2012,三厢车,两厢车,通用标准：Wagon,,
EU,Opel Astra h A04 Wagon 2005-2012 EU,Opel,Astra h,Wagon,2005-2012,三厢车,两厢车,通用标准：Wagon,,
EU,Opel Astra h A04 Wagon 2006-2010 EU,Opel,Astra h,Wagon,2006-2010,三厢车,两厢车,通用标准：Wagon,,
EU,Opel Astra h Wagon 2004-2004 EU,Opel,Astra h,Wagon,2004-2004,三厢车,两厢车,通用标准：Wagon,,
EU,Opel Astra h Wagon 2004-2010 EU,Opel,Astra h,Wagon,2004-2010,三厢车,两厢车,通用标准：Wagon,,
EU,Opel Astra h Wagon 2005-2010 EU,Opel,Astra h,Wagon,2005-2010,三厢车,两厢车,通用标准：Wagon,,
EU,Opel Astra h Wagon 2007-2010 EU,Opel,Astra h,Wagon,2007-2010,三厢车,两厢车,通用标准：Wagon,,
EU,Opel Astra h Wagon 2007-2014 EU,Opel,Astra h,Wagon,2007-2014,三厢车,两厢车,通用标准：Wagon,,
EU,Opel Astra h caravan L35 Wagon 2005-2010 EU,Opel,Astra h caravan,Wagon,2005-2010,三厢车,两厢车,通用标准：Wagon,,
EU,Opel Astra h caravan L35 Wagon 2009-2010 EU,Opel,Astra h caravan,Wagon,2009-2010,三厢车,两厢车,通用标准：Wagon,,
EU,Opel Astra h caravan L4515 W1753 H1496 Wagon 2004-2010 EU,Opel,Astra h caravan,Wagon,2004-2010,三厢车,两厢车,通用标准：Wagon,,
EU,Opel Astra h caravan L4515 W1753 H1500 Wagon 2004-2010 EU,Opel,Astra h caravan,Wagon,2004-2010,三厢车,两厢车,通用标准：Wagon,,
EU,Opel Astra h caravan Wagon 2006-2010 EU,Opel,Astra h caravan,Wagon,2006-2010,三厢车,两厢车,通用标准：Wagon,,
EU,Opel Astra h caravan Wagon 2007-2010 EU,Opel,Astra h caravan,Wagon,2007-2010,三厢车,两厢车,通用标准：Wagon,,
EU,Opel Astra h caravan Wagon 2008-2010 EU,Opel,Astra h caravan,Wagon,2008-2010,三厢车,两厢车,通用标准：Wagon,,
EU,Opel Astra h caravan Wagon 2009-2010 EU,Opel,Astra h caravan,Wagon,2009-2010,三厢车,两厢车,通用标准：Wagon,,
EU,Opel Astra h family caravan A04 Wagon 2009-2014 EU,Opel,Astra h family caravan,Wagon,2009-2014,三厢车,两厢车,通用标准：Wagon,,
EU,Opel Astra h family caravan L35 Wagon 2009-2014 EU,Opel,Astra h family caravan,Wagon,2009-2014,三厢车,两厢车,通用标准：Wagon,,
EU,Opel Astra j P10 L4419 W1814 H1510 Van 2014-2015 EU,Opel,Astra j,Van,2014-2015,越野车,两厢车,通用标准：Van,,
EU,Opel Astra j P10 L4698 W1814 H1535 Van 2014-2015 EU,Opel,Astra j,Van,2014-2015,越野车,两厢车,通用标准：Van,,
EU,Opel Astra j P10 Van 2012-2015 EU,Opel,Astra j,Van,2012-2015,越野车,两厢车,通用标准：Van,,
EU,Opel Astra j P10 Van 2013-2015 EU,Opel,Astra j,Van,2013-2015,越野车,两厢车,通用标准：Van,,
EU,Opel Astra j caravan Wagon 2010-2014 EU,Opel,Astra j caravan,Wagon,2010-2014,三厢车,两厢车,通用标准：Wagon,,
EU,Opel Astra j caravan Wagon 2010-2015 EU,Opel,Astra j caravan,Wagon,2010-2015,三厢车,两厢车,通用标准：Wagon,,
EU,Opel Astra j caravan Wagon 2011-2015 EU,Opel,Astra j caravan,Wagon,2011-2015,三厢车,两厢车,通用标准：Wagon,,
EU,Opel Astra j caravan Wagon 2012-2015 EU,Opel,Astra j caravan,Wagon,2012-2015,三厢车,两厢车,通用标准：Wagon,,
EU,Opel Astra j caravan Wagon 2013-2015 EU,Opel,Astra j caravan,Wagon,2013-2015,三厢车,两厢车,通用标准：Wagon,,
EU,Opel Astra j caravan Wagon 2014-2015 EU,Opel,Astra j caravan,Wagon,2014-2015,三厢车,两厢车,通用标准：Wagon,,
EU,Opel Astra k B16 Wagon 2018-2019 EU,Opel,Astra k,Wagon,2018-2019,三厢车,两厢车,通用标准：Wagon,,
EU,Opel Astra k B16 Wagon 2018-2021 EU,Opel,Astra k,Wagon,2018-2021,三厢车,两厢车,通用标准：Wagon,,
EU,Opel Astra k B16 Wagon 2019-2021 EU,Opel,Astra k,Wagon,2019-2021,三厢车,两厢车,通用标准：Wagon,,
EU,Opel Astra k sports tourer B16 Wagon 2016-2018 EU,Opel,Astra k sports tourer,Wagon,2016-2018,三厢车,两厢车,通用标准：Wagon,,
EU,Opel Astra k sports tourer B16 Wagon 2016-2019 EU,Opel,Astra k sports tourer,Wagon,2016-2019,三厢车,两厢车,通用标准：Wagon,,
EU,Opel Astra k sports tourer B16 Wagon 2018-2019 EU,Opel,Astra k sports tourer,Wagon,2018-2019,三厢车,两厢车,通用标准：Wagon,,
EU,Opel Astra k sports tourer K Wagon 2017-2018 EU,Opel,Astra k sports tourer,Wagon,2017-2018,三厢车,两厢车,通用标准：Wagon,,
EU,Opel Astra k sports tourer Wagon 2019-2021 EU,Opel,Astra k sports tourer,Wagon,2019-2021,三厢车,两厢车,通用标准：Wagon,,
EU,Opel Astra l sports tourer OV52 Wagon 2021-2026 EU,Opel,Astra l sports tourer,Wagon,2021-2026,三厢车,两厢车,通用标准：Wagon,,
EU,Opel Astra l sports tourer OV52 Wagon 2023-2026 EU,Opel,Astra l sports tourer,Wagon,2023-2026,三厢车,两厢车,通用标准：Wagon,,
EU,Opel Astra l sports tourer OV52 Wagon 2025-2026 EU,Opel,Astra l sports tourer,Wagon,2025-2026,三厢车,两厢车,通用标准：Wagon,,
EU,Opel Combo K9 Van 2021-2026 EU,Opel,Combo,Van,2021-2026,越野车,两厢车,通用标准：Van,,
EU,Opel Combo K9 Van 2023-2026 EU,Opel,Combo,Van,2023-2026,越野车,两厢车,通用标准：Van,,
EU,Opel Combo K9 Van 2025-2026 EU,Opel,Combo,Van,2025-2026,越野车,两厢车,通用标准：Van,,
EU,Opel Combo K9 m Van 2018-2026 EU,Opel,Combo,Van,2018-2026,越野车,两厢车,通用标准：Van,,
EU,Opel Combo K9 mpv m MPV 2018-2020 EU,Opel,Combo,MPV,2018-2020,越野车,两厢车,通用标准：MPV,,
EU,Opel Combo K9 mpv m MPV 2018-2021 EU,Opel,Combo,MPV,2018-2021,越野车,两厢车,通用标准：MPV,,
EU,Opel Combo K9 mpv m MPV 2019-2026 EU,Opel,Combo,MPV,2019-2026,越野车,两厢车,通用标准：MPV,,
EU,Opel Combo K9 mpv xl MPV 2018-2020 EU,Opel,Combo,MPV,2018-2020,越野车,两厢车,通用标准：MPV,,
EU,Opel Combo K9 mpv xl MPV 2018-2021 EU,Opel,Combo,MPV,2018-2021,越野车,两厢车,通用标准：MPV,,
EU,Opel Combo K9 mpv xl MPV 2019-2026 EU,Opel,Combo,MPV,2019-2026,越野车,两厢车,通用标准：MPV,,
EU,Opel Combo K9 van m Van 2018-2020 EU,Opel,Combo,Van,2018-2020,越野车,两厢车,通用标准：Van,,
EU,Opel Combo K9 van m Van 2018-2021 EU,Opel,Combo,Van,2018-2021,越野车,两厢车,通用标准：Van,,
EU,Opel Combo K9 van m Van 2019-2026 EU,Opel,Combo,Van,2019-2026,越野车,两厢车,通用标准：Van,,
EU,Opel Combo K9 van xl Van 2018-2020 EU,Opel,Combo,Van,2018-2020,越野车,两厢车,通用标准：Van,,
EU,Opel Combo K9 van xl Van 2018-2021 EU,Opel,Combo,Van,2018-2021,越野车,两厢车,通用标准：Van,,
EU,Opel Combo K9 van xl Van 2019-2026 EU,Opel,Combo,Van,2019-2026,越野车,两厢车,通用标准：Van,,
EU,Opel Combo K9 xl Van 2018-2026 EU,Opel,Combo,Van,2018-2026,越野车,两厢车,通用标准：Van,,
EU,Opel Combo MPV 2001-2026 EU,Opel,Combo,MPV,2001-2026,越野车,两厢车,通用标准：MPV,,
EU,Opel Combo MPV 2004-2026 EU,Opel,Combo,MPV,2004-2026,越野车,两厢车,通用标准：MPV,,
EU,Opel Combo MPV 2005-2012 EU,Opel,Combo,MPV,2005-2012,越野车,两厢车,通用标准：MPV,,
EU,Opel Combo MPV 2005-2026 EU,Opel,Combo,MPV,2005-2026,越野车,两厢车,通用标准：MPV,,
EU,Opel Combo MPV 2006-2026 EU,Opel,Combo,MPV,2006-2026,越野车,两厢车,通用标准：MPV,,
EU,Opel Combo S93 Van 1999-2001 EU,Opel,Combo,Van,1999-2001,越野车,两厢车,通用标准：Van,,
EU,Opel Combo Van 1994-2001 EU,Opel,Combo,Van,1994-2001,越野车,两厢车,通用标准：Van,,
EU,Opel Combo Van 2001-2026 EU,Opel,Combo,Van,2001-2026,越野车,两厢车,通用标准：Van,,
EU,Opel Combo Van 2004-2026 EU,Opel,Combo,Van,2004-2026,越野车,两厢车,通用标准：Van,,
EU,Opel Combo Van 2005-2026 EU,Opel,Combo,Van,2005-2026,越野车,两厢车,通用标准：Van,,
EU,Opel Combo X12 Van 2012-2026 EU,Opel,Combo,Van,2012-2026,越野车,两厢车,通用标准：Van,,
EU,Opel Combo X12 Van 2015-2026 EU,Opel,Combo,Van,2015-2026,越野车,两厢车,通用标准：Van,,
EU,Opel Combo X12 Van 2016-2026 EU,Opel,Combo,Van,2016-2026,越野车,两厢车,通用标准：Van,,
EU,Opel Combo e tour / life K9 Van 2021-2023 EU,Opel,Combo e tour / life,Van,2021-2023,越野车,两厢车,通用标准：Van,,
EU,Opel Combo e tour / life K9 Van 2023-2026 EU,Opel,Combo e tour / life,Van,2023-2026,越野车,两厢车,通用标准：Van,,
EU,Opel Combo e tour / life std MPV 2018-2026 EU,Opel,Combo e tour / life,MPV,2018-2026,越野车,两厢车,通用标准：MPV,,
EU,Opel Combo e tour / life std MPV 2019-2026 EU,Opel,Combo e tour / life,MPV,2019-2026,越野车,两厢车,通用标准：MPV,,
EU,Opel Combo e tour / life xl MPV 2018-2026 EU,Opel,Combo e tour / life,MPV,2018-2026,越野车,两厢车,通用标准：MPV,,
EU,Opel Combo e tour / life xl MPV 2019-2026 EU,Opel,Combo e tour / life,MPV,2019-2026,越野车,两厢车,通用标准：MPV,,
EU,Opel Combo m MPV 2018-2026 EU,Opel,Combo,MPV,2018-2026,越野车,两厢车,通用标准：MPV,,
EU,Opel Combo tour MPV 2004-2011 EU,Opel,Combo tour,MPV,2004-2011,越野车,两厢车,通用标准：MPV,,
EU,Opel Combo tour MPV 2005-2011 EU,Opel,Combo tour,MPV,2005-2011,越野车,两厢车,通用标准：MPV,,
EU,Opel Combo tour MPV 2006-2011 EU,Opel,Combo tour,MPV,2006-2011,越野车,两厢车,通用标准：MPV,,
EU,Opel Combo tour MPV 2016-2026 EU,Opel,Combo tour,MPV,2016-2026,越野车,两厢车,通用标准：MPV,,
EU,Opel Combo tour X01 MPV 2001-2004 EU,Opel,Combo tour,MPV,2001-2004,越野车,两厢车,通用标准：MPV,,
EU,Opel Combo tour X01 MPV 2001-2006 EU,Opel,Combo tour,MPV,2001-2006,越野车,两厢车,通用标准：MPV,,
EU,Opel Combo tour X01 MPV 2004-2011 EU,Opel,Combo tour,MPV,2004-2011,越野车,两厢车,通用标准：MPV,,
EU,Opel Combo tour X12 MPV 2012-2026 EU,Opel,Combo tour,MPV,2012-2026,越野车,两厢车,通用标准：MPV,,
EU,Opel Combo tour X12 Van 2012-2026 EU,Opel,Combo tour,Van,2012-2026,越野车,两厢车,通用标准：Van,,
EU,Opel Combo tour X12 Van 2015-2026 EU,Opel,Combo tour,Van,2015-2026,越野车,两厢车,通用标准：Van,,
EU,Opel Combo xl MPV 2018-2026 EU,Opel,Combo,MPV,2018-2026,越野车,两厢车,通用标准：MPV,,
EU,Opel Commodore c caravan Wagon 1980-1982 EU,Opel,Commodore c caravan,Wagon,1980-1982,三厢车,两厢车,通用标准：Wagon,,
EU,Opel Corsa b caravan L4026 W1610 H1465 Wagon 1999-2002 EU,Opel,Corsa b caravan,Wagon,1999-2002,三厢车,两厢车,通用标准：Wagon,,
EU,Opel Corsa b caravan L4026 W1610 H1470 Wagon 1999-2002 EU,Opel,Corsa b caravan,Wagon,1999-2002,三厢车,两厢车,通用标准：Wagon,,
EU,Opel Corsa c F08 Van 2003-2012 EU,Opel,Corsa c,Van,2003-2012,越野车,两厢车,通用标准：Van,,
EU,Opel Corsa c F08 Van 2005-2006 EU,Opel,Corsa c,Van,2005-2006,越野车,两厢车,通用标准：Van,,
EU,Opel Corsa c Van 2000-2003 EU,Opel,Corsa c,Van,2000-2003,越野车,两厢车,通用标准：Van,,
EU,Opel Corsa c Van 2005-2006 EU,Opel,Corsa c,Van,2005-2006,越野车,两厢车,通用标准：Van,,
EU,Opel Corsa d S07 Van 2012-2014 EU,Opel,Corsa d,Van,2012-2014,越野车,两厢车,通用标准：Van,,
EU,Opel Insignia a country tourer Wagon 2008-2017 EU,Opel,Insignia a country tourer,Wagon,2008-2017,三厢车,两厢车,通用标准：Wagon,,
EU,Opel Insignia a country tourer Wagon 2012-2017 EU,Opel,Insignia a country tourer,Wagon,2012-2017,三厢车,两厢车,通用标准：Wagon,,
EU,Opel Insignia a country tourer Wagon 2013-2017 EU,Opel,Insignia a country tourer,Wagon,2013-2017,三厢车,两厢车,通用标准：Wagon,,
EU,Opel Insignia a country tourer Wagon 2014-2017 EU,Opel,Insignia a country tourer,Wagon,2014-2017,三厢车,两厢车,通用标准：Wagon,,
EU,Opel Insignia a country tourer Wagon 2015-2017 EU,Opel,Insignia a country tourer,Wagon,2015-2017,三厢车,两厢车,通用标准：Wagon,,
EU,Opel Insignia a sports tourer G09 Wagon 2008-2012 EU,Opel,Insignia a sports tourer,Wagon,2008-2012,三厢车,两厢车,通用标准：Wagon,,
EU,Opel Insignia a sports tourer G09 Wagon 2008-2013 EU,Opel,Insignia a sports tourer,Wagon,2008-2013,三厢车,两厢车,通用标准：Wagon,,
EU,Opel Insignia a sports tourer G09 Wagon 2010-2011 EU,Opel,Insignia a sports tourer,Wagon,2010-2011,三厢车,两厢车,通用标准：Wagon,,
EU,Opel Insignia a sports tourer G09 Wagon 2013-2015 EU,Opel,Insignia a sports tourer,Wagon,2013-2015,三厢车,两厢车,通用标准：Wagon,,
EU,Opel Insignia a sports tourer G09 facelift Wagon 2008-2015 EU,Opel,Insignia a sports tourer,Wagon,2008-2015,三厢车,两厢车,通用标准：Wagon,,
EU,Opel Insignia a sports tourer G09 facelift Wagon 2008-2017 EU,Opel,Insignia a sports tourer,Wagon,2008-2017,三厢车,两厢车,通用标准：Wagon,,
EU,Opel Insignia a sports tourer G09 facelift Wagon 2009-2017 EU,Opel,Insignia a sports tourer,Wagon,2009-2017,三厢车,两厢车,通用标准：Wagon,,
EU,Opel Insignia a sports tourer G09 prefl Wagon 2008-2015 EU,Opel,Insignia a sports tourer,Wagon,2008-2015,三厢车,两厢车,通用标准：Wagon,,
EU,Opel Insignia a sports tourer G09 prefl Wagon 2008-2017 EU,Opel,Insignia a sports tourer,Wagon,2008-2017,三厢车,两厢车,通用标准：Wagon,,
EU,Opel Insignia a sports tourer G09 prefl Wagon 2009-2017 EU,Opel,Insignia a sports tourer,Wagon,2009-2017,三厢车,两厢车,通用标准：Wagon,,
EU,Opel Insignia a sports tourer Wagon 2008-2011 EU,Opel,Insignia a sports tourer,Wagon,2008-2011,三厢车,两厢车,通用标准：Wagon,,
EU,Opel Insignia a sports tourer Wagon 2008-2017 EU,Opel,Insignia a sports tourer,Wagon,2008-2017,三厢车,两厢车,通用标准：Wagon,,
EU,Opel Insignia a sports tourer Wagon 2009-2013 EU,Opel,Insignia a sports tourer,Wagon,2009-2013,三厢车,两厢车,通用标准：Wagon,,
EU,Opel Insignia a sports tourer Wagon 2013-2015 EU,Opel,Insignia a sports tourer,Wagon,2013-2015,三厢车,两厢车,通用标准：Wagon,,
EU,Opel Insignia a sports tourer Wagon 2013-2017 EU,Opel,Insignia a sports tourer,Wagon,2013-2017,三厢车,两厢车,通用标准：Wagon,,
EU,Opel Insignia a sports tourer Wagon 2014-2016 EU,Opel,Insignia a sports tourer,Wagon,2014-2016,三厢车,两厢车,通用标准：Wagon,,
EU,Opel Insignia a sports tourer Wagon 2014-2017 EU,Opel,Insignia a sports tourer,Wagon,2014-2017,三厢车,两厢车,通用标准：Wagon,,
EU,Opel Insignia a sports tourer Wagon 2015-2016 EU,Opel,Insignia a sports tourer,Wagon,2015-2016,三厢车,两厢车,通用标准：Wagon,,
EU,Opel Insignia a sports tourer Wagon 2015-2017 EU,Opel,Insignia a sports tourer,Wagon,2015-2017,三厢车,两厢车,通用标准：Wagon,,
EU,Opel Insignia a sports tourer facelift Wagon 2010-2015 EU,Opel,Insignia a sports tourer,Wagon,2010-2015,三厢车,两厢车,通用标准：Wagon,,
EU,Opel Insignia a sports tourer facelift Wagon 2011-2017 EU,Opel,Insignia a sports tourer,Wagon,2011-2017,三厢车,两厢车,通用标准：Wagon,,
EU,Opel Insignia a sports tourer facelift Wagon 2012-2015 EU,Opel,Insignia a sports tourer,Wagon,2012-2015,三厢车,两厢车,通用标准：Wagon,,
EU,Opel Insignia a sports tourer facelift Wagon 2012-2017 EU,Opel,Insignia a sports tourer,Wagon,2012-2017,三厢车,两厢车,通用标准：Wagon,,
EU,Opel Insignia a sports tourer prefl Wagon 2010-2015 EU,Opel,Insignia a sports tourer,Wagon,2010-2015,三厢车,两厢车,通用标准：Wagon,,
EU,Opel Insignia a sports tourer prefl Wagon 2011-2017 EU,Opel,Insignia a sports tourer,Wagon,2011-2017,三厢车,两厢车,通用标准：Wagon,,
EU,Opel Insignia a sports tourer prefl Wagon 2012-2015 EU,Opel,Insignia a sports tourer,Wagon,2012-2015,三厢车,两厢车,通用标准：Wagon,,
EU,Opel Insignia a sports tourer prefl Wagon 2012-2017 EU,Opel,Insignia a sports tourer,Wagon,2012-2017,三厢车,两厢车,通用标准：Wagon,,
EU,Opel Insignia b country tourer Wagon 2017-2026 EU,Opel,Insignia b country tourer,Wagon,2017-2026,三厢车,两厢车,通用标准：Wagon,,
EU,Opel Insignia b country tourer Wagon 2018-2026 EU,Opel,Insignia b country tourer,Wagon,2018-2026,三厢车,两厢车,通用标准：Wagon,,
EU,Opel Insignia b country tourer Z18 Wagon 2018-2026 EU,Opel,Insignia b country tourer,Wagon,2018-2026,三厢车,两厢车,通用标准：Wagon,,
EU,Opel Insignia b sports tourer L4986 W1863 H1500 Wagon 2020-2026 EU,Opel,Insignia b sports tourer,Wagon,2020-2026,三厢车,两厢车,通用标准：Wagon,,
EU,Opel Insignia b sports tourer L4986 W1863 H1514 Wagon 2020-2026 EU,Opel,Insignia b sports tourer,Wagon,2020-2026,三厢车,两厢车,通用标准：Wagon,,
EU,Opel Insignia b sports tourer Wagon 2017-2026 EU,Opel,Insignia b sports tourer,Wagon,2017-2026,三厢车,两厢车,通用标准：Wagon,,
EU,Opel Insignia b sports tourer Wagon 2018-2026 EU,Opel,Insignia b sports tourer,Wagon,2018-2026,三厢车,两厢车,通用标准：Wagon,,
EU,Opel Kadett a caravan Wagon 1963-1965 EU,Opel,Kadett a caravan,Wagon,1963-1965,三厢车,两厢车,通用标准：Wagon,,
EU,Opel Kadett b caravan l 3dr Wagon 1965-1971 EU,Opel,Kadett b caravan,Wagon,1965-1971,三厢车,两厢车,通用标准：Wagon,,
EU,Opel Kadett b caravan l 3dr Wagon 1971-1973 EU,Opel,Kadett b caravan,Wagon,1971-1973,三厢车,两厢车,通用标准：Wagon,,
EU,Opel Kadett b caravan std 3dr Wagon 1965-1971 EU,Opel,Kadett b caravan,Wagon,1965-1971,三厢车,两厢车,通用标准：Wagon,,
EU,Opel Kadett b caravan std 3dr Wagon 1971-1973 EU,Opel,Kadett b caravan,Wagon,1971-1973,三厢车,两厢车,通用标准：Wagon,,
EU,Opel Kadett c caravan Wagon 1973-1977 EU,Opel,Kadett c caravan,Wagon,1973-1977,三厢车,两厢车,通用标准：Wagon,,
EU,Opel Kadett c caravan Wagon 1973-1979 EU,Opel,Kadett c caravan,Wagon,1973-1979,三厢车,两厢车,通用标准：Wagon,,
EU,Opel Kadett c caravan Wagon 1974-1979 EU,Opel,Kadett c caravan,Wagon,1974-1979,三厢车,两厢车,通用标准：Wagon,,
EU,Opel Kadett c caravan Wagon 1977-1979 EU,Opel,Kadett c caravan,Wagon,1977-1979,三厢车,两厢车,通用标准：Wagon,,
EU,Opel Kadett d caravan Wagon 1979-1982 EU,Opel,Kadett d caravan,Wagon,1979-1982,三厢车,两厢车,通用标准：Wagon,,
EU,Opel Kadett d caravan Wagon 1979-1984 EU,Opel,Kadett d caravan,Wagon,1979-1984,三厢车,两厢车,通用标准：Wagon,,
EU,Opel Kadett d caravan Wagon 1981-1984 EU,Opel,Kadett d caravan,Wagon,1981-1984,三厢车,两厢车,通用标准：Wagon,,
EU,Opel Kadett d caravan Wagon 1982-1984 EU,Opel,Kadett d caravan,Wagon,1982-1984,三厢车,两厢车,通用标准：Wagon,,
EU,Opel Kadett e Van 1984-1986 EU,Opel,Kadett e,Van,1984-1986,越野车,两厢车,通用标准：Van,,
EU,Opel Kadett e Van 1984-1988 EU,Opel,Kadett e,Van,1984-1988,越野车,两厢车,通用标准：Van,,
EU,Opel Kadett e Van 1984-1989 EU,Opel,Kadett e,Van,1984-1989,越野车,两厢车,通用标准：Van,,
EU,Opel Kadett e Van 1984-1992 EU,Opel,Kadett e,Van,1984-1992,越野车,两厢车,通用标准：Van,,
EU,Opel Kadett e Van 1988-1992 EU,Opel,Kadett e,Van,1988-1992,越野车,两厢车,通用标准：Van,,
EU,Opel Kadett e Van 1989-1993 EU,Opel,Kadett e,Van,1989-1993,越野车,两厢车,通用标准：Van,,
EU,Opel Kadett e Van 1990-1991 EU,Opel,Kadett e,Van,1990-1991,越野车,两厢车,通用标准：Van,,
EU,Opel Kadett e caravan Van 1984-1986 EU,Opel,Kadett e caravan,Van,1984-1986,越野车,两厢车,通用标准：Van,,
EU,Opel Kadett e caravan Van 1988-1991 EU,Opel,Kadett e caravan,Van,1988-1991,越野车,两厢车,通用标准：Van,,
EU,Opel Kadett e caravan Wagon 1984-1986 EU,Opel,Kadett e caravan,Wagon,1984-1986,三厢车,两厢车,通用标准：Wagon,,
EU,Opel Kadett e caravan Wagon 1984-1987 EU,Opel,Kadett e caravan,Wagon,1984-1987,三厢车,两厢车,通用标准：Wagon,,
EU,Opel Kadett e caravan Wagon 1984-1989 EU,Opel,Kadett e caravan,Wagon,1984-1989,三厢车,两厢车,通用标准：Wagon,,
EU,Opel Kadett e caravan Wagon 1984-1991 EU,Opel,Kadett e caravan,Wagon,1984-1991,三厢车,两厢车,通用标准：Wagon,,
EU,Opel Kadett e caravan Wagon 1985-1986 EU,Opel,Kadett e caravan,Wagon,1985-1986,三厢车,两厢车,通用标准：Wagon,,
EU,Opel Kadett e caravan Wagon 1985-1991 EU,Opel,Kadett e caravan,Wagon,1985-1991,三厢车,两厢车,通用标准：Wagon,,
EU,Opel Kadett e caravan Wagon 1986-1991 EU,Opel,Kadett e caravan,Wagon,1986-1991,三厢车,两厢车,通用标准：Wagon,,
EU,Opel Kadett e caravan Wagon 1987-1991 EU,Opel,Kadett e caravan,Wagon,1987-1991,三厢车,两厢车,通用标准：Wagon,,
EU,Opel Kadett e caravan Wagon 1989-1991 EU,Opel,Kadett e caravan,Wagon,1989-1991,三厢车,两厢车,通用标准：Wagon,,
EU,Opel Kadett e caravan Wagon 1990-1991 EU,Opel,Kadett e caravan,Wagon,1990-1991,三厢车,两厢车,通用标准：Wagon,,
EU,Opel Kadett e combo Van 1986-1989 EU,Opel,Kadett e combo,Van,1986-1989,越野车,两厢车,通用标准：Van,,
EU,Opel Kadett e combo Van 1986-1991 EU,Opel,Kadett e combo,Van,1986-1991,越野车,两厢车,通用标准：Van,,
EU,Opel Kadett e combo Van 1989-1991 EU,Opel,Kadett e combo,Van,1989-1991,越野车,两厢车,通用标准：Van,,
EU,Opel Kadett e combo Van 1989-1994 EU,Opel,Kadett e combo,Van,1989-1994,越野车,两厢车,通用标准：Van,,
EU,Opel Kadett e combo Van 1991-1994 EU,Opel,Kadett e combo,Van,1991-1994,越野车,两厢车,通用标准：Van,,
EU,Opel Kadett e combo Van 1992-1994 EU,Opel,Kadett e combo,Van,1992-1994,越野车,两厢车,通用标准：Van,,
EU,Opel Meriva a MPV 2003-2006 EU,Opel,Meriva a,MPV,2003-2006,越野车,两厢车,通用标准：MPV,,
EU,Opel Meriva a MPV 2004-2010 EU,Opel,Meriva a,MPV,2004-2010,越野车,两厢车,通用标准：MPV,,
EU,Opel Meriva a MPV 2005-2010 EU,Opel,Meriva a,MPV,2005-2010,越野车,两厢车,通用标准：MPV,,
EU,Opel Meriva a MPV 2006-2010 EU,Opel,Meriva a,MPV,2006-2010,越野车,两厢车,通用标准：MPV,,
EU,Opel Meriva a facelift MPV 2003-2010 EU,Opel,Meriva a,MPV,2003-2010,越野车,两厢车,通用标准：MPV,,
EU,Opel Meriva a prefl MPV 2003-2010 EU,Opel,Meriva a,MPV,2003-2010,越野车,两厢车,通用标准：MPV,,
EU,Opel Meriva a prefl MPV 2004-2010 EU,Opel,Meriva a,MPV,2004-2010,越野车,两厢车,通用标准：MPV,,
EU,Opel Meriva b MPV 2010-2013 EU,Opel,Meriva b,MPV,2010-2013,越野车,两厢车,通用标准：MPV,,
EU,Opel Meriva b MPV 2010-2014 EU,Opel,Meriva b,MPV,2010-2014,越野车,两厢车,通用标准：MPV,,
EU,Opel Meriva b MPV 2010-2015 EU,Opel,Meriva b,MPV,2010-2015,越野车,两厢车,通用标准：MPV,,
EU,Opel Meriva b MPV 2010-2017 EU,Opel,Meriva b,MPV,2010-2017,越野车,两厢车,通用标准：MPV,,
EU,Opel Meriva b MPV 2011-2017 EU,Opel,Meriva b,MPV,2011-2017,越野车,两厢车,通用标准：MPV,,
EU,Opel Meriva b MPV 2013-2017 EU,Opel,Meriva b,MPV,2013-2017,越野车,两厢车,通用标准：MPV,,
EU,Opel Meriva b MPV 2014-2017 EU,Opel,Meriva b,MPV,2014-2017,越野车,两厢车,通用标准：MPV,,
EU,Opel Meriva b van MPV 2013-2013 EU,Opel,Meriva b van,MPV,2013-2013,越野车,两厢车,通用标准：MPV,,
EU,Opel Meriva b van MPV 2013-2014 EU,Opel,Meriva b van,MPV,2013-2014,越野车,两厢车,通用标准：MPV,,
EU,Opel Meriva b van MPV 2013-2017 EU,Opel,Meriva b van,MPV,2013-2017,越野车,两厢车,通用标准：MPV,,
EU,Opel Meriva b van MPV 2014-2017 EU,Opel,Meriva b van,MPV,2014-2017,越野车,两厢车,通用标准：MPV,,
EU,Opel Movano a Van 1998-2000 EU,Opel,Movano a,Van,1998-2000,越野车,两厢车,通用标准：Van,,
EU,Opel Movano a Van 1998-2001 EU,Opel,Movano a,Van,1998-2001,越野车,两厢车,通用标准：Van,,
EU,Opel Movano a Van 1999-2000 EU,Opel,Movano a,Van,1999-2000,越野车,两厢车,通用标准：Van,,
EU,Opel Movano a Van 1999-2001 EU,Opel,Movano a,Van,1999-2001,越野车,两厢车,通用标准：Van,,
EU,Opel Movano a Van 2000-2001 EU,Opel,Movano a,Van,2000-2001,越野车,两厢车,通用标准：Van,,
EU,Opel Movano a Van 2000-2026 EU,Opel,Movano a,Van,2000-2026,越野车,两厢车,通用标准：Van,,
EU,Opel Movano a Van 2001-2026 EU,Opel,Movano a,Van,2001-2026,越野车,两厢车,通用标准：Van,,
EU,Opel Movano a Van 2003-2006 EU,Opel,Movano a,Van,2003-2006,越野车,两厢车,通用标准：Van,,
EU,Opel Movano a X70 l1h1 Bus 2006-2026 EU,Opel,Movano a,Bus,2006-2026,越野车,两厢车,通用标准：Bus,,
EU,Opel Movano a X70 l1h1 Bus 2007-2026 EU,Opel,Movano a,Bus,2007-2026,越野车,两厢车,通用标准：Bus,,
EU,Opel Movano a X70 l1h1 Van 2003-2026 EU,Opel,Movano a,Van,2003-2026,越野车,两厢车,通用标准：Van,,
EU,Opel Movano a X70 l1h2 Van 2003-2026 EU,Opel,Movano a,Van,2003-2026,越野车,两厢车,通用标准：Van,,
EU,Opel Movano a X70 l2h2 Bus 2006-2026 EU,Opel,Movano a,Bus,2006-2026,越野车,两厢车,通用标准：Bus,,
EU,Opel Movano a X70 l2h2 Bus 2007-2026 EU,Opel,Movano a,Bus,2007-2026,越野车,两厢车,通用标准：Bus,,
EU,Opel Movano a X70 l2h2 Van 2003-2026 EU,Opel,Movano a,Van,2003-2026,越野车,两厢车,通用标准：Van,,
EU,Opel Movano a X70 l3h2 Van 2003-2026 EU,Opel,Movano a,Van,2003-2026,越野车,两厢车,通用标准：Van,,
EU,Opel Movano a X70 l3h3 Bus 2006-2026 EU,Opel,Movano a,Bus,2006-2026,越野车,两厢车,通用标准：Bus,,
EU,Opel Movano a X70 l3h3 Bus 2007-2026 EU,Opel,Movano a,Bus,2007-2026,越野车,两厢车,通用标准：Bus,,
EU,Opel Movano a X70 l3h3 Van 2003-2026 EU,Opel,Movano a,Van,2003-2026,越野车,两厢车,通用标准：Van,,
EU,Opel Movano a l1h1 Bus 2003-2026 EU,Opel,Movano a,Bus,2003-2026,越野车,两厢车,通用标准：Bus,,
EU,Opel Movano a l1h1 Van 2003-2026 EU,Opel,Movano a,Van,2003-2026,越野车,两厢车,通用标准：Van,,
EU,Opel Movano a l1h2 Van 2003-2026 EU,Opel,Movano a,Van,2003-2026,越野车,两厢车,通用标准：Van,,
EU,Opel Movano a l2h2 Bus 2003-2026 EU,Opel,Movano a,Bus,2003-2026,越野车,两厢车,通用标准：Bus,,
EU,Opel Movano a l2h2 Van 2003-2026 EU,Opel,Movano a,Van,2003-2026,越野车,两厢车,通用标准：Van,,
EU,Opel Movano a l3h2 Van 2003-2026 EU,Opel,Movano a,Van,2003-2026,越野车,两厢车,通用标准：Van,,
EU,Opel Movano a l3h3 Bus 2003-2026 EU,Opel,Movano a,Bus,2003-2026,越野车,两厢车,通用标准：Bus,,
EU,Opel Movano a l3h3 Van 2003-2026 EU,Opel,Movano a,Van,2003-2026,越野车,两厢车,通用标准：Van,,
EU,Opel Movano b L5548 W2070 H2500 Van 2010-2015 EU,Opel,Movano b,Van,2010-2015,越野车,两厢车,通用标准：Van,,
EU,Opel Movano b L5548 W2070 H2500 Van 2010-2021 EU,Opel,Movano b,Van,2010-2021,越野车,两厢车,通用标准：Van,,
EU,Opel Movano b L5548 W2070 H2500 Van 2014-2019 EU,Opel,Movano b,Van,2014-2019,越野车,两厢车,通用标准：Van,,
EU,Opel Movano b L5548 W2070 H2500 Van 2014-2021 EU,Opel,Movano b,Van,2014-2021,越野车,两厢车,通用标准：Van,,
EU,Opel Movano b L5548 W2070 H2500 Van 2016-2021 EU,Opel,Movano b,Van,2016-2021,越野车,两厢车,通用标准：Van,,
EU,Opel Movano b L6198 W2070 H2527 Van 2010-2015 EU,Opel,Movano b,Van,2010-2015,越野车,两厢车,通用标准：Van,,
EU,Opel Movano b L6198 W2070 H2527 Van 2010-2021 EU,Opel,Movano b,Van,2010-2021,越野车,两厢车,通用标准：Van,,
EU,Opel Movano b L6198 W2070 H2527 Van 2014-2019 EU,Opel,Movano b,Van,2014-2019,越野车,两厢车,通用标准：Van,,
EU,Opel Movano b L6198 W2070 H2527 Van 2014-2021 EU,Opel,Movano b,Van,2014-2021,越野车,两厢车,通用标准：Van,,
EU,Opel Movano b L6198 W2070 H2527 Van 2016-2021 EU,Opel,Movano b,Van,2016-2021,越野车,两厢车,通用标准：Van,,
EU,Opel Movano b Van 2013-2019 EU,Opel,Movano b,Van,2013-2019,越野车,两厢车,通用标准：Van,,
EU,Opel Movano b Van 2013-2021 EU,Opel,Movano b,Van,2013-2021,越野车,两厢车,通用标准：Van,,
EU,Opel Movano b Van 2015-2021 EU,Opel,Movano b,Van,2015-2021,越野车,两厢车,通用标准：Van,,
EU,Opel Movano b X62 Bus 2010-2015 EU,Opel,Movano b,Bus,2010-2015,越野车,两厢车,通用标准：Bus,,
EU,Opel Movano b X62 Bus 2010-2021 EU,Opel,Movano b,Bus,2010-2021,越野车,两厢车,通用标准：Bus,,
EU,Opel Movano b X62 l1h1 Van 2019-2021 EU,Opel,Movano b,Van,2019-2021,越野车,两厢车,通用标准：Van,,
EU,Opel Movano b X62 l1h2 Van 2019-2021 EU,Opel,Movano b,Van,2019-2021,越野车,两厢车,通用标准：Van,,
EU,Opel Movano b X62 l2h2 Bus 2010-2015 EU,Opel,Movano b,Bus,2010-2015,越野车,两厢车,通用标准：Bus,,
EU,Opel Movano b X62 l2h2 Van 2019-2021 EU,Opel,Movano b,Van,2019-2021,越野车,两厢车,通用标准：Van,,
EU,Opel Movano b X62 l2h3 Van 2019-2021 EU,Opel,Movano b,Van,2019-2021,越野车,两厢车,通用标准：Van,,
EU,Opel Movano b X62 l3h2 Bus 2010-2015 EU,Opel,Movano b,Bus,2010-2015,越野车,两厢车,通用标准：Bus,,
EU,Opel Movano b X62 l3h2 Van 2019-2021 EU,Opel,Movano b,Van,2019-2021,越野车,两厢车,通用标准：Van,,
EU,Opel Movano b X62 l3h3 Van 2019-2021 EU,Opel,Movano b,Van,2019-2021,越野车,两厢车,通用标准：Van,,
EU,Opel Movano c Van 2021-2023 EU,Opel,Movano c,Van,2021-2023,越野车,两厢车,通用标准：Van,,
EU,Opel Movano c Van 2023-2026 EU,Opel,Movano c,Van,2023-2026,越野车,两厢车,通用标准：Van,,
EU,Opel Movano c Van 2025-2026 EU,Opel,Movano c,Van,2025-2026,越野车,两厢车,通用标准：Van,,
EU,Opel Olympia rekord caravan P1 Wagon 1957-1960 EU,Opel,Olympia rekord caravan,Wagon,1957-1960,三厢车,两厢车,通用标准：Wagon,,
EU,Opel Olympia rekord caravan P2 Wagon 1957-1960 EU,Opel,Olympia rekord caravan,Wagon,1957-1960,三厢车,两厢车,通用标准：Wagon,,
EU,Opel Omega a caravan Wagon 1986-1987 EU,Opel,Omega a caravan,Wagon,1986-1987,三厢车,两厢车,通用标准：Wagon,,
EU,Opel Omega a caravan Wagon 1986-1988 EU,Opel,Omega a caravan,Wagon,1986-1988,三厢车,两厢车,通用标准：Wagon,,
EU,Opel Omega a caravan Wagon 1987-1990 EU,Opel,Omega a caravan,Wagon,1987-1990,三厢车,两厢车,通用标准：Wagon,,
EU,Opel Omega a caravan Wagon 1990-1994 EU,Opel,Omega a caravan,Wagon,1990-1994,三厢车,两厢车,通用标准：Wagon,,
EU,Opel Omega a caravan facelift Wagon 1986-1994 EU,Opel,Omega a caravan,Wagon,1986-1994,三厢车,两厢车,通用标准：Wagon,,
EU,Opel Omega a caravan facelift Wagon 1987-1994 EU,Opel,Omega a caravan,Wagon,1987-1994,三厢车,两厢车,通用标准：Wagon,,
EU,Opel Omega a caravan facelift Wagon 1988-1994 EU,Opel,Omega a caravan,Wagon,1988-1994,三厢车,两厢车,通用标准：Wagon,,
EU,Opel Omega a caravan facelift Wagon 1989-1994 EU,Opel,Omega a caravan,Wagon,1989-1994,三厢车,两厢车,通用标准：Wagon,,
EU,Opel Omega a caravan prefl L4730 W1772 H1481 Wagon 1987-1994 EU,Opel,Omega a caravan,Wagon,1987-1994,三厢车,两厢车,通用标准：Wagon,,
EU,Opel Omega a caravan prefl L4730 W1772 H1481 Wagon 1988-1994 EU,Opel,Omega a caravan,Wagon,1988-1994,三厢车,两厢车,通用标准：Wagon,,
EU,Opel Omega a caravan prefl L4730 W1772 H1530 Wagon 1987-1994 EU,Opel,Omega a caravan,Wagon,1987-1994,三厢车,两厢车,通用标准：Wagon,,
EU,Opel Omega a caravan prefl L4742 W1772 H1530 Wagon 1988-1994 EU,Opel,Omega a caravan,Wagon,1988-1994,三厢车,两厢车,通用标准：Wagon,,
EU,Opel Omega a caravan prefl Wagon 1986-1994 EU,Opel,Omega a caravan,Wagon,1986-1994,三厢车,两厢车,通用标准：Wagon,,
EU,Opel Omega a caravan prefl Wagon 1989-1994 EU,Opel,Omega a caravan,Wagon,1989-1994,三厢车,两厢车,通用标准：Wagon,,
EU,Opel Omega b caravan V94 Wagon 2001-2003 EU,Opel,Omega b caravan,Wagon,2001-2003,三厢车,两厢车,通用标准：Wagon,,
EU,Opel Omega b caravan V94 facelift Wagon 1997-2000 EU,Opel,Omega b caravan,Wagon,1997-2000,三厢车,两厢车,通用标准：Wagon,,
EU,Opel Omega b caravan V94 prefl Wagon 1997-2000 EU,Opel,Omega b caravan,Wagon,1997-2000,三厢车,两厢车,通用标准：Wagon,,
EU,Opel Omega b caravan Wagon 1994-1999 EU,Opel,Omega b caravan,Wagon,1994-1999,三厢车,两厢车,通用标准：Wagon,,
EU,Opel Omega b caravan Wagon 1999-2003 EU,Opel,Omega b caravan,Wagon,1999-2003,三厢车,两厢车,通用标准：Wagon,,
EU,Opel Omega b caravan Wagon 2000-2003 EU,Opel,Omega b caravan,Wagon,2000-2003,三厢车,两厢车,通用标准：Wagon,,
EU,Opel Omega b caravan Wagon 2001-2003 EU,Opel,Omega b caravan,Wagon,2001-2003,三厢车,两厢车,通用标准：Wagon,,
EU,Opel Omega b caravan facelift Wagon 1994-2000 EU,Opel,Omega b caravan,Wagon,1994-2000,三厢车,两厢车,通用标准：Wagon,,
EU,Opel Omega b caravan facelift Wagon 1994-2001 EU,Opel,Omega b caravan,Wagon,1994-2001,三厢车,两厢车,通用标准：Wagon,,
EU,Opel Omega b caravan prefl Wagon 1994-2000 EU,Opel,Omega b caravan,Wagon,1994-2000,三厢车,两厢车,通用标准：Wagon,,
EU,Opel Omega b caravan prefl Wagon 1994-2001 EU,Opel,Omega b caravan,Wagon,1994-2001,三厢车,两厢车,通用标准：Wagon,,
EU,Opel Rekord b caravan REKORD-B Wagon 1965-1966 EU,Opel,Rekord b caravan,Wagon,1965-1966,三厢车,两厢车,通用标准：Wagon,,
EU,Opel Rekord c caravan Wagon 1966-1971 EU,Opel,Rekord c caravan,Wagon,1966-1971,三厢车,两厢车,通用标准：Wagon,,
EU,Opel Rekord c caravan Wagon 1968-1971 EU,Opel,Rekord c caravan,Wagon,1968-1971,三厢车,两厢车,通用标准：Wagon,,
EU,Opel Rekord d caravan Wagon 1972-1975 EU,Opel,Rekord d caravan,Wagon,1972-1975,三厢车,两厢车,通用标准：Wagon,,
EU,Opel Rekord d caravan Wagon 1972-1977 EU,Opel,Rekord d caravan,Wagon,1972-1977,三厢车,两厢车,通用标准：Wagon,,
EU,Opel Rekord d caravan Wagon 1974-1977 EU,Opel,Rekord d caravan,Wagon,1974-1977,三厢车,两厢车,通用标准：Wagon,,
EU,Opel Rekord d caravan Wagon 1975-1977 EU,Opel,Rekord d caravan,Wagon,1975-1977,三厢车,两厢车,通用标准：Wagon,,
EU,Opel Rekord e caravan Wagon 1977-1978 EU,Opel,Rekord e caravan,Wagon,1977-1978,三厢车,两厢车,通用标准：Wagon,,
EU,Opel Rekord e caravan Wagon 1977-1982 EU,Opel,Rekord e caravan,Wagon,1977-1982,三厢车,两厢车,通用标准：Wagon,,
EU,Opel Rekord e caravan Wagon 1982-1986 EU,Opel,Rekord e caravan,Wagon,1982-1986,三厢车,两厢车,通用标准：Wagon,,
EU,Opel Rekord e caravan Wagon 1984-1986 EU,Opel,Rekord e caravan,Wagon,1984-1986,三厢车,两厢车,通用标准：Wagon,,
EU,Opel Rekord e caravan Wagon 1985-1986 EU,Opel,Rekord e caravan,Wagon,1985-1986,三厢车,两厢车,通用标准：Wagon,,
EU,Opel Rekord e caravan facelift Wagon 1977-1984 EU,Opel,Rekord e caravan,Wagon,1977-1984,三厢车,两厢车,通用标准：Wagon,,
EU,Opel Rekord e caravan facelift Wagon 1977-1986 EU,Opel,Rekord e caravan,Wagon,1977-1986,三厢车,两厢车,通用标准：Wagon,,
EU,Opel Rekord e caravan facelift Wagon 1978-1983 EU,Opel,Rekord e caravan,Wagon,1978-1983,三厢车,两厢车,通用标准：Wagon,,
EU,Opel Rekord e caravan prefl Wagon 1977-1984 EU,Opel,Rekord e caravan,Wagon,1977-1984,三厢车,两厢车,通用标准：Wagon,,
EU,Opel Rekord e caravan prefl Wagon 1977-1986 EU,Opel,Rekord e caravan,Wagon,1977-1986,三厢车,两厢车,通用标准：Wagon,,
EU,Opel Rekord e caravan prefl Wagon 1978-1983 EU,Opel,Rekord e caravan,Wagon,1978-1983,三厢车,两厢车,通用标准：Wagon,,
EU,Opel Rekord p1 caravan REKORD-P1 Wagon 1957-1960 EU,Opel,Rekord p1 caravan,Wagon,1957-1960,三厢车,两厢车,通用标准：Wagon,,
EU,Opel Rekord p1 caravan REKORD-P1 Wagon 1957-1961 EU,Opel,Rekord p1 caravan,Wagon,1957-1961,三厢车,两厢车,通用标准：Wagon,,
EU,Opel Rekord p2 caravan REKORD-P2 Wagon 1960-1963 EU,Opel,Rekord p2 caravan,Wagon,1960-1963,三厢车,两厢车,通用标准：Wagon,,
EU,Opel Sintra MPV 1996-1999 EU,Opel,Sintra,MPV,1996-1999,越野车,两厢车,通用标准：MPV,,
EU,Opel Sintra MPV 1997-1999 EU,Opel,Sintra,MPV,1997-1999,越野车,两厢车,通用标准：MPV,,
EU,Opel Vectra b caravan J96 Wagon 1996-2002 EU,Opel,Vectra b caravan,Wagon,1996-2002,三厢车,两厢车,通用标准：Wagon,,
EU,Opel Vectra b caravan J96 Wagon 1997-2003 EU,Opel,Vectra b caravan,Wagon,1997-2003,三厢车,两厢车,通用标准：Wagon,,
EU,Opel Vectra b caravan J96 Wagon 2000-2002 EU,Opel,Vectra b caravan,Wagon,2000-2002,三厢车,两厢车,通用标准：Wagon,,
EU,Opel Vectra b caravan J96 Wagon 2000-2003 EU,Opel,Vectra b caravan,Wagon,2000-2003,三厢车,两厢车,通用标准：Wagon,,
EU,Opel Vectra b caravan J96 facelift Wagon 1996-2000 EU,Opel,Vectra b caravan,Wagon,1996-2000,三厢车,两厢车,通用标准：Wagon,,
EU,Opel Vectra b caravan J96 facelift Wagon 1998-2000 EU,Opel,Vectra b caravan,Wagon,1998-2000,三厢车,两厢车,通用标准：Wagon,,
EU,Opel Vectra b caravan J96 prefl Wagon 1996-2000 EU,Opel,Vectra b caravan,Wagon,1996-2000,三厢车,两厢车,通用标准：Wagon,,
EU,Opel Vectra b caravan J96 prefl Wagon 1998-2000 EU,Opel,Vectra b caravan,Wagon,1998-2000,三厢车,两厢车,通用标准：Wagon,,
EU,Opel Vectra b caravan Wagon 1996-1997 EU,Opel,Vectra b caravan,Wagon,1996-1997,三厢车,两厢车,通用标准：Wagon,,
EU,Opel Vectra b caravan Wagon 2000-2002 EU,Opel,Vectra b caravan,Wagon,2000-2002,三厢车,两厢车,通用标准：Wagon,,
EU,Opel Vectra b caravan Wagon 2000-2003 EU,Opel,Vectra b caravan,Wagon,2000-2003,三厢车,两厢车,通用标准：Wagon,,
EU,Opel Vectra c caravan L4839 W1798 H1500 Wagon 2005-2008 EU,Opel,Vectra c caravan,Wagon,2005-2008,三厢车,两厢车,通用标准：Wagon,,
EU,Opel Vectra c caravan L4870 W1798 H1500 Wagon 2005-2008 EU,Opel,Vectra c caravan,Wagon,2005-2008,三厢车,两厢车,通用标准：Wagon,,
EU,Opel Vectra c caravan Z02 Wagon 2003-2005 EU,Opel,Vectra c caravan,Wagon,2003-2005,三厢车,两厢车,通用标准：Wagon,,
EU,Opel Vectra c caravan Z02 Wagon 2005-2008 EU,Opel,Vectra c caravan,Wagon,2005-2008,三厢车,两厢车,通用标准：Wagon,,
EU,Opel Vectra c caravan Z02 Wagon 2006-2008 EU,Opel,Vectra c caravan,Wagon,2006-2008,三厢车,两厢车,通用标准：Wagon,,
EU,Opel Vectra c caravan Z02 facelift Wagon 2003-2005 EU,Opel,Vectra c caravan,Wagon,2003-2005,三厢车,两厢车,通用标准：Wagon,,
EU,Opel Vectra c caravan Z02 facelift Wagon 2003-2006 EU,Opel,Vectra c caravan,Wagon,2003-2006,三厢车,两厢车,通用标准：Wagon,,
EU,Opel Vectra c caravan Z02 facelift Wagon 2003-2008 EU,Opel,Vectra c caravan,Wagon,2003-2008,三厢车,两厢车,通用标准：Wagon,,
EU,Opel Vectra c caravan Z02 facelift Wagon 2004-2008 EU,Opel,Vectra c caravan,Wagon,2004-2008,三厢车,两厢车,通用标准：Wagon,,
EU,Opel Vectra c caravan Z02 facelift Wagon 2004-2009 EU,Opel,Vectra c caravan,Wagon,2004-2009,三厢车,两厢车,通用标准：Wagon,,
EU,Opel Vectra c caravan Z02 prefl Wagon 2003-2006 EU,Opel,Vectra c caravan,Wagon,2003-2006,三厢车,两厢车,通用标准：Wagon,,
EU,Opel Vectra c caravan Z02 prefl Wagon 2003-2008 EU,Opel,Vectra c caravan,Wagon,2003-2008,三厢车,两厢车,通用标准：Wagon,,
EU,Opel Vectra c caravan Z02 prefl Wagon 2004-2008 EU,Opel,Vectra c caravan,Wagon,2004-2008,三厢车,两厢车,通用标准：Wagon,,
EU,Opel Vectra c caravan Z02 prefl Wagon 2004-2009 EU,Opel,Vectra c caravan,Wagon,2004-2009,三厢车,两厢车,通用标准：Wagon,,
EU,Opel Vivaro a X83 MPV 2001-2006 EU,Opel,Vivaro a,MPV,2001-2006,越野车,两厢车,通用标准：MPV,,
EU,Opel Vivaro a X83 l1h1 MPV 2001-2014 EU,Opel,Vivaro a,MPV,2001-2014,越野车,两厢车,通用标准：MPV,,
EU,Opel Vivaro a X83 l1h1 MPV 2003-2010 EU,Opel,Vivaro a,MPV,2003-2010,越野车,两厢车,通用标准：MPV,,
EU,Opel Vivaro a X83 l1h1 Van 2001-2006 EU,Opel,Vivaro a,Van,2001-2006,越野车,两厢车,通用标准：Van,,
EU,Opel Vivaro a X83 l1h1 Van 2001-2014 EU,Opel,Vivaro a,Van,2001-2014,越野车,两厢车,通用标准：Van,,
EU,Opel Vivaro a X83 l1h1 Van 2003-2010 EU,Opel,Vivaro a,Van,2003-2010,越野车,两厢车,通用标准：Van,,
EU,Opel Vivaro a X83 l1h2 Van 2001-2006 EU,Opel,Vivaro a,Van,2001-2006,越野车,两厢车,通用标准：Van,,
EU,Opel Vivaro a X83 l1h2 Van 2001-2014 EU,Opel,Vivaro a,Van,2001-2014,越野车,两厢车,通用标准：Van,,
EU,Opel Vivaro a X83 l1h2 Van 2003-2010 EU,Opel,Vivaro a,Van,2003-2010,越野车,两厢车,通用标准：Van,,
EU,Opel Vivaro a X83 l2h1 MPV 2001-2006 EU,Opel,Vivaro a,MPV,2001-2006,越野车,两厢车,通用标准：MPV,,
EU,Opel Vivaro a X83 l2h1 MPV 2001-2014 EU,Opel,Vivaro a,MPV,2001-2014,越野车,两厢车,通用标准：MPV,,
EU,Opel Vivaro a X83 l2h1 MPV 2003-2010 EU,Opel,Vivaro a,MPV,2003-2010,越野车,两厢车,通用标准：MPV,,
EU,Opel Vivaro a X83 l2h1 Van 2001-2006 EU,Opel,Vivaro a,Van,2001-2006,越野车,两厢车,通用标准：Van,,
EU,Opel Vivaro a X83 l2h1 Van 2001-2014 EU,Opel,Vivaro a,Van,2001-2014,越野车,两厢车,通用标准：Van,,
EU,Opel Vivaro a X83 l2h1 Van 2003-2010 EU,Opel,Vivaro a,Van,2003-2010,越野车,两厢车,通用标准：Van,,
EU,Opel Vivaro a X83 l2h2 Van 2001-2006 EU,Opel,Vivaro a,Van,2001-2006,越野车,两厢车,通用标准：Van,,
EU,Opel Vivaro a X83 l2h2 Van 2001-2014 EU,Opel,Vivaro a,Van,2001-2014,越野车,两厢车,通用标准：Van,,
EU,Opel Vivaro a X83 l2h2 Van 2003-2010 EU,Opel,Vivaro a,Van,2003-2010,越野车,两厢车,通用标准：Van,,
EU,Opel Vivaro a X83 lwb Bus 2006-2010 EU,Opel,Vivaro a,Bus,2006-2010,越野车,两厢车,通用标准：Bus,,
EU,Opel Vivaro a X83 lwb highroof Van 2006-2010 EU,Opel,Vivaro a,Van,2006-2010,越野车,两厢车,通用标准：Van,,
EU,Opel Vivaro a X83 lwb lowroof Van 2006-2010 EU,Opel,Vivaro a,Van,2006-2010,越野车,两厢车,通用标准：Van,,
EU,Opel Vivaro a X83 swb Bus 2006-2010 EU,Opel,Vivaro a,Bus,2006-2010,越野车,两厢车,通用标准：Bus,,
EU,Opel Vivaro a X83 swb highroof Van 2006-2010 EU,Opel,Vivaro a,Van,2006-2010,越野车,两厢车,通用标准：Van,,
EU,Opel Vivaro a X83 swb lowroof Van 2006-2010 EU,Opel,Vivaro a,Van,2006-2010,越野车,两厢车,通用标准：Van,,
EU,Opel Vivaro a lwb Bus 2006-2014 EU,Opel,Vivaro a,Bus,2006-2014,越野车,两厢车,通用标准：Bus,,
EU,Opel Vivaro a lwb highroof Van 2006-2014 EU,Opel,Vivaro a,Van,2006-2014,越野车,两厢车,通用标准：Van,,
EU,Opel Vivaro a lwb lowroof Van 2006-2014 EU,Opel,Vivaro a,Van,2006-2014,越野车,两厢车,通用标准：Van,,
EU,Opel Vivaro a swb Bus 2006-2014 EU,Opel,Vivaro a,Bus,2006-2014,越野车,两厢车,通用标准：Bus,,
EU,Opel Vivaro a swb highroof Van 2006-2014 EU,Opel,Vivaro a,Van,2006-2014,越野车,两厢车,通用标准：Van,,
EU,Opel Vivaro a swb lowroof Van 2006-2014 EU,Opel,Vivaro a,Van,2006-2014,越野车,两厢车,通用标准：Van,,
EU,Opel Vivaro b X82 l1h1 Van 2014-2016 EU,Opel,Vivaro b,Van,2014-2016,越野车,两厢车,通用标准：Van,,
EU,Opel Vivaro b X82 l1h1 Van 2014-2019 EU,Opel,Vivaro b,Van,2014-2019,越野车,两厢车,通用标准：Van,,
EU,Opel Vivaro b X82 l1h1 Van 2015-2019 EU,Opel,Vivaro b,Van,2015-2019,越野车,两厢车,通用标准：Van,,
EU,Opel Vivaro b X82 l1h1 Van 2016-2019 EU,Opel,Vivaro b,Van,2016-2019,越野车,两厢车,通用标准：Van,,
EU,Opel Vivaro b X82 l1h1 Van 2019-2019 EU,Opel,Vivaro b,Van,2019-2019,越野车,两厢车,通用标准：Van,,
EU,Opel Vivaro b X82 l1h2 Van 2014-2016 EU,Opel,Vivaro b,Van,2014-2016,越野车,两厢车,通用标准：Van,,
EU,Opel Vivaro b X82 l1h2 Van 2014-2019 EU,Opel,Vivaro b,Van,2014-2019,越野车,两厢车,通用标准：Van,,
EU,Opel Vivaro b X82 l1h2 Van 2016-2019 EU,Opel,Vivaro b,Van,2016-2019,越野车,两厢车,通用标准：Van,,
EU,Opel Vivaro b X82 l2h1 Van 2014-2016 EU,Opel,Vivaro b,Van,2014-2016,越野车,两厢车,通用标准：Van,,
EU,Opel Vivaro b X82 l2h1 Van 2014-2019 EU,Opel,Vivaro b,Van,2014-2019,越野车,两厢车,通用标准：Van,,
EU,Opel Vivaro b X82 l2h1 Van 2015-2019 EU,Opel,Vivaro b,Van,2015-2019,越野车,两厢车,通用标准：Van,,
EU,Opel Vivaro b X82 l2h1 Van 2016-2019 EU,Opel,Vivaro b,Van,2016-2019,越野车,两厢车,通用标准：Van,,
EU,Opel Vivaro b X82 l2h1 Van 2019-2019 EU,Opel,Vivaro b,Van,2019-2019,越野车,两厢车,通用标准：Van,,
EU,Opel Vivaro b X82 l2h2 Van 2014-2016 EU,Opel,Vivaro b,Van,2014-2016,越野车,两厢车,通用标准：Van,,
EU,Opel Vivaro b X82 l2h2 Van 2014-2019 EU,Opel,Vivaro b,Van,2014-2019,越野车,两厢车,通用标准：Van,,
EU,Opel Vivaro b X82 l2h2 Van 2016-2019 EU,Opel,Vivaro b,Van,2016-2019,越野车,两厢车,通用标准：Van,,
EU,Opel Vivaro c K0 Van 2022-2024 EU,Opel,Vivaro c,Van,2022-2024,越野车,两厢车,通用标准：Van,,
EU,Opel Vivaro c K0 l MPV 2019-2022 EU,Opel,Vivaro c,MPV,2019-2022,越野车,两厢车,通用标准：MPV,,
EU,Opel Vivaro c K0 l MPV 2019-2025 EU,Opel,Vivaro c,MPV,2019-2025,越野车,两厢车,通用标准：MPV,,
EU,Opel Vivaro c K0 l MPV 2020-2024 EU,Opel,Vivaro c,MPV,2020-2024,越野车,两厢车,通用标准：MPV,,
EU,Opel Vivaro c K0 l MPV 2020-2025 EU,Opel,Vivaro c,MPV,2020-2025,越野车,两厢车,通用标准：MPV,,
EU,Opel Vivaro c K0 l MPV 2022-2025 EU,Opel,Vivaro c,MPV,2022-2025,越野车,两厢车,通用标准：MPV,,
EU,Opel Vivaro c K0 l MPV 2024-2026 EU,Opel,Vivaro c,MPV,2024-2026,越野车,两厢车,通用标准：MPV,,
EU,Opel Vivaro c K0 l MPV 2025-2026 EU,Opel,Vivaro c,MPV,2025-2026,越野车,两厢车,通用标准：MPV,,
EU,Opel Vivaro c K0 l Van 2019-2022 EU,Opel,Vivaro c,Van,2019-2022,越野车,两厢车,通用标准：Van,,
EU,Opel Vivaro c K0 l Van 2019-2025 EU,Opel,Vivaro c,Van,2019-2025,越野车,两厢车,通用标准：Van,,
EU,Opel Vivaro c K0 l Van 2020-2024 EU,Opel,Vivaro c,Van,2020-2024,越野车,两厢车,通用标准：Van,,
EU,Opel Vivaro c K0 l Van 2021-2025 EU,Opel,Vivaro c,Van,2021-2025,越野车,两厢车,通用标准：Van,,
EU,Opel Vivaro c K0 l Van 2024-2026 EU,Opel,Vivaro c,Van,2024-2026,越野车,两厢车,通用标准：Van,,
EU,Opel Vivaro c K0 l Van 2025-2026 EU,Opel,Vivaro c,Van,2025-2026,越野车,两厢车,通用标准：Van,,
EU,Opel Vivaro c K0 m L4956 W1920 H1890 MPV 2019-2022 EU,Opel,Vivaro c,MPV,2019-2022,越野车,两厢车,通用标准：MPV,,
EU,Opel Vivaro c K0 m L4959 W1920 H1895 MPV 2019-2022 EU,Opel,Vivaro c,MPV,2019-2022,越野车,两厢车,通用标准：MPV,,
EU,Opel Vivaro c K0 m MPV 2019-2025 EU,Opel,Vivaro c,MPV,2019-2025,越野车,两厢车,通用标准：MPV,,
EU,Opel Vivaro c K0 m MPV 2019-2026 EU,Opel,Vivaro c,MPV,2019-2026,越野车,两厢车,通用标准：MPV,,
EU,Opel Vivaro c K0 m MPV 2020-2024 EU,Opel,Vivaro c,MPV,2020-2024,越野车,两厢车,通用标准：MPV,,
EU,Opel Vivaro c K0 m MPV 2020-2025 EU,Opel,Vivaro c,MPV,2020-2025,越野车,两厢车,通用标准：MPV,,
EU,Opel Vivaro c K0 m MPV 2022-2025 EU,Opel,Vivaro c,MPV,2022-2025,越野车,两厢车,通用标准：MPV,,
EU,Opel Vivaro c K0 m MPV 2024-2026 EU,Opel,Vivaro c,MPV,2024-2026,越野车,两厢车,通用标准：MPV,,
EU,Opel Vivaro c K0 m MPV 2025-2026 EU,Opel,Vivaro c,MPV,2025-2026,越野车,两厢车,通用标准：MPV,,
EU,Opel Vivaro c K0 m Van 2019-2022 EU,Opel,Vivaro c,Van,2019-2022,越野车,两厢车,通用标准：Van,,
EU,Opel Vivaro c K0 m Van 2019-2025 EU,Opel,Vivaro c,Van,2019-2025,越野车,两厢车,通用标准：Van,,
EU,Opel Vivaro c K0 m Van 2019-2026 EU,Opel,Vivaro c,Van,2019-2026,越野车,两厢车,通用标准：Van,,
EU,Opel Vivaro c K0 m Van 2020-2024 EU,Opel,Vivaro c,Van,2020-2024,越野车,两厢车,通用标准：Van,,
EU,Opel Vivaro c K0 m Van 2021-2025 EU,Opel,Vivaro c,Van,2021-2025,越野车,两厢车,通用标准：Van,,
EU,Opel Vivaro c K0 m Van 2024-2026 EU,Opel,Vivaro c,Van,2024-2026,越野车,两厢车,通用标准：Van,,
EU,Opel Vivaro c K0 m Van 2025-2026 EU,Opel,Vivaro c,Van,2025-2026,越野车,两厢车,通用标准：Van,,
EU,Opel Vivaro c K0 s MPV 2019-2022 EU,Opel,Vivaro c,MPV,2019-2022,越野车,两厢车,通用标准：MPV,,
EU,Opel Vivaro c K0 s MPV 2019-2025 EU,Opel,Vivaro c,MPV,2019-2025,越野车,两厢车,通用标准：MPV,,
EU,Opel Vivaro c K0 s Van 2019-2022 EU,Opel,Vivaro c,Van,2019-2022,越野车,两厢车,通用标准：Van,,
EU,Opel Vivaro c K0 s Van 2019-2025 EU,Opel,Vivaro c,Van,2019-2025,越野车,两厢车,通用标准：Van,,
EU,Opel Vivaro c K0 s Van 2019-2026 EU,Opel,Vivaro c,Van,2019-2026,越野车,两厢车,通用标准：Van,,
EU,Opel Vivaro c K0 xl MPV 2019-2022 EU,Opel,Vivaro c,MPV,2019-2022,越野车,两厢车,通用标准：MPV,,
EU,Opel Vivaro c K0 xl MPV 2019-2026 EU,Opel,Vivaro c,MPV,2019-2026,越野车,两厢车,通用标准：MPV,,
EU,Opel Vivaro c K0 xs MPV 2019-2022 EU,Opel,Vivaro c,MPV,2019-2022,越野车,两厢车,通用标准：MPV,,
EU,Opel Vivaro c K0 xs MPV 2019-2026 EU,Opel,Vivaro c,MPV,2019-2026,越野车,两厢车,通用标准：MPV,,
EU,Opel Zafira A05 MPV 2005-2010 EU,Opel,Zafira,MPV,2005-2010,越野车,两厢车,通用标准：MPV,,
EU,Opel Zafira A05 MPV 2005-2011 EU,Opel,Zafira,MPV,2005-2011,越野车,两厢车,通用标准：MPV,,
EU,Opel Zafira A05 MPV 2005-2012 EU,Opel,Zafira,MPV,2005-2012,越野车,两厢车,通用标准：MPV,,
EU,Opel Zafira A05 MPV 2006-2010 EU,Opel,Zafira,MPV,2006-2010,越野车,两厢车,通用标准：MPV,,
EU,Opel Zafira A05 MPV 2007-2015 EU,Opel,Zafira,MPV,2007-2015,越野车,两厢车,通用标准：MPV,,
EU,Opel Zafira A05 MPV 2008-2012 EU,Opel,Zafira,MPV,2008-2012,越野车,两厢车,通用标准：MPV,,
EU,Opel Zafira A05 MPV 2008-2015 EU,Opel,Zafira,MPV,2008-2015,越野车,两厢车,通用标准：MPV,,
EU,Opel Zafira A05 MPV 2009-2015 EU,Opel,Zafira,MPV,2009-2015,越野车,两厢车,通用标准：MPV,,
EU,Opel Zafira A05 MPV 2010-2015 EU,Opel,Zafira,MPV,2010-2015,越野车,两厢车,通用标准：MPV,,
EU,Opel Zafira A05 MPV 2013-2015 EU,Opel,Zafira,MPV,2013-2015,越野车,两厢车,通用标准：MPV,,
EU,Opel Zafira A05 Van 2005-2015 EU,Opel,Zafira,Van,2005-2015,越野车,两厢车,通用标准：Van,,
EU,Opel Zafira A05 Van 2008-2015 EU,Opel,Zafira,Van,2008-2015,越野车,两厢车,通用标准：Van,,
EU,Opel Zafira A05 Van 2009-2015 EU,Opel,Zafira,Van,2009-2015,越野车,两厢车,通用标准：Van,,
EU,Opel Zafira A05 facelift MPV 2005-2015 EU,Opel,Zafira,MPV,2005-2015,越野车,两厢车,通用标准：MPV,,
EU,Opel Zafira A05 prefl MPV 2005-2010 EU,Opel,Zafira,MPV,2005-2010,越野车,两厢车,通用标准：MPV,,
EU,Opel Zafira A05 prefl MPV 2005-2015 EU,Opel,Zafira,MPV,2005-2015,越野车,两厢车,通用标准：MPV,,
EU,Opel Zafira K0 l MPV 2019-2022 EU,Opel,Zafira,MPV,2019-2022,越野车,两厢车,通用标准：MPV,,
EU,Opel Zafira K0 l MPV 2020-2025 EU,Opel,Zafira,MPV,2020-2025,越野车,两厢车,通用标准：MPV,,
EU,Opel Zafira K0 l MPV 2024-2026 EU,Opel,Zafira,MPV,2024-2026,越野车,两厢车,通用标准：MPV,,
EU,Opel Zafira K0 l MPV 2025-2026 EU,Opel,Zafira,MPV,2025-2026,越野车,两厢车,通用标准：MPV,,
EU,Opel Zafira K0 m L4956 W1920 H1890 MPV 2019-2022 EU,Opel,Zafira,MPV,2019-2022,越野车,两厢车,通用标准：MPV,,
EU,Opel Zafira K0 m L4959 W1920 H1895 MPV 2019-2022 EU,Opel,Zafira,MPV,2019-2022,越野车,两厢车,通用标准：MPV,,
EU,Opel Zafira K0 m MPV 2020-2025 EU,Opel,Zafira,MPV,2020-2025,越野车,两厢车,通用标准：MPV,,
EU,Opel Zafira K0 m MPV 2024-2026 EU,Opel,Zafira,MPV,2024-2026,越野车,两厢车,通用标准：MPV,,
EU,Opel Zafira K0 m MPV 2025-2026 EU,Opel,Zafira,MPV,2025-2026,越野车,两厢车,通用标准：MPV,,
EU,Opel Zafira K0 s MPV 2019-2022 EU,Opel,Zafira,MPV,2019-2022,越野车,两厢车,通用标准：MPV,,
EU,Opel Zafira K0 s MPV 2020-2025 EU,Opel,Zafira,MPV,2020-2025,越野车,两厢车,通用标准：MPV,,
EU,Opel Zafira K0 xl MPV 2019-2022 EU,Opel,Zafira,MPV,2019-2022,越野车,两厢车,通用标准：MPV,,
EU,Opel Zafira K0 xs MPV 2019-2022 EU,Opel,Zafira,MPV,2019-2022,越野车,两厢车,通用标准：MPV,,
EU,Opel Zafira MPV 2008-2015 EU,Opel,Zafira,MPV,2008-2015,越野车,两厢车,通用标准：MPV,,
EU,Opel Zafira P12 MPV 2011-2014 EU,Opel,Zafira,MPV,2011-2014,越野车,两厢车,通用标准：MPV,,
EU,Opel Zafira P12 MPV 2011-2015 EU,Opel,Zafira,MPV,2011-2015,越野车,两厢车,通用标准：MPV,,
EU,Opel Zafira P12 MPV 2012-2014 EU,Opel,Zafira,MPV,2012-2014,越野车,两厢车,通用标准：MPV,,
EU,Opel Zafira P12 MPV 2013-2014 EU,Opel,Zafira,MPV,2013-2014,越野车,两厢车,通用标准：MPV,,
EU,Opel Zafira P12 MPV 2013-2016 EU,Opel,Zafira,MPV,2013-2016,越野车,两厢车,通用标准：MPV,,
EU,Opel Zafira P12 MPV 2018-2019 EU,Opel,Zafira,MPV,2018-2019,越野车,两厢车,通用标准：MPV,,
EU,Opel Zafira P12 facelift MPV 2011-2018 EU,Opel,Zafira,MPV,2011-2018,越野车,两厢车,通用标准：MPV,,
EU,Opel Zafira P12 facelift MPV 2012-2019 EU,Opel,Zafira,MPV,2012-2019,越野车,两厢车,通用标准：MPV,,
EU,Opel Zafira P12 facelift MPV 2013-2018 EU,Opel,Zafira,MPV,2013-2018,越野车,两厢车,通用标准：MPV,,
EU,Opel Zafira P12 facelift MPV 2013-2019 EU,Opel,Zafira,MPV,2013-2019,越野车,两厢车,通用标准：MPV,,
EU,Opel Zafira P12 facelift MPV 2014-2018 EU,Opel,Zafira,MPV,2014-2018,越野车,两厢车,通用标准：MPV,,
EU,Opel Zafira P12 facelift MPV 2014-2019 EU,Opel,Zafira,MPV,2014-2019,越野车,两厢车,通用标准：MPV,,
EU,Opel Zafira P12 prefl MPV 2011-2018 EU,Opel,Zafira,MPV,2011-2018,越野车,两厢车,通用标准：MPV,,
EU,Opel Zafira P12 prefl MPV 2012-2019 EU,Opel,Zafira,MPV,2012-2019,越野车,两厢车,通用标准：MPV,,
EU,Opel Zafira P12 prefl MPV 2013-2018 EU,Opel,Zafira,MPV,2013-2018,越野车,两厢车,通用标准：MPV,,
EU,Opel Zafira P12 prefl MPV 2013-2019 EU,Opel,Zafira,MPV,2013-2019,越野车,两厢车,通用标准：MPV,,
EU,Opel Zafira P12 prefl MPV 2014-2018 EU,Opel,Zafira,MPV,2014-2018,越野车,两厢车,通用标准：MPV,,
EU,Opel Zafira P12 prefl MPV 2014-2019 EU,Opel,Zafira,MPV,2014-2019,越野车,两厢车,通用标准：MPV,,
EU,Opel Zafira T98 MPV 1999-2000 EU,Opel,Zafira,MPV,1999-2000,越野车,两厢车,通用标准：MPV,,
EU,Opel Zafira T98 MPV 1999-2005 EU,Opel,Zafira,MPV,1999-2005,越野车,两厢车,通用标准：MPV,,
EU,Opel Zafira T98 MPV 2000-2005 EU,Opel,Zafira,MPV,2000-2005,越野车,两厢车,通用标准：MPV,,
EU,Opel Zafira T98 MPV 2001-2005 EU,Opel,Zafira,MPV,2001-2005,越野车,两厢车,通用标准：MPV,,
EU,Opel Zafira T98 MPV 2002-2005 EU,Opel,Zafira,MPV,2002-2005,越野车,两厢车,通用标准：MPV,,
EU,Opel Zafira T98 MPV 2003-2005 EU,Opel,Zafira,MPV,2003-2005,越野车,两厢车,通用标准：MPV,,
EU,Opel Zafira l MPV 2019-2022 EU,Opel,Zafira,MPV,2019-2022,越野车,两厢车,通用标准：MPV,,
EU,Opel Zafira l MPV 2019-2025 EU,Opel,Zafira,MPV,2019-2025,越野车,两厢车,通用标准：MPV,,
EU,Opel Zafira l MPV 2020-2026 EU,Opel,Zafira,MPV,2020-2026,越野车,两厢车,通用标准：MPV,,
EU,Opel Zafira m MPV 2019-2022 EU,Opel,Zafira,MPV,2019-2022,越野车,两厢车,通用标准：MPV,,
EU,Opel Zafira m MPV 2019-2025 EU,Opel,Zafira,MPV,2019-2025,越野车,两厢车,通用标准：MPV,,
EU,Opel Zafira m MPV 2020-2026 EU,Opel,Zafira,MPV,2020-2026,越野车,两厢车,通用标准：MPV,,
EU,Opel Zafira s MPV 2019-2022 EU,Opel,Zafira,MPV,2019-2022,越野车,两厢车,通用标准：MPV,,
EU,Opel Zafira s MPV 2019-2025 EU,Opel,Zafira,MPV,2019-2025,越野车,两厢车,通用标准：MPV,,
EU,Opel Zafira s MPV 2020-2026 EU,Opel,Zafira,MPV,2020-2026,越野车,两厢车,通用标准：MPV,,
EU,Peugeot 1007 MPV 2007-2026 EU,Peugeot,1007,MPV,2007-2026,越野车,两厢车,通用标准：MPV,,
EU,Peugeot 106 van ii Van 1996-2001 EU,Peugeot,106 van ii,Van,1996-2001,越野车,两厢车,通用标准：Van,,
EU,Peugeot 204 Wagon 1968-1973 EU,Peugeot,204,Wagon,1968-1973,三厢车,两厢车,通用标准：Wagon,,
EU,Peugeot 204 Wagon 1973-1977 EU,Peugeot,204,Wagon,1973-1977,三厢车,两厢车,通用标准：Wagon,,
EU,Peugeot 204 narrow Wagon 1969-1977 EU,Peugeot,204,Wagon,1969-1977,三厢车,两厢车,通用标准：Wagon,,
EU,Peugeot 204 wide Wagon 1969-1977 EU,Peugeot,204,Wagon,1969-1977,三厢车,两厢车,通用标准：Wagon,,
EU,Peugeot 205 Van 1994-1997 EU,Peugeot,205,Van,1994-1997,越野车,两厢车,通用标准：Van,,
EU,Peugeot 206 sw Wagon 2002-2007 EU,Peugeot,206 sw,Wagon,2002-2007,三厢车,两厢车,通用标准：Wagon,,
EU,Peugeot 206 sw Wagon 2002-2026 EU,Peugeot,206 sw,Wagon,2002-2026,三厢车,两厢车,通用标准：Wagon,,
EU,Peugeot 206 sw Wagon 2003-2026 EU,Peugeot,206 sw,Wagon,2003-2026,三厢车,两厢车,通用标准：Wagon,,
EU,Peugeot 206 sw Wagon 2004-2026 EU,Peugeot,206 sw,Wagon,2004-2026,三厢车,两厢车,通用标准：Wagon,,
EU,Peugeot 207 sw WK Wagon 2007-2012 EU,Peugeot,207 sw,Wagon,2007-2012,三厢车,两厢车,通用标准：Wagon,,
EU,Peugeot 207 sw WK Wagon 2009-2013 EU,Peugeot,207 sw,Wagon,2009-2013,三厢车,两厢车,通用标准：Wagon,,
EU,Peugeot 207 sw Wagon 2007-2012 EU,Peugeot,207 sw,Wagon,2007-2012,三厢车,两厢车,通用标准：Wagon,,
EU,Peugeot 207 sw Wagon 2007-2013 EU,Peugeot,207 sw,Wagon,2007-2013,三厢车,两厢车,通用标准：Wagon,,
EU,Peugeot 207 sw Wagon 2009-2012 EU,Peugeot,207 sw,Wagon,2009-2012,三厢车,两厢车,通用标准：Wagon,,
EU,Peugeot 207 sw facelift L4164 W1748 H1510 Wagon 2007-2012 EU,Peugeot,207 sw,Wagon,2007-2012,三厢车,两厢车,通用标准：Wagon,,
EU,Peugeot 207 sw facelift L4164 W1748 H1527 Wagon 2007-2012 EU,Peugeot,207 sw,Wagon,2007-2012,三厢车,两厢车,通用标准：Wagon,,
EU,Peugeot 207 sw prefl Wagon 2007-2012 EU,Peugeot,207 sw,Wagon,2007-2012,三厢车,两厢车,通用标准：Wagon,,
EU,Peugeot 3008 i L4365 W1837 H1635 MPV 2013-2016 EU,Peugeot,3008 i,MPV,2013-2016,越野车,两厢车,通用标准：MPV,,
EU,Peugeot 3008 i L4365 W1837 H1639 MPV 2013-2016 EU,Peugeot,3008 i,MPV,2013-2016,越野车,两厢车,通用标准：MPV,,
EU,Peugeot 3008 i MPV 2009-2016 EU,Peugeot,3008 i,MPV,2009-2016,越野车,两厢车,通用标准：MPV,,
EU,Peugeot 3008 i MPV 2011-2016 EU,Peugeot,3008 i,MPV,2011-2016,越野车,两厢车,通用标准：MPV,,
EU,Peugeot 3008 i MPV 2014-2016 EU,Peugeot,3008 i,MPV,2014-2016,越野车,两厢车,通用标准：MPV,,
EU,Peugeot 3008 i MPV 2015-2016 EU,Peugeot,3008 i,MPV,2015-2016,越野车,两厢车,通用标准：MPV,,
EU,Peugeot 3008 i T84 MPV 2009-2016 EU,Peugeot,3008 i,MPV,2009-2016,越野车,两厢车,通用标准：MPV,,
EU,Peugeot 3008 van MPV 2009-2016 EU,Peugeot,3008 van,MPV,2009-2016,越野车,两厢车,通用标准：MPV,,
EU,Peugeot 304 Wagon 1976-1979 EU,Peugeot,304,Wagon,1976-1979,三厢车,两厢车,通用标准：Wagon,,
EU,Peugeot 304 Wagon 1976-1980 EU,Peugeot,304,Wagon,1976-1980,三厢车,两厢车,通用标准：Wagon,,
EU,Peugeot 304 early Wagon 1970-1980 EU,Peugeot,304,Wagon,1970-1980,三厢车,两厢车,通用标准：Wagon,,
EU,Peugeot 304 late Wagon 1970-1980 EU,Peugeot,304,Wagon,1970-1980,三厢车,两厢车,通用标准：Wagon,,
EU,Peugeot 305 i break 581D Wagon 1980-1982 EU,Peugeot,305 i break,Wagon,1980-1982,三厢车,两厢车,通用标准：Wagon,,
EU,Peugeot 305 ii break 581E L4283 W1630 H1426 Wagon 1982-1986 EU,Peugeot,305 ii break,Wagon,1982-1986,三厢车,两厢车,通用标准：Wagon,,
EU,Peugeot 305 ii break 581E L4283 W1630 H1426 Wagon 1984-1987 EU,Peugeot,305 ii break,Wagon,1984-1987,三厢车,两厢车,通用标准：Wagon,,
EU,Peugeot 305 ii break 581E L4283 W1636 H1426 Wagon 1982-1986 EU,Peugeot,305 ii break,Wagon,1982-1986,三厢车,两厢车,通用标准：Wagon,,
EU,Peugeot 305 ii break 581E L4283 W1636 H1426 Wagon 1984-1987 EU,Peugeot,305 ii break,Wagon,1984-1987,三厢车,两厢车,通用标准：Wagon,,
EU,Peugeot 305 ii break 581E Wagon 1982-1988 EU,Peugeot,305 ii break,Wagon,1982-1988,三厢车,两厢车,通用标准：Wagon,,
EU,Peugeot 305 ii break 581E Wagon 1986-1988 EU,Peugeot,305 ii break,Wagon,1986-1988,三厢车,两厢车,通用标准：Wagon,,
EU,Peugeot 305 ii break Wagon 1983-1984 EU,Peugeot,305 ii break,Wagon,1983-1984,三厢车,两厢车,通用标准：Wagon,,
EU,Peugeot 305 ii break Wagon 1985-1986 EU,Peugeot,305 ii break,Wagon,1985-1986,三厢车,两厢车,通用标准：Wagon,,
EU,Peugeot 305 ii break Wagon 1986-1988 EU,Peugeot,305 ii break,Wagon,1986-1988,三厢车,两厢车,通用标准：Wagon,,
EU,Peugeot 306 7E L4338 W1680 H1415 Wagon 1998-2002 EU,Peugeot,306,Wagon,1998-2002,三厢车,两厢车,通用标准：Wagon,,
EU,Peugeot 306 7E L4338 W1689 H1415 Wagon 1998-2002 EU,Peugeot,306,Wagon,1998-2002,三厢车,两厢车,通用标准：Wagon,,
EU,Peugeot 306 7E Wagon 1997-2000 EU,Peugeot,306,Wagon,1997-2000,三厢车,两厢车,通用标准：Wagon,,
EU,Peugeot 306 7E Wagon 1997-2002 EU,Peugeot,306,Wagon,1997-2002,三厢车,两厢车,通用标准：Wagon,,
EU,Peugeot 306 7E Wagon 1999-2002 EU,Peugeot,306,Wagon,1999-2002,三厢车,两厢车,通用标准：Wagon,,
EU,Peugeot 306 7E Wagon 2000-2002 EU,Peugeot,306,Wagon,2000-2002,三厢车,两厢车,通用标准：Wagon,,
EU,Peugeot 307 3E Wagon 2002-2003 EU,Peugeot,307,Wagon,2002-2003,三厢车,两厢车,通用标准：Wagon,,
EU,Peugeot 307 3E Wagon 2002-2005 EU,Peugeot,307,Wagon,2002-2005,三厢车,两厢车,通用标准：Wagon,,
EU,Peugeot 307 3E Wagon 2005-2008 EU,Peugeot,307,Wagon,2005-2008,三厢车,两厢车,通用标准：Wagon,,
EU,Peugeot 307 3E Wagon 2006-2008 EU,Peugeot,307,Wagon,2006-2008,三厢车,两厢车,通用标准：Wagon,,
EU,Peugeot 307 3E facelift Wagon 2002-2008 EU,Peugeot,307,Wagon,2002-2008,三厢车,两厢车,通用标准：Wagon,,
EU,Peugeot 307 3E facelift Wagon 2002-2009 EU,Peugeot,307,Wagon,2002-2009,三厢车,两厢车,通用标准：Wagon,,
EU,Peugeot 307 3E facelift Wagon 2003-2007 EU,Peugeot,307,Wagon,2003-2007,三厢车,两厢车,通用标准：Wagon,,
EU,Peugeot 307 3E facelift Wagon 2003-2008 EU,Peugeot,307,Wagon,2003-2008,三厢车,两厢车,通用标准：Wagon,,
EU,Peugeot 307 3E facelift Wagon 2004-2007 EU,Peugeot,307,Wagon,2004-2007,三厢车,两厢车,通用标准：Wagon,,
EU,Peugeot 307 3E facelift Wagon 2004-2008 EU,Peugeot,307,Wagon,2004-2008,三厢车,两厢车,通用标准：Wagon,,
EU,Peugeot 307 3E prefl Wagon 2002-2008 EU,Peugeot,307,Wagon,2002-2008,三厢车,两厢车,通用标准：Wagon,,
EU,Peugeot 307 3E prefl Wagon 2002-2009 EU,Peugeot,307,Wagon,2002-2009,三厢车,两厢车,通用标准：Wagon,,
EU,Peugeot 307 3E prefl Wagon 2003-2007 EU,Peugeot,307,Wagon,2003-2007,三厢车,两厢车,通用标准：Wagon,,
EU,Peugeot 307 3E prefl Wagon 2003-2008 EU,Peugeot,307,Wagon,2003-2008,三厢车,两厢车,通用标准：Wagon,,
EU,Peugeot 307 3E prefl Wagon 2004-2007 EU,Peugeot,307,Wagon,2004-2007,三厢车,两厢车,通用标准：Wagon,,
EU,Peugeot 307 3E prefl Wagon 2004-2008 EU,Peugeot,307,Wagon,2004-2008,三厢车,两厢车,通用标准：Wagon,,
EU,Peugeot 307 Wagon 2005-2008 EU,Peugeot,307,Wagon,2005-2008,三厢车,两厢车,通用标准：Wagon,,
EU,Peugeot 308 sw i T7 L4500 W1815 H1555 Wagon 2009-2014 EU,Peugeot,308 sw i,Wagon,2009-2014,三厢车,两厢车,通用标准：Wagon,,
EU,Peugeot 308 sw i T7 L4500 W1815 H1564 Wagon 2009-2014 EU,Peugeot,308 sw i,Wagon,2009-2014,三厢车,两厢车,通用标准：Wagon,,
EU,Peugeot 308 sw i T7 Wagon 2007-2012 EU,Peugeot,308 sw i,Wagon,2007-2012,三厢车,两厢车,通用标准：Wagon,,
EU,Peugeot 308 sw i T7 Wagon 2007-2014 EU,Peugeot,308 sw i,Wagon,2007-2014,三厢车,两厢车,通用标准：Wagon,,
EU,Peugeot 308 sw i T7 Wagon 2008-2011 EU,Peugeot,308 sw i,Wagon,2008-2011,三厢车,两厢车,通用标准：Wagon,,
EU,Peugeot 308 sw i T7 Wagon 2008-2014 EU,Peugeot,308 sw i,Wagon,2008-2014,三厢车,两厢车,通用标准：Wagon,,
EU,Peugeot 308 sw i T7 Wagon 2011-2014 EU,Peugeot,308 sw i,Wagon,2011-2014,三厢车,两厢车,通用标准：Wagon,,
EU,Peugeot 308 sw i T7 Wagon 2013-2014 EU,Peugeot,308 sw i,Wagon,2013-2014,三厢车,两厢车,通用标准：Wagon,,
EU,Peugeot 308 sw i Wagon 2007-2014 EU,Peugeot,308 sw i,Wagon,2007-2014,三厢车,两厢车,通用标准：Wagon,,
EU,Peugeot 308 sw i Wagon 2008-2011 EU,Peugeot,308 sw i,Wagon,2008-2011,三厢车,两厢车,通用标准：Wagon,,
EU,Peugeot 308 sw i Wagon 2009-2014 EU,Peugeot,308 sw i,Wagon,2009-2014,三厢车,两厢车,通用标准：Wagon,,
EU,Peugeot 308 sw ii T9 L4585 W1804 H1457 Wagon 2014-2021 EU,Peugeot,308 sw ii,Wagon,2014-2021,三厢车,两厢车,通用标准：Wagon,,
EU,Peugeot 308 sw ii T9 L4585 W1804 H1461 Wagon 2014-2021 EU,Peugeot,308 sw ii,Wagon,2014-2021,三厢车,两厢车,通用标准：Wagon,,
EU,Peugeot 308 sw ii T9 Wagon 2015-2021 EU,Peugeot,308 sw ii,Wagon,2015-2021,三厢车,两厢车,通用标准：Wagon,,
EU,Peugeot 308 sw ii T9 Wagon 2017-2021 EU,Peugeot,308 sw ii,Wagon,2017-2021,三厢车,两厢车,通用标准：Wagon,,
EU,Peugeot 308 sw ii T9 Wagon 2018-2021 EU,Peugeot,308 sw ii,Wagon,2018-2021,三厢车,两厢车,通用标准：Wagon,,
EU,Peugeot 308 sw iii Wagon 2021-2026 EU,Peugeot,308 sw iii,Wagon,2021-2026,三厢车,两厢车,通用标准：Wagon,,
EU,Peugeot 308 sw iii Wagon 2023-2025 EU,Peugeot,308 sw iii,Wagon,2023-2025,三厢车,两厢车,通用标准：Wagon,,
EU,Peugeot 308 sw iii Wagon 2023-2026 EU,Peugeot,308 sw iii,Wagon,2023-2026,三厢车,两厢车,通用标准：Wagon,,
EU,Peugeot 308 sw iii Wagon 2025-2026 EU,Peugeot,308 sw iii,Wagon,2025-2026,三厢车,两厢车,通用标准：Wagon,,
EU,Peugeot 404 Wagon 1962-1971 EU,Peugeot,404,Wagon,1962-1971,三厢车,两厢车,通用标准：Wagon,,
EU,Peugeot 405 i break 15E L4398 W1714 H1445 Wagon 1988-1992 EU,Peugeot,405 i break,Wagon,1988-1992,三厢车,两厢车,通用标准：Wagon,,
EU,Peugeot 405 i break 15E L4398 W1714 H1450 Wagon 1988-1992 EU,Peugeot,405 i break,Wagon,1988-1992,三厢车,两厢车,通用标准：Wagon,,
EU,Peugeot 405 i break 15E L4398 W1716 H1445 Wagon 1988-1992 EU,Peugeot,405 i break,Wagon,1988-1992,三厢车,两厢车,通用标准：Wagon,,
EU,Peugeot 405 i break Wagon 1988-1992 EU,Peugeot,405 i break,Wagon,1988-1992,三厢车,两厢车,通用标准：Wagon,,
EU,Peugeot 405 ii break 15E Wagon 1993-1994 EU,Peugeot,405 ii break,Wagon,1993-1994,三厢车,两厢车,通用标准：Wagon,,
EU,Peugeot 405 ii break 15E Wagon 1993-1995 EU,Peugeot,405 ii break,Wagon,1993-1995,三厢车,两厢车,通用标准：Wagon,,
EU,Peugeot 405 ii break 4E Wagon 1992-1995 EU,Peugeot,405 ii break,Wagon,1992-1995,三厢车,两厢车,通用标准：Wagon,,
EU,Peugeot 405 ii break 4E Wagon 1992-1996 EU,Peugeot,405 ii break,Wagon,1992-1996,三厢车,两厢车,通用标准：Wagon,,
EU,Peugeot 405 ii break 4E Wagon 1994-1996 EU,Peugeot,405 ii break,Wagon,1994-1996,三厢车,两厢车,通用标准：Wagon,,
EU,Peugeot 406 8E/F Wagon 2000-2004 EU,Peugeot,406,Wagon,2000-2004,三厢车,两厢车,通用标准：Wagon,,
EU,Peugeot 406 8E/F facelift Wagon 1996-2000 EU,Peugeot,406,Wagon,1996-2000,三厢车,两厢车,通用标准：Wagon,,
EU,Peugeot 406 8E/F facelift Wagon 1996-2004 EU,Peugeot,406,Wagon,1996-2004,三厢车,两厢车,通用标准：Wagon,,
EU,Peugeot 406 8E/F facelift Wagon 1997-2004 EU,Peugeot,406,Wagon,1997-2004,三厢车,两厢车,通用标准：Wagon,,
EU,Peugeot 406 8E/F facelift Wagon 1999-2000 EU,Peugeot,406,Wagon,1999-2000,三厢车,两厢车,通用标准：Wagon,,
EU,Peugeot 406 8E/F facelift Wagon 1999-2004 EU,Peugeot,406,Wagon,1999-2004,三厢车,两厢车,通用标准：Wagon,,
EU,Peugeot 406 8E/F prefl Wagon 1996-2000 EU,Peugeot,406,Wagon,1996-2000,三厢车,两厢车,通用标准：Wagon,,
EU,Peugeot 406 8E/F prefl Wagon 1996-2004 EU,Peugeot,406,Wagon,1996-2004,三厢车,两厢车,通用标准：Wagon,,
EU,Peugeot 406 8E/F prefl Wagon 1997-2004 EU,Peugeot,406,Wagon,1997-2004,三厢车,两厢车,通用标准：Wagon,,
EU,Peugeot 406 8E/F prefl Wagon 1999-2000 EU,Peugeot,406,Wagon,1999-2000,三厢车,两厢车,通用标准：Wagon,,
EU,Peugeot 406 8E/F prefl Wagon 1999-2004 EU,Peugeot,406,Wagon,1999-2004,三厢车,两厢车,通用标准：Wagon,,
EU,Peugeot 406 Wagon 2000-2004 EU,Peugeot,406,Wagon,2000-2004,三厢车,两厢车,通用标准：Wagon,,
EU,Peugeot 406 Wagon 2001-2004 EU,Peugeot,406,Wagon,2001-2004,三厢车,两厢车,通用标准：Wagon,,
EU,Peugeot 407 6E Wagon 2004-2005 EU,Peugeot,407,Wagon,2004-2005,三厢车,两厢车,通用标准：Wagon,,
EU,Peugeot 407 6E Wagon 2005-2011 EU,Peugeot,407,Wagon,2005-2011,三厢车,两厢车,通用标准：Wagon,,
EU,Peugeot 407 Wagon 2004-2005 EU,Peugeot,407,Wagon,2004-2005,三厢车,两厢车,通用标准：Wagon,,
EU,Peugeot 407 Wagon 2004-2010 EU,Peugeot,407,Wagon,2004-2010,三厢车,两厢车,通用标准：Wagon,,
EU,Peugeot 407 Wagon 2005-2010 EU,Peugeot,407,Wagon,2005-2010,三厢车,两厢车,通用标准：Wagon,,
EU,Peugeot 407 Wagon 2006-2010 EU,Peugeot,407,Wagon,2006-2010,三厢车,两厢车,通用标准：Wagon,,
EU,Peugeot 407 Wagon 2009-2010 EU,Peugeot,407,Wagon,2009-2010,三厢车,两厢车,通用标准：Wagon,,
EU,Peugeot 407 facelift Wagon 2005-2010 EU,Peugeot,407,Wagon,2005-2010,三厢车,两厢车,通用标准：Wagon,,
EU,Peugeot 407 facelift Wagon 2008-2010 EU,Peugeot,407,Wagon,2008-2010,三厢车,两厢车,通用标准：Wagon,,
EU,Peugeot 407 prefl Wagon 2008-2010 EU,Peugeot,407,Wagon,2008-2010,三厢车,两厢车,通用标准：Wagon,,
EU,Peugeot 5008 L4529 W1837 H1639 MPV 2009-2017 EU,Peugeot,5008,MPV,2009-2017,越野车,两厢车,通用标准：MPV,,
EU,Peugeot 5008 L4529 W1837 H1639 MPV 2012-2017 EU,Peugeot,5008,MPV,2012-2017,越野车,两厢车,通用标准：MPV,,
EU,Peugeot 5008 L4529 W1888 H1647 MPV 2009-2017 EU,Peugeot,5008,MPV,2009-2017,越野车,两厢车,通用标准：MPV,,
EU,Peugeot 5008 L4529 W1888 H1647 MPV 2012-2017 EU,Peugeot,5008,MPV,2012-2017,越野车,两厢车,通用标准：MPV,,
EU,Peugeot 5008 MPV 2010-2017 EU,Peugeot,5008,MPV,2010-2017,越野车,两厢车,通用标准：MPV,,
EU,Peugeot 5008 MPV 2013-2017 EU,Peugeot,5008,MPV,2013-2017,越野车,两厢车,通用标准：MPV,,
EU,Peugeot 5008 MPV 2014-2017 EU,Peugeot,5008,MPV,2014-2017,越野车,两厢车,通用标准：MPV,,
EU,Peugeot 5008 MPV 2015-2017 EU,Peugeot,5008,MPV,2015-2017,越野车,两厢车,通用标准：MPV,,
EU,Peugeot 5008 T87 MPV 2010-2017 EU,Peugeot,5008,MPV,2010-2017,越野车,两厢车,通用标准：MPV,,
EU,Peugeot 504 Wagon 1971-1986 EU,Peugeot,504,Wagon,1971-1986,三厢车,两厢车,通用标准：Wagon,,
EU,Peugeot 504 Wagon 1975-1986 EU,Peugeot,504,Wagon,1975-1986,三厢车,两厢车,通用标准：Wagon,,
EU,Peugeot 505 551D Wagon 1983-1985 EU,Peugeot,505,Wagon,1983-1985,三厢车,两厢车,通用标准：Wagon,,
EU,Peugeot 505 551D Wagon 1986-1993 EU,Peugeot,505,Wagon,1986-1993,三厢车,两厢车,通用标准：Wagon,,
EU,Peugeot 505 551D facelift Wagon 1983-1993 EU,Peugeot,505,Wagon,1983-1993,三厢车,两厢车,通用标准：Wagon,,
EU,Peugeot 505 551D prefl Wagon 1983-1993 EU,Peugeot,505,Wagon,1983-1993,三厢车,两厢车,通用标准：Wagon,,
EU,Peugeot 505 Wagon 1982-1986 EU,Peugeot,505,Wagon,1982-1986,三厢车,两厢车,通用标准：Wagon,,
EU,Peugeot 505 Wagon 1985-1986 EU,Peugeot,505,Wagon,1985-1986,三厢车,两厢车,通用标准：Wagon,,
EU,Peugeot 505 Wagon 1985-1987 EU,Peugeot,505,Wagon,1985-1987,三厢车,两厢车,通用标准：Wagon,,
EU,Peugeot 505 Wagon 1986-1993 EU,Peugeot,505,Wagon,1986-1993,三厢车,两厢车,通用标准：Wagon,,
EU,Peugeot 505 facelift Wagon 1982-1987 EU,Peugeot,505,Wagon,1982-1987,三厢车,两厢车,通用标准：Wagon,,
EU,Peugeot 505 prefl Wagon 1982-1987 EU,Peugeot,505,Wagon,1982-1987,三厢车,两厢车,通用标准：Wagon,,
EU,Peugeot 508 ii R8 Fastback 2018-2026 EU,Peugeot,508 ii,Fastback,2018-2026,跑车,三厢车,联网判定：Fastback,五门 fastback 轿跑，外形为四门轿跑,https://en.wikipedia.org/wiki/Peugeot_508
EU,Peugeot 508 ii R8 Fastback 2019-2026 EU,Peugeot,508 ii,Fastback,2019-2026,跑车,三厢车,联网判定：Fastback,五门 fastback 轿跑，外形为四门轿跑,https://en.wikipedia.org/wiki/Peugeot_508
EU,Peugeot 508 ii R8 Fastback 2020-2026 EU,Peugeot,508 ii,Fastback,2020-2026,跑车,三厢车,联网判定：Fastback,五门 fastback 轿跑，外形为四门轿跑,https://en.wikipedia.org/wiki/Peugeot_508
EU,Peugeot 508 ii R8 Fastback 2021-2026 EU,Peugeot,508 ii,Fastback,2021-2026,跑车,三厢车,联网判定：Fastback,五门 fastback 轿跑，外形为四门轿跑,https://en.wikipedia.org/wiki/Peugeot_508
EU,Peugeot 508 sw Wagon 2011-2026 EU,Peugeot,508 sw,Wagon,2011-2026,三厢车,两厢车,通用标准：Wagon,,
EU,Peugeot 508 sw i L4813 W1920 H1476 Wagon 2010-2018 EU,Peugeot,508 sw i,Wagon,2010-2018,三厢车,两厢车,通用标准：Wagon,,
EU,Peugeot 508 sw i L4823 W1864 H1525 Wagon 2010-2018 EU,Peugeot,508 sw i,Wagon,2010-2018,三厢车,两厢车,通用标准：Wagon,,
EU,Peugeot 508 sw i Wagon 2014-2018 EU,Peugeot,508 sw i,Wagon,2014-2018,三厢车,两厢车,通用标准：Wagon,,
EU,Peugeot 508 sw i facelift Wagon 2010-2018 EU,Peugeot,508 sw i,Wagon,2010-2018,三厢车,两厢车,通用标准：Wagon,,
EU,Peugeot 508 sw i facelift Wagon 2012-2018 EU,Peugeot,508 sw i,Wagon,2012-2018,三厢车,两厢车,通用标准：Wagon,,
EU,Peugeot 508 sw i facelift Wagon 2014-2018 EU,Peugeot,508 sw i,Wagon,2014-2018,三厢车,两厢车,通用标准：Wagon,,
EU,Peugeot 508 sw i prefl Wagon 2010-2018 EU,Peugeot,508 sw i,Wagon,2010-2018,三厢车,两厢车,通用标准：Wagon,,
EU,Peugeot 508 sw i prefl Wagon 2012-2018 EU,Peugeot,508 sw i,Wagon,2012-2018,三厢车,两厢车,通用标准：Wagon,,
EU,Peugeot 508 sw i prefl Wagon 2014-2018 EU,Peugeot,508 sw i,Wagon,2014-2018,三厢车,两厢车,通用标准：Wagon,,
EU,Peugeot 508 sw ii R8 Wagon 2018-2026 EU,Peugeot,508 sw ii,Wagon,2018-2026,三厢车,两厢车,通用标准：Wagon,,
EU,Peugeot 508 sw ii R8 Wagon 2020-2026 EU,Peugeot,508 sw ii,Wagon,2020-2026,三厢车,两厢车,通用标准：Wagon,,
EU,Peugeot 508 sw ii R8 Wagon 2021-2026 EU,Peugeot,508 sw ii,Wagon,2021-2026,三厢车,两厢车,通用标准：Wagon,,
EU,Peugeot 508 sw ii Wagon 2018-2026 EU,Peugeot,508 sw ii,Wagon,2018-2026,三厢车,两厢车,通用标准：Wagon,,
EU,Peugeot 508 sw ii Wagon 2019-2026 EU,Peugeot,508 sw ii,Wagon,2019-2026,三厢车,两厢车,通用标准：Wagon,,
EU,Peugeot 508 sw ii Wagon 2023-2026 EU,Peugeot,508 sw ii,Wagon,2023-2026,三厢车,两厢车,通用标准：Wagon,,
EU,Peugeot 806 221 MPV 1994-2002 EU,Peugeot,806,MPV,1994-2002,越野车,两厢车,通用标准：MPV,,
EU,Peugeot 806 221 MPV 1995-2002 EU,Peugeot,806,MPV,1995-2002,越野车,两厢车,通用标准：MPV,,
EU,Peugeot 806 221 MPV 1996-1999 EU,Peugeot,806,MPV,1996-1999,越野车,两厢车,通用标准：MPV,,
EU,Peugeot 806 221 MPV 1997-2000 EU,Peugeot,806,MPV,1997-2000,越野车,两厢车,通用标准：MPV,,
EU,Peugeot 806 221 MPV 1997-2002 EU,Peugeot,806,MPV,1997-2002,越野车,两厢车,通用标准：MPV,,
EU,Peugeot 806 221 MPV 1998-2000 EU,Peugeot,806,MPV,1998-2000,越野车,两厢车,通用标准：MPV,,
EU,Peugeot 806 221 MPV 1999-2002 EU,Peugeot,806,MPV,1999-2002,越野车,两厢车,通用标准：MPV,,
EU,Peugeot 806 221 MPV 1999-2003 EU,Peugeot,806,MPV,1999-2003,越野车,两厢车,通用标准：MPV,,
EU,Peugeot 806 221 MPV 2000-2002 EU,Peugeot,806,MPV,2000-2002,越野车,两厢车,通用标准：MPV,,
EU,Peugeot 806 221 MPV 2000-2003 EU,Peugeot,806,MPV,2000-2003,越野车,两厢车,通用标准：MPV,,
EU,Peugeot 807 E MPV 2006-2026 EU,Peugeot,807,MPV,2006-2026,越野车,两厢车,通用标准：MPV,,
EU,Peugeot 807 E MPV 2009-2026 EU,Peugeot,807,MPV,2009-2026,越野车,两厢车,通用标准：MPV,,
EU,Peugeot 807 L4727 W1850 H1752 MPV 2006-2026 EU,Peugeot,807,MPV,2006-2026,越野车,两厢车,通用标准：MPV,,
EU,Peugeot 807 L4730 W1850 H1750 MPV 2006-2026 EU,Peugeot,807,MPV,2006-2026,越野车,两厢车,通用标准：MPV,,
EU,Peugeot 807 MPV 2002-2006 EU,Peugeot,807,MPV,2002-2006,越野车,两厢车,通用标准：MPV,,
EU,Peugeot 807 MPV 2002-2026 EU,Peugeot,807,MPV,2002-2026,越野车,两厢车,通用标准：MPV,,
EU,Peugeot 807 MPV 2004-2006 EU,Peugeot,807,MPV,2004-2006,越野车,两厢车,通用标准：MPV,,
EU,Peugeot 807 MPV 2004-2026 EU,Peugeot,807,MPV,2004-2026,越野车,两厢车,通用标准：MPV,,
EU,Peugeot 807 MPV 2005-2026 EU,Peugeot,807,MPV,2005-2026,越野车,两厢车,通用标准：MPV,,
EU,Peugeot 807 MPV 2006-2010 EU,Peugeot,807,MPV,2006-2010,越野车,两厢车,通用标准：MPV,,
EU,Peugeot 807 MPV 2010-2026 EU,Peugeot,807,MPV,2010-2026,越野车,两厢车,通用标准：MPV,,
EU,Peugeot Bipper AA Van 2008-2026 EU,Peugeot,Bipper,Van,2008-2026,越野车,两厢车,通用标准：Van,,
EU,Peugeot Bipper AJ MPV 2008-2026 EU,Peugeot,Bipper,MPV,2008-2026,越野车,两厢车,通用标准：MPV,,
EU,Peugeot Bipper MPV 2010-2026 EU,Peugeot,Bipper,MPV,2010-2026,越野车,两厢车,通用标准：MPV,,
EU,Peugeot Bipper MPV 2015-2026 EU,Peugeot,Bipper,MPV,2015-2026,越野车,两厢车,通用标准：MPV,,
EU,Peugeot Bipper Van 2010-2026 EU,Peugeot,Bipper,Van,2010-2026,越野车,两厢车,通用标准：Van,,
EU,Peugeot Bipper Van 2015-2026 EU,Peugeot,Bipper,Van,2015-2026,越野车,两厢车,通用标准：Van,,
EU,Peugeot Boxer 230 Bus 1994-2002 EU,Peugeot,Boxer,Bus,1994-2002,越野车,两厢车,通用标准：Bus,,
EU,Peugeot Boxer 230 Bus 1996-2002 EU,Peugeot,Boxer,Bus,1996-2002,越野车,两厢车,通用标准：Bus,,
EU,Peugeot Boxer 230 Bus 1997-2002 EU,Peugeot,Boxer,Bus,1997-2002,越野车,两厢车,通用标准：Bus,,
EU,Peugeot Boxer 230 Bus 1999-2002 EU,Peugeot,Boxer,Bus,1999-2002,越野车,两厢车,通用标准：Bus,,
EU,Peugeot Boxer 230 Bus 2000-2002 EU,Peugeot,Boxer,Bus,2000-2002,越野车,两厢车,通用标准：Bus,,
EU,Peugeot Boxer 230 Bus 2001-2002 EU,Peugeot,Boxer,Bus,2001-2002,越野车,两厢车,通用标准：Bus,,
EU,Peugeot Boxer 230L 270c Bus 1994-2002 EU,Peugeot,Boxer,Bus,1994-2002,越野车,两厢车,通用标准：Bus,,
EU,Peugeot Boxer 230L 270cs Van 1994-2002 EU,Peugeot,Boxer,Van,1994-2002,越野车,两厢车,通用标准：Van,,
EU,Peugeot Boxer 230L 310c Bus 1994-1997 EU,Peugeot,Boxer,Bus,1994-1997,越野车,两厢车,通用标准：Bus,,
EU,Peugeot Boxer 230L 310c Bus 1994-2002 EU,Peugeot,Boxer,Bus,1994-2002,越野车,两厢车,通用标准：Bus,,
EU,Peugeot Boxer 230L 310cs Bus 1994-1997 EU,Peugeot,Boxer,Bus,1994-1997,越野车,两厢车,通用标准：Bus,,
EU,Peugeot Boxer 230L 310cs Bus 1994-2002 EU,Peugeot,Boxer,Bus,1994-2002,越野车,两厢车,通用标准：Bus,,
EU,Peugeot Boxer 230L 320lh Van 1994-1997 EU,Peugeot,Boxer,Van,1994-1997,越野车,两厢车,通用标准：Van,,
EU,Peugeot Boxer 230L 320lh Van 1994-2002 EU,Peugeot,Boxer,Van,1994-2002,越野车,两厢车,通用标准：Van,,
EU,Peugeot Boxer 230L 320m Van 1994-1997 EU,Peugeot,Boxer,Van,1994-1997,越野车,两厢车,通用标准：Van,,
EU,Peugeot Boxer 230L 320m Van 1994-2002 EU,Peugeot,Boxer,Van,1994-2002,越野车,两厢车,通用标准：Van,,
EU,Peugeot Boxer 230L 320mh Van 1994-1997 EU,Peugeot,Boxer,Van,1994-1997,越野车,两厢车,通用标准：Van,,
EU,Peugeot Boxer 230L 320mh Van 1994-2002 EU,Peugeot,Boxer,Van,1994-2002,越野车,两厢车,通用标准：Van,,
EU,Peugeot Boxer 230L 350lh Van 1994-1997 EU,Peugeot,Boxer,Van,1994-1997,越野车,两厢车,通用标准：Van,,
EU,Peugeot Boxer 230L 350lh Van 1994-2002 EU,Peugeot,Boxer,Van,1994-2002,越野车,两厢车,通用标准：Van,,
EU,Peugeot Boxer 230L 350mh Bus 1994-1997 EU,Peugeot,Boxer,Bus,1994-1997,越野车,两厢车,通用标准：Bus,,
EU,Peugeot Boxer 230L 350mh Bus 1994-2002 EU,Peugeot,Boxer,Bus,1994-2002,越野车,两厢车,通用标准：Bus,,
EU,Peugeot Boxer 230L Van 1996-1998 EU,Peugeot,Boxer,Van,1996-1998,越野车,两厢车,通用标准：Van,,
EU,Peugeot Boxer 230L Van 2000-2002 EU,Peugeot,Boxer,Van,2000-2002,越野车,两厢车,通用标准：Van,,
EU,Peugeot Boxer 230L lwb h2455 Van 1999-2002 EU,Peugeot,Boxer,Van,1999-2002,越野车,两厢车,通用标准：Van,,
EU,Peugeot Boxer 230L lwb h2470 Van 1999-2002 EU,Peugeot,Boxer,Van,1999-2002,越野车,两厢车,通用标准：Van,,
EU,Peugeot Boxer 230L lwb highroof Van 2000-2001 EU,Peugeot,Boxer,Van,2000-2001,越野车,两厢车,通用标准：Van,,
EU,Peugeot Boxer 230L lwb superhighroof Van 2000-2001 EU,Peugeot,Boxer,Van,2000-2001,越野车,两厢车,通用标准：Van,,
EU,Peugeot Boxer 230L mwb h2145 Van 1999-2002 EU,Peugeot,Boxer,Van,1999-2002,越野车,两厢车,通用标准：Van,,
EU,Peugeot Boxer 230L mwb h2465 Van 1999-2002 EU,Peugeot,Boxer,Van,1999-2002,越野车,两厢车,通用标准：Van,,
EU,Peugeot Boxer 230L mwb highroof Van 2000-2001 EU,Peugeot,Boxer,Van,2000-2001,越野车,两厢车,通用标准：Van,,
EU,Peugeot Boxer 230L mwb lowroof Van 2000-2001 EU,Peugeot,Boxer,Van,2000-2001,越野车,两厢车,通用标准：Van,,
EU,Peugeot Boxer 230L mwb superhighroof Van 2000-2001 EU,Peugeot,Boxer,Van,2000-2001,越野车,两厢车,通用标准：Van,,
EU,Peugeot Boxer 230L swb h2450 Van 1999-2002 EU,Peugeot,Boxer,Van,1999-2002,越野车,两厢车,通用标准：Van,,
EU,Peugeot Boxer 230L swb highroof Van 2000-2001 EU,Peugeot,Boxer,Van,2000-2001,越野车,两厢车,通用标准：Van,,
EU,Peugeot Boxer 230L swb lowroof Van 2000-2001 EU,Peugeot,Boxer,Van,2000-2001,越野车,两厢车,通用标准：Van,,
EU,Peugeot Boxer 230P Bus 1997-2002 EU,Peugeot,Boxer,Bus,1997-2002,越野车,两厢车,通用标准：Bus,,
EU,Peugeot Boxer 230P L4655 W1998 H2130 Bus 1994-2002 EU,Peugeot,Boxer,Bus,1994-2002,越野车,两厢车,通用标准：Bus,,
EU,Peugeot Boxer 230P L4665 W1998 H2130 Bus 1994-2002 EU,Peugeot,Boxer,Bus,1994-2002,越野车,两厢车,通用标准：Bus,,
EU,Peugeot Boxer 230P Van 2000-2002 EU,Peugeot,Boxer,Van,2000-2002,越野车,两厢车,通用标准：Van,,
EU,Peugeot Boxer 230P mwb Bus 1994-1997 EU,Peugeot,Boxer,Bus,1994-1997,越野车,两厢车,通用标准：Bus,,
EU,Peugeot Boxer 230P mwb L5005 W1998 H2130 Bus 1994-2002 EU,Peugeot,Boxer,Bus,1994-2002,越野车,两厢车,通用标准：Bus,,
EU,Peugeot Boxer 230P mwb L5005 W1998 H2150 Bus 1994-2002 EU,Peugeot,Boxer,Bus,1994-2002,越野车,两厢车,通用标准：Bus,,
EU,Peugeot Boxer 230P mwb h2130 Bus 1999-2002 EU,Peugeot,Boxer,Bus,1999-2002,越野车,两厢车,通用标准：Bus,,
EU,Peugeot Boxer 230P mwb h2150 Bus 1999-2002 EU,Peugeot,Boxer,Bus,1999-2002,越野车,两厢车,通用标准：Bus,,
EU,Peugeot Boxer 230P mwb highroof Bus 1994-2002 EU,Peugeot,Boxer,Bus,1994-2002,越野车,两厢车,通用标准：Bus,,
EU,Peugeot Boxer 230P mwb highroof Bus 1997-2002 EU,Peugeot,Boxer,Bus,1997-2002,越野车,两厢车,通用标准：Bus,,
EU,Peugeot Boxer 230P mwb highroof Bus 1999-2002 EU,Peugeot,Boxer,Bus,1999-2002,越野车,两厢车,通用标准：Bus,,
EU,Peugeot Boxer 230P mwb highroof Bus 2000-2001 EU,Peugeot,Boxer,Bus,2000-2001,越野车,两厢车,通用标准：Bus,,
EU,Peugeot Boxer 230P mwb lowroof Bus 2000-2001 EU,Peugeot,Boxer,Bus,2000-2001,越野车,两厢车,通用标准：Bus,,
EU,Peugeot Boxer 230P mwbhigh Bus 1996-2002 EU,Peugeot,Boxer,Bus,1996-2002,越野车,两厢车,通用标准：Bus,,
EU,Peugeot Boxer 230P mwblow Bus 1996-2002 EU,Peugeot,Boxer,Bus,1996-2002,越野车,两厢车,通用标准：Bus,,
EU,Peugeot Boxer 230P swb Bus 1994-1997 EU,Peugeot,Boxer,Bus,1994-1997,越野车,两厢车,通用标准：Bus,,
EU,Peugeot Boxer 230P swb Bus 1994-2002 EU,Peugeot,Boxer,Bus,1994-2002,越野车,两厢车,通用标准：Bus,,
EU,Peugeot Boxer 230P swb h2130 Bus 1999-2002 EU,Peugeot,Boxer,Bus,1999-2002,越野车,两厢车,通用标准：Bus,,
EU,Peugeot Boxer 230P swb h2150 Bus 1999-2002 EU,Peugeot,Boxer,Bus,1999-2002,越野车,两厢车,通用标准：Bus,,
EU,Peugeot Boxer 230P swb highroof Bus 1997-2002 EU,Peugeot,Boxer,Bus,1997-2002,越野车,两厢车,通用标准：Bus,,
EU,Peugeot Boxer 230P swb lowroof Bus 2000-2001 EU,Peugeot,Boxer,Bus,2000-2001,越野车,两厢车,通用标准：Bus,,
EU,Peugeot Boxer 230P swbhigh Bus 1996-2002 EU,Peugeot,Boxer,Bus,1996-2002,越野车,两厢车,通用标准：Bus,,
EU,Peugeot Boxer 230P swblow Bus 1996-2002 EU,Peugeot,Boxer,Bus,1996-2002,越野车,两厢车,通用标准：Bus,,
EU,Peugeot Boxer 244 Van 2001-2006 EU,Peugeot,Boxer,Van,2001-2006,越野车,两厢车,通用标准：Van,,
EU,Peugeot Boxer 244 Van 2002-2006 EU,Peugeot,Boxer,Van,2002-2006,越野车,两厢车,通用标准：Van,,
EU,Peugeot Boxer 244 lwb highroof Van 2004-2006 EU,Peugeot,Boxer,Van,2004-2006,越野车,两厢车,通用标准：Van,,
EU,Peugeot Boxer 244 lwb superhighroof Van 2004-2006 EU,Peugeot,Boxer,Van,2004-2006,越野车,两厢车,通用标准：Van,,
EU,Peugeot Boxer 244 mwb highroof Van 2001-2006 EU,Peugeot,Boxer,Van,2001-2006,越野车,两厢车,通用标准：Van,,
EU,Peugeot Boxer 244 mwb highroof Van 2004-2006 EU,Peugeot,Boxer,Van,2004-2006,越野车,两厢车,通用标准：Van,,
EU,Peugeot Boxer 244 mwb lowroof Van 2001-2006 EU,Peugeot,Boxer,Van,2001-2006,越野车,两厢车,通用标准：Van,,
EU,Peugeot Boxer 244 mwb lowroof Van 2004-2006 EU,Peugeot,Boxer,Van,2004-2006,越野车,两厢车,通用标准：Van,,
EU,Peugeot Boxer 244 mwb superhighroof Van 2001-2006 EU,Peugeot,Boxer,Van,2001-2006,越野车,两厢车,通用标准：Van,,
EU,Peugeot Boxer 244 mwb superhighroof Van 2004-2006 EU,Peugeot,Boxer,Van,2004-2006,越野车,两厢车,通用标准：Van,,
EU,Peugeot Boxer 244 swb highroof Van 2001-2006 EU,Peugeot,Boxer,Van,2001-2006,越野车,两厢车,通用标准：Van,,
EU,Peugeot Boxer 244 swb highroof Van 2004-2006 EU,Peugeot,Boxer,Van,2004-2006,越野车,两厢车,通用标准：Van,,
EU,Peugeot Boxer 244 swb lowroof Van 2004-2006 EU,Peugeot,Boxer,Van,2004-2006,越野车,两厢车,通用标准：Van,,
EU,Peugeot Boxer 250 L4963 W2050 H2254 Van 2019-2023 EU,Peugeot,Boxer,Van,2019-2023,越野车,两厢车,通用标准：Van,,
EU,Peugeot Boxer 250 L5998 W2050 H2522 Van 2019-2023 EU,Peugeot,Boxer,Van,2019-2023,越野车,两厢车,通用标准：Van,,
EU,Peugeot Boxer 250 Van 2011-2020 EU,Peugeot,Boxer,Van,2011-2020,越野车,两厢车,通用标准：Van,,
EU,Peugeot Boxer 250 Van 2011-2026 EU,Peugeot,Boxer,Van,2011-2026,越野车,两厢车,通用标准：Van,,
EU,Peugeot Boxer 250 Van 2015-2019 EU,Peugeot,Boxer,Van,2015-2019,越野车,两厢车,通用标准：Van,,
EU,Peugeot Boxer 250 Van 2016-2019 EU,Peugeot,Boxer,Van,2016-2019,越野车,两厢车,通用标准：Van,,
EU,Peugeot Boxer 250 Van 2016-2023 EU,Peugeot,Boxer,Van,2016-2023,越野车,两厢车,通用标准：Van,,
EU,Peugeot Boxer 250 Van 2021-2023 EU,Peugeot,Boxer,Van,2021-2023,越野车,两厢车,通用标准：Van,,
EU,Peugeot Boxer 250 Van 2023-2026 EU,Peugeot,Boxer,Van,2023-2026,越野车,两厢车,通用标准：Van,,
EU,Peugeot Boxer 250 Van 2025-2026 EU,Peugeot,Boxer,Van,2025-2026,越野车,两厢车,通用标准：Van,,
EU,Peugeot Boxer 250 l1h1 Bus 2006-2015 EU,Peugeot,Boxer,Bus,2006-2015,越野车,两厢车,通用标准：Bus,,
EU,Peugeot Boxer 250 l1h1 Bus 2006-2016 EU,Peugeot,Boxer,Bus,2006-2016,越野车,两厢车,通用标准：Bus,,
EU,Peugeot Boxer 250 l1h1 Bus 2006-2026 EU,Peugeot,Boxer,Bus,2006-2026,越野车,两厢车,通用标准：Bus,,
EU,Peugeot Boxer 250 l1h1 Bus 2010-2013 EU,Peugeot,Boxer,Bus,2010-2013,越野车,两厢车,通用标准：Bus,,
EU,Peugeot Boxer 250 l1h1 Van 2006-2015 EU,Peugeot,Boxer,Van,2006-2015,越野车,两厢车,通用标准：Van,,
EU,Peugeot Boxer 250 l1h1 Van 2006-2016 EU,Peugeot,Boxer,Van,2006-2016,越野车,两厢车,通用标准：Van,,
EU,Peugeot Boxer 250 l1h1 Van 2006-2026 EU,Peugeot,Boxer,Van,2006-2026,越野车,两厢车,通用标准：Van,,
EU,Peugeot Boxer 250 l1h1 Van 2010-2013 EU,Peugeot,Boxer,Van,2010-2013,越野车,两厢车,通用标准：Van,,
EU,Peugeot Boxer 250 l1h2 Van 2006-2015 EU,Peugeot,Boxer,Van,2006-2015,越野车,两厢车,通用标准：Van,,
EU,Peugeot Boxer 250 l1h2 Van 2006-2016 EU,Peugeot,Boxer,Van,2006-2016,越野车,两厢车,通用标准：Van,,
EU,Peugeot Boxer 250 l1h2 Van 2006-2026 EU,Peugeot,Boxer,Van,2006-2026,越野车,两厢车,通用标准：Van,,
EU,Peugeot Boxer 250 l1h2 Van 2010-2013 EU,Peugeot,Boxer,Van,2010-2013,越野车,两厢车,通用标准：Van,,
EU,Peugeot Boxer 250 l1h2 Van 2011-2026 EU,Peugeot,Boxer,Van,2011-2026,越野车,两厢车,通用标准：Van,,
EU,Peugeot Boxer 250 l2h1 Van 2006-2015 EU,Peugeot,Boxer,Van,2006-2015,越野车,两厢车,通用标准：Van,,
EU,Peugeot Boxer 250 l2h1 Van 2006-2016 EU,Peugeot,Boxer,Van,2006-2016,越野车,两厢车,通用标准：Van,,
EU,Peugeot Boxer 250 l2h1 Van 2006-2026 EU,Peugeot,Boxer,Van,2006-2026,越野车,两厢车,通用标准：Van,,
EU,Peugeot Boxer 250 l2h1 Van 2010-2013 EU,Peugeot,Boxer,Van,2010-2013,越野车,两厢车,通用标准：Van,,
EU,Peugeot Boxer 250 l2h1 Van 2011-2026 EU,Peugeot,Boxer,Van,2011-2026,越野车,两厢车,通用标准：Van,,
EU,Peugeot Boxer 250 l2h1 Van 2016-2019 EU,Peugeot,Boxer,Van,2016-2019,越野车,两厢车,通用标准：Van,,
EU,Peugeot Boxer 250 l2h1 Van 2019-2023 EU,Peugeot,Boxer,Van,2019-2023,越野车,两厢车,通用标准：Van,,
EU,Peugeot Boxer 250 l2h2 Bus 2006-2015 EU,Peugeot,Boxer,Bus,2006-2015,越野车,两厢车,通用标准：Bus,,
EU,Peugeot Boxer 250 l2h2 Bus 2006-2016 EU,Peugeot,Boxer,Bus,2006-2016,越野车,两厢车,通用标准：Bus,,
EU,Peugeot Boxer 250 l2h2 Bus 2006-2026 EU,Peugeot,Boxer,Bus,2006-2026,越野车,两厢车,通用标准：Bus,,
EU,Peugeot Boxer 250 l2h2 Bus 2010-2013 EU,Peugeot,Boxer,Bus,2010-2013,越野车,两厢车,通用标准：Bus,,
EU,Peugeot Boxer 250 l2h2 Van 2006-2015 EU,Peugeot,Boxer,Van,2006-2015,越野车,两厢车,通用标准：Van,,
EU,Peugeot Boxer 250 l2h2 Van 2006-2016 EU,Peugeot,Boxer,Van,2006-2016,越野车,两厢车,通用标准：Van,,
EU,Peugeot Boxer 250 l2h2 Van 2006-2026 EU,Peugeot,Boxer,Van,2006-2026,越野车,两厢车,通用标准：Van,,
EU,Peugeot Boxer 250 l2h2 Van 2010-2013 EU,Peugeot,Boxer,Van,2010-2013,越野车,两厢车,通用标准：Van,,
EU,Peugeot Boxer 250 l2h2 Van 2011-2026 EU,Peugeot,Boxer,Van,2011-2026,越野车,两厢车,通用标准：Van,,
EU,Peugeot Boxer 250 l2h2 Van 2016-2019 EU,Peugeot,Boxer,Van,2016-2019,越野车,两厢车,通用标准：Van,,
EU,Peugeot Boxer 250 l2h2 Van 2019-2023 EU,Peugeot,Boxer,Van,2019-2023,越野车,两厢车,通用标准：Van,,
EU,Peugeot Boxer 250 l3h2 Bus 2006-2015 EU,Peugeot,Boxer,Bus,2006-2015,越野车,两厢车,通用标准：Bus,,
EU,Peugeot Boxer 250 l3h2 Bus 2006-2016 EU,Peugeot,Boxer,Bus,2006-2016,越野车,两厢车,通用标准：Bus,,
EU,Peugeot Boxer 250 l3h2 Bus 2006-2026 EU,Peugeot,Boxer,Bus,2006-2026,越野车,两厢车,通用标准：Bus,,
EU,Peugeot Boxer 250 l3h2 Bus 2010-2013 EU,Peugeot,Boxer,Bus,2010-2013,越野车,两厢车,通用标准：Bus,,
EU,Peugeot Boxer 250 l3h2 Van 2006-2015 EU,Peugeot,Boxer,Van,2006-2015,越野车,两厢车,通用标准：Van,,
EU,Peugeot Boxer 250 l3h2 Van 2006-2016 EU,Peugeot,Boxer,Van,2006-2016,越野车,两厢车,通用标准：Van,,
EU,Peugeot Boxer 250 l3h2 Van 2006-2026 EU,Peugeot,Boxer,Van,2006-2026,越野车,两厢车,通用标准：Van,,
EU,Peugeot Boxer 250 l3h2 Van 2010-2013 EU,Peugeot,Boxer,Van,2010-2013,越野车,两厢车,通用标准：Van,,
EU,Peugeot Boxer 250 l3h2 Van 2011-2026 EU,Peugeot,Boxer,Van,2011-2026,越野车,两厢车,通用标准：Van,,
EU,Peugeot Boxer 250 l3h2 Van 2016-2019 EU,Peugeot,Boxer,Van,2016-2019,越野车,两厢车,通用标准：Van,,
EU,Peugeot Boxer 250 l3h3 Van 2006-2015 EU,Peugeot,Boxer,Van,2006-2015,越野车,两厢车,通用标准：Van,,
EU,Peugeot Boxer 250 l3h3 Van 2006-2016 EU,Peugeot,Boxer,Van,2006-2016,越野车,两厢车,通用标准：Van,,
EU,Peugeot Boxer 250 l3h3 Van 2006-2026 EU,Peugeot,Boxer,Van,2006-2026,越野车,两厢车,通用标准：Van,,
EU,Peugeot Boxer 250 l3h3 Van 2010-2013 EU,Peugeot,Boxer,Van,2010-2013,越野车,两厢车,通用标准：Van,,
EU,Peugeot Boxer 250 l3h3 Van 2011-2026 EU,Peugeot,Boxer,Van,2011-2026,越野车,两厢车,通用标准：Van,,
EU,Peugeot Boxer 250 l3h3 Van 2016-2019 EU,Peugeot,Boxer,Van,2016-2019,越野车,两厢车,通用标准：Van,,
EU,Peugeot Boxer 250 l3h3 Van 2019-2023 EU,Peugeot,Boxer,Van,2019-2023,越野车,两厢车,通用标准：Van,,
EU,Peugeot Boxer 250 l4h2 Van 2006-2015 EU,Peugeot,Boxer,Van,2006-2015,越野车,两厢车,通用标准：Van,,
EU,Peugeot Boxer 250 l4h2 Van 2006-2016 EU,Peugeot,Boxer,Van,2006-2016,越野车,两厢车,通用标准：Van,,
EU,Peugeot Boxer 250 l4h2 Van 2006-2026 EU,Peugeot,Boxer,Van,2006-2026,越野车,两厢车,通用标准：Van,,
EU,Peugeot Boxer 250 l4h2 Van 2010-2013 EU,Peugeot,Boxer,Van,2010-2013,越野车,两厢车,通用标准：Van,,
EU,Peugeot Boxer 250 l4h2 Van 2011-2026 EU,Peugeot,Boxer,Van,2011-2026,越野车,两厢车,通用标准：Van,,
EU,Peugeot Boxer 250 l4h2 Van 2016-2019 EU,Peugeot,Boxer,Van,2016-2019,越野车,两厢车,通用标准：Van,,
EU,Peugeot Boxer 250 l4h2 Van 2019-2023 EU,Peugeot,Boxer,Van,2019-2023,越野车,两厢车,通用标准：Van,,
EU,Peugeot Boxer 250 l4h3 Van 2006-2015 EU,Peugeot,Boxer,Van,2006-2015,越野车,两厢车,通用标准：Van,,
EU,Peugeot Boxer 250 l4h3 Van 2006-2016 EU,Peugeot,Boxer,Van,2006-2016,越野车,两厢车,通用标准：Van,,
EU,Peugeot Boxer 250 l4h3 Van 2006-2026 EU,Peugeot,Boxer,Van,2006-2026,越野车,两厢车,通用标准：Van,,
EU,Peugeot Boxer 250 l4h3 Van 2010-2013 EU,Peugeot,Boxer,Van,2010-2013,越野车,两厢车,通用标准：Van,,
EU,Peugeot Boxer 250 l4h3 Van 2011-2026 EU,Peugeot,Boxer,Van,2011-2026,越野车,两厢车,通用标准：Van,,
EU,Peugeot Boxer 250 l4h3 Van 2016-2019 EU,Peugeot,Boxer,Van,2016-2019,越野车,两厢车,通用标准：Van,,
EU,Peugeot Boxer 250 l4h3 Van 2019-2023 EU,Peugeot,Boxer,Van,2019-2023,越野车,两厢车,通用标准：Van,,
EU,Peugeot Boxer Van 2011-2026 EU,Peugeot,Boxer,Van,2011-2026,越野车,两厢车,通用标准：Van,,
EU,Peugeot Boxer X250 l1h1 Van 2006-2015 EU,Peugeot,Boxer,Van,2006-2015,越野车,两厢车,通用标准：Van,,
EU,Peugeot Boxer X250 l1h2 Van 2006-2015 EU,Peugeot,Boxer,Van,2006-2015,越野车,两厢车,通用标准：Van,,
EU,Peugeot Boxer X250 l2h1 Van 2006-2015 EU,Peugeot,Boxer,Van,2006-2015,越野车,两厢车,通用标准：Van,,
EU,Peugeot Boxer X250 l2h2 Van 2006-2015 EU,Peugeot,Boxer,Van,2006-2015,越野车,两厢车,通用标准：Van,,
EU,Peugeot Boxer X250 l3h2 Van 2006-2015 EU,Peugeot,Boxer,Van,2006-2015,越野车,两厢车,通用标准：Van,,
EU,Peugeot Boxer X250 l3h3 Van 2006-2015 EU,Peugeot,Boxer,Van,2006-2015,越野车,两厢车,通用标准：Van,,
EU,Peugeot Boxer X250 l4h2 Van 2006-2015 EU,Peugeot,Boxer,Van,2006-2015,越野车,两厢车,通用标准：Van,,
EU,Peugeot Boxer X250 l4h3 Van 2006-2015 EU,Peugeot,Boxer,Van,2006-2015,越野车,两厢车,通用标准：Van,,
EU,Peugeot Boxer l1h1 Van 2016-2019 EU,Peugeot,Boxer,Van,2016-2019,越野车,两厢车,通用标准：Van,,
EU,Peugeot Boxer l2h2 Van 2016-2019 EU,Peugeot,Boxer,Van,2016-2019,越野车,两厢车,通用标准：Van,,
EU,Peugeot Boxer l3h3 Van 2019-2023 EU,Peugeot,Boxer,Van,2019-2023,越野车,两厢车,通用标准：Van,,
EU,Peugeot Boxer l4h3 Van 2019-2023 EU,Peugeot,Boxer,Van,2019-2023,越野车,两厢车,通用标准：Van,,
EU,Peugeot Expert 222 Bus 1996-1998 EU,Peugeot,Expert,Bus,1996-1998,越野车,两厢车,通用标准：Bus,,
EU,Peugeot Expert 222 Bus 1996-2000 EU,Peugeot,Expert,Bus,1996-2000,越野车,两厢车,通用标准：Bus,,
EU,Peugeot Expert 222 Bus 1998-2006 EU,Peugeot,Expert,Bus,1998-2006,越野车,两厢车,通用标准：Bus,,
EU,Peugeot Expert 222 Bus 2000-2006 EU,Peugeot,Expert,Bus,2000-2006,越野车,两厢车,通用标准：Bus,,
EU,Peugeot Expert 222 Bus 2002-2006 EU,Peugeot,Expert,Bus,2002-2006,越野车,两厢车,通用标准：Bus,,
EU,Peugeot Expert 222 Van 1996-1998 EU,Peugeot,Expert,Van,1996-1998,越野车,两厢车,通用标准：Van,,
EU,Peugeot Expert 222 Van 1996-2000 EU,Peugeot,Expert,Van,1996-2000,越野车,两厢车,通用标准：Van,,
EU,Peugeot Expert 224 Bus 1996-2000 EU,Peugeot,Expert,Bus,1996-2000,越野车,两厢车,通用标准：Bus,,
EU,Peugeot Expert Bus 2000-2006 EU,Peugeot,Expert,Bus,2000-2006,越野车,两厢车,通用标准：Bus,,
EU,Peugeot Expert Bus 2003-2006 EU,Peugeot,Expert,Bus,2003-2006,越野车,两厢车,通用标准：Bus,,
EU,Peugeot Expert G9 l1 low Bus 2007-2016 EU,Peugeot,Expert,Bus,2007-2016,越野车,两厢车,通用标准：Bus,,
EU,Peugeot Expert G9 l1 low Bus 2009-2026 EU,Peugeot,Expert,Bus,2009-2026,越野车,两厢车,通用标准：Bus,,
EU,Peugeot Expert G9 l1 standard Bus 2007-2016 EU,Peugeot,Expert,Bus,2007-2016,越野车,两厢车,通用标准：Bus,,
EU,Peugeot Expert G9 l1 standard Bus 2009-2026 EU,Peugeot,Expert,Bus,2009-2026,越野车,两厢车,通用标准：Bus,,
EU,Peugeot Expert G9 l1h1 Van 2007-2026 EU,Peugeot,Expert,Van,2007-2026,越野车,两厢车,通用标准：Van,,
EU,Peugeot Expert G9 l1h1 low Van 2009-2026 EU,Peugeot,Expert,Van,2009-2026,越野车,两厢车,通用标准：Van,,
EU,Peugeot Expert G9 l1h1 standard Van 2009-2026 EU,Peugeot,Expert,Van,2009-2026,越野车,两厢车,通用标准：Van,,
EU,Peugeot Expert G9 l2 low Bus 2007-2016 EU,Peugeot,Expert,Bus,2007-2016,越野车,两厢车,通用标准：Bus,,
EU,Peugeot Expert G9 l2 low Bus 2009-2026 EU,Peugeot,Expert,Bus,2009-2026,越野车,两厢车,通用标准：Bus,,
EU,Peugeot Expert G9 l2 standard Bus 2007-2016 EU,Peugeot,Expert,Bus,2007-2016,越野车,两厢车,通用标准：Bus,,
EU,Peugeot Expert G9 l2 standard Bus 2009-2026 EU,Peugeot,Expert,Bus,2009-2026,越野车,两厢车,通用标准：Bus,,
EU,Peugeot Expert G9 l2h1 Van 2007-2026 EU,Peugeot,Expert,Van,2007-2026,越野车,两厢车,通用标准：Van,,
EU,Peugeot Expert G9 l2h1 low Van 2009-2026 EU,Peugeot,Expert,Van,2009-2026,越野车,两厢车,通用标准：Van,,
EU,Peugeot Expert G9 l2h1 standard Van 2009-2026 EU,Peugeot,Expert,Van,2009-2026,越野车,两厢车,通用标准：Van,,
EU,Peugeot Expert G9 l2h2 Van 2009-2026 EU,Peugeot,Expert,Van,2009-2026,越野车,两厢车,通用标准：Van,,
EU,Peugeot Expert K0 Bus 2020-2023 EU,Peugeot,Expert,Bus,2020-2023,越野车,两厢车,通用标准：Bus,,
EU,Peugeot Expert K0 Bus 2023-2026 EU,Peugeot,Expert,Bus,2023-2026,越野车,两厢车,通用标准：Bus,,
EU,Peugeot Expert K0 Bus 2025-2026 EU,Peugeot,Expert,Bus,2025-2026,越野车,两厢车,通用标准：Bus,,
EU,Peugeot Expert K0 MPV 2016-2025 EU,Peugeot,Expert,MPV,2016-2025,越野车,两厢车,通用标准：MPV,,
EU,Peugeot Expert K0 Van 2023-2024 EU,Peugeot,Expert,Van,2023-2024,越野车,两厢车,通用标准：Van,,
EU,Peugeot Expert K0 Van 2023-2026 EU,Peugeot,Expert,Van,2023-2026,越野车,两厢车,通用标准：Van,,
EU,Peugeot Expert K0 Van 2024-2026 EU,Peugeot,Expert,Van,2024-2026,越野车,两厢车,通用标准：Van,,
EU,Peugeot Expert K0 Van 2025-2026 EU,Peugeot,Expert,Van,2025-2026,越野车,两厢车,通用标准：Van,,
EU,Peugeot Expert K0 compact MPV 2016-2019 EU,Peugeot,Expert,MPV,2016-2019,越野车,两厢车,通用标准：MPV,,
EU,Peugeot Expert K0 compact MPV 2018-2025 EU,Peugeot,Expert,MPV,2018-2025,越野车,两厢车,通用标准：MPV,,
EU,Peugeot Expert K0 compact MPV 2019-2022 EU,Peugeot,Expert,MPV,2019-2022,越野车,两厢车,通用标准：MPV,,
EU,Peugeot Expert K0 compact Van 2016-2022 EU,Peugeot,Expert,Van,2016-2022,越野车,两厢车,通用标准：Van,,
EU,Peugeot Expert K0 compact Van 2018-2025 EU,Peugeot,Expert,Van,2018-2025,越野车,两厢车,通用标准：Van,,
EU,Peugeot Expert K0 compact Van 2018-2026 EU,Peugeot,Expert,Van,2018-2026,越野车,两厢车,通用标准：Van,,
EU,Peugeot Expert K0 compact Van 2020-2026 EU,Peugeot,Expert,Van,2020-2026,越野车,两厢车,通用标准：Van,,
EU,Peugeot Expert K0 long MPV 2016-2019 EU,Peugeot,Expert,MPV,2016-2019,越野车,两厢车,通用标准：MPV,,
EU,Peugeot Expert K0 long MPV 2016-2022 EU,Peugeot,Expert,MPV,2016-2022,越野车,两厢车,通用标准：MPV,,
EU,Peugeot Expert K0 long MPV 2018-2025 EU,Peugeot,Expert,MPV,2018-2025,越野车,两厢车,通用标准：MPV,,
EU,Peugeot Expert K0 long MPV 2019-2022 EU,Peugeot,Expert,MPV,2019-2022,越野车,两厢车,通用标准：MPV,,
EU,Peugeot Expert K0 long Van 2016-2022 EU,Peugeot,Expert,Van,2016-2022,越野车,两厢车,通用标准：Van,,
EU,Peugeot Expert K0 long Van 2018-2025 EU,Peugeot,Expert,Van,2018-2025,越野车,两厢车,通用标准：Van,,
EU,Peugeot Expert K0 long Van 2018-2026 EU,Peugeot,Expert,Van,2018-2026,越野车,两厢车,通用标准：Van,,
EU,Peugeot Expert K0 long Van 2020-2026 EU,Peugeot,Expert,Van,2020-2026,越野车,两厢车,通用标准：Van,,
EU,Peugeot Expert K0 long facelift MPV 2018-2025 EU,Peugeot,Expert,MPV,2018-2025,越野车,两厢车,通用标准：MPV,,
EU,Peugeot Expert K0 long facelift Van 2018-2025 EU,Peugeot,Expert,Van,2018-2025,越野车,两厢车,通用标准：Van,,
EU,Peugeot Expert K0 long facelift Van 2018-2026 EU,Peugeot,Expert,Van,2018-2026,越野车,两厢车,通用标准：Van,,
EU,Peugeot Expert K0 m MPV 2016-2022 EU,Peugeot,Expert,MPV,2016-2022,越野车,两厢车,通用标准：MPV,,
EU,Peugeot Expert K0 standard MPV 2016-2019 EU,Peugeot,Expert,MPV,2016-2019,越野车,两厢车,通用标准：MPV,,
EU,Peugeot Expert K0 standard MPV 2018-2025 EU,Peugeot,Expert,MPV,2018-2025,越野车,两厢车,通用标准：MPV,,
EU,Peugeot Expert K0 standard MPV 2019-2022 EU,Peugeot,Expert,MPV,2019-2022,越野车,两厢车,通用标准：MPV,,
EU,Peugeot Expert K0 standard Van 2016-2022 EU,Peugeot,Expert,Van,2016-2022,越野车,两厢车,通用标准：Van,,
EU,Peugeot Expert K0 standard Van 2018-2025 EU,Peugeot,Expert,Van,2018-2025,越野车,两厢车,通用标准：Van,,
EU,Peugeot Expert K0 standard Van 2018-2026 EU,Peugeot,Expert,Van,2018-2026,越野车,两厢车,通用标准：Van,,
EU,Peugeot Expert K0 standard Van 2020-2026 EU,Peugeot,Expert,Van,2020-2026,越野车,两厢车,通用标准：Van,,
EU,Peugeot Expert K0 standard facelift MPV 2018-2025 EU,Peugeot,Expert,MPV,2018-2025,越野车,两厢车,通用标准：MPV,,
EU,Peugeot Expert K0 standard facelift Van 2018-2025 EU,Peugeot,Expert,Van,2018-2025,越野车,两厢车,通用标准：Van,,
EU,Peugeot Expert K0 standard facelift Van 2018-2026 EU,Peugeot,Expert,Van,2018-2026,越野车,两厢车,通用标准：Van,,
EU,Peugeot Expert K0 xl MPV 2016-2022 EU,Peugeot,Expert,MPV,2016-2022,越野车,两厢车,通用标准：MPV,,
EU,Peugeot Expert K0 xs MPV 2016-2022 EU,Peugeot,Expert,MPV,2016-2022,越野车,两厢车,通用标准：MPV,,
EU,Peugeot Expert Van 2007-2016 EU,Peugeot,Expert,Van,2007-2016,越野车,两厢车,通用标准：Van,,
EU,Peugeot Expert Van 2007-2026 EU,Peugeot,Expert,Van,2007-2026,越野车,两厢车,通用标准：Van,,
EU,Peugeot Expert Van 2010-2026 EU,Peugeot,Expert,Van,2010-2026,越野车,两厢车,通用标准：Van,,
EU,Peugeot Expert Van 2011-2016 EU,Peugeot,Expert,Van,2011-2016,越野车,两厢车,通用标准：Van,,
EU,Peugeot Expert Van 2011-2026 EU,Peugeot,Expert,Van,2011-2026,越野车,两厢车,通用标准：Van,,
EU,Peugeot Expert Van 2012-2016 EU,Peugeot,Expert,Van,2012-2016,越野车,两厢车,通用标准：Van,,
EU,Peugeot Expert Van 2016-2019 EU,Peugeot,Expert,Van,2016-2019,越野车,两厢车,通用标准：Van,,
EU,Peugeot Expert Van 2016-2022 EU,Peugeot,Expert,Van,2016-2022,越野车,两厢车,通用标准：Van,,
EU,Peugeot Expert Van 2016-2025 EU,Peugeot,Expert,Van,2016-2025,越野车,两厢车,通用标准：Van,,
EU,Peugeot Expert Van 2021-2025 EU,Peugeot,Expert,Van,2021-2025,越野车,两厢车,通用标准：Van,,
EU,Peugeot Expert l1h1 Van 2007-2026 EU,Peugeot,Expert,Van,2007-2026,越野车,两厢车,通用标准：Van,,
EU,Peugeot Expert l2h1 Van 2007-2026 EU,Peugeot,Expert,Van,2007-2026,越野车,两厢车,通用标准：Van,,
EU,Peugeot Expert l2h2 Van 2007-2026 EU,Peugeot,Expert,Van,2007-2026,越野车,两厢车,通用标准：Van,,
EU,Peugeot Expert lwb MPV 2007-2016 EU,Peugeot,Expert,MPV,2007-2016,越野车,两厢车,通用标准：MPV,,
EU,Peugeot Expert lwb MPV 2007-2026 EU,Peugeot,Expert,MPV,2007-2026,越野车,两厢车,通用标准：MPV,,
EU,Peugeot Expert swb MPV 2007-2016 EU,Peugeot,Expert,MPV,2007-2016,越野车,两厢车,通用标准：MPV,,
EU,Peugeot Expert swb MPV 2007-2026 EU,Peugeot,Expert,MPV,2007-2026,越野车,两厢车,通用标准：MPV,,
EU,Peugeot J5 280L lwb highroof Van 1983-1988 EU,Peugeot,J5,Van,1983-1988,越野车,两厢车,通用标准：Van,,
EU,Peugeot J5 280L lwb lowroof Van 1983-1988 EU,Peugeot,J5,Van,1983-1988,越野车,两厢车,通用标准：Van,,
EU,Peugeot J5 280L swb highroof Van 1983-1988 EU,Peugeot,J5,Van,1983-1988,越野车,两厢车,通用标准：Van,,
EU,Peugeot J5 280L swb lowroof Van 1983-1988 EU,Peugeot,J5,Van,1983-1988,越野车,两厢车,通用标准：Van,,
EU,Peugeot J5 280P Bus 1981-1990 EU,Peugeot,J5,Bus,1981-1990,越野车,两厢车,通用标准：Bus,,
EU,Peugeot J5 280P Bus 1983-1990 EU,Peugeot,J5,Bus,1983-1990,越野车,两厢车,通用标准：Bus,,
EU,Peugeot J5 280P Bus 1986-1990 EU,Peugeot,J5,Bus,1986-1990,越野车,两厢车,通用标准：Bus,,
EU,Peugeot J5 280P Bus 1990-1994 EU,Peugeot,J5,Bus,1990-1994,越野车,两厢车,通用标准：Bus,,
EU,Peugeot J5 290L lwb highroof Van 1990-1994 EU,Peugeot,J5,Van,1990-1994,越野车,两厢车,通用标准：Van,,
EU,Peugeot J5 290L lwb lowroof L5489 W1965 H2100 Van 1990-1994 EU,Peugeot,J5,Van,1990-1994,越野车,两厢车,通用标准：Van,,
EU,Peugeot J5 290L lwb lowroof L5489 W1965 H2108 Van 1990-1994 EU,Peugeot,J5,Van,1990-1994,越野车,两厢车,通用标准：Van,,
EU,Peugeot J5 290L swb highroof Van 1990-1994 EU,Peugeot,J5,Van,1990-1994,越野车,两厢车,通用标准：Van,,
EU,Peugeot J5 290L swb lowroof L4759 W1965 H2100 Van 1990-1994 EU,Peugeot,J5,Van,1990-1994,越野车,两厢车,通用标准：Van,,
EU,Peugeot J5 290L swb lowroof L4759 W1965 H2108 Van 1990-1994 EU,Peugeot,J5,Van,1990-1994,越野车,两厢车,通用标准：Van,,
EU,Peugeot J5 290P Bus 1990-1994 EU,Peugeot,J5,Bus,1990-1994,越野车,两厢车,通用标准：Bus,,
EU,Peugeot J7 Bus 1968-1970 EU,Peugeot,J7,Bus,1968-1970,越野车,两厢车,通用标准：Bus,,
EU,Peugeot J7 Bus 1968-1977 EU,Peugeot,J7,Bus,1968-1977,越野车,两厢车,通用标准：Bus,,
EU,Peugeot J7 Bus 1968-1978 EU,Peugeot,J7,Bus,1968-1978,越野车,两厢车,通用标准：Bus,,
EU,Peugeot J7 Bus 1970-1980 EU,Peugeot,J7,Bus,1970-1980,越野车,两厢车,通用标准：Bus,,
EU,Peugeot J7 Bus 1977-1980 EU,Peugeot,J7,Bus,1977-1980,越野车,两厢车,通用标准：Bus,,
EU,Peugeot J7 Van 1968-1970 EU,Peugeot,J7,Van,1968-1970,越野车,两厢车,通用标准：Van,,
EU,Peugeot J7 Van 1968-1977 EU,Peugeot,J7,Van,1968-1977,越野车,两厢车,通用标准：Van,,
EU,Peugeot J7 Van 1968-1978 EU,Peugeot,J7,Van,1968-1978,越野车,两厢车,通用标准：Van,,
EU,Peugeot J7 Van 1968-1980 EU,Peugeot,J7,Van,1968-1980,越野车,两厢车,通用标准：Van,,
EU,Peugeot J7 Van 1970-1980 EU,Peugeot,J7,Van,1970-1980,越野车,两厢车,通用标准：Van,,
EU,Peugeot J7 Van 1977-1980 EU,Peugeot,J7,Van,1977-1980,越野车,两厢车,通用标准：Van,,
EU,Peugeot J9 Bus 1980-1982 EU,Peugeot,J9,Bus,1980-1982,越野车,两厢车,通用标准：Bus,,
EU,Peugeot J9 Bus 1980-1987 EU,Peugeot,J9,Bus,1980-1987,越野车,两厢车,通用标准：Bus,,
EU,Peugeot J9 Bus 1982-1987 EU,Peugeot,J9,Bus,1982-1987,越野车,两厢车,通用标准：Bus,,
EU,Peugeot J9 Van 1980-1982 EU,Peugeot,J9,Van,1980-1982,越野车,两厢车,通用标准：Van,,
EU,Peugeot J9 Van 1980-1987 EU,Peugeot,J9,Van,1980-1987,越野车,两厢车,通用标准：Van,,
EU,Peugeot J9 Van 1982-1987 EU,Peugeot,J9,Van,1982-1987,越野车,两厢车,通用标准：Van,,
EU,Peugeot Partner 5 Van 2005-2011 EU,Peugeot,Partner,Van,2005-2011,越野车,两厢车,通用标准：Van,,
EU,Peugeot Partner 5F MPV 2004-2005 EU,Peugeot,Partner,MPV,2004-2005,越野车,两厢车,通用标准：MPV,,
EU,Peugeot Partner 5F Van 2005-2008 EU,Peugeot,Partner,Van,2005-2008,越野车,两厢车,通用标准：Van,,
EU,Peugeot Partner 5F Van 2005-2015 EU,Peugeot,Partner,Van,2005-2015,越野车,两厢车,通用标准：Van,,
EU,Peugeot Partner B9 MPV 2009-2026 EU,Peugeot,Partner,MPV,2009-2026,越野车,两厢车,通用标准：MPV,,
EU,Peugeot Partner B9 MPV 2016-2026 EU,Peugeot,Partner,MPV,2016-2026,越野车,两厢车,通用标准：MPV,,
EU,Peugeot Partner B9 Van 2008-2026 EU,Peugeot,Partner,Van,2008-2026,越野车,两厢车,通用标准：Van,,
EU,Peugeot Partner B9 Van 2010-2026 EU,Peugeot,Partner,Van,2010-2026,越野车,两厢车,通用标准：Van,,
EU,Peugeot Partner B9 l2 Van 2008-2026 EU,Peugeot,Partner,Van,2008-2026,越野车,两厢车,通用标准：Van,,
EU,Peugeot Partner B9 mpv MPV 2010-2026 EU,Peugeot,Partner,MPV,2010-2026,越野车,两厢车,通用标准：MPV,,
EU,Peugeot Partner B9 mpv outdoor MPV 2009-2010 EU,Peugeot,Partner,MPV,2009-2010,越野车,两厢车,通用标准：MPV,,
EU,Peugeot Partner B9 mpv outdoor MPV 2010-2026 EU,Peugeot,Partner,MPV,2010-2026,越野车,两厢车,通用标准：MPV,,
EU,Peugeot Partner B9 mpv outdoor MPV 2018-2026 EU,Peugeot,Partner,MPV,2018-2026,越野车,两厢车,通用标准：MPV,,
EU,Peugeot Partner B9 mpv standard MPV 2009-2010 EU,Peugeot,Partner,MPV,2009-2010,越野车,两厢车,通用标准：MPV,,
EU,Peugeot Partner B9 mpv standard MPV 2018-2026 EU,Peugeot,Partner,MPV,2018-2026,越野车,两厢车,通用标准：MPV,,
EU,Peugeot Partner B9 van Van 2010-2026 EU,Peugeot,Partner,Van,2010-2026,越野车,两厢车,通用标准：Van,,
EU,Peugeot Partner B9 van l1 Van 2009-2010 EU,Peugeot,Partner,Van,2009-2010,越野车,两厢车,通用标准：Van,,
EU,Peugeot Partner B9 van l1 Van 2009-2026 EU,Peugeot,Partner,Van,2009-2026,越野车,两厢车,通用标准：Van,,
EU,Peugeot Partner B9 van l1 Van 2018-2026 EU,Peugeot,Partner,Van,2018-2026,越野车,两厢车,通用标准：Van,,
EU,Peugeot Partner B9 van l2 Van 2009-2010 EU,Peugeot,Partner,Van,2009-2010,越野车,两厢车,通用标准：Van,,
EU,Peugeot Partner B9 van l2 Van 2009-2026 EU,Peugeot,Partner,Van,2009-2026,越野车,两厢车,通用标准：Van,,
EU,Peugeot Partner B9 van l2 Van 2010-2026 EU,Peugeot,Partner,Van,2010-2026,越野车,两厢车,通用标准：Van,,
EU,Peugeot Partner B9 van l2 Van 2018-2026 EU,Peugeot,Partner,Van,2018-2026,越野车,两厢车,通用标准：Van,,
EU,Peugeot Partner K9 Van 2021-2026 EU,Peugeot,Partner,Van,2021-2026,越野车,两厢车,通用标准：Van,,
EU,Peugeot Partner K9 Van 2023-2026 EU,Peugeot,Partner,Van,2023-2026,越野车,两厢车,通用标准：Van,,
EU,Peugeot Partner K9 Van 2025-2026 EU,Peugeot,Partner,Van,2025-2026,越野车,两厢车,通用标准：Van,,
EU,Peugeot Partner K9 l1 L4403 W1848 H1840 Van 2018-2026 EU,Peugeot,Partner,Van,2018-2026,越野车,两厢车,通用标准：Van,,
EU,Peugeot Partner K9 l1 L4403 W1848 H1860 Van 2018-2026 EU,Peugeot,Partner,Van,2018-2026,越野车,两厢车,通用标准：Van,,
EU,Peugeot Partner K9 l1 Van 2019-2026 EU,Peugeot,Partner,Van,2019-2026,越野车,两厢车,通用标准：Van,,
EU,Peugeot Partner K9 l1 grip Van 2019-2026 EU,Peugeot,Partner,Van,2019-2026,越野车,两厢车,通用标准：Van,,
EU,Peugeot Partner K9 l2 L4753 W1848 H1849 Van 2018-2026 EU,Peugeot,Partner,Van,2018-2026,越野车,两厢车,通用标准：Van,,
EU,Peugeot Partner K9 l2 L4753 W1848 H1860 Van 2018-2026 EU,Peugeot,Partner,Van,2018-2026,越野车,两厢车,通用标准：Van,,
EU,Peugeot Partner K9 l2 Van 2019-2026 EU,Peugeot,Partner,Van,2019-2026,越野车,两厢车,通用标准：Van,,
EU,Peugeot Partner K9 l2 grip Van 2019-2026 EU,Peugeot,Partner,Van,2019-2026,越野车,两厢车,通用标准：Van,,
EU,Peugeot Partner M49 MPV 2000-2008 EU,Peugeot,Partner,MPV,2000-2008,越野车,两厢车,通用标准：MPV,,
EU,Peugeot Partner M49 MPV 2001-2008 EU,Peugeot,Partner,MPV,2001-2008,越野车,两厢车,通用标准：MPV,,
EU,Peugeot Partner M49 Van 1996-1998 EU,Peugeot,Partner,Van,1996-1998,越野车,两厢车,通用标准：Van,,
EU,Peugeot Partner M49 Van 1996-2002 EU,Peugeot,Partner,Van,1996-2002,越野车,两厢车,通用标准：Van,,
EU,Peugeot Partner M49 Van 1996-2005 EU,Peugeot,Partner,Van,1996-2005,越野车,两厢车,通用标准：Van,,
EU,Peugeot Partner M49 Van 1996-2015 EU,Peugeot,Partner,Van,1996-2015,越野车,两厢车,通用标准：Van,,
EU,Peugeot Partner M49 Van 2000-2008 EU,Peugeot,Partner,Van,2000-2008,越野车,两厢车,通用标准：Van,,
EU,Peugeot Partner M49/M59 Van 1996-2015 EU,Peugeot,Partner,Van,1996-2015,越野车,两厢车,通用标准：Van,,
EU,Peugeot Partner M49/M59 Van 1997-2002 EU,Peugeot,Partner,Van,1997-2002,越野车,两厢车,通用标准：Van,,
EU,Peugeot Partner M49/M59 Van 1999-2008 EU,Peugeot,Partner,Van,1999-2008,越野车,两厢车,通用标准：Van,,
EU,Peugeot Partner M49/M59 Van 2000-2008 EU,Peugeot,Partner,Van,2000-2008,越野车,两厢车,通用标准：Van,,
EU,Peugeot Partner M49/M59 Van 2003-2006 EU,Peugeot,Partner,Van,2003-2006,越野车,两厢车,通用标准：Van,,
EU,Peugeot Partner M49/M59 Van 2004-2005 EU,Peugeot,Partner,Van,2004-2005,越野车,两厢车,通用标准：Van,,
EU,Peugeot Partner M49/M59 Van 2004-2011 EU,Peugeot,Partner,Van,2004-2011,越野车,两厢车,通用标准：Van,,
EU,Peugeot Partner M59 MPV 2000-2008 EU,Peugeot,Partner,MPV,2000-2008,越野车,两厢车,通用标准：MPV,,
EU,Peugeot Partner M59 MPV 2001-2008 EU,Peugeot,Partner,MPV,2001-2008,越野车,两厢车,通用标准：MPV,,
EU,Peugeot Partner M59 MPV 2005-2010 EU,Peugeot,Partner,MPV,2005-2010,越野车,两厢车,通用标准：MPV,,
EU,Peugeot Partner M59 Van 1996-2005 EU,Peugeot,Partner,Van,1996-2005,越野车,两厢车,通用标准：Van,,
EU,Peugeot Partner M59 Van 1996-2015 EU,Peugeot,Partner,Van,1996-2015,越野车,两厢车,通用标准：Van,,
EU,Peugeot Partner M59 Van 2000-2008 EU,Peugeot,Partner,Van,2000-2008,越野车,两厢车,通用标准：Van,,
EU,Peugeot Partner M59 Van 2005-2010 EU,Peugeot,Partner,Van,2005-2010,越野车,两厢车,通用标准：Van,,
EU,Peugeot Partner Van 1996-1998 EU,Peugeot,Partner,Van,1996-1998,越野车,两厢车,通用标准：Van,,
EU,Peugeot Partner Van 1997-2000 EU,Peugeot,Partner,Van,1997-2000,越野车,两厢车,通用标准：Van,,
EU,Peugeot Partner Van 2000-2002 EU,Peugeot,Partner,Van,2000-2002,越野车,两厢车,通用标准：Van,,
EU,Peugeot Partner Van 2002-2006 EU,Peugeot,Partner,Van,2002-2006,越野车,两厢车,通用标准：Van,,
EU,Peugeot Partner Van 2005-2008 EU,Peugeot,Partner,Van,2005-2008,越野车,两厢车,通用标准：Van,,
EU,Peugeot Partner Van 2005-2015 EU,Peugeot,Partner,Van,2005-2015,越野车,两厢车,通用标准：Van,,
EU,Peugeot Partner Van 2010-2026 EU,Peugeot,Partner,Van,2010-2026,越野车,两厢车,通用标准：Van,,
EU,Peugeot Partner Van 2011-2026 EU,Peugeot,Partner,Van,2011-2026,越野车,两厢车,通用标准：Van,,
EU,Peugeot Partner Van 2012-2026 EU,Peugeot,Partner,Van,2012-2026,越野车,两厢车,通用标准：Van,,
EU,Peugeot Partner Van 2013-2026 EU,Peugeot,Partner,Van,2013-2026,越野车,两厢车,通用标准：Van,,
EU,Peugeot Partner Van 2015-2026 EU,Peugeot,Partner,Van,2015-2026,越野车,两厢车,通用标准：Van,,
EU,Peugeot Partner origin M59 Van 2008-2013 EU,Peugeot,Partner origin,Van,2008-2013,越野车,两厢车,通用标准：Van,,
EU,Peugeot Partner origin M59 Van 2008-2015 EU,Peugeot,Partner origin,Van,2008-2015,越野车,两厢车,通用标准：Van,,
EU,Peugeot Partner tepee B9 MPV 2008-2026 EU,Peugeot,Partner tepee,MPV,2008-2026,越野车,两厢车,通用标准：MPV,,
EU,Peugeot Partner tepee B9 MPV 2009-2016 EU,Peugeot,Partner tepee,MPV,2009-2016,越野车,两厢车,通用标准：MPV,,
EU,Peugeot Partner tepee B9 MPV 2013-2026 EU,Peugeot,Partner tepee,MPV,2013-2026,越野车,两厢车,通用标准：MPV,,
EU,Peugeot Partner tepee B9 outdoor MPV 2008-2026 EU,Peugeot,Partner tepee,MPV,2008-2026,越野车,两厢车,通用标准：MPV,,
EU,Peugeot Partner tepee B9 standard MPV 2008-2026 EU,Peugeot,Partner tepee,MPV,2008-2026,越野车,两厢车,通用标准：MPV,,
EU,Peugeot Partner tepee MPV 2008-2018 EU,Peugeot,Partner tepee,MPV,2008-2018,越野车,两厢车,通用标准：MPV,,
EU,Peugeot Partner tepee MPV 2010-2026 EU,Peugeot,Partner tepee,MPV,2010-2026,越野车,两厢车,通用标准：MPV,,
EU,Peugeot Partner tepee MPV 2012-2026 EU,Peugeot,Partner tepee,MPV,2012-2026,越野车,两厢车,通用标准：MPV,,
EU,Peugeot Partner tepee MPV 2013-2026 EU,Peugeot,Partner tepee,MPV,2013-2026,越野车,两厢车,通用标准：MPV,,
EU,Peugeot Partner tepee MPV 2014-2026 EU,Peugeot,Partner tepee,MPV,2014-2026,越野车,两厢车,通用标准：MPV,,
EU,Peugeot Partner tepee MPV 2015-2026 EU,Peugeot,Partner tepee,MPV,2015-2026,越野车,两厢车,通用标准：MPV,,
EU,Peugeot Partner tepee MPV 2016-2026 EU,Peugeot,Partner tepee,MPV,2016-2026,越野车,两厢车,通用标准：MPV,,
EU,Peugeot Rifter K9 MPV 2021-2023 EU,Peugeot,Rifter,MPV,2021-2023,越野车,两厢车,通用标准：MPV,,
EU,Peugeot Rifter K9 MPV 2023-2026 EU,Peugeot,Rifter,MPV,2023-2026,越野车,两厢车,通用标准：MPV,,
EU,Peugeot Rifter K9 long MPV 2018-2026 EU,Peugeot,Rifter,MPV,2018-2026,越野车,两厢车,通用标准：MPV,,
EU,Peugeot Rifter K9 long MPV 2019-2026 EU,Peugeot,Rifter,MPV,2019-2026,越野车,两厢车,通用标准：MPV,,
EU,Peugeot Rifter K9 standard MPV 2018-2026 EU,Peugeot,Rifter,MPV,2018-2026,越野车,两厢车,通用标准：MPV,,
EU,Peugeot Rifter K9 standard MPV 2019-2026 EU,Peugeot,Rifter,MPV,2019-2026,越野车,两厢车,通用标准：MPV,,
EU,Peugeot Traveller K0 Bus 2023-2026 EU,Peugeot,Traveller,Bus,2023-2026,越野车,两厢车,通用标准：Bus,,
EU,Peugeot Traveller K0 Bus 2025-2026 EU,Peugeot,Traveller,Bus,2025-2026,越野车,两厢车,通用标准：Bus,,
EU,Peugeot Traveller K0 compact MPV 2016-2022 EU,Peugeot,Traveller,MPV,2016-2022,越野车,两厢车,通用标准：MPV,,
EU,Peugeot Traveller K0 compact MPV 2018-2025 EU,Peugeot,Traveller,MPV,2018-2025,越野车,两厢车,通用标准：MPV,,
EU,Peugeot Traveller K0 compact MPV 2019-2022 EU,Peugeot,Traveller,MPV,2019-2022,越野车,两厢车,通用标准：MPV,,
EU,Peugeot Traveller K0 compact MPV 2020-2023 EU,Peugeot,Traveller,MPV,2020-2023,越野车,两厢车,通用标准：MPV,,
EU,Peugeot Traveller K0 long MPV 2016-2019 EU,Peugeot,Traveller,MPV,2016-2019,越野车,两厢车,通用标准：MPV,,
EU,Peugeot Traveller K0 long MPV 2016-2022 EU,Peugeot,Traveller,MPV,2016-2022,越野车,两厢车,通用标准：MPV,,
EU,Peugeot Traveller K0 long MPV 2018-2025 EU,Peugeot,Traveller,MPV,2018-2025,越野车,两厢车,通用标准：MPV,,
EU,Peugeot Traveller K0 long MPV 2019-2022 EU,Peugeot,Traveller,MPV,2019-2022,越野车,两厢车,通用标准：MPV,,
EU,Peugeot Traveller K0 long MPV 2020-2023 EU,Peugeot,Traveller,MPV,2020-2023,越野车,两厢车,通用标准：MPV,,
EU,Peugeot Traveller K0 long MPV 2020-2025 EU,Peugeot,Traveller,MPV,2020-2025,越野车,两厢车,通用标准：MPV,,
EU,Peugeot Traveller K0 long facelift MPV 2016-2025 EU,Peugeot,Traveller,MPV,2016-2025,越野车,两厢车,通用标准：MPV,,
EU,Peugeot Traveller K0 long facelift MPV 2018-2025 EU,Peugeot,Traveller,MPV,2018-2025,越野车,两厢车,通用标准：MPV,,
EU,Peugeot Traveller K0 long prefl MPV 2016-2025 EU,Peugeot,Traveller,MPV,2016-2025,越野车,两厢车,通用标准：MPV,,
EU,Peugeot Traveller K0 m MPV 2016-2022 EU,Peugeot,Traveller,MPV,2016-2022,越野车,两厢车,通用标准：MPV,,
EU,Peugeot Traveller K0 standard MPV 2016-2019 EU,Peugeot,Traveller,MPV,2016-2019,越野车,两厢车,通用标准：MPV,,
EU,Peugeot Traveller K0 standard MPV 2016-2022 EU,Peugeot,Traveller,MPV,2016-2022,越野车,两厢车,通用标准：MPV,,
EU,Peugeot Traveller K0 standard MPV 2018-2025 EU,Peugeot,Traveller,MPV,2018-2025,越野车,两厢车,通用标准：MPV,,
EU,Peugeot Traveller K0 standard MPV 2019-2022 EU,Peugeot,Traveller,MPV,2019-2022,越野车,两厢车,通用标准：MPV,,
EU,Peugeot Traveller K0 standard MPV 2020-2023 EU,Peugeot,Traveller,MPV,2020-2023,越野车,两厢车,通用标准：MPV,,
EU,Peugeot Traveller K0 standard MPV 2020-2025 EU,Peugeot,Traveller,MPV,2020-2025,越野车,两厢车,通用标准：MPV,,
EU,Peugeot Traveller K0 standard facelift MPV 2016-2025 EU,Peugeot,Traveller,MPV,2016-2025,越野车,两厢车,通用标准：MPV,,
EU,Peugeot Traveller K0 standard facelift MPV 2018-2025 EU,Peugeot,Traveller,MPV,2018-2025,越野车,两厢车,通用标准：MPV,,
EU,Peugeot Traveller K0 standard prefl MPV 2016-2025 EU,Peugeot,Traveller,MPV,2016-2025,越野车,两厢车,通用标准：MPV,,
EU,Peugeot Traveller K0 xl MPV 2016-2022 EU,Peugeot,Traveller,MPV,2016-2022,越野车,两厢车,通用标准：MPV,,
EU,Peugeot Traveller K0 xs MPV 2016-2022 EU,Peugeot,Traveller,MPV,2016-2022,越野车,两厢车,通用标准：MPV,,
EU,Piaggio Ape Van 1982-1993 EU,Piaggio,Ape,Van,1982-1993,越野车,两厢车,通用标准：Van,,
EU,Piaggio Ape Van 1982-1996 EU,Piaggio,Ape,Van,1982-1996,越野车,两厢车,通用标准：Van,,
EU,Piaggio Ape Van 1993-1996 EU,Piaggio,Ape,Van,1993-1996,越野车,两厢车,通用标准：Van,,
EU,Piaggio Ape Van 2010-2026 EU,Piaggio,Ape,Van,2010-2026,越野车,两厢车,通用标准：Van,,
EU,Piaggio Porter Bus 2015-2026 EU,Piaggio,Porter,Bus,2015-2026,越野车,两厢车,通用标准：Bus,,
EU,Piaggio Porter L3370 W1395 H1870 Van 1998-2010 EU,Piaggio,Porter,Van,1998-2010,越野车,两厢车,通用标准：Van,,
EU,Piaggio Porter L3370 W1400 H1870 Van 1995-2026 EU,Piaggio,Porter,Van,1995-2026,越野车,两厢车,通用标准：Van,,
EU,Piaggio Porter L3370 W1400 H1870 Van 1998-2010 EU,Piaggio,Porter,Van,1998-2010,越野车,两厢车,通用标准：Van,,
EU,Piaggio Porter L3400 W1395 H1870 Van 1995-2026 EU,Piaggio,Porter,Van,1995-2026,越野车,两厢车,通用标准：Van,,
EU,Piaggio Porter SS Van 2011-2026 EU,Piaggio,Porter,Van,2011-2026,越野车,两厢车,通用标准：Van,,
EU,Piaggio Porter Van 1993-1998 EU,Piaggio,Porter,Van,1993-1998,越野车,两厢车,通用标准：Van,,
EU,Piaggio Porter Van 1998-2011 EU,Piaggio,Porter,Van,1998-2011,越野车,两厢车,通用标准：Van,,
EU,Piaggio Porter Van 1998-2026 EU,Piaggio,Porter,Van,1998-2026,越野车,两厢车,通用标准：Van,,
EU,Piaggio Porter Van 2011-2026 EU,Piaggio,Porter,Van,2011-2026,越野车,两厢车,通用标准：Van,,
EU,Piaggio Porter Van 2015-2026 EU,Piaggio,Porter,Van,2015-2026,越野车,两厢车,通用标准：Van,,
EU,Piaggio Porter Van 2016-2026 EU,Piaggio,Porter,Van,2016-2026,越野车,两厢车,通用标准：Van,,
EU,Plymouth Voyager / grand NS L4733 W1950 H1740 MPV 1995-2001 EU,Plymouth,Voyager / grand,MPV,1995-2001,越野车,两厢车,通用标准：MPV,,
EU,Plymouth Voyager / grand NS L5070 W1950 H1740 MPV 1995-2001 EU,Plymouth,Voyager / grand,MPV,1995-2001,越野车,两厢车,通用标准：MPV,,
EU,Plymouth Voyager / grand S MPV 1989-1990 EU,Plymouth,Voyager / grand,MPV,1989-1990,越野车,两厢车,通用标准：MPV,,
EU,Pontiac Trans sport GMT199 MPV 1989-1997 EU,Pontiac,Trans sport,MPV,1989-1997,越野车,两厢车,通用标准：MPV,,
EU,Pontiac Trans sport GMT199 MPV 1991-1995 EU,Pontiac,Trans sport,MPV,1991-1995,越野车,两厢车,通用标准：MPV,,
EU,Pontiac Trans sport GMT199 MPV 1993-1997 EU,Pontiac,Trans sport,MPV,1993-1997,越野车,两厢车,通用标准：MPV,,
EU,Pontiac Trans sport GMT200 MPV 1996-1998 EU,Pontiac,Trans sport,MPV,1996-1998,越野车,两厢车,通用标准：MPV,,
EU,Pontiac Trans sport GMT200 MPV 1997-1998 EU,Pontiac,Trans sport,MPV,1997-1998,越野车,两厢车,通用标准：MPV,,
EU,Pontiac Trans sport GMT200 MPV 1998-1999 EU,Pontiac,Trans sport,MPV,1998-1999,越野车,两厢车,通用标准：MPV,,
EU,Pontiac Trans sport MPV 1989-1992 EU,Pontiac,Trans sport,MPV,1989-1992,越野车,两厢车,通用标准：MPV,,
EU,Pontiac Trans sport mini cargo van GMT199 MPV 1991-1994 EU,Pontiac,Trans sport mini cargo van,MPV,1991-1994,越野车,两厢车,通用标准：MPV,,
EU,Pontiac Trans sport van GMT199 MPV 1989-1996 EU,Pontiac,Trans sport van,MPV,1989-1996,越野车,两厢车,通用标准：MPV,,
EU,Pontiac Trans sport van GMT199 MPV 1989-1997 EU,Pontiac,Trans sport van,MPV,1989-1997,越野车,两厢车,通用标准：MPV,,
EU,Pontiac Trans sport van GMT199 MPV 1993-1995 EU,Pontiac,Trans sport van,MPV,1993-1995,越野车,两厢车,通用标准：MPV,,
EU,Porsche Panamera 971 L5049 W1937 H1428 Wagon 2017-2023 EU,Porsche,Panamera,Wagon,2017-2023,三厢车,两厢车,通用标准：Wagon,,
EU,Porsche Panamera 971 L5049 W1937 H1428 Wagon 2020-2023 EU,Porsche,Panamera,Wagon,2020-2023,三厢车,两厢车,通用标准：Wagon,,
EU,Porsche Panamera 971 L5049 W1937 H1432 Wagon 2017-2023 EU,Porsche,Panamera,Wagon,2017-2023,三厢车,两厢车,通用标准：Wagon,,
EU,Porsche Panamera 971 L5049 W1937 H1432 Wagon 2020-2023 EU,Porsche,Panamera,Wagon,2020-2023,三厢车,两厢车,通用标准：Wagon,,
EU,Porsche Panamera 971 L5053 W1937 H1422 Wagon 2020-2023 EU,Porsche,Panamera,Wagon,2020-2023,三厢车,两厢车,通用标准：Wagon,,
EU,Porsche Panamera 971 Wagon 2017-2020 EU,Porsche,Panamera,Wagon,2017-2020,三厢车,两厢车,通用标准：Wagon,,
EU,Porsche Panamera 971 Wagon 2018-2023 EU,Porsche,Panamera,Wagon,2018-2023,三厢车,两厢车,通用标准：Wagon,,
EU,Porsche Taycan Y1B Wagon 2020-2023 EU,Porsche,Taycan,Wagon,2020-2023,三厢车,两厢车,通用标准：Wagon,,
EU,Porsche Taycan Y1B Wagon 2021-2026 EU,Porsche,Taycan,Wagon,2021-2026,三厢车,两厢车,通用标准：Wagon,,
EU,Porsche Taycan Y1B Wagon 2023-2026 EU,Porsche,Taycan,Wagon,2023-2026,三厢车,两厢车,通用标准：Wagon,,
EU,Porsche Taycan Y1C Wagon 2021-2023 EU,Porsche,Taycan,Wagon,2021-2023,三厢车,两厢车,通用标准：Wagon,,
EU,Porsche Taycan Y1C Wagon 2023-2026 EU,Porsche,Taycan,Wagon,2023-2026,三厢车,两厢车,通用标准：Wagon,,
EU,Porsche Taycan Y1C Wagon 2024-2026 EU,Porsche,Taycan,Wagon,2024-2026,三厢车,两厢车,通用标准：Wagon,,
EU,Renault 12 Wagon 1970-1980 EU,Renault,12,Wagon,1970-1980,三厢车,两厢车,通用标准：Wagon,,
EU,Renault 12 Wagon 1973-1980 EU,Renault,12,Wagon,1973-1980,三厢车,两厢车,通用标准：Wagon,,
EU,Renault 12 Wagon 1975-1980 EU,Renault,12,Wagon,1975-1980,三厢车,两厢车,通用标准：Wagon,,
EU,Renault 18 135 1982 Wagon 1979-1982 EU,Renault,18,Wagon,1979-1982,三厢车,两厢车,通用标准：Wagon,,
EU,Renault 18 135 1982 Wagon 1980-1986 EU,Renault,18,Wagon,1980-1986,三厢车,两厢车,通用标准：Wagon,,
EU,Renault 18 135 Wagon 1979-1981 EU,Renault,18,Wagon,1979-1981,三厢车,两厢车,通用标准：Wagon,,
EU,Renault 18 135 Wagon 1982-1986 EU,Renault,18,Wagon,1982-1986,三厢车,两厢车,通用标准：Wagon,,
EU,Renault 18 135 early Wagon 1980-1986 EU,Renault,18,Wagon,1980-1986,三厢车,两厢车,通用标准：Wagon,,
EU,Renault 18 135 facelift Wagon 1980-1986 EU,Renault,18,Wagon,1980-1986,三厢车,两厢车,通用标准：Wagon,,
EU,Renault 18 135 facelift Wagon 1981-1986 EU,Renault,18,Wagon,1981-1986,三厢车,两厢车,通用标准：Wagon,,
EU,Renault 18 135 pre82 Wagon 1979-1982 EU,Renault,18,Wagon,1979-1982,三厢车,两厢车,通用标准：Wagon,,
EU,Renault 18 135 prefl Wagon 1981-1986 EU,Renault,18,Wagon,1981-1986,三厢车,两厢车,通用标准：Wagon,,
EU,Renault 18 L4487 W1682 H1487 Wagon 1983-1986 EU,Renault,18,Wagon,1983-1986,三厢车,两厢车,通用标准：Wagon,,
EU,Renault 18 L4487 W1696 H1402 Wagon 1983-1986 EU,Renault,18,Wagon,1983-1986,三厢车,两厢车,通用标准：Wagon,,
EU,Renault 18 Wagon 1979-1986 EU,Renault,18,Wagon,1979-1986,三厢车,两厢车,通用标准：Wagon,,
EU,Renault 18 Wagon 1982-1986 EU,Renault,18,Wagon,1982-1986,三厢车,两厢车,通用标准：Wagon,,
EU,Renault 21 K48 L4693 W1726 H1430 Wagon 1989-1992 EU,Renault,21,Wagon,1989-1992,三厢车,两厢车,通用标准：Wagon,,
EU,Renault 21 K48 L4693 W1726 H1450 Wagon 1989-1992 EU,Renault,21,Wagon,1989-1992,三厢车,两厢车,通用标准：Wagon,,
EU,Renault 21 K48 Wagon 1986-1988 EU,Renault,21,Wagon,1986-1988,三厢车,两厢车,通用标准：Wagon,,
EU,Renault 21 K48 Wagon 1986-1989 EU,Renault,21,Wagon,1986-1989,三厢车,两厢车,通用标准：Wagon,,
EU,Renault 21 K48 Wagon 1986-1990 EU,Renault,21,Wagon,1986-1990,三厢车,两厢车,通用标准：Wagon,,
EU,Renault 21 K48 Wagon 1986-1993 EU,Renault,21,Wagon,1986-1993,三厢车,两厢车,通用标准：Wagon,,
EU,Renault 21 K48 Wagon 1987-1989 EU,Renault,21,Wagon,1987-1989,三厢车,两厢车,通用标准：Wagon,,
EU,Renault 21 K48 Wagon 1988-1993 EU,Renault,21,Wagon,1988-1993,三厢车,两厢车,通用标准：Wagon,,
EU,Renault 21 K48 Wagon 1989-1993 EU,Renault,21,Wagon,1989-1993,三厢车,两厢车,通用标准：Wagon,,
EU,Renault 21 K48 Wagon 1990-1994 EU,Renault,21,Wagon,1990-1994,三厢车,两厢车,通用标准：Wagon,,
EU,Renault 21 K48 Wagon 1991-1993 EU,Renault,21,Wagon,1991-1993,三厢车,两厢车,通用标准：Wagon,,
EU,Renault 21 K48 Wagon 1992-1995 EU,Renault,21,Wagon,1992-1995,三厢车,两厢车,通用标准：Wagon,,
EU,Renault 21 K48 phase1 Wagon 1988-1992 EU,Renault,21,Wagon,1988-1992,三厢车,两厢车,通用标准：Wagon,,
EU,Renault 21 K48 phase2 Wagon 1988-1992 EU,Renault,21,Wagon,1988-1992,三厢车,两厢车,通用标准：Wagon,,
EU,Renault 4 2370/210B Van 1976-1989 EU,Renault,4,Van,1976-1989,越野车,两厢车,通用标准：Van,,
EU,Renault 4 239B Van 1982-1989 EU,Renault,4,Van,1982-1989,越野车,两厢车,通用标准：Van,,
EU,Renault 4 MPV 1966-1988 EU,Renault,4,MPV,1966-1988,越野车,两厢车,通用标准：MPV,,
EU,Renault 4 MPV 1986-1990 EU,Renault,4,MPV,1986-1990,越野车,两厢车,通用标准：MPV,,
EU,Renault 4 R21/R23 Van 1983-1989 EU,Renault,4,Van,1983-1989,越野车,两厢车,通用标准：Van,,
EU,Renault 4 R2108 Van 1966-1988 EU,Renault,4,Van,1966-1988,越野车,两厢车,通用标准：Van,,
EU,Renault 4 Van 1966-1988 EU,Renault,4,Van,1966-1988,越野车,两厢车,通用标准：Van,,
EU,Renault Avantime MPV 2001-2003 EU,Renault,Avantime,MPV,2001-2003,越野车,两厢车,通用标准：MPV,,
EU,Renault Avantime MPV 2002-2003 EU,Renault,Avantime,MPV,2002-2003,越野车,两厢车,通用标准：MPV,,
EU,Renault Clio ii SB Van 2001-2026 EU,Renault,Clio ii,Van,2001-2026,越野车,两厢车,通用标准：Van,,
EU,Renault Clio ii Van 2001-2004 EU,Renault,Clio ii,Van,2001-2004,越野车,两厢车,通用标准：Van,,
EU,Renault Clio ii Van 2003-2026 EU,Renault,Clio ii,Van,2003-2026,越野车,两厢车,通用标准：Van,,
EU,Renault Clio ii Van 2004-2012 EU,Renault,Clio ii,Van,2004-2012,越野车,两厢车,通用标准：Van,,
EU,Renault Clio ii Van 2004-2026 EU,Renault,Clio ii,Van,2004-2026,越野车,两厢车,通用标准：Van,,
EU,Renault Clio iii Van 2010-2014 EU,Renault,Clio iii,Van,2010-2014,越野车,两厢车,通用标准：Van,,
EU,Renault Clio iii X85 Van 2005-2007 EU,Renault,Clio iii,Van,2005-2007,越野车,两厢车,通用标准：Van,,
EU,Renault Clio iii X85 Van 2005-2010 EU,Renault,Clio iii,Van,2005-2010,越野车,两厢车,通用标准：Van,,
EU,Renault Clio iii grandtour KR Wagon 2007-2012 EU,Renault,Clio iii grandtour,Wagon,2007-2012,三厢车,两厢车,通用标准：Wagon,,
EU,Renault Clio iii grandtour Wagon 2007-2012 EU,Renault,Clio iii grandtour,Wagon,2007-2012,三厢车,两厢车,通用标准：Wagon,,
EU,Renault Clio iii grandtour Wagon 2007-2014 EU,Renault,Clio iii grandtour,Wagon,2007-2014,三厢车,两厢车,通用标准：Wagon,,
EU,Renault Clio iii grandtour Wagon 2008-2012 EU,Renault,Clio iii grandtour,Wagon,2008-2012,三厢车,两厢车,通用标准：Wagon,,
EU,Renault Clio iii grandtour Wagon 2008-2014 EU,Renault,Clio iii grandtour,Wagon,2008-2014,三厢车,两厢车,通用标准：Wagon,,
EU,Renault Clio iii grandtour Wagon 2010-2012 EU,Renault,Clio iii grandtour,Wagon,2010-2012,三厢车,两厢车,通用标准：Wagon,,
EU,Renault Clio iii grandtour facelift Wagon 2007-2012 EU,Renault,Clio iii grandtour,Wagon,2007-2012,三厢车,两厢车,通用标准：Wagon,,
EU,Renault Clio iii grandtour prefl Wagon 2007-2012 EU,Renault,Clio iii grandtour,Wagon,2007-2012,三厢车,两厢车,通用标准：Wagon,,
EU,Renault Clio iv grandtour Wagon 2016-2021 EU,Renault,Clio iv grandtour,Wagon,2016-2021,三厢车,两厢车,通用标准：Wagon,,
EU,Renault Clio iv grandtour Wagon 2018-2021 EU,Renault,Clio iv grandtour,Wagon,2018-2021,三厢车,两厢车,通用标准：Wagon,,
EU,Renault Clio iv grandtour facelift Wagon 2012-2021 EU,Renault,Clio iv grandtour,Wagon,2012-2021,三厢车,两厢车,通用标准：Wagon,,
EU,Renault Clio iv grandtour facelift Wagon 2013-2021 EU,Renault,Clio iv grandtour,Wagon,2013-2021,三厢车,两厢车,通用标准：Wagon,,
EU,Renault Clio iv grandtour prefl Wagon 2012-2021 EU,Renault,Clio iv grandtour,Wagon,2012-2021,三厢车,两厢车,通用标准：Wagon,,
EU,Renault Clio iv grandtour prefl Wagon 2013-2021 EU,Renault,Clio iv grandtour,Wagon,2013-2021,三厢车,两厢车,通用标准：Wagon,,
EU,Renault Dokker Van 2013-2026 EU,Renault,Dokker,Van,2013-2026,越野车,两厢车,通用标准：Van,,
EU,Renault Espace i J11 MPV 1988-1990 EU,Renault,Espace i,MPV,1988-1990,越野车,两厢车,通用标准：MPV,,
EU,Renault Espace i J11 MPV 1988-1992 EU,Renault,Espace i,MPV,1988-1992,越野车,两厢车,通用标准：MPV,,
EU,Renault Espace i J11 MPV 1989-1990 EU,Renault,Espace i,MPV,1989-1990,越野车,两厢车,通用标准：MPV,,
EU,Renault Espace i MPV 1988-1990 EU,Renault,Espace i,MPV,1988-1990,越野车,两厢车,通用标准：MPV,,
EU,Renault Espace i facelift MPV 1984-1990 EU,Renault,Espace i,MPV,1984-1990,越野车,两厢车,通用标准：MPV,,
EU,Renault Espace i facelift MPV 1986-1990 EU,Renault,Espace i,MPV,1986-1990,越野车,两厢车,通用标准：MPV,,
EU,Renault Espace i prefl MPV 1984-1990 EU,Renault,Espace i,MPV,1984-1990,越野车,两厢车,通用标准：MPV,,
EU,Renault Espace i prefl MPV 1986-1990 EU,Renault,Espace i,MPV,1986-1990,越野车,两厢车,通用标准：MPV,,
EU,Renault Espace ii J63 MPV 1991-1996 EU,Renault,Espace ii,MPV,1991-1996,越野车,两厢车,通用标准：MPV,,
EU,Renault Espace ii J63 MPV 1994-1996 EU,Renault,Espace ii,MPV,1994-1996,越野车,两厢车,通用标准：MPV,,
EU,Renault Espace ii van J63 MPV 1992-1996 EU,Renault,Espace ii van,MPV,1992-1996,越野车,两厢车,通用标准：MPV,,
EU,Renault Espace iii JE MPV 1997-2000 EU,Renault,Espace iii,MPV,1997-2000,越野车,两厢车,通用标准：MPV,,
EU,Renault Espace iii JE MPV 2000-2002 EU,Renault,Espace iii,MPV,2000-2002,越野车,两厢车,通用标准：MPV,,
EU,Renault Espace iii JE0 MPV 1996-1998 EU,Renault,Espace iii,MPV,1996-1998,越野车,两厢车,通用标准：MPV,,
EU,Renault Espace iii JE0 MPV 1996-2000 EU,Renault,Espace iii,MPV,1996-2000,越野车,两厢车,通用标准：MPV,,
EU,Renault Espace iii JE0 MPV 1998-2002 EU,Renault,Espace iii,MPV,1998-2002,越野车,两厢车,通用标准：MPV,,
EU,Renault Espace iii JE0 MPV 1999-2002 EU,Renault,Espace iii,MPV,1999-2002,越野车,两厢车,通用标准：MPV,,
EU,Renault Espace iii JE0 MPV 2000-2002 EU,Renault,Espace iii,MPV,2000-2002,越野车,两厢车,通用标准：MPV,,
EU,Renault Espace iii JE0 MPV 2001-2002 EU,Renault,Espace iii,MPV,2001-2002,越野车,两厢车,通用标准：MPV,,
EU,Renault Espace iv J81 phase1 MPV 2002-2015 EU,Renault,Espace iv,MPV,2002-2015,越野车,两厢车,通用标准：MPV,,
EU,Renault Espace iv J81 phase2 MPV 2002-2015 EU,Renault,Espace iv,MPV,2002-2015,越野车,两厢车,通用标准：MPV,,
EU,Renault Espace iv JK MPV 2003-2005 EU,Renault,Espace iv,MPV,2003-2005,越野车,两厢车,通用标准：MPV,,
EU,Renault Espace iv lwb MPV 2002-2006 EU,Renault,Espace iv,MPV,2002-2006,越野车,两厢车,通用标准：MPV,,
EU,Renault Espace iv lwb MPV 2002-2015 EU,Renault,Espace iv,MPV,2002-2015,越野车,两厢车,通用标准：MPV,,
EU,Renault Espace iv lwb MPV 2005-2015 EU,Renault,Espace iv,MPV,2005-2015,越野车,两厢车,通用标准：MPV,,
EU,Renault Espace iv lwb phase2 MPV 2006-2015 EU,Renault,Espace iv,MPV,2006-2015,越野车,两厢车,通用标准：MPV,,
EU,Renault Espace iv lwb phase3plus MPV 2006-2015 EU,Renault,Espace iv,MPV,2006-2015,越野车,两厢车,通用标准：MPV,,
EU,Renault Espace iv swb MPV 2002-2006 EU,Renault,Espace iv,MPV,2002-2006,越野车,两厢车,通用标准：MPV,,
EU,Renault Espace iv swb MPV 2002-2015 EU,Renault,Espace iv,MPV,2002-2015,越野车,两厢车,通用标准：MPV,,
EU,Renault Espace iv swb MPV 2005-2015 EU,Renault,Espace iv,MPV,2005-2015,越野车,两厢车,通用标准：MPV,,
EU,Renault Espace iv swb phase2 MPV 2006-2015 EU,Renault,Espace iv,MPV,2006-2015,越野车,两厢车,通用标准：MPV,,
EU,Renault Espace iv swb phase3plus MPV 2006-2015 EU,Renault,Espace iv,MPV,2006-2015,越野车,两厢车,通用标准：MPV,,
EU,Renault Espace v MPV 2015-2023 EU,Renault,Espace v,MPV,2015-2023,越野车,两厢车,通用标准：MPV,,
EU,Renault Espace v MPV 2021-2023 EU,Renault,Espace v,MPV,2021-2023,越野车,两厢车,通用标准：MPV,,
EU,Renault Espace v RFC MPV 2016-2023 EU,Renault,Espace v,MPV,2016-2023,越野车,两厢车,通用标准：MPV,,
EU,Renault Espace v RFC MPV 2018-2023 EU,Renault,Espace v,MPV,2018-2023,越野车,两厢车,通用标准：MPV,,
EU,Renault Estafette highroof Van 1962-1981 EU,Renault,Estafette,Van,1962-1981,越野车,两厢车,通用标准：Van,,
EU,Renault Estafette highroof Van 1969-1981 EU,Renault,Estafette,Van,1969-1981,越野车,两厢车,通用标准：Van,,
EU,Renault Estafette lowroof Van 1962-1981 EU,Renault,Estafette,Van,1962-1981,越野车,两厢车,通用标准：Van,,
EU,Renault Estafette lowroof Van 1969-1981 EU,Renault,Estafette,Van,1969-1981,越野车,两厢车,通用标准：Van,,
EU,Renault Estafette lwb highroof Van 1962-1981 EU,Renault,Estafette,Van,1962-1981,越野车,两厢车,通用标准：Van,,
EU,Renault Estafette lwb highroof Van 1969-1981 EU,Renault,Estafette,Van,1969-1981,越野车,两厢车,通用标准：Van,,
EU,Renault Express MPV 2021-2026 EU,Renault,Express,MPV,2021-2026,越野车,两厢车,通用标准：MPV,,
EU,Renault Express Van 2021-2026 EU,Renault,Express,Van,2021-2026,越野车,两厢车,通用标准：Van,,
EU,Renault Grand kangoo iii MPV 2024-2026 EU,Renault,Grand kangoo iii,MPV,2024-2026,越野车,两厢车,通用标准：MPV,,
EU,Renault Grand kangoo iii MPV 2025-2026 EU,Renault,Grand kangoo iii,MPV,2025-2026,越野车,两厢车,通用标准：MPV,,
EU,Renault Grand scénic ii MPV 2004-2006 EU,Renault,Grand scénic ii,MPV,2004-2006,越野车,两厢车,通用标准：MPV,,
EU,Renault Grand scénic ii MPV 2006-2008 EU,Renault,Grand scénic ii,MPV,2006-2008,越野车,两厢车,通用标准：MPV,,
EU,Renault Grand scénic ii MPV 2006-2009 EU,Renault,Grand scénic ii,MPV,2006-2009,越野车,两厢车,通用标准：MPV,,
EU,Renault Grand scénic ii R84 facelift MPV 2005-2008 EU,Renault,Grand scénic ii,MPV,2005-2008,越野车,两厢车,通用标准：MPV,,
EU,Renault Grand scénic ii R84 prefl MPV 2005-2008 EU,Renault,Grand scénic ii,MPV,2005-2008,越野车,两厢车,通用标准：MPV,,
EU,Renault Grand scénic ii facelift MPV 2004-2008 EU,Renault,Grand scénic ii,MPV,2004-2008,越野车,两厢车,通用标准：MPV,,
EU,Renault Grand scénic ii facelift MPV 2004-2009 EU,Renault,Grand scénic ii,MPV,2004-2009,越野车,两厢车,通用标准：MPV,,
EU,Renault Grand scénic ii facelift MPV 2005-2008 EU,Renault,Grand scénic ii,MPV,2005-2008,越野车,两厢车,通用标准：MPV,,
EU,Renault Grand scénic ii facelift MPV 2005-2009 EU,Renault,Grand scénic ii,MPV,2005-2009,越野车,两厢车,通用标准：MPV,,
EU,Renault Grand scénic ii prefl MPV 2004-2008 EU,Renault,Grand scénic ii,MPV,2004-2008,越野车,两厢车,通用标准：MPV,,
EU,Renault Grand scénic ii prefl MPV 2004-2009 EU,Renault,Grand scénic ii,MPV,2004-2009,越野车,两厢车,通用标准：MPV,,
EU,Renault Grand scénic ii prefl MPV 2005-2008 EU,Renault,Grand scénic ii,MPV,2005-2008,越野车,两厢车,通用标准：MPV,,
EU,Renault Grand scénic ii prefl MPV 2005-2009 EU,Renault,Grand scénic ii,MPV,2005-2009,越野车,两厢车,通用标准：MPV,,
EU,Renault Grand scénic iii MPV 2012-2016 EU,Renault,Grand scénic iii,MPV,2012-2016,越野车,两厢车,通用标准：MPV,,
EU,Renault Grand scénic iii MPV 2013-2016 EU,Renault,Grand scénic iii,MPV,2013-2016,越野车,两厢车,通用标准：MPV,,
EU,Renault Grand scénic iii facelift MPV 2009-2016 EU,Renault,Grand scénic iii,MPV,2009-2016,越野车,两厢车,通用标准：MPV,,
EU,Renault Grand scénic iii facelift MPV 2011-2016 EU,Renault,Grand scénic iii,MPV,2011-2016,越野车,两厢车,通用标准：MPV,,
EU,Renault Grand scénic iii phase1 MPV 2009-2016 EU,Renault,Grand scénic iii,MPV,2009-2016,越野车,两厢车,通用标准：MPV,,
EU,Renault Grand scénic iii phase1 MPV 2010-2016 EU,Renault,Grand scénic iii,MPV,2010-2016,越野车,两厢车,通用标准：MPV,,
EU,Renault Grand scénic iii phase2 MPV 2010-2016 EU,Renault,Grand scénic iii,MPV,2010-2016,越野车,两厢车,通用标准：MPV,,
EU,Renault Grand scénic iii prefl MPV 2009-2016 EU,Renault,Grand scénic iii,MPV,2009-2016,越野车,两厢车,通用标准：MPV,,
EU,Renault Grand scénic iii prefl MPV 2011-2016 EU,Renault,Grand scénic iii,MPV,2011-2016,越野车,两厢车,通用标准：MPV,,
EU,Renault Grand scénic iv MPV 2016-2023 EU,Renault,Grand scénic iv,MPV,2016-2023,越野车,两厢车,通用标准：MPV,,
EU,Renault Grand scénic iv MPV 2017-2023 EU,Renault,Grand scénic iv,MPV,2017-2023,越野车,两厢车,通用标准：MPV,,
EU,Renault Grand scénic iv MPV 2018-2023 EU,Renault,Grand scénic iv,MPV,2018-2023,越野车,两厢车,通用标准：MPV,,
EU,Renault Grand scénic iv MPV 2022-2023 EU,Renault,Grand scénic iv,MPV,2022-2023,越野车,两厢车,通用标准：MPV,,
EU,Renault Kangoo FC MPV 1997-2008 EU,Renault,Kangoo,MPV,1997-2008,越野车,两厢车,通用标准：MPV,,
EU,Renault Kangoo FC MPV 1997-2026 EU,Renault,Kangoo,MPV,1997-2026,越野车,两厢车,通用标准：MPV,,
EU,Renault Kangoo FC Van 2005-2026 EU,Renault,Kangoo,Van,2005-2026,越野车,两厢车,通用标准：Van,,
EU,Renault Kangoo FW01 Van 2008-2026 EU,Renault,Kangoo,Van,2008-2026,越野车,两厢车,通用标准：Van,,
EU,Renault Kangoo FW16 lwb Van 2019-2026 EU,Renault,Kangoo,Van,2019-2026,越野车,两厢车,通用标准：Van,,
EU,Renault Kangoo FW16 lwb highroof Van 2019-2026 EU,Renault,Kangoo,Van,2019-2026,越野车,两厢车,通用标准：Van,,
EU,Renault Kangoo FW16 swb Van 2019-2026 EU,Renault,Kangoo,Van,2019-2026,越野车,两厢车,通用标准：Van,,
EU,Renault Kangoo FW17 lwb Van 2019-2026 EU,Renault,Kangoo,Van,2019-2026,越野车,两厢车,通用标准：Van,,
EU,Renault Kangoo FW17 lwb highroof Van 2019-2026 EU,Renault,Kangoo,Van,2019-2026,越野车,两厢车,通用标准：Van,,
EU,Renault Kangoo FW17 swb Van 2019-2026 EU,Renault,Kangoo,Van,2019-2026,越野车,两厢车,通用标准：Van,,
EU,Renault Kangoo KC MPV 1997-2001 EU,Renault,Kangoo,MPV,1997-2001,越野车,两厢车,通用标准：MPV,,
EU,Renault Kangoo KC MPV 1997-2008 EU,Renault,Kangoo,MPV,1997-2008,越野车,两厢车,通用标准：MPV,,
EU,Renault Kangoo KC MPV 1997-2026 EU,Renault,Kangoo,MPV,1997-2026,越野车,两厢车,通用标准：MPV,,
EU,Renault Kangoo KC MPV 2001-2026 EU,Renault,Kangoo,MPV,2001-2026,越野车,两厢车,通用标准：MPV,,
EU,Renault Kangoo KC facelift MPV 2001-2018 EU,Renault,Kangoo,MPV,2001-2018,越野车,两厢车,通用标准：MPV,,
EU,Renault Kangoo KC facelift MPV 2001-2026 EU,Renault,Kangoo,MPV,2001-2026,越野车,两厢车,通用标准：MPV,,
EU,Renault Kangoo KC mpv L4035 W1672 H1825 MPV 2005-2026 EU,Renault,Kangoo,MPV,2005-2026,越野车,两厢车,通用标准：MPV,,
EU,Renault Kangoo KC mpv L4035 W1672 H1835 MPV 2005-2026 EU,Renault,Kangoo,MPV,2005-2026,越野车,两厢车,通用标准：MPV,,
EU,Renault Kangoo KC mpv L4035 W1672 H1885 MPV 2005-2026 EU,Renault,Kangoo,MPV,2005-2026,越野车,两厢车,通用标准：MPV,,
EU,Renault Kangoo KC prefl MPV 2001-2018 EU,Renault,Kangoo,MPV,2001-2018,越野车,两厢车,通用标准：MPV,,
EU,Renault Kangoo KC prefl MPV 2001-2026 EU,Renault,Kangoo,MPV,2001-2026,越野车,两厢车,通用标准：MPV,,
EU,Renault Kangoo L4035 W1672 H1825 MPV 2005-2026 EU,Renault,Kangoo,MPV,2005-2026,越野车,两厢车,通用标准：MPV,,
EU,Renault Kangoo L4035 W1672 H1835 MPV 2003-2026 EU,Renault,Kangoo,MPV,2003-2026,越野车,两厢车,通用标准：MPV,,
EU,Renault Kangoo L4035 W1672 H1835 MPV 2005-2026 EU,Renault,Kangoo,MPV,2005-2026,越野车,两厢车,通用标准：MPV,,
EU,Renault Kangoo L4035 W1672 H1885 MPV 2003-2026 EU,Renault,Kangoo,MPV,2003-2026,越野车,两厢车,通用标准：MPV,,
EU,Renault Kangoo MPV 1998-2001 EU,Renault,Kangoo,MPV,1998-2001,越野车,两厢车,通用标准：MPV,,
EU,Renault Kangoo MPV 1998-2003 EU,Renault,Kangoo,MPV,1998-2003,越野车,两厢车,通用标准：MPV,,
EU,Renault Kangoo MPV 1999-2003 EU,Renault,Kangoo,MPV,1999-2003,越野车,两厢车,通用标准：MPV,,
EU,Renault Kangoo MPV 2000-2026 EU,Renault,Kangoo,MPV,2000-2026,越野车,两厢车,通用标准：MPV,,
EU,Renault Kangoo MPV 2001-2026 EU,Renault,Kangoo,MPV,2001-2026,越野车,两厢车,通用标准：MPV,,
EU,Renault Kangoo MPV 2002-2004 EU,Renault,Kangoo,MPV,2002-2004,越野车,两厢车,通用标准：MPV,,
EU,Renault Kangoo MPV 2002-2026 EU,Renault,Kangoo,MPV,2002-2026,越野车,两厢车,通用标准：MPV,,
EU,Renault Kangoo MPV 2005-2010 EU,Renault,Kangoo,MPV,2005-2010,越野车,两厢车,通用标准：MPV,,
EU,Renault Kangoo MPV 2009-2012 EU,Renault,Kangoo,MPV,2009-2012,越野车,两厢车,通用标准：MPV,,
EU,Renault Kangoo MPV 2009-2026 EU,Renault,Kangoo,MPV,2009-2026,越野车,两厢车,通用标准：MPV,,
EU,Renault Kangoo MPV 2013-2026 EU,Renault,Kangoo,MPV,2013-2026,越野车,两厢车,通用标准：MPV,,
EU,Renault Kangoo MPV 2017-2026 EU,Renault,Kangoo,MPV,2017-2026,越野车,两厢车,通用标准：MPV,,
EU,Renault Kangoo MPV 2021-2026 EU,Renault,Kangoo,MPV,2021-2026,越野车,两厢车,通用标准：MPV,,
EU,Renault Kangoo MPV 2022-2026 EU,Renault,Kangoo,MPV,2022-2026,越野车,两厢车,通用标准：MPV,,
EU,Renault Kangoo Van 2008-2026 EU,Renault,Kangoo,Van,2008-2026,越野车,两厢车,通用标准：Van,,
EU,Renault Kangoo Van 2009-2026 EU,Renault,Kangoo,Van,2009-2026,越野车,两厢车,通用标准：Van,,
EU,Renault Kangoo Van 2013-2026 EU,Renault,Kangoo,Van,2013-2026,越野车,两厢车,通用标准：Van,,
EU,Renault Kangoo Van 2021-2026 EU,Renault,Kangoo,Van,2021-2026,越野车,两厢车,通用标准：Van,,
EU,Renault Kangoo Van 2022-2026 EU,Renault,Kangoo,Van,2022-2026,越野车,两厢车,通用标准：Van,,
EU,Renault Kangoo X61 MPV 2008-2026 EU,Renault,Kangoo,MPV,2008-2026,越野车,两厢车,通用标准：MPV,,
EU,Renault Kangoo X61 Van 2008-2026 EU,Renault,Kangoo,Van,2008-2026,越野车,两厢车,通用标准：Van,,
EU,Renault Kangoo X61 Van 2017-2026 EU,Renault,Kangoo,Van,2017-2026,越野车,两厢车,通用标准：Van,,
EU,Renault Kangoo X61 lwb 2s facelift h1810 Van 2011-2026 EU,Renault,Kangoo,Van,2011-2026,越野车,两厢车,通用标准：Van,,
EU,Renault Kangoo X61 lwb 2s facelift h1836 Van 2011-2026 EU,Renault,Kangoo,Van,2011-2026,越野车,两厢车,通用标准：Van,,
EU,Renault Kangoo X61 lwb 2s prefl h1810 Van 2011-2026 EU,Renault,Kangoo,Van,2011-2026,越野车,两厢车,通用标准：Van,,
EU,Renault Kangoo X61 lwb 2s prefl h1836 Van 2011-2026 EU,Renault,Kangoo,Van,2011-2026,越野车,两厢车,通用标准：Van,,
EU,Renault Kangoo X61 lwb 5s facelift h1802 MPV 2011-2026 EU,Renault,Kangoo,MPV,2011-2026,越野车,两厢车,通用标准：MPV,,
EU,Renault Kangoo X61 lwb 5s facelift h1826 MPV 2011-2026 EU,Renault,Kangoo,MPV,2011-2026,越野车,两厢车,通用标准：MPV,,
EU,Renault Kangoo X61 lwb 5s prefl h1802 MPV 2011-2026 EU,Renault,Kangoo,MPV,2011-2026,越野车,两厢车,通用标准：MPV,,
EU,Renault Kangoo X61 lwb 5s prefl h1826 MPV 2011-2026 EU,Renault,Kangoo,MPV,2011-2026,越野车,两厢车,通用标准：MPV,,
EU,Renault Kangoo X61 mpv lwb MPV 2019-2026 EU,Renault,Kangoo,MPV,2019-2026,越野车,两厢车,通用标准：MPV,,
EU,Renault Kangoo X61 mpv swb MPV 2019-2026 EU,Renault,Kangoo,MPV,2019-2026,越野车,两厢车,通用标准：MPV,,
EU,Renault Kangoo X61 swb facelift h1805 Van 2011-2026 EU,Renault,Kangoo,Van,2011-2026,越野车,两厢车,通用标准：Van,,
EU,Renault Kangoo X61 swb facelift h1844 Van 2011-2026 EU,Renault,Kangoo,Van,2011-2026,越野车,两厢车,通用标准：Van,,
EU,Renault Kangoo X61 swb prefl h1805 Van 2011-2026 EU,Renault,Kangoo,Van,2011-2026,越野车,两厢车,通用标准：Van,,
EU,Renault Kangoo X61 swb prefl h1844 Van 2011-2026 EU,Renault,Kangoo,Van,2011-2026,越野车,两厢车,通用标准：Van,,
EU,Renault Kangoo X61 van lwb Van 2019-2026 EU,Renault,Kangoo,Van,2019-2026,越野车,两厢车,通用标准：Van,,
EU,Renault Kangoo X61 van swb Van 2019-2026 EU,Renault,Kangoo,Van,2019-2026,越野车,两厢车,通用标准：Van,,
EU,Renault Kangoo facelift MPV 2008-2026 EU,Renault,Kangoo,MPV,2008-2026,越野车,两厢车,通用标准：MPV,,
EU,Renault Kangoo facelift MPV 2010-2026 EU,Renault,Kangoo,MPV,2010-2026,越野车,两厢车,通用标准：MPV,,
EU,Renault Kangoo facelift MPV 2012-2026 EU,Renault,Kangoo,MPV,2012-2026,越野车,两厢车,通用标准：MPV,,
EU,Renault Kangoo lwb MPV 2019-2026 EU,Renault,Kangoo,MPV,2019-2026,越野车,两厢车,通用标准：MPV,,
EU,Renault Kangoo mpv L3995 W1663 H1827 MPV 2001-2026 EU,Renault,Kangoo,MPV,2001-2026,越野车,两厢车,通用标准：MPV,,
EU,Renault Kangoo mpv L3995 W1675 H1894 MPV 2001-2026 EU,Renault,Kangoo,MPV,2001-2026,越野车,两厢车,通用标准：MPV,,
EU,Renault Kangoo mpv facelift MPV 2001-2018 EU,Renault,Kangoo,MPV,2001-2018,越野车,两厢车,通用标准：MPV,,
EU,Renault Kangoo mpv prefl MPV 2001-2018 EU,Renault,Kangoo,MPV,2001-2018,越野车,两厢车,通用标准：MPV,,
EU,Renault Kangoo prefl MPV 2008-2026 EU,Renault,Kangoo,MPV,2008-2026,越野车,两厢车,通用标准：MPV,,
EU,Renault Kangoo prefl MPV 2010-2026 EU,Renault,Kangoo,MPV,2010-2026,越野车,两厢车,通用标准：MPV,,
EU,Renault Kangoo prefl MPV 2012-2026 EU,Renault,Kangoo,MPV,2012-2026,越野车,两厢车,通用标准：MPV,,
EU,Renault Kangoo swb MPV 2019-2026 EU,Renault,Kangoo,MPV,2019-2026,越野车,两厢车,通用标准：MPV,,
EU,Renault Kangoo van facelift Van 2010-2026 EU,Renault,Kangoo,Van,2010-2026,越野车,两厢车,通用标准：Van,,
EU,Renault Kangoo van prefl Van 2010-2026 EU,Renault,Kangoo,Van,2010-2026,越野车,两厢车,通用标准：Van,,
EU,Renault Laguna i grandtour K56 Wagon 1998-2001 EU,Renault,Laguna i grandtour,Wagon,1998-2001,三厢车,两厢车,通用标准：Wagon,,
EU,Renault Laguna i grandtour K56 facelift Wagon 1995-2001 EU,Renault,Laguna i grandtour,Wagon,1995-2001,三厢车,两厢车,通用标准：Wagon,,
EU,Renault Laguna i grandtour K56 facelift Wagon 1996-2001 EU,Renault,Laguna i grandtour,Wagon,1996-2001,三厢车,两厢车,通用标准：Wagon,,
EU,Renault Laguna i grandtour K56 facelift Wagon 1997-2001 EU,Renault,Laguna i grandtour,Wagon,1997-2001,三厢车,两厢车,通用标准：Wagon,,
EU,Renault Laguna i grandtour K56 prefl Wagon 1995-2001 EU,Renault,Laguna i grandtour,Wagon,1995-2001,三厢车,两厢车,通用标准：Wagon,,
EU,Renault Laguna i grandtour K56 prefl Wagon 1996-2001 EU,Renault,Laguna i grandtour,Wagon,1996-2001,三厢车,两厢车,通用标准：Wagon,,
EU,Renault Laguna i grandtour K56 prefl Wagon 1997-2001 EU,Renault,Laguna i grandtour,Wagon,1997-2001,三厢车,两厢车,通用标准：Wagon,,
EU,Renault Laguna i grandtour Wagon 1995-2001 EU,Renault,Laguna i grandtour,Wagon,1995-2001,三厢车,两厢车,通用标准：Wagon,,
EU,Renault Laguna i grandtour Wagon 1997-2001 EU,Renault,Laguna i grandtour,Wagon,1997-2001,三厢车,两厢车,通用标准：Wagon,,
EU,Renault Laguna i grandtour Wagon 1998-2001 EU,Renault,Laguna i grandtour,Wagon,1998-2001,三厢车,两厢车,通用标准：Wagon,,
EU,Renault Laguna i grandtour Wagon 1999-2001 EU,Renault,Laguna i grandtour,Wagon,1999-2001,三厢车,两厢车,通用标准：Wagon,,
EU,Renault Laguna ii grandtour K74 Wagon 2001-2007 EU,Renault,Laguna ii grandtour,Wagon,2001-2007,三厢车,两厢车,通用标准：Wagon,,
EU,Renault Laguna ii grandtour KG09 Wagon 2004-2005 EU,Renault,Laguna ii grandtour,Wagon,2004-2005,三厢车,两厢车,通用标准：Wagon,,
EU,Renault Laguna ii grandtour Wagon 2001-2005 EU,Renault,Laguna ii grandtour,Wagon,2001-2005,三厢车,两厢车,通用标准：Wagon,,
EU,Renault Laguna ii grandtour Wagon 2001-2006 EU,Renault,Laguna ii grandtour,Wagon,2001-2006,三厢车,两厢车,通用标准：Wagon,,
EU,Renault Laguna ii grandtour Wagon 2001-2007 EU,Renault,Laguna ii grandtour,Wagon,2001-2007,三厢车,两厢车,通用标准：Wagon,,
EU,Renault Laguna ii grandtour Wagon 2002-2007 EU,Renault,Laguna ii grandtour,Wagon,2002-2007,三厢车,两厢车,通用标准：Wagon,,
EU,Renault Laguna ii grandtour Wagon 2003-2005 EU,Renault,Laguna ii grandtour,Wagon,2003-2005,三厢车,两厢车,通用标准：Wagon,,
EU,Renault Laguna ii grandtour Wagon 2003-2007 EU,Renault,Laguna ii grandtour,Wagon,2003-2007,三厢车,两厢车,通用标准：Wagon,,
EU,Renault Laguna ii grandtour Wagon 2004-2005 EU,Renault,Laguna ii grandtour,Wagon,2004-2005,三厢车,两厢车,通用标准：Wagon,,
EU,Renault Laguna ii grandtour Wagon 2004-2007 EU,Renault,Laguna ii grandtour,Wagon,2004-2007,三厢车,两厢车,通用标准：Wagon,,
EU,Renault Laguna ii grandtour Wagon 2005-2006 EU,Renault,Laguna ii grandtour,Wagon,2005-2006,三厢车,两厢车,通用标准：Wagon,,
EU,Renault Laguna ii grandtour Wagon 2005-2007 EU,Renault,Laguna ii grandtour,Wagon,2005-2007,三厢车,两厢车,通用标准：Wagon,,
EU,Renault Laguna ii grandtour Wagon 2006-2007 EU,Renault,Laguna ii grandtour,Wagon,2006-2007,三厢车,两厢车,通用标准：Wagon,,
EU,Renault Laguna iii grandtour K91 Wagon 2007-2015 EU,Renault,Laguna iii grandtour,Wagon,2007-2015,三厢车,两厢车,通用标准：Wagon,,
EU,Renault Laguna iii grandtour K91 Wagon 2008-2015 EU,Renault,Laguna iii grandtour,Wagon,2008-2015,三厢车,两厢车,通用标准：Wagon,,
EU,Renault Laguna iii grandtour KT Wagon 2007-2015 EU,Renault,Laguna iii grandtour,Wagon,2007-2015,三厢车,两厢车,通用标准：Wagon,,
EU,Renault Laguna iii grandtour KT Wagon 2008-2015 EU,Renault,Laguna iii grandtour,Wagon,2008-2015,三厢车,两厢车,通用标准：Wagon,,
EU,Renault Laguna iii grandtour Wagon 2007-2015 EU,Renault,Laguna iii grandtour,Wagon,2007-2015,三厢车,两厢车,通用标准：Wagon,,
EU,Renault Laguna iii grandtour Wagon 2008-2015 EU,Renault,Laguna iii grandtour,Wagon,2008-2015,三厢车,两厢车,通用标准：Wagon,,
EU,Renault Logan K8 Wagon 2013-2026 EU,Renault,Logan,Wagon,2013-2026,三厢车,两厢车,通用标准：Wagon,,
EU,Renault Logan K90 Wagon 2011-2015 EU,Renault,Logan,Wagon,2011-2015,三厢车,两厢车,通用标准：Wagon,,
EU,Renault Logan K90 facelift Wagon 2007-2026 EU,Renault,Logan,Wagon,2007-2026,三厢车,两厢车,通用标准：Wagon,,
EU,Renault Logan K90 facelift Wagon 2008-2015 EU,Renault,Logan,Wagon,2008-2015,三厢车,两厢车,通用标准：Wagon,,
EU,Renault Logan K90 prefl Wagon 2007-2026 EU,Renault,Logan,Wagon,2007-2026,三厢车,两厢车,通用标准：Wagon,,
EU,Renault Logan K90 prefl Wagon 2008-2015 EU,Renault,Logan,Wagon,2008-2015,三厢车,两厢车,通用标准：Wagon,,
EU,Renault Mascott FH l1 Van 1999-2004 EU,Renault,Mascott,Van,1999-2004,越野车,两厢车,通用标准：Van,,
EU,Renault Mascott FH l2 Van 1999-2004 EU,Renault,Mascott,Van,1999-2004,越野车,两厢车,通用标准：Van,,
EU,Renault Master i T__ l1h1 Van 1980-1983 EU,Renault,Master i,Van,1980-1983,越野车,两厢车,通用标准：Van,,
EU,Renault Master i T__ l1h1 Van 1983-1986 EU,Renault,Master i,Van,1983-1986,越野车,两厢车,通用标准：Van,,
EU,Renault Master i T__ l1h1 Van 1986-1992 EU,Renault,Master i,Van,1986-1992,越野车,两厢车,通用标准：Van,,
EU,Renault Master i T__ l1h2 Van 1980-1983 EU,Renault,Master i,Van,1980-1983,越野车,两厢车,通用标准：Van,,
EU,Renault Master i T__ l1h2 Van 1983-1986 EU,Renault,Master i,Van,1983-1986,越野车,两厢车,通用标准：Van,,
EU,Renault Master i T__ l1h2 Van 1986-1992 EU,Renault,Master i,Van,1986-1992,越野车,两厢车,通用标准：Van,,
EU,Renault Master i T__ l2h1 Van 1980-1983 EU,Renault,Master i,Van,1980-1983,越野车,两厢车,通用标准：Van,,
EU,Renault Master i T__ l2h1 Van 1983-1986 EU,Renault,Master i,Van,1983-1986,越野车,两厢车,通用标准：Van,,
EU,Renault Master i T__ l2h1 Van 1986-1992 EU,Renault,Master i,Van,1986-1992,越野车,两厢车,通用标准：Van,,
EU,Renault Master i T__ l2h2 Van 1980-1983 EU,Renault,Master i,Van,1980-1983,越野车,两厢车,通用标准：Van,,
EU,Renault Master i T__ l2h2 Van 1983-1986 EU,Renault,Master i,Van,1983-1986,越野车,两厢车,通用标准：Van,,
EU,Renault Master i T__ l2h2 Van 1986-1992 EU,Renault,Master i,Van,1986-1992,越野车,两厢车,通用标准：Van,,
EU,Renault Master i T__ l3h2 Van 1980-1983 EU,Renault,Master i,Van,1980-1983,越野车,两厢车,通用标准：Van,,
EU,Renault Master i T__ l3h2 Van 1983-1986 EU,Renault,Master i,Van,1983-1986,越野车,两厢车,通用标准：Van,,
EU,Renault Master i T__ l3h2 Van 1986-1992 EU,Renault,Master i,Van,1986-1992,越野车,两厢车,通用标准：Van,,
EU,Renault Master i l1h1 Van 1980-1986 EU,Renault,Master i,Van,1980-1986,越野车,两厢车,通用标准：Van,,
EU,Renault Master i l1h1 Van 1980-1989 EU,Renault,Master i,Van,1980-1989,越野车,两厢车,通用标准：Van,,
EU,Renault Master i l1h1 Van 1980-1998 EU,Renault,Master i,Van,1980-1998,越野车,两厢车,通用标准：Van,,
EU,Renault Master i l1h1 Van 1986-1989 EU,Renault,Master i,Van,1986-1989,越野车,两厢车,通用标准：Van,,
EU,Renault Master i l1h1 Van 1986-1998 EU,Renault,Master i,Van,1986-1998,越野车,两厢车,通用标准：Van,,
EU,Renault Master i l1h1 Van 1989-1998 EU,Renault,Master i,Van,1989-1998,越野车,两厢车,通用标准：Van,,
EU,Renault Master i l1h2 Van 1980-1986 EU,Renault,Master i,Van,1980-1986,越野车,两厢车,通用标准：Van,,
EU,Renault Master i l1h2 Van 1980-1989 EU,Renault,Master i,Van,1980-1989,越野车,两厢车,通用标准：Van,,
EU,Renault Master i l1h2 Van 1980-1998 EU,Renault,Master i,Van,1980-1998,越野车,两厢车,通用标准：Van,,
EU,Renault Master i l1h2 Van 1986-1989 EU,Renault,Master i,Van,1986-1989,越野车,两厢车,通用标准：Van,,
EU,Renault Master i l1h2 Van 1986-1998 EU,Renault,Master i,Van,1986-1998,越野车,两厢车,通用标准：Van,,
EU,Renault Master i l1h2 Van 1989-1998 EU,Renault,Master i,Van,1989-1998,越野车,两厢车,通用标准：Van,,
EU,Renault Master i l2h1 Van 1980-1986 EU,Renault,Master i,Van,1980-1986,越野车,两厢车,通用标准：Van,,
EU,Renault Master i l2h1 Van 1980-1989 EU,Renault,Master i,Van,1980-1989,越野车,两厢车,通用标准：Van,,
EU,Renault Master i l2h1 Van 1980-1998 EU,Renault,Master i,Van,1980-1998,越野车,两厢车,通用标准：Van,,
EU,Renault Master i l2h1 Van 1986-1989 EU,Renault,Master i,Van,1986-1989,越野车,两厢车,通用标准：Van,,
EU,Renault Master i l2h1 Van 1986-1998 EU,Renault,Master i,Van,1986-1998,越野车,两厢车,通用标准：Van,,
EU,Renault Master i l2h1 Van 1989-1998 EU,Renault,Master i,Van,1989-1998,越野车,两厢车,通用标准：Van,,
EU,Renault Master i l2h2 Van 1980-1986 EU,Renault,Master i,Van,1980-1986,越野车,两厢车,通用标准：Van,,
EU,Renault Master i l2h2 Van 1980-1989 EU,Renault,Master i,Van,1980-1989,越野车,两厢车,通用标准：Van,,
EU,Renault Master i l2h2 Van 1980-1998 EU,Renault,Master i,Van,1980-1998,越野车,两厢车,通用标准：Van,,
EU,Renault Master i l2h2 Van 1986-1989 EU,Renault,Master i,Van,1986-1989,越野车,两厢车,通用标准：Van,,
EU,Renault Master i l2h2 Van 1986-1998 EU,Renault,Master i,Van,1986-1998,越野车,两厢车,通用标准：Van,,
EU,Renault Master i l2h2 Van 1989-1998 EU,Renault,Master i,Van,1989-1998,越野车,两厢车,通用标准：Van,,
EU,Renault Master i l3h2 Van 1980-1986 EU,Renault,Master i,Van,1980-1986,越野车,两厢车,通用标准：Van,,
EU,Renault Master i l3h2 Van 1980-1989 EU,Renault,Master i,Van,1980-1989,越野车,两厢车,通用标准：Van,,
EU,Renault Master i l3h2 Van 1980-1998 EU,Renault,Master i,Van,1980-1998,越野车,两厢车,通用标准：Van,,
EU,Renault Master i l3h2 Van 1986-1989 EU,Renault,Master i,Van,1986-1989,越野车,两厢车,通用标准：Van,,
EU,Renault Master i l3h2 Van 1986-1998 EU,Renault,Master i,Van,1986-1998,越野车,两厢车,通用标准：Van,,
EU,Renault Master i l3h2 Van 1989-1998 EU,Renault,Master i,Van,1989-1998,越野车,两厢车,通用标准：Van,,
EU,Renault Master ii FD0L Van 1997-2002 EU,Renault,Master ii,Van,1997-2002,越野车,两厢车,通用标准：Van,,
EU,Renault Master ii FD0P Van 2001-2006 EU,Renault,Master ii,Van,2001-2006,越野车,两厢车,通用标准：Van,,
EU,Renault Master ii FD0S Van 2003-2006 EU,Renault,Master ii,Van,2003-2006,越野车,两厢车,通用标准：Van,,
EU,Renault Master ii FD0U Van 2003-2010 EU,Renault,Master ii,Van,2003-2010,越野车,两厢车,通用标准：Van,,
EU,Renault Master ii FD2E Van 1998-2001 EU,Renault,Master ii,Van,1998-2001,越野车,两厢车,通用标准：Van,,
EU,Renault Master ii FD3E Van 1998-2001 EU,Renault,Master ii,Van,1998-2001,越野车,两厢车,通用标准：Van,,
EU,Renault Master ii JD0T Van 2003-2006 EU,Renault,Master ii,Van,2003-2006,越野车,两厢车,通用标准：Van,,
EU,Renault Master ii JD1W Van 2003-2010 EU,Renault,Master ii,Van,2003-2010,越野车,两厢车,通用标准：Van,,
EU,Renault Master ii Van 1997-2002 EU,Renault,Master ii,Van,1997-2002,越野车,两厢车,通用标准：Van,,
EU,Renault Master ii Van 1997-2006 EU,Renault,Master ii,Van,1997-2006,越野车,两厢车,通用标准：Van,,
EU,Renault Master ii Van 1998-2001 EU,Renault,Master ii,Van,1998-2001,越野车,两厢车,通用标准：Van,,
EU,Renault Master ii Van 2001-2006 EU,Renault,Master ii,Van,2001-2006,越野车,两厢车,通用标准：Van,,
EU,Renault Master ii Van 2003-2010 EU,Renault,Master ii,Van,2003-2010,越野车,两厢车,通用标准：Van,,
EU,Renault Master ii l1h1 Van 1997-2006 EU,Renault,Master ii,Van,1997-2006,越野车,两厢车,通用标准：Van,,
EU,Renault Master ii l1h1 Van 2001-2007 EU,Renault,Master ii,Van,2001-2007,越野车,两厢车,通用标准：Van,,
EU,Renault Master ii l1h1 Van 2006-2010 EU,Renault,Master ii,Van,2006-2010,越野车,两厢车,通用标准：Van,,
EU,Renault Master ii l1h2 Van 2006-2010 EU,Renault,Master ii,Van,2006-2010,越野车,两厢车,通用标准：Van,,
EU,Renault Master ii l2h2 Van 1998-2001 EU,Renault,Master ii,Van,1998-2001,越野车,两厢车,通用标准：Van,,
EU,Renault Master ii l2h2 Van 2001-2006 EU,Renault,Master ii,Van,2001-2006,越野车,两厢车,通用标准：Van,,
EU,Renault Master ii l2h2 Van 2001-2007 EU,Renault,Master ii,Van,2001-2007,越野车,两厢车,通用标准：Van,,
EU,Renault Master ii l2h2 Van 2006-2010 EU,Renault,Master ii,Van,2006-2010,越野车,两厢车,通用标准：Van,,
EU,Renault Master ii l2h3 Van 2006-2010 EU,Renault,Master ii,Van,2006-2010,越野车,两厢车,通用标准：Van,,
EU,Renault Master ii l3h2 Van 1997-2006 EU,Renault,Master ii,Van,1997-2006,越野车,两厢车,通用标准：Van,,
EU,Renault Master ii l3h2 Van 1998-2001 EU,Renault,Master ii,Van,1998-2001,越野车,两厢车,通用标准：Van,,
EU,Renault Master ii l3h2 Van 2001-2007 EU,Renault,Master ii,Van,2001-2007,越野车,两厢车,通用标准：Van,,
EU,Renault Master ii l3h2 Van 2006-2010 EU,Renault,Master ii,Van,2006-2010,越野车,两厢车,通用标准：Van,,
EU,Renault Master ii l3h3 Van 2006-2010 EU,Renault,Master ii,Van,2006-2010,越野车,两厢车,通用标准：Van,,
EU,Renault Master iii FV0B Van 2010-2014 EU,Renault,Master iii,Van,2010-2014,越野车,两厢车,通用标准：Van,,
EU,Renault Master iii JV Bus 2011-2019 EU,Renault,Master iii,Bus,2011-2019,越野车,两厢车,通用标准：Bus,,
EU,Renault Master iii JV l1h1 facelift Van 2011-2024 EU,Renault,Master iii,Van,2011-2024,越野车,两厢车,通用标准：Van,,
EU,Renault Master iii JV l1h1 facelift Van 2014-2024 EU,Renault,Master iii,Van,2014-2024,越野车,两厢车,通用标准：Van,,
EU,Renault Master iii JV l1h1 facelift Van 2015-2020 EU,Renault,Master iii,Van,2015-2020,越野车,两厢车,通用标准：Van,,
EU,Renault Master iii JV l1h1 prefl Van 2011-2019 EU,Renault,Master iii,Van,2011-2019,越野车,两厢车,通用标准：Van,,
EU,Renault Master iii JV l1h1 prefl Van 2011-2024 EU,Renault,Master iii,Van,2011-2024,越野车,两厢车,通用标准：Van,,
EU,Renault Master iii JV l1h1 prefl Van 2014-2024 EU,Renault,Master iii,Van,2014-2024,越野车,两厢车,通用标准：Van,,
EU,Renault Master iii JV l1h1 prefl Van 2015-2020 EU,Renault,Master iii,Van,2015-2020,越野车,两厢车,通用标准：Van,,
EU,Renault Master iii JV l2h2 facelift Van 2011-2024 EU,Renault,Master iii,Van,2011-2024,越野车,两厢车,通用标准：Van,,
EU,Renault Master iii JV l2h2 facelift Van 2014-2024 EU,Renault,Master iii,Van,2014-2024,越野车,两厢车,通用标准：Van,,
EU,Renault Master iii JV l2h2 facelift Van 2015-2020 EU,Renault,Master iii,Van,2015-2020,越野车,两厢车,通用标准：Van,,
EU,Renault Master iii JV l2h2 prefl Van 2011-2019 EU,Renault,Master iii,Van,2011-2019,越野车,两厢车,通用标准：Van,,
EU,Renault Master iii JV l2h2 prefl Van 2011-2024 EU,Renault,Master iii,Van,2011-2024,越野车,两厢车,通用标准：Van,,
EU,Renault Master iii JV l2h2 prefl Van 2014-2024 EU,Renault,Master iii,Van,2014-2024,越野车,两厢车,通用标准：Van,,
EU,Renault Master iii JV l2h2 prefl Van 2015-2020 EU,Renault,Master iii,Van,2015-2020,越野车,两厢车,通用标准：Van,,
EU,Renault Master iii JV l3h2 facelift Bus 2011-2024 EU,Renault,Master iii,Bus,2011-2024,越野车,两厢车,通用标准：Bus,,
EU,Renault Master iii JV l3h2 facelift Bus 2012-2026 EU,Renault,Master iii,Bus,2012-2026,越野车,两厢车,通用标准：Bus,,
EU,Renault Master iii JV l3h2 facelift Bus 2014-2024 EU,Renault,Master iii,Bus,2014-2024,越野车,两厢车,通用标准：Bus,,
EU,Renault Master iii JV l3h2 prefl Bus 2011-2024 EU,Renault,Master iii,Bus,2011-2024,越野车,两厢车,通用标准：Bus,,
EU,Renault Master iii JV l3h2 prefl Bus 2012-2026 EU,Renault,Master iii,Bus,2012-2026,越野车,两厢车,通用标准：Bus,,
EU,Renault Master iii JV l3h2 prefl Bus 2014-2024 EU,Renault,Master iii,Bus,2014-2024,越野车,两厢车,通用标准：Bus,,
EU,Renault Master iii Van 2019-2024 EU,Renault,Master iii,Van,2019-2024,越野车,两厢车,通用标准：Van,,
EU,Renault Master iii X62 l1h1 Van 2010-2014 EU,Renault,Master iii,Van,2010-2014,越野车,两厢车,通用标准：Van,,
EU,Renault Master iii X62 l1h1 Van 2010-2019 EU,Renault,Master iii,Van,2010-2019,越野车,两厢车,通用标准：Van,,
EU,Renault Master iii X62 l1h1 Van 2011-2014 EU,Renault,Master iii,Van,2011-2014,越野车,两厢车,通用标准：Van,,
EU,Renault Master iii X62 l1h1 Van 2019-2024 EU,Renault,Master iii,Van,2019-2024,越野车,两厢车,通用标准：Van,,
EU,Renault Master iii X62 l1h1 facelift Van 2010-2024 EU,Renault,Master iii,Van,2010-2024,越野车,两厢车,通用标准：Van,,
EU,Renault Master iii X62 l1h1 facelift Van 2013-2026 EU,Renault,Master iii,Van,2013-2026,越野车,两厢车,通用标准：Van,,
EU,Renault Master iii X62 l1h1 facelift Van 2014-2024 EU,Renault,Master iii,Van,2014-2024,越野车,两厢车,通用标准：Van,,
EU,Renault Master iii X62 l1h1 facelift Van 2014-2025 EU,Renault,Master iii,Van,2014-2025,越野车,两厢车,通用标准：Van,,
EU,Renault Master iii X62 l1h1 facelift Van 2015-2020 EU,Renault,Master iii,Van,2015-2020,越野车,两厢车,通用标准：Van,,
EU,Renault Master iii X62 l1h1 facelift Van 2016-2020 EU,Renault,Master iii,Van,2016-2020,越野车,两厢车,通用标准：Van,,
EU,Renault Master iii X62 l1h1 facelift Van 2018-2024 EU,Renault,Master iii,Van,2018-2024,越野车,两厢车,通用标准：Van,,
EU,Renault Master iii X62 l1h1 facelift2019 Van 2014-2021 EU,Renault,Master iii,Van,2014-2021,越野车,两厢车,通用标准：Van,,
EU,Renault Master iii X62 l1h1 facelift2019 Van 2014-2024 EU,Renault,Master iii,Van,2014-2024,越野车,两厢车,通用标准：Van,,
EU,Renault Master iii X62 l1h1 pre2019 Van 2014-2021 EU,Renault,Master iii,Van,2014-2021,越野车,两厢车,通用标准：Van,,
EU,Renault Master iii X62 l1h1 pre2019 Van 2014-2024 EU,Renault,Master iii,Van,2014-2024,越野车,两厢车,通用标准：Van,,
EU,Renault Master iii X62 l1h1 prefl Van 2010-2024 EU,Renault,Master iii,Van,2010-2024,越野车,两厢车,通用标准：Van,,
EU,Renault Master iii X62 l1h1 prefl Van 2013-2026 EU,Renault,Master iii,Van,2013-2026,越野车,两厢车,通用标准：Van,,
EU,Renault Master iii X62 l1h1 prefl Van 2014-2025 EU,Renault,Master iii,Van,2014-2025,越野车,两厢车,通用标准：Van,,
EU,Renault Master iii X62 l1h1 prefl Van 2015-2020 EU,Renault,Master iii,Van,2015-2020,越野车,两厢车,通用标准：Van,,
EU,Renault Master iii X62 l1h1 prefl Van 2016-2020 EU,Renault,Master iii,Van,2016-2020,越野车,两厢车,通用标准：Van,,
EU,Renault Master iii X62 l1h1 prefl Van 2018-2024 EU,Renault,Master iii,Van,2018-2024,越野车,两厢车,通用标准：Van,,
EU,Renault Master iii X62 l1h2 Van 2010-2014 EU,Renault,Master iii,Van,2010-2014,越野车,两厢车,通用标准：Van,,
EU,Renault Master iii X62 l1h2 Van 2010-2019 EU,Renault,Master iii,Van,2010-2019,越野车,两厢车,通用标准：Van,,
EU,Renault Master iii X62 l1h2 Van 2019-2024 EU,Renault,Master iii,Van,2019-2024,越野车,两厢车,通用标准：Van,,
EU,Renault Master iii X62 l1h2 facelift Van 2010-2024 EU,Renault,Master iii,Van,2010-2024,越野车,两厢车,通用标准：Van,,
EU,Renault Master iii X62 l1h2 facelift Van 2013-2026 EU,Renault,Master iii,Van,2013-2026,越野车,两厢车,通用标准：Van,,
EU,Renault Master iii X62 l1h2 facelift Van 2014-2025 EU,Renault,Master iii,Van,2014-2025,越野车,两厢车,通用标准：Van,,
EU,Renault Master iii X62 l1h2 facelift Van 2015-2020 EU,Renault,Master iii,Van,2015-2020,越野车,两厢车,通用标准：Van,,
EU,Renault Master iii X62 l1h2 facelift Van 2016-2020 EU,Renault,Master iii,Van,2016-2020,越野车,两厢车,通用标准：Van,,
EU,Renault Master iii X62 l1h2 facelift Van 2018-2024 EU,Renault,Master iii,Van,2018-2024,越野车,两厢车,通用标准：Van,,
EU,Renault Master iii X62 l1h2 facelift2019 Van 2014-2024 EU,Renault,Master iii,Van,2014-2024,越野车,两厢车,通用标准：Van,,
EU,Renault Master iii X62 l1h2 pre2019 Van 2014-2024 EU,Renault,Master iii,Van,2014-2024,越野车,两厢车,通用标准：Van,,
EU,Renault Master iii X62 l1h2 prefl Van 2010-2024 EU,Renault,Master iii,Van,2010-2024,越野车,两厢车,通用标准：Van,,
EU,Renault Master iii X62 l1h2 prefl Van 2013-2026 EU,Renault,Master iii,Van,2013-2026,越野车,两厢车,通用标准：Van,,
EU,Renault Master iii X62 l1h2 prefl Van 2014-2025 EU,Renault,Master iii,Van,2014-2025,越野车,两厢车,通用标准：Van,,
EU,Renault Master iii X62 l1h2 prefl Van 2015-2020 EU,Renault,Master iii,Van,2015-2020,越野车,两厢车,通用标准：Van,,
EU,Renault Master iii X62 l1h2 prefl Van 2016-2020 EU,Renault,Master iii,Van,2016-2020,越野车,两厢车,通用标准：Van,,
EU,Renault Master iii X62 l1h2 prefl Van 2018-2024 EU,Renault,Master iii,Van,2018-2024,越野车,两厢车,通用标准：Van,,
EU,Renault Master iii X62 l2h2 Van 2010-2014 EU,Renault,Master iii,Van,2010-2014,越野车,两厢车,通用标准：Van,,
EU,Renault Master iii X62 l2h2 Van 2010-2019 EU,Renault,Master iii,Van,2010-2019,越野车,两厢车,通用标准：Van,,
EU,Renault Master iii X62 l2h2 Van 2011-2014 EU,Renault,Master iii,Van,2011-2014,越野车,两厢车,通用标准：Van,,
EU,Renault Master iii X62 l2h2 Van 2019-2024 EU,Renault,Master iii,Van,2019-2024,越野车,两厢车,通用标准：Van,,
EU,Renault Master iii X62 l2h2 facelift Van 2010-2024 EU,Renault,Master iii,Van,2010-2024,越野车,两厢车,通用标准：Van,,
EU,Renault Master iii X62 l2h2 facelift Van 2013-2026 EU,Renault,Master iii,Van,2013-2026,越野车,两厢车,通用标准：Van,,
EU,Renault Master iii X62 l2h2 facelift Van 2014-2025 EU,Renault,Master iii,Van,2014-2025,越野车,两厢车,通用标准：Van,,
EU,Renault Master iii X62 l2h2 facelift Van 2015-2020 EU,Renault,Master iii,Van,2015-2020,越野车,两厢车,通用标准：Van,,
EU,Renault Master iii X62 l2h2 facelift Van 2016-2020 EU,Renault,Master iii,Van,2016-2020,越野车,两厢车,通用标准：Van,,
EU,Renault Master iii X62 l2h2 facelift Van 2018-2024 EU,Renault,Master iii,Van,2018-2024,越野车,两厢车,通用标准：Van,,
EU,Renault Master iii X62 l2h2 facelift2019 Van 2014-2021 EU,Renault,Master iii,Van,2014-2021,越野车,两厢车,通用标准：Van,,
EU,Renault Master iii X62 l2h2 facelift2019 Van 2014-2024 EU,Renault,Master iii,Van,2014-2024,越野车,两厢车,通用标准：Van,,
EU,Renault Master iii X62 l2h2 pre2019 Van 2014-2021 EU,Renault,Master iii,Van,2014-2021,越野车,两厢车,通用标准：Van,,
EU,Renault Master iii X62 l2h2 pre2019 Van 2014-2024 EU,Renault,Master iii,Van,2014-2024,越野车,两厢车,通用标准：Van,,
EU,Renault Master iii X62 l2h2 prefl Van 2010-2024 EU,Renault,Master iii,Van,2010-2024,越野车,两厢车,通用标准：Van,,
EU,Renault Master iii X62 l2h2 prefl Van 2013-2026 EU,Renault,Master iii,Van,2013-2026,越野车,两厢车,通用标准：Van,,
EU,Renault Master iii X62 l2h2 prefl Van 2014-2025 EU,Renault,Master iii,Van,2014-2025,越野车,两厢车,通用标准：Van,,
EU,Renault Master iii X62 l2h2 prefl Van 2015-2020 EU,Renault,Master iii,Van,2015-2020,越野车,两厢车,通用标准：Van,,
EU,Renault Master iii X62 l2h2 prefl Van 2016-2020 EU,Renault,Master iii,Van,2016-2020,越野车,两厢车,通用标准：Van,,
EU,Renault Master iii X62 l2h2 prefl Van 2018-2024 EU,Renault,Master iii,Van,2018-2024,越野车,两厢车,通用标准：Van,,
EU,Renault Master iii X62 l2h3 Van 2010-2014 EU,Renault,Master iii,Van,2010-2014,越野车,两厢车,通用标准：Van,,
EU,Renault Master iii X62 l2h3 Van 2010-2019 EU,Renault,Master iii,Van,2010-2019,越野车,两厢车,通用标准：Van,,
EU,Renault Master iii X62 l2h3 facelift Van 2010-2024 EU,Renault,Master iii,Van,2010-2024,越野车,两厢车,通用标准：Van,,
EU,Renault Master iii X62 l2h3 facelift Van 2013-2026 EU,Renault,Master iii,Van,2013-2026,越野车,两厢车,通用标准：Van,,
EU,Renault Master iii X62 l2h3 facelift Van 2014-2025 EU,Renault,Master iii,Van,2014-2025,越野车,两厢车,通用标准：Van,,
EU,Renault Master iii X62 l2h3 facelift Van 2015-2020 EU,Renault,Master iii,Van,2015-2020,越野车,两厢车,通用标准：Van,,
EU,Renault Master iii X62 l2h3 facelift Van 2016-2020 EU,Renault,Master iii,Van,2016-2020,越野车,两厢车,通用标准：Van,,
EU,Renault Master iii X62 l2h3 facelift2019 Van 2014-2024 EU,Renault,Master iii,Van,2014-2024,越野车,两厢车,通用标准：Van,,
EU,Renault Master iii X62 l2h3 pre2019 Van 2014-2024 EU,Renault,Master iii,Van,2014-2024,越野车,两厢车,通用标准：Van,,
EU,Renault Master iii X62 l2h3 prefl Van 2010-2024 EU,Renault,Master iii,Van,2010-2024,越野车,两厢车,通用标准：Van,,
EU,Renault Master iii X62 l2h3 prefl Van 2013-2026 EU,Renault,Master iii,Van,2013-2026,越野车,两厢车,通用标准：Van,,
EU,Renault Master iii X62 l2h3 prefl Van 2014-2025 EU,Renault,Master iii,Van,2014-2025,越野车,两厢车,通用标准：Van,,
EU,Renault Master iii X62 l2h3 prefl Van 2015-2020 EU,Renault,Master iii,Van,2015-2020,越野车,两厢车,通用标准：Van,,
EU,Renault Master iii X62 l2h3 prefl Van 2016-2020 EU,Renault,Master iii,Van,2016-2020,越野车,两厢车,通用标准：Van,,
EU,Renault Master iii X62 l3h2 Van 2010-2014 EU,Renault,Master iii,Van,2010-2014,越野车,两厢车,通用标准：Van,,
EU,Renault Master iii X62 l3h2 Van 2010-2019 EU,Renault,Master iii,Van,2010-2019,越野车,两厢车,通用标准：Van,,
EU,Renault Master iii X62 l3h2 Van 2019-2024 EU,Renault,Master iii,Van,2019-2024,越野车,两厢车,通用标准：Van,,
EU,Renault Master iii X62 l3h2 drw Van 2010-2019 EU,Renault,Master iii,Van,2010-2019,越野车,两厢车,通用标准：Van,,
EU,Renault Master iii X62 l3h2 drw Van 2013-2019 EU,Renault,Master iii,Van,2013-2019,越野车,两厢车,通用标准：Van,,
EU,Renault Master iii X62 l3h2 drw Van 2014-2019 EU,Renault,Master iii,Van,2014-2019,越野车,两厢车,通用标准：Van,,
EU,Renault Master iii X62 l3h2 drw prefl Van 2010-2024 EU,Renault,Master iii,Van,2010-2024,越野车,两厢车,通用标准：Van,,
EU,Renault Master iii X62 l3h2 drw prefl Van 2014-2024 EU,Renault,Master iii,Van,2014-2024,越野车,两厢车,通用标准：Van,,
EU,Renault Master iii X62 l3h2 drw prefl Van 2015-2024 EU,Renault,Master iii,Van,2015-2024,越野车,两厢车,通用标准：Van,,
EU,Renault Master iii X62 l3h2 drw prefl Van 2016-2020 EU,Renault,Master iii,Van,2016-2020,越野车,两厢车,通用标准：Van,,
EU,Renault Master iii X62 l3h2 facelift L6225 W2070 H2488 Van 2016-2020 EU,Renault,Master iii,Van,2016-2020,越野车,两厢车,通用标准：Van,,
EU,Renault Master iii X62 l3h2 facelift L6225 W2070 H2549 Van 2016-2020 EU,Renault,Master iii,Van,2016-2020,越野车,两厢车,通用标准：Van,,
EU,Renault Master iii X62 l3h2 facelift Van 2010-2024 EU,Renault,Master iii,Van,2010-2024,越野车,两厢车,通用标准：Van,,
EU,Renault Master iii X62 l3h2 facelift Van 2013-2026 EU,Renault,Master iii,Van,2013-2026,越野车,两厢车,通用标准：Van,,
EU,Renault Master iii X62 l3h2 facelift Van 2014-2024 EU,Renault,Master iii,Van,2014-2024,越野车,两厢车,通用标准：Van,,
EU,Renault Master iii X62 l3h2 facelift Van 2014-2025 EU,Renault,Master iii,Van,2014-2025,越野车,两厢车,通用标准：Van,,
EU,Renault Master iii X62 l3h2 facelift Van 2015-2020 EU,Renault,Master iii,Van,2015-2020,越野车,两厢车,通用标准：Van,,
EU,Renault Master iii X62 l3h2 facelift Van 2015-2024 EU,Renault,Master iii,Van,2015-2024,越野车,两厢车,通用标准：Van,,
EU,Renault Master iii X62 l3h2 facelift Van 2018-2024 EU,Renault,Master iii,Van,2018-2024,越野车,两厢车,通用标准：Van,,
EU,Renault Master iii X62 l3h2 facelift2019 Van 2014-2024 EU,Renault,Master iii,Van,2014-2024,越野车,两厢车,通用标准：Van,,
EU,Renault Master iii X62 l3h2 pre2019 Van 2014-2024 EU,Renault,Master iii,Van,2014-2024,越野车,两厢车,通用标准：Van,,
EU,Renault Master iii X62 l3h2 prefl Van 2010-2024 EU,Renault,Master iii,Van,2010-2024,越野车,两厢车,通用标准：Van,,
EU,Renault Master iii X62 l3h2 prefl Van 2013-2026 EU,Renault,Master iii,Van,2013-2026,越野车,两厢车,通用标准：Van,,
EU,Renault Master iii X62 l3h2 prefl Van 2014-2025 EU,Renault,Master iii,Van,2014-2025,越野车,两厢车,通用标准：Van,,
EU,Renault Master iii X62 l3h2 prefl Van 2015-2020 EU,Renault,Master iii,Van,2015-2020,越野车,两厢车,通用标准：Van,,
EU,Renault Master iii X62 l3h2 prefl Van 2016-2020 EU,Renault,Master iii,Van,2016-2020,越野车,两厢车,通用标准：Van,,
EU,Renault Master iii X62 l3h2 prefl Van 2018-2024 EU,Renault,Master iii,Van,2018-2024,越野车,两厢车,通用标准：Van,,
EU,Renault Master iii X62 l3h2 srw Van 2010-2019 EU,Renault,Master iii,Van,2010-2019,越野车,两厢车,通用标准：Van,,
EU,Renault Master iii X62 l3h2 srw Van 2013-2019 EU,Renault,Master iii,Van,2013-2019,越野车,两厢车,通用标准：Van,,
EU,Renault Master iii X62 l3h2 srw Van 2014-2019 EU,Renault,Master iii,Van,2014-2019,越野车,两厢车,通用标准：Van,,
EU,Renault Master iii X62 l3h2 srw facelift Van 2010-2024 EU,Renault,Master iii,Van,2010-2024,越野车,两厢车,通用标准：Van,,
EU,Renault Master iii X62 l3h2 srw prefl Van 2010-2024 EU,Renault,Master iii,Van,2010-2024,越野车,两厢车,通用标准：Van,,
EU,Renault Master iii X62 l3h2 srw prefl Van 2014-2024 EU,Renault,Master iii,Van,2014-2024,越野车,两厢车,通用标准：Van,,
EU,Renault Master iii X62 l3h2 srw prefl Van 2015-2024 EU,Renault,Master iii,Van,2015-2024,越野车,两厢车,通用标准：Van,,
EU,Renault Master iii X62 l3h2 srw prefl Van 2016-2020 EU,Renault,Master iii,Van,2016-2020,越野车,两厢车,通用标准：Van,,
EU,Renault Master iii X62 l3h3 Van 2010-2014 EU,Renault,Master iii,Van,2010-2014,越野车,两厢车,通用标准：Van,,
EU,Renault Master iii X62 l3h3 Van 2010-2019 EU,Renault,Master iii,Van,2010-2019,越野车,两厢车,通用标准：Van,,
EU,Renault Master iii X62 l3h3 Van 2019-2024 EU,Renault,Master iii,Van,2019-2024,越野车,两厢车,通用标准：Van,,
EU,Renault Master iii X62 l3h3 drw Van 2010-2019 EU,Renault,Master iii,Van,2010-2019,越野车,两厢车,通用标准：Van,,
EU,Renault Master iii X62 l3h3 drw Van 2013-2019 EU,Renault,Master iii,Van,2013-2019,越野车,两厢车,通用标准：Van,,
EU,Renault Master iii X62 l3h3 drw Van 2014-2019 EU,Renault,Master iii,Van,2014-2019,越野车,两厢车,通用标准：Van,,
EU,Renault Master iii X62 l3h3 drw prefl Van 2010-2024 EU,Renault,Master iii,Van,2010-2024,越野车,两厢车,通用标准：Van,,
EU,Renault Master iii X62 l3h3 drw prefl Van 2014-2024 EU,Renault,Master iii,Van,2014-2024,越野车,两厢车,通用标准：Van,,
EU,Renault Master iii X62 l3h3 drw prefl Van 2015-2024 EU,Renault,Master iii,Van,2015-2024,越野车,两厢车,通用标准：Van,,
EU,Renault Master iii X62 l3h3 drw prefl Van 2016-2020 EU,Renault,Master iii,Van,2016-2020,越野车,两厢车,通用标准：Van,,
EU,Renault Master iii X62 l3h3 facelift L6225 W2070 H2744 Van 2016-2020 EU,Renault,Master iii,Van,2016-2020,越野车,两厢车,通用标准：Van,,
EU,Renault Master iii X62 l3h3 facelift L6225 W2070 H2815 Van 2016-2020 EU,Renault,Master iii,Van,2016-2020,越野车,两厢车,通用标准：Van,,
EU,Renault Master iii X62 l3h3 facelift Van 2010-2024 EU,Renault,Master iii,Van,2010-2024,越野车,两厢车,通用标准：Van,,
EU,Renault Master iii X62 l3h3 facelift Van 2013-2026 EU,Renault,Master iii,Van,2013-2026,越野车,两厢车,通用标准：Van,,
EU,Renault Master iii X62 l3h3 facelift Van 2014-2024 EU,Renault,Master iii,Van,2014-2024,越野车,两厢车,通用标准：Van,,
EU,Renault Master iii X62 l3h3 facelift Van 2014-2025 EU,Renault,Master iii,Van,2014-2025,越野车,两厢车,通用标准：Van,,
EU,Renault Master iii X62 l3h3 facelift Van 2015-2020 EU,Renault,Master iii,Van,2015-2020,越野车,两厢车,通用标准：Van,,
EU,Renault Master iii X62 l3h3 facelift Van 2015-2024 EU,Renault,Master iii,Van,2015-2024,越野车,两厢车,通用标准：Van,,
EU,Renault Master iii X62 l3h3 facelift2019 Van 2014-2024 EU,Renault,Master iii,Van,2014-2024,越野车,两厢车,通用标准：Van,,
EU,Renault Master iii X62 l3h3 pre2019 Van 2014-2024 EU,Renault,Master iii,Van,2014-2024,越野车,两厢车,通用标准：Van,,
EU,Renault Master iii X62 l3h3 prefl Van 2010-2024 EU,Renault,Master iii,Van,2010-2024,越野车,两厢车,通用标准：Van,,
EU,Renault Master iii X62 l3h3 prefl Van 2013-2026 EU,Renault,Master iii,Van,2013-2026,越野车,两厢车,通用标准：Van,,
EU,Renault Master iii X62 l3h3 prefl Van 2014-2025 EU,Renault,Master iii,Van,2014-2025,越野车,两厢车,通用标准：Van,,
EU,Renault Master iii X62 l3h3 prefl Van 2015-2020 EU,Renault,Master iii,Van,2015-2020,越野车,两厢车,通用标准：Van,,
EU,Renault Master iii X62 l3h3 prefl Van 2016-2020 EU,Renault,Master iii,Van,2016-2020,越野车,两厢车,通用标准：Van,,
EU,Renault Master iii X62 l3h3 srw Van 2010-2019 EU,Renault,Master iii,Van,2010-2019,越野车,两厢车,通用标准：Van,,
EU,Renault Master iii X62 l3h3 srw Van 2013-2019 EU,Renault,Master iii,Van,2013-2019,越野车,两厢车,通用标准：Van,,
EU,Renault Master iii X62 l3h3 srw Van 2014-2019 EU,Renault,Master iii,Van,2014-2019,越野车,两厢车,通用标准：Van,,
EU,Renault Master iii X62 l3h3 srw facelift Van 2010-2024 EU,Renault,Master iii,Van,2010-2024,越野车,两厢车,通用标准：Van,,
EU,Renault Master iii X62 l3h3 srw prefl Van 2014-2024 EU,Renault,Master iii,Van,2014-2024,越野车,两厢车,通用标准：Van,,
EU,Renault Master iii X62 l3h3 srw prefl Van 2015-2024 EU,Renault,Master iii,Van,2015-2024,越野车,两厢车,通用标准：Van,,
EU,Renault Master iii X62 l3h3 srw prefl Van 2016-2020 EU,Renault,Master iii,Van,2016-2020,越野车,两厢车,通用标准：Van,,
EU,Renault Master iii X62 l4h2 drw Van 2010-2019 EU,Renault,Master iii,Van,2010-2019,越野车,两厢车,通用标准：Van,,
EU,Renault Master iii X62 l4h2 drw Van 2013-2019 EU,Renault,Master iii,Van,2013-2019,越野车,两厢车,通用标准：Van,,
EU,Renault Master iii X62 l4h2 drw Van 2014-2019 EU,Renault,Master iii,Van,2014-2019,越野车,两厢车,通用标准：Van,,
EU,Renault Master iii X62 l4h2 drw prefl Van 2010-2024 EU,Renault,Master iii,Van,2010-2024,越野车,两厢车,通用标准：Van,,
EU,Renault Master iii X62 l4h2 drw prefl Van 2014-2024 EU,Renault,Master iii,Van,2014-2024,越野车,两厢车,通用标准：Van,,
EU,Renault Master iii X62 l4h2 drw prefl Van 2015-2024 EU,Renault,Master iii,Van,2015-2024,越野车,两厢车,通用标准：Van,,
EU,Renault Master iii X62 l4h2 drw prefl Van 2016-2020 EU,Renault,Master iii,Van,2016-2020,越野车,两厢车,通用标准：Van,,
EU,Renault Master iii X62 l4h2 facelift Van 2014-2024 EU,Renault,Master iii,Van,2014-2024,越野车,两厢车,通用标准：Van,,
EU,Renault Master iii X62 l4h2 facelift Van 2015-2024 EU,Renault,Master iii,Van,2015-2024,越野车,两厢车,通用标准：Van,,
EU,Renault Master iii X62 l4h2 facelift Van 2016-2020 EU,Renault,Master iii,Van,2016-2020,越野车,两厢车,通用标准：Van,,
EU,Renault Master iii X62 l4h2 srw Van 2010-2019 EU,Renault,Master iii,Van,2010-2019,越野车,两厢车,通用标准：Van,,
EU,Renault Master iii X62 l4h2 srw Van 2013-2019 EU,Renault,Master iii,Van,2013-2019,越野车,两厢车,通用标准：Van,,
EU,Renault Master iii X62 l4h2 srw Van 2014-2019 EU,Renault,Master iii,Van,2014-2019,越野车,两厢车,通用标准：Van,,
EU,Renault Master iii X62 l4h2 srw facelift Van 2010-2024 EU,Renault,Master iii,Van,2010-2024,越野车,两厢车,通用标准：Van,,
EU,Renault Master iii X62 l4h2 srw prefl Van 2010-2024 EU,Renault,Master iii,Van,2010-2024,越野车,两厢车,通用标准：Van,,
EU,Renault Master iii X62 l4h2 srw prefl Van 2014-2024 EU,Renault,Master iii,Van,2014-2024,越野车,两厢车,通用标准：Van,,
EU,Renault Master iii X62 l4h2 srw prefl Van 2015-2024 EU,Renault,Master iii,Van,2015-2024,越野车,两厢车,通用标准：Van,,
EU,Renault Master iii X62 l4h2 srw prefl Van 2016-2020 EU,Renault,Master iii,Van,2016-2020,越野车,两厢车,通用标准：Van,,
EU,Renault Master iii X62 l4h3 drw Van 2010-2019 EU,Renault,Master iii,Van,2010-2019,越野车,两厢车,通用标准：Van,,
EU,Renault Master iii X62 l4h3 drw Van 2013-2019 EU,Renault,Master iii,Van,2013-2019,越野车,两厢车,通用标准：Van,,
EU,Renault Master iii X62 l4h3 drw Van 2014-2019 EU,Renault,Master iii,Van,2014-2019,越野车,两厢车,通用标准：Van,,
EU,Renault Master iii X62 l4h3 drw prefl Van 2010-2024 EU,Renault,Master iii,Van,2010-2024,越野车,两厢车,通用标准：Van,,
EU,Renault Master iii X62 l4h3 drw prefl Van 2014-2024 EU,Renault,Master iii,Van,2014-2024,越野车,两厢车,通用标准：Van,,
EU,Renault Master iii X62 l4h3 drw prefl Van 2015-2024 EU,Renault,Master iii,Van,2015-2024,越野车,两厢车,通用标准：Van,,
EU,Renault Master iii X62 l4h3 drw prefl Van 2016-2020 EU,Renault,Master iii,Van,2016-2020,越野车,两厢车,通用标准：Van,,
EU,Renault Master iii X62 l4h3 facelift Van 2014-2024 EU,Renault,Master iii,Van,2014-2024,越野车,两厢车,通用标准：Van,,
EU,Renault Master iii X62 l4h3 facelift Van 2015-2024 EU,Renault,Master iii,Van,2015-2024,越野车,两厢车,通用标准：Van,,
EU,Renault Master iii X62 l4h3 facelift Van 2016-2020 EU,Renault,Master iii,Van,2016-2020,越野车,两厢车,通用标准：Van,,
EU,Renault Master iii X62 l4h3 srw Van 2010-2019 EU,Renault,Master iii,Van,2010-2019,越野车,两厢车,通用标准：Van,,
EU,Renault Master iii X62 l4h3 srw Van 2013-2019 EU,Renault,Master iii,Van,2013-2019,越野车,两厢车,通用标准：Van,,
EU,Renault Master iii X62 l4h3 srw Van 2014-2019 EU,Renault,Master iii,Van,2014-2019,越野车,两厢车,通用标准：Van,,
EU,Renault Master iii X62 l4h3 srw facelift Van 2010-2024 EU,Renault,Master iii,Van,2010-2024,越野车,两厢车,通用标准：Van,,
EU,Renault Master iii X62 l4h3 srw prefl Van 2010-2024 EU,Renault,Master iii,Van,2010-2024,越野车,两厢车,通用标准：Van,,
EU,Renault Master iii X62 l4h3 srw prefl Van 2014-2024 EU,Renault,Master iii,Van,2014-2024,越野车,两厢车,通用标准：Van,,
EU,Renault Master iii X62 l4h3 srw prefl Van 2015-2024 EU,Renault,Master iii,Van,2015-2024,越野车,两厢车,通用标准：Van,,
EU,Renault Master iii X62 l4h3 srw prefl Van 2016-2020 EU,Renault,Master iii,Van,2016-2020,越野车,两厢车,通用标准：Van,,
EU,Renault Master iv XDD Bus 2024-2026 EU,Renault,Master iv,Bus,2024-2026,越野车,两厢车,通用标准：Bus,,
EU,Renault Master iv XDD l2h2 Van 2024-2026 EU,Renault,Master iv,Van,2024-2026,越野车,两厢车,通用标准：Van,,
EU,Renault Master iv XDD l3h2 Van 2024-2026 EU,Renault,Master iv,Van,2024-2026,越野车,两厢车,通用标准：Van,,
EU,Renault Master iv XDD l3h3 Van 2024-2026 EU,Renault,Master iv,Van,2024-2026,越野车,两厢车,通用标准：Van,,
EU,Renault Master pro FH__ wb3630 Van 2004-2010 EU,Renault,Master pro,Van,2004-2010,越野车,两厢车,通用标准：Van,,
EU,Renault Master pro FH__ wb3630 Van 2005-2010 EU,Renault,Master pro,Van,2005-2010,越野车,两厢车,通用标准：Van,,
EU,Renault Master pro FH__ wb4130 Van 2004-2010 EU,Renault,Master pro,Van,2004-2010,越野车,两厢车,通用标准：Van,,
EU,Renault Master pro FH__ wb4130 Van 2005-2010 EU,Renault,Master pro,Van,2005-2010,越野车,两厢车,通用标准：Van,,
EU,Renault Megane i grandtour KA Wagon 1999-2001 EU,Renault,Megane i grandtour,Wagon,1999-2001,三厢车,两厢车,通用标准：Wagon,,
EU,Renault Megane i grandtour KA Wagon 1999-2003 EU,Renault,Megane i grandtour,Wagon,1999-2003,三厢车,两厢车,通用标准：Wagon,,
EU,Renault Megane i grandtour KA Wagon 2001-2003 EU,Renault,Megane i grandtour,Wagon,2001-2003,三厢车,两厢车,通用标准：Wagon,,
EU,Renault Megane i grandtour Wagon 2001-2003 EU,Renault,Megane i grandtour,Wagon,2001-2003,三厢车,两厢车,通用标准：Wagon,,
EU,Renault Megane i hatchback van BA0 Van 2000-2003 EU,Renault,Megane i hatchback van,Van,2000-2003,越野车,两厢车,通用标准：Van,,
EU,Renault Megane i kombi van Van 2000-2000 EU,Renault,Megane i kombi van,Van,2000-2000,越野车,两厢车,通用标准：Van,,
EU,Renault Megane i kombi van Van 2001-2003 EU,Renault,Megane i kombi van,Van,2001-2003,越野车,两厢车,通用标准：Van,,
EU,Renault Megane ii KM Wagon 2005-2009 EU,Renault,Megane ii,Wagon,2005-2009,三厢车,两厢车,通用标准：Wagon,,
EU,Renault Megane ii Wagon 2003-2009 EU,Renault,Megane ii,Wagon,2003-2009,三厢车,两厢车,通用标准：Wagon,,
EU,Renault Megane ii grandtour KM Wagon 2008-2009 EU,Renault,Megane ii grandtour,Wagon,2008-2009,三厢车,两厢车,通用标准：Wagon,,
EU,Renault Megane ii grandtour Wagon 2003-2006 EU,Renault,Megane ii grandtour,Wagon,2003-2006,三厢车,两厢车,通用标准：Wagon,,
EU,Renault Megane ii grandtour Wagon 2003-2009 EU,Renault,Megane ii grandtour,Wagon,2003-2009,三厢车,两厢车,通用标准：Wagon,,
EU,Renault Megane ii grandtour Wagon 2004-2005 EU,Renault,Megane ii grandtour,Wagon,2004-2005,三厢车,两厢车,通用标准：Wagon,,
EU,Renault Megane ii grandtour Wagon 2004-2006 EU,Renault,Megane ii grandtour,Wagon,2004-2006,三厢车,两厢车,通用标准：Wagon,,
EU,Renault Megane ii grandtour Wagon 2004-2007 EU,Renault,Megane ii grandtour,Wagon,2004-2007,三厢车,两厢车,通用标准：Wagon,,
EU,Renault Megane ii grandtour Wagon 2005-2008 EU,Renault,Megane ii grandtour,Wagon,2005-2008,三厢车,两厢车,通用标准：Wagon,,
EU,Renault Megane ii grandtour Wagon 2005-2009 EU,Renault,Megane ii grandtour,Wagon,2005-2009,三厢车,两厢车,通用标准：Wagon,,
EU,Renault Megane ii grandtour Wagon 2006-2009 EU,Renault,Megane ii grandtour,Wagon,2006-2009,三厢车,两厢车,通用标准：Wagon,,
EU,Renault Megane ii grandtour Wagon 2007-2009 EU,Renault,Megane ii grandtour,Wagon,2007-2009,三厢车,两厢车,通用标准：Wagon,,
EU,Renault Megane ii hatchback van KM0/2 Van 2003-2008 EU,Renault,Megane ii hatchback van,Van,2003-2008,越野车,两厢车,通用标准：Van,,
EU,Renault Megane ii hatchback van Van 2005-2008 EU,Renault,Megane ii hatchback van,Van,2005-2008,越野车,两厢车,通用标准：Van,,
EU,Renault Megane iii combi van Wagon 2009-2015 EU,Renault,Megane iii combi van,Wagon,2009-2015,三厢车,两厢车,通用标准：Wagon,,
EU,Renault Megane iii grandtour K95 Wagon 2009-2015 EU,Renault,Megane iii grandtour,Wagon,2009-2015,三厢车,两厢车,通用标准：Wagon,,
EU,Renault Megane iii grandtour KZ0 Wagon 2010-2015 EU,Renault,Megane iii grandtour,Wagon,2010-2015,三厢车,两厢车,通用标准：Wagon,,
EU,Renault Megane iii grandtour Wagon 2012-2015 EU,Renault,Megane iii grandtour,Wagon,2012-2015,三厢车,两厢车,通用标准：Wagon,,
EU,Renault Megane iii grandtour facelift Wagon 2011-2015 EU,Renault,Megane iii grandtour,Wagon,2011-2015,三厢车,两厢车,通用标准：Wagon,,
EU,Renault Megane iii grandtour facelift Wagon 2012-2015 EU,Renault,Megane iii grandtour,Wagon,2012-2015,三厢车,两厢车,通用标准：Wagon,,
EU,Renault Megane iii grandtour facelift Wagon 2012-2016 EU,Renault,Megane iii grandtour,Wagon,2012-2016,三厢车,两厢车,通用标准：Wagon,,
EU,Renault Megane iii grandtour facelift Wagon 2013-2015 EU,Renault,Megane iii grandtour,Wagon,2013-2015,三厢车,两厢车,通用标准：Wagon,,
EU,Renault Megane iii grandtour facelift Wagon 2013-2016 EU,Renault,Megane iii grandtour,Wagon,2013-2016,三厢车,两厢车,通用标准：Wagon,,
EU,Renault Megane iii grandtour phase i ii Wagon 2008-2015 EU,Renault,Megane iii grandtour,Wagon,2008-2015,三厢车,两厢车,通用标准：Wagon,,
EU,Renault Megane iii grandtour phase iii Wagon 2008-2015 EU,Renault,Megane iii grandtour,Wagon,2008-2015,三厢车,两厢车,通用标准：Wagon,,
EU,Renault Megane iii grandtour phase12 Wagon 2009-2015 EU,Renault,Megane iii grandtour,Wagon,2009-2015,三厢车,两厢车,通用标准：Wagon,,
EU,Renault Megane iii grandtour phase3 Wagon 2009-2015 EU,Renault,Megane iii grandtour,Wagon,2009-2015,三厢车,两厢车,通用标准：Wagon,,
EU,Renault Megane iii grandtour prefl Wagon 2011-2015 EU,Renault,Megane iii grandtour,Wagon,2011-2015,三厢车,两厢车,通用标准：Wagon,,
EU,Renault Megane iii grandtour prefl Wagon 2012-2016 EU,Renault,Megane iii grandtour,Wagon,2012-2016,三厢车,两厢车,通用标准：Wagon,,
EU,Renault Megane iii grandtour prefl Wagon 2013-2015 EU,Renault,Megane iii grandtour,Wagon,2013-2015,三厢车,两厢车,通用标准：Wagon,,
EU,Renault Megane iii grandtour prefl Wagon 2013-2016 EU,Renault,Megane iii grandtour,Wagon,2013-2016,三厢车,两厢车,通用标准：Wagon,,
EU,Renault Megane iii hatchback van B95 facelift Van 2009-2015 EU,Renault,Megane iii hatchback van,Van,2009-2015,越野车,两厢车,通用标准：Van,,
EU,Renault Megane iii hatchback van B95 prefl Van 2009-2015 EU,Renault,Megane iii hatchback van,Van,2009-2015,越野车,两厢车,通用标准：Van,,
EU,Renault Megane iv grandtour KFB Wagon 2018-2026 EU,Renault,Megane iv grandtour,Wagon,2018-2026,三厢车,两厢车,通用标准：Wagon,,
EU,Renault Megane iv grandtour L4625 W1871 H1458 Wagon 2020-2026 EU,Renault,Megane iv grandtour,Wagon,2020-2026,三厢车,两厢车,通用标准：Wagon,,
EU,Renault Megane iv grandtour L4626 W1814 H1457 Wagon 2020-2026 EU,Renault,Megane iv grandtour,Wagon,2020-2026,三厢车,两厢车,通用标准：Wagon,,
EU,Renault Megane iv grandtour Wagon 2016-2026 EU,Renault,Megane iv grandtour,Wagon,2016-2026,三厢车,两厢车,通用标准：Wagon,,
EU,Renault Megane iv grandtour Wagon 2017-2026 EU,Renault,Megane iv grandtour,Wagon,2017-2026,三厢车,两厢车,通用标准：Wagon,,
EU,Renault Megane iv grandtour Wagon 2018-2026 EU,Renault,Megane iv grandtour,Wagon,2018-2026,三厢车,两厢车,通用标准：Wagon,,
EU,Renault Megane iv grandtour Wagon 2019-2026 EU,Renault,Megane iv grandtour,Wagon,2019-2026,三厢车,两厢车,通用标准：Wagon,,
EU,Renault Megane iv grandtour Wagon 2021-2026 EU,Renault,Megane iv grandtour,Wagon,2021-2026,三厢车,两厢车,通用标准：Wagon,,
EU,Renault Megane scénic JA0 MPV 1997-1999 EU,Renault,Megane scénic,MPV,1997-1999,越野车,两厢车,通用标准：MPV,,
EU,Renault Megane scénic MPV 1996-1999 EU,Renault,Megane scénic,MPV,1996-1999,越野车,两厢车,通用标准：MPV,,
EU,Renault Megane scénic MPV 1997-1999 EU,Renault,Megane scénic,MPV,1997-1999,越野车,两厢车,通用标准：MPV,,
EU,Renault Megane scénic MPV 1998-1999 EU,Renault,Megane scénic,MPV,1998-1999,越野车,两厢车,通用标准：MPV,,
EU,Renault Megane scénic MPV 1999-1999 EU,Renault,Megane scénic,MPV,1999-1999,越野车,两厢车,通用标准：MPV,,
EU,Renault Megane scénic van MPV 1997-1999 EU,Renault,Megane scénic van,MPV,1997-1999,越野车,两厢车,通用标准：MPV,,
EU,Renault Modus / grand J77 MPV 2010-2013 EU,Renault,Modus / grand,MPV,2010-2013,越野车,两厢车,通用标准：MPV,,
EU,Renault Modus / grand MPV 2004-2007 EU,Renault,Modus / grand,MPV,2004-2007,越野车,两厢车,通用标准：MPV,,
EU,Renault Modus / grand MPV 2005-2007 EU,Renault,Modus / grand,MPV,2005-2007,越野车,两厢车,通用标准：MPV,,
EU,Renault Modus / grand R77 MPV 2010-2013 EU,Renault,Modus / grand,MPV,2010-2013,越野车,两厢车,通用标准：MPV,,
EU,Renault Modus / grand facelift MPV 2004-2013 EU,Renault,Modus / grand,MPV,2004-2013,越野车,两厢车,通用标准：MPV,,
EU,Renault Modus / grand facelift MPV 2011-2013 EU,Renault,Modus / grand,MPV,2011-2013,越野车,两厢车,通用标准：MPV,,
EU,Renault Modus / grand grand MPV 2004-2013 EU,Renault,Modus / grand,MPV,2004-2013,越野车,两厢车,通用标准：MPV,,
EU,Renault Modus / grand grand MPV 2005-2013 EU,Renault,Modus / grand,MPV,2005-2013,越野车,两厢车,通用标准：MPV,,
EU,Renault Modus / grand grand MPV 2007-2013 EU,Renault,Modus / grand,MPV,2007-2013,越野车,两厢车,通用标准：MPV,,
EU,Renault Modus / grand grand MPV 2011-2013 EU,Renault,Modus / grand,MPV,2011-2013,越野车,两厢车,通用标准：MPV,,
EU,Renault Modus / grand lwb MPV 2008-2013 EU,Renault,Modus / grand,MPV,2008-2013,越野车,两厢车,通用标准：MPV,,
EU,Renault Modus / grand modus facelift MPV 2005-2013 EU,Renault,Modus / grand,MPV,2005-2013,越野车,两厢车,通用标准：MPV,,
EU,Renault Modus / grand modus facelift MPV 2007-2013 EU,Renault,Modus / grand,MPV,2007-2013,越野车,两厢车,通用标准：MPV,,
EU,Renault Modus / grand modus prefl MPV 2005-2013 EU,Renault,Modus / grand,MPV,2005-2013,越野车,两厢车,通用标准：MPV,,
EU,Renault Modus / grand modus prefl MPV 2007-2013 EU,Renault,Modus / grand,MPV,2007-2013,越野车,两厢车,通用标准：MPV,,
EU,Renault Modus / grand prefl MPV 2004-2013 EU,Renault,Modus / grand,MPV,2004-2013,越野车,两厢车,通用标准：MPV,,
EU,Renault Modus / grand swb MPV 2008-2013 EU,Renault,Modus / grand,MPV,2008-2013,越野车,两厢车,通用标准：MPV,,
EU,Renault Rapid 1989update Van 1985-1995 EU,Renault,Rapid,Van,1985-1995,越野车,两厢车,通用标准：Van,,
EU,Renault Rapid 1989update Van 1986-1991 EU,Renault,Rapid,Van,1986-1991,越野车,两厢车,通用标准：Van,,
EU,Renault Rapid 1989update Van 1986-1998 EU,Renault,Rapid,Van,1986-1998,越野车,两厢车,通用标准：Van,,
EU,Renault Rapid 1989update Van 1987-1991 EU,Renault,Rapid,Van,1987-1991,越野车,两厢车,通用标准：Van,,
EU,Renault Rapid 1989update Van 1988-1998 EU,Renault,Rapid,Van,1988-1998,越野车,两厢车,通用标准：Van,,
EU,Renault Rapid F40 Van 1991-1997 EU,Renault,Rapid,Van,1991-1997,越野车,两厢车,通用标准：Van,,
EU,Renault Rapid F40 facelift Van 1986-1992 EU,Renault,Rapid,Van,1986-1992,越野车,两厢车,通用标准：Van,,
EU,Renault Rapid F40 prefl Van 1986-1992 EU,Renault,Rapid,Van,1986-1992,越野车,两厢车,通用标准：Van,,
EU,Renault Rapid F402 Van 1985-1991 EU,Renault,Rapid,Van,1985-1991,越野车,两厢车,通用标准：Van,,
EU,Renault Rapid G40 Van 1991-1997 EU,Renault,Rapid,Van,1991-1997,越野车,两厢车,通用标准：Van,,
EU,Renault Rapid Van 1985-1991 EU,Renault,Rapid,Van,1985-1991,越野车,两厢车,通用标准：Van,,
EU,Renault Rapid Van 1991-1993 EU,Renault,Rapid,Van,1991-1993,越野车,两厢车,通用标准：Van,,
EU,Renault Rapid Van 1991-1998 EU,Renault,Rapid,Van,1991-1998,越野车,两厢车,通用标准：Van,,
EU,Renault Rapid Van 1994-1998 EU,Renault,Rapid,Van,1994-1998,越野车,两厢车,通用标准：Van,,
EU,Renault Rapid Van 1995-1997 EU,Renault,Rapid,Van,1995-1997,越野车,两厢车,通用标准：Van,,
EU,Renault Rapid facelift Van 1985-1995 EU,Renault,Rapid,Van,1985-1995,越野车,两厢车,通用标准：Van,,
EU,Renault Rapid facelift Van 1986-1998 EU,Renault,Rapid,Van,1986-1998,越野车,两厢车,通用标准：Van,,
EU,Renault Rapid facelift Van 1988-1998 EU,Renault,Rapid,Van,1988-1998,越野车,两厢车,通用标准：Van,,
EU,Renault Rapid pre89 Van 1985-1995 EU,Renault,Rapid,Van,1985-1995,越野车,两厢车,通用标准：Van,,
EU,Renault Rapid pre89 Van 1986-1991 EU,Renault,Rapid,Van,1986-1991,越野车,两厢车,通用标准：Van,,
EU,Renault Rapid pre89 Van 1986-1998 EU,Renault,Rapid,Van,1986-1998,越野车,两厢车,通用标准：Van,,
EU,Renault Rapid pre89 Van 1987-1991 EU,Renault,Rapid,Van,1987-1991,越野车,两厢车,通用标准：Van,,
EU,Renault Rapid pre89 Van 1988-1998 EU,Renault,Rapid,Van,1988-1998,越野车,两厢车,通用标准：Van,,
EU,Renault Scénic i JA0/1 MPV 2000-2001 EU,Renault,Scénic i,MPV,2000-2001,越野车,两厢车,通用标准：MPV,,
EU,Renault Scénic i L4169 W1719 H1600 MPV 1999-2001 EU,Renault,Scénic i,MPV,1999-2001,越野车,两厢车,通用标准：MPV,,
EU,Renault Scénic i L4169 W1719 H1600 MPV 2000-2003 EU,Renault,Scénic i,MPV,2000-2003,越野车,两厢车,通用标准：MPV,,
EU,Renault Scénic i L4169 W1719 H1600 MPV 2001-2003 EU,Renault,Scénic i,MPV,2001-2003,越野车,两厢车,通用标准：MPV,,
EU,Renault Scénic i L4170 W1700 H1680 MPV 1999-2001 EU,Renault,Scénic i,MPV,1999-2001,越野车,两厢车,通用标准：MPV,,
EU,Renault Scénic i L4170 W1700 H1680 MPV 2001-2003 EU,Renault,Scénic i,MPV,2001-2003,越野车,两厢车,通用标准：MPV,,
EU,Renault Scénic i L4424 W1775 H1720 MPV 2000-2003 EU,Renault,Scénic i,MPV,2000-2003,越野车,两厢车,通用标准：MPV,,
EU,Renault Scénic i MPV 1999-2003 EU,Renault,Scénic i,MPV,1999-2003,越野车,两厢车,通用标准：MPV,,
EU,Renault Scénic i MPV 2002-2003 EU,Renault,Scénic i,MPV,2002-2003,越野车,两厢车,通用标准：MPV,,
EU,Renault Scénic i van MPV 1999-2001 EU,Renault,Scénic i van,MPV,1999-2001,越野车,两厢车,通用标准：MPV,,
EU,Renault Scénic ii JM MPV 2006-2008 EU,Renault,Scénic ii,MPV,2006-2008,越野车,两厢车,通用标准：MPV,,
EU,Renault Scénic ii JM facelift MPV 2003-2008 EU,Renault,Scénic ii,MPV,2003-2008,越野车,两厢车,通用标准：MPV,,
EU,Renault Scénic ii JM prefl MPV 2003-2008 EU,Renault,Scénic ii,MPV,2003-2008,越野车,两厢车,通用标准：MPV,,
EU,Renault Scénic ii MPV 2003-2005 EU,Renault,Scénic ii,MPV,2003-2005,越野车,两厢车,通用标准：MPV,,
EU,Renault Scénic ii MPV 2003-2006 EU,Renault,Scénic ii,MPV,2003-2006,越野车,两厢车,通用标准：MPV,,
EU,Renault Scénic ii MPV 2006-2008 EU,Renault,Scénic ii,MPV,2006-2008,越野车,两厢车,通用标准：MPV,,
EU,Renault Scénic ii MPV 2007-2008 EU,Renault,Scénic ii,MPV,2007-2008,越野车,两厢车,通用标准：MPV,,
EU,Renault Scénic ii facelift L4263 W1805 H1620 MPV 2005-2008 EU,Renault,Scénic ii,MPV,2005-2008,越野车,两厢车,通用标准：MPV,,
EU,Renault Scénic ii facelift L4264 W1810 H1620 MPV 2005-2008 EU,Renault,Scénic ii,MPV,2005-2008,越野车,两厢车,通用标准：MPV,,
EU,Renault Scénic ii facelift MPV 2003-2006 EU,Renault,Scénic ii,MPV,2003-2006,越野车,两厢车,通用标准：MPV,,
EU,Renault Scénic ii facelift MPV 2003-2008 EU,Renault,Scénic ii,MPV,2003-2008,越野车,两厢车,通用标准：MPV,,
EU,Renault Scénic ii facelift MPV 2003-2009 EU,Renault,Scénic ii,MPV,2003-2009,越野车,两厢车,通用标准：MPV,,
EU,Renault Scénic ii facelift MPV 2004-2008 EU,Renault,Scénic ii,MPV,2004-2008,越野车,两厢车,通用标准：MPV,,
EU,Renault Scénic ii prefl MPV 2003-2008 EU,Renault,Scénic ii,MPV,2003-2008,越野车,两厢车,通用标准：MPV,,
EU,Renault Scénic ii prefl MPV 2003-2009 EU,Renault,Scénic ii,MPV,2003-2009,越野车,两厢车,通用标准：MPV,,
EU,Renault Scénic ii prefl MPV 2004-2008 EU,Renault,Scénic ii,MPV,2004-2008,越野车,两厢车,通用标准：MPV,,
EU,Renault Scénic ii prefl MPV 2005-2008 EU,Renault,Scénic ii,MPV,2005-2008,越野车,两厢车,通用标准：MPV,,
EU,Renault Scénic iii MPV 2012-2013 EU,Renault,Scénic iii,MPV,2012-2013,越野车,两厢车,通用标准：MPV,,
EU,Renault Scénic iii MPV 2012-2016 EU,Renault,Scénic iii,MPV,2012-2016,越野车,两厢车,通用标准：MPV,,
EU,Renault Scénic iii MPV 2013-2016 EU,Renault,Scénic iii,MPV,2013-2016,越野车,两厢车,通用标准：MPV,,
EU,Renault Scénic iii facelift MPV 2009-2016 EU,Renault,Scénic iii,MPV,2009-2016,越野车,两厢车,通用标准：MPV,,
EU,Renault Scénic iii facelift MPV 2011-2016 EU,Renault,Scénic iii,MPV,2011-2016,越野车,两厢车,通用标准：MPV,,
EU,Renault Scénic iii phase1 MPV 2009-2016 EU,Renault,Scénic iii,MPV,2009-2016,越野车,两厢车,通用标准：MPV,,
EU,Renault Scénic iii phase1 MPV 2010-2016 EU,Renault,Scénic iii,MPV,2010-2016,越野车,两厢车,通用标准：MPV,,
EU,Renault Scénic iii phase2 MPV 2010-2016 EU,Renault,Scénic iii,MPV,2010-2016,越野车,两厢车,通用标准：MPV,,
EU,Renault Scénic iii prefl MPV 2009-2016 EU,Renault,Scénic iii,MPV,2009-2016,越野车,两厢车,通用标准：MPV,,
EU,Renault Scénic iii prefl MPV 2011-2016 EU,Renault,Scénic iii,MPV,2011-2016,越野车,两厢车,通用标准：MPV,,
EU,Renault Scénic iii van MPV 2013-2016 EU,Renault,Scénic iii van,MPV,2013-2016,越野车,两厢车,通用标准：MPV,,
EU,Renault Scénic iii van facelift MPV 2009-2016 EU,Renault,Scénic iii van,MPV,2009-2016,越野车,两厢车,通用标准：MPV,,
EU,Renault Scénic iii van prefl MPV 2009-2016 EU,Renault,Scénic iii van,MPV,2009-2016,越野车,两厢车,通用标准：MPV,,
EU,Renault Scénic iv MPV 2016-2022 EU,Renault,Scénic iv,MPV,2016-2022,越野车,两厢车,通用标准：MPV,,
EU,Renault Scénic iv MPV 2017-2022 EU,Renault,Scénic iv,MPV,2017-2022,越野车,两厢车,通用标准：MPV,,
EU,Renault Scénic iv MPV 2018-2022 EU,Renault,Scénic iv,MPV,2018-2022,越野车,两厢车,通用标准：MPV,,
EU,Renault Talisman KFD Wagon 2019-2022 EU,Renault,Talisman,Wagon,2019-2022,三厢车,两厢车,通用标准：Wagon,,
EU,Renault Talisman Wagon 2016-2022 EU,Renault,Talisman,Wagon,2016-2022,三厢车,两厢车,通用标准：Wagon,,
EU,Renault Talisman Wagon 2018-2022 EU,Renault,Talisman,Wagon,2018-2022,三厢车,两厢车,通用标准：Wagon,,
EU,Renault Talisman Wagon 2019-2022 EU,Renault,Talisman,Wagon,2019-2022,三厢车,两厢车,通用标准：Wagon,,
EU,Renault Talisman Wagon 2021-2022 EU,Renault,Talisman,Wagon,2021-2022,三厢车,两厢车,通用标准：Wagon,,
EU,Renault Trafic Bus 1980-1985 EU,Renault,Trafic,Bus,1980-1985,越野车,两厢车,通用标准：Bus,,
EU,Renault Trafic Bus 1984-1986 EU,Renault,Trafic,Bus,1984-1986,越野车,两厢车,通用标准：Bus,,
EU,Renault Trafic Bus 1989-1990 EU,Renault,Trafic,Bus,1989-1990,越野车,两厢车,通用标准：Bus,,
EU,Renault Trafic Bus 1989-1994 EU,Renault,Trafic,Bus,1989-1994,越野车,两厢车,通用标准：Bus,,
EU,Renault Trafic Bus 1989-2001 EU,Renault,Trafic,Bus,1989-2001,越野车,两厢车,通用标准：Bus,,
EU,Renault Trafic Bus 1992-1994 EU,Renault,Trafic,Bus,1992-1994,越野车,两厢车,通用标准：Bus,,
EU,Renault Trafic Bus 1994-1997 EU,Renault,Trafic,Bus,1994-1997,越野车,两厢车,通用标准：Bus,,
EU,Renault Trafic L4337 W1905 H2037 Bus 1986-1989 EU,Renault,Trafic,Bus,1986-1989,越野车,两厢车,通用标准：Bus,,
EU,Renault Trafic L4337 W1905 H2037 Van 1980-1985 EU,Renault,Trafic,Van,1980-1985,越野车,两厢车,通用标准：Van,,
EU,Renault Trafic L4542 W1905 H2037 Bus 1986-1989 EU,Renault,Trafic,Bus,1986-1989,越野车,两厢车,通用标准：Bus,,
EU,Renault Trafic L4737 W1905 H2425 Van 1980-1985 EU,Renault,Trafic,Van,1980-1985,越野车,两厢车,通用标准：Van,,
EU,Renault Trafic T4 l1h1 Van 1985-1986 EU,Renault,Trafic,Van,1985-1986,越野车,两厢车,通用标准：Van,,
EU,Renault Trafic T4 l1h2 Van 1985-1986 EU,Renault,Trafic,Van,1985-1986,越野车,两厢车,通用标准：Van,,
EU,Renault Trafic T5 Bus 1985-1989 EU,Renault,Trafic,Bus,1985-1989,越野车,两厢车,通用标准：Bus,,
EU,Renault Trafic TXW MPV 1989-2001 EU,Renault,Trafic,MPV,1989-2001,越野车,两厢车,通用标准：MPV,,
EU,Renault Trafic TXW Van 1997-2001 EU,Renault,Trafic,Van,1997-2001,越野车,两厢车,通用标准：Van,,
EU,Renault Trafic TXX l1h1 Van 1989-1991 EU,Renault,Trafic,Van,1989-1991,越野车,两厢车,通用标准：Van,,
EU,Renault Trafic TXX l1h1 Van 1997-2001 EU,Renault,Trafic,Van,1997-2001,越野车,两厢车,通用标准：Van,,
EU,Renault Trafic TXX l1h2 Van 1989-1991 EU,Renault,Trafic,Van,1989-1991,越野车,两厢车,通用标准：Van,,
EU,Renault Trafic TXX l1h2 Van 1997-2001 EU,Renault,Trafic,Van,1997-2001,越野车,两厢车,通用标准：Van,,
EU,Renault Trafic TXX l2h2 Van 1989-1991 EU,Renault,Trafic,Van,1989-1991,越野车,两厢车,通用标准：Van,,
EU,Renault Trafic TXX l2h2 Van 1997-2001 EU,Renault,Trafic,Van,1997-2001,越野车,两厢车,通用标准：Van,,
EU,Renault Trafic Van 1980-1986 EU,Renault,Trafic,Van,1980-1986,越野车,两厢车,通用标准：Van,,
EU,Renault Trafic Van 1980-1989 EU,Renault,Trafic,Van,1980-1989,越野车,两厢车,通用标准：Van,,
EU,Renault Trafic Van 1983-1986 EU,Renault,Trafic,Van,1983-1986,越野车,两厢车,通用标准：Van,,
EU,Renault Trafic Van 1985-1989 EU,Renault,Trafic,Van,1985-1989,越野车,两厢车,通用标准：Van,,
EU,Renault Trafic Van 1986-1989 EU,Renault,Trafic,Van,1986-1989,越野车,两厢车,通用标准：Van,,
EU,Renault Trafic ii FL l1h1 Van 2001-2006 EU,Renault,Trafic ii,Van,2001-2006,越野车,两厢车,通用标准：Van,,
EU,Renault Trafic ii FL l1h1 Van 2001-2026 EU,Renault,Trafic ii,Van,2001-2026,越野车,两厢车,通用标准：Van,,
EU,Renault Trafic ii FL l1h1 Van 2003-2006 EU,Renault,Trafic ii,Van,2003-2006,越野车,两厢车,通用标准：Van,,
EU,Renault Trafic ii FL l1h2 Van 2001-2006 EU,Renault,Trafic ii,Van,2001-2006,越野车,两厢车,通用标准：Van,,
EU,Renault Trafic ii FL l1h2 Van 2001-2026 EU,Renault,Trafic ii,Van,2001-2026,越野车,两厢车,通用标准：Van,,
EU,Renault Trafic ii FL l1h2 Van 2003-2006 EU,Renault,Trafic ii,Van,2003-2006,越野车,两厢车,通用标准：Van,,
EU,Renault Trafic ii FL l2h1 Van 2001-2006 EU,Renault,Trafic ii,Van,2001-2006,越野车,两厢车,通用标准：Van,,
EU,Renault Trafic ii FL l2h1 Van 2001-2026 EU,Renault,Trafic ii,Van,2001-2026,越野车,两厢车,通用标准：Van,,
EU,Renault Trafic ii FL l2h1 Van 2003-2006 EU,Renault,Trafic ii,Van,2003-2006,越野车,两厢车,通用标准：Van,,
EU,Renault Trafic ii FL l2h2 Van 2001-2006 EU,Renault,Trafic ii,Van,2001-2006,越野车,两厢车,通用标准：Van,,
EU,Renault Trafic ii FL l2h2 Van 2001-2026 EU,Renault,Trafic ii,Van,2001-2026,越野车,两厢车,通用标准：Van,,
EU,Renault Trafic ii FL l2h2 Van 2003-2006 EU,Renault,Trafic ii,Van,2003-2006,越野车,两厢车,通用标准：Van,,
EU,Renault Trafic ii JL l1h1 MPV 2001-2006 EU,Renault,Trafic ii,MPV,2001-2006,越野车,两厢车,通用标准：MPV,,
EU,Renault Trafic ii JL l1h1 MPV 2001-2026 EU,Renault,Trafic ii,MPV,2001-2026,越野车,两厢车,通用标准：MPV,,
EU,Renault Trafic ii JL l1h1 MPV 2003-2006 EU,Renault,Trafic ii,MPV,2003-2006,越野车,两厢车,通用标准：MPV,,
EU,Renault Trafic ii JL l2h1 MPV 2001-2006 EU,Renault,Trafic ii,MPV,2001-2006,越野车,两厢车,通用标准：MPV,,
EU,Renault Trafic ii JL l2h1 MPV 2001-2026 EU,Renault,Trafic ii,MPV,2001-2026,越野车,两厢车,通用标准：MPV,,
EU,Renault Trafic ii JL l2h1 MPV 2003-2006 EU,Renault,Trafic ii,MPV,2003-2006,越野车,两厢车,通用标准：MPV,,
EU,Renault Trafic ii X83 lwb MPV 2008-2026 EU,Renault,Trafic ii,MPV,2008-2026,越野车,两厢车,通用标准：MPV,,
EU,Renault Trafic ii X83 swb MPV 2008-2026 EU,Renault,Trafic ii,MPV,2008-2026,越野车,两厢车,通用标准：MPV,,
EU,Renault Trafic ii l1h1 Bus 2006-2026 EU,Renault,Trafic ii,Bus,2006-2026,越野车,两厢车,通用标准：Bus,,
EU,Renault Trafic ii l1h1 Van 2006-2026 EU,Renault,Trafic ii,Van,2006-2026,越野车,两厢车,通用标准：Van,,
EU,Renault Trafic ii l1h1 Van 2007-2026 EU,Renault,Trafic ii,Van,2007-2026,越野车,两厢车,通用标准：Van,,
EU,Renault Trafic ii l1h2 Van 2006-2026 EU,Renault,Trafic ii,Van,2006-2026,越野车,两厢车,通用标准：Van,,
EU,Renault Trafic ii l1h2 Van 2007-2026 EU,Renault,Trafic ii,Van,2007-2026,越野车,两厢车,通用标准：Van,,
EU,Renault Trafic ii l2h1 Bus 2006-2026 EU,Renault,Trafic ii,Bus,2006-2026,越野车,两厢车,通用标准：Bus,,
EU,Renault Trafic ii l2h1 Van 2006-2026 EU,Renault,Trafic ii,Van,2006-2026,越野车,两厢车,通用标准：Van,,
EU,Renault Trafic ii l2h1 Van 2007-2026 EU,Renault,Trafic ii,Van,2007-2026,越野车,两厢车,通用标准：Van,,
EU,Renault Trafic ii l2h2 Van 2007-2026 EU,Renault,Trafic ii,Van,2007-2026,越野车,两厢车,通用标准：Van,,
EU,Renault Trafic ii lwb Van 2006-2026 EU,Renault,Trafic ii,Van,2006-2026,越野车,两厢车,通用标准：Van,,
EU,Renault Trafic ii lwb highroof Van 2006-2026 EU,Renault,Trafic ii,Van,2006-2026,越野车,两厢车,通用标准：Van,,
EU,Renault Trafic ii swb Van 2006-2026 EU,Renault,Trafic ii,Van,2006-2026,越野车,两厢车,通用标准：Van,,
EU,Renault Trafic iii X82 l1h1 MPV 2019-2026 EU,Renault,Trafic iii,MPV,2019-2026,越野车,两厢车,通用标准：MPV,,
EU,Renault Trafic iii X82 l1h1 MPV 2021-2026 EU,Renault,Trafic iii,MPV,2021-2026,越野车,两厢车,通用标准：MPV,,
EU,Renault Trafic iii X82 l1h1 Van 2014-2026 EU,Renault,Trafic iii,Van,2014-2026,越野车,两厢车,通用标准：Van,,
EU,Renault Trafic iii X82 l1h1 Van 2015-2026 EU,Renault,Trafic iii,Van,2015-2026,越野车,两厢车,通用标准：Van,,
EU,Renault Trafic iii X82 l1h1 Van 2019-2026 EU,Renault,Trafic iii,Van,2019-2026,越野车,两厢车,通用标准：Van,,
EU,Renault Trafic iii X82 l1h1 Van 2021-2026 EU,Renault,Trafic iii,Van,2021-2026,越野车,两厢车,通用标准：Van,,
EU,Renault Trafic iii X82 l1h1 Van 2023-2026 EU,Renault,Trafic iii,Van,2023-2026,越野车,两厢车,通用标准：Van,,
EU,Renault Trafic iii X82 l1h2 Van 2014-2026 EU,Renault,Trafic iii,Van,2014-2026,越野车,两厢车,通用标准：Van,,
EU,Renault Trafic iii X82 l1h2 Van 2015-2026 EU,Renault,Trafic iii,Van,2015-2026,越野车,两厢车,通用标准：Van,,
EU,Renault Trafic iii X82 l1h2 Van 2019-2026 EU,Renault,Trafic iii,Van,2019-2026,越野车,两厢车,通用标准：Van,,
EU,Renault Trafic iii X82 l1h2 Van 2021-2026 EU,Renault,Trafic iii,Van,2021-2026,越野车,两厢车,通用标准：Van,,
EU,Renault Trafic iii X82 l2h1 MPV 2019-2026 EU,Renault,Trafic iii,MPV,2019-2026,越野车,两厢车,通用标准：MPV,,
EU,Renault Trafic iii X82 l2h1 MPV 2021-2026 EU,Renault,Trafic iii,MPV,2021-2026,越野车,两厢车,通用标准：MPV,,
EU,Renault Trafic iii X82 l2h1 Van 2014-2026 EU,Renault,Trafic iii,Van,2014-2026,越野车,两厢车,通用标准：Van,,
EU,Renault Trafic iii X82 l2h1 Van 2015-2026 EU,Renault,Trafic iii,Van,2015-2026,越野车,两厢车,通用标准：Van,,
EU,Renault Trafic iii X82 l2h1 Van 2019-2026 EU,Renault,Trafic iii,Van,2019-2026,越野车,两厢车,通用标准：Van,,
EU,Renault Trafic iii X82 l2h1 Van 2021-2026 EU,Renault,Trafic iii,Van,2021-2026,越野车,两厢车,通用标准：Van,,
EU,Renault Trafic iii X82 l2h1 Van 2023-2026 EU,Renault,Trafic iii,Van,2023-2026,越野车,两厢车,通用标准：Van,,
EU,Renault Trafic iii X82 l2h2 Van 2014-2026 EU,Renault,Trafic iii,Van,2014-2026,越野车,两厢车,通用标准：Van,,
EU,Renault Trafic iii X82 l2h2 Van 2015-2026 EU,Renault,Trafic iii,Van,2015-2026,越野车,两厢车,通用标准：Van,,
EU,Renault Trafic iii X82 l2h2 Van 2019-2026 EU,Renault,Trafic iii,Van,2019-2026,越野车,两厢车,通用标准：Van,,
EU,Renault Trafic iii X82 l2h2 Van 2021-2026 EU,Renault,Trafic iii,Van,2021-2026,越野车,两厢车,通用标准：Van,,
EU,Renault Trafic iii X82 l2h2 Van 2023-2026 EU,Renault,Trafic iii,Van,2023-2026,越野车,两厢车,通用标准：Van,,
EU,Renault Trafic post86 Bus 1980-1989 EU,Renault,Trafic,Bus,1980-1989,越野车,两厢车,通用标准：Bus,,
EU,Renault Trafic pre86 Bus 1980-1989 EU,Renault,Trafic,Bus,1980-1989,越野车,两厢车,通用标准：Bus,,
EU,Renault Trucks B FN40C1 Van 1986-1990 EU,Renault Trucks,B,Van,1986-1990,越野车,两厢车,通用标准：Van,,
EU,Renault Trucks B FN40C1 Van 1990-1992 EU,Renault Trucks,B,Van,1990-1992,越野车,两厢车,通用标准：Van,,
EU,Renault Trucks B Pritsche/Fahrgestell 1983-1990 EU,Renault Trucks,B,Pritsche/Fahrgestell,1983-1990,,皮卡,通用标准：Pritsche/Fahrgestell,,
EU,Renault Trucks B Pritsche/Fahrgestell 1986-1990 EU,Renault Trucks,B,Pritsche/Fahrgestell,1986-1990,,皮卡,通用标准：Pritsche/Fahrgestell,,
EU,Renault Trucks B Pritsche/Fahrgestell 1990-1992 EU,Renault Trucks,B,Pritsche/Fahrgestell,1990-1992,,皮卡,通用标准：Pritsche/Fahrgestell,,
EU,Renault Trucks B Van 1983-1990 EU,Renault Trucks,B,Van,1983-1990,越野车,两厢车,通用标准：Van,,
EU,Renault Trucks Mascott A02300015 Van 2004-2010 EU,Renault Trucks,Mascott,Van,2004-2010,越野车,两厢车,通用标准：Van,,
EU,Renault Trucks Mascott lwb Van 1999-2001 EU,Renault Trucks,Mascott,Van,1999-2001,越野车,两厢车,通用标准：Van,,
EU,Renault Trucks Mascott lwb Van 1999-2004 EU,Renault Trucks,Mascott,Van,1999-2004,越野车,两厢车,通用标准：Van,,
EU,Renault Trucks Mascott lwb Van 2001-2004 EU,Renault Trucks,Mascott,Van,2001-2004,越野车,两厢车,通用标准：Van,,
EU,Renault Trucks Mascott lwb Van 2004-2010 EU,Renault Trucks,Mascott,Van,2004-2010,越野车,两厢车,通用标准：Van,,
EU,Renault Trucks Mascott swb Van 1999-2001 EU,Renault Trucks,Mascott,Van,1999-2001,越野车,两厢车,通用标准：Van,,
EU,Renault Trucks Mascott swb Van 1999-2004 EU,Renault Trucks,Mascott,Van,1999-2004,越野车,两厢车,通用标准：Van,,
EU,Renault Trucks Mascott swb Van 2001-2004 EU,Renault Trucks,Mascott,Van,2001-2004,越野车,两厢车,通用标准：Van,,
EU,Renault Trucks Mascott swb Van 2004-2010 EU,Renault Trucks,Mascott,Van,2004-2010,越野车,两厢车,通用标准：Van,,
EU,Renault Trucks Mascott wb3630 Van 2001-2004 EU,Renault Trucks,Mascott,Van,2001-2004,越野车,两厢车,通用标准：Van,,
EU,Renault Trucks Mascott wb3630 Van 2004-2010 EU,Renault Trucks,Mascott,Van,2004-2010,越野车,两厢车,通用标准：Van,,
EU,Renault Trucks Mascott wb4130 Van 2001-2004 EU,Renault Trucks,Mascott,Van,2001-2004,越野车,两厢车,通用标准：Van,,
EU,Renault Trucks Mascott wb4130 Van 2004-2010 EU,Renault Trucks,Mascott,Van,2004-2010,越野车,两厢车,通用标准：Van,,
EU,Renault Trucks Messenger 4X4F06 Van 1996-1999 EU,Renault Trucks,Messenger,Van,1996-1999,越野车,两厢车,通用标准：Van,,
EU,Renault Trucks Messenger FN40A5 Van 1990-1999 EU,Renault Trucks,Messenger,Van,1990-1999,越野车,两厢车,通用标准：Van,,
EU,Renault Trucks Messenger FN40B5 Van 1990-1999 EU,Renault Trucks,Messenger,Van,1990-1999,越野车,两厢车,通用标准：Van,,
EU,Renault Trucks Messenger FN60 Van 1996-1999 EU,Renault Trucks,Messenger,Van,1996-1999,越野车,两厢车,通用标准：Van,,
EU,Renault Trucks Messenger FN60F5 Van 1994-1996 EU,Renault Trucks,Messenger,Van,1994-1996,越野车,两厢车,通用标准：Van,,
EU,Renault Trucks Messenger FN60F7 Van 1996-1999 EU,Renault Trucks,Messenger,Van,1996-1999,越野车,两厢车,通用标准：Van,,
EU,Rivian Edv series RCV Van 2023-2026 EU,Rivian,Edv series,Van,2023-2026,越野车,两厢车,通用标准：Van,,
EU,Rover 400 XW Wagon 1993-1998 EU,Rover,400,Wagon,1993-1998,三厢车,两厢车,通用标准：Wagon,,
EU,Rover 400 XW Wagon 1994-1998 EU,Rover,400,Wagon,1994-1998,三厢车,两厢车,通用标准：Wagon,,
EU,Rover 400 XW Wagon 1996-1998 EU,Rover,400,Wagon,1996-1998,三厢车,两厢车,通用标准：Wagon,,
EU,Rover 75 R40 facelift Wagon 2001-2005 EU,Rover,75,Wagon,2001-2005,三厢车,两厢车,通用标准：Wagon,,
EU,Rover 75 R40 facelift Wagon 2003-2005 EU,Rover,75,Wagon,2003-2005,三厢车,两厢车,通用标准：Wagon,,
EU,Rover 75 R40 prefl Wagon 2001-2005 EU,Rover,75,Wagon,2001-2005,三厢车,两厢车,通用标准：Wagon,,
EU,Rover 75 R40 prefl Wagon 2003-2005 EU,Rover,75,Wagon,2003-2005,三厢车,两厢车,通用标准：Wagon,,
EU,Rover 800 Fastback 1987-1988 EU,Rover,800,Fastback,1987-1988,跑车,三厢车,联网判定：Fastback,1988 起五门 fastback，由四门轿车衍生的长斜背,https://en.wikipedia.org/wiki/Rover_800_series
EU,Rover Montego LM11 Wagon 1990-1993 EU,Rover,Montego,Wagon,1990-1993,三厢车,两厢车,通用标准：Wagon,,
EU,Rover Montego Wagon 1984-1988 EU,Rover,Montego,Wagon,1984-1988,三厢车,两厢车,通用标准：Wagon,,
EU,Rover Montego Wagon 1990-1992 EU,Rover,Montego,Wagon,1990-1992,三厢车,两厢车,通用标准：Wagon,,
EU,Rover Montego Wagon 1993-1993 EU,Rover,Montego,Wagon,1993-1993,三厢车,两厢车,通用标准：Wagon,,
EU,Saab 9-3 L4670 W1762 H1496 Wagon 2007-2015 EU,Saab,9-3,Wagon,2007-2015,三厢车,两厢车,通用标准：Wagon,,
EU,Saab 9-3 L4691 W1762 H1492 Wagon 2007-2015 EU,Saab,9-3,Wagon,2007-2015,三厢车,两厢车,通用标准：Wagon,,
EU,Saab 9-3 Wagon 2005-2015 EU,Saab,9-3,Wagon,2005-2015,三厢车,两厢车,通用标准：Wagon,,
EU,Saab 9-3 Wagon 2008-2015 EU,Saab,9-3,Wagon,2008-2015,三厢车,两厢车,通用标准：Wagon,,
EU,Saab 9-3 Wagon 2009-2015 EU,Saab,9-3,Wagon,2009-2015,三厢车,两厢车,通用标准：Wagon,,
EU,Saab 9-3 YS3F Wagon 2008-2010 EU,Saab,9-3,Wagon,2008-2010,三厢车,两厢车,通用标准：Wagon,,
EU,Saab 9-3 YS3F Wagon 2008-2011 EU,Saab,9-3,Wagon,2008-2011,三厢车,两厢车,通用标准：Wagon,,
EU,Saab 9-3 YS3F Wagon 2008-2015 EU,Saab,9-3,Wagon,2008-2015,三厢车,两厢车,通用标准：Wagon,,
EU,Saab 9-3 YS3F Wagon 2009-2015 EU,Saab,9-3,Wagon,2009-2015,三厢车,两厢车,通用标准：Wagon,,
EU,Saab 9-3 YS3F Wagon 2011-2015 EU,Saab,9-3,Wagon,2011-2015,三厢车,两厢车,通用标准：Wagon,,
EU,Saab 9-3 YS3F facelift L4670 W1762 H1496 Wagon 2005-2015 EU,Saab,9-3,Wagon,2005-2015,三厢车,两厢车,通用标准：Wagon,,
EU,Saab 9-3 YS3F facelift L4670 W1762 H1498 Wagon 2005-2015 EU,Saab,9-3,Wagon,2005-2015,三厢车,两厢车,通用标准：Wagon,,
EU,Saab 9-3 YS3F facelift Wagon 2006-2015 EU,Saab,9-3,Wagon,2006-2015,三厢车,两厢车,通用标准：Wagon,,
EU,Saab 9-3 YS3F facelift Wagon 2007-2015 EU,Saab,9-3,Wagon,2007-2015,三厢车,两厢车,通用标准：Wagon,,
EU,Saab 9-3 YS3F griffin Wagon 2005-2015 EU,Saab,9-3,Wagon,2005-2015,三厢车,两厢车,通用标准：Wagon,,
EU,Saab 9-3 YS3F griffin Wagon 2007-2015 EU,Saab,9-3,Wagon,2007-2015,三厢车,两厢车,通用标准：Wagon,,
EU,Saab 9-3 YS3F griffin Wagon 2009-2015 EU,Saab,9-3,Wagon,2009-2015,三厢车,两厢车,通用标准：Wagon,,
EU,Saab 9-3 YS3F prefl L4654 W1762 H1490 Wagon 2005-2015 EU,Saab,9-3,Wagon,2005-2015,三厢车,两厢车,通用标准：Wagon,,
EU,Saab 9-3 YS3F prefl L4654 W1762 H1492 Wagon 2005-2015 EU,Saab,9-3,Wagon,2005-2015,三厢车,两厢车,通用标准：Wagon,,
EU,Saab 9-3 YS3F prefl L4654 W1782 H1507 Wagon 2005-2015 EU,Saab,9-3,Wagon,2005-2015,三厢车,两厢车,通用标准：Wagon,,
EU,Saab 9-3 YS3F prefl Wagon 2006-2015 EU,Saab,9-3,Wagon,2006-2015,三厢车,两厢车,通用标准：Wagon,,
EU,Saab 9-3 YS3F prefl Wagon 2007-2015 EU,Saab,9-3,Wagon,2007-2015,三厢车,两厢车,通用标准：Wagon,,
EU,Saab 9-3x YS3F L4690 W1802 H1574 Wagon 2009-2012 EU,Saab,9-3x,Wagon,2009-2012,三厢车,两厢车,通用标准：Wagon,,
EU,Saab 9-3x YS3F L4690 W1802 H1575 Wagon 2009-2012 EU,Saab,9-3x,Wagon,2009-2012,三厢车,两厢车,通用标准：Wagon,,
EU,Saab 9-3x YS3F Wagon 2009-2015 EU,Saab,9-3x,Wagon,2009-2015,三厢车,两厢车,通用标准：Wagon,,
EU,Saab 9-3x YS3F Wagon 2011-2012 EU,Saab,9-3x,Wagon,2011-2012,三厢车,两厢车,通用标准：Wagon,,
EU,Saab 9-3x YS3F Wagon 2011-2015 EU,Saab,9-3x,Wagon,2011-2015,三厢车,两厢车,通用标准：Wagon,,
EU,Saab 9-5 Wagon 1999-2001 EU,Saab,9-5,Wagon,1999-2001,三厢车,两厢车,通用标准：Wagon,,
EU,Saab 9-5 Wagon 2006-2009 EU,Saab,9-5,Wagon,2006-2009,三厢车,两厢车,通用标准：Wagon,,
EU,Saab 9-5 YS3E Wagon 1998-2000 EU,Saab,9-5,Wagon,1998-2000,三厢车,两厢车,通用标准：Wagon,,
EU,Saab 9-5 YS3E Wagon 2000-2001 EU,Saab,9-5,Wagon,2000-2001,三厢车,两厢车,通用标准：Wagon,,
EU,Saab 9-5 YS3E Wagon 2001-2005 EU,Saab,9-5,Wagon,2001-2005,三厢车,两厢车,通用标准：Wagon,,
EU,Saab 9-5 YS3E Wagon 2005-2009 EU,Saab,9-5,Wagon,2005-2009,三厢车,两厢车,通用标准：Wagon,,
EU,Saab 9-5 YS3E Wagon 2006-2009 EU,Saab,9-5,Wagon,2006-2009,三厢车,两厢车,通用标准：Wagon,,
EU,Saab 9-5 YS3E Wagon 2007-2009 EU,Saab,9-5,Wagon,2007-2009,三厢车,两厢车,通用标准：Wagon,,
EU,Saab 9-5 YS3E facelift01 Wagon 1998-2005 EU,Saab,9-5,Wagon,1998-2005,三厢车,两厢车,通用标准：Wagon,,
EU,Saab 9-5 YS3E facelift01 Wagon 1998-2009 EU,Saab,9-5,Wagon,1998-2009,三厢车,两厢车,通用标准：Wagon,,
EU,Saab 9-5 YS3E facelift05 Wagon 1998-2009 EU,Saab,9-5,Wagon,1998-2009,三厢车,两厢车,通用标准：Wagon,,
EU,Saab 9-5 YS3E prefl Wagon 1998-2005 EU,Saab,9-5,Wagon,1998-2005,三厢车,两厢车,通用标准：Wagon,,
EU,Saab 9-5 YS3E prefl Wagon 1998-2009 EU,Saab,9-5,Wagon,1998-2009,三厢车,两厢车,通用标准：Wagon,,
EU,Saab 9-5 facelift01 Wagon 2001-2009 EU,Saab,9-5,Wagon,2001-2009,三厢车,两厢车,通用标准：Wagon,,
EU,Saab 9-5 facelift01 Wagon 2002-2009 EU,Saab,9-5,Wagon,2002-2009,三厢车,两厢车,通用标准：Wagon,,
EU,Saab 9-5 facelift01 Wagon 2003-2009 EU,Saab,9-5,Wagon,2003-2009,三厢车,两厢车,通用标准：Wagon,,
EU,Saab 9-5 facelift05 Wagon 2001-2009 EU,Saab,9-5,Wagon,2001-2009,三厢车,两厢车,通用标准：Wagon,,
EU,Saab 9-5 facelift05 Wagon 2002-2009 EU,Saab,9-5,Wagon,2002-2009,三厢车,两厢车,通用标准：Wagon,,
EU,Saab 9-5 facelift05 Wagon 2003-2009 EU,Saab,9-5,Wagon,2003-2009,三厢车,两厢车,通用标准：Wagon,,
EU,Saab 95 station wagon Wagon 1960-1968 EU,Saab,95 station wagon,Wagon,1960-1968,三厢车,两厢车,通用标准：Wagon,,
EU,Saab 95 station wagon Wagon 1976-1977 EU,Saab,95 station wagon,Wagon,1976-1977,三厢车,两厢车,通用标准：Wagon,,
EU,Saab 95 station wagon Wagon 1977-1978 EU,Saab,95 station wagon,Wagon,1977-1978,三厢车,两厢车,通用标准：Wagon,,
EU,Saab 95 station wagon early Wagon 1965-1975 EU,Saab,95 station wagon,Wagon,1965-1975,三厢车,两厢车,通用标准：Wagon,,
EU,Saab 95 station wagon late Wagon 1965-1975 EU,Saab,95 station wagon,Wagon,1965-1975,三厢车,两厢车,通用标准：Wagon,,
EU,Saab 95 station wagon mid Wagon 1965-1975 EU,Saab,95 station wagon,Wagon,1965-1975,三厢车,两厢车,通用标准：Wagon,,
EU,Seat Alhambra 7M MPV 1996-2000 EU,Seat,Alhambra,MPV,1996-2000,越野车,两厢车,通用标准：MPV,,
EU,Seat Alhambra 7M MPV 2000-2010 EU,Seat,Alhambra,MPV,2000-2010,越野车,两厢车,通用标准：MPV,,
EU,Seat Alhambra 7M MPV 2002-2008 EU,Seat,Alhambra,MPV,2002-2008,越野车,两厢车,通用标准：MPV,,
EU,Seat Alhambra 7M MPV 2005-2007 EU,Seat,Alhambra,MPV,2005-2007,越野车,两厢车,通用标准：MPV,,
EU,Seat Alhambra 7M facelift MPV 1996-2010 EU,Seat,Alhambra,MPV,1996-2010,越野车,两厢车,通用标准：MPV,,
EU,Seat Alhambra 7M facelift MPV 1997-2002 EU,Seat,Alhambra,MPV,1997-2002,越野车,两厢车,通用标准：MPV,,
EU,Seat Alhambra 7M facelift MPV 1997-2010 EU,Seat,Alhambra,MPV,1997-2010,越野车,两厢车,通用标准：MPV,,
EU,Seat Alhambra 7M prefl MPV 1996-2010 EU,Seat,Alhambra,MPV,1996-2010,越野车,两厢车,通用标准：MPV,,
EU,Seat Alhambra 7M prefl MPV 1997-2002 EU,Seat,Alhambra,MPV,1997-2002,越野车,两厢车,通用标准：MPV,,
EU,Seat Alhambra 7M prefl MPV 1997-2010 EU,Seat,Alhambra,MPV,1997-2010,越野车,两厢车,通用标准：MPV,,
EU,Seat Alhambra 7N MPV 2010-2011 EU,Seat,Alhambra,MPV,2010-2011,越野车,两厢车,通用标准：MPV,,
EU,Seat Alhambra 7N MPV 2010-2012 EU,Seat,Alhambra,MPV,2010-2012,越野车,两厢车,通用标准：MPV,,
EU,Seat Alhambra 7N MPV 2010-2013 EU,Seat,Alhambra,MPV,2010-2013,越野车,两厢车,通用标准：MPV,,
EU,Seat Alhambra 7N MPV 2010-2015 EU,Seat,Alhambra,MPV,2010-2015,越野车,两厢车,通用标准：MPV,,
EU,Seat Alhambra 7N MPV 2011-2015 EU,Seat,Alhambra,MPV,2011-2015,越野车,两厢车,通用标准：MPV,,
EU,Seat Alhambra 7N MPV 2011-2022 EU,Seat,Alhambra,MPV,2011-2022,越野车,两厢车,通用标准：MPV,,
EU,Seat Alhambra 7N MPV 2012-2015 EU,Seat,Alhambra,MPV,2012-2015,越野车,两厢车,通用标准：MPV,,
EU,Seat Alhambra 7N MPV 2012-2022 EU,Seat,Alhambra,MPV,2012-2022,越野车,两厢车,通用标准：MPV,,
EU,Seat Alhambra 7N MPV 2014-2018 EU,Seat,Alhambra,MPV,2014-2018,越野车,两厢车,通用标准：MPV,,
EU,Seat Alhambra 7N MPV 2015-2018 EU,Seat,Alhambra,MPV,2015-2018,越野车,两厢车,通用标准：MPV,,
EU,Seat Alhambra 7N MPV 2015-2022 EU,Seat,Alhambra,MPV,2015-2022,越野车,两厢车,通用标准：MPV,,
EU,Seat Alhambra 7N MPV 2016-2018 EU,Seat,Alhambra,MPV,2016-2018,越野车,两厢车,通用标准：MPV,,
EU,Seat Alhambra 7N MPV 2018-2022 EU,Seat,Alhambra,MPV,2018-2022,越野车,两厢车,通用标准：MPV,,
EU,Seat Alhambra MPV 2005-2010 EU,Seat,Alhambra,MPV,2005-2010,越野车,两厢车,通用标准：MPV,,
EU,Seat Altea 5P L4280 W1768 H1568 MPV 2006-2009 EU,Seat,Altea,MPV,2006-2009,越野车,两厢车,通用标准：MPV,,
EU,Seat Altea 5P L4282 W1768 H1576 MPV 2006-2009 EU,Seat,Altea,MPV,2006-2009,越野车,两厢车,通用标准：MPV,,
EU,Seat Altea 5P L4282 W1768 H1576 MPV 2007-2013 EU,Seat,Altea,MPV,2007-2013,越野车,两厢车,通用标准：MPV,,
EU,Seat Altea 5P L4282 W1768 H1576 MPV 2009-2010 EU,Seat,Altea,MPV,2009-2010,越野车,两厢车,通用标准：MPV,,
EU,Seat Altea 5P L4282 W1768 H1576 MPV 2009-2015 EU,Seat,Altea,MPV,2009-2015,越野车,两厢车,通用标准：MPV,,
EU,Seat Altea 5P L4282 W1768 H1576 MPV 2010-2015 EU,Seat,Altea,MPV,2010-2015,越野车,两厢车,通用标准：MPV,,
EU,Seat Altea 5P L4325 W1768 H1568 MPV 2006-2009 EU,Seat,Altea,MPV,2006-2009,越野车,两厢车,通用标准：MPV,,
EU,Seat Altea 5P L4493 W1788 H1622 MPV 2007-2013 EU,Seat,Altea,MPV,2007-2013,越野车,两厢车,通用标准：MPV,,
EU,Seat Altea 5P L4493 W1788 H1622 MPV 2009-2010 EU,Seat,Altea,MPV,2009-2010,越野车,两厢车,通用标准：MPV,,
EU,Seat Altea 5P L4493 W1788 H1622 MPV 2009-2015 EU,Seat,Altea,MPV,2009-2015,越野车,两厢车,通用标准：MPV,,
EU,Seat Altea 5P L4493 W1788 H1622 MPV 2010-2015 EU,Seat,Altea,MPV,2010-2015,越野车,两厢车,通用标准：MPV,,
EU,Seat Altea 5P MPV 2004-2009 EU,Seat,Altea,MPV,2004-2009,越野车,两厢车,通用标准：MPV,,
EU,Seat Altea 5P MPV 2004-2010 EU,Seat,Altea,MPV,2004-2010,越野车,两厢车,通用标准：MPV,,
EU,Seat Altea 5P MPV 2004-2015 EU,Seat,Altea,MPV,2004-2015,越野车,两厢车,通用标准：MPV,,
EU,Seat Altea 5P MPV 2007-2009 EU,Seat,Altea,MPV,2007-2009,越野车,两厢车,通用标准：MPV,,
EU,Seat Altea 5P MPV 2007-2010 EU,Seat,Altea,MPV,2007-2010,越野车,两厢车,通用标准：MPV,,
EU,Seat Altea 5P MPV 2009-2013 EU,Seat,Altea,MPV,2009-2013,越野车,两厢车,通用标准：MPV,,
EU,Seat Altea 5P facelift MPV 2006-2010 EU,Seat,Altea,MPV,2006-2010,越野车,两厢车,通用标准：MPV,,
EU,Seat Altea 5P facelift MPV 2006-2013 EU,Seat,Altea,MPV,2006-2013,越野车,两厢车,通用标准：MPV,,
EU,Seat Altea 5P facelift MPV 2007-2015 EU,Seat,Altea,MPV,2007-2015,越野车,两厢车,通用标准：MPV,,
EU,Seat Altea 5P prefl MPV 2006-2010 EU,Seat,Altea,MPV,2006-2010,越野车,两厢车,通用标准：MPV,,
EU,Seat Altea 5P prefl MPV 2006-2013 EU,Seat,Altea,MPV,2006-2013,越野车,两厢车,通用标准：MPV,,
EU,Seat Altea 5P prefl MPV 2007-2015 EU,Seat,Altea,MPV,2007-2015,越野车,两厢车,通用标准：MPV,,
EU,Seat Altea 5P1 MPV 2005-2010 EU,Seat,Altea,MPV,2005-2010,越野车,两厢车,通用标准：MPV,,
EU,Seat Altea 5P1 MPV 2009-2015 EU,Seat,Altea,MPV,2009-2015,越野车,两厢车,通用标准：MPV,,
EU,Seat Altea 5P1 MPV 2010-2015 EU,Seat,Altea,MPV,2010-2015,越野车,两厢车,通用标准：MPV,,
EU,Seat Altea 5P1 facelift MPV 2006-2010 EU,Seat,Altea,MPV,2006-2010,越野车,两厢车,通用标准：MPV,,
EU,Seat Altea 5P1 facelift MPV 2006-2011 EU,Seat,Altea,MPV,2006-2011,越野车,两厢车,通用标准：MPV,,
EU,Seat Altea 5P1 prefl MPV 2006-2010 EU,Seat,Altea,MPV,2006-2010,越野车,两厢车,通用标准：MPV,,
EU,Seat Altea 5P1 prefl MPV 2006-2011 EU,Seat,Altea,MPV,2006-2011,越野车,两厢车,通用标准：MPV,,
EU,Seat Altea 5P5 MPV 2006-2009 EU,Seat,Altea,MPV,2006-2009,越野车,两厢车,通用标准：MPV,,
EU,Seat Altea 5P5 MPV 2006-2010 EU,Seat,Altea,MPV,2006-2010,越野车,两厢车,通用标准：MPV,,
EU,Seat Altea 5P5 MPV 2006-2015 EU,Seat,Altea,MPV,2006-2015,越野车,两厢车,通用标准：MPV,,
EU,Seat Cordoba 6K Wagon 1997-1999 EU,Seat,Cordoba,Wagon,1997-1999,三厢车,两厢车,通用标准：Wagon,,
EU,Seat Cordoba 6K Wagon 1999-2002 EU,Seat,Cordoba,Wagon,1999-2002,三厢车,两厢车,通用标准：Wagon,,
EU,Seat Cordoba 6K facelift Wagon 1997-2002 EU,Seat,Cordoba,Wagon,1997-2002,三厢车,两厢车,通用标准：Wagon,,
EU,Seat Cordoba 6K prefl Wagon 1997-2002 EU,Seat,Cordoba,Wagon,1997-2002,三厢车,两厢车,通用标准：Wagon,,
EU,Seat Cordoba 6K5 Wagon 1996-1999 EU,Seat,Cordoba,Wagon,1996-1999,三厢车,两厢车,通用标准：Wagon,,
EU,Seat Cordoba 6K5 Wagon 2000-2000 EU,Seat,Cordoba,Wagon,2000-2000,三厢车,两厢车,通用标准：Wagon,,
EU,Seat Cordoba 6K5 Wagon 2000-2002 EU,Seat,Cordoba,Wagon,2000-2002,三厢车,两厢车,通用标准：Wagon,,
EU,Seat Cordoba 6K5 facelift Wagon 1996-2002 EU,Seat,Cordoba,Wagon,1996-2002,三厢车,两厢车,通用标准：Wagon,,
EU,Seat Cordoba 6K5 prefl Wagon 1996-2002 EU,Seat,Cordoba,Wagon,1996-2002,三厢车,两厢车,通用标准：Wagon,,
EU,Seat Exeo 3R5 Wagon 2009-2010 EU,Seat,Exeo,Wagon,2009-2010,三厢车,两厢车,通用标准：Wagon,,
EU,Seat Exeo 3R5 Wagon 2009-2013 EU,Seat,Exeo,Wagon,2009-2013,三厢车,两厢车,通用标准：Wagon,,
EU,Seat Exeo 3R5 facelift Wagon 2010-2013 EU,Seat,Exeo,Wagon,2010-2013,三厢车,两厢车,通用标准：Wagon,,
EU,Seat Exeo 3R5 prefl Wagon 2010-2013 EU,Seat,Exeo,Wagon,2010-2013,三厢车,两厢车,通用标准：Wagon,,
EU,Seat Ibiza iv 6J1 Van 2010-2015 EU,Seat,Ibiza iv,Van,2010-2015,越野车,两厢车,通用标准：Van,,
EU,Seat Ibiza iv st 6J8 Wagon 2010-2015 EU,Seat,Ibiza iv st,Wagon,2010-2015,三厢车,两厢车,通用标准：Wagon,,
EU,Seat Ibiza iv st 6J8 Wagon 2012-2015 EU,Seat,Ibiza iv st,Wagon,2012-2015,三厢车,两厢车,通用标准：Wagon,,
EU,Seat Ibiza iv st 6J8/6P8 Wagon 2012-2015 EU,Seat,Ibiza iv st,Wagon,2012-2015,三厢车,两厢车,通用标准：Wagon,,
EU,Seat Ibiza iv st 6J8/6P8 Wagon 2013-2015 EU,Seat,Ibiza iv st,Wagon,2013-2015,三厢车,两厢车,通用标准：Wagon,,
EU,Seat Ibiza iv st 6J8/6P8 Wagon 2015-2016 EU,Seat,Ibiza iv st,Wagon,2015-2016,三厢车,两厢车,通用标准：Wagon,,
EU,Seat Ibiza iv st Wagon 2012-2015 EU,Seat,Ibiza iv st,Wagon,2012-2015,三厢车,两厢车,通用标准：Wagon,,
EU,Seat Inca 9K Van 1995-1998 EU,Seat,Inca,Van,1995-1998,越野车,两厢车,通用标准：Van,,
EU,Seat Inca 9K Van 1995-2003 EU,Seat,Inca,Van,1995-2003,越野车,两厢车,通用标准：Van,,
EU,Seat Inca 9K Van 1996-2003 EU,Seat,Inca,Van,1996-2003,越野车,两厢车,通用标准：Van,,
EU,Seat Inca 9K Van 1997-2000 EU,Seat,Inca,Van,1997-2000,越野车,两厢车,通用标准：Van,,
EU,Seat Inca 9K Van 2000-2003 EU,Seat,Inca,Van,2000-2003,越野车,两厢车,通用标准：Van,,
EU,Seat Leon 5F Wagon 2013-2018 EU,Seat,Leon,Wagon,2013-2018,三厢车,两厢车,通用标准：Wagon,,
EU,Seat Leon 5F Wagon 2013-2020 EU,Seat,Leon,Wagon,2013-2020,三厢车,两厢车,通用标准：Wagon,,
EU,Seat Leon 5F Wagon 2016-2018 EU,Seat,Leon,Wagon,2016-2018,三厢车,两厢车,通用标准：Wagon,,
EU,Seat Leon 5F Wagon 2016-2020 EU,Seat,Leon,Wagon,2016-2020,三厢车,两厢车,通用标准：Wagon,,
EU,Seat Leon 5F Wagon 2018-2020 EU,Seat,Leon,Wagon,2018-2020,三厢车,两厢车,通用标准：Wagon,,
EU,Seat Leon 5F facelift Wagon 2013-2020 EU,Seat,Leon,Wagon,2013-2020,三厢车,两厢车,通用标准：Wagon,,
EU,Seat Leon 5F facelift Wagon 2014-2018 EU,Seat,Leon,Wagon,2014-2018,三厢车,两厢车,通用标准：Wagon,,
EU,Seat Leon 5F facelift Wagon 2014-2020 EU,Seat,Leon,Wagon,2014-2020,三厢车,两厢车,通用标准：Wagon,,
EU,Seat Leon 5F facelift Wagon 2015-2020 EU,Seat,Leon,Wagon,2015-2020,三厢车,两厢车,通用标准：Wagon,,
EU,Seat Leon 5F prefl Wagon 2013-2020 EU,Seat,Leon,Wagon,2013-2020,三厢车,两厢车,通用标准：Wagon,,
EU,Seat Leon 5F prefl Wagon 2014-2018 EU,Seat,Leon,Wagon,2014-2018,三厢车,两厢车,通用标准：Wagon,,
EU,Seat Leon 5F prefl Wagon 2014-2020 EU,Seat,Leon,Wagon,2014-2020,三厢车,两厢车,通用标准：Wagon,,
EU,Seat Leon 5F prefl Wagon 2015-2020 EU,Seat,Leon,Wagon,2015-2020,三厢车,两厢车,通用标准：Wagon,,
EU,Seat Leon 5F8 Wagon 2012-2015 EU,Seat,Leon,Wagon,2012-2015,三厢车,两厢车,通用标准：Wagon,,
EU,Seat Leon 5F8 Wagon 2013-2016 EU,Seat,Leon,Wagon,2013-2016,三厢车,两厢车,通用标准：Wagon,,
EU,Seat Leon 5F8 Wagon 2013-2018 EU,Seat,Leon,Wagon,2013-2018,三厢车,两厢车,通用标准：Wagon,,
EU,Seat Leon 5F8 Wagon 2013-2020 EU,Seat,Leon,Wagon,2013-2020,三厢车,两厢车,通用标准：Wagon,,
EU,Seat Leon 5F8 Wagon 2016-2018 EU,Seat,Leon,Wagon,2016-2018,三厢车,两厢车,通用标准：Wagon,,
EU,Seat Leon 5F8 Wagon 2018-2020 EU,Seat,Leon,Wagon,2018-2020,三厢车,两厢车,通用标准：Wagon,,
EU,Seat Leon 5F8 facelift L4549 W1816 H1451 Wagon 2013-2018 EU,Seat,Leon,Wagon,2013-2018,三厢车,两厢车,通用标准：Wagon,,
EU,Seat Leon 5F8 facelift L4549 W1816 H1454 Wagon 2013-2018 EU,Seat,Leon,Wagon,2013-2018,三厢车,两厢车,通用标准：Wagon,,
EU,Seat Leon 5F8 facelift Wagon 2013-2020 EU,Seat,Leon,Wagon,2013-2020,三厢车,两厢车,通用标准：Wagon,,
EU,Seat Leon 5F8 facelift Wagon 2014-2018 EU,Seat,Leon,Wagon,2014-2018,三厢车,两厢车,通用标准：Wagon,,
EU,Seat Leon 5F8 facelift Wagon 2014-2020 EU,Seat,Leon,Wagon,2014-2020,三厢车,两厢车,通用标准：Wagon,,
EU,Seat Leon 5F8 facelift Wagon 2015-2020 EU,Seat,Leon,Wagon,2015-2020,三厢车,两厢车,通用标准：Wagon,,
EU,Seat Leon 5F8 prefl Wagon 2013-2018 EU,Seat,Leon,Wagon,2013-2018,三厢车,两厢车,通用标准：Wagon,,
EU,Seat Leon 5F8 prefl Wagon 2014-2018 EU,Seat,Leon,Wagon,2014-2018,三厢车,两厢车,通用标准：Wagon,,
EU,Seat Leon 5F8 prefl Wagon 2014-2020 EU,Seat,Leon,Wagon,2014-2020,三厢车,两厢车,通用标准：Wagon,,
EU,Seat Leon 5F8 prefl Wagon 2015-2020 EU,Seat,Leon,Wagon,2015-2020,三厢车,两厢车,通用标准：Wagon,,
EU,Seat Leon KL L4642 W1799 H1450 Wagon 2024-2026 EU,Seat,Leon,Wagon,2024-2026,三厢车,两厢车,通用标准：Wagon,,
EU,Seat Leon KL L4642 W1799 H1456 Wagon 2024-2026 EU,Seat,Leon,Wagon,2024-2026,三厢车,两厢车,通用标准：Wagon,,
EU,Seat Leon KL Wagon 2020-2026 EU,Seat,Leon,Wagon,2020-2026,三厢车,两厢车,通用标准：Wagon,,
EU,Seat Leon KL Wagon 2021-2026 EU,Seat,Leon,Wagon,2021-2026,三厢车,两厢车,通用标准：Wagon,,
EU,Seat Leon KL8 Wagon 2020-2026 EU,Seat,Leon,Wagon,2020-2026,三厢车,两厢车,通用标准：Wagon,,
EU,Seat Leon KL8 fr Wagon 2020-2026 EU,Seat,Leon,Wagon,2020-2026,三厢车,两厢车,通用标准：Wagon,,
EU,Seat Marbella 028A Van 1987-1993 EU,Seat,Marbella,Van,1987-1993,越野车,两厢车,通用标准：Van,,
EU,Seat Terra 024A MPV 1987-1996 EU,Seat,Terra,MPV,1987-1996,越野车,两厢车,通用标准：MPV,,
EU,Seat Terra 024A Van 1987-1995 EU,Seat,Terra,Van,1987-1995,越野车,两厢车,通用标准：Van,,
EU,Seat Terra MPV 1990-1992 EU,Seat,Terra,MPV,1990-1992,越野车,两厢车,通用标准：MPV,,
EU,Seat Terra MPV 1990-1994 EU,Seat,Terra,MPV,1990-1994,越野车,两厢车,通用标准：MPV,,
EU,Seat Terra MPV 1990-1995 EU,Seat,Terra,MPV,1990-1995,越野车,两厢车,通用标准：MPV,,
EU,Seat Terra Van 1990-1992 EU,Seat,Terra,Van,1990-1992,越野车,两厢车,通用标准：Van,,
EU,Seat Terra Van 1990-1995 EU,Seat,Terra,Van,1990-1995,越野车,两厢车,通用标准：Van,,
EU,Seat Terra Van 1992-1994 EU,Seat,Terra,Van,1992-1994,越野车,两厢车,通用标准：Van,,
EU,Seat Toledo 5P MPV 2004-2009 EU,Seat,Toledo,MPV,2004-2009,越野车,两厢车,通用标准：MPV,,
EU,Seat Toledo 5P MPV 2006-2009 EU,Seat,Toledo,MPV,2006-2009,越野车,两厢车,通用标准：MPV,,
EU,Seat Toledo 5P MPV 2007-2009 EU,Seat,Toledo,MPV,2007-2009,越野车,两厢车,通用标准：MPV,,
EU,Seat Toledo 5P2 MPV 2004-2009 EU,Seat,Toledo,MPV,2004-2009,越野车,两厢车,通用标准：MPV,,
EU,Seat Toledo 5P2 MPV 2005-2009 EU,Seat,Toledo,MPV,2005-2009,越野车,两厢车,通用标准：MPV,,
EU,Seat Toledo 5P2 MPV 2006-2009 EU,Seat,Toledo,MPV,2006-2009,越野车,两厢车,通用标准：MPV,,
EU,Shineray X30 Van 2023-2026 EU,Shineray,X30,Van,2023-2026,越野车,两厢车,通用标准：Van,,
EU,Skoda Fabia i combi 6Y Wagon 2005-2007 EU,Skoda,Fabia i combi,Wagon,2005-2007,三厢车,两厢车,通用标准：Wagon,,
EU,Skoda Fabia i combi 6Y Wagon 2006-2007 EU,Skoda,Fabia i combi,Wagon,2006-2007,三厢车,两厢车,通用标准：Wagon,,
EU,Skoda Fabia i combi 6Y5 Wagon 2000-2003 EU,Skoda,Fabia i combi,Wagon,2000-2003,三厢车,两厢车,通用标准：Wagon,,
EU,Skoda Fabia i combi 6Y5 Wagon 2000-2007 EU,Skoda,Fabia i combi,Wagon,2000-2007,三厢车,两厢车,通用标准：Wagon,,
EU,Skoda Fabia i combi 6Y5 Wagon 2003-2007 EU,Skoda,Fabia i combi,Wagon,2003-2007,三厢车,两厢车,通用标准：Wagon,,
EU,Skoda Fabia i combi 6Y5 facelift Wagon 2001-2007 EU,Skoda,Fabia i combi,Wagon,2001-2007,三厢车,两厢车,通用标准：Wagon,,
EU,Skoda Fabia i combi 6Y5 prefl Wagon 2001-2007 EU,Skoda,Fabia i combi,Wagon,2001-2007,三厢车,两厢车,通用标准：Wagon,,
EU,Skoda Fabia i praktik 6Y Van 2005-2007 EU,Skoda,Fabia i praktik,Van,2005-2007,越野车,两厢车,通用标准：Van,,
EU,Skoda Fabia i praktik 6Y5 Wagon 2001-2003 EU,Skoda,Fabia i praktik,Wagon,2001-2003,三厢车,两厢车,通用标准：Wagon,,
EU,Skoda Fabia i praktik 6Y5 Wagon 2003-2007 EU,Skoda,Fabia i praktik,Wagon,2003-2007,三厢车,两厢车,通用标准：Wagon,,
EU,Skoda Fabia i praktik 6Y5 facelift Van 2004-2007 EU,Skoda,Fabia i praktik,Van,2004-2007,越野车,两厢车,通用标准：Van,,
EU,Skoda Fabia i praktik 6Y5 facelift Wagon 2001-2007 EU,Skoda,Fabia i praktik,Wagon,2001-2007,三厢车,两厢车,通用标准：Wagon,,
EU,Skoda Fabia i praktik 6Y5 prefl Van 2004-2007 EU,Skoda,Fabia i praktik,Van,2004-2007,越野车,两厢车,通用标准：Van,,
EU,Skoda Fabia i praktik 6Y5 prefl Wagon 2001-2007 EU,Skoda,Fabia i praktik,Wagon,2001-2007,三厢车,两厢车,通用标准：Wagon,,
EU,Skoda Fabia i praktik Wagon 2004-2005 EU,Skoda,Fabia i praktik,Wagon,2004-2005,三厢车,两厢车,通用标准：Wagon,,
EU,Skoda Fabia i praktik post04 Wagon 2000-2007 EU,Skoda,Fabia i praktik,Wagon,2000-2007,三厢车,两厢车,通用标准：Wagon,,
EU,Skoda Fabia i praktik pre04 Wagon 2000-2007 EU,Skoda,Fabia i praktik,Wagon,2000-2007,三厢车,两厢车,通用标准：Wagon,,
EU,Skoda Fabia ii combi 5J L4247 W1642 H1498 Wagon 2010-2014 EU,Skoda,Fabia ii combi,Wagon,2010-2014,三厢车,两厢车,通用标准：Wagon,,
EU,Skoda Fabia ii combi 5J L4276 W1642 H1494 Wagon 2010-2014 EU,Skoda,Fabia ii combi,Wagon,2010-2014,三厢车,两厢车,通用标准：Wagon,,
EU,Skoda Fabia ii combi 5J Wagon 2011-2014 EU,Skoda,Fabia ii combi,Wagon,2011-2014,三厢车,两厢车,通用标准：Wagon,,
EU,Skoda Fabia ii combi 5J facelift Wagon 2007-2014 EU,Skoda,Fabia ii combi,Wagon,2007-2014,三厢车,两厢车,通用标准：Wagon,,
EU,Skoda Fabia ii combi 5J prefl Wagon 2007-2014 EU,Skoda,Fabia ii combi,Wagon,2007-2014,三厢车,两厢车,通用标准：Wagon,,
EU,Skoda Fabia ii combi 5J5 L4239 W1642 H1498 Wagon 2010-2014 EU,Skoda,Fabia ii combi,Wagon,2010-2014,三厢车,两厢车,通用标准：Wagon,,
EU,Skoda Fabia ii combi 5J5 L4247 W1642 H1498 Wagon 2010-2014 EU,Skoda,Fabia ii combi,Wagon,2010-2014,三厢车,两厢车,通用标准：Wagon,,
EU,Skoda Fabia ii combi 5J5 facelift Wagon 2007-2014 EU,Skoda,Fabia ii combi,Wagon,2007-2014,三厢车,两厢车,通用标准：Wagon,,
EU,Skoda Fabia ii combi 5J5 facelift Wagon 2009-2011 EU,Skoda,Fabia ii combi,Wagon,2009-2011,三厢车,两厢车,通用标准：Wagon,,
EU,Skoda Fabia ii combi 5J5 prefl Wagon 2007-2014 EU,Skoda,Fabia ii combi,Wagon,2007-2014,三厢车,两厢车,通用标准：Wagon,,
EU,Skoda Fabia ii combi 5J5 prefl Wagon 2009-2011 EU,Skoda,Fabia ii combi,Wagon,2009-2011,三厢车,两厢车,通用标准：Wagon,,
EU,Skoda Fabia ii combi Wagon 2007-2010 EU,Skoda,Fabia ii combi,Wagon,2007-2010,三厢车,两厢车,通用标准：Wagon,,
EU,Skoda Fabia ii combi Wagon 2007-2014 EU,Skoda,Fabia ii combi,Wagon,2007-2014,三厢车,两厢车,通用标准：Wagon,,
EU,Skoda Fabia ii praktik 5J5 Wagon 2013-2014 EU,Skoda,Fabia ii praktik,Wagon,2013-2014,三厢车,两厢车,通用标准：Wagon,,
EU,Skoda Fabia iii 6V5 Wagon 2014-2022 EU,Skoda,Fabia iii,Wagon,2014-2022,三厢车,两厢车,通用标准：Wagon,,
EU,Skoda Fabia iii 6V5 Wagon 2015-2022 EU,Skoda,Fabia iii,Wagon,2015-2022,三厢车,两厢车,通用标准：Wagon,,
EU,Skoda Fabia iii Wagon 2014-2022 EU,Skoda,Fabia iii,Wagon,2014-2022,三厢车,两厢车,通用标准：Wagon,,
EU,Skoda Fabia iii Wagon 2015-2022 EU,Skoda,Fabia iii,Wagon,2015-2022,三厢车,两厢车,通用标准：Wagon,,
EU,Skoda Fabia iii praktik Wagon 2014-2022 EU,Skoda,Fabia iii praktik,Wagon,2014-2022,三厢车,两厢车,通用标准：Wagon,,
EU,Skoda Fabia iii praktik Wagon 2015-2022 EU,Skoda,Fabia iii praktik,Wagon,2015-2022,三厢车,两厢车,通用标准：Wagon,,
EU,Skoda Favorit 785 Wagon 1991-1995 EU,Skoda,Favorit,Wagon,1991-1995,三厢车,两厢车,通用标准：Wagon,,
EU,Skoda Favorit 785 Wagon 1994-1995 EU,Skoda,Favorit,Wagon,1994-1995,三厢车,两厢车,通用标准：Wagon,,
EU,Skoda Favorit Wagon 1989-1995 EU,Skoda,Favorit,Wagon,1989-1995,三厢车,两厢车,通用标准：Wagon,,
EU,Skoda Favorit Wagon 1990-1992 EU,Skoda,Favorit,Wagon,1990-1992,三厢车,两厢车,通用标准：Wagon,,
EU,Skoda Felicia cube van 6U5 Van 1997-2001 EU,Skoda,Felicia cube van,Van,1997-2001,越野车,两厢车,通用标准：Van,,
EU,Skoda Felicia i 795 Wagon 1995-1998 EU,Skoda,Felicia i,Wagon,1995-1998,三厢车,两厢车,通用标准：Wagon,,
EU,Skoda Felicia i Wagon 1995-1998 EU,Skoda,Felicia i,Wagon,1995-1998,三厢车,两厢车,通用标准：Wagon,,
EU,Skoda Felicia ii Wagon 1996-2001 EU,Skoda,Felicia ii,Wagon,1996-2001,三厢车,两厢车,通用标准：Wagon,,
EU,Skoda Felicia ii Wagon 1998-2001 EU,Skoda,Felicia ii,Wagon,1998-2001,三厢车,两厢车,通用标准：Wagon,,
EU,Skoda Octavia 1U5 Wagon 1998-2000 EU,Skoda,Octavia,Wagon,1998-2000,三厢车,两厢车,通用标准：Wagon,,
EU,Skoda Octavia 1U5 Wagon 2000-2003 EU,Skoda,Octavia,Wagon,2000-2003,三厢车,两厢车,通用标准：Wagon,,
EU,Skoda Octavia 1U5 Wagon 2000-2006 EU,Skoda,Octavia,Wagon,2000-2006,三厢车,两厢车,通用标准：Wagon,,
EU,Skoda Octavia 1U5 Wagon 2000-2010 EU,Skoda,Octavia,Wagon,2000-2010,三厢车,两厢车,通用标准：Wagon,,
EU,Skoda Octavia 1U5 Wagon 2001-2006 EU,Skoda,Octavia,Wagon,2001-2006,三厢车,两厢车,通用标准：Wagon,,
EU,Skoda Octavia 1U5 Wagon 2002-2004 EU,Skoda,Octavia,Wagon,2002-2004,三厢车,两厢车,通用标准：Wagon,,
EU,Skoda Octavia 1U5 Wagon 2002-2006 EU,Skoda,Octavia,Wagon,2002-2006,三厢车,两厢车,通用标准：Wagon,,
EU,Skoda Octavia 1U5 facelift Wagon 1998-2003 EU,Skoda,Octavia,Wagon,1998-2003,三厢车,两厢车,通用标准：Wagon,,
EU,Skoda Octavia 1U5 facelift Wagon 1998-2006 EU,Skoda,Octavia,Wagon,1998-2006,三厢车,两厢车,通用标准：Wagon,,
EU,Skoda Octavia 1U5 facelift Wagon 1998-2007 EU,Skoda,Octavia,Wagon,1998-2007,三厢车,两厢车,通用标准：Wagon,,
EU,Skoda Octavia 1U5 facelift Wagon 1998-2010 EU,Skoda,Octavia,Wagon,1998-2010,三厢车,两厢车,通用标准：Wagon,,
EU,Skoda Octavia 1U5 facelift Wagon 1999-2006 EU,Skoda,Octavia,Wagon,1999-2006,三厢车,两厢车,通用标准：Wagon,,
EU,Skoda Octavia 1U5 facelift Wagon 2000-2004 EU,Skoda,Octavia,Wagon,2000-2004,三厢车,两厢车,通用标准：Wagon,,
EU,Skoda Octavia 1U5 prefl L4511 W1731 H1448 Wagon 1998-2010 EU,Skoda,Octavia,Wagon,1998-2010,三厢车,两厢车,通用标准：Wagon,,
EU,Skoda Octavia 1U5 prefl L4511 W1731 H1457 Wagon 1998-2010 EU,Skoda,Octavia,Wagon,1998-2010,三厢车,两厢车,通用标准：Wagon,,
EU,Skoda Octavia 1U5 prefl Wagon 1998-2003 EU,Skoda,Octavia,Wagon,1998-2003,三厢车,两厢车,通用标准：Wagon,,
EU,Skoda Octavia 1U5 prefl Wagon 1998-2006 EU,Skoda,Octavia,Wagon,1998-2006,三厢车,两厢车,通用标准：Wagon,,
EU,Skoda Octavia 1U5 prefl Wagon 1998-2007 EU,Skoda,Octavia,Wagon,1998-2007,三厢车,两厢车,通用标准：Wagon,,
EU,Skoda Octavia 1U5 prefl Wagon 1999-2006 EU,Skoda,Octavia,Wagon,1999-2006,三厢车,两厢车,通用标准：Wagon,,
EU,Skoda Octavia 1U5 prefl Wagon 2000-2004 EU,Skoda,Octavia,Wagon,2000-2004,三厢车,两厢车,通用标准：Wagon,,
EU,Skoda Octavia 1Z Wagon 2010-2013 EU,Skoda,Octavia,Wagon,2010-2013,三厢车,两厢车,通用标准：Wagon,,
EU,Skoda Octavia 1Z Wagon 2011-2013 EU,Skoda,Octavia,Wagon,2011-2013,三厢车,两厢车,通用标准：Wagon,,
EU,Skoda Octavia 1Z facelift Wagon 2006-2010 EU,Skoda,Octavia,Wagon,2006-2010,三厢车,两厢车,通用标准：Wagon,,
EU,Skoda Octavia 1Z prefl Wagon 2006-2010 EU,Skoda,Octavia,Wagon,2006-2010,三厢车,两厢车,通用标准：Wagon,,
EU,Skoda Octavia 1Z5 L4569 W1769 H1462 Wagon 2009-2013 EU,Skoda,Octavia,Wagon,2009-2013,三厢车,两厢车,通用标准：Wagon,,
EU,Skoda Octavia 1Z5 L4569 W1769 H1462 Wagon 2010-2013 EU,Skoda,Octavia,Wagon,2010-2013,三厢车,两厢车,通用标准：Wagon,,
EU,Skoda Octavia 1Z5 L4569 W1769 H1468 Wagon 2009-2013 EU,Skoda,Octavia,Wagon,2009-2013,三厢车,两厢车,通用标准：Wagon,,
EU,Skoda Octavia 1Z5 L4569 W1769 H1468 Wagon 2010-2013 EU,Skoda,Octavia,Wagon,2010-2013,三厢车,两厢车,通用标准：Wagon,,
EU,Skoda Octavia 1Z5 Wagon 2004-2006 EU,Skoda,Octavia,Wagon,2004-2006,三厢车,两厢车,通用标准：Wagon,,
EU,Skoda Octavia 1Z5 Wagon 2004-2008 EU,Skoda,Octavia,Wagon,2004-2008,三厢车,两厢车,通用标准：Wagon,,
EU,Skoda Octavia 1Z5 Wagon 2005-2010 EU,Skoda,Octavia,Wagon,2005-2010,三厢车,两厢车,通用标准：Wagon,,
EU,Skoda Octavia 1Z5 Wagon 2008-2013 EU,Skoda,Octavia,Wagon,2008-2013,三厢车,两厢车,通用标准：Wagon,,
EU,Skoda Octavia 1Z5 Wagon 2009-2012 EU,Skoda,Octavia,Wagon,2009-2012,三厢车,两厢车,通用标准：Wagon,,
EU,Skoda Octavia 1Z5 facelift L4569 W1769 H1462 Wagon 2004-2010 EU,Skoda,Octavia,Wagon,2004-2010,三厢车,两厢车,通用标准：Wagon,,
EU,Skoda Octavia 1Z5 facelift L4569 W1769 H1462 Wagon 2006-2013 EU,Skoda,Octavia,Wagon,2006-2013,三厢车,两厢车,通用标准：Wagon,,
EU,Skoda Octavia 1Z5 facelift L4569 W1769 H1468 Wagon 2004-2010 EU,Skoda,Octavia,Wagon,2004-2010,三厢车,两厢车,通用标准：Wagon,,
EU,Skoda Octavia 1Z5 facelift L4599 W1769 H1451 Wagon 2006-2013 EU,Skoda,Octavia,Wagon,2006-2013,三厢车,两厢车,通用标准：Wagon,,
EU,Skoda Octavia 1Z5 facelift Wagon 2004-2009 EU,Skoda,Octavia,Wagon,2004-2009,三厢车,两厢车,通用标准：Wagon,,
EU,Skoda Octavia 1Z5 facelift Wagon 2004-2013 EU,Skoda,Octavia,Wagon,2004-2013,三厢车,两厢车,通用标准：Wagon,,
EU,Skoda Octavia 1Z5 facelift Wagon 2005-2013 EU,Skoda,Octavia,Wagon,2005-2013,三厢车,两厢车,通用标准：Wagon,,
EU,Skoda Octavia 1Z5 facelift Wagon 2007-2013 EU,Skoda,Octavia,Wagon,2007-2013,三厢车,两厢车,通用标准：Wagon,,
EU,Skoda Octavia 1Z5 prefl Wagon 2004-2009 EU,Skoda,Octavia,Wagon,2004-2009,三厢车,两厢车,通用标准：Wagon,,
EU,Skoda Octavia 1Z5 prefl Wagon 2004-2010 EU,Skoda,Octavia,Wagon,2004-2010,三厢车,两厢车,通用标准：Wagon,,
EU,Skoda Octavia 1Z5 prefl Wagon 2004-2013 EU,Skoda,Octavia,Wagon,2004-2013,三厢车,两厢车,通用标准：Wagon,,
EU,Skoda Octavia 1Z5 prefl Wagon 2005-2013 EU,Skoda,Octavia,Wagon,2005-2013,三厢车,两厢车,通用标准：Wagon,,
EU,Skoda Octavia 1Z5 prefl Wagon 2006-2013 EU,Skoda,Octavia,Wagon,2006-2013,三厢车,两厢车,通用标准：Wagon,,
EU,Skoda Octavia 1Z5 prefl Wagon 2007-2013 EU,Skoda,Octavia,Wagon,2007-2013,三厢车,两厢车,通用标准：Wagon,,
EU,Skoda Octavia 1Z5 prefl Wagon 2008-2013 EU,Skoda,Octavia,Wagon,2008-2013,三厢车,两厢车,通用标准：Wagon,,
EU,Skoda Octavia 5E Wagon 2017-2020 EU,Skoda,Octavia,Wagon,2017-2020,三厢车,两厢车,通用标准：Wagon,,
EU,Skoda Octavia 5E Wagon 2019-2020 EU,Skoda,Octavia,Wagon,2019-2020,三厢车,两厢车,通用标准：Wagon,,
EU,Skoda Octavia 5E5 Wagon 2017-2020 EU,Skoda,Octavia,Wagon,2017-2020,三厢车,两厢车,通用标准：Wagon,,
EU,Skoda Octavia 5E5/5E6 L4659 W1814 H1465 Wagon 2012-2017 EU,Skoda,Octavia,Wagon,2012-2017,三厢车,两厢车,通用标准：Wagon,,
EU,Skoda Octavia 5E5/5E6 L4667 W1814 H1465 Wagon 2017-2020 EU,Skoda,Octavia,Wagon,2017-2020,三厢车,两厢车,通用标准：Wagon,,
EU,Skoda Octavia 5E5/5E6 L4685 W1814 H1452 Wagon 2012-2017 EU,Skoda,Octavia,Wagon,2012-2017,三厢车,两厢车,通用标准：Wagon,,
EU,Skoda Octavia 5E5/5E6 L4689 W1814 H1452 Wagon 2017-2020 EU,Skoda,Octavia,Wagon,2017-2020,三厢车,两厢车,通用标准：Wagon,,
EU,Skoda Octavia 5E5/5E6 Wagon 2012-2015 EU,Skoda,Octavia,Wagon,2012-2015,三厢车,两厢车,通用标准：Wagon,,
EU,Skoda Octavia 5E5/5E6 Wagon 2013-2017 EU,Skoda,Octavia,Wagon,2013-2017,三厢车,两厢车,通用标准：Wagon,,
EU,Skoda Octavia 5E5/5E6 Wagon 2014-2017 EU,Skoda,Octavia,Wagon,2014-2017,三厢车,两厢车,通用标准：Wagon,,
EU,Skoda Octavia 5E5/5E6 Wagon 2015-2017 EU,Skoda,Octavia,Wagon,2015-2017,三厢车,两厢车,通用标准：Wagon,,
EU,Skoda Octavia 5E5/5E6 facelift Wagon 2012-2020 EU,Skoda,Octavia,Wagon,2012-2020,三厢车,两厢车,通用标准：Wagon,,
EU,Skoda Octavia 5E5/5E6 facelift Wagon 2014-2020 EU,Skoda,Octavia,Wagon,2014-2020,三厢车,两厢车,通用标准：Wagon,,
EU,Skoda Octavia 5E5/5E6 facelift Wagon 2015-2020 EU,Skoda,Octavia,Wagon,2015-2020,三厢车,两厢车,通用标准：Wagon,,
EU,Skoda Octavia 5E5/5E6 prefl Wagon 2012-2020 EU,Skoda,Octavia,Wagon,2012-2020,三厢车,两厢车,通用标准：Wagon,,
EU,Skoda Octavia 5E5/5E6 prefl Wagon 2014-2020 EU,Skoda,Octavia,Wagon,2014-2020,三厢车,两厢车,通用标准：Wagon,,
EU,Skoda Octavia 5E5/5E6 prefl Wagon 2015-2020 EU,Skoda,Octavia,Wagon,2015-2020,三厢车,两厢车,通用标准：Wagon,,
EU,Skoda Octavia 5E5/5E6 rs facelift Wagon 2013-2020 EU,Skoda,Octavia,Wagon,2013-2020,三厢车,两厢车,通用标准：Wagon,,
EU,Skoda Octavia 5E5/5E6 rs prefl Wagon 2013-2020 EU,Skoda,Octavia,Wagon,2013-2020,三厢车,两厢车,通用标准：Wagon,,
EU,Skoda Octavia 5E5/5E6 std facelift Wagon 2013-2020 EU,Skoda,Octavia,Wagon,2013-2020,三厢车,两厢车,通用标准：Wagon,,
EU,Skoda Octavia 5E5/5E6 std prefl Wagon 2013-2020 EU,Skoda,Octavia,Wagon,2013-2020,三厢车,两厢车,通用标准：Wagon,,
EU,Skoda Octavia NX Wagon 2019-2026 EU,Skoda,Octavia,Wagon,2019-2026,三厢车,两厢车,通用标准：Wagon,,
EU,Skoda Octavia NX Wagon 2020-2026 EU,Skoda,Octavia,Wagon,2020-2026,三厢车,两厢车,通用标准：Wagon,,
EU,Skoda Octavia NX5 L4689 W1829 H1468 Wagon 2020-2026 EU,Skoda,Octavia,Wagon,2020-2026,三厢车,两厢车,通用标准：Wagon,,
EU,Skoda Octavia NX5 L4702 W1829 H1455 Wagon 2020-2026 EU,Skoda,Octavia,Wagon,2020-2026,三厢车,两厢车,通用标准：Wagon,,
EU,Skoda Octavia NX5 L4702 W1829 H1474 Wagon 2020-2026 EU,Skoda,Octavia,Wagon,2020-2026,三厢车,两厢车,通用标准：Wagon,,
EU,Skoda Octavia NX5/PV5 L4698 W1829 H1468 Wagon 2024-2026 EU,Skoda,Octavia,Wagon,2024-2026,三厢车,两厢车,通用标准：Wagon,,
EU,Skoda Octavia NX5/PV5 L4709 W1829 H1455 Wagon 2024-2026 EU,Skoda,Octavia,Wagon,2024-2026,三厢车,两厢车,通用标准：Wagon,,
EU,Skoda Octavia NX5/PV5 Wagon 2020-2026 EU,Skoda,Octavia,Wagon,2020-2026,三厢车,两厢车,通用标准：Wagon,,
EU,Skoda Octavia NX5/PV5 Wagon 2025-2026 EU,Skoda,Octavia,Wagon,2025-2026,三厢车,两厢车,通用标准：Wagon,,
EU,Skoda Octavia Wagon 2000-2010 EU,Skoda,Octavia,Wagon,2000-2010,三厢车,两厢车,通用标准：Wagon,,
EU,Skoda Octavia Wagon 2012-2017 EU,Skoda,Octavia,Wagon,2012-2017,三厢车,两厢车,通用标准：Wagon,,
EU,Skoda Octavia Wagon 2015-2017 EU,Skoda,Octavia,Wagon,2015-2017,三厢车,两厢车,通用标准：Wagon,,
EU,Skoda Octavia facelift Wagon 1998-2004 EU,Skoda,Octavia,Wagon,1998-2004,三厢车,两厢车,通用标准：Wagon,,
EU,Skoda Octavia facelift Wagon 1999-2007 EU,Skoda,Octavia,Wagon,1999-2007,三厢车,两厢车,通用标准：Wagon,,
EU,Skoda Octavia facelift Wagon 2004-2013 EU,Skoda,Octavia,Wagon,2004-2013,三厢车,两厢车,通用标准：Wagon,,
EU,Skoda Octavia facelift Wagon 2016-2020 EU,Skoda,Octavia,Wagon,2016-2020,三厢车,两厢车,通用标准：Wagon,,
EU,Skoda Octavia prefl Wagon 1998-2004 EU,Skoda,Octavia,Wagon,1998-2004,三厢车,两厢车,通用标准：Wagon,,
EU,Skoda Octavia prefl Wagon 1999-2007 EU,Skoda,Octavia,Wagon,1999-2007,三厢车,两厢车,通用标准：Wagon,,
EU,Skoda Octavia prefl Wagon 2004-2013 EU,Skoda,Octavia,Wagon,2004-2013,三厢车,两厢车,通用标准：Wagon,,
EU,Skoda Octavia prefl Wagon 2016-2020 EU,Skoda,Octavia,Wagon,2016-2020,三厢车,两厢车,通用标准：Wagon,,
EU,Skoda Rapid NH3/NK3/NK6 Liftback 2012-2015 EU,Skoda,Rapid,Liftback,2012-2015,跑车,三厢车,联网判定：Liftback,4483mm 五门 liftback，长尾；短尾版为另列的 Spaceback,https://en.wikipedia.org/wiki/%C5%A0koda_Rapid_(2012)
EU,Skoda Rapid NH3/NK3/NK6 Liftback 2012-2019 EU,Skoda,Rapid,Liftback,2012-2019,跑车,三厢车,联网判定：Liftback,4483mm 五门 liftback，长尾；短尾版为另列的 Spaceback,https://en.wikipedia.org/wiki/%C5%A0koda_Rapid_(2012)
EU,Skoda Rapid NH3/NK3/NK6 Liftback 2013-2015 EU,Skoda,Rapid,Liftback,2013-2015,跑车,三厢车,联网判定：Liftback,4483mm 五门 liftback，长尾；短尾版为另列的 Spaceback,https://en.wikipedia.org/wiki/%C5%A0koda_Rapid_(2012)
EU,Skoda Rapid NH3/NK3/NK6 Liftback 2015-2019 EU,Skoda,Rapid,Liftback,2015-2019,跑车,三厢车,联网判定：Liftback,4483mm 五门 liftback，长尾；短尾版为另列的 Spaceback,https://en.wikipedia.org/wiki/%C5%A0koda_Rapid_(2012)
EU,Skoda Rapid NH3/NK3/NK6 Liftback 2015-2022 EU,Skoda,Rapid,Liftback,2015-2022,跑车,三厢车,联网判定：Liftback,4483mm 五门 liftback，长尾；短尾版为另列的 Spaceback,https://en.wikipedia.org/wiki/%C5%A0koda_Rapid_(2012)
EU,Skoda Rapid NH3/NK3/NK6 Liftback 2017-2019 EU,Skoda,Rapid,Liftback,2017-2019,跑车,三厢车,联网判定：Liftback,4483mm 五门 liftback，长尾；短尾版为另列的 Spaceback,https://en.wikipedia.org/wiki/%C5%A0koda_Rapid_(2012)
EU,Skoda Roomster 5J MPV 2010-2015 EU,Skoda,Roomster,MPV,2010-2015,越野车,两厢车,通用标准：MPV,,
EU,Skoda Roomster 5J Praktik Van 2010-2015 EU,Skoda,Roomster,Van,2010-2015,越野车,两厢车,通用标准：Van,,
EU,Skoda Roomster 5J facelift MPV 2007-2015 EU,Skoda,Roomster,MPV,2007-2015,越野车,两厢车,通用标准：MPV,,
EU,Skoda Roomster 5J prefl MPV 2007-2015 EU,Skoda,Roomster,MPV,2007-2015,越野车,两厢车,通用标准：MPV,,
EU,Skoda Roomster 5J7 MPV 2006-2006 EU,Skoda,Roomster,MPV,2006-2006,越野车,两厢车,通用标准：MPV,,
EU,Skoda Roomster 5J7 MPV 2010-2015 EU,Skoda,Roomster,MPV,2010-2015,越野车,两厢车,通用标准：MPV,,
EU,Skoda Roomster 5J7 facelift MPV 2006-2010 EU,Skoda,Roomster,MPV,2006-2010,越野车,两厢车,通用标准：MPV,,
EU,Skoda Roomster 5J7 facelift MPV 2009-2015 EU,Skoda,Roomster,MPV,2009-2015,越野车,两厢车,通用标准：MPV,,
EU,Skoda Roomster 5J7 prefl MPV 2006-2010 EU,Skoda,Roomster,MPV,2006-2010,越野车,两厢车,通用标准：MPV,,
EU,Skoda Roomster 5J7 prefl MPV 2009-2015 EU,Skoda,Roomster,MPV,2009-2015,越野车,两厢车,通用标准：MPV,,
EU,Skoda Roomster 5J8 Van 2007-2010 EU,Skoda,Roomster,Van,2007-2010,越野车,两厢车,通用标准：Van,,
EU,Skoda Roomster 5J8 facelift Van 2007-2015 EU,Skoda,Roomster,Van,2007-2015,越野车,两厢车,通用标准：Van,,
EU,Skoda Roomster 5J8 prefl Van 2007-2015 EU,Skoda,Roomster,Van,2007-2015,越野车,两厢车,通用标准：Van,,
EU,Skoda Roomster MPV 2006-2007 EU,Skoda,Roomster,MPV,2006-2007,越野车,两厢车,通用标准：MPV,,
EU,Skoda Roomster MPV 2006-2010 EU,Skoda,Roomster,MPV,2006-2010,越野车,两厢车,通用标准：MPV,,
EU,Skoda Roomster facelift MPV 2006-2015 EU,Skoda,Roomster,MPV,2006-2015,越野车,两厢车,通用标准：MPV,,
EU,Skoda Roomster prefl MPV 2006-2015 EU,Skoda,Roomster,MPV,2006-2015,越野车,两厢车,通用标准：MPV,,
EU,Skoda Superb ii 3T facelift Liftback 2009-2015 EU,Skoda,Superb ii,Liftback,2009-2015,跑车,三厢车,联网判定：Liftback,Twindoor 轿车/liftback 两用尾门，三厢轿车轮廓,https://www.motor1.com/news/694523/skoda-superb-both-sedan-hatchback/
EU,Skoda Superb ii 3T facelift Wagon 2009-2015 EU,Skoda,Superb ii,Wagon,2009-2015,三厢车,两厢车,通用标准：Wagon,,
EU,Skoda Superb ii 3T prefl Liftback 2009-2015 EU,Skoda,Superb ii,Liftback,2009-2015,跑车,三厢车,联网判定：Liftback,Twindoor 轿车/liftback 两用尾门，三厢轿车轮廓,https://www.motor1.com/news/694523/skoda-superb-both-sedan-hatchback/
EU,Skoda Superb ii 3T prefl Wagon 2009-2015 EU,Skoda,Superb ii,Wagon,2009-2015,三厢车,两厢车,通用标准：Wagon,,
EU,Skoda Superb ii 3T4 Liftback 2008-2010 EU,Skoda,Superb ii,Liftback,2008-2010,跑车,三厢车,联网判定：Liftback,Twindoor 轿车/liftback 两用尾门，三厢轿车轮廓,https://www.motor1.com/news/694523/skoda-superb-both-sedan-hatchback/
EU,Skoda Superb ii 3T4 facelift Liftback 2008-2015 EU,Skoda,Superb ii,Liftback,2008-2015,跑车,三厢车,联网判定：Liftback,Twindoor 轿车/liftback 两用尾门，三厢轿车轮廓,https://www.motor1.com/news/694523/skoda-superb-both-sedan-hatchback/
EU,Skoda Superb ii 3T4 facelift Liftback 2009-2015 EU,Skoda,Superb ii,Liftback,2009-2015,跑车,三厢车,联网判定：Liftback,Twindoor 轿车/liftback 两用尾门，三厢轿车轮廓,https://www.motor1.com/news/694523/skoda-superb-both-sedan-hatchback/
EU,Skoda Superb ii 3T4 facelift Liftback 2010-2015 EU,Skoda,Superb ii,Liftback,2010-2015,跑车,三厢车,联网判定：Liftback,Twindoor 轿车/liftback 两用尾门，三厢轿车轮廓,https://www.motor1.com/news/694523/skoda-superb-both-sedan-hatchback/
EU,Skoda Superb ii 3T4 prefl Liftback 2008-2015 EU,Skoda,Superb ii,Liftback,2008-2015,跑车,三厢车,联网判定：Liftback,Twindoor 轿车/liftback 两用尾门，三厢轿车轮廓,https://www.motor1.com/news/694523/skoda-superb-both-sedan-hatchback/
EU,Skoda Superb ii 3T4 prefl Liftback 2009-2015 EU,Skoda,Superb ii,Liftback,2009-2015,跑车,三厢车,联网判定：Liftback,Twindoor 轿车/liftback 两用尾门，三厢轿车轮廓,https://www.motor1.com/news/694523/skoda-superb-both-sedan-hatchback/
EU,Skoda Superb ii 3T4 prefl Liftback 2010-2015 EU,Skoda,Superb ii,Liftback,2010-2015,跑车,三厢车,联网判定：Liftback,Twindoor 轿车/liftback 两用尾门，三厢轿车轮廓,https://www.motor1.com/news/694523/skoda-superb-both-sedan-hatchback/
EU,Skoda Superb ii 3T5 Wagon 2009-2010 EU,Skoda,Superb ii,Wagon,2009-2010,三厢车,两厢车,通用标准：Wagon,,
EU,Skoda Superb ii 3T5 facelift Wagon 2009-2015 EU,Skoda,Superb ii,Wagon,2009-2015,三厢车,两厢车,通用标准：Wagon,,
EU,Skoda Superb ii 3T5 facelift Wagon 2010-2015 EU,Skoda,Superb ii,Wagon,2010-2015,三厢车,两厢车,通用标准：Wagon,,
EU,Skoda Superb ii 3T5 prefl Wagon 2009-2015 EU,Skoda,Superb ii,Wagon,2009-2015,三厢车,两厢车,通用标准：Wagon,,
EU,Skoda Superb ii 3T5 prefl Wagon 2010-2015 EU,Skoda,Superb ii,Wagon,2010-2015,三厢车,两厢车,通用标准：Wagon,,
EU,Skoda Superb iii 3V5 Wagon 2019-2024 EU,Skoda,Superb iii,Wagon,2019-2024,三厢车,两厢车,通用标准：Wagon,,
EU,Skoda Superb iii 3V5 Wagon 2020-2024 EU,Skoda,Superb iii,Wagon,2020-2024,三厢车,两厢车,通用标准：Wagon,,
EU,Skoda Superb iii 3V5 facelift Wagon 2015-2024 EU,Skoda,Superb iii,Wagon,2015-2024,三厢车,两厢车,通用标准：Wagon,,
EU,Skoda Superb iii 3V5 prefl Wagon 2015-2024 EU,Skoda,Superb iii,Wagon,2015-2024,三厢车,两厢车,通用标准：Wagon,,
EU,Skoda Superb iii Wagon 2019-2024 EU,Skoda,Superb iii,Wagon,2019-2024,三厢车,两厢车,通用标准：Wagon,,
EU,Skoda Superb iv L4902 W1849 H1482 Wagon 2024-2026 EU,Skoda,Superb iv,Wagon,2024-2026,三厢车,两厢车,通用标准：Wagon,,
EU,Skoda Superb iv L4902 W1849 H1483 Wagon 2024-2026 EU,Skoda,Superb iv,Wagon,2024-2026,三厢车,两厢车,通用标准：Wagon,,
EU,Skoda Superb iv Wagon 2023-2026 EU,Skoda,Superb iv,Wagon,2023-2026,三厢车,两厢车,通用标准：Wagon,,
EU,Ssangyong Rodius i A100 MPV 2005-2012 EU,Ssangyong,Rodius i,MPV,2005-2012,越野车,两厢车,通用标准：MPV,,
EU,Ssangyong Rodius i A100 MPV 2005-2026 EU,Ssangyong,Rodius i,MPV,2005-2026,越野车,两厢车,通用标准：MPV,,
EU,Ssangyong Rodius i A100 MPV 2007-2026 EU,Ssangyong,Rodius i,MPV,2007-2026,越野车,两厢车,通用标准：MPV,,
EU,Ssangyong Rodius ii A150 MPV 2013-2026 EU,Ssangyong,Rodius ii,MPV,2013-2026,越野车,两厢车,通用标准：MPV,,
EU,Ssangyong Rodius ii A150 MPV 2015-2026 EU,Ssangyong,Rodius ii,MPV,2015-2026,越野车,两厢车,通用标准：MPV,,
EU,Ssangyong Rodius ii van A150 MPV 2015-2026 EU,Ssangyong,Rodius ii van,MPV,2015-2026,越野车,两厢车,通用标准：MPV,,
EU,Ssangyong Stavic A100 MPV 2005-2012 EU,Ssangyong,Stavic,MPV,2005-2012,越野车,两厢车,通用标准：MPV,,
EU,Streetscooter Work Van 2015-2022 EU,Streetscooter,Work,Van,2015-2022,越野车,两厢车,通用标准：Van,,
EU,Streetscooter Work Van 2018-2022 EU,Streetscooter,Work,Van,2018-2022,越野车,两厢车,通用标准：Van,,
EU,Streetscooter Work Van 2020-2022 EU,Streetscooter,Work,Van,2020-2022,越野车,两厢车,通用标准：Van,,
EU,Streetscooter Work l Van 2019-2022 EU,Streetscooter,Work l,Van,2019-2022,越野车,两厢车,通用标准：Van,,
EU,Streetscooter Work l Van 2020-2022 EU,Streetscooter,Work l,Van,2020-2022,越野车,两厢车,通用标准：Van,,
EU,Streetscooter Work xl Van 2018-2022 EU,Streetscooter,Work xl,Van,2018-2022,越野车,两厢车,通用标准：Van,,
EU,Subaru E-Outback Wagon 2026-2026 EU,Subaru,E-Outback,Wagon,2026-2026,三厢车,两厢车,通用标准：Wagon,,
EU,Subaru Impreza station wagon GF Wagon 1992-2000 EU,Subaru,Impreza station wagon,Wagon,1992-2000,三厢车,两厢车,通用标准：Wagon,,
EU,Subaru Impreza station wagon GF Wagon 1994-2000 EU,Subaru,Impreza station wagon,Wagon,1994-2000,三厢车,两厢车,通用标准：Wagon,,
EU,Subaru Impreza station wagon GF Wagon 1995-2000 EU,Subaru,Impreza station wagon,Wagon,1995-2000,三厢车,两厢车,通用标准：Wagon,,
EU,Subaru Impreza station wagon GF Wagon 1998-2000 EU,Subaru,Impreza station wagon,Wagon,1998-2000,三厢车,两厢车,通用标准：Wagon,,
EU,Subaru Impreza station wagon GG Wagon 2005-2007 EU,Subaru,Impreza station wagon,Wagon,2005-2007,三厢车,两厢车,通用标准：Wagon,,
EU,Subaru Impreza station wagon GG Wagon 2005-2008 EU,Subaru,Impreza station wagon,Wagon,2005-2008,三厢车,两厢车,通用标准：Wagon,,
EU,Subaru Impreza station wagon GG Wagon 2007-2007 EU,Subaru,Impreza station wagon,Wagon,2007-2007,三厢车,两厢车,通用标准：Wagon,,
EU,Subaru Impreza station wagon GG facelift 2002 Wagon 2000-2006 EU,Subaru,Impreza station wagon,Wagon,2000-2006,三厢车,两厢车,通用标准：Wagon,,
EU,Subaru Impreza station wagon GG facelift 2005 Wagon 2000-2006 EU,Subaru,Impreza station wagon,Wagon,2000-2006,三厢车,两厢车,通用标准：Wagon,,
EU,Subaru Impreza station wagon GG facelift2002 Wagon 2000-2005 EU,Subaru,Impreza station wagon,Wagon,2000-2005,三厢车,两厢车,通用标准：Wagon,,
EU,Subaru Impreza station wagon GG facelift2002 Wagon 2000-2007 EU,Subaru,Impreza station wagon,Wagon,2000-2007,三厢车,两厢车,通用标准：Wagon,,
EU,Subaru Impreza station wagon GG facelift2002 Wagon 2002-2006 EU,Subaru,Impreza station wagon,Wagon,2002-2006,三厢车,两厢车,通用标准：Wagon,,
EU,Subaru Impreza station wagon GG facelift2005 Wagon 2000-2007 EU,Subaru,Impreza station wagon,Wagon,2000-2007,三厢车,两厢车,通用标准：Wagon,,
EU,Subaru Impreza station wagon GG facelift2005 Wagon 2002-2006 EU,Subaru,Impreza station wagon,Wagon,2002-2006,三厢车,两厢车,通用标准：Wagon,,
EU,Subaru Impreza station wagon GG prefl Wagon 2000-2005 EU,Subaru,Impreza station wagon,Wagon,2000-2005,三厢车,两厢车,通用标准：Wagon,,
EU,Subaru Impreza station wagon GG prefl Wagon 2000-2006 EU,Subaru,Impreza station wagon,Wagon,2000-2006,三厢车,两厢车,通用标准：Wagon,,
EU,Subaru Impreza station wagon GG prefl Wagon 2000-2007 EU,Subaru,Impreza station wagon,Wagon,2000-2007,三厢车,两厢车,通用标准：Wagon,,
EU,Subaru Impreza station wagon Wagon 2006-2007 EU,Subaru,Impreza station wagon,Wagon,2006-2007,三厢车,两厢车,通用标准：Wagon,,
EU,Subaru Legacy i station wagon BJF Wagon 1991-1993 EU,Subaru,Legacy i station wagon,Wagon,1991-1993,三厢车,两厢车,通用标准：Wagon,,
EU,Subaru Legacy i station wagon BJF Wagon 1991-1994 EU,Subaru,Legacy i station wagon,Wagon,1991-1994,三厢车,两厢车,通用标准：Wagon,,
EU,Subaru Legacy i station wagon BJF Wagon 1992-1994 EU,Subaru,Legacy i station wagon,Wagon,1992-1994,三厢车,两厢车,通用标准：Wagon,,
EU,Subaru Legacy i station wagon BJF facelift Wagon 1989-1994 EU,Subaru,Legacy i station wagon,Wagon,1989-1994,三厢车,两厢车,通用标准：Wagon,,
EU,Subaru Legacy i station wagon BJF prefl Wagon 1989-1994 EU,Subaru,Legacy i station wagon,Wagon,1989-1994,三厢车,两厢车,通用标准：Wagon,,
EU,Subaru Legacy ii station wagon BG Wagon 1994-1998 EU,Subaru,Legacy ii station wagon,Wagon,1994-1998,三厢车,两厢车,通用标准：Wagon,,
EU,Subaru Legacy ii station wagon BG Wagon 1996-1998 EU,Subaru,Legacy ii station wagon,Wagon,1996-1998,三厢车,两厢车,通用标准：Wagon,,
EU,Subaru Legacy iii station wagon BH facelift2001 Wagon 1998-2003 EU,Subaru,Legacy iii station wagon,Wagon,1998-2003,三厢车,两厢车,通用标准：Wagon,,
EU,Subaru Legacy iii station wagon BH prefl Wagon 1998-2003 EU,Subaru,Legacy iii station wagon,Wagon,1998-2003,三厢车,两厢车,通用标准：Wagon,,
EU,Subaru Legacy iv station wagon BP Wagon 2003-2005 EU,Subaru,Legacy iv station wagon,Wagon,2003-2005,三厢车,两厢车,通用标准：Wagon,,
EU,Subaru Legacy iv station wagon BP Wagon 2007-2009 EU,Subaru,Legacy iv station wagon,Wagon,2007-2009,三厢车,两厢车,通用标准：Wagon,,
EU,Subaru Legacy iv station wagon BP Wagon 2008-2009 EU,Subaru,Legacy iv station wagon,Wagon,2008-2009,三厢车,两厢车,通用标准：Wagon,,
EU,Subaru Legacy iv station wagon BP facelift2006 Wagon 2003-2009 EU,Subaru,Legacy iv station wagon,Wagon,2003-2009,三厢车,两厢车,通用标准：Wagon,,
EU,Subaru Legacy iv station wagon BP prefl Wagon 2003-2009 EU,Subaru,Legacy iv station wagon,Wagon,2003-2009,三厢车,两厢车,通用标准：Wagon,,
EU,Subaru Legacy iv station wagon BP5 Wagon 2005-2009 EU,Subaru,Legacy iv station wagon,Wagon,2005-2009,三厢车,两厢车,通用标准：Wagon,,
EU,Subaru Legacy v station wagon BR Wagon 2009-2011 EU,Subaru,Legacy v station wagon,Wagon,2009-2011,三厢车,两厢车,通用标准：Wagon,,
EU,Subaru Legacy v station wagon BR Wagon 2012-2014 EU,Subaru,Legacy v station wagon,Wagon,2012-2014,三厢车,两厢车,通用标准：Wagon,,
EU,Subaru Legacy v station wagon BR Wagon 2013-2014 EU,Subaru,Legacy v station wagon,Wagon,2013-2014,三厢车,两厢车,通用标准：Wagon,,
EU,Subaru Legacy v station wagon BR facelift Wagon 2009-2014 EU,Subaru,Legacy v station wagon,Wagon,2009-2014,三厢车,两厢车,通用标准：Wagon,,
EU,Subaru Legacy v station wagon BR facelift Wagon 2010-2014 EU,Subaru,Legacy v station wagon,Wagon,2010-2014,三厢车,两厢车,通用标准：Wagon,,
EU,Subaru Legacy v station wagon BR prefl Wagon 2009-2014 EU,Subaru,Legacy v station wagon,Wagon,2009-2014,三厢车,两厢车,通用标准：Wagon,,
EU,Subaru Legacy v station wagon BR prefl Wagon 2010-2014 EU,Subaru,Legacy v station wagon,Wagon,2010-2014,三厢车,两厢车,通用标准：Wagon,,
EU,Subaru Leone ii station wagon AM Wagon 1980-1984 EU,Subaru,Leone ii station wagon,Wagon,1980-1984,三厢车,两厢车,通用标准：Wagon,,
EU,Subaru Leone ii station wagon Wagon 1979-1984 EU,Subaru,Leone ii station wagon,Wagon,1979-1984,三厢车,两厢车,通用标准：Wagon,,
EU,Subaru Leone ii station wagon Wagon 1980-1984 EU,Subaru,Leone ii station wagon,Wagon,1980-1984,三厢车,两厢车,通用标准：Wagon,,
EU,Subaru Leone iii station wagon L4410 W1660 H1420 Wagon 1990-1994 EU,Subaru,Leone iii station wagon,Wagon,1990-1994,三厢车,两厢车,通用标准：Wagon,,
EU,Subaru Leone iii station wagon L4410 W1660 H1450 Wagon 1984-1990 EU,Subaru,Leone iii station wagon,Wagon,1984-1990,三厢车,两厢车,通用标准：Wagon,,
EU,Subaru Leone iii station wagon L4410 W1660 H1450 Wagon 1990-1994 EU,Subaru,Leone iii station wagon,Wagon,1990-1994,三厢车,两厢车,通用标准：Wagon,,
EU,Subaru Leone iii station wagon L4410 W1660 H1490 Wagon 1984-1990 EU,Subaru,Leone iii station wagon,Wagon,1984-1990,三厢车,两厢车,通用标准：Wagon,,
EU,Subaru Leone iii station wagon Wagon 1986-1991 EU,Subaru,Leone iii station wagon,Wagon,1986-1991,三厢车,两厢车,通用标准：Wagon,,
EU,Subaru Leone iii station wagon Wagon 1986-1992 EU,Subaru,Leone iii station wagon,Wagon,1986-1992,三厢车,两厢车,通用标准：Wagon,,
EU,Subaru Leone iii station wagon Wagon 1987-1989 EU,Subaru,Leone iii station wagon,Wagon,1987-1989,三厢车,两厢车,通用标准：Wagon,,
EU,Subaru Leone iii station wagon Wagon 1989-1990 EU,Subaru,Leone iii station wagon,Wagon,1989-1990,三厢车,两厢车,通用标准：Wagon,,
EU,Subaru Levorg VM Wagon 2015-2026 EU,Subaru,Levorg,Wagon,2015-2026,三厢车,两厢车,通用标准：Wagon,,
EU,Subaru Levorg VM Wagon 2019-2026 EU,Subaru,Levorg,Wagon,2019-2026,三厢车,两厢车,通用标准：Wagon,,
EU,Subaru Libero E10 Van 1984-1986 EU,Subaru,Libero,Van,1984-1986,越野车,两厢车,通用标准：Van,,
EU,Subaru Libero E10 Van 1984-1988 EU,Subaru,Libero,Van,1984-1988,越野车,两厢车,通用标准：Van,,
EU,Subaru Libero E10 highroof MPV 1983-1987 EU,Subaru,Libero,MPV,1983-1987,越野车,两厢车,通用标准：MPV,,
EU,Subaru Libero E10 lowroof MPV 1983-1987 EU,Subaru,Libero,MPV,1983-1987,越野车,两厢车,通用标准：MPV,,
EU,Subaru Libero E12 MPV 1991-2000 EU,Subaru,Libero,MPV,1991-2000,越野车,两厢车,通用标准：MPV,,
EU,Subaru Libero E12 e12 highroof MPV 1986-2000 EU,Subaru,Libero,MPV,1986-2000,越野车,两厢车,通用标准：MPV,,
EU,Subaru Libero E12 e12 lowroof MPV 1986-2000 EU,Subaru,Libero,MPV,1986-2000,越野车,两厢车,通用标准：MPV,,
EU,Subaru Libero MPV 1986-2000 EU,Subaru,Libero,MPV,1986-2000,越野车,两厢车,通用标准：MPV,,
EU,Subaru Libero MPV 1991-2000 EU,Subaru,Libero,MPV,1991-2000,越野车,两厢车,通用标准：MPV,,
EU,Subaru Outback BH Wagon 2000-2003 EU,Subaru,Outback,Wagon,2000-2003,三厢车,两厢车,通用标准：Wagon,,
EU,Subaru Outback BP Wagon 2003-2009 EU,Subaru,Outback,Wagon,2003-2009,三厢车,两厢车,通用标准：Wagon,,
EU,Subaru Outback BP Wagon 2008-2009 EU,Subaru,Outback,Wagon,2008-2009,三厢车,两厢车,通用标准：Wagon,,
EU,Subaru Outback BR Wagon 2013-2014 EU,Subaru,Outback,Wagon,2013-2014,三厢车,两厢车,通用标准：Wagon,,
EU,Subaru Outback BR Wagon 2013-2026 EU,Subaru,Outback,Wagon,2013-2026,三厢车,两厢车,通用标准：Wagon,,
EU,Subaru Outback BR Wagon 2014-2014 EU,Subaru,Outback,Wagon,2014-2014,三厢车,两厢车,通用标准：Wagon,,
EU,Subaru Outback BR facelift Wagon 2009-2026 EU,Subaru,Outback,Wagon,2009-2026,三厢车,两厢车,通用标准：Wagon,,
EU,Subaru Outback BR facelift Wagon 2010-2014 EU,Subaru,Outback,Wagon,2010-2014,三厢车,两厢车,通用标准：Wagon,,
EU,Subaru Outback BR prefl Wagon 2009-2026 EU,Subaru,Outback,Wagon,2009-2026,三厢车,两厢车,通用标准：Wagon,,
EU,Subaru Outback BR prefl Wagon 2010-2014 EU,Subaru,Outback,Wagon,2010-2014,三厢车,两厢车,通用标准：Wagon,,
EU,Subaru Outback BS Wagon 2014-2026 EU,Subaru,Outback,Wagon,2014-2026,三厢车,两厢车,通用标准：Wagon,,
EU,Subaru Outback BS Wagon 2015-2019 EU,Subaru,Outback,Wagon,2015-2019,三厢车,两厢车,通用标准：Wagon,,
EU,Subaru Outback BS Wagon 2015-2026 EU,Subaru,Outback,Wagon,2015-2026,三厢车,两厢车,通用标准：Wagon,,
EU,Subaru Outback BT 1670h Wagon 2020-2026 EU,Subaru,Outback,Wagon,2020-2026,三厢车,两厢车,通用标准：Wagon,,
EU,Subaru Outback BT 1675h Wagon 2020-2026 EU,Subaru,Outback,Wagon,2020-2026,三厢车,两厢车,通用标准：Wagon,,
EU,Subaru Outback BT Wagon 2021-2026 EU,Subaru,Outback,Wagon,2021-2026,三厢车,两厢车,通用标准：Wagon,,
EU,Suzuki Baleno EG Wagon 1996-2002 EU,Suzuki,Baleno,Wagon,1996-2002,三厢车,两厢车,通用标准：Wagon,,
EU,Suzuki Baleno EG Wagon 1998-2002 EU,Suzuki,Baleno,Wagon,1998-2002,三厢车,两厢车,通用标准：Wagon,,
EU,Suzuki Baleno EG facelift Wagon 1997-2002 EU,Suzuki,Baleno,Wagon,1997-2002,三厢车,两厢车,通用标准：Wagon,,
EU,Suzuki Baleno EG prefl Wagon 1997-2002 EU,Suzuki,Baleno,Wagon,1997-2002,三厢车,两厢车,通用标准：Wagon,,
EU,Suzuki Baleno Wagon 1996-2002 EU,Suzuki,Baleno,Wagon,1996-2002,三厢车,两厢车,通用标准：Wagon,,
EU,Suzuki Carry DA32 Van 2000-2026 EU,Suzuki,Carry,Van,2000-2026,越野车,两厢车,通用标准：Van,,
EU,Suzuki Carry MPV 1999-2006 EU,Suzuki,Carry,MPV,1999-2006,越野车,两厢车,通用标准：MPV,,
EU,Suzuki Carry ST90V highroof Van 1980-1985 EU,Suzuki,Carry,Van,1980-1985,越野车,两厢车,通用标准：Van,,
EU,Suzuki Carry ST90V lowroof Van 1980-1985 EU,Suzuki,Carry,Van,1980-1985,越野车,两厢车,通用标准：Van,,
EU,Suzuki Carry Van 1996-1999 EU,Suzuki,Carry,Van,1996-1999,越野车,两厢车,通用标准：Van,,
EU,Suzuki Super carry SK410 MPV 1985-1999 EU,Suzuki,Super carry,MPV,1985-1999,越野车,两厢车,通用标准：MPV,,
EU,Suzuki Super carry SK410 MPV 1992-1999 EU,Suzuki,Super carry,MPV,1992-1999,越野车,两厢车,通用标准：MPV,,
EU,Suzuki Super carry SK410 MPV 1994-1999 EU,Suzuki,Super carry,MPV,1994-1999,越野车,两厢车,通用标准：MPV,,
EU,Suzuki Swace E210 Wagon 2020-2026 EU,Suzuki,Swace,Wagon,2020-2026,三厢车,两厢车,通用标准：Wagon,,
EU,Suzuki Swace E210 Wagon 2023-2026 EU,Suzuki,Swace,Wagon,2023-2026,三厢车,两厢车,通用标准：Wagon,,
EU,Suzuki Wagon r MPV 2004-2005 EU,Suzuki,Wagon r,MPV,2004-2005,越野车,两厢车,通用标准：MPV,,
EU,Suzuki Wagon r+ EM MPV 1998-2000 EU,Suzuki,Wagon r+,MPV,1998-2000,越野车,两厢车,通用标准：MPV,,
EU,Suzuki Wagon r+ MPV 2001-2026 EU,Suzuki,Wagon r+,MPV,2001-2026,越野车,两厢车,通用标准：MPV,,
EU,Suzuki Wagon r+ MPV 2003-2026 EU,Suzuki,Wagon r+,MPV,2003-2026,越野车,两厢车,通用标准：MPV,,
EU,Talbot Avenger facelift Wagon 1972-1981 EU,Talbot,Avenger,Wagon,1972-1981,三厢车,两厢车,通用标准：Wagon,,
EU,Talbot Avenger prefl Wagon 1972-1981 EU,Talbot,Avenger,Wagon,1972-1981,三厢车,两厢车,通用标准：Wagon,,
EU,Talbot Rancho MPV 1976-1983 EU,Talbot,Rancho,MPV,1976-1983,越野车,两厢车,通用标准：MPV,,
EU,Talbot Simca 1100 break/tourisme Wagon 1968-1972 EU,Talbot,Simca 1100 break/tourisme,Wagon,1968-1972,三厢车,两厢车,通用标准：Wagon,,
EU,Talbot Simca 1100 break/tourisme Wagon 1970-1972 EU,Talbot,Simca 1100 break/tourisme,Wagon,1970-1972,三厢车,两厢车,通用标准：Wagon,,
EU,Talbot Simca 1100 break/tourisme Wagon 1974-1976 EU,Talbot,Simca 1100 break/tourisme,Wagon,1974-1976,三厢车,两厢车,通用标准：Wagon,,
EU,Talbot Simca 1100 break/tourisme Wagon 1976-1979 EU,Talbot,Simca 1100 break/tourisme,Wagon,1976-1979,三厢车,两厢车,通用标准：Wagon,,
EU,Talbot Simca 1100 break/tourisme Wagon 1976-1980 EU,Talbot,Simca 1100 break/tourisme,Wagon,1976-1980,三厢车,两厢车,通用标准：Wagon,,
EU,Talbot Simca 1301 tourisme Wagon 1966-1972 EU,Talbot,Simca 1301 tourisme,Wagon,1966-1972,三厢车,两厢车,通用标准：Wagon,,
EU,Talbot Simca 1301 tourisme Wagon 1970-1972 EU,Talbot,Simca 1301 tourisme,Wagon,1970-1972,三厢车,两厢车,通用标准：Wagon,,
EU,Talbot Simca 1500 break Wagon 1964-1968 EU,Talbot,Simca 1500 break,Wagon,1964-1968,三厢车,两厢车,通用标准：Wagon,,
EU,Talbot Simca 1501 break/tourisme Wagon 1966-1972 EU,Talbot,Simca 1501 break/tourisme,Wagon,1966-1972,三厢车,两厢车,通用标准：Wagon,,
EU,Talbot Simca 1501 break/tourisme Wagon 1970-1972 EU,Talbot,Simca 1501 break/tourisme,Wagon,1970-1972,三厢车,两厢车,通用标准：Wagon,,
EU,Talbot Simca 1501 break/tourisme Wagon 1973-1976 EU,Talbot,Simca 1501 break/tourisme,Wagon,1973-1976,三厢车,两厢车,通用标准：Wagon,,
EU,Tata Aria MPV 2010-2026 EU,Tata,Aria,MPV,2010-2026,越野车,两厢车,通用标准：MPV,,
EU,Tata Indigo Wagon 2003-2010 EU,Tata,Indigo,Wagon,2003-2010,三厢车,两厢车,通用标准：Wagon,,
EU,Toyota 1000 KP36 Wagon 1969-1988 EU,Toyota,1000,Wagon,1969-1988,三厢车,两厢车,通用标准：Wagon,,
EU,Toyota Alphard / vellfire GGH30W alphard MPV 2018-2023 EU,Toyota,Alphard / vellfire,MPV,2018-2023,越野车,两厢车,通用标准：MPV,,
EU,Toyota Alphard / vellfire GGH30W vellfire MPV 2018-2023 EU,Toyota,Alphard / vellfire,MPV,2018-2023,越野车,两厢车,通用标准：MPV,,
EU,Toyota Auris E180 Wagon 2013-2015 EU,Toyota,Auris,Wagon,2013-2015,三厢车,两厢车,通用标准：Wagon,,
EU,Toyota Auris E180 Wagon 2015-2018 EU,Toyota,Auris,Wagon,2015-2018,三厢车,两厢车,通用标准：Wagon,,
EU,Toyota Auris E180 facelift Wagon 2013-2018 EU,Toyota,Auris,Wagon,2013-2018,三厢车,两厢车,通用标准：Wagon,,
EU,Toyota Auris E180 original Wagon 2013-2018 EU,Toyota,Auris,Wagon,2013-2018,三厢车,两厢车,通用标准：Wagon,,
EU,Toyota Avensis ACM20 facelift MPV 2001-2005 EU,Toyota,Avensis,MPV,2001-2005,越野车,两厢车,通用标准：MPV,,
EU,Toyota Avensis ACM20 facelift MPV 2001-2009 EU,Toyota,Avensis,MPV,2001-2009,越野车,两厢车,通用标准：MPV,,
EU,Toyota Avensis ACM20 original MPV 2001-2005 EU,Toyota,Avensis,MPV,2001-2005,越野车,两厢车,通用标准：MPV,,
EU,Toyota Avensis ACM20 original MPV 2001-2009 EU,Toyota,Avensis,MPV,2001-2009,越野车,两厢车,通用标准：MPV,,
EU,Toyota Avensis T22 Wagon 1997-2000 EU,Toyota,Avensis,Wagon,1997-2000,三厢车,两厢车,通用标准：Wagon,,
EU,Toyota Avensis T22 Wagon 1999-2003 EU,Toyota,Avensis,Wagon,1999-2003,三厢车,两厢车,通用标准：Wagon,,
EU,Toyota Avensis T22 Wagon 2000-2003 EU,Toyota,Avensis,Wagon,2000-2003,三厢车,两厢车,通用标准：Wagon,,
EU,Toyota Avensis T22 facelift Wagon 1997-2003 EU,Toyota,Avensis,Wagon,1997-2003,三厢车,两厢车,通用标准：Wagon,,
EU,Toyota Avensis T22 prefl Wagon 1997-2003 EU,Toyota,Avensis,Wagon,1997-2003,三厢车,两厢车,通用标准：Wagon,,
EU,Toyota Avensis T25 Wagon 2003-2008 EU,Toyota,Avensis,Wagon,2003-2008,三厢车,两厢车,通用标准：Wagon,,
EU,Toyota Avensis T25 Wagon 2006-2008 EU,Toyota,Avensis,Wagon,2006-2008,三厢车,两厢车,通用标准：Wagon,,
EU,Toyota Avensis T25 facelift Wagon 2005-2008 EU,Toyota,Avensis,Wagon,2005-2008,三厢车,两厢车,通用标准：Wagon,,
EU,Toyota Avensis T25 prefl Wagon 2005-2008 EU,Toyota,Avensis,Wagon,2005-2008,三厢车,两厢车,通用标准：Wagon,,
EU,Toyota Avensis T27 Wagon 2015-2018 EU,Toyota,Avensis,Wagon,2015-2018,三厢车,两厢车,通用标准：Wagon,,
EU,Toyota Avensis T27 facelift 2012 Wagon 2008-2018 EU,Toyota,Avensis,Wagon,2008-2018,三厢车,两厢车,通用标准：Wagon,,
EU,Toyota Avensis T27 facelift 2015 Wagon 2008-2018 EU,Toyota,Avensis,Wagon,2008-2018,三厢车,两厢车,通用标准：Wagon,,
EU,Toyota Avensis T27 facelift2012 Wagon 2011-2018 EU,Toyota,Avensis,Wagon,2011-2018,三厢车,两厢车,通用标准：Wagon,,
EU,Toyota Avensis T27 facelift2015 Wagon 2011-2018 EU,Toyota,Avensis,Wagon,2011-2018,三厢车,两厢车,通用标准：Wagon,,
EU,Toyota Avensis T27 prefl Wagon 2008-2018 EU,Toyota,Avensis,Wagon,2008-2018,三厢车,两厢车,通用标准：Wagon,,
EU,Toyota Aygo AB10 Van 2005-2014 EU,Toyota,Aygo,Van,2005-2014,越野车,两厢车,通用标准：Van,,
EU,Toyota Bz4x EA10 Wagon 2026-2026 EU,Toyota,Bz4x,Wagon,2026-2026,三厢车,两厢车,通用标准：Wagon,,
EU,Toyota Camry V20 Wagon 1986-1989 EU,Toyota,Camry,Wagon,1986-1989,三厢车,两厢车,通用标准：Wagon,,
EU,Toyota Camry V20 Wagon 1986-1991 EU,Toyota,Camry,Wagon,1986-1991,三厢车,两厢车,通用标准：Wagon,,
EU,Toyota Camry V20 Wagon 1986-1993 EU,Toyota,Camry,Wagon,1986-1993,三厢车,两厢车,通用标准：Wagon,,
EU,Toyota Camry V20 Wagon 1988-1991 EU,Toyota,Camry,Wagon,1988-1991,三厢车,两厢车,通用标准：Wagon,,
EU,Toyota Camry XV10 Wagon 1991-1996 EU,Toyota,Camry,Wagon,1991-1996,三厢车,两厢车,通用标准：Wagon,,
EU,Toyota Carina e vi T19 Liftback 1992-1994 EU,Toyota,Carina e vi,Liftback,1992-1994,跑车,三厢车,联网判定：Liftback,Carina E 五门 liftback，与四门轿车同车长,https://en.wikipedia.org/wiki/Toyota_Carina_E
EU,Toyota Carina e vi T19 Liftback 1992-1997 EU,Toyota,Carina e vi,Liftback,1992-1997,跑车,三厢车,联网判定：Liftback,Carina E 五门 liftback，与四门轿车同车长,https://en.wikipedia.org/wiki/Toyota_Carina_E
EU,Toyota Carina e vi T19 Liftback 1993-1997 EU,Toyota,Carina e vi,Liftback,1993-1997,跑车,三厢车,联网判定：Liftback,Carina E 五门 liftback，与四门轿车同车长,https://en.wikipedia.org/wiki/Toyota_Carina_E
EU,Toyota Carina e vi T19 Liftback 1994-1997 EU,Toyota,Carina e vi,Liftback,1994-1997,跑车,三厢车,联网判定：Liftback,Carina E 五门 liftback，与四门轿车同车长,https://en.wikipedia.org/wiki/Toyota_Carina_E
EU,Toyota Carina e vi T19 Liftback 1995-1997 EU,Toyota,Carina e vi,Liftback,1995-1997,跑车,三厢车,联网判定：Liftback,Carina E 五门 liftback，与四门轿车同车长,https://en.wikipedia.org/wiki/Toyota_Carina_E
EU,Toyota Carina e vi sportswagon T19 L4545 W1695 H1425 Wagon 1993-1997 EU,Toyota,Carina e vi sportswagon,Wagon,1993-1997,三厢车,两厢车,通用标准：Wagon,,
EU,Toyota Carina e vi sportswagon T19 L4545 W1695 H1470 Wagon 1993-1997 EU,Toyota,Carina e vi sportswagon,Wagon,1993-1997,三厢车,两厢车,通用标准：Wagon,,
EU,Toyota Carina e vi sportswagon T19 Wagon 1995-1997 EU,Toyota,Carina e vi sportswagon,Wagon,1995-1997,三厢车,两厢车,通用标准：Wagon,,
EU,Toyota Carina e vi sportswagon T19 Wagon 1996-1997 EU,Toyota,Carina e vi sportswagon,Wagon,1996-1997,三厢车,两厢车,通用标准：Wagon,,
EU,Toyota Carina e vi sportswagon T190 Wagon 1995-1997 EU,Toyota,Carina e vi sportswagon,Wagon,1995-1997,三厢车,两厢车,通用标准：Wagon,,
EU,Toyota Carina iii A40 Wagon 1981-1983 EU,Toyota,Carina iii,Wagon,1981-1983,三厢车,两厢车,通用标准：Wagon,,
EU,Toyota Carina iii A60 Wagon 1982-1982 EU,Toyota,Carina iii,Wagon,1982-1982,三厢车,两厢车,通用标准：Wagon,,
EU,Toyota Carina iii Wagon 1981-1982 EU,Toyota,Carina iii,Wagon,1981-1982,三厢车,两厢车,通用标准：Wagon,,
EU,Toyota Carina iv AT151 facelift Liftback 1983-1987 EU,Toyota,Carina iv,Liftback,1983-1987,跑车,三厢车,联网判定：Liftback,源数据代际为 Carina II (T150)，五门 liftback，与轿车并列车身,https://en.wikipedia.org/wiki/Toyota_Carina_II
EU,Toyota Carina iv AT151 prefl Liftback 1983-1987 EU,Toyota,Carina iv,Liftback,1983-1987,跑车,三厢车,联网判定：Liftback,源数据代际为 Carina II (T150)，五门 liftback，与轿车并列车身,https://en.wikipedia.org/wiki/Toyota_Carina_II
EU,Toyota Carina iv T150 facelift Liftback 1984-1988 EU,Toyota,Carina iv,Liftback,1984-1988,跑车,三厢车,联网判定：Liftback,源数据代际为 Carina II (T150)，五门 liftback，与轿车并列车身,https://en.wikipedia.org/wiki/Toyota_Carina_II
EU,Toyota Carina iv T150 prefl Liftback 1984-1988 EU,Toyota,Carina iv,Liftback,1984-1988,跑车,三厢车,联网判定：Liftback,源数据代际为 Carina II (T150)，五门 liftback，与轿车并列车身,https://en.wikipedia.org/wiki/Toyota_Carina_II
EU,Toyota Carina v AT171G Wagon 1987-1989 EU,Toyota,Carina v,Wagon,1987-1989,三厢车,两厢车,通用标准：Wagon,,
EU,Toyota Carina v AT171G Wagon 1987-1992 EU,Toyota,Carina v,Wagon,1987-1992,三厢车,两厢车,通用标准：Wagon,,
EU,Toyota Carina v CT170G Wagon 1987-1992 EU,Toyota,Carina v,Wagon,1987-1992,三厢车,两厢车,通用标准：Wagon,,
EU,Toyota Carina v T170 Wagon 1987-1992 EU,Toyota,Carina v,Wagon,1987-1992,三厢车,两厢车,通用标准：Wagon,,
EU,Toyota Corolla AE101 Liftback 1992-1997 EU,Toyota,Corolla,Liftback,1992-1997,跑车,三厢车,联网判定：Liftback,E90/E100/E110 五门 liftback，轿车长度长斜背,https://en.wikipedia.org/wiki/Toyota_Corolla_(E100)
EU,Toyota Corolla AE111 Liftback 1997-2000 EU,Toyota,Corolla,Liftback,1997-2000,跑车,三厢车,联网判定：Liftback,E90/E100/E110 五门 liftback，轿车长度长斜背,https://en.wikipedia.org/wiki/Toyota_Corolla_(E100)
EU,Toyota Corolla AE111 Wagon 1997-2000 EU,Toyota,Corolla,Wagon,1997-2000,三厢车,两厢车,通用标准：Wagon,,
EU,Toyota Corolla AE111 facelift Liftback 1997-2001 EU,Toyota,Corolla,Liftback,1997-2001,跑车,三厢车,联网判定：Liftback,E90/E100/E110 五门 liftback，轿车长度长斜背,https://en.wikipedia.org/wiki/Toyota_Corolla_(E100)
EU,Toyota Corolla AE111 prefl Liftback 1997-2001 EU,Toyota,Corolla,Liftback,1997-2001,跑车,三厢车,联网判定：Liftback,E90/E100/E110 五门 liftback，轿车长度长斜背,https://en.wikipedia.org/wiki/Toyota_Corolla_(E100)
EU,Toyota Corolla AE115 facelift Wagon 1997-2001 EU,Toyota,Corolla,Wagon,1997-2001,三厢车,两厢车,通用标准：Wagon,,
EU,Toyota Corolla AE115 prefl Wagon 1997-2001 EU,Toyota,Corolla,Wagon,1997-2001,三厢车,两厢车,通用标准：Wagon,,
EU,Toyota Corolla AE92 Liftback 1987-1992 EU,Toyota,Corolla,Liftback,1987-1992,跑车,三厢车,联网判定：Liftback,E90/E100/E110 五门 liftback，轿车长度长斜背,https://en.wikipedia.org/wiki/Toyota_Corolla_(E100)
EU,Toyota Corolla AE92 Liftback 1989-1992 EU,Toyota,Corolla,Liftback,1989-1992,跑车,三厢车,联网判定：Liftback,E90/E100/E110 五门 liftback，轿车长度长斜背,https://en.wikipedia.org/wiki/Toyota_Corolla_(E100)
EU,Toyota Corolla AE95 Wagon 1988-1995 EU,Toyota,Corolla,Wagon,1988-1995,三厢车,两厢车,通用标准：Wagon,,
EU,Toyota Corolla AR10 facelift L4370 W1770 H1620 MPV 2005-2009 EU,Toyota,Corolla,MPV,2005-2009,越野车,两厢车,通用标准：MPV,,
EU,Toyota Corolla AR10 facelift L4370 W1770 H1625 MPV 2005-2009 EU,Toyota,Corolla,MPV,2005-2009,越野车,两厢车,通用标准：MPV,,
EU,Toyota Corolla AR10 facelift MPV 2004-2009 EU,Toyota,Corolla,MPV,2004-2009,越野车,两厢车,通用标准：MPV,,
EU,Toyota Corolla AR10 prefl MPV 2004-2009 EU,Toyota,Corolla,MPV,2004-2009,越野车,两厢车,通用标准：MPV,,
EU,Toyota Corolla AR10 prefl MPV 2005-2009 EU,Toyota,Corolla,MPV,2005-2009,越野车,两厢车,通用标准：MPV,,
EU,Toyota Corolla CE100 Liftback 1992-1997 EU,Toyota,Corolla,Liftback,1992-1997,跑车,三厢车,联网判定：Liftback,E90/E100/E110 五门 liftback，轿车长度长斜背,https://en.wikipedia.org/wiki/Toyota_Corolla_(E100)
EU,Toyota Corolla CE100 Wagon 1992-1997 EU,Toyota,Corolla,Wagon,1992-1997,三厢车,两厢车,通用标准：Wagon,,
EU,Toyota Corolla CE110 Liftback 1997-2000 EU,Toyota,Corolla,Liftback,1997-2000,跑车,三厢车,联网判定：Liftback,E90/E100/E110 五门 liftback，轿车长度长斜背,https://en.wikipedia.org/wiki/Toyota_Corolla_(E100)
EU,Toyota Corolla CE110 Wagon 1997-2000 EU,Toyota,Corolla,Wagon,1997-2000,三厢车,两厢车,通用标准：Wagon,,
EU,Toyota Corolla CE90 Liftback 1987-1992 EU,Toyota,Corolla,Liftback,1987-1992,跑车,三厢车,联网判定：Liftback,E90/E100/E110 五门 liftback，轿车长度长斜背,https://en.wikipedia.org/wiki/Toyota_Corolla_(E100)
EU,Toyota Corolla CE90 Liftback 1989-1992 EU,Toyota,Corolla,Liftback,1989-1992,跑车,三厢车,联网判定：Liftback,E90/E100/E110 五门 liftback，轿车长度长斜背,https://en.wikipedia.org/wiki/Toyota_Corolla_(E100)
EU,Toyota Corolla CE90 Wagon 1987-1992 EU,Toyota,Corolla,Wagon,1987-1992,三厢车,两厢车,通用标准：Wagon,,
EU,Toyota Corolla CE90 Wagon 1989-1992 EU,Toyota,Corolla,Wagon,1989-1992,三厢车,两厢车,通用标准：Wagon,,
EU,Toyota Corolla E100 Liftback 1992-1995 EU,Toyota,Corolla,Liftback,1992-1995,跑车,三厢车,联网判定：Liftback,E90/E100/E110 五门 liftback，轿车长度长斜背,https://en.wikipedia.org/wiki/Toyota_Corolla_(E100)
EU,Toyota Corolla E100 Wagon 1992-1995 EU,Toyota,Corolla,Wagon,1992-1995,三厢车,两厢车,通用标准：Wagon,,
EU,Toyota Corolla E100 Wagon 1992-1997 EU,Toyota,Corolla,Wagon,1992-1997,三厢车,两厢车,通用标准：Wagon,,
EU,Toyota Corolla E100 Wagon 1995-1997 EU,Toyota,Corolla,Wagon,1995-1997,三厢车,两厢车,通用标准：Wagon,,
EU,Toyota Corolla E110 L4240 W1710 H1610 Wagon 2000-2001 EU,Toyota,Corolla,Wagon,2000-2001,三厢车,两厢车,通用标准：Wagon,,
EU,Toyota Corolla E110 L4320 W1690 H1445 Wagon 2000-2001 EU,Toyota,Corolla,Wagon,2000-2001,三厢车,两厢车,通用标准：Wagon,,
EU,Toyota Corolla E110 Liftback 1999-2001 EU,Toyota,Corolla,Liftback,1999-2001,跑车,三厢车,联网判定：Liftback,E90/E100/E110 五门 liftback，轿车长度长斜背,https://en.wikipedia.org/wiki/Toyota_Corolla_(E100)
EU,Toyota Corolla E110 Liftback 1999-2002 EU,Toyota,Corolla,Liftback,1999-2002,跑车,三厢车,联网判定：Liftback,E90/E100/E110 五门 liftback，轿车长度长斜背,https://en.wikipedia.org/wiki/Toyota_Corolla_(E100)
EU,Toyota Corolla E110 Liftback 2000-2002 EU,Toyota,Corolla,Liftback,2000-2002,跑车,三厢车,联网判定：Liftback,E90/E100/E110 五门 liftback，轿车长度长斜背,https://en.wikipedia.org/wiki/Toyota_Corolla_(E100)
EU,Toyota Corolla E120 MPV 2001-2004 EU,Toyota,Corolla,MPV,2001-2004,越野车,两厢车,通用标准：MPV,,
EU,Toyota Corolla E120 MPV 2002-2004 EU,Toyota,Corolla,MPV,2002-2004,越野车,两厢车,通用标准：MPV,,
EU,Toyota Corolla E120 Wagon 2002-2007 EU,Toyota,Corolla,Wagon,2002-2007,三厢车,两厢车,通用标准：Wagon,,
EU,Toyota Corolla E120/E130 Wagon 2002-2007 EU,Toyota,Corolla,Wagon,2002-2007,三厢车,两厢车,通用标准：Wagon,,
EU,Toyota Corolla E120/E130 Wagon 2004-2007 EU,Toyota,Corolla,Wagon,2004-2007,三厢车,两厢车,通用标准：Wagon,,
EU,Toyota Corolla E210 L4650 W1790 H1435 Wagon 2019-2026 EU,Toyota,Corolla,Wagon,2019-2026,三厢车,两厢车,通用标准：Wagon,,
EU,Toyota Corolla E210 L4653 W1790 H1445 Wagon 2019-2026 EU,Toyota,Corolla,Wagon,2019-2026,三厢车,两厢车,通用标准：Wagon,,
EU,Toyota Corolla E210 Wagon 2021-2026 EU,Toyota,Corolla,Wagon,2021-2026,三厢车,两厢车,通用标准：Wagon,,
EU,Toyota Corolla E210 Wagon 2022-2026 EU,Toyota,Corolla,Wagon,2022-2026,三厢车,两厢车,通用标准：Wagon,,
EU,Toyota Corolla E210 Wagon 2023-2026 EU,Toyota,Corolla,Wagon,2023-2026,三厢车,两厢车,通用标准：Wagon,,
EU,Toyota Corolla E210 Wagon 2025-2026 EU,Toyota,Corolla,Wagon,2025-2026,三厢车,两厢车,通用标准：Wagon,,
EU,Toyota Corolla E70 Wagon 1983-1987 EU,Toyota,Corolla,Wagon,1983-1987,三厢车,两厢车,通用标准：Wagon,,
EU,Toyota Corolla E90 Wagon 1987-1992 EU,Toyota,Corolla,Wagon,1987-1992,三厢车,两厢车,通用标准：Wagon,,
EU,Toyota Corolla E90 Wagon 1989-1992 EU,Toyota,Corolla,Wagon,1989-1992,三厢车,两厢车,通用标准：Wagon,,
EU,Toyota Corolla EE101 Liftback 1992-1997 EU,Toyota,Corolla,Liftback,1992-1997,跑车,三厢车,联网判定：Liftback,E90/E100/E110 五门 liftback，轿车长度长斜背,https://en.wikipedia.org/wiki/Toyota_Corolla_(E100)
EU,Toyota Corolla EE101 Wagon 1992-1995 EU,Toyota,Corolla,Wagon,1992-1995,三厢车,两厢车,通用标准：Wagon,,
EU,Toyota Corolla EE111 Liftback 1997-1999 EU,Toyota,Corolla,Liftback,1997-1999,跑车,三厢车,联网判定：Liftback,E90/E100/E110 五门 liftback，轿车长度长斜背,https://en.wikipedia.org/wiki/Toyota_Corolla_(E100)
EU,Toyota Corolla EE111 Wagon 1997-2000 EU,Toyota,Corolla,Wagon,1997-2000,三厢车,两厢车,通用标准：Wagon,,
EU,Toyota Corolla EE90 Liftback 1987-1992 EU,Toyota,Corolla,Liftback,1987-1992,跑车,三厢车,联网判定：Liftback,E90/E100/E110 五门 liftback，轿车长度长斜背,https://en.wikipedia.org/wiki/Toyota_Corolla_(E100)
EU,Toyota Corolla EE90 Wagon 1989-1992 EU,Toyota,Corolla,Wagon,1989-1992,三厢车,两厢车,通用标准：Wagon,,
EU,Toyota Corolla KE36 Wagon 1975-1979 EU,Toyota,Corolla,Wagon,1975-1979,三厢车,两厢车,通用标准：Wagon,,
EU,Toyota Corolla KE70 Wagon 1979-1982 EU,Toyota,Corolla,Wagon,1979-1982,三厢车,两厢车,通用标准：Wagon,,
EU,Toyota Corolla KE70 Wagon 1982-1987 EU,Toyota,Corolla,Wagon,1982-1987,三厢车,两厢车,通用标准：Wagon,,
EU,Toyota Corona Liftback 1979-1981 EU,Toyota,Corona,Liftback,1979-1981,跑车,三厢车,联网判定：Liftback,T130 五门 liftback，与轿车并列车身,https://www.curbsideclassic.com/curbside-classics-asian/cc-twofer-1979-toyota-corona-t130-sedan-liftback-forty-years-young-forty-years-old/
EU,Toyota Corona RT118 Wagon 1975-1979 EU,Toyota,Corona,Wagon,1975-1979,三厢车,两厢车,通用标准：Wagon,,
EU,Toyota Cressida station wagon RX30 Wagon 1977-1981 EU,Toyota,Cressida station wagon,Wagon,1977-1981,三厢车,两厢车,通用标准：Wagon,,
EU,Toyota Cressida station wagon RX35 Wagon 1977-1981 EU,Toyota,Cressida station wagon,Wagon,1977-1981,三厢车,两厢车,通用标准：Wagon,,
EU,Toyota Cressida station wagon Wagon 1980-1985 EU,Toyota,Cressida station wagon,Wagon,1980-1985,三厢车,两厢车,通用标准：Wagon,,
EU,Toyota Cressida station wagon Wagon 1981-1985 EU,Toyota,Cressida station wagon,Wagon,1981-1985,三厢车,两厢车,通用标准：Wagon,,
EU,Toyota Crown Wagon 1980-1983 EU,Toyota,Crown,Wagon,1980-1983,三厢车,两厢车,通用标准：Wagon,,
EU,Toyota Hiace / commuter v H200 MPV 2006-2026 EU,Toyota,Hiace / commuter v,MPV,2006-2026,越野车,两厢车,通用标准：MPV,,
EU,Toyota Hiace ii H20/H30 Van 1977-1983 EU,Toyota,Hiace ii,Van,1977-1983,越野车,两厢车,通用标准：Van,,
EU,Toyota Hiace ii H20/H30 Van 1979-1983 EU,Toyota,Hiace ii,Van,1979-1983,越野车,两厢车,通用标准：Van,,
EU,Toyota Hiace ii RH20 MPV 1977-1982 EU,Toyota,Hiace ii,MPV,1977-1982,越野车,两厢车,通用标准：MPV,,
EU,Toyota Hiace ii RH30 MPV 1977-1982 EU,Toyota,Hiace ii,MPV,1977-1982,越野车,两厢车,通用标准：MPV,,
EU,Toyota Hiace iii H50/H60/H70 Van 1982-1989 EU,Toyota,Hiace iii,Van,1982-1989,越野车,两厢车,通用标准：Van,,
EU,Toyota Hiace iii LH50 MPV 1982-1989 EU,Toyota,Hiace iii,MPV,1982-1989,越野车,两厢车,通用标准：MPV,,
EU,Toyota Hiace iii LH50 Van 1982-1989 EU,Toyota,Hiace iii,Van,1982-1989,越野车,两厢车,通用标准：Van,,
EU,Toyota Hiace iii LH51 MPV 1984-1989 EU,Toyota,Hiace iii,MPV,1984-1989,越野车,两厢车,通用标准：MPV,,
EU,Toyota Hiace iii LH51 Van 1982-1989 EU,Toyota,Hiace iii,Van,1982-1989,越野车,两厢车,通用标准：Van,,
EU,Toyota Hiace iii LH60 MPV 1982-1989 EU,Toyota,Hiace iii,MPV,1982-1989,越野车,两厢车,通用标准：MPV,,
EU,Toyota Hiace iii LH60 Van 1982-1989 EU,Toyota,Hiace iii,Van,1982-1989,越野车,两厢车,通用标准：Van,,
EU,Toyota Hiace iii LH61 MPV 1984-1989 EU,Toyota,Hiace iii,MPV,1984-1989,越野车,两厢车,通用标准：MPV,,
EU,Toyota Hiace iii LH61 Van 1982-1989 EU,Toyota,Hiace iii,Van,1982-1989,越野车,两厢车,通用标准：Van,,
EU,Toyota Hiace iii MPV 1987-1989 EU,Toyota,Hiace iii,MPV,1987-1989,越野车,两厢车,通用标准：MPV,,
EU,Toyota Hiace iii YH50 MPV 1983-1989 EU,Toyota,Hiace iii,MPV,1983-1989,越野车,两厢车,通用标准：MPV,,
EU,Toyota Hiace iii YH50 Van 1982-1989 EU,Toyota,Hiace iii,Van,1982-1989,越野车,两厢车,通用标准：Van,,
EU,Toyota Hiace iii YH51 MPV 1985-1989 EU,Toyota,Hiace iii,MPV,1985-1989,越野车,两厢车,通用标准：MPV,,
EU,Toyota Hiace iii YH60 MPV 1983-1989 EU,Toyota,Hiace iii,MPV,1983-1989,越野车,两厢车,通用标准：MPV,,
EU,Toyota Hiace iii YH60 Van 1982-1989 EU,Toyota,Hiace iii,Van,1982-1989,越野车,两厢车,通用标准：Van,,
EU,Toyota Hiace iii YH61 MPV 1985-1989 EU,Toyota,Hiace iii,MPV,1985-1989,越野车,两厢车,通用标准：MPV,,
EU,Toyota Hiace iv H100 MPV 1989-1995 EU,Toyota,Hiace iv,MPV,1989-1995,越野车,两厢车,通用标准：MPV,,
EU,Toyota Hiace iv H100 MPV 1989-2004 EU,Toyota,Hiace iv,MPV,1989-2004,越野车,两厢车,通用标准：MPV,,
EU,Toyota Hiace iv H100 MPV 1990-2004 EU,Toyota,Hiace iv,MPV,1990-2004,越野车,两厢车,通用标准：MPV,,
EU,Toyota Hiace iv H100 MPV 1995-1998 EU,Toyota,Hiace iv,MPV,1995-1998,越野车,两厢车,通用标准：MPV,,
EU,Toyota Hiace iv H100 MPV 1995-2001 EU,Toyota,Hiace iv,MPV,1995-2001,越野车,两厢车,通用标准：MPV,,
EU,Toyota Hiace iv H100 Van 1989-1999 EU,Toyota,Hiace iv,Van,1989-1999,越野车,两厢车,通用标准：Van,,
EU,Toyota Hiace iv H100 Van 1995-1998 EU,Toyota,Hiace iv,Van,1995-1998,越野车,两厢车,通用标准：Van,,
EU,Toyota Hiace iv H100 Van 1995-2001 EU,Toyota,Hiace iv,Van,1995-2001,越野车,两厢车,通用标准：Van,,
EU,Toyota Hiace iv H100 Van 1995-2003 EU,Toyota,Hiace iv,Van,1995-2003,越野车,两厢车,通用标准：Van,,
EU,Toyota Hiace iv H100 Van 1995-2004 EU,Toyota,Hiace iv,Van,1995-2004,越野车,两厢车,通用标准：Van,,
EU,Toyota Hiace iv H100 Van 1998-2001 EU,Toyota,Hiace iv,Van,1998-2001,越野车,两厢车,通用标准：Van,,
EU,Toyota Hiace iv H100 Van 1998-2005 EU,Toyota,Hiace iv,Van,1998-2005,越野车,两厢车,通用标准：Van,,
EU,Toyota Hiace iv H100 Van 1998-2006 EU,Toyota,Hiace iv,Van,1998-2006,越野车,两厢车,通用标准：Van,,
EU,Toyota Hiace iv H100 Van 2001-2006 EU,Toyota,Hiace iv,Van,2001-2006,越野车,两厢车,通用标准：Van,,
EU,Toyota Hiace iv KDH201 Van 2006-2012 EU,Toyota,Hiace iv,Van,2006-2012,越野车,两厢车,通用标准：Van,,
EU,Toyota Hiace iv KDH202 Van 2006-2012 EU,Toyota,Hiace iv,Van,2006-2012,越野车,两厢车,通用标准：Van,,
EU,Toyota Hiace iv KDH206 Van 2006-2012 EU,Toyota,Hiace iv,Van,2006-2012,越野车,两厢车,通用标准：Van,,
EU,Toyota Hiace iv KDH206H Van 2006-2012 EU,Toyota,Hiace iv,Van,2006-2012,越野车,两厢车,通用标准：Van,,
EU,Toyota Hiace iv KDH212 Van 2006-2012 EU,Toyota,Hiace iv,Van,2006-2012,越野车,两厢车,通用标准：Van,,
EU,Toyota Hiace iv KDH216 Van 2006-2012 EU,Toyota,Hiace iv,Van,2006-2012,越野车,两厢车,通用标准：Van,,
EU,Toyota Hiace iv KDH222 Van 2006-2012 EU,Toyota,Hiace iv,Van,2006-2012,越野车,两厢车,通用标准：Van,,
EU,Toyota Hiace iv KDH226 Van 2006-2012 EU,Toyota,Hiace iv,Van,2006-2012,越野车,两厢车,通用标准：Van,,
EU,Toyota Hiace iv KLH18 Van 2001-2004 EU,Toyota,Hiace iv,Van,2001-2004,越野车,两厢车,通用标准：Van,,
EU,Toyota Hiace iv KLH18 Van 2001-2006 EU,Toyota,Hiace iv,Van,2001-2006,越野车,两厢车,通用标准：Van,,
EU,Toyota Hiace iv KLH28 Van 2001-2004 EU,Toyota,Hiace iv,Van,2001-2004,越野车,两厢车,通用标准：Van,,
EU,Toyota Hiace iv KLH28 Van 2001-2006 EU,Toyota,Hiace iv,Van,2001-2006,越野车,两厢车,通用标准：Van,,
EU,Toyota Hiace iv LH100 MPV 1989-1995 EU,Toyota,Hiace iv,MPV,1989-1995,越野车,两厢车,通用标准：MPV,,
EU,Toyota Hiace iv LH102 Van 1989-1995 EU,Toyota,Hiace iv,Van,1989-1995,越野车,两厢车,通用标准：Van,,
EU,Toyota Hiace iv LH102 Van 1995-2001 EU,Toyota,Hiace iv,Van,1995-2001,越野车,两厢车,通用标准：Van,,
EU,Toyota Hiace iv LH112 Van 1989-1995 EU,Toyota,Hiace iv,Van,1989-1995,越野车,两厢车,通用标准：Van,,
EU,Toyota Hiace iv LH112 Van 1995-2001 EU,Toyota,Hiace iv,Van,1995-2001,越野车,两厢车,通用标准：Van,,
EU,Toyota Hiace iv LH51/LH61/LH66/LH71 Van 1987-1995 EU,Toyota,Hiace iv,Van,1987-1995,越野车,两厢车,通用标准：Van,,
EU,Toyota Hiace iv MPV 1989-1995 EU,Toyota,Hiace iv,MPV,1989-1995,越野车,两厢车,通用标准：MPV,,
EU,Toyota Hiace iv RZH100 MPV 1989-1998 EU,Toyota,Hiace iv,MPV,1989-1998,越野车,两厢车,通用标准：MPV,,
EU,Toyota Hiace iv RZH101 MPV 1989-2003 EU,Toyota,Hiace iv,MPV,1989-2003,越野车,两厢车,通用标准：MPV,,
EU,Toyota Hiace iv RZH103R Van 1989-1998 EU,Toyota,Hiace iv,Van,1989-1998,越野车,两厢车,通用标准：Van,,
EU,Toyota Hiace iv RZH103R Van 1998-2004 EU,Toyota,Hiace iv,Van,1998-2004,越野车,两厢车,通用标准：Van,,
EU,Toyota Hiace iv RZH113R Van 1989-1998 EU,Toyota,Hiace iv,Van,1989-1998,越野车,两厢车,通用标准：Van,,
EU,Toyota Hiace iv RZH113R Van 1998-2004 EU,Toyota,Hiace iv,Van,1998-2004,越野车,两厢车,通用标准：Van,,
EU,Toyota Hiace iv Van 1989-1995 EU,Toyota,Hiace iv,Van,1989-1995,越野车,两厢车,通用标准：Van,,
EU,Toyota Hiace iv lwb Bus 2006-2012 EU,Toyota,Hiace iv,Bus,2006-2012,越野车,两厢车,通用标准：Bus,,
EU,Toyota Hiace iv lwb Van 2006-2012 EU,Toyota,Hiace iv,Van,2006-2012,越野车,两厢车,通用标准：Van,,
EU,Toyota Hiace iv swb Bus 2006-2012 EU,Toyota,Hiace iv,Bus,2006-2012,越野车,两厢车,通用标准：Bus,,
EU,Toyota Hiace iv swb Van 2006-2012 EU,Toyota,Hiace iv,Van,2006-2012,越野车,两厢车,通用标准：Van,,
EU,Toyota Hiace v H200 Van 2004-2026 EU,Toyota,Hiace v,Van,2004-2026,越野车,两厢车,通用标准：Van,,
EU,Toyota Hiace v H200 Van 2006-2026 EU,Toyota,Hiace v,Van,2006-2026,越野车,两厢车,通用标准：Van,,
EU,Toyota Hiace v H200 Van 2008-2026 EU,Toyota,Hiace v,Van,2008-2026,越野车,两厢车,通用标准：Van,,
EU,Toyota Hiace v KDH201 Van 2006-2026 EU,Toyota,Hiace v,Van,2006-2026,越野车,两厢车,通用标准：Van,,
EU,Toyota Hiace v KDH202 Van 2006-2026 EU,Toyota,Hiace v,Van,2006-2026,越野车,两厢车,通用标准：Van,,
EU,Toyota Hiace v KDH212 Van 2006-2026 EU,Toyota,Hiace v,Van,2006-2026,越野车,两厢车,通用标准：Van,,
EU,Toyota Hiace v KDH222 Van 2006-2026 EU,Toyota,Hiace v,Van,2006-2026,越野车,两厢车,通用标准：Van,,
EU,Toyota Hiace vi H300 MPV 2019-2026 EU,Toyota,Hiace vi,MPV,2019-2026,越野车,两厢车,通用标准：MPV,,
EU,Toyota Isis ZGM10G MPV 2004-2014 EU,Toyota,Isis,MPV,2004-2014,越野车,两厢车,通用标准：MPV,,
EU,Toyota Isis ZGM10W MPV 2004-2014 EU,Toyota,Isis,MPV,2004-2014,越野车,两厢车,通用标准：MPV,,
EU,Toyota Isis ZNM10G MPV 2004-2014 EU,Toyota,Isis,MPV,2004-2014,越野车,两厢车,通用标准：MPV,,
EU,Toyota Land cruiser BJ45V Van 1980-1984 EU,Toyota,Land cruiser,Van,1980-1984,越野车,两厢车,通用标准：Van,,
EU,Toyota Land cruiser FJ45V Van 1975-1986 EU,Toyota,Land cruiser,Van,1975-1986,越野车,两厢车,通用标准：Van,,
EU,Toyota Land cruiser HJ45V Van 1979-1980 EU,Toyota,Land cruiser,Van,1979-1980,越野车,两厢车,通用标准：Van,,
EU,Toyota Land cruiser van KDJ150 5dr facelift Van 2011-2026 EU,Toyota,Land cruiser van,Van,2011-2026,越野车,两厢车,通用标准：Van,,
EU,Toyota Land cruiser van KDJ150 5dr prefl Van 2011-2026 EU,Toyota,Land cruiser van,Van,2011-2026,越野车,两厢车,通用标准：Van,,
EU,Toyota Land cruiser van KDJ155 3dr facelift Van 2011-2026 EU,Toyota,Land cruiser van,Van,2011-2026,越野车,两厢车,通用标准：Van,,
EU,Toyota Land cruiser van KDJ155 3dr prefl Van 2011-2026 EU,Toyota,Land cruiser van,Van,2011-2026,越野车,两厢车,通用标准：Van,,
EU,Toyota Liteace CM30 Van 1985-1988 EU,Toyota,Liteace,Van,1985-1988,越野车,两厢车,通用标准：Van,,
EU,Toyota Liteace CM40 MPV 1988-1992 EU,Toyota,Liteace,MPV,1988-1992,越野车,两厢车,通用标准：MPV,,
EU,Toyota Liteace KM20V Van 1979-1986 EU,Toyota,Liteace,Van,1979-1986,越野车,两厢车,通用标准：Van,,
EU,Toyota Liteace KM30G facelift MPV 1985-1989 EU,Toyota,Liteace,MPV,1985-1989,越野车,两厢车,通用标准：MPV,,
EU,Toyota Liteace KM30G prefl MPV 1985-1989 EU,Toyota,Liteace,MPV,1985-1989,越野车,两厢车,通用标准：MPV,,
EU,Toyota Liteace M30 MPV 1989-1992 EU,Toyota,Liteace,MPV,1989-1992,越野车,两厢车,通用标准：MPV,,
EU,Toyota Liteace M30 facelift MPV 1986-1991 EU,Toyota,Liteace,MPV,1986-1991,越野车,两厢车,通用标准：MPV,,
EU,Toyota Liteace M30 prefl MPV 1986-1991 EU,Toyota,Liteace,MPV,1986-1991,越野车,两厢车,通用标准：MPV,,
EU,Toyota Liteace wagon CM20 MPV 1982-1985 EU,Toyota,Liteace wagon,MPV,1982-1985,越野车,两厢车,通用标准：MPV,,
EU,Toyota Liteace wagon KM20 MPV 1979-1985 EU,Toyota,Liteace wagon,MPV,1979-1985,越野车,两厢车,通用标准：MPV,,
EU,Toyota Model f YR20 MPV 1982-1984 EU,Toyota,Model f,MPV,1982-1984,越野车,两厢车,通用标准：MPV,,
EU,Toyota Model f YR21 MPV 1984-1988 EU,Toyota,Model f,MPV,1984-1988,越野车,两厢车,通用标准：MPV,,
EU,Toyota Model f YR21 MPV 1988-1990 EU,Toyota,Model f,MPV,1988-1990,越野车,两厢车,通用标准：MPV,,
EU,Toyota Picnic SXM10 MPV 2000-2001 EU,Toyota,Picnic,MPV,2000-2001,越野车,两厢车,通用标准：MPV,,
EU,Toyota Picnic XM1 MPV 1996-2000 EU,Toyota,Picnic,MPV,1996-2000,越野车,两厢车,通用标准：MPV,,
EU,Toyota Picnic XM1 MPV 1997-2001 EU,Toyota,Picnic,MPV,1997-2001,越野车,两厢车,通用标准：MPV,,
EU,Toyota Previa i MPV 1990-2000 EU,Toyota,Previa i,MPV,1990-2000,越野车,两厢车,通用标准：MPV,,
EU,Toyota Previa ii ACR30/CDR30 MPV 2000-2006 EU,Toyota,Previa ii,MPV,2000-2006,越野车,两厢车,通用标准：MPV,,
EU,Toyota Previa ii ACR30/CDR30 MPV 2001-2006 EU,Toyota,Previa ii,MPV,2001-2006,越野车,两厢车,通用标准：MPV,,
EU,Toyota Previa iii ACR50 MPV 2005-2026 EU,Toyota,Previa iii,MPV,2005-2026,越野车,两厢车,通用标准：MPV,,
EU,Toyota Prius ZVW40 MPV 2011-2026 EU,Toyota,Prius,MPV,2011-2026,越野车,两厢车,通用标准：MPV,,
EU,Toyota Prius ZVW40 MPV 2014-2026 EU,Toyota,Prius,MPV,2014-2026,越野车,两厢车,通用标准：MPV,,
EU,Toyota Proace K0 Van 2016-2020 EU,Toyota,Proace,Van,2016-2020,越野车,两厢车,通用标准：Van,,
EU,Toyota Proace K0 Van 2016-2022 EU,Toyota,Proace,Van,2016-2022,越野车,两厢车,通用标准：Van,,
EU,Toyota Proace K0 Van 2016-2025 EU,Toyota,Proace,Van,2016-2025,越野车,两厢车,通用标准：Van,,
EU,Toyota Proace K0 Van 2018-2022 EU,Toyota,Proace,Van,2018-2022,越野车,两厢车,通用标准：Van,,
EU,Toyota Proace K0 Van 2020-2025 EU,Toyota,Proace,Van,2020-2025,越野车,两厢车,通用标准：Van,,
EU,Toyota Proace K0 Van 2021-2023 EU,Toyota,Proace,Van,2021-2023,越野车,两厢车,通用标准：Van,,
EU,Toyota Proace K0 Van 2021-2025 EU,Toyota,Proace,Van,2021-2025,越野车,两厢车,通用标准：Van,,
EU,Toyota Proace K0 Van 2022-2025 EU,Toyota,Proace,Van,2022-2025,越野车,两厢车,通用标准：Van,,
EU,Toyota Proace K0 Van 2024-2026 EU,Toyota,Proace,Van,2024-2026,越野车,两厢车,通用标准：Van,,
EU,Toyota Proace K0 Van 2025-2026 EU,Toyota,Proace,Van,2025-2026,越野车,两厢车,通用标准：Van,,
EU,Toyota Proace MDZ4 Van 2019-2025 EU,Toyota,Proace,Van,2019-2025,越野车,两厢车,通用标准：Van,,
EU,Toyota Proace MDZ4 Van 2019-2026 EU,Toyota,Proace,Van,2019-2026,越野车,两厢车,通用标准：Van,,
EU,Toyota Proace MDZ4 compact Van 2018-2022 EU,Toyota,Proace,Van,2018-2022,越野车,两厢车,通用标准：Van,,
EU,Toyota Proace MDZ4 compact Van 2020-2023 EU,Toyota,Proace,Van,2020-2023,越野车,两厢车,通用标准：Van,,
EU,Toyota Proace MDZ4 long MPV 2019-2022 EU,Toyota,Proace,MPV,2019-2022,越野车,两厢车,通用标准：MPV,,
EU,Toyota Proace MDZ4 long Van 2018-2022 EU,Toyota,Proace,Van,2018-2022,越野车,两厢车,通用标准：Van,,
EU,Toyota Proace MDZ4 long Van 2020-2023 EU,Toyota,Proace,Van,2020-2023,越野车,两厢车,通用标准：Van,,
EU,Toyota Proace MDZ4 medium MPV 2019-2022 EU,Toyota,Proace,MPV,2019-2022,越野车,两厢车,通用标准：MPV,,
EU,Toyota Proace MDZ4 medium Van 2018-2022 EU,Toyota,Proace,Van,2018-2022,越野车,两厢车,通用标准：Van,,
EU,Toyota Proace MDZ4 medium Van 2020-2023 EU,Toyota,Proace,Van,2020-2023,越野车,两厢车,通用标准：Van,,
EU,Toyota Proace MPY4 compact MPV 2018-2025 EU,Toyota,Proace,MPV,2018-2025,越野车,两厢车,通用标准：MPV,,
EU,Toyota Proace MPY4 long MPV 2018-2025 EU,Toyota,Proace,MPV,2018-2025,越野车,两厢车,通用标准：MPV,,
EU,Toyota Proace MPY4 medium MPV 2018-2025 EU,Toyota,Proace,MPV,2018-2025,越野车,两厢车,通用标准：MPV,,
EU,Toyota Proace V61T long MPV 2018-2022 EU,Toyota,Proace,MPV,2018-2022,越野车,两厢车,通用标准：MPV,,
EU,Toyota Proace V61T medium MPV 2018-2022 EU,Toyota,Proace,MPV,2018-2022,越野车,两厢车,通用标准：MPV,,
EU,Toyota Proace X83 Van 2013-2016 EU,Toyota,Proace,Van,2013-2016,越野车,两厢车,通用标准：Van,,
EU,Toyota Proace city K9 Van 2021-2024 EU,Toyota,Proace city,Van,2021-2024,越野车,两厢车,通用标准：Van,,
EU,Toyota Proace city K9 Van 2021-2026 EU,Toyota,Proace city,Van,2021-2026,越野车,两厢车,通用标准：Van,,
EU,Toyota Proace city K9 Van 2024-2026 EU,Toyota,Proace city,Van,2024-2026,越野车,两厢车,通用标准：Van,,
EU,Toyota Proace city K9 mpv lwb MPV 2019-2026 EU,Toyota,Proace city,MPV,2019-2026,越野车,两厢车,通用标准：MPV,,
EU,Toyota Proace city K9 mpv swb MPV 2019-2026 EU,Toyota,Proace city,MPV,2019-2026,越野车,两厢车,通用标准：MPV,,
EU,Toyota Proace city K9 van lwb Van 2019-2026 EU,Toyota,Proace city,Van,2019-2026,越野车,两厢车,通用标准：Van,,
EU,Toyota Proace city K9 van swb Van 2019-2026 EU,Toyota,Proace city,Van,2019-2026,越野车,两厢车,通用标准：Van,,
EU,Toyota Proace city verso K9 Van 2021-2024 EU,Toyota,Proace city verso,Van,2021-2024,越野车,两厢车,通用标准：Van,,
EU,Toyota Proace city verso K9 Van 2024-2026 EU,Toyota,Proace city verso,Van,2024-2026,越野车,两厢车,通用标准：Van,,
EU,Toyota Proace city verso K9 lwb MPV 2019-2026 EU,Toyota,Proace city verso,MPV,2019-2026,越野车,两厢车,通用标准：MPV,,
EU,Toyota Proace city verso K9 swb MPV 2019-2026 EU,Toyota,Proace city verso,MPV,2019-2026,越野车,两厢车,通用标准：MPV,,
EU,Toyota Proace max X290 Van 2024-2026 EU,Toyota,Proace max,Van,2024-2026,越野车,两厢车,通用标准：Van,,
EU,Toyota Proace verso K0 MPV 2020-2025 EU,Toyota,Proace verso,MPV,2020-2025,越野车,两厢车,通用标准：MPV,,
EU,Toyota Proace verso K0 MPV 2021-2023 EU,Toyota,Proace verso,MPV,2021-2023,越野车,两厢车,通用标准：MPV,,
EU,Toyota Proace verso K0 MPV 2022-2025 EU,Toyota,Proace verso,MPV,2022-2025,越野车,两厢车,通用标准：MPV,,
EU,Toyota Proace verso K0 MPV 2024-2026 EU,Toyota,Proace verso,MPV,2024-2026,越野车,两厢车,通用标准：MPV,,
EU,Toyota Proace verso K0 MPV 2025-2026 EU,Toyota,Proace verso,MPV,2025-2026,越野车,两厢车,通用标准：MPV,,
EU,Toyota Proace verso K0 m MPV 2019-2022 EU,Toyota,Proace verso,MPV,2019-2022,越野车,两厢车,通用标准：MPV,,
EU,Toyota Proace verso K0 xl MPV 2019-2022 EU,Toyota,Proace verso,MPV,2019-2022,越野车,两厢车,通用标准：MPV,,
EU,Toyota Proace verso K0 xs MPV 2019-2022 EU,Toyota,Proace verso,MPV,2019-2022,越野车,两厢车,通用标准：MPV,,
EU,Toyota Proace verso MPV 2016-2019 EU,Toyota,Proace verso,MPV,2016-2019,越野车,两厢车,通用标准：MPV,,
EU,Toyota Proace verso MPV 2016-2020 EU,Toyota,Proace verso,MPV,2016-2020,越野车,两厢车,通用标准：MPV,,
EU,Toyota Proace verso MPY4 long MPV 2018-2022 EU,Toyota,Proace verso,MPV,2018-2022,越野车,两厢车,通用标准：MPV,,
EU,Toyota Proace verso MPY4 medium MPV 2018-2022 EU,Toyota,Proace verso,MPV,2018-2022,越野车,两厢车,通用标准：MPV,,
EU,Toyota Proace verso compact MPV 2016-2022 EU,Toyota,Proace verso,MPV,2016-2022,越野车,两厢车,通用标准：MPV,,
EU,Toyota Proace verso compact MPV 2016-2025 EU,Toyota,Proace verso,MPV,2016-2025,越野车,两厢车,通用标准：MPV,,
EU,Toyota Proace verso compact MPV 2018-2025 EU,Toyota,Proace verso,MPV,2018-2025,越野车,两厢车,通用标准：MPV,,
EU,Toyota Proace verso compact MPV 2019-2022 EU,Toyota,Proace verso,MPV,2019-2022,越野车,两厢车,通用标准：MPV,,
EU,Toyota Proace verso long MPV 2016-2022 EU,Toyota,Proace verso,MPV,2016-2022,越野车,两厢车,通用标准：MPV,,
EU,Toyota Proace verso long MPV 2016-2025 EU,Toyota,Proace verso,MPV,2016-2025,越野车,两厢车,通用标准：MPV,,
EU,Toyota Proace verso long MPV 2018-2025 EU,Toyota,Proace verso,MPV,2018-2025,越野车,两厢车,通用标准：MPV,,
EU,Toyota Proace verso long MPV 2019-2022 EU,Toyota,Proace verso,MPV,2019-2022,越野车,两厢车,通用标准：MPV,,
EU,Toyota Proace verso medium MPV 2016-2022 EU,Toyota,Proace verso,MPV,2016-2022,越野车,两厢车,通用标准：MPV,,
EU,Toyota Proace verso medium MPV 2016-2025 EU,Toyota,Proace verso,MPV,2016-2025,越野车,两厢车,通用标准：MPV,,
EU,Toyota Proace verso medium MPV 2018-2025 EU,Toyota,Proace verso,MPV,2018-2025,越野车,两厢车,通用标准：MPV,,
EU,Toyota Proace verso medium MPV 2019-2022 EU,Toyota,Proace verso,MPV,2019-2022,越野车,两厢车,通用标准：MPV,,
EU,Toyota Ractis XP100 MPV 2005-2010 EU,Toyota,Ractis,MPV,2005-2010,越野车,两厢车,通用标准：MPV,,
EU,Toyota Sienna XL10 facelift MPV 1997-2002 EU,Toyota,Sienna,MPV,1997-2002,越野车,两厢车,通用标准：MPV,,
EU,Toyota Sienna XL10 prefl MPV 1997-2002 EU,Toyota,Sienna,MPV,1997-2002,越野车,两厢车,通用标准：MPV,,
EU,Toyota Sienna XL20 MPV 2006-2010 EU,Toyota,Sienna,MPV,2006-2010,越野车,两厢车,通用标准：MPV,,
EU,Toyota Sienna XL20 MPV 2007-2010 EU,Toyota,Sienna,MPV,2007-2010,越野车,两厢车,通用标准：MPV,,
EU,Toyota Sienna XL30 MPV 2010-2013 EU,Toyota,Sienna,MPV,2010-2013,越野车,两厢车,通用标准：MPV,,
EU,Toyota Sienna XL30 MPV 2010-2026 EU,Toyota,Sienna,MPV,2010-2026,越野车,两厢车,通用标准：MPV,,
EU,Toyota Starlet KP36V Wagon 1976-1978 EU,Toyota,Starlet,Wagon,1976-1978,三厢车,两厢车,通用标准：Wagon,,
EU,Toyota Starlet KP60 Wagon 1978-1984 EU,Toyota,Starlet,Wagon,1978-1984,三厢车,两厢车,通用标准：Wagon,,
EU,Toyota Starlet P60 Wagon 1978-1982 EU,Toyota,Starlet,Wagon,1978-1982,三厢车,两厢车,通用标准：Wagon,,
EU,Toyota Starlet P60 Wagon 1979-1982 EU,Toyota,Starlet,Wagon,1979-1982,三厢车,两厢车,通用标准：Wagon,,
EU,Toyota Tercel AL25 Wagon 1982-1988 EU,Toyota,Tercel,Wagon,1982-1988,三厢车,两厢车,通用标准：Wagon,,
EU,Toyota Verso AR20 MPV 2009-2018 EU,Toyota,Verso,MPV,2009-2018,越野车,两厢车,通用标准：MPV,,
EU,Toyota Verso AR20 MPV 2012-2018 EU,Toyota,Verso,MPV,2012-2018,越野车,两厢车,通用标准：MPV,,
EU,Toyota Verso AR20 MPV 2013-2018 EU,Toyota,Verso,MPV,2013-2018,越野车,两厢车,通用标准：MPV,,
EU,Toyota Verso MPV 2010-2016 EU,Toyota,Verso,MPV,2010-2016,越野车,两厢车,通用标准：MPV,,
EU,Toyota Verso facelift MPV 2009-2018 EU,Toyota,Verso,MPV,2009-2018,越野车,两厢车,通用标准：MPV,,
EU,Toyota Verso prefl MPV 2009-2018 EU,Toyota,Verso,MPV,2009-2018,越野车,两厢车,通用标准：MPV,,
EU,Toyota Wish ZNE10G MPV 2003-2009 EU,Toyota,Wish,MPV,2003-2009,越野车,两厢车,通用标准：MPV,,
EU,Toyota Yaris XP10 Van 2000-2003 EU,Toyota,Yaris,Van,2000-2003,越野车,两厢车,通用标准：Van,,
EU,Toyota Yaris XP10 Van 2003-2005 EU,Toyota,Yaris,Van,2003-2005,越野车,两厢车,通用标准：Van,,
EU,Toyota Yaris XP10 facelift Van 2000-2005 EU,Toyota,Yaris,Van,2000-2005,越野车,两厢车,通用标准：Van,,
EU,Toyota Yaris XP10 facelift Van 2001-2005 EU,Toyota,Yaris,Van,2001-2005,越野车,两厢车,通用标准：Van,,
EU,Toyota Yaris XP10 prefl Van 2000-2005 EU,Toyota,Yaris,Van,2000-2005,越野车,两厢车,通用标准：Van,,
EU,Toyota Yaris XP10 prefl Van 2001-2005 EU,Toyota,Yaris,Van,2001-2005,越野车,两厢车,通用标准：Van,,
EU,Toyota Yaris XP130 Van 2014-2018 EU,Toyota,Yaris,Van,2014-2018,越野车,两厢车,通用标准：Van,,
EU,Toyota Yaris XP130 Van 2014-2020 EU,Toyota,Yaris,Van,2014-2020,越野车,两厢车,通用标准：Van,,
EU,Toyota Yaris XP130 Van 2015-2020 EU,Toyota,Yaris,Van,2015-2020,越野车,两厢车,通用标准：Van,,
EU,Toyota Yaris XP130 Van 2017-2020 EU,Toyota,Yaris,Van,2017-2020,越野车,两厢车,通用标准：Van,,
EU,Toyota Yaris XP130 Van 2018-2020 EU,Toyota,Yaris,Van,2018-2020,越野车,两厢车,通用标准：Van,,
EU,Toyota Yaris XP130 facelift Van 2012-2017 EU,Toyota,Yaris,Van,2012-2017,越野车,两厢车,通用标准：Van,,
EU,Toyota Yaris XP130 prefl Van 2012-2017 EU,Toyota,Yaris,Van,2012-2017,越野车,两厢车,通用标准：Van,,
EU,Toyota Yaris XP20 MPV 1999-2002 EU,Toyota,Yaris,MPV,1999-2002,越野车,两厢车,通用标准：MPV,,
EU,Toyota Yaris XP20 MPV 2000-2005 EU,Toyota,Yaris,MPV,2000-2005,越野车,两厢车,通用标准：MPV,,
EU,Toyota Yaris XP20 MPV 2002-2005 EU,Toyota,Yaris,MPV,2002-2005,越野车,两厢车,通用标准：MPV,,
EU,Toyota Yaris XP20 facelift MPV 2000-2005 EU,Toyota,Yaris,MPV,2000-2005,越野车,两厢车,通用标准：MPV,,
EU,Toyota Yaris XP20 prefl MPV 2000-2005 EU,Toyota,Yaris,MPV,2000-2005,越野车,两厢车,通用标准：MPV,,
EU,Trabant 1.1 1.1 Wagon 1990-1991 EU,Trabant,1.1,Wagon,1990-1991,三厢车,两厢车,通用标准：Wagon,,
EU,Trabant P 601 P601 Van 1966-1990 EU,Trabant,P 601,Van,1966-1990,越野车,两厢车,通用标准：Van,,
EU,Trabant P 601 universal P601 post72 Wagon 1966-1990 EU,Trabant,P 601 universal,Wagon,1966-1990,三厢车,两厢车,通用标准：Wagon,,
EU,Trabant P 601 universal P601 pre72 Wagon 1966-1990 EU,Trabant,P 601 universal,Wagon,1966-1990,三厢车,两厢车,通用标准：Wagon,,
EU,Triumph 2.5 pi mk i estate Wagon 1968-1974 EU,Triumph,2.5 pi mk i estate,Wagon,1968-1974,三厢车,两厢车,通用标准：Wagon,,
EU,Triumph 2.5 pi mk i estate mki Wagon 1968-1975 EU,Triumph,2.5 pi mk i estate,Wagon,1968-1975,三厢车,两厢车,通用标准：Wagon,,
EU,Triumph 2.5 pi mk i estate mkii post74 Wagon 1968-1975 EU,Triumph,2.5 pi mk i estate,Wagon,1968-1975,三厢车,两厢车,通用标准：Wagon,,
EU,Triumph 2.5 pi mk i estate mkii pre74 Wagon 1968-1975 EU,Triumph,2.5 pi mk i estate,Wagon,1968-1975,三厢车,两厢车,通用标准：Wagon,,
EU,Triumph 2000 mk i estate mki Wagon 1968-1975 EU,Triumph,2000 mk i estate,Wagon,1968-1975,三厢车,两厢车,通用标准：Wagon,,
EU,Triumph 2000 mk i estate mkii post74 Wagon 1968-1975 EU,Triumph,2000 mk i estate,Wagon,1968-1975,三厢车,两厢车,通用标准：Wagon,,
EU,Triumph 2000 mk i estate mkii pre74 Wagon 1968-1975 EU,Triumph,2000 mk i estate,Wagon,1968-1975,三厢车,两厢车,通用标准：Wagon,,
EU,Triumph 2000 mkii estate post74 Wagon 1972-1975 EU,Triumph,2000 mkii estate,Wagon,1972-1975,三厢车,两厢车,通用标准：Wagon,,
EU,Triumph 2000 mkii estate pre74 Wagon 1972-1975 EU,Triumph,2000 mkii estate,Wagon,1972-1975,三厢车,两厢车,通用标准：Wagon,,
EU,Triumph 2500 Wagon 1974-1975 EU,Triumph,2500,Wagon,1974-1975,三厢车,两厢车,通用标准：Wagon,,
EU,Triumph 2500 Wagon 1975-1977 EU,Triumph,2500,Wagon,1975-1977,三厢车,两厢车,通用标准：Wagon,,
EU,Triumph Herald Wagon 1961-1967 EU,Triumph,Herald,Wagon,1961-1967,三厢车,两厢车,通用标准：Wagon,,
EU,Triumph Herald Wagon 1967-1971 EU,Triumph,Herald,Wagon,1967-1971,三厢车,两厢车,通用标准：Wagon,,
EU,Tropos Able xt Van 2019-2026 EU,Tropos,Able xt,Van,2019-2026,越野车,两厢车,通用标准：Van,,
EU,Tyn-e Tx1-E TX1-E Van 2025-2026 EU,Tyn-e,Tx1-E,Van,2025-2026,越野车,两厢车,通用标准：Van,,
EU,UAZ 452 UAZ-452 Van 1966-2011 EU,UAZ,452,Van,1966-2011,越野车,两厢车,通用标准：Van,,
EU,VW 15001600 31 Wagon 1961-1973 EU,VW,15001600,Wagon,1961-1973,三厢车,两厢车,通用标准：Wagon,,
EU,VW 15001600 31 post69 Wagon 1965-1973 EU,VW,15001600,Wagon,1965-1973,三厢车,两厢车,通用标准：Wagon,,
EU,VW 15001600 31 pre69 Wagon 1965-1973 EU,VW,15001600,Wagon,1965-1973,三厢车,两厢车,通用标准：Wagon,,
EU,VW 15001600 Type31 Wagon 1963-1965 EU,VW,15001600,Wagon,1963-1965,三厢车,两厢车,通用标准：Wagon,,
EU,VW 412 412 l Wagon 1972-1973 EU,VW,412,Wagon,1972-1973,三厢车,两厢车,通用标准：Wagon,,
EU,VW 412 412 std Wagon 1972-1973 EU,VW,412,Wagon,1972-1973,三厢车,两厢车,通用标准：Wagon,,
EU,VW 412 Type412 l Wagon 1973-1975 EU,VW,412,Wagon,1973-1975,三厢车,两厢车,通用标准：Wagon,,
EU,VW 412 Type412 std Wagon 1973-1975 EU,VW,412,Wagon,1973-1975,三厢车,两厢车,通用标准：Wagon,,
EU,VW Arteon 3H Liftback 2017-2026 EU,VW,Arteon,Liftback,2017-2026,跑车,三厢车,联网判定：Liftback,五门 liftback，长斜背 fastback 轿车,https://en.wikipedia.org/wiki/Volkswagen_Arteon
EU,VW Arteon 3H Liftback 2018-2026 EU,VW,Arteon,Liftback,2018-2026,跑车,三厢车,联网判定：Liftback,五门 liftback，长斜背 fastback 轿车,https://en.wikipedia.org/wiki/Volkswagen_Arteon
EU,VW Arteon 3H Wagon 2020-2026 EU,VW,Arteon,Wagon,2020-2026,三厢车,两厢车,通用标准：Wagon,,
EU,VW Arteon 3H9 Wagon 2020-2026 EU,VW,Arteon,Wagon,2020-2026,三厢车,两厢车,通用标准：Wagon,,
EU,VW Arteon L4866 W1871 H1450 Wagon 2020-2026 EU,VW,Arteon,Wagon,2020-2026,三厢车,两厢车,通用标准：Wagon,,
EU,VW Arteon L4866 W1871 H1462 Wagon 2020-2026 EU,VW,Arteon,Wagon,2020-2026,三厢车,两厢车,通用标准：Wagon,,
EU,VW Arteon Wagon 2020-2021 EU,VW,Arteon,Wagon,2020-2021,三厢车,两厢车,通用标准：Wagon,,
EU,VW Arteon Wagon 2020-2024 EU,VW,Arteon,Wagon,2020-2024,三厢车,两厢车,通用标准：Wagon,,
EU,VW Arteon Wagon 2024-2026 EU,VW,Arteon,Wagon,2024-2026,三厢车,两厢车,通用标准：Wagon,,
EU,VW Bora 1J Wagon 1999-2000 EU,VW,Bora,Wagon,1999-2000,三厢车,两厢车,通用标准：Wagon,,
EU,VW Bora 1J Wagon 1999-2001 EU,VW,Bora,Wagon,1999-2001,三厢车,两厢车,通用标准：Wagon,,
EU,VW Bora 1J Wagon 1999-2003 EU,VW,Bora,Wagon,1999-2003,三厢车,两厢车,通用标准：Wagon,,
EU,VW Bora 1J Wagon 1999-2005 EU,VW,Bora,Wagon,1999-2005,三厢车,两厢车,通用标准：Wagon,,
EU,VW Bora 1J Wagon 2000-2005 EU,VW,Bora,Wagon,2000-2005,三厢车,两厢车,通用标准：Wagon,,
EU,VW Bora 1J Wagon 2001-2005 EU,VW,Bora,Wagon,2001-2005,三厢车,两厢车,通用标准：Wagon,,
EU,VW Bora 1J Wagon 2002-2005 EU,VW,Bora,Wagon,2002-2005,三厢车,两厢车,通用标准：Wagon,,
EU,VW Bora 1J Wagon 2004-2005 EU,VW,Bora,Wagon,2004-2005,三厢车,两厢车,通用标准：Wagon,,
EU,VW Bora 1J6 Wagon 2001-2005 EU,VW,Bora,Wagon,2001-2005,三厢车,两厢车,通用标准：Wagon,,
EU,VW Caddy alltrack iv 2K L4408 W1793 H1858 MPV 2015-2017 EU,VW,Caddy alltrack iv,MPV,2015-2017,越野车,两厢车,通用标准：MPV,,
EU,VW Caddy alltrack iv 2K L4408 W1793 H1858 MPV 2015-2020 EU,VW,Caddy alltrack iv,MPV,2015-2020,越野车,两厢车,通用标准：MPV,,
EU,VW Caddy alltrack iv 2K L4430 W1793 H1824 MPV 2015-2017 EU,VW,Caddy alltrack iv,MPV,2015-2017,越野车,两厢车,通用标准：MPV,,
EU,VW Caddy alltrack iv 2K L4430 W1793 H1824 MPV 2015-2020 EU,VW,Caddy alltrack iv,MPV,2015-2020,越野车,两厢车,通用标准：MPV,,
EU,VW Caddy alltrack iv 2K MPV 2018-2019 EU,VW,Caddy alltrack iv,MPV,2018-2019,越野车,两厢车,通用标准：MPV,,
EU,VW Caddy alltrack iv 2K MPV 2018-2020 EU,VW,Caddy alltrack iv,MPV,2018-2020,越野车,两厢车,通用标准：MPV,,
EU,VW Caddy alltrack iv 2K MPV 2019-2020 EU,VW,Caddy alltrack iv,MPV,2019-2020,越野车,两厢车,通用标准：MPV,,
EU,VW Caddy alltrack iv 2K Van 2015-2020 EU,VW,Caddy alltrack iv,Van,2015-2020,越野车,两厢车,通用标准：Van,,
EU,VW Caddy alltrack iv 2K Van 2019-2020 EU,VW,Caddy alltrack iv,Van,2019-2020,越野车,两厢车,通用标准：Van,,
EU,VW Caddy california v camper SBB/SBJ maxi MPV 2020-2026 EU,VW,Caddy california v camper,MPV,2020-2026,越野车,两厢车,通用标准：MPV,,
EU,VW Caddy california v camper SBB/SBJ maxi MPV 2021-2024 EU,VW,Caddy california v camper,MPV,2021-2024,越野车,两厢车,通用标准：MPV,,
EU,VW Caddy california v camper SBB/SBJ maxi MPV 2021-2026 EU,VW,Caddy california v camper,MPV,2021-2026,越野车,两厢车,通用标准：MPV,,
EU,VW Caddy california v camper SBB/SBJ maxi MPV 2024-2026 EU,VW,Caddy california v camper,MPV,2024-2026,越野车,两厢车,通用标准：MPV,,
EU,VW Caddy california v camper SBB/SBJ swb MPV 2020-2026 EU,VW,Caddy california v camper,MPV,2020-2026,越野车,两厢车,通用标准：MPV,,
EU,VW Caddy california v camper SBB/SBJ swb MPV 2021-2024 EU,VW,Caddy california v camper,MPV,2021-2024,越野车,两厢车,通用标准：MPV,,
EU,VW Caddy california v camper SBB/SBJ swb MPV 2021-2026 EU,VW,Caddy california v camper,MPV,2021-2026,越野车,两厢车,通用标准：MPV,,
EU,VW Caddy california v camper SBB/SBJ swb MPV 2024-2026 EU,VW,Caddy california v camper,MPV,2024-2026,越野车,两厢车,通用标准：MPV,,
EU,VW Caddy ii 9K Van 1995-1997 EU,VW,Caddy ii,Van,1995-1997,越野车,两厢车,通用标准：Van,,
EU,VW Caddy ii 9K Van 1995-2003 EU,VW,Caddy ii,Van,1995-2003,越野车,两厢车,通用标准：Van,,
EU,VW Caddy ii 9K Van 1995-2004 EU,VW,Caddy ii,Van,1995-2004,越野车,两厢车,通用标准：Van,,
EU,VW Caddy ii 9K Van 1996-2000 EU,VW,Caddy ii,Van,1996-2000,越野车,两厢车,通用标准：Van,,
EU,VW Caddy ii 9K Van 1996-2004 EU,VW,Caddy ii,Van,1996-2004,越野车,两厢车,通用标准：Van,,
EU,VW Caddy ii 9K Van 1997-2000 EU,VW,Caddy ii,Van,1997-2000,越野车,两厢车,通用标准：Van,,
EU,VW Caddy ii 9K Van 2000-2004 EU,VW,Caddy ii,Van,2000-2004,越野车,两厢车,通用标准：Van,,
EU,VW Caddy ii 9K9 Van 1995-2000 EU,VW,Caddy ii,Van,1995-2000,越野车,两厢车,通用标准：Van,,
EU,VW Caddy ii 9K9 Van 1995-2004 EU,VW,Caddy ii,Van,1995-2004,越野车,两厢车,通用标准：Van,,
EU,VW Caddy ii 9K9 Van 1996-2004 EU,VW,Caddy ii,Van,1996-2004,越野车,两厢车,通用标准：Van,,
EU,VW Caddy iii 2K MPV 2005-2010 EU,VW,Caddy iii,MPV,2005-2010,越野车,两厢车,通用标准：MPV,,
EU,VW Caddy iii 2K MPV 2006-2010 EU,VW,Caddy iii,MPV,2006-2010,越野车,两厢车,通用标准：MPV,,
EU,VW Caddy iii 2K MPV 2008-2010 EU,VW,Caddy iii,MPV,2008-2010,越野车,两厢车,通用标准：MPV,,
EU,VW Caddy iii 2K Van 2004-2006 EU,VW,Caddy iii,Van,2004-2006,越野车,两厢车,通用标准：Van,,
EU,VW Caddy iii 2K Van 2004-2010 EU,VW,Caddy iii,Van,2004-2010,越野车,两厢车,通用标准：Van,,
EU,VW Caddy iii 2K Van 2006-2015 EU,VW,Caddy iii,Van,2006-2015,越野车,两厢车,通用标准：Van,,
EU,VW Caddy iii 2K Van 2008-2010 EU,VW,Caddy iii,Van,2008-2010,越野车,两厢车,通用标准：Van,,
EU,VW Caddy iii 2K Van 2010-2015 EU,VW,Caddy iii,Van,2010-2015,越野车,两厢车,通用标准：Van,,
EU,VW Caddy iii 2K Van 2011-2015 EU,VW,Caddy iii,Van,2011-2015,越野车,两厢车,通用标准：Van,,
EU,VW Caddy iii 2K Van 2012-2015 EU,VW,Caddy iii,Van,2012-2015,越野车,两厢车,通用标准：Van,,
EU,VW Caddy iii 2K facelift MPV 2006-2015 EU,VW,Caddy iii,MPV,2006-2015,越野车,两厢车,通用标准：MPV,,
EU,VW Caddy iii 2K facelift Van 2004-2015 EU,VW,Caddy iii,Van,2004-2015,越野车,两厢车,通用标准：Van,,
EU,VW Caddy iii 2K prefl MPV 2006-2015 EU,VW,Caddy iii,MPV,2006-2015,越野车,两厢车,通用标准：MPV,,
EU,VW Caddy iii 2K prefl Van 2004-2015 EU,VW,Caddy iii,Van,2004-2015,越野车,两厢车,通用标准：Van,,
EU,VW Caddy iii MPV 2005-2010 EU,VW,Caddy iii,MPV,2005-2010,越野车,两厢车,通用标准：MPV,,
EU,VW Caddy iii MPV 2007-2010 EU,VW,Caddy iii,MPV,2007-2010,越野车,两厢车,通用标准：MPV,,
EU,VW Caddy iv 2K MPV 2018-2019 EU,VW,Caddy iv,MPV,2018-2019,越野车,两厢车,通用标准：MPV,,
EU,VW Caddy iv 2K MPV 2020-2020 EU,VW,Caddy iv,MPV,2020-2020,越野车,两厢车,通用标准：MPV,,
EU,VW Caddy iv 2K Van 2015-2017 EU,VW,Caddy iv,Van,2015-2017,越野车,两厢车,通用标准：Van,,
EU,VW Caddy iv 2K Van 2015-2019 EU,VW,Caddy iv,Van,2015-2019,越野车,两厢车,通用标准：Van,,
EU,VW Caddy iv 2K Van 2015-2020 EU,VW,Caddy iv,Van,2015-2020,越野车,两厢车,通用标准：Van,,
EU,VW Caddy iv 2K Van 2020-2020 EU,VW,Caddy iv,Van,2020-2020,越野车,两厢车,通用标准：Van,,
EU,VW Caddy iv 2K mpv lwb MPV 2019-2020 EU,VW,Caddy iv,MPV,2019-2020,越野车,两厢车,通用标准：MPV,,
EU,VW Caddy iv 2K mpv swb MPV 2019-2020 EU,VW,Caddy iv,MPV,2019-2020,越野车,两厢车,通用标准：MPV,,
EU,VW Caddy iv 2K van lwb Van 2019-2020 EU,VW,Caddy iv,Van,2019-2020,越野车,两厢车,通用标准：Van,,
EU,VW Caddy iv 2K van swb Van 2019-2020 EU,VW,Caddy iv,Van,2019-2020,越野车,两厢车,通用标准：Van,,
EU,VW Caddy iv SA lwb MPV 2018-2020 EU,VW,Caddy iv,MPV,2018-2020,越野车,两厢车,通用标准：MPV,,
EU,VW Caddy iv SA swb MPV 2018-2020 EU,VW,Caddy iv,MPV,2018-2020,越野车,两厢车,通用标准：MPV,,
EU,VW Caddy v SB MPV 2020-2026 EU,VW,Caddy v,MPV,2020-2026,越野车,两厢车,通用标准：MPV,,
EU,VW Caddy v SB MPV 2021-2024 EU,VW,Caddy v,MPV,2021-2024,越野车,两厢车,通用标准：MPV,,
EU,VW Caddy v SB MPV 2021-2026 EU,VW,Caddy v,MPV,2021-2026,越野车,两厢车,通用标准：MPV,,
EU,VW Caddy v SB MPV 2022-2024 EU,VW,Caddy v,MPV,2022-2024,越野车,两厢车,通用标准：MPV,,
EU,VW Caddy v SB MPV 2024-2026 EU,VW,Caddy v,MPV,2024-2026,越野车,两厢车,通用标准：MPV,,
EU,VW Caddy v SB Van 2021-2024 EU,VW,Caddy v,Van,2021-2024,越野车,两厢车,通用标准：Van,,
EU,VW Caddy v SB Van 2021-2026 EU,VW,Caddy v,Van,2021-2026,越野车,两厢车,通用标准：Van,,
EU,VW Caddy v SB Van 2022-2024 EU,VW,Caddy v,Van,2022-2024,越野车,两厢车,通用标准：Van,,
EU,VW Caddy v SB Van 2024-2026 EU,VW,Caddy v,Van,2024-2026,越野车,两厢车,通用标准：Van,,
EU,VW Caddy v SBA Van 2020-2026 EU,VW,Caddy v,Van,2020-2026,越野车,两厢车,通用标准：Van,,
EU,VW Caddy v SBB MPV 2020-2026 EU,VW,Caddy v,MPV,2020-2026,越野车,两厢车,通用标准：MPV,,
EU,VW Caddy v SBH Van 2020-2026 EU,VW,Caddy v,Van,2020-2026,越野车,两厢车,通用标准：Van,,
EU,VW Caddy v SBJ MPV 2020-2026 EU,VW,Caddy v,MPV,2020-2026,越野车,两厢车,通用标准：MPV,,
EU,VW California 70 Van 1994-2002 EU,VW,California,Van,1994-2002,越野车,两厢车,通用标准：Van,,
EU,VW California 7D Van 1994-2002 EU,VW,California,Van,1994-2002,越野车,两厢车,通用标准：Van,,
EU,VW California 7D Van 1996-2000 EU,VW,California,Van,1996-2000,越野车,两厢车,通用标准：Van,,
EU,VW California 7D Van 1998-2002 EU,VW,California,Van,1998-2002,越野车,两厢车,通用标准：Van,,
EU,VW California 7D Van 1998-2003 EU,VW,California,Van,1998-2003,越野车,两厢车,通用标准：Van,,
EU,VW California 7D Van 1999-2003 EU,VW,California,Van,1999-2003,越野车,两厢车,通用标准：Van,,
EU,VW California 7D Van 2000-2001 EU,VW,California,Van,2000-2001,越野车,两厢车,通用标准：Van,,
EU,VW California 7H Van 2007-2009 EU,VW,California,Van,2007-2009,越野车,两厢车,通用标准：Van,,
EU,VW California 7H Van 2009-2015 EU,VW,California,Van,2009-2015,越野车,两厢车,通用标准：Van,,
EU,VW California 7H Van 2010-2015 EU,VW,California,Van,2010-2015,越野车,两厢车,通用标准：Van,,
EU,VW California 7H Van 2011-2015 EU,VW,California,Van,2011-2015,越野车,两厢车,通用标准：Van,,
EU,VW California 7H Van 2012-2015 EU,VW,California,Van,2012-2015,越野车,两厢车,通用标准：Van,,
EU,VW California SG/SH Van 2015-2019 EU,VW,California,Van,2015-2019,越野车,两厢车,通用标准：Van,,
EU,VW California SG/SH Van 2015-2024 EU,VW,California,Van,2015-2024,越野车,两厢车,通用标准：Van,,
EU,VW California SG/SH Van 2016-2019 EU,VW,California,Van,2016-2019,越野车,两厢车,通用标准：Van,,
EU,VW California SG/SH Van 2018-2024 EU,VW,California,Van,2018-2024,越野车,两厢车,通用标准：Van,,
EU,VW California SG/SH Van 2019-2024 EU,VW,California,Van,2019-2024,越野车,两厢车,通用标准：Van,,
EU,VW California ST Van 2024-2026 EU,VW,California,Van,2024-2026,越野车,两厢车,通用标准：Van,,
EU,VW Crafter 30-35 2E lwb highroof Bus 2006-2011 EU,VW,Crafter 30-35,Bus,2006-2011,越野车,两厢车,通用标准：Bus,,
EU,VW Crafter 30-35 2E lwb highroof Bus 2006-2013 EU,VW,Crafter 30-35,Bus,2006-2013,越野车,两厢车,通用标准：Bus,,
EU,VW Crafter 30-35 2E mwb highroof Bus 2006-2011 EU,VW,Crafter 30-35,Bus,2006-2011,越野车,两厢车,通用标准：Bus,,
EU,VW Crafter 30-35 2E mwb highroof Bus 2006-2013 EU,VW,Crafter 30-35,Bus,2006-2013,越野车,两厢车,通用标准：Bus,,
EU,VW Crafter 30-35 2E/2F Van 2011-2016 EU,VW,Crafter 30-35,Van,2011-2016,越野车,两厢车,通用标准：Van,,
EU,VW Crafter 30-35 2E/2F Van 2013-2016 EU,VW,Crafter 30-35,Van,2013-2016,越野车,两厢车,通用标准：Van,,
EU,VW Crafter 30-50 2E lwb highroof drw Van 2006-2011 EU,VW,Crafter 30-50,Van,2006-2011,越野车,两厢车,通用标准：Van,,
EU,VW Crafter 30-50 2E lwb highroof drw Van 2006-2013 EU,VW,Crafter 30-50,Van,2006-2013,越野车,两厢车,通用标准：Van,,
EU,VW Crafter 30-50 2E lwb highroof srw Van 2006-2011 EU,VW,Crafter 30-50,Van,2006-2011,越野车,两厢车,通用标准：Van,,
EU,VW Crafter 30-50 2E lwb highroof srw Van 2006-2013 EU,VW,Crafter 30-50,Van,2006-2013,越野车,两厢车,通用标准：Van,,
EU,VW Crafter 30-50 2E lwb superhighroof drw Van 2006-2011 EU,VW,Crafter 30-50,Van,2006-2011,越野车,两厢车,通用标准：Van,,
EU,VW Crafter 30-50 2E lwb superhighroof drw Van 2006-2013 EU,VW,Crafter 30-50,Van,2006-2013,越野车,两厢车,通用标准：Van,,
EU,VW Crafter 30-50 2E lwb superhighroof srw Van 2006-2011 EU,VW,Crafter 30-50,Van,2006-2011,越野车,两厢车,通用标准：Van,,
EU,VW Crafter 30-50 2E lwb superhighroof srw Van 2006-2013 EU,VW,Crafter 30-50,Van,2006-2013,越野车,两厢车,通用标准：Van,,
EU,VW Crafter 30-50 2E lwbmaxi highroof drw Van 2006-2011 EU,VW,Crafter 30-50,Van,2006-2011,越野车,两厢车,通用标准：Van,,
EU,VW Crafter 30-50 2E lwbmaxi highroof drw Van 2006-2013 EU,VW,Crafter 30-50,Van,2006-2013,越野车,两厢车,通用标准：Van,,
EU,VW Crafter 30-50 2E lwbmaxi highroof srw Van 2006-2011 EU,VW,Crafter 30-50,Van,2006-2011,越野车,两厢车,通用标准：Van,,
EU,VW Crafter 30-50 2E lwbmaxi highroof srw Van 2006-2013 EU,VW,Crafter 30-50,Van,2006-2013,越野车,两厢车,通用标准：Van,,
EU,VW Crafter 30-50 2E lwbmaxi superhighroof drw Van 2006-2011 EU,VW,Crafter 30-50,Van,2006-2011,越野车,两厢车,通用标准：Van,,
EU,VW Crafter 30-50 2E lwbmaxi superhighroof drw Van 2006-2013 EU,VW,Crafter 30-50,Van,2006-2013,越野车,两厢车,通用标准：Van,,
EU,VW Crafter 30-50 2E lwbmaxi superhighroof srw Van 2006-2011 EU,VW,Crafter 30-50,Van,2006-2011,越野车,两厢车,通用标准：Van,,
EU,VW Crafter 30-50 2E lwbmaxi superhighroof srw Van 2006-2013 EU,VW,Crafter 30-50,Van,2006-2013,越野车,两厢车,通用标准：Van,,
EU,VW Crafter 30-50 2E mwb highroof drw Van 2006-2011 EU,VW,Crafter 30-50,Van,2006-2011,越野车,两厢车,通用标准：Van,,
EU,VW Crafter 30-50 2E mwb highroof drw Van 2006-2013 EU,VW,Crafter 30-50,Van,2006-2013,越野车,两厢车,通用标准：Van,,
EU,VW Crafter 30-50 2E mwb highroof srw Van 2006-2011 EU,VW,Crafter 30-50,Van,2006-2011,越野车,两厢车,通用标准：Van,,
EU,VW Crafter 30-50 2E mwb highroof srw Van 2006-2013 EU,VW,Crafter 30-50,Van,2006-2013,越野车,两厢车,通用标准：Van,,
EU,VW Crafter 30-50 2E mwb lowroof srw Van 2006-2011 EU,VW,Crafter 30-50,Van,2006-2011,越野车,两厢车,通用标准：Van,,
EU,VW Crafter 30-50 2E mwb lowroof srw Van 2006-2013 EU,VW,Crafter 30-50,Van,2006-2013,越野车,两厢车,通用标准：Van,,
EU,VW Crafter 30-50 2E mwb superhighroof drw Van 2006-2011 EU,VW,Crafter 30-50,Van,2006-2011,越野车,两厢车,通用标准：Van,,
EU,VW Crafter 30-50 2E mwb superhighroof drw Van 2006-2013 EU,VW,Crafter 30-50,Van,2006-2013,越野车,两厢车,通用标准：Van,,
EU,VW Crafter 30-50 2E mwb superhighroof srw Van 2006-2011 EU,VW,Crafter 30-50,Van,2006-2011,越野车,两厢车,通用标准：Van,,
EU,VW Crafter 30-50 2E mwb superhighroof srw Van 2006-2013 EU,VW,Crafter 30-50,Van,2006-2013,越野车,两厢车,通用标准：Van,,
EU,VW Crafter 30-50 2E swb highroof Van 2006-2011 EU,VW,Crafter 30-50,Van,2006-2011,越野车,两厢车,通用标准：Van,,
EU,VW Crafter 30-50 2E swb highroof Van 2006-2013 EU,VW,Crafter 30-50,Van,2006-2013,越野车,两厢车,通用标准：Van,,
EU,VW Crafter 30-50 2E swb lowroof Van 2006-2011 EU,VW,Crafter 30-50,Van,2006-2011,越野车,两厢车,通用标准：Van,,
EU,VW Crafter 30-50 2E swb lowroof Van 2006-2013 EU,VW,Crafter 30-50,Van,2006-2013,越野车,两厢车,通用标准：Van,,
EU,VW Crafter 30-50 2E/2F Van 2011-2016 EU,VW,Crafter 30-50,Van,2011-2016,越野车,两厢车,通用标准：Van,,
EU,VW Crafter 30-50 2E/2F Van 2013-2016 EU,VW,Crafter 30-50,Van,2013-2016,越野车,两厢车,通用标准：Van,,
EU,VW Crafter 30-50 2E/2F Van 2015-2016 EU,VW,Crafter 30-50,Van,2015-2016,越野车,两厢车,通用标准：Van,,
EU,VW Crafter SY Van 2017-2026 EU,VW,Crafter,Van,2017-2026,越野车,两厢车,通用标准：Van,,
EU,VW Crafter SY Van 2018-2026 EU,VW,Crafter,Van,2018-2026,越野车,两厢车,通用标准：Van,,
EU,VW Crafter SY/SZ Van 2016-2024 EU,VW,Crafter,Van,2016-2024,越野车,两厢车,通用标准：Van,,
EU,VW Crafter SY/SZ Van 2016-2026 EU,VW,Crafter,Van,2016-2026,越野车,两厢车,通用标准：Van,,
EU,VW Crafter SY/SZ Van 2017-2026 EU,VW,Crafter,Van,2017-2026,越野车,两厢车,通用标准：Van,,
EU,VW Crafter SY/SZ Van 2022-2026 EU,VW,Crafter,Van,2022-2026,越野车,两厢车,通用标准：Van,,
EU,VW Crafter SY/SZ Van 2023-2026 EU,VW,Crafter,Van,2023-2026,越野车,两厢车,通用标准：Van,,
EU,VW Crafter l3h2 Van 2017-2021 EU,VW,Crafter,Van,2017-2021,越野车,两厢车,通用标准：Van,,
EU,VW Crafter l3h2 Van 2017-2024 EU,VW,Crafter,Van,2017-2024,越野车,两厢车,通用标准：Van,,
EU,VW Crafter l3h3 MPV 2017-2026 EU,VW,Crafter,MPV,2017-2026,越野车,两厢车,通用标准：MPV,,
EU,VW Crafter l3h3 Van 2017-2021 EU,VW,Crafter,Van,2017-2021,越野车,两厢车,通用标准：Van,,
EU,VW Crafter l3h3 Van 2017-2024 EU,VW,Crafter,Van,2017-2024,越野车,两厢车,通用标准：Van,,
EU,VW Crafter l4h3 MPV 2017-2026 EU,VW,Crafter,MPV,2017-2026,越野车,两厢车,通用标准：MPV,,
EU,VW Crafter l4h3 Van 2017-2021 EU,VW,Crafter,Van,2017-2021,越野车,两厢车,通用标准：Van,,
EU,VW Crafter l4h3 Van 2017-2024 EU,VW,Crafter,Van,2017-2024,越野车,两厢车,通用标准：Van,,
EU,VW Crafter l4h4 Van 2017-2021 EU,VW,Crafter,Van,2017-2021,越野车,两厢车,通用标准：Van,,
EU,VW Crafter l4h4 Van 2017-2024 EU,VW,Crafter,Van,2017-2024,越野车,两厢车,通用标准：Van,,
EU,VW Crafter l4h4 Van 2017-2026 EU,VW,Crafter,Van,2017-2026,越野车,两厢车,通用标准：Van,,
EU,VW Crafter l5h3 MPV 2017-2026 EU,VW,Crafter,MPV,2017-2026,越野车,两厢车,通用标准：MPV,,
EU,VW Crafter l5h3 Van 2017-2021 EU,VW,Crafter,Van,2017-2021,越野车,两厢车,通用标准：Van,,
EU,VW Crafter l5h3 Van 2017-2024 EU,VW,Crafter,Van,2017-2024,越野车,两厢车,通用标准：Van,,
EU,VW Crafter l5h3 Van 2017-2026 EU,VW,Crafter,Van,2017-2026,越野车,两厢车,通用标准：Van,,
EU,VW Crafter l5h4 Van 2017-2021 EU,VW,Crafter,Van,2017-2021,越野车,两厢车,通用标准：Van,,
EU,VW Crafter l5h4 Van 2017-2024 EU,VW,Crafter,Van,2017-2024,越野车,两厢车,通用标准：Van,,
EU,VW Crafter l5h4 Van 2017-2026 EU,VW,Crafter,Van,2017-2026,越野车,两厢车,通用标准：Van,,
EU,VW Crafter lwb highroof Van 2017-2026 EU,VW,Crafter,Van,2017-2026,越野车,两厢车,通用标准：Van,,
EU,VW Crafter mwb highroof Van 2017-2026 EU,VW,Crafter,Van,2017-2026,越野车,两厢车,通用标准：Van,,
EU,VW Crafter mwb lowroof Van 2017-2026 EU,VW,Crafter,Van,2017-2026,越野车,两厢车,通用标准：Van,,
EU,VW Fridolin Type 147 Van 1964-1974 EU,VW,Fridolin,Van,1964-1974,越野车,两厢车,通用标准：Van,,
EU,VW Golf alltrack vii variant AUV Wagon 2014-2017 EU,VW,Golf alltrack vii variant,Wagon,2014-2017,三厢车,两厢车,通用标准：Wagon,,
EU,VW Golf alltrack vii variant AUV facelift Wagon 2014-2020 EU,VW,Golf alltrack vii variant,Wagon,2014-2020,三厢车,两厢车,通用标准：Wagon,,
EU,VW Golf alltrack vii variant AUV prefl Wagon 2014-2020 EU,VW,Golf alltrack vii variant,Wagon,2014-2020,三厢车,两厢车,通用标准：Wagon,,
EU,VW Golf alltrack viii variant CDV Wagon 2020-2026 EU,VW,Golf alltrack viii variant,Wagon,2020-2026,三厢车,两厢车,通用标准：Wagon,,
EU,VW Golf alltrack viii variant CDV Wagon 2021-2024 EU,VW,Golf alltrack viii variant,Wagon,2021-2024,三厢车,两厢车,通用标准：Wagon,,
EU,VW Golf ii van 19E Van 1987-1991 EU,VW,Golf ii van,Van,1987-1991,越野车,两厢车,通用标准：Van,,
EU,VW Golf iii van 1H Van 1991-1996 EU,VW,Golf iii van,Van,1991-1996,越野车,两厢车,通用标准：Van,,
EU,VW Golf iii van 1H1 Van 1991-1995 EU,VW,Golf iii van,Van,1991-1995,越野车,两厢车,通用标准：Van,,
EU,VW Golf iii van 1H1 Van 1991-1997 EU,VW,Golf iii van,Van,1991-1997,越野车,两厢车,通用标准：Van,,
EU,VW Golf iii variant 1H Wagon 1996-1999 EU,VW,Golf iii variant,Wagon,1996-1999,三厢车,两厢车,通用标准：Wagon,,
EU,VW Golf iii variant 1H5 Wagon 1994-1999 EU,VW,Golf iii variant,Wagon,1994-1999,三厢车,两厢车,通用标准：Wagon,,
EU,VW Golf iii variant 1H5 Wagon 1995-1999 EU,VW,Golf iii variant,Wagon,1995-1999,三厢车,两厢车,通用标准：Wagon,,
EU,VW Golf iii variant Wagon 1993-1999 EU,VW,Golf iii variant,Wagon,1993-1999,三厢车,两厢车,通用标准：Wagon,,
EU,VW Golf iii variant Wagon 1995-1999 EU,VW,Golf iii variant,Wagon,1995-1999,三厢车,两厢车,通用标准：Wagon,,
EU,VW Golf iv van 1J1 Van 1997-2004 EU,VW,Golf iv van,Van,1997-2004,越野车,两厢车,通用标准：Van,,
EU,VW Golf iv van 1J1 Van 1998-2004 EU,VW,Golf iv van,Van,1998-2004,越野车,两厢车,通用标准：Van,,
EU,VW Golf iv van 1J1 Van 2000-2001 EU,VW,Golf iv van,Van,2000-2001,越野车,两厢车,通用标准：Van,,
EU,VW Golf iv van 1J1 Van 2000-2002 EU,VW,Golf iv van,Van,2000-2002,越野车,两厢车,通用标准：Van,,
EU,VW Golf iv van 1J1 Van 2001-2004 EU,VW,Golf iv van,Van,2001-2004,越野车,两厢车,通用标准：Van,,
EU,VW Golf iv variant 1J Wagon 1999-2001 EU,VW,Golf iv variant,Wagon,1999-2001,三厢车,两厢车,通用标准：Wagon,,
EU,VW Golf iv variant 1J Wagon 1999-2002 EU,VW,Golf iv variant,Wagon,1999-2002,三厢车,两厢车,通用标准：Wagon,,
EU,VW Golf iv variant 1J Wagon 1999-2006 EU,VW,Golf iv variant,Wagon,1999-2006,三厢车,两厢车,通用标准：Wagon,,
EU,VW Golf iv variant 1J Wagon 2000-2006 EU,VW,Golf iv variant,Wagon,2000-2006,三厢车,两厢车,通用标准：Wagon,,
EU,VW Golf iv variant 1J Wagon 2002-2005 EU,VW,Golf iv variant,Wagon,2002-2005,三厢车,两厢车,通用标准：Wagon,,
EU,VW Golf iv variant 1J Wagon 2002-2006 EU,VW,Golf iv variant,Wagon,2002-2006,三厢车,两厢车,通用标准：Wagon,,
EU,VW Golf iv variant 1J5 Wagon 2001-2006 EU,VW,Golf iv variant,Wagon,2001-2006,三厢车,两厢车,通用标准：Wagon,,
EU,VW Golf iv variant 1J5 Wagon 2002-2006 EU,VW,Golf iv variant,Wagon,2002-2006,三厢车,两厢车,通用标准：Wagon,,
EU,VW Golf plus v 5M MPV 2010-2013 EU,VW,Golf plus v,MPV,2010-2013,越野车,两厢车,通用标准：MPV,,
EU,VW Golf plus v 5M facelift MPV 2008-2013 EU,VW,Golf plus v,MPV,2008-2013,越野车,两厢车,通用标准：MPV,,
EU,VW Golf plus v 5M prefl MPV 2008-2013 EU,VW,Golf plus v,MPV,2008-2013,越野车,两厢车,通用标准：MPV,,
EU,VW Golf plus v 5M1 MPV 2005-2007 EU,VW,Golf plus v,MPV,2005-2007,越野车,两厢车,通用标准：MPV,,
EU,VW Golf plus v 5M1 MPV 2009-2013 EU,VW,Golf plus v,MPV,2009-2013,越野车,两厢车,通用标准：MPV,,
EU,VW Golf plus v 5M1 facelift MPV 2005-2013 EU,VW,Golf plus v,MPV,2005-2013,越野车,两厢车,通用标准：MPV,,
EU,VW Golf plus v 5M1 prefl MPV 2005-2013 EU,VW,Golf plus v,MPV,2005-2013,越野车,两厢车,通用标准：MPV,,
EU,VW Golf plus v MPV 2006-2008 EU,VW,Golf plus v,MPV,2006-2008,越野车,两厢车,通用标准：MPV,,
EU,VW Golf plus v MPV 2006-2013 EU,VW,Golf plus v,MPV,2006-2013,越野车,两厢车,通用标准：MPV,,
EU,VW Golf plus v MPV 2009-2013 EU,VW,Golf plus v,MPV,2009-2013,越野车,两厢车,通用标准：MPV,,
EU,VW Golf plus v facelift MPV 2005-2011 EU,VW,Golf plus v,MPV,2005-2011,越野车,两厢车,通用标准：MPV,,
EU,VW Golf plus v facelift MPV 2007-2013 EU,VW,Golf plus v,MPV,2007-2013,越野车,两厢车,通用标准：MPV,,
EU,VW Golf plus v prefl MPV 2005-2011 EU,VW,Golf plus v,MPV,2005-2011,越野车,两厢车,通用标准：MPV,,
EU,VW Golf plus v prefl MPV 2007-2013 EU,VW,Golf plus v,MPV,2007-2013,越野车,两厢车,通用标准：MPV,,
EU,VW Golf plus van 5M1 Van 2009-2012 EU,VW,Golf plus van,Van,2009-2012,越野车,两厢车,通用标准：Van,,
EU,VW Golf plus van 5M1 Van 2009-2014 EU,VW,Golf plus van,Van,2009-2014,越野车,两厢车,通用标准：Van,,
EU,VW Golf v variant 1K5 Wagon 2007-2009 EU,VW,Golf v variant,Wagon,2007-2009,三厢车,两厢车,通用标准：Wagon,,
EU,VW Golf v variant 1K5 Wagon 2008-2009 EU,VW,Golf v variant,Wagon,2008-2009,三厢车,两厢车,通用标准：Wagon,,
EU,VW Golf v variant Wagon 2007-2009 EU,VW,Golf v variant,Wagon,2007-2009,三厢车,两厢车,通用标准：Wagon,,
EU,VW Golf van iii variant 1H5 Van 1993-1995 EU,VW,Golf van iii variant,Van,1993-1995,越野车,两厢车,通用标准：Van,,
EU,VW Golf van iii variant 1H5 Van 1993-1999 EU,VW,Golf van iii variant,Van,1993-1999,越野车,两厢车,通用标准：Van,,
EU,VW Golf van iii variant 1H5 Van 1996-1999 EU,VW,Golf van iii variant,Van,1996-1999,越野车,两厢车,通用标准：Van,,
EU,VW Golf van iv variant 1J5 Van 1999-2002 EU,VW,Golf van iv variant,Van,1999-2002,越野车,两厢车,通用标准：Van,,
EU,VW Golf van iv variant 1J5 Van 1999-2006 EU,VW,Golf van iv variant,Van,1999-2006,越野车,两厢车,通用标准：Van,,
EU,VW Golf van iv variant 1J5 Van 2000-2006 EU,VW,Golf van iv variant,Van,2000-2006,越野车,两厢车,通用标准：Van,,
EU,VW Golf van iv variant 1J5 Van 2001-2006 EU,VW,Golf van iv variant,Van,2001-2006,越野车,两厢车,通用标准：Van,,
EU,VW Golf van vi variant AJ Wagon 2009-2012 EU,VW,Golf van vi variant,Wagon,2009-2012,三厢车,两厢车,通用标准：Wagon,,
EU,VW Golf van vi variant AJ Wagon 2009-2014 EU,VW,Golf van vi variant,Wagon,2009-2014,三厢车,两厢车,通用标准：Wagon,,
EU,VW Golf van vii variant AUV L4562 W1799 H1481 Van 2013-2017 EU,VW,Golf van vii variant,Van,2013-2017,越野车,两厢车,通用标准：Van,,
EU,VW Golf van vii variant AUV L4562 W1799 H1515 Van 2013-2017 EU,VW,Golf van vii variant,Van,2013-2017,越野车,两厢车,通用标准：Van,,
EU,VW Golf vi van 1K Van 2008-2012 EU,VW,Golf vi van,Van,2008-2012,越野车,两厢车,通用标准：Van,,
EU,VW Golf vi van 1K Van 2009-2012 EU,VW,Golf vi van,Van,2009-2012,越野车,两厢车,通用标准：Van,,
EU,VW Golf vi variant AJ Wagon 2009-2010 EU,VW,Golf vi variant,Wagon,2009-2010,三厢车,两厢车,通用标准：Wagon,,
EU,VW Golf vi variant AJ5 Wagon 2009-2013 EU,VW,Golf vi variant,Wagon,2009-2013,三厢车,两厢车,通用标准：Wagon,,
EU,VW Golf vi variant Wagon 2009-2013 EU,VW,Golf vi variant,Wagon,2009-2013,三厢车,两厢车,通用标准：Wagon,,
EU,VW Golf vi variant Wagon 2010-2013 EU,VW,Golf vi variant,Wagon,2010-2013,三厢车,两厢车,通用标准：Wagon,,
EU,VW Golf vii van 5G1 L4255 W1799 H1452 Van 2013-2017 EU,VW,Golf vii van,Van,2013-2017,越野车,两厢车,通用标准：Van,,
EU,VW Golf vii van 5G1 L4268 W1799 H1442 Van 2013-2017 EU,VW,Golf vii van,Van,2013-2017,越野车,两厢车,通用标准：Van,,
EU,VW Golf vii van 5G1 Van 2012-2017 EU,VW,Golf vii van,Van,2012-2017,越野车,两厢车,通用标准：Van,,
EU,VW Golf vii van 5G1 Van 2013-2014 EU,VW,Golf vii van,Van,2013-2014,越野车,两厢车,通用标准：Van,,
EU,VW Golf vii variant 5G Wagon 2018-2020 EU,VW,Golf vii variant,Wagon,2018-2020,三厢车,两厢车,通用标准：Wagon,,
EU,VW Golf vii variant L4562 W1799 H1481 Wagon 2013-2017 EU,VW,Golf vii variant,Wagon,2013-2017,三厢车,两厢车,通用标准：Wagon,,
EU,VW Golf vii variant L4567 W1799 H1515 Wagon 2016-2020 EU,VW,Golf vii variant,Wagon,2016-2020,三厢车,两厢车,通用标准：Wagon,,
EU,VW Golf vii variant L4575 W1799 H1481 Wagon 2013-2017 EU,VW,Golf vii variant,Wagon,2013-2017,三厢车,两厢车,通用标准：Wagon,,
EU,VW Golf vii variant L4586 W1789 H1495 Wagon 2016-2020 EU,VW,Golf vii variant,Wagon,2016-2020,三厢车,两厢车,通用标准：Wagon,,
EU,VW Golf vii variant Wagon 2013-2018 EU,VW,Golf vii variant,Wagon,2013-2018,三厢车,两厢车,通用标准：Wagon,,
EU,VW Golf vii variant Wagon 2013-2020 EU,VW,Golf vii variant,Wagon,2013-2020,三厢车,两厢车,通用标准：Wagon,,
EU,VW Golf vii variant Wagon 2014-2017 EU,VW,Golf vii variant,Wagon,2014-2017,三厢车,两厢车,通用标准：Wagon,,
EU,VW Golf vii variant Wagon 2015-2017 EU,VW,Golf vii variant,Wagon,2015-2017,三厢车,两厢车,通用标准：Wagon,,
EU,VW Golf vii variant Wagon 2015-2020 EU,VW,Golf vii variant,Wagon,2015-2020,三厢车,两厢车,通用标准：Wagon,,
EU,VW Golf vii variant Wagon 2017-2019 EU,VW,Golf vii variant,Wagon,2017-2019,三厢车,两厢车,通用标准：Wagon,,
EU,VW Golf vii variant Wagon 2017-2020 EU,VW,Golf vii variant,Wagon,2017-2020,三厢车,两厢车,通用标准：Wagon,,
EU,VW Golf vii variant facelift Wagon 2013-2020 EU,VW,Golf vii variant,Wagon,2013-2020,三厢车,两厢车,通用标准：Wagon,,
EU,VW Golf vii variant facelift Wagon 2014-2017 EU,VW,Golf vii variant,Wagon,2014-2017,三厢车,两厢车,通用标准：Wagon,,
EU,VW Golf vii variant facelift Wagon 2014-2020 EU,VW,Golf vii variant,Wagon,2014-2020,三厢车,两厢车,通用标准：Wagon,,
EU,VW Golf vii variant facelift Wagon 2014-2021 EU,VW,Golf vii variant,Wagon,2014-2021,三厢车,两厢车,通用标准：Wagon,,
EU,VW Golf vii variant facelift Wagon 2015-2019 EU,VW,Golf vii variant,Wagon,2015-2019,三厢车,两厢车,通用标准：Wagon,,
EU,VW Golf vii variant facelift Wagon 2015-2020 EU,VW,Golf vii variant,Wagon,2015-2020,三厢车,两厢车,通用标准：Wagon,,
EU,VW Golf vii variant prefl Wagon 2013-2020 EU,VW,Golf vii variant,Wagon,2013-2020,三厢车,两厢车,通用标准：Wagon,,
EU,VW Golf vii variant prefl Wagon 2014-2020 EU,VW,Golf vii variant,Wagon,2014-2020,三厢车,两厢车,通用标准：Wagon,,
EU,VW Golf vii variant prefl Wagon 2014-2021 EU,VW,Golf vii variant,Wagon,2014-2021,三厢车,两厢车,通用标准：Wagon,,
EU,VW Golf vii variant prefl Wagon 2015-2019 EU,VW,Golf vii variant,Wagon,2015-2019,三厢车,两厢车,通用标准：Wagon,,
EU,VW Golf vii variant prefl Wagon 2015-2020 EU,VW,Golf vii variant,Wagon,2015-2020,三厢车,两厢车,通用标准：Wagon,,
EU,VW Golf viii variant CD Wagon 2020-2026 EU,VW,Golf viii variant,Wagon,2020-2026,三厢车,两厢车,通用标准：Wagon,,
EU,VW Golf viii variant CD1 L4633 W1789 H1455 Wagon 2021-2026 EU,VW,Golf viii variant,Wagon,2021-2026,三厢车,两厢车,通用标准：Wagon,,
EU,VW Golf viii variant CD1 L4633 W1789 H1455 Wagon 2024-2026 EU,VW,Golf viii variant,Wagon,2024-2026,三厢车,两厢车,通用标准：Wagon,,
EU,VW Golf viii variant CD1 L4644 W1789 H1466 Wagon 2021-2026 EU,VW,Golf viii variant,Wagon,2021-2026,三厢车,两厢车,通用标准：Wagon,,
EU,VW Golf viii variant CD1 L4644 W1789 H1466 Wagon 2024-2026 EU,VW,Golf viii variant,Wagon,2024-2026,三厢车,两厢车,通用标准：Wagon,,
EU,VW Golf viii variant CD1 Wagon 2020-2026 EU,VW,Golf viii variant,Wagon,2020-2026,三厢车,两厢车,通用标准：Wagon,,
EU,VW Golf viii variant CD1 Wagon 2021-2024 EU,VW,Golf viii variant,Wagon,2021-2024,三厢车,两厢车,通用标准：Wagon,,
EU,VW Grand california camper 600 MPV 2019-2026 EU,VW,Grand california camper,MPV,2019-2026,越野车,两厢车,通用标准：MPV,,
EU,VW Grand california camper 680 MPV 2019-2026 EU,VW,Grand california camper,MPV,2019-2026,越野车,两厢车,通用标准：MPV,,
EU,VW Grand california camper SY/SZ 600 MPV 2019-2026 EU,VW,Grand california camper,MPV,2019-2026,越野车,两厢车,通用标准：MPV,,
EU,VW Grand california camper SY/SZ 600 MPV 2024-2026 EU,VW,Grand california camper,MPV,2024-2026,越野车,两厢车,通用标准：MPV,,
EU,VW Grand california camper SY/SZ 680 MPV 2019-2026 EU,VW,Grand california camper,MPV,2019-2026,越野车,两厢车,通用标准：MPV,,
EU,VW Grand california camper SY/SZ 680 MPV 2024-2026 EU,VW,Grand california camper,MPV,2024-2026,越野车,两厢车,通用标准：MPV,,
EU,VW Id. buzz EBB MPV 2022-2024 EU,VW,Id. buzz,MPV,2022-2024,越野车,两厢车,通用标准：MPV,,
EU,VW Id. buzz EBB MPV 2024-2026 EU,VW,Id. buzz,MPV,2024-2026,越野车,两厢车,通用标准：MPV,,
EU,VW Id. buzz EBJ MPV 2024-2026 EU,VW,Id. buzz,MPV,2024-2026,越野车,两厢车,通用标准：MPV,,
EU,VW Id. buzz cargo EBA Van 2022-2024 EU,VW,Id. buzz cargo,Van,2022-2024,越野车,两厢车,通用标准：Van,,
EU,VW Id. buzz cargo EBA Van 2024-2026 EU,VW,Id. buzz cargo,Van,2024-2026,越野车,两厢车,通用标准：Van,,
EU,VW Id.7 ED Fastback 2023-2026 EU,VW,Id.7,Fastback,2023-2026,跑车,三厢车,联网判定：Fastback,4961mm fastback 轿车，五门 liftback,https://en.wikipedia.org/wiki/Volkswagen_ID.7
EU,VW Id.7 ED Fastback 2024-2026 EU,VW,Id.7,Fastback,2024-2026,跑车,三厢车,联网判定：Fastback,4961mm fastback 轿车，五门 liftback,https://en.wikipedia.org/wiki/Volkswagen_ID.7
EU,VW Id.7 ED Fastback 2026-2026 EU,VW,Id.7,Fastback,2026-2026,跑车,三厢车,联网判定：Fastback,4961mm fastback 轿车，五门 liftback,https://en.wikipedia.org/wiki/Volkswagen_ID.7
EU,VW Id.7 ED Wagon 2024-2026 EU,VW,Id.7,Wagon,2024-2026,三厢车,两厢车,通用标准：Wagon,,
EU,VW Id.7 ED Wagon 2026-2026 EU,VW,Id.7,Wagon,2026-2026,三厢车,两厢车,通用标准：Wagon,,
EU,VW Load up! AA Van 2012-2019 EU,VW,Load up!,Van,2012-2019,越野车,两厢车,通用标准：Van,,
EU,VW Load up! AA Van 2012-2020 EU,VW,Load up!,Van,2012-2020,越野车,两厢车,通用标准：Van,,
EU,VW Load up! AA Van 2014-2019 EU,VW,Load up!,Van,2014-2019,越野车,两厢车,通用标准：Van,,
EU,VW Lt 28-35 i Typ 21 lwb highroof Bus 1992-1996 EU,VW,Lt 28-35 i,Bus,1992-1996,越野车,两厢车,通用标准：Bus,,
EU,VW Lt 28-35 i Typ 21 swb lowroof Bus 1992-1996 EU,VW,Lt 28-35 i,Bus,1992-1996,越野车,两厢车,通用标准：Bus,,
EU,VW Lt 28-35 i Typ 28/21 Van 1975-1980 EU,VW,Lt 28-35 i,Van,1975-1980,越野车,两厢车,通用标准：Van,,
EU,VW Lt 28-35 i Typ 28/21 Van 1982-1992 EU,VW,Lt 28-35 i,Van,1982-1992,越野车,两厢车,通用标准：Van,,
EU,VW Lt 28-35 i Typ 28/21 Van 1989-1996 EU,VW,Lt 28-35 i,Van,1989-1996,越野车,两厢车,通用标准：Van,,
EU,VW Lt 28-35 i lwb highroof Bus 1975-1983 EU,VW,Lt 28-35 i,Bus,1975-1983,越野车,两厢车,通用标准：Bus,,
EU,VW Lt 28-35 i lwb highroof Bus 1979-1992 EU,VW,Lt 28-35 i,Bus,1979-1992,越野车,两厢车,通用标准：Bus,,
EU,VW Lt 28-35 i lwb highroof Bus 1982-1989 EU,VW,Lt 28-35 i,Bus,1982-1989,越野车,两厢车,通用标准：Bus,,
EU,VW Lt 28-35 i lwb highroof Bus 1982-1992 EU,VW,Lt 28-35 i,Bus,1982-1992,越野车,两厢车,通用标准：Bus,,
EU,VW Lt 28-35 i lwb highroof Bus 1989-1992 EU,VW,Lt 28-35 i,Bus,1989-1992,越野车,两厢车,通用标准：Bus,,
EU,VW Lt 28-35 i lwb highroof Bus 1989-1996 EU,VW,Lt 28-35 i,Bus,1989-1996,越野车,两厢车,通用标准：Bus,,
EU,VW Lt 28-35 i lwb highroof Van 1975-1983 EU,VW,Lt 28-35 i,Van,1975-1983,越野车,两厢车,通用标准：Van,,
EU,VW Lt 28-35 i lwb highroof Van 1979-1992 EU,VW,Lt 28-35 i,Van,1979-1992,越野车,两厢车,通用标准：Van,,
EU,VW Lt 28-35 i lwb highroof Van 1982-1992 EU,VW,Lt 28-35 i,Van,1982-1992,越野车,两厢车,通用标准：Van,,
EU,VW Lt 28-35 i lwb highroof Van 1986-1992 EU,VW,Lt 28-35 i,Van,1986-1992,越野车,两厢车,通用标准：Van,,
EU,VW Lt 28-35 i lwb highroof Van 1988-1992 EU,VW,Lt 28-35 i,Van,1988-1992,越野车,两厢车,通用标准：Van,,
EU,VW Lt 28-35 i lwb highroof Van 1990-1996 EU,VW,Lt 28-35 i,Van,1990-1996,越野车,两厢车,通用标准：Van,,
EU,VW Lt 28-35 i lwb highroof Van 1992-1996 EU,VW,Lt 28-35 i,Van,1992-1996,越野车,两厢车,通用标准：Van,,
EU,VW Lt 28-35 i lwb lowroof Bus 1975-1983 EU,VW,Lt 28-35 i,Bus,1975-1983,越野车,两厢车,通用标准：Bus,,
EU,VW Lt 28-35 i lwb lowroof Bus 1979-1992 EU,VW,Lt 28-35 i,Bus,1979-1992,越野车,两厢车,通用标准：Bus,,
EU,VW Lt 28-35 i lwb lowroof Bus 1982-1989 EU,VW,Lt 28-35 i,Bus,1982-1989,越野车,两厢车,通用标准：Bus,,
EU,VW Lt 28-35 i lwb lowroof Bus 1982-1992 EU,VW,Lt 28-35 i,Bus,1982-1992,越野车,两厢车,通用标准：Bus,,
EU,VW Lt 28-35 i lwb lowroof Bus 1989-1992 EU,VW,Lt 28-35 i,Bus,1989-1992,越野车,两厢车,通用标准：Bus,,
EU,VW Lt 28-35 i lwb lowroof Bus 1989-1996 EU,VW,Lt 28-35 i,Bus,1989-1996,越野车,两厢车,通用标准：Bus,,
EU,VW Lt 28-35 i lwb lowroof Van 1975-1983 EU,VW,Lt 28-35 i,Van,1975-1983,越野车,两厢车,通用标准：Van,,
EU,VW Lt 28-35 i lwb lowroof Van 1979-1992 EU,VW,Lt 28-35 i,Van,1979-1992,越野车,两厢车,通用标准：Van,,
EU,VW Lt 28-35 i lwb lowroof Van 1982-1992 EU,VW,Lt 28-35 i,Van,1982-1992,越野车,两厢车,通用标准：Van,,
EU,VW Lt 28-35 i lwb lowroof Van 1986-1992 EU,VW,Lt 28-35 i,Van,1986-1992,越野车,两厢车,通用标准：Van,,
EU,VW Lt 28-35 i lwb lowroof Van 1988-1992 EU,VW,Lt 28-35 i,Van,1988-1992,越野车,两厢车,通用标准：Van,,
EU,VW Lt 28-35 i lwb lowroof Van 1990-1996 EU,VW,Lt 28-35 i,Van,1990-1996,越野车,两厢车,通用标准：Van,,
EU,VW Lt 28-35 i lwb lowroof Van 1992-1996 EU,VW,Lt 28-35 i,Van,1992-1996,越野车,两厢车,通用标准：Van,,
EU,VW Lt 28-35 i swb highroof Bus 1975-1983 EU,VW,Lt 28-35 i,Bus,1975-1983,越野车,两厢车,通用标准：Bus,,
EU,VW Lt 28-35 i swb highroof Bus 1979-1992 EU,VW,Lt 28-35 i,Bus,1979-1992,越野车,两厢车,通用标准：Bus,,
EU,VW Lt 28-35 i swb highroof Bus 1982-1989 EU,VW,Lt 28-35 i,Bus,1982-1989,越野车,两厢车,通用标准：Bus,,
EU,VW Lt 28-35 i swb highroof Bus 1982-1992 EU,VW,Lt 28-35 i,Bus,1982-1992,越野车,两厢车,通用标准：Bus,,
EU,VW Lt 28-35 i swb highroof Bus 1989-1992 EU,VW,Lt 28-35 i,Bus,1989-1992,越野车,两厢车,通用标准：Bus,,
EU,VW Lt 28-35 i swb highroof Bus 1989-1996 EU,VW,Lt 28-35 i,Bus,1989-1996,越野车,两厢车,通用标准：Bus,,
EU,VW Lt 28-35 i swb highroof Van 1975-1983 EU,VW,Lt 28-35 i,Van,1975-1983,越野车,两厢车,通用标准：Van,,
EU,VW Lt 28-35 i swb highroof Van 1979-1992 EU,VW,Lt 28-35 i,Van,1979-1992,越野车,两厢车,通用标准：Van,,
EU,VW Lt 28-35 i swb highroof Van 1982-1992 EU,VW,Lt 28-35 i,Van,1982-1992,越野车,两厢车,通用标准：Van,,
EU,VW Lt 28-35 i swb highroof Van 1986-1992 EU,VW,Lt 28-35 i,Van,1986-1992,越野车,两厢车,通用标准：Van,,
EU,VW Lt 28-35 i swb highroof Van 1988-1992 EU,VW,Lt 28-35 i,Van,1988-1992,越野车,两厢车,通用标准：Van,,
EU,VW Lt 28-35 i swb highroof Van 1990-1996 EU,VW,Lt 28-35 i,Van,1990-1996,越野车,两厢车,通用标准：Van,,
EU,VW Lt 28-35 i swb highroof Van 1992-1996 EU,VW,Lt 28-35 i,Van,1992-1996,越野车,两厢车,通用标准：Van,,
EU,VW Lt 28-35 i swb lowroof Bus 1975-1983 EU,VW,Lt 28-35 i,Bus,1975-1983,越野车,两厢车,通用标准：Bus,,
EU,VW Lt 28-35 i swb lowroof Bus 1979-1992 EU,VW,Lt 28-35 i,Bus,1979-1992,越野车,两厢车,通用标准：Bus,,
EU,VW Lt 28-35 i swb lowroof Bus 1982-1989 EU,VW,Lt 28-35 i,Bus,1982-1989,越野车,两厢车,通用标准：Bus,,
EU,VW Lt 28-35 i swb lowroof Bus 1982-1992 EU,VW,Lt 28-35 i,Bus,1982-1992,越野车,两厢车,通用标准：Bus,,
EU,VW Lt 28-35 i swb lowroof Bus 1989-1992 EU,VW,Lt 28-35 i,Bus,1989-1992,越野车,两厢车,通用标准：Bus,,
EU,VW Lt 28-35 i swb lowroof Bus 1989-1996 EU,VW,Lt 28-35 i,Bus,1989-1996,越野车,两厢车,通用标准：Bus,,
EU,VW Lt 28-35 i swb lowroof Van 1975-1983 EU,VW,Lt 28-35 i,Van,1975-1983,越野车,两厢车,通用标准：Van,,
EU,VW Lt 28-35 i swb lowroof Van 1979-1992 EU,VW,Lt 28-35 i,Van,1979-1992,越野车,两厢车,通用标准：Van,,
EU,VW Lt 28-35 i swb lowroof Van 1982-1992 EU,VW,Lt 28-35 i,Van,1982-1992,越野车,两厢车,通用标准：Van,,
EU,VW Lt 28-35 i swb lowroof Van 1986-1992 EU,VW,Lt 28-35 i,Van,1986-1992,越野车,两厢车,通用标准：Van,,
EU,VW Lt 28-35 i swb lowroof Van 1988-1992 EU,VW,Lt 28-35 i,Van,1988-1992,越野车,两厢车,通用标准：Van,,
EU,VW Lt 28-35 i swb lowroof Van 1990-1996 EU,VW,Lt 28-35 i,Van,1990-1996,越野车,两厢车,通用标准：Van,,
EU,VW Lt 28-35 i swb lowroof Van 1992-1996 EU,VW,Lt 28-35 i,Van,1992-1996,越野车,两厢车,通用标准：Van,,
EU,VW Lt 28-35 ii 2DB Bus 1997-2003 EU,VW,Lt 28-35 ii,Bus,1997-2003,越野车,两厢车,通用标准：Bus,,
EU,VW Lt 28-35 ii 2DE Bus 1997-2003 EU,VW,Lt 28-35 ii,Bus,1997-2003,越野车,两厢车,通用标准：Bus,,
EU,VW Lt 28-35 ii 2DK Bus 1997-2003 EU,VW,Lt 28-35 ii,Bus,1997-2003,越野车,两厢车,通用标准：Bus,,
EU,VW Lt 28-35 ii Typ 2D MPV 1996-1999 EU,VW,Lt 28-35 ii,MPV,1996-1999,越野车,两厢车,通用标准：MPV,,
EU,VW Lt 28-35 ii Typ 2D MPV 1996-2006 EU,VW,Lt 28-35 ii,MPV,1996-2006,越野车,两厢车,通用标准：MPV,,
EU,VW Lt 28-35 ii Typ 2D MPV 1999-2006 EU,VW,Lt 28-35 ii,MPV,1999-2006,越野车,两厢车,通用标准：MPV,,
EU,VW Lt 28-35 ii Typ 2D MPV 2001-2006 EU,VW,Lt 28-35 ii,MPV,2001-2006,越野车,两厢车,通用标准：MPV,,
EU,VW Lt 28-35 ii lwb highroof Bus 1999-2002 EU,VW,Lt 28-35 ii,Bus,1999-2002,越野车,两厢车,通用标准：Bus,,
EU,VW Lt 28-35 ii lwb highroof Bus 2001-2006 EU,VW,Lt 28-35 ii,Bus,2001-2006,越野车,两厢车,通用标准：Bus,,
EU,VW Lt 28-35 ii mwb highroof Bus 1999-2002 EU,VW,Lt 28-35 ii,Bus,1999-2002,越野车,两厢车,通用标准：Bus,,
EU,VW Lt 28-35 ii mwb highroof Bus 2001-2006 EU,VW,Lt 28-35 ii,Bus,2001-2006,越野车,两厢车,通用标准：Bus,,
EU,VW Lt 28-35 ii mwb lowroof Bus 1999-2002 EU,VW,Lt 28-35 ii,Bus,1999-2002,越野车,两厢车,通用标准：Bus,,
EU,VW Lt 28-35 ii swb lowroof Bus 1999-2002 EU,VW,Lt 28-35 ii,Bus,1999-2002,越野车,两厢车,通用标准：Bus,,
EU,VW Lt 28-46 ii Typ 2D Van 1996-1999 EU,VW,Lt 28-46 ii,Van,1996-1999,越野车,两厢车,通用标准：Van,,
EU,VW Lt 28-46 ii Typ 2D Van 1996-2006 EU,VW,Lt 28-46 ii,Van,1996-2006,越野车,两厢车,通用标准：Van,,
EU,VW Lt 28-46 ii Typ 2D Van 1997-2002 EU,VW,Lt 28-46 ii,Van,1997-2002,越野车,两厢车,通用标准：Van,,
EU,VW Lt 28-46 ii Typ 2D Van 1999-2006 EU,VW,Lt 28-46 ii,Van,1999-2006,越野车,两厢车,通用标准：Van,,
EU,VW Lt 28-46 ii Typ 2D Van 2001-2006 EU,VW,Lt 28-46 ii,Van,2001-2006,越野车,两厢车,通用标准：Van,,
EU,VW Lt 28-46 ii Typ 2D Van 2002-2006 EU,VW,Lt 28-46 ii,Van,2002-2006,越野车,两厢车,通用标准：Van,,
EU,VW Lt 40-55 i Typ 28/21 Van 1975-1983 EU,VW,Lt 40-55 i,Van,1975-1983,越野车,两厢车,通用标准：Van,,
EU,VW Lt 40-55 i Typ 28/21 Van 1979-1992 EU,VW,Lt 40-55 i,Van,1979-1992,越野车,两厢车,通用标准：Van,,
EU,VW Lt 40-55 i Typ 28/21 Van 1982-1991 EU,VW,Lt 40-55 i,Van,1982-1991,越野车,两厢车,通用标准：Van,,
EU,VW Lt 40-55 i Typ 28/21 Van 1982-1992 EU,VW,Lt 40-55 i,Van,1982-1992,越野车,两厢车,通用标准：Van,,
EU,VW Lt 40-55 i Typ 28/21 Van 1986-1992 EU,VW,Lt 40-55 i,Van,1986-1992,越野车,两厢车,通用标准：Van,,
EU,VW Lt 40-55 i Typ 28/21 Van 1988-1992 EU,VW,Lt 40-55 i,Van,1988-1992,越野车,两厢车,通用标准：Van,,
EU,VW Lt 40-55 i Typ 28/21 Van 1990-1996 EU,VW,Lt 40-55 i,Van,1990-1996,越野车,两厢车,通用标准：Van,,
EU,VW Lt 40-55 i Typ 28/21 Van 1992-1996 EU,VW,Lt 40-55 i,Van,1992-1996,越野车,两厢车,通用标准：Van,,
EU,VW Lt 40-55 i Typ 28/21 Van 1993-1996 EU,VW,Lt 40-55 i,Van,1993-1996,越野车,两厢车,通用标准：Van,,
EU,VW Multivan t5 7H Van 2011-2015 EU,VW,Multivan t5,Van,2011-2015,越野车,两厢车,通用标准：Van,,
EU,VW Multivan t5 7HM MPV 2009-2015 EU,VW,Multivan t5,MPV,2009-2015,越野车,两厢车,通用标准：MPV,,
EU,VW Multivan t5 L4890 W1904 H1944 MPV 2003-2009 EU,VW,Multivan t5,MPV,2003-2009,越野车,两厢车,通用标准：MPV,,
EU,VW Multivan t5 L4890 W1904 H1970 MPV 2003-2009 EU,VW,Multivan t5,MPV,2003-2009,越野车,两厢车,通用标准：MPV,,
EU,VW Multivan t5 MPV 2004-2009 EU,VW,Multivan t5,MPV,2004-2009,越野车,两厢车,通用标准：MPV,,
EU,VW Multivan t5 MPV 2006-2009 EU,VW,Multivan t5,MPV,2006-2009,越野车,两厢车,通用标准：MPV,,
EU,VW Multivan t5 MPV 2010-2015 EU,VW,Multivan t5,MPV,2010-2015,越野车,两厢车,通用标准：MPV,,
EU,VW Multivan t5 MPV 2012-2015 EU,VW,Multivan t5,MPV,2012-2015,越野车,两厢车,通用标准：MPV,,
EU,VW Multivan t5 T5 MPV 2011-2015 EU,VW,Multivan t5,MPV,2011-2015,越野车,两厢车,通用标准：MPV,,
EU,VW Multivan t5 facelift MPV 2003-2015 EU,VW,Multivan t5,MPV,2003-2015,越野车,两厢车,通用标准：MPV,,
EU,VW Multivan t5 prefl MPV 2003-2015 EU,VW,Multivan t5,MPV,2003-2015,越野车,两厢车,通用标准：MPV,,
EU,VW Multivan t6 MPV 2015-2019 EU,VW,Multivan t6,MPV,2015-2019,越野车,两厢车,通用标准：MPV,,
EU,VW Multivan t6 MPV 2015-2024 EU,VW,Multivan t6,MPV,2015-2024,越野车,两厢车,通用标准：MPV,,
EU,VW Multivan t6 MPV 2016-2019 EU,VW,Multivan t6,MPV,2016-2019,越野车,两厢车,通用标准：MPV,,
EU,VW Multivan t6 SG lwb Bus 2018-2024 EU,VW,Multivan t6,Bus,2018-2024,越野车,两厢车,通用标准：Bus,,
EU,VW Multivan t6 SG swb Bus 2018-2024 EU,VW,Multivan t6,Bus,2018-2024,越野车,两厢车,通用标准：Bus,,
EU,VW Multivan t6 lwb MPV 2018-2024 EU,VW,Multivan t6,MPV,2018-2024,越野车,两厢车,通用标准：MPV,,
EU,VW Multivan t6 lwb MPV 2019-2024 EU,VW,Multivan t6,MPV,2019-2024,越野车,两厢车,通用标准：MPV,,
EU,VW Multivan t6 swb MPV 2018-2024 EU,VW,Multivan t6,MPV,2018-2024,越野车,两厢车,通用标准：MPV,,
EU,VW Multivan t6 swb MPV 2019-2024 EU,VW,Multivan t6,MPV,2019-2024,越野车,两厢车,通用标准：MPV,,
EU,VW Multivan t7 MPV 2021-2024 EU,VW,Multivan t7,MPV,2021-2024,越野车,两厢车,通用标准：MPV,,
EU,VW Multivan t7 MPV 2021-2026 EU,VW,Multivan t7,MPV,2021-2026,越野车,两厢车,通用标准：MPV,,
EU,VW Multivan t7 MPV 2022-2026 EU,VW,Multivan t7,MPV,2022-2026,越野车,两厢车,通用标准：MPV,,
EU,VW Multivan t7 MPV 2024-2026 EU,VW,Multivan t7,MPV,2024-2026,越野车,两厢车,通用标准：MPV,,
EU,VW Passat alltrack b7 variant 3C Wagon 2012-2014 EU,VW,Passat alltrack b7 variant,Wagon,2012-2014,三厢车,两厢车,通用标准：Wagon,,
EU,VW Passat alltrack b7 variant 3C Wagon 2013-2014 EU,VW,Passat alltrack b7 variant,Wagon,2013-2014,三厢车,两厢车,通用标准：Wagon,,
EU,VW Passat alltrack b7 variant Wagon 2012-2014 EU,VW,Passat alltrack b7 variant,Wagon,2012-2014,三厢车,两厢车,通用标准：Wagon,,
EU,VW Passat alltrack b8 variant 3G Wagon 2015-2016 EU,VW,Passat alltrack b8 variant,Wagon,2015-2016,三厢车,两厢车,通用标准：Wagon,,
EU,VW Passat alltrack b8 variant 3G Wagon 2015-2017 EU,VW,Passat alltrack b8 variant,Wagon,2015-2017,三厢车,两厢车,通用标准：Wagon,,
EU,VW Passat alltrack b8 variant 3G Wagon 2015-2018 EU,VW,Passat alltrack b8 variant,Wagon,2015-2018,三厢车,两厢车,通用标准：Wagon,,
EU,VW Passat alltrack b8 variant 3G Wagon 2018-2024 EU,VW,Passat alltrack b8 variant,Wagon,2018-2024,三厢车,两厢车,通用标准：Wagon,,
EU,VW Passat alltrack b8 variant 3G Wagon 2020-2024 EU,VW,Passat alltrack b8 variant,Wagon,2020-2024,三厢车,两厢车,通用标准：Wagon,,
EU,VW Passat alltrack b8 variant 3G facelift Wagon 2015-2020 EU,VW,Passat alltrack b8 variant,Wagon,2015-2020,三厢车,两厢车,通用标准：Wagon,,
EU,VW Passat alltrack b8 variant 3G facelift Wagon 2015-2024 EU,VW,Passat alltrack b8 variant,Wagon,2015-2024,三厢车,两厢车,通用标准：Wagon,,
EU,VW Passat alltrack b8 variant 3G prefl Wagon 2015-2020 EU,VW,Passat alltrack b8 variant,Wagon,2015-2020,三厢车,两厢车,通用标准：Wagon,,
EU,VW Passat alltrack b8 variant 3G prefl Wagon 2015-2024 EU,VW,Passat alltrack b8 variant,Wagon,2015-2024,三厢车,两厢车,通用标准：Wagon,,
EU,VW Passat alltrack b8 variant 3G5 Wagon 2018-2020 EU,VW,Passat alltrack b8 variant,Wagon,2018-2020,三厢车,两厢车,通用标准：Wagon,,
EU,VW Passat b1 variant 33 Wagon 1973-1975 EU,VW,Passat b1 variant,Wagon,1973-1975,三厢车,两厢车,通用标准：Wagon,,
EU,VW Passat b1 variant 33 Wagon 1973-1978 EU,VW,Passat b1 variant,Wagon,1973-1978,三厢车,两厢车,通用标准：Wagon,,
EU,VW Passat b1 variant 33 Wagon 1973-1980 EU,VW,Passat b1 variant,Wagon,1973-1980,三厢车,两厢车,通用标准：Wagon,,
EU,VW Passat b1 variant 33 Wagon 1975-1980 EU,VW,Passat b1 variant,Wagon,1975-1980,三厢车,两厢车,通用标准：Wagon,,
EU,VW Passat b1 variant 33 Wagon 1976-1980 EU,VW,Passat b1 variant,Wagon,1976-1980,三厢车,两厢车,通用标准：Wagon,,
EU,VW Passat b1 variant 33 Wagon 1977-1980 EU,VW,Passat b1 variant,Wagon,1977-1980,三厢车,两厢车,通用标准：Wagon,,
EU,VW Passat b1 variant 33 Wagon 1978-1980 EU,VW,Passat b1 variant,Wagon,1978-1980,三厢车,两厢车,通用标准：Wagon,,
EU,VW Passat b1 variant 33 Wagon 1980-1981 EU,VW,Passat b1 variant,Wagon,1980-1981,三厢车,两厢车,通用标准：Wagon,,
EU,VW Passat b1 variant Type33 post75 Wagon 1973-1975 EU,VW,Passat b1 variant,Wagon,1973-1975,三厢车,两厢车,通用标准：Wagon,,
EU,VW Passat b1 variant Type33 post75 Wagon 1973-1978 EU,VW,Passat b1 variant,Wagon,1973-1978,三厢车,两厢车,通用标准：Wagon,,
EU,VW Passat b1 variant Type33 pre75 Wagon 1973-1975 EU,VW,Passat b1 variant,Wagon,1973-1975,三厢车,两厢车,通用标准：Wagon,,
EU,VW Passat b1 variant Type33 pre75 Wagon 1973-1978 EU,VW,Passat b1 variant,Wagon,1973-1978,三厢车,两厢车,通用标准：Wagon,,
EU,VW Passat b2 variant 32B Wagon 1980-1986 EU,VW,Passat b2 variant,Wagon,1980-1986,三厢车,两厢车,通用标准：Wagon,,
EU,VW Passat b2 variant 32B Wagon 1982-1988 EU,VW,Passat b2 variant,Wagon,1982-1988,三厢车,两厢车,通用标准：Wagon,,
EU,VW Passat b2 variant 32B Wagon 1983-1988 EU,VW,Passat b2 variant,Wagon,1983-1988,三厢车,两厢车,通用标准：Wagon,,
EU,VW Passat b2 variant Type32B Wagon 1983-1988 EU,VW,Passat b2 variant,Wagon,1983-1988,三厢车,两厢车,通用标准：Wagon,,
EU,VW Passat b2 variant Type32B Wagon 1984-1988 EU,VW,Passat b2 variant,Wagon,1984-1988,三厢车,两厢车,通用标准：Wagon,,
EU,VW Passat b2 variant Wagon 1980-1983 EU,VW,Passat b2 variant,Wagon,1980-1983,三厢车,两厢车,通用标准：Wagon,,
EU,VW Passat b2 variant Wagon 1980-1986 EU,VW,Passat b2 variant,Wagon,1980-1986,三厢车,两厢车,通用标准：Wagon,,
EU,VW Passat b2 variant Wagon 1980-1988 EU,VW,Passat b2 variant,Wagon,1980-1988,三厢车,两厢车,通用标准：Wagon,,
EU,VW Passat b2 variant Wagon 1981-1983 EU,VW,Passat b2 variant,Wagon,1981-1983,三厢车,两厢车,通用标准：Wagon,,
EU,VW Passat b2 variant Wagon 1983-1988 EU,VW,Passat b2 variant,Wagon,1983-1988,三厢车,两厢车,通用标准：Wagon,,
EU,VW Passat b2 variant Wagon 1985-1988 EU,VW,Passat b2 variant,Wagon,1985-1988,三厢车,两厢车,通用标准：Wagon,,
EU,VW Passat b2 variant Wagon 1986-1988 EU,VW,Passat b2 variant,Wagon,1986-1988,三厢车,两厢车,通用标准：Wagon,,
EU,VW Passat b3/b4 variant 35I Wagon 1990-1996 EU,VW,Passat b3/b4 variant,Wagon,1990-1996,三厢车,两厢车,通用标准：Wagon,,
EU,VW Passat b3/b4 variant 35i Wagon 1988-1989 EU,VW,Passat b3/b4 variant,Wagon,1988-1989,三厢车,两厢车,通用标准：Wagon,,
EU,VW Passat b3/b4 variant 3A Wagon 1990-1996 EU,VW,Passat b3/b4 variant,Wagon,1990-1996,三厢车,两厢车,通用标准：Wagon,,
EU,VW Passat b3/b4 variant 3A Wagon 1994-1995 EU,VW,Passat b3/b4 variant,Wagon,1994-1995,三厢车,两厢车,通用标准：Wagon,,
EU,VW Passat b3/b4 variant 3A Wagon 1995-1996 EU,VW,Passat b3/b4 variant,Wagon,1995-1996,三厢车,两厢车,通用标准：Wagon,,
EU,VW Passat b3/b4 variant 3A5 L4595 W1720 H1445 Wagon 1994-1997 EU,VW,Passat b3/b4 variant,Wagon,1994-1997,三厢车,两厢车,通用标准：Wagon,,
EU,VW Passat b3/b4 variant 3A5 L4595 W1720 H1485 Wagon 1994-1997 EU,VW,Passat b3/b4 variant,Wagon,1994-1997,三厢车,两厢车,通用标准：Wagon,,
EU,VW Passat b3/b4 variant 3A5 Wagon 1993-1996 EU,VW,Passat b3/b4 variant,Wagon,1993-1996,三厢车,两厢车,通用标准：Wagon,,
EU,VW Passat b3/b4 variant 3A5 Wagon 1996-1997 EU,VW,Passat b3/b4 variant,Wagon,1996-1997,三厢车,两厢车,通用标准：Wagon,,
EU,VW Passat b3/b4 variant Wagon 1988-1989 EU,VW,Passat b3/b4 variant,Wagon,1988-1989,三厢车,两厢车,通用标准：Wagon,,
EU,VW Passat b3/b4 variant Wagon 1988-1990 EU,VW,Passat b3/b4 variant,Wagon,1988-1990,三厢车,两厢车,通用标准：Wagon,,
EU,VW Passat b3/b4 variant Wagon 1988-1991 EU,VW,Passat b3/b4 variant,Wagon,1988-1991,三厢车,两厢车,通用标准：Wagon,,
EU,VW Passat b3/b4 variant Wagon 1988-1992 EU,VW,Passat b3/b4 variant,Wagon,1988-1992,三厢车,两厢车,通用标准：Wagon,,
EU,VW Passat b3/b4 variant Wagon 1988-1993 EU,VW,Passat b3/b4 variant,Wagon,1988-1993,三厢车,两厢车,通用标准：Wagon,,
EU,VW Passat b3/b4 variant Wagon 1988-1997 EU,VW,Passat b3/b4 variant,Wagon,1988-1997,三厢车,两厢车,通用标准：Wagon,,
EU,VW Passat b3/b4 variant Wagon 1989-1993 EU,VW,Passat b3/b4 variant,Wagon,1989-1993,三厢车,两厢车,通用标准：Wagon,,
EU,VW Passat b3/b4 variant Wagon 1990-1997 EU,VW,Passat b3/b4 variant,Wagon,1990-1997,三厢车,两厢车,通用标准：Wagon,,
EU,VW Passat b3/b4 variant Wagon 1991-1997 EU,VW,Passat b3/b4 variant,Wagon,1991-1997,三厢车,两厢车,通用标准：Wagon,,
EU,VW Passat b3/b4 variant Wagon 1993-1997 EU,VW,Passat b3/b4 variant,Wagon,1993-1997,三厢车,两厢车,通用标准：Wagon,,
EU,VW Passat b3/b4 variant b3 Wagon 1988-1997 EU,VW,Passat b3/b4 variant,Wagon,1988-1997,三厢车,两厢车,通用标准：Wagon,,
EU,VW Passat b5 variant 3B Wagon 1998-2000 EU,VW,Passat b5 variant,Wagon,1998-2000,三厢车,两厢车,通用标准：Wagon,,
EU,VW Passat b5 variant 3B Wagon 1999-2000 EU,VW,Passat b5 variant,Wagon,1999-2000,三厢车,两厢车,通用标准：Wagon,,
EU,VW Passat b5 variant 3B5 L4669 W1740 H1496 Wagon 1997-2000 EU,VW,Passat b5 variant,Wagon,1997-2000,三厢车,两厢车,通用标准：Wagon,,
EU,VW Passat b5 variant 3B5 L4670 W1740 H1500 Wagon 1997-2000 EU,VW,Passat b5 variant,Wagon,1997-2000,三厢车,两厢车,通用标准：Wagon,,
EU,VW Passat b5 variant 3B5 Wagon 2000-2000 EU,VW,Passat b5 variant,Wagon,2000-2000,三厢车,两厢车,通用标准：Wagon,,
EU,VW Passat b5.5 variant 3B6 Wagon 2001-2005 EU,VW,Passat b5.5 variant,Wagon,2001-2005,三厢车,两厢车,通用标准：Wagon,,
EU,VW Passat b5.5 variant 3BG Wagon 2000-2005 EU,VW,Passat b5.5 variant,Wagon,2000-2005,三厢车,两厢车,通用标准：Wagon,,
EU,VW Passat b5.5 variant 3BG Wagon 2001-2004 EU,VW,Passat b5.5 variant,Wagon,2001-2004,三厢车,两厢车,通用标准：Wagon,,
EU,VW Passat b5.5 variant 3BG Wagon 2003-2005 EU,VW,Passat b5.5 variant,Wagon,2003-2005,三厢车,两厢车,通用标准：Wagon,,
EU,VW Passat b6 variant 3C Wagon 2005-2006 EU,VW,Passat b6 variant,Wagon,2005-2006,三厢车,两厢车,通用标准：Wagon,,
EU,VW Passat b6 variant 3C Wagon 2005-2007 EU,VW,Passat b6 variant,Wagon,2005-2007,三厢车,两厢车,通用标准：Wagon,,
EU,VW Passat b6 variant 3C Wagon 2005-2008 EU,VW,Passat b6 variant,Wagon,2005-2008,三厢车,两厢车,通用标准：Wagon,,
EU,VW Passat b6 variant 3C Wagon 2005-2010 EU,VW,Passat b6 variant,Wagon,2005-2010,三厢车,两厢车,通用标准：Wagon,,
EU,VW Passat b6 variant 3C5 L4774 W1820 H1517 Wagon 2007-2010 EU,VW,Passat b6 variant,Wagon,2007-2010,三厢车,两厢车,通用标准：Wagon,,
EU,VW Passat b6 variant 3C5 L4820 W1820 H1456 Wagon 2007-2010 EU,VW,Passat b6 variant,Wagon,2007-2010,三厢车,两厢车,通用标准：Wagon,,
EU,VW Passat b6 variant 3C5 Wagon 2005-2009 EU,VW,Passat b6 variant,Wagon,2005-2009,三厢车,两厢车,通用标准：Wagon,,
EU,VW Passat b6 variant 3C5 Wagon 2005-2010 EU,VW,Passat b6 variant,Wagon,2005-2010,三厢车,两厢车,通用标准：Wagon,,
EU,VW Passat b6 variant 3C5 Wagon 2007-2011 EU,VW,Passat b6 variant,Wagon,2007-2011,三厢车,两厢车,通用标准：Wagon,,
EU,VW Passat b6 variant 3C5 Wagon 2008-2010 EU,VW,Passat b6 variant,Wagon,2008-2010,三厢车,两厢车,通用标准：Wagon,,
EU,VW Passat b6 variant 3C5 Wagon 2009-2010 EU,VW,Passat b6 variant,Wagon,2009-2010,三厢车,两厢车,通用标准：Wagon,,
EU,VW Passat b6 variant Wagon 2005-2010 EU,VW,Passat b6 variant,Wagon,2005-2010,三厢车,两厢车,通用标准：Wagon,,
EU,VW Passat b7 3C Van 2010-2014 EU,VW,Passat b7,Van,2010-2014,越野车,两厢车,通用标准：Van,,
EU,VW Passat b7 variant 3C L4771 W1820 H1508 Wagon 2010-2014 EU,VW,Passat b7 variant,Wagon,2010-2014,三厢车,两厢车,通用标准：Wagon,,
EU,VW Passat b7 variant 3C L4771 W1820 H1516 Wagon 2010-2014 EU,VW,Passat b7 variant,Wagon,2010-2014,三厢车,两厢车,通用标准：Wagon,,
EU,VW Passat b7 variant 3C Wagon 2010-2013 EU,VW,Passat b7 variant,Wagon,2010-2013,三厢车,两厢车,通用标准：Wagon,,
EU,VW Passat b7 variant 3C Wagon 2010-2015 EU,VW,Passat b7 variant,Wagon,2010-2015,三厢车,两厢车,通用标准：Wagon,,
EU,VW Passat b7 variant 3C Wagon 2011-2014 EU,VW,Passat b7 variant,Wagon,2011-2014,三厢车,两厢车,通用标准：Wagon,,
EU,VW Passat b7 variant 3C Wagon 2012-2014 EU,VW,Passat b7 variant,Wagon,2012-2014,三厢车,两厢车,通用标准：Wagon,,
EU,VW Passat b7 variant 3C Wagon 2013-2014 EU,VW,Passat b7 variant,Wagon,2013-2014,三厢车,两厢车,通用标准：Wagon,,
EU,VW Passat b7 variant Wagon 2011-2014 EU,VW,Passat b7 variant,Wagon,2011-2014,三厢车,两厢车,通用标准：Wagon,,
EU,VW Passat b8 variant 3G Wagon 2014-2018 EU,VW,Passat b8 variant,Wagon,2014-2018,三厢车,两厢车,通用标准：Wagon,,
EU,VW Passat b8 variant 3G Wagon 2015-2016 EU,VW,Passat b8 variant,Wagon,2015-2016,三厢车,两厢车,通用标准：Wagon,,
EU,VW Passat b8 variant 3G Wagon 2015-2018 EU,VW,Passat b8 variant,Wagon,2015-2018,三厢车,两厢车,通用标准：Wagon,,
EU,VW Passat b8 variant 3G Wagon 2015-2019 EU,VW,Passat b8 variant,Wagon,2015-2019,三厢车,两厢车,通用标准：Wagon,,
EU,VW Passat b8 variant 3G Wagon 2016-2018 EU,VW,Passat b8 variant,Wagon,2016-2018,三厢车,两厢车,通用标准：Wagon,,
EU,VW Passat b8 variant 3G Wagon 2020-2024 EU,VW,Passat b8 variant,Wagon,2020-2024,三厢车,两厢车,通用标准：Wagon,,
EU,VW Passat b8 variant 3G Wagon 2021-2024 EU,VW,Passat b8 variant,Wagon,2021-2024,三厢车,两厢车,通用标准：Wagon,,
EU,VW Passat b8 variant 3G facelift Wagon 2014-2020 EU,VW,Passat b8 variant,Wagon,2014-2020,三厢车,两厢车,通用标准：Wagon,,
EU,VW Passat b8 variant 3G facelift Wagon 2014-2024 EU,VW,Passat b8 variant,Wagon,2014-2024,三厢车,两厢车,通用标准：Wagon,,
EU,VW Passat b8 variant 3G facelift Wagon 2015-2024 EU,VW,Passat b8 variant,Wagon,2015-2024,三厢车,两厢车,通用标准：Wagon,,
EU,VW Passat b8 variant 3G prefl Wagon 2014-2020 EU,VW,Passat b8 variant,Wagon,2014-2020,三厢车,两厢车,通用标准：Wagon,,
EU,VW Passat b8 variant 3G prefl Wagon 2014-2024 EU,VW,Passat b8 variant,Wagon,2014-2024,三厢车,两厢车,通用标准：Wagon,,
EU,VW Passat b8 variant 3G prefl Wagon 2015-2024 EU,VW,Passat b8 variant,Wagon,2015-2024,三厢车,两厢车,通用标准：Wagon,,
EU,VW Passat b8 variant 3G5 Wagon 2018-2020 EU,VW,Passat b8 variant,Wagon,2018-2020,三厢车,两厢车,通用标准：Wagon,,
EU,VW Passat b8 variant 3G5 facelift Wagon 2018-2024 EU,VW,Passat b8 variant,Wagon,2018-2024,三厢车,两厢车,通用标准：Wagon,,
EU,VW Passat b8 variant 3G5 prefl Wagon 2018-2024 EU,VW,Passat b8 variant,Wagon,2018-2024,三厢车,两厢车,通用标准：Wagon,,
EU,VW Passat b9 variant Wagon 2023-2026 EU,VW,Passat b9 variant,Wagon,2023-2026,三厢车,两厢车,通用标准：Wagon,,
EU,VW Passat b9 variant Wagon 2024-2026 EU,VW,Passat b9 variant,Wagon,2024-2026,三厢车,两厢车,通用标准：Wagon,,
EU,VW Polo 6KV5 Wagon 1997-2001 EU,VW,Polo,Wagon,1997-2001,三厢车,两厢车,通用标准：Wagon,,
EU,VW Polo 6KV5 Wagon 1998-2001 EU,VW,Polo,Wagon,1998-2001,三厢车,两厢车,通用标准：Wagon,,
EU,VW Polo 6KV5 Wagon 1999-2001 EU,VW,Polo,Wagon,1999-2001,三厢车,两厢车,通用标准：Wagon,,
EU,VW Polo 6N Wagon 1998-1999 EU,VW,Polo,Wagon,1998-1999,三厢车,两厢车,通用标准：Wagon,,
EU,VW Polo 6R Van 2009-2014 EU,VW,Polo,Van,2009-2014,越野车,两厢车,通用标准：Van,,
EU,VW Polo 6R Van 2011-2014 EU,VW,Polo,Van,2011-2014,越野车,两厢车,通用标准：Van,,
EU,VW Polo 6V5 Van 1995-1999 EU,VW,Polo,Van,1995-1999,越野车,两厢车,通用标准：Van,,
EU,VW Polo 6V5 Van 1997-1999 EU,VW,Polo,Van,1997-1999,越野车,两厢车,通用标准：Van,,
EU,VW Polo 6V5 Van 2000-2001 EU,VW,Polo,Van,2000-2001,越野车,两厢车,通用标准：Van,,
EU,VW Routan 7B MPV 2010-2013 EU,VW,Routan,MPV,2010-2013,越野车,两厢车,通用标准：MPV,,
EU,VW Scirocco 13 Van 2008-2014 EU,VW,Scirocco,Van,2008-2014,越野车,两厢车,通用标准：Van,,
EU,VW Sharan 7M L4617 W1810 H1728 MPV 2005-2010 EU,VW,Sharan,MPV,2005-2010,越野车,两厢车,通用标准：MPV,,
EU,VW Sharan 7M L4634 W1810 H1730 MPV 2005-2010 EU,VW,Sharan,MPV,2005-2010,越野车,两厢车,通用标准：MPV,,
EU,VW Sharan 7M MPV 1995-2000 EU,VW,Sharan,MPV,1995-2000,越野车,两厢车,通用标准：MPV,,
EU,VW Sharan 7M MPV 1995-2010 EU,VW,Sharan,MPV,1995-2010,越野车,两厢车,通用标准：MPV,,
EU,VW Sharan 7M MPV 1996-2000 EU,VW,Sharan,MPV,1996-2000,越野车,两厢车,通用标准：MPV,,
EU,VW Sharan 7M MPV 1996-2002 EU,VW,Sharan,MPV,1996-2002,越野车,两厢车,通用标准：MPV,,
EU,VW Sharan 7M MPV 1996-2003 EU,VW,Sharan,MPV,1996-2003,越野车,两厢车,通用标准：MPV,,
EU,VW Sharan 7M MPV 1997-2010 EU,VW,Sharan,MPV,1997-2010,越野车,两厢车,通用标准：MPV,,
EU,VW Sharan 7M MPV 2000-2010 EU,VW,Sharan,MPV,2000-2010,越野车,两厢车,通用标准：MPV,,
EU,VW Sharan 7M MPV 2001-2003 EU,VW,Sharan,MPV,2001-2003,越野车,两厢车,通用标准：MPV,,
EU,VW Sharan 7M MPV 2002-2003 EU,VW,Sharan,MPV,2002-2003,越野车,两厢车,通用标准：MPV,,
EU,VW Sharan 7M MPV 2002-2010 EU,VW,Sharan,MPV,2002-2010,越野车,两厢车,通用标准：MPV,,
EU,VW Sharan 7M MPV 2006-2010 EU,VW,Sharan,MPV,2006-2010,越野车,两厢车,通用标准：MPV,,
EU,VW Sharan 7M8 MPV 1995-2000 EU,VW,Sharan,MPV,1995-2000,越野车,两厢车,通用标准：MPV,,
EU,VW Sharan 7N MPV 2010-2011 EU,VW,Sharan,MPV,2010-2011,越野车,两厢车,通用标准：MPV,,
EU,VW Sharan 7N MPV 2010-2013 EU,VW,Sharan,MPV,2010-2013,越野车,两厢车,通用标准：MPV,,
EU,VW Sharan 7N MPV 2010-2015 EU,VW,Sharan,MPV,2010-2015,越野车,两厢车,通用标准：MPV,,
EU,VW Sharan 7N MPV 2011-2015 EU,VW,Sharan,MPV,2011-2015,越野车,两厢车,通用标准：MPV,,
EU,VW Sharan 7N MPV 2011-2019 EU,VW,Sharan,MPV,2011-2019,越野车,两厢车,通用标准：MPV,,
EU,VW Sharan 7N MPV 2013-2022 EU,VW,Sharan,MPV,2013-2022,越野车,两厢车,通用标准：MPV,,
EU,VW Sharan 7N MPV 2015-2018 EU,VW,Sharan,MPV,2015-2018,越野车,两厢车,通用标准：MPV,,
EU,VW Sharan 7N MPV 2015-2019 EU,VW,Sharan,MPV,2015-2019,越野车,两厢车,通用标准：MPV,,
EU,VW Sharan 7N MPV 2015-2020 EU,VW,Sharan,MPV,2015-2020,越野车,两厢车,通用标准：MPV,,
EU,VW Sharan 7N MPV 2015-2022 EU,VW,Sharan,MPV,2015-2022,越野车,两厢车,通用标准：MPV,,
EU,VW Sharan 7N MPV 2016-2018 EU,VW,Sharan,MPV,2016-2018,越野车,两厢车,通用标准：MPV,,
EU,VW Sharan 7N MPV 2018-2020 EU,VW,Sharan,MPV,2018-2020,越野车,两厢车,通用标准：MPV,,
EU,VW Touran 1T MPV 2003-2004 EU,VW,Touran,MPV,2003-2004,越野车,两厢车,通用标准：MPV,,
EU,VW Touran 1T MPV 2003-2005 EU,VW,Touran,MPV,2003-2005,越野车,两厢车,通用标准：MPV,,
EU,VW Touran 1T MPV 2003-2006 EU,VW,Touran,MPV,2003-2006,越野车,两厢车,通用标准：MPV,,
EU,VW Touran 1T MPV 2003-2007 EU,VW,Touran,MPV,2003-2007,越野车,两厢车,通用标准：MPV,,
EU,VW Touran 1T MPV 2003-2010 EU,VW,Touran,MPV,2003-2010,越野车,两厢车,通用标准：MPV,,
EU,VW Touran 1T MPV 2004-2007 EU,VW,Touran,MPV,2004-2007,越野车,两厢车,通用标准：MPV,,
EU,VW Touran 1T MPV 2004-2010 EU,VW,Touran,MPV,2004-2010,越野车,两厢车,通用标准：MPV,,
EU,VW Touran 1T MPV 2006-2006 EU,VW,Touran,MPV,2006-2006,越野车,两厢车,通用标准：MPV,,
EU,VW Touran 1T MPV 2006-2009 EU,VW,Touran,MPV,2006-2009,越野车,两厢车,通用标准：MPV,,
EU,VW Touran 1T MPV 2006-2010 EU,VW,Touran,MPV,2006-2010,越野车,两厢车,通用标准：MPV,,
EU,VW Touran 1T facelift MPV 2005-2010 EU,VW,Touran,MPV,2005-2010,越野车,两厢车,通用标准：MPV,,
EU,VW Touran 1T prefl MPV 2005-2010 EU,VW,Touran,MPV,2005-2010,越野车,两厢车,通用标准：MPV,,
EU,VW Touran 1T1 MPV 2005-2010 EU,VW,Touran,MPV,2005-2010,越野车,两厢车,通用标准：MPV,,
EU,VW Touran 1T2 MPV 2003-2010 EU,VW,Touran,MPV,2003-2010,越野车,两厢车,通用标准：MPV,,
EU,VW Touran 1T2 MPV 2004-2010 EU,VW,Touran,MPV,2004-2010,越野车,两厢车,通用标准：MPV,,
EU,VW Touran 1T2 MPV 2005-2010 EU,VW,Touran,MPV,2005-2010,越野车,两厢车,通用标准：MPV,,
EU,VW Touran 1T2 MPV 2006-2010 EU,VW,Touran,MPV,2006-2010,越野车,两厢车,通用标准：MPV,,
EU,VW Touran 1T2 MPV 2009-2010 EU,VW,Touran,MPV,2009-2010,越野车,两厢车,通用标准：MPV,,
EU,VW Touran 1T3 L4397 W1794 H1634 MPV 2010-2015 EU,VW,Touran,MPV,2010-2015,越野车,两厢车,通用标准：MPV,,
EU,VW Touran 1T3 L4397 W1794 H1674 MPV 2010-2015 EU,VW,Touran,MPV,2010-2015,越野车,两厢车,通用标准：MPV,,
EU,VW Touran 1T3 MPV 2010-2013 EU,VW,Touran,MPV,2010-2013,越野车,两厢车,通用标准：MPV,,
EU,VW Touran 1T3 MPV 2013-2015 EU,VW,Touran,MPV,2013-2015,越野车,两厢车,通用标准：MPV,,
EU,VW Touran 5T MPV 2015-2016 EU,VW,Touran,MPV,2015-2016,越野车,两厢车,通用标准：MPV,,
EU,VW Touran 5T MPV 2015-2018 EU,VW,Touran,MPV,2015-2018,越野车,两厢车,通用标准：MPV,,
EU,VW Touran 5T MPV 2015-2019 EU,VW,Touran,MPV,2015-2019,越野车,两厢车,通用标准：MPV,,
EU,VW Touran 5T MPV 2015-2022 EU,VW,Touran,MPV,2015-2022,越野车,两厢车,通用标准：MPV,,
EU,VW Touran 5T MPV 2015-2026 EU,VW,Touran,MPV,2015-2026,越野车,两厢车,通用标准：MPV,,
EU,VW Touran 5T MPV 2016-2019 EU,VW,Touran,MPV,2016-2019,越野车,两厢车,通用标准：MPV,,
EU,VW Touran 5T MPV 2018-2019 EU,VW,Touran,MPV,2018-2019,越野车,两厢车,通用标准：MPV,,
EU,VW Touran 5T MPV 2018-2026 EU,VW,Touran,MPV,2018-2026,越野车,两厢车,通用标准：MPV,,
EU,VW Touran 5T MPV 2019-2020 EU,VW,Touran,MPV,2019-2020,越野车,两厢车,通用标准：MPV,,
EU,VW Touran 5T MPV 2020-2026 EU,VW,Touran,MPV,2020-2026,越野车,两厢车,通用标准：MPV,,
EU,VW Touran MPV 2006-2010 EU,VW,Touran,MPV,2006-2010,越野车,两厢车,通用标准：MPV,,
EU,VW Transporter / multivan t4 T4 Van 1996-2003 EU,VW,Transporter / multivan t4,Van,1996-2003,越野车,两厢车,通用标准：Van,,
EU,VW Transporter / multivan t4 T4 Van 1997-2003 EU,VW,Transporter / multivan t4,Van,1997-2003,越野车,两厢车,通用标准：Van,,
EU,VW Transporter / multivan t4 T4 Van 1998-2003 EU,VW,Transporter / multivan t4,Van,1998-2003,越野车,两厢车,通用标准：Van,,
EU,VW Transporter / multivan t4 T4 Van 2000-2003 EU,VW,Transporter / multivan t4,Van,2000-2003,越野车,两厢车,通用标准：Van,,
EU,VW Transporter / multivan t4 T4 early Van 1995-2000 EU,VW,Transporter / multivan t4,Van,1995-2000,越野车,两厢车,通用标准：Van,,
EU,VW Transporter / multivan t4 T4 facelift Van 1995-2000 EU,VW,Transporter / multivan t4,Van,1995-2000,越野车,两厢车,通用标准：Van,,
EU,VW Transporter / multivan t4 T4 facelift lwb Bus 1995-2003 EU,VW,Transporter / multivan t4,Bus,1995-2003,越野车,两厢车,通用标准：Bus,,
EU,VW Transporter / multivan t4 T4 facelift swb Bus 1995-2003 EU,VW,Transporter / multivan t4,Bus,1995-2003,越野车,两厢车,通用标准：Bus,,
EU,VW Transporter / multivan t4 T4 lwb facelift MPV 1990-2003 EU,VW,Transporter / multivan t4,MPV,1990-2003,越野车,两厢车,通用标准：MPV,,
EU,VW Transporter / multivan t4 T4 lwb facelift MPV 1992-1998 EU,VW,Transporter / multivan t4,MPV,1992-1998,越野车,两厢车,通用标准：MPV,,
EU,VW Transporter / multivan t4 T4 lwb facelift MPV 1992-2003 EU,VW,Transporter / multivan t4,MPV,1992-2003,越野车,两厢车,通用标准：MPV,,
EU,VW Transporter / multivan t4 T4 lwb prefl MPV 1990-2003 EU,VW,Transporter / multivan t4,MPV,1990-2003,越野车,两厢车,通用标准：MPV,,
EU,VW Transporter / multivan t4 T4 lwb prefl MPV 1992-1998 EU,VW,Transporter / multivan t4,MPV,1992-1998,越野车,两厢车,通用标准：MPV,,
EU,VW Transporter / multivan t4 T4 lwb prefl MPV 1992-2003 EU,VW,Transporter / multivan t4,MPV,1992-2003,越野车,两厢车,通用标准：MPV,,
EU,VW Transporter / multivan t4 T4 prefl lwb Bus 1995-2003 EU,VW,Transporter / multivan t4,Bus,1995-2003,越野车,两厢车,通用标准：Bus,,
EU,VW Transporter / multivan t4 T4 prefl swb Bus 1995-2003 EU,VW,Transporter / multivan t4,Bus,1995-2003,越野车,两厢车,通用标准：Bus,,
EU,VW Transporter / multivan t4 T4 swb facelift MPV 1990-2003 EU,VW,Transporter / multivan t4,MPV,1990-2003,越野车,两厢车,通用标准：MPV,,
EU,VW Transporter / multivan t4 T4 swb facelift MPV 1992-1998 EU,VW,Transporter / multivan t4,MPV,1992-1998,越野车,两厢车,通用标准：MPV,,
EU,VW Transporter / multivan t4 T4 swb facelift MPV 1992-2003 EU,VW,Transporter / multivan t4,MPV,1992-2003,越野车,两厢车,通用标准：MPV,,
EU,VW Transporter / multivan t4 T4 swb prefl MPV 1990-2003 EU,VW,Transporter / multivan t4,MPV,1990-2003,越野车,两厢车,通用标准：MPV,,
EU,VW Transporter / multivan t4 T4 swb prefl MPV 1992-1998 EU,VW,Transporter / multivan t4,MPV,1992-1998,越野车,两厢车,通用标准：MPV,,
EU,VW Transporter / multivan t4 T4 swb prefl MPV 1992-2003 EU,VW,Transporter / multivan t4,MPV,1992-2003,越野车,两厢车,通用标准：MPV,,
EU,VW Transporter / multivan t4 lwb Bus 1990-1992 EU,VW,Transporter / multivan t4,Bus,1990-1992,越野车,两厢车,通用标准：Bus,,
EU,VW Transporter / multivan t4 lwb Bus 1990-1995 EU,VW,Transporter / multivan t4,Bus,1990-1995,越野车,两厢车,通用标准：Bus,,
EU,VW Transporter / multivan t4 lwb Bus 1996-2003 EU,VW,Transporter / multivan t4,Bus,1996-2003,越野车,两厢车,通用标准：Bus,,
EU,VW Transporter / multivan t4 lwb facelift Bus 1990-1998 EU,VW,Transporter / multivan t4,Bus,1990-1998,越野车,两厢车,通用标准：Bus,,
EU,VW Transporter / multivan t4 lwb facelift Bus 1990-2003 EU,VW,Transporter / multivan t4,Bus,1990-2003,越野车,两厢车,通用标准：Bus,,
EU,VW Transporter / multivan t4 lwb facelift Bus 1992-2003 EU,VW,Transporter / multivan t4,Bus,1992-2003,越野车,两厢车,通用标准：Bus,,
EU,VW Transporter / multivan t4 lwb prefl Bus 1990-1998 EU,VW,Transporter / multivan t4,Bus,1990-1998,越野车,两厢车,通用标准：Bus,,
EU,VW Transporter / multivan t4 lwb prefl Bus 1990-2003 EU,VW,Transporter / multivan t4,Bus,1990-2003,越野车,两厢车,通用标准：Bus,,
EU,VW Transporter / multivan t4 lwb prefl Bus 1992-2003 EU,VW,Transporter / multivan t4,Bus,1992-2003,越野车,两厢车,通用标准：Bus,,
EU,VW Transporter / multivan t4 swb Bus 1990-1992 EU,VW,Transporter / multivan t4,Bus,1990-1992,越野车,两厢车,通用标准：Bus,,
EU,VW Transporter / multivan t4 swb Bus 1990-1995 EU,VW,Transporter / multivan t4,Bus,1990-1995,越野车,两厢车,通用标准：Bus,,
EU,VW Transporter / multivan t4 swb Bus 1996-2003 EU,VW,Transporter / multivan t4,Bus,1996-2003,越野车,两厢车,通用标准：Bus,,
EU,VW Transporter / multivan t4 swb facelift Bus 1990-1998 EU,VW,Transporter / multivan t4,Bus,1990-1998,越野车,两厢车,通用标准：Bus,,
EU,VW Transporter / multivan t4 swb facelift Bus 1990-2003 EU,VW,Transporter / multivan t4,Bus,1990-2003,越野车,两厢车,通用标准：Bus,,
EU,VW Transporter / multivan t4 swb facelift Bus 1992-2003 EU,VW,Transporter / multivan t4,Bus,1992-2003,越野车,两厢车,通用标准：Bus,,
EU,VW Transporter / multivan t4 swb prefl Bus 1990-1998 EU,VW,Transporter / multivan t4,Bus,1990-1998,越野车,两厢车,通用标准：Bus,,
EU,VW Transporter / multivan t4 swb prefl Bus 1990-2003 EU,VW,Transporter / multivan t4,Bus,1990-2003,越野车,两厢车,通用标准：Bus,,
EU,VW Transporter / multivan t4 swb prefl Bus 1992-2003 EU,VW,Transporter / multivan t4,Bus,1992-2003,越野车,两厢车,通用标准：Bus,,
EU,VW Transporter t1 T1 1955 57 MPV 1950-1962 EU,VW,Transporter t1,MPV,1950-1962,越野车,两厢车,通用标准：MPV,,
EU,VW Transporter t1 T1 1955 57 Van 1950-1962 EU,VW,Transporter t1,Van,1950-1962,越野车,两厢车,通用标准：Van,,
EU,VW Transporter t1 T1 MPV 1962-1966 EU,VW,Transporter t1,MPV,1962-1966,越野车,两厢车,通用标准：MPV,,
EU,VW Transporter t1 T1 MPV 1966-1967 EU,VW,Transporter t1,MPV,1966-1967,越野车,两厢车,通用标准：MPV,,
EU,VW Transporter t1 T1 Van 1962-1967 EU,VW,Transporter t1,Van,1962-1967,越野车,两厢车,通用标准：Van,,
EU,VW Transporter t1 T1 Van 1962-1968 EU,VW,Transporter t1,Van,1962-1968,越野车,两厢车,通用标准：Van,,
EU,VW Transporter t1 T1 post58 MPV 1950-1962 EU,VW,Transporter t1,MPV,1950-1962,越野车,两厢车,通用标准：MPV,,
EU,VW Transporter t1 T1 post58 Van 1950-1962 EU,VW,Transporter t1,Van,1950-1962,越野车,两厢车,通用标准：Van,,
EU,VW Transporter t1 T1 pre55 MPV 1950-1962 EU,VW,Transporter t1,MPV,1950-1962,越野车,两厢车,通用标准：MPV,,
EU,VW Transporter t1 T1 pre55 Van 1950-1962 EU,VW,Transporter t1,Van,1950-1962,越野车,两厢车,通用标准：Van,,
EU,VW Transporter t1 Van 1964-1968 EU,VW,Transporter t1,Van,1964-1968,越野车,两厢车,通用标准：Van,,
EU,VW Transporter t2 T2 Bus 1967-1970 EU,VW,Transporter t2,Bus,1967-1970,越野车,两厢车,通用标准：Bus,,
EU,VW Transporter t2 T2 Van 1973-1975 EU,VW,Transporter t2,Van,1973-1975,越野车,两厢车,通用标准：Van,,
EU,VW Transporter t2 T2 facelift MPV 1971-1973 EU,VW,Transporter t2,MPV,1971-1973,越野车,两厢车,通用标准：MPV,,
EU,VW Transporter t2 T2 facelift Van 1970-1979 EU,VW,Transporter t2,Van,1970-1979,越野车,两厢车,通用标准：Van,,
EU,VW Transporter t2 T2 facelift Van 1971-1973 EU,VW,Transporter t2,Van,1971-1973,越野车,两厢车,通用标准：Van,,
EU,VW Transporter t2 T2 prefl MPV 1971-1973 EU,VW,Transporter t2,MPV,1971-1973,越野车,两厢车,通用标准：MPV,,
EU,VW Transporter t2 T2 prefl Van 1970-1979 EU,VW,Transporter t2,Van,1970-1979,越野车,两厢车,通用标准：Van,,
EU,VW Transporter t2 T2 prefl Van 1971-1973 EU,VW,Transporter t2,Van,1971-1973,越野车,两厢车,通用标准：Van,,
EU,VW Transporter t2 T2a MPV 1970-1979 EU,VW,Transporter t2,MPV,1970-1979,越野车,两厢车,通用标准：MPV,,
EU,VW Transporter t2 T2b MPV 1970-1979 EU,VW,Transporter t2,MPV,1970-1979,越野车,两厢车,通用标准：MPV,,
EU,VW Transporter t2 T2b MPV 1973-1975 EU,VW,Transporter t2,MPV,1973-1975,越野车,两厢车,通用标准：MPV,,
EU,VW Transporter t2 T2b MPV 1975-1979 EU,VW,Transporter t2,MPV,1975-1979,越野车,两厢车,通用标准：MPV,,
EU,VW Transporter t2 Van 1976-1979 EU,VW,Transporter t2,Van,1976-1979,越野车,两厢车,通用标准：Van,,
EU,VW Transporter t3 Bus 1983-1985 EU,VW,Transporter t3,Bus,1983-1985,越野车,两厢车,通用标准：Bus,,
EU,VW Transporter t3 Bus 1985-1992 EU,VW,Transporter t3,Bus,1985-1992,越野车,两厢车,通用标准：Bus,,
EU,VW Transporter t3 Bus 1986-1992 EU,VW,Transporter t3,Bus,1986-1992,越野车,两厢车,通用标准：Bus,,
EU,VW Transporter t3 Bus 1989-1992 EU,VW,Transporter t3,Bus,1989-1992,越野车,两厢车,通用标准：Bus,,
EU,VW Transporter t3 T3 MPV 1979-1982 EU,VW,Transporter t3,MPV,1979-1982,越野车,两厢车,通用标准：MPV,,
EU,VW Transporter t3 T3 MPV 1981-1987 EU,VW,Transporter t3,MPV,1981-1987,越野车,两厢车,通用标准：MPV,,
EU,VW Transporter t3 T3 MPV 1982-1992 EU,VW,Transporter t3,MPV,1982-1992,越野车,两厢车,通用标准：MPV,,
EU,VW Transporter t3 T3 MPV 1983-1985 EU,VW,Transporter t3,MPV,1983-1985,越野车,两厢车,通用标准：MPV,,
EU,VW Transporter t3 T3 MPV 1984-1992 EU,VW,Transporter t3,MPV,1984-1992,越野车,两厢车,通用标准：MPV,,
EU,VW Transporter t3 T3 MPV 1985-1992 EU,VW,Transporter t3,MPV,1985-1992,越野车,两厢车,通用标准：MPV,,
EU,VW Transporter t3 T3 Van 1983-1989 EU,VW,Transporter t3,Van,1983-1989,越野车,两厢车,通用标准：Van,,
EU,VW Transporter t3 T3 Van 1984-1989 EU,VW,Transporter t3,Van,1984-1989,越野车,两厢车,通用标准：Van,,
EU,VW Transporter t3 T3 Van 1986-1992 EU,VW,Transporter t3,Van,1986-1992,越野车,两厢车,通用标准：Van,,
EU,VW Transporter t3 T3 Van 1989-1992 EU,VW,Transporter t3,Van,1989-1992,越野车,两厢车,通用标准：Van,,
EU,VW Transporter t3 T3 highroof Van 1979-1986 EU,VW,Transporter t3,Van,1979-1986,越野车,两厢车,通用标准：Van,,
EU,VW Transporter t3 T3 lowroof Van 1979-1986 EU,VW,Transporter t3,Van,1979-1986,越野车,两厢车,通用标准：Van,,
EU,VW Transporter t3 highroof Van 1979-1982 EU,VW,Transporter t3,Van,1979-1982,越野车,两厢车,通用标准：Van,,
EU,VW Transporter t3 highroof Van 1981-1987 EU,VW,Transporter t3,Van,1981-1987,越野车,两厢车,通用标准：Van,,
EU,VW Transporter t3 highroof Van 1982-1992 EU,VW,Transporter t3,Van,1982-1992,越野车,两厢车,通用标准：Van,,
EU,VW Transporter t3 highroof Van 1984-1992 EU,VW,Transporter t3,Van,1984-1992,越野车,两厢车,通用标准：Van,,
EU,VW Transporter t3 highroof Van 1985-1992 EU,VW,Transporter t3,Van,1985-1992,越野车,两厢车,通用标准：Van,,
EU,VW Transporter t3 lowroof Van 1979-1982 EU,VW,Transporter t3,Van,1979-1982,越野车,两厢车,通用标准：Van,,
EU,VW Transporter t3 lowroof Van 1981-1987 EU,VW,Transporter t3,Van,1981-1987,越野车,两厢车,通用标准：Van,,
EU,VW Transporter t3 lowroof Van 1982-1992 EU,VW,Transporter t3,Van,1982-1992,越野车,两厢车,通用标准：Van,,
EU,VW Transporter t3 lowroof Van 1984-1992 EU,VW,Transporter t3,Van,1984-1992,越野车,两厢车,通用标准：Van,,
EU,VW Transporter t3 lowroof Van 1985-1992 EU,VW,Transporter t3,Van,1985-1992,越野车,两厢车,通用标准：Van,,
EU,VW Transporter t3 syncro14 Bus 1986-1992 EU,VW,Transporter t3,Bus,1986-1992,越野车,两厢车,通用标准：Bus,,
EU,VW Transporter t3 syncro14 Van 1984-1992 EU,VW,Transporter t3,Van,1984-1992,越野车,两厢车,通用标准：Van,,
EU,VW Transporter t3 syncro14 Van 1985-1992 EU,VW,Transporter t3,Van,1985-1992,越野车,两厢车,通用标准：Van,,
EU,VW Transporter t3 syncro14 Van 1986-1992 EU,VW,Transporter t3,Van,1986-1992,越野车,两厢车,通用标准：Van,,
EU,VW Transporter t3 syncro16 Bus 1986-1992 EU,VW,Transporter t3,Bus,1986-1992,越野车,两厢车,通用标准：Bus,,
EU,VW Transporter t3 syncro16 Van 1984-1992 EU,VW,Transporter t3,Van,1984-1992,越野车,两厢车,通用标准：Van,,
EU,VW Transporter t3 syncro16 Van 1985-1992 EU,VW,Transporter t3,Van,1985-1992,越野车,两厢车,通用标准：Van,,
EU,VW Transporter t3 syncro16 Van 1986-1992 EU,VW,Transporter t3,Van,1986-1992,越野车,两厢车,通用标准：Van,,
EU,VW Transporter t4 70 facelift lwb highroof Van 1990-1998 EU,VW,Transporter t4,Van,1990-1998,越野车,两厢车,通用标准：Van,,
EU,VW Transporter t4 70 facelift lwb highroof Van 1990-2003 EU,VW,Transporter t4,Van,1990-2003,越野车,两厢车,通用标准：Van,,
EU,VW Transporter t4 70 facelift lwb highroof Van 1992-1998 EU,VW,Transporter t4,Van,1992-1998,越野车,两厢车,通用标准：Van,,
EU,VW Transporter t4 70 facelift lwb highroof Van 1992-2001 EU,VW,Transporter t4,Van,1992-2001,越野车,两厢车,通用标准：Van,,
EU,VW Transporter t4 70 facelift lwb highroof Van 1992-2003 EU,VW,Transporter t4,Van,1992-2003,越野车,两厢车,通用标准：Van,,
EU,VW Transporter t4 70 facelift lwb lowroof Van 1990-1998 EU,VW,Transporter t4,Van,1990-1998,越野车,两厢车,通用标准：Van,,
EU,VW Transporter t4 70 facelift lwb lowroof Van 1990-2003 EU,VW,Transporter t4,Van,1990-2003,越野车,两厢车,通用标准：Van,,
EU,VW Transporter t4 70 facelift lwb lowroof Van 1992-1998 EU,VW,Transporter t4,Van,1992-1998,越野车,两厢车,通用标准：Van,,
EU,VW Transporter t4 70 facelift lwb lowroof Van 1992-2001 EU,VW,Transporter t4,Van,1992-2001,越野车,两厢车,通用标准：Van,,
EU,VW Transporter t4 70 facelift lwb lowroof Van 1992-2003 EU,VW,Transporter t4,Van,1992-2003,越野车,两厢车,通用标准：Van,,
EU,VW Transporter t4 70 facelift swb lowroof Van 1990-1998 EU,VW,Transporter t4,Van,1990-1998,越野车,两厢车,通用标准：Van,,
EU,VW Transporter t4 70 facelift swb lowroof Van 1990-2003 EU,VW,Transporter t4,Van,1990-2003,越野车,两厢车,通用标准：Van,,
EU,VW Transporter t4 70 facelift swb lowroof Van 1992-1998 EU,VW,Transporter t4,Van,1992-1998,越野车,两厢车,通用标准：Van,,
EU,VW Transporter t4 70 facelift swb lowroof Van 1992-2001 EU,VW,Transporter t4,Van,1992-2001,越野车,两厢车,通用标准：Van,,
EU,VW Transporter t4 70 facelift swb lowroof Van 1992-2003 EU,VW,Transporter t4,Van,1992-2003,越野车,两厢车,通用标准：Van,,
EU,VW Transporter t4 70 prefl lwb highroof Van 1990-1995 EU,VW,Transporter t4,Van,1990-1995,越野车,两厢车,通用标准：Van,,
EU,VW Transporter t4 70 prefl lwb highroof Van 1990-1998 EU,VW,Transporter t4,Van,1990-1998,越野车,两厢车,通用标准：Van,,
EU,VW Transporter t4 70 prefl lwb highroof Van 1990-2003 EU,VW,Transporter t4,Van,1990-2003,越野车,两厢车,通用标准：Van,,
EU,VW Transporter t4 70 prefl lwb highroof Van 1992-1998 EU,VW,Transporter t4,Van,1992-1998,越野车,两厢车,通用标准：Van,,
EU,VW Transporter t4 70 prefl lwb highroof Van 1992-2001 EU,VW,Transporter t4,Van,1992-2001,越野车,两厢车,通用标准：Van,,
EU,VW Transporter t4 70 prefl lwb highroof Van 1992-2003 EU,VW,Transporter t4,Van,1992-2003,越野车,两厢车,通用标准：Van,,
EU,VW Transporter t4 70 prefl lwb lowroof Van 1990-1995 EU,VW,Transporter t4,Van,1990-1995,越野车,两厢车,通用标准：Van,,
EU,VW Transporter t4 70 prefl lwb lowroof Van 1990-1998 EU,VW,Transporter t4,Van,1990-1998,越野车,两厢车,通用标准：Van,,
EU,VW Transporter t4 70 prefl lwb lowroof Van 1990-2003 EU,VW,Transporter t4,Van,1990-2003,越野车,两厢车,通用标准：Van,,
EU,VW Transporter t4 70 prefl lwb lowroof Van 1992-1998 EU,VW,Transporter t4,Van,1992-1998,越野车,两厢车,通用标准：Van,,
EU,VW Transporter t4 70 prefl lwb lowroof Van 1992-2001 EU,VW,Transporter t4,Van,1992-2001,越野车,两厢车,通用标准：Van,,
EU,VW Transporter t4 70 prefl lwb lowroof Van 1992-2003 EU,VW,Transporter t4,Van,1992-2003,越野车,两厢车,通用标准：Van,,
EU,VW Transporter t4 70 prefl swb lowroof Van 1990-1995 EU,VW,Transporter t4,Van,1990-1995,越野车,两厢车,通用标准：Van,,
EU,VW Transporter t4 70 prefl swb lowroof Van 1990-1998 EU,VW,Transporter t4,Van,1990-1998,越野车,两厢车,通用标准：Van,,
EU,VW Transporter t4 70 prefl swb lowroof Van 1990-2003 EU,VW,Transporter t4,Van,1990-2003,越野车,两厢车,通用标准：Van,,
EU,VW Transporter t4 70 prefl swb lowroof Van 1992-1998 EU,VW,Transporter t4,Van,1992-1998,越野车,两厢车,通用标准：Van,,
EU,VW Transporter t4 70 prefl swb lowroof Van 1992-2001 EU,VW,Transporter t4,Van,1992-2001,越野车,两厢车,通用标准：Van,,
EU,VW Transporter t4 70 prefl swb lowroof Van 1992-2003 EU,VW,Transporter t4,Van,1992-2003,越野车,两厢车,通用标准：Van,,
EU,VW Transporter t4 T4 Van 1990-1995 EU,VW,Transporter t4,Van,1990-1995,越野车,两厢车,通用标准：Van,,
EU,VW Transporter t4 T4 Van 1996-2003 EU,VW,Transporter t4,Van,1996-2003,越野车,两厢车,通用标准：Van,,
EU,VW Transporter t4 T4 Van 1997-2003 EU,VW,Transporter t4,Van,1997-2003,越野车,两厢车,通用标准：Van,,
EU,VW Transporter t4 T4 Van 1998-2003 EU,VW,Transporter t4,Van,1998-2003,越野车,两厢车,通用标准：Van,,
EU,VW Transporter t4 T4 Van 2000-2003 EU,VW,Transporter t4,Van,2000-2003,越野车,两厢车,通用标准：Van,,
EU,VW Transporter t4 T4 early Van 1995-2003 EU,VW,Transporter t4,Van,1995-2003,越野车,两厢车,通用标准：Van,,
EU,VW Transporter t4 T4 facelift Van 1995-2003 EU,VW,Transporter t4,Van,1995-2003,越野车,两厢车,通用标准：Van,,
EU,VW Transporter t4 lwb lowroof Van 1996-2000 EU,VW,Transporter t4,Van,1996-2000,越野车,两厢车,通用标准：Van,,
EU,VW Transporter t4 lwb lowroof Van 2000-2003 EU,VW,Transporter t4,Van,2000-2003,越野车,两厢车,通用标准：Van,,
EU,VW Transporter t4 swb lowroof Van 1996-2000 EU,VW,Transporter t4,Van,1996-2000,越野车,两厢车,通用标准：Van,,
EU,VW Transporter t4 swb lowroof Van 2000-2003 EU,VW,Transporter t4,Van,2000-2003,越野车,两厢车,通用标准：Van,,
EU,VW Transporter t5 7H lwb highroof Van 2011-2015 EU,VW,Transporter t5,Van,2011-2015,越野车,两厢车,通用标准：Van,,
EU,VW Transporter t5 7H lwb lowroof Van 2011-2015 EU,VW,Transporter t5,Van,2011-2015,越野车,两厢车,通用标准：Van,,
EU,VW Transporter t5 7H lwb medroof Van 2011-2015 EU,VW,Transporter t5,Van,2011-2015,越野车,两厢车,通用标准：Van,,
EU,VW Transporter t5 7H swb lowroof Van 2011-2015 EU,VW,Transporter t5,Van,2011-2015,越野车,两厢车,通用标准：Van,,
EU,VW Transporter t5 7H swb medroof Van 2011-2015 EU,VW,Transporter t5,Van,2011-2015,越野车,两厢车,通用标准：Van,,
EU,VW Transporter t5 7HA lwb highroof Van 2009-2015 EU,VW,Transporter t5,Van,2009-2015,越野车,两厢车,通用标准：Van,,
EU,VW Transporter t5 7HA lwb lowroof Van 2009-2015 EU,VW,Transporter t5,Van,2009-2015,越野车,两厢车,通用标准：Van,,
EU,VW Transporter t5 7HA lwb medroof Van 2009-2015 EU,VW,Transporter t5,Van,2009-2015,越野车,两厢车,通用标准：Van,,
EU,VW Transporter t5 7HA swb lowroof Van 2006-2009 EU,VW,Transporter t5,Van,2006-2009,越野车,两厢车,通用标准：Van,,
EU,VW Transporter t5 7HA swb lowroof Van 2009-2015 EU,VW,Transporter t5,Van,2009-2015,越野车,两厢车,通用标准：Van,,
EU,VW Transporter t5 7HA swb medroof Van 2006-2009 EU,VW,Transporter t5,Van,2006-2009,越野车,两厢车,通用标准：Van,,
EU,VW Transporter t5 7HA swb medroof Van 2009-2015 EU,VW,Transporter t5,Van,2009-2015,越野车,两厢车,通用标准：Van,,
EU,VW Transporter t5 7HB Van 2006-2009 EU,VW,Transporter t5,Van,2006-2009,越野车,两厢车,通用标准：Van,,
EU,VW Transporter t5 7HB lwb highroof MPV 2009-2015 EU,VW,Transporter t5,MPV,2009-2015,越野车,两厢车,通用标准：MPV,,
EU,VW Transporter t5 7HB lwb lowroof MPV 2009-2015 EU,VW,Transporter t5,MPV,2009-2015,越野车,两厢车,通用标准：MPV,,
EU,VW Transporter t5 7HB lwb midroof MPV 2009-2015 EU,VW,Transporter t5,MPV,2009-2015,越野车,两厢车,通用标准：MPV,,
EU,VW Transporter t5 7HB swb lowroof MPV 2009-2015 EU,VW,Transporter t5,MPV,2009-2015,越野车,两厢车,通用标准：MPV,,
EU,VW Transporter t5 7HB swb midroof MPV 2009-2015 EU,VW,Transporter t5,MPV,2009-2015,越野车,两厢车,通用标准：MPV,,
EU,VW Transporter t5 7HH lwb highroof Van 2006-2009 EU,VW,Transporter t5,Van,2006-2009,越野车,两厢车,通用标准：Van,,
EU,VW Transporter t5 7HH lwb lowroof Van 2006-2009 EU,VW,Transporter t5,Van,2006-2009,越野车,两厢车,通用标准：Van,,
EU,VW Transporter t5 7HH lwb medroof Van 2006-2009 EU,VW,Transporter t5,Van,2006-2009,越野车,两厢车,通用标准：Van,,
EU,VW Transporter t5 7HJ Van 2006-2009 EU,VW,Transporter t5,Van,2006-2009,越野车,两厢车,通用标准：Van,,
EU,VW Transporter t5 T5 Van 2003-2009 EU,VW,Transporter t5,Van,2003-2009,越野车,两厢车,通用标准：Van,,
EU,VW Transporter t5 T5 Van 2004-2009 EU,VW,Transporter t5,Van,2004-2009,越野车,两厢车,通用标准：Van,,
EU,VW Transporter t5 T5 Van 2011-2015 EU,VW,Transporter t5,Van,2011-2015,越野车,两厢车,通用标准：Van,,
EU,VW Transporter t5 T5 Van 2012-2015 EU,VW,Transporter t5,Van,2012-2015,越野车,两厢车,通用标准：Van,,
EU,VW Transporter t5 T5 facelift Van 2003-2015 EU,VW,Transporter t5,Van,2003-2015,越野车,两厢车,通用标准：Van,,
EU,VW Transporter t5 T5 facelift Van 2007-2015 EU,VW,Transporter t5,Van,2007-2015,越野车,两厢车,通用标准：Van,,
EU,VW Transporter t5 T5 prefl Van 2003-2015 EU,VW,Transporter t5,Van,2003-2015,越野车,两厢车,通用标准：Van,,
EU,VW Transporter t5 T5 prefl Van 2007-2015 EU,VW,Transporter t5,Van,2007-2015,越野车,两厢车,通用标准：Van,,
EU,VW Transporter t5 Van 2004-2009 EU,VW,Transporter t5,Van,2004-2009,越野车,两厢车,通用标准：Van,,
EU,VW Transporter t5 l1h1 Van 2003-2009 EU,VW,Transporter t5,Van,2003-2009,越野车,两厢车,通用标准：Van,,
EU,VW Transporter t5 l1h2 Van 2003-2009 EU,VW,Transporter t5,Van,2003-2009,越野车,两厢车,通用标准：Van,,
EU,VW Transporter t5 l2h1 Van 2003-2009 EU,VW,Transporter t5,Van,2003-2009,越野车,两厢车,通用标准：Van,,
EU,VW Transporter t5 l2h2 Van 2003-2009 EU,VW,Transporter t5,Van,2003-2009,越野车,两厢车,通用标准：Van,,
EU,VW Transporter t5 l2h3 Van 2003-2009 EU,VW,Transporter t5,Van,2003-2009,越野车,两厢车,通用标准：Van,,
EU,VW Transporter t5 lwb MPV 2010-2015 EU,VW,Transporter t5,MPV,2010-2015,越野车,两厢车,通用标准：MPV,,
EU,VW Transporter t5 lwb highroof Bus 2006-2015 EU,VW,Transporter t5,Bus,2006-2015,越野车,两厢车,通用标准：Bus,,
EU,VW Transporter t5 lwb highroof MPV 2003-2009 EU,VW,Transporter t5,MPV,2003-2009,越野车,两厢车,通用标准：MPV,,
EU,VW Transporter t5 lwb highroof Van 2006-2009 EU,VW,Transporter t5,Van,2006-2009,越野车,两厢车,通用标准：Van,,
EU,VW Transporter t5 lwb highroof Van 2010-2015 EU,VW,Transporter t5,Van,2010-2015,越野车,两厢车,通用标准：Van,,
EU,VW Transporter t5 lwb lowroof Bus 2006-2015 EU,VW,Transporter t5,Bus,2006-2015,越野车,两厢车,通用标准：Bus,,
EU,VW Transporter t5 lwb lowroof MPV 2003-2009 EU,VW,Transporter t5,MPV,2003-2009,越野车,两厢车,通用标准：MPV,,
EU,VW Transporter t5 lwb lowroof Van 2006-2009 EU,VW,Transporter t5,Van,2006-2009,越野车,两厢车,通用标准：Van,,
EU,VW Transporter t5 lwb lowroof Van 2010-2015 EU,VW,Transporter t5,Van,2010-2015,越野车,两厢车,通用标准：Van,,
EU,VW Transporter t5 lwb mediumroof Bus 2006-2015 EU,VW,Transporter t5,Bus,2006-2015,越野车,两厢车,通用标准：Bus,,
EU,VW Transporter t5 lwb medroof Van 2006-2009 EU,VW,Transporter t5,Van,2006-2009,越野车,两厢车,通用标准：Van,,
EU,VW Transporter t5 lwb medroof Van 2010-2015 EU,VW,Transporter t5,Van,2010-2015,越野车,两厢车,通用标准：Van,,
EU,VW Transporter t5 lwb midroof MPV 2003-2009 EU,VW,Transporter t5,MPV,2003-2009,越野车,两厢车,通用标准：MPV,,
EU,VW Transporter t5 swb MPV 2010-2015 EU,VW,Transporter t5,MPV,2010-2015,越野车,两厢车,通用标准：MPV,,
EU,VW Transporter t5 swb lowroof Bus 2006-2015 EU,VW,Transporter t5,Bus,2006-2015,越野车,两厢车,通用标准：Bus,,
EU,VW Transporter t5 swb lowroof MPV 2003-2009 EU,VW,Transporter t5,MPV,2003-2009,越野车,两厢车,通用标准：MPV,,
EU,VW Transporter t5 swb lowroof Van 2006-2009 EU,VW,Transporter t5,Van,2006-2009,越野车,两厢车,通用标准：Van,,
EU,VW Transporter t5 swb lowroof Van 2010-2015 EU,VW,Transporter t5,Van,2010-2015,越野车,两厢车,通用标准：Van,,
EU,VW Transporter t5 swb mediumroof Bus 2006-2015 EU,VW,Transporter t5,Bus,2006-2015,越野车,两厢车,通用标准：Bus,,
EU,VW Transporter t5 swb medroof Van 2006-2009 EU,VW,Transporter t5,Van,2006-2009,越野车,两厢车,通用标准：Van,,
EU,VW Transporter t5 swb medroof Van 2010-2015 EU,VW,Transporter t5,Van,2010-2015,越野车,两厢车,通用标准：Van,,
EU,VW Transporter t5 swb midroof MPV 2003-2009 EU,VW,Transporter t5,MPV,2003-2009,越野车,两厢车,通用标准：MPV,,
EU,VW Transporter t6 / caravelle MPV 2015-2019 EU,VW,Transporter t6 / caravelle,MPV,2015-2019,越野车,两厢车,通用标准：MPV,,
EU,VW Transporter t6 / caravelle MPV 2015-2024 EU,VW,Transporter t6 / caravelle,MPV,2015-2024,越野车,两厢车,通用标准：MPV,,
EU,VW Transporter t6 / caravelle MPV 2016-2019 EU,VW,Transporter t6 / caravelle,MPV,2016-2019,越野车,两厢车,通用标准：MPV,,
EU,VW Transporter t6 / caravelle SG lwb Bus 2018-2024 EU,VW,Transporter t6 / caravelle,Bus,2018-2024,越野车,两厢车,通用标准：Bus,,
EU,VW Transporter t6 / caravelle SG swb Bus 2018-2024 EU,VW,Transporter t6 / caravelle,Bus,2018-2024,越野车,两厢车,通用标准：Bus,,
EU,VW Transporter t6 / caravelle SGB MPV 2018-2024 EU,VW,Transporter t6 / caravelle,MPV,2018-2024,越野车,两厢车,通用标准：MPV,,
EU,VW Transporter t6 / caravelle SGJ MPV 2018-2024 EU,VW,Transporter t6 / caravelle,MPV,2018-2024,越野车,两厢车,通用标准：MPV,,
EU,VW Transporter t6 / caravelle SHB MPV 2018-2024 EU,VW,Transporter t6 / caravelle,MPV,2018-2024,越野车,两厢车,通用标准：MPV,,
EU,VW Transporter t6 / caravelle SHJ MPV 2018-2024 EU,VW,Transporter t6 / caravelle,MPV,2018-2024,越野车,两厢车,通用标准：MPV,,
EU,VW Transporter t6 / caravelle Van 2020-2024 EU,VW,Transporter t6 / caravelle,Van,2020-2024,越野车,两厢车,通用标准：Van,,
EU,VW Transporter t6 / caravelle lwb MPV 2019-2024 EU,VW,Transporter t6 / caravelle,MPV,2019-2024,越野车,两厢车,通用标准：MPV,,
EU,VW Transporter t6 / caravelle lwb highroof MPV 2019-2024 EU,VW,Transporter t6 / caravelle,MPV,2019-2024,越野车,两厢车,通用标准：MPV,,
EU,VW Transporter t6 / caravelle swb L4904 W1904 H1970 MPV 2019-2024 EU,VW,Transporter t6 / caravelle,MPV,2019-2024,越野车,两厢车,通用标准：MPV,,
EU,VW Transporter t6 / caravelle swb L4904 W1904 H1990 MPV 2019-2024 EU,VW,Transporter t6 / caravelle,MPV,2019-2024,越野车,两厢车,通用标准：MPV,,
EU,VW Transporter t6 T6.1 lwb highroof Van 2019-2024 EU,VW,Transporter t6,Van,2019-2024,越野车,两厢车,通用标准：Van,,
EU,VW Transporter t6 T6.1 lwb lowroof Van 2019-2024 EU,VW,Transporter t6,Van,2019-2024,越野车,两厢车,通用标准：Van,,
EU,VW Transporter t6 T6.1 swb lowroof Van 2019-2024 EU,VW,Transporter t6,Van,2019-2024,越野车,两厢车,通用标准：Van,,
EU,VW Transporter t6 Van 2015-2019 EU,VW,Transporter t6,Van,2015-2019,越野车,两厢车,通用标准：Van,,
EU,VW Transporter t6 Van 2015-2024 EU,VW,Transporter t6,Van,2015-2024,越野车,两厢车,通用标准：Van,,
EU,VW Transporter t6 Van 2016-2019 EU,VW,Transporter t6,Van,2016-2019,越野车,两厢车,通用标准：Van,,
EU,VW Transporter t6 Van 2020-2024 EU,VW,Transporter t6,Van,2020-2024,越野车,两厢车,通用标准：Van,,
EU,VW Transporter t6 lwb Van 2018-2024 EU,VW,Transporter t6,Van,2018-2024,越野车,两厢车,通用标准：Van,,
EU,VW Transporter t6 lwb Van 2019-2024 EU,VW,Transporter t6,Van,2019-2024,越野车,两厢车,通用标准：Van,,
EU,VW Transporter t6 swb Van 2018-2024 EU,VW,Transporter t6,Van,2018-2024,越野车,两厢车,通用标准：Van,,
EU,VW Transporter t6 swb Van 2019-2024 EU,VW,Transporter t6,Van,2019-2024,越野车,两厢车,通用标准：Van,,
EU,VW Transporter t7 / caravelle MPV 2024-2026 EU,VW,Transporter t7 / caravelle,MPV,2024-2026,越野车,两厢车,通用标准：MPV,,
EU,VW Transporter t7 / caravelle MPV 2025-2026 EU,VW,Transporter t7 / caravelle,MPV,2025-2026,越野车,两厢车,通用标准：MPV,,
EU,VW Transporter t7 Van 2024-2026 EU,VW,Transporter t7,Van,2024-2026,越野车,两厢车,通用标准：Van,,
EU,VW Transporter t7 Van 2025-2026 EU,VW,Transporter t7,Van,2025-2026,越野车,两厢车,通用标准：Van,,
EU,Vauxhall Chevette Wagon 1976-1985 EU,Vauxhall,Chevette,Wagon,1976-1985,三厢车,两厢车,通用标准：Wagon,,
EU,Vauxhall Zafira P12 MPV 2013-2016 EU,Vauxhall,Zafira,MPV,2013-2016,越野车,两厢车,通用标准：MPV,,
EU,Victory Victory VV042L Van 2023-2026 EU,Victory,Victory,Van,2023-2026,越野车,两厢车,通用标准：Van,,
EU,Volvo 140 145 Wagon 1966-1968 EU,Volvo,140,Wagon,1966-1968,三厢车,两厢车,通用标准：Wagon,,
EU,Volvo 140 145 Wagon 1972-1973 EU,Volvo,140,Wagon,1972-1973,三厢车,两厢车,通用标准：Wagon,,
EU,Volvo 140 145 Wagon 1972-1974 EU,Volvo,140,Wagon,1972-1974,三厢车,两厢车,通用标准：Wagon,,
EU,Volvo 140 145 Wagon 1973-1975 EU,Volvo,140,Wagon,1973-1975,三厢车,两厢车,通用标准：Wagon,,
EU,Volvo 140 145 early Wagon 1968-1974 EU,Volvo,140,Wagon,1968-1974,三厢车,两厢车,通用标准：Wagon,,
EU,Volvo 140 145 late Wagon 1968-1974 EU,Volvo,140,Wagon,1968-1974,三厢车,两厢车,通用标准：Wagon,,
EU,Volvo 240 245 L4785 W1707 H1427 Wagon 1980-1984 EU,Volvo,240,Wagon,1980-1984,三厢车,两厢车,通用标准：Wagon,,
EU,Volvo 240 245 L4790 W1710 H1460 Wagon 1980-1984 EU,Volvo,240,Wagon,1980-1984,三厢车,两厢车,通用标准：Wagon,,
EU,Volvo 240 245 Wagon 1974-1975 EU,Volvo,240,Wagon,1974-1975,三厢车,两厢车,通用标准：Wagon,,
EU,Volvo 240 245 Wagon 1975-1980 EU,Volvo,240,Wagon,1975-1980,三厢车,两厢车,通用标准：Wagon,,
EU,Volvo 240 245 Wagon 1979-1993 EU,Volvo,240,Wagon,1979-1993,三厢车,两厢车,通用标准：Wagon,,
EU,Volvo 240 245 Wagon 1980-1985 EU,Volvo,240,Wagon,1980-1985,三厢车,两厢车,通用标准：Wagon,,
EU,Volvo 240 245 Wagon 1982-1984 EU,Volvo,240,Wagon,1982-1984,三厢车,两厢车,通用标准：Wagon,,
EU,Volvo 240 245 Wagon 1984-1985 EU,Volvo,240,Wagon,1984-1985,三厢车,两厢车,通用标准：Wagon,,
EU,Volvo 240 245 Wagon 1984-1986 EU,Volvo,240,Wagon,1984-1986,三厢车,两厢车,通用标准：Wagon,,
EU,Volvo 240 245 Wagon 1984-1988 EU,Volvo,240,Wagon,1984-1988,三厢车,两厢车,通用标准：Wagon,,
EU,Volvo 240 245 Wagon 1986-1987 EU,Volvo,240,Wagon,1986-1987,三厢车,两厢车,通用标准：Wagon,,
EU,Volvo 240 245 Wagon 1986-1988 EU,Volvo,240,Wagon,1986-1988,三厢车,两厢车,通用标准：Wagon,,
EU,Volvo 240 245 Wagon 1986-1993 EU,Volvo,240,Wagon,1986-1993,三厢车,两厢车,通用标准：Wagon,,
EU,Volvo 240 245 Wagon 1988-1993 EU,Volvo,240,Wagon,1988-1993,三厢车,两厢车,通用标准：Wagon,,
EU,Volvo 240 245 Wagon 1991-1992 EU,Volvo,240,Wagon,1991-1992,三厢车,两厢车,通用标准：Wagon,,
EU,Volvo 240 245 early Wagon 1976-1982 EU,Volvo,240,Wagon,1976-1982,三厢车,两厢车,通用标准：Wagon,,
EU,Volvo 240 245 facelift Wagon 1974-1983 EU,Volvo,240,Wagon,1974-1983,三厢车,两厢车,通用标准：Wagon,,
EU,Volvo 240 245 late Wagon 1976-1982 EU,Volvo,240,Wagon,1976-1982,三厢车,两厢车,通用标准：Wagon,,
EU,Volvo 240 245 prefl Wagon 1974-1983 EU,Volvo,240,Wagon,1974-1983,三厢车,两厢车,通用标准：Wagon,,
EU,Volvo 240 P245 Wagon 1988-1993 EU,Volvo,240,Wagon,1988-1993,三厢车,两厢车,通用标准：Wagon,,
EU,Volvo 260 265 Wagon 1975-1977 EU,Volvo,260,Wagon,1975-1977,三厢车,两厢车,通用标准：Wagon,,
EU,Volvo 260 265 Wagon 1975-1982 EU,Volvo,260,Wagon,1975-1982,三厢车,两厢车,通用标准：Wagon,,
EU,Volvo 260 265 Wagon 1978-1982 EU,Volvo,260,Wagon,1978-1982,三厢车,两厢车,通用标准：Wagon,,
EU,Volvo 260 265 Wagon 1980-1982 EU,Volvo,260,Wagon,1980-1982,三厢车,两厢车,通用标准：Wagon,,
EU,Volvo 66 66 Wagon 1975-1979 EU,Volvo,66,Wagon,1975-1979,三厢车,两厢车,通用标准：Wagon,,
EU,Volvo 740 745 L4785 W1750 H1435 Wagon 1988-1990 EU,Volvo,740,Wagon,1988-1990,三厢车,两厢车,通用标准：Wagon,,
EU,Volvo 740 745 L4785 W1761 H1435 Wagon 1988-1990 EU,Volvo,740,Wagon,1988-1990,三厢车,两厢车,通用标准：Wagon,,
EU,Volvo 740 745 Wagon 1985-1988 EU,Volvo,740,Wagon,1985-1988,三厢车,两厢车,通用标准：Wagon,,
EU,Volvo 740 745 Wagon 1985-1989 EU,Volvo,740,Wagon,1985-1989,三厢车,两厢车,通用标准：Wagon,,
EU,Volvo 740 745 Wagon 1985-1990 EU,Volvo,740,Wagon,1985-1990,三厢车,两厢车,通用标准：Wagon,,
EU,Volvo 740 745 Wagon 1985-1992 EU,Volvo,740,Wagon,1985-1992,三厢车,两厢车,通用标准：Wagon,,
EU,Volvo 740 745 Wagon 1986-1989 EU,Volvo,740,Wagon,1986-1989,三厢车,两厢车,通用标准：Wagon,,
EU,Volvo 740 745 Wagon 1987-1988 EU,Volvo,740,Wagon,1987-1988,三厢车,两厢车,通用标准：Wagon,,
EU,Volvo 740 745 Wagon 1987-1992 EU,Volvo,740,Wagon,1987-1992,三厢车,两厢车,通用标准：Wagon,,
EU,Volvo 740 745 Wagon 1989-1990 EU,Volvo,740,Wagon,1989-1990,三厢车,两厢车,通用标准：Wagon,,
EU,Volvo 740 745 Wagon 1989-1991 EU,Volvo,740,Wagon,1989-1991,三厢车,两厢车,通用标准：Wagon,,
EU,Volvo 740 745 Wagon 1989-1992 EU,Volvo,740,Wagon,1989-1992,三厢车,两厢车,通用标准：Wagon,,
EU,Volvo 740 745 Wagon 1990-1992 EU,Volvo,740,Wagon,1990-1992,三厢车,两厢车,通用标准：Wagon,,
EU,Volvo 740 Wagon 1985-1992 EU,Volvo,740,Wagon,1985-1992,三厢车,两厢车,通用标准：Wagon,,
EU,Volvo 760 765 Wagon 1982-1992 EU,Volvo,760,Wagon,1982-1992,三厢车,两厢车,通用标准：Wagon,,
EU,Volvo 760 765 Wagon 1983-1989 EU,Volvo,760,Wagon,1983-1989,三厢车,两厢车,通用标准：Wagon,,
EU,Volvo 760 765 Wagon 1983-1990 EU,Volvo,760,Wagon,1983-1990,三厢车,两厢车,通用标准：Wagon,,
EU,Volvo 760 765 Wagon 1984-1990 EU,Volvo,760,Wagon,1984-1990,三厢车,两厢车,通用标准：Wagon,,
EU,Volvo 760 765 Wagon 1986-1988 EU,Volvo,760,Wagon,1986-1988,三厢车,两厢车,通用标准：Wagon,,
EU,Volvo 760 765 facelift Wagon 1986-1990 EU,Volvo,760,Wagon,1986-1990,三厢车,两厢车,通用标准：Wagon,,
EU,Volvo 760 765 facelift Wagon 1986-1991 EU,Volvo,760,Wagon,1986-1991,三厢车,两厢车,通用标准：Wagon,,
EU,Volvo 760 765 prefl Wagon 1986-1990 EU,Volvo,760,Wagon,1986-1990,三厢车,两厢车,通用标准：Wagon,,
EU,Volvo 760 765 prefl Wagon 1986-1991 EU,Volvo,760,Wagon,1986-1991,三厢车,两厢车,通用标准：Wagon,,
EU,Volvo 760 Wagon 1987-1992 EU,Volvo,760,Wagon,1987-1992,三厢车,两厢车,通用标准：Wagon,,
EU,Volvo 850 850 Wagon 1992-1994 EU,Volvo,850,Wagon,1992-1994,三厢车,两厢车,通用标准：Wagon,,
EU,Volvo 850 855 AWD Wagon 1996-1997 EU,Volvo,850,Wagon,1996-1997,三厢车,两厢车,通用标准：Wagon,,
EU,Volvo 850 855 L4709 W1760 H1415 Wagon 1994-1996 EU,Volvo,850,Wagon,1994-1996,三厢车,两厢车,通用标准：Wagon,,
EU,Volvo 850 855 L4709 W1761 H1415 Wagon 1994-1996 EU,Volvo,850,Wagon,1994-1996,三厢车,两厢车,通用标准：Wagon,,
EU,Volvo 850 855 Wagon 1992-1996 EU,Volvo,850,Wagon,1992-1996,三厢车,两厢车,通用标准：Wagon,,
EU,Volvo 850 855 Wagon 1993-1996 EU,Volvo,850,Wagon,1993-1996,三厢车,两厢车,通用标准：Wagon,,
EU,Volvo 850 Wagon 1993-1996 EU,Volvo,850,Wagon,1993-1996,三厢车,两厢车,通用标准：Wagon,,
EU,Volvo 850 Wagon 1995-1996 EU,Volvo,850,Wagon,1995-1996,三厢车,两厢车,通用标准：Wagon,,
EU,Volvo 940 945 L4810 W1750 H1435 Wagon 1990-1994 EU,Volvo,940,Wagon,1990-1994,三厢车,两厢车,通用标准：Wagon,,
EU,Volvo 940 945 L4871 W1750 H1435 Wagon 1990-1994 EU,Volvo,940,Wagon,1990-1994,三厢车,两厢车,通用标准：Wagon,,
EU,Volvo 940 945 Wagon 1990-1991 EU,Volvo,940,Wagon,1990-1991,三厢车,两厢车,通用标准：Wagon,,
EU,Volvo 940 945 Wagon 1990-1995 EU,Volvo,940,Wagon,1990-1995,三厢车,两厢车,通用标准：Wagon,,
EU,Volvo 940 945 Wagon 1992-1994 EU,Volvo,940,Wagon,1992-1994,三厢车,两厢车,通用标准：Wagon,,
EU,Volvo 940 945 Wagon 1994-1995 EU,Volvo,940,Wagon,1994-1995,三厢车,两厢车,通用标准：Wagon,,
EU,Volvo 940 945 Wagon 1994-1998 EU,Volvo,940,Wagon,1994-1998,三厢车,两厢车,通用标准：Wagon,,
EU,Volvo 940 945 Wagon 1995-1998 EU,Volvo,940,Wagon,1995-1998,三厢车,两厢车,通用标准：Wagon,,
EU,Volvo 940 945 Wagon 1996-1998 EU,Volvo,940,Wagon,1996-1998,三厢车,两厢车,通用标准：Wagon,,
EU,Volvo 940 Wagon 1991-1995 EU,Volvo,940,Wagon,1991-1995,三厢车,两厢车,通用标准：Wagon,,
EU,Volvo 960 965 Wagon 1990-1993 EU,Volvo,960,Wagon,1990-1993,三厢车,两厢车,通用标准：Wagon,,
EU,Volvo 960 965 Wagon 1990-1994 EU,Volvo,960,Wagon,1990-1994,三厢车,两厢车,通用标准：Wagon,,
EU,Volvo 960 965 Wagon 1991-1994 EU,Volvo,960,Wagon,1991-1994,三厢车,两厢车,通用标准：Wagon,,
EU,Volvo 960 965 Wagon 1994-1996 EU,Volvo,960,Wagon,1994-1996,三厢车,两厢车,通用标准：Wagon,,
EU,Volvo P 122 s amazon P220 Wagon 1961-1967 EU,Volvo,P 122 s amazon,Wagon,1961-1967,三厢车,两厢车,通用标准：Wagon,,
EU,Volvo P 1800 P1800ES Wagon 1969-1973 EU,Volvo,P 1800,Wagon,1969-1973,三厢车,两厢车,通用标准：Wagon,,
EU,Volvo P 210 duett P210 Wagon 1960-1962 EU,Volvo,P 210 duett,Wagon,1960-1962,三厢车,两厢车,通用标准：Wagon,,
EU,Volvo P 210 duett P210 Wagon 1961-1967 EU,Volvo,P 210 duett,Wagon,1961-1967,三厢车,两厢车,通用标准：Wagon,,
EU,Volvo P 2200 P220 Wagon 1964-1967 EU,Volvo,P 2200,Wagon,1964-1967,三厢车,两厢车,通用标准：Wagon,,
EU,Volvo Pv 445 duett PV445 Wagon 1953-1961 EU,Volvo,Pv 445 duett,Wagon,1953-1961,三厢车,两厢车,通用标准：Wagon,,
EU,Volvo Pv 445 duett PV445 Wagon 1955-1957 EU,Volvo,Pv 445 duett,Wagon,1955-1957,三厢车,两厢车,通用标准：Wagon,,
EU,Volvo Pv 445 duett PV445 Wagon 1957-1960 EU,Volvo,Pv 445 duett,Wagon,1957-1960,三厢车,两厢车,通用标准：Wagon,,
EU,Volvo V40 VW Wagon 1995-1999 EU,Volvo,V40,Wagon,1995-1999,三厢车,两厢车,通用标准：Wagon,,
EU,Volvo V40 VW Wagon 1995-2004 EU,Volvo,V40,Wagon,1995-2004,三厢车,两厢车,通用标准：Wagon,,
EU,Volvo V40 VW Wagon 1997-2000 EU,Volvo,V40,Wagon,1997-2000,三厢车,两厢车,通用标准：Wagon,,
EU,Volvo V40 VW Wagon 2001-2003 EU,Volvo,V40,Wagon,2001-2003,三厢车,两厢车,通用标准：Wagon,,
EU,Volvo V40 Wagon 1995-1999 EU,Volvo,V40,Wagon,1995-1999,三厢车,两厢车,通用标准：Wagon,,
EU,Volvo V40 Wagon 1997-2000 EU,Volvo,V40,Wagon,1997-2000,三厢车,两厢车,通用标准：Wagon,,
EU,Volvo V40 Wagon 1999-2000 EU,Volvo,V40,Wagon,1999-2000,三厢车,两厢车,通用标准：Wagon,,
EU,Volvo V40 Wagon 2000-2004 EU,Volvo,V40,Wagon,2000-2004,三厢车,两厢车,通用标准：Wagon,,
EU,Volvo V40 Wagon 2001-2004 EU,Volvo,V40,Wagon,2001-2004,三厢车,两厢车,通用标准：Wagon,,
EU,Volvo V40 facelift Wagon 1998-2004 EU,Volvo,V40,Wagon,1998-2004,三厢车,两厢车,通用标准：Wagon,,
EU,Volvo V40 facelift Wagon 1999-2004 EU,Volvo,V40,Wagon,1999-2004,三厢车,两厢车,通用标准：Wagon,,
EU,Volvo V40 prefl Wagon 1998-2004 EU,Volvo,V40,Wagon,1998-2004,三厢车,两厢车,通用标准：Wagon,,
EU,Volvo V40 prefl Wagon 1999-2004 EU,Volvo,V40,Wagon,1999-2004,三厢车,两厢车,通用标准：Wagon,,
EU,Volvo V50 M Wagon 2010-2012 EU,Volvo,V50,Wagon,2010-2012,三厢车,两厢车,通用标准：Wagon,,
EU,Volvo V50 MW Wagon 2003-2006 EU,Volvo,V50,Wagon,2003-2006,三厢车,两厢车,通用标准：Wagon,,
EU,Volvo V50 MW Wagon 2005-2006 EU,Volvo,V50,Wagon,2005-2006,三厢车,两厢车,通用标准：Wagon,,
EU,Volvo V50 MW Wagon 2007-2010 EU,Volvo,V50,Wagon,2007-2010,三厢车,两厢车,通用标准：Wagon,,
EU,Volvo V50 MW Wagon 2009-2010 EU,Volvo,V50,Wagon,2009-2010,三厢车,两厢车,通用标准：Wagon,,
EU,Volvo V50 MW facelift Wagon 2005-2010 EU,Volvo,V50,Wagon,2005-2010,三厢车,两厢车,通用标准：Wagon,,
EU,Volvo V50 MW facelift Wagon 2006-2012 EU,Volvo,V50,Wagon,2006-2012,三厢车,两厢车,通用标准：Wagon,,
EU,Volvo V50 MW prefl Wagon 2005-2010 EU,Volvo,V50,Wagon,2005-2010,三厢车,两厢车,通用标准：Wagon,,
EU,Volvo V50 MW prefl Wagon 2006-2012 EU,Volvo,V50,Wagon,2006-2012,三厢车,两厢车,通用标准：Wagon,,
EU,Volvo V50 Wagon 2004-2007 EU,Volvo,V50,Wagon,2004-2007,三厢车,两厢车,通用标准：Wagon,,
EU,Volvo V50 Wagon 2004-2010 EU,Volvo,V50,Wagon,2004-2010,三厢车,两厢车,通用标准：Wagon,,
EU,Volvo V50 Wagon 2005-2011 EU,Volvo,V50,Wagon,2005-2011,三厢车,两厢车,通用标准：Wagon,,
EU,Volvo V50 Wagon 2005-2012 EU,Volvo,V50,Wagon,2005-2012,三厢车,两厢车,通用标准：Wagon,,
EU,Volvo V50 Wagon 2006-2010 EU,Volvo,V50,Wagon,2006-2010,三厢车,两厢车,通用标准：Wagon,,
EU,Volvo V50 Wagon 2007-2010 EU,Volvo,V50,Wagon,2007-2010,三厢车,两厢车,通用标准：Wagon,,
EU,Volvo V50 Wagon 2007-2012 EU,Volvo,V50,Wagon,2007-2012,三厢车,两厢车,通用标准：Wagon,,
EU,Volvo V50 Wagon 2010-2012 EU,Volvo,V50,Wagon,2010-2012,三厢车,两厢车,通用标准：Wagon,,
EU,Volvo V60 i L4628 W1865 H1484 Wagon 2014-2015 EU,Volvo,V60 i,Wagon,2014-2015,三厢车,两厢车,通用标准：Wagon,,
EU,Volvo V60 i L4635 W1865 H1484 Wagon 2014-2015 EU,Volvo,V60 i,Wagon,2014-2015,三厢车,两厢车,通用标准：Wagon,,
EU,Volvo V60 i Wagon 2010-2011 EU,Volvo,V60 i,Wagon,2010-2011,三厢车,两厢车,通用标准：Wagon,,
EU,Volvo V60 i Wagon 2010-2012 EU,Volvo,V60 i,Wagon,2010-2012,三厢车,两厢车,通用标准：Wagon,,
EU,Volvo V60 i Wagon 2010-2014 EU,Volvo,V60 i,Wagon,2010-2014,三厢车,两厢车,通用标准：Wagon,,
EU,Volvo V60 i Wagon 2011-2015 EU,Volvo,V60 i,Wagon,2011-2015,三厢车,两厢车,通用标准：Wagon,,
EU,Volvo V60 i Wagon 2012-2015 EU,Volvo,V60 i,Wagon,2012-2015,三厢车,两厢车,通用标准：Wagon,,
EU,Volvo V60 i Wagon 2013-2015 EU,Volvo,V60 i,Wagon,2013-2015,三厢车,两厢车,通用标准：Wagon,,
EU,Volvo V60 i Wagon 2013-2018 EU,Volvo,V60 i,Wagon,2013-2018,三厢车,两厢车,通用标准：Wagon,,
EU,Volvo V60 i Wagon 2014-2017 EU,Volvo,V60 i,Wagon,2014-2017,三厢车,两厢车,通用标准：Wagon,,
EU,Volvo V60 i Wagon 2014-2018 EU,Volvo,V60 i,Wagon,2014-2018,三厢车,两厢车,通用标准：Wagon,,
EU,Volvo V60 i Wagon 2015-2017 EU,Volvo,V60 i,Wagon,2015-2017,三厢车,两厢车,通用标准：Wagon,,
EU,Volvo V60 i Wagon 2015-2018 EU,Volvo,V60 i,Wagon,2015-2018,三厢车,两厢车,通用标准：Wagon,,
EU,Volvo V60 i cross country L4637 W1847 H1545 Wagon 2015-2018 EU,Volvo,V60 i cross country,Wagon,2015-2018,三厢车,两厢车,通用标准：Wagon,,
EU,Volvo V60 i cross country L4638 W1865 H1545 Wagon 2015-2018 EU,Volvo,V60 i cross country,Wagon,2015-2018,三厢车,两厢车,通用标准：Wagon,,
EU,Volvo V60 i cross country Wagon 2016-2018 EU,Volvo,V60 i cross country,Wagon,2016-2018,三厢车,两厢车,通用标准：Wagon,,
EU,Volvo V60 i facelift Wagon 2010-2014 EU,Volvo,V60 i,Wagon,2010-2014,三厢车,两厢车,通用标准：Wagon,,
EU,Volvo V60 i facelift Wagon 2010-2015 EU,Volvo,V60 i,Wagon,2010-2015,三厢车,两厢车,通用标准：Wagon,,
EU,Volvo V60 i prefl Wagon 2010-2015 EU,Volvo,V60 i,Wagon,2010-2015,三厢车,两厢车,通用标准：Wagon,,
EU,Volvo V60 ii Wagon 2018-2021 EU,Volvo,V60 ii,Wagon,2018-2021,三厢车,两厢车,通用标准：Wagon,,
EU,Volvo V60 ii Wagon 2018-2022 EU,Volvo,V60 ii,Wagon,2018-2022,三厢车,两厢车,通用标准：Wagon,,
EU,Volvo V60 ii Wagon 2019-2021 EU,Volvo,V60 ii,Wagon,2019-2021,三厢车,两厢车,通用标准：Wagon,,
EU,Volvo V60 ii Wagon 2019-2022 EU,Volvo,V60 ii,Wagon,2019-2022,三厢车,两厢车,通用标准：Wagon,,
EU,Volvo V60 ii Wagon 2019-2026 EU,Volvo,V60 ii,Wagon,2019-2026,三厢车,两厢车,通用标准：Wagon,,
EU,Volvo V60 ii Wagon 2020-2026 EU,Volvo,V60 ii,Wagon,2020-2026,三厢车,两厢车,通用标准：Wagon,,
EU,Volvo V60 ii Wagon 2022-2026 EU,Volvo,V60 ii,Wagon,2022-2026,三厢车,两厢车,通用标准：Wagon,,
EU,Volvo V60 ii Wagon 2023-2026 EU,Volvo,V60 ii,Wagon,2023-2026,三厢车,两厢车,通用标准：Wagon,,
EU,Volvo V60 ii Wagon 2026-2026 EU,Volvo,V60 ii,Wagon,2026-2026,三厢车,两厢车,通用标准：Wagon,,
EU,Volvo V60 ii cross country Wagon 2018-2020 EU,Volvo,V60 ii cross country,Wagon,2018-2020,三厢车,两厢车,通用标准：Wagon,,
EU,Volvo V60 ii cross country Wagon 2018-2021 EU,Volvo,V60 ii cross country,Wagon,2018-2021,三厢车,两厢车,通用标准：Wagon,,
EU,Volvo V60 ii cross country Wagon 2019-2026 EU,Volvo,V60 ii cross country,Wagon,2019-2026,三厢车,两厢车,通用标准：Wagon,,
EU,Volvo V60 ii cross country Wagon 2020-2026 EU,Volvo,V60 ii cross country,Wagon,2020-2026,三厢车,两厢车,通用标准：Wagon,,
EU,Volvo V60 ii cross country Wagon 2022-2026 EU,Volvo,V60 ii cross country,Wagon,2022-2026,三厢车,两厢车,通用标准：Wagon,,
EU,Volvo V70 i Wagon 1995-2000 EU,Volvo,V70 i,Wagon,1995-2000,三厢车,两厢车,通用标准：Wagon,,
EU,Volvo V70 i Wagon 1996-2000 EU,Volvo,V70 i,Wagon,1996-2000,三厢车,两厢车,通用标准：Wagon,,
EU,Volvo V70 i Wagon 1997-2000 EU,Volvo,V70 i,Wagon,1997-2000,三厢车,两厢车,通用标准：Wagon,,
EU,Volvo V70 i Wagon 1998-1999 EU,Volvo,V70 i,Wagon,1998-1999,三厢车,两厢车,通用标准：Wagon,,
EU,Volvo V70 i Wagon 1999-2000 EU,Volvo,V70 i,Wagon,1999-2000,三厢车,两厢车,通用标准：Wagon,,
EU,Volvo V70 ii Wagon 1999-2003 EU,Volvo,V70 ii,Wagon,1999-2003,三厢车,两厢车,通用标准：Wagon,,
EU,Volvo V70 ii Wagon 1999-2004 EU,Volvo,V70 ii,Wagon,1999-2004,三厢车,两厢车,通用标准：Wagon,,
EU,Volvo V70 ii Wagon 1999-2007 EU,Volvo,V70 ii,Wagon,1999-2007,三厢车,两厢车,通用标准：Wagon,,
EU,Volvo V70 ii Wagon 2000-2007 EU,Volvo,V70 ii,Wagon,2000-2007,三厢车,两厢车,通用标准：Wagon,,
EU,Volvo V70 ii Wagon 2001-2002 EU,Volvo,V70 ii,Wagon,2001-2002,三厢车,两厢车,通用标准：Wagon,,
EU,Volvo V70 ii Wagon 2001-2007 EU,Volvo,V70 ii,Wagon,2001-2007,三厢车,两厢车,通用标准：Wagon,,
EU,Volvo V70 ii Wagon 2001-2008 EU,Volvo,V70 ii,Wagon,2001-2008,三厢车,两厢车,通用标准：Wagon,,
EU,Volvo V70 ii Wagon 2002-2007 EU,Volvo,V70 ii,Wagon,2002-2007,三厢车,两厢车,通用标准：Wagon,,
EU,Volvo V70 ii Wagon 2003-2007 EU,Volvo,V70 ii,Wagon,2003-2007,三厢车,两厢车,通用标准：Wagon,,
EU,Volvo V70 ii Wagon 2004-2007 EU,Volvo,V70 ii,Wagon,2004-2007,三厢车,两厢车,通用标准：Wagon,,
EU,Volvo V70 ii Wagon 2005-2007 EU,Volvo,V70 ii,Wagon,2005-2007,三厢车,两厢车,通用标准：Wagon,,
EU,Volvo V70 ii Wagon 2005-2008 EU,Volvo,V70 ii,Wagon,2005-2008,三厢车,两厢车,通用标准：Wagon,,
EU,Volvo V70 iii 135 Wagon 2007-2009 EU,Volvo,V70 iii,Wagon,2007-2009,三厢车,两厢车,通用标准：Wagon,,
EU,Volvo V70 iii 135 Wagon 2007-2010 EU,Volvo,V70 iii,Wagon,2007-2010,三厢车,两厢车,通用标准：Wagon,,
EU,Volvo V70 iii 135 Wagon 2007-2011 EU,Volvo,V70 iii,Wagon,2007-2011,三厢车,两厢车,通用标准：Wagon,,
EU,Volvo V70 iii 135 facelift Wagon 2007-2015 EU,Volvo,V70 iii,Wagon,2007-2015,三厢车,两厢车,通用标准：Wagon,,
EU,Volvo V70 iii 135 prefl Wagon 2007-2015 EU,Volvo,V70 iii,Wagon,2007-2015,三厢车,两厢车,通用标准：Wagon,,
EU,Volvo V70 iii BW Wagon 2008-2009 EU,Volvo,V70 iii,Wagon,2008-2009,三厢车,两厢车,通用标准：Wagon,,
EU,Volvo V70 iii BW Wagon 2009-2010 EU,Volvo,V70 iii,Wagon,2009-2010,三厢车,两厢车,通用标准：Wagon,,
EU,Volvo V70 iii BW Wagon 2009-2011 EU,Volvo,V70 iii,Wagon,2009-2011,三厢车,两厢车,通用标准：Wagon,,
EU,Volvo V70 iii BW Wagon 2013-2016 EU,Volvo,V70 iii,Wagon,2013-2016,三厢车,两厢车,通用标准：Wagon,,
EU,Volvo V70 iii BW facelift Wagon 2008-2011 EU,Volvo,V70 iii,Wagon,2008-2011,三厢车,两厢车,通用标准：Wagon,,
EU,Volvo V70 iii BW facelift Wagon 2011-2016 EU,Volvo,V70 iii,Wagon,2011-2016,三厢车,两厢车,通用标准：Wagon,,
EU,Volvo V70 iii BW prefl Wagon 2008-2011 EU,Volvo,V70 iii,Wagon,2008-2011,三厢车,两厢车,通用标准：Wagon,,
EU,Volvo V70 iii BW prefl Wagon 2011-2016 EU,Volvo,V70 iii,Wagon,2011-2016,三厢车,两厢车,通用标准：Wagon,,
EU,Volvo V70 iii Wagon 2007-2009 EU,Volvo,V70 iii,Wagon,2007-2009,三厢车,两厢车,通用标准：Wagon,,
EU,Volvo V70 iii Wagon 2007-2010 EU,Volvo,V70 iii,Wagon,2007-2010,三厢车,两厢车,通用标准：Wagon,,
EU,Volvo V70 iii Wagon 2007-2015 EU,Volvo,V70 iii,Wagon,2007-2015,三厢车,两厢车,通用标准：Wagon,,
EU,Volvo V70 iii Wagon 2009-2011 EU,Volvo,V70 iii,Wagon,2009-2011,三厢车,两厢车,通用标准：Wagon,,
EU,Volvo V70 iii Wagon 2009-2012 EU,Volvo,V70 iii,Wagon,2009-2012,三厢车,两厢车,通用标准：Wagon,,
EU,Volvo V70 iii Wagon 2010-2014 EU,Volvo,V70 iii,Wagon,2010-2014,三厢车,两厢车,通用标准：Wagon,,
EU,Volvo V70 iii Wagon 2010-2015 EU,Volvo,V70 iii,Wagon,2010-2015,三厢车,两厢车,通用标准：Wagon,,
EU,Volvo V70 iii Wagon 2011-2015 EU,Volvo,V70 iii,Wagon,2011-2015,三厢车,两厢车,通用标准：Wagon,,
EU,Volvo V70 iii Wagon 2012-2015 EU,Volvo,V70 iii,Wagon,2012-2015,三厢车,两厢车,通用标准：Wagon,,
EU,Volvo V70 iii Wagon 2013-2015 EU,Volvo,V70 iii,Wagon,2013-2015,三厢车,两厢车,通用标准：Wagon,,
EU,Volvo V70 iii Wagon 2013-2016 EU,Volvo,V70 iii,Wagon,2013-2016,三厢车,两厢车,通用标准：Wagon,,
EU,Volvo V70 iii Wagon 2015-2016 EU,Volvo,V70 iii,Wagon,2015-2016,三厢车,两厢车,通用标准：Wagon,,
EU,Volvo V70 iii facelift Wagon 2010-2014 EU,Volvo,V70 iii,Wagon,2010-2014,三厢车,两厢车,通用标准：Wagon,,
EU,Volvo V70 iii facelift Wagon 2010-2015 EU,Volvo,V70 iii,Wagon,2010-2015,三厢车,两厢车,通用标准：Wagon,,
EU,Volvo V90 i Wagon 1996-1998 EU,Volvo,V90 i,Wagon,1996-1998,三厢车,两厢车,通用标准：Wagon,,
EU,Volvo V90 i Wagon 1997-1998 EU,Volvo,V90 i,Wagon,1997-1998,三厢车,两厢车,通用标准：Wagon,,
EU,Volvo V90 ii 235 Wagon 2016-2021 EU,Volvo,V90 ii,Wagon,2016-2021,三厢车,两厢车,通用标准：Wagon,,
EU,Volvo V90 ii SPA Wagon 2020-2026 EU,Volvo,V90 ii,Wagon,2020-2026,三厢车,两厢车,通用标准：Wagon,,
EU,Volvo V90 ii Wagon 2016-2018 EU,Volvo,V90 ii,Wagon,2016-2018,三厢车,两厢车,通用标准：Wagon,,
EU,Volvo V90 ii Wagon 2016-2021 EU,Volvo,V90 ii,Wagon,2016-2021,三厢车,两厢车,通用标准：Wagon,,
EU,Volvo V90 ii Wagon 2017-2020 EU,Volvo,V90 ii,Wagon,2017-2020,三厢车,两厢车,通用标准：Wagon,,
EU,Volvo V90 ii Wagon 2017-2021 EU,Volvo,V90 ii,Wagon,2017-2021,三厢车,两厢车,通用标准：Wagon,,
EU,Volvo V90 ii Wagon 2018-2021 EU,Volvo,V90 ii,Wagon,2018-2021,三厢车,两厢车,通用标准：Wagon,,
EU,Volvo V90 ii Wagon 2018-2022 EU,Volvo,V90 ii,Wagon,2018-2022,三厢车,两厢车,通用标准：Wagon,,
EU,Volvo V90 ii Wagon 2019-2021 EU,Volvo,V90 ii,Wagon,2019-2021,三厢车,两厢车,通用标准：Wagon,,
EU,Volvo V90 ii Wagon 2020-2022 EU,Volvo,V90 ii,Wagon,2020-2022,三厢车,两厢车,通用标准：Wagon,,
EU,Volvo V90 ii Wagon 2020-2026 EU,Volvo,V90 ii,Wagon,2020-2026,三厢车,两厢车,通用标准：Wagon,,
EU,Volvo V90 ii Wagon 2021-2026 EU,Volvo,V90 ii,Wagon,2021-2026,三厢车,两厢车,通用标准：Wagon,,
EU,Volvo V90 ii Wagon 2022-2026 EU,Volvo,V90 ii,Wagon,2022-2026,三厢车,两厢车,通用标准：Wagon,,
EU,Volvo V90 ii Wagon 2023-2026 EU,Volvo,V90 ii,Wagon,2023-2026,三厢车,两厢车,通用标准：Wagon,,
EU,Volvo V90 ii cross country 236 Wagon 2016-2017 EU,Volvo,V90 ii cross country,Wagon,2016-2017,三厢车,两厢车,通用标准：Wagon,,
EU,Volvo V90 ii cross country L4939 W1879 H1543 Wagon 2020-2026 EU,Volvo,V90 ii cross country,Wagon,2020-2026,三厢车,两厢车,通用标准：Wagon,,
EU,Volvo V90 ii cross country L4959 W1879 H1543 Wagon 2020-2026 EU,Volvo,V90 ii cross country,Wagon,2020-2026,三厢车,两厢车,通用标准：Wagon,,
EU,Volvo V90 ii cross country Wagon 2016-2018 EU,Volvo,V90 ii cross country,Wagon,2016-2018,三厢车,两厢车,通用标准：Wagon,,
EU,Volvo V90 ii cross country Wagon 2016-2026 EU,Volvo,V90 ii cross country,Wagon,2016-2026,三厢车,两厢车,通用标准：Wagon,,
EU,Volvo V90 ii cross country Wagon 2017-2026 EU,Volvo,V90 ii cross country,Wagon,2017-2026,三厢车,两厢车,通用标准：Wagon,,
EU,Volvo V90 ii cross country Wagon 2018-2026 EU,Volvo,V90 ii cross country,Wagon,2018-2026,三厢车,两厢车,通用标准：Wagon,,
EU,Volvo V90 ii cross country Wagon 2021-2026 EU,Volvo,V90 ii cross country,Wagon,2021-2026,三厢车,两厢车,通用标准：Wagon,,
EU,Volvo V90 ii cross country Wagon 2022-2026 EU,Volvo,V90 ii cross country,Wagon,2022-2026,三厢车,两厢车,通用标准：Wagon,,
EU,Volvo Xc70 i cross country Wagon 2000-2002 EU,Volvo,Xc70 i cross country,Wagon,2000-2002,三厢车,两厢车,通用标准：Wagon,,
EU,Volvo Xc70 i cross country Wagon 2002-2007 EU,Volvo,Xc70 i cross country,Wagon,2002-2007,三厢车,两厢车,通用标准：Wagon,,
EU,Volvo Xc70 i cross country Wagon 2005-2007 EU,Volvo,Xc70 i cross country,Wagon,2005-2007,三厢车,两厢车,通用标准：Wagon,,
EU,Volvo Xc70 ii BZ Wagon 2009-2011 EU,Volvo,Xc70 ii,Wagon,2009-2011,三厢车,两厢车,通用标准：Wagon,,
EU,Volvo Xc70 ii Wagon 2007-2009 EU,Volvo,Xc70 ii,Wagon,2007-2009,三厢车,两厢车,通用标准：Wagon,,
EU,Volvo Xc70 ii Wagon 2007-2011 EU,Volvo,Xc70 ii,Wagon,2007-2011,三厢车,两厢车,通用标准：Wagon,,
EU,Volvo Xc70 ii Wagon 2007-2016 EU,Volvo,Xc70 ii,Wagon,2007-2016,三厢车,两厢车,通用标准：Wagon,,
EU,Volvo Xc70 ii Wagon 2008-2016 EU,Volvo,Xc70 ii,Wagon,2008-2016,三厢车,两厢车,通用标准：Wagon,,
EU,Volvo Xc70 ii Wagon 2009-2010 EU,Volvo,Xc70 ii,Wagon,2009-2010,三厢车,两厢车,通用标准：Wagon,,
EU,Volvo Xc70 ii Wagon 2010-2014 EU,Volvo,Xc70 ii,Wagon,2010-2014,三厢车,两厢车,通用标准：Wagon,,
EU,Volvo Xc70 ii Wagon 2010-2015 EU,Volvo,Xc70 ii,Wagon,2010-2015,三厢车,两厢车,通用标准：Wagon,,
EU,Volvo Xc70 ii Wagon 2011-2015 EU,Volvo,Xc70 ii,Wagon,2011-2015,三厢车,两厢车,通用标准：Wagon,,
EU,Volvo Xc70 ii Wagon 2013-2016 EU,Volvo,Xc70 ii,Wagon,2013-2016,三厢车,两厢车,通用标准：Wagon,,
EU,Volvo Xc70 ii Wagon 2015-2016 EU,Volvo,Xc70 ii,Wagon,2015-2016,三厢车,两厢车,通用标准：Wagon,,
EU,Volvo Xc70 ii van Wagon 2013-2016 EU,Volvo,Xc70 ii van,Wagon,2013-2016,三厢车,两厢车,通用标准：Wagon,,
EU,Voyah Dream MPV 2024-2026 EU,Voyah,Dream,MPV,2024-2026,越野车,两厢车,通用标准：MPV,,
EU,Wartburg 353 353 Wagon 1967-1969 EU,Wartburg,353,Wagon,1967-1969,三厢车,两厢车,通用标准：Wagon,,
EU,Wartburg 353 353 Wagon 1969-1975 EU,Wartburg,353,Wagon,1969-1975,三厢车,两厢车,通用标准：Wagon,,
EU,Wartburg 353 353 Wagon 1975-1989 EU,Wartburg,353,Wagon,1975-1989,三厢车,两厢车,通用标准：Wagon,,
EU,Wartburg 353 353 Wagon 1989-1991 EU,Wartburg,353,Wagon,1989-1991,三厢车,两厢车,通用标准：Wagon,,
EU,Xbus X MPV 2022-2026 EU,Xbus,X,MPV,2022-2026,越野车,两厢车,通用标准：MPV,,
EU,Xbus Xbus Van 2022-2026 EU,Xbus,Xbus,Van,2022-2026,越野车,两厢车,通用标准：Van,,
EU,Zeekr 7gt Wagon 2025-2026 EU,Zeekr,7gt,Wagon,2025-2026,三厢车,两厢车,通用标准：Wagon,,
RU,Alpina B4 Gran Coupe Liftback 2022-2024 RU,Alpina,B4,Liftback,2022-2024,两厢车,三厢车,联网判定：Liftback,B4 Gran Coupé 为五门 Gran Coupé；车顶连续下滑至随后的尾门，后悬保留轿车体量,https://www.alpina-automobiles.com/en/models/b4-gran-coupe/
RU,Alpina B4 Gran Coupe Liftback 2024-2025 RU,Alpina,B4,Liftback,2024-2025,两厢车,三厢车,联网判定：Liftback,B4 Gran Coupé 为五门 Gran Coupé；车顶连续下滑至随后的尾门，后悬保留轿车体量,https://www.alpina-automobiles.com/en/models/b4-gran-coupe/
RU,Alpina D4 Gran Coupe Liftback 2022-2024 RU,Alpina,D4,Liftback,2022-2024,两厢车,三厢车,联网判定：Liftback,D4 Gran Coupé 为四门五座 Gran Coupé 长斜背车身，尾门与后窗联动开启,https://www.alpina-automobiles.com/en/models/d4-gran-coupe/
RU,Aston Martin DB6 Fastback 1965-1970 RU,Aston Martin,DB6,Fastback,1965-1970,两厢车,跑车,联网判定：Fastback,DB6 是两门 2+2 grand tourer coupé；长斜背收于双门车尾，按双门跑车版型,https://en.wikipedia.org/wiki/Aston_Martin_DB6
RU,Aston Martin Rapide Liftback 2009-2013 RU,Aston Martin,Rapide,Liftback,2009-2013,两厢车,三厢车,联网判定：Liftback,Rapide 为四门五座 liftback sports saloon；车顶至尾部连续长斜背、后部体量接近轿车,https://en.wikipedia.org/wiki/Aston_Martin_Rapide
RU,Aston Martin Rapide Liftback 2013-2020 RU,Aston Martin,Rapide,Liftback,2013-2020,两厢车,三厢车,联网判定：Liftback,Rapide 为四门五座 liftback sports saloon；车顶至尾部连续长斜背、后部体量接近轿车,https://en.wikipedia.org/wiki/Aston_Martin_Rapide
RU,Audi A5 L Sportback Liftback 2024-2026 RU,Audi,A5,Liftback,2024-2026,两厢车,三厢车,联网判定：Liftback,A5 Sportback 为五门 liftback；长斜背四门轿跑轮廓而非短高尾门,https://en.wikipedia.org/wiki/Audi_A5
RU,Audi A5 Liftback 2024-2026 RU,Audi,A5,Liftback,2024-2026,两厢车,三厢车,联网判定：Liftback,A5 Sportback 为五门 liftback；长斜背四门轿跑轮廓而非短高尾门,https://en.wikipedia.org/wiki/Audi_A5
RU,Audi A5 Sportback Liftback 2007-2011 RU,Audi,A5,Liftback,2007-2011,两厢车,三厢车,联网判定：Liftback,A5 Sportback 为五门 liftback；长斜背四门轿跑轮廓而非短高尾门,https://en.wikipedia.org/wiki/Audi_A5
RU,Audi A5 Sportback Liftback 2011-2016 RU,Audi,A5,Liftback,2011-2016,两厢车,三厢车,联网判定：Liftback,A5 Sportback 为五门 liftback；长斜背四门轿跑轮廓而非短高尾门,https://en.wikipedia.org/wiki/Audi_A5
RU,Audi A5 Sportback Liftback 2016-2020 RU,Audi,A5,Liftback,2016-2020,两厢车,三厢车,联网判定：Liftback,A5 Sportback 为五门 liftback；长斜背四门轿跑轮廓而非短高尾门,https://en.wikipedia.org/wiki/Audi_A5
RU,Audi A5 Sportback Liftback 2019-2025 RU,Audi,A5,Liftback,2019-2025,两厢车,三厢车,联网判定：Liftback,A5 Sportback 为五门 liftback；长斜背四门轿跑轮廓而非短高尾门,https://en.wikipedia.org/wiki/Audi_A5
RU,Audi A6 e-tron Liftback 2024-2026 RU,Audi,A6 e-tron,Liftback,2024-2026,两厢车,三厢车,联网判定：Liftback,A6 Sportback e-tron 为五门 liftback，长车顶线延伸至后部，保持行政轿车比例,https://en.wikipedia.org/wiki/Audi_A6_e-tron
RU,Audi A7 Liftback 2010-2014 RU,Audi,A7,Liftback,2010-2014,两厢车,三厢车,联网判定：Liftback,A7 Sportback 为五门 liftback；长斜背后悬与三厢轿车相近,https://en.wikipedia.org/wiki/Audi_A7
RU,Audi A7 Liftback 2014-2018 RU,Audi,A7,Liftback,2014-2018,两厢车,三厢车,联网判定：Liftback,A7 Sportback 为五门 liftback；长斜背后悬与三厢轿车相近,https://en.wikipedia.org/wiki/Audi_A7
RU,Audi A7 Liftback 2018-2026 RU,Audi,A7,Liftback,2018-2026,两厢车,三厢车,联网判定：Liftback,A7 Sportback 为五门 liftback；长斜背后悬与三厢轿车相近,https://en.wikipedia.org/wiki/Audi_A7
RU,Audi RS 5 Liftback 2026-2026 RU,Audi,RS 5,Liftback,2026-2026,两厢车,三厢车,联网判定：Liftback,RS 5 Sportback 是 A5 五门长斜背版本；后窗随尾门开启但车尾体量为轿跑式,https://en.wikipedia.org/wiki/Audi_A5
RU,Audi RS 5 Sportback Liftback 2017-2019 RU,Audi,RS 5,Liftback,2017-2019,两厢车,三厢车,联网判定：Liftback,RS 5 Sportback 是 A5 五门长斜背版本；后窗随尾门开启但车尾体量为轿跑式,https://en.wikipedia.org/wiki/Audi_A5
RU,Audi RS 5 Sportback Liftback 2019-2025 RU,Audi,RS 5,Liftback,2019-2025,两厢车,三厢车,联网判定：Liftback,RS 5 Sportback 是 A5 五门长斜背版本；后窗随尾门开启但车尾体量为轿跑式,https://en.wikipedia.org/wiki/Audi_A5
RU,Audi RS 7 Liftback 2019-2025 RU,Audi,RS 7,Liftback,2019-2025,两厢车,三厢车,联网判定：Liftback,RS 7 Sportback 是 A7 的五门长斜背高性能版本，沿用行政轿车后部比例,https://en.wikipedia.org/wiki/Audi_A7
RU,Audi RS 7 Sportback Liftback 2013-2014 RU,Audi,RS 7,Liftback,2013-2014,两厢车,三厢车,联网判定：Liftback,RS 7 Sportback 是 A7 的五门长斜背高性能版本，沿用行政轿车后部比例,https://en.wikipedia.org/wiki/Audi_A7
RU,Audi RS 7 Sportback Liftback 2014-2018 RU,Audi,RS 7,Liftback,2014-2018,两厢车,三厢车,联网判定：Liftback,RS 7 Sportback 是 A7 的五门长斜背高性能版本，沿用行政轿车后部比例,https://en.wikipedia.org/wiki/Audi_A7
RU,Audi S5 Liftback 2007-2011 RU,Audi,S5,Liftback,2007-2011,两厢车,三厢车,联网判定：Liftback,S5 Sportback 是 A5 五门 liftback；连续长斜背和长后悬对应三厢车衣版型,https://en.wikipedia.org/wiki/Audi_A5
RU,Audi S5 Liftback 2011-2016 RU,Audi,S5,Liftback,2011-2016,两厢车,三厢车,联网判定：Liftback,S5 Sportback 是 A5 五门 liftback；连续长斜背和长后悬对应三厢车衣版型,https://en.wikipedia.org/wiki/Audi_A5
RU,Audi S5 Sportback Liftback 2016-2019 RU,Audi,S5,Liftback,2016-2019,两厢车,三厢车,联网判定：Liftback,S5 Sportback 是 A5 五门 liftback；连续长斜背和长后悬对应三厢车衣版型,https://en.wikipedia.org/wiki/Audi_A5
RU,Audi S5 Sportback Liftback 2019-2024 RU,Audi,S5,Liftback,2019-2024,两厢车,三厢车,联网判定：Liftback,S5 Sportback 是 A5 五门 liftback；连续长斜背和长后悬对应三厢车衣版型,https://en.wikipedia.org/wiki/Audi_A5
RU,Audi S5 Sportback Liftback 2024-2026 RU,Audi,S5,Liftback,2024-2026,两厢车,三厢车,联网判定：Liftback,S5 Sportback 是 A5 五门 liftback；连续长斜背和长后悬对应三厢车衣版型,https://en.wikipedia.org/wiki/Audi_A5
RU,Audi S6 e-tron Liftback 2024-2026 RU,Audi,S6 e-tron,Liftback,2024-2026,两厢车,三厢车,联网判定：Liftback,S6 Sportback e-tron 为 A6 e-tron 的五门长斜背版本，后部比例为轿车式,https://en.wikipedia.org/wiki/Audi_A6_e-tron
RU,Audi S7 Sportback Liftback 2012-2014 RU,Audi,S7,Liftback,2012-2014,两厢车,三厢车,联网判定：Liftback,S7 Sportback 为 A7 五门 liftback；长斜背后部体量接近三厢行政轿车,https://en.wikipedia.org/wiki/Audi_A7
RU,Audi S7 Sportback Liftback 2014-2018 RU,Audi,S7,Liftback,2014-2018,两厢车,三厢车,联网判定：Liftback,S7 Sportback 为 A7 五门 liftback；长斜背后部体量接近三厢行政轿车,https://en.wikipedia.org/wiki/Audi_A7
RU,Audi S7 Sportback Liftback 2019-2025 RU,Audi,S7,Liftback,2019-2025,两厢车,三厢车,联网判定：Liftback,S7 Sportback 为 A7 五门 liftback；长斜背后部体量接近三厢行政轿车,https://en.wikipedia.org/wiki/Audi_A7
RU,Avatr 12 Fastback 2023-2026 RU,Avatr,12,Fastback,2023-2026,两厢车,三厢车,联网判定：Fastback,AVATR 12 为五门 liftback 轿车；侧面为低矮长斜背、尾部长度接近三厢轿车,https://en.wikipedia.org/wiki/Avatr_12
RU,BMW 3 серии Gran Turismo Liftback 2011-2016 RU,BMW,3 серии,Liftback,2011-2016,两厢车,三厢车,联网判定：Liftback,此段为 3 Series Gran Turismo 五门 liftback；保留长后悬和轿车式长斜背,https://en.wikipedia.org/wiki/BMW_3_Series_(F30)
RU,BMW 3 серии Gran Turismo Liftback 2015-2020 RU,BMW,3 серии,Liftback,2015-2020,两厢车,三厢车,联网判定：Liftback,此段为 3 Series Gran Turismo 五门 liftback；保留长后悬和轿车式长斜背,https://en.wikipedia.org/wiki/BMW_3_Series_(F30)
RU,BMW 4 серии Gran Coupe Liftback 2013-2017 RU,BMW,4 серии,Liftback,2013-2017,两厢车,三厢车,联网判定：Liftback,4 Series Gran Coupé 为五门 liftback；车顶向后连续下滑、后部体量按四门轿跑,https://en.wikipedia.org/wiki/BMW_4_Series_(G22)
RU,BMW 4 серии Gran Coupe Liftback 2017-2021 RU,BMW,4 серии,Liftback,2017-2021,两厢车,三厢车,联网判定：Liftback,4 Series Gran Coupé 为五门 liftback；车顶向后连续下滑、后部体量按四门轿跑,https://en.wikipedia.org/wiki/BMW_4_Series_(G22)
RU,BMW 4 серии Gran Coupe Liftback 2020-2024 RU,BMW,4 серии,Liftback,2020-2024,两厢车,三厢车,联网判定：Liftback,4 Series Gran Coupé 为五门 liftback；车顶向后连续下滑、后部体量按四门轿跑,https://en.wikipedia.org/wiki/BMW_4_Series_(G22)
RU,BMW 4 серии Gran Coupe Liftback 2024-2026 RU,BMW,4 серии,Liftback,2024-2026,两厢车,三厢车,联网判定：Liftback,4 Series Gran Coupé 为五门 liftback；车顶向后连续下滑、后部体量按四门轿跑,https://en.wikipedia.org/wiki/BMW_4_Series_(G22)
RU,BMW 5 серии Gran Turismo Liftback 2009-2013 RU,BMW,5 серии,Liftback,2009-2013,两厢车,三厢车,联网判定：Liftback,5 Series Gran Turismo 是五门 liftback，长轴距与长后悬形成轿车式三厢比例,https://en.wikipedia.org/wiki/BMW_5_Series_(F10)
RU,BMW 5 серии Gran Turismo Liftback 2013-2017 RU,BMW,5 серии,Liftback,2013-2017,两厢车,三厢车,联网判定：Liftback,5 Series Gran Turismo 是五门 liftback，长轴距与长后悬形成轿车式三厢比例,https://en.wikipedia.org/wiki/BMW_5_Series_(F10)
RU,BMW 6 серии Gran Turismo Liftback 2017-2020 RU,BMW,6 серии,Liftback,2017-2020,两厢车,三厢车,联网判定：Liftback,6 Series Gran Turismo 为五门 liftback；车顶后部连续下滑且尾部体量接近行政轿车,https://en.wikipedia.org/wiki/BMW_6_Series_(G32)
RU,BMW 6 серии Gran Turismo Liftback 2020-2024 RU,BMW,6 серии,Liftback,2020-2024,两厢车,三厢车,联网判定：Liftback,6 Series Gran Turismo 为五门 liftback；车顶后部连续下滑且尾部体量接近行政轿车,https://en.wikipedia.org/wiki/BMW_6_Series_(G32)
RU,BMW i4 Liftback 2021-2024 RU,BMW,i4,Liftback,2021-2024,两厢车,三厢车,联网判定：Liftback,i4 基于 4 Series Gran Coupé 的五门 liftback 车身；为低矮长斜背轿车比例,https://en.wikipedia.org/wiki/BMW_i4
RU,BMW i4 Liftback 2024-2026 RU,BMW,i4,Liftback,2024-2026,两厢车,三厢车,联网判定：Liftback,i4 基于 4 Series Gran Coupé 的五门 liftback 车身；为低矮长斜背轿车比例,https://en.wikipedia.org/wiki/BMW_i4
RU,Bugatti EB 112 Fastback 1993-1998 RU,Bugatti,EB 112,Fastback,1993-1998,两厢车,三厢车,联网判定：Fastback,EB 112 原型是四门 fastback 轿车，后部为长斜背且具完整轿车后排/后悬体量,https://en.wikipedia.org/wiki/Bugatti_EB_112
RU,Buick Regal Liftback 2017-2021 RU,Buick,Regal,Liftback,2017-2021,两厢车,三厢车,联网判定：Liftback,第六代 Regal Sportback 是五门 liftback；长斜背四门轿跑轮廓而非短尾两厢,https://en.wikipedia.org/wiki/Buick_Regal
RU,Cadillac Celestiq Liftback 2024-2026 RU,Cadillac,Celestiq,Liftback,2024-2026,两厢车,三厢车,联网判定：Liftback,Celestiq 为五门 liftback 豪华轿车；低矮车顶连续延伸至长后部,https://en.wikipedia.org/wiki/Cadillac_Celestiq
RU,Cadillac ELR Fastback 2013-2015 RU,Cadillac,ELR,Fastback,2013-2015,两厢车,跑车,联网判定：Fastback,ELR 是两门 coupé；fastback 车顶收于双门车尾，按跑车版型,https://en.wikipedia.org/wiki/Cadillac_ELR
RU,Changan Deepal L07 Liftback 2024-2026 RU,Changan,Deepal L07,Liftback,2024-2026,两厢车,三厢车,联网判定：Liftback,L07 是五门 liftback 轿车；后窗随长斜背尾门开启，侧面后部保留轿车体量,https://en.wikipedia.org/wiki/Deepal_L07
RU,Changan Qiyuan A07 Liftback 2023-2026 RU,Changan,Qiyuan A07,Liftback,2023-2026,两厢车,三厢车,联网判定：Liftback,Qiyuan A07 为五门 liftback 轿车；低矮长斜背车顶和长后悬对应三厢版型,https://en.wikipedia.org/wiki/Changan_Qiyuan_A07
RU,Changan UNI-V Liftback 2022-2026 RU,Changan,UNI-V,Liftback,2022-2026,两厢车,三厢车,联网判定：Liftback,UNI-V 是五门 liftback 紧凑轿车；车顶至尾部为连续长斜背，后部为轿跑式比例,https://en.wikipedia.org/wiki/Changan_UNI-V
RU,Changan UNI-V Liftback 2024-2026 RU,Changan,UNI-V,Liftback,2024-2026,两厢车,三厢车,联网判定：Liftback,UNI-V 是五门 liftback 紧凑轿车；车顶至尾部为连续长斜背，后部为轿跑式比例,https://en.wikipedia.org/wiki/Changan_UNI-V
RU,Changan UNI-V Liftback 2025-2026 RU,Changan,UNI-V,Liftback,2025-2026,两厢车,三厢车,联网判定：Liftback,UNI-V 是五门 liftback 紧凑轿车；车顶至尾部为连续长斜背，后部为轿跑式比例,https://en.wikipedia.org/wiki/Changan_UNI-V
RU,Dodge Charger Fastback 1966-1967 RU,Dodge,Charger,Fastback,1966-1967,两厢车,跑车,联网判定：Fastback,1966–67 Charger 为两门 fastback coupé，按双门跑车版型,https://en.wikipedia.org/wiki/Dodge_Charger_(1966)
RU,Dodge Charger Liftback 2024-2026 RU,Dodge,Charger,Liftback,2024-2026,两厢车,三厢车,联网判定：Liftback,第八代 Charger 为五门 liftback sedan；长斜背后部和四门轿车比例,https://en.wikipedia.org/wiki/Dodge_Charger_(2024)
RU,Ford Mondeo Liftback 1993-1996 RU,Ford,Mondeo,Liftback,1993-1996,两厢车,三厢车,联网判定：Liftback,Mondeo 的五门版本与四门轿车共用轴距及长后悬，是典型中型长斜背 liftback,https://en.wikipedia.org/wiki/Ford_Mondeo
RU,Ford Mondeo Liftback 1996-2000 RU,Ford,Mondeo,Liftback,1996-2000,两厢车,三厢车,联网判定：Liftback,Mondeo 的五门版本与四门轿车共用轴距及长后悬，是典型中型长斜背 liftback,https://en.wikipedia.org/wiki/Ford_Mondeo
RU,Ford Mondeo Liftback 2000-2003 RU,Ford,Mondeo,Liftback,2000-2003,两厢车,三厢车,联网判定：Liftback,Mondeo 的五门版本与四门轿车共用轴距及长后悬，是典型中型长斜背 liftback,https://en.wikipedia.org/wiki/Ford_Mondeo
RU,Ford Mondeo Liftback 2003-2007 RU,Ford,Mondeo,Liftback,2003-2007,两厢车,三厢车,联网判定：Liftback,Mondeo 的五门版本与四门轿车共用轴距及长后悬，是典型中型长斜背 liftback,https://en.wikipedia.org/wiki/Ford_Mondeo
RU,Ford Mondeo Liftback 2006-2010 RU,Ford,Mondeo,Liftback,2006-2010,两厢车,三厢车,联网判定：Liftback,Mondeo 的五门版本与四门轿车共用轴距及长后悬，是典型中型长斜背 liftback,https://en.wikipedia.org/wiki/Ford_Mondeo
RU,Ford Mondeo Liftback 2010-2014 RU,Ford,Mondeo,Liftback,2010-2014,两厢车,三厢车,联网判定：Liftback,Mondeo 的五门版本与四门轿车共用轴距及长后悬，是典型中型长斜背 liftback,https://en.wikipedia.org/wiki/Ford_Mondeo
RU,Ford Mondeo Liftback 2014-2019 RU,Ford,Mondeo,Liftback,2014-2019,两厢车,三厢车,联网判定：Liftback,Mondeo 的五门版本与四门轿车共用轴距及长后悬，是典型中型长斜背 liftback,https://en.wikipedia.org/wiki/Ford_Mondeo
RU,Ford Mondeo Liftback 2019-2022 RU,Ford,Mondeo,Liftback,2019-2022,两厢车,三厢车,联网判定：Liftback,Mondeo 的五门版本与四门轿车共用轴距及长后悬，是典型中型长斜背 liftback,https://en.wikipedia.org/wiki/Ford_Mondeo
RU,Hyundai IONIQ 6 Fastback 2022-2025 RU,Hyundai,IONIQ 6,Fastback,2022-2025,两厢车,三厢车,联网判定：Fastback,IONIQ 6 是四门 fastback sedan；车顶连续下滑但为完整轿车后部比例,https://en.wikipedia.org/wiki/Hyundai_Ioniq_6
RU,Hyundai IONIQ 6 Fastback 2025-2026 RU,Hyundai,IONIQ 6,Fastback,2025-2026,两厢车,三厢车,联网判定：Fastback,IONIQ 6 是四门 fastback sedan；车顶连续下滑但为完整轿车后部比例,https://en.wikipedia.org/wiki/Hyundai_Ioniq_6
RU,Hyundai IONIQ 6 N Fastback 2025-2026 RU,Hyundai,IONIQ 6,Fastback,2025-2026,两厢车,三厢车,联网判定：Fastback,IONIQ 6 是四门 fastback sedan；车顶连续下滑但为完整轿车后部比例,https://en.wikipedia.org/wiki/Hyundai_Ioniq_6
RU,Kia Stinger Liftback 2017-2021 RU,Kia,Stinger,Liftback,2017-2021,两厢车,三厢车,联网判定：Liftback,Stinger 为五门 liftback sports sedan；低矮长斜背和长后悬对应三厢版型,https://en.wikipedia.org/wiki/Kia_Stinger
RU,Kia Stinger Liftback 2020-2023 RU,Kia,Stinger,Liftback,2020-2023,两厢车,三厢车,联网判定：Liftback,Stinger 为五门 liftback sports sedan；低矮长斜背和长后悬对应三厢版型,https://en.wikipedia.org/wiki/Kia_Stinger
RU,Lotus Emeya Liftback 2024-2026 RU,Lotus,Emeya,Liftback,2024-2026,两厢车,三厢车,联网判定：Liftback,Emeya 是五门 liftback grand tourer；车顶至尾部为低矮长斜背，非短高尾门,https://en.wikipedia.org/wiki/Lotus_Emeya
RU,Mercedes-Benz AMG GT 4-Door Coupe Liftback 2018-2026 RU,Mercedes-Benz,AMG GT 4-Door Coupe,Liftback,2018-2026,两厢车,三厢车,联网判定：Liftback,AMG GT 4-Door Coupé 为五门 fastback 轿车；长斜背四门轿跑的后部体量接近三厢车,https://en.wikipedia.org/wiki/Mercedes-AMG_GT_4-Door_Coup%C3%A9
RU,Mercedes-Benz AMG GT 4-Door Coupe Liftback 2026-2026 RU,Mercedes-Benz,AMG GT 4-Door Coupe,Liftback,2026-2026,两厢车,三厢车,联网判定：Liftback,AMG GT 4-Door Coupé 为五门 fastback 轿车；长斜背四门轿跑的后部体量接近三厢车,https://en.wikipedia.org/wiki/Mercedes-AMG_GT_4-Door_Coup%C3%A9
RU,Mercedes-Benz EQS AMG Liftback 2021-2026 RU,Mercedes-Benz,EQS AMG,Liftback,2021-2026,两厢车,三厢车,联网判定：Liftback,Mercedes-AMG EQS 沿用 EQS 的五门长斜背车身与行政轿车后部比例,https://en.wikipedia.org/wiki/Mercedes-Benz_EQS
RU,Mercedes-Benz EQS Liftback 2021-2025 RU,Mercedes-Benz,EQS,Liftback,2021-2025,两厢车,三厢车,联网判定：Liftback,EQS 为五门 liftback executive car；长弧形车顶与长后部形成轿车版型,https://en.wikipedia.org/wiki/Mercedes-Benz_EQS
RU,Mercedes-Benz EQS Liftback 2024-2026 RU,Mercedes-Benz,EQS,Liftback,2024-2026,两厢车,三厢车,联网判定：Liftback,EQS 为五门 liftback executive car；长弧形车顶与长后部形成轿车版型,https://en.wikipedia.org/wiki/Mercedes-Benz_EQS
RU,Mercedes-Benz EQS Liftback 2026-2026 RU,Mercedes-Benz,EQS,Liftback,2026-2026,两厢车,三厢车,联网判定：Liftback,EQS 为五门 liftback executive car；长弧形车顶与长后部形成轿车版型,https://en.wikipedia.org/wiki/Mercedes-Benz_EQS
RU,Polestar 2 Liftback 2020-2023 RU,Polestar,2,Liftback,2020-2023,两厢车,三厢车,联网判定：Liftback,Polestar 2 是五门 liftback；车顶向长后部连续下滑，整体按紧凑轿车版型,https://en.wikipedia.org/wiki/Polestar_2
RU,Polestar 2 Liftback 2023-2026 RU,Polestar,2,Liftback,2023-2026,两厢车,三厢车,联网判定：Liftback,Polestar 2 是五门 liftback；车顶向长后部连续下滑，整体按紧凑轿车版型,https://en.wikipedia.org/wiki/Polestar_2
RU,Porsche Panamera Executive Liftback 2013-2016 RU,Porsche,Panamera,Liftback,2013-2016,两厢车,三厢车,联网判定：Liftback,Panamera 是五门 liftback/fastback luxury sedan；后窗随尾门开启但后悬长、车身比例为轿车,https://en.wikipedia.org/wiki/Porsche_Panamera
RU,Porsche Panamera Executive Liftback 2016-2020 RU,Porsche,Panamera,Liftback,2016-2020,两厢车,三厢车,联网判定：Liftback,Panamera 是五门 liftback/fastback luxury sedan；后窗随尾门开启但后悬长、车身比例为轿车,https://en.wikipedia.org/wiki/Porsche_Panamera
RU,Porsche Panamera Executive Liftback 2020-2024 RU,Porsche,Panamera,Liftback,2020-2024,两厢车,三厢车,联网判定：Liftback,Panamera 是五门 liftback/fastback luxury sedan；后窗随尾门开启但后悬长、车身比例为轿车,https://en.wikipedia.org/wiki/Porsche_Panamera
RU,Porsche Panamera Executive Liftback 2023-2026 RU,Porsche,Panamera,Liftback,2023-2026,两厢车,三厢车,联网判定：Liftback,Panamera 是五门 liftback/fastback luxury sedan；后窗随尾门开启但后悬长、车身比例为轿车,https://en.wikipedia.org/wiki/Porsche_Panamera
RU,Porsche Panamera Liftback 2009-2013 RU,Porsche,Panamera,Liftback,2009-2013,两厢车,三厢车,联网判定：Liftback,Panamera 是五门 liftback/fastback luxury sedan；后窗随尾门开启但后悬长、车身比例为轿车,https://en.wikipedia.org/wiki/Porsche_Panamera
RU,Porsche Panamera Liftback 2013-2016 RU,Porsche,Panamera,Liftback,2013-2016,两厢车,三厢车,联网判定：Liftback,Panamera 是五门 liftback/fastback luxury sedan；后窗随尾门开启但后悬长、车身比例为轿车,https://en.wikipedia.org/wiki/Porsche_Panamera
RU,Porsche Panamera Liftback 2016-2020 RU,Porsche,Panamera,Liftback,2016-2020,两厢车,三厢车,联网判定：Liftback,Panamera 是五门 liftback/fastback luxury sedan；后窗随尾门开启但后悬长、车身比例为轿车,https://en.wikipedia.org/wiki/Porsche_Panamera
RU,Porsche Panamera Liftback 2020-2024 RU,Porsche,Panamera,Liftback,2020-2024,两厢车,三厢车,联网判定：Liftback,Panamera 是五门 liftback/fastback luxury sedan；后窗随尾门开启但后悬长、车身比例为轿车,https://en.wikipedia.org/wiki/Porsche_Panamera
RU,Porsche Panamera Liftback 2023-2026 RU,Porsche,Panamera,Liftback,2023-2026,两厢车,三厢车,联网判定：Liftback,Panamera 是五门 liftback/fastback luxury sedan；后窗随尾门开启但后悬长、车身比例为轿车,https://en.wikipedia.org/wiki/Porsche_Panamera
RU,Skoda Octavia Liftback 1996-2000 RU,Skoda,Octavia,Liftback,1996-2000,两厢车,三厢车,联网判定：Liftback,Octavia 为五门 liftback；与 estate 分列，长后悬和低斜背对应轿车版型,https://en.wikipedia.org/wiki/%C5%A0koda_Octavia
RU,Skoda Octavia Liftback 2000-2011 RU,Skoda,Octavia,Liftback,2000-2011,两厢车,三厢车,联网判定：Liftback,Octavia 为五门 liftback；与 estate 分列，长后悬和低斜背对应轿车版型,https://en.wikipedia.org/wiki/%C5%A0koda_Octavia
RU,Skoda Octavia Liftback 2004-2009 RU,Skoda,Octavia,Liftback,2004-2009,两厢车,三厢车,联网判定：Liftback,Octavia 为五门 liftback；与 estate 分列，长后悬和低斜背对应轿车版型,https://en.wikipedia.org/wiki/%C5%A0koda_Octavia
RU,Skoda Octavia Liftback 2008-2013 RU,Skoda,Octavia,Liftback,2008-2013,两厢车,三厢车,联网判定：Liftback,Octavia 为五门 liftback；与 estate 分列，长后悬和低斜背对应轿车版型,https://en.wikipedia.org/wiki/%C5%A0koda_Octavia
RU,Skoda Octavia Liftback 2013-2017 RU,Skoda,Octavia,Liftback,2013-2017,两厢车,三厢车,联网判定：Liftback,Octavia 为五门 liftback；与 estate 分列，长后悬和低斜背对应轿车版型,https://en.wikipedia.org/wiki/%C5%A0koda_Octavia
RU,Skoda Octavia Liftback 2017-2023 RU,Skoda,Octavia,Liftback,2017-2023,两厢车,三厢车,联网判定：Liftback,Octavia 为五门 liftback；与 estate 分列，长后悬和低斜背对应轿车版型,https://en.wikipedia.org/wiki/%C5%A0koda_Octavia
RU,Skoda Octavia Liftback 2019-2026 RU,Skoda,Octavia,Liftback,2019-2026,两厢车,三厢车,联网判定：Liftback,Octavia 为五门 liftback；与 estate 分列，长后悬和低斜背对应轿车版型,https://en.wikipedia.org/wiki/%C5%A0koda_Octavia
RU,Skoda Octavia Liftback 2024-2026 RU,Skoda,Octavia,Liftback,2024-2026,两厢车,三厢车,联网判定：Liftback,Octavia 为五门 liftback；与 estate 分列，长后悬和低斜背对应轿车版型,https://en.wikipedia.org/wiki/%C5%A0koda_Octavia
RU,Skoda Octavia RS Liftback 2001-2006 RU,Skoda,Octavia RS,Liftback,2001-2006,两厢车,三厢车,联网判定：Liftback,Octavia RS liftback 沿用 Octavia 的五门长斜背轿车车身，非 Combi estate,https://en.wikipedia.org/wiki/%C5%A0koda_Octavia
RU,Skoda Octavia RS Liftback 2005-2008 RU,Skoda,Octavia RS,Liftback,2005-2008,两厢车,三厢车,联网判定：Liftback,Octavia RS liftback 沿用 Octavia 的五门长斜背轿车车身，非 Combi estate,https://en.wikipedia.org/wiki/%C5%A0koda_Octavia
RU,Skoda Octavia RS Liftback 2008-2013 RU,Skoda,Octavia RS,Liftback,2008-2013,两厢车,三厢车,联网判定：Liftback,Octavia RS liftback 沿用 Octavia 的五门长斜背轿车车身，非 Combi estate,https://en.wikipedia.org/wiki/%C5%A0koda_Octavia
RU,Skoda Octavia RS Liftback 2013-2017 RU,Skoda,Octavia RS,Liftback,2013-2017,两厢车,三厢车,联网判定：Liftback,Octavia RS liftback 沿用 Octavia 的五门长斜背轿车车身，非 Combi estate,https://en.wikipedia.org/wiki/%C5%A0koda_Octavia
RU,Skoda Octavia RS Liftback 2017-2020 RU,Skoda,Octavia RS,Liftback,2017-2020,两厢车,三厢车,联网判定：Liftback,Octavia RS liftback 沿用 Octavia 的五门长斜背轿车车身，非 Combi estate,https://en.wikipedia.org/wiki/%C5%A0koda_Octavia
RU,Skoda Octavia RS Liftback 2020-2024 RU,Skoda,Octavia RS,Liftback,2020-2024,两厢车,三厢车,联网判定：Liftback,Octavia RS liftback 沿用 Octavia 的五门长斜背轿车车身，非 Combi estate,https://en.wikipedia.org/wiki/%C5%A0koda_Octavia
RU,Skoda Octavia RS Liftback 2024-2026 RU,Skoda,Octavia RS,Liftback,2024-2026,两厢车,三厢车,联网判定：Liftback,Octavia RS liftback 沿用 Octavia 的五门长斜背轿车车身，非 Combi estate,https://en.wikipedia.org/wiki/%C5%A0koda_Octavia
RU,Skoda Rapid Liftback 2012-2017 RU,Skoda,Rapid,Liftback,2012-2017,两厢车,三厢车,联网判定：Liftback,Rapid 为五门 liftback；与短尾 Spaceback 分列，具有长后悬轿车式尾部,https://en.wikipedia.org/wiki/%C5%A0koda_Rapid_(2012)
RU,Skoda Rapid Liftback 2017-2020 RU,Skoda,Rapid,Liftback,2017-2020,两厢车,三厢车,联网判定：Liftback,Rapid 为五门 liftback；与短尾 Spaceback 分列，具有长后悬轿车式尾部,https://en.wikipedia.org/wiki/%C5%A0koda_Rapid_(2012)
RU,Skoda Rapid Liftback 2020-2023 RU,Skoda,Rapid,Liftback,2020-2023,两厢车,三厢车,联网判定：Liftback,Rapid 为五门 liftback；与短尾 Spaceback 分列，具有长后悬轿车式尾部,https://en.wikipedia.org/wiki/%C5%A0koda_Rapid_(2012)
RU,Skoda Superb Liftback 2008-2013 RU,Skoda,Superb,Liftback,2008-2013,两厢车,三厢车,联网判定：Liftback,Superb liftback/Twindoor 具有轿车长后悬；尾门可连后窗开启但外轮廓为三厢轿车,https://en.wikipedia.org/wiki/%C5%A0koda_Superb
RU,Skoda Superb Liftback 2013-2015 RU,Skoda,Superb,Liftback,2013-2015,两厢车,三厢车,联网判定：Liftback,Superb liftback/Twindoor 具有轿车长后悬；尾门可连后窗开启但外轮廓为三厢轿车,https://en.wikipedia.org/wiki/%C5%A0koda_Superb
RU,Skoda Superb Liftback 2015-2019 RU,Skoda,Superb,Liftback,2015-2019,两厢车,三厢车,联网判定：Liftback,Superb liftback/Twindoor 具有轿车长后悬；尾门可连后窗开启但外轮廓为三厢轿车,https://en.wikipedia.org/wiki/%C5%A0koda_Superb
RU,Skoda Superb Liftback 2019-2026 RU,Skoda,Superb,Liftback,2019-2026,两厢车,三厢车,联网判定：Liftback,Superb liftback/Twindoor 具有轿车长后悬；尾门可连后窗开启但外轮廓为三厢轿车,https://en.wikipedia.org/wiki/%C5%A0koda_Superb
RU,Skoda Superb Liftback 2023-2026 RU,Skoda,Superb,Liftback,2023-2026,两厢车,三厢车,联网判定：Liftback,Superb liftback/Twindoor 具有轿车长后悬；尾门可连后窗开启但外轮廓为三厢轿车,https://en.wikipedia.org/wiki/%C5%A0koda_Superb
RU,Tesla Model S Liftback 2012-2016 RU,Tesla,Model S,Liftback,2012-2016,两厢车,三厢车,联网判定：Liftback,Model S 为五门 liftback sedan；低矮连续车顶和长后部适用三厢车衣版型,https://en.wikipedia.org/wiki/Tesla_Model_S
RU,Tesla Model S Liftback 2016-2021 RU,Tesla,Model S,Liftback,2016-2021,两厢车,三厢车,联网判定：Liftback,Model S 为五门 liftback sedan；低矮连续车顶和长后部适用三厢车衣版型,https://en.wikipedia.org/wiki/Tesla_Model_S
RU,Tesla Model S Liftback 2021-2026 RU,Tesla,Model S,Liftback,2021-2026,两厢车,三厢车,联网判定：Liftback,Model S 为五门 liftback sedan；低矮连续车顶和长后部适用三厢车衣版型,https://en.wikipedia.org/wiki/Tesla_Model_S
RU,Volkswagen Arteon Liftback 2017-2020 RU,Volkswagen,Arteon,Liftback,2017-2020,两厢车,三厢车,联网判定：Liftback,Arteon 为五门 liftback；长斜背四门轿跑车顶和后悬对应三厢版型,https://en.wikipedia.org/wiki/Volkswagen_Arteon
RU,Volkswagen Arteon Liftback 2020-2024 RU,Volkswagen,Arteon,Liftback,2020-2024,两厢车,三厢车,联网判定：Liftback,Arteon 为五门 liftback；长斜背四门轿跑车顶和后悬对应三厢版型,https://en.wikipedia.org/wiki/Volkswagen_Arteon
RU,Volkswagen Arteon R Liftback 2020-2024 RU,Volkswagen,Arteon R,Liftback,2020-2024,两厢车,三厢车,联网判定：Liftback,Arteon R 沿用 Arteon 的五门长斜背 liftback 车身，后部体量为轿车式,https://en.wikipedia.org/wiki/Volkswagen_Arteon
RU,Volkswagen ID.7 Liftback 2023-2026 RU,Volkswagen,ID.7,Liftback,2023-2026,两厢车,三厢车,联网判定：Liftback,ID.7 为五门 liftback fastback 轿车；低矮车顶延伸至长后部,https://en.wikipedia.org/wiki/Volkswagen_ID.7
RU,Volkswagen Passat CC Liftback 2018-2020 RU,Volkswagen,Passat CC,Liftback,2018-2020,两厢车,三厢车,联网判定：Liftback,源条目为 2018 后的五门 liftback 版本；长斜背四门轿跑外轮廓,https://en.wikipedia.org/wiki/Volkswagen_Arteon
RU,Volkswagen Passat CC Liftback 2020-2026 RU,Volkswagen,Passat CC,Liftback,2020-2026,两厢车,三厢车,联网判定：Liftback,源条目为 2018 后的五门 liftback 版本；长斜背四门轿跑外轮廓,https://en.wikipedia.org/wiki/Volkswagen_Arteon
RU,Zeekr 001 Liftback 2021-2024 RU,Zeekr,001,Liftback,2021-2024,两厢车,三厢车,联网判定：Liftback,Zeekr 001 为五门 shooting-brake/liftback；低矮长车顶与长后部按三厢车版型,https://en.wikipedia.org/wiki/Zeekr_001
RU,Zeekr 001 Liftback 2023-2026 RU,Zeekr,001,Liftback,2023-2026,两厢车,三厢车,联网判定：Liftback,Zeekr 001 为五门 shooting-brake/liftback；低矮长车顶与长后部按三厢车版型,https://en.wikipedia.org/wiki/Zeekr_001
RU,Zeekr 001 Liftback 2025-2026 RU,Zeekr,001,Liftback,2025-2026,两厢车,三厢车,联网判定：Liftback,Zeekr 001 为五门 shooting-brake/liftback；低矮长车顶与长后部按三厢车版型,https://en.wikipedia.org/wiki/Zeekr_001
