地区,DIMENSION-ID,车形,处理状态,缓存来源
US,Acura ADX SUV 2025-2026,SU1,缓存精确继承,车形分类核定/cache/model_shape_cache.csv
US,Acura CL Coupe 1997-1999,SD0,缓存精确继承,https://www.acura.com/news-and-press/press-release-detail?article=3389-en
US,Acura CL Coupe 2001-2003,SD0,缓存精确继承,https://www.acura.com/news-and-press/press-release-detail?article=3389-en
US,Acura ILX Sedan 2013-2015,SD1,缓存精确继承,https://www.acura.com/news-and-press/press-release-detail?article=8304-en
US,Acura ILX Sedan 2016-2018,SD1,缓存精确继承,https://www.acura.com/news-and-press/press-release-detail?article=8304-en
US,Acura ILX Sedan 2019-2022,SD1,缓存精确继承,https://www.acura.com/news-and-press/press-release-detail?article=8304-en
US,Acura Integra Coupe 1994,SD0,缓存精确继承,https://www.acura.com/news-and-press/press-release-detail?article=3389-en
US,Acura Integra Coupe 1995-2001,SD0,缓存精确继承,https://www.acura.com/news-and-press/press-release-detail?article=3389-en
US,Acura Integra Hatchback 1986-1989,H0,缓存精确继承,https://www.acura.com/news-and-press/press-release-detail?article=3389-en
US,Acura Integra Hatchback 1990,H0,缓存精确继承,https://www.acura.com/news-and-press/press-release-detail?article=3389-en
US,Acura Integra Hatchback 1991-1993,H0,缓存精确继承,https://www.acura.com/news-and-press/press-release-detail?article=3389-en
US,Acura Integra Hatchback 2023-2026,H0,缓存精确继承,https://www.acura.com/news-and-press/press-release-detail?article=3389-en
US,Acura Integra Sedan 1990,SD0,缓存精确继承,https://www.acura.com/news-and-press/press-release-detail?article=3389-en
US,Acura Integra Sedan 1991-1993,SD0,缓存精确继承,https://www.acura.com/news-and-press/press-release-detail?article=3389-en
US,Acura Integra Sedan 1994,SD0,缓存精确继承,https://www.acura.com/news-and-press/press-release-detail?article=3389-en
US,Acura Integra Sedan 1995-2001,SD0,缓存精确继承,https://www.acura.com/news-and-press/press-release-detail?article=3389-en
US,Acura Integra Type S Hatchback 2024-2026,H0,缓存精确继承,https://www.acura.com/news-and-press/press-release-detail?article=3389-en
US,Acura Legend Coupe 1987-1990,SD1,缓存精确继承,https://www.honda.com/heritage
US,Acura Legend Coupe 1991-1995,SD1,缓存精确继承,https://www.acura.com/news-and-press/press-release-detail?article=3389-en
US,Acura Legend Sedan 1986-1988,SD1,缓存精确继承,https://www.honda.com/heritage
US,Acura Legend Sedan 1989-1990,SD1,缓存精确继承,https://www.honda.com/heritage
US,Acura Legend Sedan 1991-1995,SD1,缓存精确继承,https://www.acura.com/news-and-press/press-release-detail?article=3389-en
US,Acura MDX SUV 2001-2002,SU1,缓存精确继承,https://www.acura.com/suvs/mdx/
US,Acura MDX SUV 2003,SU1,缓存精确继承,https://www.acura.com/suvs/mdx/
US,Acura MDX SUV 2004,SU1,缓存精确继承,https://www.acura.com/suvs/mdx/
US,Acura MDX SUV 2005-2006,SU1,缓存精确继承,https://www.acura.com/suvs/mdx/
US,Acura MDX SUV 2007,SU1,缓存精确继承,https://www.acura.com/suvs/mdx/
US,Acura MDX SUV 2008-2009,SU1,缓存精确继承,https://www.acura.com/suvs/mdx/
US,Acura MDX SUV 2010-2013,SU1,缓存精确继承,https://www.acura.com/suvs/mdx/
US,Acura MDX SUV 2014-2016,SU1,缓存精确继承,https://www.acura.com/suvs/mdx/
US,Acura MDX SUV 2017-2020,SU1,缓存精确继承,https://www.acura.com/suvs/mdx/
US,Acura MDX SUV 2022-2024,SU1,缓存精确继承,https://www.acura.com/suvs/mdx/
US,Acura MDX Type S SUV 2025-2026,SU1,缓存精确继承,https://www.acura.com/suvs/mdx/
US,Acura NSX Coupe 1991-1994,SD0,缓存精确继承,https://www.acura.com/news-and-press/press-release-detail?article=10838-en
US,Acura NSX Coupe 1995,SD0,缓存精确继承,https://www.acura.com/news-and-press/press-release-detail?article=10838-en
US,Acura NSX Coupe 1996-2005,SD0,缓存精确继承,https://www.acura.com/news-and-press/press-release-detail?article=10838-en
US,Acura NSX Coupe 2017-2021,SD0,缓存精确继承,https://www.acura.com/news-and-press/press-release-detail?article=10838-en
US,Acura NSX Type S Coupe 2022,SD0,缓存精确继承,https://www.acura.com/news-and-press/press-release-detail?article=10838-en
US,Acura RDX SUV 2007-2009,SU1,缓存精确继承,车形分类核定/cache/model_shape_cache.csv
US,Acura RDX SUV 2010-2012,SU1,缓存精确继承,车形分类核定/cache/model_shape_cache.csv
US,Acura RDX SUV 2013-2015,SU1,缓存精确继承,车形分类核定/cache/model_shape_cache.csv
US,Acura RDX SUV 2016-2018,SU1,缓存精确继承,车形分类核定/cache/model_shape_cache.csv
US,Acura RDX SUV 2020-2021,SU1,缓存精确继承,车形分类核定/cache/model_shape_cache.csv
US,Acura RDX SUV 2022-2026,SU1,缓存精确继承,车形分类核定/cache/model_shape_cache.csv
US,Acura RL Sedan 1996-1998,SD1,缓存精确继承,https://www.acura.com/news-and-press/press-release-detail?article=3389-en
US,Acura RL Sedan 1999,SD1,缓存精确继承,https://www.acura.com/news-and-press/press-release-detail?article=3389-en
US,Acura RL Sedan 2000-2003,SD1,缓存精确继承,https://www.acura.com/news-and-press/press-release-detail?article=3389-en
US,Acura RL Sedan 2004,SD1,缓存精确继承,https://www.acura.com/news-and-press/press-release-detail?article=3389-en
US,Acura RLX Sedan 2014-2017,SD1,缓存精确继承,https://www.acura.com/news-and-press/press-release-detail?article=6614-en
US,Acura RLX Sedan 2018,SD1,缓存精确继承,https://www.acura.com/news-and-press/press-release-detail?article=6614-en
US,Acura RLX Sedan 2019-2020,SD1,缓存精确继承,https://www.acura.com/news-and-press/press-release-detail?article=6614-en
US,Acura RSX Hatchback 2002,SD0,缓存精确继承,https://www.acura.com/news-and-press/press-release-detail?article=1022-en
US,Acura RSX Hatchback 2003-2004,SD0,缓存精确继承,https://www.acura.com/news-and-press/press-release-detail?article=1022-en
US,Acura RSX Hatchback 2005-2006,SD0,缓存精确继承,https://www.acura.com/news-and-press/press-release-detail?article=1022-en
US,Acura SLX SUV 1996,SU2,缓存精确继承,https://www.acura.com/news-and-press/press-release-detail?article=3389-en
US,Acura SLX SUV 1997,SU2,缓存精确继承,https://www.acura.com/news-and-press/press-release-detail?article=3389-en
US,Acura SLX SUV 1998-1999,SU2,缓存精确继承,https://www.acura.com/news-and-press/press-release-detail?article=3389-en
US,Acura TL SH-AWD Sedan 2009-2014,SD1,缓存精确继承,https://www.acura.com/news-and-press/press-release-detail?article=5962-en
US,Acura TL Sedan 1996-1998,SD1,缓存精确继承,https://www.acura.com/news-and-press/press-release-detail?article=5962-en
US,Acura TL Type-S Sedan 1999,SD1,缓存精确继承,https://www.acura.com/news-and-press/press-release-detail?article=5962-en
US,Acura TL Type-S Sedan 2000-2003,SD1,缓存精确继承,https://www.acura.com/news-and-press/press-release-detail?article=5962-en
US,Acura TL Type-S Sedan 2004-2008,SD1,缓存精确继承,https://www.acura.com/news-and-press/press-release-detail?article=5962-en
US,Acura TLX Sedan 2015-2017,SD1,缓存精确继承,https://www.acura.com/news-and-press/press-release-detail?article=3389-en
US,Acura TLX Sedan 2018-2020,SD1,缓存精确继承,https://www.acura.com/news-and-press/press-release-detail?article=3389-en
US,Acura TLX Type S Sedan 2021-2025,SD1,缓存精确继承,https://www.acura.com/news-and-press/press-release-detail?article=3389-en
US,Acura TSX Sedan 2004-2008,SD1,缓存精确继承,https://www.acura.com/news-and-press/press-release-detail?article=5962-en
US,Acura TSX Sedan 2009,SD1,缓存精确继承,https://www.acura.com/news-and-press/press-release-detail?article=5962-en
US,Acura TSX Sedan 2010-2014,SD1,缓存精确继承,https://www.acura.com/news-and-press/press-release-detail?article=5962-en
US,Acura TSX Wagon 2011,H2,缓存精确继承,https://www.acura.com/news-and-press/press-release-detail?article=5962-en
US,Acura TSX Wagon 2012-2014,H2,缓存精确继承,https://www.acura.com/news-and-press/press-release-detail?article=5962-en
US,Acura ZDX SUV 2010-2013,SU0,缓存精确继承,https://www.acura.com/news-and-press/press-release-detail?article=5125-en
US,Acura ZDX SUV 2024-2025,SU1,缓存精确继承,https://www.acurainfocenter.com/2024/ZDX/Feature-Guide/Exterior-Features/Progressive-Aggressive-Styling/
US,Alfa Romeo 4C Convertible 2016-2020,SD0,缓存精确继承,https://www.alfaromeo.com/end-of-series/4c-spider
US,Alfa Romeo 4C Coupe 2015,SD0,缓存精确继承,https://www.alfaromeo.com/end-of-series/4c-spider
US,Alfa Romeo GIULIA Quadrifoglio Sedan 2020,SD1,缓存精确继承,https://www.alfaromeousa.com/models/giulia
US,Alfa Romeo GIULIA Sedan 2017-2019,SD1,缓存精确继承,https://www.alfaromeousa.com/models/giulia
US,Alfa Romeo GIULIA Sedan 2020,SD1,缓存精确继承,https://www.alfaromeousa.com/models/giulia
US,Alfa Romeo GIULIA Sedan 2021-2024,SD1,缓存精确继承,https://www.alfaromeousa.com/models/giulia
US,Alfa Romeo GIULIA Sedan 2025-2026,SD1,缓存精确继承,https://www.alfaromeousa.com/models/giulia
US,Alfa Romeo Stelvio SUV 2018-2024,SU1,缓存精确继承,https://www.alfaromeousa.com/luxury-vehicles/luxury-suvs
US,Alfa Romeo Stelvio SUV 2025-2026,SU1,缓存精确继承,https://www.alfaromeousa.com/luxury-vehicles/luxury-suvs
US,Alfa Romeo Tonale SUV 2024-2026,SU1,缓存精确继承,https://www.alfaromeousa.com/luxury-vehicles/luxury-suvs
US,Audi 90 Sedan 1995,SD1,缓存精确继承,https://www.audiusa.com/en/models/
US,Audi A3 Hatchback 2006-2008,H0,缓存精确继承,https://www.audiusa.com/en/models/
US,Audi A3 Hatchback 2009-2013,H0,缓存精确继承,https://www.audiusa.com/en/models/
US,Audi A3 e-tron Hatchback 2016-2018,H0,缓存精确继承,https://www.audiusa.com/en/models/
US,Audi A3/S3 Sedan 2015-2016,SD1,缓存精确继承,https://media.audiusa.com/releases/480
US,Audi A3/S3/RS3 Sedan 2017-2020,SD1,缓存精确继承,https://media.audiusa.com/releases/641
US,Audi A3/S3/RS3 Sedan 2022-2024,SD1,缓存精确继承,https://media.audiusa.com/releases/641
US,Audi A3/S3/RS3 Sedan 2025-2026,SD1,缓存精确继承,https://media.audiusa.com/releases/641
US,Audi A4 Convertible 2003,SD1,缓存精确继承,https://media.audiusa.com/releases/469
US,Audi A4 Sedan 1996-1999,SD1,缓存精确继承,https://media.audiusa.com/releases/469
US,Audi A4 Sedan 2002-2003,SD1,缓存精确继承,https://media.audiusa.com/releases/469
US,Audi A4 Sedan 2009,SD1,缓存精确继承,https://media.audiusa.com/releases/469
US,Audi A4 Wagon 1999,H2,缓存精确继承,https://media.audiusa.com/releases/469
US,Audi A4 Wagon 2002-2003,H2,缓存精确继承,https://media.audiusa.com/releases/469
US,Audi A4 Wagon 2009-2012,H2,缓存精确继承,https://media.audiusa.com/releases/469
US,Audi A4 allroad quattro Wagon 2013-2016,H2,缓存精确继承,https://www.audiusa.com/en/models/
US,Audi A4 allroad quattro Wagon 2017-2019,H2,缓存精确继承,https://www.audiusa.com/en/models/
US,Audi A4 allroad quattro Wagon 2020-2025,H2,缓存精确继承,https://www.audiusa.com/en/models/
US,Audi A4/S4 Convertible 2004-2005,SD1,缓存精确继承,https://media.audiusa.com/releases/469
US,Audi A4/S4 Convertible 2006-2009,SD1,缓存精确继承,https://media.audiusa.com/releases/469
US,Audi A4/S4 Sedan 2000-2001,SD1,缓存精确继承,https://media.audiusa.com/releases/469
US,Audi A4/S4 Sedan 2004-2005,SD1,缓存精确继承,https://media.audiusa.com/releases/469
US,Audi A4/S4 Sedan 2006,SD1,缓存精确继承,https://media.audiusa.com/releases/469
US,Audi A4/S4 Sedan 2010-2012,SD1,缓存精确继承,https://media.audiusa.com/releases/469
US,Audi A4/S4 Sedan 2013-2016,SD1,缓存精确继承,https://media.audiusa.com/releases/469
US,Audi A4/S4 Sedan 2017-2019,SD1,缓存精确继承,https://media.audiusa.com/releases/469
US,Audi A4/S4 Sedan 2020-2025,SD1,缓存精确继承,https://media.audiusa.com/releases/469
US,Audi A4/S4 Wagon 2000-2001,H2,缓存精确继承,https://media.audiusa.com/releases/469
US,Audi A4/S4 Wagon 2004-2005,H2,缓存精确继承,https://media.audiusa.com/releases/469
US,Audi A4/S4 Wagon 2006-2008,H2,缓存精确继承,https://media.audiusa.com/releases/469
US,Audi A4/S4/RS4 Convertible 2008,SD1,缓存精确继承,https://www.audiusa.com/en/models/
US,Audi A4/S4/RS4 Sedan 2007-2008,SD1,缓存精确继承,https://www.audiusa.com/en/models/
US,Audi A5/S5 Convertible 2010-2013,SD0,缓存精确继承,https://media.audiusa.com/models/a5s5-sportback
US,Audi A5/S5 Convertible 2019-2024,SD0,缓存精确继承,https://media.audiusa.com/models/a5s5-sportback
US,Audi A5/S5 Coupe 2008-2012,SD0,缓存精确继承,https://media.audiusa.com/models/a5s5-sportback
US,Audi A5/S5 Liftback 2026,SD0,缓存精确继承,https://media.audiusa.com/models/a5s5-sportback
US,Audi A5/S5/RS5 Convertible 2014-2017,SD0,缓存精确继承,https://media.audiusa.com/models/a5s5-sportback
US,Audi A5/S5/RS5 Coupe 2013-2017,SD0,缓存精确继承,https://media.audiusa.com/models/a5s5-sportback
US,Audi A5/S5/RS5 Coupe 2018-2024,SD0,缓存精确继承,https://media.audiusa.com/models/a5s5-sportback
US,Audi A5/S5/RS5 Liftback 2018-2019,SD0,缓存精确继承,https://media.audiusa.com/models/a5s5-sportback
US,Audi A5/S5/RS5 Liftback 2020-2024,SD0,缓存精确继承,https://media.audiusa.com/models/a5s5-sportback
US,Audi A5/S5/RS5 Liftback 2025,SD0,缓存精确继承,https://media.audiusa.com/models/a5s5-sportback
US,Audi A6 Sedan 1998-2000,SD1,缓存精确继承,https://media.audiusa.com/releases/469
US,Audi A6 Sedan 2026,SD1,缓存精确继承,https://media.audiusa.com/releases/469
US,Audi A6 Wagon 1998-2000,H2,缓存精确继承,https://media.audiusa.com/releases/469
US,Audi A6 Wagon 2006-2011,H2,缓存精确继承,https://media.audiusa.com/releases/469
US,Audi A6 allroad quattro Wagon 2001-2005,H2,缓存精确继承,https://media.audiusa.com/releases/469
US,Audi A6 allroad quattro Wagon 2020-2025,H2,缓存精确继承,https://media.audiusa.com/releases/469
US,Audi A6 e-tron/S6 e-tron Liftback 2025,SD1,缓存精确继承,https://www.audiusa.com/en/models/
US,Audi A6/S6 Sedan 1995-1997,SD1,缓存精确继承,https://media.audiusa.com/releases/469
US,Audi A6/S6 Sedan 2005-2011,SD1,缓存精确继承,https://media.audiusa.com/releases/469
US,Audi A6/S6 Sedan 2012-2018,SD1,缓存精确继承,https://media.audiusa.com/releases/469
US,Audi A6/S6 Sedan 2019-2025,SD1,缓存精确继承,https://media.audiusa.com/releases/469
US,Audi A6/S6 Wagon 2001-2004,H2,缓存精确继承,https://media.audiusa.com/releases/469
US,Audi A6/S6/RS6 Sedan 2001-2004,SD1,缓存精确继承,https://media.audiusa.com/releases/469
US,Audi A7/S7/RS7 Liftback 2012-2018,SD1,缓存精确继承,https://media.audiusa.com/models/a5s5-sportback
US,Audi A7/S7/RS7 Liftback 2019-2025,SD1,缓存精确继承,https://media.audiusa.com/models/a5s5-sportback
US,Audi A8/S8 LWB Sedan 2000-2003,SD1,缓存精确继承,https://www.audiusa.com/en/models/a8/a8-sedan/2027/overview/
US,Audi A8/S8 LWB Sedan 2004-2010,SD1,缓存精确继承,https://www.audiusa.com/en/models/a8/a8-sedan/2027/overview/
US,Audi A8/S8 LWB Sedan 2011-2018,SD1,缓存精确继承,https://www.audiusa.com/en/models/a8/a8-sedan/2027/overview/
US,Audi A8/S8 Sedan 1997-2003,SD1,缓存精确继承,https://www.audiusa.com/en/models/a8/a8-sedan/2027/overview/
US,Audi A8/S8 Sedan 2004-2010,SD1,缓存精确继承,https://www.audiusa.com/en/models/a8/a8-sedan/2027/overview/
US,Audi A8/S8 Sedan 2011-2018,SD1,缓存精确继承,https://www.audiusa.com/en/models/a8/a8-sedan/2027/overview/
US,Audi A8/S8 Sedan 2019-2026,SD1,缓存精确继承,https://www.audiusa.com/en/models/a8/a8-sedan/2027/overview/
US,Audi Cabriolet Convertible 1995-1998,SD0,缓存精确继承,https://media.audiusa.com/models/audi-sport
US,Audi Q3 SUV 2015-2018,SU1,缓存精确继承,https://www.audiusa.com/en/models/
US,Audi Q3 SUV 2019-2020,SU1,缓存精确继承,https://www.audiusa.com/en/models/
US,Audi Q3 SUV 2021-2025,SU1,缓存精确继承,https://www.audiusa.com/en/models/
US,Audi Q3 SUV 2026,SU1,缓存精确继承,https://www.audiusa.com/en/models/
US,Audi Q4 e-tron SUV 2022-2026,SU1,缓存精确继承,https://media.audiusa.com/releases/468%26lang%3Den
US,Audi Q4 e-tron Sportback SUV 2022-2026,SU1,缓存精确继承,https://media.audiusa.com/releases/468%26lang%3Den
US,Audi Q5 SUV 2009-2013,SU1,缓存精确继承,https://www.audiusa.com/en/models/
US,Audi Q5/SQ5 SUV 2014-2017,SU1,缓存精确继承,https://media.audiusa.com/models/q5-sportback
US,Audi Q5/SQ5 SUV 2018-2024,SU1,缓存精确继承,https://media.audiusa.com/models/q5-sportback
US,Audi Q5/SQ5 SUV 2025-2026,SU1,缓存精确继承,https://media.audiusa.com/models/q5-sportback
US,Audi Q5/SQ5 Sportback SUV 2021-2024,SU1,缓存精确继承,https://media.audiusa.com/models/q5-sportback
US,Audi Q5/SQ5 Sportback SUV 2026,SU1,缓存精确继承,https://media.audiusa.com/models/q5-sportback
US,Audi Q6/SQ6 e-tron SUV 2025,SU1,缓存精确继承,https://media.audiusa.com/models/q6-e-tron
US,Audi Q6/SQ6 e-tron Sportback SUV 2025,SU1,缓存精确继承,https://media.audiusa.com/models/q6-e-tron
US,Audi Q7 SUV 2007-2015,SU1,缓存精确继承,https://www.audiusa.com/en/models/
US,Audi Q7 SUV 2017-2019,SU1,缓存精确继承,https://www.audiusa.com/en/models/
US,Audi Q7/SQ7 SUV 2020-2026,SU1,缓存精确继承,https://www.audiusa.com/en/models/
US,Audi Q8 SUV 2019,SU1,缓存精确继承,https://press.audi.co.uk/releases/82
US,Audi Q8 e-tron/SQ8 e-tron SUV 2024-2025,SU1,缓存精确继承,https://media.audiusa.com/models/q8-e-tron
US,Audi Q8 e-tron/SQ8 e-tron Sportback SUV 2024-2025,SU1,缓存精确继承,https://media.audiusa.com/models/q8-e-tron
US,Audi Q8/SQ8/RS Q8 SUV 2020-2024,SU1,缓存精确继承,https://press.audi.co.uk/releases/82
US,Audi Q8/SQ8/RS Q8 SUV 2025-2026,SU1,缓存精确继承,https://press.audi.co.uk/releases/82
US,Audi R8/R8 GT Coupe 2008-2015,SD0,缓存精确继承,https://media.audiusa.com/models/audi-sport
US,Audi R8/R8 GT Coupe 2017-2023,SD0,缓存精确继承,https://media.audiusa.com/models/audi-sport
US,Audi R8/R8 GT Spyder Convertible 2011-2015,SD0,缓存精确继承,https://media.audiusa.com/models/audi-sport
US,Audi R8/R8 GT Spyder Convertible 2017-2023,SD0,缓存精确继承,https://media.audiusa.com/models/audi-sport
US,Audi RS6 Avant Wagon 2021-2026,H2,缓存精确继承,https://media.audiusa.com/models/audi-sport
US,Audi RS7 Liftback 2026,SD1,缓存精确继承,https://media.audiusa.com/models/audi-sport
US,Audi TT/TTS/TT RS Convertible 2001-2006,SD0,缓存精确继承,https://media.audiusa.com/models/audi-sport
US,Audi TT/TTS/TT RS Convertible 2008-2015,SD0,缓存精确继承,https://media.audiusa.com/models/audi-sport
US,Audi TT/TTS/TT RS Convertible 2016-2023,SD0,缓存精确继承,https://media.audiusa.com/models/audi-sport
US,Audi TT/TTS/TT RS Coupe 2000-2006,SD0,缓存精确继承,https://media.audiusa.com/models/audi-sport
US,Audi TT/TTS/TT RS Coupe 2008-2015,SD0,缓存精确继承,https://media.audiusa.com/models/audi-sport
US,Audi TT/TTS/TT RS Coupe 2016-2023,SD0,缓存精确继承,https://media.audiusa.com/models/audi-sport
US,Audi e-tron GT/RS e-tron GT Sedan 2022-2024,SD0,缓存精确继承,https://www.audiusa.com/en/models/e-tron-gt/s-e-tron-gt/2026/overview/
US,Audi e-tron GT/S e-tron GT/RS e-tron GT Sedan 2025-2026,SD0,缓存精确继承,https://www.audiusa.com/en/models/e-tron-gt/s-e-tron-gt/2026/overview/
US,Audi e-tron/S e-tron SUV SUV 2019-2023,SU1,缓存精确继承,https://media.audiusa.com/releases/406
US,Audi e-tron/S e-tron Sportback SUV 2020-2023,SU1,缓存精确继承,https://media.audiusa.com/releases/406
US,BMW 1 Series Convertible 2008-2011,SD0,缓存精确继承,https://www.bmwusa.com/all-bmws/convertible.html
US,BMW 1 Series Convertible 2012-2013,SD0,缓存精确继承,https://www.bmwusa.com/all-bmws/convertible.html
US,BMW 1 Series Coupe 2008-2011,SD0,缓存精确继承,https://www.bmwusa.com/all-bmws/convertible.html
US,BMW 1 Series Coupe 2012-2013,SD0,缓存精确继承,https://www.bmwusa.com/all-bmws/convertible.html
US,BMW 2 Series Convertible 2015-2021,SD0,缓存精确继承,https://www.bmwusa.com/all-bmws/coupe.html
US,BMW 2 Series Coupe 2014,SD0,缓存精确继承,https://www.bmwusa.com/all-bmws/coupe.html
US,BMW 2 Series Coupe 2015-2020,SD0,缓存精确继承,https://www.bmwusa.com/all-bmws/coupe.html
US,BMW 2 Series Gran Coupe Sedan 2020-2024,SD0,缓存精确继承,https://www.bmwusa.com/all-bmws/coupe.html
US,BMW 2 Series Gran Coupe Sedan 2025-2026,SD0,缓存精确继承,https://www.bmwusa.com/all-bmws/coupe.html
US,BMW 2 Series M2 Coupe 2022-2026,SD0,缓存精确继承,https://www.bmwusa.com/all-bmws/coupe.html
US,BMW 3 Series Convertible 1987-1991,SD1,缓存精确继承,https://www.bmwusa.com/content/dam/bmw/marketUS/common/connected-drive/pdf/2025/ServiceAvailabilityMatrix.pdf
US,BMW 3 Series Convertible 1994-1999,SD1,缓存精确继承,https://www.bmwusa.com/content/dam/bmw/marketUS/common/connected-drive/pdf/2025/ServiceAvailabilityMatrix.pdf
US,BMW 3 Series Convertible 2000-2006,SD1,缓存精确继承,https://www.bmwusa.com/content/dam/bmw/marketUS/common/connected-drive/pdf/2025/ServiceAvailabilityMatrix.pdf
US,BMW 3 Series Convertible 2007-2013,SD1,缓存精确继承,https://www.bmwusa.com/content/dam/bmw/marketUS/common/connected-drive/pdf/2025/ServiceAvailabilityMatrix.pdf
US,BMW 3 Series Coupe 1977-1983,SD1,缓存精确继承,https://www.bmwusa.com/content/dam/bmw/marketUS/common/connected-drive/pdf/2025/ServiceAvailabilityMatrix.pdf
US,BMW 3 Series Coupe 1992-1999,SD1,缓存精确继承,https://www.bmwusa.com/content/dam/bmw/marketUS/common/connected-drive/pdf/2025/ServiceAvailabilityMatrix.pdf
US,BMW 3 Series Coupe 2000-2006,SD1,缓存精确继承,https://www.bmwusa.com/content/dam/bmw/marketUS/common/connected-drive/pdf/2025/ServiceAvailabilityMatrix.pdf
US,BMW 3 Series Coupe 2007-2013,SD1,缓存精确继承,https://www.bmwusa.com/content/dam/bmw/marketUS/common/connected-drive/pdf/2025/ServiceAvailabilityMatrix.pdf
US,BMW 3 Series GT Hatchback 2014-2019,H0,缓存精确继承,https://www.bmwusa.com/content/dam/bmw/marketUS/common/connected-drive/pdf/2025/ServiceAvailabilityMatrix.pdf
US,BMW 3 Series Sedan 1984-1991,SD1,缓存精确继承,https://www.bmwusa.com/content/dam/bmw/marketUS/common/connected-drive/pdf/2025/ServiceAvailabilityMatrix.pdf
US,BMW 3 Series Sedan 1992-1998,SD1,缓存精确继承,https://www.bmwusa.com/content/dam/bmw/marketUS/common/connected-drive/pdf/2025/ServiceAvailabilityMatrix.pdf
US,BMW 3 Series Sedan 1999-2005,SD1,缓存精确继承,https://www.bmwusa.com/content/dam/bmw/marketUS/common/connected-drive/pdf/2025/ServiceAvailabilityMatrix.pdf
US,BMW 3 Series Sedan 2006-2011,SD1,缓存精确继承,https://www.bmwusa.com/content/dam/bmw/marketUS/common/connected-drive/pdf/2025/ServiceAvailabilityMatrix.pdf
US,BMW 3 Series Sedan 2012-2018,SD1,缓存精确继承,https://www.bmwusa.com/content/dam/bmw/marketUS/common/connected-drive/pdf/2025/ServiceAvailabilityMatrix.pdf
US,BMW 3 Series Sedan 2019-2026,SD1,缓存精确继承,https://www.bmwusa.com/content/dam/bmw/marketUS/common/connected-drive/pdf/2025/ServiceAvailabilityMatrix.pdf
US,BMW 3 Series Wagon 2000-2005,H2,缓存精确继承,https://www.bmwusa.com/content/dam/bmw/marketUS/common/connected-drive/pdf/2025/ServiceAvailabilityMatrix.pdf
US,BMW 3 Series Wagon 2007-2011,H2,缓存精确继承,https://www.bmwusa.com/content/dam/bmw/marketUS/common/connected-drive/pdf/2025/ServiceAvailabilityMatrix.pdf
US,BMW 3 Series Wagon 2012,H2,缓存精确继承,https://www.bmwusa.com/content/dam/bmw/marketUS/common/connected-drive/pdf/2025/ServiceAvailabilityMatrix.pdf
US,BMW 3 Series Wagon 2014-2019,H2,缓存精确继承,https://www.bmwusa.com/content/dam/bmw/marketUS/common/connected-drive/pdf/2025/ServiceAvailabilityMatrix.pdf
US,BMW 4 Series Convertible 2014-2020,SD0,缓存精确继承,https://www.bmwusa.com/vehicles/4-series/overview.pdxbmw.html
US,BMW 4 Series Coupe 2014-2020,SD0,缓存精确继承,https://www.bmwusa.com/vehicles/4-series/overview.pdxbmw.html
US,BMW 4 Series Gran Coupe Sedan 2015-2020,SD0,缓存精确继承,https://www.bmwusa.com/vehicles/4-series/overview.pdxbmw.html
US,BMW 4 Series Gran Coupe Sedan 2022-2026,SD0,缓存精确继承,https://www.bmwusa.com/vehicles/4-series/overview.pdxbmw.html
US,BMW 4 Series M4 Convertible 2021-2026,SD0,缓存精确继承,https://www.bmwusa.com/vehicles/4-series/overview.pdxbmw.html
US,BMW 4 Series M4 Coupe 2021-2026,SD0,缓存精确继承,https://www.bmwusa.com/vehicles/4-series/overview.pdxbmw.html
US,BMW 5 Series GT Sedan 2010-2016,SD1,缓存精确继承,https://www.bmwusa.com/all-bmws.html
US,BMW 5 Series M5 Sedan 2026,SD1,缓存精确继承,https://www.bmwusa.com/all-bmws.html
US,BMW 5 Series Sedan 1975-1981,SD1,缓存精确继承,https://www.bmwusa.com/all-bmws.html
US,BMW 5 Series Sedan 1982-1988,SD1,缓存精确继承,https://www.bmwusa.com/all-bmws.html
US,BMW 5 Series Sedan 1989-1995,SD1,缓存精确继承,https://www.bmwusa.com/all-bmws.html
US,BMW 5 Series Sedan 1997-2003,SD1,缓存精确继承,https://www.bmwusa.com/all-bmws.html
US,BMW 5 Series Sedan 2004-2010,SD1,缓存精确继承,https://www.bmwusa.com/all-bmws.html
US,BMW 5 Series Sedan 2011-2016,SD1,缓存精确继承,https://www.bmwusa.com/all-bmws.html
US,BMW 5 Series Sedan 2017-2023,SD1,缓存精确继承,https://www.bmwusa.com/all-bmws.html
US,BMW 5 Series Sedan 2024-2026,SD1,缓存精确继承,https://www.bmwusa.com/all-bmws.html
US,BMW 5 Series Wagon 1992-1995,H2,缓存精确继承,https://www.bmwusa.com/all-bmws.html
US,BMW 5 Series Wagon 1999-2003,H2,缓存精确继承,https://www.bmwusa.com/all-bmws.html
US,BMW 5 Series Wagon 2006-2010,H2,缓存精确继承,https://www.bmwusa.com/all-bmws.html
US,BMW 6 Series Convertible 2004-2010,SD0,缓存精确继承,https://www.bmwusa.com/content/dam/bmw/marketUS/common/connected-drive/pdf/2025/ServiceAvailabilityMatrix.pdf
US,BMW 6 Series Convertible 2012-2019,SD0,缓存精确继承,https://www.bmwusa.com/content/dam/bmw/marketUS/common/connected-drive/pdf/2025/ServiceAvailabilityMatrix.pdf
US,BMW 6 Series Coupe 1977-1989,SD0,缓存精确继承,https://www.bmwusa.com/content/dam/bmw/marketUS/common/connected-drive/pdf/2025/ServiceAvailabilityMatrix.pdf
US,BMW 6 Series Coupe 2004-2010,SD0,缓存精确继承,https://www.bmwusa.com/content/dam/bmw/marketUS/common/connected-drive/pdf/2025/ServiceAvailabilityMatrix.pdf
US,BMW 6 Series Coupe 2012-2019,SD0,缓存精确继承,https://www.bmwusa.com/content/dam/bmw/marketUS/common/connected-drive/pdf/2025/ServiceAvailabilityMatrix.pdf
US,BMW 6 Series GT Hatchback 2018-2019,H0,缓存精确继承,https://www.bmwusa.com/content/dam/bmw/marketUS/common/connected-drive/pdf/2025/ServiceAvailabilityMatrix.pdf
US,BMW 6 Series Gran Coupe Sedan 2013-2019,SD0,缓存精确继承,https://www.bmwusa.com/content/dam/bmw/marketUS/common/connected-drive/pdf/2025/ServiceAvailabilityMatrix.pdf
US,BMW 6 Series Hatchback 2018-2019,H0,缓存精确继承,https://www.bmwusa.com/content/dam/bmw/marketUS/common/connected-drive/pdf/2025/ServiceAvailabilityMatrix.pdf
US,BMW 7 Series Sedan 1978-1986,SD1,缓存精确继承,https://www.bmwgroup-classic.com/en/history/historic-modeloverview-bmw.html
US,BMW 7 Series Sedan 1987-1994,SD1,缓存精确继承,https://www.bmwgroup-classic.com/en/history/historic-modeloverview-bmw.html
US,BMW 7 Series Sedan 1995-2001,SD1,缓存精确继承,https://www.bmwusa.com/all-bmws/sedan.html/FAQ.bmwusa.com
US,BMW 7 Series Sedan 2002-2008,SD1,缓存精确继承,https://www.bmwusa.com/all-bmws/sedan.html/FAQ.bmwusa.com
US,BMW 7 Series Sedan 2009-2015,SD1,缓存精确继承,https://www.bmwusa.com/all-bmws/sedan.html/FAQ.bmwusa.com
US,BMW 7 Series Sedan 2016-2022,SD1,缓存精确继承,https://www.bmwusa.com/all-bmws/sedan.html/FAQ.bmwusa.com
US,BMW 7 Series Sedan 2023-2026,SD1,缓存精确继承,https://www.bmwusa.com/all-bmws/sedan.html/FAQ.bmwusa.com
US,BMW 8 Series Convertible 2019-2026,SD0,缓存精确继承,https://www.bmwusa.com/content/dam/bmw/common/warranty-books/2024/BMW_MY24_New_Vehicle_Warranty_PC3_2024-07-09_ADA.pdf
US,BMW 8 Series Coupe 1991-1997,SD0,缓存精确继承,https://www.bmwusa.com/content/dam/bmw/common/warranty-books/2024/BMW_MY24_New_Vehicle_Warranty_PC3_2024-07-09_ADA.pdf
US,BMW 8 Series Coupe 2019-2026,SD0,缓存精确继承,https://www.bmwusa.com/content/dam/bmw/common/warranty-books/2024/BMW_MY24_New_Vehicle_Warranty_PC3_2024-07-09_ADA.pdf
US,BMW 8 Series Gran Coupe Sedan 2020-2026,SD0,缓存精确继承,https://www.bmwusa.com/content/dam/bmw/common/warranty-books/2024/BMW_MY24_New_Vehicle_Warranty_PC3_2024-07-09_ADA.pdf
US,BMW X1 M35i SUV 2024-2026,SU1,缓存精确继承,https://www.bmwusa.com/vehicles/x-models/suv.html
US,BMW X1 SUV 2013-2015,SU1,缓存精确继承,https://www.bmwusa.com/vehicles/x-models/suv.html
US,BMW X1 SUV 2016-2022,SU1,缓存精确继承,https://www.bmwusa.com/vehicles/x-models/suv.html
US,BMW X1 SUV 2023-2026,SU1,缓存精确继承,https://www.bmwusa.com/vehicles/x-models/suv.html
US,BMW X2 M35i Crossover 2024-2025,SU1,缓存精确继承,https://www.bmwusa.com/vehicles/x-models/suv.html
US,BMW X2 M35i Crossover 2026,SU1,缓存精确继承,https://www.bmwusa.com/vehicles/x-models/suv.html
US,BMW X2 SUV 2018-2023,SU1,缓存精确继承,https://www.bmwusa.com/vehicles/x-models/suv.html
US,BMW X2 SUV 2024-2026,SU1,缓存精确继承,https://www.bmwusa.com/vehicles/x-models/suv.html
US,BMW X3 SUV 2004-2010,SU1,缓存精确继承,https://www.bmwusa.com/vehicles/x-models/suv.html
US,BMW X3 SUV 2011-2017,SU1,缓存精确继承,https://www.bmwusa.com/vehicles/x-models/suv.html
US,BMW X3 SUV 2018-2024,SU1,缓存精确继承,https://www.bmwusa.com/vehicles/x-models/suv.html
US,BMW X3 SUV 2025-2026,SU1,缓存精确继承,https://www.bmwusa.com/vehicles/x-models/suv.html
US,BMW X4 SUV 2015-2018,SU1,缓存精确继承,https://www.bmwusa.com/vehicles/x-models/suv.html
US,BMW X4 SUV 2019-2025,SU1,缓存精确继承,https://www.bmwusa.com/vehicles/x-models/suv.html
US,BMW X5 SUV 2000-2006,SU1,缓存精确继承,https://www.bmwusa.com/vehicles/x-models/suv.html
US,BMW X5 SUV 2007-2013,SU1,缓存精确继承,https://www.bmwusa.com/vehicles/x-models/suv.html
US,BMW X5 SUV 2014-2018,SU1,缓存精确继承,https://www.bmwusa.com/vehicles/x-models/suv.html
US,BMW X5 SUV 2019-2023,SU1,缓存精确继承,https://www.bmwusa.com/vehicles/x-models/suv.html
US,BMW X5 SUV 2024-2026,SU1,缓存精确继承,https://www.bmwusa.com/vehicles/x-models/suv.html
US,BMW X6 SUV 2008-2014,SU1,缓存精确继承,https://www.press.bmwgroup.com/canada/article/detail/T0408519EN/the-new-2024-bmw-x5-and-x6?language=en
US,BMW X6 SUV 2015-2019,SU1,缓存精确继承,https://www.press.bmwgroup.com/canada/article/detail/T0408519EN/the-new-2024-bmw-x5-and-x6?language=en
US,BMW X6 SUV 2020-2026,SU1,缓存精确继承,https://www.press.bmwgroup.com/canada/article/detail/T0408519EN/the-new-2024-bmw-x5-and-x6?language=en
US,BMW X7 M60i SUV 2023-2026,SU1,缓存精确继承,https://www.bmwusa.com/vehicles/x-models/suv.html
US,BMW X7 SUV 2019-2022,SU1,缓存精确继承,https://www.bmwusa.com/vehicles/x-models/suv.html
US,BMW XM SUV 2023-2026,SU1,缓存精确继承,https://www.bmw-m.com/en/topics/magazine-article-pool/bmw-xm-design.html
US,BMW Z3 Convertible 1996,SD0,缓存精确继承,https://www.bmwusa.com/all-bmws/convertible.html
US,BMW Z3 Convertible 1997-2002,SD0,缓存精确继承,https://www.bmwusa.com/all-bmws/convertible.html
US,BMW Z3 Coupe 1999-2002,SD0,缓存精确继承,https://www.bmwusa.com/all-bmws/convertible.html
US,BMW Z4 Convertible 2003-2008,SD0,缓存精确继承,https://www.bmwusa.com/all-bmws/convertible.html
US,BMW Z4 Convertible 2009-2016,SD0,缓存精确继承,https://www.bmwusa.com/all-bmws/convertible.html
US,BMW Z4 Convertible 2019-2026,SD0,缓存精确继承,https://www.bmwusa.com/all-bmws/convertible.html
US,BMW i3 Hatchback 2014-2017,H1,缓存精确继承,https://www.bmwusa.com/vehicles/bmw-i-series.html
US,BMW i3 Hatchback 2018-2021,H1,缓存精确继承,https://www.bmwusa.com/vehicles/bmw-i-series.html
US,BMW i4 Fastback 2022-2026,SD1,缓存精确继承,https://www.bmwusa.com/vehicles/4-series/overview.pdxbmw.html
US,BMW i5 Sedan 2024-2026,SD1,缓存精确继承,https://www.bmwusa.com/content/dam/bmw/common/warranty-books/2024/BMW_MY24_New_Vehicle_Warranty_PC3_2024-07-09_ADA.pdf
US,BMW i7 Sedan 2023-2026,SD1,缓存精确继承,https://www.bmwusa.com/content/dam/bmw/common/warranty-books/2024/BMW_MY24_New_Vehicle_Warranty_PC3_2024-07-09_ADA.pdf
US,BMW i8 Convertible 2019-2020,SD0,缓存精确继承,https://www.bmwusa.com/vehicles/bmw-i-series.html
US,BMW i8 Coupe 2014-2020,SD0,缓存精确继承,https://www.bmwusa.com/vehicles/bmw-i-series.html
US,BMW iX SUV 2022-2025,SU1,缓存精确继承,https://www.bmwusa.com/vehicles/x-models/suv.html
US,BMW iX SUV 2026,SU1,缓存精确继承,https://www.bmwusa.com/vehicles/x-models/suv.html
US,Buick Cascada Convertible 2016-2019,SD0,缓存精确继承,https://www.buick.com/content/dam/buick/na/us/en/index/shopping-tools/download-catalog/02-pdfs/2019-buick-cascada-brochure.pdf
US,Buick Century Convertible 1957,SD1,缓存精确继承,https://www.gm.com/heritage/archive/vehicle-information-kits
US,Buick Century Sedan 1998-2005,SD1,缓存精确继承,https://www.buick.com/suvs
US,Buick Century Wagon 1954,H3,缓存精确继承,https://www.gm.com/heritage/archive/vehicle-information-kits
US,Buick Century Wagon 1955,H3,缓存精确继承,https://www.gm.com/heritage/archive/vehicle-information-kits
US,Buick Century Wagon 1956,H3,缓存精确继承,https://www.gm.com/heritage/archive/vehicle-information-kits
US,Buick Century Wagon 1958,H3,缓存精确继承,https://www.gm.com/heritage/archive/vehicle-information-kits
US,Buick Century Wagon 1973-1977,H3,缓存精确继承,https://www.gm.com/heritage/archive/vehicle-information-kits
US,Buick Century Wagon 1978-1981,H3,缓存精确继承,https://www.gm.com/heritage/archive/vehicle-information-kits
US,Buick Century Wagon 1982-1996,H3,缓存精确继承,https://www.gm.com/heritage/archive/vehicle-information-kits
US,Buick Enclave SUV 2008-2012,SU1,缓存精确继承,https://www.buick.com/suvs
US,Buick Enclave SUV 2013-2017,SU1,缓存精确继承,https://www.buick.com/suvs
US,Buick Enclave SUV 2018-2021,SU1,缓存精确继承,https://www.buick.com/suvs
US,Buick Enclave SUV 2022-2024,SU1,缓存精确继承,https://www.buick.com/suvs
US,Buick Enclave SUV 2025-2026,SU1,缓存精确继承,https://www.buick.com/suvs
US,Buick Encore GX SUV 2020-2023,SU1,缓存精确继承,https://www.buick.com/suvs/encore-gx
US,Buick Encore GX SUV 2024-2026,SU1,缓存精确继承,https://www.buick.com/suvs/encore-gx
US,Buick Encore SUV 2013-2022,SU1,缓存精确继承,https://www.buick.com/suvs
US,Buick Envision SUV 2016-2020,SU1,缓存精确继承,https://www.buick.com/suvs
US,Buick Envision SUV 2021-2026,SU1,缓存精确继承,https://www.buick.com/suvs
US,Buick Envista SUV 2024-2026,SU0,缓存精确继承,https://www.buick.com/suvs
US,Buick LaCrosse Sedan 2005-2009,SD1,缓存精确继承,https://www.buick.com/suvs
US,Buick LaCrosse Sedan 2010-2016,SD1,缓存精确继承,https://www.buick.com/suvs
US,Buick LaCrosse Sedan 2017-2019,SD1,缓存精确继承,https://www.buick.com/suvs
US,Buick LeSabre 2dr Sedan 1961,SD2,缓存精确继承,https://www.gm.com/heritage/archive/vehicle-information-kits
US,Buick LeSabre 4dr Hardtop Sedan 1961,SD2,缓存精确继承,https://www.gm.com/heritage/archive/vehicle-information-kits
US,Buick LeSabre 4dr Sedan 1962,SD2,缓存精确继承,https://www.gm.com/heritage/archive/vehicle-information-kits
US,Buick LeSabre Convertible 1959-1960,SD2,缓存精确继承,https://www.gm.com/heritage/archive/vehicle-information-kits
US,Buick LeSabre Convertible 1961-1962,SD2,缓存精确继承,https://www.gm.com/heritage/archive/vehicle-information-kits
US,Buick LeSabre Convertible 1963,SD2,缓存精确继承,https://www.gm.com/heritage/archive/vehicle-information-kits
US,Buick LeSabre Convertible 1964,SD2,缓存精确继承,https://www.gm.com/heritage/archive/vehicle-information-kits
US,Buick LeSabre Convertible 1965,SD2,缓存精确继承,https://www.buick.com/suvs
US,Buick LeSabre Convertible 1966,SD2,缓存精确继承,https://www.buick.com/suvs
US,Buick LeSabre Convertible 1967,SD2,缓存精确继承,https://www.buick.com/suvs
US,Buick LeSabre Convertible 1968,SD2,缓存精确继承,https://www.buick.com/suvs
US,Buick LeSabre Convertible 1969,SD2,缓存精确继承,https://www.buick.com/suvs
US,Buick LeSabre Convertible 1970,SD2,缓存精确继承,https://www.gm.com/heritage/archive/vehicle-information-kits
US,Buick LeSabre Convertible 1971,SD2,缓存精确继承,https://www.gm.com/heritage/archive/vehicle-information-kits
US,Buick LeSabre Convertible 1972,SD2,缓存精确继承,https://www.gm.com/heritage/archive/vehicle-information-kits
US,Buick LeSabre Convertible 1975,SD2,缓存精确继承,https://www.gm.com/heritage/archive/vehicle-information-kits
US,Buick LeSabre Coupe 1963,SD2,缓存精确继承,https://www.gm.com/heritage/archive/vehicle-information-kits
US,Buick LeSabre Coupe 1964,SD2,缓存精确继承,https://www.gm.com/heritage/archive/vehicle-information-kits
US,Buick LeSabre Coupe 1965,SD2,缓存精确继承,https://www.buick.com/suvs
US,Buick LeSabre Coupe 1966,SD2,缓存精确继承,https://www.buick.com/suvs
US,Buick LeSabre Coupe 1967,SD2,缓存精确继承,https://www.buick.com/suvs
US,Buick LeSabre Coupe 1968,SD2,缓存精确继承,https://www.buick.com/suvs
US,Buick LeSabre Coupe 1969,SD2,缓存精确继承,https://www.buick.com/suvs
US,Buick LeSabre Coupe 1970-1971,SD2,缓存精确继承,https://www.gm.com/heritage/archive/vehicle-information-kits
US,Buick LeSabre Coupe 1972,SD2,缓存精确继承,https://www.gm.com/heritage/archive/vehicle-information-kits
US,Buick LeSabre Coupe 1973,SD2,缓存精确继承,https://www.gm.com/heritage/archive/vehicle-information-kits
US,Buick LeSabre Coupe 1974,SD2,缓存精确继承,https://www.gm.com/heritage/archive/vehicle-information-kits
US,Buick LeSabre Coupe 1975-1976,SD2,缓存精确继承,https://www.gm.com/heritage/archive/vehicle-information-kits
US,Buick LeSabre Coupe 1977,SD2,缓存精确继承,https://www.gm.com/heritage/archive/vehicle-information-kits
US,Buick LeSabre Coupe 1978-1979,SD2,缓存精确继承,https://www.gm.com/heritage/archive/vehicle-information-kits
US,Buick LeSabre Coupe 1980,SD2,缓存精确继承,https://www.gm.com/heritage/archive/vehicle-information-kits
US,Buick LeSabre Coupe 1981,SD2,缓存精确继承,https://www.gm.com/heritage/archive/vehicle-information-kits
US,Buick LeSabre Coupe 1982-1985,SD2,缓存精确继承,https://www.gm.com/heritage/archive/vehicle-information-kits
US,Buick LeSabre Coupe 1986,SD1,缓存精确继承,https://www.buick.com/suvs
US,Buick LeSabre Coupe 1987-1989,SD1,缓存精确继承,https://www.buick.com/suvs
US,Buick LeSabre Coupe 1990-1991,SD1,缓存精确继承,https://www.buick.com/suvs
US,Buick LeSabre Sedan 1959-1960,SD2,缓存精确继承,https://www.gm.com/heritage/archive/vehicle-information-kits
US,Buick LeSabre Sedan 1963,SD2,缓存精确继承,https://www.gm.com/heritage/archive/vehicle-information-kits
US,Buick LeSabre Sedan 1964,SD2,缓存精确继承,https://www.gm.com/heritage/archive/vehicle-information-kits
US,Buick LeSabre Sedan 1965,SD2,缓存精确继承,https://www.buick.com/suvs
US,Buick LeSabre Sedan 1966,SD2,缓存精确继承,https://www.buick.com/suvs
US,Buick LeSabre Sedan 1967,SD2,缓存精确继承,https://www.buick.com/suvs
US,Buick LeSabre Sedan 1968,SD2,缓存精确继承,https://www.buick.com/suvs
US,Buick LeSabre Sedan 1969,SD2,缓存精确继承,https://www.buick.com/suvs
US,Buick LeSabre Sedan 1970,SD2,缓存精确继承,https://www.gm.com/heritage/archive/vehicle-information-kits
US,Buick LeSabre Sedan 1971-1972,SD2,缓存精确继承,https://www.gm.com/heritage/archive/vehicle-information-kits
US,Buick LeSabre Sedan 1973,SD2,缓存精确继承,https://www.gm.com/heritage/archive/vehicle-information-kits
US,Buick LeSabre Sedan 1974,SD2,缓存精确继承,https://www.gm.com/heritage/archive/vehicle-information-kits
US,Buick LeSabre Sedan 1975-1976,SD2,缓存精确继承,https://www.gm.com/heritage/archive/vehicle-information-kits
US,Buick LeSabre Sedan 1977-1979,SD2,缓存精确继承,https://www.gm.com/heritage/archive/vehicle-information-kits
US,Buick LeSabre Sedan 1980,SD2,缓存精确继承,https://www.gm.com/heritage/archive/vehicle-information-kits
US,Buick LeSabre Sedan 1981,SD2,缓存精确继承,https://www.gm.com/heritage/archive/vehicle-information-kits
US,Buick LeSabre Sedan 1982-1985,SD2,缓存精确继承,https://www.gm.com/heritage/archive/vehicle-information-kits
US,Buick LeSabre Sedan 1986,SD1,缓存精确继承,https://www.buick.com/suvs
US,Buick LeSabre Sedan 1987,SD1,缓存精确继承,https://www.buick.com/suvs
US,Buick LeSabre Sedan 1988,SD1,缓存精确继承,https://www.buick.com/suvs
US,Buick LeSabre Sedan 1989,SD1,缓存精确继承,https://www.buick.com/suvs
US,Buick LeSabre Sedan 1990,SD1,缓存精确继承,https://www.buick.com/suvs
US,Buick LeSabre Sedan 1991,SD1,缓存精确继承,https://www.buick.com/suvs
US,Buick LeSabre Sedan 1992-1996,SD1,缓存精确继承,https://www.buick.com/suvs
US,Buick LeSabre Sedan 1997-1999,SD1,缓存精确继承,https://www.buick.com/suvs
US,Buick LeSabre Sedan 2000-2005,SD1,缓存精确继承,https://www.buick.com/suvs
US,Buick LeSabre Wagon 1959,H3,缓存精确继承,https://www.gm.com/heritage/archive/vehicle-information-kits
US,Buick LeSabre Wagon 1960,H3,缓存精确继承,https://www.gm.com/heritage/archive/vehicle-information-kits
US,Buick LeSabre Wagon 1963,H3,缓存精确继承,https://www.gm.com/heritage/archive/vehicle-information-kits
US,Buick LeSabre Wagon 1964,H3,缓存精确继承,https://www.gm.com/heritage/archive/vehicle-information-kits
US,Buick LeSabre Wagon 1970,H3,缓存精确继承,https://www.gm.com/heritage/archive/vehicle-information-kits
US,Buick LeSabre Wagon 1971,H3,缓存精确继承,https://www.gm.com/heritage/archive/vehicle-information-kits
US,Buick LeSabre Wagon 1972,H3,缓存精确继承,https://www.gm.com/heritage/archive/vehicle-information-kits
US,Buick LeSabre Wagon 1973,H3,缓存精确继承,https://www.gm.com/heritage/archive/vehicle-information-kits
US,Buick LeSabre Wagon 1974,H3,缓存精确继承,https://www.gm.com/heritage/archive/vehicle-information-kits
US,Buick LeSabre Wagon 1975,H3,缓存精确继承,https://www.gm.com/heritage/archive/vehicle-information-kits
US,Buick LeSabre Wagon 1976,H3,缓存精确继承,https://www.gm.com/heritage/archive/vehicle-information-kits
US,Buick LeSabre Wagon 1977-1979,H3,缓存精确继承,https://www.gm.com/heritage/archive/vehicle-information-kits
US,Buick LeSabre Wagon 1980,H3,缓存精确继承,https://www.gm.com/heritage/archive/vehicle-information-kits
US,Buick LeSabre Wagon 1981,H3,缓存精确继承,https://www.gm.com/heritage/archive/vehicle-information-kits
US,Buick LeSabre Wagon 1982,H3,缓存精确继承,https://www.gm.com/heritage/archive/vehicle-information-kits
US,Buick LeSabre Wagon 1983-1985,H3,缓存精确继承,https://www.gm.com/heritage/archive/vehicle-information-kits
US,Buick Lucerne Sedan 2006-2011,SD1,缓存精确继承,https://www.buick.com/suvs
US,Buick Park Avenue Sedan 1991,SD1,缓存精确继承,https://www.buick.com/suvs
US,Buick Park Avenue Sedan 1992,SD1,缓存精确继承,https://www.buick.com/suvs
US,Buick Park Avenue Sedan 1993,SD1,缓存精确继承,https://www.buick.com/suvs
US,Buick Park Avenue Sedan 1994,SD1,缓存精确继承,https://www.buick.com/suvs
US,Buick Park Avenue Sedan 1995-1996,SD1,缓存精确继承,https://www.buick.com/suvs
US,Buick Park Avenue Sedan 1997-1998,SD1,缓存精确继承,https://www.buick.com/suvs
US,Buick Park Avenue Sedan 1999,SD1,缓存精确继承,https://www.buick.com/suvs
US,Buick Park Avenue Sedan 2000-2005,SD1,缓存精确继承,https://www.buick.com/suvs
US,Buick Rainier SUV 2004-2007,SU2,缓存精确继承,https://www.buick.com/suvs
US,Buick Reatta Convertible 1990-1991,SD0,缓存精确继承,https://www.buick.com/suvs
US,Buick Reatta Coupe 1988-1991,SD0,缓存精确继承,https://www.buick.com/suvs
US,Buick Regal Coupe 1973-1975,SD2,缓存精确继承,https://www.buick.com/suvs
US,Buick Regal Coupe 1976-1977,SD2,缓存精确继承,https://www.buick.com/suvs
US,Buick Regal Coupe 1978-1980,SD2,缓存精确继承,https://www.buick.com/suvs
US,Buick Regal Coupe 1981-1987,SD2,缓存精确继承,https://www.buick.com/suvs
US,Buick Regal Coupe 1988-1996,SD1,缓存精确继承,https://www.buick.com/suvs
US,Buick Regal Liftback 2018-2020,SD1,缓存精确继承,https://www.buick.com/suvs
US,Buick Regal Sedan 1991-1996,SD1,缓存精确继承,https://www.buick.com/suvs
US,Buick Regal Sedan 1997,SD1,缓存精确继承,https://www.buick.com/suvs
US,Buick Regal Sedan 1998-2004,SD1,缓存精确继承,https://www.buick.com/suvs
US,Buick Regal Sedan 2011-2017,SD1,缓存精确继承,https://www.buick.com/suvs
US,Buick Regal Wagon 2018-2020,H2,缓存精确继承,https://www.buick.com/suvs
US,Buick Rendezvous Crossover 2002-2007,SU1,缓存精确继承,https://www.buick.com/suvs
US,Buick Riviera Coupe 1963,SD2,缓存精确继承,https://www.buick.com/suvs
US,Buick Riviera Coupe 1964-1965,SD2,缓存精确继承,https://www.buick.com/suvs
US,Buick Riviera Coupe 1966-1968,SD2,缓存精确继承,https://www.buick.com/suvs
US,Buick Riviera Coupe 1969,SD2,缓存精确继承,https://www.buick.com/suvs
US,Buick Riviera Coupe 1970,SD2,缓存精确继承,https://www.buick.com/suvs
US,Buick Riviera Coupe 1971,SD0,缓存精确继承,https://www.buick.com/suvs
US,Buick Riviera Coupe 1972,SD0,缓存精确继承,https://www.buick.com/suvs
US,Buick Riviera Coupe 1973,SD0,缓存精确继承,https://www.buick.com/suvs
US,Buick Riviera Coupe 1974,SD2,缓存精确继承,https://www.buick.com/suvs
US,Buick Riviera Coupe 1975,SD2,缓存精确继承,https://www.buick.com/suvs
US,Buick Riviera Coupe 1976,SD2,缓存精确继承,https://www.buick.com/suvs
US,Buick Riviera Coupe 1977,SD2,缓存精确继承,https://www.gm.com/heritage/archive/vehicle-information-kits
US,Buick Riviera Coupe 1978,SD2,缓存精确继承,https://www.gm.com/heritage/archive/vehicle-information-kits
US,Buick Riviera Coupe 1979-1980,SD2,缓存精确继承,https://www.gm.com/heritage/archive/vehicle-information-kits
US,Buick Riviera Coupe 1981,SD2,缓存精确继承,https://www.gm.com/heritage/archive/vehicle-information-kits
US,Buick Riviera Coupe 1982-1985,SD2,缓存精确继承,https://www.gm.com/heritage/archive/vehicle-information-kits
US,Buick Riviera Coupe 1986-1988,SD1,缓存精确继承,https://www.buick.com/suvs
US,Buick Riviera Coupe 1989-1991,SD1,缓存精确继承,https://www.buick.com/suvs
US,Buick Riviera Coupe 1992-1993,SD1,缓存精确继承,https://www.buick.com/suvs
US,Buick Riviera Coupe 1996-1999,SD1,缓存精确继承,https://www.buick.com/suvs
US,Buick Roadmaster Convertible 1940,SD2,缓存精确继承,https://www.buick.com/suvs
US,Buick Roadmaster Convertible 1941,SD2,缓存精确继承,https://www.buick.com/suvs
US,Buick Roadmaster Convertible 1942,SD2,缓存精确继承,https://www.buick.com/suvs
US,Buick Roadmaster Convertible 1946-1947,SD2,缓存精确继承,https://www.buick.com/suvs
US,Buick Roadmaster Convertible 1948,SD2,缓存精确继承,https://www.buick.com/suvs
US,Buick Roadmaster Convertible 1951-1952,SD2,缓存精确继承,https://www.buick.com/suvs
US,Buick Roadmaster Convertible 1953,SD2,缓存精确继承,https://www.buick.com/suvs
US,Buick Roadmaster Convertible 1954,SD2,缓存精确继承,https://www.buick.com/suvs
US,Buick Roadmaster Convertible 1955,SD2,缓存精确继承,https://www.buick.com/suvs
US,Buick Roadmaster Convertible 1956,SD2,缓存精确继承,https://www.buick.com/suvs
US,Buick Roadmaster Convertible 1957,SD2,缓存精确继承,https://www.buick.com/suvs
US,Buick Roadmaster Convertible 1958,SD2,缓存精确继承,https://www.buick.com/suvs
US,Buick Roadmaster Coupe 1936-1937,SD2,缓存精确继承,https://www.buick.com/suvs
US,Buick Roadmaster Coupe 1938-1939,SD2,缓存精确继承,https://www.buick.com/suvs
US,Buick Roadmaster Coupe 1940,SD2,缓存精确继承,https://www.buick.com/suvs
US,Buick Roadmaster Coupe 1941,SD2,缓存精确继承,https://www.buick.com/suvs
US,Buick Roadmaster Coupe 1942,SD2,缓存精确继承,https://www.buick.com/suvs
US,Buick Roadmaster Coupe 1946-1947,SD2,缓存精确继承,https://www.buick.com/suvs
US,Buick Roadmaster Coupe 1948,SD2,缓存精确继承,https://www.buick.com/suvs
US,Buick Roadmaster Coupe 1949,SD2,缓存精确继承,https://www.buick.com/suvs
US,Buick Roadmaster Coupe 1950,SD2,缓存精确继承,https://www.buick.com/suvs
US,Buick Roadmaster Coupe 1951-1952,SD2,缓存精确继承,https://www.buick.com/suvs
US,Buick Roadmaster Coupe 1953,SD2,缓存精确继承,https://www.buick.com/suvs
US,Buick Roadmaster Coupe 1954,SD2,缓存精确继承,https://www.buick.com/suvs
US,Buick Roadmaster Coupe 1955,SD2,缓存精确继承,https://www.buick.com/suvs
US,Buick Roadmaster Coupe 1956,SD2,缓存精确继承,https://www.buick.com/suvs
US,Buick Roadmaster Coupe 1957,SD2,缓存精确继承,https://www.buick.com/suvs
US,Buick Roadmaster Coupe 1958,SD2,缓存精确继承,https://www.buick.com/suvs
US,Buick Roadmaster Sedan 1936,SD2,缓存精确继承,https://www.buick.com/suvs
US,Buick Roadmaster Sedan 1937,SD2,缓存精确继承,https://www.buick.com/suvs
US,Buick Roadmaster Sedan 1938-1939,SD2,缓存精确继承,https://www.buick.com/suvs
US,Buick Roadmaster Sedan 1940,SD2,缓存精确继承,https://www.buick.com/suvs
US,Buick Roadmaster Sedan 1941,SD2,缓存精确继承,https://www.buick.com/suvs
US,Buick Roadmaster Sedan 1942,SD2,缓存精确继承,https://www.buick.com/suvs
US,Buick Roadmaster Sedan 1946-1947,SD2,缓存精确继承,https://www.buick.com/suvs
US,Buick Roadmaster Sedan 1948,SD2,缓存精确继承,https://www.buick.com/suvs
US,Buick Roadmaster Sedan 1949,SD2,缓存精确继承,https://www.buick.com/suvs
US,Buick Roadmaster Sedan 1950,SD2,缓存精确继承,https://www.buick.com/suvs
US,Buick Roadmaster Sedan 1951-1952,SD2,缓存精确继承,https://www.buick.com/suvs
US,Buick Roadmaster Sedan 1953,SD2,缓存精确继承,https://www.buick.com/suvs
US,Buick Roadmaster Sedan 1954,SD2,缓存精确继承,https://www.buick.com/suvs
US,Buick Roadmaster Sedan 1955,SD2,缓存精确继承,https://www.buick.com/suvs
US,Buick Roadmaster Sedan 1956,SD2,缓存精确继承,https://www.buick.com/suvs
US,Buick Roadmaster Sedan 1957,SD2,缓存精确继承,https://www.buick.com/suvs
US,Buick Roadmaster Sedan 1958,SD2,缓存精确继承,https://www.buick.com/suvs
US,Buick Roadmaster Sedan 1992-1996,SD1,缓存精确继承,https://www.gm.com/heritage/archive/vehicle-information-kits
US,Buick Roadmaster Wagon 1991,H3,缓存精确继承,https://www.gm.com/heritage/archive/vehicle-information-kits
US,Buick Roadmaster Wagon 1992-1996,H3,缓存精确继承,https://www.gm.com/heritage/archive/vehicle-information-kits
US,Buick Skylark Convertible 1953,SD1,缓存精确继承,https://www.buick.com/suvs
US,Buick Skylark Convertible 1954,SD1,缓存精确继承,https://www.buick.com/suvs
US,Buick Skylark Convertible 1965,SD2,缓存精确继承,https://www.buick.com/suvs
US,Buick Skylark Convertible 1966,SD2,缓存精确继承,https://www.buick.com/suvs
US,Buick Skylark Convertible 1967,SD2,缓存精确继承,https://www.buick.com/suvs
US,Buick Skylark Convertible 1970-1972,SD2,缓存精确继承,https://www.gm.com/heritage/archive/vehicle-information-kits
US,Buick Skylark Coupe 1965,SD2,缓存精确继承,https://www.buick.com/suvs
US,Buick Skylark Coupe 1966,SD2,缓存精确继承,https://www.buick.com/suvs
US,Buick Skylark Coupe 1967,SD2,缓存精确继承,https://www.buick.com/suvs
US,Buick Skylark Coupe 1970,SD2,缓存精确继承,https://www.gm.com/heritage/archive/vehicle-information-kits
US,Buick Skylark Coupe 1971,SD2,缓存精确继承,https://www.gm.com/heritage/archive/vehicle-information-kits
US,Buick Skylark Coupe 1972,SD2,缓存精确继承,https://www.gm.com/heritage/archive/vehicle-information-kits
US,Buick Skylark Coupe 1975,SD2,缓存精确继承,https://www.gm.com/heritage/archive/vehicle-information-kits
US,Buick Skylark Coupe 1976-1979,SD2,缓存精确继承,https://www.gm.com/heritage/archive/vehicle-information-kits
US,Buick Skylark Coupe 1980-1984,SD2,缓存精确继承,https://www.buick.com/suvs
US,Buick Skylark Coupe 1985,SD2,缓存精确继承,https://www.buick.com/suvs
US,Buick Skylark Coupe 1986,SD1,缓存精确继承,https://www.buick.com/suvs
US,Buick Skylark Coupe 1987-1991,SD1,缓存精确继承,https://www.buick.com/suvs
US,Buick Skylark Coupe 1992,SD1,缓存精确继承,https://www.buick.com/suvs
US,Buick Skylark Coupe 1993,SD1,缓存精确继承,https://www.buick.com/suvs
US,Buick Skylark Coupe 1994,SD1,缓存精确继承,https://www.buick.com/suvs
US,Buick Skylark Coupe 1995,SD1,缓存精确继承,https://www.buick.com/suvs
US,Buick Skylark Coupe 1996,SD1,缓存精确继承,https://www.buick.com/suvs
US,Buick Skylark Coupe 1997,SD1,缓存精确继承,https://www.buick.com/suvs
US,Buick Skylark Hatchback 1969-1972,H0,缓存精确继承,https://www.gm.com/heritage/archive/vehicle-information-kits
US,Buick Skylark Hatchback 1975,H0,缓存精确继承,https://www.gm.com/heritage/archive/vehicle-information-kits
US,Buick Skylark Hatchback 1976-1979,H0,缓存精确继承,https://www.gm.com/heritage/archive/vehicle-information-kits
US,Buick Skylark Sedan 1965,SD2,缓存精确继承,https://www.buick.com/suvs
US,Buick Skylark Sedan 1966,SD2,缓存精确继承,https://www.buick.com/suvs
US,Buick Skylark Sedan 1967,SD2,缓存精确继承,https://www.buick.com/suvs
US,Buick Skylark Sedan 1968-1969,SD2,缓存精确继承,https://www.gm.com/heritage/archive/vehicle-information-kits
US,Buick Skylark Sedan 1970,SD2,缓存精确继承,https://www.gm.com/heritage/archive/vehicle-information-kits
US,Buick Skylark Sedan 1971,SD2,缓存精确继承,https://www.gm.com/heritage/archive/vehicle-information-kits
US,Buick Skylark Sedan 1972,SD2,缓存精确继承,https://www.gm.com/heritage/archive/vehicle-information-kits
US,Buick Skylark Sedan 1975-1979,SD2,缓存精确继承,https://www.gm.com/heritage/archive/vehicle-information-kits
US,Buick Skylark Sedan 1980-1984,SD2,缓存精确继承,https://www.buick.com/suvs
US,Buick Skylark Sedan 1985,SD2,缓存精确继承,https://www.buick.com/suvs
US,Buick Skylark Sedan 1986,SD1,缓存精确继承,https://www.buick.com/suvs
US,Buick Skylark Sedan 1987-1991,SD1,缓存精确继承,https://www.buick.com/suvs
US,Buick Skylark Sedan 1992,SD1,缓存精确继承,https://www.buick.com/suvs
US,Buick Skylark Sedan 1993,SD1,缓存精确继承,https://www.buick.com/suvs
US,Buick Skylark Sedan 1994,SD1,缓存精确继承,https://www.buick.com/suvs
US,Buick Skylark Sedan 1995,SD1,缓存精确继承,https://www.buick.com/suvs
US,Buick Skylark Sedan 1996,SD1,缓存精确继承,https://www.buick.com/suvs
US,Buick Skylark Sedan 1997-1998,SD1,缓存精确继承,https://www.buick.com/suvs
US,Buick Verano Sedan 2012-2017,SD1,缓存精确继承,https://www.buick.com/suvs
US,Cadillac ATS Coupe 2015-2019,SD0,缓存精确继承,https://media.cadillac.com/Pages/galleries/MX/Cadillac/cars/2013/2013.html
US,Cadillac ATS Sedan 2013-2015,SD0,缓存精确继承,https://media.cadillac.com/Pages/galleries/MX/Cadillac/cars/2013/2013.html
US,Cadillac ATS Sedan 2016-2019,SD0,缓存精确继承,https://media.cadillac.com/Pages/galleries/MX/Cadillac/cars/2013/2013.html
US,Cadillac CT4 Sedan 2020-2026,SD1,缓存精确继承,https://www.cadillac.com/sedans/ct4
US,Cadillac CT5 Blackwing Sedan 2025-2026,SD1,缓存精确继承,https://www.cadillac.com/sedans/ct5
US,Cadillac CT5 Sedan 2020-2026,SD1,缓存精确继承,https://www.cadillac.com/sedans/ct5
US,Cadillac CT6 Blackwing Sedan 2019-2020,SD1,缓存精确继承,https://media.cadillac.com/media/cn/en/cadillac/news.detail.html/content/Pages/news/cn/en/2023/May/0528-cadillac.html
US,Cadillac CT6 PHEV Sedan 2017-2018,SD1,缓存精确继承,https://media.cadillac.com/media/cn/en/cadillac/news.detail.html/content/Pages/news/cn/en/2023/May/0528-cadillac.html
US,Cadillac CT6 Sedan 2016-2018,SD1,缓存精确继承,https://media.cadillac.com/media/cn/en/cadillac/news.detail.html/content/Pages/news/cn/en/2023/May/0528-cadillac.html
US,Cadillac CT6 Sedan 2019-2020,SD1,缓存精确继承,https://media.cadillac.com/media/cn/en/cadillac/news.detail.html/content/Pages/news/cn/en/2023/May/0528-cadillac.html
US,Cadillac CTS CTS-V Sedan 2011-2013,SD0,缓存精确继承,https://media.cadillac.com/dld/content/Pages/news/us/en/2022/aug/0825-cadillac/_jcr_content/rightpar/sectioncontainer/par/download/file.res/2022-Cadillac-120th-Anniversary-12-Significant-Designs.pdf
US,Cadillac CTS Coupe 2011,SD0,缓存精确继承,https://media.cadillac.com/dld/content/Pages/news/us/en/2022/aug/0825-cadillac/_jcr_content/rightpar/sectioncontainer/par/download/file.res/2022-Cadillac-120th-Anniversary-12-Significant-Designs.pdf
US,Cadillac CTS Coupe 2012-2015,SD0,缓存精确继承,https://media.cadillac.com/dld/content/Pages/news/us/en/2022/aug/0825-cadillac/_jcr_content/rightpar/sectioncontainer/par/download/file.res/2022-Cadillac-120th-Anniversary-12-Significant-Designs.pdf
US,Cadillac CTS Sedan 2003,SD0,缓存精确继承,https://media.cadillac.com/dld/content/Pages/news/us/en/2022/aug/0825-cadillac/_jcr_content/rightpar/sectioncontainer/par/download/file.res/2022-Cadillac-120th-Anniversary-12-Significant-Designs.pdf
US,Cadillac CTS Sedan 2004-2007,SD0,缓存精确继承,https://media.cadillac.com/dld/content/Pages/news/us/en/2022/aug/0825-cadillac/_jcr_content/rightpar/sectioncontainer/par/download/file.res/2022-Cadillac-120th-Anniversary-12-Significant-Designs.pdf
US,Cadillac CTS Sedan 2008-2009,SD0,缓存精确继承,https://media.cadillac.com/dld/content/Pages/news/us/en/2022/aug/0825-cadillac/_jcr_content/rightpar/sectioncontainer/par/download/file.res/2022-Cadillac-120th-Anniversary-12-Significant-Designs.pdf
US,Cadillac CTS Sedan 2010,SD0,缓存精确继承,https://media.cadillac.com/dld/content/Pages/news/us/en/2022/aug/0825-cadillac/_jcr_content/rightpar/sectioncontainer/par/download/file.res/2022-Cadillac-120th-Anniversary-12-Significant-Designs.pdf
US,Cadillac CTS Sedan 2011-2013,SD0,缓存精确继承,https://media.cadillac.com/dld/content/Pages/news/us/en/2022/aug/0825-cadillac/_jcr_content/rightpar/sectioncontainer/par/download/file.res/2022-Cadillac-120th-Anniversary-12-Significant-Designs.pdf
US,Cadillac CTS Sedan 2014-2019,SD0,缓存精确继承,https://media.cadillac.com/dld/content/Pages/news/us/en/2022/aug/0825-cadillac/_jcr_content/rightpar/sectioncontainer/par/download/file.res/2022-Cadillac-120th-Anniversary-12-Significant-Designs.pdf
US,Cadillac CTS Wagon 2010,H2,缓存精确继承,https://media.cadillac.com/dld/content/Pages/news/us/en/2022/aug/0825-cadillac/_jcr_content/rightpar/sectioncontainer/par/download/file.res/2022-Cadillac-120th-Anniversary-12-Significant-Designs.pdf
US,Cadillac CTS Wagon 2011-2014,H2,缓存精确继承,https://media.cadillac.com/dld/content/Pages/news/us/en/2022/aug/0825-cadillac/_jcr_content/rightpar/sectioncontainer/par/download/file.res/2022-Cadillac-120th-Anniversary-12-Significant-Designs.pdf
US,Cadillac Catera Sedan 1997-1999,SD1,缓存精确继承,https://media.cadillac.com/Pages/galleries/us/en/history/cadillac_historical.html?page=2
US,Cadillac Catera Sedan 2000-2001,SD1,缓存精确继承,https://media.cadillac.com/Pages/galleries/us/en/history/cadillac_historical.html?page=2
US,Cadillac DTS Sedan 2006-2011,SD1,缓存精确继承,https://media.cadillac.com/Pages/galleries/us/en/history/cadillac_historical.html?page=2
US,Cadillac DTS-L Sedan 2007-2011,SD1,缓存精确继承,https://media.cadillac.com/Pages/galleries/us/en/history/cadillac_historical.html?page=2
US,Cadillac DeVille Convertible 1967,SD2,缓存精确继承,https://www.gm.com/heritage/archive/vehicle-information-kits
US,Cadillac DeVille Coupe 1949,SD2,缓存精确继承,https://www.gm.com/heritage/archive/vehicle-information-kits
US,Cadillac DeVille Coupe 1950,SD2,缓存精确继承,https://www.gm.com/heritage/archive/vehicle-information-kits
US,Cadillac DeVille Coupe 1951,SD2,缓存精确继承,https://www.gm.com/heritage/archive/vehicle-information-kits
US,Cadillac DeVille Coupe 1952-1953,SD2,缓存精确继承,https://www.gm.com/heritage/archive/vehicle-information-kits
US,Cadillac DeVille Coupe 1954,SD2,缓存精确继承,https://www.gm.com/heritage/archive/vehicle-information-kits
US,Cadillac DeVille Coupe 1955,SD2,缓存精确继承,https://www.gm.com/heritage/archive/vehicle-information-kits
US,Cadillac DeVille Coupe 1956,SD2,缓存精确继承,https://www.gm.com/heritage/archive/vehicle-information-kits
US,Cadillac DeVille Coupe 1957,SD2,缓存精确继承,https://www.gm.com/heritage/archive/vehicle-information-kits
US,Cadillac DeVille Coupe 1958,SD2,缓存精确继承,https://www.gm.com/heritage/archive/vehicle-information-kits
US,Cadillac DeVille Coupe 1959,SD2,缓存精确继承,https://www.gm.com/heritage/archive/vehicle-information-kits
US,Cadillac DeVille Coupe 1960,SD2,缓存精确继承,https://www.gm.com/heritage/archive/vehicle-information-kits
US,Cadillac DeVille Coupe 1961,SD2,缓存精确继承,https://www.gm.com/heritage/archive/vehicle-information-kits
US,Cadillac DeVille Coupe 1962,SD2,缓存精确继承,https://www.gm.com/heritage/archive/vehicle-information-kits
US,Cadillac DeVille Coupe 1963,SD2,缓存精确继承,https://www.gm.com/heritage/archive/vehicle-information-kits
US,Cadillac DeVille Coupe 1964,SD2,缓存精确继承,https://www.gm.com/heritage/archive/vehicle-information-kits
US,Cadillac DeVille Coupe 1965,SD2,缓存精确继承,https://www.gm.com/heritage/archive/vehicle-information-kits
US,Cadillac DeVille Coupe 1966,SD2,缓存精确继承,https://www.gm.com/heritage/archive/vehicle-information-kits
US,Cadillac DeVille Coupe 1967,SD2,缓存精确继承,https://www.gm.com/heritage/archive/vehicle-information-kits
US,Cadillac DeVille Coupe 1968-1970,SD2,缓存精确继承,https://www.gm.com/heritage/archive/vehicle-information-kits
US,Cadillac DeVille Coupe 1971,SD2,缓存精确继承,https://www.gm.com/heritage/archive/vehicle-information-kits
US,Cadillac DeVille Coupe 1972,SD2,缓存精确继承,https://www.gm.com/heritage/archive/vehicle-information-kits
US,Cadillac DeVille Coupe 1973,SD2,缓存精确继承,https://www.gm.com/heritage/archive/vehicle-information-kits
US,Cadillac DeVille Coupe 1974,SD2,缓存精确继承,https://www.gm.com/heritage/archive/vehicle-information-kits
US,Cadillac DeVille Coupe 1975-1976,SD2,缓存精确继承,https://www.gm.com/heritage/archive/vehicle-information-kits
US,Cadillac DeVille Coupe 1977,SD2,缓存精确继承,https://www.gm.com/heritage/archive/vehicle-information-kits
US,Cadillac DeVille Coupe 1978,SD2,缓存精确继承,https://www.gm.com/heritage/archive/vehicle-information-kits
US,Cadillac DeVille Coupe 1979-1980,SD2,缓存精确继承,https://www.gm.com/heritage/archive/vehicle-information-kits
US,Cadillac DeVille Coupe 1981,SD2,缓存精确继承,https://www.gm.com/heritage/archive/vehicle-information-kits
US,Cadillac DeVille Coupe 1982,SD2,缓存精确继承,https://www.gm.com/heritage/archive/vehicle-information-kits
US,Cadillac DeVille Coupe 1983,SD2,缓存精确继承,https://www.gm.com/heritage/archive/vehicle-information-kits
US,Cadillac DeVille Coupe 1984,SD2,缓存精确继承,https://www.gm.com/heritage/archive/vehicle-information-kits
US,Cadillac DeVille Coupe 1985,SD2,缓存精确继承,https://media.cadillac.com/Pages/galleries/us/en/history/cadillac_historical.html
US,Cadillac DeVille Coupe 1986,SD2,缓存精确继承,https://media.cadillac.com/Pages/galleries/us/en/history/cadillac_historical.html
US,Cadillac DeVille Coupe 1987-1988,SD2,缓存精确继承,https://media.cadillac.com/Pages/galleries/us/en/history/cadillac_historical.html
US,Cadillac DeVille Coupe 1989,SD2,缓存精确继承,https://media.cadillac.com/Pages/galleries/us/en/history/cadillac_historical.html
US,Cadillac DeVille Sedan 1956,SD2,缓存精确继承,https://www.gm.com/heritage/archive/vehicle-information-kits
US,Cadillac DeVille Sedan 1958,SD2,缓存精确继承,https://www.gm.com/heritage/archive/vehicle-information-kits
US,Cadillac DeVille Sedan 1959-1960,SD2,缓存精确继承,https://www.gm.com/heritage/archive/vehicle-information-kits
US,Cadillac DeVille Sedan 1962,SD2,缓存精确继承,https://www.gm.com/heritage/archive/vehicle-information-kits
US,Cadillac DeVille Sedan 1963,SD2,缓存精确继承,https://www.gm.com/heritage/archive/vehicle-information-kits
US,Cadillac DeVille Sedan 1964,SD2,缓存精确继承,https://www.gm.com/heritage/archive/vehicle-information-kits
US,Cadillac DeVille Sedan 1965,SD2,缓存精确继承,https://www.gm.com/heritage/archive/vehicle-information-kits
US,Cadillac DeVille Sedan 1966,SD2,缓存精确继承,https://www.gm.com/heritage/archive/vehicle-information-kits
US,Cadillac DeVille Sedan 1967,SD2,缓存精确继承,https://www.gm.com/heritage/archive/vehicle-information-kits
US,Cadillac DeVille Sedan 1968-1970,SD2,缓存精确继承,https://www.gm.com/heritage/archive/vehicle-information-kits
US,Cadillac DeVille Sedan 1971,SD2,缓存精确继承,https://www.gm.com/heritage/archive/vehicle-information-kits
US,Cadillac DeVille Sedan 1972,SD2,缓存精确继承,https://www.gm.com/heritage/archive/vehicle-information-kits
US,Cadillac DeVille Sedan 1973,SD2,缓存精确继承,https://www.gm.com/heritage/archive/vehicle-information-kits
US,Cadillac DeVille Sedan 1974,SD2,缓存精确继承,https://www.gm.com/heritage/archive/vehicle-information-kits
US,Cadillac DeVille Sedan 1975-1976,SD2,缓存精确继承,https://www.gm.com/heritage/archive/vehicle-information-kits
US,Cadillac DeVille Sedan 1977,SD2,缓存精确继承,https://www.gm.com/heritage/archive/vehicle-information-kits
US,Cadillac DeVille Sedan 1978,SD2,缓存精确继承,https://www.gm.com/heritage/archive/vehicle-information-kits
US,Cadillac DeVille Sedan 1979-1980,SD2,缓存精确继承,https://www.gm.com/heritage/archive/vehicle-information-kits
US,Cadillac DeVille Sedan 1981,SD2,缓存精确继承,https://www.gm.com/heritage/archive/vehicle-information-kits
US,Cadillac DeVille Sedan 1982,SD2,缓存精确继承,https://www.gm.com/heritage/archive/vehicle-information-kits
US,Cadillac DeVille Sedan 1983,SD2,缓存精确继承,https://www.gm.com/heritage/archive/vehicle-information-kits
US,Cadillac DeVille Sedan 1984,SD2,缓存精确继承,https://www.gm.com/heritage/archive/vehicle-information-kits
US,Cadillac DeVille Sedan 1985,SD2,缓存精确继承,https://media.cadillac.com/Pages/galleries/us/en/history/cadillac_historical.html
US,Cadillac DeVille Sedan 1986,SD2,缓存精确继承,https://media.cadillac.com/Pages/galleries/us/en/history/cadillac_historical.html
US,Cadillac DeVille Sedan 1987-1988,SD2,缓存精确继承,https://media.cadillac.com/Pages/galleries/us/en/history/cadillac_historical.html
US,Cadillac DeVille Sedan 1989,SD2,缓存精确继承,https://media.cadillac.com/Pages/galleries/us/en/history/cadillac_historical.html
US,Cadillac DeVille Sedan 1990,SD2,缓存精确继承,https://media.cadillac.com/Pages/galleries/us/en/history/cadillac_historical.html
US,Cadillac DeVille Sedan 1991,SD2,缓存精确继承,https://media.cadillac.com/Pages/galleries/us/en/history/cadillac_historical.html
US,Cadillac DeVille Sedan 1992-1993,SD2,缓存精确继承,https://media.cadillac.com/Pages/galleries/us/en/history/cadillac_historical.html
US,Cadillac DeVille Sedan 1994-1997,SD1,缓存精确继承,https://media.cadillac.com/Pages/galleries/us/en/history/cadillac_historical.html
US,Cadillac DeVille Sedan 1998-1999,SD1,缓存精确继承,https://media.cadillac.com/Pages/galleries/us/en/history/cadillac_historical.html
US,Cadillac DeVille Sedan 2000-2005,SD1,缓存精确继承,https://media.cadillac.com/Pages/galleries/us/en/history/cadillac_historical.html
US,Cadillac ELR Coupe 2014-2016,SD0,缓存精确继承,https://media.cadillac.com/dld/content/Pages/news/us/en/2022/aug/0825-cadillac/_jcr_content/rightpar/sectioncontainer/par/download/file.res/2022-Cadillac-120th-Anniversary-12-Significant-Designs.pdf
US,Cadillac Eldorado Convertible 1953,SD2,缓存精确继承,https://media.cadillac.com/Pages/galleries/us/en/history/cadillac_historical.html?page=2
US,Cadillac Eldorado Convertible 1954,SD2,缓存精确继承,https://media.cadillac.com/Pages/galleries/us/en/history/cadillac_historical.html?page=2
US,Cadillac Eldorado Convertible 1955,SD2,缓存精确继承,https://media.cadillac.com/Pages/galleries/us/en/history/cadillac_historical.html?page=2
US,Cadillac Eldorado Convertible 1956,SD2,缓存精确继承,https://media.cadillac.com/Pages/galleries/us/en/history/cadillac_historical.html?page=2
US,Cadillac Eldorado Convertible 1957,SD2,缓存精确继承,https://media.cadillac.com/Pages/galleries/us/en/history/cadillac_historical.html?page=2
US,Cadillac Eldorado Convertible 1958,SD2,缓存精确继承,https://media.cadillac.com/Pages/galleries/us/en/history/cadillac_historical.html?page=2
US,Cadillac Eldorado Convertible 1965,SD2,缓存精确继承,https://www.gm.com/heritage/archive/vehicle-information-kits
US,Cadillac Eldorado Convertible 1966,SD2,缓存精确继承,https://www.gm.com/heritage/archive/vehicle-information-kits
US,Cadillac Eldorado Convertible 1971,SD2,缓存精确继承,https://media.cadillac.com/Pages/galleries/us/en/history/cadillac_historical.html?page=2
US,Cadillac Eldorado Convertible 1972,SD2,缓存精确继承,https://media.cadillac.com/Pages/galleries/us/en/history/cadillac_historical.html?page=2
US,Cadillac Eldorado Convertible 1973,SD2,缓存精确继承,https://media.cadillac.com/Pages/galleries/us/en/history/cadillac_historical.html?page=2
US,Cadillac Eldorado Convertible 1974-1978,SD2,缓存精确继承,https://media.cadillac.com/Pages/galleries/us/en/history/cadillac_historical.html?page=2
US,Cadillac Eldorado Convertible 1984-1985,SD2,缓存精确继承,https://media.cadillac.com/Pages/galleries/us/en/history/cadillac_historical.html?page=2
US,Cadillac Eldorado Coupe 1957,SD2,缓存精确继承,https://media.cadillac.com/Pages/galleries/us/en/history/cadillac_historical.html?page=2
US,Cadillac Eldorado Coupe 1958,SD2,缓存精确继承,https://media.cadillac.com/Pages/galleries/us/en/history/cadillac_historical.html?page=2
US,Cadillac Eldorado Coupe 1959-1960,SD2,缓存精确继承,https://www.gm.com/heritage/archive/vehicle-information-kits
US,Cadillac Eldorado Coupe 1961,SD2,缓存精确继承,https://www.gm.com/heritage/archive/vehicle-information-kits
US,Cadillac Eldorado Coupe 1962,SD2,缓存精确继承,https://www.gm.com/heritage/archive/vehicle-information-kits
US,Cadillac Eldorado Coupe 1963,SD2,缓存精确继承,https://www.gm.com/heritage/archive/vehicle-information-kits
US,Cadillac Eldorado Coupe 1964,SD2,缓存精确继承,https://www.gm.com/heritage/archive/vehicle-information-kits
US,Cadillac Eldorado Coupe 1967-1968,SD2,缓存精确继承,https://media.cadillac.com/Pages/galleries/us/en/history/cadillac_historical.html?page=2
US,Cadillac Eldorado Coupe 1969-1970,SD2,缓存精确继承,https://media.cadillac.com/Pages/galleries/us/en/history/cadillac_historical.html?page=2
US,Cadillac Eldorado Coupe 1971,SD2,缓存精确继承,https://media.cadillac.com/Pages/galleries/us/en/history/cadillac_historical.html?page=2
US,Cadillac Eldorado Coupe 1972,SD2,缓存精确继承,https://media.cadillac.com/Pages/galleries/us/en/history/cadillac_historical.html?page=2
US,Cadillac Eldorado Coupe 1973,SD2,缓存精确继承,https://media.cadillac.com/Pages/galleries/us/en/history/cadillac_historical.html?page=2
US,Cadillac Eldorado Coupe 1974-1978,SD2,缓存精确继承,https://media.cadillac.com/Pages/galleries/us/en/history/cadillac_historical.html?page=2
US,Cadillac Eldorado Coupe 1979,SD2,缓存精确继承,https://media.cadillac.com/Pages/galleries/us/en/history/cadillac_historical.html?page=2
US,Cadillac Eldorado Coupe 1980,SD2,缓存精确继承,https://media.cadillac.com/Pages/galleries/us/en/history/cadillac_historical.html?page=2
US,Cadillac Eldorado Coupe 1981-1982,SD2,缓存精确继承,https://media.cadillac.com/Pages/galleries/us/en/history/cadillac_historical.html?page=2
US,Cadillac Eldorado Coupe 1983,SD2,缓存精确继承,https://media.cadillac.com/Pages/galleries/us/en/history/cadillac_historical.html?page=2
US,Cadillac Eldorado Coupe 1984-1985,SD2,缓存精确继承,https://media.cadillac.com/Pages/galleries/us/en/history/cadillac_historical.html?page=2
US,Cadillac Eldorado Coupe 1986,SD2,缓存精确继承,https://media.cadillac.com/Pages/galleries/us/en/history/cadillac_historical.html?page=2
US,Cadillac Eldorado Coupe 1987-1988,SD2,缓存精确继承,https://media.cadillac.com/Pages/galleries/us/en/history/cadillac_historical.html?page=2
US,Cadillac Eldorado Coupe 1989,SD2,缓存精确继承,https://media.cadillac.com/Pages/galleries/us/en/history/cadillac_historical.html?page=2
US,Cadillac Eldorado Coupe 1990,SD2,缓存精确继承,https://media.cadillac.com/Pages/galleries/us/en/history/cadillac_historical.html?page=2
US,Cadillac Eldorado Coupe 1991,SD2,缓存精确继承,https://media.cadillac.com/Pages/galleries/us/en/history/cadillac_historical.html?page=2
US,Cadillac Eldorado Coupe 1992,SD1,缓存精确继承,https://media.cadillac.com/Pages/galleries/us/en/history/cadillac_historical.html?page=2
US,Cadillac Eldorado Coupe 1995,SD1,缓存精确继承,https://media.cadillac.com/Pages/galleries/us/en/history/cadillac_historical.html?page=2
US,Cadillac Eldorado Coupe 1998-2002,SD1,缓存精确继承,https://media.cadillac.com/Pages/galleries/us/en/history/cadillac_historical.html?page=2
US,Cadillac Escalade ESV SUV 2003-2006,SU2,缓存精确继承,车形分类核定/cache/model_shape_cache.csv
US,Cadillac Escalade ESV SUV 2007-2010,SU2,缓存精确继承,车形分类核定/cache/model_shape_cache.csv
US,Cadillac Escalade ESV SUV 2011-2012,SU2,缓存精确继承,车形分类核定/cache/model_shape_cache.csv
US,Cadillac Escalade ESV SUV 2013-2014,SU2,缓存精确继承,车形分类核定/cache/model_shape_cache.csv
US,Cadillac Escalade ESV SUV 2015-2020,SU2,缓存精确继承,车形分类核定/cache/model_shape_cache.csv
US,Cadillac Escalade ESV SUV 2021-2026,SU2,缓存精确继承,车形分类核定/cache/model_shape_cache.csv
US,Cadillac Escalade EXT Pickup 2002-2006 Crew 5.3,P0,缓存精确继承,https://media.cadillac.com/dld/content/Pages/news/ca/en/2022/aug/0825_cadillac/_jcr_content/rightpar/sectioncontainer/par/download_987586136/file.res/2022%20-%20Cadillac%20120%20Years%20-%20Milestones.pdf
US,Cadillac Escalade EXT Pickup 2007-2013 Crew 5.3,P0,缓存精确继承,https://media.cadillac.com/dld/content/Pages/news/ca/en/2022/aug/0825_cadillac/_jcr_content/rightpar/sectioncontainer/par/download_987586136/file.res/2022%20-%20Cadillac%20120%20Years%20-%20Milestones.pdf
US,Cadillac Escalade SUV 1999-2000,SU2,缓存精确继承,车形分类核定/cache/model_shape_cache.csv
US,Cadillac Escalade SUV 2002-2006,SU2,缓存精确继承,车形分类核定/cache/model_shape_cache.csv
US,Cadillac Escalade SUV 2007-2008,SU2,缓存精确继承,车形分类核定/cache/model_shape_cache.csv
US,Cadillac Escalade SUV 2009-2014,SU2,缓存精确继承,车形分类核定/cache/model_shape_cache.csv
US,Cadillac Escalade SUV 2015-2020,SU2,缓存精确继承,车形分类核定/cache/model_shape_cache.csv
US,Cadillac Escalade SUV 2021-2026,SU2,缓存精确继承,车形分类核定/cache/model_shape_cache.csv
US,Cadillac Lyriq Lyriq-V SUV 2026,SU1,缓存精确继承,https://www.cadillac.com/electric/lyriq
US,Cadillac Lyriq SUV 2023-2025,SU1,缓存精确继承,https://www.cadillac.com/electric/lyriq
US,Cadillac Lyriq SUV 2026,SU1,缓存精确继承,https://www.cadillac.com/electric/lyriq
US,Cadillac Optiq SUV 2025-2026,SU1,缓存精确继承,https://www.cadillac.com/electric/optiq
US,Cadillac SRX SUV 2010-2016,SU1,缓存精确继承,https://media.cadillac.com/Pages/galleries/us/en/history/cadillac_historical.html?page=2
US,Cadillac SRX Wagon 2004-2009,H2,缓存精确继承,https://media.cadillac.com/Pages/galleries/us/en/history/cadillac_historical.html?page=2
US,Cadillac STS STS-V Sedan 2006-2009,SD1,缓存精确继承,https://media.cadillac.com/dld/content/Pages/news/ca/en/2022/aug/0825_cadillac/_jcr_content/rightpar/sectioncontainer/par/download_987586136/file.res/2022%20-%20Cadillac%20120%20Years%20-%20Milestones.pdf
US,Cadillac STS Sedan 2005-2007,SD1,缓存精确继承,https://media.cadillac.com/dld/content/Pages/news/ca/en/2022/aug/0825_cadillac/_jcr_content/rightpar/sectioncontainer/par/download_987586136/file.res/2022%20-%20Cadillac%20120%20Years%20-%20Milestones.pdf
US,Cadillac STS Sedan 2008-2011,SD1,缓存精确继承,https://media.cadillac.com/dld/content/Pages/news/ca/en/2022/aug/0825_cadillac/_jcr_content/rightpar/sectioncontainer/par/download_987586136/file.res/2022%20-%20Cadillac%20120%20Years%20-%20Milestones.pdf
US,Cadillac Seville STS Sedan 1988-1989,SD2,缓存精确继承,https://media.cadillac.com/dld/content/Pages/news/ca/en/2022/aug/0825_cadillac/_jcr_content/rightpar/sectioncontainer/par/download/file.res/12%20Significant%20Designs.pdf
US,Cadillac Seville STS Sedan 1990,SD2,缓存精确继承,https://media.cadillac.com/dld/content/Pages/news/ca/en/2022/aug/0825_cadillac/_jcr_content/rightpar/sectioncontainer/par/download/file.res/12%20Significant%20Designs.pdf
US,Cadillac Seville STS/SLS Sedan 1994-1997,SD1,缓存精确继承,https://media.cadillac.com/dld/content/Pages/news/ca/en/2022/aug/0825_cadillac/_jcr_content/rightpar/sectioncontainer/par/download/file.res/12%20Significant%20Designs.pdf
US,Cadillac Seville STS/SLS Sedan 1998-2004,SD1,缓存精确继承,https://media.cadillac.com/dld/content/Pages/news/ca/en/2022/aug/0825_cadillac/_jcr_content/rightpar/sectioncontainer/par/download/file.res/12%20Significant%20Designs.pdf
US,Cadillac Seville Sedan 1976-1979,SD2,缓存精确继承,https://media.cadillac.com/dld/content/Pages/news/ca/en/2022/aug/0825_cadillac/_jcr_content/rightpar/sectioncontainer/par/download/file.res/12%20Significant%20Designs.pdf
US,Cadillac Seville Sedan 1980,SD2,缓存精确继承,https://media.cadillac.com/dld/content/Pages/news/ca/en/2022/aug/0825_cadillac/_jcr_content/rightpar/sectioncontainer/par/download/file.res/12%20Significant%20Designs.pdf
US,Cadillac Seville Sedan 1981,SD2,缓存精确继承,https://media.cadillac.com/dld/content/Pages/news/ca/en/2022/aug/0825_cadillac/_jcr_content/rightpar/sectioncontainer/par/download/file.res/12%20Significant%20Designs.pdf
US,Cadillac Seville Sedan 1982,SD2,缓存精确继承,https://media.cadillac.com/dld/content/Pages/news/ca/en/2022/aug/0825_cadillac/_jcr_content/rightpar/sectioncontainer/par/download/file.res/12%20Significant%20Designs.pdf
US,Cadillac Seville Sedan 1983-1984,SD2,缓存精确继承,https://media.cadillac.com/dld/content/Pages/news/ca/en/2022/aug/0825_cadillac/_jcr_content/rightpar/sectioncontainer/par/download/file.res/12%20Significant%20Designs.pdf
US,Cadillac Seville Sedan 1985,SD2,缓存精确继承,https://media.cadillac.com/dld/content/Pages/news/ca/en/2022/aug/0825_cadillac/_jcr_content/rightpar/sectioncontainer/par/download/file.res/12%20Significant%20Designs.pdf
US,Cadillac Seville Sedan 1986,SD2,缓存精确继承,https://media.cadillac.com/dld/content/Pages/news/ca/en/2022/aug/0825_cadillac/_jcr_content/rightpar/sectioncontainer/par/download/file.res/12%20Significant%20Designs.pdf
US,Cadillac Seville Sedan 1987,SD2,缓存精确继承,https://media.cadillac.com/dld/content/Pages/news/ca/en/2022/aug/0825_cadillac/_jcr_content/rightpar/sectioncontainer/par/download/file.res/12%20Significant%20Designs.pdf
US,Cadillac Seville Sedan 1991,SD2,缓存精确继承,https://media.cadillac.com/dld/content/Pages/news/ca/en/2022/aug/0825_cadillac/_jcr_content/rightpar/sectioncontainer/par/download/file.res/12%20Significant%20Designs.pdf
US,Cadillac Seville Sedan 1992,SD1,缓存精确继承,https://media.cadillac.com/dld/content/Pages/news/ca/en/2022/aug/0825_cadillac/_jcr_content/rightpar/sectioncontainer/par/download/file.res/12%20Significant%20Designs.pdf
US,Cadillac Seville Sedan 1993,SD1,缓存精确继承,https://media.cadillac.com/dld/content/Pages/news/ca/en/2022/aug/0825_cadillac/_jcr_content/rightpar/sectioncontainer/par/download/file.res/12%20Significant%20Designs.pdf
US,Cadillac Vistiq SUV 2026,SU1,缓存精确继承,https://www.cadillac.com/content/cadillac/na/us/en/index/electric/preceding-year/vistiq.html
US,Cadillac XLR Convertible 2004-2009,SD0,缓存精确继承,https://media.cadillac.com/Pages/galleries/us/en/history/cadillac_historical.html?page=2
US,Cadillac XLR XLR-V Convertible 2006-2009,SD0,缓存精确继承,https://media.cadillac.com/Pages/galleries/us/en/history/cadillac_historical.html?page=2
US,Cadillac XT4 SUV 2019-2023,SU1,缓存精确继承,https://www.cadillac.com/suvs
US,Cadillac XT4 SUV 2024-2025,SU1,缓存精确继承,https://www.cadillac.com/suvs
US,Cadillac XT5 SUV 2017-2026,SU1,缓存精确继承,https://media.cadillac.com/Pages/galleries/ME/EN/cadillac/crossover/2016/2017-cadillac-xt5.html
US,Cadillac XT6 SUV 2020-2025,SU1,缓存精确继承,https://media.cadillac.com/content/dam/Media/images/US/Vehicles/Cadillac/XT6/2023/2023-Cadillac-XT6.pdf
US,Cadillac XTS Sedan 2015-2017,SD1,缓存精确继承,https://media.cadillac.com/Pages/galleries/ME/EN/cadillac/passenger-cars/2016/2016-cadillac-xts.html
US,Cadillac XTS Sedan 2018-2019,SD1,缓存精确继承,https://media.cadillac.com/Pages/galleries/ME/EN/cadillac/passenger-cars/2016/2016-cadillac-xts.html
US,Chevrolet Astro LWB Wagon 1990-1994,V0,缓存精确继承,https://www.gm.com/content/dam/company/no_search/heritage-archive-docs/vehicle-information-kits/chevrolet/1998-Chevrolet-Astro-Van.pdf
US,Chevrolet Astro LWB Wagon 1995-2005,V0,缓存精确继承,https://www.gm.com/content/dam/company/no_search/heritage-archive-docs/vehicle-information-kits/chevrolet/1998-Chevrolet-Astro-Van.pdf
US,Chevrolet Astro Wagon 1985-1988,V0,缓存精确继承,https://www.gm.com/content/dam/company/no_search/heritage-archive-docs/vehicle-information-kits/chevrolet/1998-Chevrolet-Astro-Van.pdf
US,Chevrolet Astro Wagon 1989-1994,V0,缓存精确继承,https://www.gm.com/content/dam/company/no_search/heritage-archive-docs/vehicle-information-kits/chevrolet/1998-Chevrolet-Astro-Van.pdf
US,Chevrolet Avalanche 1500 Pickup 2002-2006 Crew 5.3,P0,缓存精确继承,https://www.gm.com/heritage/archive/vehicle-information-kits
US,Chevrolet Avalanche 1500 Pickup 2007-2013 Crew 5.3,P0,缓存精确继承,https://www.gm.com/heritage/archive/vehicle-information-kits
US,Chevrolet Avalanche 2500 Pickup 2002-2006 Crew 5.3,P0,缓存精确继承,https://www.gm.com/heritage/archive/vehicle-information-kits
US,Chevrolet Aveo Hatchback 2004-2005,H0,缓存精确继承,https://www.gm.com/heritage/archive/vehicle-information-kits
US,Chevrolet Aveo Hatchback 2006,H0,缓存精确继承,https://www.gm.com/heritage/archive/vehicle-information-kits
US,Chevrolet Aveo Hatchback 2007-2008,H0,缓存精确继承,https://www.gm.com/heritage/archive/vehicle-information-kits
US,Chevrolet Aveo Hatchback 2009-2011,H0,缓存精确继承,https://www.gm.com/heritage/archive/vehicle-information-kits
US,Chevrolet Aveo Sedan 2004-2006,SD1,缓存精确继承,https://www.gm.com/heritage/archive/vehicle-information-kits
US,Chevrolet Aveo Sedan 2007-2011,SD1,缓存精确继承,https://www.gm.com/heritage/archive/vehicle-information-kits
US,Chevrolet Bel Air 2dr Sedan 1959,SD2,缓存精确继承,https://www.gm.com/heritage/archive/vehicle-information-kits
US,Chevrolet Bel Air 2dr Sedan 1960,SD2,缓存精确继承,https://www.gm.com/heritage/archive/vehicle-information-kits
US,Chevrolet Bel Air 4dr Sedan 1959,SD2,缓存精确继承,https://www.gm.com/heritage/archive/vehicle-information-kits
US,Chevrolet Bel Air 4dr Sedan 1960,SD2,缓存精确继承,https://www.gm.com/heritage/archive/vehicle-information-kits
US,Chevrolet Bel Air Convertible 1953,SD2,缓存精确继承,https://www.gm.com/heritage/archive/vehicle-information-kits
US,Chevrolet Bel Air Convertible 1954,SD2,缓存精确继承,https://www.gm.com/heritage/archive/vehicle-information-kits
US,Chevrolet Bel Air Convertible 1955,SD2,缓存精确继承,https://www.gm.com/heritage/archive/vehicle-information-kits
US,Chevrolet Bel Air Convertible 1956,SD2,缓存精确继承,https://www.gm.com/heritage/archive/vehicle-information-kits
US,Chevrolet Bel Air Convertible 1957,SD2,缓存精确继承,https://www.gm.com/heritage/archive/vehicle-information-kits
US,Chevrolet Bel Air Convertible 1958,SD2,缓存精确继承,https://www.gm.com/heritage/archive/vehicle-information-kits
US,Chevrolet Bel Air Coupe 1953,SD2,缓存精确继承,https://www.gm.com/heritage/archive/vehicle-information-kits
US,Chevrolet Bel Air Coupe 1954,SD2,缓存精确继承,https://www.gm.com/heritage/archive/vehicle-information-kits
US,Chevrolet Bel Air Coupe 1957,SD2,缓存精确继承,https://www.gm.com/heritage/archive/vehicle-information-kits
US,Chevrolet Bel Air Coupe 1958,SD2,缓存精确继承,https://www.gm.com/heritage/archive/vehicle-information-kits
US,Chevrolet Bel Air Coupe 1960,SD2,缓存精确继承,https://www.gm.com/heritage/archive/vehicle-information-kits
US,Chevrolet Bel Air Coupe 1961,SD2,缓存精确继承,https://www.gm.com/heritage/archive/vehicle-information-kits
US,Chevrolet Bel Air Coupe 1962,SD2,缓存精确继承,https://www.gm.com/heritage/archive/vehicle-information-kits
US,Chevrolet Bel Air Hardtop Coupe 1959,SD2,缓存精确继承,https://www.gm.com/heritage/archive/vehicle-information-kits
US,Chevrolet Bel Air Hardtop Coupe 1960,SD2,缓存精确继承,https://www.gm.com/heritage/archive/vehicle-information-kits
US,Chevrolet Bel Air Parkwood/Kingswood Wagon 1959,H3,缓存精确继承,https://www.gm.com/heritage/archive/vehicle-information-kits
US,Chevrolet Bel Air Parkwood/Kingswood Wagon 1960,H3,缓存精确继承,https://www.gm.com/heritage/archive/vehicle-information-kits
US,Chevrolet Bel Air Sedan 1953,SD2,缓存精确继承,https://www.gm.com/heritage/archive/vehicle-information-kits
US,Chevrolet Bel Air Sedan 1954,SD2,缓存精确继承,https://www.gm.com/heritage/archive/vehicle-information-kits
US,Chevrolet Bel Air Sedan 1955,SD2,缓存精确继承,https://www.gm.com/heritage/archive/vehicle-information-kits
US,Chevrolet Bel Air Sedan 1956,SD2,缓存精确继承,https://www.gm.com/heritage/archive/vehicle-information-kits
US,Chevrolet Bel Air Sedan 1957,SD2,缓存精确继承,https://www.gm.com/heritage/archive/vehicle-information-kits
US,Chevrolet Bel Air Sedan 1958,SD2,缓存精确继承,https://www.gm.com/heritage/archive/vehicle-information-kits
US,Chevrolet Bel Air Sedan 1959,SD2,缓存精确继承,https://www.gm.com/heritage/archive/vehicle-information-kits
US,Chevrolet Bel Air Sedan 1960,SD2,缓存精确继承,https://www.gm.com/heritage/archive/vehicle-information-kits
US,Chevrolet Bel Air Sedan 1961,SD2,缓存精确继承,https://www.gm.com/heritage/archive/vehicle-information-kits
US,Chevrolet Bel Air Sedan 1962,SD2,缓存精确继承,https://www.gm.com/heritage/archive/vehicle-information-kits
US,Chevrolet Bel Air Sedan 1963-1964,SD2,缓存精确继承,https://www.gm.com/heritage/archive/vehicle-information-kits
US,Chevrolet Bel Air Sedan 1965,SD2,缓存精确继承,https://www.gm.com/heritage/archive/vehicle-information-kits
US,Chevrolet Bel Air Sedan 1966,SD2,缓存精确继承,https://www.gm.com/heritage/archive/vehicle-information-kits
US,Chevrolet Bel Air Sedan 1967-1969,SD2,缓存精确继承,https://www.gm.com/heritage/archive/vehicle-information-kits
US,Chevrolet Bel Air Sedan 1970,SD2,缓存精确继承,https://www.gm.com/heritage/archive/vehicle-information-kits
US,Chevrolet Bel Air Sedan 1971,SD2,缓存精确继承,https://www.gm.com/heritage/archive/vehicle-information-kits
US,Chevrolet Bel Air Sedan 1972,SD2,缓存精确继承,https://www.gm.com/heritage/archive/vehicle-information-kits
US,Chevrolet Bel Air Sedan 1973,SD2,缓存精确继承,https://www.gm.com/heritage/archive/vehicle-information-kits
US,Chevrolet Bel Air Sedan 1974-1975,SD2,缓存精确继承,https://www.gm.com/heritage/archive/vehicle-information-kits
US,Chevrolet Bel Air Wagon 1954,H3,缓存精确继承,https://www.gm.com/heritage/archive/vehicle-information-kits
US,Chevrolet Bel Air Wagon 1955,H3,缓存精确继承,https://www.gm.com/heritage/archive/vehicle-information-kits
US,Chevrolet Bel Air Wagon 1956,H3,缓存精确继承,https://www.gm.com/heritage/archive/vehicle-information-kits
US,Chevrolet Bel Air Wagon 1957,H3,缓存精确继承,https://www.gm.com/heritage/archive/vehicle-information-kits
US,Chevrolet Bel Air Wagon 1958,H3,缓存精确继承,https://www.gm.com/heritage/archive/vehicle-information-kits
US,Chevrolet Bel Air Wagon 1959,H3,缓存精确继承,https://www.gm.com/heritage/archive/vehicle-information-kits
US,Chevrolet Bel Air Wagon 1960,H3,缓存精确继承,https://www.gm.com/heritage/archive/vehicle-information-kits
US,Chevrolet Bel Air Wagon 1961,H3,缓存精确继承,https://www.gm.com/heritage/archive/vehicle-information-kits
US,Chevrolet Bel Air Wagon 1962,H3,缓存精确继承,https://www.gm.com/heritage/archive/vehicle-information-kits
US,Chevrolet Bel Air Wagon 1963,H3,缓存精确继承,https://www.gm.com/heritage/archive/vehicle-information-kits
US,Chevrolet Bel Air Wagon 1964,H3,缓存精确继承,https://www.gm.com/heritage/archive/vehicle-information-kits
US,Chevrolet Bel Air Wagon 1965,H3,缓存精确继承,https://www.gm.com/heritage/archive/vehicle-information-kits
US,Chevrolet Bel Air Wagon 1967,H3,缓存精确继承,https://www.gm.com/heritage/archive/vehicle-information-kits
US,Chevrolet Bel Air Wagon 1968-1969,H3,缓存精确继承,https://www.gm.com/heritage/archive/vehicle-information-kits
US,Chevrolet Beretta Coupe 1987,SD0,缓存精确继承,https://www.gm.com/heritage/archive/vehicle-information-kits
US,Chevrolet Beretta Coupe 1988-1990,SD0,缓存精确继承,https://www.gm.com/heritage/archive/vehicle-information-kits
US,Chevrolet Beretta Coupe 1991,SD0,缓存精确继承,https://www.gm.com/heritage/archive/vehicle-information-kits
US,Chevrolet Beretta Coupe 1995-1996,SD0,缓存精确继承,https://www.gm.com/heritage/archive/vehicle-information-kits
US,Chevrolet Beretta GT/GTZ Coupe 1992-1994,SD0,缓存精确继承,https://www.gm.com/heritage/archive/vehicle-information-kits
US,Chevrolet Blazer 2dr Base 4WD SUV 1996,SU2,缓存精确继承,https://www.gm.com/heritage/archive/vehicle-information-kits
US,Chevrolet Blazer 2dr SUV 1995,SU2,缓存精确继承,https://www.gm.com/heritage/archive/vehicle-information-kits
US,Chevrolet Blazer 2dr SUV 1998,SU2,缓存精确继承,https://www.gm.com/heritage/archive/vehicle-information-kits
US,Chevrolet Blazer 2dr SUV 2003-2004,SU2,缓存精确继承,https://www.gm.com/heritage/archive/vehicle-information-kits
US,Chevrolet Blazer 4dr LS 4WD SUV 1996,SU2,缓存精确继承,https://www.gm.com/heritage/archive/vehicle-information-kits
US,Chevrolet Blazer 4dr SUV 1997,SU2,缓存精确继承,https://www.gm.com/heritage/archive/vehicle-information-kits
US,Chevrolet Blazer 4dr SUV 1998-2001,SU2,缓存精确继承,https://www.gm.com/heritage/archive/vehicle-information-kits
US,Chevrolet Blazer 4dr SUV 2002,SU2,缓存精确继承,https://www.gm.com/heritage/archive/vehicle-information-kits
US,Chevrolet Blazer 4dr SUV 2003-2005,SU2,缓存精确继承,https://www.gm.com/heritage/archive/vehicle-information-kits
US,Chevrolet Blazer EV Crossover 2024-2026,SU0,缓存精确继承,https://news.chevrolet.com/newsroom.detail.html/Pages/news/us/en/2022/jul/0718-blazerev.html
US,Chevrolet Blazer EV SS Crossover 2025-2026,SU0,缓存精确继承,https://news.chevrolet.com/newsroom.detail.html/Pages/news/us/en/2022/jul/0718-blazerev.html
US,Chevrolet Blazer SUV 1969-1970,SU2,缓存精确继承,https://www.gm.com/heritage/archive/vehicle-information-kits
US,Chevrolet Blazer SUV 1971,SU2,缓存精确继承,https://www.gm.com/heritage/archive/vehicle-information-kits
US,Chevrolet Blazer SUV 1972,SU2,缓存精确继承,https://www.gm.com/heritage/archive/vehicle-information-kits
US,Chevrolet Blazer SUV 1973-1974,SU2,缓存精确继承,https://www.gm.com/heritage/archive/vehicle-information-kits
US,Chevrolet Blazer SUV 1975,SU2,缓存精确继承,https://www.gm.com/heritage/archive/vehicle-information-kits
US,Chevrolet Blazer SUV 1976-1977,SU2,缓存精确继承,https://www.gm.com/heritage/archive/vehicle-information-kits
US,Chevrolet Blazer SUV 1978-1979,SU2,缓存精确继承,https://www.gm.com/heritage/archive/vehicle-information-kits
US,Chevrolet Blazer SUV 1980-1991,SU2,缓存精确继承,https://www.gm.com/heritage/archive/vehicle-information-kits
US,Chevrolet Blazer SUV 1992-1994,SU2,缓存精确继承,https://www.gm.com/heritage/archive/vehicle-information-kits
US,Chevrolet Blazer SUV 2019-2022,SU1,缓存精确继承,https://news.chevrolet.com/newsroom.detail.html/Pages/news/us/en/2022/jul/0718-blazerev.html
US,Chevrolet Blazer SUV 2023-2026,SU1,缓存精确继承,https://news.chevrolet.com/newsroom.detail.html/Pages/news/us/en/2022/jul/0718-blazerev.html
US,Chevrolet Bolt EUV SUV 2022-2023,SU1,缓存精确继承,https://media.chevrolet.com/content/dam/Media/images/US/Vehicles/Chevrolet/Cars/BoltEUV/2022/2022%20Chevrolet%20Bolt%20EUV.pdf
US,Chevrolet Bolt Hatchback 2017-2021,H1,缓存精确继承,https://media.chevrolet.com/content/dam/Media/images/US/Vehicles/Chevrolet/Cars/BoltEV/2022/2022%20Chevrolet%20Bolt%20EV.pdf
US,Chevrolet Bolt Hatchback 2022-2023,H1,缓存精确继承,https://media.chevrolet.com/content/dam/Media/images/US/Vehicles/Chevrolet/Cars/BoltEV/2022/2022%20Chevrolet%20Bolt%20EV.pdf
US,Chevrolet Bolt Hatchback 2027,SU1,缓存精确继承,https://media.chevrolet.com/content/dam/Media/images/US/Vehicles/Chevrolet/Cars/BoltEV/2022/2022%20Chevrolet%20Bolt%20EV.pdf
US,Chevrolet C/K Classic DRW Pickup 1999-2000 Crew 6.5,DUAL,缓存精确继承,https://www.gm.com/heritage/archive/vehicle-information-kits
US,Chevrolet C/K Classic DRW Pickup 1999-2000 Crew 8,DUAL,缓存精确继承,https://www.gm.com/heritage/archive/vehicle-information-kits
US,Chevrolet C/K Classic DRW Pickup 1999-2000 Extended 8,DUAL,缓存精确继承,https://www.gm.com/heritage/archive/vehicle-information-kits
US,Chevrolet C/K Classic DRW Pickup 1999-2000 Regular 8,DUAL,缓存精确继承,https://www.gm.com/heritage/archive/vehicle-information-kits
US,Chevrolet C/K Classic Pickup 1999 Extended 6.5,P0,缓存精确继承,https://www.gm.com/heritage/archive/vehicle-information-kits
US,Chevrolet C/K Classic Pickup 1999-2000 Crew 6.5,P0,缓存精确继承,https://www.gm.com/heritage/archive/vehicle-information-kits
US,Chevrolet C/K Classic Pickup 1999-2000 Crew 8,P0,缓存精确继承,https://www.gm.com/heritage/archive/vehicle-information-kits
US,Chevrolet C/K Classic Pickup 1999-2000 Extended 8,P0,缓存精确继承,https://www.gm.com/heritage/archive/vehicle-information-kits
US,Chevrolet C/K Classic Pickup 1999-2000 Regular 8,P0,缓存精确继承,https://www.gm.com/heritage/archive/vehicle-information-kits
US,Chevrolet C/K DRW Pickup 1973-1986 Crew 8,DUAL,缓存精确继承,https://www.gm.com/heritage/archive/vehicle-information-kits
US,Chevrolet C/K DRW Pickup 1973-1986 Regular 8,DUAL,缓存精确继承,https://www.gm.com/heritage/archive/vehicle-information-kits
US,Chevrolet C/K DRW Pickup 1988-1998 Extended 8,DUAL,缓存精确继承,https://www.gm.com/heritage/archive/vehicle-information-kits
US,Chevrolet C/K DRW Pickup 1988-1998 Regular 8,DUAL,缓存精确继承,https://www.gm.com/heritage/archive/vehicle-information-kits
US,Chevrolet C/K DRW Pickup 1992-1998 Crew 8,DUAL,缓存精确继承,https://www.gm.com/heritage/archive/vehicle-information-kits
US,Chevrolet C/K DRW Pickup 1999-2000 Crew 8,DUAL,缓存精确继承,https://www.gm.com/heritage/archive/vehicle-information-kits
US,Chevrolet C/K Longhorn Pickup 1968-1972 Regular 8.5,P0,缓存精确继承,https://www.gm.com/heritage/archive/vehicle-information-kits
US,Chevrolet C/K Pickup 1960-1966 Regular 6.5,P0,缓存精确继承,https://www.gm.com/heritage/archive/vehicle-information-kits
US,Chevrolet C/K Pickup 1960-1966 Regular 8,P0,缓存精确继承,https://www.gm.com/heritage/archive/vehicle-information-kits
US,Chevrolet C/K Pickup 1960-1966 Regular 9,P0,缓存精确继承,https://www.gm.com/heritage/archive/vehicle-information-kits
US,Chevrolet C/K Pickup 1967-1972 Regular 6.5,P0,缓存精确继承,https://www.gm.com/heritage/archive/vehicle-information-kits
US,Chevrolet C/K Pickup 1967-1972 Regular 8,P0,缓存精确继承,https://www.gm.com/heritage/archive/vehicle-information-kits
US,Chevrolet C/K Pickup 1967-1972 Regular 9,P0,缓存精确继承,https://www.gm.com/heritage/archive/vehicle-information-kits
US,Chevrolet C/K Pickup 1973-1986 Crew 8,P0,缓存精确继承,https://www.gm.com/heritage/archive/vehicle-information-kits
US,Chevrolet C/K Pickup 1973-1986 Regular 6.5,P0,缓存精确继承,https://www.gm.com/heritage/archive/vehicle-information-kits
US,Chevrolet C/K Pickup 1973-1986 Regular 8,P0,缓存精确继承,https://www.gm.com/heritage/archive/vehicle-information-kits
US,Chevrolet C/K Pickup 1988-1998 Extended 8,P0,缓存精确继承,https://www.gm.com/heritage/archive/vehicle-information-kits
US,Chevrolet C/K Pickup 1988-1998 Regular 6.5,P0,缓存精确继承,https://www.gm.com/heritage/archive/vehicle-information-kits
US,Chevrolet C/K Pickup 1988-1998 Regular 8,P0,缓存精确继承,https://www.gm.com/heritage/archive/vehicle-information-kits
US,Chevrolet C/K Pickup 1989-1998 Extended 6.5,P0,缓存精确继承,https://www.gm.com/heritage/archive/vehicle-information-kits
US,Chevrolet C/K Pickup 1992-1998 Crew 8,P0,缓存精确继承,https://www.gm.com/heritage/archive/vehicle-information-kits
US,Chevrolet C/K R/V DRW Pickup 1987-1988 Regular 8,DUAL,缓存精确继承,https://www.gm.com/heritage/archive/vehicle-information-kits
US,Chevrolet C/K R/V DRW Pickup 1987-1991 Crew 8,DUAL,缓存精确继承,https://www.gm.com/heritage/archive/vehicle-information-kits
US,Chevrolet C/K R/V Pickup 1987-1988 Regular 6.5,P0,缓存精确继承,https://www.gm.com/heritage/archive/vehicle-information-kits
US,Chevrolet C/K R/V Pickup 1987-1988 Regular 8,P0,缓存精确继承,https://www.gm.com/heritage/archive/vehicle-information-kits
US,Chevrolet C/K R/V Pickup 1987-1991 Crew 8,P0,缓存精确继承,https://www.gm.com/heritage/archive/vehicle-information-kits
US,Chevrolet Camaro Convertible 1967-1969,SD0,缓存精确继承,https://www.gm.com/content/dam/company/no_search/heritage-archive-docs/vehicle-information-kits/chevrolet/1968-Chevrolet-Camaro.pdf
US,Chevrolet Camaro Convertible 1991-1992,SD0,缓存精确继承,https://www.gm.com/content/dam/company/no_search/heritage-archive-docs/vehicle-information-kits/chevrolet/1968-Chevrolet-Camaro.pdf
US,Chevrolet Camaro Convertible 1994-1997,SD0,缓存精确继承,https://www.gm.com/content/dam/company/no_search/heritage-archive-docs/vehicle-information-kits/chevrolet/1968-Chevrolet-Camaro.pdf
US,Chevrolet Camaro Convertible 1998,SD0,缓存精确继承,https://www.gm.com/content/dam/company/no_search/heritage-archive-docs/vehicle-information-kits/chevrolet/1968-Chevrolet-Camaro.pdf
US,Chevrolet Camaro Convertible 1999,SD0,缓存精确继承,https://www.gm.com/content/dam/company/no_search/heritage-archive-docs/vehicle-information-kits/chevrolet/1968-Chevrolet-Camaro.pdf
US,Chevrolet Camaro Convertible 2000-2002,SD0,缓存精确继承,https://www.gm.com/content/dam/company/no_search/heritage-archive-docs/vehicle-information-kits/chevrolet/1968-Chevrolet-Camaro.pdf
US,Chevrolet Camaro Convertible 2011-2013,SD0,缓存精确继承,https://www.gm.com/content/dam/company/no_search/heritage-archive-docs/vehicle-information-kits/chevrolet/1968-Chevrolet-Camaro.pdf
US,Chevrolet Camaro Convertible 2014-2015,SD0,缓存精确继承,https://www.gm.com/content/dam/company/no_search/heritage-archive-docs/vehicle-information-kits/chevrolet/1968-Chevrolet-Camaro.pdf
US,Chevrolet Camaro Convertible 2016-2024,SD0,缓存精确继承,https://www.gm.com/content/dam/company/no_search/heritage-archive-docs/vehicle-information-kits/chevrolet/1968-Chevrolet-Camaro.pdf
US,Chevrolet Camaro Coupe 1967-1969,SD0,缓存精确继承,https://www.gm.com/content/dam/company/no_search/heritage-archive-docs/vehicle-information-kits/chevrolet/1968-Chevrolet-Camaro.pdf
US,Chevrolet Camaro Coupe 1970-1973,SD0,缓存精确继承,https://www.gm.com/content/dam/company/no_search/heritage-archive-docs/vehicle-information-kits/chevrolet/1968-Chevrolet-Camaro.pdf
US,Chevrolet Camaro Coupe 1974,SD0,缓存精确继承,https://www.gm.com/content/dam/company/no_search/heritage-archive-docs/vehicle-information-kits/chevrolet/1968-Chevrolet-Camaro.pdf
US,Chevrolet Camaro Coupe 1975-1976,SD0,缓存精确继承,https://www.gm.com/content/dam/company/no_search/heritage-archive-docs/vehicle-information-kits/chevrolet/1968-Chevrolet-Camaro.pdf
US,Chevrolet Camaro Coupe 1977,SD0,缓存精确继承,https://www.gm.com/content/dam/company/no_search/heritage-archive-docs/vehicle-information-kits/chevrolet/1968-Chevrolet-Camaro.pdf
US,Chevrolet Camaro Coupe 1978-1981,SD0,缓存精确继承,https://www.gm.com/content/dam/company/no_search/heritage-archive-docs/vehicle-information-kits/chevrolet/1968-Chevrolet-Camaro.pdf
US,Chevrolet Camaro Coupe 1982-1984,SD0,缓存精确继承,https://www.gm.com/content/dam/company/no_search/heritage-archive-docs/vehicle-information-kits/chevrolet/1968-Chevrolet-Camaro.pdf
US,Chevrolet Camaro Coupe 1992,SD0,缓存精确继承,https://www.gm.com/content/dam/company/no_search/heritage-archive-docs/vehicle-information-kits/chevrolet/1968-Chevrolet-Camaro.pdf
US,Chevrolet Camaro Coupe 1993,SD0,缓存精确继承,https://www.gm.com/content/dam/company/no_search/heritage-archive-docs/vehicle-information-kits/chevrolet/1968-Chevrolet-Camaro.pdf
US,Chevrolet Camaro Coupe 1994-1997,SD0,缓存精确继承,https://www.gm.com/content/dam/company/no_search/heritage-archive-docs/vehicle-information-kits/chevrolet/1968-Chevrolet-Camaro.pdf
US,Chevrolet Camaro Coupe 1998,SD0,缓存精确继承,https://www.gm.com/content/dam/company/no_search/heritage-archive-docs/vehicle-information-kits/chevrolet/1968-Chevrolet-Camaro.pdf
US,Chevrolet Camaro Coupe 1999,SD0,缓存精确继承,https://www.gm.com/content/dam/company/no_search/heritage-archive-docs/vehicle-information-kits/chevrolet/1968-Chevrolet-Camaro.pdf
US,Chevrolet Camaro Coupe 2000-2002,SD0,缓存精确继承,https://www.gm.com/content/dam/company/no_search/heritage-archive-docs/vehicle-information-kits/chevrolet/1968-Chevrolet-Camaro.pdf
US,Chevrolet Camaro Coupe 2010-2013,SD0,缓存精确继承,https://www.gm.com/content/dam/company/no_search/heritage-archive-docs/vehicle-information-kits/chevrolet/1968-Chevrolet-Camaro.pdf
US,Chevrolet Camaro Coupe 2014-2015,SD0,缓存精确继承,https://www.gm.com/content/dam/company/no_search/heritage-archive-docs/vehicle-information-kits/chevrolet/1968-Chevrolet-Camaro.pdf
US,Chevrolet Camaro Coupe 2016-2024,SD0,缓存精确继承,https://www.gm.com/content/dam/company/no_search/heritage-archive-docs/vehicle-information-kits/chevrolet/1968-Chevrolet-Camaro.pdf
US,Chevrolet Camaro IROC-Z Convertible 1987,SD0,缓存精确继承,https://www.gm.com/content/dam/company/no_search/heritage-archive-docs/vehicle-information-kits/chevrolet/1968-Chevrolet-Camaro.pdf
US,Chevrolet Camaro IROC-Z Convertible 1988-1990,SD0,缓存精确继承,https://www.gm.com/content/dam/company/no_search/heritage-archive-docs/vehicle-information-kits/chevrolet/1968-Chevrolet-Camaro.pdf
US,Chevrolet Camaro IROC-Z/Z28 Coupe 1985-1990,SD0,缓存精确继承,https://www.gm.com/content/dam/company/no_search/heritage-archive-docs/vehicle-information-kits/chevrolet/1968-Chevrolet-Camaro.pdf
US,Chevrolet Camaro Z28 Coupe 1991,SD0,缓存精确继承,https://www.gm.com/content/dam/company/no_search/heritage-archive-docs/vehicle-information-kits/chevrolet/1968-Chevrolet-Camaro.pdf
US,Chevrolet Camaro Z28 Coupe 1995,SD0,缓存精确继承,https://www.gm.com/content/dam/company/no_search/heritage-archive-docs/vehicle-information-kits/chevrolet/1968-Chevrolet-Camaro.pdf
US,Chevrolet Camaro Z28 Coupe 1996-1997,SD0,缓存精确继承,https://www.gm.com/content/dam/company/no_search/heritage-archive-docs/vehicle-information-kits/chevrolet/1968-Chevrolet-Camaro.pdf
US,Chevrolet Camaro ZL1 Convertible 2017-2018,SD0,缓存精确继承,https://www.gm.com/content/dam/company/no_search/heritage-archive-docs/vehicle-information-kits/chevrolet/1968-Chevrolet-Camaro.pdf
US,Chevrolet Camaro ZL1 Convertible 2019,SD0,缓存精确继承,https://www.gm.com/content/dam/company/no_search/heritage-archive-docs/vehicle-information-kits/chevrolet/1968-Chevrolet-Camaro.pdf
US,Chevrolet Camaro ZL1 Convertible 2020-2024,SD0,缓存精确继承,https://www.gm.com/content/dam/company/no_search/heritage-archive-docs/vehicle-information-kits/chevrolet/1968-Chevrolet-Camaro.pdf
US,Chevrolet Camaro ZL1 Coupe 2017-2018,SD0,缓存精确继承,https://www.gm.com/content/dam/company/no_search/heritage-archive-docs/vehicle-information-kits/chevrolet/1968-Chevrolet-Camaro.pdf
US,Chevrolet Camaro ZL1 Coupe 2019,SD0,缓存精确继承,https://www.gm.com/content/dam/company/no_search/heritage-archive-docs/vehicle-information-kits/chevrolet/1968-Chevrolet-Camaro.pdf
US,Chevrolet Camaro ZL1 Coupe 2020-2024,SD0,缓存精确继承,https://www.gm.com/content/dam/company/no_search/heritage-archive-docs/vehicle-information-kits/chevrolet/1968-Chevrolet-Camaro.pdf
US,Chevrolet Caprice Convertible 1972-1975,SD2,缓存精确继承,https://www.gm.com/heritage/archive/vehicle-information-kits
US,Chevrolet Caprice Coupe 1966-1967,SD2,缓存精确继承,https://www.gm.com/heritage/archive/vehicle-information-kits
US,Chevrolet Caprice Coupe 1968,SD2,缓存精确继承,https://www.gm.com/heritage/archive/vehicle-information-kits
US,Chevrolet Caprice Coupe 1969-1970,SD2,缓存精确继承,https://www.gm.com/heritage/archive/vehicle-information-kits
US,Chevrolet Caprice Coupe 1971,SD2,缓存精确继承,https://www.gm.com/heritage/archive/vehicle-information-kits
US,Chevrolet Caprice Coupe 1972,SD2,缓存精确继承,https://www.gm.com/heritage/archive/vehicle-information-kits
US,Chevrolet Caprice Coupe 1973-1975,SD2,缓存精确继承,https://www.gm.com/heritage/archive/vehicle-information-kits
US,Chevrolet Caprice Coupe 1976,SD2,缓存精确继承,https://www.gm.com/heritage/archive/vehicle-information-kits
US,Chevrolet Caprice Sedan 1966-1967,SD2,缓存精确继承,https://www.gm.com/heritage/archive/vehicle-information-kits
US,Chevrolet Caprice Sedan 1968,SD2,缓存精确继承,https://www.gm.com/heritage/archive/vehicle-information-kits
US,Chevrolet Caprice Sedan 1969-1970,SD2,缓存精确继承,https://www.gm.com/heritage/archive/vehicle-information-kits
US,Chevrolet Caprice Wagon 1966-1967,H3,缓存精确继承,https://www.gm.com/heritage/archive/vehicle-information-kits
US,Chevrolet Caprice Wagon 1968-1970,H3,缓存精确继承,https://www.gm.com/heritage/archive/vehicle-information-kits
US,Chevrolet Captiva SUV 2012-2015,SU1,缓存精确继承,https://contentdelivery.ext.gm.com/content/dam/cope/en_us/public/pdf_assets/active/owners_manuals_browse/2k14captivasport3rdPrint1555913569775174452.pdf
US,Chevrolet Cavalier Convertible 1991-1994,SD1,缓存精确继承,https://www.gm.com/heritage/archive/vehicle-information-kits
US,Chevrolet Cavalier Convertible 1995,SD1,缓存精确继承,https://www.gm.com/heritage/archive/vehicle-information-kits
US,Chevrolet Cavalier Convertible 1996,SD1,缓存精确继承,https://www.gm.com/heritage/archive/vehicle-information-kits
US,Chevrolet Cavalier Convertible 1997,SD1,缓存精确继承,https://www.gm.com/heritage/archive/vehicle-information-kits
US,Chevrolet Cavalier Convertible 1998,SD1,缓存精确继承,https://www.gm.com/heritage/archive/vehicle-information-kits
US,Chevrolet Cavalier Convertible 1999,SD1,缓存精确继承,https://www.gm.com/heritage/archive/vehicle-information-kits
US,Chevrolet Cavalier Convertible 2000-2002,SD1,缓存精确继承,https://www.gm.com/heritage/archive/vehicle-information-kits
US,Chevrolet Cavalier Coupe 1983,SD1,缓存精确继承,https://www.gm.com/heritage/archive/vehicle-information-kits
US,Chevrolet Cavalier Coupe 1985,SD1,缓存精确继承,https://www.gm.com/heritage/archive/vehicle-information-kits
US,Chevrolet Cavalier Coupe 1987,SD1,缓存精确继承,https://www.gm.com/heritage/archive/vehicle-information-kits
US,Chevrolet Cavalier Coupe 1989,SD1,缓存精确继承,https://www.gm.com/heritage/archive/vehicle-information-kits
US,Chevrolet Cavalier Coupe 1990,SD1,缓存精确继承,https://www.gm.com/heritage/archive/vehicle-information-kits
US,Chevrolet Cavalier Coupe 1991-1994,SD1,缓存精确继承,https://www.gm.com/heritage/archive/vehicle-information-kits
US,Chevrolet Cavalier Coupe 1996,SD1,缓存精确继承,https://www.gm.com/heritage/archive/vehicle-information-kits
US,Chevrolet Cavalier Coupe 1999,SD1,缓存精确继承,https://www.gm.com/heritage/archive/vehicle-information-kits
US,Chevrolet Cavalier Coupe 2000-2005,SD1,缓存精确继承,https://www.gm.com/heritage/archive/vehicle-information-kits
US,Chevrolet Cavalier Hatchback 1984,H0,缓存精确继承,https://www.gm.com/heritage/archive/vehicle-information-kits
US,Chevrolet Cavalier Hatchback 1985-1987,H0,缓存精确继承,https://www.gm.com/heritage/archive/vehicle-information-kits
US,Chevrolet Cavalier Hatchback 1988,H0,缓存精确继承,https://www.gm.com/heritage/archive/vehicle-information-kits
US,Chevrolet Cavalier Sedan 1982,SD1,缓存精确继承,https://www.gm.com/heritage/archive/vehicle-information-kits
US,Chevrolet Cavalier Sedan 1983,SD1,缓存精确继承,https://www.gm.com/heritage/archive/vehicle-information-kits
US,Chevrolet Cavalier Sedan 1984,SD1,缓存精确继承,https://www.gm.com/heritage/archive/vehicle-information-kits
US,Chevrolet Cavalier Sedan 1986,SD1,缓存精确继承,https://www.gm.com/heritage/archive/vehicle-information-kits
US,Chevrolet Cavalier Sedan 1988,SD1,缓存精确继承,https://www.gm.com/heritage/archive/vehicle-information-kits
US,Chevrolet Cavalier Sedan 1990,SD1,缓存精确继承,https://www.gm.com/heritage/archive/vehicle-information-kits
US,Chevrolet Cavalier Sedan 1993-1994,SD1,缓存精确继承,https://www.gm.com/heritage/archive/vehicle-information-kits
US,Chevrolet Cavalier Sedan 1995,SD1,缓存精确继承,https://www.gm.com/heritage/archive/vehicle-information-kits
US,Chevrolet Cavalier Sedan 1996-1997,SD1,缓存精确继承,https://www.gm.com/heritage/archive/vehicle-information-kits
US,Chevrolet Cavalier Sedan 1998-1999,SD1,缓存精确继承,https://www.gm.com/heritage/archive/vehicle-information-kits
US,Chevrolet Cavalier Sedan 2000-2004,SD1,缓存精确继承,https://www.gm.com/heritage/archive/vehicle-information-kits
US,Chevrolet Cavalier Wagon 1983-1986,H3,缓存精确继承,https://www.gm.com/heritage/archive/vehicle-information-kits
US,Chevrolet Cavalier Wagon 1987,H3,缓存精确继承,https://www.gm.com/heritage/archive/vehicle-information-kits
US,Chevrolet Cavalier Wagon 1988,H3,缓存精确继承,https://www.gm.com/heritage/archive/vehicle-information-kits
US,Chevrolet Cavalier Wagon 1992,H2,缓存精确继承,https://www.gm.com/heritage/archive/vehicle-information-kits
US,Chevrolet Cavalier Wagon 1993-1994,H2,缓存精确继承,https://www.gm.com/heritage/archive/vehicle-information-kits
US,Chevrolet Chevelle Convertible 1964-1965,SD2,缓存精确继承,https://www.gm.com/heritage/archive/vehicle-information-kits
US,Chevrolet Chevelle Convertible 1966,SD2,缓存精确继承,https://www.gm.com/heritage/archive/vehicle-information-kits
US,Chevrolet Chevelle Convertible 1968-1972,SD2,缓存精确继承,https://www.gm.com/heritage/archive/vehicle-information-kits
US,Chevrolet Chevelle Coupe 1964-1965,SD2,缓存精确继承,https://www.gm.com/heritage/archive/vehicle-information-kits
US,Chevrolet Chevelle Coupe 1966,SD2,缓存精确继承,https://www.gm.com/heritage/archive/vehicle-information-kits
US,Chevrolet Chevelle Coupe 1967,SD2,缓存精确继承,https://www.gm.com/heritage/archive/vehicle-information-kits
US,Chevrolet Chevelle Coupe 1968,SD2,缓存精确继承,https://www.gm.com/heritage/archive/vehicle-information-kits
US,Chevrolet Chevelle Coupe 1971,SD2,缓存精确继承,https://www.gm.com/heritage/archive/vehicle-information-kits
US,Chevrolet Chevelle Coupe 1973-1977,SD2,缓存精确继承,https://www.gm.com/heritage/archive/vehicle-information-kits
US,Chevrolet Chevelle Laguna Type S-3 Coupe 1974,SD2,缓存精确继承,https://www.gm.com/heritage/archive/vehicle-information-kits
US,Chevrolet Chevelle Sedan 1964-1965,SD2,缓存精确继承,https://www.gm.com/heritage/archive/vehicle-information-kits
US,Chevrolet Chevelle Sedan 1966-1967,SD2,缓存精确继承,https://www.gm.com/heritage/archive/vehicle-information-kits
US,Chevrolet Chevelle Sedan 1968-1972,SD2,缓存精确继承,https://www.gm.com/heritage/archive/vehicle-information-kits
US,Chevrolet Chevelle Sedan 1973-1977,SD2,缓存精确继承,https://www.gm.com/heritage/archive/vehicle-information-kits
US,Chevrolet Chevelle Wagon 1964,H3,缓存精确继承,https://www.gm.com/heritage/archive/vehicle-information-kits
US,Chevrolet Chevelle Wagon 1967,H3,缓存精确继承,https://www.gm.com/heritage/archive/vehicle-information-kits
US,Chevrolet Chevelle Wagon 1968-1972,H3,缓存精确继承,https://www.gm.com/heritage/archive/vehicle-information-kits
US,Chevrolet Chevelle Wagon 1973-1977,H3,缓存精确继承,https://www.gm.com/heritage/archive/vehicle-information-kits
US,Chevrolet Chevy Van Extended Wagon 1993-1995,V1,缓存精确继承,https://www.gm.com/content/dam/company/no_search/heritage-archive-docs/vehicle-information-kits/chevrolet/1996-Chevrolet-G-Van.pdf
US,Chevrolet Chevy Van G-Classic Extended Wagon 1996,V1,缓存精确继承,https://www.gm.com/content/dam/company/no_search/heritage-archive-docs/vehicle-information-kits/chevrolet/1996-Chevrolet-G-Van.pdf
US,Chevrolet Chevy Van G-Classic Regular Wagon 1996,V1,缓存精确继承,https://www.gm.com/content/dam/company/no_search/heritage-archive-docs/vehicle-information-kits/chevrolet/1996-Chevrolet-G-Van.pdf
US,Chevrolet Chevy Van G10 Regular Wagon 1967-1970,V1,缓存精确继承,https://www.gm.com/content/dam/company/no_search/heritage-archive-docs/vehicle-information-kits/chevrolet/1996-Chevrolet-G-Van.pdf
US,Chevrolet Chevy Van G10 Regular Wagon 1971-1972,V1,缓存精确继承,https://www.gm.com/content/dam/company/no_search/heritage-archive-docs/vehicle-information-kits/chevrolet/1996-Chevrolet-G-Van.pdf
US,Chevrolet Chevy Van G10 Regular Wagon 1973,V1,缓存精确继承,https://www.gm.com/content/dam/company/no_search/heritage-archive-docs/vehicle-information-kits/chevrolet/1996-Chevrolet-G-Van.pdf
US,Chevrolet Chevy Van G10 Regular Wagon 1974-1975,V1,缓存精确继承,https://www.gm.com/content/dam/company/no_search/heritage-archive-docs/vehicle-information-kits/chevrolet/1996-Chevrolet-G-Van.pdf
US,Chevrolet Chevy Van G10 Regular Wagon 1976,V1,缓存精确继承,https://www.gm.com/content/dam/company/no_search/heritage-archive-docs/vehicle-information-kits/chevrolet/1996-Chevrolet-G-Van.pdf
US,Chevrolet Chevy Van G10 Regular Wagon 1977,V1,缓存精确继承,https://www.gm.com/content/dam/company/no_search/heritage-archive-docs/vehicle-information-kits/chevrolet/1996-Chevrolet-G-Van.pdf
US,Chevrolet Chevy Van G10 Regular Wagon 1978,V1,缓存精确继承,https://www.gm.com/content/dam/company/no_search/heritage-archive-docs/vehicle-information-kits/chevrolet/1996-Chevrolet-G-Van.pdf
US,Chevrolet Chevy Van G10 Regular Wagon 1979,V1,缓存精确继承,https://www.gm.com/content/dam/company/no_search/heritage-archive-docs/vehicle-information-kits/chevrolet/1996-Chevrolet-G-Van.pdf
US,Chevrolet Chevy Van G10 Regular Wagon 1980,V1,缓存精确继承,https://www.gm.com/content/dam/company/no_search/heritage-archive-docs/vehicle-information-kits/chevrolet/1996-Chevrolet-G-Van.pdf
US,Chevrolet Chevy Van G10 Regular Wagon 1981-1989,V1,缓存精确继承,https://www.gm.com/content/dam/company/no_search/heritage-archive-docs/vehicle-information-kits/chevrolet/1996-Chevrolet-G-Van.pdf
US,Chevrolet Chevy Van G10 Regular Wagon 1990,V1,缓存精确继承,https://www.gm.com/content/dam/company/no_search/heritage-archive-docs/vehicle-information-kits/chevrolet/1996-Chevrolet-G-Van.pdf
US,Chevrolet Chevy Van G10 Regular Wagon 1991-1992,V1,缓存精确继承,https://www.gm.com/content/dam/company/no_search/heritage-archive-docs/vehicle-information-kits/chevrolet/1996-Chevrolet-G-Van.pdf
US,Chevrolet Chevy Van G10 Short Wagon 1964-1965,V1,缓存精确继承,https://www.gm.com/content/dam/company/no_search/heritage-archive-docs/vehicle-information-kits/chevrolet/1996-Chevrolet-G-Van.pdf
US,Chevrolet Chevy Van G10 Short Wagon 1966,V1,缓存精确继承,https://www.gm.com/content/dam/company/no_search/heritage-archive-docs/vehicle-information-kits/chevrolet/1996-Chevrolet-G-Van.pdf
US,Chevrolet Chevy Van G10 Short Wagon 1967-1970,V1,缓存精确继承,https://www.gm.com/content/dam/company/no_search/heritage-archive-docs/vehicle-information-kits/chevrolet/1996-Chevrolet-G-Van.pdf
US,Chevrolet Chevy Van G10 Short Wagon 1971-1972,V1,缓存精确继承,https://www.gm.com/content/dam/company/no_search/heritage-archive-docs/vehicle-information-kits/chevrolet/1996-Chevrolet-G-Van.pdf
US,Chevrolet Chevy Van G10 Short Wagon 1973,V1,缓存精确继承,https://www.gm.com/content/dam/company/no_search/heritage-archive-docs/vehicle-information-kits/chevrolet/1996-Chevrolet-G-Van.pdf
US,Chevrolet Chevy Van G10 Short Wagon 1974-1975,V1,缓存精确继承,https://www.gm.com/content/dam/company/no_search/heritage-archive-docs/vehicle-information-kits/chevrolet/1996-Chevrolet-G-Van.pdf
US,Chevrolet Chevy Van G10 Short Wagon 1976,V1,缓存精确继承,https://www.gm.com/content/dam/company/no_search/heritage-archive-docs/vehicle-information-kits/chevrolet/1996-Chevrolet-G-Van.pdf
US,Chevrolet Chevy Van G10 Short Wagon 1977,V1,缓存精确继承,https://www.gm.com/content/dam/company/no_search/heritage-archive-docs/vehicle-information-kits/chevrolet/1996-Chevrolet-G-Van.pdf
US,Chevrolet Chevy Van G10 Short Wagon 1978,V1,缓存精确继承,https://www.gm.com/content/dam/company/no_search/heritage-archive-docs/vehicle-information-kits/chevrolet/1996-Chevrolet-G-Van.pdf
US,Chevrolet Chevy Van G10 Short Wagon 1979,V1,缓存精确继承,https://www.gm.com/content/dam/company/no_search/heritage-archive-docs/vehicle-information-kits/chevrolet/1996-Chevrolet-G-Van.pdf
US,Chevrolet Chevy Van G10 Short Wagon 1980-1989,V1,缓存精确继承,https://www.gm.com/content/dam/company/no_search/heritage-archive-docs/vehicle-information-kits/chevrolet/1996-Chevrolet-G-Van.pdf
US,Chevrolet Chevy Van G10 Short Wagon 1990,V1,缓存精确继承,https://www.gm.com/content/dam/company/no_search/heritage-archive-docs/vehicle-information-kits/chevrolet/1996-Chevrolet-G-Van.pdf
US,Chevrolet Chevy Van G10 Short Wagon 1991-1992,V1,缓存精确继承,https://www.gm.com/content/dam/company/no_search/heritage-archive-docs/vehicle-information-kits/chevrolet/1996-Chevrolet-G-Van.pdf
US,Chevrolet Chevy Van G20 Regular Wagon 1967-1970,V1,缓存精确继承,https://www.gm.com/content/dam/company/no_search/heritage-archive-docs/vehicle-information-kits/chevrolet/1996-Chevrolet-G-Van.pdf
US,Chevrolet Chevy Van G20 Regular Wagon 1971-1972,V1,缓存精确继承,https://www.gm.com/content/dam/company/no_search/heritage-archive-docs/vehicle-information-kits/chevrolet/1996-Chevrolet-G-Van.pdf
US,Chevrolet Chevy Van G20 Regular Wagon 1973-1975,V1,缓存精确继承,https://www.gm.com/content/dam/company/no_search/heritage-archive-docs/vehicle-information-kits/chevrolet/1996-Chevrolet-G-Van.pdf
US,Chevrolet Chevy Van G20 Regular Wagon 1976,V1,缓存精确继承,https://www.gm.com/content/dam/company/no_search/heritage-archive-docs/vehicle-information-kits/chevrolet/1996-Chevrolet-G-Van.pdf
US,Chevrolet Chevy Van G20 Regular Wagon 1977,V1,缓存精确继承,https://www.gm.com/content/dam/company/no_search/heritage-archive-docs/vehicle-information-kits/chevrolet/1996-Chevrolet-G-Van.pdf
US,Chevrolet Chevy Van G20 Regular Wagon 1978,V1,缓存精确继承,https://www.gm.com/content/dam/company/no_search/heritage-archive-docs/vehicle-information-kits/chevrolet/1996-Chevrolet-G-Van.pdf
US,Chevrolet Chevy Van G20 Regular Wagon 1979,V1,缓存精确继承,https://www.gm.com/content/dam/company/no_search/heritage-archive-docs/vehicle-information-kits/chevrolet/1996-Chevrolet-G-Van.pdf
US,Chevrolet Chevy Van G20 Regular Wagon 1980,V1,缓存精确继承,https://www.gm.com/content/dam/company/no_search/heritage-archive-docs/vehicle-information-kits/chevrolet/1996-Chevrolet-G-Van.pdf
US,Chevrolet Chevy Van G20 Regular Wagon 1981-1989,V1,缓存精确继承,https://www.gm.com/content/dam/company/no_search/heritage-archive-docs/vehicle-information-kits/chevrolet/1996-Chevrolet-G-Van.pdf
US,Chevrolet Chevy Van G20 Regular Wagon 1990,V1,缓存精确继承,https://www.gm.com/content/dam/company/no_search/heritage-archive-docs/vehicle-information-kits/chevrolet/1996-Chevrolet-G-Van.pdf
US,Chevrolet Chevy Van G20 Regular Wagon 1991-1992,V1,缓存精确继承,https://www.gm.com/content/dam/company/no_search/heritage-archive-docs/vehicle-information-kits/chevrolet/1996-Chevrolet-G-Van.pdf
US,Chevrolet Chevy Van G20 Short Wagon 1971-1972,V1,缓存精确继承,https://www.gm.com/content/dam/company/no_search/heritage-archive-docs/vehicle-information-kits/chevrolet/1996-Chevrolet-G-Van.pdf
US,Chevrolet Chevy Van G20 Short Wagon 1973-1975,V1,缓存精确继承,https://www.gm.com/content/dam/company/no_search/heritage-archive-docs/vehicle-information-kits/chevrolet/1996-Chevrolet-G-Van.pdf
US,Chevrolet Chevy Van G20 Short Wagon 1976,V1,缓存精确继承,https://www.gm.com/content/dam/company/no_search/heritage-archive-docs/vehicle-information-kits/chevrolet/1996-Chevrolet-G-Van.pdf
US,Chevrolet Chevy Van G20 Short Wagon 1977,V1,缓存精确继承,https://www.gm.com/content/dam/company/no_search/heritage-archive-docs/vehicle-information-kits/chevrolet/1996-Chevrolet-G-Van.pdf
US,Chevrolet Chevy Van G20 Short Wagon 1978,V1,缓存精确继承,https://www.gm.com/content/dam/company/no_search/heritage-archive-docs/vehicle-information-kits/chevrolet/1996-Chevrolet-G-Van.pdf
US,Chevrolet Chevy Van G20 Short Wagon 1979,V1,缓存精确继承,https://www.gm.com/content/dam/company/no_search/heritage-archive-docs/vehicle-information-kits/chevrolet/1996-Chevrolet-G-Van.pdf
US,Chevrolet Chevy Van G20 Short Wagon 1980,V1,缓存精确继承,https://www.gm.com/content/dam/company/no_search/heritage-archive-docs/vehicle-information-kits/chevrolet/1996-Chevrolet-G-Van.pdf
US,Chevrolet Chevy Van G20 Short Wagon 1981-1988,V1,缓存精确继承,https://www.gm.com/content/dam/company/no_search/heritage-archive-docs/vehicle-information-kits/chevrolet/1996-Chevrolet-G-Van.pdf
US,Chevrolet Chevy Van G20 Short Wagon 1990,V1,缓存精确继承,https://www.gm.com/content/dam/company/no_search/heritage-archive-docs/vehicle-information-kits/chevrolet/1996-Chevrolet-G-Van.pdf
US,Chevrolet Chevy Van G30 Extended Wagon 1990-1992,V1,缓存精确继承,https://www.gm.com/content/dam/company/no_search/heritage-archive-docs/vehicle-information-kits/chevrolet/1996-Chevrolet-G-Van.pdf
US,Chevrolet Chevy Van G30 Regular Wagon 1971-1972,V1,缓存精确继承,https://www.gm.com/content/dam/company/no_search/heritage-archive-docs/vehicle-information-kits/chevrolet/1996-Chevrolet-G-Van.pdf
US,Chevrolet Chevy Van G30 Regular Wagon 1973,V1,缓存精确继承,https://www.gm.com/content/dam/company/no_search/heritage-archive-docs/vehicle-information-kits/chevrolet/1996-Chevrolet-G-Van.pdf
US,Chevrolet Chevy Van G30 Regular Wagon 1974-1975,V1,缓存精确继承,https://www.gm.com/content/dam/company/no_search/heritage-archive-docs/vehicle-information-kits/chevrolet/1996-Chevrolet-G-Van.pdf
US,Chevrolet Chevy Van G30 Regular Wagon 1976,V1,缓存精确继承,https://www.gm.com/content/dam/company/no_search/heritage-archive-docs/vehicle-information-kits/chevrolet/1996-Chevrolet-G-Van.pdf
US,Chevrolet Chevy Van G30 Regular Wagon 1977,V1,缓存精确继承,https://www.gm.com/content/dam/company/no_search/heritage-archive-docs/vehicle-information-kits/chevrolet/1996-Chevrolet-G-Van.pdf
US,Chevrolet Chevy Van G30 Regular Wagon 1978,V1,缓存精确继承,https://www.gm.com/content/dam/company/no_search/heritage-archive-docs/vehicle-information-kits/chevrolet/1996-Chevrolet-G-Van.pdf
US,Chevrolet Chevy Van G30 Regular Wagon 1979,V1,缓存精确继承,https://www.gm.com/content/dam/company/no_search/heritage-archive-docs/vehicle-information-kits/chevrolet/1996-Chevrolet-G-Van.pdf
US,Chevrolet Chevy Van G30 Regular Wagon 1980,V1,缓存精确继承,https://www.gm.com/content/dam/company/no_search/heritage-archive-docs/vehicle-information-kits/chevrolet/1996-Chevrolet-G-Van.pdf
US,Chevrolet Chevy Van G30 Regular Wagon 1981-1989,V1,缓存精确继承,https://www.gm.com/content/dam/company/no_search/heritage-archive-docs/vehicle-information-kits/chevrolet/1996-Chevrolet-G-Van.pdf
US,Chevrolet Chevy Van G30 Regular Wagon 1990,V1,缓存精确继承,https://www.gm.com/content/dam/company/no_search/heritage-archive-docs/vehicle-information-kits/chevrolet/1996-Chevrolet-G-Van.pdf
US,Chevrolet Chevy Van G30 Regular Wagon 1991-1992,V1,缓存精确继承,https://www.gm.com/content/dam/company/no_search/heritage-archive-docs/vehicle-information-kits/chevrolet/1996-Chevrolet-G-Van.pdf
US,Chevrolet Chevy Van G30 Short Wagon 1973-1976,V1,缓存精确继承,https://www.gm.com/content/dam/company/no_search/heritage-archive-docs/vehicle-information-kits/chevrolet/1996-Chevrolet-G-Van.pdf
US,Chevrolet Chevy Van G30 Short Wagon 1979,V1,缓存精确继承,https://www.gm.com/content/dam/company/no_search/heritage-archive-docs/vehicle-information-kits/chevrolet/1996-Chevrolet-G-Van.pdf
US,Chevrolet Chevy Van Regular Wagon 1993-1995,V1,缓存精确继承,https://www.gm.com/content/dam/company/no_search/heritage-archive-docs/vehicle-information-kits/chevrolet/1996-Chevrolet-G-Van.pdf
US,Chevrolet Chevy Van Short Wagon 1993-1994,V1,缓存精确继承,https://www.gm.com/content/dam/company/no_search/heritage-archive-docs/vehicle-information-kits/chevrolet/1996-Chevrolet-G-Van.pdf
US,Chevrolet Chevy Van Short Wagon 1995,V1,缓存精确继承,https://www.gm.com/content/dam/company/no_search/heritage-archive-docs/vehicle-information-kits/chevrolet/1996-Chevrolet-G-Van.pdf
US,Chevrolet City Express Van 2015-2018,V0,缓存精确继承,https://media.chevrolet.com/media/us/en/chevrolet/vehicles/city-express/2015.html
US,Chevrolet Cobalt Coupe 2005-2010,SD1,缓存精确继承,https://www.gm.com/content/dam/company/no_search/heritage-archive-docs/vehicle-information-kits/chevrolet/2007-Chevrolet-Cobalt.pdf
US,Chevrolet Cobalt SS Coupe 2005-2010,SD1,缓存精确继承,https://www.gm.com/content/dam/company/no_search/heritage-archive-docs/vehicle-information-kits/chevrolet/2007-Chevrolet-Cobalt.pdf
US,Chevrolet Cobalt Sedan 2005-2010,SD1,缓存精确继承,https://www.gm.com/content/dam/company/no_search/heritage-archive-docs/vehicle-information-kits/chevrolet/2007-Chevrolet-Cobalt.pdf
US,Chevrolet Colorado Pickup 2004-2005 Crew 5,P1,缓存精确继承,车形分类核定/cache/model_shape_cache.csv
US,Chevrolet Colorado Pickup 2004-2012 Extended 6,P1,缓存精确继承,车形分类核定/cache/model_shape_cache.csv
US,Chevrolet Colorado Pickup 2004-2012 Regular 6,P1,缓存精确继承,车形分类核定/cache/model_shape_cache.csv
US,Chevrolet Colorado Pickup 2008 Crew 5,P1,缓存精确继承,车形分类核定/cache/model_shape_cache.csv
US,Chevrolet Colorado Pickup 2012 Crew 5,P1,缓存精确继承,车形分类核定/cache/model_shape_cache.csv
US,Chevrolet Colorado Pickup 2015-2020 Extended 6,P1,缓存精确继承,车形分类核定/cache/model_shape_cache.csv
US,Chevrolet Colorado Pickup 2015-2022 Crew 5,P1,缓存精确继承,车形分类核定/cache/model_shape_cache.csv
US,Chevrolet Colorado Pickup 2015-2022 Crew 6,P1,缓存精确继承,车形分类核定/cache/model_shape_cache.csv
US,Chevrolet Colorado Pickup 2023-2026 Crew 5,P1,缓存精确继承,车形分类核定/cache/model_shape_cache.csv
US,Chevrolet Colorado ZR2 Pickup 2017-2022 Crew 5,P1,缓存精确继承,车形分类核定/cache/model_shape_cache.csv
US,Chevrolet Colorado ZR2 Pickup 2023-2026 Crew 5,P1,缓存精确继承,车形分类核定/cache/model_shape_cache.csv
US,Chevrolet Corsica Sedan 1987-1996,SD1,缓存精确继承,https://www.gm.com/heritage/archive/vehicle-information-kits
US,Chevrolet Corvette Convertible 1953-1955,SD0,缓存精确继承,https://www.gm.com/heritage/archive/vehicle-information-kits
US,Chevrolet Corvette Convertible 1956-1957,SD0,缓存精确继承,https://www.gm.com/heritage/archive/vehicle-information-kits
US,Chevrolet Corvette Convertible 1958-1960,SD0,缓存精确继承,https://www.gm.com/heritage/archive/vehicle-information-kits
US,Chevrolet Corvette Convertible 1961-1962,SD0,缓存精确继承,https://www.gm.com/heritage/archive/vehicle-information-kits
US,Chevrolet Corvette Convertible 1963-1964,SD0,缓存精确继承,https://www.gm.com/heritage/archive/vehicle-information-kits
US,Chevrolet Corvette Convertible 1968-1975,SD0,缓存精确继承,https://www.gm.com/heritage/archive/vehicle-information-kits
US,Chevrolet Corvette Convertible 1986-1996,SD0,缓存精确继承,https://www.gm.com/heritage/archive/vehicle-information-kits
US,Chevrolet Corvette Convertible 1998-2004,SD0,缓存精确继承,https://www.gm.com/heritage/archive/vehicle-information-kits
US,Chevrolet Corvette Coupe 1963-1964,SD0,缓存精确继承,https://www.gm.com/heritage/archive/vehicle-information-kits
US,Chevrolet Corvette Coupe 1965-1967,SD0,缓存精确继承,https://www.gm.com/heritage/archive/vehicle-information-kits
US,Chevrolet Corvette Coupe 1968-1977,SD0,缓存精确继承,https://www.gm.com/heritage/archive/vehicle-information-kits
US,Chevrolet Corvette Coupe 1978-1982,SD0,缓存精确继承,https://www.gm.com/heritage/archive/vehicle-information-kits
US,Chevrolet Corvette Coupe 1984-1996,SD0,缓存精确继承,https://www.gm.com/heritage/archive/vehicle-information-kits
US,Chevrolet Corvette Coupe 1997-2004,SD0,缓存精确继承,https://www.gm.com/heritage/archive/vehicle-information-kits
US,Chevrolet Corvette Coupe 2005,SD0,缓存精确继承,https://www.gm.com/heritage/archive/vehicle-information-kits
US,Chevrolet Corvette Coupe 2014,SD0,缓存精确继承,https://www.gm.com/heritage/archive/vehicle-information-kits
US,Chevrolet Corvette Coupe 2020-2026,SD0,缓存精确继承,https://www.gm.com/heritage/archive/vehicle-information-kits
US,Chevrolet Corvette Z06 Coupe 2006-2008,SD0,缓存精确继承,https://www.gm.com/heritage/archive/vehicle-information-kits
US,Chevrolet Corvette Z06 Coupe 2009-2010,SD0,缓存精确继承,https://www.gm.com/heritage/archive/vehicle-information-kits
US,Chevrolet Corvette Z06/ZR1 Coupe 2005-2013,SD0,缓存精确继承,https://www.gm.com/heritage/archive/vehicle-information-kits
US,Chevrolet Corvette Z06/ZR1 Coupe 2015-2019,SD0,缓存精确继承,https://www.gm.com/heritage/archive/vehicle-information-kits
US,Chevrolet Corvette ZR-1 Coupe 1990-1995,SD0,缓存精确继承,https://www.gm.com/heritage/archive/vehicle-information-kits
US,Chevrolet Corvette ZR1 Coupe 2025-2026,SD0,缓存精确继承,https://www.gm.com/heritage/archive/vehicle-information-kits
US,Chevrolet Cruze Hatchback 2017-2019,H0,缓存精确继承,https://media.gm.com/content/dam/Media/documents/CN/Vehicle_Spec/Chevrolet/Chevrolet%20Cruze%20Hatchback%20Specifications%20and%20Features.pdf
US,Chevrolet Cruze Sedan 2011-2016,SD1,缓存精确继承,https://media.gm.com/content/dam/Media/documents/CN/Vehicle_Spec/Chevrolet/Chevrolet%20Cruze%20Hatchback%20Specifications%20and%20Features.pdf
US,Chevrolet Cruze Sedan 2017-2019,SD1,缓存精确继承,https://media.gm.com/content/dam/Media/documents/CN/Vehicle_Spec/Chevrolet/Chevrolet%20Cruze%20Hatchback%20Specifications%20and%20Features.pdf
US,Chevrolet El Camino Pickup 1959 Regular 6.5,P0,缓存精确继承,https://www.gm.com/heritage/archive/vehicle-information-kits
US,Chevrolet El Camino Pickup 1960 Regular 6.5,P0,缓存精确继承,https://www.gm.com/heritage/archive/vehicle-information-kits
US,Chevrolet El Camino Pickup 1964 Regular 6.5,P0,缓存精确继承,https://www.gm.com/heritage/archive/vehicle-information-kits
US,Chevrolet El Camino Pickup 1965 Regular 6.5,P0,缓存精确继承,https://www.gm.com/heritage/archive/vehicle-information-kits
US,Chevrolet El Camino Pickup 1966 Regular 6.5,P0,缓存精确继承,https://www.gm.com/heritage/archive/vehicle-information-kits
US,Chevrolet El Camino Pickup 1967 Regular 6.5,P0,缓存精确继承,https://www.gm.com/heritage/archive/vehicle-information-kits
US,Chevrolet El Camino Pickup 1968-1969 Regular 6.5,P0,缓存精确继承,https://www.gm.com/heritage/archive/vehicle-information-kits
US,Chevrolet El Camino Pickup 1970 Regular 6.5,P0,缓存精确继承,https://www.gm.com/heritage/archive/vehicle-information-kits
US,Chevrolet El Camino Pickup 1971-1972 Regular 6.5,P0,缓存精确继承,https://www.gm.com/heritage/archive/vehicle-information-kits
US,Chevrolet El Camino Pickup 1973 Regular 6.5,P0,缓存精确继承,https://www.gm.com/heritage/archive/vehicle-information-kits
US,Chevrolet El Camino Pickup 1974-1975 Regular 6.5,P0,缓存精确继承,https://www.gm.com/heritage/archive/vehicle-information-kits
US,Chevrolet El Camino Pickup 1976 Regular 6.5,P0,缓存精确继承,https://www.gm.com/heritage/archive/vehicle-information-kits
US,Chevrolet El Camino Pickup 1977 Regular 6.5,P0,缓存精确继承,https://www.gm.com/heritage/archive/vehicle-information-kits
US,Chevrolet El Camino Pickup 1978-1987 Regular 6.5,P0,缓存精确继承,https://www.gm.com/heritage/archive/vehicle-information-kits
US,Chevrolet Equinox EV SUV 2024,SU0,缓存精确继承,https://news.chevrolet.com/newsroom.detail.html/Pages/news/us/en/2022/sep/0908-equinoxev-reveal.html
US,Chevrolet Equinox EV SUV 2025-2026,SU0,缓存精确继承,https://news.chevrolet.com/newsroom.detail.html/Pages/news/us/en/2022/sep/0908-equinoxev-reveal.html
US,Chevrolet Equinox SUV 2005-2009,SU1,缓存精确继承,https://www.gm.com/heritage/archive/vehicle-information-kits
US,Chevrolet Equinox SUV 2010-2017,SU1,缓存精确继承,https://www.gm.com/heritage/archive/vehicle-information-kits
US,Chevrolet Equinox SUV 2018-2024,SU1,缓存精确继承,https://www.gm.com/heritage/archive/vehicle-information-kits
US,Chevrolet Equinox SUV 2025-2026,SU1,缓存精确继承,https://news.chevrolet.com/newsroom.detail.html/Pages/news/us/en/2024/jan/0123-equinox.html
US,Chevrolet Express Extended Van 2016-2017,V1,缓存精确继承,车形分类核定/cache/model_shape_cache.csv
US,Chevrolet Express Extended Van 2021-2023,V1,缓存精确继承,车形分类核定/cache/model_shape_cache.csv
US,Chevrolet Express Van 2013,V1,缓存精确继承,车形分类核定/cache/model_shape_cache.csv
US,Chevrolet Express Van 2021-2023,V1,缓存精确继承,车形分类核定/cache/model_shape_cache.csv
US,Chevrolet HHR Panel SS Wagon 2009,H1,缓存精确继承,https://www.gm.com/heritage/archive/vehicle-information-kits
US,Chevrolet HHR Panel Wagon 2007-2011,H1,缓存精确继承,https://www.gm.com/heritage/archive/vehicle-information-kits
US,Chevrolet HHR SS Wagon 2008-2010,H1,缓存精确继承,https://www.gm.com/heritage/archive/vehicle-information-kits
US,Chevrolet HHR Wagon 2006-2011,H1,缓存精确继承,https://www.gm.com/heritage/archive/vehicle-information-kits
US,Chevrolet Impala Convertible 1976,SD2,缓存精确继承,https://www.gm.com/heritage/archive/vehicle-information-kits
US,Chevrolet Impala Coupe 1973,SD2,缓存精确继承,https://www.gm.com/heritage/archive/vehicle-information-kits
US,Chevrolet Impala Coupe 1974,SD2,缓存精确继承,https://www.gm.com/heritage/archive/vehicle-information-kits
US,Chevrolet Impala SS Sedan 1994-1996,SD2,缓存精确继承,https://www.gm.com/heritage/archive/vehicle-information-kits
US,Chevrolet Impala Sedan 1974,SD2,缓存精确继承,https://www.gm.com/heritage/archive/vehicle-information-kits
US,Chevrolet Impala Sedan 2014-2020,SD1,缓存精确继承,https://www.gm.com/heritage/archive/vehicle-information-kits
US,Chevrolet Impala Wagon 1962-1963,H3,缓存精确继承,https://www.gm.com/heritage/archive/vehicle-information-kits
US,Chevrolet Impala Wagon 1965-1968,H3,缓存精确继承,https://www.gm.com/heritage/archive/vehicle-information-kits
US,Chevrolet K5 Blazer SUV 1969-1970,SU2,缓存精确继承,https://www.gm.com/heritage/archive/vehicle-information-kits
US,Chevrolet K5 Blazer SUV 1971-1972,SU2,缓存精确继承,https://www.gm.com/heritage/archive/vehicle-information-kits
US,Chevrolet K5 Blazer SUV 1973,SU2,缓存精确继承,https://www.gm.com/heritage/archive/vehicle-information-kits
US,Chevrolet K5 Blazer SUV 1974,SU2,缓存精确继承,https://www.gm.com/heritage/archive/vehicle-information-kits
US,Chevrolet K5 Blazer SUV 1975-1991,SU2,缓存精确继承,https://www.gm.com/heritage/archive/vehicle-information-kits
US,Chevrolet K5 Blazer SUV 1992-1994,SU2,缓存精确继承,https://www.gm.com/heritage/archive/vehicle-information-kits
US,Chevrolet Lumina APV Wagon 1990-1992,V0,缓存精确继承,https://www.gm.com/heritage/archive/vehicle-information-kits
US,Chevrolet Lumina APV Wagon 1993,V0,缓存精确继承,https://www.gm.com/heritage/archive/vehicle-information-kits
US,Chevrolet Lumina APV Wagon 1994-1996,V0,缓存精确继承,https://www.gm.com/heritage/archive/vehicle-information-kits
US,Chevrolet Lumina Coupe 1990,SD1,缓存精确继承,https://www.gm.com/heritage/archive/vehicle-information-kits
US,Chevrolet Lumina Coupe 1991,SD1,缓存精确继承,https://www.gm.com/heritage/archive/vehicle-information-kits
US,Chevrolet Lumina Coupe 1992-1993,SD1,缓存精确继承,https://www.gm.com/heritage/archive/vehicle-information-kits
US,Chevrolet Lumina Coupe 1994,SD1,缓存精确继承,https://www.gm.com/heritage/archive/vehicle-information-kits
US,Chevrolet Lumina Sedan 1990,SD1,缓存精确继承,https://www.gm.com/heritage/archive/vehicle-information-kits
US,Chevrolet Lumina Sedan 1991,SD1,缓存精确继承,https://www.gm.com/heritage/archive/vehicle-information-kits
US,Chevrolet Lumina Sedan 1992-1993,SD1,缓存精确继承,https://www.gm.com/heritage/archive/vehicle-information-kits
US,Chevrolet Lumina Sedan 1994,SD1,缓存精确继承,https://www.gm.com/heritage/archive/vehicle-information-kits
US,Chevrolet Lumina Sedan 1995-1999,SD1,缓存精确继承,https://www.gm.com/heritage/archive/vehicle-information-kits
US,Chevrolet Lumina Sedan 2000-2001,SD1,缓存精确继承,https://www.gm.com/heritage/archive/vehicle-information-kits
US,Chevrolet Malibu Convertible 1964-1965,SD2,缓存精确继承,https://www.gm.com/heritage/archive/vehicle-information-kits
US,Chevrolet Malibu Convertible 1966-1967,SD2,缓存精确继承,https://www.gm.com/heritage/archive/vehicle-information-kits
US,Chevrolet Malibu Convertible 1968-1969,SD2,缓存精确继承,https://www.gm.com/heritage/archive/vehicle-information-kits
US,Chevrolet Malibu Convertible 1970-1972,SD2,缓存精确继承,https://www.gm.com/heritage/archive/vehicle-information-kits
US,Chevrolet Malibu Coupe 1964-1965,SD2,缓存精确继承,https://www.gm.com/heritage/archive/vehicle-information-kits
US,Chevrolet Malibu Coupe 1966,SD2,缓存精确继承,https://www.gm.com/heritage/archive/vehicle-information-kits
US,Chevrolet Malibu Coupe 1967,SD2,缓存精确继承,https://www.gm.com/heritage/archive/vehicle-information-kits
US,Chevrolet Malibu Coupe 1968-1969,SD2,缓存精确继承,https://www.gm.com/heritage/archive/vehicle-information-kits
US,Chevrolet Malibu Coupe 1970-1972,SD2,缓存精确继承,https://www.gm.com/heritage/archive/vehicle-information-kits
US,Chevrolet Malibu Coupe 1973-1974,SD2,缓存精确继承,https://www.gm.com/heritage/archive/vehicle-information-kits
US,Chevrolet Malibu Coupe 1975-1976,SD2,缓存精确继承,https://www.gm.com/heritage/archive/vehicle-information-kits
US,Chevrolet Malibu Coupe 1977,SD2,缓存精确继承,https://www.gm.com/heritage/archive/vehicle-information-kits
US,Chevrolet Malibu Coupe 1978-1980,SD2,缓存精确继承,https://www.gm.com/heritage/archive/vehicle-information-kits
US,Chevrolet Malibu Coupe 1981,SD2,缓存精确继承,https://www.gm.com/heritage/archive/vehicle-information-kits
US,Chevrolet Malibu Sedan 1964-1965,SD2,缓存精确继承,https://www.gm.com/heritage/archive/vehicle-information-kits
US,Chevrolet Malibu Sedan 1966-1967,SD2,缓存精确继承,https://www.gm.com/heritage/archive/vehicle-information-kits
US,Chevrolet Malibu Sedan 1968-1969,SD2,缓存精确继承,https://www.gm.com/heritage/archive/vehicle-information-kits
US,Chevrolet Malibu Sedan 1970-1972,SD2,缓存精确继承,https://www.gm.com/heritage/archive/vehicle-information-kits
US,Chevrolet Malibu Sedan 1973-1974,SD2,缓存精确继承,https://www.gm.com/heritage/archive/vehicle-information-kits
US,Chevrolet Malibu Sedan 1975-1976,SD2,缓存精确继承,https://www.gm.com/heritage/archive/vehicle-information-kits
US,Chevrolet Malibu Sedan 1977,SD2,缓存精确继承,https://www.gm.com/heritage/archive/vehicle-information-kits
US,Chevrolet Malibu Sedan 1978-1980,SD2,缓存精确继承,https://www.gm.com/heritage/archive/vehicle-information-kits
US,Chevrolet Malibu Sedan 1981-1983,SD2,缓存精确继承,https://www.gm.com/heritage/archive/vehicle-information-kits
US,Chevrolet Malibu Sedan 1997-2003,SD1,缓存精确继承,https://www.gm.com/heritage/archive/vehicle-information-kits
US,Chevrolet Malibu Sedan 2004-2007,SD1,缓存精确继承,https://www.gm.com/heritage/archive/vehicle-information-kits
US,Chevrolet Malibu Sedan 2008-2012,SD1,缓存精确继承,https://www.gm.com/heritage/archive/vehicle-information-kits
US,Chevrolet Malibu Sedan 2013-2015,SD1,缓存精确继承,https://www.gm.com/heritage/archive/vehicle-information-kits
US,Chevrolet Malibu Sedan 2016-2025,SD1,缓存精确继承,https://www.gm.com/heritage/archive/vehicle-information-kits
US,Chevrolet Malibu Wagon 1964-1965,H3,缓存精确继承,https://www.gm.com/heritage/archive/vehicle-information-kits
US,Chevrolet Malibu Wagon 1966,H3,缓存精确继承,https://www.gm.com/heritage/archive/vehicle-information-kits
US,Chevrolet Malibu Wagon 1967,H3,缓存精确继承,https://www.gm.com/heritage/archive/vehicle-information-kits
US,Chevrolet Malibu Wagon 1968-1969,H3,缓存精确继承,https://www.gm.com/heritage/archive/vehicle-information-kits
US,Chevrolet Malibu Wagon 1970-1972,H3,缓存精确继承,https://www.gm.com/heritage/archive/vehicle-information-kits
US,Chevrolet Malibu Wagon 1973-1974,H3,缓存精确继承,https://www.gm.com/heritage/archive/vehicle-information-kits
US,Chevrolet Malibu Wagon 1975,H3,缓存精确继承,https://www.gm.com/heritage/archive/vehicle-information-kits
US,Chevrolet Malibu Wagon 1976,H3,缓存精确继承,https://www.gm.com/heritage/archive/vehicle-information-kits
US,Chevrolet Malibu Wagon 1977,H3,缓存精确继承,https://www.gm.com/heritage/archive/vehicle-information-kits
US,Chevrolet Malibu Wagon 1978,H3,缓存精确继承,https://www.gm.com/heritage/archive/vehicle-information-kits
US,Chevrolet Malibu Wagon 1979-1980,H3,缓存精确继承,https://www.gm.com/heritage/archive/vehicle-information-kits
US,Chevrolet Malibu Wagon 1981-1983,H3,缓存精确继承,https://www.gm.com/heritage/archive/vehicle-information-kits
US,Chevrolet Metro Hatchback 1998-2000,H0,缓存精确继承,https://www.gm.com/heritage/archive/vehicle-information-kits
US,Chevrolet Metro Sedan 1998-2001,SD1,缓存精确继承,https://www.gm.com/heritage/archive/vehicle-information-kits
US,Chevrolet Monte Carlo Coupe 1970,SD2,缓存精确继承,https://www.gm.com/heritage/archive/vehicle-information-kits
US,Chevrolet Monte Carlo Coupe 1971,SD2,缓存精确继承,https://www.gm.com/heritage/archive/vehicle-information-kits
US,Chevrolet Monte Carlo Coupe 1972,SD2,缓存精确继承,https://www.gm.com/heritage/archive/vehicle-information-kits
US,Chevrolet Monte Carlo Coupe 1973-1977,SD2,缓存精确继承,https://www.gm.com/heritage/archive/vehicle-information-kits
US,Chevrolet Monte Carlo Coupe 1978-1980,SD2,缓存精确继承,https://www.gm.com/heritage/archive/vehicle-information-kits
US,Chevrolet Monte Carlo Coupe 1981-1988,SD2,缓存精确继承,https://www.gm.com/heritage/archive/vehicle-information-kits
US,Chevrolet Monte Carlo Coupe 1995-1999,SD0,缓存精确继承,https://www.gm.com/heritage/archive/vehicle-information-kits
US,Chevrolet Monte Carlo Coupe 2000-2007,SD0,缓存精确继承,https://www.gm.com/heritage/archive/vehicle-information-kits
US,Chevrolet Monte Carlo SS Coupe 1983-1988,SD2,缓存精确继承,https://www.gm.com/heritage/archive/vehicle-information-kits
US,Chevrolet Nova Coupe 1962-1964,SD2,缓存精确继承,https://www.gm.com/heritage/archive/vehicle-information-kits
US,Chevrolet Nova Coupe 1965,SD2,缓存精确继承,https://www.gm.com/heritage/archive/vehicle-information-kits
US,Chevrolet Nova Coupe 1966,SD2,缓存精确继承,https://www.gm.com/heritage/archive/vehicle-information-kits
US,Chevrolet Nova Coupe 1967,SD2,缓存精确继承,https://www.gm.com/heritage/archive/vehicle-information-kits
US,Chevrolet Nova Coupe 1968-1972,SD2,缓存精确继承,https://www.gm.com/heritage/archive/vehicle-information-kits
US,Chevrolet Nova Coupe 1973,SD2,缓存精确继承,https://www.gm.com/heritage/archive/vehicle-information-kits
US,Chevrolet Nova Coupe 1974,SD2,缓存精确继承,https://www.gm.com/heritage/archive/vehicle-information-kits
US,Chevrolet Nova Coupe 1976-1979,SD2,缓存精确继承,https://www.gm.com/heritage/archive/vehicle-information-kits
US,Chevrolet Nova Hatchback 1968-1972,H0,缓存精确继承,https://www.gm.com/heritage/archive/vehicle-information-kits
US,Chevrolet Nova Hatchback 1973,H0,缓存精确继承,https://www.gm.com/heritage/archive/vehicle-information-kits
US,Chevrolet Nova Hatchback 1974,H0,缓存精确继承,https://www.gm.com/heritage/archive/vehicle-information-kits
US,Chevrolet Nova Hatchback 1975,H0,缓存精确继承,https://www.gm.com/heritage/archive/vehicle-information-kits
US,Chevrolet Nova Hatchback 1976-1979,H0,缓存精确继承,https://www.gm.com/heritage/archive/vehicle-information-kits
US,Chevrolet Nova Hatchback 1987-1988,H0,缓存精确继承,https://www.gm.com/heritage/archive/vehicle-information-kits
US,Chevrolet Nova Sedan 1962-1965,SD2,缓存精确继承,https://www.gm.com/heritage/archive/vehicle-information-kits
US,Chevrolet Nova Sedan 1966,SD2,缓存精确继承,https://www.gm.com/heritage/archive/vehicle-information-kits
US,Chevrolet Nova Sedan 1967,SD2,缓存精确继承,https://www.gm.com/heritage/archive/vehicle-information-kits
US,Chevrolet Nova Sedan 1968-1972,SD2,缓存精确继承,https://www.gm.com/heritage/archive/vehicle-information-kits
US,Chevrolet Nova Sedan 1973,SD2,缓存精确继承,https://www.gm.com/heritage/archive/vehicle-information-kits
US,Chevrolet Nova Sedan 1974,SD2,缓存精确继承,https://www.gm.com/heritage/archive/vehicle-information-kits
US,Chevrolet Nova Sedan 1975,SD2,缓存精确继承,https://www.gm.com/heritage/archive/vehicle-information-kits
US,Chevrolet Nova Sedan 1976-1979,SD2,缓存精确继承,https://www.gm.com/heritage/archive/vehicle-information-kits
US,Chevrolet Nova Sedan 1985,SD1,缓存精确继承,https://www.gm.com/heritage/archive/vehicle-information-kits
US,Chevrolet Nova Sedan 1986,SD1,缓存精确继承,https://www.gm.com/heritage/archive/vehicle-information-kits
US,Chevrolet Nova Sedan 1987-1988,SD1,缓存精确继承,https://www.gm.com/heritage/archive/vehicle-information-kits
US,Chevrolet Nova Wagon 1962-1963,H3,缓存精确继承,https://www.gm.com/heritage/archive/vehicle-information-kits
US,Chevrolet Nova Wagon 1964-1965,H3,缓存精确继承,https://www.gm.com/heritage/archive/vehicle-information-kits
US,Chevrolet Nova Wagon 1966-1967,H3,缓存精确继承,https://www.gm.com/heritage/archive/vehicle-information-kits
US,Chevrolet Prizm Sedan 1998-2002,SD1,缓存精确继承,https://www.gm.com/heritage/archive/vehicle-information-kits
US,Chevrolet S-10 Blazer 2dr 2WD SUV 1992-1993,SU2,缓存精确继承,https://www.gm.com/content/dam/company/no_search/heritage-archive-docs/vehicle-information-kits/chevrolet/1997-Chevrolet-S-10-Blazer.pdf
US,Chevrolet S-10 Blazer 2dr 4WD SUV 1991-1994,SU2,缓存精确继承,https://www.gm.com/content/dam/company/no_search/heritage-archive-docs/vehicle-information-kits/chevrolet/1997-Chevrolet-S-10-Blazer.pdf
US,Chevrolet S-10 Blazer 2dr SUV 1995,SU2,缓存精确继承,https://www.gm.com/content/dam/company/no_search/heritage-archive-docs/vehicle-information-kits/chevrolet/1997-Chevrolet-S-10-Blazer.pdf
US,Chevrolet S-10 Blazer 2dr SUV 1996,SU2,缓存精确继承,https://www.gm.com/content/dam/company/no_search/heritage-archive-docs/vehicle-information-kits/chevrolet/1997-Chevrolet-S-10-Blazer.pdf
US,Chevrolet S-10 Blazer 2dr SUV 1997,SU2,缓存精确继承,https://www.gm.com/content/dam/company/no_search/heritage-archive-docs/vehicle-information-kits/chevrolet/1997-Chevrolet-S-10-Blazer.pdf
US,Chevrolet S-10 Blazer 2dr SUV 1998-2005,SU2,缓存精确继承,https://www.gm.com/content/dam/company/no_search/heritage-archive-docs/vehicle-information-kits/chevrolet/1997-Chevrolet-S-10-Blazer.pdf
US,Chevrolet S-10 Blazer 4dr 2WD SUV 1991-1994,SU2,缓存精确继承,https://www.gm.com/content/dam/company/no_search/heritage-archive-docs/vehicle-information-kits/chevrolet/1997-Chevrolet-S-10-Blazer.pdf
US,Chevrolet S-10 Blazer 4dr SUV 1995-2003,SU2,缓存精确继承,https://www.gm.com/content/dam/company/no_search/heritage-archive-docs/vehicle-information-kits/chevrolet/1997-Chevrolet-S-10-Blazer.pdf
US,Chevrolet S-10 Blazer 4dr SUV 2004,SU2,缓存精确继承,https://www.gm.com/content/dam/company/no_search/heritage-archive-docs/vehicle-information-kits/chevrolet/1997-Chevrolet-S-10-Blazer.pdf
US,Chevrolet S-10 Blazer SUV 1983-1984,SU2,缓存精确继承,https://www.gm.com/content/dam/company/no_search/heritage-archive-docs/vehicle-information-kits/chevrolet/1997-Chevrolet-S-10-Blazer.pdf
US,Chevrolet S-10 Blazer SUV 1985-1986,SU2,缓存精确继承,https://www.gm.com/content/dam/company/no_search/heritage-archive-docs/vehicle-information-kits/chevrolet/1997-Chevrolet-S-10-Blazer.pdf
US,Chevrolet S-10 Blazer SUV 1987,SU2,缓存精确继承,https://www.gm.com/content/dam/company/no_search/heritage-archive-docs/vehicle-information-kits/chevrolet/1997-Chevrolet-S-10-Blazer.pdf
US,Chevrolet S-10 Blazer SUV 1988,SU2,缓存精确继承,https://www.gm.com/content/dam/company/no_search/heritage-archive-docs/vehicle-information-kits/chevrolet/1997-Chevrolet-S-10-Blazer.pdf
US,Chevrolet S-10 Blazer SUV 1989,SU2,缓存精确继承,https://www.gm.com/content/dam/company/no_search/heritage-archive-docs/vehicle-information-kits/chevrolet/1997-Chevrolet-S-10-Blazer.pdf
US,Chevrolet S-10 Blazer SUV 1990,SU2,缓存精确继承,https://www.gm.com/content/dam/company/no_search/heritage-archive-docs/vehicle-information-kits/chevrolet/1997-Chevrolet-S-10-Blazer.pdf
US,Chevrolet S10 4WD Pickup 1983-1993 Extended 6,P1,缓存精确继承,https://www.gm.com/heritage/archive/vehicle-information-kits
US,Chevrolet S10 4WD Pickup 1983-1993 Regular 6,P1,缓存精确继承,https://www.gm.com/heritage/archive/vehicle-information-kits
US,Chevrolet S10 4WD Pickup 1983-1993 Regular 7.5,P1,缓存精确继承,https://www.gm.com/heritage/archive/vehicle-information-kits
US,Chevrolet S10 4WD Pickup 1994 Extended 6,P1,缓存精确继承,https://www.gm.com/heritage/archive/vehicle-information-kits
US,Chevrolet S10 4WD Pickup 1994 Regular 6,P1,缓存精确继承,https://www.gm.com/heritage/archive/vehicle-information-kits
US,Chevrolet S10 4WD Pickup 1994 Regular 7.5,P1,缓存精确继承,https://www.gm.com/heritage/archive/vehicle-information-kits
US,Chevrolet S10 4WD Pickup 1995-1997 Regular 7.5,P1,缓存精确继承,https://www.gm.com/heritage/archive/vehicle-information-kits
US,Chevrolet S10 4WD Pickup 1995-1998 Extended 6,P1,缓存精确继承,https://www.gm.com/heritage/archive/vehicle-information-kits
US,Chevrolet S10 4WD Pickup 1995-1998 Regular 6,P1,缓存精确继承,https://www.gm.com/heritage/archive/vehicle-information-kits
US,Chevrolet S10 4WD Pickup 1998 Regular 7.5,P1,缓存精确继承,https://www.gm.com/heritage/archive/vehicle-information-kits
US,Chevrolet S10 4WD Pickup 1999 Regular 7.5,P1,缓存精确继承,https://www.gm.com/heritage/archive/vehicle-information-kits
US,Chevrolet S10 4WD Pickup 1999-2000 Regular 6,P2,缓存精确继承,https://www.gm.com/heritage/archive/vehicle-information-kits
US,Chevrolet S10 4WD Pickup 1999-2003 Extended 6,P2,缓存精确继承,https://www.gm.com/heritage/archive/vehicle-information-kits
US,Chevrolet S10 4WD Pickup 2001-2003 Crew 4.5,P1,缓存精确继承,https://www.gm.com/heritage/archive/vehicle-information-kits
US,Chevrolet S10 4WD Pickup 2004 Crew 4.5,P1,缓存精确继承,https://www.gm.com/heritage/archive/vehicle-information-kits
US,Chevrolet S10 EV Pickup 1997 Regular 6,P1,缓存精确继承,https://www.gm.com/heritage/archive/vehicle-information-kits
US,Chevrolet S10 EV Pickup 1998 Regular 6,P1,缓存精确继承,https://www.gm.com/heritage/archive/vehicle-information-kits
US,Chevrolet S10 Pickup 1982-1990 Regular 6,P1,缓存精确继承,https://www.gm.com/heritage/archive/vehicle-information-kits
US,Chevrolet S10 Pickup 1982-1990 Regular 7.5,P1,缓存精确继承,https://www.gm.com/heritage/archive/vehicle-information-kits
US,Chevrolet S10 Pickup 1983-1990 Extended 6,P1,缓存精确继承,https://www.gm.com/heritage/archive/vehicle-information-kits
US,Chevrolet S10 Pickup 1991 Extended 6,P1,缓存精确继承,https://www.gm.com/heritage/archive/vehicle-information-kits
US,Chevrolet S10 Pickup 1991 Regular 6,P1,缓存精确继承,https://www.gm.com/heritage/archive/vehicle-information-kits
US,Chevrolet S10 Pickup 1991 Regular 7.5,P1,缓存精确继承,https://www.gm.com/heritage/archive/vehicle-information-kits
US,Chevrolet S10 Pickup 1992-1993 Extended 6,P1,缓存精确继承,https://www.gm.com/heritage/archive/vehicle-information-kits
US,Chevrolet S10 Pickup 1992-1993 Regular 6,P1,缓存精确继承,https://www.gm.com/heritage/archive/vehicle-information-kits
US,Chevrolet S10 Pickup 1992-1993 Regular 7.5,P1,缓存精确继承,https://www.gm.com/heritage/archive/vehicle-information-kits
US,Chevrolet S10 Pickup 1994 Extended 6,P1,缓存精确继承,https://www.gm.com/heritage/archive/vehicle-information-kits
US,Chevrolet S10 Pickup 1994 Regular 6,P1,缓存精确继承,https://www.gm.com/heritage/archive/vehicle-information-kits
US,Chevrolet S10 Pickup 1994 Regular 7.5,P1,缓存精确继承,https://www.gm.com/heritage/archive/vehicle-information-kits
US,Chevrolet S10 Pickup 1995-1997 Extended 6,P1,缓存精确继承,https://www.gm.com/heritage/archive/vehicle-information-kits
US,Chevrolet S10 Pickup 1995-1997 Regular 6,P1,缓存精确继承,https://www.gm.com/heritage/archive/vehicle-information-kits
US,Chevrolet S10 Pickup 1995-1997 Regular 7.5,P1,缓存精确继承,https://www.gm.com/heritage/archive/vehicle-information-kits
US,Chevrolet S10 Pickup 1998 Extended 6,P1,缓存精确继承,https://www.gm.com/heritage/archive/vehicle-information-kits
US,Chevrolet S10 Pickup 1998 Regular 6,P1,缓存精确继承,https://www.gm.com/heritage/archive/vehicle-information-kits
US,Chevrolet S10 Pickup 1998 Regular 7.5,P1,缓存精确继承,https://www.gm.com/heritage/archive/vehicle-information-kits
US,Chevrolet S10 Pickup 1999-2001 Extended 6,P1,缓存精确继承,https://www.gm.com/heritage/archive/vehicle-information-kits
US,Chevrolet S10 Pickup 1999-2003 Regular 6,P1,缓存精确继承,https://www.gm.com/heritage/archive/vehicle-information-kits
US,Chevrolet S10 Pickup 1999-2003 Regular 7.5,P1,缓存精确继承,https://www.gm.com/heritage/archive/vehicle-information-kits
US,Chevrolet S10 Pickup 2002 Extended 6,P1,缓存精确继承,https://www.gm.com/heritage/archive/vehicle-information-kits
US,Chevrolet S10 Pickup 2003 Extended 6,P1,缓存精确继承,https://www.gm.com/heritage/archive/vehicle-information-kits
US,Chevrolet S10 Xtreme Pickup 1999-2000 Extended 6,P1,缓存精确继承,https://www.gm.com/heritage/archive/vehicle-information-kits
US,Chevrolet S10 Xtreme Pickup 1999-2003 Regular 6,P1,缓存精确继承,https://www.gm.com/heritage/archive/vehicle-information-kits
US,Chevrolet S10 Xtreme Pickup 2001-2003 Extended 6,P1,缓存精确继承,https://www.gm.com/heritage/archive/vehicle-information-kits
US,Chevrolet S10 ZR2 Pickup 1994 Regular 6,P2,缓存精确继承,https://www.gm.com/heritage/archive/vehicle-information-kits
US,Chevrolet S10 ZR2 Pickup 1995-1997 Extended 6,P2,缓存精确继承,https://www.gm.com/heritage/archive/vehicle-information-kits
US,Chevrolet S10 ZR2 Pickup 1995-1997 Regular 6,P2,缓存精确继承,https://www.gm.com/heritage/archive/vehicle-information-kits
US,Chevrolet S10 ZR2 Pickup 1998 Extended 6,P2,缓存精确继承,https://www.gm.com/heritage/archive/vehicle-information-kits
US,Chevrolet S10 ZR2 Pickup 1998-1999 Regular 6,P2,缓存精确继承,https://www.gm.com/heritage/archive/vehicle-information-kits
US,Chevrolet S10 ZR2 Pickup 1999 Extended 6,P2,缓存精确继承,https://www.gm.com/heritage/archive/vehicle-information-kits
US,Chevrolet S10 ZR2 Pickup 2000 Extended 6,P2,缓存精确继承,https://www.gm.com/heritage/archive/vehicle-information-kits
US,Chevrolet S10 ZR2 Pickup 2001 Extended 6,P2,缓存精确继承,https://www.gm.com/heritage/archive/vehicle-information-kits
US,Chevrolet S10 ZR2 Pickup 2002-2003 Extended 6,P2,缓存精确继承,https://www.gm.com/heritage/archive/vehicle-information-kits
US,Chevrolet SS Sedan 2014-2017,SD1,缓存精确继承,https://media.chevrolet.com/media/us/en/chevrolet/vehicles/ss/2017.html
US,Chevrolet SSR Pickup 2003-2005 Regular 4.1,P1,缓存精确继承,https://www.gm.com/content/dam/company/no_search/heritage-archive-docs/vehicle-information-kits/chevrolet/2004-Chevrolet-SSR.pdf
US,Chevrolet SSR Pickup 2006 Regular 4.1,P1,缓存精确继承,https://www.gm.com/content/dam/company/no_search/heritage-archive-docs/vehicle-information-kits/chevrolet/2004-Chevrolet-SSR.pdf
US,Chevrolet Silverado 1500 Pickup 1999 Regular 8,P0,缓存精确继承,车形分类核定/cache/model_shape_cache.csv
US,Chevrolet Silverado 1500 Pickup 1999-2004 Extended 8,P0,缓存精确继承,车形分类核定/cache/model_shape_cache.csv
US,Chevrolet Silverado 1500 Pickup 1999-2006 Extended 6.5,P0,缓存精确继承,车形分类核定/cache/model_shape_cache.csv
US,Chevrolet Silverado 1500 Pickup 2000-2004 Regular 8,P0,缓存精确继承,车形分类核定/cache/model_shape_cache.csv
US,Chevrolet Silverado 1500 Pickup 2004 Crew 5.8,P0,缓存精确继承,车形分类核定/cache/model_shape_cache.csv
US,Chevrolet Silverado 1500 Pickup 2005 Crew 5.8,P0,缓存精确继承,车形分类核定/cache/model_shape_cache.csv
US,Chevrolet Silverado 1500 Pickup 2005-2006 Extended 8,P0,缓存精确继承,车形分类核定/cache/model_shape_cache.csv
US,Chevrolet Silverado 1500 Pickup 2005-2006 Regular 8,P0,缓存精确继承,车形分类核定/cache/model_shape_cache.csv
US,Chevrolet Silverado 1500 Pickup 2006 Crew 5.8,P0,缓存精确继承,车形分类核定/cache/model_shape_cache.csv
US,Chevrolet Silverado 1500 Pickup 2007-2008 Crew 5.8,P0,缓存精确继承,车形分类核定/cache/model_shape_cache.csv
US,Chevrolet Silverado 1500 Pickup 2007-2008 Extended 6.5,P0,缓存精确继承,车形分类核定/cache/model_shape_cache.csv
US,Chevrolet Silverado 1500 Pickup 2007-2013 Extended 8,P0,缓存精确继承,车形分类核定/cache/model_shape_cache.csv
US,Chevrolet Silverado 1500 Pickup 2007-2013 Regular 6.6,P0,缓存精确继承,车形分类核定/cache/model_shape_cache.csv
US,Chevrolet Silverado 1500 Pickup 2007-2013 Regular 8,P0,缓存精确继承,车形分类核定/cache/model_shape_cache.csv
US,Chevrolet Silverado 1500 Pickup 2009-2013 Crew 5.8,P0,缓存精确继承,车形分类核定/cache/model_shape_cache.csv
US,Chevrolet Silverado 1500 Pickup 2009-2013 Extended 6.5,P0,缓存精确继承,车形分类核定/cache/model_shape_cache.csv
US,Chevrolet Silverado 1500 Pickup 2014-2018 Crew 5.8,P0,缓存精确继承,车形分类核定/cache/model_shape_cache.csv
US,Chevrolet Silverado 1500 Pickup 2014-2018 Double 6.6,P0,缓存精确继承,车形分类核定/cache/model_shape_cache.csv
US,Chevrolet Silverado 1500 Pickup 2014-2018 Regular 6.6,P0,缓存精确继承,车形分类核定/cache/model_shape_cache.csv
US,Chevrolet Silverado 1500 Pickup 2014-2018 Regular 8,P0,缓存精确继承,车形分类核定/cache/model_shape_cache.csv
US,Chevrolet Silverado 1500 Pickup 2019-2026 Crew 5.8,P0,缓存精确继承,车形分类核定/cache/model_shape_cache.csv
US,Chevrolet Silverado 1500 Pickup 2019-2026 Double 6.6,P0,缓存精确继承,车形分类核定/cache/model_shape_cache.csv
US,Chevrolet Silverado 1500 Pickup 2019-2026 Regular 8,P0,缓存精确继承,车形分类核定/cache/model_shape_cache.csv
US,Chevrolet Silverado 1500 Pickup 2022-2026 Regular 6.6,P0,缓存精确继承,车形分类核定/cache/model_shape_cache.csv
US,Chevrolet Silverado 1500 Trail Boss Pickup 2021-2026 Crew 5.8,P0,缓存精确继承,车形分类核定/cache/model_shape_cache.csv
US,Chevrolet Silverado 1500HD Classic Pickup 2007 Crew 6.6,P0,缓存精确继承,https://www.gm.com/heritage/archive/vehicle-information-kits
US,Chevrolet Silverado 1500HD Pickup 2001-2003 Crew 6.6,P0,缓存精确继承,https://www.gm.com/heritage/archive/vehicle-information-kits
US,Chevrolet Silverado 1500HD Pickup 2005 Crew 6.6,P0,缓存精确继承,https://www.gm.com/heritage/archive/vehicle-information-kits
US,Chevrolet Silverado 1500HD Pickup 2006 Crew 6.6,P0,缓存精确继承,https://www.gm.com/heritage/archive/vehicle-information-kits
US,Chevrolet Silverado 2500HD/3500HD DRW Pickup 2015-2018 Crew 8,DUAL,缓存精确继承,https://www.gm.com/heritage/archive/vehicle-information-kits
US,Chevrolet Silverado 2500HD/3500HD DRW Pickup 2019 Crew 8,DUAL,缓存精确继承,https://www.gm.com/heritage/archive/vehicle-information-kits
US,Chevrolet Silverado 2500HD/3500HD DRW Pickup 2020-2023 Crew 8,DUAL,缓存精确继承,https://www.gm.com/heritage/archive/vehicle-information-kits
US,Chevrolet Silverado 2500HD/3500HD DRW Pickup 2024 Crew 8,DUAL,缓存精确继承,https://www.gm.com/heritage/archive/vehicle-information-kits
US,Chevrolet Silverado 2500HD/3500HD DRW Pickup 2025 Crew 8,DUAL,缓存精确继承,https://www.gm.com/heritage/archive/vehicle-information-kits
US,Chevrolet Silverado 2500HD/3500HD DRW Pickup 2026 Crew 8,DUAL,缓存精确继承,https://www.gm.com/heritage/archive/vehicle-information-kits
US,Chevrolet Silverado 2500HD/3500HD Pickup 2001-2006 Crew 8,P1,缓存精确继承,https://www.gm.com/heritage/archive/vehicle-information-kits
US,Chevrolet Silverado 2500HD/3500HD Pickup 2001-2006 Regular 8,P1,缓存精确继承,https://www.gm.com/heritage/archive/vehicle-information-kits
US,Chevrolet Silverado 2500HD/3500HD Pickup 2007 Crew 8,DUAL,缓存精确继承,https://www.gm.com/heritage/archive/vehicle-information-kits
US,Chevrolet Silverado 2500HD/3500HD Pickup 2007 Regular 8,P1,缓存精确继承,https://www.gm.com/heritage/archive/vehicle-information-kits
US,Chevrolet Silverado 2500HD/3500HD Pickup 2008-2012 Crew 6.5,DUAL,缓存精确继承,https://www.gm.com/heritage/archive/vehicle-information-kits
US,Chevrolet Silverado 2500HD/3500HD Pickup 2008-2014 Crew 8,DUAL,缓存精确继承,https://www.gm.com/heritage/archive/vehicle-information-kits
US,Chevrolet Silverado 2500HD/3500HD Pickup 2008-2014 Regular 8,P1,缓存精确继承,https://www.gm.com/heritage/archive/vehicle-information-kits
US,Chevrolet Silverado 2500HD/3500HD Pickup 2013 Crew 6.5,P1,缓存精确继承,https://www.gm.com/heritage/archive/vehicle-information-kits
US,Chevrolet Silverado 2500HD/3500HD Pickup 2014 Crew 6.5,P1,缓存精确继承,https://www.gm.com/heritage/archive/vehicle-information-kits
US,Chevrolet Silverado 2500HD/3500HD Pickup 2015-2017 Double 6.8,P1,缓存精确继承,https://www.gm.com/heritage/archive/vehicle-information-kits
US,Chevrolet Silverado 2500HD/3500HD Pickup 2015-2019 Crew 6.5,P1,缓存精确继承,https://www.gm.com/heritage/archive/vehicle-information-kits
US,Chevrolet Silverado 2500HD/3500HD Pickup 2015-2019 Double 8,P1,缓存精确继承,https://www.gm.com/heritage/archive/vehicle-information-kits
US,Chevrolet Silverado 2500HD/3500HD Pickup 2015-2019 Regular 8,DUAL,缓存精确继承,https://www.gm.com/heritage/archive/vehicle-information-kits
US,Chevrolet Silverado 2500HD/3500HD Pickup 2020-2024 Double 6.8,P1,缓存精确继承,https://www.gm.com/heritage/archive/vehicle-information-kits
US,Chevrolet Silverado 2500HD/3500HD Pickup 2020-2026 Crew 6.8,P1,缓存精确继承,https://www.gm.com/heritage/archive/vehicle-information-kits
US,Chevrolet Silverado 2500HD/3500HD Pickup 2020-2026 Double 8,P1,缓存精确继承,https://www.gm.com/heritage/archive/vehicle-information-kits
US,Chevrolet Silverado 2500HD/3500HD Pickup 2020-2026 Regular 8,P1,缓存精确继承,https://www.gm.com/heritage/archive/vehicle-information-kits
US,Chevrolet Silverado EV Pickup 2024-2026 Crew 5.9,P0,缓存精确继承,https://media.chevrolet.com/Pages/news/br/pt/2022/jan/0105-silverado-ev/jcr%3Acontent/rightpar/galleryphotogrid.html
US,Chevrolet Sonic Hatchback 2012-2020,H0,缓存精确继承,https://media.chevrolet.com/media/us/en/chevrolet/vehicles/sonic/2017.html
US,Chevrolet Sonic Sedan 2012-2020,SD1,缓存精确继承,https://media.chevrolet.com/media/us/en/chevrolet/vehicles/sonic/2017.html
US,Chevrolet Spark Hatchback 2013-2015,H0,缓存精确继承,https://media.chevrolet.com/media/us/en/chevrolet/vehicles/spark/2021.html
US,Chevrolet Spark Hatchback 2016-2022,H0,缓存精确继承,https://media.chevrolet.com/media/us/en/chevrolet/vehicles/spark/2021.html
US,Chevrolet Suburban SUV 1935-1940,SU2,缓存精确继承,https://www.gm.com/heritage/archive/vehicle-information-kits
US,Chevrolet Suburban SUV 1941,SU2,缓存精确继承,https://www.gm.com/heritage/archive/vehicle-information-kits
US,Chevrolet Suburban SUV 1946,SU2,缓存精确继承,https://www.gm.com/heritage/archive/vehicle-information-kits
US,Chevrolet Suburban SUV 1947-1954,SU2,缓存精确继承,https://www.gm.com/heritage/archive/vehicle-information-kits
US,Chevrolet Suburban SUV 1955-1959,SU2,缓存精确继承,https://www.gm.com/heritage/archive/vehicle-information-kits
US,Chevrolet Suburban SUV 1960-1966,SU2,缓存精确继承,https://www.gm.com/heritage/archive/vehicle-information-kits
US,Chevrolet Suburban SUV 1967-1969,SU2,缓存精确继承,https://www.gm.com/heritage/archive/vehicle-information-kits
US,Chevrolet Suburban SUV 1970-1972,SU2,缓存精确继承,https://www.gm.com/heritage/archive/vehicle-information-kits
US,Chevrolet Suburban SUV 1973-1980,SU2,缓存精确继承,https://www.gm.com/heritage/archive/vehicle-information-kits
US,Chevrolet Suburban SUV 1981,SU2,缓存精确继承,https://www.gm.com/heritage/archive/vehicle-information-kits
US,Chevrolet Suburban SUV 1982-1989,SU2,缓存精确继承,https://www.gm.com/heritage/archive/vehicle-information-kits
US,Chevrolet Suburban SUV 1990-1991,SU2,缓存精确继承,https://www.gm.com/heritage/archive/vehicle-information-kits
US,Chevrolet Suburban SUV 1992,SU2,缓存精确继承,https://www.gm.com/heritage/archive/vehicle-information-kits
US,Chevrolet Suburban SUV 1993-1994,SU2,缓存精确继承,https://www.gm.com/heritage/archive/vehicle-information-kits
US,Chevrolet Suburban SUV 1995,SU2,缓存精确继承,https://www.gm.com/heritage/archive/vehicle-information-kits
US,Chevrolet Suburban SUV 1996,SU2,缓存精确继承,https://www.gm.com/heritage/archive/vehicle-information-kits
US,Chevrolet Suburban SUV 1997,SU2,缓存精确继承,https://www.gm.com/heritage/archive/vehicle-information-kits
US,Chevrolet Suburban SUV 1998,SU2,缓存精确继承,https://www.gm.com/heritage/archive/vehicle-information-kits
US,Chevrolet Suburban SUV 1999,SU2,缓存精确继承,https://www.gm.com/heritage/archive/vehicle-information-kits
US,Chevrolet Suburban SUV 2000,SU2,缓存精确继承,https://www.gm.com/heritage/archive/vehicle-information-kits
US,Chevrolet Suburban SUV 2001,SU2,缓存精确继承,https://www.gm.com/heritage/archive/vehicle-information-kits
US,Chevrolet Suburban SUV 2002-2003,SU2,缓存精确继承,https://www.gm.com/heritage/archive/vehicle-information-kits
US,Chevrolet Suburban SUV 2004-2005,SU2,缓存精确继承,https://www.gm.com/heritage/archive/vehicle-information-kits
US,Chevrolet Suburban SUV 2006,SU2,缓存精确继承,https://www.gm.com/heritage/archive/vehicle-information-kits
US,Chevrolet Suburban SUV 2007-2014,SU2,缓存精确继承,https://www.gm.com/heritage/archive/vehicle-information-kits
US,Chevrolet Suburban SUV 2015,SU2,缓存精确继承,https://www.gm.com/heritage/archive/vehicle-information-kits
US,Chevrolet Suburban SUV 2016-2020,SU2,缓存精确继承,https://www.gm.com/heritage/archive/vehicle-information-kits
US,Chevrolet Suburban SUV 2021-2024,SU2,缓存精确继承,https://www.gm.com/heritage/archive/vehicle-information-kits
US,Chevrolet Suburban SUV 2025,SU2,缓存精确继承,https://www.gm.com/heritage/archive/vehicle-information-kits
US,Chevrolet Suburban SUV 2026,SU2,缓存精确继承,https://www.gm.com/heritage/archive/vehicle-information-kits
US,Chevrolet Tahoe 2dr 4WD SUV 1995-1996,SU2,缓存精确继承,车形分类核定/cache/model_shape_cache.csv
US,Chevrolet Tahoe 2dr 4WD SUV 1997,SU2,缓存精确继承,车形分类核定/cache/model_shape_cache.csv
US,Chevrolet Tahoe 2dr 4WD SUV 1998,SU2,缓存精确继承,车形分类核定/cache/model_shape_cache.csv
US,Chevrolet Tahoe 2dr 4WD SUV 1999,SU2,缓存精确继承,车形分类核定/cache/model_shape_cache.csv
US,Chevrolet Tahoe 4dr 2WD SUV 1995-1996,SU2,缓存精确继承,车形分类核定/cache/model_shape_cache.csv
US,Chevrolet Tahoe 4dr 2WD SUV 1997-1998,SU2,缓存精确继承,车形分类核定/cache/model_shape_cache.csv
US,Chevrolet Tahoe 4dr 2WD SUV 1999,SU2,缓存精确继承,车形分类核定/cache/model_shape_cache.csv
US,Chevrolet Tahoe SUV 2000,SU2,缓存精确继承,车形分类核定/cache/model_shape_cache.csv
US,Chevrolet Tahoe SUV 2001-2006,SU2,缓存精确继承,车形分类核定/cache/model_shape_cache.csv
US,Chevrolet Tahoe SUV 2007-2014,SU2,缓存精确继承,车形分类核定/cache/model_shape_cache.csv
US,Chevrolet Tahoe SUV 2015-2020,SU2,缓存精确继承,车形分类核定/cache/model_shape_cache.csv
US,Chevrolet Tahoe SUV 2021-2024,SU2,缓存精确继承,车形分类核定/cache/model_shape_cache.csv
US,Chevrolet Tahoe SUV 2025-2026,SU2,缓存精确继承,车形分类核定/cache/model_shape_cache.csv
US,Chevrolet Tracker 2dr SUV 1998-2004,SU2,缓存精确继承,https://www.gm.com/content/dam/company/no_search/heritage-archive-docs/vehicle-information-kits/chevrolet/1999-Chevrolet-Suburban.pdf
US,Chevrolet Tracker 4dr SUV 1999,SU2,缓存精确继承,https://www.gm.com/content/dam/company/no_search/heritage-archive-docs/vehicle-information-kits/chevrolet/1999-Chevrolet-Suburban.pdf
US,Chevrolet Tracker 4dr SUV 2000-2002,SU2,缓存精确继承,https://www.gm.com/content/dam/company/no_search/heritage-archive-docs/vehicle-information-kits/chevrolet/1999-Chevrolet-Suburban.pdf
US,Chevrolet Tracker 4dr SUV 2003,SU2,缓存精确继承,https://www.gm.com/content/dam/company/no_search/heritage-archive-docs/vehicle-information-kits/chevrolet/1999-Chevrolet-Suburban.pdf
US,Chevrolet Tracker 4dr SUV 2004,SU2,缓存精确继承,https://www.gm.com/content/dam/company/no_search/heritage-archive-docs/vehicle-information-kits/chevrolet/1999-Chevrolet-Suburban.pdf
US,Chevrolet Trailblazer SS SUV 2006-2009,SU2,缓存精确继承,https://www.gm.com/heritage/archive/vehicle-information-kits
US,Chevrolet Trailblazer SUV 2002-2005,SU2,缓存精确继承,https://www.gm.com/heritage/archive/vehicle-information-kits
US,Chevrolet Trailblazer SUV 2021-2026,SU1,缓存精确继承,https://www.chevrolet.com/suvs/trailblazer
US,Chevrolet Traverse Limited SUV 2024,SU1,缓存精确继承,https://media.chevrolet.com/Pages/galleries/ME/EN/chevrolet/crossover-suv/2024/2024-traverse.html
US,Chevrolet Traverse SUV 2009-2012,SU1,缓存精确继承,https://media.chevrolet.com/Pages/galleries/ME/EN/chevrolet/crossover-suv/2024/2024-traverse.html
US,Chevrolet Traverse SUV 2013-2017,SU1,缓存精确继承,https://media.chevrolet.com/Pages/galleries/ME/EN/chevrolet/crossover-suv/2024/2024-traverse.html
US,Chevrolet Traverse SUV 2018-2023,SU1,缓存精确继承,https://media.chevrolet.com/Pages/galleries/ME/EN/chevrolet/crossover-suv/2024/2024-traverse.html
US,Chevrolet Traverse SUV 2024-2026,SU1,缓存精确继承,https://media.chevrolet.com/Pages/galleries/ME/EN/chevrolet/crossover-suv/2024/2024-traverse.html
US,Chevrolet Trax SUV 2015-2022,SU1,缓存精确继承,https://www.chevrolet.com/suvs/trax
US,Chevrolet Trax SUV 2024-2026,SU1,缓存精确继承,https://www.chevrolet.com/suvs/trax
US,Chevrolet Uplander LWB Wagon 2005-2008,V0,缓存精确继承,https://www.gm.com/heritage/archive/vehicle-information-kits
US,Chevrolet Uplander Wagon 2006-2008,V0,缓存精确继承,https://www.gm.com/heritage/archive/vehicle-information-kits
US,Chevrolet Venture LWB Wagon 1997-2005,V0,缓存精确继承,https://www.gm.com/heritage/archive/vehicle-information-kits
US,Chevrolet Venture Wagon 1997-2004,V0,缓存精确继承,https://www.gm.com/heritage/archive/vehicle-information-kits
US,Chevrolet Volt Hatchback 2011-2015,SD1,缓存精确继承,https://media.chevrolet.com/Pages/galleries/MX/Chevrolet/Cars/2019/volt.html
US,Chevrolet Volt Hatchback 2016-2019,SD1,缓存精确继承,https://media.chevrolet.com/Pages/galleries/MX/Chevrolet/Cars/2019/volt.html
US,Chrysler 200 Convertible 2011-2014,SD1,缓存精确继承,https://s3.amazonaws.com/chryslermedia.iconicweb.com/mediasite/specs/2012_CH_200Convertible_FA.pdf
US,Chrysler 200 Sedan 2011-2014,SD1,缓存精确继承,https://s3.amazonaws.com/chryslermedia.iconicweb.com/mediasite/specs/2012_CH_200Convertible_FA.pdf
US,Chrysler 200 Sedan 2015-2017,SD1,缓存精确继承,https://www.chrysler.com/assets/pdf/brochures/2015_200.pdf
US,Chrysler 200 Series Convertible 2011-2014,SD1,缓存精确继承,https://s3.amazonaws.com/chryslermedia.iconicweb.com/mediasite/specs/2012_CH_200Convertible_FA.pdf
US,Chrysler 200 Series Sedan 2011-2014,SD1,缓存精确继承,https://s3.amazonaws.com/chryslermedia.iconicweb.com/mediasite/specs/2012_CH_200Convertible_FA.pdf
US,Chrysler 200 Series Sedan 2015-2017,SD1,缓存精确继承,https://www.chrysler.com/assets/pdf/brochures/2015_200.pdf
US,Chrysler 300 Sedan 2005-2010,SD1,缓存精确继承,https://www.chrysler.com/content/dam/fca-brands/na/chrysler/en_us/global/pdf/brochure/eBrochure%20-%20Chrysler%20300%20%282019%29.pdf
US,Chrysler 300 Sedan 2011-2023,SD1,缓存精确继承,https://www.chrysler.com/content/dam/fca-brands/na/chrysler/en_us/global/pdf/brochure/eBrochure%20-%20Chrysler%20300%20%282019%29.pdf
US,Chrysler 300 series 300M Sedan 1999-2004,SD1,缓存精确继承,https://www.chrysler.com/content/dam/fca-brands/na/chrysler/en_us/global/pdf/brochure/eBrochure%20-%20Chrysler%20300%20%282019%29.pdf
US,Chrysler 300 series Sedan 2005-2010,SD1,缓存精确继承,https://www.chrysler.com/content/dam/fca-brands/na/chrysler/en_us/global/pdf/brochure/eBrochure%20-%20Chrysler%20300%20%282019%29.pdf
US,Chrysler 300 series Sedan 2011-2023,SD1,缓存精确继承,https://www.chrysler.com/content/dam/fca-brands/na/chrysler/en_us/global/pdf/brochure/eBrochure%20-%20Chrysler%20300%20%282019%29.pdf
US,Chrysler 300M Sedan 1999-2004,SD1,缓存精确继承,https://s3.amazonaws.com/chryslermedia.iconicweb.com/mediasite/attachments/Chrysler_100_Timeline96pd1dgbckaplqdo5fafu3kj7.pdf
US,Chrysler Aspen SUV 2007-2009,SU2,缓存精确继承,https://embargoed.stellantisnorthamerica.com/image-gallery.do?imageIds=%2C12548%2C12709%2C12240%2C12241%2C12242%2C12243%2C12244%2C12245%2C12254%2C12710%2C12246%2C12247%2C12248%2C12249%2C12250%2C12251%2C12252%2C12253&method=adhoc&mid=287&title=Most+Powerful+Hybrid+SUVs+Now+Offer+Best-in-Class+Fuel+Economy
US,Chrysler Cirrus Sedan 1995,SD1,缓存精确继承,https://blog.stellantisnorthamerica.com/2015/09/24/chrysler-celebrates-nine-decades-of-driving-innovation/
US,Chrysler Cirrus Sedan 1996-1997,SD1,缓存精确继承,https://blog.stellantisnorthamerica.com/2015/09/24/chrysler-celebrates-nine-decades-of-driving-innovation/
US,Chrysler Cirrus Sedan 1998,SD1,缓存精确继承,https://blog.stellantisnorthamerica.com/2015/09/24/chrysler-celebrates-nine-decades-of-driving-innovation/
US,Chrysler Cirrus Sedan 1999-2000,SD1,缓存精确继承,https://blog.stellantisnorthamerica.com/2015/09/24/chrysler-celebrates-nine-decades-of-driving-innovation/
US,Chrysler Concorde Sedan 1993-1994,SD1,缓存精确继承,https://blog.stellantisnorthamerica.com/2019/06/14/remembering-a-few-of-our-fathers-for-fathers-day/
US,Chrysler Concorde Sedan 1995-1997,SD1,缓存精确继承,https://blog.stellantisnorthamerica.com/2019/06/14/remembering-a-few-of-our-fathers-for-fathers-day/
US,Chrysler Concorde Sedan 1998-2001,SD1,缓存精确继承,https://blog.stellantisnorthamerica.com/2019/06/14/remembering-a-few-of-our-fathers-for-fathers-day/
US,Chrysler Concorde Sedan 2002-2004,SD1,缓存精确继承,https://blog.stellantisnorthamerica.com/2019/06/14/remembering-a-few-of-our-fathers-for-fathers-day/
US,Chrysler Crossfire Convertible 2005-2008,SD0,缓存精确继承,https://embargoed.stellantisnorthamerica.com/newsroom.do?id=42&mid=85
US,Chrysler Crossfire Coupe 2004-2008,SD0,缓存精确继承,https://embargoed.stellantisnorthamerica.com/newsroom.do?id=42&mid=85
US,Chrysler LHS Sedan 1994-1997,SD1,缓存精确继承,https://embargoed.stellantisnorthamerica.com/newsrelease.do?fIId=332&id=25121&mid=1525
US,Chrysler LHS Sedan 1999-2001,SD1,缓存精确继承,https://embargoed.stellantisnorthamerica.com/newsrelease.do?fIId=332&id=25121&mid=1525
US,Chrysler PT Cruiser Wagon 2001-2010,H1,缓存精确继承,https://embargoed.stellantisnorthamerica.com/newsrelease.do?id=8103&mid=37
US,Chrysler Pacifica Crossover 2004-2008,V0,缓存精确继承,车形分类核定/cache/model_shape_cache.csv
US,Chrysler Pacifica MPV 2017-2020,V0,缓存精确继承,车形分类核定/cache/model_shape_cache.csv
US,Chrysler Pacifica MPV 2021-2026,V0,缓存精确继承,车形分类核定/cache/model_shape_cache.csv
US,Chrysler Sebring Convertible 1996,SD0,缓存精确继承,https://embargoed.stellantisnorthamerica.com/newsrelease.do?fIId=7193&id=6568&mid=4
US,Chrysler Sebring Convertible 1997,SD0,缓存精确继承,https://embargoed.stellantisnorthamerica.com/newsrelease.do?fIId=7193&id=6568&mid=4
US,Chrysler Sebring Convertible 1998-2000,SD0,缓存精确继承,https://embargoed.stellantisnorthamerica.com/newsrelease.do?fIId=7193&id=6568&mid=4
US,Chrysler Sebring Convertible 2001-2006,SD0,缓存精确继承,https://embargoed.stellantisnorthamerica.com/newsrelease.do?fIId=7193&id=6568&mid=4
US,Chrysler Sebring Convertible 2008-2010,SD0,缓存精确继承,https://embargoed.stellantisnorthamerica.com/newsrelease.do?fIId=8119&id=8137&mid=
US,Chrysler Sebring Coupe 1995,SD0,缓存精确继承,https://embargoed.stellantisnorthamerica.com/newsrelease.do?fIId=7193&id=6568&mid=4
US,Chrysler Sebring Coupe 1996,SD0,缓存精确继承,https://embargoed.stellantisnorthamerica.com/newsrelease.do?fIId=7193&id=6568&mid=4
US,Chrysler Sebring Coupe 1997-2000,SD0,缓存精确继承,https://embargoed.stellantisnorthamerica.com/newsrelease.do?fIId=7193&id=6568&mid=4
US,Chrysler Sebring Coupe 2001-2002,SD0,缓存精确继承,https://embargoed.stellantisnorthamerica.com/newsrelease.do?fIId=7193&id=6568&mid=4
US,Chrysler Sebring Coupe 2003-2005,SD0,缓存精确继承,https://embargoed.stellantisnorthamerica.com/newsrelease.do?fIId=7193&id=6568&mid=4
US,Chrysler Sebring Sedan 2001-2006,SD0,缓存精确继承,https://embargoed.stellantisnorthamerica.com/newsrelease.do?fIId=7193&id=6568&mid=4
US,Chrysler Sebring Sedan 2007,SD0,缓存精确继承,https://embargoed.stellantisnorthamerica.com/newsrelease.do?fIId=8119&id=8137&mid=
US,Chrysler Sebring Sedan 2008-2009,SD0,缓存精确继承,https://embargoed.stellantisnorthamerica.com/newsrelease.do?fIId=8119&id=8137&mid=
US,Chrysler Sebring Sedan 2010,SD0,缓存精确继承,https://embargoed.stellantisnorthamerica.com/newsrelease.do?fIId=8119&id=8137&mid=
US,Chrysler Town & Country MPV 1990,V0,缓存精确继承,https://embargoed.stellantisnorthamerica.com/newsrelease.do?id=17221&mid=722
US,Chrysler Town & Country MPV 1991-1995,V0,缓存精确继承,https://embargoed.stellantisnorthamerica.com/newsrelease.do?id=17221&mid=722
US,Chrysler Town & Country MPV 1996-2000,V0,缓存精确继承,https://embargoed.stellantisnorthamerica.com/newsrelease.do?id=17221&mid=722
US,Chrysler Town & Country MPV 2001-2007,V0,缓存精确继承,https://embargoed.stellantisnorthamerica.com/newsrelease.do?id=17221&mid=722
US,Chrysler Town & Country MPV 2008-2016,V0,缓存精确继承,https://embargoed.stellantisnorthamerica.com/newsrelease.do?id=17221&mid=722
US,Chrysler Voyager MPV 2000,V0,缓存精确继承,https://embargoed.stellantisnorthamerica.com/newsrelease.do?id=26223&mid=3
US,Chrysler Voyager MPV 2001-2003,V0,缓存精确继承,https://embargoed.stellantisnorthamerica.com/newsrelease.do?id=26223&mid=3
US,Chrysler Voyager MPV 2020-2021,V0,缓存精确继承,https://embargoed.stellantisnorthamerica.com/newsrelease.do?id=26223&mid=3
US,Chrysler Voyager MPV 2022-2026,V0,缓存精确继承,https://embargoed.stellantisnorthamerica.com/newsrelease.do?id=26223&mid=3
US,Dodge Avenger Coupe 1995-2000,SD0,缓存精确继承,https://embargoed.stellantisnorthamerica.com/newsrelease.do?fIId=7193&id=6568&mid=4
US,Dodge Avenger Sedan 2008-2014,SD0,缓存精确继承,https://embargoed.stellantisnorthamerica.com/newsrelease.do?fIId=7193&id=6568&mid=4
US,Dodge Caliber Hatchback 2007-2012,H0,缓存精确继承,https://embargoed.stellantisnorthamerica.com/newsrelease.do?id=4823&mid=68
US,Dodge Caravan Grand Caravan MPV 1987-1989,V0,缓存精确继承,https://blog.stellantisnorthamerica.com/2015/12/29/three-decades-plus-of-chrysler-minivan-leadership/
US,Dodge Caravan Grand Caravan MPV 1990,V0,缓存精确继承,https://blog.stellantisnorthamerica.com/2015/12/29/three-decades-plus-of-chrysler-minivan-leadership/
US,Dodge Caravan Grand Caravan MPV 1991-1995,V0,缓存精确继承,https://blog.stellantisnorthamerica.com/2015/12/29/three-decades-plus-of-chrysler-minivan-leadership/
US,Dodge Caravan LWB MPV 2008-2020,V0,缓存精确继承,https://blog.stellantisnorthamerica.com/2015/12/29/three-decades-plus-of-chrysler-minivan-leadership/
US,Dodge Caravan SWB MPV 1984-1990,V0,缓存精确继承,https://blog.stellantisnorthamerica.com/2015/12/29/three-decades-plus-of-chrysler-minivan-leadership/
US,Dodge Caravan SWB MPV 1991-1995,V0,缓存精确继承,https://blog.stellantisnorthamerica.com/2015/12/29/three-decades-plus-of-chrysler-minivan-leadership/
US,Dodge Caravan SWB MPV 1996-2000,V0,缓存精确继承,https://blog.stellantisnorthamerica.com/2015/12/29/three-decades-plus-of-chrysler-minivan-leadership/
US,Dodge Caravan SWB MPV 2001-2007,V0,缓存精确继承,https://blog.stellantisnorthamerica.com/2015/12/29/three-decades-plus-of-chrysler-minivan-leadership/
US,Dodge Challenger Coupe 1970-1972,dodge-challenger,缓存精确继承,https://blog.stellantisnorthamerica.com/2023/08/03/history-of-the-dodge-brand/
US,Dodge Challenger Coupe 1973-1974,dodge-challenger,缓存精确继承,https://blog.stellantisnorthamerica.com/2023/08/03/history-of-the-dodge-brand/
US,Dodge Challenger Coupe 1978-1983,dodge-challenger,缓存精确继承,https://blog.stellantisnorthamerica.com/2023/08/03/history-of-the-dodge-brand/
US,Dodge Challenger Coupe 2008-2014,dodge-challenger,缓存精确继承,https://blog.stellantisnorthamerica.com/2023/08/03/history-of-the-dodge-brand/
US,Dodge Challenger Coupe 2015-2023,dodge-challenger,缓存精确继承,https://blog.stellantisnorthamerica.com/2023/08/03/history-of-the-dodge-brand/
US,Dodge Challenger Widebody Coupe 2015-2023,dodge-challenger,缓存精确继承,https://blog.stellantisnorthamerica.com/2023/08/03/history-of-the-dodge-brand/
US,Dodge Charger Coupe 1966-1967,SD2,缓存精确继承,https://blog.stellantisnorthamerica.com/2023/08/03/history-of-the-dodge-brand/
US,Dodge Charger Coupe 1968-1970,SD2,缓存精确继承,https://blog.stellantisnorthamerica.com/2023/08/03/history-of-the-dodge-brand/
US,Dodge Charger Coupe 1971-1972,SD2,缓存精确继承,https://blog.stellantisnorthamerica.com/2023/08/03/history-of-the-dodge-brand/
US,Dodge Charger Coupe 1973-1974,SD2,缓存精确继承,https://blog.stellantisnorthamerica.com/2023/08/03/history-of-the-dodge-brand/
US,Dodge Charger Coupe 1975-1978,SD2,缓存精确继承,https://blog.stellantisnorthamerica.com/2023/08/03/history-of-the-dodge-brand/
US,Dodge Charger Coupe 2024-2026,SD0,缓存精确继承,https://blog.stellantisnorthamerica.com/2023/08/03/history-of-the-dodge-brand/
US,Dodge Charger Hatchback 1982-1987,H0,缓存精确继承,https://blog.stellantisnorthamerica.com/2023/08/03/history-of-the-dodge-brand/
US,Dodge Charger Sedan 2006-2010,SD0,缓存精确继承,https://blog.stellantisnorthamerica.com/2023/08/03/history-of-the-dodge-brand/
US,Dodge Charger Sedan 2011-2014,SD0,缓存精确继承,https://blog.stellantisnorthamerica.com/2023/08/03/history-of-the-dodge-brand/
US,Dodge Charger Sedan 2015-2023,SD0,缓存精确继承,https://blog.stellantisnorthamerica.com/2023/08/03/history-of-the-dodge-brand/
US,Dodge Charger Sedan 2024-2026,SD0,缓存精确继承,https://blog.stellantisnorthamerica.com/2023/08/03/history-of-the-dodge-brand/
US,Dodge Dakota Pickup 1987-1989 Regular 6.5,P1,缓存精确继承,https://embargoed.stellantisnorthamerica.com/newsrelease.do?id=5590&mid=62
US,Dodge Dakota Pickup 1987-1989 Regular 8,P1,缓存精确继承,https://embargoed.stellantisnorthamerica.com/newsrelease.do?id=5590&mid=62
US,Dodge Dakota Pickup 1990-1996 Club 6.5,P1,缓存精确继承,https://embargoed.stellantisnorthamerica.com/newsrelease.do?id=5590&mid=62
US,Dodge Dakota Pickup 1990-1996 Regular 6.5,P1,缓存精确继承,https://embargoed.stellantisnorthamerica.com/newsrelease.do?id=5590&mid=62
US,Dodge Dakota Pickup 1990-1996 Regular 8,P1,缓存精确继承,https://embargoed.stellantisnorthamerica.com/newsrelease.do?id=5590&mid=62
US,Dodge Dakota Pickup 1997-1999 Regular 8,P1,缓存精确继承,https://embargoed.stellantisnorthamerica.com/newsrelease.do?id=5590&mid=62
US,Dodge Dakota Pickup 1997-2004 Club 6.5,P1,缓存精确继承,https://embargoed.stellantisnorthamerica.com/newsrelease.do?id=5590&mid=62
US,Dodge Dakota Pickup 1997-2004 Regular 6.5,P1,缓存精确继承,https://embargoed.stellantisnorthamerica.com/newsrelease.do?id=5590&mid=62
US,Dodge Dakota Pickup 2000-2004 Quad 5.25,P1,缓存精确继承,https://embargoed.stellantisnorthamerica.com/newsrelease.do?id=5590&mid=62
US,Dodge Dakota Pickup 2005-2011 Club 6.5,P1,缓存精确继承,https://embargoed.stellantisnorthamerica.com/newsrelease.do?id=5590&mid=62
US,Dodge Dakota Pickup 2005-2011 Quad 5.25,P1,缓存精确继承,https://embargoed.stellantisnorthamerica.com/newsrelease.do?id=5590&mid=62
US,Dodge Dart Sedan 2013-2016,SD1,缓存精确继承,https://blog.stellantisnorthamerica.com/2023/08/03/history-of-the-dodge-brand/
US,Dodge Daytona Hatchback 1984-1986,H0,缓存精确继承,https://blog.stellantisnorthamerica.com/2023/08/03/history-of-the-dodge-brand/
US,Dodge Daytona Hatchback 1987-1990,H0,缓存精确继承,https://blog.stellantisnorthamerica.com/2023/08/03/history-of-the-dodge-brand/
US,Dodge Daytona Hatchback 1991,H0,缓存精确继承,https://blog.stellantisnorthamerica.com/2023/08/03/history-of-the-dodge-brand/
US,Dodge Daytona Hatchback 1992-1993,H0,缓存精确继承,https://blog.stellantisnorthamerica.com/2023/08/03/history-of-the-dodge-brand/
US,Dodge Durango SRT/Hellcat SUV 2011-2026,SU1,缓存精确继承,https://embargoed.stellantisnorthamerica.com/newsrelease.do?id=26416&mid=5
US,Dodge Durango SUV 1998,SU2,缓存精确继承,https://blog.stellantisnorthamerica.com/2023/08/03/history-of-the-dodge-brand/
US,Dodge Durango SUV 1999-2001,SU2,缓存精确继承,https://blog.stellantisnorthamerica.com/2023/08/03/history-of-the-dodge-brand/
US,Dodge Durango SUV 2002-2003,SU2,缓存精确继承,https://blog.stellantisnorthamerica.com/2023/08/03/history-of-the-dodge-brand/
US,Dodge Durango SUV 2004-2009,SU2,缓存精确继承,https://blog.stellantisnorthamerica.com/2023/08/03/history-of-the-dodge-brand/
US,Dodge Hornet Crossover 2023-2025,SU1,缓存精确继承,https://embargoed.stellantisnorthamerica.com/newsrelease.do?id=26642&mid=1
US,Dodge Intrepid Sedan 1993-1997,SD1,缓存精确继承,https://blog.stellantisnorthamerica.com/2023/08/03/history-of-the-dodge-brand/
US,Dodge Intrepid Sedan 1998-2004,SD1,缓存精确继承,https://blog.stellantisnorthamerica.com/2023/08/03/history-of-the-dodge-brand/
US,Dodge Journey Crossover 2009-2020,SU1,缓存精确继承,https://embargoed.stellantisnorthamerica.com/newsrelease.do?fIId=20080&id=22132&mid=5
US,Dodge Journey SUV 2009-2020,SU1,缓存精确继承,https://embargoed.stellantisnorthamerica.com/newsrelease.do?fIId=20080&id=22132&mid=5
US,Dodge Magnum Wagon 2005-2008,H2,缓存精确继承,https://embargoed.stellantisnorthamerica.com/image-gallery.do?imageIds=%2C5456%2C5457%2C176%2C178%2C179&method=adhoc&mid=334&title=All-New+2005+Dodge+Magnum+-+The+Heart+and+Soul+of+a+Performance+Car
US,Dodge Neon Sedan 1995-1999,SD1,缓存精确继承,https://blog.stellantisnorthamerica.com/2023/08/03/history-of-the-dodge-brand/
US,Dodge Neon Sedan 2000-2005,SD1,缓存精确继承,https://blog.stellantisnorthamerica.com/2023/08/03/history-of-the-dodge-brand/
US,Dodge Nitro SUV 2007-2010,SU2,缓存精确继承,https://embargoed.stellantisnorthamerica.com/newsrelease.do?id=469&mid=81
US,Dodge Ramcharger 2WD SUV 1988-1990,SU2,缓存精确继承,https://blog.stellantisnorthamerica.com/2023/08/03/history-of-the-dodge-brand/
US,Dodge Ramcharger 2WD SUV 1991-1993,SU2,缓存精确继承,https://blog.stellantisnorthamerica.com/2023/08/03/history-of-the-dodge-brand/
US,Dodge Ramcharger 4WD SUV 1974,SU2,缓存精确继承,https://blog.stellantisnorthamerica.com/2023/08/03/history-of-the-dodge-brand/
US,Dodge Ramcharger 4WD SUV 1975,SU2,缓存精确继承,https://blog.stellantisnorthamerica.com/2023/08/03/history-of-the-dodge-brand/
US,Dodge Ramcharger 4WD SUV 1976-1977,SU2,缓存精确继承,https://blog.stellantisnorthamerica.com/2023/08/03/history-of-the-dodge-brand/
US,Dodge Ramcharger 4WD SUV 1978-1982,SU2,缓存精确继承,https://blog.stellantisnorthamerica.com/2023/08/03/history-of-the-dodge-brand/
US,Dodge Ramcharger 4WD SUV 1983-1987,SU2,缓存精确继承,https://blog.stellantisnorthamerica.com/2023/08/03/history-of-the-dodge-brand/
US,Dodge Ramcharger 4WD SUV 1988-1990,SU2,缓存精确继承,https://blog.stellantisnorthamerica.com/2023/08/03/history-of-the-dodge-brand/
US,Dodge Ramcharger 4WD SUV 1991-1993,SU2,缓存精确继承,https://blog.stellantisnorthamerica.com/2023/08/03/history-of-the-dodge-brand/
US,Dodge Stealth R/T Turbo Coupe 1991-1993,SD0,缓存精确继承,https://embargoed.stellantisnorthamerica.com/newsrelease.do?fIId=7193&id=6568&mid=4
US,Dodge Stealth R/T Turbo Coupe 1994,SD0,缓存精确继承,https://embargoed.stellantisnorthamerica.com/newsrelease.do?fIId=7193&id=6568&mid=4
US,Dodge Stealth R/T Turbo Coupe 1995-1996,SD0,缓存精确继承,https://embargoed.stellantisnorthamerica.com/newsrelease.do?fIId=7193&id=6568&mid=4
US,Dodge Stratus Sedan 1995,SD1,缓存精确继承,https://blog.stellantisnorthamerica.com/2023/08/03/history-of-the-dodge-brand/
US,Dodge Stratus Sedan 1996-1997,SD1,缓存精确继承,https://blog.stellantisnorthamerica.com/2023/08/03/history-of-the-dodge-brand/
US,Dodge Stratus Sedan 1998,SD1,缓存精确继承,https://blog.stellantisnorthamerica.com/2023/08/03/history-of-the-dodge-brand/
US,Dodge Stratus Sedan 1999,SD1,缓存精确继承,https://blog.stellantisnorthamerica.com/2023/08/03/history-of-the-dodge-brand/
US,Dodge Stratus Sedan 2000,SD1,缓存精确继承,https://blog.stellantisnorthamerica.com/2023/08/03/history-of-the-dodge-brand/
US,Dodge Stratus Sedan 2001-2006,SD1,缓存精确继承,https://blog.stellantisnorthamerica.com/2023/08/03/history-of-the-dodge-brand/
US,Dodge Viper ACR Coupe 2013-2017,SD0,缓存精确继承,https://blog.stellantisnorthamerica.com/2014/03/06/a-proper-end-to-a-vipers-school-days/
US,Dodge Viper Convertible 2001,SD0,缓存精确继承,https://blog.stellantisnorthamerica.com/2014/03/06/a-proper-end-to-a-vipers-school-days/
US,Dodge Viper Convertible 2003-2006,SD0,缓存精确继承,https://blog.stellantisnorthamerica.com/2014/03/06/a-proper-end-to-a-vipers-school-days/
US,Dodge Viper Coupe 1992-1999,SD0,缓存精确继承,https://blog.stellantisnorthamerica.com/2014/03/06/a-proper-end-to-a-vipers-school-days/
US,Dodge Viper Coupe 2000-2002,SD0,缓存精确继承,https://blog.stellantisnorthamerica.com/2014/03/06/a-proper-end-to-a-vipers-school-days/
US,Dodge Viper Coupe 2006,SD0,缓存精确继承,https://blog.stellantisnorthamerica.com/2014/03/06/a-proper-end-to-a-vipers-school-days/
US,Dodge Viper Coupe 2008-2010,SD0,缓存精确继承,https://blog.stellantisnorthamerica.com/2014/03/06/a-proper-end-to-a-vipers-school-days/
US,Dodge Viper Coupe 2013-2015,SD0,缓存精确继承,https://blog.stellantisnorthamerica.com/2014/03/06/a-proper-end-to-a-vipers-school-days/
US,Dodge Viper GTS Coupe 2013-2015,SD0,缓存精确继承,https://blog.stellantisnorthamerica.com/2014/03/06/a-proper-end-to-a-vipers-school-days/
US,Dodge Viper Roadster 2008-2010,SD0,缓存精确继承,https://blog.stellantisnorthamerica.com/2014/03/06/a-proper-end-to-a-vipers-school-days/
US,FIAT 500L Wagon 2014,V0,缓存精确继承,https://www.media.stellantis.com/uk-en/fiat/press/fiat-500l-500-goes-large-press-pack
US,FIAT 500L Wagon 2015,V0,缓存精确继承,https://www.media.stellantis.com/uk-en/fiat/press/fiat-500l-500-goes-large-press-pack
US,FIAT 500L Wagon 2016,V0,缓存精确继承,https://www.media.stellantis.com/uk-en/fiat/press/fiat-500l-500-goes-large-press-pack
US,FIAT 500L Wagon 2017,V0,缓存精确继承,https://www.media.stellantis.com/uk-en/fiat/press/fiat-500l-500-goes-large-press-pack
US,FIAT 500L Wagon 2018-2020,V0,缓存精确继承,https://www.media.stellantis.com/uk-en/fiat/press/fiat-500l-500-goes-large-press-pack
US,Fiat 124 Spider Abarth Convertible 2017-2020,SD0,缓存精确继承,https://www.media.stellantis.com/uploads/es/ES/2016/124_Spider_Catalogo_Caracteristicas_Tecnicas.PDF
US,Fiat 500 Abarth Convertible 2012-2019,H1,缓存精确继承,https://www.media.stellantis.com/uk-en/fiat/press/new-fiat-500-uk-pricing-and-specifications-announced
US,Fiat 500 Convertible 2012-2019,H1,缓存精确继承,https://www.media.stellantis.com/uk-en/fiat/press/new-fiat-500-uk-pricing-and-specifications-announced
US,Fiat 500 Hatchback 2012-2019,H1,缓存精确继承,https://www.media.stellantis.com/uk-en/fiat/press/new-fiat-500-uk-pricing-and-specifications-announced
US,Fiat 500X SUV 2016-2017,SU1,缓存精确继承,https://www.media.stellantis.com/uk-en/fiat/press/the-new-fiat-500x
US,Fiat 500X SUV 2018,SU1,缓存精确继承,https://www.media.stellantis.com/uk-en/fiat/press/the-new-fiat-500x
US,Fiat 500X SUV 2019-2023,SU1,缓存精确继承,https://www.media.stellantis.com/uk-en/fiat/press/the-new-fiat-500x
US,Ford Bronco 2dr SUV 1966-1977,JP,缓存精确继承,车形分类核定/cache/model_shape_cache.csv
US,Ford Bronco 2dr SUV 1978-1979,JP,缓存精确继承,车形分类核定/cache/model_shape_cache.csv
US,Ford Bronco 2dr SUV 1980-1986,JP,缓存精确继承,车形分类核定/cache/model_shape_cache.csv
US,Ford Bronco 2dr SUV 1987-1990,JP,缓存精确继承,车形分类核定/cache/model_shape_cache.csv
US,Ford Bronco 2dr SUV 1991,JP,缓存精确继承,车形分类核定/cache/model_shape_cache.csv
US,Ford Bronco 2dr SUV 1992-1996,JP,缓存精确继承,车形分类核定/cache/model_shape_cache.csv
US,Ford Bronco 2dr SUV 2022-2023,JP,缓存精确继承,车形分类核定/cache/model_shape_cache.csv
US,Ford Bronco 2dr SUV 2024-2025,JP,缓存精确继承,车形分类核定/cache/model_shape_cache.csv
US,Ford Bronco 2dr SUV 2026,JP,缓存精确继承,车形分类核定/cache/model_shape_cache.csv
US,Ford Bronco 4dr Raptor SUV 2022-2026,JP,缓存精确继承,车形分类核定/cache/model_shape_cache.csv
US,Ford Bronco 4dr SUV 2021-2026,JP,缓存精确继承,车形分类核定/cache/model_shape_cache.csv
US,Ford Bronco Sport 4dr Badlands SUV 2021-2024,SU2,缓存精确继承,车形分类核定/cache/model_shape_cache.csv
US,Ford Bronco Sport 4dr SUV 2021-2023,SU2,缓存精确继承,车形分类核定/cache/model_shape_cache.csv
US,Ford Bronco Sport 4dr SUV 2024-2026,SU2,缓存精确继承,车形分类核定/cache/model_shape_cache.csv
US,Ford C-MAX Hatchback 2013-2018,H1,缓存精确继承,https://media.ford.com/content/dam/fordmedia/North%20America/US/product/2017/c-max/17-CMAX-Hybrid.pdf
US,Ford C-MAX PHEV Hatchback 2013-2017,H1,缓存精确继承,https://media.ford.com/content/dam/fordmedia/North%20America/US/product/2017/c-max/17-CMAX-Hybrid.pdf
US,Ford Crown Victoria Sedan 1983-1987,SD2,缓存精确继承,https://www.fordheritagevault.com/
US,Ford Crown Victoria Sedan 1988,SD2,缓存精确继承,https://www.fordheritagevault.com/
US,Ford Crown Victoria Sedan 1992-1994,SD2,缓存精确继承,https://corporate.ford.com/articles/history/history-of-the-mercury-brand/
US,Ford Crown Victoria Sedan 1995-1996,SD2,缓存精确继承,https://corporate.ford.com/articles/history/history-of-the-mercury-brand/
US,Ford Crown Victoria Sedan 1997-2004,SD2,缓存精确继承,https://corporate.ford.com/articles/history/history-of-the-mercury-brand/
US,Ford Crown Victoria Sedan 2005,SD2,缓存精确继承,https://corporate.ford.com/articles/history/history-of-the-mercury-brand/
US,Ford Crown Victoria Sedan 2006,SD2,缓存精确继承,https://corporate.ford.com/articles/history/history-of-the-mercury-brand/
US,Ford Crown Victoria Sedan 2007,SD2,缓存精确继承,https://corporate.ford.com/articles/history/history-of-the-mercury-brand/
US,Ford Crown Victoria Sedan 2008-2011,SD2,缓存精确继承,https://corporate.ford.com/articles/history/history-of-the-mercury-brand/
US,Ford EcoSport SUV 2018-2022,SU1,缓存精确继承,https://media.ford.com/content/fordmedia/feu/fr/en/products/suv/EcoSport/ecosport.html
US,Ford Edge SUV 2007-2010,SU1,缓存精确继承,https://media.ford.com/content/fordmedia/feu/fr/en/products/suv/edge.html
US,Ford Edge SUV 2011-2014,SU1,缓存精确继承,https://media.ford.com/content/fordmedia/feu/fr/en/products/suv/edge.html
US,Ford Edge SUV 2015-2018,SU1,缓存精确继承,https://media.ford.com/content/fordmedia/feu/fr/en/products/suv/edge.html
US,Ford Edge SUV 2019-2024,SU1,缓存精确继承,https://media.ford.com/content/fordmedia/feu/fr/en/products/suv/edge.html
US,Ford Escape SUV 2001-2004,SU2,缓存精确继承,https://www.fordheritagevault.com/
US,Ford Escape SUV 2005-2007,SU2,缓存精确继承,https://www.fordheritagevault.com/
US,Ford Escape SUV 2008-2009,SU2,缓存精确继承,https://www.fordheritagevault.com/
US,Ford Escape SUV 2010,SU2,缓存精确继承,https://www.fordheritagevault.com/
US,Ford Escape SUV 2011-2012,SU2,缓存精确继承,https://www.fordheritagevault.com/
US,Ford Escape SUV 2013-2019,SU1,缓存精确继承,https://media.ford.com/content/fordmedia/fna/ca/en/news/2015/11/17/ford-launching-technology-packed-new-escape.html
US,Ford Escape SUV 2020-2022,SU1,缓存精确继承,https://media.ford.com/content/fordmedia/fna/ca/en/news/2015/11/17/ford-launching-technology-packed-new-escape.html
US,Ford Escape SUV 2023-2026,SU1,缓存精确继承,https://media.ford.com/content/fordmedia/fna/ca/en/news/2015/11/17/ford-launching-technology-packed-new-escape.html
US,Ford Escort Hatchback 1981-1990,H0,缓存精确继承,https://fordheritagevault.com/
US,Ford Escort Hatchback 1991-1996,H0,缓存精确继承,https://corporate.ford.com/about/history/company-timeline/
US,Ford Escort Sedan 1981-1990,SD1,缓存精确继承,https://fordheritagevault.com/
US,Ford Escort Sedan 1991-1996,SD1,缓存精确继承,https://corporate.ford.com/about/history/company-timeline/
US,Ford Escort Sedan 1997-1998,SD1,缓存精确继承,https://corporate.ford.com/about/history/company-timeline/
US,Ford Escort Sedan 1999,SD1,缓存精确继承,https://corporate.ford.com/about/history/company-timeline/
US,Ford Escort Sedan 2000-2002,SD1,缓存精确继承,https://corporate.ford.com/about/history/company-timeline/
US,Ford Escort Wagon 1981-1990,H3,缓存精确继承,https://fordheritagevault.com/
US,Ford Escort Wagon 1991-1996,H2,缓存精确继承,https://corporate.ford.com/about/history/company-timeline/
US,Ford Escort Wagon 1997-1999,H2,缓存精确继承,https://corporate.ford.com/about/history/company-timeline/
US,Ford Escort ZX2 Coupe 1998-2003,SD1,缓存精确继承,https://corporate.ford.com/about/history/company-timeline/
US,Ford Excursion SUV 2000-2005,SU2,缓存精确继承,https://www.fordheritagevault.com/
US,Ford Expedition EL SUV 2007-2014,SU2,缓存精确继承,车形分类核定/cache/model_shape_cache.csv
US,Ford Expedition EL SUV 2015-2017,SU2,缓存精确继承,车形分类核定/cache/model_shape_cache.csv
US,Ford Expedition MAX SUV 2018-2021,SU2,缓存精确继承,车形分类核定/cache/model_shape_cache.csv
US,Ford Expedition MAX SUV 2022,SU2,缓存精确继承,车形分类核定/cache/model_shape_cache.csv
US,Ford Expedition MAX SUV 2023-2024,SU2,缓存精确继承,车形分类核定/cache/model_shape_cache.csv
US,Ford Expedition MAX SUV 2025-2026,SU2,缓存精确继承,车形分类核定/cache/model_shape_cache.csv
US,Ford Expedition SUV 1997-2000,SU2,缓存精确继承,车形分类核定/cache/model_shape_cache.csv
US,Ford Expedition SUV 2001,SU2,缓存精确继承,车形分类核定/cache/model_shape_cache.csv
US,Ford Expedition SUV 2002,SU2,缓存精确继承,车形分类核定/cache/model_shape_cache.csv
US,Ford Expedition SUV 2003-2004,SU2,缓存精确继承,车形分类核定/cache/model_shape_cache.csv
US,Ford Expedition SUV 2005-2006,SU2,缓存精确继承,车形分类核定/cache/model_shape_cache.csv
US,Ford Expedition SUV 2007-2014,SU2,缓存精确继承,车形分类核定/cache/model_shape_cache.csv
US,Ford Expedition SUV 2015-2017,SU2,缓存精确继承,车形分类核定/cache/model_shape_cache.csv
US,Ford Expedition SUV 2018-2024,SU2,缓存精确继承,车形分类核定/cache/model_shape_cache.csv
US,Ford Expedition Tremor SUV 2025-2026,SU2,缓存精确继承,车形分类核定/cache/model_shape_cache.csv
US,Ford Explorer SUV 1991-1994,SU2,缓存精确继承,https://media.ford.com/content/fordmedia/img/za/en/news/2018/10/31/pioneering-excellence-and-a-storied-heritage-of-ruggedness--capa.html
US,Ford Explorer SUV 1995-1997,SU2,缓存精确继承,https://media.ford.com/content/fordmedia/img/za/en/news/2018/10/31/pioneering-excellence-and-a-storied-heritage-of-ruggedness--capa.html
US,Ford Explorer SUV 1998,SU2,缓存精确继承,https://media.ford.com/content/fordmedia/img/za/en/news/2018/10/31/pioneering-excellence-and-a-storied-heritage-of-ruggedness--capa.html
US,Ford Explorer SUV 1999-2000,SU2,缓存精确继承,https://media.ford.com/content/fordmedia/img/za/en/news/2018/10/31/pioneering-excellence-and-a-storied-heritage-of-ruggedness--capa.html
US,Ford Explorer SUV 2001,SU2,缓存精确继承,https://media.ford.com/content/fordmedia/img/za/en/news/2018/10/31/pioneering-excellence-and-a-storied-heritage-of-ruggedness--capa.html
US,Ford Explorer SUV 2002,SU2,缓存精确继承,https://media.ford.com/content/fordmedia/img/za/en/news/2018/10/31/pioneering-excellence-and-a-storied-heritage-of-ruggedness--capa.html
US,Ford Explorer SUV 2003-2005,SU2,缓存精确继承,https://media.ford.com/content/fordmedia/img/za/en/news/2018/10/31/pioneering-excellence-and-a-storied-heritage-of-ruggedness--capa.html
US,Ford Explorer SUV 2006,SU2,缓存精确继承,https://media.ford.com/content/fordmedia/img/za/en/news/2018/10/31/pioneering-excellence-and-a-storied-heritage-of-ruggedness--capa.html
US,Ford Explorer SUV 2007-2010,SU2,缓存精确继承,https://media.ford.com/content/fordmedia/img/za/en/news/2018/10/31/pioneering-excellence-and-a-storied-heritage-of-ruggedness--capa.html
US,Ford Explorer SUV 2011-2015,SU1,缓存精确继承,https://media.ford.com/content/fordmedia/fna/ca/en/news/2021/05/05/new-ford-explorer-timberline.html
US,Ford Explorer SUV 2016-2018,SU1,缓存精确继承,https://media.ford.com/content/fordmedia/fna/ca/en/news/2021/05/05/new-ford-explorer-timberline.html
US,Ford Explorer SUV 2020-2024,SU1,缓存精确继承,https://media.ford.com/content/fordmedia/fna/ca/en/news/2021/05/05/new-ford-explorer-timberline.html
US,Ford Explorer SUV 2025,SU1,缓存精确继承,https://media.ford.com/content/fordmedia/fna/ca/en/news/2021/05/05/new-ford-explorer-timberline.html
US,Ford Explorer Sport Trac Pickup 2001-2005 Crew 4.2,P1,缓存精确继承,https://www.fordheritagevault.com/
US,Ford Explorer Timberline SUV 2023-2024,SU1,缓存精确继承,https://media.ford.com/content/fordmedia/fna/ca/en/news/2021/05/05/new-ford-explorer-timberline.html
US,Ford F-100 Pickup 1953-1956 Regular 6.5,P1,缓存精确继承,https://www.fordheritagevault.com/
US,Ford F-100 Pickup 1956 Regular 8,P1,缓存精确继承,https://www.fordheritagevault.com/
US,Ford F-100 Pickup 1957-1960 Regular 6.5,P1,缓存精确继承,https://www.fordheritagevault.com/
US,Ford F-100 Pickup 1957-1960 Regular 8,P1,缓存精确继承,https://www.fordheritagevault.com/
US,Ford F-100 Pickup 1961-1964 Regular 6.5,P0,缓存精确继承,https://www.fordheritagevault.com/
US,Ford F-100 Pickup 1961-1964 Regular 8,P0,缓存精确继承,https://www.fordheritagevault.com/
US,Ford F-100 Pickup 1965-1966 Regular 6.5,P0,缓存精确继承,https://www.fordheritagevault.com/
US,Ford F-100 Pickup 1965-1966 Regular 8,P0,缓存精确继承,https://www.fordheritagevault.com/
US,Ford F-100 Pickup 1967 Regular 6.5,P0,缓存精确继承,https://www.fordheritagevault.com/
US,Ford F-100 Pickup 1967 Regular 8,P0,缓存精确继承,https://www.fordheritagevault.com/
US,Ford F-100 Pickup 1968-1972 Regular 6.5,P0,缓存精确继承,https://www.fordheritagevault.com/
US,Ford F-100 Pickup 1968-1972 Regular 8,P0,缓存精确继承,https://www.fordheritagevault.com/
US,Ford F-100 Pickup 1973-1979 Regular 6.8,P0,缓存精确继承,https://www.fordheritagevault.com/
US,Ford F-100 Pickup 1973-1979 Regular 8,P0,缓存精确继承,https://www.fordheritagevault.com/
US,Ford F-100 Pickup 1974-1979 SuperCab 6.8,P0,缓存精确继承,https://www.fordheritagevault.com/
US,Ford F-100 Pickup 1974-1979 SuperCab 8,P0,缓存精确继承,https://www.fordheritagevault.com/
US,Ford F-100 Pickup 1980-1983 Regular 6.8,P0,缓存精确继承,https://www.fordheritagevault.com/
US,Ford F-100 Pickup 1980-1983 Regular 8,P0,缓存精确继承,https://www.fordheritagevault.com/
US,Ford F-150 Lightning Pickup 2022-2025 SuperCrew 5.5,P0,缓存精确继承,车形分类核定/cache/model_shape_cache.csv
US,Ford F-150 Pickup 1992-1996 Regular 6.5,P0,缓存精确继承,车形分类核定/cache/model_shape_cache.csv
US,Ford F-150 Pickup 1992-1996 Regular 8,P0,缓存精确继承,车形分类核定/cache/model_shape_cache.csv
US,Ford F-150 Pickup 1992-1996 SuperCab 8,P0,缓存精确继承,车形分类核定/cache/model_shape_cache.csv
US,Ford F-150 Pickup 1994-1995 SuperCab 6.5,P0,缓存精确继承,车形分类核定/cache/model_shape_cache.csv
US,Ford F-150 Pickup 1997-1998 Regular 6.5,P0,缓存精确继承,车形分类核定/cache/model_shape_cache.csv
US,Ford F-150 Pickup 1997-1998 Regular 8,P0,缓存精确继承,车形分类核定/cache/model_shape_cache.csv
US,Ford F-150 Pickup 1997-1998 SuperCab 6.5,P0,缓存精确继承,车形分类核定/cache/model_shape_cache.csv
US,Ford F-150 Pickup 1997-1998 SuperCab 8,P0,缓存精确继承,车形分类核定/cache/model_shape_cache.csv
US,Ford F-150 Pickup 1999-2003 Regular 6.5,P0,缓存精确继承,车形分类核定/cache/model_shape_cache.csv
US,Ford F-150 Pickup 1999-2003 Regular 8,P0,缓存精确继承,车形分类核定/cache/model_shape_cache.csv
US,Ford F-150 Pickup 1999-2003 SuperCab 6.5,P0,缓存精确继承,车形分类核定/cache/model_shape_cache.csv
US,Ford F-150 Pickup 2001-2002 SuperCrew 5.5,P0,缓存精确继承,车形分类核定/cache/model_shape_cache.csv
US,Ford F-150 Pickup 2004-2008 Regular 6.5,P0,缓存精确继承,车形分类核定/cache/model_shape_cache.csv
US,Ford F-150 Pickup 2004-2008 Regular 8,P0,缓存精确继承,车形分类核定/cache/model_shape_cache.csv
US,Ford F-150 Pickup 2004-2008 SuperCab 6.5,P0,缓存精确继承,车形分类核定/cache/model_shape_cache.csv
US,Ford F-150 Pickup 2004-2008 SuperCrew 5.5,P0,缓存精确继承,车形分类核定/cache/model_shape_cache.csv
US,Ford F-150 Pickup 2009-2013 SuperCrew 5.5,P0,缓存精确继承,车形分类核定/cache/model_shape_cache.csv
US,Ford F-150 Pickup 2009-2014 Regular 6.5,P0,缓存精确继承,车形分类核定/cache/model_shape_cache.csv
US,Ford F-150 Pickup 2009-2014 Regular 8,P0,缓存精确继承,车形分类核定/cache/model_shape_cache.csv
US,Ford F-150 Pickup 2009-2014 SuperCab 6.5,P0,缓存精确继承,车形分类核定/cache/model_shape_cache.csv
US,Ford F-150 Pickup 2009-2014 SuperCab 8,P0,缓存精确继承,车形分类核定/cache/model_shape_cache.csv
US,Ford F-150 Pickup 2009-2014 SuperCrew 6.5,P0,缓存精确继承,车形分类核定/cache/model_shape_cache.csv
US,Ford F-150 Pickup 2015-2018 SuperCrew 5.5,P0,缓存精确继承,车形分类核定/cache/model_shape_cache.csv
US,Ford F-150 Pickup 2015-2020 Regular 6.5,P0,缓存精确继承,车形分类核定/cache/model_shape_cache.csv
US,Ford F-150 Pickup 2015-2020 Regular 8,P0,缓存精确继承,车形分类核定/cache/model_shape_cache.csv
US,Ford F-150 Pickup 2015-2020 SuperCab 6.5,P0,缓存精确继承,车形分类核定/cache/model_shape_cache.csv
US,Ford F-150 Pickup 2015-2020 SuperCab 8,P0,缓存精确继承,车形分类核定/cache/model_shape_cache.csv
US,Ford F-150 Pickup 2015-2020 SuperCrew 6.5,P0,缓存精确继承,车形分类核定/cache/model_shape_cache.csv
US,Ford F-150 Pickup 2021-2023 Regular 6.5,P0,缓存精确继承,车形分类核定/cache/model_shape_cache.csv
US,Ford F-150 Pickup 2021-2023 Regular 8,P0,缓存精确继承,车形分类核定/cache/model_shape_cache.csv
US,Ford F-150 Pickup 2021-2023 SuperCab 6.5,P0,缓存精确继承,车形分类核定/cache/model_shape_cache.csv
US,Ford F-150 Pickup 2021-2023 SuperCab 8,P0,缓存精确继承,车形分类核定/cache/model_shape_cache.csv
US,Ford F-150 Pickup 2021-2023 SuperCrew 5.5,P0,缓存精确继承,车形分类核定/cache/model_shape_cache.csv
US,Ford F-150 Pickup 2021-2023 SuperCrew 6.5,P0,缓存精确继承,车形分类核定/cache/model_shape_cache.csv
US,Ford F-150 Pickup 2024-2026 Regular 6.5,P0,缓存精确继承,车形分类核定/cache/model_shape_cache.csv
US,Ford F-150 Pickup 2024-2026 Regular 8,P0,缓存精确继承,车形分类核定/cache/model_shape_cache.csv
US,Ford F-150 Pickup 2024-2026 SuperCab 6.5,P0,缓存精确继承,车形分类核定/cache/model_shape_cache.csv
US,Ford F-150 Pickup 2024-2026 SuperCrew 5.5,P0,缓存精确继承,车形分类核定/cache/model_shape_cache.csv
US,Ford F-150 Pickup 2024-2026 SuperCrew 6.5,P0,缓存精确继承,车形分类核定/cache/model_shape_cache.csv
US,Ford F-150 Raptor Pickup 2010-2014 SuperCab 5.5,P2,缓存精确继承,车形分类核定/cache/model_shape_cache.csv
US,Ford F-150 Raptor Pickup 2011-2014 SuperCrew 5.5,P2,缓存精确继承,车形分类核定/cache/model_shape_cache.csv
US,Ford F-150 Raptor Pickup 2017-2020 SuperCab 5.5,P2,缓存精确继承,车形分类核定/cache/model_shape_cache.csv
US,Ford F-150 Raptor Pickup 2017-2020 SuperCrew 5.5,P2,缓存精确继承,车形分类核定/cache/model_shape_cache.csv
US,Ford F-150 Raptor Pickup 2021-2026 SuperCrew 5.5,P2,缓存精确继承,车形分类核定/cache/model_shape_cache.csv
US,Ford F-150 Raptor R Pickup 2023-2026 SuperCrew 5.5,P2,缓存精确继承,车形分类核定/cache/model_shape_cache.csv
US,Ford F-150 Tremor Pickup 2021-2026 SuperCrew 5.5,P0,缓存精确继承,车形分类核定/cache/model_shape_cache.csv
US,Ford F-250/F-350 Super Duty Pickup 1999-2000 SuperCab 8,P1,缓存精确继承,https://media.ford.com/content/dam/fordmedia/North%20America/CA/2022/01/2023%20Super%20Duty%20Specs%20FINAL%20CDN.pdf
US,Ford F-250/F-350 Super Duty Pickup 1999-2007 Crew 6.8,P1,缓存精确继承,https://media.ford.com/content/dam/fordmedia/North%20America/CA/2022/01/2023%20Super%20Duty%20Specs%20FINAL%20CDN.pdf
US,Ford F-250/F-350 Super Duty Pickup 1999-2007 Crew 8,P1,缓存精确继承,https://media.ford.com/content/dam/fordmedia/North%20America/CA/2022/01/2023%20Super%20Duty%20Specs%20FINAL%20CDN.pdf
US,Ford F-250/F-350 Super Duty Pickup 1999-2007 Regular 8,P1,缓存精确继承,https://media.ford.com/content/dam/fordmedia/North%20America/CA/2022/01/2023%20Super%20Duty%20Specs%20FINAL%20CDN.pdf
US,Ford F-250/F-350 Super Duty Pickup 1999-2007 SuperCab 6.8,P1,缓存精确继承,https://media.ford.com/content/dam/fordmedia/North%20America/CA/2022/01/2023%20Super%20Duty%20Specs%20FINAL%20CDN.pdf
US,Ford F-250/F-350 Super Duty Pickup 2001-2004 SuperCab 8,P1,缓存精确继承,https://media.ford.com/content/dam/fordmedia/North%20America/CA/2022/01/2023%20Super%20Duty%20Specs%20FINAL%20CDN.pdf
US,Ford F-250/F-350 Super Duty Pickup 2005-2007 SuperCab 8,P1,缓存精确继承,https://media.ford.com/content/dam/fordmedia/North%20America/CA/2022/01/2023%20Super%20Duty%20Specs%20FINAL%20CDN.pdf
US,Ford F-250/F-350 Super Duty Pickup 2008-2010 Crew 6.8,P1,缓存精确继承,https://media.ford.com/content/dam/fordmedia/North%20America/CA/2022/01/2023%20Super%20Duty%20Specs%20FINAL%20CDN.pdf
US,Ford F-250/F-350 Super Duty Pickup 2008-2010 Crew 8,P1,缓存精确继承,https://media.ford.com/content/dam/fordmedia/North%20America/CA/2022/01/2023%20Super%20Duty%20Specs%20FINAL%20CDN.pdf
US,Ford F-250/F-350 Super Duty Pickup 2008-2010 Regular 8,P1,缓存精确继承,https://media.ford.com/content/dam/fordmedia/North%20America/CA/2022/01/2023%20Super%20Duty%20Specs%20FINAL%20CDN.pdf
US,Ford F-250/F-350 Super Duty Pickup 2008-2010 SuperCab 6.8,P1,缓存精确继承,https://media.ford.com/content/dam/fordmedia/North%20America/CA/2022/01/2023%20Super%20Duty%20Specs%20FINAL%20CDN.pdf
US,Ford F-250/F-350 Super Duty Pickup 2008-2010 SuperCab 8,P1,缓存精确继承,https://media.ford.com/content/dam/fordmedia/North%20America/CA/2022/01/2023%20Super%20Duty%20Specs%20FINAL%20CDN.pdf
US,Ford F-250/F-350 Super Duty Pickup 2011-2016 Crew 6.8,P1,缓存精确继承,https://media.ford.com/content/dam/fordmedia/North%20America/CA/2022/01/2023%20Super%20Duty%20Specs%20FINAL%20CDN.pdf
US,Ford F-250/F-350 Super Duty Pickup 2011-2016 Crew 8,P1,缓存精确继承,https://media.ford.com/content/dam/fordmedia/North%20America/CA/2022/01/2023%20Super%20Duty%20Specs%20FINAL%20CDN.pdf
US,Ford F-250/F-350 Super Duty Pickup 2011-2016 Regular 8,P1,缓存精确继承,https://media.ford.com/content/dam/fordmedia/North%20America/CA/2022/01/2023%20Super%20Duty%20Specs%20FINAL%20CDN.pdf
US,Ford F-250/F-350 Super Duty Pickup 2011-2016 SuperCab 6.8,P1,缓存精确继承,https://media.ford.com/content/dam/fordmedia/North%20America/CA/2022/01/2023%20Super%20Duty%20Specs%20FINAL%20CDN.pdf
US,Ford F-250/F-350 Super Duty Pickup 2011-2016 SuperCab 8,P1,缓存精确继承,https://media.ford.com/content/dam/fordmedia/North%20America/CA/2022/01/2023%20Super%20Duty%20Specs%20FINAL%20CDN.pdf
US,Ford F-250/F-350 Super Duty Pickup 2017-2022 Crew 6.8,P1,缓存精确继承,https://media.ford.com/content/dam/fordmedia/North%20America/CA/2022/01/2023%20Super%20Duty%20Specs%20FINAL%20CDN.pdf
US,Ford F-250/F-350 Super Duty Pickup 2017-2022 Crew 8,P1,缓存精确继承,https://media.ford.com/content/dam/fordmedia/North%20America/CA/2022/01/2023%20Super%20Duty%20Specs%20FINAL%20CDN.pdf
US,Ford F-250/F-350 Super Duty Pickup 2017-2022 Regular 8,P1,缓存精确继承,https://media.ford.com/content/dam/fordmedia/North%20America/CA/2022/01/2023%20Super%20Duty%20Specs%20FINAL%20CDN.pdf
US,Ford F-250/F-350 Super Duty Pickup 2017-2022 SuperCab 6.8,P1,缓存精确继承,https://media.ford.com/content/dam/fordmedia/North%20America/CA/2022/01/2023%20Super%20Duty%20Specs%20FINAL%20CDN.pdf
US,Ford F-250/F-350 Super Duty Pickup 2017-2022 SuperCab 8,P1,缓存精确继承,https://media.ford.com/content/dam/fordmedia/North%20America/CA/2022/01/2023%20Super%20Duty%20Specs%20FINAL%20CDN.pdf
US,Ford F-250/F-350 Super Duty Pickup 2023-2026 Crew 6.8,P1,缓存精确继承,https://media.ford.com/content/dam/fordmedia/North%20America/CA/2022/01/2023%20Super%20Duty%20Specs%20FINAL%20CDN.pdf
US,Ford F-250/F-350 Super Duty Pickup 2023-2026 Crew 8,P1,缓存精确继承,https://media.ford.com/content/dam/fordmedia/North%20America/CA/2022/01/2023%20Super%20Duty%20Specs%20FINAL%20CDN.pdf
US,Ford F-250/F-350 Super Duty Pickup 2023-2026 Regular 8,P1,缓存精确继承,https://media.ford.com/content/dam/fordmedia/North%20America/CA/2022/01/2023%20Super%20Duty%20Specs%20FINAL%20CDN.pdf
US,Ford F-250/F-350 Super Duty Pickup 2023-2026 SuperCab 6.8,P1,缓存精确继承,https://media.ford.com/content/dam/fordmedia/North%20America/CA/2022/01/2023%20Super%20Duty%20Specs%20FINAL%20CDN.pdf
US,Ford F-250/F-350 Super Duty Pickup 2023-2026 SuperCab 8,P1,缓存精确继承,https://media.ford.com/content/dam/fordmedia/North%20America/CA/2022/01/2023%20Super%20Duty%20Specs%20FINAL%20CDN.pdf
US,Ford F-350 Super Duty DRW Pickup 1999-2004 Crew 8,DUAL,缓存精确继承,https://media.ford.com/content/dam/fordmedia/North%20America/CA/2022/01/2023%20Super%20Duty%20Specs%20FINAL%20CDN.pdf
US,Ford F-350 Super Duty DRW Pickup 1999-2007 Regular 8,DUAL,缓存精确继承,https://media.ford.com/content/dam/fordmedia/North%20America/CA/2022/01/2023%20Super%20Duty%20Specs%20FINAL%20CDN.pdf
US,Ford F-350 Super Duty DRW Pickup 2005 Crew 8,DUAL,缓存精确继承,https://media.ford.com/content/dam/fordmedia/North%20America/CA/2022/01/2023%20Super%20Duty%20Specs%20FINAL%20CDN.pdf
US,Ford F-350 Super Duty DRW Pickup 2006-2007 Crew 8,DUAL,缓存精确继承,https://media.ford.com/content/dam/fordmedia/North%20America/CA/2022/01/2023%20Super%20Duty%20Specs%20FINAL%20CDN.pdf
US,Ford F-350 Super Duty DRW Pickup 2008-2010 Crew 8,DUAL,缓存精确继承,https://media.ford.com/content/dam/fordmedia/North%20America/CA/2022/01/2023%20Super%20Duty%20Specs%20FINAL%20CDN.pdf
US,Ford F-350 Super Duty DRW Pickup 2008-2010 Regular 8,DUAL,缓存精确继承,https://media.ford.com/content/dam/fordmedia/North%20America/CA/2022/01/2023%20Super%20Duty%20Specs%20FINAL%20CDN.pdf
US,Ford F-350 Super Duty DRW Pickup 2011-2016 Crew 8,DUAL,缓存精确继承,https://media.ford.com/content/dam/fordmedia/North%20America/CA/2022/01/2023%20Super%20Duty%20Specs%20FINAL%20CDN.pdf
US,Ford F-350 Super Duty DRW Pickup 2011-2016 Regular 8,DUAL,缓存精确继承,https://media.ford.com/content/dam/fordmedia/North%20America/CA/2022/01/2023%20Super%20Duty%20Specs%20FINAL%20CDN.pdf
US,Ford F-350 Super Duty DRW Pickup 2017-2019 Crew 8,DUAL,缓存精确继承,https://media.ford.com/content/dam/fordmedia/North%20America/CA/2022/01/2023%20Super%20Duty%20Specs%20FINAL%20CDN.pdf
US,Ford F-350 Super Duty DRW Pickup 2017-2022 Regular 8,DUAL,缓存精确继承,https://media.ford.com/content/dam/fordmedia/North%20America/CA/2022/01/2023%20Super%20Duty%20Specs%20FINAL%20CDN.pdf
US,Ford F-350 Super Duty DRW Pickup 2020-2022 Crew 8,DUAL,缓存精确继承,https://media.ford.com/content/dam/fordmedia/North%20America/CA/2022/01/2023%20Super%20Duty%20Specs%20FINAL%20CDN.pdf
US,Ford F-350 Super Duty DRW Pickup 2023-2026 Crew 8,DUAL,缓存精确继承,https://media.ford.com/content/dam/fordmedia/North%20America/CA/2022/01/2023%20Super%20Duty%20Specs%20FINAL%20CDN.pdf
US,Ford F-350 Super Duty DRW Pickup 2023-2026 Regular 8,DUAL,缓存精确继承,https://media.ford.com/content/dam/fordmedia/North%20America/CA/2022/01/2023%20Super%20Duty%20Specs%20FINAL%20CDN.pdf
US,Ford Fiesta Hatchback 2011,H0,缓存精确继承,https://media.ford.com/content/dam/fordmedia/North%20America/US/2015_Specs/2015_Fiesta_Specs.pdf
US,Ford Fiesta Hatchback 2012-2013,H0,缓存精确继承,https://media.ford.com/content/dam/fordmedia/North%20America/US/2015_Specs/2015_Fiesta_Specs.pdf
US,Ford Fiesta ST Hatchback 2014-2017,H0,缓存精确继承,https://media.ford.com/content/dam/fordmedia/North%20America/US/2015_Specs/2015_Fiesta_Specs.pdf
US,Ford Fiesta ST Hatchback 2018-2019,H0,缓存精确继承,https://media.ford.com/content/dam/fordmedia/North%20America/US/2015_Specs/2015_Fiesta_Specs.pdf
US,Ford Fiesta Sedan 2011,SD1,缓存精确继承,https://media.ford.com/content/dam/fordmedia/North%20America/US/2015_Specs/2015_Fiesta_Specs.pdf
US,Ford Fiesta Sedan 2012-2019,SD1,缓存精确继承,https://media.ford.com/content/dam/fordmedia/North%20America/US/2015_Specs/2015_Fiesta_Specs.pdf
US,Ford Five Hundred Sedan 2005-2007,SD1,缓存精确继承,https://www.fordheritagevault.com/
US,Ford Flex Crossover 2009-2019,SU2,缓存精确继承,https://media.ford.com/content/fordmedia/img/me/en/news/2016/10/23/millennials-and-global-demand-drive-fords-continued-suv-lineup-g.html
US,Ford Focus Coupe 2008-2011,SD1,缓存精确继承,https://media.ford.com/content/fordmedia/fap/en/products/cars/focus.html
US,Ford Focus Hatchback 2012-2018,H0,缓存精确继承,https://media.ford.com/content/fordmedia/fap/en/products/cars/focus.html
US,Ford Focus RS Hatchback 2016-2018,H0,缓存精确继承,https://media.ford.com/content/fordmedia/fap/en/products/cars/focus.html
US,Ford Focus Sedan 2000-2004,SD1,缓存精确继承,https://media.ford.com/content/fordmedia/fap/en/products/cars/focus.html
US,Ford Focus Sedan 2005-2007,SD1,缓存精确继承,https://media.ford.com/content/fordmedia/fap/en/products/cars/focus.html
US,Ford Focus Sedan 2008-2011,SD1,缓存精确继承,https://media.ford.com/content/fordmedia/fap/en/products/cars/focus.html
US,Ford Focus Sedan 2012-2017,SD1,缓存精确继承,https://media.ford.com/content/fordmedia/fap/en/products/cars/focus.html
US,Ford Focus Sedan 2018,SD1,缓存精确继承,https://media.ford.com/content/fordmedia/fap/en/products/cars/focus.html
US,Ford Focus Wagon 2000,H2,缓存精确继承,https://media.ford.com/content/fordmedia/fap/en/products/cars/focus.html
US,Ford Focus Wagon 2001-2004,H2,缓存精确继承,https://media.ford.com/content/fordmedia/fap/en/products/cars/focus.html
US,Ford Focus Wagon 2005-2007,H2,缓存精确继承,https://media.ford.com/content/fordmedia/fap/en/products/cars/focus.html
US,Ford Focus ZX3/ZX5 Hatchback 2000-2002,H0,缓存精确继承,https://media.ford.com/content/fordmedia/fap/en/products/cars/focus.html
US,Ford Focus ZX3/ZX5 Hatchback 2003-2004,H0,缓存精确继承,https://media.ford.com/content/fordmedia/fap/en/products/cars/focus.html
US,Ford Focus ZX3/ZX5 Hatchback 2005-2007,H0,缓存精确继承,https://media.ford.com/content/fordmedia/fap/en/products/cars/focus.html
US,Ford Freestyle Crossover 2005-2007,H2,缓存精确继承,https://www.fordheritagevault.com/
US,Ford Fusion Sedan 2006-2009,SD1,缓存精确继承,https://media.ford.com/content/fordmedia/fna/ca/en/news/2018/03/23/sleeker-smarter-2019-ford-fusion.html
US,Ford Fusion Sedan 2010-2012,SD1,缓存精确继承,https://media.ford.com/content/fordmedia/fna/ca/en/news/2018/03/23/sleeker-smarter-2019-ford-fusion.html
US,Ford Fusion Sedan 2013-2020,SD1,缓存精确继承,https://media.ford.com/content/fordmedia/fna/ca/en/news/2018/03/23/sleeker-smarter-2019-ford-fusion.html
US,Ford GT Coupe 2005-2006,SD0,缓存精确继承,https://media.ford.com/content/dam/fordmedia/Europe/en/2017/05/gt_technical_specs_EU.PDF
US,Ford GT Coupe 2017-2022,SD0,缓存精确继承,https://media.ford.com/content/dam/fordmedia/Europe/en/2017/05/gt_technical_specs_EU.PDF
US,Ford Maverick Lobo Pickup 2025-2026 SuperCrew 4.5,P1,缓存精确继承,https://media.ford.com/content/fordmedia/fsa/ar/es/news/2025/4/nueva-maverick--mas-versiones--mas-tecnologia-y-desempeno-todote.html
US,Ford Maverick Pickup 2022-2026 SuperCrew 4.5,P1,缓存精确继承,https://media.ford.com/content/fordmedia/fsa/ar/es/news/2025/4/nueva-maverick--mas-versiones--mas-tecnologia-y-desempeno-todote.html
US,Ford Maverick Tremor Pickup 2023-2026 SuperCrew 4.5,P1,缓存精确继承,https://media.ford.com/content/fordmedia/fsa/ar/es/news/2025/4/nueva-maverick--mas-versiones--mas-tecnologia-y-desempeno-todote.html
US,Ford Mustang Convertible 1965-1966,SD0,缓存精确继承,车形分类核定/cache/model_shape_cache.csv
US,Ford Mustang Convertible 1967-1968,SD0,缓存精确继承,车形分类核定/cache/model_shape_cache.csv
US,Ford Mustang Convertible 1969,SD0,缓存精确继承,车形分类核定/cache/model_shape_cache.csv
US,Ford Mustang Convertible 1970,SD0,缓存精确继承,车形分类核定/cache/model_shape_cache.csv
US,Ford Mustang Convertible 1971-1972,SD0,缓存精确继承,车形分类核定/cache/model_shape_cache.csv
US,Ford Mustang Convertible 1973,SD0,缓存精确继承,车形分类核定/cache/model_shape_cache.csv
US,Ford Mustang Convertible 1987-1993,SD0,缓存精确继承,车形分类核定/cache/model_shape_cache.csv
US,Ford Mustang Convertible 1994-1998,SD0,缓存精确继承,车形分类核定/cache/model_shape_cache.csv
US,Ford Mustang Convertible 1999-2004,SD0,缓存精确继承,车形分类核定/cache/model_shape_cache.csv
US,Ford Mustang Convertible 2005,SD0,缓存精确继承,车形分类核定/cache/model_shape_cache.csv
US,Ford Mustang Convertible 2006-2007,SD0,缓存精确继承,车形分类核定/cache/model_shape_cache.csv
US,Ford Mustang Convertible 2008,SD0,缓存精确继承,车形分类核定/cache/model_shape_cache.csv
US,Ford Mustang Convertible 2009,SD0,缓存精确继承,车形分类核定/cache/model_shape_cache.csv
US,Ford Mustang Convertible 2010-2012,SD0,缓存精确继承,车形分类核定/cache/model_shape_cache.csv
US,Ford Mustang Convertible 2013,SD0,缓存精确继承,车形分类核定/cache/model_shape_cache.csv
US,Ford Mustang Convertible 2014,SD0,缓存精确继承,车形分类核定/cache/model_shape_cache.csv
US,Ford Mustang Convertible 2015-2020,SD0,缓存精确继承,车形分类核定/cache/model_shape_cache.csv
US,Ford Mustang Convertible 2021-2023,SD0,缓存精确继承,车形分类核定/cache/model_shape_cache.csv
US,Ford Mustang Convertible 2024-2026,SD0,缓存精确继承,车形分类核定/cache/model_shape_cache.csv
US,Ford Mustang Coupe 1965-1966,SD0,缓存精确继承,车形分类核定/cache/model_shape_cache.csv
US,Ford Mustang Coupe 1967-1968,SD0,缓存精确继承,车形分类核定/cache/model_shape_cache.csv
US,Ford Mustang Coupe 1971-1972,SD0,缓存精确继承,车形分类核定/cache/model_shape_cache.csv
US,Ford Mustang Coupe 1973,SD0,缓存精确继承,车形分类核定/cache/model_shape_cache.csv
US,Ford Mustang Coupe 1974-1978,SD0,缓存精确继承,车形分类核定/cache/model_shape_cache.csv
US,Ford Mustang Coupe 1979-1986,SD0,缓存精确继承,车形分类核定/cache/model_shape_cache.csv
US,Ford Mustang Coupe 1994-1998,SD0,缓存精确继承,车形分类核定/cache/model_shape_cache.csv
US,Ford Mustang Coupe 1999-2004,SD0,缓存精确继承,车形分类核定/cache/model_shape_cache.csv
US,Ford Mustang Coupe 2005,SD0,缓存精确继承,车形分类核定/cache/model_shape_cache.csv
US,Ford Mustang Coupe 2006-2007,SD0,缓存精确继承,车形分类核定/cache/model_shape_cache.csv
US,Ford Mustang Coupe 2008,SD0,缓存精确继承,车形分类核定/cache/model_shape_cache.csv
US,Ford Mustang Coupe 2009,SD0,缓存精确继承,车形分类核定/cache/model_shape_cache.csv
US,Ford Mustang Coupe 2010-2011,SD0,缓存精确继承,车形分类核定/cache/model_shape_cache.csv
US,Ford Mustang Coupe 2012-2013,SD0,缓存精确继承,车形分类核定/cache/model_shape_cache.csv
US,Ford Mustang Coupe 2014,SD0,缓存精确继承,车形分类核定/cache/model_shape_cache.csv
US,Ford Mustang Coupe 2015-2020,SD0,缓存精确继承,车形分类核定/cache/model_shape_cache.csv
US,Ford Mustang Coupe 2021-2023,SD0,缓存精确继承,车形分类核定/cache/model_shape_cache.csv
US,Ford Mustang Coupe 2024-2026,SD0,缓存精确继承,车形分类核定/cache/model_shape_cache.csv
US,Ford Mustang Dark Horse Coupe 2024-2026,SD0,缓存精确继承,车形分类核定/cache/model_shape_cache.csv
US,Ford Mustang Fastback 1967-1968,SD0,缓存精确继承,车形分类核定/cache/model_shape_cache.csv
US,Ford Mustang Fastback 1969,SD0,缓存精确继承,车形分类核定/cache/model_shape_cache.csv
US,Ford Mustang Fastback 1970,SD0,缓存精确继承,车形分类核定/cache/model_shape_cache.csv
US,Ford Mustang Fastback 1971-1972,SD0,缓存精确继承,车形分类核定/cache/model_shape_cache.csv
US,Ford Mustang Fastback 1973,SD0,缓存精确继承,车形分类核定/cache/model_shape_cache.csv
US,Ford Mustang Hardtop Coupe 1969,SD0,缓存精确继承,车形分类核定/cache/model_shape_cache.csv
US,Ford Mustang Hatchback 1974-1978,SD0,缓存精确继承,车形分类核定/cache/model_shape_cache.csv
US,Ford Mustang Hatchback 1979-1986,SD0,缓存精确继承,车形分类核定/cache/model_shape_cache.csv
US,Ford Mustang Hatchback 1987-1993,SD0,缓存精确继承,车形分类核定/cache/model_shape_cache.csv
US,Ford Mustang Mach 1 Coupe 2003-2004,SD0,缓存精确继承,车形分类核定/cache/model_shape_cache.csv
US,Ford Mustang Mach-E Rally Crossover 2024-2026,SU0,缓存精确继承,https://media.ford.com/content/fordmedia/fsa/ar/es/news/2023/10/potente--tecnologico-y-electrico--asi-es-el-nuevo-mustang-mach-e.html
US,Ford Mustang Mach-E SUV 2021-2022,SU0,缓存精确继承,https://media.ford.com/content/fordmedia/fsa/ar/es/news/2023/10/potente--tecnologico-y-electrico--asi-es-el-nuevo-mustang-mach-e.html
US,Ford Mustang Mach-E SUV 2023-2025,SU0,缓存精确继承,https://media.ford.com/content/fordmedia/fsa/ar/es/news/2023/10/potente--tecnologico-y-electrico--asi-es-el-nuevo-mustang-mach-e.html
US,Ford Mustang Mach-E SUV 2026,SU0,缓存精确继承,https://media.ford.com/content/fordmedia/fsa/ar/es/news/2023/10/potente--tecnologico-y-electrico--asi-es-el-nuevo-mustang-mach-e.html
US,Ford Mustang Notchback Coupe 1987-1993,SD0,缓存精确继承,车形分类核定/cache/model_shape_cache.csv
US,Ford Mustang SVO Coupe 1984,SD0,缓存精确继承,车形分类核定/cache/model_shape_cache.csv
US,Ford Mustang SVO Coupe 1985-1986,SD0,缓存精确继承,车形分类核定/cache/model_shape_cache.csv
US,Ford Mustang SVT Cobra Coupe 2003-2004,SD0,缓存精确继承,车形分类核定/cache/model_shape_cache.csv
US,Ford Mustang SportsRoof Coupe 1969,SD0,缓存精确继承,车形分类核定/cache/model_shape_cache.csv
US,Ford Ranger Pickup 1993-1997 Regular 6,P1,缓存精确继承,车形分类核定/cache/model_shape_cache.csv
US,Ford Ranger Pickup 1993-1997 SuperCab 6,P1,缓存精确继承,车形分类核定/cache/model_shape_cache.csv
US,Ford Ranger Pickup 1998-2011 Regular 6,P1,缓存精确继承,车形分类核定/cache/model_shape_cache.csv
US,Ford Ranger Pickup 1998-2011 SuperCab 6,P1,缓存精确继承,车形分类核定/cache/model_shape_cache.csv
US,Ford Ranger Pickup 1998-2011 SuperCab 7,P1,缓存精确继承,车形分类核定/cache/model_shape_cache.csv
US,Ford Ranger Pickup 2019-2023 SuperCrew 5,P1,缓存精确继承,车形分类核定/cache/model_shape_cache.csv
US,Ford Ranger Pickup 2024-2026 SuperCrew 5,P1,缓存精确继承,车形分类核定/cache/model_shape_cache.csv
US,Ford Ranger Raptor Pickup 2024-2026 SuperCrew 5,P2,缓存精确继承,车形分类核定/cache/model_shape_cache.csv
US,Ford Taurus SHO Sedan 2010-2019,SD1,缓存精确继承,https://www.fordheritagevault.com/
US,Ford Taurus Sedan 1986-1991,SD1,缓存精确继承,https://www.fordheritagevault.com/
US,Ford Taurus Sedan 1992-1995,SD1,缓存精确继承,https://www.fordheritagevault.com/
US,Ford Taurus Sedan 1996-1999,SD1,缓存精确继承,https://www.fordheritagevault.com/
US,Ford Taurus Sedan 2000-2007,SD1,缓存精确继承,https://www.fordheritagevault.com/
US,Ford Taurus Sedan 2008-2009,SD1,缓存精确继承,https://www.fordheritagevault.com/
US,Ford Taurus Wagon 1986-1991,H2,缓存精确继承,https://www.fordheritagevault.com/
US,Ford Taurus Wagon 1992-1995,H2,缓存精确继承,https://www.fordheritagevault.com/
US,Ford Taurus Wagon 1996,H2,缓存精确继承,https://www.fordheritagevault.com/
US,Ford Taurus Wagon 1997-1999,H2,缓存精确继承,https://www.fordheritagevault.com/
US,Ford Taurus Wagon 2000-2005,H2,缓存精确继承,https://www.fordheritagevault.com/
US,Ford Thunderbird 2dr Hardtop/Landau Coupe 1967-1969,SD2,缓存精确继承,https://www.fordheritagevault.com/
US,Ford Thunderbird 2dr Hardtop/Landau Coupe 1970-1971,SD2,缓存精确继承,https://www.fordheritagevault.com/
US,Ford Thunderbird 4dr Landau Sedan 1967-1969,SD2,缓存精确继承,https://www.fordheritagevault.com/
US,Ford Thunderbird 4dr Landau Sedan 1970-1971,SD2,缓存精确继承,https://www.fordheritagevault.com/
US,Ford Thunderbird Convertible 1955,SD0,缓存精确继承,https://www.fordheritagevault.com/
US,Ford Thunderbird Convertible 1956,SD0,缓存精确继承,https://www.fordheritagevault.com/
US,Ford Thunderbird Convertible 1957,SD0,缓存精确继承,https://www.fordheritagevault.com/
US,Ford Thunderbird Convertible 1958-1960,SD2,缓存精确继承,https://www.fordheritagevault.com/
US,Ford Thunderbird Convertible 1961-1963,SD2,缓存精确继承,https://www.fordheritagevault.com/
US,Ford Thunderbird Convertible 1964-1966,SD2,缓存精确继承,https://www.fordheritagevault.com/
US,Ford Thunderbird Coupe 1958-1960,SD2,缓存精确继承,https://www.fordheritagevault.com/
US,Ford Thunderbird Coupe 1961-1963,SD2,缓存精确继承,https://www.fordheritagevault.com/
US,Ford Thunderbird Coupe 1964-1966,SD2,缓存精确继承,https://www.fordheritagevault.com/
US,Ford Thunderbird Coupe 1972-1976,SD2,缓存精确继承,https://fordheritagevault.com/
US,Ford Thunderbird Coupe 1977-1979,SD2,缓存精确继承,https://fordheritagevault.com/
US,Ford Thunderbird Coupe 1980-1982,SD2,缓存精确继承,https://fordheritagevault.com/
US,Ford Thunderbird Coupe 1983-1986,SD0,缓存精确继承,https://www.fordheritagevault.com/
US,Ford Thunderbird Coupe 1989-1993,SD0,缓存精确继承,https://www.fordheritagevault.com/
US,Ford Thunderbird Coupe 1996-1997,SD0,缓存精确继承,https://www.fordheritagevault.com/
US,Ford Thunderbird Coupe 2002-2005,SD0,缓存精确继承,https://www.fordheritagevault.com/
US,GMC Acadia Limited SUV 2017,SU1,缓存精确继承,https://news.gmc.com/newsroom.detail.html/Pages/news/us/en/2023/sep/0913-acadia.html
US,GMC Acadia SUV 2007-2016,SU1,缓存精确继承,https://news.gmc.com/newsroom.detail.html/Pages/news/us/en/2023/sep/0913-acadia.html
US,GMC Acadia SUV 2017-2020,SU1,缓存精确继承,https://news.gmc.com/newsroom.detail.html/Pages/news/us/en/2023/sep/0913-acadia.html
US,GMC Acadia SUV 2021-2023,SU1,缓存精确继承,https://news.gmc.com/newsroom.detail.html/Pages/news/us/en/2023/sep/0913-acadia.html
US,GMC Acadia SUV 2024-2026,SU1,缓存精确继承,https://news.gmc.com/newsroom.detail.html/Pages/news/us/en/2023/sep/0913-acadia.html
US,GMC Canyon AT4X Pickup 2023-2026 Crew 5,P1,缓存精确继承,https://news.gmc.com/newsroom.detail.html/Pages/news/us/en/2022/aug/0802-canyon.html
US,GMC Canyon Pickup 2004-2005 Crew 5,P1,缓存精确继承,https://news.gmc.com/newsroom.detail.html/Pages/news/us/en/2022/aug/0802-canyon.html
US,GMC Canyon Pickup 2004-2005 Extended 6,P1,缓存精确继承,https://news.gmc.com/newsroom.detail.html/Pages/news/us/en/2022/aug/0802-canyon.html
US,GMC Canyon Pickup 2004-2012 Regular 6,P1,缓存精确继承,https://news.gmc.com/newsroom.detail.html/Pages/news/us/en/2022/aug/0802-canyon.html
US,GMC Canyon Pickup 2006-2008 Extended 6,P1,缓存精确继承,https://news.gmc.com/newsroom.detail.html/Pages/news/us/en/2022/aug/0802-canyon.html
US,GMC Canyon Pickup 2008 Crew 5,P1,缓存精确继承,https://news.gmc.com/newsroom.detail.html/Pages/news/us/en/2022/aug/0802-canyon.html
US,GMC Canyon Pickup 2009-2010 Extended 6,P1,缓存精确继承,https://news.gmc.com/newsroom.detail.html/Pages/news/us/en/2022/aug/0802-canyon.html
US,GMC Canyon Pickup 2012 Crew 5,P1,缓存精确继承,https://news.gmc.com/newsroom.detail.html/Pages/news/us/en/2022/aug/0802-canyon.html
US,GMC Canyon Pickup 2015-2020 Extended 6,P1,缓存精确继承,https://news.gmc.com/newsroom.detail.html/Pages/news/us/en/2022/aug/0802-canyon.html
US,GMC Canyon Pickup 2015-2022 Crew 5,P1,缓存精确继承,https://news.gmc.com/newsroom.detail.html/Pages/news/us/en/2022/aug/0802-canyon.html
US,GMC Canyon Pickup 2015-2022 Crew 6,P1,缓存精确继承,https://news.gmc.com/newsroom.detail.html/Pages/news/us/en/2022/aug/0802-canyon.html
US,GMC Canyon Pickup 2023-2026 Crew 5,P1,缓存精确继承,https://news.gmc.com/newsroom.detail.html/Pages/news/us/en/2022/aug/0802-canyon.html
US,GMC Envoy SUV 2002-2009,SU2,缓存精确继承,https://news.gm.com/home/series/retro-rides.html
US,GMC Hummer SUV SUV 2024-2026,JP,缓存精确继承,https://news.gmc.com/newsroom.detail.html/Pages/news/us/en/2023/apr/0421-hummer.html
US,GMC Jimmy 2dr SUV 1983-1994,SU2,缓存精确继承,https://news.gm.com/home/series/retro-rides.html
US,GMC Jimmy 2dr SUV 1995,SU2,缓存精确继承,https://news.gm.com/home/series/retro-rides.html
US,GMC Jimmy 2dr SUV 1996,SU2,缓存精确继承,https://news.gm.com/home/series/retro-rides.html
US,GMC Jimmy 2dr SUV 1997,SU2,缓存精确继承,https://news.gm.com/home/series/retro-rides.html
US,GMC Jimmy 2dr SUV 1998-2000,SU2,缓存精确继承,https://news.gm.com/home/series/retro-rides.html
US,GMC Jimmy 4dr SUV 1991-1994,SU2,缓存精确继承,https://news.gm.com/home/series/retro-rides.html
US,GMC Jimmy 4dr SUV 1995-2000,SU2,缓存精确继承,https://news.gm.com/home/series/retro-rides.html
US,GMC Jimmy SUV 2001,SU2,缓存精确继承,https://news.gm.com/home/series/retro-rides.html
US,GMC Sierra 1500 Pickup 1999-2006 Extended 6.6,P0,缓存精确继承,车形分类核定/cache/model_shape_cache.csv
US,GMC Sierra 1500 Pickup 1999-2006 Extended 8,P0,缓存精确继承,车形分类核定/cache/model_shape_cache.csv
US,GMC Sierra 1500 Pickup 1999-2006 Regular 8,P0,缓存精确继承,车形分类核定/cache/model_shape_cache.csv
US,GMC Sierra 1500 Pickup 2004-2006 Crew 5.8,P0,缓存精确继承,车形分类核定/cache/model_shape_cache.csv
US,GMC Sierra 1500 Pickup 2007-2013 Crew 5.8,P0,缓存精确继承,车形分类核定/cache/model_shape_cache.csv
US,GMC Sierra 1500 Pickup 2007-2013 Extended 6.6,P0,缓存精确继承,车形分类核定/cache/model_shape_cache.csv
US,GMC Sierra 1500 Pickup 2007-2013 Extended 8,P0,缓存精确继承,车形分类核定/cache/model_shape_cache.csv
US,GMC Sierra 1500 Pickup 2007-2013 Regular 6.6,P0,缓存精确继承,车形分类核定/cache/model_shape_cache.csv
US,GMC Sierra 1500 Pickup 2007-2013 Regular 8,P0,缓存精确继承,车形分类核定/cache/model_shape_cache.csv
US,GMC Sierra 1500 Pickup 2014-2018 Crew 5.8,P0,缓存精确继承,车形分类核定/cache/model_shape_cache.csv
US,GMC Sierra 1500 Pickup 2014-2018 Double 6.6,P0,缓存精确继承,车形分类核定/cache/model_shape_cache.csv
US,GMC Sierra 1500 Pickup 2014-2018 Regular 6.6,P0,缓存精确继承,车形分类核定/cache/model_shape_cache.csv
US,GMC Sierra 1500 Pickup 2014-2018 Regular 8,P0,缓存精确继承,车形分类核定/cache/model_shape_cache.csv
US,GMC Sierra 1500 Pickup 2019-2026 Crew 5.8,P0,缓存精确继承,车形分类核定/cache/model_shape_cache.csv
US,GMC Sierra 1500 Pickup 2019-2026 Double 6.6,P0,缓存精确继承,车形分类核定/cache/model_shape_cache.csv
US,GMC Sierra 1500 Pickup 2019-2026 Regular 6.6,P0,缓存精确继承,车形分类核定/cache/model_shape_cache.csv
US,GMC Sierra 1500 Pickup 2019-2026 Regular 8,P0,缓存精确继承,车形分类核定/cache/model_shape_cache.csv
US,GMC Sierra 2500HD/3500HD DRW Pickup 2001-2007 Crew 8,DUAL,缓存精确继承,https://news.gmc.com/newsroom.detail.html/Pages/news/us/en/2022/oct/1006-sierra.html
US,GMC Sierra 2500HD/3500HD DRW Pickup 2008-2014 Crew 8,DUAL,缓存精确继承,https://news.gmc.com/newsroom.detail.html/Pages/news/us/en/2022/oct/1006-sierra.html
US,GMC Sierra 2500HD/3500HD DRW Pickup 2015-2019 Crew 8,DUAL,缓存精确继承,https://news.gmc.com/newsroom.detail.html/Pages/news/us/en/2022/oct/1006-sierra.html
US,GMC Sierra 2500HD/3500HD DRW Pickup 2020-2026 Crew 8,DUAL,缓存精确继承,https://news.gmc.com/newsroom.detail.html/Pages/news/us/en/2022/oct/1006-sierra.html
US,GMC Sierra 2500HD/3500HD Pickup 2001-2007 Crew 6.8,P1,缓存精确继承,https://news.gmc.com/newsroom.detail.html/Pages/news/us/en/2022/oct/1006-sierra.html
US,GMC Sierra 2500HD/3500HD Pickup 2001-2007 Crew 8,P1,缓存精确继承,https://news.gmc.com/newsroom.detail.html/Pages/news/us/en/2022/oct/1006-sierra.html
US,GMC Sierra 2500HD/3500HD Pickup 2001-2007 Regular 8,P1,缓存精确继承,https://news.gmc.com/newsroom.detail.html/Pages/news/us/en/2022/oct/1006-sierra.html
US,GMC Sierra 2500HD/3500HD Pickup 2008-2014 Crew 6.8,P1,缓存精确继承,https://news.gmc.com/newsroom.detail.html/Pages/news/us/en/2022/oct/1006-sierra.html
US,GMC Sierra 2500HD/3500HD Pickup 2008-2014 Crew 8,P1,缓存精确继承,https://news.gmc.com/newsroom.detail.html/Pages/news/us/en/2022/oct/1006-sierra.html
US,GMC Sierra 2500HD/3500HD Pickup 2008-2014 Regular 8,P1,缓存精确继承,https://news.gmc.com/newsroom.detail.html/Pages/news/us/en/2022/oct/1006-sierra.html
US,GMC Sierra 2500HD/3500HD Pickup 2015-2019 Crew 6.8,P1,缓存精确继承,https://news.gmc.com/newsroom.detail.html/Pages/news/us/en/2022/oct/1006-sierra.html
US,GMC Sierra 2500HD/3500HD Pickup 2015-2019 Crew 8,P1,缓存精确继承,https://news.gmc.com/newsroom.detail.html/Pages/news/us/en/2022/oct/1006-sierra.html
US,GMC Sierra 2500HD/3500HD Pickup 2015-2019 Double 6.8,P1,缓存精确继承,https://news.gmc.com/newsroom.detail.html/Pages/news/us/en/2022/oct/1006-sierra.html
US,GMC Sierra 2500HD/3500HD Pickup 2015-2019 Double 8,P1,缓存精确继承,https://news.gmc.com/newsroom.detail.html/Pages/news/us/en/2022/oct/1006-sierra.html
US,GMC Sierra 2500HD/3500HD Pickup 2015-2019 Regular 8,P1,缓存精确继承,https://news.gmc.com/newsroom.detail.html/Pages/news/us/en/2022/oct/1006-sierra.html
US,GMC Sierra 2500HD/3500HD Pickup 2020-2026 Crew 6.8,P1,缓存精确继承,https://news.gmc.com/newsroom.detail.html/Pages/news/us/en/2022/oct/1006-sierra.html
US,GMC Sierra 2500HD/3500HD Pickup 2020-2026 Crew 8,P1,缓存精确继承,https://news.gmc.com/newsroom.detail.html/Pages/news/us/en/2022/oct/1006-sierra.html
US,GMC Sierra 2500HD/3500HD Pickup 2020-2026 Double 6.8,P1,缓存精确继承,https://news.gmc.com/newsroom.detail.html/Pages/news/us/en/2022/oct/1006-sierra.html
US,GMC Sierra 2500HD/3500HD Pickup 2020-2026 Double 8,P1,缓存精确继承,https://news.gmc.com/newsroom.detail.html/Pages/news/us/en/2022/oct/1006-sierra.html
US,GMC Sierra 2500HD/3500HD Pickup 2020-2026 Regular 8,P1,缓存精确继承,https://news.gmc.com/newsroom.detail.html/Pages/news/us/en/2022/oct/1006-sierra.html
US,GMC Sierra EV Pickup 2024-2026 Crew 5.9,P0,缓存精确继承,https://news.gmc.com/newsroom.detail.html/Pages/news/us/en/2022/oct/1020-sierra-ev.html
US,GMC Terrain SUV 2010-2017,SU1,缓存精确继承,车形分类核定/cache/model_shape_cache.csv
US,GMC Terrain SUV 2018-2024,SU1,缓存精确继承,车形分类核定/cache/model_shape_cache.csv
US,GMC Terrain SUV 2025-2026,SU1,缓存精确继承,车形分类核定/cache/model_shape_cache.csv
US,GMC Yukon 2dr SUV 1992-1994,SU2,缓存精确继承,车形分类核定/cache/model_shape_cache.csv
US,GMC Yukon 2dr SUV 1995-1997,SU2,缓存精确继承,车形分类核定/cache/model_shape_cache.csv
US,GMC Yukon 4dr SUV 1995-1999,SU2,缓存精确继承,车形分类核定/cache/model_shape_cache.csv
US,GMC Yukon SUV 2000-2006,SU2,缓存精确继承,车形分类核定/cache/model_shape_cache.csv
US,GMC Yukon SUV 2007-2014,SU2,缓存精确继承,车形分类核定/cache/model_shape_cache.csv
US,GMC Yukon SUV 2015-2020,SU2,缓存精确继承,车形分类核定/cache/model_shape_cache.csv
US,GMC Yukon SUV 2021-2026,SU2,缓存精确继承,车形分类核定/cache/model_shape_cache.csv
US,GMC Yukon XL SUV 2000-2006,SU2,缓存精确继承,https://news.gmc.com/newsroom.detail.html/Pages/news/us/en/2024/aug/0819-yukon.html
US,GMC Yukon XL SUV 2007-2014,SU2,缓存精确继承,https://news.gmc.com/newsroom.detail.html/Pages/news/us/en/2024/aug/0819-yukon.html
US,GMC Yukon XL SUV 2015-2020,SU2,缓存精确继承,https://news.gmc.com/newsroom.detail.html/Pages/news/us/en/2024/aug/0819-yukon.html
US,GMC Yukon XL SUV 2021-2026,SU2,缓存精确继承,https://news.gmc.com/newsroom.detail.html/Pages/news/us/en/2024/aug/0819-yukon.html
US,Genesis EQ900 G90 Sedan 2017-2022,SD1,缓存精确继承,https://www.genesis.com/us/en/build-and-price
US,Genesis EQ900 G90 Sedan 2023-2026,SD1,缓存精确继承,https://www.genesis.com/us/en/build-and-price
US,Genesis G70 Sedan 2019-2026,SD1,缓存精确继承,https://www.genesis.com/us/en/home
US,Genesis G80 Sedan 2017-2020,SD1,缓存精确继承,车形分类核定/cache/model_shape_cache.csv
US,Genesis G80 Sedan 2021-2022,SD1,缓存精确继承,车形分类核定/cache/model_shape_cache.csv
US,Genesis G80 Sedan 2023-2024,SD1,缓存精确继承,车形分类核定/cache/model_shape_cache.csv
US,Genesis G80 Sedan 2025-2026,SD1,缓存精确继承,车形分类核定/cache/model_shape_cache.csv
US,Genesis G80 Sport Sedan 2018-2020,SD1,缓存精确继承,车形分类核定/cache/model_shape_cache.csv
US,Genesis G80 Sport Sedan 2025-2026,SD1,缓存精确继承,车形分类核定/cache/model_shape_cache.csv
US,Genesis G90 Sedan 2017-2022,SD1,缓存精确继承,https://www.genesis.com/us/en/build-and-price
US,Genesis G90 Sedan 2023-2026,SD1,缓存精确继承,https://www.genesis.com/us/en/build-and-price
US,Genesis GV60 SUV 2023-2025,SU0,缓存精确继承,https://newsroom.genesis.com/genesis-previews-the-images-of-gv60/
US,Genesis GV60 SUV 2026,SU0,缓存精确继承,https://newsroom.genesis.com/genesis-previews-the-images-of-gv60/
US,Genesis GV70 SUV 2022-2026,SU1,缓存精确继承,https://www.genesis.com/us/en/home
US,Genesis GV80 SUV 2021-2024,SU1,缓存精确继承,https://www.genesis.com/us/en/home
US,Genesis GV80 SUV 2025-2026,SU1,缓存精确继承,https://www.genesis.com/us/en/home
US,Honda Accord Coupe 1988-1989,SD1,缓存精确继承,车形分类核定/cache/model_shape_cache.csv
US,Honda Accord Coupe 1990,SD1,缓存精确继承,车形分类核定/cache/model_shape_cache.csv
US,Honda Accord Coupe 1991-1993,SD1,缓存精确继承,车形分类核定/cache/model_shape_cache.csv
US,Honda Accord Coupe 1994-1997,SD1,缓存精确继承,车形分类核定/cache/model_shape_cache.csv
US,Honda Accord Coupe 1998-2002,SD1,缓存精确继承,车形分类核定/cache/model_shape_cache.csv
US,Honda Accord Coupe 2003-2007,SD1,缓存精确继承,车形分类核定/cache/model_shape_cache.csv
US,Honda Accord Coupe 2008-2012,SD1,缓存精确继承,车形分类核定/cache/model_shape_cache.csv
US,Honda Accord Coupe 2013-2017,SD1,缓存精确继承,车形分类核定/cache/model_shape_cache.csv
US,Honda Accord Hatchback 1976-1981,H0,缓存精确继承,https://www.honda.com/heritage
US,Honda Accord Hatchback 1982-1985,H0,缓存精确继承,https://www.honda.com/heritage
US,Honda Accord Hatchback 1986-1989,SD1,缓存精确继承,车形分类核定/cache/model_shape_cache.csv
US,Honda Accord Sedan 1979-1981,SD1,缓存精确继承,https://www.honda.com/heritage
US,Honda Accord Sedan 1982-1985,SD1,缓存精确继承,https://www.honda.com/heritage
US,Honda Accord Sedan 1986-1989,SD1,缓存精确继承,车形分类核定/cache/model_shape_cache.csv
US,Honda Accord Sedan 1990-1993,SD1,缓存精确继承,车形分类核定/cache/model_shape_cache.csv
US,Honda Accord Sedan 1994-1997,SD1,缓存精确继承,车形分类核定/cache/model_shape_cache.csv
US,Honda Accord Sedan 1998-2002,SD1,缓存精确继承,车形分类核定/cache/model_shape_cache.csv
US,Honda Accord Sedan 2003-2007,SD1,缓存精确继承,车形分类核定/cache/model_shape_cache.csv
US,Honda Accord Sedan 2008-2012,SD1,缓存精确继承,车形分类核定/cache/model_shape_cache.csv
US,Honda Accord Sedan 2013-2017,SD1,缓存精确继承,车形分类核定/cache/model_shape_cache.csv
US,Honda Accord Sedan 2018-2022,SD1,缓存精确继承,车形分类核定/cache/model_shape_cache.csv
US,Honda Accord Sedan 2023-2026,SD1,缓存精确继承,车形分类核定/cache/model_shape_cache.csv
US,Honda Accord Wagon 1990-1993,H2,缓存精确继承,车形分类核定/cache/model_shape_cache.csv
US,Honda Accord Wagon 1994-1997,H2,缓存精确继承,车形分类核定/cache/model_shape_cache.csv
US,Honda CR-V SUV 1997-2001,SU1,缓存精确继承,车形分类核定/cache/model_shape_cache.csv
US,Honda CR-V SUV 2002-2006,SU1,缓存精确继承,车形分类核定/cache/model_shape_cache.csv
US,Honda CR-V SUV 2007-2011,SU1,缓存精确继承,车形分类核定/cache/model_shape_cache.csv
US,Honda CR-V SUV 2012-2016,SU1,缓存精确继承,车形分类核定/cache/model_shape_cache.csv
US,Honda CR-V SUV 2017-2022,SU1,缓存精确继承,车形分类核定/cache/model_shape_cache.csv
US,Honda CR-V SUV 2023-2026,SU1,缓存精确继承,车形分类核定/cache/model_shape_cache.csv
US,Honda CR-Z Hatchback 2011-2015,SD0,缓存精确继承,https://global.honda/en/newsroom/worldnews/2010/4100111CR-Z.html
US,Honda CR-Z Hatchback 2016,SD0,缓存精确继承,https://global.honda/en/newsroom/worldnews/2010/4100111CR-Z.html
US,Honda Civic CRX Coupe 1988-1991,SD1,缓存精确继承,https://global.honda/en/about/history-digest/75years-history/chapter3/section2_2/
US,Honda Civic Coupe 1992-1995,SD1,缓存精确继承,https://global.honda/en/about/history-digest/75years-history/chapter3/section2_2/
US,Honda Civic Coupe 1996-2000,SD1,缓存精确继承,https://global.honda/en/about/history-digest/75years-history/chapter3/section2_2/
US,Honda Civic Coupe 2001-2005,SD1,缓存精确继承,https://global.honda/en/about/history-digest/75years-history/chapter3/section2_2/
US,Honda Civic Coupe 2006-2011,SD1,缓存精确继承,https://global.honda/en/about/history-digest/75years-history/chapter3/section2_2/
US,Honda Civic Coupe 2012-2015,SD1,缓存精确继承,https://global.honda/en/about/history-digest/75years-history/chapter3/section2_2/
US,Honda Civic Coupe 2016-2020,SD1,缓存精确继承,https://global.honda/en/about/history-digest/75years-history/chapter3/section2_2/
US,Honda Civic Hatchback 1980-1983,H0,缓存精确继承,https://global.honda/en/about/history-digest/75years-history/chapter3/section2_2/
US,Honda Civic Hatchback 1984-1987,H0,缓存精确继承,https://global.honda/en/about/history-digest/75years-history/chapter3/section2_2/
US,Honda Civic Hatchback 1988-1991,H0,缓存精确继承,https://global.honda/en/about/history-digest/75years-history/chapter3/section2_2/
US,Honda Civic Hatchback 1992-1995,H0,缓存精确继承,https://global.honda/en/about/history-digest/75years-history/chapter3/section2_2/
US,Honda Civic Hatchback 1996-2000,H0,缓存精确继承,https://global.honda/en/about/history-digest/75years-history/chapter3/section2_2/
US,Honda Civic Hatchback 2017-2021,H0,缓存精确继承,https://global.honda/en/about/history-digest/75years-history/chapter3/section2_2/
US,Honda Civic Hatchback 2022-2026,H0,缓存精确继承,https://global.honda/en/about/history-digest/75years-history/chapter3/section2_2/
US,Honda Civic Sedan 1973-1979,SD1,缓存精确继承,https://global.honda/en/about/history-digest/75years-history/chapter3/section2_2/
US,Honda Civic Sedan 1980-1983,SD1,缓存精确继承,https://global.honda/en/about/history-digest/75years-history/chapter3/section2_2/
US,Honda Civic Sedan 1984-1987,SD1,缓存精确继承,https://global.honda/en/about/history-digest/75years-history/chapter3/section2_2/
US,Honda Civic Sedan 1988-1991,SD1,缓存精确继承,https://global.honda/en/about/history-digest/75years-history/chapter3/section2_2/
US,Honda Civic Sedan 1992-1995,SD1,缓存精确继承,https://global.honda/en/about/history-digest/75years-history/chapter3/section2_2/
US,Honda Civic Sedan 1996-2000,SD1,缓存精确继承,https://global.honda/en/about/history-digest/75years-history/chapter3/section2_2/
US,Honda Civic Sedan 2001-2005,SD1,缓存精确继承,https://global.honda/en/about/history-digest/75years-history/chapter3/section2_2/
US,Honda Civic Sedan 2006-2011,SD1,缓存精确继承,https://global.honda/en/about/history-digest/75years-history/chapter3/section2_2/
US,Honda Civic Sedan 2012-2015,SD1,缓存精确继承,https://global.honda/en/about/history-digest/75years-history/chapter3/section2_2/
US,Honda Civic Sedan 2016-2021,SD1,缓存精确继承,https://global.honda/en/about/history-digest/75years-history/chapter3/section2_2/
US,Honda Civic Sedan 2022-2026,SD1,缓存精确继承,https://global.honda/en/about/history-digest/75years-history/chapter3/section2_2/
US,Honda Civic Type R Hatchback 2017-2021,H0,缓存精确继承,https://global.honda/en/about/history-digest/75years-history/chapter3/section2_2/
US,Honda Civic Type R Hatchback 2022-2026,H0,缓存精确继承,https://global.honda/en/about/history-digest/75years-history/chapter3/section2_2/
US,Honda Civic Wagon 1973-1979,H2,缓存精确继承,https://global.honda/en/about/history-digest/75years-history/chapter3/section2_2/
US,Honda Civic Wagon 1980-1983,H2,缓存精确继承,https://global.honda/en/about/history-digest/75years-history/chapter3/section2_2/
US,Honda Civic Wagon 1984-1987,H2,缓存精确继承,https://global.honda/en/about/history-digest/75years-history/chapter3/section2_2/
US,Honda Civic Wagon 1988-1991,H2,缓存精确继承,https://global.honda/en/about/history-digest/75years-history/chapter3/section2_2/
US,Honda Clarity Plug In Sedan 2018-2021,SD1,缓存精确继承,https://global.honda/en/newsroom/news/2017/4170309eng.html
US,Honda Clarity Sedan 2017-2021,SD1,缓存精确继承,https://global.honda/en/newsroom/worldnews/2016/4161129Clarity-Fuel-Cell-Arrives-Europe.html
US,Honda Crosstour Hatchback 2010-2012,H0,缓存精确继承,https://global.honda/en/newsroom/worldnews/2012/4120404Crosstour-Concept.html
US,Honda Crosstour Hatchback 2013-2015,H0,缓存精确继承,https://global.honda/en/newsroom/worldnews/2012/4120404Crosstour-Concept.html
US,Honda Element Crossover 2003,SU2,缓存精确继承,https://global.honda/en/newsroom/news/2003/4030416-element-eng.html
US,Honda Element Crossover 2004-2005,SU2,缓存精确继承,https://global.honda/en/newsroom/news/2003/4030416-element-eng.html
US,Honda Element Crossover 2006-2009,SU2,缓存精确继承,https://global.honda/en/newsroom/news/2003/4030416-element-eng.html
US,Honda Fit Hatchback 2007-2008,H1,缓存精确继承,https://global.honda/en/newsroom/worldnews/2006/4060108Fit.html
US,Honda Fit Hatchback 2009-2014,H1,缓存精确继承,https://global.honda/en/newsroom/worldnews/2006/4060108Fit.html
US,Honda Fit Hatchback 2015-2017,H1,缓存精确继承,https://global.honda/en/newsroom/worldnews/2006/4060108Fit.html
US,Honda Fit Hatchback 2018-2020,H1,缓存精确继承,https://global.honda/en/newsroom/worldnews/2006/4060108Fit.html
US,Honda HR-V SUV 2016-2018,SU1,缓存精确继承,https://global.honda/en/newsroom/news/2014/4141121beng.html
US,Honda HR-V SUV 2019-2021,SU1,缓存精确继承,https://global.honda/en/newsroom/news/2014/4141121beng.html
US,Honda HR-V SUV 2023-2026,SU1,缓存精确继承,https://global.honda/en/newsroom/news/2014/4141121beng.html
US,Honda Insight Hatchback 2000-2006,H0,缓存精确继承,https://global.honda/en/pressroom/products/auto/insight/
US,Honda Insight Hatchback 2010-2014,H0,缓存精确继承,https://global.honda/en/pressroom/products/auto/insight/
US,Honda Insight Sedan 2019-2022,SD1,缓存精确继承,https://global.honda/en/pressroom/products/auto/insight/
US,Honda Odyssey MPV 1995-1998,V0,缓存精确继承,车形分类核定/cache/model_shape_cache.csv
US,Honda Odyssey MPV 1999-2004,V0,缓存精确继承,车形分类核定/cache/model_shape_cache.csv
US,Honda Odyssey MPV 2005-2010,V0,缓存精确继承,车形分类核定/cache/model_shape_cache.csv
US,Honda Odyssey MPV 2011-2017,V0,缓存精确继承,车形分类核定/cache/model_shape_cache.csv
US,Honda Odyssey MPV 2018-2026,V0,缓存精确继承,车形分类核定/cache/model_shape_cache.csv
US,Honda Passport SUV 1994-2002,SU2,缓存精确继承,https://global.honda/en/newsroom/worldnews/1997/c970116.html
US,Honda Passport SUV 2019-2025,SU1,缓存精确继承,https://global.honda/en/newsroom/news/2018/4181128eng.html
US,Honda Passport SUV 2026,SU2,缓存精确继承,https://global.honda/en/newsroom/news/2026/4260305beng.html
US,Honda Pilot SUV 2003-2005,SU2,缓存精确继承,https://global.honda/en/newsroom/news/2002/c020327b-eng.html
US,Honda Pilot SUV 2006-2008,SU2,缓存精确继承,https://global.honda/en/newsroom/news/2002/c020327b-eng.html
US,Honda Pilot SUV 2009-2015,SU1,缓存精确继承,https://global.honda/en/newsroom/news/2022/4221107eng.html
US,Honda Pilot SUV 2016-2022,SU1,缓存精确继承,https://global.honda/en/newsroom/news/2022/4221107eng.html
US,Honda Pilot SUV 2023-2025,SU1,缓存精确继承,https://global.honda/en/newsroom/news/2022/4221107eng.html
US,Honda Pilot SUV 2026,SU1,缓存精确继承,https://global.honda/en/newsroom/news/2022/4221107eng.html
US,Honda Pilot TrailSport SUV 2023-2025,SU1,缓存精确继承,https://global.honda/en/newsroom/news/2022/4221107eng.html
US,Honda Pilot TrailSport SUV 2026,SU1,缓存精确继承,https://global.honda/en/newsroom/news/2022/4221107eng.html
US,Honda Prelude Coupe 1979-1982,SD0,缓存精确继承,https://global.honda/en/newsroom/news/2025/4250904eng-prelude.html
US,Honda Prelude Coupe 1983-1987,SD0,缓存精确继承,https://global.honda/en/newsroom/news/2025/4250904eng-prelude.html
US,Honda Prelude Coupe 1988-1991,SD0,缓存精确继承,https://global.honda/en/newsroom/news/2025/4250904eng-prelude.html
US,Honda Prelude Coupe 1992-1996,SD0,缓存精确继承,https://global.honda/en/newsroom/news/2025/4250904eng-prelude.html
US,Honda Prelude Coupe 1997-2001,SD0,缓存精确继承,https://global.honda/en/newsroom/news/2025/4250904eng-prelude.html
US,Honda Prelude Coupe 2026,SD0,缓存精确继承,https://global.honda/en/newsroom/news/2025/4250904eng-prelude.html
US,Honda Prologue SUV 2024-2026,SU1,缓存精确继承,https://global.honda/en/newsroom/news/2023/4230929eng.html
US,Honda Ridgeline Pickup 2006-2014 Crew 5,P1,缓存精确继承,https://global.honda/en/newsroom/worldnews/2005/c050110.html
US,Honda Ridgeline Pickup 2017-2020 Crew 5.3,P1,缓存精确继承,https://global.honda/en/newsroom/worldnews/2005/c050110.html
US,Honda Ridgeline Pickup 2021-2026 Crew 5.3,P1,缓存精确继承,https://global.honda/en/newsroom/worldnews/2005/c050110.html
US,Honda S2000 Convertible 2000-2009,SD0,缓存精确继承,https://global.honda/en/newsroom/worldnews/2000/4000707.html
US,Hyundai Accent Hatchback 1995-1999,H0,缓存精确继承,https://www.hyundai.com/worldwide/en/footer/corporate/vehicle-history/1990/accent
US,Hyundai Accent Hatchback 2000-2005,H0,缓存精确继承,https://www.hyundai.com/worldwide/en/footer/corporate/vehicle-history/1990/accent
US,Hyundai Accent Hatchback 2006-2011,H0,缓存精确继承,https://www.hyundai.com/worldwide/en/footer/corporate/vehicle-history/1990/accent
US,Hyundai Accent Hatchback 2012-2017,H0,缓存精确继承,https://www.hyundai.com/worldwide/en/footer/corporate/vehicle-history/1990/accent
US,Hyundai Accent Sedan 1995-1999,SD1,缓存精确继承,https://www.hyundai.com/worldwide/en/footer/corporate/vehicle-history/1990/accent
US,Hyundai Accent Sedan 2000-2005,SD1,缓存精确继承,https://www.hyundai.com/worldwide/en/footer/corporate/vehicle-history/1990/accent
US,Hyundai Accent Sedan 2006-2011,SD1,缓存精确继承,https://www.hyundai.com/worldwide/en/footer/corporate/vehicle-history/1990/accent
US,Hyundai Accent Sedan 2012-2017,SD1,缓存精确继承,https://www.hyundai.com/worldwide/en/footer/corporate/vehicle-history/1990/accent
US,Hyundai Accent Sedan 2018-2022,SD1,缓存精确继承,https://www.hyundai.com/worldwide/en/footer/corporate/vehicle-history/1990/accent
US,Hyundai Azera Sedan 2006-2010,SD1,缓存精确继承,https://www.hyundai.com/worldwide/en/brand-journal/heritage/heritage-series-grandeur
US,Hyundai Azera Sedan 2011,SD1,缓存精确继承,https://www.hyundai.com/worldwide/en/brand-journal/heritage/heritage-series-grandeur
US,Hyundai Azera Sedan 2012-2014,SD1,缓存精确继承,https://www.hyundai.com/worldwide/en/brand-journal/heritage/heritage-series-grandeur
US,Hyundai Azera Sedan 2015-2017,SD1,缓存精确继承,https://www.hyundai.com/worldwide/en/brand-journal/heritage/heritage-series-grandeur
US,Hyundai Elantra GT Hatchback 2013-2017,H0,缓存精确继承,https://www.hyundainews.com/en-us/releases/1563
US,Hyundai Elantra GT Hatchback 2018-2020,H0,缓存精确继承,https://www.hyundainews.com/en-us/releases/1563
US,Hyundai Elantra Hatchback 2013-2017,H0,缓存精确继承,https://www.hyundainews.com/en-us/releases/1563
US,Hyundai Elantra Hatchback 2018-2020,H0,缓存精确继承,https://www.hyundainews.com/en-us/releases/1563
US,Hyundai Elantra Sedan 1992-1995,SD1,缓存精确继承,https://www.hyundainews.com/en-us/releases/1563
US,Hyundai Elantra Sedan 1996-2000,SD1,缓存精确继承,https://www.hyundainews.com/en-us/releases/1563
US,Hyundai Elantra Sedan 2001-2006,SD1,缓存精确继承,https://www.hyundainews.com/en-us/releases/1563
US,Hyundai Elantra Sedan 2007-2010,SD1,缓存精确继承,https://www.hyundainews.com/en-us/releases/1563
US,Hyundai Elantra Sedan 2011-2016,SD1,缓存精确继承,https://www.hyundainews.com/en-us/releases/1563
US,Hyundai Elantra Sedan 2017-2020,SD1,缓存精确继承,https://www.hyundainews.com/en-us/releases/1563
US,Hyundai Elantra Sedan 2021-2026,SD1,缓存精确继承,https://www.hyundainews.com/en-us/releases/1563
US,Hyundai Elantra Tour Wagon 2009-2012,H2,缓存精确继承,https://www.hyundainews.com/releases/1239?lang=en_US
US,Hyundai Elantra Wagon 1996-1999,H2,缓存精确继承,https://www.hyundainews.com/en-us/releases/1563
US,Hyundai Elantra Wagon 2000,H2,缓存精确继承,https://www.hyundainews.com/en-us/releases/1563
US,Hyundai Elantra Wagon 2009-2012,H2,缓存精确继承,https://www.hyundainews.com/en-us/releases/1563
US,Hyundai Equus Sedan 2011-2016,SD1,缓存精确继承,https://www.hyundainews.com/releases/1239?lang=en_US
US,Hyundai Genesis 5.0 R-Spec Sedan 2012-2014,SD1,缓存精确继承,https://www.hyundainews.com/releases/1822
US,Hyundai Genesis Sedan 2009-2011,SD1,缓存精确继承,https://www.hyundainews.com/releases/1822
US,Hyundai Genesis Sedan 2012-2014,SD1,缓存精确继承,https://www.hyundainews.com/releases/1822
US,Hyundai Genesis Sedan 2015-2016,SD1,缓存精确继承,https://www.hyundainews.com/releases/1822
US,Hyundai IONIQ 5 N SUV 2025,SU1,缓存精确继承,https://www.hyundainews.com/releases/3323
US,Hyundai IONIQ 5 SUV 2022-2024,SU1,缓存精确继承,https://www.hyundainews.com/releases/3323
US,Hyundai IONIQ 5 SUV 2025-2026,SU1,缓存精确继承,https://www.hyundainews.com/releases/3323
US,Hyundai IONIQ 6 N Sedan 2026,SD1,缓存精确继承,https://www.hyundainews.com/releases/3580?lang=en_US
US,Hyundai IONIQ 6 Sedan 2023-2026,SD1,缓存精确继承,https://www.hyundainews.com/releases/3580?lang=en_US
US,Hyundai Ioniq 9 SUV 2026,SU1,缓存精确继承,https://www.hyundainews.com/releases/4305?lang=en_US
US,Hyundai Ioniq Hatchback 2017-2020,H0,缓存精确继承,https://www.hyundainews.com/releases/2322
US,Hyundai Ioniq Hatchback 2021-2022,H0,缓存精确继承,https://www.hyundainews.com/releases/2322
US,Hyundai Kona Crossover 2019-2023,SU1,缓存精确继承,https://www.hyundainews.com/releases/2440
US,Hyundai Kona Crossover 2024-2026,SU1,缓存精确继承,https://www.hyundainews.com/releases/2440
US,Hyundai Nexo SUV 2019-2022,SU1,缓存精确继承,https://www.hyundainews.com/models/hyundai-nexo-2019-nexo
US,Hyundai Nexo SUV 2023-2024,SU1,缓存精确继承,https://www.hyundainews.com/models/hyundai-nexo-2019-nexo
US,Hyundai Palisade SUV 2020-2022,SU1,缓存精确继承,https://www.hyundainews.com/models/hyundai-palisade-2020-palisade
US,Hyundai Palisade SUV 2023-2025,SU1,缓存精确继承,https://www.hyundainews.com/models/hyundai-palisade-2020-palisade
US,Hyundai Palisade SUV 2026,SU2,缓存精确继承,https://www.hyundainews.com/releases/4427?lang=en_US
US,Hyundai Santa Cruz Pickup 2022-2024 Crew 4.3,P1,缓存精确继承,https://www.hyundainews.com/releases/3293?lang=en_US
US,Hyundai Santa Cruz Pickup 2025-2026 Crew 4.3,P1,缓存精确继承,https://www.hyundainews.com/releases/3293?lang=en_US
US,Hyundai Santa Cruz XRT Pickup 2024 Crew 4.3,P1,缓存精确继承,https://www.hyundainews.com/releases/3293?lang=en_US
US,Hyundai Santa Cruz XRT Pickup 2025-2026 Crew 4.3,P1,缓存精确继承,https://www.hyundainews.com/releases/3293?lang=en_US
US,Hyundai Santa Fe SUV 2001-2006,SU1,缓存精确继承,https://www.hyundainews.com/releases/2589
US,Hyundai Santa Fe SUV 2007-2012,SU1,缓存精确继承,https://www.hyundainews.com/releases/2589
US,Hyundai Santa Fe SUV 2019-2020,SU1,缓存精确继承,https://www.hyundainews.com/releases/2589
US,Hyundai Santa Fe SUV 2021-2023,SU1,缓存精确继承,https://www.hyundainews.com/releases/2589
US,Hyundai Santa Fe SUV 2024-2026,SU2,缓存精确继承,https://www.hyundai.com/th/en/find-a-car/all-new-santa-fe-hybrid/highlights
US,Hyundai Santa Fe Sport SUV 2013-2014,SU1,缓存精确继承,https://www.hyundainews.com/releases/2589
US,Hyundai Santa Fe Sport SUV 2015-2016,SU1,缓存精确继承,https://www.hyundainews.com/releases/2589
US,Hyundai Santa Fe Sport SUV 2017,SU1,缓存精确继承,https://www.hyundainews.com/releases/2589
US,Hyundai Santa Fe Sport SUV 2018,SU1,缓存精确继承,https://www.hyundainews.com/releases/2589
US,Hyundai Santa Fe XL SUV 2013-2019,SU1,缓存精确继承,https://www.hyundainews.com/releases/2589
US,Hyundai Sonata Sedan 1989-1993,SD1,缓存精确继承,https://www.hyundai.com/worldwide/en/footer/corporate/heritage
US,Hyundai Sonata Sedan 1994,SD1,缓存精确继承,https://www.hyundainews.com/releases/1989
US,Hyundai Sonata Sedan 1995-1998,SD1,缓存精确继承,https://www.hyundainews.com/releases/1989
US,Hyundai Sonata Sedan 1999-2002,SD1,缓存精确继承,https://www.hyundainews.com/releases/1989
US,Hyundai Sonata Sedan 2003-2005,SD1,缓存精确继承,https://www.hyundainews.com/releases/1989
US,Hyundai Sonata Sedan 2006-2010,SD1,缓存精确继承,https://www.hyundainews.com/releases/1989
US,Hyundai Sonata Sedan 2011-2014,SD1,缓存精确继承,https://www.hyundainews.com/releases/1989
US,Hyundai Sonata Sedan 2015-2019,SD1,缓存精确继承,https://www.hyundainews.com/releases/1989
US,Hyundai Sonata Sedan 2020-2023,SD1,缓存精确继承,https://www.hyundainews.com/releases/1989
US,Hyundai Sonata Sedan 2024-2026,SD1,缓存精确继承,https://www.hyundainews.com/releases/1989
US,Hyundai Tiburon Coupe 1997-2001,SD0,缓存精确继承,https://www.hyundainews.com/releases/1239?lang=en_US
US,Hyundai Tiburon Coupe 2003-2008,SD0,缓存精确继承,https://www.hyundainews.com/releases/1239?lang=en_US
US,Hyundai Tucson SUV 2005-2009,SU1,缓存精确继承,https://www.hyundainews.com/releases/3290
US,Hyundai Tucson SUV 2010-2015,SU1,缓存精确继承,https://www.hyundainews.com/releases/3290
US,Hyundai Tucson SUV 2016-2021,SU1,缓存精确继承,https://www.hyundainews.com/releases/3290
US,Hyundai Tucson SUV 2022-2024,SU1,缓存精确继承,https://www.hyundainews.com/releases/3290
US,Hyundai Tucson SUV 2025-2026,SU1,缓存精确继承,https://www.hyundainews.com/releases/3290
US,Hyundai Veloster Hatchback 2012-2014,H0,缓存精确继承,https://www.hyundainews.com/releases/2466
US,Hyundai Veloster N Hatchback 2019-2020,H0,缓存精确继承,https://www.hyundainews.com/releases/2466
US,Hyundai Veloster N Hatchback 2021-2022,H0,缓存精确继承,https://www.hyundainews.com/releases/2466
US,Hyundai Veloster Turbo Hatchback 2015-2017,H0,缓存精确继承,https://www.hyundainews.com/releases/2466
US,Hyundai Venue SUV 2020-2026,SU2,缓存精确继承,https://www.hyundai.com/au/en/cars/suvs/venue
US,Hyundai Veracruz SUV 2007-2012,SU1,缓存精确继承,https://www.hyundainews.com/releases/1239?lang=en_US
US,Hyundai XG Sedan 2001-2003,SD1,缓存精确继承,https://www.hyundainews.com/releases/1239?lang=en_US
US,Hyundai XG Sedan 2004-2005,SD1,缓存精确继承,https://www.hyundainews.com/releases/1239?lang=en_US
US,Ineos Automotive Grenadier Quartermaster Pickup 2024-2026 Crew 5.1,P0,缓存精确继承,https://ineosgrenadier.com/en/us/news/quartermaster-order-books-open
US,Ineos Automotive Grenadier SUV 2024-2026,JP,缓存精确继承,https://ineosgrenadier.com/en/na/
US,Infiniti EX EX35/EX37 SUV 2008-2013,SU0,缓存精确继承,https://canada.infinitinews.com/fr-CA/releases/ca-2014-infiniti-qx50-press-kit
US,Infiniti FX Crossover 2003-2008,SU0,缓存精确继承,https://www.infinitiusa.com/vehicles/discontinued-vehicles/infiniti-fx35-fx45-fx50.html
US,Infiniti FX Crossover 2009-2013,SU0,缓存精确继承,https://www.infinitiusa.com/vehicles/discontinued-vehicles/infiniti-fx35-fx45-fx50.html
US,Infiniti G Convertible 2009-2013,SD0,缓存精确继承,https://www.infiniti.com/vehicles/legacy.html
US,Infiniti G Coupe 2003-2007,SD0,缓存精确继承,https://www.infiniti.com/vehicles/legacy.html
US,Infiniti G Coupe 2008-2013,SD0,缓存精确继承,https://www.infiniti.com/vehicles/legacy.html
US,Infiniti G Sedan 1991-1996,SD1,缓存精确继承,https://www.infiniti.com/vehicles/legacy.html
US,Infiniti G Sedan 1999-2002,SD0,缓存精确继承,https://www.infiniti.com/vehicles/legacy.html
US,Infiniti G Sedan 2003-2006,SD0,缓存精确继承,https://www.infiniti.com/vehicles/legacy.html
US,Infiniti G Sedan 2007-2013,SD0,缓存精确继承,https://www.infiniti.com/vehicles/legacy.html
US,Infiniti I Sedan 1996-1999,SD1,缓存精确继承,https://www.automobile-catalog.com/timeline-infiniti.html
US,Infiniti I Sedan 2000-2001,SD1,缓存精确继承,https://www.automobile-catalog.com/timeline-infiniti.html
US,Infiniti I Sedan 2002-2004,SD1,缓存精确继承,https://www.automobile-catalog.com/timeline-infiniti.html
US,Infiniti JX Crossover 2013,SU1,缓存精确继承,https://www.infinitiusa.com/vehicles/discontinued-vehicles/jx35.html
US,Infiniti M Convertible 1991-1992,SD0,缓存精确继承,https://www.infiniti.com/infiniti-brand/history.html
US,Infiniti M Coupe 1990-1992,SD0,缓存精确继承,https://www.infiniti.com/infiniti-brand/history.html
US,Infiniti M Sedan 2003-2004,SD0,缓存精确继承,https://www.infiniti.com/vehicles/legacy.html
US,Infiniti M Sedan 2006-2007,SD0,缓存精确继承,https://www.infiniti.com/vehicles/legacy.html
US,Infiniti M Sedan 2008-2009,SD0,缓存精确继承,https://www.infiniti.com/vehicles/legacy.html
US,Infiniti M Sedan 2010,SD0,缓存精确继承,https://www.infiniti.com/vehicles/legacy.html
US,Infiniti M Sedan 2011-2013,SD0,缓存精确继承,https://www.infiniti.com/vehicles/legacy.html
US,Infiniti Q40 Sedan 2015,SD1,缓存精确继承,https://partsadvantage.infinitiusa.com/wp-content/uploads/2021/07/Maintenance-Advantage-Application-Guide_5-28-2021.pdf
US,Infiniti Q45 Sedan 1990-1991,SD1,缓存精确继承,https://usa.infinitinews.com/en-US/releases/release-94a73c5100184c6ea8a4f17a81ff7349-infiniti-30-years-of-challenging-convention
US,Infiniti Q45 Sedan 1992-1996,SD1,缓存精确继承,https://usa.infinitinews.com/en-US/releases/release-94a73c5100184c6ea8a4f17a81ff7349-infiniti-30-years-of-challenging-convention
US,Infiniti Q45 Sedan 1997-2001,SD1,缓存精确继承,https://usa.infinitinews.com/en-US/releases/release-94a73c5100184c6ea8a4f17a81ff7349-infiniti-30-years-of-challenging-convention
US,Infiniti Q45 Sedan 2002-2006,SD1,缓存精确继承,https://usa.infinitinews.com/en-US/releases/2002-infiniti-q45-press-kit
US,Infiniti Q50 Red Sport Sedan 2021-2024,SD1,缓存精确继承,https://usa.infinitinews.com/en-US/releases/release-c685e79bc9d829fe01c1d4d3c413f33f-2021-infiniti-q50-press-kit
US,Infiniti Q50 Sedan 2014,SD1,缓存精确继承,https://usa.infinitinews.com/en-US/releases/release-c685e79bc9d829fe01c1d4d3c413f33f-2021-infiniti-q50-press-kit
US,Infiniti Q50 Sedan 2015,SD1,缓存精确继承,https://usa.infinitinews.com/en-US/releases/release-c685e79bc9d829fe01c1d4d3c413f33f-2021-infiniti-q50-press-kit
US,Infiniti Q50 Sedan 2016-2020,SD1,缓存精确继承,https://usa.infinitinews.com/en-US/releases/release-c685e79bc9d829fe01c1d4d3c413f33f-2021-infiniti-q50-press-kit
US,Infiniti Q60 Convertible 2014-2015,SD0,缓存精确继承,https://usa.infinitinews.com/en-US/releases/us-2014-infiniti-q60-coupe-press-kit
US,Infiniti Q60 Convertible 2016,SD0,缓存精确继承,https://usa.infinitinews.com/en-US/releases/us-2014-infiniti-q60-coupe-press-kit
US,Infiniti Q60 Coupe 2014-2015,SD0,缓存精确继承,https://usa.infinitinews.com/en-US/releases/us-2014-infiniti-q60-coupe-press-kit
US,Infiniti Q60 Coupe 2016,SD0,缓存精确继承,https://usa.infinitinews.com/en-US/releases/us-2014-infiniti-q60-coupe-press-kit
US,Infiniti Q60 Red Sport Coupe 2017-2022,SD0,缓存精确继承,https://usa.infinitinews.com/en-US/releases/us-2017-infiniti-q60-press-kit
US,Infiniti Q70 Sedan 2014,SD1,缓存精确继承,https://usa.infinitinews.com/en-US/releases/release-2bb8025cc2e94e9ea7654f84ec577b6c-us-2015-infiniti-q70-press-kit
US,Infiniti Q70 Sedan 2015-2019,SD1,缓存精确继承,https://usa.infinitinews.com/en-US/releases/release-2bb8025cc2e94e9ea7654f84ec577b6c-us-2015-infiniti-q70-press-kit
US,Infiniti Q70L Sedan 2015-2019,SD1,缓存精确继承,https://usa.infinitinews.com/en-US/releases/release-54a4dc3fb55049e5aee4c5faf11a3506-us-2015-infiniti-q70l-press-kit
US,Infiniti QX30 SUV 2017-2018,SU0,缓存精确继承,https://usa.infinitinews.com/en-US/releases/release-976f7c4d311141d6afd56e3ebb35f9a4-us-2017-infiniti-qx30-press-kit
US,Infiniti QX30 SUV 2019,SU0,缓存精确继承,https://usa.infinitinews.com/en-US/releases/release-976f7c4d311141d6afd56e3ebb35f9a4-us-2017-infiniti-qx30-press-kit
US,Infiniti QX4 SUV 1997-2003,SU2,缓存精确继承,https://usa.infinitinews.com/en-US/releases/release-d2e073c7349a44828d4081395fe48781-1997-infiniti-qx4-press-kit
US,Infiniti QX50 SUV 2014-2015,SU0,缓存精确继承,https://usa.infinitinews.com/en-US/releases/us-2014-infiniti-qx50-press-kit
US,Infiniti QX50 SUV 2016-2017,SU0,缓存精确继承,https://usa.infinitinews.com/en-US/releases/us-2014-infiniti-qx50-press-kit
US,Infiniti QX50 SUV 2019-2025,SU1,缓存精确继承,https://usa.infinitinews.com/en-US/releases/us-2019-infiniti-qx50-press-kit
US,Infiniti QX55 SUV 2022-2025,SU1,缓存精确继承,https://www.infinitiusa.com/vehicles/crossovers/qx55-22.html
US,Infiniti QX56 SUV 2004-2010,SU2,缓存精确继承,https://usa.infinitinews.com/en-US/releases/release-3e54af3bcb2241bfa355335061ca8f65-2011-infiniti-qx-press-kit-2
US,Infiniti QX56 SUV 2011-2013,SU2,缓存精确继承,https://usa.infinitinews.com/en-US/releases/release-3e54af3bcb2241bfa355335061ca8f65-2011-infiniti-qx-press-kit-2
US,Infiniti QX60 SUV 2014-2015,SU1,缓存精确继承,https://www.infinitiusa.com/vehicles/crossovers/qx60-24.html
US,Infiniti QX60 SUV 2016,SU1,缓存精确继承,https://www.infinitiusa.com/vehicles/crossovers/qx60-24.html
US,Infiniti QX60 SUV 2017-2019,SU1,缓存精确继承,https://www.infinitiusa.com/vehicles/crossovers/qx60-24.html
US,Infiniti QX60 SUV 2020,SU1,缓存精确继承,https://www.infinitiusa.com/vehicles/crossovers/qx60-24.html
US,Infiniti QX60 SUV 2022-2026,SU1,缓存精确继承,https://www.infinitiusa.com/vehicles/crossovers/qx60-24.html
US,Infiniti QX70 Crossover 2014-2017,SU0,缓存精确继承,https://www.infiniti.com/vehicles/legacy/qx70.html
US,Infiniti QX80 SUV 2014-2017,SU2,缓存精确继承,https://www.infinitiusa.com/vehicles/suvs/qx80.html?pp=0
US,Infiniti QX80 SUV 2018,SU2,缓存精确继承,https://www.infinitiusa.com/vehicles/suvs/qx80.html?pp=0
US,Infiniti QX80 SUV 2019-2024,SU2,缓存精确继承,https://www.infinitiusa.com/vehicles/suvs/qx80.html?pp=0
US,Infiniti QX80 SUV 2025-2026,SU2,缓存精确继承,https://www.infinitiusa.com/vehicles/suvs/qx80.html?pp=0
US,Jaguar E-Pace SUV 2018-2024,SU1,缓存精确继承,https://media.jaguar.com/en-gb/news/2017/07/jaguar-e-pace-compact-performance-suv-sports-car-looks
US,Jaguar F-Pace SUV 2017-2023,SU1,缓存精确继承,https://media.jaguar.com/en-gb/news/2015/09/press-kit-all-new-jaguar-f-pace
US,Jaguar F-Type Convertible 2015-2020,SD0,缓存精确继承,https://media.jaguar.com/en-us/news/2019/12/new-jaguar-f-type
US,Jaguar F-Type Coupe 2015-2020,SD0,缓存精确继承,https://media.jaguar.com/en-us/news/2019/12/new-jaguar-f-type
US,Jaguar F-Type P450 Convertible 2022-2024,SD0,缓存精确继承,https://media.jaguar.com/en-us/news/2019/12/new-jaguar-f-type
US,Jaguar F-Type P450 Coupe 2022-2024,SD0,缓存精确继承,https://media.jaguar.com/en-us/news/2019/12/new-jaguar-f-type
US,Jaguar F-Type P575 Convertible 2021-2023,SD0,缓存精确继承,https://media.jaguar.com/en-us/news/2019/12/new-jaguar-f-type
US,Jaguar F-Type P575 Coupe 2021-2023,SD0,缓存精确继承,https://media.jaguar.com/en-us/news/2019/12/new-jaguar-f-type
US,Jaguar F-Type R Convertible 2016-2020,SD0,缓存精确继承,https://media.jaguar.com/en-us/news/2019/12/new-jaguar-f-type
US,Jaguar F-Type R Coupe 2015-2020,SD0,缓存精确继承,https://media.jaguar.com/en-us/news/2019/12/new-jaguar-f-type
US,Jaguar F-Type R75 Convertible 2024,SD0,缓存精确继承,https://media.jaguar.com/en-us/news/2019/12/new-jaguar-f-type
US,Jaguar F-Type R75 Coupe 2024,SD0,缓存精确继承,https://media.jaguar.com/en-us/news/2019/12/new-jaguar-f-type
US,Jaguar F-Type SVR Convertible 2017-2020,SD0,缓存精确继承,https://media.jaguar.com/en-us/news/2019/12/new-jaguar-f-type
US,Jaguar F-Type SVR Coupe 2017-2020,SD0,缓存精确继承,https://media.jaguar.com/en-us/news/2019/12/new-jaguar-f-type
US,Jaguar F-Type V6/V8 S Convertible 2014,SD0,缓存精确继承,https://media.jaguar.com/en-us/news/2019/12/new-jaguar-f-type
US,Jaguar I-Pace SUV 2019-2024,SU0,缓存精确继承,https://media.jaguar.com/2018/new-jaguar-i-pace-electrifying-design
US,Jaguar S-Type Sedan 2000-2004,SD1,缓存精确继承,https://www.jaguarheritage.com/vehicles/1999%20Jaguar%20S-TYPE.pdf
US,Jaguar S-Type Sedan 2005-2008,SD1,缓存精确继承,https://www.jaguarheritage.com/vehicles/1999%20Jaguar%20S-TYPE.pdf
US,Jaguar X-Type Sedan 2002-2008,SD1,缓存精确继承,https://www.jaguarheritage.com/vehicle-collection/2009-jaguar-x-type-2-2-diesel-portfolio-estate-x1-ype/
US,Jaguar X-Type Wagon 2005-2008,H2,缓存精确继承,https://www.jaguarheritage.com/vehicle-collection/2009-jaguar-x-type-2-2-diesel-portfolio-estate-x1-ype/
US,Jaguar XE Sedan 2017-2019,SD1,缓存精确继承,https://media.jaguar.com/en-gb/news/2015/04/press-kit-new-jaguar-xe
US,Jaguar XE Sedan 2020,SD1,缓存精确继承,https://media.jaguar.com/en-gb/news/2015/04/press-kit-new-jaguar-xe
US,Jaguar XF Sedan 2009-2015,SD1,缓存精确继承,https://media.jaguar.com/en-us/news/2017/06/new-jaguar-xf-sportbrake
US,Jaguar XF Sedan 2016-2020,SD1,缓存精确继承,https://media.jaguar.com/en-us/news/2017/06/new-jaguar-xf-sportbrake
US,Jaguar XF Sedan 2021-2024,SD1,缓存精确继承,https://media.jaguar.com/en-us/news/2017/06/new-jaguar-xf-sportbrake
US,Jaguar XF Sportbrake Wagon 2018-2020,H2,缓存精确继承,https://media.jaguar.com/en-us/news/2017/06/new-jaguar-xf-sportbrake
US,Jaguar XJ LWB Sedan 1995,SD1,缓存精确继承,https://www.jaguarheritage.com/archive-services/certificates/?car_marque=jaguar&step=2
US,Jaguar XJ LWB Sedan 1996-1997,SD1,缓存精确继承,https://www.jaguarheritage.com/archive-services/certificates/?car_marque=jaguar&step=2
US,Jaguar XJ LWB Sedan 1998-2003,SD1,缓存精确继承,https://www.jaguarheritage.com/archive-services/certificates/?car_marque=jaguar&step=2
US,Jaguar XJ LWB Sedan 2004-2009,SD1,缓存精确继承,https://www.jaguarheritage.com/archive-services/certificates/?car_marque=jaguar&step=2
US,Jaguar XJ LWB Sedan 2011-2019,SD1,缓存精确继承,https://www.jaguarheritage.com/archive-services/certificates/?car_marque=jaguar&step=2
US,Jaguar XJ SWB Sedan 1995-1997,SD1,缓存精确继承,https://www.jaguarheritage.com/archive-services/certificates/?car_marque=jaguar&step=2
US,Jaguar XJ SWB Sedan 1998-2003,SD1,缓存精确继承,https://www.jaguarheritage.com/archive-services/certificates/?car_marque=jaguar&step=2
US,Jaguar XJ SWB Sedan 2004-2009,SD1,缓存精确继承,https://www.jaguarheritage.com/archive-services/certificates/?car_marque=jaguar&step=2
US,Jaguar XJ SWB Sedan 2011-2019,SD1,缓存精确继承,https://www.jaguarheritage.com/archive-services/certificates/?car_marque=jaguar&step=2
US,Jaguar XJ Sedan 1979-1992,SD1,缓存精确继承,https://www.jaguarheritage.com/vehicle-collection/1994-jaguar-sovereign-4-0-litre-m94-fvc/
US,Jaguar XJ Sedan 1988-1994,SD1,缓存精确继承,https://www.jaguarheritage.com/vehicle-collection/1994-jaguar-sovereign-4-0-litre-m94-fvc/
US,Jaguar XJS Convertible 1984-1991,SD0,缓存精确继承,https://www.jaguarheritage.com/jaguar-world-may-2018-jaguar-convertible-at-30/
US,Jaguar XJS Convertible 1992-1996,SD0,缓存精确继承,https://www.jaguarheritage.com/jaguar-world-may-2018-jaguar-convertible-at-30/
US,Jaguar XJS Coupe 1976-1983,SD0,缓存精确继承,https://www.jaguarheritage.com/jaguar-world-may-2018-jaguar-convertible-at-30/
US,Jaguar XJS Coupe 1992-1996,SD0,缓存精确继承,https://www.jaguarheritage.com/jaguar-world-may-2018-jaguar-convertible-at-30/
US,Jaguar XK Convertible 1997-2004,SD0,缓存精确继承,https://en.wikipedia.org/wiki/Jaguar_XK
US,Jaguar XK Coupe 1997-2004,SD0,缓存精确继承,https://en.wikipedia.org/wiki/Jaguar_XK
US,Jaguar XK XKR Convertible 2005-2006,SD0,缓存精确继承,https://en.wikipedia.org/wiki/Jaguar_XK
US,Jaguar XK XKR Convertible 2007-2015,SD0,缓存精确继承,https://en.wikipedia.org/wiki/Jaguar_XK
US,Jaguar XK XKR Coupe 2005-2006,SD0,缓存精确继承,https://en.wikipedia.org/wiki/Jaguar_XK
US,Jaguar XK XKR Coupe 2007-2015,SD0,缓存精确继承,https://en.wikipedia.org/wiki/Jaguar_XK
US,Jaguar XK XKR-S Convertible 2012-2014,SD0,缓存精确继承,https://en.wikipedia.org/wiki/Jaguar_XK
US,Jaguar XK XKR-S Coupe 2012-2014,SD0,缓存精确继承,https://en.wikipedia.org/wiki/Jaguar_XK
US,Jeep Cherokee SUV 1974-1983,JP,缓存精确继承,https://www.jeep.com/history/1970s.html
US,Jeep Cherokee SUV 1984-1990,JP,缓存精确继承,https://www.jeep.com/history/1970s.html
US,Jeep Cherokee SUV 1991-1993,JP,缓存精确继承,https://www.jeep.com/history/1970s.html
US,Jeep Cherokee SUV 1994-1996,JP,缓存精确继承,https://www.jeep.com/history/1970s.html
US,Jeep Cherokee SUV 1997-2001,JP,缓存精确继承,https://www.jeep.com/history/1970s.html
US,Jeep Cherokee SUV 2014-2023,SU1,缓存精确继承,https://www.caranddriver.com/reviews/a15112049/2014-jeep-cherokee-limited-4x4-test-review/
US,Jeep Cherokee SUV 2026,SU2,缓存精确继承,https://www.jeep.com/cherokee/gallery.html
US,Jeep Commander SUV 2006-2010,SU2,缓存精确继承,https://www.jeep.com/history/2000s.html
US,Jeep Compass SUV 2007-2010,SU1,缓存精确继承,https://www.jeep.com/history/2000s.html
US,Jeep Compass SUV 2011-2016,SU1,缓存精确继承,https://www.jeep.com/history/2000s.html
US,Jeep Compass SUV 2017-2026,SU1,缓存精确继承,https://www.jeep.com/gf/history/2010s.html
US,Jeep Gladiator 4dr JT Mojave Pickup 2025-2026 Crew 5,P1,缓存精确继承,https://www.jeep.com/gladiator/design.html
US,Jeep Gladiator 4dr JT Pickup 2020-2024 Crew 5,P1,缓存精确继承,https://www.jeep.com/gladiator/design.html
US,Jeep Gladiator 4dr JT Pickup 2025-2026 Crew 5,P1,缓存精确继承,https://www.jeep.com/gladiator/design.html
US,Jeep Gladiator 4dr JT Rubicon Pickup 2020 Crew 5,P1,缓存精确继承,https://www.jeep.com/gladiator/design.html
US,Jeep Gladiator 4dr JT Rubicon Pickup 2025-2026 Crew 5,P1,缓存精确继承,https://www.jeep.com/gladiator/design.html
US,Jeep Gladiator 4dr JT Rubicon/Mojave Pickup 2021-2024 Crew 5,P1,缓存精确继承,https://www.jeep.com/gladiator/design.html
US,Jeep Grand Cherokee L SUV 2021-2025,SU1,缓存精确继承,https://www.jeep.com/history/1990s.html
US,Jeep Grand Cherokee L SUV 2026,SU1,缓存精确继承,https://www.jeep.com/history/1990s.html
US,Jeep Grand Cherokee SRT SUV 2014-2017,SU1,缓存精确继承,https://www.jeep.com/history/1990s.html
US,Jeep Grand Cherokee SRT SUV 2018-2019,SU1,缓存精确继承,https://www.jeep.com/history/1990s.html
US,Jeep Grand Cherokee SRT SUV 2020-2021,SU1,缓存精确继承,https://www.jeep.com/history/1990s.html
US,Jeep Grand Cherokee SUV 1993,SU1,缓存精确继承,https://www.jeep.com/history/1990s.html
US,Jeep Grand Cherokee SUV 1994-1995,SU1,缓存精确继承,https://www.jeep.com/history/1990s.html
US,Jeep Grand Cherokee SUV 1996,SU1,缓存精确继承,https://www.jeep.com/history/1990s.html
US,Jeep Grand Cherokee SUV 1997-1998,SU1,缓存精确继承,https://www.jeep.com/history/1990s.html
US,Jeep Grand Cherokee SUV 1999-2000,SU1,缓存精确继承,https://www.jeep.com/history/1990s.html
US,Jeep Grand Cherokee SUV 2001-2003,SU1,缓存精确继承,https://www.jeep.com/history/1990s.html
US,Jeep Grand Cherokee SUV 2004,SU1,缓存精确继承,https://www.jeep.com/history/1990s.html
US,Jeep Grand Cherokee SUV 2005-2009,SU1,缓存精确继承,https://www.jeep.com/history/1990s.html
US,Jeep Grand Cherokee SUV 2010,SU1,缓存精确继承,https://www.jeep.com/history/1990s.html
US,Jeep Grand Cherokee SUV 2011-2013,SU1,缓存精确继承,https://www.jeep.com/history/1990s.html
US,Jeep Grand Cherokee SUV 2014-2021,SU1,缓存精确继承,https://www.jeep.com/history/1990s.html
US,Jeep Grand Cherokee SUV 2022-2026,SU1,缓存精确继承,https://www.jeep.com/history/1990s.html
US,Jeep Grand Wagoneer L SUV 2023-2026,SU2,缓存精确继承,https://www.jeep.com/history/2020s.html
US,Jeep Grand Wagoneer SUV 1984-1991,SU2,缓存精确继承,https://www.jeep.com/history/1960s.html
US,Jeep Grand Wagoneer SUV 2022-2026,SU2,缓存精确继承,https://www.jeep.com/history/2020s.html
US,Jeep Liberty SUV 2002,SU1,缓存精确继承,https://www.jeep.com/history/2000s.html
US,Jeep Liberty SUV 2003-2005,SU1,缓存精确继承,https://www.jeep.com/history/2000s.html
US,Jeep Liberty SUV 2006-2007,SU1,缓存精确继承,https://www.jeep.com/history/2000s.html
US,Jeep Liberty SUV 2008-2010,SU2,缓存精确继承,https://www.jeep.com/history/2000s.html
US,Jeep Liberty SUV 2011,SU2,缓存精确继承,https://www.jeep.com/history/2000s.html
US,Jeep Liberty SUV 2012,SU2,缓存精确继承,https://www.jeep.com/history/2000s.html
US,Jeep Patriot SUV 2007-2010,SU2,缓存精确继承,https://www.jeep.com/history/2000s.html
US,Jeep Patriot SUV 2011-2017,SU2,缓存精确继承,https://www.jeep.com/history/2000s.html
US,Jeep Renegade SUV 2015-2018,SU2,缓存精确继承,https://www.jeep.com/history/2010s.html
US,Jeep Renegade SUV 2019-2023,SU2,缓存精确继承,https://www.jeep.com/history/2010s.html
US,Jeep Wagoneer L SUV 2023-2025,SU2,缓存精确继承,https://www.jeep.com/history/2020s.html
US,Jeep Wagoneer S SUV 2025-2026,SU1,缓存精确继承,https://blog.stellantisnorthamerica.com/2024/05/30/introducing-the-all-new-all-electric-2024-jeep-wagoneer-s-jeep-brands-first-global-battery-electric-suv/
US,Jeep Wagoneer SUV 1963-1991,SU2,缓存精确继承,https://www.jeep.com/history/1960s.html
US,Jeep Wagoneer SUV 2023-2025,SU2,缓存精确继承,https://www.jeep.com/history/2020s.html
US,Jeep Wrangler 2dr JK SUV 2007-2018,JP,缓存结构继承,车形分类核定/cache/model_shape_cache.csv
US,Jeep Wrangler 2dr JL SUV 2018-2024,JP,缓存结构继承,车形分类核定/cache/model_shape_cache.csv
US,Jeep Wrangler 2dr JL SUV 2025-2026,JP,缓存结构继承,车形分类核定/cache/model_shape_cache.csv
US,Jeep Wrangler 2dr JL Xtreme SUV 2026,JP,缓存结构继承,车形分类核定/cache/model_shape_cache.csv
US,Jeep Wrangler 2dr LJ Unlimited Rubicon SUV 2005-2006,JP,缓存结构继承,车形分类核定/cache/model_shape_cache.csv
US,Jeep Wrangler 2dr LJ Unlimited SUV 2004-2006,JP,缓存结构继承,车形分类核定/cache/model_shape_cache.csv
US,Jeep Wrangler 2dr TJ Rubicon SUV 2004-2006,JP,缓存结构继承,车形分类核定/cache/model_shape_cache.csv
US,Jeep Wrangler 2dr TJ SUV 1997-2006,JP,缓存结构继承,车形分类核定/cache/model_shape_cache.csv
US,Jeep Wrangler 2dr YJ SUV 1987-1995,JP,缓存结构继承,车形分类核定/cache/model_shape_cache.csv
US,Jeep Wrangler 4dr JKU SUV 2007-2018,JP,缓存结构继承,车形分类核定/cache/model_shape_cache.csv
US,Jeep Wrangler 4dr JLU Rubicon 392 SUV 2021-2026,JP,缓存结构继承,车形分类核定/cache/model_shape_cache.csv
US,Jeep Wrangler 4dr JLU SUV 2018-2024,JP,缓存结构继承,车形分类核定/cache/model_shape_cache.csv
US,Jeep Wrangler 4dr JLU SUV 2025-2026,JP,缓存结构继承,车形分类核定/cache/model_shape_cache.csv
US,Jeep Wrangler 4dr JLU Xtreme SUV 2024-2026,JP,缓存结构继承,车形分类核定/cache/model_shape_cache.csv
US,Karma Automotive GS-6 Sedan 2021-2022,SD0,缓存精确继承,https://karmaautomotive.com/karma-news/karma-automotives-new-era-dawns/
US,Karma Automotive Revero GT/GTS Sedan 2017-2020,SD0,缓存精确继承,https://karmaautomotive.com/revero/?is_eu=0&on_eu=0
US,Karma Automotive Revero GT/GTS Sedan 2021,SD0,缓存精确继承,https://karmaautomotive.com/revero/?is_eu=0&on_eu=0
US,Karma Automotive Revero Sedan 2025,SD0,缓存精确继承,https://karmaautomotive.com/revero/?is_eu=0&on_eu=0
US,Kia Amanti Sedan 2004-2009,SD1,缓存精确继承,https://www.kiamedia.com/us/en/media/pressreleases/3588/2009-kia-amanti
US,Kia Borrego SUV 2009,SU2,缓存精确继承,https://www.kiamedia.com/us/en/media/pressreleases/3590/2009-kia-borrego
US,Kia Cadenza Sedan 2014,SD1,缓存精确继承,https://www.kiamedia.com/us/en/models/cadenza/2020
US,Kia Cadenza Sedan 2015-2016,SD1,缓存精确继承,https://www.kiamedia.com/us/en/models/cadenza/2020
US,Kia Cadenza Sedan 2017-2020,SD1,缓存精确继承,https://www.kiamedia.com/us/en/models/cadenza/2020
US,Kia Carnival MPV 2022-2026,V0,缓存精确继承,车形分类核定/cache/model_shape_cache.csv
US,Kia Carnival Sedona LWB MPV 2007-2012,V0,缓存精确继承,车形分类核定/cache/model_shape_cache.csv
US,Kia Carnival Sedona LWB MPV 2014,V0,缓存精确继承,车形分类核定/cache/model_shape_cache.csv
US,Kia Carnival Sedona MPV 2015-2021,V0,缓存精确继承,车形分类核定/cache/model_shape_cache.csv
US,Kia Carnival Sedona SWB MPV 2002-2005,V0,缓存精确继承,车形分类核定/cache/model_shape_cache.csv
US,Kia Carnival Sedona SWB MPV 2007,V0,缓存精确继承,车形分类核定/cache/model_shape_cache.csv
US,Kia EV6 Crossover 2022-2026,SU0,缓存精确继承,https://www.kiamedia.com/us/en/media/pressreleases/22848/2025-kia-ev6-debuts-at-la-auto-show-with-design-updates-more-tech-and-enhanced-battery-capacity
US,Kia EV9 SUV 2024-2026,SU2,缓存精确继承,https://www.kiamedia.com/us/en/media/pressreleases/21738/the-2024-kia-ev9-modern-refinement-and-all-electric-capability-1
US,Kia Forte Coupe 2010-2013,SD1,缓存精确继承,https://www.kiamedia.com/us/en/models/forte5/2016
US,Kia Forte Forte5 Hatchback 2014-2018,H0,缓存精确继承,https://www.kiamedia.com/us/en/models/forte5/2016
US,Kia Forte Koup Coupe 2014-2016,SD1,缓存精确继承,https://www.kiamedia.com/us/en/models/forte5/2016
US,Kia Forte Sedan 2010-2013,SD1,缓存精确继承,https://www.kiamedia.com/us/en/models/forte5/2016
US,Kia Forte Sedan 2014-2018,SD1,缓存精确继承,https://www.kiamedia.com/us/en/models/forte5/2016
US,Kia Forte Sedan 2019-2024,SD1,缓存精确继承,https://www.kiamedia.com/us/en/models/forte5/2016
US,Kia K5 Sedan 2021-2026,SD1,缓存精确继承,https://www.kiamedia.com/us/en/models/k5/2021?sf124735412=1
US,Kia K900 Sedan 2015-2017,SD1,缓存精确继承,https://www.kiamedia.com/us/en/models/k900/2019/pressreleases
US,Kia K900 Sedan 2019-2020,SD1,缓存精确继承,https://www.kiamedia.com/us/en/models/k900/2019/pressreleases
US,Kia NIRO Crossover 2017-2022,SU1,缓存精确继承,https://www.kiamedia.com/us/en/media/pressreleases/11952/2017-niro-overview
US,Kia NIRO Crossover 2023-2026,SU1,缓存精确继承,https://www.kiamedia.com/us/en/media/pressreleases/11952/2017-niro-overview
US,Kia NIRO EV Crossover 2019-2022,SU1,缓存精确继承,https://www.kiamedia.com/us/en/media/pressreleases/11952/2017-niro-overview
US,Kia NIRO EV Crossover 2023-2026,SU1,缓存精确继承,https://www.kiamedia.com/us/en/media/pressreleases/11952/2017-niro-overview
US,Kia Optima Hybrid Sedan 2011-2015,SD1,缓存精确继承,https://www.kiamedia.com/us/en/media/pressreleases/10571/2016-optima-overview
US,Kia Optima Hybrid Sedan 2016,SD1,缓存精确继承,https://www.kiamedia.com/us/en/media/pressreleases/10571/2016-optima-overview
US,Kia Optima Hybrid Sedan 2017-2020,SD1,缓存精确继承,https://www.kiamedia.com/us/en/media/pressreleases/10571/2016-optima-overview
US,Kia Optima PHEV Sedan 2017-2020,SD1,缓存精确继承,https://www.kiamedia.com/us/en/media/pressreleases/10571/2016-optima-overview
US,Kia Optima Sedan 2001-2005,SD1,缓存精确继承,https://www.kiamedia.com/us/en/media/pressreleases/10571/2016-optima-overview
US,Kia Optima Sedan 2006-2010,SD1,缓存精确继承,https://www.kiamedia.com/us/en/media/pressreleases/10571/2016-optima-overview
US,Kia Optima Sedan 2011-2015,SD1,缓存精确继承,https://www.kiamedia.com/us/en/media/pressreleases/10571/2016-optima-overview
US,Kia Optima Sedan 2016-2020,SD1,缓存精确继承,https://www.kiamedia.com/us/en/media/pressreleases/10571/2016-optima-overview
US,Kia Rio Rio5 Hatchback 2006-2011,H0,缓存精确继承,https://www.kiamedia.com/us/en/models/rio-5-door/2018
US,Kia Rio Rio5 Hatchback 2012-2017,H0,缓存精确继承,https://www.kiamedia.com/us/en/models/rio-5-door/2018
US,Kia Rio Rio5 Hatchback 2018-2023,H0,缓存精确继承,https://www.kiamedia.com/us/en/models/rio-5-door/2018
US,Kia Rio Rio5 Wagon 2001-2005,H2,缓存精确继承,https://www.kiamedia.com/us/en/models/rio-5-door/2018
US,Kia Rio Sedan 2001-2005,SD1,缓存精确继承,https://www.kiamedia.com/us/en/models/rio-5-door/2018
US,Kia Rio Sedan 2006-2011,SD1,缓存精确继承,https://www.kiamedia.com/us/en/models/rio-5-door/2018
US,Kia Rio Sedan 2012-2017,SD1,缓存精确继承,https://www.kiamedia.com/us/en/models/rio-5-door/2018
US,Kia Rio Sedan 2018-2023,SD1,缓存精确继承,https://www.kiamedia.com/us/en/models/rio-5-door/2018
US,Kia Rondo SUV 2007-2008,V0,缓存精确继承,https://www.cars.com/research/kia-rondo/
US,Kia Rondo SUV 2009-2010,V0,缓存精确继承,https://www.cars.com/research/kia-rondo/
US,Kia SELTOS SUV 2021-2023,SU2,缓存精确继承,https://www.kiamedia.com/us/en/models/seltos/2021
US,Kia SELTOS SUV 2024-2025,SU2,缓存精确继承,https://www.kiamedia.com/us/en/models/seltos/2021
US,Kia Sephia Sedan 1994,SD1,缓存精确继承,https://heritage.kia.com/en/vehicles/sephia/
US,Kia Sephia Sedan 1995-1997,SD1,缓存精确继承,https://heritage.kia.com/en/vehicles/sephia/
US,Kia Sephia Sedan 1998-2001,SD1,缓存精确继承,https://heritage.kia.com/en/vehicles/sephia/
US,Kia Sorento PHEV SUV 2024,SU1,缓存精确继承,https://www.kiamedia.com/us/en/models/sorento/2021
US,Kia Sorento SUV 2003-2009,SU1,缓存精确继承,https://www.kiamedia.com/us/en/models/sorento/2021
US,Kia Sorento SUV 2011-2015,SU1,缓存精确继承,https://www.kiamedia.com/us/en/models/sorento/2021
US,Kia Sorento SUV 2016-2018,SU1,缓存精确继承,https://www.kiamedia.com/us/en/models/sorento/2021
US,Kia Sorento SUV 2019-2020,SU1,缓存精确继承,https://www.kiamedia.com/us/en/models/sorento/2021
US,Kia Sorento SUV 2021-2023,SU1,缓存精确继承,https://www.kiamedia.com/us/en/models/sorento/2021
US,Kia Sorento SUV 2024-2026,SU1,缓存精确继承,https://www.kiamedia.com/us/en/models/sorento/2021
US,Kia Soul EV Hatchback 2014-2019,H1,缓存精确继承,https://www.kiamedia.com/us/en/models/soul/2014/specifications
US,Kia Soul Wagon 2010-2013,H1,缓存精确继承,https://www.kiamedia.com/us/en/models/soul/2014/specifications
US,Kia Soul Wagon 2014-2019,H1,缓存精确继承,https://www.kiamedia.com/us/en/models/soul/2014/specifications
US,Kia Soul Wagon 2020-2025,H1,缓存精确继承,https://www.kiamedia.com/us/en/models/soul/2014/specifications
US,Kia Spectra Hatchback 2002-2004,H0,缓存精确继承,https://www.jdpower.com/cars/history/kia/spectra
US,Kia Spectra Hatchback 2006,H0,缓存精确继承,https://www.jdpower.com/cars/history/kia/spectra
US,Kia Spectra Hatchback 2007-2009,H0,缓存精确继承,https://www.jdpower.com/cars/history/kia/spectra
US,Kia Spectra Sedan 2000-2001,SD1,缓存精确继承,https://www.jdpower.com/cars/history/kia/spectra
US,Kia Spectra Sedan 2004,SD1,缓存精确继承,https://www.jdpower.com/cars/history/kia/spectra
US,Kia Spectra Sedan 2005-2006,SD1,缓存精确继承,https://www.jdpower.com/cars/history/kia/spectra
US,Kia Spectra Sedan 2007-2009,SD1,缓存精确继承,https://www.jdpower.com/cars/history/kia/spectra
US,Kia Sportage 2dr SUV 1995-2002,SU2,缓存精确继承,https://www.kiamedia.com/us/en/models/sportage/2023
US,Kia Sportage 4dr SUV 1995,SU2,缓存精确继承,https://www.kiamedia.com/us/en/models/sportage/2023
US,Kia Sportage 4dr SUV 1996,SU2,缓存精确继承,https://www.kiamedia.com/us/en/models/sportage/2023
US,Kia Sportage 4dr SUV 1997,SU2,缓存精确继承,https://www.kiamedia.com/us/en/models/sportage/2023
US,Kia Sportage PHEV SUV 2023-2026,SU1,缓存精确继承,https://www.kiamedia.com/us/en/models/sportage/2023
US,Kia Sportage SUV 2005-2010,SU1,缓存精确继承,https://www.kiamedia.com/us/en/models/sportage/2023
US,Kia Sportage SUV 2011-2016,SU1,缓存精确继承,https://www.kiamedia.com/us/en/models/sportage/2023
US,Kia Sportage SUV 2017-2022,SU1,缓存精确继承,https://www.kiamedia.com/us/en/models/sportage/2023
US,Kia Sportage SUV 2023-2025,SU1,缓存精确继承,https://www.kiamedia.com/us/en/models/sportage/2023
US,Kia Sportage SUV 2026,SU1,缓存精确继承,https://www.kiamedia.com/us/en/models/sportage/2023
US,Kia Stinger Coupe 2018-2021,SD1,缓存精确继承,https://www.kiamedia.com/us/en/media/pressreleases/12966/2018-kia-stinger-overview
US,Kia Stinger Fastback 2022-2023,SD1,缓存精确继承,https://www.kiamedia.com/us/en/media/pressreleases/12966/2018-kia-stinger-overview
US,Kia Stinger GT Liftback 2018-2021,SD1,缓存精确继承,https://www.kiamedia.com/us/en/media/pressreleases/12966/2018-kia-stinger-overview
US,Kia Telluride SUV 2020-2023,SU2,缓存精确继承,https://www.kiamedia.com/us/en/models/telluride/2020
US,Kia Telluride SUV 2024-2026,SU2,缓存精确继承,https://www.kiamedia.com/us/en/models/telluride/2020
US,Land Rover Defender 110 NAS SUV 1993,JP,缓存精确继承,车形分类核定/cache/model_shape_cache.csv
US,Land Rover Defender 110 OCTA SUV 2025-2026,JP,缓存精确继承,车形分类核定/cache/model_shape_cache.csv
US,Land Rover Defender 110 SUV 2020-2024,JP,缓存精确继承,车形分类核定/cache/model_shape_cache.csv
US,Land Rover Defender 130 SUV 2023-2026,JP,缓存精确继承,车形分类核定/cache/model_shape_cache.csv
US,Land Rover Defender 90 NAS SUV 1994-1995,JP,缓存精确继承,车形分类核定/cache/model_shape_cache.csv
US,Land Rover Defender 90 NAS SUV 1997,JP,缓存精确继承,车形分类核定/cache/model_shape_cache.csv
US,Land Rover Defender 90 SUV 2020-2026,JP,缓存精确继承,车形分类核定/cache/model_shape_cache.csv
US,Land Rover Discovery SUV 1994-1998,SU2,缓存精确继承,https://www.landrover.co.uk/vehicles/discovery-1-4.html
US,Land Rover Discovery SUV 1999,SU2,缓存精确继承,https://www.landrover.co.uk/vehicles/discovery-1-4.html
US,Land Rover Discovery SUV 2000-2004,SU2,缓存精确继承,https://www.landrover.co.uk/vehicles/discovery-1-4.html
US,Land Rover Discovery SUV 2010-2016,SU2,缓存精确继承,https://www.landrover.co.uk/vehicles/discovery-1-4.html
US,Land Rover Discovery SUV 2017,SU1,缓存精确继承,https://media.landrover.com/en-us/news/2016/09/land-rover-unveils-fifth-generation-full-size-discovery
US,Land Rover Discovery SUV 2018-2019,SU1,缓存精确继承,https://media.landrover.com/en-us/news/2016/09/land-rover-unveils-fifth-generation-full-size-discovery
US,Land Rover Discovery SUV 2020,SU1,缓存精确继承,https://media.landrover.com/en-us/news/2016/09/land-rover-unveils-fifth-generation-full-size-discovery
US,Land Rover Discovery SUV 2021,SU1,缓存精确继承,https://media.landrover.com/en-us/news/2016/09/land-rover-unveils-fifth-generation-full-size-discovery
US,Land Rover Discovery SUV 2022,SU1,缓存精确继承,https://media.landrover.com/en-us/news/2016/09/land-rover-unveils-fifth-generation-full-size-discovery
US,Land Rover Discovery SUV 2023-2024,SU1,缓存精确继承,https://media.landrover.com/en-us/news/2016/09/land-rover-unveils-fifth-generation-full-size-discovery
US,Land Rover Discovery Sport SUV 2015-2019,SU1,缓存精确继承,https://media.landrover.com/en-us/news/2014/09/new-2015-land-rover-discovery-sport-versatile-premium-compact-suv
US,Land Rover Discovery Sport SUV 2020-2026,SU1,缓存精确继承,https://media.landrover.com/en-us/news/2014/09/new-2015-land-rover-discovery-sport-versatile-premium-compact-suv
US,Land Rover Evoque Coupe 2012-2018,SU1,缓存精确继承,https://media.landrover.com/news/2010/11/introducing-all-new-range-rover-evoque-five-door
US,Land Rover Evoque SUV 2020-2026,SU1,缓存精确继承,https://media.landrover.com/news/2010/11/introducing-all-new-range-rover-evoque-five-door
US,Land Rover Freelander SUV 2002-2003,SU1,缓存精确继承,https://media.landrover.com/en/press-kit
US,Land Rover Freelander SUV 2004,SU1,缓存精确继承,https://media.landrover.com/en/press-kit
US,Land Rover Freelander SUV 2005,SU1,缓存精确继承,https://media.landrover.com/en/press-kit
US,Land Rover LR2 SUV 2008-2015,SU1,缓存精确继承,https://media.landrover.com/en-us/press-kit
US,Land Rover LR3 SUV 2005-2009,SU2,缓存精确继承,https://media.landrover.com/en-us/press-kit
US,Land Rover LR4 SUV 2010,SU2,缓存精确继承,https://media.landrover.com/en-us/press-kit
US,Land Rover LR4 SUV 2011-2012,SU2,缓存精确继承,https://media.landrover.com/en-us/press-kit
US,Land Rover LR4 SUV 2013,SU2,缓存精确继承,https://media.landrover.com/en-us/press-kit
US,Land Rover LR4 SUV 2014-2016,SU2,缓存精确继承,https://media.landrover.com/en-us/press-kit
US,Land Rover Range Rover Evoque Convertible 2017-2019,SU1,缓存精确继承,https://media.landrover.com/news/2023/06/range-rover-evoque-new-design-and-sophisticated-technologies-amplify-true-modern
US,Land Rover Range Rover Evoque Coupe 2012-2016,SU1,缓存精确继承,https://media.landrover.com/news/2023/06/range-rover-evoque-new-design-and-sophisticated-technologies-amplify-true-modern
US,Land Rover Range Rover Evoque SUV 2020-2026,SU1,缓存精确继承,https://media.landrover.com/news/2023/06/range-rover-evoque-new-design-and-sophisticated-technologies-amplify-true-modern
US,Land Rover Range Rover LWB SUV 1993-1995,SU2,缓存精确继承,https://media.landrover.com/en-gb/news/2017/01/48-years-range-rover-peerless-design-and-engineering-innovation-through-every
US,Land Rover Range Rover LWB SUV 2014-2017,SU2,缓存精确继承,https://media.landrover.com/en-gb/news/2017/01/48-years-range-rover-peerless-design-and-engineering-innovation-through-every
US,Land Rover Range Rover LWB SUV 2018,SU2,缓存精确继承,https://media.landrover.com/en-gb/news/2017/01/48-years-range-rover-peerless-design-and-engineering-innovation-through-every
US,Land Rover Range Rover LWB SUV 2019,SU2,缓存精确继承,https://media.landrover.com/en-gb/news/2017/01/48-years-range-rover-peerless-design-and-engineering-innovation-through-every
US,Land Rover Range Rover LWB SUV 2020-2021,SU2,缓存精确继承,https://media.landrover.com/en-gb/news/2017/01/48-years-range-rover-peerless-design-and-engineering-innovation-through-every
US,Land Rover Range Rover LWB SUV 2022-2026,SU2,缓存精确继承,https://media.landrover.com/en-gb/news/2017/01/48-years-range-rover-peerless-design-and-engineering-innovation-through-every
US,Land Rover Range Rover SUV 1987-1992,SU2,缓存精确继承,https://media.landrover.com/en-gb/news/2017/01/48-years-range-rover-peerless-design-and-engineering-innovation-through-every
US,Land Rover Range Rover SUV 1995-2002,SU2,缓存精确继承,https://media.landrover.com/en-gb/news/2017/01/48-years-range-rover-peerless-design-and-engineering-innovation-through-every
US,Land Rover Range Rover SUV 2003-2005,SU2,缓存精确继承,https://media.landrover.com/en-gb/news/2017/01/48-years-range-rover-peerless-design-and-engineering-innovation-through-every
US,Land Rover Range Rover SUV 2006-2012,SU2,缓存精确继承,https://media.landrover.com/en-gb/news/2017/01/48-years-range-rover-peerless-design-and-engineering-innovation-through-every
US,Land Rover Range Rover SUV 2013-2021,SU2,缓存精确继承,https://media.landrover.com/en-gb/news/2017/01/48-years-range-rover-peerless-design-and-engineering-innovation-through-every
US,Land Rover Range Rover SUV 2022-2026,SU2,缓存精确继承,https://media.landrover.com/en-gb/news/2017/01/48-years-range-rover-peerless-design-and-engineering-innovation-through-every
US,Land Rover Range Rover Sport SUV 2006-2008,SU2,缓存精确继承,车形分类核定/cache/model_shape_cache.csv
US,Land Rover Range Rover Sport SUV 2009,SU2,缓存精确继承,车形分类核定/cache/model_shape_cache.csv
US,Land Rover Range Rover Sport SUV 2010,SU2,缓存精确继承,车形分类核定/cache/model_shape_cache.csv
US,Land Rover Range Rover Sport SUV 2011-2013,SU2,缓存精确继承,车形分类核定/cache/model_shape_cache.csv
US,Land Rover Range Rover Sport SUV 2014,SU1,缓存精确继承,车形分类核定/cache/model_shape_cache.csv
US,Land Rover Range Rover Sport SUV 2015-2016,SU1,缓存精确继承,车形分类核定/cache/model_shape_cache.csv
US,Land Rover Range Rover Sport SUV 2017,SU1,缓存精确继承,车形分类核定/cache/model_shape_cache.csv
US,Land Rover Range Rover Sport SUV 2018-2022,SU1,缓存精确继承,车形分类核定/cache/model_shape_cache.csv
US,Land Rover Range Rover Sport SUV 2023,SU1,缓存精确继承,车形分类核定/cache/model_shape_cache.csv
US,Land Rover Range Rover Sport SUV 2024,SU1,缓存精确继承,车形分类核定/cache/model_shape_cache.csv
US,Land Rover Range Rover Sport SUV 2025,SU1,缓存精确继承,车形分类核定/cache/model_shape_cache.csv
US,Land Rover Range Rover Sport SUV 2026,SU1,缓存精确继承,车形分类核定/cache/model_shape_cache.csv
US,Land Rover Range Rover Velar SUV 2018-2026,SU1,缓存精确继承,https://jlrnewsroom.media/wp-content/uploads/2020/09/Range-Rover-Velar-21MY_Press_Kit_PDF_Interactive_International_230920.pdf
US,Lexus CT Hatchback 2011-2013,H0,缓存精确继承,https://global.toyota/en/detail/175459
US,Lexus CT Hatchback 2014-2017,H0,缓存精确继承,https://global.toyota/en/detail/175459
US,Lexus ES Sedan 1991,SD1,缓存精确继承,https://toyota-automobile-museum.jp/en/archives/car-database/
US,Lexus ES Sedan 1992-1996,SD1,缓存精确继承,https://pressroom.lexus.com/history-lexus/
US,Lexus ES Sedan 1997-2001,SD1,缓存精确继承,https://pressroom.lexus.com/history-lexus/
US,Lexus ES Sedan 2002-2006,SD1,缓存精确继承,https://pressroom.lexus.com/history-lexus/
US,Lexus ES Sedan 2007-2012,SD1,缓存精确继承,https://pressroom.lexus.com/history-lexus/
US,Lexus ES Sedan 2013-2018,SD1,缓存精确继承,https://pressroom.lexus.com/history-lexus/
US,Lexus ES Sedan 2019-2025,SD1,缓存精确继承,https://pressroom.lexus.com/history-lexus/
US,Lexus ES Sedan 2026,SD1,缓存精确继承,https://pressroom.lexus.com/history-lexus/
US,Lexus GS Sedan 1993-1996,SD1,本轮增量研究,https://media.lexus.co.uk/vehicles/model/archive-vehicles/gs-archive/
US,Lexus GS Sedan 1997,SD1,本轮增量研究,https://media.lexus.co.uk/vehicles/model/archive-vehicles/gs-archive/
US,Lexus GS Sedan 1998-2005,SD1,本轮增量研究,https://media.lexus.co.uk/vehicles/model/archive-vehicles/gs-archive/
US,Lexus GS Sedan 2006-2011,SD1,本轮增量研究,https://media.lexus.co.uk/vehicles/model/archive-vehicles/gs-archive/
US,Lexus GS Sedan 2013-2020,SD1,本轮增量研究,https://media.lexus.co.uk/vehicles/model/archive-vehicles/gs-archive/
US,Lexus GX Overtrail SUV 2024-2025,SU2,缓存精确继承,https://pressroom.lexus.com/a-new-legend-is-born-the-all-new-2024-lexus-gx/
US,Lexus GX Overtrail SUV 2026,SU2,缓存精确继承,https://pressroom.lexus.com/a-new-legend-is-born-the-all-new-2024-lexus-gx/
US,Lexus GX SUV 2003-2009,SU2,缓存精确继承,https://pressroom.lexus.com/lexus-introduces-second-generation-gx-460-luxury-suv-for-2010/
US,Lexus GX SUV 2010-2013,SU2,缓存精确继承,https://pressroom.lexus.com/lexus-introduces-second-generation-gx-460-luxury-suv-for-2010/
US,Lexus GX SUV 2014-2023,SU2,缓存精确继承,https://pressroom.lexus.com/lexus-introduces-second-generation-gx-460-luxury-suv-for-2010/
US,Lexus HS Sedan 2010-2012,SD1,缓存精确继承,https://pressroom.lexus.com/lexus-turns-up-the-heat-this-summer/
US,Lexus IS Convertible 2010-2015,SD1,缓存精确继承,https://pressroom.lexus.com/lexus-announces-prices-for-select-2010-models/
US,Lexus IS Sedan 2001-2005,SD1,缓存精确继承,https://pressroom.lexus.com/lexus-announces-prices-for-select-2010-models/
US,Lexus IS Sedan 2006-2009,SD1,缓存精确继承,https://pressroom.lexus.com/lexus-announces-prices-for-select-2010-models/
US,Lexus IS Sedan 2010-2013,SD1,缓存精确继承,https://pressroom.lexus.com/lexus-announces-prices-for-select-2010-models/
US,Lexus IS Sedan 2014-2020,SD1,缓存精确继承,https://pressroom.lexus.com/lexus-announces-prices-for-select-2010-models/
US,Lexus IS Sedan 2021,SD1,缓存精确继承,https://pressroom.lexus.com/lexus-announces-prices-for-select-2010-models/
US,Lexus IS Sedan 2022-2026,SD1,缓存精确继承,https://pressroom.lexus.com/lexus-announces-prices-for-select-2010-models/
US,Lexus LC Convertible 2021-2026,SD0,缓存精确继承,https://pressroom.lexus.com/open-air-opulence-the-2026-lexus-lc-500-convertible/
US,Lexus LC Coupe 2018-2026,SD0,缓存精确继承,https://pressroom.lexus.com/open-air-opulence-the-2026-lexus-lc-500-convertible/
US,Lexus LFA Coupe 2012,SD0,缓存精确继承,https://global.toyota/en/detail/308263
US,Lexus LS L Sedan 2007-2009,SD1,缓存精确继承,https://global.toyota/en/newsroom/lexus/34066804.html
US,Lexus LS L Sedan 2010-2012,SD1,缓存精确继承,https://global.toyota/en/newsroom/lexus/34066804.html
US,Lexus LS L Sedan 2013-2017,SD1,缓存精确继承,https://global.toyota/en/newsroom/lexus/34066804.html
US,Lexus LS Sedan 1990,SD1,缓存精确继承,https://global.toyota/en/detail/14440232
US,Lexus LS Sedan 1991,SD1,缓存精确继承,https://global.toyota/en/detail/14440232
US,Lexus LS Sedan 1992,SD1,缓存精确继承,https://global.toyota/en/detail/14440232
US,Lexus LS Sedan 1993-1994,SD1,缓存精确继承,https://global.toyota/en/detail/14440232
US,Lexus LS Sedan 1995-1996,SD1,缓存精确继承,https://global.toyota/en/detail/14440232
US,Lexus LS Sedan 1997-2000,SD1,缓存精确继承,https://global.toyota/en/detail/14440232
US,Lexus LS Sedan 2001,SD1,缓存精确继承,https://global.toyota/en/newsroom/lexus/34066804.html
US,Lexus LS Sedan 2002-2004,SD1,缓存精确继承,https://global.toyota/en/newsroom/lexus/34066804.html
US,Lexus LS Sedan 2005-2006,SD1,缓存精确继承,https://global.toyota/en/newsroom/lexus/34066804.html
US,Lexus LS Sedan 2007-2009,SD1,缓存精确继承,https://global.toyota/en/newsroom/lexus/34066804.html
US,Lexus LS Sedan 2010-2012,SD1,缓存精确继承,https://global.toyota/en/newsroom/lexus/34066804.html
US,Lexus LS Sedan 2013-2017,SD1,缓存精确继承,https://global.toyota/en/newsroom/lexus/34066804.html
US,Lexus LS Sedan 2018-2020,SD1,缓存精确继承,https://global.toyota/en/newsroom/lexus/34066804.html
US,Lexus LS Sedan 2021-2026,SD1,缓存精确继承,https://global.toyota/en/newsroom/lexus/34066804.html
US,Lexus LX SUV 1996-1997,SU2,缓存精确继承,https://global.toyota/en/newsroom/lexus/36143534.html
US,Lexus LX SUV 1998,SU2,缓存精确继承,https://global.toyota/en/newsroom/lexus/36143534.html
US,Lexus LX SUV 1999-2007,SU2,缓存精确继承,https://global.toyota/en/newsroom/lexus/36143534.html
US,Lexus LX SUV 2008-2011,SU2,缓存精确继承,https://global.toyota/en/newsroom/lexus/36143534.html
US,Lexus LX SUV 2012,SU2,缓存精确继承,https://global.toyota/en/newsroom/lexus/36143534.html
US,Lexus LX SUV 2013-2015,SU2,缓存精确继承,https://global.toyota/en/newsroom/lexus/36143534.html
US,Lexus LX SUV 2016-2017,SU2,缓存精确继承,https://global.toyota/en/newsroom/lexus/36143534.html
US,Lexus LX SUV 2018-2021,SU2,缓存精确继承,https://global.toyota/en/newsroom/lexus/36143534.html
US,Lexus LX SUV 2022-2024,SU2,缓存精确继承,https://global.toyota/en/newsroom/lexus/36143534.html
US,Lexus LX SUV 2025-2026,SU2,缓存精确继承,https://global.toyota/en/newsroom/lexus/36143534.html
US,Lexus NX SUV 2015-2017,SU1,缓存精确继承,https://global.toyota/en/newsroom/lexus/34148612.html
US,Lexus NX SUV 2018-2021,SU1,缓存精确继承,https://global.toyota/en/newsroom/lexus/34148612.html
US,Lexus NX SUV 2022-2026,SU1,缓存精确继承,https://global.toyota/en/newsroom/lexus/34148612.html
US,Lexus RC Coupe 2015-2018,SD0,缓存精确继承,https://global.toyota/en/detail/4103743
US,Lexus RC Coupe 2019-2024,SD0,缓存精确继承,https://global.toyota/en/detail/4103743
US,Lexus RC Coupe 2025,SD0,缓存精确继承,https://global.toyota/en/detail/4103743
US,Lexus RC RC F Coupe 2015-2019,SD0,缓存精确继承,https://global.toyota/en/detail/4103743
US,Lexus RC RC F Coupe 2020-2025,SD0,缓存精确继承,https://global.toyota/en/detail/4103743
US,Lexus RX RX L SUV 2018,SU1,缓存精确继承,https://global.toyota/en/newsroom/lexus/37367383.html
US,Lexus RX RX L SUV 2019-2022,SU1,缓存精确继承,https://global.toyota/en/newsroom/lexus/37367383.html
US,Lexus RX SUV 1999-2000,SU1,缓存精确继承,https://global.toyota/en/newsroom/lexus/37367383.html
US,Lexus RX SUV 2001-2002,SU1,缓存精确继承,https://global.toyota/en/newsroom/lexus/37367383.html
US,Lexus RX SUV 2003,SU1,缓存精确继承,https://global.toyota/en/newsroom/lexus/37367383.html
US,Lexus RX SUV 2004-2009,SU1,缓存精确继承,https://global.toyota/en/newsroom/lexus/37367383.html
US,Lexus RX SUV 2010,SU1,缓存精确继承,https://global.toyota/en/newsroom/lexus/37367383.html
US,Lexus RX SUV 2011-2012,SU1,缓存精确继承,https://global.toyota/en/newsroom/lexus/37367383.html
US,Lexus RX SUV 2013-2014,SU1,缓存精确继承,https://global.toyota/en/newsroom/lexus/37367383.html
US,Lexus RX SUV 2015,SU1,缓存精确继承,https://global.toyota/en/newsroom/lexus/37367383.html
US,Lexus RX SUV 2016-2022,SU1,缓存精确继承,https://global.toyota/en/newsroom/lexus/37367383.html
US,Lexus RX SUV 2023-2026,SU1,缓存精确继承,https://global.toyota/en/newsroom/lexus/37367383.html
US,Lexus RZ SUV 2023,SU1,缓存精确继承,https://global.toyota/en/newsroom/lexus/37204829.html
US,Lexus RZ SUV 2024-2026,SU1,缓存精确继承,https://global.toyota/en/newsroom/lexus/37204829.html
US,Lexus SC Convertible 2002-2010,SD0,缓存精确继承,https://media.lexus.co.uk/sc-430-launch-pack-july-2001/
US,Lexus SC Coupe 1992-2000,SD0,缓存精确继承,https://media.lexus.co.uk/sc-430-launch-pack-july-2001/
US,Lexus TX SUV 2024-2026,SU1,缓存精确继承,https://pressroom.lexus.com/a-new-era-of-three-row-luxury-the-first-ever-lexus-tx/
US,Lexus UX SUV 2019-2026,SU0,缓存精确继承,https://pressroom.lexus.com/2025-ux-300h-brings-more-power-to-the-streets/
US,Lincoln Aviator SUV 2003,SU2,缓存精确继承,https://www.lincoln.com/support/owner-manuals/owner-manuals-sitemap/
US,Lincoln Aviator SUV 2004,SU2,缓存精确继承,https://www.lincoln.com/support/owner-manuals/owner-manuals-sitemap/
US,Lincoln Aviator SUV 2005,SU2,缓存精确继承,https://www.lincoln.com/support/owner-manuals/owner-manuals-sitemap/
US,Lincoln Aviator SUV 2020,SU1,缓存精确继承,https://media.lincoln.com/content/dam/lincolnmedia/lna/us/history/100/design-innovation/Lincoln-100-Years-of-Design-and-Innovation.pdf
US,Lincoln Aviator SUV 2021-2024,SU1,缓存精确继承,https://media.lincoln.com/content/dam/lincolnmedia/lna/us/history/100/design-innovation/Lincoln-100-Years-of-Design-and-Innovation.pdf
US,Lincoln Aviator SUV 2025-2026,SU1,缓存精确继承,https://media.lincoln.com/content/dam/lincolnmedia/lna/us/history/100/design-innovation/Lincoln-100-Years-of-Design-and-Innovation.pdf
US,Lincoln Continental Convertible 1940-1942,SD1,缓存精确继承,https://corporate.ford.com/corporate/corporate/articles/history/lincoln-continental-origins/
US,Lincoln Continental Convertible 1946-1948,SD1,缓存精确继承,https://corporate.ford.com/corporate/corporate/articles/history/lincoln-continental-origins/
US,Lincoln Continental Convertible 1958-1960,SD2,缓存精确继承,https://corporate.ford.com/corporate/corporate/articles/history/lincoln-continental-origins/
US,Lincoln Continental Convertible 1961-1963,SD2,缓存精确继承,https://corporate.ford.com/corporate/corporate/articles/history/lincoln-continental-origins/
US,Lincoln Continental Convertible 1964-1965,SD2,缓存精确继承,https://corporate.ford.com/corporate/corporate/articles/history/lincoln-continental-origins/
US,Lincoln Continental Convertible 1966-1967,SD2,缓存精确继承,https://corporate.ford.com/corporate/corporate/articles/history/lincoln-continental-origins/
US,Lincoln Continental Coupe 1940-1942,SD1,缓存精确继承,https://corporate.ford.com/corporate/corporate/articles/history/lincoln-continental-origins/
US,Lincoln Continental Coupe 1946-1948,SD1,缓存精确继承,https://corporate.ford.com/corporate/corporate/articles/history/lincoln-continental-origins/
US,Lincoln Continental Coupe 1956-1957,SD1,缓存精确继承,https://corporate.ford.com/corporate/corporate/articles/history/lincoln-continental-origins/
US,Lincoln Continental Coupe 1970-1972,SD2,缓存精确继承,https://fordheritagevault.com/
US,Lincoln Continental Coupe 1973,SD2,缓存精确继承,https://fordheritagevault.com/
US,Lincoln Continental Coupe 1974,SD2,缓存精确继承,https://fordheritagevault.com/
US,Lincoln Continental Coupe 1975,SD2,缓存精确继承,https://fordheritagevault.com/
US,Lincoln Continental Coupe 1976,SD2,缓存精确继承,https://fordheritagevault.com/
US,Lincoln Continental Coupe 1977-1979,SD2,缓存精确继承,https://fordheritagevault.com/
US,Lincoln Continental Coupe 1980,SD2,缓存精确继承,https://fordheritagevault.com/
US,Lincoln Continental Sedan 1958-1960,SD2,缓存精确继承,https://corporate.ford.com/corporate/corporate/articles/history/lincoln-continental-origins/
US,Lincoln Continental Sedan 1961-1963,SD2,缓存精确继承,https://corporate.ford.com/corporate/corporate/articles/history/lincoln-continental-origins/
US,Lincoln Continental Sedan 1964-1965,SD2,缓存精确继承,https://corporate.ford.com/corporate/corporate/articles/history/lincoln-continental-origins/
US,Lincoln Continental Sedan 1966-1969,SD2,缓存精确继承,https://corporate.ford.com/corporate/corporate/articles/history/lincoln-continental-origins/
US,Lincoln Continental Sedan 1970-1972,SD2,缓存精确继承,https://fordheritagevault.com/
US,Lincoln Continental Sedan 1973,SD2,缓存精确继承,https://fordheritagevault.com/
US,Lincoln Continental Sedan 1974,SD2,缓存精确继承,https://fordheritagevault.com/
US,Lincoln Continental Sedan 1975,SD2,缓存精确继承,https://fordheritagevault.com/
US,Lincoln Continental Sedan 1976,SD2,缓存精确继承,https://fordheritagevault.com/
US,Lincoln Continental Sedan 1977-1979,SD2,缓存精确继承,https://fordheritagevault.com/
US,Lincoln Continental Sedan 1980,SD2,缓存精确继承,https://fordheritagevault.com/
US,Lincoln Continental Sedan 1982-1983,SD2,缓存精确继承,https://media.lincoln.com/content/dam/lincolnmedia/lna/us/history/100/design-innovation/Lincoln-100-Years-of-Design-and-Innovation.pdf
US,Lincoln Continental Sedan 1984,SD2,缓存精确继承,https://media.lincoln.com/content/dam/lincolnmedia/lna/us/history/100/design-innovation/Lincoln-100-Years-of-Design-and-Innovation.pdf
US,Lincoln Continental Sedan 1985-1987,SD2,缓存精确继承,https://media.lincoln.com/content/dam/lincolnmedia/lna/us/history/100/design-innovation/Lincoln-100-Years-of-Design-and-Innovation.pdf
US,Lincoln Continental Sedan 1988-1993,SD1,缓存精确继承,https://media.lincoln.com/content/dam/lincolnmedia/lna/us/history/100/design-innovation/Lincoln-100-Years-of-Design-and-Innovation.pdf
US,Lincoln Continental Sedan 1994,SD1,缓存精确继承,https://media.lincoln.com/content/dam/lincolnmedia/lna/us/history/100/design-innovation/Lincoln-100-Years-of-Design-and-Innovation.pdf
US,Lincoln Continental Sedan 1995-1998,SD1,缓存精确继承,https://media.lincoln.com/content/dam/lincolnmedia/lna/us/history/100/design-innovation/Lincoln-100-Years-of-Design-and-Innovation.pdf
US,Lincoln Continental Sedan 1999-2001,SD1,缓存精确继承,https://media.lincoln.com/content/dam/lincolnmedia/lna/us/history/100/design-innovation/Lincoln-100-Years-of-Design-and-Innovation.pdf
US,Lincoln Continental Sedan 2002,SD1,缓存精确继承,https://media.lincoln.com/content/dam/lincolnmedia/lna/us/history/100/design-innovation/Lincoln-100-Years-of-Design-and-Innovation.pdf
US,Lincoln Continental Sedan 2017-2020,SD1,缓存精确继承,https://media.lincoln.com/content/dam/lincolnmedia/lna/us/history/100/design-innovation/Lincoln-100-Years-of-Design-and-Innovation.pdf
US,Lincoln Corsair PHEV SUV 2020-2021,SU1,缓存精确继承,https://media.lincoln.com/content/dam/lincolnmedia/fmea/2025/July/Lincoln%20Corsair%20-%20Your%20Personalized%20Stylish%20Small%20SUV%20-%20ENG.pdf
US,Lincoln Corsair SUV 2020-2026,SU1,缓存精确继承,https://media.lincoln.com/content/dam/lincolnmedia/fmea/2025/July/Lincoln%20Corsair%20-%20Your%20Personalized%20Stylish%20Small%20SUV%20-%20ENG.pdf
US,Lincoln LS Sedan 2000-2001,SD1,缓存精确继承,https://www.lincoln.com/support/owner-manuals/owner-manuals-sitemap/
US,Lincoln LS Sedan 2002-2004,SD1,缓存精确继承,https://www.lincoln.com/support/owner-manuals/owner-manuals-sitemap/
US,Lincoln LS Sedan 2005,SD1,缓存精确继承,https://www.lincoln.com/support/owner-manuals/owner-manuals-sitemap/
US,Lincoln LS Sedan 2006,SD1,缓存精确继承,https://www.lincoln.com/support/owner-manuals/owner-manuals-sitemap/
US,Lincoln MKC SUV 2015-2019,SU1,缓存精确继承,https://media.lincoln.com/content/lincolnmedia/lna/us/en/news/2014/10/13/lincoln-mkc-named-crossover-utility-vehicle-of-texas-by-texas-au.html
US,Lincoln MKS Sedan 2009-2012,SD1,缓存精确继承,https://www.lincoln.com/support/owner-manuals/owner-manuals-sitemap/
US,Lincoln MKS Sedan 2013-2016,SD1,缓存精确继承,https://www.lincoln.com/support/owner-manuals/owner-manuals-sitemap/
US,Lincoln MKT Crossover 2010-2019,SU1,缓存精确继承,https://media.lincoln.com/content/dam/lincolnmedia/lna/us/2015/04/17/2015_Lincoln_MKT_Product_Card_HR.pdf
US,Lincoln MKX Crossover 2007-2008,SU1,缓存精确继承,https://en.wikipedia.org/wiki/Lincoln_MKX
US,Lincoln MKX Crossover 2009-2015,SU1,缓存精确继承,https://en.wikipedia.org/wiki/Lincoln_MKX
US,Lincoln MKX Crossover 2016-2018,SU1,缓存精确继承,https://en.wikipedia.org/wiki/Lincoln_MKX
US,Lincoln MKZ Sedan 2008-2009,SD1,缓存精确继承,https://www.lincoln.com/support/owner-manuals/owner-manuals-sitemap/
US,Lincoln MKZ Sedan 2010-2012,SD1,缓存精确继承,https://www.lincoln.com/support/owner-manuals/owner-manuals-sitemap/
US,Lincoln MKZ Sedan 2013-2017,SD1,缓存精确继承,https://www.lincoln.com/support/owner-manuals/owner-manuals-sitemap/
US,Lincoln MKZ Sedan 2018-2020,SD1,缓存精确继承,https://www.lincoln.com/support/owner-manuals/owner-manuals-sitemap/
US,Lincoln Mark VII Coupe 1984-1992,SD0,缓存精确继承,https://www.thelincolnmarkviiclub.org/history/
US,Lincoln Mark VIII Coupe 1993,SD0,缓存精确继承,https://www.lincoln.com.cn/about/heritage/this-week-in-history.html/?intcmp=exp-footer-about-this-week-in-history
US,Lincoln Mark VIII Coupe 1994-1998,SD0,缓存精确继承,https://www.lincoln.com.cn/about/heritage/this-week-in-history.html/?intcmp=exp-footer-about-this-week-in-history
US,Lincoln Nautilus SUV 2019-2023,SU1,缓存精确继承,https://www.lincoln.com/luxury-suvs/nautilus/
US,Lincoln Nautilus SUV 2024-2026,SU1,缓存精确继承,https://www.lincoln.com/luxury-suvs/nautilus/
US,Lincoln Navigator L SUV 2007,SU2,缓存精确继承,https://www.lincoln.com/luxury-suvs/navigator/
US,Lincoln Navigator L SUV 2008-2010,SU2,缓存精确继承,https://www.lincoln.com/luxury-suvs/navigator/
US,Lincoln Navigator L SUV 2011-2014,SU2,缓存精确继承,https://www.lincoln.com/luxury-suvs/navigator/
US,Lincoln Navigator L SUV 2015-2017,SU2,缓存精确继承,https://www.lincoln.com/luxury-suvs/navigator/
US,Lincoln Navigator L SUV 2018-2024,SU2,缓存精确继承,https://www.lincoln.com/luxury-suvs/navigator/
US,Lincoln Navigator L SUV 2025-2026,SU2,缓存精确继承,https://www.lincoln.com/luxury-suvs/navigator/
US,Lincoln Navigator SUV 1998-2000,SU2,缓存精确继承,https://www.lincoln.com/luxury-suvs/navigator/
US,Lincoln Navigator SUV 2001,SU2,缓存精确继承,https://www.lincoln.com/luxury-suvs/navigator/
US,Lincoln Navigator SUV 2002,SU2,缓存精确继承,https://www.lincoln.com/luxury-suvs/navigator/
US,Lincoln Navigator SUV 2003-2006,SU2,缓存精确继承,https://www.lincoln.com/luxury-suvs/navigator/
US,Lincoln Navigator SUV 2007-2014,SU2,缓存精确继承,https://www.lincoln.com/luxury-suvs/navigator/
US,Lincoln Navigator SUV 2015-2017,SU2,缓存精确继承,https://www.lincoln.com/luxury-suvs/navigator/
US,Lincoln Navigator SUV 2018-2024,SU2,缓存精确继承,https://www.lincoln.com/luxury-suvs/navigator/
US,Lincoln Navigator SUV 2025-2026,SU2,缓存精确继承,https://www.lincoln.com/luxury-suvs/navigator/
US,Lincoln Town Car L Sedan 2000-2002,SD2,缓存精确继承,https://www.lincoln.com/luxury-cars/town-car/
US,Lincoln Town Car L Sedan 2003-2004,SD2,缓存精确继承,https://www.lincoln.com/luxury-cars/town-car/
US,Lincoln Town Car L Sedan 2005-2011,SD2,缓存精确继承,https://www.lincoln.com/luxury-cars/town-car/
US,Lincoln Town Car Sedan 1981,SD2,缓存精确继承,https://www.lincoln.com/luxury-cars/town-car/
US,Lincoln Town Car Sedan 1982-1988,SD2,缓存精确继承,https://www.lincoln.com/luxury-cars/town-car/
US,Lincoln Town Car Sedan 1989,SD2,缓存精确继承,https://www.lincoln.com/luxury-cars/town-car/
US,Lincoln Town Car Sedan 1990,SD2,缓存精确继承,https://www.lincoln.com/luxury-cars/town-car/
US,Lincoln Town Car Sedan 1991,SD2,缓存精确继承,https://www.lincoln.com/luxury-cars/town-car/
US,Lincoln Town Car Sedan 1992-1997,SD2,缓存精确继承,https://www.lincoln.com/luxury-cars/town-car/
US,Lincoln Town Car Sedan 1998-2002,SD2,缓存精确继承,https://www.lincoln.com/luxury-cars/town-car/
US,Lincoln Town Car Sedan 2003-2004,SD2,缓存精确继承,https://www.lincoln.com/luxury-cars/town-car/
US,Lincoln Town Car Sedan 2005-2011,SD2,缓存精确继承,https://www.lincoln.com/luxury-cars/town-car/
US,Lincoln Zephyr Sedan 2006,SD1,缓存精确继承,https://www.cars.com/research/lincoln-zephyr-2006/specs/
US,Lucid Motors Air Sedan 2022-2026,SD1,缓存精确继承,https://ir.lucidmotors.com/news-releases/news-release-details/lucid-announces-final-production-specifications-lucid-air
US,Lucid Motors Gravity SUV 2025-2026,SU1,缓存精确继承,https://ir.lucidmotors.com/news-releases/news-release-details/introducing-lucid-gravity-redefining-electric-suv
US,MINI Clubman Wagon 2008-2014,H2,缓存精确继承,https://www.press.bmwgroup.com/usa/article/detail/T0439604EN_US/the-split-doors-close-on-an-icon%3A-farewell-mini-clubman
US,MINI Clubman Wagon 2016-2023,H2,缓存精确继承,https://www.press.bmwgroup.com/usa/article/detail/T0439604EN_US/the-split-doors-close-on-an-icon%3A-farewell-mini-clubman
US,MINI Clubman Wagon 2024,H2,缓存精确继承,https://www.press.bmwgroup.com/usa/article/detail/T0439604EN_US/the-split-doors-close-on-an-icon%3A-farewell-mini-clubman
US,MINI Convertible Convertible 2005-2008,SD1,缓存精确继承,https://www.press.bmwgroup.com/usa/article/detail/T0240123EN_US/the-new-mini-convertible-profile?language=en_US
US,MINI Convertible Convertible 2009-2010,SD1,缓存精确继承,https://www.press.bmwgroup.com/usa/article/detail/T0240123EN_US/the-new-mini-convertible-profile?language=en_US
US,MINI Convertible Convertible 2011-2015,SD1,缓存精确继承,https://www.press.bmwgroup.com/usa/article/detail/T0240123EN_US/the-new-mini-convertible-profile?language=en_US
US,MINI Convertible Convertible 2016-2023,SD1,缓存精确继承,https://www.press.bmwgroup.com/usa/article/detail/T0240123EN_US/the-new-mini-convertible-profile?language=en_US
US,MINI Convertible Convertible 2024,SD1,缓存精确继承,https://www.press.bmwgroup.com/usa/article/detail/T0240123EN_US/the-new-mini-convertible-profile?language=en_US
US,MINI Convertible Convertible 2025-2026,SD1,缓存精确继承,https://www.press.bmwgroup.com/usa/article/detail/T0240123EN_US/the-new-mini-convertible-profile?language=en_US
US,MINI Convertible JCW Convertible 2011-2015,SD1,缓存精确继承,https://www.press.bmwgroup.com/usa/article/detail/T0240123EN_US/the-new-mini-convertible-profile?language=en_US
US,MINI Convertible JCW Convertible 2016-2023,SD1,缓存精确继承,https://www.press.bmwgroup.com/usa/article/detail/T0240123EN_US/the-new-mini-convertible-profile?language=en_US
US,MINI Cooper 2dr Hatchback 2014,H0,缓存精确继承,https://www.press.bmwgroup.com/global/article/detail/T0324748EN/the-original-%E2%80%93-new-every-time%3A-the-mini-3-door-the-mini-5-door-the-mini-convertible?showMedia=photo
US,MINI Cooper 2dr Hatchback 2015-2023,H0,缓存精确继承,https://www.press.bmwgroup.com/global/article/detail/T0324748EN/the-original-%E2%80%93-new-every-time%3A-the-mini-3-door-the-mini-5-door-the-mini-convertible?showMedia=photo
US,MINI Cooper 2dr Hatchback 2025-2026,H0,缓存精确继承,https://www.press.bmwgroup.com/global/article/detail/T0324748EN/the-original-%E2%80%93-new-every-time%3A-the-mini-3-door-the-mini-5-door-the-mini-convertible?showMedia=photo
US,MINI Cooper 2dr S Hatchback 2024,H0,缓存精确继承,https://www.press.bmwgroup.com/global/article/detail/T0324748EN/the-original-%E2%80%93-new-every-time%3A-the-mini-3-door-the-mini-5-door-the-mini-convertible?showMedia=photo
US,MINI Cooper 2dr SE Hatchback 2024,H0,缓存精确继承,https://www.press.bmwgroup.com/global/article/detail/T0324748EN/the-original-%E2%80%93-new-every-time%3A-the-mini-3-door-the-mini-5-door-the-mini-convertible?showMedia=photo
US,MINI Cooper 4dr Hatchback 2015-2023,H0,缓存精确继承,https://www.press.bmwgroup.com/global/article/detail/T0324748EN/the-original-%E2%80%93-new-every-time%3A-the-mini-3-door-the-mini-5-door-the-mini-convertible?showMedia=photo
US,MINI Cooper 4dr S Hatchback 2024,H0,缓存精确继承,https://www.press.bmwgroup.com/global/article/detail/T0324748EN/the-original-%E2%80%93-new-every-time%3A-the-mini-3-door-the-mini-5-door-the-mini-convertible?showMedia=photo
US,MINI Cooper Hatchback 2002-2006,H0,缓存精确继承,https://www.press.bmwgroup.com/global/article/detail/T0324748EN/the-original-%E2%80%93-new-every-time%3A-the-mini-3-door-the-mini-5-door-the-mini-convertible?showMedia=photo
US,MINI Cooper Hatchback 2007-2010,H0,缓存精确继承,https://www.press.bmwgroup.com/global/article/detail/T0324748EN/the-original-%E2%80%93-new-every-time%3A-the-mini-3-door-the-mini-5-door-the-mini-convertible?showMedia=photo
US,MINI Cooper Hatchback 2011-2013,H0,缓存精确继承,https://www.press.bmwgroup.com/global/article/detail/T0324748EN/the-original-%E2%80%93-new-every-time%3A-the-mini-3-door-the-mini-5-door-the-mini-convertible?showMedia=photo
US,MINI Cooper SE Hatchback 2020-2024,H0,缓存精确继承,https://www.press.bmwgroup.com/global/article/detail/T0413025EN/the-original-celebrates-its-anniversary%3A-the-one-millionth-mini-3-door-of-the-current-generation
US,MINI Countryman JCW SUV 2016,SU2,缓存精确继承,https://www.press.bmwgroup.com/usa/article/detail/T0265382EN_US/eye-catching-and-multi-faceted-the-design-of-the-new-mini-countryman?language=en_US
US,MINI Countryman SUV 2011-2015,SU2,缓存精确继承,https://www.press.bmwgroup.com/usa/article/detail/T0265382EN_US/eye-catching-and-multi-faceted-the-design-of-the-new-mini-countryman?language=en_US
US,MINI Countryman SUV 2017-2024,SU2,缓存精确继承,https://www.press.bmwgroup.com/usa/article/detail/T0265382EN_US/eye-catching-and-multi-faceted-the-design-of-the-new-mini-countryman?language=en_US
US,MINI Countryman SUV 2025-2026,SU2,缓存精确继承,https://www.press.bmwgroup.com/usa/article/detail/T0265382EN_US/eye-catching-and-multi-faceted-the-design-of-the-new-mini-countryman?language=en_US
US,MINI Coupe Coupe 2012-2015,SD0,缓存精确继承,https://www.press.bmwgroup.com/global/article/detail/T0113154EN/the-mini-coup%C3%A9?language=en
US,MINI Hardtop 2dr Hatchback 2002-2006,H0,缓存精确继承,https://www.press.bmwgroup.com/global/article/detail/T0324748EN/the-original-%E2%80%93-new-every-time%3A-the-mini-3-door-the-mini-5-door-the-mini-convertible?showMedia=photo
US,MINI Hardtop 2dr Hatchback 2007-2008,H0,缓存精确继承,https://www.press.bmwgroup.com/global/article/detail/T0324748EN/the-original-%E2%80%93-new-every-time%3A-the-mini-3-door-the-mini-5-door-the-mini-convertible?showMedia=photo
US,MINI Hardtop 2dr Hatchback 2009,H0,缓存精确继承,https://www.press.bmwgroup.com/global/article/detail/T0324748EN/the-original-%E2%80%93-new-every-time%3A-the-mini-3-door-the-mini-5-door-the-mini-convertible?showMedia=photo
US,MINI Hardtop 2dr Hatchback 2010,H0,缓存精确继承,https://www.press.bmwgroup.com/global/article/detail/T0324748EN/the-original-%E2%80%93-new-every-time%3A-the-mini-3-door-the-mini-5-door-the-mini-convertible?showMedia=photo
US,MINI Hardtop 2dr Hatchback 2011,H0,缓存精确继承,https://www.press.bmwgroup.com/global/article/detail/T0324748EN/the-original-%E2%80%93-new-every-time%3A-the-mini-3-door-the-mini-5-door-the-mini-convertible?showMedia=photo
US,MINI Hardtop 2dr Hatchback 2012,H0,缓存精确继承,https://www.press.bmwgroup.com/global/article/detail/T0324748EN/the-original-%E2%80%93-new-every-time%3A-the-mini-3-door-the-mini-5-door-the-mini-convertible?showMedia=photo
US,MINI Hardtop 2dr Hatchback 2013,H0,缓存精确继承,https://www.press.bmwgroup.com/global/article/detail/T0324748EN/the-original-%E2%80%93-new-every-time%3A-the-mini-3-door-the-mini-5-door-the-mini-convertible?showMedia=photo
US,MINI Hardtop 2dr Hatchback 2014-2015,H0,缓存精确继承,https://www.press.bmwgroup.com/global/article/detail/T0324748EN/the-original-%E2%80%93-new-every-time%3A-the-mini-3-door-the-mini-5-door-the-mini-convertible?showMedia=photo
US,MINI Hardtop 2dr Hatchback 2016-2019,H0,缓存精确继承,https://www.press.bmwgroup.com/global/article/detail/T0324748EN/the-original-%E2%80%93-new-every-time%3A-the-mini-3-door-the-mini-5-door-the-mini-convertible?showMedia=photo
US,MINI Hardtop 2dr Hatchback 2020,H0,缓存精确继承,https://www.press.bmwgroup.com/global/article/detail/T0324748EN/the-original-%E2%80%93-new-every-time%3A-the-mini-3-door-the-mini-5-door-the-mini-convertible?showMedia=photo
US,MINI Hardtop 2dr Hatchback 2021-2024,H0,缓存精确继承,https://www.press.bmwgroup.com/global/article/detail/T0324748EN/the-original-%E2%80%93-new-every-time%3A-the-mini-3-door-the-mini-5-door-the-mini-convertible?showMedia=photo
US,MINI Hardtop 4dr Hatchback 2015,H0,缓存精确继承,https://www.press.bmwgroup.com/global/article/detail/T0324748EN/the-original-%E2%80%93-new-every-time%3A-the-mini-3-door-the-mini-5-door-the-mini-convertible?showMedia=photo
US,MINI Hardtop 4dr Hatchback 2016-2024,H0,缓存精确继承,https://www.press.bmwgroup.com/global/article/detail/T0324748EN/the-original-%E2%80%93-new-every-time%3A-the-mini-3-door-the-mini-5-door-the-mini-convertible?showMedia=photo
US,MINI Hatchback 2dr Cooper SE Hatchback 2020-2024,H0,缓存精确继承,https://www.press.bmwgroup.com/global/article/detail/T0277249EN/the-new-mini-3-door-the-new-mini-5-door-the-new-mini-convertible?showMedia=photo
US,MINI Hatchback 2dr Hatchback 2002-2006,H0,缓存精确继承,https://www.press.bmwgroup.com/global/article/detail/T0277249EN/the-new-mini-3-door-the-new-mini-5-door-the-new-mini-convertible?showMedia=photo
US,MINI Hatchback 2dr Hatchback 2007-2013,H0,缓存精确继承,https://www.press.bmwgroup.com/global/article/detail/T0277249EN/the-new-mini-3-door-the-new-mini-5-door-the-new-mini-convertible?showMedia=photo
US,MINI Hatchback 2dr Hatchback 2014-2024,H0,缓存精确继承,https://www.press.bmwgroup.com/global/article/detail/T0277249EN/the-new-mini-3-door-the-new-mini-5-door-the-new-mini-convertible?showMedia=photo
US,MINI Hatchback 4dr Hatchback 2015-2024,H0,缓存精确继承,https://www.press.bmwgroup.com/global/article/detail/T0277249EN/the-new-mini-3-door-the-new-mini-5-door-the-new-mini-convertible?showMedia=photo
US,MINI Paceman JCW ALL4 Crossover 2016,SU1,缓存精确继承,https://www.press.bmwgroup.com/usa/article/detail/T0134695EN_US/the-mini-paceman?language=en_US
US,MINI Paceman SUV 2013-2015,SU1,缓存精确继承,https://www.press.bmwgroup.com/usa/article/detail/T0134695EN_US/the-mini-paceman?language=en_US
US,MINI Roadster Convertible 2012-2014,SD0,缓存精确继承,https://www.press.bmwgroup.com/global/article/detail/T0124220EN/the-mini-roadster?language=en
US,MINI Roadster JCW Convertible 2015,SD0,缓存精确继承,https://www.press.bmwgroup.com/global/article/detail/T0124220EN/the-mini-roadster?language=en
US,Maserati Ghibli Sedan 2014-2017,SD1,缓存精确继承,https://www.maserati.com/us/en/car-range/sedans
US,Maserati Ghibli Sedan 2018-2024,SD1,缓存精确继承,https://www.maserati.com/us/en/car-range/sedans
US,Maserati GranTurismo Convertible 2019,SD0,缓存精确继承,https://www.maserati.com/global/en/models/granturismo
US,Maserati GranTurismo Coupe 2008-2014,SD0,缓存精确继承,https://www.maserati.com/global/en/models/granturismo
US,Maserati GranTurismo Coupe 2015-2016,SD0,缓存精确继承,https://www.maserati.com/global/en/models/granturismo
US,Maserati GranTurismo Coupe 2017-2018,SD0,缓存精确继承,https://www.maserati.com/global/en/models/granturismo
US,Maserati GranTurismo Coupe 2024-2026,SD0,缓存精确继承,https://www.maserati.com/global/en/models/granturismo
US,Maserati Grecale SUV 2023-2024,SU0,缓存精确继承,https://www.maserati.com/us/en/models/explore-maserati-grecale
US,Maserati Grecale SUV 2025-2026,SU0,缓存精确继承,https://www.maserati.com/us/en/models/explore-maserati-grecale
US,Maserati Levante SUV 2017-2018,SU0,缓存精确继承,https://www.maserati.com/global/en/models/levante
US,Maserati Levante SUV 2019-2021,SU0,缓存精确继承,https://www.maserati.com/global/en/models/levante
US,Maserati Levante SUV 2022-2023,SU0,缓存精确继承,https://www.maserati.com/global/en/models/levante
US,Maserati Levante SUV 2024,SU0,缓存精确继承,https://www.maserati.com/global/en/models/levante
US,Maserati MC20 Cielo Convertible 2023-2025,SD0,缓存精确继承,https://www.maserati.com/global/en/models/mc20
US,Maserati MC20 Coupe 2022-2025,SD0,缓存精确继承,https://www.maserati.com/global/en/models/mc20
US,Maserati Quattroporte Sedan 2005-2008,SD1,缓存精确继承,https://www.maserati.com/us/en/brand/our-story/our-cars/sedan
US,Maserati Quattroporte Sedan 2009-2013,SD1,缓存精确继承,https://www.maserati.com/us/en/brand/our-story/our-cars/sedan
US,Maserati Quattroporte Sedan 2014-2024,SD1,缓存精确继承,https://www.maserati.com/us/en/brand/our-story/our-cars/sedan
US,Mazda 2 Hatchback 2011-2014,H0,缓存精确继承,https://newsroom.mazda.com/en/publicity/release/2011/201110/111021a.html
US,Mazda 3 Hatchback 2004-2006,H0,缓存精确继承,https://newsroom.mazda.com/en/publicity/release/2009/200905/090514a.html
US,Mazda 3 Hatchback 2007-2009,H0,缓存精确继承,https://newsroom.mazda.com/en/publicity/release/2009/200905/090514a.html
US,Mazda 3 Hatchback 2010-2013,H0,缓存精确继承,https://newsroom.mazda.com/en/publicity/release/2009/200905/090514a.html
US,Mazda 3 Hatchback 2014-2018,H0,缓存精确继承,https://newsroom.mazda.com/en/publicity/release/2009/200905/090514a.html
US,Mazda 3 Hatchback 2019-2026,H0,缓存精确继承,https://newsroom.mazda.com/en/publicity/release/2009/200905/090514a.html
US,Mazda 3 Sedan 2004-2009,SD1,缓存精确继承,https://newsroom.mazda.com/en/publicity/release/2009/200905/090514a.html
US,Mazda 3 Sedan 2010-2013,SD1,缓存精确继承,https://newsroom.mazda.com/en/publicity/release/2009/200905/090514a.html
US,Mazda 3 Sedan 2014-2018,SD1,缓存精确继承,https://newsroom.mazda.com/en/publicity/release/2009/200905/090514a.html
US,Mazda 3 Sedan 2019-2026,SD1,缓存精确继承,https://newsroom.mazda.com/en/publicity/release/2009/200905/090514a.html
US,Mazda 5 SUV 2006-2011,V0,缓存精确继承,https://news.mazdausa.com/download/2012-Mazda5-Overview.pdf
US,Mazda 5 SUV 2012-2015,V0,缓存精确继承,https://news.mazdausa.com/download/2012-Mazda5-Overview.pdf
US,Mazda 6 Hatchback 2003-2008,H0,缓存精确继承,https://newsroom.mazda.com/en/publicity/release/2008/200801/080129.html
US,Mazda 6 Sedan 2009-2013,SD1,缓存精确继承,https://newsroom.mazda.com/en/publicity/release/2008/200801/080129.html
US,Mazda 6 Sedan 2014-2017,SD1,缓存精确继承,https://newsroom.mazda.com/en/publicity/release/2008/200801/080129.html
US,Mazda 6 Sedan 2018-2021,SD1,缓存精确继承,https://newsroom.mazda.com/en/publicity/release/2008/200801/080129.html
US,Mazda 6 Wagon 2004-2007,H2,缓存精确继承,https://newsroom.mazda.com/en/publicity/release/2008/200801/080129.html
US,Mazda CX-3 SUV 2016-2019,SU1,缓存精确继承,https://newsroom.mazda.com/en/publicity/release/2014/201411/141119a.html
US,Mazda CX-3 SUV 2020-2021,SU1,缓存精确继承,https://newsroom.mazda.com/en/publicity/release/2014/201411/141119a.html
US,Mazda CX-30 SUV 2020,SU1,缓存精确继承,https://newsroom.mazda.com/en/publicity/release/2019/201903/190305a.html
US,Mazda CX-30 SUV 2021,SU1,缓存精确继承,https://newsroom.mazda.com/en/publicity/release/2019/201903/190305a.html
US,Mazda CX-30 SUV 2022-2024,SU1,缓存精确继承,https://newsroom.mazda.com/en/publicity/release/2019/201903/190305a.html
US,Mazda CX-30 SUV 2025,SU1,缓存精确继承,https://newsroom.mazda.com/en/publicity/release/2019/201903/190305a.html
US,Mazda CX-30 SUV 2026,SU1,缓存精确继承,https://newsroom.mazda.com/en/publicity/release/2019/201903/190305a.html
US,Mazda CX-5 SUV 2013-2016,SU1,缓存精确继承,车形分类核定/cache/model_shape_cache.csv
US,Mazda CX-5 SUV 2017-2025,SU1,缓存精确继承,车形分类核定/cache/model_shape_cache.csv
US,Mazda CX-5 SUV 2026,SU1,缓存精确继承,车形分类核定/cache/model_shape_cache.csv
US,Mazda CX-50 SUV 2023-2024,SU1,缓存精确继承,https://newsroom.mazda.com/en/publicity/release/2021/202110/211007a.html
US,Mazda CX-50 SUV 2025,SU1,缓存精确继承,https://newsroom.mazda.com/en/publicity/release/2021/202110/211007a.html
US,Mazda CX-50 SUV 2026,SU1,缓存精确继承,https://newsroom.mazda.com/en/publicity/release/2021/202110/211007a.html
US,Mazda CX-7 SUV 2007,SU0,缓存精确继承,https://news.mazdausa.com/download/2009-CX7-press-release_FINAL.pdf
US,Mazda CX-7 SUV 2008-2012,SU0,缓存精确继承,https://news.mazdausa.com/download/2009-CX7-press-release_FINAL.pdf
US,Mazda CX-70 SUV 2025-2026,SU1,缓存精确继承,https://www.mazdausa.com/vehicles/cx-70/gallery
US,Mazda CX-9 SUV 2007,SU1,缓存精确继承,https://news.mazdausa.com/vehicles-2016-cx-9
US,Mazda CX-9 SUV 2008,SU1,缓存精确继承,https://news.mazdausa.com/vehicles-2016-cx-9
US,Mazda CX-9 SUV 2009-2010,SU1,缓存精确继承,https://news.mazdausa.com/vehicles-2016-cx-9
US,Mazda CX-9 SUV 2011-2012,SU1,缓存精确继承,https://news.mazdausa.com/vehicles-2016-cx-9
US,Mazda CX-9 SUV 2013-2015,SU1,缓存精确继承,https://news.mazdausa.com/vehicles-2016-cx-9
US,Mazda CX-9 SUV 2016-2023,SU1,缓存精确继承,https://news.mazdausa.com/vehicles-2016-cx-9
US,Mazda CX-90 SUV 2024-2025,SU1,缓存精确继承,https://news.mazdausa.com/2024-CX-90-Media-Drive-Program-CA
US,Mazda CX-90 SUV 2026,SU1,缓存精确继承,https://news.mazdausa.com/2024-CX-90-Media-Drive-Program-CA
US,Mazda MX-30 SUV 2022-2023,SU1,缓存精确继承,https://newsroom.mazda.com/en/publicity/release/2019/201910/191023a.html
US,Mazda MX-5 Coupe 1990-1997,SD0,缓存精确继承,https://news.mazdausa.com/2016-04-24-Mazda-Produces-One-Millionth-Mazda-MX-5
US,Mazda MX-5 Coupe 1999-2005,SD0,缓存精确继承,https://news.mazdausa.com/2016-04-24-Mazda-Produces-One-Millionth-Mazda-MX-5
US,Mazda MX-5 Coupe 2006-2015,SD0,缓存精确继承,https://news.mazdausa.com/2016-04-24-Mazda-Produces-One-Millionth-Mazda-MX-5
US,Mazda MX-5 Coupe 2016-2026,SD0,缓存精确继承,https://news.mazdausa.com/2016-04-24-Mazda-Produces-One-Millionth-Mazda-MX-5
US,Mazda MX-5 RF Convertible 2017-2026,SD0,缓存精确继承,https://news.mazdausa.com/2016-04-24-Mazda-Produces-One-Millionth-Mazda-MX-5
US,Mazda MX-6 Coupe 1990-1992,SD0,缓存精确继承,https://www.mazda.com/en/about/history/1980-1989/
US,Mazda MX-6 Coupe 1993-1997,SD0,缓存精确继承,https://www.mazda.com/en/about/history/1980-1989/
US,Mazda Miata Coupe 1990-1997,SD0,缓存精确继承,https://news.mazdausa.com/2016-04-24-Mazda-Produces-One-Millionth-Mazda-MX-5
US,Mazda Miata Coupe 1999-2005,SD0,缓存精确继承,https://news.mazdausa.com/2016-04-24-Mazda-Produces-One-Millionth-Mazda-MX-5
US,Mazda Miata Coupe 2006-2015,SD0,缓存精确继承,https://news.mazdausa.com/2016-04-24-Mazda-Produces-One-Millionth-Mazda-MX-5
US,Mazda Miata RF Convertible 2017-2026,SD0,缓存精确继承,https://news.mazdausa.com/2016-04-24-Mazda-Produces-One-Millionth-Mazda-MX-5
US,Mazda Miata soft top Convertible 2016-2026,SD0,缓存精确继承,https://news.mazdausa.com/2016-04-24-Mazda-Produces-One-Millionth-Mazda-MX-5
US,Mazda Millenia Sedan 1995-2000,SD1,缓存精确继承,https://newsroom.mazda.com/en/publicity/release/2000/200007/0718be.html
US,Mazda Millenia Sedan 2001-2002,SD1,缓存精确继承,https://newsroom.mazda.com/en/publicity/release/2000/200007/0718be.html
US,Mazda Protege Protege5 Hatchback 2002-2003,H0,缓存精确继承,https://en.wikipedia.org/wiki/Mazda_Familia
US,Mazda Protege Sedan 1990-1994,SD1,缓存精确继承,https://en.wikipedia.org/wiki/Mazda_Familia
US,Mazda Protege Sedan 1995-1998,SD1,缓存精确继承,https://en.wikipedia.org/wiki/Mazda_Familia
US,Mazda Protege Sedan 1999-2000,SD1,缓存精确继承,https://en.wikipedia.org/wiki/Mazda_Familia
US,Mazda Protege Sedan 2001-2003,SD1,缓存精确继承,https://en.wikipedia.org/wiki/Mazda_Familia
US,Mazda RX-7 Convertible 1986-1991,SD0,缓存精确继承,https://www.mazda.com/en/about/history/greatcar/savanna/
US,Mazda RX-7 Coupe 1979-1980,SD0,缓存精确继承,https://www.mazda.com/en/about/history/greatcar/savanna/
US,Mazda RX-7 Coupe 1981-1982,SD0,缓存精确继承,https://www.mazda.com/en/about/history/greatcar/savanna/
US,Mazda RX-7 Coupe 1983-1985,SD0,缓存精确继承,https://www.mazda.com/en/about/history/greatcar/savanna/
US,Mazda RX-7 Coupe 1993-1995,SD0,缓存精确继承,https://www.mazda.com/en/about/history/greatcar/savanna/
US,Mazda RX-8 Coupe 2009-2011,SD0,缓存精确继承,https://news.mazdausa.com/download/2009-RX-8-Spec.pdf
US,Mazda Speed3 Hatchback 2007-2009,H0,缓存精确继承,https://news.mazdausa.com/vehicles-2010-Mazdaspeed3
US,Mazda Speed3 Hatchback 2010-2013,H0,缓存精确继承,https://news.mazdausa.com/vehicles-2010-Mazdaspeed3
US,Mazda Tribute SUV 2001-2004,SU2,缓存精确继承,https://newsroom.mazda.com/en/publicity/release/2000/200010/1030e.html
US,Mazda Tribute SUV 2005-2006,SU2,缓存精确继承,https://newsroom.mazda.com/en/publicity/release/2000/200010/1030e.html
US,Mazda Tribute SUV 2008,SU2,缓存精确继承,https://newsroom.mazda.com/en/publicity/release/2000/200010/1030e.html
US,Mazda Tribute SUV 2009,SU2,缓存精确继承,https://newsroom.mazda.com/en/publicity/release/2000/200010/1030e.html
US,Mazda Tribute SUV 2010-2011,SU2,缓存精确继承,https://newsroom.mazda.com/en/publicity/release/2000/200010/1030e.html
US,Mercedes-Benz 190 Sedan 1984-1988,SD1,缓存精确继承,https://media.mercedes-benz.com/article/42432925-6096-4ce8-9b7d-5cb04db4d456
US,Mercedes-Benz 190 Sedan 1989-1993,SD1,缓存精确继承,https://media.mercedes-benz.com/article/42432925-6096-4ce8-9b7d-5cb04db4d456
US,Mercedes-Benz A-Class AMG Sedan 2020-2021,SD1,缓存精确继承,https://media.mercedes-benz.com/article/14b0b5b0-baef-4567-aa10-ea16707ac90c
US,Mercedes-Benz A-Class Sedan 2019-2022,SD1,缓存精确继承,https://media.mercedes-benz.com/article/14b0b5b0-baef-4567-aa10-ea16707ac90c
US,Mercedes-Benz B-Class Hatchback 2014-2017,H1,缓存精确继承,https://media.mercedes-benz.com/article/dff2f3b9-2094-448f-a21c-f55858c9d2ff
US,Mercedes-Benz C-Class AMG Coupe 2012-2015,SD1,缓存精确继承,https://media.mercedes-benz.com/article/dff2f3b9-2094-448f-a21c-f55858c9d2ff
US,Mercedes-Benz C-Class AMG Sedan 1995,SD1,缓存精确继承,https://media.mercedes-benz.com/article/dff2f3b9-2094-448f-a21c-f55858c9d2ff
US,Mercedes-Benz C-Class AMG Sedan 1996-2000,SD1,缓存精确继承,https://media.mercedes-benz.com/article/dff2f3b9-2094-448f-a21c-f55858c9d2ff
US,Mercedes-Benz C-Class AMG Sedan 2002-2004,SD1,缓存精确继承,https://media.mercedes-benz.com/article/dff2f3b9-2094-448f-a21c-f55858c9d2ff
US,Mercedes-Benz C-Class AMG Sedan 2005-2006,SD1,缓存精确继承,https://media.mercedes-benz.com/article/dff2f3b9-2094-448f-a21c-f55858c9d2ff
US,Mercedes-Benz C-Class AMG Sedan 2008-2011,SD1,缓存精确继承,https://media.mercedes-benz.com/article/dff2f3b9-2094-448f-a21c-f55858c9d2ff
US,Mercedes-Benz C-Class AMG Sedan 2012-2014,SD1,缓存精确继承,https://media.mercedes-benz.com/article/dff2f3b9-2094-448f-a21c-f55858c9d2ff
US,Mercedes-Benz C-Class AMG Sedan 2016-2021,SD1,缓存精确继承,https://media.mercedes-benz.com/article/dff2f3b9-2094-448f-a21c-f55858c9d2ff
US,Mercedes-Benz C-Class AMG Sedan 2023,SD1,缓存精确继承,https://media.mercedes-benz.com/article/dff2f3b9-2094-448f-a21c-f55858c9d2ff
US,Mercedes-Benz C-Class AMG Sedan 2024-2026,SD1,缓存精确继承,https://media.mercedes-benz.com/article/dff2f3b9-2094-448f-a21c-f55858c9d2ff
US,Mercedes-Benz C-Class Convertible 2017-2023,SD1,缓存精确继承,https://media.mercedes-benz.com/article/dff2f3b9-2094-448f-a21c-f55858c9d2ff
US,Mercedes-Benz C-Class Coupe 2012-2015,SD1,缓存精确继承,https://media.mercedes-benz.com/article/dff2f3b9-2094-448f-a21c-f55858c9d2ff
US,Mercedes-Benz C-Class Coupe 2016,SD1,缓存精确继承,https://media.mercedes-benz.com/article/dff2f3b9-2094-448f-a21c-f55858c9d2ff
US,Mercedes-Benz C-Class Coupe 2017-2023,SD1,缓存精确继承,https://media.mercedes-benz.com/article/dff2f3b9-2094-448f-a21c-f55858c9d2ff
US,Mercedes-Benz C-Class PHEV Sedan 2015,SD1,缓存精确继承,https://media.mercedes-benz.com/article/dff2f3b9-2094-448f-a21c-f55858c9d2ff
US,Mercedes-Benz C-Class Sedan 1994-2000,SD1,缓存精确继承,https://media.mercedes-benz.com/article/dff2f3b9-2094-448f-a21c-f55858c9d2ff
US,Mercedes-Benz C-Class Sedan 2001-2007,SD1,缓存精确继承,https://media.mercedes-benz.com/article/dff2f3b9-2094-448f-a21c-f55858c9d2ff
US,Mercedes-Benz C-Class Sedan 2008-2014,SD1,缓存精确继承,https://media.mercedes-benz.com/article/dff2f3b9-2094-448f-a21c-f55858c9d2ff
US,Mercedes-Benz C-Class Sedan 2015,SD1,缓存精确继承,https://media.mercedes-benz.com/article/dff2f3b9-2094-448f-a21c-f55858c9d2ff
US,Mercedes-Benz C-Class Sedan 2016-2018,SD1,缓存精确继承,https://media.mercedes-benz.com/article/dff2f3b9-2094-448f-a21c-f55858c9d2ff
US,Mercedes-Benz C-Class Sedan 2019-2021,SD1,缓存精确继承,https://media.mercedes-benz.com/article/dff2f3b9-2094-448f-a21c-f55858c9d2ff
US,Mercedes-Benz C-Class Sedan 2022-2026,SD1,缓存精确继承,https://media.mercedes-benz.com/article/dff2f3b9-2094-448f-a21c-f55858c9d2ff
US,Mercedes-Benz C-Class SportCoupe Hatchback 2002-2005,H0,缓存精确继承,https://media.mercedes-benz.com/article/dff2f3b9-2094-448f-a21c-f55858c9d2ff
US,Mercedes-Benz C-Class Wagon 2002-2005,H2,缓存精确继承,https://media.mercedes-benz.com/article/dff2f3b9-2094-448f-a21c-f55858c9d2ff
US,Mercedes-Benz CL-Class AMG Coupe 2008-2009,SD0,缓存精确继承,https://media.mercedes-benz.com/article/c5b9285c-3d80-407b-8922-77d76cbdf9f3
US,Mercedes-Benz CL-Class AMG Coupe 2012-2013,SD0,缓存精确继承,https://media.mercedes-benz.com/article/c5b9285c-3d80-407b-8922-77d76cbdf9f3
US,Mercedes-Benz CL-Class Coupe 1998-1999,SD0,缓存精确继承,https://media.mercedes-benz.com/article/c5b9285c-3d80-407b-8922-77d76cbdf9f3
US,Mercedes-Benz CL-Class Coupe 2000-2001,SD0,缓存精确继承,https://media.mercedes-benz.com/article/c5b9285c-3d80-407b-8922-77d76cbdf9f3
US,Mercedes-Benz CL-Class Coupe 2002,SD0,缓存精确继承,https://media.mercedes-benz.com/article/c5b9285c-3d80-407b-8922-77d76cbdf9f3
US,Mercedes-Benz CL-Class Coupe 2003,SD0,缓存精确继承,https://media.mercedes-benz.com/article/c5b9285c-3d80-407b-8922-77d76cbdf9f3
US,Mercedes-Benz CL-Class Coupe 2004-2005,SD0,缓存精确继承,https://media.mercedes-benz.com/article/c5b9285c-3d80-407b-8922-77d76cbdf9f3
US,Mercedes-Benz CL-Class Coupe 2006,SD0,缓存精确继承,https://media.mercedes-benz.com/article/c5b9285c-3d80-407b-8922-77d76cbdf9f3
US,Mercedes-Benz CL-Class Coupe 2007-2010,SD0,缓存精确继承,https://media.mercedes-benz.com/article/c5b9285c-3d80-407b-8922-77d76cbdf9f3
US,Mercedes-Benz CL-Class Coupe 2011-2014,SD0,缓存精确继承,https://media.mercedes-benz.com/article/c5b9285c-3d80-407b-8922-77d76cbdf9f3
US,Mercedes-Benz CLA-Class AMG Sedan 2014-2019,SD1,缓存精确继承,https://media.mercedes-benz.com/
US,Mercedes-Benz CLA-Class AMG Sedan 2020-2026,SD1,缓存精确继承,https://media.mercedes-benz.com/
US,Mercedes-Benz CLA-Class Sedan 2014-2019,SD1,缓存精确继承,https://media.mercedes-benz.com/
US,Mercedes-Benz CLA-Class Sedan 2020-2025,SD1,缓存精确继承,https://media.mercedes-benz.com/
US,Mercedes-Benz CLA-Class Sedan 2026-2027,SD1,缓存精确继承,https://media.mercedes-benz.com/
US,Mercedes-Benz CLK-Class Convertible 1999-2003,SD0,缓存精确继承,https://static2.media.mercedes-benz.com/article/c5020459-5fff-4f15-a1f4-8851faf1ee2b
US,Mercedes-Benz CLK-Class Convertible 2004-2005,SD0,缓存精确继承,https://static2.media.mercedes-benz.com/article/c5020459-5fff-4f15-a1f4-8851faf1ee2b
US,Mercedes-Benz CLK-Class Convertible 2006-2008,SD0,缓存精确继承,https://static2.media.mercedes-benz.com/article/c5020459-5fff-4f15-a1f4-8851faf1ee2b
US,Mercedes-Benz CLK-Class Convertible 2009,SD0,缓存精确继承,https://static2.media.mercedes-benz.com/article/c5020459-5fff-4f15-a1f4-8851faf1ee2b
US,Mercedes-Benz CLK-Class Coupe 1998-2003,SD0,缓存精确继承,https://static2.media.mercedes-benz.com/article/c5020459-5fff-4f15-a1f4-8851faf1ee2b
US,Mercedes-Benz CLK-Class Coupe 2006-2008,SD0,缓存精确继承,https://static2.media.mercedes-benz.com/article/c5020459-5fff-4f15-a1f4-8851faf1ee2b
US,Mercedes-Benz CLK-Class Coupe 2009,SD0,缓存精确继承,https://static2.media.mercedes-benz.com/article/c5020459-5fff-4f15-a1f4-8851faf1ee2b
US,Mercedes-Benz CLS-Class 4dr coupe Sedan 2006-2011,SD0,缓存精确继承,https://media.mercedes-benz.com/
US,Mercedes-Benz CLS-Class 4dr coupe Sedan 2012-2018,SD0,缓存精确继承,https://media.mercedes-benz.com/
US,Mercedes-Benz CLS-Class 4dr coupe Sedan 2019-2023,SD0,缓存精确继承,https://media.mercedes-benz.com/
US,Mercedes-Benz CLS-Class AMG Sedan 2006-2011,SD0,缓存精确继承,https://media.mercedes-benz.com/
US,Mercedes-Benz CLS-Class AMG Sedan 2012-2018,SD0,缓存精确继承,https://media.mercedes-benz.com/
US,Mercedes-Benz CLS-Class AMG Sedan 2019-2021,SD0,缓存精确继承,https://media.mercedes-benz.com/
US,Mercedes-Benz E-Class AMG Sedan 1999-2002,SD1,缓存精确继承,https://file.media.mercedes-benz.com/article/cbd23719-1e0e-4814-b763-3222fa5d7168
US,Mercedes-Benz E-Class AMG Sedan 2003-2006,SD1,缓存精确继承,https://file.media.mercedes-benz.com/article/cbd23719-1e0e-4814-b763-3222fa5d7168
US,Mercedes-Benz E-Class AMG Sedan 2007-2009,SD1,缓存精确继承,https://file.media.mercedes-benz.com/article/cbd23719-1e0e-4814-b763-3222fa5d7168
US,Mercedes-Benz E-Class AMG Sedan 2010-2016,SD1,缓存精确继承,https://file.media.mercedes-benz.com/article/cbd23719-1e0e-4814-b763-3222fa5d7168
US,Mercedes-Benz E-Class AMG Sedan 2017-2018,SD1,缓存精确继承,https://file.media.mercedes-benz.com/article/cbd23719-1e0e-4814-b763-3222fa5d7168
US,Mercedes-Benz E-Class AMG Sedan 2019,SD1,缓存精确继承,https://file.media.mercedes-benz.com/article/cbd23719-1e0e-4814-b763-3222fa5d7168
US,Mercedes-Benz E-Class AMG Sedan 2020-2022,SD1,缓存精确继承,https://file.media.mercedes-benz.com/article/cbd23719-1e0e-4814-b763-3222fa5d7168
US,Mercedes-Benz E-Class AMG Sedan 2023,SD1,缓存精确继承,https://file.media.mercedes-benz.com/article/cbd23719-1e0e-4814-b763-3222fa5d7168
US,Mercedes-Benz E-Class All-Terrain Wagon 2021-2023,H2,缓存精确继承,https://file.media.mercedes-benz.com/article/cbd23719-1e0e-4814-b763-3222fa5d7168
US,Mercedes-Benz E-Class All-Terrain Wagon 2024-2026,H2,缓存精确继承,https://file.media.mercedes-benz.com/article/cbd23719-1e0e-4814-b763-3222fa5d7168
US,Mercedes-Benz E-Class Cabriolet Convertible 2011-2017,SD1,缓存精确继承,https://file.media.mercedes-benz.com/article/cbd23719-1e0e-4814-b763-3222fa5d7168
US,Mercedes-Benz E-Class Convertible 1994-1995,SD1,缓存精确继承,https://file.media.mercedes-benz.com/article/cbd23719-1e0e-4814-b763-3222fa5d7168
US,Mercedes-Benz E-Class Convertible 2011-2017,SD1,缓存精确继承,https://file.media.mercedes-benz.com/article/cbd23719-1e0e-4814-b763-3222fa5d7168
US,Mercedes-Benz E-Class Convertible 2018-2023,SD1,缓存精确继承,https://file.media.mercedes-benz.com/article/cbd23719-1e0e-4814-b763-3222fa5d7168
US,Mercedes-Benz E-Class Coupe 1994-1995,SD1,缓存精确继承,https://file.media.mercedes-benz.com/article/cbd23719-1e0e-4814-b763-3222fa5d7168
US,Mercedes-Benz E-Class Coupe 2010-2017,SD1,缓存精确继承,https://file.media.mercedes-benz.com/article/cbd23719-1e0e-4814-b763-3222fa5d7168
US,Mercedes-Benz E-Class Coupe 2018-2023,SD1,缓存精确继承,https://file.media.mercedes-benz.com/article/cbd23719-1e0e-4814-b763-3222fa5d7168
US,Mercedes-Benz E-Class PHEV Sedan 2024-2026,SD1,缓存精确继承,https://file.media.mercedes-benz.com/article/cbd23719-1e0e-4814-b763-3222fa5d7168
US,Mercedes-Benz E-Class Sedan 1994-1995,SD1,缓存精确继承,https://file.media.mercedes-benz.com/article/cbd23719-1e0e-4814-b763-3222fa5d7168
US,Mercedes-Benz E-Class Sedan 1996-2002,SD1,缓存精确继承,https://file.media.mercedes-benz.com/article/cbd23719-1e0e-4814-b763-3222fa5d7168
US,Mercedes-Benz E-Class Sedan 2003-2009,SD1,缓存精确继承,https://file.media.mercedes-benz.com/article/cbd23719-1e0e-4814-b763-3222fa5d7168
US,Mercedes-Benz E-Class Sedan 2010-2016,SD1,缓存精确继承,https://file.media.mercedes-benz.com/article/cbd23719-1e0e-4814-b763-3222fa5d7168
US,Mercedes-Benz E-Class Sedan 2017-2023,SD1,缓存精确继承,https://file.media.mercedes-benz.com/article/cbd23719-1e0e-4814-b763-3222fa5d7168
US,Mercedes-Benz E-Class Sedan 2025-2026,SD1,缓存精确继承,https://file.media.mercedes-benz.com/article/cbd23719-1e0e-4814-b763-3222fa5d7168
US,Mercedes-Benz E-Class Wagon 1994-1995,H2,缓存精确继承,https://file.media.mercedes-benz.com/article/cbd23719-1e0e-4814-b763-3222fa5d7168
US,Mercedes-Benz E-Class Wagon 1998-2003,H2,缓存精确继承,https://file.media.mercedes-benz.com/article/cbd23719-1e0e-4814-b763-3222fa5d7168
US,Mercedes-Benz E-Class Wagon 2004-2009,H2,缓存精确继承,https://file.media.mercedes-benz.com/article/cbd23719-1e0e-4814-b763-3222fa5d7168
US,Mercedes-Benz E-Class Wagon 2011-2016,H2,缓存精确继承,https://file.media.mercedes-benz.com/article/cbd23719-1e0e-4814-b763-3222fa5d7168
US,Mercedes-Benz E-Class Wagon 2017-2020,H2,缓存精确继承,https://file.media.mercedes-benz.com/article/cbd23719-1e0e-4814-b763-3222fa5d7168
US,Mercedes-Benz E-Class Wagon 2026,H2,缓存精确继承,https://file.media.mercedes-benz.com/article/cbd23719-1e0e-4814-b763-3222fa5d7168
US,Mercedes-Benz EQB SUV 2022-2025,SU2,缓存精确继承,https://media.mercedes-benz.com/article/50b7184e-cb28-4e10-be90-ee810987c693
US,Mercedes-Benz G-Class AMG SUV 2003-2018,JP,缓存精确继承,车形分类核定/cache/model_shape_cache.csv
US,Mercedes-Benz G-Class SUV 2019-2026,JP,缓存精确继承,车形分类核定/cache/model_shape_cache.csv
US,Mercedes-Benz GL-Class AMG SUV 2013-2016,SU1,缓存精确继承,https://media.mercedes-benz.com/article/0843adee-6c76-4e02-a83a-13f5ee45f5ee
US,Mercedes-Benz GL-Class SUV 2007-2012,SU1,缓存精确继承,https://media.mercedes-benz.com/article/0843adee-6c76-4e02-a83a-13f5ee45f5ee
US,Mercedes-Benz GLA-Class AMG SUV 2015-2019,SU1,缓存精确继承,https://media.mercedes-benz.com/en/article/3052582d-2ce8-4add-b6e3-a60b066a1fed
US,Mercedes-Benz GLA-Class AMG SUV 2021-2026,SU1,缓存精确继承,https://media.mercedes-benz.com/en/article/3052582d-2ce8-4add-b6e3-a60b066a1fed
US,Mercedes-Benz GLA-Class SUV 2015-2020,SU1,缓存精确继承,https://media.mercedes-benz.com/en/article/3052582d-2ce8-4add-b6e3-a60b066a1fed
US,Mercedes-Benz GLA-Class SUV 2021-2026,SU1,缓存精确继承,https://media.mercedes-benz.com/en/article/3052582d-2ce8-4add-b6e3-a60b066a1fed
US,Mercedes-Benz GLB-Class SUV 2020-2026,SU2,缓存精确继承,https://www.mercedes-benz.de/passengercars/models/suv/glb/overview.html
US,Mercedes-Benz GLC-Class AMG Crossover 2017-2023,SU1,缓存精确继承,https://media.mercedes-benz.com/article/d071204a-f43a-41f5-a56a-31f73d2270db
US,Mercedes-Benz GLC-Class AMG Crossover 2024-2026,SU1,缓存精确继承,https://media.mercedes-benz.com/article/d071204a-f43a-41f5-a56a-31f73d2270db
US,Mercedes-Benz GLC-Class SUV 2016-2019,SU1,缓存精确继承,https://media.mercedes-benz.com/article/d071204a-f43a-41f5-a56a-31f73d2270db
US,Mercedes-Benz GLC-Class SUV 2020-2022,SU1,缓存精确继承,https://media.mercedes-benz.com/article/d071204a-f43a-41f5-a56a-31f73d2270db
US,Mercedes-Benz GLC-Class SUV 2023-2026,SU1,缓存精确继承,https://media.mercedes-benz.com/article/d071204a-f43a-41f5-a56a-31f73d2270db
US,Mercedes-Benz GLE-Class Coupe 2016-2019,SU1,缓存精确继承,https://media.mercedes-benz.com/article/b9707f57-7f21-40d6-9dcf-42db07708e30
US,Mercedes-Benz GLE-Class Coupe 2021-2026,SU1,缓存精确继承,https://media.mercedes-benz.com/article/b9707f57-7f21-40d6-9dcf-42db07708e30
US,Mercedes-Benz GLE-Class SUV 2016-2019,SU1,缓存精确继承,https://media.mercedes-benz.com/article/b9707f57-7f21-40d6-9dcf-42db07708e30
US,Mercedes-Benz GLE-Class SUV 2020-2026,SU1,缓存精确继承,https://media.mercedes-benz.com/article/b9707f57-7f21-40d6-9dcf-42db07708e30
US,Mercedes-Benz GLK-Class SUV 2011-2015,SU2,缓存精确继承,https://www.cars.com/research/mercedes_benz-glk_class/
US,Mercedes-Benz GLS-Class AMG SUV 2017-2019,SU1,缓存精确继承,https://media.mercedes-benz.com/article/0843adee-6c76-4e02-a83a-13f5ee45f5ee
US,Mercedes-Benz GLS-Class AMG SUV 2020-2026,SU1,缓存精确继承,https://media.mercedes-benz.com/article/0843adee-6c76-4e02-a83a-13f5ee45f5ee
US,Mercedes-Benz M-Class AMG SUV 2010-2011,SU1,缓存精确继承,https://www.cars.com/research/mercedes_benz-m_class/
US,Mercedes-Benz M-Class Diesel SUV 2008-2010,SU1,缓存精确继承,https://www.cars.com/research/mercedes_benz-m_class/
US,Mercedes-Benz M-Class SUV 1998-2001,SU1,缓存精确继承,https://www.cars.com/research/mercedes_benz-m_class/
US,Mercedes-Benz M-Class SUV 2002-2005,SU1,缓存精确继承,https://www.cars.com/research/mercedes_benz-m_class/
US,Mercedes-Benz M-Class SUV 2006-2007,SU1,缓存精确继承,https://www.cars.com/research/mercedes_benz-m_class/
US,Mercedes-Benz M-Class SUV 2008-2011,SU1,缓存精确继承,https://www.cars.com/research/mercedes_benz-m_class/
US,Mercedes-Benz M-Class SUV 2012-2015,SU1,缓存精确继承,https://www.cars.com/research/mercedes_benz-m_class/
US,Mercedes-Benz ML-Class SUV 1998-2001,SU2,缓存精确继承,https://mercedes-benz-publicarchive.com/marsClassic/en/instance/ko/163-series-M-Class-19972001.xhtml?oid=4806
US,Mercedes-Benz ML-Class SUV 2002-2005,SU2,缓存精确继承,https://mercedes-benz-publicarchive.com/marsClassic/en/instance/ko/163-series-M-Class-19972001.xhtml?oid=4806
US,Mercedes-Benz ML-Class SUV 2006-2011,SU1,缓存精确继承,https://mercedes-benz-publicarchive.com/marsClassic/en/instance/ko/164-series-M-Class-2005-2008.xhtml?oid=453319
US,Mercedes-Benz ML-Class SUV 2012-2015,SU1,缓存精确继承,https://mercedes-benz-publicarchive.com/marsClassic/en/instance/ko/164-series-M-Class-2005-2008.xhtml?oid=453319
US,Mercedes-Benz S-Class AMG Sedan 2001-2006,SD1,缓存精确继承,https://mercedes-benz-publicarchive.com/marsClassic/en/instance/picture/S-Class-Saloon---WV-220-and-the-tradition-of-the-predecessor-model-series.xhtml?oid=176884
US,Mercedes-Benz S-Class AMG Sedan 2007-2013,SD1,缓存精确继承,https://mercedes-benz-publicarchive.com/marsClassic/en/instance/picture/S-Class-Saloon---WV-220-and-the-tradition-of-the-predecessor-model-series.xhtml?oid=176884
US,Mercedes-Benz S-Class AMG Sedan 2014,SD1,缓存精确继承,https://mercedes-benz-publicarchive.com/marsClassic/en/instance/picture/S-Class-Saloon---WV-220-and-the-tradition-of-the-predecessor-model-series.xhtml?oid=176884
US,Mercedes-Benz S-Class AMG Sedan 2015-2016,SD1,缓存精确继承,https://mercedes-benz-publicarchive.com/marsClassic/en/instance/picture/S-Class-Saloon---WV-220-and-the-tradition-of-the-predecessor-model-series.xhtml?oid=176884
US,Mercedes-Benz S-Class AMG Sedan 2017,SD1,缓存精确继承,https://mercedes-benz-publicarchive.com/marsClassic/en/instance/picture/S-Class-Saloon---WV-220-and-the-tradition-of-the-predecessor-model-series.xhtml?oid=176884
US,Mercedes-Benz S-Class AMG Sedan 2018-2019,SD1,缓存精确继承,https://mercedes-benz-publicarchive.com/marsClassic/en/instance/picture/S-Class-Saloon---WV-220-and-the-tradition-of-the-predecessor-model-series.xhtml?oid=176884
US,Mercedes-Benz S-Class AMG Sedan 2020,SD1,缓存精确继承,https://mercedes-benz-publicarchive.com/marsClassic/en/instance/picture/S-Class-Saloon---WV-220-and-the-tradition-of-the-predecessor-model-series.xhtml?oid=176884
US,Mercedes-Benz S-Class AMG Sedan 2023-2025,SD1,缓存精确继承,https://mercedes-benz-publicarchive.com/marsClassic/en/instance/picture/S-Class-Saloon---WV-220-and-the-tradition-of-the-predecessor-model-series.xhtml?oid=176884
US,Mercedes-Benz S-Class AMG Sedan 2026,SD1,缓存精确继承,https://mercedes-benz-publicarchive.com/marsClassic/en/instance/picture/S-Class-Saloon---WV-220-and-the-tradition-of-the-predecessor-model-series.xhtml?oid=176884
US,Mercedes-Benz S-Class Convertible 2018,SD1,缓存精确继承,https://mercedes-benz-publicarchive.com/marsClassic/en/instance/picture/S-Class-Saloon---WV-220-and-the-tradition-of-the-predecessor-model-series.xhtml?oid=176884
US,Mercedes-Benz S-Class Convertible 2019,SD1,缓存精确继承,https://mercedes-benz-publicarchive.com/marsClassic/en/instance/picture/S-Class-Saloon---WV-220-and-the-tradition-of-the-predecessor-model-series.xhtml?oid=176884
US,Mercedes-Benz S-Class Convertible 2020,SD1,缓存精确继承,https://mercedes-benz-publicarchive.com/marsClassic/en/instance/picture/S-Class-Saloon---WV-220-and-the-tradition-of-the-predecessor-model-series.xhtml?oid=176884
US,Mercedes-Benz S-Class Coupe 1994-1995,SD1,缓存精确继承,https://mercedes-benz-publicarchive.com/marsClassic/en/instance/ko/140-series-S-Class-Coups-1992---1996.xhtml?oid=4513
US,Mercedes-Benz S-Class Coupe 2015-2017,SD1,缓存精确继承,https://mercedes-benz-publicarchive.com/marsClassic/en/instance/picture/S-Class-Saloon---WV-220-and-the-tradition-of-the-predecessor-model-series.xhtml?oid=176884
US,Mercedes-Benz S-Class Coupe 2018,SD1,缓存精确继承,https://mercedes-benz-publicarchive.com/marsClassic/en/instance/picture/S-Class-Saloon---WV-220-and-the-tradition-of-the-predecessor-model-series.xhtml?oid=176884
US,Mercedes-Benz S-Class Coupe 2019,SD1,缓存精确继承,https://mercedes-benz-publicarchive.com/marsClassic/en/instance/picture/S-Class-Saloon---WV-220-and-the-tradition-of-the-predecessor-model-series.xhtml?oid=176884
US,Mercedes-Benz S-Class Coupe 2020,SD1,缓存精确继承,https://mercedes-benz-publicarchive.com/marsClassic/en/instance/picture/S-Class-Saloon---WV-220-and-the-tradition-of-the-predecessor-model-series.xhtml?oid=176884
US,Mercedes-Benz S-Class LWB Sedan 2006,SD1,缓存精确继承,https://mercedes-benz-publicarchive.com/marsClassic/en/instance/picture/S-Class-Saloon---WV-220-and-the-tradition-of-the-predecessor-model-series.xhtml?oid=176884
US,Mercedes-Benz S-Class Maybach Sedan 2016-2020,SD1,缓存精确继承,https://mercedes-benz-publicarchive.com/marsClassic/en/instance/picture/S-Class-Saloon---WV-220-and-the-tradition-of-the-predecessor-model-series.xhtml?oid=176884
US,Mercedes-Benz S-Class Maybach Sedan 2021-2026,SD1,缓存精确继承,https://mercedes-benz-publicarchive.com/marsClassic/en/instance/picture/S-Class-Saloon---WV-220-and-the-tradition-of-the-predecessor-model-series.xhtml?oid=176884
US,Mercedes-Benz S-Class PHEV Coupe 2015,SD1,缓存精确继承,https://mercedes-benz-publicarchive.com/marsClassic/en/instance/picture/S-Class-Saloon---WV-220-and-the-tradition-of-the-predecessor-model-series.xhtml?oid=176884
US,Mercedes-Benz S-Class S 550e PHEV Sedan 2017,SD1,缓存精确继承,https://mercedes-benz-publicarchive.com/marsClassic/en/instance/picture/S-Class-Saloon---WV-220-and-the-tradition-of-the-predecessor-model-series.xhtml?oid=176884
US,Mercedes-Benz S-Class S 560e PHEV Sedan 2019,SD1,缓存精确继承,https://mercedes-benz-publicarchive.com/marsClassic/en/instance/picture/S-Class-Saloon---WV-220-and-the-tradition-of-the-predecessor-model-series.xhtml?oid=176884
US,Mercedes-Benz S-Class Sedan 1994-1999,SD1,缓存精确继承,https://mercedes-benz-publicarchive.com/marsClassic/en/instance/ko/140-series-S-Class-Coups-1992---1996.xhtml?oid=4513
US,Mercedes-Benz S-Class Sedan 2000-2005,SD1,缓存精确继承,https://mercedes-benz-publicarchive.com/marsClassic/en/instance/picture/S-Class-Saloon---WV-220-and-the-tradition-of-the-predecessor-model-series.xhtml?oid=176884
US,Mercedes-Benz S-Class Sedan 2006,SD1,缓存精确继承,https://mercedes-benz-publicarchive.com/marsClassic/en/instance/picture/S-Class-Saloon---WV-220-and-the-tradition-of-the-predecessor-model-series.xhtml?oid=176884
US,Mercedes-Benz S-Class Sedan 2007-2009,SD1,缓存精确继承,https://mercedes-benz-publicarchive.com/marsClassic/en/instance/picture/S-Class-Saloon---WV-220-and-the-tradition-of-the-predecessor-model-series.xhtml?oid=176884
US,Mercedes-Benz S-Class Sedan 2010-2013,SD1,缓存精确继承,https://mercedes-benz-publicarchive.com/marsClassic/en/instance/picture/S-Class-Saloon---WV-220-and-the-tradition-of-the-predecessor-model-series.xhtml?oid=176884
US,Mercedes-Benz S-Class Sedan 2014,SD1,缓存精确继承,https://mercedes-benz-publicarchive.com/marsClassic/en/instance/picture/S-Class-Saloon---WV-220-and-the-tradition-of-the-predecessor-model-series.xhtml?oid=176884
US,Mercedes-Benz S-Class Sedan 2015-2016,SD1,缓存精确继承,https://mercedes-benz-publicarchive.com/marsClassic/en/instance/picture/S-Class-Saloon---WV-220-and-the-tradition-of-the-predecessor-model-series.xhtml?oid=176884
US,Mercedes-Benz S-Class Sedan 2017,SD1,缓存精确继承,https://mercedes-benz-publicarchive.com/marsClassic/en/instance/picture/S-Class-Saloon---WV-220-and-the-tradition-of-the-predecessor-model-series.xhtml?oid=176884
US,Mercedes-Benz S-Class Sedan 2018-2020,SD1,缓存精确继承,https://mercedes-benz-publicarchive.com/marsClassic/en/instance/picture/S-Class-Saloon---WV-220-and-the-tradition-of-the-predecessor-model-series.xhtml?oid=176884
US,Mercedes-Benz S-Class Sedan 2021-2025,SD1,缓存精确继承,https://mercedes-benz-publicarchive.com/marsClassic/en/instance/picture/S-Class-Saloon---WV-220-and-the-tradition-of-the-predecessor-model-series.xhtml?oid=176884
US,Mercedes-Benz S-Class Sedan 2026,SD1,缓存精确继承,https://mercedes-benz-publicarchive.com/marsClassic/en/instance/picture/S-Class-Saloon---WV-220-and-the-tradition-of-the-predecessor-model-series.xhtml?oid=176884
US,Mercedes-Benz SL-Class 300 SL Convertible 1992-1993,SD0,缓存精确继承,https://mercedes-benz-publicarchive.com/marsClassic/en/instance/ko/Types-300-SL-Coup-and-300-SL-Roadster-W-198-1954---1963.xhtml?oid=4689
US,Mercedes-Benz SL-Class 300SL Convertible 1957-1963,SD0,缓存精确继承,https://mercedes-benz-publicarchive.com/marsClassic/en/instance/ko/Types-300-SL-Coup-and-300-SL-Roadster-W-198-1954---1963.xhtml?oid=4689
US,Mercedes-Benz SL-Class 500 SL Convertible 1992-1993,SD0,缓存精确继承,https://mercedes-benz-publicarchive.com/marsClassic/en/instance/ko/Types-300-SL-Coup-and-300-SL-Roadster-W-198-1954---1963.xhtml?oid=4689
US,Mercedes-Benz SL-Class 560SL Convertible 1986-1989,SD0,缓存精确继承,https://mercedes-benz-publicarchive.com/marsClassic/en/instance/ko/Types-300-SL-Coup-and-300-SL-Roadster-W-198-1954---1963.xhtml?oid=4689
US,Mercedes-Benz SL-Class 600 SL Convertible 1993,SD0,缓存精确继承,https://mercedes-benz-publicarchive.com/marsClassic/en/instance/ko/Types-300-SL-Coup-and-300-SL-Roadster-W-198-1954---1963.xhtml?oid=4689
US,Mercedes-Benz SL-Class AMG Convertible 2003-2010,SD0,缓存精确继承,https://mercedes-benz-publicarchive.com/marsClassic/en/instance/ko/Types-300-SL-Coup-and-300-SL-Roadster-W-198-1954---1963.xhtml?oid=4689
US,Mercedes-Benz SL-Class AMG Convertible 2011-2012,SD0,缓存精确继承,https://mercedes-benz-publicarchive.com/marsClassic/en/instance/ko/Types-300-SL-Coup-and-300-SL-Roadster-W-198-1954---1963.xhtml?oid=4689
US,Mercedes-Benz SL-Class AMG Convertible 2013-2020,SD0,缓存精确继承,https://mercedes-benz-publicarchive.com/marsClassic/en/instance/ko/Types-300-SL-Coup-and-300-SL-Roadster-W-198-1954---1963.xhtml?oid=4689
US,Mercedes-Benz SL-Class AMG Convertible 2022-2026,SD0,缓存精确继承,https://mercedes-benz-publicarchive.com/marsClassic/en/instance/ko/Types-300-SL-Coup-and-300-SL-Roadster-W-198-1954---1963.xhtml?oid=4689
US,Mercedes-Benz SL-Class Convertible 1955-1963,SD0,缓存精确继承,https://mercedes-benz-publicarchive.com/marsClassic/en/instance/ko/Types-300-SL-Coup-and-300-SL-Roadster-W-198-1954---1963.xhtml?oid=4689
US,Mercedes-Benz SL-Class Convertible 1963-1971,SD0,缓存精确继承,https://mercedes-benz-publicarchive.com/marsClassic/en/instance/ko/Types-300-SL-Coup-and-300-SL-Roadster-W-198-1954---1963.xhtml?oid=4689
US,Mercedes-Benz SL-Class Convertible 1972-1985,SD0,缓存精确继承,https://mercedes-benz-publicarchive.com/marsClassic/en/instance/ko/Types-300-SL-Coup-and-300-SL-Roadster-W-198-1954---1963.xhtml?oid=4689
US,Mercedes-Benz SL-Class Convertible 1986-1989,SD0,缓存精确继承,https://mercedes-benz-publicarchive.com/marsClassic/en/instance/ko/Types-300-SL-Coup-and-300-SL-Roadster-W-198-1954---1963.xhtml?oid=4689
US,Mercedes-Benz SL-Class Convertible 1990-1991,SD0,缓存精确继承,https://mercedes-benz-publicarchive.com/marsClassic/en/instance/ko/Types-300-SL-Coup-and-300-SL-Roadster-W-198-1954---1963.xhtml?oid=4689
US,Mercedes-Benz SL-Class Convertible 1997-2002,SD0,缓存精确继承,https://mercedes-benz-publicarchive.com/marsClassic/en/instance/ko/Types-300-SL-Coup-and-300-SL-Roadster-W-198-1954---1963.xhtml?oid=4689
US,Mercedes-Benz SL-Class Convertible 2003-2004,SD0,缓存精确继承,https://mercedes-benz-publicarchive.com/marsClassic/en/instance/ko/Types-300-SL-Coup-and-300-SL-Roadster-W-198-1954---1963.xhtml?oid=4689
US,Mercedes-Benz SL-Class Convertible 2005-2012,SD0,缓存精确继承,https://mercedes-benz-publicarchive.com/marsClassic/en/instance/ko/Types-300-SL-Coup-and-300-SL-Roadster-W-198-1954---1963.xhtml?oid=4689
US,Mercedes-Benz SL-Class Convertible 2013-2020,SD0,缓存精确继承,https://mercedes-benz-publicarchive.com/marsClassic/en/instance/ko/Types-300-SL-Coup-and-300-SL-Roadster-W-198-1954---1963.xhtml?oid=4689
US,Mercedes-Benz SL-Class Convertible 2026,SD0,缓存精确继承,https://mercedes-benz-publicarchive.com/marsClassic/en/instance/ko/Types-300-SL-Coup-and-300-SL-Roadster-W-198-1954---1963.xhtml?oid=4689
US,Mercedes-Benz SL-Class Coupe 1954-1957,SD0,缓存精确继承,https://mercedes-benz-publicarchive.com/marsClassic/en/instance/ko/Types-300-SL-Coup-and-300-SL-Roadster-W-198-1954---1963.xhtml?oid=4689
US,Mercedes-Benz SL-Class SL320 Convertible 1994-1996,SD0,缓存精确继承,https://mercedes-benz-publicarchive.com/marsClassic/en/instance/ko/Types-300-SL-Coup-and-300-SL-Roadster-W-198-1954---1963.xhtml?oid=4689
US,Mercedes-Benz SL-Class SL500 Convertible 1994-1996,SD0,缓存精确继承,https://mercedes-benz-publicarchive.com/marsClassic/en/instance/ko/Types-300-SL-Coup-and-300-SL-Roadster-W-198-1954---1963.xhtml?oid=4689
US,Mercedes-Benz SL-Class SL600 Convertible 1994-1996,SD0,缓存精确继承,https://mercedes-benz-publicarchive.com/marsClassic/en/instance/ko/Types-300-SL-Coup-and-300-SL-Roadster-W-198-1954---1963.xhtml?oid=4689
US,Mercedes-Benz SLC-Class AMG Convertible 2017-2020,SD0,缓存精确继承,https://static.oneweb.mercedes-benz.com/css-oom-assets/en-lk/pdf/mercedes-slk-roadster-2018-january-r172-owners-manual-1.pdf
US,Mercedes-Benz SLC-Class Convertible 2017-2020,SD0,缓存精确继承,https://static.oneweb.mercedes-benz.com/css-oom-assets/en-lk/pdf/mercedes-slk-roadster-2018-january-r172-owners-manual-1.pdf
US,Mercedes-Benz SLK-Class AMG Convertible 2002-2004,SD0,缓存精确继承,https://store.mercedes-benz.com/global/en/SLK-200-Roadster-R170-1996-2000/B66040714
US,Mercedes-Benz SLK-Class AMG Convertible 2005-2011,SD0,缓存精确继承,https://store.mercedes-benz.com/global/en/SLK-200-Roadster-R170-1996-2000/B66040714
US,Mercedes-Benz SLK-Class Convertible 1998-2004,SD0,缓存精确继承,https://store.mercedes-benz.com/global/en/SLK-200-Roadster-R170-1996-2000/B66040714
US,Mercedes-Benz SLK-Class Convertible 2005-2011,SD0,缓存精确继承,https://store.mercedes-benz.com/global/en/SLK-200-Roadster-R170-1996-2000/B66040714
US,Mercedes-Benz SLK-Class Convertible 2012-2016,SD0,缓存精确继承,https://store.mercedes-benz.com/global/en/SLK-200-Roadster-R170-1996-2000/B66040714
US,Mercury Cougar Convertible 1969-1970,SD2,缓存精确继承,https://corporate.ford.com/articles/history/history-of-the-mercury-brand.html
US,Mercury Cougar Convertible 1971-1973,SD2,缓存精确继承,https://corporate.ford.com/articles/history/history-of-the-mercury-brand.html
US,Mercury Cougar Coupe 1967-1970,SD2,缓存精确继承,https://corporate.ford.com/articles/history/history-of-the-mercury-brand.html
US,Mercury Cougar Coupe 1971-1973,SD2,缓存精确继承,https://corporate.ford.com/articles/history/history-of-the-mercury-brand.html
US,Mercury Cougar Coupe 1977-1979,SD2,缓存精确继承,https://fordheritagevault.com/
US,Mercury Cougar Coupe 1980-1982,SD2,缓存精确继承,https://fordheritagevault.com/
US,Mercury Cougar Coupe 1983,SD0,缓存精确继承,https://corporate.ford.com/articles/history/history-of-the-mercury-brand.html
US,Mercury Cougar Coupe 1984-1988,SD0,缓存精确继承,https://corporate.ford.com/articles/history/history-of-the-mercury-brand.html
US,Mercury Cougar Coupe 1989-1997,SD0,缓存精确继承,https://corporate.ford.com/articles/history/history-of-the-mercury-brand.html
US,Mercury Cougar Hatchback 1999-2002,H0,缓存精确继承,https://corporate.ford.com/articles/history/history-of-the-mercury-brand.html
US,Mercury Cougar Sedan 1977-1979,SD2,缓存精确继承,https://fordheritagevault.com/
US,Mercury Cougar Sedan 1980-1982,SD2,缓存精确继承,https://fordheritagevault.com/
US,Mercury Cougar Wagon 1977,H3,缓存精确继承,https://fordheritagevault.com/
US,Mercury Cougar Wagon 1978-1979,H3,缓存精确继承,https://fordheritagevault.com/
US,Mercury Cougar Wagon 1980-1982,H3,缓存精确继承,https://fordheritagevault.com/
US,Mercury Cougar XR-7 Coupe 1974-1976,SD2,缓存精确继承,https://corporate.ford.com/articles/history/history-of-the-mercury-brand.html
US,Mercury Grand Marquis Sedan 1975-1978,SD2,缓存精确继承,https://www.supermotors.net/registry/mercury/grand-marquis
US,Mercury Grand Marquis Sedan 1979-1982,SD2,缓存精确继承,https://www.supermotors.net/registry/mercury/grand-marquis
US,Mercury Grand Marquis Sedan 1983-1991,SD2,缓存精确继承,https://www.supermotors.net/registry/mercury/grand-marquis
US,Mercury Grand Marquis Sedan 1992-1997,SD2,缓存精确继承,https://www.supermotors.net/registry/mercury/grand-marquis
US,Mercury Grand Marquis Sedan 1998-2005,SD2,缓存精确继承,https://www.supermotors.net/registry/mercury/grand-marquis
US,Mercury Grand Marquis Sedan 2006-2011,SD2,缓存精确继承,https://www.supermotors.net/registry/mercury/grand-marquis
US,Mercury Marauder Sedan 2003-2004,SD1,缓存精确继承,https://corporate.ford.com/articles/history/history-of-the-mercury-brand.html
US,Mercury Mariner SUV 2005-2007,SU2,缓存精确继承,https://www.cars.com/research/mercury-mariner/
US,Mercury Mariner SUV 2008-2011,SU2,缓存精确继承,https://www.cars.com/research/mercury-mariner/
US,Mercury Marquis Coupe 1967-1968,SD2,缓存精确继承,https://en.wikipedia.org/wiki/Mercury_Marquis
US,Mercury Marquis Coupe 1969-1970,SD2,缓存精确继承,https://en.wikipedia.org/wiki/Mercury_Marquis
US,Mercury Marquis Coupe 1971-1972,SD2,缓存精确继承,https://en.wikipedia.org/wiki/Mercury_Marquis
US,Mercury Marquis Coupe 1973,SD2,缓存精确继承,https://fordheritagevault.com/
US,Mercury Marquis Coupe 1975-1978,SD2,缓存精确继承,https://fordheritagevault.com/
US,Mercury Marquis Coupe 1980-1982,SD2,缓存精确继承,https://fordheritagevault.com/
US,Mercury Marquis Sedan 1969-1970,SD2,缓存精确继承,https://en.wikipedia.org/wiki/Mercury_Marquis
US,Mercury Marquis Sedan 1971-1972,SD2,缓存精确继承,https://en.wikipedia.org/wiki/Mercury_Marquis
US,Mercury Marquis Sedan 1973,SD2,缓存精确继承,https://fordheritagevault.com/
US,Mercury Marquis Sedan 1974-1978,SD2,缓存精确继承,https://fordheritagevault.com/
US,Mercury Marquis Sedan 1979-1981,SD2,缓存精确继承,https://fordheritagevault.com/
US,Mercury Marquis Sedan 1982,SD2,缓存精确继承,https://fordheritagevault.com/
US,Mercury Marquis Sedan 1983-1985,SD2,缓存精确继承,https://fordheritagevault.com/
US,Mercury Marquis Sedan 1986,SD2,缓存精确继承,https://fordheritagevault.com/
US,Mercury Marquis Wagon 1973,H3,缓存精确继承,https://fordheritagevault.com/
US,Mercury Marquis Wagon 1974,H3,缓存精确继承,https://fordheritagevault.com/
US,Mercury Marquis Wagon 1975-1977,H3,缓存精确继承,https://fordheritagevault.com/
US,Mercury Marquis Wagon 1978,H3,缓存精确继承,https://fordheritagevault.com/
US,Mercury Marquis Wagon 1979-1982,H3,缓存精确继承,https://fordheritagevault.com/
US,Mercury Marquis Wagon 1983-1986,H3,缓存精确继承,https://fordheritagevault.com/
US,Mercury Milan Sedan 2006-2009,SD1,缓存精确继承,https://www.jdpower.com/cars/history/mercury/milan
US,Mercury Milan Sedan 2010-2011,SD1,缓存精确继承,https://www.jdpower.com/cars/history/mercury/milan
US,Mercury Monterey Convertible 1952-1953,SD2,缓存精确继承,https://fordheritagevault.com/
US,Mercury Monterey Convertible 1954,SD2,缓存精确继承,https://fordheritagevault.com/
US,Mercury Monterey Convertible 1961-1964,SD2,缓存精确继承,https://en.wikipedia.org/wiki/Mercury_Monterey
US,Mercury Monterey Convertible 1965-1968,SD2,缓存精确继承,https://en.wikipedia.org/wiki/Mercury_Monterey
US,Mercury Monterey Coupe 1952-1953,SD2,缓存精确继承,https://fordheritagevault.com/
US,Mercury Monterey Coupe 1954,SD2,缓存精确继承,https://fordheritagevault.com/
US,Mercury Monterey Coupe 1955-1956,SD2,缓存精确继承,https://fordheritagevault.com/
US,Mercury Monterey Coupe 1957-1958,SD2,缓存精确继承,https://en.wikipedia.org/wiki/Mercury_Monterey
US,Mercury Monterey Coupe 1959-1960,SD2,缓存精确继承,https://fordheritagevault.com/
US,Mercury Monterey Coupe 1961-1964,SD2,缓存精确继承,https://en.wikipedia.org/wiki/Mercury_Monterey
US,Mercury Monterey Coupe 1965-1968,SD2,缓存精确继承,https://en.wikipedia.org/wiki/Mercury_Monterey
US,Mercury Monterey Coupe 1969-1974,SD2,缓存精确继承,https://fordheritagevault.com/
US,Mercury Monterey Hatchback 1955-1956,H0,缓存精确继承,https://fordheritagevault.com/
US,Mercury Monterey MPV 2004-2005,V0,缓存精确继承,https://en.wikipedia.org/wiki/Mercury_Monterey
US,Mercury Monterey MPV 2006-2007,V0,缓存精确继承,https://en.wikipedia.org/wiki/Mercury_Monterey
US,Mercury Monterey Sedan 1952-1953,SD2,缓存精确继承,https://fordheritagevault.com/
US,Mercury Monterey Sedan 1954,SD2,缓存精确继承,https://fordheritagevault.com/
US,Mercury Monterey Sedan 1955-1956,SD2,缓存精确继承,https://fordheritagevault.com/
US,Mercury Monterey Sedan 1957-1958,SD2,缓存精确继承,https://en.wikipedia.org/wiki/Mercury_Monterey
US,Mercury Monterey Sedan 1959-1960,SD2,缓存精确继承,https://fordheritagevault.com/
US,Mercury Monterey Sedan 1961-1964,SD2,缓存精确继承,https://en.wikipedia.org/wiki/Mercury_Monterey
US,Mercury Monterey Sedan 1965-1968,SD2,缓存精确继承,https://en.wikipedia.org/wiki/Mercury_Monterey
US,Mercury Monterey Sedan 1969-1974,SD2,缓存精确继承,https://fordheritagevault.com/
US,Mercury Monterey Wagon 1952-1953,H3,缓存精确继承,https://fordheritagevault.com/
US,Mercury Monterey Wagon 1954,H3,缓存精确继承,https://fordheritagevault.com/
US,Mercury Monterey Wagon 1955-1956,H3,缓存精确继承,https://fordheritagevault.com/
US,Mercury Monterey Wagon 1959-1960,H3,缓存精确继承,https://fordheritagevault.com/
US,Mercury Monterey Wagon 1969-1974,H3,缓存精确继承,https://fordheritagevault.com/
US,Mercury Mountaineer SUV 1997,SU2,缓存精确继承,https://en.wikipedia.org/wiki/Mercury_Mountaineer
US,Mercury Mountaineer SUV 1998,SU2,缓存精确继承,https://en.wikipedia.org/wiki/Mercury_Mountaineer
US,Mercury Mountaineer SUV 1999,SU2,缓存精确继承,https://en.wikipedia.org/wiki/Mercury_Mountaineer
US,Mercury Mountaineer SUV 2000-2001,SU2,缓存精确继承,https://en.wikipedia.org/wiki/Mercury_Mountaineer
US,Mercury Mountaineer SUV 2002,SU2,缓存精确继承,https://en.wikipedia.org/wiki/Mercury_Mountaineer
US,Mercury Mountaineer SUV 2003-2005,SU2,缓存精确继承,https://en.wikipedia.org/wiki/Mercury_Mountaineer
US,Mercury Mountaineer SUV 2006-2007,SU2,缓存精确继承,https://en.wikipedia.org/wiki/Mercury_Mountaineer
US,Mercury Mountaineer SUV 2008-2010,SU2,缓存精确继承,https://en.wikipedia.org/wiki/Mercury_Mountaineer
US,Mercury Sable Sedan 1986-1991,SD1,缓存精确继承,https://www.supermotors.net/registry/mercury/sable
US,Mercury Sable Sedan 1992-1995,SD1,缓存精确继承,https://www.supermotors.net/registry/mercury/sable
US,Mercury Sable Sedan 1996-1999,SD1,缓存精确继承,https://www.supermotors.net/registry/mercury/sable
US,Mercury Sable Sedan 2000,SD1,缓存精确继承,https://www.supermotors.net/registry/mercury/sable
US,Mercury Sable Sedan 2001-2005,SD1,缓存精确继承,https://www.supermotors.net/registry/mercury/sable
US,Mercury Sable Sedan 2008-2009,SD1,缓存精确继承,https://www.supermotors.net/registry/mercury/sable
US,Mercury Sable Wagon 1986-1991,H2,缓存精确继承,https://www.supermotors.net/registry/mercury/sable
US,Mercury Sable Wagon 1992-1995,H2,缓存精确继承,https://www.supermotors.net/registry/mercury/sable
US,Mercury Sable Wagon 1996-1999,H2,缓存精确继承,https://www.supermotors.net/registry/mercury/sable
US,Mercury Sable Wagon 2000-2005,H2,缓存精确继承,https://www.supermotors.net/registry/mercury/sable
US,Mercury Tracer Sedan 1988-1989,SD1,缓存精确继承,https://www.cars.com/research/mercury-tracer/
US,Mercury Tracer Sedan 1990-1996,SD1,缓存精确继承,https://www.cars.com/research/mercury-tracer/
US,Mercury Tracer Sedan 1997-1999,SD1,缓存精确继承,https://www.cars.com/research/mercury-tracer/
US,Mercury Tracer Wagon 1991-1994,H2,缓存精确继承,https://www.cars.com/research/mercury-tracer/
US,Mercury Tracer Wagon 1997-1999,H2,缓存精确继承,https://www.cars.com/research/mercury-tracer/
US,Mitsubishi 3000GT Convertible 1995-1996,SD0,缓存精确继承,https://media.mitsubishicars.com/en-US/releases/release-4ed42f8f3823e5075185a95f4b06fc12-mitsubishi-motors-north-america-inc-sales-division
US,Mitsubishi 3000GT Coupe 1991,SD0,缓存精确继承,https://media.mitsubishicars.com/en-US/releases/release-4ed42f8f3823e5075185a95f4b06fc12-mitsubishi-motors-north-america-inc-sales-division
US,Mitsubishi 3000GT Coupe 1992,SD0,缓存精确继承,https://media.mitsubishicars.com/en-US/releases/release-4ed42f8f3823e5075185a95f4b06fc12-mitsubishi-motors-north-america-inc-sales-division
US,Mitsubishi 3000GT Coupe 1993-1996,SD0,缓存精确继承,https://media.mitsubishicars.com/en-US/releases/release-4ed42f8f3823e5075185a95f4b06fc12-mitsubishi-motors-north-america-inc-sales-division
US,Mitsubishi 3000GT Coupe 1997,SD0,缓存精确继承,https://media.mitsubishicars.com/en-US/releases/release-4ed42f8f3823e5075185a95f4b06fc12-mitsubishi-motors-north-america-inc-sales-division
US,Mitsubishi 3000GT Coupe 1998-1999,SD0,缓存精确继承,https://media.mitsubishicars.com/en-US/releases/release-4ed42f8f3823e5075185a95f4b06fc12-mitsubishi-motors-north-america-inc-sales-division
US,Mitsubishi Diamante Sedan 1992-1993,SD1,缓存精确继承,https://media.mitsubishicars.com/en-US/releases/release-4ed42f8f3823e5075185a95f4b06fc12-mitsubishi-motors-north-america-inc-sales-division
US,Mitsubishi Diamante Sedan 1994-1996,SD1,缓存精确继承,https://media.mitsubishicars.com/en-US/releases/release-4ed42f8f3823e5075185a95f4b06fc12-mitsubishi-motors-north-america-inc-sales-division
US,Mitsubishi Diamante Sedan 1997,SD1,缓存精确继承,https://media.mitsubishicars.com/en-US/releases/release-4ed42f8f3823e5075185a95f4b06fc12-mitsubishi-motors-north-america-inc-sales-division
US,Mitsubishi Diamante Sedan 1998-2004,SD1,缓存精确继承,https://media.mitsubishicars.com/en-US/releases/release-4ed42f8f3823e5075185a95f4b06fc12-mitsubishi-motors-north-america-inc-sales-division
US,Mitsubishi Eclipse Convertible 1996,SD0,缓存精确继承,https://media.mitsubishicars.com/en-US/releases/release-4ed42f8f3823e5075185a95f4b06fc12-mitsubishi-motors-north-america-inc-sales-division
US,Mitsubishi Eclipse Convertible 1997-1999,SD0,缓存精确继承,https://media.mitsubishicars.com/en-US/releases/release-4ed42f8f3823e5075185a95f4b06fc12-mitsubishi-motors-north-america-inc-sales-division
US,Mitsubishi Eclipse Convertible 2007,SD0,缓存精确继承,https://media.mitsubishicars.com/en-US/releases/release-4ed42f8f3823e5075185a95f4b06fc12-mitsubishi-motors-north-america-inc-sales-division
US,Mitsubishi Eclipse Convertible 2008,SD0,缓存精确继承,https://media.mitsubishicars.com/en-US/releases/release-4ed42f8f3823e5075185a95f4b06fc12-mitsubishi-motors-north-america-inc-sales-division
US,Mitsubishi Eclipse Convertible 2009-2010,SD0,缓存精确继承,https://media.mitsubishicars.com/en-US/releases/release-4ed42f8f3823e5075185a95f4b06fc12-mitsubishi-motors-north-america-inc-sales-division
US,Mitsubishi Eclipse Convertible 2011-2012,SD0,缓存精确继承,https://media.mitsubishicars.com/en-US/releases/release-4ed42f8f3823e5075185a95f4b06fc12-mitsubishi-motors-north-america-inc-sales-division
US,Mitsubishi Eclipse Coupe 1990-1994,SD0,缓存精确继承,https://media.mitsubishicars.com/en-US/releases/release-4ed42f8f3823e5075185a95f4b06fc12-mitsubishi-motors-north-america-inc-sales-division
US,Mitsubishi Eclipse Coupe 1995,SD0,缓存精确继承,https://media.mitsubishicars.com/en-US/releases/release-4ed42f8f3823e5075185a95f4b06fc12-mitsubishi-motors-north-america-inc-sales-division
US,Mitsubishi Eclipse Coupe 1996,SD0,缓存精确继承,https://media.mitsubishicars.com/en-US/releases/release-4ed42f8f3823e5075185a95f4b06fc12-mitsubishi-motors-north-america-inc-sales-division
US,Mitsubishi Eclipse Coupe 1997,SD0,缓存精确继承,https://media.mitsubishicars.com/en-US/releases/release-4ed42f8f3823e5075185a95f4b06fc12-mitsubishi-motors-north-america-inc-sales-division
US,Mitsubishi Eclipse Coupe 1998,SD0,缓存精确继承,https://media.mitsubishicars.com/en-US/releases/release-4ed42f8f3823e5075185a95f4b06fc12-mitsubishi-motors-north-america-inc-sales-division
US,Mitsubishi Eclipse Coupe 2000-2002,SD0,缓存精确继承,https://media.mitsubishicars.com/en-US/releases/release-4ed42f8f3823e5075185a95f4b06fc12-mitsubishi-motors-north-america-inc-sales-division
US,Mitsubishi Eclipse Coupe 2003-2005,SD0,缓存精确继承,https://media.mitsubishicars.com/en-US/releases/release-4ed42f8f3823e5075185a95f4b06fc12-mitsubishi-motors-north-america-inc-sales-division
US,Mitsubishi Eclipse Coupe 2006-2007,SD0,缓存精确继承,https://media.mitsubishicars.com/en-US/releases/release-4ed42f8f3823e5075185a95f4b06fc12-mitsubishi-motors-north-america-inc-sales-division
US,Mitsubishi Eclipse Coupe 2008,SD0,缓存精确继承,https://media.mitsubishicars.com/en-US/releases/release-4ed42f8f3823e5075185a95f4b06fc12-mitsubishi-motors-north-america-inc-sales-division
US,Mitsubishi Eclipse Coupe 2009-2010,SD0,缓存精确继承,https://media.mitsubishicars.com/en-US/releases/release-4ed42f8f3823e5075185a95f4b06fc12-mitsubishi-motors-north-america-inc-sales-division
US,Mitsubishi Eclipse Coupe 2011-2012,SD0,缓存精确继承,https://media.mitsubishicars.com/en-US/releases/release-4ed42f8f3823e5075185a95f4b06fc12-mitsubishi-motors-north-america-inc-sales-division
US,Mitsubishi Eclipse Cross Crossover 2018-2019,SU1,缓存精确继承,https://media.mitsubishicars.com/en-US/releases/release-cc516bc6b4514b1da9b5ae351f620e35-2018-mitsubishi-eclipse-cross-press-kit
US,Mitsubishi Eclipse Cross Crossover 2020,SU1,缓存精确继承,https://media.mitsubishicars.com/en-US/releases/release-cc516bc6b4514b1da9b5ae351f620e35-2018-mitsubishi-eclipse-cross-press-kit
US,Mitsubishi Eclipse Cross Crossover 2022-2026,SU1,缓存精确继承,https://media.mitsubishicars.com/en-US/releases/release-cc516bc6b4514b1da9b5ae351f620e35-2018-mitsubishi-eclipse-cross-press-kit
US,Mitsubishi Eclipse Hatchback 1995-1999,SD0,缓存精确继承,https://media.mitsubishicars.com/en-US/releases/release-4ed42f8f3823e5075185a95f4b06fc12-mitsubishi-motors-north-america-inc-sales-division
US,Mitsubishi Eclipse Spyder Convertible 2001-2005,SD0,缓存精确继承,https://media.mitsubishicars.com/en-US/releases/release-4ed42f8f3823e5075185a95f4b06fc12-mitsubishi-motors-north-america-inc-sales-division
US,Mitsubishi Eclipse Spyder Convertible 2007-2012,SD0,缓存精确继承,https://media.mitsubishicars.com/en-US/releases/release-4ed42f8f3823e5075185a95f4b06fc12-mitsubishi-motors-north-america-inc-sales-division
US,Mitsubishi Endeavor SUV 2004-2006,SU1,缓存精确继承,https://media.mitsubishicars.com/en-US/releases/release-d3dd1bdb332860e0366b06184b06fc11-2005-mitsubishi-motors-model-lineup
US,Mitsubishi Endeavor SUV 2007-2008,SU1,缓存精确继承,https://media.mitsubishicars.com/en-US/releases/release-d3dd1bdb332860e0366b06184b06fc11-2005-mitsubishi-motors-model-lineup
US,Mitsubishi Endeavor SUV 2009-2011,SU1,缓存精确继承,https://media.mitsubishicars.com/en-US/releases/release-d3dd1bdb332860e0366b06184b06fc11-2005-mitsubishi-motors-model-lineup
US,Mitsubishi Galant Sedan 1989-1993,SD1,缓存精确继承,https://media.mitsubishicars.com/en-US/releases/release-4ed42f8f3823e5075185a95f4b06fc12-mitsubishi-motors-north-america-inc-sales-division
US,Mitsubishi Galant Sedan 1994-1998,SD1,缓存精确继承,https://media.mitsubishicars.com/presskits/2004-galant-press-kit
US,Mitsubishi Galant Sedan 1999-2003,SD1,缓存精确继承,https://media.mitsubishicars.com/presskits/2004-galant-press-kit
US,Mitsubishi Galant Sedan 2004-2005,SD1,缓存精确继承,https://media.mitsubishicars.com/presskits/2004-galant-press-kit
US,Mitsubishi Galant Sedan 2006,SD1,缓存精确继承,https://media.mitsubishicars.com/presskits/2004-galant-press-kit
US,Mitsubishi Galant Sedan 2007-2012,SD1,缓存精确继承,https://media.mitsubishicars.com/presskits/2004-galant-press-kit
US,Mitsubishi Lancer Hatchback 2011,H0,缓存精确继承,https://media.mitsubishicars.com/en-US/releases/release-642822e52eabe0add68ddbc34b06fc81-mitsubishi-motors-brings-versatile-new-five-door-sportback-to-award-winning-us-lancer-lineup
US,Mitsubishi Lancer Hatchback 2012-2015,H0,缓存精确继承,https://media.mitsubishicars.com/en-US/releases/release-642822e52eabe0add68ddbc34b06fc81-mitsubishi-motors-brings-versatile-new-five-door-sportback-to-award-winning-us-lancer-lineup
US,Mitsubishi Lancer Sedan 2002-2003,SD1,缓存精确继承,https://media.mitsubishicars.com/en-US/releases/release-642822e52eabe0add68ddbc34b06fc81-mitsubishi-motors-brings-versatile-new-five-door-sportback-to-award-winning-us-lancer-lineup
US,Mitsubishi Lancer Sedan 2004-2007,SD1,缓存精确继承,https://media.mitsubishicars.com/en-US/releases/release-642822e52eabe0add68ddbc34b06fc81-mitsubishi-motors-brings-versatile-new-five-door-sportback-to-award-winning-us-lancer-lineup
US,Mitsubishi Lancer Sedan 2008-2010,SD1,缓存精确继承,https://media.mitsubishicars.com/en-US/releases/release-642822e52eabe0add68ddbc34b06fc81-mitsubishi-motors-brings-versatile-new-five-door-sportback-to-award-winning-us-lancer-lineup
US,Mitsubishi Lancer Sedan 2015,SD1,缓存精确继承,https://media.mitsubishicars.com/en-US/releases/release-642822e52eabe0add68ddbc34b06fc81-mitsubishi-motors-brings-versatile-new-five-door-sportback-to-award-winning-us-lancer-lineup
US,Mitsubishi Lancer Sedan 2016-2017,SD1,缓存精确继承,https://media.mitsubishicars.com/en-US/releases/release-642822e52eabe0add68ddbc34b06fc81-mitsubishi-motors-brings-versatile-new-five-door-sportback-to-award-winning-us-lancer-lineup
US,Mitsubishi Mirage Hatchback 2014,H0,缓存精确继承,https://media.mitsubishicars.com/en-US/channels/channel-82fd769edb4438267ec89f936f002ea6?selectedTabId=channel-82fd769edb4438267ec89f936f002ea6-images
US,Mitsubishi Mirage Hatchback 2015,H0,缓存精确继承,https://media.mitsubishicars.com/en-US/channels/channel-82fd769edb4438267ec89f936f002ea6?selectedTabId=channel-82fd769edb4438267ec89f936f002ea6-images
US,Mitsubishi Mirage Hatchback 2017-2020,H0,缓存精确继承,https://media.mitsubishicars.com/en-US/channels/channel-82fd769edb4438267ec89f936f002ea6?selectedTabId=channel-82fd769edb4438267ec89f936f002ea6-images
US,Mitsubishi Mirage Hatchback 2021-2024,H0,缓存精确继承,https://media.mitsubishicars.com/en-US/channels/channel-82fd769edb4438267ec89f936f002ea6?selectedTabId=channel-82fd769edb4438267ec89f936f002ea6-images
US,Mitsubishi Mirage Sedan 2017-2024,SD1,缓存精确继承,https://media.mitsubishicars.com/en-US/channels/channel-82fd769edb4438267ec89f936f002ea6?selectedTabId=channel-82fd769edb4438267ec89f936f002ea6-images
US,Mitsubishi Montero 2dr SWB SUV 1983,JP,缓存精确继承,https://www.motortrend.com/features/mitsubishi-montero-history-generations-specifications
US,Mitsubishi Montero 2dr SWB SUV 1984-1986,JP,缓存精确继承,https://www.motortrend.com/features/mitsubishi-montero-history-generations-specifications
US,Mitsubishi Montero 2dr SWB SUV 1987-1989,JP,缓存精确继承,https://www.motortrend.com/features/mitsubishi-montero-history-generations-specifications
US,Mitsubishi Montero 2dr SWB SUV 1990,JP,缓存精确继承,https://www.motortrend.com/features/mitsubishi-montero-history-generations-specifications
US,Mitsubishi Montero 4dr LS LWB SUV 1990,JP,缓存精确继承,https://www.motortrend.com/features/mitsubishi-montero-history-generations-specifications
US,Mitsubishi Montero 4dr LWB SUV 1989,JP,缓存精确继承,https://www.motortrend.com/features/mitsubishi-montero-history-generations-specifications
US,Mitsubishi Montero 4dr LWB SUV 1991,JP,缓存精确继承,https://www.motortrend.com/features/mitsubishi-montero-history-generations-specifications
US,Mitsubishi Montero SUV 1992-1997,SU2,缓存精确继承,https://www.cars.com/research/mitsubishi-montero/
US,Mitsubishi Montero SUV 1999-2000,SU2,缓存精确继承,https://www.cars.com/research/mitsubishi-montero/
US,Mitsubishi Montero SUV 2001-2006,SU2,缓存精确继承,https://www.cars.com/research/mitsubishi-montero/
US,Mitsubishi Montero Sport SUV 1997-2004,SU2,缓存精确继承,https://www.automobile-catalog.com/model/mitsubishi_usa/montero_sport.html
US,Mitsubishi Outlander SUV 2003,SU1,缓存精确继承,https://www.mitsubishi-motors.com/en/newsroom/newsrelease/2021/20210217_1.html
US,Mitsubishi Outlander SUV 2004,SU1,缓存精确继承,https://www.mitsubishi-motors.com/en/newsroom/newsrelease/2021/20210217_1.html
US,Mitsubishi Outlander SUV 2005,SU1,缓存精确继承,https://www.mitsubishi-motors.com/en/newsroom/newsrelease/2021/20210217_1.html
US,Mitsubishi Outlander SUV 2006,SU1,缓存精确继承,https://www.mitsubishi-motors.com/en/newsroom/newsrelease/2021/20210217_1.html
US,Mitsubishi Outlander SUV 2007-2009,SU1,缓存精确继承,https://www.mitsubishi-motors.com/en/newsroom/newsrelease/2021/20210217_1.html
US,Mitsubishi Outlander SUV 2010-2013,SU1,缓存精确继承,https://www.mitsubishi-motors.com/en/newsroom/newsrelease/2021/20210217_1.html
US,Mitsubishi Outlander SUV 2014-2015,SU1,缓存精确继承,https://www.mitsubishi-motors.com/en/newsroom/newsrelease/2021/20210217_1.html
US,Mitsubishi Outlander SUV 2016-2017,SU1,缓存精确继承,https://www.mitsubishi-motors.com/en/newsroom/newsrelease/2021/20210217_1.html
US,Mitsubishi Outlander SUV 2018-2021,SU1,缓存精确继承,https://www.mitsubishi-motors.com/en/newsroom/newsrelease/2021/20210217_1.html
US,Mitsubishi Outlander SUV 2022-2024,SU1,缓存精确继承,https://www.mitsubishi-motors.com/en/newsroom/newsrelease/2021/20210217_1.html
US,Mitsubishi Outlander SUV 2025-2026,SU1,缓存精确继承,https://www.mitsubishi-motors.com/en/newsroom/newsrelease/2021/20210217_1.html
US,Mitsubishi Outlander Sport SUV 2011-2012,SU1,缓存精确继承,https://www.mitsubishi-motors.com/en/newsroom/newsrelease/2022/20220921_1.html
US,Mitsubishi Outlander Sport SUV 2013-2015,SU1,缓存精确继承,https://www.mitsubishi-motors.com/en/newsroom/newsrelease/2022/20220921_1.html
US,Mitsubishi Outlander Sport SUV 2016-2025,SU1,缓存精确继承,https://www.mitsubishi-motors.com/en/newsroom/newsrelease/2022/20220921_1.html
US,Mitsubishi i-MiEV Hatchback 2012,H1,缓存精确继承,https://www.mitsubishicars.com/i-miev-electric-car
US,Mitsubishi i-MiEV Hatchback 2014,H1,缓存精确继承,https://www.mitsubishicars.com/i-miev-electric-car
US,Mitsubishi i-MiEV Hatchback 2016-2017,H1,缓存精确继承,https://www.mitsubishicars.com/i-miev-electric-car
US,Nissan 240SX Convertible 1992-1994,SD0,缓存精确继承,https://www.hemmings.com/stories/1995-1998-nissan-240sx/
US,Nissan 240SX Coupe 1989-1993,SD0,缓存精确继承,https://www.hemmings.com/stories/1995-1998-nissan-240sx/
US,Nissan 240SX Coupe 1995-1998,SD0,缓存精确继承,https://www.hemmings.com/stories/1995-1998-nissan-240sx/
US,Nissan 240SX Fastback Hatchback 1989-1993,SD0,缓存精确继承,https://www.hemmings.com/stories/1995-1998-nissan-240sx/
US,Nissan 240SX Hatchback 1989-1992,SD0,缓存精确继承,https://www.hemmings.com/stories/1995-1998-nissan-240sx/
US,Nissan 300ZX 2+2 Coupe 1990-1992,SD0,缓存精确继承,https://www.nissan-global.com/EN/STORIES/RELEASES/nissanz-50years-excitement/
US,Nissan 300ZX 2+2 Coupe 1993-1996,SD0,缓存精确继承,https://www.nissan-global.com/EN/STORIES/RELEASES/nissanz-50years-excitement/
US,Nissan 300ZX 2+2 Coupe Coupe 1993-1994,SD0,缓存精确继承,https://www.nissan-global.com/EN/STORIES/RELEASES/nissanz-50years-excitement/
US,Nissan 300ZX 2-Seater Coupe 1993-1994,SD0,缓存精确继承,https://www.nissan-global.com/EN/STORIES/RELEASES/nissanz-50years-excitement/
US,Nissan 300ZX Convertible 1990-1994,SD0,缓存精确继承,https://www.nissan-global.com/EN/STORIES/RELEASES/nissanz-50years-excitement/
US,Nissan 300ZX Convertible 1995-1996,SD0,缓存精确继承,https://www.nissan-global.com/EN/STORIES/RELEASES/nissanz-50years-excitement/
US,Nissan 300ZX Coupe 1984-1985,SD0,缓存精确继承,https://www.nissan-global.com/EN/STORIES/RELEASES/nissanz-50years-excitement/
US,Nissan 300ZX Coupe 1986-1989,SD0,缓存精确继承,https://www.nissan-global.com/EN/STORIES/RELEASES/nissanz-50years-excitement/
US,Nissan 300ZX Coupe 1990,SD0,缓存精确继承,https://www.nissan-global.com/EN/STORIES/RELEASES/nissanz-50years-excitement/
US,Nissan 300ZX Coupe 1991-1992,SD0,缓存精确继承,https://www.nissan-global.com/EN/STORIES/RELEASES/nissanz-50years-excitement/
US,Nissan 300ZX Coupe 1995-1996,SD0,缓存精确继承,https://www.nissan-global.com/EN/STORIES/RELEASES/nissanz-50years-excitement/
US,Nissan 350Z Convertible 2004-2005,SD0,缓存精确继承,https://usa.nissannews.com/en-US/releases/release-e522bddd952b4c9eb7782f0412627b3d-2008-nissan-350z-press-kit
US,Nissan 350Z Convertible 2006-2009,SD0,缓存精确继承,https://usa.nissannews.com/en-US/releases/release-e522bddd952b4c9eb7782f0412627b3d-2008-nissan-350z-press-kit
US,Nissan 350Z Coupe 2003-2005,SD0,缓存精确继承,https://usa.nissannews.com/en-US/releases/release-e522bddd952b4c9eb7782f0412627b3d-2008-nissan-350z-press-kit
US,Nissan 350Z Coupe 2006-2008,SD0,缓存精确继承,https://usa.nissannews.com/en-US/releases/release-e522bddd952b4c9eb7782f0412627b3d-2008-nissan-350z-press-kit
US,Nissan 370Z Convertible 2010-2019,SD0,缓存精确继承,https://usa.nissannews.com/en-US/releases/all-new-2009-nissan-z-makes-its-world-debut-in-ea-s-need-for-speed-undercover
US,Nissan 370Z Coupe 2009-2014,SD0,缓存精确继承,https://usa.nissannews.com/en-US/releases/all-new-2009-nissan-z-makes-its-world-debut-in-ea-s-need-for-speed-undercover
US,Nissan 370Z Coupe 2015-2020,SD0,缓存精确继承,https://usa.nissannews.com/en-US/releases/all-new-2009-nissan-z-makes-its-world-debut-in-ea-s-need-for-speed-undercover
US,Nissan 370Z NISMO Coupe 2015-2020,SD0,缓存精确继承,https://usa.nissannews.com/en-US/releases/all-new-2009-nissan-z-makes-its-world-debut-in-ea-s-need-for-speed-undercover
US,Nissan Altima Coupe 2008-2013,SD1,缓存精确继承,车形分类核定/cache/model_shape_cache.csv
US,Nissan Altima Sedan 1993-1997,SD1,缓存精确继承,车形分类核定/cache/model_shape_cache.csv
US,Nissan Altima Sedan 1998-2001,SD1,缓存精确继承,车形分类核定/cache/model_shape_cache.csv
US,Nissan Altima Sedan 2002-2006,SD1,缓存精确继承,车形分类核定/cache/model_shape_cache.csv
US,Nissan Altima Sedan 2007-2012,SD1,缓存精确继承,车形分类核定/cache/model_shape_cache.csv
US,Nissan Altima Sedan 2013-2018,SD1,缓存精确继承,车形分类核定/cache/model_shape_cache.csv
US,Nissan Altima Sedan 2019-2026,SD1,缓存精确继承,车形分类核定/cache/model_shape_cache.csv
US,Nissan Ariya SUV 2023-2026,SU0,缓存精确继承,https://usa.nissannews.com/en-US/releases/2023-nissan-ariya-press-kit
US,Nissan Armada NISMO SUV 2026,SU2,缓存精确继承,https://usa.nissannews.com/en-US/releases/2025-nissan-armada-press-kit
US,Nissan Armada PRO-4X SUV 2025,SU2,缓存精确继承,https://usa.nissannews.com/en-US/releases/2025-nissan-armada-press-kit
US,Nissan Armada SUV 2004-2007,SU2,缓存精确继承,https://usa.nissannews.com/en-US/releases/2025-nissan-armada-press-kit
US,Nissan Armada SUV 2008-2015,SU2,缓存精确继承,https://usa.nissannews.com/en-US/releases/2025-nissan-armada-press-kit
US,Nissan Armada SUV 2017-2024,SU2,缓存精确继承,https://usa.nissannews.com/en-US/releases/2025-nissan-armada-press-kit
US,Nissan Armada SUV 2026,SU2,缓存精确继承,https://usa.nissannews.com/en-US/releases/2025-nissan-armada-press-kit
US,Nissan Cube Wagon 2009-2014,H1,缓存精确继承,https://usa.nissannews.com/en-US/releases/release-744f4ea854cf4f79a1992d117d490442-2014-nissan-cube-press-kit
US,Nissan Frontier Pickup 1998 King 6,P0,缓存精确继承,https://usa.nissannews.com/en-US/releases/2022-nissan-frontier-press-kit
US,Nissan Frontier Pickup 1998 Regular 6,P0,缓存精确继承,https://usa.nissannews.com/en-US/releases/2022-nissan-frontier-press-kit
US,Nissan Frontier Pickup 1999 King 6,P0,缓存精确继承,https://usa.nissannews.com/en-US/releases/2022-nissan-frontier-press-kit
US,Nissan Frontier Pickup 1999 Regular 6,P0,缓存精确继承,https://usa.nissannews.com/en-US/releases/2022-nissan-frontier-press-kit
US,Nissan Frontier Pickup 2000 Crew 4.5,P0,缓存精确继承,https://usa.nissannews.com/en-US/releases/2022-nissan-frontier-press-kit
US,Nissan Frontier Pickup 2000 King 6,P0,缓存精确继承,https://usa.nissannews.com/en-US/releases/2022-nissan-frontier-press-kit
US,Nissan Frontier Pickup 2000 Regular 6,P0,缓存精确继承,https://usa.nissannews.com/en-US/releases/2022-nissan-frontier-press-kit
US,Nissan Frontier Pickup 2001 Crew 4.5,P0,缓存精确继承,https://usa.nissannews.com/en-US/releases/2022-nissan-frontier-press-kit
US,Nissan Frontier Pickup 2001 Regular 6,P0,缓存精确继承,https://usa.nissannews.com/en-US/releases/2022-nissan-frontier-press-kit
US,Nissan Frontier Pickup 2002 King 6,P0,缓存精确继承,https://usa.nissannews.com/en-US/releases/2022-nissan-frontier-press-kit
US,Nissan Frontier Pickup 2003 Crew 6,P0,缓存精确继承,https://usa.nissannews.com/en-US/releases/2022-nissan-frontier-press-kit
US,Nissan Frontier Pickup 2003 King 6,P0,缓存精确继承,https://usa.nissannews.com/en-US/releases/2022-nissan-frontier-press-kit
US,Nissan Frontier Pickup 2004 Crew 4.5,P0,缓存精确继承,https://usa.nissannews.com/en-US/releases/2022-nissan-frontier-press-kit
US,Nissan Frontier Pickup 2004 Crew 6,P0,缓存精确继承,https://usa.nissannews.com/en-US/releases/2022-nissan-frontier-press-kit
US,Nissan Frontier Pickup 2004 King 6,P0,缓存精确继承,https://usa.nissannews.com/en-US/releases/2022-nissan-frontier-press-kit
US,Nissan Frontier Pickup 2005-2007 King 6,P0,缓存精确继承,https://usa.nissannews.com/en-US/releases/2022-nissan-frontier-press-kit
US,Nissan Frontier Pickup 2005-2021 Crew 5,P0,缓存精确继承,https://usa.nissannews.com/en-US/releases/2022-nissan-frontier-press-kit
US,Nissan Frontier Pickup 2005-2021 Crew 6,P0,缓存精确继承,https://usa.nissannews.com/en-US/releases/2022-nissan-frontier-press-kit
US,Nissan Frontier Pickup 2008-2009 King 6,P0,缓存精确继承,https://usa.nissannews.com/en-US/releases/2022-nissan-frontier-press-kit
US,Nissan Frontier Pickup 2010-2013 King 6,P0,缓存精确继承,https://usa.nissannews.com/en-US/releases/2022-nissan-frontier-press-kit
US,Nissan Frontier Pickup 2014-2015 King 6,P0,缓存精确继承,https://usa.nissannews.com/en-US/releases/2022-nissan-frontier-press-kit
US,Nissan Frontier Pickup 2016 King 6,P0,缓存精确继承,https://usa.nissannews.com/en-US/releases/2022-nissan-frontier-press-kit
US,Nissan Frontier Pickup 2017 King 6,P0,缓存精确继承,https://usa.nissannews.com/en-US/releases/2022-nissan-frontier-press-kit
US,Nissan Frontier Pickup 2018-2021 King 6,P0,缓存精确继承,https://usa.nissannews.com/en-US/releases/2022-nissan-frontier-press-kit
US,Nissan Frontier Pickup 2022 Crew 6,P0,缓存精确继承,https://usa.nissannews.com/en-US/releases/2022-nissan-frontier-press-kit
US,Nissan Frontier Pickup 2022 King 6,P0,缓存精确继承,https://usa.nissannews.com/en-US/releases/2022-nissan-frontier-press-kit
US,Nissan Frontier Pickup 2022-2026 Crew 5,P0,缓存精确继承,https://usa.nissannews.com/en-US/releases/2022-nissan-frontier-press-kit
US,Nissan Frontier Pickup 2023 King 6,P0,缓存精确继承,https://usa.nissannews.com/en-US/releases/2022-nissan-frontier-press-kit
US,Nissan Frontier Pickup 2023-2024 Crew 6,P0,缓存精确继承,https://usa.nissannews.com/en-US/releases/2022-nissan-frontier-press-kit
US,Nissan Frontier Pickup 2024 King 6,P0,缓存精确继承,https://usa.nissannews.com/en-US/releases/2022-nissan-frontier-press-kit
US,Nissan Frontier Pickup 2025 Crew 6,P0,缓存精确继承,https://usa.nissannews.com/en-US/releases/2022-nissan-frontier-press-kit
US,Nissan Frontier Pickup 2025 King 6,P0,缓存精确继承,https://usa.nissannews.com/en-US/releases/2022-nissan-frontier-press-kit
US,Nissan Frontier Pickup 2026 Crew 6,P0,缓存精确继承,https://usa.nissannews.com/en-US/releases/2022-nissan-frontier-press-kit
US,Nissan Frontier Pickup 2026 King 6,P0,缓存精确继承,https://usa.nissannews.com/en-US/releases/2022-nissan-frontier-press-kit
US,Nissan Frontier SC-V6 Pickup 2001 King 6,P0,缓存精确继承,https://usa.nissannews.com/en-US/releases/2022-nissan-frontier-press-kit
US,Nissan Frontier SC-V6 Pickup 2002 Crew 4.5,P0,缓存精确继承,https://usa.nissannews.com/en-US/releases/2022-nissan-frontier-press-kit
US,Nissan Frontier SC-V6 Pickup 2002 Crew 6,P0,缓存精确继承,https://usa.nissannews.com/en-US/releases/2022-nissan-frontier-press-kit
US,Nissan Frontier SC-V6 Pickup 2003 Crew 4.5,P0,缓存精确继承,https://usa.nissannews.com/en-US/releases/2022-nissan-frontier-press-kit
US,Nissan GT-R Coupe 2009-2016,SD0,本轮增量研究,https://usa.nissannews.com/en-US/releases/2024-nissan-gt-r-press-kit
US,Nissan GT-R NISMO Coupe 2017-2021,SD0,本轮增量研究,https://usa.nissannews.com/en-US/releases/2024-nissan-gt-r-press-kit
US,Nissan GT-R NISMO Coupe 2023-2024,SD0,本轮增量研究,https://usa.nissannews.com/en-US/releases/2024-nissan-gt-r-press-kit
US,Nissan Juke Crossover 2011-2017,SU1,缓存精确继承,https://usa.nissannews.com/en-US/releases/release-52a5fdbb3fc64618bcf06dca163d47f3-2011-nissan-juke-press-kit
US,Nissan Kicks SUV 2018-2024,SU1,缓存精确继承,https://www.carsdirect.com/nissan/kicks/generations
US,Nissan Kicks SUV 2025-2026,SU1,缓存精确继承,https://www.carsdirect.com/nissan/kicks/generations
US,Nissan Leaf Crossover 2026,SU0,缓存精确继承,https://www.nissanusa.com/vehicles/electric-cars/leaf.html
US,Nissan Leaf Hatchback 2011-2017,H0,缓存精确继承,https://www.nissanusa.com/vehicles/electric-cars/leaf.html
US,Nissan Leaf Hatchback 2018-2025,H0,缓存精确继承,https://www.nissanusa.com/vehicles/electric-cars/leaf.html
US,Nissan Maxima Sedan 1981-1984,SD1,缓存精确继承,https://www.nissan-global.com/EN/HERITAGE/
US,Nissan Maxima Sedan 1985-1988,SD1,缓存精确继承,https://en.wikipedia.org/wiki/Nissan_Maxima
US,Nissan Maxima Sedan 1989-1994,SD1,缓存精确继承,https://en.wikipedia.org/wiki/Nissan_Maxima
US,Nissan Maxima Sedan 1995-1999,SD1,缓存精确继承,https://en.wikipedia.org/wiki/Nissan_Maxima
US,Nissan Maxima Sedan 2000-2003,SD1,缓存精确继承,https://en.wikipedia.org/wiki/Nissan_Maxima
US,Nissan Maxima Sedan 2004-2008,SD1,缓存精确继承,https://en.wikipedia.org/wiki/Nissan_Maxima
US,Nissan Maxima Sedan 2009-2014,SD1,缓存精确继承,https://en.wikipedia.org/wiki/Nissan_Maxima
US,Nissan Maxima Sedan 2016-2023,SD1,缓存精确继承,https://en.wikipedia.org/wiki/Nissan_Maxima
US,Nissan Maxima Wagon 1981-1984,H3,缓存精确继承,https://www.nissan-global.com/EN/HERITAGE/
US,Nissan Murano SUV 2003-2008,SU1,缓存精确继承,https://www.cars.com/research/nissan-murano/
US,Nissan Murano SUV 2009-2014,SU1,缓存精确继承,https://www.cars.com/research/nissan-murano/
US,Nissan Murano SUV 2015-2024,SU1,缓存精确继承,https://www.cars.com/research/nissan-murano/
US,Nissan Murano SUV 2025-2026,SU1,缓存精确继承,https://www.cars.com/research/nissan-murano/
US,Nissan Pathfinder Narrow-body SUV 1990-1995,SU2,缓存精确继承,https://www.guideautoweb.com/en/galleries/59054/the-nissan-pathfinder-through-time/
US,Nissan Pathfinder Rock Creek SUV 2025-2026,SU2,缓存精确继承,https://www.guideautoweb.com/en/galleries/59054/the-nissan-pathfinder-through-time/
US,Nissan Pathfinder SUV 1987,SU2,缓存精确继承,https://www.guideautoweb.com/en/galleries/59054/the-nissan-pathfinder-through-time/
US,Nissan Pathfinder SUV 1996-2004,SU1,缓存精确继承,https://www.autoblog.com/features/nissan-pathfinder-history
US,Nissan Pathfinder SUV 2005-2011,SU2,缓存精确继承,https://www.autoblog.com/features/nissan-pathfinder-history
US,Nissan Pathfinder SUV 2012,SU2,缓存精确继承,https://www.autoblog.com/features/nissan-pathfinder-history
US,Nissan Pathfinder SUV 2013-2020,SU1,缓存精确继承,https://www.autoblog.com/features/nissan-pathfinder-history
US,Nissan Pathfinder SUV 2022-2023,SU2,缓存精确继承,https://www.guideautoweb.com/en/galleries/59054/the-nissan-pathfinder-through-time/
US,Nissan Pathfinder SUV 2024,SU2,缓存精确继承,https://www.guideautoweb.com/en/galleries/59054/the-nissan-pathfinder-through-time/
US,Nissan Pathfinder Wide-body SUV 1988-1995,SU2,缓存精确继承,https://www.guideautoweb.com/en/galleries/59054/the-nissan-pathfinder-through-time/
US,Nissan Rogue PHEV SUV 2021-2026,SU1,缓存精确继承,车形分类核定/cache/model_shape_cache.csv
US,Nissan Rogue SUV 2008-2013,SU1,缓存精确继承,车形分类核定/cache/model_shape_cache.csv
US,Nissan Rogue SUV 2014-2015,SU1,缓存精确继承,车形分类核定/cache/model_shape_cache.csv
US,Nissan Rogue SUV 2016-2020,SU1,缓存精确继承,车形分类核定/cache/model_shape_cache.csv
US,Nissan Rogue SUV 2026,SU1,缓存精确继承,车形分类核定/cache/model_shape_cache.csv
US,Nissan Rogue Sport SUV 2017-2022,SU1,缓存精确继承,https://www.carsdirect.com/nissan/rogue-sport/2017/pictures/exterior
US,Nissan Sentra 2dr Sedan 1982-1984,SD1,缓存精确继承,https://www.nissan-global.com/EN/HERITAGE/
US,Nissan Sentra 2dr Sedan 1985,SD1,缓存精确继承,https://www.nissan-global.com/EN/HERITAGE/
US,Nissan Sentra 2dr Sedan 1986,SD1,缓存精确继承,https://www.nissan-global.com/EN/HERITAGE/
US,Nissan Sentra 4dr Sedan 1982-1986,SD1,缓存精确继承,https://www.nissan-global.com/EN/HERITAGE/
US,Nissan Sentra Coupe 1982-1986,SD1,缓存精确继承,https://www.nissan-global.com/EN/HERITAGE/
US,Nissan Sentra Coupe 1987,SD1,缓存精确继承,https://en.wikipedia.org/wiki/Nissan_Sentra
US,Nissan Sentra Coupe 1988-1989,SD1,缓存精确继承,https://en.wikipedia.org/wiki/Nissan_Sentra
US,Nissan Sentra Coupe 1990,SD1,缓存精确继承,https://en.wikipedia.org/wiki/Nissan_Sentra
US,Nissan Sentra Coupe 1993-1994,SD1,缓存精确继承,https://en.wikipedia.org/wiki/Nissan_Sentra
US,Nissan Sentra Hatchback 1982-1983,H0,缓存精确继承,https://www.nissan-global.com/EN/HERITAGE/
US,Nissan Sentra Sedan 1991-1992,SD1,缓存精确继承,https://en.wikipedia.org/wiki/Nissan_Sentra
US,Nissan Sentra Sedan 1993-1994,SD1,缓存精确继承,https://en.wikipedia.org/wiki/Nissan_Sentra
US,Nissan Sentra Sedan 1995-1999,SD1,缓存精确继承,https://en.wikipedia.org/wiki/Nissan_Sentra
US,Nissan Sentra Sedan 2000-2006,SD1,缓存精确继承,https://en.wikipedia.org/wiki/Nissan_Sentra
US,Nissan Sentra Sedan 2007-2012,SD1,缓存精确继承,https://en.wikipedia.org/wiki/Nissan_Sentra
US,Nissan Sentra Sedan 2013-2019,SD1,缓存精确继承,https://en.wikipedia.org/wiki/Nissan_Sentra
US,Nissan Sentra Sedan 2020-2026,SD1,缓存精确继承,https://en.wikipedia.org/wiki/Nissan_Sentra
US,Nissan Sentra Wagon 1982-1983,H3,缓存精确继承,https://www.nissan-global.com/EN/HERITAGE/
US,Nissan Sentra Wagon 1984,H3,缓存精确继承,https://www.nissan-global.com/EN/HERITAGE/
US,Nissan Sentra Wagon 1985-1986,H3,缓存精确继承,https://www.nissan-global.com/EN/HERITAGE/
US,Nissan Versa Hatchback 2007-2012,H0,缓存精确继承,https://www.iseecars.com/car/nissan-versa/generations
US,Nissan Versa Hatchback 2014-2019,H0,缓存精确继承,https://www.iseecars.com/car/nissan-versa/generations
US,Nissan Versa Note Hatchback 2014-2019,H0,缓存精确继承,https://usa.nissannews.com/en-US/releases/release-8b98cd7825bc4c30a33e2a6e481c3992-2019-nissan-versa-note-press-kit
US,Nissan Versa Sedan 2007-2011,SD1,缓存精确继承,https://www.iseecars.com/car/nissan-versa/generations
US,Nissan Versa Sedan 2012-2019,SD1,缓存精确继承,https://www.iseecars.com/car/nissan-versa/generations
US,Nissan Versa Sedan 2020-2025,SD1,缓存精确继承,https://www.iseecars.com/car/nissan-versa/generations
US,Nissan Versa Sedan 2026,SD1,缓存精确继承,https://www.iseecars.com/car/nissan-versa/generations
US,Nissan Xterra SUV 2000-2004,SU2,缓存精确继承,https://www3.nissanusa.com/suvs/xterra/
US,Nissan Xterra SUV 2005-2015,SU2,缓存精确继承,https://www3.nissanusa.com/suvs/xterra/
US,Nissan Z Coupe 2023-2026,SD0,缓存精确继承,https://www.nissanusa.com/vehicles/sports-cars/nissan-z.html
US,Nissan Z NISMO Coupe 2024-2026,SD0,缓存精确继承,https://www.nissanusa.com/vehicles/sports-cars/nissan-z.html
US,Oldsmobile 88 Coupe 1949-1950,SD2,缓存精确继承,https://en.wikipedia.org/wiki/Oldsmobile_88
US,Oldsmobile 88 Coupe 1951-1953,SD2,缓存精确继承,https://en.wikipedia.org/wiki/Oldsmobile_88
US,Oldsmobile 88 Coupe 1954-1956,SD2,缓存精确继承,https://en.wikipedia.org/wiki/Oldsmobile_88
US,Oldsmobile 88 Coupe 1957-1958,SD2,缓存精确继承,https://en.wikipedia.org/wiki/Oldsmobile_88
US,Oldsmobile 88 Coupe 1959-1960,SD2,缓存精确继承,https://en.wikipedia.org/wiki/Oldsmobile_88
US,Oldsmobile 88 Coupe 1961,SD2,缓存精确继承,https://www.gm.com/heritage/archive/vehicle-information-kits
US,Oldsmobile 88 Coupe 1962,SD2,缓存精确继承,https://www.gm.com/heritage/archive/vehicle-information-kits
US,Oldsmobile 88 Coupe 1963,SD2,缓存精确继承,https://www.gm.com/heritage/archive/vehicle-information-kits
US,Oldsmobile 88 Coupe 1964,SD2,缓存精确继承,https://www.gm.com/heritage/archive/vehicle-information-kits
US,Oldsmobile 88 Coupe 1965,SD2,缓存精确继承,https://en.wikipedia.org/wiki/Oldsmobile_88
US,Oldsmobile 88 Coupe 1966,SD2,缓存精确继承,https://en.wikipedia.org/wiki/Oldsmobile_88
US,Oldsmobile 88 Coupe 1967,SD2,缓存精确继承,https://en.wikipedia.org/wiki/Oldsmobile_88
US,Oldsmobile 88 Coupe 1968-1969,SD2,缓存精确继承,https://en.wikipedia.org/wiki/Oldsmobile_88
US,Oldsmobile 88 Coupe 1970,SD2,缓存精确继承,https://en.wikipedia.org/wiki/Oldsmobile_88
US,Oldsmobile 88 Coupe 1971,SD2,缓存精确继承,https://www.gm.com/heritage/archive/vehicle-information-kits
US,Oldsmobile 88 Coupe 1972,SD2,缓存精确继承,https://www.gm.com/heritage/archive/vehicle-information-kits
US,Oldsmobile 88 Coupe 1973,SD2,缓存精确继承,https://www.gm.com/heritage/archive/vehicle-information-kits
US,Oldsmobile 88 Coupe 1974,SD2,缓存精确继承,https://www.gm.com/heritage/archive/vehicle-information-kits
US,Oldsmobile 88 Coupe 1975,SD2,缓存精确继承,https://www.gm.com/heritage/archive/vehicle-information-kits
US,Oldsmobile 88 Coupe 1976,SD2,缓存精确继承,https://www.gm.com/heritage/archive/vehicle-information-kits
US,Oldsmobile 88 Coupe 1977-1979,SD2,缓存精确继承,https://www.gm.com/heritage/archive/vehicle-information-kits
US,Oldsmobile 88 Coupe 1980,SD2,缓存精确继承,https://www.gm.com/heritage/archive/vehicle-information-kits
US,Oldsmobile 88 Coupe 1981-1985,SD2,缓存精确继承,https://www.gm.com/heritage/archive/vehicle-information-kits
US,Oldsmobile 88 Coupe 1986-1989,SD1,缓存精确继承,https://en.wikipedia.org/wiki/Oldsmobile_88
US,Oldsmobile 88 Hatchback 1957-1958,SD2,缓存精确继承,https://en.wikipedia.org/wiki/Oldsmobile_88
US,Oldsmobile 88 Hatchback 1959-1960,SD2,缓存精确继承,https://en.wikipedia.org/wiki/Oldsmobile_88
US,Oldsmobile 88 Hatchback 1961-1964,SD2,缓存精确继承,https://www.gm.com/heritage/archive/vehicle-information-kits
US,Oldsmobile 88 Hatchback 1965-1970,SD2,缓存精确继承,https://en.wikipedia.org/wiki/Oldsmobile_88
US,Oldsmobile 88 Sedan 1951-1953,SD2,缓存精确继承,https://en.wikipedia.org/wiki/Oldsmobile_88
US,Oldsmobile 88 Sedan 1954-1956,SD2,缓存精确继承,https://en.wikipedia.org/wiki/Oldsmobile_88
US,Oldsmobile 88 Sedan 1957-1958,SD2,缓存精确继承,https://en.wikipedia.org/wiki/Oldsmobile_88
US,Oldsmobile 88 Sedan 1959-1960,SD2,缓存精确继承,https://en.wikipedia.org/wiki/Oldsmobile_88
US,Oldsmobile 88 Sedan 1961,SD2,缓存精确继承,https://www.gm.com/heritage/archive/vehicle-information-kits
US,Oldsmobile 88 Sedan 1962,SD2,缓存精确继承,https://www.gm.com/heritage/archive/vehicle-information-kits
US,Oldsmobile 88 Sedan 1963,SD2,缓存精确继承,https://www.gm.com/heritage/archive/vehicle-information-kits
US,Oldsmobile 88 Sedan 1964,SD2,缓存精确继承,https://www.gm.com/heritage/archive/vehicle-information-kits
US,Oldsmobile 88 Sedan 1965,SD2,缓存精确继承,https://en.wikipedia.org/wiki/Oldsmobile_88
US,Oldsmobile 88 Sedan 1966-1967,SD2,缓存精确继承,https://en.wikipedia.org/wiki/Oldsmobile_88
US,Oldsmobile 88 Sedan 1968,SD2,缓存精确继承,https://en.wikipedia.org/wiki/Oldsmobile_88
US,Oldsmobile 88 Sedan 1969,SD2,缓存精确继承,https://en.wikipedia.org/wiki/Oldsmobile_88
US,Oldsmobile 88 Sedan 1970,SD2,缓存精确继承,https://en.wikipedia.org/wiki/Oldsmobile_88
US,Oldsmobile 88 Sedan 1971,SD2,缓存精确继承,https://www.gm.com/heritage/archive/vehicle-information-kits
US,Oldsmobile 88 Sedan 1972,SD2,缓存精确继承,https://www.gm.com/heritage/archive/vehicle-information-kits
US,Oldsmobile 88 Sedan 1973,SD2,缓存精确继承,https://www.gm.com/heritage/archive/vehicle-information-kits
US,Oldsmobile 88 Sedan 1974,SD2,缓存精确继承,https://www.gm.com/heritage/archive/vehicle-information-kits
US,Oldsmobile 88 Sedan 1975,SD2,缓存精确继承,https://www.gm.com/heritage/archive/vehicle-information-kits
US,Oldsmobile 88 Sedan 1976,SD2,缓存精确继承,https://www.gm.com/heritage/archive/vehicle-information-kits
US,Oldsmobile 88 Sedan 1977-1979,SD2,缓存精确继承,https://www.gm.com/heritage/archive/vehicle-information-kits
US,Oldsmobile 88 Sedan 1980,SD2,缓存精确继承,https://www.gm.com/heritage/archive/vehicle-information-kits
US,Oldsmobile 88 Sedan 1981-1985,SD2,缓存精确继承,https://www.gm.com/heritage/archive/vehicle-information-kits
US,Oldsmobile 88 Sedan 1986,SD1,缓存精确继承,https://en.wikipedia.org/wiki/Oldsmobile_88
US,Oldsmobile 88 Sedan 1987-1988,SD1,缓存精确继承,https://en.wikipedia.org/wiki/Oldsmobile_88
US,Oldsmobile 88 Sedan 1989-1990,SD1,缓存精确继承,https://en.wikipedia.org/wiki/Oldsmobile_88
US,Oldsmobile 88 Sedan 1991,SD1,缓存精确继承,https://en.wikipedia.org/wiki/Oldsmobile_88
US,Oldsmobile 88 Sedan 1992-1995,SD1,缓存精确继承,https://en.wikipedia.org/wiki/Oldsmobile_88
US,Oldsmobile 88 Sedan 1996,SD1,缓存精确继承,https://en.wikipedia.org/wiki/Oldsmobile_88
US,Oldsmobile 88 Sedan 1997-1999,SD1,缓存精确继承,https://en.wikipedia.org/wiki/Oldsmobile_88
US,Oldsmobile 88 Wagon 1961,H3,缓存精确继承,https://www.gm.com/heritage/archive/vehicle-information-kits
US,Oldsmobile 88 Wagon 1962,H3,缓存精确继承,https://www.gm.com/heritage/archive/vehicle-information-kits
US,Oldsmobile 88 Wagon 1963,H3,缓存精确继承,https://www.gm.com/heritage/archive/vehicle-information-kits
US,Oldsmobile 88 Wagon 1964,H3,缓存精确继承,https://www.gm.com/heritage/archive/vehicle-information-kits
US,Oldsmobile 88 Wagon 1972,H3,缓存精确继承,https://www.gm.com/heritage/archive/vehicle-information-kits
US,Oldsmobile 88 Wagon 1974,H3,缓存精确继承,https://www.gm.com/heritage/archive/vehicle-information-kits
US,Oldsmobile 88 Wagon 1975,H3,缓存精确继承,https://www.gm.com/heritage/archive/vehicle-information-kits
US,Oldsmobile 88 Wagon 1977-1978,H3,缓存精确继承,https://www.gm.com/heritage/archive/vehicle-information-kits
US,Oldsmobile 88 Wagon 1979-1980,H3,缓存精确继承,https://www.gm.com/heritage/archive/vehicle-information-kits
US,Oldsmobile 88 Wagon 1981-1985,H3,缓存精确继承,https://www.gm.com/heritage/archive/vehicle-information-kits
US,Oldsmobile Achieva Coupe 1992-1998,SD1,缓存精确继承,https://en.wikipedia.org/wiki/Oldsmobile_Achieva
US,Oldsmobile Achieva Sedan 1992-1998,SD1,缓存精确继承,https://en.wikipedia.org/wiki/Oldsmobile_Achieva
US,Oldsmobile Alero Coupe 1999-2004,SD1,缓存精确继承,https://en.wikipedia.org/wiki/Oldsmobile_Alero
US,Oldsmobile Alero Sedan 1999-2004,SD1,缓存精确继承,https://en.wikipedia.org/wiki/Oldsmobile_Alero
US,Oldsmobile Aurora Sedan 1995-1999,SD1,缓存精确继承,https://en.wikipedia.org/wiki/Oldsmobile_Aurora
US,Oldsmobile Aurora Sedan 2001-2003,SD1,缓存精确继承,https://en.wikipedia.org/wiki/Oldsmobile_Aurora
US,Oldsmobile Bravada SUV 1991-1994,SU2,缓存精确继承,https://en.wikipedia.org/wiki/Oldsmobile_Bravada
US,Oldsmobile Bravada SUV 1996-2001,SU2,缓存精确继承,https://en.wikipedia.org/wiki/Oldsmobile_Bravada
US,Oldsmobile Bravada SUV 2002-2004,SU1,缓存精确继承,https://www.cars.com/research/oldsmobile-bravada/
US,Oldsmobile Custom Cruiser 455 V8 Wagon 1976,H3,缓存精确继承,https://www.gm.com/heritage/archive/vehicle-information-kits
US,Oldsmobile Cutlass Ciera Coupe 1983,SD1,缓存精确继承,https://www.gm.com/heritage/archive/vehicle-information-kits
US,Oldsmobile Cutlass Ciera Coupe 1984-1991,SD1,缓存精确继承,https://www.gm.com/heritage/archive/vehicle-information-kits
US,Oldsmobile Cutlass Ciera Sedan 1983-1988,SD1,缓存精确继承,https://www.gm.com/heritage/archive/vehicle-information-kits
US,Oldsmobile Cutlass Ciera Sedan 1989,SD1,缓存精确继承,https://www.gm.com/heritage/archive/vehicle-information-kits
US,Oldsmobile Cutlass Ciera Sedan 1990,SD1,缓存精确继承,https://www.gm.com/heritage/archive/vehicle-information-kits
US,Oldsmobile Cutlass Ciera Sedan 1991-1996,SD1,缓存精确继承,https://www.gm.com/heritage/archive/vehicle-information-kits
US,Oldsmobile Cutlass Ciera Wagon 1984-1996,H3,缓存精确继承,https://www.gm.com/heritage/archive/vehicle-information-kits
US,Oldsmobile Cutlass Convertible 1965,SD2,缓存精确继承,https://www.outrightolds.com/model-guide/cutlass-guide
US,Oldsmobile Cutlass Convertible 1966,SD2,缓存精确继承,https://www.outrightolds.com/model-guide/cutlass-guide
US,Oldsmobile Cutlass Convertible 1967,SD2,缓存精确继承,https://www.outrightolds.com/model-guide/cutlass-guide
US,Oldsmobile Cutlass Convertible 1968,SD2,缓存精确继承,https://www.gm.com/heritage/archive/vehicle-information-kits
US,Oldsmobile Cutlass Convertible 1969,SD2,缓存精确继承,https://www.gm.com/heritage/archive/vehicle-information-kits
US,Oldsmobile Cutlass Convertible 1970,SD2,缓存精确继承,https://www.gm.com/heritage/archive/vehicle-information-kits
US,Oldsmobile Cutlass Convertible 1971-1972,SD2,缓存精确继承,https://www.gm.com/heritage/archive/vehicle-information-kits
US,Oldsmobile Cutlass Coupe 1965,SD2,缓存精确继承,https://www.outrightolds.com/model-guide/cutlass-guide
US,Oldsmobile Cutlass Coupe 1966,SD2,缓存精确继承,https://www.outrightolds.com/model-guide/cutlass-guide
US,Oldsmobile Cutlass Coupe 1967,SD2,缓存精确继承,https://www.outrightolds.com/model-guide/cutlass-guide
US,Oldsmobile Cutlass Coupe 1968,SD2,缓存精确继承,https://www.gm.com/heritage/archive/vehicle-information-kits
US,Oldsmobile Cutlass Coupe 1969,SD2,缓存精确继承,https://www.gm.com/heritage/archive/vehicle-information-kits
US,Oldsmobile Cutlass Coupe 1970,SD2,缓存精确继承,https://www.gm.com/heritage/archive/vehicle-information-kits
US,Oldsmobile Cutlass Coupe 1971-1972,SD2,缓存精确继承,https://www.gm.com/heritage/archive/vehicle-information-kits
US,Oldsmobile Cutlass Coupe 1973,SD2,缓存精确继承,https://www.outrightolds.com/model-guide/cutlass-guide
US,Oldsmobile Cutlass Coupe 1974,SD2,缓存精确继承,https://www.outrightolds.com/model-guide/cutlass-guide
US,Oldsmobile Cutlass Coupe 1975-1976,SD2,缓存精确继承,https://www.outrightolds.com/model-guide/cutlass-guide
US,Oldsmobile Cutlass Coupe 1977,SD2,缓存精确继承,https://www.outrightolds.com/model-guide/cutlass-guide
US,Oldsmobile Cutlass Coupe 1989-1991,SD1,缓存精确继承,https://www.gm.com/heritage/archive/vehicle-information-kits
US,Oldsmobile Cutlass F-85 Cutlass Convertible 1964,SD2,缓存精确继承,https://www.outrightolds.com/model-guide/cutlass-guide
US,Oldsmobile Cutlass F-85/Cutlass Convertible 1962,SD2,缓存精确继承,https://www.gm.com/heritage/archive/vehicle-information-kits
US,Oldsmobile Cutlass F-85/Cutlass Coupe 1962-1963,SD2,缓存精确继承,https://www.gm.com/heritage/archive/vehicle-information-kits
US,Oldsmobile Cutlass F-85/Cutlass Sedan 1961,SD2,缓存精确继承,https://www.gm.com/heritage/archive/vehicle-information-kits
US,Oldsmobile Cutlass F-85/Cutlass Sedan 1962-1963,SD2,缓存精确继承,https://www.gm.com/heritage/archive/vehicle-information-kits
US,Oldsmobile Cutlass F-85/Cutlass Wagon 1961,H3,缓存精确继承,https://www.gm.com/heritage/archive/vehicle-information-kits
US,Oldsmobile Cutlass F-85/Cutlass Wagon 1962-1963,H3,缓存精确继承,https://www.gm.com/heritage/archive/vehicle-information-kits
US,Oldsmobile Cutlass FWD Sedan 1997-1999,SD1,缓存精确继承,https://www.outrightolds.com/model-guide/cutlass-guide
US,Oldsmobile Cutlass RWD Coupe 1979,SD2,缓存精确继承,https://www.outrightolds.com/model-guide/cutlass-guide
US,Oldsmobile Cutlass RWD Sedan 1978,SD2,缓存精确继承,https://www.outrightolds.com/model-guide/cutlass-guide
US,Oldsmobile Cutlass RWD Sedan 1981,SD2,缓存精确继承,https://www.outrightolds.com/model-guide/cutlass-guide
US,Oldsmobile Cutlass Sedan 1965,SD2,缓存精确继承,https://www.outrightolds.com/model-guide/cutlass-guide
US,Oldsmobile Cutlass Sedan 1966,SD2,缓存精确继承,https://www.outrightolds.com/model-guide/cutlass-guide
US,Oldsmobile Cutlass Sedan 1967,SD2,缓存精确继承,https://www.outrightolds.com/model-guide/cutlass-guide
US,Oldsmobile Cutlass Sedan 1968-1972,SD2,缓存精确继承,https://www.gm.com/heritage/archive/vehicle-information-kits
US,Oldsmobile Cutlass Sedan 1973,SD2,缓存精确继承,https://www.outrightolds.com/model-guide/cutlass-guide
US,Oldsmobile Cutlass Sedan 1974,SD2,缓存精确继承,https://www.outrightolds.com/model-guide/cutlass-guide
US,Oldsmobile Cutlass Sedan 1975-1976,SD2,缓存精确继承,https://www.outrightolds.com/model-guide/cutlass-guide
US,Oldsmobile Cutlass Sedan 1977,SD2,缓存精确继承,https://www.outrightolds.com/model-guide/cutlass-guide
US,Oldsmobile Cutlass Supreme Coupe 1991-1996,SD1,缓存精确继承,https://www.gm.com/heritage/archive/vehicle-information-kits
US,Oldsmobile Cutlass Supreme Coupe 1997,SD1,缓存精确继承,https://www.gm.com/heritage/archive/vehicle-information-kits
US,Oldsmobile Cutlass Supreme Sedan 1991-1995,SD1,缓存精确继承,https://www.gm.com/heritage/archive/vehicle-information-kits
US,Oldsmobile Cutlass Supreme Sedan 1996,SD1,缓存精确继承,https://www.gm.com/heritage/archive/vehicle-information-kits
US,Oldsmobile Cutlass Supreme Sedan 1997,SD1,缓存精确继承,https://www.gm.com/heritage/archive/vehicle-information-kits
US,Oldsmobile Cutlass Wagon 1968-1972,H3,缓存精确继承,https://www.gm.com/heritage/archive/vehicle-information-kits
US,Oldsmobile Intrigue Sedan 1998-2002,SD1,缓存精确继承,https://www.cars.com/research/oldsmobile-intrigue/
US,Plymouth Acclaim Sedan 1989-1995,SD1,缓存精确继承,https://www.cars.com/research/plymouth-acclaim/
US,Plymouth Barracuda Barracuda 318 V8 Coupe 1974,SD2,缓存精确继承,https://www.hemmings.com/stories/flying-fish-1967-plymouth-barracuda/
US,Plymouth Barracuda Coupe 1964-1966,SD2,缓存精确继承,https://www.hemmings.com/stories/flying-fish-1967-plymouth-barracuda/
US,Plymouth Barracuda Coupe 1967-1969,SD2,缓存精确继承,https://www.hemmings.com/stories/flying-fish-1967-plymouth-barracuda/
US,Plymouth Barracuda Coupe 1970-1973,SD2,缓存精确继承,https://www.hemmings.com/stories/flying-fish-1967-plymouth-barracuda/
US,Plymouth Barracuda Cuda 360 Coupe 1974,SD2,缓存精确继承,https://www.hemmings.com/stories/flying-fish-1967-plymouth-barracuda/
US,Plymouth Barracuda Fastback 1967-1969,SD2,缓存精确继承,https://www.hemmings.com/stories/flying-fish-1967-plymouth-barracuda/
US,Plymouth Breeze Sedan 1996-2000,SD1,缓存精确继承,https://www.cars.com/research/plymouth-breeze/
US,Plymouth Fury 2dr Hardtop V-800 Coupe 1960,SD2,缓存精确继承,https://www.hemmings.com/stories/fury-ous-not-spurious-1968-plymouth-fury/
US,Plymouth Fury 4dr Hardtop V-800 Sedan 1960,SD2,缓存精确继承,https://www.hemmings.com/stories/fury-ous-not-spurious-1968-plymouth-fury/
US,Plymouth Fury Belvedere Fury Hardtop 1956,SD2,缓存精确继承,https://www.hemmings.com/stories/fury-ous-not-spurious-1968-plymouth-fury/
US,Plymouth Fury Convertible 1961,SD2,缓存精确继承,https://www.hemmings.com/stories/fury-ous-not-spurious-1968-plymouth-fury/
US,Plymouth Fury Convertible 1962,SD2,缓存精确继承,https://www.stellantis.com/en/company/heritage
US,Plymouth Fury Convertible 1964,SD2,缓存精确继承,https://www.stellantis.com/en/company/heritage
US,Plymouth Fury Convertible 1965,SD2,缓存精确继承,https://www.hemmings.com/stories/fury-ous-not-spurious-1968-plymouth-fury/
US,Plymouth Fury Convertible 1966,SD2,缓存精确继承,https://www.hemmings.com/stories/fury-ous-not-spurious-1968-plymouth-fury/
US,Plymouth Fury Convertible 1968,SD2,缓存精确继承,https://www.hemmings.com/stories/fury-ous-not-spurious-1968-plymouth-fury/
US,Plymouth Fury Coupe 1957-1958,SD2,缓存精确继承,https://www.hemmings.com/stories/fury-ous-not-spurious-1968-plymouth-fury/
US,Plymouth Fury Coupe 1959,SD2,缓存精确继承,https://www.hemmings.com/stories/fury-ous-not-spurious-1968-plymouth-fury/
US,Plymouth Fury Coupe 1961,SD2,缓存精确继承,https://www.hemmings.com/stories/fury-ous-not-spurious-1968-plymouth-fury/
US,Plymouth Fury Coupe 1962,SD2,缓存精确继承,https://www.stellantis.com/en/company/heritage
US,Plymouth Fury Coupe 1963,SD2,缓存精确继承,https://www.stellantis.com/en/company/heritage
US,Plymouth Fury Coupe 1964,SD2,缓存精确继承,https://www.stellantis.com/en/company/heritage
US,Plymouth Fury Coupe 1965-1968,SD2,缓存精确继承,https://www.hemmings.com/stories/fury-ous-not-spurious-1968-plymouth-fury/
US,Plymouth Fury Coupe 1969-1972,SD2,缓存精确继承,https://www.hemmings.com/stories/fury-ous-not-spurious-1968-plymouth-fury/
US,Plymouth Fury Coupe 1973,SD2,缓存精确继承,https://www.hemmings.com/stories/fury-ous-not-spurious-1968-plymouth-fury/
US,Plymouth Fury Coupe 1974,SD2,缓存精确继承,https://www.hemmings.com/stories/fury-ous-not-spurious-1968-plymouth-fury/
US,Plymouth Fury Coupe 1975-1978,SD2,缓存精确继承,https://www.hemmings.com/stories/fury-ous-not-spurious-1968-plymouth-fury/
US,Plymouth Fury Fast Top Coupe 1968,SD2,缓存精确继承,https://www.hemmings.com/stories/fury-ous-not-spurious-1968-plymouth-fury/
US,Plymouth Fury Hardtop Coupe 1968,SD2,缓存精确继承,https://www.hemmings.com/stories/fury-ous-not-spurious-1968-plymouth-fury/
US,Plymouth Fury Sedan 1959-1960,SD2,缓存精确继承,https://www.hemmings.com/stories/fury-ous-not-spurious-1968-plymouth-fury/
US,Plymouth Fury Sedan 1961,SD2,缓存精确继承,https://www.hemmings.com/stories/fury-ous-not-spurious-1968-plymouth-fury/
US,Plymouth Fury Sedan 1962,SD2,缓存精确继承,https://www.stellantis.com/en/company/heritage
US,Plymouth Fury Sedan 1963,SD2,缓存精确继承,https://www.stellantis.com/en/company/heritage
US,Plymouth Fury Sedan 1964,SD2,缓存精确继承,https://www.stellantis.com/en/company/heritage
US,Plymouth Fury Sedan 1965,SD2,缓存精确继承,https://www.hemmings.com/stories/fury-ous-not-spurious-1968-plymouth-fury/
US,Plymouth Fury Sedan 1966-1968,SD2,缓存精确继承,https://www.hemmings.com/stories/fury-ous-not-spurious-1968-plymouth-fury/
US,Plymouth Fury Sedan 1969-1972,SD2,缓存精确继承,https://www.hemmings.com/stories/fury-ous-not-spurious-1968-plymouth-fury/
US,Plymouth Fury Sedan 1973,SD2,缓存精确继承,https://www.hemmings.com/stories/fury-ous-not-spurious-1968-plymouth-fury/
US,Plymouth Fury Sedan 1974,SD2,缓存精确继承,https://www.hemmings.com/stories/fury-ous-not-spurious-1968-plymouth-fury/
US,Plymouth Fury Sedan 1975-1978,SD2,缓存精确继承,https://www.hemmings.com/stories/fury-ous-not-spurious-1968-plymouth-fury/
US,Plymouth Fury Sport Fury Convertible 1959,SD2,缓存精确继承,https://www.hemmings.com/stories/fury-ous-not-spurious-1968-plymouth-fury/
US,Plymouth Fury Sport Fury Convertible 1963,SD2,缓存精确继承,https://www.stellantis.com/en/company/heritage
US,Plymouth Fury Wagon 1962-1964,H3,缓存精确继承,https://www.stellantis.com/en/company/heritage
US,Plymouth Laser Coupe 1990-1991,SD0,缓存精确继承,https://www.cars.com/research/plymouth/laser/
US,Plymouth Laser Coupe 1992,SD0,缓存精确继承,https://www.cars.com/research/plymouth/laser/
US,Plymouth Laser Coupe 1993,SD0,缓存精确继承,https://www.cars.com/research/plymouth/laser/
US,Plymouth Laser Coupe 1994,SD0,缓存精确继承,https://www.cars.com/research/plymouth/laser/
US,Plymouth Neon Coupe 1995,SD1,缓存精确继承,https://consumerguide.com/used/1995-99-plymouth-neon/
US,Plymouth Neon Coupe 1996-1999,SD1,缓存精确继承,https://consumerguide.com/used/1995-99-plymouth-neon/
US,Plymouth Neon Sedan 1995,SD1,缓存精确继承,https://consumerguide.com/used/1995-99-plymouth-neon/
US,Plymouth Neon Sedan 1996-1999,SD1,缓存精确继承,https://consumerguide.com/used/1995-99-plymouth-neon/
US,Plymouth Neon Sedan 2000-2001,SD1,缓存精确继承,https://consumerguide.com/used/1995-99-plymouth-neon/
US,Plymouth Road Runner Coupe 1968-1970,SD2,缓存精确继承,https://www.hemmings.com/stories/1968-69-plymouth-road-runner/
US,Plymouth Road Runner Coupe 1971,SD2,缓存精确继承,https://www.hemmings.com/stories/1968-69-plymouth-road-runner/
US,Plymouth Road Runner Coupe 1972,SD2,缓存精确继承,https://www.hemmings.com/stories/1968-69-plymouth-road-runner/
US,Plymouth Road Runner Coupe 1973,SD2,缓存精确继承,https://www.hemmings.com/stories/1968-69-plymouth-road-runner/
US,Plymouth Road Runner Coupe 1974,SD2,缓存精确继承,https://www.hemmings.com/stories/1968-69-plymouth-road-runner/
US,Plymouth Road Runner Coupe 1975,SD2,缓存精确继承,https://www.hemmings.com/stories/1968-69-plymouth-road-runner/
US,Plymouth Sundance Hatchback 1992-1994,H0,缓存精确继承,https://www.cars.com/research/plymouth-sundance/
US,Plymouth Valiant Convertible 1963,SD2,缓存精确继承,https://www.stellantis.com/en/company/heritage
US,Plymouth Valiant Convertible 1964-1966,SD2,缓存精确继承,https://www.stellantis.com/en/company/heritage
US,Plymouth Valiant Coupe 1963,SD2,缓存精确继承,https://www.stellantis.com/en/company/heritage
US,Plymouth Valiant Coupe 1964-1966,SD2,缓存精确继承,https://www.stellantis.com/en/company/heritage
US,Plymouth Valiant Coupe 1967-1972,SD2,缓存精确继承,https://en.wikipedia.org/wiki/Plymouth_Valiant
US,Plymouth Valiant Duster Coupe 1973-1976,SD2,缓存精确继承,https://en.wikipedia.org/wiki/Plymouth_Valiant
US,Plymouth Valiant Scamp Coupe 1973-1976,SD2,缓存精确继承,https://en.wikipedia.org/wiki/Plymouth_Valiant
US,Plymouth Valiant Sedan 1960-1962,SD2,缓存精确继承,https://www.stellantis.com/en/company/heritage
US,Plymouth Valiant Sedan 1963,SD2,缓存精确继承,https://www.stellantis.com/en/company/heritage
US,Plymouth Valiant Sedan 1964-1966,SD2,缓存精确继承,https://www.stellantis.com/en/company/heritage
US,Plymouth Valiant Sedan 1972,SD2,缓存精确继承,https://en.wikipedia.org/wiki/Plymouth_Valiant
US,Plymouth Valiant Sedan 1973-1976,SD2,缓存精确继承,https://en.wikipedia.org/wiki/Plymouth_Valiant
US,Plymouth Valiant Wagon 1960,H3,缓存精确继承,https://www.stellantis.com/en/company/heritage
US,Plymouth Valiant Wagon 1961,H3,缓存精确继承,https://www.stellantis.com/en/company/heritage
US,Plymouth Valiant Wagon 1962,H3,缓存精确继承,https://www.stellantis.com/en/company/heritage
US,Plymouth Valiant Wagon 1963,H3,缓存精确继承,https://www.stellantis.com/en/company/heritage
US,Plymouth Valiant Wagon 1964-1966,H3,缓存精确继承,https://www.stellantis.com/en/company/heritage
US,Polestar 1 Coupe 2020-2021,SD0,缓存精确继承,https://media.polestar.com/releases/256?lang=ww_WW
US,Polestar 2 Hatchback 2021-2025,SD1,缓存精确继承,https://media.polestar.com/releases/93
US,Polestar 3 SUV 2025-2026,SU1,缓存精确继承,https://media.polestar.com/releases/411?lang=en_CA
US,Polestar 4 SUV 2026,SU0,缓存精确继承,https://media.polestar.com/models/polestar-4
US,Pontiac Astre Hatchback 1975-1977,H0,缓存精确继承,https://www.gm.com/heritage/archive/vehicle-information-kits
US,Pontiac Astre Safari Wagon 1975-1977,H3,缓存精确继承,https://www.gm.com/heritage/archive/vehicle-information-kits
US,Pontiac Astre Sedan 1975-1977,SD2,缓存精确继承,https://www.gm.com/heritage/archive/vehicle-information-kits
US,Pontiac Aztec Crossover 2001-2005,SU1,缓存精确继承,https://www.motortrend.com/features/pontiac-aztek-2001-2005-history-retrospective
US,Pontiac Bonneville Convertible 1957,SD2,缓存精确继承,https://en.wikipedia.org/wiki/Pontiac_Bonneville
US,Pontiac Bonneville Convertible 1958,SD2,缓存精确继承,https://www.gm.com/heritage/archive/vehicle-information-kits
US,Pontiac Bonneville Convertible 1959-1960,SD2,缓存精确继承,https://en.wikipedia.org/wiki/Pontiac_Bonneville
US,Pontiac Bonneville Convertible 1961,SD2,缓存精确继承,https://www.gm.com/heritage/archive/vehicle-information-kits
US,Pontiac Bonneville Convertible 1962,SD2,缓存精确继承,https://www.gm.com/heritage/archive/vehicle-information-kits
US,Pontiac Bonneville Convertible 1963,SD2,缓存精确继承,https://www.gm.com/heritage/archive/vehicle-information-kits
US,Pontiac Bonneville Convertible 1964,SD2,缓存精确继承,https://www.gm.com/heritage/archive/vehicle-information-kits
US,Pontiac Bonneville Convertible 1965-1968,SD2,缓存精确继承,https://www.gm.com/heritage/archive/vehicle-information-kits
US,Pontiac Bonneville Convertible 1969,SD2,缓存精确继承,https://www.gm.com/heritage/archive/vehicle-information-kits
US,Pontiac Bonneville Convertible 1970,SD2,缓存精确继承,https://www.gm.com/heritage/archive/vehicle-information-kits
US,Pontiac Bonneville Convertible 1971-1976,SD2,缓存精确继承,https://www.gm.com/heritage/archive/vehicle-information-kits
US,Pontiac Bonneville Coupe 1958,SD2,缓存精确继承,https://www.gm.com/heritage/archive/vehicle-information-kits
US,Pontiac Bonneville Coupe 1959-1960,SD2,缓存精确继承,https://en.wikipedia.org/wiki/Pontiac_Bonneville
US,Pontiac Bonneville Coupe 1961-1964,SD2,缓存精确继承,https://www.gm.com/heritage/archive/vehicle-information-kits
US,Pontiac Bonneville Coupe 1965-1968,SD2,缓存精确继承,https://www.gm.com/heritage/archive/vehicle-information-kits
US,Pontiac Bonneville Coupe 1969,SD2,缓存精确继承,https://www.gm.com/heritage/archive/vehicle-information-kits
US,Pontiac Bonneville Coupe 1970,SD2,缓存精确继承,https://www.gm.com/heritage/archive/vehicle-information-kits
US,Pontiac Bonneville Coupe 1971,SD2,缓存精确继承,https://www.gm.com/heritage/archive/vehicle-information-kits
US,Pontiac Bonneville Coupe 1972,SD2,缓存精确继承,https://www.gm.com/heritage/archive/vehicle-information-kits
US,Pontiac Bonneville Coupe 1973,SD2,缓存精确继承,https://www.gm.com/heritage/archive/vehicle-information-kits
US,Pontiac Bonneville Coupe 1974-1976,SD2,缓存精确继承,https://www.gm.com/heritage/archive/vehicle-information-kits
US,Pontiac Bonneville Coupe 1977-1979,SD2,缓存精确继承,https://www.gm.com/heritage/archive/vehicle-information-kits
US,Pontiac Bonneville Coupe 1980,SD2,缓存精确继承,https://www.gm.com/heritage/archive/vehicle-information-kits
US,Pontiac Bonneville Coupe 1981,SD2,缓存精确继承,https://www.gm.com/heritage/archive/vehicle-information-kits
US,Pontiac Bonneville Grand Safari Wagon 1971,H3,缓存精确继承,https://www.gm.com/heritage/archive/vehicle-information-kits
US,Pontiac Bonneville Grand Safari Wagon 1972,H3,缓存精确继承,https://www.gm.com/heritage/archive/vehicle-information-kits
US,Pontiac Bonneville Grand Safari Wagon 1973,H3,缓存精确继承,https://www.gm.com/heritage/archive/vehicle-information-kits
US,Pontiac Bonneville Grand Safari Wagon 1974-1976,H3,缓存精确继承,https://www.gm.com/heritage/archive/vehicle-information-kits
US,Pontiac Bonneville Grand Safari Wagon 1977,H3,缓存精确继承,https://www.gm.com/heritage/archive/vehicle-information-kits
US,Pontiac Bonneville Grand Safari Wagon 1978,H3,缓存精确继承,https://www.gm.com/heritage/archive/vehicle-information-kits
US,Pontiac Bonneville Hatchback 1958,H0,缓存精确继承,https://www.gm.com/heritage/archive/vehicle-information-kits
US,Pontiac Bonneville Safari Wagon 1961-1964,H3,缓存精确继承,https://www.gm.com/heritage/archive/vehicle-information-kits
US,Pontiac Bonneville Safari Wagon 1965-1968,H3,缓存精确继承,https://www.gm.com/heritage/archive/vehicle-information-kits
US,Pontiac Bonneville Safari Wagon 1969,H3,缓存精确继承,https://www.gm.com/heritage/archive/vehicle-information-kits
US,Pontiac Bonneville Safari Wagon 1970,H3,缓存精确继承,https://www.gm.com/heritage/archive/vehicle-information-kits
US,Pontiac Bonneville Safari Wagon 1977-1981,H3,缓存精确继承,https://www.gm.com/heritage/archive/vehicle-information-kits
US,Pontiac Bonneville Sedan 1958,SD2,缓存精确继承,https://www.gm.com/heritage/archive/vehicle-information-kits
US,Pontiac Bonneville Sedan 1959-1960,SD2,缓存精确继承,https://en.wikipedia.org/wiki/Pontiac_Bonneville
US,Pontiac Bonneville Sedan 1961-1964,SD2,缓存精确继承,https://www.gm.com/heritage/archive/vehicle-information-kits
US,Pontiac Bonneville Sedan 1965-1968,SD2,缓存精确继承,https://www.gm.com/heritage/archive/vehicle-information-kits
US,Pontiac Bonneville Sedan 1969,SD2,缓存精确继承,https://www.gm.com/heritage/archive/vehicle-information-kits
US,Pontiac Bonneville Sedan 1970,SD2,缓存精确继承,https://www.gm.com/heritage/archive/vehicle-information-kits
US,Pontiac Bonneville Sedan 1971,SD2,缓存精确继承,https://www.gm.com/heritage/archive/vehicle-information-kits
US,Pontiac Bonneville Sedan 1972,SD2,缓存精确继承,https://www.gm.com/heritage/archive/vehicle-information-kits
US,Pontiac Bonneville Sedan 1973,SD2,缓存精确继承,https://www.gm.com/heritage/archive/vehicle-information-kits
US,Pontiac Bonneville Sedan 1974-1976,SD2,缓存精确继承,https://www.gm.com/heritage/archive/vehicle-information-kits
US,Pontiac Bonneville Sedan 1977-1979,SD2,缓存精确继承,https://www.gm.com/heritage/archive/vehicle-information-kits
US,Pontiac Bonneville Sedan 1980,SD2,缓存精确继承,https://www.gm.com/heritage/archive/vehicle-information-kits
US,Pontiac Bonneville Sedan 1981,SD2,缓存精确继承,https://www.gm.com/heritage/archive/vehicle-information-kits
US,Pontiac Bonneville Sedan 1982,SD2,缓存精确继承,https://en.wikipedia.org/wiki/Pontiac_Bonneville
US,Pontiac Bonneville Sedan 1983-1984,SD2,缓存精确继承,https://en.wikipedia.org/wiki/Pontiac_Bonneville
US,Pontiac Bonneville Sedan 1985-1986,SD2,缓存精确继承,https://en.wikipedia.org/wiki/Pontiac_Bonneville
US,Pontiac Bonneville Sedan 1987-1991,SD1,缓存精确继承,https://en.wikipedia.org/wiki/Pontiac_Bonneville
US,Pontiac Bonneville Sedan 1992,SD1,缓存精确继承,https://en.wikipedia.org/wiki/Pontiac_Bonneville
US,Pontiac Bonneville Sedan 1993-1995,SD1,缓存精确继承,https://en.wikipedia.org/wiki/Pontiac_Bonneville
US,Pontiac Bonneville Sedan 1996,SD1,缓存精确继承,https://en.wikipedia.org/wiki/Pontiac_Bonneville
US,Pontiac Bonneville Sedan 1997-1998,SD1,缓存精确继承,https://en.wikipedia.org/wiki/Pontiac_Bonneville
US,Pontiac Bonneville Sedan 1999,SD1,缓存精确继承,https://en.wikipedia.org/wiki/Pontiac_Bonneville
US,Pontiac Bonneville Sedan 2000-2005,SD1,缓存精确继承,https://en.wikipedia.org/wiki/Pontiac_Bonneville
US,Pontiac Firebird Convertible 1968,SD0,缓存精确继承,https://journal.classiccars.com/2013/07/01/pontiac-firebird/
US,Pontiac Firebird Convertible 1969,SD0,缓存精确继承,https://journal.classiccars.com/2013/07/01/pontiac-firebird/
US,Pontiac Firebird Coupe 1967,SD0,缓存精确继承,https://journal.classiccars.com/2013/07/01/pontiac-firebird/
US,Pontiac Firebird Coupe 1968,SD0,缓存精确继承,https://journal.classiccars.com/2013/07/01/pontiac-firebird/
US,Pontiac Firebird Coupe 1969,SD0,缓存精确继承,https://journal.classiccars.com/2013/07/01/pontiac-firebird/
US,Pontiac Firebird Trans Am Convertible 1994-1997,SD0,缓存精确继承,https://journal.classiccars.com/2013/07/01/pontiac-firebird/
US,Pontiac Firebird Trans Am Convertible 1998-2002,SD0,缓存精确继承,https://journal.classiccars.com/2013/07/01/pontiac-firebird/
US,Pontiac Firebird Trans Am Coupe 1970-1971,SD0,缓存精确继承,https://journal.classiccars.com/2013/07/01/pontiac-firebird/
US,Pontiac Firebird Trans Am Coupe 1972,SD0,缓存精确继承,https://journal.classiccars.com/2013/07/01/pontiac-firebird/
US,Pontiac Firebird Trans Am Coupe 1973,SD0,缓存精确继承,https://journal.classiccars.com/2013/07/01/pontiac-firebird/
US,Pontiac Firebird Trans Am Coupe 1974-1981,SD0,缓存精确继承,https://journal.classiccars.com/2013/07/01/pontiac-firebird/
US,Pontiac Firebird Trans Am Coupe 1982,SD0,缓存精确继承,https://journal.classiccars.com/2013/07/01/pontiac-firebird/
US,Pontiac Firebird Trans Am Coupe 1983-1988,SD0,缓存精确继承,https://journal.classiccars.com/2013/07/01/pontiac-firebird/
US,Pontiac Firebird Trans Am Coupe 1989-1990,SD0,缓存精确继承,https://journal.classiccars.com/2013/07/01/pontiac-firebird/
US,Pontiac Firebird Trans Am Coupe 1991-1992,SD0,缓存精确继承,https://journal.classiccars.com/2013/07/01/pontiac-firebird/
US,Pontiac Firebird Trans Am Coupe 1993-1997,SD0,缓存精确继承,https://journal.classiccars.com/2013/07/01/pontiac-firebird/
US,Pontiac Firebird Trans Am Coupe 1998-2002,SD0,缓存精确继承,https://journal.classiccars.com/2013/07/01/pontiac-firebird/
US,Pontiac G3 Hatchback 2009,H0,缓存精确继承,https://www.automobile-catalog.com/list-pontiac.html
US,Pontiac G5 Coupe 2007-2009,SD0,缓存精确继承,https://www.automobile-catalog.com/list-pontiac.html
US,Pontiac G6 Convertible 2006-2009,SD1,缓存精确继承,https://en.wikipedia.org/wiki/Pontiac_G6
US,Pontiac G6 Sedan 2005-2010,SD1,缓存精确继承,https://en.wikipedia.org/wiki/Pontiac_G6
US,Pontiac G8 Fastback 2008-2009,SD1,缓存精确继承,https://en.wikipedia.org/wiki/Pontiac_G8
US,Pontiac GTO Convertible 1964,SD2,缓存精确继承,https://www.carsandracingstuff.com/library/g/gto.php
US,Pontiac GTO Convertible 1965-1967,SD2,缓存精确继承,https://www.carsandracingstuff.com/library/g/gto.php
US,Pontiac GTO Coupe 1964,SD2,缓存精确继承,https://www.carsandracingstuff.com/library/g/gto.php
US,Pontiac GTO Coupe 1965,SD2,缓存精确继承,https://www.carsandracingstuff.com/library/g/gto.php
US,Pontiac GTO Coupe 1966,SD2,缓存精确继承,https://www.carsandracingstuff.com/library/g/gto.php
US,Pontiac GTO Coupe 1967,SD2,缓存精确继承,https://www.carsandracingstuff.com/library/g/gto.php
US,Pontiac GTO Coupe 1968,SD2,缓存精确继承,https://www.carsandracingstuff.com/library/g/gto.php
US,Pontiac GTO Coupe 1969,SD2,缓存精确继承,https://www.carsandracingstuff.com/library/g/gto.php
US,Pontiac GTO Coupe 1970,SD2,缓存精确继承,https://www.carsandracingstuff.com/library/g/gto.php
US,Pontiac GTO Coupe 1971,SD2,缓存精确继承,https://www.carsandracingstuff.com/library/g/gto.php
US,Pontiac GTO Coupe 1972,SD2,缓存精确继承,https://www.carsandracingstuff.com/library/g/gto.php
US,Pontiac GTO Coupe 1974,SD2,缓存精确继承,https://www.carsandracingstuff.com/library/g/gto.php
US,Pontiac GTO Coupe 2004-2006,SD0,缓存精确继承,https://www.carsandracingstuff.com/library/g/gto.php
US,Pontiac Grand Am Coupe 1992-1995,SD1,缓存精确继承,https://www.cars.com/research/pontiac-grand_am/
US,Pontiac Grand Am Coupe 1996-1998,SD1,缓存精确继承,https://www.cars.com/research/pontiac-grand_am/
US,Pontiac Grand Am Coupe 1999-2005,SD1,缓存精确继承,https://www.cars.com/research/pontiac-grand_am/
US,Pontiac Grand Am Sedan 1992,SD1,缓存精确继承,https://www.cars.com/research/pontiac-grand_am/
US,Pontiac Grand Am Sedan 1993-1994,SD1,缓存精确继承,https://www.cars.com/research/pontiac-grand_am/
US,Pontiac Grand Am Sedan 1995,SD1,缓存精确继承,https://www.cars.com/research/pontiac-grand_am/
US,Pontiac Grand Am Sedan 1996-1998,SD1,缓存精确继承,https://www.cars.com/research/pontiac-grand_am/
US,Pontiac Grand Am Sedan 1999-2005,SD1,缓存精确继承,https://www.cars.com/research/pontiac-grand_am/
US,Pontiac Grand Prix Coupe 1963,SD2,缓存精确继承,https://www.supermotors.net/registry/pontiac/grand-prix
US,Pontiac Grand Prix Coupe 1964,SD2,缓存精确继承,https://www.supermotors.net/registry/pontiac/grand-prix
US,Pontiac Grand Prix Coupe 1965-1966,SD2,缓存精确继承,https://www.supermotors.net/registry/pontiac/grand-prix
US,Pontiac Grand Prix Coupe 1967,SD2,缓存精确继承,https://www.supermotors.net/registry/pontiac/grand-prix
US,Pontiac Grand Prix Coupe 1968,SD2,缓存精确继承,https://www.supermotors.net/registry/pontiac/grand-prix
US,Pontiac Grand Prix Coupe 1969-1970,SD2,缓存精确继承,https://www.supermotors.net/registry/pontiac/grand-prix
US,Pontiac Grand Prix Coupe 1971,SD2,缓存精确继承,https://www.supermotors.net/registry/pontiac/grand-prix
US,Pontiac Grand Prix Coupe 1972,SD2,缓存精确继承,https://www.supermotors.net/registry/pontiac/grand-prix
US,Pontiac Grand Prix Coupe 1974,SD2,缓存精确继承,https://www.gm.com/heritage/archive/vehicle-information-kits
US,Pontiac Grand Prix Coupe 1975,SD2,缓存精确继承,https://www.gm.com/heritage/archive/vehicle-information-kits
US,Pontiac Grand Prix Coupe 1976-1977,SD2,缓存精确继承,https://www.gm.com/heritage/archive/vehicle-information-kits
US,Pontiac Grand Prix Coupe 1978-1987,SD2,缓存精确继承,https://www.gm.com/heritage/archive/vehicle-information-kits
US,Pontiac Grand Prix Coupe 1988-1991,SD0,缓存精确继承,https://www.supermotors.net/registry/pontiac/grand-prix
US,Pontiac Grand Prix Coupe 1992-1993,SD0,缓存精确继承,https://www.supermotors.net/registry/pontiac/grand-prix
US,Pontiac Grand Prix Coupe 1994-1995,SD0,缓存精确继承,https://www.supermotors.net/registry/pontiac/grand-prix
US,Pontiac Grand Prix Coupe 1996,SD0,缓存精确继承,https://www.supermotors.net/registry/pontiac/grand-prix
US,Pontiac Grand Prix Coupe 1997-2001,SD0,缓存精确继承,https://www.supermotors.net/registry/pontiac/grand-prix
US,Pontiac Grand Prix Coupe 2002,SD0,缓存精确继承,https://www.supermotors.net/registry/pontiac/grand-prix
US,Pontiac Grand Prix Sedan 1997-2002,SD0,缓存精确继承,https://www.supermotors.net/registry/pontiac/grand-prix
US,Pontiac Grand Prix Sedan 2003,SD0,缓存精确继承,https://www.supermotors.net/registry/pontiac/grand-prix
US,Pontiac Grand Prix Sedan 2004-2008,SD0,缓存精确继承,https://www.cars.com/research/pontiac-grand_prix/
US,Pontiac Grand Safari 455-4 V8 Wagon 1974-1975,H3,缓存精确继承,https://www.gm.com/heritage/archive/vehicle-information-kits
US,Pontiac Grand Safari 455-4 V8 Wagon 1976,H3,缓存精确继承,https://www.gm.com/heritage/archive/vehicle-information-kits
US,Pontiac LeMans Can Am Coupe 1977,SD2,缓存精确继承,https://www.gm.com/heritage/archive/vehicle-information-kits
US,Pontiac LeMans Convertible 1963,SD2,缓存精确继承,https://www.gm.com/heritage/archive/vehicle-information-kits
US,Pontiac LeMans Convertible 1964-1966,SD2,缓存精确继承,https://www.gm.com/heritage/archive/vehicle-information-kits
US,Pontiac LeMans Convertible 1967,SD2,缓存精确继承,https://www.gm.com/heritage/archive/vehicle-information-kits
US,Pontiac LeMans Convertible 1968,SD2,缓存精确继承,https://www.gm.com/heritage/archive/vehicle-information-kits
US,Pontiac LeMans Convertible 1969,SD2,缓存精确继承,https://www.gm.com/heritage/archive/vehicle-information-kits
US,Pontiac LeMans Convertible 1970-1972,SD2,缓存精确继承,https://www.gm.com/heritage/archive/vehicle-information-kits
US,Pontiac LeMans Coupe 1963,SD2,缓存精确继承,https://www.gm.com/heritage/archive/vehicle-information-kits
US,Pontiac LeMans Coupe 1964,SD2,缓存精确继承,https://www.gm.com/heritage/archive/vehicle-information-kits
US,Pontiac LeMans Coupe 1965,SD2,缓存精确继承,https://www.gm.com/heritage/archive/vehicle-information-kits
US,Pontiac LeMans Coupe 1966,SD2,缓存精确继承,https://www.gm.com/heritage/archive/vehicle-information-kits
US,Pontiac LeMans Coupe 1967,SD2,缓存精确继承,https://www.gm.com/heritage/archive/vehicle-information-kits
US,Pontiac LeMans Coupe 1968,SD2,缓存精确继承,https://www.gm.com/heritage/archive/vehicle-information-kits
US,Pontiac LeMans Coupe 1970,SD2,缓存精确继承,https://www.gm.com/heritage/archive/vehicle-information-kits
US,Pontiac LeMans Coupe 1971,SD2,缓存精确继承,https://www.gm.com/heritage/archive/vehicle-information-kits
US,Pontiac LeMans Coupe 1972,SD2,缓存精确继承,https://www.gm.com/heritage/archive/vehicle-information-kits
US,Pontiac LeMans Coupe 1973,SD2,缓存精确继承,https://www.gm.com/heritage/archive/vehicle-information-kits
US,Pontiac LeMans Coupe 1974-1976,SD2,缓存精确继承,https://www.gm.com/heritage/archive/vehicle-information-kits
US,Pontiac LeMans Coupe 1977,SD2,缓存精确继承,https://www.gm.com/heritage/archive/vehicle-information-kits
US,Pontiac LeMans Coupe 1978,SD2,缓存精确继承,https://www.gm.com/heritage/archive/vehicle-information-kits
US,Pontiac LeMans Coupe 1979,SD2,缓存精确继承,https://www.gm.com/heritage/archive/vehicle-information-kits
US,Pontiac LeMans Coupe 1981,SD2,缓存精确继承,https://www.gm.com/heritage/archive/vehicle-information-kits
US,Pontiac LeMans Coupe 1993,SD1,缓存精确继承,https://www.gm.com/heritage/archive/vehicle-information-kits
US,Pontiac LeMans Hatchback 1966,H0,缓存精确继承,https://www.gm.com/heritage/archive/vehicle-information-kits
US,Pontiac LeMans Hatchback 1968,H0,缓存精确继承,https://www.gm.com/heritage/archive/vehicle-information-kits
US,Pontiac LeMans Hatchback 1969,H0,缓存精确继承,https://www.gm.com/heritage/archive/vehicle-information-kits
US,Pontiac LeMans Hatchback 1977,H0,缓存精确继承,https://www.gm.com/heritage/archive/vehicle-information-kits
US,Pontiac LeMans Hatchback 1978,H0,缓存精确继承,https://www.gm.com/heritage/archive/vehicle-information-kits
US,Pontiac LeMans Hatchback 1979-1980,H0,缓存精确继承,https://www.gm.com/heritage/archive/vehicle-information-kits
US,Pontiac LeMans Hatchback 1988-1993,H0,缓存精确继承,https://www.gm.com/heritage/archive/vehicle-information-kits
US,Pontiac LeMans Sedan 1964,SD2,缓存精确继承,https://www.gm.com/heritage/archive/vehicle-information-kits
US,Pontiac LeMans Sedan 1965,SD2,缓存精确继承,https://www.gm.com/heritage/archive/vehicle-information-kits
US,Pontiac LeMans Sedan 1966,SD2,缓存精确继承,https://www.gm.com/heritage/archive/vehicle-information-kits
US,Pontiac LeMans Sedan 1967,SD2,缓存精确继承,https://www.gm.com/heritage/archive/vehicle-information-kits
US,Pontiac LeMans Sedan 1968,SD2,缓存精确继承,https://www.gm.com/heritage/archive/vehicle-information-kits
US,Pontiac LeMans Sedan 1969,SD2,缓存精确继承,https://www.gm.com/heritage/archive/vehicle-information-kits
US,Pontiac LeMans Sedan 1970,SD2,缓存精确继承,https://www.gm.com/heritage/archive/vehicle-information-kits
US,Pontiac LeMans Sedan 1971,SD2,缓存精确继承,https://www.gm.com/heritage/archive/vehicle-information-kits
US,Pontiac LeMans Sedan 1972,SD2,缓存精确继承,https://www.gm.com/heritage/archive/vehicle-information-kits
US,Pontiac LeMans Sedan 1973,SD2,缓存精确继承,https://www.gm.com/heritage/archive/vehicle-information-kits
US,Pontiac LeMans Sedan 1974,SD2,缓存精确继承,https://www.gm.com/heritage/archive/vehicle-information-kits
US,Pontiac LeMans Sedan 1975-1976,SD2,缓存精确继承,https://www.gm.com/heritage/archive/vehicle-information-kits
US,Pontiac LeMans Sedan 1977,SD2,缓存精确继承,https://www.gm.com/heritage/archive/vehicle-information-kits
US,Pontiac LeMans Sedan 1978,SD2,缓存精确继承,https://www.gm.com/heritage/archive/vehicle-information-kits
US,Pontiac LeMans Sedan 1979,SD2,缓存精确继承,https://www.gm.com/heritage/archive/vehicle-information-kits
US,Pontiac LeMans Sedan 1980,SD2,缓存精确继承,https://www.gm.com/heritage/archive/vehicle-information-kits
US,Pontiac LeMans Sedan 1988-1992,SD1,缓存精确继承,https://www.gm.com/heritage/archive/vehicle-information-kits
US,Pontiac LeMans Sedan 1993,SD1,缓存精确继承,https://www.gm.com/heritage/archive/vehicle-information-kits
US,Pontiac LeMans Tempest LeMans Convertible 1962,SD2,缓存精确继承,https://www.gm.com/heritage/archive/vehicle-information-kits
US,Pontiac LeMans Tempest LeMans Coupe 1961-1962,SD2,缓存精确继承,https://www.gm.com/heritage/archive/vehicle-information-kits
US,Pontiac LeMans Tempest/LeMans Convertible 1963,SD2,缓存精确继承,https://www.gm.com/heritage/archive/vehicle-information-kits
US,Pontiac LeMans Tempest/LeMans Coupe 1962,SD2,缓存精确继承,https://www.gm.com/heritage/archive/vehicle-information-kits
US,Pontiac LeMans Tempest/LeMans Wagon 1963,H3,缓存精确继承,https://www.gm.com/heritage/archive/vehicle-information-kits
US,Pontiac LeMans Tempest/Safari Wagon 1963,H3,缓存精确继承,https://www.gm.com/heritage/archive/vehicle-information-kits
US,Pontiac LeMans Wagon 1964,H3,缓存精确继承,https://www.gm.com/heritage/archive/vehicle-information-kits
US,Pontiac LeMans Wagon 1965,H3,缓存精确继承,https://www.gm.com/heritage/archive/vehicle-information-kits
US,Pontiac LeMans Wagon 1967,H3,缓存精确继承,https://www.gm.com/heritage/archive/vehicle-information-kits
US,Pontiac LeMans Wagon 1968-1970,H3,缓存精确继承,https://www.gm.com/heritage/archive/vehicle-information-kits
US,Pontiac LeMans Wagon 1973,H3,缓存精确继承,https://www.gm.com/heritage/archive/vehicle-information-kits
US,Pontiac LeMans Wagon 1974,H3,缓存精确继承,https://www.gm.com/heritage/archive/vehicle-information-kits
US,Pontiac LeMans Wagon 1975-1976,H3,缓存精确继承,https://www.gm.com/heritage/archive/vehicle-information-kits
US,Pontiac LeMans Wagon 1979,H3,缓存精确继承,https://www.gm.com/heritage/archive/vehicle-information-kits
US,Pontiac LeMans Wagon 1980,H3,缓存精确继承,https://www.gm.com/heritage/archive/vehicle-information-kits
US,Pontiac Solstice Convertible 2006-2008,SD0,缓存精确继承,https://gmauthority.com/blog/gm/pontiac/pontiac-solstice/
US,Pontiac Solstice Convertible 2009,SD0,缓存精确继承,https://gmauthority.com/blog/gm/pontiac/pontiac-solstice/
US,Pontiac Solstice Coupe 2009,SD0,缓存精确继承,https://gmauthority.com/blog/gm/pontiac/pontiac-solstice/
US,Pontiac Sunfire Convertible 1995-1996,SD1,缓存精确继承,https://en.wikipedia.org/wiki/Pontiac_Sunfire
US,Pontiac Sunfire Convertible 1997,SD1,缓存精确继承,https://en.wikipedia.org/wiki/Pontiac_Sunfire
US,Pontiac Sunfire Convertible 1998-2000,SD1,缓存精确继承,https://en.wikipedia.org/wiki/Pontiac_Sunfire
US,Pontiac Sunfire Convertible 2001-2005,SD1,缓存精确继承,https://en.wikipedia.org/wiki/Pontiac_Sunfire
US,Pontiac Sunfire Coupe 1995-1996,SD1,缓存精确继承,https://en.wikipedia.org/wiki/Pontiac_Sunfire
US,Pontiac Sunfire Coupe 1997-2005,SD1,缓存精确继承,https://en.wikipedia.org/wiki/Pontiac_Sunfire
US,Pontiac Sunfire Sedan 1995-1997,SD1,缓存精确继承,https://en.wikipedia.org/wiki/Pontiac_Sunfire
US,Pontiac Sunfire Sedan 1998,SD1,缓存精确继承,https://en.wikipedia.org/wiki/Pontiac_Sunfire
US,Pontiac Sunfire Sedan 1999-2000,SD1,缓存精确继承,https://en.wikipedia.org/wiki/Pontiac_Sunfire
US,Pontiac Sunfire Sedan 2001-2005,SD1,缓存精确继承,https://en.wikipedia.org/wiki/Pontiac_Sunfire
US,Pontiac Torrent SUV 2006-2009,SU1,缓存精确继承,https://www.cars.com/research/pontiac-torrent/
US,Pontiac Vibe Hatchback 2003-2008,H0,缓存精确继承,https://www.auto-brochures.com/makes/Pontiac/Vibe/Pontiac_US%20Vibe_2006.pdf
US,Pontiac Vibe Hatchback 2009-2010,H0,缓存精确继承,https://www.auto-brochures.com/makes/Pontiac/Vibe/Pontiac_US%20Vibe_2006.pdf
US,Porsche 911 Convertible 1983-1989,SD0,缓存精确继承,https://www.porsche.com/international/models/911/
US,Porsche 911 Convertible 1990-1994,SD0,缓存精确继承,https://www.porsche.com/international/models/911/
US,Porsche 911 Convertible 1995-1998,SD0,缓存精确继承,https://www.porsche.com/international/models/911/
US,Porsche 911 Convertible 1999-2004,SD0,缓存精确继承,https://www.porsche.com/international/models/911/
US,Porsche 911 Convertible 2005-2008,SD0,缓存精确继承,https://www.porsche.com/international/models/911/
US,Porsche 911 Convertible 2009-2011,SD0,缓存精确继承,https://www.porsche.com/international/models/911/
US,Porsche 911 Convertible 2012-2016,SD0,缓存精确继承,https://www.porsche.com/international/models/911/
US,Porsche 911 Convertible 2017-2019,SD0,缓存精确继承,https://www.porsche.com/international/models/911/
US,Porsche 911 Convertible 2020-2024,SD0,缓存精确继承,https://www.porsche.com/international/models/911/
US,Porsche 911 Coupe 1965-1973,SD0,缓存精确继承,https://www.porsche.com/international/models/911/
US,Porsche 911 Coupe 1974-1989,SD0,缓存精确继承,https://www.porsche.com/international/models/911/
US,Porsche 911 Coupe 1990-1994,SD0,缓存精确继承,https://www.porsche.com/international/models/911/
US,Porsche 911 Coupe 1995-1998,SD0,缓存精确继承,https://www.porsche.com/international/models/911/
US,Porsche 911 Coupe 1999-2004,SD0,缓存精确继承,https://www.porsche.com/international/models/911/
US,Porsche 911 Coupe 2005-2008,SD0,缓存精确继承,https://www.porsche.com/international/models/911/
US,Porsche 911 Coupe 2009-2011,SD0,缓存精确继承,https://www.porsche.com/international/models/911/
US,Porsche 911 Coupe 2012-2013,SD0,缓存精确继承,https://www.porsche.com/international/models/911/
US,Porsche 911 Coupe 2014-2016,SD0,缓存精确继承,https://www.porsche.com/international/models/911/
US,Porsche 911 Coupe 2017-2019,SD0,缓存精确继承,https://www.porsche.com/international/models/911/
US,Porsche 911 Coupe 2020-2024,SD0,缓存精确继承,https://www.porsche.com/international/models/911/
US,Porsche 911 Coupe 2025-2026,SD0,缓存精确继承,https://www.porsche.com/international/models/911/
US,Porsche 911 Dakar Coupe 2023-2024,SD0,缓存精确继承,https://www.porsche.com/international/models/911/
US,Porsche 911 GT2 Coupe 2002-2005,SD0,缓存精确继承,https://www.porsche.com/international/models/911/
US,Porsche 911 GT2 Coupe 2008-2009,SD0,缓存精确继承,https://www.porsche.com/international/models/911/
US,Porsche 911 GT2 RS Coupe 2011,SD0,缓存精确继承,https://www.porsche.com/international/models/911/
US,Porsche 911 GT2 RS Coupe 2018,SD0,缓存精确继承,https://www.porsche.com/international/models/911/
US,Porsche 911 GT3 Coupe 2004-2005,SD0,缓存精确继承,https://www.porsche.com/international/models/911/
US,Porsche 911 GT3 Coupe 2007-2008,SD0,缓存精确继承,https://www.porsche.com/international/models/911/
US,Porsche 911 GT3 Coupe 2010-2011,SD0,缓存精确继承,https://www.porsche.com/international/models/911/
US,Porsche 911 GT3 Coupe 2014-2016,SD0,缓存精确继承,https://www.porsche.com/international/models/911/
US,Porsche 911 GT3 Coupe 2018-2019,SD0,缓存精确继承,https://www.porsche.com/international/models/911/
US,Porsche 911 GT3 RS Coupe 2004,SD0,缓存精确继承,https://www.porsche.com/international/models/911/
US,Porsche 911 GT3 RS Coupe 2007-2008,SD0,缓存精确继承,https://www.porsche.com/international/models/911/
US,Porsche 911 GT3 RS Coupe 2010-2011,SD0,缓存精确继承,https://www.porsche.com/international/models/911/
US,Porsche 911 GT3 RS Coupe 2016,SD0,缓存精确继承,https://www.porsche.com/international/models/911/
US,Porsche 911 GT3 RS Coupe 2019,SD0,缓存精确继承,https://www.porsche.com/international/models/911/
US,Porsche 911 GT3 RS Coupe 2025,SD0,缓存精确继承,https://www.porsche.com/international/models/911/
US,Porsche 911 GT3/GT3 RS Coupe 2022-2024,SD0,缓存精确继承,https://www.porsche.com/international/models/911/
US,Porsche 911 Speedster Convertible 2019,SD0,缓存精确继承,https://www.porsche.com/international/models/911/
US,Porsche 911 Targa 1983-1989,SD0,缓存精确继承,https://www.porsche.com/international/models/911/
US,Porsche 911 Targa 1990-1993,SD0,缓存精确继承,https://www.porsche.com/international/models/911/
US,Porsche 911 Targa 1996-1998,SD0,缓存精确继承,https://www.porsche.com/international/models/911/
US,Porsche 911 Targa 2002-2004,SD0,缓存精确继承,https://www.porsche.com/international/models/911/
US,Porsche 911 Targa 2006-2008,SD0,缓存精确继承,https://www.porsche.com/international/models/911/
US,Porsche 911 Targa 2009-2011,SD0,缓存精确继承,https://www.porsche.com/international/models/911/
US,Porsche 911 Targa 2014-2016,SD0,缓存精确继承,https://www.porsche.com/international/models/911/
US,Porsche 911 Targa 2021-2024,SD0,缓存精确继承,https://www.porsche.com/international/models/911/
US,Porsche 911 Turbo Coupe 1976-1980,SD0,缓存精确继承,https://www.porsche.com/international/models/911/
US,Porsche 911 Turbo Coupe 1986-1989,SD0,缓存精确继承,https://www.porsche.com/international/models/911/
US,Porsche 911 Turbo Coupe 1991-1994,SD0,缓存精确继承,https://www.porsche.com/international/models/911/
US,Porsche 911 Turbo Coupe 1996-1998,SD0,缓存精确继承,https://www.porsche.com/international/models/911/
US,Porsche 911 Turbo Coupe 2001-2005,SD0,缓存精确继承,https://www.porsche.com/international/models/911/
US,Porsche 911 Turbo Coupe 2007-2012,SD0,缓存精确继承,https://www.porsche.com/international/models/911/
US,Porsche 911 Turbo Coupe 2014-2019,SD0,缓存精确继承,https://www.porsche.com/international/models/911/
US,Porsche 911 Turbo Coupe 2021-2024,SD0,缓存精确继承,https://www.porsche.com/international/models/911/
US,Porsche 911 Turbo Coupe 2025-2026,SD0,缓存精确继承,https://www.porsche.com/international/models/911/
US,Porsche 912 912E Coupe 1976,SD0,缓存精确继承,https://newsroom.porsche.com/en_US/company/porsche-cars-north-america-historical-background-18072.html
US,Porsche 912 Coupe 1965-1969,SD0,缓存精确继承,https://newsroom.porsche.com/en_US/company/porsche-cars-north-america-historical-background-18072.html
US,Porsche Boxster Convertible 2013-2016,SD0,缓存精确继承,https://newsroom.porsche.com/en/2021/history/porsche-boxster-25-years-the-people-behind-23357.html
US,Porsche Boxster Convertible 2020,SD0,缓存精确继承,https://newsroom.porsche.com/en/2021/history/porsche-boxster-25-years-the-people-behind-23357.html
US,Porsche Boxster Convertible 2021-2023,SD0,缓存精确继承,https://newsroom.porsche.com/en/2021/history/porsche-boxster-25-years-the-people-behind-23357.html
US,Porsche Boxster Convertible 2024,SD0,缓存精确继承,https://newsroom.porsche.com/en/2021/history/porsche-boxster-25-years-the-people-behind-23357.html
US,Porsche Boxster Convertible 2025,SD0,缓存精确继承,https://newsroom.porsche.com/en/2021/history/porsche-boxster-25-years-the-people-behind-23357.html
US,Porsche Boxster Coupe 1997-2004,SD0,缓存精确继承,https://newsroom.porsche.com/en/2021/history/porsche-boxster-25-years-the-people-behind-23357.html
US,Porsche Boxster Coupe 2005-2012,SD0,缓存精确继承,https://newsroom.porsche.com/en/2021/history/porsche-boxster-25-years-the-people-behind-23357.html
US,Porsche Boxster Coupe 2013,SD0,缓存精确继承,https://newsroom.porsche.com/en/2021/history/porsche-boxster-25-years-the-people-behind-23357.html
US,Porsche Boxster Coupe 2014-2015,SD0,缓存精确继承,https://newsroom.porsche.com/en/2021/history/porsche-boxster-25-years-the-people-behind-23357.html
US,Porsche Boxster Coupe 2017-2025,SD0,缓存精确继承,https://newsroom.porsche.com/en/2021/history/porsche-boxster-25-years-the-people-behind-23357.html
US,Porsche Cayenne Coupe 2019-2023,SU1,缓存精确继承,https://www.porsche.com/usa/models/cayenne/
US,Porsche Cayenne Coupe 2024-2026,SU1,缓存精确继承,https://www.porsche.com/usa/models/cayenne/
US,Porsche Cayenne SUV 2003-2006,SU1,缓存精确继承,https://www.porsche.com/usa/models/cayenne/
US,Porsche Cayenne SUV 2008-2010,SU1,缓存精确继承,https://www.porsche.com/usa/models/cayenne/
US,Porsche Cayenne SUV 2011-2018,SU1,缓存精确继承,https://www.porsche.com/usa/models/cayenne/
US,Porsche Cayenne SUV 2019,SU1,缓存精确继承,https://www.porsche.com/usa/models/cayenne/
US,Porsche Cayenne SUV 2025-2026,SU1,缓存精确继承,https://www.porsche.com/usa/models/cayenne/
US,Porsche Cayman Coupe 2009-2011,SD0,本轮增量研究,https://newsroom.porsche.com/en_AU/2025/history/porsche-iaa-since-1950-ten-milestones-40443.html
US,Porsche Cayman Coupe 2012,SD0,本轮增量研究,https://newsroom.porsche.com/en_AU/2025/history/porsche-iaa-since-1950-ten-milestones-40443.html
US,Porsche Cayman Coupe 2014-2016,SD0,本轮增量研究,https://newsroom.porsche.com/en_AU/2025/history/porsche-iaa-since-1950-ten-milestones-40443.html
US,Porsche Cayman Coupe 2017-2025,SD0,本轮增量研究,https://newsroom.porsche.com/en_AU/2025/history/porsche-iaa-since-1950-ten-milestones-40443.html
US,Porsche Macan SUV 2015-2018,SU0,缓存精确继承,https://files.porsche.com/filestore/download/pap/none/malaysia-offlinenewsletter-2013-4/default/038bf2a3-996d-11e3-b1a1-001a64c55f5c/Porsche-News-04-2013.pdf
US,Porsche Macan SUV 2019-2025,SU0,缓存精确继承,https://files.porsche.com/filestore/download/pap/none/malaysia-offlinenewsletter-2013-4/default/038bf2a3-996d-11e3-b1a1-001a64c55f5c/Porsche-News-04-2013.pdf
US,Porsche Macan SUV 2026,SU0,缓存精确继承,https://files.porsche.com/filestore/download/pap/none/malaysia-offlinenewsletter-2013-4/default/038bf2a3-996d-11e3-b1a1-001a64c55f5c/Porsche-News-04-2013.pdf
US,Porsche Panamera Executive LWB Liftback 2014-2016,SD1,缓存精确继承,https://newsroom.porsche.com/en/press-kits/panamera/exterior-design.html
US,Porsche Panamera Executive LWB Liftback 2017-2023,SD1,缓存精确继承,https://newsroom.porsche.com/en/products/porsche-panamera-sport-turismo-2017-13453.html
US,Porsche Panamera Hatchback 2010-2013,SD1,缓存精确继承,https://newsroom.porsche.com/en/press-kits/panamera/exterior-design.html
US,Porsche Panamera Hatchback 2014-2016,SD1,缓存精确继承,https://newsroom.porsche.com/en/press-kits/panamera/exterior-design.html
US,Porsche Panamera Liftback 2017-2023,SD1,缓存精确继承,https://newsroom.porsche.com/en/products/porsche-panamera-sport-turismo-2017-13453.html
US,Porsche Panamera Liftback 2024-2026,SD1,缓存精确继承,https://newsroom.porsche.com/en/press-kits/panamera/exterior-design.html
US,Porsche Panamera Sport Turismo Wagon 2018-2023,H2,缓存精确继承,https://newsroom.porsche.com/en/products/porsche-panamera-sport-turismo-2017-13453.html
US,Porsche Taycan Cross Turismo Wagon 2021-2024,H2,缓存精确继承,车形分类核定/cache/model_shape_cache.csv
US,Porsche Taycan Sedan 2020-2024,SD0,缓存精确继承,车形分类核定/cache/model_shape_cache.csv
US,Porsche Taycan Sedan 2025-2026,SD0,缓存精确继承,车形分类核定/cache/model_shape_cache.csv
US,Porsche Taycan Sport Turismo Wagon 2022-2024,H2,缓存精确继承,车形分类核定/cache/model_shape_cache.csv
US,Porsche Taycan Turbo GT Sedan 2025-2026,SD0,缓存精确继承,车形分类核定/cache/model_shape_cache.csv
US,Porsche Taycan Wagon 2025-2026,H2,缓存精确继承,车形分类核定/cache/model_shape_cache.csv
US,Ram 1500 Classic Pickup 2019-2023 Crew 5.6,P0,缓存精确继承,https://www.ramtrucks.com/ram-1500classic.html
US,Ram 1500 Pickup 1994-1998 Club/Quad 6.4,P0,缓存精确继承,车形分类核定/cache/model_shape_cache.csv
US,Ram 1500 Pickup 1994-2001 Regular 6.4,P0,缓存精确继承,车形分类核定/cache/model_shape_cache.csv
US,Ram 1500 Pickup 1997-2001 Regular 8,P0,缓存精确继承,车形分类核定/cache/model_shape_cache.csv
US,Ram 1500 Pickup 2002-2008 Quad 6.4,P0,缓存精确继承,车形分类核定/cache/model_shape_cache.csv
US,Ram 1500 Pickup 2002-2008 Regular 6.4,P0,缓存精确继承,车形分类核定/cache/model_shape_cache.csv
US,Ram 1500 Pickup 2005-2007 Regular 8,P0,缓存精确继承,车形分类核定/cache/model_shape_cache.csv
US,Ram 1500 Pickup 2009-2018 Crew 6.4,P0,缓存精确继承,车形分类核定/cache/model_shape_cache.csv
US,Ram 1500 Pickup 2009-2018 Quad 6.4,P0,缓存精确继承,车形分类核定/cache/model_shape_cache.csv
US,Ram 1500 Pickup 2009-2018 Regular 6.4,P0,缓存精确继承,车形分类核定/cache/model_shape_cache.csv
US,Ram 1500 Pickup 2009-2018 Regular 8,P0,缓存精确继承,车形分类核定/cache/model_shape_cache.csv
US,Ram 1500 Pickup 2011-2012 Crew 5.6,P0,缓存精确继承,车形分类核定/cache/model_shape_cache.csv
US,Ram 1500 Pickup 2014-2018 Crew 5.6,P0,缓存精确继承,车形分类核定/cache/model_shape_cache.csv
US,Ram 1500 Pickup 2019-2026 Crew 5.6,P0,缓存精确继承,车形分类核定/cache/model_shape_cache.csv
US,Ram 1500 Pickup 2019-2026 Crew 6.4,P0,缓存精确继承,车形分类核定/cache/model_shape_cache.csv
US,Ram 1500 Pickup 2019-2026 Quad 6.4,P0,缓存精确继承,车形分类核定/cache/model_shape_cache.csv
US,Ram 1500 RHO Pickup 2025-2026 Crew 5.6,P2,缓存精确继承,车形分类核定/cache/model_shape_cache.csv
US,Ram 1500 TRX Pickup 2021-2024 Crew 5.6,P2,缓存精确继承,车形分类核定/cache/model_shape_cache.csv
US,Ram 2500/3500 Pickup 1994-2002 Crew 6.4,P0,缓存精确继承,https://www.ramtrucks.com/2025/ram-3500.html
US,Ram 2500/3500 Pickup 1994-2002 Quad 8,P0,缓存精确继承,https://www.ramtrucks.com/2025/ram-3500.html
US,Ram 2500/3500 Pickup 1994-2002 Regular 8,P0,缓存精确继承,https://www.ramtrucks.com/2025/ram-3500.html
US,Ram 2500/3500 Pickup 2003-2009 Crew 6.4,P0,缓存精确继承,https://www.ramtrucks.com/2025/ram-3500.html
US,Ram 2500/3500 Pickup 2003-2009 Quad 8,P0,缓存精确继承,https://www.ramtrucks.com/2025/ram-3500.html
US,Ram 2500/3500 Pickup 2003-2009 Regular 8,P0,缓存精确继承,https://www.ramtrucks.com/2025/ram-3500.html
US,Ram 2500/3500 Pickup 2006-2009 Mega 6.4,P0,缓存精确继承,https://www.ramtrucks.com/2025/ram-3500.html
US,Ram 2500/3500 Pickup 2010-2018 Crew 6.4,P0,缓存精确继承,https://www.ramtrucks.com/2025/ram-3500.html
US,Ram 2500/3500 Pickup 2010-2018 Crew 8,P0,缓存精确继承,https://www.ramtrucks.com/2025/ram-3500.html
US,Ram 2500/3500 Pickup 2010-2018 Mega 6.4,P0,缓存精确继承,https://www.ramtrucks.com/2025/ram-3500.html
US,Ram 2500/3500 Pickup 2010-2018 Regular 8,P0,缓存精确继承,https://www.ramtrucks.com/2025/ram-3500.html
US,Ram 2500/3500 Pickup 2019-2026 Crew 6.4,P0,缓存精确继承,https://www.ramtrucks.com/2025/ram-3500.html
US,Ram 2500/3500 Pickup 2019-2026 Crew 8,P0,缓存精确继承,https://www.ramtrucks.com/2025/ram-3500.html
US,Ram 2500/3500 Pickup 2019-2026 Mega 6.4,P0,缓存精确继承,https://www.ramtrucks.com/2025/ram-3500.html
US,Ram 2500/3500 Pickup 2019-2026 Regular 8,P0,缓存精确继承,https://www.ramtrucks.com/2025/ram-3500.html
US,Rivian R1S SUV 2022-2026,SU2,缓存精确继承,https://stories.rivian.com/sizing-up-the-r1s?locale=en
US,Rivian R1T Dual/Quad/Adventure Pickup 2022 Crew 4.5,P0,缓存精确继承,https://rivian.com/en-US/demo-drive/book
US,Rivian R1T Dual/Quad/Adventure Pickup 2023-2024 Crew 4.5,P0,缓存精确继承,https://rivian.com/en-US/demo-drive/book
US,Rivian R1T Pickup 2025-2026 Crew 4.5,P0,缓存精确继承,https://rivian.com/en-US/demo-drive/book
US,Saab 9-3 Convertible 1999-2011,SD1,缓存精确继承,https://www.cars.com/research/saab-9_3/
US,Saab 9-3 Sedan 1999-2011,SD1,缓存精确继承,https://www.cars.com/research/saab-9_3/
US,Saab 9-3 Wagon 2006-2011,H2,缓存精确继承,https://www.cars.com/research/saab-9_3/
US,Saab 9-5 Sedan 1999-2009,SD1,缓存精确继承,https://en.wikipedia.org/wiki/Saab_9-5
US,Saab 9-5 Sedan 2010-2011,SD1,缓存精确继承,https://en.wikipedia.org/wiki/Saab_9-5
US,Saab 9-5 Wagon 1999-2009,H2,缓存精确继承,https://en.wikipedia.org/wiki/Saab_9-5
US,Saab 900 Convertible 1986-1993,SD0,缓存精确继承,https://saabmuseum.com/900/my.html
US,Saab 900 Convertible 1994-1998,SD0,缓存精确继承,https://saabmuseum.com/900/my.html
US,Saab 900 Hatchback 1979-1993,H0,缓存精确继承,https://saabmuseum.com/900/my.html
US,Saab 900 Hatchback 1994-1998,H0,缓存精确继承,https://saabmuseum.com/900/my.html
US,Saturn Astra Hatchback 2008-2009,H0,缓存精确继承,https://en.wikipedia.org/wiki/Saturn_Corporation
US,Saturn Aura Sedan 2007-2009,SD1,缓存精确继承,https://en.wikipedia.org/wiki/Saturn_Aura
US,Saturn Ion Coupe 2003-2007,SD1,缓存精确继承,https://www.autoevolution.com/saturn/ion-quad-coupe/
US,Saturn Ion Sedan 2003-2007,SD1,缓存精确继承,https://www.autoevolution.com/saturn/ion-quad-coupe/
US,Saturn L-Series Sedan 2000-2005,SD1,缓存精确继承,https://consumerguide.com/used/2000-05-saturn-l-series/
US,Saturn L-Series Wagon 2000-2004,H2,缓存精确继承,https://consumerguide.com/used/2000-05-saturn-l-series/
US,Saturn Outlook SUV 2007-2010,SU1,缓存精确继承,https://www.theautochannel.com/news/2006/04/11/003749.html
US,Saturn S-Series Coupe 1991-1993,SD1,缓存精确继承,https://www.classic.com/m/saturn/s-series/
US,Saturn S-Series Coupe 1995-1996,SD1,缓存精确继承,https://www.classic.com/m/saturn/s-series/
US,Saturn S-Series Coupe 1997,SD1,缓存精确继承,https://www.classic.com/m/saturn/s-series/
US,Saturn S-Series Coupe 1998-1999,SD1,缓存精确继承,https://www.classic.com/m/saturn/s-series/
US,Saturn S-Series Coupe 2000-2002,SD1,缓存精确继承,https://www.classic.com/m/saturn/s-series/
US,Saturn S-Series Sedan 1991-1993,SD1,缓存精确继承,https://www.classic.com/m/saturn/s-series/
US,Saturn S-Series Sedan 1996,SD1,缓存精确继承,https://www.classic.com/m/saturn/s-series/
US,Saturn S-Series Sedan 1997,SD1,缓存精确继承,https://www.classic.com/m/saturn/s-series/
US,Saturn S-Series Sedan 1998-1999,SD1,缓存精确继承,https://www.classic.com/m/saturn/s-series/
US,Saturn S-Series Sedan 2000-2002,SD1,缓存精确继承,https://www.classic.com/m/saturn/s-series/
US,Saturn S-Series Wagon 1993-1995,H2,缓存精确继承,https://www.classic.com/m/saturn/s-series/
US,Saturn S-Series Wagon 1996-1997,H2,缓存精确继承,https://www.classic.com/m/saturn/s-series/
US,Saturn S-Series Wagon 1998-2001,H2,缓存精确继承,https://www.classic.com/m/saturn/s-series/
US,Saturn Sky Convertible 2007-2010,SD0,缓存精确继承,https://www.edmunds.com/saturn/sky/2007/review/
US,Saturn Vue SUV 2002-2006,SU2,缓存精确继承,https://www.auto123.com/en/car-reviews/2002-2007-and-2008-2009-saturn-vue-pre-owned/50332/
US,Saturn Vue SUV 2007,SU2,缓存精确继承,https://www.auto123.com/en/car-reviews/2002-2007-and-2008-2009-saturn-vue-pre-owned/50332/
US,Saturn Vue SUV 2008-2010,SU1,缓存精确继承,https://en.wikipedia.org/wiki/Saturn_Vue
US,Scion FR-S Coupe 2013-2016,SD0,缓存精确继承,https://pressroom.toyota.com/2013-scion-fr-s-brings-sport-back-to-car/
US,Scion XA Hatchback 2004-2006,H0,缓存精确继承,https://pressroom.toyota.com/scion-fact-sheet/
US,Scion iA Sedan 2016,SD1,缓存精确继承,https://pressroom.toyota.com/scion-im-ia-sale/
US,Scion iM Hatchback 2016,H0,缓存精确继承,https://pressroom.toyota.com/scion-im-ia-sale/
US,Scion iQ Hatchback 2012-2015,H1,缓存精确继承,https://pressroom.toyota.com/scion-fact-sheet/
US,Scion tC Coupe 2005-2010,SD0,缓存精确继承,https://pressroom.toyota.com/scion-fact-sheet/
US,Scion tC Coupe 2011-2013,SD0,缓存精确继承,https://pressroom.toyota.com/scion-fact-sheet/
US,Scion tC Coupe 2014-2016,SD0,缓存精确继承,https://pressroom.toyota.com/scion-fact-sheet/
US,Scion xB Hatchback 2004-2006,H1,缓存精确继承,https://pressroom.toyota.com/scion-fact-sheet/
US,Scion xB Hatchback 2011-2014,H1,缓存精确继承,https://pressroom.toyota.com/scion-fact-sheet/
US,Scion xB Hatchback 2015,H1,缓存精确继承,https://pressroom.toyota.com/scion-fact-sheet/
US,Scion xB Wagon 2008-2010,H1,缓存精确继承,https://pressroom.toyota.com/scion-fact-sheet/
US,Scion xD Hatchback 2008-2010,H0,缓存精确继承,https://pressroom.toyota.com/scion-fact-sheet/
US,Scion xD Hatchback 2011-2014,H0,缓存精确继承,https://pressroom.toyota.com/scion-fact-sheet/
US,Subaru Ascent SUV 2019-2026,SU1,缓存精确继承,https://www.subaru.com/vehicles/ascent/2026/features.html
US,Subaru BRZ Coupe 2013-2020,SD0,缓存精确继承,https://www.subaru.co.jp/press/file/uploads/news-en/en2020_1118_2_XV0_-prqXt.pdf
US,Subaru Crosstrek Crossover 2013-2017,SU1,缓存精确继承,https://www.subaru.com/crossover-suvs-and-cuvs.html
US,Subaru Crosstrek Crossover 2018-2023,SU1,缓存精确继承,https://www.subaru.com/crossover-suvs-and-cuvs.html
US,Subaru Crosstrek Wilderness Crossover 2024-2026,SU1,缓存精确继承,https://www.subaru.com/crossover-suvs-and-cuvs.html
US,Subaru Forester SUV 1998-2002,SU2,缓存精确继承,https://www.caranddriver.com/features/g19042326/a-visual-history-of-subarus-50-years-in-america/
US,Subaru Forester SUV 2003-2008,SU2,缓存精确继承,https://www.caranddriver.com/features/g19042326/a-visual-history-of-subarus-50-years-in-america/
US,Subaru Forester SUV 2009-2013,SU2,缓存精确继承,https://www.caranddriver.com/features/g19042326/a-visual-history-of-subarus-50-years-in-america/
US,Subaru Forester SUV 2014-2018,SU1,缓存精确继承,https://www.subaru.com/vehicles/compare-crosstrek-vs-forester.html
US,Subaru Forester SUV 2019-2021,SU1,缓存精确继承,https://www.subaru.com/vehicles/compare-crosstrek-vs-forester.html
US,Subaru Forester SUV 2025,SU1,缓存精确继承,https://www.subaru.com/vehicles/compare-crosstrek-vs-forester.html
US,Subaru Forester Wilderness SUV 2022-2024,SU1,缓存精确继承,https://www.subaru.com/vehicles/compare-crosstrek-vs-forester.html
US,Subaru Forester Wilderness SUV 2026,SU1,缓存精确继承,https://www.subaru.com/vehicles/compare-crosstrek-vs-forester.html
US,Subaru Impreza Coupe 1995-2001,SD1,缓存精确继承,https://www.cars101.com/impreza_archive.html
US,Subaru Impreza Hatchback 2008-2011,H0,缓存精确继承,https://www.cars101.com/impreza_archive.html
US,Subaru Impreza Hatchback 2012-2016,H0,缓存精确继承,https://www.cars101.com/impreza_archive.html
US,Subaru Impreza Hatchback 2017-2023,H0,缓存精确继承,https://www.cars101.com/impreza_archive.html
US,Subaru Impreza Hatchback 2024-2026,H0,缓存精确继承,https://www.cars101.com/impreza_archive.html
US,Subaru Impreza Outback Sport Wagon 1997-2001,H2,缓存精确继承,https://www.cars101.com/impreza_archive.html
US,Subaru Impreza Sedan 1993-1994,SD1,缓存精确继承,https://www.cars101.com/impreza_archive.html
US,Subaru Impreza Sedan 1995-2001,SD1,缓存精确继承,https://www.cars101.com/impreza_archive.html
US,Subaru Impreza Sedan 2002-2007,SD1,缓存精确继承,https://www.cars101.com/impreza_archive.html
US,Subaru Impreza Sedan 2008-2011,SD1,缓存精确继承,https://www.cars101.com/impreza_archive.html
US,Subaru Impreza Sedan 2012-2016,SD1,缓存精确继承,https://www.cars101.com/impreza_archive.html
US,Subaru Impreza Sedan 2017-2023,SD1,缓存精确继承,https://www.cars101.com/impreza_archive.html
US,Subaru Impreza Wagon 1993-1996,H2,缓存精确继承,https://www.cars101.com/impreza_archive.html
US,Subaru Impreza Wagon 2002-2007,H2,缓存精确继承,https://www.cars101.com/impreza_archive.html
US,Subaru Legacy Sedan 1990-1991,SD1,缓存精确继承,https://www.subaru.co.jp/en/news/archives/contents/pdf_en_54394.pdf
US,Subaru Legacy Sedan 1992-1994,SD1,缓存精确继承,https://www.subaru.co.jp/en/news/archives/contents/pdf_en_54394.pdf
US,Subaru Legacy Sedan 1997-1999,SD1,缓存精确继承,https://www.subaru.co.jp/en/news/archives/contents/pdf_en_54394.pdf
US,Subaru Legacy Sedan 2000-2004,SD1,缓存精确继承,https://www.subaru.co.jp/en/news/archives/contents/pdf_en_54394.pdf
US,Subaru Legacy Sedan 2005-2008,SD1,缓存精确继承,https://www.subaru.co.jp/en/news/archives/contents/pdf_en_54394.pdf
US,Subaru Legacy Sedan 2009,SD1,缓存精确继承,https://www.subaru.co.jp/en/news/archives/contents/pdf_en_54394.pdf
US,Subaru Legacy Sedan 2010-2014,SD1,缓存精确继承,https://www.subaru.co.jp/en/news/archives/contents/pdf_en_54394.pdf
US,Subaru Legacy Sedan 2015-2019,SD1,缓存精确继承,https://www.subaru.co.jp/en/news/archives/contents/pdf_en_54394.pdf
US,Subaru Legacy Sedan 2020-2025,SD1,缓存精确继承,https://www.subaru.co.jp/en/news/archives/contents/pdf_en_54394.pdf
US,Subaru Legacy Wagon 1990-1991,H2,缓存精确继承,https://www.subaru.co.jp/en/news/archives/contents/pdf_en_54394.pdf
US,Subaru Legacy Wagon 1992-1994,H2,缓存精确继承,https://www.subaru.co.jp/en/news/archives/contents/pdf_en_54394.pdf
US,Subaru Legacy Wagon 1995-1999,H2,缓存精确继承,https://www.subaru.co.jp/en/news/archives/contents/pdf_en_54394.pdf
US,Subaru Legacy Wagon 2000-2004,H2,缓存精确继承,https://www.subaru.co.jp/en/news/archives/contents/pdf_en_54394.pdf
US,Subaru Legacy Wagon 2005-2007,H2,缓存精确继承,https://www.subaru.co.jp/en/news/archives/contents/pdf_en_54394.pdf
US,Subaru Outback Hatchback 2010-2014,H0,缓存精确继承,https://subaru-global.fellowroom.jp/ourstory/heritage.html
US,Subaru Outback Hatchback 2015-2019,H0,缓存精确继承,https://subaru-global.fellowroom.jp/ourstory/heritage.html
US,Subaru Outback Hatchback 2026,SU2,缓存精确继承,https://subaru-global.fellowroom.jp/ourstory/heritage.html
US,Subaru Outback Sport Outback Sport Hatchback 2008-2011,H0,缓存精确继承,https://www.motortrend.com/news/subaru-outback-model-history-photo-gallery
US,Subaru Outback Sport Outback Sport Wagon 2001,H2,缓存精确继承,https://www.motortrend.com/news/subaru-outback-model-history-photo-gallery
US,Subaru Outback Sport Outback Sport Wagon 2002-2003,H2,缓存精确继承,https://www.motortrend.com/news/subaru-outback-model-history-photo-gallery
US,Subaru Outback Sport Outback Sport Wagon 2004,H2,缓存精确继承,https://www.motortrend.com/news/subaru-outback-model-history-photo-gallery
US,Subaru Outback Sport Outback Sport Wagon 2005,H2,缓存精确继承,https://www.motortrend.com/news/subaru-outback-model-history-photo-gallery
US,Subaru Outback Sport Outback Sport Wagon 2006,H2,缓存精确继承,https://www.motortrend.com/news/subaru-outback-model-history-photo-gallery
US,Subaru Outback Sport Outback Sport Wagon 2007,H2,缓存精确继承,https://www.motortrend.com/news/subaru-outback-model-history-photo-gallery
US,Subaru Outback Sport Wagon 1995-2001,H2,缓存精确继承,https://www.motortrend.com/news/subaru-outback-model-history-photo-gallery
US,Subaru Outback Wagon 1995-1999,H2,缓存精确继承,https://subaru-global.fellowroom.jp/ourstory/heritage.html
US,Subaru Outback Wagon 2000-2004,H2,缓存精确继承,https://subaru-global.fellowroom.jp/ourstory/heritage.html
US,Subaru Outback Wagon 2005-2009,H2,缓存精确继承,https://subaru-global.fellowroom.jp/ourstory/heritage.html
US,Subaru Outback Wilderness Wagon 2020-2024,H2,缓存精确继承,https://subaru-global.fellowroom.jp/ourstory/heritage.html
US,Subaru Outback Wilderness Wagon 2025,H2,缓存精确继承,https://subaru-global.fellowroom.jp/ourstory/heritage.html
US,Subaru Solterra SUV 2023-2026,SU1,缓存精确继承,https://www.subaru.com/vehicles/solterra/2026.html
US,Subaru Tribeca SUV 2006-2014,SU1,缓存精确继承,https://subarumedia.iconicweb.com/mediasite/attachments/Subaru_of_America_Announces_50th_Anniversary_Celebration_Year_FINAL_2-16-17_Update.pdf
US,Subaru WRX WRX Sedan 2002,SD1,缓存精确继承,https://www.subaru.ca/content/7907/media/en-ca/download/08FleetGuideEN.pdf
US,Subaru WRX WRX Sedan 2022-2026,SD1,缓存精确继承,https://www.subaru.ca/content/7907/media/en-ca/download/08FleetGuideEN.pdf
US,Subaru WRX WRX Wagon 2002-2003,H2,缓存精确继承,https://www.subaru.ca/content/7907/media/en-ca/download/08FleetGuideEN.pdf
US,Subaru WRX WRX/STI Hatchback 2008-2014,H0,缓存精确继承,https://www.subaru.ca/content/7907/media/en-ca/download/08FleetGuideEN.pdf
US,Subaru WRX WRX/STI Sedan 2002-2003,SD1,缓存精确继承,https://www.subaru.ca/content/7907/media/en-ca/download/08FleetGuideEN.pdf
US,Subaru WRX WRX/STI Sedan 2004-2007,SD1,缓存精确继承,https://www.subaru.ca/content/7907/media/en-ca/download/08FleetGuideEN.pdf
US,Subaru WRX WRX/STI Sedan 2008-2014,SD1,缓存精确继承,https://www.subaru.ca/content/7907/media/en-ca/download/08FleetGuideEN.pdf
US,Subaru WRX WRX/STI Sedan 2015-2021,SD1,缓存精确继承,https://www.subaru.ca/content/7907/media/en-ca/download/08FleetGuideEN.pdf
US,Suzuki Aerio Sedan 2002-2007,SD1,缓存精确继承,https://www.suzuki.co.jp/suzuki_digital_library/1_auto/aerio.html
US,Suzuki Aerio Wagon 2002-2005,H2,缓存精确继承,https://www.suzuki.co.jp/suzuki_digital_library/1_auto/aerio.html
US,Suzuki Forenza Sedan 2004-2008,SD1,缓存精确继承,https://www.auto-brochures.com/makes/Suzuki/Forenza/Suzuki_US%20Forenza_2006.pdf
US,Suzuki Forenza Wagon 2004-2008,H2,缓存精确继承,https://www.auto-brochures.com/makes/Suzuki/Forenza/Suzuki_US%20Forenza_2006.pdf
US,Suzuki Grand Vitara SUV 1999-2000,SU1,缓存精确继承,https://www.globalsuzuki.com/vitara_30th/history/2nd.html
US,Suzuki Grand Vitara SUV 2001,SU1,缓存精确继承,https://www.globalsuzuki.com/vitara_30th/history/2nd.html
US,Suzuki Grand Vitara SUV 2002-2003,SU1,缓存精确继承,https://www.globalsuzuki.com/vitara_30th/history/2nd.html
US,Suzuki Grand Vitara SUV 2004,SU1,缓存精确继承,https://www.globalsuzuki.com/vitara_30th/history/2nd.html
US,Suzuki Grand Vitara SUV 2005,SU1,缓存精确继承,https://www.globalsuzuki.com/vitara_30th/history/2nd.html
US,Suzuki Grand Vitara SUV 2006,SU1,缓存精确继承,https://www.globalsuzuki.com/vitara_30th/history/2nd.html
US,Suzuki Grand Vitara SUV 2007-2008,SU1,缓存精确继承,https://www.globalsuzuki.com/vitara_30th/history/2nd.html
US,Suzuki Grand Vitara SUV 2009-2013,SU1,缓存精确继承,https://www.globalsuzuki.com/vitara_30th/history/2nd.html
US,Suzuki SX4 Hatchback 2007-2009,H0,缓存精确继承,https://www.suzuki.co.jp/suzuki_digital_library/works_index.html
US,Suzuki SX4 Hatchback 2010,H0,缓存精确继承,https://www.suzuki.co.jp/suzuki_digital_library/works_index.html
US,Suzuki SX4 Hatchback 2011,H0,缓存精确继承,https://www.suzuki.co.jp/suzuki_digital_library/works_index.html
US,Suzuki SX4 Hatchback 2012-2013,H0,缓存精确继承,https://www.suzuki.co.jp/suzuki_digital_library/works_index.html
US,Suzuki SX4 Sedan 2008-2013,SD1,缓存精确继承,https://www.suzuki.co.jp/suzuki_digital_library/works_index.html
US,Suzuki Sidekick SUV 1989-1991,SU2,缓存精确继承,https://www.globalsuzuki.com/vitara_30th/history/1st.html
US,Suzuki Sidekick SUV 1992,SU2,缓存精确继承,https://www.globalsuzuki.com/vitara_30th/history/1st.html
US,Suzuki Sidekick SUV 1993,SU2,缓存精确继承,https://www.globalsuzuki.com/vitara_30th/history/1st.html
US,Suzuki Sidekick SUV 1994,SU2,缓存精确继承,https://www.globalsuzuki.com/vitara_30th/history/1st.html
US,Suzuki Sidekick SUV 1995,SU2,缓存精确继承,https://www.globalsuzuki.com/vitara_30th/history/1st.html
US,Suzuki Sidekick Sport SUV 1996-1998,SU2,缓存精确继承,https://www.globalsuzuki.com/vitara_30th/history/1st.html
US,Suzuki XL7 SUV 2002-2003,SU1,缓存精确继承,https://www.globalsuzuki.com/vitara_30th/history/2nd.html
US,Suzuki XL7 SUV 2004-2005,SU1,缓存精确继承,https://www.globalsuzuki.com/vitara_30th/history/2nd.html
US,Suzuki XL7 SUV 2006,SU1,缓存精确继承,https://www.globalsuzuki.com/vitara_30th/history/2nd.html
US,Suzuki XL7 XL7 SUV 2007-2009,SU1,缓存精确继承,https://www.globalsuzuki.com/vitara_30th/history/2nd.html
US,Tesla Model 3 Sedan 2017-2023,SD1,缓存精确继承,车形分类核定/cache/model_shape_cache.csv
US,Tesla Model 3 Sedan 2024-2026,SD1,缓存精确继承,车形分类核定/cache/model_shape_cache.csv
US,Tesla Model S Hatchback 2012-2020,SD1,缓存精确继承,https://www.tesla.com/models
US,Tesla Model S Hatchback 2021-2026,SD1,缓存精确继承,https://www.tesla.com/models
US,Tesla Model X SUV 2016-2026,SU0,缓存精确继承,https://www.tesla.com/modelx
US,Tesla Model Y Crossover 2020-2024,SU0,缓存精确继承,https://www.tesla.com/modely
US,Tesla Model Y L SUV 2026,SU0,缓存精确继承,https://www.tesla.cn/en_my/modely
US,Tesla Model Y Performance SUV 2025-2026,SU0,缓存精确继承,https://www.tesla.com/modely
US,Toyota 4Runner SUV 1984-1989,SU2,缓存精确继承,车形分类核定/cache/model_shape_cache.csv
US,Toyota 4Runner SUV 1990-1995,SU2,缓存精确继承,车形分类核定/cache/model_shape_cache.csv
US,Toyota 4Runner SUV 1996-1998,SU2,缓存精确继承,车形分类核定/cache/model_shape_cache.csv
US,Toyota 4Runner SUV 1999-2002,SU2,缓存精确继承,车形分类核定/cache/model_shape_cache.csv
US,Toyota 4Runner SUV 2003-2005,SU2,缓存精确继承,车形分类核定/cache/model_shape_cache.csv
US,Toyota 4Runner SUV 2006-2009,SU2,缓存精确继承,车形分类核定/cache/model_shape_cache.csv
US,Toyota 4Runner SUV 2010-2013,SU2,缓存精确继承,车形分类核定/cache/model_shape_cache.csv
US,Toyota 4Runner SUV 2014-2024,SU2,缓存精确继承,车形分类核定/cache/model_shape_cache.csv
US,Toyota 4Runner SUV 2025-2026,SU2,缓存精确继承,车形分类核定/cache/model_shape_cache.csv
US,Toyota 86 Coupe 2017-2020,SD0,缓存精确继承,https://pressroom.toyota.com/vehicle/2022-toyota-gr-86/
US,Toyota 86 Coupe 2022-2026,SD0,缓存精确继承,https://pressroom.toyota.com/vehicle/2022-toyota-gr-86/
US,Toyota Avalon Sedan 1995-1999,SD1,缓存精确继承,https://pressroom.toyota.com/avalon-transformed-model-for-full-size-sedans/
US,Toyota Avalon Sedan 2000-2004,SD1,缓存精确继承,https://pressroom.toyota.com/avalon-transformed-model-for-full-size-sedans/
US,Toyota Avalon Sedan 2005-2012,SD1,缓存精确继承,https://pressroom.toyota.com/avalon-transformed-model-for-full-size-sedans/
US,Toyota Avalon Sedan 2013-2018,SD1,缓存精确继承,https://pressroom.toyota.com/avalon-transformed-model-for-full-size-sedans/
US,Toyota Avalon Sedan 2019-2022,SD1,缓存精确继承,https://pressroom.toyota.com/avalon-transformed-model-for-full-size-sedans/
US,Toyota C-HR Crossover 2018-2019,SU0,缓存精确继承,https://pressroom.toyota.com/2016-laas-2018-toyota-c-hr/
US,Toyota C-HR Crossover 2020-2022,SU0,缓存精确继承,https://pressroom.toyota.com/2016-laas-2018-toyota-c-hr/
US,Toyota Camry Hatchback 1983-1986,H0,缓存精确继承,https://toyota-automobile-museum.jp/en/archives/car-database/
US,Toyota Camry Sedan 1983-1986,SD1,缓存精确继承,https://toyota-automobile-museum.jp/en/archives/car-database/
US,Toyota Camry Sedan 1987-1991,SD1,缓存精确继承,https://toyota-automobile-museum.jp/en/archives/car-database/
US,Toyota Camry Sedan 1992-1996,SD1,缓存精确继承,车形分类核定/cache/model_shape_cache.csv
US,Toyota Camry Sedan 1997-2001,SD1,缓存精确继承,车形分类核定/cache/model_shape_cache.csv
US,Toyota Camry Sedan 2002-2006,SD1,缓存精确继承,车形分类核定/cache/model_shape_cache.csv
US,Toyota Camry Sedan 2007-2011,SD1,缓存精确继承,车形分类核定/cache/model_shape_cache.csv
US,Toyota Camry Sedan 2012-2017,SD1,缓存精确继承,车形分类核定/cache/model_shape_cache.csv
US,Toyota Camry Sedan 2018-2024,SD1,缓存精确继承,车形分类核定/cache/model_shape_cache.csv
US,Toyota Camry Sedan 2025-2026,SD1,缓存精确继承,车形分类核定/cache/model_shape_cache.csv
US,Toyota Camry Wagon 1987-1991,H3,缓存精确继承,https://toyota-automobile-museum.jp/en/archives/car-database/
US,Toyota Camry Wagon 1992-1996,H2,缓存精确继承,车形分类核定/cache/model_shape_cache.csv
US,Toyota Celica All-Trac Coupe 1986-1989,SD0,缓存精确继承,https://global.toyota/en/detail/8081196
US,Toyota Celica All-Trac Coupe 1990-1993,SD0,缓存精确继承,https://global.toyota/en/detail/8081196
US,Toyota Celica Convertible 1994-1999,SD0,缓存精确继承,https://global.toyota/en/detail/8081196
US,Toyota Celica Coupe 1971-1977,SD0,缓存精确继承,https://global.toyota/en/detail/8081196
US,Toyota Celica Coupe 1978-1981,SD0,缓存精确继承,https://global.toyota/en/detail/8081196
US,Toyota Celica Coupe 1982-1985,SD0,缓存精确继承,https://global.toyota/en/detail/8081196
US,Toyota Celica Hatchback 2000-2005,SD0,缓存精确继承,https://global.toyota/en/detail/8081196
US,Toyota Corolla Coupe 1968-1974,SD1,缓存精确继承,https://toyota-automobile-museum.jp/en/archives/car-database/
US,Toyota Corolla Coupe 1980-1983,SD1,缓存精确继承,https://toyota-automobile-museum.jp/en/archives/car-database/
US,Toyota Corolla Coupe 1984-1987,SD1,缓存精确继承,https://toyota-automobile-museum.jp/en/archives/car-database/
US,Toyota Corolla Coupe 1988-1991,SD1,缓存精确继承,https://toyota-automobile-museum.jp/en/archives/car-database/
US,Toyota Corolla Cross SUV 2022-2026,SU1,缓存精确继承,https://global.toyota/en/mobility/toyota-brand/gallery/corolla.html
US,Toyota Corolla GR Corolla Hatchback 2023-2026,H0,缓存精确继承,https://global.toyota/en/mobility/toyota-brand/gallery/corolla.html
US,Toyota Corolla GR Hatchback 2023-2026,H0,缓存精确继承,https://global.toyota/pages/fact-data/fact-data_007_01_en.pdf
US,Toyota Corolla Hatchback 1980-1983,H0,缓存精确继承,https://toyota-automobile-museum.jp/en/archives/car-database/
US,Toyota Corolla Hatchback 1984-1987,H0,缓存精确继承,https://toyota-automobile-museum.jp/en/archives/car-database/
US,Toyota Corolla Hatchback 2019-2024,H0,缓存精确继承,https://global.toyota/en/mobility/toyota-brand/gallery/corolla.html
US,Toyota Corolla Hatchback 2025-2026,H0,缓存精确继承,https://global.toyota/en/mobility/toyota-brand/gallery/corolla.html
US,Toyota Corolla Sedan 1968-1974,SD1,缓存精确继承,https://toyota-automobile-museum.jp/en/archives/car-database/
US,Toyota Corolla Sedan 1975-1979,SD1,缓存精确继承,https://toyota-automobile-museum.jp/en/archives/car-database/
US,Toyota Corolla Sedan 1980-1983,SD1,缓存精确继承,https://toyota-automobile-museum.jp/en/archives/car-database/
US,Toyota Corolla Sedan 1984-1987,SD1,缓存精确继承,https://toyota-automobile-museum.jp/en/archives/car-database/
US,Toyota Corolla Sedan 1988-1992,SD1,缓存精确继承,https://toyota-automobile-museum.jp/en/archives/car-database/
US,Toyota Corolla Sedan 1993-1997,SD1,缓存精确继承,https://global.toyota/en/mobility/toyota-brand/gallery/corolla.html
US,Toyota Corolla Sedan 1998-2002,SD1,缓存精确继承,https://global.toyota/en/mobility/toyota-brand/gallery/corolla.html
US,Toyota Corolla Sedan 2003-2008,SD1,缓存精确继承,https://global.toyota/en/mobility/toyota-brand/gallery/corolla.html
US,Toyota Corolla Sedan 2009-2013,SD1,缓存精确继承,https://global.toyota/en/mobility/toyota-brand/gallery/corolla.html
US,Toyota Corolla Sedan 2014-2019,SD1,缓存精确继承,https://global.toyota/en/mobility/toyota-brand/gallery/corolla.html
US,Toyota Corolla Sedan 2020-2026,SD1,缓存精确继承,https://global.toyota/en/mobility/toyota-brand/gallery/corolla.html
US,Toyota Corolla Wagon 1968-1974,H3,缓存精确继承,https://toyota-automobile-museum.jp/en/archives/car-database/
US,Toyota Corolla Wagon 1975-1979,H3,缓存精确继承,https://toyota-automobile-museum.jp/en/archives/car-database/
US,Toyota Corolla Wagon 1980-1983,H3,缓存精确继承,https://toyota-automobile-museum.jp/en/archives/car-database/
US,Toyota Corolla Wagon 1988-1992,H3,缓存精确继承,https://toyota-automobile-museum.jp/en/archives/car-database/
US,Toyota Corolla Wagon 1993-1997,H2,缓存精确继承,https://global.toyota/en/mobility/toyota-brand/gallery/corolla.html
US,Toyota Corolla iM Hatchback 2017-2018,H0,缓存精确继承,https://pressroom.toyota.com/album/2017-toyota-corolla-im/
US,Toyota Crown Sedan 2023-2026,SD1,缓存精确继承,https://pressroom.toyota.com/toyota-crown-returns-to-the-us-with-bold-style/
US,Toyota Crown Signia Wagon 2025-2026,SU1,缓存精确继承,https://pressroom.toyota.com/vehicle/2025-toyota-crown-signia/
US,Toyota Echo Sedan 2000-2005,SD1,缓存精确继承,https://pressroom.toyota.com/album/2000-2002-toyota-echo-first-1st-generation/
US,Toyota FJ Cruiser SUV 2007-2014,JP,缓存精确继承,https://pressroom.toyota.com/toyota-2012-fj-cruiser-fuses-off-road-prowess-with-heritage-design/
US,Toyota Grand Highlander SUV 2024-2026,SU1,缓存精确继承,https://pressroom.toyota.com/five-things-to-know-about-the-2024-toyota-grand-highlander/
US,Toyota Highlander SUV 2001-2003,SU1,缓存精确继承,车形分类核定/cache/model_shape_cache.csv
US,Toyota Highlander SUV 2004-2007,SU1,缓存精确继承,车形分类核定/cache/model_shape_cache.csv
US,Toyota Highlander SUV 2008-2013,SU1,缓存精确继承,车形分类核定/cache/model_shape_cache.csv
US,Toyota Highlander SUV 2014-2019,SU1,缓存精确继承,车形分类核定/cache/model_shape_cache.csv
US,Toyota Highlander SUV 2020-2026,SU1,缓存精确继承,车形分类核定/cache/model_shape_cache.csv
US,Toyota Land Cruiser 20 Series Pickup Pickup 1955-1959 Regular,P1,缓存精确继承,https://global.toyota/en/mobility/toyota-brand/features/landcruiser/history/evolution/heavy-duty.html
US,Toyota Land Cruiser 20/40 Series Pickup Pickup 1958-1980,P1,缓存精确继承,https://global.toyota/en/mobility/toyota-brand/features/landcruiser/history/evolution/heavy-duty.html
US,Toyota Land Cruiser 20/40 Series Van/Hardtop SUV 1958-1980,JP,缓存精确继承,https://global.toyota/en/mobility/toyota-brand/features/landcruiser/history/evolution/heavy-duty.html
US,Toyota Land Cruiser 40 Series Pickup Pickup 1960-1986 Regular,P1,缓存精确继承,https://global.toyota/en/mobility/toyota-brand/features/landcruiser/history/evolution/heavy-duty.html
US,Toyota Land Cruiser 50 Series / early 60 Series Station Wagon Wagon 1967-1980,SU2,缓存精确继承,https://global.toyota/en/newsroom/toyota/35323595.html
US,Toyota Land Cruiser SUV 1981-1990,SU2,缓存精确继承,https://global.toyota/en/newsroom/toyota/35323595.html
US,Toyota Land Cruiser SUV 1991-1997,SU2,缓存精确继承,https://global.toyota/en/newsroom/toyota/35323595.html
US,Toyota Land Cruiser SUV 1998-2007,SU2,缓存精确继承,https://global.toyota/en/newsroom/toyota/35323595.html
US,Toyota Land Cruiser SUV 2008-2021,SU2,缓存精确继承,https://global.toyota/en/newsroom/toyota/35323595.html
US,Toyota Land Cruiser SUV 2024-2026,SU2,缓存精确继承,https://global.toyota/en/newsroom/toyota/35323595.html
US,Toyota MIRAI Sedan 2016-2020,SD1,缓存精确继承,https://pressroom.toyota.com/toyota-introduces-second-generation-mirai-fuel-cell-electric-vehicle-as-design-and-technology-flagship-sedan/
US,Toyota MIRAI Sedan 2021-2024,SD1,缓存精确继承,https://pressroom.toyota.com/toyota-introduces-second-generation-mirai-fuel-cell-electric-vehicle-as-design-and-technology-flagship-sedan/
US,Toyota MR2 Convertible 2000-2005,SD0,缓存精确继承,https://pressroom.toyota.com/historic-vehicles/mr2/
US,Toyota MR2 Coupe 1985-1989,SD0,缓存精确继承,https://pressroom.toyota.com/historic-vehicles/mr2/
US,Toyota MR2 Coupe 1991-1995,SD0,缓存精确继承,https://pressroom.toyota.com/historic-vehicles/mr2/
US,Toyota Matrix Hatchback 2003-2008,H0,缓存精确继承,https://pressroom.toyota.com/album/2009-toyota-matrix/
US,Toyota Matrix Hatchback 2009-2010,H0,缓存精确继承,https://pressroom.toyota.com/album/2009-toyota-matrix/
US,Toyota Matrix Hatchback 2011,H0,缓存精确继承,https://pressroom.toyota.com/album/2009-toyota-matrix/
US,Toyota Matrix Hatchback 2012,H0,缓存精确继承,https://pressroom.toyota.com/album/2009-toyota-matrix/
US,Toyota Matrix Hatchback 2013,H0,缓存精确继承,https://pressroom.toyota.com/album/2009-toyota-matrix/
US,Toyota Prius C Hatchback 2012-2017,H0,缓存精确继承,https://pressroom.toyota.com/toyota-prius-c-completes-prius-family-vehicles/
US,Toyota Prius C Hatchback 2018-2019,H0,缓存精确继承,https://pressroom.toyota.com/toyota-prius-c-completes-prius-family-vehicles/
US,Toyota Prius Hatchback 2004-2009,H0,缓存精确继承,https://global.toyota/en/prius20th/evolution/
US,Toyota Prius Hatchback 2010-2011,H0,缓存精确继承,https://global.toyota/en/prius20th/evolution/
US,Toyota Prius Hatchback 2012-2015,H0,缓存精确继承,https://global.toyota/en/prius20th/evolution/
US,Toyota Prius Hatchback 2016-2022,H0,缓存精确继承,https://global.toyota/en/prius20th/evolution/
US,Toyota Prius Hatchback 2023-2026,H0,缓存精确继承,https://global.toyota/en/prius20th/evolution/
US,Toyota Prius Plug-in Hybrid Hatchback 2012-2015,H0,缓存精确继承,https://global.toyota/en/mobility/toyota-brand/gallery/prius.html
US,Toyota Prius Prime Hatchback 2017-2022,H0,缓存精确继承,https://global.toyota/en/mobility/toyota-brand/gallery/prius.html
US,Toyota Prius Prime Hatchback 2023-2026,H0,缓存精确继承,https://global.toyota/en/mobility/toyota-brand/gallery/prius.html
US,Toyota Prius Sedan 2001-2003,SD1,缓存精确继承,https://global.toyota/en/prius20th/evolution/
US,Toyota Prius V Wagon 2012-2014,H2,缓存精确继承,https://pressroom.toyota.com/historic-vehicles/prius-v/
US,Toyota Prius V Wagon 2015-2016,H2,缓存精确继承,https://pressroom.toyota.com/historic-vehicles/prius-v/
US,Toyota Prius V Wagon 2017,H2,缓存精确继承,https://pressroom.toyota.com/historic-vehicles/prius-v/
US,Toyota RAV4 EV SUV 2013-2014,SU1,缓存精确继承,车形分类核定/cache/model_shape_cache.csv
US,Toyota RAV4 SUV 1996-1997,SU1,缓存精确继承,车形分类核定/cache/model_shape_cache.csv
US,Toyota RAV4 SUV 1998-2000,SU1,缓存精确继承,车形分类核定/cache/model_shape_cache.csv
US,Toyota RAV4 SUV 2001,SU1,缓存精确继承,车形分类核定/cache/model_shape_cache.csv
US,Toyota RAV4 SUV 2002-2003,SU1,缓存精确继承,车形分类核定/cache/model_shape_cache.csv
US,Toyota RAV4 SUV 2004-2005,SU1,缓存精确继承,车形分类核定/cache/model_shape_cache.csv
US,Toyota RAV4 SUV 2006-2008,SU1,缓存精确继承,车形分类核定/cache/model_shape_cache.csv
US,Toyota RAV4 SUV 2009-2012,SU1,缓存精确继承,车形分类核定/cache/model_shape_cache.csv
US,Toyota RAV4 SUV 2013-2018,SU1,缓存精确继承,车形分类核定/cache/model_shape_cache.csv
US,Toyota RAV4 SUV 2019-2025,SU1,缓存精确继承,车形分类核定/cache/model_shape_cache.csv
US,Toyota RAV4 SUV 2026,SU1,缓存精确继承,车形分类核定/cache/model_shape_cache.csv
US,Toyota Sequoia SUV 2001-2007,SU2,缓存精确继承,https://pressroom.toyota.com/vehicle/2024-toyota-sequoia/
US,Toyota Sequoia SUV 2008-2022,SU2,缓存精确继承,https://pressroom.toyota.com/vehicle/2024-toyota-sequoia/
US,Toyota Sequoia SUV 2023-2026,SU2,缓存精确继承,https://pressroom.toyota.com/vehicle/2024-toyota-sequoia/
US,Toyota Sienna MPV 1998-2001,V0,缓存精确继承,车形分类核定/cache/model_shape_cache.csv
US,Toyota Sienna MPV 2002-2003,V0,缓存精确继承,车形分类核定/cache/model_shape_cache.csv
US,Toyota Sienna MPV 2004-2006,V0,缓存精确继承,车形分类核定/cache/model_shape_cache.csv
US,Toyota Sienna MPV 2007-2010,V0,缓存精确继承,车形分类核定/cache/model_shape_cache.csv
US,Toyota Sienna MPV 2011-2017,V0,缓存精确继承,车形分类核定/cache/model_shape_cache.csv
US,Toyota Sienna MPV 2018-2020,V0,缓存精确继承,车形分类核定/cache/model_shape_cache.csv
US,Toyota Sienna MPV 2021,V0,缓存精确继承,车形分类核定/cache/model_shape_cache.csv
US,Toyota Sienna Woodland MPV 2022-2024,V0,缓存精确继承,车形分类核定/cache/model_shape_cache.csv
US,Toyota Sienna Woodland MPV 2025-2026,V0,缓存精确继承,车形分类核定/cache/model_shape_cache.csv
US,Toyota Solara Convertible 2000-2001,SD0,缓存精确继承,https://pressroom.toyota.com/historic-vehicles/
US,Toyota Solara Convertible 2002-2003,SD0,缓存精确继承,https://pressroom.toyota.com/historic-vehicles/
US,Toyota Solara Convertible 2004-2008,SD0,缓存精确继承,https://pressroom.toyota.com/historic-vehicles/
US,Toyota Solara Coupe 1999-2001,SD0,缓存精确继承,https://pressroom.toyota.com/historic-vehicles/
US,Toyota Solara Coupe 2002-2003,SD0,缓存精确继承,https://pressroom.toyota.com/historic-vehicles/
US,Toyota Solara Coupe 2004-2008,SD0,缓存精确继承,https://pressroom.toyota.com/historic-vehicles/
US,Toyota Supra Coupe 1979-1981,SD0,缓存精确继承,https://global.toyota/en/mobility/toyota-brand/gallery/supra.html
US,Toyota Supra Coupe 1982-1986,SD0,缓存精确继承,https://global.toyota/en/mobility/toyota-brand/gallery/supra.html
US,Toyota Supra Coupe 1987-1992,SD0,缓存精确继承,https://global.toyota/en/mobility/toyota-brand/gallery/supra.html
US,Toyota Supra Coupe 1993-1994,SD0,缓存精确继承,https://global.toyota/en/mobility/toyota-brand/gallery/supra.html
US,Toyota Supra Coupe 1995,SD0,缓存精确继承,https://global.toyota/en/mobility/toyota-brand/gallery/supra.html
US,Toyota Supra Coupe 1996,SD0,缓存精确继承,https://global.toyota/en/mobility/toyota-brand/gallery/supra.html
US,Toyota Supra Coupe 1997-1998,SD0,缓存精确继承,https://global.toyota/en/mobility/toyota-brand/gallery/supra.html
US,Toyota Supra Coupe 2020,SD0,缓存精确继承,https://global.toyota/en/mobility/toyota-brand/gallery/supra.html
US,Toyota Supra Coupe 2021-2023,SD0,缓存精确继承,https://global.toyota/en/mobility/toyota-brand/gallery/supra.html
US,Toyota Supra Coupe 2024-2026,SD0,缓存精确继承,https://global.toyota/en/mobility/toyota-brand/gallery/supra.html
US,Toyota Tacoma Pickup 1995-2004 Regular 6,P1,缓存精确继承,车形分类核定/cache/model_shape_cache.csv
US,Toyota Tacoma Pickup 1995-2004 XtraCab 6,P1,缓存精确继承,车形分类核定/cache/model_shape_cache.csv
US,Toyota Tacoma Pickup 2003-2004 Double 5,P1,缓存精确继承,车形分类核定/cache/model_shape_cache.csv
US,Toyota Tacoma Pickup 2005-2006 Double 5,P1,缓存精确继承,车形分类核定/cache/model_shape_cache.csv
US,Toyota Tacoma Pickup 2005-2013 Access 6,P1,缓存精确继承,车形分类核定/cache/model_shape_cache.csv
US,Toyota Tacoma Pickup 2005-2015 Double 6,P1,缓存精确继承,车形分类核定/cache/model_shape_cache.csv
US,Toyota Tacoma Pickup 2014-2015 Double 5,P1,缓存精确继承,车形分类核定/cache/model_shape_cache.csv
US,Toyota Tacoma Pickup 2016-2023 Access 6,P1,缓存精确继承,车形分类核定/cache/model_shape_cache.csv
US,Toyota Tacoma Pickup 2016-2023 Double 5,P1,缓存精确继承,车形分类核定/cache/model_shape_cache.csv
US,Toyota Tacoma Pickup 2016-2023 Double 6,P1,缓存精确继承,车形分类核定/cache/model_shape_cache.csv
US,Toyota Tacoma Pickup 2024-2026 Double 5,P1,缓存精确继承,车形分类核定/cache/model_shape_cache.csv
US,Toyota Tacoma Pickup 2024-2026 Double 6,P1,缓存精确继承,车形分类核定/cache/model_shape_cache.csv
US,Toyota Tacoma Pickup 2024-2026 XtraCab 6,P1,缓存精确继承,车形分类核定/cache/model_shape_cache.csv
US,Toyota Tacoma TRD Pro Pickup 2017-2023 Double 5,P1,缓存精确继承,车形分类核定/cache/model_shape_cache.csv
US,Toyota Tacoma TRD Pro/Trailhunter Pickup 2024-2026 Double 5,P1,缓存精确继承,车形分类核定/cache/model_shape_cache.csv
US,Toyota Tercel 2dr Deluxe Sedan 1980,SD1,缓存精确继承,https://toyota-automobile-museum.jp/en/archives/car-database/
US,Toyota Tercel 2dr Deluxe Sedan 1981-1982,SD1,缓存精确继承,https://toyota-automobile-museum.jp/en/archives/car-database/
US,Toyota Tercel 4WD Wagon 1983-1985,H3,缓存精确继承,https://toyota-automobile-museum.jp/en/archives/car-database/
US,Toyota Tercel 4WD Wagon 1986-1988,H3,缓存精确继承,https://toyota-automobile-museum.jp/en/archives/car-database/
US,Toyota Tercel 4dr Deluxe Sedan 1982,SD1,缓存精确继承,https://toyota-automobile-museum.jp/en/archives/car-database/
US,Toyota Tercel 4dr Sedan 1981,SD1,缓存精确继承,https://toyota-automobile-museum.jp/en/archives/car-database/
US,Toyota Tercel Coupe 1989-1990,SD1,缓存精确继承,https://pressroom.toyota.com/historic-vehicles/tercel/
US,Toyota Tercel Hatchback 1980-1982,H0,缓存精确继承,https://toyota-automobile-museum.jp/en/archives/car-database/
US,Toyota Tercel Sedan 1991-1994,SD1,缓存精确继承,https://pressroom.toyota.com/historic-vehicles/tercel/
US,Toyota Tercel Sedan 1995-1998,SD1,缓存精确继承,https://pressroom.toyota.com/historic-vehicles/tercel/
US,Toyota Tundra Pickup 2000-2005 Access 6.5,P0,缓存精确继承,https://pressroom.toyota.com/products/trucks/tundra/
US,Toyota Tundra Pickup 2000-2006 Regular 6.5,P0,缓存精确继承,https://pressroom.toyota.com/products/trucks/tundra/
US,Toyota Tundra Pickup 2000-2006 Regular 8,P0,缓存精确继承,https://pressroom.toyota.com/products/trucks/tundra/
US,Toyota Tundra Pickup 2004-2006 Double 6.5,P0,缓存精确继承,https://pressroom.toyota.com/products/trucks/tundra/
US,Toyota Tundra Pickup 2007-2017 Regular 6.5,P0,缓存精确继承,https://pressroom.toyota.com/products/trucks/tundra/
US,Toyota Tundra Pickup 2007-2017 Regular 8.1,P0,缓存精确继承,https://pressroom.toyota.com/products/trucks/tundra/
US,Toyota Tundra Pickup 2007-2021 CrewMax 5.5,P0,缓存精确继承,https://pressroom.toyota.com/products/trucks/tundra/
US,Toyota Tundra Pickup 2007-2021 Double 8.1,P0,缓存精确继承,https://pressroom.toyota.com/products/trucks/tundra/
US,Toyota Tundra Pickup 2008-2020 Double 6.5,P0,缓存精确继承,https://pressroom.toyota.com/products/trucks/tundra/
US,Toyota Tundra Pickup 2022-2026 CrewMax 5.5,P0,缓存精确继承,https://pressroom.toyota.com/products/trucks/tundra/
US,Toyota Tundra Pickup 2022-2026 Double 6.5,P0,缓存精确继承,https://pressroom.toyota.com/products/trucks/tundra/
US,Toyota Tundra Pickup 2022-2026 Double 8.1,P0,缓存精确继承,https://pressroom.toyota.com/products/trucks/tundra/
US,Toyota Venza SUV 2021-2024,SU1,缓存精确继承,https://pressroom.toyota.com/sculpted-sophistication-the-2024-toyota-venza/
US,Toyota Venza Wagon 2009-2015,H2,缓存精确继承,https://pressroom.toyota.com/sculpted-sophistication-the-2024-toyota-venza/
US,Toyota Yaris Hatchback 2007-2011,H0,缓存精确继承,https://pressroom.toyota.com/vehicle/2018-toyota-yaris/
US,Toyota Yaris Hatchback 2012-2018,H0,缓存精确继承,https://pressroom.toyota.com/vehicle/2018-toyota-yaris/
US,Toyota Yaris Hatchback 2020,H0,缓存精确继承,https://pressroom.toyota.com/vehicle/2018-toyota-yaris/
US,Toyota Yaris Sedan 2007,SD1,缓存精确继承,https://pressroom.toyota.com/vehicle/2018-toyota-yaris/
US,Toyota Yaris Sedan 2008-2011,SD1,缓存精确继承,https://pressroom.toyota.com/vehicle/2018-toyota-yaris/
US,Toyota Yaris Sedan 2017-2018,SD1,缓存精确继承,https://pressroom.toyota.com/vehicle/2018-toyota-yaris/
US,Toyota Yaris Sedan 2019-2020,SD1,缓存精确继承,https://pressroom.toyota.com/vehicle/2018-toyota-yaris/
US,Toyota Yaris iA Sedan 2017-2018,SD1,缓存精确继承,https://pressroom.toyota.com/2018-toyota-yaris-ia-sport-sedan-surprise/
US,Toyota bZ SUV 2026,SU1,缓存精确继承,https://www.toyota.com/bz/photo-gallery/all/
US,Toyota bZ Woodland SUV 2026,SU1,缓存精确继承,https://pressroom.toyota.com/toyotas-all-electric-lineup-gains-rugged-powerful-new-bz-woodland-suv/
US,Toyota bZ4X SUV 2023-2025,SU1,缓存精确继承,https://pressroom.toyota.com/vehicle/2025-toyota-bz4x/
US,VinFast VF8 Eco SUV 2023-2025,SU1,缓存精确继承,https://vinfastauto.us/vehicles/vf-8
US,VinFast VF8 Plus SUV 2023-2025,SU1,缓存精确继承,https://vinfastauto.us/vehicles/vf-8
US,Volkswagen Arteon SE R-Line Hatchback 2022-2024,SD1,缓存精确继承,https://media.vw.com/models/arteon
US,Volkswagen Arteon SEL Premium 4MOTION Hatchback 2019-2021,SD1,缓存精确继承,https://media.vw.com/models/arteon
US,Volkswagen Atlas Cross Cross Sport SUV 2021,SU1,缓存精确继承,https://www.volkswagen-newsroom.com/en/press-releases/2024-volkswagen-atlas-and-atlas-cross-sport-debut-at-the-chicago-auto-show-15438/download
US,Volkswagen Atlas Cross Cross Sport SUV 2022,SU1,缓存精确继承,https://www.volkswagen-newsroom.com/en/press-releases/2024-volkswagen-atlas-and-atlas-cross-sport-debut-at-the-chicago-auto-show-15438/download
US,Volkswagen Atlas Cross Cross Sport SUV 2023-2026,SU1,缓存精确继承,https://www.volkswagen-newsroom.com/en/press-releases/2024-volkswagen-atlas-and-atlas-cross-sport-debut-at-the-chicago-auto-show-15438/download
US,Volkswagen Atlas Cross Sport SUV 2020,SU1,缓存精确继承,https://www.volkswagen-newsroom.com/en/press-releases/2024-volkswagen-atlas-and-atlas-cross-sport-debut-at-the-chicago-auto-show-15438/download
US,Volkswagen Atlas Cross Sport SUV 2021,SU1,缓存精确继承,https://www.volkswagen-newsroom.com/en/press-releases/2024-volkswagen-atlas-and-atlas-cross-sport-debut-at-the-chicago-auto-show-15438/download
US,Volkswagen Atlas Cross Sport SUV 2022,SU1,缓存精确继承,https://www.volkswagen-newsroom.com/en/press-releases/2024-volkswagen-atlas-and-atlas-cross-sport-debut-at-the-chicago-auto-show-15438/download
US,Volkswagen Atlas Cross Sport SUV 2023-2026,SU1,缓存精确继承,https://www.volkswagen-newsroom.com/en/press-releases/2024-volkswagen-atlas-and-atlas-cross-sport-debut-at-the-chicago-auto-show-15438/download
US,Volkswagen Atlas SE SUV 2024-2026,SU1,缓存精确继承,https://www.volkswagen-newsroom.com/en/press-releases/2024-volkswagen-atlas-and-atlas-cross-sport-debut-at-the-chicago-auto-show-15438/download
US,Volkswagen Atlas SEL R-Line SUV 2021-2022,SU1,缓存精确继承,https://www.volkswagen-newsroom.com/en/press-releases/2024-volkswagen-atlas-and-atlas-cross-sport-debut-at-the-chicago-auto-show-15438/download
US,Volkswagen Atlas SEL R-Line SUV 2023,SU1,缓存精确继承,https://www.volkswagen-newsroom.com/en/press-releases/2024-volkswagen-atlas-and-atlas-cross-sport-debut-at-the-chicago-auto-show-15438/download
US,Volkswagen Atlas V6 SE w/Technology SUV 2018-2020,SU1,缓存精确继承,https://www.volkswagen-newsroom.com/en/press-releases/2024-volkswagen-atlas-and-atlas-cross-sport-debut-at-the-chicago-auto-show-15438/download
US,Volkswagen Beetle Convertible 1998-2010,SD1,缓存精确继承,https://www.volkswagen-newsroom.com/en/new-beetle-the-beetle-19552
US,Volkswagen Beetle Convertible 2012-2019,SD1,缓存精确继承,https://www.volkswagen-newsroom.com/en/new-beetle-the-beetle-19552
US,Volkswagen Beetle Dune Convertible 2018,SD1,缓存精确继承,https://www.volkswagen-newsroom.com/en/new-beetle-the-beetle-19552
US,Volkswagen Beetle Dune Hatchback 2018,H0,缓存精确继承,https://www.volkswagen-newsroom.com/en/new-beetle-the-beetle-19552
US,Volkswagen Beetle Hatchback 1998,H0,缓存精确继承,https://www.volkswagen-newsroom.com/en/new-beetle-the-beetle-19552
US,Volkswagen Beetle Hatchback 1999-2010,H0,缓存精确继承,https://www.volkswagen-newsroom.com/en/new-beetle-the-beetle-19552
US,Volkswagen Beetle Hatchback 2012-2019,H0,缓存精确继承,https://www.volkswagen-newsroom.com/en/new-beetle-the-beetle-19552
US,Volkswagen Dasher 2dr Hatchback 1978,H0,缓存精确继承,https://www.volkswagen-newsroom.com/en/history-3693
US,Volkswagen Dasher 4dr Station Wagon 1978,H3,缓存精确继承,https://www.volkswagen-newsroom.com/en/history-3693
US,Volkswagen Eos Convertible 2007-2011,SD0,缓存精确继承,https://www.volkswagen-newsroom.com/en/eos-2006-2015-19748
US,Volkswagen Eos Convertible 2012-2016,SD0,缓存精确继承,https://www.volkswagen-newsroom.com/en/eos-2006-2015-19748
US,Volkswagen Golf Diesel Hatchback 2015,H0,缓存精确继承,车形分类核定/cache/model_shape_cache.csv
US,Volkswagen Golf GTI Hatchback 2015-2017,H0,缓存精确继承,车形分类核定/cache/model_shape_cache.csv
US,Volkswagen Golf GTI Hatchback 2018-2021,H0,缓存精确继承,车形分类核定/cache/model_shape_cache.csv
US,Volkswagen Golf GTI Hatchback 2022-2026,H0,缓存精确继承,车形分类核定/cache/model_shape_cache.csv
US,Volkswagen Golf GTI/R Hatchback 2022-2026,H0,缓存精确继承,车形分类核定/cache/model_shape_cache.csv
US,Volkswagen Golf Hatchback 1999,H0,缓存精确继承,车形分类核定/cache/model_shape_cache.csv
US,Volkswagen Golf Hatchback 2000-2006,H0,缓存精确继承,车形分类核定/cache/model_shape_cache.csv
US,Volkswagen Golf Hatchback 2007-2009,H0,缓存精确继承,车形分类核定/cache/model_shape_cache.csv
US,Volkswagen Golf Hatchback 2010-2014,H0,缓存精确继承,车形分类核定/cache/model_shape_cache.csv
US,Volkswagen Golf Hatchback 2016-2017,H0,缓存精确继承,车形分类核定/cache/model_shape_cache.csv
US,Volkswagen Golf Hatchback 2018-2021,H0,缓存精确继承,车形分类核定/cache/model_shape_cache.csv
US,Volkswagen Golf R Hatchback 2012,H0,缓存精确继承,车形分类核定/cache/model_shape_cache.csv
US,Volkswagen Golf R Hatchback 2018-2019,H0,缓存精确继承,车形分类核定/cache/model_shape_cache.csv
US,Volkswagen Golf R Hatchback 2022-2024,H0,缓存精确继承,车形分类核定/cache/model_shape_cache.csv
US,Volkswagen Golf R Hatchback 2025-2026,H0,缓存精确继承,车形分类核定/cache/model_shape_cache.csv
US,Volkswagen Golf Wagon 2015-2016,H2,缓存精确继承,车形分类核定/cache/model_shape_cache.csv
US,Volkswagen Golf Wagon 2018-2019,H2,缓存精确继承,车形分类核定/cache/model_shape_cache.csv
US,Volkswagen ID.4 SUV 2021-2022,SU0,缓存精确继承,https://media.vw.com/press-kits/2021-id4-press-kit
US,Volkswagen ID.4 SUV 2023-2026,SU0,缓存精确继承,https://media.vw.com/press-kits/2021-id4-press-kit
US,Volkswagen Jetta Diesel Sedan 2000-2005,SD1,缓存精确继承,https://www.volkswagen-newsroom.com/en/vehicle-data-golf-variant-jetta-variant-profile-19463
US,Volkswagen Jetta GLI Sedan 2019-2020,SD1,缓存精确继承,https://www.volkswagen-newsroom.com/en/vehicle-data-golf-variant-jetta-variant-profile-19463
US,Volkswagen Jetta GLI Sedan 2021-2022,SD1,缓存精确继承,https://www.volkswagen-newsroom.com/en/vehicle-data-golf-variant-jetta-variant-profile-19463
US,Volkswagen Jetta GLI Sedan 2023-2026,SD1,缓存精确继承,https://www.volkswagen-newsroom.com/en/vehicle-data-golf-variant-jetta-variant-profile-19463
US,Volkswagen Jetta Sedan 1980-1984,SD1,缓存精确继承,https://www.volkswagen-newsroom.com/en/vehicle-data-golf-variant-jetta-variant-profile-19463
US,Volkswagen Jetta Sedan 1985,SD1,缓存精确继承,https://www.volkswagen-newsroom.com/en/vehicle-data-golf-variant-jetta-variant-profile-19463
US,Volkswagen Jetta Sedan 1986,SD1,缓存精确继承,https://www.volkswagen-newsroom.com/en/vehicle-data-golf-variant-jetta-variant-profile-19463
US,Volkswagen Jetta Sedan 1987,SD1,缓存精确继承,https://www.volkswagen-newsroom.com/en/vehicle-data-golf-variant-jetta-variant-profile-19463
US,Volkswagen Jetta Sedan 1988,SD1,缓存精确继承,https://www.volkswagen-newsroom.com/en/vehicle-data-golf-variant-jetta-variant-profile-19463
US,Volkswagen Jetta Sedan 1989,SD1,缓存精确继承,https://www.volkswagen-newsroom.com/en/vehicle-data-golf-variant-jetta-variant-profile-19463
US,Volkswagen Jetta Sedan 1990-1992,SD1,缓存精确继承,https://www.volkswagen-newsroom.com/en/vehicle-data-golf-variant-jetta-variant-profile-19463
US,Volkswagen Jetta Sedan 1993-1999,SD1,缓存精确继承,https://www.volkswagen-newsroom.com/en/vehicle-data-golf-variant-jetta-variant-profile-19463
US,Volkswagen Jetta Sedan 2006-2010,SD1,缓存精确继承,https://www.volkswagen-newsroom.com/en/vehicle-data-golf-variant-jetta-variant-profile-19463
US,Volkswagen Jetta Sedan 2011-2014,SD1,缓存精确继承,https://www.volkswagen-newsroom.com/en/vehicle-data-golf-variant-jetta-variant-profile-19463
US,Volkswagen Jetta Sedan 2015-2016,SD1,缓存精确继承,https://www.volkswagen-newsroom.com/en/vehicle-data-golf-variant-jetta-variant-profile-19463
US,Volkswagen Jetta Sedan 2017,SD1,缓存精确继承,https://www.volkswagen-newsroom.com/en/vehicle-data-golf-variant-jetta-variant-profile-19463
US,Volkswagen Jetta Sedan 2018,SD1,缓存精确继承,https://www.volkswagen-newsroom.com/en/vehicle-data-golf-variant-jetta-variant-profile-19463
US,Volkswagen Jetta Wagon 2009-2014,H2,缓存精确继承,https://www.volkswagen-newsroom.com/en/vehicle-data-golf-variant-jetta-variant-profile-19463
US,Volkswagen Passat CC Sedan 2009-2011,SD0,缓存精确继承,https://www.volkswagen-newsroom.com/en/cc-3623
US,Volkswagen Passat CC Sedan 2012-2017,SD0,缓存精确继承,https://www.volkswagen-newsroom.com/en/cc-3623
US,Volkswagen Passat Hatchback 1974,H0,缓存精确继承,https://www.volkswagen-newsroom.com/en/history-3693
US,Volkswagen Passat Hatchback 1975,H0,缓存精确继承,https://www.volkswagen-newsroom.com/en/history-3693
US,Volkswagen Passat Hatchback 1976-1980,H0,缓存精确继承,https://www.volkswagen-newsroom.com/en/history-3693
US,Volkswagen Passat Hatchback 1981,H0,缓存精确继承,https://www.volkswagen-newsroom.com/en/history-3693
US,Volkswagen Passat Sedan 1982,SD1,缓存精确继承,https://www.volkswagen-newsroom.com/en/history-3693
US,Volkswagen Passat Sedan 1983,SD1,缓存精确继承,https://www.volkswagen-newsroom.com/en/history-3693
US,Volkswagen Passat Sedan 1984,SD1,缓存精确继承,https://www.volkswagen-newsroom.com/en/history-3693
US,Volkswagen Passat Sedan 1985,SD1,缓存精确继承,https://www.volkswagen-newsroom.com/en/history-3693
US,Volkswagen Passat Sedan 1986,SD1,缓存精确继承,https://www.volkswagen-newsroom.com/en/history-3693
US,Volkswagen Passat Sedan 1987,SD1,缓存精确继承,https://www.volkswagen-newsroom.com/en/history-3693
US,Volkswagen Passat Sedan 1988,SD1,缓存精确继承,https://www.volkswagen-newsroom.com/en/history-3693
US,Volkswagen Passat Sedan 1990-1994,SD1,缓存精确继承,https://www.volkswagen-newsroom.com/en/passat-b1-19731980-19534
US,Volkswagen Passat Sedan 1995-1997,SD1,缓存精确继承,https://www.volkswagen-newsroom.com/en/passat-b1-19731980-19534
US,Volkswagen Passat Sedan 1998-2005,SD1,缓存精确继承,https://www.volkswagen-newsroom.com/en/passat-b1-19731980-19534
US,Volkswagen Passat Sedan 2006-2010,SD1,缓存精确继承,https://www.volkswagen-newsroom.com/en/passat-b1-19731980-19534
US,Volkswagen Passat Sedan 2012-2015,SD1,缓存精确继承,https://www.volkswagen-newsroom.com/en/passat-b1-19731980-19534
US,Volkswagen Passat Sedan 2016-2019,SD1,缓存精确继承,https://www.volkswagen-newsroom.com/en/passat-b1-19731980-19534
US,Volkswagen Passat Sedan 2020-2022,SD1,缓存精确继承,https://www.volkswagen-newsroom.com/en/passat-b1-19731980-19534
US,Volkswagen Passat Wagon 1974,H3,缓存精确继承,https://www.volkswagen-newsroom.com/en/history-3693
US,Volkswagen Passat Wagon 1975,H3,缓存精确继承,https://www.volkswagen-newsroom.com/en/history-3693
US,Volkswagen Passat Wagon 1976,H3,缓存精确继承,https://www.volkswagen-newsroom.com/en/history-3693
US,Volkswagen Passat Wagon 1977-1980,H3,缓存精确继承,https://www.volkswagen-newsroom.com/en/history-3693
US,Volkswagen Passat Wagon 1981,H3,缓存精确继承,https://www.volkswagen-newsroom.com/en/history-3693
US,Volkswagen Passat Wagon 1982,H3,缓存精确继承,https://www.volkswagen-newsroom.com/en/history-3693
US,Volkswagen Passat Wagon 1983-1984,H3,缓存精确继承,https://www.volkswagen-newsroom.com/en/history-3693
US,Volkswagen Passat Wagon 1985-1988,H3,缓存精确继承,https://www.volkswagen-newsroom.com/en/history-3693
US,Volkswagen Passat Wagon 1990-1992,H2,缓存精确继承,https://www.volkswagen-newsroom.com/en/passat-b1-19731980-19534
US,Volkswagen Passat Wagon 1993-1994,H2,缓存精确继承,https://www.volkswagen-newsroom.com/en/passat-b1-19731980-19534
US,Volkswagen Passat Wagon 1995-1997,H2,缓存精确继承,https://www.volkswagen-newsroom.com/en/passat-b1-19731980-19534
US,Volkswagen Passat Wagon 1998-2005,H2,缓存精确继承,https://www.volkswagen-newsroom.com/en/passat-b1-19731980-19534
US,Volkswagen Passat Wagon 2007-2010,H2,缓存精确继承,https://www.volkswagen-newsroom.com/en/passat-b1-19731980-19534
US,Volkswagen Phaeton Sedan 2004-2006,SD1,缓存精确继承,https://www.volkswagen-newsroom.com/en/phaeton-2002-2016-19750
US,Volkswagen Rabbit Convertible 1980,SD1,缓存精确继承,https://www.volkswagen-newsroom.com/en/history-3693
US,Volkswagen Rabbit GTI Hatchback 1984,H0,缓存精确继承,https://www.volkswagen-newsroom.com/en/history-3693
US,Volkswagen Rabbit Hatchback 1975-1984,H0,缓存精确继承,https://www.volkswagen-newsroom.com/en/history-3693
US,Volkswagen Rabbit Hatchback 2006-2009,H0,缓存精确继承,https://www.volkswagen-newsroom.com/en/40-years-of-golf-2666
US,Volkswagen Taos SUV 2022,SU1,缓存精确继承,https://media.vw.com/press-kits/250
US,Volkswagen Taos SUV 2023,SU1,缓存精确继承,https://media.vw.com/press-kits/250
US,Volkswagen Taos SUV 2024,SU1,缓存精确继承,https://media.vw.com/press-kits/250
US,Volkswagen Taos SUV 2025,SU1,缓存精确继承,https://media.vw.com/press-kits/250
US,Volkswagen Taos SUV 2026,SU1,缓存精确继承,https://media.vw.com/press-kits/250
US,Volkswagen Tiguan SUV 2009-2013,SU1,缓存精确继承,https://www.volkswagen-newsroom.com/en/tiguan-17320
US,Volkswagen Tiguan SUV 2014-2015,SU1,缓存精确继承,https://www.volkswagen-newsroom.com/en/tiguan-17320
US,Volkswagen Tiguan SUV 2016-2017,SU1,缓存精确继承,https://www.volkswagen-newsroom.com/en/tiguan-17320
US,Volkswagen Tiguan SUV 2018-2021,SU1,缓存精确继承,https://www.volkswagen-newsroom.com/en/tiguan-17320
US,Volkswagen Tiguan SUV 2022-2024,SU1,缓存精确继承,https://www.volkswagen-newsroom.com/en/tiguan-17320
US,Volkswagen Tiguan SUV 2025-2026,SU1,缓存精确继承,https://www.volkswagen-newsroom.com/en/tiguan-17320
US,Volkswagen Touareg SUV 2004-2010,SU1,缓存精确继承,https://www.volkswagen-newsroom.com/en/touareg-3627
US,Volkswagen Touareg SUV 2011-2017,SU1,缓存精确继承,https://www.volkswagen-newsroom.com/en/touareg-3627
US,Volvo C30 Hatchback 2008-2013,H0,缓存精确继承,https://en.wikipedia.org/wiki/Volvo_C30
US,Volvo C40 Recharge SUV 2022,SU1,缓存精确继承,https://www.volvocars.com/us/media/press-releases/58F722B92C69119F/
US,Volvo C40 Recharge SUV 2023-2024,SU1,缓存精确继承,https://www.volvocars.com/us/media/press-releases/58F722B92C69119F/
US,Volvo C40 SUV 2022,SU1,缓存精确继承,https://www.volvocars.com/us/media/press-releases/58F722B92C69119F/
US,Volvo C40 SUV 2023-2024,SU1,缓存精确继承,https://www.volvocars.com/us/media/press-releases/58F722B92C69119F/
US,Volvo C70 Convertible 1998,SD0,缓存精确继承,https://www.media.volvocars.com/us/en-us/media/pressreleases/3838/
US,Volvo C70 Convertible 1999-2004,SD0,缓存精确继承,https://www.media.volvocars.com/us/en-us/media/pressreleases/3838/
US,Volvo C70 Convertible 2006,SD0,缓存精确继承,https://www.media.volvocars.com/us/en-us/media/pressreleases/3838/
US,Volvo C70 Convertible 2007-2010,SD0,缓存精确继承,https://www.media.volvocars.com/us/en-us/media/pressreleases/3838/
US,Volvo C70 Convertible 2011,SD0,缓存精确继承,https://www.media.volvocars.com/us/en-us/media/pressreleases/3838/
US,Volvo C70 Convertible 2012-2013,SD0,缓存精确继承,https://www.media.volvocars.com/us/en-us/media/pressreleases/3838/
US,Volvo EC40 Crossover 2025-2026,SU1,缓存精确继承,https://www.volvocars.com/uk/news/corporate/new-name-new-me-say-hello-to-the-ex40-and-ec40/
US,Volvo EX30 SUV 2025,SU1,缓存精确继承,https://www.volvocars.com/uk/cars/ex30-electric/
US,Volvo EX30 SUV 2026,SU1,缓存精确继承,https://www.volvocars.com/uk/cars/ex30-electric/
US,Volvo EX40 SUV 2025-2026,SU1,缓存精确继承,https://www.volvocars.com/uk/news/corporate/new-name-new-me-say-hello-to-the-ex40-and-ec40/
US,Volvo EX90 SUV 2025-2026,SU1,缓存精确继承,https://www.volvocars.com/uk/media/models/ex90/2026/
US,Volvo S40 Sedan 2000,SD1,缓存精确继承,https://www.volvocars.com/nl/media/press-releases/35B7774D0028C316/
US,Volvo S40 Sedan 2001-2003,SD1,缓存精确继承,https://www.volvocars.com/nl/media/press-releases/35B7774D0028C316/
US,Volvo S40 Sedan 2004-2007,SD1,缓存精确继承,https://www.volvocars.com/nl/media/press-releases/35B7774D0028C316/
US,Volvo S40 Sedan 2008-2011,SD1,缓存精确继承,https://www.volvocars.com/nl/media/press-releases/35B7774D0028C316/
US,Volvo S60 Sedan 2001-2002,SD1,缓存精确继承,https://www.volvocars.com/us/media/models/s60gen1/2000/
US,Volvo S60 Sedan 2003-2009,SD1,缓存精确继承,https://www.volvocars.com/us/media/models/s60gen1/2000/
US,Volvo S60 Sedan 2011,SD1,缓存精确继承,https://www.volvocars.com/us/media/models/s60gen1/2000/
US,Volvo S60 Sedan 2012-2018,SD1,缓存精确继承,https://www.volvocars.com/us/media/models/s60gen1/2000/
US,Volvo S60 Sedan 2019-2025,SD1,缓存精确继承,https://www.volvocars.com/us/media/models/s60gen1/2000/
US,Volvo S70 Sedan 1998-2000,SD1,缓存精确继承,https://www.volvocars.com/us/media/models/s70/1996/
US,Volvo S80 Sedan 1999-2004,SD1,缓存精确继承,https://www.volvocars.com/us/media/models/s80/1998/
US,Volvo S80 Sedan 2005-2006,SD1,缓存精确继承,https://www.volvocars.com/us/media/models/s80/1998/
US,Volvo S80 Sedan 2007-2016,SD1,缓存精确继承,https://www.volvocars.com/us/media/models/s80/1998/
US,Volvo S90 Sedan 1997-1998,SD1,缓存精确继承,https://mb.cision.com/Main/23622/4199527/3565980.pdf
US,Volvo S90 Sedan 2017,SD1,缓存精确继承,https://www.volvocars.com/us/cars/s90/
US,Volvo S90 Sedan 2021-2025,SD1,缓存精确继承,https://www.volvocars.com/us/cars/s90/
US,Volvo V40 Wagon 2000,H2,缓存精确继承,https://www.volvocars.com/uk/cars/legacy-models/v40-generation-1/
US,Volvo V40 Wagon 2001,H2,缓存精确继承,https://www.volvocars.com/uk/cars/legacy-models/v40-generation-1/
US,Volvo V40 Wagon 2002-2003,H2,缓存精确继承,https://www.volvocars.com/uk/cars/legacy-models/v40-generation-1/
US,Volvo V40 Wagon 2004,H2,缓存精确继承,https://www.volvocars.com/uk/cars/legacy-models/v40-generation-1/
US,Volvo V50 Wagon 2005-2007,H2,缓存精确继承,https://www.media.volvocars.com/us/en-us/media/pressreleases/1762/
US,Volvo V50 Wagon 2008-2009,H2,缓存精确继承,https://www.media.volvocars.com/us/en-us/media/pressreleases/1762/
US,Volvo V60 Cross Country Wagon 2015-2018,H2,缓存精确继承,https://www.volvocars.com/us/cars/wagon/
US,Volvo V60 Wagon 2019-2026,H2,缓存精确继承,https://www.volvocars.com/us/cars/wagon/
US,Volvo V70 Hatchback 2001-2007,H0,缓存精确继承,https://www.media.volvocars.com/uk/en-gb/models/v70-2008-2016/2010
US,Volvo V70 Hatchback 2008-2010,H0,缓存精确继承,https://www.media.volvocars.com/uk/en-gb/models/v70-2008-2016/2010
US,Volvo V70 Wagon 1998-2000,H3,缓存精确继承,https://www.media.volvocars.com/uk/en-gb/models/v70-2008-2016/2010
US,Volvo V70 XC Wagon 1998-2000,H3,缓存精确继承,https://www.media.volvocars.com/uk/en-gb/models/v70-2008-2016/2010
US,Volvo V90 Cross Country Wagon 2017-2026,H2,缓存精确继承,https://www.volvocars.com/us/cars/v90-cross-country/
US,Volvo V90 Wagon 1997-1998,H3,缓存精确继承,https://www.volvocars.com/intl/media/press-releases/
US,Volvo XC40 SUV 2019,SU1,缓存精确继承,https://www.volvocars.com/us/cars/xc40/
US,Volvo XC40 SUV 2020-2025,SU1,缓存精确继承,https://www.volvocars.com/us/cars/xc40/
US,Volvo XC60 SUV 2010-2017,SU1,缓存精确继承,https://www.volvocars.com/us/cars/xc60/
US,Volvo XC60 SUV 2018-2022,SU1,缓存精确继承,https://www.volvocars.com/us/cars/xc60/
US,Volvo XC60 SUV 2023-2026,SU1,缓存精确继承,https://www.volvocars.com/us/cars/xc60/
US,Volvo XC70 Wagon 2003-2007,H2,缓存精确继承,https://www.volvocars.com/uk/media/models/xc70heritage/2002/
US,Volvo XC70 Wagon 2008-2016,H2,缓存精确继承,https://www.volvocars.com/uk/media/models/xc70heritage/2002/
US,Volvo XC90 SUV 2003,SU1,缓存精确继承,https://www.volvocars.com/intl/media/models/xc90gen1/2002/
US,Volvo XC90 SUV 2004-2014,SU1,缓存精确继承,https://www.volvocars.com/intl/media/models/xc90gen1/2002/
US,Volvo XC90 SUV 2016-2026,SU1,缓存精确继承,https://www.volvocars.com/intl/media/models/xc90/2016/
EU,Alfa Romeo Gt 105 Coupe 1968-1971,SD0,缓存精确继承,https://www.media.stellantis.com/em-en/alfa-romeo/press/alfa-gt-4
EU,Alfa Romeo Gt 105.02 Coupe 1963-1966,SD0,缓存精确继承,https://www.media.stellantis.com/em-en/alfa-romeo/press/alfa-gt-4
EU,Alfa Romeo Gt 105.21 Coupe 1971-1977,SD0,缓存精确继承,https://www.media.stellantis.com/em-en/alfa-romeo/press/alfa-gt-4
EU,Alfa Romeo Gt 105.30 Coupe 1966-1977,SD0,缓存精确继承,https://www.media.stellantis.com/em-en/alfa-romeo/press/alfa-gt-4
EU,Alfa Romeo Gt 105.32 Coupe 1965-1970,SD0,缓存精确继承,https://www.media.stellantis.com/em-en/alfa-romeo/press/alfa-gt-4
EU,Alfa Romeo Gt 105.36 Coupe 1966-1968,SD0,缓存精确继承,https://www.media.stellantis.com/em-en/alfa-romeo/press/alfa-gt-4
EU,Alfa Romeo Gt 105.44 Coupe 1967-1972,SD0,缓存精确继承,https://www.media.stellantis.com/em-en/alfa-romeo/press/alfa-gt-4
EU,Alfa Romeo Gt 115.03 Coupe 1971-1977,SD0,缓存精确继承,https://www.media.stellantis.com/em-en/alfa-romeo/press/alfa-gt-4
EU,Alfa Romeo Gt 115.03 Coupe 1972-1977,SD0,缓存精确继承,https://www.media.stellantis.com/em-en/alfa-romeo/press/alfa-gt-4
EU,Alfa Romeo Gt 115.34 Coupe 1971-1977,SD0,缓存精确继承,https://www.media.stellantis.com/em-en/alfa-romeo/press/alfa-gt-4
EU,Alfa Romeo Gt 115.34 Coupe 1972-1977,SD0,缓存精确继承,https://www.media.stellantis.com/em-en/alfa-romeo/press/alfa-gt-4
EU,Alfa Romeo Gt 937 Coupe 2006-2010,SD0,缓存精确继承,https://www.media.stellantis.com/em-en/alfa-romeo/press/alfa-gt-4
EU,Alfa Romeo Gt 937 Coupe 2008-2010,SD0,缓存精确继承,https://www.media.stellantis.com/em-en/alfa-romeo/press/alfa-gt-4
EU,Alfa Romeo Gt 937 GT (937) L4489 W1763 H1355 Coupe 2003-2010,SD0,缓存精确继承,https://www.media.stellantis.com/em-en/alfa-romeo/press/alfa-gt-4
EU,Alfa Romeo Gt 937 GT (937) L4489 W1763 H1362 Coupe 2003-2010,SD0,缓存精确继承,https://www.media.stellantis.com/em-en/alfa-romeo/press/alfa-gt-4
EU,Alfa Romeo Gt 937 GT (937) L4489 W1763 H1366 Coupe 2003-2010,SD0,缓存精确继承,https://www.media.stellantis.com/em-en/alfa-romeo/press/alfa-gt-4
EU,Alfa Romeo Gtv 116 Alfetta GT/GTV facelift Coupe 1978-1986,SD0,缓存精确继承,https://www.media.stellantis.com/uk-en/alfa-romeo/press/alfa-spider-and-gtv
EU,Alfa Romeo Gtv 116 Alfetta GT/GTV prefl Coupe 1978-1986,SD0,缓存精确继承,https://www.media.stellantis.com/uk-en/alfa-romeo/press/alfa-spider-and-gtv
EU,Alfa Romeo Gtv 116 Coupe 1978-1980,SD0,缓存精确继承,https://www.media.stellantis.com/uk-en/alfa-romeo/press/alfa-spider-and-gtv
EU,Alfa Romeo Gtv 116 Coupe 1980-1987,SD0,缓存精确继承,https://www.media.stellantis.com/uk-en/alfa-romeo/press/alfa-spider-and-gtv
EU,Alfa Romeo Gtv 116 Coupe 1985-1985,SD0,缓存精确继承,https://www.media.stellantis.com/uk-en/alfa-romeo/press/alfa-spider-and-gtv
EU,Alfa Romeo Gtv 916 Coupe 1995-1998,SD0,缓存精确继承,https://www.media.stellantis.com/uk-en/alfa-romeo/press/alfa-spider-and-gtv
EU,Alfa Romeo Gtv 916 Coupe 1997-2003,SD0,缓存精确继承,https://www.media.stellantis.com/uk-en/alfa-romeo/press/alfa-spider-and-gtv
EU,Alfa Romeo Gtv 916 Coupe 2000-2005,SD0,缓存精确继承,https://www.media.stellantis.com/uk-en/alfa-romeo/press/alfa-spider-and-gtv
EU,Alfa Romeo Gtv 916 Coupe 2003-2005,SD0,缓存精确继承,https://www.media.stellantis.com/uk-en/alfa-romeo/press/alfa-spider-and-gtv
EU,Alfa Romeo Gtv 916 GTV (916) facelift Coupe 1995-2005,SD0,缓存精确继承,https://www.media.stellantis.com/uk-en/alfa-romeo/press/alfa-spider-and-gtv
EU,Alfa Romeo Gtv 916 GTV (916) prefl Coupe 1995-2005,SD0,缓存精确继承,https://www.media.stellantis.com/uk-en/alfa-romeo/press/alfa-spider-and-gtv
EU,Alfa Romeo Gtv 916 GTV 916 facelift Coupe 1996-2000,SD0,缓存精确继承,https://www.media.stellantis.com/uk-en/alfa-romeo/press/alfa-spider-and-gtv
EU,Alfa Romeo Gtv 916 GTV 916 facelift Coupe 1998-2005,SD0,缓存精确继承,https://www.media.stellantis.com/uk-en/alfa-romeo/press/alfa-spider-and-gtv
EU,Alfa Romeo Gtv 916 GTV 916 prefl Coupe 1996-2000,SD0,缓存精确继承,https://www.media.stellantis.com/uk-en/alfa-romeo/press/alfa-spider-and-gtv
EU,Alfa Romeo Gtv 916 GTV 916 prefl Coupe 1998-2005,SD0,缓存精确继承,https://www.media.stellantis.com/uk-en/alfa-romeo/press/alfa-spider-and-gtv
EU,Alfa Romeo Spider 102 Convertible 1958-1961,SD0,缓存精确继承,https://www.media.stellantis.com/uk-en/alfa-romeo/press/alfa-romeo-roads-of-emotion-at-retromobile-2026
EU,Alfa Romeo Spider 102.04 Convertible 1958-1961,SD0,缓存精确继承,https://www.media.stellantis.com/uk-en/alfa-romeo/press/alfa-romeo-roads-of-emotion-at-retromobile-2026
EU,Alfa Romeo Spider 105 Convertible 1966-1968,SD0,缓存精确继承,https://www.media.stellantis.com/uk-en/alfa-romeo/press/alfa-romeo-roads-of-emotion-at-retromobile-2026
EU,Alfa Romeo Spider 105 Convertible 1967-1971,SD0,缓存精确继承,https://www.media.stellantis.com/uk-en/alfa-romeo/press/alfa-romeo-roads-of-emotion-at-retromobile-2026
EU,Alfa Romeo Spider 105 Convertible 1968-1977,SD0,缓存精确继承,https://www.media.stellantis.com/uk-en/alfa-romeo/press/alfa-romeo-roads-of-emotion-at-retromobile-2026
EU,Alfa Romeo Spider 115 Convertible 1967-1971,SD0,缓存精确继承,https://www.media.stellantis.com/uk-en/alfa-romeo/press/alfa-romeo-roads-of-emotion-at-retromobile-2026
EU,Alfa Romeo Spider 115 Convertible 1968-1977,SD0,缓存精确继承,https://www.media.stellantis.com/uk-en/alfa-romeo/press/alfa-romeo-roads-of-emotion-at-retromobile-2026
EU,Alfa Romeo Spider 115 Convertible 1971-1977,SD0,缓存精确继承,https://www.media.stellantis.com/uk-en/alfa-romeo/press/alfa-romeo-roads-of-emotion-at-retromobile-2026
EU,Alfa Romeo Spider 115 Convertible 1971-1979,SD0,缓存精确继承,https://www.media.stellantis.com/uk-en/alfa-romeo/press/alfa-romeo-roads-of-emotion-at-retromobile-2026
EU,Alfa Romeo Spider 115 Convertible 1974-1984,SD0,缓存精确继承,https://www.media.stellantis.com/uk-en/alfa-romeo/press/alfa-romeo-roads-of-emotion-at-retromobile-2026
EU,Alfa Romeo Spider 115 Convertible 1986-1990,SD0,缓存精确继承,https://www.media.stellantis.com/uk-en/alfa-romeo/press/alfa-romeo-roads-of-emotion-at-retromobile-2026
EU,Alfa Romeo Spider 115 Convertible 1990-1993,SD0,缓存精确继承,https://www.media.stellantis.com/uk-en/alfa-romeo/press/alfa-romeo-roads-of-emotion-at-retromobile-2026
EU,Alfa Romeo Spider 115 Spider (115 Series 2) Convertible 1975-1986,SD0,缓存精确继承,https://www.media.stellantis.com/uk-en/alfa-romeo/press/alfa-romeo-roads-of-emotion-at-retromobile-2026
EU,Alfa Romeo Spider 115 Spider (115 Series 2) Convertible 1980-1989,SD0,缓存精确继承,https://www.media.stellantis.com/uk-en/alfa-romeo/press/alfa-romeo-roads-of-emotion-at-retromobile-2026
EU,Alfa Romeo Spider 115 Spider (115 Series 3) Convertible 1975-1986,SD0,缓存精确继承,https://www.media.stellantis.com/uk-en/alfa-romeo/press/alfa-romeo-roads-of-emotion-at-retromobile-2026
EU,Alfa Romeo Spider 115 Spider (115 Series 3) Convertible 1980-1989,SD0,缓存精确继承,https://www.media.stellantis.com/uk-en/alfa-romeo/press/alfa-romeo-roads-of-emotion-at-retromobile-2026
EU,Alfa Romeo Spider 115 Spider (115 Series 3) Convertible 1989-1990,SD0,缓存精确继承,https://www.media.stellantis.com/uk-en/alfa-romeo/press/alfa-romeo-roads-of-emotion-at-retromobile-2026
EU,Alfa Romeo Spider 115 Spider (115 Series 4) Convertible 1989-1990,SD0,缓存精确继承,https://www.media.stellantis.com/uk-en/alfa-romeo/press/alfa-romeo-roads-of-emotion-at-retromobile-2026
EU,Alfa Romeo Spider 115 Spider Series 2 Convertible 1976-1990,SD0,缓存精确继承,https://www.media.stellantis.com/uk-en/alfa-romeo/press/alfa-romeo-roads-of-emotion-at-retromobile-2026
EU,Alfa Romeo Spider 115 Spider Series 2 Convertible 1977-1993,SD0,缓存精确继承,https://www.media.stellantis.com/uk-en/alfa-romeo/press/alfa-romeo-roads-of-emotion-at-retromobile-2026
EU,Alfa Romeo Spider 115 Spider Series 3 Aerodinamica Convertible 1976-1990,SD0,缓存精确继承,https://www.media.stellantis.com/uk-en/alfa-romeo/press/alfa-romeo-roads-of-emotion-at-retromobile-2026
EU,Alfa Romeo Spider 115 Spider Series 3 Aerodinamica Convertible 1977-1993,SD0,缓存精确继承,https://www.media.stellantis.com/uk-en/alfa-romeo/press/alfa-romeo-roads-of-emotion-at-retromobile-2026
EU,Alfa Romeo Spider 115 Spider Series 4 Convertible 1977-1993,SD0,缓存精确继承,https://www.media.stellantis.com/uk-en/alfa-romeo/press/alfa-romeo-roads-of-emotion-at-retromobile-2026
EU,Alfa Romeo Spider 916 Convertible 1994-2005,SD0,缓存精确继承,https://www.media.stellantis.com/uk-en/alfa-romeo/press/alfa-romeo-roads-of-emotion-at-retromobile-2026
EU,Alfa Romeo Spider 916 Convertible 1995-1998,SD0,缓存精确继承,https://www.media.stellantis.com/uk-en/alfa-romeo/press/alfa-romeo-roads-of-emotion-at-retromobile-2026
EU,Alfa Romeo Spider 916 Convertible 1998-2000,SD0,缓存精确继承,https://www.media.stellantis.com/uk-en/alfa-romeo/press/alfa-romeo-roads-of-emotion-at-retromobile-2026
EU,Alfa Romeo Spider 916 Convertible 1999-2003,SD0,缓存精确继承,https://www.media.stellantis.com/uk-en/alfa-romeo/press/alfa-romeo-roads-of-emotion-at-retromobile-2026
EU,Alfa Romeo Spider 916 Convertible 2003-2005,SD0,缓存精确继承,https://www.media.stellantis.com/uk-en/alfa-romeo/press/alfa-romeo-roads-of-emotion-at-retromobile-2026
EU,Alfa Romeo Spider 916 Spider (916) facelift Convertible 1995-2005,SD0,缓存精确继承,https://www.media.stellantis.com/uk-en/alfa-romeo/press/alfa-romeo-roads-of-emotion-at-retromobile-2026
EU,Alfa Romeo Spider 916 Spider (916) prefl Convertible 1995-2005,SD0,缓存精确继承,https://www.media.stellantis.com/uk-en/alfa-romeo/press/alfa-romeo-roads-of-emotion-at-retromobile-2026
EU,Alfa Romeo Spider 916 Spider 916 facelift Convertible 1998-2005,SD0,缓存精确继承,https://www.media.stellantis.com/uk-en/alfa-romeo/press/alfa-romeo-roads-of-emotion-at-retromobile-2026
EU,Alfa Romeo Spider 916 Spider 916 prefl Convertible 1998-2005,SD0,缓存精确继承,https://www.media.stellantis.com/uk-en/alfa-romeo/press/alfa-romeo-roads-of-emotion-at-retromobile-2026
EU,Alfa Romeo Spider 939 Convertible 2006-2011,SD0,缓存精确继承,https://www.media.stellantis.com/uk-en/alfa-romeo/press/alfa-romeo-roads-of-emotion-at-retromobile-2026
EU,Alfa Romeo Spider 939 Convertible 2008-2011,SD0,缓存精确继承,https://www.media.stellantis.com/uk-en/alfa-romeo/press/alfa-romeo-roads-of-emotion-at-retromobile-2026
EU,Alfa Romeo Spider 939 Convertible 2009-2010,SD0,缓存精确继承,https://www.media.stellantis.com/uk-en/alfa-romeo/press/alfa-romeo-roads-of-emotion-at-retromobile-2026
EU,Alfa Romeo Spider 939 Convertible 2009-2011,SD0,缓存精确继承,https://www.media.stellantis.com/uk-en/alfa-romeo/press/alfa-romeo-roads-of-emotion-at-retromobile-2026
EU,Audi 90 81 Sedan 1984-1987,SD1,缓存精确继承,https://www.audi-mediacenter.com/en/publications/more/audi-anniversary-dates-2021-1016/download
EU,Audi 90 81 Sedan 1985-1987,SD1,缓存精确继承,https://www.audi-mediacenter.com/en/publications/more/audi-anniversary-dates-2021-1016/download
EU,Audi 90 81 Sedan 1986-1987,SD1,缓存精确继承,https://www.audi-mediacenter.com/en/publications/more/audi-anniversary-dates-2021-1016/download
EU,Audi 90 85 Sedan 1984-1987,SD1,缓存精确继承,https://www.audi-mediacenter.com/en/publications/more/audi-anniversary-dates-2021-1016/download
EU,Audi 90 85 Sedan 1985-1987,SD1,缓存精确继承,https://www.audi-mediacenter.com/en/publications/more/audi-anniversary-dates-2021-1016/download
EU,Audi 90 89 Audi 90 B3 L4393 W1695 H1371 Sedan 1988-1991,SD1,缓存精确继承,https://www.audi-mediacenter.com/en/publications/more/audi-anniversary-dates-2021-1016/download
EU,Audi 90 89 Audi 90 B3 L4393 W1695 H1372 Sedan 1988-1991,SD1,缓存精确继承,https://www.audi-mediacenter.com/en/publications/more/audi-anniversary-dates-2021-1016/download
EU,Audi 90 89 Sedan 1987-1991,SD1,缓存精确继承,https://www.audi-mediacenter.com/en/publications/more/audi-anniversary-dates-2021-1016/download
EU,Audi 90 89 Sedan 1989-1991,SD1,缓存精确继承,https://www.audi-mediacenter.com/en/publications/more/audi-anniversary-dates-2021-1016/download
EU,Audi 90 Audi 90 B3 L4393 W1695 H1397 Sedan 1987-1991,SD1,缓存精确继承,https://www.audi-mediacenter.com/en/publications/more/audi-anniversary-dates-2021-1016/download
EU,Audi 90 Audi 90 B3 L4403 W1695 H1397 Sedan 1987-1991,SD1,缓存精确继承,https://www.audi-mediacenter.com/en/publications/more/audi-anniversary-dates-2021-1016/download
EU,Audi 90 Audi 90 B3 L4403 W1695 H1397 Sedan 1990-1991,SD1,缓存精确继承,https://www.audi-mediacenter.com/en/publications/more/audi-anniversary-dates-2021-1016/download
EU,Audi 90 Audi 90 B3 L4478 W1695 H1397 Sedan 1987-1991,SD1,缓存精确继承,https://www.audi-mediacenter.com/en/publications/more/audi-anniversary-dates-2021-1016/download
EU,Audi 90 Audi 90 B3 L4478 W1695 H1397 Sedan 1990-1991,SD1,缓存精确继承,https://www.audi-mediacenter.com/en/publications/more/audi-anniversary-dates-2021-1016/download
EU,Audi 90 Sedan 1988-1991,SD1,缓存精确继承,https://www.audi-mediacenter.com/en/publications/more/audi-anniversary-dates-2021-1016/download
EU,Audi 90 Typ 85 Sedan 1984-1986,SD1,缓存精确继承,https://www.audi-mediacenter.com/en/publications/more/audi-anniversary-dates-2021-1016/download
EU,Audi 90 Typ 89 Sedan 1989-1991,SD1,缓存精确继承,https://www.audi-mediacenter.com/en/publications/more/audi-anniversary-dates-2021-1016/download
EU,Audi A4 b8 8K2 A4 B8 Facelift Sedan 2007-2015,SD1,缓存精确继承,https://press.audi.co.uk/assets/documents/original/13843-AudiUK00000124A4A4allroadandS4Saloon.pdf
EU,Audi A4 b8 8K2 A4 B8 Facelift Sedan 2008-2015,SD1,缓存精确继承,https://press.audi.co.uk/assets/documents/original/13843-AudiUK00000124A4A4allroadandS4Saloon.pdf
EU,Audi A4 b8 8K2 A4 B8 Sedan 2007-2015,SD1,缓存精确继承,https://press.audi.co.uk/assets/documents/original/13843-AudiUK00000124A4A4allroadandS4Saloon.pdf
EU,Audi A4 b8 8K2 A4 B8 Sedan 2008-2015,SD1,缓存精确继承,https://press.audi.co.uk/assets/documents/original/13843-AudiUK00000124A4A4allroadandS4Saloon.pdf
EU,Audi A4 b8 8K2 A4 B8 facelift Sedan 2008-2013,SD1,缓存精确继承,https://press.audi.co.uk/assets/documents/original/13843-AudiUK00000124A4A4allroadandS4Saloon.pdf
EU,Audi A4 b8 8K2 A4 B8 facelift Sedan 2009-2012,SD1,缓存精确继承,https://press.audi.co.uk/assets/documents/original/13843-AudiUK00000124A4A4allroadandS4Saloon.pdf
EU,Audi A4 b8 8K2 A4 B8 facelift Sedan 2009-2015,SD1,缓存精确继承,https://press.audi.co.uk/assets/documents/original/13843-AudiUK00000124A4A4allroadandS4Saloon.pdf
EU,Audi A4 b8 8K2 A4 B8 prefl Sedan 2008-2013,SD1,缓存精确继承,https://press.audi.co.uk/assets/documents/original/13843-AudiUK00000124A4A4allroadandS4Saloon.pdf
EU,Audi A4 b8 8K2 A4 B8 prefl Sedan 2009-2012,SD1,缓存精确继承,https://press.audi.co.uk/assets/documents/original/13843-AudiUK00000124A4A4allroadandS4Saloon.pdf
EU,Audi A4 b8 8K2 A4 B8 prefl Sedan 2009-2015,SD1,缓存精确继承,https://press.audi.co.uk/assets/documents/original/13843-AudiUK00000124A4A4allroadandS4Saloon.pdf
EU,Audi A4 b8 8K2 Sedan 2007-2012,SD1,缓存精确继承,https://press.audi.co.uk/assets/documents/original/13843-AudiUK00000124A4A4allroadandS4Saloon.pdf
EU,Audi A4 b8 8K2 Sedan 2008-2010,SD1,缓存精确继承,https://press.audi.co.uk/assets/documents/original/13843-AudiUK00000124A4A4allroadandS4Saloon.pdf
EU,Audi A4 b8 8K2 Sedan 2008-2012,SD1,缓存精确继承,https://press.audi.co.uk/assets/documents/original/13843-AudiUK00000124A4A4allroadandS4Saloon.pdf
EU,Audi A4 b8 8K2 Sedan 2011-2015,SD1,缓存精确继承,https://press.audi.co.uk/assets/documents/original/13843-AudiUK00000124A4A4allroadandS4Saloon.pdf
EU,Audi A4 b8 8K2 Sedan 2012-2015,SD1,缓存精确继承,https://press.audi.co.uk/assets/documents/original/13843-AudiUK00000124A4A4allroadandS4Saloon.pdf
EU,Audi A4 b8 8K2 Sedan 2013-2015,SD1,缓存精确继承,https://press.audi.co.uk/assets/documents/original/13843-AudiUK00000124A4A4allroadandS4Saloon.pdf
EU,Audi A4 b9 8W2 A4 B9 2018 update Sedan 2019-2026,SD1,缓存精确继承,https://www.audi-mediacenter.com/en/the-audi-a4-major-upgrade-for-the-bestseller-2019-11884/download
EU,Audi A4 b9 8W2 A4 B9 Sedan 2020-2026,SD1,缓存精确继承,https://www.audi-mediacenter.com/en/the-audi-a4-major-upgrade-for-the-bestseller-2019-11884/download
EU,Audi A4 b9 8W2 A4 B9 facelift 2018 Sedan 2016-2019,SD1,缓存精确继承,https://www.audi-mediacenter.com/en/the-audi-a4-major-upgrade-for-the-bestseller-2019-11884/download
EU,Audi A4 b9 8W2 A4 B9 facelift 2019 Sedan 2016-2019,SD1,缓存精确继承,https://www.audi-mediacenter.com/en/the-audi-a4-major-upgrade-for-the-bestseller-2019-11884/download
EU,Audi A4 b9 8W2 A4 B9 facelift Sedan 2015-2020,SD1,缓存精确继承,https://www.audi-mediacenter.com/en/the-audi-a4-major-upgrade-for-the-bestseller-2019-11884/download
EU,Audi A4 b9 8W2 A4 B9 facelift Sedan 2015-2026,SD1,缓存精确继承,https://www.audi-mediacenter.com/en/the-audi-a4-major-upgrade-for-the-bestseller-2019-11884/download
EU,Audi A4 b9 8W2 A4 B9 facelift Sedan 2018-2019,SD1,缓存精确继承,https://www.audi-mediacenter.com/en/the-audi-a4-major-upgrade-for-the-bestseller-2019-11884/download
EU,Audi A4 b9 8W2 A4 B9 facelift Sedan 2018-2020,SD1,缓存精确继承,https://www.audi-mediacenter.com/en/the-audi-a4-major-upgrade-for-the-bestseller-2019-11884/download
EU,Audi A4 b9 8W2 A4 B9 facelift Sedan 2020-2026,SD1,缓存精确继承,https://www.audi-mediacenter.com/en/the-audi-a4-major-upgrade-for-the-bestseller-2019-11884/download
EU,Audi A4 b9 8W2 A4 B9 facelift sport Sedan 2019-2026,SD1,缓存精确继承,https://www.audi-mediacenter.com/en/the-audi-a4-major-upgrade-for-the-bestseller-2019-11884/download
EU,Audi A4 b9 8W2 A4 B9 facelift std Sedan 2019-2026,SD1,缓存精确继承,https://www.audi-mediacenter.com/en/the-audi-a4-major-upgrade-for-the-bestseller-2019-11884/download
EU,Audi A4 b9 8W2 A4 B9 prefl Sedan 2015-2020,SD1,缓存精确继承,https://www.audi-mediacenter.com/en/the-audi-a4-major-upgrade-for-the-bestseller-2019-11884/download
EU,Audi A4 b9 8W2 A4 B9 prefl Sedan 2015-2026,SD1,缓存精确继承,https://www.audi-mediacenter.com/en/the-audi-a4-major-upgrade-for-the-bestseller-2019-11884/download
EU,Audi A4 b9 8W2 A4 B9 prefl Sedan 2018-2019,SD1,缓存精确继承,https://www.audi-mediacenter.com/en/the-audi-a4-major-upgrade-for-the-bestseller-2019-11884/download
EU,Audi A4 b9 8W2 A4 B9 prefl Sedan 2018-2020,SD1,缓存精确继承,https://www.audi-mediacenter.com/en/the-audi-a4-major-upgrade-for-the-bestseller-2019-11884/download
EU,Audi A4 b9 8W2 Audi A4 B9 Sedan 2016-2019,SD1,缓存精确继承,https://www.audi-mediacenter.com/en/the-audi-a4-major-upgrade-for-the-bestseller-2019-11884/download
EU,Audi A4 b9 8W2 Sedan 2015-2018,SD1,缓存精确继承,https://www.audi-mediacenter.com/en/the-audi-a4-major-upgrade-for-the-bestseller-2019-11884/download
EU,Audi A4 b9 8W2 Sedan 2015-2019,SD1,缓存精确继承,https://www.audi-mediacenter.com/en/the-audi-a4-major-upgrade-for-the-bestseller-2019-11884/download
EU,Audi A4 b9 8W2 Sedan 2016-2026,SD1,缓存精确继承,https://www.audi-mediacenter.com/en/the-audi-a4-major-upgrade-for-the-bestseller-2019-11884/download
EU,Audi A4 b9 8W2 Sedan 2017-2019,SD1,缓存精确继承,https://www.audi-mediacenter.com/en/the-audi-a4-major-upgrade-for-the-bestseller-2019-11884/download
EU,Audi A4 b9 8W2 Sedan 2017-2026,SD1,缓存精确继承,https://www.audi-mediacenter.com/en/the-audi-a4-major-upgrade-for-the-bestseller-2019-11884/download
EU,Audi A4 b9 8W2 Sedan 2018-2026,SD1,缓存精确继承,https://www.audi-mediacenter.com/en/the-audi-a4-major-upgrade-for-the-bestseller-2019-11884/download
EU,Audi A4 b9 8W2 Sedan 2021-2026,SD1,缓存精确继承,https://www.audi-mediacenter.com/en/the-audi-a4-major-upgrade-for-the-bestseller-2019-11884/download
EU,Audi A4 b9 avant 8W5 A4 B9 Avant facelift sport Wagon 2019-2026,H2,缓存精确继承,https://www.audi-mediacenter.com/en/the-audi-a4-major-upgrade-for-the-bestseller-11884/download
EU,Audi A4 b9 avant 8W5 A4 B9 Avant facelift std Wagon 2019-2026,H2,缓存精确继承,https://www.audi-mediacenter.com/en/the-audi-a4-major-upgrade-for-the-bestseller-11884/download
EU,Audi A4 b9 avant 8W5 A4 B9 Wagon 2016-2026,H2,缓存精确继承,https://www.audi-mediacenter.com/en/the-audi-a4-major-upgrade-for-the-bestseller-11884/download
EU,Audi A4 b9 avant 8W5 A4 B9 Wagon 2018-2019,H2,缓存精确继承,https://www.audi-mediacenter.com/en/the-audi-a4-major-upgrade-for-the-bestseller-11884/download
EU,Audi A4 b9 avant 8W5 A4 B9 Wagon 2020-2026,H2,缓存精确继承,https://www.audi-mediacenter.com/en/the-audi-a4-major-upgrade-for-the-bestseller-11884/download
EU,Audi A4 b9 avant 8W5 A4 B9 facelift 2018 Wagon 2016-2026,H2,缓存精确继承,https://www.audi-mediacenter.com/en/the-audi-a4-major-upgrade-for-the-bestseller-11884/download
EU,Audi A4 b9 avant 8W5 A4 B9 facelift 2018 Wagon 2018-2020,H2,缓存精确继承,https://www.audi-mediacenter.com/en/the-audi-a4-major-upgrade-for-the-bestseller-11884/download
EU,Audi A4 b9 avant 8W5 A4 B9 facelift 2019 Wagon 2016-2026,H2,缓存精确继承,https://www.audi-mediacenter.com/en/the-audi-a4-major-upgrade-for-the-bestseller-11884/download
EU,Audi A4 b9 avant 8W5 A4 B9 facelift 2019 Wagon 2018-2020,H2,缓存精确继承,https://www.audi-mediacenter.com/en/the-audi-a4-major-upgrade-for-the-bestseller-11884/download
EU,Audi A4 b9 avant 8W5 A4 B9 facelift Wagon 2018-2019,H2,缓存精确继承,https://www.audi-mediacenter.com/en/the-audi-a4-major-upgrade-for-the-bestseller-11884/download
EU,Audi A4 b9 avant 8W5 A4 B9 facelift Wagon 2018-2020,H2,缓存精确继承,https://www.audi-mediacenter.com/en/the-audi-a4-major-upgrade-for-the-bestseller-11884/download
EU,Audi A4 b9 avant 8W5 A4 B9 facelift Wagon 2020-2026,H2,缓存精确继承,https://www.audi-mediacenter.com/en/the-audi-a4-major-upgrade-for-the-bestseller-11884/download
EU,Audi A4 b9 avant 8W5 A4 B9 pre-facelift Wagon 2016-2026,H2,缓存精确继承,https://www.audi-mediacenter.com/en/the-audi-a4-major-upgrade-for-the-bestseller-11884/download
EU,Audi A4 b9 avant 8W5 A4 B9 prefl Wagon 2018-2020,H2,缓存精确继承,https://www.audi-mediacenter.com/en/the-audi-a4-major-upgrade-for-the-bestseller-11884/download
EU,Audi A4 b9 avant 8W5 Wagon 2015-2018,H2,缓存精确继承,https://www.audi-mediacenter.com/en/the-audi-a4-major-upgrade-for-the-bestseller-11884/download
EU,Audi A4 b9 avant 8W5 Wagon 2015-2019,H2,缓存精确继承,https://www.audi-mediacenter.com/en/the-audi-a4-major-upgrade-for-the-bestseller-11884/download
EU,Audi A4 b9 avant 8W5 Wagon 2015-2026,H2,缓存精确继承,https://www.audi-mediacenter.com/en/the-audi-a4-major-upgrade-for-the-bestseller-11884/download
EU,Audi A4 b9 avant 8W5 Wagon 2016-2018,H2,缓存精确继承,https://www.audi-mediacenter.com/en/the-audi-a4-major-upgrade-for-the-bestseller-11884/download
EU,Audi A4 b9 avant 8W5 Wagon 2016-2019,H2,缓存精确继承,https://www.audi-mediacenter.com/en/the-audi-a4-major-upgrade-for-the-bestseller-11884/download
EU,Audi A4 b9 avant 8W5 Wagon 2017-2018,H2,缓存精确继承,https://www.audi-mediacenter.com/en/the-audi-a4-major-upgrade-for-the-bestseller-11884/download
EU,Audi A4 b9 avant 8W5 Wagon 2017-2019,H2,缓存精确继承,https://www.audi-mediacenter.com/en/the-audi-a4-major-upgrade-for-the-bestseller-11884/download
EU,Audi A4 b9 avant 8W5 Wagon 2017-2026,H2,缓存精确继承,https://www.audi-mediacenter.com/en/the-audi-a4-major-upgrade-for-the-bestseller-11884/download
EU,Audi A4 b9 avant 8W5 Wagon 2018-2026,H2,缓存精确继承,https://www.audi-mediacenter.com/en/the-audi-a4-major-upgrade-for-the-bestseller-11884/download
EU,Audi A4 b9 avant 8W5 Wagon 2021-2026,H2,缓存精确继承,https://www.audi-mediacenter.com/en/the-audi-a4-major-upgrade-for-the-bestseller-11884/download
EU,Audi A4 b9 avant 8W5 Wagon 2024-2024,H2,缓存精确继承,https://www.audi-mediacenter.com/en/the-audi-a4-major-upgrade-for-the-bestseller-11884/download
EU,Audi A4 b9 avant B9 Wagon 2017-2026,H2,缓存精确继承,https://www.audi-mediacenter.com/en/the-audi-a4-major-upgrade-for-the-bestseller-11884/download
EU,Audi A6 c5 4B2 A6 C5 L4796 W1810 H1452 Sedan 1999-2005,SD1,缓存精确继承,https://press.audi.co.uk/assets/documents/original/17212-AudiUK00001916A642quattroTechnicalSpecification.pdf
EU,Audi A6 c5 4B2 A6 C5 L4796 W1810 H1453 Sedan 1998-2005,SD1,缓存精确继承,https://press.audi.co.uk/assets/documents/original/17212-AudiUK00001916A642quattroTechnicalSpecification.pdf
EU,Audi A6 c5 4B2 A6 C5 L4796 W1810 H1453 Sedan 2002-2005,SD1,缓存精确继承,https://press.audi.co.uk/assets/documents/original/17212-AudiUK00001916A642quattroTechnicalSpecification.pdf
EU,Audi A6 c5 4B2 A6 C5 L4833 W1850 H1443 Sedan 1999-2005,SD1,缓存精确继承,https://press.audi.co.uk/assets/documents/original/17212-AudiUK00001916A642quattroTechnicalSpecification.pdf
EU,Audi A6 c5 4B2 A6 C5 L4833 W1850 H1453 Sedan 1998-2005,SD1,缓存精确继承,https://press.audi.co.uk/assets/documents/original/17212-AudiUK00001916A642quattroTechnicalSpecification.pdf
EU,Audi A6 c5 4B2 A6 C5 L4833 W1850 H1453 Sedan 1999-2005,SD1,缓存精确继承,https://press.audi.co.uk/assets/documents/original/17212-AudiUK00001916A642quattroTechnicalSpecification.pdf
EU,Audi A6 c5 4B2 A6 C5 L4858 W1850 H1426 Sedan 2002-2005,SD1,缓存精确继承,https://press.audi.co.uk/assets/documents/original/17212-AudiUK00001916A642quattroTechnicalSpecification.pdf
EU,Audi A6 c5 4B2 A6 C5 Sedan 1997-2005,SD1,缓存精确继承,https://press.audi.co.uk/assets/documents/original/17212-AudiUK00001916A642quattroTechnicalSpecification.pdf
EU,Audi A6 c5 4B2 A6 C5 Sedan 2001-2005,SD1,缓存精确继承,https://press.audi.co.uk/assets/documents/original/17212-AudiUK00001916A642quattroTechnicalSpecification.pdf
EU,Audi A6 c5 4B2 A6 C5 facelift Sedan 1997-2005,SD1,缓存精确继承,https://press.audi.co.uk/assets/documents/original/17212-AudiUK00001916A642quattroTechnicalSpecification.pdf
EU,Audi A6 c5 4B2 A6 C5 facelift Sedan 1999-2005,SD1,缓存精确继承,https://press.audi.co.uk/assets/documents/original/17212-AudiUK00001916A642quattroTechnicalSpecification.pdf
EU,Audi A6 c5 4B2 A6 C5 facelift Sedan 2000-2005,SD1,缓存精确继承,https://press.audi.co.uk/assets/documents/original/17212-AudiUK00001916A642quattroTechnicalSpecification.pdf
EU,Audi A6 c5 4B2 A6 C5 prefl Sedan 2000-2005,SD1,缓存精确继承,https://press.audi.co.uk/assets/documents/original/17212-AudiUK00001916A642quattroTechnicalSpecification.pdf
EU,Audi A6 c5 4B2 A6 C5 prefl Sedan 2001-2005,SD1,缓存精确继承,https://press.audi.co.uk/assets/documents/original/17212-AudiUK00001916A642quattroTechnicalSpecification.pdf
EU,Audi A6 c5 4B2 Sedan 1997-2000,SD1,缓存精确继承,https://press.audi.co.uk/assets/documents/original/17212-AudiUK00001916A642quattroTechnicalSpecification.pdf
EU,Audi A6 c5 4B2 Sedan 1998-1999,SD1,缓存精确继承,https://press.audi.co.uk/assets/documents/original/17212-AudiUK00001916A642quattroTechnicalSpecification.pdf
EU,Audi A6 c5 4B2 Sedan 1999-2001,SD1,缓存精确继承,https://press.audi.co.uk/assets/documents/original/17212-AudiUK00001916A642quattroTechnicalSpecification.pdf
EU,Audi A6 c5 4B2 Sedan 2001-2004,SD1,缓存精确继承,https://press.audi.co.uk/assets/documents/original/17212-AudiUK00001916A642quattroTechnicalSpecification.pdf
EU,Audi A6 c5 avant 4B5 A6 C5 L4796 W1810 H1477 Wagon 2002-2005,H2,缓存精确继承,https://press.audi.co.uk/assets/documents/original/17205-AudiUK00001041AudiA6Avant20Technical.pdf
EU,Audi A6 c5 avant 4B5 A6 C5 L4852 W1850 H1430 Wagon 2002-2005,H2,缓存精确继承,https://press.audi.co.uk/assets/documents/original/17205-AudiUK00001041AudiA6Avant20Technical.pdf
EU,Audi A6 c5 avant 4B5 A6 C5 Wagon 1997-2005,H2,缓存精确继承,https://press.audi.co.uk/assets/documents/original/17205-AudiUK00001041AudiA6Avant20Technical.pdf
EU,Audi A6 c5 avant 4B5 A6 C5 Wagon 1998-2005,H2,缓存精确继承,https://press.audi.co.uk/assets/documents/original/17205-AudiUK00001041AudiA6Avant20Technical.pdf
EU,Audi A6 c5 avant 4B5 A6 C5 Wagon 1999-2005,H2,缓存精确继承,https://press.audi.co.uk/assets/documents/original/17205-AudiUK00001041AudiA6Avant20Technical.pdf
EU,Audi A6 c5 avant 4B5 A6 C5 Wagon 2001-2005,H2,缓存精确继承,https://press.audi.co.uk/assets/documents/original/17205-AudiUK00001041AudiA6Avant20Technical.pdf
EU,Audi A6 c5 avant 4B5 A6 C5 facelift Wagon 1997-2005,H2,缓存精确继承,https://press.audi.co.uk/assets/documents/original/17205-AudiUK00001041AudiA6Avant20Technical.pdf
EU,Audi A6 c5 avant 4B5 A6 C5 facelift Wagon 1998-2005,H2,缓存精确继承,https://press.audi.co.uk/assets/documents/original/17205-AudiUK00001041AudiA6Avant20Technical.pdf
EU,Audi A6 c5 avant 4B5 A6 C5 facelift Wagon 1999-2005,H2,缓存精确继承,https://press.audi.co.uk/assets/documents/original/17205-AudiUK00001041AudiA6Avant20Technical.pdf
EU,Audi A6 c5 avant 4B5 A6 C5 facelift Wagon 2000-2005,H2,缓存精确继承,https://press.audi.co.uk/assets/documents/original/17205-AudiUK00001041AudiA6Avant20Technical.pdf
EU,Audi A6 c5 avant 4B5 A6 C5 prefl Wagon 1998-2005,H2,缓存精确继承,https://press.audi.co.uk/assets/documents/original/17205-AudiUK00001041AudiA6Avant20Technical.pdf
EU,Audi A6 c5 avant 4B5 A6 C5 prefl Wagon 1999-2005,H2,缓存精确继承,https://press.audi.co.uk/assets/documents/original/17205-AudiUK00001041AudiA6Avant20Technical.pdf
EU,Audi A6 c5 avant 4B5 A6 C5 prefl Wagon 2000-2005,H2,缓存精确继承,https://press.audi.co.uk/assets/documents/original/17205-AudiUK00001041AudiA6Avant20Technical.pdf
EU,Audi A6 c5 avant 4B5 A6 C5 prefl Wagon 2001-2005,H2,缓存精确继承,https://press.audi.co.uk/assets/documents/original/17205-AudiUK00001041AudiA6Avant20Technical.pdf
EU,Audi A6 c5 avant 4B5 Wagon 1997-2000,H2,缓存精确继承,https://press.audi.co.uk/assets/documents/original/17205-AudiUK00001041AudiA6Avant20Technical.pdf
EU,Audi A6 c5 avant 4B5 Wagon 1998-2001,H2,缓存精确继承,https://press.audi.co.uk/assets/documents/original/17205-AudiUK00001041AudiA6Avant20Technical.pdf
EU,Audi A6 c5 avant 4B5 Wagon 2004-2005,H2,缓存精确继承,https://press.audi.co.uk/assets/documents/original/17205-AudiUK00001041AudiA6Avant20Technical.pdf
EU,Audi A6 c6 4F A6 C6 Sedan 2004-2011,SD1,缓存精确继承,https://press.audi.co.uk/assets/documents/original/17190-AudiUK00000988A632FSITechnicalData.pdf
EU,Audi A6 c6 4F A6 C6 facelift Sedan 2004-2011,SD1,缓存精确继承,https://press.audi.co.uk/assets/documents/original/17190-AudiUK00000988A632FSITechnicalData.pdf
EU,Audi A6 c6 4F Sedan 2006-2011,SD1,缓存精确继承,https://press.audi.co.uk/assets/documents/original/17190-AudiUK00000988A632FSITechnicalData.pdf
EU,Audi A6 c6 4F2 A6 C6 facelift Sedan 2004-2009,SD1,缓存精确继承,https://press.audi.co.uk/assets/documents/original/17190-AudiUK00000988A632FSITechnicalData.pdf
EU,Audi A6 c6 4F2 A6 C6 facelift Sedan 2004-2011,SD1,缓存精确继承,https://press.audi.co.uk/assets/documents/original/17190-AudiUK00000988A632FSITechnicalData.pdf
EU,Audi A6 c6 4F2 A6 C6 facelift Sedan 2005-2011,SD1,缓存精确继承,https://press.audi.co.uk/assets/documents/original/17190-AudiUK00000988A632FSITechnicalData.pdf
EU,Audi A6 c6 4F2 A6 C6 facelift Sedan 2006-2011,SD1,缓存精确继承,https://press.audi.co.uk/assets/documents/original/17190-AudiUK00000988A632FSITechnicalData.pdf
EU,Audi A6 c6 4F2 A6 C6 prefl Sedan 2004-2009,SD1,缓存精确继承,https://press.audi.co.uk/assets/documents/original/17190-AudiUK00000988A632FSITechnicalData.pdf
EU,Audi A6 c6 4F2 A6 C6 prefl Sedan 2004-2011,SD1,缓存精确继承,https://press.audi.co.uk/assets/documents/original/17190-AudiUK00000988A632FSITechnicalData.pdf
EU,Audi A6 c6 4F2 A6 C6 prefl Sedan 2005-2011,SD1,缓存精确继承,https://press.audi.co.uk/assets/documents/original/17190-AudiUK00000988A632FSITechnicalData.pdf
EU,Audi A6 c6 4F2 A6 C6 prefl Sedan 2006-2011,SD1,缓存精确继承,https://press.audi.co.uk/assets/documents/original/17190-AudiUK00000988A632FSITechnicalData.pdf
EU,Audi A6 c6 4F2 Sedan 2004-2006,SD1,缓存精确继承,https://press.audi.co.uk/assets/documents/original/17190-AudiUK00000988A632FSITechnicalData.pdf
EU,Audi A6 c6 4F2 Sedan 2004-2008,SD1,缓存精确继承,https://press.audi.co.uk/assets/documents/original/17190-AudiUK00000988A632FSITechnicalData.pdf
EU,Audi A6 c6 4F2 Sedan 2005-2006,SD1,缓存精确继承,https://press.audi.co.uk/assets/documents/original/17190-AudiUK00000988A632FSITechnicalData.pdf
EU,Audi A6 c6 4F2 Sedan 2005-2008,SD1,缓存精确继承,https://press.audi.co.uk/assets/documents/original/17190-AudiUK00000988A632FSITechnicalData.pdf
EU,Audi A6 c6 4F2 Sedan 2006-2008,SD1,缓存精确继承,https://press.audi.co.uk/assets/documents/original/17190-AudiUK00000988A632FSITechnicalData.pdf
EU,Audi A6 c6 4F2 Sedan 2007-2008,SD1,缓存精确继承,https://press.audi.co.uk/assets/documents/original/17190-AudiUK00000988A632FSITechnicalData.pdf
EU,Audi A6 c6 4F2 Sedan 2008-2010,SD1,缓存精确继承,https://press.audi.co.uk/assets/documents/original/17190-AudiUK00000988A632FSITechnicalData.pdf
EU,Audi A6 c6 4F2 Sedan 2008-2011,SD1,缓存精确继承,https://press.audi.co.uk/assets/documents/original/17190-AudiUK00000988A632FSITechnicalData.pdf
EU,Audi A6 c6 4F2 Sedan 2009-2011,SD1,缓存精确继承,https://press.audi.co.uk/assets/documents/original/17190-AudiUK00000988A632FSITechnicalData.pdf
EU,Audi A6 c6 Sedan 2004-2006,SD1,缓存精确继承,https://press.audi.co.uk/assets/documents/original/17190-AudiUK00000988A632FSITechnicalData.pdf
EU,Audi A6 c6 avant 4F A6 C6 Wagon 2005-2011,H2,缓存精确继承,https://press.audi.co.uk/assets/documents/original/18179-AudiUK00000889A6Avant20TDITechnical.pdf
EU,Audi A6 c6 avant 4F A6 C6 facelift Wagon 2005-2011,H2,缓存精确继承,https://press.audi.co.uk/assets/documents/original/18179-AudiUK00000889A6Avant20TDITechnical.pdf
EU,Audi A6 c6 avant 4F5 A6 C6 facelift L4927 W1855 H1463 Wagon 2006-2011,H2,缓存精确继承,https://press.audi.co.uk/assets/documents/original/18179-AudiUK00000889A6Avant20TDITechnical.pdf
EU,Audi A6 c6 avant 4F5 A6 C6 facelift L4938 W1864 H1446 Wagon 2006-2011,H2,缓存精确继承,https://press.audi.co.uk/assets/documents/original/18179-AudiUK00000889A6Avant20TDITechnical.pdf
EU,Audi A6 c6 avant 4F5 A6 C6 facelift Wagon 2005-2011,H2,缓存精确继承,https://press.audi.co.uk/assets/documents/original/18179-AudiUK00000889A6Avant20TDITechnical.pdf
EU,Audi A6 c6 avant 4F5 A6 C6 prefl L4933 W1855 H1463 Wagon 2006-2011,H2,缓存精确继承,https://press.audi.co.uk/assets/documents/original/18179-AudiUK00000889A6Avant20TDITechnical.pdf
EU,Audi A6 c6 avant 4F5 A6 C6 prefl L4933 W1864 H1453 Wagon 2006-2011,H2,缓存精确继承,https://press.audi.co.uk/assets/documents/original/18179-AudiUK00000889A6Avant20TDITechnical.pdf
EU,Audi A6 c6 avant 4F5 A6 C6 prefl Wagon 2005-2011,H2,缓存精确继承,https://press.audi.co.uk/assets/documents/original/18179-AudiUK00000889A6Avant20TDITechnical.pdf
EU,Audi A6 c6 avant 4F5 Wagon 2004-2008,H2,缓存精确继承,https://press.audi.co.uk/assets/documents/original/18179-AudiUK00000889A6Avant20TDITechnical.pdf
EU,Audi A6 c6 avant 4F5 Wagon 2005-2006,H2,缓存精确继承,https://press.audi.co.uk/assets/documents/original/18179-AudiUK00000889A6Avant20TDITechnical.pdf
EU,Audi A6 c6 avant 4F5 Wagon 2005-2008,H2,缓存精确继承,https://press.audi.co.uk/assets/documents/original/18179-AudiUK00000889A6Avant20TDITechnical.pdf
EU,Audi A6 c6 avant 4F5 Wagon 2006-2008,H2,缓存精确继承,https://press.audi.co.uk/assets/documents/original/18179-AudiUK00000889A6Avant20TDITechnical.pdf
EU,Audi A6 c6 avant 4F5 Wagon 2007-2008,H2,缓存精确继承,https://press.audi.co.uk/assets/documents/original/18179-AudiUK00000889A6Avant20TDITechnical.pdf
EU,Audi A6 c6 avant 4F5 Wagon 2008-2010,H2,缓存精确继承,https://press.audi.co.uk/assets/documents/original/18179-AudiUK00000889A6Avant20TDITechnical.pdf
EU,Audi A6 c6 avant 4F5 Wagon 2008-2011,H2,缓存精确继承,https://press.audi.co.uk/assets/documents/original/18179-AudiUK00000889A6Avant20TDITechnical.pdf
EU,Audi A6 c6 avant 4F5 Wagon 2009-2011,H2,缓存精确继承,https://press.audi.co.uk/assets/documents/original/18179-AudiUK00000889A6Avant20TDITechnical.pdf
EU,Audi A6 c6 avant Wagon 2005-2006,H2,缓存精确继承,https://press.audi.co.uk/assets/documents/original/18179-AudiUK00000889A6Avant20TDITechnical.pdf
EU,Audi A6 c7 4G Sedan 2012-2018,SD1,缓存精确继承,https://press.audi.co.uk/assets/documents/original/17375-AudiUK00000414AudiA6RangeTechnicalData.pdf
EU,Audi A6 c7 4G2 A6 C7 Sedan 2013-2018,SD1,缓存精确继承,https://press.audi.co.uk/assets/documents/original/17375-AudiUK00000414AudiA6RangeTechnicalData.pdf
EU,Audi A6 c7 4G2 A6 C7 prefl Sedan 2013-2018,SD1,缓存精确继承,https://press.audi.co.uk/assets/documents/original/17375-AudiUK00000414AudiA6RangeTechnicalData.pdf
EU,Audi A6 c7 4G2 Sedan 2010-2012,SD1,缓存精确继承,https://press.audi.co.uk/assets/documents/original/17375-AudiUK00000414AudiA6RangeTechnicalData.pdf
EU,Audi A6 c7 4G2 Sedan 2010-2015,SD1,缓存精确继承,https://press.audi.co.uk/assets/documents/original/17375-AudiUK00000414AudiA6RangeTechnicalData.pdf
EU,Audi A6 c7 4G2 Sedan 2010-2018,SD1,缓存精确继承,https://press.audi.co.uk/assets/documents/original/17375-AudiUK00000414AudiA6RangeTechnicalData.pdf
EU,Audi A6 c7 4G2 Sedan 2011-2013,SD1,缓存精确继承,https://press.audi.co.uk/assets/documents/original/17375-AudiUK00000414AudiA6RangeTechnicalData.pdf
EU,Audi A6 c7 4G2 Sedan 2011-2015,SD1,缓存精确继承,https://press.audi.co.uk/assets/documents/original/17375-AudiUK00000414AudiA6RangeTechnicalData.pdf
EU,Audi A6 c7 4G2 Sedan 2011-2018,SD1,缓存精确继承,https://press.audi.co.uk/assets/documents/original/17375-AudiUK00000414AudiA6RangeTechnicalData.pdf
EU,Audi A6 c7 4G2 Sedan 2012-2015,SD1,缓存精确继承,https://press.audi.co.uk/assets/documents/original/17375-AudiUK00000414AudiA6RangeTechnicalData.pdf
EU,Audi A6 c7 4G2 Sedan 2012-2018,SD1,缓存精确继承,https://press.audi.co.uk/assets/documents/original/17375-AudiUK00000414AudiA6RangeTechnicalData.pdf
EU,Audi A6 c7 4G2 Sedan 2014-2018,SD1,缓存精确继承,https://press.audi.co.uk/assets/documents/original/17375-AudiUK00000414AudiA6RangeTechnicalData.pdf
EU,Audi A6 c7 4GC A6 C7 L4931 W1874 H1430 Sedan 2014-2018,SD1,缓存精确继承,https://press.audi.co.uk/assets/documents/original/17375-AudiUK00000414AudiA6RangeTechnicalData.pdf
EU,Audi A6 c7 4GC A6 C7 L4933 W1874 H1455 Sedan 2014-2018,SD1,缓存精确继承,https://press.audi.co.uk/assets/documents/original/17375-AudiUK00000414AudiA6RangeTechnicalData.pdf
EU,Audi A6 c7 4GC Sedan 2011-2015,SD1,缓存精确继承,https://press.audi.co.uk/assets/documents/original/17375-AudiUK00000414AudiA6RangeTechnicalData.pdf
EU,Audi A6 c7 4GC Sedan 2011-2018,SD1,缓存精确继承,https://press.audi.co.uk/assets/documents/original/17375-AudiUK00000414AudiA6RangeTechnicalData.pdf
EU,Audi A6 c7 4GC Sedan 2012-2018,SD1,缓存精确继承,https://press.audi.co.uk/assets/documents/original/17375-AudiUK00000414AudiA6RangeTechnicalData.pdf
EU,Audi A6 c7 4GC Sedan 2013-2018,SD1,缓存精确继承,https://press.audi.co.uk/assets/documents/original/17375-AudiUK00000414AudiA6RangeTechnicalData.pdf
EU,Audi A6 c7 4GC Sedan 2015-2018,SD1,缓存精确继承,https://press.audi.co.uk/assets/documents/original/17375-AudiUK00000414AudiA6RangeTechnicalData.pdf
EU,Audi A6 c7 avant 4G Wagon 2012-2018,H2,缓存精确继承,https://press.audi.co.uk/assets/documents/original/18291-AudiUK00000123A6SaloonandAvantPricing.pdf
EU,Audi A6 c7 avant 4G5 A6 C7 prefl L4926 W1874 H1461 Wagon 2013-2018,H2,缓存精确继承,https://press.audi.co.uk/assets/documents/original/18291-AudiUK00000123A6SaloonandAvantPricing.pdf
EU,Audi A6 c7 avant 4G5 A6 C7 prefl L4979 W1936 H1461 Wagon 2013-2018,H2,缓存精确继承,https://press.audi.co.uk/assets/documents/original/18291-AudiUK00000123A6SaloonandAvantPricing.pdf
EU,Audi A6 c7 avant 4G5 Wagon 2011-2012,H2,缓存精确继承,https://press.audi.co.uk/assets/documents/original/18291-AudiUK00000123A6SaloonandAvantPricing.pdf
EU,Audi A6 c7 avant 4G5 Wagon 2011-2015,H2,缓存精确继承,https://press.audi.co.uk/assets/documents/original/18291-AudiUK00000123A6SaloonandAvantPricing.pdf
EU,Audi A6 c7 avant 4G5 Wagon 2011-2018,H2,缓存精确继承,https://press.audi.co.uk/assets/documents/original/18291-AudiUK00000123A6SaloonandAvantPricing.pdf
EU,Audi A6 c7 avant 4G5 Wagon 2012-2018,H2,缓存精确继承,https://press.audi.co.uk/assets/documents/original/18291-AudiUK00000123A6SaloonandAvantPricing.pdf
EU,Audi A6 c7 avant 4GD A6 C7 L4942 W1874 H1436 Wagon 2014-2018,H2,缓存精确继承,https://press.audi.co.uk/assets/documents/original/18291-AudiUK00000123A6SaloonandAvantPricing.pdf
EU,Audi A6 c7 avant 4GD A6 C7 L4943 W1874 H1461 Wagon 2014-2018,H2,缓存精确继承,https://press.audi.co.uk/assets/documents/original/18291-AudiUK00000123A6SaloonandAvantPricing.pdf
EU,Audi A6 c7 avant 4GD A6 C7 L4943 W1874 H1461 Wagon 2015-2018,H2,缓存精确继承,https://press.audi.co.uk/assets/documents/original/18291-AudiUK00000123A6SaloonandAvantPricing.pdf
EU,Audi A6 c7 avant 4GD A6 C7 L4979 W1936 H1461 Wagon 2015-2018,H2,缓存精确继承,https://press.audi.co.uk/assets/documents/original/18291-AudiUK00000123A6SaloonandAvantPricing.pdf
EU,Audi A6 c7 avant 4GD A6 C7 facelift L4943 W1874 H1461 Wagon 2013-2018,H2,缓存精确继承,https://press.audi.co.uk/assets/documents/original/18291-AudiUK00000123A6SaloonandAvantPricing.pdf
EU,Audi A6 c7 avant 4GD A6 C7 facelift L4979 W1936 H1461 Wagon 2013-2018,H2,缓存精确继承,https://press.audi.co.uk/assets/documents/original/18291-AudiUK00000123A6SaloonandAvantPricing.pdf
EU,Audi A6 c7 avant 4GD Wagon 2011-2015,H2,缓存精确继承,https://press.audi.co.uk/assets/documents/original/18291-AudiUK00000123A6SaloonandAvantPricing.pdf
EU,Audi A6 c7 avant 4GD Wagon 2011-2018,H2,缓存精确继承,https://press.audi.co.uk/assets/documents/original/18291-AudiUK00000123A6SaloonandAvantPricing.pdf
EU,Audi A6 c7 avant 4GD Wagon 2012-2018,H2,缓存精确继承,https://press.audi.co.uk/assets/documents/original/18291-AudiUK00000123A6SaloonandAvantPricing.pdf
EU,Audi A7 sportback 4G8 Hatchback 2010-2015,SD1,缓存精确继承,https://www.audi-mediacenter.com/en/the-audi-a7-sportback-until-2025-progressive-in-design-and-technology-9831/facts-and-figures-9835
EU,Audi A7 sportback 4G8 Hatchback 2012-2015,SD1,缓存精确继承,https://www.audi-mediacenter.com/en/the-audi-a7-sportback-until-2025-progressive-in-design-and-technology-9831/facts-and-figures-9835
EU,Audi A7 sportback 4G8 Hatchback 2013-2018,SD1,缓存精确继承,https://www.audi-mediacenter.com/en/the-audi-a7-sportback-until-2025-progressive-in-design-and-technology-9831/facts-and-figures-9835
EU,Audi A7 sportback 4G8 Hatchback 2014-2018,SD1,缓存精确继承,https://www.audi-mediacenter.com/en/the-audi-a7-sportback-until-2025-progressive-in-design-and-technology-9831/facts-and-figures-9835
EU,Audi A7 sportback 4G8 Hatchback 2015-2018,SD1,缓存精确继承,https://www.audi-mediacenter.com/en/the-audi-a7-sportback-until-2025-progressive-in-design-and-technology-9831/facts-and-figures-9835
EU,Audi A7 sportback 4K8 Hatchback 2017-2026,SD1,缓存精确继承,https://www.audi-mediacenter.com/en/the-audi-a7-sportback-until-2025-progressive-in-design-and-technology-9831/facts-and-figures-9835
EU,Audi A7 sportback 4K8 Hatchback 2018-2026,SD1,缓存精确继承,https://www.audi-mediacenter.com/en/the-audi-a7-sportback-until-2025-progressive-in-design-and-technology-9831/facts-and-figures-9835
EU,Audi A7 sportback 4K8 Hatchback 2020-2026,SD1,缓存精确继承,https://www.audi-mediacenter.com/en/the-audi-a7-sportback-until-2025-progressive-in-design-and-technology-9831/facts-and-figures-9835
EU,Audi A7 sportback 4K8 Hatchback 2023-2026,SD1,缓存精确继承,https://www.audi-mediacenter.com/en/the-audi-a7-sportback-until-2025-progressive-in-design-and-technology-9831/facts-and-figures-9835
EU,Audi A7 sportback 4KA A7 C8 Hatchback 2019-2026,SD1,缓存精确继承,https://www.audi-mediacenter.com/en/the-audi-a7-sportback-until-2025-progressive-in-design-and-technology-9831/facts-and-figures-9835
EU,Audi A7 sportback 4KA A7 C8 L4969 W1908 H1422 Hatchback 2020-2026,SD1,缓存精确继承,https://www.audi-mediacenter.com/en/the-audi-a7-sportback-until-2025-progressive-in-design-and-technology-9831/facts-and-figures-9835
EU,Audi A7 sportback 4KA A7 C8 L4980 W1908 H1417 Hatchback 2020-2026,SD1,缓存精确继承,https://www.audi-mediacenter.com/en/the-audi-a7-sportback-until-2025-progressive-in-design-and-technology-9831/facts-and-figures-9835
EU,Audi A7 sportback 4KA Hatchback 2018-2026,SD1,缓存精确继承,https://www.audi-mediacenter.com/en/the-audi-a7-sportback-until-2025-progressive-in-design-and-technology-9831/facts-and-figures-9835
EU,Audi A7 sportback 4KA Hatchback 2021-2026,SD1,缓存精确继承,https://www.audi-mediacenter.com/en/the-audi-a7-sportback-until-2025-progressive-in-design-and-technology-9831/facts-and-figures-9835
EU,Audi A7 sportback 4KA S7 Sportback C8 Hatchback 2019-2026,SD1,缓存精确继承,https://www.audi-mediacenter.com/en/the-audi-a7-sportback-until-2025-progressive-in-design-and-technology-9831/facts-and-figures-9835
EU,Audi A7 sportback A7 C7 Hatchback 2011-2015,SD1,缓存精确继承,https://www.audi-mediacenter.com/en/the-audi-a7-sportback-until-2025-progressive-in-design-and-technology-9831/facts-and-figures-9835
EU,Audi A7 sportback A7 C7 facelift Hatchback 2010-2015,SD1,缓存精确继承,https://www.audi-mediacenter.com/en/the-audi-a7-sportback-until-2025-progressive-in-design-and-technology-9831/facts-and-figures-9835
EU,Audi A7 sportback A7 C7 facelift Hatchback 2010-2016,SD1,缓存精确继承,https://www.audi-mediacenter.com/en/the-audi-a7-sportback-until-2025-progressive-in-design-and-technology-9831/facts-and-figures-9835
EU,Audi A7 sportback A7 C7 facelift Hatchback 2011-2015,SD1,缓存精确继承,https://www.audi-mediacenter.com/en/the-audi-a7-sportback-until-2025-progressive-in-design-and-technology-9831/facts-and-figures-9835
EU,Audi A7 sportback A7 C7 facelift Hatchback 2013-2017,SD1,缓存精确继承,https://www.audi-mediacenter.com/en/the-audi-a7-sportback-until-2025-progressive-in-design-and-technology-9831/facts-and-figures-9835
EU,Audi A7 sportback A7 C7 prefl Hatchback 2010-2015,SD1,缓存精确继承,https://www.audi-mediacenter.com/en/the-audi-a7-sportback-until-2025-progressive-in-design-and-technology-9831/facts-and-figures-9835
EU,Audi A7 sportback A7 C7 prefl Hatchback 2010-2016,SD1,缓存精确继承,https://www.audi-mediacenter.com/en/the-audi-a7-sportback-until-2025-progressive-in-design-and-technology-9831/facts-and-figures-9835
EU,Audi A7 sportback A7 C7 prefl Hatchback 2013-2017,SD1,缓存精确继承,https://www.audi-mediacenter.com/en/the-audi-a7-sportback-until-2025-progressive-in-design-and-technology-9831/facts-and-figures-9835
EU,Audi A7 sportback C8 Hatchback 2018-2026,SD1,缓存精确继承,https://www.audi-mediacenter.com/en/the-audi-a7-sportback-until-2025-progressive-in-design-and-technology-9831/facts-and-figures-9835
EU,Audi A7 sportback C8 Hatchback 2019-2026,SD1,缓存精确继承,https://www.audi-mediacenter.com/en/the-audi-a7-sportback-until-2025-progressive-in-design-and-technology-9831/facts-and-figures-9835
EU,Audi A7 sportback Hatchback 2010-2012,SD1,缓存精确继承,https://www.audi-mediacenter.com/en/the-audi-a7-sportback-until-2025-progressive-in-design-and-technology-9831/facts-and-figures-9835
EU,Audi A7 sportback Hatchback 2014-2018,SD1,缓存精确继承,https://www.audi-mediacenter.com/en/the-audi-a7-sportback-until-2025-progressive-in-design-and-technology-9831/facts-and-figures-9835
EU,Audi A7 sportback Hatchback 2015-2018,SD1,缓存精确继承,https://www.audi-mediacenter.com/en/the-audi-a7-sportback-until-2025-progressive-in-design-and-technology-9831/facts-and-figures-9835
EU,Audi A7 sportback Hatchback 2016-2018,SD1,缓存精确继承,https://www.audi-mediacenter.com/en/the-audi-a7-sportback-until-2025-progressive-in-design-and-technology-9831/facts-and-figures-9835
EU,Audi A7 sportback Hatchback 2019-2026,SD1,缓存精确继承,https://www.audi-mediacenter.com/en/the-audi-a7-sportback-until-2025-progressive-in-design-and-technology-9831/facts-and-figures-9835
EU,Audi A8 d4 4H A8 D4 L5135 W1949 H1460 Sedan 2015-2018,SD1,缓存精确继承,https://press.audi.co.uk/assets/documents/original/19790-AudiUK00016077AudiA8andS8Pricingand.pdf
EU,Audi A8 d4 4H A8 D4 L5147 W1949 H1458 Sedan 2015-2018,SD1,缓存精确继承,https://press.audi.co.uk/assets/documents/original/19790-AudiUK00016077AudiA8andS8Pricingand.pdf
EU,Audi A8 d4 4H A8 D4 Sedan 2011-2018,SD1,缓存精确继承,https://press.audi.co.uk/assets/documents/original/19790-AudiUK00016077AudiA8andS8Pricingand.pdf
EU,Audi A8 d4 4H A8 D4 facelift L5135 W1949 H1460 Sedan 2012-2016,SD1,缓存精确继承,https://press.audi.co.uk/assets/documents/original/19790-AudiUK00016077AudiA8andS8Pricingand.pdf
EU,Audi A8 d4 4H A8 D4 facelift L5265 W1949 H1471 Sedan 2012-2016,SD1,缓存精确继承,https://press.audi.co.uk/assets/documents/original/19790-AudiUK00016077AudiA8andS8Pricingand.pdf
EU,Audi A8 d4 4H A8 D4 facelift Sedan 2010-2015,SD1,缓存精确继承,https://press.audi.co.uk/assets/documents/original/19790-AudiUK00016077AudiA8andS8Pricingand.pdf
EU,Audi A8 d4 4H A8 D4 facelift Sedan 2011-2018,SD1,缓存精确继承,https://press.audi.co.uk/assets/documents/original/19790-AudiUK00016077AudiA8andS8Pricingand.pdf
EU,Audi A8 d4 4H A8 D4 facelift Sedan 2012-2014,SD1,缓存精确继承,https://press.audi.co.uk/assets/documents/original/19790-AudiUK00016077AudiA8andS8Pricingand.pdf
EU,Audi A8 d4 4H A8 D4 facelift Sedan 2012-2015,SD1,缓存精确继承,https://press.audi.co.uk/assets/documents/original/19790-AudiUK00016077AudiA8andS8Pricingand.pdf
EU,Audi A8 d4 4H A8 D4 facelift Sedan 2012-2018,SD1,缓存精确继承,https://press.audi.co.uk/assets/documents/original/19790-AudiUK00016077AudiA8andS8Pricingand.pdf
EU,Audi A8 d4 4H A8 D4 prefl L5137 W1949 H1460 Sedan 2012-2016,SD1,缓存精确继承,https://press.audi.co.uk/assets/documents/original/19790-AudiUK00016077AudiA8andS8Pricingand.pdf
EU,Audi A8 d4 4H A8 D4 prefl L5267 W1949 H1471 Sedan 2012-2016,SD1,缓存精确继承,https://press.audi.co.uk/assets/documents/original/19790-AudiUK00016077AudiA8andS8Pricingand.pdf
EU,Audi A8 d4 4H A8 D4 prefl Sedan 2010-2015,SD1,缓存精确继承,https://press.audi.co.uk/assets/documents/original/19790-AudiUK00016077AudiA8andS8Pricingand.pdf
EU,Audi A8 d4 4H A8 D4 prefl Sedan 2011-2018,SD1,缓存精确继承,https://press.audi.co.uk/assets/documents/original/19790-AudiUK00016077AudiA8andS8Pricingand.pdf
EU,Audi A8 d4 4H A8 D4 prefl Sedan 2012-2014,SD1,缓存精确继承,https://press.audi.co.uk/assets/documents/original/19790-AudiUK00016077AudiA8andS8Pricingand.pdf
EU,Audi A8 d4 4H A8 D4 prefl Sedan 2012-2015,SD1,缓存精确继承,https://press.audi.co.uk/assets/documents/original/19790-AudiUK00016077AudiA8andS8Pricingand.pdf
EU,Audi A8 d4 4H A8 D4 prefl Sedan 2012-2018,SD1,缓存精确继承,https://press.audi.co.uk/assets/documents/original/19790-AudiUK00016077AudiA8andS8Pricingand.pdf
EU,Audi A8 d4 4H Sedan 2010-2018,SD1,缓存精确继承,https://press.audi.co.uk/assets/documents/original/19790-AudiUK00016077AudiA8andS8Pricingand.pdf
EU,Audi A8 d4 4H Sedan 2011-2013,SD1,缓存精确继承,https://press.audi.co.uk/assets/documents/original/19790-AudiUK00016077AudiA8andS8Pricingand.pdf
EU,Audi A8 d4 4H Sedan 2013-2015,SD1,缓存精确继承,https://press.audi.co.uk/assets/documents/original/19790-AudiUK00016077AudiA8andS8Pricingand.pdf
EU,Audi A8 d4 4H Sedan 2013-2018,SD1,缓存精确继承,https://press.audi.co.uk/assets/documents/original/19790-AudiUK00016077AudiA8andS8Pricingand.pdf
EU,Audi A8 d4 4H Sedan 2016-2018,SD1,缓存精确继承,https://press.audi.co.uk/assets/documents/original/19790-AudiUK00016077AudiA8andS8Pricingand.pdf
EU,Audi A8 d4 4H2 Sedan 2009-2012,SD1,缓存精确继承,https://press.audi.co.uk/assets/documents/original/19790-AudiUK00016077AudiA8andS8Pricingand.pdf
EU,Audi A8 d4 4H2 Sedan 2009-2014,SD1,缓存精确继承,https://press.audi.co.uk/assets/documents/original/19790-AudiUK00016077AudiA8andS8Pricingand.pdf
EU,Audi A8 d4 4H2 Sedan 2010-2014,SD1,缓存精确继承,https://press.audi.co.uk/assets/documents/original/19790-AudiUK00016077AudiA8andS8Pricingand.pdf
EU,Audi A8 d4 4H2 Sedan 2010-2018,SD1,缓存精确继承,https://press.audi.co.uk/assets/documents/original/19790-AudiUK00016077AudiA8andS8Pricingand.pdf
EU,Audi A8 d4 4H8 Sedan 2009-2012,SD1,缓存精确继承,https://press.audi.co.uk/assets/documents/original/19790-AudiUK00016077AudiA8andS8Pricingand.pdf
EU,Audi A8 d4 4H8 Sedan 2009-2014,SD1,缓存精确继承,https://press.audi.co.uk/assets/documents/original/19790-AudiUK00016077AudiA8andS8Pricingand.pdf
EU,Audi A8 d4 4H8 Sedan 2010-2014,SD1,缓存精确继承,https://press.audi.co.uk/assets/documents/original/19790-AudiUK00016077AudiA8andS8Pricingand.pdf
EU,Audi A8 d4 4H8 Sedan 2010-2018,SD1,缓存精确继承,https://press.audi.co.uk/assets/documents/original/19790-AudiUK00016077AudiA8andS8Pricingand.pdf
EU,Audi A8 d4 4HC Sedan 2009-2014,SD1,缓存精确继承,https://press.audi.co.uk/assets/documents/original/19790-AudiUK00016077AudiA8andS8Pricingand.pdf
EU,Audi A8 d4 4HC Sedan 2010-2014,SD1,缓存精确继承,https://press.audi.co.uk/assets/documents/original/19790-AudiUK00016077AudiA8andS8Pricingand.pdf
EU,Audi A8 d4 4HC Sedan 2010-2018,SD1,缓存精确继承,https://press.audi.co.uk/assets/documents/original/19790-AudiUK00016077AudiA8andS8Pricingand.pdf
EU,Audi A8 d4 4HL Sedan 2009-2014,SD1,缓存精确继承,https://press.audi.co.uk/assets/documents/original/19790-AudiUK00016077AudiA8andS8Pricingand.pdf
EU,Audi A8 d4 4HL Sedan 2010-2014,SD1,缓存精确继承,https://press.audi.co.uk/assets/documents/original/19790-AudiUK00016077AudiA8andS8Pricingand.pdf
EU,Audi A8 d4 4HL Sedan 2010-2018,SD1,缓存精确继承,https://press.audi.co.uk/assets/documents/original/19790-AudiUK00016077AudiA8andS8Pricingand.pdf
EU,BMW 7 E23 Sedan 1977-1979,SD1,缓存精确继承,https://www.press.bmwgroup.com/global/article/detail/T0380173EN/the-new-bmw-7-series
EU,BMW 7 E23 Sedan 1977-1986,SD1,缓存精确继承,https://www.press.bmwgroup.com/global/article/detail/T0380173EN/the-new-bmw-7-series
EU,BMW 7 E23 Sedan 1979-1982,SD1,缓存精确继承,https://www.press.bmwgroup.com/global/article/detail/T0380173EN/the-new-bmw-7-series
EU,BMW 7 E23 Sedan 1979-1986,SD1,缓存精确继承,https://www.press.bmwgroup.com/global/article/detail/T0380173EN/the-new-bmw-7-series
EU,BMW 7 E23 Sedan 1980-1983,SD1,缓存精确继承,https://www.press.bmwgroup.com/global/article/detail/T0380173EN/the-new-bmw-7-series
EU,BMW 7 E23 Sedan 1982-1986,SD1,缓存精确继承,https://www.press.bmwgroup.com/global/article/detail/T0380173EN/the-new-bmw-7-series
EU,BMW 7 E23 Sedan 1983-1986,SD1,缓存精确继承,https://www.press.bmwgroup.com/global/article/detail/T0380173EN/the-new-bmw-7-series
EU,BMW 7 E23 Sedan 1984-1986,SD1,缓存精确继承,https://www.press.bmwgroup.com/global/article/detail/T0380173EN/the-new-bmw-7-series
EU,BMW 7 E23 Sedan 1985-1986,SD1,缓存精确继承,https://www.press.bmwgroup.com/global/article/detail/T0380173EN/the-new-bmw-7-series
EU,BMW 7 E32 BMW 7 Series E32 lwb Sedan 1985-1989,SD1,缓存精确继承,https://www.press.bmwgroup.com/global/article/detail/T0380173EN/the-new-bmw-7-series
EU,BMW 7 E32 BMW 7 Series E32 lwb Sedan 1986-1989,SD1,缓存精确继承,https://www.press.bmwgroup.com/global/article/detail/T0380173EN/the-new-bmw-7-series
EU,BMW 7 E32 BMW 7 Series E32 lwb Sedan 1986-1992,SD1,缓存精确继承,https://www.press.bmwgroup.com/global/article/detail/T0380173EN/the-new-bmw-7-series
EU,BMW 7 E32 BMW 7 Series E32 lwb Sedan 1987-1994,SD1,缓存精确继承,https://www.press.bmwgroup.com/global/article/detail/T0380173EN/the-new-bmw-7-series
EU,BMW 7 E32 BMW 7 Series E32 lwb Sedan 1992-1994,SD1,缓存精确继承,https://www.press.bmwgroup.com/global/article/detail/T0380173EN/the-new-bmw-7-series
EU,BMW 7 E32 BMW 7 Series E32 swb L4910 W1845 H1400 Sedan 1987-1994,SD1,缓存精确继承,https://www.press.bmwgroup.com/global/article/detail/T0380173EN/the-new-bmw-7-series
EU,BMW 7 E32 BMW 7 Series E32 swb L4910 W1845 H1411 Sedan 1987-1994,SD1,缓存精确继承,https://www.press.bmwgroup.com/global/article/detail/T0380173EN/the-new-bmw-7-series
EU,BMW 7 E32 BMW 7 Series E32 swb Sedan 1985-1989,SD1,缓存精确继承,https://www.press.bmwgroup.com/global/article/detail/T0380173EN/the-new-bmw-7-series
EU,BMW 7 E32 BMW 7 Series E32 swb Sedan 1986-1989,SD1,缓存精确继承,https://www.press.bmwgroup.com/global/article/detail/T0380173EN/the-new-bmw-7-series
EU,BMW 7 E32 BMW 7 Series E32 swb Sedan 1986-1992,SD1,缓存精确继承,https://www.press.bmwgroup.com/global/article/detail/T0380173EN/the-new-bmw-7-series
EU,BMW 7 E32 BMW 7 Series E32 swb Sedan 1992-1994,SD1,缓存精确继承,https://www.press.bmwgroup.com/global/article/detail/T0380173EN/the-new-bmw-7-series
EU,BMW 7 E38 7 Series E38 Long Sedan 1994-1996,SD1,缓存精确继承,https://www.press.bmwgroup.com/global/article/detail/T0380173EN/the-new-bmw-7-series
EU,BMW 7 E38 7 Series E38 Long Sedan 1994-2001,SD1,缓存精确继承,https://www.press.bmwgroup.com/global/article/detail/T0380173EN/the-new-bmw-7-series
EU,BMW 7 E38 7 Series E38 Sedan 1994-1996,SD1,缓存精确继承,https://www.press.bmwgroup.com/global/article/detail/T0380173EN/the-new-bmw-7-series
EU,BMW 7 E38 7 Series E38 Sedan 1994-2001,SD1,缓存精确继承,https://www.press.bmwgroup.com/global/article/detail/T0380173EN/the-new-bmw-7-series
EU,BMW 7 E38 7 Series E38 Sedan 1996-2001,SD1,缓存精确继承,https://www.press.bmwgroup.com/global/article/detail/T0380173EN/the-new-bmw-7-series
EU,BMW 7 E38 7 Series E38 lwb Sedan 1995-2001,SD1,缓存精确继承,https://www.press.bmwgroup.com/global/article/detail/T0380173EN/the-new-bmw-7-series
EU,BMW 7 E38 7 Series E38 lwb Sedan 1996-1998,SD1,缓存精确继承,https://www.press.bmwgroup.com/global/article/detail/T0380173EN/the-new-bmw-7-series
EU,BMW 7 E38 7 Series E38 lwb Sedan 1996-2001,SD1,缓存精确继承,https://www.press.bmwgroup.com/global/article/detail/T0380173EN/the-new-bmw-7-series
EU,BMW 7 E38 7 Series E38 lwb Sedan 1998-2001,SD1,缓存精确继承,https://www.press.bmwgroup.com/global/article/detail/T0380173EN/the-new-bmw-7-series
EU,BMW 7 E38 7 Series E38 swb Sedan 1995-2001,SD1,缓存精确继承,https://www.press.bmwgroup.com/global/article/detail/T0380173EN/the-new-bmw-7-series
EU,BMW 7 E38 7 Series E38 swb Sedan 1996-1998,SD1,缓存精确继承,https://www.press.bmwgroup.com/global/article/detail/T0380173EN/the-new-bmw-7-series
EU,BMW 7 E38 7 Series E38 swb Sedan 1998-2001,SD1,缓存精确继承,https://www.press.bmwgroup.com/global/article/detail/T0380173EN/the-new-bmw-7-series
EU,BMW 7 E38 Sedan 1998-2000,SD1,缓存精确继承,https://www.press.bmwgroup.com/global/article/detail/T0380173EN/the-new-bmw-7-series
EU,BMW 7 E38 Sedan 1999-2001,SD1,缓存精确继承,https://www.press.bmwgroup.com/global/article/detail/T0380173EN/the-new-bmw-7-series
EU,BMW 7 E38 Sedan 2000-2001,SD1,缓存精确继承,https://www.press.bmwgroup.com/global/article/detail/T0380173EN/the-new-bmw-7-series
EU,BMW 7 E65 7 Series E65 facelift Sedan 2003-2008,SD1,缓存精确继承,https://www.press.bmwgroup.com/global/article/detail/T0380173EN/the-new-bmw-7-series
EU,BMW 7 E65 7 Series E65 prefl Sedan 2003-2008,SD1,缓存精确继承,https://www.press.bmwgroup.com/global/article/detail/T0380173EN/the-new-bmw-7-series
EU,BMW 7 E65 Sedan 2001-2005,SD1,缓存精确继承,https://www.press.bmwgroup.com/global/article/detail/T0380173EN/the-new-bmw-7-series
EU,BMW 7 E65 Sedan 2002-2003,SD1,缓存精确继承,https://www.press.bmwgroup.com/global/article/detail/T0380173EN/the-new-bmw-7-series
EU,BMW 7 E65 Sedan 2002-2005,SD1,缓存精确继承,https://www.press.bmwgroup.com/global/article/detail/T0380173EN/the-new-bmw-7-series
EU,BMW 7 E65 Sedan 2005-2005,SD1,缓存精确继承,https://www.press.bmwgroup.com/global/article/detail/T0380173EN/the-new-bmw-7-series
EU,BMW 7 E65 Sedan 2005-2008,SD1,缓存精确继承,https://www.press.bmwgroup.com/global/article/detail/T0380173EN/the-new-bmw-7-series
EU,BMW 7 E66 7 Series E66 lwb facelift Sedan 2003-2008,SD1,缓存精确继承,https://www.press.bmwgroup.com/global/article/detail/T0380173EN/the-new-bmw-7-series
EU,BMW 7 E66 7 Series E66 lwb prefl Sedan 2003-2008,SD1,缓存精确继承,https://www.press.bmwgroup.com/global/article/detail/T0380173EN/the-new-bmw-7-series
EU,BMW 7 E66 Sedan 2001-2005,SD1,缓存精确继承,https://www.press.bmwgroup.com/global/article/detail/T0380173EN/the-new-bmw-7-series
EU,BMW 7 E66 Sedan 2005-2008,SD1,缓存精确继承,https://www.press.bmwgroup.com/global/article/detail/T0380173EN/the-new-bmw-7-series
EU,BMW 7 F01 7 Series F01 LCI Sedan 2011-2015,SD1,缓存精确继承,https://www.press.bmwgroup.com/global/article/detail/T0380173EN/the-new-bmw-7-series
EU,BMW 7 F01 7 Series F01 Sedan 2011-2015,SD1,缓存精确继承,https://www.press.bmwgroup.com/global/article/detail/T0380173EN/the-new-bmw-7-series
EU,BMW 7 F01 7 Series F01 facelift Sedan 2008-2015,SD1,缓存精确继承,https://www.press.bmwgroup.com/global/article/detail/T0380173EN/the-new-bmw-7-series
EU,BMW 7 F01 7 Series F01 facelift Sedan 2010-2012,SD1,缓存精确继承,https://www.press.bmwgroup.com/global/article/detail/T0380173EN/the-new-bmw-7-series
EU,BMW 7 F01 7 Series F01 prefl Sedan 2008-2015,SD1,缓存精确继承,https://www.press.bmwgroup.com/global/article/detail/T0380173EN/the-new-bmw-7-series
EU,BMW 7 F01 7 Series F01 prefl Sedan 2010-2012,SD1,缓存精确继承,https://www.press.bmwgroup.com/global/article/detail/T0380173EN/the-new-bmw-7-series
EU,BMW 7 F01 7 Series V swb facelift Sedan 2009-2015,SD1,缓存精确继承,https://www.press.bmwgroup.com/global/article/detail/T0380173EN/the-new-bmw-7-series
EU,BMW 7 F01 7 Series V swb prefl Sedan 2009-2015,SD1,缓存精确继承,https://www.press.bmwgroup.com/global/article/detail/T0380173EN/the-new-bmw-7-series
EU,BMW 7 F01 Sedan 2008-2012,SD1,缓存精确继承,https://www.press.bmwgroup.com/global/article/detail/T0380173EN/the-new-bmw-7-series
EU,BMW 7 F01 Sedan 2009-2012,SD1,缓存精确继承,https://www.press.bmwgroup.com/global/article/detail/T0380173EN/the-new-bmw-7-series
EU,BMW 7 F01 Sedan 2012-2015,SD1,缓存精确继承,https://www.press.bmwgroup.com/global/article/detail/T0380173EN/the-new-bmw-7-series
EU,BMW 7 F02 7 Series F02 LCI Sedan 2009-2015,SD1,缓存精确继承,https://www.press.bmwgroup.com/global/article/detail/T0380173EN/the-new-bmw-7-series
EU,BMW 7 F02 7 Series F02 Sedan 2009-2015,SD1,缓存精确继承,https://www.press.bmwgroup.com/global/article/detail/T0380173EN/the-new-bmw-7-series
EU,BMW 7 F02 7 Series V lwb facelift Sedan 2009-2015,SD1,缓存精确继承,https://www.press.bmwgroup.com/global/article/detail/T0380173EN/the-new-bmw-7-series
EU,BMW 7 F02 7 Series V lwb prefl Sedan 2009-2015,SD1,缓存精确继承,https://www.press.bmwgroup.com/global/article/detail/T0380173EN/the-new-bmw-7-series
EU,BMW 7 F02 Sedan 2008-2012,SD1,缓存精确继承,https://www.press.bmwgroup.com/global/article/detail/T0380173EN/the-new-bmw-7-series
EU,BMW 7 F02 Sedan 2009-2012,SD1,缓存精确继承,https://www.press.bmwgroup.com/global/article/detail/T0380173EN/the-new-bmw-7-series
EU,BMW 7 F02 Sedan 2012-2015,SD1,缓存精确继承,https://www.press.bmwgroup.com/global/article/detail/T0380173EN/the-new-bmw-7-series
EU,BMW 7 F04 Sedan 2010-2012,SD1,缓存精确继承,https://www.press.bmwgroup.com/global/article/detail/T0380173EN/the-new-bmw-7-series
EU,BMW 7 F04 Sedan 2012-2015,SD1,缓存精确继承,https://www.press.bmwgroup.com/global/article/detail/T0380173EN/the-new-bmw-7-series
EU,BMW 7 G11 7 Series G11 facelift Sedan 2015-2020,SD1,缓存精确继承,https://www.press.bmwgroup.com/global/article/detail/T0380173EN/the-new-bmw-7-series
EU,BMW 7 G11 7 Series G11 prefl Sedan 2015-2020,SD1,缓存精确继承,https://www.press.bmwgroup.com/global/article/detail/T0380173EN/the-new-bmw-7-series
EU,BMW 7 G11 7 Series G11/G12 swb facelift Sedan 2016-2020,SD1,缓存精确继承,https://www.press.bmwgroup.com/global/article/detail/T0380173EN/the-new-bmw-7-series
EU,BMW 7 G11 7 Series G11/G12 swb prefl Sedan 2016-2020,SD1,缓存精确继承,https://www.press.bmwgroup.com/global/article/detail/T0380173EN/the-new-bmw-7-series
EU,BMW 7 G11 Sedan 2015-2019,SD1,缓存精确继承,https://www.press.bmwgroup.com/global/article/detail/T0380173EN/the-new-bmw-7-series
EU,BMW 7 G11 Sedan 2016-2019,SD1,缓存精确继承,https://www.press.bmwgroup.com/global/article/detail/T0380173EN/the-new-bmw-7-series
EU,BMW 7 G11 Sedan 2019-2022,SD1,缓存精确继承,https://www.press.bmwgroup.com/global/article/detail/T0380173EN/the-new-bmw-7-series
EU,BMW 7 G11 Sedan 2020-2022,SD1,缓存精确继承,https://www.press.bmwgroup.com/global/article/detail/T0380173EN/the-new-bmw-7-series
EU,BMW 7 G12 7 Series G11/G12 lwb facelift Sedan 2016-2020,SD1,缓存精确继承,https://www.press.bmwgroup.com/global/article/detail/T0380173EN/the-new-bmw-7-series
EU,BMW 7 G12 7 Series G11/G12 lwb prefl Sedan 2016-2020,SD1,缓存精确继承,https://www.press.bmwgroup.com/global/article/detail/T0380173EN/the-new-bmw-7-series
EU,BMW 7 G12 7 Series G12 lwb facelift Sedan 2015-2020,SD1,缓存精确继承,https://www.press.bmwgroup.com/global/article/detail/T0380173EN/the-new-bmw-7-series
EU,BMW 7 G12 7 Series G12 lwb prefl Sedan 2015-2020,SD1,缓存精确继承,https://www.press.bmwgroup.com/global/article/detail/T0380173EN/the-new-bmw-7-series
EU,BMW 7 G12 Sedan 2015-2019,SD1,缓存精确继承,https://www.press.bmwgroup.com/global/article/detail/T0380173EN/the-new-bmw-7-series
EU,BMW 7 G12 Sedan 2016-2019,SD1,缓存精确继承,https://www.press.bmwgroup.com/global/article/detail/T0380173EN/the-new-bmw-7-series
EU,BMW 7 G12 Sedan 2019-2022,SD1,缓存精确继承,https://www.press.bmwgroup.com/global/article/detail/T0380173EN/the-new-bmw-7-series
EU,BMW 7 G12 Sedan 2020-2022,SD1,缓存精确继承,https://www.press.bmwgroup.com/global/article/detail/T0380173EN/the-new-bmw-7-series
EU,BMW 7 G70 Sedan 2022-2026,SD1,缓存精确继承,https://www.press.bmwgroup.com/global/article/detail/T0380173EN/the-new-bmw-7-series
EU,BMW 7 G70 Sedan 2023-2026,SD1,缓存精确继承,https://www.press.bmwgroup.com/global/article/detail/T0380173EN/the-new-bmw-7-series
EU,Chevrolet Astro M-body Astro I lwb Van 1984-1994,V0,缓存精确继承,https://www.gm.com/content/dam/company/no_search/heritage-archive-docs/vehicle-information-kits/chevrolet/1998-Chevrolet-Astro-Van.pdf
EU,Chevrolet Astro M-body Astro I lwb Van 1986-1994,V0,缓存精确继承,https://www.gm.com/content/dam/company/no_search/heritage-archive-docs/vehicle-information-kits/chevrolet/1998-Chevrolet-Astro-Van.pdf
EU,Chevrolet Astro M-body Astro I lwb Van 1989-1994,V0,缓存精确继承,https://www.gm.com/content/dam/company/no_search/heritage-archive-docs/vehicle-information-kits/chevrolet/1998-Chevrolet-Astro-Van.pdf
EU,Chevrolet Astro M-body Astro I lwb Van 1992-1994,V0,缓存精确继承,https://www.gm.com/content/dam/company/no_search/heritage-archive-docs/vehicle-information-kits/chevrolet/1998-Chevrolet-Astro-Van.pdf
EU,Chevrolet Astro M-body Astro I swb Van 1984-1994,V0,缓存精确继承,https://www.gm.com/content/dam/company/no_search/heritage-archive-docs/vehicle-information-kits/chevrolet/1998-Chevrolet-Astro-Van.pdf
EU,Chevrolet Astro M-body Astro I swb Van 1986-1994,V0,缓存精确继承,https://www.gm.com/content/dam/company/no_search/heritage-archive-docs/vehicle-information-kits/chevrolet/1998-Chevrolet-Astro-Van.pdf
EU,Chevrolet Astro M-body Astro I swb Van 1989-1994,V0,缓存精确继承,https://www.gm.com/content/dam/company/no_search/heritage-archive-docs/vehicle-information-kits/chevrolet/1998-Chevrolet-Astro-Van.pdf
EU,Chevrolet Astro M-body Astro I swb Van 1992-1994,V0,缓存精确继承,https://www.gm.com/content/dam/company/no_search/heritage-archive-docs/vehicle-information-kits/chevrolet/1998-Chevrolet-Astro-Van.pdf
EU,Chevrolet Astro M-body Van 1984-1985,V0,缓存精确继承,https://www.gm.com/content/dam/company/no_search/heritage-archive-docs/vehicle-information-kits/chevrolet/1998-Chevrolet-Astro-Van.pdf
EU,Chevrolet Astro M-body Van 1994-1995,V0,缓存精确继承,https://www.gm.com/content/dam/company/no_search/heritage-archive-docs/vehicle-information-kits/chevrolet/1998-Chevrolet-Astro-Van.pdf
EU,Chevrolet Astro M-body Van 1994-2005,V0,缓存精确继承,https://www.gm.com/content/dam/company/no_search/heritage-archive-docs/vehicle-information-kits/chevrolet/1998-Chevrolet-Astro-Van.pdf
EU,Chevrolet Avalanche Avalanche I Pickup 2005-2013,P0,缓存精确继承,https://www.gm.com/heritage/archive/vehicle-information-kits
EU,Chevrolet Avalanche Avalanche II Pickup 2005-2013,P0,缓存精确继承,https://www.gm.com/heritage/archive/vehicle-information-kits
EU,Chevrolet Avalanche GMT800 Pickup 2000-2006,P0,缓存精确继承,https://www.gm.com/heritage/archive/vehicle-information-kits
EU,Chevrolet Avalanche GMT800 Pickup 2005-2007,P0,缓存精确继承,https://www.gm.com/heritage/archive/vehicle-information-kits
EU,Chevrolet Avalanche GMT900 Pickup 2006-2013,P0,缓存精确继承,https://www.gm.com/heritage/archive/vehicle-information-kits
EU,Chevrolet Avalanche GMT900 Pickup 2007-2013,P0,缓存精确继承,https://www.gm.com/heritage/archive/vehicle-information-kits
EU,Chevrolet Avalanche Pickup 2001-2003,P0,缓存精确继承,https://www.gm.com/heritage/archive/vehicle-information-kits
EU,Chevrolet Avalanche Pickup 2006-2007,P0,缓存精确继承,https://www.gm.com/heritage/archive/vehicle-information-kits
EU,Chevrolet Avalanche Pickup 2006-2008,P0,缓存精确继承,https://www.gm.com/heritage/archive/vehicle-information-kits
EU,Chevrolet Avalanche Pickup 2006-2011,P0,缓存精确继承,https://www.gm.com/heritage/archive/vehicle-information-kits
EU,Chevrolet Avalanche Pickup 2007-2013,P0,缓存精确继承,https://www.gm.com/heritage/archive/vehicle-information-kits
EU,Chevrolet Colorado GMT355 Colorado I L4887 W1742 H1717 Pickup 2003-2006,P1,缓存精确继承,车形分类核定/cache/model_shape_cache.csv
EU,Chevrolet Colorado GMT355 Colorado I L5260 W1717 H1648 Pickup 2003-2006,P1,缓存精确继承,车形分类核定/cache/model_shape_cache.csv
EU,Chevrolet Colorado GMT355 Colorado I L5260 W1717 H1656 Pickup 2003-2006,P1,缓存精确继承,车形分类核定/cache/model_shape_cache.csv
EU,Chevrolet Colorado GMT355 Colorado I L5260 W1717 H1656 Pickup 2006-2012,P1,缓存精确继承,车形分类核定/cache/model_shape_cache.csv
EU,Chevrolet Colorado GMT355 Colorado I L5260 W1742 H1717 Pickup 2003-2006,P1,缓存精确继承,车形分类核定/cache/model_shape_cache.csv
EU,Chevrolet Colorado GMT355 Colorado I L5260 W1742 H1725 Pickup 2003-2006,P1,缓存精确继承,车形分类核定/cache/model_shape_cache.csv
EU,Chevrolet Colorado GMT355 Colorado I L5260 W1742 H1725 Pickup 2006-2012,P1,缓存精确继承,车形分类核定/cache/model_shape_cache.csv
EU,Chevrolet Colorado GMT355 Colorado I crewcab z71 Pickup 2003-2006,P1,缓存精确继承,车形分类核定/cache/model_shape_cache.csv
EU,Chevrolet Colorado GMT355 Colorado I crewcab z71 Pickup 2005-2006,P1,缓存精确继承,车形分类核定/cache/model_shape_cache.csv
EU,Chevrolet Colorado GMT355 Colorado I crewcab z71 Pickup 2006-2026,P1,缓存精确继承,车形分类核定/cache/model_shape_cache.csv
EU,Chevrolet Colorado GMT355 Colorado I crewcab z85 Pickup 2003-2006,P1,缓存精确继承,车形分类核定/cache/model_shape_cache.csv
EU,Chevrolet Colorado GMT355 Colorado I crewcab z85 Pickup 2005-2006,P1,缓存精确继承,车形分类核定/cache/model_shape_cache.csv
EU,Chevrolet Colorado GMT355 Colorado I crewcab z85 Pickup 2006-2026,P1,缓存精确继承,车形分类核定/cache/model_shape_cache.csv
EU,Chevrolet Colorado GMT355 Colorado I crewcab zq8 Pickup 2003-2006,P1,缓存精确继承,车形分类核定/cache/model_shape_cache.csv
EU,Chevrolet Colorado GMT355 Colorado I crewcab zq8 Pickup 2005-2006,P1,缓存精确继承,车形分类核定/cache/model_shape_cache.csv
EU,Chevrolet Colorado GMT355 Colorado I crewcab zq8 Pickup 2006-2026,P1,缓存精确继承,车形分类核定/cache/model_shape_cache.csv
EU,Chevrolet Colorado GMT355 Colorado I extcab z71 Pickup 2003-2006,P1,缓存精确继承,车形分类核定/cache/model_shape_cache.csv
EU,Chevrolet Colorado GMT355 Colorado I extcab z71 Pickup 2005-2006,P1,缓存精确继承,车形分类核定/cache/model_shape_cache.csv
EU,Chevrolet Colorado GMT355 Colorado I extcab z71 Pickup 2006-2026,P1,缓存精确继承,车形分类核定/cache/model_shape_cache.csv
EU,Chevrolet Colorado GMT355 Colorado I extcab z85 Pickup 2003-2006,P1,缓存精确继承,车形分类核定/cache/model_shape_cache.csv
EU,Chevrolet Colorado GMT355 Colorado I extcab z85 Pickup 2005-2006,P1,缓存精确继承,车形分类核定/cache/model_shape_cache.csv
EU,Chevrolet Colorado GMT355 Colorado I extcab z85 Pickup 2006-2026,P1,缓存精确继承,车形分类核定/cache/model_shape_cache.csv
EU,Chevrolet Colorado GMT355 Colorado I extcab zq8 Pickup 2003-2006,P1,缓存精确继承,车形分类核定/cache/model_shape_cache.csv
EU,Chevrolet Colorado GMT355 Colorado I extcab zq8 Pickup 2005-2006,P1,缓存精确继承,车形分类核定/cache/model_shape_cache.csv
EU,Chevrolet Colorado GMT355 Colorado I extcab zq8 Pickup 2006-2026,P1,缓存精确继承,车形分类核定/cache/model_shape_cache.csv
EU,Chevrolet Colorado GMT355 Colorado I regcab z71 Pickup 2003-2006,P1,缓存精确继承,车形分类核定/cache/model_shape_cache.csv
EU,Chevrolet Colorado GMT355 Colorado I regcab z71 Pickup 2005-2006,P1,缓存精确继承,车形分类核定/cache/model_shape_cache.csv
EU,Chevrolet Colorado GMT355 Colorado I regcab z71 Pickup 2006-2026,P1,缓存精确继承,车形分类核定/cache/model_shape_cache.csv
EU,Chevrolet Colorado GMT355 Colorado I regcab z85 Pickup 2003-2006,P1,缓存精确继承,车形分类核定/cache/model_shape_cache.csv
EU,Chevrolet Colorado GMT355 Colorado I regcab z85 Pickup 2005-2006,P1,缓存精确继承,车形分类核定/cache/model_shape_cache.csv
EU,Chevrolet Colorado GMT355 Colorado I regcab z85 Pickup 2006-2026,P1,缓存精确继承,车形分类核定/cache/model_shape_cache.csv
EU,Chevrolet Colorado GMT355 Colorado I regcab zq8 Pickup 2003-2006,P1,缓存精确继承,车形分类核定/cache/model_shape_cache.csv
EU,Chevrolet Colorado GMT355 Colorado I regcab zq8 Pickup 2005-2006,P1,缓存精确继承,车形分类核定/cache/model_shape_cache.csv
EU,Chevrolet Colorado GMT355 Colorado I regcab zq8 Pickup 2006-2026,P1,缓存精确继承,车形分类核定/cache/model_shape_cache.csv
EU,Chevrolet Colorado GMT355 Pickup 2006-2006,P1,缓存精确继承,车形分类核定/cache/model_shape_cache.csv
EU,Chevrolet Express G45 Express GMT610 lwb Van 2010-2010,V1,缓存精确继承,车形分类核定/cache/model_shape_cache.csv
EU,Chevrolet Express G45 Express GMT610 swb Van 2010-2010,V1,缓存精确继承,车形分类核定/cache/model_shape_cache.csv
EU,Chevrolet Express GMT600 Express I lwb 2500 3dr Van 1995-1998,V1,缓存精确继承,车形分类核定/cache/model_shape_cache.csv
EU,Chevrolet Express GMT600 Express I swb 1500 3dr Van 1995-1998,V1,缓存精确继承,车形分类核定/cache/model_shape_cache.csv
EU,Chevrolet Express GMT600 Express I swb 2500 3dr Van 1995-1998,V1,缓存精确继承,车形分类核定/cache/model_shape_cache.csv
EU,Chevrolet Express GMT610 Express I lwb Van 2007-2026,V1,缓存精确继承,车形分类核定/cache/model_shape_cache.csv
EU,Chevrolet Express GMT610 Express I swb Van 2007-2026,V1,缓存精确继承,车形分类核定/cache/model_shape_cache.csv
EU,Chevrolet Lumina apv GMT199 MPV 1989-1996,V0,缓存精确继承,https://www.gm.com/heritage/archive/vehicle-information-kits
EU,Chevrolet Lumina apv GMT199 MPV 1992-1996,V0,缓存精确继承,https://www.gm.com/heritage/archive/vehicle-information-kits
EU,Chevrolet Lumina apv GMT199 MPV 1993-1996,V0,缓存精确继承,https://www.gm.com/heritage/archive/vehicle-information-kits
EU,Chevrolet Lumina apv GMT199 MPV 1994-1996,V0,缓存精确继承,https://www.gm.com/heritage/archive/vehicle-information-kits
EU,Chevrolet Lumina apv MPV 1991-1995,V0,缓存精确继承,https://www.gm.com/heritage/archive/vehicle-information-kits
EU,Chevrolet Malibu A-body Coupe 1979-1983,SD1,缓存精确继承,车形分类核定/cache/model_shape_cache.csv
EU,Chevrolet Malibu A-body Sedan 1977-1979,SD1,缓存精确继承,车形分类核定/cache/model_shape_cache.csv
EU,Chevrolet Malibu G Malibu III 80 Sedan 1980-1983,SD1,缓存精确继承,车形分类核定/cache/model_shape_cache.csv
EU,Chevrolet Malibu G Malibu III 81 83 Sedan 1980-1983,SD1,缓存精确继承,车形分类核定/cache/model_shape_cache.csv
EU,Chevrolet Malibu Sedan 2012-2026,SD1,缓存精确继承,车形分类核定/cache/model_shape_cache.csv
EU,Chevrolet Malibu V300 Sedan 2012-2026,SD1,缓存精确继承,车形分类核定/cache/model_shape_cache.csv
EU,Chevrolet S10 S10 II extcab short 2dr L5164 W1725 H1580 Pickup 1994-1998,P1,缓存精确继承,https://www.gm.com/heritage/archive/vehicle-information-kits
EU,Chevrolet S10 S10 II extcab short 2dr L5164 W1725 H1621 Pickup 1994-1998,P1,缓存精确继承,https://www.gm.com/heritage/archive/vehicle-information-kits
EU,Chevrolet S10 S10 II extcab short 2dr Pickup 1994-1995,P1,缓存精确继承,https://www.gm.com/heritage/archive/vehicle-information-kits
EU,Chevrolet S10 S10 II extcab short Pickup 1994-2002,P1,缓存精确继承,https://www.gm.com/heritage/archive/vehicle-information-kits
EU,Chevrolet S10 S10 II extcab short Pickup 1994-2004,P1,缓存精确继承,https://www.gm.com/heritage/archive/vehicle-information-kits
EU,Chevrolet S10 S10 II regcab long L5197 W1725 H1577 Pickup 1994-1998,P1,缓存精确继承,https://www.gm.com/heritage/archive/vehicle-information-kits
EU,Chevrolet S10 S10 II regcab long L5197 W1725 H1661 Pickup 1994-1998,P1,缓存精确继承,https://www.gm.com/heritage/archive/vehicle-information-kits
EU,Chevrolet S10 S10 II regcab long Pickup 1994-1995,P1,缓存精确继承,https://www.gm.com/heritage/archive/vehicle-information-kits
EU,Chevrolet S10 S10 II regcab long Pickup 1994-2002,P1,缓存精确继承,https://www.gm.com/heritage/archive/vehicle-information-kits
EU,Chevrolet S10 S10 II regcab long Pickup 1994-2004,P1,缓存精确继承,https://www.gm.com/heritage/archive/vehicle-information-kits
EU,Chevrolet S10 S10 II regcab short L4793 W1725 H1577 Pickup 1994-1998,P1,缓存精确继承,https://www.gm.com/heritage/archive/vehicle-information-kits
EU,Chevrolet S10 S10 II regcab short L4793 W1725 H1621 Pickup 1994-1998,P1,缓存精确继承,https://www.gm.com/heritage/archive/vehicle-information-kits
EU,Chevrolet S10 S10 II regcab short Pickup 1994-1995,P1,缓存精确继承,https://www.gm.com/heritage/archive/vehicle-information-kits
EU,Chevrolet S10 S10 II regcab short Pickup 1994-2002,P1,缓存精确继承,https://www.gm.com/heritage/archive/vehicle-information-kits
EU,Chevrolet S10 S10 II regcab short Pickup 1994-2004,P1,缓存精确继承,https://www.gm.com/heritage/archive/vehicle-information-kits
EU,Chevrolet Silverado 1500 GMT900 Silverado 1500 II crewcab standardbed Pickup 2007-2026,P0,缓存精确继承,车形分类核定/cache/model_shape_cache.csv
EU,Chevrolet Silverado 1500 GMT900 Silverado 1500 II extcab longbed Pickup 2007-2026,P0,缓存精确继承,车形分类核定/cache/model_shape_cache.csv
EU,Chevrolet Silverado 1500 GMT900 Silverado 1500 II extcab shortbed Pickup 2007-2026,P0,缓存精确继承,车形分类核定/cache/model_shape_cache.csv
EU,Chevrolet Silverado 1500 GMT900 Silverado 1500 II extcab standardbed Pickup 2007-2026,P0,缓存精确继承,车形分类核定/cache/model_shape_cache.csv
EU,Chevrolet Silverado 1500 GMT900 Silverado 1500 II regcab longbed Pickup 2007-2026,P0,缓存精确继承,车形分类核定/cache/model_shape_cache.csv
EU,Chevrolet Silverado 1500 GMT900 Silverado 1500 II regcab shortbed Pickup 2007-2026,P0,缓存精确继承,车形分类核定/cache/model_shape_cache.csv
EU,Citroën Ax AX Hatchback 1988-1992,H0,缓存精确继承,https://www.media.stellantis.com/de-de/citroen/press/vor-30-jahren-weltpremiere-des-citroen-ax
EU,Citroën Ax AX Phase I Hatchback 1986-1994,H0,缓存精确继承,https://www.media.stellantis.com/de-de/citroen/press/vor-30-jahren-weltpremiere-des-citroen-ax
EU,Citroën Ax AX Phase I Hatchback 1986-1997,H0,缓存精确继承,https://www.media.stellantis.com/de-de/citroen/press/vor-30-jahren-weltpremiere-des-citroen-ax
EU,Citroën Ax AX Phase I Hatchback 1986-1998,H0,缓存精确继承,https://www.media.stellantis.com/de-de/citroen/press/vor-30-jahren-weltpremiere-des-citroen-ax
EU,Citroën Ax AX Phase I Hatchback 1987-1997,H0,缓存精确继承,https://www.media.stellantis.com/de-de/citroen/press/vor-30-jahren-weltpremiere-des-citroen-ax
EU,Citroën Ax AX Phase I Hatchback 1988-1992,H0,缓存精确继承,https://www.media.stellantis.com/de-de/citroen/press/vor-30-jahren-weltpremiere-des-citroen-ax
EU,Citroën Ax AX Phase II Hatchback 1986-1994,H0,缓存精确继承,https://www.media.stellantis.com/de-de/citroen/press/vor-30-jahren-weltpremiere-des-citroen-ax
EU,Citroën Ax AX Phase II Hatchback 1986-1997,H0,缓存精确继承,https://www.media.stellantis.com/de-de/citroen/press/vor-30-jahren-weltpremiere-des-citroen-ax
EU,Citroën Ax AX Phase II Hatchback 1986-1998,H0,缓存精确继承,https://www.media.stellantis.com/de-de/citroen/press/vor-30-jahren-weltpremiere-des-citroen-ax
EU,Citroën Ax AX Phase II Hatchback 1987-1997,H0,缓存精确继承,https://www.media.stellantis.com/de-de/citroen/press/vor-30-jahren-weltpremiere-des-citroen-ax
EU,Citroën Ax AX Phase II Hatchback 1988-1992,H0,缓存精确继承,https://www.media.stellantis.com/de-de/citroen/press/vor-30-jahren-weltpremiere-des-citroen-ax
EU,Citroën Ax Hatchback 1986-1988,H0,缓存精确继承,https://www.media.stellantis.com/de-de/citroen/press/vor-30-jahren-weltpremiere-des-citroen-ax
EU,Citroën Ax Hatchback 1987-1988,H0,缓存精确继承,https://www.media.stellantis.com/de-de/citroen/press/vor-30-jahren-weltpremiere-des-citroen-ax
EU,Citroën Ax Hatchback 1988-1989,H0,缓存精确继承,https://www.media.stellantis.com/de-de/citroen/press/vor-30-jahren-weltpremiere-des-citroen-ax
EU,Citroën Ax Hatchback 1991-1997,H0,缓存精确继承,https://www.media.stellantis.com/de-de/citroen/press/vor-30-jahren-weltpremiere-des-citroen-ax
EU,Citroën Ax Hatchback 1993-1996,H0,缓存精确继承,https://www.media.stellantis.com/de-de/citroen/press/vor-30-jahren-weltpremiere-des-citroen-ax
EU,Citroën Ax Hatchback 1996-1997,H0,缓存精确继承,https://www.media.stellantis.com/de-de/citroen/press/vor-30-jahren-weltpremiere-des-citroen-ax
EU,Citroën Ax ZA AX Hatchback 1991-1996,H0,缓存精确继承,https://www.media.stellantis.com/de-de/citroen/press/vor-30-jahren-weltpremiere-des-citroen-ax
EU,Citroën Ax ZA AX Phase I Hatchback 1987-1998,H0,缓存精确继承,https://www.media.stellantis.com/de-de/citroen/press/vor-30-jahren-weltpremiere-des-citroen-ax
EU,Citroën Ax ZA AX Phase II Hatchback 1987-1998,H0,缓存精确继承,https://www.media.stellantis.com/de-de/citroen/press/vor-30-jahren-weltpremiere-des-citroen-ax
EU,Citroën Ax ZA Citroën AX Phase I Hatchback 1991-1996,H0,缓存精确继承,https://www.media.stellantis.com/de-de/citroen/press/vor-30-jahren-weltpremiere-des-citroen-ax
EU,Citroën Ax ZA Citroën AX Phase II Hatchback 1991-1996,H0,缓存精确继承,https://www.media.stellantis.com/de-de/citroen/press/vor-30-jahren-weltpremiere-des-citroen-ax
EU,Citroën Ax ZA Hatchback 1986-1992,H0,缓存精确继承,https://www.media.stellantis.com/de-de/citroen/press/vor-30-jahren-weltpremiere-des-citroen-ax
EU,Citroën Ax ZA Hatchback 1988-1989,H0,缓存精确继承,https://www.media.stellantis.com/de-de/citroen/press/vor-30-jahren-weltpremiere-des-citroen-ax
EU,Citroën Ax ZA Hatchback 1991-1992,H0,缓存精确继承,https://www.media.stellantis.com/de-de/citroen/press/vor-30-jahren-weltpremiere-des-citroen-ax
EU,Citroën Ax ZA Hatchback 1994-1997,H0,缓存精确继承,https://www.media.stellantis.com/de-de/citroen/press/vor-30-jahren-weltpremiere-des-citroen-ax
EU,Dodge Caravan NS Caravan III MPV 1995-2000,V0,缓存精确继承,https://blog.stellantisnorthamerica.com/2015/12/29/three-decades-plus-of-chrysler-minivan-leadership/
EU,Dodge Caravan NS Grand Caravan III MPV 1995-2000,V0,缓存精确继承,https://blog.stellantisnorthamerica.com/2015/12/29/three-decades-plus-of-chrysler-minivan-leadership/
EU,Dodge Caravan NS MPV 1995-2001,V0,缓存精确继承,https://blog.stellantisnorthamerica.com/2015/12/29/three-decades-plus-of-chrysler-minivan-leadership/
EU,Dodge Caravan RS MPV 2000-2007,V0,缓存精确继承,https://blog.stellantisnorthamerica.com/2015/12/29/three-decades-plus-of-chrysler-minivan-leadership/
EU,Dodge Caravan RS MPV 2001-2007,V0,缓存精确继承,https://blog.stellantisnorthamerica.com/2015/12/29/three-decades-plus-of-chrysler-minivan-leadership/
EU,Dodge Challenger LC Challenger III Coupe 2008-2023,dodge-challenger,缓存精确继承,车形分类核定/cache/model_shape_cache.csv
EU,Dodge Challenger LC Challenger III Coupe 2010-2023,dodge-challenger,缓存精确继承,车形分类核定/cache/model_shape_cache.csv
EU,Dodge Challenger LC Challenger III Coupe 2011-2026,dodge-challenger,缓存精确继承,车形分类核定/cache/model_shape_cache.csv
EU,Dodge Challenger LC Challenger III facelift Coupe 2008-2023,dodge-challenger,缓存精确继承,车形分类核定/cache/model_shape_cache.csv
EU,Dodge Challenger LC Challenger III facelift Coupe 2010-2023,dodge-challenger,缓存精确继承,车形分类核定/cache/model_shape_cache.csv
EU,Dodge Challenger LC Challenger III facelift Coupe 2011-2026,dodge-challenger,缓存精确继承,车形分类核定/cache/model_shape_cache.csv
EU,Dodge Challenger LC Challenger III facelift L5018 W1923 H1454 Coupe 2014-2026,dodge-challenger,缓存精确继承,车形分类核定/cache/model_shape_cache.csv
EU,Dodge Challenger LC Challenger III facelift L5027 W1923 H1460 Coupe 2014-2026,dodge-challenger,缓存精确继承,车形分类核定/cache/model_shape_cache.csv
EU,Dodge Challenger LC Coupe 2007-2026,dodge-challenger,缓存精确继承,车形分类核定/cache/model_shape_cache.csv
EU,Dodge Challenger LC Coupe 2008-2010,dodge-challenger,缓存精确继承,车形分类核定/cache/model_shape_cache.csv
EU,Dodge Challenger LC Coupe 2019-2026,dodge-challenger,缓存精确继承,车形分类核定/cache/model_shape_cache.csv
EU,Fiat 500l 330 MPV 2012-2018,V0,缓存精确继承,https://www.media.stellantis.com/uk-en/fiat/press/fiat-500l-500-goes-large-press-pack
EU,Fiat 500l 330 MPV 2012-2026,V0,缓存精确继承,https://www.media.stellantis.com/uk-en/fiat/press/fiat-500l-500-goes-large-press-pack
EU,Fiat 500l 330 MPV 2013-2026,V0,缓存精确继承,https://www.media.stellantis.com/uk-en/fiat/press/fiat-500l-500-goes-large-press-pack
EU,Fiat 500l 330 MPV 2014-2026,V0,缓存精确继承,https://www.media.stellantis.com/uk-en/fiat/press/fiat-500l-500-goes-large-press-pack
EU,Fiat 500l 330 MPV 2017-2026,V0,缓存精确继承,https://www.media.stellantis.com/uk-en/fiat/press/fiat-500l-500-goes-large-press-pack
EU,Ford Fiesta vi CB1 Fiesta VI Hatchback 2008-2012,H0,缓存精确继承,https://media.ford.com/content/dam/fordmedia/Europe/en/2016/11/GF3/NEXT_GEN_FIESTA_TECH_SPEC.pdf
EU,Ford Fiesta vi CB1 Fiesta VI prefl 3dr Hatchback 2008-2017,H0,缓存精确继承,https://media.ford.com/content/dam/fordmedia/Europe/en/2016/11/GF3/NEXT_GEN_FIESTA_TECH_SPEC.pdf
EU,Ford Fiesta vi CB1 Fiesta VI prefl 5dr Hatchback 2008-2017,H0,缓存精确继承,https://media.ford.com/content/dam/fordmedia/Europe/en/2016/11/GF3/NEXT_GEN_FIESTA_TECH_SPEC.pdf
EU,Ford Fiesta vi CB1 Fiesta VII Hatchback 2008-2012,H0,缓存精确继承,https://media.ford.com/content/dam/fordmedia/Europe/en/2016/11/GF3/NEXT_GEN_FIESTA_TECH_SPEC.pdf
EU,Ford Fiesta vi CB1 Hatchback 2009-2017,H0,缓存精确继承,https://media.ford.com/content/dam/fordmedia/Europe/en/2016/11/GF3/NEXT_GEN_FIESTA_TECH_SPEC.pdf
EU,Ford Fiesta vi CB1 Hatchback 2010-2015,H0,缓存精确继承,https://media.ford.com/content/dam/fordmedia/Europe/en/2016/11/GF3/NEXT_GEN_FIESTA_TECH_SPEC.pdf
EU,Ford Fiesta vi CCN Fiesta VI facelift 3dr Hatchback 2008-2017,H0,缓存精确继承,https://media.ford.com/content/dam/fordmedia/Europe/en/2016/11/GF3/NEXT_GEN_FIESTA_TECH_SPEC.pdf
EU,Ford Fiesta vi CCN Fiesta VI facelift 5dr Hatchback 2008-2017,H0,缓存精确继承,https://media.ford.com/content/dam/fordmedia/Europe/en/2016/11/GF3/NEXT_GEN_FIESTA_TECH_SPEC.pdf
EU,Ford Fiesta vi Fiesta VI 3dr facelift Hatchback 2008-2012,H0,缓存精确继承,https://media.ford.com/content/dam/fordmedia/Europe/en/2016/11/GF3/NEXT_GEN_FIESTA_TECH_SPEC.pdf
EU,Ford Fiesta vi Fiesta VI 3dr facelift Hatchback 2009-2017,H0,缓存精确继承,https://media.ford.com/content/dam/fordmedia/Europe/en/2016/11/GF3/NEXT_GEN_FIESTA_TECH_SPEC.pdf
EU,Ford Fiesta vi Fiesta VI 3dr facelift Hatchback 2010-2017,H0,缓存精确继承,https://media.ford.com/content/dam/fordmedia/Europe/en/2016/11/GF3/NEXT_GEN_FIESTA_TECH_SPEC.pdf
EU,Ford Fiesta vi Fiesta VI 3dr facelift Hatchback 2012-2017,H0,缓存精确继承,https://media.ford.com/content/dam/fordmedia/Europe/en/2016/11/GF3/NEXT_GEN_FIESTA_TECH_SPEC.pdf
EU,Ford Fiesta vi Fiesta VI 3dr facelift Hatchback 2013-2017,H0,缓存精确继承,https://media.ford.com/content/dam/fordmedia/Europe/en/2016/11/GF3/NEXT_GEN_FIESTA_TECH_SPEC.pdf
EU,Ford Fiesta vi Fiesta VI 3dr facelift Hatchback 2015-2017,H0,缓存精确继承,https://media.ford.com/content/dam/fordmedia/Europe/en/2016/11/GF3/NEXT_GEN_FIESTA_TECH_SPEC.pdf
EU,Ford Fiesta vi Fiesta VI 3dr prefl Hatchback 2008-2012,H0,缓存精确继承,https://media.ford.com/content/dam/fordmedia/Europe/en/2016/11/GF3/NEXT_GEN_FIESTA_TECH_SPEC.pdf
EU,Ford Fiesta vi Fiesta VI 3dr prefl Hatchback 2009-2017,H0,缓存精确继承,https://media.ford.com/content/dam/fordmedia/Europe/en/2016/11/GF3/NEXT_GEN_FIESTA_TECH_SPEC.pdf
EU,Ford Fiesta vi Fiesta VI 3dr prefl Hatchback 2010-2017,H0,缓存精确继承,https://media.ford.com/content/dam/fordmedia/Europe/en/2016/11/GF3/NEXT_GEN_FIESTA_TECH_SPEC.pdf
EU,Ford Fiesta vi Fiesta VI 5dr facelift Hatchback 2008-2012,H0,缓存精确继承,https://media.ford.com/content/dam/fordmedia/Europe/en/2016/11/GF3/NEXT_GEN_FIESTA_TECH_SPEC.pdf
EU,Ford Fiesta vi Fiesta VI 5dr facelift Hatchback 2009-2017,H0,缓存精确继承,https://media.ford.com/content/dam/fordmedia/Europe/en/2016/11/GF3/NEXT_GEN_FIESTA_TECH_SPEC.pdf
EU,Ford Fiesta vi Fiesta VI 5dr facelift Hatchback 2010-2017,H0,缓存精确继承,https://media.ford.com/content/dam/fordmedia/Europe/en/2016/11/GF3/NEXT_GEN_FIESTA_TECH_SPEC.pdf
EU,Ford Fiesta vi Fiesta VI 5dr facelift Hatchback 2012-2017,H0,缓存精确继承,https://media.ford.com/content/dam/fordmedia/Europe/en/2016/11/GF3/NEXT_GEN_FIESTA_TECH_SPEC.pdf
EU,Ford Fiesta vi Fiesta VI 5dr facelift Hatchback 2013-2017,H0,缓存精确继承,https://media.ford.com/content/dam/fordmedia/Europe/en/2016/11/GF3/NEXT_GEN_FIESTA_TECH_SPEC.pdf
EU,Ford Fiesta vi Fiesta VI 5dr facelift Hatchback 2015-2017,H0,缓存精确继承,https://media.ford.com/content/dam/fordmedia/Europe/en/2016/11/GF3/NEXT_GEN_FIESTA_TECH_SPEC.pdf
EU,Ford Fiesta vi Fiesta VI Hatchback 2013-2017,H0,缓存精确继承,https://media.ford.com/content/dam/fordmedia/Europe/en/2016/11/GF3/NEXT_GEN_FIESTA_TECH_SPEC.pdf
EU,Ford Fiesta vi Hatchback 2010-2012,H0,缓存精确继承,https://media.ford.com/content/dam/fordmedia/Europe/en/2016/11/GF3/NEXT_GEN_FIESTA_TECH_SPEC.pdf
EU,Ford Fiesta vi Hatchback 2014-2017,H0,缓存精确继承,https://media.ford.com/content/dam/fordmedia/Europe/en/2016/11/GF3/NEXT_GEN_FIESTA_TECH_SPEC.pdf
EU,Ford Fiesta vi Hatchback 2016-2017,H0,缓存精确继承,https://media.ford.com/content/dam/fordmedia/Europe/en/2016/11/GF3/NEXT_GEN_FIESTA_TECH_SPEC.pdf
EU,Ford Focus iii turnier DYB Focus III L4556 W1823 H1482 Wagon 2010-2014,H2,缓存精确继承,https://media.ford.com/content/dam/fordmedia/Europe/documents/productReleases/Focus/FordFocus_TechSpecs_EU.pdf
EU,Ford Focus iii turnier DYB Focus III L4556 W1823 H1505 Wagon 2010-2014,H2,缓存精确继承,https://media.ford.com/content/dam/fordmedia/Europe/documents/productReleases/Focus/FordFocus_TechSpecs_EU.pdf
EU,Ford Focus iii turnier DYB Focus III Wagon 2011-2020,H2,缓存精确继承,https://media.ford.com/content/dam/fordmedia/Europe/documents/productReleases/Focus/FordFocus_TechSpecs_EU.pdf
EU,Ford Focus iii turnier DYB Focus III Wagon 2012-2020,H2,缓存精确继承,https://media.ford.com/content/dam/fordmedia/Europe/documents/productReleases/Focus/FordFocus_TechSpecs_EU.pdf
EU,Ford Focus iii turnier DYB Focus III facelift Wagon 2011-2020,H2,缓存精确继承,https://media.ford.com/content/dam/fordmedia/Europe/documents/productReleases/Focus/FordFocus_TechSpecs_EU.pdf
EU,Ford Focus iii turnier DYB Focus III facelift Wagon 2012-2020,H2,缓存精确继承,https://media.ford.com/content/dam/fordmedia/Europe/documents/productReleases/Focus/FordFocus_TechSpecs_EU.pdf
EU,Ford Focus iii turnier DYB Wagon 2017-2020,H2,缓存精确继承,https://media.ford.com/content/dam/fordmedia/Europe/documents/productReleases/Focus/FordFocus_TechSpecs_EU.pdf
EU,Ford Focus iii turnier Focus III L4560 W1823 H1492 Wagon 2014-2020,H2,缓存精确继承,https://media.ford.com/content/dam/fordmedia/Europe/documents/productReleases/Focus/FordFocus_TechSpecs_EU.pdf
EU,Ford Focus iii turnier Focus III L4563 W1823 H1486 Wagon 2014-2020,H2,缓存精确继承,https://media.ford.com/content/dam/fordmedia/Europe/documents/productReleases/Focus/FordFocus_TechSpecs_EU.pdf
EU,Ford Focus iii turnier Focus III facelift L4560 W1823 H1492 Wagon 2012-2020,H2,缓存精确继承,https://media.ford.com/content/dam/fordmedia/Europe/documents/productReleases/Focus/FordFocus_TechSpecs_EU.pdf
EU,Ford Focus iii turnier Focus III facelift L4563 W1823 H1486 Wagon 2012-2020,H2,缓存精确继承,https://media.ford.com/content/dam/fordmedia/Europe/documents/productReleases/Focus/FordFocus_TechSpecs_EU.pdf
EU,Ford Focus iii turnier Focus III facelift Wagon 2010-2020,H2,缓存精确继承,https://media.ford.com/content/dam/fordmedia/Europe/documents/productReleases/Focus/FordFocus_TechSpecs_EU.pdf
EU,Ford Focus iii turnier Focus III facelift Wagon 2012-2015,H2,缓存精确继承,https://media.ford.com/content/dam/fordmedia/Europe/documents/productReleases/Focus/FordFocus_TechSpecs_EU.pdf
EU,Ford Focus iii turnier Focus III facelift Wagon 2013-2020,H2,缓存精确继承,https://media.ford.com/content/dam/fordmedia/Europe/documents/productReleases/Focus/FordFocus_TechSpecs_EU.pdf
EU,Ford Focus iii turnier Focus III prefl L4556 W1823 H1505 Wagon 2012-2020,H2,缓存精确继承,https://media.ford.com/content/dam/fordmedia/Europe/documents/productReleases/Focus/FordFocus_TechSpecs_EU.pdf
EU,Ford Focus iii turnier Focus III prefl L4566 W1823 H1505 Wagon 2012-2020,H2,缓存精确继承,https://media.ford.com/content/dam/fordmedia/Europe/documents/productReleases/Focus/FordFocus_TechSpecs_EU.pdf
EU,Ford Focus iii turnier Focus III prefl Wagon 2010-2020,H2,缓存精确继承,https://media.ford.com/content/dam/fordmedia/Europe/documents/productReleases/Focus/FordFocus_TechSpecs_EU.pdf
EU,Ford Focus iii turnier Focus III prefl Wagon 2012-2015,H2,缓存精确继承,https://media.ford.com/content/dam/fordmedia/Europe/documents/productReleases/Focus/FordFocus_TechSpecs_EU.pdf
EU,Ford Focus iii turnier Focus III prefl Wagon 2013-2020,H2,缓存精确继承,https://media.ford.com/content/dam/fordmedia/Europe/documents/productReleases/Focus/FordFocus_TechSpecs_EU.pdf
EU,Ford Focus iii turnier Wagon 2010-2014,H2,缓存精确继承,https://media.ford.com/content/dam/fordmedia/Europe/documents/productReleases/Focus/FordFocus_TechSpecs_EU.pdf
EU,Ford Maverick Maverick I L4185 W1755 H1830 SUV 1996-1998,P1,缓存精确继承,https://media.ford.com/content/fordmedia/fsa/ar/es/news/2025/4/nueva-maverick--mas-versiones--mas-tecnologia-y-desempeno-todote.html
EU,Ford Maverick Maverick I L4665 W1755 H1850 SUV 1996-1998,P1,缓存精确继承,https://media.ford.com/content/fordmedia/fsa/ar/es/news/2025/4/nueva-maverick--mas-versiones--mas-tecnologia-y-desempeno-todote.html
EU,Ford Maverick SUV 2001-2026,P1,缓存精确继承,https://media.ford.com/content/fordmedia/fsa/ar/es/news/2025/4/nueva-maverick--mas-versiones--mas-tecnologia-y-desempeno-todote.html
EU,Ford Maverick SUV 2004-2026,P1,缓存精确继承,https://media.ford.com/content/fordmedia/fsa/ar/es/news/2025/4/nueva-maverick--mas-versiones--mas-tecnologia-y-desempeno-todote.html
EU,Ford Maverick UDS Maverick I lwb SUV 1993-1996,P1,缓存精确继承,https://media.ford.com/content/fordmedia/fsa/ar/es/news/2025/4/nueva-maverick--mas-versiones--mas-tecnologia-y-desempeno-todote.html
EU,Ford Maverick UDS Maverick I swb SUV 1993-1996,P1,缓存精确继承,https://media.ford.com/content/fordmedia/fsa/ar/es/news/2025/4/nueva-maverick--mas-versiones--mas-tecnologia-y-desempeno-todote.html
EU,Ford Ranger ET Ranger II facelift regularcab facelift lowbody Pickup 2006-2012,P1,缓存精确继承,车形分类核定/cache/model_shape_cache.csv
EU,Ford Ranger ET Ranger II facelift supercab facelift highbody Pickup 2006-2012,P1,缓存精确继承,车形分类核定/cache/model_shape_cache.csv
EU,Ford Ranger ET Ranger II regularcab prefl lowbody Pickup 2006-2012,P1,缓存精确继承,车形分类核定/cache/model_shape_cache.csv
EU,Ford Ranger ET Ranger II supercab prefl highbody Pickup 2006-2012,P1,缓存精确继承,车形分类核定/cache/model_shape_cache.csv
EU,Ford Ranger P703 Ranger IV doublecab Pickup 2022-2026,P1,缓存精确继承,车形分类核定/cache/model_shape_cache.csv
EU,Ford Ranger P703 Ranger IV singlecab Pickup 2022-2026,P1,缓存精确继承,车形分类核定/cache/model_shape_cache.csv
EU,Ford Ranger P703 Ranger IV supercab Pickup 2022-2026,P1,缓存精确继承,车形分类核定/cache/model_shape_cache.csv
EU,Ford Ranger Ranger ER/EQ Pickup 1999-2006,P1,缓存精确继承,车形分类核定/cache/model_shape_cache.csv
EU,Ford Ranger Ranger ER/EQ facelift doublecab facelift Pickup 1999-2006,P1,缓存精确继承,车形分类核定/cache/model_shape_cache.csv
EU,Ford Ranger Ranger ER/EQ facelift doublecab facelift Pickup 2002-2006,P1,缓存精确继承,车形分类核定/cache/model_shape_cache.csv
EU,Ford Ranger Ranger ER/EQ facelift doublecab xlt facelift Pickup 1999-2006,P1,缓存精确继承,车形分类核定/cache/model_shape_cache.csv
EU,Ford Ranger Ranger ER/EQ facelift doublecab xlt facelift Pickup 2002-2006,P1,缓存精确继承,车形分类核定/cache/model_shape_cache.csv
EU,Ford Ranger Ranger ER/EQ facelift regcab facelift Pickup 1999-2006,P1,缓存精确继承,车形分类核定/cache/model_shape_cache.csv
EU,Ford Ranger Ranger ER/EQ facelift regcab facelift Pickup 2002-2006,P1,缓存精确继承,车形分类核定/cache/model_shape_cache.csv
EU,Ford Ranger Ranger ER/EQ facelift supercab xlt facelift Pickup 1999-2006,P1,缓存精确继承,车形分类核定/cache/model_shape_cache.csv
EU,Ford Ranger Ranger ER/EQ facelift supercab xlt facelift Pickup 2002-2006,P1,缓存精确继承,车形分类核定/cache/model_shape_cache.csv
EU,Ford Ranger Ranger ER/EQ regcab prefl L4998 W1695 H1615 Pickup 1999-2002,P1,缓存精确继承,车形分类核定/cache/model_shape_cache.csv
EU,Ford Ranger Ranger ER/EQ regcab prefl L4998 W1750 H1740 Pickup 1999-2002,P1,缓存精确继承,车形分类核定/cache/model_shape_cache.csv
EU,Ford Ranger Ranger ER/EQ/R_ Pickup 2002-2006,P1,缓存精确继承,车形分类核定/cache/model_shape_cache.csv
EU,Ford Ranger Ranger II Facelift Pickup 2006-2012,P1,缓存精确继承,车形分类核定/cache/model_shape_cache.csv
EU,Ford Ranger Ranger II Pickup 2006-2012,P1,缓存精确继承,车形分类核定/cache/model_shape_cache.csv
EU,Ford Ranger TKE Ranger III doublecab limited Pickup 2018-2026,P1,缓存精确继承,车形分类核定/cache/model_shape_cache.csv
EU,Ford Ranger TKE Ranger III doublecab limited Pickup 2019-2026,P1,缓存精确继承,车形分类核定/cache/model_shape_cache.csv
EU,Ford Ranger TKE Ranger III doublecab raptor Pickup 2018-2026,P2,缓存精确继承,车形分类核定/cache/model_shape_cache.csv
EU,Ford Ranger TKE Ranger III doublecab standard Pickup 2019-2026,P1,缓存精确继承,车形分类核定/cache/model_shape_cache.csv
EU,Ford Ranger TKE Ranger III doublecab wildtrak Pickup 2018-2026,P1,缓存精确继承,车形分类核定/cache/model_shape_cache.csv
EU,Ford Ranger TKE Ranger III limited Pickup 2011-2026,P1,缓存精确继承,车形分类核定/cache/model_shape_cache.csv
EU,Ford Ranger TKE Ranger III regularcab Pickup 2019-2026,P1,缓存精确继承,车形分类核定/cache/model_shape_cache.csv
EU,Ford Ranger TKE Ranger III standard Pickup 2011-2026,P1,缓存精确继承,车形分类核定/cache/model_shape_cache.csv
EU,Ford Ranger TKE Ranger III supercab limited Pickup 2019-2026,P1,缓存精确继承,车形分类核定/cache/model_shape_cache.csv
EU,Ford Ranger TKE Ranger III supercab standard Pickup 2019-2026,P1,缓存精确继承,车形分类核定/cache/model_shape_cache.csv
EU,Ford Ranger TKE Ranger III wildtrak Pickup 2011-2026,P1,缓存精确继承,车形分类核定/cache/model_shape_cache.csv
EU,Ford Ranger TKE Ranger TKE facelift L5277 W1860 H1800 Pickup 2015-2026,P1,缓存精确继承,车形分类核定/cache/model_shape_cache.csv
EU,Ford Ranger TKE Ranger TKE facelift L5362 W1860 H1804 Pickup 2015-2026,P1,缓存精确继承,车形分类核定/cache/model_shape_cache.csv
EU,Ford Ranger TKE Ranger TKE facelift doublecab highspec Pickup 2015-2026,P1,缓存精确继承,车形分类核定/cache/model_shape_cache.csv
EU,Ford Ranger TKE Ranger TKE facelift doublecab std Pickup 2015-2026,P1,缓存精确继承,车形分类核定/cache/model_shape_cache.csv
EU,Ford Ranger TKE Ranger TKE facelift supercab highspec Pickup 2015-2026,P1,缓存精确继承,车形分类核定/cache/model_shape_cache.csv
EU,Ford Ranger TKE Ranger TKE pre-facelift L5274 W1850 H1703 Pickup 2011-2026,P1,缓存精确继承,车形分类核定/cache/model_shape_cache.csv
EU,Ford Ranger TKE Ranger TKE pre-facelift L5359 W1850 H1706 Pickup 2011-2026,P1,缓存精确继承,车形分类核定/cache/model_shape_cache.csv
EU,Ford Ranger TKE Ranger TKE pre-facelift doublecab highspec Pickup 2011-2026,P1,缓存精确继承,车形分类核定/cache/model_shape_cache.csv
EU,Ford Ranger TKE Ranger TKE pre-facelift doublecab std Pickup 2011-2026,P1,缓存精确继承,车形分类核定/cache/model_shape_cache.csv
EU,Ford Ranger TKE Ranger TKE pre-facelift regcab Pickup 2011-2026,P1,缓存精确继承,车形分类核定/cache/model_shape_cache.csv
EU,Ford Ranger TKE Ranger TKE pre-facelift supercab highspec Pickup 2011-2026,P1,缓存精确继承,车形分类核定/cache/model_shape_cache.csv
EU,Ford Ranger TKE Ranger TKE pre-facelift supercab std Pickup 2011-2026,P1,缓存精确继承,车形分类核定/cache/model_shape_cache.csv
EU,Ford USA Mustang convertible Convertible 2005-2010,SD0,本轮增量研究,https://media.ford.com/content/dam/fordmedia/Europe/documents/en/2022/2022_Mustang_Tech_Spec_EU.pdf
EU,Ford USA Mustang convertible Convertible 2005-2026,SD0,本轮增量研究,https://media.ford.com/content/dam/fordmedia/Europe/documents/en/2022/2022_Mustang_Tech_Spec_EU.pdf
EU,Ford USA Mustang convertible Fox Convertible 1987-1993,SD0,本轮增量研究,https://media.ford.com/content/dam/fordmedia/Europe/documents/en/2022/2022_Mustang_Tech_Spec_EU.pdf
EU,Ford USA Mustang convertible S197 Convertible 2010-2014,SD0,本轮增量研究,https://media.ford.com/content/dam/fordmedia/Europe/documents/en/2022/2022_Mustang_Tech_Spec_EU.pdf
EU,Ford USA Mustang convertible S197 Convertible 2010-2026,SD0,本轮增量研究,https://media.ford.com/content/dam/fordmedia/Europe/documents/en/2022/2022_Mustang_Tech_Spec_EU.pdf
EU,Ford USA Mustang convertible S197 Mustang V L4778 W1877 H1417 Convertible 2012-2026,SD0,本轮增量研究,https://media.ford.com/content/dam/fordmedia/Europe/documents/en/2022/2022_Mustang_Tech_Spec_EU.pdf
EU,Ford USA Mustang convertible S197 Mustang V L4780 W1877 H1400 Convertible 2012-2026,SD0,本轮增量研究,https://media.ford.com/content/dam/fordmedia/Europe/documents/en/2022/2022_Mustang_Tech_Spec_EU.pdf
EU,Ford USA Mustang convertible S197 Mustang V facelift Convertible 2009-2010,SD0,本轮增量研究,https://media.ford.com/content/dam/fordmedia/Europe/documents/en/2022/2022_Mustang_Tech_Spec_EU.pdf
EU,Ford USA Mustang convertible S197 Mustang V prefl Convertible 2009-2010,SD0,本轮增量研究,https://media.ford.com/content/dam/fordmedia/Europe/documents/en/2022/2022_Mustang_Tech_Spec_EU.pdf
EU,Ford USA Mustang convertible S550 Convertible 2014-2023,SD0,本轮增量研究,https://media.ford.com/content/dam/fordmedia/Europe/documents/en/2022/2022_Mustang_Tech_Spec_EU.pdf
EU,Ford USA Mustang convertible S550 Convertible 2019-2023,SD0,本轮增量研究,https://media.ford.com/content/dam/fordmedia/Europe/documents/en/2022/2022_Mustang_Tech_Spec_EU.pdf
EU,Ford USA Mustang convertible S550 Mustang VI Facelift L4789 W1916 H1387 Convertible 2017-2023,SD0,本轮增量研究,https://media.ford.com/content/dam/fordmedia/Europe/documents/en/2022/2022_Mustang_Tech_Spec_EU.pdf
EU,Ford USA Mustang convertible S550 Mustang VI Facelift L4789 W1916 H1396 Convertible 2017-2023,SD0,本轮增量研究,https://media.ford.com/content/dam/fordmedia/Europe/documents/en/2022/2022_Mustang_Tech_Spec_EU.pdf
EU,Ford USA Mustang convertible S550 Mustang VI facelift Convertible 2015-2023,SD0,本轮增量研究,https://media.ford.com/content/dam/fordmedia/Europe/documents/en/2022/2022_Mustang_Tech_Spec_EU.pdf
EU,Ford USA Mustang convertible S550 Mustang VI prefl Convertible 2015-2023,SD0,本轮增量研究,https://media.ford.com/content/dam/fordmedia/Europe/documents/en/2022/2022_Mustang_Tech_Spec_EU.pdf
EU,Ford USA Mustang convertible SN95 Convertible 1993-1995,SD0,本轮增量研究,https://media.ford.com/content/dam/fordmedia/Europe/documents/en/2022/2022_Mustang_Tech_Spec_EU.pdf
EU,Ford USA Mustang convertible SN95 Convertible 1995-1999,SD0,本轮增量研究,https://media.ford.com/content/dam/fordmedia/Europe/documents/en/2022/2022_Mustang_Tech_Spec_EU.pdf
EU,Ford USA Mustang convertible SN95 Ford Mustang IV New Edge Convertible 1999-2003,SD0,本轮增量研究,https://media.ford.com/content/dam/fordmedia/Europe/documents/en/2022/2022_Mustang_Tech_Spec_EU.pdf
EU,Ford USA Mustang convertible SN95 Mustang IV Convertible 1993-1999,SD0,本轮增量研究,https://media.ford.com/content/dam/fordmedia/Europe/documents/en/2022/2022_Mustang_Tech_Spec_EU.pdf
EU,Ford USA Mustang convertible SN95 Mustang IV facelift Convertible 1993-1999,SD0,本轮增量研究,https://media.ford.com/content/dam/fordmedia/Europe/documents/en/2022/2022_Mustang_Tech_Spec_EU.pdf
EU,Ford USA Mustang convertible SN95 Mustang IV facelift Convertible 1999-2003,SD0,本轮增量研究,https://media.ford.com/content/dam/fordmedia/Europe/documents/en/2022/2022_Mustang_Tech_Spec_EU.pdf
EU,Ford USA Mustang convertible SN95 Mustang IV prefl Convertible 1993-1999,SD0,本轮增量研究,https://media.ford.com/content/dam/fordmedia/Europe/documents/en/2022/2022_Mustang_Tech_Spec_EU.pdf
EU,Genesis G80 G80 II Electrified Sedan 2021-2026,SD1,缓存精确继承,车形分类核定/cache/model_shape_cache.csv
EU,Genesis G80 G80 II Sedan 2021-2026,SD1,缓存精确继承,车形分类核定/cache/model_shape_cache.csv
EU,Genesis G80 Sedan 2020-2026,SD1,缓存精确继承,车形分类核定/cache/model_shape_cache.csv
EU,Honda Accord SJ Hatchback 1978-1981,SD1,缓存精确继承,车形分类核定/cache/model_shape_cache.csv
EU,Honda Civic vii hatchback Civic VII Hatchback Hatchback 2000-2005,H0,本轮增量研究,https://hondanews.eu/eu/en/cars/media/pressreleases/34266/civic-04-specifications-2004
EU,Honda Civic vii hatchback Civic VII Hatchback Hatchback 2001-2005,H0,本轮增量研究,https://hondanews.eu/eu/en/cars/media/pressreleases/34266/civic-04-specifications-2004
EU,Honda Civic vii hatchback Civic VII Hatchback facelift Hatchback 2000-2005,H0,本轮增量研究,https://hondanews.eu/eu/en/cars/media/pressreleases/34266/civic-04-specifications-2004
EU,Honda Civic vii hatchback Civic VII Hatchback facelift Hatchback 2001-2005,H0,本轮增量研究,https://hondanews.eu/eu/en/cars/media/pressreleases/34266/civic-04-specifications-2004
EU,Honda Civic vii hatchback EP1 Hatchback 2000-2005,H0,本轮增量研究,https://hondanews.eu/eu/en/cars/media/pressreleases/34266/civic-04-specifications-2004
EU,Honda Civic vii hatchback EP1 Hatchback 2001-2005,H0,本轮增量研究,https://hondanews.eu/eu/en/cars/media/pressreleases/34266/civic-04-specifications-2004
EU,Honda Civic vii hatchback EP2 Hatchback 2001-2005,H0,本轮增量研究,https://hondanews.eu/eu/en/cars/media/pressreleases/34266/civic-04-specifications-2004
EU,Honda Civic vii hatchback EP3 Hatchback 2001-2005,H0,本轮增量研究,https://hondanews.eu/eu/en/cars/media/pressreleases/34266/civic-04-specifications-2004
EU,Honda Civic vii hatchback EP4 Hatchback 2002-2005,H0,本轮增量研究,https://hondanews.eu/eu/en/cars/media/pressreleases/34266/civic-04-specifications-2004
EU,Honda Civic vii hatchback EU7 Civic VII Hatchback Hatchback 2001-2005,H0,本轮增量研究,https://hondanews.eu/eu/en/cars/media/pressreleases/34266/civic-04-specifications-2004
EU,Honda Civic vii hatchback EU7 Civic VII Hatchback facelift Hatchback 2001-2005,H0,本轮增量研究,https://hondanews.eu/eu/en/cars/media/pressreleases/34266/civic-04-specifications-2004
EU,Honda Civic vii hatchback EU9 Civic VII Hatchback Hatchback 2002-2005,H0,本轮增量研究,https://hondanews.eu/eu/en/cars/media/pressreleases/34266/civic-04-specifications-2004
EU,Honda Civic vii hatchback EU9 Civic VII Hatchback facelift Hatchback 2002-2005,H0,本轮增量研究,https://hondanews.eu/eu/en/cars/media/pressreleases/34266/civic-04-specifications-2004
EU,Honda Civic vii hatchback EV1 Civic VII Hatchback Hatchback 2001-2005,H0,本轮增量研究,https://hondanews.eu/eu/en/cars/media/pressreleases/34266/civic-04-specifications-2004
EU,Honda Civic vii hatchback EV1 Civic VII Hatchback facelift Hatchback 2001-2005,H0,本轮增量研究,https://hondanews.eu/eu/en/cars/media/pressreleases/34266/civic-04-specifications-2004
EU,Honda Odyssey RL3 MPV 2004-2010,V0,缓存精确继承,车形分类核定/cache/model_shape_cache.csv
EU,Honda Odyssey RL3 MPV 2005-2026,V0,缓存精确继承,车形分类核定/cache/model_shape_cache.csv
EU,Honda Odyssey RL4 MPV 2004-2010,V0,缓存精确继承,车形分类核定/cache/model_shape_cache.csv
EU,Honda Odyssey RL5 MPV 2010-2026,V0,缓存精确继承,车形分类核定/cache/model_shape_cache.csv
EU,Honda Prelude BA4 Coupe 1987-1992,SD0,缓存精确继承,https://global.honda/en/newsroom/news/2025/4250731eng.html
EU,Honda Prelude BB1 Coupe 1993-1996,SD0,缓存精确继承,https://global.honda/en/newsroom/news/2025/4250731eng.html
EU,Honda Prelude BB2 Coupe 1992-1996,SD0,缓存精确继承,https://global.honda/en/newsroom/news/2025/4250731eng.html
EU,Honda Prelude BB3 Coupe 1992-1996,SD0,缓存精确继承,https://global.honda/en/newsroom/news/2025/4250731eng.html
EU,Honda Prelude Coupe 1978-1982,SD0,缓存精确继承,https://global.honda/en/newsroom/news/2025/4250731eng.html
EU,Honda Prelude Coupe 1983-1987,SD0,缓存精确继承,https://global.honda/en/newsroom/news/2025/4250731eng.html
EU,Honda Prelude Coupe 1985-1987,SD0,缓存精确继承,https://global.honda/en/newsroom/news/2025/4250731eng.html
EU,Honda Prelude Coupe 1986-1987,SD0,缓存精确继承,https://global.honda/en/newsroom/news/2025/4250731eng.html
EU,Honda Prelude Coupe 1987-1990,SD0,缓存精确继承,https://global.honda/en/newsroom/news/2025/4250731eng.html
EU,Honda Prelude Coupe 1987-1992,SD0,缓存精确继承,https://global.honda/en/newsroom/news/2025/4250731eng.html
EU,Honda Prelude Coupe 1996-2000,SD0,缓存精确继承,https://global.honda/en/newsroom/news/2025/4250731eng.html
EU,Honda Prelude Coupe 1996-2001,SD0,缓存精确继承,https://global.honda/en/newsroom/news/2025/4250731eng.html
EU,Honda Prelude Coupe 2025-2026,SD0,缓存精确继承,https://global.honda/en/newsroom/news/2025/4250731eng.html
EU,Hyundai Grandeur GN7 Sedan 2022-2026,SD1,本轮增量研究,https://org.hyundai.com/worldwide/en/brand-journal/heritage/heritage-series-grandeur
EU,Hyundai Grandeur HG Sedan 2011-2016,SD1,本轮增量研究,https://org.hyundai.com/worldwide/en/brand-journal/heritage/heritage-series-grandeur
EU,Hyundai Grandeur HG Sedan 2011-2017,SD1,本轮增量研究,https://org.hyundai.com/worldwide/en/brand-journal/heritage/heritage-series-grandeur
EU,Hyundai Grandeur TG Sedan 2005-2010,SD1,本轮增量研究,https://org.hyundai.com/worldwide/en/brand-journal/heritage/heritage-series-grandeur
EU,Hyundai Grandeur TG Sedan 2006-2008,SD1,本轮增量研究,https://org.hyundai.com/worldwide/en/brand-journal/heritage/heritage-series-grandeur
EU,Hyundai Grandeur TG Sedan 2006-2010,SD1,本轮增量研究,https://org.hyundai.com/worldwide/en/brand-journal/heritage/heritage-series-grandeur
EU,Hyundai Grandeur TG Sedan 2006-2011,SD1,本轮增量研究,https://org.hyundai.com/worldwide/en/brand-journal/heritage/heritage-series-grandeur
EU,Hyundai Grandeur TG Sedan 2010-2011,SD1,本轮增量研究,https://org.hyundai.com/worldwide/en/brand-journal/heritage/heritage-series-grandeur
EU,Jeep Gladiator JT Gladiator JT hardtop Pickup 2019-2026,P1,缓存精确继承,https://www.jeep.com/gladiator/design.html
EU,Jeep Gladiator JT Gladiator JT rubicon hardtop Pickup 2019-2026,P1,缓存精确继承,https://www.jeep.com/gladiator/design.html
EU,Jeep Gladiator JT Gladiator JT rubicon softtop Pickup 2019-2026,P1,缓存精确继承,https://www.jeep.com/gladiator/design.html
EU,Jeep Gladiator JT Gladiator JT softtop Pickup 2019-2026,P1,缓存精确继承,https://www.jeep.com/gladiator/design.html
EU,Jeep Gladiator JT Pickup 2021-2026,P1,缓存精确继承,https://www.jeep.com/gladiator/design.html
EU,Lancia Delta i 831 Delta I Hatchback 1979-1992,H0,缓存精确继承,https://www.media.stellantis.com/de-de/lancia/press/78-internationaler-genfer-automobilsalon-weltpremiere-lancia-delta
EU,Lancia Delta i 831 Delta I L3895 W1620 H1355 Hatchback 1986-1988,H0,缓存精确继承,https://www.media.stellantis.com/de-de/lancia/press/78-internationaler-genfer-automobilsalon-weltpremiere-lancia-delta
EU,Lancia Delta i 831 Delta I L3895 W1620 H1380 Hatchback 1986-1988,H0,缓存精确继承,https://www.media.stellantis.com/de-de/lancia/press/78-internationaler-genfer-automobilsalon-weltpremiere-lancia-delta
EU,Lancia Delta i 831 Delta I L3900 W1700 H1380 Hatchback 1986-1988,H0,缓存精确继承,https://www.media.stellantis.com/de-de/lancia/press/78-internationaler-genfer-automobilsalon-weltpremiere-lancia-delta
EU,Lancia Delta i 831 Delta I evo Hatchback 1986-1992,H0,缓存精确继承,https://www.media.stellantis.com/de-de/lancia/press/78-internationaler-genfer-automobilsalon-weltpremiere-lancia-delta
EU,Lancia Delta i 831 Delta I facelift 1982 Hatchback 1979-1992,H0,缓存精确继承,https://www.media.stellantis.com/de-de/lancia/press/78-internationaler-genfer-automobilsalon-weltpremiere-lancia-delta
EU,Lancia Delta i 831 Delta I fl1982 Hatchback 1983-1986,H0,缓存精确继承,https://www.media.stellantis.com/de-de/lancia/press/78-internationaler-genfer-automobilsalon-weltpremiere-lancia-delta
EU,Lancia Delta i 831 Delta I fl1986 Hatchback 1983-1986,H0,缓存精确继承,https://www.media.stellantis.com/de-de/lancia/press/78-internationaler-genfer-automobilsalon-weltpremiere-lancia-delta
EU,Lancia Delta i 831 Delta I preevo Hatchback 1986-1992,H0,缓存精确继承,https://www.media.stellantis.com/de-de/lancia/press/78-internationaler-genfer-automobilsalon-weltpremiere-lancia-delta
EU,Lancia Delta i 831 Hatchback 1982-1986,H0,缓存精确继承,https://www.media.stellantis.com/de-de/lancia/press/78-internationaler-genfer-automobilsalon-weltpremiere-lancia-delta
EU,Lancia Delta i 831 Hatchback 1986-1989,H0,缓存精确继承,https://www.media.stellantis.com/de-de/lancia/press/78-internationaler-genfer-automobilsalon-weltpremiere-lancia-delta
EU,Lancia Delta i 831 Hatchback 1987-1989,H0,缓存精确继承,https://www.media.stellantis.com/de-de/lancia/press/78-internationaler-genfer-automobilsalon-weltpremiere-lancia-delta
EU,Lancia Delta i 831 Hatchback 1987-1991,H0,缓存精确继承,https://www.media.stellantis.com/de-de/lancia/press/78-internationaler-genfer-automobilsalon-weltpremiere-lancia-delta
EU,Lancia Delta i 831 Hatchback 1987-1992,H0,缓存精确继承,https://www.media.stellantis.com/de-de/lancia/press/78-internationaler-genfer-automobilsalon-weltpremiere-lancia-delta
EU,Lancia Delta i 831 Hatchback 1989-1991,H0,缓存精确继承,https://www.media.stellantis.com/de-de/lancia/press/78-internationaler-genfer-automobilsalon-weltpremiere-lancia-delta
EU,Lancia Delta i 831 Hatchback 1991-1994,H0,缓存精确继承,https://www.media.stellantis.com/de-de/lancia/press/78-internationaler-genfer-automobilsalon-weltpremiere-lancia-delta
EU,Lancia Delta i 831 Hatchback 1993-1994,H0,缓存精确继承,https://www.media.stellantis.com/de-de/lancia/press/78-internationaler-genfer-automobilsalon-weltpremiere-lancia-delta
EU,Lexus Es AXZA10 Sedan 2018-2026,SD1,缓存精确继承,https://global.toyota/en/newsroom/lexus/35079970.html
EU,Lexus Es GSZ10 Sedan 2018-2026,SD1,缓存精确继承,https://global.toyota/en/newsroom/lexus/35079970.html
EU,Lexus Es Sedan 2018-2026,SD1,缓存精确继承,https://global.toyota/en/newsroom/lexus/35079970.html
EU,Lexus Es Sedan 2025-2026,SD1,缓存精确继承,https://global.toyota/en/newsroom/lexus/35079970.html
EU,Lexus Es Sedan 2026-2026,SD1,缓存精确继承,https://global.toyota/en/newsroom/lexus/35079970.html
EU,Lexus Es VZV21 Sedan 1989-1991,SD1,缓存精确继承,https://global.toyota/en/newsroom/lexus/35079970.html
EU,Lexus Es XV10 Sedan 1991-1997,SD1,缓存精确继承,https://global.toyota/en/newsroom/lexus/35079970.html
EU,Lexus Es XV60 ES VI (XV60) Sedan 2012-2018,SD1,缓存精确继承,https://global.toyota/en/newsroom/lexus/35079970.html
EU,Lexus Es XV60 ES VI facelift 2015 Sedan 2012-2018,SD1,缓存精确继承,https://global.toyota/en/newsroom/lexus/35079970.html
EU,Lexus Es XZ10 Sedan 2019-2026,SD1,缓存精确继承,https://global.toyota/en/newsroom/lexus/35079970.html
EU,Lexus Gs ARL10 Sedan 2017-2026,SD1,本轮增量研究,https://global.toyota/jp/newsroom/lexus/32231442.html
EU,Lexus Gs GRL11 Sedan 2012-2026,SD1,本轮增量研究,https://global.toyota/jp/newsroom/lexus/32231442.html
EU,Lexus Gs L10 GS F IV Sedan 2015-2026,SD1,本轮增量研究,https://global.toyota/jp/newsroom/lexus/32231442.html
EU,Lexus Gs L10 GS IV Sedan 2012-2018,SD1,本轮增量研究,https://global.toyota/jp/newsroom/lexus/32231442.html
EU,Lexus Gs L10 GS IV Sedan 2013-2026,SD1,本轮增量研究,https://global.toyota/jp/newsroom/lexus/32231442.html
EU,Lexus Gs L10 GS IV facelift 2015 Sedan 2012-2018,SD1,本轮增量研究,https://global.toyota/jp/newsroom/lexus/32231442.html
EU,Lexus Gs L10 GS IV facelift 2015 Sedan 2013-2026,SD1,本轮增量研究,https://global.toyota/jp/newsroom/lexus/32231442.html
EU,Lexus Gs L10 GS IV facelift 2015 Sedan 2015-2026,SD1,本轮增量研究,https://global.toyota/jp/newsroom/lexus/32231442.html
EU,Lexus Gs S140 Sedan 1993-1997,SD1,本轮增量研究,https://global.toyota/jp/newsroom/lexus/32231442.html
EU,Lexus Gs S160 Sedan 1997-2000,SD1,本轮增量研究,https://global.toyota/jp/newsroom/lexus/32231442.html
EU,Lexus Gs S160 Sedan 2000-2004,SD1,本轮增量研究,https://global.toyota/jp/newsroom/lexus/32231442.html
EU,Lexus Gs S190 Sedan 2005-2011,SD1,本轮增量研究,https://global.toyota/jp/newsroom/lexus/32231442.html
EU,Lexus Gs S190 Sedan 2006-2011,SD1,本轮增量研究,https://global.toyota/jp/newsroom/lexus/32231442.html
EU,Lexus Gs S190 Sedan 2007-2011,SD1,本轮增量研究,https://global.toyota/jp/newsroom/lexus/32231442.html
EU,Lexus Gs Sedan 2006-2011,SD1,本轮增量研究,https://global.toyota/jp/newsroom/lexus/32231442.html
EU,Lexus Ls GVF55 Sedan 2017-2026,SD1,缓存精确继承,https://global.toyota/en/detail/19202496
EU,Lexus Ls UCF10 Sedan 1989-1995,SD1,缓存精确继承,https://global.toyota/en/detail/19202496
EU,Lexus Ls UCF10 Sedan 1994-1997,SD1,缓存精确继承,https://global.toyota/en/detail/19202496
EU,Lexus Ls USF40 Sedan 2006-2026,SD1,缓存精确继承,https://global.toyota/en/detail/19202496
EU,Lexus Ls XF20 Sedan 1997-2000,SD1,缓存精确继承,https://global.toyota/en/detail/19202496
EU,Lexus Ls XF20 Sedan 1998-2000,SD1,缓存精确继承,https://global.toyota/en/detail/19202496
EU,Lexus Ls XF30 LS III Sedan 2000-2006,SD1,缓存精确继承,https://global.toyota/en/detail/19202496
EU,Lexus Ls XF30 LS III facelift 2004 Sedan 2000-2006,SD1,缓存精确继承,https://global.toyota/en/detail/19202496
EU,Lexus Ls XF40 LS IV Sedan 2007-2026,SD1,缓存精确继承,https://global.toyota/en/detail/19202496
EU,Lexus Ls XF40 LS IV facelift 2009 Sedan 2007-2026,SD1,缓存精确继承,https://global.toyota/en/detail/19202496
EU,Lexus Ls XF40 LS IV facelift 2012 Sedan 2007-2026,SD1,缓存精确继承,https://global.toyota/en/detail/19202496
EU,Lexus Ls XF40 Sedan 2006-2026,SD1,缓存精确继承,https://global.toyota/en/detail/19202496
EU,Lexus Ls XF40 Sedan 2008-2026,SD1,缓存精确继承,https://global.toyota/en/detail/19202496
EU,Lexus Ls XF40 Sedan 2012-2026,SD1,缓存精确继承,https://global.toyota/en/detail/19202496
EU,Lexus Ls XF50 Sedan 2017-2026,SD1,缓存精确继承,https://global.toyota/en/detail/19202496
EU,Mercedes-benz 190 201.028 190 (W201) facelift Sedan 1986-1991,SD1,缓存精确继承,https://mercedes-benz-publicarchive.com/marsClassic/en/instance/ko/190-E-26.xhtml?oid=5475
EU,Mercedes-benz 190 201.028 190 (W201) facelift Sedan 1986-1993,SD1,缓存精确继承,https://mercedes-benz-publicarchive.com/marsClassic/en/instance/ko/190-E-26.xhtml?oid=5475
EU,Mercedes-benz 190 201.028 190 (W201) prefl Sedan 1986-1991,SD1,缓存精确继承,https://mercedes-benz-publicarchive.com/marsClassic/en/instance/ko/190-E-26.xhtml?oid=5475
EU,Mercedes-benz 190 201.028 190 (W201) prefl Sedan 1986-1993,SD1,缓存精确继承,https://mercedes-benz-publicarchive.com/marsClassic/en/instance/ko/190-E-26.xhtml?oid=5475
EU,Mercedes-benz 190 201.029 190 (W201) facelift Sedan 1986-1989,SD1,缓存精确继承,https://mercedes-benz-publicarchive.com/marsClassic/en/instance/ko/190-E-26.xhtml?oid=5475
EU,Mercedes-benz 190 201.029 190 (W201) facelift Sedan 1986-1993,SD1,缓存精确继承,https://mercedes-benz-publicarchive.com/marsClassic/en/instance/ko/190-E-26.xhtml?oid=5475
EU,Mercedes-benz 190 201.029 190 (W201) prefl Sedan 1986-1989,SD1,缓存精确继承,https://mercedes-benz-publicarchive.com/marsClassic/en/instance/ko/190-E-26.xhtml?oid=5475
EU,Mercedes-benz 190 201.029 190 (W201) prefl Sedan 1986-1993,SD1,缓存精确继承,https://mercedes-benz-publicarchive.com/marsClassic/en/instance/ko/190-E-26.xhtml?oid=5475
EU,Mercedes-benz 190 201.034 Sedan 1984-1987,SD1,缓存精确继承,https://mercedes-benz-publicarchive.com/marsClassic/en/instance/ko/190-E-26.xhtml?oid=5475
EU,Mercedes-benz 190 201.034 Sedan 1985-1987,SD1,缓存精确继承,https://mercedes-benz-publicarchive.com/marsClassic/en/instance/ko/190-E-26.xhtml?oid=5475
EU,Mercedes-benz 190 201.034 Sedan 1985-1988,SD1,缓存精确继承,https://mercedes-benz-publicarchive.com/marsClassic/en/instance/ko/190-E-26.xhtml?oid=5475
EU,Mercedes-benz 190 201.035 Sedan 1988-1993,SD1,缓存精确继承,https://mercedes-benz-publicarchive.com/marsClassic/en/instance/ko/190-E-26.xhtml?oid=5475
EU,Mercedes-benz 190 201.036 Sedan 1989-1993,SD1,缓存精确继承,https://mercedes-benz-publicarchive.com/marsClassic/en/instance/ko/190-E-26.xhtml?oid=5475
EU,Mercedes-benz 190 201.036 Sedan 1990-1993,SD1,缓存精确继承,https://mercedes-benz-publicarchive.com/marsClassic/en/instance/ko/190-E-26.xhtml?oid=5475
EU,Mercedes-benz 190 201.122 190 (W201) facelift Sedan 1983-1989,SD1,缓存精确继承,https://mercedes-benz-publicarchive.com/marsClassic/en/instance/ko/190-E-26.xhtml?oid=5475
EU,Mercedes-benz 190 201.122 190 (W201) prefl Sedan 1983-1989,SD1,缓存精确继承,https://mercedes-benz-publicarchive.com/marsClassic/en/instance/ko/190-E-26.xhtml?oid=5475
EU,Mercedes-benz 190 201.122 Sedan 1989-1993,SD1,缓存精确继承,https://mercedes-benz-publicarchive.com/marsClassic/en/instance/ko/190-E-26.xhtml?oid=5475
EU,Mercedes-benz 190 201.126 190 (W201) facelift Sedan 1985-1993,SD1,缓存精确继承,https://mercedes-benz-publicarchive.com/marsClassic/en/instance/ko/190-E-26.xhtml?oid=5475
EU,Mercedes-benz 190 201.126 190 (W201) prefl Sedan 1985-1993,SD1,缓存精确继承,https://mercedes-benz-publicarchive.com/marsClassic/en/instance/ko/190-E-26.xhtml?oid=5475
EU,Mercedes-benz 190 201.126 Sedan 1989-1993,SD1,缓存精确继承,https://mercedes-benz-publicarchive.com/marsClassic/en/instance/ko/190-E-26.xhtml?oid=5475
EU,Mercedes-benz 190 201.128 190 (W201) facelift Sedan 1988-1993,SD1,缓存精确继承,https://mercedes-benz-publicarchive.com/marsClassic/en/instance/ko/190-E-26.xhtml?oid=5475
EU,Mercedes-benz 190 201.128 190 (W201) prefl Sedan 1988-1993,SD1,缓存精确继承,https://mercedes-benz-publicarchive.com/marsClassic/en/instance/ko/190-E-26.xhtml?oid=5475
EU,Mercedes-benz 190 W201 Mercedes-Benz 190 W201 early Sedan 1982-1993,SD1,缓存精确继承,https://mercedes-benz-publicarchive.com/marsClassic/en/instance/ko/190-E-26.xhtml?oid=5475
EU,Mercedes-benz 190 W201 Mercedes-Benz 190 W201 early Sedan 1983-1990,SD1,缓存精确继承,https://mercedes-benz-publicarchive.com/marsClassic/en/instance/ko/190-E-26.xhtml?oid=5475
EU,Mercedes-benz 190 W201 Mercedes-Benz 190 W201 facelift Sedan 1982-1993,SD1,缓存精确继承,https://mercedes-benz-publicarchive.com/marsClassic/en/instance/ko/190-E-26.xhtml?oid=5475
EU,Mercedes-benz 190 W201 Mercedes-Benz 190 W201 facelift Sedan 1983-1990,SD1,缓存精确继承,https://mercedes-benz-publicarchive.com/marsClassic/en/instance/ko/190-E-26.xhtml?oid=5475
EU,Mercedes-benz 190 W201 Mercedes-Benz 190 W201 facelift Sedan 1985-1993,SD1,缓存精确继承,https://mercedes-benz-publicarchive.com/marsClassic/en/instance/ko/190-E-26.xhtml?oid=5475
EU,Mercedes-benz 190 W201 Mercedes-Benz 190 W201 facelift Sedan 1986-1990,SD1,缓存精确继承,https://mercedes-benz-publicarchive.com/marsClassic/en/instance/ko/190-E-26.xhtml?oid=5475
EU,Mercedes-benz 190 W201 Mercedes-Benz 190 W201 prefl Sedan 1982-1993,SD1,缓存精确继承,https://mercedes-benz-publicarchive.com/marsClassic/en/instance/ko/190-E-26.xhtml?oid=5475
EU,Mercedes-benz 190 W201 Mercedes-Benz 190 W201 prefl Sedan 1983-1990,SD1,缓存精确继承,https://mercedes-benz-publicarchive.com/marsClassic/en/instance/ko/190-E-26.xhtml?oid=5475
EU,Mercedes-benz 190 W201 Mercedes-Benz 190 W201 prefl Sedan 1985-1993,SD1,缓存精确继承,https://mercedes-benz-publicarchive.com/marsClassic/en/instance/ko/190-E-26.xhtml?oid=5475
EU,Mercedes-benz 190 W201 Mercedes-Benz 190 W201 prefl Sedan 1986-1990,SD1,缓存精确继承,https://mercedes-benz-publicarchive.com/marsClassic/en/instance/ko/190-E-26.xhtml?oid=5475
EU,Mercedes-benz 190 W201 Sedan 1982-1984,SD1,缓存精确继承,https://mercedes-benz-publicarchive.com/marsClassic/en/instance/ko/190-E-26.xhtml?oid=5475
EU,Mercedes-benz 190 W201 Sedan 1982-1988,SD1,缓存精确继承,https://mercedes-benz-publicarchive.com/marsClassic/en/instance/ko/190-E-26.xhtml?oid=5475
EU,Mercedes-benz 190 W201 Sedan 1984-1985,SD1,缓存精确继承,https://mercedes-benz-publicarchive.com/marsClassic/en/instance/ko/190-E-26.xhtml?oid=5475
EU,Mercedes-benz 190 W201 Sedan 1985-1986,SD1,缓存精确继承,https://mercedes-benz-publicarchive.com/marsClassic/en/instance/ko/190-E-26.xhtml?oid=5475
EU,Mercedes-benz 190 W201 Sedan 1987-1988,SD1,缓存精确继承,https://mercedes-benz-publicarchive.com/marsClassic/en/instance/ko/190-E-26.xhtml?oid=5475
EU,Mercedes-benz 190 W201 Sedan 1989-1993,SD1,缓存精确继承,https://mercedes-benz-publicarchive.com/marsClassic/en/instance/ko/190-E-26.xhtml?oid=5475
EU,Mercedes-benz 190 W201 Sedan 1990-1993,SD1,缓存精确继承,https://mercedes-benz-publicarchive.com/marsClassic/en/instance/ko/190-E-26.xhtml?oid=5475
EU,Mitsubishi Colt vi Colt VI (Z30) 3dr facelift Hatchback 2004-2012,H1,缓存精确继承,https://www.mitsubishi-motors.com/en/company/history/car/?MID=21
EU,Mitsubishi Colt vi Colt VI (Z30) 3dr prefl Hatchback 2004-2012,H1,缓存精确继承,https://www.mitsubishi-motors.com/en/company/history/car/?MID=21
EU,Mitsubishi Colt vi Colt VI (Z30) 5dr facelift Hatchback 2004-2012,H1,缓存精确继承,https://www.mitsubishi-motors.com/en/company/history/car/?MID=21
EU,Mitsubishi Colt vi Colt VI (Z30) 5dr prefl Hatchback 2004-2012,H1,缓存精确继承,https://www.mitsubishi-motors.com/en/company/history/car/?MID=21
EU,Mitsubishi Colt vi Hatchback 2010-2012,H1,缓存精确继承,https://www.mitsubishi-motors.com/en/company/history/car/?MID=21
EU,Mitsubishi Colt vi Z21A Colt VI (Z30) 3dr facelift Hatchback 2004-2012,H1,缓存精确继承,https://www.mitsubishi-motors.com/en/company/history/car/?MID=21
EU,Mitsubishi Colt vi Z21A Colt VI (Z30) 3dr prefl Hatchback 2004-2012,H1,缓存精确继承,https://www.mitsubishi-motors.com/en/company/history/car/?MID=21
EU,Mitsubishi Colt vi Z21A Colt VI (Z30) 5dr facelift Hatchback 2004-2012,H1,缓存精确继承,https://www.mitsubishi-motors.com/en/company/history/car/?MID=21
EU,Mitsubishi Colt vi Z21A Colt VI (Z30) 5dr prefl Hatchback 2004-2012,H1,缓存精确继承,https://www.mitsubishi-motors.com/en/company/history/car/?MID=21
EU,Mitsubishi Colt vi Z23A Colt VI (Z30) 3dr facelift Hatchback 2004-2012,H1,缓存精确继承,https://www.mitsubishi-motors.com/en/company/history/car/?MID=21
EU,Mitsubishi Colt vi Z23A Colt VI (Z30) 3dr prefl Hatchback 2004-2012,H1,缓存精确继承,https://www.mitsubishi-motors.com/en/company/history/car/?MID=21
EU,Mitsubishi Colt vi Z23A Colt VI (Z30) 5dr facelift Hatchback 2004-2012,H1,缓存精确继承,https://www.mitsubishi-motors.com/en/company/history/car/?MID=21
EU,Mitsubishi Colt vi Z23A Colt VI (Z30) 5dr prefl Hatchback 2004-2012,H1,缓存精确继承,https://www.mitsubishi-motors.com/en/company/history/car/?MID=21
EU,Mitsubishi Colt vi Z31A Colt VI (Z30) 5dr facelift Hatchback 2004-2012,H1,缓存精确继承,https://www.mitsubishi-motors.com/en/company/history/car/?MID=21
EU,Mitsubishi Colt vi Z31A Colt VI (Z30) 5dr prefl Hatchback 2004-2012,H1,缓存精确继承,https://www.mitsubishi-motors.com/en/company/history/car/?MID=21
EU,Mitsubishi Colt vi Z32A Colt VI (Z30) 3dr facelift Hatchback 2004-2012,H1,缓存精确继承,https://www.mitsubishi-motors.com/en/company/history/car/?MID=21
EU,Mitsubishi Colt vi Z32A Colt VI (Z30) 3dr prefl Hatchback 2004-2012,H1,缓存精确继承,https://www.mitsubishi-motors.com/en/company/history/car/?MID=21
EU,Mitsubishi Colt vi Z33A Colt VI (Z30) 3dr facelift Hatchback 2004-2012,H1,缓存精确继承,https://www.mitsubishi-motors.com/en/company/history/car/?MID=21
EU,Mitsubishi Colt vi Z33A Colt VI (Z30) 3dr prefl Hatchback 2004-2012,H1,缓存精确继承,https://www.mitsubishi-motors.com/en/company/history/car/?MID=21
EU,Mitsubishi Colt vi Z33A Colt VI (Z30) 5dr facelift Hatchback 2004-2012,H1,缓存精确继承,https://www.mitsubishi-motors.com/en/company/history/car/?MID=21
EU,Mitsubishi Colt vi Z33A Colt VI (Z30) 5dr prefl Hatchback 2004-2012,H1,缓存精确继承,https://www.mitsubishi-motors.com/en/company/history/car/?MID=21
EU,Mitsubishi Colt vi Z35A Hatchback 2008-2012,H1,缓存精确继承,https://www.mitsubishi-motors.com/en/company/history/car/?MID=21
EU,Mitsubishi Colt vi Z37A Hatchback 2005-2012,H1,缓存精确继承,https://www.mitsubishi-motors.com/en/company/history/car/?MID=21
EU,Mitsubishi Colt vi Z38A Hatchback 2004-2012,H1,缓存精确继承,https://www.mitsubishi-motors.com/en/company/history/car/?MID=21
EU,Mitsubishi Colt vi Z39A Hatchback 2004-2012,H1,缓存精确继承,https://www.mitsubishi-motors.com/en/company/history/car/?MID=21
EU,Mitsubishi Pajero iv Pajero IV 3dr SUV 2006-2026,SU2,缓存精确继承,https://www.mitsubishi-motors.com/en/company/history/car/
EU,Mitsubishi Pajero iv Pajero IV 3dr SUV 2007-2026,SU2,缓存精确继承,https://www.mitsubishi-motors.com/en/company/history/car/
EU,Mitsubishi Pajero iv Pajero IV 5dr SUV 2006-2026,SU2,缓存精确继承,https://www.mitsubishi-motors.com/en/company/history/car/
EU,Mitsubishi Pajero iv Pajero IV 5dr SUV 2007-2026,SU2,缓存精确继承,https://www.mitsubishi-motors.com/en/company/history/car/
EU,Mitsubishi Pajero iv V80 SUV 2009-2026,SU2,缓存精确继承,https://www.mitsubishi-motors.com/en/company/history/car/
EU,Mitsubishi Pajero iv V83W Pajero IV 3dr narrow highroof SUV 2007-2026,SU2,缓存精确继承,https://www.mitsubishi-motors.com/en/company/history/car/
EU,Mitsubishi Pajero iv V83W Pajero IV 3dr narrow lowroof SUV 2007-2026,SU2,缓存精确继承,https://www.mitsubishi-motors.com/en/company/history/car/
EU,Mitsubishi Pajero iv V83W Pajero IV 3dr wide highroof SUV 2007-2026,SU2,缓存精确继承,https://www.mitsubishi-motors.com/en/company/history/car/
EU,Mitsubishi Pajero iv V83W Pajero IV 3dr wide lowroof SUV 2007-2026,SU2,缓存精确继承,https://www.mitsubishi-motors.com/en/company/history/car/
EU,Mitsubishi Pajero iv V85W SUV 2009-2026,SU2,缓存精确继承,https://www.mitsubishi-motors.com/en/company/history/car/
EU,Mitsubishi Pajero iv V88W Pajero IV 3dr narrow highroof SUV 2007-2026,SU2,缓存精确继承,https://www.mitsubishi-motors.com/en/company/history/car/
EU,Mitsubishi Pajero iv V88W Pajero IV 3dr narrow lowroof SUV 2007-2026,SU2,缓存精确继承,https://www.mitsubishi-motors.com/en/company/history/car/
EU,Mitsubishi Pajero iv V88W Pajero IV 3dr wide highroof SUV 2007-2026,SU2,缓存精确继承,https://www.mitsubishi-motors.com/en/company/history/car/
EU,Mitsubishi Pajero iv V88W Pajero IV 3dr wide lowroof SUV 2007-2026,SU2,缓存精确继承,https://www.mitsubishi-motors.com/en/company/history/car/
EU,Mitsubishi Pajero iv V90 SUV 2009-2026,SU2,缓存精确继承,https://www.mitsubishi-motors.com/en/company/history/car/
EU,Mitsubishi Pajero iv V93W Pajero IV 5dr narrow highroof SUV 2007-2026,SU2,缓存精确继承,https://www.mitsubishi-motors.com/en/company/history/car/
EU,Mitsubishi Pajero iv V93W Pajero IV 5dr narrow lowroof SUV 2007-2026,SU2,缓存精确继承,https://www.mitsubishi-motors.com/en/company/history/car/
EU,Mitsubishi Pajero iv V93W Pajero IV 5dr wide highroof SUV 2007-2026,SU2,缓存精确继承,https://www.mitsubishi-motors.com/en/company/history/car/
EU,Mitsubishi Pajero iv V93W Pajero IV 5dr wide lowroof SUV 2007-2026,SU2,缓存精确继承,https://www.mitsubishi-motors.com/en/company/history/car/
EU,Mitsubishi Pajero iv V95W SUV 2009-2026,SU2,缓存精确继承,https://www.mitsubishi-motors.com/en/company/history/car/
EU,Mitsubishi Pajero iv V98W Pajero IV 5dr narrow highroof SUV 2007-2026,SU2,缓存精确继承,https://www.mitsubishi-motors.com/en/company/history/car/
EU,Mitsubishi Pajero iv V98W Pajero IV 5dr narrow highroof SUV 2016-2026,SU2,缓存精确继承,https://www.mitsubishi-motors.com/en/company/history/car/
EU,Mitsubishi Pajero iv V98W Pajero IV 5dr narrow lowroof SUV 2007-2026,SU2,缓存精确继承,https://www.mitsubishi-motors.com/en/company/history/car/
EU,Mitsubishi Pajero iv V98W Pajero IV 5dr narrow lowroof SUV 2016-2026,SU2,缓存精确继承,https://www.mitsubishi-motors.com/en/company/history/car/
EU,Mitsubishi Pajero iv V98W Pajero IV 5dr wide highroof SUV 2007-2026,SU2,缓存精确继承,https://www.mitsubishi-motors.com/en/company/history/car/
EU,Mitsubishi Pajero iv V98W Pajero IV 5dr wide highroof SUV 2016-2026,SU2,缓存精确继承,https://www.mitsubishi-motors.com/en/company/history/car/
EU,Mitsubishi Pajero iv V98W Pajero IV 5dr wide lowroof SUV 2007-2026,SU2,缓存精确继承,https://www.mitsubishi-motors.com/en/company/history/car/
EU,Mitsubishi Pajero iv V98W Pajero IV 5dr wide lowroof SUV 2016-2026,SU2,缓存精确继承,https://www.mitsubishi-motors.com/en/company/history/car/
EU,Nissan Cube Z12 Hatchback 2009-2026,H1,缓存精确继承,车形分类核定/cache/model_shape_cache.csv
EU,Nissan Cube Z12 Hatchback 2010-2026,H1,缓存精确继承,车形分类核定/cache/model_shape_cache.csv
EU,Nissan Gt-R R35 Coupe 2007-2010,SD0,本轮增量研究,https://global.nissannews.com/en/releases/release-d7e4ecd11a3301770049acecdc00031c-nissan-unveils-gt-r-proto-at-tokyo-motor-show
EU,Nissan Gt-R R35 Coupe 2008-2026,SD0,本轮增量研究,https://global.nissannews.com/en/releases/release-d7e4ecd11a3301770049acecdc00031c-nissan-unveils-gt-r-proto-at-tokyo-motor-show
EU,Nissan Gt-R R35 Coupe 2010-2011,SD0,本轮增量研究,https://global.nissannews.com/en/releases/release-d7e4ecd11a3301770049acecdc00031c-nissan-unveils-gt-r-proto-at-tokyo-motor-show
EU,Nissan Gt-R R35 Coupe 2011-2026,SD0,本轮增量研究,https://global.nissannews.com/en/releases/release-d7e4ecd11a3301770049acecdc00031c-nissan-unveils-gt-r-proto-at-tokyo-motor-show
EU,Nissan Gt-R R35 Coupe 2012-2026,SD0,本轮增量研究,https://global.nissannews.com/en/releases/release-d7e4ecd11a3301770049acecdc00031c-nissan-unveils-gt-r-proto-at-tokyo-motor-show
EU,Nissan Gt-R R35 Coupe 2014-2026,SD0,本轮增量研究,https://global.nissannews.com/en/releases/release-d7e4ecd11a3301770049acecdc00031c-nissan-unveils-gt-r-proto-at-tokyo-motor-show
EU,Nissan Gt-R R35 Coupe 2016-2026,SD0,本轮增量研究,https://global.nissannews.com/en/releases/release-d7e4ecd11a3301770049acecdc00031c-nissan-unveils-gt-r-proto-at-tokyo-motor-show
EU,Opel Corsa a cc Corsa A 3dr facelift Hatchback 1989-1993,H0,缓存精确继承,https://www.media.stellantis.com/em-en/opel/press/40-years-of-opel-corsa-a-success-story-in-six-acts
EU,Opel Corsa a cc Corsa A 3dr facelift Hatchback 1990-1993,H0,缓存精确继承,https://www.media.stellantis.com/em-en/opel/press/40-years-of-opel-corsa-a-success-story-in-six-acts
EU,Opel Corsa a cc Corsa A 3dr prefl Hatchback 1989-1993,H0,缓存精确继承,https://www.media.stellantis.com/em-en/opel/press/40-years-of-opel-corsa-a-success-story-in-six-acts
EU,Opel Corsa a cc Corsa A 3dr prefl Hatchback 1990-1993,H0,缓存精确继承,https://www.media.stellantis.com/em-en/opel/press/40-years-of-opel-corsa-a-success-story-in-six-acts
EU,Opel Corsa a cc Hatchback 1985-1989,H0,缓存精确继承,https://www.media.stellantis.com/em-en/opel/press/40-years-of-opel-corsa-a-success-story-in-six-acts
EU,Opel Corsa a cc Hatchback 1992-1993,H0,缓存精确继承,https://www.media.stellantis.com/em-en/opel/press/40-years-of-opel-corsa-a-success-story-in-six-acts
EU,Opel Corsa a cc S83 A facelift 1990 Hatchback 1988-1992,H0,缓存精确继承,https://www.media.stellantis.com/em-en/opel/press/40-years-of-opel-corsa-a-success-story-in-six-acts
EU,Opel Corsa a cc S83 A pre-1990 Hatchback 1988-1992,H0,缓存精确继承,https://www.media.stellantis.com/em-en/opel/press/40-years-of-opel-corsa-a-success-story-in-six-acts
EU,Opel Corsa a cc S83 Corsa A 3dr facelift Hatchback 1982-1993,H0,缓存精确继承,https://www.media.stellantis.com/em-en/opel/press/40-years-of-opel-corsa-a-success-story-in-six-acts
EU,Opel Corsa a cc S83 Corsa A 3dr facelift Hatchback 1986-1990,H0,缓存精确继承,https://www.media.stellantis.com/em-en/opel/press/40-years-of-opel-corsa-a-success-story-in-six-acts
EU,Opel Corsa a cc S83 Corsa A 3dr facelift Hatchback 1987-1993,H0,缓存精确继承,https://www.media.stellantis.com/em-en/opel/press/40-years-of-opel-corsa-a-success-story-in-six-acts
EU,Opel Corsa a cc S83 Corsa A 3dr facelift Hatchback 1988-1993,H0,缓存精确继承,https://www.media.stellantis.com/em-en/opel/press/40-years-of-opel-corsa-a-success-story-in-six-acts
EU,Opel Corsa a cc S83 Corsa A 3dr facelift Hatchback 1990-1993,H0,缓存精确继承,https://www.media.stellantis.com/em-en/opel/press/40-years-of-opel-corsa-a-success-story-in-six-acts
EU,Opel Corsa a cc S83 Corsa A 3dr prefl Hatchback 1982-1993,H0,缓存精确继承,https://www.media.stellantis.com/em-en/opel/press/40-years-of-opel-corsa-a-success-story-in-six-acts
EU,Opel Corsa a cc S83 Corsa A 3dr prefl Hatchback 1986-1990,H0,缓存精确继承,https://www.media.stellantis.com/em-en/opel/press/40-years-of-opel-corsa-a-success-story-in-six-acts
EU,Opel Corsa a cc S83 Corsa A 3dr prefl Hatchback 1987-1993,H0,缓存精确继承,https://www.media.stellantis.com/em-en/opel/press/40-years-of-opel-corsa-a-success-story-in-six-acts
EU,Opel Corsa a cc S83 Corsa A 3dr prefl Hatchback 1988-1993,H0,缓存精确继承,https://www.media.stellantis.com/em-en/opel/press/40-years-of-opel-corsa-a-success-story-in-six-acts
EU,Opel Corsa a cc S83 Corsa A 3dr prefl Hatchback 1990-1993,H0,缓存精确继承,https://www.media.stellantis.com/em-en/opel/press/40-years-of-opel-corsa-a-success-story-in-six-acts
EU,Opel Corsa a cc S83 Corsa A Hatchback 1988-1992,H0,缓存精确继承,https://www.media.stellantis.com/em-en/opel/press/40-years-of-opel-corsa-a-success-story-in-six-acts
EU,Opel Corsa a cc S83 Corsa A facelift Hatchback 1989-1993,H0,缓存精确继承,https://www.media.stellantis.com/em-en/opel/press/40-years-of-opel-corsa-a-success-story-in-six-acts
EU,Opel Corsa a cc S83 Corsa A prefl Hatchback 1989-1993,H0,缓存精确继承,https://www.media.stellantis.com/em-en/opel/press/40-years-of-opel-corsa-a-success-story-in-six-acts
EU,Opel Corsa a cc S83 Hatchback 1982-1989,H0,缓存精确继承,https://www.media.stellantis.com/em-en/opel/press/40-years-of-opel-corsa-a-success-story-in-six-acts
EU,Opel Corsa a cc S83 Hatchback 1982-1990,H0,缓存精确继承,https://www.media.stellantis.com/em-en/opel/press/40-years-of-opel-corsa-a-success-story-in-six-acts
EU,Opel Corsa a cc S83 Hatchback 1991-1993,H0,缓存精确继承,https://www.media.stellantis.com/em-en/opel/press/40-years-of-opel-corsa-a-success-story-in-six-acts
EU,Opel Insignia a sports tourer A facelift Wagon 2010-2015,H2,缓存精确继承,https://www.media.stellantis.com/em-en/opel/press/ready-for-launch-opel-opens-new-insignia-order-bank
EU,Opel Insignia a sports tourer A facelift Wagon 2012-2015,H2,缓存精确继承,https://www.media.stellantis.com/em-en/opel/press/ready-for-launch-opel-opens-new-insignia-order-bank
EU,Opel Insignia a sports tourer A facelift Wagon 2012-2017,H2,缓存精确继承,https://www.media.stellantis.com/em-en/opel/press/ready-for-launch-opel-opens-new-insignia-order-bank
EU,Opel Insignia a sports tourer A prefl Wagon 2010-2015,H2,缓存精确继承,https://www.media.stellantis.com/em-en/opel/press/ready-for-launch-opel-opens-new-insignia-order-bank
EU,Opel Insignia a sports tourer A prefl Wagon 2012-2015,H2,缓存精确继承,https://www.media.stellantis.com/em-en/opel/press/ready-for-launch-opel-opens-new-insignia-order-bank
EU,Opel Insignia a sports tourer A prefl Wagon 2012-2017,H2,缓存精确继承,https://www.media.stellantis.com/em-en/opel/press/ready-for-launch-opel-opens-new-insignia-order-bank
EU,Opel Insignia a sports tourer G09 Insignia A Wagon 2009-2017,H2,缓存精确继承,https://www.media.stellantis.com/em-en/opel/press/ready-for-launch-opel-opens-new-insignia-order-bank
EU,Opel Insignia a sports tourer G09 Insignia A facelift Wagon 2009-2017,H2,缓存精确继承,https://www.media.stellantis.com/em-en/opel/press/ready-for-launch-opel-opens-new-insignia-order-bank
EU,Opel Insignia a sports tourer G09 Opel Insignia A Facelift Wagon 2008-2015,H2,缓存精确继承,https://www.media.stellantis.com/em-en/opel/press/ready-for-launch-opel-opens-new-insignia-order-bank
EU,Opel Insignia a sports tourer G09 Opel Insignia A Facelift Wagon 2008-2017,H2,缓存精确继承,https://www.media.stellantis.com/em-en/opel/press/ready-for-launch-opel-opens-new-insignia-order-bank
EU,Opel Insignia a sports tourer G09 Opel Insignia A Pre-facelift Wagon 2008-2015,H2,缓存精确继承,https://www.media.stellantis.com/em-en/opel/press/ready-for-launch-opel-opens-new-insignia-order-bank
EU,Opel Insignia a sports tourer G09 Opel Insignia A Pre-facelift Wagon 2008-2017,H2,缓存精确继承,https://www.media.stellantis.com/em-en/opel/press/ready-for-launch-opel-opens-new-insignia-order-bank
EU,Opel Insignia a sports tourer G09 Wagon 2008-2012,H2,缓存精确继承,https://www.media.stellantis.com/em-en/opel/press/ready-for-launch-opel-opens-new-insignia-order-bank
EU,Opel Insignia a sports tourer G09 Wagon 2008-2013,H2,缓存精确继承,https://www.media.stellantis.com/em-en/opel/press/ready-for-launch-opel-opens-new-insignia-order-bank
EU,Opel Insignia a sports tourer G09 Wagon 2010-2011,H2,缓存精确继承,https://www.media.stellantis.com/em-en/opel/press/ready-for-launch-opel-opens-new-insignia-order-bank
EU,Opel Insignia a sports tourer G09 Wagon 2013-2015,H2,缓存精确继承,https://www.media.stellantis.com/em-en/opel/press/ready-for-launch-opel-opens-new-insignia-order-bank
EU,Opel Insignia a sports tourer Insignia A Sports Tourer facelift Wagon 2011-2017,H2,缓存精确继承,https://www.media.stellantis.com/em-en/opel/press/ready-for-launch-opel-opens-new-insignia-order-bank
EU,Opel Insignia a sports tourer Insignia A Sports Tourer prefl Wagon 2011-2017,H2,缓存精确继承,https://www.media.stellantis.com/em-en/opel/press/ready-for-launch-opel-opens-new-insignia-order-bank
EU,Opel Insignia a sports tourer Wagon 2008-2011,H2,缓存精确继承,https://www.media.stellantis.com/em-en/opel/press/ready-for-launch-opel-opens-new-insignia-order-bank
EU,Opel Insignia a sports tourer Wagon 2008-2017,H2,缓存精确继承,https://www.media.stellantis.com/em-en/opel/press/ready-for-launch-opel-opens-new-insignia-order-bank
EU,Opel Insignia a sports tourer Wagon 2009-2013,H2,缓存精确继承,https://www.media.stellantis.com/em-en/opel/press/ready-for-launch-opel-opens-new-insignia-order-bank
EU,Opel Insignia a sports tourer Wagon 2013-2015,H2,缓存精确继承,https://www.media.stellantis.com/em-en/opel/press/ready-for-launch-opel-opens-new-insignia-order-bank
EU,Opel Insignia a sports tourer Wagon 2013-2017,H2,缓存精确继承,https://www.media.stellantis.com/em-en/opel/press/ready-for-launch-opel-opens-new-insignia-order-bank
EU,Opel Insignia a sports tourer Wagon 2014-2016,H2,缓存精确继承,https://www.media.stellantis.com/em-en/opel/press/ready-for-launch-opel-opens-new-insignia-order-bank
EU,Opel Insignia a sports tourer Wagon 2014-2017,H2,缓存精确继承,https://www.media.stellantis.com/em-en/opel/press/ready-for-launch-opel-opens-new-insignia-order-bank
EU,Opel Insignia a sports tourer Wagon 2015-2016,H2,缓存精确继承,https://www.media.stellantis.com/em-en/opel/press/ready-for-launch-opel-opens-new-insignia-order-bank
EU,Opel Insignia a sports tourer Wagon 2015-2017,H2,缓存精确继承,https://www.media.stellantis.com/em-en/opel/press/ready-for-launch-opel-opens-new-insignia-order-bank
EU,Opel Senator Sedan 1978-1980,SD1,本轮增量研究,https://www.media.stellantis.com/es-es/opel/press/la-progresion-de-opel-del-lutzmann-de-1899-al-nuevo-opel-corsa-e-de-2020
EU,Opel Senator Sedan 1978-1981,SD1,本轮增量研究,https://www.media.stellantis.com/es-es/opel/press/la-progresion-de-opel-del-lutzmann-de-1899-al-nuevo-opel-corsa-e-de-2020
EU,Opel Senator Sedan 1978-1982,SD1,本轮增量研究,https://www.media.stellantis.com/es-es/opel/press/la-progresion-de-opel-del-lutzmann-de-1899-al-nuevo-opel-corsa-e-de-2020
EU,Opel Senator Sedan 1983-1984,SD1,本轮增量研究,https://www.media.stellantis.com/es-es/opel/press/la-progresion-de-opel-del-lutzmann-de-1899-al-nuevo-opel-corsa-e-de-2020
EU,Opel Senator Sedan 1984-1987,SD1,本轮增量研究,https://www.media.stellantis.com/es-es/opel/press/la-progresion-de-opel-del-lutzmann-de-1899-al-nuevo-opel-corsa-e-de-2020
EU,Opel Senator Sedan 1985-1987,SD1,本轮增量研究,https://www.media.stellantis.com/es-es/opel/press/la-progresion-de-opel-del-lutzmann-de-1899-al-nuevo-opel-corsa-e-de-2020
EU,Opel Senator Sedan 1987-1993,SD1,本轮增量研究,https://www.media.stellantis.com/es-es/opel/press/la-progresion-de-opel-del-lutzmann-de-1899-al-nuevo-opel-corsa-e-de-2020
EU,Opel Senator Sedan 1988-1990,SD1,本轮增量研究,https://www.media.stellantis.com/es-es/opel/press/la-progresion-de-opel-del-lutzmann-de-1899-al-nuevo-opel-corsa-e-de-2020
EU,Opel Senator Sedan 1988-1993,SD1,本轮增量研究,https://www.media.stellantis.com/es-es/opel/press/la-progresion-de-opel-del-lutzmann-de-1899-al-nuevo-opel-corsa-e-de-2020
EU,Opel Senator Sedan 1989-1993,SD1,本轮增量研究,https://www.media.stellantis.com/es-es/opel/press/la-progresion-de-opel-del-lutzmann-de-1899-al-nuevo-opel-corsa-e-de-2020
EU,Opel Senator Senator A (facelift 1982) Sedan 1978-1986,SD1,本轮增量研究,https://www.media.stellantis.com/es-es/opel/press/la-progresion-de-opel-del-lutzmann-de-1899-al-nuevo-opel-corsa-e-de-2020
EU,Opel Senator Senator A Sedan 1978-1986,SD1,本轮增量研究,https://www.media.stellantis.com/es-es/opel/press/la-progresion-de-opel-del-lutzmann-de-1899-al-nuevo-opel-corsa-e-de-2020
EU,Opel Senator Senator B L4845 W1743 H1450 Sedan 1990-1993,SD1,本轮增量研究,https://www.media.stellantis.com/es-es/opel/press/la-progresion-de-opel-del-lutzmann-de-1899-al-nuevo-opel-corsa-e-de-2020
EU,Opel Senator Senator B L4845 W1763 H1452 Sedan 1990-1993,SD1,本轮增量研究,https://www.media.stellantis.com/es-es/opel/press/la-progresion-de-opel-del-lutzmann-de-1899-al-nuevo-opel-corsa-e-de-2020
EU,Opel Vectra a J89 Sedan 1988-1992,SD1,缓存精确继承,https://www.auto-data.net/en/opel-vectra-a-generation-544
EU,Opel Vectra a Sedan 1988-1989,SD1,缓存精确继承,https://www.auto-data.net/en/opel-vectra-a-generation-544
EU,Opel Vectra a Sedan 1988-1990,SD1,缓存精确继承,https://www.auto-data.net/en/opel-vectra-a-generation-544
EU,Opel Vectra a Sedan 1988-1992,SD1,缓存精确继承,https://www.auto-data.net/en/opel-vectra-a-generation-544
EU,Opel Vectra a Sedan 1988-1993,SD1,缓存精确继承,https://www.auto-data.net/en/opel-vectra-a-generation-544
EU,Opel Vectra a Sedan 1988-1995,SD1,缓存精确继承,https://www.auto-data.net/en/opel-vectra-a-generation-544
EU,Opel Vectra a Sedan 1989-1989,SD1,缓存精确继承,https://www.auto-data.net/en/opel-vectra-a-generation-544
EU,Opel Vectra a Sedan 1989-1990,SD1,缓存精确继承,https://www.auto-data.net/en/opel-vectra-a-generation-544
EU,Opel Vectra a Sedan 1989-1992,SD1,缓存精确继承,https://www.auto-data.net/en/opel-vectra-a-generation-544
EU,Opel Vectra a Sedan 1989-1994,SD1,缓存精确继承,https://www.auto-data.net/en/opel-vectra-a-generation-544
EU,Opel Vectra a Sedan 1989-1995,SD1,缓存精确继承,https://www.auto-data.net/en/opel-vectra-a-generation-544
EU,Opel Vectra a Sedan 1992-1993,SD1,缓存精确继承,https://www.auto-data.net/en/opel-vectra-a-generation-544
EU,Opel Vectra a Sedan 1992-1995,SD1,缓存精确继承,https://www.auto-data.net/en/opel-vectra-a-generation-544
EU,Opel Vectra a Sedan 1993-1995,SD1,缓存精确继承,https://www.auto-data.net/en/opel-vectra-a-generation-544
EU,Opel Vectra a Sedan 1994-1995,SD1,缓存精确继承,https://www.auto-data.net/en/opel-vectra-a-generation-544
EU,Opel Vectra a Vectra A 2000 Sedan 1990-1995,SD1,缓存精确继承,https://www.auto-data.net/en/opel-vectra-a-generation-544
EU,Opel Vectra a Vectra A Sedan 1990-1995,SD1,缓存精确继承,https://www.auto-data.net/en/opel-vectra-a-generation-544
EU,Opel Vectra c F69 Sedan 2005-2008,SD1,缓存精确继承,https://www.auto-data.net/en/opel-vectra-c-facelift-2005-generation-5173
EU,Opel Vectra c Sedan 2005-2008,SD1,缓存精确继承,https://www.auto-data.net/en/opel-vectra-c-facelift-2005-generation-5173
EU,Opel Vectra c Z02 Sedan 2002-2004,SD1,缓存精确继承,https://www.auto-data.net/en/opel-vectra-c-facelift-2005-generation-5173
EU,Opel Vectra c Z02 Sedan 2003-2005,SD1,缓存精确继承,https://www.auto-data.net/en/opel-vectra-c-facelift-2005-generation-5173
EU,Opel Vectra c Z02 Sedan 2005-2006,SD1,缓存精确继承,https://www.auto-data.net/en/opel-vectra-c-facelift-2005-generation-5173
EU,Opel Vectra c Z02 Sedan 2006-2008,SD1,缓存精确继承,https://www.auto-data.net/en/opel-vectra-c-facelift-2005-generation-5173
EU,Opel Vectra c Z02 Vectra C Sedan 2002-2005,SD1,缓存精确继承,https://www.auto-data.net/en/opel-vectra-c-facelift-2005-generation-5173
EU,Opel Vectra c Z02 Vectra C Sedan 2002-2006,SD1,缓存精确继承,https://www.auto-data.net/en/opel-vectra-c-facelift-2005-generation-5173
EU,Opel Vectra c Z02 Vectra C Sedan 2002-2008,SD1,缓存精确继承,https://www.auto-data.net/en/opel-vectra-c-facelift-2005-generation-5173
EU,Opel Vectra c Z02 Vectra C Sedan 2003-2008,SD1,缓存精确继承,https://www.auto-data.net/en/opel-vectra-c-facelift-2005-generation-5173
EU,Opel Vectra c Z02 Vectra C Sedan 2004-2008,SD1,缓存精确继承,https://www.auto-data.net/en/opel-vectra-c-facelift-2005-generation-5173
EU,Opel Vectra c Z02 Vectra C Sedan 2004-2009,SD1,缓存精确继承,https://www.auto-data.net/en/opel-vectra-c-facelift-2005-generation-5173
EU,Opel Vectra c Z02 Vectra C facelift 2005 Sedan 2002-2005,SD1,缓存精确继承,https://www.auto-data.net/en/opel-vectra-c-facelift-2005-generation-5173
EU,Opel Vectra c Z02 Vectra C facelift 2005 Sedan 2002-2006,SD1,缓存精确继承,https://www.auto-data.net/en/opel-vectra-c-facelift-2005-generation-5173
EU,Opel Vectra c Z02 Vectra C facelift 2005 Sedan 2002-2008,SD1,缓存精确继承,https://www.auto-data.net/en/opel-vectra-c-facelift-2005-generation-5173
EU,Opel Vectra c Z02 Vectra C facelift 2005 Sedan 2003-2008,SD1,缓存精确继承,https://www.auto-data.net/en/opel-vectra-c-facelift-2005-generation-5173
EU,Opel Vectra c Z02 Vectra C facelift 2005 Sedan 2004-2008,SD1,缓存精确继承,https://www.auto-data.net/en/opel-vectra-c-facelift-2005-generation-5173
EU,Opel Vectra c Z02 Vectra C facelift 2005 Sedan 2004-2009,SD1,缓存精确继承,https://www.auto-data.net/en/opel-vectra-c-facelift-2005-generation-5173
EU,Opel Vectra c cc F68 Hatchback 2005-2008,H0,缓存精确继承,https://www.auto-data.net/en/opel-vectra-c-cc-facelift-2005-generation-5171
EU,Opel Vectra c cc F68 Hatchback 2006-2008,H0,缓存精确继承,https://www.auto-data.net/en/opel-vectra-c-cc-facelift-2005-generation-5171
EU,Opel Vectra c cc Hatchback 2005-2008,H0,缓存精确继承,https://www.auto-data.net/en/opel-vectra-c-cc-facelift-2005-generation-5171
EU,Opel Vectra c cc Hatchback 2006-2008,H0,缓存精确继承,https://www.auto-data.net/en/opel-vectra-c-cc-facelift-2005-generation-5171
EU,Opel Vectra c cc Z02 Hatchback 2002-2005,H0,缓存精确继承,https://www.auto-data.net/en/opel-vectra-c-cc-facelift-2005-generation-5171
EU,Opel Vectra c cc Z02 Hatchback 2003-2005,H0,缓存精确继承,https://www.auto-data.net/en/opel-vectra-c-cc-facelift-2005-generation-5171
EU,Opel Vectra c cc Z02 Hatchback 2005-2008,H0,缓存精确继承,https://www.auto-data.net/en/opel-vectra-c-cc-facelift-2005-generation-5171
EU,Opel Vectra c cc Z02 Vectra C Hatchback 2002-2006,H0,缓存精确继承,https://www.auto-data.net/en/opel-vectra-c-cc-facelift-2005-generation-5171
EU,Opel Vectra c cc Z02 Vectra C Hatchback 2002-2008,H0,缓存精确继承,https://www.auto-data.net/en/opel-vectra-c-cc-facelift-2005-generation-5171
EU,Opel Vectra c cc Z02 Vectra C Hatchback 2003-2008,H0,缓存精确继承,https://www.auto-data.net/en/opel-vectra-c-cc-facelift-2005-generation-5171
EU,Opel Vectra c cc Z02 Vectra C Hatchback 2004-2008,H0,缓存精确继承,https://www.auto-data.net/en/opel-vectra-c-cc-facelift-2005-generation-5171
EU,Opel Vectra c cc Z02 Vectra C Hatchback 2004-2009,H0,缓存精确继承,https://www.auto-data.net/en/opel-vectra-c-cc-facelift-2005-generation-5171
EU,Opel Vectra c cc Z02 Vectra C facelift 2005 Hatchback 2002-2006,H0,缓存精确继承,https://www.auto-data.net/en/opel-vectra-c-cc-facelift-2005-generation-5171
EU,Opel Vectra c cc Z02 Vectra C facelift 2005 Hatchback 2002-2008,H0,缓存精确继承,https://www.auto-data.net/en/opel-vectra-c-cc-facelift-2005-generation-5171
EU,Opel Vectra c cc Z02 Vectra C facelift 2005 Hatchback 2003-2008,H0,缓存精确继承,https://www.auto-data.net/en/opel-vectra-c-cc-facelift-2005-generation-5171
EU,Opel Vectra c cc Z02 Vectra C facelift 2005 Hatchback 2004-2008,H0,缓存精确继承,https://www.auto-data.net/en/opel-vectra-c-cc-facelift-2005-generation-5171
EU,Opel Vectra c cc Z02 Vectra C facelift 2005 Hatchback 2004-2009,H0,缓存精确继承,https://www.auto-data.net/en/opel-vectra-c-cc-facelift-2005-generation-5171
EU,Peugeot 205 ii 205 II 3dr L3705 W1560 H1375 Hatchback 1987-1998,H0,缓存精确继承,https://www.media.stellantis.com/uk-en/peugeot/press/the-peugeot-205-is-turning-40-an-alluring-sacred-number
EU,Peugeot 205 ii 205 II 3dr L3705 W1572 H1374 Hatchback 1987-1998,H0,缓存精确继承,https://www.media.stellantis.com/uk-en/peugeot/press/the-peugeot-205-is-turning-40-an-alluring-sacred-number
EU,Peugeot 205 ii 20A/C 205 II 3dr Hatchback 1987-1989,H0,缓存精确继承,https://www.media.stellantis.com/uk-en/peugeot/press/the-peugeot-205-is-turning-40-an-alluring-sacred-number
EU,Peugeot 205 ii 20A/C 205 II 3dr Hatchback 1987-1998,H0,缓存精确继承,https://www.media.stellantis.com/uk-en/peugeot/press/the-peugeot-205-is-turning-40-an-alluring-sacred-number
EU,Peugeot 205 ii 20A/C 205 II 3dr L3705 W1562 H1374 Hatchback 1987-1990,H0,缓存精确继承,https://www.media.stellantis.com/uk-en/peugeot/press/the-peugeot-205-is-turning-40-an-alluring-sacred-number
EU,Peugeot 205 ii 20A/C 205 II 3dr L3705 W1572 H1374 Hatchback 1987-1990,H0,缓存精确继承,https://www.media.stellantis.com/uk-en/peugeot/press/the-peugeot-205-is-turning-40-an-alluring-sacred-number
EU,Peugeot 205 ii 20A/C 205 II 3dr base Hatchback 1987-1989,H0,缓存精确继承,https://www.media.stellantis.com/uk-en/peugeot/press/the-peugeot-205-is-turning-40-an-alluring-sacred-number
EU,Peugeot 205 ii 20A/C 205 II 3dr base Hatchback 1987-1992,H0,缓存精确继承,https://www.media.stellantis.com/uk-en/peugeot/press/the-peugeot-205-is-turning-40-an-alluring-sacred-number
EU,Peugeot 205 ii 20A/C 205 II 3dr base Hatchback 1989-1998,H0,缓存精确继承,https://www.media.stellantis.com/uk-en/peugeot/press/the-peugeot-205-is-turning-40-an-alluring-sacred-number
EU,Peugeot 205 ii 20A/C 205 II 3dr late Hatchback 1987-1998,H0,缓存精确继承,https://www.media.stellantis.com/uk-en/peugeot/press/the-peugeot-205-is-turning-40-an-alluring-sacred-number
EU,Peugeot 205 ii 20A/C 205 II 3dr wide Hatchback 1987-1989,H0,缓存精确继承,https://www.media.stellantis.com/uk-en/peugeot/press/the-peugeot-205-is-turning-40-an-alluring-sacred-number
EU,Peugeot 205 ii 20A/C 205 II 3dr wide Hatchback 1987-1992,H0,缓存精确继承,https://www.media.stellantis.com/uk-en/peugeot/press/the-peugeot-205-is-turning-40-an-alluring-sacred-number
EU,Peugeot 205 ii 20A/C 205 II 3dr wide Hatchback 1987-1998,H0,缓存精确继承,https://www.media.stellantis.com/uk-en/peugeot/press/the-peugeot-205-is-turning-40-an-alluring-sacred-number
EU,Peugeot 205 ii 20A/C 205 II 3dr wide Hatchback 1989-1998,H0,缓存精确继承,https://www.media.stellantis.com/uk-en/peugeot/press/the-peugeot-205-is-turning-40-an-alluring-sacred-number
EU,Peugeot 205 ii 20A/C 205 II Hatchback 1987-1989,H0,缓存精确继承,https://www.media.stellantis.com/uk-en/peugeot/press/the-peugeot-205-is-turning-40-an-alluring-sacred-number
EU,Peugeot 205 ii 20A/C 205 II Hatchback 1987-1998,H0,缓存精确继承,https://www.media.stellantis.com/uk-en/peugeot/press/the-peugeot-205-is-turning-40-an-alluring-sacred-number
EU,Peugeot 205 ii 20A/C Hatchback 1987-1988,H0,缓存精确继承,https://www.media.stellantis.com/uk-en/peugeot/press/the-peugeot-205-is-turning-40-an-alluring-sacred-number
EU,Peugeot 205 ii 20A/C Hatchback 1987-1991,H0,缓存精确继承,https://www.media.stellantis.com/uk-en/peugeot/press/the-peugeot-205-is-turning-40-an-alluring-sacred-number
EU,Peugeot 205 ii 20A/C Hatchback 1987-1993,H0,缓存精确继承,https://www.media.stellantis.com/uk-en/peugeot/press/the-peugeot-205-is-turning-40-an-alluring-sacred-number
EU,Peugeot 205 ii 20A/C Hatchback 1987-1994,H0,缓存精确继承,https://www.media.stellantis.com/uk-en/peugeot/press/the-peugeot-205-is-turning-40-an-alluring-sacred-number
EU,Peugeot 205 ii 20A/C Hatchback 1988-1989,H0,缓存精确继承,https://www.media.stellantis.com/uk-en/peugeot/press/the-peugeot-205-is-turning-40-an-alluring-sacred-number
EU,Peugeot 205 ii 20A/C Hatchback 1988-1998,H0,缓存精确继承,https://www.media.stellantis.com/uk-en/peugeot/press/the-peugeot-205-is-turning-40-an-alluring-sacred-number
EU,Peugeot 205 ii 20A/C Hatchback 1990-1998,H0,缓存精确继承,https://www.media.stellantis.com/uk-en/peugeot/press/the-peugeot-205-is-turning-40-an-alluring-sacred-number
EU,Peugeot 205 ii 20A/C Hatchback 1992-1997,H0,缓存精确继承,https://www.media.stellantis.com/uk-en/peugeot/press/the-peugeot-205-is-turning-40-an-alluring-sacred-number
EU,Peugeot 205 ii Hatchback 1988-1998,H0,缓存精确继承,https://www.media.stellantis.com/uk-en/peugeot/press/the-peugeot-205-is-turning-40-an-alluring-sacred-number
EU,Peugeot 205 ii Hatchback 1990-1992,H0,缓存精确继承,https://www.media.stellantis.com/uk-en/peugeot/press/the-peugeot-205-is-turning-40-an-alluring-sacred-number
EU,Peugeot 205 ii Hatchback 1990-1997,H0,缓存精确继承,https://www.media.stellantis.com/uk-en/peugeot/press/the-peugeot-205-is-turning-40-an-alluring-sacred-number
EU,Peugeot 605 6B 605 I Facelift L4765 W1799 H1411 Sedan 1989-1999,SD1,缓存精确继承,https://www.media.stellantis.com/it-it/peugeot/press-category/heritage-605
EU,Peugeot 605 6B 605 I Facelift L4765 W1799 H1415 Sedan 1989-1999,SD1,缓存精确继承,https://www.media.stellantis.com/it-it/peugeot/press-category/heritage-605
EU,Peugeot 605 6B 605 I Facelift L4765 W1799 H1417 Sedan 1989-1999,SD1,缓存精确继承,https://www.media.stellantis.com/it-it/peugeot/press-category/heritage-605
EU,Peugeot 605 6B 605 I Facelift Sedan 1991-1999,SD1,缓存精确继承,https://www.media.stellantis.com/it-it/peugeot/press-category/heritage-605
EU,Peugeot 605 6B 605 I Facelift Sedan 1992-1999,SD1,缓存精确继承,https://www.media.stellantis.com/it-it/peugeot/press-category/heritage-605
EU,Peugeot 605 6B 605 I Sedan 1991-1999,SD1,缓存精确继承,https://www.media.stellantis.com/it-it/peugeot/press-category/heritage-605
EU,Peugeot 605 6B 605 I Sedan 1992-1999,SD1,缓存精确继承,https://www.media.stellantis.com/it-it/peugeot/press-category/heritage-605
EU,Peugeot 605 6B 605 I prefl L4723 W1799 H1411 Sedan 1989-1999,SD1,缓存精确继承,https://www.media.stellantis.com/it-it/peugeot/press-category/heritage-605
EU,Peugeot 605 6B 605 I prefl L4723 W1799 H1415 Sedan 1989-1999,SD1,缓存精确继承,https://www.media.stellantis.com/it-it/peugeot/press-category/heritage-605
EU,Peugeot 605 6B 605 I prefl L4723 W1799 H1417 Sedan 1989-1999,SD1,缓存精确继承,https://www.media.stellantis.com/it-it/peugeot/press-category/heritage-605
EU,Peugeot 605 6B Sedan 1989-1994,SD1,缓存精确继承,https://www.media.stellantis.com/it-it/peugeot/press-category/heritage-605
EU,Peugeot 605 6B Sedan 1994-1999,SD1,缓存精确继承,https://www.media.stellantis.com/it-it/peugeot/press-category/heritage-605
EU,Peugeot 605 6B Sedan 1997-1999,SD1,缓存精确继承,https://www.media.stellantis.com/it-it/peugeot/press-category/heritage-605
EU,Peugeot 605 I Phase I Sedan 1990-1999,SD1,缓存精确继承,https://www.media.stellantis.com/it-it/peugeot/press-category/heritage-605
EU,Peugeot 605 I Phase II Sedan 1990-1999,SD1,缓存精确继承,https://www.media.stellantis.com/it-it/peugeot/press-category/heritage-605
EU,Peugeot 605 Sedan 1989-1995,SD1,缓存精确继承,https://www.media.stellantis.com/it-it/peugeot/press-category/heritage-605
EU,Peugeot 605 Sedan 1994-1999,SD1,缓存精确继承,https://www.media.stellantis.com/it-it/peugeot/press-category/heritage-605
EU,Porsche 911 901 Coupe 1963-1967,SD0,缓存精确继承,https://files.porsche.com/filestore/download/usa/en-us/modelseries-911-carrera-models/default/ab44b2a7-4f30-11ea-80c8-005056bbdc38/911-Carrera-Models.pdf
EU,Porsche 911 901 Coupe 1966-1968,SD0,缓存精确继承,https://files.porsche.com/filestore/download/usa/en-us/modelseries-911-carrera-models/default/ab44b2a7-4f30-11ea-80c8-005056bbdc38/911-Carrera-Models.pdf
EU,Porsche 911 901 Coupe 1967-1968,SD0,缓存精确继承,https://files.porsche.com/filestore/download/usa/en-us/modelseries-911-carrera-models/default/ab44b2a7-4f30-11ea-80c8-005056bbdc38/911-Carrera-Models.pdf
EU,Porsche 911 901 Coupe 1968-1969,SD0,缓存精确继承,https://files.porsche.com/filestore/download/usa/en-us/modelseries-911-carrera-models/default/ab44b2a7-4f30-11ea-80c8-005056bbdc38/911-Carrera-Models.pdf
EU,Porsche 911 901 Coupe 1969-1971,SD0,缓存精确继承,https://files.porsche.com/filestore/download/usa/en-us/modelseries-911-carrera-models/default/ab44b2a7-4f30-11ea-80c8-005056bbdc38/911-Carrera-Models.pdf
EU,Porsche 911 901 Targa 1966-1972,SD0,缓存精确继承,https://files.porsche.com/filestore/download/usa/en-us/modelseries-911-carrera-models/default/ab44b2a7-4f30-11ea-80c8-005056bbdc38/911-Carrera-Models.pdf
EU,Porsche 911 901 Targa 1971-1973,SD0,缓存精确继承,https://files.porsche.com/filestore/download/usa/en-us/modelseries-911-carrera-models/default/ab44b2a7-4f30-11ea-80c8-005056bbdc38/911-Carrera-Models.pdf
EU,Porsche 911 911 911 F Series post aug72 Coupe 1972-1973,SD0,缓存精确继承,https://files.porsche.com/filestore/download/usa/en-us/modelseries-911-carrera-models/default/ab44b2a7-4f30-11ea-80c8-005056bbdc38/911-Carrera-Models.pdf
EU,Porsche 911 911 911 F Series post aug72 Targa 1972-1973,SD0,缓存精确继承,https://files.porsche.com/filestore/download/usa/en-us/modelseries-911-carrera-models/default/ab44b2a7-4f30-11ea-80c8-005056bbdc38/911-Carrera-Models.pdf
EU,Porsche 911 911 911 F Series postaug72 Coupe 1971-1973,SD0,缓存精确继承,https://files.porsche.com/filestore/download/usa/en-us/modelseries-911-carrera-models/default/ab44b2a7-4f30-11ea-80c8-005056bbdc38/911-Carrera-Models.pdf
EU,Porsche 911 911 911 F Series postaug72 Targa 1971-1973,SD0,缓存精确继承,https://files.porsche.com/filestore/download/usa/en-us/modelseries-911-carrera-models/default/ab44b2a7-4f30-11ea-80c8-005056bbdc38/911-Carrera-Models.pdf
EU,Porsche 911 911 911 F Series pre aug72 Coupe 1972-1973,SD0,缓存精确继承,https://files.porsche.com/filestore/download/usa/en-us/modelseries-911-carrera-models/default/ab44b2a7-4f30-11ea-80c8-005056bbdc38/911-Carrera-Models.pdf
EU,Porsche 911 911 911 F Series pre aug72 Targa 1972-1973,SD0,缓存精确继承,https://files.porsche.com/filestore/download/usa/en-us/modelseries-911-carrera-models/default/ab44b2a7-4f30-11ea-80c8-005056bbdc38/911-Carrera-Models.pdf
EU,Porsche 911 911 911 F Series preaug72 Coupe 1971-1973,SD0,缓存精确继承,https://files.porsche.com/filestore/download/usa/en-us/modelseries-911-carrera-models/default/ab44b2a7-4f30-11ea-80c8-005056bbdc38/911-Carrera-Models.pdf
EU,Porsche 911 911 911 F Series preaug72 Targa 1971-1973,SD0,缓存精确继承,https://files.porsche.com/filestore/download/usa/en-us/modelseries-911-carrera-models/default/ab44b2a7-4f30-11ea-80c8-005056bbdc38/911-Carrera-Models.pdf
EU,Porsche 911 911 911 G Series L4291 W1610 H1320 Coupe 1975-1977,SD0,缓存精确继承,https://files.porsche.com/filestore/download/usa/en-us/modelseries-911-carrera-models/default/ab44b2a7-4f30-11ea-80c8-005056bbdc38/911-Carrera-Models.pdf
EU,Porsche 911 911 911 G Series L4291 W1610 H1320 Targa 1975-1977,SD0,缓存精确继承,https://files.porsche.com/filestore/download/usa/en-us/modelseries-911-carrera-models/default/ab44b2a7-4f30-11ea-80c8-005056bbdc38/911-Carrera-Models.pdf
EU,Porsche 911 911 911 G Series L4291 W1652 H1320 Coupe 1975-1977,SD0,缓存精确继承,https://files.porsche.com/filestore/download/usa/en-us/modelseries-911-carrera-models/default/ab44b2a7-4f30-11ea-80c8-005056bbdc38/911-Carrera-Models.pdf
EU,Porsche 911 911 911 G Series L4291 W1652 H1320 Targa 1975-1977,SD0,缓存精确继承,https://files.porsche.com/filestore/download/usa/en-us/modelseries-911-carrera-models/default/ab44b2a7-4f30-11ea-80c8-005056bbdc38/911-Carrera-Models.pdf
EU,Porsche 911 911 911 G Series Speedster narrow Convertible 1986-1989,SD0,缓存精确继承,https://files.porsche.com/filestore/download/usa/en-us/modelseries-911-carrera-models/default/ab44b2a7-4f30-11ea-80c8-005056bbdc38/911-Carrera-Models.pdf
EU,Porsche 911 911 911 G Series Speedster turbolook Convertible 1986-1989,SD0,缓存精确继承,https://files.porsche.com/filestore/download/usa/en-us/modelseries-911-carrera-models/default/ab44b2a7-4f30-11ea-80c8-005056bbdc38/911-Carrera-Models.pdf
EU,Porsche 911 911 Convertible 1982-1983,SD0,缓存精确继承,https://files.porsche.com/filestore/download/usa/en-us/modelseries-911-carrera-models/default/ab44b2a7-4f30-11ea-80c8-005056bbdc38/911-Carrera-Models.pdf
EU,Porsche 911 911 Convertible 1983-1984,SD0,缓存精确继承,https://files.porsche.com/filestore/download/usa/en-us/modelseries-911-carrera-models/default/ab44b2a7-4f30-11ea-80c8-005056bbdc38/911-Carrera-Models.pdf
EU,Porsche 911 911 Convertible 1984-1989,SD0,缓存精确继承,https://files.porsche.com/filestore/download/usa/en-us/modelseries-911-carrera-models/default/ab44b2a7-4f30-11ea-80c8-005056bbdc38/911-Carrera-Models.pdf
EU,Porsche 911 911 Coupe 1968-1972,SD0,缓存精确继承,https://files.porsche.com/filestore/download/usa/en-us/modelseries-911-carrera-models/default/ab44b2a7-4f30-11ea-80c8-005056bbdc38/911-Carrera-Models.pdf
EU,Porsche 911 911 Coupe 1970-1972,SD0,缓存精确继承,https://files.porsche.com/filestore/download/usa/en-us/modelseries-911-carrera-models/default/ab44b2a7-4f30-11ea-80c8-005056bbdc38/911-Carrera-Models.pdf
EU,Porsche 911 911 Coupe 1972-1979,SD0,缓存精确继承,https://files.porsche.com/filestore/download/usa/en-us/modelseries-911-carrera-models/default/ab44b2a7-4f30-11ea-80c8-005056bbdc38/911-Carrera-Models.pdf
EU,Porsche 911 911 Coupe 1973-1975,SD0,缓存精确继承,https://files.porsche.com/filestore/download/usa/en-us/modelseries-911-carrera-models/default/ab44b2a7-4f30-11ea-80c8-005056bbdc38/911-Carrera-Models.pdf
EU,Porsche 911 911 Coupe 1973-1976,SD0,缓存精确继承,https://files.porsche.com/filestore/download/usa/en-us/modelseries-911-carrera-models/default/ab44b2a7-4f30-11ea-80c8-005056bbdc38/911-Carrera-Models.pdf
EU,Porsche 911 911 Coupe 1974-1983,SD0,缓存精确继承,https://files.porsche.com/filestore/download/usa/en-us/modelseries-911-carrera-models/default/ab44b2a7-4f30-11ea-80c8-005056bbdc38/911-Carrera-Models.pdf
EU,Porsche 911 911 Coupe 1977-1980,SD0,缓存精确继承,https://files.porsche.com/filestore/download/usa/en-us/modelseries-911-carrera-models/default/ab44b2a7-4f30-11ea-80c8-005056bbdc38/911-Carrera-Models.pdf
EU,Porsche 911 911 Coupe 1979-1980,SD0,缓存精确继承,https://files.porsche.com/filestore/download/usa/en-us/modelseries-911-carrera-models/default/ab44b2a7-4f30-11ea-80c8-005056bbdc38/911-Carrera-Models.pdf
EU,Porsche 911 911 Coupe 1980-1983,SD0,缓存精确继承,https://files.porsche.com/filestore/download/usa/en-us/modelseries-911-carrera-models/default/ab44b2a7-4f30-11ea-80c8-005056bbdc38/911-Carrera-Models.pdf
EU,Porsche 911 911 Coupe 1983-1989,SD0,缓存精确继承,https://files.porsche.com/filestore/download/usa/en-us/modelseries-911-carrera-models/default/ab44b2a7-4f30-11ea-80c8-005056bbdc38/911-Carrera-Models.pdf
EU,Porsche 911 911 Coupe 1984-1987,SD0,缓存精确继承,https://files.porsche.com/filestore/download/usa/en-us/modelseries-911-carrera-models/default/ab44b2a7-4f30-11ea-80c8-005056bbdc38/911-Carrera-Models.pdf
EU,Porsche 911 911 Coupe 1986-1989,SD0,缓存精确继承,https://files.porsche.com/filestore/download/usa/en-us/modelseries-911-carrera-models/default/ab44b2a7-4f30-11ea-80c8-005056bbdc38/911-Carrera-Models.pdf
EU,Porsche 911 911 Targa 1966-1968,SD0,缓存精确继承,https://files.porsche.com/filestore/download/usa/en-us/modelseries-911-carrera-models/default/ab44b2a7-4f30-11ea-80c8-005056bbdc38/911-Carrera-Models.pdf
EU,Porsche 911 911 Targa 1967-1968,SD0,缓存精确继承,https://files.porsche.com/filestore/download/usa/en-us/modelseries-911-carrera-models/default/ab44b2a7-4f30-11ea-80c8-005056bbdc38/911-Carrera-Models.pdf
EU,Porsche 911 911 Targa 1967-1972,SD0,缓存精确继承,https://files.porsche.com/filestore/download/usa/en-us/modelseries-911-carrera-models/default/ab44b2a7-4f30-11ea-80c8-005056bbdc38/911-Carrera-Models.pdf
EU,Porsche 911 911 Targa 1968-1972,SD0,缓存精确继承,https://files.porsche.com/filestore/download/usa/en-us/modelseries-911-carrera-models/default/ab44b2a7-4f30-11ea-80c8-005056bbdc38/911-Carrera-Models.pdf
EU,Porsche 911 911 Targa 1969-1972,SD0,缓存精确继承,https://files.porsche.com/filestore/download/usa/en-us/modelseries-911-carrera-models/default/ab44b2a7-4f30-11ea-80c8-005056bbdc38/911-Carrera-Models.pdf
EU,Porsche 911 911 Targa 1970-1972,SD0,缓存精确继承,https://files.porsche.com/filestore/download/usa/en-us/modelseries-911-carrera-models/default/ab44b2a7-4f30-11ea-80c8-005056bbdc38/911-Carrera-Models.pdf
EU,Porsche 911 911 Targa 1972-1979,SD0,缓存精确继承,https://files.porsche.com/filestore/download/usa/en-us/modelseries-911-carrera-models/default/ab44b2a7-4f30-11ea-80c8-005056bbdc38/911-Carrera-Models.pdf
EU,Porsche 911 911 Targa 1973-1975,SD0,缓存精确继承,https://files.porsche.com/filestore/download/usa/en-us/modelseries-911-carrera-models/default/ab44b2a7-4f30-11ea-80c8-005056bbdc38/911-Carrera-Models.pdf
EU,Porsche 911 911 Targa 1973-1976,SD0,缓存精确继承,https://files.porsche.com/filestore/download/usa/en-us/modelseries-911-carrera-models/default/ab44b2a7-4f30-11ea-80c8-005056bbdc38/911-Carrera-Models.pdf
EU,Porsche 911 911 Targa 1977-1980,SD0,缓存精确继承,https://files.porsche.com/filestore/download/usa/en-us/modelseries-911-carrera-models/default/ab44b2a7-4f30-11ea-80c8-005056bbdc38/911-Carrera-Models.pdf
EU,Porsche 911 911 Targa 1979-1980,SD0,缓存精确继承,https://files.porsche.com/filestore/download/usa/en-us/modelseries-911-carrera-models/default/ab44b2a7-4f30-11ea-80c8-005056bbdc38/911-Carrera-Models.pdf
EU,Porsche 911 930 Convertible 1986-1989,SD0,缓存精确继承,https://files.porsche.com/filestore/download/usa/en-us/modelseries-911-carrera-models/default/ab44b2a7-4f30-11ea-80c8-005056bbdc38/911-Carrera-Models.pdf
EU,Porsche 911 930 Coupe 1975-1977,SD0,缓存精确继承,https://files.porsche.com/filestore/download/usa/en-us/modelseries-911-carrera-models/default/ab44b2a7-4f30-11ea-80c8-005056bbdc38/911-Carrera-Models.pdf
EU,Porsche 911 930 Coupe 1977-1987,SD0,缓存精确继承,https://files.porsche.com/filestore/download/usa/en-us/modelseries-911-carrera-models/default/ab44b2a7-4f30-11ea-80c8-005056bbdc38/911-Carrera-Models.pdf
EU,Porsche 911 930 Coupe 1986-1989,SD0,缓存精确继承,https://files.porsche.com/filestore/download/usa/en-us/modelseries-911-carrera-models/default/ab44b2a7-4f30-11ea-80c8-005056bbdc38/911-Carrera-Models.pdf
EU,Porsche 911 930 Coupe 1986-1990,SD0,缓存精确继承,https://files.porsche.com/filestore/download/usa/en-us/modelseries-911-carrera-models/default/ab44b2a7-4f30-11ea-80c8-005056bbdc38/911-Carrera-Models.pdf
EU,Porsche 911 930 Targa 1986-1990,SD0,缓存精确继承,https://files.porsche.com/filestore/download/usa/en-us/modelseries-911-carrera-models/default/ab44b2a7-4f30-11ea-80c8-005056bbdc38/911-Carrera-Models.pdf
EU,Porsche 911 964 Convertible 1989-1994,SD0,缓存精确继承,https://files.porsche.com/filestore/download/usa/en-us/modelseries-911-carrera-models/default/ab44b2a7-4f30-11ea-80c8-005056bbdc38/911-Carrera-Models.pdf
EU,Porsche 911 964 Convertible 1992-1994,SD0,缓存精确继承,https://files.porsche.com/filestore/download/usa/en-us/modelseries-911-carrera-models/default/ab44b2a7-4f30-11ea-80c8-005056bbdc38/911-Carrera-Models.pdf
EU,Porsche 911 964 Coupe 1988-1993,SD0,缓存精确继承,https://files.porsche.com/filestore/download/usa/en-us/modelseries-911-carrera-models/default/ab44b2a7-4f30-11ea-80c8-005056bbdc38/911-Carrera-Models.pdf
EU,Porsche 911 964 Coupe 1989-1993,SD0,缓存精确继承,https://files.porsche.com/filestore/download/usa/en-us/modelseries-911-carrera-models/default/ab44b2a7-4f30-11ea-80c8-005056bbdc38/911-Carrera-Models.pdf
EU,Porsche 911 964 Coupe 1990-1993,SD0,缓存精确继承,https://files.porsche.com/filestore/download/usa/en-us/modelseries-911-carrera-models/default/ab44b2a7-4f30-11ea-80c8-005056bbdc38/911-Carrera-Models.pdf
EU,Porsche 911 964 Coupe 1991-1992,SD0,缓存精确继承,https://files.porsche.com/filestore/download/usa/en-us/modelseries-911-carrera-models/default/ab44b2a7-4f30-11ea-80c8-005056bbdc38/911-Carrera-Models.pdf
EU,Porsche 911 964 Coupe 1991-1993,SD0,缓存精确继承,https://files.porsche.com/filestore/download/usa/en-us/modelseries-911-carrera-models/default/ab44b2a7-4f30-11ea-80c8-005056bbdc38/911-Carrera-Models.pdf
EU,Porsche 911 964 Coupe 1993-1993,SD0,缓存精确继承,https://files.porsche.com/filestore/download/usa/en-us/modelseries-911-carrera-models/default/ab44b2a7-4f30-11ea-80c8-005056bbdc38/911-Carrera-Models.pdf
EU,Porsche 911 964 Targa 1988-1993,SD0,缓存精确继承,https://files.porsche.com/filestore/download/usa/en-us/modelseries-911-carrera-models/default/ab44b2a7-4f30-11ea-80c8-005056bbdc38/911-Carrera-Models.pdf
EU,Porsche 911 991 911 991.1 Coupe 2011-2019,SD0,缓存精确继承,https://files.porsche.com/filestore/download/usa/en-us/modelseries-911-carrera-models/default/ab44b2a7-4f30-11ea-80c8-005056bbdc38/911-Carrera-Models.pdf
EU,Porsche 911 991 911 991.2 L4499 W1808 H1289 Convertible 2015-2019,SD0,缓存精确继承,https://files.porsche.com/filestore/download/usa/en-us/modelseries-911-carrera-models/default/ab44b2a7-4f30-11ea-80c8-005056bbdc38/911-Carrera-Models.pdf
EU,Porsche 911 991 911 991.2 L4499 W1808 H1291 Convertible 2015-2019,SD0,缓存精确继承,https://files.porsche.com/filestore/download/usa/en-us/modelseries-911-carrera-models/default/ab44b2a7-4f30-11ea-80c8-005056bbdc38/911-Carrera-Models.pdf
EU,Porsche 911 991 911 991.2 L4499 W1808 H1294 Coupe 2015-2019,SD0,缓存精确继承,https://files.porsche.com/filestore/download/usa/en-us/modelseries-911-carrera-models/default/ab44b2a7-4f30-11ea-80c8-005056bbdc38/911-Carrera-Models.pdf
EU,Porsche 911 991 911 991.2 L4499 W1808 H1296 Coupe 2015-2019,SD0,缓存精确继承,https://files.porsche.com/filestore/download/usa/en-us/modelseries-911-carrera-models/default/ab44b2a7-4f30-11ea-80c8-005056bbdc38/911-Carrera-Models.pdf
EU,Porsche 911 991 911 991.2 L4499 W1852 H1288 Targa 2015-2019,SD0,缓存精确继承,https://files.porsche.com/filestore/download/usa/en-us/modelseries-911-carrera-models/default/ab44b2a7-4f30-11ea-80c8-005056bbdc38/911-Carrera-Models.pdf
EU,Porsche 911 991 911 991.2 L4499 W1852 H1289 Convertible 2015-2019,SD0,缓存精确继承,https://files.porsche.com/filestore/download/usa/en-us/modelseries-911-carrera-models/default/ab44b2a7-4f30-11ea-80c8-005056bbdc38/911-Carrera-Models.pdf
EU,Porsche 911 991 911 991.2 L4499 W1852 H1291 Convertible 2015-2019,SD0,缓存精确继承,https://files.porsche.com/filestore/download/usa/en-us/modelseries-911-carrera-models/default/ab44b2a7-4f30-11ea-80c8-005056bbdc38/911-Carrera-Models.pdf
EU,Porsche 911 991 911 991.2 L4499 W1852 H1293 Targa 2015-2019,SD0,缓存精确继承,https://files.porsche.com/filestore/download/usa/en-us/modelseries-911-carrera-models/default/ab44b2a7-4f30-11ea-80c8-005056bbdc38/911-Carrera-Models.pdf
EU,Porsche 911 991 911 991.2 L4499 W1852 H1294 Coupe 2015-2019,SD0,缓存精确继承,https://files.porsche.com/filestore/download/usa/en-us/modelseries-911-carrera-models/default/ab44b2a7-4f30-11ea-80c8-005056bbdc38/911-Carrera-Models.pdf
EU,Porsche 911 991 911 991.2 L4499 W1852 H1296 Coupe 2015-2019,SD0,缓存精确继承,https://files.porsche.com/filestore/download/usa/en-us/modelseries-911-carrera-models/default/ab44b2a7-4f30-11ea-80c8-005056bbdc38/911-Carrera-Models.pdf
EU,Porsche 911 991 911 991.2 L4528 W1852 H1291 Convertible 2017-2019,SD0,缓存精确继承,https://files.porsche.com/filestore/download/usa/en-us/modelseries-911-carrera-models/default/ab44b2a7-4f30-11ea-80c8-005056bbdc38/911-Carrera-Models.pdf
EU,Porsche 911 991 911 991.2 L4528 W1852 H1293 Convertible 2017-2019,SD0,缓存精确继承,https://files.porsche.com/filestore/download/usa/en-us/modelseries-911-carrera-models/default/ab44b2a7-4f30-11ea-80c8-005056bbdc38/911-Carrera-Models.pdf
EU,Porsche 911 991 911 991.2 L4528 W1852 H1297 Coupe 2017-2019,SD0,缓存精确继承,https://files.porsche.com/filestore/download/usa/en-us/modelseries-911-carrera-models/default/ab44b2a7-4f30-11ea-80c8-005056bbdc38/911-Carrera-Models.pdf
EU,Porsche 911 991 911 991.2 L4528 W1852 H1299 Coupe 2017-2019,SD0,缓存精确继承,https://files.porsche.com/filestore/download/usa/en-us/modelseries-911-carrera-models/default/ab44b2a7-4f30-11ea-80c8-005056bbdc38/911-Carrera-Models.pdf
EU,Porsche 911 991 991.1 4gts Convertible 2012-2019,SD0,缓存精确继承,https://files.porsche.com/filestore/download/usa/en-us/modelseries-911-carrera-models/default/ab44b2a7-4f30-11ea-80c8-005056bbdc38/911-Carrera-Models.pdf
EU,Porsche 911 991 991.1 4gts Coupe 2012-2019,SD0,缓存精确继承,https://files.porsche.com/filestore/download/usa/en-us/modelseries-911-carrera-models/default/ab44b2a7-4f30-11ea-80c8-005056bbdc38/911-Carrera-Models.pdf
EU,Porsche 911 991 991.1 4gts Targa 2014-2019,SD0,缓存精确继承,https://files.porsche.com/filestore/download/usa/en-us/modelseries-911-carrera-models/default/ab44b2a7-4f30-11ea-80c8-005056bbdc38/911-Carrera-Models.pdf
EU,Porsche 911 991 991.1 Coupe 2011-2019,SD0,缓存精确继承,https://files.porsche.com/filestore/download/usa/en-us/modelseries-911-carrera-models/default/ab44b2a7-4f30-11ea-80c8-005056bbdc38/911-Carrera-Models.pdf
EU,Porsche 911 991 991.1 L4491 W1808 H1295 Convertible 2012-2019,SD0,缓存精确继承,https://files.porsche.com/filestore/download/usa/en-us/modelseries-911-carrera-models/default/ab44b2a7-4f30-11ea-80c8-005056bbdc38/911-Carrera-Models.pdf
EU,Porsche 911 991 991.1 L4491 W1808 H1299 Convertible 2012-2019,SD0,缓存精确继承,https://files.porsche.com/filestore/download/usa/en-us/modelseries-911-carrera-models/default/ab44b2a7-4f30-11ea-80c8-005056bbdc38/911-Carrera-Models.pdf
EU,Porsche 911 991 991.1 L4491 W1852 H1294 Convertible 2012-2019,SD0,缓存精确继承,https://files.porsche.com/filestore/download/usa/en-us/modelseries-911-carrera-models/default/ab44b2a7-4f30-11ea-80c8-005056bbdc38/911-Carrera-Models.pdf
EU,Porsche 911 991 991.1 L4491 W1852 H1296 Coupe 2012-2019,SD0,缓存精确继承,https://files.porsche.com/filestore/download/usa/en-us/modelseries-911-carrera-models/default/ab44b2a7-4f30-11ea-80c8-005056bbdc38/911-Carrera-Models.pdf
EU,Porsche 911 991 991.1 L4491 W1852 H1300 Convertible 2012-2019,SD0,缓存精确继承,https://files.porsche.com/filestore/download/usa/en-us/modelseries-911-carrera-models/default/ab44b2a7-4f30-11ea-80c8-005056bbdc38/911-Carrera-Models.pdf
EU,Porsche 911 991 991.1 L4491 W1852 H1304 Coupe 2012-2019,SD0,缓存精确继承,https://files.porsche.com/filestore/download/usa/en-us/modelseries-911-carrera-models/default/ab44b2a7-4f30-11ea-80c8-005056bbdc38/911-Carrera-Models.pdf
EU,Porsche 911 991 991.1 L4509 W1852 H1289 Targa 2014-2019,SD0,缓存精确继承,https://files.porsche.com/filestore/download/usa/en-us/modelseries-911-carrera-models/default/ab44b2a7-4f30-11ea-80c8-005056bbdc38/911-Carrera-Models.pdf
EU,Porsche 911 991 991.1 L4509 W1852 H1298 Targa 2014-2019,SD0,缓存精确继承,https://files.porsche.com/filestore/download/usa/en-us/modelseries-911-carrera-models/default/ab44b2a7-4f30-11ea-80c8-005056bbdc38/911-Carrera-Models.pdf
EU,Porsche 911 991 991.1 gt3rs Coupe 2015-2020,SD0,缓存精确继承,https://files.porsche.com/filestore/download/usa/en-us/modelseries-911-carrera-models/default/ab44b2a7-4f30-11ea-80c8-005056bbdc38/911-Carrera-Models.pdf
EU,Porsche 911 991 991.1 gts Convertible 2012-2019,SD0,缓存精确继承,https://files.porsche.com/filestore/download/usa/en-us/modelseries-911-carrera-models/default/ab44b2a7-4f30-11ea-80c8-005056bbdc38/911-Carrera-Models.pdf
EU,Porsche 911 991 991.1 gts Coupe 2012-2019,SD0,缓存精确继承,https://files.porsche.com/filestore/download/usa/en-us/modelseries-911-carrera-models/default/ab44b2a7-4f30-11ea-80c8-005056bbdc38/911-Carrera-Models.pdf
EU,Porsche 911 991 991.1 r Coupe 2015-2020,SD0,缓存精确继承,https://files.porsche.com/filestore/download/usa/en-us/modelseries-911-carrera-models/default/ab44b2a7-4f30-11ea-80c8-005056bbdc38/911-Carrera-Models.pdf
EU,Porsche 911 991 991.1 s Coupe 2012-2019,SD0,缓存精确继承,https://files.porsche.com/filestore/download/usa/en-us/modelseries-911-carrera-models/default/ab44b2a7-4f30-11ea-80c8-005056bbdc38/911-Carrera-Models.pdf
EU,Porsche 911 991 Convertible 2013-2020,SD0,缓存精确继承,https://files.porsche.com/filestore/download/usa/en-us/modelseries-911-carrera-models/default/ab44b2a7-4f30-11ea-80c8-005056bbdc38/911-Carrera-Models.pdf
EU,Porsche 911 991 Convertible 2016-2020,SD0,缓存精确继承,https://files.porsche.com/filestore/download/usa/en-us/modelseries-911-carrera-models/default/ab44b2a7-4f30-11ea-80c8-005056bbdc38/911-Carrera-Models.pdf
EU,Porsche 911 991 Coupe 2013-2017,SD0,缓存精确继承,https://files.porsche.com/filestore/download/usa/en-us/modelseries-911-carrera-models/default/ab44b2a7-4f30-11ea-80c8-005056bbdc38/911-Carrera-Models.pdf
EU,Porsche 911 991 Coupe 2013-2020,SD0,缓存精确继承,https://files.porsche.com/filestore/download/usa/en-us/modelseries-911-carrera-models/default/ab44b2a7-4f30-11ea-80c8-005056bbdc38/911-Carrera-Models.pdf
EU,Porsche 911 991 Coupe 2016-2020,SD0,缓存精确继承,https://files.porsche.com/filestore/download/usa/en-us/modelseries-911-carrera-models/default/ab44b2a7-4f30-11ea-80c8-005056bbdc38/911-Carrera-Models.pdf
EU,Porsche 911 991 Coupe 2017-2020,SD0,缓存精确继承,https://files.porsche.com/filestore/download/usa/en-us/modelseries-911-carrera-models/default/ab44b2a7-4f30-11ea-80c8-005056bbdc38/911-Carrera-Models.pdf
EU,Porsche 911 991 Targa 2017-2019,SD0,缓存精确继承,https://files.porsche.com/filestore/download/usa/en-us/modelseries-911-carrera-models/default/ab44b2a7-4f30-11ea-80c8-005056bbdc38/911-Carrera-Models.pdf
EU,Porsche 911 991.2 911 (991.2) Coupe 2017-2020,SD0,缓存精确继承,https://files.porsche.com/filestore/download/usa/en-us/modelseries-911-carrera-models/default/ab44b2a7-4f30-11ea-80c8-005056bbdc38/911-Carrera-Models.pdf
EU,Porsche 911 991.2 911 991.2 Coupe 2017-2020,SD0,缓存精确继承,https://files.porsche.com/filestore/download/usa/en-us/modelseries-911-carrera-models/default/ab44b2a7-4f30-11ea-80c8-005056bbdc38/911-Carrera-Models.pdf
EU,Porsche 911 991.2 Convertible 2018-2020,SD0,缓存精确继承,https://files.porsche.com/filestore/download/usa/en-us/modelseries-911-carrera-models/default/ab44b2a7-4f30-11ea-80c8-005056bbdc38/911-Carrera-Models.pdf
EU,Porsche 911 991.2 Coupe 2018-2019,SD0,缓存精确继承,https://files.porsche.com/filestore/download/usa/en-us/modelseries-911-carrera-models/default/ab44b2a7-4f30-11ea-80c8-005056bbdc38/911-Carrera-Models.pdf
EU,Porsche 911 991.2 Coupe 2018-2020,SD0,缓存精确继承,https://files.porsche.com/filestore/download/usa/en-us/modelseries-911-carrera-models/default/ab44b2a7-4f30-11ea-80c8-005056bbdc38/911-Carrera-Models.pdf
EU,Porsche 911 992 911 (992) L4519 W1852 H1297 Targa 2020-2024,SD0,缓存精确继承,https://files.porsche.com/filestore/download/usa/en-us/modelseries-911-carrera-models/default/ab44b2a7-4f30-11ea-80c8-005056bbdc38/911-Carrera-Models.pdf
EU,Porsche 911 992 911 (992) L4519 W1852 H1299 Targa 2020-2024,SD0,缓存精确继承,https://files.porsche.com/filestore/download/usa/en-us/modelseries-911-carrera-models/default/ab44b2a7-4f30-11ea-80c8-005056bbdc38/911-Carrera-Models.pdf
EU,Porsche 911 992 911 992 L4519 W1852 H1297 Convertible 2019-2024,SD0,缓存精确继承,https://files.porsche.com/filestore/download/usa/en-us/modelseries-911-carrera-models/default/ab44b2a7-4f30-11ea-80c8-005056bbdc38/911-Carrera-Models.pdf
EU,Porsche 911 992 911 992 L4519 W1852 H1298 Coupe 2019-2024,SD0,缓存精确继承,https://files.porsche.com/filestore/download/usa/en-us/modelseries-911-carrera-models/default/ab44b2a7-4f30-11ea-80c8-005056bbdc38/911-Carrera-Models.pdf
EU,Porsche 911 992 911 992 L4519 W1852 H1299 Convertible 2019-2024,SD0,缓存精确继承,https://files.porsche.com/filestore/download/usa/en-us/modelseries-911-carrera-models/default/ab44b2a7-4f30-11ea-80c8-005056bbdc38/911-Carrera-Models.pdf
EU,Porsche 911 992 911 992 L4519 W1852 H1300 Coupe 2019-2024,SD0,缓存精确继承,https://files.porsche.com/filestore/download/usa/en-us/modelseries-911-carrera-models/default/ab44b2a7-4f30-11ea-80c8-005056bbdc38/911-Carrera-Models.pdf
EU,Porsche 911 992 911 992.2 L4542 W1852 H1293 Coupe 2024-2026,SD0,缓存精确继承,https://files.porsche.com/filestore/download/usa/en-us/modelseries-911-carrera-models/default/ab44b2a7-4f30-11ea-80c8-005056bbdc38/911-Carrera-Models.pdf
EU,Porsche 911 992 911 992.2 L4542 W1852 H1298 Coupe 2024-2026,SD0,缓存精确继承,https://files.porsche.com/filestore/download/usa/en-us/modelseries-911-carrera-models/default/ab44b2a7-4f30-11ea-80c8-005056bbdc38/911-Carrera-Models.pdf
EU,Porsche 911 992 911 992.2 L4542 W1852 H1301 Convertible 2024-2026,SD0,缓存精确继承,https://files.porsche.com/filestore/download/usa/en-us/modelseries-911-carrera-models/default/ab44b2a7-4f30-11ea-80c8-005056bbdc38/911-Carrera-Models.pdf
EU,Porsche 911 992 911 992.2 L4542 W1852 H1302 Convertible 2024-2026,SD0,缓存精确继承,https://files.porsche.com/filestore/download/usa/en-us/modelseries-911-carrera-models/default/ab44b2a7-4f30-11ea-80c8-005056bbdc38/911-Carrera-Models.pdf
EU,Porsche 911 992 911 992.2 L4542 W1852 H1303 Coupe 2024-2026,SD0,缓存精确继承,https://files.porsche.com/filestore/download/usa/en-us/modelseries-911-carrera-models/default/ab44b2a7-4f30-11ea-80c8-005056bbdc38/911-Carrera-Models.pdf
EU,Porsche 911 992 992.1 L4535 W1900 H1299 Coupe 2021-2025,SD0,缓存精确继承,https://files.porsche.com/filestore/download/usa/en-us/modelseries-911-carrera-models/default/ab44b2a7-4f30-11ea-80c8-005056bbdc38/911-Carrera-Models.pdf
EU,Porsche 911 992 992.1 L4573 W1852 H1279 Coupe 2021-2025,SD0,缓存精确继承,https://files.porsche.com/filestore/download/usa/en-us/modelseries-911-carrera-models/default/ab44b2a7-4f30-11ea-80c8-005056bbdc38/911-Carrera-Models.pdf
EU,Porsche 911 992 992.2 L4542 W1852 H1302 Targa 2024-2026,SD0,缓存精确继承,https://files.porsche.com/filestore/download/usa/en-us/modelseries-911-carrera-models/default/ab44b2a7-4f30-11ea-80c8-005056bbdc38/911-Carrera-Models.pdf
EU,Porsche 911 992 992.2 L4553 W1852 H1292 Convertible 2024-2026,SD0,缓存精确继承,https://files.porsche.com/filestore/download/usa/en-us/modelseries-911-carrera-models/default/ab44b2a7-4f30-11ea-80c8-005056bbdc38/911-Carrera-Models.pdf
EU,Porsche 911 992 992.2 L4553 W1852 H1292 Coupe 2024-2026,SD0,缓存精确继承,https://files.porsche.com/filestore/download/usa/en-us/modelseries-911-carrera-models/default/ab44b2a7-4f30-11ea-80c8-005056bbdc38/911-Carrera-Models.pdf
EU,Porsche 911 992 992.2 L4553 W1852 H1293 Convertible 2024-2026,SD0,缓存精确继承,https://files.porsche.com/filestore/download/usa/en-us/modelseries-911-carrera-models/default/ab44b2a7-4f30-11ea-80c8-005056bbdc38/911-Carrera-Models.pdf
EU,Porsche 911 992 992.2 L4553 W1852 H1294 Coupe 2024-2026,SD0,缓存精确继承,https://files.porsche.com/filestore/download/usa/en-us/modelseries-911-carrera-models/default/ab44b2a7-4f30-11ea-80c8-005056bbdc38/911-Carrera-Models.pdf
EU,Porsche 911 992 992.2 L4553 W1852 H1297 Targa 2024-2026,SD0,缓存精确继承,https://files.porsche.com/filestore/download/usa/en-us/modelseries-911-carrera-models/default/ab44b2a7-4f30-11ea-80c8-005056bbdc38/911-Carrera-Models.pdf
EU,Porsche 911 992 Convertible 2020-2024,SD0,缓存精确继承,https://files.porsche.com/filestore/download/usa/en-us/modelseries-911-carrera-models/default/ab44b2a7-4f30-11ea-80c8-005056bbdc38/911-Carrera-Models.pdf
EU,Porsche 911 992 Convertible 2021-2024,SD0,缓存精确继承,https://files.porsche.com/filestore/download/usa/en-us/modelseries-911-carrera-models/default/ab44b2a7-4f30-11ea-80c8-005056bbdc38/911-Carrera-Models.pdf
EU,Porsche 911 992 Convertible 2025-2026,SD0,缓存精确继承,https://files.porsche.com/filestore/download/usa/en-us/modelseries-911-carrera-models/default/ab44b2a7-4f30-11ea-80c8-005056bbdc38/911-Carrera-Models.pdf
EU,Porsche 911 992 Coupe 2020-2025,SD0,缓存精确继承,https://files.porsche.com/filestore/download/usa/en-us/modelseries-911-carrera-models/default/ab44b2a7-4f30-11ea-80c8-005056bbdc38/911-Carrera-Models.pdf
EU,Porsche 911 992 Coupe 2021-2024,SD0,缓存精确继承,https://files.porsche.com/filestore/download/usa/en-us/modelseries-911-carrera-models/default/ab44b2a7-4f30-11ea-80c8-005056bbdc38/911-Carrera-Models.pdf
EU,Porsche 911 992 Coupe 2022-2024,SD0,缓存精确继承,https://files.porsche.com/filestore/download/usa/en-us/modelseries-911-carrera-models/default/ab44b2a7-4f30-11ea-80c8-005056bbdc38/911-Carrera-Models.pdf
EU,Porsche 911 992 Coupe 2022-2025,SD0,缓存精确继承,https://files.porsche.com/filestore/download/usa/en-us/modelseries-911-carrera-models/default/ab44b2a7-4f30-11ea-80c8-005056bbdc38/911-Carrera-Models.pdf
EU,Porsche 911 992 Coupe 2023-2024,SD0,缓存精确继承,https://files.porsche.com/filestore/download/usa/en-us/modelseries-911-carrera-models/default/ab44b2a7-4f30-11ea-80c8-005056bbdc38/911-Carrera-Models.pdf
EU,Porsche 911 992 Coupe 2023-2025,SD0,缓存精确继承,https://files.porsche.com/filestore/download/usa/en-us/modelseries-911-carrera-models/default/ab44b2a7-4f30-11ea-80c8-005056bbdc38/911-Carrera-Models.pdf
EU,Porsche 911 992 Coupe 2025-2026,SD0,缓存精确继承,https://files.porsche.com/filestore/download/usa/en-us/modelseries-911-carrera-models/default/ab44b2a7-4f30-11ea-80c8-005056bbdc38/911-Carrera-Models.pdf
EU,Porsche 911 992 Targa 2021-2024,SD0,缓存精确继承,https://files.porsche.com/filestore/download/usa/en-us/modelseries-911-carrera-models/default/ab44b2a7-4f30-11ea-80c8-005056bbdc38/911-Carrera-Models.pdf
EU,Porsche 911 993 911 993 L4245 W1795 H1285 Coupe 1995-1997,SD0,缓存精确继承,https://files.porsche.com/filestore/download/usa/en-us/modelseries-911-carrera-models/default/ab44b2a7-4f30-11ea-80c8-005056bbdc38/911-Carrera-Models.pdf
EU,Porsche 911 993 911 993 L4245 W1855 H1270 Coupe 1995-1997,SD0,缓存精确继承,https://files.porsche.com/filestore/download/usa/en-us/modelseries-911-carrera-models/default/ab44b2a7-4f30-11ea-80c8-005056bbdc38/911-Carrera-Models.pdf
EU,Porsche 911 993 Convertible 1994-1995,SD0,缓存精确继承,https://files.porsche.com/filestore/download/usa/en-us/modelseries-911-carrera-models/default/ab44b2a7-4f30-11ea-80c8-005056bbdc38/911-Carrera-Models.pdf
EU,Porsche 911 993 Convertible 1995-1997,SD0,缓存精确继承,https://files.porsche.com/filestore/download/usa/en-us/modelseries-911-carrera-models/default/ab44b2a7-4f30-11ea-80c8-005056bbdc38/911-Carrera-Models.pdf
EU,Porsche 911 993 Coupe 1993-1995,SD0,缓存精确继承,https://files.porsche.com/filestore/download/usa/en-us/modelseries-911-carrera-models/default/ab44b2a7-4f30-11ea-80c8-005056bbdc38/911-Carrera-Models.pdf
EU,Porsche 911 993 Coupe 1994-1995,SD0,缓存精确继承,https://files.porsche.com/filestore/download/usa/en-us/modelseries-911-carrera-models/default/ab44b2a7-4f30-11ea-80c8-005056bbdc38/911-Carrera-Models.pdf
EU,Porsche 911 993 Coupe 1997-1997,SD0,缓存精确继承,https://files.porsche.com/filestore/download/usa/en-us/modelseries-911-carrera-models/default/ab44b2a7-4f30-11ea-80c8-005056bbdc38/911-Carrera-Models.pdf
EU,Porsche 911 993 L4245 W1735 H1270 Coupe 1995-1997,SD0,缓存精确继承,https://files.porsche.com/filestore/download/usa/en-us/modelseries-911-carrera-models/default/ab44b2a7-4f30-11ea-80c8-005056bbdc38/911-Carrera-Models.pdf
EU,Porsche 911 993 L4245 W1735 H1300 Coupe 1995-1997,SD0,缓存精确继承,https://files.porsche.com/filestore/download/usa/en-us/modelseries-911-carrera-models/default/ab44b2a7-4f30-11ea-80c8-005056bbdc38/911-Carrera-Models.pdf
EU,Porsche 911 993 Targa 1995-1997,SD0,缓存精确继承,https://files.porsche.com/filestore/download/usa/en-us/modelseries-911-carrera-models/default/ab44b2a7-4f30-11ea-80c8-005056bbdc38/911-Carrera-Models.pdf
EU,Porsche 911 993 Targa 1996-1997,SD0,缓存精确继承,https://files.porsche.com/filestore/download/usa/en-us/modelseries-911-carrera-models/default/ab44b2a7-4f30-11ea-80c8-005056bbdc38/911-Carrera-Models.pdf
EU,Porsche 911 996 996.2 L4430 W1770 H1305 Convertible 2002-2005,SD0,缓存精确继承,https://files.porsche.com/filestore/download/usa/en-us/modelseries-911-carrera-models/default/ab44b2a7-4f30-11ea-80c8-005056bbdc38/911-Carrera-Models.pdf
EU,Porsche 911 996 996.2 L4430 W1770 H1305 Coupe 2003-2005,SD0,缓存精确继承,https://files.porsche.com/filestore/download/usa/en-us/modelseries-911-carrera-models/default/ab44b2a7-4f30-11ea-80c8-005056bbdc38/911-Carrera-Models.pdf
EU,Porsche 911 996 996.2 L4435 W1770 H1275 Coupe 2003-2005,SD0,缓存精确继承,https://files.porsche.com/filestore/download/usa/en-us/modelseries-911-carrera-models/default/ab44b2a7-4f30-11ea-80c8-005056bbdc38/911-Carrera-Models.pdf
EU,Porsche 911 996 996.2 L4435 W1830 H1305 Convertible 2002-2005,SD0,缓存精确继承,https://files.porsche.com/filestore/download/usa/en-us/modelseries-911-carrera-models/default/ab44b2a7-4f30-11ea-80c8-005056bbdc38/911-Carrera-Models.pdf
EU,Porsche 911 996 996.2 L4450 W1830 H1275 Coupe 2003-2005,SD0,缓存精确继承,https://files.porsche.com/filestore/download/usa/en-us/modelseries-911-carrera-models/default/ab44b2a7-4f30-11ea-80c8-005056bbdc38/911-Carrera-Models.pdf
EU,Porsche 911 996 996.2 L4465 W1830 H1295 Coupe 2003-2005,SD0,缓存精确继承,https://files.porsche.com/filestore/download/usa/en-us/modelseries-911-carrera-models/default/ab44b2a7-4f30-11ea-80c8-005056bbdc38/911-Carrera-Models.pdf
EU,Porsche 911 996 Convertible 1997-1999,SD0,缓存精确继承,https://files.porsche.com/filestore/download/usa/en-us/modelseries-911-carrera-models/default/ab44b2a7-4f30-11ea-80c8-005056bbdc38/911-Carrera-Models.pdf
EU,Porsche 911 996 Convertible 1998-2001,SD0,缓存精确继承,https://files.porsche.com/filestore/download/usa/en-us/modelseries-911-carrera-models/default/ab44b2a7-4f30-11ea-80c8-005056bbdc38/911-Carrera-Models.pdf
EU,Porsche 911 996 Convertible 2001-2005,SD0,缓存精确继承,https://files.porsche.com/filestore/download/usa/en-us/modelseries-911-carrera-models/default/ab44b2a7-4f30-11ea-80c8-005056bbdc38/911-Carrera-Models.pdf
EU,Porsche 911 996 Convertible 2003-2005,SD0,缓存精确继承,https://files.porsche.com/filestore/download/usa/en-us/modelseries-911-carrera-models/default/ab44b2a7-4f30-11ea-80c8-005056bbdc38/911-Carrera-Models.pdf
EU,Porsche 911 996 Convertible 2004-2005,SD0,缓存精确继承,https://files.porsche.com/filestore/download/usa/en-us/modelseries-911-carrera-models/default/ab44b2a7-4f30-11ea-80c8-005056bbdc38/911-Carrera-Models.pdf
EU,Porsche 911 996 Coupe 1997-1999,SD0,缓存精确继承,https://files.porsche.com/filestore/download/usa/en-us/modelseries-911-carrera-models/default/ab44b2a7-4f30-11ea-80c8-005056bbdc38/911-Carrera-Models.pdf
EU,Porsche 911 996 Coupe 1997-2001,SD0,缓存精确继承,https://files.porsche.com/filestore/download/usa/en-us/modelseries-911-carrera-models/default/ab44b2a7-4f30-11ea-80c8-005056bbdc38/911-Carrera-Models.pdf
EU,Porsche 911 996 Coupe 1999-2002,SD0,缓存精确继承,https://files.porsche.com/filestore/download/usa/en-us/modelseries-911-carrera-models/default/ab44b2a7-4f30-11ea-80c8-005056bbdc38/911-Carrera-Models.pdf
EU,Porsche 911 996 Coupe 2000-2005,SD0,缓存精确继承,https://files.porsche.com/filestore/download/usa/en-us/modelseries-911-carrera-models/default/ab44b2a7-4f30-11ea-80c8-005056bbdc38/911-Carrera-Models.pdf
EU,Porsche 911 996 Coupe 2001-2004,SD0,缓存精确继承,https://files.porsche.com/filestore/download/usa/en-us/modelseries-911-carrera-models/default/ab44b2a7-4f30-11ea-80c8-005056bbdc38/911-Carrera-Models.pdf
EU,Porsche 911 996 Coupe 2001-2005,SD0,缓存精确继承,https://files.porsche.com/filestore/download/usa/en-us/modelseries-911-carrera-models/default/ab44b2a7-4f30-11ea-80c8-005056bbdc38/911-Carrera-Models.pdf
EU,Porsche 911 996 Coupe 2003-2004,SD0,缓存精确继承,https://files.porsche.com/filestore/download/usa/en-us/modelseries-911-carrera-models/default/ab44b2a7-4f30-11ea-80c8-005056bbdc38/911-Carrera-Models.pdf
EU,Porsche 911 996 Targa 2001-2005,SD0,缓存精确继承,https://files.porsche.com/filestore/download/usa/en-us/modelseries-911-carrera-models/default/ab44b2a7-4f30-11ea-80c8-005056bbdc38/911-Carrera-Models.pdf
EU,Porsche 911 997 911 (997) L4427 W1808 H1300 Coupe 2005-2008,SD0,缓存精确继承,https://files.porsche.com/filestore/download/usa/en-us/modelseries-911-carrera-models/default/ab44b2a7-4f30-11ea-80c8-005056bbdc38/911-Carrera-Models.pdf
EU,Porsche 911 997 911 (997) L4427 W1852 H1300 Coupe 2005-2008,SD0,缓存精确继承,https://files.porsche.com/filestore/download/usa/en-us/modelseries-911-carrera-models/default/ab44b2a7-4f30-11ea-80c8-005056bbdc38/911-Carrera-Models.pdf
EU,Porsche 911 997 911 (997) L4427 W1852 H1300 Targa 2006-2008,SD0,缓存精确继承,https://files.porsche.com/filestore/download/usa/en-us/modelseries-911-carrera-models/default/ab44b2a7-4f30-11ea-80c8-005056bbdc38/911-Carrera-Models.pdf
EU,Porsche 911 997 911 (997) L4427 W1852 H1310 Targa 2006-2008,SD0,缓存精确继承,https://files.porsche.com/filestore/download/usa/en-us/modelseries-911-carrera-models/default/ab44b2a7-4f30-11ea-80c8-005056bbdc38/911-Carrera-Models.pdf
EU,Porsche 911 997 911 (997) facelift Coupe 2008-2012,SD0,缓存精确继承,https://files.porsche.com/filestore/download/usa/en-us/modelseries-911-carrera-models/default/ab44b2a7-4f30-11ea-80c8-005056bbdc38/911-Carrera-Models.pdf
EU,Porsche 911 997 911 (997) facelift L4435 W1852 H1300 Convertible 2008-2012,SD0,缓存精确继承,https://files.porsche.com/filestore/download/usa/en-us/modelseries-911-carrera-models/default/ab44b2a7-4f30-11ea-80c8-005056bbdc38/911-Carrera-Models.pdf
EU,Porsche 911 997 911 (997) facelift L4435 W1852 H1310 Convertible 2008-2012,SD0,缓存精确继承,https://files.porsche.com/filestore/download/usa/en-us/modelseries-911-carrera-models/default/ab44b2a7-4f30-11ea-80c8-005056bbdc38/911-Carrera-Models.pdf
EU,Porsche 911 997 911 (997.2) Coupe 2008-2012,SD0,缓存精确继承,https://files.porsche.com/filestore/download/usa/en-us/modelseries-911-carrera-models/default/ab44b2a7-4f30-11ea-80c8-005056bbdc38/911-Carrera-Models.pdf
EU,Porsche 911 997 911 (997.2) Coupe 2009-2012,SD0,缓存精确继承,https://files.porsche.com/filestore/download/usa/en-us/modelseries-911-carrera-models/default/ab44b2a7-4f30-11ea-80c8-005056bbdc38/911-Carrera-Models.pdf
EU,Porsche 911 997 911 (997.2) L4435 W1808 H1300 Convertible 2008-2011,SD0,缓存精确继承,https://files.porsche.com/filestore/download/usa/en-us/modelseries-911-carrera-models/default/ab44b2a7-4f30-11ea-80c8-005056bbdc38/911-Carrera-Models.pdf
EU,Porsche 911 997 911 (997.2) L4435 W1808 H1300 Coupe 2008-2011,SD0,缓存精确继承,https://files.porsche.com/filestore/download/usa/en-us/modelseries-911-carrera-models/default/ab44b2a7-4f30-11ea-80c8-005056bbdc38/911-Carrera-Models.pdf
EU,Porsche 911 997 911 (997.2) L4435 W1808 H1310 Convertible 2008-2011,SD0,缓存精确继承,https://files.porsche.com/filestore/download/usa/en-us/modelseries-911-carrera-models/default/ab44b2a7-4f30-11ea-80c8-005056bbdc38/911-Carrera-Models.pdf
EU,Porsche 911 997 911 (997.2) L4435 W1808 H1310 Coupe 2008-2011,SD0,缓存精确继承,https://files.porsche.com/filestore/download/usa/en-us/modelseries-911-carrera-models/default/ab44b2a7-4f30-11ea-80c8-005056bbdc38/911-Carrera-Models.pdf
EU,Porsche 911 997 911 (997.2) L4435 W1852 H1300 Targa 2008-2012,SD0,缓存精确继承,https://files.porsche.com/filestore/download/usa/en-us/modelseries-911-carrera-models/default/ab44b2a7-4f30-11ea-80c8-005056bbdc38/911-Carrera-Models.pdf
EU,Porsche 911 997 911 (997.2) L4435 W1852 H1310 Targa 2008-2012,SD0,缓存精确继承,https://files.porsche.com/filestore/download/usa/en-us/modelseries-911-carrera-models/default/ab44b2a7-4f30-11ea-80c8-005056bbdc38/911-Carrera-Models.pdf
EU,Porsche 911 997 911 (997.2) carreras Coupe 2009-2011,SD0,缓存精确继承,https://files.porsche.com/filestore/download/usa/en-us/modelseries-911-carrera-models/default/ab44b2a7-4f30-11ea-80c8-005056bbdc38/911-Carrera-Models.pdf
EU,Porsche 911 997 911 (997.2) gts Coupe 2009-2011,SD0,缓存精确继承,https://files.porsche.com/filestore/download/usa/en-us/modelseries-911-carrera-models/default/ab44b2a7-4f30-11ea-80c8-005056bbdc38/911-Carrera-Models.pdf
EU,Porsche 911 997 911 997 Coupe 2006-2009,SD0,缓存精确继承,https://files.porsche.com/filestore/download/usa/en-us/modelseries-911-carrera-models/default/ab44b2a7-4f30-11ea-80c8-005056bbdc38/911-Carrera-Models.pdf
EU,Porsche 911 997 911 997 Facelift Coupe 2009-2011,SD0,缓存精确继承,https://files.porsche.com/filestore/download/usa/en-us/modelseries-911-carrera-models/default/ab44b2a7-4f30-11ea-80c8-005056bbdc38/911-Carrera-Models.pdf
EU,Porsche 911 997 911 997.1 L4427 W1852 H1300 Convertible 2005-2008,SD0,缓存精确继承,https://files.porsche.com/filestore/download/usa/en-us/modelseries-911-carrera-models/default/ab44b2a7-4f30-11ea-80c8-005056bbdc38/911-Carrera-Models.pdf
EU,Porsche 911 997 911 997.1 L4427 W1852 H1310 Convertible 2005-2008,SD0,缓存精确继承,https://files.porsche.com/filestore/download/usa/en-us/modelseries-911-carrera-models/default/ab44b2a7-4f30-11ea-80c8-005056bbdc38/911-Carrera-Models.pdf
EU,Porsche 911 997 911 997.2 Coupe 2009-2012,SD0,缓存精确继承,https://files.porsche.com/filestore/download/usa/en-us/modelseries-911-carrera-models/default/ab44b2a7-4f30-11ea-80c8-005056bbdc38/911-Carrera-Models.pdf
EU,Porsche 911 997 911 997.2 Coupe 2010-2012,SD0,缓存精确继承,https://files.porsche.com/filestore/download/usa/en-us/modelseries-911-carrera-models/default/ab44b2a7-4f30-11ea-80c8-005056bbdc38/911-Carrera-Models.pdf
EU,Porsche 911 997 997.1 Convertible 2005-2008,SD0,缓存精确继承,https://files.porsche.com/filestore/download/usa/en-us/modelseries-911-carrera-models/default/ab44b2a7-4f30-11ea-80c8-005056bbdc38/911-Carrera-Models.pdf
EU,Porsche 911 997 997.1 L4427 W1808 H1300 Coupe 2004-2008,SD0,缓存精确继承,https://files.porsche.com/filestore/download/usa/en-us/modelseries-911-carrera-models/default/ab44b2a7-4f30-11ea-80c8-005056bbdc38/911-Carrera-Models.pdf
EU,Porsche 911 997 997.1 L4427 W1808 H1310 Coupe 2004-2008,SD0,缓存精确继承,https://files.porsche.com/filestore/download/usa/en-us/modelseries-911-carrera-models/default/ab44b2a7-4f30-11ea-80c8-005056bbdc38/911-Carrera-Models.pdf
EU,Porsche 911 997 997.1 L4427 W1852 H1300 Coupe 2004-2008,SD0,缓存精确继承,https://files.porsche.com/filestore/download/usa/en-us/modelseries-911-carrera-models/default/ab44b2a7-4f30-11ea-80c8-005056bbdc38/911-Carrera-Models.pdf
EU,Porsche 911 997 997.1 L4427 W1852 H1310 Coupe 2004-2008,SD0,缓存精确继承,https://files.porsche.com/filestore/download/usa/en-us/modelseries-911-carrera-models/default/ab44b2a7-4f30-11ea-80c8-005056bbdc38/911-Carrera-Models.pdf
EU,Porsche 911 997 997.2 Coupe 2009-2011,SD0,缓存精确继承,https://files.porsche.com/filestore/download/usa/en-us/modelseries-911-carrera-models/default/ab44b2a7-4f30-11ea-80c8-005056bbdc38/911-Carrera-Models.pdf
EU,Porsche 911 997 997.2 Coupe 2010-2012,SD0,缓存精确继承,https://files.porsche.com/filestore/download/usa/en-us/modelseries-911-carrera-models/default/ab44b2a7-4f30-11ea-80c8-005056bbdc38/911-Carrera-Models.pdf
EU,Porsche 911 997 Convertible 2005-2005,SD0,缓存精确继承,https://files.porsche.com/filestore/download/usa/en-us/modelseries-911-carrera-models/default/ab44b2a7-4f30-11ea-80c8-005056bbdc38/911-Carrera-Models.pdf
EU,Porsche 911 997 Convertible 2007-2009,SD0,缓存精确继承,https://files.porsche.com/filestore/download/usa/en-us/modelseries-911-carrera-models/default/ab44b2a7-4f30-11ea-80c8-005056bbdc38/911-Carrera-Models.pdf
EU,Porsche 911 997 Convertible 2009-2011,SD0,缓存精确继承,https://files.porsche.com/filestore/download/usa/en-us/modelseries-911-carrera-models/default/ab44b2a7-4f30-11ea-80c8-005056bbdc38/911-Carrera-Models.pdf
EU,Porsche 911 997 Convertible 2009-2012,SD0,缓存精确继承,https://files.porsche.com/filestore/download/usa/en-us/modelseries-911-carrera-models/default/ab44b2a7-4f30-11ea-80c8-005056bbdc38/911-Carrera-Models.pdf
EU,Porsche 911 997 Convertible 2010-2011,SD0,缓存精确继承,https://files.porsche.com/filestore/download/usa/en-us/modelseries-911-carrera-models/default/ab44b2a7-4f30-11ea-80c8-005056bbdc38/911-Carrera-Models.pdf
EU,Porsche 911 997 Convertible 2010-2012,SD0,缓存精确继承,https://files.porsche.com/filestore/download/usa/en-us/modelseries-911-carrera-models/default/ab44b2a7-4f30-11ea-80c8-005056bbdc38/911-Carrera-Models.pdf
EU,Porsche 911 997 Coupe 2004-2005,SD0,缓存精确继承,https://files.porsche.com/filestore/download/usa/en-us/modelseries-911-carrera-models/default/ab44b2a7-4f30-11ea-80c8-005056bbdc38/911-Carrera-Models.pdf
EU,Porsche 911 997 Coupe 2007-2012,SD0,缓存精确继承,https://files.porsche.com/filestore/download/usa/en-us/modelseries-911-carrera-models/default/ab44b2a7-4f30-11ea-80c8-005056bbdc38/911-Carrera-Models.pdf
EU,Porsche 911 997 Coupe 2011-2012,SD0,缓存精确继承,https://files.porsche.com/filestore/download/usa/en-us/modelseries-911-carrera-models/default/ab44b2a7-4f30-11ea-80c8-005056bbdc38/911-Carrera-Models.pdf
EU,Porsche 911 997 Porsche 911 Turbo 997 Coupe 2006-2009,SD0,缓存精确继承,https://files.porsche.com/filestore/download/usa/en-us/modelseries-911-carrera-models/default/ab44b2a7-4f30-11ea-80c8-005056bbdc38/911-Carrera-Models.pdf
EU,Porsche 911 997 Targa 2009-2012,SD0,缓存精确继承,https://files.porsche.com/filestore/download/usa/en-us/modelseries-911-carrera-models/default/ab44b2a7-4f30-11ea-80c8-005056bbdc38/911-Carrera-Models.pdf
EU,Porsche 911 997.2 Convertible 2009-2012,SD0,缓存精确继承,https://files.porsche.com/filestore/download/usa/en-us/modelseries-911-carrera-models/default/ab44b2a7-4f30-11ea-80c8-005056bbdc38/911-Carrera-Models.pdf
EU,Porsche 911 Porsche 911 G-Series narrow Convertible 1986-1989,SD0,缓存精确继承,https://files.porsche.com/filestore/download/usa/en-us/modelseries-911-carrera-models/default/ab44b2a7-4f30-11ea-80c8-005056bbdc38/911-Carrera-Models.pdf
EU,Porsche 911 Porsche 911 G-Series wide Convertible 1986-1989,SD0,缓存精确继承,https://files.porsche.com/filestore/download/usa/en-us/modelseries-911-carrera-models/default/ab44b2a7-4f30-11ea-80c8-005056bbdc38/911-Carrera-Models.pdf
EU,Porsche Cayman 981C Cayman 981 Coupe 2013-2016,SD0,本轮增量研究,https://newsroom.porsche.com/it/ppdb/2016/04/motore-turbo-a-quattro-cilindri-e-maggiore-potenza-la-nuova-porsche-718-cayman.html
EU,Porsche Cayman 981C Coupe 2013-2016,SD0,本轮增量研究,https://newsroom.porsche.com/it/ppdb/2016/04/motore-turbo-a-quattro-cilindri-e-maggiore-potenza-la-nuova-porsche-718-cayman.html
EU,Porsche Cayman 981C Coupe 2014-2016,SD0,本轮增量研究,https://newsroom.porsche.com/it/ppdb/2016/04/motore-turbo-a-quattro-cilindri-e-maggiore-potenza-la-nuova-porsche-718-cayman.html
EU,Porsche Cayman 981C Coupe 2015-2016,SD0,本轮增量研究,https://newsroom.porsche.com/it/ppdb/2016/04/motore-turbo-a-quattro-cilindri-e-maggiore-potenza-la-nuova-porsche-718-cayman.html
EU,Porsche Cayman 987C Cayman 987.2 Coupe 2009-2013,SD0,本轮增量研究,https://newsroom.porsche.com/it/ppdb/2016/04/motore-turbo-a-quattro-cilindri-e-maggiore-potenza-la-nuova-porsche-718-cayman.html
EU,Porsche Cayman 987C Cayman 987C facelift Coupe 2009-2013,SD0,本轮增量研究,https://newsroom.porsche.com/it/ppdb/2016/04/motore-turbo-a-quattro-cilindri-e-maggiore-potenza-la-nuova-porsche-718-cayman.html
EU,Porsche Cayman 987C Coupe 2005-2009,SD0,本轮增量研究,https://newsroom.porsche.com/it/ppdb/2016/04/motore-turbo-a-quattro-cilindri-e-maggiore-potenza-la-nuova-porsche-718-cayman.html
EU,Porsche Cayman 987C Coupe 2006-2009,SD0,本轮增量研究,https://newsroom.porsche.com/it/ppdb/2016/04/motore-turbo-a-quattro-cilindri-e-maggiore-potenza-la-nuova-porsche-718-cayman.html
EU,Porsche Cayman 987C Coupe 2008-2012,SD0,本轮增量研究,https://newsroom.porsche.com/it/ppdb/2016/04/motore-turbo-a-quattro-cilindri-e-maggiore-potenza-la-nuova-porsche-718-cayman.html
EU,Porsche Cayman 987C Coupe 2009-2012,SD0,本轮增量研究,https://newsroom.porsche.com/it/ppdb/2016/04/motore-turbo-a-quattro-cilindri-e-maggiore-potenza-la-nuova-porsche-718-cayman.html
EU,Porsche Cayman 987C Coupe 2010-2012,SD0,本轮增量研究,https://newsroom.porsche.com/it/ppdb/2016/04/motore-turbo-a-quattro-cilindri-e-maggiore-potenza-la-nuova-porsche-718-cayman.html
EU,Porsche Taycan Y1A Sedan 2020-2023,SD0,缓存精确继承,车形分类核定/cache/model_shape_cache.csv
EU,Porsche Taycan Y1A Sedan 2020-2026,SD0,缓存精确继承,车形分类核定/cache/model_shape_cache.csv
EU,Porsche Taycan Y1A Sedan 2024-2026,SD0,缓存精确继承,车形分类核定/cache/model_shape_cache.csv
EU,Porsche Taycan Y1A Taycan I L4963 W1966 H1378 Sedan 2019-2023,SD0,缓存精确继承,车形分类核定/cache/model_shape_cache.csv
EU,Porsche Taycan Y1A Taycan I L4963 W1966 H1379 Sedan 2019-2023,SD0,缓存精确继承,车形分类核定/cache/model_shape_cache.csv
EU,Porsche Taycan Y1A Taycan I L4963 W1966 H1381 Sedan 2019-2023,SD0,缓存精确继承,车形分类核定/cache/model_shape_cache.csv
EU,Porsche Taycan Y1A Y1 facelift Sedan 2023-2026,SD0,缓存精确继承,车形分类核定/cache/model_shape_cache.csv
EU,Porsche Taycan Y1A Y1A facelift Sedan 2023-2026,SD0,缓存精确继承,车形分类核定/cache/model_shape_cache.csv
EU,Porsche Taycan Y1B Wagon 2020-2023,SD0,缓存精确继承,车形分类核定/cache/model_shape_cache.csv
EU,Porsche Taycan Y1B Wagon 2021-2026,SD0,缓存精确继承,车形分类核定/cache/model_shape_cache.csv
EU,Porsche Taycan Y1B Wagon 2023-2026,SD0,缓存精确继承,车形分类核定/cache/model_shape_cache.csv
EU,Porsche Taycan Y1C Wagon 2021-2023,SD0,缓存精确继承,车形分类核定/cache/model_shape_cache.csv
EU,Porsche Taycan Y1C Wagon 2023-2026,SD0,缓存精确继承,车形分类核定/cache/model_shape_cache.csv
EU,Porsche Taycan Y1C Wagon 2024-2026,SD0,缓存精确继承,车形分类核定/cache/model_shape_cache.csv
EU,Renault Clio i 57 Hatchback 1993-1995,H0,缓存精确继承,https://www.renaultgroup.com/en/magazine/our-group-news/new-clio-the-legend-enters-its-sixth-chapter/
EU,Renault Clio i 57 Hatchback 1994-1998,H0,缓存精确继承,https://www.renaultgroup.com/en/magazine/our-group-news/new-clio-the-legend-enters-its-sixth-chapter/
EU,Renault Clio i B57 Hatchback 1994-1996,H0,缓存精确继承,https://www.renaultgroup.com/en/magazine/our-group-news/new-clio-the-legend-enters-its-sixth-chapter/
EU,Renault Clio i B57 Hatchback 1995-1998,H0,缓存精确继承,https://www.renaultgroup.com/en/magazine/our-group-news/new-clio-the-legend-enters-its-sixth-chapter/
EU,Renault Clio i B57 Hatchback 1997-1998,H0,缓存精确继承,https://www.renaultgroup.com/en/magazine/our-group-news/new-clio-the-legend-enters-its-sixth-chapter/
EU,Renault Clio i C57 Hatchback 1994-1996,H0,缓存精确继承,https://www.renaultgroup.com/en/magazine/our-group-news/new-clio-the-legend-enters-its-sixth-chapter/
EU,Renault Clio i C57 Hatchback 1995-1998,H0,缓存精确继承,https://www.renaultgroup.com/en/magazine/our-group-news/new-clio-the-legend-enters-its-sixth-chapter/
EU,Renault Clio i C57 Hatchback 1997-1998,H0,缓存精确继承,https://www.renaultgroup.com/en/magazine/our-group-news/new-clio-the-legend-enters-its-sixth-chapter/
EU,Renault Clio i Clio I Hatchback 1996-1998,H0,缓存精确继承,https://www.renaultgroup.com/en/magazine/our-group-news/new-clio-the-legend-enters-its-sixth-chapter/
EU,Renault Clio i Clio I Phase I Hatchback 1990-1996,H0,缓存精确继承,https://www.renaultgroup.com/en/magazine/our-group-news/new-clio-the-legend-enters-its-sixth-chapter/
EU,Renault Clio i Clio I Phase II Hatchback 1990-1996,H0,缓存精确继承,https://www.renaultgroup.com/en/magazine/our-group-news/new-clio-the-legend-enters-its-sixth-chapter/
EU,Renault Clio i Clio I Phase II Hatchback 1996-1998,H0,缓存精确继承,https://www.renaultgroup.com/en/magazine/our-group-news/new-clio-the-legend-enters-its-sixth-chapter/
EU,Renault Clio i Hatchback 1990-1998,H0,缓存精确继承,https://www.renaultgroup.com/en/magazine/our-group-news/new-clio-the-legend-enters-its-sixth-chapter/
EU,Renault Clio i Hatchback 1996-1996,H0,缓存精确继承,https://www.renaultgroup.com/en/magazine/our-group-news/new-clio-the-legend-enters-its-sixth-chapter/
EU,Renault Clio i Hatchback 1996-1999,H0,缓存精确继承,https://www.renaultgroup.com/en/magazine/our-group-news/new-clio-the-legend-enters-its-sixth-chapter/
EU,Renault Clio i I Hatchback 1991-1996,H0,缓存精确继承,https://www.renaultgroup.com/en/magazine/our-group-news/new-clio-the-legend-enters-its-sixth-chapter/
EU,Renault Clio i I Hatchback 1991-1998,H0,缓存精确继承,https://www.renaultgroup.com/en/magazine/our-group-news/new-clio-the-legend-enters-its-sixth-chapter/
EU,Renault Clio i I Hatchback 1996-1998,H0,缓存精确继承,https://www.renaultgroup.com/en/magazine/our-group-news/new-clio-the-legend-enters-its-sixth-chapter/
EU,Renault Clio i Renault Clio I Hatchback 1991-1996,H0,缓存精确继承,https://www.renaultgroup.com/en/magazine/our-group-news/new-clio-the-legend-enters-its-sixth-chapter/
EU,Renault Clio i Renault Clio I Hatchback 1991-1998,H0,缓存精确继承,https://www.renaultgroup.com/en/magazine/our-group-news/new-clio-the-legend-enters-its-sixth-chapter/
EU,Renault Clio iv Clio IV Hatchback 2016-2021,H0,本轮增量研究,https://imprensa.renaultgroup.com/historia-do-renault-clio/?lang=por
EU,Renault Clio iv Clio IV L4062 W1731 H1448 Hatchback 2013-2021,H0,本轮增量研究,https://imprensa.renaultgroup.com/historia-do-renault-clio/?lang=por
EU,Renault Clio iv Clio IV L4062 W1731 H1448 Hatchback 2015-2021,H0,本轮增量研究,https://imprensa.renaultgroup.com/historia-do-renault-clio/?lang=por
EU,Renault Clio iv Clio IV L4062 W1732 H1448 Hatchback 2013-2021,H0,本轮增量研究,https://imprensa.renaultgroup.com/historia-do-renault-clio/?lang=por
EU,Renault Clio iv Clio IV L4062 W1732 H1448 Hatchback 2015-2021,H0,本轮增量研究,https://imprensa.renaultgroup.com/historia-do-renault-clio/?lang=por
EU,Renault Clio iv Hatchback 2012-2015,H0,本轮增量研究,https://imprensa.renaultgroup.com/historia-do-renault-clio/?lang=por
EU,Renault Clio iv Hatchback 2012-2021,H0,本轮增量研究,https://imprensa.renaultgroup.com/historia-do-renault-clio/?lang=por
EU,Renault Clio iv Hatchback 2014-2021,H0,本轮增量研究,https://imprensa.renaultgroup.com/historia-do-renault-clio/?lang=por
EU,Renault Clio iv Renault Clio IV Phase II Hatchback 2016-2021,H0,本轮增量研究,https://imprensa.renaultgroup.com/historia-do-renault-clio/?lang=por
EU,Renault Clio iv X98 Clio IV Phase I Hatchback 2012-2021,H0,本轮增量研究,https://imprensa.renaultgroup.com/historia-do-renault-clio/?lang=por
EU,Renault Clio iv X98 Clio IV Phase I Hatchback 2014-2021,H0,本轮增量研究,https://imprensa.renaultgroup.com/historia-do-renault-clio/?lang=por
EU,Renault Clio iv X98 Clio IV Phase I Hatchback 2015-2021,H0,本轮增量研究,https://imprensa.renaultgroup.com/historia-do-renault-clio/?lang=por
EU,Renault Clio iv X98 Clio IV Phase II Hatchback 2012-2021,H0,本轮增量研究,https://imprensa.renaultgroup.com/historia-do-renault-clio/?lang=por
EU,Renault Clio iv X98 Clio IV Phase II Hatchback 2014-2021,H0,本轮增量研究,https://imprensa.renaultgroup.com/historia-do-renault-clio/?lang=por
EU,Renault Clio iv X98 Clio IV Phase II Hatchback 2015-2021,H0,本轮增量研究,https://imprensa.renaultgroup.com/historia-do-renault-clio/?lang=por
EU,Renault Clio iv X98 Hatchback 2018-2021,H0,本轮增量研究,https://imprensa.renaultgroup.com/historia-do-renault-clio/?lang=por
EU,Renault Super 5 B40 Hatchback 1984-1988,H0,缓存精确继承,https://www.renaultgroup.com/en/magazine/our-group-news/renault-5-gt-turbo-30-years-really/
EU,Renault Super 5 B40 Hatchback 1984-1989,H0,缓存精确继承,https://www.renaultgroup.com/en/magazine/our-group-news/renault-5-gt-turbo-30-years-really/
EU,Renault Super 5 B40 Hatchback 1985-1996,H0,缓存精确继承,https://www.renaultgroup.com/en/magazine/our-group-news/renault-5-gt-turbo-30-years-really/
EU,Renault Super 5 B40 Hatchback 1986-1991,H0,缓存精确继承,https://www.renaultgroup.com/en/magazine/our-group-news/renault-5-gt-turbo-30-years-really/
EU,Renault Super 5 B40 Hatchback 1986-1995,H0,缓存精确继承,https://www.renaultgroup.com/en/magazine/our-group-news/renault-5-gt-turbo-30-years-really/
EU,Renault Super 5 B40 Hatchback 1987-1989,H0,缓存精确继承,https://www.renaultgroup.com/en/magazine/our-group-news/renault-5-gt-turbo-30-years-really/
EU,Renault Super 5 B40 Hatchback 1987-1990,H0,缓存精确继承,https://www.renaultgroup.com/en/magazine/our-group-news/renault-5-gt-turbo-30-years-really/
EU,Renault Super 5 B40 Hatchback 1987-1995,H0,缓存精确继承,https://www.renaultgroup.com/en/magazine/our-group-news/renault-5-gt-turbo-30-years-really/
EU,Renault Super 5 B404 Hatchback 1985-1990,H0,缓存精确继承,https://www.renaultgroup.com/en/magazine/our-group-news/renault-5-gt-turbo-30-years-really/
EU,Renault Super 5 C40 Hatchback 1984-1988,H0,缓存精确继承,https://www.renaultgroup.com/en/magazine/our-group-news/renault-5-gt-turbo-30-years-really/
EU,Renault Super 5 C40 Hatchback 1984-1989,H0,缓存精确继承,https://www.renaultgroup.com/en/magazine/our-group-news/renault-5-gt-turbo-30-years-really/
EU,Renault Super 5 C40 Hatchback 1985-1990,H0,缓存精确继承,https://www.renaultgroup.com/en/magazine/our-group-news/renault-5-gt-turbo-30-years-really/
EU,Renault Super 5 C40 Hatchback 1985-1996,H0,缓存精确继承,https://www.renaultgroup.com/en/magazine/our-group-news/renault-5-gt-turbo-30-years-really/
EU,Renault Super 5 C40 Hatchback 1986-1991,H0,缓存精确继承,https://www.renaultgroup.com/en/magazine/our-group-news/renault-5-gt-turbo-30-years-really/
EU,Renault Super 5 C40 Hatchback 1986-1995,H0,缓存精确继承,https://www.renaultgroup.com/en/magazine/our-group-news/renault-5-gt-turbo-30-years-really/
EU,Renault Super 5 C40 Hatchback 1987-1989,H0,缓存精确继承,https://www.renaultgroup.com/en/magazine/our-group-news/renault-5-gt-turbo-30-years-really/
EU,Renault Super 5 C40 Hatchback 1987-1990,H0,缓存精确继承,https://www.renaultgroup.com/en/magazine/our-group-news/renault-5-gt-turbo-30-years-really/
EU,Renault Super 5 C40 Hatchback 1987-1995,H0,缓存精确继承,https://www.renaultgroup.com/en/magazine/our-group-news/renault-5-gt-turbo-30-years-really/
EU,Renault Super 5 C404 Hatchback 1985-1990,H0,缓存精确继承,https://www.renaultgroup.com/en/magazine/our-group-news/renault-5-gt-turbo-30-years-really/
EU,Renault Super 5 Hatchback 1985-1986,H0,缓存精确继承,https://www.renaultgroup.com/en/magazine/our-group-news/renault-5-gt-turbo-30-years-really/
EU,Renault Super 5 Super 5 3dr Hatchback 1985-1996,H0,缓存精确继承,https://www.renaultgroup.com/en/magazine/our-group-news/renault-5-gt-turbo-30-years-really/
EU,Renault Super 5 Super 5 5dr Hatchback 1985-1996,H0,缓存精确继承,https://www.renaultgroup.com/en/magazine/our-group-news/renault-5-gt-turbo-30-years-really/
EU,Renault Super 5 Super 5 Phase 1 Hatchback 1986-1996,H0,缓存精确继承,https://www.renaultgroup.com/en/magazine/our-group-news/renault-5-gt-turbo-30-years-really/
EU,Renault Super 5 Super 5 Phase 2 Hatchback 1986-1996,H0,缓存精确继承,https://www.renaultgroup.com/en/magazine/our-group-news/renault-5-gt-turbo-30-years-really/
EU,Saab 900 i combi coupe 900 Hatchback 1978-1979,H0,缓存精确继承,https://www.auto-data.net/en/saab-900-i-combi-coupe-generation-2543
EU,Saab 900 i combi coupe 900 Hatchback 1990-1993,H0,缓存精确继承,https://www.auto-data.net/en/saab-900-i-combi-coupe-generation-2543
EU,Saab 900 i combi coupe 900 I Combi Coupe Hatchback 1984-1991,H0,缓存精确继承,https://www.auto-data.net/en/saab-900-i-combi-coupe-generation-2543
EU,Saab 900 i combi coupe 900 I Combi Coupe facelift Hatchback 1984-1991,H0,缓存精确继承,https://www.auto-data.net/en/saab-900-i-combi-coupe-generation-2543
EU,Saab 900 i combi coupe 900 I facelift Hatchback 1979-1988,H0,缓存精确继承,https://www.auto-data.net/en/saab-900-i-combi-coupe-generation-2543
EU,Saab 900 i combi coupe 900 I facelift Hatchback 1980-1988,H0,缓存精确继承,https://www.auto-data.net/en/saab-900-i-combi-coupe-generation-2543
EU,Saab 900 i combi coupe 900 I facelift Hatchback 1980-1990,H0,缓存精确继承,https://www.auto-data.net/en/saab-900-i-combi-coupe-generation-2543
EU,Saab 900 i combi coupe 900 I facelift Hatchback 1984-1988,H0,缓存精确继承,https://www.auto-data.net/en/saab-900-i-combi-coupe-generation-2543
EU,Saab 900 i combi coupe 900 I facelift Hatchback 1985-1994,H0,缓存精确继承,https://www.auto-data.net/en/saab-900-i-combi-coupe-generation-2543
EU,Saab 900 i combi coupe 900 I facelift Hatchback 1986-1991,H0,缓存精确继承,https://www.auto-data.net/en/saab-900-i-combi-coupe-generation-2543
EU,Saab 900 i combi coupe 900 I facelift Hatchback 1989-1992,H0,缓存精确继承,https://www.auto-data.net/en/saab-900-i-combi-coupe-generation-2543
EU,Saab 900 i combi coupe 900 I facelift late Hatchback 1989-1992,H0,缓存精确继承,https://www.auto-data.net/en/saab-900-i-combi-coupe-generation-2543
EU,Saab 900 i combi coupe 900 I pre-facelift 3dr Hatchback 1978-1984,H0,缓存精确继承,https://www.auto-data.net/en/saab-900-i-combi-coupe-generation-2543
EU,Saab 900 i combi coupe 900 I pre-facelift 3dr Hatchback 1978-1985,H0,缓存精确继承,https://www.auto-data.net/en/saab-900-i-combi-coupe-generation-2543
EU,Saab 900 i combi coupe 900 I pre-facelift 3dr prefl Hatchback 1979-1988,H0,缓存精确继承,https://www.auto-data.net/en/saab-900-i-combi-coupe-generation-2543
EU,Saab 900 i combi coupe 900 I pre-facelift 3dr prefl Hatchback 1980-1988,H0,缓存精确继承,https://www.auto-data.net/en/saab-900-i-combi-coupe-generation-2543
EU,Saab 900 i combi coupe 900 I pre-facelift 3dr prefl Hatchback 1980-1990,H0,缓存精确继承,https://www.auto-data.net/en/saab-900-i-combi-coupe-generation-2543
EU,Saab 900 i combi coupe 900 I pre-facelift 3dr prefl Hatchback 1986-1991,H0,缓存精确继承,https://www.auto-data.net/en/saab-900-i-combi-coupe-generation-2543
EU,Saab 900 i combi coupe 900 I pre-facelift 5dr Hatchback 1978-1984,H0,缓存精确继承,https://www.auto-data.net/en/saab-900-i-combi-coupe-generation-2543
EU,Saab 900 i combi coupe 900 I pre-facelift 5dr Hatchback 1978-1985,H0,缓存精确继承,https://www.auto-data.net/en/saab-900-i-combi-coupe-generation-2543
EU,Saab 900 i combi coupe 900 I pre-facelift 5dr prefl Hatchback 1979-1988,H0,缓存精确继承,https://www.auto-data.net/en/saab-900-i-combi-coupe-generation-2543
EU,Saab 900 i combi coupe 900 I pre-facelift 5dr prefl Hatchback 1980-1988,H0,缓存精确继承,https://www.auto-data.net/en/saab-900-i-combi-coupe-generation-2543
EU,Saab 900 i combi coupe 900 I pre-facelift 5dr prefl Hatchback 1980-1990,H0,缓存精确继承,https://www.auto-data.net/en/saab-900-i-combi-coupe-generation-2543
EU,Saab 900 i combi coupe 900 I pre-facelift 5dr prefl Hatchback 1986-1991,H0,缓存精确继承,https://www.auto-data.net/en/saab-900-i-combi-coupe-generation-2543
EU,Saab 900 i combi coupe 900 I pre-facelift Hatchback 1984-1988,H0,缓存精确继承,https://www.auto-data.net/en/saab-900-i-combi-coupe-generation-2543
EU,Saab 900 i combi coupe 900 I pre-facelift Hatchback 1985-1994,H0,缓存精确继承,https://www.auto-data.net/en/saab-900-i-combi-coupe-generation-2543
EU,Saab 900 i combi coupe Hatchback 1989-1993,H0,缓存精确继承,https://www.auto-data.net/en/saab-900-i-combi-coupe-generation-2543
EU,Saab 900 i combi coupe Hatchback 1991-1993,H0,缓存精确继承,https://www.auto-data.net/en/saab-900-i-combi-coupe-generation-2543
EU,Saab 900 i combi coupe Hatchback 1993-1994,H0,缓存精确继承,https://www.auto-data.net/en/saab-900-i-combi-coupe-generation-2543
EU,Saab 900 i combi coupe Saab 900 I 3dr facelift Hatchback 1986-1988,H0,缓存精确继承,https://www.auto-data.net/en/saab-900-i-combi-coupe-generation-2543
EU,Saab 900 i combi coupe Saab 900 I 3dr prefl Hatchback 1986-1988,H0,缓存精确继承,https://www.auto-data.net/en/saab-900-i-combi-coupe-generation-2543
EU,Saab 900 i combi coupe Saab 900 I 5dr prefl Hatchback 1986-1988,H0,缓存精确继承,https://www.auto-data.net/en/saab-900-i-combi-coupe-generation-2543
EU,Seat Alhambra 7M Alhambra I MPV 1996-2010,V0,缓存精确继承,https://www.seat.com/content/dam/public/seat-website/car-shopping-tools/brochure-download/brochures/alhambra/cars-specs-brochure-711-NA-december-2018.pdf
EU,Seat Alhambra 7M Alhambra I MPV 1997-2002,V0,缓存精确继承,https://www.seat.com/content/dam/public/seat-website/car-shopping-tools/brochure-download/brochures/alhambra/cars-specs-brochure-711-NA-december-2018.pdf
EU,Seat Alhambra 7M Alhambra I MPV 1997-2010,V0,缓存精确继承,https://www.seat.com/content/dam/public/seat-website/car-shopping-tools/brochure-download/brochures/alhambra/cars-specs-brochure-711-NA-december-2018.pdf
EU,Seat Alhambra 7M Alhambra I facelift MPV 1996-2010,V0,缓存精确继承,https://www.seat.com/content/dam/public/seat-website/car-shopping-tools/brochure-download/brochures/alhambra/cars-specs-brochure-711-NA-december-2018.pdf
EU,Seat Alhambra 7M Alhambra I facelift MPV 1997-2002,V0,缓存精确继承,https://www.seat.com/content/dam/public/seat-website/car-shopping-tools/brochure-download/brochures/alhambra/cars-specs-brochure-711-NA-december-2018.pdf
EU,Seat Alhambra 7M Alhambra I facelift MPV 1997-2010,V0,缓存精确继承,https://www.seat.com/content/dam/public/seat-website/car-shopping-tools/brochure-download/brochures/alhambra/cars-specs-brochure-711-NA-december-2018.pdf
EU,Seat Alhambra 7M MPV 1996-2000,V0,缓存精确继承,https://www.seat.com/content/dam/public/seat-website/car-shopping-tools/brochure-download/brochures/alhambra/cars-specs-brochure-711-NA-december-2018.pdf
EU,Seat Alhambra 7M MPV 2000-2010,V0,缓存精确继承,https://www.seat.com/content/dam/public/seat-website/car-shopping-tools/brochure-download/brochures/alhambra/cars-specs-brochure-711-NA-december-2018.pdf
EU,Seat Alhambra 7M MPV 2002-2008,V0,缓存精确继承,https://www.seat.com/content/dam/public/seat-website/car-shopping-tools/brochure-download/brochures/alhambra/cars-specs-brochure-711-NA-december-2018.pdf
EU,Seat Alhambra 7M MPV 2005-2007,V0,缓存精确继承,https://www.seat.com/content/dam/public/seat-website/car-shopping-tools/brochure-download/brochures/alhambra/cars-specs-brochure-711-NA-december-2018.pdf
EU,Seat Alhambra 7N MPV 2010-2011,V0,缓存精确继承,https://www.seat.com/content/dam/public/seat-website/car-shopping-tools/brochure-download/brochures/alhambra/cars-specs-brochure-711-NA-december-2018.pdf
EU,Seat Alhambra 7N MPV 2010-2012,V0,缓存精确继承,https://www.seat.com/content/dam/public/seat-website/car-shopping-tools/brochure-download/brochures/alhambra/cars-specs-brochure-711-NA-december-2018.pdf
EU,Seat Alhambra 7N MPV 2010-2013,V0,缓存精确继承,https://www.seat.com/content/dam/public/seat-website/car-shopping-tools/brochure-download/brochures/alhambra/cars-specs-brochure-711-NA-december-2018.pdf
EU,Seat Alhambra 7N MPV 2010-2015,V0,缓存精确继承,https://www.seat.com/content/dam/public/seat-website/car-shopping-tools/brochure-download/brochures/alhambra/cars-specs-brochure-711-NA-december-2018.pdf
EU,Seat Alhambra 7N MPV 2011-2015,V0,缓存精确继承,https://www.seat.com/content/dam/public/seat-website/car-shopping-tools/brochure-download/brochures/alhambra/cars-specs-brochure-711-NA-december-2018.pdf
EU,Seat Alhambra 7N MPV 2011-2022,V0,缓存精确继承,https://www.seat.com/content/dam/public/seat-website/car-shopping-tools/brochure-download/brochures/alhambra/cars-specs-brochure-711-NA-december-2018.pdf
EU,Seat Alhambra 7N MPV 2012-2015,V0,缓存精确继承,https://www.seat.com/content/dam/public/seat-website/car-shopping-tools/brochure-download/brochures/alhambra/cars-specs-brochure-711-NA-december-2018.pdf
EU,Seat Alhambra 7N MPV 2012-2022,V0,缓存精确继承,https://www.seat.com/content/dam/public/seat-website/car-shopping-tools/brochure-download/brochures/alhambra/cars-specs-brochure-711-NA-december-2018.pdf
EU,Seat Alhambra 7N MPV 2014-2018,V0,缓存精确继承,https://www.seat.com/content/dam/public/seat-website/car-shopping-tools/brochure-download/brochures/alhambra/cars-specs-brochure-711-NA-december-2018.pdf
EU,Seat Alhambra 7N MPV 2015-2018,V0,缓存精确继承,https://www.seat.com/content/dam/public/seat-website/car-shopping-tools/brochure-download/brochures/alhambra/cars-specs-brochure-711-NA-december-2018.pdf
EU,Seat Alhambra 7N MPV 2015-2022,V0,缓存精确继承,https://www.seat.com/content/dam/public/seat-website/car-shopping-tools/brochure-download/brochures/alhambra/cars-specs-brochure-711-NA-december-2018.pdf
EU,Seat Alhambra 7N MPV 2016-2018,V0,缓存精确继承,https://www.seat.com/content/dam/public/seat-website/car-shopping-tools/brochure-download/brochures/alhambra/cars-specs-brochure-711-NA-december-2018.pdf
EU,Seat Alhambra 7N MPV 2018-2022,V0,缓存精确继承,https://www.seat.com/content/dam/public/seat-website/car-shopping-tools/brochure-download/brochures/alhambra/cars-specs-brochure-711-NA-december-2018.pdf
EU,Seat Alhambra MPV 2005-2010,V0,缓存精确继承,https://www.seat.com/content/dam/public/seat-website/car-shopping-tools/brochure-download/brochures/alhambra/cars-specs-brochure-711-NA-december-2018.pdf
EU,Subaru Impreza station wagon GF Wagon 1992-2000,H2,缓存精确继承,https://www.subaru.co.jp/en/news/archives/press/2002/02_01_21_01.htm
EU,Subaru Impreza station wagon GF Wagon 1994-2000,H2,缓存精确继承,https://www.subaru.co.jp/en/news/archives/press/2002/02_01_21_01.htm
EU,Subaru Impreza station wagon GF Wagon 1995-2000,H2,缓存精确继承,https://www.subaru.co.jp/en/news/archives/press/2002/02_01_21_01.htm
EU,Subaru Impreza station wagon GF Wagon 1998-2000,H2,缓存精确继承,https://www.subaru.co.jp/en/news/archives/press/2002/02_01_21_01.htm
EU,Subaru Impreza station wagon GG Impreza II Facelift 2002 Wagon 2000-2006,H2,缓存精确继承,https://www.subaru.co.jp/en/news/archives/press/2002/02_01_21_01.htm
EU,Subaru Impreza station wagon GG Impreza II Facelift 2005 Wagon 2000-2006,H2,缓存精确继承,https://www.subaru.co.jp/en/news/archives/press/2002/02_01_21_01.htm
EU,Subaru Impreza station wagon GG Impreza II Pre-Facelift Wagon 2000-2006,H2,缓存精确继承,https://www.subaru.co.jp/en/news/archives/press/2002/02_01_21_01.htm
EU,Subaru Impreza station wagon GG Impreza II Wagon (2000-2002) Wagon 2000-2005,H2,缓存精确继承,https://www.subaru.co.jp/en/news/archives/press/2002/02_01_21_01.htm
EU,Subaru Impreza station wagon GG Impreza II Wagon (2000-2002) Wagon 2000-2007,H2,缓存精确继承,https://www.subaru.co.jp/en/news/archives/press/2002/02_01_21_01.htm
EU,Subaru Impreza station wagon GG Impreza II Wagon facelift 2002 Wagon 2000-2005,H2,缓存精确继承,https://www.subaru.co.jp/en/news/archives/press/2002/02_01_21_01.htm
EU,Subaru Impreza station wagon GG Impreza II Wagon facelift 2002 Wagon 2000-2007,H2,缓存精确继承,https://www.subaru.co.jp/en/news/archives/press/2002/02_01_21_01.htm
EU,Subaru Impreza station wagon GG Impreza II Wagon facelift 2002 Wagon 2002-2006,H2,缓存精确继承,https://www.subaru.co.jp/en/news/archives/press/2002/02_01_21_01.htm
EU,Subaru Impreza station wagon GG Impreza II Wagon facelift 2005 Wagon 2000-2007,H2,缓存精确继承,https://www.subaru.co.jp/en/news/archives/press/2002/02_01_21_01.htm
EU,Subaru Impreza station wagon GG Impreza II Wagon facelift 2005 Wagon 2002-2006,H2,缓存精确继承,https://www.subaru.co.jp/en/news/archives/press/2002/02_01_21_01.htm
EU,Subaru Impreza station wagon GG Wagon 2005-2007,H2,缓存精确继承,https://www.subaru.co.jp/en/news/archives/press/2002/02_01_21_01.htm
EU,Subaru Impreza station wagon GG Wagon 2005-2008,H2,缓存精确继承,https://www.subaru.co.jp/en/news/archives/press/2002/02_01_21_01.htm
EU,Subaru Impreza station wagon GG Wagon 2007-2007,H2,缓存精确继承,https://www.subaru.co.jp/en/news/archives/press/2002/02_01_21_01.htm
EU,Subaru Impreza station wagon Wagon 2006-2007,H2,缓存精确继承,https://www.subaru.co.jp/en/news/archives/press/2002/02_01_21_01.htm
EU,Tesla Model 3 Sedan 2018-2026,SD1,缓存精确继承,车形分类核定/cache/model_shape_cache.csv
EU,Tesla Model 3 Sedan 2019-2026,SD1,缓存精确继承,车形分类核定/cache/model_shape_cache.csv
EU,Tesla Model 3 Sedan 2020-2026,SD1,缓存精确继承,车形分类核定/cache/model_shape_cache.csv
EU,Tesla Model 3 Sedan 2022-2026,SD1,缓存精确继承,车形分类核定/cache/model_shape_cache.csv
EU,Tesla Model 3 Sedan 2023-2026,SD1,缓存精确继承,车形分类核定/cache/model_shape_cache.csv
EU,Tesla Model 3 Sedan 2024-2026,SD1,缓存精确继承,车形分类核定/cache/model_shape_cache.csv
EU,Tesla Model 3 Sedan 2025-2026,SD1,缓存精确继承,车形分类核定/cache/model_shape_cache.csv
EU,Toyota Camry Sedan 1988-1991,SD1,缓存精确继承,车形分类核定/cache/model_shape_cache.csv
EU,Toyota Camry Sedan 2001-2006,SD1,缓存精确继承,车形分类核定/cache/model_shape_cache.csv
EU,Toyota Camry V10 Hatchback 1982-1986,SD1,缓存精确继承,车形分类核定/cache/model_shape_cache.csv
EU,Toyota Camry V10 Hatchback 1983-1986,SD1,缓存精确继承,车形分类核定/cache/model_shape_cache.csv
EU,Toyota Camry V10 Sedan 1982-1986,SD1,缓存精确继承,车形分类核定/cache/model_shape_cache.csv
EU,Toyota Camry V10 Sedan 1983-1986,SD1,缓存精确继承,车形分类核定/cache/model_shape_cache.csv
EU,Toyota Camry V20 Sedan 1986-1988,SD1,缓存精确继承,车形分类核定/cache/model_shape_cache.csv
EU,Toyota Camry V20 Sedan 1986-1991,SD1,缓存精确继承,车形分类核定/cache/model_shape_cache.csv
EU,Toyota Camry V20 Sedan 1986-1993,SD1,缓存精确继承,车形分类核定/cache/model_shape_cache.csv
EU,Toyota Camry V20 Wagon 1986-1989,SD1,缓存精确继承,车形分类核定/cache/model_shape_cache.csv
EU,Toyota Camry V20 Wagon 1986-1991,SD1,缓存精确继承,车形分类核定/cache/model_shape_cache.csv
EU,Toyota Camry V20 Wagon 1986-1993,SD1,缓存精确继承,车形分类核定/cache/model_shape_cache.csv
EU,Toyota Camry V20 Wagon 1988-1991,SD1,缓存精确继承,车形分类核定/cache/model_shape_cache.csv
EU,Toyota Camry XV10 Sedan 1991-1996,SD1,缓存精确继承,车形分类核定/cache/model_shape_cache.csv
EU,Toyota Camry XV10 Wagon 1991-1996,SD1,缓存精确继承,车形分类核定/cache/model_shape_cache.csv
EU,Toyota Camry XV20 Sedan 1996-2001,SD1,缓存精确继承,车形分类核定/cache/model_shape_cache.csv
EU,Toyota Camry XV20 Sedan 1997-2002,SD1,缓存精确继承,车形分类核定/cache/model_shape_cache.csv
EU,Toyota Camry XV30 Sedan 2001-2006,SD1,缓存精确继承,车形分类核定/cache/model_shape_cache.csv
EU,Toyota Camry XV40 Camry VI Sedan 2006-2011,SD1,缓存精确继承,车形分类核定/cache/model_shape_cache.csv
EU,Toyota Camry XV40 VI (XV40) Sedan 2006-2011,SD1,缓存精确继承,车形分类核定/cache/model_shape_cache.csv
EU,Toyota Camry XV40 VI (XV40) Sedan 2006-2014,SD1,缓存精确继承,车形分类核定/cache/model_shape_cache.csv
EU,Toyota Camry XV40 VI (XV40) facelift Sedan 2006-2011,SD1,缓存精确继承,车形分类核定/cache/model_shape_cache.csv
EU,Toyota Camry XV40 VI (XV40) facelift Sedan 2006-2014,SD1,缓存精确继承,车形分类核定/cache/model_shape_cache.csv
EU,Toyota Camry XV50 Sedan 2006-2011,SD1,缓存精确继承,车形分类核定/cache/model_shape_cache.csv
EU,Toyota Camry XV50 VII (XV50) Sedan 2006-2014,SD1,缓存精确继承,车形分类核定/cache/model_shape_cache.csv
EU,Toyota Camry XV50 VII (XV50) Sedan 2011-2017,SD1,缓存精确继承,车形分类核定/cache/model_shape_cache.csv
EU,Toyota Camry XV50 VII (XV50) Sedan 2011-2018,SD1,缓存精确继承,车形分类核定/cache/model_shape_cache.csv
EU,Toyota Camry XV50 VII (XV50) facelift Sedan 2006-2014,SD1,缓存精确继承,车形分类核定/cache/model_shape_cache.csv
EU,Toyota Camry XV50 VII (XV50) facelift Sedan 2011-2017,SD1,缓存精确继承,车形分类核定/cache/model_shape_cache.csv
EU,Toyota Camry XV50 VII (XV50) facelift Sedan 2011-2018,SD1,缓存精确继承,车形分类核定/cache/model_shape_cache.csv
EU,Toyota Camry XV70 Sedan 2017-2026,SD1,缓存精确继承,车形分类核定/cache/model_shape_cache.csv
EU,Toyota Camry XV80 Sedan 2024-2026,SD1,缓存精确继承,车形分类核定/cache/model_shape_cache.csv
EU,Toyota Corolla AE101 Hatchback 1992-1997,H0,缓存精确继承,车形分类核定/cache/model_shape_cache.csv
EU,Toyota Corolla AE101 Liftback 1992-1997,H0,缓存精确继承,车形分类核定/cache/model_shape_cache.csv
EU,Toyota Corolla AE111 Corolla VIII E110 Liftback facelift Liftback 1997-2001,H0,缓存精确继承,车形分类核定/cache/model_shape_cache.csv
EU,Toyota Corolla AE111 Corolla VIII E110 Liftback prefl Liftback 1997-2001,H0,缓存精确继承,车形分类核定/cache/model_shape_cache.csv
EU,Toyota Corolla AE111 Hatchback 1997-2000,H0,缓存精确继承,车形分类核定/cache/model_shape_cache.csv
EU,Toyota Corolla AE111 Liftback 1997-2000,H0,缓存精确继承,车形分类核定/cache/model_shape_cache.csv
EU,Toyota Corolla AE111 Sedan 1997-2000,H0,缓存精确继承,车形分类核定/cache/model_shape_cache.csv
EU,Toyota Corolla AE111 Wagon 1997-2000,H0,缓存精确继承,车形分类核定/cache/model_shape_cache.csv
EU,Toyota Corolla AE115 Corolla VIII E110 facelift Wagon 1997-2001,H0,缓存精确继承,车形分类核定/cache/model_shape_cache.csv
EU,Toyota Corolla AE115 Corolla VIII E110 prefl Wagon 1997-2001,H0,缓存精确继承,车形分类核定/cache/model_shape_cache.csv
EU,Toyota Corolla AE80 Hatchback 1983-1984,H0,缓存精确继承,车形分类核定/cache/model_shape_cache.csv
EU,Toyota Corolla AE80 Sedan 1983-1984,H0,缓存精确继承,车形分类核定/cache/model_shape_cache.csv
EU,Toyota Corolla AE82 Corolla FX Compact V (E80) Hatchback 1985-1987,H0,缓存精确继承,车形分类核定/cache/model_shape_cache.csv
EU,Toyota Corolla AE82 Corolla V (E80) Hatchback 1985-1987,H0,缓存精确继承,车形分类核定/cache/model_shape_cache.csv
EU,Toyota Corolla AE82 Hatchback 1983-1987,H0,缓存精确继承,车形分类核定/cache/model_shape_cache.csv
EU,Toyota Corolla AE82 Sedan 1983-1987,H0,缓存精确继承,车形分类核定/cache/model_shape_cache.csv
EU,Toyota Corolla AE86 Coupe 1983-1987,H0,缓存精确继承,车形分类核定/cache/model_shape_cache.csv
EU,Toyota Corolla AE86 Coupe 1985-1987,H0,缓存精确继承,车形分类核定/cache/model_shape_cache.csv
EU,Toyota Corolla AE86 Coupe 1987-1992,H0,缓存精确继承,车形分类核定/cache/model_shape_cache.csv
EU,Toyota Corolla AE92 Hatchback 1987-1992,H0,缓存精确继承,车形分类核定/cache/model_shape_cache.csv
EU,Toyota Corolla AE92 Hatchback 1987-1993,H0,缓存精确继承,车形分类核定/cache/model_shape_cache.csv
EU,Toyota Corolla AE92 Hatchback 1989-1992,H0,缓存精确继承,车形分类核定/cache/model_shape_cache.csv
EU,Toyota Corolla AE92 Liftback 1987-1992,H0,缓存精确继承,车形分类核定/cache/model_shape_cache.csv
EU,Toyota Corolla AE92 Liftback 1989-1992,H0,缓存精确继承,车形分类核定/cache/model_shape_cache.csv
EU,Toyota Corolla AE92 Sedan 1987-1992,H0,缓存精确继承,车形分类核定/cache/model_shape_cache.csv
EU,Toyota Corolla AE92 Sedan 1987-1994,H0,缓存精确继承,车形分类核定/cache/model_shape_cache.csv
EU,Toyota Corolla AE95 Wagon 1988-1995,H0,缓存精确继承,车形分类核定/cache/model_shape_cache.csv
EU,Toyota Corolla AR10 Corolla Verso AR10 MPV 2005-2009,H0,缓存精确继承,车形分类核定/cache/model_shape_cache.csv
EU,Toyota Corolla AR10 Corolla Verso II (AR10) MPV 2004-2009,H0,缓存精确继承,车形分类核定/cache/model_shape_cache.csv
EU,Toyota Corolla AR10 Corolla Verso II (AR10) facelift MPV 2004-2009,H0,缓存精确继承,车形分类核定/cache/model_shape_cache.csv
EU,Toyota Corolla AR10 Toyota Corolla Verso II MPV 2005-2009,H0,缓存精确继承,车形分类核定/cache/model_shape_cache.csv
EU,Toyota Corolla AR10 Toyota Corolla Verso II facelift MPV 2005-2009,H0,缓存精确继承,车形分类核定/cache/model_shape_cache.csv
EU,Toyota Corolla CE100 Hatchback 1992-1997,H0,缓存精确继承,车形分类核定/cache/model_shape_cache.csv
EU,Toyota Corolla CE100 Liftback 1992-1997,H0,缓存精确继承,车形分类核定/cache/model_shape_cache.csv
EU,Toyota Corolla CE100 Wagon 1992-1997,H0,缓存精确继承,车形分类核定/cache/model_shape_cache.csv
EU,Toyota Corolla CE110 Hatchback 1997-2000,H0,缓存精确继承,车形分类核定/cache/model_shape_cache.csv
EU,Toyota Corolla CE110 Liftback 1997-2000,H0,缓存精确继承,车形分类核定/cache/model_shape_cache.csv
EU,Toyota Corolla CE110 Sedan 1997-2000,H0,缓存精确继承,车形分类核定/cache/model_shape_cache.csv
EU,Toyota Corolla CE110 Wagon 1997-2000,H0,缓存精确继承,车形分类核定/cache/model_shape_cache.csv
EU,Toyota Corolla CE80 Hatchback 1983-1987,H0,缓存精确继承,车形分类核定/cache/model_shape_cache.csv
EU,Toyota Corolla CE90 Hatchback 1987-1992,H0,缓存精确继承,车形分类核定/cache/model_shape_cache.csv
EU,Toyota Corolla CE90 Hatchback 1989-1992,H0,缓存精确继承,车形分类核定/cache/model_shape_cache.csv
EU,Toyota Corolla CE90 Liftback 1987-1992,H0,缓存精确继承,车形分类核定/cache/model_shape_cache.csv
EU,Toyota Corolla CE90 Liftback 1989-1992,H0,缓存精确继承,车形分类核定/cache/model_shape_cache.csv
EU,Toyota Corolla CE90 Sedan 1987-1993,H0,缓存精确继承,车形分类核定/cache/model_shape_cache.csv
EU,Toyota Corolla CE90 Wagon 1987-1992,H0,缓存精确继承,车形分类核定/cache/model_shape_cache.csv
EU,Toyota Corolla CE90 Wagon 1989-1992,H0,缓存精确继承,车形分类核定/cache/model_shape_cache.csv
EU,Toyota Corolla Corolla V (E80) 3dr Hatchback 1983-1988,H0,缓存精确继承,车形分类核定/cache/model_shape_cache.csv
EU,Toyota Corolla Corolla V (E80) 3dr Hatchback 1985-1988,H0,缓存精确继承,车形分类核定/cache/model_shape_cache.csv
EU,Toyota Corolla Corolla V (E80) 5dr Hatchback 1983-1988,H0,缓存精确继承,车形分类核定/cache/model_shape_cache.csv
EU,Toyota Corolla Corolla V (E80) 5dr Hatchback 1985-1988,H0,缓存精确继承,车形分类核定/cache/model_shape_cache.csv
EU,Toyota Corolla E100 Hatchback 1992-1995,H0,缓存精确继承,车形分类核定/cache/model_shape_cache.csv
EU,Toyota Corolla E100 Hatchback 1994-1999,H0,缓存精确继承,车形分类核定/cache/model_shape_cache.csv
EU,Toyota Corolla E100 Hatchback 1995-1997,H0,缓存精确继承,车形分类核定/cache/model_shape_cache.csv
EU,Toyota Corolla E100 Liftback 1992-1995,H0,缓存精确继承,车形分类核定/cache/model_shape_cache.csv
EU,Toyota Corolla E100 Sedan 1992-1997,H0,缓存精确继承,车形分类核定/cache/model_shape_cache.csv
EU,Toyota Corolla E100 Sedan 1994-1997,H0,缓存精确继承,车形分类核定/cache/model_shape_cache.csv
EU,Toyota Corolla E100 Sedan 1995-1997,H0,缓存精确继承,车形分类核定/cache/model_shape_cache.csv
EU,Toyota Corolla E100 Sedan 1995-2000,H0,缓存精确继承,车形分类核定/cache/model_shape_cache.csv
EU,Toyota Corolla E100 Wagon 1992-1995,H0,缓存精确继承,车形分类核定/cache/model_shape_cache.csv
EU,Toyota Corolla E100 Wagon 1992-1997,H0,缓存精确继承,车形分类核定/cache/model_shape_cache.csv
EU,Toyota Corolla E100 Wagon 1995-1997,H0,缓存精确继承,车形分类核定/cache/model_shape_cache.csv
EU,Toyota Corolla E110 Corolla VIII E110 Wagon 2000-2001,H0,缓存精确继承,车形分类核定/cache/model_shape_cache.csv
EU,Toyota Corolla E110 Liftback 1999-2001,H0,缓存精确继承,车形分类核定/cache/model_shape_cache.csv
EU,Toyota Corolla E110 Liftback 1999-2002,H0,缓存精确继承,车形分类核定/cache/model_shape_cache.csv
EU,Toyota Corolla E110 Liftback 2000-2002,H0,缓存精确继承,车形分类核定/cache/model_shape_cache.csv
EU,Toyota Corolla E110 Sedan 1995-2000,H0,缓存精确继承,车形分类核定/cache/model_shape_cache.csv
EU,Toyota Corolla E110 Sedan 1997-2001,H0,缓存精确继承,车形分类核定/cache/model_shape_cache.csv
EU,Toyota Corolla E110 Sedan 1999-2001,H0,缓存精确继承,车形分类核定/cache/model_shape_cache.csv
EU,Toyota Corolla E110 Sedan 2000-2001,H0,缓存精确继承,车形分类核定/cache/model_shape_cache.csv
EU,Toyota Corolla E110 VIII (E110) Wagon 2000-2001,H0,缓存精确继承,车形分类核定/cache/model_shape_cache.csv
EU,Toyota Corolla E12 Hatchback 2005-2007,H0,缓存精确继承,车形分类核定/cache/model_shape_cache.csv
EU,Toyota Corolla E120 Hatchback 2001-2007,H0,缓存精确继承,车形分类核定/cache/model_shape_cache.csv
EU,Toyota Corolla E120 Hatchback 2002-2006,H0,缓存精确继承,车形分类核定/cache/model_shape_cache.csv
EU,Toyota Corolla E120 Hatchback 2005-2006,H0,缓存精确继承,车形分类核定/cache/model_shape_cache.csv
EU,Toyota Corolla E120 MPV 2001-2004,H0,缓存精确继承,车形分类核定/cache/model_shape_cache.csv
EU,Toyota Corolla E120 MPV 2002-2004,H0,缓存精确继承,车形分类核定/cache/model_shape_cache.csv
EU,Toyota Corolla E120 Sedan 2001-2006,H0,缓存精确继承,车形分类核定/cache/model_shape_cache.csv
EU,Toyota Corolla E120 Sedan 2001-2008,H0,缓存精确继承,车形分类核定/cache/model_shape_cache.csv
EU,Toyota Corolla E120 Sedan 2004-2007,H0,缓存精确继承,车形分类核定/cache/model_shape_cache.csv
EU,Toyota Corolla E120 Wagon 2002-2007,H0,缓存精确继承,车形分类核定/cache/model_shape_cache.csv
EU,Toyota Corolla E120/E130 Hatchback 2003-2007,H0,缓存精确继承,车形分类核定/cache/model_shape_cache.csv
EU,Toyota Corolla E120/E130 Hatchback 2004-2007,H0,缓存精确继承,车形分类核定/cache/model_shape_cache.csv
EU,Toyota Corolla E120/E130 Sedan 2002-2006,H0,缓存精确继承,车形分类核定/cache/model_shape_cache.csv
EU,Toyota Corolla E120/E130 Sedan 2004-2006,H0,缓存精确继承,车形分类核定/cache/model_shape_cache.csv
EU,Toyota Corolla E120/E130 Wagon 2002-2007,H0,缓存精确继承,车形分类核定/cache/model_shape_cache.csv
EU,Toyota Corolla E120/E130 Wagon 2004-2007,H0,缓存精确继承,车形分类核定/cache/model_shape_cache.csv
EU,Toyota Corolla E140/E150 Sedan 2006-2013,H0,缓存精确继承,车形分类核定/cache/model_shape_cache.csv
EU,Toyota Corolla E140/E150 Sedan 2006-2014,H0,缓存精确继承,车形分类核定/cache/model_shape_cache.csv
EU,Toyota Corolla E140/E150 Sedan 2010-2014,H0,缓存精确继承,车形分类核定/cache/model_shape_cache.csv
EU,Toyota Corolla E150 Sedan 2006-2013,H0,缓存精确继承,车形分类核定/cache/model_shape_cache.csv
EU,Toyota Corolla E150 Sedan 2006-2014,H0,缓存精确继承,车形分类核定/cache/model_shape_cache.csv
EU,Toyota Corolla E150 Sedan 2007-2014,H0,缓存精确继承,车形分类核定/cache/model_shape_cache.csv
EU,Toyota Corolla E150 Sedan 2008-2014,H0,缓存精确继承,车形分类核定/cache/model_shape_cache.csv
EU,Toyota Corolla E170 Sedan 2006-2014,H0,缓存精确继承,车形分类核定/cache/model_shape_cache.csv
EU,Toyota Corolla E170 Sedan 2013-2018,H0,缓存精确继承,车形分类核定/cache/model_shape_cache.csv
EU,Toyota Corolla E210 Corolla XII Wagon 2019-2026,H0,缓存精确继承,车形分类核定/cache/model_shape_cache.csv
EU,Toyota Corolla E210 Hatchback 2018-2026,H0,缓存精确继承,车形分类核定/cache/model_shape_cache.csv
EU,Toyota Corolla E210 Hatchback 2019-2026,H0,缓存精确继承,车形分类核定/cache/model_shape_cache.csv
EU,Toyota Corolla E210 Hatchback 2021-2026,H0,缓存精确继承,车形分类核定/cache/model_shape_cache.csv
EU,Toyota Corolla E210 Hatchback 2022-2026,H0,缓存精确继承,车形分类核定/cache/model_shape_cache.csv
EU,Toyota Corolla E210 Hatchback 2023-2026,H0,缓存精确继承,车形分类核定/cache/model_shape_cache.csv
EU,Toyota Corolla E210 Hatchback 2025-2026,H0,缓存精确继承,车形分类核定/cache/model_shape_cache.csv
EU,Toyota Corolla E210 Sedan 2019-2026,H0,缓存精确继承,车形分类核定/cache/model_shape_cache.csv
EU,Toyota Corolla E210 Sedan 2022-2026,H0,缓存精确继承,车形分类核定/cache/model_shape_cache.csv
EU,Toyota Corolla E210 Wagon 2021-2026,H0,缓存精确继承,车形分类核定/cache/model_shape_cache.csv
EU,Toyota Corolla E210 Wagon 2022-2026,H0,缓存精确继承,车形分类核定/cache/model_shape_cache.csv
EU,Toyota Corolla E210 Wagon 2023-2026,H0,缓存精确继承,车形分类核定/cache/model_shape_cache.csv
EU,Toyota Corolla E210 Wagon 2025-2026,H0,缓存精确继承,车形分类核定/cache/model_shape_cache.csv
EU,Toyota Corolla E210 XII (E210) Wagon 2019-2026,H0,缓存精确继承,车形分类核定/cache/model_shape_cache.csv
EU,Toyota Corolla E70 Hatchback 1982-1983,H0,缓存精确继承,车形分类核定/cache/model_shape_cache.csv
EU,Toyota Corolla E70 Wagon 1983-1987,H0,缓存精确继承,车形分类核定/cache/model_shape_cache.csv
EU,Toyota Corolla E80 Hatchback 1985-1987,H0,缓存精确继承,车形分类核定/cache/model_shape_cache.csv
EU,Toyota Corolla E80 Hatchback 1987-1987,H0,缓存精确继承,车形分类核定/cache/model_shape_cache.csv
EU,Toyota Corolla E80 Sedan 1985-1987,H0,缓存精确继承,车形分类核定/cache/model_shape_cache.csv
EU,Toyota Corolla E90 Sedan 1987-1990,H0,缓存精确继承,车形分类核定/cache/model_shape_cache.csv
EU,Toyota Corolla E90 Sedan 1987-1992,H0,缓存精确继承,车形分类核定/cache/model_shape_cache.csv
EU,Toyota Corolla E90 Sedan 1989-1993,H0,缓存精确继承,车形分类核定/cache/model_shape_cache.csv
EU,Toyota Corolla E90 Wagon 1987-1992,H0,缓存精确继承,车形分类核定/cache/model_shape_cache.csv
EU,Toyota Corolla E90 Wagon 1989-1992,H0,缓存精确继承,车形分类核定/cache/model_shape_cache.csv
EU,Toyota Corolla EE101 Hatchback 1992-1995,H0,缓存精确继承,车形分类核定/cache/model_shape_cache.csv
EU,Toyota Corolla EE101 Liftback 1992-1997,H0,缓存精确继承,车形分类核定/cache/model_shape_cache.csv
EU,Toyota Corolla EE101 Sedan 1992-1995,H0,缓存精确继承,车形分类核定/cache/model_shape_cache.csv
EU,Toyota Corolla EE101 Wagon 1992-1995,H0,缓存精确继承,车形分类核定/cache/model_shape_cache.csv
EU,Toyota Corolla EE111 Hatchback 1997-1999,H0,缓存精确继承,车形分类核定/cache/model_shape_cache.csv
EU,Toyota Corolla EE111 Liftback 1997-1999,H0,缓存精确继承,车形分类核定/cache/model_shape_cache.csv
EU,Toyota Corolla EE111 Sedan 1997-1999,H0,缓存精确继承,车形分类核定/cache/model_shape_cache.csv
EU,Toyota Corolla EE111 Wagon 1997-2000,H0,缓存精确继承,车形分类核定/cache/model_shape_cache.csv
EU,Toyota Corolla EE80 Hatchback 1985-1987,H0,缓存精确继承,车形分类核定/cache/model_shape_cache.csv
EU,Toyota Corolla EE80 Sedan 1984-1987,H0,缓存精确继承,车形分类核定/cache/model_shape_cache.csv
EU,Toyota Corolla EE90 Hatchback 1987-1992,H0,缓存精确继承,车形分类核定/cache/model_shape_cache.csv
EU,Toyota Corolla EE90 Liftback 1987-1992,H0,缓存精确继承,车形分类核定/cache/model_shape_cache.csv
EU,Toyota Corolla EE90 Sedan 1989-1992,H0,缓存精确继承,车形分类核定/cache/model_shape_cache.csv
EU,Toyota Corolla EE90 Wagon 1989-1992,H0,缓存精确继承,车形分类核定/cache/model_shape_cache.csv
EU,Toyota Corolla Hatchback 1987-1994,H0,缓存精确继承,车形分类核定/cache/model_shape_cache.csv
EU,Toyota Corolla KE20 Sedan 1972-1979,H0,缓存精确继承,车形分类核定/cache/model_shape_cache.csv
EU,Toyota Corolla KE30 Sedan 1972-1979,H0,缓存精确继承,车形分类核定/cache/model_shape_cache.csv
EU,Toyota Corolla KE30 Sedan 1974-1980,H0,缓存精确继承,车形分类核定/cache/model_shape_cache.csv
EU,Toyota Corolla KE35 Coupe 1975-1980,H0,缓存精确继承,车形分类核定/cache/model_shape_cache.csv
EU,Toyota Corolla KE36 Wagon 1975-1979,H0,缓存精确继承,车形分类核定/cache/model_shape_cache.csv
EU,Toyota Corolla KE70 Hatchback 1979-1982,H0,缓存精确继承,车形分类核定/cache/model_shape_cache.csv
EU,Toyota Corolla KE70 Hatchback 1982-1983,H0,缓存精确继承,车形分类核定/cache/model_shape_cache.csv
EU,Toyota Corolla KE70 Sedan 1979-1983,H0,缓存精确继承,车形分类核定/cache/model_shape_cache.csv
EU,Toyota Corolla KE70 Sedan 1982-1983,H0,缓存精确继承,车形分类核定/cache/model_shape_cache.csv
EU,Toyota Corolla KE70 Wagon 1979-1982,H0,缓存精确继承,车形分类核定/cache/model_shape_cache.csv
EU,Toyota Corolla KE70 Wagon 1982-1987,H0,缓存精确继承,车形分类核定/cache/model_shape_cache.csv
EU,Toyota Corolla Liftback 1976-1980,H0,缓存精确继承,车形分类核定/cache/model_shape_cache.csv
EU,Toyota Corolla Sedan 1982-1983,H0,缓存精确继承,车形分类核定/cache/model_shape_cache.csv
EU,Toyota Corolla Sedan 1983-1983,H0,缓存精确继承,车形分类核定/cache/model_shape_cache.csv
EU,Toyota Corolla Sedan 1983-1988,H0,缓存精确继承,车形分类核定/cache/model_shape_cache.csv
EU,Toyota Corolla Sedan 1983-1989,H0,缓存精确继承,车形分类核定/cache/model_shape_cache.csv
EU,Toyota Corolla Sedan 1985-1988,H0,缓存精确继承,车形分类核定/cache/model_shape_cache.csv
EU,Toyota Corolla TE51 Liftback 1976-1980,H0,缓存精确继承,车形分类核定/cache/model_shape_cache.csv
EU,Toyota Corolla TE71 Hatchback 1979-1983,H0,缓存精确继承,车形分类核定/cache/model_shape_cache.csv
EU,Toyota Corolla TE71 Hatchback 1980-1983,H0,缓存精确继承,车形分类核定/cache/model_shape_cache.csv
EU,Toyota Corolla XG10 SUV 2022-2026,H0,缓存精确继承,车形分类核定/cache/model_shape_cache.csv
EU,Toyota Corolla XG10 SUV 2023-2026,H0,缓存精确继承,车形分类核定/cache/model_shape_cache.csv
EU,Toyota Corolla XG10 SUV 2025-2026,H0,缓存精确继承,车形分类核定/cache/model_shape_cache.csv
EU,Toyota Sienna XL10 Sienna I facelift MPV 1997-2002,V0,缓存精确继承,车形分类核定/cache/model_shape_cache.csv
EU,Toyota Sienna XL10 Sienna I prefl MPV 1997-2002,V0,缓存精确继承,车形分类核定/cache/model_shape_cache.csv
EU,Toyota Sienna XL20 MPV 2006-2010,V0,缓存精确继承,车形分类核定/cache/model_shape_cache.csv
EU,Toyota Sienna XL20 MPV 2007-2010,V0,缓存精确继承,车形分类核定/cache/model_shape_cache.csv
EU,Toyota Sienna XL30 MPV 2010-2013,V0,缓存精确继承,车形分类核定/cache/model_shape_cache.csv
EU,Toyota Sienna XL30 MPV 2010-2026,V0,缓存精确继承,车形分类核定/cache/model_shape_cache.csv
EU,Toyota Tundra XK50 II L5809 W2029 H1925 Pickup 2006-2026,P0,缓存精确继承,https://pressroom.toyota.com/products/trucks/tundra/
EU,Toyota Tundra XK50 II L5809 W2029 H1935 Pickup 2006-2026,P0,缓存精确继承,https://pressroom.toyota.com/products/trucks/tundra/
EU,VW Golf ii 19E Golf II L3985 W1665 H1405 Hatchback 1986-1988,H0,缓存精确继承,https://www.volkswagen-newsroom.com/en/golf-2-19831991-19470
EU,VW Golf ii 19E Golf II L3985 W1665 H1415 Hatchback 1986-1988,H0,缓存精确继承,https://www.volkswagen-newsroom.com/en/golf-2-19831991-19470
EU,VW Golf ii 19E Golf II L3985 W1665 H1415 Hatchback 1988-1991,H0,缓存精确继承,https://www.volkswagen-newsroom.com/en/golf-2-19831991-19470
EU,VW Golf ii 19E Golf II L4035 W1700 H1405 Hatchback 1988-1991,H0,缓存精确继承,https://www.volkswagen-newsroom.com/en/golf-2-19831991-19470
EU,VW Golf ii 19E Hatchback 1983-1985,H0,缓存精确继承,https://www.volkswagen-newsroom.com/en/golf-2-19831991-19470
EU,VW Golf ii 19E Hatchback 1983-1987,H0,缓存精确继承,https://www.volkswagen-newsroom.com/en/golf-2-19831991-19470
EU,VW Golf ii 19E Hatchback 1983-1991,H0,缓存精确继承,https://www.volkswagen-newsroom.com/en/golf-2-19831991-19470
EU,VW Golf ii 19E Hatchback 1983-1992,H0,缓存精确继承,https://www.volkswagen-newsroom.com/en/golf-2-19831991-19470
EU,VW Golf ii 19E Hatchback 1984-1991,H0,缓存精确继承,https://www.volkswagen-newsroom.com/en/golf-2-19831991-19470
EU,VW Golf ii 19E Hatchback 1985-1987,H0,缓存精确继承,https://www.volkswagen-newsroom.com/en/golf-2-19831991-19470
EU,VW Golf ii 19E Hatchback 1985-1991,H0,缓存精确继承,https://www.volkswagen-newsroom.com/en/golf-2-19831991-19470
EU,VW Golf ii 19E Hatchback 1986-1990,H0,缓存精确继承,https://www.volkswagen-newsroom.com/en/golf-2-19831991-19470
EU,VW Golf ii 19E Hatchback 1986-1991,H0,缓存精确继承,https://www.volkswagen-newsroom.com/en/golf-2-19831991-19470
EU,VW Golf ii 19E Hatchback 1986-1992,H0,缓存精确继承,https://www.volkswagen-newsroom.com/en/golf-2-19831991-19470
EU,VW Golf ii 19E Hatchback 1987-1991,H0,缓存精确继承,https://www.volkswagen-newsroom.com/en/golf-2-19831991-19470
EU,VW Golf ii 19E Hatchback 1989-1991,H0,缓存精确继承,https://www.volkswagen-newsroom.com/en/golf-2-19831991-19470
EU,VW Golf ii 19E Hatchback 1990-1991,H0,缓存精确继承,https://www.volkswagen-newsroom.com/en/golf-2-19831991-19470
EU,VW Golf ii Hatchback 1985-1985,H0,缓存精确继承,https://www.volkswagen-newsroom.com/en/golf-2-19831991-19470
EU,VW Golf ii Hatchback 1986-1991,H0,缓存精确继承,https://www.volkswagen-newsroom.com/en/golf-2-19831991-19470
EU,VW Golf vii 5G1 Golf VII L4258 W1799 H1492 Hatchback 2018-2020,H0,缓存精确继承,https://www.volkswagen-newsroom.com/en/golf-7-20122019-20035
EU,VW Golf vii 5G1 Golf VII L4268 W1790 H1482 Hatchback 2018-2020,H0,缓存精确继承,https://www.volkswagen-newsroom.com/en/golf-7-20122019-20035
EU,VW Golf vii Golf VII (A7) L4255 W1799 H1452 Hatchback 2013-2017,H0,缓存精确继承,https://www.volkswagen-newsroom.com/en/golf-7-20122019-20035
EU,VW Golf vii Golf VII (A7) L4255 W1799 H1452 Hatchback 2014-2017,H0,缓存精确继承,https://www.volkswagen-newsroom.com/en/golf-7-20122019-20035
EU,VW Golf vii Golf VII (A7) L4258 W1799 H1492 Hatchback 2016-2020,H0,缓存精确继承,https://www.volkswagen-newsroom.com/en/golf-7-20122019-20035
EU,VW Golf vii Golf VII (A7) L4258 W1799 H1492 Hatchback 2017-2020,H0,缓存精确继承,https://www.volkswagen-newsroom.com/en/golf-7-20122019-20035
EU,VW Golf vii Golf VII (A7) L4263 W1799 H1465 Hatchback 2016-2020,H0,缓存精确继承,https://www.volkswagen-newsroom.com/en/golf-7-20122019-20035
EU,VW Golf vii Golf VII (A7) L4268 W1799 H1482 Hatchback 2017-2020,H0,缓存精确继承,https://www.volkswagen-newsroom.com/en/golf-7-20122019-20035
EU,VW Golf vii Golf VII (A7) L4270 W1799 H1473 Hatchback 2014-2017,H0,缓存精确继承,https://www.volkswagen-newsroom.com/en/golf-7-20122019-20035
EU,VW Golf vii Golf VII (A7) L4276 W1799 H1436 Hatchback 2013-2017,H0,缓存精确继承,https://www.volkswagen-newsroom.com/en/golf-7-20122019-20035
EU,VW Golf vii Golf VII (A7) facelift Hatchback 2012-2020,H0,缓存精确继承,https://www.volkswagen-newsroom.com/en/golf-7-20122019-20035
EU,VW Golf vii Golf VII (A7) facelift Hatchback 2013-2017,H0,缓存精确继承,https://www.volkswagen-newsroom.com/en/golf-7-20122019-20035
EU,VW Golf vii Golf VII (A7) facelift Hatchback 2013-2018,H0,缓存精确继承,https://www.volkswagen-newsroom.com/en/golf-7-20122019-20035
EU,VW Golf vii Golf VII (A7) facelift Hatchback 2014-2017,H0,缓存精确继承,https://www.volkswagen-newsroom.com/en/golf-7-20122019-20035
EU,VW Golf vii Golf VII (A7) facelift Hatchback 2014-2021,H0,缓存精确继承,https://www.volkswagen-newsroom.com/en/golf-7-20122019-20035
EU,VW Golf vii Golf VII (A7) facelift Hatchback 2015-2020,H0,缓存精确继承,https://www.volkswagen-newsroom.com/en/golf-7-20122019-20035
EU,VW Golf vii Golf VII (A7) facelift L4258 W1799 H1492 Hatchback 2014-2020,H0,缓存精确继承,https://www.volkswagen-newsroom.com/en/golf-7-20122019-20035
EU,VW Golf vii Golf VII (A7) facelift L4263 W1799 H1465 Hatchback 2013-2020,H0,缓存精确继承,https://www.volkswagen-newsroom.com/en/golf-7-20122019-20035
EU,VW Golf vii Golf VII (A7) facelift L4268 W1790 H1482 Hatchback 2013-2020,H0,缓存精确继承,https://www.volkswagen-newsroom.com/en/golf-7-20122019-20035
EU,VW Golf vii Golf VII (A7) facelift L4268 W1799 H1482 Hatchback 2013-2020,H0,缓存精确继承,https://www.volkswagen-newsroom.com/en/golf-7-20122019-20035
EU,VW Golf vii Golf VII (A7) facelift L4276 W1799 H1484 Hatchback 2014-2020,H0,缓存精确继承,https://www.volkswagen-newsroom.com/en/golf-7-20122019-20035
EU,VW Golf vii Golf VII (A7) prefl Hatchback 2012-2020,H0,缓存精确继承,https://www.volkswagen-newsroom.com/en/golf-7-20122019-20035
EU,VW Golf vii Golf VII (A7) prefl Hatchback 2013-2017,H0,缓存精确继承,https://www.volkswagen-newsroom.com/en/golf-7-20122019-20035
EU,VW Golf vii Golf VII (A7) prefl Hatchback 2013-2018,H0,缓存精确继承,https://www.volkswagen-newsroom.com/en/golf-7-20122019-20035
EU,VW Golf vii Golf VII (A7) prefl Hatchback 2014-2021,H0,缓存精确继承,https://www.volkswagen-newsroom.com/en/golf-7-20122019-20035
EU,VW Golf vii Golf VII (A7) prefl Hatchback 2015-2020,H0,缓存精确继承,https://www.volkswagen-newsroom.com/en/golf-7-20122019-20035
EU,VW Golf vii Golf VII (A7) prefl L4255 W1799 H1452 Hatchback 2014-2020,H0,缓存精确继承,https://www.volkswagen-newsroom.com/en/golf-7-20122019-20035
EU,VW Golf vii Golf VII (A7) prefl L4268 W1799 H1442 Hatchback 2013-2020,H0,缓存精确继承,https://www.volkswagen-newsroom.com/en/golf-7-20122019-20035
EU,VW Golf vii Golf VII (A7) prefl L4270 W1799 H1457 Hatchback 2014-2020,H0,缓存精确继承,https://www.volkswagen-newsroom.com/en/golf-7-20122019-20035
EU,VW Golf vii Golf VII (A7) prefl L4276 W1799 H1436 Hatchback 2013-2020,H0,缓存精确继承,https://www.volkswagen-newsroom.com/en/golf-7-20122019-20035
EU,VW Golf vii Hatchback 2012-2017,H0,缓存精确继承,https://www.volkswagen-newsroom.com/en/golf-7-20122019-20035
EU,VW Golf vii Hatchback 2016-2017,H0,缓存精确继承,https://www.volkswagen-newsroom.com/en/golf-7-20122019-20035
EU,VW Golf vii Hatchback 2016-2021,H0,缓存精确继承,https://www.volkswagen-newsroom.com/en/golf-7-20122019-20035
EU,VW Golf vii Hatchback 2017-2019,H0,缓存精确继承,https://www.volkswagen-newsroom.com/en/golf-7-20122019-20035
EU,VW Golf vii variant 5G Wagon 2018-2020,H2,缓存精确继承,https://www.volkswagen-newsroom.com/en/golf-7-variant-20132020-20041
EU,VW Golf vii variant Golf VII (A7) L4567 W1799 H1515 Wagon 2016-2020,H2,缓存精确继承,https://www.volkswagen-newsroom.com/en/golf-7-variant-20132020-20041
EU,VW Golf vii variant Golf VII (A7) L4586 W1789 H1495 Wagon 2016-2020,H2,缓存精确继承,https://www.volkswagen-newsroom.com/en/golf-7-variant-20132020-20041
EU,VW Golf vii variant Golf VII (A7) Wagon 2013-2017,H2,缓存精确继承,https://www.volkswagen-newsroom.com/en/golf-7-variant-20132020-20041
EU,VW Golf vii variant Golf VII (A7) Wagon 2014-2017,H2,缓存精确继承,https://www.volkswagen-newsroom.com/en/golf-7-variant-20132020-20041
EU,VW Golf vii variant Golf VII (A7) Wagon 2015-2020,H2,缓存精确继承,https://www.volkswagen-newsroom.com/en/golf-7-variant-20132020-20041
EU,VW Golf vii variant Golf VII (A7) facelift Wagon 2013-2020,H2,缓存精确继承,https://www.volkswagen-newsroom.com/en/golf-7-variant-20132020-20041
EU,VW Golf vii variant Golf VII (A7) facelift Wagon 2014-2017,H2,缓存精确继承,https://www.volkswagen-newsroom.com/en/golf-7-variant-20132020-20041
EU,VW Golf vii variant Golf VII (A7) facelift Wagon 2014-2020,H2,缓存精确继承,https://www.volkswagen-newsroom.com/en/golf-7-variant-20132020-20041
EU,VW Golf vii variant Golf VII (A7) facelift Wagon 2014-2021,H2,缓存精确继承,https://www.volkswagen-newsroom.com/en/golf-7-variant-20132020-20041
EU,VW Golf vii variant Golf VII (A7) facelift Wagon 2015-2019,H2,缓存精确继承,https://www.volkswagen-newsroom.com/en/golf-7-variant-20132020-20041
EU,VW Golf vii variant Golf VII (A7) facelift Wagon 2015-2020,H2,缓存精确继承,https://www.volkswagen-newsroom.com/en/golf-7-variant-20132020-20041
EU,VW Golf vii variant Golf VII (A7) prefl Wagon 2013-2020,H2,缓存精确继承,https://www.volkswagen-newsroom.com/en/golf-7-variant-20132020-20041
EU,VW Golf vii variant Golf VII (A7) prefl Wagon 2014-2020,H2,缓存精确继承,https://www.volkswagen-newsroom.com/en/golf-7-variant-20132020-20041
EU,VW Golf vii variant Golf VII (A7) prefl Wagon 2014-2021,H2,缓存精确继承,https://www.volkswagen-newsroom.com/en/golf-7-variant-20132020-20041
EU,VW Golf vii variant Golf VII (A7) prefl Wagon 2015-2019,H2,缓存精确继承,https://www.volkswagen-newsroom.com/en/golf-7-variant-20132020-20041
EU,VW Golf vii variant Golf VII (A7) prefl Wagon 2015-2020,H2,缓存精确继承,https://www.volkswagen-newsroom.com/en/golf-7-variant-20132020-20041
EU,VW Golf vii variant Golf VII Variant Wagon 2013-2017,H2,缓存精确继承,https://www.volkswagen-newsroom.com/en/golf-7-variant-20132020-20041
EU,VW Golf vii variant Golf VII Variant Wagon 2013-2020,H2,缓存精确继承,https://www.volkswagen-newsroom.com/en/golf-7-variant-20132020-20041
EU,VW Golf vii variant Wagon 2013-2018,H2,缓存精确继承,https://www.volkswagen-newsroom.com/en/golf-7-variant-20132020-20041
EU,VW Golf vii variant Wagon 2015-2017,H2,缓存精确继承,https://www.volkswagen-newsroom.com/en/golf-7-variant-20132020-20041
EU,VW Golf vii variant Wagon 2017-2019,H2,缓存精确继承,https://www.volkswagen-newsroom.com/en/golf-7-variant-20132020-20041
EU,VW Golf vii variant Wagon 2017-2020,H2,缓存精确继承,https://www.volkswagen-newsroom.com/en/golf-7-variant-20132020-20041
EU,VW Golf viii CD Golf VIII Hatchback 2020-2026,H0,缓存精确继承,https://www.volkswagen-newsroom.com/en/the-new-golf-international-vehicle-presentation-5609
EU,VW Golf viii CD Volkswagen Golf VIII Hatchback 2020-2026,H0,缓存精确继承,https://www.volkswagen-newsroom.com/en/the-new-golf-international-vehicle-presentation-5609
EU,VW Golf viii CD1 Golf VIII L4284 W1789 H1456 Hatchback 2020-2026,H0,缓存精确继承,https://www.volkswagen-newsroom.com/en/the-new-golf-international-vehicle-presentation-5609
EU,VW Golf viii CD1 Golf VIII L4287 W1789 H1478 Hatchback 2020-2026,H0,缓存精确继承,https://www.volkswagen-newsroom.com/en/the-new-golf-international-vehicle-presentation-5609
EU,VW Golf viii CD1 Golf VIII L4290 W1789 H1458 Hatchback 2020-2026,H0,缓存精确继承,https://www.volkswagen-newsroom.com/en/the-new-golf-international-vehicle-presentation-5609
EU,VW Golf viii CD1 Hatchback 2019-2026,H0,缓存精确继承,https://www.volkswagen-newsroom.com/en/the-new-golf-international-vehicle-presentation-5609
EU,VW Golf viii CD1 Hatchback 2021-2024,H0,缓存精确继承,https://www.volkswagen-newsroom.com/en/the-new-golf-international-vehicle-presentation-5609
EU,VW Golf viii CD1 Hatchback 2021-2026,H0,缓存精确继承,https://www.volkswagen-newsroom.com/en/the-new-golf-international-vehicle-presentation-5609
EU,VW Golf viii CD1 Hatchback 2022-2026,H0,缓存精确继承,https://www.volkswagen-newsroom.com/en/the-new-golf-international-vehicle-presentation-5609
EU,VW Golf viii CD1 Hatchback 2024-2026,H0,缓存精确继承,https://www.volkswagen-newsroom.com/en/the-new-golf-international-vehicle-presentation-5609
EU,VW Golf viii Golf VIII (A8) L4282 W1789 H1483 Hatchback 2024-2026,H0,缓存精确继承,https://www.volkswagen-newsroom.com/en/the-new-golf-international-vehicle-presentation-5609
EU,VW Golf viii Golf VIII (A8) L4284 W1789 H1456 Hatchback 2020-2026,H0,缓存精确继承,https://www.volkswagen-newsroom.com/en/the-new-golf-international-vehicle-presentation-5609
EU,VW Golf viii Golf VIII (A8) L4284 W1789 H1491 Hatchback 2020-2026,H0,缓存精确继承,https://www.volkswagen-newsroom.com/en/the-new-golf-international-vehicle-presentation-5609
EU,VW Golf viii Golf VIII (A8) L4287 W1789 H1484 Hatchback 2020-2026,H0,缓存精确继承,https://www.volkswagen-newsroom.com/en/the-new-golf-international-vehicle-presentation-5609
EU,VW Golf viii Golf VIII (A8) L4289 W1789 H1471 Hatchback 2024-2026,H0,缓存精确继承,https://www.volkswagen-newsroom.com/en/the-new-golf-international-vehicle-presentation-5609
EU,VW Golf viii Golf VIII (A8) L4289 W1789 H1476 Hatchback 2024-2026,H0,缓存精确继承,https://www.volkswagen-newsroom.com/en/the-new-golf-international-vehicle-presentation-5609
EU,VW Golf viii Golf VIII (A8) L4289 W1789 H1478 Hatchback 2024-2026,H0,缓存精确继承,https://www.volkswagen-newsroom.com/en/the-new-golf-international-vehicle-presentation-5609
EU,VW Golf viii Hatchback 2019-2026,H0,缓存精确继承,https://www.volkswagen-newsroom.com/en/the-new-golf-international-vehicle-presentation-5609
EU,VW Golf viii Hatchback 2021-2026,H0,缓存精确继承,https://www.volkswagen-newsroom.com/en/the-new-golf-international-vehicle-presentation-5609
EU,VW Golf viii Hatchback 2025-2026,H0,缓存精确继承,https://www.volkswagen-newsroom.com/en/the-new-golf-international-vehicle-presentation-5609
EU,VW Jetta ii 16E/19E Sedan 1984-1986,SD1,缓存精确继承,https://www.volkswagen-newsroom.com/en/jetta-2-19841992-19643
EU,VW Jetta ii 16E/19E Sedan 1984-1991,SD1,缓存精确继承,https://www.volkswagen-newsroom.com/en/jetta-2-19841992-19643
EU,VW Jetta ii 16E/19E Sedan 1985-1987,SD1,缓存精确继承,https://www.volkswagen-newsroom.com/en/jetta-2-19841992-19643
EU,VW Jetta ii 16E/19E Sedan 1987-1988,SD1,缓存精确继承,https://www.volkswagen-newsroom.com/en/jetta-2-19841992-19643
EU,VW Jetta ii 16E/19E Sedan 1987-1991,SD1,缓存精确继承,https://www.volkswagen-newsroom.com/en/jetta-2-19841992-19643
EU,VW Jetta ii 19E Sedan 1984-1988,SD1,缓存精确继承,https://www.volkswagen-newsroom.com/en/jetta-2-19841992-19643
EU,VW Jetta ii 19E Sedan 1985-1992,SD1,缓存精确继承,https://www.volkswagen-newsroom.com/en/jetta-2-19841992-19643
EU,VW Jetta ii 19E Sedan 1988-1991,SD1,缓存精确继承,https://www.volkswagen-newsroom.com/en/jetta-2-19841992-19643
EU,VW Jetta ii Jetta II L4315 W1665 H1395 Sedan 1986-1991,SD1,缓存精确继承,https://www.volkswagen-newsroom.com/en/jetta-2-19841992-19643
EU,VW Jetta ii Jetta II L4315 W1665 H1415 Sedan 1986-1991,SD1,缓存精确继承,https://www.volkswagen-newsroom.com/en/jetta-2-19841992-19643
EU,VW Jetta ii Jetta II Sedan 1984-1991,SD1,缓存精确继承,https://www.volkswagen-newsroom.com/en/jetta-2-19841992-19643
EU,VW Jetta ii Jetta II gt Sedan 1987-1991,SD1,缓存精确继承,https://www.volkswagen-newsroom.com/en/jetta-2-19841992-19643
EU,VW Jetta ii Jetta II gtd Sedan 1984-1991,SD1,缓存精确继承,https://www.volkswagen-newsroom.com/en/jetta-2-19841992-19643
EU,VW Jetta ii Jetta II std Sedan 1987-1991,SD1,缓存精确继承,https://www.volkswagen-newsroom.com/en/jetta-2-19841992-19643
EU,VW Jetta ii Sedan 1984-1987,SD1,缓存精确继承,https://www.volkswagen-newsroom.com/en/jetta-2-19841992-19643
EU,VW Jetta ii Sedan 1984-1992,SD1,缓存精确继承,https://www.volkswagen-newsroom.com/en/jetta-2-19841992-19643
EU,VW Jetta ii Sedan 1986-1990,SD1,缓存精确继承,https://www.volkswagen-newsroom.com/en/jetta-2-19841992-19643
EU,VW Jetta ii Sedan 1987-1989,SD1,缓存精确继承,https://www.volkswagen-newsroom.com/en/jetta-2-19841992-19643
EU,VW Jetta ii Sedan 1989-1991,SD1,缓存精确继承,https://www.volkswagen-newsroom.com/en/jetta-2-19841992-19643
EU,VW Jetta ii Sedan 1990-1991,SD1,缓存精确继承,https://www.volkswagen-newsroom.com/en/jetta-2-19841992-19643
EU,VW Passat b3/b4 variant 35I Wagon 1990-1996,H2,缓存精确继承,https://www.volkswagen-newsroom.com/en/passat-b3-19881993-19540
EU,VW Passat b3/b4 variant 35i Wagon 1988-1989,H2,缓存精确继承,https://www.volkswagen-newsroom.com/en/passat-b3-19881993-19540
EU,VW Passat b3/b4 variant 3A Wagon 1990-1996,H2,缓存精确继承,https://www.volkswagen-newsroom.com/en/passat-b3-19881993-19540
EU,VW Passat b3/b4 variant 3A Wagon 1994-1995,H2,缓存精确继承,https://www.volkswagen-newsroom.com/en/passat-b3-19881993-19540
EU,VW Passat b3/b4 variant 3A Wagon 1995-1996,H2,缓存精确继承,https://www.volkswagen-newsroom.com/en/passat-b3-19881993-19540
EU,VW Passat b3/b4 variant 3A5 Passat B4 Variant L4595 W1720 H1445 Wagon 1994-1997,H2,缓存精确继承,https://www.volkswagen-newsroom.com/en/passat-b3-19881993-19540
EU,VW Passat b3/b4 variant 3A5 Passat B4 Variant L4595 W1720 H1485 Wagon 1994-1997,H2,缓存精确继承,https://www.volkswagen-newsroom.com/en/passat-b3-19881993-19540
EU,VW Passat b3/b4 variant 3A5 Wagon 1993-1996,H2,缓存精确继承,https://www.volkswagen-newsroom.com/en/passat-b3-19881993-19540
EU,VW Passat b3/b4 variant 3A5 Wagon 1996-1997,H2,缓存精确继承,https://www.volkswagen-newsroom.com/en/passat-b3-19881993-19540
EU,VW Passat b3/b4 variant Passat B3 Variant L4595 W1720 H1445 Wagon 1988-1997,H2,缓存精确继承,https://www.volkswagen-newsroom.com/en/passat-b3-19881993-19540
EU,VW Passat b3/b4 variant Passat B3 Variant L4595 W1720 H1490 Wagon 1988-1997,H2,缓存精确继承,https://www.volkswagen-newsroom.com/en/passat-b3-19881993-19540
EU,VW Passat b3/b4 variant Wagon 1988-1989,H2,缓存精确继承,https://www.volkswagen-newsroom.com/en/passat-b3-19881993-19540
EU,VW Passat b3/b4 variant Wagon 1988-1990,H2,缓存精确继承,https://www.volkswagen-newsroom.com/en/passat-b3-19881993-19540
EU,VW Passat b3/b4 variant Wagon 1988-1991,H2,缓存精确继承,https://www.volkswagen-newsroom.com/en/passat-b3-19881993-19540
EU,VW Passat b3/b4 variant Wagon 1988-1992,H2,缓存精确继承,https://www.volkswagen-newsroom.com/en/passat-b3-19881993-19540
EU,VW Passat b3/b4 variant Wagon 1988-1993,H2,缓存精确继承,https://www.volkswagen-newsroom.com/en/passat-b3-19881993-19540
EU,VW Passat b3/b4 variant Wagon 1989-1993,H2,缓存精确继承,https://www.volkswagen-newsroom.com/en/passat-b3-19881993-19540
EU,VW Passat b3/b4 variant Wagon 1990-1997,H2,缓存精确继承,https://www.volkswagen-newsroom.com/en/passat-b3-19881993-19540
EU,VW Passat b3/b4 variant Wagon 1991-1997,H2,缓存精确继承,https://www.volkswagen-newsroom.com/en/passat-b3-19881993-19540
EU,VW Passat b3/b4 variant Wagon 1993-1997,H2,缓存精确继承,https://www.volkswagen-newsroom.com/en/passat-b3-19881993-19540
EU,VW Passat b8 3G B8 facelift Sedan 2014-2020,SD1,本轮增量研究,https://www.volkswagen-newsroom.com/en/the-new-passat-the-worlds-most-successful-mid-range-model-will-be-the-first-volkswagen-to-offer-partly-automated-driving-at-cruising-speed-4688
EU,VW Passat b8 3G B8 facelift Sedan 2014-2024,SD1,本轮增量研究,https://www.volkswagen-newsroom.com/en/the-new-passat-the-worlds-most-successful-mid-range-model-will-be-the-first-volkswagen-to-offer-partly-automated-driving-at-cruising-speed-4688
EU,VW Passat b8 3G B8 facelift Sedan 2015-2024,SD1,本轮增量研究,https://www.volkswagen-newsroom.com/en/the-new-passat-the-worlds-most-successful-mid-range-model-will-be-the-first-volkswagen-to-offer-partly-automated-driving-at-cruising-speed-4688
EU,VW Passat b8 3G B8 pre-facelift Sedan 2014-2020,SD1,本轮增量研究,https://www.volkswagen-newsroom.com/en/the-new-passat-the-worlds-most-successful-mid-range-model-will-be-the-first-volkswagen-to-offer-partly-automated-driving-at-cruising-speed-4688
EU,VW Passat b8 3G B8 pre-facelift Sedan 2014-2024,SD1,本轮增量研究,https://www.volkswagen-newsroom.com/en/the-new-passat-the-worlds-most-successful-mid-range-model-will-be-the-first-volkswagen-to-offer-partly-automated-driving-at-cruising-speed-4688
EU,VW Passat b8 3G B8 pre-facelift Sedan 2015-2024,SD1,本轮增量研究,https://www.volkswagen-newsroom.com/en/the-new-passat-the-worlds-most-successful-mid-range-model-will-be-the-first-volkswagen-to-offer-partly-automated-driving-at-cruising-speed-4688
EU,VW Passat b8 3G Sedan 2014-2018,SD1,本轮增量研究,https://www.volkswagen-newsroom.com/en/the-new-passat-the-worlds-most-successful-mid-range-model-will-be-the-first-volkswagen-to-offer-partly-automated-driving-at-cruising-speed-4688
EU,VW Passat b8 3G Sedan 2015-2016,SD1,本轮增量研究,https://www.volkswagen-newsroom.com/en/the-new-passat-the-worlds-most-successful-mid-range-model-will-be-the-first-volkswagen-to-offer-partly-automated-driving-at-cruising-speed-4688
EU,VW Passat b8 3G Sedan 2015-2018,SD1,本轮增量研究,https://www.volkswagen-newsroom.com/en/the-new-passat-the-worlds-most-successful-mid-range-model-will-be-the-first-volkswagen-to-offer-partly-automated-driving-at-cruising-speed-4688
EU,VW Passat b8 3G Sedan 2015-2019,SD1,本轮增量研究,https://www.volkswagen-newsroom.com/en/the-new-passat-the-worlds-most-successful-mid-range-model-will-be-the-first-volkswagen-to-offer-partly-automated-driving-at-cruising-speed-4688
EU,VW Passat b8 3G Sedan 2020-2024,SD1,本轮增量研究,https://www.volkswagen-newsroom.com/en/the-new-passat-the-worlds-most-successful-mid-range-model-will-be-the-first-volkswagen-to-offer-partly-automated-driving-at-cruising-speed-4688
EU,VW Passat b8 3G Sedan 2021-2024,SD1,本轮增量研究,https://www.volkswagen-newsroom.com/en/the-new-passat-the-worlds-most-successful-mid-range-model-will-be-the-first-volkswagen-to-offer-partly-automated-driving-at-cruising-speed-4688
EU,VW Passat b8 3G2 Passat B8 facelift Sedan 2018-2024,SD1,本轮增量研究,https://www.volkswagen-newsroom.com/en/the-new-passat-the-worlds-most-successful-mid-range-model-will-be-the-first-volkswagen-to-offer-partly-automated-driving-at-cruising-speed-4688
EU,VW Passat b8 3G2 Passat B8 prefl Sedan 2018-2024,SD1,本轮增量研究,https://www.volkswagen-newsroom.com/en/the-new-passat-the-worlds-most-successful-mid-range-model-will-be-the-first-volkswagen-to-offer-partly-automated-driving-at-cruising-speed-4688
EU,VW Passat b8 3G2 Sedan 2016-2018,SD1,本轮增量研究,https://www.volkswagen-newsroom.com/en/the-new-passat-the-worlds-most-successful-mid-range-model-will-be-the-first-volkswagen-to-offer-partly-automated-driving-at-cruising-speed-4688
EU,VW Passat b8 3G2 Sedan 2018-2020,SD1,本轮增量研究,https://www.volkswagen-newsroom.com/en/the-new-passat-the-worlds-most-successful-mid-range-model-will-be-the-first-volkswagen-to-offer-partly-automated-driving-at-cruising-speed-4688
EU,VW Passat b8 variant 3G B8 facelift Wagon 2014-2020,H2,本轮增量研究,https://www.volkswagen-newsroom.com/en/the-new-passat-the-worlds-most-successful-mid-range-model-will-be-the-first-volkswagen-to-offer-partly-automated-driving-at-cruising-speed-4688
EU,VW Passat b8 variant 3G B8 facelift Wagon 2014-2024,H2,本轮增量研究,https://www.volkswagen-newsroom.com/en/the-new-passat-the-worlds-most-successful-mid-range-model-will-be-the-first-volkswagen-to-offer-partly-automated-driving-at-cruising-speed-4688
EU,VW Passat b8 variant 3G B8 facelift Wagon 2015-2024,H2,本轮增量研究,https://www.volkswagen-newsroom.com/en/the-new-passat-the-worlds-most-successful-mid-range-model-will-be-the-first-volkswagen-to-offer-partly-automated-driving-at-cruising-speed-4688
EU,VW Passat b8 variant 3G B8 pre-facelift Wagon 2014-2020,H2,本轮增量研究,https://www.volkswagen-newsroom.com/en/the-new-passat-the-worlds-most-successful-mid-range-model-will-be-the-first-volkswagen-to-offer-partly-automated-driving-at-cruising-speed-4688
EU,VW Passat b8 variant 3G B8 pre-facelift Wagon 2014-2024,H2,本轮增量研究,https://www.volkswagen-newsroom.com/en/the-new-passat-the-worlds-most-successful-mid-range-model-will-be-the-first-volkswagen-to-offer-partly-automated-driving-at-cruising-speed-4688
EU,VW Passat b8 variant 3G B8 pre-facelift Wagon 2015-2024,H2,本轮增量研究,https://www.volkswagen-newsroom.com/en/the-new-passat-the-worlds-most-successful-mid-range-model-will-be-the-first-volkswagen-to-offer-partly-automated-driving-at-cruising-speed-4688
EU,VW Passat b8 variant 3G Wagon 2014-2018,H2,本轮增量研究,https://www.volkswagen-newsroom.com/en/the-new-passat-the-worlds-most-successful-mid-range-model-will-be-the-first-volkswagen-to-offer-partly-automated-driving-at-cruising-speed-4688
EU,VW Passat b8 variant 3G Wagon 2015-2016,H2,本轮增量研究,https://www.volkswagen-newsroom.com/en/the-new-passat-the-worlds-most-successful-mid-range-model-will-be-the-first-volkswagen-to-offer-partly-automated-driving-at-cruising-speed-4688
EU,VW Passat b8 variant 3G Wagon 2015-2018,H2,本轮增量研究,https://www.volkswagen-newsroom.com/en/the-new-passat-the-worlds-most-successful-mid-range-model-will-be-the-first-volkswagen-to-offer-partly-automated-driving-at-cruising-speed-4688
EU,VW Passat b8 variant 3G Wagon 2015-2019,H2,本轮增量研究,https://www.volkswagen-newsroom.com/en/the-new-passat-the-worlds-most-successful-mid-range-model-will-be-the-first-volkswagen-to-offer-partly-automated-driving-at-cruising-speed-4688
EU,VW Passat b8 variant 3G Wagon 2016-2018,H2,本轮增量研究,https://www.volkswagen-newsroom.com/en/the-new-passat-the-worlds-most-successful-mid-range-model-will-be-the-first-volkswagen-to-offer-partly-automated-driving-at-cruising-speed-4688
EU,VW Passat b8 variant 3G Wagon 2020-2024,H2,本轮增量研究,https://www.volkswagen-newsroom.com/en/the-new-passat-the-worlds-most-successful-mid-range-model-will-be-the-first-volkswagen-to-offer-partly-automated-driving-at-cruising-speed-4688
EU,VW Passat b8 variant 3G Wagon 2021-2024,H2,本轮增量研究,https://www.volkswagen-newsroom.com/en/the-new-passat-the-worlds-most-successful-mid-range-model-will-be-the-first-volkswagen-to-offer-partly-automated-driving-at-cruising-speed-4688
EU,VW Passat b8 variant 3G5 Passat B8 facelift Wagon 2018-2024,H2,本轮增量研究,https://www.volkswagen-newsroom.com/en/the-new-passat-the-worlds-most-successful-mid-range-model-will-be-the-first-volkswagen-to-offer-partly-automated-driving-at-cruising-speed-4688
EU,VW Passat b8 variant 3G5 Passat B8 prefl Wagon 2018-2024,H2,本轮增量研究,https://www.volkswagen-newsroom.com/en/the-new-passat-the-worlds-most-successful-mid-range-model-will-be-the-first-volkswagen-to-offer-partly-automated-driving-at-cruising-speed-4688
EU,VW Passat b8 variant 3G5 Wagon 2018-2020,H2,本轮增量研究,https://www.volkswagen-newsroom.com/en/the-new-passat-the-worlds-most-successful-mid-range-model-will-be-the-first-volkswagen-to-offer-partly-automated-driving-at-cruising-speed-4688
EU,VW Sharan 7M MPV 1995-2000,V0,缓存精确继承,https://www.volkswagen-newsroom.com/en/sharan-1-19952010-19713
EU,VW Sharan 7M MPV 1995-2010,V0,缓存精确继承,https://www.volkswagen-newsroom.com/en/sharan-1-19952010-19713
EU,VW Sharan 7M MPV 1996-2000,V0,缓存精确继承,https://www.volkswagen-newsroom.com/en/sharan-1-19952010-19713
EU,VW Sharan 7M MPV 1996-2002,V0,缓存精确继承,https://www.volkswagen-newsroom.com/en/sharan-1-19952010-19713
EU,VW Sharan 7M MPV 1996-2003,V0,缓存精确继承,https://www.volkswagen-newsroom.com/en/sharan-1-19952010-19713
EU,VW Sharan 7M MPV 1997-2010,V0,缓存精确继承,https://www.volkswagen-newsroom.com/en/sharan-1-19952010-19713
EU,VW Sharan 7M MPV 2000-2010,V0,缓存精确继承,https://www.volkswagen-newsroom.com/en/sharan-1-19952010-19713
EU,VW Sharan 7M MPV 2001-2003,V0,缓存精确继承,https://www.volkswagen-newsroom.com/en/sharan-1-19952010-19713
EU,VW Sharan 7M MPV 2002-2003,V0,缓存精确继承,https://www.volkswagen-newsroom.com/en/sharan-1-19952010-19713
EU,VW Sharan 7M MPV 2002-2010,V0,缓存精确继承,https://www.volkswagen-newsroom.com/en/sharan-1-19952010-19713
EU,VW Sharan 7M MPV 2006-2010,V0,缓存精确继承,https://www.volkswagen-newsroom.com/en/sharan-1-19952010-19713
EU,VW Sharan 7M Sharan I L4617 W1810 H1728 MPV 2005-2010,V0,缓存精确继承,https://www.volkswagen-newsroom.com/en/sharan-1-19952010-19713
EU,VW Sharan 7M Sharan I L4634 W1810 H1730 MPV 2005-2010,V0,缓存精确继承,https://www.volkswagen-newsroom.com/en/sharan-1-19952010-19713
EU,VW Sharan 7M8 MPV 1995-2000,V0,缓存精确继承,https://www.volkswagen-newsroom.com/en/sharan-1-19952010-19713
EU,VW Sharan 7N MPV 2010-2011,V0,缓存精确继承,https://www.volkswagen-newsroom.com/en/sharan-1-19952010-19713
EU,VW Sharan 7N MPV 2010-2013,V0,缓存精确继承,https://www.volkswagen-newsroom.com/en/sharan-1-19952010-19713
EU,VW Sharan 7N MPV 2010-2015,V0,缓存精确继承,https://www.volkswagen-newsroom.com/en/sharan-1-19952010-19713
EU,VW Sharan 7N MPV 2011-2015,V0,缓存精确继承,https://www.volkswagen-newsroom.com/en/sharan-1-19952010-19713
EU,VW Sharan 7N MPV 2011-2019,V0,缓存精确继承,https://www.volkswagen-newsroom.com/en/sharan-1-19952010-19713
EU,VW Sharan 7N MPV 2013-2022,V0,缓存精确继承,https://www.volkswagen-newsroom.com/en/sharan-1-19952010-19713
EU,VW Sharan 7N MPV 2015-2018,V0,缓存精确继承,https://www.volkswagen-newsroom.com/en/sharan-1-19952010-19713
EU,VW Sharan 7N MPV 2015-2019,V0,缓存精确继承,https://www.volkswagen-newsroom.com/en/sharan-1-19952010-19713
EU,VW Sharan 7N MPV 2015-2020,V0,缓存精确继承,https://www.volkswagen-newsroom.com/en/sharan-1-19952010-19713
EU,VW Sharan 7N MPV 2015-2022,V0,缓存精确继承,https://www.volkswagen-newsroom.com/en/sharan-1-19952010-19713
EU,VW Sharan 7N MPV 2016-2018,V0,缓存精确继承,https://www.volkswagen-newsroom.com/en/sharan-1-19952010-19713
EU,VW Sharan 7N MPV 2018-2020,V0,缓存精确继承,https://www.volkswagen-newsroom.com/en/sharan-1-19952010-19713
EU,VW Tiguan 5N SUV 2008-2009,SU1,缓存精确继承,https://www.volkswagen-newsroom.com/en/tiguan-6611
EU,VW Tiguan 5N SUV 2008-2010,SU1,缓存精确继承,https://www.volkswagen-newsroom.com/en/tiguan-6611
EU,VW Tiguan 5N SUV 2009-2011,SU1,缓存精确继承,https://www.volkswagen-newsroom.com/en/tiguan-6611
EU,VW Tiguan 5N SUV 2009-2018,SU1,缓存精确继承,https://www.volkswagen-newsroom.com/en/tiguan-6611
EU,VW Tiguan 5N SUV 2010-2011,SU1,缓存精确继承,https://www.volkswagen-newsroom.com/en/tiguan-6611
EU,VW Tiguan 5N SUV 2010-2013,SU1,缓存精确继承,https://www.volkswagen-newsroom.com/en/tiguan-6611
EU,VW Tiguan 5N SUV 2011-2018,SU1,缓存精确继承,https://www.volkswagen-newsroom.com/en/tiguan-6611
EU,VW Tiguan 5N SUV 2012-2018,SU1,缓存精确继承,https://www.volkswagen-newsroom.com/en/tiguan-6611
EU,VW Tiguan 5N SUV 2015-2018,SU1,缓存精确继承,https://www.volkswagen-newsroom.com/en/tiguan-6611
EU,VW Tiguan 5N Tiguan I facelift SUV 2007-2018,SU1,缓存精确继承,https://www.volkswagen-newsroom.com/en/tiguan-6611
EU,VW Tiguan 5N Tiguan I facelift SUV 2010-2018,SU1,缓存精确继承,https://www.volkswagen-newsroom.com/en/tiguan-6611
EU,VW Tiguan 5N Tiguan I prefl SUV 2007-2018,SU1,缓存精确继承,https://www.volkswagen-newsroom.com/en/tiguan-6611
EU,VW Tiguan 5N Tiguan I prefl SUV 2010-2018,SU1,缓存精确继承,https://www.volkswagen-newsroom.com/en/tiguan-6611
EU,VW Tiguan 5N Volkswagen Tiguan 5N Facelift SUV 2008-2018,SU1,缓存精确继承,https://www.volkswagen-newsroom.com/en/tiguan-6611
EU,VW Tiguan 5N Volkswagen Tiguan 5N Pre-facelift SUV 2008-2018,SU1,缓存精确继承,https://www.volkswagen-newsroom.com/en/tiguan-6611
EU,VW Tiguan AD1 II SUV 2020-2024,SU1,缓存精确继承,https://www.volkswagen-newsroom.com/en/tiguan-6611
EU,VW Tiguan AD1 SUV 2016-2019,SU1,缓存精确继承,https://www.volkswagen-newsroom.com/en/tiguan-6611
EU,VW Tiguan AD1 SUV 2016-2020,SU1,缓存精确继承,https://www.volkswagen-newsroom.com/en/tiguan-6611
EU,VW Tiguan AD1 SUV 2016-2022,SU1,缓存精确继承,https://www.volkswagen-newsroom.com/en/tiguan-6611
EU,VW Tiguan AD1 SUV 2016-2024,SU1,缓存精确继承,https://www.volkswagen-newsroom.com/en/tiguan-6611
EU,VW Tiguan AD1 SUV 2017-2020,SU1,缓存精确继承,https://www.volkswagen-newsroom.com/en/tiguan-6611
EU,VW Tiguan AD1 SUV 2017-2021,SU1,缓存精确继承,https://www.volkswagen-newsroom.com/en/tiguan-6611
EU,VW Tiguan AD1 SUV 2017-2026,SU1,缓存精确继承,https://www.volkswagen-newsroom.com/en/tiguan-6611
EU,VW Tiguan AD1 SUV 2018-2020,SU1,缓存精确继承,https://www.volkswagen-newsroom.com/en/tiguan-6611
EU,VW Tiguan AD1 SUV 2018-2022,SU1,缓存精确继承,https://www.volkswagen-newsroom.com/en/tiguan-6611
EU,VW Tiguan AD1 SUV 2018-2024,SU1,缓存精确继承,https://www.volkswagen-newsroom.com/en/tiguan-6611
EU,VW Tiguan AD1 SUV 2018-2026,SU1,缓存精确继承,https://www.volkswagen-newsroom.com/en/tiguan-6611
EU,VW Tiguan AD1 SUV 2020-2026,SU1,缓存精确继承,https://www.volkswagen-newsroom.com/en/tiguan-6611
EU,VW Tiguan AD1 SUV 2021-2024,SU1,缓存精确继承,https://www.volkswagen-newsroom.com/en/tiguan-6611
EU,VW Tiguan AD1 Tiguan II facelift SUV 2020-2024,SU1,缓存精确继承,https://www.volkswagen-newsroom.com/en/tiguan-6611
EU,VW Tiguan AD1 Volkswagen Tiguan II facelift SUV 2020-2024,SU1,缓存精确继承,https://www.volkswagen-newsroom.com/en/tiguan-6611
EU,VW Tiguan CT1 SUV 2023-2026,SU1,缓存精确继承,https://www.volkswagen-newsroom.com/en/tiguan-6611
EU,VW Tiguan CT1 SUV 2024-2026,SU1,缓存精确继承,https://www.volkswagen-newsroom.com/en/tiguan-6611
EU,VW Tiguan SUV 2018-2024,SU1,缓存精确继承,https://www.volkswagen-newsroom.com/en/tiguan-6611
EU,VW Tiguan SUV 2018-2026,SU1,缓存精确继承,https://www.volkswagen-newsroom.com/en/tiguan-6611
EU,VW Tiguan Tiguan II L4486 W1839 H1654 SUV 2017-2026,SU1,缓存精确继承,https://www.volkswagen-newsroom.com/en/tiguan-6611
EU,VW Tiguan Tiguan II L4486 W1839 H1673 SUV 2017-2026,SU1,缓存精确继承,https://www.volkswagen-newsroom.com/en/tiguan-6611
EU,VW Touareg 7L SUV 2002-2006,SU1,缓存精确继承,https://www.volkswagen-newsroom.com/en/the-first-21-years-16055
EU,VW Touareg 7L SUV 2002-2010,SU1,缓存精确继承,https://www.volkswagen-newsroom.com/en/the-first-21-years-16055
EU,VW Touareg 7L SUV 2003-2010,SU1,缓存精确继承,https://www.volkswagen-newsroom.com/en/the-first-21-years-16055
EU,VW Touareg 7L SUV 2004-2006,SU1,缓存精确继承,https://www.volkswagen-newsroom.com/en/the-first-21-years-16055
EU,VW Touareg 7L SUV 2004-2010,SU1,缓存精确继承,https://www.volkswagen-newsroom.com/en/the-first-21-years-16055
EU,VW Touareg 7L SUV 2005-2010,SU1,缓存精确继承,https://www.volkswagen-newsroom.com/en/the-first-21-years-16055
EU,VW Touareg 7L SUV 2006-2010,SU1,缓存精确继承,https://www.volkswagen-newsroom.com/en/the-first-21-years-16055
EU,VW Touareg 7L Touareg I SUV 2007-2010,SU1,缓存精确继承,https://www.volkswagen-newsroom.com/en/the-first-21-years-16055
EU,VW Touareg 7L Touareg I facelift SUV 2007-2010,SU1,缓存精确继承,https://www.volkswagen-newsroom.com/en/the-first-21-years-16055
EU,VW Touareg 7P II SUV 2010-2018,SU1,缓存精确继承,https://www.volkswagen-newsroom.com/en/the-first-21-years-16055
EU,VW Touareg 7P SUV 2011-2014,SU1,缓存精确继承,https://www.volkswagen-newsroom.com/en/the-first-21-years-16055
EU,VW Touareg 7P SUV 2014-2018,SU1,缓存精确继承,https://www.volkswagen-newsroom.com/en/the-first-21-years-16055
EU,VW Touareg 7P Touareg II SUV 2011-2018,SU1,缓存精确继承,https://www.volkswagen-newsroom.com/en/the-first-21-years-16055
EU,VW Touareg 7P Touareg II facelift SUV 2011-2018,SU1,缓存精确继承,https://www.volkswagen-newsroom.com/en/the-first-21-years-16055
EU,VW Touareg 7P Volkswagen Touareg II facelift SUV 2010-2018,SU1,缓存精确继承,https://www.volkswagen-newsroom.com/en/the-first-21-years-16055
EU,VW Touareg 7P Volkswagen Touareg II prefl SUV 2010-2018,SU1,缓存精确继承,https://www.volkswagen-newsroom.com/en/the-first-21-years-16055
EU,VW Touareg 7P5 Touareg II facelift SUV 2010-2018,SU1,缓存精确继承,https://www.volkswagen-newsroom.com/en/the-first-21-years-16055
EU,VW Touareg 7P5 Touareg II prefl SUV 2010-2018,SU1,缓存精确继承,https://www.volkswagen-newsroom.com/en/the-first-21-years-16055
EU,VW Touareg CR SUV 2017-2026,SU1,缓存精确继承,https://www.volkswagen-newsroom.com/en/the-first-21-years-16055
EU,VW Touareg CR SUV 2018-2023,SU1,缓存精确继承,https://www.volkswagen-newsroom.com/en/the-first-21-years-16055
EU,VW Touareg CR SUV 2018-2026,SU1,缓存精确继承,https://www.volkswagen-newsroom.com/en/the-first-21-years-16055
EU,VW Touareg CR SUV 2019-2021,SU1,缓存精确继承,https://www.volkswagen-newsroom.com/en/the-first-21-years-16055
EU,VW Touareg CR SUV 2020-2026,SU1,缓存精确继承,https://www.volkswagen-newsroom.com/en/the-first-21-years-16055
EU,VW Touran 1T MPV 2003-2004,H1,缓存精确继承,https://www.volkswagen-newsroom.com/en/touran-1-20032015-19719
EU,VW Touran 1T MPV 2003-2005,H1,缓存精确继承,https://www.volkswagen-newsroom.com/en/touran-1-20032015-19719
EU,VW Touran 1T MPV 2003-2006,H1,缓存精确继承,https://www.volkswagen-newsroom.com/en/touran-1-20032015-19719
EU,VW Touran 1T MPV 2003-2007,H1,缓存精确继承,https://www.volkswagen-newsroom.com/en/touran-1-20032015-19719
EU,VW Touran 1T MPV 2003-2010,H1,缓存精确继承,https://www.volkswagen-newsroom.com/en/touran-1-20032015-19719
EU,VW Touran 1T MPV 2004-2007,H1,缓存精确继承,https://www.volkswagen-newsroom.com/en/touran-1-20032015-19719
EU,VW Touran 1T MPV 2004-2010,H1,缓存精确继承,https://www.volkswagen-newsroom.com/en/touran-1-20032015-19719
EU,VW Touran 1T MPV 2006-2006,H1,缓存精确继承,https://www.volkswagen-newsroom.com/en/touran-1-20032015-19719
EU,VW Touran 1T MPV 2006-2009,H1,缓存精确继承,https://www.volkswagen-newsroom.com/en/touran-1-20032015-19719
EU,VW Touran 1T MPV 2006-2010,H1,缓存精确继承,https://www.volkswagen-newsroom.com/en/touran-1-20032015-19719
EU,VW Touran 1T Touran I MPV 2005-2010,H1,缓存精确继承,https://www.volkswagen-newsroom.com/en/touran-1-20032015-19719
EU,VW Touran 1T Touran I facelift 2006 MPV 2005-2010,H1,缓存精确继承,https://www.volkswagen-newsroom.com/en/touran-1-20032015-19719
EU,VW Touran 1T1 MPV 2005-2010,H1,缓存精确继承,https://www.volkswagen-newsroom.com/en/touran-1-20032015-19719
EU,VW Touran 1T2 MPV 2003-2010,H1,缓存精确继承,https://www.volkswagen-newsroom.com/en/touran-1-20032015-19719
EU,VW Touran 1T2 MPV 2004-2010,H1,缓存精确继承,https://www.volkswagen-newsroom.com/en/touran-1-20032015-19719
EU,VW Touran 1T2 MPV 2005-2010,H1,缓存精确继承,https://www.volkswagen-newsroom.com/en/touran-1-20032015-19719
EU,VW Touran 1T2 MPV 2006-2010,H1,缓存精确继承,https://www.volkswagen-newsroom.com/en/touran-1-20032015-19719
EU,VW Touran 1T2 MPV 2009-2010,H1,缓存精确继承,https://www.volkswagen-newsroom.com/en/touran-1-20032015-19719
EU,VW Touran 1T3 I MPV 2010-2015,H1,缓存精确继承,https://www.volkswagen-newsroom.com/en/touran-1-20032015-19719
EU,VW Touran 1T3 MPV 2010-2013,H1,缓存精确继承,https://www.volkswagen-newsroom.com/en/touran-1-20032015-19719
EU,VW Touran 1T3 MPV 2013-2015,H1,缓存精确继承,https://www.volkswagen-newsroom.com/en/touran-1-20032015-19719
EU,VW Touran 1T3 Touran I (GP2) MPV 2010-2015,H1,缓存精确继承,https://www.volkswagen-newsroom.com/en/touran-1-20032015-19719
EU,VW Touran 5T MPV 2015-2016,H1,缓存精确继承,https://www.volkswagen-newsroom.com/en/touran-1-20032015-19719
EU,VW Touran 5T MPV 2015-2018,H1,缓存精确继承,https://www.volkswagen-newsroom.com/en/touran-1-20032015-19719
EU,VW Touran 5T MPV 2015-2019,H1,缓存精确继承,https://www.volkswagen-newsroom.com/en/touran-1-20032015-19719
EU,VW Touran 5T MPV 2015-2022,H1,缓存精确继承,https://www.volkswagen-newsroom.com/en/touran-1-20032015-19719
EU,VW Touran 5T MPV 2015-2026,H1,缓存精确继承,https://www.volkswagen-newsroom.com/en/touran-1-20032015-19719
EU,VW Touran 5T MPV 2016-2019,H1,缓存精确继承,https://www.volkswagen-newsroom.com/en/touran-1-20032015-19719
EU,VW Touran 5T MPV 2018-2019,H1,缓存精确继承,https://www.volkswagen-newsroom.com/en/touran-1-20032015-19719
EU,VW Touran 5T MPV 2018-2026,H1,缓存精确继承,https://www.volkswagen-newsroom.com/en/touran-1-20032015-19719
EU,VW Touran 5T MPV 2019-2020,H1,缓存精确继承,https://www.volkswagen-newsroom.com/en/touran-1-20032015-19719
EU,VW Touran 5T MPV 2020-2026,H1,缓存精确继承,https://www.volkswagen-newsroom.com/en/touran-1-20032015-19719
EU,VW Touran MPV 2006-2010,H1,缓存精确继承,https://www.volkswagen-newsroom.com/en/touran-1-20032015-19719
EU,Volvo S60 ii S60 II Sedan 2012-2015,SD1,缓存精确继承,https://www.volvocars.com/uk/media/press-releases/7045C3828F4779AF/
EU,Volvo S60 ii S60 II Sedan 2013-2016,SD1,缓存精确继承,https://www.volvocars.com/uk/media/press-releases/7045C3828F4779AF/
EU,Volvo S60 ii S60 II Sedan 2015-2018,SD1,缓存精确继承,https://www.volvocars.com/uk/media/press-releases/7045C3828F4779AF/
EU,Volvo S60 ii S60 II facelift 2013 Sedan 2012-2015,SD1,缓存精确继承,https://www.volvocars.com/uk/media/press-releases/7045C3828F4779AF/
EU,Volvo S60 ii S60 II facelift 2013 Sedan 2013-2016,SD1,缓存精确继承,https://www.volvocars.com/uk/media/press-releases/7045C3828F4779AF/
EU,Volvo S60 ii S60 II facelift 2013 Sedan 2015-2018,SD1,缓存精确继承,https://www.volvocars.com/uk/media/press-releases/7045C3828F4779AF/
EU,Volvo S60 ii S60 II facelift Sedan 2010-2014,SD1,缓存精确继承,https://www.volvocars.com/uk/media/press-releases/7045C3828F4779AF/
EU,Volvo S60 ii S60 II facelift Sedan 2010-2015,SD1,缓存精确继承,https://www.volvocars.com/uk/media/press-releases/7045C3828F4779AF/
EU,Volvo S60 ii S60 II facelift Sedan 2011-2015,SD1,缓存精确继承,https://www.volvocars.com/uk/media/press-releases/7045C3828F4779AF/
EU,Volvo S60 ii S60 II pre-facelift Sedan 2011-2015,SD1,缓存精确继承,https://www.volvocars.com/uk/media/press-releases/7045C3828F4779AF/
EU,Volvo S60 ii S60 II prefl Sedan 2010-2014,SD1,缓存精确继承,https://www.volvocars.com/uk/media/press-releases/7045C3828F4779AF/
EU,Volvo S60 ii S60 II prefl Sedan 2010-2015,SD1,缓存精确继承,https://www.volvocars.com/uk/media/press-releases/7045C3828F4779AF/
EU,Volvo S60 ii Sedan 2010-2011,SD1,缓存精确继承,https://www.volvocars.com/uk/media/press-releases/7045C3828F4779AF/
EU,Volvo S60 ii Sedan 2013-2015,SD1,缓存精确继承,https://www.volvocars.com/uk/media/press-releases/7045C3828F4779AF/
EU,Volvo S60 ii Sedan 2013-2018,SD1,缓存精确继承,https://www.volvocars.com/uk/media/press-releases/7045C3828F4779AF/
EU,Volvo S60 ii Sedan 2014-2015,SD1,缓存精确继承,https://www.volvocars.com/uk/media/press-releases/7045C3828F4779AF/
EU,Volvo S60 ii Sedan 2014-2018,SD1,缓存精确继承,https://www.volvocars.com/uk/media/press-releases/7045C3828F4779AF/
EU,Volvo S80 i P2 S80 I facelift Sedan 1998-2006,SD1,缓存精确继承,https://www.volvocars.com/us/media/models/s80/1998/
EU,Volvo S80 i P2 S80 I facelift Sedan 1999-2006,SD1,缓存精确继承,https://www.volvocars.com/us/media/models/s80/1998/
EU,Volvo S80 i P2 S80 I prefl Sedan 1998-2006,SD1,缓存精确继承,https://www.volvocars.com/us/media/models/s80/1998/
EU,Volvo S80 i P2 S80 I prefl Sedan 1999-2006,SD1,缓存精确继承,https://www.volvocars.com/us/media/models/s80/1998/
EU,Volvo S80 i P2 Sedan 1998-2001,SD1,缓存精确继承,https://www.volvocars.com/us/media/models/s80/1998/
EU,Volvo S80 i S80 I facelift Sedan 1998-2006,SD1,缓存精确继承,https://www.volvocars.com/us/media/models/s80/1998/
EU,Volvo S80 i S80 I facelift Sedan 1999-2006,SD1,缓存精确继承,https://www.volvocars.com/us/media/models/s80/1998/
EU,Volvo S80 i S80 I facelift Sedan 2000-2006,SD1,缓存精确继承,https://www.volvocars.com/us/media/models/s80/1998/
EU,Volvo S80 i S80 I facelift Sedan 2001-2006,SD1,缓存精确继承,https://www.volvocars.com/us/media/models/s80/1998/
EU,Volvo S80 i S80 I pre-facelift Sedan 1998-2006,SD1,缓存精确继承,https://www.volvocars.com/us/media/models/s80/1998/
EU,Volvo S80 i S80 I pre-facelift Sedan 1999-2006,SD1,缓存精确继承,https://www.volvocars.com/us/media/models/s80/1998/
EU,Volvo S80 i S80 I pre-facelift Sedan 2000-2006,SD1,缓存精确继承,https://www.volvocars.com/us/media/models/s80/1998/
EU,Volvo S80 i S80 I pre-facelift Sedan 2001-2006,SD1,缓存精确继承,https://www.volvocars.com/us/media/models/s80/1998/
EU,Volvo S80 i Sedan 2000-2003,SD1,缓存精确继承,https://www.volvocars.com/us/media/models/s80/1998/
EU,Volvo S80 i Sedan 2003-2006,SD1,缓存精确继承,https://www.volvocars.com/us/media/models/s80/1998/
EU,Volvo S80 i TS Sedan 1998-2008,SD1,缓存精确继承,https://www.volvocars.com/us/media/models/s80/1998/
EU,Volvo S80 i TS Sedan 2001-2006,SD1,缓存精确继承,https://www.volvocars.com/us/media/models/s80/1998/
EU,Volvo S80 ii AS S80 II facelift13 Sedan 2010-2014,SD1,缓存精确继承,https://www.volvocars.com/us/media/press-releases/488AF72B93EB31A4/
EU,Volvo S80 ii AS S80 II facelift13 Sedan 2010-2016,SD1,缓存精确继承,https://www.volvocars.com/us/media/press-releases/488AF72B93EB31A4/
EU,Volvo S80 ii AS S80 II pre13 Sedan 2010-2014,SD1,缓存精确继承,https://www.volvocars.com/us/media/press-releases/488AF72B93EB31A4/
EU,Volvo S80 ii AS S80 II pre13 Sedan 2010-2016,SD1,缓存精确继承,https://www.volvocars.com/us/media/press-releases/488AF72B93EB31A4/
EU,Volvo S80 ii AS Sedan 2006-2009,SD1,缓存精确继承,https://www.volvocars.com/us/media/press-releases/488AF72B93EB31A4/
EU,Volvo S80 ii AS Sedan 2006-2012,SD1,缓存精确继承,https://www.volvocars.com/us/media/press-releases/488AF72B93EB31A4/
EU,Volvo S80 ii AS Sedan 2008-2011,SD1,缓存精确继承,https://www.volvocars.com/us/media/press-releases/488AF72B93EB31A4/
EU,Volvo S80 ii AS Sedan 2010-2011,SD1,缓存精确继承,https://www.volvocars.com/us/media/press-releases/488AF72B93EB31A4/
EU,Volvo S80 ii S80 II facelift 2013 Sedan 2011-2014,SD1,缓存精确继承,https://www.volvocars.com/us/media/press-releases/488AF72B93EB31A4/
EU,Volvo S80 ii S80 II facelift 2013 Sedan 2011-2015,SD1,缓存精确继承,https://www.volvocars.com/us/media/press-releases/488AF72B93EB31A4/
EU,Volvo S80 ii S80 II facelift 2013 Sedan 2012-2016,SD1,缓存精确继承,https://www.volvocars.com/us/media/press-releases/488AF72B93EB31A4/
EU,Volvo S80 ii S80 II pre-2013 Sedan 2011-2014,SD1,缓存精确继承,https://www.volvocars.com/us/media/press-releases/488AF72B93EB31A4/
EU,Volvo S80 ii S80 II pre-2013 Sedan 2011-2015,SD1,缓存精确继承,https://www.volvocars.com/us/media/press-releases/488AF72B93EB31A4/
EU,Volvo S80 ii S80 II pre-2013 Sedan 2012-2016,SD1,缓存精确继承,https://www.volvocars.com/us/media/press-releases/488AF72B93EB31A4/
EU,Volvo S80 ii Sedan 2006-2010,SD1,缓存精确继承,https://www.volvocars.com/us/media/press-releases/488AF72B93EB31A4/
EU,Volvo S80 ii Sedan 2006-2011,SD1,缓存精确继承,https://www.volvocars.com/us/media/press-releases/488AF72B93EB31A4/
EU,Volvo S80 ii Sedan 2007-2009,SD1,缓存精确继承,https://www.volvocars.com/us/media/press-releases/488AF72B93EB31A4/
EU,Volvo S80 ii Sedan 2007-2010,SD1,缓存精确继承,https://www.volvocars.com/us/media/press-releases/488AF72B93EB31A4/
EU,Volvo S80 ii Sedan 2008-2011,SD1,缓存精确继承,https://www.volvocars.com/us/media/press-releases/488AF72B93EB31A4/
EU,Volvo S80 ii Sedan 2008-2012,SD1,缓存精确继承,https://www.volvocars.com/us/media/press-releases/488AF72B93EB31A4/
EU,Volvo S80 ii Sedan 2010-2011,SD1,缓存精确继承,https://www.volvocars.com/us/media/press-releases/488AF72B93EB31A4/
EU,Volvo S80 ii Sedan 2010-2012,SD1,缓存精确继承,https://www.volvocars.com/us/media/press-releases/488AF72B93EB31A4/
EU,Volvo S80 ii Sedan 2012-2014,SD1,缓存精确继承,https://www.volvocars.com/us/media/press-releases/488AF72B93EB31A4/
EU,Volvo S80 ii Sedan 2013-2014,SD1,缓存精确继承,https://www.volvocars.com/us/media/press-releases/488AF72B93EB31A4/
EU,Volvo S80 ii Sedan 2013-2016,SD1,缓存精确继承,https://www.volvocars.com/us/media/press-releases/488AF72B93EB31A4/
EU,Volvo S80 ii Sedan 2014-2016,SD1,缓存精确继承,https://www.volvocars.com/us/media/press-releases/488AF72B93EB31A4/
EU,Volvo S80 ii Volvo S80 II facelift 2013 Sedan 2010-2014,SD1,缓存精确继承,https://www.volvocars.com/us/media/press-releases/488AF72B93EB31A4/
EU,Volvo S80 ii Volvo S80 II facelift 2013 Sedan 2010-2015,SD1,缓存精确继承,https://www.volvocars.com/us/media/press-releases/488AF72B93EB31A4/
EU,Volvo S80 ii Volvo S80 II facelift 2013 Sedan 2010-2016,SD1,缓存精确继承,https://www.volvocars.com/us/media/press-releases/488AF72B93EB31A4/
EU,Volvo S80 ii Volvo S80 II facelift Sedan 2010-2014,SD1,缓存精确继承,https://www.volvocars.com/us/media/press-releases/488AF72B93EB31A4/
EU,Volvo S80 ii Volvo S80 II facelift Sedan 2010-2015,SD1,缓存精确继承,https://www.volvocars.com/us/media/press-releases/488AF72B93EB31A4/
EU,Volvo S80 ii Volvo S80 II facelift Sedan 2010-2016,SD1,缓存精确继承,https://www.volvocars.com/us/media/press-releases/488AF72B93EB31A4/
EU,Volvo V60 i I Wagon 2010-2014,H2,本轮增量研究,https://www.volvocars.com/us/media/models/v60heritage/2011/
EU,Volvo V60 i I Wagon 2014-2015,H2,本轮增量研究,https://www.volvocars.com/us/media/models/v60heritage/2011/
EU,Volvo V60 i V60 I Wagon 2010-2014,H2,本轮增量研究,https://www.volvocars.com/us/media/models/v60heritage/2011/
EU,Volvo V60 i V60 I facelift Wagon 2010-2015,H2,本轮增量研究,https://www.volvocars.com/us/media/models/v60heritage/2011/
EU,Volvo V60 i V60 I facelift Wagon 2014-2015,H2,本轮增量研究,https://www.volvocars.com/us/media/models/v60heritage/2011/
EU,Volvo V60 i V60 I prefl Wagon 2010-2015,H2,本轮增量研究,https://www.volvocars.com/us/media/models/v60heritage/2011/
EU,Volvo V60 i Wagon 2010-2011,H2,本轮增量研究,https://www.volvocars.com/us/media/models/v60heritage/2011/
EU,Volvo V60 i Wagon 2010-2012,H2,本轮增量研究,https://www.volvocars.com/us/media/models/v60heritage/2011/
EU,Volvo V60 i Wagon 2011-2015,H2,本轮增量研究,https://www.volvocars.com/us/media/models/v60heritage/2011/
EU,Volvo V60 i Wagon 2012-2015,H2,本轮增量研究,https://www.volvocars.com/us/media/models/v60heritage/2011/
EU,Volvo V60 i Wagon 2013-2015,H2,本轮增量研究,https://www.volvocars.com/us/media/models/v60heritage/2011/
EU,Volvo V60 i Wagon 2013-2018,H2,本轮增量研究,https://www.volvocars.com/us/media/models/v60heritage/2011/
EU,Volvo V60 i Wagon 2014-2017,H2,本轮增量研究,https://www.volvocars.com/us/media/models/v60heritage/2011/
EU,Volvo V60 i Wagon 2014-2018,H2,本轮增量研究,https://www.volvocars.com/us/media/models/v60heritage/2011/
EU,Volvo V60 i Wagon 2015-2017,H2,本轮增量研究,https://www.volvocars.com/us/media/models/v60heritage/2011/
EU,Volvo V60 i Wagon 2015-2018,H2,本轮增量研究,https://www.volvocars.com/us/media/models/v60heritage/2011/
EU,Volvo V70 iii 135 V70 III Facelift Wagon 2007-2015,H2,缓存精确继承,https://www.media.volvocars.com/uk/en-gb/media/pressreleases/15088
EU,Volvo V70 iii 135 V70 III Pre-Facelift Wagon 2007-2015,H2,缓存精确继承,https://www.media.volvocars.com/uk/en-gb/media/pressreleases/15088
EU,Volvo V70 iii 135 Wagon 2007-2009,H2,缓存精确继承,https://www.media.volvocars.com/uk/en-gb/media/pressreleases/15088
EU,Volvo V70 iii 135 Wagon 2007-2010,H2,缓存精确继承,https://www.media.volvocars.com/uk/en-gb/media/pressreleases/15088
EU,Volvo V70 iii 135 Wagon 2007-2011,H2,缓存精确继承,https://www.media.volvocars.com/uk/en-gb/media/pressreleases/15088
EU,Volvo V70 iii BW V70 III Facelift Wagon 2011-2016,H2,缓存精确继承,https://www.media.volvocars.com/uk/en-gb/media/pressreleases/15088
EU,Volvo V70 iii BW V70 III Pre-Facelift Wagon 2011-2016,H2,缓存精确继承,https://www.media.volvocars.com/uk/en-gb/media/pressreleases/15088
EU,Volvo V70 iii BW V70 III Wagon 2008-2011,H2,缓存精确继承,https://www.media.volvocars.com/uk/en-gb/media/pressreleases/15088
EU,Volvo V70 iii BW V70 III facelift Wagon 2008-2011,H2,缓存精确继承,https://www.media.volvocars.com/uk/en-gb/media/pressreleases/15088
EU,Volvo V70 iii BW Wagon 2008-2009,H2,缓存精确继承,https://www.media.volvocars.com/uk/en-gb/media/pressreleases/15088
EU,Volvo V70 iii BW Wagon 2009-2010,H2,缓存精确继承,https://www.media.volvocars.com/uk/en-gb/media/pressreleases/15088
EU,Volvo V70 iii BW Wagon 2009-2011,H2,缓存精确继承,https://www.media.volvocars.com/uk/en-gb/media/pressreleases/15088
EU,Volvo V70 iii BW Wagon 2013-2016,H2,缓存精确继承,https://www.media.volvocars.com/uk/en-gb/media/pressreleases/15088
EU,Volvo V70 iii V70 III Wagon 2010-2014,H2,缓存精确继承,https://www.media.volvocars.com/uk/en-gb/media/pressreleases/15088
EU,Volvo V70 iii V70 III Wagon 2010-2015,H2,缓存精确继承,https://www.media.volvocars.com/uk/en-gb/media/pressreleases/15088
EU,Volvo V70 iii V70 III facelift Wagon 2010-2014,H2,缓存精确继承,https://www.media.volvocars.com/uk/en-gb/media/pressreleases/15088
EU,Volvo V70 iii V70 III facelift Wagon 2010-2015,H2,缓存精确继承,https://www.media.volvocars.com/uk/en-gb/media/pressreleases/15088
EU,Volvo V70 iii Wagon 2007-2009,H2,缓存精确继承,https://www.media.volvocars.com/uk/en-gb/media/pressreleases/15088
EU,Volvo V70 iii Wagon 2007-2010,H2,缓存精确继承,https://www.media.volvocars.com/uk/en-gb/media/pressreleases/15088
EU,Volvo V70 iii Wagon 2007-2015,H2,缓存精确继承,https://www.media.volvocars.com/uk/en-gb/media/pressreleases/15088
EU,Volvo V70 iii Wagon 2009-2011,H2,缓存精确继承,https://www.media.volvocars.com/uk/en-gb/media/pressreleases/15088
EU,Volvo V70 iii Wagon 2009-2012,H2,缓存精确继承,https://www.media.volvocars.com/uk/en-gb/media/pressreleases/15088
EU,Volvo V70 iii Wagon 2011-2015,H2,缓存精确继承,https://www.media.volvocars.com/uk/en-gb/media/pressreleases/15088
EU,Volvo V70 iii Wagon 2012-2015,H2,缓存精确继承,https://www.media.volvocars.com/uk/en-gb/media/pressreleases/15088
EU,Volvo V70 iii Wagon 2013-2015,H2,缓存精确继承,https://www.media.volvocars.com/uk/en-gb/media/pressreleases/15088
EU,Volvo V70 iii Wagon 2013-2016,H2,缓存精确继承,https://www.media.volvocars.com/uk/en-gb/media/pressreleases/15088
EU,Volvo V70 iii Wagon 2015-2016,H2,缓存精确继承,https://www.media.volvocars.com/uk/en-gb/media/pressreleases/15088
EU,Volvo Xc60 i 156 SUV 2008-2009,SU1,缓存精确继承,https://www.media.volvocars.com/global/en-gb/models/volvo-xc60/2011
EU,Volvo Xc60 i 156 SUV 2008-2010,SU1,缓存精确继承,https://www.media.volvocars.com/global/en-gb/models/volvo-xc60/2011
EU,Volvo Xc60 i 156 SUV 2008-2017,SU1,缓存精确继承,https://www.media.volvocars.com/global/en-gb/models/volvo-xc60/2011
EU,Volvo Xc60 i 156 SUV 2014-2017,SU1,缓存精确继承,https://www.media.volvocars.com/global/en-gb/models/volvo-xc60/2011
EU,Volvo Xc60 i SUV 2009-2010,SU1,缓存精确继承,https://www.media.volvocars.com/global/en-gb/models/volvo-xc60/2011
EU,Volvo Xc60 i SUV 2009-2011,SU1,缓存精确继承,https://www.media.volvocars.com/global/en-gb/models/volvo-xc60/2011
EU,Volvo Xc60 i SUV 2009-2012,SU1,缓存精确继承,https://www.media.volvocars.com/global/en-gb/models/volvo-xc60/2011
EU,Volvo Xc60 i SUV 2011-2015,SU1,缓存精确继承,https://www.media.volvocars.com/global/en-gb/models/volvo-xc60/2011
EU,Volvo Xc60 i SUV 2011-2017,SU1,缓存精确继承,https://www.media.volvocars.com/global/en-gb/models/volvo-xc60/2011
EU,Volvo Xc60 i SUV 2012-2015,SU1,缓存精确继承,https://www.media.volvocars.com/global/en-gb/models/volvo-xc60/2011
EU,Volvo Xc60 i SUV 2013-2015,SU1,缓存精确继承,https://www.media.volvocars.com/global/en-gb/models/volvo-xc60/2011
EU,Volvo Xc60 i SUV 2013-2017,SU1,缓存精确继承,https://www.media.volvocars.com/global/en-gb/models/volvo-xc60/2011
EU,Volvo Xc60 i SUV 2014-2015,SU1,缓存精确继承,https://www.media.volvocars.com/global/en-gb/models/volvo-xc60/2011
EU,Volvo Xc60 i SUV 2014-2017,SU1,缓存精确继承,https://www.media.volvocars.com/global/en-gb/models/volvo-xc60/2011
EU,Volvo Xc60 i SUV 2015-2017,SU1,缓存精确继承,https://www.media.volvocars.com/global/en-gb/models/volvo-xc60/2011
EU,Volvo Xc60 i XC60 I facelift SUV 2010-2014,SU1,缓存精确继承,https://www.media.volvocars.com/global/en-gb/models/volvo-xc60/2011
EU,Volvo Xc60 i XC60 I facelift SUV 2010-2015,SU1,缓存精确继承,https://www.media.volvocars.com/global/en-gb/models/volvo-xc60/2011
EU,Volvo Xc60 i XC60 I facelift SUV 2010-2017,SU1,缓存精确继承,https://www.media.volvocars.com/global/en-gb/models/volvo-xc60/2011
EU,Volvo Xc60 i XC60 I prefl L4627 W1891 H1713 SUV 2010-2017,SU1,缓存精确继承,https://www.media.volvocars.com/global/en-gb/models/volvo-xc60/2011
EU,Volvo Xc60 i XC60 I prefl L4628 W1891 H1713 SUV 2010-2017,SU1,缓存精确继承,https://www.media.volvocars.com/global/en-gb/models/volvo-xc60/2011
EU,Volvo Xc60 i XC60 I prefl SUV 2010-2014,SU1,缓存精确继承,https://www.media.volvocars.com/global/en-gb/models/volvo-xc60/2011
EU,Volvo Xc60 i XC60 I prefl SUV 2010-2015,SU1,缓存精确继承,https://www.media.volvocars.com/global/en-gb/models/volvo-xc60/2011
EU,Volvo Xc60 ii SUV 2017-2018,SU1,缓存精确继承,https://www.media.volvocars.com/us/en-us/media/pressreleases/218410/all-new-volvo-xc60-named-2018-detroit-free-press-utility-of-the-year
EU,Volvo Xc60 ii SUV 2017-2020,SU1,缓存精确继承,https://www.media.volvocars.com/us/en-us/media/pressreleases/218410/all-new-volvo-xc60-named-2018-detroit-free-press-utility-of-the-year
EU,Volvo Xc60 ii SUV 2017-2021,SU1,缓存精确继承,https://www.media.volvocars.com/us/en-us/media/pressreleases/218410/all-new-volvo-xc60-named-2018-detroit-free-press-utility-of-the-year
EU,Volvo Xc60 ii SUV 2017-2022,SU1,缓存精确继承,https://www.media.volvocars.com/us/en-us/media/pressreleases/218410/all-new-volvo-xc60-named-2018-detroit-free-press-utility-of-the-year
EU,Volvo Xc60 ii SUV 2017-2026,SU1,缓存精确继承,https://www.media.volvocars.com/us/en-us/media/pressreleases/218410/all-new-volvo-xc60-named-2018-detroit-free-press-utility-of-the-year
EU,Volvo Xc60 ii SUV 2018-2019,SU1,缓存精确继承,https://www.media.volvocars.com/us/en-us/media/pressreleases/218410/all-new-volvo-xc60-named-2018-detroit-free-press-utility-of-the-year
EU,Volvo Xc60 ii SUV 2018-2020,SU1,缓存精确继承,https://www.media.volvocars.com/us/en-us/media/pressreleases/218410/all-new-volvo-xc60-named-2018-detroit-free-press-utility-of-the-year
EU,Volvo Xc60 ii SUV 2018-2021,SU1,缓存精确继承,https://www.media.volvocars.com/us/en-us/media/pressreleases/218410/all-new-volvo-xc60-named-2018-detroit-free-press-utility-of-the-year
EU,Volvo Xc60 ii SUV 2018-2022,SU1,缓存精确继承,https://www.media.volvocars.com/us/en-us/media/pressreleases/218410/all-new-volvo-xc60-named-2018-detroit-free-press-utility-of-the-year
EU,Volvo Xc60 ii SUV 2019-2020,SU1,缓存精确继承,https://www.media.volvocars.com/us/en-us/media/pressreleases/218410/all-new-volvo-xc60-named-2018-detroit-free-press-utility-of-the-year
EU,Volvo Xc60 ii SUV 2019-2021,SU1,缓存精确继承,https://www.media.volvocars.com/us/en-us/media/pressreleases/218410/all-new-volvo-xc60-named-2018-detroit-free-press-utility-of-the-year
EU,Volvo Xc60 ii SUV 2019-2022,SU1,缓存精确继承,https://www.media.volvocars.com/us/en-us/media/pressreleases/218410/all-new-volvo-xc60-named-2018-detroit-free-press-utility-of-the-year
EU,Volvo Xc60 ii SUV 2019-2026,SU1,缓存精确继承,https://www.media.volvocars.com/us/en-us/media/pressreleases/218410/all-new-volvo-xc60-named-2018-detroit-free-press-utility-of-the-year
EU,Volvo Xc60 ii SUV 2020-2026,SU1,缓存精确继承,https://www.media.volvocars.com/us/en-us/media/pressreleases/218410/all-new-volvo-xc60-named-2018-detroit-free-press-utility-of-the-year
EU,Volvo Xc60 ii SUV 2021-2022,SU1,缓存精确继承,https://www.media.volvocars.com/us/en-us/media/pressreleases/218410/all-new-volvo-xc60-named-2018-detroit-free-press-utility-of-the-year
EU,Volvo Xc60 ii SUV 2026-2026,SU1,缓存精确继承,https://www.media.volvocars.com/us/en-us/media/pressreleases/218410/all-new-volvo-xc60-named-2018-detroit-free-press-utility-of-the-year
EU,Volvo Xc60 ii XC60 II SUV 2022-2026,SU1,缓存精确继承,https://www.media.volvocars.com/us/en-us/media/pressreleases/218410/all-new-volvo-xc60-named-2018-detroit-free-press-utility-of-the-year
EU,Volvo Xc60 ii XC60 II facelift L4708 W1902 H1653 SUV 2021-2026,SU1,缓存精确继承,https://www.media.volvocars.com/us/en-us/media/pressreleases/218410/all-new-volvo-xc60-named-2018-detroit-free-press-utility-of-the-year
EU,Volvo Xc60 ii XC60 II facelift L4708 W1902 H1655 SUV 2021-2026,SU1,缓存精确继承,https://www.media.volvocars.com/us/en-us/media/pressreleases/218410/all-new-volvo-xc60-named-2018-detroit-free-press-utility-of-the-year
EU,Volvo Xc60 ii XC60 II facelift SUV 2022-2026,SU1,缓存精确继承,https://www.media.volvocars.com/us/en-us/media/pressreleases/218410/all-new-volvo-xc60-named-2018-detroit-free-press-utility-of-the-year
EU,Volvo Xc90 ii SUV 2014-2016,SU1,缓存精确继承,https://www.media.volvocars.com/global/en-gb/media/pressreleases/161467/the-all-new-volvo-xc90-model-year-2016
EU,Volvo Xc90 ii SUV 2014-2018,SU1,缓存精确继承,https://www.media.volvocars.com/global/en-gb/media/pressreleases/161467/the-all-new-volvo-xc90-model-year-2016
EU,Volvo Xc90 ii SUV 2015-2018,SU1,缓存精确继承,https://www.media.volvocars.com/global/en-gb/media/pressreleases/161467/the-all-new-volvo-xc90-model-year-2016
EU,Volvo Xc90 ii SUV 2015-2022,SU1,缓存精确继承,https://www.media.volvocars.com/global/en-gb/media/pressreleases/161467/the-all-new-volvo-xc90-model-year-2016
EU,Volvo Xc90 ii SUV 2016-2018,SU1,缓存精确继承,https://www.media.volvocars.com/global/en-gb/media/pressreleases/161467/the-all-new-volvo-xc90-model-year-2016
EU,Volvo Xc90 ii SUV 2016-2021,SU1,缓存精确继承,https://www.media.volvocars.com/global/en-gb/media/pressreleases/161467/the-all-new-volvo-xc90-model-year-2016
EU,Volvo Xc90 ii SUV 2017-2020,SU1,缓存精确继承,https://www.media.volvocars.com/global/en-gb/media/pressreleases/161467/the-all-new-volvo-xc90-model-year-2016
EU,Volvo Xc90 ii SUV 2017-2021,SU1,缓存精确继承,https://www.media.volvocars.com/global/en-gb/media/pressreleases/161467/the-all-new-volvo-xc90-model-year-2016
EU,Volvo Xc90 ii SUV 2018-2021,SU1,缓存精确继承,https://www.media.volvocars.com/global/en-gb/media/pressreleases/161467/the-all-new-volvo-xc90-model-year-2016
EU,Volvo Xc90 ii SUV 2018-2022,SU1,缓存精确继承,https://www.media.volvocars.com/global/en-gb/media/pressreleases/161467/the-all-new-volvo-xc90-model-year-2016
EU,Volvo Xc90 ii SUV 2019-2020,SU1,缓存精确继承,https://www.media.volvocars.com/global/en-gb/media/pressreleases/161467/the-all-new-volvo-xc90-model-year-2016
EU,Volvo Xc90 ii SUV 2019-2022,SU1,缓存精确继承,https://www.media.volvocars.com/global/en-gb/media/pressreleases/161467/the-all-new-volvo-xc90-model-year-2016
EU,Volvo Xc90 ii SUV 2019-2026,SU1,缓存精确继承,https://www.media.volvocars.com/global/en-gb/media/pressreleases/161467/the-all-new-volvo-xc90-model-year-2016
EU,Volvo Xc90 ii SUV 2020-2022,SU1,缓存精确继承,https://www.media.volvocars.com/global/en-gb/media/pressreleases/161467/the-all-new-volvo-xc90-model-year-2016
EU,Volvo Xc90 ii SUV 2020-2026,SU1,缓存精确继承,https://www.media.volvocars.com/global/en-gb/media/pressreleases/161467/the-all-new-volvo-xc90-model-year-2016
EU,Volvo Xc90 ii SUV 2021-2026,SU1,缓存精确继承,https://www.media.volvocars.com/global/en-gb/media/pressreleases/161467/the-all-new-volvo-xc90-model-year-2016
EU,Volvo Xc90 ii SUV 2022-2026,SU1,缓存精确继承,https://www.media.volvocars.com/global/en-gb/media/pressreleases/161467/the-all-new-volvo-xc90-model-year-2016
EU,Volvo Xc90 ii SUV 2026-2026,SU1,缓存精确继承,https://www.media.volvocars.com/global/en-gb/media/pressreleases/161467/the-all-new-volvo-xc90-model-year-2016
EU,Volvo Xc90 ii XC90 II SUV 2015-2021,SU1,缓存精确继承,https://www.media.volvocars.com/global/en-gb/media/pressreleases/161467/the-all-new-volvo-xc90-model-year-2016
EU,Volvo Xc90 ii XC90 II SUV 2016-2019,SU1,缓存精确继承,https://www.media.volvocars.com/global/en-gb/media/pressreleases/161467/the-all-new-volvo-xc90-model-year-2016
EU,Volvo Xc90 ii XC90 II facelift SUV 2015-2021,SU1,缓存精确继承,https://www.media.volvocars.com/global/en-gb/media/pressreleases/161467/the-all-new-volvo-xc90-model-year-2016
EU,Volvo Xc90 ii XC90 II facelift SUV 2016-2019,SU1,缓存精确继承,https://www.media.volvocars.com/global/en-gb/media/pressreleases/161467/the-all-new-volvo-xc90-model-year-2016
RU,Alfa Romeo GT Coupe 2003-2010,SD0,缓存精确继承,https://www.media.stellantis.com/em-en/alfa-romeo/press/alfa-gt-4
RU,Alfa Romeo GTV Coupe 1995-2006,SD0,缓存精确继承,https://www.media.stellantis.com/uk-en/alfa-romeo/press/alfa-spider-and-gtv
RU,Alfa Romeo Spider Convertible 1966-1993,SD0,缓存精确继承,https://www.media.stellantis.com/uk-en/alfa-romeo/press/alfa-romeo-roads-of-emotion-at-retromobile-2026
RU,Alfa Romeo Spider Convertible 1995-2005,SD0,缓存精确继承,https://www.media.stellantis.com/uk-en/alfa-romeo/press/alfa-romeo-roads-of-emotion-at-retromobile-2026
RU,Alfa Romeo Spider Convertible 2006-2008,SD0,缓存精确继承,https://www.media.stellantis.com/uk-en/alfa-romeo/press/alfa-romeo-roads-of-emotion-at-retromobile-2026
RU,Alfa Romeo Spider Convertible 2008-2010,SD0,缓存精确继承,https://www.media.stellantis.com/uk-en/alfa-romeo/press/alfa-romeo-roads-of-emotion-at-retromobile-2026
RU,Audi 90 Sedan 1984-1987,SD1,缓存精确继承,https://www.audi-mediacenter.com/en/publications/more/audi-anniversary-dates-2021-1016/download
RU,Audi 90 Sedan 1987-1991,SD1,缓存精确继承,https://www.audi-mediacenter.com/en/publications/more/audi-anniversary-dates-2021-1016/download
RU,Audi 90 Sedan 1992-1995,SD1,缓存精确继承,https://www.audi-mediacenter.com/en/publications/more/audi-anniversary-dates-2021-1016/download
RU,Audi A8 Horch Sedan 2021-2026,SD1,本轮增量研究,https://www.audi-mediacenter.com/en/publications/more/audi-tradition-anniversary-dates-2024-1484/download
RU,Audi A8 Long Sedan 1999-2002,SD1,本轮增量研究,https://www.audi-mediacenter.com/en/publications/more/audi-tradition-anniversary-dates-2024-1484/download
RU,Audi A8 Long Sedan 2002-2005,SD1,本轮增量研究,https://www.audi-mediacenter.com/en/publications/more/audi-tradition-anniversary-dates-2024-1484/download
RU,Audi A8 Long Sedan 2005-2007,SD1,本轮增量研究,https://www.audi-mediacenter.com/en/publications/more/audi-tradition-anniversary-dates-2024-1484/download
RU,Audi A8 Long Sedan 2007-2010,SD1,本轮增量研究,https://www.audi-mediacenter.com/en/publications/more/audi-tradition-anniversary-dates-2024-1484/download
RU,Audi A8 Long Sedan 2009-2014,SD1,本轮增量研究,https://www.audi-mediacenter.com/en/publications/more/audi-tradition-anniversary-dates-2024-1484/download
RU,Audi A8 Long Sedan 2013-2017,SD1,本轮增量研究,https://www.audi-mediacenter.com/en/publications/more/audi-tradition-anniversary-dates-2024-1484/download
RU,Audi A8 Long Sedan 2017-2022,SD1,本轮增量研究,https://www.audi-mediacenter.com/en/publications/more/audi-tradition-anniversary-dates-2024-1484/download
RU,Audi A8 Long Sedan 2021-2026,SD1,本轮增量研究,https://www.audi-mediacenter.com/en/publications/more/audi-tradition-anniversary-dates-2024-1484/download
RU,Audi A8 Sedan 1994-1999,SD1,本轮增量研究,https://www.audi-mediacenter.com/en/publications/more/audi-tradition-anniversary-dates-2024-1484/download
RU,Audi A8 Sedan 1999-2002,SD1,本轮增量研究,https://www.audi-mediacenter.com/en/publications/more/audi-tradition-anniversary-dates-2024-1484/download
RU,Audi A8 Sedan 2002-2005,SD1,本轮增量研究,https://www.audi-mediacenter.com/en/publications/more/audi-tradition-anniversary-dates-2024-1484/download
RU,Audi A8 Sedan 2005-2007,SD1,本轮增量研究,https://www.audi-mediacenter.com/en/publications/more/audi-tradition-anniversary-dates-2024-1484/download
RU,Audi A8 Sedan 2007-2010,SD1,本轮增量研究,https://www.audi-mediacenter.com/en/publications/more/audi-tradition-anniversary-dates-2024-1484/download
RU,Audi A8 Sedan 2009-2014,SD1,本轮增量研究,https://www.audi-mediacenter.com/en/publications/more/audi-tradition-anniversary-dates-2024-1484/download
RU,Audi A8 Sedan 2013-2017,SD1,本轮增量研究,https://www.audi-mediacenter.com/en/publications/more/audi-tradition-anniversary-dates-2024-1484/download
RU,Audi A8 Sedan 2017-2022,SD1,本轮增量研究,https://www.audi-mediacenter.com/en/publications/more/audi-tradition-anniversary-dates-2024-1484/download
RU,Audi A8 Sedan 2021-2026,SD1,本轮增量研究,https://www.audi-mediacenter.com/en/publications/more/audi-tradition-anniversary-dates-2024-1484/download
RU,BMW 7 серии Long Sedan 1994-1998,SD1,缓存精确继承,https://www.press.bmwgroup.com/global/article/detail/T0380173EN/the-new-bmw-7-series
RU,BMW 7 серии Long Sedan 1998-2001,SD1,缓存精确继承,https://www.press.bmwgroup.com/global/article/detail/T0380173EN/the-new-bmw-7-series
RU,BMW 7 серии Long Sedan 2001-2005,SD1,缓存精确继承,https://www.press.bmwgroup.com/global/article/detail/T0380173EN/the-new-bmw-7-series
RU,BMW 7 серии Long Sedan 2005-2008,SD1,缓存精确继承,https://www.press.bmwgroup.com/global/article/detail/T0380173EN/the-new-bmw-7-series
RU,BMW 7 серии Long Sedan 2008-2012,SD1,缓存精确继承,https://www.press.bmwgroup.com/global/article/detail/T0380173EN/the-new-bmw-7-series
RU,BMW 7 серии Long Sedan 2012-2015,SD1,缓存精确继承,https://www.press.bmwgroup.com/global/article/detail/T0380173EN/the-new-bmw-7-series
RU,BMW 7 серии Long Sedan 2015-2019,SD1,缓存精确继承,https://www.press.bmwgroup.com/global/article/detail/T0380173EN/the-new-bmw-7-series
RU,BMW 7 серии Long Sedan 2019-2022,SD1,缓存精确继承,https://www.press.bmwgroup.com/global/article/detail/T0380173EN/the-new-bmw-7-series
RU,BMW 7 серии Sedan 1977-1986,SD1,缓存精确继承,https://www.press.bmwgroup.com/global/article/detail/T0380173EN/the-new-bmw-7-series
RU,BMW 7 серии Sedan 1986-1994,SD1,缓存精确继承,https://www.press.bmwgroup.com/global/article/detail/T0380173EN/the-new-bmw-7-series
RU,BMW 7 серии Sedan 1994-1998,SD1,缓存精确继承,https://www.press.bmwgroup.com/global/article/detail/T0380173EN/the-new-bmw-7-series
RU,BMW 7 серии Sedan 1998-2001,SD1,缓存精确继承,https://www.press.bmwgroup.com/global/article/detail/T0380173EN/the-new-bmw-7-series
RU,BMW 7 серии Sedan 2001-2005,SD1,缓存精确继承,https://www.press.bmwgroup.com/global/article/detail/T0380173EN/the-new-bmw-7-series
RU,BMW 7 серии Sedan 2005-2008,SD1,缓存精确继承,https://www.press.bmwgroup.com/global/article/detail/T0380173EN/the-new-bmw-7-series
RU,BMW 7 серии Sedan 2008-2012,SD1,缓存精确继承,https://www.press.bmwgroup.com/global/article/detail/T0380173EN/the-new-bmw-7-series
RU,BMW 7 серии Sedan 2012-2015,SD1,缓存精确继承,https://www.press.bmwgroup.com/global/article/detail/T0380173EN/the-new-bmw-7-series
RU,BMW 7 серии Sedan 2015-2019,SD1,缓存精确继承,https://www.press.bmwgroup.com/global/article/detail/T0380173EN/the-new-bmw-7-series
RU,BMW 7 серии Sedan 2019-2022,SD1,缓存精确继承,https://www.press.bmwgroup.com/global/article/detail/T0380173EN/the-new-bmw-7-series
RU,BMW 7 серии Sedan 2022-2026,SD1,缓存精确继承,https://www.press.bmwgroup.com/global/article/detail/T0380173EN/the-new-bmw-7-series
RU,BMW 7 серии Sedan 2026-2026,SD1,缓存精确继承,https://www.press.bmwgroup.com/global/article/detail/T0380173EN/the-new-bmw-7-series
RU,Chevrolet Astro MPV 1985-1994,V0,缓存精确继承,https://www.gm.com/content/dam/company/no_search/heritage-archive-docs/vehicle-information-kits/chevrolet/1998-Chevrolet-Astro-Van.pdf
RU,Chevrolet Astro MPV 1994-2005,V0,缓存精确继承,https://www.gm.com/content/dam/company/no_search/heritage-archive-docs/vehicle-information-kits/chevrolet/1998-Chevrolet-Astro-Van.pdf
RU,Chevrolet Avalanche Pickup 2001-2006 Double,P0,缓存精确继承,https://www.gm.com/heritage/archive/vehicle-information-kits
RU,Chevrolet Avalanche Pickup 2006-2013 Double,P0,缓存精确继承,https://www.gm.com/heritage/archive/vehicle-information-kits
RU,Chevrolet C/K Pickup 1967-1972 Regular,P0,缓存精确继承,https://www.gm.com/heritage/archive/vehicle-information-kits
RU,Chevrolet C/K Pickup 1972-1991 Regular,P0,缓存精确继承,https://www.gm.com/heritage/archive/vehicle-information-kits
RU,Chevrolet C/K Pickup 1988-2000 Double,P0,缓存精确继承,https://www.gm.com/heritage/archive/vehicle-information-kits
RU,Chevrolet C/K Pickup 1988-2000 Extended,P0,缓存精确继承,https://www.gm.com/heritage/archive/vehicle-information-kits
RU,Chevrolet C/K Pickup 1988-2000 Regular,P0,缓存精确继承,https://www.gm.com/heritage/archive/vehicle-information-kits
RU,Chevrolet Colorado Pickup 2004-2012 Double,P1,缓存精确继承,车形分类核定/cache/model_shape_cache.csv
RU,Chevrolet Colorado Pickup 2004-2012 Extended,P1,缓存精确继承,车形分类核定/cache/model_shape_cache.csv
RU,Chevrolet Colorado Pickup 2004-2012 Regular,P1,缓存精确继承,车形分类核定/cache/model_shape_cache.csv
RU,Chevrolet Colorado Pickup 2012-2022 Crew,P1,缓存精确继承,车形分类核定/cache/model_shape_cache.csv
RU,Chevrolet Colorado Pickup 2012-2022 Extended,P1,缓存精确继承,车形分类核定/cache/model_shape_cache.csv
RU,Chevrolet Colorado Pickup 2022-2026 Double,P1,缓存精确继承,车形分类核定/cache/model_shape_cache.csv
RU,Chevrolet Colorado ZR2 Pickup 2012-2022 Crew,P1,缓存精确继承,车形分类核定/cache/model_shape_cache.csv
RU,Chevrolet Colorado ZR2 Pickup 2012-2022 Extended,P1,缓存精确继承,车形分类核定/cache/model_shape_cache.csv
RU,Chevrolet El Camino Pickup 1959-1960 Regular,P0,缓存精确继承,https://www.gm.com/heritage/archive/vehicle-information-kits
RU,Chevrolet El Camino Pickup 1964-1967 Regular,P0,缓存精确继承,https://www.gm.com/heritage/archive/vehicle-information-kits
RU,Chevrolet El Camino Pickup 1968-1972 Regular,P0,缓存精确继承,https://www.gm.com/heritage/archive/vehicle-information-kits
RU,Chevrolet El Camino Pickup 1973-1977 Regular,P0,缓存精确继承,https://www.gm.com/heritage/archive/vehicle-information-kits
RU,Chevrolet El Camino Pickup 1978-1987 Regular,P0,缓存精确继承,https://www.gm.com/heritage/archive/vehicle-information-kits
RU,Chevrolet Express MPV 1996-2002,V1,缓存精确继承,车形分类核定/cache/model_shape_cache.csv
RU,Chevrolet Express MPV 2002-2026,V1,缓存精确继承,车形分类核定/cache/model_shape_cache.csv
RU,Chevrolet Express Van 1996-2002,V1,缓存精确继承,车形分类核定/cache/model_shape_cache.csv
RU,Chevrolet Express Van 2002-2026,V1,缓存精确继承,车形分类核定/cache/model_shape_cache.csv
RU,Chevrolet Lumina APV MPV 1989-1996,V0,缓存精确继承,https://www.gm.com/heritage/archive/vehicle-information-kits
RU,Chevrolet Malibu Hatchback 5-door 2006-2008,SD1,缓存精确继承,车形分类核定/cache/model_shape_cache.csv
RU,Chevrolet Malibu Maxx Hatchback 5-door 2003-2006,SD1,缓存精确继承,车形分类核定/cache/model_shape_cache.csv
RU,Chevrolet Malibu Sedan 1978-1983,SD1,缓存精确继承,车形分类核定/cache/model_shape_cache.csv
RU,Chevrolet Malibu Sedan 1996-2000,SD1,缓存精确继承,车形分类核定/cache/model_shape_cache.csv
RU,Chevrolet Malibu Sedan 2000-2003,SD1,缓存精确继承,车形分类核定/cache/model_shape_cache.csv
RU,Chevrolet Malibu Sedan 2003-2006,SD1,缓存精确继承,车形分类核定/cache/model_shape_cache.csv
RU,Chevrolet Malibu Sedan 2006-2008,SD1,缓存精确继承,车形分类核定/cache/model_shape_cache.csv
RU,Chevrolet Malibu Sedan 2008-2012,SD1,缓存精确继承,车形分类核定/cache/model_shape_cache.csv
RU,Chevrolet Malibu Sedan 2011-2014,SD1,缓存精确继承,车形分类核定/cache/model_shape_cache.csv
RU,Chevrolet Malibu Sedan 2013-2016,SD1,缓存精确继承,车形分类核定/cache/model_shape_cache.csv
RU,Chevrolet Malibu Sedan 2015-2018,SD1,缓存精确继承,车形分类核定/cache/model_shape_cache.csv
RU,Chevrolet Malibu Sedan 2018-2026,SD1,缓存精确继承,车形分类核定/cache/model_shape_cache.csv
RU,Chevrolet SSR Pickup 2003-2006 Regular,P1,缓存精确继承,https://www.gm.com/content/dam/company/no_search/heritage-archive-docs/vehicle-information-kits/chevrolet/2004-Chevrolet-SSR.pdf
RU,Chevrolet Uplander MPV 2004-2008,V0,缓存精确继承,https://www.gm.com/heritage/archive/vehicle-information-kits
RU,Chevrolet Venture MPV 1996-2005,V0,缓存精确继承,https://www.gm.com/heritage/archive/vehicle-information-kits
RU,Chrysler Town & Country Convertible 1941-1988,V0,缓存精确继承,https://embargoed.stellantisnorthamerica.com/newsrelease.do?id=17221&mid=722
RU,Chrysler Town & Country MPV 1990-1995,V0,缓存精确继承,https://embargoed.stellantisnorthamerica.com/newsrelease.do?id=17221&mid=722
RU,Chrysler Town & Country MPV 1995-2000,V0,缓存精确继承,https://embargoed.stellantisnorthamerica.com/newsrelease.do?id=17221&mid=722
RU,Chrysler Town & Country MPV 2000-2005,V0,缓存精确继承,https://embargoed.stellantisnorthamerica.com/newsrelease.do?id=17221&mid=722
RU,Chrysler Town & Country MPV 2004-2007,V0,缓存精确继承,https://embargoed.stellantisnorthamerica.com/newsrelease.do?id=17221&mid=722
RU,Chrysler Town & Country MPV 2007-2010,V0,缓存精确继承,https://embargoed.stellantisnorthamerica.com/newsrelease.do?id=17221&mid=722
RU,Chrysler Town & Country MPV 2010-2016,V0,缓存精确继承,https://embargoed.stellantisnorthamerica.com/newsrelease.do?id=17221&mid=722
RU,Chrysler Town & Country SWB MPV 2000-2005,V0,缓存精确继承,https://embargoed.stellantisnorthamerica.com/newsrelease.do?id=17221&mid=722
RU,Chrysler Voyager Grand MPV 1991-1995,V0,缓存精确继承,https://embargoed.stellantisnorthamerica.com/newsrelease.do?id=26223&mid=3
RU,Chrysler Voyager Grand MPV 1995-2001,V0,缓存精确继承,https://embargoed.stellantisnorthamerica.com/newsrelease.do?id=26223&mid=3
RU,Chrysler Voyager Grand MPV 2000-2004,V0,缓存精确继承,https://embargoed.stellantisnorthamerica.com/newsrelease.do?id=26223&mid=3
RU,Chrysler Voyager Grand MPV 2004-2008,V0,缓存精确继承,https://embargoed.stellantisnorthamerica.com/newsrelease.do?id=26223&mid=3
RU,Chrysler Voyager Grand MPV 2007-2010,V0,缓存精确继承,https://embargoed.stellantisnorthamerica.com/newsrelease.do?id=26223&mid=3
RU,Chrysler Voyager Grand MPV 2011-2016,V0,缓存精确继承,https://embargoed.stellantisnorthamerica.com/newsrelease.do?id=26223&mid=3
RU,Chrysler Voyager MPV 1984-1990,V0,缓存精确继承,https://embargoed.stellantisnorthamerica.com/newsrelease.do?id=26223&mid=3
RU,Chrysler Voyager MPV 1991-1995,V0,缓存精确继承,https://embargoed.stellantisnorthamerica.com/newsrelease.do?id=26223&mid=3
RU,Chrysler Voyager MPV 1995-2001,V0,缓存精确继承,https://embargoed.stellantisnorthamerica.com/newsrelease.do?id=26223&mid=3
RU,Chrysler Voyager MPV 2000-2004,V0,缓存精确继承,https://embargoed.stellantisnorthamerica.com/newsrelease.do?id=26223&mid=3
RU,Chrysler Voyager MPV 2004-2008,V0,缓存精确继承,https://embargoed.stellantisnorthamerica.com/newsrelease.do?id=26223&mid=3
RU,Chrysler Voyager MPV 2019-2026,V0,缓存精确继承,https://embargoed.stellantisnorthamerica.com/newsrelease.do?id=26223&mid=3
RU,Dodge Caravan Grand MPV 1984-1990,V0,缓存精确继承,https://blog.stellantisnorthamerica.com/2015/12/29/three-decades-plus-of-chrysler-minivan-leadership/
RU,Dodge Caravan Grand MPV 1990-1995,V0,缓存精确继承,https://blog.stellantisnorthamerica.com/2015/12/29/three-decades-plus-of-chrysler-minivan-leadership/
RU,Dodge Caravan Grand MPV 1995-2000,V0,缓存精确继承,https://blog.stellantisnorthamerica.com/2015/12/29/three-decades-plus-of-chrysler-minivan-leadership/
RU,Dodge Caravan Grand MPV 2000-2007,V0,缓存精确继承,https://blog.stellantisnorthamerica.com/2015/12/29/three-decades-plus-of-chrysler-minivan-leadership/
RU,Dodge Caravan Grand MPV 2007-2020,V0,缓存精确继承,https://blog.stellantisnorthamerica.com/2015/12/29/three-decades-plus-of-chrysler-minivan-leadership/
RU,Dodge Caravan MPV 1984-1990,V0,缓存精确继承,https://blog.stellantisnorthamerica.com/2015/12/29/three-decades-plus-of-chrysler-minivan-leadership/
RU,Dodge Caravan MPV 1990-1995,V0,缓存精确继承,https://blog.stellantisnorthamerica.com/2015/12/29/three-decades-plus-of-chrysler-minivan-leadership/
RU,Dodge Caravan MPV 1995-2000,V0,缓存精确继承,https://blog.stellantisnorthamerica.com/2015/12/29/three-decades-plus-of-chrysler-minivan-leadership/
RU,Dodge Caravan MPV 2000-2007,V0,缓存精确继承,https://blog.stellantisnorthamerica.com/2015/12/29/three-decades-plus-of-chrysler-minivan-leadership/
RU,Dodge Challenger Coupe 1969-1974,dodge-challenger,缓存精确继承,车形分类核定/cache/model_shape_cache.csv
RU,Dodge Challenger Coupe 1977-1983,dodge-challenger,缓存精确继承,车形分类核定/cache/model_shape_cache.csv
RU,Dodge Challenger Coupe 2008-2010,dodge-challenger,缓存精确继承,车形分类核定/cache/model_shape_cache.csv
RU,Dodge Challenger Coupe 2010-2014,dodge-challenger,缓存精确继承,车形分类核定/cache/model_shape_cache.csv
RU,Dodge Challenger Coupe 2014-2023,dodge-challenger,缓存精确继承,车形分类核定/cache/model_shape_cache.csv
RU,Dodge Challenger SRT Coupe 2014-2023,dodge-challenger,缓存精确继承,车形分类核定/cache/model_shape_cache.csv
RU,Dodge Challenger SRT8 Coupe 2008-2010,dodge-challenger,缓存精确继承,车形分类核定/cache/model_shape_cache.csv
RU,Dodge Challenger SRT8 Coupe 2010-2014,dodge-challenger,缓存精确继承,车形分类核定/cache/model_shape_cache.csv
RU,Dodge Dakota Pickup 1987-1996 Extended,P1,缓存精确继承,https://embargoed.stellantisnorthamerica.com/newsrelease.do?id=5590&mid=62
RU,Dodge Dakota Pickup 1987-1996 Regular,P1,缓存精确继承,https://embargoed.stellantisnorthamerica.com/newsrelease.do?id=5590&mid=62
RU,Dodge Dakota Pickup 1997-2004 Club,P1,缓存精确继承,https://embargoed.stellantisnorthamerica.com/newsrelease.do?id=5590&mid=62
RU,Dodge Dakota Pickup 1997-2004 Quad,P1,缓存精确继承,https://embargoed.stellantisnorthamerica.com/newsrelease.do?id=5590&mid=62
RU,Dodge Dakota Pickup 1997-2004 Regular,P1,缓存精确继承,https://embargoed.stellantisnorthamerica.com/newsrelease.do?id=5590&mid=62
RU,Dodge Dakota Pickup 2004-2007 Club,P1,缓存精确继承,https://embargoed.stellantisnorthamerica.com/newsrelease.do?id=5590&mid=62
RU,Dodge Dakota Pickup 2004-2007 Quad,P1,缓存精确继承,https://embargoed.stellantisnorthamerica.com/newsrelease.do?id=5590&mid=62
RU,Dodge Dakota Pickup 2007-2011 Crew,P1,缓存精确继承,https://embargoed.stellantisnorthamerica.com/newsrelease.do?id=5590&mid=62
RU,Dodge Dakota Pickup 2007-2011 Extended,P1,缓存精确继承,https://embargoed.stellantisnorthamerica.com/newsrelease.do?id=5590&mid=62
RU,Fiat 500L Cross MPV 2017-2022,V0,缓存精确继承,https://www.media.stellantis.com/uk-en/fiat/press/fiat-500l-500-goes-large-press-pack
RU,Fiat 500L Living MPV 2012-2017,V0,缓存精确继承,https://www.media.stellantis.com/uk-en/fiat/press/fiat-500l-500-goes-large-press-pack
RU,Fiat 500L MPV 2012-2017,V0,缓存精确继承,https://www.media.stellantis.com/uk-en/fiat/press/fiat-500l-500-goes-large-press-pack
RU,Fiat 500L MPV 2017-2022,V0,缓存精确继承,https://www.media.stellantis.com/uk-en/fiat/press/fiat-500l-500-goes-large-press-pack
RU,Fiat 500L Trekking MPV 2012-2017,V0,缓存精确继承,https://www.media.stellantis.com/uk-en/fiat/press/fiat-500l-500-goes-large-press-pack
RU,Fiat 500L Wagon MPV 2017-2022,V0,缓存精确继承,https://www.media.stellantis.com/uk-en/fiat/press/fiat-500l-500-goes-large-press-pack
RU,Ford F-100 Pickup 1952-1956 Regular,P1,缓存精确继承,https://www.fordheritagevault.com/
RU,Ford F-150 Lightning Pickup 2020-2024 Double,P0,缓存精确继承,车形分类核定/cache/model_shape_cache.csv
RU,Ford F-150 Pickup 1979-1986 Extended,P0,缓存精确继承,车形分类核定/cache/model_shape_cache.csv
RU,Ford F-150 Pickup 1986-1991 Double,P0,缓存精确继承,车形分类核定/cache/model_shape_cache.csv
RU,Ford F-150 Pickup 1986-1991 Extended,P0,缓存精确继承,车形分类核定/cache/model_shape_cache.csv
RU,Ford F-150 Pickup 1986-1991 Regular,P0,缓存精确继承,车形分类核定/cache/model_shape_cache.csv
RU,Ford F-150 Pickup 1991-1996 Extended,P0,缓存精确继承,车形分类核定/cache/model_shape_cache.csv
RU,Ford F-150 Pickup 1991-1996 Regular,P0,缓存精确继承,车形分类核定/cache/model_shape_cache.csv
RU,Ford F-150 Pickup 1996-2004 Double,P0,缓存精确继承,车形分类核定/cache/model_shape_cache.csv
RU,Ford F-150 Pickup 1996-2004 Extended,P0,缓存精确继承,车形分类核定/cache/model_shape_cache.csv
RU,Ford F-150 Pickup 1996-2004 Regular,P0,缓存精确继承,车形分类核定/cache/model_shape_cache.csv
RU,Ford F-150 Pickup 2003-2008 Double,P0,缓存精确继承,车形分类核定/cache/model_shape_cache.csv
RU,Ford F-150 Pickup 2003-2008 Extended,P0,缓存精确继承,车形分类核定/cache/model_shape_cache.csv
RU,Ford F-150 Pickup 2003-2008 Regular,P0,缓存精确继承,车形分类核定/cache/model_shape_cache.csv
RU,Ford F-150 Pickup 2008-2014 Crew,P0,缓存精确继承,车形分类核定/cache/model_shape_cache.csv
RU,Ford F-150 Pickup 2008-2014 Extended,P0,缓存精确继承,车形分类核定/cache/model_shape_cache.csv
RU,Ford F-150 Pickup 2008-2014 Regular,P0,缓存精确继承,车形分类核定/cache/model_shape_cache.csv
RU,Ford F-150 Pickup 2014-2018 Regular,P0,缓存精确继承,车形分类核定/cache/model_shape_cache.csv
RU,Ford F-150 Pickup 2014-2018 SuperCab,P0,缓存精确继承,车形分类核定/cache/model_shape_cache.csv
RU,Ford F-150 Pickup 2014-2018 SuperCrew,P0,缓存精确继承,车形分类核定/cache/model_shape_cache.csv
RU,Ford F-150 Pickup 2017-2020 Regular,P0,缓存精确继承,车形分类核定/cache/model_shape_cache.csv
RU,Ford F-150 Pickup 2017-2020 SuperCab,P0,缓存精确继承,车形分类核定/cache/model_shape_cache.csv
RU,Ford F-150 Pickup 2017-2020 SuperCrew,P0,缓存精确继承,车形分类核定/cache/model_shape_cache.csv
RU,Ford F-150 Pickup 2020-2024 Regular,P0,缓存精确继承,车形分类核定/cache/model_shape_cache.csv
RU,Ford F-150 Pickup 2020-2024 SuperCab,P0,缓存精确继承,车形分类核定/cache/model_shape_cache.csv
RU,Ford F-150 Pickup 2020-2024 SuperCrew,P0,缓存精确继承,车形分类核定/cache/model_shape_cache.csv
RU,Ford F-150 Pickup 2024-2026 Regular,P0,缓存精确继承,车形分类核定/cache/model_shape_cache.csv
RU,Ford F-150 Pickup 2024-2026 SuperCab,P0,缓存精确继承,车形分类核定/cache/model_shape_cache.csv
RU,Ford F-150 Pickup 2024-2026 SuperCrew,P0,缓存精确继承,车形分类核定/cache/model_shape_cache.csv
RU,Ford F-150 Raptor Pickup 2008-2014 Crew,P2,缓存精确继承,车形分类核定/cache/model_shape_cache.csv
RU,Ford F-150 Raptor Pickup 2008-2014 Extended,P2,缓存精确继承,车形分类核定/cache/model_shape_cache.csv
RU,Ford F-150 Raptor Pickup 2014-2018 SuperCab,P2,缓存精确继承,车形分类核定/cache/model_shape_cache.csv
RU,Ford F-150 Raptor Pickup 2014-2018 SuperCrew,P2,缓存精确继承,车形分类核定/cache/model_shape_cache.csv
RU,Ford F-150 Raptor Pickup 2017-2020 SuperCab,P2,缓存精确继承,车形分类核定/cache/model_shape_cache.csv
RU,Ford F-150 Raptor Pickup 2017-2020 SuperCrew,P2,缓存精确继承,车形分类核定/cache/model_shape_cache.csv
RU,Ford F-150 Raptor Pickup 2020-2024 SuperCrew,P2,缓存精确继承,车形分类核定/cache/model_shape_cache.csv
RU,Ford F-150 Raptor Pickup 2024-2026 SuperCrew,P2,缓存精确继承,车形分类核定/cache/model_shape_cache.csv
RU,Ford Focus Active Hatchback 5-door 2018-2022,H0,缓存精确继承,车形分类核定/cache/model_shape_cache.csv
RU,Ford Focus Active Wagon 5-door 2018-2022,H0,缓存精确继承,车形分类核定/cache/model_shape_cache.csv
RU,Ford Focus Active Wagon 5-door 2021-2025,H0,缓存精确继承,车形分类核定/cache/model_shape_cache.csv
RU,Ford Focus Convertible 2004-2008,H0,缓存精确继承,车形分类核定/cache/model_shape_cache.csv
RU,Ford Focus Convertible 2007-2011,H0,缓存精确继承,车形分类核定/cache/model_shape_cache.csv
RU,Ford Focus Coupe 2007-2010,H0,缓存精确继承,车形分类核定/cache/model_shape_cache.csv
RU,Ford Focus Hatchback 3-door 1998-2001,H0,缓存精确继承,车形分类核定/cache/model_shape_cache.csv
RU,Ford Focus Hatchback 3-door 1999-2004,H0,缓存精确继承,车形分类核定/cache/model_shape_cache.csv
RU,Ford Focus Hatchback 3-door 2001-2005,H0,缓存精确继承,车形分类核定/cache/model_shape_cache.csv
RU,Ford Focus Hatchback 3-door 2004-2007,H0,缓存精确继承,车形分类核定/cache/model_shape_cache.csv
RU,Ford Focus Hatchback 3-door 2004-2008,H0,缓存精确继承,车形分类核定/cache/model_shape_cache.csv
RU,Ford Focus Hatchback 3-door 2007-2011,H0,缓存精确继承,车形分类核定/cache/model_shape_cache.csv
RU,Ford Focus Hatchback 5-door 1998-2001,H0,缓存精确继承,车形分类核定/cache/model_shape_cache.csv
RU,Ford Focus Hatchback 5-door 1999-2004,H0,缓存精确继承,车形分类核定/cache/model_shape_cache.csv
RU,Ford Focus Hatchback 5-door 2001-2005,H0,缓存精确继承,车形分类核定/cache/model_shape_cache.csv
RU,Ford Focus Hatchback 5-door 2004-2007,H0,缓存精确继承,车形分类核定/cache/model_shape_cache.csv
RU,Ford Focus Hatchback 5-door 2004-2008,H0,缓存精确继承,车形分类核定/cache/model_shape_cache.csv
RU,Ford Focus Hatchback 5-door 2007-2011,H0,缓存精确继承,车形分类核定/cache/model_shape_cache.csv
RU,Ford Focus Hatchback 5-door 2011-2015,H0,缓存精确继承,车形分类核定/cache/model_shape_cache.csv
RU,Ford Focus Hatchback 5-door 2014-2019,H0,缓存精确继承,车形分类核定/cache/model_shape_cache.csv
RU,Ford Focus Hatchback 5-door 2018-2022,H0,缓存精确继承,车形分类核定/cache/model_shape_cache.csv
RU,Ford Focus Hatchback 5-door 2020-2022,H0,缓存精确继承,车形分类核定/cache/model_shape_cache.csv
RU,Ford Focus Hatchback 5-door 2021-2025,H0,缓存精确继承,车形分类核定/cache/model_shape_cache.csv
RU,Ford Focus Sedan 1998-2001,H0,缓存精确继承,车形分类核定/cache/model_shape_cache.csv
RU,Ford Focus Sedan 1999-2004,H0,缓存精确继承,车形分类核定/cache/model_shape_cache.csv
RU,Ford Focus Sedan 2001-2005,H0,缓存精确继承,车形分类核定/cache/model_shape_cache.csv
RU,Ford Focus Sedan 2004-2007,H0,缓存精确继承,车形分类核定/cache/model_shape_cache.csv
RU,Ford Focus Sedan 2004-2008,H0,缓存精确继承,车形分类核定/cache/model_shape_cache.csv
RU,Ford Focus Sedan 2007-2010,H0,缓存精确继承,车形分类核定/cache/model_shape_cache.csv
RU,Ford Focus Sedan 2007-2011,H0,缓存精确继承,车形分类核定/cache/model_shape_cache.csv
RU,Ford Focus Sedan 2011-2015,H0,缓存精确继承,车形分类核定/cache/model_shape_cache.csv
RU,Ford Focus Sedan 2014-2019,H0,缓存精确继承,车形分类核定/cache/model_shape_cache.csv
RU,Ford Focus Sedan 2018-2022,H0,缓存精确继承,车形分类核定/cache/model_shape_cache.csv
RU,Ford Focus Sedan 2020-2022,H0,缓存精确继承,车形分类核定/cache/model_shape_cache.csv
RU,Ford Focus Sedan 2021-2025,H0,缓存精确继承,车形分类核定/cache/model_shape_cache.csv
RU,Ford Focus Shooting Brake Wagon 5-door 2020-2022,H0,缓存精确继承,车形分类核定/cache/model_shape_cache.csv
RU,Ford Focus Wagon 5-door 1998-2001,H0,缓存精确继承,车形分类核定/cache/model_shape_cache.csv
RU,Ford Focus Wagon 5-door 1999-2004,H0,缓存精确继承,车形分类核定/cache/model_shape_cache.csv
RU,Ford Focus Wagon 5-door 2001-2005,H0,缓存精确继承,车形分类核定/cache/model_shape_cache.csv
RU,Ford Focus Wagon 5-door 2004-2007,H0,缓存精确继承,车形分类核定/cache/model_shape_cache.csv
RU,Ford Focus Wagon 5-door 2004-2008,H0,缓存精确继承,车形分类核定/cache/model_shape_cache.csv
RU,Ford Focus Wagon 5-door 2007-2011,H0,缓存精确继承,车形分类核定/cache/model_shape_cache.csv
RU,Ford Focus Wagon 5-door 2011-2015,H0,缓存精确继承,车形分类核定/cache/model_shape_cache.csv
RU,Ford Focus Wagon 5-door 2014-2019,H0,缓存精确继承,车形分类核定/cache/model_shape_cache.csv
RU,Ford Focus Wagon 5-door 2018-2022,H0,缓存精确继承,车形分类核定/cache/model_shape_cache.csv
RU,Ford Maverick I L4557 W1793 H1335 Sedan 1969-1977,P1,缓存精确继承,https://media.ford.com/content/fordmedia/fsa/ar/es/news/2025/4/nueva-maverick--mas-versiones--mas-tecnologia-y-desempeno-todote.html
RU,Ford Maverick I L4925 W1791 H1356 Sedan 1969-1977,P1,缓存精确继承,https://media.ford.com/content/fordmedia/fsa/ar/es/news/2025/4/nueva-maverick--mas-versiones--mas-tecnologia-y-desempeno-todote.html
RU,Ford Maverick Pickup 2021-2024 Double,P1,缓存精确继承,https://media.ford.com/content/fordmedia/fsa/ar/es/news/2025/4/nueva-maverick--mas-versiones--mas-tecnologia-y-desempeno-todote.html
RU,Ford Maverick Pickup 2024-2026 Double,P1,缓存精确继承,https://media.ford.com/content/fordmedia/fsa/ar/es/news/2025/4/nueva-maverick--mas-versiones--mas-tecnologia-y-desempeno-todote.html
RU,Ford Maverick SUV 3-door 1993-1998,P1,缓存精确继承,https://media.ford.com/content/fordmedia/fsa/ar/es/news/2025/4/nueva-maverick--mas-versiones--mas-tecnologia-y-desempeno-todote.html
RU,Ford Maverick SUV 5-door 1993-1998,P1,缓存精确继承,https://media.ford.com/content/fordmedia/fsa/ar/es/news/2025/4/nueva-maverick--mas-versiones--mas-tecnologia-y-desempeno-todote.html
RU,Ford Maverick SUV 5-door 2000-2007,P1,缓存精确继承,https://media.ford.com/content/fordmedia/fsa/ar/es/news/2025/4/nueva-maverick--mas-versiones--mas-tecnologia-y-desempeno-todote.html
RU,Ford Mustang Convertible 1964-1973,SD0,缓存精确继承,车形分类核定/cache/model_shape_cache.csv
RU,Ford Mustang Convertible 1978-1986,SD0,缓存精确继承,车形分类核定/cache/model_shape_cache.csv
RU,Ford Mustang Convertible 1986-1993,SD0,缓存精确继承,车形分类核定/cache/model_shape_cache.csv
RU,Ford Mustang Convertible 1993-1998,SD0,缓存精确继承,车形分类核定/cache/model_shape_cache.csv
RU,Ford Mustang Convertible 1998-2004,SD0,缓存精确继承,车形分类核定/cache/model_shape_cache.csv
RU,Ford Mustang Convertible 2004-2009,SD0,缓存精确继承,车形分类核定/cache/model_shape_cache.csv
RU,Ford Mustang Convertible 2009-2014,SD0,缓存精确继承,车形分类核定/cache/model_shape_cache.csv
RU,Ford Mustang Convertible 2014-2017,SD0,缓存精确继承,车形分类核定/cache/model_shape_cache.csv
RU,Ford Mustang Convertible 2017-2023,SD0,缓存精确继承,车形分类核定/cache/model_shape_cache.csv
RU,Ford Mustang Convertible 2023-2026,SD0,缓存精确继承,车形分类核定/cache/model_shape_cache.csv
RU,Ford Mustang Coupe 1964-1973,SD0,缓存精确继承,车形分类核定/cache/model_shape_cache.csv
RU,Ford Mustang Coupe 1974-1978,SD0,缓存精确继承,车形分类核定/cache/model_shape_cache.csv
RU,Ford Mustang Coupe 1978-1986,SD0,缓存精确继承,车形分类核定/cache/model_shape_cache.csv
RU,Ford Mustang Coupe 1986-1993,SD0,缓存精确继承,车形分类核定/cache/model_shape_cache.csv
RU,Ford Mustang Coupe 1993-1998,SD0,缓存精确继承,车形分类核定/cache/model_shape_cache.csv
RU,Ford Mustang Coupe 1998-2004,SD0,缓存精确继承,车形分类核定/cache/model_shape_cache.csv
RU,Ford Mustang Coupe 2004-2009,SD0,缓存精确继承,车形分类核定/cache/model_shape_cache.csv
RU,Ford Mustang Coupe 2009-2014,SD0,缓存精确继承,车形分类核定/cache/model_shape_cache.csv
RU,Ford Mustang Coupe 2014-2017,SD0,缓存精确继承,车形分类核定/cache/model_shape_cache.csv
RU,Ford Mustang Coupe 2017-2023,SD0,缓存精确继承,车形分类核定/cache/model_shape_cache.csv
RU,Ford Mustang Coupe 2023-2026,SD0,缓存精确继承,车形分类核定/cache/model_shape_cache.csv
RU,Ford Mustang Hatchback 3-door 1964-1973,SD0,缓存精确继承,车形分类核定/cache/model_shape_cache.csv
RU,Ford Mustang Hatchback 3-door 1974-1978,SD0,缓存精确继承,车形分类核定/cache/model_shape_cache.csv
RU,Ford Mustang Hatchback 3-door 1978-1986,SD0,缓存精确继承,车形分类核定/cache/model_shape_cache.csv
RU,Ford Ranger Pickup 1998-2006 Crew,P1,缓存精确继承,车形分类核定/cache/model_shape_cache.csv
RU,Ford Ranger Pickup 1998-2006 Regular,P1,缓存精确继承,车形分类核定/cache/model_shape_cache.csv
RU,Ford Ranger Pickup 2006-2009 Double,P1,缓存精确继承,车形分类核定/cache/model_shape_cache.csv
RU,Ford Ranger Pickup 2006-2009 Extended,P1,缓存精确继承,车形分类核定/cache/model_shape_cache.csv
RU,Ford Ranger Pickup 2009-2011 Double,P1,缓存精确继承,车形分类核定/cache/model_shape_cache.csv
RU,Ford Ranger Pickup 2009-2011 Extended,P1,缓存精确继承,车形分类核定/cache/model_shape_cache.csv
RU,Ford Ranger Pickup 2009-2011 Regular,P1,缓存精确继承,车形分类核定/cache/model_shape_cache.csv
RU,Ford Ranger Pickup 2011-2015 Double,P1,缓存精确继承,车形分类核定/cache/model_shape_cache.csv
RU,Ford Ranger Pickup 2011-2015 Extended,P1,缓存精确继承,车形分类核定/cache/model_shape_cache.csv
RU,Ford Ranger Pickup 2011-2015 Regular,P1,缓存精确继承,车形分类核定/cache/model_shape_cache.csv
RU,Ford Ranger Pickup 2015-2019 Double,P1,缓存精确继承,车形分类核定/cache/model_shape_cache.csv
RU,Ford Ranger Pickup 2015-2019 Extended,P1,缓存精确继承,车形分类核定/cache/model_shape_cache.csv
RU,Ford Ranger Pickup 2015-2019 Regular,P1,缓存精确继承,车形分类核定/cache/model_shape_cache.csv
RU,Ford Ranger Pickup 2018-2022 Double,P1,缓存精确继承,车形分类核定/cache/model_shape_cache.csv
RU,Ford Ranger Pickup 2018-2022 Extended,P1,缓存精确继承,车形分类核定/cache/model_shape_cache.csv
RU,Ford Ranger Pickup 2018-2022 Regular,P1,缓存精确继承,车形分类核定/cache/model_shape_cache.csv
RU,Ford Ranger Pickup 2022-2026 Double,P1,缓存精确继承,车形分类核定/cache/model_shape_cache.csv
RU,Ford Ranger Pickup 2022-2026 Extended,P1,缓存精确继承,车形分类核定/cache/model_shape_cache.csv
RU,Ford Ranger Pickup 2022-2026 Regular,P1,缓存精确继承,车形分类核定/cache/model_shape_cache.csv
RU,Ford Ranger Raptor Pickup 2018-2022 Double,P2,缓存精确继承,车形分类核定/cache/model_shape_cache.csv
RU,Ford Ranger Raptor Pickup 2022-2026 Double,P2,缓存精确继承,车形分类核定/cache/model_shape_cache.csv
RU,GMC Canyon Long Pickup 2020-2022 Double,P1,缓存精确继承,https://news.gmc.com/newsroom.detail.html/Pages/news/us/en/2022/aug/0802-canyon.html
RU,GMC Canyon Pickup 2004-2013 Double,P1,缓存精确继承,https://news.gmc.com/newsroom.detail.html/Pages/news/us/en/2022/aug/0802-canyon.html
RU,GMC Canyon Pickup 2004-2013 Extended,P1,缓存精确继承,https://news.gmc.com/newsroom.detail.html/Pages/news/us/en/2022/aug/0802-canyon.html
RU,GMC Canyon Pickup 2004-2013 Regular,P1,缓存精确继承,https://news.gmc.com/newsroom.detail.html/Pages/news/us/en/2022/aug/0802-canyon.html
RU,GMC Canyon Pickup 2014-2020 Double,P1,缓存精确继承,https://news.gmc.com/newsroom.detail.html/Pages/news/us/en/2022/aug/0802-canyon.html
RU,GMC Canyon Pickup 2014-2020 Extended,P1,缓存精确继承,https://news.gmc.com/newsroom.detail.html/Pages/news/us/en/2022/aug/0802-canyon.html
RU,GMC Canyon Pickup 2020-2022 Double,P1,缓存精确继承,https://news.gmc.com/newsroom.detail.html/Pages/news/us/en/2022/aug/0802-canyon.html
RU,GMC Canyon Pickup 2020-2022 Extended,P1,缓存精确继承,https://news.gmc.com/newsroom.detail.html/Pages/news/us/en/2022/aug/0802-canyon.html
RU,GMC Canyon Pickup 2022-2026 Double,P1,缓存精确继承,https://news.gmc.com/newsroom.detail.html/Pages/news/us/en/2022/aug/0802-canyon.html
RU,GMC Canyon long Pickup 2014-2020 Double,P1,缓存精确继承,https://news.gmc.com/newsroom.detail.html/Pages/news/us/en/2022/aug/0802-canyon.html
RU,Genesis G80 Sedan 2016-2020,SD1,缓存精确继承,车形分类核定/cache/model_shape_cache.csv
RU,Genesis G80 Sedan 2020-2024,SD1,缓存精确继承,车形分类核定/cache/model_shape_cache.csv
RU,Genesis G80 Sedan 2023-2026,SD1,缓存精确继承,车形分类核定/cache/model_shape_cache.csv
RU,Honda Accord AeroDeck Hatchback 3-door 1985-1989,SD1,缓存精确继承,车形分类核定/cache/model_shape_cache.csv
RU,Honda Accord Coupe 1985-1989,SD1,缓存精确继承,车形分类核定/cache/model_shape_cache.csv
RU,Honda Accord Coupe 1989-1994,SD1,缓存精确继承,车形分类核定/cache/model_shape_cache.csv
RU,Honda Accord Coupe 1993-1998,SD1,缓存精确继承,车形分类核定/cache/model_shape_cache.csv
RU,Honda Accord Coupe 1997-2002,SD1,缓存精确继承,车形分类核定/cache/model_shape_cache.csv
RU,Honda Accord Coupe 2002-2006,SD1,缓存精确继承,车形分类核定/cache/model_shape_cache.csv
RU,Honda Accord Coupe 2005-2008,SD1,缓存精确继承,车形分类核定/cache/model_shape_cache.csv
RU,Honda Accord Coupe 2007-2011,SD1,缓存精确继承,车形分类核定/cache/model_shape_cache.csv
RU,Honda Accord Coupe 2011-2015,SD1,缓存精确继承,车形分类核定/cache/model_shape_cache.csv
RU,Honda Accord Coupe 2012-2016,SD1,缓存精确继承,车形分类核定/cache/model_shape_cache.csv
RU,Honda Accord Coupe 2015-2019,SD1,缓存精确继承,车形分类核定/cache/model_shape_cache.csv
RU,Honda Accord Hatchback 3-door 1976-1981,SD1,缓存精确继承,车形分类核定/cache/model_shape_cache.csv
RU,Honda Accord Hatchback 3-door 1981-1985,SD1,缓存精确继承,车形分类核定/cache/model_shape_cache.csv
RU,Honda Accord Hatchback 3-door 1985-1989,SD1,缓存精确继承,车形分类核定/cache/model_shape_cache.csv
RU,Honda Accord Hatchback 5-door 1997-2002,SD1,缓存精确继承,车形分类核定/cache/model_shape_cache.csv
RU,Honda Accord Sedan 1976-1981,SD1,缓存精确继承,车形分类核定/cache/model_shape_cache.csv
RU,Honda Accord Sedan 1981-1985,SD1,缓存精确继承,车形分类核定/cache/model_shape_cache.csv
RU,Honda Accord Sedan 1985-1989,SD1,缓存精确继承,车形分类核定/cache/model_shape_cache.csv
RU,Honda Accord Sedan 1989-1994,SD1,缓存精确继承,车形分类核定/cache/model_shape_cache.csv
RU,Honda Accord Sedan 1993-1998,SD1,缓存精确继承,车形分类核定/cache/model_shape_cache.csv
RU,Honda Accord Sedan 1997-2002,SD1,缓存精确继承,车形分类核定/cache/model_shape_cache.csv
RU,Honda Accord Sedan 2002-2006,SD1,缓存精确继承,车形分类核定/cache/model_shape_cache.csv
RU,Honda Accord Sedan 2005-2008,SD1,缓存精确继承,车形分类核定/cache/model_shape_cache.csv
RU,Honda Accord Sedan 2007-2011,SD1,缓存精确继承,车形分类核定/cache/model_shape_cache.csv
RU,Honda Accord Sedan 2011-2015,SD1,缓存精确继承,车形分类核定/cache/model_shape_cache.csv
RU,Honda Accord Sedan 2012-2016,SD1,缓存精确继承,车形分类核定/cache/model_shape_cache.csv
RU,Honda Accord Sedan 2014-2015,SD1,缓存精确继承,车形分类核定/cache/model_shape_cache.csv
RU,Honda Accord Sedan 2015-2019,SD1,缓存精确继承,车形分类核定/cache/model_shape_cache.csv
RU,Honda Accord Sedan 2017-2020,SD1,缓存精确继承,车形分类核定/cache/model_shape_cache.csv
RU,Honda Accord Sedan 2020-2023,SD1,缓存精确继承,车形分类核定/cache/model_shape_cache.csv
RU,Honda Accord Sedan 2023-2026,SD1,缓存精确继承,车形分类核定/cache/model_shape_cache.csv
RU,Honda Accord Sedan 2024-2026,SD1,缓存精确继承,车形分类核定/cache/model_shape_cache.csv
RU,Honda Accord Type-S Sedan 2002-2006,SD1,缓存精确继承,车形分类核定/cache/model_shape_cache.csv
RU,Honda Accord Type-S Sedan 2005-2008,SD1,缓存精确继承,车形分类核定/cache/model_shape_cache.csv
RU,Honda Accord Type-S Sedan 2007-2011,SD1,缓存精确继承,车形分类核定/cache/model_shape_cache.csv
RU,Honda Accord Type-S Sedan 2011-2015,SD1,缓存精确继承,车形分类核定/cache/model_shape_cache.csv
RU,Honda Accord US Market Sedan 2002-2006,SD1,缓存精确继承,车形分类核定/cache/model_shape_cache.csv
RU,Honda Accord US Market Sedan 2005-2008,SD1,缓存精确继承,车形分类核定/cache/model_shape_cache.csv
RU,Honda Accord US Market Sedan 2007-2011,SD1,缓存精确继承,车形分类核定/cache/model_shape_cache.csv
RU,Honda Accord US Market Sedan 2011-2015,SD1,缓存精确继承,车形分类核定/cache/model_shape_cache.csv
RU,Honda Accord Wagon 5-door 1989-1994,SD1,缓存精确继承,车形分类核定/cache/model_shape_cache.csv
RU,Honda Accord Wagon 5-door 1993-1998,SD1,缓存精确继承,车形分类核定/cache/model_shape_cache.csv
RU,Honda Accord Wagon 5-door 1997-2002,SD1,缓存精确继承,车形分类核定/cache/model_shape_cache.csv
RU,Honda Accord Wagon 5-door 2002-2006,SD1,缓存精确继承,车形分类核定/cache/model_shape_cache.csv
RU,Honda Accord Wagon 5-door 2005-2008,SD1,缓存精确继承,车形分类核定/cache/model_shape_cache.csv
RU,Honda Accord Wagon 5-door 2007-2011,SD1,缓存精确继承,车形分类核定/cache/model_shape_cache.csv
RU,Honda Accord Wagon 5-door 2011-2015,SD1,缓存精确继承,车形分类核定/cache/model_shape_cache.csv
RU,Honda Civic Coupe 1991-1997,H0,缓存精确继承,车形分类核定/cache/model_shape_cache.csv
RU,Honda Civic Coupe 1995-1999,H0,缓存精确继承,车形分类核定/cache/model_shape_cache.csv
RU,Honda Civic Coupe 1998-2002,H0,缓存精确继承,车形分类核定/cache/model_shape_cache.csv
RU,Honda Civic Coupe 2000-2003,H0,缓存精确继承,车形分类核定/cache/model_shape_cache.csv
RU,Honda Civic Coupe 2003-2006,H0,缓存精确继承,车形分类核定/cache/model_shape_cache.csv
RU,Honda Civic Coupe 2005-2009,H0,缓存精确继承,车形分类核定/cache/model_shape_cache.csv
RU,Honda Civic Coupe 2008-2012,H0,缓存精确继承,车形分类核定/cache/model_shape_cache.csv
RU,Honda Civic Coupe 2011-2015,H0,缓存精确继承,车形分类核定/cache/model_shape_cache.csv
RU,Honda Civic Coupe 2013-2017,H0,缓存精确继承,车形分类核定/cache/model_shape_cache.csv
RU,Honda Civic Coupe 2015-2019,H0,缓存精确继承,车形分类核定/cache/model_shape_cache.csv
RU,Honda Civic Coupe 2018-2022,H0,缓存精确继承,车形分类核定/cache/model_shape_cache.csv
RU,Honda Civic Fastback 1991-1997,H0,缓存精确继承,车形分类核定/cache/model_shape_cache.csv
RU,Honda Civic Fastback 1998-2002,H0,缓存精确继承,车形分类核定/cache/model_shape_cache.csv
RU,Honda Civic Hatchback 3-door 1972-1979,H0,缓存精确继承,车形分类核定/cache/model_shape_cache.csv
RU,Honda Civic Hatchback 3-door 1979-1983,H0,缓存精确继承,车形分类核定/cache/model_shape_cache.csv
RU,Honda Civic Hatchback 3-door 1983-1987,H0,缓存精确继承,车形分类核定/cache/model_shape_cache.csv
RU,Honda Civic Hatchback 3-door 1987-1996,H0,缓存精确继承,车形分类核定/cache/model_shape_cache.csv
RU,Honda Civic Hatchback 3-door 1991-1997,H0,缓存精确继承,车形分类核定/cache/model_shape_cache.csv
RU,Honda Civic Hatchback 3-door 1995-1999,H0,缓存精确继承,车形分类核定/cache/model_shape_cache.csv
RU,Honda Civic Hatchback 3-door 1998-2002,H0,缓存精确继承,车形分类核定/cache/model_shape_cache.csv
RU,Honda Civic Hatchback 3-door 2000-2003,H0,缓存精确继承,车形分类核定/cache/model_shape_cache.csv
RU,Honda Civic Hatchback 3-door 2003-2006,H0,缓存精确继承,车形分类核定/cache/model_shape_cache.csv
RU,Honda Civic Hatchback 3-door 2005-2009,H0,缓存精确继承,车形分类核定/cache/model_shape_cache.csv
RU,Honda Civic Hatchback 3-door 2008-2012,H0,缓存精确继承,车形分类核定/cache/model_shape_cache.csv
RU,Honda Civic Hatchback 5-door 1972-1979,H0,缓存精确继承,车形分类核定/cache/model_shape_cache.csv
RU,Honda Civic Hatchback 5-door 1979-1983,H0,缓存精确继承,车形分类核定/cache/model_shape_cache.csv
RU,Honda Civic Hatchback 5-door 1995-1999,H0,缓存精确继承,车形分类核定/cache/model_shape_cache.csv
RU,Honda Civic Hatchback 5-door 2000-2003,H0,缓存精确继承,车形分类核定/cache/model_shape_cache.csv
RU,Honda Civic Hatchback 5-door 2003-2006,H0,缓存精确继承,车形分类核定/cache/model_shape_cache.csv
RU,Honda Civic Hatchback 5-door 2005-2009,H0,缓存精确继承,车形分类核定/cache/model_shape_cache.csv
RU,Honda Civic Hatchback 5-door 2008-2012,H0,缓存精确继承,车形分类核定/cache/model_shape_cache.csv
RU,Honda Civic Hatchback 5-door 2011-2015,H0,缓存精确继承,车形分类核定/cache/model_shape_cache.csv
RU,Honda Civic Hatchback 5-door 2013-2017,H0,缓存精确继承,车形分类核定/cache/model_shape_cache.csv
RU,Honda Civic Hatchback 5-door 2015-2019,H0,缓存精确继承,车形分类核定/cache/model_shape_cache.csv
RU,Honda Civic Hatchback 5-door 2018-2022,H0,缓存精确继承,车形分类核定/cache/model_shape_cache.csv
RU,Honda Civic Hatchback 5-door 2021-2026,H0,缓存精确继承,车形分类核定/cache/model_shape_cache.csv
RU,Honda Civic Hatchback 5-door 2024-2026,H0,缓存精确继承,车形分类核定/cache/model_shape_cache.csv
RU,Honda Civic Sedan 1979-1983,H0,缓存精确继承,车形分类核定/cache/model_shape_cache.csv
RU,Honda Civic Sedan 1983-1987,H0,缓存精确继承,车形分类核定/cache/model_shape_cache.csv
RU,Honda Civic Sedan 1987-1996,H0,缓存精确继承,车形分类核定/cache/model_shape_cache.csv
RU,Honda Civic Sedan 1991-1997,H0,缓存精确继承,车形分类核定/cache/model_shape_cache.csv
RU,Honda Civic Sedan 1995-1999,H0,缓存精确继承,车形分类核定/cache/model_shape_cache.csv
RU,Honda Civic Sedan 1998-2002,H0,缓存精确继承,车形分类核定/cache/model_shape_cache.csv
RU,Honda Civic Sedan 2000-2003,H0,缓存精确继承,车形分类核定/cache/model_shape_cache.csv
RU,Honda Civic Sedan 2003-2006,H0,缓存精确继承,车形分类核定/cache/model_shape_cache.csv
RU,Honda Civic Sedan 2005-2009,H0,缓存精确继承,车形分类核定/cache/model_shape_cache.csv
RU,Honda Civic Sedan 2008-2012,H0,缓存精确继承,车形分类核定/cache/model_shape_cache.csv
RU,Honda Civic Sedan 2011-2015,H0,缓存精确继承,车形分类核定/cache/model_shape_cache.csv
RU,Honda Civic Sedan 2013-2017,H0,缓存精确继承,车形分类核定/cache/model_shape_cache.csv
RU,Honda Civic Sedan 2015-2019,H0,缓存精确继承,车形分类核定/cache/model_shape_cache.csv
RU,Honda Civic Sedan 2018-2022,H0,缓存精确继承,车形分类核定/cache/model_shape_cache.csv
RU,Honda Civic Sedan 2021-2026,H0,缓存精确继承,车形分类核定/cache/model_shape_cache.csv
RU,Honda Civic Sedan 2024-2026,H0,缓存精确继承,车形分类核定/cache/model_shape_cache.csv
RU,Honda Civic Shuttle Wagon 5-door 1983-1987,H0,缓存精确继承,车形分类核定/cache/model_shape_cache.csv
RU,Honda Civic Shuttle Wagon 5-door 1987-1996,H0,缓存精确继承,车形分类核定/cache/model_shape_cache.csv
RU,Honda Civic Wagon 5-door 1972-1979,H0,缓存精确继承,车形分类核定/cache/model_shape_cache.csv
RU,Honda Civic Wagon 5-door 1979-1983,H0,缓存精确继承,车形分类核定/cache/model_shape_cache.csv
RU,Honda Civic Wagon 5-door 1998-2002,H0,缓存精确继承,车形分类核定/cache/model_shape_cache.csv
RU,Honda Civic Wagon 5-door 2011-2015,H0,缓存精确继承,车形分类核定/cache/model_shape_cache.csv
RU,Honda Civic Wagon 5-door 2013-2017,H0,缓存精确继承,车形分类核定/cache/model_shape_cache.csv
RU,Honda Odyssey MPV 1994-1999,V0,缓存精确继承,车形分类核定/cache/model_shape_cache.csv
RU,Honda Odyssey MPV 1999-2001,V0,缓存精确继承,车形分类核定/cache/model_shape_cache.csv
RU,Honda Odyssey MPV 2001-2003,V0,缓存精确继承,车形分类核定/cache/model_shape_cache.csv
RU,Honda Odyssey MPV 2003-2008,V0,缓存精确继承,车形分类核定/cache/model_shape_cache.csv
RU,Honda Odyssey MPV 2008-2013,V0,缓存精确继承,车形分类核定/cache/model_shape_cache.csv
RU,Honda Odyssey MPV 2013-2017,V0,缓存精确继承,车形分类核定/cache/model_shape_cache.csv
RU,Honda Odyssey MPV 2017-2020,V0,缓存精确继承,车形分类核定/cache/model_shape_cache.csv
RU,Honda Odyssey MPV 2020-2026,V0,缓存精确继承,车形分类核定/cache/model_shape_cache.csv
RU,Honda Prelude Coupe 1978-1982,SD0,缓存精确继承,https://global.honda/en/newsroom/news/2025/4250731eng.html
RU,Honda Prelude Coupe 1983-1987,SD0,缓存精确继承,https://global.honda/en/newsroom/news/2025/4250731eng.html
RU,Honda Prelude Coupe 1986-1989,SD0,缓存精确继承,https://global.honda/en/newsroom/news/2025/4250731eng.html
RU,Honda Prelude Coupe 1989-1991,SD0,缓存精确继承,https://global.honda/en/newsroom/news/2025/4250731eng.html
RU,Honda Prelude Coupe 1991-1996,SD0,缓存精确继承,https://global.honda/en/newsroom/news/2025/4250731eng.html
RU,Honda Prelude Coupe 1996-2001,SD0,缓存精确继承,https://global.honda/en/newsroom/news/2025/4250731eng.html
RU,Honda Prelude Coupe 2025-2026,SD0,缓存精确继承,https://global.honda/en/newsroom/news/2025/4250731eng.html
RU,Honda Ridgeline Pickup 2005-2009 Double,P1,缓存精确继承,https://global.honda/en/newsroom/worldnews/2005/c050110.html
RU,Honda Ridgeline Pickup 2009-2014 Double,P1,缓存精确继承,https://global.honda/en/newsroom/worldnews/2005/c050110.html
RU,Honda Ridgeline Pickup 2016-2021 Double,P1,缓存精确继承,https://global.honda/en/newsroom/worldnews/2005/c050110.html
RU,Honda Ridgeline Pickup 2021-2026 Double,P1,缓存精确继承,https://global.honda/en/newsroom/worldnews/2005/c050110.html
RU,Hyundai Grandeur Sedan 1986-1992,SD1,本轮增量研究,https://org.hyundai.com/worldwide/en/brand-journal/heritage/heritage-series-grandeur
RU,Hyundai Grandeur Sedan 1992-1998,SD1,本轮增量研究,https://org.hyundai.com/worldwide/en/brand-journal/heritage/heritage-series-grandeur
RU,Hyundai Grandeur Sedan 1998-2002,SD1,本轮增量研究,https://org.hyundai.com/worldwide/en/brand-journal/heritage/heritage-series-grandeur
RU,Hyundai Grandeur Sedan 2002-2005,SD1,本轮增量研究,https://org.hyundai.com/worldwide/en/brand-journal/heritage/heritage-series-grandeur
RU,Hyundai Grandeur Sedan 2005-2009,SD1,本轮增量研究,https://org.hyundai.com/worldwide/en/brand-journal/heritage/heritage-series-grandeur
RU,Hyundai Grandeur Sedan 2009-2011,SD1,本轮增量研究,https://org.hyundai.com/worldwide/en/brand-journal/heritage/heritage-series-grandeur
RU,Hyundai Grandeur Sedan 2011-2016,SD1,本轮增量研究,https://org.hyundai.com/worldwide/en/brand-journal/heritage/heritage-series-grandeur
RU,Hyundai Grandeur Sedan 2016-2019,SD1,本轮增量研究,https://org.hyundai.com/worldwide/en/brand-journal/heritage/heritage-series-grandeur
RU,Hyundai Grandeur Sedan 2019-2023,SD1,本轮增量研究,https://org.hyundai.com/worldwide/en/brand-journal/heritage/heritage-series-grandeur
RU,Hyundai Grandeur Sedan 2022-2026,SD1,本轮增量研究,https://org.hyundai.com/worldwide/en/brand-journal/heritage/heritage-series-grandeur
RU,Hyundai Grandeur Sedan 2026-2026,SD1,本轮增量研究,https://org.hyundai.com/worldwide/en/brand-journal/heritage/heritage-series-grandeur
RU,Hyundai Santa Cruz Pickup 2021-2025 Double,P1,缓存精确继承,https://www.hyundainews.com/releases/3293?lang=en_US
RU,Hyundai Santa Cruz Pickup 2024-2026 Double,P1,缓存精确继承,https://www.hyundainews.com/releases/3293?lang=en_US
RU,Jeep Gladiator Pickup 2019-2023 Double,P1,缓存精确继承,https://www.jeep.com/gladiator/design.html
RU,Jeep Gladiator Pickup 2023-2026 Double,P1,缓存精确继承,https://www.jeep.com/gladiator/design.html
RU,Kia Carnival Grand MPV 2006-2014,V0,缓存精确继承,车形分类核定/cache/model_shape_cache.csv
RU,Kia Carnival MPV 1998-2002,V0,缓存精确继承,车形分类核定/cache/model_shape_cache.csv
RU,Kia Carnival MPV 2002-2006,V0,缓存精确继承,车形分类核定/cache/model_shape_cache.csv
RU,Kia Carnival MPV 2006-2014,V0,缓存精确继承,车形分类核定/cache/model_shape_cache.csv
RU,Kia Carnival MPV 2014-2021,V0,缓存精确继承,车形分类核定/cache/model_shape_cache.csv
RU,Kia Carnival MPV 2020-2026,V0,缓存精确继承,车形分类核定/cache/model_shape_cache.csv
RU,Kia Carnival MPV 2023-2026,V0,缓存精确继承,车形分类核定/cache/model_shape_cache.csv
RU,Kia Soul Hatchback 5-door 2008-2011,H1,缓存精确继承,车形分类核定/cache/model_shape_cache.csv
RU,Kia Soul Hatchback 5-door 2011-2014,H1,缓存精确继承,车形分类核定/cache/model_shape_cache.csv
RU,Kia Soul Hatchback 5-door 2013-2016,H1,缓存精确继承,车形分类核定/cache/model_shape_cache.csv
RU,Kia Soul Hatchback 5-door 2016-2019,H1,缓存精确继承,车形分类核定/cache/model_shape_cache.csv
RU,Kia Soul Hatchback 5-door 2019-2022,H1,缓存精确继承,车形分类核定/cache/model_shape_cache.csv
RU,Kia Soul Hatchback 5-door 2022-2025,H1,缓存精确继承,车形分类核定/cache/model_shape_cache.csv
RU,Lexus ES Sedan 1989-1991,SD1,缓存精确继承,https://global.toyota/en/newsroom/lexus/35079970.html
RU,Lexus ES Sedan 1991-1994,SD1,缓存精确继承,https://global.toyota/en/newsroom/lexus/35079970.html
RU,Lexus ES Sedan 1994-1996,SD1,缓存精确继承,https://global.toyota/en/newsroom/lexus/35079970.html
RU,Lexus ES Sedan 1996-2001,SD1,缓存精确继承,https://global.toyota/en/newsroom/lexus/35079970.html
RU,Lexus ES Sedan 2001-2003,SD1,缓存精确继承,https://global.toyota/en/newsroom/lexus/35079970.html
RU,Lexus ES Sedan 2003-2006,SD1,缓存精确继承,https://global.toyota/en/newsroom/lexus/35079970.html
RU,Lexus ES Sedan 2006-2009,SD1,缓存精确继承,https://global.toyota/en/newsroom/lexus/35079970.html
RU,Lexus ES Sedan 2009-2012,SD1,缓存精确继承,https://global.toyota/en/newsroom/lexus/35079970.html
RU,Lexus ES Sedan 2012-2015,SD1,缓存精确继承,https://global.toyota/en/newsroom/lexus/35079970.html
RU,Lexus ES Sedan 2015-2018,SD1,缓存精确继承,https://global.toyota/en/newsroom/lexus/35079970.html
RU,Lexus ES Sedan 2018-2021,SD1,缓存精确继承,https://global.toyota/en/newsroom/lexus/35079970.html
RU,Lexus ES Sedan 2021-2024,SD1,缓存精确继承,https://global.toyota/en/newsroom/lexus/35079970.html
RU,Lexus ES Sedan 2024-2026,SD1,缓存精确继承,https://global.toyota/en/newsroom/lexus/35079970.html
RU,Lexus ES Sedan 2025-2026,SD1,缓存精确继承,https://global.toyota/en/newsroom/lexus/35079970.html
RU,Lexus GS Sedan 1993-1997,SD1,本轮增量研究,https://global.toyota/jp/newsroom/lexus/32231442.html
RU,Lexus GS Sedan 1997-2000,SD1,本轮增量研究,https://global.toyota/jp/newsroom/lexus/32231442.html
RU,Lexus GS Sedan 2000-2004,SD1,本轮增量研究,https://global.toyota/jp/newsroom/lexus/32231442.html
RU,Lexus GS Sedan 2004-2007,SD1,本轮增量研究,https://global.toyota/jp/newsroom/lexus/32231442.html
RU,Lexus GS Sedan 2007-2011,SD1,本轮增量研究,https://global.toyota/jp/newsroom/lexus/32231442.html
RU,Lexus GS Sedan 2011-2015,SD1,本轮增量研究,https://global.toyota/jp/newsroom/lexus/32231442.html
RU,Lexus GS Sedan 2015-2020,SD1,本轮增量研究,https://global.toyota/jp/newsroom/lexus/32231442.html
RU,Lexus LS Long Sedan 2006-2009,SD1,缓存精确继承,https://global.toyota/en/detail/19202496
RU,Lexus LS Long Sedan 2009-2012,SD1,缓存精确继承,https://global.toyota/en/detail/19202496
RU,Lexus LS Long Sedan 2012-2017,SD1,缓存精确继承,https://global.toyota/en/detail/19202496
RU,Lexus LS Sedan 1989-1994,SD1,缓存精确继承,https://global.toyota/en/detail/19202496
RU,Lexus LS Sedan 1994-2000,SD1,缓存精确继承,https://global.toyota/en/detail/19202496
RU,Lexus LS Sedan 2000-2003,SD1,缓存精确继承,https://global.toyota/en/detail/19202496
RU,Lexus LS Sedan 2003-2006,SD1,缓存精确继承,https://global.toyota/en/detail/19202496
RU,Lexus LS Sedan 2006-2009,SD1,缓存精确继承,https://global.toyota/en/detail/19202496
RU,Lexus LS Sedan 2009-2012,SD1,缓存精确继承,https://global.toyota/en/detail/19202496
RU,Lexus LS Sedan 2012-2017,SD1,缓存精确继承,https://global.toyota/en/detail/19202496
RU,Lexus LS Sedan 2017-2021,SD1,缓存精确继承,https://global.toyota/en/detail/19202496
RU,Lexus LS Sedan 2021-2026,SD1,缓存精确继承,https://global.toyota/en/detail/19202496
RU,Nissan Altima Coupe 2006-2009,SD1,缓存精确继承,车形分类核定/cache/model_shape_cache.csv
RU,Nissan Altima Coupe 2009-2013,SD1,缓存精确继承,车形分类核定/cache/model_shape_cache.csv
RU,Nissan Altima Sedan 1992-1997,SD1,缓存精确继承,车形分类核定/cache/model_shape_cache.csv
RU,Nissan Altima Sedan 1997-1999,SD1,缓存精确继承,车形分类核定/cache/model_shape_cache.csv
RU,Nissan Altima Sedan 1999-2001,SD1,缓存精确继承,车形分类核定/cache/model_shape_cache.csv
RU,Nissan Altima Sedan 2001-2004,SD1,缓存精确继承,车形分类核定/cache/model_shape_cache.csv
RU,Nissan Altima Sedan 2004-2006,SD1,缓存精确继承,车形分类核定/cache/model_shape_cache.csv
RU,Nissan Altima Sedan 2006-2009,SD1,缓存精确继承,车形分类核定/cache/model_shape_cache.csv
RU,Nissan Altima Sedan 2009-2013,SD1,缓存精确继承,车形分类核定/cache/model_shape_cache.csv
RU,Nissan Altima Sedan 2012-2015,SD1,缓存精确继承,车形分类核定/cache/model_shape_cache.csv
RU,Nissan Altima Sedan 2015-2018,SD1,缓存精确继承,车形分类核定/cache/model_shape_cache.csv
RU,Nissan Altima Sedan 2018-2022,SD1,缓存精确继承,车形分类核定/cache/model_shape_cache.csv
RU,Nissan Altima Sedan 2022-2026,SD1,缓存精确继承,车形分类核定/cache/model_shape_cache.csv
RU,Nissan Cube MPV 1998-2000,H1,缓存精确继承,车形分类核定/cache/model_shape_cache.csv
RU,Nissan Cube MPV 2000-2002,H1,缓存精确继承,车形分类核定/cache/model_shape_cache.csv
RU,Nissan Cube MPV 2002-2008,H1,缓存精确继承,车形分类核定/cache/model_shape_cache.csv
RU,Nissan Cube MPV 2008-2020,H1,缓存精确继承,车形分类核定/cache/model_shape_cache.csv
RU,Nissan Frontier Long Pickup 2009-2021 Crew,P0,缓存精确继承,https://usa.nissannews.com/en-US/releases/2022-nissan-frontier-press-kit
RU,Nissan Frontier Pickup 2009-2021 Crew,P0,缓存精确继承,https://usa.nissannews.com/en-US/releases/2022-nissan-frontier-press-kit
RU,Nissan Frontier Pickup 2009-2021 King,P0,缓存精确继承,https://usa.nissannews.com/en-US/releases/2022-nissan-frontier-press-kit
RU,Nissan Frontier Pickup 2021-2024 Crew,P0,缓存精确继承,https://usa.nissannews.com/en-US/releases/2022-nissan-frontier-press-kit
RU,Nissan Frontier Pickup 2021-2024 King,P0,缓存精确继承,https://usa.nissannews.com/en-US/releases/2022-nissan-frontier-press-kit
RU,Nissan Frontier Pickup 2025-2026 Crew,P0,缓存精确继承,https://usa.nissannews.com/en-US/releases/2022-nissan-frontier-press-kit
RU,Nissan GT-R Coupe 2007-2011,SD0,本轮增量研究,https://global.nissannews.com/en/releases/release-d7e4ecd11a3301770049acecdc00031c-nissan-unveils-gt-r-proto-at-tokyo-motor-show
RU,Nissan GT-R Coupe 2010-2014,SD0,本轮增量研究,https://global.nissannews.com/en/releases/release-d7e4ecd11a3301770049acecdc00031c-nissan-unveils-gt-r-proto-at-tokyo-motor-show
RU,Nissan GT-R Coupe 2013-2016,SD0,本轮增量研究,https://global.nissannews.com/en/releases/release-d7e4ecd11a3301770049acecdc00031c-nissan-unveils-gt-r-proto-at-tokyo-motor-show
RU,Nissan GT-R Coupe 2016-2023,SD0,本轮增量研究,https://global.nissannews.com/en/releases/release-d7e4ecd11a3301770049acecdc00031c-nissan-unveils-gt-r-proto-at-tokyo-motor-show
RU,Nissan GT-R Coupe 2023-2025,SD0,本轮增量研究,https://global.nissannews.com/en/releases/release-d7e4ecd11a3301770049acecdc00031c-nissan-unveils-gt-r-proto-at-tokyo-motor-show
RU,Nissan GT-R Nismo Coupe 2013-2016,SD0,本轮增量研究,https://global.nissannews.com/en/releases/release-d7e4ecd11a3301770049acecdc00031c-nissan-unveils-gt-r-proto-at-tokyo-motor-show
RU,Nissan GT-R Nismo Coupe 2016-2023,SD0,本轮增量研究,https://global.nissannews.com/en/releases/release-d7e4ecd11a3301770049acecdc00031c-nissan-unveils-gt-r-proto-at-tokyo-motor-show
RU,Nissan GT-R Nismo Coupe 2023-2025,SD0,本轮增量研究,https://global.nissannews.com/en/releases/release-d7e4ecd11a3301770049acecdc00031c-nissan-unveils-gt-r-proto-at-tokyo-motor-show
RU,Opel Senator Sedan 1978-1987,SD1,本轮增量研究,https://www.media.stellantis.com/es-es/opel/press/la-progresion-de-opel-del-lutzmann-de-1899-al-nuevo-opel-corsa-e-de-2020
RU,Opel Senator Sedan 1987-1993,SD1,本轮增量研究,https://www.media.stellantis.com/es-es/opel/press/la-progresion-de-opel-del-lutzmann-de-1899-al-nuevo-opel-corsa-e-de-2020
RU,Peugeot 605 Sedan 1989-1999,SD1,缓存精确继承,https://www.media.stellantis.com/it-it/peugeot/press-category/heritage-605
RU,Porsche 911 Convertible 1988-1994,SD0,缓存精确继承,https://files.porsche.com/filestore/download/usa/en-us/modelseries-911-carrera-models/default/ab44b2a7-4f30-11ea-80c8-005056bbdc38/911-Carrera-Models.pdf
RU,Porsche 911 Convertible 1993-1998,SD0,缓存精确继承,https://files.porsche.com/filestore/download/usa/en-us/modelseries-911-carrera-models/default/ab44b2a7-4f30-11ea-80c8-005056bbdc38/911-Carrera-Models.pdf
RU,Porsche 911 Convertible 1997-2001,SD0,缓存精确继承,https://files.porsche.com/filestore/download/usa/en-us/modelseries-911-carrera-models/default/ab44b2a7-4f30-11ea-80c8-005056bbdc38/911-Carrera-Models.pdf
RU,Porsche 911 Convertible 2000-2005,SD0,缓存精确继承,https://files.porsche.com/filestore/download/usa/en-us/modelseries-911-carrera-models/default/ab44b2a7-4f30-11ea-80c8-005056bbdc38/911-Carrera-Models.pdf
RU,Porsche 911 Convertible 2004-2009,SD0,缓存精确继承,https://files.porsche.com/filestore/download/usa/en-us/modelseries-911-carrera-models/default/ab44b2a7-4f30-11ea-80c8-005056bbdc38/911-Carrera-Models.pdf
RU,Porsche 911 Convertible 2008-2012,SD0,缓存精确继承,https://files.porsche.com/filestore/download/usa/en-us/modelseries-911-carrera-models/default/ab44b2a7-4f30-11ea-80c8-005056bbdc38/911-Carrera-Models.pdf
RU,Porsche 911 Convertible 2011-2015,SD0,缓存精确继承,https://files.porsche.com/filestore/download/usa/en-us/modelseries-911-carrera-models/default/ab44b2a7-4f30-11ea-80c8-005056bbdc38/911-Carrera-Models.pdf
RU,Porsche 911 Convertible 2015-2019,SD0,缓存精确继承,https://files.porsche.com/filestore/download/usa/en-us/modelseries-911-carrera-models/default/ab44b2a7-4f30-11ea-80c8-005056bbdc38/911-Carrera-Models.pdf
RU,Porsche 911 Convertible 2018-2025,SD0,缓存精确继承,https://files.porsche.com/filestore/download/usa/en-us/modelseries-911-carrera-models/default/ab44b2a7-4f30-11ea-80c8-005056bbdc38/911-Carrera-Models.pdf
RU,Porsche 911 Convertible 2024-2026,SD0,缓存精确继承,https://files.porsche.com/filestore/download/usa/en-us/modelseries-911-carrera-models/default/ab44b2a7-4f30-11ea-80c8-005056bbdc38/911-Carrera-Models.pdf
RU,Porsche 911 Coupe 1963-1973,SD0,缓存精确继承,https://files.porsche.com/filestore/download/usa/en-us/modelseries-911-carrera-models/default/ab44b2a7-4f30-11ea-80c8-005056bbdc38/911-Carrera-Models.pdf
RU,Porsche 911 Coupe 1973-1989,SD0,缓存精确继承,https://files.porsche.com/filestore/download/usa/en-us/modelseries-911-carrera-models/default/ab44b2a7-4f30-11ea-80c8-005056bbdc38/911-Carrera-Models.pdf
RU,Porsche 911 Coupe 1988-1994,SD0,缓存精确继承,https://files.porsche.com/filestore/download/usa/en-us/modelseries-911-carrera-models/default/ab44b2a7-4f30-11ea-80c8-005056bbdc38/911-Carrera-Models.pdf
RU,Porsche 911 Coupe 1993-1998,SD0,缓存精确继承,https://files.porsche.com/filestore/download/usa/en-us/modelseries-911-carrera-models/default/ab44b2a7-4f30-11ea-80c8-005056bbdc38/911-Carrera-Models.pdf
RU,Porsche 911 Coupe 1997-2001,SD0,缓存精确继承,https://files.porsche.com/filestore/download/usa/en-us/modelseries-911-carrera-models/default/ab44b2a7-4f30-11ea-80c8-005056bbdc38/911-Carrera-Models.pdf
RU,Porsche 911 Coupe 2000-2005,SD0,缓存精确继承,https://files.porsche.com/filestore/download/usa/en-us/modelseries-911-carrera-models/default/ab44b2a7-4f30-11ea-80c8-005056bbdc38/911-Carrera-Models.pdf
RU,Porsche 911 Coupe 2004-2009,SD0,缓存精确继承,https://files.porsche.com/filestore/download/usa/en-us/modelseries-911-carrera-models/default/ab44b2a7-4f30-11ea-80c8-005056bbdc38/911-Carrera-Models.pdf
RU,Porsche 911 Coupe 2008-2012,SD0,缓存精确继承,https://files.porsche.com/filestore/download/usa/en-us/modelseries-911-carrera-models/default/ab44b2a7-4f30-11ea-80c8-005056bbdc38/911-Carrera-Models.pdf
RU,Porsche 911 Coupe 2011-2015,SD0,缓存精确继承,https://files.porsche.com/filestore/download/usa/en-us/modelseries-911-carrera-models/default/ab44b2a7-4f30-11ea-80c8-005056bbdc38/911-Carrera-Models.pdf
RU,Porsche 911 Coupe 2015-2019,SD0,缓存精确继承,https://files.porsche.com/filestore/download/usa/en-us/modelseries-911-carrera-models/default/ab44b2a7-4f30-11ea-80c8-005056bbdc38/911-Carrera-Models.pdf
RU,Porsche 911 Coupe 2018-2025,SD0,缓存精确继承,https://files.porsche.com/filestore/download/usa/en-us/modelseries-911-carrera-models/default/ab44b2a7-4f30-11ea-80c8-005056bbdc38/911-Carrera-Models.pdf
RU,Porsche 911 Coupe 2024-2026,SD0,缓存精确继承,https://files.porsche.com/filestore/download/usa/en-us/modelseries-911-carrera-models/default/ab44b2a7-4f30-11ea-80c8-005056bbdc38/911-Carrera-Models.pdf
RU,Porsche 911 Dakar Coupe 2018-2025,SD0,缓存精确继承,https://files.porsche.com/filestore/download/usa/en-us/modelseries-911-carrera-models/default/ab44b2a7-4f30-11ea-80c8-005056bbdc38/911-Carrera-Models.pdf
RU,Porsche 911 Roadster 1973-1989,SD0,缓存精确继承,https://files.porsche.com/filestore/download/usa/en-us/modelseries-911-carrera-models/default/ab44b2a7-4f30-11ea-80c8-005056bbdc38/911-Carrera-Models.pdf
RU,Porsche 911 Targa 1963-1973,SD0,缓存精确继承,https://files.porsche.com/filestore/download/usa/en-us/modelseries-911-carrera-models/default/ab44b2a7-4f30-11ea-80c8-005056bbdc38/911-Carrera-Models.pdf
RU,Porsche 911 Targa 1973-1989,SD0,缓存精确继承,https://files.porsche.com/filestore/download/usa/en-us/modelseries-911-carrera-models/default/ab44b2a7-4f30-11ea-80c8-005056bbdc38/911-Carrera-Models.pdf
RU,Porsche 911 Targa 1988-1994,SD0,缓存精确继承,https://files.porsche.com/filestore/download/usa/en-us/modelseries-911-carrera-models/default/ab44b2a7-4f30-11ea-80c8-005056bbdc38/911-Carrera-Models.pdf
RU,Porsche 911 Targa 1993-1998,SD0,缓存精确继承,https://files.porsche.com/filestore/download/usa/en-us/modelseries-911-carrera-models/default/ab44b2a7-4f30-11ea-80c8-005056bbdc38/911-Carrera-Models.pdf
RU,Porsche 911 Targa 2000-2005,SD0,缓存精确继承,https://files.porsche.com/filestore/download/usa/en-us/modelseries-911-carrera-models/default/ab44b2a7-4f30-11ea-80c8-005056bbdc38/911-Carrera-Models.pdf
RU,Porsche 911 Targa 2004-2009,SD0,缓存精确继承,https://files.porsche.com/filestore/download/usa/en-us/modelseries-911-carrera-models/default/ab44b2a7-4f30-11ea-80c8-005056bbdc38/911-Carrera-Models.pdf
RU,Porsche 911 Targa 2008-2012,SD0,缓存精确继承,https://files.porsche.com/filestore/download/usa/en-us/modelseries-911-carrera-models/default/ab44b2a7-4f30-11ea-80c8-005056bbdc38/911-Carrera-Models.pdf
RU,Porsche 911 Targa 2011-2015,SD0,缓存精确继承,https://files.porsche.com/filestore/download/usa/en-us/modelseries-911-carrera-models/default/ab44b2a7-4f30-11ea-80c8-005056bbdc38/911-Carrera-Models.pdf
RU,Porsche 911 Targa 2015-2019,SD0,缓存精确继承,https://files.porsche.com/filestore/download/usa/en-us/modelseries-911-carrera-models/default/ab44b2a7-4f30-11ea-80c8-005056bbdc38/911-Carrera-Models.pdf
RU,Porsche 911 Targa 2018-2025,SD0,缓存精确继承,https://files.porsche.com/filestore/download/usa/en-us/modelseries-911-carrera-models/default/ab44b2a7-4f30-11ea-80c8-005056bbdc38/911-Carrera-Models.pdf
RU,Porsche 911 Targa 2024-2026,SD0,缓存精确继承,https://files.porsche.com/filestore/download/usa/en-us/modelseries-911-carrera-models/default/ab44b2a7-4f30-11ea-80c8-005056bbdc38/911-Carrera-Models.pdf
RU,Porsche Cayman Coupe 2005-2009,SD0,本轮增量研究,https://newsroom.porsche.com/it/ppdb/2016/04/motore-turbo-a-quattro-cilindri-e-maggiore-potenza-la-nuova-porsche-718-cayman.html
RU,Porsche Cayman Coupe 2009-2012,SD0,本轮增量研究,https://newsroom.porsche.com/it/ppdb/2016/04/motore-turbo-a-quattro-cilindri-e-maggiore-potenza-la-nuova-porsche-718-cayman.html
RU,Porsche Cayman Coupe 2013-2016,SD0,本轮增量研究,https://newsroom.porsche.com/it/ppdb/2016/04/motore-turbo-a-quattro-cilindri-e-maggiore-potenza-la-nuova-porsche-718-cayman.html
RU,Porsche Cayman Coupe 2016-2025,SD0,本轮增量研究,https://newsroom.porsche.com/it/ppdb/2016/04/motore-turbo-a-quattro-cilindri-e-maggiore-potenza-la-nuova-porsche-718-cayman.html
RU,Porsche Taycan Cross Turismo Wagon 5-door 2019-2024,SD0,缓存精确继承,车形分类核定/cache/model_shape_cache.csv
RU,Porsche Taycan Cross Turismo Wagon 5-door 2024-2026,SD0,缓存精确继承,车形分类核定/cache/model_shape_cache.csv
RU,Porsche Taycan Sedan 2019-2024,SD0,缓存精确继承,车形分类核定/cache/model_shape_cache.csv
RU,Porsche Taycan Sedan 2024-2026,SD0,缓存精确继承,车形分类核定/cache/model_shape_cache.csv
RU,Porsche Taycan Sport Turismo Wagon 5-door 2019-2024,SD0,缓存精确继承,车形分类核定/cache/model_shape_cache.csv
RU,Porsche Taycan Sport Turismo Wagon 5-door 2024-2026,SD0,缓存精确继承,车形分类核定/cache/model_shape_cache.csv
RU,Ram 1500 Arctic Trucks Pickup 2018-2024 Double,P0,缓存精确继承,车形分类核定/cache/model_shape_cache.csv
RU,Ram 1500 Pickup 2011-2024 Crew,P0,缓存精确继承,车形分类核定/cache/model_shape_cache.csv
RU,Ram 1500 Pickup 2011-2024 Quad,P0,缓存精确继承,车形分类核定/cache/model_shape_cache.csv
RU,Ram 1500 Pickup 2011-2024 Regular,P0,缓存精确继承,车形分类核定/cache/model_shape_cache.csv
RU,Ram 1500 Pickup 2018-2024 Crew,P0,缓存精确继承,车形分类核定/cache/model_shape_cache.csv
RU,Ram 1500 Pickup 2018-2024 Quad,P0,缓存精确继承,车形分类核定/cache/model_shape_cache.csv
RU,Ram 1500 Pickup 2024-2026 Crew,P0,缓存精确继承,车形分类核定/cache/model_shape_cache.csv
RU,Ram 1500 Pickup 2024-2026 Quad,P0,缓存精确继承,车形分类核定/cache/model_shape_cache.csv
RU,Ram 1500 RHO Pickup 2024-2026 Double,P2,缓存精确继承,车形分类核定/cache/model_shape_cache.csv
RU,Ram 1500 SRT TRX Pickup 2024-2026 Double,P2,缓存精确继承,车形分类核定/cache/model_shape_cache.csv
RU,Ram 1500 TRX Pickup 2018-2024 Crew,P2,缓存精确继承,车形分类核定/cache/model_shape_cache.csv
RU,Rivian R1T Pickup 2021-2026 Double,P0,缓存精确继承,https://rivian.com/en-US/demo-drive/book
RU,SEAT Alhambra MPV 1996-2000,V0,缓存精确继承,https://www.seat.com/content/dam/public/seat-website/car-shopping-tools/brochure-download/brochures/alhambra/cars-specs-brochure-711-NA-december-2018.pdf
RU,SEAT Alhambra MPV 2000-2010,V0,缓存精确继承,https://www.seat.com/content/dam/public/seat-website/car-shopping-tools/brochure-download/brochures/alhambra/cars-specs-brochure-711-NA-december-2018.pdf
RU,SEAT Alhambra MPV 2010-2015,V0,缓存精确继承,https://www.seat.com/content/dam/public/seat-website/car-shopping-tools/brochure-download/brochures/alhambra/cars-specs-brochure-711-NA-december-2018.pdf
RU,SEAT Alhambra MPV 2015-2020,V0,缓存精确继承,https://www.seat.com/content/dam/public/seat-website/car-shopping-tools/brochure-download/brochures/alhambra/cars-specs-brochure-711-NA-december-2018.pdf
RU,Scion xB MPV 2003-2007,H1,缓存精确继承,车形分类核定/cache/model_shape_cache.csv
RU,Scion xB MPV 2007-2010,H1,缓存精确继承,车形分类核定/cache/model_shape_cache.csv
RU,Scion xB MPV 2010-2015,H1,缓存精确继承,车形分类核定/cache/model_shape_cache.csv
RU,Tesla Model 3 Sedan 2017-2023,SD1,缓存精确继承,车形分类核定/cache/model_shape_cache.csv
RU,Tesla Model 3 Sedan 2023-2026,SD1,缓存精确继承,车形分类核定/cache/model_shape_cache.csv
RU,Toyota Camry Celica Camry Sedan 1980-1982,SD1,缓存精确继承,车形分类核定/cache/model_shape_cache.csv
RU,Toyota Camry Gracia Sedan 1996-2000,SD1,缓存精确继承,车形分类核定/cache/model_shape_cache.csv
RU,Toyota Camry Gracia Wagon 5-door 1996-2000,SD1,缓存精确继承,车形分类核定/cache/model_shape_cache.csv
RU,Toyota Camry Gracia Wagon 5-door 1999-2002,SD1,缓存精确继承,车形分类核定/cache/model_shape_cache.csv
RU,Toyota Camry Japan Market Sedan 2011-2014,SD1,缓存精确继承,车形分类核定/cache/model_shape_cache.csv
RU,Toyota Camry Liftback 1982-1988,SD1,缓存精确继承,车形分类核定/cache/model_shape_cache.csv
RU,Toyota Camry Sedan 1982-1988,SD1,缓存精确继承,车形分类核定/cache/model_shape_cache.csv
RU,Toyota Camry Sedan 1986-1991,SD1,缓存精确继承,车形分类核定/cache/model_shape_cache.csv
RU,Toyota Camry Sedan 1990-1994,SD1,缓存精确继承,车形分类核定/cache/model_shape_cache.csv
RU,Toyota Camry Sedan 1991-1997,SD1,缓存精确继承,车形分类核定/cache/model_shape_cache.csv
RU,Toyota Camry Sedan 1994-1998,SD1,缓存精确继承,车形分类核定/cache/model_shape_cache.csv
RU,Toyota Camry Sedan 1996-2000,SD1,缓存精确继承,车形分类核定/cache/model_shape_cache.csv
RU,Toyota Camry Sedan 1999-2002,SD1,缓存精确继承,车形分类核定/cache/model_shape_cache.csv
RU,Toyota Camry Sedan 2001-2004,SD1,缓存精确继承,车形分类核定/cache/model_shape_cache.csv
RU,Toyota Camry Sedan 2004-2006,SD1,缓存精确继承,车形分类核定/cache/model_shape_cache.csv
RU,Toyota Camry Sedan 2006-2009,SD1,缓存精确继承,车形分类核定/cache/model_shape_cache.csv
RU,Toyota Camry Sedan 2009-2011,SD1,缓存精确继承,车形分类核定/cache/model_shape_cache.csv
RU,Toyota Camry Sedan 2011-2014,SD1,缓存精确继承,车形分类核定/cache/model_shape_cache.csv
RU,Toyota Camry Sedan 2014-2017,SD1,缓存精确继承,车形分类核定/cache/model_shape_cache.csv
RU,Toyota Camry Sedan 2017-2018,SD1,缓存精确继承,车形分类核定/cache/model_shape_cache.csv
RU,Toyota Camry Sedan 2017-2021,SD1,缓存精确继承,车形分类核定/cache/model_shape_cache.csv
RU,Toyota Camry Sedan 2020-2025,SD1,缓存精确继承,车形分类核定/cache/model_shape_cache.csv
RU,Toyota Camry Sedan 2023-2026,SD1,缓存精确继承,车形分类核定/cache/model_shape_cache.csv
RU,Toyota Camry Sedan 2024-2026,SD1,缓存精确继承,车形分类核定/cache/model_shape_cache.csv
RU,Toyota Camry US Market Sedan 2011-2014,SD1,缓存精确继承,车形分类核定/cache/model_shape_cache.csv
RU,Toyota Camry US Market Sedan 2014-2017,SD1,缓存精确继承,车形分类核定/cache/model_shape_cache.csv
RU,Toyota Camry Wagon 5-door 1986-1991,SD1,缓存精确继承,车形分类核定/cache/model_shape_cache.csv
RU,Toyota Camry Wagon 5-door 1991-1997,SD1,缓存精确继承,车形分类核定/cache/model_shape_cache.csv
RU,Toyota Corolla Axio Sedan 2006-2010,H0,缓存精确继承,车形分类核定/cache/model_shape_cache.csv
RU,Toyota Corolla Axio Sedan 2008-2013,H0,缓存精确继承,车形分类核定/cache/model_shape_cache.csv
RU,Toyota Corolla Axio Sedan 2012-2016,H0,缓存精确继承,车形分类核定/cache/model_shape_cache.csv
RU,Toyota Corolla Axio Sedan 2015-2019,H0,缓存精确继承,车形分类核定/cache/model_shape_cache.csv
RU,Toyota Corolla Axio Sedan 2017-2025,H0,缓存精确继承,车形分类核定/cache/model_shape_cache.csv
RU,Toyota Corolla Ceres Sedan 1991-2002,H0,缓存精确继承,车形分类核定/cache/model_shape_cache.csv
RU,Toyota Corolla Coupe 1966-1970,H0,缓存精确继承,车形分类核定/cache/model_shape_cache.csv
RU,Toyota Corolla Coupe 1970-1974,H0,缓存精确继承,车形分类核定/cache/model_shape_cache.csv
RU,Toyota Corolla Coupe 1972-1980,H0,缓存精确继承,车形分类核定/cache/model_shape_cache.csv
RU,Toyota Corolla Coupe 1983-1988,H0,缓存精确继承,车形分类核定/cache/model_shape_cache.csv
RU,Toyota Corolla Coupe 1987-1993,H0,缓存精确继承,车形分类核定/cache/model_shape_cache.csv
RU,Toyota Corolla FX Hatchback 3-door 1983-1988,H0,缓存精确继承,车形分类核定/cache/model_shape_cache.csv
RU,Toyota Corolla Fielder Wagon 5-door 2000-2004,H0,缓存精确继承,车形分类核定/cache/model_shape_cache.csv
RU,Toyota Corolla Fielder Wagon 5-door 2003-2007,H0,缓存精确继承,车形分类核定/cache/model_shape_cache.csv
RU,Toyota Corolla Fielder Wagon 5-door 2006-2010,H0,缓存精确继承,车形分类核定/cache/model_shape_cache.csv
RU,Toyota Corolla Fielder Wagon 5-door 2008-2013,H0,缓存精确继承,车形分类核定/cache/model_shape_cache.csv
RU,Toyota Corolla Fielder Wagon 5-door 2012-2016,H0,缓存精确继承,车形分类核定/cache/model_shape_cache.csv
RU,Toyota Corolla Fielder Wagon 5-door 2015-2019,H0,缓存精确继承,车形分类核定/cache/model_shape_cache.csv
RU,Toyota Corolla Fielder Wagon 5-door 2017-2025,H0,缓存精确继承,车形分类核定/cache/model_shape_cache.csv
RU,Toyota Corolla GR Hatchback 5-door 2018-2026,H0,缓存精确继承,车形分类核定/cache/model_shape_cache.csv
RU,Toyota Corolla GR Hatchback 5-door 2022-2026,H0,缓存精确继承,车形分类核定/cache/model_shape_cache.csv
RU,Toyota Corolla Hatchback 3-door 1979-1987,H0,缓存精确继承,车形分类核定/cache/model_shape_cache.csv
RU,Toyota Corolla Hatchback 3-door 1983-1988,H0,缓存精确继承,车形分类核定/cache/model_shape_cache.csv
RU,Toyota Corolla Hatchback 3-door 1987-1993,H0,缓存精确继承,车形分类核定/cache/model_shape_cache.csv
RU,Toyota Corolla Hatchback 3-door 1991-2002,H0,缓存精确继承,车形分类核定/cache/model_shape_cache.csv
RU,Toyota Corolla Hatchback 3-door 1995-2000,H0,缓存精确继承,车形分类核定/cache/model_shape_cache.csv
RU,Toyota Corolla Hatchback 3-door 1997-2002,H0,缓存精确继承,车形分类核定/cache/model_shape_cache.csv
RU,Toyota Corolla Hatchback 3-door 2000-2004,H0,缓存精确继承,车形分类核定/cache/model_shape_cache.csv
RU,Toyota Corolla Hatchback 3-door 2003-2007,H0,缓存精确继承,车形分类核定/cache/model_shape_cache.csv
RU,Toyota Corolla Hatchback 5-door 1983-1988,H0,缓存精确继承,车形分类核定/cache/model_shape_cache.csv
RU,Toyota Corolla Hatchback 5-door 1987-1993,H0,缓存精确继承,车形分类核定/cache/model_shape_cache.csv
RU,Toyota Corolla Hatchback 5-door 1991-2002,H0,缓存精确继承,车形分类核定/cache/model_shape_cache.csv
RU,Toyota Corolla Hatchback 5-door 2000-2004,H0,缓存精确继承,车形分类核定/cache/model_shape_cache.csv
RU,Toyota Corolla Hatchback 5-door 2003-2007,H0,缓存精确继承,车形分类核定/cache/model_shape_cache.csv
RU,Toyota Corolla Hatchback 5-door 2018-2026,H0,缓存精确继承,车形分类核定/cache/model_shape_cache.csv
RU,Toyota Corolla Hatchback 5-door 2022-2026,H0,缓存精确继承,车形分类核定/cache/model_shape_cache.csv
RU,Toyota Corolla Liftback 1972-1980,H0,缓存精确继承,车形分类核定/cache/model_shape_cache.csv
RU,Toyota Corolla Liftback 1987-1993,H0,缓存精确继承,车形分类核定/cache/model_shape_cache.csv
RU,Toyota Corolla Liftback 1991-2002,H0,缓存精确继承,车形分类核定/cache/model_shape_cache.csv
RU,Toyota Corolla Liftback 1995-2000,H0,缓存精确继承,车形分类核定/cache/model_shape_cache.csv
RU,Toyota Corolla Liftback 1997-2002,H0,缓存精确继承,车形分类核定/cache/model_shape_cache.csv
RU,Toyota Corolla Runx Hatchback 5-door 2000-2004,H0,缓存精确继承,车形分类核定/cache/model_shape_cache.csv
RU,Toyota Corolla Runx Hatchback 5-door 2003-2007,H0,缓存精确继承,车形分类核定/cache/model_shape_cache.csv
RU,Toyota Corolla Sedan 1966-1970,H0,缓存精确继承,车形分类核定/cache/model_shape_cache.csv
RU,Toyota Corolla Sedan 1970-1974,H0,缓存精确继承,车形分类核定/cache/model_shape_cache.csv
RU,Toyota Corolla Sedan 1972-1980,H0,缓存精确继承,车形分类核定/cache/model_shape_cache.csv
RU,Toyota Corolla Sedan 1979-1987,H0,缓存精确继承,车形分类核定/cache/model_shape_cache.csv
RU,Toyota Corolla Sedan 1983-1988,H0,缓存精确继承,车形分类核定/cache/model_shape_cache.csv
RU,Toyota Corolla Sedan 1987-1993,H0,缓存精确继承,车形分类核定/cache/model_shape_cache.csv
RU,Toyota Corolla Sedan 1991-2002,H0,缓存精确继承,车形分类核定/cache/model_shape_cache.csv
RU,Toyota Corolla Sedan 1995-2000,H0,缓存精确继承,车形分类核定/cache/model_shape_cache.csv
RU,Toyota Corolla Sedan 1997-2002,H0,缓存精确继承,车形分类核定/cache/model_shape_cache.csv
RU,Toyota Corolla Sedan 2000-2004,H0,缓存精确继承,车形分类核定/cache/model_shape_cache.csv
RU,Toyota Corolla Sedan 2003-2007,H0,缓存精确继承,车形分类核定/cache/model_shape_cache.csv
RU,Toyota Corolla Sedan 2006-2010,H0,缓存精确继承,车形分类核定/cache/model_shape_cache.csv
RU,Toyota Corolla Sedan 2008-2013,H0,缓存精确继承,车形分类核定/cache/model_shape_cache.csv
RU,Toyota Corolla Sedan 2012-2016,H0,缓存精确继承,车形分类核定/cache/model_shape_cache.csv
RU,Toyota Corolla Sedan 2015-2019,H0,缓存精确继承,车形分类核定/cache/model_shape_cache.csv
RU,Toyota Corolla Sedan 2018-2026,H0,缓存精确继承,车形分类核定/cache/model_shape_cache.csv
RU,Toyota Corolla Sedan 2025-2026,H0,缓存精确继承,车形分类核定/cache/model_shape_cache.csv
RU,Toyota Corolla Sporty Sedan 2018-2026,H0,缓存精确继承,车形分类核定/cache/model_shape_cache.csv
RU,Toyota Corolla Sporty Sedan 2022-2026,H0,缓存精确继承,车形分类核定/cache/model_shape_cache.csv
RU,Toyota Corolla Touring Wagon 5-door 2018-2026,H0,缓存精确继承,车形分类核定/cache/model_shape_cache.csv
RU,Toyota Corolla Touring Wagon 5-door 2022-2026,H0,缓存精确继承,车形分类核定/cache/model_shape_cache.csv
RU,Toyota Corolla Wagon 3-door 1966-1970,H0,缓存精确继承,车形分类核定/cache/model_shape_cache.csv
RU,Toyota Corolla Wagon 3-door 1970-1974,H0,缓存精确继承,车形分类核定/cache/model_shape_cache.csv
RU,Toyota Corolla Wagon 5-door 1979-1987,H0,缓存精确继承,车形分类核定/cache/model_shape_cache.csv
RU,Toyota Corolla Wagon 5-door 1987-1993,H0,缓存精确继承,车形分类核定/cache/model_shape_cache.csv
RU,Toyota Corolla Wagon 5-door 1991-2002,H0,缓存精确继承,车形分类核定/cache/model_shape_cache.csv
RU,Toyota Corolla Wagon 5-door 1995-2000,H0,缓存精确继承,车形分类核定/cache/model_shape_cache.csv
RU,Toyota Corolla Wagon 5-door 1997-2002,H0,缓存精确继承,车形分类核定/cache/model_shape_cache.csv
RU,Toyota Corolla Wagon 5-door 2000-2004,H0,缓存精确继承,车形分类核定/cache/model_shape_cache.csv
RU,Toyota Corolla Wagon 5-door 2003-2007,H0,缓存精确继承,车形分类核定/cache/model_shape_cache.csv
RU,Toyota Corolla iM Hatchback 5-door 2015-2019,H0,缓存精确继承,车形分类核定/cache/model_shape_cache.csv
RU,Toyota Sienna MPV 1997-2000,V0,缓存精确继承,车形分类核定/cache/model_shape_cache.csv
RU,Toyota Sienna MPV 2000-2003,V0,缓存精确继承,车形分类核定/cache/model_shape_cache.csv
RU,Toyota Sienna MPV 2003-2005,V0,缓存精确继承,车形分类核定/cache/model_shape_cache.csv
RU,Toyota Sienna MPV 2005-2010,V0,缓存精确继承,车形分类核定/cache/model_shape_cache.csv
RU,Toyota Sienna MPV 2010-2014,V0,缓存精确继承,车形分类核定/cache/model_shape_cache.csv
RU,Toyota Sienna MPV 2014-2017,V0,缓存精确继承,车形分类核定/cache/model_shape_cache.csv
RU,Toyota Sienna MPV 2017-2020,V0,缓存精确继承,车形分类核定/cache/model_shape_cache.csv
RU,Toyota Sienna MPV 2020-2026,V0,缓存精确继承,车形分类核定/cache/model_shape_cache.csv
RU,Toyota Tacoma Long Pickup 2015-2023 Double,P1,缓存精确继承,车形分类核定/cache/model_shape_cache.csv
RU,Toyota Tacoma Pickup 1995-2000 Extended,P1,缓存精确继承,车形分类核定/cache/model_shape_cache.csv
RU,Toyota Tacoma Pickup 1995-2000 Regular,P1,缓存精确继承,车形分类核定/cache/model_shape_cache.csv
RU,Toyota Tacoma Pickup 2000-2004 Double,P1,缓存精确继承,车形分类核定/cache/model_shape_cache.csv
RU,Toyota Tacoma Pickup 2000-2004 Extended,P1,缓存精确继承,车形分类核定/cache/model_shape_cache.csv
RU,Toyota Tacoma Pickup 2000-2004 Regular,P1,缓存精确继承,车形分类核定/cache/model_shape_cache.csv
RU,Toyota Tacoma Pickup 2004-2011 Access,P1,缓存精确继承,车形分类核定/cache/model_shape_cache.csv
RU,Toyota Tacoma Pickup 2004-2011 Double,P1,缓存精确继承,车形分类核定/cache/model_shape_cache.csv
RU,Toyota Tacoma Pickup 2004-2011 Regular,P1,缓存精确继承,车形分类核定/cache/model_shape_cache.csv
RU,Toyota Tacoma Pickup 2011-2015 Access,P1,缓存精确继承,车形分类核定/cache/model_shape_cache.csv
RU,Toyota Tacoma Pickup 2011-2015 Double,P1,缓存精确继承,车形分类核定/cache/model_shape_cache.csv
RU,Toyota Tacoma Pickup 2011-2015 Regular,P1,缓存精确继承,车形分类核定/cache/model_shape_cache.csv
RU,Toyota Tacoma Pickup 2015-2023 Double,P1,缓存精确继承,车形分类核定/cache/model_shape_cache.csv
RU,Toyota Tacoma Pickup 2015-2023 Extended,P1,缓存精确继承,车形分类核定/cache/model_shape_cache.csv
RU,Toyota Tacoma Pickup 2023-2026 Double,P1,缓存精确继承,车形分类核定/cache/model_shape_cache.csv
RU,Toyota Tacoma Pickup 2023-2026 Extended,P1,缓存精确继承,车形分类核定/cache/model_shape_cache.csv
RU,Toyota Tundra Arctic Trucks Pickup 2013-2021 Double,P0,缓存精确继承,https://pressroom.toyota.com/products/trucks/tundra/
RU,Toyota Tundra Long Bed Pickup 2013-2021 Extended,P0,缓存精确继承,https://pressroom.toyota.com/products/trucks/tundra/
RU,Toyota Tundra Pickup 1999-2002 Double,P0,缓存精确继承,https://pressroom.toyota.com/products/trucks/tundra/
RU,Toyota Tundra Pickup 1999-2002 Regular,P0,缓存精确继承,https://pressroom.toyota.com/products/trucks/tundra/
RU,Toyota Tundra Pickup 2002-2006 Double,P0,缓存精确继承,https://pressroom.toyota.com/products/trucks/tundra/
RU,Toyota Tundra Pickup 2002-2006 Regular,P0,缓存精确继承,https://pressroom.toyota.com/products/trucks/tundra/
RU,Toyota Tundra Pickup 2007-2013 CrewMax,P0,缓存精确继承,https://pressroom.toyota.com/products/trucks/tundra/
RU,Toyota Tundra Pickup 2007-2013 Double,P0,缓存精确继承,https://pressroom.toyota.com/products/trucks/tundra/
RU,Toyota Tundra Pickup 2007-2013 Regular,P0,缓存精确继承,https://pressroom.toyota.com/products/trucks/tundra/
RU,Toyota Tundra Pickup 2013-2021 CrewMax,P0,缓存精确继承,https://pressroom.toyota.com/products/trucks/tundra/
RU,Toyota Tundra Pickup 2013-2021 Double,P0,缓存精确继承,https://pressroom.toyota.com/products/trucks/tundra/
RU,Toyota Tundra Pickup 2021-2026 CrewMax,P0,缓存精确继承,https://pressroom.toyota.com/products/trucks/tundra/
RU,Toyota Tundra Pickup 2021-2026 Double,P0,缓存精确继承,https://pressroom.toyota.com/products/trucks/tundra/
RU,Volkswagen Golf Alltrack Wagon 5-door 2012-2017,H0,缓存精确继承,车形分类核定/cache/model_shape_cache.csv
RU,Volkswagen Golf Alltrack Wagon 5-door 2017-2020,H0,缓存精确继承,车形分类核定/cache/model_shape_cache.csv
RU,Volkswagen Golf Alltrack Wagon 5-door 2019-2024,H0,缓存精确继承,车形分类核定/cache/model_shape_cache.csv
RU,Volkswagen Golf Convertible 1974-1993,H0,缓存精确继承,车形分类核定/cache/model_shape_cache.csv
RU,Volkswagen Golf Convertible 1991-2000,H0,缓存精确继承,车形分类核定/cache/model_shape_cache.csv
RU,Volkswagen Golf Convertible 1997-2006,H0,缓存精确继承,车形分类核定/cache/model_shape_cache.csv
RU,Volkswagen Golf Convertible 2008-2012,H0,缓存精确继承,车形分类核定/cache/model_shape_cache.csv
RU,Volkswagen Golf Country Hatchback 5-door 1983-1992,H0,缓存精确继承,车形分类核定/cache/model_shape_cache.csv
RU,Volkswagen Golf Hatchback 3-door 1974-1993,H0,缓存精确继承,车形分类核定/cache/model_shape_cache.csv
RU,Volkswagen Golf Hatchback 3-door 1983-1992,H0,缓存精确继承,车形分类核定/cache/model_shape_cache.csv
RU,Volkswagen Golf Hatchback 3-door 1991-2000,H0,缓存精确继承,车形分类核定/cache/model_shape_cache.csv
RU,Volkswagen Golf Hatchback 3-door 1997-2006,H0,缓存精确继承,车形分类核定/cache/model_shape_cache.csv
RU,Volkswagen Golf Hatchback 3-door 2003-2009,H0,缓存精确继承,车形分类核定/cache/model_shape_cache.csv
RU,Volkswagen Golf Hatchback 3-door 2008-2012,H0,缓存精确继承,车形分类核定/cache/model_shape_cache.csv
RU,Volkswagen Golf Hatchback 3-door 2012-2017,H0,缓存精确继承,车形分类核定/cache/model_shape_cache.csv
RU,Volkswagen Golf Hatchback 5-door 1974-1993,H0,缓存精确继承,车形分类核定/cache/model_shape_cache.csv
RU,Volkswagen Golf Hatchback 5-door 1983-1992,H0,缓存精确继承,车形分类核定/cache/model_shape_cache.csv
RU,Volkswagen Golf Hatchback 5-door 1991-2000,H0,缓存精确继承,车形分类核定/cache/model_shape_cache.csv
RU,Volkswagen Golf Hatchback 5-door 1997-2006,H0,缓存精确继承,车形分类核定/cache/model_shape_cache.csv
RU,Volkswagen Golf Hatchback 5-door 2003-2009,H0,缓存精确继承,车形分类核定/cache/model_shape_cache.csv
RU,Volkswagen Golf Hatchback 5-door 2008-2012,H0,缓存精确继承,车形分类核定/cache/model_shape_cache.csv
RU,Volkswagen Golf Hatchback 5-door 2012-2017,H0,缓存精确继承,车形分类核定/cache/model_shape_cache.csv
RU,Volkswagen Golf Hatchback 5-door 2017-2020,H0,缓存精确继承,车形分类核定/cache/model_shape_cache.csv
RU,Volkswagen Golf Hatchback 5-door 2019-2024,H0,缓存精确继承,车形分类核定/cache/model_shape_cache.csv
RU,Volkswagen Golf Hatchback 5-door 2024-2026,H0,缓存精确继承,车形分类核定/cache/model_shape_cache.csv
RU,Volkswagen Golf Wagon 5-door 1991-2000,H0,缓存精确继承,车形分类核定/cache/model_shape_cache.csv
RU,Volkswagen Golf Wagon 5-door 1997-2006,H0,缓存精确继承,车形分类核定/cache/model_shape_cache.csv
RU,Volkswagen Golf Wagon 5-door 2003-2009,H0,缓存精确继承,车形分类核定/cache/model_shape_cache.csv
RU,Volkswagen Golf Wagon 5-door 2008-2012,H0,缓存精确继承,车形分类核定/cache/model_shape_cache.csv
RU,Volkswagen Golf Wagon 5-door 2012-2017,H0,缓存精确继承,车形分类核定/cache/model_shape_cache.csv
RU,Volkswagen Golf Wagon 5-door 2017-2020,H0,缓存精确继承,车形分类核定/cache/model_shape_cache.csv
RU,Volkswagen Golf Wagon 5-door 2019-2024,H0,缓存精确继承,车形分类核定/cache/model_shape_cache.csv
RU,Volkswagen Golf Wagon 5-door 2024-2026,H0,缓存精确继承,车形分类核定/cache/model_shape_cache.csv
RU,Volkswagen Tiguan Allspace SUV 5-door 2016-2021,SU1,缓存精确继承,https://www.volkswagen-newsroom.com/en/tiguan-6611
RU,Volkswagen Tiguan Allspace SUV 5-door 2020-2025,SU1,缓存精确继承,https://www.volkswagen-newsroom.com/en/tiguan-6611
RU,Volkswagen Tiguan L Pro SUV 5-door 2024-2026,SU1,缓存精确继承,https://www.volkswagen-newsroom.com/en/tiguan-6611
RU,Volkswagen Tiguan L SUV 5-door 2017-2021,SU1,缓存精确继承,https://www.volkswagen-newsroom.com/en/tiguan-6611
RU,Volkswagen Tiguan L SUV 5-door 2020-2026,SU1,缓存精确继承,https://www.volkswagen-newsroom.com/en/tiguan-6611
RU,Volkswagen Tiguan SUV 5-door 2007-2011,SU1,缓存精确继承,https://www.volkswagen-newsroom.com/en/tiguan-6611
RU,Volkswagen Tiguan SUV 5-door 2011-2018,SU1,缓存精确继承,https://www.volkswagen-newsroom.com/en/tiguan-6611
RU,Volkswagen Tiguan SUV 5-door 2016-2021,SU1,缓存精确继承,https://www.volkswagen-newsroom.com/en/tiguan-6611
RU,Volkswagen Tiguan SUV 5-door 2020-2025,SU1,缓存精确继承,https://www.volkswagen-newsroom.com/en/tiguan-6611
RU,Volkswagen Tiguan SUV 5-door 2023-2026,SU1,缓存精确继承,https://www.volkswagen-newsroom.com/en/tiguan-6611
RU,Volkswagen Tiguan SUV 5-door 2025-2026,SU1,缓存精确继承,https://www.volkswagen-newsroom.com/en/tiguan-6611
RU,Volkswagen Tiguan X SUV 5-door 2020-2026,SU1,缓存精确继承,https://www.volkswagen-newsroom.com/en/tiguan-6611
RU,Volkswagen Touran Cross L MPV 2015-2026,H1,缓存精确继承,https://www.volkswagen-newsroom.com/en/touran-3529
RU,Volkswagen Touran Cross MPV 2006-2010,H1,缓存精确继承,https://www.volkswagen-newsroom.com/en/touran-3529
RU,Volkswagen Touran Cross MPV 2010-2015,H1,缓存精确继承,https://www.volkswagen-newsroom.com/en/touran-3529
RU,Volkswagen Touran MPV 2003-2006,H1,缓存精确继承,https://www.volkswagen-newsroom.com/en/touran-3529
RU,Volkswagen Touran MPV 2006-2010,H1,缓存精确继承,https://www.volkswagen-newsroom.com/en/touran-3529
RU,Volkswagen Touran MPV 2010-2015,H1,缓存精确继承,https://www.volkswagen-newsroom.com/en/touran-3529
RU,Volkswagen Touran MPV 2015-2026,H1,缓存精确继承,https://www.volkswagen-newsroom.com/en/touran-3529
